PROTEIN_ID,WT,POS,MUT,DDG_mean,SOURCE_DATASET,UNIPROTKB,PDB_ID,MEGASCALE,UP_ID_CLEAN,FETCHED_ID,STRUCTURE_SOURCE,FILE_PATH,MAPPING_STATUS,MATCHED_CHAIN
O26594,V,92,L,1.1,ProTherm,O26594,,,O26594,O26594,AlphaFold,./pdb_files\O26594_AF.pdb,Match,A
O49003,C,450,A,-0.48,ProTherm,O49003,2V0U,,O49003,O49003,AlphaFold,./pdb_files\O49003_AF.pdb,Match,A
O61594,A,263,F,0.43,ProTherm,O61594,5CG0,,O61594,O61594,AlphaFold,./pdb_files\O61594_AF.pdb,Match,A
O61594,D,260,A,0.67,ProTherm,O61594,5CG0,,O61594,O61594,AlphaFold,./pdb_files\O61594_AF.pdb,Match,A
O61594,E,261,A,-0.53,ProTherm,O61594,5CG0,,O61594,O61594,AlphaFold,./pdb_files\O61594_AF.pdb,Match,A
O61594,E,265,A,-0.43,ProTherm,O61594,5CG0,,O61594,O61594,AlphaFold,./pdb_files\O61594_AF.pdb,Match,A
O61594,F,251,A,0.67,ProTherm,O61594,5CG0,,O61594,O61594,AlphaFold,./pdb_files\O61594_AF.pdb,Match,A
O61594,F,334,A,1.11,ProTherm,O61594,5CG0,,O61594,O61594,AlphaFold,./pdb_files\O61594_AF.pdb,Match,A
O61594,K,366,A,1.25,ProTherm,O61594,5CG0,,O61594,O61594,AlphaFold,./pdb_files\O61594_AF.pdb,Match,A
O61594,L,100,A,-0.81,ProTherm,O61594,5CG0,,O61594,O61594,AlphaFold,./pdb_files\O61594_AF.pdb,Match,A
O61594,L,335,A,0.84,ProTherm,O61594,5CG0,,O61594,O61594,AlphaFold,./pdb_files\O61594_AF.pdb,Match,A
O61594,L,350,A,0.7,ProTherm,O61594,5CG0,,O61594,O61594,AlphaFold,./pdb_files\O61594_AF.pdb,Match,A
O61594,L,389,A,-0.67,ProTherm,O61594,5CG0,,O61594,O61594,AlphaFold,./pdb_files\O61594_AF.pdb,Match,A
O61594,M,262,F,-0.53,ProTherm,O61594,5CG0,,O61594,O61594,AlphaFold,./pdb_files\O61594_AF.pdb,Match,A
O61594,N,249,A,0.94,ProTherm,O61594,5CG0,,O61594,O61594,AlphaFold,./pdb_files\O61594_AF.pdb,Match,A
O61594,N,391,A,23.21,ProTherm,O61594,5CG0,,O61594,O61594,AlphaFold,./pdb_files\O61594_AF.pdb,Match,A
O61594,S,247,A,0.05,ProTherm,O61594,5CG0,,O61594,O61594,AlphaFold,./pdb_files\O61594_AF.pdb,Match,A
O61594,S,337,F,0.75,ProTherm,O61594,5CG0,,O61594,O61594,AlphaFold,./pdb_files\O61594_AF.pdb,Match,A
O61594,S,358,A,0.63,ProTherm,O61594,5CG0,,O61594,O61594,AlphaFold,./pdb_files\O61594_AF.pdb,Match,A
O61594,V,336,F,2.14,ProTherm,O61594,5CG0,,O61594,O61594,AlphaFold,./pdb_files\O61594_AF.pdb,Match,A
O61594,Y,390,A,0.34,ProTherm,O61594,5CG0,,O61594,O61594,AlphaFold,./pdb_files\O61594_AF.pdb,Match,A
O61594,Y,420,A,1.42,ProTherm,O61594,5CG0,,O61594,O61594,AlphaFold,./pdb_files\O61594_AF.pdb,Match,A
O67206,H,515,E,2.5,COZYME,O67206,,,O67206,O67206,AlphaFold,./pdb_files\O67206_AF.pdb,Match,A
O74035,D,105,A,-1.58,ProTherm,O74035,1IO2,,O74035,O74035,AlphaFold,./pdb_files\O74035_AF.pdb,Match,A
O74035,D,135,A,-2.56,ProTherm,O74035,1IO2,,O74035,O74035,AlphaFold,./pdb_files\O74035_AF.pdb,Match,A
O74035,D,7,N,-1.67,ProTherm,O74035,1IO2,,O74035,O74035,AlphaFold,./pdb_files\O74035_AF.pdb,Match,A
O74035,E,8,A,-2.65,ProTherm,O74035,1IO2,,O74035,O74035,AlphaFold,./pdb_files\O74035_AF.pdb,Match,A
O74035,E,8,Q,-0.6,ProTherm,O74035,1IO2,,O74035,O74035,AlphaFold,./pdb_files\O74035_AF.pdb,Match,A
O74035,I,102,A,4.04,ProTherm,O74035,1IO2,,O74035,O74035,AlphaFold,./pdb_files\O74035_AF.pdb,Match,A
O74035,I,15,A,2.13,ProTherm,O74035,1IO2,,O74035,O74035,AlphaFold,./pdb_files\O74035_AF.pdb,Match,A
O74035,I,20,A,4.42,ProTherm,O74035,1IO2,,O74035,O74035,AlphaFold,./pdb_files\O74035_AF.pdb,Match,A
O74035,I,56,A,3.97,ProTherm,O74035,1IO2,,O74035,O74035,AlphaFold,./pdb_files\O74035_AF.pdb,Match,A
O74035,I,6,A,2.92,ProTherm,O74035,1IO2,,O74035,O74035,AlphaFold,./pdb_files\O74035_AF.pdb,Match,A
O74035,L,118,A,5.26,ProTherm,O74035,1IO2,,O74035,O74035,AlphaFold,./pdb_files\O74035_AF.pdb,Match,A
O74035,L,147,A,2.61,ProTherm,O74035,1IO2,,O74035,O74035,AlphaFold,./pdb_files\O74035_AF.pdb,Match,A
O74035,L,33,A,4.54,ProTherm,O74035,1IO2,,O74035,O74035,AlphaFold,./pdb_files\O74035_AF.pdb,Match,A
O74035,L,92,A,2.87,ProTherm,O74035,1IO2,,O74035,O74035,AlphaFold,./pdb_files\O74035_AF.pdb,Match,A
O75400,A,396,G,0.6,ProTherm,O75400,1UZC,,O75400,O75400,AlphaFold,./pdb_files\O75400_AF.pdb,Match,A
O75400,A,399,G,2.4,ProTherm,O75400,1UZC,,O75400,O75400,AlphaFold,./pdb_files\O75400_AF.pdb,Match,A
O75400,A,418,G,1.9,ProTherm,O75400,1UZC,,O75400,O75400,AlphaFold,./pdb_files\O75400_AF.pdb,Match,A
O75400,A,430,G,1.1,ProTherm,O75400,1UZC,,O75400,O75400,AlphaFold,./pdb_files\O75400_AF.pdb,Match,A
O75400,A,432,G,0.3,ProTherm,O75400,1UZC,,O75400,O75400,AlphaFold,./pdb_files\O75400_AF.pdb,Match,A
O75400,A,440,G,2.2,ProTherm,O75400,1UZC,,O75400,O75400,AlphaFold,./pdb_files\O75400_AF.pdb,Match,A
O75400,A,443,G,0.9,ProTherm,O75400,1UZC,,O75400,O75400,AlphaFold,./pdb_files\O75400_AF.pdb,Match,A
O75400,D,425,N,2.3,ProTherm,O75400,1UZC,,O75400,O75400,AlphaFold,./pdb_files\O75400_AF.pdb,Match,A
O75400,E,394,A,0.3,ProTherm,O75400,1UZC,,O75400,O75400,AlphaFold,./pdb_files\O75400_AF.pdb,Match,A
O75400,E,394,G,1.0,ProTherm,O75400,1UZC,,O75400,O75400,AlphaFold,./pdb_files\O75400_AF.pdb,Match,A
O75400,E,406,A,0.6,ProTherm,O75400,1UZC,,O75400,O75400,AlphaFold,./pdb_files\O75400_AF.pdb,Match,A
O75400,E,406,G,1.6,ProTherm,O75400,1UZC,,O75400,O75400,AlphaFold,./pdb_files\O75400_AF.pdb,Match,A
O75400,I,422,V,1.3,ProTherm,O75400,1UZC,,O75400,O75400,AlphaFold,./pdb_files\O75400_AF.pdb,Match,A
O75400,I,423,A,0.2,ProTherm,O75400,1UZC,,O75400,O75400,AlphaFold,./pdb_files\O75400_AF.pdb,Match,A
O75400,I,423,G,0.3,ProTherm,O75400,1UZC,,O75400,O75400,AlphaFold,./pdb_files\O75400_AF.pdb,Match,A
O75400,I,423,V,0.3,ProTherm,O75400,1UZC,,O75400,O75400,AlphaFold,./pdb_files\O75400_AF.pdb,Match,A
O75400,K,405,A,-0.1,ProTherm,O75400,1UZC,,O75400,O75400,AlphaFold,./pdb_files\O75400_AF.pdb,Match,A
O75400,K,405,G,0.8,ProTherm,O75400,1UZC,,O75400,O75400,AlphaFold,./pdb_files\O75400_AF.pdb,Match,A
O75400,K,437,A,2.1,ProTherm,O75400,1UZC,,O75400,O75400,AlphaFold,./pdb_files\O75400_AF.pdb,Match,A
O75400,L,403,A,1.0,ProTherm,O75400,1UZC,,O75400,O75400,AlphaFold,./pdb_files\O75400_AF.pdb,Match,A
O75400,L,431,A,2.9,ProTherm,O75400,1UZC,,O75400,O75400,AlphaFold,./pdb_files\O75400_AF.pdb,Match,A
O75400,M,421,A,1.6,ProTherm,O75400,1UZC,,O75400,O75400,AlphaFold,./pdb_files\O75400_AF.pdb,Match,A
O75400,N,412,G,0.4,ProTherm,O75400,1UZC,,O75400,O75400,AlphaFold,./pdb_files\O75400_AF.pdb,Match,A
O75400,P,410,G,1.1,ProTherm,O75400,1UZC,,O75400,O75400,AlphaFold,./pdb_files\O75400_AF.pdb,Match,A
O75400,P,426,G,0.9,ProTherm,O75400,1UZC,,O75400,O75400,AlphaFold,./pdb_files\O75400_AF.pdb,Match,A
O75400,Q,398,A,0.2,ProTherm,O75400,1UZC,,O75400,O75400,AlphaFold,./pdb_files\O75400_AF.pdb,Match,A
O75400,Q,398,G,1.3,ProTherm,O75400,1UZC,,O75400,O75400,AlphaFold,./pdb_files\O75400_AF.pdb,Match,A
O75400,Q,417,A,0.3,ProTherm,O75400,1UZC,,O75400,O75400,AlphaFold,./pdb_files\O75400_AF.pdb,Match,A
O75400,Q,417,G,1.6,ProTherm,O75400,1UZC,,O75400,O75400,AlphaFold,./pdb_files\O75400_AF.pdb,Match,A
O75400,Q,439,A,-0.2,ProTherm,O75400,1UZC,,O75400,O75400,AlphaFold,./pdb_files\O75400_AF.pdb,Match,A
O75400,Q,439,G,0.8,ProTherm,O75400,1UZC,,O75400,O75400,AlphaFold,./pdb_files\O75400_AF.pdb,Match,A
O75400,S,411,A,0.0,ProTherm,O75400,1UZC,,O75400,O75400,AlphaFold,./pdb_files\O75400_AF.pdb,Match,A
O75400,S,414,A,1.0,ProTherm,O75400,1UZC,,O75400,O75400,AlphaFold,./pdb_files\O75400_AF.pdb,Match,A
O75400,S,429,A,0.2,ProTherm,O75400,1UZC,,O75400,O75400,AlphaFold,./pdb_files\O75400_AF.pdb,Match,A
O75400,S,429,G,0.1,ProTherm,O75400,1UZC,,O75400,O75400,AlphaFold,./pdb_files\O75400_AF.pdb,Match,A
O75400,S,435,A,0.5,ProTherm,O75400,1UZC,,O75400,O75400,AlphaFold,./pdb_files\O75400_AF.pdb,Match,A
O75400,S,435,G,0.5,ProTherm,O75400,1UZC,,O75400,O75400,AlphaFold,./pdb_files\O75400_AF.pdb,Match,A
O75400,T,392,A,1.0,ProTherm,O75400,1UZC,,O75400,O75400,AlphaFold,./pdb_files\O75400_AF.pdb,Match,A
O75400,T,392,S,-0.1,ProTherm,O75400,1UZC,,O75400,O75400,AlphaFold,./pdb_files\O75400_AF.pdb,Match,A
O75400,V,409,A,3.3,ProTherm,O75400,1UZC,,O75400,O75400,AlphaFold,./pdb_files\O75400_AF.pdb,Match,A
O75400,V,446,A,-0.6,ProTherm,O75400,1UZC,,O75400,O75400,AlphaFold,./pdb_files\O75400_AF.pdb,Match,A
O75400,V,446,G,0.1,ProTherm,O75400,1UZC,,O75400,O75400,AlphaFold,./pdb_files\O75400_AF.pdb,Match,A
O75400,W,390,F,0.2,ProTherm,O75400,1UZC,,O75400,O75400,AlphaFold,./pdb_files\O75400_AF.pdb,Match,A
O75400,W,415,F,-0.6,ProTherm,O75400,1UZC,,O75400,O75400,AlphaFold,./pdb_files\O75400_AF.pdb,Match,A
O75400,Y,428,A,2.6,ProTherm,O75400,1UZC,,O75400,O75400,AlphaFold,./pdb_files\O75400_AF.pdb,Match,A
O75400,Y,428,F,0.3,ProTherm,O75400,1UZC,,O75400,O75400,AlphaFold,./pdb_files\O75400_AF.pdb,Match,A
O75400,Y,444,F,0.8,ProTherm,O75400,1UZC,,O75400,O75400,AlphaFold,./pdb_files\O75400_AF.pdb,Match,A
O95363,N,280,S,-0.51,ProTherm,O95363,,,O95363,O95363,AlphaFold,./pdb_files\O95363_AF.pdb,Match,A
O95363,S,57,C,-0.43,ProTherm,O95363,,,O95363,O95363,AlphaFold,./pdb_files\O95363_AF.pdb,Match,A
P00004,L,95,A,3.5,ProTherm,P00004,"1I5T, 1AKK, 1HRC",,P00004,P00004,AlphaFold,./pdb_files\P00004_AF.pdb,Match,A
P00004,L,95,I,-0.2,ProTherm,P00004,"1I5T, 1AKK, 1HRC",,P00004,P00004,AlphaFold,./pdb_files\P00004_AF.pdb,Match,A
P00004,L,95,V,0.8,ProTherm,P00004,"1I5T, 1AKK, 1HRC",,P00004,P00004,AlphaFold,./pdb_files\P00004_AF.pdb,Match,A
P00004,M,81,A,0.76,ProTherm,P00004,"1I5T, 1AKK, 1HRC",,P00004,P00004,AlphaFold,./pdb_files\P00004_AF.pdb,Match,A
P00004,T,50,V,0.22,ProTherm,P00004,"1I5T, 1AKK, 1HRC",,P00004,P00004,AlphaFold,./pdb_files\P00004_AF.pdb,Match,A
P00025,K,74,F,1.15,ProTherm,P00025,1CYC,,P00025,P00025,AlphaFold,./pdb_files\P00025_AF.pdb,Match,A
P00025,K,74,M,1.0,ProTherm,P00025,1CYC,,P00025,P00025,AlphaFold,./pdb_files\P00025_AF.pdb,Match,A
P00025,K,74,W,1.43,ProTherm,P00025,1CYC,,P00025,P00025,AlphaFold,./pdb_files\P00025_AF.pdb,Match,A
P00025,K,74,Y,1.05,ProTherm,P00025,1CYC,,P00025,P00025,AlphaFold,./pdb_files\P00025_AF.pdb,Match,A
P00044,C,108,A,-2.9,ProTherm,P00044,"1CHH, 1YCC",,P00044,P00044,AlphaFold,./pdb_files\P00044_AF.pdb,Match,A
P00044,C,108,S,-2.8,ProTherm,P00044,"1CHH, 1YCC",,P00044,P00044,AlphaFold,./pdb_files\P00044_AF.pdb,Match,A
P00044,F,88,Y,0.7,ProTherm,P00044,"1CHH, 1YCC",,P00044,P00044,AlphaFold,./pdb_files\P00044_AF.pdb,Match,A
P00044,G,12,A,3.5,ProTherm,P00044,"1CHH, 1YCC",,P00044,P00044,AlphaFold,./pdb_files\P00044_AF.pdb,Match,A
P00044,H,32,Y,1.96,ProTherm,P00044,"1CHH, 1YCC",,P00044,P00044,AlphaFold,./pdb_files\P00044_AF.pdb,Match,A
P00044,H,39,Y,0.3,ProTherm,P00044,"1CHH, 1YCC",,P00044,P00044,AlphaFold,./pdb_files\P00044_AF.pdb,Match,A
P00044,K,79,A,0.45,ProTherm,P00044,"1CHH, 1YCC",,P00044,P00044,AlphaFold,./pdb_files\P00044_AF.pdb,Match,A
P00044,K,79,G,0.74,ProTherm,P00044,"1CHH, 1YCC",,P00044,P00044,AlphaFold,./pdb_files\P00044_AF.pdb,Match,A
P00044,K,79,H,1.625,ProTherm,P00044,"1CHH, 1YCC",,P00044,P00044,AlphaFold,./pdb_files\P00044_AF.pdb,Match,A
P00044,K,79,I,1.19,ProTherm,P00044,"1CHH, 1YCC",,P00044,P00044,AlphaFold,./pdb_files\P00044_AF.pdb,Match,A
P00044,K,79,L,0.03,ProTherm,P00044,"1CHH, 1YCC",,P00044,P00044,AlphaFold,./pdb_files\P00044_AF.pdb,Match,A
P00044,K,79,R,0.03,ProTherm,P00044,"1CHH, 1YCC",,P00044,P00044,AlphaFold,./pdb_files\P00044_AF.pdb,Match,A
P00044,K,79,V,1.38,ProTherm,P00044,"1CHH, 1YCC",,P00044,P00044,AlphaFold,./pdb_files\P00044_AF.pdb,Match,A
P00044,K,79,W,1.43,ProTherm,P00044,"1CHH, 1YCC",,P00044,P00044,AlphaFold,./pdb_files\P00044_AF.pdb,Match,A
P00044,L,91,A,2.8,ProTherm,P00044,"1CHH, 1YCC",,P00044,P00044,AlphaFold,./pdb_files\P00044_AF.pdb,Match,A
P00044,N,58,A,-2.97,ProTherm,P00044,"1CHH, 1YCC",,P00044,P00044,AlphaFold,./pdb_files\P00044_AF.pdb,Match,A
P00044,N,58,F,0.06,ProTherm,P00044,"1CHH, 1YCC",,P00044,P00044,AlphaFold,./pdb_files\P00044_AF.pdb,Match,A
P00044,N,58,H,1.7,ProTherm,P00044,"1CHH, 1YCC",,P00044,P00044,AlphaFold,./pdb_files\P00044_AF.pdb,Match,A
P00044,N,58,I,-4.1,ProTherm,P00044,"1CHH, 1YCC",,P00044,P00044,AlphaFold,./pdb_files\P00044_AF.pdb,Match,A
P00044,N,58,L,-4.73,ProTherm,P00044,"1CHH, 1YCC",,P00044,P00044,AlphaFold,./pdb_files\P00044_AF.pdb,Match,A
P00044,N,58,M,-4.04,ProTherm,P00044,"1CHH, 1YCC",,P00044,P00044,AlphaFold,./pdb_files\P00044_AF.pdb,Match,A
P00044,N,58,Q,0.84,ProTherm,P00044,"1CHH, 1YCC",,P00044,P00044,AlphaFold,./pdb_files\P00044_AF.pdb,Match,A
P00044,N,58,S,0.37,ProTherm,P00044,"1CHH, 1YCC",,P00044,P00044,AlphaFold,./pdb_files\P00044_AF.pdb,Match,A
P00044,N,58,T,-1.9,ProTherm,P00044,"1CHH, 1YCC",,P00044,P00044,AlphaFold,./pdb_files\P00044_AF.pdb,Match,A
P00044,N,58,V,-2.02,ProTherm,P00044,"1CHH, 1YCC",,P00044,P00044,AlphaFold,./pdb_files\P00044_AF.pdb,Match,A
P00044,P,77,I,1.7,ProTherm,P00044,"1CHH, 1YCC",,P00044,P00044,AlphaFold,./pdb_files\P00044_AF.pdb,Match,A
P00044,P,77,T,1.7,ProTherm,P00044,"1CHH, 1YCC",,P00044,P00044,AlphaFold,./pdb_files\P00044_AF.pdb,Match,A
P00044,P,77,V,1.0,ProTherm,P00044,"1CHH, 1YCC",,P00044,P00044,AlphaFold,./pdb_files\P00044_AF.pdb,Match,A
P00044,P,82,G,0.78,ProTherm,P00044,"1CHH, 1YCC",,P00044,P00044,AlphaFold,./pdb_files\P00044_AF.pdb,Match,A
P00044,P,82,L,3.44,ProTherm,P00044,"1CHH, 1YCC",,P00044,P00044,AlphaFold,./pdb_files\P00044_AF.pdb,Match,A
P00044,P,82,R,0.97,ProTherm,P00044,"1CHH, 1YCC",,P00044,P00044,AlphaFold,./pdb_files\P00044_AF.pdb,Match,A
P00044,P,82,S,1.89,ProTherm,P00044,"1CHH, 1YCC",,P00044,P00044,AlphaFold,./pdb_files\P00044_AF.pdb,Match,A
P00044,P,82,V,1.07,ProTherm,P00044,"1CHH, 1YCC",,P00044,P00044,AlphaFold,./pdb_files\P00044_AF.pdb,Match,A
P00044,P,82,W,2.38,ProTherm,P00044,"1CHH, 1YCC",,P00044,P00044,AlphaFold,./pdb_files\P00044_AF.pdb,Match,A
P00044,P,82,Y,2.07,ProTherm,P00044,"1CHH, 1YCC",,P00044,P00044,AlphaFold,./pdb_files\P00044_AF.pdb,Match,A
P00044,V,26,C,1.1,ProTherm,P00044,"1CHH, 1YCC",,P00044,P00044,AlphaFold,./pdb_files\P00044_AF.pdb,Match,A
P00094,K,33,D,1.1,ProTherm,P00094,1C2R,,P00094,P00094,AlphaFold,./pdb_files\P00094_AF.pdb,Match,A
P00094,K,35,E,0.9,ProTherm,P00094,1C2R,,P00094,P00094,AlphaFold,./pdb_files\P00094_AF.pdb,Match,A
P00094,K,53,E,-0.4,ProTherm,P00094,1C2R,,P00094,P00094,AlphaFold,./pdb_files\P00094_AF.pdb,Match,A
P00099,E,65,Y,-1.13,ProTherm,P00099,451C,,P00099,P00099,AlphaFold,./pdb_files\P00099_AF.pdb,Match,A
P00099,F,29,A,-1.1,ProTherm,P00099,451C,,P00099,P00099,AlphaFold,./pdb_files\P00099_AF.pdb,Match,A
P00099,F,56,Y,-1.33,ProTherm,P00099,451C,,P00099,P00099,AlphaFold,./pdb_files\P00099_AF.pdb,Match,A
P00099,Q,59,R,-0.5,ProTherm,P00099,451C,,P00099,P00099,AlphaFold,./pdb_files\P00099_AF.pdb,Match,A
P00099,V,100,I,-0.775,ProTherm,P00099,451C,,P00099,P00099,AlphaFold,./pdb_files\P00099_AF.pdb,Match,A
P00099,V,35,M,-0.4,ProTherm,P00099,451C,,P00099,P00099,AlphaFold,./pdb_files\P00099_AF.pdb,Match,A
P00099,W,78,F,1.9,ProTherm,P00099,451C,,P00099,P00099,AlphaFold,./pdb_files\P00099_AF.pdb,Match,A
P00099,W,99,F,1.2,ProTherm,P00099,451C,,P00099,P00099,AlphaFold,./pdb_files\P00099_AF.pdb,Match,A
P00171,F,40,H,2.82,ProTherm,P00171,1CYO,,P00171,P00171,AlphaFold,./pdb_files\P00171_AF.pdb,Match,A
P00171,F,40,L,1.87,ProTherm,P00171,1CYO,,P00171,P00171,AlphaFold,./pdb_files\P00171_AF.pdb,Match,A
P00171,F,40,Y,-1.03,ProTherm,P00171,1CYO,,P00171,P00171,AlphaFold,./pdb_files\P00171_AF.pdb,Match,A
P00171,S,76,L,-0.8,ProTherm,P00171,1CYO,,P00171,P00171,AlphaFold,./pdb_files\P00171_AF.pdb,Match,A
P00171,V,50,E,2.68,ProTherm,P00171,1CYO,,P00171,P00171,AlphaFold,./pdb_files\P00171_AF.pdb,Match,A
P00171,V,50,H,1.34,ProTherm,P00171,1CYO,,P00171,P00171,AlphaFold,./pdb_files\P00171_AF.pdb,Match,A
P00171,V,50,Y,1.53,ProTherm,P00171,1CYO,,P00171,P00171,AlphaFold,./pdb_files\P00171_AF.pdb,Match,A
P00171,V,66,E,1.1,ProTherm,P00171,1CYO,,P00171,P00171,AlphaFold,./pdb_files\P00171_AF.pdb,Match,A
P00171,V,66,H,1.63,ProTherm,P00171,1CYO,,P00171,P00171,AlphaFold,./pdb_files\P00171_AF.pdb,Match,A
P00171,V,66,K,2.34,ProTherm,P00171,1CYO,,P00171,P00171,AlphaFold,./pdb_files\P00171_AF.pdb,Match,A
P00171,V,66,Y,1.29,ProTherm,P00171,1CYO,,P00171,P00171,AlphaFold,./pdb_files\P00171_AF.pdb,Match,A
P00257,C,153,S,-0.96,ProTherm,P00257,1AYF,,P00257,P00257,AlphaFold,./pdb_files\P00257_AF.pdb,Match,A
P00257,D,134,E,-0.45,ProTherm,P00257,1AYF,,P00257,P00257,AlphaFold,./pdb_files\P00257_AF.pdb,Match,A
P00257,H,114,Q,1.66,ProTherm,P00257,1AYF,,P00257,P00257,AlphaFold,./pdb_files\P00257_AF.pdb,Match,A
P00257,H,114,R,1.16,ProTherm,P00257,1AYF,,P00257,P00257,AlphaFold,./pdb_files\P00257_AF.pdb,Match,A
P00257,H,114,T,1.19,ProTherm,P00257,1AYF,,P00257,P00257,AlphaFold,./pdb_files\P00257_AF.pdb,Match,A
P00257,T,112,A,1.31,ProTherm,P00257,1AYF,,P00257,P00257,AlphaFold,./pdb_files\P00257_AF.pdb,Match,A
P00257,T,112,S,-0.05,ProTherm,P00257,1AYF,,P00257,P00257,AlphaFold,./pdb_files\P00257_AF.pdb,Match,A
P00257,Y,140,F,0.01,ProTherm,P00257,1AYF,,P00257,P00257,AlphaFold,./pdb_files\P00257_AF.pdb,Match,A
P00257,Y,140,L,0.36,ProTherm,P00257,1AYF,,P00257,P00257,AlphaFold,./pdb_files\P00257_AF.pdb,Match,A
P00257,Y,140,S,0.33,ProTherm,P00257,1AYF,,P00257,P00257,AlphaFold,./pdb_files\P00257_AF.pdb,Match,A
P00257,Y,140,W,0.21,ProTherm,P00257,1AYF,,P00257,P00257,AlphaFold,./pdb_files\P00257_AF.pdb,Match,A
P00268,I,33,L,-0.76,ProTherm,P00268,1IRO,,P00268,P00268,AlphaFold,./pdb_files\P00268_AF.pdb,Match,A
P00268,V,24,I,-0.36,ProTherm,P00268,1IRO,,P00268,P00268,AlphaFold,./pdb_files\P00268_AF.pdb,Match,A
P00282,A,102,G,2.39,ProTherm,P00282,5AZU,,P00282,P00282,AlphaFold,./pdb_files\P00282_AF.pdb,Match,A
P00282,C,132,S,-1.54,ProTherm,P00282,5AZU,,P00282,P00282,AlphaFold,./pdb_files\P00282_AF.pdb,Match,A
P00282,F,117,A,2.63,ProTherm,P00282,5AZU,,P00282,P00282,AlphaFold,./pdb_files\P00282_AF.pdb,Match,A
P00282,F,130,A,5.02,ProTherm,P00282,5AZU,,P00282,P00282,AlphaFold,./pdb_files\P00282_AF.pdb,Match,A
P00282,F,130,S,4.15,ProTherm,P00282,5AZU,,P00282,P00282,AlphaFold,./pdb_files\P00282_AF.pdb,Match,A
P00282,H,137,G,9.9,ProTherm,P00282,5AZU,,P00282,P00282,AlphaFold,./pdb_files\P00282_AF.pdb,Match,A
P00282,H,66,G,10.9,ProTherm,P00282,5AZU,,P00282,P00282,AlphaFold,./pdb_files\P00282_AF.pdb,Match,A
P00282,I,101,A,1.91,ProTherm,P00282,5AZU,,P00282,P00282,AlphaFold,./pdb_files\P00282_AF.pdb,Match,A
P00282,I,101,T,2.93,ProTherm,P00282,5AZU,,P00282,P00282,AlphaFold,./pdb_files\P00282_AF.pdb,Match,A
P00282,I,101,V,0.155,ProTherm,P00282,5AZU,,P00282,P00282,AlphaFold,./pdb_files\P00282_AF.pdb,Match,A
P00282,I,27,A,3.23,ProTherm,P00282,5AZU,,P00282,P00282,AlphaFold,./pdb_files\P00282_AF.pdb,Match,A
P00282,I,27,S,3.3,ProTherm,P00282,5AZU,,P00282,P00282,AlphaFold,./pdb_files\P00282_AF.pdb,Match,A
P00282,I,40,A,1.97,ProTherm,P00282,5AZU,,P00282,P00282,AlphaFold,./pdb_files\P00282_AF.pdb,Match,A
P00282,I,40,T,2.15,ProTherm,P00282,5AZU,,P00282,P00282,AlphaFold,./pdb_files\P00282_AF.pdb,Match,A
P00282,I,40,V,0.19,ProTherm,P00282,5AZU,,P00282,P00282,AlphaFold,./pdb_files\P00282_AF.pdb,Match,A
P00282,L,145,A,1.1949999999999998,ProTherm,P00282,5AZU,,P00282,P00282,AlphaFold,./pdb_files\P00282_AF.pdb,Match,A
P00282,L,53,A,1.67,ProTherm,P00282,5AZU,,P00282,P00282,AlphaFold,./pdb_files\P00282_AF.pdb,Match,A
P00282,L,70,A,1.79,ProTherm,P00282,5AZU,,P00282,P00282,AlphaFold,./pdb_files\P00282_AF.pdb,Match,A
P00282,L,70,T,2.245,ProTherm,P00282,5AZU,,P00282,P00282,AlphaFold,./pdb_files\P00282_AF.pdb,Match,A
P00282,L,70,V,0.3,ProTherm,P00282,5AZU,,P00282,P00282,AlphaFold,./pdb_files\P00282_AF.pdb,Match,A
P00282,M,141,A,2.87,ProTherm,P00282,5AZU,,P00282,P00282,AlphaFold,./pdb_files\P00282_AF.pdb,Match,A
P00282,V,115,A,0.96,ProTherm,P00282,5AZU,,P00282,P00282,AlphaFold,./pdb_files\P00282_AF.pdb,Match,A
P00282,V,25,A,0.48,ProTherm,P00282,5AZU,,P00282,P00282,AlphaFold,./pdb_files\P00282_AF.pdb,Match,A
P00282,V,42,A,1.5499999999999998,ProTherm,P00282,5AZU,,P00282,P00282,AlphaFold,./pdb_files\P00282_AF.pdb,Match,A
P00282,V,51,A,1.67,ProTherm,P00282,5AZU,,P00282,P00282,AlphaFold,./pdb_files\P00282_AF.pdb,Match,A
P00282,V,80,G,3.11,ProTherm,P00282,5AZU,,P00282,P00282,AlphaFold,./pdb_files\P00282_AF.pdb,Match,A
P00282,W,68,A,3.35,ProTherm,P00282,5AZU,,P00282,P00282,AlphaFold,./pdb_files\P00282_AF.pdb,Match,A
P00282,Y,128,A,3.59,ProTherm,P00282,5AZU,,P00282,P00282,AlphaFold,./pdb_files\P00282_AF.pdb,Match,A
P00509,C,180,A,2.2,ProTherm,P00509,1AMQ,,P00509,P00509,AlphaFold,./pdb_files\P00509_AF.pdb,Match,A
P00509,C,180,S,1.8,ProTherm,P00509,1AMQ,,P00509,P00509,AlphaFold,./pdb_files\P00509_AF.pdb,Match,A
P00509,C,181,A,1.6,ProTherm,P00509,1AMQ,,P00509,P00509,AlphaFold,./pdb_files\P00509_AF.pdb,Match,A
P00509,C,258,A,2.5,ProTherm,P00509,1AMQ,,P00509,P00509,AlphaFold,./pdb_files\P00509_AF.pdb,Match,A
P00509,C,389,A,-3.2,ProTherm,P00509,1AMQ,,P00509,P00509,AlphaFold,./pdb_files\P00509_AF.pdb,Match,A
P00509,C,77,A,1.3,ProTherm,P00509,1AMQ,,P00509,P00509,AlphaFold,./pdb_files\P00509_AF.pdb,Match,A
P00509,D,11,A,5.6000000000000005,ProTherm,P00509,1AMQ,,P00509,P00509,AlphaFold,./pdb_files\P00509_AF.pdb,Match,A
P00509,E,253,K,7.35,ProTherm,P00509,1AMQ,,P00509,P00509,AlphaFold,./pdb_files\P00509_AF.pdb,Match,A
P00509,E,253,Q,5.85,ProTherm,P00509,1AMQ,,P00509,P00509,AlphaFold,./pdb_files\P00509_AF.pdb,Match,A
P00509,E,3,A,3.4,ProTherm,P00509,1AMQ,,P00509,P00509,AlphaFold,./pdb_files\P00509_AF.pdb,Match,A
P00509,F,2,A,7.35,ProTherm,P00509,1AMQ,,P00509,P00509,AlphaFold,./pdb_files\P00509_AF.pdb,Match,A
P00509,I,5,A,5.0,ProTherm,P00509,1AMQ,,P00509,P00509,AlphaFold,./pdb_files\P00509_AF.pdb,Match,A
P00509,K,63,E,4.85,ProTherm,P00509,1AMQ,,P00509,P00509,AlphaFold,./pdb_files\P00509_AF.pdb,Match,A
P00509,K,63,M,5.050000000000001,ProTherm,P00509,1AMQ,,P00509,P00509,AlphaFold,./pdb_files\P00509_AF.pdb,Match,A
P00509,N,282,D,-0.4,ProTherm,P00509,1AMQ,,P00509,P00509,AlphaFold,./pdb_files\P00509_AF.pdb,Match,A
P00509,N,282,R,2.6,ProTherm,P00509,1AMQ,,P00509,P00509,AlphaFold,./pdb_files\P00509_AF.pdb,Match,A
P00509,N,285,R,5.15,ProTherm,P00509,1AMQ,,P00509,P00509,AlphaFold,./pdb_files\P00509_AF.pdb,Match,A
P00509,R,254,M,3.6,ProTherm,P00509,1AMQ,,P00509,P00509,AlphaFold,./pdb_files\P00509_AF.pdb,Match,A
P00509,T,6,A,1.3,ProTherm,P00509,1AMQ,,P00509,P00509,AlphaFold,./pdb_files\P00509_AF.pdb,Match,A
P00558,E,252,A,0.7,ProTherm,P00558,2WZB,,P00558,P00558,AlphaFold,./pdb_files\P00558_AF.pdb,Match,A
P00558,T,378,P,4.8,ProTherm,P00558,2WZB,,P00558,P00558,AlphaFold,./pdb_files\P00558_AF.pdb,Match,A
P00560,H,389,Q,0.84,ProTherm,P00560,3PGK,,P00560,P00560,AlphaFold,./pdb_files\P00560_AF.pdb,Match,A
P00560,L,400,W,2.995,ProTherm,P00560,3PGK,,P00560,P00560,AlphaFold,./pdb_files\P00560_AF.pdb,Match,A
P00560,W,309,F,3.67,ProTherm,P00560,3PGK,,P00560,P00560,AlphaFold,./pdb_files\P00560_AF.pdb,Match,A
P00563,D,122,A,0.24,ProTherm,P00563,2CRK,,P00563,P00563,AlphaFold,./pdb_files\P00563_AF.pdb,Match,A
P00563,D,122,N,0.6,ProTherm,P00563,2CRK,,P00563,P00563,AlphaFold,./pdb_files\P00563_AF.pdb,Match,A
P00592,H,70,K,3.21,ProTherm,P00592,1P2P,,P00592,P00592,AlphaFold,./pdb_files\P00592_AF.pdb,Match,A
P00592,H,70,N,2.28,ProTherm,P00592,1P2P,,P00592,P00592,AlphaFold,./pdb_files\P00592_AF.pdb,Match,A
P00592,H,70,Q,1.03,ProTherm,P00592,1P2P,,P00592,P00592,AlphaFold,./pdb_files\P00592_AF.pdb,Match,A
P00593,F,128,A,0.9,ProTherm,P00593,1BP2,,P00593,P00593,AlphaFold,./pdb_files\P00593_AF.pdb,Match,A
P00593,F,128,I,-1.9,ProTherm,P00593,1BP2,,P00593,P00593,AlphaFold,./pdb_files\P00593_AF.pdb,Match,A
P00593,F,128,Y,-0.6,ProTherm,P00593,1BP2,,P00593,P00593,AlphaFold,./pdb_files\P00593_AF.pdb,Match,A
P00593,F,44,A,-0.5,ProTherm,P00593,1BP2,,P00593,P00593,AlphaFold,./pdb_files\P00593_AF.pdb,Match,A
P00593,F,44,I,-2.7,ProTherm,P00593,1BP2,,P00593,P00593,AlphaFold,./pdb_files\P00593_AF.pdb,Match,A
P00593,F,44,Y,-1.5,ProTherm,P00593,1BP2,,P00593,P00593,AlphaFold,./pdb_files\P00593_AF.pdb,Match,A
P00593,H,70,A,3.1,ProTherm,P00593,1BP2,,P00593,P00593,AlphaFold,./pdb_files\P00593_AF.pdb,Match,A
P00593,H,70,N,3.0,ProTherm,P00593,1BP2,,P00593,P00593,AlphaFold,./pdb_files\P00593_AF.pdb,Match,A
P00593,H,70,Q,0.6,ProTherm,P00593,1BP2,,P00593,P00593,AlphaFold,./pdb_files\P00593_AF.pdb,Match,A
P00644,A,140,E,6.9,ProTherm,P00644,1STN,,P00644,P00644,AlphaFold,./pdb_files\P00644_AF.pdb,Match,A
P00644,A,140,G,2.6,ProTherm,P00644,1STN,,P00644,P00644,AlphaFold,./pdb_files\P00644_AF.pdb,Match,A
P00644,A,140,V,2.8,ProTherm,P00644,1STN,,P00644,P00644,AlphaFold,./pdb_files\P00644_AF.pdb,Match,A
P00644,A,142,C,1.2,ProTherm,P00644,1STN,,P00644,P00644,AlphaFold,./pdb_files\P00644_AF.pdb,Match,A
P00644,A,142,F,0.8,ProTherm,P00644,1STN,,P00644,P00644,AlphaFold,./pdb_files\P00644_AF.pdb,Match,A
P00644,A,142,G,1.4,ProTherm,P00644,1STN,,P00644,P00644,AlphaFold,./pdb_files\P00644_AF.pdb,Match,A
P00644,A,142,V,2.8,ProTherm,P00644,1STN,,P00644,P00644,AlphaFold,./pdb_files\P00644_AF.pdb,Match,A
P00644,A,151,G,2.0,ProTherm,P00644,1STN,,P00644,P00644,AlphaFold,./pdb_files\P00644_AF.pdb,Match,A
P00644,A,151,T,3.0766666666666667,ProTherm,P00644,1STN,,P00644,P00644,AlphaFold,./pdb_files\P00644_AF.pdb,Match,A
P00644,A,151,V,2.3,ProTherm,P00644,1STN,,P00644,P00644,AlphaFold,./pdb_files\P00644_AF.pdb,Match,A
P00644,A,172,E,8.6,ProTherm,P00644,1STN,,P00644,P00644,AlphaFold,./pdb_files\P00644_AF.pdb,Match,A
P00644,A,172,G,2.0,ProTherm,P00644,1STN,,P00644,P00644,AlphaFold,./pdb_files\P00644_AF.pdb,Match,A
P00644,A,172,S,2.0,ProTherm,P00644,1STN,,P00644,P00644,AlphaFold,./pdb_files\P00644_AF.pdb,Match,A
P00644,A,172,V,0.2,ProTherm,P00644,1STN,,P00644,P00644,AlphaFold,./pdb_files\P00644_AF.pdb,Match,A
P00644,A,176,G,2.4,ProTherm,P00644,1STN,,P00644,P00644,AlphaFold,./pdb_files\P00644_AF.pdb,Match,A
P00644,A,176,V,1.3,ProTherm,P00644,1STN,,P00644,P00644,AlphaFold,./pdb_files\P00644_AF.pdb,Match,A
P00644,A,184,F,1.9,ProTherm,P00644,1STN,,P00644,P00644,AlphaFold,./pdb_files\P00644_AF.pdb,Match,A
P00644,A,184,G,1.3,ProTherm,P00644,1STN,,P00644,P00644,AlphaFold,./pdb_files\P00644_AF.pdb,Match,A
P00644,A,184,V,1.9,ProTherm,P00644,1STN,,P00644,P00644,AlphaFold,./pdb_files\P00644_AF.pdb,Match,A
P00644,A,191,E,7.7,ProTherm,P00644,1STN,,P00644,P00644,AlphaFold,./pdb_files\P00644_AF.pdb,Match,A
P00644,A,191,G,1.0,ProTherm,P00644,1STN,,P00644,P00644,AlphaFold,./pdb_files\P00644_AF.pdb,Match,A
P00644,A,191,V,3.1,ProTherm,P00644,1STN,,P00644,P00644,AlphaFold,./pdb_files\P00644_AF.pdb,Match,A
P00644,A,194,C,0.8,ProTherm,P00644,1STN,,P00644,P00644,AlphaFold,./pdb_files\P00644_AF.pdb,Match,A
P00644,A,194,F,1.4500000000000002,ProTherm,P00644,1STN,,P00644,P00644,AlphaFold,./pdb_files\P00644_AF.pdb,Match,A
P00644,A,194,G,0.0,ProTherm,P00644,1STN,,P00644,P00644,AlphaFold,./pdb_files\P00644_AF.pdb,Match,A
P00644,A,194,V,1.5,ProTherm,P00644,1STN,,P00644,P00644,AlphaFold,./pdb_files\P00644_AF.pdb,Match,A
P00644,A,212,G,1.1,ProTherm,P00644,1STN,,P00644,P00644,AlphaFold,./pdb_files\P00644_AF.pdb,Match,A
P00644,A,212,V,1.2,ProTherm,P00644,1STN,,P00644,P00644,AlphaFold,./pdb_files\P00644_AF.pdb,Match,A
P00644,A,214,E,8.2,ProTherm,P00644,1STN,,P00644,P00644,AlphaFold,./pdb_files\P00644_AF.pdb,Match,A
P00644,A,214,G,3.7,ProTherm,P00644,1STN,,P00644,P00644,AlphaFold,./pdb_files\P00644_AF.pdb,Match,A
P00644,A,214,V,4.8,ProTherm,P00644,1STN,,P00644,P00644,AlphaFold,./pdb_files\P00644_AF.pdb,Match,A
P00644,A,227,G,0.4,ProTherm,P00644,1STN,,P00644,P00644,AlphaFold,./pdb_files\P00644_AF.pdb,Match,A
P00644,A,227,V,0.3,ProTherm,P00644,1STN,,P00644,P00644,AlphaFold,./pdb_files\P00644_AF.pdb,Match,A
P00644,A,94,G,2.4,ProTherm,P00644,1STN,,P00644,P00644,AlphaFold,./pdb_files\P00644_AF.pdb,Match,A
P00644,A,94,V,1.1,ProTherm,P00644,1STN,,P00644,P00644,AlphaFold,./pdb_files\P00644_AF.pdb,Match,A
P00644,A,99,G,0.3,ProTherm,P00644,1STN,,P00644,P00644,AlphaFold,./pdb_files\P00644_AF.pdb,Match,A
P00644,A,99,V,1.9,ProTherm,P00644,1STN,,P00644,P00644,AlphaFold,./pdb_files\P00644_AF.pdb,Match,A
P00644,D,101,A,0.1,ProTherm,P00644,1STN,,P00644,P00644,AlphaFold,./pdb_files\P00644_AF.pdb,Match,A
P00644,D,101,F,1.5,ProTherm,P00644,1STN,,P00644,P00644,AlphaFold,./pdb_files\P00644_AF.pdb,Match,A
P00644,D,101,G,0.4,ProTherm,P00644,1STN,,P00644,P00644,AlphaFold,./pdb_files\P00644_AF.pdb,Match,A
P00644,D,101,K,0.3,ProTherm,P00644,1STN,,P00644,P00644,AlphaFold,./pdb_files\P00644_AF.pdb,Match,A
P00644,D,101,N,0.2,ProTherm,P00644,1STN,,P00644,P00644,AlphaFold,./pdb_files\P00644_AF.pdb,Match,A
P00644,D,103,A,-0.7,ProTherm,P00644,1STN,,P00644,P00644,AlphaFold,./pdb_files\P00644_AF.pdb,Match,A
P00644,D,103,G,-0.3,ProTherm,P00644,1STN,,P00644,P00644,AlphaFold,./pdb_files\P00644_AF.pdb,Match,A
P00644,D,103,K,-1.0,ProTherm,P00644,1STN,,P00644,P00644,AlphaFold,./pdb_files\P00644_AF.pdb,Match,A
P00644,D,103,N,-1.4,ProTherm,P00644,1STN,,P00644,P00644,AlphaFold,./pdb_files\P00644_AF.pdb,Match,A
P00644,D,122,A,-0.2,ProTherm,P00644,1STN,,P00644,P00644,AlphaFold,./pdb_files\P00644_AF.pdb,Match,A
P00644,D,122,G,0.5,ProTherm,P00644,1STN,,P00644,P00644,AlphaFold,./pdb_files\P00644_AF.pdb,Match,A
P00644,D,159,A,3.1,ProTherm,P00644,1STN,,P00644,P00644,AlphaFold,./pdb_files\P00644_AF.pdb,Match,A
P00644,D,159,G,2.2,ProTherm,P00644,1STN,,P00644,P00644,AlphaFold,./pdb_files\P00644_AF.pdb,Match,A
P00644,D,159,K,3.5,ProTherm,P00644,1STN,,P00644,P00644,AlphaFold,./pdb_files\P00644_AF.pdb,Match,A
P00644,D,159,N,2.9,ProTherm,P00644,1STN,,P00644,P00644,AlphaFold,./pdb_files\P00644_AF.pdb,Match,A
P00644,D,165,A,3.8,ProTherm,P00644,1STN,,P00644,P00644,AlphaFold,./pdb_files\P00644_AF.pdb,Match,A
P00644,D,165,F,5.2,ProTherm,P00644,1STN,,P00644,P00644,AlphaFold,./pdb_files\P00644_AF.pdb,Match,A
P00644,D,165,G,2.7,ProTherm,P00644,1STN,,P00644,P00644,AlphaFold,./pdb_files\P00644_AF.pdb,Match,A
P00644,D,177,A,3.3,ProTherm,P00644,1STN,,P00644,P00644,AlphaFold,./pdb_files\P00644_AF.pdb,Match,A
P00644,D,177,F,5.3,ProTherm,P00644,1STN,,P00644,P00644,AlphaFold,./pdb_files\P00644_AF.pdb,Match,A
P00644,D,177,G,2.7,ProTherm,P00644,1STN,,P00644,P00644,AlphaFold,./pdb_files\P00644_AF.pdb,Match,A
P00644,D,225,A,0.1,ProTherm,P00644,1STN,,P00644,P00644,AlphaFold,./pdb_files\P00644_AF.pdb,Match,A
P00644,D,225,F,0.1,ProTherm,P00644,1STN,,P00644,P00644,AlphaFold,./pdb_files\P00644_AF.pdb,Match,A
P00644,D,225,G,0.2,ProTherm,P00644,1STN,,P00644,P00644,AlphaFold,./pdb_files\P00644_AF.pdb,Match,A
P00644,D,225,K,0.3,ProTherm,P00644,1STN,,P00644,P00644,AlphaFold,./pdb_files\P00644_AF.pdb,Match,A
P00644,D,225,N,0.3,ProTherm,P00644,1STN,,P00644,P00644,AlphaFold,./pdb_files\P00644_AF.pdb,Match,A
P00644,D,228,A,0.2,ProTherm,P00644,1STN,,P00644,P00644,AlphaFold,./pdb_files\P00644_AF.pdb,Match,A
P00644,D,228,G,0.2,ProTherm,P00644,1STN,,P00644,P00644,AlphaFold,./pdb_files\P00644_AF.pdb,Match,A
P00644,E,125,A,-0.3,ProTherm,P00644,1STN,,P00644,P00644,AlphaFold,./pdb_files\P00644_AF.pdb,Match,A
P00644,E,125,D,-0.2,ProTherm,P00644,1STN,,P00644,P00644,AlphaFold,./pdb_files\P00644_AF.pdb,Match,A
P00644,E,125,G,-0.5,ProTherm,P00644,1STN,,P00644,P00644,AlphaFold,./pdb_files\P00644_AF.pdb,Match,A
P00644,E,134,A,0.1,ProTherm,P00644,1STN,,P00644,P00644,AlphaFold,./pdb_files\P00644_AF.pdb,Match,A
P00644,E,134,F,0.7,ProTherm,P00644,1STN,,P00644,P00644,AlphaFold,./pdb_files\P00644_AF.pdb,Match,A
P00644,E,134,G,0.4,ProTherm,P00644,1STN,,P00644,P00644,AlphaFold,./pdb_files\P00644_AF.pdb,Match,A
P00644,E,139,A,0.2,ProTherm,P00644,1STN,,P00644,P00644,AlphaFold,./pdb_files\P00644_AF.pdb,Match,A
P00644,E,139,C,0.7,ProTherm,P00644,1STN,,P00644,P00644,AlphaFold,./pdb_files\P00644_AF.pdb,Match,A
P00644,E,139,F,0.8,ProTherm,P00644,1STN,,P00644,P00644,AlphaFold,./pdb_files\P00644_AF.pdb,Match,A
P00644,E,139,G,1.6,ProTherm,P00644,1STN,,P00644,P00644,AlphaFold,./pdb_files\P00644_AF.pdb,Match,A
P00644,E,139,K,0.1,ProTherm,P00644,1STN,,P00644,P00644,AlphaFold,./pdb_files\P00644_AF.pdb,Match,A
P00644,E,139,Q,0.2,ProTherm,P00644,1STN,,P00644,P00644,AlphaFold,./pdb_files\P00644_AF.pdb,Match,A
P00644,E,149,A,1.0,ProTherm,P00644,1STN,,P00644,P00644,AlphaFold,./pdb_files\P00644_AF.pdb,Match,A
P00644,E,149,F,1.4,ProTherm,P00644,1STN,,P00644,P00644,AlphaFold,./pdb_files\P00644_AF.pdb,Match,A
P00644,E,149,G,0.9,ProTherm,P00644,1STN,,P00644,P00644,AlphaFold,./pdb_files\P00644_AF.pdb,Match,A
P00644,E,149,Q,0.5,ProTherm,P00644,1STN,,P00644,P00644,AlphaFold,./pdb_files\P00644_AF.pdb,Match,A
P00644,E,155,A,1.2,ProTherm,P00644,1STN,,P00644,P00644,AlphaFold,./pdb_files\P00644_AF.pdb,Match,A
P00644,E,155,F,1.1,ProTherm,P00644,1STN,,P00644,P00644,AlphaFold,./pdb_files\P00644_AF.pdb,Match,A
P00644,E,155,G,2.7,ProTherm,P00644,1STN,,P00644,P00644,AlphaFold,./pdb_files\P00644_AF.pdb,Match,A
P00644,E,155,K,2.1,ProTherm,P00644,1STN,,P00644,P00644,AlphaFold,./pdb_files\P00644_AF.pdb,Match,A
P00644,E,155,Q,0.7,ProTherm,P00644,1STN,,P00644,P00644,AlphaFold,./pdb_files\P00644_AF.pdb,Match,A
P00644,E,157,A,2.2,ProTherm,P00644,1STN,,P00644,P00644,AlphaFold,./pdb_files\P00644_AF.pdb,Match,A
P00644,E,157,G,3.5,ProTherm,P00644,1STN,,P00644,P00644,AlphaFold,./pdb_files\P00644_AF.pdb,Match,A
P00644,E,157,K,2.3,ProTherm,P00644,1STN,,P00644,P00644,AlphaFold,./pdb_files\P00644_AF.pdb,Match,A
P00644,E,157,Q,0.7,ProTherm,P00644,1STN,,P00644,P00644,AlphaFold,./pdb_files\P00644_AF.pdb,Match,A
P00644,E,157,V,2.31,ProTherm,P00644,1STN,,P00644,P00644,AlphaFold,./pdb_files\P00644_AF.pdb,Match,A
P00644,E,183,A,1.9,ProTherm,P00644,1STN,,P00644,P00644,AlphaFold,./pdb_files\P00644_AF.pdb,Match,A
P00644,E,183,F,3.1,ProTherm,P00644,1STN,,P00644,P00644,AlphaFold,./pdb_files\P00644_AF.pdb,Match,A
P00644,E,183,G,3.1,ProTherm,P00644,1STN,,P00644,P00644,AlphaFold,./pdb_files\P00644_AF.pdb,Match,A
P00644,E,204,A,0.4,ProTherm,P00644,1STN,,P00644,P00644,AlphaFold,./pdb_files\P00644_AF.pdb,Match,A
P00644,E,204,F,0.8,ProTherm,P00644,1STN,,P00644,P00644,AlphaFold,./pdb_files\P00644_AF.pdb,Match,A
P00644,E,204,G,2.2,ProTherm,P00644,1STN,,P00644,P00644,AlphaFold,./pdb_files\P00644_AF.pdb,Match,A
P00644,E,204,K,2.7,ProTherm,P00644,1STN,,P00644,P00644,AlphaFold,./pdb_files\P00644_AF.pdb,Match,A
P00644,E,204,Q,1.6,ProTherm,P00644,1STN,,P00644,P00644,AlphaFold,./pdb_files\P00644_AF.pdb,Match,A
P00644,E,211,A,2.4,ProTherm,P00644,1STN,,P00644,P00644,AlphaFold,./pdb_files\P00644_AF.pdb,Match,A
P00644,E,211,F,4.0,ProTherm,P00644,1STN,,P00644,P00644,AlphaFold,./pdb_files\P00644_AF.pdb,Match,A
P00644,E,211,G,3.8,ProTherm,P00644,1STN,,P00644,P00644,AlphaFold,./pdb_files\P00644_AF.pdb,Match,A
P00644,E,217,A,0.7,ProTherm,P00644,1STN,,P00644,P00644,AlphaFold,./pdb_files\P00644_AF.pdb,Match,A
P00644,E,217,F,1.2,ProTherm,P00644,1STN,,P00644,P00644,AlphaFold,./pdb_files\P00644_AF.pdb,Match,A
P00644,E,217,G,1.7,ProTherm,P00644,1STN,,P00644,P00644,AlphaFold,./pdb_files\P00644_AF.pdb,Match,A
P00644,E,217,K,1.1,ProTherm,P00644,1STN,,P00644,P00644,AlphaFold,./pdb_files\P00644_AF.pdb,Match,A
P00644,E,217,Q,0.7,ProTherm,P00644,1STN,,P00644,P00644,AlphaFold,./pdb_files\P00644_AF.pdb,Match,A
P00644,E,224,A,0.3,ProTherm,P00644,1STN,,P00644,P00644,AlphaFold,./pdb_files\P00644_AF.pdb,Match,A
P00644,E,224,G,0.3,ProTherm,P00644,1STN,,P00644,P00644,AlphaFold,./pdb_files\P00644_AF.pdb,Match,A
P00644,E,92,A,1.3,ProTherm,P00644,1STN,,P00644,P00644,AlphaFold,./pdb_files\P00644_AF.pdb,Match,A
P00644,E,92,G,1.8,ProTherm,P00644,1STN,,P00644,P00644,AlphaFold,./pdb_files\P00644_AF.pdb,Match,A
P00644,E,92,K,2.2,ProTherm,P00644,1STN,,P00644,P00644,AlphaFold,./pdb_files\P00644_AF.pdb,Match,A
P00644,E,92,Q,1.3,ProTherm,P00644,1STN,,P00644,P00644,AlphaFold,./pdb_files\P00644_AF.pdb,Match,A
P00644,F,116,A,3.7,ProTherm,P00644,1STN,,P00644,P00644,AlphaFold,./pdb_files\P00644_AF.pdb,Match,A
P00644,F,116,C,2.8,ProTherm,P00644,1STN,,P00644,P00644,AlphaFold,./pdb_files\P00644_AF.pdb,Match,A
P00644,F,116,E,8.1,ProTherm,P00644,1STN,,P00644,P00644,AlphaFold,./pdb_files\P00644_AF.pdb,Match,A
P00644,F,143,A,2.3,ProTherm,P00644,1STN,,P00644,P00644,AlphaFold,./pdb_files\P00644_AF.pdb,Match,A
P00644,F,143,G,4.8,ProTherm,P00644,1STN,,P00644,P00644,AlphaFold,./pdb_files\P00644_AF.pdb,Match,A
P00644,F,158,A,4.0,ProTherm,P00644,1STN,,P00644,P00644,AlphaFold,./pdb_files\P00644_AF.pdb,Match,A
P00644,F,158,G,4.7,ProTherm,P00644,1STN,,P00644,P00644,AlphaFold,./pdb_files\P00644_AF.pdb,Match,A
P00644,G,102,A,0.3,ProTherm,P00644,1STN,,P00644,P00644,AlphaFold,./pdb_files\P00644_AF.pdb,Match,A
P00644,G,102,E,4.1,ProTherm,P00644,1STN,,P00644,P00644,AlphaFold,./pdb_files\P00644_AF.pdb,Match,A
P00644,G,102,V,2.3,ProTherm,P00644,1STN,,P00644,P00644,AlphaFold,./pdb_files\P00644_AF.pdb,Match,A
P00644,G,111,A,1.25,ProTherm,P00644,1STN,,P00644,P00644,AlphaFold,./pdb_files\P00644_AF.pdb,Match,A
P00644,G,111,C,1.1,ProTherm,P00644,1STN,,P00644,P00644,AlphaFold,./pdb_files\P00644_AF.pdb,Match,A
P00644,G,111,F,1.25,ProTherm,P00644,1STN,,P00644,P00644,AlphaFold,./pdb_files\P00644_AF.pdb,Match,A
P00644,G,111,V,3.0,ProTherm,P00644,1STN,,P00644,P00644,AlphaFold,./pdb_files\P00644_AF.pdb,Match,A
P00644,G,132,A,-0.25,ProTherm,P00644,1STN,,P00644,P00644,AlphaFold,./pdb_files\P00644_AF.pdb,Match,A
P00644,G,132,C,0.8,ProTherm,P00644,1STN,,P00644,P00644,AlphaFold,./pdb_files\P00644_AF.pdb,Match,A
P00644,G,132,F,0.6000000000000001,ProTherm,P00644,1STN,,P00644,P00644,AlphaFold,./pdb_files\P00644_AF.pdb,Match,A
P00644,G,132,V,1.1,ProTherm,P00644,1STN,,P00644,P00644,AlphaFold,./pdb_files\P00644_AF.pdb,Match,A
P00644,G,137,A,0.6,ProTherm,P00644,1STN,,P00644,P00644,AlphaFold,./pdb_files\P00644_AF.pdb,Match,A
P00644,G,137,V,1.8,ProTherm,P00644,1STN,,P00644,P00644,AlphaFold,./pdb_files\P00644_AF.pdb,Match,A
P00644,G,161,A,2.35,ProTherm,P00644,1STN,,P00644,P00644,AlphaFold,./pdb_files\P00644_AF.pdb,Match,A
P00644,G,161,D,2.28,ProTherm,P00644,1STN,,P00644,P00644,AlphaFold,./pdb_files\P00644_AF.pdb,Match,A
P00644,G,161,S,2.72,ProTherm,P00644,1STN,,P00644,P00644,AlphaFold,./pdb_files\P00644_AF.pdb,Match,A
P00644,G,161,V,2.4,ProTherm,P00644,1STN,,P00644,P00644,AlphaFold,./pdb_files\P00644_AF.pdb,Match,A
P00644,G,168,A,0.55,ProTherm,P00644,1STN,,P00644,P00644,AlphaFold,./pdb_files\P00644_AF.pdb,Match,A
P00644,G,168,F,2.0,ProTherm,P00644,1STN,,P00644,P00644,AlphaFold,./pdb_files\P00644_AF.pdb,Match,A
P00644,G,168,V,3.7,ProTherm,P00644,1STN,,P00644,P00644,AlphaFold,./pdb_files\P00644_AF.pdb,Match,A
P00644,G,170,A,0.1,ProTherm,P00644,1STN,,P00644,P00644,AlphaFold,./pdb_files\P00644_AF.pdb,Match,A
P00644,G,170,V,0.95,ProTherm,P00644,1STN,,P00644,P00644,AlphaFold,./pdb_files\P00644_AF.pdb,Match,A
P00644,G,170,W,0.955,ProTherm,P00644,1STN,,P00644,P00644,AlphaFold,./pdb_files\P00644_AF.pdb,Match,A
P00644,G,178,A,1.75,ProTherm,P00644,1STN,,P00644,P00644,AlphaFold,./pdb_files\P00644_AF.pdb,Match,A
P00644,G,178,F,3.0,ProTherm,P00644,1STN,,P00644,P00644,AlphaFold,./pdb_files\P00644_AF.pdb,Match,A
P00644,G,178,V,3.7,ProTherm,P00644,1STN,,P00644,P00644,AlphaFold,./pdb_files\P00644_AF.pdb,Match,A
P00644,G,189,A,4.45,ProTherm,P00644,1STN,,P00644,P00644,AlphaFold,./pdb_files\P00644_AF.pdb,Match,A
P00644,G,189,V,7.5,ProTherm,P00644,1STN,,P00644,P00644,AlphaFold,./pdb_files\P00644_AF.pdb,Match,A
P00644,H,128,A,0.5,ProTherm,P00644,1STN,,P00644,P00644,AlphaFold,./pdb_files\P00644_AF.pdb,Match,A
P00644,H,128,G,0.4,ProTherm,P00644,1STN,,P00644,P00644,AlphaFold,./pdb_files\P00644_AF.pdb,Match,A
P00644,H,128,Y,0.0,ProTherm,P00644,1STN,,P00644,P00644,AlphaFold,./pdb_files\P00644_AF.pdb,Match,A
P00644,H,203,A,3.1,ProTherm,P00644,1STN,,P00644,P00644,AlphaFold,./pdb_files\P00644_AF.pdb,Match,A
P00644,H,203,G,4.2,ProTherm,P00644,1STN,,P00644,P00644,AlphaFold,./pdb_files\P00644_AF.pdb,Match,A
P00644,H,206,A,-0.4,ProTherm,P00644,1STN,,P00644,P00644,AlphaFold,./pdb_files\P00644_AF.pdb,Match,A
P00644,H,206,E,-0.2,ProTherm,P00644,1STN,,P00644,P00644,AlphaFold,./pdb_files\P00644_AF.pdb,Match,A
P00644,H,206,F,-0.3,ProTherm,P00644,1STN,,P00644,P00644,AlphaFold,./pdb_files\P00644_AF.pdb,Match,A
P00644,H,206,G,0.5,ProTherm,P00644,1STN,,P00644,P00644,AlphaFold,./pdb_files\P00644_AF.pdb,Match,A
P00644,H,206,L,-1.3,ProTherm,P00644,1STN,,P00644,P00644,AlphaFold,./pdb_files\P00644_AF.pdb,Match,A
P00644,H,206,Q,-0.6,ProTherm,P00644,1STN,,P00644,P00644,AlphaFold,./pdb_files\P00644_AF.pdb,Match,A
P00644,H,90,A,0.4,ProTherm,P00644,1STN,,P00644,P00644,AlphaFold,./pdb_files\P00644_AF.pdb,Match,A
P00644,H,90,G,0.8,ProTherm,P00644,1STN,,P00644,P00644,AlphaFold,./pdb_files\P00644_AF.pdb,Match,A
P00644,I,100,A,2.5,ProTherm,P00644,1STN,,P00644,P00644,AlphaFold,./pdb_files\P00644_AF.pdb,Match,A
P00644,I,100,G,2.5,ProTherm,P00644,1STN,,P00644,P00644,AlphaFold,./pdb_files\P00644_AF.pdb,Match,A
P00644,I,100,L,0.2,ProTherm,P00644,1STN,,P00644,P00644,AlphaFold,./pdb_files\P00644_AF.pdb,Match,A
P00644,I,100,M,0.6,ProTherm,P00644,1STN,,P00644,P00644,AlphaFold,./pdb_files\P00644_AF.pdb,Match,A
P00644,I,100,V,1.1,ProTherm,P00644,1STN,,P00644,P00644,AlphaFold,./pdb_files\P00644_AF.pdb,Match,A
P00644,I,154,A,5.1,ProTherm,P00644,1STN,,P00644,P00644,AlphaFold,./pdb_files\P00644_AF.pdb,Match,A
P00644,I,154,E,8.2,ProTherm,P00644,1STN,,P00644,P00644,AlphaFold,./pdb_files\P00644_AF.pdb,Match,A
P00644,I,154,L,0.2,ProTherm,P00644,1STN,,P00644,P00644,AlphaFold,./pdb_files\P00644_AF.pdb,Match,A
P00644,I,154,M,1.8,ProTherm,P00644,1STN,,P00644,P00644,AlphaFold,./pdb_files\P00644_AF.pdb,Match,A
P00644,I,154,V,1.8,ProTherm,P00644,1STN,,P00644,P00644,AlphaFold,./pdb_files\P00644_AF.pdb,Match,A
P00644,I,174,A,4.0,ProTherm,P00644,1STN,,P00644,P00644,AlphaFold,./pdb_files\P00644_AF.pdb,Match,A
P00644,I,174,E,9.2,ProTherm,P00644,1STN,,P00644,P00644,AlphaFold,./pdb_files\P00644_AF.pdb,Match,A
P00644,I,174,L,0.6,ProTherm,P00644,1STN,,P00644,P00644,AlphaFold,./pdb_files\P00644_AF.pdb,Match,A
P00644,I,174,M,1.6,ProTherm,P00644,1STN,,P00644,P00644,AlphaFold,./pdb_files\P00644_AF.pdb,Match,A
P00644,I,174,V,0.45,ProTherm,P00644,1STN,,P00644,P00644,AlphaFold,./pdb_files\P00644_AF.pdb,Match,A
P00644,I,221,A,3.5,ProTherm,P00644,1STN,,P00644,P00644,AlphaFold,./pdb_files\P00644_AF.pdb,Match,A
P00644,I,221,G,4.4,ProTherm,P00644,1STN,,P00644,P00644,AlphaFold,./pdb_files\P00644_AF.pdb,Match,A
P00644,I,221,L,0.1,ProTherm,P00644,1STN,,P00644,P00644,AlphaFold,./pdb_files\P00644_AF.pdb,Match,A
P00644,I,221,M,0.4,ProTherm,P00644,1STN,,P00644,P00644,AlphaFold,./pdb_files\P00644_AF.pdb,Match,A
P00644,I,221,V,1.5,ProTherm,P00644,1STN,,P00644,P00644,AlphaFold,./pdb_files\P00644_AF.pdb,Match,A
P00644,I,97,A,2.6500000000000004,ProTherm,P00644,1STN,,P00644,P00644,AlphaFold,./pdb_files\P00644_AF.pdb,Match,A
P00644,I,97,G,3.3,ProTherm,P00644,1STN,,P00644,P00644,AlphaFold,./pdb_files\P00644_AF.pdb,Match,A
P00644,I,97,L,0.6,ProTherm,P00644,1STN,,P00644,P00644,AlphaFold,./pdb_files\P00644_AF.pdb,Match,A
P00644,I,97,M,0.3,ProTherm,P00644,1STN,,P00644,P00644,AlphaFold,./pdb_files\P00644_AF.pdb,Match,A
P00644,I,97,V,0.8,ProTherm,P00644,1STN,,P00644,P00644,AlphaFold,./pdb_files\P00644_AF.pdb,Match,A
P00644,K,106,A,0.2,ProTherm,P00644,1STN,,P00644,P00644,AlphaFold,./pdb_files\P00644_AF.pdb,Match,A
P00644,K,106,F,0.6,ProTherm,P00644,1STN,,P00644,P00644,AlphaFold,./pdb_files\P00644_AF.pdb,Match,A
P00644,K,106,G,1.2,ProTherm,P00644,1STN,,P00644,P00644,AlphaFold,./pdb_files\P00644_AF.pdb,Match,A
P00644,K,110,A,0.7,ProTherm,P00644,1STN,,P00644,P00644,AlphaFold,./pdb_files\P00644_AF.pdb,Match,A
P00644,K,110,E,0.8,ProTherm,P00644,1STN,,P00644,P00644,AlphaFold,./pdb_files\P00644_AF.pdb,Match,A
P00644,K,110,F,0.9,ProTherm,P00644,1STN,,P00644,P00644,AlphaFold,./pdb_files\P00644_AF.pdb,Match,A
P00644,K,110,G,0.7,ProTherm,P00644,1STN,,P00644,P00644,AlphaFold,./pdb_files\P00644_AF.pdb,Match,A
P00644,K,110,Q,0.3,ProTherm,P00644,1STN,,P00644,P00644,AlphaFold,./pdb_files\P00644_AF.pdb,Match,A
P00644,K,127,A,-0.3,ProTherm,P00644,1STN,,P00644,P00644,AlphaFold,./pdb_files\P00644_AF.pdb,Match,A
P00644,K,127,G,-0.2,ProTherm,P00644,1STN,,P00644,P00644,AlphaFold,./pdb_files\P00644_AF.pdb,Match,A
P00644,K,130,A,-0.1,ProTherm,P00644,1STN,,P00644,P00644,AlphaFold,./pdb_files\P00644_AF.pdb,Match,A
P00644,K,130,E,0.0,ProTherm,P00644,1STN,,P00644,P00644,AlphaFold,./pdb_files\P00644_AF.pdb,Match,A
P00644,K,130,F,0.5,ProTherm,P00644,1STN,,P00644,P00644,AlphaFold,./pdb_files\P00644_AF.pdb,Match,A
P00644,K,130,G,-0.2,ProTherm,P00644,1STN,,P00644,P00644,AlphaFold,./pdb_files\P00644_AF.pdb,Match,A
P00644,K,130,Q,0.1,ProTherm,P00644,1STN,,P00644,P00644,AlphaFold,./pdb_files\P00644_AF.pdb,Match,A
P00644,K,131,A,0.3,ProTherm,P00644,1STN,,P00644,P00644,AlphaFold,./pdb_files\P00644_AF.pdb,Match,A
P00644,K,131,F,0.0,ProTherm,P00644,1STN,,P00644,P00644,AlphaFold,./pdb_files\P00644_AF.pdb,Match,A
P00644,K,131,G,0.2,ProTherm,P00644,1STN,,P00644,P00644,AlphaFold,./pdb_files\P00644_AF.pdb,Match,A
P00644,K,135,A,0.2,ProTherm,P00644,1STN,,P00644,P00644,AlphaFold,./pdb_files\P00644_AF.pdb,Match,A
P00644,K,135,G,0.3,ProTherm,P00644,1STN,,P00644,P00644,AlphaFold,./pdb_files\P00644_AF.pdb,Match,A
P00644,K,145,A,0.5,ProTherm,P00644,1STN,,P00644,P00644,AlphaFold,./pdb_files\P00644_AF.pdb,Match,A
P00644,K,145,E,1.5,ProTherm,P00644,1STN,,P00644,P00644,AlphaFold,./pdb_files\P00644_AF.pdb,Match,A
P00644,K,145,F,2.0,ProTherm,P00644,1STN,,P00644,P00644,AlphaFold,./pdb_files\P00644_AF.pdb,Match,A
P00644,K,145,G,1.5,ProTherm,P00644,1STN,,P00644,P00644,AlphaFold,./pdb_files\P00644_AF.pdb,Match,A
P00644,K,145,Q,1.0,ProTherm,P00644,1STN,,P00644,P00644,AlphaFold,./pdb_files\P00644_AF.pdb,Match,A
P00644,K,146,A,-0.1,ProTherm,P00644,1STN,,P00644,P00644,AlphaFold,./pdb_files\P00644_AF.pdb,Match,A
P00644,K,146,E,1.6,ProTherm,P00644,1STN,,P00644,P00644,AlphaFold,./pdb_files\P00644_AF.pdb,Match,A
P00644,K,146,F,0.3,ProTherm,P00644,1STN,,P00644,P00644,AlphaFold,./pdb_files\P00644_AF.pdb,Match,A
P00644,K,146,G,0.4,ProTherm,P00644,1STN,,P00644,P00644,AlphaFold,./pdb_files\P00644_AF.pdb,Match,A
P00644,K,146,Q,0.0,ProTherm,P00644,1STN,,P00644,P00644,AlphaFold,./pdb_files\P00644_AF.pdb,Match,A
P00644,K,152,A,0.1,ProTherm,P00644,1STN,,P00644,P00644,AlphaFold,./pdb_files\P00644_AF.pdb,Match,A
P00644,K,152,C,0.5,ProTherm,P00644,1STN,,P00644,P00644,AlphaFold,./pdb_files\P00644_AF.pdb,Match,A
P00644,K,152,E,0.4,ProTherm,P00644,1STN,,P00644,P00644,AlphaFold,./pdb_files\P00644_AF.pdb,Match,A
P00644,K,152,F,0.1,ProTherm,P00644,1STN,,P00644,P00644,AlphaFold,./pdb_files\P00644_AF.pdb,Match,A
P00644,K,152,G,0.5,ProTherm,P00644,1STN,,P00644,P00644,AlphaFold,./pdb_files\P00644_AF.pdb,Match,A
P00644,K,152,Q,0.3,ProTherm,P00644,1STN,,P00644,P00644,AlphaFold,./pdb_files\P00644_AF.pdb,Match,A
P00644,K,152,W,0.495,ProTherm,P00644,1STN,,P00644,P00644,AlphaFold,./pdb_files\P00644_AF.pdb,Match,A
P00644,K,153,A,0.4,ProTherm,P00644,1STN,,P00644,P00644,AlphaFold,./pdb_files\P00644_AF.pdb,Match,A
P00644,K,153,F,0.0,ProTherm,P00644,1STN,,P00644,P00644,AlphaFold,./pdb_files\P00644_AF.pdb,Match,A
P00644,K,153,G,1.1,ProTherm,P00644,1STN,,P00644,P00644,AlphaFold,./pdb_files\P00644_AF.pdb,Match,A
P00644,K,160,A,0.6,ProTherm,P00644,1STN,,P00644,P00644,AlphaFold,./pdb_files\P00644_AF.pdb,Match,A
P00644,K,160,C,0.4,ProTherm,P00644,1STN,,P00644,P00644,AlphaFold,./pdb_files\P00644_AF.pdb,Match,A
P00644,K,160,E,0.8,ProTherm,P00644,1STN,,P00644,P00644,AlphaFold,./pdb_files\P00644_AF.pdb,Match,A
P00644,K,160,F,-0.1,ProTherm,P00644,1STN,,P00644,P00644,AlphaFold,./pdb_files\P00644_AF.pdb,Match,A
P00644,K,160,G,1.1,ProTherm,P00644,1STN,,P00644,P00644,AlphaFold,./pdb_files\P00644_AF.pdb,Match,A
P00644,K,160,Q,0.1,ProTherm,P00644,1STN,,P00644,P00644,AlphaFold,./pdb_files\P00644_AF.pdb,Match,A
P00644,K,166,A,-0.2,ProTherm,P00644,1STN,,P00644,P00644,AlphaFold,./pdb_files\P00644_AF.pdb,Match,A
P00644,K,166,E,0.0,ProTherm,P00644,1STN,,P00644,P00644,AlphaFold,./pdb_files\P00644_AF.pdb,Match,A
P00644,K,166,F,0.9,ProTherm,P00644,1STN,,P00644,P00644,AlphaFold,./pdb_files\P00644_AF.pdb,Match,A
P00644,K,166,G,0.3,ProTherm,P00644,1STN,,P00644,P00644,AlphaFold,./pdb_files\P00644_AF.pdb,Match,A
P00644,K,166,Q,0.1,ProTherm,P00644,1STN,,P00644,P00644,AlphaFold,./pdb_files\P00644_AF.pdb,Match,A
P00644,K,179,A,0.1,ProTherm,P00644,1STN,,P00644,P00644,AlphaFold,./pdb_files\P00644_AF.pdb,Match,A
P00644,K,179,E,0.6,ProTherm,P00644,1STN,,P00644,P00644,AlphaFold,./pdb_files\P00644_AF.pdb,Match,A
P00644,K,179,F,0.7,ProTherm,P00644,1STN,,P00644,P00644,AlphaFold,./pdb_files\P00644_AF.pdb,Match,A
P00644,K,179,G,1.7,ProTherm,P00644,1STN,,P00644,P00644,AlphaFold,./pdb_files\P00644_AF.pdb,Match,A
P00644,K,179,Q,0.4,ProTherm,P00644,1STN,,P00644,P00644,AlphaFold,./pdb_files\P00644_AF.pdb,Match,A
P00644,K,192,A,1.3,ProTherm,P00644,1STN,,P00644,P00644,AlphaFold,./pdb_files\P00644_AF.pdb,Match,A
P00644,K,192,G,2.7,ProTherm,P00644,1STN,,P00644,P00644,AlphaFold,./pdb_files\P00644_AF.pdb,Match,A
P00644,K,198,A,-0.7,ProTherm,P00644,1STN,,P00644,P00644,AlphaFold,./pdb_files\P00644_AF.pdb,Match,A
P00644,K,198,F,0.1,ProTherm,P00644,1STN,,P00644,P00644,AlphaFold,./pdb_files\P00644_AF.pdb,Match,A
P00644,K,198,G,-1.0,ProTherm,P00644,1STN,,P00644,P00644,AlphaFold,./pdb_files\P00644_AF.pdb,Match,A
P00644,K,209,A,-0.2,ProTherm,P00644,1STN,,P00644,P00644,AlphaFold,./pdb_files\P00644_AF.pdb,Match,A
P00644,K,209,E,0.0,ProTherm,P00644,1STN,,P00644,P00644,AlphaFold,./pdb_files\P00644_AF.pdb,Match,A
P00644,K,209,F,0.3,ProTherm,P00644,1STN,,P00644,P00644,AlphaFold,./pdb_files\P00644_AF.pdb,Match,A
P00644,K,209,G,0.7,ProTherm,P00644,1STN,,P00644,P00644,AlphaFold,./pdb_files\P00644_AF.pdb,Match,A
P00644,K,209,Q,0.0,ProTherm,P00644,1STN,,P00644,P00644,AlphaFold,./pdb_files\P00644_AF.pdb,Match,A
P00644,K,215,A,1.4,ProTherm,P00644,1STN,,P00644,P00644,AlphaFold,./pdb_files\P00644_AF.pdb,Match,A
P00644,K,215,F,1.4,ProTherm,P00644,1STN,,P00644,P00644,AlphaFold,./pdb_files\P00644_AF.pdb,Match,A
P00644,K,215,G,3.3,ProTherm,P00644,1STN,,P00644,P00644,AlphaFold,./pdb_files\P00644_AF.pdb,Match,A
P00644,K,215,Q,0.5,ProTherm,P00644,1STN,,P00644,P00644,AlphaFold,./pdb_files\P00644_AF.pdb,Match,A
P00644,K,216,A,-0.1,ProTherm,P00644,1STN,,P00644,P00644,AlphaFold,./pdb_files\P00644_AF.pdb,Match,A
P00644,K,216,C,0.7,ProTherm,P00644,1STN,,P00644,P00644,AlphaFold,./pdb_files\P00644_AF.pdb,Match,A
P00644,K,216,F,0.4,ProTherm,P00644,1STN,,P00644,P00644,AlphaFold,./pdb_files\P00644_AF.pdb,Match,A
P00644,K,216,G,0.7,ProTherm,P00644,1STN,,P00644,P00644,AlphaFold,./pdb_files\P00644_AF.pdb,Match,A
P00644,K,218,A,0.8,ProTherm,P00644,1STN,,P00644,P00644,AlphaFold,./pdb_files\P00644_AF.pdb,Match,A
P00644,K,218,F,1.2,ProTherm,P00644,1STN,,P00644,P00644,AlphaFold,./pdb_files\P00644_AF.pdb,Match,A
P00644,K,87,A,-0.3,ProTherm,P00644,1STN,,P00644,P00644,AlphaFold,./pdb_files\P00644_AF.pdb,Match,A
P00644,K,87,G,-0.3,ProTherm,P00644,1STN,,P00644,P00644,AlphaFold,./pdb_files\P00644_AF.pdb,Match,A
P00644,K,88,A,-0.3,ProTherm,P00644,1STN,,P00644,P00644,AlphaFold,./pdb_files\P00644_AF.pdb,Match,A
P00644,K,88,G,-0.3,ProTherm,P00644,1STN,,P00644,P00644,AlphaFold,./pdb_files\P00644_AF.pdb,Match,A
P00644,K,91,A,1.4,ProTherm,P00644,1STN,,P00644,P00644,AlphaFold,./pdb_files\P00644_AF.pdb,Match,A
P00644,K,91,F,1.2,ProTherm,P00644,1STN,,P00644,P00644,AlphaFold,./pdb_files\P00644_AF.pdb,Match,A
P00644,K,91,G,1.9,ProTherm,P00644,1STN,,P00644,P00644,AlphaFold,./pdb_files\P00644_AF.pdb,Match,A
P00644,K,98,A,0.2,ProTherm,P00644,1STN,,P00644,P00644,AlphaFold,./pdb_files\P00644_AF.pdb,Match,A
P00644,K,98,F,0.5,ProTherm,P00644,1STN,,P00644,P00644,AlphaFold,./pdb_files\P00644_AF.pdb,Match,A
P00644,K,98,G,0.7,ProTherm,P00644,1STN,,P00644,P00644,AlphaFold,./pdb_files\P00644_AF.pdb,Match,A
P00644,L,107,A,2.7,ProTherm,P00644,1STN,,P00644,P00644,AlphaFold,./pdb_files\P00644_AF.pdb,Match,A
P00644,L,107,E,7.6,ProTherm,P00644,1STN,,P00644,P00644,AlphaFold,./pdb_files\P00644_AF.pdb,Match,A
P00644,L,107,G,4.5,ProTherm,P00644,1STN,,P00644,P00644,AlphaFold,./pdb_files\P00644_AF.pdb,Match,A
P00644,L,107,I,1.7,ProTherm,P00644,1STN,,P00644,P00644,AlphaFold,./pdb_files\P00644_AF.pdb,Match,A
P00644,L,107,V,1.8,ProTherm,P00644,1STN,,P00644,P00644,AlphaFold,./pdb_files\P00644_AF.pdb,Match,A
P00644,L,118,A,3.5,ProTherm,P00644,1STN,,P00644,P00644,AlphaFold,./pdb_files\P00644_AF.pdb,Match,A
P00644,L,118,E,7.5,ProTherm,P00644,1STN,,P00644,P00644,AlphaFold,./pdb_files\P00644_AF.pdb,Match,A
P00644,L,118,G,5.3,ProTherm,P00644,1STN,,P00644,P00644,AlphaFold,./pdb_files\P00644_AF.pdb,Match,A
P00644,L,118,I,3.1,ProTherm,P00644,1STN,,P00644,P00644,AlphaFold,./pdb_files\P00644_AF.pdb,Match,A
P00644,L,118,V,3.5,ProTherm,P00644,1STN,,P00644,P00644,AlphaFold,./pdb_files\P00644_AF.pdb,Match,A
P00644,L,119,A,1.7,ProTherm,P00644,1STN,,P00644,P00644,AlphaFold,./pdb_files\P00644_AF.pdb,Match,A
P00644,L,119,E,3.1,ProTherm,P00644,1STN,,P00644,P00644,AlphaFold,./pdb_files\P00644_AF.pdb,Match,A
P00644,L,119,G,3.8,ProTherm,P00644,1STN,,P00644,P00644,AlphaFold,./pdb_files\P00644_AF.pdb,Match,A
P00644,L,119,I,2.0,ProTherm,P00644,1STN,,P00644,P00644,AlphaFold,./pdb_files\P00644_AF.pdb,Match,A
P00644,L,119,V,3.0,ProTherm,P00644,1STN,,P00644,P00644,AlphaFold,./pdb_files\P00644_AF.pdb,Match,A
P00644,L,120,A,1.65,ProTherm,P00644,1STN,,P00644,P00644,AlphaFold,./pdb_files\P00644_AF.pdb,Match,A
P00644,L,120,E,4.6,ProTherm,P00644,1STN,,P00644,P00644,AlphaFold,./pdb_files\P00644_AF.pdb,Match,A
P00644,L,120,G,0.55,ProTherm,P00644,1STN,,P00644,P00644,AlphaFold,./pdb_files\P00644_AF.pdb,Match,A
P00644,L,120,I,2.1,ProTherm,P00644,1STN,,P00644,P00644,AlphaFold,./pdb_files\P00644_AF.pdb,Match,A
P00644,L,120,V,0.2,ProTherm,P00644,1STN,,P00644,P00644,AlphaFold,./pdb_files\P00644_AF.pdb,Match,A
P00644,L,171,A,2.6,ProTherm,P00644,1STN,,P00644,P00644,AlphaFold,./pdb_files\P00644_AF.pdb,Match,A
P00644,L,171,F,1.2,ProTherm,P00644,1STN,,P00644,P00644,AlphaFold,./pdb_files\P00644_AF.pdb,Match,A
P00644,L,171,G,3.2,ProTherm,P00644,1STN,,P00644,P00644,AlphaFold,./pdb_files\P00644_AF.pdb,Match,A
P00644,L,171,I,1.1,ProTherm,P00644,1STN,,P00644,P00644,AlphaFold,./pdb_files\P00644_AF.pdb,Match,A
P00644,L,171,V,1.4,ProTherm,P00644,1STN,,P00644,P00644,AlphaFold,./pdb_files\P00644_AF.pdb,Match,A
P00644,L,185,A,4.6,ProTherm,P00644,1STN,,P00644,P00644,AlphaFold,./pdb_files\P00644_AF.pdb,Match,A
P00644,L,185,E,7.2,ProTherm,P00644,1STN,,P00644,P00644,AlphaFold,./pdb_files\P00644_AF.pdb,Match,A
P00644,L,185,I,1.1,ProTherm,P00644,1STN,,P00644,P00644,AlphaFold,./pdb_files\P00644_AF.pdb,Match,A
P00644,L,185,V,2.0,ProTherm,P00644,1STN,,P00644,P00644,AlphaFold,./pdb_files\P00644_AF.pdb,Match,A
P00644,L,190,I,3.4,ProTherm,P00644,1STN,,P00644,P00644,AlphaFold,./pdb_files\P00644_AF.pdb,Match,A
P00644,L,190,V,3.9,ProTherm,P00644,1STN,,P00644,P00644,AlphaFold,./pdb_files\P00644_AF.pdb,Match,A
P00644,L,207,A,4.9,ProTherm,P00644,1STN,,P00644,P00644,AlphaFold,./pdb_files\P00644_AF.pdb,Match,A
P00644,L,207,E,8.2,ProTherm,P00644,1STN,,P00644,P00644,AlphaFold,./pdb_files\P00644_AF.pdb,Match,A
P00644,L,207,I,1.0,ProTherm,P00644,1STN,,P00644,P00644,AlphaFold,./pdb_files\P00644_AF.pdb,Match,A
P00644,L,207,V,2.3,ProTherm,P00644,1STN,,P00644,P00644,AlphaFold,./pdb_files\P00644_AF.pdb,Match,A
P00644,L,219,A,2.3,ProTherm,P00644,1STN,,P00644,P00644,AlphaFold,./pdb_files\P00644_AF.pdb,Match,A
P00644,L,219,G,4.6,ProTherm,P00644,1STN,,P00644,P00644,AlphaFold,./pdb_files\P00644_AF.pdb,Match,A
P00644,L,219,I,0.8,ProTherm,P00644,1STN,,P00644,P00644,AlphaFold,./pdb_files\P00644_AF.pdb,Match,A
P00644,L,219,V,1.4,ProTherm,P00644,1STN,,P00644,P00644,AlphaFold,./pdb_files\P00644_AF.pdb,Match,A
P00644,L,89,A,1.6,ProTherm,P00644,1STN,,P00644,P00644,AlphaFold,./pdb_files\P00644_AF.pdb,Match,A
P00644,L,89,G,1.5,ProTherm,P00644,1STN,,P00644,P00644,AlphaFold,./pdb_files\P00644_AF.pdb,Match,A
P00644,L,89,I,0.9,ProTherm,P00644,1STN,,P00644,P00644,AlphaFold,./pdb_files\P00644_AF.pdb,Match,A
P00644,L,89,V,1.4,ProTherm,P00644,1STN,,P00644,P00644,AlphaFold,./pdb_files\P00644_AF.pdb,Match,A
P00644,L,96,A,2.3,ProTherm,P00644,1STN,,P00644,P00644,AlphaFold,./pdb_files\P00644_AF.pdb,Match,A
P00644,L,96,G,3.7,ProTherm,P00644,1STN,,P00644,P00644,AlphaFold,./pdb_files\P00644_AF.pdb,Match,A
P00644,L,96,I,1.5,ProTherm,P00644,1STN,,P00644,P00644,AlphaFold,./pdb_files\P00644_AF.pdb,Match,A
P00644,L,96,V,1.5,ProTherm,P00644,1STN,,P00644,P00644,AlphaFold,./pdb_files\P00644_AF.pdb,Match,A
P00644,M,108,A,1.5,ProTherm,P00644,1STN,,P00644,P00644,AlphaFold,./pdb_files\P00644_AF.pdb,Match,A
P00644,M,108,G,2.2,ProTherm,P00644,1STN,,P00644,P00644,AlphaFold,./pdb_files\P00644_AF.pdb,Match,A
P00644,M,108,I,0.9,ProTherm,P00644,1STN,,P00644,P00644,AlphaFold,./pdb_files\P00644_AF.pdb,Match,A
P00644,M,108,L,0.5,ProTherm,P00644,1STN,,P00644,P00644,AlphaFold,./pdb_files\P00644_AF.pdb,Match,A
P00644,M,114,A,1.7,ProTherm,P00644,1STN,,P00644,P00644,AlphaFold,./pdb_files\P00644_AF.pdb,Match,A
P00644,M,114,G,2.4,ProTherm,P00644,1STN,,P00644,P00644,AlphaFold,./pdb_files\P00644_AF.pdb,Match,A
P00644,M,114,I,0.6,ProTherm,P00644,1STN,,P00644,P00644,AlphaFold,./pdb_files\P00644_AF.pdb,Match,A
P00644,M,114,L,0.8,ProTherm,P00644,1STN,,P00644,P00644,AlphaFold,./pdb_files\P00644_AF.pdb,Match,A
P00644,M,147,A,2.0,ProTherm,P00644,1STN,,P00644,P00644,AlphaFold,./pdb_files\P00644_AF.pdb,Match,A
P00644,M,147,F,1.6,ProTherm,P00644,1STN,,P00644,P00644,AlphaFold,./pdb_files\P00644_AF.pdb,Match,A
P00644,M,147,G,4.6,ProTherm,P00644,1STN,,P00644,P00644,AlphaFold,./pdb_files\P00644_AF.pdb,Match,A
P00644,M,147,I,1.5,ProTherm,P00644,1STN,,P00644,P00644,AlphaFold,./pdb_files\P00644_AF.pdb,Match,A
P00644,M,147,L,0.8,ProTherm,P00644,1STN,,P00644,P00644,AlphaFold,./pdb_files\P00644_AF.pdb,Match,A
P00644,M,180,A,4.6,ProTherm,P00644,1STN,,P00644,P00644,AlphaFold,./pdb_files\P00644_AF.pdb,Match,A
P00644,M,180,G,4.5,ProTherm,P00644,1STN,,P00644,P00644,AlphaFold,./pdb_files\P00644_AF.pdb,Match,A
P00644,M,180,I,4.4,ProTherm,P00644,1STN,,P00644,P00644,AlphaFold,./pdb_files\P00644_AF.pdb,Match,A
P00644,N,150,A,0.5,ProTherm,P00644,1STN,,P00644,P00644,AlphaFold,./pdb_files\P00644_AF.pdb,Match,A
P00644,N,150,G,0.5,ProTherm,P00644,1STN,,P00644,P00644,AlphaFold,./pdb_files\P00644_AF.pdb,Match,A
P00644,N,182,A,5.2,ProTherm,P00644,1STN,,P00644,P00644,AlphaFold,./pdb_files\P00644_AF.pdb,Match,A
P00644,N,182,E,4.4,ProTherm,P00644,1STN,,P00644,P00644,AlphaFold,./pdb_files\P00644_AF.pdb,Match,A
P00644,N,182,G,5.1,ProTherm,P00644,1STN,,P00644,P00644,AlphaFold,./pdb_files\P00644_AF.pdb,Match,A
P00644,N,200,A,2.05,ProTherm,P00644,1STN,,P00644,P00644,AlphaFold,./pdb_files\P00644_AF.pdb,Match,A
P00644,N,200,D,2.4,ProTherm,P00644,1STN,,P00644,P00644,AlphaFold,./pdb_files\P00644_AF.pdb,Match,A
P00644,N,200,E,1.9,ProTherm,P00644,1STN,,P00644,P00644,AlphaFold,./pdb_files\P00644_AF.pdb,Match,A
P00644,N,200,G,1.85,ProTherm,P00644,1STN,,P00644,P00644,AlphaFold,./pdb_files\P00644_AF.pdb,Match,A
P00644,N,201,A,1.25,ProTherm,P00644,1STN,,P00644,P00644,AlphaFold,./pdb_files\P00644_AF.pdb,Match,A
P00644,N,201,G,1.25,ProTherm,P00644,1STN,,P00644,P00644,AlphaFold,./pdb_files\P00644_AF.pdb,Match,A
P00644,N,220,A,1.05,ProTherm,P00644,1STN,,P00644,P00644,AlphaFold,./pdb_files\P00644_AF.pdb,Match,A
P00644,N,220,G,-0.15,ProTherm,P00644,1STN,,P00644,P00644,AlphaFold,./pdb_files\P00644_AF.pdb,Match,A
P00644,P,113,A,0.5,ProTherm,P00644,1STN,,P00644,P00644,AlphaFold,./pdb_files\P00644_AF.pdb,Match,A
P00644,P,113,G,1.6,ProTherm,P00644,1STN,,P00644,P00644,AlphaFold,./pdb_files\P00644_AF.pdb,Match,A
P00644,P,124,A,-0.1,ProTherm,P00644,1STN,,P00644,P00644,AlphaFold,./pdb_files\P00644_AF.pdb,Match,A
P00644,P,124,G,0.4,ProTherm,P00644,1STN,,P00644,P00644,AlphaFold,./pdb_files\P00644_AF.pdb,Match,A
P00644,P,129,A,0.6,ProTherm,P00644,1STN,,P00644,P00644,AlphaFold,./pdb_files\P00644_AF.pdb,Match,A
P00644,P,129,F,0.3,ProTherm,P00644,1STN,,P00644,P00644,AlphaFold,./pdb_files\P00644_AF.pdb,Match,A
P00644,P,129,G,0.1,ProTherm,P00644,1STN,,P00644,P00644,AlphaFold,./pdb_files\P00644_AF.pdb,Match,A
P00644,P,138,A,0.0,ProTherm,P00644,1STN,,P00644,P00644,AlphaFold,./pdb_files\P00644_AF.pdb,Match,A
P00644,P,138,G,1.0,ProTherm,P00644,1STN,,P00644,P00644,AlphaFold,./pdb_files\P00644_AF.pdb,Match,A
P00644,P,199,A,-0.8,ProTherm,P00644,1STN,,P00644,P00644,AlphaFold,./pdb_files\P00644_AF.pdb,Match,A
P00644,P,199,F,-0.3,ProTherm,P00644,1STN,,P00644,P00644,AlphaFold,./pdb_files\P00644_AF.pdb,Match,A
P00644,P,199,G,-0.9,ProTherm,P00644,1STN,,P00644,P00644,AlphaFold,./pdb_files\P00644_AF.pdb,Match,A
P00644,P,199,L,-0.2,ProTherm,P00644,1STN,,P00644,P00644,AlphaFold,./pdb_files\P00644_AF.pdb,Match,A
P00644,P,199,T,-1.1,ProTherm,P00644,1STN,,P00644,P00644,AlphaFold,./pdb_files\P00644_AF.pdb,Match,A
P00644,P,93,A,0.4,ProTherm,P00644,1STN,,P00644,P00644,AlphaFold,./pdb_files\P00644_AF.pdb,Match,A
P00644,P,93,F,0.6,ProTherm,P00644,1STN,,P00644,P00644,AlphaFold,./pdb_files\P00644_AF.pdb,Match,A
P00644,P,93,G,1.0,ProTherm,P00644,1STN,,P00644,P00644,AlphaFold,./pdb_files\P00644_AF.pdb,Match,A
P00644,Q,112,A,0.3,ProTherm,P00644,1STN,,P00644,P00644,AlphaFold,./pdb_files\P00644_AF.pdb,Match,A
P00644,Q,112,G,0.9,ProTherm,P00644,1STN,,P00644,P00644,AlphaFold,./pdb_files\P00644_AF.pdb,Match,A
P00644,Q,162,A,0.1,ProTherm,P00644,1STN,,P00644,P00644,AlphaFold,./pdb_files\P00644_AF.pdb,Match,A
P00644,Q,162,F,0.7,ProTherm,P00644,1STN,,P00644,P00644,AlphaFold,./pdb_files\P00644_AF.pdb,Match,A
P00644,Q,162,G,1.4,ProTherm,P00644,1STN,,P00644,P00644,AlphaFold,./pdb_files\P00644_AF.pdb,Match,A
P00644,Q,188,A,-0.1,ProTherm,P00644,1STN,,P00644,P00644,AlphaFold,./pdb_files\P00644_AF.pdb,Match,A
P00644,Q,188,G,1.5,ProTherm,P00644,1STN,,P00644,P00644,AlphaFold,./pdb_files\P00644_AF.pdb,Match,A
P00644,Q,205,A,0.4,ProTherm,P00644,1STN,,P00644,P00644,AlphaFold,./pdb_files\P00644_AF.pdb,Match,A
P00644,Q,205,F,0.7,ProTherm,P00644,1STN,,P00644,P00644,AlphaFold,./pdb_files\P00644_AF.pdb,Match,A
P00644,Q,205,G,0.6,ProTherm,P00644,1STN,,P00644,P00644,AlphaFold,./pdb_files\P00644_AF.pdb,Match,A
P00644,Q,213,A,0.2,ProTherm,P00644,1STN,,P00644,P00644,AlphaFold,./pdb_files\P00644_AF.pdb,Match,A
P00644,Q,213,F,0.7,ProTherm,P00644,1STN,,P00644,P00644,AlphaFold,./pdb_files\P00644_AF.pdb,Match,A
P00644,Q,213,G,2.4,ProTherm,P00644,1STN,,P00644,P00644,AlphaFold,./pdb_files\P00644_AF.pdb,Match,A
P00644,Q,231,G,0.4,ProTherm,P00644,1STN,,P00644,P00644,AlphaFold,./pdb_files\P00644_AF.pdb,Match,A
P00644,R,117,A,1.4,ProTherm,P00644,1STN,,P00644,P00644,AlphaFold,./pdb_files\P00644_AF.pdb,Match,A
P00644,R,117,G,2.2,ProTherm,P00644,1STN,,P00644,P00644,AlphaFold,./pdb_files\P00644_AF.pdb,Match,A
P00644,R,163,A,1.1,ProTherm,P00644,1STN,,P00644,P00644,AlphaFold,./pdb_files\P00644_AF.pdb,Match,A
P00644,R,163,G,2.2,ProTherm,P00644,1STN,,P00644,P00644,AlphaFold,./pdb_files\P00644_AF.pdb,Match,A
P00644,R,169,A,0.9,ProTherm,P00644,1STN,,P00644,P00644,AlphaFold,./pdb_files\P00644_AF.pdb,Match,A
P00644,R,169,G,2.6,ProTherm,P00644,1STN,,P00644,P00644,AlphaFold,./pdb_files\P00644_AF.pdb,Match,A
P00644,R,187,A,1.4,ProTherm,P00644,1STN,,P00644,P00644,AlphaFold,./pdb_files\P00644_AF.pdb,Match,A
P00644,R,187,C,2.7,ProTherm,P00644,1STN,,P00644,P00644,AlphaFold,./pdb_files\P00644_AF.pdb,Match,A
P00644,R,187,F,3.1,ProTherm,P00644,1STN,,P00644,P00644,AlphaFold,./pdb_files\P00644_AF.pdb,Match,A
P00644,R,187,G,2.4,ProTherm,P00644,1STN,,P00644,P00644,AlphaFold,./pdb_files\P00644_AF.pdb,Match,A
P00644,R,208,A,1.7,ProTherm,P00644,1STN,,P00644,P00644,AlphaFold,./pdb_files\P00644_AF.pdb,Match,A
P00644,R,208,G,2.9,ProTherm,P00644,1STN,,P00644,P00644,AlphaFold,./pdb_files\P00644_AF.pdb,Match,A
P00644,S,141,A,-0.4,ProTherm,P00644,1STN,,P00644,P00644,AlphaFold,./pdb_files\P00644_AF.pdb,Match,A
P00644,S,141,F,0.0,ProTherm,P00644,1STN,,P00644,P00644,AlphaFold,./pdb_files\P00644_AF.pdb,Match,A
P00644,S,141,G,1.1,ProTherm,P00644,1STN,,P00644,P00644,AlphaFold,./pdb_files\P00644_AF.pdb,Match,A
P00644,S,210,A,-0.7,ProTherm,P00644,1STN,,P00644,P00644,AlphaFold,./pdb_files\P00644_AF.pdb,Match,A
P00644,S,210,F,1.0,ProTherm,P00644,1STN,,P00644,P00644,AlphaFold,./pdb_files\P00644_AF.pdb,Match,A
P00644,S,210,G,1.6,ProTherm,P00644,1STN,,P00644,P00644,AlphaFold,./pdb_files\P00644_AF.pdb,Match,A
P00644,S,223,A,0.4,ProTherm,P00644,1STN,,P00644,P00644,AlphaFold,./pdb_files\P00644_AF.pdb,Match,A
P00644,S,223,G,0.9,ProTherm,P00644,1STN,,P00644,P00644,AlphaFold,./pdb_files\P00644_AF.pdb,Match,A
P00644,S,28,G,4.71,ProTherm,P00644,1STN,,P00644,P00644,AlphaFold,./pdb_files\P00644_AF.pdb,Match,A
P00644,T,104,A,1.6,ProTherm,P00644,1STN,,P00644,P00644,AlphaFold,./pdb_files\P00644_AF.pdb,Match,A
P00644,T,104,C,0.9,ProTherm,P00644,1STN,,P00644,P00644,AlphaFold,./pdb_files\P00644_AF.pdb,Match,A
P00644,T,104,G,2.4,ProTherm,P00644,1STN,,P00644,P00644,AlphaFold,./pdb_files\P00644_AF.pdb,Match,A
P00644,T,104,I,0.7,ProTherm,P00644,1STN,,P00644,P00644,AlphaFold,./pdb_files\P00644_AF.pdb,Match,A
P00644,T,104,S,0.6,ProTherm,P00644,1STN,,P00644,P00644,AlphaFold,./pdb_files\P00644_AF.pdb,Match,A
P00644,T,104,V,0.9,ProTherm,P00644,1STN,,P00644,P00644,AlphaFold,./pdb_files\P00644_AF.pdb,Match,A
P00644,T,115,A,1.4,ProTherm,P00644,1STN,,P00644,P00644,AlphaFold,./pdb_files\P00644_AF.pdb,Match,A
P00644,T,115,C,1.2,ProTherm,P00644,1STN,,P00644,P00644,AlphaFold,./pdb_files\P00644_AF.pdb,Match,A
P00644,T,115,G,2.5,ProTherm,P00644,1STN,,P00644,P00644,AlphaFold,./pdb_files\P00644_AF.pdb,Match,A
P00644,T,115,I,-0.6,ProTherm,P00644,1STN,,P00644,P00644,AlphaFold,./pdb_files\P00644_AF.pdb,Match,A
P00644,T,115,S,1.15,ProTherm,P00644,1STN,,P00644,P00644,AlphaFold,./pdb_files\P00644_AF.pdb,Match,A
P00644,T,115,V,-0.4,ProTherm,P00644,1STN,,P00644,P00644,AlphaFold,./pdb_files\P00644_AF.pdb,Match,A
P00644,T,123,A,0.0,ProTherm,P00644,1STN,,P00644,P00644,AlphaFold,./pdb_files\P00644_AF.pdb,Match,A
P00644,T,123,C,-0.6,ProTherm,P00644,1STN,,P00644,P00644,AlphaFold,./pdb_files\P00644_AF.pdb,Match,A
P00644,T,123,E,4.3,ProTherm,P00644,1STN,,P00644,P00644,AlphaFold,./pdb_files\P00644_AF.pdb,Match,A
P00644,T,123,G,2.0,ProTherm,P00644,1STN,,P00644,P00644,AlphaFold,./pdb_files\P00644_AF.pdb,Match,A
P00644,T,123,I,-0.7,ProTherm,P00644,1STN,,P00644,P00644,AlphaFold,./pdb_files\P00644_AF.pdb,Match,A
P00644,T,123,S,1.1,ProTherm,P00644,1STN,,P00644,P00644,AlphaFold,./pdb_files\P00644_AF.pdb,Match,A
P00644,T,123,V,-0.8,ProTherm,P00644,1STN,,P00644,P00644,AlphaFold,./pdb_files\P00644_AF.pdb,Match,A
P00644,T,126,A,0.4,ProTherm,P00644,1STN,,P00644,P00644,AlphaFold,./pdb_files\P00644_AF.pdb,Match,A
P00644,T,126,C,0.2,ProTherm,P00644,1STN,,P00644,P00644,AlphaFold,./pdb_files\P00644_AF.pdb,Match,A
P00644,T,126,G,0.6,ProTherm,P00644,1STN,,P00644,P00644,AlphaFold,./pdb_files\P00644_AF.pdb,Match,A
P00644,T,126,I,0.6,ProTherm,P00644,1STN,,P00644,P00644,AlphaFold,./pdb_files\P00644_AF.pdb,Match,A
P00644,T,126,S,0.0,ProTherm,P00644,1STN,,P00644,P00644,AlphaFold,./pdb_files\P00644_AF.pdb,Match,A
P00644,T,126,V,-0.1,ProTherm,P00644,1STN,,P00644,P00644,AlphaFold,./pdb_files\P00644_AF.pdb,Match,A
P00644,T,144,A,2.4,ProTherm,P00644,1STN,,P00644,P00644,AlphaFold,./pdb_files\P00644_AF.pdb,Match,A
P00644,T,144,C,1.1,ProTherm,P00644,1STN,,P00644,P00644,AlphaFold,./pdb_files\P00644_AF.pdb,Match,A
P00644,T,144,E,6.3,ProTherm,P00644,1STN,,P00644,P00644,AlphaFold,./pdb_files\P00644_AF.pdb,Match,A
P00644,T,144,G,3.5,ProTherm,P00644,1STN,,P00644,P00644,AlphaFold,./pdb_files\P00644_AF.pdb,Match,A
P00644,T,144,I,1.7,ProTherm,P00644,1STN,,P00644,P00644,AlphaFold,./pdb_files\P00644_AF.pdb,Match,A
P00644,T,144,S,2.1,ProTherm,P00644,1STN,,P00644,P00644,AlphaFold,./pdb_files\P00644_AF.pdb,Match,A
P00644,T,144,V,0.2,ProTherm,P00644,1STN,,P00644,P00644,AlphaFold,./pdb_files\P00644_AF.pdb,Match,A
P00644,T,164,A,0.9,ProTherm,P00644,1STN,,P00644,P00644,AlphaFold,./pdb_files\P00644_AF.pdb,Match,A
P00644,T,164,C,0.1,ProTherm,P00644,1STN,,P00644,P00644,AlphaFold,./pdb_files\P00644_AF.pdb,Match,A
P00644,T,164,G,2.0,ProTherm,P00644,1STN,,P00644,P00644,AlphaFold,./pdb_files\P00644_AF.pdb,Match,A
P00644,T,164,I,-0.5,ProTherm,P00644,1STN,,P00644,P00644,AlphaFold,./pdb_files\P00644_AF.pdb,Match,A
P00644,T,164,S,0.7,ProTherm,P00644,1STN,,P00644,P00644,AlphaFold,./pdb_files\P00644_AF.pdb,Match,A
P00644,T,164,V,-0.2,ProTherm,P00644,1STN,,P00644,P00644,AlphaFold,./pdb_files\P00644_AF.pdb,Match,A
P00644,T,202,A,1.2,ProTherm,P00644,1STN,,P00644,P00644,AlphaFold,./pdb_files\P00644_AF.pdb,Match,A
P00644,T,202,C,1.7,ProTherm,P00644,1STN,,P00644,P00644,AlphaFold,./pdb_files\P00644_AF.pdb,Match,A
P00644,T,202,G,2.1,ProTherm,P00644,1STN,,P00644,P00644,AlphaFold,./pdb_files\P00644_AF.pdb,Match,A
P00644,T,202,I,1.7,ProTherm,P00644,1STN,,P00644,P00644,AlphaFold,./pdb_files\P00644_AF.pdb,Match,A
P00644,T,202,S,0.6,ProTherm,P00644,1STN,,P00644,P00644,AlphaFold,./pdb_files\P00644_AF.pdb,Match,A
P00644,T,202,V,1.8,ProTherm,P00644,1STN,,P00644,P00644,AlphaFold,./pdb_files\P00644_AF.pdb,Match,A
P00644,T,86,A,0.2,ProTherm,P00644,1STN,,P00644,P00644,AlphaFold,./pdb_files\P00644_AF.pdb,Match,A
P00644,T,86,G,0.2,ProTherm,P00644,1STN,,P00644,P00644,AlphaFold,./pdb_files\P00644_AF.pdb,Match,A
P00644,T,95,A,0.7,ProTherm,P00644,1STN,,P00644,P00644,AlphaFold,./pdb_files\P00644_AF.pdb,Match,A
P00644,T,95,C,1.4,ProTherm,P00644,1STN,,P00644,P00644,AlphaFold,./pdb_files\P00644_AF.pdb,Match,A
P00644,T,95,G,1.1,ProTherm,P00644,1STN,,P00644,P00644,AlphaFold,./pdb_files\P00644_AF.pdb,Match,A
P00644,T,95,I,0.1,ProTherm,P00644,1STN,,P00644,P00644,AlphaFold,./pdb_files\P00644_AF.pdb,Match,A
P00644,T,95,S,0.3,ProTherm,P00644,1STN,,P00644,P00644,AlphaFold,./pdb_files\P00644_AF.pdb,Match,A
P00644,T,95,V,0.4,ProTherm,P00644,1STN,,P00644,P00644,AlphaFold,./pdb_files\P00644_AF.pdb,Match,A
P00644,V,105,A,2.9,ProTherm,P00644,1STN,,P00644,P00644,AlphaFold,./pdb_files\P00644_AF.pdb,Match,A
P00644,V,105,E,7.5,ProTherm,P00644,1STN,,P00644,P00644,AlphaFold,./pdb_files\P00644_AF.pdb,Match,A
P00644,V,105,F,2.3,ProTherm,P00644,1STN,,P00644,P00644,AlphaFold,./pdb_files\P00644_AF.pdb,Match,A
P00644,V,105,I,0.2,ProTherm,P00644,1STN,,P00644,P00644,AlphaFold,./pdb_files\P00644_AF.pdb,Match,A
P00644,V,105,L,0.1,ProTherm,P00644,1STN,,P00644,P00644,AlphaFold,./pdb_files\P00644_AF.pdb,Match,A
P00644,V,105,S,4.7,ProTherm,P00644,1STN,,P00644,P00644,AlphaFold,./pdb_files\P00644_AF.pdb,Match,A
P00644,V,105,T,3.2,ProTherm,P00644,1STN,,P00644,P00644,AlphaFold,./pdb_files\P00644_AF.pdb,Match,A
P00644,V,121,A,2.2,ProTherm,P00644,1STN,,P00644,P00644,AlphaFold,./pdb_files\P00644_AF.pdb,Match,A
P00644,V,121,E,6.6,ProTherm,P00644,1STN,,P00644,P00644,AlphaFold,./pdb_files\P00644_AF.pdb,Match,A
P00644,V,121,G,4.7,ProTherm,P00644,1STN,,P00644,P00644,AlphaFold,./pdb_files\P00644_AF.pdb,Match,A
P00644,V,121,I,-0.1,ProTherm,P00644,1STN,,P00644,P00644,AlphaFold,./pdb_files\P00644_AF.pdb,Match,A
P00644,V,121,L,0.9,ProTherm,P00644,1STN,,P00644,P00644,AlphaFold,./pdb_files\P00644_AF.pdb,Match,A
P00644,V,121,S,2.4,ProTherm,P00644,1STN,,P00644,P00644,AlphaFold,./pdb_files\P00644_AF.pdb,Match,A
P00644,V,121,T,1.3,ProTherm,P00644,1STN,,P00644,P00644,AlphaFold,./pdb_files\P00644_AF.pdb,Match,A
P00644,V,133,A,0.25,ProTherm,P00644,1STN,,P00644,P00644,AlphaFold,./pdb_files\P00644_AF.pdb,Match,A
P00644,V,133,G,0.35,ProTherm,P00644,1STN,,P00644,P00644,AlphaFold,./pdb_files\P00644_AF.pdb,Match,A
P00644,V,133,I,-0.1,ProTherm,P00644,1STN,,P00644,P00644,AlphaFold,./pdb_files\P00644_AF.pdb,Match,A
P00644,V,133,L,0.2,ProTherm,P00644,1STN,,P00644,P00644,AlphaFold,./pdb_files\P00644_AF.pdb,Match,A
P00644,V,133,S,0.1,ProTherm,P00644,1STN,,P00644,P00644,AlphaFold,./pdb_files\P00644_AF.pdb,Match,A
P00644,V,133,T,-0.2,ProTherm,P00644,1STN,,P00644,P00644,AlphaFold,./pdb_files\P00644_AF.pdb,Match,A
P00644,V,148,A,2.2,ProTherm,P00644,1STN,,P00644,P00644,AlphaFold,./pdb_files\P00644_AF.pdb,Match,A
P00644,V,148,G,4.4,ProTherm,P00644,1STN,,P00644,P00644,AlphaFold,./pdb_files\P00644_AF.pdb,Match,A
P00644,V,148,I,1.0,ProTherm,P00644,1STN,,P00644,P00644,AlphaFold,./pdb_files\P00644_AF.pdb,Match,A
P00644,V,148,K,5.2,ProTherm,P00644,1STN,,P00644,P00644,AlphaFold,./pdb_files\P00644_AF.pdb,Match,A
P00644,V,148,M,0.2,ProTherm,P00644,1STN,,P00644,P00644,AlphaFold,./pdb_files\P00644_AF.pdb,Match,A
P00644,V,148,S,3.1,ProTherm,P00644,1STN,,P00644,P00644,AlphaFold,./pdb_files\P00644_AF.pdb,Match,A
P00644,V,148,T,1.2999999999999998,ProTherm,P00644,1STN,,P00644,P00644,AlphaFold,./pdb_files\P00644_AF.pdb,Match,A
P00644,V,148,W,3.463333333333333,ProTherm,P00644,1STN,,P00644,P00644,AlphaFold,./pdb_files\P00644_AF.pdb,Match,A
P00644,V,156,A,3.1,ProTherm,P00644,1STN,,P00644,P00644,AlphaFold,./pdb_files\P00644_AF.pdb,Match,A
P00644,V,156,E,9.2,ProTherm,P00644,1STN,,P00644,P00644,AlphaFold,./pdb_files\P00644_AF.pdb,Match,A
P00644,V,156,I,1.8,ProTherm,P00644,1STN,,P00644,P00644,AlphaFold,./pdb_files\P00644_AF.pdb,Match,A
P00644,V,156,L,1.2,ProTherm,P00644,1STN,,P00644,P00644,AlphaFold,./pdb_files\P00644_AF.pdb,Match,A
P00644,V,156,S,5.4,ProTherm,P00644,1STN,,P00644,P00644,AlphaFold,./pdb_files\P00644_AF.pdb,Match,A
P00644,V,156,T,3.8,ProTherm,P00644,1STN,,P00644,P00644,AlphaFold,./pdb_files\P00644_AF.pdb,Match,A
P00644,V,181,A,3.2,ProTherm,P00644,1STN,,P00644,P00644,AlphaFold,./pdb_files\P00644_AF.pdb,Match,A
P00644,V,181,E,8.7,ProTherm,P00644,1STN,,P00644,P00644,AlphaFold,./pdb_files\P00644_AF.pdb,Match,A
P00644,V,181,G,5.0,ProTherm,P00644,1STN,,P00644,P00644,AlphaFold,./pdb_files\P00644_AF.pdb,Match,A
P00644,V,181,I,0.2,ProTherm,P00644,1STN,,P00644,P00644,AlphaFold,./pdb_files\P00644_AF.pdb,Match,A
P00644,V,181,L,0.3,ProTherm,P00644,1STN,,P00644,P00644,AlphaFold,./pdb_files\P00644_AF.pdb,Match,A
P00644,V,181,S,5.1,ProTherm,P00644,1STN,,P00644,P00644,AlphaFold,./pdb_files\P00644_AF.pdb,Match,A
P00644,V,181,T,3.3,ProTherm,P00644,1STN,,P00644,P00644,AlphaFold,./pdb_files\P00644_AF.pdb,Match,A
P00644,V,186,A,2.9,ProTherm,P00644,1STN,,P00644,P00644,AlphaFold,./pdb_files\P00644_AF.pdb,Match,A
P00644,V,186,E,6.5,ProTherm,P00644,1STN,,P00644,P00644,AlphaFold,./pdb_files\P00644_AF.pdb,Match,A
P00644,V,186,I,-0.2,ProTherm,P00644,1STN,,P00644,P00644,AlphaFold,./pdb_files\P00644_AF.pdb,Match,A
P00644,V,186,L,0.8,ProTherm,P00644,1STN,,P00644,P00644,AlphaFold,./pdb_files\P00644_AF.pdb,Match,A
P00644,V,186,S,4.9,ProTherm,P00644,1STN,,P00644,P00644,AlphaFold,./pdb_files\P00644_AF.pdb,Match,A
P00644,V,186,T,2.5,ProTherm,P00644,1STN,,P00644,P00644,AlphaFold,./pdb_files\P00644_AF.pdb,Match,A
P00644,V,193,A,4.45,ProTherm,P00644,1STN,,P00644,P00644,AlphaFold,./pdb_files\P00644_AF.pdb,Match,A
P00644,V,193,G,4.9,ProTherm,P00644,1STN,,P00644,P00644,AlphaFold,./pdb_files\P00644_AF.pdb,Match,A
P00644,V,193,I,0.7,ProTherm,P00644,1STN,,P00644,P00644,AlphaFold,./pdb_files\P00644_AF.pdb,Match,A
P00644,V,193,L,0.9,ProTherm,P00644,1STN,,P00644,P00644,AlphaFold,./pdb_files\P00644_AF.pdb,Match,A
P00644,V,193,S,4.8,ProTherm,P00644,1STN,,P00644,P00644,AlphaFold,./pdb_files\P00644_AF.pdb,Match,A
P00644,V,193,T,2.3,ProTherm,P00644,1STN,,P00644,P00644,AlphaFold,./pdb_files\P00644_AF.pdb,Match,A
P00644,V,196,A,0.0,ProTherm,P00644,1STN,,P00644,P00644,AlphaFold,./pdb_files\P00644_AF.pdb,Match,A
P00644,V,196,G,0.2,ProTherm,P00644,1STN,,P00644,P00644,AlphaFold,./pdb_files\P00644_AF.pdb,Match,A
P00644,V,196,I,0.1,ProTherm,P00644,1STN,,P00644,P00644,AlphaFold,./pdb_files\P00644_AF.pdb,Match,A
P00644,V,196,L,1.1,ProTherm,P00644,1STN,,P00644,P00644,AlphaFold,./pdb_files\P00644_AF.pdb,Match,A
P00644,V,196,S,0.0,ProTherm,P00644,1STN,,P00644,P00644,AlphaFold,./pdb_files\P00644_AF.pdb,Match,A
P00644,V,196,T,0.3,ProTherm,P00644,1STN,,P00644,P00644,AlphaFold,./pdb_files\P00644_AF.pdb,Match,A
P00644,W,222,F,0.6,ProTherm,P00644,1STN,,P00644,P00644,AlphaFold,./pdb_files\P00644_AF.pdb,Match,A
P00644,W,222,H,0.4,ProTherm,P00644,1STN,,P00644,P00644,AlphaFold,./pdb_files\P00644_AF.pdb,Match,A
P00644,W,222,L,4.5,ProTherm,P00644,1STN,,P00644,P00644,AlphaFold,./pdb_files\P00644_AF.pdb,Match,A
P00644,W,222,Y,1.1,ProTherm,P00644,1STN,,P00644,P00644,AlphaFold,./pdb_files\P00644_AF.pdb,Match,A
P00644,Y,109,A,3.5,ProTherm,P00644,1STN,,P00644,P00644,AlphaFold,./pdb_files\P00644_AF.pdb,Match,A
P00644,Y,109,C,2.9,ProTherm,P00644,1STN,,P00644,P00644,AlphaFold,./pdb_files\P00644_AF.pdb,Match,A
P00644,Y,109,E,5.0,ProTherm,P00644,1STN,,P00644,P00644,AlphaFold,./pdb_files\P00644_AF.pdb,Match,A
P00644,Y,109,F,0.3,ProTherm,P00644,1STN,,P00644,P00644,AlphaFold,./pdb_files\P00644_AF.pdb,Match,A
P00644,Y,109,H,1.6,ProTherm,P00644,1STN,,P00644,P00644,AlphaFold,./pdb_files\P00644_AF.pdb,Match,A
P00644,Y,109,I,2.5,ProTherm,P00644,1STN,,P00644,P00644,AlphaFold,./pdb_files\P00644_AF.pdb,Match,A
P00644,Y,109,K,3.9,ProTherm,P00644,1STN,,P00644,P00644,AlphaFold,./pdb_files\P00644_AF.pdb,Match,A
P00644,Y,109,L,1.5,ProTherm,P00644,1STN,,P00644,P00644,AlphaFold,./pdb_files\P00644_AF.pdb,Match,A
P00644,Y,109,M,2.0,ProTherm,P00644,1STN,,P00644,P00644,AlphaFold,./pdb_files\P00644_AF.pdb,Match,A
P00644,Y,109,N,4.0,ProTherm,P00644,1STN,,P00644,P00644,AlphaFold,./pdb_files\P00644_AF.pdb,Match,A
P00644,Y,109,Q,3.2,ProTherm,P00644,1STN,,P00644,P00644,AlphaFold,./pdb_files\P00644_AF.pdb,Match,A
P00644,Y,109,R,2.9,ProTherm,P00644,1STN,,P00644,P00644,AlphaFold,./pdb_files\P00644_AF.pdb,Match,A
P00644,Y,109,S,3.0,ProTherm,P00644,1STN,,P00644,P00644,AlphaFold,./pdb_files\P00644_AF.pdb,Match,A
P00644,Y,109,T,3.3,ProTherm,P00644,1STN,,P00644,P00644,AlphaFold,./pdb_files\P00644_AF.pdb,Match,A
P00644,Y,109,V,3.0,ProTherm,P00644,1STN,,P00644,P00644,AlphaFold,./pdb_files\P00644_AF.pdb,Match,A
P00644,Y,109,W,0.6,ProTherm,P00644,1STN,,P00644,P00644,AlphaFold,./pdb_files\P00644_AF.pdb,Match,A
P00644,Y,136,A,2.1500000000000004,ProTherm,P00644,1STN,,P00644,P00644,AlphaFold,./pdb_files\P00644_AF.pdb,Match,A
P00644,Y,136,F,0.5,ProTherm,P00644,1STN,,P00644,P00644,AlphaFold,./pdb_files\P00644_AF.pdb,Match,A
P00644,Y,136,G,1.85,ProTherm,P00644,1STN,,P00644,P00644,AlphaFold,./pdb_files\P00644_AF.pdb,Match,A
P00644,Y,136,L,3.4,ProTherm,P00644,1STN,,P00644,P00644,AlphaFold,./pdb_files\P00644_AF.pdb,Match,A
P00644,Y,167,A,0.4,ProTherm,P00644,1STN,,P00644,P00644,AlphaFold,./pdb_files\P00644_AF.pdb,Match,A
P00644,Y,167,F,0.1,ProTherm,P00644,1STN,,P00644,P00644,AlphaFold,./pdb_files\P00644_AF.pdb,Match,A
P00644,Y,167,G,1.0,ProTherm,P00644,1STN,,P00644,P00644,AlphaFold,./pdb_files\P00644_AF.pdb,Match,A
P00644,Y,167,L,0.1,ProTherm,P00644,1STN,,P00644,P00644,AlphaFold,./pdb_files\P00644_AF.pdb,Match,A
P00644,Y,173,A,5.3,ProTherm,P00644,1STN,,P00644,P00644,AlphaFold,./pdb_files\P00644_AF.pdb,Match,A
P00644,Y,173,E,8.7,ProTherm,P00644,1STN,,P00644,P00644,AlphaFold,./pdb_files\P00644_AF.pdb,Match,A
P00644,Y,173,F,2.4,ProTherm,P00644,1STN,,P00644,P00644,AlphaFold,./pdb_files\P00644_AF.pdb,Match,A
P00644,Y,173,L,3.9,ProTherm,P00644,1STN,,P00644,P00644,AlphaFold,./pdb_files\P00644_AF.pdb,Match,A
P00644,Y,175,F,2.0,ProTherm,P00644,1STN,,P00644,P00644,AlphaFold,./pdb_files\P00644_AF.pdb,Match,A
P00644,Y,175,L,4.5,ProTherm,P00644,1STN,,P00644,P00644,AlphaFold,./pdb_files\P00644_AF.pdb,Match,A
P00644,Y,195,A,-0.05,ProTherm,P00644,1STN,,P00644,P00644,AlphaFold,./pdb_files\P00644_AF.pdb,Match,A
P00644,Y,195,F,0.0,ProTherm,P00644,1STN,,P00644,P00644,AlphaFold,./pdb_files\P00644_AF.pdb,Match,A
P00644,Y,195,G,0.25,ProTherm,P00644,1STN,,P00644,P00644,AlphaFold,./pdb_files\P00644_AF.pdb,Match,A
P00644,Y,195,L,-0.2,ProTherm,P00644,1STN,,P00644,P00644,AlphaFold,./pdb_files\P00644_AF.pdb,Match,A
P00644,Y,197,A,0.3,ProTherm,P00644,1STN,,P00644,P00644,AlphaFold,./pdb_files\P00644_AF.pdb,Match,A
P00644,Y,197,F,0.1,ProTherm,P00644,1STN,,P00644,P00644,AlphaFold,./pdb_files\P00644_AF.pdb,Match,A
P00644,Y,197,G,0.7,ProTherm,P00644,1STN,,P00644,P00644,AlphaFold,./pdb_files\P00644_AF.pdb,Match,A
P00644,Y,197,L,0.3,ProTherm,P00644,1STN,,P00644,P00644,AlphaFold,./pdb_files\P00644_AF.pdb,Match,A
P00648,A,79,C,1.85,ProTherm,P00648,1BNI,,P00648,P00648,AlphaFold,./pdb_files\P00648_AF.pdb,Match,A
P00648,A,79,D,0.41,ProTherm,P00648,1BNI,,P00648,P00648,AlphaFold,./pdb_files\P00648_AF.pdb,Match,A
P00648,A,79,E,-0.13,ProTherm,P00648,1BNI,,P00648,P00648,AlphaFold,./pdb_files\P00648_AF.pdb,Match,A
P00648,A,79,F,0.43,ProTherm,P00648,1BNI,,P00648,P00648,AlphaFold,./pdb_files\P00648_AF.pdb,Match,A
P00648,A,79,G,0.78,ProTherm,P00648,1BNI,,P00648,P00648,AlphaFold,./pdb_files\P00648_AF.pdb,Match,A
P00648,A,79,H,0.7,ProTherm,P00648,1BNI,,P00648,P00648,AlphaFold,./pdb_files\P00648_AF.pdb,Match,A
P00648,A,79,I,0.68,ProTherm,P00648,1BNI,,P00648,P00648,AlphaFold,./pdb_files\P00648_AF.pdb,Match,A
P00648,A,79,K,0.1,ProTherm,P00648,1BNI,,P00648,P00648,AlphaFold,./pdb_files\P00648_AF.pdb,Match,A
P00648,A,79,L,-0.08,ProTherm,P00648,1BNI,,P00648,P00648,AlphaFold,./pdb_files\P00648_AF.pdb,Match,A
P00648,A,79,M,0.08,ProTherm,P00648,1BNI,,P00648,P00648,AlphaFold,./pdb_files\P00648_AF.pdb,Match,A
P00648,A,79,N,0.33,ProTherm,P00648,1BNI,,P00648,P00648,AlphaFold,./pdb_files\P00648_AF.pdb,Match,A
P00648,A,79,P,4.12,ProTherm,P00648,1BNI,,P00648,P00648,AlphaFold,./pdb_files\P00648_AF.pdb,Match,A
P00648,A,79,Q,0.35,ProTherm,P00648,1BNI,,P00648,P00648,AlphaFold,./pdb_files\P00648_AF.pdb,Match,A
P00648,A,79,R,0.2,ProTherm,P00648,1BNI,,P00648,P00648,AlphaFold,./pdb_files\P00648_AF.pdb,Match,A
P00648,A,79,S,0.16,ProTherm,P00648,1BNI,,P00648,P00648,AlphaFold,./pdb_files\P00648_AF.pdb,Match,A
P00648,A,79,T,0.49,ProTherm,P00648,1BNI,,P00648,P00648,AlphaFold,./pdb_files\P00648_AF.pdb,Match,A
P00648,A,79,V,0.34,ProTherm,P00648,1BNI,,P00648,P00648,AlphaFold,./pdb_files\P00648_AF.pdb,Match,A
P00648,A,79,W,1.14,ProTherm,P00648,1BNI,,P00648,P00648,AlphaFold,./pdb_files\P00648_AF.pdb,Match,A
P00648,A,79,Y,0.7,ProTherm,P00648,1BNI,,P00648,P00648,AlphaFold,./pdb_files\P00648_AF.pdb,Match,A
P00648,D,101,A,3.0575,ProTherm,P00648,1BNI,,P00648,P00648,AlphaFold,./pdb_files\P00648_AF.pdb,Match,A
P00648,D,101,N,2.374,ProTherm,P00648,1BNI,,P00648,P00648,AlphaFold,./pdb_files\P00648_AF.pdb,Match,A
P00648,D,122,N,4.9,ProTherm,P00648,1BNI,,P00648,P00648,AlphaFold,./pdb_files\P00648_AF.pdb,Match,A
P00648,D,140,N,4.11,ProTherm,P00648,1BNI,,P00648,P00648,AlphaFold,./pdb_files\P00648_AF.pdb,Match,A
P00648,D,55,A,0.92,ProTherm,P00648,1BNI,,P00648,P00648,AlphaFold,./pdb_files\P00648_AF.pdb,Match,A
P00648,D,55,G,1.3,ProTherm,P00648,1BNI,,P00648,P00648,AlphaFold,./pdb_files\P00648_AF.pdb,Match,A
P00648,D,55,S,0.7,ProTherm,P00648,1BNI,,P00648,P00648,AlphaFold,./pdb_files\P00648_AF.pdb,Match,A
P00648,D,59,G,0.7,ProTherm,P00648,1BNI,,P00648,P00648,AlphaFold,./pdb_files\P00648_AF.pdb,Match,A
P00648,D,59,S,0.9,ProTherm,P00648,1BNI,,P00648,P00648,AlphaFold,./pdb_files\P00648_AF.pdb,Match,A
P00648,D,69,M,0.27,ProTherm,P00648,1BNI,,P00648,P00648,AlphaFold,./pdb_files\P00648_AF.pdb,Match,A
P00648,D,91,E,0.32,ProTherm,P00648,1BNI,,P00648,P00648,AlphaFold,./pdb_files\P00648_AF.pdb,Match,A
P00648,E,120,A,2.4,ProTherm,P00648,1BNI,,P00648,P00648,AlphaFold,./pdb_files\P00648_AF.pdb,Match,A
P00648,E,120,F,2.1,ProTherm,P00648,1BNI,,P00648,P00648,AlphaFold,./pdb_files\P00648_AF.pdb,Match,A
P00648,E,120,G,5.4,ProTherm,P00648,1BNI,,P00648,P00648,AlphaFold,./pdb_files\P00648_AF.pdb,Match,A
P00648,E,120,Q,2.7,ProTherm,P00648,1BNI,,P00648,P00648,AlphaFold,./pdb_files\P00648_AF.pdb,Match,A
P00648,E,120,W,2.2,ProTherm,P00648,1BNI,,P00648,P00648,AlphaFold,./pdb_files\P00648_AF.pdb,Match,A
P00648,E,76,A,1.28,ProTherm,P00648,1BNI,,P00648,P00648,AlphaFold,./pdb_files\P00648_AF.pdb,Match,A
P00648,E,76,G,1.9775,ProTherm,P00648,1BNI,,P00648,P00648,AlphaFold,./pdb_files\P00648_AF.pdb,Match,A
P00648,E,76,Q,0.22,ProTherm,P00648,1BNI,,P00648,P00648,AlphaFold,./pdb_files\P00648_AF.pdb,Match,A
P00648,E,76,S,1.2,ProTherm,P00648,1BNI,,P00648,P00648,AlphaFold,./pdb_files\P00648_AF.pdb,Match,A
P00648,F,54,L,4.1,ProTherm,P00648,1BNI,,P00648,P00648,AlphaFold,./pdb_files\P00648_AF.pdb,Match,A
P00648,G,100,A,3.4,ProTherm,P00648,1BNI,,P00648,P00648,AlphaFold,./pdb_files\P00648_AF.pdb,Match,A
P00648,G,100,V,7.8,ProTherm,P00648,1BNI,,P00648,P00648,AlphaFold,./pdb_files\P00648_AF.pdb,Match,A
P00648,G,112,S,-0.98,ProTherm,P00648,1BNI,,P00648,P00648,AlphaFold,./pdb_files\P00648_AF.pdb,Match,A
P00648,G,81,A,2.7,ProTherm,P00648,1BNI,,P00648,P00648,AlphaFold,./pdb_files\P00648_AF.pdb,Match,A
P00648,G,81,D,3.2,ProTherm,P00648,1BNI,,P00648,P00648,AlphaFold,./pdb_files\P00648_AF.pdb,Match,A
P00648,G,81,H,2.3,ProTherm,P00648,1BNI,,P00648,P00648,AlphaFold,./pdb_files\P00648_AF.pdb,Match,A
P00648,G,81,K,2.7,ProTherm,P00648,1BNI,,P00648,P00648,AlphaFold,./pdb_files\P00648_AF.pdb,Match,A
P00648,G,81,N,2.7,ProTherm,P00648,1BNI,,P00648,P00648,AlphaFold,./pdb_files\P00648_AF.pdb,Match,A
P00648,G,81,R,2.8,ProTherm,P00648,1BNI,,P00648,P00648,AlphaFold,./pdb_files\P00648_AF.pdb,Match,A
P00648,G,81,S,2.9,ProTherm,P00648,1BNI,,P00648,P00648,AlphaFold,./pdb_files\P00648_AF.pdb,Match,A
P00648,G,81,T,3.2,ProTherm,P00648,1BNI,,P00648,P00648,AlphaFold,./pdb_files\P00648_AF.pdb,Match,A
P00648,G,99,A,5.3,ProTherm,P00648,1BNI,,P00648,P00648,AlphaFold,./pdb_files\P00648_AF.pdb,Match,A
P00648,G,99,V,8.4,ProTherm,P00648,1BNI,,P00648,P00648,AlphaFold,./pdb_files\P00648_AF.pdb,Match,A
P00648,H,149,A,0.24,ProTherm,P00648,1BNI,,P00648,P00648,AlphaFold,./pdb_files\P00648_AF.pdb,Match,A
P00648,H,65,A,2.025,ProTherm,P00648,1BNI,,P00648,P00648,AlphaFold,./pdb_files\P00648_AF.pdb,Match,A
P00648,H,65,D,2.2,ProTherm,P00648,1BNI,,P00648,P00648,AlphaFold,./pdb_files\P00648_AF.pdb,Match,A
P00648,H,65,G,0.8566666666666666,ProTherm,P00648,1BNI,,P00648,P00648,AlphaFold,./pdb_files\P00648_AF.pdb,Match,A
P00648,H,65,K,0.91,ProTherm,P00648,1BNI,,P00648,P00648,AlphaFold,./pdb_files\P00648_AF.pdb,Match,A
P00648,H,65,N,1.8,ProTherm,P00648,1BNI,,P00648,P00648,AlphaFold,./pdb_files\P00648_AF.pdb,Match,A
P00648,H,65,Q,1.52,ProTherm,P00648,1BNI,,P00648,P00648,AlphaFold,./pdb_files\P00648_AF.pdb,Match,A
P00648,H,65,R,1.0,ProTherm,P00648,1BNI,,P00648,P00648,AlphaFold,./pdb_files\P00648_AF.pdb,Match,A
P00648,H,65,S,2.1,ProTherm,P00648,1BNI,,P00648,P00648,AlphaFold,./pdb_files\P00648_AF.pdb,Match,A
P00648,I,102,A,1.38,ProTherm,P00648,1BNI,,P00648,P00648,AlphaFold,./pdb_files\P00648_AF.pdb,Match,A
P00648,I,102,G,3.1,ProTherm,P00648,1BNI,,P00648,P00648,AlphaFold,./pdb_files\P00648_AF.pdb,Match,A
P00648,I,102,T,1.12,ProTherm,P00648,1BNI,,P00648,P00648,AlphaFold,./pdb_files\P00648_AF.pdb,Match,A
P00648,I,102,V,0.4166666666666667,ProTherm,P00648,1BNI,,P00648,P00648,AlphaFold,./pdb_files\P00648_AF.pdb,Match,A
P00648,I,123,A,1.62,ProTherm,P00648,1BNI,,P00648,P00648,AlphaFold,./pdb_files\P00648_AF.pdb,Match,A
P00648,I,123,T,2.69,ProTherm,P00648,1BNI,,P00648,P00648,AlphaFold,./pdb_files\P00648_AF.pdb,Match,A
P00648,I,123,V,0.8933333333333332,ProTherm,P00648,1BNI,,P00648,P00648,AlphaFold,./pdb_files\P00648_AF.pdb,Match,A
P00648,I,135,A,3.83,ProTherm,P00648,1BNI,,P00648,P00648,AlphaFold,./pdb_files\P00648_AF.pdb,Match,A
P00648,I,135,G,7.4,ProTherm,P00648,1BNI,,P00648,P00648,AlphaFold,./pdb_files\P00648_AF.pdb,Match,A
P00648,I,135,L,0.02,ProTherm,P00648,1BNI,,P00648,P00648,AlphaFold,./pdb_files\P00648_AF.pdb,Match,A
P00648,I,135,V,1.485,ProTherm,P00648,1BNI,,P00648,P00648,AlphaFold,./pdb_files\P00648_AF.pdb,Match,A
P00648,I,143,A,3.148333333333333,ProTherm,P00648,1BNI,,P00648,P00648,AlphaFold,./pdb_files\P00648_AF.pdb,Match,A
P00648,I,143,G,5.7,ProTherm,P00648,1BNI,,P00648,P00648,AlphaFold,./pdb_files\P00648_AF.pdb,Match,A
P00648,I,143,V,0.926,ProTherm,P00648,1BNI,,P00648,P00648,AlphaFold,./pdb_files\P00648_AF.pdb,Match,A
P00648,I,156,A,1.63,ProTherm,P00648,1BNI,,P00648,P00648,AlphaFold,./pdb_files\P00648_AF.pdb,Match,A
P00648,I,156,V,0.7966666666666667,ProTherm,P00648,1BNI,,P00648,P00648,AlphaFold,./pdb_files\P00648_AF.pdb,Match,A
P00648,I,51,A,1.0266666666666666,ProTherm,P00648,1BNI,,P00648,P00648,AlphaFold,./pdb_files\P00648_AF.pdb,Match,A
P00648,I,51,V,0.74,ProTherm,P00648,1BNI,,P00648,P00648,AlphaFold,./pdb_files\P00648_AF.pdb,Match,A
P00648,I,72,A,3.68,ProTherm,P00648,1BNI,,P00648,P00648,AlphaFold,./pdb_files\P00648_AF.pdb,Match,A
P00648,I,72,V,1.0433333333333332,ProTherm,P00648,1BNI,,P00648,P00648,AlphaFold,./pdb_files\P00648_AF.pdb,Match,A
P00648,I,98,A,4.72,ProTherm,P00648,1BNI,,P00648,P00648,AlphaFold,./pdb_files\P00648_AF.pdb,Match,A
P00648,I,98,V,1.5933333333333335,ProTherm,P00648,1BNI,,P00648,P00648,AlphaFold,./pdb_files\P00648_AF.pdb,Match,A
P00648,K,109,R,0.2566666666666666,ProTherm,P00648,1BNI,,P00648,P00648,AlphaFold,./pdb_files\P00648_AF.pdb,Match,A
P00648,K,113,A,-0.98,ProTherm,P00648,1BNI,,P00648,P00648,AlphaFold,./pdb_files\P00648_AF.pdb,Match,A
P00648,K,155,R,-0.78,ProTherm,P00648,1BNI,,P00648,P00648,AlphaFold,./pdb_files\P00648_AF.pdb,Match,A
P00648,K,66,R,-0.88,ProTherm,P00648,1BNI,,P00648,P00648,AlphaFold,./pdb_files\P00648_AF.pdb,Match,A
P00648,K,74,A,-0.445,ProTherm,P00648,1BNI,,P00648,P00648,AlphaFold,./pdb_files\P00648_AF.pdb,Match,A
P00648,L,136,G,7.0,ProTherm,P00648,1BNI,,P00648,P00648,AlphaFold,./pdb_files\P00648_AF.pdb,Match,A
P00648,L,136,T,2.91,ProTherm,P00648,1BNI,,P00648,P00648,AlphaFold,./pdb_files\P00648_AF.pdb,Match,A
P00648,L,136,V,0.2733333333333334,ProTherm,P00648,1BNI,,P00648,P00648,AlphaFold,./pdb_files\P00648_AF.pdb,Match,A
P00648,L,142,G,4.7,ProTherm,P00648,1BNI,,P00648,P00648,AlphaFold,./pdb_files\P00648_AF.pdb,Match,A
P00648,L,61,A,4.575,ProTherm,P00648,1BNI,,P00648,P00648,AlphaFold,./pdb_files\P00648_AF.pdb,Match,A
P00648,L,80,Q,1.355,ProTherm,P00648,1BNI,,P00648,P00648,AlphaFold,./pdb_files\P00648_AF.pdb,Match,A
P00648,N,105,A,1.99,ProTherm,P00648,1BNI,,P00648,P00648,AlphaFold,./pdb_files\P00648_AF.pdb,Match,A
P00648,N,105,D,-0.355,ProTherm,P00648,1BNI,,P00648,P00648,AlphaFold,./pdb_files\P00648_AF.pdb,Match,A
P00648,N,124,A,1.663333333333333,ProTherm,P00648,1BNI,,P00648,P00648,AlphaFold,./pdb_files\P00648_AF.pdb,Match,A
P00648,N,131,A,1.95,ProTherm,P00648,1BNI,,P00648,P00648,AlphaFold,./pdb_files\P00648_AF.pdb,Match,A
P00648,N,52,A,1.8333333333333333,ProTherm,P00648,1BNI,,P00648,P00648,AlphaFold,./pdb_files\P00648_AF.pdb,Match,A
P00648,N,70,A,2.316666666666667,ProTherm,P00648,1BNI,,P00648,P00648,AlphaFold,./pdb_files\P00648_AF.pdb,Match,A
P00648,N,88,D,2.5500000000000003,ProTherm,P00648,1BNI,,P00648,P00648,AlphaFold,./pdb_files\P00648_AF.pdb,Match,A
P00648,Q,151,A,0.09,ProTherm,P00648,1BNI,,P00648,P00648,AlphaFold,./pdb_files\P00648_AF.pdb,Match,A
P00648,Q,62,A,0.2,ProTherm,P00648,1BNI,,P00648,P00648,AlphaFold,./pdb_files\P00648_AF.pdb,Match,A
P00648,Q,62,G,1.6,ProTherm,P00648,1BNI,,P00648,P00648,AlphaFold,./pdb_files\P00648_AF.pdb,Match,A
P00648,Q,62,I,-1.38,ProTherm,P00648,1BNI,,P00648,P00648,AlphaFold,./pdb_files\P00648_AF.pdb,Match,A
P00648,Q,78,A,0.185,ProTherm,P00648,1BNI,,P00648,P00648,AlphaFold,./pdb_files\P00648_AF.pdb,Match,A
P00648,Q,78,G,1.1,ProTherm,P00648,1BNI,,P00648,P00648,AlphaFold,./pdb_files\P00648_AF.pdb,Match,A
P00648,Q,78,S,-0.2166666666666666,ProTherm,P00648,1BNI,,P00648,P00648,AlphaFold,./pdb_files\P00648_AF.pdb,Match,A
P00648,R,106,A,-0.64,ProTherm,P00648,1BNI,,P00648,P00648,AlphaFold,./pdb_files\P00648_AF.pdb,Match,A
P00648,R,116,K,3.13,ProTherm,P00648,1BNI,,P00648,P00648,AlphaFold,./pdb_files\P00648_AF.pdb,Match,A
P00648,R,116,M,2.12,ProTherm,P00648,1BNI,,P00648,P00648,AlphaFold,./pdb_files\P00648_AF.pdb,Match,A
P00648,R,116,S,2.72,ProTherm,P00648,1BNI,,P00648,P00648,AlphaFold,./pdb_files\P00648_AF.pdb,Match,A
P00648,R,119,G,2.5,ProTherm,P00648,1BNI,,P00648,P00648,AlphaFold,./pdb_files\P00648_AF.pdb,Match,A
P00648,R,130,K,4.13,ProTherm,P00648,1BNI,,P00648,P00648,AlphaFold,./pdb_files\P00648_AF.pdb,Match,A
P00648,R,130,Q,2.05,ProTherm,P00648,1BNI,,P00648,P00648,AlphaFold,./pdb_files\P00648_AF.pdb,Match,A
P00648,S,104,A,-0.15,ProTherm,P00648,1BNI,,P00648,P00648,AlphaFold,./pdb_files\P00648_AF.pdb,Match,A
P00648,S,132,A,-0.28,ProTherm,P00648,1BNI,,P00648,P00648,AlphaFold,./pdb_files\P00648_AF.pdb,Match,A
P00648,S,138,A,2.02,ProTherm,P00648,1BNI,,P00648,P00648,AlphaFold,./pdb_files\P00648_AF.pdb,Match,A
P00648,S,139,A,2.92,ProTherm,P00648,1BNI,,P00648,P00648,AlphaFold,./pdb_files\P00648_AF.pdb,Match,A
P00648,S,75,A,-0.6,ProTherm,P00648,1BNI,,P00648,P00648,AlphaFold,./pdb_files\P00648_AF.pdb,Match,A
P00648,S,75,E,-0.61,ProTherm,P00648,1BNI,,P00648,P00648,AlphaFold,./pdb_files\P00648_AF.pdb,Match,A
P00648,S,75,G,0.5,ProTherm,P00648,1BNI,,P00648,P00648,AlphaFold,./pdb_files\P00648_AF.pdb,Match,A
P00648,T,126,V,-0.18,ProTherm,P00648,1BNI,,P00648,P00648,AlphaFold,./pdb_files\P00648_AF.pdb,Match,A
P00648,T,146,V,2.955,ProTherm,P00648,1BNI,,P00648,P00648,AlphaFold,./pdb_files\P00648_AF.pdb,Match,A
P00648,T,147,G,2.8,ProTherm,P00648,1BNI,,P00648,P00648,AlphaFold,./pdb_files\P00648_AF.pdb,Match,A
P00648,T,152,V,2.1950000000000003,ProTherm,P00648,1BNI,,P00648,P00648,AlphaFold,./pdb_files\P00648_AF.pdb,Match,A
P00648,T,53,A,2.2325,ProTherm,P00648,1BNI,,P00648,P00648,AlphaFold,./pdb_files\P00648_AF.pdb,Match,A
P00648,T,53,D,-0.11,ProTherm,P00648,1BNI,,P00648,P00648,AlphaFold,./pdb_files\P00648_AF.pdb,Match,A
P00648,T,53,E,0.27,ProTherm,P00648,1BNI,,P00648,P00648,AlphaFold,./pdb_files\P00648_AF.pdb,Match,A
P00648,T,53,G,1.0533333333333337,ProTherm,P00648,1BNI,,P00648,P00648,AlphaFold,./pdb_files\P00648_AF.pdb,Match,A
P00648,T,53,H,1.56,ProTherm,P00648,1BNI,,P00648,P00648,AlphaFold,./pdb_files\P00648_AF.pdb,Match,A
P00648,T,53,N,1.27,ProTherm,P00648,1BNI,,P00648,P00648,AlphaFold,./pdb_files\P00648_AF.pdb,Match,A
P00648,T,53,P,3.3,ProTherm,P00648,1BNI,,P00648,P00648,AlphaFold,./pdb_files\P00648_AF.pdb,Match,A
P00648,T,53,Q,1.87,ProTherm,P00648,1BNI,,P00648,P00648,AlphaFold,./pdb_files\P00648_AF.pdb,Match,A
P00648,T,53,S,0.22,ProTherm,P00648,1BNI,,P00648,P00648,AlphaFold,./pdb_files\P00648_AF.pdb,Match,A
P00648,T,63,A,0.5,ProTherm,P00648,1BNI,,P00648,P00648,AlphaFold,./pdb_files\P00648_AF.pdb,Match,A
P00648,T,63,G,1.3,ProTherm,P00648,1BNI,,P00648,P00648,AlphaFold,./pdb_files\P00648_AF.pdb,Match,A
P00648,T,63,S,1.6525,ProTherm,P00648,1BNI,,P00648,P00648,AlphaFold,./pdb_files\P00648_AF.pdb,Match,A
P00648,T,73,A,1.9625,ProTherm,P00648,1BNI,,P00648,P00648,AlphaFold,./pdb_files\P00648_AF.pdb,Match,A
P00648,T,73,D,0.0,ProTherm,P00648,1BNI,,P00648,P00648,AlphaFold,./pdb_files\P00648_AF.pdb,Match,A
P00648,T,73,E,0.05,ProTherm,P00648,1BNI,,P00648,P00648,AlphaFold,./pdb_files\P00648_AF.pdb,Match,A
P00648,T,73,G,1.336666666666667,ProTherm,P00648,1BNI,,P00648,P00648,AlphaFold,./pdb_files\P00648_AF.pdb,Match,A
P00648,T,73,N,1.29,ProTherm,P00648,1BNI,,P00648,P00648,AlphaFold,./pdb_files\P00648_AF.pdb,Match,A
P00648,T,73,Q,1.72,ProTherm,P00648,1BNI,,P00648,P00648,AlphaFold,./pdb_files\P00648_AF.pdb,Match,A
P00648,T,73,S,0.56,ProTherm,P00648,1BNI,,P00648,P00648,AlphaFold,./pdb_files\P00648_AF.pdb,Match,A
P00648,T,73,V,2.31,ProTherm,P00648,1BNI,,P00648,P00648,AlphaFold,./pdb_files\P00648_AF.pdb,Match,A
P00648,V,57,A,3.5,ProTherm,P00648,1BNI,,P00648,P00648,AlphaFold,./pdb_files\P00648_AF.pdb,Match,A
P00648,V,57,T,2.35,ProTherm,P00648,1BNI,,P00648,P00648,AlphaFold,./pdb_files\P00648_AF.pdb,Match,A
P00648,V,83,A,1.43,ProTherm,P00648,1BNI,,P00648,P00648,AlphaFold,./pdb_files\P00648_AF.pdb,Match,A
P00648,V,83,T,1.1,ProTherm,P00648,1BNI,,P00648,P00648,AlphaFold,./pdb_files\P00648_AF.pdb,Match,A
P00648,V,92,A,1.5733333333333333,ProTherm,P00648,1BNI,,P00648,P00648,AlphaFold,./pdb_files\P00648_AF.pdb,Match,A
P00648,V,92,T,2.3266666666666667,ProTherm,P00648,1BNI,,P00648,P00648,AlphaFold,./pdb_files\P00648_AF.pdb,Match,A
P00648,W,141,F,1.06,ProTherm,P00648,1BNI,,P00648,P00648,AlphaFold,./pdb_files\P00648_AF.pdb,Match,A
P00648,W,141,L,1.59,ProTherm,P00648,1BNI,,P00648,P00648,AlphaFold,./pdb_files\P00648_AF.pdb,Match,A
P00648,W,141,Y,1.27,ProTherm,P00648,1BNI,,P00648,P00648,AlphaFold,./pdb_files\P00648_AF.pdb,Match,A
P00648,Y,125,F,1.33,ProTherm,P00648,1BNI,,P00648,P00648,AlphaFold,./pdb_files\P00648_AF.pdb,Match,A
P00648,Y,144,G,6.6,ProTherm,P00648,1BNI,,P00648,P00648,AlphaFold,./pdb_files\P00648_AF.pdb,Match,A
P00648,Y,150,F,0.09,ProTherm,P00648,1BNI,,P00648,P00648,AlphaFold,./pdb_files\P00648_AF.pdb,Match,A
P00648,Y,60,A,3.466666666666667,ProTherm,P00648,1BNI,,P00648,P00648,AlphaFold,./pdb_files\P00648_AF.pdb,Match,A
P00648,Y,60,F,0.63,ProTherm,P00648,1BNI,,P00648,P00648,AlphaFold,./pdb_files\P00648_AF.pdb,Match,A
P00648,Y,60,G,6.4,ProTherm,P00648,1BNI,,P00648,P00648,AlphaFold,./pdb_files\P00648_AF.pdb,Match,A
P00648,Y,64,A,2.1425,ProTherm,P00648,1BNI,,P00648,P00648,AlphaFold,./pdb_files\P00648_AF.pdb,Match,A
P00648,Y,64,F,0.58,ProTherm,P00648,1BNI,,P00648,P00648,AlphaFold,./pdb_files\P00648_AF.pdb,Match,A
P00648,Y,64,G,4.45,ProTherm,P00648,1BNI,,P00648,P00648,AlphaFold,./pdb_files\P00648_AF.pdb,Match,A
P00648,Y,64,S,2.0,ProTherm,P00648,1BNI,,P00648,P00648,AlphaFold,./pdb_files\P00648_AF.pdb,Match,A
P00648,Y,71,F,-0.09,ProTherm,P00648,1BNI,,P00648,P00648,AlphaFold,./pdb_files\P00648_AF.pdb,Match,A
P00651,A,47,C,0.74,ProTherm,P00651,"1YGW, 1RN1, 9RNT",,P00651,P00651,AlphaFold,./pdb_files\P00651_AF.pdb,Match,A
P00651,A,47,D,0.71,ProTherm,P00651,"1YGW, 1RN1, 9RNT",,P00651,P00651,AlphaFold,./pdb_files\P00651_AF.pdb,Match,A
P00651,A,47,E,0.69,ProTherm,P00651,"1YGW, 1RN1, 9RNT",,P00651,P00651,AlphaFold,./pdb_files\P00651_AF.pdb,Match,A
P00651,A,47,F,0.57,ProTherm,P00651,"1YGW, 1RN1, 9RNT",,P00651,P00651,AlphaFold,./pdb_files\P00651_AF.pdb,Match,A
P00651,A,47,G,0.9,ProTherm,P00651,"1YGW, 1RN1, 9RNT",,P00651,P00651,AlphaFold,./pdb_files\P00651_AF.pdb,Match,A
P00651,A,47,H,0.17,ProTherm,P00651,"1YGW, 1RN1, 9RNT",,P00651,P00651,AlphaFold,./pdb_files\P00651_AF.pdb,Match,A
P00651,A,47,I,0.44,ProTherm,P00651,"1YGW, 1RN1, 9RNT",,P00651,P00651,AlphaFold,./pdb_files\P00651_AF.pdb,Match,A
P00651,A,47,K,0.51,ProTherm,P00651,"1YGW, 1RN1, 9RNT",,P00651,P00651,AlphaFold,./pdb_files\P00651_AF.pdb,Match,A
P00651,A,47,L,0.13,ProTherm,P00651,"1YGW, 1RN1, 9RNT",,P00651,P00651,AlphaFold,./pdb_files\P00651_AF.pdb,Match,A
P00651,A,47,M,0.15,ProTherm,P00651,"1YGW, 1RN1, 9RNT",,P00651,P00651,AlphaFold,./pdb_files\P00651_AF.pdb,Match,A
P00651,A,47,N,-0.34,ProTherm,P00651,"1YGW, 1RN1, 9RNT",,P00651,P00651,AlphaFold,./pdb_files\P00651_AF.pdb,Match,A
P00651,A,47,Q,0.4,ProTherm,P00651,"1YGW, 1RN1, 9RNT",,P00651,P00651,AlphaFold,./pdb_files\P00651_AF.pdb,Match,A
P00651,A,47,R,0.41,ProTherm,P00651,"1YGW, 1RN1, 9RNT",,P00651,P00651,AlphaFold,./pdb_files\P00651_AF.pdb,Match,A
P00651,A,47,S,0.4,ProTherm,P00651,"1YGW, 1RN1, 9RNT",,P00651,P00651,AlphaFold,./pdb_files\P00651_AF.pdb,Match,A
P00651,A,47,T,0.57,ProTherm,P00651,"1YGW, 1RN1, 9RNT",,P00651,P00651,AlphaFold,./pdb_files\P00651_AF.pdb,Match,A
P00651,A,47,V,0.66,ProTherm,P00651,"1YGW, 1RN1, 9RNT",,P00651,P00651,AlphaFold,./pdb_files\P00651_AF.pdb,Match,A
P00651,A,47,W,0.3,ProTherm,P00651,"1YGW, 1RN1, 9RNT",,P00651,P00651,AlphaFold,./pdb_files\P00651_AF.pdb,Match,A
P00651,A,47,Y,0.39,ProTherm,P00651,"1YGW, 1RN1, 9RNT",,P00651,P00651,AlphaFold,./pdb_files\P00651_AF.pdb,Match,A
P00651,D,102,A,3.75,ProTherm,P00651,"1YGW, 1RN1, 9RNT",,P00651,P00651,AlphaFold,./pdb_files\P00651_AF.pdb,Match,A
P00651,D,102,N,3.2225,ProTherm,P00651,"1YGW, 1RN1, 9RNT",,P00651,P00651,AlphaFold,./pdb_files\P00651_AF.pdb,Match,A
P00651,D,102,S,3.2,ProTherm,P00651,"1YGW, 1RN1, 9RNT",,P00651,P00651,AlphaFold,./pdb_files\P00651_AF.pdb,Match,A
P00651,D,75,A,0.5,ProTherm,P00651,"1YGW, 1RN1, 9RNT",,P00651,P00651,AlphaFold,./pdb_files\P00651_AF.pdb,Match,A
P00651,D,75,H,-1.1,ProTherm,P00651,"1YGW, 1RN1, 9RNT",,P00651,P00651,AlphaFold,./pdb_files\P00651_AF.pdb,Match,A
P00651,E,84,A,0.9,ProTherm,P00651,"1YGW, 1RN1, 9RNT",,P00651,P00651,AlphaFold,./pdb_files\P00651_AF.pdb,Match,A
P00651,H,118,A,0.62,ProTherm,P00651,"1YGW, 1RN1, 9RNT",,P00651,P00651,AlphaFold,./pdb_files\P00651_AF.pdb,Match,A
P00651,H,66,T,0.26,ProTherm,P00651,"1YGW, 1RN1, 9RNT",,P00651,P00651,AlphaFold,./pdb_files\P00651_AF.pdb,Match,A
P00651,I,116,V,1.2,ProTherm,P00651,"1YGW, 1RN1, 9RNT",,P00651,P00651,AlphaFold,./pdb_files\P00651_AF.pdb,Match,A
P00651,I,87,V,1.8,ProTherm,P00651,"1YGW, 1RN1, 9RNT",,P00651,P00651,AlphaFold,./pdb_files\P00651_AF.pdb,Match,A
P00651,L,112,A,4.3,ProTherm,P00651,"1YGW, 1RN1, 9RNT",,P00651,P00651,AlphaFold,./pdb_files\P00651_AF.pdb,Match,A
P00651,N,107,A,2.87,ProTherm,P00651,"1YGW, 1RN1, 9RNT",,P00651,P00651,AlphaFold,./pdb_files\P00651_AF.pdb,Match,A
P00651,N,35,A,0.9,ProTherm,P00651,"1YGW, 1RN1, 9RNT",,P00651,P00651,AlphaFold,./pdb_files\P00651_AF.pdb,Match,A
P00651,N,62,A,-0.03,ProTherm,P00651,"1YGW, 1RN1, 9RNT",,P00651,P00651,AlphaFold,./pdb_files\P00651_AF.pdb,Match,A
P00651,N,70,A,2.04,ProTherm,P00651,"1YGW, 1RN1, 9RNT",,P00651,P00651,AlphaFold,./pdb_files\P00651_AF.pdb,Match,A
P00651,N,70,D,2.0,ProTherm,P00651,"1YGW, 1RN1, 9RNT",,P00651,P00651,AlphaFold,./pdb_files\P00651_AF.pdb,Match,A
P00651,N,70,S,1.9,ProTherm,P00651,"1YGW, 1RN1, 9RNT",,P00651,P00651,AlphaFold,./pdb_files\P00651_AF.pdb,Match,A
P00651,P,65,A,4.33,ProTherm,P00651,"1YGW, 1RN1, 9RNT",,P00651,P00651,AlphaFold,./pdb_files\P00651_AF.pdb,Match,A
P00651,P,99,V,-2.01,ProTherm,P00651,"1YGW, 1RN1, 9RNT",,P00651,P00651,AlphaFold,./pdb_files\P00651_AF.pdb,Match,A
P00651,Q,51,K,-0.77,ProTherm,P00651,"1YGW, 1RN1, 9RNT",,P00651,P00651,AlphaFold,./pdb_files\P00651_AF.pdb,Match,A
P00651,S,38,A,1.23,ProTherm,P00651,"1YGW, 1RN1, 9RNT",,P00651,P00651,AlphaFold,./pdb_files\P00651_AF.pdb,Match,A
P00651,S,43,A,-0.67,ProTherm,P00651,"1YGW, 1RN1, 9RNT",,P00651,P00651,AlphaFold,./pdb_files\P00651_AF.pdb,Match,A
P00651,S,90,A,1.44,ProTherm,P00651,"1YGW, 1RN1, 9RNT",,P00651,P00651,AlphaFold,./pdb_files\P00651_AF.pdb,Match,A
P00651,T,117,A,3.2,ProTherm,P00651,"1YGW, 1RN1, 9RNT",,P00651,P00651,AlphaFold,./pdb_files\P00651_AF.pdb,Match,A
P00651,T,117,V,3.6,ProTherm,P00651,"1YGW, 1RN1, 9RNT",,P00651,P00651,AlphaFold,./pdb_files\P00651_AF.pdb,Match,A
P00651,T,119,A,0.7,ProTherm,P00651,"1YGW, 1RN1, 9RNT",,P00651,P00651,AlphaFold,./pdb_files\P00651_AF.pdb,Match,A
P00651,T,119,V,1.0,ProTherm,P00651,"1YGW, 1RN1, 9RNT",,P00651,P00651,AlphaFold,./pdb_files\P00651_AF.pdb,Match,A
P00651,V,104,A,3.94,ProTherm,P00651,"1YGW, 1RN1, 9RNT",,P00651,P00651,AlphaFold,./pdb_files\P00651_AF.pdb,Match,A
P00651,V,104,C,3.67,ProTherm,P00651,"1YGW, 1RN1, 9RNT",,P00651,P00651,AlphaFold,./pdb_files\P00651_AF.pdb,Match,A
P00651,V,104,S,4.73,ProTherm,P00651,"1YGW, 1RN1, 9RNT",,P00651,P00651,AlphaFold,./pdb_files\P00651_AF.pdb,Match,A
P00651,V,104,T,3.59,ProTherm,P00651,"1YGW, 1RN1, 9RNT",,P00651,P00651,AlphaFold,./pdb_files\P00651_AF.pdb,Match,A
P00651,V,115,C,3.54,ProTherm,P00651,"1YGW, 1RN1, 9RNT",,P00651,P00651,AlphaFold,./pdb_files\P00651_AF.pdb,Match,A
P00651,V,115,S,4.87,ProTherm,P00651,"1YGW, 1RN1, 9RNT",,P00651,P00651,AlphaFold,./pdb_files\P00651_AF.pdb,Match,A
P00651,V,115,T,3.07,ProTherm,P00651,"1YGW, 1RN1, 9RNT",,P00651,P00651,AlphaFold,./pdb_files\P00651_AF.pdb,Match,A
P00651,V,42,A,2.393333333333333,ProTherm,P00651,"1YGW, 1RN1, 9RNT",,P00651,P00651,AlphaFold,./pdb_files\P00651_AF.pdb,Match,A
P00651,V,42,C,4.99,ProTherm,P00651,"1YGW, 1RN1, 9RNT",,P00651,P00651,AlphaFold,./pdb_files\P00651_AF.pdb,Match,A
P00651,V,42,S,4.6850000000000005,ProTherm,P00651,"1YGW, 1RN1, 9RNT",,P00651,P00651,AlphaFold,./pdb_files\P00651_AF.pdb,Match,A
P00651,V,42,T,3.65,ProTherm,P00651,"1YGW, 1RN1, 9RNT",,P00651,P00651,AlphaFold,./pdb_files\P00651_AF.pdb,Match,A
P00651,W,85,Y,0.93,ProTherm,P00651,"1YGW, 1RN1, 9RNT",,P00651,P00651,AlphaFold,./pdb_files\P00651_AF.pdb,Match,A
P00651,Y,37,F,2.11,ProTherm,P00651,"1YGW, 1RN1, 9RNT",,P00651,P00651,AlphaFold,./pdb_files\P00651_AF.pdb,Match,A
P00651,Y,50,W,-1.24,ProTherm,P00651,"1YGW, 1RN1, 9RNT",,P00651,P00651,AlphaFold,./pdb_files\P00651_AF.pdb,Match,A
P00651,Y,68,F,-1.14,ProTherm,P00651,"1YGW, 1RN1, 9RNT",,P00651,P00651,AlphaFold,./pdb_files\P00651_AF.pdb,Match,A
P00651,Y,68,W,0.14,ProTherm,P00651,"1YGW, 1RN1, 9RNT",,P00651,P00651,AlphaFold,./pdb_files\P00651_AF.pdb,Match,A
P00651,Y,71,W,-0.74,ProTherm,P00651,"1YGW, 1RN1, 9RNT",,P00651,P00651,AlphaFold,./pdb_files\P00651_AF.pdb,Match,A
P00651,Y,82,F,0.78,ProTherm,P00651,"1YGW, 1RN1, 9RNT",,P00651,P00651,AlphaFold,./pdb_files\P00651_AF.pdb,Match,A
P00651,Y,83,F,0.5,ProTherm,P00651,"1YGW, 1RN1, 9RNT",,P00651,P00651,AlphaFold,./pdb_files\P00651_AF.pdb,Match,A
P00651,Y,94,F,1.36,ProTherm,P00651,"1YGW, 1RN1, 9RNT",,P00651,P00651,AlphaFold,./pdb_files\P00651_AF.pdb,Match,A
P00698,A,49,I,-1.4,ProTherm,P00698,4LYZ,,P00698,P00698,AlphaFold,./pdb_files\P00698_AF.pdb,Match,A
P00698,A,49,L,-1.8,ProTherm,P00698,4LYZ,,P00698,P00698,AlphaFold,./pdb_files\P00698_AF.pdb,Match,A
P00698,A,49,V,-1.2,ProTherm,P00698,4LYZ,,P00698,P00698,AlphaFold,./pdb_files\P00698_AF.pdb,Match,A
P00698,C,112,A,4.78,ProTherm,P00698,4LYZ,,P00698,P00698,AlphaFold,./pdb_files\P00698_AF.pdb,Match,A
P00698,D,119,A,-0.76,ProTherm,P00698,4LYZ,,P00698,P00698,AlphaFold,./pdb_files\P00698_AF.pdb,Match,A
P00698,D,119,E,0.0,ProTherm,P00698,4LYZ,,P00698,P00698,AlphaFold,./pdb_files\P00698_AF.pdb,Match,A
P00698,D,119,F,-0.72,ProTherm,P00698,4LYZ,,P00698,P00698,AlphaFold,./pdb_files\P00698_AF.pdb,Match,A
P00698,D,119,G,-0.45,ProTherm,P00698,4LYZ,,P00698,P00698,AlphaFold,./pdb_files\P00698_AF.pdb,Match,A
P00698,D,119,K,-0.19,ProTherm,P00698,4LYZ,,P00698,P00698,AlphaFold,./pdb_files\P00698_AF.pdb,Match,A
P00698,D,119,N,-0.04,ProTherm,P00698,4LYZ,,P00698,P00698,AlphaFold,./pdb_files\P00698_AF.pdb,Match,A
P00698,D,119,P,2.4,ProTherm,P00698,4LYZ,,P00698,P00698,AlphaFold,./pdb_files\P00698_AF.pdb,Match,A
P00698,D,119,Q,0.08,ProTherm,P00698,4LYZ,,P00698,P00698,AlphaFold,./pdb_files\P00698_AF.pdb,Match,A
P00698,D,119,R,-0.27,ProTherm,P00698,4LYZ,,P00698,P00698,AlphaFold,./pdb_files\P00698_AF.pdb,Match,A
P00698,D,119,S,-0.87,ProTherm,P00698,4LYZ,,P00698,P00698,AlphaFold,./pdb_files\P00698_AF.pdb,Match,A
P00698,E,53,A,-1.66,ProTherm,P00698,4LYZ,,P00698,P00698,AlphaFold,./pdb_files\P00698_AF.pdb,Match,A
P00698,E,53,H,1.085,ProTherm,P00698,4LYZ,,P00698,P00698,AlphaFold,./pdb_files\P00698_AF.pdb,Match,A
P00698,E,53,Q,-0.315,ProTherm,P00698,4LYZ,,P00698,P00698,AlphaFold,./pdb_files\P00698_AF.pdb,Match,A
P00698,F,21,Y,0.45,ProTherm,P00698,4LYZ,,P00698,P00698,AlphaFold,./pdb_files\P00698_AF.pdb,Match,A
P00698,F,52,Y,-0.19,ProTherm,P00698,4LYZ,,P00698,P00698,AlphaFold,./pdb_files\P00698_AF.pdb,Match,A
P00698,G,120,A,-0.02,ProTherm,P00698,4LYZ,,P00698,P00698,AlphaFold,./pdb_files\P00698_AF.pdb,Match,A
P00698,G,120,P,0.1,ProTherm,P00698,4LYZ,,P00698,P00698,AlphaFold,./pdb_files\P00698_AF.pdb,Match,A
P00698,G,120,R,-0.38,ProTherm,P00698,4LYZ,,P00698,P00698,AlphaFold,./pdb_files\P00698_AF.pdb,Match,A
P00698,G,120,V,0.04,ProTherm,P00698,4LYZ,,P00698,P00698,AlphaFold,./pdb_files\P00698_AF.pdb,Match,A
P00698,G,135,A,1.46,ProTherm,P00698,4LYZ,,P00698,P00698,AlphaFold,./pdb_files\P00698_AF.pdb,Match,A
P00698,G,67,A,-1.92,ProTherm,P00698,4LYZ,,P00698,P00698,AlphaFold,./pdb_files\P00698_AF.pdb,Match,A
P00698,G,67,N,0.96,ProTherm,P00698,4LYZ,,P00698,P00698,AlphaFold,./pdb_files\P00698_AF.pdb,Match,A
P00698,G,85,A,-1.27,ProTherm,P00698,4LYZ,,P00698,P00698,AlphaFold,./pdb_files\P00698_AF.pdb,Match,A
P00698,G,89,A,0.38,ProTherm,P00698,4LYZ,,P00698,P00698,AlphaFold,./pdb_files\P00698_AF.pdb,Match,A
P00698,H,33,L,-0.76,ProTherm,P00698,4LYZ,,P00698,P00698,AlphaFold,./pdb_files\P00698_AF.pdb,Match,A
P00698,I,116,M,0.9,ProTherm,P00698,4LYZ,,P00698,P00698,AlphaFold,./pdb_files\P00698_AF.pdb,Match,A
P00698,I,73,A,4.4,ProTherm,P00698,4LYZ,,P00698,P00698,AlphaFold,./pdb_files\P00698_AF.pdb,Match,A
P00698,I,73,F,2.46,ProTherm,P00698,4LYZ,,P00698,P00698,AlphaFold,./pdb_files\P00698_AF.pdb,Match,A
P00698,I,73,L,0.45,ProTherm,P00698,4LYZ,,P00698,P00698,AlphaFold,./pdb_files\P00698_AF.pdb,Match,A
P00698,I,73,M,2.27,ProTherm,P00698,4LYZ,,P00698,P00698,AlphaFold,./pdb_files\P00698_AF.pdb,Match,A
P00698,I,73,T,3.3,ProTherm,P00698,4LYZ,,P00698,P00698,AlphaFold,./pdb_files\P00698_AF.pdb,Match,A
P00698,I,73,V,0.91,ProTherm,P00698,4LYZ,,P00698,P00698,AlphaFold,./pdb_files\P00698_AF.pdb,Match,A
P00698,I,76,M,1.18,ProTherm,P00698,4LYZ,,P00698,P00698,AlphaFold,./pdb_files\P00698_AF.pdb,Match,A
P00698,I,96,M,0.9,ProTherm,P00698,4LYZ,,P00698,P00698,AlphaFold,./pdb_files\P00698_AF.pdb,Match,A
P00698,K,31,D,6.69,ProTherm,P00698,4LYZ,,P00698,P00698,AlphaFold,./pdb_files\P00698_AF.pdb,Match,A
P00698,M,123,T,0.24,ProTherm,P00698,4LYZ,,P00698,P00698,AlphaFold,./pdb_files\P00698_AF.pdb,Match,A
P00698,M,30,F,-0.28,ProTherm,P00698,4LYZ,,P00698,P00698,AlphaFold,./pdb_files\P00698_AF.pdb,Match,A
P00698,M,30,L,0.57,ProTherm,P00698,4LYZ,,P00698,P00698,AlphaFold,./pdb_files\P00698_AF.pdb,Match,A
P00698,N,121,D,-0.24,ProTherm,P00698,4LYZ,,P00698,P00698,AlphaFold,./pdb_files\P00698_AF.pdb,Match,A
P00698,N,37,K,1.06,ProTherm,P00698,4LYZ,,P00698,P00698,AlphaFold,./pdb_files\P00698_AF.pdb,Match,A
P00698,N,64,D,0.8,ProTherm,P00698,4LYZ,,P00698,P00698,AlphaFold,./pdb_files\P00698_AF.pdb,Match,A
P00698,N,95,H,0.38,ProTherm,P00698,4LYZ,,P00698,P00698,AlphaFold,./pdb_files\P00698_AF.pdb,Match,A
P00698,P,88,N,2.15,ProTherm,P00698,4LYZ,,P00698,P00698,AlphaFold,./pdb_files\P00698_AF.pdb,Match,A
P00698,Q,139,H,0.45,ProTherm,P00698,4LYZ,,P00698,P00698,AlphaFold,./pdb_files\P00698_AF.pdb,Match,A
P00698,R,132,H,-0.68,ProTherm,P00698,4LYZ,,P00698,P00698,AlphaFold,./pdb_files\P00698_AF.pdb,Match,A
P00698,R,39,Q,0.15,ProTherm,P00698,4LYZ,,P00698,P00698,AlphaFold,./pdb_files\P00698_AF.pdb,Match,A
P00698,R,86,K,0.04,ProTherm,P00698,4LYZ,,P00698,P00698,AlphaFold,./pdb_files\P00698_AF.pdb,Match,A
P00698,R,91,K,-0.23,ProTherm,P00698,4LYZ,,P00698,P00698,AlphaFold,./pdb_files\P00698_AF.pdb,Match,A
P00698,S,109,A,0.15,ProTherm,P00698,4LYZ,,P00698,P00698,AlphaFold,./pdb_files\P00698_AF.pdb,Match,A
P00698,S,109,D,2.31,ProTherm,P00698,4LYZ,,P00698,P00698,AlphaFold,./pdb_files\P00698_AF.pdb,Match,A
P00698,S,109,T,-0.99,ProTherm,P00698,4LYZ,,P00698,P00698,AlphaFold,./pdb_files\P00698_AF.pdb,Match,A
P00698,S,109,V,0.08,ProTherm,P00698,4LYZ,,P00698,P00698,AlphaFold,./pdb_files\P00698_AF.pdb,Match,A
P00698,S,109,Y,3.07,ProTherm,P00698,4LYZ,,P00698,P00698,AlphaFold,./pdb_files\P00698_AF.pdb,Match,A
P00698,T,136,P,2.0,ProTherm,P00698,4LYZ,,P00698,P00698,AlphaFold,./pdb_files\P00698_AF.pdb,Match,A
P00698,T,58,I,2.2,ProTherm,P00698,4LYZ,,P00698,P00698,AlphaFold,./pdb_files\P00698_AF.pdb,Match,A
P00698,T,58,S,0.27,ProTherm,P00698,4LYZ,,P00698,P00698,AlphaFold,./pdb_files\P00698_AF.pdb,Match,A
P00698,W,126,Q,3.495,ProTherm,P00698,4LYZ,,P00698,P00698,AlphaFold,./pdb_files\P00698_AF.pdb,Match,A
P00698,W,126,Y,1.29,ProTherm,P00698,4LYZ,,P00698,P00698,AlphaFold,./pdb_files\P00698_AF.pdb,Match,A
P00711,A,125,S,1.05,ProTherm,P00711,1HFZ,,P00711,P00711,AlphaFold,./pdb_files\P00711_AF.pdb,Match,A
P00711,H,126,A,0.79,ProTherm,P00711,1HFZ,,P00711,P00711,AlphaFold,./pdb_files\P00711_AF.pdb,Match,A
P00711,H,126,W,1.72,ProTherm,P00711,1HFZ,,P00711,P00711,AlphaFold,./pdb_files\P00711_AF.pdb,Match,A
P00711,H,126,Y,0.19,ProTherm,P00711,1HFZ,,P00711,P00711,AlphaFold,./pdb_files\P00711_AF.pdb,Match,A
P00711,H,51,A,2.13,ProTherm,P00711,1HFZ,,P00711,P00711,AlphaFold,./pdb_files\P00711_AF.pdb,Match,A
P00711,H,51,Y,-0.07,ProTherm,P00711,1HFZ,,P00711,P00711,AlphaFold,./pdb_files\P00711_AF.pdb,Match,A
P00711,I,78,W,0.93,ProTherm,P00711,1HFZ,,P00711,P00711,AlphaFold,./pdb_files\P00711_AF.pdb,Match,A
P00711,K,133,E,0.65,ProTherm,P00711,1HFZ,,P00711,P00711,AlphaFold,./pdb_files\P00711_AF.pdb,Match,A
P00711,K,133,N,-2.65,ProTherm,P00711,1HFZ,,P00711,P00711,AlphaFold,./pdb_files\P00711_AF.pdb,Match,A
P00711,K,133,Q,0.6,ProTherm,P00711,1HFZ,,P00711,P00711,AlphaFold,./pdb_files\P00711_AF.pdb,Match,A
P00711,L,129,E,0.19,ProTherm,P00711,1HFZ,,P00711,P00711,AlphaFold,./pdb_files\P00711_AF.pdb,Match,A
P00711,L,129,H,-1.39,ProTherm,P00711,1HFZ,,P00711,P00711,AlphaFold,./pdb_files\P00711_AF.pdb,Match,A
P00711,L,129,R,-0.43,ProTherm,P00711,1HFZ,,P00711,P00711,AlphaFold,./pdb_files\P00711_AF.pdb,Match,A
P00711,Q,136,A,0.96,ProTherm,P00711,1HFZ,,P00711,P00711,AlphaFold,./pdb_files\P00711_AF.pdb,Match,A
P00711,Q,73,A,0.41,ProTherm,P00711,1HFZ,,P00711,P00711,AlphaFold,./pdb_files\P00711_AF.pdb,Match,A
P00711,V,61,A,0.93,ProTherm,P00711,1HFZ,,P00711,P00711,AlphaFold,./pdb_files\P00711_AF.pdb,Match,A
P00711,V,61,G,1.15,ProTherm,P00711,1HFZ,,P00711,P00711,AlphaFold,./pdb_files\P00711_AF.pdb,Match,A
P00711,V,61,N,0.24,ProTherm,P00711,1HFZ,,P00711,P00711,AlphaFold,./pdb_files\P00711_AF.pdb,Match,A
P00711,W,123,Y,2.44,ProTherm,P00711,1HFZ,,P00711,P00711,AlphaFold,./pdb_files\P00711_AF.pdb,Match,A
P00711,W,137,H,0.6,ProTherm,P00711,1HFZ,,P00711,P00711,AlphaFold,./pdb_files\P00711_AF.pdb,Match,A
P00711,W,137,Y,1.17,ProTherm,P00711,1HFZ,,P00711,P00711,AlphaFold,./pdb_files\P00711_AF.pdb,Match,A
P00711,Y,122,A,2.39,ProTherm,P00711,1HFZ,,P00711,P00711,AlphaFold,./pdb_files\P00711_AF.pdb,Match,A
P00711,Y,122,P,0.22,ProTherm,P00711,1HFZ,,P00711,P00711,AlphaFold,./pdb_files\P00711_AF.pdb,Match,A
P00712,A,49,I,-2.4,ProTherm,P00712,1HFY,,P00712,P00712,AlphaFold,./pdb_files\P00712_AF.pdb,Match,A
P00712,A,49,T,-1.7,ProTherm,P00712,1HFY,,P00712,P00712,AlphaFold,./pdb_files\P00712_AF.pdb,Match,A
P00712,T,48,V,-1.86,ProTherm,P00712,1HFY,,P00712,P00712,AlphaFold,./pdb_files\P00712_AF.pdb,Match,A
P00712,T,52,I,1.1,ProTherm,P00712,1HFY,,P00712,P00712,AlphaFold,./pdb_files\P00712_AF.pdb,Match,A
P00712,T,57,A,1.6,ProTherm,P00712,1HFY,,P00712,P00712,AlphaFold,./pdb_files\P00712_AF.pdb,Match,A
P00712,W,123,F,2.27,ProTherm,P00712,1HFY,,P00712,P00712,AlphaFold,./pdb_files\P00712_AF.pdb,Match,A
P00712,W,137,F,-0.16,ProTherm,P00712,1HFY,,P00712,P00712,AlphaFold,./pdb_files\P00712_AF.pdb,Match,A
P00712,W,45,F,2.4,ProTherm,P00712,1HFY,,P00712,P00712,AlphaFold,./pdb_files\P00712_AF.pdb,Match,A
P00712,W,79,F,1.27,ProTherm,P00712,1HFY,,P00712,P00712,AlphaFold,./pdb_files\P00712_AF.pdb,Match,A
P00750,V,280,A,2.0,ProTherm,P00750,"1PML, 1TPK",,P00750,P00750,AlphaFold,./pdb_files\P00750_AF.pdb,Match,A
P00750,V,280,I,-0.3,ProTherm,P00750,"1PML, 1TPK",,P00750,P00750,AlphaFold,./pdb_files\P00750_AF.pdb,Match,A
P00750,V,280,L,1.9,ProTherm,P00750,"1PML, 1TPK",,P00750,P00750,AlphaFold,./pdb_files\P00750_AF.pdb,Match,A
P00750,V,280,M,2.2,ProTherm,P00750,"1PML, 1TPK",,P00750,P00750,AlphaFold,./pdb_files\P00750_AF.pdb,Match,A
P00750,V,280,S,2.4,ProTherm,P00750,"1PML, 1TPK",,P00750,P00750,AlphaFold,./pdb_files\P00750_AF.pdb,Match,A
P00750,V,280,T,1.0,ProTherm,P00750,"1PML, 1TPK",,P00750,P00750,AlphaFold,./pdb_files\P00750_AF.pdb,Match,A
P00782,G,276,A,-0.3,ProTherm,P00782,"1SUP, 1SPB",,P00782,P00782,AlphaFold,./pdb_files\P00782_AF.pdb,Match,A
P00782,K,87,E,1.0,ProTherm,P00782,"1SUP, 1SPB",,P00782,P00782,AlphaFold,./pdb_files\P00782_AF.pdb,Match,A
P00782,M,157,F,-0.48,ProTherm,P00782,"1SUP, 1SPB",,P00782,P00782,AlphaFold,./pdb_files\P00782_AF.pdb,Match,A
P00782,N,183,D,-0.45,ProTherm,P00782,"1SUP, 1SPB",,P00782,P00782,AlphaFold,./pdb_files\P00782_AF.pdb,Match,A
P00782,N,325,S,-1.07,ProTherm,P00782,"1SUP, 1SPB",,P00782,P00782,AlphaFold,./pdb_files\P00782_AF.pdb,Match,A
P00782,Q,313,C,-1.25,ProTherm,P00782,"1SUP, 1SPB",,P00782,P00782,AlphaFold,./pdb_files\P00782_AF.pdb,Match,A
P00782,Q,70,L,1.1,ProTherm,P00782,"1SUP, 1SPB",,P00782,P00782,AlphaFold,./pdb_files\P00782_AF.pdb,Match,A
P00782,Y,324,K,-0.72,ProTherm,P00782,"1SUP, 1SPB",,P00782,P00782,AlphaFold,./pdb_files\P00782_AF.pdb,Match,A
P00807,D,170,N,0.43,ProTherm,P00807,1BLC,,P00807,P00807,AlphaFold,./pdb_files\P00807_AF.pdb,Match,A
P00811,Y,166,F,1.0,ProTherm,P00811,3BLS,,P00811,P00811,AlphaFold,./pdb_files\P00811_AF.pdb,Match,A
P00912,S,212,C,1.0,ProTherm,P00912,,,P00912,P00912,AlphaFold,./pdb_files\P00912_AF.pdb,Match,A
P00918,G,144,R,0.62,ProTherm,P00918,"12CA, 2ILI, 1CAH, 3KS3",,P00918,P00918,AlphaFold,./pdb_files\P00918_AF.pdb,Match,A
P00918,W,5,F,0.6,ProTherm,P00918,"12CA, 2ILI, 1CAH, 3KS3",,P00918,P00918,AlphaFold,./pdb_files\P00918_AF.pdb,Match,A
P00929,A,18,G,4.1,ProTherm,P00929,2WSY,,P00929,P00929,AlphaFold,./pdb_files\P00929_AF.pdb,Match,A
P00929,F,22,L,0.7000000000000001,ProTherm,P00929,2WSY,,P00929,P00929,AlphaFold,./pdb_files\P00929_AF.pdb,Match,A
P00929,L,209,V,2.7,ProTherm,P00929,2WSY,,P00929,P00929,AlphaFold,./pdb_files\P00929_AF.pdb,Match,A
P00952,T,51,P,1.1833333333333331,ProTherm,P00952,2TS1,,P00952,P00952,AlphaFold,./pdb_files\P00952_AF.pdb,Match,A
P00974,A,51,T,1.7,ProTherm,P00974,1BPI,,P00974,P00974,AlphaFold,./pdb_files\P00974_AF.pdb,Match,A
P00974,A,51,V,1.3,ProTherm,P00974,1BPI,,P00974,P00974,AlphaFold,./pdb_files\P00974_AF.pdb,Match,A
P00974,D,38,A,-0.2,ProTherm,P00974,1BPI,,P00974,P00974,AlphaFold,./pdb_files\P00974_AF.pdb,Match,A
P00974,D,85,A,0.4,ProTherm,P00974,1BPI,,P00974,P00974,AlphaFold,./pdb_files\P00974_AF.pdb,Match,A
P00974,E,42,A,1.5,ProTherm,P00974,1BPI,,P00974,P00974,AlphaFold,./pdb_files\P00974_AF.pdb,Match,A
P00974,E,84,A,0.2,ProTherm,P00974,1BPI,,P00974,P00974,AlphaFold,./pdb_files\P00974_AF.pdb,Match,A
P00974,F,39,A,3.0,ProTherm,P00974,1BPI,,P00974,P00974,AlphaFold,./pdb_files\P00974_AF.pdb,Match,A
P00974,F,57,A,2.0,ProTherm,P00974,1BPI,,P00974,P00974,AlphaFold,./pdb_files\P00974_AF.pdb,Match,A
P00974,F,68,I,2.4,ProTherm,P00974,1BPI,,P00974,P00974,AlphaFold,./pdb_files\P00974_AF.pdb,Match,A
P00974,F,68,L,1.3,ProTherm,P00974,1BPI,,P00974,P00974,AlphaFold,./pdb_files\P00974_AF.pdb,Match,A
P00974,F,80,A,6.85,ProTherm,P00974,1BPI,,P00974,P00974,AlphaFold,./pdb_files\P00974_AF.pdb,Match,A
P00974,G,47,A,1.8,ProTherm,P00974,1BPI,,P00974,P00974,AlphaFold,./pdb_files\P00974_AF.pdb,Match,A
P00974,G,47,D,4.3,ProTherm,P00974,1BPI,,P00974,P00974,AlphaFold,./pdb_files\P00974_AF.pdb,Match,A
P00974,G,47,V,4.1,ProTherm,P00974,1BPI,,P00974,P00974,AlphaFold,./pdb_files\P00974_AF.pdb,Match,A
P00974,G,63,A,1.0,ProTherm,P00974,1BPI,,P00974,P00974,AlphaFold,./pdb_files\P00974_AF.pdb,Match,A
P00974,G,71,A,2.1,ProTherm,P00974,1BPI,,P00974,P00974,AlphaFold,./pdb_files\P00974_AF.pdb,Match,A
P00974,G,71,D,2.8,ProTherm,P00974,1BPI,,P00974,P00974,AlphaFold,./pdb_files\P00974_AF.pdb,Match,A
P00974,G,71,S,0.7,ProTherm,P00974,1BPI,,P00974,P00974,AlphaFold,./pdb_files\P00974_AF.pdb,Match,A
P00974,G,72,A,2.3,ProTherm,P00974,1BPI,,P00974,P00974,AlphaFold,./pdb_files\P00974_AF.pdb,Match,A
P00974,G,72,D,1.7,ProTherm,P00974,1BPI,,P00974,P00974,AlphaFold,./pdb_files\P00974_AF.pdb,Match,A
P00974,G,91,A,0.2,ProTherm,P00974,1BPI,,P00974,P00974,AlphaFold,./pdb_files\P00974_AF.pdb,Match,A
P00974,G,92,A,0.2,ProTherm,P00974,1BPI,,P00974,P00974,AlphaFold,./pdb_files\P00974_AF.pdb,Match,A
P00974,I,53,A,1.5,ProTherm,P00974,1BPI,,P00974,P00974,AlphaFold,./pdb_files\P00974_AF.pdb,Match,A
P00974,I,54,A,2.1,ProTherm,P00974,1BPI,,P00974,P00974,AlphaFold,./pdb_files\P00974_AF.pdb,Match,A
P00974,K,50,A,0.4,ProTherm,P00974,1BPI,,P00974,P00974,AlphaFold,./pdb_files\P00974_AF.pdb,Match,A
P00974,K,61,A,0.0,ProTherm,P00974,1BPI,,P00974,P00974,AlphaFold,./pdb_files\P00974_AF.pdb,Match,A
P00974,K,76,A,0.4,ProTherm,P00974,1BPI,,P00974,P00974,AlphaFold,./pdb_files\P00974_AF.pdb,Match,A
P00974,K,81,A,-0.1,ProTherm,P00974,1BPI,,P00974,P00974,AlphaFold,./pdb_files\P00974_AF.pdb,Match,A
P00974,L,41,A,0.6,ProTherm,P00974,1BPI,,P00974,P00974,AlphaFold,./pdb_files\P00974_AF.pdb,Match,A
P00974,L,64,A,0.0,ProTherm,P00974,1BPI,,P00974,P00974,AlphaFold,./pdb_files\P00974_AF.pdb,Match,A
P00974,M,87,A,1.7,ProTherm,P00974,1BPI,,P00974,P00974,AlphaFold,./pdb_files\P00974_AF.pdb,Match,A
P00974,N,59,A,2.2,ProTherm,P00974,1BPI,,P00974,P00974,AlphaFold,./pdb_files\P00974_AF.pdb,Match,A
P00974,N,78,G,5.7,ProTherm,P00974,1BPI,,P00974,P00974,AlphaFold,./pdb_files\P00974_AF.pdb,Match,A
P00974,N,79,A,3.3,ProTherm,P00974,1BPI,,P00974,P00974,AlphaFold,./pdb_files\P00974_AF.pdb,Match,A
P00974,N,79,G,4.7,ProTherm,P00974,1BPI,,P00974,P00974,AlphaFold,./pdb_files\P00974_AF.pdb,Match,A
P00974,P,37,A,1.3,ProTherm,P00974,1BPI,,P00974,P00974,AlphaFold,./pdb_files\P00974_AF.pdb,Match,A
P00974,P,43,A,0.3,ProTherm,P00974,1BPI,,P00974,P00974,AlphaFold,./pdb_files\P00974_AF.pdb,Match,A
P00974,P,44,A,0.8,ProTherm,P00974,1BPI,,P00974,P00974,AlphaFold,./pdb_files\P00974_AF.pdb,Match,A
P00974,P,48,A,1.2,ProTherm,P00974,1BPI,,P00974,P00974,AlphaFold,./pdb_files\P00974_AF.pdb,Match,A
P00974,P,48,S,1.4,ProTherm,P00974,1BPI,,P00974,P00974,AlphaFold,./pdb_files\P00974_AF.pdb,Match,A
P00974,Q,66,A,1.0,ProTherm,P00974,1BPI,,P00974,P00974,AlphaFold,./pdb_files\P00974_AF.pdb,Match,A
P00974,R,36,A,0.5,ProTherm,P00974,1BPI,,P00974,P00974,AlphaFold,./pdb_files\P00974_AF.pdb,Match,A
P00974,R,52,A,0.3,ProTherm,P00974,1BPI,,P00974,P00974,AlphaFold,./pdb_files\P00974_AF.pdb,Match,A
P00974,R,55,A,1.8,ProTherm,P00974,1BPI,,P00974,P00974,AlphaFold,./pdb_files\P00974_AF.pdb,Match,A
P00974,R,74,A,0.0,ProTherm,P00974,1BPI,,P00974,P00974,AlphaFold,./pdb_files\P00974_AF.pdb,Match,A
P00974,R,77,A,0.5,ProTherm,P00974,1BPI,,P00974,P00974,AlphaFold,./pdb_files\P00974_AF.pdb,Match,A
P00974,R,88,A,0.1,ProTherm,P00974,1BPI,,P00974,P00974,AlphaFold,./pdb_files\P00974_AF.pdb,Match,A
P00974,S,82,A,1.6,ProTherm,P00974,1BPI,,P00974,P00974,AlphaFold,./pdb_files\P00974_AF.pdb,Match,A
P00974,T,46,A,0.0,ProTherm,P00974,1BPI,,P00974,P00974,AlphaFold,./pdb_files\P00974_AF.pdb,Match,A
P00974,T,67,A,0.1,ProTherm,P00974,1BPI,,P00974,P00974,AlphaFold,./pdb_files\P00974_AF.pdb,Match,A
P00974,T,89,A,0.1,ProTherm,P00974,1BPI,,P00974,P00974,AlphaFold,./pdb_files\P00974_AF.pdb,Match,A
P00974,V,69,A,1.2,ProTherm,P00974,1BPI,,P00974,P00974,AlphaFold,./pdb_files\P00974_AF.pdb,Match,A
P00974,Y,45,A,1.2,ProTherm,P00974,1BPI,,P00974,P00974,AlphaFold,./pdb_files\P00974_AF.pdb,Match,A
P00974,Y,56,A,3.9,ProTherm,P00974,1BPI,,P00974,P00974,AlphaFold,./pdb_files\P00974_AF.pdb,Match,A
P00974,Y,58,A,5.95,ProTherm,P00974,1BPI,,P00974,P00974,AlphaFold,./pdb_files\P00974_AF.pdb,Match,A
P00974,Y,70,A,1.1,ProTherm,P00974,1BPI,,P00974,P00974,AlphaFold,./pdb_files\P00974_AF.pdb,Match,A
P00974,Y,70,D,3.8,ProTherm,P00974,1BPI,,P00974,P00974,AlphaFold,./pdb_files\P00974_AF.pdb,Match,A
P00974,Y,70,F,0.6,ProTherm,P00974,1BPI,,P00974,P00974,AlphaFold,./pdb_files\P00974_AF.pdb,Match,A
P00974,Y,70,G,5.0,ProTherm,P00974,1BPI,,P00974,P00974,AlphaFold,./pdb_files\P00974_AF.pdb,Match,A
P00974,Y,70,L,3.7,ProTherm,P00974,1BPI,,P00974,P00974,AlphaFold,./pdb_files\P00974_AF.pdb,Match,A
P00974,Y,70,N,3.7,ProTherm,P00974,1BPI,,P00974,P00974,AlphaFold,./pdb_files\P00974_AF.pdb,Match,A
P01006,M,104,A,-0.55,ProTherm,P01006,3SSI,,P01006,P01006,AlphaFold,./pdb_files\P01006_AF.pdb,Match,A
P01006,M,104,D,-1.6,ProTherm,P01006,3SSI,,P01006,P01006,AlphaFold,./pdb_files\P01006_AF.pdb,Match,A
P01006,M,104,E,-1.05,ProTherm,P01006,3SSI,,P01006,P01006,AlphaFold,./pdb_files\P01006_AF.pdb,Match,A
P01006,M,104,G,0.06,ProTherm,P01006,3SSI,,P01006,P01006,AlphaFold,./pdb_files\P01006_AF.pdb,Match,A
P01006,M,104,I,0.94,ProTherm,P01006,3SSI,,P01006,P01006,AlphaFold,./pdb_files\P01006_AF.pdb,Match,A
P01006,M,104,K,-0.35,ProTherm,P01006,3SSI,,P01006,P01006,AlphaFold,./pdb_files\P01006_AF.pdb,Match,A
P01006,M,104,L,0.25,ProTherm,P01006,3SSI,,P01006,P01006,AlphaFold,./pdb_files\P01006_AF.pdb,Match,A
P01006,M,104,V,0.66,ProTherm,P01006,3SSI,,P01006,P01006,AlphaFold,./pdb_files\P01006_AF.pdb,Match,A
P01006,M,134,A,2.32,ProTherm,P01006,3SSI,,P01006,P01006,AlphaFold,./pdb_files\P01006_AF.pdb,Match,A
P01006,M,134,I,1.89,ProTherm,P01006,3SSI,,P01006,P01006,AlphaFold,./pdb_files\P01006_AF.pdb,Match,A
P01006,M,134,L,-0.15,ProTherm,P01006,3SSI,,P01006,P01006,AlphaFold,./pdb_files\P01006_AF.pdb,Match,A
P01006,M,134,V,1.84,ProTherm,P01006,3SSI,,P01006,P01006,AlphaFold,./pdb_files\P01006_AF.pdb,Match,A
P01006,V,44,F,5.69,ProTherm,P01006,3SSI,,P01006,P01006,AlphaFold,./pdb_files\P01006_AF.pdb,Match,A
P01006,V,44,I,0.84,ProTherm,P01006,3SSI,,P01006,P01006,AlphaFold,./pdb_files\P01006_AF.pdb,Match,A
P01006,V,44,L,2.21,ProTherm,P01006,3SSI,,P01006,P01006,AlphaFold,./pdb_files\P01006_AF.pdb,Match,A
P01006,V,44,M,5.92,ProTherm,P01006,3SSI,,P01006,P01006,AlphaFold,./pdb_files\P01006_AF.pdb,Match,A
P01009,A,207,F,-1.5,ProTherm,P01009,1QLP,,P01009,P01009,AlphaFold,./pdb_files\P01009_AF.pdb,Match,A
P01009,A,207,I,-1.8,ProTherm,P01009,1QLP,,P01009,P01009,AlphaFold,./pdb_files\P01009_AF.pdb,Match,A
P01009,A,207,L,-1.4,ProTherm,P01009,1QLP,,P01009,P01009,AlphaFold,./pdb_files\P01009_AF.pdb,Match,A
P01009,A,207,V,-3.8,ProTherm,P01009,1QLP,,P01009,P01009,AlphaFold,./pdb_files\P01009_AF.pdb,Match,A
P01009,A,272,F,-1.8,ProTherm,P01009,1QLP,,P01009,P01009,AlphaFold,./pdb_files\P01009_AF.pdb,Match,A
P01009,A,272,I,-2.2,ProTherm,P01009,1QLP,,P01009,P01009,AlphaFold,./pdb_files\P01009_AF.pdb,Match,A
P01009,A,272,V,-2.3,ProTherm,P01009,1QLP,,P01009,P01009,AlphaFold,./pdb_files\P01009_AF.pdb,Match,A
P01009,A,274,I,0.4,ProTherm,P01009,1QLP,,P01009,P01009,AlphaFold,./pdb_files\P01009_AF.pdb,Match,A
P01009,A,274,L,1.0,ProTherm,P01009,1QLP,,P01009,P01009,AlphaFold,./pdb_files\P01009_AF.pdb,Match,A
P01009,A,274,V,0.4,ProTherm,P01009,1QLP,,P01009,P01009,AlphaFold,./pdb_files\P01009_AF.pdb,Match,A
P01009,A,308,I,0.0,ProTherm,P01009,1QLP,,P01009,P01009,AlphaFold,./pdb_files\P01009_AF.pdb,Match,A
P01009,A,308,V,-0.8,ProTherm,P01009,1QLP,,P01009,P01009,AlphaFold,./pdb_files\P01009_AF.pdb,Match,A
P01009,A,55,I,-0.9,ProTherm,P01009,1QLP,,P01009,P01009,AlphaFold,./pdb_files\P01009_AF.pdb,Match,A
P01009,A,55,L,-0.9,ProTherm,P01009,1QLP,,P01009,P01009,AlphaFold,./pdb_files\P01009_AF.pdb,Match,A
P01009,A,55,P,-2.5,ProTherm,P01009,1QLP,,P01009,P01009,AlphaFold,./pdb_files\P01009_AF.pdb,Match,A
P01009,A,55,V,-0.6,ProTherm,P01009,1QLP,,P01009,P01009,AlphaFold,./pdb_files\P01009_AF.pdb,Match,A
P01009,A,94,G,-1.6,ProTherm,P01009,1QLP,,P01009,P01009,AlphaFold,./pdb_files\P01009_AF.pdb,Match,A
P01009,F,75,C,-3.01,ProTherm,P01009,1QLP,,P01009,P01009,AlphaFold,./pdb_files\P01009_AF.pdb,Match,A
P01009,F,75,L,-2.1,ProTherm,P01009,1QLP,,P01009,P01009,AlphaFold,./pdb_files\P01009_AF.pdb,Match,A
P01009,K,355,F,0.875,ProTherm,P01009,1QLP,,P01009,P01009,AlphaFold,./pdb_files\P01009_AF.pdb,Match,A
P01009,K,355,I,0.42,ProTherm,P01009,1QLP,,P01009,P01009,AlphaFold,./pdb_files\P01009_AF.pdb,Match,A
P01009,K,355,T,-0.27,ProTherm,P01009,1QLP,,P01009,P01009,AlphaFold,./pdb_files\P01009_AF.pdb,Match,A
P01009,K,355,V,0.445,ProTherm,P01009,1QLP,,P01009,P01009,AlphaFold,./pdb_files\P01009_AF.pdb,Match,A
P01009,K,411,R,-1.0,ProTherm,P01009,1QLP,,P01009,P01009,AlphaFold,./pdb_files\P01009_AF.pdb,Match,A
P01009,M,398,I,-2.3,ProTherm,P01009,1QLP,,P01009,P01009,AlphaFold,./pdb_files\P01009_AF.pdb,Match,A
P01009,S,354,R,-1.22,ProTherm,P01009,1QLP,,P01009,P01009,AlphaFold,./pdb_files\P01009_AF.pdb,Match,A
P01009,S,405,A,-1.0,ProTherm,P01009,1QLP,,P01009,P01009,AlphaFold,./pdb_files\P01009_AF.pdb,Match,A
P01009,T,83,A,-1.0,ProTherm,P01009,1QLP,,P01009,P01009,AlphaFold,./pdb_files\P01009_AF.pdb,Match,A
P01009,T,92,A,-1.0,ProTherm,P01009,1QLP,,P01009,P01009,AlphaFold,./pdb_files\P01009_AF.pdb,Match,A
P01009,V,169,I,-0.2,ProTherm,P01009,1QLP,,P01009,P01009,AlphaFold,./pdb_files\P01009_AF.pdb,Match,A
P01009,V,169,L,0.7,ProTherm,P01009,1QLP,,P01009,P01009,AlphaFold,./pdb_files\P01009_AF.pdb,Match,A
P01009,V,197,I,-0.5,ProTherm,P01009,1QLP,,P01009,P01009,AlphaFold,./pdb_files\P01009_AF.pdb,Match,A
P01009,V,197,L,0.6,ProTherm,P01009,1QLP,,P01009,P01009,AlphaFold,./pdb_files\P01009_AF.pdb,Match,A
P01009,V,345,I,-0.6,ProTherm,P01009,1QLP,,P01009,P01009,AlphaFold,./pdb_files\P01009_AF.pdb,Match,A
P01009,V,345,L,1.2,ProTherm,P01009,1QLP,,P01009,P01009,AlphaFold,./pdb_files\P01009_AF.pdb,Match,A
P01009,V,388,I,-0.4,ProTherm,P01009,1QLP,,P01009,P01009,AlphaFold,./pdb_files\P01009_AF.pdb,Match,A
P01009,V,388,L,0.3,ProTherm,P01009,1QLP,,P01009,P01009,AlphaFold,./pdb_files\P01009_AF.pdb,Match,A
P01009,V,79,I,0.2,ProTherm,P01009,1QLP,,P01009,P01009,AlphaFold,./pdb_files\P01009_AF.pdb,Match,A
P01009,V,79,L,0.3,ProTherm,P01009,1QLP,,P01009,P01009,AlphaFold,./pdb_files\P01009_AF.pdb,Match,A
P01051,L,27,A,0.16,ProTherm,P01051,"1EGL, 1ACB",,P01051,P01051,AlphaFold,./pdb_files\P01051_AF.pdb,Match,A
P01051,V,14,A,1.355,ProTherm,P01051,"1EGL, 1ACB",,P01051,P01051,AlphaFold,./pdb_files\P01051_AF.pdb,Match,A
P01051,V,18,A,1.2,ProTherm,P01051,"1EGL, 1ACB",,P01051,P01051,AlphaFold,./pdb_files\P01051_AF.pdb,Match,A
P01051,V,54,A,1.975,ProTherm,P01051,"1EGL, 1ACB",,P01051,P01051,AlphaFold,./pdb_files\P01051_AF.pdb,Match,A
P01051,V,62,A,1.01,ProTherm,P01051,"1EGL, 1ACB",,P01051,P01051,AlphaFold,./pdb_files\P01051_AF.pdb,Match,A
P01053,A,36,G,1.41,ProTherm,P01053,2CI2,,P01053,P01053,AlphaFold,./pdb_files\P01053_AF.pdb,Match,A
P01053,A,78,G,1.88,ProTherm,P01053,2CI2,,P01053,P01053,AlphaFold,./pdb_files\P01053_AF.pdb,Match,A
P01053,D,43,A,1.05,ProTherm,P01053,2CI2,,P01053,P01053,AlphaFold,./pdb_files\P01053_AF.pdb,Match,A
P01053,D,65,A,1.02,ProTherm,P01053,2CI2,,P01053,P01053,AlphaFold,./pdb_files\P01053_AF.pdb,Match,A
P01053,D,72,A,3.14,ProTherm,P01053,2CI2,,P01053,P01053,AlphaFold,./pdb_files\P01053_AF.pdb,Match,A
P01053,E,27,A,1.03,ProTherm,P01053,2CI2,,P01053,P01053,AlphaFold,./pdb_files\P01053_AF.pdb,Match,A
P01053,E,27,Q,0.57,ProTherm,P01053,2CI2,,P01053,P01053,AlphaFold,./pdb_files\P01053_AF.pdb,Match,A
P01053,E,34,D,0.77,ProTherm,P01053,2CI2,,P01053,P01053,AlphaFold,./pdb_files\P01053_AF.pdb,Match,A
P01053,E,34,N,0.28,ProTherm,P01053,2CI2,,P01053,P01053,AlphaFold,./pdb_files\P01053_AF.pdb,Match,A
P01053,E,34,Q,0.4,ProTherm,P01053,2CI2,,P01053,P01053,AlphaFold,./pdb_files\P01053_AF.pdb,Match,A
P01053,E,35,D,-0.36,ProTherm,P01053,2CI2,,P01053,P01053,AlphaFold,./pdb_files\P01053_AF.pdb,Match,A
P01053,E,35,N,0.08,ProTherm,P01053,2CI2,,P01053,P01053,AlphaFold,./pdb_files\P01053_AF.pdb,Match,A
P01053,E,35,Q,0.68,ProTherm,P01053,2CI2,,P01053,P01053,AlphaFold,./pdb_files\P01053_AF.pdb,Match,A
P01053,E,46,A,0.78,ProTherm,P01053,2CI2,,P01053,P01053,AlphaFold,./pdb_files\P01053_AF.pdb,Match,A
P01053,E,61,A,1.09,ProTherm,P01053,2CI2,,P01053,P01053,AlphaFold,./pdb_files\P01053_AF.pdb,Match,A
P01053,F,70,A,3.21,ProTherm,P01053,2CI2,,P01053,P01053,AlphaFold,./pdb_files\P01053_AF.pdb,Match,A
P01053,F,70,L,1.92,ProTherm,P01053,2CI2,,P01053,P01053,AlphaFold,./pdb_files\P01053_AF.pdb,Match,A
P01053,F,70,V,1.41,ProTherm,P01053,2CI2,,P01053,P01053,AlphaFold,./pdb_files\P01053_AF.pdb,Match,A
P01053,I,40,L,1.96,ProTherm,P01053,2CI2,,P01053,P01053,AlphaFold,./pdb_files\P01053_AF.pdb,Match,A
P01053,I,40,V,1.17,ProTherm,P01053,2CI2,,P01053,P01053,AlphaFold,./pdb_files\P01053_AF.pdb,Match,A
P01053,I,49,A,3.4,ProTherm,P01053,2CI2,,P01053,P01053,AlphaFold,./pdb_files\P01053_AF.pdb,Match,A
P01053,I,49,V,0.75,ProTherm,P01053,2CI2,,P01053,P01053,AlphaFold,./pdb_files\P01053_AF.pdb,Match,A
P01053,I,50,A,2.12,ProTherm,P01053,2CI2,,P01053,P01053,AlphaFold,./pdb_files\P01053_AF.pdb,Match,A
P01053,I,50,G,3.52,ProTherm,P01053,2CI2,,P01053,P01053,AlphaFold,./pdb_files\P01053_AF.pdb,Match,A
P01053,I,50,T,1.34,ProTherm,P01053,2CI2,,P01053,P01053,AlphaFold,./pdb_files\P01053_AF.pdb,Match,A
P01053,I,50,V,-0.08,ProTherm,P01053,2CI2,,P01053,P01053,AlphaFold,./pdb_files\P01053_AF.pdb,Match,A
P01053,I,57,A,1.28,ProTherm,P01053,2CI2,,P01053,P01053,AlphaFold,./pdb_files\P01053_AF.pdb,Match,A
P01053,I,77,A,4.09,ProTherm,P01053,2CI2,,P01053,P01053,AlphaFold,./pdb_files\P01053_AF.pdb,Match,A
P01053,I,77,V,0.08,ProTherm,P01053,2CI2,,P01053,P01053,AlphaFold,./pdb_files\P01053_AF.pdb,Match,A
P01053,K,22,A,1.04,ProTherm,P01053,2CI2,,P01053,P01053,AlphaFold,./pdb_files\P01053_AF.pdb,Match,A
P01053,K,22,M,0.73,ProTherm,P01053,2CI2,,P01053,P01053,AlphaFold,./pdb_files\P01053_AF.pdb,Match,A
P01053,K,31,A,1.2,ProTherm,P01053,2CI2,,P01053,P01053,AlphaFold,./pdb_files\P01053_AF.pdb,Match,A
P01053,K,37,A,1.13,ProTherm,P01053,2CI2,,P01053,P01053,AlphaFold,./pdb_files\P01053_AF.pdb,Match,A
P01053,K,37,G,2.01,ProTherm,P01053,2CI2,,P01053,P01053,AlphaFold,./pdb_files\P01053_AF.pdb,Match,A
P01053,K,38,A,0.99,ProTherm,P01053,2CI2,,P01053,P01053,AlphaFold,./pdb_files\P01053_AF.pdb,Match,A
P01053,K,38,G,1.58,ProTherm,P01053,2CI2,,P01053,P01053,AlphaFold,./pdb_files\P01053_AF.pdb,Match,A
P01053,K,44,A,1.85,ProTherm,P01053,2CI2,,P01053,P01053,AlphaFold,./pdb_files\P01053_AF.pdb,Match,A
P01053,K,44,G,3.49,ProTherm,P01053,2CI2,,P01053,P01053,AlphaFold,./pdb_files\P01053_AF.pdb,Match,A
P01053,K,73,N,1.21,ProTherm,P01053,2CI2,,P01053,P01053,AlphaFold,./pdb_files\P01053_AF.pdb,Match,A
P01053,L,28,A,1.91,ProTherm,P01053,2CI2,,P01053,P01053,AlphaFold,./pdb_files\P01053_AF.pdb,Match,A
P01053,L,41,A,1.21,ProTherm,P01053,2CI2,,P01053,P01053,AlphaFold,./pdb_files\P01053_AF.pdb,Match,A
P01053,L,41,G,2.09,ProTherm,P01053,2CI2,,P01053,P01053,AlphaFold,./pdb_files\P01053_AF.pdb,Match,A
P01053,L,52,A,1.74,ProTherm,P01053,2CI2,,P01053,P01053,AlphaFold,./pdb_files\P01053_AF.pdb,Match,A
P01053,L,52,I,1.01,ProTherm,P01053,2CI2,,P01053,P01053,AlphaFold,./pdb_files\P01053_AF.pdb,Match,A
P01053,L,52,V,1.02,ProTherm,P01053,2CI2,,P01053,P01053,AlphaFold,./pdb_files\P01053_AF.pdb,Match,A
P01053,L,69,A,3.56,ProTherm,P01053,2CI2,,P01053,P01053,AlphaFold,./pdb_files\P01053_AF.pdb,Match,A
P01053,N,76,A,1.22,ProTherm,P01053,2CI2,,P01053,P01053,AlphaFold,./pdb_files\P01053_AF.pdb,Match,A
P01053,N,76,D,1.51,ProTherm,P01053,2CI2,,P01053,P01053,AlphaFold,./pdb_files\P01053_AF.pdb,Match,A
P01053,P,26,A,-3.4,ProTherm,P01053,2CI2,,P01053,P01053,AlphaFold,./pdb_files\P01053_AF.pdb,Match,A
P01053,P,45,A,1.22,ProTherm,P01053,2CI2,,P01053,P01053,AlphaFold,./pdb_files\P01053_AF.pdb,Match,A
P01053,P,53,A,0.58,ProTherm,P01053,2CI2,,P01053,P01053,AlphaFold,./pdb_files\P01053_AF.pdb,Match,A
P01053,P,81,A,3.5,ProTherm,P01053,2CI2,,P01053,P01053,AlphaFold,./pdb_files\P01053_AF.pdb,Match,A
P01053,Q,42,A,0.54,ProTherm,P01053,2CI2,,P01053,P01053,AlphaFold,./pdb_files\P01053_AF.pdb,Match,A
P01053,Q,42,G,0.92,ProTherm,P01053,2CI2,,P01053,P01053,AlphaFold,./pdb_files\P01053_AF.pdb,Match,A
P01053,R,63,A,1.02,ProTherm,P01053,2CI2,,P01053,P01053,AlphaFold,./pdb_files\P01053_AF.pdb,Match,A
P01053,R,68,A,1.21,ProTherm,P01053,2CI2,,P01053,P01053,AlphaFold,./pdb_files\P01053_AF.pdb,Match,A
P01053,S,32,A,1.02,ProTherm,P01053,2CI2,,P01053,P01053,AlphaFold,./pdb_files\P01053_AF.pdb,Match,A
P01053,S,32,G,0.06,ProTherm,P01053,2CI2,,P01053,P01053,AlphaFold,./pdb_files\P01053_AF.pdb,Match,A
P01053,T,23,A,0.85,ProTherm,P01053,2CI2,,P01053,P01053,AlphaFold,./pdb_files\P01053_AF.pdb,Match,A
P01053,T,23,G,1.16,ProTherm,P01053,2CI2,,P01053,P01053,AlphaFold,./pdb_files\P01053_AF.pdb,Match,A
P01053,T,23,V,0.32,ProTherm,P01053,2CI2,,P01053,P01053,AlphaFold,./pdb_files\P01053_AF.pdb,Match,A
P01053,T,56,A,1.42,ProTherm,P01053,2CI2,,P01053,P01053,AlphaFold,./pdb_files\P01053_AF.pdb,Match,A
P01053,T,56,S,0.98,ProTherm,P01053,2CI2,,P01053,P01053,AlphaFold,./pdb_files\P01053_AF.pdb,Match,A
P01053,T,56,V,1.57,ProTherm,P01053,2CI2,,P01053,P01053,AlphaFold,./pdb_files\P01053_AF.pdb,Match,A
P01053,T,59,A,0.68,ProTherm,P01053,2CI2,,P01053,P01053,AlphaFold,./pdb_files\P01053_AF.pdb,Match,A
P01053,T,59,D,0.04,ProTherm,P01053,2CI2,,P01053,P01053,AlphaFold,./pdb_files\P01053_AF.pdb,Match,A
P01053,V,39,A,0.03,ProTherm,P01053,2CI2,,P01053,P01053,AlphaFold,./pdb_files\P01053_AF.pdb,Match,A
P01053,V,54,A,0.64,ProTherm,P01053,2CI2,,P01053,P01053,AlphaFold,./pdb_files\P01053_AF.pdb,Match,A
P01053,V,54,G,2.43,ProTherm,P01053,2CI2,,P01053,P01053,AlphaFold,./pdb_files\P01053_AF.pdb,Match,A
P01053,V,54,T,1.03,ProTherm,P01053,2CI2,,P01053,P01053,AlphaFold,./pdb_files\P01053_AF.pdb,Match,A
P01053,V,58,A,0.67,ProTherm,P01053,2CI2,,P01053,P01053,AlphaFold,./pdb_files\P01053_AF.pdb,Match,A
P01053,V,67,A,4.97,ProTherm,P01053,2CI2,,P01053,P01053,AlphaFold,./pdb_files\P01053_AF.pdb,Match,A
P01053,V,71,A,1.13,ProTherm,P01053,2CI2,,P01053,P01053,AlphaFold,./pdb_files\P01053_AF.pdb,Match,A
P01053,V,80,A,1.51,ProTherm,P01053,2CI2,,P01053,P01053,AlphaFold,./pdb_files\P01053_AF.pdb,Match,A
P01053,V,80,G,3.24,ProTherm,P01053,2CI2,,P01053,P01053,AlphaFold,./pdb_files\P01053_AF.pdb,Match,A
P01053,V,80,T,0.38,ProTherm,P01053,2CI2,,P01053,P01053,AlphaFold,./pdb_files\P01053_AF.pdb,Match,A
P01053,V,83,A,1.45,ProTherm,P01053,2CI2,,P01053,P01053,AlphaFold,./pdb_files\P01053_AF.pdb,Match,A
P01053,V,83,G,3.5,ProTherm,P01053,2CI2,,P01053,P01053,AlphaFold,./pdb_files\P01053_AF.pdb,Match,A
P01053,V,83,T,1.15,ProTherm,P01053,2CI2,,P01053,P01053,AlphaFold,./pdb_files\P01053_AF.pdb,Match,A
P01236,H,125,A,-0.33,ProTherm,P01236,"2Q98, 1RW5",,P01236,P01236,AlphaFold,./pdb_files\P01236_AF.pdb,Match,A
P01236,H,166,A,-0.58,ProTherm,P01236,"2Q98, 1RW5",,P01236,P01236,AlphaFold,./pdb_files\P01236_AF.pdb,Match,A
P01236,H,201,A,0.35,ProTherm,P01236,"2Q98, 1RW5",,P01236,P01236,AlphaFold,./pdb_files\P01236_AF.pdb,Match,A
P01236,H,208,A,0.04,ProTherm,P01236,"2Q98, 1RW5",,P01236,P01236,AlphaFold,./pdb_files\P01236_AF.pdb,Match,A
P01236,H,223,A,-0.12,ProTherm,P01236,"2Q98, 1RW5",,P01236,P01236,AlphaFold,./pdb_files\P01236_AF.pdb,Match,A
P01236,H,55,A,-1.29,ProTherm,P01236,"2Q98, 1RW5",,P01236,P01236,AlphaFold,./pdb_files\P01236_AF.pdb,Match,A
P01236,H,58,A,-2.05,ProTherm,P01236,"2Q98, 1RW5",,P01236,P01236,AlphaFold,./pdb_files\P01236_AF.pdb,Match,A
P01236,H,74,A,-1.55,ProTherm,P01236,"2Q98, 1RW5",,P01236,P01236,AlphaFold,./pdb_files\P01236_AF.pdb,Match,A
P01236,H,87,A,0.02,ProTherm,P01236,"2Q98, 1RW5",,P01236,P01236,AlphaFold,./pdb_files\P01236_AF.pdb,Match,A
P01308,F,49,D,-0.6,ProTherm,P01308,1ZNJ,,P01308,P01308,AlphaFold,./pdb_files\P01308_AF.pdb,Match,A
P01308,F,49,H,-1.0,ProTherm,P01308,1ZNJ,,P01308,P01308,AlphaFold,./pdb_files\P01308_AF.pdb,Match,A
P01308,H,34,D,-1.3,ProTherm,P01308,1ZNJ,,P01308,P01308,AlphaFold,./pdb_files\P01308_AF.pdb,Match,A
P01308,H,34,E,-1.44,ProTherm,P01308,1ZNJ,,P01308,P01308,AlphaFold,./pdb_files\P01308_AF.pdb,Match,A
P01308,H,34,T,0.22,ProTherm,P01308,1ZNJ,,P01308,P01308,AlphaFold,./pdb_files\P01308_AF.pdb,Match,A
P01308,S,98,D,-0.1,ProTherm,P01308,1ZNJ,,P01308,P01308,AlphaFold,./pdb_files\P01308_AF.pdb,Match,A
P01308,T,97,A,-0.16,ProTherm,P01308,1ZNJ,,P01308,P01308,AlphaFold,./pdb_files\P01308_AF.pdb,Match,A
P01308,T,97,H,-1.76,ProTherm,P01308,1ZNJ,,P01308,P01308,AlphaFold,./pdb_files\P01308_AF.pdb,Match,A
P01308,T,97,R,-1.25,ProTherm,P01308,1ZNJ,,P01308,P01308,AlphaFold,./pdb_files\P01308_AF.pdb,Match,A
P01308,Y,50,T,0.3,ProTherm,P01308,1ZNJ,,P01308,P01308,AlphaFold,./pdb_files\P01308_AF.pdb,Match,A
P01584,C,124,A,2.52,ProTherm,P01584,1IOB,,P01584,P01584,AlphaFold,./pdb_files\P01584_AF.pdb,Match,A
P01584,C,124,S,4.8,ProTherm,P01584,1IOB,,P01584,P01584,AlphaFold,./pdb_files\P01584_AF.pdb,Match,A
P01584,K,213,G,2.1,ProTherm,P01584,1IOB,,P01584,P01584,AlphaFold,./pdb_files\P01584_AF.pdb,Match,A
P01584,K,213,R,3.1,ProTherm,P01584,1IOB,,P01584,P01584,AlphaFold,./pdb_files\P01584_AF.pdb,Match,A
P01584,K,213,V,-1.5,ProTherm,P01584,1IOB,,P01584,P01584,AlphaFold,./pdb_files\P01584_AF.pdb,Match,A
P01584,L,122,A,3.1,ProTherm,P01584,1IOB,,P01584,P01584,AlphaFold,./pdb_files\P01584_AF.pdb,Match,A
P01584,L,126,A,5.1,ProTherm,P01584,1IOB,,P01584,P01584,AlphaFold,./pdb_files\P01584_AF.pdb,Match,A
P01584,N,123,D,-0.43,ProTherm,P01584,1IOB,,P01584,P01584,AlphaFold,./pdb_files\P01584_AF.pdb,Match,A
P01584,N,123,G,2.6,ProTherm,P01584,1IOB,,P01584,P01584,AlphaFold,./pdb_files\P01584_AF.pdb,Match,A
P01584,R,120,P,0.4,ProTherm,P01584,1IOB,,P01584,P01584,AlphaFold,./pdb_files\P01584_AF.pdb,Match,A
P01584,R,120,Q,1.0,ProTherm,P01584,1IOB,,P01584,P01584,AlphaFold,./pdb_files\P01584_AF.pdb,Match,A
P01584,T,125,A,2.1,ProTherm,P01584,1IOB,,P01584,P01584,AlphaFold,./pdb_files\P01584_AF.pdb,Match,A
P01584,T,125,G,3.7,ProTherm,P01584,1IOB,,P01584,P01584,AlphaFold,./pdb_files\P01584_AF.pdb,Match,A
P01584,T,125,L,3.1,ProTherm,P01584,1IOB,,P01584,P01584,AlphaFold,./pdb_files\P01584_AF.pdb,Match,A
P01584,T,125,Q,3.1,ProTherm,P01584,1IOB,,P01584,P01584,AlphaFold,./pdb_files\P01584_AF.pdb,Match,A
P01857,D,282,A,0.9,ProTherm,P01857,"1FC1, 3DJ9, 1OQO",,P01857,P01857,AlphaFold,./pdb_files\P01857_AF.pdb,Match,A
P01857,F,288,A,3.3,ProTherm,P01857,"1FC1, 3DJ9, 1OQO",,P01857,P01857,AlphaFold,./pdb_files\P01857_AF.pdb,Match,A
P01857,K,253,A,2.2,ProTherm,P01857,"1FC1, 3DJ9, 1OQO",,P01857,P01857,AlphaFold,./pdb_files\P01857_AF.pdb,Match,A
P01857,K,275,A,0.6,ProTherm,P01857,"1FC1, 3DJ9, 1OQO",,P01857,P01857,AlphaFold,./pdb_files\P01857_AF.pdb,Match,A
P01857,K,292,A,3.9,ProTherm,P01857,"1FC1, 3DJ9, 1OQO",,P01857,P01857,AlphaFold,./pdb_files\P01857_AF.pdb,Match,A
P01857,L,234,A,2.1,ProTherm,P01857,"1FC1, 3DJ9, 1OQO",,P01857,P01857,AlphaFold,./pdb_files\P01857_AF.pdb,Match,A
P01857,L,251,A,3.0,ProTherm,P01857,"1FC1, 3DJ9, 1OQO",,P01857,P01857,AlphaFold,./pdb_files\P01857_AF.pdb,Match,A
P01857,L,281,A,0.9,ProTherm,P01857,"1FC1, 3DJ9, 1OQO",,P01857,P01857,AlphaFold,./pdb_files\P01857_AF.pdb,Match,A
P01857,P,278,A,3.8,ProTherm,P01857,"1FC1, 3DJ9, 1OQO",,P01857,P01857,AlphaFold,./pdb_files\P01857_AF.pdb,Match,A
P01857,Q,230,A,0.7,ProTherm,P01857,"1FC1, 3DJ9, 1OQO",,P01857,P01857,AlphaFold,./pdb_files\P01857_AF.pdb,Match,A
P01857,T,233,A,0.3,ProTherm,P01857,"1FC1, 3DJ9, 1OQO",,P01857,P01857,AlphaFold,./pdb_files\P01857_AF.pdb,Match,A
P01857,T,249,A,2.8,ProTherm,P01857,"1FC1, 3DJ9, 1OQO",,P01857,P01857,AlphaFold,./pdb_files\P01857_AF.pdb,Match,A
P01857,T,277,A,1.0,ProTherm,P01857,"1FC1, 3DJ9, 1OQO",,P01857,P01857,AlphaFold,./pdb_files\P01857_AF.pdb,Match,A
P01857,V,280,A,1.4,ProTherm,P01857,"1FC1, 3DJ9, 1OQO",,P01857,P01857,AlphaFold,./pdb_files\P01857_AF.pdb,Match,A
P01857,Y,232,A,0.6,ProTherm,P01857,"1FC1, 3DJ9, 1OQO",,P01857,P01857,AlphaFold,./pdb_files\P01857_AF.pdb,Match,A
P01857,Y,290,A,2.5,ProTherm,P01857,"1FC1, 3DJ9, 1OQO",,P01857,P01857,AlphaFold,./pdb_files\P01857_AF.pdb,Match,A
P02417,D,23,N,0.4399999999999999,ProTherm,P02417,1DIV,,P02417,P02417,AlphaFold,./pdb_files\P02417_AF.pdb,Match,A
P02417,D,8,N,0.3,ProTherm,P02417,1DIV,,P02417,P02417,AlphaFold,./pdb_files\P02417_AF.pdb,Match,A
P02417,E,17,Q,0.21,ProTherm,P02417,1DIV,,P02417,P02417,AlphaFold,./pdb_files\P02417_AF.pdb,Match,A
P02417,E,38,Q,0.56,ProTherm,P02417,1DIV,,P02417,P02417,AlphaFold,./pdb_files\P02417_AF.pdb,Match,A
P02417,E,48,Q,-0.03,ProTherm,P02417,1DIV,,P02417,P02417,AlphaFold,./pdb_files\P02417_AF.pdb,Match,A
P02417,E,54,Q,-0.33,ProTherm,P02417,1DIV,,P02417,P02417,AlphaFold,./pdb_files\P02417_AF.pdb,Match,A
P02417,F,5,V,3.99,ProTherm,P02417,1DIV,,P02417,P02417,AlphaFold,./pdb_files\P02417_AF.pdb,Match,A
P02417,H,106,Q,1.915,ProTherm,P02417,1DIV,,P02417,P02417,AlphaFold,./pdb_files\P02417_AF.pdb,Match,A
P02417,H,134,Q,1.855,ProTherm,P02417,1DIV,,P02417,P02417,AlphaFold,./pdb_files\P02417_AF.pdb,Match,A
P02417,H,144,Q,0.965,ProTherm,P02417,1DIV,,P02417,P02417,AlphaFold,./pdb_files\P02417_AF.pdb,Match,A
P02417,I,4,A,2.22,ProTherm,P02417,1DIV,,P02417,P02417,AlphaFold,./pdb_files\P02417_AF.pdb,Match,A
P02417,I,4,V,0.59,ProTherm,P02417,1DIV,,P02417,P02417,AlphaFold,./pdb_files\P02417_AF.pdb,Match,A
P02417,K,10,M,-0.05,ProTherm,P02417,1DIV,,P02417,P02417,AlphaFold,./pdb_files\P02417_AF.pdb,Match,A
P02417,K,12,M,-1.446,ProTherm,P02417,1DIV,,P02417,P02417,AlphaFold,./pdb_files\P02417_AF.pdb,Match,A
P02417,K,14,M,-0.01,ProTherm,P02417,1DIV,,P02417,P02417,AlphaFold,./pdb_files\P02417_AF.pdb,Match,A
P02417,K,15,M,0.31,ProTherm,P02417,1DIV,,P02417,P02417,AlphaFold,./pdb_files\P02417_AF.pdb,Match,A
P02417,K,7,M,-0.35,ProTherm,P02417,1DIV,,P02417,P02417,AlphaFold,./pdb_files\P02417_AF.pdb,Match,A
P02417,L,30,A,2.76,ProTherm,P02417,1DIV,,P02417,P02417,AlphaFold,./pdb_files\P02417_AF.pdb,Match,A
P02417,L,30,V,3.62,ProTherm,P02417,1DIV,,P02417,P02417,AlphaFold,./pdb_files\P02417_AF.pdb,Match,A
P02417,L,6,A,3.1,ProTherm,P02417,1DIV,,P02417,P02417,AlphaFold,./pdb_files\P02417_AF.pdb,Match,A
P02417,L,6,I,0.13,ProTherm,P02417,1DIV,,P02417,P02417,AlphaFold,./pdb_files\P02417_AF.pdb,Match,A
P02417,L,6,V,0.41,ProTherm,P02417,1DIV,,P02417,P02417,AlphaFold,./pdb_files\P02417_AF.pdb,Match,A
P02417,M,1,A,1.46,ProTherm,P02417,1DIV,,P02417,P02417,AlphaFold,./pdb_files\P02417_AF.pdb,Match,A
P02417,M,1,G,2.36,ProTherm,P02417,1DIV,,P02417,P02417,AlphaFold,./pdb_files\P02417_AF.pdb,Match,A
P02417,V,21,A,2.33,ProTherm,P02417,1DIV,,P02417,P02417,AlphaFold,./pdb_files\P02417_AF.pdb,Match,A
P02417,V,21,I,0.4,ProTherm,P02417,1DIV,,P02417,P02417,AlphaFold,./pdb_files\P02417_AF.pdb,Match,A
P02417,V,21,L,1.23,ProTherm,P02417,1DIV,,P02417,P02417,AlphaFold,./pdb_files\P02417_AF.pdb,Match,A
P02417,V,3,A,2.55,ProTherm,P02417,1DIV,,P02417,P02417,AlphaFold,./pdb_files\P02417_AF.pdb,Match,A
P02417,V,3,I,0.31,ProTherm,P02417,1DIV,,P02417,P02417,AlphaFold,./pdb_files\P02417_AF.pdb,Match,A
P02417,V,3,L,2.21,ProTherm,P02417,1DIV,,P02417,P02417,AlphaFold,./pdb_files\P02417_AF.pdb,Match,A
P02625,H,27,P,-1.25,ProTherm,P02625,1RTP,,P02625,P02625,AlphaFold,./pdb_files\P02625_AF.pdb,Match,A
P02625,K,81,S,0.29,ProTherm,P02625,1RTP,,P02625,P02625,AlphaFold,./pdb_files\P02625_AF.pdb,Match,A
P02633,D,23,N,-0.74,ProTherm,P02633,1IGV,,P02633,P02633,AlphaFold,./pdb_files\P02633_AF.pdb,Match,A
P02633,E,21,Q,-0.43,ProTherm,P02633,1IGV,,P02633,P02633,AlphaFold,./pdb_files\P02633_AF.pdb,Match,A
P02633,E,30,Q,-0.09,ProTherm,P02633,1IGV,,P02633,P02633,AlphaFold,./pdb_files\P02633_AF.pdb,Match,A
P02633,F,14,A,4.83,ProTherm,P02633,1IGV,,P02633,P02633,AlphaFold,./pdb_files\P02633_AF.pdb,Match,A
P02633,F,70,A,4.97,ProTherm,P02633,1IGV,,P02633,P02633,AlphaFold,./pdb_files\P02633_AF.pdb,Match,A
P02633,F,70,W,2.34,ProTherm,P02633,1IGV,,P02633,P02633,AlphaFold,./pdb_files\P02633_AF.pdb,Match,A
P02633,I,77,V,1.53,ProTherm,P02633,1IGV,,P02633,P02633,AlphaFold,./pdb_files\P02633_AF.pdb,Match,A
P02633,L,10,V,2.2,ProTherm,P02633,1IGV,,P02633,P02633,AlphaFold,./pdb_files\P02633_AF.pdb,Match,A
P02633,L,27,A,3.73,ProTherm,P02633,1IGV,,P02633,P02633,AlphaFold,./pdb_files\P02633_AF.pdb,Match,A
P02633,L,27,G,4.28,ProTherm,P02633,1IGV,,P02633,P02633,AlphaFold,./pdb_files\P02633_AF.pdb,Match,A
P02633,L,32,A,2.7,ProTherm,P02633,1IGV,,P02633,P02633,AlphaFold,./pdb_files\P02633_AF.pdb,Match,A
P02633,P,24,G,1.19,ProTherm,P02633,1IGV,,P02633,P02633,AlphaFold,./pdb_files\P02633_AF.pdb,Match,A
P02633,V,65,A,3.78,ProTherm,P02633,1IGV,,P02633,P02633,AlphaFold,./pdb_files\P02633_AF.pdb,Match,A
P02633,V,65,G,4.35,ProTherm,P02633,1IGV,,P02633,P02633,AlphaFold,./pdb_files\P02633_AF.pdb,Match,A
P02633,V,74,L,1.2,ProTherm,P02633,1IGV,,P02633,P02633,AlphaFold,./pdb_files\P02633_AF.pdb,Match,A
P02633,Y,17,F,1.19,ProTherm,P02633,1IGV,,P02633,P02633,AlphaFold,./pdb_files\P02633_AF.pdb,Match,A
P02640,F,797,A,2.3,ProTherm,P02640,"1WY3, 1QQV, 1YRI",,P02640,P02640,AlphaFold,./pdb_files\P02640_AF.pdb,Match,A
P02640,F,801,A,4.0,ProTherm,P02640,"1WY3, 1QQV, 1YRI",,P02640,P02640,AlphaFold,./pdb_files\P02640_AF.pdb,Match,A
P02640,F,808,A,3.3,ProTherm,P02640,"1WY3, 1QQV, 1YRI",,P02640,P02640,AlphaFold,./pdb_files\P02640_AF.pdb,Match,A
P02640,H,791,Y,-1.1,ProTherm,P02640,"1WY3, 1QQV, 1YRI",,P02640,P02640,AlphaFold,./pdb_files\P02640_AF.pdb,Match,A
P02640,S,793,A,0.8,ProTherm,P02640,"1WY3, 1QQV, 1YRI",,P02640,P02640,AlphaFold,./pdb_files\P02640_AF.pdb,Match,A
P02640,T,804,V,1.1,ProTherm,P02640,"1WY3, 1QQV, 1YRI",,P02640,P02640,AlphaFold,./pdb_files\P02640_AF.pdb,Match,A
P02640,V,800,A,2.5,ProTherm,P02640,"1WY3, 1QQV, 1YRI",,P02640,P02640,AlphaFold,./pdb_files\P02640_AF.pdb,Match,A
P02647,L,165,R,0.65,ProTherm,P02647,"1AV1, 3R2P",,P02647,P02647,AlphaFold,./pdb_files\P02647_AF.pdb,Match,A
P02647,S,79,P,0.65,ProTherm,P02647,"1AV1, 3R2P",,P02647,P02647,AlphaFold,./pdb_files\P02647_AF.pdb,Match,A
P02647,Y,42,P,1.9,ProTherm,P02647,"1AV1, 3R2P",,P02647,P02647,AlphaFold,./pdb_files\P02647_AF.pdb,Match,A
P02649,K,164,E,-0.75,ProTherm,P02649,"1LPE, 1GS9",,P02649,P02649,AlphaFold,./pdb_files\P02649_AF.pdb,Match,A
P02649,R,154,S,-0.25,ProTherm,P02649,"1LPE, 1GS9",,P02649,P02649,AlphaFold,./pdb_files\P02649_AF.pdb,Match,A
P02689,F,58,A,1.91,ProTherm,P02689,6EW2,,P02689,P02689,AlphaFold,./pdb_files\P02689_AF.pdb,Match,A
P02689,I,43,N,7.63,ProTherm,P02689,6EW2,,P02689,P02689,AlphaFold,./pdb_files\P02689_AF.pdb,Match,A
P02689,I,52,T,5.17,ProTherm,P02689,6EW2,,P02689,P02689,AlphaFold,./pdb_files\P02689_AF.pdb,Match,A
P02689,P,39,G,5.38,ProTherm,P02689,6EW2,,P02689,P02689,AlphaFold,./pdb_files\P02689_AF.pdb,Match,A
P02689,T,51,P,1.51,ProTherm,P02689,6EW2,,P02689,P02689,AlphaFold,./pdb_files\P02689_AF.pdb,Match,A
P02693,F,69,A,-1.38,ProTherm,P02693,"2IFB, 1IFB",,P02693,P02693,AlphaFold,./pdb_files\P02693_AF.pdb,Match,A
P02693,F,94,A,2.42,ProTherm,P02693,"2IFB, 1IFB",,P02693,P02693,AlphaFold,./pdb_files\P02693_AF.pdb,Match,A
P02693,W,7,Y,0.93,ProTherm,P02693,"2IFB, 1IFB",,P02693,P02693,AlphaFold,./pdb_files\P02693_AF.pdb,Match,A
P02693,W,83,Y,-0.09,ProTherm,P02693,"2IFB, 1IFB",,P02693,P02693,AlphaFold,./pdb_files\P02693_AF.pdb,Match,A
P02751,A,1550,G,0.93,ProTherm,P02751,"1TTF, 2CK2, 1FNF, 1TTG",,P02751,P02751,AlphaFold,./pdb_files\P02751_AF.pdb,Match,A
P02751,A,1594,G,2.81,ProTherm,P02751,"1TTF, 2CK2, 1FNF, 1TTG",,P02751,P02751,AlphaFold,./pdb_files\P02751_AF.pdb,Match,A
P02751,A,1611,G,1.38,ProTherm,P02751,"1TTF, 2CK2, 1FNF, 1TTG",,P02751,P02751,AlphaFold,./pdb_files\P02751_AF.pdb,Match,A
P02751,E,1575,A,-0.57,ProTherm,P02751,"1TTF, 2CK2, 1FNF, 1TTG",,P02751,P02751,AlphaFold,./pdb_files\P02751_AF.pdb,Match,A
P02751,F,1585,A,2.16,ProTherm,P02751,"1TTF, 2CK2, 1FNF, 1TTG",,P02751,P02751,AlphaFold,./pdb_files\P02751_AF.pdb,Match,A
P02751,I,1571,A,5.02,ProTherm,P02751,"1TTF, 2CK2, 1FNF, 1TTG",,P02751,P02751,AlphaFold,./pdb_files\P02751_AF.pdb,Match,A
P02751,I,1571,V,0.41,ProTherm,P02751,"1TTF, 2CK2, 1FNF, 1TTG",,P02751,P02751,AlphaFold,./pdb_files\P02751_AF.pdb,Match,A
P02751,I,1596,V,1.12,ProTherm,P02751,"1TTF, 2CK2, 1FNF, 1TTG",,P02751,P02751,AlphaFold,./pdb_files\P02751_AF.pdb,Match,A
P02751,I,1607,A,3.72,ProTherm,P02751,"1TTF, 2CK2, 1FNF, 1TTG",,P02751,P02751,AlphaFold,./pdb_files\P02751_AF.pdb,Match,A
P02751,I,1607,V,0.61,ProTherm,P02751,"1TTF, 2CK2, 1FNF, 1TTG",,P02751,P02751,AlphaFold,./pdb_files\P02751_AF.pdb,Match,A
P02751,I,1625,A,0.35,ProTherm,P02751,"1TTF, 2CK2, 1FNF, 1TTG",,P02751,P02751,AlphaFold,./pdb_files\P02751_AF.pdb,Match,A
P02751,I,1625,V,0.35,ProTherm,P02751,"1TTF, 2CK2, 1FNF, 1TTG",,P02751,P02751,AlphaFold,./pdb_files\P02751_AF.pdb,Match,A
P02751,I,1627,V,0.7000000000000001,ProTherm,P02751,"1TTF, 2CK2, 1FNF, 1TTG",,P02751,P02751,AlphaFold,./pdb_files\P02751_AF.pdb,Match,A
P02751,L,1545,A,1.64,ProTherm,P02751,"1TTF, 2CK2, 1FNF, 1TTG",,P02751,P02751,AlphaFold,./pdb_files\P02751_AF.pdb,Match,A
P02751,L,1555,A,0.87,ProTherm,P02751,"1TTF, 2CK2, 1FNF, 1TTG",,P02751,P02751,AlphaFold,./pdb_files\P02751_AF.pdb,Match,A
P02751,P,1542,A,-0.16,ProTherm,P02751,"1TTF, 2CK2, 1FNF, 1TTG",,P02751,P02751,AlphaFold,./pdb_files\P02751_AF.pdb,Match,A
P02751,P,1601,A,0.41,ProTherm,P02751,"1TTF, 2CK2, 1FNF, 1TTG",,P02751,P02751,AlphaFold,./pdb_files\P02751_AF.pdb,Match,A
P02751,P,1619,A,0.42,ProTherm,P02751,"1TTF, 2CK2, 1FNF, 1TTG",,P02751,P02751,AlphaFold,./pdb_files\P02751_AF.pdb,Match,A
P02751,P,1624,A,0.21,ProTherm,P02751,"1TTF, 2CK2, 1FNF, 1TTG",,P02751,P02751,AlphaFold,./pdb_files\P02751_AF.pdb,Match,A
P02751,S,1622,A,-0.11,ProTherm,P02751,"1TTF, 2CK2, 1FNF, 1TTG",,P02751,P02751,AlphaFold,./pdb_files\P02751_AF.pdb,Match,A
P02751,V,1547,A,1.38,ProTherm,P02751,"1TTF, 2CK2, 1FNF, 1TTG",,P02751,P02751,AlphaFold,./pdb_files\P02751_AF.pdb,Match,A
P02751,V,1566,A,1.45,ProTherm,P02751,"1TTF, 2CK2, 1FNF, 1TTG",,P02751,P02751,AlphaFold,./pdb_files\P02751_AF.pdb,Match,A
P02751,V,1587,A,2.42,ProTherm,P02751,"1TTF, 2CK2, 1FNF, 1TTG",,P02751,P02751,AlphaFold,./pdb_files\P02751_AF.pdb,Match,A
P02751,V,1603,A,0.67,ProTherm,P02751,"1TTF, 2CK2, 1FNF, 1TTG",,P02751,P02751,AlphaFold,./pdb_files\P02751_AF.pdb,Match,A
P02751,V,1609,A,3.33,ProTherm,P02751,"1TTF, 2CK2, 1FNF, 1TTG",,P02751,P02751,AlphaFold,./pdb_files\P02751_AF.pdb,Match,A
P02751,W,1559,F,1.94,ProTherm,P02751,"1TTF, 2CK2, 1FNF, 1TTG",,P02751,P02751,AlphaFold,./pdb_files\P02751_AF.pdb,Match,A
P02751,Y,1569,A,4.165,ProTherm,P02751,"1TTF, 2CK2, 1FNF, 1TTG",,P02751,P02751,AlphaFold,./pdb_files\P02751_AF.pdb,Match,A
P02751,Y,1569,F,0.41,ProTherm,P02751,"1TTF, 2CK2, 1FNF, 1TTG",,P02751,P02751,AlphaFold,./pdb_files\P02751_AF.pdb,Match,A
P02751,Y,1569,L,2.605,ProTherm,P02751,"1TTF, 2CK2, 1FNF, 1TTG",,P02751,P02751,AlphaFold,./pdb_files\P02751_AF.pdb,Match,A
P02751,Y,1573,F,-0.27,ProTherm,P02751,"1TTF, 2CK2, 1FNF, 1TTG",,P02751,P02751,AlphaFold,./pdb_files\P02751_AF.pdb,Match,A
P02751,Y,1629,A,1.19,ProTherm,P02751,"1TTF, 2CK2, 1FNF, 1TTG",,P02751,P02751,AlphaFold,./pdb_files\P02751_AF.pdb,Match,A
P02751,Y,1629,F,-0.11,ProTherm,P02751,"1TTF, 2CK2, 1FNF, 1TTG",,P02751,P02751,AlphaFold,./pdb_files\P02751_AF.pdb,Match,A
P02754,W,35,Y,6.91,ProTherm,P02754,1B0O,,P02754,P02754,AlphaFold,./pdb_files\P02754_AF.pdb,Match,A
P02925,A,213,C,1.8,ProTherm,P02925,2DRI,,P02925,P02925,AlphaFold,./pdb_files\P02925_AF.pdb,Match,A
P02925,L,87,C,2.7,ProTherm,P02925,2DRI,,P02925,P02925,AlphaFold,./pdb_files\P02925_AF.pdb,Match,A
P02945,D,49,A,0.9,ProTherm,P02945,2BRD,,P02945,P02945,AlphaFold,./pdb_files\P02945_AF.pdb,Match,A
P02945,D,51,A,0.5,ProTherm,P02945,2BRD,,P02945,P02945,AlphaFold,./pdb_files\P02945_AF.pdb,Match,A
P02945,F,55,A,1.6,ProTherm,P02945,2BRD,,P02945,P02945,AlphaFold,./pdb_files\P02945_AF.pdb,Match,A
P02945,F,67,A,1.0,ProTherm,P02945,2BRD,,P02945,P02945,AlphaFold,./pdb_files\P02945_AF.pdb,Match,A
P02945,I,58,A,1.9,ProTherm,P02945,2BRD,,P02945,P02945,AlphaFold,./pdb_files\P02945_AF.pdb,Match,A
P02945,I,65,A,1.4,ProTherm,P02945,2BRD,,P02945,P02945,AlphaFold,./pdb_files\P02945_AF.pdb,Match,A
P02945,K,53,A,0.3,ProTherm,P02945,2BRD,,P02945,P02945,AlphaFold,./pdb_files\P02945_AF.pdb,Match,A
P02945,K,54,A,1.6,ProTherm,P02945,2BRD,,P02945,P02945,AlphaFold,./pdb_files\P02945_AF.pdb,Match,A
P02945,L,61,A,0.1,ProTherm,P02945,2BRD,,P02945,P02945,AlphaFold,./pdb_files\P02945_AF.pdb,Match,A
P02945,L,71,A,-0.3,ProTherm,P02945,2BRD,,P02945,P02945,AlphaFold,./pdb_files\P02945_AF.pdb,Match,A
P02945,L,74,A,-0.7,ProTherm,P02945,2BRD,,P02945,P02945,AlphaFold,./pdb_files\P02945_AF.pdb,Match,A
P02945,L,75,A,-0.5,ProTherm,P02945,2BRD,,P02945,P02945,AlphaFold,./pdb_files\P02945_AF.pdb,Match,A
P02945,M,69,A,-1.4,ProTherm,P02945,2BRD,,P02945,P02945,AlphaFold,./pdb_files\P02945_AF.pdb,Match,A
P02945,M,73,A,0.8,ProTherm,P02945,2BRD,,P02945,P02945,AlphaFold,./pdb_files\P02945_AF.pdb,Match,A
P02945,P,50,A,0.2,ProTherm,P02945,2BRD,,P02945,P02945,AlphaFold,./pdb_files\P02945_AF.pdb,Match,A
P02945,P,63,A,-0.1,ProTherm,P02945,2BRD,,P02945,P02945,AlphaFold,./pdb_files\P02945_AF.pdb,Match,A
P02945,S,48,A,0.3,ProTherm,P02945,2BRD,,P02945,P02945,AlphaFold,./pdb_files\P02945_AF.pdb,Match,A
P02945,S,72,A,-0.1,ProTherm,P02945,2BRD,,P02945,P02945,AlphaFold,./pdb_files\P02945_AF.pdb,Match,A
P02945,T,59,A,2.2,ProTherm,P02945,2BRD,,P02945,P02945,AlphaFold,./pdb_files\P02945_AF.pdb,Match,A
P02945,T,60,A,1.0,ProTherm,P02945,2BRD,,P02945,P02945,AlphaFold,./pdb_files\P02945_AF.pdb,Match,A
P02945,T,68,A,0.1,ProTherm,P02945,2BRD,,P02945,P02945,AlphaFold,./pdb_files\P02945_AF.pdb,Match,A
P02945,V,62,A,-0.7,ProTherm,P02945,2BRD,,P02945,P02945,AlphaFold,./pdb_files\P02945_AF.pdb,Match,A
P02945,Y,56,A,1.3,ProTherm,P02945,2BRD,,P02945,P02945,AlphaFold,./pdb_files\P02945_AF.pdb,Match,A
P02945,Y,70,A,3.7,ProTherm,P02945,2BRD,,P02945,P02945,AlphaFold,./pdb_files\P02945_AF.pdb,Match,A
P03051,D,30,A,-0.3,ProTherm,P03051,1ROP,,P03051,P03051,AlphaFold,./pdb_files\P03051_AF.pdb,Match,A
P03051,D,30,C,-0.8,ProTherm,P03051,1ROP,,P03051,P03051,AlphaFold,./pdb_files\P03051_AF.pdb,Match,A
P03051,D,30,E,-1.0,ProTherm,P03051,1ROP,,P03051,P03051,AlphaFold,./pdb_files\P03051_AF.pdb,Match,A
P03051,D,30,F,0.1,ProTherm,P03051,1ROP,,P03051,P03051,AlphaFold,./pdb_files\P03051_AF.pdb,Match,A
P03051,D,30,G,-2.0,ProTherm,P03051,1ROP,,P03051,P03051,AlphaFold,./pdb_files\P03051_AF.pdb,Match,A
P03051,D,30,H,-0.9,ProTherm,P03051,1ROP,,P03051,P03051,AlphaFold,./pdb_files\P03051_AF.pdb,Match,A
P03051,D,30,I,0.8,ProTherm,P03051,1ROP,,P03051,P03051,AlphaFold,./pdb_files\P03051_AF.pdb,Match,A
P03051,D,30,K,-0.9,ProTherm,P03051,1ROP,,P03051,P03051,AlphaFold,./pdb_files\P03051_AF.pdb,Match,A
P03051,D,30,L,0.1,ProTherm,P03051,1ROP,,P03051,P03051,AlphaFold,./pdb_files\P03051_AF.pdb,Match,A
P03051,D,30,M,-0.6,ProTherm,P03051,1ROP,,P03051,P03051,AlphaFold,./pdb_files\P03051_AF.pdb,Match,A
P03051,D,30,N,-0.8,ProTherm,P03051,1ROP,,P03051,P03051,AlphaFold,./pdb_files\P03051_AF.pdb,Match,A
P03051,D,30,P,1.6,ProTherm,P03051,1ROP,,P03051,P03051,AlphaFold,./pdb_files\P03051_AF.pdb,Match,A
P03051,D,30,Q,-1.8,ProTherm,P03051,1ROP,,P03051,P03051,AlphaFold,./pdb_files\P03051_AF.pdb,Match,A
P03051,D,30,R,-0.8,ProTherm,P03051,1ROP,,P03051,P03051,AlphaFold,./pdb_files\P03051_AF.pdb,Match,A
P03051,D,30,S,-1.0,ProTherm,P03051,1ROP,,P03051,P03051,AlphaFold,./pdb_files\P03051_AF.pdb,Match,A
P03051,D,30,T,0.4,ProTherm,P03051,1ROP,,P03051,P03051,AlphaFold,./pdb_files\P03051_AF.pdb,Match,A
P03051,D,30,V,0.4,ProTherm,P03051,1ROP,,P03051,P03051,AlphaFold,./pdb_files\P03051_AF.pdb,Match,A
P03051,D,30,W,0.4,ProTherm,P03051,1ROP,,P03051,P03051,AlphaFold,./pdb_files\P03051_AF.pdb,Match,A
P03051,D,30,Y,-0.2,ProTherm,P03051,1ROP,,P03051,P03051,AlphaFold,./pdb_files\P03051_AF.pdb,Match,A
P03051,L,41,A,6.12,ProTherm,P03051,1ROP,,P03051,P03051,AlphaFold,./pdb_files\P03051_AF.pdb,Match,A
P03051,L,41,V,2.53,ProTherm,P03051,1ROP,,P03051,P03051,AlphaFold,./pdb_files\P03051_AF.pdb,Match,A
P03069,E,259,Q,0.74,ProTherm,P03069,2ZTA,,P03069,P03069,AlphaFold,./pdb_files\P03069_AF.pdb,Match,A
P03069,E,268,Q,-0.2,ProTherm,P03069,2ZTA,,P03069,P03069,AlphaFold,./pdb_files\P03069_AF.pdb,Match,A
P03069,E,270,Q,1.83,ProTherm,P03069,2ZTA,,P03069,P03069,AlphaFold,./pdb_files\P03069_AF.pdb,Match,A
P03069,K,256,A,0.39,ProTherm,P03069,2ZTA,,P03069,P03069,AlphaFold,./pdb_files\P03069_AF.pdb,Match,A
P03069,K,263,A,0.41,ProTherm,P03069,2ZTA,,P03069,P03069,AlphaFold,./pdb_files\P03069_AF.pdb,Match,A
P03069,K,275,A,0.91,ProTherm,P03069,2ZTA,,P03069,P03069,AlphaFold,./pdb_files\P03069_AF.pdb,Match,A
P03069,K,276,A,0.06,ProTherm,P03069,2ZTA,,P03069,P03069,AlphaFold,./pdb_files\P03069_AF.pdb,Match,A
P03069,R,273,A,1.66,ProTherm,P03069,2ZTA,,P03069,P03069,AlphaFold,./pdb_files\P03069_AF.pdb,Match,A
P03958,W,264,F,-8.64,ProTherm,P03958,2ADA,,P03958,P03958,AlphaFold,./pdb_files\P03958_AF.pdb,Match,A
P04141,L,83,E,-1.1,ProTherm,P04141,,,P04141,P04141,AlphaFold,./pdb_files\P04141_AF.pdb,Match,A
P04156,D,178,N,0.38,ProTherm,P04156,2LSB,,P04156,P04156,AlphaFold,./pdb_files\P04156_AF.pdb,Match,A
P04156,P,105,L,0.2,ProTherm,P04156,2LSB,,P04156,P04156,AlphaFold,./pdb_files\P04156_AF.pdb,Match,A
P04156,Q,212,P,1.23,ProTherm,P04156,2LSB,,P04156,P04156,AlphaFold,./pdb_files\P04156_AF.pdb,Match,A
P04156,V,203,I,-0.06,ProTherm,P04156,2LSB,,P04156,P04156,AlphaFold,./pdb_files\P04156_AF.pdb,Match,A
P04179,I,82,T,2.7,ProTherm,P04179,1N0J,,P04179,P04179,AlphaFold,./pdb_files\P04179_AF.pdb,Match,A
P04179,Q,167,N,-2.79,ProTherm,P04179,1N0J,,P04179,P04179,AlphaFold,./pdb_files\P04179_AF.pdb,Match,A
P04179,Y,58,F,-12.7,ProTherm,P04179,1N0J,,P04179,P04179,AlphaFold,./pdb_files\P04179_AF.pdb,Match,A
P04637,A,347,G,2.7,ProTherm,P04637,"2V5W, 1TUP, 1SAK",,P04637,P04637,AlphaFold,./pdb_files\P04637_AF.pdb,Match,A
P04637,C,242,S,2.94,ProTherm,P04637,"2V5W, 1TUP, 1SAK",,P04637,P04637,AlphaFold,./pdb_files\P04637_AF.pdb,Match,A
P04637,D,352,A,2.2,ProTherm,P04637,"2V5W, 1TUP, 1SAK",,P04637,P04637,AlphaFold,./pdb_files\P04637_AF.pdb,Match,A
P04637,E,326,A,1.6,ProTherm,P04637,"2V5W, 1TUP, 1SAK",,P04637,P04637,AlphaFold,./pdb_files\P04637_AF.pdb,Match,A
P04637,E,336,A,-3.0,ProTherm,P04637,"2V5W, 1TUP, 1SAK",,P04637,P04637,AlphaFold,./pdb_files\P04637_AF.pdb,Match,A
P04637,E,339,A,1.8,ProTherm,P04637,"2V5W, 1TUP, 1SAK",,P04637,P04637,AlphaFold,./pdb_files\P04637_AF.pdb,Match,A
P04637,E,343,A,1.1,ProTherm,P04637,"2V5W, 1TUP, 1SAK",,P04637,P04637,AlphaFold,./pdb_files\P04637_AF.pdb,Match,A
P04637,E,346,A,0.4,ProTherm,P04637,"2V5W, 1TUP, 1SAK",,P04637,P04637,AlphaFold,./pdb_files\P04637_AF.pdb,Match,A
P04637,E,349,A,3.8,ProTherm,P04637,"2V5W, 1TUP, 1SAK",,P04637,P04637,AlphaFold,./pdb_files\P04637_AF.pdb,Match,A
P04637,F,328,A,7.2,ProTherm,P04637,"2V5W, 1TUP, 1SAK",,P04637,P04637,AlphaFold,./pdb_files\P04637_AF.pdb,Match,A
P04637,F,328,L,3.5,ProTherm,P04637,"2V5W, 1TUP, 1SAK",,P04637,P04637,AlphaFold,./pdb_files\P04637_AF.pdb,Match,A
P04637,F,338,A,7.2,ProTherm,P04637,"2V5W, 1TUP, 1SAK",,P04637,P04637,AlphaFold,./pdb_files\P04637_AF.pdb,Match,A
P04637,F,341,I,6.9,ProTherm,P04637,"2V5W, 1TUP, 1SAK",,P04637,P04637,AlphaFold,./pdb_files\P04637_AF.pdb,Match,A
P04637,F,341,L,3.2,ProTherm,P04637,"2V5W, 1TUP, 1SAK",,P04637,P04637,AlphaFold,./pdb_files\P04637_AF.pdb,Match,A
P04637,I,332,V,4.9,ProTherm,P04637,"2V5W, 1TUP, 1SAK",,P04637,P04637,AlphaFold,./pdb_files\P04637_AF.pdb,Match,A
P04637,K,351,A,-2.5,ProTherm,P04637,"2V5W, 1TUP, 1SAK",,P04637,P04637,AlphaFold,./pdb_files\P04637_AF.pdb,Match,A
P04637,L,330,F,5.2,ProTherm,P04637,"2V5W, 1TUP, 1SAK",,P04637,P04637,AlphaFold,./pdb_files\P04637_AF.pdb,Match,A
P04637,L,344,F,6.1,ProTherm,P04637,"2V5W, 1TUP, 1SAK",,P04637,P04637,AlphaFold,./pdb_files\P04637_AF.pdb,Match,A
P04637,L,344,I,1.2,ProTherm,P04637,"2V5W, 1TUP, 1SAK",,P04637,P04637,AlphaFold,./pdb_files\P04637_AF.pdb,Match,A
P04637,L,350,A,2.1,ProTherm,P04637,"2V5W, 1TUP, 1SAK",,P04637,P04637,AlphaFold,./pdb_files\P04637_AF.pdb,Match,A
P04637,M,340,A,6.4,ProTherm,P04637,"2V5W, 1TUP, 1SAK",,P04637,P04637,AlphaFold,./pdb_files\P04637_AF.pdb,Match,A
P04637,M,340,I,-0.7,ProTherm,P04637,"2V5W, 1TUP, 1SAK",,P04637,P04637,AlphaFold,./pdb_files\P04637_AF.pdb,Match,A
P04637,N,345,A,3.7,ProTherm,P04637,"2V5W, 1TUP, 1SAK",,P04637,P04637,AlphaFold,./pdb_files\P04637_AF.pdb,Match,A
P04637,Q,331,A,1.4,ProTherm,P04637,"2V5W, 1TUP, 1SAK",,P04637,P04637,AlphaFold,./pdb_files\P04637_AF.pdb,Match,A
P04637,R,175,H,3.01,ProTherm,P04637,"2V5W, 1TUP, 1SAK",,P04637,P04637,AlphaFold,./pdb_files\P04637_AF.pdb,Match,A
P04637,R,248,Q,1.94,ProTherm,P04637,"2V5W, 1TUP, 1SAK",,P04637,P04637,AlphaFold,./pdb_files\P04637_AF.pdb,Match,A
P04637,R,249,S,1.95,ProTherm,P04637,"2V5W, 1TUP, 1SAK",,P04637,P04637,AlphaFold,./pdb_files\P04637_AF.pdb,Match,A
P04637,R,273,H,0.35,ProTherm,P04637,"2V5W, 1TUP, 1SAK",,P04637,P04637,AlphaFold,./pdb_files\P04637_AF.pdb,Match,A
P04637,R,333,A,3.9,ProTherm,P04637,"2V5W, 1TUP, 1SAK",,P04637,P04637,AlphaFold,./pdb_files\P04637_AF.pdb,Match,A
P04637,R,335,A,2.1,ProTherm,P04637,"2V5W, 1TUP, 1SAK",,P04637,P04637,AlphaFold,./pdb_files\P04637_AF.pdb,Match,A
P04637,R,337,A,9.3,ProTherm,P04637,"2V5W, 1TUP, 1SAK",,P04637,P04637,AlphaFold,./pdb_files\P04637_AF.pdb,Match,A
P04637,R,342,A,1.4,ProTherm,P04637,"2V5W, 1TUP, 1SAK",,P04637,P04637,AlphaFold,./pdb_files\P04637_AF.pdb,Match,A
P04637,T,329,A,3.6,ProTherm,P04637,"2V5W, 1TUP, 1SAK",,P04637,P04637,AlphaFold,./pdb_files\P04637_AF.pdb,Match,A
P04925,E,195,K,0.2933333333333333,ProTherm,P04925,"1AG2, 1XYX",,P04925,P04925,AlphaFold,./pdb_files\P04925_AF.pdb,Match,A
P04925,E,199,K,0.14,ProTherm,P04925,"1AG2, 1XYX",,P04925,P04925,AlphaFold,./pdb_files\P04925_AF.pdb,Match,A
P04925,F,197,H,1.5066666666666666,ProTherm,P04925,"1AG2, 1XYX",,P04925,P04925,AlphaFold,./pdb_files\P04925_AF.pdb,Match,A
P04925,F,197,S,2.46,ProTherm,P04925,"1AG2, 1XYX",,P04925,P04925,AlphaFold,./pdb_files\P04925_AF.pdb,Match,A
P04925,H,186,Y,-0.8133333333333334,ProTherm,P04925,"1AG2, 1XYX",,P04925,P04925,AlphaFold,./pdb_files\P04925_AF.pdb,Match,A
P04925,M,128,V,0.33,ProTherm,P04925,"1AG2, 1XYX",,P04925,P04925,AlphaFold,./pdb_files\P04925_AF.pdb,Match,A
P04925,Q,216,R,2.13,ProTherm,P04925,"1AG2, 1XYX",,P04925,P04925,AlphaFold,./pdb_files\P04925_AF.pdb,Match,A
P04925,R,207,H,1.44,ProTherm,P04925,"1AG2, 1XYX",,P04925,P04925,AlphaFold,./pdb_files\P04925_AF.pdb,Match,A
P04925,T,182,A,4.62,ProTherm,P04925,"1AG2, 1XYX",,P04925,P04925,AlphaFold,./pdb_files\P04925_AF.pdb,Match,A
P04925,T,189,V,0.17,ProTherm,P04925,"1AG2, 1XYX",,P04925,P04925,AlphaFold,./pdb_files\P04925_AF.pdb,Match,A
P04925,V,179,I,0.5,ProTherm,P04925,"1AG2, 1XYX",,P04925,P04925,AlphaFold,./pdb_files\P04925_AF.pdb,Match,A
P04925,V,209,I,0.26,ProTherm,P04925,"1AG2, 1XYX",,P04925,P04925,AlphaFold,./pdb_files\P04925_AF.pdb,Match,A
P04925,Y,154,H,-0.24,ProTherm,P04925,"1AG2, 1XYX",,P04925,P04925,AlphaFold,./pdb_files\P04925_AF.pdb,Match,A
P05121,E,350,P,-0.3,ProTherm,P05121,"1C5G, 1A7C",,P05121,P05121,AlphaFold,./pdb_files\P05121_AF.pdb,Match,A
P05121,E,350,R,0.6,ProTherm,P05121,"1C5G, 1A7C",,P05121,P05121,AlphaFold,./pdb_files\P05121_AF.pdb,Match,A
P05121,R,53,E,1.2,ProTherm,P05121,"1C5G, 1A7C",,P05121,P05121,AlphaFold,./pdb_files\P05121_AF.pdb,Match,A
P05230,A,118,G,0.41,ProTherm,P05230,"2AFG, 1JQZ",,P05230,P05230,AlphaFold,./pdb_files\P05230_AF.pdb,Match,A
P05230,C,132,A,-0.34,ProTherm,P05230,"2AFG, 1JQZ",,P05230,P05230,AlphaFold,./pdb_files\P05230_AF.pdb,Match,A
P05230,C,132,I,-0.36,ProTherm,P05230,"2AFG, 1JQZ",,P05230,P05230,AlphaFold,./pdb_files\P05230_AF.pdb,Match,A
P05230,C,132,S,0.775,ProTherm,P05230,"2AFG, 1JQZ",,P05230,P05230,AlphaFold,./pdb_files\P05230_AF.pdb,Match,A
P05230,C,132,T,0.35,ProTherm,P05230,"2AFG, 1JQZ",,P05230,P05230,AlphaFold,./pdb_files\P05230_AF.pdb,Match,A
P05230,C,132,V,-0.17,ProTherm,P05230,"2AFG, 1JQZ",,P05230,P05230,AlphaFold,./pdb_files\P05230_AF.pdb,Match,A
P05230,C,31,A,-0.7,ProTherm,P05230,"2AFG, 1JQZ",,P05230,P05230,AlphaFold,./pdb_files\P05230_AF.pdb,Match,A
P05230,C,31,S,2.89,ProTherm,P05230,"2AFG, 1JQZ",,P05230,P05230,AlphaFold,./pdb_files\P05230_AF.pdb,Match,A
P05230,C,31,T,-0.6,ProTherm,P05230,"2AFG, 1JQZ",,P05230,P05230,AlphaFold,./pdb_files\P05230_AF.pdb,Match,A
P05230,C,31,V,0.74,ProTherm,P05230,"2AFG, 1JQZ",,P05230,P05230,AlphaFold,./pdb_files\P05230_AF.pdb,Match,A
P05230,C,98,A,1.14,ProTherm,P05230,"2AFG, 1JQZ",,P05230,P05230,AlphaFold,./pdb_files\P05230_AF.pdb,Match,A
P05230,C,98,S,1.61,ProTherm,P05230,"2AFG, 1JQZ",,P05230,P05230,AlphaFold,./pdb_files\P05230_AF.pdb,Match,A
P05230,C,98,T,1.21,ProTherm,P05230,"2AFG, 1JQZ",,P05230,P05230,AlphaFold,./pdb_files\P05230_AF.pdb,Match,A
P05230,C,98,V,2.6,ProTherm,P05230,"2AFG, 1JQZ",,P05230,P05230,AlphaFold,./pdb_files\P05230_AF.pdb,Match,A
P05230,F,100,W,0.1,ProTherm,P05230,"2AFG, 1JQZ",,P05230,P05230,AlphaFold,./pdb_files\P05230_AF.pdb,Match,A
P05230,F,123,Y,-0.94,ProTherm,P05230,"2AFG, 1JQZ",,P05230,P05230,AlphaFold,./pdb_files\P05230_AF.pdb,Match,A
P05230,F,147,W,0.38,ProTherm,P05230,"2AFG, 1JQZ",,P05230,P05230,AlphaFold,./pdb_files\P05230_AF.pdb,Match,A
P05230,G,77,A,1.43,ProTherm,P05230,"2AFG, 1JQZ",,P05230,P05230,AlphaFold,./pdb_files\P05230_AF.pdb,Match,A
P05230,G,77,N,0.79,ProTherm,P05230,"2AFG, 1JQZ",,P05230,P05230,AlphaFold,./pdb_files\P05230_AF.pdb,Match,A
P05230,H,108,A,0.43,ProTherm,P05230,"2AFG, 1JQZ",,P05230,P05230,AlphaFold,./pdb_files\P05230_AF.pdb,Match,A
P05230,H,108,G,-1.2166666666666668,ProTherm,P05230,"2AFG, 1JQZ",,P05230,P05230,AlphaFold,./pdb_files\P05230_AF.pdb,Match,A
P05230,H,108,N,-0.29,ProTherm,P05230,"2AFG, 1JQZ",,P05230,P05230,AlphaFold,./pdb_files\P05230_AF.pdb,Match,A
P05230,H,117,Y,-0.44,ProTherm,P05230,"2AFG, 1JQZ",,P05230,P05230,AlphaFold,./pdb_files\P05230_AF.pdb,Match,A
P05230,H,36,Y,-1.01,ProTherm,P05230,"2AFG, 1JQZ",,P05230,P05230,AlphaFold,./pdb_files\P05230_AF.pdb,Match,A
P05230,L,59,F,-0.87,ProTherm,P05230,"2AFG, 1JQZ",,P05230,P05230,AlphaFold,./pdb_files\P05230_AF.pdb,Match,A
P05230,L,59,P,-0.69,ProTherm,P05230,"2AFG, 1JQZ",,P05230,P05230,AlphaFold,./pdb_files\P05230_AF.pdb,Match,A
P05230,L,88,V,1.46,ProTherm,P05230,"2AFG, 1JQZ",,P05230,P05230,AlphaFold,./pdb_files\P05230_AF.pdb,Match,A
P05230,N,121,G,-0.38,ProTherm,P05230,"2AFG, 1JQZ",,P05230,P05230,AlphaFold,./pdb_files\P05230_AF.pdb,Match,A
P05230,V,124,I,-0.06,ProTherm,P05230,"2AFG, 1JQZ",,P05230,P05230,AlphaFold,./pdb_files\P05230_AF.pdb,Match,A
P05230,V,124,L,0.57,ProTherm,P05230,"2AFG, 1JQZ",,P05230,P05230,AlphaFold,./pdb_files\P05230_AF.pdb,Match,A
P05230,V,46,W,-0.96,ProTherm,P05230,"2AFG, 1JQZ",,P05230,P05230,AlphaFold,./pdb_files\P05230_AF.pdb,Match,A
P05413,F,17,Y,3.44,ProTherm,P05413,2HMB,,P05413,P05413,AlphaFold,./pdb_files\P05413_AF.pdb,Match,A
P05413,F,58,S,3.63,ProTherm,P05413,2HMB,,P05413,P05413,AlphaFold,./pdb_files\P05413_AF.pdb,Match,A
P05413,R,107,T,3.54,ProTherm,P05413,2HMB,,P05413,P05413,AlphaFold,./pdb_files\P05413_AF.pdb,Match,A
P05413,R,127,K,4.66,ProTherm,P05413,2HMB,,P05413,P05413,AlphaFold,./pdb_files\P05413_AF.pdb,Match,A
P05413,R,127,Q,0.62,ProTherm,P05413,2HMB,,P05413,P05413,AlphaFold,./pdb_files\P05413_AF.pdb,Match,A
P05413,T,41,E,3.27,ProTherm,P05413,2HMB,,P05413,P05413,AlphaFold,./pdb_files\P05413_AF.pdb,Match,A
P05413,T,41,Q,4.37,ProTherm,P05413,2HMB,,P05413,P05413,AlphaFold,./pdb_files\P05413_AF.pdb,Match,A
P05413,T,41,V,1.84,ProTherm,P05413,2HMB,,P05413,P05413,AlphaFold,./pdb_files\P05413_AF.pdb,Match,A
P05413,Y,129,F,3.82,ProTherm,P05413,2HMB,,P05413,P05413,AlphaFold,./pdb_files\P05413_AF.pdb,Match,A
P05798,D,17,K,1.1,ProTherm,P05798,1RGG,,P05798,P05798,AlphaFold,./pdb_files\P05798_AF.pdb,Match,A
P05798,D,25,H,-0.9,ProTherm,P05798,1RGG,,P05798,P05798,AlphaFold,./pdb_files\P05798_AF.pdb,Match,A
P05798,D,25,K,0.9,ProTherm,P05798,1RGG,,P05798,P05798,AlphaFold,./pdb_files\P05798_AF.pdb,Match,A
P05798,D,33,A,6.1,ProTherm,P05798,1RGG,,P05798,P05798,AlphaFold,./pdb_files\P05798_AF.pdb,Match,A
P05798,D,79,A,-2.75,ProTherm,P05798,1RGG,,P05798,P05798,AlphaFold,./pdb_files\P05798_AF.pdb,Match,A
P05798,D,79,E,0.3,ProTherm,P05798,1RGG,,P05798,P05798,AlphaFold,./pdb_files\P05798_AF.pdb,Match,A
P05798,D,79,F,-3.0,ProTherm,P05798,1RGG,,P05798,P05798,AlphaFold,./pdb_files\P05798_AF.pdb,Match,A
P05798,D,79,H,-1.8,ProTherm,P05798,1RGG,,P05798,P05798,AlphaFold,./pdb_files\P05798_AF.pdb,Match,A
P05798,D,79,I,-2.85,ProTherm,P05798,1RGG,,P05798,P05798,AlphaFold,./pdb_files\P05798_AF.pdb,Match,A
P05798,D,79,K,-2.3,ProTherm,P05798,1RGG,,P05798,P05798,AlphaFold,./pdb_files\P05798_AF.pdb,Match,A
P05798,D,79,L,-2.7,ProTherm,P05798,1RGG,,P05798,P05798,AlphaFold,./pdb_files\P05798_AF.pdb,Match,A
P05798,D,79,N,-1.8,ProTherm,P05798,1RGG,,P05798,P05798,AlphaFold,./pdb_files\P05798_AF.pdb,Match,A
P05798,D,79,R,-2.7,ProTherm,P05798,1RGG,,P05798,P05798,AlphaFold,./pdb_files\P05798_AF.pdb,Match,A
P05798,D,79,W,-2.3,ProTherm,P05798,1RGG,,P05798,P05798,AlphaFold,./pdb_files\P05798_AF.pdb,Match,A
P05798,D,79,Y,-2.9,ProTherm,P05798,1RGG,,P05798,P05798,AlphaFold,./pdb_files\P05798_AF.pdb,Match,A
P05798,E,41,K,1.2,ProTherm,P05798,1RGG,,P05798,P05798,AlphaFold,./pdb_files\P05798_AF.pdb,Match,A
P05798,E,54,Q,1.7,ProTherm,P05798,1RGG,,P05798,P05798,AlphaFold,./pdb_files\P05798_AF.pdb,Match,A
P05798,E,74,K,-1.1,ProTherm,P05798,1RGG,,P05798,P05798,AlphaFold,./pdb_files\P05798_AF.pdb,Match,A
P05798,H,85,Q,0.0,ProTherm,P05798,1RGG,,P05798,P05798,AlphaFold,./pdb_files\P05798_AF.pdb,Match,A
P05798,I,22,V,1.48,ProTherm,P05798,1RGG,,P05798,P05798,AlphaFold,./pdb_files\P05798_AF.pdb,Match,A
P05798,I,58,V,0.0,ProTherm,P05798,1RGG,,P05798,P05798,AlphaFold,./pdb_files\P05798_AF.pdb,Match,A
P05798,I,70,V,0.94,ProTherm,P05798,1RGG,,P05798,P05798,AlphaFold,./pdb_files\P05798_AF.pdb,Match,A
P05798,I,71,V,0.13,ProTherm,P05798,1RGG,,P05798,P05798,AlphaFold,./pdb_files\P05798_AF.pdb,Match,A
P05798,I,92,V,1.0,ProTherm,P05798,1RGG,,P05798,P05798,AlphaFold,./pdb_files\P05798_AF.pdb,Match,A
P05798,L,11,A,3.08,ProTherm,P05798,1RGG,,P05798,P05798,AlphaFold,./pdb_files\P05798_AF.pdb,Match,A
P05798,L,19,A,3.65,ProTherm,P05798,1RGG,,P05798,P05798,AlphaFold,./pdb_files\P05798_AF.pdb,Match,A
P05798,L,21,A,0.41,ProTherm,P05798,1RGG,,P05798,P05798,AlphaFold,./pdb_files\P05798_AF.pdb,Match,A
P05798,L,8,A,1.34,ProTherm,P05798,1RGG,,P05798,P05798,AlphaFold,./pdb_files\P05798_AF.pdb,Match,A
P05798,L,91,A,0.84,ProTherm,P05798,1RGG,,P05798,P05798,AlphaFold,./pdb_files\P05798_AF.pdb,Match,A
P05798,N,20,A,0.0,ProTherm,P05798,1RGG,,P05798,P05798,AlphaFold,./pdb_files\P05798_AF.pdb,Match,A
P05798,N,39,A,2.2,ProTherm,P05798,1RGG,,P05798,P05798,AlphaFold,./pdb_files\P05798_AF.pdb,Match,A
P05798,N,39,D,1.5,ProTherm,P05798,1RGG,,P05798,P05798,AlphaFold,./pdb_files\P05798_AF.pdb,Match,A
P05798,N,39,S,2.3,ProTherm,P05798,1RGG,,P05798,P05798,AlphaFold,./pdb_files\P05798_AF.pdb,Match,A
P05798,Q,38,A,-1.0,ProTherm,P05798,1RGG,,P05798,P05798,AlphaFold,./pdb_files\P05798_AF.pdb,Match,A
P05798,Q,94,K,-0.3,ProTherm,P05798,1RGG,,P05798,P05798,AlphaFold,./pdb_files\P05798_AF.pdb,Match,A
P05798,R,40,E,0.4,ProTherm,P05798,1RGG,,P05798,P05798,AlphaFold,./pdb_files\P05798_AF.pdb,Match,A
P05798,R,65,A,1.0,ProTherm,P05798,1RGG,,P05798,P05798,AlphaFold,./pdb_files\P05798_AF.pdb,Match,A
P05798,S,24,A,0.2,ProTherm,P05798,1RGG,,P05798,P05798,AlphaFold,./pdb_files\P05798_AF.pdb,Match,A
P05798,S,31,A,-0.4,ProTherm,P05798,1RGG,,P05798,P05798,AlphaFold,./pdb_files\P05798_AF.pdb,Match,A
P05798,S,3,A,0.3,ProTherm,P05798,1RGG,,P05798,P05798,AlphaFold,./pdb_files\P05798_AF.pdb,Match,A
P05798,S,42,A,-0.1,ProTherm,P05798,1RGG,,P05798,P05798,AlphaFold,./pdb_files\P05798_AF.pdb,Match,A
P05798,S,48,A,-0.5,ProTherm,P05798,1RGG,,P05798,P05798,AlphaFold,./pdb_files\P05798_AF.pdb,Match,A
P05798,S,90,A,-0.2,ProTherm,P05798,1RGG,,P05798,P05798,AlphaFold,./pdb_files\P05798_AF.pdb,Match,A
P05798,S,9,A,1.3,ProTherm,P05798,1RGG,,P05798,P05798,AlphaFold,./pdb_files\P05798_AF.pdb,Match,A
P05798,T,16,V,-0.3,ProTherm,P05798,1RGG,,P05798,P05798,AlphaFold,./pdb_files\P05798_AF.pdb,Match,A
P05798,T,18,V,1.4,ProTherm,P05798,1RGG,,P05798,P05798,AlphaFold,./pdb_files\P05798_AF.pdb,Match,A
P05798,T,56,V,1.9,ProTherm,P05798,1RGG,,P05798,P05798,AlphaFold,./pdb_files\P05798_AF.pdb,Match,A
P05798,T,59,V,1.7,ProTherm,P05798,1RGG,,P05798,P05798,AlphaFold,./pdb_files\P05798_AF.pdb,Match,A
P05798,T,5,V,0.0,ProTherm,P05798,1RGG,,P05798,P05798,AlphaFold,./pdb_files\P05798_AF.pdb,Match,A
P05798,T,67,V,0.0,ProTherm,P05798,1RGG,,P05798,P05798,AlphaFold,./pdb_files\P05798_AF.pdb,Match,A
P05798,T,72,V,0.2,ProTherm,P05798,1RGG,,P05798,P05798,AlphaFold,./pdb_files\P05798_AF.pdb,Match,A
P05798,T,82,V,1.7,ProTherm,P05798,1RGG,,P05798,P05798,AlphaFold,./pdb_files\P05798_AF.pdb,Match,A
P05798,T,95,A,0.6,ProTherm,P05798,1RGG,,P05798,P05798,AlphaFold,./pdb_files\P05798_AF.pdb,Match,A
P05798,V,2,T,0.9,ProTherm,P05798,1RGG,,P05798,P05798,AlphaFold,./pdb_files\P05798_AF.pdb,Match,A
P05798,V,36,T,1.3,ProTherm,P05798,1RGG,,P05798,P05798,AlphaFold,./pdb_files\P05798_AF.pdb,Match,A
P05798,V,43,T,0.5,ProTherm,P05798,1RGG,,P05798,P05798,AlphaFold,./pdb_files\P05798_AF.pdb,Match,A
P05798,V,57,T,4.4,ProTherm,P05798,1RGG,,P05798,P05798,AlphaFold,./pdb_files\P05798_AF.pdb,Match,A
P05798,Y,30,F,-0.4,ProTherm,P05798,1RGG,,P05798,P05798,AlphaFold,./pdb_files\P05798_AF.pdb,Match,A
P05798,Y,49,F,0.2,ProTherm,P05798,1RGG,,P05798,P05798,AlphaFold,./pdb_files\P05798_AF.pdb,Match,A
P05798,Y,51,F,2.3,ProTherm,P05798,1RGG,,P05798,P05798,AlphaFold,./pdb_files\P05798_AF.pdb,Match,A
P05798,Y,52,F,3.6,ProTherm,P05798,1RGG,,P05798,P05798,AlphaFold,./pdb_files\P05798_AF.pdb,Match,A
P05798,Y,55,F,0.6,ProTherm,P05798,1RGG,,P05798,P05798,AlphaFold,./pdb_files\P05798_AF.pdb,Match,A
P05798,Y,80,F,1.5,ProTherm,P05798,1RGG,,P05798,P05798,AlphaFold,./pdb_files\P05798_AF.pdb,Match,A
P05798,Y,81,F,1.2,ProTherm,P05798,1RGG,,P05798,P05798,AlphaFold,./pdb_files\P05798_AF.pdb,Match,A
P05798,Y,86,F,0.3,ProTherm,P05798,1RGG,,P05798,P05798,AlphaFold,./pdb_files\P05798_AF.pdb,Match,A
P05825,E,270,C,-6.83,ProTherm,P05825,1FEP,,P05825,P05825,AlphaFold,./pdb_files\P05825_AF.pdb,Match,A
P05825,E,272,C,-9.79,ProTherm,P05825,1FEP,,P05825,P05825,AlphaFold,./pdb_files\P05825_AF.pdb,Match,A
P05825,G,274,C,-7.93,ProTherm,P05825,1FEP,,P05825,P05825,AlphaFold,./pdb_files\P05825_AF.pdb,Match,A
P05825,L,266,C,-6.88,ProTherm,P05825,1FEP,,P05825,P05825,AlphaFold,./pdb_files\P05825_AF.pdb,Match,A
P05825,Q,278,C,-2.28,ProTherm,P05825,1FEP,,P05825,P05825,AlphaFold,./pdb_files\P05825_AF.pdb,Match,A
P05825,S,268,C,-7.77,ProTherm,P05825,1FEP,,P05825,P05825,AlphaFold,./pdb_files\P05825_AF.pdb,Match,A
P05825,S,276,C,-5.94,ProTherm,P05825,1FEP,,P05825,P05825,AlphaFold,./pdb_files\P05825_AF.pdb,Match,A
P06213,W,1202,F,-0.6,ProTherm,P06213,1IR3,,P06213,P06213,AlphaFold,./pdb_files\P06213_AF.pdb,Match,A
P06241,E,107,A,1.27,ProTherm,P06241,"1A0N, 1SHF",,P06241,P06241,AlphaFold,./pdb_files\P06241_AF.pdb,Match,A
P06241,E,107,D,-0.68,ProTherm,P06241,"1A0N, 1SHF",,P06241,P06241,AlphaFold,./pdb_files\P06241_AF.pdb,Match,A
P06241,E,107,F,1.63,ProTherm,P06241,"1A0N, 1SHF",,P06241,P06241,AlphaFold,./pdb_files\P06241_AF.pdb,Match,A
P06241,E,107,G,2.29,ProTherm,P06241,"1A0N, 1SHF",,P06241,P06241,AlphaFold,./pdb_files\P06241_AF.pdb,Match,A
P06241,E,107,H,0.99,ProTherm,P06241,"1A0N, 1SHF",,P06241,P06241,AlphaFold,./pdb_files\P06241_AF.pdb,Match,A
P06241,E,107,I,2.71,ProTherm,P06241,"1A0N, 1SHF",,P06241,P06241,AlphaFold,./pdb_files\P06241_AF.pdb,Match,A
P06241,E,107,K,0.97,ProTherm,P06241,"1A0N, 1SHF",,P06241,P06241,AlphaFold,./pdb_files\P06241_AF.pdb,Match,A
P06241,E,107,L,3.02,ProTherm,P06241,"1A0N, 1SHF",,P06241,P06241,AlphaFold,./pdb_files\P06241_AF.pdb,Match,A
P06241,E,107,P,1.71,ProTherm,P06241,"1A0N, 1SHF",,P06241,P06241,AlphaFold,./pdb_files\P06241_AF.pdb,Match,A
P06241,E,107,Q,0.74,ProTherm,P06241,"1A0N, 1SHF",,P06241,P06241,AlphaFold,./pdb_files\P06241_AF.pdb,Match,A
P06241,E,107,R,3.38,ProTherm,P06241,"1A0N, 1SHF",,P06241,P06241,AlphaFold,./pdb_files\P06241_AF.pdb,Match,A
P06241,E,107,S,1.64,ProTherm,P06241,"1A0N, 1SHF",,P06241,P06241,AlphaFold,./pdb_files\P06241_AF.pdb,Match,A
P06241,E,107,T,0.6,ProTherm,P06241,"1A0N, 1SHF",,P06241,P06241,AlphaFold,./pdb_files\P06241_AF.pdb,Match,A
P06241,E,107,V,2.0,ProTherm,P06241,"1A0N, 1SHF",,P06241,P06241,AlphaFold,./pdb_files\P06241_AF.pdb,Match,A
P06241,E,107,Y,2.4,ProTherm,P06241,"1A0N, 1SHF",,P06241,P06241,AlphaFold,./pdb_files\P06241_AF.pdb,Match,A
P06241,G,128,A,1.78,ProTherm,P06241,"1A0N, 1SHF",,P06241,P06241,AlphaFold,./pdb_files\P06241_AF.pdb,Match,A
P06241,I,111,L,1.4380000000000002,ProTherm,P06241,"1A0N, 1SHF",,P06241,P06241,AlphaFold,./pdb_files\P06241_AF.pdb,Match,A
P06241,I,111,V,0.9233333333333332,ProTherm,P06241,"1A0N, 1SHF",,P06241,P06241,AlphaFold,./pdb_files\P06241_AF.pdb,Match,A
P06241,S,124,A,0.71,ProTherm,P06241,"1A0N, 1SHF",,P06241,P06241,AlphaFold,./pdb_files\P06241_AF.pdb,Match,A
P06241,S,124,D,2.02,ProTherm,P06241,"1A0N, 1SHF",,P06241,P06241,AlphaFold,./pdb_files\P06241_AF.pdb,Match,A
P06241,S,124,F,1.9,ProTherm,P06241,"1A0N, 1SHF",,P06241,P06241,AlphaFold,./pdb_files\P06241_AF.pdb,Match,A
P06241,S,124,G,1.68,ProTherm,P06241,"1A0N, 1SHF",,P06241,P06241,AlphaFold,./pdb_files\P06241_AF.pdb,Match,A
P06241,S,124,H,1.25,ProTherm,P06241,"1A0N, 1SHF",,P06241,P06241,AlphaFold,./pdb_files\P06241_AF.pdb,Match,A
P06241,S,124,I,1.41,ProTherm,P06241,"1A0N, 1SHF",,P06241,P06241,AlphaFold,./pdb_files\P06241_AF.pdb,Match,A
P06241,S,124,K,-0.11,ProTherm,P06241,"1A0N, 1SHF",,P06241,P06241,AlphaFold,./pdb_files\P06241_AF.pdb,Match,A
P06241,S,124,L,0.37,ProTherm,P06241,"1A0N, 1SHF",,P06241,P06241,AlphaFold,./pdb_files\P06241_AF.pdb,Match,A
P06241,S,124,N,0.73,ProTherm,P06241,"1A0N, 1SHF",,P06241,P06241,AlphaFold,./pdb_files\P06241_AF.pdb,Match,A
P06241,S,124,R,0.18,ProTherm,P06241,"1A0N, 1SHF",,P06241,P06241,AlphaFold,./pdb_files\P06241_AF.pdb,Match,A
P06241,S,124,T,1.65,ProTherm,P06241,"1A0N, 1SHF",,P06241,P06241,AlphaFold,./pdb_files\P06241_AF.pdb,Match,A
P06241,S,124,V,1.1,ProTherm,P06241,"1A0N, 1SHF",,P06241,P06241,AlphaFold,./pdb_files\P06241_AF.pdb,Match,A
P06241,S,124,Y,2.27,ProTherm,P06241,"1A0N, 1SHF",,P06241,P06241,AlphaFold,./pdb_files\P06241_AF.pdb,Match,A
P06241,T,127,A,2.59,ProTherm,P06241,"1A0N, 1SHF",,P06241,P06241,AlphaFold,./pdb_files\P06241_AF.pdb,Match,A
P06241,V,138,A,1.460909090909091,ProTherm,P06241,"1A0N, 1SHF",,P06241,P06241,AlphaFold,./pdb_files\P06241_AF.pdb,Match,A
P06241,V,138,G,2.2545,ProTherm,P06241,"1A0N, 1SHF",,P06241,P06241,AlphaFold,./pdb_files\P06241_AF.pdb,Match,A
P06241,V,138,M,0.8257142857142857,ProTherm,P06241,"1A0N, 1SHF",,P06241,P06241,AlphaFold,./pdb_files\P06241_AF.pdb,Match,A
P06241,V,138,T,1.272307692307692,ProTherm,P06241,"1A0N, 1SHF",,P06241,P06241,AlphaFold,./pdb_files\P06241_AF.pdb,Match,A
P06654,A,246,D,1.94,ProTherm,P06654,"1EM7, 1PGA",,P06654,P06654,AlphaFold,./pdb_files\P06654_AF.pdb,Match,A
P06654,A,246,E,0.9,ProTherm,P06654,"1EM7, 1PGA",,P06654,P06654,AlphaFold,./pdb_files\P06654_AF.pdb,Match,A
P06654,A,246,F,2.28,ProTherm,P06654,"1EM7, 1PGA",,P06654,P06654,AlphaFold,./pdb_files\P06654_AF.pdb,Match,A
P06654,A,246,G,1.43,ProTherm,P06654,"1EM7, 1PGA",,P06654,P06654,AlphaFold,./pdb_files\P06654_AF.pdb,Match,A
P06654,A,246,H,2.24,ProTherm,P06654,"1EM7, 1PGA",,P06654,P06654,AlphaFold,./pdb_files\P06654_AF.pdb,Match,A
P06654,A,246,I,2.22,ProTherm,P06654,"1EM7, 1PGA",,P06654,P06654,AlphaFold,./pdb_files\P06654_AF.pdb,Match,A
P06654,A,246,K,2.11,ProTherm,P06654,"1EM7, 1PGA",,P06654,P06654,AlphaFold,./pdb_files\P06654_AF.pdb,Match,A
P06654,A,246,L,2.38,ProTherm,P06654,"1EM7, 1PGA",,P06654,P06654,AlphaFold,./pdb_files\P06654_AF.pdb,Match,A
P06654,A,246,M,1.6,ProTherm,P06654,"1EM7, 1PGA",,P06654,P06654,AlphaFold,./pdb_files\P06654_AF.pdb,Match,A
P06654,A,246,N,3.28,ProTherm,P06654,"1EM7, 1PGA",,P06654,P06654,AlphaFold,./pdb_files\P06654_AF.pdb,Match,A
P06654,A,246,P,4.37,ProTherm,P06654,"1EM7, 1PGA",,P06654,P06654,AlphaFold,./pdb_files\P06654_AF.pdb,Match,A
P06654,A,246,Q,0.15,ProTherm,P06654,"1EM7, 1PGA",,P06654,P06654,AlphaFold,./pdb_files\P06654_AF.pdb,Match,A
P06654,A,246,R,1.78,ProTherm,P06654,"1EM7, 1PGA",,P06654,P06654,AlphaFold,./pdb_files\P06654_AF.pdb,Match,A
P06654,A,246,S,0.51,ProTherm,P06654,"1EM7, 1PGA",,P06654,P06654,AlphaFold,./pdb_files\P06654_AF.pdb,Match,A
P06654,A,246,T,1.33,ProTherm,P06654,"1EM7, 1PGA",,P06654,P06654,AlphaFold,./pdb_files\P06654_AF.pdb,Match,A
P06654,A,246,V,1.18,ProTherm,P06654,"1EM7, 1PGA",,P06654,P06654,AlphaFold,./pdb_files\P06654_AF.pdb,Match,A
P06654,A,246,Y,2.28,ProTherm,P06654,"1EM7, 1PGA",,P06654,P06654,AlphaFold,./pdb_files\P06654_AF.pdb,Match,A
P06654,A,249,D,0.79,ProTherm,P06654,"1EM7, 1PGA",,P06654,P06654,AlphaFold,./pdb_files\P06654_AF.pdb,Match,A
P06654,A,249,E,0.33,ProTherm,P06654,"1EM7, 1PGA",,P06654,P06654,AlphaFold,./pdb_files\P06654_AF.pdb,Match,A
P06654,A,249,F,-0.26,ProTherm,P06654,"1EM7, 1PGA",,P06654,P06654,AlphaFold,./pdb_files\P06654_AF.pdb,Match,A
P06654,A,249,G,1.16,ProTherm,P06654,"1EM7, 1PGA",,P06654,P06654,AlphaFold,./pdb_files\P06654_AF.pdb,Match,A
P06654,A,249,H,0.47,ProTherm,P06654,"1EM7, 1PGA",,P06654,P06654,AlphaFold,./pdb_files\P06654_AF.pdb,Match,A
P06654,A,249,I,-0.28,ProTherm,P06654,"1EM7, 1PGA",,P06654,P06654,AlphaFold,./pdb_files\P06654_AF.pdb,Match,A
P06654,A,249,K,-0.02,ProTherm,P06654,"1EM7, 1PGA",,P06654,P06654,AlphaFold,./pdb_files\P06654_AF.pdb,Match,A
P06654,A,249,L,0.11,ProTherm,P06654,"1EM7, 1PGA",,P06654,P06654,AlphaFold,./pdb_files\P06654_AF.pdb,Match,A
P06654,A,249,M,-0.3,ProTherm,P06654,"1EM7, 1PGA",,P06654,P06654,AlphaFold,./pdb_files\P06654_AF.pdb,Match,A
P06654,A,249,N,0.47,ProTherm,P06654,"1EM7, 1PGA",,P06654,P06654,AlphaFold,./pdb_files\P06654_AF.pdb,Match,A
P06654,A,249,P,0.57,ProTherm,P06654,"1EM7, 1PGA",,P06654,P06654,AlphaFold,./pdb_files\P06654_AF.pdb,Match,A
P06654,A,249,Q,-0.58,ProTherm,P06654,"1EM7, 1PGA",,P06654,P06654,AlphaFold,./pdb_files\P06654_AF.pdb,Match,A
P06654,A,249,R,-0.26,ProTherm,P06654,"1EM7, 1PGA",,P06654,P06654,AlphaFold,./pdb_files\P06654_AF.pdb,Match,A
P06654,A,249,S,0.2,ProTherm,P06654,"1EM7, 1PGA",,P06654,P06654,AlphaFold,./pdb_files\P06654_AF.pdb,Match,A
P06654,A,249,T,-0.19,ProTherm,P06654,"1EM7, 1PGA",,P06654,P06654,AlphaFold,./pdb_files\P06654_AF.pdb,Match,A
P06654,A,249,V,-0.04,ProTherm,P06654,"1EM7, 1PGA",,P06654,P06654,AlphaFold,./pdb_files\P06654_AF.pdb,Match,A
P06654,A,249,Y,0.01,ProTherm,P06654,"1EM7, 1PGA",,P06654,P06654,AlphaFold,./pdb_files\P06654_AF.pdb,Match,A
P06654,A,250,D,0.13,ProTherm,P06654,"1EM7, 1PGA",,P06654,P06654,AlphaFold,./pdb_files\P06654_AF.pdb,Match,A
P06654,A,250,E,-0.31,ProTherm,P06654,"1EM7, 1PGA",,P06654,P06654,AlphaFold,./pdb_files\P06654_AF.pdb,Match,A
P06654,A,250,F,-0.32,ProTherm,P06654,"1EM7, 1PGA",,P06654,P06654,AlphaFold,./pdb_files\P06654_AF.pdb,Match,A
P06654,A,250,G,0.19,ProTherm,P06654,"1EM7, 1PGA",,P06654,P06654,AlphaFold,./pdb_files\P06654_AF.pdb,Match,A
P06654,A,250,H,0.88,ProTherm,P06654,"1EM7, 1PGA",,P06654,P06654,AlphaFold,./pdb_files\P06654_AF.pdb,Match,A
P06654,A,250,I,-0.22,ProTherm,P06654,"1EM7, 1PGA",,P06654,P06654,AlphaFold,./pdb_files\P06654_AF.pdb,Match,A
P06654,A,250,K,-0.44,ProTherm,P06654,"1EM7, 1PGA",,P06654,P06654,AlphaFold,./pdb_files\P06654_AF.pdb,Match,A
P06654,A,250,L,0.16,ProTherm,P06654,"1EM7, 1PGA",,P06654,P06654,AlphaFold,./pdb_files\P06654_AF.pdb,Match,A
P06654,A,250,M,-0.19,ProTherm,P06654,"1EM7, 1PGA",,P06654,P06654,AlphaFold,./pdb_files\P06654_AF.pdb,Match,A
P06654,A,250,N,0.74,ProTherm,P06654,"1EM7, 1PGA",,P06654,P06654,AlphaFold,./pdb_files\P06654_AF.pdb,Match,A
P06654,A,250,P,0.54,ProTherm,P06654,"1EM7, 1PGA",,P06654,P06654,AlphaFold,./pdb_files\P06654_AF.pdb,Match,A
P06654,A,250,Q,0.42,ProTherm,P06654,"1EM7, 1PGA",,P06654,P06654,AlphaFold,./pdb_files\P06654_AF.pdb,Match,A
P06654,A,250,R,-0.22,ProTherm,P06654,"1EM7, 1PGA",,P06654,P06654,AlphaFold,./pdb_files\P06654_AF.pdb,Match,A
P06654,A,250,S,0.14,ProTherm,P06654,"1EM7, 1PGA",,P06654,P06654,AlphaFold,./pdb_files\P06654_AF.pdb,Match,A
P06654,A,250,T,0.01,ProTherm,P06654,"1EM7, 1PGA",,P06654,P06654,AlphaFold,./pdb_files\P06654_AF.pdb,Match,A
P06654,A,250,V,0.16,ProTherm,P06654,"1EM7, 1PGA",,P06654,P06654,AlphaFold,./pdb_files\P06654_AF.pdb,Match,A
P06654,A,250,Y,-0.16,ProTherm,P06654,"1EM7, 1PGA",,P06654,P06654,AlphaFold,./pdb_files\P06654_AF.pdb,Match,A
P06654,A,252,P,3.4,ProTherm,P06654,"1EM7, 1PGA",,P06654,P06654,AlphaFold,./pdb_files\P06654_AF.pdb,Match,A
P06654,A,252,S,2.69,ProTherm,P06654,"1EM7, 1PGA",,P06654,P06654,AlphaFold,./pdb_files\P06654_AF.pdb,Match,A
P06654,A,252,V,2.78,ProTherm,P06654,"1EM7, 1PGA",,P06654,P06654,AlphaFold,./pdb_files\P06654_AF.pdb,Match,A
P06654,A,260,E,2.94,ProTherm,P06654,"1EM7, 1PGA",,P06654,P06654,AlphaFold,./pdb_files\P06654_AF.pdb,Match,A
P06654,A,260,F,2.23,ProTherm,P06654,"1EM7, 1PGA",,P06654,P06654,AlphaFold,./pdb_files\P06654_AF.pdb,Match,A
P06654,A,260,G,1.78,ProTherm,P06654,"1EM7, 1PGA",,P06654,P06654,AlphaFold,./pdb_files\P06654_AF.pdb,Match,A
P06654,A,260,H,3.96,ProTherm,P06654,"1EM7, 1PGA",,P06654,P06654,AlphaFold,./pdb_files\P06654_AF.pdb,Match,A
P06654,A,260,I,1.05,ProTherm,P06654,"1EM7, 1PGA",,P06654,P06654,AlphaFold,./pdb_files\P06654_AF.pdb,Match,A
P06654,A,260,K,3.12,ProTherm,P06654,"1EM7, 1PGA",,P06654,P06654,AlphaFold,./pdb_files\P06654_AF.pdb,Match,A
P06654,A,260,L,0.16,ProTherm,P06654,"1EM7, 1PGA",,P06654,P06654,AlphaFold,./pdb_files\P06654_AF.pdb,Match,A
P06654,A,260,M,0.66,ProTherm,P06654,"1EM7, 1PGA",,P06654,P06654,AlphaFold,./pdb_files\P06654_AF.pdb,Match,A
P06654,A,260,N,1.75,ProTherm,P06654,"1EM7, 1PGA",,P06654,P06654,AlphaFold,./pdb_files\P06654_AF.pdb,Match,A
P06654,A,260,Q,2.64,ProTherm,P06654,"1EM7, 1PGA",,P06654,P06654,AlphaFold,./pdb_files\P06654_AF.pdb,Match,A
P06654,A,260,R,3.97,ProTherm,P06654,"1EM7, 1PGA",,P06654,P06654,AlphaFold,./pdb_files\P06654_AF.pdb,Match,A
P06654,A,260,S,0.81,ProTherm,P06654,"1EM7, 1PGA",,P06654,P06654,AlphaFold,./pdb_files\P06654_AF.pdb,Match,A
P06654,A,260,T,0.66,ProTherm,P06654,"1EM7, 1PGA",,P06654,P06654,AlphaFold,./pdb_files\P06654_AF.pdb,Match,A
P06654,A,260,V,0.22,ProTherm,P06654,"1EM7, 1PGA",,P06654,P06654,AlphaFold,./pdb_files\P06654_AF.pdb,Match,A
P06654,A,260,Y,2.34,ProTherm,P06654,"1EM7, 1PGA",,P06654,P06654,AlphaFold,./pdb_files\P06654_AF.pdb,Match,A
P06654,A,274,D,-0.03,ProTherm,P06654,"1EM7, 1PGA",,P06654,P06654,AlphaFold,./pdb_files\P06654_AF.pdb,Match,A
P06654,A,274,E,-0.04,ProTherm,P06654,"1EM7, 1PGA",,P06654,P06654,AlphaFold,./pdb_files\P06654_AF.pdb,Match,A
P06654,A,274,F,0.47,ProTherm,P06654,"1EM7, 1PGA",,P06654,P06654,AlphaFold,./pdb_files\P06654_AF.pdb,Match,A
P06654,A,274,G,0.51,ProTherm,P06654,"1EM7, 1PGA",,P06654,P06654,AlphaFold,./pdb_files\P06654_AF.pdb,Match,A
P06654,A,274,H,0.5,ProTherm,P06654,"1EM7, 1PGA",,P06654,P06654,AlphaFold,./pdb_files\P06654_AF.pdb,Match,A
P06654,A,274,I,0.43,ProTherm,P06654,"1EM7, 1PGA",,P06654,P06654,AlphaFold,./pdb_files\P06654_AF.pdb,Match,A
P06654,A,274,K,-0.05,ProTherm,P06654,"1EM7, 1PGA",,P06654,P06654,AlphaFold,./pdb_files\P06654_AF.pdb,Match,A
P06654,A,274,L,-0.11,ProTherm,P06654,"1EM7, 1PGA",,P06654,P06654,AlphaFold,./pdb_files\P06654_AF.pdb,Match,A
P06654,A,274,M,0.75,ProTherm,P06654,"1EM7, 1PGA",,P06654,P06654,AlphaFold,./pdb_files\P06654_AF.pdb,Match,A
P06654,A,274,N,0.3,ProTherm,P06654,"1EM7, 1PGA",,P06654,P06654,AlphaFold,./pdb_files\P06654_AF.pdb,Match,A
P06654,A,274,P,0.25,ProTherm,P06654,"1EM7, 1PGA",,P06654,P06654,AlphaFold,./pdb_files\P06654_AF.pdb,Match,A
P06654,A,274,Q,-0.17,ProTherm,P06654,"1EM7, 1PGA",,P06654,P06654,AlphaFold,./pdb_files\P06654_AF.pdb,Match,A
P06654,A,274,R,0.36,ProTherm,P06654,"1EM7, 1PGA",,P06654,P06654,AlphaFold,./pdb_files\P06654_AF.pdb,Match,A
P06654,A,274,S,0.09,ProTherm,P06654,"1EM7, 1PGA",,P06654,P06654,AlphaFold,./pdb_files\P06654_AF.pdb,Match,A
P06654,A,274,T,0.28,ProTherm,P06654,"1EM7, 1PGA",,P06654,P06654,AlphaFold,./pdb_files\P06654_AF.pdb,Match,A
P06654,A,274,V,0.04,ProTherm,P06654,"1EM7, 1PGA",,P06654,P06654,AlphaFold,./pdb_files\P06654_AF.pdb,Match,A
P06654,A,274,Y,-0.05,ProTherm,P06654,"1EM7, 1PGA",,P06654,P06654,AlphaFold,./pdb_files\P06654_AF.pdb,Match,A
P06654,D,248,A,1.38,ProTherm,P06654,"1EM7, 1PGA",,P06654,P06654,AlphaFold,./pdb_files\P06654_AF.pdb,Match,A
P06654,D,248,E,1.14,ProTherm,P06654,"1EM7, 1PGA",,P06654,P06654,AlphaFold,./pdb_files\P06654_AF.pdb,Match,A
P06654,D,248,F,1.48,ProTherm,P06654,"1EM7, 1PGA",,P06654,P06654,AlphaFold,./pdb_files\P06654_AF.pdb,Match,A
P06654,D,248,G,1.39,ProTherm,P06654,"1EM7, 1PGA",,P06654,P06654,AlphaFold,./pdb_files\P06654_AF.pdb,Match,A
P06654,D,248,H,1.32,ProTherm,P06654,"1EM7, 1PGA",,P06654,P06654,AlphaFold,./pdb_files\P06654_AF.pdb,Match,A
P06654,D,248,I,2.75,ProTherm,P06654,"1EM7, 1PGA",,P06654,P06654,AlphaFold,./pdb_files\P06654_AF.pdb,Match,A
P06654,D,248,K,1.6,ProTherm,P06654,"1EM7, 1PGA",,P06654,P06654,AlphaFold,./pdb_files\P06654_AF.pdb,Match,A
P06654,D,248,L,1.74,ProTherm,P06654,"1EM7, 1PGA",,P06654,P06654,AlphaFold,./pdb_files\P06654_AF.pdb,Match,A
P06654,D,248,M,1.99,ProTherm,P06654,"1EM7, 1PGA",,P06654,P06654,AlphaFold,./pdb_files\P06654_AF.pdb,Match,A
P06654,D,248,N,0.27,ProTherm,P06654,"1EM7, 1PGA",,P06654,P06654,AlphaFold,./pdb_files\P06654_AF.pdb,Match,A
P06654,D,248,P,3.27,ProTherm,P06654,"1EM7, 1PGA",,P06654,P06654,AlphaFold,./pdb_files\P06654_AF.pdb,Match,A
P06654,D,248,Q,1.56,ProTherm,P06654,"1EM7, 1PGA",,P06654,P06654,AlphaFold,./pdb_files\P06654_AF.pdb,Match,A
P06654,D,248,R,1.9,ProTherm,P06654,"1EM7, 1PGA",,P06654,P06654,AlphaFold,./pdb_files\P06654_AF.pdb,Match,A
P06654,D,248,S,-0.39,ProTherm,P06654,"1EM7, 1PGA",,P06654,P06654,AlphaFold,./pdb_files\P06654_AF.pdb,Match,A
P06654,D,248,T,0.79,ProTherm,P06654,"1EM7, 1PGA",,P06654,P06654,AlphaFold,./pdb_files\P06654_AF.pdb,Match,A
P06654,D,248,V,1.7,ProTherm,P06654,"1EM7, 1PGA",,P06654,P06654,AlphaFold,./pdb_files\P06654_AF.pdb,Match,A
P06654,D,248,Y,1.58,ProTherm,P06654,"1EM7, 1PGA",,P06654,P06654,AlphaFold,./pdb_files\P06654_AF.pdb,Match,A
P06654,D,262,A,0.01,ProTherm,P06654,"1EM7, 1PGA",,P06654,P06654,AlphaFold,./pdb_files\P06654_AF.pdb,Match,A
P06654,D,262,E,-0.76,ProTherm,P06654,"1EM7, 1PGA",,P06654,P06654,AlphaFold,./pdb_files\P06654_AF.pdb,Match,A
P06654,D,262,F,0.6,ProTherm,P06654,"1EM7, 1PGA",,P06654,P06654,AlphaFold,./pdb_files\P06654_AF.pdb,Match,A
P06654,D,262,G,1.49,ProTherm,P06654,"1EM7, 1PGA",,P06654,P06654,AlphaFold,./pdb_files\P06654_AF.pdb,Match,A
P06654,D,262,H,0.55,ProTherm,P06654,"1EM7, 1PGA",,P06654,P06654,AlphaFold,./pdb_files\P06654_AF.pdb,Match,A
P06654,D,262,I,0.11,ProTherm,P06654,"1EM7, 1PGA",,P06654,P06654,AlphaFold,./pdb_files\P06654_AF.pdb,Match,A
P06654,D,262,K,0.26,ProTherm,P06654,"1EM7, 1PGA",,P06654,P06654,AlphaFold,./pdb_files\P06654_AF.pdb,Match,A
P06654,D,262,L,0.13,ProTherm,P06654,"1EM7, 1PGA",,P06654,P06654,AlphaFold,./pdb_files\P06654_AF.pdb,Match,A
P06654,D,262,M,-0.18,ProTherm,P06654,"1EM7, 1PGA",,P06654,P06654,AlphaFold,./pdb_files\P06654_AF.pdb,Match,A
P06654,D,262,N,-0.14,ProTherm,P06654,"1EM7, 1PGA",,P06654,P06654,AlphaFold,./pdb_files\P06654_AF.pdb,Match,A
P06654,D,262,P,3.06,ProTherm,P06654,"1EM7, 1PGA",,P06654,P06654,AlphaFold,./pdb_files\P06654_AF.pdb,Match,A
P06654,D,262,Q,-0.01,ProTherm,P06654,"1EM7, 1PGA",,P06654,P06654,AlphaFold,./pdb_files\P06654_AF.pdb,Match,A
P06654,D,262,R,0.03,ProTherm,P06654,"1EM7, 1PGA",,P06654,P06654,AlphaFold,./pdb_files\P06654_AF.pdb,Match,A
P06654,D,262,S,-0.14,ProTherm,P06654,"1EM7, 1PGA",,P06654,P06654,AlphaFold,./pdb_files\P06654_AF.pdb,Match,A
P06654,D,262,T,0.63,ProTherm,P06654,"1EM7, 1PGA",,P06654,P06654,AlphaFold,./pdb_files\P06654_AF.pdb,Match,A
P06654,D,262,V,0.0,ProTherm,P06654,"1EM7, 1PGA",,P06654,P06654,AlphaFold,./pdb_files\P06654_AF.pdb,Match,A
P06654,D,262,Y,-0.19,ProTherm,P06654,"1EM7, 1PGA",,P06654,P06654,AlphaFold,./pdb_files\P06654_AF.pdb,Match,A
P06654,D,266,A,0.31,ProTherm,P06654,"1EM7, 1PGA",,P06654,P06654,AlphaFold,./pdb_files\P06654_AF.pdb,Match,A
P06654,D,266,E,-0.02,ProTherm,P06654,"1EM7, 1PGA",,P06654,P06654,AlphaFold,./pdb_files\P06654_AF.pdb,Match,A
P06654,D,266,F,-0.11,ProTherm,P06654,"1EM7, 1PGA",,P06654,P06654,AlphaFold,./pdb_files\P06654_AF.pdb,Match,A
P06654,D,266,G,0.55,ProTherm,P06654,"1EM7, 1PGA",,P06654,P06654,AlphaFold,./pdb_files\P06654_AF.pdb,Match,A
P06654,D,266,I,-0.08,ProTherm,P06654,"1EM7, 1PGA",,P06654,P06654,AlphaFold,./pdb_files\P06654_AF.pdb,Match,A
P06654,D,266,K,-0.09,ProTherm,P06654,"1EM7, 1PGA",,P06654,P06654,AlphaFold,./pdb_files\P06654_AF.pdb,Match,A
P06654,D,266,L,0.33,ProTherm,P06654,"1EM7, 1PGA",,P06654,P06654,AlphaFold,./pdb_files\P06654_AF.pdb,Match,A
P06654,D,266,M,-0.11,ProTherm,P06654,"1EM7, 1PGA",,P06654,P06654,AlphaFold,./pdb_files\P06654_AF.pdb,Match,A
P06654,D,266,N,-0.26,ProTherm,P06654,"1EM7, 1PGA",,P06654,P06654,AlphaFold,./pdb_files\P06654_AF.pdb,Match,A
P06654,D,266,P,2.15,ProTherm,P06654,"1EM7, 1PGA",,P06654,P06654,AlphaFold,./pdb_files\P06654_AF.pdb,Match,A
P06654,D,266,Q,-0.28,ProTherm,P06654,"1EM7, 1PGA",,P06654,P06654,AlphaFold,./pdb_files\P06654_AF.pdb,Match,A
P06654,D,266,R,-0.07,ProTherm,P06654,"1EM7, 1PGA",,P06654,P06654,AlphaFold,./pdb_files\P06654_AF.pdb,Match,A
P06654,D,266,S,-0.12,ProTherm,P06654,"1EM7, 1PGA",,P06654,P06654,AlphaFold,./pdb_files\P06654_AF.pdb,Match,A
P06654,D,266,T,-0.19,ProTherm,P06654,"1EM7, 1PGA",,P06654,P06654,AlphaFold,./pdb_files\P06654_AF.pdb,Match,A
P06654,D,266,V,-0.15,ProTherm,P06654,"1EM7, 1PGA",,P06654,P06654,AlphaFold,./pdb_files\P06654_AF.pdb,Match,A
P06654,D,266,Y,-0.19,ProTherm,P06654,"1EM7, 1PGA",,P06654,P06654,AlphaFold,./pdb_files\P06654_AF.pdb,Match,A
P06654,D,272,A,1.83,ProTherm,P06654,"1EM7, 1PGA",,P06654,P06654,AlphaFold,./pdb_files\P06654_AF.pdb,Match,A
P06654,D,272,E,0.39,ProTherm,P06654,"1EM7, 1PGA",,P06654,P06654,AlphaFold,./pdb_files\P06654_AF.pdb,Match,A
P06654,D,272,F,0.85,ProTherm,P06654,"1EM7, 1PGA",,P06654,P06654,AlphaFold,./pdb_files\P06654_AF.pdb,Match,A
P06654,D,272,G,3.02,ProTherm,P06654,"1EM7, 1PGA",,P06654,P06654,AlphaFold,./pdb_files\P06654_AF.pdb,Match,A
P06654,D,272,H,1.23,ProTherm,P06654,"1EM7, 1PGA",,P06654,P06654,AlphaFold,./pdb_files\P06654_AF.pdb,Match,A
P06654,D,272,I,0.92,ProTherm,P06654,"1EM7, 1PGA",,P06654,P06654,AlphaFold,./pdb_files\P06654_AF.pdb,Match,A
P06654,D,272,K,0.9,ProTherm,P06654,"1EM7, 1PGA",,P06654,P06654,AlphaFold,./pdb_files\P06654_AF.pdb,Match,A
P06654,D,272,L,0.78,ProTherm,P06654,"1EM7, 1PGA",,P06654,P06654,AlphaFold,./pdb_files\P06654_AF.pdb,Match,A
P06654,D,272,M,1.11,ProTherm,P06654,"1EM7, 1PGA",,P06654,P06654,AlphaFold,./pdb_files\P06654_AF.pdb,Match,A
P06654,D,272,N,-0.05,ProTherm,P06654,"1EM7, 1PGA",,P06654,P06654,AlphaFold,./pdb_files\P06654_AF.pdb,Match,A
P06654,D,272,Q,0.68,ProTherm,P06654,"1EM7, 1PGA",,P06654,P06654,AlphaFold,./pdb_files\P06654_AF.pdb,Match,A
P06654,D,272,R,2.3,ProTherm,P06654,"1EM7, 1PGA",,P06654,P06654,AlphaFold,./pdb_files\P06654_AF.pdb,Match,A
P06654,D,272,S,0.52,ProTherm,P06654,"1EM7, 1PGA",,P06654,P06654,AlphaFold,./pdb_files\P06654_AF.pdb,Match,A
P06654,D,272,T,1.17,ProTherm,P06654,"1EM7, 1PGA",,P06654,P06654,AlphaFold,./pdb_files\P06654_AF.pdb,Match,A
P06654,D,272,V,0.85,ProTherm,P06654,"1EM7, 1PGA",,P06654,P06654,AlphaFold,./pdb_files\P06654_AF.pdb,Match,A
P06654,D,272,Y,1.97,ProTherm,P06654,"1EM7, 1PGA",,P06654,P06654,AlphaFold,./pdb_files\P06654_AF.pdb,Match,A
P06654,D,273,E,-0.17,ProTherm,P06654,"1EM7, 1PGA",,P06654,P06654,AlphaFold,./pdb_files\P06654_AF.pdb,Match,A
P06654,D,273,F,-0.2,ProTherm,P06654,"1EM7, 1PGA",,P06654,P06654,AlphaFold,./pdb_files\P06654_AF.pdb,Match,A
P06654,D,273,G,0.14,ProTherm,P06654,"1EM7, 1PGA",,P06654,P06654,AlphaFold,./pdb_files\P06654_AF.pdb,Match,A
P06654,D,273,H,0.64,ProTherm,P06654,"1EM7, 1PGA",,P06654,P06654,AlphaFold,./pdb_files\P06654_AF.pdb,Match,A
P06654,D,273,I,-0.51,ProTherm,P06654,"1EM7, 1PGA",,P06654,P06654,AlphaFold,./pdb_files\P06654_AF.pdb,Match,A
P06654,D,273,K,0.2,ProTherm,P06654,"1EM7, 1PGA",,P06654,P06654,AlphaFold,./pdb_files\P06654_AF.pdb,Match,A
P06654,D,273,L,0.81,ProTherm,P06654,"1EM7, 1PGA",,P06654,P06654,AlphaFold,./pdb_files\P06654_AF.pdb,Match,A
P06654,D,273,M,1.39,ProTherm,P06654,"1EM7, 1PGA",,P06654,P06654,AlphaFold,./pdb_files\P06654_AF.pdb,Match,A
P06654,D,273,N,0.05,ProTherm,P06654,"1EM7, 1PGA",,P06654,P06654,AlphaFold,./pdb_files\P06654_AF.pdb,Match,A
P06654,D,273,P,-0.24,ProTherm,P06654,"1EM7, 1PGA",,P06654,P06654,AlphaFold,./pdb_files\P06654_AF.pdb,Match,A
P06654,D,273,Q,-0.16,ProTherm,P06654,"1EM7, 1PGA",,P06654,P06654,AlphaFold,./pdb_files\P06654_AF.pdb,Match,A
P06654,D,273,R,0.3,ProTherm,P06654,"1EM7, 1PGA",,P06654,P06654,AlphaFold,./pdb_files\P06654_AF.pdb,Match,A
P06654,D,273,S,0.02,ProTherm,P06654,"1EM7, 1PGA",,P06654,P06654,AlphaFold,./pdb_files\P06654_AF.pdb,Match,A
P06654,D,273,T,0.51,ProTherm,P06654,"1EM7, 1PGA",,P06654,P06654,AlphaFold,./pdb_files\P06654_AF.pdb,Match,A
P06654,D,273,V,0.52,ProTherm,P06654,"1EM7, 1PGA",,P06654,P06654,AlphaFold,./pdb_files\P06654_AF.pdb,Match,A
P06654,D,273,Y,0.08,ProTherm,P06654,"1EM7, 1PGA",,P06654,P06654,AlphaFold,./pdb_files\P06654_AF.pdb,Match,A
P06654,E,241,A,-0.19,ProTherm,P06654,"1EM7, 1PGA",,P06654,P06654,AlphaFold,./pdb_files\P06654_AF.pdb,Match,A
P06654,E,241,D,0.52,ProTherm,P06654,"1EM7, 1PGA",,P06654,P06654,AlphaFold,./pdb_files\P06654_AF.pdb,Match,A
P06654,E,241,F,0.01,ProTherm,P06654,"1EM7, 1PGA",,P06654,P06654,AlphaFold,./pdb_files\P06654_AF.pdb,Match,A
P06654,E,241,G,0.63,ProTherm,P06654,"1EM7, 1PGA",,P06654,P06654,AlphaFold,./pdb_files\P06654_AF.pdb,Match,A
P06654,E,241,H,0.72,ProTherm,P06654,"1EM7, 1PGA",,P06654,P06654,AlphaFold,./pdb_files\P06654_AF.pdb,Match,A
P06654,E,241,I,-0.12,ProTherm,P06654,"1EM7, 1PGA",,P06654,P06654,AlphaFold,./pdb_files\P06654_AF.pdb,Match,A
P06654,E,241,K,0.24,ProTherm,P06654,"1EM7, 1PGA",,P06654,P06654,AlphaFold,./pdb_files\P06654_AF.pdb,Match,A
P06654,E,241,L,0.31,ProTherm,P06654,"1EM7, 1PGA",,P06654,P06654,AlphaFold,./pdb_files\P06654_AF.pdb,Match,A
P06654,E,241,M,-0.4,ProTherm,P06654,"1EM7, 1PGA",,P06654,P06654,AlphaFold,./pdb_files\P06654_AF.pdb,Match,A
P06654,E,241,N,0.15,ProTherm,P06654,"1EM7, 1PGA",,P06654,P06654,AlphaFold,./pdb_files\P06654_AF.pdb,Match,A
P06654,E,241,P,2.49,ProTherm,P06654,"1EM7, 1PGA",,P06654,P06654,AlphaFold,./pdb_files\P06654_AF.pdb,Match,A
P06654,E,241,Q,-0.62,ProTherm,P06654,"1EM7, 1PGA",,P06654,P06654,AlphaFold,./pdb_files\P06654_AF.pdb,Match,A
P06654,E,241,R,0.09,ProTherm,P06654,"1EM7, 1PGA",,P06654,P06654,AlphaFold,./pdb_files\P06654_AF.pdb,Match,A
P06654,E,241,S,0.36,ProTherm,P06654,"1EM7, 1PGA",,P06654,P06654,AlphaFold,./pdb_files\P06654_AF.pdb,Match,A
P06654,E,241,T,0.62,ProTherm,P06654,"1EM7, 1PGA",,P06654,P06654,AlphaFold,./pdb_files\P06654_AF.pdb,Match,A
P06654,E,241,V,-0.58,ProTherm,P06654,"1EM7, 1PGA",,P06654,P06654,AlphaFold,./pdb_files\P06654_AF.pdb,Match,A
P06654,E,241,Y,-0.17,ProTherm,P06654,"1EM7, 1PGA",,P06654,P06654,AlphaFold,./pdb_files\P06654_AF.pdb,Match,A
P06654,E,245,A,0.22,ProTherm,P06654,"1EM7, 1PGA",,P06654,P06654,AlphaFold,./pdb_files\P06654_AF.pdb,Match,A
P06654,E,245,D,0.17,ProTherm,P06654,"1EM7, 1PGA",,P06654,P06654,AlphaFold,./pdb_files\P06654_AF.pdb,Match,A
P06654,E,245,F,-0.33,ProTherm,P06654,"1EM7, 1PGA",,P06654,P06654,AlphaFold,./pdb_files\P06654_AF.pdb,Match,A
P06654,E,245,G,1.94,ProTherm,P06654,"1EM7, 1PGA",,P06654,P06654,AlphaFold,./pdb_files\P06654_AF.pdb,Match,A
P06654,E,245,H,0.42,ProTherm,P06654,"1EM7, 1PGA",,P06654,P06654,AlphaFold,./pdb_files\P06654_AF.pdb,Match,A
P06654,E,245,I,-0.45,ProTherm,P06654,"1EM7, 1PGA",,P06654,P06654,AlphaFold,./pdb_files\P06654_AF.pdb,Match,A
P06654,E,245,K,-0.05,ProTherm,P06654,"1EM7, 1PGA",,P06654,P06654,AlphaFold,./pdb_files\P06654_AF.pdb,Match,A
P06654,E,245,L,0.1,ProTherm,P06654,"1EM7, 1PGA",,P06654,P06654,AlphaFold,./pdb_files\P06654_AF.pdb,Match,A
P06654,E,245,M,0.3,ProTherm,P06654,"1EM7, 1PGA",,P06654,P06654,AlphaFold,./pdb_files\P06654_AF.pdb,Match,A
P06654,E,245,N,-0.23,ProTherm,P06654,"1EM7, 1PGA",,P06654,P06654,AlphaFold,./pdb_files\P06654_AF.pdb,Match,A
P06654,E,245,P,1.1,ProTherm,P06654,"1EM7, 1PGA",,P06654,P06654,AlphaFold,./pdb_files\P06654_AF.pdb,Match,A
P06654,E,245,Q,-0.07,ProTherm,P06654,"1EM7, 1PGA",,P06654,P06654,AlphaFold,./pdb_files\P06654_AF.pdb,Match,A
P06654,E,245,R,-0.38,ProTherm,P06654,"1EM7, 1PGA",,P06654,P06654,AlphaFold,./pdb_files\P06654_AF.pdb,Match,A
P06654,E,245,S,0.3,ProTherm,P06654,"1EM7, 1PGA",,P06654,P06654,AlphaFold,./pdb_files\P06654_AF.pdb,Match,A
P06654,E,245,T,-0.27,ProTherm,P06654,"1EM7, 1PGA",,P06654,P06654,AlphaFold,./pdb_files\P06654_AF.pdb,Match,A
P06654,E,245,V,0.92,ProTherm,P06654,"1EM7, 1PGA",,P06654,P06654,AlphaFold,./pdb_files\P06654_AF.pdb,Match,A
P06654,E,245,Y,-0.26,ProTherm,P06654,"1EM7, 1PGA",,P06654,P06654,AlphaFold,./pdb_files\P06654_AF.pdb,Match,A
P06654,E,253,A,-0.15,ProTherm,P06654,"1EM7, 1PGA",,P06654,P06654,AlphaFold,./pdb_files\P06654_AF.pdb,Match,A
P06654,E,253,D,0.92,ProTherm,P06654,"1EM7, 1PGA",,P06654,P06654,AlphaFold,./pdb_files\P06654_AF.pdb,Match,A
P06654,E,253,G,0.28,ProTherm,P06654,"1EM7, 1PGA",,P06654,P06654,AlphaFold,./pdb_files\P06654_AF.pdb,Match,A
P06654,E,253,I,0.27,ProTherm,P06654,"1EM7, 1PGA",,P06654,P06654,AlphaFold,./pdb_files\P06654_AF.pdb,Match,A
P06654,E,253,K,-0.54,ProTherm,P06654,"1EM7, 1PGA",,P06654,P06654,AlphaFold,./pdb_files\P06654_AF.pdb,Match,A
P06654,E,253,L,-1.47,ProTherm,P06654,"1EM7, 1PGA",,P06654,P06654,AlphaFold,./pdb_files\P06654_AF.pdb,Match,A
P06654,E,253,M,-0.68,ProTherm,P06654,"1EM7, 1PGA",,P06654,P06654,AlphaFold,./pdb_files\P06654_AF.pdb,Match,A
P06654,E,253,N,2.4,ProTherm,P06654,"1EM7, 1PGA",,P06654,P06654,AlphaFold,./pdb_files\P06654_AF.pdb,Match,A
P06654,E,253,Q,-0.1,ProTherm,P06654,"1EM7, 1PGA",,P06654,P06654,AlphaFold,./pdb_files\P06654_AF.pdb,Match,A
P06654,E,253,R,-0.06,ProTherm,P06654,"1EM7, 1PGA",,P06654,P06654,AlphaFold,./pdb_files\P06654_AF.pdb,Match,A
P06654,E,253,S,0.73,ProTherm,P06654,"1EM7, 1PGA",,P06654,P06654,AlphaFold,./pdb_files\P06654_AF.pdb,Match,A
P06654,E,253,T,1.25,ProTherm,P06654,"1EM7, 1PGA",,P06654,P06654,AlphaFold,./pdb_files\P06654_AF.pdb,Match,A
P06654,E,253,V,1.38,ProTherm,P06654,"1EM7, 1PGA",,P06654,P06654,AlphaFold,./pdb_files\P06654_AF.pdb,Match,A
P06654,E,253,Y,0.28,ProTherm,P06654,"1EM7, 1PGA",,P06654,P06654,AlphaFold,./pdb_files\P06654_AF.pdb,Match,A
P06654,E,268,A,-0.51,ProTherm,P06654,"1EM7, 1PGA",,P06654,P06654,AlphaFold,./pdb_files\P06654_AF.pdb,Match,A
P06654,E,268,D,-0.28,ProTherm,P06654,"1EM7, 1PGA",,P06654,P06654,AlphaFold,./pdb_files\P06654_AF.pdb,Match,A
P06654,E,268,F,-0.16,ProTherm,P06654,"1EM7, 1PGA",,P06654,P06654,AlphaFold,./pdb_files\P06654_AF.pdb,Match,A
P06654,E,268,G,1.32,ProTherm,P06654,"1EM7, 1PGA",,P06654,P06654,AlphaFold,./pdb_files\P06654_AF.pdb,Match,A
P06654,E,268,H,0.5,ProTherm,P06654,"1EM7, 1PGA",,P06654,P06654,AlphaFold,./pdb_files\P06654_AF.pdb,Match,A
P06654,E,268,I,-0.89,ProTherm,P06654,"1EM7, 1PGA",,P06654,P06654,AlphaFold,./pdb_files\P06654_AF.pdb,Match,A
P06654,E,268,K,-0.2,ProTherm,P06654,"1EM7, 1PGA",,P06654,P06654,AlphaFold,./pdb_files\P06654_AF.pdb,Match,A
P06654,E,268,L,-0.21,ProTherm,P06654,"1EM7, 1PGA",,P06654,P06654,AlphaFold,./pdb_files\P06654_AF.pdb,Match,A
P06654,E,268,M,-0.05,ProTherm,P06654,"1EM7, 1PGA",,P06654,P06654,AlphaFold,./pdb_files\P06654_AF.pdb,Match,A
P06654,E,268,N,0.21,ProTherm,P06654,"1EM7, 1PGA",,P06654,P06654,AlphaFold,./pdb_files\P06654_AF.pdb,Match,A
P06654,E,268,P,1.58,ProTherm,P06654,"1EM7, 1PGA",,P06654,P06654,AlphaFold,./pdb_files\P06654_AF.pdb,Match,A
P06654,E,268,Q,-0.36,ProTherm,P06654,"1EM7, 1PGA",,P06654,P06654,AlphaFold,./pdb_files\P06654_AF.pdb,Match,A
P06654,E,268,R,-0.15,ProTherm,P06654,"1EM7, 1PGA",,P06654,P06654,AlphaFold,./pdb_files\P06654_AF.pdb,Match,A
P06654,E,268,S,0.46,ProTherm,P06654,"1EM7, 1PGA",,P06654,P06654,AlphaFold,./pdb_files\P06654_AF.pdb,Match,A
P06654,E,268,T,0.5,ProTherm,P06654,"1EM7, 1PGA",,P06654,P06654,AlphaFold,./pdb_files\P06654_AF.pdb,Match,A
P06654,E,268,V,0.42,ProTherm,P06654,"1EM7, 1PGA",,P06654,P06654,AlphaFold,./pdb_files\P06654_AF.pdb,Match,A
P06654,E,268,Y,-0.24,ProTherm,P06654,"1EM7, 1PGA",,P06654,P06654,AlphaFold,./pdb_files\P06654_AF.pdb,Match,A
P06654,E,282,A,0.65,ProTherm,P06654,"1EM7, 1PGA",,P06654,P06654,AlphaFold,./pdb_files\P06654_AF.pdb,Match,A
P06654,E,282,D,0.41,ProTherm,P06654,"1EM7, 1PGA",,P06654,P06654,AlphaFold,./pdb_files\P06654_AF.pdb,Match,A
P06654,E,282,F,-0.47,ProTherm,P06654,"1EM7, 1PGA",,P06654,P06654,AlphaFold,./pdb_files\P06654_AF.pdb,Match,A
P06654,E,282,G,0.78,ProTherm,P06654,"1EM7, 1PGA",,P06654,P06654,AlphaFold,./pdb_files\P06654_AF.pdb,Match,A
P06654,E,282,H,1.59,ProTherm,P06654,"1EM7, 1PGA",,P06654,P06654,AlphaFold,./pdb_files\P06654_AF.pdb,Match,A
P06654,E,282,I,0.4,ProTherm,P06654,"1EM7, 1PGA",,P06654,P06654,AlphaFold,./pdb_files\P06654_AF.pdb,Match,A
P06654,E,282,K,1.42,ProTherm,P06654,"1EM7, 1PGA",,P06654,P06654,AlphaFold,./pdb_files\P06654_AF.pdb,Match,A
P06654,E,282,L,0.58,ProTherm,P06654,"1EM7, 1PGA",,P06654,P06654,AlphaFold,./pdb_files\P06654_AF.pdb,Match,A
P06654,E,282,M,0.8,ProTherm,P06654,"1EM7, 1PGA",,P06654,P06654,AlphaFold,./pdb_files\P06654_AF.pdb,Match,A
P06654,E,282,N,0.24,ProTherm,P06654,"1EM7, 1PGA",,P06654,P06654,AlphaFold,./pdb_files\P06654_AF.pdb,Match,A
P06654,E,282,P,1.08,ProTherm,P06654,"1EM7, 1PGA",,P06654,P06654,AlphaFold,./pdb_files\P06654_AF.pdb,Match,A
P06654,E,282,Q,0.18,ProTherm,P06654,"1EM7, 1PGA",,P06654,P06654,AlphaFold,./pdb_files\P06654_AF.pdb,Match,A
P06654,E,282,R,1.71,ProTherm,P06654,"1EM7, 1PGA",,P06654,P06654,AlphaFold,./pdb_files\P06654_AF.pdb,Match,A
P06654,E,282,S,0.66,ProTherm,P06654,"1EM7, 1PGA",,P06654,P06654,AlphaFold,./pdb_files\P06654_AF.pdb,Match,A
P06654,E,282,T,0.67,ProTherm,P06654,"1EM7, 1PGA",,P06654,P06654,AlphaFold,./pdb_files\P06654_AF.pdb,Match,A
P06654,E,282,V,0.71,ProTherm,P06654,"1EM7, 1PGA",,P06654,P06654,AlphaFold,./pdb_files\P06654_AF.pdb,Match,A
P06654,E,282,Y,-0.28,ProTherm,P06654,"1EM7, 1PGA",,P06654,P06654,AlphaFold,./pdb_files\P06654_AF.pdb,Match,A
P06654,F,256,A,3.33,ProTherm,P06654,"1EM7, 1PGA",,P06654,P06654,AlphaFold,./pdb_files\P06654_AF.pdb,Match,A
P06654,F,256,D,0.92,ProTherm,P06654,"1EM7, 1PGA",,P06654,P06654,AlphaFold,./pdb_files\P06654_AF.pdb,Match,A
P06654,F,256,L,0.8,ProTherm,P06654,"1EM7, 1PGA",,P06654,P06654,AlphaFold,./pdb_files\P06654_AF.pdb,Match,A
P06654,F,256,M,1.84,ProTherm,P06654,"1EM7, 1PGA",,P06654,P06654,AlphaFold,./pdb_files\P06654_AF.pdb,Match,A
P06654,F,256,R,0.56,ProTherm,P06654,"1EM7, 1PGA",,P06654,P06654,AlphaFold,./pdb_files\P06654_AF.pdb,Match,A
P06654,F,256,V,2.77,ProTherm,P06654,"1EM7, 1PGA",,P06654,P06654,AlphaFold,./pdb_files\P06654_AF.pdb,Match,A
P06654,F,256,Y,-0.28,ProTherm,P06654,"1EM7, 1PGA",,P06654,P06654,AlphaFold,./pdb_files\P06654_AF.pdb,Match,A
P06654,F,278,H,2.95,ProTherm,P06654,"1EM7, 1PGA",,P06654,P06654,AlphaFold,./pdb_files\P06654_AF.pdb,Match,A
P06654,F,278,I,0.55,ProTherm,P06654,"1EM7, 1PGA",,P06654,P06654,AlphaFold,./pdb_files\P06654_AF.pdb,Match,A
P06654,F,278,L,2.78,ProTherm,P06654,"1EM7, 1PGA",,P06654,P06654,AlphaFold,./pdb_files\P06654_AF.pdb,Match,A
P06654,F,278,M,3.09,ProTherm,P06654,"1EM7, 1PGA",,P06654,P06654,AlphaFold,./pdb_files\P06654_AF.pdb,Match,A
P06654,F,278,P,2.16,ProTherm,P06654,"1EM7, 1PGA",,P06654,P06654,AlphaFold,./pdb_files\P06654_AF.pdb,Match,A
P06654,F,278,V,3.29,ProTherm,P06654,"1EM7, 1PGA",,P06654,P06654,AlphaFold,./pdb_files\P06654_AF.pdb,Match,A
P06654,F,278,Y,0.67,ProTherm,P06654,"1EM7, 1PGA",,P06654,P06654,AlphaFold,./pdb_files\P06654_AF.pdb,Match,A
P06654,G,235,A,0.62,ProTherm,P06654,"1EM7, 1PGA",,P06654,P06654,AlphaFold,./pdb_files\P06654_AF.pdb,Match,A
P06654,G,235,D,3.01,ProTherm,P06654,"1EM7, 1PGA",,P06654,P06654,AlphaFold,./pdb_files\P06654_AF.pdb,Match,A
P06654,G,235,E,2.38,ProTherm,P06654,"1EM7, 1PGA",,P06654,P06654,AlphaFold,./pdb_files\P06654_AF.pdb,Match,A
P06654,G,235,F,0.38,ProTherm,P06654,"1EM7, 1PGA",,P06654,P06654,AlphaFold,./pdb_files\P06654_AF.pdb,Match,A
P06654,G,235,H,1.56,ProTherm,P06654,"1EM7, 1PGA",,P06654,P06654,AlphaFold,./pdb_files\P06654_AF.pdb,Match,A
P06654,G,235,I,0.98,ProTherm,P06654,"1EM7, 1PGA",,P06654,P06654,AlphaFold,./pdb_files\P06654_AF.pdb,Match,A
P06654,G,235,K,1.53,ProTherm,P06654,"1EM7, 1PGA",,P06654,P06654,AlphaFold,./pdb_files\P06654_AF.pdb,Match,A
P06654,G,235,L,0.12,ProTherm,P06654,"1EM7, 1PGA",,P06654,P06654,AlphaFold,./pdb_files\P06654_AF.pdb,Match,A
P06654,G,235,M,1.03,ProTherm,P06654,"1EM7, 1PGA",,P06654,P06654,AlphaFold,./pdb_files\P06654_AF.pdb,Match,A
P06654,G,235,N,1.64,ProTherm,P06654,"1EM7, 1PGA",,P06654,P06654,AlphaFold,./pdb_files\P06654_AF.pdb,Match,A
P06654,G,235,P,2.88,ProTherm,P06654,"1EM7, 1PGA",,P06654,P06654,AlphaFold,./pdb_files\P06654_AF.pdb,Match,A
P06654,G,235,Q,1.38,ProTherm,P06654,"1EM7, 1PGA",,P06654,P06654,AlphaFold,./pdb_files\P06654_AF.pdb,Match,A
P06654,G,235,R,1.22,ProTherm,P06654,"1EM7, 1PGA",,P06654,P06654,AlphaFold,./pdb_files\P06654_AF.pdb,Match,A
P06654,G,235,S,0.33,ProTherm,P06654,"1EM7, 1PGA",,P06654,P06654,AlphaFold,./pdb_files\P06654_AF.pdb,Match,A
P06654,G,235,T,0.3,ProTherm,P06654,"1EM7, 1PGA",,P06654,P06654,AlphaFold,./pdb_files\P06654_AF.pdb,Match,A
P06654,G,235,V,0.79,ProTherm,P06654,"1EM7, 1PGA",,P06654,P06654,AlphaFold,./pdb_files\P06654_AF.pdb,Match,A
P06654,G,235,Y,0.88,ProTherm,P06654,"1EM7, 1PGA",,P06654,P06654,AlphaFold,./pdb_files\P06654_AF.pdb,Match,A
P06654,G,240,A,-0.14,ProTherm,P06654,"1EM7, 1PGA",,P06654,P06654,AlphaFold,./pdb_files\P06654_AF.pdb,Match,A
P06654,G,240,D,0.39,ProTherm,P06654,"1EM7, 1PGA",,P06654,P06654,AlphaFold,./pdb_files\P06654_AF.pdb,Match,A
P06654,G,240,E,-0.11,ProTherm,P06654,"1EM7, 1PGA",,P06654,P06654,AlphaFold,./pdb_files\P06654_AF.pdb,Match,A
P06654,G,240,F,-0.17,ProTherm,P06654,"1EM7, 1PGA",,P06654,P06654,AlphaFold,./pdb_files\P06654_AF.pdb,Match,A
P06654,G,240,H,0.28,ProTherm,P06654,"1EM7, 1PGA",,P06654,P06654,AlphaFold,./pdb_files\P06654_AF.pdb,Match,A
P06654,G,240,I,-0.27,ProTherm,P06654,"1EM7, 1PGA",,P06654,P06654,AlphaFold,./pdb_files\P06654_AF.pdb,Match,A
P06654,G,240,K,-0.41,ProTherm,P06654,"1EM7, 1PGA",,P06654,P06654,AlphaFold,./pdb_files\P06654_AF.pdb,Match,A
P06654,G,240,L,-0.78,ProTherm,P06654,"1EM7, 1PGA",,P06654,P06654,AlphaFold,./pdb_files\P06654_AF.pdb,Match,A
P06654,G,240,M,-0.62,ProTherm,P06654,"1EM7, 1PGA",,P06654,P06654,AlphaFold,./pdb_files\P06654_AF.pdb,Match,A
P06654,G,240,N,0.37,ProTherm,P06654,"1EM7, 1PGA",,P06654,P06654,AlphaFold,./pdb_files\P06654_AF.pdb,Match,A
P06654,G,240,P,1.34,ProTherm,P06654,"1EM7, 1PGA",,P06654,P06654,AlphaFold,./pdb_files\P06654_AF.pdb,Match,A
P06654,G,240,Q,-0.14,ProTherm,P06654,"1EM7, 1PGA",,P06654,P06654,AlphaFold,./pdb_files\P06654_AF.pdb,Match,A
P06654,G,240,R,-0.57,ProTherm,P06654,"1EM7, 1PGA",,P06654,P06654,AlphaFold,./pdb_files\P06654_AF.pdb,Match,A
P06654,G,240,S,-0.13,ProTherm,P06654,"1EM7, 1PGA",,P06654,P06654,AlphaFold,./pdb_files\P06654_AF.pdb,Match,A
P06654,G,240,T,0.19,ProTherm,P06654,"1EM7, 1PGA",,P06654,P06654,AlphaFold,./pdb_files\P06654_AF.pdb,Match,A
P06654,G,240,V,0.02,ProTherm,P06654,"1EM7, 1PGA",,P06654,P06654,AlphaFold,./pdb_files\P06654_AF.pdb,Match,A
P06654,G,240,Y,0.29,ProTherm,P06654,"1EM7, 1PGA",,P06654,P06654,AlphaFold,./pdb_files\P06654_AF.pdb,Match,A
P06654,G,264,A,0.55,ProTherm,P06654,"1EM7, 1PGA",,P06654,P06654,AlphaFold,./pdb_files\P06654_AF.pdb,Match,A
P06654,G,264,D,0.32,ProTherm,P06654,"1EM7, 1PGA",,P06654,P06654,AlphaFold,./pdb_files\P06654_AF.pdb,Match,A
P06654,G,264,E,0.47,ProTherm,P06654,"1EM7, 1PGA",,P06654,P06654,AlphaFold,./pdb_files\P06654_AF.pdb,Match,A
P06654,G,264,F,0.55,ProTherm,P06654,"1EM7, 1PGA",,P06654,P06654,AlphaFold,./pdb_files\P06654_AF.pdb,Match,A
P06654,G,264,H,-0.24,ProTherm,P06654,"1EM7, 1PGA",,P06654,P06654,AlphaFold,./pdb_files\P06654_AF.pdb,Match,A
P06654,G,264,I,1.78,ProTherm,P06654,"1EM7, 1PGA",,P06654,P06654,AlphaFold,./pdb_files\P06654_AF.pdb,Match,A
P06654,G,264,K,-0.04,ProTherm,P06654,"1EM7, 1PGA",,P06654,P06654,AlphaFold,./pdb_files\P06654_AF.pdb,Match,A
P06654,G,264,L,0.2,ProTherm,P06654,"1EM7, 1PGA",,P06654,P06654,AlphaFold,./pdb_files\P06654_AF.pdb,Match,A
P06654,G,264,M,0.76,ProTherm,P06654,"1EM7, 1PGA",,P06654,P06654,AlphaFold,./pdb_files\P06654_AF.pdb,Match,A
P06654,G,264,N,0.06,ProTherm,P06654,"1EM7, 1PGA",,P06654,P06654,AlphaFold,./pdb_files\P06654_AF.pdb,Match,A
P06654,G,264,P,3.1,ProTherm,P06654,"1EM7, 1PGA",,P06654,P06654,AlphaFold,./pdb_files\P06654_AF.pdb,Match,A
P06654,G,264,Q,0.08,ProTherm,P06654,"1EM7, 1PGA",,P06654,P06654,AlphaFold,./pdb_files\P06654_AF.pdb,Match,A
P06654,G,264,R,0.8,ProTherm,P06654,"1EM7, 1PGA",,P06654,P06654,AlphaFold,./pdb_files\P06654_AF.pdb,Match,A
P06654,G,264,S,0.46,ProTherm,P06654,"1EM7, 1PGA",,P06654,P06654,AlphaFold,./pdb_files\P06654_AF.pdb,Match,A
P06654,G,264,T,1.21,ProTherm,P06654,"1EM7, 1PGA",,P06654,P06654,AlphaFold,./pdb_files\P06654_AF.pdb,Match,A
P06654,G,264,V,1.54,ProTherm,P06654,"1EM7, 1PGA",,P06654,P06654,AlphaFold,./pdb_files\P06654_AF.pdb,Match,A
P06654,G,264,Y,0.83,ProTherm,P06654,"1EM7, 1PGA",,P06654,P06654,AlphaFold,./pdb_files\P06654_AF.pdb,Match,A
P06654,G,267,A,-0.09,ProTherm,P06654,"1EM7, 1PGA",,P06654,P06654,AlphaFold,./pdb_files\P06654_AF.pdb,Match,A
P06654,G,267,F,2.79,ProTherm,P06654,"1EM7, 1PGA",,P06654,P06654,AlphaFold,./pdb_files\P06654_AF.pdb,Match,A
P06654,G,267,I,-0.22,ProTherm,P06654,"1EM7, 1PGA",,P06654,P06654,AlphaFold,./pdb_files\P06654_AF.pdb,Match,A
P06654,G,267,K,2.67,ProTherm,P06654,"1EM7, 1PGA",,P06654,P06654,AlphaFold,./pdb_files\P06654_AF.pdb,Match,A
P06654,G,267,M,0.26,ProTherm,P06654,"1EM7, 1PGA",,P06654,P06654,AlphaFold,./pdb_files\P06654_AF.pdb,Match,A
P06654,G,267,R,0.0,ProTherm,P06654,"1EM7, 1PGA",,P06654,P06654,AlphaFold,./pdb_files\P06654_AF.pdb,Match,A
P06654,G,267,Y,2.9,ProTherm,P06654,"1EM7, 1PGA",,P06654,P06654,AlphaFold,./pdb_files\P06654_AF.pdb,Match,A
P06654,I,232,A,1.44,ProTherm,P06654,"1EM7, 1PGA",,P06654,P06654,AlphaFold,./pdb_files\P06654_AF.pdb,Match,A
P06654,I,232,D,2.32,ProTherm,P06654,"1EM7, 1PGA",,P06654,P06654,AlphaFold,./pdb_files\P06654_AF.pdb,Match,A
P06654,I,232,E,1.39,ProTherm,P06654,"1EM7, 1PGA",,P06654,P06654,AlphaFold,./pdb_files\P06654_AF.pdb,Match,A
P06654,I,232,F,0.43,ProTherm,P06654,"1EM7, 1PGA",,P06654,P06654,AlphaFold,./pdb_files\P06654_AF.pdb,Match,A
P06654,I,232,G,3.44,ProTherm,P06654,"1EM7, 1PGA",,P06654,P06654,AlphaFold,./pdb_files\P06654_AF.pdb,Match,A
P06654,I,232,H,1.52,ProTherm,P06654,"1EM7, 1PGA",,P06654,P06654,AlphaFold,./pdb_files\P06654_AF.pdb,Match,A
P06654,I,232,K,0.8,ProTherm,P06654,"1EM7, 1PGA",,P06654,P06654,AlphaFold,./pdb_files\P06654_AF.pdb,Match,A
P06654,I,232,L,0.48,ProTherm,P06654,"1EM7, 1PGA",,P06654,P06654,AlphaFold,./pdb_files\P06654_AF.pdb,Match,A
P06654,I,232,M,0.76,ProTherm,P06654,"1EM7, 1PGA",,P06654,P06654,AlphaFold,./pdb_files\P06654_AF.pdb,Match,A
P06654,I,232,N,1.07,ProTherm,P06654,"1EM7, 1PGA",,P06654,P06654,AlphaFold,./pdb_files\P06654_AF.pdb,Match,A
P06654,I,232,Q,0.87,ProTherm,P06654,"1EM7, 1PGA",,P06654,P06654,AlphaFold,./pdb_files\P06654_AF.pdb,Match,A
P06654,I,232,R,1.04,ProTherm,P06654,"1EM7, 1PGA",,P06654,P06654,AlphaFold,./pdb_files\P06654_AF.pdb,Match,A
P06654,I,232,S,1.7,ProTherm,P06654,"1EM7, 1PGA",,P06654,P06654,AlphaFold,./pdb_files\P06654_AF.pdb,Match,A
P06654,I,232,T,1.12,ProTherm,P06654,"1EM7, 1PGA",,P06654,P06654,AlphaFold,./pdb_files\P06654_AF.pdb,Match,A
P06654,I,232,V,-0.24,ProTherm,P06654,"1EM7, 1PGA",,P06654,P06654,AlphaFold,./pdb_files\P06654_AF.pdb,Match,A
P06654,I,232,Y,0.54,ProTherm,P06654,"1EM7, 1PGA",,P06654,P06654,AlphaFold,./pdb_files\P06654_AF.pdb,Match,A
P06654,K,230,A,0.7,ProTherm,P06654,"1EM7, 1PGA",,P06654,P06654,AlphaFold,./pdb_files\P06654_AF.pdb,Match,A
P06654,K,230,D,2.51,ProTherm,P06654,"1EM7, 1PGA",,P06654,P06654,AlphaFold,./pdb_files\P06654_AF.pdb,Match,A
P06654,K,230,E,1.84,ProTherm,P06654,"1EM7, 1PGA",,P06654,P06654,AlphaFold,./pdb_files\P06654_AF.pdb,Match,A
P06654,K,230,F,-0.55,ProTherm,P06654,"1EM7, 1PGA",,P06654,P06654,AlphaFold,./pdb_files\P06654_AF.pdb,Match,A
P06654,K,230,G,1.68,ProTherm,P06654,"1EM7, 1PGA",,P06654,P06654,AlphaFold,./pdb_files\P06654_AF.pdb,Match,A
P06654,K,230,H,-0.22,ProTherm,P06654,"1EM7, 1PGA",,P06654,P06654,AlphaFold,./pdb_files\P06654_AF.pdb,Match,A
P06654,K,230,I,-0.65,ProTherm,P06654,"1EM7, 1PGA",,P06654,P06654,AlphaFold,./pdb_files\P06654_AF.pdb,Match,A
P06654,K,230,L,0.89,ProTherm,P06654,"1EM7, 1PGA",,P06654,P06654,AlphaFold,./pdb_files\P06654_AF.pdb,Match,A
P06654,K,230,M,-0.22,ProTherm,P06654,"1EM7, 1PGA",,P06654,P06654,AlphaFold,./pdb_files\P06654_AF.pdb,Match,A
P06654,K,230,N,0.59,ProTherm,P06654,"1EM7, 1PGA",,P06654,P06654,AlphaFold,./pdb_files\P06654_AF.pdb,Match,A
P06654,K,230,Q,0.56,ProTherm,P06654,"1EM7, 1PGA",,P06654,P06654,AlphaFold,./pdb_files\P06654_AF.pdb,Match,A
P06654,K,230,R,-0.31,ProTherm,P06654,"1EM7, 1PGA",,P06654,P06654,AlphaFold,./pdb_files\P06654_AF.pdb,Match,A
P06654,K,230,S,0.2,ProTherm,P06654,"1EM7, 1PGA",,P06654,P06654,AlphaFold,./pdb_files\P06654_AF.pdb,Match,A
P06654,K,230,T,0.35,ProTherm,P06654,"1EM7, 1PGA",,P06654,P06654,AlphaFold,./pdb_files\P06654_AF.pdb,Match,A
P06654,K,230,V,0.75,ProTherm,P06654,"1EM7, 1PGA",,P06654,P06654,AlphaFold,./pdb_files\P06654_AF.pdb,Match,A
P06654,K,230,Y,-0.17,ProTherm,P06654,"1EM7, 1PGA",,P06654,P06654,AlphaFold,./pdb_files\P06654_AF.pdb,Match,A
P06654,K,236,A,0.12,ProTherm,P06654,"1EM7, 1PGA",,P06654,P06654,AlphaFold,./pdb_files\P06654_AF.pdb,Match,A
P06654,K,236,D,0.93,ProTherm,P06654,"1EM7, 1PGA",,P06654,P06654,AlphaFold,./pdb_files\P06654_AF.pdb,Match,A
P06654,K,236,E,-0.24,ProTherm,P06654,"1EM7, 1PGA",,P06654,P06654,AlphaFold,./pdb_files\P06654_AF.pdb,Match,A
P06654,K,236,F,0.2,ProTherm,P06654,"1EM7, 1PGA",,P06654,P06654,AlphaFold,./pdb_files\P06654_AF.pdb,Match,A
P06654,K,236,G,0.71,ProTherm,P06654,"1EM7, 1PGA",,P06654,P06654,AlphaFold,./pdb_files\P06654_AF.pdb,Match,A
P06654,K,236,H,0.23,ProTherm,P06654,"1EM7, 1PGA",,P06654,P06654,AlphaFold,./pdb_files\P06654_AF.pdb,Match,A
P06654,K,236,I,-0.05,ProTherm,P06654,"1EM7, 1PGA",,P06654,P06654,AlphaFold,./pdb_files\P06654_AF.pdb,Match,A
P06654,K,236,L,-0.29,ProTherm,P06654,"1EM7, 1PGA",,P06654,P06654,AlphaFold,./pdb_files\P06654_AF.pdb,Match,A
P06654,K,236,M,0.06,ProTherm,P06654,"1EM7, 1PGA",,P06654,P06654,AlphaFold,./pdb_files\P06654_AF.pdb,Match,A
P06654,K,236,N,0.28,ProTherm,P06654,"1EM7, 1PGA",,P06654,P06654,AlphaFold,./pdb_files\P06654_AF.pdb,Match,A
P06654,K,236,P,0.56,ProTherm,P06654,"1EM7, 1PGA",,P06654,P06654,AlphaFold,./pdb_files\P06654_AF.pdb,Match,A
P06654,K,236,Q,0.3,ProTherm,P06654,"1EM7, 1PGA",,P06654,P06654,AlphaFold,./pdb_files\P06654_AF.pdb,Match,A
P06654,K,236,R,-0.31,ProTherm,P06654,"1EM7, 1PGA",,P06654,P06654,AlphaFold,./pdb_files\P06654_AF.pdb,Match,A
P06654,K,236,S,0.54,ProTherm,P06654,"1EM7, 1PGA",,P06654,P06654,AlphaFold,./pdb_files\P06654_AF.pdb,Match,A
P06654,K,236,T,0.12,ProTherm,P06654,"1EM7, 1PGA",,P06654,P06654,AlphaFold,./pdb_files\P06654_AF.pdb,Match,A
P06654,K,236,V,-0.01,ProTherm,P06654,"1EM7, 1PGA",,P06654,P06654,AlphaFold,./pdb_files\P06654_AF.pdb,Match,A
P06654,K,236,Y,-0.15,ProTherm,P06654,"1EM7, 1PGA",,P06654,P06654,AlphaFold,./pdb_files\P06654_AF.pdb,Match,A
P06654,K,239,A,0.02,ProTherm,P06654,"1EM7, 1PGA",,P06654,P06654,AlphaFold,./pdb_files\P06654_AF.pdb,Match,A
P06654,K,239,D,0.89,ProTherm,P06654,"1EM7, 1PGA",,P06654,P06654,AlphaFold,./pdb_files\P06654_AF.pdb,Match,A
P06654,K,239,E,0.41,ProTherm,P06654,"1EM7, 1PGA",,P06654,P06654,AlphaFold,./pdb_files\P06654_AF.pdb,Match,A
P06654,K,239,F,-0.27,ProTherm,P06654,"1EM7, 1PGA",,P06654,P06654,AlphaFold,./pdb_files\P06654_AF.pdb,Match,A
P06654,K,239,G,0.74,ProTherm,P06654,"1EM7, 1PGA",,P06654,P06654,AlphaFold,./pdb_files\P06654_AF.pdb,Match,A
P06654,K,239,H,-0.02,ProTherm,P06654,"1EM7, 1PGA",,P06654,P06654,AlphaFold,./pdb_files\P06654_AF.pdb,Match,A
P06654,K,239,I,0.24,ProTherm,P06654,"1EM7, 1PGA",,P06654,P06654,AlphaFold,./pdb_files\P06654_AF.pdb,Match,A
P06654,K,239,L,0.5,ProTherm,P06654,"1EM7, 1PGA",,P06654,P06654,AlphaFold,./pdb_files\P06654_AF.pdb,Match,A
P06654,K,239,M,-0.03,ProTherm,P06654,"1EM7, 1PGA",,P06654,P06654,AlphaFold,./pdb_files\P06654_AF.pdb,Match,A
P06654,K,239,N,0.44,ProTherm,P06654,"1EM7, 1PGA",,P06654,P06654,AlphaFold,./pdb_files\P06654_AF.pdb,Match,A
P06654,K,239,P,1.36,ProTherm,P06654,"1EM7, 1PGA",,P06654,P06654,AlphaFold,./pdb_files\P06654_AF.pdb,Match,A
P06654,K,239,Q,-0.76,ProTherm,P06654,"1EM7, 1PGA",,P06654,P06654,AlphaFold,./pdb_files\P06654_AF.pdb,Match,A
P06654,K,239,R,0.12,ProTherm,P06654,"1EM7, 1PGA",,P06654,P06654,AlphaFold,./pdb_files\P06654_AF.pdb,Match,A
P06654,K,239,S,-0.23,ProTherm,P06654,"1EM7, 1PGA",,P06654,P06654,AlphaFold,./pdb_files\P06654_AF.pdb,Match,A
P06654,K,239,T,0.18,ProTherm,P06654,"1EM7, 1PGA",,P06654,P06654,AlphaFold,./pdb_files\P06654_AF.pdb,Match,A
P06654,K,239,V,-0.2,ProTherm,P06654,"1EM7, 1PGA",,P06654,P06654,AlphaFold,./pdb_files\P06654_AF.pdb,Match,A
P06654,K,239,Y,-0.23,ProTherm,P06654,"1EM7, 1PGA",,P06654,P06654,AlphaFold,./pdb_files\P06654_AF.pdb,Match,A
P06654,K,254,A,-0.21,ProTherm,P06654,"1EM7, 1PGA",,P06654,P06654,AlphaFold,./pdb_files\P06654_AF.pdb,Match,A
P06654,K,254,D,0.29,ProTherm,P06654,"1EM7, 1PGA",,P06654,P06654,AlphaFold,./pdb_files\P06654_AF.pdb,Match,A
P06654,K,254,E,-0.12,ProTherm,P06654,"1EM7, 1PGA",,P06654,P06654,AlphaFold,./pdb_files\P06654_AF.pdb,Match,A
P06654,K,254,F,0.12,ProTherm,P06654,"1EM7, 1PGA",,P06654,P06654,AlphaFold,./pdb_files\P06654_AF.pdb,Match,A
P06654,K,254,G,0.36,ProTherm,P06654,"1EM7, 1PGA",,P06654,P06654,AlphaFold,./pdb_files\P06654_AF.pdb,Match,A
P06654,K,254,H,0.36,ProTherm,P06654,"1EM7, 1PGA",,P06654,P06654,AlphaFold,./pdb_files\P06654_AF.pdb,Match,A
P06654,K,254,I,-0.4,ProTherm,P06654,"1EM7, 1PGA",,P06654,P06654,AlphaFold,./pdb_files\P06654_AF.pdb,Match,A
P06654,K,254,L,0.17,ProTherm,P06654,"1EM7, 1PGA",,P06654,P06654,AlphaFold,./pdb_files\P06654_AF.pdb,Match,A
P06654,K,254,M,-0.24,ProTherm,P06654,"1EM7, 1PGA",,P06654,P06654,AlphaFold,./pdb_files\P06654_AF.pdb,Match,A
P06654,K,254,N,-0.13,ProTherm,P06654,"1EM7, 1PGA",,P06654,P06654,AlphaFold,./pdb_files\P06654_AF.pdb,Match,A
P06654,K,254,P,1.43,ProTherm,P06654,"1EM7, 1PGA",,P06654,P06654,AlphaFold,./pdb_files\P06654_AF.pdb,Match,A
P06654,K,254,Q,-0.19,ProTherm,P06654,"1EM7, 1PGA",,P06654,P06654,AlphaFold,./pdb_files\P06654_AF.pdb,Match,A
P06654,K,254,R,-0.6,ProTherm,P06654,"1EM7, 1PGA",,P06654,P06654,AlphaFold,./pdb_files\P06654_AF.pdb,Match,A
P06654,K,254,S,0.01,ProTherm,P06654,"1EM7, 1PGA",,P06654,P06654,AlphaFold,./pdb_files\P06654_AF.pdb,Match,A
P06654,K,254,T,0.11,ProTherm,P06654,"1EM7, 1PGA",,P06654,P06654,AlphaFold,./pdb_files\P06654_AF.pdb,Match,A
P06654,K,254,V,0.11,ProTherm,P06654,"1EM7, 1PGA",,P06654,P06654,AlphaFold,./pdb_files\P06654_AF.pdb,Match,A
P06654,K,254,Y,0.13,ProTherm,P06654,"1EM7, 1PGA",,P06654,P06654,AlphaFold,./pdb_files\P06654_AF.pdb,Match,A
P06654,K,257,A,0.8,ProTherm,P06654,"1EM7, 1PGA",,P06654,P06654,AlphaFold,./pdb_files\P06654_AF.pdb,Match,A
P06654,K,257,E,1.3,ProTherm,P06654,"1EM7, 1PGA",,P06654,P06654,AlphaFold,./pdb_files\P06654_AF.pdb,Match,A
P06654,K,257,F,0.64,ProTherm,P06654,"1EM7, 1PGA",,P06654,P06654,AlphaFold,./pdb_files\P06654_AF.pdb,Match,A
P06654,K,257,G,1.52,ProTherm,P06654,"1EM7, 1PGA",,P06654,P06654,AlphaFold,./pdb_files\P06654_AF.pdb,Match,A
P06654,K,257,I,0.26,ProTherm,P06654,"1EM7, 1PGA",,P06654,P06654,AlphaFold,./pdb_files\P06654_AF.pdb,Match,A
P06654,K,257,L,0.29,ProTherm,P06654,"1EM7, 1PGA",,P06654,P06654,AlphaFold,./pdb_files\P06654_AF.pdb,Match,A
P06654,K,257,M,-0.1,ProTherm,P06654,"1EM7, 1PGA",,P06654,P06654,AlphaFold,./pdb_files\P06654_AF.pdb,Match,A
P06654,K,257,N,0.96,ProTherm,P06654,"1EM7, 1PGA",,P06654,P06654,AlphaFold,./pdb_files\P06654_AF.pdb,Match,A
P06654,K,257,Q,-0.09,ProTherm,P06654,"1EM7, 1PGA",,P06654,P06654,AlphaFold,./pdb_files\P06654_AF.pdb,Match,A
P06654,K,257,S,1.12,ProTherm,P06654,"1EM7, 1PGA",,P06654,P06654,AlphaFold,./pdb_files\P06654_AF.pdb,Match,A
P06654,K,257,T,0.77,ProTherm,P06654,"1EM7, 1PGA",,P06654,P06654,AlphaFold,./pdb_files\P06654_AF.pdb,Match,A
P06654,K,257,V,0.12,ProTherm,P06654,"1EM7, 1PGA",,P06654,P06654,AlphaFold,./pdb_files\P06654_AF.pdb,Match,A
P06654,K,257,Y,0.94,ProTherm,P06654,"1EM7, 1PGA",,P06654,P06654,AlphaFold,./pdb_files\P06654_AF.pdb,Match,A
P06654,K,276,A,0.5,ProTherm,P06654,"1EM7, 1PGA",,P06654,P06654,AlphaFold,./pdb_files\P06654_AF.pdb,Match,A
P06654,K,276,D,1.62,ProTherm,P06654,"1EM7, 1PGA",,P06654,P06654,AlphaFold,./pdb_files\P06654_AF.pdb,Match,A
P06654,K,276,E,1.44,ProTherm,P06654,"1EM7, 1PGA",,P06654,P06654,AlphaFold,./pdb_files\P06654_AF.pdb,Match,A
P06654,K,276,F,0.0,ProTherm,P06654,"1EM7, 1PGA",,P06654,P06654,AlphaFold,./pdb_files\P06654_AF.pdb,Match,A
P06654,K,276,G,0.72,ProTherm,P06654,"1EM7, 1PGA",,P06654,P06654,AlphaFold,./pdb_files\P06654_AF.pdb,Match,A
P06654,K,276,H,-0.38,ProTherm,P06654,"1EM7, 1PGA",,P06654,P06654,AlphaFold,./pdb_files\P06654_AF.pdb,Match,A
P06654,K,276,I,1.83,ProTherm,P06654,"1EM7, 1PGA",,P06654,P06654,AlphaFold,./pdb_files\P06654_AF.pdb,Match,A
P06654,K,276,L,-0.18,ProTherm,P06654,"1EM7, 1PGA",,P06654,P06654,AlphaFold,./pdb_files\P06654_AF.pdb,Match,A
P06654,K,276,M,0.65,ProTherm,P06654,"1EM7, 1PGA",,P06654,P06654,AlphaFold,./pdb_files\P06654_AF.pdb,Match,A
P06654,K,276,N,0.16,ProTherm,P06654,"1EM7, 1PGA",,P06654,P06654,AlphaFold,./pdb_files\P06654_AF.pdb,Match,A
P06654,K,276,Q,-1.02,ProTherm,P06654,"1EM7, 1PGA",,P06654,P06654,AlphaFold,./pdb_files\P06654_AF.pdb,Match,A
P06654,K,276,R,-0.34,ProTherm,P06654,"1EM7, 1PGA",,P06654,P06654,AlphaFold,./pdb_files\P06654_AF.pdb,Match,A
P06654,K,276,S,0.58,ProTherm,P06654,"1EM7, 1PGA",,P06654,P06654,AlphaFold,./pdb_files\P06654_AF.pdb,Match,A
P06654,K,276,T,1.5,ProTherm,P06654,"1EM7, 1PGA",,P06654,P06654,AlphaFold,./pdb_files\P06654_AF.pdb,Match,A
P06654,K,276,V,1.7,ProTherm,P06654,"1EM7, 1PGA",,P06654,P06654,AlphaFold,./pdb_files\P06654_AF.pdb,Match,A
P06654,K,276,Y,-0.13,ProTherm,P06654,"1EM7, 1PGA",,P06654,P06654,AlphaFold,./pdb_files\P06654_AF.pdb,Match,A
P06654,L,231,A,2.27,ProTherm,P06654,"1EM7, 1PGA",,P06654,P06654,AlphaFold,./pdb_files\P06654_AF.pdb,Match,A
P06654,L,231,F,0.77,ProTherm,P06654,"1EM7, 1PGA",,P06654,P06654,AlphaFold,./pdb_files\P06654_AF.pdb,Match,A
P06654,L,231,I,1.62,ProTherm,P06654,"1EM7, 1PGA",,P06654,P06654,AlphaFold,./pdb_files\P06654_AF.pdb,Match,A
P06654,L,231,M,0.9,ProTherm,P06654,"1EM7, 1PGA",,P06654,P06654,AlphaFold,./pdb_files\P06654_AF.pdb,Match,A
P06654,L,231,P,2.29,ProTherm,P06654,"1EM7, 1PGA",,P06654,P06654,AlphaFold,./pdb_files\P06654_AF.pdb,Match,A
P06654,L,231,R,-0.36,ProTherm,P06654,"1EM7, 1PGA",,P06654,P06654,AlphaFold,./pdb_files\P06654_AF.pdb,Match,A
P06654,L,231,V,1.49,ProTherm,P06654,"1EM7, 1PGA",,P06654,P06654,AlphaFold,./pdb_files\P06654_AF.pdb,Match,A
P06654,L,231,Y,3.14,ProTherm,P06654,"1EM7, 1PGA",,P06654,P06654,AlphaFold,./pdb_files\P06654_AF.pdb,Match,A
P06654,L,233,A,1.71,ProTherm,P06654,"1EM7, 1PGA",,P06654,P06654,AlphaFold,./pdb_files\P06654_AF.pdb,Match,A
P06654,L,233,D,3.5,ProTherm,P06654,"1EM7, 1PGA",,P06654,P06654,AlphaFold,./pdb_files\P06654_AF.pdb,Match,A
P06654,L,233,E,3.18,ProTherm,P06654,"1EM7, 1PGA",,P06654,P06654,AlphaFold,./pdb_files\P06654_AF.pdb,Match,A
P06654,L,233,F,0.11,ProTherm,P06654,"1EM7, 1PGA",,P06654,P06654,AlphaFold,./pdb_files\P06654_AF.pdb,Match,A
P06654,L,233,H,1.85,ProTherm,P06654,"1EM7, 1PGA",,P06654,P06654,AlphaFold,./pdb_files\P06654_AF.pdb,Match,A
P06654,L,233,I,-0.41,ProTherm,P06654,"1EM7, 1PGA",,P06654,P06654,AlphaFold,./pdb_files\P06654_AF.pdb,Match,A
P06654,L,233,K,3.1,ProTherm,P06654,"1EM7, 1PGA",,P06654,P06654,AlphaFold,./pdb_files\P06654_AF.pdb,Match,A
P06654,L,233,M,-0.23,ProTherm,P06654,"1EM7, 1PGA",,P06654,P06654,AlphaFold,./pdb_files\P06654_AF.pdb,Match,A
P06654,L,233,P,3.23,ProTherm,P06654,"1EM7, 1PGA",,P06654,P06654,AlphaFold,./pdb_files\P06654_AF.pdb,Match,A
P06654,L,233,Q,1.78,ProTherm,P06654,"1EM7, 1PGA",,P06654,P06654,AlphaFold,./pdb_files\P06654_AF.pdb,Match,A
P06654,L,233,R,2.35,ProTherm,P06654,"1EM7, 1PGA",,P06654,P06654,AlphaFold,./pdb_files\P06654_AF.pdb,Match,A
P06654,L,233,S,2.17,ProTherm,P06654,"1EM7, 1PGA",,P06654,P06654,AlphaFold,./pdb_files\P06654_AF.pdb,Match,A
P06654,L,233,T,1.47,ProTherm,P06654,"1EM7, 1PGA",,P06654,P06654,AlphaFold,./pdb_files\P06654_AF.pdb,Match,A
P06654,L,233,V,0.45,ProTherm,P06654,"1EM7, 1PGA",,P06654,P06654,AlphaFold,./pdb_files\P06654_AF.pdb,Match,A
P06654,L,233,Y,0.45,ProTherm,P06654,"1EM7, 1PGA",,P06654,P06654,AlphaFold,./pdb_files\P06654_AF.pdb,Match,A
P06654,L,238,A,0.65,ProTherm,P06654,"1EM7, 1PGA",,P06654,P06654,AlphaFold,./pdb_files\P06654_AF.pdb,Match,A
P06654,L,238,D,1.07,ProTherm,P06654,"1EM7, 1PGA",,P06654,P06654,AlphaFold,./pdb_files\P06654_AF.pdb,Match,A
P06654,L,238,E,0.69,ProTherm,P06654,"1EM7, 1PGA",,P06654,P06654,AlphaFold,./pdb_files\P06654_AF.pdb,Match,A
P06654,L,238,F,-0.69,ProTherm,P06654,"1EM7, 1PGA",,P06654,P06654,AlphaFold,./pdb_files\P06654_AF.pdb,Match,A
P06654,L,238,G,0.65,ProTherm,P06654,"1EM7, 1PGA",,P06654,P06654,AlphaFold,./pdb_files\P06654_AF.pdb,Match,A
P06654,L,238,H,0.06,ProTherm,P06654,"1EM7, 1PGA",,P06654,P06654,AlphaFold,./pdb_files\P06654_AF.pdb,Match,A
P06654,L,238,I,-0.71,ProTherm,P06654,"1EM7, 1PGA",,P06654,P06654,AlphaFold,./pdb_files\P06654_AF.pdb,Match,A
P06654,L,238,K,-0.34,ProTherm,P06654,"1EM7, 1PGA",,P06654,P06654,AlphaFold,./pdb_files\P06654_AF.pdb,Match,A
P06654,L,238,M,0.07,ProTherm,P06654,"1EM7, 1PGA",,P06654,P06654,AlphaFold,./pdb_files\P06654_AF.pdb,Match,A
P06654,L,238,N,0.23,ProTherm,P06654,"1EM7, 1PGA",,P06654,P06654,AlphaFold,./pdb_files\P06654_AF.pdb,Match,A
P06654,L,238,P,1.58,ProTherm,P06654,"1EM7, 1PGA",,P06654,P06654,AlphaFold,./pdb_files\P06654_AF.pdb,Match,A
P06654,L,238,Q,0.23,ProTherm,P06654,"1EM7, 1PGA",,P06654,P06654,AlphaFold,./pdb_files\P06654_AF.pdb,Match,A
P06654,L,238,R,0.12,ProTherm,P06654,"1EM7, 1PGA",,P06654,P06654,AlphaFold,./pdb_files\P06654_AF.pdb,Match,A
P06654,L,238,S,0.42,ProTherm,P06654,"1EM7, 1PGA",,P06654,P06654,AlphaFold,./pdb_files\P06654_AF.pdb,Match,A
P06654,L,238,T,-0.19,ProTherm,P06654,"1EM7, 1PGA",,P06654,P06654,AlphaFold,./pdb_files\P06654_AF.pdb,Match,A
P06654,L,238,V,-0.23,ProTherm,P06654,"1EM7, 1PGA",,P06654,P06654,AlphaFold,./pdb_files\P06654_AF.pdb,Match,A
P06654,L,238,Y,-1.41,ProTherm,P06654,"1EM7, 1PGA",,P06654,P06654,AlphaFold,./pdb_files\P06654_AF.pdb,Match,A
P06654,N,234,A,0.63,ProTherm,P06654,"1EM7, 1PGA",,P06654,P06654,AlphaFold,./pdb_files\P06654_AF.pdb,Match,A
P06654,N,234,D,0.22,ProTherm,P06654,"1EM7, 1PGA",,P06654,P06654,AlphaFold,./pdb_files\P06654_AF.pdb,Match,A
P06654,N,234,E,0.42,ProTherm,P06654,"1EM7, 1PGA",,P06654,P06654,AlphaFold,./pdb_files\P06654_AF.pdb,Match,A
P06654,N,234,F,0.03,ProTherm,P06654,"1EM7, 1PGA",,P06654,P06654,AlphaFold,./pdb_files\P06654_AF.pdb,Match,A
P06654,N,234,G,1.17,ProTherm,P06654,"1EM7, 1PGA",,P06654,P06654,AlphaFold,./pdb_files\P06654_AF.pdb,Match,A
P06654,N,234,H,0.04,ProTherm,P06654,"1EM7, 1PGA",,P06654,P06654,AlphaFold,./pdb_files\P06654_AF.pdb,Match,A
P06654,N,234,I,-0.17,ProTherm,P06654,"1EM7, 1PGA",,P06654,P06654,AlphaFold,./pdb_files\P06654_AF.pdb,Match,A
P06654,N,234,K,-0.12,ProTherm,P06654,"1EM7, 1PGA",,P06654,P06654,AlphaFold,./pdb_files\P06654_AF.pdb,Match,A
P06654,N,234,L,-0.65,ProTherm,P06654,"1EM7, 1PGA",,P06654,P06654,AlphaFold,./pdb_files\P06654_AF.pdb,Match,A
P06654,N,234,M,-0.12,ProTherm,P06654,"1EM7, 1PGA",,P06654,P06654,AlphaFold,./pdb_files\P06654_AF.pdb,Match,A
P06654,N,234,P,1.79,ProTherm,P06654,"1EM7, 1PGA",,P06654,P06654,AlphaFold,./pdb_files\P06654_AF.pdb,Match,A
P06654,N,234,Q,0.04,ProTherm,P06654,"1EM7, 1PGA",,P06654,P06654,AlphaFold,./pdb_files\P06654_AF.pdb,Match,A
P06654,N,234,R,-0.31,ProTherm,P06654,"1EM7, 1PGA",,P06654,P06654,AlphaFold,./pdb_files\P06654_AF.pdb,Match,A
P06654,N,234,S,0.36,ProTherm,P06654,"1EM7, 1PGA",,P06654,P06654,AlphaFold,./pdb_files\P06654_AF.pdb,Match,A
P06654,N,234,T,1.0,ProTherm,P06654,"1EM7, 1PGA",,P06654,P06654,AlphaFold,./pdb_files\P06654_AF.pdb,Match,A
P06654,N,234,V,0.32,ProTherm,P06654,"1EM7, 1PGA",,P06654,P06654,AlphaFold,./pdb_files\P06654_AF.pdb,Match,A
P06654,N,234,Y,0.23,ProTherm,P06654,"1EM7, 1PGA",,P06654,P06654,AlphaFold,./pdb_files\P06654_AF.pdb,Match,A
P06654,N,261,A,-0.02,ProTherm,P06654,"1EM7, 1PGA",,P06654,P06654,AlphaFold,./pdb_files\P06654_AF.pdb,Match,A
P06654,N,261,D,0.35,ProTherm,P06654,"1EM7, 1PGA",,P06654,P06654,AlphaFold,./pdb_files\P06654_AF.pdb,Match,A
P06654,N,261,E,-0.24,ProTherm,P06654,"1EM7, 1PGA",,P06654,P06654,AlphaFold,./pdb_files\P06654_AF.pdb,Match,A
P06654,N,261,F,-0.52,ProTherm,P06654,"1EM7, 1PGA",,P06654,P06654,AlphaFold,./pdb_files\P06654_AF.pdb,Match,A
P06654,N,261,G,0.25,ProTherm,P06654,"1EM7, 1PGA",,P06654,P06654,AlphaFold,./pdb_files\P06654_AF.pdb,Match,A
P06654,N,261,H,0.53,ProTherm,P06654,"1EM7, 1PGA",,P06654,P06654,AlphaFold,./pdb_files\P06654_AF.pdb,Match,A
P06654,N,261,I,-0.17,ProTherm,P06654,"1EM7, 1PGA",,P06654,P06654,AlphaFold,./pdb_files\P06654_AF.pdb,Match,A
P06654,N,261,K,-0.55,ProTherm,P06654,"1EM7, 1PGA",,P06654,P06654,AlphaFold,./pdb_files\P06654_AF.pdb,Match,A
P06654,N,261,L,-0.28,ProTherm,P06654,"1EM7, 1PGA",,P06654,P06654,AlphaFold,./pdb_files\P06654_AF.pdb,Match,A
P06654,N,261,M,0.55,ProTherm,P06654,"1EM7, 1PGA",,P06654,P06654,AlphaFold,./pdb_files\P06654_AF.pdb,Match,A
P06654,N,261,Q,-0.38,ProTherm,P06654,"1EM7, 1PGA",,P06654,P06654,AlphaFold,./pdb_files\P06654_AF.pdb,Match,A
P06654,N,261,R,0.25,ProTherm,P06654,"1EM7, 1PGA",,P06654,P06654,AlphaFold,./pdb_files\P06654_AF.pdb,Match,A
P06654,N,261,S,-0.37,ProTherm,P06654,"1EM7, 1PGA",,P06654,P06654,AlphaFold,./pdb_files\P06654_AF.pdb,Match,A
P06654,N,261,T,-0.14,ProTherm,P06654,"1EM7, 1PGA",,P06654,P06654,AlphaFold,./pdb_files\P06654_AF.pdb,Match,A
P06654,N,261,V,0.0,ProTherm,P06654,"1EM7, 1PGA",,P06654,P06654,AlphaFold,./pdb_files\P06654_AF.pdb,Match,A
P06654,N,261,Y,-0.42,ProTherm,P06654,"1EM7, 1PGA",,P06654,P06654,AlphaFold,./pdb_files\P06654_AF.pdb,Match,A
P06654,N,263,A,0.1,ProTherm,P06654,"1EM7, 1PGA",,P06654,P06654,AlphaFold,./pdb_files\P06654_AF.pdb,Match,A
P06654,N,263,D,1.44,ProTherm,P06654,"1EM7, 1PGA",,P06654,P06654,AlphaFold,./pdb_files\P06654_AF.pdb,Match,A
P06654,N,263,E,0.48,ProTherm,P06654,"1EM7, 1PGA",,P06654,P06654,AlphaFold,./pdb_files\P06654_AF.pdb,Match,A
P06654,N,263,F,-0.57,ProTherm,P06654,"1EM7, 1PGA",,P06654,P06654,AlphaFold,./pdb_files\P06654_AF.pdb,Match,A
P06654,N,263,G,1.31,ProTherm,P06654,"1EM7, 1PGA",,P06654,P06654,AlphaFold,./pdb_files\P06654_AF.pdb,Match,A
P06654,N,263,H,-0.1,ProTherm,P06654,"1EM7, 1PGA",,P06654,P06654,AlphaFold,./pdb_files\P06654_AF.pdb,Match,A
P06654,N,263,I,0.08,ProTherm,P06654,"1EM7, 1PGA",,P06654,P06654,AlphaFold,./pdb_files\P06654_AF.pdb,Match,A
P06654,N,263,K,-0.65,ProTherm,P06654,"1EM7, 1PGA",,P06654,P06654,AlphaFold,./pdb_files\P06654_AF.pdb,Match,A
P06654,N,263,L,-0.34,ProTherm,P06654,"1EM7, 1PGA",,P06654,P06654,AlphaFold,./pdb_files\P06654_AF.pdb,Match,A
P06654,N,263,M,0.55,ProTherm,P06654,"1EM7, 1PGA",,P06654,P06654,AlphaFold,./pdb_files\P06654_AF.pdb,Match,A
P06654,N,263,P,4.49,ProTherm,P06654,"1EM7, 1PGA",,P06654,P06654,AlphaFold,./pdb_files\P06654_AF.pdb,Match,A
P06654,N,263,Q,-0.57,ProTherm,P06654,"1EM7, 1PGA",,P06654,P06654,AlphaFold,./pdb_files\P06654_AF.pdb,Match,A
P06654,N,263,R,0.17,ProTherm,P06654,"1EM7, 1PGA",,P06654,P06654,AlphaFold,./pdb_files\P06654_AF.pdb,Match,A
P06654,N,263,S,0.13,ProTherm,P06654,"1EM7, 1PGA",,P06654,P06654,AlphaFold,./pdb_files\P06654_AF.pdb,Match,A
P06654,N,263,T,0.18,ProTherm,P06654,"1EM7, 1PGA",,P06654,P06654,AlphaFold,./pdb_files\P06654_AF.pdb,Match,A
P06654,N,263,V,0.16,ProTherm,P06654,"1EM7, 1PGA",,P06654,P06654,AlphaFold,./pdb_files\P06654_AF.pdb,Match,A
P06654,N,263,Y,-0.35,ProTherm,P06654,"1EM7, 1PGA",,P06654,P06654,AlphaFold,./pdb_files\P06654_AF.pdb,Match,A
P06654,Q,258,A,0.27,ProTherm,P06654,"1EM7, 1PGA",,P06654,P06654,AlphaFold,./pdb_files\P06654_AF.pdb,Match,A
P06654,Q,258,D,0.38,ProTherm,P06654,"1EM7, 1PGA",,P06654,P06654,AlphaFold,./pdb_files\P06654_AF.pdb,Match,A
P06654,Q,258,E,0.06,ProTherm,P06654,"1EM7, 1PGA",,P06654,P06654,AlphaFold,./pdb_files\P06654_AF.pdb,Match,A
P06654,Q,258,F,0.93,ProTherm,P06654,"1EM7, 1PGA",,P06654,P06654,AlphaFold,./pdb_files\P06654_AF.pdb,Match,A
P06654,Q,258,G,0.82,ProTherm,P06654,"1EM7, 1PGA",,P06654,P06654,AlphaFold,./pdb_files\P06654_AF.pdb,Match,A
P06654,Q,258,H,0.59,ProTherm,P06654,"1EM7, 1PGA",,P06654,P06654,AlphaFold,./pdb_files\P06654_AF.pdb,Match,A
P06654,Q,258,I,0.31,ProTherm,P06654,"1EM7, 1PGA",,P06654,P06654,AlphaFold,./pdb_files\P06654_AF.pdb,Match,A
P06654,Q,258,K,-0.17,ProTherm,P06654,"1EM7, 1PGA",,P06654,P06654,AlphaFold,./pdb_files\P06654_AF.pdb,Match,A
P06654,Q,258,L,0.29,ProTherm,P06654,"1EM7, 1PGA",,P06654,P06654,AlphaFold,./pdb_files\P06654_AF.pdb,Match,A
P06654,Q,258,M,-0.35,ProTherm,P06654,"1EM7, 1PGA",,P06654,P06654,AlphaFold,./pdb_files\P06654_AF.pdb,Match,A
P06654,Q,258,N,0.49,ProTherm,P06654,"1EM7, 1PGA",,P06654,P06654,AlphaFold,./pdb_files\P06654_AF.pdb,Match,A
P06654,Q,258,P,-0.24,ProTherm,P06654,"1EM7, 1PGA",,P06654,P06654,AlphaFold,./pdb_files\P06654_AF.pdb,Match,A
P06654,Q,258,R,0.04,ProTherm,P06654,"1EM7, 1PGA",,P06654,P06654,AlphaFold,./pdb_files\P06654_AF.pdb,Match,A
P06654,Q,258,S,0.11,ProTherm,P06654,"1EM7, 1PGA",,P06654,P06654,AlphaFold,./pdb_files\P06654_AF.pdb,Match,A
P06654,Q,258,T,-0.11,ProTherm,P06654,"1EM7, 1PGA",,P06654,P06654,AlphaFold,./pdb_files\P06654_AF.pdb,Match,A
P06654,Q,258,V,0.5,ProTherm,P06654,"1EM7, 1PGA",,P06654,P06654,AlphaFold,./pdb_files\P06654_AF.pdb,Match,A
P06654,Q,258,Y,0.63,ProTherm,P06654,"1EM7, 1PGA",,P06654,P06654,AlphaFold,./pdb_files\P06654_AF.pdb,Match,A
P06654,T,228,A,0.87,ProTherm,P06654,"1EM7, 1PGA",,P06654,P06654,AlphaFold,./pdb_files\P06654_AF.pdb,Match,A
P06654,T,228,D,0.87,ProTherm,P06654,"1EM7, 1PGA",,P06654,P06654,AlphaFold,./pdb_files\P06654_AF.pdb,Match,A
P06654,T,228,E,0.28,ProTherm,P06654,"1EM7, 1PGA",,P06654,P06654,AlphaFold,./pdb_files\P06654_AF.pdb,Match,A
P06654,T,228,F,0.06,ProTherm,P06654,"1EM7, 1PGA",,P06654,P06654,AlphaFold,./pdb_files\P06654_AF.pdb,Match,A
P06654,T,228,G,1.0,ProTherm,P06654,"1EM7, 1PGA",,P06654,P06654,AlphaFold,./pdb_files\P06654_AF.pdb,Match,A
P06654,T,228,H,0.55,ProTherm,P06654,"1EM7, 1PGA",,P06654,P06654,AlphaFold,./pdb_files\P06654_AF.pdb,Match,A
P06654,T,228,I,-0.59,ProTherm,P06654,"1EM7, 1PGA",,P06654,P06654,AlphaFold,./pdb_files\P06654_AF.pdb,Match,A
P06654,T,228,K,0.0,ProTherm,P06654,"1EM7, 1PGA",,P06654,P06654,AlphaFold,./pdb_files\P06654_AF.pdb,Match,A
P06654,T,228,L,-0.07,ProTherm,P06654,"1EM7, 1PGA",,P06654,P06654,AlphaFold,./pdb_files\P06654_AF.pdb,Match,A
P06654,T,228,M,-0.9,ProTherm,P06654,"1EM7, 1PGA",,P06654,P06654,AlphaFold,./pdb_files\P06654_AF.pdb,Match,A
P06654,T,228,N,0.52,ProTherm,P06654,"1EM7, 1PGA",,P06654,P06654,AlphaFold,./pdb_files\P06654_AF.pdb,Match,A
P06654,T,228,P,0.58,ProTherm,P06654,"1EM7, 1PGA",,P06654,P06654,AlphaFold,./pdb_files\P06654_AF.pdb,Match,A
P06654,T,228,Q,0.0,ProTherm,P06654,"1EM7, 1PGA",,P06654,P06654,AlphaFold,./pdb_files\P06654_AF.pdb,Match,A
P06654,T,228,R,0.26,ProTherm,P06654,"1EM7, 1PGA",,P06654,P06654,AlphaFold,./pdb_files\P06654_AF.pdb,Match,A
P06654,T,228,S,0.28,ProTherm,P06654,"1EM7, 1PGA",,P06654,P06654,AlphaFold,./pdb_files\P06654_AF.pdb,Match,A
P06654,T,228,V,-1.14,ProTherm,P06654,"1EM7, 1PGA",,P06654,P06654,AlphaFold,./pdb_files\P06654_AF.pdb,Match,A
P06654,T,228,Y,0.2,ProTherm,P06654,"1EM7, 1PGA",,P06654,P06654,AlphaFold,./pdb_files\P06654_AF.pdb,Match,A
P06654,T,237,A,0.07,ProTherm,P06654,"1EM7, 1PGA",,P06654,P06654,AlphaFold,./pdb_files\P06654_AF.pdb,Match,A
P06654,T,237,D,-0.04,ProTherm,P06654,"1EM7, 1PGA",,P06654,P06654,AlphaFold,./pdb_files\P06654_AF.pdb,Match,A
P06654,T,237,E,-0.07,ProTherm,P06654,"1EM7, 1PGA",,P06654,P06654,AlphaFold,./pdb_files\P06654_AF.pdb,Match,A
P06654,T,237,F,-0.27,ProTherm,P06654,"1EM7, 1PGA",,P06654,P06654,AlphaFold,./pdb_files\P06654_AF.pdb,Match,A
P06654,T,237,G,0.42,ProTherm,P06654,"1EM7, 1PGA",,P06654,P06654,AlphaFold,./pdb_files\P06654_AF.pdb,Match,A
P06654,T,237,H,0.09,ProTherm,P06654,"1EM7, 1PGA",,P06654,P06654,AlphaFold,./pdb_files\P06654_AF.pdb,Match,A
P06654,T,237,I,-0.21,ProTherm,P06654,"1EM7, 1PGA",,P06654,P06654,AlphaFold,./pdb_files\P06654_AF.pdb,Match,A
P06654,T,237,K,0.04,ProTherm,P06654,"1EM7, 1PGA",,P06654,P06654,AlphaFold,./pdb_files\P06654_AF.pdb,Match,A
P06654,T,237,L,0.03,ProTherm,P06654,"1EM7, 1PGA",,P06654,P06654,AlphaFold,./pdb_files\P06654_AF.pdb,Match,A
P06654,T,237,M,-0.09,ProTherm,P06654,"1EM7, 1PGA",,P06654,P06654,AlphaFold,./pdb_files\P06654_AF.pdb,Match,A
P06654,T,237,N,0.39,ProTherm,P06654,"1EM7, 1PGA",,P06654,P06654,AlphaFold,./pdb_files\P06654_AF.pdb,Match,A
P06654,T,237,P,1.33,ProTherm,P06654,"1EM7, 1PGA",,P06654,P06654,AlphaFold,./pdb_files\P06654_AF.pdb,Match,A
P06654,T,237,Q,-0.26,ProTherm,P06654,"1EM7, 1PGA",,P06654,P06654,AlphaFold,./pdb_files\P06654_AF.pdb,Match,A
P06654,T,237,R,0.01,ProTherm,P06654,"1EM7, 1PGA",,P06654,P06654,AlphaFold,./pdb_files\P06654_AF.pdb,Match,A
P06654,T,237,S,0.11,ProTherm,P06654,"1EM7, 1PGA",,P06654,P06654,AlphaFold,./pdb_files\P06654_AF.pdb,Match,A
P06654,T,237,V,-0.24,ProTherm,P06654,"1EM7, 1PGA",,P06654,P06654,AlphaFold,./pdb_files\P06654_AF.pdb,Match,A
P06654,T,237,Y,0.32,ProTherm,P06654,"1EM7, 1PGA",,P06654,P06654,AlphaFold,./pdb_files\P06654_AF.pdb,Match,A
P06654,T,242,A,0.02,ProTherm,P06654,"1EM7, 1PGA",,P06654,P06654,AlphaFold,./pdb_files\P06654_AF.pdb,Match,A
P06654,T,242,D,1.43,ProTherm,P06654,"1EM7, 1PGA",,P06654,P06654,AlphaFold,./pdb_files\P06654_AF.pdb,Match,A
P06654,T,242,E,0.64,ProTherm,P06654,"1EM7, 1PGA",,P06654,P06654,AlphaFold,./pdb_files\P06654_AF.pdb,Match,A
P06654,T,242,F,-1.51,ProTherm,P06654,"1EM7, 1PGA",,P06654,P06654,AlphaFold,./pdb_files\P06654_AF.pdb,Match,A
P06654,T,242,G,1.58,ProTherm,P06654,"1EM7, 1PGA",,P06654,P06654,AlphaFold,./pdb_files\P06654_AF.pdb,Match,A
P06654,T,242,H,-0.18,ProTherm,P06654,"1EM7, 1PGA",,P06654,P06654,AlphaFold,./pdb_files\P06654_AF.pdb,Match,A
P06654,T,242,I,-0.42,ProTherm,P06654,"1EM7, 1PGA",,P06654,P06654,AlphaFold,./pdb_files\P06654_AF.pdb,Match,A
P06654,T,242,K,0.03,ProTherm,P06654,"1EM7, 1PGA",,P06654,P06654,AlphaFold,./pdb_files\P06654_AF.pdb,Match,A
P06654,T,242,L,-0.5,ProTherm,P06654,"1EM7, 1PGA",,P06654,P06654,AlphaFold,./pdb_files\P06654_AF.pdb,Match,A
P06654,T,242,M,-0.32,ProTherm,P06654,"1EM7, 1PGA",,P06654,P06654,AlphaFold,./pdb_files\P06654_AF.pdb,Match,A
P06654,T,242,N,0.4,ProTherm,P06654,"1EM7, 1PGA",,P06654,P06654,AlphaFold,./pdb_files\P06654_AF.pdb,Match,A
P06654,T,242,P,2.28,ProTherm,P06654,"1EM7, 1PGA",,P06654,P06654,AlphaFold,./pdb_files\P06654_AF.pdb,Match,A
P06654,T,242,Q,-0.02,ProTherm,P06654,"1EM7, 1PGA",,P06654,P06654,AlphaFold,./pdb_files\P06654_AF.pdb,Match,A
P06654,T,242,R,-0.22,ProTherm,P06654,"1EM7, 1PGA",,P06654,P06654,AlphaFold,./pdb_files\P06654_AF.pdb,Match,A
P06654,T,242,S,0.33,ProTherm,P06654,"1EM7, 1PGA",,P06654,P06654,AlphaFold,./pdb_files\P06654_AF.pdb,Match,A
P06654,T,242,V,0.1,ProTherm,P06654,"1EM7, 1PGA",,P06654,P06654,AlphaFold,./pdb_files\P06654_AF.pdb,Match,A
P06654,T,242,Y,-0.78,ProTherm,P06654,"1EM7, 1PGA",,P06654,P06654,AlphaFold,./pdb_files\P06654_AF.pdb,Match,A
P06654,T,243,A,0.5,ProTherm,P06654,"1EM7, 1PGA",,P06654,P06654,AlphaFold,./pdb_files\P06654_AF.pdb,Match,A
P06654,T,243,D,0.66,ProTherm,P06654,"1EM7, 1PGA",,P06654,P06654,AlphaFold,./pdb_files\P06654_AF.pdb,Match,A
P06654,T,243,E,0.04,ProTherm,P06654,"1EM7, 1PGA",,P06654,P06654,AlphaFold,./pdb_files\P06654_AF.pdb,Match,A
P06654,T,243,F,-0.27,ProTherm,P06654,"1EM7, 1PGA",,P06654,P06654,AlphaFold,./pdb_files\P06654_AF.pdb,Match,A
P06654,T,243,G,1.44,ProTherm,P06654,"1EM7, 1PGA",,P06654,P06654,AlphaFold,./pdb_files\P06654_AF.pdb,Match,A
P06654,T,243,H,0.41,ProTherm,P06654,"1EM7, 1PGA",,P06654,P06654,AlphaFold,./pdb_files\P06654_AF.pdb,Match,A
P06654,T,243,I,0.34,ProTherm,P06654,"1EM7, 1PGA",,P06654,P06654,AlphaFold,./pdb_files\P06654_AF.pdb,Match,A
P06654,T,243,K,0.44,ProTherm,P06654,"1EM7, 1PGA",,P06654,P06654,AlphaFold,./pdb_files\P06654_AF.pdb,Match,A
P06654,T,243,L,0.46,ProTherm,P06654,"1EM7, 1PGA",,P06654,P06654,AlphaFold,./pdb_files\P06654_AF.pdb,Match,A
P06654,T,243,M,0.21,ProTherm,P06654,"1EM7, 1PGA",,P06654,P06654,AlphaFold,./pdb_files\P06654_AF.pdb,Match,A
P06654,T,243,N,0.46,ProTherm,P06654,"1EM7, 1PGA",,P06654,P06654,AlphaFold,./pdb_files\P06654_AF.pdb,Match,A
P06654,T,243,P,2.37,ProTherm,P06654,"1EM7, 1PGA",,P06654,P06654,AlphaFold,./pdb_files\P06654_AF.pdb,Match,A
P06654,T,243,Q,0.08,ProTherm,P06654,"1EM7, 1PGA",,P06654,P06654,AlphaFold,./pdb_files\P06654_AF.pdb,Match,A
P06654,T,243,R,0.07,ProTherm,P06654,"1EM7, 1PGA",,P06654,P06654,AlphaFold,./pdb_files\P06654_AF.pdb,Match,A
P06654,T,243,S,-0.03,ProTherm,P06654,"1EM7, 1PGA",,P06654,P06654,AlphaFold,./pdb_files\P06654_AF.pdb,Match,A
P06654,T,243,V,0.12,ProTherm,P06654,"1EM7, 1PGA",,P06654,P06654,AlphaFold,./pdb_files\P06654_AF.pdb,Match,A
P06654,T,243,Y,-0.21,ProTherm,P06654,"1EM7, 1PGA",,P06654,P06654,AlphaFold,./pdb_files\P06654_AF.pdb,Match,A
P06654,T,244,A,-0.03,ProTherm,P06654,"1EM7, 1PGA",,P06654,P06654,AlphaFold,./pdb_files\P06654_AF.pdb,Match,A
P06654,T,244,D,2.14,ProTherm,P06654,"1EM7, 1PGA",,P06654,P06654,AlphaFold,./pdb_files\P06654_AF.pdb,Match,A
P06654,T,244,E,1.03,ProTherm,P06654,"1EM7, 1PGA",,P06654,P06654,AlphaFold,./pdb_files\P06654_AF.pdb,Match,A
P06654,T,244,F,-0.28,ProTherm,P06654,"1EM7, 1PGA",,P06654,P06654,AlphaFold,./pdb_files\P06654_AF.pdb,Match,A
P06654,T,244,G,2.15,ProTherm,P06654,"1EM7, 1PGA",,P06654,P06654,AlphaFold,./pdb_files\P06654_AF.pdb,Match,A
P06654,T,244,H,0.7,ProTherm,P06654,"1EM7, 1PGA",,P06654,P06654,AlphaFold,./pdb_files\P06654_AF.pdb,Match,A
P06654,T,244,I,-0.4,ProTherm,P06654,"1EM7, 1PGA",,P06654,P06654,AlphaFold,./pdb_files\P06654_AF.pdb,Match,A
P06654,T,244,K,1.24,ProTherm,P06654,"1EM7, 1PGA",,P06654,P06654,AlphaFold,./pdb_files\P06654_AF.pdb,Match,A
P06654,T,244,L,-0.53,ProTherm,P06654,"1EM7, 1PGA",,P06654,P06654,AlphaFold,./pdb_files\P06654_AF.pdb,Match,A
P06654,T,244,M,-0.53,ProTherm,P06654,"1EM7, 1PGA",,P06654,P06654,AlphaFold,./pdb_files\P06654_AF.pdb,Match,A
P06654,T,244,N,1.11,ProTherm,P06654,"1EM7, 1PGA",,P06654,P06654,AlphaFold,./pdb_files\P06654_AF.pdb,Match,A
P06654,T,244,Q,0.93,ProTherm,P06654,"1EM7, 1PGA",,P06654,P06654,AlphaFold,./pdb_files\P06654_AF.pdb,Match,A
P06654,T,244,R,0.72,ProTherm,P06654,"1EM7, 1PGA",,P06654,P06654,AlphaFold,./pdb_files\P06654_AF.pdb,Match,A
P06654,T,244,S,1.14,ProTherm,P06654,"1EM7, 1PGA",,P06654,P06654,AlphaFold,./pdb_files\P06654_AF.pdb,Match,A
P06654,T,244,V,0.17,ProTherm,P06654,"1EM7, 1PGA",,P06654,P06654,AlphaFold,./pdb_files\P06654_AF.pdb,Match,A
P06654,T,244,Y,0.28,ProTherm,P06654,"1EM7, 1PGA",,P06654,P06654,AlphaFold,./pdb_files\P06654_AF.pdb,Match,A
P06654,T,251,A,-0.58,ProTherm,P06654,"1EM7, 1PGA",,P06654,P06654,AlphaFold,./pdb_files\P06654_AF.pdb,Match,A
P06654,T,251,D,0.15,ProTherm,P06654,"1EM7, 1PGA",,P06654,P06654,AlphaFold,./pdb_files\P06654_AF.pdb,Match,A
P06654,T,251,E,-0.09,ProTherm,P06654,"1EM7, 1PGA",,P06654,P06654,AlphaFold,./pdb_files\P06654_AF.pdb,Match,A
P06654,T,251,F,-0.15,ProTherm,P06654,"1EM7, 1PGA",,P06654,P06654,AlphaFold,./pdb_files\P06654_AF.pdb,Match,A
P06654,T,251,G,0.18,ProTherm,P06654,"1EM7, 1PGA",,P06654,P06654,AlphaFold,./pdb_files\P06654_AF.pdb,Match,A
P06654,T,251,H,-0.24,ProTherm,P06654,"1EM7, 1PGA",,P06654,P06654,AlphaFold,./pdb_files\P06654_AF.pdb,Match,A
P06654,T,251,I,0.8,ProTherm,P06654,"1EM7, 1PGA",,P06654,P06654,AlphaFold,./pdb_files\P06654_AF.pdb,Match,A
P06654,T,251,K,0.46,ProTherm,P06654,"1EM7, 1PGA",,P06654,P06654,AlphaFold,./pdb_files\P06654_AF.pdb,Match,A
P06654,T,251,L,0.41,ProTherm,P06654,"1EM7, 1PGA",,P06654,P06654,AlphaFold,./pdb_files\P06654_AF.pdb,Match,A
P06654,T,251,M,0.21,ProTherm,P06654,"1EM7, 1PGA",,P06654,P06654,AlphaFold,./pdb_files\P06654_AF.pdb,Match,A
P06654,T,251,N,0.34,ProTherm,P06654,"1EM7, 1PGA",,P06654,P06654,AlphaFold,./pdb_files\P06654_AF.pdb,Match,A
P06654,T,251,P,2.37,ProTherm,P06654,"1EM7, 1PGA",,P06654,P06654,AlphaFold,./pdb_files\P06654_AF.pdb,Match,A
P06654,T,251,Q,0.01,ProTherm,P06654,"1EM7, 1PGA",,P06654,P06654,AlphaFold,./pdb_files\P06654_AF.pdb,Match,A
P06654,T,251,R,0.42,ProTherm,P06654,"1EM7, 1PGA",,P06654,P06654,AlphaFold,./pdb_files\P06654_AF.pdb,Match,A
P06654,T,251,S,-0.15,ProTherm,P06654,"1EM7, 1PGA",,P06654,P06654,AlphaFold,./pdb_files\P06654_AF.pdb,Match,A
P06654,T,251,V,0.42,ProTherm,P06654,"1EM7, 1PGA",,P06654,P06654,AlphaFold,./pdb_files\P06654_AF.pdb,Match,A
P06654,T,251,Y,0.16,ProTherm,P06654,"1EM7, 1PGA",,P06654,P06654,AlphaFold,./pdb_files\P06654_AF.pdb,Match,A
P06654,T,270,A,-0.28,ProTherm,P06654,"1EM7, 1PGA",,P06654,P06654,AlphaFold,./pdb_files\P06654_AF.pdb,Match,A
P06654,T,270,D,0.44,ProTherm,P06654,"1EM7, 1PGA",,P06654,P06654,AlphaFold,./pdb_files\P06654_AF.pdb,Match,A
P06654,T,270,E,0.12,ProTherm,P06654,"1EM7, 1PGA",,P06654,P06654,AlphaFold,./pdb_files\P06654_AF.pdb,Match,A
P06654,T,270,F,0.35,ProTherm,P06654,"1EM7, 1PGA",,P06654,P06654,AlphaFold,./pdb_files\P06654_AF.pdb,Match,A
P06654,T,270,G,0.47,ProTherm,P06654,"1EM7, 1PGA",,P06654,P06654,AlphaFold,./pdb_files\P06654_AF.pdb,Match,A
P06654,T,270,H,0.09,ProTherm,P06654,"1EM7, 1PGA",,P06654,P06654,AlphaFold,./pdb_files\P06654_AF.pdb,Match,A
P06654,T,270,I,-0.32,ProTherm,P06654,"1EM7, 1PGA",,P06654,P06654,AlphaFold,./pdb_files\P06654_AF.pdb,Match,A
P06654,T,270,K,0.16,ProTherm,P06654,"1EM7, 1PGA",,P06654,P06654,AlphaFold,./pdb_files\P06654_AF.pdb,Match,A
P06654,T,270,L,0.21,ProTherm,P06654,"1EM7, 1PGA",,P06654,P06654,AlphaFold,./pdb_files\P06654_AF.pdb,Match,A
P06654,T,270,M,0.47,ProTherm,P06654,"1EM7, 1PGA",,P06654,P06654,AlphaFold,./pdb_files\P06654_AF.pdb,Match,A
P06654,T,270,N,0.37,ProTherm,P06654,"1EM7, 1PGA",,P06654,P06654,AlphaFold,./pdb_files\P06654_AF.pdb,Match,A
P06654,T,270,Q,0.14,ProTherm,P06654,"1EM7, 1PGA",,P06654,P06654,AlphaFold,./pdb_files\P06654_AF.pdb,Match,A
P06654,T,270,R,0.27,ProTherm,P06654,"1EM7, 1PGA",,P06654,P06654,AlphaFold,./pdb_files\P06654_AF.pdb,Match,A
P06654,T,270,S,0.03,ProTherm,P06654,"1EM7, 1PGA",,P06654,P06654,AlphaFold,./pdb_files\P06654_AF.pdb,Match,A
P06654,T,270,V,0.52,ProTherm,P06654,"1EM7, 1PGA",,P06654,P06654,AlphaFold,./pdb_files\P06654_AF.pdb,Match,A
P06654,T,270,Y,-0.06,ProTherm,P06654,"1EM7, 1PGA",,P06654,P06654,AlphaFold,./pdb_files\P06654_AF.pdb,Match,A
P06654,T,275,A,0.875,ProTherm,P06654,"1EM7, 1PGA",,P06654,P06654,AlphaFold,./pdb_files\P06654_AF.pdb,Match,A
P06654,T,275,D,1.19,ProTherm,P06654,"1EM7, 1PGA",,P06654,P06654,AlphaFold,./pdb_files\P06654_AF.pdb,Match,A
P06654,T,275,E,0.69,ProTherm,P06654,"1EM7, 1PGA",,P06654,P06654,AlphaFold,./pdb_files\P06654_AF.pdb,Match,A
P06654,T,275,F,1.04,ProTherm,P06654,"1EM7, 1PGA",,P06654,P06654,AlphaFold,./pdb_files\P06654_AF.pdb,Match,A
P06654,T,275,G,1.2,ProTherm,P06654,"1EM7, 1PGA",,P06654,P06654,AlphaFold,./pdb_files\P06654_AF.pdb,Match,A
P06654,T,275,H,0.89,ProTherm,P06654,"1EM7, 1PGA",,P06654,P06654,AlphaFold,./pdb_files\P06654_AF.pdb,Match,A
P06654,T,275,I,0.62,ProTherm,P06654,"1EM7, 1PGA",,P06654,P06654,AlphaFold,./pdb_files\P06654_AF.pdb,Match,A
P06654,T,275,K,0.31,ProTherm,P06654,"1EM7, 1PGA",,P06654,P06654,AlphaFold,./pdb_files\P06654_AF.pdb,Match,A
P06654,T,275,L,0.04,ProTherm,P06654,"1EM7, 1PGA",,P06654,P06654,AlphaFold,./pdb_files\P06654_AF.pdb,Match,A
P06654,T,275,M,0.68,ProTherm,P06654,"1EM7, 1PGA",,P06654,P06654,AlphaFold,./pdb_files\P06654_AF.pdb,Match,A
P06654,T,275,N,0.24,ProTherm,P06654,"1EM7, 1PGA",,P06654,P06654,AlphaFold,./pdb_files\P06654_AF.pdb,Match,A
P06654,T,275,Q,0.7,ProTherm,P06654,"1EM7, 1PGA",,P06654,P06654,AlphaFold,./pdb_files\P06654_AF.pdb,Match,A
P06654,T,275,R,0.82,ProTherm,P06654,"1EM7, 1PGA",,P06654,P06654,AlphaFold,./pdb_files\P06654_AF.pdb,Match,A
P06654,T,275,S,0.16,ProTherm,P06654,"1EM7, 1PGA",,P06654,P06654,AlphaFold,./pdb_files\P06654_AF.pdb,Match,A
P06654,T,275,V,0.71,ProTherm,P06654,"1EM7, 1PGA",,P06654,P06654,AlphaFold,./pdb_files\P06654_AF.pdb,Match,A
P06654,T,275,Y,1.17,ProTherm,P06654,"1EM7, 1PGA",,P06654,P06654,AlphaFold,./pdb_files\P06654_AF.pdb,Match,A
P06654,T,277,A,1.28,ProTherm,P06654,"1EM7, 1PGA",,P06654,P06654,AlphaFold,./pdb_files\P06654_AF.pdb,Match,A
P06654,T,277,D,3.76,ProTherm,P06654,"1EM7, 1PGA",,P06654,P06654,AlphaFold,./pdb_files\P06654_AF.pdb,Match,A
P06654,T,277,E,1.06,ProTherm,P06654,"1EM7, 1PGA",,P06654,P06654,AlphaFold,./pdb_files\P06654_AF.pdb,Match,A
P06654,T,277,G,2.81,ProTherm,P06654,"1EM7, 1PGA",,P06654,P06654,AlphaFold,./pdb_files\P06654_AF.pdb,Match,A
P06654,T,277,H,2.49,ProTherm,P06654,"1EM7, 1PGA",,P06654,P06654,AlphaFold,./pdb_files\P06654_AF.pdb,Match,A
P06654,T,277,I,0.6,ProTherm,P06654,"1EM7, 1PGA",,P06654,P06654,AlphaFold,./pdb_files\P06654_AF.pdb,Match,A
P06654,T,277,K,1.68,ProTherm,P06654,"1EM7, 1PGA",,P06654,P06654,AlphaFold,./pdb_files\P06654_AF.pdb,Match,A
P06654,T,277,L,1.36,ProTherm,P06654,"1EM7, 1PGA",,P06654,P06654,AlphaFold,./pdb_files\P06654_AF.pdb,Match,A
P06654,T,277,M,1.27,ProTherm,P06654,"1EM7, 1PGA",,P06654,P06654,AlphaFold,./pdb_files\P06654_AF.pdb,Match,A
P06654,T,277,N,2.54,ProTherm,P06654,"1EM7, 1PGA",,P06654,P06654,AlphaFold,./pdb_files\P06654_AF.pdb,Match,A
P06654,T,277,Q,1.35,ProTherm,P06654,"1EM7, 1PGA",,P06654,P06654,AlphaFold,./pdb_files\P06654_AF.pdb,Match,A
P06654,T,277,R,2.15,ProTherm,P06654,"1EM7, 1PGA",,P06654,P06654,AlphaFold,./pdb_files\P06654_AF.pdb,Match,A
P06654,T,277,S,0.88,ProTherm,P06654,"1EM7, 1PGA",,P06654,P06654,AlphaFold,./pdb_files\P06654_AF.pdb,Match,A
P06654,T,277,V,0.81,ProTherm,P06654,"1EM7, 1PGA",,P06654,P06654,AlphaFold,./pdb_files\P06654_AF.pdb,Match,A
P06654,T,277,Y,1.89,ProTherm,P06654,"1EM7, 1PGA",,P06654,P06654,AlphaFold,./pdb_files\P06654_AF.pdb,Match,A
P06654,T,279,A,1.5,ProTherm,P06654,"1EM7, 1PGA",,P06654,P06654,AlphaFold,./pdb_files\P06654_AF.pdb,Match,A
P06654,T,279,C,-0.78,ProTherm,P06654,"1EM7, 1PGA",,P06654,P06654,AlphaFold,./pdb_files\P06654_AF.pdb,Match,A
P06654,T,279,D,1.99,ProTherm,P06654,"1EM7, 1PGA",,P06654,P06654,AlphaFold,./pdb_files\P06654_AF.pdb,Match,A
P06654,T,279,E,0.84,ProTherm,P06654,"1EM7, 1PGA",,P06654,P06654,AlphaFold,./pdb_files\P06654_AF.pdb,Match,A
P06654,T,279,F,0.44,ProTherm,P06654,"1EM7, 1PGA",,P06654,P06654,AlphaFold,./pdb_files\P06654_AF.pdb,Match,A
P06654,T,279,G,1.21,ProTherm,P06654,"1EM7, 1PGA",,P06654,P06654,AlphaFold,./pdb_files\P06654_AF.pdb,Match,A
P06654,T,279,H,1.4,ProTherm,P06654,"1EM7, 1PGA",,P06654,P06654,AlphaFold,./pdb_files\P06654_AF.pdb,Match,A
P06654,T,279,I,0.52,ProTherm,P06654,"1EM7, 1PGA",,P06654,P06654,AlphaFold,./pdb_files\P06654_AF.pdb,Match,A
P06654,T,279,K,0.79,ProTherm,P06654,"1EM7, 1PGA",,P06654,P06654,AlphaFold,./pdb_files\P06654_AF.pdb,Match,A
P06654,T,279,L,0.71,ProTherm,P06654,"1EM7, 1PGA",,P06654,P06654,AlphaFold,./pdb_files\P06654_AF.pdb,Match,A
P06654,T,279,M,0.33,ProTherm,P06654,"1EM7, 1PGA",,P06654,P06654,AlphaFold,./pdb_files\P06654_AF.pdb,Match,A
P06654,T,279,N,0.93,ProTherm,P06654,"1EM7, 1PGA",,P06654,P06654,AlphaFold,./pdb_files\P06654_AF.pdb,Match,A
P06654,T,279,P,0.65,ProTherm,P06654,"1EM7, 1PGA",,P06654,P06654,AlphaFold,./pdb_files\P06654_AF.pdb,Match,A
P06654,T,279,Q,-0.38,ProTherm,P06654,"1EM7, 1PGA",,P06654,P06654,AlphaFold,./pdb_files\P06654_AF.pdb,Match,A
P06654,T,279,R,0.59,ProTherm,P06654,"1EM7, 1PGA",,P06654,P06654,AlphaFold,./pdb_files\P06654_AF.pdb,Match,A
P06654,T,279,S,0.69,ProTherm,P06654,"1EM7, 1PGA",,P06654,P06654,AlphaFold,./pdb_files\P06654_AF.pdb,Match,A
P06654,T,279,V,0.53,ProTherm,P06654,"1EM7, 1PGA",,P06654,P06654,AlphaFold,./pdb_files\P06654_AF.pdb,Match,A
P06654,T,279,W,-1.04,ProTherm,P06654,"1EM7, 1PGA",,P06654,P06654,AlphaFold,./pdb_files\P06654_AF.pdb,Match,A
P06654,T,279,Y,0.23,ProTherm,P06654,"1EM7, 1PGA",,P06654,P06654,AlphaFold,./pdb_files\P06654_AF.pdb,Match,A
P06654,T,281,A,1.0,ProTherm,P06654,"1EM7, 1PGA",,P06654,P06654,AlphaFold,./pdb_files\P06654_AF.pdb,Match,A
P06654,T,281,D,0.65,ProTherm,P06654,"1EM7, 1PGA",,P06654,P06654,AlphaFold,./pdb_files\P06654_AF.pdb,Match,A
P06654,T,281,E,0.76,ProTherm,P06654,"1EM7, 1PGA",,P06654,P06654,AlphaFold,./pdb_files\P06654_AF.pdb,Match,A
P06654,T,281,F,0.6,ProTherm,P06654,"1EM7, 1PGA",,P06654,P06654,AlphaFold,./pdb_files\P06654_AF.pdb,Match,A
P06654,T,281,G,1.33,ProTherm,P06654,"1EM7, 1PGA",,P06654,P06654,AlphaFold,./pdb_files\P06654_AF.pdb,Match,A
P06654,T,281,H,1.03,ProTherm,P06654,"1EM7, 1PGA",,P06654,P06654,AlphaFold,./pdb_files\P06654_AF.pdb,Match,A
P06654,T,281,I,0.63,ProTherm,P06654,"1EM7, 1PGA",,P06654,P06654,AlphaFold,./pdb_files\P06654_AF.pdb,Match,A
P06654,T,281,K,1.18,ProTherm,P06654,"1EM7, 1PGA",,P06654,P06654,AlphaFold,./pdb_files\P06654_AF.pdb,Match,A
P06654,T,281,L,0.61,ProTherm,P06654,"1EM7, 1PGA",,P06654,P06654,AlphaFold,./pdb_files\P06654_AF.pdb,Match,A
P06654,T,281,M,0.88,ProTherm,P06654,"1EM7, 1PGA",,P06654,P06654,AlphaFold,./pdb_files\P06654_AF.pdb,Match,A
P06654,T,281,N,-0.05,ProTherm,P06654,"1EM7, 1PGA",,P06654,P06654,AlphaFold,./pdb_files\P06654_AF.pdb,Match,A
P06654,T,281,Q,0.35,ProTherm,P06654,"1EM7, 1PGA",,P06654,P06654,AlphaFold,./pdb_files\P06654_AF.pdb,Match,A
P06654,T,281,R,0.42,ProTherm,P06654,"1EM7, 1PGA",,P06654,P06654,AlphaFold,./pdb_files\P06654_AF.pdb,Match,A
P06654,T,281,S,-0.11,ProTherm,P06654,"1EM7, 1PGA",,P06654,P06654,AlphaFold,./pdb_files\P06654_AF.pdb,Match,A
P06654,T,281,V,0.63,ProTherm,P06654,"1EM7, 1PGA",,P06654,P06654,AlphaFold,./pdb_files\P06654_AF.pdb,Match,A
P06654,T,281,Y,0.55,ProTherm,P06654,"1EM7, 1PGA",,P06654,P06654,AlphaFold,./pdb_files\P06654_AF.pdb,Match,A
P06654,V,247,A,-0.11,ProTherm,P06654,"1EM7, 1PGA",,P06654,P06654,AlphaFold,./pdb_files\P06654_AF.pdb,Match,A
P06654,V,247,D,-0.13,ProTherm,P06654,"1EM7, 1PGA",,P06654,P06654,AlphaFold,./pdb_files\P06654_AF.pdb,Match,A
P06654,V,247,E,-0.43,ProTherm,P06654,"1EM7, 1PGA",,P06654,P06654,AlphaFold,./pdb_files\P06654_AF.pdb,Match,A
P06654,V,247,F,-0.88,ProTherm,P06654,"1EM7, 1PGA",,P06654,P06654,AlphaFold,./pdb_files\P06654_AF.pdb,Match,A
P06654,V,247,G,0.16,ProTherm,P06654,"1EM7, 1PGA",,P06654,P06654,AlphaFold,./pdb_files\P06654_AF.pdb,Match,A
P06654,V,247,H,0.21,ProTherm,P06654,"1EM7, 1PGA",,P06654,P06654,AlphaFold,./pdb_files\P06654_AF.pdb,Match,A
P06654,V,247,I,-0.13,ProTherm,P06654,"1EM7, 1PGA",,P06654,P06654,AlphaFold,./pdb_files\P06654_AF.pdb,Match,A
P06654,V,247,K,-0.13,ProTherm,P06654,"1EM7, 1PGA",,P06654,P06654,AlphaFold,./pdb_files\P06654_AF.pdb,Match,A
P06654,V,247,L,-0.02,ProTherm,P06654,"1EM7, 1PGA",,P06654,P06654,AlphaFold,./pdb_files\P06654_AF.pdb,Match,A
P06654,V,247,M,-0.25,ProTherm,P06654,"1EM7, 1PGA",,P06654,P06654,AlphaFold,./pdb_files\P06654_AF.pdb,Match,A
P06654,V,247,N,-0.14,ProTherm,P06654,"1EM7, 1PGA",,P06654,P06654,AlphaFold,./pdb_files\P06654_AF.pdb,Match,A
P06654,V,247,P,-0.39,ProTherm,P06654,"1EM7, 1PGA",,P06654,P06654,AlphaFold,./pdb_files\P06654_AF.pdb,Match,A
P06654,V,247,Q,0.21,ProTherm,P06654,"1EM7, 1PGA",,P06654,P06654,AlphaFold,./pdb_files\P06654_AF.pdb,Match,A
P06654,V,247,R,-0.14,ProTherm,P06654,"1EM7, 1PGA",,P06654,P06654,AlphaFold,./pdb_files\P06654_AF.pdb,Match,A
P06654,V,247,S,-0.11,ProTherm,P06654,"1EM7, 1PGA",,P06654,P06654,AlphaFold,./pdb_files\P06654_AF.pdb,Match,A
P06654,V,247,T,0.27,ProTherm,P06654,"1EM7, 1PGA",,P06654,P06654,AlphaFold,./pdb_files\P06654_AF.pdb,Match,A
P06654,V,247,Y,-0.27,ProTherm,P06654,"1EM7, 1PGA",,P06654,P06654,AlphaFold,./pdb_files\P06654_AF.pdb,Match,A
P06654,V,255,A,0.1,ProTherm,P06654,"1EM7, 1PGA",,P06654,P06654,AlphaFold,./pdb_files\P06654_AF.pdb,Match,A
P06654,V,255,D,0.52,ProTherm,P06654,"1EM7, 1PGA",,P06654,P06654,AlphaFold,./pdb_files\P06654_AF.pdb,Match,A
P06654,V,255,E,0.25,ProTherm,P06654,"1EM7, 1PGA",,P06654,P06654,AlphaFold,./pdb_files\P06654_AF.pdb,Match,A
P06654,V,255,F,-0.07,ProTherm,P06654,"1EM7, 1PGA",,P06654,P06654,AlphaFold,./pdb_files\P06654_AF.pdb,Match,A
P06654,V,255,G,1.18,ProTherm,P06654,"1EM7, 1PGA",,P06654,P06654,AlphaFold,./pdb_files\P06654_AF.pdb,Match,A
P06654,V,255,H,0.2,ProTherm,P06654,"1EM7, 1PGA",,P06654,P06654,AlphaFold,./pdb_files\P06654_AF.pdb,Match,A
P06654,V,255,I,-0.17,ProTherm,P06654,"1EM7, 1PGA",,P06654,P06654,AlphaFold,./pdb_files\P06654_AF.pdb,Match,A
P06654,V,255,K,0.02,ProTherm,P06654,"1EM7, 1PGA",,P06654,P06654,AlphaFold,./pdb_files\P06654_AF.pdb,Match,A
P06654,V,255,L,0.11,ProTherm,P06654,"1EM7, 1PGA",,P06654,P06654,AlphaFold,./pdb_files\P06654_AF.pdb,Match,A
P06654,V,255,M,0.17,ProTherm,P06654,"1EM7, 1PGA",,P06654,P06654,AlphaFold,./pdb_files\P06654_AF.pdb,Match,A
P06654,V,255,N,0.59,ProTherm,P06654,"1EM7, 1PGA",,P06654,P06654,AlphaFold,./pdb_files\P06654_AF.pdb,Match,A
P06654,V,255,P,3.02,ProTherm,P06654,"1EM7, 1PGA",,P06654,P06654,AlphaFold,./pdb_files\P06654_AF.pdb,Match,A
P06654,V,255,Q,-0.1,ProTherm,P06654,"1EM7, 1PGA",,P06654,P06654,AlphaFold,./pdb_files\P06654_AF.pdb,Match,A
P06654,V,255,R,-0.1,ProTherm,P06654,"1EM7, 1PGA",,P06654,P06654,AlphaFold,./pdb_files\P06654_AF.pdb,Match,A
P06654,V,255,S,0.46,ProTherm,P06654,"1EM7, 1PGA",,P06654,P06654,AlphaFold,./pdb_files\P06654_AF.pdb,Match,A
P06654,V,255,T,-0.21,ProTherm,P06654,"1EM7, 1PGA",,P06654,P06654,AlphaFold,./pdb_files\P06654_AF.pdb,Match,A
P06654,V,255,Y,0.52,ProTherm,P06654,"1EM7, 1PGA",,P06654,P06654,AlphaFold,./pdb_files\P06654_AF.pdb,Match,A
P06654,V,265,A,2.09,ProTherm,P06654,"1EM7, 1PGA",,P06654,P06654,AlphaFold,./pdb_files\P06654_AF.pdb,Match,A
P06654,V,265,D,3.93,ProTherm,P06654,"1EM7, 1PGA",,P06654,P06654,AlphaFold,./pdb_files\P06654_AF.pdb,Match,A
P06654,V,265,E,0.8,ProTherm,P06654,"1EM7, 1PGA",,P06654,P06654,AlphaFold,./pdb_files\P06654_AF.pdb,Match,A
P06654,V,265,F,-0.35,ProTherm,P06654,"1EM7, 1PGA",,P06654,P06654,AlphaFold,./pdb_files\P06654_AF.pdb,Match,A
P06654,V,265,G,2.66,ProTherm,P06654,"1EM7, 1PGA",,P06654,P06654,AlphaFold,./pdb_files\P06654_AF.pdb,Match,A
P06654,V,265,H,1.87,ProTherm,P06654,"1EM7, 1PGA",,P06654,P06654,AlphaFold,./pdb_files\P06654_AF.pdb,Match,A
P06654,V,265,I,-0.53,ProTherm,P06654,"1EM7, 1PGA",,P06654,P06654,AlphaFold,./pdb_files\P06654_AF.pdb,Match,A
P06654,V,265,K,2.25,ProTherm,P06654,"1EM7, 1PGA",,P06654,P06654,AlphaFold,./pdb_files\P06654_AF.pdb,Match,A
P06654,V,265,L,0.09,ProTherm,P06654,"1EM7, 1PGA",,P06654,P06654,AlphaFold,./pdb_files\P06654_AF.pdb,Match,A
P06654,V,265,M,0.61,ProTherm,P06654,"1EM7, 1PGA",,P06654,P06654,AlphaFold,./pdb_files\P06654_AF.pdb,Match,A
P06654,V,265,P,2.65,ProTherm,P06654,"1EM7, 1PGA",,P06654,P06654,AlphaFold,./pdb_files\P06654_AF.pdb,Match,A
P06654,V,265,Q,1.85,ProTherm,P06654,"1EM7, 1PGA",,P06654,P06654,AlphaFold,./pdb_files\P06654_AF.pdb,Match,A
P06654,V,265,R,2.35,ProTherm,P06654,"1EM7, 1PGA",,P06654,P06654,AlphaFold,./pdb_files\P06654_AF.pdb,Match,A
P06654,V,265,S,2.0,ProTherm,P06654,"1EM7, 1PGA",,P06654,P06654,AlphaFold,./pdb_files\P06654_AF.pdb,Match,A
P06654,V,265,T,1.5,ProTherm,P06654,"1EM7, 1PGA",,P06654,P06654,AlphaFold,./pdb_files\P06654_AF.pdb,Match,A
P06654,V,265,Y,0.87,ProTherm,P06654,"1EM7, 1PGA",,P06654,P06654,AlphaFold,./pdb_files\P06654_AF.pdb,Match,A
P06654,V,280,D,3.01,ProTherm,P06654,"1EM7, 1PGA",,P06654,P06654,AlphaFold,./pdb_files\P06654_AF.pdb,Match,A
P06654,V,280,F,2.12,ProTherm,P06654,"1EM7, 1PGA",,P06654,P06654,AlphaFold,./pdb_files\P06654_AF.pdb,Match,A
P06654,V,280,I,0.04,ProTherm,P06654,"1EM7, 1PGA",,P06654,P06654,AlphaFold,./pdb_files\P06654_AF.pdb,Match,A
P06654,V,280,L,0.47,ProTherm,P06654,"1EM7, 1PGA",,P06654,P06654,AlphaFold,./pdb_files\P06654_AF.pdb,Match,A
P06654,V,280,M,1.02,ProTherm,P06654,"1EM7, 1PGA",,P06654,P06654,AlphaFold,./pdb_files\P06654_AF.pdb,Match,A
P06654,V,280,P,0.04,ProTherm,P06654,"1EM7, 1PGA",,P06654,P06654,AlphaFold,./pdb_files\P06654_AF.pdb,Match,A
P06654,V,280,Q,3.24,ProTherm,P06654,"1EM7, 1PGA",,P06654,P06654,AlphaFold,./pdb_files\P06654_AF.pdb,Match,A
P06654,V,280,S,1.69,ProTherm,P06654,"1EM7, 1PGA",,P06654,P06654,AlphaFold,./pdb_files\P06654_AF.pdb,Match,A
P06654,V,280,T,1.91,ProTherm,P06654,"1EM7, 1PGA",,P06654,P06654,AlphaFold,./pdb_files\P06654_AF.pdb,Match,A
P06654,V,280,Y,2.17,ProTherm,P06654,"1EM7, 1PGA",,P06654,P06654,AlphaFold,./pdb_files\P06654_AF.pdb,Match,A
P06654,Y,229,F,-0.05,ProTherm,P06654,"1EM7, 1PGA",,P06654,P06654,AlphaFold,./pdb_files\P06654_AF.pdb,Match,A
P06654,Y,229,G,1.93,ProTherm,P06654,"1EM7, 1PGA",,P06654,P06654,AlphaFold,./pdb_files\P06654_AF.pdb,Match,A
P06654,Y,229,I,3.66,ProTherm,P06654,"1EM7, 1PGA",,P06654,P06654,AlphaFold,./pdb_files\P06654_AF.pdb,Match,A
P06654,Y,229,K,-0.54,ProTherm,P06654,"1EM7, 1PGA",,P06654,P06654,AlphaFold,./pdb_files\P06654_AF.pdb,Match,A
P06654,Y,229,L,3.66,ProTherm,P06654,"1EM7, 1PGA",,P06654,P06654,AlphaFold,./pdb_files\P06654_AF.pdb,Match,A
P06654,Y,229,M,2.87,ProTherm,P06654,"1EM7, 1PGA",,P06654,P06654,AlphaFold,./pdb_files\P06654_AF.pdb,Match,A
P06654,Y,229,R,1.73,ProTherm,P06654,"1EM7, 1PGA",,P06654,P06654,AlphaFold,./pdb_files\P06654_AF.pdb,Match,A
P06654,Y,259,A,1.92,ProTherm,P06654,"1EM7, 1PGA",,P06654,P06654,AlphaFold,./pdb_files\P06654_AF.pdb,Match,A
P06654,Y,259,E,2.08,ProTherm,P06654,"1EM7, 1PGA",,P06654,P06654,AlphaFold,./pdb_files\P06654_AF.pdb,Match,A
P06654,Y,259,F,0.17,ProTherm,P06654,"1EM7, 1PGA",,P06654,P06654,AlphaFold,./pdb_files\P06654_AF.pdb,Match,A
P06654,Y,259,G,3.82,ProTherm,P06654,"1EM7, 1PGA",,P06654,P06654,AlphaFold,./pdb_files\P06654_AF.pdb,Match,A
P06654,Y,259,H,1.8,ProTherm,P06654,"1EM7, 1PGA",,P06654,P06654,AlphaFold,./pdb_files\P06654_AF.pdb,Match,A
P06654,Y,259,I,0.53,ProTherm,P06654,"1EM7, 1PGA",,P06654,P06654,AlphaFold,./pdb_files\P06654_AF.pdb,Match,A
P06654,Y,259,K,1.79,ProTherm,P06654,"1EM7, 1PGA",,P06654,P06654,AlphaFold,./pdb_files\P06654_AF.pdb,Match,A
P06654,Y,259,L,1.15,ProTherm,P06654,"1EM7, 1PGA",,P06654,P06654,AlphaFold,./pdb_files\P06654_AF.pdb,Match,A
P06654,Y,259,M,0.83,ProTherm,P06654,"1EM7, 1PGA",,P06654,P06654,AlphaFold,./pdb_files\P06654_AF.pdb,Match,A
P06654,Y,259,N,2.25,ProTherm,P06654,"1EM7, 1PGA",,P06654,P06654,AlphaFold,./pdb_files\P06654_AF.pdb,Match,A
P06654,Y,259,Q,1.6,ProTherm,P06654,"1EM7, 1PGA",,P06654,P06654,AlphaFold,./pdb_files\P06654_AF.pdb,Match,A
P06654,Y,259,R,2.16,ProTherm,P06654,"1EM7, 1PGA",,P06654,P06654,AlphaFold,./pdb_files\P06654_AF.pdb,Match,A
P06654,Y,259,S,2.38,ProTherm,P06654,"1EM7, 1PGA",,P06654,P06654,AlphaFold,./pdb_files\P06654_AF.pdb,Match,A
P06654,Y,259,T,1.93,ProTherm,P06654,"1EM7, 1PGA",,P06654,P06654,AlphaFold,./pdb_files\P06654_AF.pdb,Match,A
P06654,Y,259,V,0.7,ProTherm,P06654,"1EM7, 1PGA",,P06654,P06654,AlphaFold,./pdb_files\P06654_AF.pdb,Match,A
P06654,Y,271,D,1.52,ProTherm,P06654,"1EM7, 1PGA",,P06654,P06654,AlphaFold,./pdb_files\P06654_AF.pdb,Match,A
P06654,Y,271,F,0.38,ProTherm,P06654,"1EM7, 1PGA",,P06654,P06654,AlphaFold,./pdb_files\P06654_AF.pdb,Match,A
P06654,Y,271,I,2.51,ProTherm,P06654,"1EM7, 1PGA",,P06654,P06654,AlphaFold,./pdb_files\P06654_AF.pdb,Match,A
P06654,Y,271,K,3.45,ProTherm,P06654,"1EM7, 1PGA",,P06654,P06654,AlphaFold,./pdb_files\P06654_AF.pdb,Match,A
P06654,Y,271,L,2.06,ProTherm,P06654,"1EM7, 1PGA",,P06654,P06654,AlphaFold,./pdb_files\P06654_AF.pdb,Match,A
P06654,Y,271,M,2.76,ProTherm,P06654,"1EM7, 1PGA",,P06654,P06654,AlphaFold,./pdb_files\P06654_AF.pdb,Match,A
P06654,Y,271,R,2.47,ProTherm,P06654,"1EM7, 1PGA",,P06654,P06654,AlphaFold,./pdb_files\P06654_AF.pdb,Match,A
P06654,Y,271,S,3.3,ProTherm,P06654,"1EM7, 1PGA",,P06654,P06654,AlphaFold,./pdb_files\P06654_AF.pdb,Match,A
P06654,Y,271,V,2.78,ProTherm,P06654,"1EM7, 1PGA",,P06654,P06654,AlphaFold,./pdb_files\P06654_AF.pdb,Match,A
P06876,V,103,L,-0.48,ProTherm,P06876,1MBG,,P06876,P06876,AlphaFold,./pdb_files\P06876_AF.pdb,Match,A
P07107,A,10,G,1.905,ProTherm,P07107,2ABD,,P07107,P07107,AlphaFold,./pdb_files\P07107_AF.pdb,Match,A
P07107,A,35,G,1.3250000000000002,ProTherm,P07107,2ABD,,P07107,P07107,AlphaFold,./pdb_files\P07107_AF.pdb,Match,A
P07107,A,70,G,1.55,ProTherm,P07107,2ABD,,P07107,P07107,AlphaFold,./pdb_files\P07107_AF.pdb,Match,A
P07107,D,22,H,0.56,ProTherm,P07107,2ABD,,P07107,P07107,AlphaFold,./pdb_files\P07107_AF.pdb,Match,A
P07107,E,68,A,0.5800000000000001,ProTherm,P07107,2ABD,,P07107,P07107,AlphaFold,./pdb_files\P07107_AF.pdb,Match,A
P07107,F,27,A,1.53,ProTherm,P07107,2ABD,,P07107,P07107,AlphaFold,./pdb_files\P07107_AF.pdb,Match,A
P07107,F,6,A,2.575,ProTherm,P07107,2ABD,,P07107,P07107,AlphaFold,./pdb_files\P07107_AF.pdb,Match,A
P07107,I,40,A,1.06,ProTherm,P07107,2ABD,,P07107,P07107,AlphaFold,./pdb_files\P07107_AF.pdb,Match,A
P07107,I,75,A,1.34,ProTherm,P07107,2ABD,,P07107,P07107,AlphaFold,./pdb_files\P07107_AF.pdb,Match,A
P07107,K,33,A,1.315,ProTherm,P07107,2ABD,,P07107,P07107,AlphaFold,./pdb_files\P07107_AF.pdb,Match,A
P07107,K,33,E,1.575,ProTherm,P07107,2ABD,,P07107,P07107,AlphaFold,./pdb_files\P07107_AF.pdb,Match,A
P07107,K,33,R,2.0250000000000004,ProTherm,P07107,2ABD,,P07107,P07107,AlphaFold,./pdb_files\P07107_AF.pdb,Match,A
P07107,K,53,M,-0.3299999999999999,ProTherm,P07107,2ABD,,P07107,P07107,AlphaFold,./pdb_files\P07107_AF.pdb,Match,A
P07107,K,55,A,1.135,ProTherm,P07107,2ABD,,P07107,P07107,AlphaFold,./pdb_files\P07107_AF.pdb,Match,A
P07107,L,16,A,3.335,ProTherm,P07107,2ABD,,P07107,P07107,AlphaFold,./pdb_files\P07107_AF.pdb,Match,A
P07107,L,26,A,1.52,ProTherm,P07107,2ABD,,P07107,P07107,AlphaFold,./pdb_files\P07107_AF.pdb,Match,A
P07107,L,81,A,4.135,ProTherm,P07107,2ABD,,P07107,P07107,AlphaFold,./pdb_files\P07107_AF.pdb,Match,A
P07107,P,20,A,0.99,ProTherm,P07107,2ABD,,P07107,P07107,AlphaFold,./pdb_files\P07107_AF.pdb,Match,A
P07107,P,45,A,1.315,ProTherm,P07107,2ABD,,P07107,P07107,AlphaFold,./pdb_files\P07107_AF.pdb,Match,A
P07107,Q,34,A,3.345,ProTherm,P07107,2ABD,,P07107,P07107,AlphaFold,./pdb_files\P07107_AF.pdb,Match,A
P07107,T,36,A,1.185,ProTherm,P07107,2ABD,,P07107,P07107,AlphaFold,./pdb_files\P07107_AF.pdb,Match,A
P07107,V,13,A,1.595,ProTherm,P07107,2ABD,,P07107,P07107,AlphaFold,./pdb_files\P07107_AF.pdb,Match,A
P07107,V,78,A,1.34,ProTherm,P07107,2ABD,,P07107,P07107,AlphaFold,./pdb_files\P07107_AF.pdb,Match,A
P07107,Y,29,A,2.495,ProTherm,P07107,2ABD,,P07107,P07107,AlphaFold,./pdb_files\P07107_AF.pdb,Match,A
P07107,Y,29,F,1.16,ProTherm,P07107,2ABD,,P07107,P07107,AlphaFold,./pdb_files\P07107_AF.pdb,Match,A
P07107,Y,29,N,2.35,ProTherm,P07107,2ABD,,P07107,P07107,AlphaFold,./pdb_files\P07107_AF.pdb,Match,A
P07107,Y,32,N,1.245,ProTherm,P07107,2ABD,,P07107,P07107,AlphaFold,./pdb_files\P07107_AF.pdb,Match,A
P07107,Y,74,A,4.67,ProTherm,P07107,2ABD,,P07107,P07107,AlphaFold,./pdb_files\P07107_AF.pdb,Match,A
P07107,Y,74,F,-0.15,ProTherm,P07107,2ABD,,P07107,P07107,AlphaFold,./pdb_files\P07107_AF.pdb,Match,A
P07170,I,215,F,1.91,ProTherm,P07170,2AKY,,P07170,P07170,AlphaFold,./pdb_files\P07170_AF.pdb,Match,A
P07170,N,171,D,2.15,ProTherm,P07170,2AKY,,P07170,P07170,AlphaFold,./pdb_files\P07170_AF.pdb,Match,A
P07170,T,79,H,2.15,ProTherm,P07170,2AKY,,P07170,P07170,AlphaFold,./pdb_files\P07170_AF.pdb,Match,A
P07170,V,10,I,1.2,ProTherm,P07170,2AKY,,P07170,P07170,AlphaFold,./pdb_files\P07170_AF.pdb,Match,A
P07311,A,29,E,-0.41,ProTherm,P07311,2K7J,,P07311,P07311,AlphaFold,./pdb_files\P07311_AF.pdb,Match,A
P07311,E,30,D,3.47,ProTherm,P07311,2K7J,,P07311,P07311,AlphaFold,./pdb_files\P07311_AF.pdb,Match,A
P07311,E,84,D,1.51,ProTherm,P07311,2K7J,,P07311,P07311,AlphaFold,./pdb_files\P07311_AF.pdb,Match,A
P07311,F,23,L,1.29,ProTherm,P07311,2K7J,,P07311,P07311,AlphaFold,./pdb_files\P07311_AF.pdb,Match,A
P07311,F,95,L,4.33,ProTherm,P07311,2K7J,,P07311,P07311,AlphaFold,./pdb_files\P07311_AF.pdb,Match,A
P07311,G,31,A,-1.74,ProTherm,P07311,2K7J,,P07311,P07311,AlphaFold,./pdb_files\P07311_AF.pdb,Match,A
P07311,G,46,A,1.72,ProTherm,P07311,2K7J,,P07311,P07311,AlphaFold,./pdb_files\P07311_AF.pdb,Match,A
P07311,I,76,V,1.41,ProTherm,P07311,2K7J,,P07311,P07311,AlphaFold,./pdb_files\P07311_AF.pdb,Match,A
P07311,I,87,V,1.77,ProTherm,P07311,2K7J,,P07311,P07311,AlphaFold,./pdb_files\P07311_AF.pdb,Match,A
P07311,L,90,A,1.67,ProTherm,P07311,2K7J,,P07311,P07311,AlphaFold,./pdb_files\P07311_AF.pdb,Match,A
P07311,M,62,A,3.97,ProTherm,P07311,2K7J,,P07311,P07311,AlphaFold,./pdb_files\P07311_AF.pdb,Match,A
P07311,P,55,A,0.45,ProTherm,P07311,2K7J,,P07311,P07311,AlphaFold,./pdb_files\P07311_AF.pdb,Match,A
P07311,P,72,A,1.6,ProTherm,P07311,2K7J,,P07311,P07311,AlphaFold,./pdb_files\P07311_AF.pdb,Match,A
P07311,T,43,A,1.84,ProTherm,P07311,2K7J,,P07311,P07311,AlphaFold,./pdb_files\P07311_AF.pdb,Match,A
P07311,V,18,A,1.84,ProTherm,P07311,2K7J,,P07311,P07311,AlphaFold,./pdb_files\P07311_AF.pdb,Match,A
P07311,V,21,A,0.29,ProTherm,P07311,2K7J,,P07311,P07311,AlphaFold,./pdb_files\P07311_AF.pdb,Match,A
P07311,V,37,A,2.53,ProTherm,P07311,2K7J,,P07311,P07311,AlphaFold,./pdb_files\P07311_AF.pdb,Match,A
P07311,V,40,A,1.63,ProTherm,P07311,2K7J,,P07311,P07311,AlphaFold,./pdb_files\P07311_AF.pdb,Match,A
P07311,V,48,A,1.86,ProTherm,P07311,2K7J,,P07311,P07311,AlphaFold,./pdb_files\P07311_AF.pdb,Match,A
P07311,W,39,F,0.02,ProTherm,P07311,2K7J,,P07311,P07311,AlphaFold,./pdb_files\P07311_AF.pdb,Match,A
P07311,W,65,A,1.51,ProTherm,P07311,2K7J,,P07311,P07311,AlphaFold,./pdb_files\P07311_AF.pdb,Match,A
P07311,Y,12,F,-0.43,ProTherm,P07311,2K7J,,P07311,P07311,AlphaFold,./pdb_files\P07311_AF.pdb,Match,A
P07311,Y,12,I,2.22,ProTherm,P07311,2K7J,,P07311,P07311,AlphaFold,./pdb_files\P07311_AF.pdb,Match,A
P07320,L,145,A,1.2999999999999998,ProTherm,P07320,1HK0,,P07320,P07320,AlphaFold,./pdb_files\P07320_AF.pdb,Match,A
P07320,M,147,A,0.55,ProTherm,P07320,1HK0,,P07320,P07320,AlphaFold,./pdb_files\P07320_AF.pdb,Match,A
P07320,M,44,A,0.35,ProTherm,P07320,1HK0,,P07320,P07320,AlphaFold,./pdb_files\P07320_AF.pdb,Match,A
P07320,R,80,A,1.15,ProTherm,P07320,1HK0,,P07320,P07320,AlphaFold,./pdb_files\P07320_AF.pdb,Match,A
P07320,V,132,A,1.9,ProTherm,P07320,1HK0,,P07320,P07320,AlphaFold,./pdb_files\P07320_AF.pdb,Match,A
P07320,V,170,A,-1.3,ProTherm,P07320,1HK0,,P07320,P07320,AlphaFold,./pdb_files\P07320_AF.pdb,Match,A
P07445,Y,16,S,-11.9,ProTherm,P07445,1OH0,,P07445,P07445,AlphaFold,./pdb_files\P07445_AF.pdb,Match,A
P07445,Y,32,S,-13.7,ProTherm,P07445,1OH0,,P07445,P07445,AlphaFold,./pdb_files\P07445_AF.pdb,Match,A
P07445,Y,57,S,-9.5,ProTherm,P07445,1OH0,,P07445,P07445,AlphaFold,./pdb_files\P07445_AF.pdb,Match,A
P07751,A,1696,G,0.5900000000000001,ProTherm,P07751,"1SHG, 1U4Q, 1AJ3, 1CUN",,P07751,P07751,AlphaFold,./pdb_files\P07751_AF.pdb,Match,A
P07751,A,1710,G,1.27,ProTherm,P07751,"1SHG, 1U4Q, 1AJ3, 1CUN",,P07751,P07751,AlphaFold,./pdb_files\P07751_AF.pdb,Match,A
P07751,A,1714,G,1.34,ProTherm,P07751,"1SHG, 1U4Q, 1AJ3, 1CUN",,P07751,P07751,AlphaFold,./pdb_files\P07751_AF.pdb,Match,A
P07751,A,1726,G,1.48,ProTherm,P07751,"1SHG, 1U4Q, 1AJ3, 1CUN",,P07751,P07751,AlphaFold,./pdb_files\P07751_AF.pdb,Match,A
P07751,A,1758,G,3.84,ProTherm,P07751,"1SHG, 1U4Q, 1AJ3, 1CUN",,P07751,P07751,AlphaFold,./pdb_files\P07751_AF.pdb,Match,A
P07751,A,1760,G,1.38,ProTherm,P07751,"1SHG, 1U4Q, 1AJ3, 1CUN",,P07751,P07751,AlphaFold,./pdb_files\P07751_AF.pdb,Match,A
P07751,A,1763,G,1.15,ProTherm,P07751,"1SHG, 1U4Q, 1AJ3, 1CUN",,P07751,P07751,AlphaFold,./pdb_files\P07751_AF.pdb,Match,A
P07751,A,1816,G,1.1,ProTherm,P07751,"1SHG, 1U4Q, 1AJ3, 1CUN",,P07751,P07751,AlphaFold,./pdb_files\P07751_AF.pdb,Match,A
P07751,A,1819,G,1.1,ProTherm,P07751,"1SHG, 1U4Q, 1AJ3, 1CUN",,P07751,P07751,AlphaFold,./pdb_files\P07751_AF.pdb,Match,A
P07751,A,1851,G,1.1,ProTherm,P07751,"1SHG, 1U4Q, 1AJ3, 1CUN",,P07751,P07751,AlphaFold,./pdb_files\P07751_AF.pdb,Match,A
P07751,A,1864,G,2.6,ProTherm,P07751,"1SHG, 1U4Q, 1AJ3, 1CUN",,P07751,P07751,AlphaFold,./pdb_files\P07751_AF.pdb,Match,A
P07751,A,1865,G,1.8,ProTherm,P07751,"1SHG, 1U4Q, 1AJ3, 1CUN",,P07751,P07751,AlphaFold,./pdb_files\P07751_AF.pdb,Match,A
P07751,D,1011,G,-0.81,ProTherm,P07751,"1SHG, 1U4Q, 1AJ3, 1CUN",,P07751,P07751,AlphaFold,./pdb_files\P07751_AF.pdb,Match,A
P07751,D,1717,A,-0.07,ProTherm,P07751,"1SHG, 1U4Q, 1AJ3, 1CUN",,P07751,P07751,AlphaFold,./pdb_files\P07751_AF.pdb,Match,A
P07751,D,1717,G,0.45,ProTherm,P07751,"1SHG, 1U4Q, 1AJ3, 1CUN",,P07751,P07751,AlphaFold,./pdb_files\P07751_AF.pdb,Match,A
P07751,D,1742,A,0.02,ProTherm,P07751,"1SHG, 1U4Q, 1AJ3, 1CUN",,P07751,P07751,AlphaFold,./pdb_files\P07751_AF.pdb,Match,A
P07751,D,1742,G,0.98,ProTherm,P07751,"1SHG, 1U4Q, 1AJ3, 1CUN",,P07751,P07751,AlphaFold,./pdb_files\P07751_AF.pdb,Match,A
P07751,D,1779,A,0.2,ProTherm,P07751,"1SHG, 1U4Q, 1AJ3, 1CUN",,P07751,P07751,AlphaFold,./pdb_files\P07751_AF.pdb,Match,A
P07751,D,1779,G,1.2,ProTherm,P07751,"1SHG, 1U4Q, 1AJ3, 1CUN",,P07751,P07751,AlphaFold,./pdb_files\P07751_AF.pdb,Match,A
P07751,D,1830,A,0.1,ProTherm,P07751,"1SHG, 1U4Q, 1AJ3, 1CUN",,P07751,P07751,AlphaFold,./pdb_files\P07751_AF.pdb,Match,A
P07751,D,1830,G,1.3,ProTherm,P07751,"1SHG, 1U4Q, 1AJ3, 1CUN",,P07751,P07751,AlphaFold,./pdb_files\P07751_AF.pdb,Match,A
P07751,D,1855,A,-0.7,ProTherm,P07751,"1SHG, 1U4Q, 1AJ3, 1CUN",,P07751,P07751,AlphaFold,./pdb_files\P07751_AF.pdb,Match,A
P07751,D,1855,G,0.3,ProTherm,P07751,"1SHG, 1U4Q, 1AJ3, 1CUN",,P07751,P07751,AlphaFold,./pdb_files\P07751_AF.pdb,Match,A
P07751,E,1681,A,0.32,ProTherm,P07751,"1SHG, 1U4Q, 1AJ3, 1CUN",,P07751,P07751,AlphaFold,./pdb_files\P07751_AF.pdb,Match,A
P07751,E,1681,G,0.6,ProTherm,P07751,"1SHG, 1U4Q, 1AJ3, 1CUN",,P07751,P07751,AlphaFold,./pdb_files\P07751_AF.pdb,Match,A
P07751,E,1683,A,1.88,ProTherm,P07751,"1SHG, 1U4Q, 1AJ3, 1CUN",,P07751,P07751,AlphaFold,./pdb_files\P07751_AF.pdb,Match,A
P07751,E,1683,G,2.63,ProTherm,P07751,"1SHG, 1U4Q, 1AJ3, 1CUN",,P07751,P07751,AlphaFold,./pdb_files\P07751_AF.pdb,Match,A
P07751,E,1745,A,0.27,ProTherm,P07751,"1SHG, 1U4Q, 1AJ3, 1CUN",,P07751,P07751,AlphaFold,./pdb_files\P07751_AF.pdb,Match,A
P07751,E,1745,G,1.02,ProTherm,P07751,"1SHG, 1U4Q, 1AJ3, 1CUN",,P07751,P07751,AlphaFold,./pdb_files\P07751_AF.pdb,Match,A
P07751,E,1787,A,-0.1,ProTherm,P07751,"1SHG, 1U4Q, 1AJ3, 1CUN",,P07751,P07751,AlphaFold,./pdb_files\P07751_AF.pdb,Match,A
P07751,E,1787,G,1.1,ProTherm,P07751,"1SHG, 1U4Q, 1AJ3, 1CUN",,P07751,P07751,AlphaFold,./pdb_files\P07751_AF.pdb,Match,A
P07751,F,1015,Y,0.44,ProTherm,P07751,"1SHG, 1U4Q, 1AJ3, 1CUN",,P07751,P07751,AlphaFold,./pdb_files\P07751_AF.pdb,Match,A
P07751,F,1668,A,1.68,ProTherm,P07751,"1SHG, 1U4Q, 1AJ3, 1CUN",,P07751,P07751,AlphaFold,./pdb_files\P07751_AF.pdb,Match,A
P07751,F,1675,A,4.15,ProTherm,P07751,"1SHG, 1U4Q, 1AJ3, 1CUN",,P07751,P07751,AlphaFold,./pdb_files\P07751_AF.pdb,Match,A
P07751,F,1677,A,-0.25,ProTherm,P07751,"1SHG, 1U4Q, 1AJ3, 1CUN",,P07751,P07751,AlphaFold,./pdb_files\P07751_AF.pdb,Match,A
P07751,F,1677,G,0.29,ProTherm,P07751,"1SHG, 1U4Q, 1AJ3, 1CUN",,P07751,P07751,AlphaFold,./pdb_files\P07751_AF.pdb,Match,A
P07751,F,1751,A,4.33,ProTherm,P07751,"1SHG, 1U4Q, 1AJ3, 1CUN",,P07751,P07751,AlphaFold,./pdb_files\P07751_AF.pdb,Match,A
P07751,F,1774,A,3.7,ProTherm,P07751,"1SHG, 1U4Q, 1AJ3, 1CUN",,P07751,P07751,AlphaFold,./pdb_files\P07751_AF.pdb,Match,A
P07751,F,1774,L,1.3,ProTherm,P07751,"1SHG, 1U4Q, 1AJ3, 1CUN",,P07751,P07751,AlphaFold,./pdb_files\P07751_AF.pdb,Match,A
P07751,F,1853,A,2.8,ProTherm,P07751,"1SHG, 1U4Q, 1AJ3, 1CUN",,P07751,P07751,AlphaFold,./pdb_files\P07751_AF.pdb,Match,A
P07751,F,1853,L,-0.5,ProTherm,P07751,"1SHG, 1U4Q, 1AJ3, 1CUN",,P07751,P07751,AlphaFold,./pdb_files\P07751_AF.pdb,Match,A
P07751,G,1749,A,-0.5,ProTherm,P07751,"1SHG, 1U4Q, 1AJ3, 1CUN",,P07751,P07751,AlphaFold,./pdb_files\P07751_AF.pdb,Match,A
P07751,H,1705,A,1.36,ProTherm,P07751,"1SHG, 1U4Q, 1AJ3, 1CUN",,P07751,P07751,AlphaFold,./pdb_files\P07751_AF.pdb,Match,A
P07751,H,1715,A,0.41,ProTherm,P07751,"1SHG, 1U4Q, 1AJ3, 1CUN",,P07751,P07751,AlphaFold,./pdb_files\P07751_AF.pdb,Match,A
P07751,H,1772,A,-0.5,ProTherm,P07751,"1SHG, 1U4Q, 1AJ3, 1CUN",,P07751,P07751,AlphaFold,./pdb_files\P07751_AF.pdb,Match,A
P07751,H,1772,G,0.5,ProTherm,P07751,"1SHG, 1U4Q, 1AJ3, 1CUN",,P07751,P07751,AlphaFold,./pdb_files\P07751_AF.pdb,Match,A
P07751,H,1811,A,1.4,ProTherm,P07751,"1SHG, 1U4Q, 1AJ3, 1CUN",,P07751,P07751,AlphaFold,./pdb_files\P07751_AF.pdb,Match,A
P07751,H,1821,A,2.3,ProTherm,P07751,"1SHG, 1U4Q, 1AJ3, 1CUN",,P07751,P07751,AlphaFold,./pdb_files\P07751_AF.pdb,Match,A
P07751,I,1672,A,0.6,ProTherm,P07751,"1SHG, 1U4Q, 1AJ3, 1CUN",,P07751,P07751,AlphaFold,./pdb_files\P07751_AF.pdb,Match,A
P07751,I,1712,A,5.75,ProTherm,P07751,"1SHG, 1U4Q, 1AJ3, 1CUN",,P07751,P07751,AlphaFold,./pdb_files\P07751_AF.pdb,Match,A
P07751,I,1747,A,1.33,ProTherm,P07751,"1SHG, 1U4Q, 1AJ3, 1CUN",,P07751,P07751,AlphaFold,./pdb_files\P07751_AF.pdb,Match,A
P07751,I,1754,A,1.76,ProTherm,P07751,"1SHG, 1U4Q, 1AJ3, 1CUN",,P07751,P07751,AlphaFold,./pdb_files\P07751_AF.pdb,Match,A
P07751,I,1785,A,3.65,ProTherm,P07751,"1SHG, 1U4Q, 1AJ3, 1CUN",,P07751,P07751,AlphaFold,./pdb_files\P07751_AF.pdb,Match,A
P07751,I,1785,V,1.6,ProTherm,P07751,"1SHG, 1U4Q, 1AJ3, 1CUN",,P07751,P07751,AlphaFold,./pdb_files\P07751_AF.pdb,Match,A
P07751,I,1825,A,2.8,ProTherm,P07751,"1SHG, 1U4Q, 1AJ3, 1CUN",,P07751,P07751,AlphaFold,./pdb_files\P07751_AF.pdb,Match,A
P07751,I,1825,V,0.6,ProTherm,P07751,"1SHG, 1U4Q, 1AJ3, 1CUN",,P07751,P07751,AlphaFold,./pdb_files\P07751_AF.pdb,Match,A
P07751,I,1846,A,2.0,ProTherm,P07751,"1SHG, 1U4Q, 1AJ3, 1CUN",,P07751,P07751,AlphaFold,./pdb_files\P07751_AF.pdb,Match,A
P07751,I,1846,V,0.6,ProTherm,P07751,"1SHG, 1U4Q, 1AJ3, 1CUN",,P07751,P07751,AlphaFold,./pdb_files\P07751_AF.pdb,Match,A
P07751,K,1022,F,-1.715,ProTherm,P07751,"1SHG, 1U4Q, 1AJ3, 1CUN",,P07751,P07751,AlphaFold,./pdb_files\P07751_AF.pdb,Match,A
P07751,K,1022,Y,-0.84,ProTherm,P07751,"1SHG, 1U4Q, 1AJ3, 1CUN",,P07751,P07751,AlphaFold,./pdb_files\P07751_AF.pdb,Match,A
P07751,K,1673,A,-0.61,ProTherm,P07751,"1SHG, 1U4Q, 1AJ3, 1CUN",,P07751,P07751,AlphaFold,./pdb_files\P07751_AF.pdb,Match,A
P07751,K,1673,G,0.69,ProTherm,P07751,"1SHG, 1U4Q, 1AJ3, 1CUN",,P07751,P07751,AlphaFold,./pdb_files\P07751_AF.pdb,Match,A
P07751,K,1703,A,0.07,ProTherm,P07751,"1SHG, 1U4Q, 1AJ3, 1CUN",,P07751,P07751,AlphaFold,./pdb_files\P07751_AF.pdb,Match,A
P07751,K,1703,G,1.02,ProTherm,P07751,"1SHG, 1U4Q, 1AJ3, 1CUN",,P07751,P07751,AlphaFold,./pdb_files\P07751_AF.pdb,Match,A
P07751,K,1720,A,0.34,ProTherm,P07751,"1SHG, 1U4Q, 1AJ3, 1CUN",,P07751,P07751,AlphaFold,./pdb_files\P07751_AF.pdb,Match,A
P07751,K,1720,G,1.16,ProTherm,P07751,"1SHG, 1U4Q, 1AJ3, 1CUN",,P07751,P07751,AlphaFold,./pdb_files\P07751_AF.pdb,Match,A
P07751,K,1788,A,0.0,ProTherm,P07751,"1SHG, 1U4Q, 1AJ3, 1CUN",,P07751,P07751,AlphaFold,./pdb_files\P07751_AF.pdb,Match,A
P07751,K,1809,A,-0.4,ProTherm,P07751,"1SHG, 1U4Q, 1AJ3, 1CUN",,P07751,P07751,AlphaFold,./pdb_files\P07751_AF.pdb,Match,A
P07751,K,1809,G,0.5,ProTherm,P07751,"1SHG, 1U4Q, 1AJ3, 1CUN",,P07751,P07751,AlphaFold,./pdb_files\P07751_AF.pdb,Match,A
P07751,K,1833,A,0.1,ProTherm,P07751,"1SHG, 1U4Q, 1AJ3, 1CUN",,P07751,P07751,AlphaFold,./pdb_files\P07751_AF.pdb,Match,A
P07751,K,1833,G,1.4,ProTherm,P07751,"1SHG, 1U4Q, 1AJ3, 1CUN",,P07751,P07751,AlphaFold,./pdb_files\P07751_AF.pdb,Match,A
P07751,K,1858,A,0.4,ProTherm,P07751,"1SHG, 1U4Q, 1AJ3, 1CUN",,P07751,P07751,AlphaFold,./pdb_files\P07751_AF.pdb,Match,A
P07751,K,1858,G,1.3,ProTherm,P07751,"1SHG, 1U4Q, 1AJ3, 1CUN",,P07751,P07751,AlphaFold,./pdb_files\P07751_AF.pdb,Match,A
P07751,K,981,F,-2.33,ProTherm,P07751,"1SHG, 1U4Q, 1AJ3, 1CUN",,P07751,P07751,AlphaFold,./pdb_files\P07751_AF.pdb,Match,A
P07751,L,1679,A,1.93,ProTherm,P07751,"1SHG, 1U4Q, 1AJ3, 1CUN",,P07751,P07751,AlphaFold,./pdb_files\P07751_AF.pdb,Match,A
P07751,L,1686,A,2.32,ProTherm,P07751,"1SHG, 1U4Q, 1AJ3, 1CUN",,P07751,P07751,AlphaFold,./pdb_files\P07751_AF.pdb,Match,A
P07751,L,1701,A,0.6,ProTherm,P07751,"1SHG, 1U4Q, 1AJ3, 1CUN",,P07751,P07751,AlphaFold,./pdb_files\P07751_AF.pdb,Match,A
P07751,L,1707,A,0.54,ProTherm,P07751,"1SHG, 1U4Q, 1AJ3, 1CUN",,P07751,P07751,AlphaFold,./pdb_files\P07751_AF.pdb,Match,A
P07751,L,1707,G,1.73,ProTherm,P07751,"1SHG, 1U4Q, 1AJ3, 1CUN",,P07751,P07751,AlphaFold,./pdb_files\P07751_AF.pdb,Match,A
P07751,L,1708,A,2.87,ProTherm,P07751,"1SHG, 1U4Q, 1AJ3, 1CUN",,P07751,P07751,AlphaFold,./pdb_files\P07751_AF.pdb,Match,A
P07751,L,1719,A,2.74,ProTherm,P07751,"1SHG, 1U4Q, 1AJ3, 1CUN",,P07751,P07751,AlphaFold,./pdb_files\P07751_AF.pdb,Match,A
P07751,L,1722,A,2.74,ProTherm,P07751,"1SHG, 1U4Q, 1AJ3, 1CUN",,P07751,P07751,AlphaFold,./pdb_files\P07751_AF.pdb,Match,A
P07751,L,1729,A,1.55,ProTherm,P07751,"1SHG, 1U4Q, 1AJ3, 1CUN",,P07751,P07751,AlphaFold,./pdb_files\P07751_AF.pdb,Match,A
P07751,L,1765,A,2.27,ProTherm,P07751,"1SHG, 1U4Q, 1AJ3, 1CUN",,P07751,P07751,AlphaFold,./pdb_files\P07751_AF.pdb,Match,A
P07751,L,1771,A,0.24,ProTherm,P07751,"1SHG, 1U4Q, 1AJ3, 1CUN",,P07751,P07751,AlphaFold,./pdb_files\P07751_AF.pdb,Match,A
P07751,L,1771,G,0.56,ProTherm,P07751,"1SHG, 1U4Q, 1AJ3, 1CUN",,P07751,P07751,AlphaFold,./pdb_files\P07751_AF.pdb,Match,A
P07751,L,1807,A,0.2,ProTherm,P07751,"1SHG, 1U4Q, 1AJ3, 1CUN",,P07751,P07751,AlphaFold,./pdb_files\P07751_AF.pdb,Match,A
P07751,L,1814,A,2.8,ProTherm,P07751,"1SHG, 1U4Q, 1AJ3, 1CUN",,P07751,P07751,AlphaFold,./pdb_files\P07751_AF.pdb,Match,A
P07751,L,1818,A,3.8,ProTherm,P07751,"1SHG, 1U4Q, 1AJ3, 1CUN",,P07751,P07751,AlphaFold,./pdb_files\P07751_AF.pdb,Match,A
P07751,L,1835,A,2.4,ProTherm,P07751,"1SHG, 1U4Q, 1AJ3, 1CUN",,P07751,P07751,AlphaFold,./pdb_files\P07751_AF.pdb,Match,A
P07751,L,1850,A,2.8,ProTherm,P07751,"1SHG, 1U4Q, 1AJ3, 1CUN",,P07751,P07751,AlphaFold,./pdb_files\P07751_AF.pdb,Match,A
P07751,L,1860,A,3.8,ProTherm,P07751,"1SHG, 1U4Q, 1AJ3, 1CUN",,P07751,P07751,AlphaFold,./pdb_files\P07751_AF.pdb,Match,A
P07751,M,1778,A,2.2,ProTherm,P07751,"1SHG, 1U4Q, 1AJ3, 1CUN",,P07751,P07751,AlphaFold,./pdb_files\P07751_AF.pdb,Match,A
P07751,N,1700,A,-0.29,ProTherm,P07751,"1SHG, 1U4Q, 1AJ3, 1CUN",,P07751,P07751,AlphaFold,./pdb_files\P07751_AF.pdb,Match,A
P07751,N,1700,G,0.67,ProTherm,P07751,"1SHG, 1U4Q, 1AJ3, 1CUN",,P07751,P07751,AlphaFold,./pdb_files\P07751_AF.pdb,Match,A
P07751,N,1806,A,-0.2,ProTherm,P07751,"1SHG, 1U4Q, 1AJ3, 1CUN",,P07751,P07751,AlphaFold,./pdb_files\P07751_AF.pdb,Match,A
P07751,N,1806,G,0.4,ProTherm,P07751,"1SHG, 1U4Q, 1AJ3, 1CUN",,P07751,P07751,AlphaFold,./pdb_files\P07751_AF.pdb,Match,A
P07751,P,1823,A,-0.4,ProTherm,P07751,"1SHG, 1U4Q, 1AJ3, 1CUN",,P07751,P07751,AlphaFold,./pdb_files\P07751_AF.pdb,Match,A
P07751,Q,1666,A,0.26,ProTherm,P07751,"1SHG, 1U4Q, 1AJ3, 1CUN",,P07751,P07751,AlphaFold,./pdb_files\P07751_AF.pdb,Match,A
P07751,Q,1666,G,0.71,ProTherm,P07751,"1SHG, 1U4Q, 1AJ3, 1CUN",,P07751,P07751,AlphaFold,./pdb_files\P07751_AF.pdb,Match,A
P07751,Q,1752,A,0.46,ProTherm,P07751,"1SHG, 1U4Q, 1AJ3, 1CUN",,P07751,P07751,AlphaFold,./pdb_files\P07751_AF.pdb,Match,A
P07751,Q,1752,G,0.85,ProTherm,P07751,"1SHG, 1U4Q, 1AJ3, 1CUN",,P07751,P07751,AlphaFold,./pdb_files\P07751_AF.pdb,Match,A
P07751,Q,1826,A,0.7,ProTherm,P07751,"1SHG, 1U4Q, 1AJ3, 1CUN",,P07751,P07751,AlphaFold,./pdb_files\P07751_AF.pdb,Match,A
P07751,Q,1826,G,1.8,ProTherm,P07751,"1SHG, 1U4Q, 1AJ3, 1CUN",,P07751,P07751,AlphaFold,./pdb_files\P07751_AF.pdb,Match,A
P07751,Q,1847,A,0.0,ProTherm,P07751,"1SHG, 1U4Q, 1AJ3, 1CUN",,P07751,P07751,AlphaFold,./pdb_files\P07751_AF.pdb,Match,A
P07751,Q,1847,G,1.3,ProTherm,P07751,"1SHG, 1U4Q, 1AJ3, 1CUN",,P07751,P07751,AlphaFold,./pdb_files\P07751_AF.pdb,Match,A
P07751,Q,1862,A,-0.4,ProTherm,P07751,"1SHG, 1U4Q, 1AJ3, 1CUN",,P07751,P07751,AlphaFold,./pdb_files\P07751_AF.pdb,Match,A
P07751,Q,1862,G,0.7,ProTherm,P07751,"1SHG, 1U4Q, 1AJ3, 1CUN",,P07751,P07751,AlphaFold,./pdb_files\P07751_AF.pdb,Match,A
P07751,Q,1869,A,-0.5,ProTherm,P07751,"1SHG, 1U4Q, 1AJ3, 1CUN",,P07751,P07751,AlphaFold,./pdb_files\P07751_AF.pdb,Match,A
P07751,Q,1869,G,1.3,ProTherm,P07751,"1SHG, 1U4Q, 1AJ3, 1CUN",,P07751,P07751,AlphaFold,./pdb_files\P07751_AF.pdb,Match,A
P07751,Q,1869,L,1.4,ProTherm,P07751,"1SHG, 1U4Q, 1AJ3, 1CUN",,P07751,P07751,AlphaFold,./pdb_files\P07751_AF.pdb,Match,A
P07751,R,1744,A,0.58,ProTherm,P07751,"1SHG, 1U4Q, 1AJ3, 1CUN",,P07751,P07751,AlphaFold,./pdb_files\P07751_AF.pdb,Match,A
P07751,R,1761,A,1.13,ProTherm,P07751,"1SHG, 1U4Q, 1AJ3, 1CUN",,P07751,P07751,AlphaFold,./pdb_files\P07751_AF.pdb,Match,A
P07751,R,1776,A,0.3,ProTherm,P07751,"1SHG, 1U4Q, 1AJ3, 1CUN",,P07751,P07751,AlphaFold,./pdb_files\P07751_AF.pdb,Match,A
P07751,R,1776,G,1.9,ProTherm,P07751,"1SHG, 1U4Q, 1AJ3, 1CUN",,P07751,P07751,AlphaFold,./pdb_files\P07751_AF.pdb,Match,A
P07751,R,1813,A,-0.3,ProTherm,P07751,"1SHG, 1U4Q, 1AJ3, 1CUN",,P07751,P07751,AlphaFold,./pdb_files\P07751_AF.pdb,Match,A
P07751,R,1813,G,0.6,ProTherm,P07751,"1SHG, 1U4Q, 1AJ3, 1CUN",,P07751,P07751,AlphaFold,./pdb_files\P07751_AF.pdb,Match,A
P07751,R,1867,A,0.0,ProTherm,P07751,"1SHG, 1U4Q, 1AJ3, 1CUN",,P07751,P07751,AlphaFold,./pdb_files\P07751_AF.pdb,Match,A
P07751,S,1724,A,-0.37,ProTherm,P07751,"1SHG, 1U4Q, 1AJ3, 1CUN",,P07751,P07751,AlphaFold,./pdb_files\P07751_AF.pdb,Match,A
P07751,S,1724,G,0.8,ProTherm,P07751,"1SHG, 1U4Q, 1AJ3, 1CUN",,P07751,P07751,AlphaFold,./pdb_files\P07751_AF.pdb,Match,A
P07751,S,1728,A,0.15,ProTherm,P07751,"1SHG, 1U4Q, 1AJ3, 1CUN",,P07751,P07751,AlphaFold,./pdb_files\P07751_AF.pdb,Match,A
P07751,S,1728,G,0.79,ProTherm,P07751,"1SHG, 1U4Q, 1AJ3, 1CUN",,P07751,P07751,AlphaFold,./pdb_files\P07751_AF.pdb,Match,A
P07751,S,1738,A,0.22,ProTherm,P07751,"1SHG, 1U4Q, 1AJ3, 1CUN",,P07751,P07751,AlphaFold,./pdb_files\P07751_AF.pdb,Match,A
P07751,S,1738,G,0.39,ProTherm,P07751,"1SHG, 1U4Q, 1AJ3, 1CUN",,P07751,P07751,AlphaFold,./pdb_files\P07751_AF.pdb,Match,A
P07751,S,1756,A,-0.21,ProTherm,P07751,"1SHG, 1U4Q, 1AJ3, 1CUN",,P07751,P07751,AlphaFold,./pdb_files\P07751_AF.pdb,Match,A
P07751,S,1756,G,0.77,ProTherm,P07751,"1SHG, 1U4Q, 1AJ3, 1CUN",,P07751,P07751,AlphaFold,./pdb_files\P07751_AF.pdb,Match,A
P07751,S,1768,A,0.1,ProTherm,P07751,"1SHG, 1U4Q, 1AJ3, 1CUN",,P07751,P07751,AlphaFold,./pdb_files\P07751_AF.pdb,Match,A
P07751,S,1783,A,-0.5,ProTherm,P07751,"1SHG, 1U4Q, 1AJ3, 1CUN",,P07751,P07751,AlphaFold,./pdb_files\P07751_AF.pdb,Match,A
P07751,S,1783,G,0.5,ProTherm,P07751,"1SHG, 1U4Q, 1AJ3, 1CUN",,P07751,P07751,AlphaFold,./pdb_files\P07751_AF.pdb,Match,A
P07751,T,1670,A,-0.15,ProTherm,P07751,"1SHG, 1U4Q, 1AJ3, 1CUN",,P07751,P07751,AlphaFold,./pdb_files\P07751_AF.pdb,Match,A
P07751,T,1670,G,0.79,ProTherm,P07751,"1SHG, 1U4Q, 1AJ3, 1CUN",,P07751,P07751,AlphaFold,./pdb_files\P07751_AF.pdb,Match,A
P07751,T,1802,A,-0.3,ProTherm,P07751,"1SHG, 1U4Q, 1AJ3, 1CUN",,P07751,P07751,AlphaFold,./pdb_files\P07751_AF.pdb,Match,A
P07751,T,1802,G,0.1,ProTherm,P07751,"1SHG, 1U4Q, 1AJ3, 1CUN",,P07751,P07751,AlphaFold,./pdb_files\P07751_AF.pdb,Match,A
P07751,V,1682,A,1.74,ProTherm,P07751,"1SHG, 1U4Q, 1AJ3, 1CUN",,P07751,P07751,AlphaFold,./pdb_files\P07751_AF.pdb,Match,A
P07751,V,1698,A,0.4,ProTherm,P07751,"1SHG, 1U4Q, 1AJ3, 1CUN",,P07751,P07751,AlphaFold,./pdb_files\P07751_AF.pdb,Match,A
P07751,V,1740,A,1.16,ProTherm,P07751,"1SHG, 1U4Q, 1AJ3, 1CUN",,P07751,P07751,AlphaFold,./pdb_files\P07751_AF.pdb,Match,A
P07751,V,1792,A,0.2,ProTherm,P07751,"1SHG, 1U4Q, 1AJ3, 1CUN",,P07751,P07751,AlphaFold,./pdb_files\P07751_AF.pdb,Match,A
P07751,V,1804,A,0.4,ProTherm,P07751,"1SHG, 1U4Q, 1AJ3, 1CUN",,P07751,P07751,AlphaFold,./pdb_files\P07751_AF.pdb,Match,A
P07751,V,1828,A,2.3,ProTherm,P07751,"1SHG, 1U4Q, 1AJ3, 1CUN",,P07751,P07751,AlphaFold,./pdb_files\P07751_AF.pdb,Match,A
P07751,W,1784,F,1.11,ProTherm,P07751,"1SHG, 1U4Q, 1AJ3, 1CUN",,P07751,P07751,AlphaFold,./pdb_files\P07751_AF.pdb,Match,A
P07751,W,1857,F,2.1,ProTherm,P07751,"1SHG, 1U4Q, 1AJ3, 1CUN",,P07751,P07751,AlphaFold,./pdb_files\P07751_AF.pdb,Match,A
P07845,A,8,D,1.6,ProTherm,P07845,1GWY,,P07845,P07845,AlphaFold,./pdb_files\P07845_AF.pdb,Match,A
P08058,F,26,L,3.4,ProTherm,P08058,,,P08058,P08058,AlphaFold,./pdb_files\P08058_AF.pdb,Match,A
P08058,F,26,V,4.8,ProTherm,P08058,,,P08058,P08058,AlphaFold,./pdb_files\P08058_AF.pdb,Match,A
P08463,P,20,A,0.3,ProTherm,P08463,1SCE,,P08463,P08463,AlphaFold,./pdb_files\P08463_AF.pdb,Match,A
P08463,P,29,A,-0.23,ProTherm,P08463,1SCE,,P08463,P08463,AlphaFold,./pdb_files\P08463_AF.pdb,Match,A
P08463,P,44,A,3.04,ProTherm,P08463,1SCE,,P08463,P08463,AlphaFold,./pdb_files\P08463_AF.pdb,Match,A
P08463,P,52,A,2.57,ProTherm,P08463,1SCE,,P08463,P08463,AlphaFold,./pdb_files\P08463_AF.pdb,Match,A
P08463,P,58,A,0.35,ProTherm,P08463,1SCE,,P08463,P08463,AlphaFold,./pdb_files\P08463_AF.pdb,Match,A
P08463,P,7,A,0.2,ProTherm,P08463,1SCE,,P08463,P08463,AlphaFold,./pdb_files\P08463_AF.pdb,Match,A
P08463,P,90,A,-1.19,ProTherm,P08463,1SCE,,P08463,P08463,AlphaFold,./pdb_files\P08463_AF.pdb,Match,A
P08463,P,90,G,-1.33,ProTherm,P08463,1SCE,,P08463,P08463,AlphaFold,./pdb_files\P08463_AF.pdb,Match,A
P08463,P,90,V,0.625,ProTherm,P08463,1SCE,,P08463,P08463,AlphaFold,./pdb_files\P08463_AF.pdb,Match,A
P08463,P,92,A,-0.07,ProTherm,P08463,1SCE,,P08463,P08463,AlphaFold,./pdb_files\P08463_AF.pdb,Match,A
P08463,P,92,G,-0.07,ProTherm,P08463,1SCE,,P08463,P08463,AlphaFold,./pdb_files\P08463_AF.pdb,Match,A
P08463,P,92,V,0.13,ProTherm,P08463,1SCE,,P08463,P08463,AlphaFold,./pdb_files\P08463_AF.pdb,Match,A
P08463,S,28,A,0.34,ProTherm,P08463,1SCE,,P08463,P08463,AlphaFold,./pdb_files\P08463_AF.pdb,Match,A
P08463,S,28,G,-0.89,ProTherm,P08463,1SCE,,P08463,P08463,AlphaFold,./pdb_files\P08463_AF.pdb,Match,A
P08463,V,89,A,0.24,ProTherm,P08463,1SCE,,P08463,P08463,AlphaFold,./pdb_files\P08463_AF.pdb,Match,A
P08463,V,89,G,-0.81,ProTherm,P08463,1SCE,,P08463,P08463,AlphaFold,./pdb_files\P08463_AF.pdb,Match,A
P08505,H,57,A,0.3,ProTherm,P08505,2L3Y,,P08505,P08505,AlphaFold,./pdb_files\P08505_AF.pdb,Match,A
P08821,E,15,G,-1.55,ProTherm,P08821,,,P08821,P08821,AlphaFold,./pdb_files\P08821_AF.pdb,Match,A
P08821,I,42,V,-0.52,ProTherm,P08821,,,P08821,P08821,AlphaFold,./pdb_files\P08821_AF.pdb,Match,A
P08821,S,27,A,-0.73,ProTherm,P08821,,,P08821,P08821,AlphaFold,./pdb_files\P08821_AF.pdb,Match,A
P08877,G,49,A,-0.8500000000000001,ProTherm,P08877,"2HPR, 1KKM",,P08877,P08877,AlphaFold,./pdb_files\P08877_AF.pdb,Match,A
P08877,G,49,E,-1.2999999999999998,ProTherm,P08877,"2HPR, 1KKM",,P08877,P08877,AlphaFold,./pdb_files\P08877_AF.pdb,Match,A
P08877,G,49,K,0.9,ProTherm,P08877,"2HPR, 1KKM",,P08877,P08877,AlphaFold,./pdb_files\P08877_AF.pdb,Match,A
P08877,S,46,D,-0.74,ProTherm,P08877,"2HPR, 1KKM",,P08877,P08877,AlphaFold,./pdb_files\P08877_AF.pdb,Match,A
P08921,Y,98,F,-1.49,ProTherm,P08921,"1CDC, 1HNG",,P08921,P08921,AlphaFold,./pdb_files\P08921_AF.pdb,Match,A
P09012,Y,13,F,0.7,ProTherm,P09012,1OIA,,P09012,P09012,AlphaFold,./pdb_files\P09012_AF.pdb,Match,A
P09012,Y,13,T,1.3,ProTherm,P09012,1OIA,,P09012,P09012,AlphaFold,./pdb_files\P09012_AF.pdb,Match,A
P09012,Y,31,F,0.0,ProTherm,P09012,1OIA,,P09012,P09012,AlphaFold,./pdb_files\P09012_AF.pdb,Match,A
P09012,Y,31,S,2.3,ProTherm,P09012,1OIA,,P09012,P09012,AlphaFold,./pdb_files\P09012_AF.pdb,Match,A
P09012,Y,78,D,5.1,ProTherm,P09012,1OIA,,P09012,P09012,AlphaFold,./pdb_files\P09012_AF.pdb,Match,A
P09012,Y,78,F,0.0,ProTherm,P09012,1OIA,,P09012,P09012,AlphaFold,./pdb_files\P09012_AF.pdb,Match,A
P09012,Y,86,F,2.6,ProTherm,P09012,1OIA,,P09012,P09012,AlphaFold,./pdb_files\P09012_AF.pdb,Match,A
P09012,Y,86,T,2.9,ProTherm,P09012,1OIA,,P09012,P09012,AlphaFold,./pdb_files\P09012_AF.pdb,Match,A
"P0A3D9, P0A3E0",A,102,L,-0.08,ProTherm,"P0A3D9, P0A3E0","1FTG, 1FLV",,P0A3D9,P0A3D9,AlphaFold,./pdb_files\P0A3D9_AF.pdb,Match,A
"P0A3D9, P0A3E0",A,85,G,2.17,ProTherm,"P0A3D9, P0A3E0","1FTG, 1FLV",,P0A3D9,P0A3D9,AlphaFold,./pdb_files\P0A3D9_AF.pdb,Match,A
"P0A3D9, P0A3E0",D,127,K,-1.01,ProTherm,"P0A3D9, P0A3E0","1FTG, 1FLV",,P0A3D9,P0A3D9,AlphaFold,./pdb_files\P0A3D9_AF.pdb,Match,A
"P0A3D9, P0A3E0",D,151,K,0.28,ProTherm,"P0A3D9, P0A3E0","1FTG, 1FLV",,P0A3D9,P0A3D9,AlphaFold,./pdb_files\P0A3D9_AF.pdb,Match,A
"P0A3D9, P0A3E0",D,44,A,-0.09,ProTherm,"P0A3D9, P0A3E0","1FTG, 1FLV",,P0A3D9,P0A3D9,AlphaFold,./pdb_files\P0A3D9_AF.pdb,Match,A
"P0A3D9, P0A3E0",D,66,K,0.26,ProTherm,"P0A3D9, P0A3E0","1FTG, 1FLV",,P0A3D9,P0A3D9,AlphaFold,./pdb_files\P0A3D9_AF.pdb,Match,A
"P0A3D9, P0A3E0",D,76,K,-0.655,ProTherm,"P0A3D9, P0A3E0","1FTG, 1FLV",,P0A3D9,P0A3D9,AlphaFold,./pdb_files\P0A3D9_AF.pdb,Match,A
"P0A3D9, P0A3E0",E,108,A,-0.23,ProTherm,"P0A3D9, P0A3E0","1FTG, 1FLV",,P0A3D9,P0A3D9,AlphaFold,./pdb_files\P0A3D9_AF.pdb,Match,A
"P0A3D9, P0A3E0",E,21,K,-0.94,ProTherm,"P0A3D9, P0A3E0","1FTG, 1FLV",,P0A3D9,P0A3D9,AlphaFold,./pdb_files\P0A3D9_AF.pdb,Match,A
"P0A3D9, P0A3E0",E,62,K,-0.88,ProTherm,"P0A3D9, P0A3E0","1FTG, 1FLV",,P0A3D9,P0A3D9,AlphaFold,./pdb_files\P0A3D9_AF.pdb,Match,A
"P0A3D9, P0A3E0",E,73,K,-0.785,ProTherm,"P0A3D9, P0A3E0","1FTG, 1FLV",,P0A3D9,P0A3D9,AlphaFold,./pdb_files\P0A3D9_AF.pdb,Match,A
"P0A3D9, P0A3E0",F,8,L,0.04,ProTherm,"P0A3D9, P0A3E0","1FTG, 1FLV",,P0A3D9,P0A3D9,AlphaFold,./pdb_files\P0A3D9_AF.pdb,Match,A
"P0A3D9, P0A3E0",G,69,A,-0.45,ProTherm,"P0A3D9, P0A3E0","1FTG, 1FLV",,P0A3D9,P0A3D9,AlphaFold,./pdb_files\P0A3D9_AF.pdb,Match,A
"P0A3D9, P0A3E0",G,88,A,0.13,ProTherm,"P0A3D9, P0A3E0","1FTG, 1FLV",,P0A3D9,P0A3D9,AlphaFold,./pdb_files\P0A3D9_AF.pdb,Match,A
"P0A3D9, P0A3E0",G,88,L,0.64,ProTherm,"P0A3D9, P0A3E0","1FTG, 1FLV",,P0A3D9,P0A3D9,AlphaFold,./pdb_files\P0A3D9_AF.pdb,Match,A
"P0A3D9, P0A3E0",G,88,V,0.13,ProTherm,"P0A3D9, P0A3E0","1FTG, 1FLV",,P0A3D9,P0A3D9,AlphaFold,./pdb_files\P0A3D9_AF.pdb,Match,A
"P0A3D9, P0A3E0",H,35,A,0.83,ProTherm,"P0A3D9, P0A3E0","1FTG, 1FLV",,P0A3D9,P0A3D9,AlphaFold,./pdb_files\P0A3D9_AF.pdb,Match,A
"P0A3D9, P0A3E0",I,105,V,0.67,ProTherm,"P0A3D9, P0A3E0","1FTG, 1FLV",,P0A3D9,P0A3D9,AlphaFold,./pdb_files\P0A3D9_AF.pdb,Match,A
"P0A3D9, P0A3E0",I,157,V,3.6,ProTherm,"P0A3D9, P0A3E0","1FTG, 1FLV",,P0A3D9,P0A3D9,AlphaFold,./pdb_files\P0A3D9_AF.pdb,Match,A
"P0A3D9, P0A3E0",I,23,A,0.02,ProTherm,"P0A3D9, P0A3E0","1FTG, 1FLV",,P0A3D9,P0A3D9,AlphaFold,./pdb_files\P0A3D9_AF.pdb,Match,A
"P0A3D9, P0A3E0",I,23,G,-0.01,ProTherm,"P0A3D9, P0A3E0","1FTG, 1FLV",,P0A3D9,P0A3D9,AlphaFold,./pdb_files\P0A3D9_AF.pdb,Match,A
"P0A3D9, P0A3E0",I,23,V,1.94,ProTherm,"P0A3D9, P0A3E0","1FTG, 1FLV",,P0A3D9,P0A3D9,AlphaFold,./pdb_files\P0A3D9_AF.pdb,Match,A
"P0A3D9, P0A3E0",I,52,V,1.98,ProTherm,"P0A3D9, P0A3E0","1FTG, 1FLV",,P0A3D9,P0A3D9,AlphaFold,./pdb_files\P0A3D9_AF.pdb,Match,A
"P0A3D9, P0A3E0",I,53,V,1.38,ProTherm,"P0A3D9, P0A3E0","1FTG, 1FLV",,P0A3D9,P0A3D9,AlphaFold,./pdb_files\P0A3D9_AF.pdb,Match,A
"P0A3D9, P0A3E0",L,144,A,0.14,ProTherm,"P0A3D9, P0A3E0","1FTG, 1FLV",,P0A3D9,P0A3D9,AlphaFold,./pdb_files\P0A3D9_AF.pdb,Match,A
"P0A3D9, P0A3E0",L,51,A,-0.05,ProTherm,"P0A3D9, P0A3E0","1FTG, 1FLV",,P0A3D9,P0A3D9,AlphaFold,./pdb_files\P0A3D9_AF.pdb,Match,A
"P0A3D9, P0A3E0",L,7,A,3.53,ProTherm,"P0A3D9, P0A3E0","1FTG, 1FLV",,P0A3D9,P0A3D9,AlphaFold,./pdb_files\P0A3D9_AF.pdb,Match,A
"P0A3D9, P0A3E0",N,98,A,0.83,ProTherm,"P0A3D9, P0A3E0","1FTG, 1FLV",,P0A3D9,P0A3D9,AlphaFold,./pdb_files\P0A3D9_AF.pdb,Match,A
"P0A3D9, P0A3E0",Q,100,A,-0.98,ProTherm,"P0A3D9, P0A3E0","1FTG, 1FLV",,P0A3D9,P0A3D9,AlphaFold,./pdb_files\P0A3D9_AF.pdb,Match,A
"P0A3D9, P0A3E0",Q,112,G,-0.1,ProTherm,"P0A3D9, P0A3E0","1FTG, 1FLV",,P0A3D9,P0A3D9,AlphaFold,./pdb_files\P0A3D9_AF.pdb,Match,A
"P0A3D9, P0A3E0",S,111,A,1.03,ProTherm,"P0A3D9, P0A3E0","1FTG, 1FLV",,P0A3D9,P0A3D9,AlphaFold,./pdb_files\P0A3D9_AF.pdb,Match,A
"P0A3D9, P0A3E0",S,72,A,0.65,ProTherm,"P0A3D9, P0A3E0","1FTG, 1FLV",,P0A3D9,P0A3D9,AlphaFold,./pdb_files\P0A3D9_AF.pdb,Match,A
"P0A3D9, P0A3E0",T,123,S,0.37,ProTherm,"P0A3D9, P0A3E0","1FTG, 1FLV",,P0A3D9,P0A3D9,AlphaFold,./pdb_files\P0A3D9_AF.pdb,Match,A
"P0A3D9, P0A3E0",V,118,A,2.05,ProTherm,"P0A3D9, P0A3E0","1FTG, 1FLV",,P0A3D9,P0A3D9,AlphaFold,./pdb_files\P0A3D9_AF.pdb,Match,A
"P0A3D9, P0A3E0",V,140,A,1.51,ProTherm,"P0A3D9, P0A3E0","1FTG, 1FLV",,P0A3D9,P0A3D9,AlphaFold,./pdb_files\P0A3D9_AF.pdb,Match,A
"P0A3D9, P0A3E0",V,161,A,2.46,ProTherm,"P0A3D9, P0A3E0","1FTG, 1FLV",,P0A3D9,P0A3D9,AlphaFold,./pdb_files\P0A3D9_AF.pdb,Match,A
"P0A3D9, P0A3E0",V,19,I,-0.65,ProTherm,"P0A3D9, P0A3E0","1FTG, 1FLV",,P0A3D9,P0A3D9,AlphaFold,./pdb_files\P0A3D9_AF.pdb,Match,A
"P0A3D9, P0A3E0",V,19,L,-0.6,ProTherm,"P0A3D9, P0A3E0","1FTG, 1FLV",,P0A3D9,P0A3D9,AlphaFold,./pdb_files\P0A3D9_AF.pdb,Match,A
"P0A3D9, P0A3E0",V,32,A,2.39,ProTherm,"P0A3D9, P0A3E0","1FTG, 1FLV",,P0A3D9,P0A3D9,AlphaFold,./pdb_files\P0A3D9_AF.pdb,Match,A
"P0A3D9, P0A3E0",V,84,I,-0.095,ProTherm,"P0A3D9, P0A3E0","1FTG, 1FLV",,P0A3D9,P0A3D9,AlphaFold,./pdb_files\P0A3D9_AF.pdb,Match,A
"P0A3D9, P0A3E0",Y,48,F,0.59,ProTherm,"P0A3D9, P0A3E0","1FTG, 1FLV",,P0A3D9,P0A3D9,AlphaFold,./pdb_files\P0A3D9_AF.pdb,Match,A
P0A3H0,A,27,S,1.19,ProTherm,P0A3H0,1HUE,,P0A3H0,P0A3H0,AlphaFold,./pdb_files\P0A3H0_AF.pdb,Match,A
P0A3H0,A,56,S,0.13,ProTherm,P0A3H0,1HUE,,P0A3H0,P0A3H0,AlphaFold,./pdb_files\P0A3H0_AF.pdb,Match,A
P0A3H0,M,69,I,0.0,ProTherm,P0A3H0,1HUE,,P0A3H0,P0A3H0,AlphaFold,./pdb_files\P0A3H0_AF.pdb,Match,A
P0A3H0,S,31,T,-0.41,ProTherm,P0A3H0,1HUE,,P0A3H0,P0A3H0,AlphaFold,./pdb_files\P0A3H0_AF.pdb,Match,A
P0A3H0,V,42,I,0.82,ProTherm,P0A3H0,1HUE,,P0A3H0,P0A3H0,AlphaFold,./pdb_files\P0A3H0_AF.pdb,Match,A
P0A6F9,I,3,C,0.4,ProTherm,P0A6F9,1AON,,P0A6F9,P0A6F9,AlphaFold,./pdb_files\P0A6F9_AF.pdb,Match,A
P0A6F9,I,3,W,0.4,ProTherm,P0A6F9,1AON,,P0A6F9,P0A6F9,AlphaFold,./pdb_files\P0A6F9_AF.pdb,Match,A
P0A6F9,V,95,C,0.3,ProTherm,P0A6F9,1AON,,P0A6F9,P0A6F9,AlphaFold,./pdb_files\P0A6F9_AF.pdb,Match,A
P0A7Y4,A,125,T,0.0,ProTherm,P0A7Y4,2RN2,,P0A7Y4,P0A7Y4,AlphaFold,./pdb_files\P0A7Y4_AF.pdb,Match,A
P0A7Y4,A,24,V,-0.88,ProTherm,P0A7Y4,2RN2,,P0A7Y4,P0A7Y4,AlphaFold,./pdb_files\P0A7Y4_AF.pdb,Match,A
P0A7Y4,A,52,C,-0.8,ProTherm,P0A7Y4,2RN2,,P0A7Y4,P0A7Y4,AlphaFold,./pdb_files\P0A7Y4_AF.pdb,Match,A
P0A7Y4,A,52,D,1.9,ProTherm,P0A7Y4,2RN2,,P0A7Y4,P0A7Y4,AlphaFold,./pdb_files\P0A7Y4_AF.pdb,Match,A
P0A7Y4,A,52,E,1.5,ProTherm,P0A7Y4,2RN2,,P0A7Y4,P0A7Y4,AlphaFold,./pdb_files\P0A7Y4_AF.pdb,Match,A
P0A7Y4,A,52,F,-0.5,ProTherm,P0A7Y4,2RN2,,P0A7Y4,P0A7Y4,AlphaFold,./pdb_files\P0A7Y4_AF.pdb,Match,A
P0A7Y4,A,52,G,2.7,ProTherm,P0A7Y4,2RN2,,P0A7Y4,P0A7Y4,AlphaFold,./pdb_files\P0A7Y4_AF.pdb,Match,A
P0A7Y4,A,52,H,3.6,ProTherm,P0A7Y4,2RN2,,P0A7Y4,P0A7Y4,AlphaFold,./pdb_files\P0A7Y4_AF.pdb,Match,A
P0A7Y4,A,52,I,-1.9,ProTherm,P0A7Y4,2RN2,,P0A7Y4,P0A7Y4,AlphaFold,./pdb_files\P0A7Y4_AF.pdb,Match,A
P0A7Y4,A,52,K,5.9,ProTherm,P0A7Y4,2RN2,,P0A7Y4,P0A7Y4,AlphaFold,./pdb_files\P0A7Y4_AF.pdb,Match,A
P0A7Y4,A,52,L,-1.3,ProTherm,P0A7Y4,2RN2,,P0A7Y4,P0A7Y4,AlphaFold,./pdb_files\P0A7Y4_AF.pdb,Match,A
P0A7Y4,A,52,M,-0.5,ProTherm,P0A7Y4,2RN2,,P0A7Y4,P0A7Y4,AlphaFold,./pdb_files\P0A7Y4_AF.pdb,Match,A
P0A7Y4,A,52,N,1.8,ProTherm,P0A7Y4,2RN2,,P0A7Y4,P0A7Y4,AlphaFold,./pdb_files\P0A7Y4_AF.pdb,Match,A
P0A7Y4,A,52,P,1.6,ProTherm,P0A7Y4,2RN2,,P0A7Y4,P0A7Y4,AlphaFold,./pdb_files\P0A7Y4_AF.pdb,Match,A
P0A7Y4,A,52,Q,1.2,ProTherm,P0A7Y4,2RN2,,P0A7Y4,P0A7Y4,AlphaFold,./pdb_files\P0A7Y4_AF.pdb,Match,A
P0A7Y4,A,52,S,1.8,ProTherm,P0A7Y4,2RN2,,P0A7Y4,P0A7Y4,AlphaFold,./pdb_files\P0A7Y4_AF.pdb,Match,A
P0A7Y4,A,52,T,0.8,ProTherm,P0A7Y4,2RN2,,P0A7Y4,P0A7Y4,AlphaFold,./pdb_files\P0A7Y4_AF.pdb,Match,A
P0A7Y4,A,52,V,-1.7,ProTherm,P0A7Y4,2RN2,,P0A7Y4,P0A7Y4,AlphaFold,./pdb_files\P0A7Y4_AF.pdb,Match,A
P0A7Y4,A,52,Y,2.3,ProTherm,P0A7Y4,2RN2,,P0A7Y4,P0A7Y4,AlphaFold,./pdb_files\P0A7Y4_AF.pdb,Match,A
P0A7Y4,D,10,A,-3.3,ProTherm,P0A7Y4,2RN2,,P0A7Y4,P0A7Y4,AlphaFold,./pdb_files\P0A7Y4_AF.pdb,Match,A
P0A7Y4,D,10,E,-1.0,ProTherm,P0A7Y4,2RN2,,P0A7Y4,P0A7Y4,AlphaFold,./pdb_files\P0A7Y4_AF.pdb,Match,A
P0A7Y4,D,10,H,-2.4,ProTherm,P0A7Y4,2RN2,,P0A7Y4,P0A7Y4,AlphaFold,./pdb_files\P0A7Y4_AF.pdb,Match,A
P0A7Y4,D,10,N,-2.0,ProTherm,P0A7Y4,2RN2,,P0A7Y4,P0A7Y4,AlphaFold,./pdb_files\P0A7Y4_AF.pdb,Match,A
P0A7Y4,D,10,S,-2.7,ProTherm,P0A7Y4,2RN2,,P0A7Y4,P0A7Y4,AlphaFold,./pdb_files\P0A7Y4_AF.pdb,Match,A
P0A7Y4,D,134,A,-1.51,ProTherm,P0A7Y4,2RN2,,P0A7Y4,P0A7Y4,AlphaFold,./pdb_files\P0A7Y4_AF.pdb,Match,A
P0A7Y4,D,134,E,-0.86,ProTherm,P0A7Y4,2RN2,,P0A7Y4,P0A7Y4,AlphaFold,./pdb_files\P0A7Y4_AF.pdb,Match,A
P0A7Y4,D,134,H,-1.92,ProTherm,P0A7Y4,2RN2,,P0A7Y4,P0A7Y4,AlphaFold,./pdb_files\P0A7Y4_AF.pdb,Match,A
P0A7Y4,D,134,I,-1.27,ProTherm,P0A7Y4,2RN2,,P0A7Y4,P0A7Y4,AlphaFold,./pdb_files\P0A7Y4_AF.pdb,Match,A
P0A7Y4,D,134,L,-1.51,ProTherm,P0A7Y4,2RN2,,P0A7Y4,P0A7Y4,AlphaFold,./pdb_files\P0A7Y4_AF.pdb,Match,A
P0A7Y4,D,134,N,-0.89,ProTherm,P0A7Y4,2RN2,,P0A7Y4,P0A7Y4,AlphaFold,./pdb_files\P0A7Y4_AF.pdb,Match,A
P0A7Y4,D,134,Q,-1.32,ProTherm,P0A7Y4,2RN2,,P0A7Y4,P0A7Y4,AlphaFold,./pdb_files\P0A7Y4_AF.pdb,Match,A
P0A7Y4,D,134,S,-1.08,ProTherm,P0A7Y4,2RN2,,P0A7Y4,P0A7Y4,AlphaFold,./pdb_files\P0A7Y4_AF.pdb,Match,A
P0A7Y4,D,134,T,-1.08,ProTherm,P0A7Y4,2RN2,,P0A7Y4,P0A7Y4,AlphaFold,./pdb_files\P0A7Y4_AF.pdb,Match,A
P0A7Y4,D,134,V,-1.12,ProTherm,P0A7Y4,2RN2,,P0A7Y4,P0A7Y4,AlphaFold,./pdb_files\P0A7Y4_AF.pdb,Match,A
P0A7Y4,D,70,A,-1.1,ProTherm,P0A7Y4,2RN2,,P0A7Y4,P0A7Y4,AlphaFold,./pdb_files\P0A7Y4_AF.pdb,Match,A
P0A7Y4,D,70,E,-0.1,ProTherm,P0A7Y4,2RN2,,P0A7Y4,P0A7Y4,AlphaFold,./pdb_files\P0A7Y4_AF.pdb,Match,A
P0A7Y4,D,70,N,-1.6,ProTherm,P0A7Y4,2RN2,,P0A7Y4,P0A7Y4,AlphaFold,./pdb_files\P0A7Y4_AF.pdb,Match,A
P0A7Y4,D,94,E,0.4,ProTherm,P0A7Y4,2RN2,,P0A7Y4,P0A7Y4,AlphaFold,./pdb_files\P0A7Y4_AF.pdb,Match,A
P0A7Y4,E,119,V,-0.74,ProTherm,P0A7Y4,2RN2,,P0A7Y4,P0A7Y4,AlphaFold,./pdb_files\P0A7Y4_AF.pdb,Match,A
P0A7Y4,E,135,K,0.22,ProTherm,P0A7Y4,2RN2,,P0A7Y4,P0A7Y4,AlphaFold,./pdb_files\P0A7Y4_AF.pdb,Match,A
P0A7Y4,E,48,A,0.3,ProTherm,P0A7Y4,2RN2,,P0A7Y4,P0A7Y4,AlphaFold,./pdb_files\P0A7Y4_AF.pdb,Match,A
P0A7Y4,E,48,D,0.2,ProTherm,P0A7Y4,2RN2,,P0A7Y4,P0A7Y4,AlphaFold,./pdb_files\P0A7Y4_AF.pdb,Match,A
P0A7Y4,E,48,Q,-0.3,ProTherm,P0A7Y4,2RN2,,P0A7Y4,P0A7Y4,AlphaFold,./pdb_files\P0A7Y4_AF.pdb,Match,A
P0A7Y4,G,23,A,-0.5,ProTherm,P0A7Y4,2RN2,,P0A7Y4,P0A7Y4,AlphaFold,./pdb_files\P0A7Y4_AF.pdb,Match,A
P0A7Y4,G,77,A,0.9,ProTherm,P0A7Y4,2RN2,,P0A7Y4,P0A7Y4,AlphaFold,./pdb_files\P0A7Y4_AF.pdb,Match,A
P0A7Y4,H,114,A,2.63,ProTherm,P0A7Y4,2RN2,,P0A7Y4,P0A7Y4,AlphaFold,./pdb_files\P0A7Y4_AF.pdb,Match,A
P0A7Y4,H,124,A,-0.05,ProTherm,P0A7Y4,2RN2,,P0A7Y4,P0A7Y4,AlphaFold,./pdb_files\P0A7Y4_AF.pdb,Match,A
P0A7Y4,H,127,A,0.31,ProTherm,P0A7Y4,2RN2,,P0A7Y4,P0A7Y4,AlphaFold,./pdb_files\P0A7Y4_AF.pdb,Match,A
P0A7Y4,H,62,A,-0.58,ProTherm,P0A7Y4,2RN2,,P0A7Y4,P0A7Y4,AlphaFold,./pdb_files\P0A7Y4_AF.pdb,Match,A
P0A7Y4,H,62,D,0.17,ProTherm,P0A7Y4,2RN2,,P0A7Y4,P0A7Y4,AlphaFold,./pdb_files\P0A7Y4_AF.pdb,Match,A
P0A7Y4,H,62,P,-0.74,ProTherm,P0A7Y4,2RN2,,P0A7Y4,P0A7Y4,AlphaFold,./pdb_files\P0A7Y4_AF.pdb,Match,A
P0A7Y4,H,62,R,-0.36,ProTherm,P0A7Y4,2RN2,,P0A7Y4,P0A7Y4,AlphaFold,./pdb_files\P0A7Y4_AF.pdb,Match,A
P0A7Y4,H,83,A,0.09,ProTherm,P0A7Y4,2RN2,,P0A7Y4,P0A7Y4,AlphaFold,./pdb_files\P0A7Y4_AF.pdb,Match,A
P0A7Y4,I,53,A,2.1,ProTherm,P0A7Y4,2RN2,,P0A7Y4,P0A7Y4,AlphaFold,./pdb_files\P0A7Y4_AF.pdb,Match,A
P0A7Y4,I,53,F,3.9,ProTherm,P0A7Y4,2RN2,,P0A7Y4,P0A7Y4,AlphaFold,./pdb_files\P0A7Y4_AF.pdb,Match,A
P0A7Y4,I,53,L,1.4,ProTherm,P0A7Y4,2RN2,,P0A7Y4,P0A7Y4,AlphaFold,./pdb_files\P0A7Y4_AF.pdb,Match,A
P0A7Y4,I,53,V,0.2,ProTherm,P0A7Y4,2RN2,,P0A7Y4,P0A7Y4,AlphaFold,./pdb_files\P0A7Y4_AF.pdb,Match,A
P0A7Y4,K,117,R,-0.03,ProTherm,P0A7Y4,2RN2,,P0A7Y4,P0A7Y4,AlphaFold,./pdb_files\P0A7Y4_AF.pdb,Match,A
P0A7Y4,K,91,R,0.0,ProTherm,P0A7Y4,2RN2,,P0A7Y4,P0A7Y4,AlphaFold,./pdb_files\P0A7Y4_AF.pdb,Match,A
P0A7Y4,K,95,A,-0.1,ProTherm,P0A7Y4,2RN2,,P0A7Y4,P0A7Y4,AlphaFold,./pdb_files\P0A7Y4_AF.pdb,Match,A
P0A7Y4,K,95,G,-1.9,ProTherm,P0A7Y4,2RN2,,P0A7Y4,P0A7Y4,AlphaFold,./pdb_files\P0A7Y4_AF.pdb,Match,A
P0A7Y4,K,95,N,-0.89,ProTherm,P0A7Y4,2RN2,,P0A7Y4,P0A7Y4,AlphaFold,./pdb_files\P0A7Y4_AF.pdb,Match,A
P0A7Y4,Q,105,G,2.2,ProTherm,P0A7Y4,2RN2,,P0A7Y4,P0A7Y4,AlphaFold,./pdb_files\P0A7Y4_AF.pdb,Match,A
P0A7Y4,Q,113,P,0.6,ProTherm,P0A7Y4,2RN2,,P0A7Y4,P0A7Y4,AlphaFold,./pdb_files\P0A7Y4_AF.pdb,Match,A
P0A7Y4,Q,76,L,-0.24,ProTherm,P0A7Y4,2RN2,,P0A7Y4,P0A7Y4,AlphaFold,./pdb_files\P0A7Y4_AF.pdb,Match,A
P0A7Y4,Q,80,L,-0.3,ProTherm,P0A7Y4,2RN2,,P0A7Y4,P0A7Y4,AlphaFold,./pdb_files\P0A7Y4_AF.pdb,Match,A
P0A7Y4,R,27,A,2.2,ProTherm,P0A7Y4,2RN2,,P0A7Y4,P0A7Y4,AlphaFold,./pdb_files\P0A7Y4_AF.pdb,Match,A
P0A7Y4,R,41,C,-0.44,ProTherm,P0A7Y4,2RN2,,P0A7Y4,P0A7Y4,AlphaFold,./pdb_files\P0A7Y4_AF.pdb,Match,A
P0A7Y4,S,68,A,-0.19,ProTherm,P0A7Y4,2RN2,,P0A7Y4,P0A7Y4,AlphaFold,./pdb_files\P0A7Y4_AF.pdb,Match,A
P0A7Y4,S,68,G,2.2,ProTherm,P0A7Y4,2RN2,,P0A7Y4,P0A7Y4,AlphaFold,./pdb_files\P0A7Y4_AF.pdb,Match,A
P0A7Y4,S,68,L,1.0,ProTherm,P0A7Y4,2RN2,,P0A7Y4,P0A7Y4,AlphaFold,./pdb_files\P0A7Y4_AF.pdb,Match,A
P0A7Y4,S,68,T,-0.1,ProTherm,P0A7Y4,2RN2,,P0A7Y4,P0A7Y4,AlphaFold,./pdb_files\P0A7Y4_AF.pdb,Match,A
P0A7Y4,S,68,V,-1.29,ProTherm,P0A7Y4,2RN2,,P0A7Y4,P0A7Y4,AlphaFold,./pdb_files\P0A7Y4_AF.pdb,Match,A
P0A7Y4,V,74,A,3.4,ProTherm,P0A7Y4,2RN2,,P0A7Y4,P0A7Y4,AlphaFold,./pdb_files\P0A7Y4_AF.pdb,Match,A
P0A7Y4,V,74,I,-0.6,ProTherm,P0A7Y4,2RN2,,P0A7Y4,P0A7Y4,AlphaFold,./pdb_files\P0A7Y4_AF.pdb,Match,A
P0A7Y4,V,74,L,-0.9,ProTherm,P0A7Y4,2RN2,,P0A7Y4,P0A7Y4,AlphaFold,./pdb_files\P0A7Y4_AF.pdb,Match,A
P0A877,C,154,A,1.03,ProTherm,P0A877,1WQ5,,P0A877,P0A877,AlphaFold,./pdb_files\P0A877_AF.pdb,Match,A
P0A877,C,154,V,1.12,ProTherm,P0A877,1WQ5,,P0A877,P0A877,AlphaFold,./pdb_files\P0A877_AF.pdb,Match,A
P0A877,C,81,A,0.69,ProTherm,P0A877,1WQ5,,P0A877,P0A877,AlphaFold,./pdb_files\P0A877_AF.pdb,Match,A
P0A877,E,49,A,0.08,ProTherm,P0A877,1WQ5,,P0A877,P0A877,AlphaFold,./pdb_files\P0A877_AF.pdb,Match,A
P0A877,E,49,C,-0.01,ProTherm,P0A877,1WQ5,,P0A877,P0A877,AlphaFold,./pdb_files\P0A877_AF.pdb,Match,A
P0A877,E,49,D,0.8,ProTherm,P0A877,1WQ5,,P0A877,P0A877,AlphaFold,./pdb_files\P0A877_AF.pdb,Match,A
P0A877,E,49,F,0.86,ProTherm,P0A877,1WQ5,,P0A877,P0A877,AlphaFold,./pdb_files\P0A877_AF.pdb,Match,A
P0A877,E,49,G,-0.08,ProTherm,P0A877,1WQ5,,P0A877,P0A877,AlphaFold,./pdb_files\P0A877_AF.pdb,Match,A
P0A877,E,49,H,-0.33,ProTherm,P0A877,1WQ5,,P0A877,P0A877,AlphaFold,./pdb_files\P0A877_AF.pdb,Match,A
P0A877,E,49,I,-0.46,ProTherm,P0A877,1WQ5,,P0A877,P0A877,AlphaFold,./pdb_files\P0A877_AF.pdb,Match,A
P0A877,E,49,K,-0.2,ProTherm,P0A877,1WQ5,,P0A877,P0A877,AlphaFold,./pdb_files\P0A877_AF.pdb,Match,A
P0A877,E,49,L,-0.44,ProTherm,P0A877,1WQ5,,P0A877,P0A877,AlphaFold,./pdb_files\P0A877_AF.pdb,Match,A
P0A877,E,49,N,0.69,ProTherm,P0A877,1WQ5,,P0A877,P0A877,AlphaFold,./pdb_files\P0A877_AF.pdb,Match,A
P0A877,E,49,P,0.0,ProTherm,P0A877,1WQ5,,P0A877,P0A877,AlphaFold,./pdb_files\P0A877_AF.pdb,Match,A
P0A877,E,49,S,0.995,ProTherm,P0A877,1WQ5,,P0A877,P0A877,AlphaFold,./pdb_files\P0A877_AF.pdb,Match,A
P0A877,E,49,T,0.62,ProTherm,P0A877,1WQ5,,P0A877,P0A877,AlphaFold,./pdb_files\P0A877_AF.pdb,Match,A
P0A877,E,49,W,0.97,ProTherm,P0A877,1WQ5,,P0A877,P0A877,AlphaFold,./pdb_files\P0A877_AF.pdb,Match,A
P0A877,E,49,Y,0.085,ProTherm,P0A877,1WQ5,,P0A877,P0A877,AlphaFold,./pdb_files\P0A877_AF.pdb,Match,A
P0A877,F,139,W,0.6499999999999999,ProTherm,P0A877,1WQ5,,P0A877,P0A877,AlphaFold,./pdb_files\P0A877_AF.pdb,Match,A
P0A877,F,258,W,1.2,ProTherm,P0A877,1WQ5,,P0A877,P0A877,AlphaFold,./pdb_files\P0A877_AF.pdb,Match,A
P0A877,G,211,D,0.55,ProTherm,P0A877,1WQ5,,P0A877,P0A877,AlphaFold,./pdb_files\P0A877_AF.pdb,Match,A
P0A877,G,211,S,-0.2,ProTherm,P0A877,1WQ5,,P0A877,P0A877,AlphaFold,./pdb_files\P0A877_AF.pdb,Match,A
P0A877,G,211,W,1.35,ProTherm,P0A877,1WQ5,,P0A877,P0A877,AlphaFold,./pdb_files\P0A877_AF.pdb,Match,A
P0A877,G,234,D,-1.7,ProTherm,P0A877,1WQ5,,P0A877,P0A877,AlphaFold,./pdb_files\P0A877_AF.pdb,Match,A
P0A877,I,37,A,2.21,ProTherm,P0A877,1WQ5,,P0A877,P0A877,AlphaFold,./pdb_files\P0A877_AF.pdb,Match,A
P0A877,L,127,A,0.64,ProTherm,P0A877,1WQ5,,P0A877,P0A877,AlphaFold,./pdb_files\P0A877_AF.pdb,Match,A
P0A877,L,99,A,2.035,ProTherm,P0A877,1WQ5,,P0A877,P0A877,AlphaFold,./pdb_files\P0A877_AF.pdb,Match,A
P0A877,P,57,A,0.36,ProTherm,P0A877,1WQ5,,P0A877,P0A877,AlphaFold,./pdb_files\P0A877_AF.pdb,Match,A
P0A877,P,96,A,1.4266666666666667,ProTherm,P0A877,1WQ5,,P0A877,P0A877,AlphaFold,./pdb_files\P0A877_AF.pdb,Match,A
P0A877,Y,175,C,0.3,ProTherm,P0A877,1WQ5,,P0A877,P0A877,AlphaFold,./pdb_files\P0A877_AF.pdb,Match,A
P0A910,F,144,A,2.1,ProTherm,P0A910,1QJP,,P0A910,P0A910,AlphaFold,./pdb_files\P0A910_AF.pdb,Match,A
P0A910,F,191,A,2.4,ProTherm,P0A910,1QJP,,P0A910,P0A910,AlphaFold,./pdb_files\P0A910_AF.pdb,Match,A
P0A910,F,72,A,1.2,ProTherm,P0A910,1QJP,,P0A910,P0A910,AlphaFold,./pdb_files\P0A910_AF.pdb,Match,A
P0A910,W,164,A,3.1,ProTherm,P0A910,1QJP,,P0A910,P0A910,AlphaFold,./pdb_files\P0A910_AF.pdb,Match,A
P0A910,W,28,A,3.6,ProTherm,P0A910,1QJP,,P0A910,P0A910,AlphaFold,./pdb_files\P0A910_AF.pdb,Match,A
P0A910,W,36,A,2.0,ProTherm,P0A910,1QJP,,P0A910,P0A910,AlphaFold,./pdb_files\P0A910_AF.pdb,Match,A
P0A910,W,78,A,2.0,ProTherm,P0A910,1QJP,,P0A910,P0A910,AlphaFold,./pdb_files\P0A910_AF.pdb,Match,A
P0A910,Y,150,A,2.7,ProTherm,P0A910,1QJP,,P0A910,P0A910,AlphaFold,./pdb_files\P0A910_AF.pdb,Match,A
P0A910,Y,162,A,3.3,ProTherm,P0A910,1QJP,,P0A910,P0A910,AlphaFold,./pdb_files\P0A910_AF.pdb,Match,A
P0A910,Y,189,A,0.2,ProTherm,P0A910,1QJP,,P0A910,P0A910,AlphaFold,./pdb_files\P0A910_AF.pdb,Match,A
P0A910,Y,64,A,3.8,ProTherm,P0A910,1QJP,,P0A910,P0A910,AlphaFold,./pdb_files\P0A910_AF.pdb,Match,A
P0A910,Y,76,A,2.5,ProTherm,P0A910,1QJP,,P0A910,P0A910,AlphaFold,./pdb_files\P0A910_AF.pdb,Match,A
P0A9X9,F,18,L,1.0,ProTherm,P0A9X9,1MJC,,P0A9X9,P0A9X9,AlphaFold,./pdb_files\P0A9X9_AF.pdb,Match,A
P0A9X9,F,18,S,1.54,ProTherm,P0A9X9,1MJC,,P0A9X9,P0A9X9,AlphaFold,./pdb_files\P0A9X9_AF.pdb,Match,A
P0A9X9,F,20,L,0.31,ProTherm,P0A9X9,1MJC,,P0A9X9,P0A9X9,AlphaFold,./pdb_files\P0A9X9_AF.pdb,Match,A
P0A9X9,F,20,S,1.16,ProTherm,P0A9X9,1MJC,,P0A9X9,P0A9X9,AlphaFold,./pdb_files\P0A9X9_AF.pdb,Match,A
P0A9X9,F,31,L,0.66,ProTherm,P0A9X9,1MJC,,P0A9X9,P0A9X9,AlphaFold,./pdb_files\P0A9X9_AF.pdb,Match,A
P0A9X9,F,31,S,1.03,ProTherm,P0A9X9,1MJC,,P0A9X9,P0A9X9,AlphaFold,./pdb_files\P0A9X9_AF.pdb,Match,A
P0A9X9,S,52,W,0.2,ProTherm,P0A9X9,1MJC,,P0A9X9,P0A9X9,AlphaFold,./pdb_files\P0A9X9_AF.pdb,Match,A
P0A9X9,T,68,W,-0.7,ProTherm,P0A9X9,1MJC,,P0A9X9,P0A9X9,AlphaFold,./pdb_files\P0A9X9_AF.pdb,Match,A
P0A9X9,Y,42,W,-0.15,ProTherm,P0A9X9,1MJC,,P0A9X9,P0A9X9,AlphaFold,./pdb_files\P0A9X9_AF.pdb,Match,A
P0AA04,K,49,A,-1.5,ProTherm,P0AA04,"1CM2, 1POH",,P0AA04,P0AA04,AlphaFold,./pdb_files\P0AA04_AF.pdb,Match,A
P0AA04,K,49,D,-1.65,ProTherm,P0AA04,"1CM2, 1POH",,P0AA04,P0AA04,AlphaFold,./pdb_files\P0AA04_AF.pdb,Match,A
P0AA04,K,49,E,-2.0,ProTherm,P0AA04,"1CM2, 1POH",,P0AA04,P0AA04,AlphaFold,./pdb_files\P0AA04_AF.pdb,Match,A
P0AA04,K,49,G,-1.1,ProTherm,P0AA04,"1CM2, 1POH",,P0AA04,P0AA04,AlphaFold,./pdb_files\P0AA04_AF.pdb,Match,A
P0AA04,K,49,M,-1.0,ProTherm,P0AA04,"1CM2, 1POH",,P0AA04,P0AA04,AlphaFold,./pdb_files\P0AA04_AF.pdb,Match,A
P0AA04,K,49,N,-0.35,ProTherm,P0AA04,"1CM2, 1POH",,P0AA04,P0AA04,AlphaFold,./pdb_files\P0AA04_AF.pdb,Match,A
P0AA04,K,49,Q,-1.55,ProTherm,P0AA04,"1CM2, 1POH",,P0AA04,P0AA04,AlphaFold,./pdb_files\P0AA04_AF.pdb,Match,A
P0AA04,K,49,R,0.15,ProTherm,P0AA04,"1CM2, 1POH",,P0AA04,P0AA04,AlphaFold,./pdb_files\P0AA04_AF.pdb,Match,A
P0AA04,K,49,S,-1.1,ProTherm,P0AA04,"1CM2, 1POH",,P0AA04,P0AA04,AlphaFold,./pdb_files\P0AA04_AF.pdb,Match,A
P0AA04,S,31,A,0.33,ProTherm,P0AA04,"1CM2, 1POH",,P0AA04,P0AA04,AlphaFold,./pdb_files\P0AA04_AF.pdb,Match,A
P0AA04,S,46,A,1.0,ProTherm,P0AA04,"1CM2, 1POH",,P0AA04,P0AA04,AlphaFold,./pdb_files\P0AA04_AF.pdb,Match,A
P0AA04,S,46,D,-1.45,ProTherm,P0AA04,"1CM2, 1POH",,P0AA04,P0AA04,AlphaFold,./pdb_files\P0AA04_AF.pdb,Match,A
P0AA04,S,46,N,-0.4,ProTherm,P0AA04,"1CM2, 1POH",,P0AA04,P0AA04,AlphaFold,./pdb_files\P0AA04_AF.pdb,Match,A
P0AA25,C,33,A,-5.3,ProTherm,P0AA25,"2TRX, 2H6X",,P0AA25,P0AA25,AlphaFold,./pdb_files\P0AA25_AF.pdb,Match,A
P0AA25,C,36,A,-5.9,ProTherm,P0AA25,"2TRX, 2H6X",,P0AA25,P0AA25,AlphaFold,./pdb_files\P0AA25_AF.pdb,Match,A
P0AA25,D,105,E,1.4,ProTherm,P0AA25,"2TRX, 2H6X",,P0AA25,P0AA25,AlphaFold,./pdb_files\P0AA25_AF.pdb,Match,A
P0AA25,D,14,E,-0.8,ProTherm,P0AA25,"2TRX, 2H6X",,P0AA25,P0AA25,AlphaFold,./pdb_files\P0AA25_AF.pdb,Match,A
P0AA25,D,27,A,-3.95,ProTherm,P0AA25,"2TRX, 2H6X",,P0AA25,P0AA25,AlphaFold,./pdb_files\P0AA25_AF.pdb,Match,A
P0AA25,D,27,I,-12.1,ProTherm,P0AA25,"2TRX, 2H6X",,P0AA25,P0AA25,AlphaFold,./pdb_files\P0AA25_AF.pdb,Match,A
P0AA25,D,3,E,-0.1,ProTherm,P0AA25,"2TRX, 2H6X",,P0AA25,P0AA25,AlphaFold,./pdb_files\P0AA25_AF.pdb,Match,A
P0AA25,D,44,E,-2.4,ProTherm,P0AA25,"2TRX, 2H6X",,P0AA25,P0AA25,AlphaFold,./pdb_files\P0AA25_AF.pdb,Match,A
P0AA25,D,48,E,-1.2,ProTherm,P0AA25,"2TRX, 2H6X",,P0AA25,P0AA25,AlphaFold,./pdb_files\P0AA25_AF.pdb,Match,A
P0AA25,D,62,E,2.6,ProTherm,P0AA25,"2TRX, 2H6X",,P0AA25,P0AA25,AlphaFold,./pdb_files\P0AA25_AF.pdb,Match,A
P0AA25,E,102,D,-0.5,ProTherm,P0AA25,"2TRX, 2H6X",,P0AA25,P0AA25,AlphaFold,./pdb_files\P0AA25_AF.pdb,Match,A
P0AA25,E,31,D,0.9,ProTherm,P0AA25,"2TRX, 2H6X",,P0AA25,P0AA25,AlphaFold,./pdb_files\P0AA25_AF.pdb,Match,A
P0AA25,E,45,D,2.7,ProTherm,P0AA25,"2TRX, 2H6X",,P0AA25,P0AA25,AlphaFold,./pdb_files\P0AA25_AF.pdb,Match,A
P0AA25,E,49,D,4.5,ProTherm,P0AA25,"2TRX, 2H6X",,P0AA25,P0AA25,AlphaFold,./pdb_files\P0AA25_AF.pdb,Match,A
P0AA25,E,86,D,3.6,ProTherm,P0AA25,"2TRX, 2H6X",,P0AA25,P0AA25,AlphaFold,./pdb_files\P0AA25_AF.pdb,Match,A
P0AA25,I,24,V,-1.1,ProTherm,P0AA25,"2TRX, 2H6X",,P0AA25,P0AA25,AlphaFold,./pdb_files\P0AA25_AF.pdb,Match,A
P0AA25,I,39,V,4.0,ProTherm,P0AA25,"2TRX, 2H6X",,P0AA25,P0AA25,AlphaFold,./pdb_files\P0AA25_AF.pdb,Match,A
P0AA25,I,42,V,2.7,ProTherm,P0AA25,"2TRX, 2H6X",,P0AA25,P0AA25,AlphaFold,./pdb_files\P0AA25_AF.pdb,Match,A
P0AA25,I,46,V,3.3,ProTherm,P0AA25,"2TRX, 2H6X",,P0AA25,P0AA25,AlphaFold,./pdb_files\P0AA25_AF.pdb,Match,A
P0AA25,I,61,V,0.8,ProTherm,P0AA25,"2TRX, 2H6X",,P0AA25,P0AA25,AlphaFold,./pdb_files\P0AA25_AF.pdb,Match,A
P0AA25,I,73,V,0.1,ProTherm,P0AA25,"2TRX, 2H6X",,P0AA25,P0AA25,AlphaFold,./pdb_files\P0AA25_AF.pdb,Match,A
P0AA25,I,76,V,3.0,ProTherm,P0AA25,"2TRX, 2H6X",,P0AA25,P0AA25,AlphaFold,./pdb_files\P0AA25_AF.pdb,Match,A
P0AA25,L,79,K,3.9,ProTherm,P0AA25,"2TRX, 2H6X",,P0AA25,P0AA25,AlphaFold,./pdb_files\P0AA25_AF.pdb,Match,A
P0AA25,L,79,R,4.0,ProTherm,P0AA25,"2TRX, 2H6X",,P0AA25,P0AA25,AlphaFold,./pdb_files\P0AA25_AF.pdb,Match,A
P0AA25,P,35,S,0.1,ProTherm,P0AA25,"2TRX, 2H6X",,P0AA25,P0AA25,AlphaFold,./pdb_files\P0AA25_AF.pdb,Match,A
P0AA25,P,77,A,3.9,ProTherm,P0AA25,"2TRX, 2H6X",,P0AA25,P0AA25,AlphaFold,./pdb_files\P0AA25_AF.pdb,Match,A
P0AA25,T,67,L,-7.6,ProTherm,P0AA25,"2TRX, 2H6X",,P0AA25,P0AA25,AlphaFold,./pdb_files\P0AA25_AF.pdb,Match,A
P0AA25,T,78,V,-7.9,ProTherm,P0AA25,"2TRX, 2H6X",,P0AA25,P0AA25,AlphaFold,./pdb_files\P0AA25_AF.pdb,Match,A
P0AA25,V,17,I,3.4,ProTherm,P0AA25,"2TRX, 2H6X",,P0AA25,P0AA25,AlphaFold,./pdb_files\P0AA25_AF.pdb,Match,A
P0AA25,V,26,I,3.8,ProTherm,P0AA25,"2TRX, 2H6X",,P0AA25,P0AA25,AlphaFold,./pdb_files\P0AA25_AF.pdb,Match,A
P0AA25,V,56,I,1.3,ProTherm,P0AA25,"2TRX, 2H6X",,P0AA25,P0AA25,AlphaFold,./pdb_files\P0AA25_AF.pdb,Match,A
P0AA25,V,87,I,1.6,ProTherm,P0AA25,"2TRX, 2H6X",,P0AA25,P0AA25,AlphaFold,./pdb_files\P0AA25_AF.pdb,Match,A
P0AA25,V,92,I,0.3,ProTherm,P0AA25,"2TRX, 2H6X",,P0AA25,P0AA25,AlphaFold,./pdb_files\P0AA25_AF.pdb,Match,A
P0ABE7,A,109,G,3.2,ProTherm,P0ABE7,6BQG,,P0ABE7,P0ABE7,AlphaFold,./pdb_files\P0ABE7_AF.pdb,Match,A
P0ABE7,A,112,G,2.34,ProTherm,P0ABE7,6BQG,,P0ABE7,P0ABE7,AlphaFold,./pdb_files\P0ABE7_AF.pdb,Match,A
P0ABE7,A,113,G,1.6,ProTherm,P0ABE7,6BQG,,P0ABE7,P0ABE7,AlphaFold,./pdb_files\P0ABE7_AF.pdb,Match,A
P0ABE7,A,42,G,1.97,ProTherm,P0ABE7,6BQG,,P0ABE7,P0ABE7,AlphaFold,./pdb_files\P0ABE7_AF.pdb,Match,A
P0ABE7,A,45,G,2.38,ProTherm,P0ABE7,6BQG,,P0ABE7,P0ABE7,AlphaFold,./pdb_files\P0ABE7_AF.pdb,Match,A
P0ABE7,A,58,G,2.61,ProTherm,P0ABE7,6BQG,,P0ABE7,P0ABE7,AlphaFold,./pdb_files\P0ABE7_AF.pdb,Match,A
P0ABE7,A,59,G,4.15,ProTherm,P0ABE7,6BQG,,P0ABE7,P0ABE7,AlphaFold,./pdb_files\P0ABE7_AF.pdb,Match,A
P0ABE7,A,62,G,0.57,ProTherm,P0ABE7,6BQG,,P0ABE7,P0ABE7,AlphaFold,./pdb_files\P0ABE7_AF.pdb,Match,A
P0ABE7,D,95,A,1.57,ProTherm,P0ABE7,6BQG,,P0ABE7,P0ABE7,AlphaFold,./pdb_files\P0ABE7_AF.pdb,Match,A
P0ABE7,E,40,A,-1.3,ProTherm,P0ABE7,6BQG,,P0ABE7,P0ABE7,AlphaFold,./pdb_files\P0ABE7_AF.pdb,Match,A
P0ABE7,F,83,A,4.52,ProTherm,P0ABE7,6BQG,,P0ABE7,P0ABE7,AlphaFold,./pdb_files\P0ABE7_AF.pdb,Match,A
P0ABE7,F,87,A,1.92,ProTherm,P0ABE7,6BQG,,P0ABE7,P0ABE7,AlphaFold,./pdb_files\P0ABE7_AF.pdb,Match,A
P0ABE7,I,39,A,1.3,ProTherm,P0ABE7,6BQG,,P0ABE7,P0ABE7,AlphaFold,./pdb_files\P0ABE7_AF.pdb,Match,A
P0ABE7,I,94,A,4.79,ProTherm,P0ABE7,6BQG,,P0ABE7,P0ABE7,AlphaFold,./pdb_files\P0ABE7_AF.pdb,Match,A
P0ABE7,K,37,A,0.2,ProTherm,P0ABE7,6BQG,,P0ABE7,P0ABE7,AlphaFold,./pdb_files\P0ABE7_AF.pdb,Match,A
P0ABE7,K,49,A,0.17,ProTherm,P0ABE7,6BQG,,P0ABE7,P0ABE7,AlphaFold,./pdb_files\P0ABE7_AF.pdb,Match,A
P0ABE7,K,49,G,1.0,ProTherm,P0ABE7,6BQG,,P0ABE7,P0ABE7,AlphaFold,./pdb_files\P0ABE7_AF.pdb,Match,A
P0ABE7,K,73,G,1.32,ProTherm,P0ABE7,6BQG,,P0ABE7,P0ABE7,AlphaFold,./pdb_files\P0ABE7_AF.pdb,Match,A
P0ABE7,L,116,A,1.5,ProTherm,P0ABE7,6BQG,,P0ABE7,P0ABE7,AlphaFold,./pdb_files\P0ABE7_AF.pdb,Match,A
P0ABE7,L,25,A,1.6,ProTherm,P0ABE7,6BQG,,P0ABE7,P0ABE7,AlphaFold,./pdb_files\P0ABE7_AF.pdb,Match,A
P0ABE7,L,32,A,1.86,ProTherm,P0ABE7,6BQG,,P0ABE7,P0ABE7,AlphaFold,./pdb_files\P0ABE7_AF.pdb,Match,A
P0ABE7,L,36,A,1.92,ProTherm,P0ABE7,6BQG,,P0ABE7,P0ABE7,AlphaFold,./pdb_files\P0ABE7_AF.pdb,Match,A
P0ABE7,L,52,A,2.83,ProTherm,P0ABE7,6BQG,,P0ABE7,P0ABE7,AlphaFold,./pdb_files\P0ABE7_AF.pdb,Match,A
P0ABE7,L,60,G,1.44,ProTherm,P0ABE7,6BQG,,P0ABE7,P0ABE7,AlphaFold,./pdb_files\P0ABE7_AF.pdb,Match,A
P0ABE7,L,70,A,3.73,ProTherm,P0ABE7,6BQG,,P0ABE7,P0ABE7,AlphaFold,./pdb_files\P0ABE7_AF.pdb,Match,A
P0ABE7,L,90,A,3.88,ProTherm,P0ABE7,6BQG,,P0ABE7,P0ABE7,AlphaFold,./pdb_files\P0ABE7_AF.pdb,Match,A
P0ABE7,L,98,A,3.48,ProTherm,P0ABE7,6BQG,,P0ABE7,P0ABE7,AlphaFold,./pdb_files\P0ABE7_AF.pdb,Match,A
P0ABE7,M,55,A,2.97,ProTherm,P0ABE7,6BQG,,P0ABE7,P0ABE7,AlphaFold,./pdb_files\P0ABE7_AF.pdb,Match,A
P0ABE7,M,80,A,2.91,ProTherm,P0ABE7,6BQG,,P0ABE7,P0ABE7,AlphaFold,./pdb_files\P0ABE7_AF.pdb,Match,A
P0ABE7,R,56,A,2.25,ProTherm,P0ABE7,6BQG,,P0ABE7,P0ABE7,AlphaFold,./pdb_files\P0ABE7_AF.pdb,Match,A
P0ABE7,R,56,G,3.26,ProTherm,P0ABE7,6BQG,,P0ABE7,P0ABE7,AlphaFold,./pdb_files\P0ABE7_AF.pdb,Match,A
P0ABE7,V,106,A,3.42,ProTherm,P0ABE7,6BQG,,P0ABE7,P0ABE7,AlphaFold,./pdb_files\P0ABE7_AF.pdb,Match,A
P0ABE7,V,91,G,3.61,ProTherm,P0ABE7,6BQG,,P0ABE7,P0ABE7,AlphaFold,./pdb_files\P0ABE7_AF.pdb,Match,A
P0ABE7,Y,123,A,-0.52,ProTherm,P0ABE7,6BQG,,P0ABE7,P0ABE7,AlphaFold,./pdb_files\P0ABE7_AF.pdb,Match,A
P0ABQ4,D,122,A,1.6,ProTherm,P0ABQ4,5DFR,,P0ABQ4,P0ABQ4,AlphaFold,./pdb_files\P0ABQ4_AF.pdb,Match,A
P0ABQ4,D,27,N,-1.4,ProTherm,P0ABQ4,5DFR,,P0ABQ4,P0ABQ4,AlphaFold,./pdb_files\P0ABQ4_AF.pdb,Match,A
P0ABQ4,E,139,K,0.99,ProTherm,P0ABQ4,5DFR,,P0ABQ4,P0ABQ4,AlphaFold,./pdb_files\P0ABQ4_AF.pdb,Match,A
P0ABQ4,E,139,Q,0.42,ProTherm,P0ABQ4,5DFR,,P0ABQ4,P0ABQ4,AlphaFold,./pdb_files\P0ABQ4_AF.pdb,Match,A
P0ABQ4,F,31,A,1.9,ProTherm,P0ABQ4,5DFR,,P0ABQ4,P0ABQ4,AlphaFold,./pdb_files\P0ABQ4_AF.pdb,Match,A
P0ABQ4,F,31,V,1.5,ProTherm,P0ABQ4,5DFR,,P0ABQ4,P0ABQ4,AlphaFold,./pdb_files\P0ABQ4_AF.pdb,Match,A
P0ABQ4,G,121,A,-0.5,ProTherm,P0ABQ4,5DFR,,P0ABQ4,P0ABQ4,AlphaFold,./pdb_files\P0ABQ4_AF.pdb,Match,A
P0ABQ4,G,121,C,-0.09,ProTherm,P0ABQ4,5DFR,,P0ABQ4,P0ABQ4,AlphaFold,./pdb_files\P0ABQ4_AF.pdb,Match,A
P0ABQ4,G,121,D,-0.19,ProTherm,P0ABQ4,5DFR,,P0ABQ4,P0ABQ4,AlphaFold,./pdb_files\P0ABQ4_AF.pdb,Match,A
P0ABQ4,G,121,H,0.11,ProTherm,P0ABQ4,5DFR,,P0ABQ4,P0ABQ4,AlphaFold,./pdb_files\P0ABQ4_AF.pdb,Match,A
P0ABQ4,G,121,L,0.505,ProTherm,P0ABQ4,5DFR,,P0ABQ4,P0ABQ4,AlphaFold,./pdb_files\P0ABQ4_AF.pdb,Match,A
P0ABQ4,G,121,S,-0.01,ProTherm,P0ABQ4,5DFR,,P0ABQ4,P0ABQ4,AlphaFold,./pdb_files\P0ABQ4_AF.pdb,Match,A
P0ABQ4,G,121,V,1.105,ProTherm,P0ABQ4,5DFR,,P0ABQ4,P0ABQ4,AlphaFold,./pdb_files\P0ABQ4_AF.pdb,Match,A
P0ABQ4,G,121,Y,0.2,ProTherm,P0ABQ4,5DFR,,P0ABQ4,P0ABQ4,AlphaFold,./pdb_files\P0ABQ4_AF.pdb,Match,A
P0ABQ4,G,15,A,-0.7,ProTherm,P0ABQ4,5DFR,,P0ABQ4,P0ABQ4,AlphaFold,./pdb_files\P0ABQ4_AF.pdb,Match,A
P0ABQ4,G,43,A,0.4,ProTherm,P0ABQ4,5DFR,,P0ABQ4,P0ABQ4,AlphaFold,./pdb_files\P0ABQ4_AF.pdb,Match,A
P0ABQ4,G,67,A,-0.52,ProTherm,P0ABQ4,5DFR,,P0ABQ4,P0ABQ4,AlphaFold,./pdb_files\P0ABQ4_AF.pdb,Match,A
P0ABQ4,G,67,C,0.36,ProTherm,P0ABQ4,5DFR,,P0ABQ4,P0ABQ4,AlphaFold,./pdb_files\P0ABQ4_AF.pdb,Match,A
P0ABQ4,G,67,D,0.14,ProTherm,P0ABQ4,5DFR,,P0ABQ4,P0ABQ4,AlphaFold,./pdb_files\P0ABQ4_AF.pdb,Match,A
P0ABQ4,G,67,L,0.44,ProTherm,P0ABQ4,5DFR,,P0ABQ4,P0ABQ4,AlphaFold,./pdb_files\P0ABQ4_AF.pdb,Match,A
P0ABQ4,G,67,S,-0.07,ProTherm,P0ABQ4,5DFR,,P0ABQ4,P0ABQ4,AlphaFold,./pdb_files\P0ABQ4_AF.pdb,Match,A
P0ABQ4,G,67,T,0.21,ProTherm,P0ABQ4,5DFR,,P0ABQ4,P0ABQ4,AlphaFold,./pdb_files\P0ABQ4_AF.pdb,Match,A
P0ABQ4,G,67,V,0.94,ProTherm,P0ABQ4,5DFR,,P0ABQ4,P0ABQ4,AlphaFold,./pdb_files\P0ABQ4_AF.pdb,Match,A
P0ABQ4,G,95,A,-1.3,ProTherm,P0ABQ4,5DFR,,P0ABQ4,P0ABQ4,AlphaFold,./pdb_files\P0ABQ4_AF.pdb,Match,A
P0ABQ4,I,155,A,3.91,ProTherm,P0ABQ4,5DFR,,P0ABQ4,P0ABQ4,AlphaFold,./pdb_files\P0ABQ4_AF.pdb,Match,A
P0ABQ4,I,155,D,4.1,ProTherm,P0ABQ4,5DFR,,P0ABQ4,P0ABQ4,AlphaFold,./pdb_files\P0ABQ4_AF.pdb,Match,A
P0ABQ4,I,155,E,3.26,ProTherm,P0ABQ4,5DFR,,P0ABQ4,P0ABQ4,AlphaFold,./pdb_files\P0ABQ4_AF.pdb,Match,A
P0ABQ4,I,155,K,3.35,ProTherm,P0ABQ4,5DFR,,P0ABQ4,P0ABQ4,AlphaFold,./pdb_files\P0ABQ4_AF.pdb,Match,A
P0ABQ4,I,155,L,2.535,ProTherm,P0ABQ4,5DFR,,P0ABQ4,P0ABQ4,AlphaFold,./pdb_files\P0ABQ4_AF.pdb,Match,A
P0ABQ4,I,155,Q,3.86,ProTherm,P0ABQ4,5DFR,,P0ABQ4,P0ABQ4,AlphaFold,./pdb_files\P0ABQ4_AF.pdb,Match,A
P0ABQ4,I,155,R,3.28,ProTherm,P0ABQ4,5DFR,,P0ABQ4,P0ABQ4,AlphaFold,./pdb_files\P0ABQ4_AF.pdb,Match,A
P0ABQ4,I,155,S,3.93,ProTherm,P0ABQ4,5DFR,,P0ABQ4,P0ABQ4,AlphaFold,./pdb_files\P0ABQ4_AF.pdb,Match,A
P0ABQ4,I,155,T,3.3,ProTherm,P0ABQ4,5DFR,,P0ABQ4,P0ABQ4,AlphaFold,./pdb_files\P0ABQ4_AF.pdb,Match,A
P0ABQ4,I,155,V,0.29,ProTherm,P0ABQ4,5DFR,,P0ABQ4,P0ABQ4,AlphaFold,./pdb_files\P0ABQ4_AF.pdb,Match,A
P0ABQ4,I,155,W,4.31,ProTherm,P0ABQ4,5DFR,,P0ABQ4,P0ABQ4,AlphaFold,./pdb_files\P0ABQ4_AF.pdb,Match,A
P0ABQ4,I,155,Y,3.64,ProTherm,P0ABQ4,5DFR,,P0ABQ4,P0ABQ4,AlphaFold,./pdb_files\P0ABQ4_AF.pdb,Match,A
P0ABQ4,L,24,V,1.9,ProTherm,P0ABQ4,5DFR,,P0ABQ4,P0ABQ4,AlphaFold,./pdb_files\P0ABQ4_AF.pdb,Match,A
P0ABQ4,L,28,R,-1.71,ProTherm,P0ABQ4,5DFR,,P0ABQ4,P0ABQ4,AlphaFold,./pdb_files\P0ABQ4_AF.pdb,Match,A
P0ABQ4,L,54,V,-0.4,ProTherm,P0ABQ4,5DFR,,P0ABQ4,P0ABQ4,AlphaFold,./pdb_files\P0ABQ4_AF.pdb,Match,A
P0ABQ4,N,59,C,0.02,ProTherm,P0ABQ4,5DFR,,P0ABQ4,P0ABQ4,AlphaFold,./pdb_files\P0ABQ4_AF.pdb,Match,A
P0ABQ4,N,59,E,2.09,ProTherm,P0ABQ4,5DFR,,P0ABQ4,P0ABQ4,AlphaFold,./pdb_files\P0ABQ4_AF.pdb,Match,A
P0ABQ4,N,59,G,2.92,ProTherm,P0ABQ4,5DFR,,P0ABQ4,P0ABQ4,AlphaFold,./pdb_files\P0ABQ4_AF.pdb,Match,A
P0ABQ4,N,59,H,1.75,ProTherm,P0ABQ4,5DFR,,P0ABQ4,P0ABQ4,AlphaFold,./pdb_files\P0ABQ4_AF.pdb,Match,A
P0ABQ4,N,59,I,0.11,ProTherm,P0ABQ4,5DFR,,P0ABQ4,P0ABQ4,AlphaFold,./pdb_files\P0ABQ4_AF.pdb,Match,A
P0ABQ4,N,59,K,2.22,ProTherm,P0ABQ4,5DFR,,P0ABQ4,P0ABQ4,AlphaFold,./pdb_files\P0ABQ4_AF.pdb,Match,A
P0ABQ4,N,59,L,0.03,ProTherm,P0ABQ4,5DFR,,P0ABQ4,P0ABQ4,AlphaFold,./pdb_files\P0ABQ4_AF.pdb,Match,A
P0ABQ4,N,59,M,0.27,ProTherm,P0ABQ4,5DFR,,P0ABQ4,P0ABQ4,AlphaFold,./pdb_files\P0ABQ4_AF.pdb,Match,A
P0ABQ4,N,59,P,1.34,ProTherm,P0ABQ4,5DFR,,P0ABQ4,P0ABQ4,AlphaFold,./pdb_files\P0ABQ4_AF.pdb,Match,A
P0ABQ4,N,59,Q,0.92,ProTherm,P0ABQ4,5DFR,,P0ABQ4,P0ABQ4,AlphaFold,./pdb_files\P0ABQ4_AF.pdb,Match,A
P0ABQ4,N,59,S,1.88,ProTherm,P0ABQ4,5DFR,,P0ABQ4,P0ABQ4,AlphaFold,./pdb_files\P0ABQ4_AF.pdb,Match,A
P0ABQ4,N,59,T,0.32,ProTherm,P0ABQ4,5DFR,,P0ABQ4,P0ABQ4,AlphaFold,./pdb_files\P0ABQ4_AF.pdb,Match,A
P0ABQ4,N,59,V,-0.22,ProTherm,P0ABQ4,5DFR,,P0ABQ4,P0ABQ4,AlphaFold,./pdb_files\P0ABQ4_AF.pdb,Match,A
P0ABQ4,N,59,W,1.6,ProTherm,P0ABQ4,5DFR,,P0ABQ4,P0ABQ4,AlphaFold,./pdb_files\P0ABQ4_AF.pdb,Match,A
P0ABQ4,P,21,L,0.1,ProTherm,P0ABQ4,5DFR,,P0ABQ4,P0ABQ4,AlphaFold,./pdb_files\P0ABQ4_AF.pdb,Match,A
P0ABQ4,P,66,A,-1.3,ProTherm,P0ABQ4,5DFR,,P0ABQ4,P0ABQ4,AlphaFold,./pdb_files\P0ABQ4_AF.pdb,Match,A
P0ABQ4,R,44,A,1.4,ProTherm,P0ABQ4,5DFR,,P0ABQ4,P0ABQ4,AlphaFold,./pdb_files\P0ABQ4_AF.pdb,Match,A
P0ABQ4,R,44,L,-1.45,ProTherm,P0ABQ4,5DFR,,P0ABQ4,P0ABQ4,AlphaFold,./pdb_files\P0ABQ4_AF.pdb,Match,A
P0ABQ4,S,148,A,0.47,ProTherm,P0ABQ4,5DFR,,P0ABQ4,P0ABQ4,AlphaFold,./pdb_files\P0ABQ4_AF.pdb,Match,A
P0ABQ4,S,148,E,0.52,ProTherm,P0ABQ4,5DFR,,P0ABQ4,P0ABQ4,AlphaFold,./pdb_files\P0ABQ4_AF.pdb,Match,A
P0ABQ4,S,148,K,0.26,ProTherm,P0ABQ4,5DFR,,P0ABQ4,P0ABQ4,AlphaFold,./pdb_files\P0ABQ4_AF.pdb,Match,A
P0ABQ4,S,148,N,0.89,ProTherm,P0ABQ4,5DFR,,P0ABQ4,P0ABQ4,AlphaFold,./pdb_files\P0ABQ4_AF.pdb,Match,A
P0ABQ4,S,148,P,0.26,ProTherm,P0ABQ4,5DFR,,P0ABQ4,P0ABQ4,AlphaFold,./pdb_files\P0ABQ4_AF.pdb,Match,A
P0ABQ4,S,148,R,0.75,ProTherm,P0ABQ4,5DFR,,P0ABQ4,P0ABQ4,AlphaFold,./pdb_files\P0ABQ4_AF.pdb,Match,A
P0ABQ4,S,148,T,0.51,ProTherm,P0ABQ4,5DFR,,P0ABQ4,P0ABQ4,AlphaFold,./pdb_files\P0ABQ4_AF.pdb,Match,A
P0ABQ4,S,148,V,0.33,ProTherm,P0ABQ4,5DFR,,P0ABQ4,P0ABQ4,AlphaFold,./pdb_files\P0ABQ4_AF.pdb,Match,A
P0ABQ4,T,113,V,1.2,ProTherm,P0ABQ4,5DFR,,P0ABQ4,P0ABQ4,AlphaFold,./pdb_files\P0ABQ4_AF.pdb,Match,A
P0ABQ4,T,35,A,1.1,ProTherm,P0ABQ4,5DFR,,P0ABQ4,P0ABQ4,AlphaFold,./pdb_files\P0ABQ4_AF.pdb,Match,A
P0ABQ4,V,40,A,1.55,ProTherm,P0ABQ4,5DFR,,P0ABQ4,P0ABQ4,AlphaFold,./pdb_files\P0ABQ4_AF.pdb,Match,A
P0ABQ4,V,40,F,2.15,ProTherm,P0ABQ4,5DFR,,P0ABQ4,P0ABQ4,AlphaFold,./pdb_files\P0ABQ4_AF.pdb,Match,A
P0ABQ4,V,40,H,3.27,ProTherm,P0ABQ4,5DFR,,P0ABQ4,P0ABQ4,AlphaFold,./pdb_files\P0ABQ4_AF.pdb,Match,A
P0ABQ4,V,40,I,0.85,ProTherm,P0ABQ4,5DFR,,P0ABQ4,P0ABQ4,AlphaFold,./pdb_files\P0ABQ4_AF.pdb,Match,A
P0ABQ4,V,40,L,1.35,ProTherm,P0ABQ4,5DFR,,P0ABQ4,P0ABQ4,AlphaFold,./pdb_files\P0ABQ4_AF.pdb,Match,A
P0ABQ4,V,40,M,2.0,ProTherm,P0ABQ4,5DFR,,P0ABQ4,P0ABQ4,AlphaFold,./pdb_files\P0ABQ4_AF.pdb,Match,A
P0ABQ4,V,40,N,2.17,ProTherm,P0ABQ4,5DFR,,P0ABQ4,P0ABQ4,AlphaFold,./pdb_files\P0ABQ4_AF.pdb,Match,A
P0ABQ4,V,40,R,1.72,ProTherm,P0ABQ4,5DFR,,P0ABQ4,P0ABQ4,AlphaFold,./pdb_files\P0ABQ4_AF.pdb,Match,A
P0ABQ4,V,40,S,2.52,ProTherm,P0ABQ4,5DFR,,P0ABQ4,P0ABQ4,AlphaFold,./pdb_files\P0ABQ4_AF.pdb,Match,A
P0ABQ4,V,75,A,-0.1,ProTherm,P0ABQ4,5DFR,,P0ABQ4,P0ABQ4,AlphaFold,./pdb_files\P0ABQ4_AF.pdb,Match,A
P0ABQ4,V,75,C,-0.1,ProTherm,P0ABQ4,5DFR,,P0ABQ4,P0ABQ4,AlphaFold,./pdb_files\P0ABQ4_AF.pdb,Match,A
P0ABQ4,V,75,H,1.3,ProTherm,P0ABQ4,5DFR,,P0ABQ4,P0ABQ4,AlphaFold,./pdb_files\P0ABQ4_AF.pdb,Match,A
P0ABQ4,V,75,I,1.3,ProTherm,P0ABQ4,5DFR,,P0ABQ4,P0ABQ4,AlphaFold,./pdb_files\P0ABQ4_AF.pdb,Match,A
P0ABQ4,V,75,R,1.2,ProTherm,P0ABQ4,5DFR,,P0ABQ4,P0ABQ4,AlphaFold,./pdb_files\P0ABQ4_AF.pdb,Match,A
P0ABQ4,V,75,S,-0.3,ProTherm,P0ABQ4,5DFR,,P0ABQ4,P0ABQ4,AlphaFold,./pdb_files\P0ABQ4_AF.pdb,Match,A
P0ABQ4,V,75,Y,1.3,ProTherm,P0ABQ4,5DFR,,P0ABQ4,P0ABQ4,AlphaFold,./pdb_files\P0ABQ4_AF.pdb,Match,A
P0ABQ4,V,88,A,-0.39,ProTherm,P0ABQ4,5DFR,,P0ABQ4,P0ABQ4,AlphaFold,./pdb_files\P0ABQ4_AF.pdb,Match,A
P0ABQ4,V,88,I,-0.75,ProTherm,P0ABQ4,5DFR,,P0ABQ4,P0ABQ4,AlphaFold,./pdb_files\P0ABQ4_AF.pdb,Match,A
P0ABQ4,W,22,L,-0.1,ProTherm,P0ABQ4,5DFR,,P0ABQ4,P0ABQ4,AlphaFold,./pdb_files\P0ABQ4_AF.pdb,Match,A
P0ABQ4,W,30,A,2.33,ProTherm,P0ABQ4,5DFR,,P0ABQ4,P0ABQ4,AlphaFold,./pdb_files\P0ABQ4_AF.pdb,Match,A
P0ABQ4,W,30,E,2.89,ProTherm,P0ABQ4,5DFR,,P0ABQ4,P0ABQ4,AlphaFold,./pdb_files\P0ABQ4_AF.pdb,Match,A
P0ABQ4,W,30,H,2.78,ProTherm,P0ABQ4,5DFR,,P0ABQ4,P0ABQ4,AlphaFold,./pdb_files\P0ABQ4_AF.pdb,Match,A
P0ABQ4,W,30,M,2.03,ProTherm,P0ABQ4,5DFR,,P0ABQ4,P0ABQ4,AlphaFold,./pdb_files\P0ABQ4_AF.pdb,Match,A
P0ABQ4,W,30,N,2.52,ProTherm,P0ABQ4,5DFR,,P0ABQ4,P0ABQ4,AlphaFold,./pdb_files\P0ABQ4_AF.pdb,Match,A
P0ABQ4,W,30,R,2.49,ProTherm,P0ABQ4,5DFR,,P0ABQ4,P0ABQ4,AlphaFold,./pdb_files\P0ABQ4_AF.pdb,Match,A
P0ABQ4,W,30,S,2.74,ProTherm,P0ABQ4,5DFR,,P0ABQ4,P0ABQ4,AlphaFold,./pdb_files\P0ABQ4_AF.pdb,Match,A
P0ABQ4,W,30,Y,2.16,ProTherm,P0ABQ4,5DFR,,P0ABQ4,P0ABQ4,AlphaFold,./pdb_files\P0ABQ4_AF.pdb,Match,A
P0ABQ4,W,74,F,1.2,ProTherm,P0ABQ4,5DFR,,P0ABQ4,P0ABQ4,AlphaFold,./pdb_files\P0ABQ4_AF.pdb,Match,A
P0ACJ8,S,129,A,0.26,ProTherm,P0ACJ8,1G6N,,P0ACJ8,P0ACJ8,AlphaFold,./pdb_files\P0ACJ8_AF.pdb,Match,A
P0ACJ8,S,129,P,-0.14,ProTherm,P0ACJ8,1G6N,,P0ACJ8,P0ACJ8,AlphaFold,./pdb_files\P0ACJ8_AF.pdb,Match,A
P0AE67,A,101,G,1.0,ProTherm,P0AE67,1CEY,,P0AE67,P0AE67,AlphaFold,./pdb_files\P0AE67_AF.pdb,Match,A
P0AE67,A,113,G,0.8,ProTherm,P0AE67,1CEY,,P0AE67,P0AE67,AlphaFold,./pdb_files\P0AE67_AF.pdb,Match,A
P0AE67,A,114,G,0.5,ProTherm,P0AE67,1CEY,,P0AE67,P0AE67,AlphaFold,./pdb_files\P0AE67_AF.pdb,Match,A
P0AE67,A,48,G,-0.2,ProTherm,P0AE67,1CEY,,P0AE67,P0AE67,AlphaFold,./pdb_files\P0AE67_AF.pdb,Match,A
P0AE67,A,74,G,0.3,ProTherm,P0AE67,1CEY,,P0AE67,P0AE67,AlphaFold,./pdb_files\P0AE67_AF.pdb,Match,A
P0AE67,A,77,G,0.3,ProTherm,P0AE67,1CEY,,P0AE67,P0AE67,AlphaFold,./pdb_files\P0AE67_AF.pdb,Match,A
P0AE67,A,80,G,-0.6,ProTherm,P0AE67,1CEY,,P0AE67,P0AE67,AlphaFold,./pdb_files\P0AE67_AF.pdb,Match,A
P0AE67,A,88,G,-0.1,ProTherm,P0AE67,1CEY,,P0AE67,P0AE67,AlphaFold,./pdb_files\P0AE67_AF.pdb,Match,A
P0AE67,A,90,G,-0.5,ProTherm,P0AE67,1CEY,,P0AE67,P0AE67,AlphaFold,./pdb_files\P0AE67_AF.pdb,Match,A
P0AE67,A,99,G,0.5,ProTherm,P0AE67,1CEY,,P0AE67,P0AE67,AlphaFold,./pdb_files\P0AE67_AF.pdb,Match,A
P0AE67,D,12,A,-2.5,ProTherm,P0AE67,1CEY,,P0AE67,P0AE67,AlphaFold,./pdb_files\P0AE67_AF.pdb,Match,A
P0AE67,D,13,A,-2.7,ProTherm,P0AE67,1CEY,,P0AE67,P0AE67,AlphaFold,./pdb_files\P0AE67_AF.pdb,Match,A
P0AE67,D,57,A,-3.3,ProTherm,P0AE67,1CEY,,P0AE67,P0AE67,AlphaFold,./pdb_files\P0AE67_AF.pdb,Match,A
P0AE67,F,14,N,-2.9,ProTherm,P0AE67,1CEY,,P0AE67,P0AE67,AlphaFold,./pdb_files\P0AE67_AF.pdb,Match,A
P0AEX9,A,302,G,1.6949999999999998,ProTherm,P0AEX9,"1SVX, 1OMP, 3MBP, 6N85",,P0AEX9,P0AEX9,AlphaFold,./pdb_files\P0AEX9_AF.pdb,Match,A
P0AEX9,D,81,N,0.0,ProTherm,P0AEX9,"1SVX, 1OMP, 3MBP, 6N85",,P0AEX9,P0AEX9,AlphaFold,./pdb_files\P0AEX9_AF.pdb,Match,A
P0AEX9,G,45,C,2.3,ProTherm,P0AEX9,"1SVX, 1OMP, 3MBP, 6N85",,P0AEX9,P0AEX9,AlphaFold,./pdb_files\P0AEX9_AF.pdb,Match,A
P0AEX9,I,187,A,3.033333333333333,ProTherm,P0AEX9,"1SVX, 1OMP, 3MBP, 6N85",,P0AEX9,P0AEX9,AlphaFold,./pdb_files\P0AEX9_AF.pdb,Match,A
P0AEX9,I,85,A,1.2,ProTherm,P0AEX9,"1SVX, 1OMP, 3MBP, 6N85",,P0AEX9,P0AEX9,AlphaFold,./pdb_files\P0AEX9_AF.pdb,Match,A
P0AEX9,L,173,A,3.0,ProTherm,P0AEX9,"1SVX, 1OMP, 3MBP, 6N85",,P0AEX9,P0AEX9,AlphaFold,./pdb_files\P0AEX9_AF.pdb,Match,A
P0AEX9,L,218,A,3.1,ProTherm,P0AEX9,"1SVX, 1OMP, 3MBP, 6N85",,P0AEX9,P0AEX9,AlphaFold,./pdb_files\P0AEX9_AF.pdb,Match,A
P0AEX9,L,221,A,4.2,ProTherm,P0AEX9,"1SVX, 1OMP, 3MBP, 6N85",,P0AEX9,P0AEX9,AlphaFold,./pdb_files\P0AEX9_AF.pdb,Match,A
P0AEX9,L,387,A,2.0,ProTherm,P0AEX9,"1SVX, 1OMP, 3MBP, 6N85",,P0AEX9,P0AEX9,AlphaFold,./pdb_files\P0AEX9_AF.pdb,Match,A
P0AEX9,P,159,A,0.3,ProTherm,P0AEX9,"1SVX, 1OMP, 3MBP, 6N85",,P0AEX9,P0AEX9,AlphaFold,./pdb_files\P0AEX9_AF.pdb,Match,A
P0AEX9,P,185,A,0.9333333333333332,ProTherm,P0AEX9,"1SVX, 1OMP, 3MBP, 6N85",,P0AEX9,P0AEX9,AlphaFold,./pdb_files\P0AEX9_AF.pdb,Match,A
P0AEX9,P,185,S,1.5333333333333332,ProTherm,P0AEX9,"1SVX, 1OMP, 3MBP, 6N85",,P0AEX9,P0AEX9,AlphaFold,./pdb_files\P0AEX9_AF.pdb,Match,A
P0AEX9,P,74,A,-0.5,ProTherm,P0AEX9,"1SVX, 1OMP, 3MBP, 6N85",,P0AEX9,P0AEX9,AlphaFold,./pdb_files\P0AEX9_AF.pdb,Match,A
P0AEX9,T,371,I,-0.7,ProTherm,P0AEX9,"1SVX, 1OMP, 3MBP, 6N85",,P0AEX9,P0AEX9,AlphaFold,./pdb_files\P0AEX9_AF.pdb,Match,A
P0AEX9,V,34,G,1.1,ProTherm,P0AEX9,"1SVX, 1OMP, 3MBP, 6N85",,P0AEX9,P0AEX9,AlphaFold,./pdb_files\P0AEX9_AF.pdb,Match,A
P0AEX9,V,373,A,2.0,ProTherm,P0AEX9,"1SVX, 1OMP, 3MBP, 6N85",,P0AEX9,P0AEX9,AlphaFold,./pdb_files\P0AEX9_AF.pdb,Match,A
P0AEX9,W,36,A,4.3,ProTherm,P0AEX9,"1SVX, 1OMP, 3MBP, 6N85",,P0AEX9,P0AEX9,AlphaFold,./pdb_files\P0AEX9_AF.pdb,Match,A
P0AEX9,Y,309,D,3.2,ProTherm,P0AEX9,"1SVX, 1OMP, 3MBP, 6N85",,P0AEX9,P0AEX9,AlphaFold,./pdb_files\P0AEX9_AF.pdb,Match,A
P0AFG6,A,113,G,-0.04,ProTherm,P0AFG6,1W4H,,P0AFG6,P0AFG6,AlphaFold,./pdb_files\P0AFG6_AF.pdb,Match,A
P0AFG6,A,117,G,-0.32,ProTherm,P0AFG6,1W4H,,P0AFG6,P0AFG6,AlphaFold,./pdb_files\P0AFG6_AF.pdb,Match,A
P0AFG6,A,123,G,-0.93,ProTherm,P0AFG6,1W4H,,P0AFG6,P0AFG6,AlphaFold,./pdb_files\P0AFG6_AF.pdb,Match,A
P0AFG6,A,129,G,-0.56,ProTherm,P0AFG6,1W4H,,P0AFG6,P0AFG6,AlphaFold,./pdb_files\P0AFG6_AF.pdb,Match,A
P0AFG6,A,131,G,-0.52,ProTherm,P0AFG6,1W4H,,P0AFG6,P0AFG6,AlphaFold,./pdb_files\P0AFG6_AF.pdb,Match,A
P0AFG6,A,151,G,-0.07,ProTherm,P0AFG6,1W4H,,P0AFG6,P0AFG6,AlphaFold,./pdb_files\P0AFG6_AF.pdb,Match,A
P0AFG6,D,145,N,-3.1,ProTherm,P0AFG6,1W4H,,P0AFG6,P0AFG6,AlphaFold,./pdb_files\P0AFG6_AF.pdb,Match,A
P0AFG6,H,149,A,0.06,ProTherm,P0AFG6,1W4H,,P0AFG6,P0AFG6,AlphaFold,./pdb_files\P0AFG6_AF.pdb,Match,A
P0AFG6,H,149,G,-1.87,ProTherm,P0AFG6,1W4H,,P0AFG6,P0AFG6,AlphaFold,./pdb_files\P0AFG6_AF.pdb,Match,A
P0AFG6,I,118,A,-1.24,ProTherm,P0AFG6,1W4H,,P0AFG6,P0AFG6,AlphaFold,./pdb_files\P0AFG6_AF.pdb,Match,A
P0AFG6,I,118,V,-0.03,ProTherm,P0AFG6,1W4H,,P0AFG6,P0AFG6,AlphaFold,./pdb_files\P0AFG6_AF.pdb,Match,A
P0AFG6,I,132,V,-0.7,ProTherm,P0AFG6,1W4H,,P0AFG6,P0AFG6,AlphaFold,./pdb_files\P0AFG6_AF.pdb,Match,A
P0AFG6,L,114,A,-0.9,ProTherm,P0AFG6,1W4H,,P0AFG6,P0AFG6,AlphaFold,./pdb_files\P0AFG6_AF.pdb,Match,A
P0AFG6,L,121,A,-1.6,ProTherm,P0AFG6,1W4H,,P0AFG6,P0AFG6,AlphaFold,./pdb_files\P0AFG6_AF.pdb,Match,A
P0AFG6,L,122,A,-3.5,ProTherm,P0AFG6,1W4H,,P0AFG6,P0AFG6,AlphaFold,./pdb_files\P0AFG6_AF.pdb,Match,A
P0AFG6,L,127,A,-1.37,ProTherm,P0AFG6,1W4H,,P0AFG6,P0AFG6,AlphaFold,./pdb_files\P0AFG6_AF.pdb,Match,A
P0AFG6,L,141,A,-2.12,ProTherm,P0AFG6,1W4H,,P0AFG6,P0AFG6,AlphaFold,./pdb_files\P0AFG6_AF.pdb,Match,A
P0AFG6,L,150,A,-0.6699999999999999,ProTherm,P0AFG6,1W4H,,P0AFG6,P0AFG6,AlphaFold,./pdb_files\P0AFG6_AF.pdb,Match,A
P0AFG6,P,116,A,0.38,ProTherm,P0AFG6,1W4H,,P0AFG6,P0AFG6,AlphaFold,./pdb_files\P0AFG6_AF.pdb,Match,A
P0AFG6,S,115,G,-0.57,ProTherm,P0AFG6,1W4H,,P0AFG6,P0AFG6,AlphaFold,./pdb_files\P0AFG6_AF.pdb,Match,A
P0AFG6,T,135,A,-1.68,ProTherm,P0AFG6,1W4H,,P0AFG6,P0AFG6,AlphaFold,./pdb_files\P0AFG6_AF.pdb,Match,A
P0AFG6,T,135,S,-0.29,ProTherm,P0AFG6,1W4H,,P0AFG6,P0AFG6,AlphaFold,./pdb_files\P0AFG6_AF.pdb,Match,A
P0AFG6,T,142,S,-1.32,ProTherm,P0AFG6,1W4H,,P0AFG6,P0AFG6,AlphaFold,./pdb_files\P0AFG6_AF.pdb,Match,A
P0AFG6,V,137,G,-0.98,ProTherm,P0AFG6,1W4H,,P0AFG6,P0AFG6,AlphaFold,./pdb_files\P0AFG6_AF.pdb,Match,A
P0AFG6,V,146,A,-2.02,ProTherm,P0AFG6,1W4H,,P0AFG6,P0AFG6,AlphaFold,./pdb_files\P0AFG6_AF.pdb,Match,A
P10762,A,155,K,1.69,ProTherm,P10762,1LS4,,P10762,P10762,AlphaFold,./pdb_files\P10762_AF.pdb,Match,A
P10762,L,33,K,1.36,ProTherm,P10762,1LS4,,P10762,P10762,AlphaFold,./pdb_files\P10762_AF.pdb,Match,A
P10762,T,159,A,1.32,ProTherm,P10762,1LS4,,P10762,P10762,AlphaFold,./pdb_files\P10762_AF.pdb,Match,A
P10762,T,47,A,-0.6,ProTherm,P10762,1LS4,,P10762,P10762,AlphaFold,./pdb_files\P10762_AF.pdb,Match,A
P10912,E,100,A,1.41,ProTherm,P10912,3HHR,,P10912,P10912,AlphaFold,./pdb_files\P10912_AF.pdb,Match,A
P10912,E,100,D,1.98,ProTherm,P10912,3HHR,,P10912,P10912,AlphaFold,./pdb_files\P10912_AF.pdb,Match,A
P10912,E,100,L,1.24,ProTherm,P10912,3HHR,,P10912,P10912,AlphaFold,./pdb_files\P10912_AF.pdb,Match,A
P10912,E,100,Q,1.24,ProTherm,P10912,3HHR,,P10912,P10912,AlphaFold,./pdb_files\P10912_AF.pdb,Match,A
P10912,E,100,S,1.11,ProTherm,P10912,3HHR,,P10912,P10912,AlphaFold,./pdb_files\P10912_AF.pdb,Match,A
P10912,E,100,T,1.72,ProTherm,P10912,3HHR,,P10912,P10912,AlphaFold,./pdb_files\P10912_AF.pdb,Match,A
P11309,E,124,Q,2.9,ProTherm,P11309,1XWS,,P11309,P11309,AlphaFold,./pdb_files\P11309_AF.pdb,Match,A
P11309,E,135,K,4.59,ProTherm,P11309,1XWS,,P11309,P11309,AlphaFold,./pdb_files\P11309_AF.pdb,Match,A
P11309,E,142,D,3.22,ProTherm,P11309,1XWS,,P11309,P11309,AlphaFold,./pdb_files\P11309_AF.pdb,Match,A
P11309,Y,53,H,3.3,ProTherm,P11309,1XWS,,P11309,P11309,AlphaFold,./pdb_files\P11309_AF.pdb,Match,A
P11540,C,41,A,-0.1,ProTherm,P11540,"1BTA, 1A19",,P11540,P11540,AlphaFold,./pdb_files\P11540_AF.pdb,Match,A
P11540,E,58,K,0.65,ProTherm,P11540,"1BTA, 1A19",,P11540,P11540,AlphaFold,./pdb_files\P11540_AF.pdb,Match,A
P11540,I,6,V,-1.0,ProTherm,P11540,"1BTA, 1A19",,P11540,P11540,AlphaFold,./pdb_files\P11540_AF.pdb,Match,A
P11540,K,22,A,1.1,ProTherm,P11540,"1BTA, 1A19",,P11540,P11540,AlphaFold,./pdb_files\P11540_AF.pdb,Match,A
P11540,K,22,Q,0.95,ProTherm,P11540,"1BTA, 1A19",,P11540,P11540,AlphaFold,./pdb_files\P11540_AF.pdb,Match,A
P11540,K,23,Q,0.8,ProTherm,P11540,"1BTA, 1A19",,P11540,P11540,AlphaFold,./pdb_files\P11540_AF.pdb,Match,A
P11540,K,61,E,1.1,ProTherm,P11540,"1BTA, 1A19",,P11540,P11540,AlphaFold,./pdb_files\P11540_AF.pdb,Match,A
P11540,K,61,L,-0.7,ProTherm,P11540,"1BTA, 1A19",,P11540,P11540,AlphaFold,./pdb_files\P11540_AF.pdb,Match,A
P11540,K,79,Q,-0.35,ProTherm,P11540,"1BTA, 1A19",,P11540,P11540,AlphaFold,./pdb_files\P11540_AF.pdb,Match,A
P11540,L,17,V,-1.1,ProTherm,P11540,"1BTA, 1A19",,P11540,P11540,AlphaFold,./pdb_files\P11540_AF.pdb,Match,A
P11540,L,35,V,-1.1,ProTherm,P11540,"1BTA, 1A19",,P11540,P11540,AlphaFold,./pdb_files\P11540_AF.pdb,Match,A
P11540,L,52,V,-0.6,ProTherm,P11540,"1BTA, 1A19",,P11540,P11540,AlphaFold,./pdb_files\P11540_AF.pdb,Match,A
P11540,R,76,L,-0.7,ProTherm,P11540,"1BTA, 1A19",,P11540,P11540,AlphaFold,./pdb_files\P11540_AF.pdb,Match,A
P11540,R,76,Q,0.35,ProTherm,P11540,"1BTA, 1A19",,P11540,P11540,AlphaFold,./pdb_files\P11540_AF.pdb,Match,A
P11961,A,131,G,1.7,ProTherm,P11961,"1W3D, 3DV0, 1W4E",,P11961,P11961,AlphaFold,./pdb_files\P11961_AF.pdb,Match,A
P11961,A,139,G,2.3,ProTherm,P11961,"1W3D, 3DV0, 1W4E",,P11961,P11961,AlphaFold,./pdb_files\P11961_AF.pdb,Match,A
P11961,A,168,G,0.3,ProTherm,P11961,"1W3D, 3DV0, 1W4E",,P11961,P11961,AlphaFold,./pdb_files\P11961_AF.pdb,Match,A
P11961,D,145,A,2.1,ProTherm,P11961,"1W3D, 3DV0, 1W4E",,P11961,P11961,AlphaFold,./pdb_files\P11961_AF.pdb,Match,A
P11961,D,145,N,0.9,ProTherm,P11961,"1W3D, 3DV0, 1W4E",,P11961,P11961,AlphaFold,./pdb_files\P11961_AF.pdb,Match,A
P11961,D,162,N,2.0,ProTherm,P11961,"1W3D, 3DV0, 1W4E",,P11961,P11961,AlphaFold,./pdb_files\P11961_AF.pdb,Match,A
P11961,D,164,A,2.3,ProTherm,P11961,"1W3D, 3DV0, 1W4E",,P11961,P11961,AlphaFold,./pdb_files\P11961_AF.pdb,Match,A
P11961,D,164,G,3.7,ProTherm,P11961,"1W3D, 3DV0, 1W4E",,P11961,P11961,AlphaFold,./pdb_files\P11961_AF.pdb,Match,A
P11961,D,164,N,1.9,ProTherm,P11961,"1W3D, 3DV0, 1W4E",,P11961,P11961,AlphaFold,./pdb_files\P11961_AF.pdb,Match,A
P11961,E,141,A,0.7,ProTherm,P11961,"1W3D, 3DV0, 1W4E",,P11961,P11961,AlphaFold,./pdb_files\P11961_AF.pdb,Match,A
P11961,E,141,Q,0.4,ProTherm,P11961,"1W3D, 3DV0, 1W4E",,P11961,P11961,AlphaFold,./pdb_files\P11961_AF.pdb,Match,A
P11961,I,130,A,0.7,ProTherm,P11961,"1W3D, 3DV0, 1W4E",,P11961,P11961,AlphaFold,./pdb_files\P11961_AF.pdb,Match,A
P11961,I,130,G,1.4,ProTherm,P11961,"1W3D, 3DV0, 1W4E",,P11961,P11961,AlphaFold,./pdb_files\P11961_AF.pdb,Match,A
P11961,I,130,V,0.2,ProTherm,P11961,"1W3D, 3DV0, 1W4E",,P11961,P11961,AlphaFold,./pdb_files\P11961_AF.pdb,Match,A
P11961,I,163,V,0.5,ProTherm,P11961,"1W3D, 3DV0, 1W4E",,P11961,P11961,AlphaFold,./pdb_files\P11961_AF.pdb,Match,A
P11961,L,159,A,2.0,ProTherm,P11961,"1W3D, 3DV0, 1W4E",,P11961,P11961,AlphaFold,./pdb_files\P11961_AF.pdb,Match,A
P11961,L,159,G,1.9,ProTherm,P11961,"1W3D, 3DV0, 1W4E",,P11961,P11961,AlphaFold,./pdb_files\P11961_AF.pdb,Match,A
P11961,L,159,V,0.6,ProTherm,P11961,"1W3D, 3DV0, 1W4E",,P11961,P11961,AlphaFold,./pdb_files\P11961_AF.pdb,Match,A
P11961,L,167,A,1.2,ProTherm,P11961,"1W3D, 3DV0, 1W4E",,P11961,P11961,AlphaFold,./pdb_files\P11961_AF.pdb,Match,A
P11961,L,167,V,0.2,ProTherm,P11961,"1W3D, 3DV0, 1W4E",,P11961,P11961,AlphaFold,./pdb_files\P11961_AF.pdb,Match,A
P11961,V,129,A,0.7,ProTherm,P11961,"1W3D, 3DV0, 1W4E",,P11961,P11961,AlphaFold,./pdb_files\P11961_AF.pdb,Match,A
P11961,V,129,G,1.0,ProTherm,P11961,"1W3D, 3DV0, 1W4E",,P11961,P11961,AlphaFold,./pdb_files\P11961_AF.pdb,Match,A
P11961,V,149,A,2.8,ProTherm,P11961,"1W3D, 3DV0, 1W4E",,P11961,P11961,AlphaFold,./pdb_files\P11961_AF.pdb,Match,A
P11961,V,149,G,4.1,ProTherm,P11961,"1W3D, 3DV0, 1W4E",,P11961,P11961,AlphaFold,./pdb_files\P11961_AF.pdb,Match,A
P11961,V,158,A,3.2,ProTherm,P11961,"1W3D, 3DV0, 1W4E",,P11961,P11961,AlphaFold,./pdb_files\P11961_AF.pdb,Match,A
P11961,Y,138,F,2.0,ProTherm,P11961,"1W3D, 3DV0, 1W4E",,P11961,P11961,AlphaFold,./pdb_files\P11961_AF.pdb,Match,A
P13123,V,30,I,-0.7,ProTherm,P13123,1AZP,,P13123,P13123,AlphaFold,./pdb_files\P13123_AF.pdb,Match,A
P13479,A,25,G,0.14,ProTherm,P13479,1IMQ,,P13479,P13479,AlphaFold,./pdb_files\P13479_AF.pdb,Match,A
P13479,E,31,L,0.67,ProTherm,P13479,1IMQ,,P13479,P13479,AlphaFold,./pdb_files\P13479_AF.pdb,Match,A
P13479,E,41,V,-0.88,ProTherm,P13479,1IMQ,,P13479,P13479,AlphaFold,./pdb_files\P13479_AF.pdb,Match,A
P13479,T,27,G,1.43,ProTherm,P13479,1IMQ,,P13479,P13479,AlphaFold,./pdb_files\P13479_AF.pdb,Match,A
P13479,V,19,L,1.82,ProTherm,P13479,1IMQ,,P13479,P13479,AlphaFold,./pdb_files\P13479_AF.pdb,Match,A
P13479,V,34,L,-0.33,ProTherm,P13479,1IMQ,,P13479,P13479,AlphaFold,./pdb_files\P13479_AF.pdb,Match,A
P13479,V,37,L,0.26,ProTherm,P13479,1IMQ,,P13479,P13479,AlphaFold,./pdb_files\P13479_AF.pdb,Match,A
P13479,V,68,I,0.81,ProTherm,P13479,1IMQ,,P13479,P13479,AlphaFold,./pdb_files\P13479_AF.pdb,Match,A
P13479,V,71,I,-0.07,ProTherm,P13479,1IMQ,,P13479,P13479,AlphaFold,./pdb_files\P13479_AF.pdb,Match,A
P13726,R,232,W,-0.6,ProTherm,P13726,1BOY,,P13726,P13726,AlphaFold,./pdb_files\P13726_AF.pdb,Match,A
P15917,H,124,N,-0.4866666666666666,ProTherm,P15917,1J7N,,P15917,P15917,AlphaFold,./pdb_files\P15917_AF.pdb,Match,A
P15917,I,72,A,-0.4833333333333333,ProTherm,P15917,1J7N,,P15917,P15917,AlphaFold,./pdb_files\P15917_AF.pdb,Match,A
P15917,V,103,A,-0.94,ProTherm,P15917,1J7N,,P15917,P15917,AlphaFold,./pdb_files\P15917_AF.pdb,Match,A
P16304,Q,199,R,-0.48,ProTherm,P16304,2EU8,,P16304,P16304,AlphaFold,./pdb_files\P16304_AF.pdb,Match,A
P17778,I,309,L,-0.4499999999999999,ProTherm,P17778,1JL5,,P17778,P17778,AlphaFold,./pdb_files\P17778_AF.pdb,Match,A
P19614,D,36,A,-0.905,ProTherm,P19614,1MSI,,P19614,P19614,AlphaFold,./pdb_files\P19614_AF.pdb,Match,A
P19614,D,58,N,0.06,ProTherm,P19614,1MSI,,P19614,P19614,AlphaFold,./pdb_files\P19614_AF.pdb,Match,A
P19614,R,23,A,0.7,ProTherm,P19614,1MSI,,P19614,P19614,AlphaFold,./pdb_files\P19614_AF.pdb,Match,A
P19614,R,39,A,0.69,ProTherm,P19614,1MSI,,P19614,P19614,AlphaFold,./pdb_files\P19614_AF.pdb,Match,A
P19614,R,47,A,0.555,ProTherm,P19614,1MSI,,P19614,P19614,AlphaFold,./pdb_files\P19614_AF.pdb,Match,A
P20533,A,609,G,2.33,ProTherm,P20533,1K85,,P20533,P20533,AlphaFold,./pdb_files\P20533_AF.pdb,Match,A
P20533,A,626,G,1.88,ProTherm,P20533,1K85,,P20533,P20533,AlphaFold,./pdb_files\P20533_AF.pdb,Match,A
P20533,F,622,L,2.5,ProTherm,P20533,1K85,,P20533,P20533,AlphaFold,./pdb_files\P20533_AF.pdb,Match,A
P20533,I,576,A,3.11,ProTherm,P20533,1K85,,P20533,P20533,AlphaFold,./pdb_files\P20533_AF.pdb,Match,A
P20533,I,611,A,3.63,ProTherm,P20533,1K85,,P20533,P20533,AlphaFold,./pdb_files\P20533_AF.pdb,Match,A
P20533,L,566,A,2.52,ProTherm,P20533,1K85,,P20533,P20533,AlphaFold,./pdb_files\P20533_AF.pdb,Match,A
P20533,L,578,A,5.54,ProTherm,P20533,1K85,,P20533,P20533,AlphaFold,./pdb_files\P20533_AF.pdb,Match,A
P20533,L,600,A,2.78,ProTherm,P20533,1K85,,P20533,P20533,AlphaFold,./pdb_files\P20533_AF.pdb,Match,A
P20533,L,614,A,5.26,ProTherm,P20533,1K85,,P20533,P20533,AlphaFold,./pdb_files\P20533_AF.pdb,Match,A
P20533,N,596,A,1.0,ProTherm,P20533,1K85,,P20533,P20533,AlphaFold,./pdb_files\P20533_AF.pdb,Match,A
P20533,S,568,A,-0.1,ProTherm,P20533,1K85,,P20533,P20533,AlphaFold,./pdb_files\P20533_AF.pdb,Match,A
P20533,S,637,A,1.42,ProTherm,P20533,1K85,,P20533,P20533,AlphaFold,./pdb_files\P20533_AF.pdb,Match,A
P20533,T,602,A,-1.49,ProTherm,P20533,1K85,,P20533,P20533,AlphaFold,./pdb_files\P20533_AF.pdb,Match,A
P20533,V,589,A,1.77,ProTherm,P20533,1K85,,P20533,P20533,AlphaFold,./pdb_files\P20533_AF.pdb,Match,A
P20533,V,594,A,4.19,ProTherm,P20533,1K85,,P20533,P20533,AlphaFold,./pdb_files\P20533_AF.pdb,Match,A
P20533,V,604,A,1.58,ProTherm,P20533,1K85,,P20533,P20533,AlphaFold,./pdb_files\P20533_AF.pdb,Match,A
P20533,V,624,A,4.07,ProTherm,P20533,1K85,,P20533,P20533,AlphaFold,./pdb_files\P20533_AF.pdb,Match,A
P20533,V,640,A,1.66,ProTherm,P20533,1K85,,P20533,P20533,AlphaFold,./pdb_files\P20533_AF.pdb,Match,A
P20533,V,642,A,1.44,ProTherm,P20533,1K85,,P20533,P20533,AlphaFold,./pdb_files\P20533_AF.pdb,Match,A
P20533,Y,592,F,1.77,ProTherm,P20533,1K85,,P20533,P20533,AlphaFold,./pdb_files\P20533_AF.pdb,Match,A
P20533,Y,592,L,5.97,ProTherm,P20533,1K85,,P20533,P20533,AlphaFold,./pdb_files\P20533_AF.pdb,Match,A
P20533,Y,620,F,1.52,ProTherm,P20533,1K85,,P20533,P20533,AlphaFold,./pdb_files\P20533_AF.pdb,Match,A
P20533,Y,620,L,4.38,ProTherm,P20533,1K85,,P20533,P20533,AlphaFold,./pdb_files\P20533_AF.pdb,Match,A
P22069,F,28,A,5.0,ProTherm,P22069,1ONC,,P22069,P22069,AlphaFold,./pdb_files\P22069_AF.pdb,Match,A
P22069,F,28,T,5.31,ProTherm,P22069,1ONC,,P22069,P22069,AlphaFold,./pdb_files\P22069_AF.pdb,Match,A
P22069,F,36,Y,4.66,ProTherm,P22069,1ONC,,P22069,P22069,AlphaFold,./pdb_files\P22069_AF.pdb,Match,A
P22069,M,23,L,2.22,ProTherm,P22069,1ONC,,P22069,P22069,AlphaFold,./pdb_files\P22069_AF.pdb,Match,A
P23370,A,35,G,0.5,ProTherm,P23370,1RIS,,P23370,P23370,AlphaFold,./pdb_files\P23370_AF.pdb,Match,A
P23370,I,26,A,2.9,ProTherm,P23370,1RIS,,P23370,P23370,AlphaFold,./pdb_files\P23370_AF.pdb,Match,A
P23370,I,8,A,3.7000000000000006,ProTherm,P23370,1RIS,,P23370,P23370,AlphaFold,./pdb_files\P23370_AF.pdb,Match,A
P23370,L,75,A,0.7999999999999999,ProTherm,P23370,1RIS,,P23370,P23370,AlphaFold,./pdb_files\P23370_AF.pdb,Match,A
P23370,L,79,A,3.575,ProTherm,P23370,1RIS,,P23370,P23370,AlphaFold,./pdb_files\P23370_AF.pdb,Match,A
P23370,V,37,A,2.325,ProTherm,P23370,1RIS,,P23370,P23370,AlphaFold,./pdb_files\P23370_AF.pdb,Match,A
P23370,V,65,A,2.75,ProTherm,P23370,1RIS,,P23370,P23370,AlphaFold,./pdb_files\P23370_AF.pdb,Match,A
P23370,V,85,A,2.65,ProTherm,P23370,1RIS,,P23370,P23370,AlphaFold,./pdb_files\P23370_AF.pdb,Match,A
P23370,V,88,A,1.825,ProTherm,P23370,1RIS,,P23370,P23370,AlphaFold,./pdb_files\P23370_AF.pdb,Match,A
P23540,A,106,L,2.92,ProTherm,P23540,1BK7,,P23540,P23540,AlphaFold,./pdb_files\P23540_AF.pdb,Match,A
P23540,D,108,A,0.31,ProTherm,P23540,1BK7,,P23540,P23540,AlphaFold,./pdb_files\P23540_AF.pdb,Match,A
P23540,F,103,A,5.28,ProTherm,P23540,1BK7,,P23540,P23540,AlphaFold,./pdb_files\P23540_AF.pdb,Match,A
P23540,F,191,A,3.23,ProTherm,P23540,1BK7,,P23540,P23540,AlphaFold,./pdb_files\P23540_AF.pdb,Match,A
P23540,G,128,A,1.04,ProTherm,P23540,1BK7,,P23540,P23540,AlphaFold,./pdb_files\P23540_AF.pdb,Match,A
P23540,G,174,A,0.08,ProTherm,P23540,1BK7,,P23540,P23540,AlphaFold,./pdb_files\P23540_AF.pdb,Match,A
P23540,P,126,A,0.83,ProTherm,P23540,1BK7,,P23540,P23540,AlphaFold,./pdb_files\P23540_AF.pdb,Match,A
P23540,V,167,A,2.32,ProTherm,P23540,1BK7,,P23540,P23540,AlphaFold,./pdb_files\P23540_AF.pdb,Match,A
P23540,Y,102,A,6.69,ProTherm,P23540,1BK7,,P23540,P23540,AlphaFold,./pdb_files\P23540_AF.pdb,Match,A
P24297,I,24,V,0.55,ProTherm,P24297,1BRF,,P24297,P24297,AlphaFold,./pdb_files\P24297_AF.pdb,Match,A
P24297,L,33,I,0.88,ProTherm,P24297,1BRF,,P24297,P24297,AlphaFold,./pdb_files\P24297_AF.pdb,Match,A
P24821,A,819,G,2.8,ProTherm,P24821,1TEN,,P24821,P24821,AlphaFold,./pdb_files\P24821_AF.pdb,Match,A
P24821,A,885,G,1.09,ProTherm,P24821,1TEN,,P24821,P24821,AlphaFold,./pdb_files\P24821_AF.pdb,Match,A
P24821,E,887,A,-1.61,ProTherm,P24821,1TEN,,P24821,P24821,AlphaFold,./pdb_files\P24821_AF.pdb,Match,A
P24821,E,887,G,1.145,ProTherm,P24821,1TEN,,P24821,P24821,AlphaFold,./pdb_files\P24821_AF.pdb,Match,A
P24821,F,889,A,5.43,ProTherm,P24821,1TEN,,P24821,P24821,AlphaFold,./pdb_files\P24821_AF.pdb,Match,A
P24821,I,809,A,2.86,ProTherm,P24821,1TEN,,P24821,P24821,AlphaFold,./pdb_files\P24821_AF.pdb,Match,A
P24821,I,809,V,0.18,ProTherm,P24821,1TEN,,P24821,P24821,AlphaFold,./pdb_files\P24821_AF.pdb,Match,A
P24821,I,821,A,3.67,ProTherm,P24821,1TEN,,P24821,P24821,AlphaFold,./pdb_files\P24821_AF.pdb,Match,A
P24821,I,821,V,0.23,ProTherm,P24821,1TEN,,P24821,P24821,AlphaFold,./pdb_files\P24821_AF.pdb,Match,A
P24821,I,830,A,1.38,ProTherm,P24821,1TEN,,P24821,P24821,AlphaFold,./pdb_files\P24821_AF.pdb,Match,A
P24821,I,830,V,0.32,ProTherm,P24821,1TEN,,P24821,P24821,AlphaFold,./pdb_files\P24821_AF.pdb,Match,A
P24821,I,833,A,3.28,ProTherm,P24821,1TEN,,P24821,P24821,AlphaFold,./pdb_files\P24821_AF.pdb,Match,A
P24821,I,833,V,0.5,ProTherm,P24821,1TEN,,P24821,P24821,AlphaFold,./pdb_files\P24821_AF.pdb,Match,A
P24821,I,849,A,2.19,ProTherm,P24821,1TEN,,P24821,P24821,AlphaFold,./pdb_files\P24821_AF.pdb,Match,A
P24821,I,860,A,2.06,ProTherm,P24821,1TEN,,P24821,P24821,AlphaFold,./pdb_files\P24821_AF.pdb,Match,A
P24821,I,860,V,0.83,ProTherm,P24821,1TEN,,P24821,P24821,AlphaFold,./pdb_files\P24821_AF.pdb,Match,A
P24821,L,835,A,4.29,ProTherm,P24821,1TEN,,P24821,P24821,AlphaFold,./pdb_files\P24821_AF.pdb,Match,A
P24821,L,851,A,2.99,ProTherm,P24821,1TEN,,P24821,P24821,AlphaFold,./pdb_files\P24821_AF.pdb,Match,A
P24821,L,863,A,4.22,ProTherm,P24821,1TEN,,P24821,P24821,AlphaFold,./pdb_files\P24821_AF.pdb,Match,A
P24821,L,873,A,3.06,ProTherm,P24821,1TEN,,P24821,P24821,AlphaFold,./pdb_files\P24821_AF.pdb,Match,A
P24821,P,806,A,2.74,ProTherm,P24821,1TEN,,P24821,P24821,AlphaFold,./pdb_files\P24821_AF.pdb,Match,A
P24821,P,826,A,1.73,ProTherm,P24821,1TEN,,P24821,P24821,AlphaFold,./pdb_files\P24821_AF.pdb,Match,A
P24821,P,865,A,0.93,ProTherm,P24821,1TEN,,P24821,P24821,AlphaFold,./pdb_files\P24821_AF.pdb,Match,A
P24821,P,884,A,0.11,ProTherm,P24821,1TEN,,P24821,P24821,AlphaFold,./pdb_files\P24821_AF.pdb,Match,A
P24821,S,875,A,-0.04,ProTherm,P24821,1TEN,,P24821,P24821,AlphaFold,./pdb_files\P24821_AF.pdb,Match,A
P24821,S,882,A,2.55,ProTherm,P24821,1TEN,,P24821,P24821,AlphaFold,./pdb_files\P24821_AF.pdb,Match,A
P24821,T,867,S,1.22,ProTherm,P24821,1TEN,,P24821,P24821,AlphaFold,./pdb_files\P24821_AF.pdb,Match,A
P24821,V,811,A,1.36,ProTherm,P24821,1TEN,,P24821,P24821,AlphaFold,./pdb_files\P24821_AF.pdb,Match,A
P24821,V,871,A,2.81,ProTherm,P24821,1TEN,,P24821,P24821,AlphaFold,./pdb_files\P24821_AF.pdb,Match,A
P24821,Y,837,A,4.22,ProTherm,P24821,1TEN,,P24821,P24821,AlphaFold,./pdb_files\P24821_AF.pdb,Match,A
P24821,Y,858,A,1.38,ProTherm,P24821,1TEN,,P24821,P24821,AlphaFold,./pdb_files\P24821_AF.pdb,Match,A
P24821,Y,858,G,3.45,ProTherm,P24821,1TEN,,P24821,P24821,AlphaFold,./pdb_files\P24821_AF.pdb,Match,A
P24821,Y,869,A,-1.88,ProTherm,P24821,1TEN,,P24821,P24821,AlphaFold,./pdb_files\P24821_AF.pdb,Match,A
P25440,D,160,Y,4.109999999999999,ProTherm,P25440,"3ONI, 4ALH",,P25440,P25440,AlphaFold,./pdb_files\P25440_AF.pdb,Match,A
P25440,D,161,N,2.615,ProTherm,P25440,"3ONI, 4ALH",,P25440,P25440,AlphaFold,./pdb_files\P25440_AF.pdb,Match,A
P25440,D,161,Y,4.02,ProTherm,P25440,"3ONI, 4ALH",,P25440,P25440,AlphaFold,./pdb_files\P25440_AF.pdb,Match,A
P25440,E,140,K,4.0,ProTherm,P25440,"3ONI, 4ALH",,P25440,P25440,AlphaFold,./pdb_files\P25440_AF.pdb,Match,A
P25440,Q,443,H,-1.285,ProTherm,P25440,"3ONI, 4ALH",,P25440,P25440,AlphaFold,./pdb_files\P25440_AF.pdb,Match,A
P25440,Y,153,H,5.9,ProTherm,P25440,"3ONI, 4ALH",,P25440,P25440,AlphaFold,./pdb_files\P25440_AF.pdb,Match,A
P29160,D,13,A,-0.24,ProTherm,P29160,1H7M,,P29160,P29160,AlphaFold,./pdb_files\P29160_AF.pdb,Match,A
P29160,D,3,A,0.53,ProTherm,P29160,1H7M,,P29160,P29160,AlphaFold,./pdb_files\P29160_AF.pdb,Match,A
P29160,D,45,A,-0.05,ProTherm,P29160,1H7M,,P29160,P29160,AlphaFold,./pdb_files\P29160_AF.pdb,Match,A
P29160,D,49,A,-0.36,ProTherm,P29160,1H7M,,P29160,P29160,AlphaFold,./pdb_files\P29160_AF.pdb,Match,A
P29160,D,88,A,1.36,ProTherm,P29160,1H7M,,P29160,P29160,AlphaFold,./pdb_files\P29160_AF.pdb,Match,A
P29160,E,48,A,0.05,ProTherm,P29160,1H7M,,P29160,P29160,AlphaFold,./pdb_files\P29160_AF.pdb,Match,A
P29160,E,51,A,-0.57,ProTherm,P29160,1H7M,,P29160,P29160,AlphaFold,./pdb_files\P29160_AF.pdb,Match,A
P29160,E,63,A,1.29,ProTherm,P29160,1H7M,,P29160,P29160,AlphaFold,./pdb_files\P29160_AF.pdb,Match,A
P29160,E,65,A,0.26,ProTherm,P29160,1H7M,,P29160,P29160,AlphaFold,./pdb_files\P29160_AF.pdb,Match,A
P29160,E,70,A,0.74,ProTherm,P29160,1H7M,,P29160,P29160,AlphaFold,./pdb_files\P29160_AF.pdb,Match,A
P29160,E,7,A,0.76,ProTherm,P29160,1H7M,,P29160,P29160,AlphaFold,./pdb_files\P29160_AF.pdb,Match,A
P29160,E,91,A,0.41,ProTherm,P29160,1H7M,,P29160,P29160,AlphaFold,./pdb_files\P29160_AF.pdb,Match,A
P29160,H,79,A,0.5,ProTherm,P29160,1H7M,,P29160,P29160,AlphaFold,./pdb_files\P29160_AF.pdb,Match,A
P29160,K,10,A,0.29,ProTherm,P29160,1H7M,,P29160,P29160,AlphaFold,./pdb_files\P29160_AF.pdb,Match,A
P29160,K,16,A,0.91,ProTherm,P29160,1H7M,,P29160,P29160,AlphaFold,./pdb_files\P29160_AF.pdb,Match,A
P29160,K,23,A,-0.43,ProTherm,P29160,1H7M,,P29160,P29160,AlphaFold,./pdb_files\P29160_AF.pdb,Match,A
P29160,K,29,A,1.2,ProTherm,P29160,1H7M,,P29160,P29160,AlphaFold,./pdb_files\P29160_AF.pdb,Match,A
P29160,K,34,A,-0.12,ProTherm,P29160,1H7M,,P29160,P29160,AlphaFold,./pdb_files\P29160_AF.pdb,Match,A
P29160,K,47,A,1.1,ProTherm,P29160,1H7M,,P29160,P29160,AlphaFold,./pdb_files\P29160_AF.pdb,Match,A
P29160,R,22,A,-0.07,ProTherm,P29160,1H7M,,P29160,P29160,AlphaFold,./pdb_files\P29160_AF.pdb,Match,A
P29160,R,40,A,0.07,ProTherm,P29160,1H7M,,P29160,P29160,AlphaFold,./pdb_files\P29160_AF.pdb,Match,A
P29160,R,43,A,-0.33,ProTherm,P29160,1H7M,,P29160,P29160,AlphaFold,./pdb_files\P29160_AF.pdb,Match,A
P29160,R,55,A,0.26,ProTherm,P29160,1H7M,,P29160,P29160,AlphaFold,./pdb_files\P29160_AF.pdb,Match,A
P29160,R,77,A,-0.19,ProTherm,P29160,1H7M,,P29160,P29160,AlphaFold,./pdb_files\P29160_AF.pdb,Match,A
P29160,R,93,A,0.31,ProTherm,P29160,1H7M,,P29160,P29160,AlphaFold,./pdb_files\P29160_AF.pdb,Match,A
P29160,R,9,A,0.76,ProTherm,P29160,1H7M,,P29160,P29160,AlphaFold,./pdb_files\P29160_AF.pdb,Match,A
P29768,A,53,L,-0.81,ProTherm,P29768,1DIL,,P29768,P29768,AlphaFold,./pdb_files\P29768_AF.pdb,Match,A
P29768,A,69,V,-0.62,ProTherm,P29768,1DIL,,P29768,P29768,AlphaFold,./pdb_files\P29768_AF.pdb,Match,A
P30289,Y,100,F,0.7,ProTherm,P30289,1MGR,,P30289,P30289,AlphaFold,./pdb_files\P30289_AF.pdb,Match,A
P30289,Y,125,F,1.5,ProTherm,P30289,1MGR,,P30289,P30289,AlphaFold,./pdb_files\P30289_AF.pdb,Match,A
P30289,Y,126,F,1.0,ProTherm,P30289,1MGR,,P30289,P30289,AlphaFold,./pdb_files\P30289_AF.pdb,Match,A
P30289,Y,131,F,0.0,ProTherm,P30289,1MGR,,P30289,P30289,AlphaFold,./pdb_files\P30289_AF.pdb,Match,A
P30289,Y,53,F,0.6,ProTherm,P30289,1MGR,,P30289,P30289,AlphaFold,./pdb_files\P30289_AF.pdb,Match,A
P30289,Y,75,F,-0.5,ProTherm,P30289,1MGR,,P30289,P30289,AlphaFold,./pdb_files\P30289_AF.pdb,Match,A
P30289,Y,96,F,2.6,ProTherm,P30289,1MGR,,P30289,P30289,AlphaFold,./pdb_files\P30289_AF.pdb,Match,A
P30289,Y,97,F,2.1,ProTherm,P30289,1MGR,,P30289,P30289,AlphaFold,./pdb_files\P30289_AF.pdb,Match,A
P32081,A,46,E,-0.02,ProTherm,P32081,1CSP,1CSQ,P32081,P32081,AlphaFold,./pdb_files\P32081_AF.pdb,Match,A
P32081,A,46,K,-1.41,ProTherm,P32081,1CSP,1CSQ,P32081,P32081,AlphaFold,./pdb_files\P32081_AF.pdb,Match,A
P32081,D,24,K,0.385,ProTherm,P32081,1CSP,1CSQ,P32081,P32081,AlphaFold,./pdb_files\P32081_AF.pdb,Match,A
P32081,D,24,N,0.5,ProTherm,P32081,1CSP,1CSQ,P32081,P32081,AlphaFold,./pdb_files\P32081_AF.pdb,Match,A
P32081,D,25,K,1.08,ProTherm,P32081,1CSP,1CSQ,P32081,P32081,AlphaFold,./pdb_files\P32081_AF.pdb,Match,A
P32081,D,25,Q,0.41,ProTherm,P32081,1CSP,1CSQ,P32081,P32081,AlphaFold,./pdb_files\P32081_AF.pdb,Match,A
P32081,E,12,K,0.24,ProTherm,P32081,1CSP,1CSQ,P32081,P32081,AlphaFold,./pdb_files\P32081_AF.pdb,Match,A
P32081,E,19,K,0.62,ProTherm,P32081,1CSP,1CSQ,P32081,P32081,AlphaFold,./pdb_files\P32081_AF.pdb,Match,A
P32081,E,19,Q,0.31,ProTherm,P32081,1CSP,1CSQ,P32081,P32081,AlphaFold,./pdb_files\P32081_AF.pdb,Match,A
P32081,E,21,K,0.16,ProTherm,P32081,1CSP,1CSQ,P32081,P32081,AlphaFold,./pdb_files\P32081_AF.pdb,Match,A
P32081,E,21,Q,0.32,ProTherm,P32081,1CSP,1CSQ,P32081,P32081,AlphaFold,./pdb_files\P32081_AF.pdb,Match,A
P32081,E,3,K,-2.75,ProTherm,P32081,1CSP,1CSQ,P32081,P32081,AlphaFold,./pdb_files\P32081_AF.pdb,Match,A
P32081,E,3,L,-0.41,ProTherm,P32081,1CSP,1CSQ,P32081,P32081,AlphaFold,./pdb_files\P32081_AF.pdb,Match,A
P32081,E,3,Q,-1.095,ProTherm,P32081,1CSP,1CSQ,P32081,P32081,AlphaFold,./pdb_files\P32081_AF.pdb,Match,A
P32081,E,3,R,-0.88,ProTherm,P32081,1CSP,1CSQ,P32081,P32081,AlphaFold,./pdb_files\P32081_AF.pdb,Match,A
P32081,E,42,Q,0.1666666666666666,ProTherm,P32081,1CSP,1CSQ,P32081,P32081,AlphaFold,./pdb_files\P32081_AF.pdb,Match,A
P32081,E,43,K,-0.24,ProTherm,P32081,1CSP,1CSQ,P32081,P32081,AlphaFold,./pdb_files\P32081_AF.pdb,Match,A
P32081,E,43,S,-0.29,ProTherm,P32081,1CSP,1CSQ,P32081,P32081,AlphaFold,./pdb_files\P32081_AF.pdb,Match,A
P32081,E,50,Q,0.96,ProTherm,P32081,1CSP,1CSQ,P32081,P32081,AlphaFold,./pdb_files\P32081_AF.pdb,Match,A
P32081,E,53,K,0.1433333333333333,ProTherm,P32081,1CSP,1CSQ,P32081,P32081,AlphaFold,./pdb_files\P32081_AF.pdb,Match,A
P32081,E,53,Q,-0.2033333333333333,ProTherm,P32081,1CSP,1CSQ,P32081,P32081,AlphaFold,./pdb_files\P32081_AF.pdb,Match,A
P32081,E,66,K,-2.17,ProTherm,P32081,1CSP,1CSQ,P32081,P32081,AlphaFold,./pdb_files\P32081_AF.pdb,Match,A
P32081,E,66,L,-1.34,ProTherm,P32081,1CSP,1CSQ,P32081,P32081,AlphaFold,./pdb_files\P32081_AF.pdb,Match,A
P32081,F,15,A,2.27,ProTherm,P32081,1CSP,1CSQ,P32081,P32081,AlphaFold,./pdb_files\P32081_AF.pdb,Match,A
P32081,F,17,A,1.53,ProTherm,P32081,1CSP,1CSQ,P32081,P32081,AlphaFold,./pdb_files\P32081_AF.pdb,Match,A
P32081,F,27,A,0.76,ProTherm,P32081,1CSP,1CSQ,P32081,P32081,AlphaFold,./pdb_files\P32081_AF.pdb,Match,A
P32081,F,38,A,-0.15,ProTherm,P32081,1CSP,1CSQ,P32081,P32081,AlphaFold,./pdb_files\P32081_AF.pdb,Match,A
P32081,K,13,E,0.43,ProTherm,P32081,1CSP,1CSQ,P32081,P32081,AlphaFold,./pdb_files\P32081_AF.pdb,Match,A
P32081,K,13,Q,0.16,ProTherm,P32081,1CSP,1CSQ,P32081,P32081,AlphaFold,./pdb_files\P32081_AF.pdb,Match,A
P32081,K,39,E,0.1766666666666666,ProTherm,P32081,1CSP,1CSQ,P32081,P32081,AlphaFold,./pdb_files\P32081_AF.pdb,Match,A
P32081,K,39,Q,0.066,ProTherm,P32081,1CSP,1CSQ,P32081,P32081,AlphaFold,./pdb_files\P32081_AF.pdb,Match,A
P32081,K,5,Q,0.74,ProTherm,P32081,1CSP,1CSQ,P32081,P32081,AlphaFold,./pdb_files\P32081_AF.pdb,Match,A
P32081,K,65,E,0.93,ProTherm,P32081,1CSP,1CSQ,P32081,P32081,AlphaFold,./pdb_files\P32081_AF.pdb,Match,A
P32081,K,65,I,-1.53,ProTherm,P32081,1CSP,1CSQ,P32081,P32081,AlphaFold,./pdb_files\P32081_AF.pdb,Match,A
P32081,K,65,Q,0.2866666666666667,ProTherm,P32081,1CSP,1CSQ,P32081,P32081,AlphaFold,./pdb_files\P32081_AF.pdb,Match,A
P32081,M,1,R,-1.74,ProTherm,P32081,1CSP,1CSQ,P32081,P32081,AlphaFold,./pdb_files\P32081_AF.pdb,Match,A
P32081,N,10,D,-0.42,ProTherm,P32081,1CSP,1CSQ,P32081,P32081,AlphaFold,./pdb_files\P32081_AF.pdb,Match,A
P32081,N,55,D,-0.4616666666666666,ProTherm,P32081,1CSP,1CSQ,P32081,P32081,AlphaFold,./pdb_files\P32081_AF.pdb,Match,A
P32081,R,56,Q,-0.254,ProTherm,P32081,1CSP,1CSQ,P32081,P32081,AlphaFold,./pdb_files\P32081_AF.pdb,Match,A
P32081,S,48,E,-0.0233333333333333,ProTherm,P32081,1CSP,1CSQ,P32081,P32081,AlphaFold,./pdb_files\P32081_AF.pdb,Match,A
P32081,S,48,K,-0.6733333333333333,ProTherm,P32081,1CSP,1CSQ,P32081,P32081,AlphaFold,./pdb_files\P32081_AF.pdb,Match,A
P32081,S,48,R,-1.58,ProTherm,P32081,1CSP,1CSQ,P32081,P32081,AlphaFold,./pdb_files\P32081_AF.pdb,Match,A
P33665,W,267,F,2.263333333333333,ProTherm,P33665,1CHK,,P33665,P33665,AlphaFold,./pdb_files\P33665_AF.pdb,Match,A
P35670,H,1069,Q,0.96,ProTherm,P35670,2ARF,,P35670,P35670,AlphaFold,./pdb_files\P35670_AF.pdb,Match,A
P37001,A,110,G,0.87,ProTherm,P37001,1THQ,,P37001,P37001,AlphaFold,./pdb_files\P37001_AF.pdb,Match,A
P37001,Y,112,G,6.14,ProTherm,P37001,1THQ,,P37001,P37001,AlphaFold,./pdb_files\P37001_AF.pdb,Match,A
P37231,E,488,K,0.17,ProTherm,P37231,1PRG,,P37231,P37231,AlphaFold,./pdb_files\P37231_AF.pdb,Match,A
P37231,F,388,L,0.4,ProTherm,P37231,1PRG,,P37231,P37231,AlphaFold,./pdb_files\P37231_AF.pdb,Match,A
P37231,P,495,L,-0.11,ProTherm,P37231,1PRG,,P37231,P37231,AlphaFold,./pdb_files\P37231_AF.pdb,Match,A
P37231,Q,342,P,0.3,ProTherm,P37231,1PRG,,P37231,P37231,AlphaFold,./pdb_files\P37231_AF.pdb,Match,A
P37231,R,316,H,-0.06,ProTherm,P37231,1PRG,,P37231,P37231,AlphaFold,./pdb_files\P37231_AF.pdb,Match,A
P37231,R,385,A,-0.19,ProTherm,P37231,1PRG,,P37231,P37231,AlphaFold,./pdb_files\P37231_AF.pdb,Match,A
P37231,V,318,M,-0.03,ProTherm,P37231,1PRG,,P37231,P37231,AlphaFold,./pdb_files\P37231_AF.pdb,Match,A
P38398,A,1669,S,-0.16,ProTherm,P38398,1JNX,,P38398,P38398,AlphaFold,./pdb_files\P38398_AF.pdb,Match,A
P38398,A,1843,P,4.89,ProTherm,P38398,1JNX,,P38398,P38398,AlphaFold,./pdb_files\P38398_AF.pdb,Match,A
P38398,C,1787,S,-0.37,ProTherm,P38398,1JNX,,P38398,P38398,AlphaFold,./pdb_files\P38398_AF.pdb,Match,A
P38398,D,1692,N,1.15,ProTherm,P38398,1JNX,,P38398,P38398,AlphaFold,./pdb_files\P38398_AF.pdb,Match,A
P38398,D,1778,N,0.76,ProTherm,P38398,1JNX,,P38398,P38398,AlphaFold,./pdb_files\P38398_AF.pdb,Match,A
P38398,G,1706,A,1.12,ProTherm,P38398,1JNX,,P38398,P38398,AlphaFold,./pdb_files\P38398_AF.pdb,Match,A
P38398,G,1788,D,3.97,ProTherm,P38398,1JNX,,P38398,P38398,AlphaFold,./pdb_files\P38398_AF.pdb,Match,A
P38398,G,1788,V,1.84,ProTherm,P38398,1JNX,,P38398,P38398,AlphaFold,./pdb_files\P38398_AF.pdb,Match,A
P38398,L,1664,P,1.18,ProTherm,P38398,1JNX,,P38398,P38398,AlphaFold,./pdb_files\P38398_AF.pdb,Match,A
P38398,M,1652,I,1.11,ProTherm,P38398,1JNX,,P38398,P38398,AlphaFold,./pdb_files\P38398_AF.pdb,Match,A
P38398,M,1663,K,-0.03,ProTherm,P38398,1JNX,,P38398,P38398,AlphaFold,./pdb_files\P38398_AF.pdb,Match,A
P38398,M,1663,L,-0.51,ProTherm,P38398,1JNX,,P38398,P38398,AlphaFold,./pdb_files\P38398_AF.pdb,Match,A
P38398,M,1783,T,3.73,ProTherm,P38398,1JNX,,P38398,P38398,AlphaFold,./pdb_files\P38398_AF.pdb,Match,A
P38398,P,1806,A,0.06,ProTherm,P38398,1JNX,,P38398,P38398,AlphaFold,./pdb_files\P38398_AF.pdb,Match,A
P38398,R,1699,L,-0.99,ProTherm,P38398,1JNX,,P38398,P38398,AlphaFold,./pdb_files\P38398_AF.pdb,Match,A
P38398,R,1699,Q,-1.83,ProTherm,P38398,1JNX,,P38398,P38398,AlphaFold,./pdb_files\P38398_AF.pdb,Match,A
P38398,R,1699,W,2.3,ProTherm,P38398,1JNX,,P38398,P38398,AlphaFold,./pdb_files\P38398_AF.pdb,Match,A
P38398,R,1751,Q,1.57,ProTherm,P38398,1JNX,,P38398,P38398,AlphaFold,./pdb_files\P38398_AF.pdb,Match,A
P38398,T,1773,S,0.48,ProTherm,P38398,1JNX,,P38398,P38398,AlphaFold,./pdb_files\P38398_AF.pdb,Match,A
P38398,V,1665,M,2.22,ProTherm,P38398,1JNX,,P38398,P38398,AlphaFold,./pdb_files\P38398_AF.pdb,Match,A
P38398,V,1736,A,4.2,ProTherm,P38398,1JNX,,P38398,P38398,AlphaFold,./pdb_files\P38398_AF.pdb,Match,A
P38398,V,1808,A,2.4,ProTherm,P38398,1JNX,,P38398,P38398,AlphaFold,./pdb_files\P38398_AF.pdb,Match,A
P39476,A,45,G,1.27,ProTherm,P39476,"1C8C, 1BNZ",,P39476,P39476,AlphaFold,./pdb_files\P39476_AF.pdb,Match,A
P39476,A,51,G,2.1,ProTherm,P39476,"1C8C, 1BNZ",,P39476,P39476,AlphaFold,./pdb_files\P39476_AF.pdb,Match,A
P39476,D,35,A,0.54,ProTherm,P39476,"1C8C, 1BNZ",,P39476,P39476,AlphaFold,./pdb_files\P39476_AF.pdb,Match,A
P39476,E,12,A,0.29,ProTherm,P39476,"1C8C, 1BNZ",,P39476,P39476,AlphaFold,./pdb_files\P39476_AF.pdb,Match,A
P39476,F,32,A,2.31,ProTherm,P39476,"1C8C, 1BNZ",,P39476,P39476,AlphaFold,./pdb_files\P39476_AF.pdb,Match,A
P39476,G,27,A,0.76,ProTherm,P39476,"1C8C, 1BNZ",,P39476,P39476,AlphaFold,./pdb_files\P39476_AF.pdb,Match,A
P39476,G,37,A,0.56,ProTherm,P39476,"1C8C, 1BNZ",,P39476,P39476,AlphaFold,./pdb_files\P39476_AF.pdb,Match,A
P39476,I,17,A,1.21,ProTherm,P39476,"1C8C, 1BNZ",,P39476,P39476,AlphaFold,./pdb_files\P39476_AF.pdb,Match,A
P39476,I,30,A,2.72,ProTherm,P39476,"1C8C, 1BNZ",,P39476,P39476,AlphaFold,./pdb_files\P39476_AF.pdb,Match,A
P39476,I,30,V,0.4,ProTherm,P39476,"1C8C, 1BNZ",,P39476,P39476,AlphaFold,./pdb_files\P39476_AF.pdb,Match,A
P39476,K,7,A,0.27,ProTherm,P39476,"1C8C, 1BNZ",,P39476,P39476,AlphaFold,./pdb_files\P39476_AF.pdb,Match,A
P39476,L,55,A,3.92,ProTherm,P39476,"1C8C, 1BNZ",,P39476,P39476,AlphaFold,./pdb_files\P39476_AF.pdb,Match,A
P39476,L,56,A,1.45,ProTherm,P39476,"1C8C, 1BNZ",,P39476,P39476,AlphaFold,./pdb_files\P39476_AF.pdb,Match,A
P39476,L,59,A,0.67,ProTherm,P39476,"1C8C, 1BNZ",,P39476,P39476,AlphaFold,./pdb_files\P39476_AF.pdb,Match,A
P39476,Q,57,G,0.43,ProTherm,P39476,"1C8C, 1BNZ",,P39476,P39476,AlphaFold,./pdb_files\P39476_AF.pdb,Match,A
P39476,R,25,A,0.38,ProTherm,P39476,"1C8C, 1BNZ",,P39476,P39476,AlphaFold,./pdb_files\P39476_AF.pdb,Match,A
P39476,R,43,A,0.56,ProTherm,P39476,"1C8C, 1BNZ",,P39476,P39476,AlphaFold,./pdb_files\P39476_AF.pdb,Match,A
P39476,S,18,A,0.13,ProTherm,P39476,"1C8C, 1BNZ",,P39476,P39476,AlphaFold,./pdb_files\P39476_AF.pdb,Match,A
P39476,S,31,A,-0.72,ProTherm,P39476,"1C8C, 1BNZ",,P39476,P39476,AlphaFold,./pdb_files\P39476_AF.pdb,Match,A
P39476,S,47,A,-0.18,ProTherm,P39476,"1C8C, 1BNZ",,P39476,P39476,AlphaFold,./pdb_files\P39476_AF.pdb,Match,A
P39476,T,41,A,0.84,ProTherm,P39476,"1C8C, 1BNZ",,P39476,P39476,AlphaFold,./pdb_files\P39476_AF.pdb,Match,A
P39476,V,15,A,2.29,ProTherm,P39476,"1C8C, 1BNZ",,P39476,P39476,AlphaFold,./pdb_files\P39476_AF.pdb,Match,A
P39476,V,23,A,0.23,ProTherm,P39476,"1C8C, 1BNZ",,P39476,P39476,AlphaFold,./pdb_files\P39476_AF.pdb,Match,A
P39476,V,46,A,1.63,ProTherm,P39476,"1C8C, 1BNZ",,P39476,P39476,AlphaFold,./pdb_files\P39476_AF.pdb,Match,A
P39476,V,4,A,2.12,ProTherm,P39476,"1C8C, 1BNZ",,P39476,P39476,AlphaFold,./pdb_files\P39476_AF.pdb,Match,A
P41016,E,12,K,0.2733333333333333,ProTherm,P41016,1C9O,,P41016,P41016,AlphaFold,./pdb_files\P41016_AF.pdb,Match,A
P41016,E,21,A,0.29,ProTherm,P41016,1C9O,,P41016,P41016,AlphaFold,./pdb_files\P41016_AF.pdb,Match,A
P41016,E,46,A,-0.1,ProTherm,P41016,1C9O,,P41016,P41016,AlphaFold,./pdb_files\P41016_AF.pdb,Match,A
P41016,E,46,K,0.4333333333333333,ProTherm,P41016,1C9O,,P41016,P41016,AlphaFold,./pdb_files\P41016_AF.pdb,Match,A
P41016,E,50,W,-0.3,ProTherm,P41016,1C9O,,P41016,P41016,AlphaFold,./pdb_files\P41016_AF.pdb,Match,A
P41016,G,23,Q,0.0,ProTherm,P41016,1C9O,,P41016,P41016,AlphaFold,./pdb_files\P41016_AF.pdb,Match,A
P41016,H,29,E,0.51,ProTherm,P41016,1C9O,,P41016,P41016,AlphaFold,./pdb_files\P41016_AF.pdb,Match,A
P41016,L,66,A,-0.02,ProTherm,P41016,1C9O,,P41016,P41016,AlphaFold,./pdb_files\P41016_AF.pdb,Match,A
P41016,L,66,E,0.84,ProTherm,P41016,1C9O,,P41016,P41016,AlphaFold,./pdb_files\P41016_AF.pdb,Match,A
P41016,N,11,S,0.0,ProTherm,P41016,1C9O,,P41016,P41016,AlphaFold,./pdb_files\P41016_AF.pdb,Match,A
P41016,Q,2,L,-0.41,ProTherm,P41016,1C9O,,P41016,P41016,AlphaFold,./pdb_files\P41016_AF.pdb,Match,A
P41016,Q,53,E,-0.02,ProTherm,P41016,1C9O,,P41016,P41016,AlphaFold,./pdb_files\P41016_AF.pdb,Match,A
P41016,R,3,A,1.05,ProTherm,P41016,1C9O,,P41016,P41016,AlphaFold,./pdb_files\P41016_AF.pdb,Match,A
P41016,R,3,E,0.84,ProTherm,P41016,1C9O,,P41016,P41016,AlphaFold,./pdb_files\P41016_AF.pdb,Match,A
P41016,R,3,K,0.165,ProTherm,P41016,1C9O,,P41016,P41016,AlphaFold,./pdb_files\P41016_AF.pdb,Match,A
P41016,R,3,L,-0.33,ProTherm,P41016,1C9O,,P41016,P41016,AlphaFold,./pdb_files\P41016_AF.pdb,Match,A
P41016,R,56,E,-0.51,ProTherm,P41016,1C9O,,P41016,P41016,AlphaFold,./pdb_files\P41016_AF.pdb,Match,A
P41016,S,24,D,-0.1,ProTherm,P41016,1C9O,,P41016,P41016,AlphaFold,./pdb_files\P41016_AF.pdb,Match,A
P41016,T,31,S,-0.05,ProTherm,P41016,1C9O,,P41016,P41016,AlphaFold,./pdb_files\P41016_AF.pdb,Match,A
P41016,V,64,T,0.31,ProTherm,P41016,1C9O,,P41016,P41016,AlphaFold,./pdb_files\P41016_AF.pdb,Match,A
P41016,Y,15,F,0.1,ProTherm,P41016,1C9O,,P41016,P41016,AlphaFold,./pdb_files\P41016_AF.pdb,Match,A
P42013,F,29,W,0.86,ProTherm,P42013,1Y4Y,,P42013,P42013,AlphaFold,./pdb_files\P42013_AF.pdb,Match,A
P42771,L,121,R,-0.66,ProTherm,P42771,1A5E,,P42771,P42771,AlphaFold,./pdb_files\P42771_AF.pdb,Match,A
P42771,L,37,S,-0.71,ProTherm,P42771,1A5E,,P42771,P42771,AlphaFold,./pdb_files\P42771_AF.pdb,Match,A
P42771,W,15,D,-0.17,ProTherm,P42771,1A5E,,P42771,P42771,AlphaFold,./pdb_files\P42771_AF.pdb,Match,A
P54178,F,61,W,-2.87,ProTherm,P54178,1XZO,,P54178,P54178,AlphaFold,./pdb_files\P54178_AF.pdb,Match,A
P54178,W,120,F,2.89,ProTherm,P54178,1XZO,,P54178,P54178,AlphaFold,./pdb_files\P54178_AF.pdb,Match,A
P54178,W,55,A,8.93,ProTherm,P54178,1XZO,,P54178,P54178,AlphaFold,./pdb_files\P54178_AF.pdb,Match,A
P54178,W,55,F,4.25,ProTherm,P54178,1XZO,,P54178,P54178,AlphaFold,./pdb_files\P54178_AF.pdb,Match,A
P61024,E,18,A,1.25,ProTherm,P61024,1DKT,,P61024,P61024,AlphaFold,./pdb_files\P61024_AF.pdb,Match,A
P61024,F,17,L,2.79,ProTherm,P61024,1DKT,,P61024,P61024,AlphaFold,./pdb_files\P61024_AF.pdb,Match,A
P61024,H,65,A,0.6,ProTherm,P61024,1DKT,,P61024,P61024,AlphaFold,./pdb_files\P61024_AF.pdb,Match,A
P61024,I,6,V,0.56,ProTherm,P61024,1DKT,,P61024,P61024,AlphaFold,./pdb_files\P61024_AF.pdb,Match,A
P61024,K,11,A,-0.51,ProTherm,P61024,1DKT,,P61024,P61024,AlphaFold,./pdb_files\P61024_AF.pdb,Match,A
P61024,L,46,A,2.07,ProTherm,P61024,1DKT,,P61024,P61024,AlphaFold,./pdb_files\P61024_AF.pdb,Match,A
P61024,L,67,A,2.03,ProTherm,P61024,1DKT,,P61024,P61024,AlphaFold,./pdb_files\P61024_AF.pdb,Match,A
P61024,M,58,L,0.52,ProTherm,P61024,1DKT,,P61024,P61024,AlphaFold,./pdb_files\P61024_AF.pdb,Match,A
P61024,P,62,A,-1.4,ProTherm,P61024,1DKT,,P61024,P61024,AlphaFold,./pdb_files\P61024_AF.pdb,Match,A
P61024,P,64,A,0.42,ProTherm,P61024,1DKT,,P61024,P61024,AlphaFold,./pdb_files\P61024_AF.pdb,Match,A
P61024,R,70,A,2.8,ProTherm,P61024,1DKT,,P61024,P61024,AlphaFold,./pdb_files\P61024_AF.pdb,Match,A
P61024,R,71,A,0.68,ProTherm,P61024,1DKT,,P61024,P61024,AlphaFold,./pdb_files\P61024_AF.pdb,Match,A
P61024,S,39,A,0.83,ProTherm,P61024,1DKT,,P61024,P61024,AlphaFold,./pdb_files\P61024_AF.pdb,Match,A
P61024,S,9,A,0.34,ProTherm,P61024,1DKT,,P61024,P61024,AlphaFold,./pdb_files\P61024_AF.pdb,Match,A
P61024,V,22,A,1.53,ProTherm,P61024,1DKT,,P61024,P61024,AlphaFold,./pdb_files\P61024_AF.pdb,Match,A
P61024,V,32,A,1.13,ProTherm,P61024,1DKT,,P61024,P61024,AlphaFold,./pdb_files\P61024_AF.pdb,Match,A
P61024,V,55,A,1.06,ProTherm,P61024,1DKT,,P61024,P61024,AlphaFold,./pdb_files\P61024_AF.pdb,Match,A
P61024,V,55,G,2.1,ProTherm,P61024,1DKT,,P61024,P61024,AlphaFold,./pdb_files\P61024_AF.pdb,Match,A
P61024,Y,8,A,0.34,ProTherm,P61024,1DKT,,P61024,P61024,AlphaFold,./pdb_files\P61024_AF.pdb,Match,A
P61626,A,110,S,-0.81,ProTherm,P61626,1LZ1,,P61626,P61626,AlphaFold,./pdb_files\P61626_AF.pdb,Match,A
P61626,A,114,M,-0.02,ProTherm,P61626,1LZ1,,P61626,P61626,AlphaFold,./pdb_files\P61626_AF.pdb,Match,A
P61626,A,114,S,1.0,ProTherm,P61626,1LZ1,,P61626,P61626,AlphaFold,./pdb_files\P61626_AF.pdb,Match,A
P61626,A,27,S,0.02,ProTherm,P61626,1LZ1,,P61626,P61626,AlphaFold,./pdb_files\P61626_AF.pdb,Match,A
P61626,A,50,L,0.1,ProTherm,P61626,1LZ1,,P61626,P61626,AlphaFold,./pdb_files\P61626_AF.pdb,Match,A
P61626,A,50,S,0.33,ProTherm,P61626,1LZ1,,P61626,P61626,AlphaFold,./pdb_files\P61626_AF.pdb,Match,A
P61626,A,65,P,-1.1,ProTherm,P61626,1LZ1,,P61626,P61626,AlphaFold,./pdb_files\P61626_AF.pdb,Match,A
P61626,C,95,A,4.6,ProTherm,P61626,1LZ1,,P61626,P61626,AlphaFold,./pdb_files\P61626_AF.pdb,Match,A
P61626,D,109,P,0.8,ProTherm,P61626,1LZ1,,P61626,P61626,AlphaFold,./pdb_files\P61626_AF.pdb,Match,A
P61626,D,36,N,1.7,ProTherm,P61626,1LZ1,,P61626,P61626,AlphaFold,./pdb_files\P61626_AF.pdb,Match,A
P61626,D,67,N,1.0,ProTherm,P61626,1LZ1,,P61626,P61626,AlphaFold,./pdb_files\P61626_AF.pdb,Match,A
P61626,D,85,H,4.54,ProTherm,P61626,1LZ1,,P61626,P61626,AlphaFold,./pdb_files\P61626_AF.pdb,Match,A
P61626,D,85,N,1.975,ProTherm,P61626,1LZ1,,P61626,P61626,AlphaFold,./pdb_files\P61626_AF.pdb,Match,A
P61626,E,25,Q,1.36,ProTherm,P61626,1LZ1,,P61626,P61626,AlphaFold,./pdb_files\P61626_AF.pdb,Match,A
P61626,E,53,L,0.53,ProTherm,P61626,1LZ1,,P61626,P61626,AlphaFold,./pdb_files\P61626_AF.pdb,Match,A
P61626,G,123,A,0.62,ProTherm,P61626,1LZ1,,P61626,P61626,AlphaFold,./pdb_files\P61626_AF.pdb,Match,A
P61626,G,145,A,0.55,ProTherm,P61626,1LZ1,,P61626,P61626,AlphaFold,./pdb_files\P61626_AF.pdb,Match,A
P61626,G,147,A,-0.14,ProTherm,P61626,1LZ1,,P61626,P61626,AlphaFold,./pdb_files\P61626_AF.pdb,Match,A
P61626,G,34,A,1.39,ProTherm,P61626,1LZ1,,P61626,P61626,AlphaFold,./pdb_files\P61626_AF.pdb,Match,A
P61626,G,37,A,1.77,ProTherm,P61626,1LZ1,,P61626,P61626,AlphaFold,./pdb_files\P61626_AF.pdb,Match,A
P61626,G,40,A,1.79,ProTherm,P61626,1LZ1,,P61626,P61626,AlphaFold,./pdb_files\P61626_AF.pdb,Match,A
P61626,G,55,A,0.29,ProTherm,P61626,1LZ1,,P61626,P61626,AlphaFold,./pdb_files\P61626_AF.pdb,Match,A
P61626,G,55,Q,0.86,ProTherm,P61626,1LZ1,,P61626,P61626,AlphaFold,./pdb_files\P61626_AF.pdb,Match,A
P61626,G,66,A,-0.45,ProTherm,P61626,1LZ1,,P61626,P61626,AlphaFold,./pdb_files\P61626_AF.pdb,Match,A
P61626,G,86,A,0.12,ProTherm,P61626,1LZ1,,P61626,P61626,AlphaFold,./pdb_files\P61626_AF.pdb,Match,A
P61626,G,90,A,0.36,ProTherm,P61626,1LZ1,,P61626,P61626,AlphaFold,./pdb_files\P61626_AF.pdb,Match,A
P61626,H,96,A,0.14,ProTherm,P61626,1LZ1,,P61626,P61626,AlphaFold,./pdb_files\P61626_AF.pdb,Match,A
P61626,H,96,G,0.53,ProTherm,P61626,1LZ1,,P61626,P61626,AlphaFold,./pdb_files\P61626_AF.pdb,Match,A
P61626,I,107,A,2.7,ProTherm,P61626,1LZ1,,P61626,P61626,AlphaFold,./pdb_files\P61626_AF.pdb,Match,A
P61626,I,107,V,0.35,ProTherm,P61626,1LZ1,,P61626,P61626,AlphaFold,./pdb_files\P61626_AF.pdb,Match,A
P61626,I,124,A,0.93,ProTherm,P61626,1LZ1,,P61626,P61626,AlphaFold,./pdb_files\P61626_AF.pdb,Match,A
P61626,I,124,V,0.98,ProTherm,P61626,1LZ1,,P61626,P61626,AlphaFold,./pdb_files\P61626_AF.pdb,Match,A
P61626,I,41,A,2.54,ProTherm,P61626,1LZ1,,P61626,P61626,AlphaFold,./pdb_files\P61626_AF.pdb,Match,A
P61626,I,41,V,0.41,ProTherm,P61626,1LZ1,,P61626,P61626,AlphaFold,./pdb_files\P61626_AF.pdb,Match,A
P61626,I,74,A,3.705,ProTherm,P61626,1LZ1,,P61626,P61626,AlphaFold,./pdb_files\P61626_AF.pdb,Match,A
P61626,I,74,F,4.09,ProTherm,P61626,1LZ1,,P61626,P61626,AlphaFold,./pdb_files\P61626_AF.pdb,Match,A
P61626,I,74,L,0.1,ProTherm,P61626,1LZ1,,P61626,P61626,AlphaFold,./pdb_files\P61626_AF.pdb,Match,A
P61626,I,74,M,1.77,ProTherm,P61626,1LZ1,,P61626,P61626,AlphaFold,./pdb_files\P61626_AF.pdb,Match,A
P61626,I,74,T,6.67,ProTherm,P61626,1LZ1,,P61626,P61626,AlphaFold,./pdb_files\P61626_AF.pdb,Match,A
P61626,I,74,V,1.34,ProTherm,P61626,1LZ1,,P61626,P61626,AlphaFold,./pdb_files\P61626_AF.pdb,Match,A
P61626,I,77,A,1.31,ProTherm,P61626,1LZ1,,P61626,P61626,AlphaFold,./pdb_files\P61626_AF.pdb,Match,A
P61626,I,77,F,0.81,ProTherm,P61626,1LZ1,,P61626,P61626,AlphaFold,./pdb_files\P61626_AF.pdb,Match,A
P61626,I,77,G,3.825,ProTherm,P61626,1LZ1,,P61626,P61626,AlphaFold,./pdb_files\P61626_AF.pdb,Match,A
P61626,I,77,L,0.0,ProTherm,P61626,1LZ1,,P61626,P61626,AlphaFold,./pdb_files\P61626_AF.pdb,Match,A
P61626,I,77,M,1.29,ProTherm,P61626,1LZ1,,P61626,P61626,AlphaFold,./pdb_files\P61626_AF.pdb,Match,A
P61626,I,77,S,3.59,ProTherm,P61626,1LZ1,,P61626,P61626,AlphaFold,./pdb_files\P61626_AF.pdb,Match,A
P61626,I,77,T,2.22,ProTherm,P61626,1LZ1,,P61626,P61626,AlphaFold,./pdb_files\P61626_AF.pdb,Match,A
P61626,I,77,V,0.93,ProTherm,P61626,1LZ1,,P61626,P61626,AlphaFold,./pdb_files\P61626_AF.pdb,Match,A
P61626,I,77,Y,3.78,ProTherm,P61626,1LZ1,,P61626,P61626,AlphaFold,./pdb_files\P61626_AF.pdb,Match,A
P61626,K,19,A,0.6,ProTherm,P61626,1LZ1,,P61626,P61626,AlphaFold,./pdb_files\P61626_AF.pdb,Match,A
P61626,K,19,M,0.12,ProTherm,P61626,1LZ1,,P61626,P61626,AlphaFold,./pdb_files\P61626_AF.pdb,Match,A
P61626,L,26,T,3.73,ProTherm,P61626,1LZ1,,P61626,P61626,AlphaFold,./pdb_files\P61626_AF.pdb,Match,A
P61626,N,136,A,-0.19,ProTherm,P61626,1LZ1,,P61626,P61626,AlphaFold,./pdb_files\P61626_AF.pdb,Match,A
P61626,N,136,G,-0.05,ProTherm,P61626,1LZ1,,P61626,P61626,AlphaFold,./pdb_files\P61626_AF.pdb,Match,A
P61626,P,121,G,0.0,ProTherm,P61626,1LZ1,,P61626,P61626,AlphaFold,./pdb_files\P61626_AF.pdb,Match,A
P61626,P,89,G,1.2,ProTherm,P61626,1LZ1,,P61626,P61626,AlphaFold,./pdb_files\P61626_AF.pdb,Match,A
P61626,Q,76,A,-0.91,ProTherm,P61626,1LZ1,,P61626,P61626,AlphaFold,./pdb_files\P61626_AF.pdb,Match,A
P61626,Q,76,G,-2.06,ProTherm,P61626,1LZ1,,P61626,P61626,AlphaFold,./pdb_files\P61626_AF.pdb,Match,A
P61626,R,39,A,-1.31,ProTherm,P61626,1LZ1,,P61626,P61626,AlphaFold,./pdb_files\P61626_AF.pdb,Match,A
P61626,R,39,G,-1.15,ProTherm,P61626,1LZ1,,P61626,P61626,AlphaFold,./pdb_files\P61626_AF.pdb,Match,A
P61626,R,68,A,-0.43,ProTherm,P61626,1LZ1,,P61626,P61626,AlphaFold,./pdb_files\P61626_AF.pdb,Match,A
P61626,R,68,G,-0.53,ProTherm,P61626,1LZ1,,P61626,P61626,AlphaFold,./pdb_files\P61626_AF.pdb,Match,A
P61626,V,111,A,1.0,ProTherm,P61626,1LZ1,,P61626,P61626,AlphaFold,./pdb_files\P61626_AF.pdb,Match,A
P61626,V,111,T,0.67,ProTherm,P61626,1LZ1,,P61626,P61626,AlphaFold,./pdb_files\P61626_AF.pdb,Match,A
P61626,V,117,A,0.89,ProTherm,P61626,1LZ1,,P61626,P61626,AlphaFold,./pdb_files\P61626_AF.pdb,Match,A
P61626,V,117,T,0.5,ProTherm,P61626,1LZ1,,P61626,P61626,AlphaFold,./pdb_files\P61626_AF.pdb,Match,A
P61626,V,118,A,0.57,ProTherm,P61626,1LZ1,,P61626,P61626,AlphaFold,./pdb_files\P61626_AF.pdb,Match,A
P61626,V,118,F,1.65,ProTherm,P61626,1LZ1,,P61626,P61626,AlphaFold,./pdb_files\P61626_AF.pdb,Match,A
P61626,V,118,T,0.29,ProTherm,P61626,1LZ1,,P61626,P61626,AlphaFold,./pdb_files\P61626_AF.pdb,Match,A
P61626,V,128,A,-0.07,ProTherm,P61626,1LZ1,,P61626,P61626,AlphaFold,./pdb_files\P61626_AF.pdb,Match,A
P61626,V,128,D,-0.17,ProTherm,P61626,1LZ1,,P61626,P61626,AlphaFold,./pdb_files\P61626_AF.pdb,Match,A
P61626,V,128,F,0.05,ProTherm,P61626,1LZ1,,P61626,P61626,AlphaFold,./pdb_files\P61626_AF.pdb,Match,A
P61626,V,128,G,-0.48,ProTherm,P61626,1LZ1,,P61626,P61626,AlphaFold,./pdb_files\P61626_AF.pdb,Match,A
P61626,V,128,I,-0.86,ProTherm,P61626,1LZ1,,P61626,P61626,AlphaFold,./pdb_files\P61626_AF.pdb,Match,A
P61626,V,128,L,-0.07,ProTherm,P61626,1LZ1,,P61626,P61626,AlphaFold,./pdb_files\P61626_AF.pdb,Match,A
P61626,V,128,M,-0.53,ProTherm,P61626,1LZ1,,P61626,P61626,AlphaFold,./pdb_files\P61626_AF.pdb,Match,A
P61626,V,128,N,-0.07,ProTherm,P61626,1LZ1,,P61626,P61626,AlphaFold,./pdb_files\P61626_AF.pdb,Match,A
P61626,V,128,P,-2.4,ProTherm,P61626,1LZ1,,P61626,P61626,AlphaFold,./pdb_files\P61626_AF.pdb,Match,A
P61626,V,128,R,-0.88,ProTherm,P61626,1LZ1,,P61626,P61626,AlphaFold,./pdb_files\P61626_AF.pdb,Match,A
P61626,V,128,Y,0.14,ProTherm,P61626,1LZ1,,P61626,P61626,AlphaFold,./pdb_files\P61626_AF.pdb,Match,A
P61626,V,139,A,1.75,ProTherm,P61626,1LZ1,,P61626,P61626,AlphaFold,./pdb_files\P61626_AF.pdb,Match,A
P61626,V,143,A,1.6,ProTherm,P61626,1LZ1,,P61626,P61626,AlphaFold,./pdb_files\P61626_AF.pdb,Match,A
P61626,V,148,A,1.12,ProTherm,P61626,1LZ1,,P61626,P61626,AlphaFold,./pdb_files\P61626_AF.pdb,Match,A
P61626,V,20,A,1.51,ProTherm,P61626,1LZ1,,P61626,P61626,AlphaFold,./pdb_files\P61626_AF.pdb,Match,A
P61626,V,20,D,1.43,ProTherm,P61626,1LZ1,,P61626,P61626,AlphaFold,./pdb_files\P61626_AF.pdb,Match,A
P61626,V,20,F,0.86,ProTherm,P61626,1LZ1,,P61626,P61626,AlphaFold,./pdb_files\P61626_AF.pdb,Match,A
P61626,V,20,G,2.29,ProTherm,P61626,1LZ1,,P61626,P61626,AlphaFold,./pdb_files\P61626_AF.pdb,Match,A
P61626,V,20,I,-1.1,ProTherm,P61626,1LZ1,,P61626,P61626,AlphaFold,./pdb_files\P61626_AF.pdb,Match,A
P61626,V,20,L,0.05,ProTherm,P61626,1LZ1,,P61626,P61626,AlphaFold,./pdb_files\P61626_AF.pdb,Match,A
P61626,V,20,M,0.31,ProTherm,P61626,1LZ1,,P61626,P61626,AlphaFold,./pdb_files\P61626_AF.pdb,Match,A
P61626,V,20,N,1.34,ProTherm,P61626,1LZ1,,P61626,P61626,AlphaFold,./pdb_files\P61626_AF.pdb,Match,A
P61626,V,20,R,0.38,ProTherm,P61626,1LZ1,,P61626,P61626,AlphaFold,./pdb_files\P61626_AF.pdb,Match,A
P61626,V,20,S,1.41,ProTherm,P61626,1LZ1,,P61626,P61626,AlphaFold,./pdb_files\P61626_AF.pdb,Match,A
P61626,V,20,Y,0.36,ProTherm,P61626,1LZ1,,P61626,P61626,AlphaFold,./pdb_files\P61626_AF.pdb,Match,A
P61626,V,92,A,0.43,ProTherm,P61626,1LZ1,,P61626,P61626,AlphaFold,./pdb_files\P61626_AF.pdb,Match,A
P61626,V,92,D,0.43,ProTherm,P61626,1LZ1,,P61626,P61626,AlphaFold,./pdb_files\P61626_AF.pdb,Match,A
P61626,V,92,F,0.29,ProTherm,P61626,1LZ1,,P61626,P61626,AlphaFold,./pdb_files\P61626_AF.pdb,Match,A
P61626,V,92,G,0.22,ProTherm,P61626,1LZ1,,P61626,P61626,AlphaFold,./pdb_files\P61626_AF.pdb,Match,A
P61626,V,92,I,-0.45,ProTherm,P61626,1LZ1,,P61626,P61626,AlphaFold,./pdb_files\P61626_AF.pdb,Match,A
P61626,V,92,L,-0.19,ProTherm,P61626,1LZ1,,P61626,P61626,AlphaFold,./pdb_files\P61626_AF.pdb,Match,A
P61626,V,92,M,-0.65,ProTherm,P61626,1LZ1,,P61626,P61626,AlphaFold,./pdb_files\P61626_AF.pdb,Match,A
P61626,V,92,N,0.33,ProTherm,P61626,1LZ1,,P61626,P61626,AlphaFold,./pdb_files\P61626_AF.pdb,Match,A
P61626,V,92,R,0.07,ProTherm,P61626,1LZ1,,P61626,P61626,AlphaFold,./pdb_files\P61626_AF.pdb,Match,A
P61626,V,92,S,0.38,ProTherm,P61626,1LZ1,,P61626,P61626,AlphaFold,./pdb_files\P61626_AF.pdb,Match,A
P61626,V,92,Y,0.24,ProTherm,P61626,1LZ1,,P61626,P61626,AlphaFold,./pdb_files\P61626_AF.pdb,Match,A
P61626,Y,142,F,0.36,ProTherm,P61626,1LZ1,,P61626,P61626,AlphaFold,./pdb_files\P61626_AF.pdb,Match,A
P61626,Y,38,F,0.5,ProTherm,P61626,1LZ1,,P61626,P61626,AlphaFold,./pdb_files\P61626_AF.pdb,Match,A
P61626,Y,56,A,2.49,ProTherm,P61626,1LZ1,,P61626,P61626,AlphaFold,./pdb_files\P61626_AF.pdb,Match,A
P61626,Y,56,F,0.19,ProTherm,P61626,1LZ1,,P61626,P61626,AlphaFold,./pdb_files\P61626_AF.pdb,Match,A
P61626,Y,56,G,2.32,ProTherm,P61626,1LZ1,,P61626,P61626,AlphaFold,./pdb_files\P61626_AF.pdb,Match,A
P61626,Y,63,F,-0.07,ProTherm,P61626,1LZ1,,P61626,P61626,AlphaFold,./pdb_files\P61626_AF.pdb,Match,A
P61626,Y,72,F,0.96,ProTherm,P61626,1LZ1,,P61626,P61626,AlphaFold,./pdb_files\P61626_AF.pdb,Match,A
P61626,Y,81,F,0.24,ProTherm,P61626,1LZ1,,P61626,P61626,AlphaFold,./pdb_files\P61626_AF.pdb,Match,A
P61823,P,119,A,2.7,ProTherm,P61823,1RTB,,P61823,P61823,AlphaFold,./pdb_files\P61823_AF.pdb,Match,A
P61823,P,119,S,2.1,ProTherm,P61823,1RTB,,P61823,P61823,AlphaFold,./pdb_files\P61823_AF.pdb,Match,A
P61823,P,140,A,3.2,ProTherm,P61823,1RTB,,P61823,P61823,AlphaFold,./pdb_files\P61823_AF.pdb,Match,A
P61823,P,140,G,2.8,ProTherm,P61823,1RTB,,P61823,P61823,AlphaFold,./pdb_files\P61823_AF.pdb,Match,A
P62166,W,103,F,-0.65,ProTherm,P62166,2LCP,,P62166,P62166,AlphaFold,./pdb_files\P62166_AF.pdb,Match,A
P62166,W,30,F,0.48,ProTherm,P62166,2LCP,,P62166,P62166,AlphaFold,./pdb_files\P62166_AF.pdb,Match,A
P62593,A,40,S,3.5,ProTherm,P62593,"1AXB, 1BTL",,P62593,P62593,AlphaFold,./pdb_files\P62593_AF.pdb,Match,A
P62593,C,75,S,1.68,ProTherm,P62593,"1AXB, 1BTL",,P62593,P62593,AlphaFold,./pdb_files\P62593_AF.pdb,Match,A
P62593,E,102,K,-0.64,ProTherm,P62593,"1AXB, 1BTL",,P62593,P62593,AlphaFold,./pdb_files\P62593_AF.pdb,Match,A
P62593,G,234,S,1.01,ProTherm,P62593,"1AXB, 1BTL",,P62593,P62593,AlphaFold,./pdb_files\P62593_AF.pdb,Match,A
P62593,M,180,T,3.5,ProTherm,P62593,"1AXB, 1BTL",,P62593,P62593,AlphaFold,./pdb_files\P62593_AF.pdb,Match,A
P62593,R,162,H,0.2566666666666666,ProTherm,P62593,"1AXB, 1BTL",,P62593,P62593,AlphaFold,./pdb_files\P62593_AF.pdb,Match,A
P62593,R,162,S,0.61,ProTherm,P62593,"1AXB, 1BTL",,P62593,P62593,AlphaFold,./pdb_files\P62593_AF.pdb,Match,A
P62593,S,233,A,-0.58,ProTherm,P62593,"1AXB, 1BTL",,P62593,P62593,AlphaFold,./pdb_files\P62593_AF.pdb,Match,A
P62898,H,27,V,3.78,ProTherm,P62898,,,P62898,P62898,AlphaFold,./pdb_files\P62898_AF.pdb,Match,A
P62898,H,34,F,-0.67,ProTherm,P62898,,,P62898,P62898,AlphaFold,./pdb_files\P62898_AF.pdb,Match,A
P62898,N,53,I,3.14,ProTherm,P62898,,,P62898,P62898,AlphaFold,./pdb_files\P62898_AF.pdb,Match,A
P62898,P,31,A,5.565,ProTherm,P62898,,,P62898,P62898,AlphaFold,./pdb_files\P62898_AF.pdb,Match,A
P62898,P,31,V,5.0,ProTherm,P62898,,,P62898,P62898,AlphaFold,./pdb_files\P62898_AF.pdb,Match,A
P62898,Y,68,F,2.135,ProTherm,P62898,,,P62898,P62898,AlphaFold,./pdb_files\P62898_AF.pdb,Match,A
P62942,D,33,N,-0.08,ProTherm,P62942,"1FKB, 1FKJ",,P62942,P62942,AlphaFold,./pdb_files\P62942_AF.pdb,Match,A
P62942,D,38,S,0.44,ProTherm,P62942,"1FKB, 1FKJ",,P62942,P62942,AlphaFold,./pdb_files\P62942_AF.pdb,Match,A
P62942,E,32,Q,-0.03,ProTherm,P62942,"1FKB, 1FKJ",,P62942,P62942,AlphaFold,./pdb_files\P62942_AF.pdb,Match,A
P62942,F,37,A,3.54,ProTherm,P62942,"1FKB, 1FKJ",,P62942,P62942,AlphaFold,./pdb_files\P62942_AF.pdb,Match,A
P62942,H,95,N,-0.66,ProTherm,P62942,"1FKB, 1FKJ",,P62942,P62942,AlphaFold,./pdb_files\P62942_AF.pdb,Match,A
P62942,I,57,A,2.48,ProTherm,P62942,"1FKB, 1FKJ",,P62942,P62942,AlphaFold,./pdb_files\P62942_AF.pdb,Match,A
P62942,I,57,D,3.16,ProTherm,P62942,"1FKB, 1FKJ",,P62942,P62942,AlphaFold,./pdb_files\P62942_AF.pdb,Match,A
P62942,I,57,T,1.81,ProTherm,P62942,"1FKB, 1FKJ",,P62942,P62942,AlphaFold,./pdb_files\P62942_AF.pdb,Match,A
P62942,I,77,A,3.81,ProTherm,P62942,"1FKB, 1FKJ",,P62942,P62942,AlphaFold,./pdb_files\P62942_AF.pdb,Match,A
P62942,I,92,A,1.54,ProTherm,P62942,"1FKB, 1FKJ",,P62942,P62942,AlphaFold,./pdb_files\P62942_AF.pdb,Match,A
P62942,I,92,V,0.38,ProTherm,P62942,"1FKB, 1FKJ",,P62942,P62942,AlphaFold,./pdb_files\P62942_AF.pdb,Match,A
P62942,K,106,N,-0.14,ProTherm,P62942,"1FKB, 1FKJ",,P62942,P62942,AlphaFold,./pdb_files\P62942_AF.pdb,Match,A
P62942,K,18,D,1.91,ProTherm,P62942,"1FKB, 1FKJ",,P62942,P62942,AlphaFold,./pdb_files\P62942_AF.pdb,Match,A
P62942,K,45,E,-0.13,ProTherm,P62942,"1FKB, 1FKJ",,P62942,P62942,AlphaFold,./pdb_files\P62942_AF.pdb,Match,A
P62942,L,107,A,2.32,ProTherm,P62942,"1FKB, 1FKJ",,P62942,P62942,AlphaFold,./pdb_files\P62942_AF.pdb,Match,A
P62942,L,51,A,2.57,ProTherm,P62942,"1FKB, 1FKJ",,P62942,P62942,AlphaFold,./pdb_files\P62942_AF.pdb,Match,A
P62942,M,50,R,-0.14,ProTherm,P62942,"1FKB, 1FKJ",,P62942,P62942,AlphaFold,./pdb_files\P62942_AF.pdb,Match,A
P62942,Q,4,E,0.34,ProTherm,P62942,"1FKB, 1FKJ",,P62942,P62942,AlphaFold,./pdb_files\P62942_AF.pdb,Match,A
P62942,Q,71,D,2.67,ProTherm,P62942,"1FKB, 1FKJ",,P62942,P62942,AlphaFold,./pdb_files\P62942_AF.pdb,Match,A
P62942,R,19,K,-0.2,ProTherm,P62942,"1FKB, 1FKJ",,P62942,P62942,AlphaFold,./pdb_files\P62942_AF.pdb,Match,A
P62942,R,43,A,0.64,ProTherm,P62942,"1FKB, 1FKJ",,P62942,P62942,AlphaFold,./pdb_files\P62942_AF.pdb,Match,A
P62942,R,58,K,0.3,ProTherm,P62942,"1FKB, 1FKJ",,P62942,P62942,AlphaFold,./pdb_files\P62942_AF.pdb,Match,A
P62942,S,68,E,1.55,ProTherm,P62942,"1FKB, 1FKJ",,P62942,P62942,AlphaFold,./pdb_files\P62942_AF.pdb,Match,A
P62942,T,22,A,1.6,ProTherm,P62942,"1FKB, 1FKJ",,P62942,P62942,AlphaFold,./pdb_files\P62942_AF.pdb,Match,A
P62942,T,22,K,1.27,ProTherm,P62942,"1FKB, 1FKJ",,P62942,P62942,AlphaFold,./pdb_files\P62942_AF.pdb,Match,A
P62942,T,22,S,1.44,ProTherm,P62942,"1FKB, 1FKJ",,P62942,P62942,AlphaFold,./pdb_files\P62942_AF.pdb,Match,A
P62942,T,22,V,-0.86,ProTherm,P62942,"1FKB, 1FKJ",,P62942,P62942,AlphaFold,./pdb_files\P62942_AF.pdb,Match,A
P62942,T,28,A,1.97,ProTherm,P62942,"1FKB, 1FKJ",,P62942,P62942,AlphaFold,./pdb_files\P62942_AF.pdb,Match,A
P62942,T,28,S,1.49,ProTherm,P62942,"1FKB, 1FKJ",,P62942,P62942,AlphaFold,./pdb_files\P62942_AF.pdb,Match,A
P62942,T,28,V,-0.23,ProTherm,P62942,"1FKB, 1FKJ",,P62942,P62942,AlphaFold,./pdb_files\P62942_AF.pdb,Match,A
P62942,T,76,A,2.625,ProTherm,P62942,"1FKB, 1FKJ",,P62942,P62942,AlphaFold,./pdb_files\P62942_AF.pdb,Match,A
P62942,T,76,V,0.81,ProTherm,P62942,"1FKB, 1FKJ",,P62942,P62942,AlphaFold,./pdb_files\P62942_AF.pdb,Match,A
P62942,T,97,D,2.92,ProTherm,P62942,"1FKB, 1FKJ",,P62942,P62942,AlphaFold,./pdb_files\P62942_AF.pdb,Match,A
P62942,V,24,A,2.97,ProTherm,P62942,"1FKB, 1FKJ",,P62942,P62942,AlphaFold,./pdb_files\P62942_AF.pdb,Match,A
P62942,V,25,A,3.19,ProTherm,P62942,"1FKB, 1FKJ",,P62942,P62942,AlphaFold,./pdb_files\P62942_AF.pdb,Match,A
P62942,V,3,A,2.43,ProTherm,P62942,"1FKB, 1FKJ",,P62942,P62942,AlphaFold,./pdb_files\P62942_AF.pdb,Match,A
P62942,V,56,A,2.13,ProTherm,P62942,"1FKB, 1FKJ",,P62942,P62942,AlphaFold,./pdb_files\P62942_AF.pdb,Match,A
P62942,V,5,A,2.78,ProTherm,P62942,"1FKB, 1FKJ",,P62942,P62942,AlphaFold,./pdb_files\P62942_AF.pdb,Match,A
P62942,W,60,F,2.72,ProTherm,P62942,"1FKB, 1FKJ",,P62942,P62942,AlphaFold,./pdb_files\P62942_AF.pdb,Match,A
P62942,W,60,L,2.35,ProTherm,P62942,"1FKB, 1FKJ",,P62942,P62942,AlphaFold,./pdb_files\P62942_AF.pdb,Match,A
P63159,D,139,H,-0.62,ProTherm,P63159,1HME,,P63159,P63159,AlphaFold,./pdb_files\P63159_AF.pdb,Match,A
P63159,I,122,H,0.615,ProTherm,P63159,1HME,,P63159,P63159,AlphaFold,./pdb_files\P63159_AF.pdb,Match,A
P63159,S,121,H,1.675,ProTherm,P63159,1HME,,P63159,P63159,AlphaFold,./pdb_files\P63159_AF.pdb,Match,A
P67881,V,93,A,0.26,ProTherm,P67881,,,P67881,P67881,AlphaFold,./pdb_files\P67881_AF.pdb,Match,A
P69441,D,84,H,1.4,ProTherm,P69441,1ANK,,P69441,P69441,AlphaFold,./pdb_files\P69441_AF.pdb,Match,A
P69441,F,86,L,0.8,ProTherm,P69441,1ANK,,P69441,P69441,AlphaFold,./pdb_files\P69441_AF.pdb,Match,A
P69441,G,85,V,2.4,ProTherm,P69441,1ANK,,P69441,P69441,AlphaFold,./pdb_files\P69441_AF.pdb,Match,A
P69441,R,88,G,0.2,ProTherm,P69441,1ANK,,P69441,P69441,AlphaFold,./pdb_files\P69441_AF.pdb,Match,A
P69488,E,59,K,-3.92,ProTherm,P69488,"1NAQ, 3X3U, 4Y65",,P69488,P69488,AlphaFold,./pdb_files\P69488_AF.pdb,Match,A
P69488,E,59,L,-2.89,ProTherm,P69488,"1NAQ, 3X3U, 4Y65",,P69488,P69488,AlphaFold,./pdb_files\P69488_AF.pdb,Match,A
P69488,E,61,T,-3.15,ProTherm,P69488,"1NAQ, 3X3U, 4Y65",,P69488,P69488,AlphaFold,./pdb_files\P69488_AF.pdb,Match,A
P69488,E,61,V,-3.42,ProTherm,P69488,"1NAQ, 3X3U, 4Y65",,P69488,P69488,AlphaFold,./pdb_files\P69488_AF.pdb,Match,A
P69488,Q,73,V,4.13,ProTherm,P69488,"1NAQ, 3X3U, 4Y65",,P69488,P69488,AlphaFold,./pdb_files\P69488_AF.pdb,Match,A
P69488,S,11,A,-4.95,ProTherm,P69488,"1NAQ, 3X3U, 4Y65",,P69488,P69488,AlphaFold,./pdb_files\P69488_AF.pdb,Match,A
P69488,S,11,V,-9.73,ProTherm,P69488,"1NAQ, 3X3U, 4Y65",,P69488,P69488,AlphaFold,./pdb_files\P69488_AF.pdb,Match,A
P69488,Y,86,D,6.38,ProTherm,P69488,"1NAQ, 3X3U, 4Y65",,P69488,P69488,AlphaFold,./pdb_files\P69488_AF.pdb,Match,A
P69776,S,23,A,0.8,ProTherm,P69776,1EQ7,,P69776,P69776,AlphaFold,./pdb_files\P69776_AF.pdb,Match,A
P69776,Y,76,A,1.1,ProTherm,P69776,1EQ7,,P69776,P69776,AlphaFold,./pdb_files\P69776_AF.pdb,Match,A
P78352,D,332,G,1.44,ProTherm,P78352,3K82,,P78352,P78352,AlphaFold,./pdb_files\P78352_AF.pdb,Match,A
P78352,D,332,P,1.44,ProTherm,P78352,3K82,,P78352,P78352,AlphaFold,./pdb_files\P78352_AF.pdb,Match,A
P78352,E,334,L,3.35,ProTherm,P78352,3K82,,P78352,P78352,AlphaFold,./pdb_files\P78352_AF.pdb,Match,A
P78352,E,334,Q,1.68,ProTherm,P78352,3K82,,P78352,P78352,AlphaFold,./pdb_files\P78352_AF.pdb,Match,A
P81662,D,9,A,-1.26,ProTherm,P81662,2KS4,,P81662,P81662,AlphaFold,./pdb_files\P81662_AF.pdb,Match,A
P81662,E,2,A,0.23,ProTherm,P81662,2KS4,,P81662,P81662,AlphaFold,./pdb_files\P81662_AF.pdb,Match,A
P81708,A,93,S,0.26,ProTherm,P81708,1EL1,,P81708,P81708,AlphaFold,./pdb_files\P81708_AF.pdb,Match,A
P81708,H,21,G,0.48,ProTherm,P81708,1EL1,,P81708,P81708,AlphaFold,./pdb_files\P81708_AF.pdb,Match,A
P81708,I,56,L,0.24,ProTherm,P81708,1EL1,,P81708,P81708,AlphaFold,./pdb_files\P81708_AF.pdb,Match,A
P81708,V,109,K,0.43,ProTherm,P81708,1EL1,,P81708,P81708,AlphaFold,./pdb_files\P81708_AF.pdb,Match,A
P83876,G,126,D,1.71,ProTherm,P83876,1QGV,,P83876,P83876,AlphaFold,./pdb_files\P83876_AF.pdb,Match,A
P96110,E,232,A,0.6499999999999999,ProTherm,P96110,1B26,,P96110,P96110,AlphaFold,./pdb_files\P96110_AF.pdb,Match,A
P96110,K,194,A,-0.665,ProTherm,P96110,1B26,,P96110,P96110,AlphaFold,./pdb_files\P96110_AF.pdb,Match,A
P96110,R,191,A,0.365,ProTherm,P96110,1B26,,P96110,P96110,AlphaFold,./pdb_files\P96110_AF.pdb,Match,A
Q03026,A,33,P,-3.2,ProTherm,Q03026,"2RN4, 1JIW",,Q03026,Q03026,AlphaFold,./pdb_files\Q03026_AF.pdb,Match,A
Q03026,D,35,A,-2.7,ProTherm,Q03026,"2RN4, 1JIW",,Q03026,Q03026,AlphaFold,./pdb_files\Q03026_AF.pdb,Match,A
Q03026,W,40,F,-1.1,ProTherm,Q03026,"2RN4, 1JIW",,Q03026,Q03026,AlphaFold,./pdb_files\Q03026_AF.pdb,Match,A
Q03689,D,288,A,-1.2,ProTherm,Q03689,2KJ3,,Q03689,Q03689,AlphaFold,./pdb_files\Q03689_AF.pdb,Match,A
Q03689,E,272,A,-1.9,ProTherm,Q03689,2KJ3,,Q03689,Q03689,AlphaFold,./pdb_files\Q03689_AF.pdb,Match,A
Q03689,G,278,A,0.8,ProTherm,Q03689,2KJ3,,Q03689,Q03689,AlphaFold,./pdb_files\Q03689_AF.pdb,Match,A
Q03689,K,229,A,-1.5,ProTherm,Q03689,2KJ3,,Q03689,Q03689,AlphaFold,./pdb_files\Q03689_AF.pdb,Match,A
Q03689,L,241,A,-1.0,ProTherm,Q03689,2KJ3,,Q03689,Q03689,AlphaFold,./pdb_files\Q03689_AF.pdb,Match,A
Q03689,S,273,A,-1.4,ProTherm,Q03689,2KJ3,,Q03689,Q03689,AlphaFold,./pdb_files\Q03689_AF.pdb,Match,A
Q03689,V,239,A,-1.0,ProTherm,Q03689,2KJ3,,Q03689,Q03689,AlphaFold,./pdb_files\Q03689_AF.pdb,Match,A
Q03689,V,264,A,-1.0,ProTherm,Q03689,2KJ3,,Q03689,Q03689,AlphaFold,./pdb_files\Q03689_AF.pdb,Match,A
Q03689,V,267,A,-0.2,ProTherm,Q03689,2KJ3,,Q03689,Q03689,AlphaFold,./pdb_files\Q03689_AF.pdb,Match,A
Q08012,T,22,G,-3.6,ProTherm,Q08012,2A36,,Q08012,Q08012,AlphaFold,./pdb_files\Q08012_AF.pdb,Match,A
Q13526,A,31,G,1.49,ProTherm,Q13526,,,Q13526,Q13526,AlphaFold,./pdb_files\Q13526_AF.pdb,Match,A
Q13526,E,12,A,0.48,ProTherm,Q13526,,,Q13526,Q13526,AlphaFold,./pdb_files\Q13526_AF.pdb,Match,A
Q13526,E,35,A,0.73,ProTherm,Q13526,,,Q13526,Q13526,AlphaFold,./pdb_files\Q13526_AF.pdb,Match,A
Q13526,F,25,L,1.37,ProTherm,Q13526,,,Q13526,Q13526,AlphaFold,./pdb_files\Q13526_AF.pdb,Match,A
Q13526,F,25,Y,-0.22,ProTherm,Q13526,,,Q13526,Q13526,AlphaFold,./pdb_files\Q13526_AF.pdb,Match,A
Q13526,G,10,A,0.85,ProTherm,Q13526,,,Q13526,Q13526,AlphaFold,./pdb_files\Q13526_AF.pdb,Match,A
Q13526,G,20,A,0.86,ProTherm,Q13526,,,Q13526,Q13526,AlphaFold,./pdb_files\Q13526_AF.pdb,Match,A
Q13526,H,27,A,0.12,ProTherm,Q13526,,,Q13526,Q13526,AlphaFold,./pdb_files\Q13526_AF.pdb,Match,A
Q13526,H,27,G,0.68,ProTherm,Q13526,,,Q13526,Q13526,AlphaFold,./pdb_files\Q13526_AF.pdb,Match,A
Q13526,I,28,A,0.36,ProTherm,Q13526,,,Q13526,Q13526,AlphaFold,./pdb_files\Q13526_AF.pdb,Match,A
Q13526,I,28,G,0.48,ProTherm,Q13526,,,Q13526,Q13526,AlphaFold,./pdb_files\Q13526_AF.pdb,Match,A
Q13526,K,13,A,0.02,ProTherm,Q13526,,,Q13526,Q13526,AlphaFold,./pdb_files\Q13526_AF.pdb,Match,A
Q13526,K,6,A,-0.15,ProTherm,Q13526,,,Q13526,Q13526,AlphaFold,./pdb_files\Q13526_AF.pdb,Match,A
Q13526,L,7,I,0.85,ProTherm,Q13526,,,Q13526,Q13526,AlphaFold,./pdb_files\Q13526_AF.pdb,Match,A
Q13526,L,7,N,0.9,ProTherm,Q13526,,,Q13526,Q13526,AlphaFold,./pdb_files\Q13526_AF.pdb,Match,A
Q13526,L,7,V,1.26,ProTherm,Q13526,,,Q13526,Q13526,AlphaFold,./pdb_files\Q13526_AF.pdb,Match,A
Q13526,M,15,A,0.59,ProTherm,Q13526,,,Q13526,Q13526,AlphaFold,./pdb_files\Q13526_AF.pdb,Match,A
Q13526,N,30,A,0.47,ProTherm,Q13526,,,Q13526,Q13526,AlphaFold,./pdb_files\Q13526_AF.pdb,Match,A
Q13526,N,30,G,-0.53,ProTherm,Q13526,,,Q13526,Q13526,AlphaFold,./pdb_files\Q13526_AF.pdb,Match,A
Q13526,P,8,A,0.97,ProTherm,Q13526,,,Q13526,Q13526,AlphaFold,./pdb_files\Q13526_AF.pdb,Match,A
Q13526,P,8,G,0.92,ProTherm,Q13526,,,Q13526,Q13526,AlphaFold,./pdb_files\Q13526_AF.pdb,Match,A
Q13526,P,9,A,0.19,ProTherm,Q13526,,,Q13526,Q13526,AlphaFold,./pdb_files\Q13526_AF.pdb,Match,A
Q13526,P,9,G,0.49,ProTherm,Q13526,,,Q13526,Q13526,AlphaFold,./pdb_files\Q13526_AF.pdb,Match,A
Q13526,Q,33,A,0.57,ProTherm,Q13526,,,Q13526,Q13526,AlphaFold,./pdb_files\Q13526_AF.pdb,Match,A
Q13526,R,17,A,0.0,ProTherm,Q13526,,,Q13526,Q13526,AlphaFold,./pdb_files\Q13526_AF.pdb,Match,A
Q13526,R,17,G,0.22,ProTherm,Q13526,,,Q13526,Q13526,AlphaFold,./pdb_files\Q13526_AF.pdb,Match,A
Q13526,R,21,A,0.65,ProTherm,Q13526,,,Q13526,Q13526,AlphaFold,./pdb_files\Q13526_AF.pdb,Match,A
Q13526,R,21,G,0.67,ProTherm,Q13526,,,Q13526,Q13526,AlphaFold,./pdb_files\Q13526_AF.pdb,Match,A
Q13526,R,36,A,0.29,ProTherm,Q13526,,,Q13526,Q13526,AlphaFold,./pdb_files\Q13526_AF.pdb,Match,A
Q13526,S,16,A,0.44,ProTherm,Q13526,,,Q13526,Q13526,AlphaFold,./pdb_files\Q13526_AF.pdb,Match,A
Q13526,S,16,G,0.92,ProTherm,Q13526,,,Q13526,Q13526,AlphaFold,./pdb_files\Q13526_AF.pdb,Match,A
Q13526,S,18,A,-0.03,ProTherm,Q13526,,,Q13526,Q13526,AlphaFold,./pdb_files\Q13526_AF.pdb,Match,A
Q13526,S,18,G,-0.02,ProTherm,Q13526,,,Q13526,Q13526,AlphaFold,./pdb_files\Q13526_AF.pdb,Match,A
Q13526,S,19,A,0.14,ProTherm,Q13526,,,Q13526,Q13526,AlphaFold,./pdb_files\Q13526_AF.pdb,Match,A
Q13526,S,19,G,-0.01,ProTherm,Q13526,,,Q13526,Q13526,AlphaFold,./pdb_files\Q13526_AF.pdb,Match,A
Q13526,S,32,A,0.26,ProTherm,Q13526,,,Q13526,Q13526,AlphaFold,./pdb_files\Q13526_AF.pdb,Match,A
Q13526,S,32,G,0.81,ProTherm,Q13526,,,Q13526,Q13526,AlphaFold,./pdb_files\Q13526_AF.pdb,Match,A
Q13526,S,38,A,-0.05,ProTherm,Q13526,,,Q13526,Q13526,AlphaFold,./pdb_files\Q13526_AF.pdb,Match,A
Q13526,S,38,G,0.08,ProTherm,Q13526,,,Q13526,Q13526,AlphaFold,./pdb_files\Q13526_AF.pdb,Match,A
Q13526,T,29,A,1.25,ProTherm,Q13526,,,Q13526,Q13526,AlphaFold,./pdb_files\Q13526_AF.pdb,Match,A
Q13526,T,29,D,1.33,ProTherm,Q13526,,,Q13526,Q13526,AlphaFold,./pdb_files\Q13526_AF.pdb,Match,A
Q13526,T,29,S,0.65,ProTherm,Q13526,,,Q13526,Q13526,AlphaFold,./pdb_files\Q13526_AF.pdb,Match,A
Q13526,V,22,A,0.26,ProTherm,Q13526,,,Q13526,Q13526,AlphaFold,./pdb_files\Q13526_AF.pdb,Match,A
Q13526,W,34,A,0.4,ProTherm,Q13526,,,Q13526,Q13526,AlphaFold,./pdb_files\Q13526_AF.pdb,Match,A
Q13526,W,34,F,0.1,ProTherm,Q13526,,,Q13526,Q13526,AlphaFold,./pdb_files\Q13526_AF.pdb,Match,A
Q13526,Y,23,F,0.52,ProTherm,Q13526,,,Q13526,Q13526,AlphaFold,./pdb_files\Q13526_AF.pdb,Match,A
Q13526,Y,23,L,1.18,ProTherm,Q13526,,,Q13526,Q13526,AlphaFold,./pdb_files\Q13526_AF.pdb,Match,A
Q13526,Y,24,F,0.66,ProTherm,Q13526,,,Q13526,Q13526,AlphaFold,./pdb_files\Q13526_AF.pdb,Match,A
Q13526,Y,24,W,0.56,ProTherm,Q13526,,,Q13526,Q13526,AlphaFold,./pdb_files\Q13526_AF.pdb,Match,A
Q15059,H,395,R,-1.575,ProTherm,Q15059,3S92,,Q15059,Q15059,AlphaFold,./pdb_files\Q15059_AF.pdb,Match,A
Q16595,L,198,C,0.95,ProTherm,Q16595,1EKG,,Q16595,Q16595,AlphaFold,./pdb_files\Q16595_AF.pdb,Match,A
Q16595,L,200,C,1.9,ProTherm,Q16595,1EKG,,Q16595,Q16595,AlphaFold,./pdb_files\Q16595_AF.pdb,Match,A
Q40059,K,44,A,-0.64,ProTherm,Q40059,,,Q40059,Q40059,AlphaFold,./pdb_files\Q40059_AF.pdb,Match,A
Q40059,P,45,A,-1.93,ProTherm,Q40059,,,Q40059,Q40059,AlphaFold,./pdb_files\Q40059_AF.pdb,Match,A
Q5NV88,H,8,P,0.6,ProTherm,Q5NV88,2W0K,,Q5NV88,Q5NV88,AlphaFold,./pdb_files\Q5NV88_AF.pdb,Match,A
Q5NV88,H,8,S,0.6,ProTherm,Q5NV88,2W0K,,Q5NV88,Q5NV88,AlphaFold,./pdb_files\Q5NV88_AF.pdb,Match,A
Q5NV88,P,7,S,2.6,ProTherm,Q5NV88,2W0K,,Q5NV88,Q5NV88,AlphaFold,./pdb_files\Q5NV88_AF.pdb,Match,A
Q88IY3,Q,192,R,-1.7,COZYME,Q88IY3,,,Q88IY3,Q88IY3,AlphaFold,./pdb_files\Q88IY3_AF.pdb,Match,A
Q8TZE8,W,301,F,-3.98,ProTherm,Q8TZE8,,,Q8TZE8,Q8TZE8,AlphaFold,./pdb_files\Q8TZE8_AF.pdb,Match,A
Q8TZE8,W,60,F,7.79,ProTherm,Q8TZE8,,,Q8TZE8,Q8TZE8,AlphaFold,./pdb_files\Q8TZE8_AF.pdb,Match,A
Q9EYL5,E,114,Q,1.06,ProTherm,Q9EYL5,3BCI,,Q9EYL5,Q9EYL5,AlphaFold,./pdb_files\Q9EYL5_AF.pdb,Match,A
Q9EYL5,T,171,V,-1.14,ProTherm,Q9EYL5,3BCI,,Q9EYL5,Q9EYL5,AlphaFold,./pdb_files\Q9EYL5_AF.pdb,Match,A
Q9H334,H,520,A,-11.3,ProTherm,Q9H334,2KIU,,Q9H334,Q9H334,AlphaFold,./pdb_files\Q9H334_AF.pdb,Match,A
Q9NAV8,H,56,V,-5.1,ProTherm,Q9NAV8,1EW6,,Q9NAV8,Q9NAV8,AlphaFold,./pdb_files\Q9NAV8_AF.pdb,Match,A
Q9REI6,G,130,P,-0.5,ProTherm,Q9REI6,1KFW,,Q9REI6,Q9REI6,AlphaFold,./pdb_files\Q9REI6_AF.pdb,Match,A
Q9REI6,G,291,P,0.65,ProTherm,Q9REI6,1KFW,,Q9REI6,Q9REI6,AlphaFold,./pdb_files\Q9REI6_AF.pdb,Match,A
Q9REI6,G,443,Q,-0.62,ProTherm,Q9REI6,1KFW,,Q9REI6,Q9REI6,AlphaFold,./pdb_files\Q9REI6_AF.pdb,Match,A
Q9REI6,N,235,K,-0.81,ProTherm,Q9REI6,1KFW,,Q9REI6,Q9REI6,AlphaFold,./pdb_files\Q9REI6_AF.pdb,Match,A
R9S082,A,126,L,-0.6,ProTherm,R9S082,,,R9S082,R9S082,AlphaFold,./pdb_files\R9S082_AF.pdb,Match,A
R9S082,A,145,L,-0.4,ProTherm,R9S082,,,R9S082,R9S082,AlphaFold,./pdb_files\R9S082_AF.pdb,Match,A
R9S082,D,45,A,0.175,ProTherm,R9S082,,,R9S082,R9S082,AlphaFold,./pdb_files\R9S082_AF.pdb,Match,A
R9S082,D,61,A,0.125,ProTherm,R9S082,,,R9S082,R9S082,AlphaFold,./pdb_files\R9S082_AF.pdb,Match,A
R9S082,E,19,A,0.6,ProTherm,R9S082,,,R9S082,R9S082,AlphaFold,./pdb_files\R9S082_AF.pdb,Match,A
R9S082,F,107,A,0.7,ProTherm,R9S082,,,R9S082,R9S082,AlphaFold,./pdb_files\R9S082_AF.pdb,Match,A
R9S082,F,124,A,1.1,ProTherm,R9S082,,,R9S082,R9S082,AlphaFold,./pdb_files\R9S082_AF.pdb,Match,A
R9S082,F,124,K,1.4,ProTherm,R9S082,,,R9S082,R9S082,AlphaFold,./pdb_files\R9S082_AF.pdb,Match,A
R9S082,F,124,T,3.5,ProTherm,R9S082,,,R9S082,R9S082,AlphaFold,./pdb_files\R9S082_AF.pdb,Match,A
R9S082,G,24,A,1.1,ProTherm,R9S082,,,R9S082,R9S082,AlphaFold,./pdb_files\R9S082_AF.pdb,Match,A
R9S082,H,37,Q,0.6499999999999999,ProTherm,R9S082,,,R9S082,R9S082,AlphaFold,./pdb_files\R9S082_AF.pdb,Match,A
R9S082,H,49,Q,0.31,ProTherm,R9S082,,,R9S082,R9S082,AlphaFold,./pdb_files\R9S082_AF.pdb,Match,A
R9S082,H,65,Q,0.2249999999999999,ProTherm,R9S082,,,R9S082,R9S082,AlphaFold,./pdb_files\R9S082_AF.pdb,Match,A
R9S082,I,112,A,1.8,ProTherm,R9S082,,,R9S082,R9S082,AlphaFold,./pdb_files\R9S082_AF.pdb,Match,A
R9S082,I,112,L,0.6,ProTherm,R9S082,,,R9S082,R9S082,AlphaFold,./pdb_files\R9S082_AF.pdb,Match,A
R9S082,I,112,M,1.1,ProTherm,R9S082,,,R9S082,R9S082,AlphaFold,./pdb_files\R9S082_AF.pdb,Match,A
R9S082,I,143,A,1.9,ProTherm,R9S082,,,R9S082,R9S082,AlphaFold,./pdb_files\R9S082_AF.pdb,Match,A
R9S082,I,143,L,-0.6,ProTherm,R9S082,,,R9S082,R9S082,AlphaFold,./pdb_files\R9S082_AF.pdb,Match,A
R9S082,I,143,M,-0.9,ProTherm,R9S082,,,R9S082,R9S082,AlphaFold,./pdb_files\R9S082_AF.pdb,Match,A
R9S082,I,143,V,0.1,ProTherm,R9S082,,,R9S082,R9S082,AlphaFold,./pdb_files\R9S082_AF.pdb,Match,A
R9S082,I,31,A,1.9,ProTherm,R9S082,,,R9S082,R9S082,AlphaFold,./pdb_files\R9S082_AF.pdb,Match,A
R9S082,K,57,A,0.225,ProTherm,R9S082,,,R9S082,R9S082,AlphaFold,./pdb_files\R9S082_AF.pdb,Match,A
R9S082,K,78,A,0.035,ProTherm,R9S082,,,R9S082,R9S082,AlphaFold,./pdb_files\R9S082_AF.pdb,Match,A
R9S082,L,105,A,0.6,ProTherm,R9S082,,,R9S082,R9S082,AlphaFold,./pdb_files\R9S082_AF.pdb,Match,A
R9S082,L,10,A,0.4,ProTherm,R9S082,,,R9S082,R9S082,AlphaFold,./pdb_files\R9S082_AF.pdb,Match,A
R9S082,L,116,A,1.4,ProTherm,R9S082,,,R9S082,R9S082,AlphaFold,./pdb_files\R9S082_AF.pdb,Match,A
R9S082,L,12,A,0.6,ProTherm,R9S082,,,R9S082,R9S082,AlphaFold,./pdb_files\R9S082_AF.pdb,Match,A
R9S082,L,136,A,1.7,ProTherm,R9S082,,,R9S082,R9S082,AlphaFold,./pdb_files\R9S082_AF.pdb,Match,A
R9S082,L,136,I,1.5,ProTherm,R9S082,,,R9S082,R9S082,AlphaFold,./pdb_files\R9S082_AF.pdb,Match,A
R9S082,L,136,M,0.8,ProTherm,R9S082,,,R9S082,R9S082,AlphaFold,./pdb_files\R9S082_AF.pdb,Match,A
R9S082,L,136,V,2.2,ProTherm,R9S082,,,R9S082,R9S082,AlphaFold,./pdb_files\R9S082_AF.pdb,Match,A
R9S082,L,138,A,0.3,ProTherm,R9S082,,,R9S082,R9S082,AlphaFold,./pdb_files\R9S082_AF.pdb,Match,A
R9S082,L,150,A,1.6,ProTherm,R9S082,,,R9S082,R9S082,AlphaFold,./pdb_files\R9S082_AF.pdb,Match,A
R9S082,L,30,A,0.39,ProTherm,R9S082,,,R9S082,R9S082,AlphaFold,./pdb_files\R9S082_AF.pdb,Match,A
R9S082,L,30,I,1.1,ProTherm,R9S082,,,R9S082,R9S082,AlphaFold,./pdb_files\R9S082_AF.pdb,Match,A
R9S082,L,30,M,-0.1,ProTherm,R9S082,,,R9S082,R9S082,AlphaFold,./pdb_files\R9S082_AF.pdb,Match,A
R9S082,L,30,V,1.7,ProTherm,R9S082,,,R9S082,R9S082,AlphaFold,./pdb_files\R9S082_AF.pdb,Match,A
R9S082,L,33,A,2.04,ProTherm,R9S082,,,R9S082,R9S082,AlphaFold,./pdb_files\R9S082_AF.pdb,Match,A
R9S082,L,50,I,0.8,ProTherm,R9S082,,,R9S082,R9S082,AlphaFold,./pdb_files\R9S082_AF.pdb,Match,A
R9S082,L,70,A,1.2,ProTherm,R9S082,,,R9S082,R9S082,AlphaFold,./pdb_files\R9S082_AF.pdb,Match,A
R9S082,L,70,I,0.0,ProTherm,R9S082,,,R9S082,R9S082,AlphaFold,./pdb_files\R9S082_AF.pdb,Match,A
R9S082,L,70,M,0.0,ProTherm,R9S082,,,R9S082,R9S082,AlphaFold,./pdb_files\R9S082_AF.pdb,Match,A
R9S082,L,70,V,0.1,ProTherm,R9S082,,,R9S082,R9S082,AlphaFold,./pdb_files\R9S082_AF.pdb,Match,A
R9S082,L,73,A,0.74,ProTherm,R9S082,,,R9S082,R9S082,AlphaFold,./pdb_files\R9S082_AF.pdb,Match,A
R9S082,M,132,A,1.4666666666666668,ProTherm,R9S082,,,R9S082,R9S082,AlphaFold,./pdb_files\R9S082_AF.pdb,Match,A
R9S082,P,89,A,-0.6,ProTherm,R9S082,,,R9S082,R9S082,AlphaFold,./pdb_files\R9S082_AF.pdb,Match,A
R9S082,Q,9,A,-0.98,ProTherm,R9S082,,,R9S082,R9S082,AlphaFold,./pdb_files\R9S082_AF.pdb,Match,A
R9S082,Q,9,G,0.565,ProTherm,R9S082,,,R9S082,R9S082,AlphaFold,./pdb_files\R9S082_AF.pdb,Match,A
R9S082,S,118,A,0.3,ProTherm,R9S082,,,R9S082,R9S082,AlphaFold,./pdb_files\R9S082_AF.pdb,Match,A
R9S082,T,68,A,0.3,ProTherm,R9S082,,,R9S082,R9S082,AlphaFold,./pdb_files\R9S082_AF.pdb,Match,A
R9S082,V,115,A,1.4,ProTherm,R9S082,,,R9S082,R9S082,AlphaFold,./pdb_files\R9S082_AF.pdb,Match,A
R9S082,V,14,A,0.0,ProTherm,R9S082,,,R9S082,R9S082,AlphaFold,./pdb_files\R9S082_AF.pdb,Match,A
R9S082,V,69,T,0.3999999999999999,ProTherm,R9S082,,,R9S082,R9S082,AlphaFold,./pdb_files\R9S082_AF.pdb,Match,A
R9S082,W,15,F,0.7333333333333334,ProTherm,R9S082,,,R9S082,R9S082,AlphaFold,./pdb_files\R9S082_AF.pdb,Match,A
