WT	MutPos	Mut	DDG	PDB_ID	FILE_PATH	Chain	SeqPos	Key
V	92	L	1.1	O26594	O26594_AF.pdb	A	92	O26594_A
C	450	A	-0.48	O49003	O49003_AF.pdb	A	450	O49003_A
A	263	F	0.43	O61594	O61594_AF.pdb	A	263	O61594_A
D	260	A	0.67	O61594	O61594_AF.pdb	A	260	O61594_A
E	261	A	-0.53	O61594	O61594_AF.pdb	A	261	O61594_A
E	265	A	-0.43	O61594	O61594_AF.pdb	A	265	O61594_A
F	251	A	0.67	O61594	O61594_AF.pdb	A	251	O61594_A
F	334	A	1.11	O61594	O61594_AF.pdb	A	334	O61594_A
K	366	A	1.25	O61594	O61594_AF.pdb	A	366	O61594_A
L	100	A	-0.81	O61594	O61594_AF.pdb	A	100	O61594_A
L	335	A	0.84	O61594	O61594_AF.pdb	A	335	O61594_A
L	350	A	0.7	O61594	O61594_AF.pdb	A	350	O61594_A
L	389	A	-0.67	O61594	O61594_AF.pdb	A	389	O61594_A
M	262	F	-0.53	O61594	O61594_AF.pdb	A	262	O61594_A
N	249	A	0.94	O61594	O61594_AF.pdb	A	249	O61594_A
N	391	A	23.21	O61594	O61594_AF.pdb	A	391	O61594_A
S	247	A	0.05	O61594	O61594_AF.pdb	A	247	O61594_A
S	337	F	0.75	O61594	O61594_AF.pdb	A	337	O61594_A
S	358	A	0.63	O61594	O61594_AF.pdb	A	358	O61594_A
V	336	F	2.14	O61594	O61594_AF.pdb	A	336	O61594_A
Y	390	A	0.34	O61594	O61594_AF.pdb	A	390	O61594_A
Y	420	A	1.42	O61594	O61594_AF.pdb	A	420	O61594_A
H	515	E	2.5	O67206	O67206_AF.pdb	A	515	O67206_A
D	105	A	-1.58	O74035	O74035_AF.pdb	A	105	O74035_A
D	135	A	-2.56	O74035	O74035_AF.pdb	A	135	O74035_A
D	7	N	-1.67	O74035	O74035_AF.pdb	A	7	O74035_A
E	8	A	-2.65	O74035	O74035_AF.pdb	A	8	O74035_A
E	8	Q	-0.6	O74035	O74035_AF.pdb	A	8	O74035_A
I	102	A	4.04	O74035	O74035_AF.pdb	A	102	O74035_A
I	15	A	2.13	O74035	O74035_AF.pdb	A	15	O74035_A
I	20	A	4.42	O74035	O74035_AF.pdb	A	20	O74035_A
I	56	A	3.97	O74035	O74035_AF.pdb	A	56	O74035_A
I	6	A	2.92	O74035	O74035_AF.pdb	A	6	O74035_A
L	118	A	5.26	O74035	O74035_AF.pdb	A	118	O74035_A
L	147	A	2.61	O74035	O74035_AF.pdb	A	147	O74035_A
L	33	A	4.54	O74035	O74035_AF.pdb	A	33	O74035_A
L	92	A	2.87	O74035	O74035_AF.pdb	A	92	O74035_A
A	396	G	0.6	O75400	O75400_AF.pdb	A	396	O75400_A
A	399	G	2.4	O75400	O75400_AF.pdb	A	399	O75400_A
A	418	G	1.9	O75400	O75400_AF.pdb	A	418	O75400_A
A	430	G	1.1	O75400	O75400_AF.pdb	A	430	O75400_A
A	432	G	0.3	O75400	O75400_AF.pdb	A	432	O75400_A
A	440	G	2.2	O75400	O75400_AF.pdb	A	440	O75400_A
A	443	G	0.9	O75400	O75400_AF.pdb	A	443	O75400_A
D	425	N	2.3	O75400	O75400_AF.pdb	A	425	O75400_A
E	394	A	0.3	O75400	O75400_AF.pdb	A	394	O75400_A
E	394	G	1.0	O75400	O75400_AF.pdb	A	394	O75400_A
E	406	A	0.6	O75400	O75400_AF.pdb	A	406	O75400_A
E	406	G	1.6	O75400	O75400_AF.pdb	A	406	O75400_A
I	422	V	1.3	O75400	O75400_AF.pdb	A	422	O75400_A
I	423	A	0.2	O75400	O75400_AF.pdb	A	423	O75400_A
I	423	G	0.3	O75400	O75400_AF.pdb	A	423	O75400_A
I	423	V	0.3	O75400	O75400_AF.pdb	A	423	O75400_A
K	405	A	-0.1	O75400	O75400_AF.pdb	A	405	O75400_A
K	405	G	0.8	O75400	O75400_AF.pdb	A	405	O75400_A
K	437	A	2.1	O75400	O75400_AF.pdb	A	437	O75400_A
L	403	A	1.0	O75400	O75400_AF.pdb	A	403	O75400_A
L	431	A	2.9	O75400	O75400_AF.pdb	A	431	O75400_A
M	421	A	1.6	O75400	O75400_AF.pdb	A	421	O75400_A
N	412	G	0.4	O75400	O75400_AF.pdb	A	412	O75400_A
P	410	G	1.1	O75400	O75400_AF.pdb	A	410	O75400_A
P	426	G	0.9	O75400	O75400_AF.pdb	A	426	O75400_A
Q	398	A	0.2	O75400	O75400_AF.pdb	A	398	O75400_A
Q	398	G	1.3	O75400	O75400_AF.pdb	A	398	O75400_A
Q	417	A	0.3	O75400	O75400_AF.pdb	A	417	O75400_A
Q	417	G	1.6	O75400	O75400_AF.pdb	A	417	O75400_A
Q	439	A	-0.2	O75400	O75400_AF.pdb	A	439	O75400_A
Q	439	G	0.8	O75400	O75400_AF.pdb	A	439	O75400_A
S	411	A	0.0	O75400	O75400_AF.pdb	A	411	O75400_A
S	414	A	1.0	O75400	O75400_AF.pdb	A	414	O75400_A
S	429	A	0.2	O75400	O75400_AF.pdb	A	429	O75400_A
S	429	G	0.1	O75400	O75400_AF.pdb	A	429	O75400_A
S	435	A	0.5	O75400	O75400_AF.pdb	A	435	O75400_A
S	435	G	0.5	O75400	O75400_AF.pdb	A	435	O75400_A
T	392	A	1.0	O75400	O75400_AF.pdb	A	392	O75400_A
T	392	S	-0.1	O75400	O75400_AF.pdb	A	392	O75400_A
V	409	A	3.3	O75400	O75400_AF.pdb	A	409	O75400_A
V	446	A	-0.6	O75400	O75400_AF.pdb	A	446	O75400_A
V	446	G	0.1	O75400	O75400_AF.pdb	A	446	O75400_A
W	390	F	0.2	O75400	O75400_AF.pdb	A	390	O75400_A
W	415	F	-0.6	O75400	O75400_AF.pdb	A	415	O75400_A
Y	428	A	2.6	O75400	O75400_AF.pdb	A	428	O75400_A
Y	428	F	0.3	O75400	O75400_AF.pdb	A	428	O75400_A
Y	444	F	0.8	O75400	O75400_AF.pdb	A	444	O75400_A
N	280	S	-0.51	O95363	O95363_AF.pdb	A	280	O95363_A
S	57	C	-0.43	O95363	O95363_AF.pdb	A	57	O95363_A
L	95	A	3.5	P00004	P00004_AF.pdb	A	95	P00004_A
L	95	I	-0.2	P00004	P00004_AF.pdb	A	95	P00004_A
L	95	V	0.8	P00004	P00004_AF.pdb	A	95	P00004_A
M	81	A	0.76	P00004	P00004_AF.pdb	A	81	P00004_A
T	50	V	0.22	P00004	P00004_AF.pdb	A	50	P00004_A
K	74	F	1.15	P00025	P00025_AF.pdb	A	74	P00025_A
K	74	M	1.0	P00025	P00025_AF.pdb	A	74	P00025_A
K	74	W	1.43	P00025	P00025_AF.pdb	A	74	P00025_A
K	74	Y	1.05	P00025	P00025_AF.pdb	A	74	P00025_A
C	108	A	-2.9	P00044	P00044_AF.pdb	A	108	P00044_A
C	108	S	-2.8	P00044	P00044_AF.pdb	A	108	P00044_A
F	88	Y	0.7	P00044	P00044_AF.pdb	A	88	P00044_A
G	12	A	3.5	P00044	P00044_AF.pdb	A	12	P00044_A
H	32	Y	1.96	P00044	P00044_AF.pdb	A	32	P00044_A
H	39	Y	0.3	P00044	P00044_AF.pdb	A	39	P00044_A
K	79	A	0.45	P00044	P00044_AF.pdb	A	79	P00044_A
K	79	G	0.74	P00044	P00044_AF.pdb	A	79	P00044_A
K	79	H	1.625	P00044	P00044_AF.pdb	A	79	P00044_A
K	79	I	1.19	P00044	P00044_AF.pdb	A	79	P00044_A
K	79	L	0.03	P00044	P00044_AF.pdb	A	79	P00044_A
K	79	R	0.03	P00044	P00044_AF.pdb	A	79	P00044_A
K	79	V	1.38	P00044	P00044_AF.pdb	A	79	P00044_A
K	79	W	1.43	P00044	P00044_AF.pdb	A	79	P00044_A
L	91	A	2.8	P00044	P00044_AF.pdb	A	91	P00044_A
N	58	A	-2.97	P00044	P00044_AF.pdb	A	58	P00044_A
N	58	F	0.06	P00044	P00044_AF.pdb	A	58	P00044_A
N	58	H	1.7	P00044	P00044_AF.pdb	A	58	P00044_A
N	58	I	-4.1	P00044	P00044_AF.pdb	A	58	P00044_A
N	58	L	-4.73	P00044	P00044_AF.pdb	A	58	P00044_A
N	58	M	-4.04	P00044	P00044_AF.pdb	A	58	P00044_A
N	58	Q	0.84	P00044	P00044_AF.pdb	A	58	P00044_A
N	58	S	0.37	P00044	P00044_AF.pdb	A	58	P00044_A
N	58	T	-1.9	P00044	P00044_AF.pdb	A	58	P00044_A
N	58	V	-2.02	P00044	P00044_AF.pdb	A	58	P00044_A
P	77	I	1.7	P00044	P00044_AF.pdb	A	77	P00044_A
P	77	T	1.7	P00044	P00044_AF.pdb	A	77	P00044_A
P	77	V	1.0	P00044	P00044_AF.pdb	A	77	P00044_A
P	82	G	0.78	P00044	P00044_AF.pdb	A	82	P00044_A
P	82	L	3.44	P00044	P00044_AF.pdb	A	82	P00044_A
P	82	R	0.97	P00044	P00044_AF.pdb	A	82	P00044_A
P	82	S	1.89	P00044	P00044_AF.pdb	A	82	P00044_A
P	82	V	1.07	P00044	P00044_AF.pdb	A	82	P00044_A
P	82	W	2.38	P00044	P00044_AF.pdb	A	82	P00044_A
P	82	Y	2.07	P00044	P00044_AF.pdb	A	82	P00044_A
V	26	C	1.1	P00044	P00044_AF.pdb	A	26	P00044_A
K	33	D	1.1	P00094	P00094_AF.pdb	A	33	P00094_A
K	35	E	0.9	P00094	P00094_AF.pdb	A	35	P00094_A
K	53	E	-0.4	P00094	P00094_AF.pdb	A	53	P00094_A
E	65	Y	-1.13	P00099	P00099_AF.pdb	A	65	P00099_A
F	29	A	-1.1	P00099	P00099_AF.pdb	A	29	P00099_A
F	56	Y	-1.33	P00099	P00099_AF.pdb	A	56	P00099_A
Q	59	R	-0.5	P00099	P00099_AF.pdb	A	59	P00099_A
V	100	I	-0.775	P00099	P00099_AF.pdb	A	100	P00099_A
V	35	M	-0.4	P00099	P00099_AF.pdb	A	35	P00099_A
W	78	F	1.9	P00099	P00099_AF.pdb	A	78	P00099_A
W	99	F	1.2	P00099	P00099_AF.pdb	A	99	P00099_A
F	40	H	2.82	P00171	P00171_AF.pdb	A	40	P00171_A
F	40	L	1.87	P00171	P00171_AF.pdb	A	40	P00171_A
F	40	Y	-1.03	P00171	P00171_AF.pdb	A	40	P00171_A
S	76	L	-0.8	P00171	P00171_AF.pdb	A	76	P00171_A
V	50	E	2.68	P00171	P00171_AF.pdb	A	50	P00171_A
V	50	H	1.34	P00171	P00171_AF.pdb	A	50	P00171_A
V	50	Y	1.53	P00171	P00171_AF.pdb	A	50	P00171_A
V	66	E	1.1	P00171	P00171_AF.pdb	A	66	P00171_A
V	66	H	1.63	P00171	P00171_AF.pdb	A	66	P00171_A
V	66	K	2.34	P00171	P00171_AF.pdb	A	66	P00171_A
V	66	Y	1.29	P00171	P00171_AF.pdb	A	66	P00171_A
C	153	S	-0.96	P00257	P00257_AF.pdb	A	153	P00257_A
D	134	E	-0.45	P00257	P00257_AF.pdb	A	134	P00257_A
H	114	Q	1.66	P00257	P00257_AF.pdb	A	114	P00257_A
H	114	R	1.16	P00257	P00257_AF.pdb	A	114	P00257_A
H	114	T	1.19	P00257	P00257_AF.pdb	A	114	P00257_A
T	112	A	1.31	P00257	P00257_AF.pdb	A	112	P00257_A
T	112	S	-0.05	P00257	P00257_AF.pdb	A	112	P00257_A
Y	140	F	0.01	P00257	P00257_AF.pdb	A	140	P00257_A
Y	140	L	0.36	P00257	P00257_AF.pdb	A	140	P00257_A
Y	140	S	0.33	P00257	P00257_AF.pdb	A	140	P00257_A
Y	140	W	0.21	P00257	P00257_AF.pdb	A	140	P00257_A
I	33	L	-0.76	P00268	P00268_AF.pdb	A	33	P00268_A
V	24	I	-0.36	P00268	P00268_AF.pdb	A	24	P00268_A
A	102	G	2.39	P00282	P00282_AF.pdb	A	102	P00282_A
C	132	S	-1.54	P00282	P00282_AF.pdb	A	132	P00282_A
F	117	A	2.63	P00282	P00282_AF.pdb	A	117	P00282_A
F	130	A	5.02	P00282	P00282_AF.pdb	A	130	P00282_A
F	130	S	4.15	P00282	P00282_AF.pdb	A	130	P00282_A
H	137	G	9.9	P00282	P00282_AF.pdb	A	137	P00282_A
H	66	G	10.9	P00282	P00282_AF.pdb	A	66	P00282_A
I	101	A	1.91	P00282	P00282_AF.pdb	A	101	P00282_A
I	101	T	2.93	P00282	P00282_AF.pdb	A	101	P00282_A
I	101	V	0.155	P00282	P00282_AF.pdb	A	101	P00282_A
I	27	A	3.23	P00282	P00282_AF.pdb	A	27	P00282_A
I	27	S	3.3	P00282	P00282_AF.pdb	A	27	P00282_A
I	40	A	1.97	P00282	P00282_AF.pdb	A	40	P00282_A
I	40	T	2.15	P00282	P00282_AF.pdb	A	40	P00282_A
I	40	V	0.19	P00282	P00282_AF.pdb	A	40	P00282_A
L	145	A	1.1949999999999998	P00282	P00282_AF.pdb	A	145	P00282_A
L	53	A	1.67	P00282	P00282_AF.pdb	A	53	P00282_A
L	70	A	1.79	P00282	P00282_AF.pdb	A	70	P00282_A
L	70	T	2.245	P00282	P00282_AF.pdb	A	70	P00282_A
L	70	V	0.3	P00282	P00282_AF.pdb	A	70	P00282_A
M	141	A	2.87	P00282	P00282_AF.pdb	A	141	P00282_A
V	115	A	0.96	P00282	P00282_AF.pdb	A	115	P00282_A
V	25	A	0.48	P00282	P00282_AF.pdb	A	25	P00282_A
V	42	A	1.5499999999999998	P00282	P00282_AF.pdb	A	42	P00282_A
V	51	A	1.67	P00282	P00282_AF.pdb	A	51	P00282_A
V	80	G	3.11	P00282	P00282_AF.pdb	A	80	P00282_A
W	68	A	3.35	P00282	P00282_AF.pdb	A	68	P00282_A
Y	128	A	3.59	P00282	P00282_AF.pdb	A	128	P00282_A
C	180	A	2.2	P00509	P00509_AF.pdb	A	180	P00509_A
C	180	S	1.8	P00509	P00509_AF.pdb	A	180	P00509_A
C	181	A	1.6	P00509	P00509_AF.pdb	A	181	P00509_A
C	258	A	2.5	P00509	P00509_AF.pdb	A	258	P00509_A
C	389	A	-3.2	P00509	P00509_AF.pdb	A	389	P00509_A
C	77	A	1.3	P00509	P00509_AF.pdb	A	77	P00509_A
D	11	A	5.6000000000000005	P00509	P00509_AF.pdb	A	11	P00509_A
E	253	K	7.35	P00509	P00509_AF.pdb	A	253	P00509_A
E	253	Q	5.85	P00509	P00509_AF.pdb	A	253	P00509_A
E	3	A	3.4	P00509	P00509_AF.pdb	A	3	P00509_A
F	2	A	7.35	P00509	P00509_AF.pdb	A	2	P00509_A
I	5	A	5.0	P00509	P00509_AF.pdb	A	5	P00509_A
K	63	E	4.85	P00509	P00509_AF.pdb	A	63	P00509_A
K	63	M	5.050000000000001	P00509	P00509_AF.pdb	A	63	P00509_A
N	282	D	-0.4	P00509	P00509_AF.pdb	A	282	P00509_A
N	282	R	2.6	P00509	P00509_AF.pdb	A	282	P00509_A
N	285	R	5.15	P00509	P00509_AF.pdb	A	285	P00509_A
R	254	M	3.6	P00509	P00509_AF.pdb	A	254	P00509_A
T	6	A	1.3	P00509	P00509_AF.pdb	A	6	P00509_A
E	252	A	0.7	P00558	P00558_AF.pdb	A	252	P00558_A
T	378	P	4.8	P00558	P00558_AF.pdb	A	378	P00558_A
H	389	Q	0.84	P00560	P00560_AF.pdb	A	389	P00560_A
L	400	W	2.995	P00560	P00560_AF.pdb	A	400	P00560_A
W	309	F	3.67	P00560	P00560_AF.pdb	A	309	P00560_A
D	122	A	0.24	P00563	P00563_AF.pdb	A	122	P00563_A
D	122	N	0.6	P00563	P00563_AF.pdb	A	122	P00563_A
H	70	K	3.21	P00592	P00592_AF.pdb	A	70	P00592_A
H	70	N	2.28	P00592	P00592_AF.pdb	A	70	P00592_A
H	70	Q	1.03	P00592	P00592_AF.pdb	A	70	P00592_A
F	128	A	0.9	P00593	P00593_AF.pdb	A	128	P00593_A
F	128	I	-1.9	P00593	P00593_AF.pdb	A	128	P00593_A
F	128	Y	-0.6	P00593	P00593_AF.pdb	A	128	P00593_A
F	44	A	-0.5	P00593	P00593_AF.pdb	A	44	P00593_A
F	44	I	-2.7	P00593	P00593_AF.pdb	A	44	P00593_A
F	44	Y	-1.5	P00593	P00593_AF.pdb	A	44	P00593_A
H	70	A	3.1	P00593	P00593_AF.pdb	A	70	P00593_A
H	70	N	3.0	P00593	P00593_AF.pdb	A	70	P00593_A
H	70	Q	0.6	P00593	P00593_AF.pdb	A	70	P00593_A
A	140	E	6.9	P00644	P00644_AF.pdb	A	140	P00644_A
A	140	G	2.6	P00644	P00644_AF.pdb	A	140	P00644_A
A	140	V	2.8	P00644	P00644_AF.pdb	A	140	P00644_A
A	142	C	1.2	P00644	P00644_AF.pdb	A	142	P00644_A
A	142	F	0.8	P00644	P00644_AF.pdb	A	142	P00644_A
A	142	G	1.4	P00644	P00644_AF.pdb	A	142	P00644_A
A	142	V	2.8	P00644	P00644_AF.pdb	A	142	P00644_A
A	151	G	2.0	P00644	P00644_AF.pdb	A	151	P00644_A
A	151	T	3.0766666666666667	P00644	P00644_AF.pdb	A	151	P00644_A
A	151	V	2.3	P00644	P00644_AF.pdb	A	151	P00644_A
A	172	E	8.6	P00644	P00644_AF.pdb	A	172	P00644_A
A	172	G	2.0	P00644	P00644_AF.pdb	A	172	P00644_A
A	172	S	2.0	P00644	P00644_AF.pdb	A	172	P00644_A
A	172	V	0.2	P00644	P00644_AF.pdb	A	172	P00644_A
A	176	G	2.4	P00644	P00644_AF.pdb	A	176	P00644_A
A	176	V	1.3	P00644	P00644_AF.pdb	A	176	P00644_A
A	184	F	1.9	P00644	P00644_AF.pdb	A	184	P00644_A
A	184	G	1.3	P00644	P00644_AF.pdb	A	184	P00644_A
A	184	V	1.9	P00644	P00644_AF.pdb	A	184	P00644_A
A	191	E	7.7	P00644	P00644_AF.pdb	A	191	P00644_A
A	191	G	1.0	P00644	P00644_AF.pdb	A	191	P00644_A
A	191	V	3.1	P00644	P00644_AF.pdb	A	191	P00644_A
A	194	C	0.8	P00644	P00644_AF.pdb	A	194	P00644_A
A	194	F	1.4500000000000002	P00644	P00644_AF.pdb	A	194	P00644_A
A	194	G	0.0	P00644	P00644_AF.pdb	A	194	P00644_A
A	194	V	1.5	P00644	P00644_AF.pdb	A	194	P00644_A
A	212	G	1.1	P00644	P00644_AF.pdb	A	212	P00644_A
A	212	V	1.2	P00644	P00644_AF.pdb	A	212	P00644_A
A	214	E	8.2	P00644	P00644_AF.pdb	A	214	P00644_A
A	214	G	3.7	P00644	P00644_AF.pdb	A	214	P00644_A
A	214	V	4.8	P00644	P00644_AF.pdb	A	214	P00644_A
A	227	G	0.4	P00644	P00644_AF.pdb	A	227	P00644_A
A	227	V	0.3	P00644	P00644_AF.pdb	A	227	P00644_A
A	94	G	2.4	P00644	P00644_AF.pdb	A	94	P00644_A
A	94	V	1.1	P00644	P00644_AF.pdb	A	94	P00644_A
A	99	G	0.3	P00644	P00644_AF.pdb	A	99	P00644_A
A	99	V	1.9	P00644	P00644_AF.pdb	A	99	P00644_A
D	101	A	0.1	P00644	P00644_AF.pdb	A	101	P00644_A
D	101	F	1.5	P00644	P00644_AF.pdb	A	101	P00644_A
D	101	G	0.4	P00644	P00644_AF.pdb	A	101	P00644_A
D	101	K	0.3	P00644	P00644_AF.pdb	A	101	P00644_A
D	101	N	0.2	P00644	P00644_AF.pdb	A	101	P00644_A
D	103	A	-0.7	P00644	P00644_AF.pdb	A	103	P00644_A
D	103	G	-0.3	P00644	P00644_AF.pdb	A	103	P00644_A
D	103	K	-1.0	P00644	P00644_AF.pdb	A	103	P00644_A
D	103	N	-1.4	P00644	P00644_AF.pdb	A	103	P00644_A
D	122	A	-0.2	P00644	P00644_AF.pdb	A	122	P00644_A
D	122	G	0.5	P00644	P00644_AF.pdb	A	122	P00644_A
D	159	A	3.1	P00644	P00644_AF.pdb	A	159	P00644_A
D	159	G	2.2	P00644	P00644_AF.pdb	A	159	P00644_A
D	159	K	3.5	P00644	P00644_AF.pdb	A	159	P00644_A
D	159	N	2.9	P00644	P00644_AF.pdb	A	159	P00644_A
D	165	A	3.8	P00644	P00644_AF.pdb	A	165	P00644_A
D	165	F	5.2	P00644	P00644_AF.pdb	A	165	P00644_A
D	165	G	2.7	P00644	P00644_AF.pdb	A	165	P00644_A
D	177	A	3.3	P00644	P00644_AF.pdb	A	177	P00644_A
D	177	F	5.3	P00644	P00644_AF.pdb	A	177	P00644_A
D	177	G	2.7	P00644	P00644_AF.pdb	A	177	P00644_A
D	225	A	0.1	P00644	P00644_AF.pdb	A	225	P00644_A
D	225	F	0.1	P00644	P00644_AF.pdb	A	225	P00644_A
D	225	G	0.2	P00644	P00644_AF.pdb	A	225	P00644_A
D	225	K	0.3	P00644	P00644_AF.pdb	A	225	P00644_A
D	225	N	0.3	P00644	P00644_AF.pdb	A	225	P00644_A
D	228	A	0.2	P00644	P00644_AF.pdb	A	228	P00644_A
D	228	G	0.2	P00644	P00644_AF.pdb	A	228	P00644_A
E	125	A	-0.3	P00644	P00644_AF.pdb	A	125	P00644_A
E	125	D	-0.2	P00644	P00644_AF.pdb	A	125	P00644_A
E	125	G	-0.5	P00644	P00644_AF.pdb	A	125	P00644_A
E	134	A	0.1	P00644	P00644_AF.pdb	A	134	P00644_A
E	134	F	0.7	P00644	P00644_AF.pdb	A	134	P00644_A
E	134	G	0.4	P00644	P00644_AF.pdb	A	134	P00644_A
E	139	A	0.2	P00644	P00644_AF.pdb	A	139	P00644_A
E	139	C	0.7	P00644	P00644_AF.pdb	A	139	P00644_A
E	139	F	0.8	P00644	P00644_AF.pdb	A	139	P00644_A
E	139	G	1.6	P00644	P00644_AF.pdb	A	139	P00644_A
E	139	K	0.1	P00644	P00644_AF.pdb	A	139	P00644_A
E	139	Q	0.2	P00644	P00644_AF.pdb	A	139	P00644_A
E	149	A	1.0	P00644	P00644_AF.pdb	A	149	P00644_A
E	149	F	1.4	P00644	P00644_AF.pdb	A	149	P00644_A
E	149	G	0.9	P00644	P00644_AF.pdb	A	149	P00644_A
E	149	Q	0.5	P00644	P00644_AF.pdb	A	149	P00644_A
E	155	A	1.2	P00644	P00644_AF.pdb	A	155	P00644_A
E	155	F	1.1	P00644	P00644_AF.pdb	A	155	P00644_A
E	155	G	2.7	P00644	P00644_AF.pdb	A	155	P00644_A
E	155	K	2.1	P00644	P00644_AF.pdb	A	155	P00644_A
E	155	Q	0.7	P00644	P00644_AF.pdb	A	155	P00644_A
E	157	A	2.2	P00644	P00644_AF.pdb	A	157	P00644_A
E	157	G	3.5	P00644	P00644_AF.pdb	A	157	P00644_A
E	157	K	2.3	P00644	P00644_AF.pdb	A	157	P00644_A
E	157	Q	0.7	P00644	P00644_AF.pdb	A	157	P00644_A
E	157	V	2.31	P00644	P00644_AF.pdb	A	157	P00644_A
E	183	A	1.9	P00644	P00644_AF.pdb	A	183	P00644_A
E	183	F	3.1	P00644	P00644_AF.pdb	A	183	P00644_A
E	183	G	3.1	P00644	P00644_AF.pdb	A	183	P00644_A
E	204	A	0.4	P00644	P00644_AF.pdb	A	204	P00644_A
E	204	F	0.8	P00644	P00644_AF.pdb	A	204	P00644_A
E	204	G	2.2	P00644	P00644_AF.pdb	A	204	P00644_A
E	204	K	2.7	P00644	P00644_AF.pdb	A	204	P00644_A
E	204	Q	1.6	P00644	P00644_AF.pdb	A	204	P00644_A
E	211	A	2.4	P00644	P00644_AF.pdb	A	211	P00644_A
E	211	F	4.0	P00644	P00644_AF.pdb	A	211	P00644_A
E	211	G	3.8	P00644	P00644_AF.pdb	A	211	P00644_A
E	217	A	0.7	P00644	P00644_AF.pdb	A	217	P00644_A
E	217	F	1.2	P00644	P00644_AF.pdb	A	217	P00644_A
E	217	G	1.7	P00644	P00644_AF.pdb	A	217	P00644_A
E	217	K	1.1	P00644	P00644_AF.pdb	A	217	P00644_A
E	217	Q	0.7	P00644	P00644_AF.pdb	A	217	P00644_A
E	224	A	0.3	P00644	P00644_AF.pdb	A	224	P00644_A
E	224	G	0.3	P00644	P00644_AF.pdb	A	224	P00644_A
E	92	A	1.3	P00644	P00644_AF.pdb	A	92	P00644_A
E	92	G	1.8	P00644	P00644_AF.pdb	A	92	P00644_A
E	92	K	2.2	P00644	P00644_AF.pdb	A	92	P00644_A
E	92	Q	1.3	P00644	P00644_AF.pdb	A	92	P00644_A
F	116	A	3.7	P00644	P00644_AF.pdb	A	116	P00644_A
F	116	C	2.8	P00644	P00644_AF.pdb	A	116	P00644_A
F	116	E	8.1	P00644	P00644_AF.pdb	A	116	P00644_A
F	143	A	2.3	P00644	P00644_AF.pdb	A	143	P00644_A
F	143	G	4.8	P00644	P00644_AF.pdb	A	143	P00644_A
F	158	A	4.0	P00644	P00644_AF.pdb	A	158	P00644_A
F	158	G	4.7	P00644	P00644_AF.pdb	A	158	P00644_A
G	102	A	0.3	P00644	P00644_AF.pdb	A	102	P00644_A
G	102	E	4.1	P00644	P00644_AF.pdb	A	102	P00644_A
G	102	V	2.3	P00644	P00644_AF.pdb	A	102	P00644_A
G	111	A	1.25	P00644	P00644_AF.pdb	A	111	P00644_A
G	111	C	1.1	P00644	P00644_AF.pdb	A	111	P00644_A
G	111	F	1.25	P00644	P00644_AF.pdb	A	111	P00644_A
G	111	V	3.0	P00644	P00644_AF.pdb	A	111	P00644_A
G	132	A	-0.25	P00644	P00644_AF.pdb	A	132	P00644_A
G	132	C	0.8	P00644	P00644_AF.pdb	A	132	P00644_A
G	132	F	0.6000000000000001	P00644	P00644_AF.pdb	A	132	P00644_A
G	132	V	1.1	P00644	P00644_AF.pdb	A	132	P00644_A
G	137	A	0.6	P00644	P00644_AF.pdb	A	137	P00644_A
G	137	V	1.8	P00644	P00644_AF.pdb	A	137	P00644_A
G	161	A	2.35	P00644	P00644_AF.pdb	A	161	P00644_A
G	161	D	2.28	P00644	P00644_AF.pdb	A	161	P00644_A
G	161	S	2.72	P00644	P00644_AF.pdb	A	161	P00644_A
G	161	V	2.4	P00644	P00644_AF.pdb	A	161	P00644_A
G	168	A	0.55	P00644	P00644_AF.pdb	A	168	P00644_A
G	168	F	2.0	P00644	P00644_AF.pdb	A	168	P00644_A
G	168	V	3.7	P00644	P00644_AF.pdb	A	168	P00644_A
G	170	A	0.1	P00644	P00644_AF.pdb	A	170	P00644_A
G	170	V	0.95	P00644	P00644_AF.pdb	A	170	P00644_A
G	170	W	0.955	P00644	P00644_AF.pdb	A	170	P00644_A
G	178	A	1.75	P00644	P00644_AF.pdb	A	178	P00644_A
G	178	F	3.0	P00644	P00644_AF.pdb	A	178	P00644_A
G	178	V	3.7	P00644	P00644_AF.pdb	A	178	P00644_A
G	189	A	4.45	P00644	P00644_AF.pdb	A	189	P00644_A
G	189	V	7.5	P00644	P00644_AF.pdb	A	189	P00644_A
H	128	A	0.5	P00644	P00644_AF.pdb	A	128	P00644_A
H	128	G	0.4	P00644	P00644_AF.pdb	A	128	P00644_A
H	128	Y	0.0	P00644	P00644_AF.pdb	A	128	P00644_A
H	203	A	3.1	P00644	P00644_AF.pdb	A	203	P00644_A
H	203	G	4.2	P00644	P00644_AF.pdb	A	203	P00644_A
H	206	A	-0.4	P00644	P00644_AF.pdb	A	206	P00644_A
H	206	E	-0.2	P00644	P00644_AF.pdb	A	206	P00644_A
H	206	F	-0.3	P00644	P00644_AF.pdb	A	206	P00644_A
H	206	G	0.5	P00644	P00644_AF.pdb	A	206	P00644_A
H	206	L	-1.3	P00644	P00644_AF.pdb	A	206	P00644_A
H	206	Q	-0.6	P00644	P00644_AF.pdb	A	206	P00644_A
H	90	A	0.4	P00644	P00644_AF.pdb	A	90	P00644_A
H	90	G	0.8	P00644	P00644_AF.pdb	A	90	P00644_A
I	100	A	2.5	P00644	P00644_AF.pdb	A	100	P00644_A
I	100	G	2.5	P00644	P00644_AF.pdb	A	100	P00644_A
I	100	L	0.2	P00644	P00644_AF.pdb	A	100	P00644_A
I	100	M	0.6	P00644	P00644_AF.pdb	A	100	P00644_A
I	100	V	1.1	P00644	P00644_AF.pdb	A	100	P00644_A
I	154	A	5.1	P00644	P00644_AF.pdb	A	154	P00644_A
I	154	E	8.2	P00644	P00644_AF.pdb	A	154	P00644_A
I	154	L	0.2	P00644	P00644_AF.pdb	A	154	P00644_A
I	154	M	1.8	P00644	P00644_AF.pdb	A	154	P00644_A
I	154	V	1.8	P00644	P00644_AF.pdb	A	154	P00644_A
I	174	A	4.0	P00644	P00644_AF.pdb	A	174	P00644_A
I	174	E	9.2	P00644	P00644_AF.pdb	A	174	P00644_A
I	174	L	0.6	P00644	P00644_AF.pdb	A	174	P00644_A
I	174	M	1.6	P00644	P00644_AF.pdb	A	174	P00644_A
I	174	V	0.45	P00644	P00644_AF.pdb	A	174	P00644_A
I	221	A	3.5	P00644	P00644_AF.pdb	A	221	P00644_A
I	221	G	4.4	P00644	P00644_AF.pdb	A	221	P00644_A
I	221	L	0.1	P00644	P00644_AF.pdb	A	221	P00644_A
I	221	M	0.4	P00644	P00644_AF.pdb	A	221	P00644_A
I	221	V	1.5	P00644	P00644_AF.pdb	A	221	P00644_A
I	97	A	2.6500000000000004	P00644	P00644_AF.pdb	A	97	P00644_A
I	97	G	3.3	P00644	P00644_AF.pdb	A	97	P00644_A
I	97	L	0.6	P00644	P00644_AF.pdb	A	97	P00644_A
I	97	M	0.3	P00644	P00644_AF.pdb	A	97	P00644_A
I	97	V	0.8	P00644	P00644_AF.pdb	A	97	P00644_A
K	106	A	0.2	P00644	P00644_AF.pdb	A	106	P00644_A
K	106	F	0.6	P00644	P00644_AF.pdb	A	106	P00644_A
K	106	G	1.2	P00644	P00644_AF.pdb	A	106	P00644_A
K	110	A	0.7	P00644	P00644_AF.pdb	A	110	P00644_A
K	110	E	0.8	P00644	P00644_AF.pdb	A	110	P00644_A
K	110	F	0.9	P00644	P00644_AF.pdb	A	110	P00644_A
K	110	G	0.7	P00644	P00644_AF.pdb	A	110	P00644_A
K	110	Q	0.3	P00644	P00644_AF.pdb	A	110	P00644_A
K	127	A	-0.3	P00644	P00644_AF.pdb	A	127	P00644_A
K	127	G	-0.2	P00644	P00644_AF.pdb	A	127	P00644_A
K	130	A	-0.1	P00644	P00644_AF.pdb	A	130	P00644_A
K	130	E	0.0	P00644	P00644_AF.pdb	A	130	P00644_A
K	130	F	0.5	P00644	P00644_AF.pdb	A	130	P00644_A
K	130	G	-0.2	P00644	P00644_AF.pdb	A	130	P00644_A
K	130	Q	0.1	P00644	P00644_AF.pdb	A	130	P00644_A
K	131	A	0.3	P00644	P00644_AF.pdb	A	131	P00644_A
K	131	F	0.0	P00644	P00644_AF.pdb	A	131	P00644_A
K	131	G	0.2	P00644	P00644_AF.pdb	A	131	P00644_A
K	135	A	0.2	P00644	P00644_AF.pdb	A	135	P00644_A
K	135	G	0.3	P00644	P00644_AF.pdb	A	135	P00644_A
K	145	A	0.5	P00644	P00644_AF.pdb	A	145	P00644_A
K	145	E	1.5	P00644	P00644_AF.pdb	A	145	P00644_A
K	145	F	2.0	P00644	P00644_AF.pdb	A	145	P00644_A
K	145	G	1.5	P00644	P00644_AF.pdb	A	145	P00644_A
K	145	Q	1.0	P00644	P00644_AF.pdb	A	145	P00644_A
K	146	A	-0.1	P00644	P00644_AF.pdb	A	146	P00644_A
K	146	E	1.6	P00644	P00644_AF.pdb	A	146	P00644_A
K	146	F	0.3	P00644	P00644_AF.pdb	A	146	P00644_A
K	146	G	0.4	P00644	P00644_AF.pdb	A	146	P00644_A
K	146	Q	0.0	P00644	P00644_AF.pdb	A	146	P00644_A
K	152	A	0.1	P00644	P00644_AF.pdb	A	152	P00644_A
K	152	C	0.5	P00644	P00644_AF.pdb	A	152	P00644_A
K	152	E	0.4	P00644	P00644_AF.pdb	A	152	P00644_A
K	152	F	0.1	P00644	P00644_AF.pdb	A	152	P00644_A
K	152	G	0.5	P00644	P00644_AF.pdb	A	152	P00644_A
K	152	Q	0.3	P00644	P00644_AF.pdb	A	152	P00644_A
K	152	W	0.495	P00644	P00644_AF.pdb	A	152	P00644_A
K	153	A	0.4	P00644	P00644_AF.pdb	A	153	P00644_A
K	153	F	0.0	P00644	P00644_AF.pdb	A	153	P00644_A
K	153	G	1.1	P00644	P00644_AF.pdb	A	153	P00644_A
K	160	A	0.6	P00644	P00644_AF.pdb	A	160	P00644_A
K	160	C	0.4	P00644	P00644_AF.pdb	A	160	P00644_A
K	160	E	0.8	P00644	P00644_AF.pdb	A	160	P00644_A
K	160	F	-0.1	P00644	P00644_AF.pdb	A	160	P00644_A
K	160	G	1.1	P00644	P00644_AF.pdb	A	160	P00644_A
K	160	Q	0.1	P00644	P00644_AF.pdb	A	160	P00644_A
K	166	A	-0.2	P00644	P00644_AF.pdb	A	166	P00644_A
K	166	E	0.0	P00644	P00644_AF.pdb	A	166	P00644_A
K	166	F	0.9	P00644	P00644_AF.pdb	A	166	P00644_A
K	166	G	0.3	P00644	P00644_AF.pdb	A	166	P00644_A
K	166	Q	0.1	P00644	P00644_AF.pdb	A	166	P00644_A
K	179	A	0.1	P00644	P00644_AF.pdb	A	179	P00644_A
K	179	E	0.6	P00644	P00644_AF.pdb	A	179	P00644_A
K	179	F	0.7	P00644	P00644_AF.pdb	A	179	P00644_A
K	179	G	1.7	P00644	P00644_AF.pdb	A	179	P00644_A
K	179	Q	0.4	P00644	P00644_AF.pdb	A	179	P00644_A
K	192	A	1.3	P00644	P00644_AF.pdb	A	192	P00644_A
K	192	G	2.7	P00644	P00644_AF.pdb	A	192	P00644_A
K	198	A	-0.7	P00644	P00644_AF.pdb	A	198	P00644_A
K	198	F	0.1	P00644	P00644_AF.pdb	A	198	P00644_A
K	198	G	-1.0	P00644	P00644_AF.pdb	A	198	P00644_A
K	209	A	-0.2	P00644	P00644_AF.pdb	A	209	P00644_A
K	209	E	0.0	P00644	P00644_AF.pdb	A	209	P00644_A
K	209	F	0.3	P00644	P00644_AF.pdb	A	209	P00644_A
K	209	G	0.7	P00644	P00644_AF.pdb	A	209	P00644_A
K	209	Q	0.0	P00644	P00644_AF.pdb	A	209	P00644_A
K	215	A	1.4	P00644	P00644_AF.pdb	A	215	P00644_A
K	215	F	1.4	P00644	P00644_AF.pdb	A	215	P00644_A
K	215	G	3.3	P00644	P00644_AF.pdb	A	215	P00644_A
K	215	Q	0.5	P00644	P00644_AF.pdb	A	215	P00644_A
K	216	A	-0.1	P00644	P00644_AF.pdb	A	216	P00644_A
K	216	C	0.7	P00644	P00644_AF.pdb	A	216	P00644_A
K	216	F	0.4	P00644	P00644_AF.pdb	A	216	P00644_A
K	216	G	0.7	P00644	P00644_AF.pdb	A	216	P00644_A
K	218	A	0.8	P00644	P00644_AF.pdb	A	218	P00644_A
K	218	F	1.2	P00644	P00644_AF.pdb	A	218	P00644_A
K	87	A	-0.3	P00644	P00644_AF.pdb	A	87	P00644_A
K	87	G	-0.3	P00644	P00644_AF.pdb	A	87	P00644_A
K	88	A	-0.3	P00644	P00644_AF.pdb	A	88	P00644_A
K	88	G	-0.3	P00644	P00644_AF.pdb	A	88	P00644_A
K	91	A	1.4	P00644	P00644_AF.pdb	A	91	P00644_A
K	91	F	1.2	P00644	P00644_AF.pdb	A	91	P00644_A
K	91	G	1.9	P00644	P00644_AF.pdb	A	91	P00644_A
K	98	A	0.2	P00644	P00644_AF.pdb	A	98	P00644_A
K	98	F	0.5	P00644	P00644_AF.pdb	A	98	P00644_A
K	98	G	0.7	P00644	P00644_AF.pdb	A	98	P00644_A
L	107	A	2.7	P00644	P00644_AF.pdb	A	107	P00644_A
L	107	E	7.6	P00644	P00644_AF.pdb	A	107	P00644_A
L	107	G	4.5	P00644	P00644_AF.pdb	A	107	P00644_A
L	107	I	1.7	P00644	P00644_AF.pdb	A	107	P00644_A
L	107	V	1.8	P00644	P00644_AF.pdb	A	107	P00644_A
L	118	A	3.5	P00644	P00644_AF.pdb	A	118	P00644_A
L	118	E	7.5	P00644	P00644_AF.pdb	A	118	P00644_A
L	118	G	5.3	P00644	P00644_AF.pdb	A	118	P00644_A
L	118	I	3.1	P00644	P00644_AF.pdb	A	118	P00644_A
L	118	V	3.5	P00644	P00644_AF.pdb	A	118	P00644_A
L	119	A	1.7	P00644	P00644_AF.pdb	A	119	P00644_A
L	119	E	3.1	P00644	P00644_AF.pdb	A	119	P00644_A
L	119	G	3.8	P00644	P00644_AF.pdb	A	119	P00644_A
L	119	I	2.0	P00644	P00644_AF.pdb	A	119	P00644_A
L	119	V	3.0	P00644	P00644_AF.pdb	A	119	P00644_A
L	120	A	1.65	P00644	P00644_AF.pdb	A	120	P00644_A
L	120	E	4.6	P00644	P00644_AF.pdb	A	120	P00644_A
L	120	G	0.55	P00644	P00644_AF.pdb	A	120	P00644_A
L	120	I	2.1	P00644	P00644_AF.pdb	A	120	P00644_A
L	120	V	0.2	P00644	P00644_AF.pdb	A	120	P00644_A
L	171	A	2.6	P00644	P00644_AF.pdb	A	171	P00644_A
L	171	F	1.2	P00644	P00644_AF.pdb	A	171	P00644_A
L	171	G	3.2	P00644	P00644_AF.pdb	A	171	P00644_A
L	171	I	1.1	P00644	P00644_AF.pdb	A	171	P00644_A
L	171	V	1.4	P00644	P00644_AF.pdb	A	171	P00644_A
L	185	A	4.6	P00644	P00644_AF.pdb	A	185	P00644_A
L	185	E	7.2	P00644	P00644_AF.pdb	A	185	P00644_A
L	185	I	1.1	P00644	P00644_AF.pdb	A	185	P00644_A
L	185	V	2.0	P00644	P00644_AF.pdb	A	185	P00644_A
L	190	I	3.4	P00644	P00644_AF.pdb	A	190	P00644_A
L	190	V	3.9	P00644	P00644_AF.pdb	A	190	P00644_A
L	207	A	4.9	P00644	P00644_AF.pdb	A	207	P00644_A
L	207	E	8.2	P00644	P00644_AF.pdb	A	207	P00644_A
L	207	I	1.0	P00644	P00644_AF.pdb	A	207	P00644_A
L	207	V	2.3	P00644	P00644_AF.pdb	A	207	P00644_A
L	219	A	2.3	P00644	P00644_AF.pdb	A	219	P00644_A
L	219	G	4.6	P00644	P00644_AF.pdb	A	219	P00644_A
L	219	I	0.8	P00644	P00644_AF.pdb	A	219	P00644_A
L	219	V	1.4	P00644	P00644_AF.pdb	A	219	P00644_A
L	89	A	1.6	P00644	P00644_AF.pdb	A	89	P00644_A
L	89	G	1.5	P00644	P00644_AF.pdb	A	89	P00644_A
L	89	I	0.9	P00644	P00644_AF.pdb	A	89	P00644_A
L	89	V	1.4	P00644	P00644_AF.pdb	A	89	P00644_A
L	96	A	2.3	P00644	P00644_AF.pdb	A	96	P00644_A
L	96	G	3.7	P00644	P00644_AF.pdb	A	96	P00644_A
L	96	I	1.5	P00644	P00644_AF.pdb	A	96	P00644_A
L	96	V	1.5	P00644	P00644_AF.pdb	A	96	P00644_A
M	108	A	1.5	P00644	P00644_AF.pdb	A	108	P00644_A
M	108	G	2.2	P00644	P00644_AF.pdb	A	108	P00644_A
M	108	I	0.9	P00644	P00644_AF.pdb	A	108	P00644_A
M	108	L	0.5	P00644	P00644_AF.pdb	A	108	P00644_A
M	114	A	1.7	P00644	P00644_AF.pdb	A	114	P00644_A
M	114	G	2.4	P00644	P00644_AF.pdb	A	114	P00644_A
M	114	I	0.6	P00644	P00644_AF.pdb	A	114	P00644_A
M	114	L	0.8	P00644	P00644_AF.pdb	A	114	P00644_A
M	147	A	2.0	P00644	P00644_AF.pdb	A	147	P00644_A
M	147	F	1.6	P00644	P00644_AF.pdb	A	147	P00644_A
M	147	G	4.6	P00644	P00644_AF.pdb	A	147	P00644_A
M	147	I	1.5	P00644	P00644_AF.pdb	A	147	P00644_A
M	147	L	0.8	P00644	P00644_AF.pdb	A	147	P00644_A
M	180	A	4.6	P00644	P00644_AF.pdb	A	180	P00644_A
M	180	G	4.5	P00644	P00644_AF.pdb	A	180	P00644_A
M	180	I	4.4	P00644	P00644_AF.pdb	A	180	P00644_A
N	150	A	0.5	P00644	P00644_AF.pdb	A	150	P00644_A
N	150	G	0.5	P00644	P00644_AF.pdb	A	150	P00644_A
N	182	A	5.2	P00644	P00644_AF.pdb	A	182	P00644_A
N	182	E	4.4	P00644	P00644_AF.pdb	A	182	P00644_A
N	182	G	5.1	P00644	P00644_AF.pdb	A	182	P00644_A
N	200	A	2.05	P00644	P00644_AF.pdb	A	200	P00644_A
N	200	D	2.4	P00644	P00644_AF.pdb	A	200	P00644_A
N	200	E	1.9	P00644	P00644_AF.pdb	A	200	P00644_A
N	200	G	1.85	P00644	P00644_AF.pdb	A	200	P00644_A
N	201	A	1.25	P00644	P00644_AF.pdb	A	201	P00644_A
N	201	G	1.25	P00644	P00644_AF.pdb	A	201	P00644_A
N	220	A	1.05	P00644	P00644_AF.pdb	A	220	P00644_A
N	220	G	-0.15	P00644	P00644_AF.pdb	A	220	P00644_A
P	113	A	0.5	P00644	P00644_AF.pdb	A	113	P00644_A
P	113	G	1.6	P00644	P00644_AF.pdb	A	113	P00644_A
P	124	A	-0.1	P00644	P00644_AF.pdb	A	124	P00644_A
P	124	G	0.4	P00644	P00644_AF.pdb	A	124	P00644_A
P	129	A	0.6	P00644	P00644_AF.pdb	A	129	P00644_A
P	129	F	0.3	P00644	P00644_AF.pdb	A	129	P00644_A
P	129	G	0.1	P00644	P00644_AF.pdb	A	129	P00644_A
P	138	A	0.0	P00644	P00644_AF.pdb	A	138	P00644_A
P	138	G	1.0	P00644	P00644_AF.pdb	A	138	P00644_A
P	199	A	-0.8	P00644	P00644_AF.pdb	A	199	P00644_A
P	199	F	-0.3	P00644	P00644_AF.pdb	A	199	P00644_A
P	199	G	-0.9	P00644	P00644_AF.pdb	A	199	P00644_A
P	199	L	-0.2	P00644	P00644_AF.pdb	A	199	P00644_A
P	199	T	-1.1	P00644	P00644_AF.pdb	A	199	P00644_A
P	93	A	0.4	P00644	P00644_AF.pdb	A	93	P00644_A
P	93	F	0.6	P00644	P00644_AF.pdb	A	93	P00644_A
P	93	G	1.0	P00644	P00644_AF.pdb	A	93	P00644_A
Q	112	A	0.3	P00644	P00644_AF.pdb	A	112	P00644_A
Q	112	G	0.9	P00644	P00644_AF.pdb	A	112	P00644_A
Q	162	A	0.1	P00644	P00644_AF.pdb	A	162	P00644_A
Q	162	F	0.7	P00644	P00644_AF.pdb	A	162	P00644_A
Q	162	G	1.4	P00644	P00644_AF.pdb	A	162	P00644_A
Q	188	A	-0.1	P00644	P00644_AF.pdb	A	188	P00644_A
Q	188	G	1.5	P00644	P00644_AF.pdb	A	188	P00644_A
Q	205	A	0.4	P00644	P00644_AF.pdb	A	205	P00644_A
Q	205	F	0.7	P00644	P00644_AF.pdb	A	205	P00644_A
Q	205	G	0.6	P00644	P00644_AF.pdb	A	205	P00644_A
Q	213	A	0.2	P00644	P00644_AF.pdb	A	213	P00644_A
Q	213	F	0.7	P00644	P00644_AF.pdb	A	213	P00644_A
Q	213	G	2.4	P00644	P00644_AF.pdb	A	213	P00644_A
Q	231	G	0.4	P00644	P00644_AF.pdb	A	231	P00644_A
R	117	A	1.4	P00644	P00644_AF.pdb	A	117	P00644_A
R	117	G	2.2	P00644	P00644_AF.pdb	A	117	P00644_A
R	163	A	1.1	P00644	P00644_AF.pdb	A	163	P00644_A
R	163	G	2.2	P00644	P00644_AF.pdb	A	163	P00644_A
R	169	A	0.9	P00644	P00644_AF.pdb	A	169	P00644_A
R	169	G	2.6	P00644	P00644_AF.pdb	A	169	P00644_A
R	187	A	1.4	P00644	P00644_AF.pdb	A	187	P00644_A
R	187	C	2.7	P00644	P00644_AF.pdb	A	187	P00644_A
R	187	F	3.1	P00644	P00644_AF.pdb	A	187	P00644_A
R	187	G	2.4	P00644	P00644_AF.pdb	A	187	P00644_A
R	208	A	1.7	P00644	P00644_AF.pdb	A	208	P00644_A
R	208	G	2.9	P00644	P00644_AF.pdb	A	208	P00644_A
S	141	A	-0.4	P00644	P00644_AF.pdb	A	141	P00644_A
S	141	F	0.0	P00644	P00644_AF.pdb	A	141	P00644_A
S	141	G	1.1	P00644	P00644_AF.pdb	A	141	P00644_A
S	210	A	-0.7	P00644	P00644_AF.pdb	A	210	P00644_A
S	210	F	1.0	P00644	P00644_AF.pdb	A	210	P00644_A
S	210	G	1.6	P00644	P00644_AF.pdb	A	210	P00644_A
S	223	A	0.4	P00644	P00644_AF.pdb	A	223	P00644_A
S	223	G	0.9	P00644	P00644_AF.pdb	A	223	P00644_A
S	28	G	4.71	P00644	P00644_AF.pdb	A	28	P00644_A
T	104	A	1.6	P00644	P00644_AF.pdb	A	104	P00644_A
T	104	C	0.9	P00644	P00644_AF.pdb	A	104	P00644_A
T	104	G	2.4	P00644	P00644_AF.pdb	A	104	P00644_A
T	104	I	0.7	P00644	P00644_AF.pdb	A	104	P00644_A
T	104	S	0.6	P00644	P00644_AF.pdb	A	104	P00644_A
T	104	V	0.9	P00644	P00644_AF.pdb	A	104	P00644_A
T	115	A	1.4	P00644	P00644_AF.pdb	A	115	P00644_A
T	115	C	1.2	P00644	P00644_AF.pdb	A	115	P00644_A
T	115	G	2.5	P00644	P00644_AF.pdb	A	115	P00644_A
T	115	I	-0.6	P00644	P00644_AF.pdb	A	115	P00644_A
T	115	S	1.15	P00644	P00644_AF.pdb	A	115	P00644_A
T	115	V	-0.4	P00644	P00644_AF.pdb	A	115	P00644_A
T	123	A	0.0	P00644	P00644_AF.pdb	A	123	P00644_A
T	123	C	-0.6	P00644	P00644_AF.pdb	A	123	P00644_A
T	123	E	4.3	P00644	P00644_AF.pdb	A	123	P00644_A
T	123	G	2.0	P00644	P00644_AF.pdb	A	123	P00644_A
T	123	I	-0.7	P00644	P00644_AF.pdb	A	123	P00644_A
T	123	S	1.1	P00644	P00644_AF.pdb	A	123	P00644_A
T	123	V	-0.8	P00644	P00644_AF.pdb	A	123	P00644_A
T	126	A	0.4	P00644	P00644_AF.pdb	A	126	P00644_A
T	126	C	0.2	P00644	P00644_AF.pdb	A	126	P00644_A
T	126	G	0.6	P00644	P00644_AF.pdb	A	126	P00644_A
T	126	I	0.6	P00644	P00644_AF.pdb	A	126	P00644_A
T	126	S	0.0	P00644	P00644_AF.pdb	A	126	P00644_A
T	126	V	-0.1	P00644	P00644_AF.pdb	A	126	P00644_A
T	144	A	2.4	P00644	P00644_AF.pdb	A	144	P00644_A
T	144	C	1.1	P00644	P00644_AF.pdb	A	144	P00644_A
T	144	E	6.3	P00644	P00644_AF.pdb	A	144	P00644_A
T	144	G	3.5	P00644	P00644_AF.pdb	A	144	P00644_A
T	144	I	1.7	P00644	P00644_AF.pdb	A	144	P00644_A
T	144	S	2.1	P00644	P00644_AF.pdb	A	144	P00644_A
T	144	V	0.2	P00644	P00644_AF.pdb	A	144	P00644_A
T	164	A	0.9	P00644	P00644_AF.pdb	A	164	P00644_A
T	164	C	0.1	P00644	P00644_AF.pdb	A	164	P00644_A
T	164	G	2.0	P00644	P00644_AF.pdb	A	164	P00644_A
T	164	I	-0.5	P00644	P00644_AF.pdb	A	164	P00644_A
T	164	S	0.7	P00644	P00644_AF.pdb	A	164	P00644_A
T	164	V	-0.2	P00644	P00644_AF.pdb	A	164	P00644_A
T	202	A	1.2	P00644	P00644_AF.pdb	A	202	P00644_A
T	202	C	1.7	P00644	P00644_AF.pdb	A	202	P00644_A
T	202	G	2.1	P00644	P00644_AF.pdb	A	202	P00644_A
T	202	I	1.7	P00644	P00644_AF.pdb	A	202	P00644_A
T	202	S	0.6	P00644	P00644_AF.pdb	A	202	P00644_A
T	202	V	1.8	P00644	P00644_AF.pdb	A	202	P00644_A
T	86	A	0.2	P00644	P00644_AF.pdb	A	86	P00644_A
T	86	G	0.2	P00644	P00644_AF.pdb	A	86	P00644_A
T	95	A	0.7	P00644	P00644_AF.pdb	A	95	P00644_A
T	95	C	1.4	P00644	P00644_AF.pdb	A	95	P00644_A
T	95	G	1.1	P00644	P00644_AF.pdb	A	95	P00644_A
T	95	I	0.1	P00644	P00644_AF.pdb	A	95	P00644_A
T	95	S	0.3	P00644	P00644_AF.pdb	A	95	P00644_A
T	95	V	0.4	P00644	P00644_AF.pdb	A	95	P00644_A
V	105	A	2.9	P00644	P00644_AF.pdb	A	105	P00644_A
V	105	E	7.5	P00644	P00644_AF.pdb	A	105	P00644_A
V	105	F	2.3	P00644	P00644_AF.pdb	A	105	P00644_A
V	105	I	0.2	P00644	P00644_AF.pdb	A	105	P00644_A
V	105	L	0.1	P00644	P00644_AF.pdb	A	105	P00644_A
V	105	S	4.7	P00644	P00644_AF.pdb	A	105	P00644_A
V	105	T	3.2	P00644	P00644_AF.pdb	A	105	P00644_A
V	121	A	2.2	P00644	P00644_AF.pdb	A	121	P00644_A
V	121	E	6.6	P00644	P00644_AF.pdb	A	121	P00644_A
V	121	G	4.7	P00644	P00644_AF.pdb	A	121	P00644_A
V	121	I	-0.1	P00644	P00644_AF.pdb	A	121	P00644_A
V	121	L	0.9	P00644	P00644_AF.pdb	A	121	P00644_A
V	121	S	2.4	P00644	P00644_AF.pdb	A	121	P00644_A
V	121	T	1.3	P00644	P00644_AF.pdb	A	121	P00644_A
V	133	A	0.25	P00644	P00644_AF.pdb	A	133	P00644_A
V	133	G	0.35	P00644	P00644_AF.pdb	A	133	P00644_A
V	133	I	-0.1	P00644	P00644_AF.pdb	A	133	P00644_A
V	133	L	0.2	P00644	P00644_AF.pdb	A	133	P00644_A
V	133	S	0.1	P00644	P00644_AF.pdb	A	133	P00644_A
V	133	T	-0.2	P00644	P00644_AF.pdb	A	133	P00644_A
V	148	A	2.2	P00644	P00644_AF.pdb	A	148	P00644_A
V	148	G	4.4	P00644	P00644_AF.pdb	A	148	P00644_A
V	148	I	1.0	P00644	P00644_AF.pdb	A	148	P00644_A
V	148	K	5.2	P00644	P00644_AF.pdb	A	148	P00644_A
V	148	M	0.2	P00644	P00644_AF.pdb	A	148	P00644_A
V	148	S	3.1	P00644	P00644_AF.pdb	A	148	P00644_A
V	148	T	1.2999999999999998	P00644	P00644_AF.pdb	A	148	P00644_A
V	148	W	3.463333333333333	P00644	P00644_AF.pdb	A	148	P00644_A
V	156	A	3.1	P00644	P00644_AF.pdb	A	156	P00644_A
V	156	E	9.2	P00644	P00644_AF.pdb	A	156	P00644_A
V	156	I	1.8	P00644	P00644_AF.pdb	A	156	P00644_A
V	156	L	1.2	P00644	P00644_AF.pdb	A	156	P00644_A
V	156	S	5.4	P00644	P00644_AF.pdb	A	156	P00644_A
V	156	T	3.8	P00644	P00644_AF.pdb	A	156	P00644_A
V	181	A	3.2	P00644	P00644_AF.pdb	A	181	P00644_A
V	181	E	8.7	P00644	P00644_AF.pdb	A	181	P00644_A
V	181	G	5.0	P00644	P00644_AF.pdb	A	181	P00644_A
V	181	I	0.2	P00644	P00644_AF.pdb	A	181	P00644_A
V	181	L	0.3	P00644	P00644_AF.pdb	A	181	P00644_A
V	181	S	5.1	P00644	P00644_AF.pdb	A	181	P00644_A
V	181	T	3.3	P00644	P00644_AF.pdb	A	181	P00644_A
V	186	A	2.9	P00644	P00644_AF.pdb	A	186	P00644_A
V	186	E	6.5	P00644	P00644_AF.pdb	A	186	P00644_A
V	186	I	-0.2	P00644	P00644_AF.pdb	A	186	P00644_A
V	186	L	0.8	P00644	P00644_AF.pdb	A	186	P00644_A
V	186	S	4.9	P00644	P00644_AF.pdb	A	186	P00644_A
V	186	T	2.5	P00644	P00644_AF.pdb	A	186	P00644_A
V	193	A	4.45	P00644	P00644_AF.pdb	A	193	P00644_A
V	193	G	4.9	P00644	P00644_AF.pdb	A	193	P00644_A
V	193	I	0.7	P00644	P00644_AF.pdb	A	193	P00644_A
V	193	L	0.9	P00644	P00644_AF.pdb	A	193	P00644_A
V	193	S	4.8	P00644	P00644_AF.pdb	A	193	P00644_A
V	193	T	2.3	P00644	P00644_AF.pdb	A	193	P00644_A
V	196	A	0.0	P00644	P00644_AF.pdb	A	196	P00644_A
V	196	G	0.2	P00644	P00644_AF.pdb	A	196	P00644_A
V	196	I	0.1	P00644	P00644_AF.pdb	A	196	P00644_A
V	196	L	1.1	P00644	P00644_AF.pdb	A	196	P00644_A
V	196	S	0.0	P00644	P00644_AF.pdb	A	196	P00644_A
V	196	T	0.3	P00644	P00644_AF.pdb	A	196	P00644_A
W	222	F	0.6	P00644	P00644_AF.pdb	A	222	P00644_A
W	222	H	0.4	P00644	P00644_AF.pdb	A	222	P00644_A
W	222	L	4.5	P00644	P00644_AF.pdb	A	222	P00644_A
W	222	Y	1.1	P00644	P00644_AF.pdb	A	222	P00644_A
Y	109	A	3.5	P00644	P00644_AF.pdb	A	109	P00644_A
Y	109	C	2.9	P00644	P00644_AF.pdb	A	109	P00644_A
Y	109	E	5.0	P00644	P00644_AF.pdb	A	109	P00644_A
Y	109	F	0.3	P00644	P00644_AF.pdb	A	109	P00644_A
Y	109	H	1.6	P00644	P00644_AF.pdb	A	109	P00644_A
Y	109	I	2.5	P00644	P00644_AF.pdb	A	109	P00644_A
Y	109	K	3.9	P00644	P00644_AF.pdb	A	109	P00644_A
Y	109	L	1.5	P00644	P00644_AF.pdb	A	109	P00644_A
Y	109	M	2.0	P00644	P00644_AF.pdb	A	109	P00644_A
Y	109	N	4.0	P00644	P00644_AF.pdb	A	109	P00644_A
Y	109	Q	3.2	P00644	P00644_AF.pdb	A	109	P00644_A
Y	109	R	2.9	P00644	P00644_AF.pdb	A	109	P00644_A
Y	109	S	3.0	P00644	P00644_AF.pdb	A	109	P00644_A
Y	109	T	3.3	P00644	P00644_AF.pdb	A	109	P00644_A
Y	109	V	3.0	P00644	P00644_AF.pdb	A	109	P00644_A
Y	109	W	0.6	P00644	P00644_AF.pdb	A	109	P00644_A
Y	136	A	2.1500000000000004	P00644	P00644_AF.pdb	A	136	P00644_A
Y	136	F	0.5	P00644	P00644_AF.pdb	A	136	P00644_A
Y	136	G	1.85	P00644	P00644_AF.pdb	A	136	P00644_A
Y	136	L	3.4	P00644	P00644_AF.pdb	A	136	P00644_A
Y	167	A	0.4	P00644	P00644_AF.pdb	A	167	P00644_A
Y	167	F	0.1	P00644	P00644_AF.pdb	A	167	P00644_A
Y	167	G	1.0	P00644	P00644_AF.pdb	A	167	P00644_A
Y	167	L	0.1	P00644	P00644_AF.pdb	A	167	P00644_A
Y	173	A	5.3	P00644	P00644_AF.pdb	A	173	P00644_A
Y	173	E	8.7	P00644	P00644_AF.pdb	A	173	P00644_A
Y	173	F	2.4	P00644	P00644_AF.pdb	A	173	P00644_A
Y	173	L	3.9	P00644	P00644_AF.pdb	A	173	P00644_A
Y	175	F	2.0	P00644	P00644_AF.pdb	A	175	P00644_A
Y	175	L	4.5	P00644	P00644_AF.pdb	A	175	P00644_A
Y	195	A	-0.05	P00644	P00644_AF.pdb	A	195	P00644_A
Y	195	F	0.0	P00644	P00644_AF.pdb	A	195	P00644_A
Y	195	G	0.25	P00644	P00644_AF.pdb	A	195	P00644_A
Y	195	L	-0.2	P00644	P00644_AF.pdb	A	195	P00644_A
Y	197	A	0.3	P00644	P00644_AF.pdb	A	197	P00644_A
Y	197	F	0.1	P00644	P00644_AF.pdb	A	197	P00644_A
Y	197	G	0.7	P00644	P00644_AF.pdb	A	197	P00644_A
Y	197	L	0.3	P00644	P00644_AF.pdb	A	197	P00644_A
A	79	C	1.85	P00648	P00648_AF.pdb	A	79	P00648_A
A	79	D	0.41	P00648	P00648_AF.pdb	A	79	P00648_A
A	79	E	-0.13	P00648	P00648_AF.pdb	A	79	P00648_A
A	79	F	0.43	P00648	P00648_AF.pdb	A	79	P00648_A
A	79	G	0.78	P00648	P00648_AF.pdb	A	79	P00648_A
A	79	H	0.7	P00648	P00648_AF.pdb	A	79	P00648_A
A	79	I	0.68	P00648	P00648_AF.pdb	A	79	P00648_A
A	79	K	0.1	P00648	P00648_AF.pdb	A	79	P00648_A
A	79	L	-0.08	P00648	P00648_AF.pdb	A	79	P00648_A
A	79	M	0.08	P00648	P00648_AF.pdb	A	79	P00648_A
A	79	N	0.33	P00648	P00648_AF.pdb	A	79	P00648_A
A	79	P	4.12	P00648	P00648_AF.pdb	A	79	P00648_A
A	79	Q	0.35	P00648	P00648_AF.pdb	A	79	P00648_A
A	79	R	0.2	P00648	P00648_AF.pdb	A	79	P00648_A
A	79	S	0.16	P00648	P00648_AF.pdb	A	79	P00648_A
A	79	T	0.49	P00648	P00648_AF.pdb	A	79	P00648_A
A	79	V	0.34	P00648	P00648_AF.pdb	A	79	P00648_A
A	79	W	1.14	P00648	P00648_AF.pdb	A	79	P00648_A
A	79	Y	0.7	P00648	P00648_AF.pdb	A	79	P00648_A
D	101	A	3.0575	P00648	P00648_AF.pdb	A	101	P00648_A
D	101	N	2.374	P00648	P00648_AF.pdb	A	101	P00648_A
D	122	N	4.9	P00648	P00648_AF.pdb	A	122	P00648_A
D	140	N	4.11	P00648	P00648_AF.pdb	A	140	P00648_A
D	55	A	0.92	P00648	P00648_AF.pdb	A	55	P00648_A
D	55	G	1.3	P00648	P00648_AF.pdb	A	55	P00648_A
D	55	S	0.7	P00648	P00648_AF.pdb	A	55	P00648_A
D	59	G	0.7	P00648	P00648_AF.pdb	A	59	P00648_A
D	59	S	0.9	P00648	P00648_AF.pdb	A	59	P00648_A
D	69	M	0.27	P00648	P00648_AF.pdb	A	69	P00648_A
D	91	E	0.32	P00648	P00648_AF.pdb	A	91	P00648_A
E	120	A	2.4	P00648	P00648_AF.pdb	A	120	P00648_A
E	120	F	2.1	P00648	P00648_AF.pdb	A	120	P00648_A
E	120	G	5.4	P00648	P00648_AF.pdb	A	120	P00648_A
E	120	Q	2.7	P00648	P00648_AF.pdb	A	120	P00648_A
E	120	W	2.2	P00648	P00648_AF.pdb	A	120	P00648_A
E	76	A	1.28	P00648	P00648_AF.pdb	A	76	P00648_A
E	76	G	1.9775	P00648	P00648_AF.pdb	A	76	P00648_A
E	76	Q	0.22	P00648	P00648_AF.pdb	A	76	P00648_A
E	76	S	1.2	P00648	P00648_AF.pdb	A	76	P00648_A
F	54	L	4.1	P00648	P00648_AF.pdb	A	54	P00648_A
G	100	A	3.4	P00648	P00648_AF.pdb	A	100	P00648_A
G	100	V	7.8	P00648	P00648_AF.pdb	A	100	P00648_A
G	112	S	-0.98	P00648	P00648_AF.pdb	A	112	P00648_A
G	81	A	2.7	P00648	P00648_AF.pdb	A	81	P00648_A
G	81	D	3.2	P00648	P00648_AF.pdb	A	81	P00648_A
G	81	H	2.3	P00648	P00648_AF.pdb	A	81	P00648_A
G	81	K	2.7	P00648	P00648_AF.pdb	A	81	P00648_A
G	81	N	2.7	P00648	P00648_AF.pdb	A	81	P00648_A
G	81	R	2.8	P00648	P00648_AF.pdb	A	81	P00648_A
G	81	S	2.9	P00648	P00648_AF.pdb	A	81	P00648_A
G	81	T	3.2	P00648	P00648_AF.pdb	A	81	P00648_A
G	99	A	5.3	P00648	P00648_AF.pdb	A	99	P00648_A
G	99	V	8.4	P00648	P00648_AF.pdb	A	99	P00648_A
H	149	A	0.24	P00648	P00648_AF.pdb	A	149	P00648_A
H	65	A	2.025	P00648	P00648_AF.pdb	A	65	P00648_A
H	65	D	2.2	P00648	P00648_AF.pdb	A	65	P00648_A
H	65	G	0.8566666666666666	P00648	P00648_AF.pdb	A	65	P00648_A
H	65	K	0.91	P00648	P00648_AF.pdb	A	65	P00648_A
H	65	N	1.8	P00648	P00648_AF.pdb	A	65	P00648_A
H	65	Q	1.52	P00648	P00648_AF.pdb	A	65	P00648_A
H	65	R	1.0	P00648	P00648_AF.pdb	A	65	P00648_A
H	65	S	2.1	P00648	P00648_AF.pdb	A	65	P00648_A
I	102	A	1.38	P00648	P00648_AF.pdb	A	102	P00648_A
I	102	G	3.1	P00648	P00648_AF.pdb	A	102	P00648_A
I	102	T	1.12	P00648	P00648_AF.pdb	A	102	P00648_A
I	102	V	0.4166666666666667	P00648	P00648_AF.pdb	A	102	P00648_A
I	123	A	1.62	P00648	P00648_AF.pdb	A	123	P00648_A
I	123	T	2.69	P00648	P00648_AF.pdb	A	123	P00648_A
I	123	V	0.8933333333333332	P00648	P00648_AF.pdb	A	123	P00648_A
I	135	A	3.83	P00648	P00648_AF.pdb	A	135	P00648_A
I	135	G	7.4	P00648	P00648_AF.pdb	A	135	P00648_A
I	135	L	0.02	P00648	P00648_AF.pdb	A	135	P00648_A
I	135	V	1.485	P00648	P00648_AF.pdb	A	135	P00648_A
I	143	A	3.148333333333333	P00648	P00648_AF.pdb	A	143	P00648_A
I	143	G	5.7	P00648	P00648_AF.pdb	A	143	P00648_A
I	143	V	0.926	P00648	P00648_AF.pdb	A	143	P00648_A
I	156	A	1.63	P00648	P00648_AF.pdb	A	156	P00648_A
I	156	V	0.7966666666666667	P00648	P00648_AF.pdb	A	156	P00648_A
I	51	A	1.0266666666666666	P00648	P00648_AF.pdb	A	51	P00648_A
I	51	V	0.74	P00648	P00648_AF.pdb	A	51	P00648_A
I	72	A	3.68	P00648	P00648_AF.pdb	A	72	P00648_A
I	72	V	1.0433333333333332	P00648	P00648_AF.pdb	A	72	P00648_A
I	98	A	4.72	P00648	P00648_AF.pdb	A	98	P00648_A
I	98	V	1.5933333333333335	P00648	P00648_AF.pdb	A	98	P00648_A
K	109	R	0.2566666666666666	P00648	P00648_AF.pdb	A	109	P00648_A
K	113	A	-0.98	P00648	P00648_AF.pdb	A	113	P00648_A
K	155	R	-0.78	P00648	P00648_AF.pdb	A	155	P00648_A
K	66	R	-0.88	P00648	P00648_AF.pdb	A	66	P00648_A
K	74	A	-0.445	P00648	P00648_AF.pdb	A	74	P00648_A
L	136	G	7.0	P00648	P00648_AF.pdb	A	136	P00648_A
L	136	T	2.91	P00648	P00648_AF.pdb	A	136	P00648_A
L	136	V	0.2733333333333334	P00648	P00648_AF.pdb	A	136	P00648_A
L	142	G	4.7	P00648	P00648_AF.pdb	A	142	P00648_A
L	61	A	4.575	P00648	P00648_AF.pdb	A	61	P00648_A
L	80	Q	1.355	P00648	P00648_AF.pdb	A	80	P00648_A
N	105	A	1.99	P00648	P00648_AF.pdb	A	105	P00648_A
N	105	D	-0.355	P00648	P00648_AF.pdb	A	105	P00648_A
N	124	A	1.663333333333333	P00648	P00648_AF.pdb	A	124	P00648_A
N	131	A	1.95	P00648	P00648_AF.pdb	A	131	P00648_A
N	52	A	1.8333333333333333	P00648	P00648_AF.pdb	A	52	P00648_A
N	70	A	2.316666666666667	P00648	P00648_AF.pdb	A	70	P00648_A
N	88	D	2.5500000000000003	P00648	P00648_AF.pdb	A	88	P00648_A
Q	151	A	0.09	P00648	P00648_AF.pdb	A	151	P00648_A
Q	62	A	0.2	P00648	P00648_AF.pdb	A	62	P00648_A
Q	62	G	1.6	P00648	P00648_AF.pdb	A	62	P00648_A
Q	62	I	-1.38	P00648	P00648_AF.pdb	A	62	P00648_A
Q	78	A	0.185	P00648	P00648_AF.pdb	A	78	P00648_A
Q	78	G	1.1	P00648	P00648_AF.pdb	A	78	P00648_A
Q	78	S	-0.2166666666666666	P00648	P00648_AF.pdb	A	78	P00648_A
R	106	A	-0.64	P00648	P00648_AF.pdb	A	106	P00648_A
R	116	K	3.13	P00648	P00648_AF.pdb	A	116	P00648_A
R	116	M	2.12	P00648	P00648_AF.pdb	A	116	P00648_A
R	116	S	2.72	P00648	P00648_AF.pdb	A	116	P00648_A
R	119	G	2.5	P00648	P00648_AF.pdb	A	119	P00648_A
R	130	K	4.13	P00648	P00648_AF.pdb	A	130	P00648_A
R	130	Q	2.05	P00648	P00648_AF.pdb	A	130	P00648_A
S	104	A	-0.15	P00648	P00648_AF.pdb	A	104	P00648_A
S	132	A	-0.28	P00648	P00648_AF.pdb	A	132	P00648_A
S	138	A	2.02	P00648	P00648_AF.pdb	A	138	P00648_A
S	139	A	2.92	P00648	P00648_AF.pdb	A	139	P00648_A
S	75	A	-0.6	P00648	P00648_AF.pdb	A	75	P00648_A
S	75	E	-0.61	P00648	P00648_AF.pdb	A	75	P00648_A
S	75	G	0.5	P00648	P00648_AF.pdb	A	75	P00648_A
T	126	V	-0.18	P00648	P00648_AF.pdb	A	126	P00648_A
T	146	V	2.955	P00648	P00648_AF.pdb	A	146	P00648_A
T	147	G	2.8	P00648	P00648_AF.pdb	A	147	P00648_A
T	152	V	2.1950000000000003	P00648	P00648_AF.pdb	A	152	P00648_A
T	53	A	2.2325	P00648	P00648_AF.pdb	A	53	P00648_A
T	53	D	-0.11	P00648	P00648_AF.pdb	A	53	P00648_A
T	53	E	0.27	P00648	P00648_AF.pdb	A	53	P00648_A
T	53	G	1.0533333333333337	P00648	P00648_AF.pdb	A	53	P00648_A
T	53	H	1.56	P00648	P00648_AF.pdb	A	53	P00648_A
T	53	N	1.27	P00648	P00648_AF.pdb	A	53	P00648_A
T	53	P	3.3	P00648	P00648_AF.pdb	A	53	P00648_A
T	53	Q	1.87	P00648	P00648_AF.pdb	A	53	P00648_A
T	53	S	0.22	P00648	P00648_AF.pdb	A	53	P00648_A
T	63	A	0.5	P00648	P00648_AF.pdb	A	63	P00648_A
T	63	G	1.3	P00648	P00648_AF.pdb	A	63	P00648_A
T	63	S	1.6525	P00648	P00648_AF.pdb	A	63	P00648_A
T	73	A	1.9625	P00648	P00648_AF.pdb	A	73	P00648_A
T	73	D	0.0	P00648	P00648_AF.pdb	A	73	P00648_A
T	73	E	0.05	P00648	P00648_AF.pdb	A	73	P00648_A
T	73	G	1.336666666666667	P00648	P00648_AF.pdb	A	73	P00648_A
T	73	N	1.29	P00648	P00648_AF.pdb	A	73	P00648_A
T	73	Q	1.72	P00648	P00648_AF.pdb	A	73	P00648_A
T	73	S	0.56	P00648	P00648_AF.pdb	A	73	P00648_A
T	73	V	2.31	P00648	P00648_AF.pdb	A	73	P00648_A
V	57	A	3.5	P00648	P00648_AF.pdb	A	57	P00648_A
V	57	T	2.35	P00648	P00648_AF.pdb	A	57	P00648_A
V	83	A	1.43	P00648	P00648_AF.pdb	A	83	P00648_A
V	83	T	1.1	P00648	P00648_AF.pdb	A	83	P00648_A
V	92	A	1.5733333333333333	P00648	P00648_AF.pdb	A	92	P00648_A
V	92	T	2.3266666666666667	P00648	P00648_AF.pdb	A	92	P00648_A
W	141	F	1.06	P00648	P00648_AF.pdb	A	141	P00648_A
W	141	L	1.59	P00648	P00648_AF.pdb	A	141	P00648_A
W	141	Y	1.27	P00648	P00648_AF.pdb	A	141	P00648_A
Y	125	F	1.33	P00648	P00648_AF.pdb	A	125	P00648_A
Y	144	G	6.6	P00648	P00648_AF.pdb	A	144	P00648_A
Y	150	F	0.09	P00648	P00648_AF.pdb	A	150	P00648_A
Y	60	A	3.466666666666667	P00648	P00648_AF.pdb	A	60	P00648_A
Y	60	F	0.63	P00648	P00648_AF.pdb	A	60	P00648_A
Y	60	G	6.4	P00648	P00648_AF.pdb	A	60	P00648_A
Y	64	A	2.1425	P00648	P00648_AF.pdb	A	64	P00648_A
Y	64	F	0.58	P00648	P00648_AF.pdb	A	64	P00648_A
Y	64	G	4.45	P00648	P00648_AF.pdb	A	64	P00648_A
Y	64	S	2.0	P00648	P00648_AF.pdb	A	64	P00648_A
Y	71	F	-0.09	P00648	P00648_AF.pdb	A	71	P00648_A
A	47	C	0.74	P00651	P00651_AF.pdb	A	47	P00651_A
A	47	D	0.71	P00651	P00651_AF.pdb	A	47	P00651_A
A	47	E	0.69	P00651	P00651_AF.pdb	A	47	P00651_A
A	47	F	0.57	P00651	P00651_AF.pdb	A	47	P00651_A
A	47	G	0.9	P00651	P00651_AF.pdb	A	47	P00651_A
A	47	H	0.17	P00651	P00651_AF.pdb	A	47	P00651_A
A	47	I	0.44	P00651	P00651_AF.pdb	A	47	P00651_A
A	47	K	0.51	P00651	P00651_AF.pdb	A	47	P00651_A
A	47	L	0.13	P00651	P00651_AF.pdb	A	47	P00651_A
A	47	M	0.15	P00651	P00651_AF.pdb	A	47	P00651_A
A	47	N	-0.34	P00651	P00651_AF.pdb	A	47	P00651_A
A	47	Q	0.4	P00651	P00651_AF.pdb	A	47	P00651_A
A	47	R	0.41	P00651	P00651_AF.pdb	A	47	P00651_A
A	47	S	0.4	P00651	P00651_AF.pdb	A	47	P00651_A
A	47	T	0.57	P00651	P00651_AF.pdb	A	47	P00651_A
A	47	V	0.66	P00651	P00651_AF.pdb	A	47	P00651_A
A	47	W	0.3	P00651	P00651_AF.pdb	A	47	P00651_A
A	47	Y	0.39	P00651	P00651_AF.pdb	A	47	P00651_A
D	102	A	3.75	P00651	P00651_AF.pdb	A	102	P00651_A
D	102	N	3.2225	P00651	P00651_AF.pdb	A	102	P00651_A
D	102	S	3.2	P00651	P00651_AF.pdb	A	102	P00651_A
D	75	A	0.5	P00651	P00651_AF.pdb	A	75	P00651_A
D	75	H	-1.1	P00651	P00651_AF.pdb	A	75	P00651_A
E	84	A	0.9	P00651	P00651_AF.pdb	A	84	P00651_A
H	118	A	0.62	P00651	P00651_AF.pdb	A	118	P00651_A
H	66	T	0.26	P00651	P00651_AF.pdb	A	66	P00651_A
I	116	V	1.2	P00651	P00651_AF.pdb	A	116	P00651_A
I	87	V	1.8	P00651	P00651_AF.pdb	A	87	P00651_A
L	112	A	4.3	P00651	P00651_AF.pdb	A	112	P00651_A
N	107	A	2.87	P00651	P00651_AF.pdb	A	107	P00651_A
N	35	A	0.9	P00651	P00651_AF.pdb	A	35	P00651_A
N	62	A	-0.03	P00651	P00651_AF.pdb	A	62	P00651_A
N	70	A	2.04	P00651	P00651_AF.pdb	A	70	P00651_A
N	70	D	2.0	P00651	P00651_AF.pdb	A	70	P00651_A
N	70	S	1.9	P00651	P00651_AF.pdb	A	70	P00651_A
P	65	A	4.33	P00651	P00651_AF.pdb	A	65	P00651_A
P	99	V	-2.01	P00651	P00651_AF.pdb	A	99	P00651_A
Q	51	K	-0.77	P00651	P00651_AF.pdb	A	51	P00651_A
S	38	A	1.23	P00651	P00651_AF.pdb	A	38	P00651_A
S	43	A	-0.67	P00651	P00651_AF.pdb	A	43	P00651_A
S	90	A	1.44	P00651	P00651_AF.pdb	A	90	P00651_A
T	117	A	3.2	P00651	P00651_AF.pdb	A	117	P00651_A
T	117	V	3.6	P00651	P00651_AF.pdb	A	117	P00651_A
T	119	A	0.7	P00651	P00651_AF.pdb	A	119	P00651_A
T	119	V	1.0	P00651	P00651_AF.pdb	A	119	P00651_A
V	104	A	3.94	P00651	P00651_AF.pdb	A	104	P00651_A
V	104	C	3.67	P00651	P00651_AF.pdb	A	104	P00651_A
V	104	S	4.73	P00651	P00651_AF.pdb	A	104	P00651_A
V	104	T	3.59	P00651	P00651_AF.pdb	A	104	P00651_A
V	115	C	3.54	P00651	P00651_AF.pdb	A	115	P00651_A
V	115	S	4.87	P00651	P00651_AF.pdb	A	115	P00651_A
V	115	T	3.07	P00651	P00651_AF.pdb	A	115	P00651_A
V	42	A	2.393333333333333	P00651	P00651_AF.pdb	A	42	P00651_A
V	42	C	4.99	P00651	P00651_AF.pdb	A	42	P00651_A
V	42	S	4.6850000000000005	P00651	P00651_AF.pdb	A	42	P00651_A
V	42	T	3.65	P00651	P00651_AF.pdb	A	42	P00651_A
W	85	Y	0.93	P00651	P00651_AF.pdb	A	85	P00651_A
Y	37	F	2.11	P00651	P00651_AF.pdb	A	37	P00651_A
Y	50	W	-1.24	P00651	P00651_AF.pdb	A	50	P00651_A
Y	68	F	-1.14	P00651	P00651_AF.pdb	A	68	P00651_A
Y	68	W	0.14	P00651	P00651_AF.pdb	A	68	P00651_A
Y	71	W	-0.74	P00651	P00651_AF.pdb	A	71	P00651_A
Y	82	F	0.78	P00651	P00651_AF.pdb	A	82	P00651_A
Y	83	F	0.5	P00651	P00651_AF.pdb	A	83	P00651_A
Y	94	F	1.36	P00651	P00651_AF.pdb	A	94	P00651_A
A	49	I	-1.4	P00698	P00698_AF.pdb	A	49	P00698_A
A	49	L	-1.8	P00698	P00698_AF.pdb	A	49	P00698_A
A	49	V	-1.2	P00698	P00698_AF.pdb	A	49	P00698_A
C	112	A	4.78	P00698	P00698_AF.pdb	A	112	P00698_A
D	119	A	-0.76	P00698	P00698_AF.pdb	A	119	P00698_A
D	119	E	0.0	P00698	P00698_AF.pdb	A	119	P00698_A
D	119	F	-0.72	P00698	P00698_AF.pdb	A	119	P00698_A
D	119	G	-0.45	P00698	P00698_AF.pdb	A	119	P00698_A
D	119	K	-0.19	P00698	P00698_AF.pdb	A	119	P00698_A
D	119	N	-0.04	P00698	P00698_AF.pdb	A	119	P00698_A
D	119	P	2.4	P00698	P00698_AF.pdb	A	119	P00698_A
D	119	Q	0.08	P00698	P00698_AF.pdb	A	119	P00698_A
D	119	R	-0.27	P00698	P00698_AF.pdb	A	119	P00698_A
D	119	S	-0.87	P00698	P00698_AF.pdb	A	119	P00698_A
E	53	A	-1.66	P00698	P00698_AF.pdb	A	53	P00698_A
E	53	H	1.085	P00698	P00698_AF.pdb	A	53	P00698_A
E	53	Q	-0.315	P00698	P00698_AF.pdb	A	53	P00698_A
F	21	Y	0.45	P00698	P00698_AF.pdb	A	21	P00698_A
F	52	Y	-0.19	P00698	P00698_AF.pdb	A	52	P00698_A
G	120	A	-0.02	P00698	P00698_AF.pdb	A	120	P00698_A
G	120	P	0.1	P00698	P00698_AF.pdb	A	120	P00698_A
G	120	R	-0.38	P00698	P00698_AF.pdb	A	120	P00698_A
G	120	V	0.04	P00698	P00698_AF.pdb	A	120	P00698_A
G	135	A	1.46	P00698	P00698_AF.pdb	A	135	P00698_A
G	67	A	-1.92	P00698	P00698_AF.pdb	A	67	P00698_A
G	67	N	0.96	P00698	P00698_AF.pdb	A	67	P00698_A
G	85	A	-1.27	P00698	P00698_AF.pdb	A	85	P00698_A
G	89	A	0.38	P00698	P00698_AF.pdb	A	89	P00698_A
H	33	L	-0.76	P00698	P00698_AF.pdb	A	33	P00698_A
I	116	M	0.9	P00698	P00698_AF.pdb	A	116	P00698_A
I	73	A	4.4	P00698	P00698_AF.pdb	A	73	P00698_A
I	73	F	2.46	P00698	P00698_AF.pdb	A	73	P00698_A
I	73	L	0.45	P00698	P00698_AF.pdb	A	73	P00698_A
I	73	M	2.27	P00698	P00698_AF.pdb	A	73	P00698_A
I	73	T	3.3	P00698	P00698_AF.pdb	A	73	P00698_A
I	73	V	0.91	P00698	P00698_AF.pdb	A	73	P00698_A
I	76	M	1.18	P00698	P00698_AF.pdb	A	76	P00698_A
I	96	M	0.9	P00698	P00698_AF.pdb	A	96	P00698_A
K	31	D	6.69	P00698	P00698_AF.pdb	A	31	P00698_A
M	123	T	0.24	P00698	P00698_AF.pdb	A	123	P00698_A
M	30	F	-0.28	P00698	P00698_AF.pdb	A	30	P00698_A
M	30	L	0.57	P00698	P00698_AF.pdb	A	30	P00698_A
N	121	D	-0.24	P00698	P00698_AF.pdb	A	121	P00698_A
N	37	K	1.06	P00698	P00698_AF.pdb	A	37	P00698_A
N	64	D	0.8	P00698	P00698_AF.pdb	A	64	P00698_A
N	95	H	0.38	P00698	P00698_AF.pdb	A	95	P00698_A
P	88	N	2.15	P00698	P00698_AF.pdb	A	88	P00698_A
Q	139	H	0.45	P00698	P00698_AF.pdb	A	139	P00698_A
R	132	H	-0.68	P00698	P00698_AF.pdb	A	132	P00698_A
R	39	Q	0.15	P00698	P00698_AF.pdb	A	39	P00698_A
R	86	K	0.04	P00698	P00698_AF.pdb	A	86	P00698_A
R	91	K	-0.23	P00698	P00698_AF.pdb	A	91	P00698_A
S	109	A	0.15	P00698	P00698_AF.pdb	A	109	P00698_A
S	109	D	2.31	P00698	P00698_AF.pdb	A	109	P00698_A
S	109	T	-0.99	P00698	P00698_AF.pdb	A	109	P00698_A
S	109	V	0.08	P00698	P00698_AF.pdb	A	109	P00698_A
S	109	Y	3.07	P00698	P00698_AF.pdb	A	109	P00698_A
T	136	P	2.0	P00698	P00698_AF.pdb	A	136	P00698_A
T	58	I	2.2	P00698	P00698_AF.pdb	A	58	P00698_A
T	58	S	0.27	P00698	P00698_AF.pdb	A	58	P00698_A
W	126	Q	3.495	P00698	P00698_AF.pdb	A	126	P00698_A
W	126	Y	1.29	P00698	P00698_AF.pdb	A	126	P00698_A
A	125	S	1.05	P00711	P00711_AF.pdb	A	125	P00711_A
H	126	A	0.79	P00711	P00711_AF.pdb	A	126	P00711_A
H	126	W	1.72	P00711	P00711_AF.pdb	A	126	P00711_A
H	126	Y	0.19	P00711	P00711_AF.pdb	A	126	P00711_A
H	51	A	2.13	P00711	P00711_AF.pdb	A	51	P00711_A
H	51	Y	-0.07	P00711	P00711_AF.pdb	A	51	P00711_A
I	78	W	0.93	P00711	P00711_AF.pdb	A	78	P00711_A
K	133	E	0.65	P00711	P00711_AF.pdb	A	133	P00711_A
K	133	N	-2.65	P00711	P00711_AF.pdb	A	133	P00711_A
K	133	Q	0.6	P00711	P00711_AF.pdb	A	133	P00711_A
L	129	E	0.19	P00711	P00711_AF.pdb	A	129	P00711_A
L	129	H	-1.39	P00711	P00711_AF.pdb	A	129	P00711_A
L	129	R	-0.43	P00711	P00711_AF.pdb	A	129	P00711_A
Q	136	A	0.96	P00711	P00711_AF.pdb	A	136	P00711_A
Q	73	A	0.41	P00711	P00711_AF.pdb	A	73	P00711_A
V	61	A	0.93	P00711	P00711_AF.pdb	A	61	P00711_A
V	61	G	1.15	P00711	P00711_AF.pdb	A	61	P00711_A
V	61	N	0.24	P00711	P00711_AF.pdb	A	61	P00711_A
W	123	Y	2.44	P00711	P00711_AF.pdb	A	123	P00711_A
W	137	H	0.6	P00711	P00711_AF.pdb	A	137	P00711_A
W	137	Y	1.17	P00711	P00711_AF.pdb	A	137	P00711_A
Y	122	A	2.39	P00711	P00711_AF.pdb	A	122	P00711_A
Y	122	P	0.22	P00711	P00711_AF.pdb	A	122	P00711_A
A	49	I	-2.4	P00712	P00712_AF.pdb	A	49	P00712_A
A	49	T	-1.7	P00712	P00712_AF.pdb	A	49	P00712_A
T	48	V	-1.86	P00712	P00712_AF.pdb	A	48	P00712_A
T	52	I	1.1	P00712	P00712_AF.pdb	A	52	P00712_A
T	57	A	1.6	P00712	P00712_AF.pdb	A	57	P00712_A
W	123	F	2.27	P00712	P00712_AF.pdb	A	123	P00712_A
W	137	F	-0.16	P00712	P00712_AF.pdb	A	137	P00712_A
W	45	F	2.4	P00712	P00712_AF.pdb	A	45	P00712_A
W	79	F	1.27	P00712	P00712_AF.pdb	A	79	P00712_A
V	280	A	2.0	P00750	P00750_AF.pdb	A	280	P00750_A
V	280	I	-0.3	P00750	P00750_AF.pdb	A	280	P00750_A
V	280	L	1.9	P00750	P00750_AF.pdb	A	280	P00750_A
V	280	M	2.2	P00750	P00750_AF.pdb	A	280	P00750_A
V	280	S	2.4	P00750	P00750_AF.pdb	A	280	P00750_A
V	280	T	1.0	P00750	P00750_AF.pdb	A	280	P00750_A
G	276	A	-0.3	P00782	P00782_AF.pdb	A	276	P00782_A
K	87	E	1.0	P00782	P00782_AF.pdb	A	87	P00782_A
M	157	F	-0.48	P00782	P00782_AF.pdb	A	157	P00782_A
N	183	D	-0.45	P00782	P00782_AF.pdb	A	183	P00782_A
N	325	S	-1.07	P00782	P00782_AF.pdb	A	325	P00782_A
Q	313	C	-1.25	P00782	P00782_AF.pdb	A	313	P00782_A
Q	70	L	1.1	P00782	P00782_AF.pdb	A	70	P00782_A
Y	324	K	-0.72	P00782	P00782_AF.pdb	A	324	P00782_A
D	170	N	0.43	P00807	P00807_AF.pdb	A	170	P00807_A
Y	166	F	1.0	P00811	P00811_AF.pdb	A	166	P00811_A
S	212	C	1.0	P00912	P00912_AF.pdb	A	212	P00912_A
G	144	R	0.62	P00918	P00918_AF.pdb	A	144	P00918_A
W	5	F	0.6	P00918	P00918_AF.pdb	A	5	P00918_A
A	18	G	4.1	P00929	P00929_AF.pdb	A	18	P00929_A
F	22	L	0.7000000000000001	P00929	P00929_AF.pdb	A	22	P00929_A
L	209	V	2.7	P00929	P00929_AF.pdb	A	209	P00929_A
T	51	P	1.1833333333333331	P00952	P00952_AF.pdb	A	51	P00952_A
A	51	T	1.7	P00974	P00974_AF.pdb	A	51	P00974_A
A	51	V	1.3	P00974	P00974_AF.pdb	A	51	P00974_A
D	38	A	-0.2	P00974	P00974_AF.pdb	A	38	P00974_A
D	85	A	0.4	P00974	P00974_AF.pdb	A	85	P00974_A
E	42	A	1.5	P00974	P00974_AF.pdb	A	42	P00974_A
E	84	A	0.2	P00974	P00974_AF.pdb	A	84	P00974_A
F	39	A	3.0	P00974	P00974_AF.pdb	A	39	P00974_A
F	57	A	2.0	P00974	P00974_AF.pdb	A	57	P00974_A
F	68	I	2.4	P00974	P00974_AF.pdb	A	68	P00974_A
F	68	L	1.3	P00974	P00974_AF.pdb	A	68	P00974_A
F	80	A	6.85	P00974	P00974_AF.pdb	A	80	P00974_A
G	47	A	1.8	P00974	P00974_AF.pdb	A	47	P00974_A
G	47	D	4.3	P00974	P00974_AF.pdb	A	47	P00974_A
G	47	V	4.1	P00974	P00974_AF.pdb	A	47	P00974_A
G	63	A	1.0	P00974	P00974_AF.pdb	A	63	P00974_A
G	71	A	2.1	P00974	P00974_AF.pdb	A	71	P00974_A
G	71	D	2.8	P00974	P00974_AF.pdb	A	71	P00974_A
G	71	S	0.7	P00974	P00974_AF.pdb	A	71	P00974_A
G	72	A	2.3	P00974	P00974_AF.pdb	A	72	P00974_A
G	72	D	1.7	P00974	P00974_AF.pdb	A	72	P00974_A
G	91	A	0.2	P00974	P00974_AF.pdb	A	91	P00974_A
G	92	A	0.2	P00974	P00974_AF.pdb	A	92	P00974_A
I	53	A	1.5	P00974	P00974_AF.pdb	A	53	P00974_A
I	54	A	2.1	P00974	P00974_AF.pdb	A	54	P00974_A
K	50	A	0.4	P00974	P00974_AF.pdb	A	50	P00974_A
K	61	A	0.0	P00974	P00974_AF.pdb	A	61	P00974_A
K	76	A	0.4	P00974	P00974_AF.pdb	A	76	P00974_A
K	81	A	-0.1	P00974	P00974_AF.pdb	A	81	P00974_A
L	41	A	0.6	P00974	P00974_AF.pdb	A	41	P00974_A
L	64	A	0.0	P00974	P00974_AF.pdb	A	64	P00974_A
M	87	A	1.7	P00974	P00974_AF.pdb	A	87	P00974_A
N	59	A	2.2	P00974	P00974_AF.pdb	A	59	P00974_A
N	78	G	5.7	P00974	P00974_AF.pdb	A	78	P00974_A
N	79	A	3.3	P00974	P00974_AF.pdb	A	79	P00974_A
N	79	G	4.7	P00974	P00974_AF.pdb	A	79	P00974_A
P	37	A	1.3	P00974	P00974_AF.pdb	A	37	P00974_A
P	43	A	0.3	P00974	P00974_AF.pdb	A	43	P00974_A
P	44	A	0.8	P00974	P00974_AF.pdb	A	44	P00974_A
P	48	A	1.2	P00974	P00974_AF.pdb	A	48	P00974_A
P	48	S	1.4	P00974	P00974_AF.pdb	A	48	P00974_A
Q	66	A	1.0	P00974	P00974_AF.pdb	A	66	P00974_A
R	36	A	0.5	P00974	P00974_AF.pdb	A	36	P00974_A
R	52	A	0.3	P00974	P00974_AF.pdb	A	52	P00974_A
R	55	A	1.8	P00974	P00974_AF.pdb	A	55	P00974_A
R	74	A	0.0	P00974	P00974_AF.pdb	A	74	P00974_A
R	77	A	0.5	P00974	P00974_AF.pdb	A	77	P00974_A
R	88	A	0.1	P00974	P00974_AF.pdb	A	88	P00974_A
S	82	A	1.6	P00974	P00974_AF.pdb	A	82	P00974_A
T	46	A	0.0	P00974	P00974_AF.pdb	A	46	P00974_A
T	67	A	0.1	P00974	P00974_AF.pdb	A	67	P00974_A
T	89	A	0.1	P00974	P00974_AF.pdb	A	89	P00974_A
V	69	A	1.2	P00974	P00974_AF.pdb	A	69	P00974_A
Y	45	A	1.2	P00974	P00974_AF.pdb	A	45	P00974_A
Y	56	A	3.9	P00974	P00974_AF.pdb	A	56	P00974_A
Y	58	A	5.95	P00974	P00974_AF.pdb	A	58	P00974_A
Y	70	A	1.1	P00974	P00974_AF.pdb	A	70	P00974_A
Y	70	D	3.8	P00974	P00974_AF.pdb	A	70	P00974_A
Y	70	F	0.6	P00974	P00974_AF.pdb	A	70	P00974_A
Y	70	G	5.0	P00974	P00974_AF.pdb	A	70	P00974_A
Y	70	L	3.7	P00974	P00974_AF.pdb	A	70	P00974_A
Y	70	N	3.7	P00974	P00974_AF.pdb	A	70	P00974_A
M	104	A	-0.55	P01006	P01006_AF.pdb	A	104	P01006_A
M	104	D	-1.6	P01006	P01006_AF.pdb	A	104	P01006_A
M	104	E	-1.05	P01006	P01006_AF.pdb	A	104	P01006_A
M	104	G	0.06	P01006	P01006_AF.pdb	A	104	P01006_A
M	104	I	0.94	P01006	P01006_AF.pdb	A	104	P01006_A
M	104	K	-0.35	P01006	P01006_AF.pdb	A	104	P01006_A
M	104	L	0.25	P01006	P01006_AF.pdb	A	104	P01006_A
M	104	V	0.66	P01006	P01006_AF.pdb	A	104	P01006_A
M	134	A	2.32	P01006	P01006_AF.pdb	A	134	P01006_A
M	134	I	1.89	P01006	P01006_AF.pdb	A	134	P01006_A
M	134	L	-0.15	P01006	P01006_AF.pdb	A	134	P01006_A
M	134	V	1.84	P01006	P01006_AF.pdb	A	134	P01006_A
V	44	F	5.69	P01006	P01006_AF.pdb	A	44	P01006_A
V	44	I	0.84	P01006	P01006_AF.pdb	A	44	P01006_A
V	44	L	2.21	P01006	P01006_AF.pdb	A	44	P01006_A
V	44	M	5.92	P01006	P01006_AF.pdb	A	44	P01006_A
A	207	F	-1.5	P01009	P01009_AF.pdb	A	207	P01009_A
A	207	I	-1.8	P01009	P01009_AF.pdb	A	207	P01009_A
A	207	L	-1.4	P01009	P01009_AF.pdb	A	207	P01009_A
A	207	V	-3.8	P01009	P01009_AF.pdb	A	207	P01009_A
A	272	F	-1.8	P01009	P01009_AF.pdb	A	272	P01009_A
A	272	I	-2.2	P01009	P01009_AF.pdb	A	272	P01009_A
A	272	V	-2.3	P01009	P01009_AF.pdb	A	272	P01009_A
A	274	I	0.4	P01009	P01009_AF.pdb	A	274	P01009_A
A	274	L	1.0	P01009	P01009_AF.pdb	A	274	P01009_A
A	274	V	0.4	P01009	P01009_AF.pdb	A	274	P01009_A
A	308	I	0.0	P01009	P01009_AF.pdb	A	308	P01009_A
A	308	V	-0.8	P01009	P01009_AF.pdb	A	308	P01009_A
A	55	I	-0.9	P01009	P01009_AF.pdb	A	55	P01009_A
A	55	L	-0.9	P01009	P01009_AF.pdb	A	55	P01009_A
A	55	P	-2.5	P01009	P01009_AF.pdb	A	55	P01009_A
A	55	V	-0.6	P01009	P01009_AF.pdb	A	55	P01009_A
A	94	G	-1.6	P01009	P01009_AF.pdb	A	94	P01009_A
F	75	C	-3.01	P01009	P01009_AF.pdb	A	75	P01009_A
F	75	L	-2.1	P01009	P01009_AF.pdb	A	75	P01009_A
K	355	F	0.875	P01009	P01009_AF.pdb	A	355	P01009_A
K	355	I	0.42	P01009	P01009_AF.pdb	A	355	P01009_A
K	355	T	-0.27	P01009	P01009_AF.pdb	A	355	P01009_A
K	355	V	0.445	P01009	P01009_AF.pdb	A	355	P01009_A
K	411	R	-1.0	P01009	P01009_AF.pdb	A	411	P01009_A
M	398	I	-2.3	P01009	P01009_AF.pdb	A	398	P01009_A
S	354	R	-1.22	P01009	P01009_AF.pdb	A	354	P01009_A
S	405	A	-1.0	P01009	P01009_AF.pdb	A	405	P01009_A
T	83	A	-1.0	P01009	P01009_AF.pdb	A	83	P01009_A
T	92	A	-1.0	P01009	P01009_AF.pdb	A	92	P01009_A
V	169	I	-0.2	P01009	P01009_AF.pdb	A	169	P01009_A
V	169	L	0.7	P01009	P01009_AF.pdb	A	169	P01009_A
V	197	I	-0.5	P01009	P01009_AF.pdb	A	197	P01009_A
V	197	L	0.6	P01009	P01009_AF.pdb	A	197	P01009_A
V	345	I	-0.6	P01009	P01009_AF.pdb	A	345	P01009_A
V	345	L	1.2	P01009	P01009_AF.pdb	A	345	P01009_A
V	388	I	-0.4	P01009	P01009_AF.pdb	A	388	P01009_A
V	388	L	0.3	P01009	P01009_AF.pdb	A	388	P01009_A
V	79	I	0.2	P01009	P01009_AF.pdb	A	79	P01009_A
V	79	L	0.3	P01009	P01009_AF.pdb	A	79	P01009_A
L	27	A	0.16	P01051	P01051_AF.pdb	A	27	P01051_A
V	14	A	1.355	P01051	P01051_AF.pdb	A	14	P01051_A
V	18	A	1.2	P01051	P01051_AF.pdb	A	18	P01051_A
V	54	A	1.975	P01051	P01051_AF.pdb	A	54	P01051_A
V	62	A	1.01	P01051	P01051_AF.pdb	A	62	P01051_A
A	36	G	1.41	P01053	P01053_AF.pdb	A	36	P01053_A
A	78	G	1.88	P01053	P01053_AF.pdb	A	78	P01053_A
D	43	A	1.05	P01053	P01053_AF.pdb	A	43	P01053_A
D	65	A	1.02	P01053	P01053_AF.pdb	A	65	P01053_A
D	72	A	3.14	P01053	P01053_AF.pdb	A	72	P01053_A
E	27	A	1.03	P01053	P01053_AF.pdb	A	27	P01053_A
E	27	Q	0.57	P01053	P01053_AF.pdb	A	27	P01053_A
E	34	D	0.77	P01053	P01053_AF.pdb	A	34	P01053_A
E	34	N	0.28	P01053	P01053_AF.pdb	A	34	P01053_A
E	34	Q	0.4	P01053	P01053_AF.pdb	A	34	P01053_A
E	35	D	-0.36	P01053	P01053_AF.pdb	A	35	P01053_A
E	35	N	0.08	P01053	P01053_AF.pdb	A	35	P01053_A
E	35	Q	0.68	P01053	P01053_AF.pdb	A	35	P01053_A
E	46	A	0.78	P01053	P01053_AF.pdb	A	46	P01053_A
E	61	A	1.09	P01053	P01053_AF.pdb	A	61	P01053_A
F	70	A	3.21	P01053	P01053_AF.pdb	A	70	P01053_A
F	70	L	1.92	P01053	P01053_AF.pdb	A	70	P01053_A
F	70	V	1.41	P01053	P01053_AF.pdb	A	70	P01053_A
I	40	L	1.96	P01053	P01053_AF.pdb	A	40	P01053_A
I	40	V	1.17	P01053	P01053_AF.pdb	A	40	P01053_A
I	49	A	3.4	P01053	P01053_AF.pdb	A	49	P01053_A
I	49	V	0.75	P01053	P01053_AF.pdb	A	49	P01053_A
I	50	A	2.12	P01053	P01053_AF.pdb	A	50	P01053_A
I	50	G	3.52	P01053	P01053_AF.pdb	A	50	P01053_A
I	50	T	1.34	P01053	P01053_AF.pdb	A	50	P01053_A
I	50	V	-0.08	P01053	P01053_AF.pdb	A	50	P01053_A
I	57	A	1.28	P01053	P01053_AF.pdb	A	57	P01053_A
I	77	A	4.09	P01053	P01053_AF.pdb	A	77	P01053_A
I	77	V	0.08	P01053	P01053_AF.pdb	A	77	P01053_A
K	22	A	1.04	P01053	P01053_AF.pdb	A	22	P01053_A
K	22	M	0.73	P01053	P01053_AF.pdb	A	22	P01053_A
K	31	A	1.2	P01053	P01053_AF.pdb	A	31	P01053_A
K	37	A	1.13	P01053	P01053_AF.pdb	A	37	P01053_A
K	37	G	2.01	P01053	P01053_AF.pdb	A	37	P01053_A
K	38	A	0.99	P01053	P01053_AF.pdb	A	38	P01053_A
K	38	G	1.58	P01053	P01053_AF.pdb	A	38	P01053_A
K	44	A	1.85	P01053	P01053_AF.pdb	A	44	P01053_A
K	44	G	3.49	P01053	P01053_AF.pdb	A	44	P01053_A
K	73	N	1.21	P01053	P01053_AF.pdb	A	73	P01053_A
L	28	A	1.91	P01053	P01053_AF.pdb	A	28	P01053_A
L	41	A	1.21	P01053	P01053_AF.pdb	A	41	P01053_A
L	41	G	2.09	P01053	P01053_AF.pdb	A	41	P01053_A
L	52	A	1.74	P01053	P01053_AF.pdb	A	52	P01053_A
L	52	I	1.01	P01053	P01053_AF.pdb	A	52	P01053_A
L	52	V	1.02	P01053	P01053_AF.pdb	A	52	P01053_A
L	69	A	3.56	P01053	P01053_AF.pdb	A	69	P01053_A
N	76	A	1.22	P01053	P01053_AF.pdb	A	76	P01053_A
N	76	D	1.51	P01053	P01053_AF.pdb	A	76	P01053_A
P	26	A	-3.4	P01053	P01053_AF.pdb	A	26	P01053_A
P	45	A	1.22	P01053	P01053_AF.pdb	A	45	P01053_A
P	53	A	0.58	P01053	P01053_AF.pdb	A	53	P01053_A
P	81	A	3.5	P01053	P01053_AF.pdb	A	81	P01053_A
Q	42	A	0.54	P01053	P01053_AF.pdb	A	42	P01053_A
Q	42	G	0.92	P01053	P01053_AF.pdb	A	42	P01053_A
R	63	A	1.02	P01053	P01053_AF.pdb	A	63	P01053_A
R	68	A	1.21	P01053	P01053_AF.pdb	A	68	P01053_A
S	32	A	1.02	P01053	P01053_AF.pdb	A	32	P01053_A
S	32	G	0.06	P01053	P01053_AF.pdb	A	32	P01053_A
T	23	A	0.85	P01053	P01053_AF.pdb	A	23	P01053_A
T	23	G	1.16	P01053	P01053_AF.pdb	A	23	P01053_A
T	23	V	0.32	P01053	P01053_AF.pdb	A	23	P01053_A
T	56	A	1.42	P01053	P01053_AF.pdb	A	56	P01053_A
T	56	S	0.98	P01053	P01053_AF.pdb	A	56	P01053_A
T	56	V	1.57	P01053	P01053_AF.pdb	A	56	P01053_A
T	59	A	0.68	P01053	P01053_AF.pdb	A	59	P01053_A
T	59	D	0.04	P01053	P01053_AF.pdb	A	59	P01053_A
V	39	A	0.03	P01053	P01053_AF.pdb	A	39	P01053_A
V	54	A	0.64	P01053	P01053_AF.pdb	A	54	P01053_A
V	54	G	2.43	P01053	P01053_AF.pdb	A	54	P01053_A
V	54	T	1.03	P01053	P01053_AF.pdb	A	54	P01053_A
V	58	A	0.67	P01053	P01053_AF.pdb	A	58	P01053_A
V	67	A	4.97	P01053	P01053_AF.pdb	A	67	P01053_A
V	71	A	1.13	P01053	P01053_AF.pdb	A	71	P01053_A
V	80	A	1.51	P01053	P01053_AF.pdb	A	80	P01053_A
V	80	G	3.24	P01053	P01053_AF.pdb	A	80	P01053_A
V	80	T	0.38	P01053	P01053_AF.pdb	A	80	P01053_A
V	83	A	1.45	P01053	P01053_AF.pdb	A	83	P01053_A
V	83	G	3.5	P01053	P01053_AF.pdb	A	83	P01053_A
V	83	T	1.15	P01053	P01053_AF.pdb	A	83	P01053_A
H	125	A	-0.33	P01236	P01236_AF.pdb	A	125	P01236_A
H	166	A	-0.58	P01236	P01236_AF.pdb	A	166	P01236_A
H	201	A	0.35	P01236	P01236_AF.pdb	A	201	P01236_A
H	208	A	0.04	P01236	P01236_AF.pdb	A	208	P01236_A
H	223	A	-0.12	P01236	P01236_AF.pdb	A	223	P01236_A
H	55	A	-1.29	P01236	P01236_AF.pdb	A	55	P01236_A
H	58	A	-2.05	P01236	P01236_AF.pdb	A	58	P01236_A
H	74	A	-1.55	P01236	P01236_AF.pdb	A	74	P01236_A
H	87	A	0.02	P01236	P01236_AF.pdb	A	87	P01236_A
F	49	D	-0.6	P01308	P01308_AF.pdb	A	49	P01308_A
F	49	H	-1.0	P01308	P01308_AF.pdb	A	49	P01308_A
H	34	D	-1.3	P01308	P01308_AF.pdb	A	34	P01308_A
H	34	E	-1.44	P01308	P01308_AF.pdb	A	34	P01308_A
H	34	T	0.22	P01308	P01308_AF.pdb	A	34	P01308_A
S	98	D	-0.1	P01308	P01308_AF.pdb	A	98	P01308_A
T	97	A	-0.16	P01308	P01308_AF.pdb	A	97	P01308_A
T	97	H	-1.76	P01308	P01308_AF.pdb	A	97	P01308_A
T	97	R	-1.25	P01308	P01308_AF.pdb	A	97	P01308_A
Y	50	T	0.3	P01308	P01308_AF.pdb	A	50	P01308_A
C	124	A	2.52	P01584	P01584_AF.pdb	A	124	P01584_A
C	124	S	4.8	P01584	P01584_AF.pdb	A	124	P01584_A
K	213	G	2.1	P01584	P01584_AF.pdb	A	213	P01584_A
K	213	R	3.1	P01584	P01584_AF.pdb	A	213	P01584_A
K	213	V	-1.5	P01584	P01584_AF.pdb	A	213	P01584_A
L	122	A	3.1	P01584	P01584_AF.pdb	A	122	P01584_A
L	126	A	5.1	P01584	P01584_AF.pdb	A	126	P01584_A
N	123	D	-0.43	P01584	P01584_AF.pdb	A	123	P01584_A
N	123	G	2.6	P01584	P01584_AF.pdb	A	123	P01584_A
R	120	P	0.4	P01584	P01584_AF.pdb	A	120	P01584_A
R	120	Q	1.0	P01584	P01584_AF.pdb	A	120	P01584_A
T	125	A	2.1	P01584	P01584_AF.pdb	A	125	P01584_A
T	125	G	3.7	P01584	P01584_AF.pdb	A	125	P01584_A
T	125	L	3.1	P01584	P01584_AF.pdb	A	125	P01584_A
T	125	Q	3.1	P01584	P01584_AF.pdb	A	125	P01584_A
D	282	A	0.9	P01857	P01857_AF.pdb	A	282	P01857_A
F	288	A	3.3	P01857	P01857_AF.pdb	A	288	P01857_A
K	253	A	2.2	P01857	P01857_AF.pdb	A	253	P01857_A
K	275	A	0.6	P01857	P01857_AF.pdb	A	275	P01857_A
K	292	A	3.9	P01857	P01857_AF.pdb	A	292	P01857_A
L	234	A	2.1	P01857	P01857_AF.pdb	A	234	P01857_A
L	251	A	3.0	P01857	P01857_AF.pdb	A	251	P01857_A
L	281	A	0.9	P01857	P01857_AF.pdb	A	281	P01857_A
P	278	A	3.8	P01857	P01857_AF.pdb	A	278	P01857_A
Q	230	A	0.7	P01857	P01857_AF.pdb	A	230	P01857_A
T	233	A	0.3	P01857	P01857_AF.pdb	A	233	P01857_A
T	249	A	2.8	P01857	P01857_AF.pdb	A	249	P01857_A
T	277	A	1.0	P01857	P01857_AF.pdb	A	277	P01857_A
V	280	A	1.4	P01857	P01857_AF.pdb	A	280	P01857_A
Y	232	A	0.6	P01857	P01857_AF.pdb	A	232	P01857_A
Y	290	A	2.5	P01857	P01857_AF.pdb	A	290	P01857_A
D	23	N	0.4399999999999999	P02417	P02417_AF.pdb	A	23	P02417_A
D	8	N	0.3	P02417	P02417_AF.pdb	A	8	P02417_A
E	17	Q	0.21	P02417	P02417_AF.pdb	A	17	P02417_A
E	38	Q	0.56	P02417	P02417_AF.pdb	A	38	P02417_A
E	48	Q	-0.03	P02417	P02417_AF.pdb	A	48	P02417_A
E	54	Q	-0.33	P02417	P02417_AF.pdb	A	54	P02417_A
F	5	V	3.99	P02417	P02417_AF.pdb	A	5	P02417_A
H	106	Q	1.915	P02417	P02417_AF.pdb	A	106	P02417_A
H	134	Q	1.855	P02417	P02417_AF.pdb	A	134	P02417_A
H	144	Q	0.965	P02417	P02417_AF.pdb	A	144	P02417_A
I	4	A	2.22	P02417	P02417_AF.pdb	A	4	P02417_A
I	4	V	0.59	P02417	P02417_AF.pdb	A	4	P02417_A
K	10	M	-0.05	P02417	P02417_AF.pdb	A	10	P02417_A
K	12	M	-1.446	P02417	P02417_AF.pdb	A	12	P02417_A
K	14	M	-0.01	P02417	P02417_AF.pdb	A	14	P02417_A
K	15	M	0.31	P02417	P02417_AF.pdb	A	15	P02417_A
K	7	M	-0.35	P02417	P02417_AF.pdb	A	7	P02417_A
L	30	A	2.76	P02417	P02417_AF.pdb	A	30	P02417_A
L	30	V	3.62	P02417	P02417_AF.pdb	A	30	P02417_A
L	6	A	3.1	P02417	P02417_AF.pdb	A	6	P02417_A
L	6	I	0.13	P02417	P02417_AF.pdb	A	6	P02417_A
L	6	V	0.41	P02417	P02417_AF.pdb	A	6	P02417_A
M	1	A	1.46	P02417	P02417_AF.pdb	A	1	P02417_A
M	1	G	2.36	P02417	P02417_AF.pdb	A	1	P02417_A
V	21	A	2.33	P02417	P02417_AF.pdb	A	21	P02417_A
V	21	I	0.4	P02417	P02417_AF.pdb	A	21	P02417_A
V	21	L	1.23	P02417	P02417_AF.pdb	A	21	P02417_A
V	3	A	2.55	P02417	P02417_AF.pdb	A	3	P02417_A
V	3	I	0.31	P02417	P02417_AF.pdb	A	3	P02417_A
V	3	L	2.21	P02417	P02417_AF.pdb	A	3	P02417_A
H	27	P	-1.25	P02625	P02625_AF.pdb	A	27	P02625_A
K	81	S	0.29	P02625	P02625_AF.pdb	A	81	P02625_A
D	23	N	-0.74	P02633	P02633_AF.pdb	A	23	P02633_A
E	21	Q	-0.43	P02633	P02633_AF.pdb	A	21	P02633_A
E	30	Q	-0.09	P02633	P02633_AF.pdb	A	30	P02633_A
F	14	A	4.83	P02633	P02633_AF.pdb	A	14	P02633_A
F	70	A	4.97	P02633	P02633_AF.pdb	A	70	P02633_A
F	70	W	2.34	P02633	P02633_AF.pdb	A	70	P02633_A
I	77	V	1.53	P02633	P02633_AF.pdb	A	77	P02633_A
L	10	V	2.2	P02633	P02633_AF.pdb	A	10	P02633_A
L	27	A	3.73	P02633	P02633_AF.pdb	A	27	P02633_A
L	27	G	4.28	P02633	P02633_AF.pdb	A	27	P02633_A
L	32	A	2.7	P02633	P02633_AF.pdb	A	32	P02633_A
P	24	G	1.19	P02633	P02633_AF.pdb	A	24	P02633_A
V	65	A	3.78	P02633	P02633_AF.pdb	A	65	P02633_A
V	65	G	4.35	P02633	P02633_AF.pdb	A	65	P02633_A
V	74	L	1.2	P02633	P02633_AF.pdb	A	74	P02633_A
Y	17	F	1.19	P02633	P02633_AF.pdb	A	17	P02633_A
F	797	A	2.3	P02640	P02640_AF.pdb	A	797	P02640_A
F	801	A	4.0	P02640	P02640_AF.pdb	A	801	P02640_A
F	808	A	3.3	P02640	P02640_AF.pdb	A	808	P02640_A
H	791	Y	-1.1	P02640	P02640_AF.pdb	A	791	P02640_A
S	793	A	0.8	P02640	P02640_AF.pdb	A	793	P02640_A
T	804	V	1.1	P02640	P02640_AF.pdb	A	804	P02640_A
V	800	A	2.5	P02640	P02640_AF.pdb	A	800	P02640_A
L	165	R	0.65	P02647	P02647_AF.pdb	A	165	P02647_A
S	79	P	0.65	P02647	P02647_AF.pdb	A	79	P02647_A
Y	42	P	1.9	P02647	P02647_AF.pdb	A	42	P02647_A
K	164	E	-0.75	P02649	P02649_AF.pdb	A	164	P02649_A
R	154	S	-0.25	P02649	P02649_AF.pdb	A	154	P02649_A
F	58	A	1.91	P02689	P02689_AF.pdb	A	58	P02689_A
I	43	N	7.63	P02689	P02689_AF.pdb	A	43	P02689_A
I	52	T	5.17	P02689	P02689_AF.pdb	A	52	P02689_A
P	39	G	5.38	P02689	P02689_AF.pdb	A	39	P02689_A
T	51	P	1.51	P02689	P02689_AF.pdb	A	51	P02689_A
F	69	A	-1.38	P02693	P02693_AF.pdb	A	69	P02693_A
F	94	A	2.42	P02693	P02693_AF.pdb	A	94	P02693_A
W	7	Y	0.93	P02693	P02693_AF.pdb	A	7	P02693_A
W	83	Y	-0.09	P02693	P02693_AF.pdb	A	83	P02693_A
A	1550	G	0.93	P02751	P02751_AF.pdb	A	1550	P02751_A
A	1594	G	2.81	P02751	P02751_AF.pdb	A	1594	P02751_A
A	1611	G	1.38	P02751	P02751_AF.pdb	A	1611	P02751_A
E	1575	A	-0.57	P02751	P02751_AF.pdb	A	1575	P02751_A
F	1585	A	2.16	P02751	P02751_AF.pdb	A	1585	P02751_A
I	1571	A	5.02	P02751	P02751_AF.pdb	A	1571	P02751_A
I	1571	V	0.41	P02751	P02751_AF.pdb	A	1571	P02751_A
I	1596	V	1.12	P02751	P02751_AF.pdb	A	1596	P02751_A
I	1607	A	3.72	P02751	P02751_AF.pdb	A	1607	P02751_A
I	1607	V	0.61	P02751	P02751_AF.pdb	A	1607	P02751_A
I	1625	A	0.35	P02751	P02751_AF.pdb	A	1625	P02751_A
I	1625	V	0.35	P02751	P02751_AF.pdb	A	1625	P02751_A
I	1627	V	0.7000000000000001	P02751	P02751_AF.pdb	A	1627	P02751_A
L	1545	A	1.64	P02751	P02751_AF.pdb	A	1545	P02751_A
L	1555	A	0.87	P02751	P02751_AF.pdb	A	1555	P02751_A
P	1542	A	-0.16	P02751	P02751_AF.pdb	A	1542	P02751_A
P	1601	A	0.41	P02751	P02751_AF.pdb	A	1601	P02751_A
P	1619	A	0.42	P02751	P02751_AF.pdb	A	1619	P02751_A
P	1624	A	0.21	P02751	P02751_AF.pdb	A	1624	P02751_A
S	1622	A	-0.11	P02751	P02751_AF.pdb	A	1622	P02751_A
V	1547	A	1.38	P02751	P02751_AF.pdb	A	1547	P02751_A
V	1566	A	1.45	P02751	P02751_AF.pdb	A	1566	P02751_A
V	1587	A	2.42	P02751	P02751_AF.pdb	A	1587	P02751_A
V	1603	A	0.67	P02751	P02751_AF.pdb	A	1603	P02751_A
V	1609	A	3.33	P02751	P02751_AF.pdb	A	1609	P02751_A
W	1559	F	1.94	P02751	P02751_AF.pdb	A	1559	P02751_A
Y	1569	A	4.165	P02751	P02751_AF.pdb	A	1569	P02751_A
Y	1569	F	0.41	P02751	P02751_AF.pdb	A	1569	P02751_A
Y	1569	L	2.605	P02751	P02751_AF.pdb	A	1569	P02751_A
Y	1573	F	-0.27	P02751	P02751_AF.pdb	A	1573	P02751_A
Y	1629	A	1.19	P02751	P02751_AF.pdb	A	1629	P02751_A
Y	1629	F	-0.11	P02751	P02751_AF.pdb	A	1629	P02751_A
W	35	Y	6.91	P02754	P02754_AF.pdb	A	35	P02754_A
A	213	C	1.8	P02925	P02925_AF.pdb	A	213	P02925_A
L	87	C	2.7	P02925	P02925_AF.pdb	A	87	P02925_A
D	49	A	0.9	P02945	P02945_AF.pdb	A	49	P02945_A
D	51	A	0.5	P02945	P02945_AF.pdb	A	51	P02945_A
F	55	A	1.6	P02945	P02945_AF.pdb	A	55	P02945_A
F	67	A	1.0	P02945	P02945_AF.pdb	A	67	P02945_A
I	58	A	1.9	P02945	P02945_AF.pdb	A	58	P02945_A
I	65	A	1.4	P02945	P02945_AF.pdb	A	65	P02945_A
K	53	A	0.3	P02945	P02945_AF.pdb	A	53	P02945_A
K	54	A	1.6	P02945	P02945_AF.pdb	A	54	P02945_A
L	61	A	0.1	P02945	P02945_AF.pdb	A	61	P02945_A
L	71	A	-0.3	P02945	P02945_AF.pdb	A	71	P02945_A
L	74	A	-0.7	P02945	P02945_AF.pdb	A	74	P02945_A
L	75	A	-0.5	P02945	P02945_AF.pdb	A	75	P02945_A
M	69	A	-1.4	P02945	P02945_AF.pdb	A	69	P02945_A
M	73	A	0.8	P02945	P02945_AF.pdb	A	73	P02945_A
P	50	A	0.2	P02945	P02945_AF.pdb	A	50	P02945_A
P	63	A	-0.1	P02945	P02945_AF.pdb	A	63	P02945_A
S	48	A	0.3	P02945	P02945_AF.pdb	A	48	P02945_A
S	72	A	-0.1	P02945	P02945_AF.pdb	A	72	P02945_A
T	59	A	2.2	P02945	P02945_AF.pdb	A	59	P02945_A
T	60	A	1.0	P02945	P02945_AF.pdb	A	60	P02945_A
T	68	A	0.1	P02945	P02945_AF.pdb	A	68	P02945_A
V	62	A	-0.7	P02945	P02945_AF.pdb	A	62	P02945_A
Y	56	A	1.3	P02945	P02945_AF.pdb	A	56	P02945_A
Y	70	A	3.7	P02945	P02945_AF.pdb	A	70	P02945_A
D	30	A	-0.3	P03051	P03051_AF.pdb	A	30	P03051_A
D	30	C	-0.8	P03051	P03051_AF.pdb	A	30	P03051_A
D	30	E	-1.0	P03051	P03051_AF.pdb	A	30	P03051_A
D	30	F	0.1	P03051	P03051_AF.pdb	A	30	P03051_A
D	30	G	-2.0	P03051	P03051_AF.pdb	A	30	P03051_A
D	30	H	-0.9	P03051	P03051_AF.pdb	A	30	P03051_A
D	30	I	0.8	P03051	P03051_AF.pdb	A	30	P03051_A
D	30	K	-0.9	P03051	P03051_AF.pdb	A	30	P03051_A
D	30	L	0.1	P03051	P03051_AF.pdb	A	30	P03051_A
D	30	M	-0.6	P03051	P03051_AF.pdb	A	30	P03051_A
D	30	N	-0.8	P03051	P03051_AF.pdb	A	30	P03051_A
D	30	P	1.6	P03051	P03051_AF.pdb	A	30	P03051_A
D	30	Q	-1.8	P03051	P03051_AF.pdb	A	30	P03051_A
D	30	R	-0.8	P03051	P03051_AF.pdb	A	30	P03051_A
D	30	S	-1.0	P03051	P03051_AF.pdb	A	30	P03051_A
D	30	T	0.4	P03051	P03051_AF.pdb	A	30	P03051_A
D	30	V	0.4	P03051	P03051_AF.pdb	A	30	P03051_A
D	30	W	0.4	P03051	P03051_AF.pdb	A	30	P03051_A
D	30	Y	-0.2	P03051	P03051_AF.pdb	A	30	P03051_A
L	41	A	6.12	P03051	P03051_AF.pdb	A	41	P03051_A
L	41	V	2.53	P03051	P03051_AF.pdb	A	41	P03051_A
E	259	Q	0.74	P03069	P03069_AF.pdb	A	259	P03069_A
E	268	Q	-0.2	P03069	P03069_AF.pdb	A	268	P03069_A
E	270	Q	1.83	P03069	P03069_AF.pdb	A	270	P03069_A
K	256	A	0.39	P03069	P03069_AF.pdb	A	256	P03069_A
K	263	A	0.41	P03069	P03069_AF.pdb	A	263	P03069_A
K	275	A	0.91	P03069	P03069_AF.pdb	A	275	P03069_A
K	276	A	0.06	P03069	P03069_AF.pdb	A	276	P03069_A
R	273	A	1.66	P03069	P03069_AF.pdb	A	273	P03069_A
W	264	F	-8.64	P03958	P03958_AF.pdb	A	264	P03958_A
L	83	E	-1.1	P04141	P04141_AF.pdb	A	83	P04141_A
D	178	N	0.38	P04156	P04156_AF.pdb	A	178	P04156_A
P	105	L	0.2	P04156	P04156_AF.pdb	A	105	P04156_A
Q	212	P	1.23	P04156	P04156_AF.pdb	A	212	P04156_A
V	203	I	-0.06	P04156	P04156_AF.pdb	A	203	P04156_A
I	82	T	2.7	P04179	P04179_AF.pdb	A	82	P04179_A
Q	167	N	-2.79	P04179	P04179_AF.pdb	A	167	P04179_A
Y	58	F	-12.7	P04179	P04179_AF.pdb	A	58	P04179_A
A	347	G	2.7	P04637	P04637_AF.pdb	A	347	P04637_A
C	242	S	2.94	P04637	P04637_AF.pdb	A	242	P04637_A
D	352	A	2.2	P04637	P04637_AF.pdb	A	352	P04637_A
E	326	A	1.6	P04637	P04637_AF.pdb	A	326	P04637_A
E	336	A	-3.0	P04637	P04637_AF.pdb	A	336	P04637_A
E	339	A	1.8	P04637	P04637_AF.pdb	A	339	P04637_A
E	343	A	1.1	P04637	P04637_AF.pdb	A	343	P04637_A
E	346	A	0.4	P04637	P04637_AF.pdb	A	346	P04637_A
E	349	A	3.8	P04637	P04637_AF.pdb	A	349	P04637_A
F	328	A	7.2	P04637	P04637_AF.pdb	A	328	P04637_A
F	328	L	3.5	P04637	P04637_AF.pdb	A	328	P04637_A
F	338	A	7.2	P04637	P04637_AF.pdb	A	338	P04637_A
F	341	I	6.9	P04637	P04637_AF.pdb	A	341	P04637_A
F	341	L	3.2	P04637	P04637_AF.pdb	A	341	P04637_A
I	332	V	4.9	P04637	P04637_AF.pdb	A	332	P04637_A
K	351	A	-2.5	P04637	P04637_AF.pdb	A	351	P04637_A
L	330	F	5.2	P04637	P04637_AF.pdb	A	330	P04637_A
L	344	F	6.1	P04637	P04637_AF.pdb	A	344	P04637_A
L	344	I	1.2	P04637	P04637_AF.pdb	A	344	P04637_A
L	350	A	2.1	P04637	P04637_AF.pdb	A	350	P04637_A
M	340	A	6.4	P04637	P04637_AF.pdb	A	340	P04637_A
M	340	I	-0.7	P04637	P04637_AF.pdb	A	340	P04637_A
N	345	A	3.7	P04637	P04637_AF.pdb	A	345	P04637_A
Q	331	A	1.4	P04637	P04637_AF.pdb	A	331	P04637_A
R	175	H	3.01	P04637	P04637_AF.pdb	A	175	P04637_A
R	248	Q	1.94	P04637	P04637_AF.pdb	A	248	P04637_A
R	249	S	1.95	P04637	P04637_AF.pdb	A	249	P04637_A
R	273	H	0.35	P04637	P04637_AF.pdb	A	273	P04637_A
R	333	A	3.9	P04637	P04637_AF.pdb	A	333	P04637_A
R	335	A	2.1	P04637	P04637_AF.pdb	A	335	P04637_A
R	337	A	9.3	P04637	P04637_AF.pdb	A	337	P04637_A
R	342	A	1.4	P04637	P04637_AF.pdb	A	342	P04637_A
T	329	A	3.6	P04637	P04637_AF.pdb	A	329	P04637_A
E	195	K	0.2933333333333333	P04925	P04925_AF.pdb	A	195	P04925_A
E	199	K	0.14	P04925	P04925_AF.pdb	A	199	P04925_A
F	197	H	1.5066666666666666	P04925	P04925_AF.pdb	A	197	P04925_A
F	197	S	2.46	P04925	P04925_AF.pdb	A	197	P04925_A
H	186	Y	-0.8133333333333334	P04925	P04925_AF.pdb	A	186	P04925_A
M	128	V	0.33	P04925	P04925_AF.pdb	A	128	P04925_A
Q	216	R	2.13	P04925	P04925_AF.pdb	A	216	P04925_A
R	207	H	1.44	P04925	P04925_AF.pdb	A	207	P04925_A
T	182	A	4.62	P04925	P04925_AF.pdb	A	182	P04925_A
T	189	V	0.17	P04925	P04925_AF.pdb	A	189	P04925_A
V	179	I	0.5	P04925	P04925_AF.pdb	A	179	P04925_A
V	209	I	0.26	P04925	P04925_AF.pdb	A	209	P04925_A
Y	154	H	-0.24	P04925	P04925_AF.pdb	A	154	P04925_A
E	350	P	-0.3	P05121	P05121_AF.pdb	A	350	P05121_A
E	350	R	0.6	P05121	P05121_AF.pdb	A	350	P05121_A
R	53	E	1.2	P05121	P05121_AF.pdb	A	53	P05121_A
A	118	G	0.41	P05230	P05230_AF.pdb	A	118	P05230_A
C	132	A	-0.34	P05230	P05230_AF.pdb	A	132	P05230_A
C	132	I	-0.36	P05230	P05230_AF.pdb	A	132	P05230_A
C	132	S	0.775	P05230	P05230_AF.pdb	A	132	P05230_A
C	132	T	0.35	P05230	P05230_AF.pdb	A	132	P05230_A
C	132	V	-0.17	P05230	P05230_AF.pdb	A	132	P05230_A
C	31	A	-0.7	P05230	P05230_AF.pdb	A	31	P05230_A
C	31	S	2.89	P05230	P05230_AF.pdb	A	31	P05230_A
C	31	T	-0.6	P05230	P05230_AF.pdb	A	31	P05230_A
C	31	V	0.74	P05230	P05230_AF.pdb	A	31	P05230_A
C	98	A	1.14	P05230	P05230_AF.pdb	A	98	P05230_A
C	98	S	1.61	P05230	P05230_AF.pdb	A	98	P05230_A
C	98	T	1.21	P05230	P05230_AF.pdb	A	98	P05230_A
C	98	V	2.6	P05230	P05230_AF.pdb	A	98	P05230_A
F	100	W	0.1	P05230	P05230_AF.pdb	A	100	P05230_A
F	123	Y	-0.94	P05230	P05230_AF.pdb	A	123	P05230_A
F	147	W	0.38	P05230	P05230_AF.pdb	A	147	P05230_A
G	77	A	1.43	P05230	P05230_AF.pdb	A	77	P05230_A
G	77	N	0.79	P05230	P05230_AF.pdb	A	77	P05230_A
H	108	A	0.43	P05230	P05230_AF.pdb	A	108	P05230_A
H	108	G	-1.2166666666666668	P05230	P05230_AF.pdb	A	108	P05230_A
H	108	N	-0.29	P05230	P05230_AF.pdb	A	108	P05230_A
H	117	Y	-0.44	P05230	P05230_AF.pdb	A	117	P05230_A
H	36	Y	-1.01	P05230	P05230_AF.pdb	A	36	P05230_A
L	59	F	-0.87	P05230	P05230_AF.pdb	A	59	P05230_A
L	59	P	-0.69	P05230	P05230_AF.pdb	A	59	P05230_A
L	88	V	1.46	P05230	P05230_AF.pdb	A	88	P05230_A
N	121	G	-0.38	P05230	P05230_AF.pdb	A	121	P05230_A
V	124	I	-0.06	P05230	P05230_AF.pdb	A	124	P05230_A
V	124	L	0.57	P05230	P05230_AF.pdb	A	124	P05230_A
V	46	W	-0.96	P05230	P05230_AF.pdb	A	46	P05230_A
F	17	Y	3.44	P05413	P05413_AF.pdb	A	17	P05413_A
F	58	S	3.63	P05413	P05413_AF.pdb	A	58	P05413_A
R	107	T	3.54	P05413	P05413_AF.pdb	A	107	P05413_A
R	127	K	4.66	P05413	P05413_AF.pdb	A	127	P05413_A
R	127	Q	0.62	P05413	P05413_AF.pdb	A	127	P05413_A
T	41	E	3.27	P05413	P05413_AF.pdb	A	41	P05413_A
T	41	Q	4.37	P05413	P05413_AF.pdb	A	41	P05413_A
T	41	V	1.84	P05413	P05413_AF.pdb	A	41	P05413_A
Y	129	F	3.82	P05413	P05413_AF.pdb	A	129	P05413_A
D	17	K	1.1	P05798	P05798_AF.pdb	A	17	P05798_A
D	25	H	-0.9	P05798	P05798_AF.pdb	A	25	P05798_A
D	25	K	0.9	P05798	P05798_AF.pdb	A	25	P05798_A
D	33	A	6.1	P05798	P05798_AF.pdb	A	33	P05798_A
D	79	A	-2.75	P05798	P05798_AF.pdb	A	79	P05798_A
D	79	E	0.3	P05798	P05798_AF.pdb	A	79	P05798_A
D	79	F	-3.0	P05798	P05798_AF.pdb	A	79	P05798_A
D	79	H	-1.8	P05798	P05798_AF.pdb	A	79	P05798_A
D	79	I	-2.85	P05798	P05798_AF.pdb	A	79	P05798_A
D	79	K	-2.3	P05798	P05798_AF.pdb	A	79	P05798_A
D	79	L	-2.7	P05798	P05798_AF.pdb	A	79	P05798_A
D	79	N	-1.8	P05798	P05798_AF.pdb	A	79	P05798_A
D	79	R	-2.7	P05798	P05798_AF.pdb	A	79	P05798_A
D	79	W	-2.3	P05798	P05798_AF.pdb	A	79	P05798_A
D	79	Y	-2.9	P05798	P05798_AF.pdb	A	79	P05798_A
E	41	K	1.2	P05798	P05798_AF.pdb	A	41	P05798_A
E	54	Q	1.7	P05798	P05798_AF.pdb	A	54	P05798_A
E	74	K	-1.1	P05798	P05798_AF.pdb	A	74	P05798_A
H	85	Q	0.0	P05798	P05798_AF.pdb	A	85	P05798_A
I	22	V	1.48	P05798	P05798_AF.pdb	A	22	P05798_A
I	58	V	0.0	P05798	P05798_AF.pdb	A	58	P05798_A
I	70	V	0.94	P05798	P05798_AF.pdb	A	70	P05798_A
I	71	V	0.13	P05798	P05798_AF.pdb	A	71	P05798_A
I	92	V	1.0	P05798	P05798_AF.pdb	A	92	P05798_A
L	11	A	3.08	P05798	P05798_AF.pdb	A	11	P05798_A
L	19	A	3.65	P05798	P05798_AF.pdb	A	19	P05798_A
L	21	A	0.41	P05798	P05798_AF.pdb	A	21	P05798_A
L	8	A	1.34	P05798	P05798_AF.pdb	A	8	P05798_A
L	91	A	0.84	P05798	P05798_AF.pdb	A	91	P05798_A
N	20	A	0.0	P05798	P05798_AF.pdb	A	20	P05798_A
N	39	A	2.2	P05798	P05798_AF.pdb	A	39	P05798_A
N	39	D	1.5	P05798	P05798_AF.pdb	A	39	P05798_A
N	39	S	2.3	P05798	P05798_AF.pdb	A	39	P05798_A
Q	38	A	-1.0	P05798	P05798_AF.pdb	A	38	P05798_A
Q	94	K	-0.3	P05798	P05798_AF.pdb	A	94	P05798_A
R	40	E	0.4	P05798	P05798_AF.pdb	A	40	P05798_A
R	65	A	1.0	P05798	P05798_AF.pdb	A	65	P05798_A
S	24	A	0.2	P05798	P05798_AF.pdb	A	24	P05798_A
S	31	A	-0.4	P05798	P05798_AF.pdb	A	31	P05798_A
S	3	A	0.3	P05798	P05798_AF.pdb	A	3	P05798_A
S	42	A	-0.1	P05798	P05798_AF.pdb	A	42	P05798_A
S	48	A	-0.5	P05798	P05798_AF.pdb	A	48	P05798_A
S	90	A	-0.2	P05798	P05798_AF.pdb	A	90	P05798_A
S	9	A	1.3	P05798	P05798_AF.pdb	A	9	P05798_A
T	16	V	-0.3	P05798	P05798_AF.pdb	A	16	P05798_A
T	18	V	1.4	P05798	P05798_AF.pdb	A	18	P05798_A
T	56	V	1.9	P05798	P05798_AF.pdb	A	56	P05798_A
T	59	V	1.7	P05798	P05798_AF.pdb	A	59	P05798_A
T	5	V	0.0	P05798	P05798_AF.pdb	A	5	P05798_A
T	67	V	0.0	P05798	P05798_AF.pdb	A	67	P05798_A
T	72	V	0.2	P05798	P05798_AF.pdb	A	72	P05798_A
T	82	V	1.7	P05798	P05798_AF.pdb	A	82	P05798_A
T	95	A	0.6	P05798	P05798_AF.pdb	A	95	P05798_A
V	2	T	0.9	P05798	P05798_AF.pdb	A	2	P05798_A
V	36	T	1.3	P05798	P05798_AF.pdb	A	36	P05798_A
V	43	T	0.5	P05798	P05798_AF.pdb	A	43	P05798_A
V	57	T	4.4	P05798	P05798_AF.pdb	A	57	P05798_A
Y	30	F	-0.4	P05798	P05798_AF.pdb	A	30	P05798_A
Y	49	F	0.2	P05798	P05798_AF.pdb	A	49	P05798_A
Y	51	F	2.3	P05798	P05798_AF.pdb	A	51	P05798_A
Y	52	F	3.6	P05798	P05798_AF.pdb	A	52	P05798_A
Y	55	F	0.6	P05798	P05798_AF.pdb	A	55	P05798_A
Y	80	F	1.5	P05798	P05798_AF.pdb	A	80	P05798_A
Y	81	F	1.2	P05798	P05798_AF.pdb	A	81	P05798_A
Y	86	F	0.3	P05798	P05798_AF.pdb	A	86	P05798_A
E	270	C	-6.83	P05825	P05825_AF.pdb	A	270	P05825_A
E	272	C	-9.79	P05825	P05825_AF.pdb	A	272	P05825_A
G	274	C	-7.93	P05825	P05825_AF.pdb	A	274	P05825_A
L	266	C	-6.88	P05825	P05825_AF.pdb	A	266	P05825_A
Q	278	C	-2.28	P05825	P05825_AF.pdb	A	278	P05825_A
S	268	C	-7.77	P05825	P05825_AF.pdb	A	268	P05825_A
S	276	C	-5.94	P05825	P05825_AF.pdb	A	276	P05825_A
W	1202	F	-0.6	P06213	P06213_AF.pdb	A	1202	P06213_A
E	107	A	1.27	P06241	P06241_AF.pdb	A	107	P06241_A
E	107	D	-0.68	P06241	P06241_AF.pdb	A	107	P06241_A
E	107	F	1.63	P06241	P06241_AF.pdb	A	107	P06241_A
E	107	G	2.29	P06241	P06241_AF.pdb	A	107	P06241_A
E	107	H	0.99	P06241	P06241_AF.pdb	A	107	P06241_A
E	107	I	2.71	P06241	P06241_AF.pdb	A	107	P06241_A
E	107	K	0.97	P06241	P06241_AF.pdb	A	107	P06241_A
E	107	L	3.02	P06241	P06241_AF.pdb	A	107	P06241_A
E	107	P	1.71	P06241	P06241_AF.pdb	A	107	P06241_A
E	107	Q	0.74	P06241	P06241_AF.pdb	A	107	P06241_A
E	107	R	3.38	P06241	P06241_AF.pdb	A	107	P06241_A
E	107	S	1.64	P06241	P06241_AF.pdb	A	107	P06241_A
E	107	T	0.6	P06241	P06241_AF.pdb	A	107	P06241_A
E	107	V	2.0	P06241	P06241_AF.pdb	A	107	P06241_A
E	107	Y	2.4	P06241	P06241_AF.pdb	A	107	P06241_A
G	128	A	1.78	P06241	P06241_AF.pdb	A	128	P06241_A
I	111	L	1.4380000000000002	P06241	P06241_AF.pdb	A	111	P06241_A
I	111	V	0.9233333333333332	P06241	P06241_AF.pdb	A	111	P06241_A
S	124	A	0.71	P06241	P06241_AF.pdb	A	124	P06241_A
S	124	D	2.02	P06241	P06241_AF.pdb	A	124	P06241_A
S	124	F	1.9	P06241	P06241_AF.pdb	A	124	P06241_A
S	124	G	1.68	P06241	P06241_AF.pdb	A	124	P06241_A
S	124	H	1.25	P06241	P06241_AF.pdb	A	124	P06241_A
S	124	I	1.41	P06241	P06241_AF.pdb	A	124	P06241_A
S	124	K	-0.11	P06241	P06241_AF.pdb	A	124	P06241_A
S	124	L	0.37	P06241	P06241_AF.pdb	A	124	P06241_A
S	124	N	0.73	P06241	P06241_AF.pdb	A	124	P06241_A
S	124	R	0.18	P06241	P06241_AF.pdb	A	124	P06241_A
S	124	T	1.65	P06241	P06241_AF.pdb	A	124	P06241_A
S	124	V	1.1	P06241	P06241_AF.pdb	A	124	P06241_A
S	124	Y	2.27	P06241	P06241_AF.pdb	A	124	P06241_A
T	127	A	2.59	P06241	P06241_AF.pdb	A	127	P06241_A
V	138	A	1.460909090909091	P06241	P06241_AF.pdb	A	138	P06241_A
V	138	G	2.2545	P06241	P06241_AF.pdb	A	138	P06241_A
V	138	M	0.8257142857142857	P06241	P06241_AF.pdb	A	138	P06241_A
V	138	T	1.272307692307692	P06241	P06241_AF.pdb	A	138	P06241_A
A	246	D	1.94	P06654	P06654_AF.pdb	A	246	P06654_A
A	246	E	0.9	P06654	P06654_AF.pdb	A	246	P06654_A
A	246	F	2.28	P06654	P06654_AF.pdb	A	246	P06654_A
A	246	G	1.43	P06654	P06654_AF.pdb	A	246	P06654_A
A	246	H	2.24	P06654	P06654_AF.pdb	A	246	P06654_A
A	246	I	2.22	P06654	P06654_AF.pdb	A	246	P06654_A
A	246	K	2.11	P06654	P06654_AF.pdb	A	246	P06654_A
A	246	L	2.38	P06654	P06654_AF.pdb	A	246	P06654_A
A	246	M	1.6	P06654	P06654_AF.pdb	A	246	P06654_A
A	246	N	3.28	P06654	P06654_AF.pdb	A	246	P06654_A
A	246	P	4.37	P06654	P06654_AF.pdb	A	246	P06654_A
A	246	Q	0.15	P06654	P06654_AF.pdb	A	246	P06654_A
A	246	R	1.78	P06654	P06654_AF.pdb	A	246	P06654_A
A	246	S	0.51	P06654	P06654_AF.pdb	A	246	P06654_A
A	246	T	1.33	P06654	P06654_AF.pdb	A	246	P06654_A
A	246	V	1.18	P06654	P06654_AF.pdb	A	246	P06654_A
A	246	Y	2.28	P06654	P06654_AF.pdb	A	246	P06654_A
A	249	D	0.79	P06654	P06654_AF.pdb	A	249	P06654_A
A	249	E	0.33	P06654	P06654_AF.pdb	A	249	P06654_A
A	249	F	-0.26	P06654	P06654_AF.pdb	A	249	P06654_A
A	249	G	1.16	P06654	P06654_AF.pdb	A	249	P06654_A
A	249	H	0.47	P06654	P06654_AF.pdb	A	249	P06654_A
A	249	I	-0.28	P06654	P06654_AF.pdb	A	249	P06654_A
A	249	K	-0.02	P06654	P06654_AF.pdb	A	249	P06654_A
A	249	L	0.11	P06654	P06654_AF.pdb	A	249	P06654_A
A	249	M	-0.3	P06654	P06654_AF.pdb	A	249	P06654_A
A	249	N	0.47	P06654	P06654_AF.pdb	A	249	P06654_A
A	249	P	0.57	P06654	P06654_AF.pdb	A	249	P06654_A
A	249	Q	-0.58	P06654	P06654_AF.pdb	A	249	P06654_A
A	249	R	-0.26	P06654	P06654_AF.pdb	A	249	P06654_A
A	249	S	0.2	P06654	P06654_AF.pdb	A	249	P06654_A
A	249	T	-0.19	P06654	P06654_AF.pdb	A	249	P06654_A
A	249	V	-0.04	P06654	P06654_AF.pdb	A	249	P06654_A
A	249	Y	0.01	P06654	P06654_AF.pdb	A	249	P06654_A
A	250	D	0.13	P06654	P06654_AF.pdb	A	250	P06654_A
A	250	E	-0.31	P06654	P06654_AF.pdb	A	250	P06654_A
A	250	F	-0.32	P06654	P06654_AF.pdb	A	250	P06654_A
A	250	G	0.19	P06654	P06654_AF.pdb	A	250	P06654_A
A	250	H	0.88	P06654	P06654_AF.pdb	A	250	P06654_A
A	250	I	-0.22	P06654	P06654_AF.pdb	A	250	P06654_A
A	250	K	-0.44	P06654	P06654_AF.pdb	A	250	P06654_A
A	250	L	0.16	P06654	P06654_AF.pdb	A	250	P06654_A
A	250	M	-0.19	P06654	P06654_AF.pdb	A	250	P06654_A
A	250	N	0.74	P06654	P06654_AF.pdb	A	250	P06654_A
A	250	P	0.54	P06654	P06654_AF.pdb	A	250	P06654_A
A	250	Q	0.42	P06654	P06654_AF.pdb	A	250	P06654_A
A	250	R	-0.22	P06654	P06654_AF.pdb	A	250	P06654_A
A	250	S	0.14	P06654	P06654_AF.pdb	A	250	P06654_A
A	250	T	0.01	P06654	P06654_AF.pdb	A	250	P06654_A
A	250	V	0.16	P06654	P06654_AF.pdb	A	250	P06654_A
A	250	Y	-0.16	P06654	P06654_AF.pdb	A	250	P06654_A
A	252	P	3.4	P06654	P06654_AF.pdb	A	252	P06654_A
A	252	S	2.69	P06654	P06654_AF.pdb	A	252	P06654_A
A	252	V	2.78	P06654	P06654_AF.pdb	A	252	P06654_A
A	260	E	2.94	P06654	P06654_AF.pdb	A	260	P06654_A
A	260	F	2.23	P06654	P06654_AF.pdb	A	260	P06654_A
A	260	G	1.78	P06654	P06654_AF.pdb	A	260	P06654_A
A	260	H	3.96	P06654	P06654_AF.pdb	A	260	P06654_A
A	260	I	1.05	P06654	P06654_AF.pdb	A	260	P06654_A
A	260	K	3.12	P06654	P06654_AF.pdb	A	260	P06654_A
A	260	L	0.16	P06654	P06654_AF.pdb	A	260	P06654_A
A	260	M	0.66	P06654	P06654_AF.pdb	A	260	P06654_A
A	260	N	1.75	P06654	P06654_AF.pdb	A	260	P06654_A
A	260	Q	2.64	P06654	P06654_AF.pdb	A	260	P06654_A
A	260	R	3.97	P06654	P06654_AF.pdb	A	260	P06654_A
A	260	S	0.81	P06654	P06654_AF.pdb	A	260	P06654_A
A	260	T	0.66	P06654	P06654_AF.pdb	A	260	P06654_A
A	260	V	0.22	P06654	P06654_AF.pdb	A	260	P06654_A
A	260	Y	2.34	P06654	P06654_AF.pdb	A	260	P06654_A
A	274	D	-0.03	P06654	P06654_AF.pdb	A	274	P06654_A
A	274	E	-0.04	P06654	P06654_AF.pdb	A	274	P06654_A
A	274	F	0.47	P06654	P06654_AF.pdb	A	274	P06654_A
A	274	G	0.51	P06654	P06654_AF.pdb	A	274	P06654_A
A	274	H	0.5	P06654	P06654_AF.pdb	A	274	P06654_A
A	274	I	0.43	P06654	P06654_AF.pdb	A	274	P06654_A
A	274	K	-0.05	P06654	P06654_AF.pdb	A	274	P06654_A
A	274	L	-0.11	P06654	P06654_AF.pdb	A	274	P06654_A
A	274	M	0.75	P06654	P06654_AF.pdb	A	274	P06654_A
A	274	N	0.3	P06654	P06654_AF.pdb	A	274	P06654_A
A	274	P	0.25	P06654	P06654_AF.pdb	A	274	P06654_A
A	274	Q	-0.17	P06654	P06654_AF.pdb	A	274	P06654_A
A	274	R	0.36	P06654	P06654_AF.pdb	A	274	P06654_A
A	274	S	0.09	P06654	P06654_AF.pdb	A	274	P06654_A
A	274	T	0.28	P06654	P06654_AF.pdb	A	274	P06654_A
A	274	V	0.04	P06654	P06654_AF.pdb	A	274	P06654_A
A	274	Y	-0.05	P06654	P06654_AF.pdb	A	274	P06654_A
D	248	A	1.38	P06654	P06654_AF.pdb	A	248	P06654_A
D	248	E	1.14	P06654	P06654_AF.pdb	A	248	P06654_A
D	248	F	1.48	P06654	P06654_AF.pdb	A	248	P06654_A
D	248	G	1.39	P06654	P06654_AF.pdb	A	248	P06654_A
D	248	H	1.32	P06654	P06654_AF.pdb	A	248	P06654_A
D	248	I	2.75	P06654	P06654_AF.pdb	A	248	P06654_A
D	248	K	1.6	P06654	P06654_AF.pdb	A	248	P06654_A
D	248	L	1.74	P06654	P06654_AF.pdb	A	248	P06654_A
D	248	M	1.99	P06654	P06654_AF.pdb	A	248	P06654_A
D	248	N	0.27	P06654	P06654_AF.pdb	A	248	P06654_A
D	248	P	3.27	P06654	P06654_AF.pdb	A	248	P06654_A
D	248	Q	1.56	P06654	P06654_AF.pdb	A	248	P06654_A
D	248	R	1.9	P06654	P06654_AF.pdb	A	248	P06654_A
D	248	S	-0.39	P06654	P06654_AF.pdb	A	248	P06654_A
D	248	T	0.79	P06654	P06654_AF.pdb	A	248	P06654_A
D	248	V	1.7	P06654	P06654_AF.pdb	A	248	P06654_A
D	248	Y	1.58	P06654	P06654_AF.pdb	A	248	P06654_A
D	262	A	0.01	P06654	P06654_AF.pdb	A	262	P06654_A
D	262	E	-0.76	P06654	P06654_AF.pdb	A	262	P06654_A
D	262	F	0.6	P06654	P06654_AF.pdb	A	262	P06654_A
D	262	G	1.49	P06654	P06654_AF.pdb	A	262	P06654_A
D	262	H	0.55	P06654	P06654_AF.pdb	A	262	P06654_A
D	262	I	0.11	P06654	P06654_AF.pdb	A	262	P06654_A
D	262	K	0.26	P06654	P06654_AF.pdb	A	262	P06654_A
D	262	L	0.13	P06654	P06654_AF.pdb	A	262	P06654_A
D	262	M	-0.18	P06654	P06654_AF.pdb	A	262	P06654_A
D	262	N	-0.14	P06654	P06654_AF.pdb	A	262	P06654_A
D	262	P	3.06	P06654	P06654_AF.pdb	A	262	P06654_A
D	262	Q	-0.01	P06654	P06654_AF.pdb	A	262	P06654_A
D	262	R	0.03	P06654	P06654_AF.pdb	A	262	P06654_A
D	262	S	-0.14	P06654	P06654_AF.pdb	A	262	P06654_A
D	262	T	0.63	P06654	P06654_AF.pdb	A	262	P06654_A
D	262	V	0.0	P06654	P06654_AF.pdb	A	262	P06654_A
D	262	Y	-0.19	P06654	P06654_AF.pdb	A	262	P06654_A
D	266	A	0.31	P06654	P06654_AF.pdb	A	266	P06654_A
D	266	E	-0.02	P06654	P06654_AF.pdb	A	266	P06654_A
D	266	F	-0.11	P06654	P06654_AF.pdb	A	266	P06654_A
D	266	G	0.55	P06654	P06654_AF.pdb	A	266	P06654_A
D	266	I	-0.08	P06654	P06654_AF.pdb	A	266	P06654_A
D	266	K	-0.09	P06654	P06654_AF.pdb	A	266	P06654_A
D	266	L	0.33	P06654	P06654_AF.pdb	A	266	P06654_A
D	266	M	-0.11	P06654	P06654_AF.pdb	A	266	P06654_A
D	266	N	-0.26	P06654	P06654_AF.pdb	A	266	P06654_A
D	266	P	2.15	P06654	P06654_AF.pdb	A	266	P06654_A
D	266	Q	-0.28	P06654	P06654_AF.pdb	A	266	P06654_A
D	266	R	-0.07	P06654	P06654_AF.pdb	A	266	P06654_A
D	266	S	-0.12	P06654	P06654_AF.pdb	A	266	P06654_A
D	266	T	-0.19	P06654	P06654_AF.pdb	A	266	P06654_A
D	266	V	-0.15	P06654	P06654_AF.pdb	A	266	P06654_A
D	266	Y	-0.19	P06654	P06654_AF.pdb	A	266	P06654_A
D	272	A	1.83	P06654	P06654_AF.pdb	A	272	P06654_A
D	272	E	0.39	P06654	P06654_AF.pdb	A	272	P06654_A
D	272	F	0.85	P06654	P06654_AF.pdb	A	272	P06654_A
D	272	G	3.02	P06654	P06654_AF.pdb	A	272	P06654_A
D	272	H	1.23	P06654	P06654_AF.pdb	A	272	P06654_A
D	272	I	0.92	P06654	P06654_AF.pdb	A	272	P06654_A
D	272	K	0.9	P06654	P06654_AF.pdb	A	272	P06654_A
D	272	L	0.78	P06654	P06654_AF.pdb	A	272	P06654_A
D	272	M	1.11	P06654	P06654_AF.pdb	A	272	P06654_A
D	272	N	-0.05	P06654	P06654_AF.pdb	A	272	P06654_A
D	272	Q	0.68	P06654	P06654_AF.pdb	A	272	P06654_A
D	272	R	2.3	P06654	P06654_AF.pdb	A	272	P06654_A
D	272	S	0.52	P06654	P06654_AF.pdb	A	272	P06654_A
D	272	T	1.17	P06654	P06654_AF.pdb	A	272	P06654_A
D	272	V	0.85	P06654	P06654_AF.pdb	A	272	P06654_A
D	272	Y	1.97	P06654	P06654_AF.pdb	A	272	P06654_A
D	273	E	-0.17	P06654	P06654_AF.pdb	A	273	P06654_A
D	273	F	-0.2	P06654	P06654_AF.pdb	A	273	P06654_A
D	273	G	0.14	P06654	P06654_AF.pdb	A	273	P06654_A
D	273	H	0.64	P06654	P06654_AF.pdb	A	273	P06654_A
D	273	I	-0.51	P06654	P06654_AF.pdb	A	273	P06654_A
D	273	K	0.2	P06654	P06654_AF.pdb	A	273	P06654_A
D	273	L	0.81	P06654	P06654_AF.pdb	A	273	P06654_A
D	273	M	1.39	P06654	P06654_AF.pdb	A	273	P06654_A
D	273	N	0.05	P06654	P06654_AF.pdb	A	273	P06654_A
D	273	P	-0.24	P06654	P06654_AF.pdb	A	273	P06654_A
D	273	Q	-0.16	P06654	P06654_AF.pdb	A	273	P06654_A
D	273	R	0.3	P06654	P06654_AF.pdb	A	273	P06654_A
D	273	S	0.02	P06654	P06654_AF.pdb	A	273	P06654_A
D	273	T	0.51	P06654	P06654_AF.pdb	A	273	P06654_A
D	273	V	0.52	P06654	P06654_AF.pdb	A	273	P06654_A
D	273	Y	0.08	P06654	P06654_AF.pdb	A	273	P06654_A
E	241	A	-0.19	P06654	P06654_AF.pdb	A	241	P06654_A
E	241	D	0.52	P06654	P06654_AF.pdb	A	241	P06654_A
E	241	F	0.01	P06654	P06654_AF.pdb	A	241	P06654_A
E	241	G	0.63	P06654	P06654_AF.pdb	A	241	P06654_A
E	241	H	0.72	P06654	P06654_AF.pdb	A	241	P06654_A
E	241	I	-0.12	P06654	P06654_AF.pdb	A	241	P06654_A
E	241	K	0.24	P06654	P06654_AF.pdb	A	241	P06654_A
E	241	L	0.31	P06654	P06654_AF.pdb	A	241	P06654_A
E	241	M	-0.4	P06654	P06654_AF.pdb	A	241	P06654_A
E	241	N	0.15	P06654	P06654_AF.pdb	A	241	P06654_A
E	241	P	2.49	P06654	P06654_AF.pdb	A	241	P06654_A
E	241	Q	-0.62	P06654	P06654_AF.pdb	A	241	P06654_A
E	241	R	0.09	P06654	P06654_AF.pdb	A	241	P06654_A
E	241	S	0.36	P06654	P06654_AF.pdb	A	241	P06654_A
E	241	T	0.62	P06654	P06654_AF.pdb	A	241	P06654_A
E	241	V	-0.58	P06654	P06654_AF.pdb	A	241	P06654_A
E	241	Y	-0.17	P06654	P06654_AF.pdb	A	241	P06654_A
E	245	A	0.22	P06654	P06654_AF.pdb	A	245	P06654_A
E	245	D	0.17	P06654	P06654_AF.pdb	A	245	P06654_A
E	245	F	-0.33	P06654	P06654_AF.pdb	A	245	P06654_A
E	245	G	1.94	P06654	P06654_AF.pdb	A	245	P06654_A
E	245	H	0.42	P06654	P06654_AF.pdb	A	245	P06654_A
E	245	I	-0.45	P06654	P06654_AF.pdb	A	245	P06654_A
E	245	K	-0.05	P06654	P06654_AF.pdb	A	245	P06654_A
E	245	L	0.1	P06654	P06654_AF.pdb	A	245	P06654_A
E	245	M	0.3	P06654	P06654_AF.pdb	A	245	P06654_A
E	245	N	-0.23	P06654	P06654_AF.pdb	A	245	P06654_A
E	245	P	1.1	P06654	P06654_AF.pdb	A	245	P06654_A
E	245	Q	-0.07	P06654	P06654_AF.pdb	A	245	P06654_A
E	245	R	-0.38	P06654	P06654_AF.pdb	A	245	P06654_A
E	245	S	0.3	P06654	P06654_AF.pdb	A	245	P06654_A
E	245	T	-0.27	P06654	P06654_AF.pdb	A	245	P06654_A
E	245	V	0.92	P06654	P06654_AF.pdb	A	245	P06654_A
E	245	Y	-0.26	P06654	P06654_AF.pdb	A	245	P06654_A
E	253	A	-0.15	P06654	P06654_AF.pdb	A	253	P06654_A
E	253	D	0.92	P06654	P06654_AF.pdb	A	253	P06654_A
E	253	G	0.28	P06654	P06654_AF.pdb	A	253	P06654_A
E	253	I	0.27	P06654	P06654_AF.pdb	A	253	P06654_A
E	253	K	-0.54	P06654	P06654_AF.pdb	A	253	P06654_A
E	253	L	-1.47	P06654	P06654_AF.pdb	A	253	P06654_A
E	253	M	-0.68	P06654	P06654_AF.pdb	A	253	P06654_A
E	253	N	2.4	P06654	P06654_AF.pdb	A	253	P06654_A
E	253	Q	-0.1	P06654	P06654_AF.pdb	A	253	P06654_A
E	253	R	-0.06	P06654	P06654_AF.pdb	A	253	P06654_A
E	253	S	0.73	P06654	P06654_AF.pdb	A	253	P06654_A
E	253	T	1.25	P06654	P06654_AF.pdb	A	253	P06654_A
E	253	V	1.38	P06654	P06654_AF.pdb	A	253	P06654_A
E	253	Y	0.28	P06654	P06654_AF.pdb	A	253	P06654_A
E	268	A	-0.51	P06654	P06654_AF.pdb	A	268	P06654_A
E	268	D	-0.28	P06654	P06654_AF.pdb	A	268	P06654_A
E	268	F	-0.16	P06654	P06654_AF.pdb	A	268	P06654_A
E	268	G	1.32	P06654	P06654_AF.pdb	A	268	P06654_A
E	268	H	0.5	P06654	P06654_AF.pdb	A	268	P06654_A
E	268	I	-0.89	P06654	P06654_AF.pdb	A	268	P06654_A
E	268	K	-0.2	P06654	P06654_AF.pdb	A	268	P06654_A
E	268	L	-0.21	P06654	P06654_AF.pdb	A	268	P06654_A
E	268	M	-0.05	P06654	P06654_AF.pdb	A	268	P06654_A
E	268	N	0.21	P06654	P06654_AF.pdb	A	268	P06654_A
E	268	P	1.58	P06654	P06654_AF.pdb	A	268	P06654_A
E	268	Q	-0.36	P06654	P06654_AF.pdb	A	268	P06654_A
E	268	R	-0.15	P06654	P06654_AF.pdb	A	268	P06654_A
E	268	S	0.46	P06654	P06654_AF.pdb	A	268	P06654_A
E	268	T	0.5	P06654	P06654_AF.pdb	A	268	P06654_A
E	268	V	0.42	P06654	P06654_AF.pdb	A	268	P06654_A
E	268	Y	-0.24	P06654	P06654_AF.pdb	A	268	P06654_A
E	282	A	0.65	P06654	P06654_AF.pdb	A	282	P06654_A
E	282	D	0.41	P06654	P06654_AF.pdb	A	282	P06654_A
E	282	F	-0.47	P06654	P06654_AF.pdb	A	282	P06654_A
E	282	G	0.78	P06654	P06654_AF.pdb	A	282	P06654_A
E	282	H	1.59	P06654	P06654_AF.pdb	A	282	P06654_A
E	282	I	0.4	P06654	P06654_AF.pdb	A	282	P06654_A
E	282	K	1.42	P06654	P06654_AF.pdb	A	282	P06654_A
E	282	L	0.58	P06654	P06654_AF.pdb	A	282	P06654_A
E	282	M	0.8	P06654	P06654_AF.pdb	A	282	P06654_A
E	282	N	0.24	P06654	P06654_AF.pdb	A	282	P06654_A
E	282	P	1.08	P06654	P06654_AF.pdb	A	282	P06654_A
E	282	Q	0.18	P06654	P06654_AF.pdb	A	282	P06654_A
E	282	R	1.71	P06654	P06654_AF.pdb	A	282	P06654_A
E	282	S	0.66	P06654	P06654_AF.pdb	A	282	P06654_A
E	282	T	0.67	P06654	P06654_AF.pdb	A	282	P06654_A
E	282	V	0.71	P06654	P06654_AF.pdb	A	282	P06654_A
E	282	Y	-0.28	P06654	P06654_AF.pdb	A	282	P06654_A
F	256	A	3.33	P06654	P06654_AF.pdb	A	256	P06654_A
F	256	D	0.92	P06654	P06654_AF.pdb	A	256	P06654_A
F	256	L	0.8	P06654	P06654_AF.pdb	A	256	P06654_A
F	256	M	1.84	P06654	P06654_AF.pdb	A	256	P06654_A
F	256	R	0.56	P06654	P06654_AF.pdb	A	256	P06654_A
F	256	V	2.77	P06654	P06654_AF.pdb	A	256	P06654_A
F	256	Y	-0.28	P06654	P06654_AF.pdb	A	256	P06654_A
F	278	H	2.95	P06654	P06654_AF.pdb	A	278	P06654_A
F	278	I	0.55	P06654	P06654_AF.pdb	A	278	P06654_A
F	278	L	2.78	P06654	P06654_AF.pdb	A	278	P06654_A
F	278	M	3.09	P06654	P06654_AF.pdb	A	278	P06654_A
F	278	P	2.16	P06654	P06654_AF.pdb	A	278	P06654_A
F	278	V	3.29	P06654	P06654_AF.pdb	A	278	P06654_A
F	278	Y	0.67	P06654	P06654_AF.pdb	A	278	P06654_A
G	235	A	0.62	P06654	P06654_AF.pdb	A	235	P06654_A
G	235	D	3.01	P06654	P06654_AF.pdb	A	235	P06654_A
G	235	E	2.38	P06654	P06654_AF.pdb	A	235	P06654_A
G	235	F	0.38	P06654	P06654_AF.pdb	A	235	P06654_A
G	235	H	1.56	P06654	P06654_AF.pdb	A	235	P06654_A
G	235	I	0.98	P06654	P06654_AF.pdb	A	235	P06654_A
G	235	K	1.53	P06654	P06654_AF.pdb	A	235	P06654_A
G	235	L	0.12	P06654	P06654_AF.pdb	A	235	P06654_A
G	235	M	1.03	P06654	P06654_AF.pdb	A	235	P06654_A
G	235	N	1.64	P06654	P06654_AF.pdb	A	235	P06654_A
G	235	P	2.88	P06654	P06654_AF.pdb	A	235	P06654_A
G	235	Q	1.38	P06654	P06654_AF.pdb	A	235	P06654_A
G	235	R	1.22	P06654	P06654_AF.pdb	A	235	P06654_A
G	235	S	0.33	P06654	P06654_AF.pdb	A	235	P06654_A
G	235	T	0.3	P06654	P06654_AF.pdb	A	235	P06654_A
G	235	V	0.79	P06654	P06654_AF.pdb	A	235	P06654_A
G	235	Y	0.88	P06654	P06654_AF.pdb	A	235	P06654_A
G	240	A	-0.14	P06654	P06654_AF.pdb	A	240	P06654_A
G	240	D	0.39	P06654	P06654_AF.pdb	A	240	P06654_A
G	240	E	-0.11	P06654	P06654_AF.pdb	A	240	P06654_A
G	240	F	-0.17	P06654	P06654_AF.pdb	A	240	P06654_A
G	240	H	0.28	P06654	P06654_AF.pdb	A	240	P06654_A
G	240	I	-0.27	P06654	P06654_AF.pdb	A	240	P06654_A
G	240	K	-0.41	P06654	P06654_AF.pdb	A	240	P06654_A
G	240	L	-0.78	P06654	P06654_AF.pdb	A	240	P06654_A
G	240	M	-0.62	P06654	P06654_AF.pdb	A	240	P06654_A
G	240	N	0.37	P06654	P06654_AF.pdb	A	240	P06654_A
G	240	P	1.34	P06654	P06654_AF.pdb	A	240	P06654_A
G	240	Q	-0.14	P06654	P06654_AF.pdb	A	240	P06654_A
G	240	R	-0.57	P06654	P06654_AF.pdb	A	240	P06654_A
G	240	S	-0.13	P06654	P06654_AF.pdb	A	240	P06654_A
G	240	T	0.19	P06654	P06654_AF.pdb	A	240	P06654_A
G	240	V	0.02	P06654	P06654_AF.pdb	A	240	P06654_A
G	240	Y	0.29	P06654	P06654_AF.pdb	A	240	P06654_A
G	264	A	0.55	P06654	P06654_AF.pdb	A	264	P06654_A
G	264	D	0.32	P06654	P06654_AF.pdb	A	264	P06654_A
G	264	E	0.47	P06654	P06654_AF.pdb	A	264	P06654_A
G	264	F	0.55	P06654	P06654_AF.pdb	A	264	P06654_A
G	264	H	-0.24	P06654	P06654_AF.pdb	A	264	P06654_A
G	264	I	1.78	P06654	P06654_AF.pdb	A	264	P06654_A
G	264	K	-0.04	P06654	P06654_AF.pdb	A	264	P06654_A
G	264	L	0.2	P06654	P06654_AF.pdb	A	264	P06654_A
G	264	M	0.76	P06654	P06654_AF.pdb	A	264	P06654_A
G	264	N	0.06	P06654	P06654_AF.pdb	A	264	P06654_A
G	264	P	3.1	P06654	P06654_AF.pdb	A	264	P06654_A
G	264	Q	0.08	P06654	P06654_AF.pdb	A	264	P06654_A
G	264	R	0.8	P06654	P06654_AF.pdb	A	264	P06654_A
G	264	S	0.46	P06654	P06654_AF.pdb	A	264	P06654_A
G	264	T	1.21	P06654	P06654_AF.pdb	A	264	P06654_A
G	264	V	1.54	P06654	P06654_AF.pdb	A	264	P06654_A
G	264	Y	0.83	P06654	P06654_AF.pdb	A	264	P06654_A
G	267	A	-0.09	P06654	P06654_AF.pdb	A	267	P06654_A
G	267	F	2.79	P06654	P06654_AF.pdb	A	267	P06654_A
G	267	I	-0.22	P06654	P06654_AF.pdb	A	267	P06654_A
G	267	K	2.67	P06654	P06654_AF.pdb	A	267	P06654_A
G	267	M	0.26	P06654	P06654_AF.pdb	A	267	P06654_A
G	267	R	0.0	P06654	P06654_AF.pdb	A	267	P06654_A
G	267	Y	2.9	P06654	P06654_AF.pdb	A	267	P06654_A
I	232	A	1.44	P06654	P06654_AF.pdb	A	232	P06654_A
I	232	D	2.32	P06654	P06654_AF.pdb	A	232	P06654_A
I	232	E	1.39	P06654	P06654_AF.pdb	A	232	P06654_A
I	232	F	0.43	P06654	P06654_AF.pdb	A	232	P06654_A
I	232	G	3.44	P06654	P06654_AF.pdb	A	232	P06654_A
I	232	H	1.52	P06654	P06654_AF.pdb	A	232	P06654_A
I	232	K	0.8	P06654	P06654_AF.pdb	A	232	P06654_A
I	232	L	0.48	P06654	P06654_AF.pdb	A	232	P06654_A
I	232	M	0.76	P06654	P06654_AF.pdb	A	232	P06654_A
I	232	N	1.07	P06654	P06654_AF.pdb	A	232	P06654_A
I	232	Q	0.87	P06654	P06654_AF.pdb	A	232	P06654_A
I	232	R	1.04	P06654	P06654_AF.pdb	A	232	P06654_A
I	232	S	1.7	P06654	P06654_AF.pdb	A	232	P06654_A
I	232	T	1.12	P06654	P06654_AF.pdb	A	232	P06654_A
I	232	V	-0.24	P06654	P06654_AF.pdb	A	232	P06654_A
I	232	Y	0.54	P06654	P06654_AF.pdb	A	232	P06654_A
K	230	A	0.7	P06654	P06654_AF.pdb	A	230	P06654_A
K	230	D	2.51	P06654	P06654_AF.pdb	A	230	P06654_A
K	230	E	1.84	P06654	P06654_AF.pdb	A	230	P06654_A
K	230	F	-0.55	P06654	P06654_AF.pdb	A	230	P06654_A
K	230	G	1.68	P06654	P06654_AF.pdb	A	230	P06654_A
K	230	H	-0.22	P06654	P06654_AF.pdb	A	230	P06654_A
K	230	I	-0.65	P06654	P06654_AF.pdb	A	230	P06654_A
K	230	L	0.89	P06654	P06654_AF.pdb	A	230	P06654_A
K	230	M	-0.22	P06654	P06654_AF.pdb	A	230	P06654_A
K	230	N	0.59	P06654	P06654_AF.pdb	A	230	P06654_A
K	230	Q	0.56	P06654	P06654_AF.pdb	A	230	P06654_A
K	230	R	-0.31	P06654	P06654_AF.pdb	A	230	P06654_A
K	230	S	0.2	P06654	P06654_AF.pdb	A	230	P06654_A
K	230	T	0.35	P06654	P06654_AF.pdb	A	230	P06654_A
K	230	V	0.75	P06654	P06654_AF.pdb	A	230	P06654_A
K	230	Y	-0.17	P06654	P06654_AF.pdb	A	230	P06654_A
K	236	A	0.12	P06654	P06654_AF.pdb	A	236	P06654_A
K	236	D	0.93	P06654	P06654_AF.pdb	A	236	P06654_A
K	236	E	-0.24	P06654	P06654_AF.pdb	A	236	P06654_A
K	236	F	0.2	P06654	P06654_AF.pdb	A	236	P06654_A
K	236	G	0.71	P06654	P06654_AF.pdb	A	236	P06654_A
K	236	H	0.23	P06654	P06654_AF.pdb	A	236	P06654_A
K	236	I	-0.05	P06654	P06654_AF.pdb	A	236	P06654_A
K	236	L	-0.29	P06654	P06654_AF.pdb	A	236	P06654_A
K	236	M	0.06	P06654	P06654_AF.pdb	A	236	P06654_A
K	236	N	0.28	P06654	P06654_AF.pdb	A	236	P06654_A
K	236	P	0.56	P06654	P06654_AF.pdb	A	236	P06654_A
K	236	Q	0.3	P06654	P06654_AF.pdb	A	236	P06654_A
K	236	R	-0.31	P06654	P06654_AF.pdb	A	236	P06654_A
K	236	S	0.54	P06654	P06654_AF.pdb	A	236	P06654_A
K	236	T	0.12	P06654	P06654_AF.pdb	A	236	P06654_A
K	236	V	-0.01	P06654	P06654_AF.pdb	A	236	P06654_A
K	236	Y	-0.15	P06654	P06654_AF.pdb	A	236	P06654_A
K	239	A	0.02	P06654	P06654_AF.pdb	A	239	P06654_A
K	239	D	0.89	P06654	P06654_AF.pdb	A	239	P06654_A
K	239	E	0.41	P06654	P06654_AF.pdb	A	239	P06654_A
K	239	F	-0.27	P06654	P06654_AF.pdb	A	239	P06654_A
K	239	G	0.74	P06654	P06654_AF.pdb	A	239	P06654_A
K	239	H	-0.02	P06654	P06654_AF.pdb	A	239	P06654_A
K	239	I	0.24	P06654	P06654_AF.pdb	A	239	P06654_A
K	239	L	0.5	P06654	P06654_AF.pdb	A	239	P06654_A
K	239	M	-0.03	P06654	P06654_AF.pdb	A	239	P06654_A
K	239	N	0.44	P06654	P06654_AF.pdb	A	239	P06654_A
K	239	P	1.36	P06654	P06654_AF.pdb	A	239	P06654_A
K	239	Q	-0.76	P06654	P06654_AF.pdb	A	239	P06654_A
K	239	R	0.12	P06654	P06654_AF.pdb	A	239	P06654_A
K	239	S	-0.23	P06654	P06654_AF.pdb	A	239	P06654_A
K	239	T	0.18	P06654	P06654_AF.pdb	A	239	P06654_A
K	239	V	-0.2	P06654	P06654_AF.pdb	A	239	P06654_A
K	239	Y	-0.23	P06654	P06654_AF.pdb	A	239	P06654_A
K	254	A	-0.21	P06654	P06654_AF.pdb	A	254	P06654_A
K	254	D	0.29	P06654	P06654_AF.pdb	A	254	P06654_A
K	254	E	-0.12	P06654	P06654_AF.pdb	A	254	P06654_A
K	254	F	0.12	P06654	P06654_AF.pdb	A	254	P06654_A
K	254	G	0.36	P06654	P06654_AF.pdb	A	254	P06654_A
K	254	H	0.36	P06654	P06654_AF.pdb	A	254	P06654_A
K	254	I	-0.4	P06654	P06654_AF.pdb	A	254	P06654_A
K	254	L	0.17	P06654	P06654_AF.pdb	A	254	P06654_A
K	254	M	-0.24	P06654	P06654_AF.pdb	A	254	P06654_A
K	254	N	-0.13	P06654	P06654_AF.pdb	A	254	P06654_A
K	254	P	1.43	P06654	P06654_AF.pdb	A	254	P06654_A
K	254	Q	-0.19	P06654	P06654_AF.pdb	A	254	P06654_A
K	254	R	-0.6	P06654	P06654_AF.pdb	A	254	P06654_A
K	254	S	0.01	P06654	P06654_AF.pdb	A	254	P06654_A
K	254	T	0.11	P06654	P06654_AF.pdb	A	254	P06654_A
K	254	V	0.11	P06654	P06654_AF.pdb	A	254	P06654_A
K	254	Y	0.13	P06654	P06654_AF.pdb	A	254	P06654_A
K	257	A	0.8	P06654	P06654_AF.pdb	A	257	P06654_A
K	257	E	1.3	P06654	P06654_AF.pdb	A	257	P06654_A
K	257	F	0.64	P06654	P06654_AF.pdb	A	257	P06654_A
K	257	G	1.52	P06654	P06654_AF.pdb	A	257	P06654_A
K	257	I	0.26	P06654	P06654_AF.pdb	A	257	P06654_A
K	257	L	0.29	P06654	P06654_AF.pdb	A	257	P06654_A
K	257	M	-0.1	P06654	P06654_AF.pdb	A	257	P06654_A
K	257	N	0.96	P06654	P06654_AF.pdb	A	257	P06654_A
K	257	Q	-0.09	P06654	P06654_AF.pdb	A	257	P06654_A
K	257	S	1.12	P06654	P06654_AF.pdb	A	257	P06654_A
K	257	T	0.77	P06654	P06654_AF.pdb	A	257	P06654_A
K	257	V	0.12	P06654	P06654_AF.pdb	A	257	P06654_A
K	257	Y	0.94	P06654	P06654_AF.pdb	A	257	P06654_A
K	276	A	0.5	P06654	P06654_AF.pdb	A	276	P06654_A
K	276	D	1.62	P06654	P06654_AF.pdb	A	276	P06654_A
K	276	E	1.44	P06654	P06654_AF.pdb	A	276	P06654_A
K	276	F	0.0	P06654	P06654_AF.pdb	A	276	P06654_A
K	276	G	0.72	P06654	P06654_AF.pdb	A	276	P06654_A
K	276	H	-0.38	P06654	P06654_AF.pdb	A	276	P06654_A
K	276	I	1.83	P06654	P06654_AF.pdb	A	276	P06654_A
K	276	L	-0.18	P06654	P06654_AF.pdb	A	276	P06654_A
K	276	M	0.65	P06654	P06654_AF.pdb	A	276	P06654_A
K	276	N	0.16	P06654	P06654_AF.pdb	A	276	P06654_A
K	276	Q	-1.02	P06654	P06654_AF.pdb	A	276	P06654_A
K	276	R	-0.34	P06654	P06654_AF.pdb	A	276	P06654_A
K	276	S	0.58	P06654	P06654_AF.pdb	A	276	P06654_A
K	276	T	1.5	P06654	P06654_AF.pdb	A	276	P06654_A
K	276	V	1.7	P06654	P06654_AF.pdb	A	276	P06654_A
K	276	Y	-0.13	P06654	P06654_AF.pdb	A	276	P06654_A
L	231	A	2.27	P06654	P06654_AF.pdb	A	231	P06654_A
L	231	F	0.77	P06654	P06654_AF.pdb	A	231	P06654_A
L	231	I	1.62	P06654	P06654_AF.pdb	A	231	P06654_A
L	231	M	0.9	P06654	P06654_AF.pdb	A	231	P06654_A
L	231	P	2.29	P06654	P06654_AF.pdb	A	231	P06654_A
L	231	R	-0.36	P06654	P06654_AF.pdb	A	231	P06654_A
L	231	V	1.49	P06654	P06654_AF.pdb	A	231	P06654_A
L	231	Y	3.14	P06654	P06654_AF.pdb	A	231	P06654_A
L	233	A	1.71	P06654	P06654_AF.pdb	A	233	P06654_A
L	233	D	3.5	P06654	P06654_AF.pdb	A	233	P06654_A
L	233	E	3.18	P06654	P06654_AF.pdb	A	233	P06654_A
L	233	F	0.11	P06654	P06654_AF.pdb	A	233	P06654_A
L	233	H	1.85	P06654	P06654_AF.pdb	A	233	P06654_A
L	233	I	-0.41	P06654	P06654_AF.pdb	A	233	P06654_A
L	233	K	3.1	P06654	P06654_AF.pdb	A	233	P06654_A
L	233	M	-0.23	P06654	P06654_AF.pdb	A	233	P06654_A
L	233	P	3.23	P06654	P06654_AF.pdb	A	233	P06654_A
L	233	Q	1.78	P06654	P06654_AF.pdb	A	233	P06654_A
L	233	R	2.35	P06654	P06654_AF.pdb	A	233	P06654_A
L	233	S	2.17	P06654	P06654_AF.pdb	A	233	P06654_A
L	233	T	1.47	P06654	P06654_AF.pdb	A	233	P06654_A
L	233	V	0.45	P06654	P06654_AF.pdb	A	233	P06654_A
L	233	Y	0.45	P06654	P06654_AF.pdb	A	233	P06654_A
L	238	A	0.65	P06654	P06654_AF.pdb	A	238	P06654_A
L	238	D	1.07	P06654	P06654_AF.pdb	A	238	P06654_A
L	238	E	0.69	P06654	P06654_AF.pdb	A	238	P06654_A
L	238	F	-0.69	P06654	P06654_AF.pdb	A	238	P06654_A
L	238	G	0.65	P06654	P06654_AF.pdb	A	238	P06654_A
L	238	H	0.06	P06654	P06654_AF.pdb	A	238	P06654_A
L	238	I	-0.71	P06654	P06654_AF.pdb	A	238	P06654_A
L	238	K	-0.34	P06654	P06654_AF.pdb	A	238	P06654_A
L	238	M	0.07	P06654	P06654_AF.pdb	A	238	P06654_A
L	238	N	0.23	P06654	P06654_AF.pdb	A	238	P06654_A
L	238	P	1.58	P06654	P06654_AF.pdb	A	238	P06654_A
L	238	Q	0.23	P06654	P06654_AF.pdb	A	238	P06654_A
L	238	R	0.12	P06654	P06654_AF.pdb	A	238	P06654_A
L	238	S	0.42	P06654	P06654_AF.pdb	A	238	P06654_A
L	238	T	-0.19	P06654	P06654_AF.pdb	A	238	P06654_A
L	238	V	-0.23	P06654	P06654_AF.pdb	A	238	P06654_A
L	238	Y	-1.41	P06654	P06654_AF.pdb	A	238	P06654_A
N	234	A	0.63	P06654	P06654_AF.pdb	A	234	P06654_A
N	234	D	0.22	P06654	P06654_AF.pdb	A	234	P06654_A
N	234	E	0.42	P06654	P06654_AF.pdb	A	234	P06654_A
N	234	F	0.03	P06654	P06654_AF.pdb	A	234	P06654_A
N	234	G	1.17	P06654	P06654_AF.pdb	A	234	P06654_A
N	234	H	0.04	P06654	P06654_AF.pdb	A	234	P06654_A
N	234	I	-0.17	P06654	P06654_AF.pdb	A	234	P06654_A
N	234	K	-0.12	P06654	P06654_AF.pdb	A	234	P06654_A
N	234	L	-0.65	P06654	P06654_AF.pdb	A	234	P06654_A
N	234	M	-0.12	P06654	P06654_AF.pdb	A	234	P06654_A
N	234	P	1.79	P06654	P06654_AF.pdb	A	234	P06654_A
N	234	Q	0.04	P06654	P06654_AF.pdb	A	234	P06654_A
N	234	R	-0.31	P06654	P06654_AF.pdb	A	234	P06654_A
N	234	S	0.36	P06654	P06654_AF.pdb	A	234	P06654_A
N	234	T	1.0	P06654	P06654_AF.pdb	A	234	P06654_A
N	234	V	0.32	P06654	P06654_AF.pdb	A	234	P06654_A
N	234	Y	0.23	P06654	P06654_AF.pdb	A	234	P06654_A
N	261	A	-0.02	P06654	P06654_AF.pdb	A	261	P06654_A
N	261	D	0.35	P06654	P06654_AF.pdb	A	261	P06654_A
N	261	E	-0.24	P06654	P06654_AF.pdb	A	261	P06654_A
N	261	F	-0.52	P06654	P06654_AF.pdb	A	261	P06654_A
N	261	G	0.25	P06654	P06654_AF.pdb	A	261	P06654_A
N	261	H	0.53	P06654	P06654_AF.pdb	A	261	P06654_A
N	261	I	-0.17	P06654	P06654_AF.pdb	A	261	P06654_A
N	261	K	-0.55	P06654	P06654_AF.pdb	A	261	P06654_A
N	261	L	-0.28	P06654	P06654_AF.pdb	A	261	P06654_A
N	261	M	0.55	P06654	P06654_AF.pdb	A	261	P06654_A
N	261	Q	-0.38	P06654	P06654_AF.pdb	A	261	P06654_A
N	261	R	0.25	P06654	P06654_AF.pdb	A	261	P06654_A
N	261	S	-0.37	P06654	P06654_AF.pdb	A	261	P06654_A
N	261	T	-0.14	P06654	P06654_AF.pdb	A	261	P06654_A
N	261	V	0.0	P06654	P06654_AF.pdb	A	261	P06654_A
N	261	Y	-0.42	P06654	P06654_AF.pdb	A	261	P06654_A
N	263	A	0.1	P06654	P06654_AF.pdb	A	263	P06654_A
N	263	D	1.44	P06654	P06654_AF.pdb	A	263	P06654_A
N	263	E	0.48	P06654	P06654_AF.pdb	A	263	P06654_A
N	263	F	-0.57	P06654	P06654_AF.pdb	A	263	P06654_A
N	263	G	1.31	P06654	P06654_AF.pdb	A	263	P06654_A
N	263	H	-0.1	P06654	P06654_AF.pdb	A	263	P06654_A
N	263	I	0.08	P06654	P06654_AF.pdb	A	263	P06654_A
N	263	K	-0.65	P06654	P06654_AF.pdb	A	263	P06654_A
N	263	L	-0.34	P06654	P06654_AF.pdb	A	263	P06654_A
N	263	M	0.55	P06654	P06654_AF.pdb	A	263	P06654_A
N	263	P	4.49	P06654	P06654_AF.pdb	A	263	P06654_A
N	263	Q	-0.57	P06654	P06654_AF.pdb	A	263	P06654_A
N	263	R	0.17	P06654	P06654_AF.pdb	A	263	P06654_A
N	263	S	0.13	P06654	P06654_AF.pdb	A	263	P06654_A
N	263	T	0.18	P06654	P06654_AF.pdb	A	263	P06654_A
N	263	V	0.16	P06654	P06654_AF.pdb	A	263	P06654_A
N	263	Y	-0.35	P06654	P06654_AF.pdb	A	263	P06654_A
Q	258	A	0.27	P06654	P06654_AF.pdb	A	258	P06654_A
Q	258	D	0.38	P06654	P06654_AF.pdb	A	258	P06654_A
Q	258	E	0.06	P06654	P06654_AF.pdb	A	258	P06654_A
Q	258	F	0.93	P06654	P06654_AF.pdb	A	258	P06654_A
Q	258	G	0.82	P06654	P06654_AF.pdb	A	258	P06654_A
Q	258	H	0.59	P06654	P06654_AF.pdb	A	258	P06654_A
Q	258	I	0.31	P06654	P06654_AF.pdb	A	258	P06654_A
Q	258	K	-0.17	P06654	P06654_AF.pdb	A	258	P06654_A
Q	258	L	0.29	P06654	P06654_AF.pdb	A	258	P06654_A
Q	258	M	-0.35	P06654	P06654_AF.pdb	A	258	P06654_A
Q	258	N	0.49	P06654	P06654_AF.pdb	A	258	P06654_A
Q	258	P	-0.24	P06654	P06654_AF.pdb	A	258	P06654_A
Q	258	R	0.04	P06654	P06654_AF.pdb	A	258	P06654_A
Q	258	S	0.11	P06654	P06654_AF.pdb	A	258	P06654_A
Q	258	T	-0.11	P06654	P06654_AF.pdb	A	258	P06654_A
Q	258	V	0.5	P06654	P06654_AF.pdb	A	258	P06654_A
Q	258	Y	0.63	P06654	P06654_AF.pdb	A	258	P06654_A
T	228	A	0.87	P06654	P06654_AF.pdb	A	228	P06654_A
T	228	D	0.87	P06654	P06654_AF.pdb	A	228	P06654_A
T	228	E	0.28	P06654	P06654_AF.pdb	A	228	P06654_A
T	228	F	0.06	P06654	P06654_AF.pdb	A	228	P06654_A
T	228	G	1.0	P06654	P06654_AF.pdb	A	228	P06654_A
T	228	H	0.55	P06654	P06654_AF.pdb	A	228	P06654_A
T	228	I	-0.59	P06654	P06654_AF.pdb	A	228	P06654_A
T	228	K	0.0	P06654	P06654_AF.pdb	A	228	P06654_A
T	228	L	-0.07	P06654	P06654_AF.pdb	A	228	P06654_A
T	228	M	-0.9	P06654	P06654_AF.pdb	A	228	P06654_A
T	228	N	0.52	P06654	P06654_AF.pdb	A	228	P06654_A
T	228	P	0.58	P06654	P06654_AF.pdb	A	228	P06654_A
T	228	Q	0.0	P06654	P06654_AF.pdb	A	228	P06654_A
T	228	R	0.26	P06654	P06654_AF.pdb	A	228	P06654_A
T	228	S	0.28	P06654	P06654_AF.pdb	A	228	P06654_A
T	228	V	-1.14	P06654	P06654_AF.pdb	A	228	P06654_A
T	228	Y	0.2	P06654	P06654_AF.pdb	A	228	P06654_A
T	237	A	0.07	P06654	P06654_AF.pdb	A	237	P06654_A
T	237	D	-0.04	P06654	P06654_AF.pdb	A	237	P06654_A
T	237	E	-0.07	P06654	P06654_AF.pdb	A	237	P06654_A
T	237	F	-0.27	P06654	P06654_AF.pdb	A	237	P06654_A
T	237	G	0.42	P06654	P06654_AF.pdb	A	237	P06654_A
T	237	H	0.09	P06654	P06654_AF.pdb	A	237	P06654_A
T	237	I	-0.21	P06654	P06654_AF.pdb	A	237	P06654_A
T	237	K	0.04	P06654	P06654_AF.pdb	A	237	P06654_A
T	237	L	0.03	P06654	P06654_AF.pdb	A	237	P06654_A
T	237	M	-0.09	P06654	P06654_AF.pdb	A	237	P06654_A
T	237	N	0.39	P06654	P06654_AF.pdb	A	237	P06654_A
T	237	P	1.33	P06654	P06654_AF.pdb	A	237	P06654_A
T	237	Q	-0.26	P06654	P06654_AF.pdb	A	237	P06654_A
T	237	R	0.01	P06654	P06654_AF.pdb	A	237	P06654_A
T	237	S	0.11	P06654	P06654_AF.pdb	A	237	P06654_A
T	237	V	-0.24	P06654	P06654_AF.pdb	A	237	P06654_A
T	237	Y	0.32	P06654	P06654_AF.pdb	A	237	P06654_A
T	242	A	0.02	P06654	P06654_AF.pdb	A	242	P06654_A
T	242	D	1.43	P06654	P06654_AF.pdb	A	242	P06654_A
T	242	E	0.64	P06654	P06654_AF.pdb	A	242	P06654_A
T	242	F	-1.51	P06654	P06654_AF.pdb	A	242	P06654_A
T	242	G	1.58	P06654	P06654_AF.pdb	A	242	P06654_A
T	242	H	-0.18	P06654	P06654_AF.pdb	A	242	P06654_A
T	242	I	-0.42	P06654	P06654_AF.pdb	A	242	P06654_A
T	242	K	0.03	P06654	P06654_AF.pdb	A	242	P06654_A
T	242	L	-0.5	P06654	P06654_AF.pdb	A	242	P06654_A
T	242	M	-0.32	P06654	P06654_AF.pdb	A	242	P06654_A
T	242	N	0.4	P06654	P06654_AF.pdb	A	242	P06654_A
T	242	P	2.28	P06654	P06654_AF.pdb	A	242	P06654_A
T	242	Q	-0.02	P06654	P06654_AF.pdb	A	242	P06654_A
T	242	R	-0.22	P06654	P06654_AF.pdb	A	242	P06654_A
T	242	S	0.33	P06654	P06654_AF.pdb	A	242	P06654_A
T	242	V	0.1	P06654	P06654_AF.pdb	A	242	P06654_A
T	242	Y	-0.78	P06654	P06654_AF.pdb	A	242	P06654_A
T	243	A	0.5	P06654	P06654_AF.pdb	A	243	P06654_A
T	243	D	0.66	P06654	P06654_AF.pdb	A	243	P06654_A
T	243	E	0.04	P06654	P06654_AF.pdb	A	243	P06654_A
T	243	F	-0.27	P06654	P06654_AF.pdb	A	243	P06654_A
T	243	G	1.44	P06654	P06654_AF.pdb	A	243	P06654_A
T	243	H	0.41	P06654	P06654_AF.pdb	A	243	P06654_A
T	243	I	0.34	P06654	P06654_AF.pdb	A	243	P06654_A
T	243	K	0.44	P06654	P06654_AF.pdb	A	243	P06654_A
T	243	L	0.46	P06654	P06654_AF.pdb	A	243	P06654_A
T	243	M	0.21	P06654	P06654_AF.pdb	A	243	P06654_A
T	243	N	0.46	P06654	P06654_AF.pdb	A	243	P06654_A
T	243	P	2.37	P06654	P06654_AF.pdb	A	243	P06654_A
T	243	Q	0.08	P06654	P06654_AF.pdb	A	243	P06654_A
T	243	R	0.07	P06654	P06654_AF.pdb	A	243	P06654_A
T	243	S	-0.03	P06654	P06654_AF.pdb	A	243	P06654_A
T	243	V	0.12	P06654	P06654_AF.pdb	A	243	P06654_A
T	243	Y	-0.21	P06654	P06654_AF.pdb	A	243	P06654_A
T	244	A	-0.03	P06654	P06654_AF.pdb	A	244	P06654_A
T	244	D	2.14	P06654	P06654_AF.pdb	A	244	P06654_A
T	244	E	1.03	P06654	P06654_AF.pdb	A	244	P06654_A
T	244	F	-0.28	P06654	P06654_AF.pdb	A	244	P06654_A
T	244	G	2.15	P06654	P06654_AF.pdb	A	244	P06654_A
T	244	H	0.7	P06654	P06654_AF.pdb	A	244	P06654_A
T	244	I	-0.4	P06654	P06654_AF.pdb	A	244	P06654_A
T	244	K	1.24	P06654	P06654_AF.pdb	A	244	P06654_A
T	244	L	-0.53	P06654	P06654_AF.pdb	A	244	P06654_A
T	244	M	-0.53	P06654	P06654_AF.pdb	A	244	P06654_A
T	244	N	1.11	P06654	P06654_AF.pdb	A	244	P06654_A
T	244	Q	0.93	P06654	P06654_AF.pdb	A	244	P06654_A
T	244	R	0.72	P06654	P06654_AF.pdb	A	244	P06654_A
T	244	S	1.14	P06654	P06654_AF.pdb	A	244	P06654_A
T	244	V	0.17	P06654	P06654_AF.pdb	A	244	P06654_A
T	244	Y	0.28	P06654	P06654_AF.pdb	A	244	P06654_A
T	251	A	-0.58	P06654	P06654_AF.pdb	A	251	P06654_A
T	251	D	0.15	P06654	P06654_AF.pdb	A	251	P06654_A
T	251	E	-0.09	P06654	P06654_AF.pdb	A	251	P06654_A
T	251	F	-0.15	P06654	P06654_AF.pdb	A	251	P06654_A
T	251	G	0.18	P06654	P06654_AF.pdb	A	251	P06654_A
T	251	H	-0.24	P06654	P06654_AF.pdb	A	251	P06654_A
T	251	I	0.8	P06654	P06654_AF.pdb	A	251	P06654_A
T	251	K	0.46	P06654	P06654_AF.pdb	A	251	P06654_A
T	251	L	0.41	P06654	P06654_AF.pdb	A	251	P06654_A
T	251	M	0.21	P06654	P06654_AF.pdb	A	251	P06654_A
T	251	N	0.34	P06654	P06654_AF.pdb	A	251	P06654_A
T	251	P	2.37	P06654	P06654_AF.pdb	A	251	P06654_A
T	251	Q	0.01	P06654	P06654_AF.pdb	A	251	P06654_A
T	251	R	0.42	P06654	P06654_AF.pdb	A	251	P06654_A
T	251	S	-0.15	P06654	P06654_AF.pdb	A	251	P06654_A
T	251	V	0.42	P06654	P06654_AF.pdb	A	251	P06654_A
T	251	Y	0.16	P06654	P06654_AF.pdb	A	251	P06654_A
T	270	A	-0.28	P06654	P06654_AF.pdb	A	270	P06654_A
T	270	D	0.44	P06654	P06654_AF.pdb	A	270	P06654_A
T	270	E	0.12	P06654	P06654_AF.pdb	A	270	P06654_A
T	270	F	0.35	P06654	P06654_AF.pdb	A	270	P06654_A
T	270	G	0.47	P06654	P06654_AF.pdb	A	270	P06654_A
T	270	H	0.09	P06654	P06654_AF.pdb	A	270	P06654_A
T	270	I	-0.32	P06654	P06654_AF.pdb	A	270	P06654_A
T	270	K	0.16	P06654	P06654_AF.pdb	A	270	P06654_A
T	270	L	0.21	P06654	P06654_AF.pdb	A	270	P06654_A
T	270	M	0.47	P06654	P06654_AF.pdb	A	270	P06654_A
T	270	N	0.37	P06654	P06654_AF.pdb	A	270	P06654_A
T	270	Q	0.14	P06654	P06654_AF.pdb	A	270	P06654_A
T	270	R	0.27	P06654	P06654_AF.pdb	A	270	P06654_A
T	270	S	0.03	P06654	P06654_AF.pdb	A	270	P06654_A
T	270	V	0.52	P06654	P06654_AF.pdb	A	270	P06654_A
T	270	Y	-0.06	P06654	P06654_AF.pdb	A	270	P06654_A
T	275	A	0.875	P06654	P06654_AF.pdb	A	275	P06654_A
T	275	D	1.19	P06654	P06654_AF.pdb	A	275	P06654_A
T	275	E	0.69	P06654	P06654_AF.pdb	A	275	P06654_A
T	275	F	1.04	P06654	P06654_AF.pdb	A	275	P06654_A
T	275	G	1.2	P06654	P06654_AF.pdb	A	275	P06654_A
T	275	H	0.89	P06654	P06654_AF.pdb	A	275	P06654_A
T	275	I	0.62	P06654	P06654_AF.pdb	A	275	P06654_A
T	275	K	0.31	P06654	P06654_AF.pdb	A	275	P06654_A
T	275	L	0.04	P06654	P06654_AF.pdb	A	275	P06654_A
T	275	M	0.68	P06654	P06654_AF.pdb	A	275	P06654_A
T	275	N	0.24	P06654	P06654_AF.pdb	A	275	P06654_A
T	275	Q	0.7	P06654	P06654_AF.pdb	A	275	P06654_A
T	275	R	0.82	P06654	P06654_AF.pdb	A	275	P06654_A
T	275	S	0.16	P06654	P06654_AF.pdb	A	275	P06654_A
T	275	V	0.71	P06654	P06654_AF.pdb	A	275	P06654_A
T	275	Y	1.17	P06654	P06654_AF.pdb	A	275	P06654_A
T	277	A	1.28	P06654	P06654_AF.pdb	A	277	P06654_A
T	277	D	3.76	P06654	P06654_AF.pdb	A	277	P06654_A
T	277	E	1.06	P06654	P06654_AF.pdb	A	277	P06654_A
T	277	G	2.81	P06654	P06654_AF.pdb	A	277	P06654_A
T	277	H	2.49	P06654	P06654_AF.pdb	A	277	P06654_A
T	277	I	0.6	P06654	P06654_AF.pdb	A	277	P06654_A
T	277	K	1.68	P06654	P06654_AF.pdb	A	277	P06654_A
T	277	L	1.36	P06654	P06654_AF.pdb	A	277	P06654_A
T	277	M	1.27	P06654	P06654_AF.pdb	A	277	P06654_A
T	277	N	2.54	P06654	P06654_AF.pdb	A	277	P06654_A
T	277	Q	1.35	P06654	P06654_AF.pdb	A	277	P06654_A
T	277	R	2.15	P06654	P06654_AF.pdb	A	277	P06654_A
T	277	S	0.88	P06654	P06654_AF.pdb	A	277	P06654_A
T	277	V	0.81	P06654	P06654_AF.pdb	A	277	P06654_A
T	277	Y	1.89	P06654	P06654_AF.pdb	A	277	P06654_A
T	279	A	1.5	P06654	P06654_AF.pdb	A	279	P06654_A
T	279	C	-0.78	P06654	P06654_AF.pdb	A	279	P06654_A
T	279	D	1.99	P06654	P06654_AF.pdb	A	279	P06654_A
T	279	E	0.84	P06654	P06654_AF.pdb	A	279	P06654_A
T	279	F	0.44	P06654	P06654_AF.pdb	A	279	P06654_A
T	279	G	1.21	P06654	P06654_AF.pdb	A	279	P06654_A
T	279	H	1.4	P06654	P06654_AF.pdb	A	279	P06654_A
T	279	I	0.52	P06654	P06654_AF.pdb	A	279	P06654_A
T	279	K	0.79	P06654	P06654_AF.pdb	A	279	P06654_A
T	279	L	0.71	P06654	P06654_AF.pdb	A	279	P06654_A
T	279	M	0.33	P06654	P06654_AF.pdb	A	279	P06654_A
T	279	N	0.93	P06654	P06654_AF.pdb	A	279	P06654_A
T	279	P	0.65	P06654	P06654_AF.pdb	A	279	P06654_A
T	279	Q	-0.38	P06654	P06654_AF.pdb	A	279	P06654_A
T	279	R	0.59	P06654	P06654_AF.pdb	A	279	P06654_A
T	279	S	0.69	P06654	P06654_AF.pdb	A	279	P06654_A
T	279	V	0.53	P06654	P06654_AF.pdb	A	279	P06654_A
T	279	W	-1.04	P06654	P06654_AF.pdb	A	279	P06654_A
T	279	Y	0.23	P06654	P06654_AF.pdb	A	279	P06654_A
T	281	A	1.0	P06654	P06654_AF.pdb	A	281	P06654_A
T	281	D	0.65	P06654	P06654_AF.pdb	A	281	P06654_A
T	281	E	0.76	P06654	P06654_AF.pdb	A	281	P06654_A
T	281	F	0.6	P06654	P06654_AF.pdb	A	281	P06654_A
T	281	G	1.33	P06654	P06654_AF.pdb	A	281	P06654_A
T	281	H	1.03	P06654	P06654_AF.pdb	A	281	P06654_A
T	281	I	0.63	P06654	P06654_AF.pdb	A	281	P06654_A
T	281	K	1.18	P06654	P06654_AF.pdb	A	281	P06654_A
T	281	L	0.61	P06654	P06654_AF.pdb	A	281	P06654_A
T	281	M	0.88	P06654	P06654_AF.pdb	A	281	P06654_A
T	281	N	-0.05	P06654	P06654_AF.pdb	A	281	P06654_A
T	281	Q	0.35	P06654	P06654_AF.pdb	A	281	P06654_A
T	281	R	0.42	P06654	P06654_AF.pdb	A	281	P06654_A
T	281	S	-0.11	P06654	P06654_AF.pdb	A	281	P06654_A
T	281	V	0.63	P06654	P06654_AF.pdb	A	281	P06654_A
T	281	Y	0.55	P06654	P06654_AF.pdb	A	281	P06654_A
V	247	A	-0.11	P06654	P06654_AF.pdb	A	247	P06654_A
V	247	D	-0.13	P06654	P06654_AF.pdb	A	247	P06654_A
V	247	E	-0.43	P06654	P06654_AF.pdb	A	247	P06654_A
V	247	F	-0.88	P06654	P06654_AF.pdb	A	247	P06654_A
V	247	G	0.16	P06654	P06654_AF.pdb	A	247	P06654_A
V	247	H	0.21	P06654	P06654_AF.pdb	A	247	P06654_A
V	247	I	-0.13	P06654	P06654_AF.pdb	A	247	P06654_A
V	247	K	-0.13	P06654	P06654_AF.pdb	A	247	P06654_A
V	247	L	-0.02	P06654	P06654_AF.pdb	A	247	P06654_A
V	247	M	-0.25	P06654	P06654_AF.pdb	A	247	P06654_A
V	247	N	-0.14	P06654	P06654_AF.pdb	A	247	P06654_A
V	247	P	-0.39	P06654	P06654_AF.pdb	A	247	P06654_A
V	247	Q	0.21	P06654	P06654_AF.pdb	A	247	P06654_A
V	247	R	-0.14	P06654	P06654_AF.pdb	A	247	P06654_A
V	247	S	-0.11	P06654	P06654_AF.pdb	A	247	P06654_A
V	247	T	0.27	P06654	P06654_AF.pdb	A	247	P06654_A
V	247	Y	-0.27	P06654	P06654_AF.pdb	A	247	P06654_A
V	255	A	0.1	P06654	P06654_AF.pdb	A	255	P06654_A
V	255	D	0.52	P06654	P06654_AF.pdb	A	255	P06654_A
V	255	E	0.25	P06654	P06654_AF.pdb	A	255	P06654_A
V	255	F	-0.07	P06654	P06654_AF.pdb	A	255	P06654_A
V	255	G	1.18	P06654	P06654_AF.pdb	A	255	P06654_A
V	255	H	0.2	P06654	P06654_AF.pdb	A	255	P06654_A
V	255	I	-0.17	P06654	P06654_AF.pdb	A	255	P06654_A
V	255	K	0.02	P06654	P06654_AF.pdb	A	255	P06654_A
V	255	L	0.11	P06654	P06654_AF.pdb	A	255	P06654_A
V	255	M	0.17	P06654	P06654_AF.pdb	A	255	P06654_A
V	255	N	0.59	P06654	P06654_AF.pdb	A	255	P06654_A
V	255	P	3.02	P06654	P06654_AF.pdb	A	255	P06654_A
V	255	Q	-0.1	P06654	P06654_AF.pdb	A	255	P06654_A
V	255	R	-0.1	P06654	P06654_AF.pdb	A	255	P06654_A
V	255	S	0.46	P06654	P06654_AF.pdb	A	255	P06654_A
V	255	T	-0.21	P06654	P06654_AF.pdb	A	255	P06654_A
V	255	Y	0.52	P06654	P06654_AF.pdb	A	255	P06654_A
V	265	A	2.09	P06654	P06654_AF.pdb	A	265	P06654_A
V	265	D	3.93	P06654	P06654_AF.pdb	A	265	P06654_A
V	265	E	0.8	P06654	P06654_AF.pdb	A	265	P06654_A
V	265	F	-0.35	P06654	P06654_AF.pdb	A	265	P06654_A
V	265	G	2.66	P06654	P06654_AF.pdb	A	265	P06654_A
V	265	H	1.87	P06654	P06654_AF.pdb	A	265	P06654_A
V	265	I	-0.53	P06654	P06654_AF.pdb	A	265	P06654_A
V	265	K	2.25	P06654	P06654_AF.pdb	A	265	P06654_A
V	265	L	0.09	P06654	P06654_AF.pdb	A	265	P06654_A
V	265	M	0.61	P06654	P06654_AF.pdb	A	265	P06654_A
V	265	P	2.65	P06654	P06654_AF.pdb	A	265	P06654_A
V	265	Q	1.85	P06654	P06654_AF.pdb	A	265	P06654_A
V	265	R	2.35	P06654	P06654_AF.pdb	A	265	P06654_A
V	265	S	2.0	P06654	P06654_AF.pdb	A	265	P06654_A
V	265	T	1.5	P06654	P06654_AF.pdb	A	265	P06654_A
V	265	Y	0.87	P06654	P06654_AF.pdb	A	265	P06654_A
V	280	D	3.01	P06654	P06654_AF.pdb	A	280	P06654_A
V	280	F	2.12	P06654	P06654_AF.pdb	A	280	P06654_A
V	280	I	0.04	P06654	P06654_AF.pdb	A	280	P06654_A
V	280	L	0.47	P06654	P06654_AF.pdb	A	280	P06654_A
V	280	M	1.02	P06654	P06654_AF.pdb	A	280	P06654_A
V	280	P	0.04	P06654	P06654_AF.pdb	A	280	P06654_A
V	280	Q	3.24	P06654	P06654_AF.pdb	A	280	P06654_A
V	280	S	1.69	P06654	P06654_AF.pdb	A	280	P06654_A
V	280	T	1.91	P06654	P06654_AF.pdb	A	280	P06654_A
V	280	Y	2.17	P06654	P06654_AF.pdb	A	280	P06654_A
Y	229	F	-0.05	P06654	P06654_AF.pdb	A	229	P06654_A
Y	229	G	1.93	P06654	P06654_AF.pdb	A	229	P06654_A
Y	229	I	3.66	P06654	P06654_AF.pdb	A	229	P06654_A
Y	229	K	-0.54	P06654	P06654_AF.pdb	A	229	P06654_A
Y	229	L	3.66	P06654	P06654_AF.pdb	A	229	P06654_A
Y	229	M	2.87	P06654	P06654_AF.pdb	A	229	P06654_A
Y	229	R	1.73	P06654	P06654_AF.pdb	A	229	P06654_A
Y	259	A	1.92	P06654	P06654_AF.pdb	A	259	P06654_A
Y	259	E	2.08	P06654	P06654_AF.pdb	A	259	P06654_A
Y	259	F	0.17	P06654	P06654_AF.pdb	A	259	P06654_A
Y	259	G	3.82	P06654	P06654_AF.pdb	A	259	P06654_A
Y	259	H	1.8	P06654	P06654_AF.pdb	A	259	P06654_A
Y	259	I	0.53	P06654	P06654_AF.pdb	A	259	P06654_A
Y	259	K	1.79	P06654	P06654_AF.pdb	A	259	P06654_A
Y	259	L	1.15	P06654	P06654_AF.pdb	A	259	P06654_A
Y	259	M	0.83	P06654	P06654_AF.pdb	A	259	P06654_A
Y	259	N	2.25	P06654	P06654_AF.pdb	A	259	P06654_A
Y	259	Q	1.6	P06654	P06654_AF.pdb	A	259	P06654_A
Y	259	R	2.16	P06654	P06654_AF.pdb	A	259	P06654_A
Y	259	S	2.38	P06654	P06654_AF.pdb	A	259	P06654_A
Y	259	T	1.93	P06654	P06654_AF.pdb	A	259	P06654_A
Y	259	V	0.7	P06654	P06654_AF.pdb	A	259	P06654_A
Y	271	D	1.52	P06654	P06654_AF.pdb	A	271	P06654_A
Y	271	F	0.38	P06654	P06654_AF.pdb	A	271	P06654_A
Y	271	I	2.51	P06654	P06654_AF.pdb	A	271	P06654_A
Y	271	K	3.45	P06654	P06654_AF.pdb	A	271	P06654_A
Y	271	L	2.06	P06654	P06654_AF.pdb	A	271	P06654_A
Y	271	M	2.76	P06654	P06654_AF.pdb	A	271	P06654_A
Y	271	R	2.47	P06654	P06654_AF.pdb	A	271	P06654_A
Y	271	S	3.3	P06654	P06654_AF.pdb	A	271	P06654_A
Y	271	V	2.78	P06654	P06654_AF.pdb	A	271	P06654_A
V	103	L	-0.48	P06876	P06876_AF.pdb	A	103	P06876_A
A	10	G	1.905	P07107	P07107_AF.pdb	A	10	P07107_A
A	35	G	1.3250000000000002	P07107	P07107_AF.pdb	A	35	P07107_A
A	70	G	1.55	P07107	P07107_AF.pdb	A	70	P07107_A
D	22	H	0.56	P07107	P07107_AF.pdb	A	22	P07107_A
E	68	A	0.5800000000000001	P07107	P07107_AF.pdb	A	68	P07107_A
F	27	A	1.53	P07107	P07107_AF.pdb	A	27	P07107_A
F	6	A	2.575	P07107	P07107_AF.pdb	A	6	P07107_A
I	40	A	1.06	P07107	P07107_AF.pdb	A	40	P07107_A
I	75	A	1.34	P07107	P07107_AF.pdb	A	75	P07107_A
K	33	A	1.315	P07107	P07107_AF.pdb	A	33	P07107_A
K	33	E	1.575	P07107	P07107_AF.pdb	A	33	P07107_A
K	33	R	2.0250000000000004	P07107	P07107_AF.pdb	A	33	P07107_A
K	53	M	-0.3299999999999999	P07107	P07107_AF.pdb	A	53	P07107_A
K	55	A	1.135	P07107	P07107_AF.pdb	A	55	P07107_A
L	16	A	3.335	P07107	P07107_AF.pdb	A	16	P07107_A
L	26	A	1.52	P07107	P07107_AF.pdb	A	26	P07107_A
L	81	A	4.135	P07107	P07107_AF.pdb	A	81	P07107_A
P	20	A	0.99	P07107	P07107_AF.pdb	A	20	P07107_A
P	45	A	1.315	P07107	P07107_AF.pdb	A	45	P07107_A
Q	34	A	3.345	P07107	P07107_AF.pdb	A	34	P07107_A
T	36	A	1.185	P07107	P07107_AF.pdb	A	36	P07107_A
V	13	A	1.595	P07107	P07107_AF.pdb	A	13	P07107_A
V	78	A	1.34	P07107	P07107_AF.pdb	A	78	P07107_A
Y	29	A	2.495	P07107	P07107_AF.pdb	A	29	P07107_A
Y	29	F	1.16	P07107	P07107_AF.pdb	A	29	P07107_A
Y	29	N	2.35	P07107	P07107_AF.pdb	A	29	P07107_A
Y	32	N	1.245	P07107	P07107_AF.pdb	A	32	P07107_A
Y	74	A	4.67	P07107	P07107_AF.pdb	A	74	P07107_A
Y	74	F	-0.15	P07107	P07107_AF.pdb	A	74	P07107_A
I	215	F	1.91	P07170	P07170_AF.pdb	A	215	P07170_A
N	171	D	2.15	P07170	P07170_AF.pdb	A	171	P07170_A
T	79	H	2.15	P07170	P07170_AF.pdb	A	79	P07170_A
V	10	I	1.2	P07170	P07170_AF.pdb	A	10	P07170_A
A	29	E	-0.41	P07311	P07311_AF.pdb	A	29	P07311_A
E	30	D	3.47	P07311	P07311_AF.pdb	A	30	P07311_A
E	84	D	1.51	P07311	P07311_AF.pdb	A	84	P07311_A
F	23	L	1.29	P07311	P07311_AF.pdb	A	23	P07311_A
F	95	L	4.33	P07311	P07311_AF.pdb	A	95	P07311_A
G	31	A	-1.74	P07311	P07311_AF.pdb	A	31	P07311_A
G	46	A	1.72	P07311	P07311_AF.pdb	A	46	P07311_A
I	76	V	1.41	P07311	P07311_AF.pdb	A	76	P07311_A
I	87	V	1.77	P07311	P07311_AF.pdb	A	87	P07311_A
L	90	A	1.67	P07311	P07311_AF.pdb	A	90	P07311_A
M	62	A	3.97	P07311	P07311_AF.pdb	A	62	P07311_A
P	55	A	0.45	P07311	P07311_AF.pdb	A	55	P07311_A
P	72	A	1.6	P07311	P07311_AF.pdb	A	72	P07311_A
T	43	A	1.84	P07311	P07311_AF.pdb	A	43	P07311_A
V	18	A	1.84	P07311	P07311_AF.pdb	A	18	P07311_A
V	21	A	0.29	P07311	P07311_AF.pdb	A	21	P07311_A
V	37	A	2.53	P07311	P07311_AF.pdb	A	37	P07311_A
V	40	A	1.63	P07311	P07311_AF.pdb	A	40	P07311_A
V	48	A	1.86	P07311	P07311_AF.pdb	A	48	P07311_A
W	39	F	0.02	P07311	P07311_AF.pdb	A	39	P07311_A
W	65	A	1.51	P07311	P07311_AF.pdb	A	65	P07311_A
Y	12	F	-0.43	P07311	P07311_AF.pdb	A	12	P07311_A
Y	12	I	2.22	P07311	P07311_AF.pdb	A	12	P07311_A
L	145	A	1.2999999999999998	P07320	P07320_AF.pdb	A	145	P07320_A
M	147	A	0.55	P07320	P07320_AF.pdb	A	147	P07320_A
M	44	A	0.35	P07320	P07320_AF.pdb	A	44	P07320_A
R	80	A	1.15	P07320	P07320_AF.pdb	A	80	P07320_A
V	132	A	1.9	P07320	P07320_AF.pdb	A	132	P07320_A
V	170	A	-1.3	P07320	P07320_AF.pdb	A	170	P07320_A
Y	16	S	-11.9	P07445	P07445_AF.pdb	A	16	P07445_A
Y	32	S	-13.7	P07445	P07445_AF.pdb	A	32	P07445_A
Y	57	S	-9.5	P07445	P07445_AF.pdb	A	57	P07445_A
A	1696	G	0.5900000000000001	P07751	P07751_AF.pdb	A	1696	P07751_A
A	1710	G	1.27	P07751	P07751_AF.pdb	A	1710	P07751_A
A	1714	G	1.34	P07751	P07751_AF.pdb	A	1714	P07751_A
A	1726	G	1.48	P07751	P07751_AF.pdb	A	1726	P07751_A
A	1758	G	3.84	P07751	P07751_AF.pdb	A	1758	P07751_A
A	1760	G	1.38	P07751	P07751_AF.pdb	A	1760	P07751_A
A	1763	G	1.15	P07751	P07751_AF.pdb	A	1763	P07751_A
A	1816	G	1.1	P07751	P07751_AF.pdb	A	1816	P07751_A
A	1819	G	1.1	P07751	P07751_AF.pdb	A	1819	P07751_A
A	1851	G	1.1	P07751	P07751_AF.pdb	A	1851	P07751_A
A	1864	G	2.6	P07751	P07751_AF.pdb	A	1864	P07751_A
A	1865	G	1.8	P07751	P07751_AF.pdb	A	1865	P07751_A
D	1011	G	-0.81	P07751	P07751_AF.pdb	A	1011	P07751_A
D	1717	A	-0.07	P07751	P07751_AF.pdb	A	1717	P07751_A
D	1717	G	0.45	P07751	P07751_AF.pdb	A	1717	P07751_A
D	1742	A	0.02	P07751	P07751_AF.pdb	A	1742	P07751_A
D	1742	G	0.98	P07751	P07751_AF.pdb	A	1742	P07751_A
D	1779	A	0.2	P07751	P07751_AF.pdb	A	1779	P07751_A
D	1779	G	1.2	P07751	P07751_AF.pdb	A	1779	P07751_A
D	1830	A	0.1	P07751	P07751_AF.pdb	A	1830	P07751_A
D	1830	G	1.3	P07751	P07751_AF.pdb	A	1830	P07751_A
D	1855	A	-0.7	P07751	P07751_AF.pdb	A	1855	P07751_A
D	1855	G	0.3	P07751	P07751_AF.pdb	A	1855	P07751_A
E	1681	A	0.32	P07751	P07751_AF.pdb	A	1681	P07751_A
E	1681	G	0.6	P07751	P07751_AF.pdb	A	1681	P07751_A
E	1683	A	1.88	P07751	P07751_AF.pdb	A	1683	P07751_A
E	1683	G	2.63	P07751	P07751_AF.pdb	A	1683	P07751_A
E	1745	A	0.27	P07751	P07751_AF.pdb	A	1745	P07751_A
E	1745	G	1.02	P07751	P07751_AF.pdb	A	1745	P07751_A
E	1787	A	-0.1	P07751	P07751_AF.pdb	A	1787	P07751_A
E	1787	G	1.1	P07751	P07751_AF.pdb	A	1787	P07751_A
F	1015	Y	0.44	P07751	P07751_AF.pdb	A	1015	P07751_A
F	1668	A	1.68	P07751	P07751_AF.pdb	A	1668	P07751_A
F	1675	A	4.15	P07751	P07751_AF.pdb	A	1675	P07751_A
F	1677	A	-0.25	P07751	P07751_AF.pdb	A	1677	P07751_A
F	1677	G	0.29	P07751	P07751_AF.pdb	A	1677	P07751_A
F	1751	A	4.33	P07751	P07751_AF.pdb	A	1751	P07751_A
F	1774	A	3.7	P07751	P07751_AF.pdb	A	1774	P07751_A
F	1774	L	1.3	P07751	P07751_AF.pdb	A	1774	P07751_A
F	1853	A	2.8	P07751	P07751_AF.pdb	A	1853	P07751_A
F	1853	L	-0.5	P07751	P07751_AF.pdb	A	1853	P07751_A
G	1749	A	-0.5	P07751	P07751_AF.pdb	A	1749	P07751_A
H	1705	A	1.36	P07751	P07751_AF.pdb	A	1705	P07751_A
H	1715	A	0.41	P07751	P07751_AF.pdb	A	1715	P07751_A
H	1772	A	-0.5	P07751	P07751_AF.pdb	A	1772	P07751_A
H	1772	G	0.5	P07751	P07751_AF.pdb	A	1772	P07751_A
H	1811	A	1.4	P07751	P07751_AF.pdb	A	1811	P07751_A
H	1821	A	2.3	P07751	P07751_AF.pdb	A	1821	P07751_A
I	1672	A	0.6	P07751	P07751_AF.pdb	A	1672	P07751_A
I	1712	A	5.75	P07751	P07751_AF.pdb	A	1712	P07751_A
I	1747	A	1.33	P07751	P07751_AF.pdb	A	1747	P07751_A
I	1754	A	1.76	P07751	P07751_AF.pdb	A	1754	P07751_A
I	1785	A	3.65	P07751	P07751_AF.pdb	A	1785	P07751_A
I	1785	V	1.6	P07751	P07751_AF.pdb	A	1785	P07751_A
I	1825	A	2.8	P07751	P07751_AF.pdb	A	1825	P07751_A
I	1825	V	0.6	P07751	P07751_AF.pdb	A	1825	P07751_A
I	1846	A	2.0	P07751	P07751_AF.pdb	A	1846	P07751_A
I	1846	V	0.6	P07751	P07751_AF.pdb	A	1846	P07751_A
K	1022	F	-1.715	P07751	P07751_AF.pdb	A	1022	P07751_A
K	1022	Y	-0.84	P07751	P07751_AF.pdb	A	1022	P07751_A
K	1673	A	-0.61	P07751	P07751_AF.pdb	A	1673	P07751_A
K	1673	G	0.69	P07751	P07751_AF.pdb	A	1673	P07751_A
K	1703	A	0.07	P07751	P07751_AF.pdb	A	1703	P07751_A
K	1703	G	1.02	P07751	P07751_AF.pdb	A	1703	P07751_A
K	1720	A	0.34	P07751	P07751_AF.pdb	A	1720	P07751_A
K	1720	G	1.16	P07751	P07751_AF.pdb	A	1720	P07751_A
K	1788	A	0.0	P07751	P07751_AF.pdb	A	1788	P07751_A
K	1809	A	-0.4	P07751	P07751_AF.pdb	A	1809	P07751_A
K	1809	G	0.5	P07751	P07751_AF.pdb	A	1809	P07751_A
K	1833	A	0.1	P07751	P07751_AF.pdb	A	1833	P07751_A
K	1833	G	1.4	P07751	P07751_AF.pdb	A	1833	P07751_A
K	1858	A	0.4	P07751	P07751_AF.pdb	A	1858	P07751_A
K	1858	G	1.3	P07751	P07751_AF.pdb	A	1858	P07751_A
K	981	F	-2.33	P07751	P07751_AF.pdb	A	981	P07751_A
L	1679	A	1.93	P07751	P07751_AF.pdb	A	1679	P07751_A
L	1686	A	2.32	P07751	P07751_AF.pdb	A	1686	P07751_A
L	1701	A	0.6	P07751	P07751_AF.pdb	A	1701	P07751_A
L	1707	A	0.54	P07751	P07751_AF.pdb	A	1707	P07751_A
L	1707	G	1.73	P07751	P07751_AF.pdb	A	1707	P07751_A
L	1708	A	2.87	P07751	P07751_AF.pdb	A	1708	P07751_A
L	1719	A	2.74	P07751	P07751_AF.pdb	A	1719	P07751_A
L	1722	A	2.74	P07751	P07751_AF.pdb	A	1722	P07751_A
L	1729	A	1.55	P07751	P07751_AF.pdb	A	1729	P07751_A
L	1765	A	2.27	P07751	P07751_AF.pdb	A	1765	P07751_A
L	1771	A	0.24	P07751	P07751_AF.pdb	A	1771	P07751_A
L	1771	G	0.56	P07751	P07751_AF.pdb	A	1771	P07751_A
L	1807	A	0.2	P07751	P07751_AF.pdb	A	1807	P07751_A
L	1814	A	2.8	P07751	P07751_AF.pdb	A	1814	P07751_A
L	1818	A	3.8	P07751	P07751_AF.pdb	A	1818	P07751_A
L	1835	A	2.4	P07751	P07751_AF.pdb	A	1835	P07751_A
L	1850	A	2.8	P07751	P07751_AF.pdb	A	1850	P07751_A
L	1860	A	3.8	P07751	P07751_AF.pdb	A	1860	P07751_A
M	1778	A	2.2	P07751	P07751_AF.pdb	A	1778	P07751_A
N	1700	A	-0.29	P07751	P07751_AF.pdb	A	1700	P07751_A
N	1700	G	0.67	P07751	P07751_AF.pdb	A	1700	P07751_A
N	1806	A	-0.2	P07751	P07751_AF.pdb	A	1806	P07751_A
N	1806	G	0.4	P07751	P07751_AF.pdb	A	1806	P07751_A
P	1823	A	-0.4	P07751	P07751_AF.pdb	A	1823	P07751_A
Q	1666	A	0.26	P07751	P07751_AF.pdb	A	1666	P07751_A
Q	1666	G	0.71	P07751	P07751_AF.pdb	A	1666	P07751_A
Q	1752	A	0.46	P07751	P07751_AF.pdb	A	1752	P07751_A
Q	1752	G	0.85	P07751	P07751_AF.pdb	A	1752	P07751_A
Q	1826	A	0.7	P07751	P07751_AF.pdb	A	1826	P07751_A
Q	1826	G	1.8	P07751	P07751_AF.pdb	A	1826	P07751_A
Q	1847	A	0.0	P07751	P07751_AF.pdb	A	1847	P07751_A
Q	1847	G	1.3	P07751	P07751_AF.pdb	A	1847	P07751_A
Q	1862	A	-0.4	P07751	P07751_AF.pdb	A	1862	P07751_A
Q	1862	G	0.7	P07751	P07751_AF.pdb	A	1862	P07751_A
Q	1869	A	-0.5	P07751	P07751_AF.pdb	A	1869	P07751_A
Q	1869	G	1.3	P07751	P07751_AF.pdb	A	1869	P07751_A
Q	1869	L	1.4	P07751	P07751_AF.pdb	A	1869	P07751_A
R	1744	A	0.58	P07751	P07751_AF.pdb	A	1744	P07751_A
R	1761	A	1.13	P07751	P07751_AF.pdb	A	1761	P07751_A
R	1776	A	0.3	P07751	P07751_AF.pdb	A	1776	P07751_A
R	1776	G	1.9	P07751	P07751_AF.pdb	A	1776	P07751_A
R	1813	A	-0.3	P07751	P07751_AF.pdb	A	1813	P07751_A
R	1813	G	0.6	P07751	P07751_AF.pdb	A	1813	P07751_A
R	1867	A	0.0	P07751	P07751_AF.pdb	A	1867	P07751_A
S	1724	A	-0.37	P07751	P07751_AF.pdb	A	1724	P07751_A
S	1724	G	0.8	P07751	P07751_AF.pdb	A	1724	P07751_A
S	1728	A	0.15	P07751	P07751_AF.pdb	A	1728	P07751_A
S	1728	G	0.79	P07751	P07751_AF.pdb	A	1728	P07751_A
S	1738	A	0.22	P07751	P07751_AF.pdb	A	1738	P07751_A
S	1738	G	0.39	P07751	P07751_AF.pdb	A	1738	P07751_A
S	1756	A	-0.21	P07751	P07751_AF.pdb	A	1756	P07751_A
S	1756	G	0.77	P07751	P07751_AF.pdb	A	1756	P07751_A
S	1768	A	0.1	P07751	P07751_AF.pdb	A	1768	P07751_A
S	1783	A	-0.5	P07751	P07751_AF.pdb	A	1783	P07751_A
S	1783	G	0.5	P07751	P07751_AF.pdb	A	1783	P07751_A
T	1670	A	-0.15	P07751	P07751_AF.pdb	A	1670	P07751_A
T	1670	G	0.79	P07751	P07751_AF.pdb	A	1670	P07751_A
T	1802	A	-0.3	P07751	P07751_AF.pdb	A	1802	P07751_A
T	1802	G	0.1	P07751	P07751_AF.pdb	A	1802	P07751_A
V	1682	A	1.74	P07751	P07751_AF.pdb	A	1682	P07751_A
V	1698	A	0.4	P07751	P07751_AF.pdb	A	1698	P07751_A
V	1740	A	1.16	P07751	P07751_AF.pdb	A	1740	P07751_A
V	1792	A	0.2	P07751	P07751_AF.pdb	A	1792	P07751_A
V	1804	A	0.4	P07751	P07751_AF.pdb	A	1804	P07751_A
V	1828	A	2.3	P07751	P07751_AF.pdb	A	1828	P07751_A
W	1784	F	1.11	P07751	P07751_AF.pdb	A	1784	P07751_A
W	1857	F	2.1	P07751	P07751_AF.pdb	A	1857	P07751_A
A	8	D	1.6	P07845	P07845_AF.pdb	A	8	P07845_A
F	26	L	3.4	P08058	P08058_AF.pdb	A	26	P08058_A
F	26	V	4.8	P08058	P08058_AF.pdb	A	26	P08058_A
P	20	A	0.3	P08463	P08463_AF.pdb	A	20	P08463_A
P	29	A	-0.23	P08463	P08463_AF.pdb	A	29	P08463_A
P	44	A	3.04	P08463	P08463_AF.pdb	A	44	P08463_A
P	52	A	2.57	P08463	P08463_AF.pdb	A	52	P08463_A
P	58	A	0.35	P08463	P08463_AF.pdb	A	58	P08463_A
P	7	A	0.2	P08463	P08463_AF.pdb	A	7	P08463_A
P	90	A	-1.19	P08463	P08463_AF.pdb	A	90	P08463_A
P	90	G	-1.33	P08463	P08463_AF.pdb	A	90	P08463_A
P	90	V	0.625	P08463	P08463_AF.pdb	A	90	P08463_A
P	92	A	-0.07	P08463	P08463_AF.pdb	A	92	P08463_A
P	92	G	-0.07	P08463	P08463_AF.pdb	A	92	P08463_A
P	92	V	0.13	P08463	P08463_AF.pdb	A	92	P08463_A
S	28	A	0.34	P08463	P08463_AF.pdb	A	28	P08463_A
S	28	G	-0.89	P08463	P08463_AF.pdb	A	28	P08463_A
V	89	A	0.24	P08463	P08463_AF.pdb	A	89	P08463_A
V	89	G	-0.81	P08463	P08463_AF.pdb	A	89	P08463_A
H	57	A	0.3	P08505	P08505_AF.pdb	A	57	P08505_A
E	15	G	-1.55	P08821	P08821_AF.pdb	A	15	P08821_A
I	42	V	-0.52	P08821	P08821_AF.pdb	A	42	P08821_A
S	27	A	-0.73	P08821	P08821_AF.pdb	A	27	P08821_A
G	49	A	-0.8500000000000001	P08877	P08877_AF.pdb	A	49	P08877_A
G	49	E	-1.2999999999999998	P08877	P08877_AF.pdb	A	49	P08877_A
G	49	K	0.9	P08877	P08877_AF.pdb	A	49	P08877_A
S	46	D	-0.74	P08877	P08877_AF.pdb	A	46	P08877_A
Y	98	F	-1.49	P08921	P08921_AF.pdb	A	98	P08921_A
Y	13	F	0.7	P09012	P09012_AF.pdb	A	13	P09012_A
Y	13	T	1.3	P09012	P09012_AF.pdb	A	13	P09012_A
Y	31	F	0.0	P09012	P09012_AF.pdb	A	31	P09012_A
Y	31	S	2.3	P09012	P09012_AF.pdb	A	31	P09012_A
Y	78	D	5.1	P09012	P09012_AF.pdb	A	78	P09012_A
Y	78	F	0.0	P09012	P09012_AF.pdb	A	78	P09012_A
Y	86	F	2.6	P09012	P09012_AF.pdb	A	86	P09012_A
Y	86	T	2.9	P09012	P09012_AF.pdb	A	86	P09012_A
A	102	L	-0.08	P0A3D9	P0A3D9_AF.pdb	A	102	P0A3D9_A
A	85	G	2.17	P0A3D9	P0A3D9_AF.pdb	A	85	P0A3D9_A
D	127	K	-1.01	P0A3D9	P0A3D9_AF.pdb	A	127	P0A3D9_A
D	151	K	0.28	P0A3D9	P0A3D9_AF.pdb	A	151	P0A3D9_A
D	44	A	-0.09	P0A3D9	P0A3D9_AF.pdb	A	44	P0A3D9_A
D	66	K	0.26	P0A3D9	P0A3D9_AF.pdb	A	66	P0A3D9_A
D	76	K	-0.655	P0A3D9	P0A3D9_AF.pdb	A	76	P0A3D9_A
E	108	A	-0.23	P0A3D9	P0A3D9_AF.pdb	A	108	P0A3D9_A
E	21	K	-0.94	P0A3D9	P0A3D9_AF.pdb	A	21	P0A3D9_A
E	62	K	-0.88	P0A3D9	P0A3D9_AF.pdb	A	62	P0A3D9_A
E	73	K	-0.785	P0A3D9	P0A3D9_AF.pdb	A	73	P0A3D9_A
F	8	L	0.04	P0A3D9	P0A3D9_AF.pdb	A	8	P0A3D9_A
G	69	A	-0.45	P0A3D9	P0A3D9_AF.pdb	A	69	P0A3D9_A
G	88	A	0.13	P0A3D9	P0A3D9_AF.pdb	A	88	P0A3D9_A
G	88	L	0.64	P0A3D9	P0A3D9_AF.pdb	A	88	P0A3D9_A
G	88	V	0.13	P0A3D9	P0A3D9_AF.pdb	A	88	P0A3D9_A
H	35	A	0.83	P0A3D9	P0A3D9_AF.pdb	A	35	P0A3D9_A
I	105	V	0.67	P0A3D9	P0A3D9_AF.pdb	A	105	P0A3D9_A
I	157	V	3.6	P0A3D9	P0A3D9_AF.pdb	A	157	P0A3D9_A
I	23	A	0.02	P0A3D9	P0A3D9_AF.pdb	A	23	P0A3D9_A
I	23	G	-0.01	P0A3D9	P0A3D9_AF.pdb	A	23	P0A3D9_A
I	23	V	1.94	P0A3D9	P0A3D9_AF.pdb	A	23	P0A3D9_A
I	52	V	1.98	P0A3D9	P0A3D9_AF.pdb	A	52	P0A3D9_A
I	53	V	1.38	P0A3D9	P0A3D9_AF.pdb	A	53	P0A3D9_A
L	144	A	0.14	P0A3D9	P0A3D9_AF.pdb	A	144	P0A3D9_A
L	51	A	-0.05	P0A3D9	P0A3D9_AF.pdb	A	51	P0A3D9_A
L	7	A	3.53	P0A3D9	P0A3D9_AF.pdb	A	7	P0A3D9_A
N	98	A	0.83	P0A3D9	P0A3D9_AF.pdb	A	98	P0A3D9_A
Q	100	A	-0.98	P0A3D9	P0A3D9_AF.pdb	A	100	P0A3D9_A
Q	112	G	-0.1	P0A3D9	P0A3D9_AF.pdb	A	112	P0A3D9_A
S	111	A	1.03	P0A3D9	P0A3D9_AF.pdb	A	111	P0A3D9_A
S	72	A	0.65	P0A3D9	P0A3D9_AF.pdb	A	72	P0A3D9_A
T	123	S	0.37	P0A3D9	P0A3D9_AF.pdb	A	123	P0A3D9_A
V	118	A	2.05	P0A3D9	P0A3D9_AF.pdb	A	118	P0A3D9_A
V	140	A	1.51	P0A3D9	P0A3D9_AF.pdb	A	140	P0A3D9_A
V	161	A	2.46	P0A3D9	P0A3D9_AF.pdb	A	161	P0A3D9_A
V	19	I	-0.65	P0A3D9	P0A3D9_AF.pdb	A	19	P0A3D9_A
V	19	L	-0.6	P0A3D9	P0A3D9_AF.pdb	A	19	P0A3D9_A
V	32	A	2.39	P0A3D9	P0A3D9_AF.pdb	A	32	P0A3D9_A
V	84	I	-0.095	P0A3D9	P0A3D9_AF.pdb	A	84	P0A3D9_A
Y	48	F	0.59	P0A3D9	P0A3D9_AF.pdb	A	48	P0A3D9_A
A	27	S	1.19	P0A3H0	P0A3H0_AF.pdb	A	27	P0A3H0_A
A	56	S	0.13	P0A3H0	P0A3H0_AF.pdb	A	56	P0A3H0_A
M	69	I	0.0	P0A3H0	P0A3H0_AF.pdb	A	69	P0A3H0_A
S	31	T	-0.41	P0A3H0	P0A3H0_AF.pdb	A	31	P0A3H0_A
V	42	I	0.82	P0A3H0	P0A3H0_AF.pdb	A	42	P0A3H0_A
I	3	C	0.4	P0A6F9	P0A6F9_AF.pdb	A	3	P0A6F9_A
I	3	W	0.4	P0A6F9	P0A6F9_AF.pdb	A	3	P0A6F9_A
V	95	C	0.3	P0A6F9	P0A6F9_AF.pdb	A	95	P0A6F9_A
A	125	T	0.0	P0A7Y4	P0A7Y4_AF.pdb	A	125	P0A7Y4_A
A	24	V	-0.88	P0A7Y4	P0A7Y4_AF.pdb	A	24	P0A7Y4_A
A	52	C	-0.8	P0A7Y4	P0A7Y4_AF.pdb	A	52	P0A7Y4_A
A	52	D	1.9	P0A7Y4	P0A7Y4_AF.pdb	A	52	P0A7Y4_A
A	52	E	1.5	P0A7Y4	P0A7Y4_AF.pdb	A	52	P0A7Y4_A
A	52	F	-0.5	P0A7Y4	P0A7Y4_AF.pdb	A	52	P0A7Y4_A
A	52	G	2.7	P0A7Y4	P0A7Y4_AF.pdb	A	52	P0A7Y4_A
A	52	H	3.6	P0A7Y4	P0A7Y4_AF.pdb	A	52	P0A7Y4_A
A	52	I	-1.9	P0A7Y4	P0A7Y4_AF.pdb	A	52	P0A7Y4_A
A	52	K	5.9	P0A7Y4	P0A7Y4_AF.pdb	A	52	P0A7Y4_A
A	52	L	-1.3	P0A7Y4	P0A7Y4_AF.pdb	A	52	P0A7Y4_A
A	52	M	-0.5	P0A7Y4	P0A7Y4_AF.pdb	A	52	P0A7Y4_A
A	52	N	1.8	P0A7Y4	P0A7Y4_AF.pdb	A	52	P0A7Y4_A
A	52	P	1.6	P0A7Y4	P0A7Y4_AF.pdb	A	52	P0A7Y4_A
A	52	Q	1.2	P0A7Y4	P0A7Y4_AF.pdb	A	52	P0A7Y4_A
A	52	S	1.8	P0A7Y4	P0A7Y4_AF.pdb	A	52	P0A7Y4_A
A	52	T	0.8	P0A7Y4	P0A7Y4_AF.pdb	A	52	P0A7Y4_A
A	52	V	-1.7	P0A7Y4	P0A7Y4_AF.pdb	A	52	P0A7Y4_A
A	52	Y	2.3	P0A7Y4	P0A7Y4_AF.pdb	A	52	P0A7Y4_A
D	10	A	-3.3	P0A7Y4	P0A7Y4_AF.pdb	A	10	P0A7Y4_A
D	10	E	-1.0	P0A7Y4	P0A7Y4_AF.pdb	A	10	P0A7Y4_A
D	10	H	-2.4	P0A7Y4	P0A7Y4_AF.pdb	A	10	P0A7Y4_A
D	10	N	-2.0	P0A7Y4	P0A7Y4_AF.pdb	A	10	P0A7Y4_A
D	10	S	-2.7	P0A7Y4	P0A7Y4_AF.pdb	A	10	P0A7Y4_A
D	134	A	-1.51	P0A7Y4	P0A7Y4_AF.pdb	A	134	P0A7Y4_A
D	134	E	-0.86	P0A7Y4	P0A7Y4_AF.pdb	A	134	P0A7Y4_A
D	134	H	-1.92	P0A7Y4	P0A7Y4_AF.pdb	A	134	P0A7Y4_A
D	134	I	-1.27	P0A7Y4	P0A7Y4_AF.pdb	A	134	P0A7Y4_A
D	134	L	-1.51	P0A7Y4	P0A7Y4_AF.pdb	A	134	P0A7Y4_A
D	134	N	-0.89	P0A7Y4	P0A7Y4_AF.pdb	A	134	P0A7Y4_A
D	134	Q	-1.32	P0A7Y4	P0A7Y4_AF.pdb	A	134	P0A7Y4_A
D	134	S	-1.08	P0A7Y4	P0A7Y4_AF.pdb	A	134	P0A7Y4_A
D	134	T	-1.08	P0A7Y4	P0A7Y4_AF.pdb	A	134	P0A7Y4_A
D	134	V	-1.12	P0A7Y4	P0A7Y4_AF.pdb	A	134	P0A7Y4_A
D	70	A	-1.1	P0A7Y4	P0A7Y4_AF.pdb	A	70	P0A7Y4_A
D	70	E	-0.1	P0A7Y4	P0A7Y4_AF.pdb	A	70	P0A7Y4_A
D	70	N	-1.6	P0A7Y4	P0A7Y4_AF.pdb	A	70	P0A7Y4_A
D	94	E	0.4	P0A7Y4	P0A7Y4_AF.pdb	A	94	P0A7Y4_A
E	119	V	-0.74	P0A7Y4	P0A7Y4_AF.pdb	A	119	P0A7Y4_A
E	135	K	0.22	P0A7Y4	P0A7Y4_AF.pdb	A	135	P0A7Y4_A
E	48	A	0.3	P0A7Y4	P0A7Y4_AF.pdb	A	48	P0A7Y4_A
E	48	D	0.2	P0A7Y4	P0A7Y4_AF.pdb	A	48	P0A7Y4_A
E	48	Q	-0.3	P0A7Y4	P0A7Y4_AF.pdb	A	48	P0A7Y4_A
G	23	A	-0.5	P0A7Y4	P0A7Y4_AF.pdb	A	23	P0A7Y4_A
G	77	A	0.9	P0A7Y4	P0A7Y4_AF.pdb	A	77	P0A7Y4_A
H	114	A	2.63	P0A7Y4	P0A7Y4_AF.pdb	A	114	P0A7Y4_A
H	124	A	-0.05	P0A7Y4	P0A7Y4_AF.pdb	A	124	P0A7Y4_A
H	127	A	0.31	P0A7Y4	P0A7Y4_AF.pdb	A	127	P0A7Y4_A
H	62	A	-0.58	P0A7Y4	P0A7Y4_AF.pdb	A	62	P0A7Y4_A
H	62	D	0.17	P0A7Y4	P0A7Y4_AF.pdb	A	62	P0A7Y4_A
H	62	P	-0.74	P0A7Y4	P0A7Y4_AF.pdb	A	62	P0A7Y4_A
H	62	R	-0.36	P0A7Y4	P0A7Y4_AF.pdb	A	62	P0A7Y4_A
H	83	A	0.09	P0A7Y4	P0A7Y4_AF.pdb	A	83	P0A7Y4_A
I	53	A	2.1	P0A7Y4	P0A7Y4_AF.pdb	A	53	P0A7Y4_A
I	53	F	3.9	P0A7Y4	P0A7Y4_AF.pdb	A	53	P0A7Y4_A
I	53	L	1.4	P0A7Y4	P0A7Y4_AF.pdb	A	53	P0A7Y4_A
I	53	V	0.2	P0A7Y4	P0A7Y4_AF.pdb	A	53	P0A7Y4_A
K	117	R	-0.03	P0A7Y4	P0A7Y4_AF.pdb	A	117	P0A7Y4_A
K	91	R	0.0	P0A7Y4	P0A7Y4_AF.pdb	A	91	P0A7Y4_A
K	95	A	-0.1	P0A7Y4	P0A7Y4_AF.pdb	A	95	P0A7Y4_A
K	95	G	-1.9	P0A7Y4	P0A7Y4_AF.pdb	A	95	P0A7Y4_A
K	95	N	-0.89	P0A7Y4	P0A7Y4_AF.pdb	A	95	P0A7Y4_A
Q	105	G	2.2	P0A7Y4	P0A7Y4_AF.pdb	A	105	P0A7Y4_A
Q	113	P	0.6	P0A7Y4	P0A7Y4_AF.pdb	A	113	P0A7Y4_A
Q	76	L	-0.24	P0A7Y4	P0A7Y4_AF.pdb	A	76	P0A7Y4_A
Q	80	L	-0.3	P0A7Y4	P0A7Y4_AF.pdb	A	80	P0A7Y4_A
R	27	A	2.2	P0A7Y4	P0A7Y4_AF.pdb	A	27	P0A7Y4_A
R	41	C	-0.44	P0A7Y4	P0A7Y4_AF.pdb	A	41	P0A7Y4_A
S	68	A	-0.19	P0A7Y4	P0A7Y4_AF.pdb	A	68	P0A7Y4_A
S	68	G	2.2	P0A7Y4	P0A7Y4_AF.pdb	A	68	P0A7Y4_A
S	68	L	1.0	P0A7Y4	P0A7Y4_AF.pdb	A	68	P0A7Y4_A
S	68	T	-0.1	P0A7Y4	P0A7Y4_AF.pdb	A	68	P0A7Y4_A
S	68	V	-1.29	P0A7Y4	P0A7Y4_AF.pdb	A	68	P0A7Y4_A
V	74	A	3.4	P0A7Y4	P0A7Y4_AF.pdb	A	74	P0A7Y4_A
V	74	I	-0.6	P0A7Y4	P0A7Y4_AF.pdb	A	74	P0A7Y4_A
V	74	L	-0.9	P0A7Y4	P0A7Y4_AF.pdb	A	74	P0A7Y4_A
C	154	A	1.03	P0A877	P0A877_AF.pdb	A	154	P0A877_A
C	154	V	1.12	P0A877	P0A877_AF.pdb	A	154	P0A877_A
C	81	A	0.69	P0A877	P0A877_AF.pdb	A	81	P0A877_A
E	49	A	0.08	P0A877	P0A877_AF.pdb	A	49	P0A877_A
E	49	C	-0.01	P0A877	P0A877_AF.pdb	A	49	P0A877_A
E	49	D	0.8	P0A877	P0A877_AF.pdb	A	49	P0A877_A
E	49	F	0.86	P0A877	P0A877_AF.pdb	A	49	P0A877_A
E	49	G	-0.08	P0A877	P0A877_AF.pdb	A	49	P0A877_A
E	49	H	-0.33	P0A877	P0A877_AF.pdb	A	49	P0A877_A
E	49	I	-0.46	P0A877	P0A877_AF.pdb	A	49	P0A877_A
E	49	K	-0.2	P0A877	P0A877_AF.pdb	A	49	P0A877_A
E	49	L	-0.44	P0A877	P0A877_AF.pdb	A	49	P0A877_A
E	49	N	0.69	P0A877	P0A877_AF.pdb	A	49	P0A877_A
E	49	P	0.0	P0A877	P0A877_AF.pdb	A	49	P0A877_A
E	49	S	0.995	P0A877	P0A877_AF.pdb	A	49	P0A877_A
E	49	T	0.62	P0A877	P0A877_AF.pdb	A	49	P0A877_A
E	49	W	0.97	P0A877	P0A877_AF.pdb	A	49	P0A877_A
E	49	Y	0.085	P0A877	P0A877_AF.pdb	A	49	P0A877_A
F	139	W	0.6499999999999999	P0A877	P0A877_AF.pdb	A	139	P0A877_A
F	258	W	1.2	P0A877	P0A877_AF.pdb	A	258	P0A877_A
G	211	D	0.55	P0A877	P0A877_AF.pdb	A	211	P0A877_A
G	211	S	-0.2	P0A877	P0A877_AF.pdb	A	211	P0A877_A
G	211	W	1.35	P0A877	P0A877_AF.pdb	A	211	P0A877_A
G	234	D	-1.7	P0A877	P0A877_AF.pdb	A	234	P0A877_A
I	37	A	2.21	P0A877	P0A877_AF.pdb	A	37	P0A877_A
L	127	A	0.64	P0A877	P0A877_AF.pdb	A	127	P0A877_A
L	99	A	2.035	P0A877	P0A877_AF.pdb	A	99	P0A877_A
P	57	A	0.36	P0A877	P0A877_AF.pdb	A	57	P0A877_A
P	96	A	1.4266666666666667	P0A877	P0A877_AF.pdb	A	96	P0A877_A
Y	175	C	0.3	P0A877	P0A877_AF.pdb	A	175	P0A877_A
F	144	A	2.1	P0A910	P0A910_AF.pdb	A	144	P0A910_A
F	191	A	2.4	P0A910	P0A910_AF.pdb	A	191	P0A910_A
F	72	A	1.2	P0A910	P0A910_AF.pdb	A	72	P0A910_A
W	164	A	3.1	P0A910	P0A910_AF.pdb	A	164	P0A910_A
W	28	A	3.6	P0A910	P0A910_AF.pdb	A	28	P0A910_A
W	36	A	2.0	P0A910	P0A910_AF.pdb	A	36	P0A910_A
W	78	A	2.0	P0A910	P0A910_AF.pdb	A	78	P0A910_A
Y	150	A	2.7	P0A910	P0A910_AF.pdb	A	150	P0A910_A
Y	162	A	3.3	P0A910	P0A910_AF.pdb	A	162	P0A910_A
Y	189	A	0.2	P0A910	P0A910_AF.pdb	A	189	P0A910_A
Y	64	A	3.8	P0A910	P0A910_AF.pdb	A	64	P0A910_A
Y	76	A	2.5	P0A910	P0A910_AF.pdb	A	76	P0A910_A
F	18	L	1.0	P0A9X9	P0A9X9_AF.pdb	A	18	P0A9X9_A
F	18	S	1.54	P0A9X9	P0A9X9_AF.pdb	A	18	P0A9X9_A
F	20	L	0.31	P0A9X9	P0A9X9_AF.pdb	A	20	P0A9X9_A
F	20	S	1.16	P0A9X9	P0A9X9_AF.pdb	A	20	P0A9X9_A
F	31	L	0.66	P0A9X9	P0A9X9_AF.pdb	A	31	P0A9X9_A
F	31	S	1.03	P0A9X9	P0A9X9_AF.pdb	A	31	P0A9X9_A
S	52	W	0.2	P0A9X9	P0A9X9_AF.pdb	A	52	P0A9X9_A
T	68	W	-0.7	P0A9X9	P0A9X9_AF.pdb	A	68	P0A9X9_A
Y	42	W	-0.15	P0A9X9	P0A9X9_AF.pdb	A	42	P0A9X9_A
K	49	A	-1.5	P0AA04	P0AA04_AF.pdb	A	49	P0AA04_A
K	49	D	-1.65	P0AA04	P0AA04_AF.pdb	A	49	P0AA04_A
K	49	E	-2.0	P0AA04	P0AA04_AF.pdb	A	49	P0AA04_A
K	49	G	-1.1	P0AA04	P0AA04_AF.pdb	A	49	P0AA04_A
K	49	M	-1.0	P0AA04	P0AA04_AF.pdb	A	49	P0AA04_A
K	49	N	-0.35	P0AA04	P0AA04_AF.pdb	A	49	P0AA04_A
K	49	Q	-1.55	P0AA04	P0AA04_AF.pdb	A	49	P0AA04_A
K	49	R	0.15	P0AA04	P0AA04_AF.pdb	A	49	P0AA04_A
K	49	S	-1.1	P0AA04	P0AA04_AF.pdb	A	49	P0AA04_A
S	31	A	0.33	P0AA04	P0AA04_AF.pdb	A	31	P0AA04_A
S	46	A	1.0	P0AA04	P0AA04_AF.pdb	A	46	P0AA04_A
S	46	D	-1.45	P0AA04	P0AA04_AF.pdb	A	46	P0AA04_A
S	46	N	-0.4	P0AA04	P0AA04_AF.pdb	A	46	P0AA04_A
C	33	A	-5.3	P0AA25	P0AA25_AF.pdb	A	33	P0AA25_A
C	36	A	-5.9	P0AA25	P0AA25_AF.pdb	A	36	P0AA25_A
D	105	E	1.4	P0AA25	P0AA25_AF.pdb	A	105	P0AA25_A
D	14	E	-0.8	P0AA25	P0AA25_AF.pdb	A	14	P0AA25_A
D	27	A	-3.95	P0AA25	P0AA25_AF.pdb	A	27	P0AA25_A
D	27	I	-12.1	P0AA25	P0AA25_AF.pdb	A	27	P0AA25_A
D	3	E	-0.1	P0AA25	P0AA25_AF.pdb	A	3	P0AA25_A
D	44	E	-2.4	P0AA25	P0AA25_AF.pdb	A	44	P0AA25_A
D	48	E	-1.2	P0AA25	P0AA25_AF.pdb	A	48	P0AA25_A
D	62	E	2.6	P0AA25	P0AA25_AF.pdb	A	62	P0AA25_A
E	102	D	-0.5	P0AA25	P0AA25_AF.pdb	A	102	P0AA25_A
E	31	D	0.9	P0AA25	P0AA25_AF.pdb	A	31	P0AA25_A
E	45	D	2.7	P0AA25	P0AA25_AF.pdb	A	45	P0AA25_A
E	49	D	4.5	P0AA25	P0AA25_AF.pdb	A	49	P0AA25_A
E	86	D	3.6	P0AA25	P0AA25_AF.pdb	A	86	P0AA25_A
I	24	V	-1.1	P0AA25	P0AA25_AF.pdb	A	24	P0AA25_A
I	39	V	4.0	P0AA25	P0AA25_AF.pdb	A	39	P0AA25_A
I	42	V	2.7	P0AA25	P0AA25_AF.pdb	A	42	P0AA25_A
I	46	V	3.3	P0AA25	P0AA25_AF.pdb	A	46	P0AA25_A
I	61	V	0.8	P0AA25	P0AA25_AF.pdb	A	61	P0AA25_A
I	73	V	0.1	P0AA25	P0AA25_AF.pdb	A	73	P0AA25_A
I	76	V	3.0	P0AA25	P0AA25_AF.pdb	A	76	P0AA25_A
L	79	K	3.9	P0AA25	P0AA25_AF.pdb	A	79	P0AA25_A
L	79	R	4.0	P0AA25	P0AA25_AF.pdb	A	79	P0AA25_A
P	35	S	0.1	P0AA25	P0AA25_AF.pdb	A	35	P0AA25_A
P	77	A	3.9	P0AA25	P0AA25_AF.pdb	A	77	P0AA25_A
T	67	L	-7.6	P0AA25	P0AA25_AF.pdb	A	67	P0AA25_A
T	78	V	-7.9	P0AA25	P0AA25_AF.pdb	A	78	P0AA25_A
V	17	I	3.4	P0AA25	P0AA25_AF.pdb	A	17	P0AA25_A
V	26	I	3.8	P0AA25	P0AA25_AF.pdb	A	26	P0AA25_A
V	56	I	1.3	P0AA25	P0AA25_AF.pdb	A	56	P0AA25_A
V	87	I	1.6	P0AA25	P0AA25_AF.pdb	A	87	P0AA25_A
V	92	I	0.3	P0AA25	P0AA25_AF.pdb	A	92	P0AA25_A
A	109	G	3.2	P0ABE7	P0ABE7_AF.pdb	A	109	P0ABE7_A
A	112	G	2.34	P0ABE7	P0ABE7_AF.pdb	A	112	P0ABE7_A
A	113	G	1.6	P0ABE7	P0ABE7_AF.pdb	A	113	P0ABE7_A
A	42	G	1.97	P0ABE7	P0ABE7_AF.pdb	A	42	P0ABE7_A
A	45	G	2.38	P0ABE7	P0ABE7_AF.pdb	A	45	P0ABE7_A
A	58	G	2.61	P0ABE7	P0ABE7_AF.pdb	A	58	P0ABE7_A
A	59	G	4.15	P0ABE7	P0ABE7_AF.pdb	A	59	P0ABE7_A
A	62	G	0.57	P0ABE7	P0ABE7_AF.pdb	A	62	P0ABE7_A
D	95	A	1.57	P0ABE7	P0ABE7_AF.pdb	A	95	P0ABE7_A
E	40	A	-1.3	P0ABE7	P0ABE7_AF.pdb	A	40	P0ABE7_A
F	83	A	4.52	P0ABE7	P0ABE7_AF.pdb	A	83	P0ABE7_A
F	87	A	1.92	P0ABE7	P0ABE7_AF.pdb	A	87	P0ABE7_A
I	39	A	1.3	P0ABE7	P0ABE7_AF.pdb	A	39	P0ABE7_A
I	94	A	4.79	P0ABE7	P0ABE7_AF.pdb	A	94	P0ABE7_A
K	37	A	0.2	P0ABE7	P0ABE7_AF.pdb	A	37	P0ABE7_A
K	49	A	0.17	P0ABE7	P0ABE7_AF.pdb	A	49	P0ABE7_A
K	49	G	1.0	P0ABE7	P0ABE7_AF.pdb	A	49	P0ABE7_A
K	73	G	1.32	P0ABE7	P0ABE7_AF.pdb	A	73	P0ABE7_A
L	116	A	1.5	P0ABE7	P0ABE7_AF.pdb	A	116	P0ABE7_A
L	25	A	1.6	P0ABE7	P0ABE7_AF.pdb	A	25	P0ABE7_A
L	32	A	1.86	P0ABE7	P0ABE7_AF.pdb	A	32	P0ABE7_A
L	36	A	1.92	P0ABE7	P0ABE7_AF.pdb	A	36	P0ABE7_A
L	52	A	2.83	P0ABE7	P0ABE7_AF.pdb	A	52	P0ABE7_A
L	60	G	1.44	P0ABE7	P0ABE7_AF.pdb	A	60	P0ABE7_A
L	70	A	3.73	P0ABE7	P0ABE7_AF.pdb	A	70	P0ABE7_A
L	90	A	3.88	P0ABE7	P0ABE7_AF.pdb	A	90	P0ABE7_A
L	98	A	3.48	P0ABE7	P0ABE7_AF.pdb	A	98	P0ABE7_A
M	55	A	2.97	P0ABE7	P0ABE7_AF.pdb	A	55	P0ABE7_A
M	80	A	2.91	P0ABE7	P0ABE7_AF.pdb	A	80	P0ABE7_A
R	56	A	2.25	P0ABE7	P0ABE7_AF.pdb	A	56	P0ABE7_A
R	56	G	3.26	P0ABE7	P0ABE7_AF.pdb	A	56	P0ABE7_A
V	106	A	3.42	P0ABE7	P0ABE7_AF.pdb	A	106	P0ABE7_A
V	91	G	3.61	P0ABE7	P0ABE7_AF.pdb	A	91	P0ABE7_A
Y	123	A	-0.52	P0ABE7	P0ABE7_AF.pdb	A	123	P0ABE7_A
D	122	A	1.6	P0ABQ4	P0ABQ4_AF.pdb	A	122	P0ABQ4_A
D	27	N	-1.4	P0ABQ4	P0ABQ4_AF.pdb	A	27	P0ABQ4_A
E	139	K	0.99	P0ABQ4	P0ABQ4_AF.pdb	A	139	P0ABQ4_A
E	139	Q	0.42	P0ABQ4	P0ABQ4_AF.pdb	A	139	P0ABQ4_A
F	31	A	1.9	P0ABQ4	P0ABQ4_AF.pdb	A	31	P0ABQ4_A
F	31	V	1.5	P0ABQ4	P0ABQ4_AF.pdb	A	31	P0ABQ4_A
G	121	A	-0.5	P0ABQ4	P0ABQ4_AF.pdb	A	121	P0ABQ4_A
G	121	C	-0.09	P0ABQ4	P0ABQ4_AF.pdb	A	121	P0ABQ4_A
G	121	D	-0.19	P0ABQ4	P0ABQ4_AF.pdb	A	121	P0ABQ4_A
G	121	H	0.11	P0ABQ4	P0ABQ4_AF.pdb	A	121	P0ABQ4_A
G	121	L	0.505	P0ABQ4	P0ABQ4_AF.pdb	A	121	P0ABQ4_A
G	121	S	-0.01	P0ABQ4	P0ABQ4_AF.pdb	A	121	P0ABQ4_A
G	121	V	1.105	P0ABQ4	P0ABQ4_AF.pdb	A	121	P0ABQ4_A
G	121	Y	0.2	P0ABQ4	P0ABQ4_AF.pdb	A	121	P0ABQ4_A
G	15	A	-0.7	P0ABQ4	P0ABQ4_AF.pdb	A	15	P0ABQ4_A
G	43	A	0.4	P0ABQ4	P0ABQ4_AF.pdb	A	43	P0ABQ4_A
G	67	A	-0.52	P0ABQ4	P0ABQ4_AF.pdb	A	67	P0ABQ4_A
G	67	C	0.36	P0ABQ4	P0ABQ4_AF.pdb	A	67	P0ABQ4_A
G	67	D	0.14	P0ABQ4	P0ABQ4_AF.pdb	A	67	P0ABQ4_A
G	67	L	0.44	P0ABQ4	P0ABQ4_AF.pdb	A	67	P0ABQ4_A
G	67	S	-0.07	P0ABQ4	P0ABQ4_AF.pdb	A	67	P0ABQ4_A
G	67	T	0.21	P0ABQ4	P0ABQ4_AF.pdb	A	67	P0ABQ4_A
G	67	V	0.94	P0ABQ4	P0ABQ4_AF.pdb	A	67	P0ABQ4_A
G	95	A	-1.3	P0ABQ4	P0ABQ4_AF.pdb	A	95	P0ABQ4_A
I	155	A	3.91	P0ABQ4	P0ABQ4_AF.pdb	A	155	P0ABQ4_A
I	155	D	4.1	P0ABQ4	P0ABQ4_AF.pdb	A	155	P0ABQ4_A
I	155	E	3.26	P0ABQ4	P0ABQ4_AF.pdb	A	155	P0ABQ4_A
I	155	K	3.35	P0ABQ4	P0ABQ4_AF.pdb	A	155	P0ABQ4_A
I	155	L	2.535	P0ABQ4	P0ABQ4_AF.pdb	A	155	P0ABQ4_A
I	155	Q	3.86	P0ABQ4	P0ABQ4_AF.pdb	A	155	P0ABQ4_A
I	155	R	3.28	P0ABQ4	P0ABQ4_AF.pdb	A	155	P0ABQ4_A
I	155	S	3.93	P0ABQ4	P0ABQ4_AF.pdb	A	155	P0ABQ4_A
I	155	T	3.3	P0ABQ4	P0ABQ4_AF.pdb	A	155	P0ABQ4_A
I	155	V	0.29	P0ABQ4	P0ABQ4_AF.pdb	A	155	P0ABQ4_A
I	155	W	4.31	P0ABQ4	P0ABQ4_AF.pdb	A	155	P0ABQ4_A
I	155	Y	3.64	P0ABQ4	P0ABQ4_AF.pdb	A	155	P0ABQ4_A
L	24	V	1.9	P0ABQ4	P0ABQ4_AF.pdb	A	24	P0ABQ4_A
L	28	R	-1.71	P0ABQ4	P0ABQ4_AF.pdb	A	28	P0ABQ4_A
L	54	V	-0.4	P0ABQ4	P0ABQ4_AF.pdb	A	54	P0ABQ4_A
N	59	C	0.02	P0ABQ4	P0ABQ4_AF.pdb	A	59	P0ABQ4_A
N	59	E	2.09	P0ABQ4	P0ABQ4_AF.pdb	A	59	P0ABQ4_A
N	59	G	2.92	P0ABQ4	P0ABQ4_AF.pdb	A	59	P0ABQ4_A
N	59	H	1.75	P0ABQ4	P0ABQ4_AF.pdb	A	59	P0ABQ4_A
N	59	I	0.11	P0ABQ4	P0ABQ4_AF.pdb	A	59	P0ABQ4_A
N	59	K	2.22	P0ABQ4	P0ABQ4_AF.pdb	A	59	P0ABQ4_A
N	59	L	0.03	P0ABQ4	P0ABQ4_AF.pdb	A	59	P0ABQ4_A
N	59	M	0.27	P0ABQ4	P0ABQ4_AF.pdb	A	59	P0ABQ4_A
N	59	P	1.34	P0ABQ4	P0ABQ4_AF.pdb	A	59	P0ABQ4_A
N	59	Q	0.92	P0ABQ4	P0ABQ4_AF.pdb	A	59	P0ABQ4_A
N	59	S	1.88	P0ABQ4	P0ABQ4_AF.pdb	A	59	P0ABQ4_A
N	59	T	0.32	P0ABQ4	P0ABQ4_AF.pdb	A	59	P0ABQ4_A
N	59	V	-0.22	P0ABQ4	P0ABQ4_AF.pdb	A	59	P0ABQ4_A
N	59	W	1.6	P0ABQ4	P0ABQ4_AF.pdb	A	59	P0ABQ4_A
P	21	L	0.1	P0ABQ4	P0ABQ4_AF.pdb	A	21	P0ABQ4_A
P	66	A	-1.3	P0ABQ4	P0ABQ4_AF.pdb	A	66	P0ABQ4_A
R	44	A	1.4	P0ABQ4	P0ABQ4_AF.pdb	A	44	P0ABQ4_A
R	44	L	-1.45	P0ABQ4	P0ABQ4_AF.pdb	A	44	P0ABQ4_A
S	148	A	0.47	P0ABQ4	P0ABQ4_AF.pdb	A	148	P0ABQ4_A
S	148	E	0.52	P0ABQ4	P0ABQ4_AF.pdb	A	148	P0ABQ4_A
S	148	K	0.26	P0ABQ4	P0ABQ4_AF.pdb	A	148	P0ABQ4_A
S	148	N	0.89	P0ABQ4	P0ABQ4_AF.pdb	A	148	P0ABQ4_A
S	148	P	0.26	P0ABQ4	P0ABQ4_AF.pdb	A	148	P0ABQ4_A
S	148	R	0.75	P0ABQ4	P0ABQ4_AF.pdb	A	148	P0ABQ4_A
S	148	T	0.51	P0ABQ4	P0ABQ4_AF.pdb	A	148	P0ABQ4_A
S	148	V	0.33	P0ABQ4	P0ABQ4_AF.pdb	A	148	P0ABQ4_A
T	113	V	1.2	P0ABQ4	P0ABQ4_AF.pdb	A	113	P0ABQ4_A
T	35	A	1.1	P0ABQ4	P0ABQ4_AF.pdb	A	35	P0ABQ4_A
V	40	A	1.55	P0ABQ4	P0ABQ4_AF.pdb	A	40	P0ABQ4_A
V	40	F	2.15	P0ABQ4	P0ABQ4_AF.pdb	A	40	P0ABQ4_A
V	40	H	3.27	P0ABQ4	P0ABQ4_AF.pdb	A	40	P0ABQ4_A
V	40	I	0.85	P0ABQ4	P0ABQ4_AF.pdb	A	40	P0ABQ4_A
V	40	L	1.35	P0ABQ4	P0ABQ4_AF.pdb	A	40	P0ABQ4_A
V	40	M	2.0	P0ABQ4	P0ABQ4_AF.pdb	A	40	P0ABQ4_A
V	40	N	2.17	P0ABQ4	P0ABQ4_AF.pdb	A	40	P0ABQ4_A
V	40	R	1.72	P0ABQ4	P0ABQ4_AF.pdb	A	40	P0ABQ4_A
V	40	S	2.52	P0ABQ4	P0ABQ4_AF.pdb	A	40	P0ABQ4_A
V	75	A	-0.1	P0ABQ4	P0ABQ4_AF.pdb	A	75	P0ABQ4_A
V	75	C	-0.1	P0ABQ4	P0ABQ4_AF.pdb	A	75	P0ABQ4_A
V	75	H	1.3	P0ABQ4	P0ABQ4_AF.pdb	A	75	P0ABQ4_A
V	75	I	1.3	P0ABQ4	P0ABQ4_AF.pdb	A	75	P0ABQ4_A
V	75	R	1.2	P0ABQ4	P0ABQ4_AF.pdb	A	75	P0ABQ4_A
V	75	S	-0.3	P0ABQ4	P0ABQ4_AF.pdb	A	75	P0ABQ4_A
V	75	Y	1.3	P0ABQ4	P0ABQ4_AF.pdb	A	75	P0ABQ4_A
V	88	A	-0.39	P0ABQ4	P0ABQ4_AF.pdb	A	88	P0ABQ4_A
V	88	I	-0.75	P0ABQ4	P0ABQ4_AF.pdb	A	88	P0ABQ4_A
W	22	L	-0.1	P0ABQ4	P0ABQ4_AF.pdb	A	22	P0ABQ4_A
W	30	A	2.33	P0ABQ4	P0ABQ4_AF.pdb	A	30	P0ABQ4_A
W	30	E	2.89	P0ABQ4	P0ABQ4_AF.pdb	A	30	P0ABQ4_A
W	30	H	2.78	P0ABQ4	P0ABQ4_AF.pdb	A	30	P0ABQ4_A
W	30	M	2.03	P0ABQ4	P0ABQ4_AF.pdb	A	30	P0ABQ4_A
W	30	N	2.52	P0ABQ4	P0ABQ4_AF.pdb	A	30	P0ABQ4_A
W	30	R	2.49	P0ABQ4	P0ABQ4_AF.pdb	A	30	P0ABQ4_A
W	30	S	2.74	P0ABQ4	P0ABQ4_AF.pdb	A	30	P0ABQ4_A
W	30	Y	2.16	P0ABQ4	P0ABQ4_AF.pdb	A	30	P0ABQ4_A
W	74	F	1.2	P0ABQ4	P0ABQ4_AF.pdb	A	74	P0ABQ4_A
S	129	A	0.26	P0ACJ8	P0ACJ8_AF.pdb	A	129	P0ACJ8_A
S	129	P	-0.14	P0ACJ8	P0ACJ8_AF.pdb	A	129	P0ACJ8_A
A	101	G	1.0	P0AE67	P0AE67_AF.pdb	A	101	P0AE67_A
A	113	G	0.8	P0AE67	P0AE67_AF.pdb	A	113	P0AE67_A
A	114	G	0.5	P0AE67	P0AE67_AF.pdb	A	114	P0AE67_A
A	48	G	-0.2	P0AE67	P0AE67_AF.pdb	A	48	P0AE67_A
A	74	G	0.3	P0AE67	P0AE67_AF.pdb	A	74	P0AE67_A
A	77	G	0.3	P0AE67	P0AE67_AF.pdb	A	77	P0AE67_A
A	80	G	-0.6	P0AE67	P0AE67_AF.pdb	A	80	P0AE67_A
A	88	G	-0.1	P0AE67	P0AE67_AF.pdb	A	88	P0AE67_A
A	90	G	-0.5	P0AE67	P0AE67_AF.pdb	A	90	P0AE67_A
A	99	G	0.5	P0AE67	P0AE67_AF.pdb	A	99	P0AE67_A
D	12	A	-2.5	P0AE67	P0AE67_AF.pdb	A	12	P0AE67_A
D	13	A	-2.7	P0AE67	P0AE67_AF.pdb	A	13	P0AE67_A
D	57	A	-3.3	P0AE67	P0AE67_AF.pdb	A	57	P0AE67_A
F	14	N	-2.9	P0AE67	P0AE67_AF.pdb	A	14	P0AE67_A
A	302	G	1.6949999999999998	P0AEX9	P0AEX9_AF.pdb	A	302	P0AEX9_A
D	81	N	0.0	P0AEX9	P0AEX9_AF.pdb	A	81	P0AEX9_A
G	45	C	2.3	P0AEX9	P0AEX9_AF.pdb	A	45	P0AEX9_A
I	187	A	3.033333333333333	P0AEX9	P0AEX9_AF.pdb	A	187	P0AEX9_A
I	85	A	1.2	P0AEX9	P0AEX9_AF.pdb	A	85	P0AEX9_A
L	173	A	3.0	P0AEX9	P0AEX9_AF.pdb	A	173	P0AEX9_A
L	218	A	3.1	P0AEX9	P0AEX9_AF.pdb	A	218	P0AEX9_A
L	221	A	4.2	P0AEX9	P0AEX9_AF.pdb	A	221	P0AEX9_A
L	387	A	2.0	P0AEX9	P0AEX9_AF.pdb	A	387	P0AEX9_A
P	159	A	0.3	P0AEX9	P0AEX9_AF.pdb	A	159	P0AEX9_A
P	185	A	0.9333333333333332	P0AEX9	P0AEX9_AF.pdb	A	185	P0AEX9_A
P	185	S	1.5333333333333332	P0AEX9	P0AEX9_AF.pdb	A	185	P0AEX9_A
P	74	A	-0.5	P0AEX9	P0AEX9_AF.pdb	A	74	P0AEX9_A
T	371	I	-0.7	P0AEX9	P0AEX9_AF.pdb	A	371	P0AEX9_A
V	34	G	1.1	P0AEX9	P0AEX9_AF.pdb	A	34	P0AEX9_A
V	373	A	2.0	P0AEX9	P0AEX9_AF.pdb	A	373	P0AEX9_A
W	36	A	4.3	P0AEX9	P0AEX9_AF.pdb	A	36	P0AEX9_A
Y	309	D	3.2	P0AEX9	P0AEX9_AF.pdb	A	309	P0AEX9_A
A	113	G	-0.04	P0AFG6	P0AFG6_AF.pdb	A	113	P0AFG6_A
A	117	G	-0.32	P0AFG6	P0AFG6_AF.pdb	A	117	P0AFG6_A
A	123	G	-0.93	P0AFG6	P0AFG6_AF.pdb	A	123	P0AFG6_A
A	129	G	-0.56	P0AFG6	P0AFG6_AF.pdb	A	129	P0AFG6_A
A	131	G	-0.52	P0AFG6	P0AFG6_AF.pdb	A	131	P0AFG6_A
A	151	G	-0.07	P0AFG6	P0AFG6_AF.pdb	A	151	P0AFG6_A
D	145	N	-3.1	P0AFG6	P0AFG6_AF.pdb	A	145	P0AFG6_A
H	149	A	0.06	P0AFG6	P0AFG6_AF.pdb	A	149	P0AFG6_A
H	149	G	-1.87	P0AFG6	P0AFG6_AF.pdb	A	149	P0AFG6_A
I	118	A	-1.24	P0AFG6	P0AFG6_AF.pdb	A	118	P0AFG6_A
I	118	V	-0.03	P0AFG6	P0AFG6_AF.pdb	A	118	P0AFG6_A
I	132	V	-0.7	P0AFG6	P0AFG6_AF.pdb	A	132	P0AFG6_A
L	114	A	-0.9	P0AFG6	P0AFG6_AF.pdb	A	114	P0AFG6_A
L	121	A	-1.6	P0AFG6	P0AFG6_AF.pdb	A	121	P0AFG6_A
L	122	A	-3.5	P0AFG6	P0AFG6_AF.pdb	A	122	P0AFG6_A
L	127	A	-1.37	P0AFG6	P0AFG6_AF.pdb	A	127	P0AFG6_A
L	141	A	-2.12	P0AFG6	P0AFG6_AF.pdb	A	141	P0AFG6_A
L	150	A	-0.6699999999999999	P0AFG6	P0AFG6_AF.pdb	A	150	P0AFG6_A
P	116	A	0.38	P0AFG6	P0AFG6_AF.pdb	A	116	P0AFG6_A
S	115	G	-0.57	P0AFG6	P0AFG6_AF.pdb	A	115	P0AFG6_A
T	135	A	-1.68	P0AFG6	P0AFG6_AF.pdb	A	135	P0AFG6_A
T	135	S	-0.29	P0AFG6	P0AFG6_AF.pdb	A	135	P0AFG6_A
T	142	S	-1.32	P0AFG6	P0AFG6_AF.pdb	A	142	P0AFG6_A
V	137	G	-0.98	P0AFG6	P0AFG6_AF.pdb	A	137	P0AFG6_A
V	146	A	-2.02	P0AFG6	P0AFG6_AF.pdb	A	146	P0AFG6_A
A	155	K	1.69	P10762	P10762_AF.pdb	A	155	P10762_A
L	33	K	1.36	P10762	P10762_AF.pdb	A	33	P10762_A
T	159	A	1.32	P10762	P10762_AF.pdb	A	159	P10762_A
T	47	A	-0.6	P10762	P10762_AF.pdb	A	47	P10762_A
E	100	A	1.41	P10912	P10912_AF.pdb	A	100	P10912_A
E	100	D	1.98	P10912	P10912_AF.pdb	A	100	P10912_A
E	100	L	1.24	P10912	P10912_AF.pdb	A	100	P10912_A
E	100	Q	1.24	P10912	P10912_AF.pdb	A	100	P10912_A
E	100	S	1.11	P10912	P10912_AF.pdb	A	100	P10912_A
E	100	T	1.72	P10912	P10912_AF.pdb	A	100	P10912_A
E	124	Q	2.9	P11309	P11309_AF.pdb	A	124	P11309_A
E	135	K	4.59	P11309	P11309_AF.pdb	A	135	P11309_A
E	142	D	3.22	P11309	P11309_AF.pdb	A	142	P11309_A
Y	53	H	3.3	P11309	P11309_AF.pdb	A	53	P11309_A
C	41	A	-0.1	P11540	P11540_AF.pdb	A	41	P11540_A
E	58	K	0.65	P11540	P11540_AF.pdb	A	58	P11540_A
I	6	V	-1.0	P11540	P11540_AF.pdb	A	6	P11540_A
K	22	A	1.1	P11540	P11540_AF.pdb	A	22	P11540_A
K	22	Q	0.95	P11540	P11540_AF.pdb	A	22	P11540_A
K	23	Q	0.8	P11540	P11540_AF.pdb	A	23	P11540_A
K	61	E	1.1	P11540	P11540_AF.pdb	A	61	P11540_A
K	61	L	-0.7	P11540	P11540_AF.pdb	A	61	P11540_A
K	79	Q	-0.35	P11540	P11540_AF.pdb	A	79	P11540_A
L	17	V	-1.1	P11540	P11540_AF.pdb	A	17	P11540_A
L	35	V	-1.1	P11540	P11540_AF.pdb	A	35	P11540_A
L	52	V	-0.6	P11540	P11540_AF.pdb	A	52	P11540_A
R	76	L	-0.7	P11540	P11540_AF.pdb	A	76	P11540_A
R	76	Q	0.35	P11540	P11540_AF.pdb	A	76	P11540_A
A	131	G	1.7	P11961	P11961_AF.pdb	A	131	P11961_A
A	139	G	2.3	P11961	P11961_AF.pdb	A	139	P11961_A
A	168	G	0.3	P11961	P11961_AF.pdb	A	168	P11961_A
D	145	A	2.1	P11961	P11961_AF.pdb	A	145	P11961_A
D	145	N	0.9	P11961	P11961_AF.pdb	A	145	P11961_A
D	162	N	2.0	P11961	P11961_AF.pdb	A	162	P11961_A
D	164	A	2.3	P11961	P11961_AF.pdb	A	164	P11961_A
D	164	G	3.7	P11961	P11961_AF.pdb	A	164	P11961_A
D	164	N	1.9	P11961	P11961_AF.pdb	A	164	P11961_A
E	141	A	0.7	P11961	P11961_AF.pdb	A	141	P11961_A
E	141	Q	0.4	P11961	P11961_AF.pdb	A	141	P11961_A
I	130	A	0.7	P11961	P11961_AF.pdb	A	130	P11961_A
I	130	G	1.4	P11961	P11961_AF.pdb	A	130	P11961_A
I	130	V	0.2	P11961	P11961_AF.pdb	A	130	P11961_A
I	163	V	0.5	P11961	P11961_AF.pdb	A	163	P11961_A
L	159	A	2.0	P11961	P11961_AF.pdb	A	159	P11961_A
L	159	G	1.9	P11961	P11961_AF.pdb	A	159	P11961_A
L	159	V	0.6	P11961	P11961_AF.pdb	A	159	P11961_A
L	167	A	1.2	P11961	P11961_AF.pdb	A	167	P11961_A
L	167	V	0.2	P11961	P11961_AF.pdb	A	167	P11961_A
V	129	A	0.7	P11961	P11961_AF.pdb	A	129	P11961_A
V	129	G	1.0	P11961	P11961_AF.pdb	A	129	P11961_A
V	149	A	2.8	P11961	P11961_AF.pdb	A	149	P11961_A
V	149	G	4.1	P11961	P11961_AF.pdb	A	149	P11961_A
V	158	A	3.2	P11961	P11961_AF.pdb	A	158	P11961_A
Y	138	F	2.0	P11961	P11961_AF.pdb	A	138	P11961_A
V	30	I	-0.7	P13123	P13123_AF.pdb	A	30	P13123_A
A	25	G	0.14	P13479	P13479_AF.pdb	A	25	P13479_A
E	31	L	0.67	P13479	P13479_AF.pdb	A	31	P13479_A
E	41	V	-0.88	P13479	P13479_AF.pdb	A	41	P13479_A
T	27	G	1.43	P13479	P13479_AF.pdb	A	27	P13479_A
V	19	L	1.82	P13479	P13479_AF.pdb	A	19	P13479_A
V	34	L	-0.33	P13479	P13479_AF.pdb	A	34	P13479_A
V	37	L	0.26	P13479	P13479_AF.pdb	A	37	P13479_A
V	68	I	0.81	P13479	P13479_AF.pdb	A	68	P13479_A
V	71	I	-0.07	P13479	P13479_AF.pdb	A	71	P13479_A
R	232	W	-0.6	P13726	P13726_AF.pdb	A	232	P13726_A
H	124	N	-0.4866666666666666	P15917	P15917_AF.pdb	A	124	P15917_A
I	72	A	-0.4833333333333333	P15917	P15917_AF.pdb	A	72	P15917_A
V	103	A	-0.94	P15917	P15917_AF.pdb	A	103	P15917_A
Q	199	R	-0.48	P16304	P16304_AF.pdb	A	199	P16304_A
I	309	L	-0.4499999999999999	P17778	P17778_AF.pdb	A	309	P17778_A
D	36	A	-0.905	P19614	P19614_AF.pdb	A	36	P19614_A
D	58	N	0.06	P19614	P19614_AF.pdb	A	58	P19614_A
R	23	A	0.7	P19614	P19614_AF.pdb	A	23	P19614_A
R	39	A	0.69	P19614	P19614_AF.pdb	A	39	P19614_A
R	47	A	0.555	P19614	P19614_AF.pdb	A	47	P19614_A
A	609	G	2.33	P20533	P20533_AF.pdb	A	609	P20533_A
A	626	G	1.88	P20533	P20533_AF.pdb	A	626	P20533_A
F	622	L	2.5	P20533	P20533_AF.pdb	A	622	P20533_A
I	576	A	3.11	P20533	P20533_AF.pdb	A	576	P20533_A
I	611	A	3.63	P20533	P20533_AF.pdb	A	611	P20533_A
L	566	A	2.52	P20533	P20533_AF.pdb	A	566	P20533_A
L	578	A	5.54	P20533	P20533_AF.pdb	A	578	P20533_A
L	600	A	2.78	P20533	P20533_AF.pdb	A	600	P20533_A
L	614	A	5.26	P20533	P20533_AF.pdb	A	614	P20533_A
N	596	A	1.0	P20533	P20533_AF.pdb	A	596	P20533_A
S	568	A	-0.1	P20533	P20533_AF.pdb	A	568	P20533_A
S	637	A	1.42	P20533	P20533_AF.pdb	A	637	P20533_A
T	602	A	-1.49	P20533	P20533_AF.pdb	A	602	P20533_A
V	589	A	1.77	P20533	P20533_AF.pdb	A	589	P20533_A
V	594	A	4.19	P20533	P20533_AF.pdb	A	594	P20533_A
V	604	A	1.58	P20533	P20533_AF.pdb	A	604	P20533_A
V	624	A	4.07	P20533	P20533_AF.pdb	A	624	P20533_A
V	640	A	1.66	P20533	P20533_AF.pdb	A	640	P20533_A
V	642	A	1.44	P20533	P20533_AF.pdb	A	642	P20533_A
Y	592	F	1.77	P20533	P20533_AF.pdb	A	592	P20533_A
Y	592	L	5.97	P20533	P20533_AF.pdb	A	592	P20533_A
Y	620	F	1.52	P20533	P20533_AF.pdb	A	620	P20533_A
Y	620	L	4.38	P20533	P20533_AF.pdb	A	620	P20533_A
F	28	A	5.0	P22069	P22069_AF.pdb	A	28	P22069_A
F	28	T	5.31	P22069	P22069_AF.pdb	A	28	P22069_A
F	36	Y	4.66	P22069	P22069_AF.pdb	A	36	P22069_A
M	23	L	2.22	P22069	P22069_AF.pdb	A	23	P22069_A
A	35	G	0.5	P23370	P23370_AF.pdb	A	35	P23370_A
I	26	A	2.9	P23370	P23370_AF.pdb	A	26	P23370_A
I	8	A	3.7000000000000006	P23370	P23370_AF.pdb	A	8	P23370_A
L	75	A	0.7999999999999999	P23370	P23370_AF.pdb	A	75	P23370_A
L	79	A	3.575	P23370	P23370_AF.pdb	A	79	P23370_A
V	37	A	2.325	P23370	P23370_AF.pdb	A	37	P23370_A
V	65	A	2.75	P23370	P23370_AF.pdb	A	65	P23370_A
V	85	A	2.65	P23370	P23370_AF.pdb	A	85	P23370_A
V	88	A	1.825	P23370	P23370_AF.pdb	A	88	P23370_A
A	106	L	2.92	P23540	P23540_AF.pdb	A	106	P23540_A
D	108	A	0.31	P23540	P23540_AF.pdb	A	108	P23540_A
F	103	A	5.28	P23540	P23540_AF.pdb	A	103	P23540_A
F	191	A	3.23	P23540	P23540_AF.pdb	A	191	P23540_A
G	128	A	1.04	P23540	P23540_AF.pdb	A	128	P23540_A
G	174	A	0.08	P23540	P23540_AF.pdb	A	174	P23540_A
P	126	A	0.83	P23540	P23540_AF.pdb	A	126	P23540_A
V	167	A	2.32	P23540	P23540_AF.pdb	A	167	P23540_A
Y	102	A	6.69	P23540	P23540_AF.pdb	A	102	P23540_A
I	24	V	0.55	P24297	P24297_AF.pdb	A	24	P24297_A
L	33	I	0.88	P24297	P24297_AF.pdb	A	33	P24297_A
A	819	G	2.8	P24821	P24821_AF.pdb	A	819	P24821_A
A	885	G	1.09	P24821	P24821_AF.pdb	A	885	P24821_A
E	887	A	-1.61	P24821	P24821_AF.pdb	A	887	P24821_A
E	887	G	1.145	P24821	P24821_AF.pdb	A	887	P24821_A
F	889	A	5.43	P24821	P24821_AF.pdb	A	889	P24821_A
I	809	A	2.86	P24821	P24821_AF.pdb	A	809	P24821_A
I	809	V	0.18	P24821	P24821_AF.pdb	A	809	P24821_A
I	821	A	3.67	P24821	P24821_AF.pdb	A	821	P24821_A
I	821	V	0.23	P24821	P24821_AF.pdb	A	821	P24821_A
I	830	A	1.38	P24821	P24821_AF.pdb	A	830	P24821_A
I	830	V	0.32	P24821	P24821_AF.pdb	A	830	P24821_A
I	833	A	3.28	P24821	P24821_AF.pdb	A	833	P24821_A
I	833	V	0.5	P24821	P24821_AF.pdb	A	833	P24821_A
I	849	A	2.19	P24821	P24821_AF.pdb	A	849	P24821_A
I	860	A	2.06	P24821	P24821_AF.pdb	A	860	P24821_A
I	860	V	0.83	P24821	P24821_AF.pdb	A	860	P24821_A
L	835	A	4.29	P24821	P24821_AF.pdb	A	835	P24821_A
L	851	A	2.99	P24821	P24821_AF.pdb	A	851	P24821_A
L	863	A	4.22	P24821	P24821_AF.pdb	A	863	P24821_A
L	873	A	3.06	P24821	P24821_AF.pdb	A	873	P24821_A
P	806	A	2.74	P24821	P24821_AF.pdb	A	806	P24821_A
P	826	A	1.73	P24821	P24821_AF.pdb	A	826	P24821_A
P	865	A	0.93	P24821	P24821_AF.pdb	A	865	P24821_A
P	884	A	0.11	P24821	P24821_AF.pdb	A	884	P24821_A
S	875	A	-0.04	P24821	P24821_AF.pdb	A	875	P24821_A
S	882	A	2.55	P24821	P24821_AF.pdb	A	882	P24821_A
T	867	S	1.22	P24821	P24821_AF.pdb	A	867	P24821_A
V	811	A	1.36	P24821	P24821_AF.pdb	A	811	P24821_A
V	871	A	2.81	P24821	P24821_AF.pdb	A	871	P24821_A
Y	837	A	4.22	P24821	P24821_AF.pdb	A	837	P24821_A
Y	858	A	1.38	P24821	P24821_AF.pdb	A	858	P24821_A
Y	858	G	3.45	P24821	P24821_AF.pdb	A	858	P24821_A
Y	869	A	-1.88	P24821	P24821_AF.pdb	A	869	P24821_A
D	160	Y	4.109999999999999	P25440	P25440_AF.pdb	A	160	P25440_A
D	161	N	2.615	P25440	P25440_AF.pdb	A	161	P25440_A
D	161	Y	4.02	P25440	P25440_AF.pdb	A	161	P25440_A
E	140	K	4.0	P25440	P25440_AF.pdb	A	140	P25440_A
Q	443	H	-1.285	P25440	P25440_AF.pdb	A	443	P25440_A
Y	153	H	5.9	P25440	P25440_AF.pdb	A	153	P25440_A
D	13	A	-0.24	P29160	P29160_AF.pdb	A	13	P29160_A
D	3	A	0.53	P29160	P29160_AF.pdb	A	3	P29160_A
D	45	A	-0.05	P29160	P29160_AF.pdb	A	45	P29160_A
D	49	A	-0.36	P29160	P29160_AF.pdb	A	49	P29160_A
D	88	A	1.36	P29160	P29160_AF.pdb	A	88	P29160_A
E	48	A	0.05	P29160	P29160_AF.pdb	A	48	P29160_A
E	51	A	-0.57	P29160	P29160_AF.pdb	A	51	P29160_A
E	63	A	1.29	P29160	P29160_AF.pdb	A	63	P29160_A
E	65	A	0.26	P29160	P29160_AF.pdb	A	65	P29160_A
E	70	A	0.74	P29160	P29160_AF.pdb	A	70	P29160_A
E	7	A	0.76	P29160	P29160_AF.pdb	A	7	P29160_A
E	91	A	0.41	P29160	P29160_AF.pdb	A	91	P29160_A
H	79	A	0.5	P29160	P29160_AF.pdb	A	79	P29160_A
K	10	A	0.29	P29160	P29160_AF.pdb	A	10	P29160_A
K	16	A	0.91	P29160	P29160_AF.pdb	A	16	P29160_A
K	23	A	-0.43	P29160	P29160_AF.pdb	A	23	P29160_A
K	29	A	1.2	P29160	P29160_AF.pdb	A	29	P29160_A
K	34	A	-0.12	P29160	P29160_AF.pdb	A	34	P29160_A
K	47	A	1.1	P29160	P29160_AF.pdb	A	47	P29160_A
R	22	A	-0.07	P29160	P29160_AF.pdb	A	22	P29160_A
R	40	A	0.07	P29160	P29160_AF.pdb	A	40	P29160_A
R	43	A	-0.33	P29160	P29160_AF.pdb	A	43	P29160_A
R	55	A	0.26	P29160	P29160_AF.pdb	A	55	P29160_A
R	77	A	-0.19	P29160	P29160_AF.pdb	A	77	P29160_A
R	93	A	0.31	P29160	P29160_AF.pdb	A	93	P29160_A
R	9	A	0.76	P29160	P29160_AF.pdb	A	9	P29160_A
A	53	L	-0.81	P29768	P29768_AF.pdb	A	53	P29768_A
A	69	V	-0.62	P29768	P29768_AF.pdb	A	69	P29768_A
Y	100	F	0.7	P30289	P30289_AF.pdb	A	100	P30289_A
Y	125	F	1.5	P30289	P30289_AF.pdb	A	125	P30289_A
Y	126	F	1.0	P30289	P30289_AF.pdb	A	126	P30289_A
Y	131	F	0.0	P30289	P30289_AF.pdb	A	131	P30289_A
Y	53	F	0.6	P30289	P30289_AF.pdb	A	53	P30289_A
Y	75	F	-0.5	P30289	P30289_AF.pdb	A	75	P30289_A
Y	96	F	2.6	P30289	P30289_AF.pdb	A	96	P30289_A
Y	97	F	2.1	P30289	P30289_AF.pdb	A	97	P30289_A
A	46	E	-0.02	P32081	P32081_AF.pdb	A	46	P32081_A
A	46	K	-1.41	P32081	P32081_AF.pdb	A	46	P32081_A
D	24	K	0.385	P32081	P32081_AF.pdb	A	24	P32081_A
D	24	N	0.5	P32081	P32081_AF.pdb	A	24	P32081_A
D	25	K	1.08	P32081	P32081_AF.pdb	A	25	P32081_A
D	25	Q	0.41	P32081	P32081_AF.pdb	A	25	P32081_A
E	12	K	0.24	P32081	P32081_AF.pdb	A	12	P32081_A
E	19	K	0.62	P32081	P32081_AF.pdb	A	19	P32081_A
E	19	Q	0.31	P32081	P32081_AF.pdb	A	19	P32081_A
E	21	K	0.16	P32081	P32081_AF.pdb	A	21	P32081_A
E	21	Q	0.32	P32081	P32081_AF.pdb	A	21	P32081_A
E	3	K	-2.75	P32081	P32081_AF.pdb	A	3	P32081_A
E	3	L	-0.41	P32081	P32081_AF.pdb	A	3	P32081_A
E	3	Q	-1.095	P32081	P32081_AF.pdb	A	3	P32081_A
E	3	R	-0.88	P32081	P32081_AF.pdb	A	3	P32081_A
E	42	Q	0.1666666666666666	P32081	P32081_AF.pdb	A	42	P32081_A
E	43	K	-0.24	P32081	P32081_AF.pdb	A	43	P32081_A
E	43	S	-0.29	P32081	P32081_AF.pdb	A	43	P32081_A
E	50	Q	0.96	P32081	P32081_AF.pdb	A	50	P32081_A
E	53	K	0.1433333333333333	P32081	P32081_AF.pdb	A	53	P32081_A
E	53	Q	-0.2033333333333333	P32081	P32081_AF.pdb	A	53	P32081_A
E	66	K	-2.17	P32081	P32081_AF.pdb	A	66	P32081_A
E	66	L	-1.34	P32081	P32081_AF.pdb	A	66	P32081_A
F	15	A	2.27	P32081	P32081_AF.pdb	A	15	P32081_A
F	17	A	1.53	P32081	P32081_AF.pdb	A	17	P32081_A
F	27	A	0.76	P32081	P32081_AF.pdb	A	27	P32081_A
F	38	A	-0.15	P32081	P32081_AF.pdb	A	38	P32081_A
K	13	E	0.43	P32081	P32081_AF.pdb	A	13	P32081_A
K	13	Q	0.16	P32081	P32081_AF.pdb	A	13	P32081_A
K	39	E	0.1766666666666666	P32081	P32081_AF.pdb	A	39	P32081_A
K	39	Q	0.066	P32081	P32081_AF.pdb	A	39	P32081_A
K	5	Q	0.74	P32081	P32081_AF.pdb	A	5	P32081_A
K	65	E	0.93	P32081	P32081_AF.pdb	A	65	P32081_A
K	65	I	-1.53	P32081	P32081_AF.pdb	A	65	P32081_A
K	65	Q	0.2866666666666667	P32081	P32081_AF.pdb	A	65	P32081_A
M	1	R	-1.74	P32081	P32081_AF.pdb	A	1	P32081_A
N	10	D	-0.42	P32081	P32081_AF.pdb	A	10	P32081_A
N	55	D	-0.4616666666666666	P32081	P32081_AF.pdb	A	55	P32081_A
R	56	Q	-0.254	P32081	P32081_AF.pdb	A	56	P32081_A
S	48	E	-0.0233333333333333	P32081	P32081_AF.pdb	A	48	P32081_A
S	48	K	-0.6733333333333333	P32081	P32081_AF.pdb	A	48	P32081_A
S	48	R	-1.58	P32081	P32081_AF.pdb	A	48	P32081_A
W	267	F	2.263333333333333	P33665	P33665_AF.pdb	A	267	P33665_A
H	1069	Q	0.96	P35670	P35670_AF.pdb	A	1069	P35670_A
A	110	G	0.87	P37001	P37001_AF.pdb	A	110	P37001_A
Y	112	G	6.14	P37001	P37001_AF.pdb	A	112	P37001_A
E	488	K	0.17	P37231	P37231_AF.pdb	A	488	P37231_A
F	388	L	0.4	P37231	P37231_AF.pdb	A	388	P37231_A
P	495	L	-0.11	P37231	P37231_AF.pdb	A	495	P37231_A
Q	342	P	0.3	P37231	P37231_AF.pdb	A	342	P37231_A
R	316	H	-0.06	P37231	P37231_AF.pdb	A	316	P37231_A
R	385	A	-0.19	P37231	P37231_AF.pdb	A	385	P37231_A
V	318	M	-0.03	P37231	P37231_AF.pdb	A	318	P37231_A
A	1669	S	-0.16	P38398	P38398_AF.pdb	A	1669	P38398_A
A	1843	P	4.89	P38398	P38398_AF.pdb	A	1843	P38398_A
C	1787	S	-0.37	P38398	P38398_AF.pdb	A	1787	P38398_A
D	1692	N	1.15	P38398	P38398_AF.pdb	A	1692	P38398_A
D	1778	N	0.76	P38398	P38398_AF.pdb	A	1778	P38398_A
G	1706	A	1.12	P38398	P38398_AF.pdb	A	1706	P38398_A
G	1788	D	3.97	P38398	P38398_AF.pdb	A	1788	P38398_A
G	1788	V	1.84	P38398	P38398_AF.pdb	A	1788	P38398_A
L	1664	P	1.18	P38398	P38398_AF.pdb	A	1664	P38398_A
M	1652	I	1.11	P38398	P38398_AF.pdb	A	1652	P38398_A
M	1663	K	-0.03	P38398	P38398_AF.pdb	A	1663	P38398_A
M	1663	L	-0.51	P38398	P38398_AF.pdb	A	1663	P38398_A
M	1783	T	3.73	P38398	P38398_AF.pdb	A	1783	P38398_A
P	1806	A	0.06	P38398	P38398_AF.pdb	A	1806	P38398_A
R	1699	L	-0.99	P38398	P38398_AF.pdb	A	1699	P38398_A
R	1699	Q	-1.83	P38398	P38398_AF.pdb	A	1699	P38398_A
R	1699	W	2.3	P38398	P38398_AF.pdb	A	1699	P38398_A
R	1751	Q	1.57	P38398	P38398_AF.pdb	A	1751	P38398_A
T	1773	S	0.48	P38398	P38398_AF.pdb	A	1773	P38398_A
V	1665	M	2.22	P38398	P38398_AF.pdb	A	1665	P38398_A
V	1736	A	4.2	P38398	P38398_AF.pdb	A	1736	P38398_A
V	1808	A	2.4	P38398	P38398_AF.pdb	A	1808	P38398_A
A	45	G	1.27	P39476	P39476_AF.pdb	A	45	P39476_A
A	51	G	2.1	P39476	P39476_AF.pdb	A	51	P39476_A
D	35	A	0.54	P39476	P39476_AF.pdb	A	35	P39476_A
E	12	A	0.29	P39476	P39476_AF.pdb	A	12	P39476_A
F	32	A	2.31	P39476	P39476_AF.pdb	A	32	P39476_A
G	27	A	0.76	P39476	P39476_AF.pdb	A	27	P39476_A
G	37	A	0.56	P39476	P39476_AF.pdb	A	37	P39476_A
I	17	A	1.21	P39476	P39476_AF.pdb	A	17	P39476_A
I	30	A	2.72	P39476	P39476_AF.pdb	A	30	P39476_A
I	30	V	0.4	P39476	P39476_AF.pdb	A	30	P39476_A
K	7	A	0.27	P39476	P39476_AF.pdb	A	7	P39476_A
L	55	A	3.92	P39476	P39476_AF.pdb	A	55	P39476_A
L	56	A	1.45	P39476	P39476_AF.pdb	A	56	P39476_A
L	59	A	0.67	P39476	P39476_AF.pdb	A	59	P39476_A
Q	57	G	0.43	P39476	P39476_AF.pdb	A	57	P39476_A
R	25	A	0.38	P39476	P39476_AF.pdb	A	25	P39476_A
R	43	A	0.56	P39476	P39476_AF.pdb	A	43	P39476_A
S	18	A	0.13	P39476	P39476_AF.pdb	A	18	P39476_A
S	31	A	-0.72	P39476	P39476_AF.pdb	A	31	P39476_A
S	47	A	-0.18	P39476	P39476_AF.pdb	A	47	P39476_A
T	41	A	0.84	P39476	P39476_AF.pdb	A	41	P39476_A
V	15	A	2.29	P39476	P39476_AF.pdb	A	15	P39476_A
V	23	A	0.23	P39476	P39476_AF.pdb	A	23	P39476_A
V	46	A	1.63	P39476	P39476_AF.pdb	A	46	P39476_A
V	4	A	2.12	P39476	P39476_AF.pdb	A	4	P39476_A
E	12	K	0.2733333333333333	P41016	P41016_AF.pdb	A	12	P41016_A
E	21	A	0.29	P41016	P41016_AF.pdb	A	21	P41016_A
E	46	A	-0.1	P41016	P41016_AF.pdb	A	46	P41016_A
E	46	K	0.4333333333333333	P41016	P41016_AF.pdb	A	46	P41016_A
E	50	W	-0.3	P41016	P41016_AF.pdb	A	50	P41016_A
G	23	Q	0.0	P41016	P41016_AF.pdb	A	23	P41016_A
H	29	E	0.51	P41016	P41016_AF.pdb	A	29	P41016_A
L	66	A	-0.02	P41016	P41016_AF.pdb	A	66	P41016_A
L	66	E	0.84	P41016	P41016_AF.pdb	A	66	P41016_A
N	11	S	0.0	P41016	P41016_AF.pdb	A	11	P41016_A
Q	2	L	-0.41	P41016	P41016_AF.pdb	A	2	P41016_A
Q	53	E	-0.02	P41016	P41016_AF.pdb	A	53	P41016_A
R	3	A	1.05	P41016	P41016_AF.pdb	A	3	P41016_A
R	3	E	0.84	P41016	P41016_AF.pdb	A	3	P41016_A
R	3	K	0.165	P41016	P41016_AF.pdb	A	3	P41016_A
R	3	L	-0.33	P41016	P41016_AF.pdb	A	3	P41016_A
R	56	E	-0.51	P41016	P41016_AF.pdb	A	56	P41016_A
S	24	D	-0.1	P41016	P41016_AF.pdb	A	24	P41016_A
T	31	S	-0.05	P41016	P41016_AF.pdb	A	31	P41016_A
V	64	T	0.31	P41016	P41016_AF.pdb	A	64	P41016_A
Y	15	F	0.1	P41016	P41016_AF.pdb	A	15	P41016_A
F	29	W	0.86	P42013	P42013_AF.pdb	A	29	P42013_A
L	121	R	-0.66	P42771	P42771_AF.pdb	A	121	P42771_A
L	37	S	-0.71	P42771	P42771_AF.pdb	A	37	P42771_A
W	15	D	-0.17	P42771	P42771_AF.pdb	A	15	P42771_A
F	61	W	-2.87	P54178	P54178_AF.pdb	A	61	P54178_A
W	120	F	2.89	P54178	P54178_AF.pdb	A	120	P54178_A
W	55	A	8.93	P54178	P54178_AF.pdb	A	55	P54178_A
W	55	F	4.25	P54178	P54178_AF.pdb	A	55	P54178_A
E	18	A	1.25	P61024	P61024_AF.pdb	A	18	P61024_A
F	17	L	2.79	P61024	P61024_AF.pdb	A	17	P61024_A
H	65	A	0.6	P61024	P61024_AF.pdb	A	65	P61024_A
I	6	V	0.56	P61024	P61024_AF.pdb	A	6	P61024_A
K	11	A	-0.51	P61024	P61024_AF.pdb	A	11	P61024_A
L	46	A	2.07	P61024	P61024_AF.pdb	A	46	P61024_A
L	67	A	2.03	P61024	P61024_AF.pdb	A	67	P61024_A
M	58	L	0.52	P61024	P61024_AF.pdb	A	58	P61024_A
P	62	A	-1.4	P61024	P61024_AF.pdb	A	62	P61024_A
P	64	A	0.42	P61024	P61024_AF.pdb	A	64	P61024_A
R	70	A	2.8	P61024	P61024_AF.pdb	A	70	P61024_A
R	71	A	0.68	P61024	P61024_AF.pdb	A	71	P61024_A
S	39	A	0.83	P61024	P61024_AF.pdb	A	39	P61024_A
S	9	A	0.34	P61024	P61024_AF.pdb	A	9	P61024_A
V	22	A	1.53	P61024	P61024_AF.pdb	A	22	P61024_A
V	32	A	1.13	P61024	P61024_AF.pdb	A	32	P61024_A
V	55	A	1.06	P61024	P61024_AF.pdb	A	55	P61024_A
V	55	G	2.1	P61024	P61024_AF.pdb	A	55	P61024_A
Y	8	A	0.34	P61024	P61024_AF.pdb	A	8	P61024_A
A	110	S	-0.81	P61626	P61626_AF.pdb	A	110	P61626_A
A	114	M	-0.02	P61626	P61626_AF.pdb	A	114	P61626_A
A	114	S	1.0	P61626	P61626_AF.pdb	A	114	P61626_A
A	27	S	0.02	P61626	P61626_AF.pdb	A	27	P61626_A
A	50	L	0.1	P61626	P61626_AF.pdb	A	50	P61626_A
A	50	S	0.33	P61626	P61626_AF.pdb	A	50	P61626_A
A	65	P	-1.1	P61626	P61626_AF.pdb	A	65	P61626_A
C	95	A	4.6	P61626	P61626_AF.pdb	A	95	P61626_A
D	109	P	0.8	P61626	P61626_AF.pdb	A	109	P61626_A
D	36	N	1.7	P61626	P61626_AF.pdb	A	36	P61626_A
D	67	N	1.0	P61626	P61626_AF.pdb	A	67	P61626_A
D	85	H	4.54	P61626	P61626_AF.pdb	A	85	P61626_A
D	85	N	1.975	P61626	P61626_AF.pdb	A	85	P61626_A
E	25	Q	1.36	P61626	P61626_AF.pdb	A	25	P61626_A
E	53	L	0.53	P61626	P61626_AF.pdb	A	53	P61626_A
G	123	A	0.62	P61626	P61626_AF.pdb	A	123	P61626_A
G	145	A	0.55	P61626	P61626_AF.pdb	A	145	P61626_A
G	147	A	-0.14	P61626	P61626_AF.pdb	A	147	P61626_A
G	34	A	1.39	P61626	P61626_AF.pdb	A	34	P61626_A
G	37	A	1.77	P61626	P61626_AF.pdb	A	37	P61626_A
G	40	A	1.79	P61626	P61626_AF.pdb	A	40	P61626_A
G	55	A	0.29	P61626	P61626_AF.pdb	A	55	P61626_A
G	55	Q	0.86	P61626	P61626_AF.pdb	A	55	P61626_A
G	66	A	-0.45	P61626	P61626_AF.pdb	A	66	P61626_A
G	86	A	0.12	P61626	P61626_AF.pdb	A	86	P61626_A
G	90	A	0.36	P61626	P61626_AF.pdb	A	90	P61626_A
H	96	A	0.14	P61626	P61626_AF.pdb	A	96	P61626_A
H	96	G	0.53	P61626	P61626_AF.pdb	A	96	P61626_A
I	107	A	2.7	P61626	P61626_AF.pdb	A	107	P61626_A
I	107	V	0.35	P61626	P61626_AF.pdb	A	107	P61626_A
I	124	A	0.93	P61626	P61626_AF.pdb	A	124	P61626_A
I	124	V	0.98	P61626	P61626_AF.pdb	A	124	P61626_A
I	41	A	2.54	P61626	P61626_AF.pdb	A	41	P61626_A
I	41	V	0.41	P61626	P61626_AF.pdb	A	41	P61626_A
I	74	A	3.705	P61626	P61626_AF.pdb	A	74	P61626_A
I	74	F	4.09	P61626	P61626_AF.pdb	A	74	P61626_A
I	74	L	0.1	P61626	P61626_AF.pdb	A	74	P61626_A
I	74	M	1.77	P61626	P61626_AF.pdb	A	74	P61626_A
I	74	T	6.67	P61626	P61626_AF.pdb	A	74	P61626_A
I	74	V	1.34	P61626	P61626_AF.pdb	A	74	P61626_A
I	77	A	1.31	P61626	P61626_AF.pdb	A	77	P61626_A
I	77	F	0.81	P61626	P61626_AF.pdb	A	77	P61626_A
I	77	G	3.825	P61626	P61626_AF.pdb	A	77	P61626_A
I	77	L	0.0	P61626	P61626_AF.pdb	A	77	P61626_A
I	77	M	1.29	P61626	P61626_AF.pdb	A	77	P61626_A
I	77	S	3.59	P61626	P61626_AF.pdb	A	77	P61626_A
I	77	T	2.22	P61626	P61626_AF.pdb	A	77	P61626_A
I	77	V	0.93	P61626	P61626_AF.pdb	A	77	P61626_A
I	77	Y	3.78	P61626	P61626_AF.pdb	A	77	P61626_A
K	19	A	0.6	P61626	P61626_AF.pdb	A	19	P61626_A
K	19	M	0.12	P61626	P61626_AF.pdb	A	19	P61626_A
L	26	T	3.73	P61626	P61626_AF.pdb	A	26	P61626_A
N	136	A	-0.19	P61626	P61626_AF.pdb	A	136	P61626_A
N	136	G	-0.05	P61626	P61626_AF.pdb	A	136	P61626_A
P	121	G	0.0	P61626	P61626_AF.pdb	A	121	P61626_A
P	89	G	1.2	P61626	P61626_AF.pdb	A	89	P61626_A
Q	76	A	-0.91	P61626	P61626_AF.pdb	A	76	P61626_A
Q	76	G	-2.06	P61626	P61626_AF.pdb	A	76	P61626_A
R	39	A	-1.31	P61626	P61626_AF.pdb	A	39	P61626_A
R	39	G	-1.15	P61626	P61626_AF.pdb	A	39	P61626_A
R	68	A	-0.43	P61626	P61626_AF.pdb	A	68	P61626_A
R	68	G	-0.53	P61626	P61626_AF.pdb	A	68	P61626_A
V	111	A	1.0	P61626	P61626_AF.pdb	A	111	P61626_A
V	111	T	0.67	P61626	P61626_AF.pdb	A	111	P61626_A
V	117	A	0.89	P61626	P61626_AF.pdb	A	117	P61626_A
V	117	T	0.5	P61626	P61626_AF.pdb	A	117	P61626_A
V	118	A	0.57	P61626	P61626_AF.pdb	A	118	P61626_A
V	118	F	1.65	P61626	P61626_AF.pdb	A	118	P61626_A
V	118	T	0.29	P61626	P61626_AF.pdb	A	118	P61626_A
V	128	A	-0.07	P61626	P61626_AF.pdb	A	128	P61626_A
V	128	D	-0.17	P61626	P61626_AF.pdb	A	128	P61626_A
V	128	F	0.05	P61626	P61626_AF.pdb	A	128	P61626_A
V	128	G	-0.48	P61626	P61626_AF.pdb	A	128	P61626_A
V	128	I	-0.86	P61626	P61626_AF.pdb	A	128	P61626_A
V	128	L	-0.07	P61626	P61626_AF.pdb	A	128	P61626_A
V	128	M	-0.53	P61626	P61626_AF.pdb	A	128	P61626_A
V	128	N	-0.07	P61626	P61626_AF.pdb	A	128	P61626_A
V	128	P	-2.4	P61626	P61626_AF.pdb	A	128	P61626_A
V	128	R	-0.88	P61626	P61626_AF.pdb	A	128	P61626_A
V	128	Y	0.14	P61626	P61626_AF.pdb	A	128	P61626_A
V	139	A	1.75	P61626	P61626_AF.pdb	A	139	P61626_A
V	143	A	1.6	P61626	P61626_AF.pdb	A	143	P61626_A
V	148	A	1.12	P61626	P61626_AF.pdb	A	148	P61626_A
V	20	A	1.51	P61626	P61626_AF.pdb	A	20	P61626_A
V	20	D	1.43	P61626	P61626_AF.pdb	A	20	P61626_A
V	20	F	0.86	P61626	P61626_AF.pdb	A	20	P61626_A
V	20	G	2.29	P61626	P61626_AF.pdb	A	20	P61626_A
V	20	I	-1.1	P61626	P61626_AF.pdb	A	20	P61626_A
V	20	L	0.05	P61626	P61626_AF.pdb	A	20	P61626_A
V	20	M	0.31	P61626	P61626_AF.pdb	A	20	P61626_A
V	20	N	1.34	P61626	P61626_AF.pdb	A	20	P61626_A
V	20	R	0.38	P61626	P61626_AF.pdb	A	20	P61626_A
V	20	S	1.41	P61626	P61626_AF.pdb	A	20	P61626_A
V	20	Y	0.36	P61626	P61626_AF.pdb	A	20	P61626_A
V	92	A	0.43	P61626	P61626_AF.pdb	A	92	P61626_A
V	92	D	0.43	P61626	P61626_AF.pdb	A	92	P61626_A
V	92	F	0.29	P61626	P61626_AF.pdb	A	92	P61626_A
V	92	G	0.22	P61626	P61626_AF.pdb	A	92	P61626_A
V	92	I	-0.45	P61626	P61626_AF.pdb	A	92	P61626_A
V	92	L	-0.19	P61626	P61626_AF.pdb	A	92	P61626_A
V	92	M	-0.65	P61626	P61626_AF.pdb	A	92	P61626_A
V	92	N	0.33	P61626	P61626_AF.pdb	A	92	P61626_A
V	92	R	0.07	P61626	P61626_AF.pdb	A	92	P61626_A
V	92	S	0.38	P61626	P61626_AF.pdb	A	92	P61626_A
V	92	Y	0.24	P61626	P61626_AF.pdb	A	92	P61626_A
Y	142	F	0.36	P61626	P61626_AF.pdb	A	142	P61626_A
Y	38	F	0.5	P61626	P61626_AF.pdb	A	38	P61626_A
Y	56	A	2.49	P61626	P61626_AF.pdb	A	56	P61626_A
Y	56	F	0.19	P61626	P61626_AF.pdb	A	56	P61626_A
Y	56	G	2.32	P61626	P61626_AF.pdb	A	56	P61626_A
Y	63	F	-0.07	P61626	P61626_AF.pdb	A	63	P61626_A
Y	72	F	0.96	P61626	P61626_AF.pdb	A	72	P61626_A
Y	81	F	0.24	P61626	P61626_AF.pdb	A	81	P61626_A
P	119	A	2.7	P61823	P61823_AF.pdb	A	119	P61823_A
P	119	S	2.1	P61823	P61823_AF.pdb	A	119	P61823_A
P	140	A	3.2	P61823	P61823_AF.pdb	A	140	P61823_A
P	140	G	2.8	P61823	P61823_AF.pdb	A	140	P61823_A
W	103	F	-0.65	P62166	P62166_AF.pdb	A	103	P62166_A
W	30	F	0.48	P62166	P62166_AF.pdb	A	30	P62166_A
A	40	S	3.5	P62593	P62593_AF.pdb	A	40	P62593_A
C	75	S	1.68	P62593	P62593_AF.pdb	A	75	P62593_A
E	102	K	-0.64	P62593	P62593_AF.pdb	A	102	P62593_A
G	234	S	1.01	P62593	P62593_AF.pdb	A	234	P62593_A
M	180	T	3.5	P62593	P62593_AF.pdb	A	180	P62593_A
R	162	H	0.2566666666666666	P62593	P62593_AF.pdb	A	162	P62593_A
R	162	S	0.61	P62593	P62593_AF.pdb	A	162	P62593_A
S	233	A	-0.58	P62593	P62593_AF.pdb	A	233	P62593_A
H	27	V	3.78	P62898	P62898_AF.pdb	A	27	P62898_A
H	34	F	-0.67	P62898	P62898_AF.pdb	A	34	P62898_A
N	53	I	3.14	P62898	P62898_AF.pdb	A	53	P62898_A
P	31	A	5.565	P62898	P62898_AF.pdb	A	31	P62898_A
P	31	V	5.0	P62898	P62898_AF.pdb	A	31	P62898_A
Y	68	F	2.135	P62898	P62898_AF.pdb	A	68	P62898_A
D	33	N	-0.08	P62942	P62942_AF.pdb	A	33	P62942_A
D	38	S	0.44	P62942	P62942_AF.pdb	A	38	P62942_A
E	32	Q	-0.03	P62942	P62942_AF.pdb	A	32	P62942_A
F	37	A	3.54	P62942	P62942_AF.pdb	A	37	P62942_A
H	95	N	-0.66	P62942	P62942_AF.pdb	A	95	P62942_A
I	57	A	2.48	P62942	P62942_AF.pdb	A	57	P62942_A
I	57	D	3.16	P62942	P62942_AF.pdb	A	57	P62942_A
I	57	T	1.81	P62942	P62942_AF.pdb	A	57	P62942_A
I	77	A	3.81	P62942	P62942_AF.pdb	A	77	P62942_A
I	92	A	1.54	P62942	P62942_AF.pdb	A	92	P62942_A
I	92	V	0.38	P62942	P62942_AF.pdb	A	92	P62942_A
K	106	N	-0.14	P62942	P62942_AF.pdb	A	106	P62942_A
K	18	D	1.91	P62942	P62942_AF.pdb	A	18	P62942_A
K	45	E	-0.13	P62942	P62942_AF.pdb	A	45	P62942_A
L	107	A	2.32	P62942	P62942_AF.pdb	A	107	P62942_A
L	51	A	2.57	P62942	P62942_AF.pdb	A	51	P62942_A
M	50	R	-0.14	P62942	P62942_AF.pdb	A	50	P62942_A
Q	4	E	0.34	P62942	P62942_AF.pdb	A	4	P62942_A
Q	71	D	2.67	P62942	P62942_AF.pdb	A	71	P62942_A
R	19	K	-0.2	P62942	P62942_AF.pdb	A	19	P62942_A
R	43	A	0.64	P62942	P62942_AF.pdb	A	43	P62942_A
R	58	K	0.3	P62942	P62942_AF.pdb	A	58	P62942_A
S	68	E	1.55	P62942	P62942_AF.pdb	A	68	P62942_A
T	22	A	1.6	P62942	P62942_AF.pdb	A	22	P62942_A
T	22	K	1.27	P62942	P62942_AF.pdb	A	22	P62942_A
T	22	S	1.44	P62942	P62942_AF.pdb	A	22	P62942_A
T	22	V	-0.86	P62942	P62942_AF.pdb	A	22	P62942_A
T	28	A	1.97	P62942	P62942_AF.pdb	A	28	P62942_A
T	28	S	1.49	P62942	P62942_AF.pdb	A	28	P62942_A
T	28	V	-0.23	P62942	P62942_AF.pdb	A	28	P62942_A
T	76	A	2.625	P62942	P62942_AF.pdb	A	76	P62942_A
T	76	V	0.81	P62942	P62942_AF.pdb	A	76	P62942_A
T	97	D	2.92	P62942	P62942_AF.pdb	A	97	P62942_A
V	24	A	2.97	P62942	P62942_AF.pdb	A	24	P62942_A
V	25	A	3.19	P62942	P62942_AF.pdb	A	25	P62942_A
V	3	A	2.43	P62942	P62942_AF.pdb	A	3	P62942_A
V	56	A	2.13	P62942	P62942_AF.pdb	A	56	P62942_A
V	5	A	2.78	P62942	P62942_AF.pdb	A	5	P62942_A
W	60	F	2.72	P62942	P62942_AF.pdb	A	60	P62942_A
W	60	L	2.35	P62942	P62942_AF.pdb	A	60	P62942_A
D	139	H	-0.62	P63159	P63159_AF.pdb	A	139	P63159_A
I	122	H	0.615	P63159	P63159_AF.pdb	A	122	P63159_A
S	121	H	1.675	P63159	P63159_AF.pdb	A	121	P63159_A
V	93	A	0.26	P67881	P67881_AF.pdb	A	93	P67881_A
D	84	H	1.4	P69441	P69441_AF.pdb	A	84	P69441_A
F	86	L	0.8	P69441	P69441_AF.pdb	A	86	P69441_A
G	85	V	2.4	P69441	P69441_AF.pdb	A	85	P69441_A
R	88	G	0.2	P69441	P69441_AF.pdb	A	88	P69441_A
E	59	K	-3.92	P69488	P69488_AF.pdb	A	59	P69488_A
E	59	L	-2.89	P69488	P69488_AF.pdb	A	59	P69488_A
E	61	T	-3.15	P69488	P69488_AF.pdb	A	61	P69488_A
E	61	V	-3.42	P69488	P69488_AF.pdb	A	61	P69488_A
Q	73	V	4.13	P69488	P69488_AF.pdb	A	73	P69488_A
S	11	A	-4.95	P69488	P69488_AF.pdb	A	11	P69488_A
S	11	V	-9.73	P69488	P69488_AF.pdb	A	11	P69488_A
Y	86	D	6.38	P69488	P69488_AF.pdb	A	86	P69488_A
S	23	A	0.8	P69776	P69776_AF.pdb	A	23	P69776_A
Y	76	A	1.1	P69776	P69776_AF.pdb	A	76	P69776_A
D	332	G	1.44	P78352	P78352_AF.pdb	A	332	P78352_A
D	332	P	1.44	P78352	P78352_AF.pdb	A	332	P78352_A
E	334	L	3.35	P78352	P78352_AF.pdb	A	334	P78352_A
E	334	Q	1.68	P78352	P78352_AF.pdb	A	334	P78352_A
D	9	A	-1.26	P81662	P81662_AF.pdb	A	9	P81662_A
E	2	A	0.23	P81662	P81662_AF.pdb	A	2	P81662_A
A	93	S	0.26	P81708	P81708_AF.pdb	A	93	P81708_A
H	21	G	0.48	P81708	P81708_AF.pdb	A	21	P81708_A
I	56	L	0.24	P81708	P81708_AF.pdb	A	56	P81708_A
V	109	K	0.43	P81708	P81708_AF.pdb	A	109	P81708_A
G	126	D	1.71	P83876	P83876_AF.pdb	A	126	P83876_A
E	232	A	0.6499999999999999	P96110	P96110_AF.pdb	A	232	P96110_A
K	194	A	-0.665	P96110	P96110_AF.pdb	A	194	P96110_A
R	191	A	0.365	P96110	P96110_AF.pdb	A	191	P96110_A
A	33	P	-3.2	Q03026	Q03026_AF.pdb	A	33	Q03026_A
D	35	A	-2.7	Q03026	Q03026_AF.pdb	A	35	Q03026_A
W	40	F	-1.1	Q03026	Q03026_AF.pdb	A	40	Q03026_A
D	288	A	-1.2	Q03689	Q03689_AF.pdb	A	288	Q03689_A
E	272	A	-1.9	Q03689	Q03689_AF.pdb	A	272	Q03689_A
G	278	A	0.8	Q03689	Q03689_AF.pdb	A	278	Q03689_A
K	229	A	-1.5	Q03689	Q03689_AF.pdb	A	229	Q03689_A
L	241	A	-1.0	Q03689	Q03689_AF.pdb	A	241	Q03689_A
S	273	A	-1.4	Q03689	Q03689_AF.pdb	A	273	Q03689_A
V	239	A	-1.0	Q03689	Q03689_AF.pdb	A	239	Q03689_A
V	264	A	-1.0	Q03689	Q03689_AF.pdb	A	264	Q03689_A
V	267	A	-0.2	Q03689	Q03689_AF.pdb	A	267	Q03689_A
T	22	G	-3.6	Q08012	Q08012_AF.pdb	A	22	Q08012_A
A	31	G	1.49	Q13526	Q13526_AF.pdb	A	31	Q13526_A
E	12	A	0.48	Q13526	Q13526_AF.pdb	A	12	Q13526_A
E	35	A	0.73	Q13526	Q13526_AF.pdb	A	35	Q13526_A
F	25	L	1.37	Q13526	Q13526_AF.pdb	A	25	Q13526_A
F	25	Y	-0.22	Q13526	Q13526_AF.pdb	A	25	Q13526_A
G	10	A	0.85	Q13526	Q13526_AF.pdb	A	10	Q13526_A
G	20	A	0.86	Q13526	Q13526_AF.pdb	A	20	Q13526_A
H	27	A	0.12	Q13526	Q13526_AF.pdb	A	27	Q13526_A
H	27	G	0.68	Q13526	Q13526_AF.pdb	A	27	Q13526_A
I	28	A	0.36	Q13526	Q13526_AF.pdb	A	28	Q13526_A
I	28	G	0.48	Q13526	Q13526_AF.pdb	A	28	Q13526_A
K	13	A	0.02	Q13526	Q13526_AF.pdb	A	13	Q13526_A
K	6	A	-0.15	Q13526	Q13526_AF.pdb	A	6	Q13526_A
L	7	I	0.85	Q13526	Q13526_AF.pdb	A	7	Q13526_A
L	7	N	0.9	Q13526	Q13526_AF.pdb	A	7	Q13526_A
L	7	V	1.26	Q13526	Q13526_AF.pdb	A	7	Q13526_A
M	15	A	0.59	Q13526	Q13526_AF.pdb	A	15	Q13526_A
N	30	A	0.47	Q13526	Q13526_AF.pdb	A	30	Q13526_A
N	30	G	-0.53	Q13526	Q13526_AF.pdb	A	30	Q13526_A
P	8	A	0.97	Q13526	Q13526_AF.pdb	A	8	Q13526_A
P	8	G	0.92	Q13526	Q13526_AF.pdb	A	8	Q13526_A
P	9	A	0.19	Q13526	Q13526_AF.pdb	A	9	Q13526_A
P	9	G	0.49	Q13526	Q13526_AF.pdb	A	9	Q13526_A
Q	33	A	0.57	Q13526	Q13526_AF.pdb	A	33	Q13526_A
R	17	A	0.0	Q13526	Q13526_AF.pdb	A	17	Q13526_A
R	17	G	0.22	Q13526	Q13526_AF.pdb	A	17	Q13526_A
R	21	A	0.65	Q13526	Q13526_AF.pdb	A	21	Q13526_A
R	21	G	0.67	Q13526	Q13526_AF.pdb	A	21	Q13526_A
R	36	A	0.29	Q13526	Q13526_AF.pdb	A	36	Q13526_A
S	16	A	0.44	Q13526	Q13526_AF.pdb	A	16	Q13526_A
S	16	G	0.92	Q13526	Q13526_AF.pdb	A	16	Q13526_A
S	18	A	-0.03	Q13526	Q13526_AF.pdb	A	18	Q13526_A
S	18	G	-0.02	Q13526	Q13526_AF.pdb	A	18	Q13526_A
S	19	A	0.14	Q13526	Q13526_AF.pdb	A	19	Q13526_A
S	19	G	-0.01	Q13526	Q13526_AF.pdb	A	19	Q13526_A
S	32	A	0.26	Q13526	Q13526_AF.pdb	A	32	Q13526_A
S	32	G	0.81	Q13526	Q13526_AF.pdb	A	32	Q13526_A
S	38	A	-0.05	Q13526	Q13526_AF.pdb	A	38	Q13526_A
S	38	G	0.08	Q13526	Q13526_AF.pdb	A	38	Q13526_A
T	29	A	1.25	Q13526	Q13526_AF.pdb	A	29	Q13526_A
T	29	D	1.33	Q13526	Q13526_AF.pdb	A	29	Q13526_A
T	29	S	0.65	Q13526	Q13526_AF.pdb	A	29	Q13526_A
V	22	A	0.26	Q13526	Q13526_AF.pdb	A	22	Q13526_A
W	34	A	0.4	Q13526	Q13526_AF.pdb	A	34	Q13526_A
W	34	F	0.1	Q13526	Q13526_AF.pdb	A	34	Q13526_A
Y	23	F	0.52	Q13526	Q13526_AF.pdb	A	23	Q13526_A
Y	23	L	1.18	Q13526	Q13526_AF.pdb	A	23	Q13526_A
Y	24	F	0.66	Q13526	Q13526_AF.pdb	A	24	Q13526_A
Y	24	W	0.56	Q13526	Q13526_AF.pdb	A	24	Q13526_A
H	395	R	-1.575	Q15059	Q15059_AF.pdb	A	395	Q15059_A
L	198	C	0.95	Q16595	Q16595_AF.pdb	A	198	Q16595_A
L	200	C	1.9	Q16595	Q16595_AF.pdb	A	200	Q16595_A
K	44	A	-0.64	Q40059	Q40059_AF.pdb	A	44	Q40059_A
P	45	A	-1.93	Q40059	Q40059_AF.pdb	A	45	Q40059_A
H	8	P	0.6	Q5NV88	Q5NV88_AF.pdb	A	8	Q5NV88_A
H	8	S	0.6	Q5NV88	Q5NV88_AF.pdb	A	8	Q5NV88_A
P	7	S	2.6	Q5NV88	Q5NV88_AF.pdb	A	7	Q5NV88_A
Q	192	R	-1.7	Q88IY3	Q88IY3_AF.pdb	A	192	Q88IY3_A
W	301	F	-3.98	Q8TZE8	Q8TZE8_AF.pdb	A	301	Q8TZE8_A
W	60	F	7.79	Q8TZE8	Q8TZE8_AF.pdb	A	60	Q8TZE8_A
E	114	Q	1.06	Q9EYL5	Q9EYL5_AF.pdb	A	114	Q9EYL5_A
T	171	V	-1.14	Q9EYL5	Q9EYL5_AF.pdb	A	171	Q9EYL5_A
H	520	A	-11.3	Q9H334	Q9H334_AF.pdb	A	520	Q9H334_A
H	56	V	-5.1	Q9NAV8	Q9NAV8_AF.pdb	A	56	Q9NAV8_A
G	130	P	-0.5	Q9REI6	Q9REI6_AF.pdb	A	130	Q9REI6_A
G	291	P	0.65	Q9REI6	Q9REI6_AF.pdb	A	291	Q9REI6_A
G	443	Q	-0.62	Q9REI6	Q9REI6_AF.pdb	A	443	Q9REI6_A
N	235	K	-0.81	Q9REI6	Q9REI6_AF.pdb	A	235	Q9REI6_A
A	126	L	-0.6	R9S082	R9S082_AF.pdb	A	126	R9S082_A
A	145	L	-0.4	R9S082	R9S082_AF.pdb	A	145	R9S082_A
D	45	A	0.175	R9S082	R9S082_AF.pdb	A	45	R9S082_A
D	61	A	0.125	R9S082	R9S082_AF.pdb	A	61	R9S082_A
E	19	A	0.6	R9S082	R9S082_AF.pdb	A	19	R9S082_A
F	107	A	0.7	R9S082	R9S082_AF.pdb	A	107	R9S082_A
F	124	A	1.1	R9S082	R9S082_AF.pdb	A	124	R9S082_A
F	124	K	1.4	R9S082	R9S082_AF.pdb	A	124	R9S082_A
F	124	T	3.5	R9S082	R9S082_AF.pdb	A	124	R9S082_A
G	24	A	1.1	R9S082	R9S082_AF.pdb	A	24	R9S082_A
H	37	Q	0.6499999999999999	R9S082	R9S082_AF.pdb	A	37	R9S082_A
H	49	Q	0.31	R9S082	R9S082_AF.pdb	A	49	R9S082_A
H	65	Q	0.2249999999999999	R9S082	R9S082_AF.pdb	A	65	R9S082_A
I	112	A	1.8	R9S082	R9S082_AF.pdb	A	112	R9S082_A
I	112	L	0.6	R9S082	R9S082_AF.pdb	A	112	R9S082_A
I	112	M	1.1	R9S082	R9S082_AF.pdb	A	112	R9S082_A
I	143	A	1.9	R9S082	R9S082_AF.pdb	A	143	R9S082_A
I	143	L	-0.6	R9S082	R9S082_AF.pdb	A	143	R9S082_A
I	143	M	-0.9	R9S082	R9S082_AF.pdb	A	143	R9S082_A
I	143	V	0.1	R9S082	R9S082_AF.pdb	A	143	R9S082_A
I	31	A	1.9	R9S082	R9S082_AF.pdb	A	31	R9S082_A
K	57	A	0.225	R9S082	R9S082_AF.pdb	A	57	R9S082_A
K	78	A	0.035	R9S082	R9S082_AF.pdb	A	78	R9S082_A
L	105	A	0.6	R9S082	R9S082_AF.pdb	A	105	R9S082_A
L	10	A	0.4	R9S082	R9S082_AF.pdb	A	10	R9S082_A
L	116	A	1.4	R9S082	R9S082_AF.pdb	A	116	R9S082_A
L	12	A	0.6	R9S082	R9S082_AF.pdb	A	12	R9S082_A
L	136	A	1.7	R9S082	R9S082_AF.pdb	A	136	R9S082_A
L	136	I	1.5	R9S082	R9S082_AF.pdb	A	136	R9S082_A
L	136	M	0.8	R9S082	R9S082_AF.pdb	A	136	R9S082_A
L	136	V	2.2	R9S082	R9S082_AF.pdb	A	136	R9S082_A
L	138	A	0.3	R9S082	R9S082_AF.pdb	A	138	R9S082_A
L	150	A	1.6	R9S082	R9S082_AF.pdb	A	150	R9S082_A
L	30	A	0.39	R9S082	R9S082_AF.pdb	A	30	R9S082_A
L	30	I	1.1	R9S082	R9S082_AF.pdb	A	30	R9S082_A
L	30	M	-0.1	R9S082	R9S082_AF.pdb	A	30	R9S082_A
L	30	V	1.7	R9S082	R9S082_AF.pdb	A	30	R9S082_A
L	33	A	2.04	R9S082	R9S082_AF.pdb	A	33	R9S082_A
L	50	I	0.8	R9S082	R9S082_AF.pdb	A	50	R9S082_A
L	70	A	1.2	R9S082	R9S082_AF.pdb	A	70	R9S082_A
L	70	I	0.0	R9S082	R9S082_AF.pdb	A	70	R9S082_A
L	70	M	0.0	R9S082	R9S082_AF.pdb	A	70	R9S082_A
L	70	V	0.1	R9S082	R9S082_AF.pdb	A	70	R9S082_A
L	73	A	0.74	R9S082	R9S082_AF.pdb	A	73	R9S082_A
M	132	A	1.4666666666666668	R9S082	R9S082_AF.pdb	A	132	R9S082_A
P	89	A	-0.6	R9S082	R9S082_AF.pdb	A	89	R9S082_A
Q	9	A	-0.98	R9S082	R9S082_AF.pdb	A	9	R9S082_A
Q	9	G	0.565	R9S082	R9S082_AF.pdb	A	9	R9S082_A
S	118	A	0.3	R9S082	R9S082_AF.pdb	A	118	R9S082_A
T	68	A	0.3	R9S082	R9S082_AF.pdb	A	68	R9S082_A
V	115	A	1.4	R9S082	R9S082_AF.pdb	A	115	R9S082_A
V	14	A	0.0	R9S082	R9S082_AF.pdb	A	14	R9S082_A
V	69	T	0.3999999999999999	R9S082	R9S082_AF.pdb	A	69	R9S082_A
W	15	F	0.7333333333333334	R9S082	R9S082_AF.pdb	A	15	R9S082_A
