UniProtID	MutPos	WT	Mut	Label	StructureFile	MutPos(pdb)
P60484	1	M	V	1.06514337490303	AF-P60484-F1-model_v4.pdb	1
P60484	2	T	K	0.9476095053623952	AF-P60484-F1-model_v4.pdb	2
P60484	2	T	E	0.6665916773217769	AF-P60484-F1-model_v4.pdb	2
P60484	2	T	N	1.07298762291838	AF-P60484-F1-model_v4.pdb	2
P60484	2	T	D	1.1906666666722	AF-P60484-F1-model_v4.pdb	2
P60484	2	T	R	0.8728297598429771	AF-P60484-F1-model_v4.pdb	2
P60484	2	T	P	0.84330989455836	AF-P60484-F1-model_v4.pdb	2
P60484	2	T	G	0.998610257421316	AF-P60484-F1-model_v4.pdb	2
P60484	2	T	S	0.8243587146067249	AF-P60484-F1-model_v4.pdb	2
P60484	2	T	A	0.7755377977391871	AF-P60484-F1-model_v4.pdb	2
P60484	3	A	V	1.0807058044788	AF-P60484-F1-model_v4.pdb	3
P60484	3	A	G	0.95555240323659	AF-P60484-F1-model_v4.pdb	3
P60484	3	A	T	1.01743303014216	AF-P60484-F1-model_v4.pdb	3
P60484	4	I	L	1.09642752629364	AF-P60484-F1-model_v4.pdb	4
P60484	4	I	G	1.3265479236080802	AF-P60484-F1-model_v4.pdb	4
P60484	4	I	H	0.9017811127032752	AF-P60484-F1-model_v4.pdb	4
P60484	4	I	R	1.02947980437247	AF-P60484-F1-model_v4.pdb	4
P60484	5	I	S	1.3362400308906102	AF-P60484-F1-model_v4.pdb	5
P60484	5	I	L	1.1273655299819598	AF-P60484-F1-model_v4.pdb	5
P60484	5	I	V	0.937216796949558	AF-P60484-F1-model_v4.pdb	5
P60484	5	I	W	0.647629203119534	AF-P60484-F1-model_v4.pdb	5
P60484	5	I	R	1.17585040148735	AF-P60484-F1-model_v4.pdb	5
P60484	5	I	Y	1.1912772616792	AF-P60484-F1-model_v4.pdb	5
P60484	5	I	N	1.19112836257228	AF-P60484-F1-model_v4.pdb	5
P60484	6	K	W	0.781970263359893	AF-P60484-F1-model_v4.pdb	6
P60484	6	K	I	0.400210846470524	AF-P60484-F1-model_v4.pdb	6
P60484	6	K	E	1.26379869827676	AF-P60484-F1-model_v4.pdb	6
P60484	6	K	T	0.751407782883633	AF-P60484-F1-model_v4.pdb	6
P60484	6	K	D	1.06253441688427	AF-P60484-F1-model_v4.pdb	6
P60484	6	K	A	1.2245746138958895	AF-P60484-F1-model_v4.pdb	6
P60484	7	E	Y	0.405577889528773	AF-P60484-F1-model_v4.pdb	7
P60484	7	E	V	0.567176989168684	AF-P60484-F1-model_v4.pdb	7
P60484	7	E	P	0.877318712437865	AF-P60484-F1-model_v4.pdb	7
P60484	7	E	T	1.1298133600074198	AF-P60484-F1-model_v4.pdb	7
P60484	7	E	L	0.603116682973052	AF-P60484-F1-model_v4.pdb	7
P60484	7	E	A	0.365389901261011	AF-P60484-F1-model_v4.pdb	7
P60484	7	E	M	0.5716512625709279	AF-P60484-F1-model_v4.pdb	7
P60484	7	E	C	0.588206538085869	AF-P60484-F1-model_v4.pdb	7
P60484	7	E	D	1.2213511481218	AF-P60484-F1-model_v4.pdb	7
P60484	7	E	F	0.5734367710370961	AF-P60484-F1-model_v4.pdb	7
P60484	7	E	G	0.8714590169532191	AF-P60484-F1-model_v4.pdb	7
P60484	7	E	H	0.682055621789771	AF-P60484-F1-model_v4.pdb	7
P60484	9	V	T	1.14678908985732	AF-P60484-F1-model_v4.pdb	9
P60484	9	V	I	0.934739581199378	AF-P60484-F1-model_v4.pdb	9
P60484	9	V	Q	0.958464574381179	AF-P60484-F1-model_v4.pdb	9
P60484	9	V	P	1.2918063120445	AF-P60484-F1-model_v4.pdb	9
P60484	9	V	N	1.27006405053653	AF-P60484-F1-model_v4.pdb	9
P60484	9	V	M	0.8735707464757	AF-P60484-F1-model_v4.pdb	9
P60484	9	V	L	0.913446799110072	AF-P60484-F1-model_v4.pdb	9
P60484	9	V	K	1.23948276861325	AF-P60484-F1-model_v4.pdb	9
P60484	9	V	*	1.02265246680904	AF-P60484-F1-model_v4.pdb	9
P60484	9	V	R	1.0534428749427298	AF-P60484-F1-model_v4.pdb	9
P60484	9	V	S	1.17074202831357	AF-P60484-F1-model_v4.pdb	9
P60484	9	V	D	1.14605875158312	AF-P60484-F1-model_v4.pdb	9
P60484	9	V	H	1.04534414075254	AF-P60484-F1-model_v4.pdb	9
P60484	9	V	C	1.22088226617483	AF-P60484-F1-model_v4.pdb	9
P60484	9	V	E	1.25317569968913	AF-P60484-F1-model_v4.pdb	9
P60484	9	V	G	1.1325542563515	AF-P60484-F1-model_v4.pdb	9
P60484	9	V	A	0.969095948837096	AF-P60484-F1-model_v4.pdb	9
P60484	9	V	F	1.00943401369819	AF-P60484-F1-model_v4.pdb	9
P60484	10	S	P	1.01837664256298	AF-P60484-F1-model_v4.pdb	10
P60484	10	S	R	0.886130542932542	AF-P60484-F1-model_v4.pdb	10
P60484	10	S	L	0.921699530677072	AF-P60484-F1-model_v4.pdb	10
P60484	10	S	A	0.885401412141455	AF-P60484-F1-model_v4.pdb	10
P60484	10	S	F	0.9367275171233728	AF-P60484-F1-model_v4.pdb	10
P60484	10	S	H	1.1734877194882098	AF-P60484-F1-model_v4.pdb	10
P60484	10	S	C	1.30472667068635	AF-P60484-F1-model_v4.pdb	10
P60484	10	S	G	1.03922311490644	AF-P60484-F1-model_v4.pdb	10
P60484	10	S	V	0.7517016042195479	AF-P60484-F1-model_v4.pdb	10
P60484	10	S	E	0.8143302348966959	AF-P60484-F1-model_v4.pdb	10
P60484	10	S	T	1.1784773925171002	AF-P60484-F1-model_v4.pdb	10
P60484	11	R	I	1.04163539773415	AF-P60484-F1-model_v4.pdb	11
P60484	11	R	T	1.29395467005388	AF-P60484-F1-model_v4.pdb	11
P60484	11	R	G	1.1130636326121102	AF-P60484-F1-model_v4.pdb	11
P60484	11	R	Y	0.993678518139416	AF-P60484-F1-model_v4.pdb	11
P60484	11	R	K	1.01207032250173	AF-P60484-F1-model_v4.pdb	11
P60484	11	R	*	0.525551013976816	AF-P60484-F1-model_v4.pdb	11
P60484	11	R	V	1.13399860592158	AF-P60484-F1-model_v4.pdb	11
P60484	11	R	L	1.10864139555294	AF-P60484-F1-model_v4.pdb	11
P60484	11	R	H	1.22264894303896	AF-P60484-F1-model_v4.pdb	11
P60484	11	R	S	0.8202085220223031	AF-P60484-F1-model_v4.pdb	11
P60484	11	R	W	1.08642654113395	AF-P60484-F1-model_v4.pdb	11
P60484	11	R	E	0.988518721063336	AF-P60484-F1-model_v4.pdb	11
P60484	11	R	C	0.9587733248754408	AF-P60484-F1-model_v4.pdb	11
P60484	11	R	M	0.9362411678224252	AF-P60484-F1-model_v4.pdb	11
P60484	11	R	N	0.75522575917336	AF-P60484-F1-model_v4.pdb	11
P60484	11	R	P	1.14227568022792	AF-P60484-F1-model_v4.pdb	11
P60484	11	R	A	1.08106232722701	AF-P60484-F1-model_v4.pdb	11
P60484	11	R	Q	1.09969075454665	AF-P60484-F1-model_v4.pdb	11
P60484	11	R	F	0.979032041983524	AF-P60484-F1-model_v4.pdb	11
P60484	12	N	W	0.435518562622772	AF-P60484-F1-model_v4.pdb	12
P60484	12	N	*	0.254067175619375	AF-P60484-F1-model_v4.pdb	12
P60484	12	N	V	0.520032604501607	AF-P60484-F1-model_v4.pdb	12
P60484	12	N	F	0.369353294158617	AF-P60484-F1-model_v4.pdb	12
P60484	12	N	M	0.441627364898512	AF-P60484-F1-model_v4.pdb	12
P60484	12	N	G	1.12483478032294	AF-P60484-F1-model_v4.pdb	12
P60484	12	N	A	0.858563545485014	AF-P60484-F1-model_v4.pdb	12
P60484	12	N	Q	0.9438145199708008	AF-P60484-F1-model_v4.pdb	12
P60484	12	N	C	0.871485426686977	AF-P60484-F1-model_v4.pdb	12
P60484	12	N	R	0.9332674274720358	AF-P60484-F1-model_v4.pdb	12
P60484	12	N	D	0.996460642374453	AF-P60484-F1-model_v4.pdb	12
P60484	12	N	P	1.17500059348107	AF-P60484-F1-model_v4.pdb	12
P60484	12	N	I	0.298716907917441	AF-P60484-F1-model_v4.pdb	12
P60484	12	N	L	0.303689199600512	AF-P60484-F1-model_v4.pdb	12
P60484	12	N	S	1.0771928446977	AF-P60484-F1-model_v4.pdb	12
P60484	12	N	T	1.02772901206215	AF-P60484-F1-model_v4.pdb	12
P60484	12	N	E	0.7790205884317529	AF-P60484-F1-model_v4.pdb	12
P60484	13	K	E	1.16041273250948	AF-P60484-F1-model_v4.pdb	13
P60484	13	K	A	0.846432149406378	AF-P60484-F1-model_v4.pdb	13
P60484	13	K	P	1.1840859183244	AF-P60484-F1-model_v4.pdb	13
P60484	13	K	R	0.6783242046083989	AF-P60484-F1-model_v4.pdb	13
P60484	13	K	S	1.0464369104736	AF-P60484-F1-model_v4.pdb	13
P60484	13	K	M	0.6946479325613489	AF-P60484-F1-model_v4.pdb	13
P60484	13	K	L	0.926085234347154	AF-P60484-F1-model_v4.pdb	13
P60484	13	K	I	1.08750792041841	AF-P60484-F1-model_v4.pdb	13
P60484	13	K	Q	1.00036493757133	AF-P60484-F1-model_v4.pdb	13
P60484	13	K	W	0.560495093317937	AF-P60484-F1-model_v4.pdb	13
P60484	13	K	G	1.09758582344285	AF-P60484-F1-model_v4.pdb	13
P60484	13	K	H	1.09970625683376	AF-P60484-F1-model_v4.pdb	13
P60484	14	R	I	0.664439691750284	AF-P60484-F1-model_v4.pdb	14
P60484	14	R	K	0.609680597685592	AF-P60484-F1-model_v4.pdb	14
P60484	14	R	Y	1.1073722558994	AF-P60484-F1-model_v4.pdb	14
P60484	14	R	*	0.37155465755546	AF-P60484-F1-model_v4.pdb	14
P60484	14	R	T	0.962285443245407	AF-P60484-F1-model_v4.pdb	14
P60484	14	R	A	1.08755153062324	AF-P60484-F1-model_v4.pdb	14
P60484	14	R	S	0.5829481901647049	AF-P60484-F1-model_v4.pdb	14
P60484	14	R	V	0.867650334177895	AF-P60484-F1-model_v4.pdb	14
P60484	14	R	Q	1.24720707903683	AF-P60484-F1-model_v4.pdb	14
P60484	14	R	E	0.998909639665705	AF-P60484-F1-model_v4.pdb	14
P60484	14	R	P	0.7926256081214051	AF-P60484-F1-model_v4.pdb	14
P60484	14	R	G	1.04631547009443	AF-P60484-F1-model_v4.pdb	14
P60484	14	R	N	1.09555841013013	AF-P60484-F1-model_v4.pdb	14
P60484	14	R	M	1.1524933002779298	AF-P60484-F1-model_v4.pdb	14
P60484	14	R	D	1.14287292580154	AF-P60484-F1-model_v4.pdb	14
P60484	15	R	*	0.570876878614779	AF-P60484-F1-model_v4.pdb	15
P60484	15	R	V	0.988403512034052	AF-P60484-F1-model_v4.pdb	15
P60484	15	R	S	1.0251315149842	AF-P60484-F1-model_v4.pdb	15
P60484	15	R	W	1.04324698478536	AF-P60484-F1-model_v4.pdb	15
P60484	15	R	P	0.995975625540364	AF-P60484-F1-model_v4.pdb	15
P60484	15	R	N	0.8242186956489359	AF-P60484-F1-model_v4.pdb	15
P60484	15	R	M	1.08697403681407	AF-P60484-F1-model_v4.pdb	15
P60484	15	R	L	1.11928812140498	AF-P60484-F1-model_v4.pdb	15
P60484	15	R	D	1.07312997984404	AF-P60484-F1-model_v4.pdb	15
P60484	15	R	I	1.09873641815531	AF-P60484-F1-model_v4.pdb	15
P60484	15	R	Y	1.25365375351507	AF-P60484-F1-model_v4.pdb	15
P60484	15	R	H	1.22510345780072	AF-P60484-F1-model_v4.pdb	15
P60484	15	R	F	1.1827582463852	AF-P60484-F1-model_v4.pdb	15
P60484	15	R	E	0.913789738698054	AF-P60484-F1-model_v4.pdb	15
P60484	15	R	C	0.955462373394813	AF-P60484-F1-model_v4.pdb	15
P60484	15	R	A	0.946110631684811	AF-P60484-F1-model_v4.pdb	15
P60484	15	R	K	1.20518009112705	AF-P60484-F1-model_v4.pdb	15
P60484	15	R	T	0.966155196017828	AF-P60484-F1-model_v4.pdb	15
P60484	15	R	G	1.01212332220966	AF-P60484-F1-model_v4.pdb	15
P60484	16	Y	V	0.86227288488711	AF-P60484-F1-model_v4.pdb	16
P60484	16	Y	*	0.354613210446644	AF-P60484-F1-model_v4.pdb	16
P60484	16	Y	T	0.878622335811747	AF-P60484-F1-model_v4.pdb	16
P60484	16	Y	S	0.9078884251135628	AF-P60484-F1-model_v4.pdb	16
P60484	16	Y	R	0.840504469430741	AF-P60484-F1-model_v4.pdb	16
P60484	16	Y	Q	1.00567982216442	AF-P60484-F1-model_v4.pdb	16
P60484	16	Y	M	1.02801816450391	AF-P60484-F1-model_v4.pdb	16
P60484	16	Y	W	0.9688490027387452	AF-P60484-F1-model_v4.pdb	16
P60484	16	Y	G	0.856299041004331	AF-P60484-F1-model_v4.pdb	16
P60484	16	Y	E	1.01435617102628	AF-P60484-F1-model_v4.pdb	16
P60484	16	Y	D	1.16691212619323	AF-P60484-F1-model_v4.pdb	16
P60484	16	Y	C	0.819492613439528	AF-P60484-F1-model_v4.pdb	16
P60484	16	Y	A	0.9500687071198108	AF-P60484-F1-model_v4.pdb	16
P60484	16	Y	L	0.822226003373218	AF-P60484-F1-model_v4.pdb	16
P60484	17	Q	M	0.8993659955499521	AF-P60484-F1-model_v4.pdb	17
P60484	17	Q	L	0.9911529291681708	AF-P60484-F1-model_v4.pdb	17
P60484	17	Q	K	0.8046214924231749	AF-P60484-F1-model_v4.pdb	17
P60484	17	Q	I	0.9128540487893207	AF-P60484-F1-model_v4.pdb	17
P60484	17	Q	H	1.09232219069472	AF-P60484-F1-model_v4.pdb	17
P60484	17	Q	G	0.8699367166504909	AF-P60484-F1-model_v4.pdb	17
P60484	17	Q	D	0.6970966054853102	AF-P60484-F1-model_v4.pdb	17
P60484	17	Q	E	0.8176988968283191	AF-P60484-F1-model_v4.pdb	17
P60484	17	Q	C	1.01074485968661	AF-P60484-F1-model_v4.pdb	17
P60484	17	Q	A	0.921945609325414	AF-P60484-F1-model_v4.pdb	17
P60484	17	Q	W	0.764850326164717	AF-P60484-F1-model_v4.pdb	17
P60484	17	Q	N	1.1354092547965702	AF-P60484-F1-model_v4.pdb	17
P60484	17	Q	F	0.985872299212155	AF-P60484-F1-model_v4.pdb	17
P60484	17	Q	P	0.954703702419106	AF-P60484-F1-model_v4.pdb	17
P60484	17	Q	V	1.02067321224283	AF-P60484-F1-model_v4.pdb	17
P60484	17	Q	*	0.2653094792773829	AF-P60484-F1-model_v4.pdb	17
P60484	17	Q	R	0.84294378579191	AF-P60484-F1-model_v4.pdb	17
P60484	17	Q	T	0.8835747490300501	AF-P60484-F1-model_v4.pdb	17
P60484	17	Q	Y	0.648980428010514	AF-P60484-F1-model_v4.pdb	17
P60484	17	Q	S	0.883376130469478	AF-P60484-F1-model_v4.pdb	17
P60484	18	E	*	0.0838244507922979	AF-P60484-F1-model_v4.pdb	18
P60484	18	E	W	0.9545043348518572	AF-P60484-F1-model_v4.pdb	18
P60484	18	E	L	0.910302036192976	AF-P60484-F1-model_v4.pdb	18
P60484	18	E	T	0.8700142671953399	AF-P60484-F1-model_v4.pdb	18
P60484	18	E	S	0.8956492930114789	AF-P60484-F1-model_v4.pdb	18
P60484	18	E	R	0.8770414607167819	AF-P60484-F1-model_v4.pdb	18
P60484	18	E	Q	1.0855262778645698	AF-P60484-F1-model_v4.pdb	18
P60484	18	E	P	0.8715260796907001	AF-P60484-F1-model_v4.pdb	18
P60484	18	E	V	0.9918354576085072	AF-P60484-F1-model_v4.pdb	18
P60484	18	E	A	0.941364714532718	AF-P60484-F1-model_v4.pdb	18
P60484	18	E	C	0.917617290862704	AF-P60484-F1-model_v4.pdb	18
P60484	18	E	N	0.8875565518845201	AF-P60484-F1-model_v4.pdb	18
P60484	18	E	D	0.909297834584841	AF-P60484-F1-model_v4.pdb	18
P60484	18	E	G	0.96493368079838	AF-P60484-F1-model_v4.pdb	18
P60484	18	E	H	0.8957064572349108	AF-P60484-F1-model_v4.pdb	18
P60484	18	E	I	0.751076337859385	AF-P60484-F1-model_v4.pdb	18
P60484	18	E	K	0.692516625327712	AF-P60484-F1-model_v4.pdb	18
P60484	19	D	H	0.538782382101053	AF-P60484-F1-model_v4.pdb	19
P60484	19	D	A	0.875620980711325	AF-P60484-F1-model_v4.pdb	19
P60484	19	D	C	0.619867874127646	AF-P60484-F1-model_v4.pdb	19
P60484	19	D	E	0.961582135641724	AF-P60484-F1-model_v4.pdb	19
P60484	19	D	K	0.633710634399675	AF-P60484-F1-model_v4.pdb	19
P60484	19	D	L	0.809827097931295	AF-P60484-F1-model_v4.pdb	19
P60484	19	D	F	0.513433505986566	AF-P60484-F1-model_v4.pdb	19
P60484	19	D	M	0.7619434989285531	AF-P60484-F1-model_v4.pdb	19
P60484	19	D	N	1.14509188612619	AF-P60484-F1-model_v4.pdb	19
P60484	19	D	P	0.970758734362805	AF-P60484-F1-model_v4.pdb	19
P60484	19	D	Q	0.6656514089148621	AF-P60484-F1-model_v4.pdb	19
P60484	19	D	R	0.903656013591753	AF-P60484-F1-model_v4.pdb	19
P60484	19	D	S	0.9820436266122008	AF-P60484-F1-model_v4.pdb	19
P60484	19	D	T	0.796982438837225	AF-P60484-F1-model_v4.pdb	19
P60484	19	D	V	0.820660513650636	AF-P60484-F1-model_v4.pdb	19
P60484	19	D	W	0.7352265064315021	AF-P60484-F1-model_v4.pdb	19
P60484	19	D	Y	1.0123927768108298	AF-P60484-F1-model_v4.pdb	19
P60484	19	D	G	0.842904988048291	AF-P60484-F1-model_v4.pdb	19
P60484	20	G	E	0.963849319525736	AF-P60484-F1-model_v4.pdb	20
P60484	20	G	C	0.818745760751952	AF-P60484-F1-model_v4.pdb	20
P60484	20	G	D	1.07746659767115	AF-P60484-F1-model_v4.pdb	20
P60484	20	G	S	0.867774855144923	AF-P60484-F1-model_v4.pdb	20
P60484	20	G	M	0.8440363380849392	AF-P60484-F1-model_v4.pdb	20
P60484	20	G	F	0.8717184186139392	AF-P60484-F1-model_v4.pdb	20
P60484	20	G	I	0.967527527839018	AF-P60484-F1-model_v4.pdb	20
P60484	20	G	R	0.8062813278162371	AF-P60484-F1-model_v4.pdb	20
P60484	20	G	A	0.8531795567101	AF-P60484-F1-model_v4.pdb	20
P60484	20	G	L	0.840083497653014	AF-P60484-F1-model_v4.pdb	20
P60484	20	G	H	0.913933658684351	AF-P60484-F1-model_v4.pdb	20
P60484	20	G	N	0.9935961498397872	AF-P60484-F1-model_v4.pdb	20
P60484	20	G	T	0.982200108079512	AF-P60484-F1-model_v4.pdb	20
P60484	20	G	V	0.7089209137534099	AF-P60484-F1-model_v4.pdb	20
P60484	20	G	W	0.780817192546597	AF-P60484-F1-model_v4.pdb	20
P60484	20	G	Q	0.92061115686805	AF-P60484-F1-model_v4.pdb	20
P60484	20	G	Y	0.8216751197231609	AF-P60484-F1-model_v4.pdb	20
P60484	20	G	P	0.848242767608899	AF-P60484-F1-model_v4.pdb	20
P60484	21	F	P	0.918821223329698	AF-P60484-F1-model_v4.pdb	21
P60484	21	F	N	0.817236933810671	AF-P60484-F1-model_v4.pdb	21
P60484	21	F	M	0.7324932999508309	AF-P60484-F1-model_v4.pdb	21
P60484	21	F	L	0.850183358599965	AF-P60484-F1-model_v4.pdb	21
P60484	21	F	I	0.945651605640987	AF-P60484-F1-model_v4.pdb	21
P60484	21	F	*	0.4088827300875229	AF-P60484-F1-model_v4.pdb	21
P60484	21	F	G	0.909542784017808	AF-P60484-F1-model_v4.pdb	21
P60484	21	F	Q	0.892204321918575	AF-P60484-F1-model_v4.pdb	21
P60484	21	F	D	0.924269188412593	AF-P60484-F1-model_v4.pdb	21
P60484	21	F	C	0.910502801350021	AF-P60484-F1-model_v4.pdb	21
P60484	21	F	A	0.928378884983948	AF-P60484-F1-model_v4.pdb	21
P60484	21	F	H	1.01792928524275	AF-P60484-F1-model_v4.pdb	21
P60484	21	F	E	0.8085424180514871	AF-P60484-F1-model_v4.pdb	21
P60484	21	F	R	0.8474053741809051	AF-P60484-F1-model_v4.pdb	21
P60484	21	F	W	0.954272460002629	AF-P60484-F1-model_v4.pdb	21
P60484	21	F	V	0.8914277328145659	AF-P60484-F1-model_v4.pdb	21
P60484	21	F	S	0.8693515851533459	AF-P60484-F1-model_v4.pdb	21
P60484	22	D	W	0.8393727992290569	AF-P60484-F1-model_v4.pdb	22
P60484	22	D	C	0.8029206059674391	AF-P60484-F1-model_v4.pdb	22
P60484	22	D	E	0.750652142482228	AF-P60484-F1-model_v4.pdb	22
P60484	22	D	F	0.6497644096151229	AF-P60484-F1-model_v4.pdb	22
P60484	22	D	G	0.92056085781108	AF-P60484-F1-model_v4.pdb	22
P60484	22	D	H	0.837734617878385	AF-P60484-F1-model_v4.pdb	22
P60484	22	D	K	0.8662452368564642	AF-P60484-F1-model_v4.pdb	22
P60484	22	D	M	0.40590615119505	AF-P60484-F1-model_v4.pdb	22
P60484	22	D	P	1.00009877925043	AF-P60484-F1-model_v4.pdb	22
P60484	22	D	Q	0.8204625000233342	AF-P60484-F1-model_v4.pdb	22
P60484	22	D	R	0.7658874833957959	AF-P60484-F1-model_v4.pdb	22
P60484	22	D	S	0.9424062704382192	AF-P60484-F1-model_v4.pdb	22
P60484	22	D	T	0.7125482727076049	AF-P60484-F1-model_v4.pdb	22
P60484	22	D	V	0.6745362097493729	AF-P60484-F1-model_v4.pdb	22
P60484	22	D	N	1.36050291199857	AF-P60484-F1-model_v4.pdb	22
P60484	22	D	L	0.448036271076526	AF-P60484-F1-model_v4.pdb	22
P60484	23	L	E	0.525456389242877	AF-P60484-F1-model_v4.pdb	23
P60484	23	L	T	0.695732008606155	AF-P60484-F1-model_v4.pdb	23
P60484	23	L	A	0.544636141178215	AF-P60484-F1-model_v4.pdb	23
P60484	23	L	D	0.316921860788886	AF-P60484-F1-model_v4.pdb	23
P60484	23	L	G	0.671958382848102	AF-P60484-F1-model_v4.pdb	23
P60484	23	L	H	0.587617643356906	AF-P60484-F1-model_v4.pdb	23
P60484	23	L	I	1.31262379634751	AF-P60484-F1-model_v4.pdb	23
P60484	23	L	M	0.8608499769840379	AF-P60484-F1-model_v4.pdb	23
P60484	23	L	N	0.688573747533759	AF-P60484-F1-model_v4.pdb	23
P60484	23	L	P	0.74321358433568	AF-P60484-F1-model_v4.pdb	23
P60484	23	L	Y	0.7098380412066441	AF-P60484-F1-model_v4.pdb	23
P60484	23	L	W	0.8655819819084929	AF-P60484-F1-model_v4.pdb	23
P60484	23	L	V	0.693521502434849	AF-P60484-F1-model_v4.pdb	23
P60484	23	L	Q	0.561107598223781	AF-P60484-F1-model_v4.pdb	23
P60484	23	L	S	0.682710016994181	AF-P60484-F1-model_v4.pdb	23
P60484	23	L	R	0.582188246847121	AF-P60484-F1-model_v4.pdb	23
P60484	24	D	M	0.4294364165431289	AF-P60484-F1-model_v4.pdb	24
P60484	24	D	E	0.82740114356139	AF-P60484-F1-model_v4.pdb	24
P60484	24	D	G	0.874868539085298	AF-P60484-F1-model_v4.pdb	24
P60484	24	D	Y	0.647107290268216	AF-P60484-F1-model_v4.pdb	24
P60484	24	D	V	0.3712020929136571	AF-P60484-F1-model_v4.pdb	24
P60484	24	D	I	0.379687125124571	AF-P60484-F1-model_v4.pdb	24
P60484	24	D	S	0.6279673987994039	AF-P60484-F1-model_v4.pdb	24
P60484	24	D	R	0.673782955571218	AF-P60484-F1-model_v4.pdb	24
P60484	24	D	N	0.849291645696078	AF-P60484-F1-model_v4.pdb	24
P60484	24	D	L	0.475743791732349	AF-P60484-F1-model_v4.pdb	24
P60484	25	L	Y	0.934363836071874	AF-P60484-F1-model_v4.pdb	25
P60484	25	L	C	0.599196176144	AF-P60484-F1-model_v4.pdb	25
P60484	25	L	R	0.361511736170458	AF-P60484-F1-model_v4.pdb	25
P60484	25	L	P	0.463589461226518	AF-P60484-F1-model_v4.pdb	25
P60484	25	L	N	0.523468650749743	AF-P60484-F1-model_v4.pdb	25
P60484	25	L	M	1.00565117196936	AF-P60484-F1-model_v4.pdb	25
P60484	25	L	S	0.501896280800665	AF-P60484-F1-model_v4.pdb	25
P60484	25	L	W	0.434919228187647	AF-P60484-F1-model_v4.pdb	25
P60484	25	L	I	0.700371691380119	AF-P60484-F1-model_v4.pdb	25
P60484	25	L	H	0.746838400428582	AF-P60484-F1-model_v4.pdb	25
P60484	25	L	G	0.358222304187231	AF-P60484-F1-model_v4.pdb	25
P60484	25	L	E	0.459421107372669	AF-P60484-F1-model_v4.pdb	25
P60484	25	L	D	0.345579706064662	AF-P60484-F1-model_v4.pdb	25
P60484	25	L	*	0.658178169349559	AF-P60484-F1-model_v4.pdb	25
P60484	25	L	A	0.5629445804572	AF-P60484-F1-model_v4.pdb	25
P60484	25	L	T	0.634034574544365	AF-P60484-F1-model_v4.pdb	25
P60484	25	L	Q	0.5525101449053891	AF-P60484-F1-model_v4.pdb	25
P60484	25	L	V	0.8788539658217179	AF-P60484-F1-model_v4.pdb	25
P60484	26	T	A	0.779671300254878	AF-P60484-F1-model_v4.pdb	26
P60484	26	T	Q	0.9261789194086892	AF-P60484-F1-model_v4.pdb	26
P60484	26	T	C	0.963216717709902	AF-P60484-F1-model_v4.pdb	26
P60484	26	T	V	0.6916531124075881	AF-P60484-F1-model_v4.pdb	26
P60484	26	T	D	0.67014417668323	AF-P60484-F1-model_v4.pdb	26
P60484	26	T	E	0.5358176580423589	AF-P60484-F1-model_v4.pdb	26
P60484	26	T	G	0.4266731903073271	AF-P60484-F1-model_v4.pdb	26
P60484	26	T	K	0.62595598946623	AF-P60484-F1-model_v4.pdb	26
P60484	26	T	L	0.486823664496591	AF-P60484-F1-model_v4.pdb	26
P60484	26	T	S	1.00302921822502	AF-P60484-F1-model_v4.pdb	26
P60484	26	T	R	0.604193828195795	AF-P60484-F1-model_v4.pdb	26
P60484	26	T	*	0.5279251246918351	AF-P60484-F1-model_v4.pdb	26
P60484	26	T	P	0.13051033572119	AF-P60484-F1-model_v4.pdb	26
P60484	26	T	N	0.42161733710288	AF-P60484-F1-model_v4.pdb	26
P60484	26	T	M	0.706704568216981	AF-P60484-F1-model_v4.pdb	26
P60484	27	Y	C	0.3494593521983481	AF-P60484-F1-model_v4.pdb	27
P60484	27	Y	S	0.5088289594896521	AF-P60484-F1-model_v4.pdb	27
P60484	27	Y	Q	0.3145223727770789	AF-P60484-F1-model_v4.pdb	27
P60484	27	Y	L	0.375397363355835	AF-P60484-F1-model_v4.pdb	27
P60484	27	Y	K	0.552845894320624	AF-P60484-F1-model_v4.pdb	27
P60484	27	Y	E	0.684512817638745	AF-P60484-F1-model_v4.pdb	27
P60484	27	Y	V	0.400731691836378	AF-P60484-F1-model_v4.pdb	27
P60484	27	Y	G	0.274944310704277	AF-P60484-F1-model_v4.pdb	27
P60484	28	I	E	0.201342301910482	AF-P60484-F1-model_v4.pdb	28
P60484	28	I	S	0.234566174343512	AF-P60484-F1-model_v4.pdb	28
P60484	28	I	R	0.277164103661491	AF-P60484-F1-model_v4.pdb	28
P60484	28	I	Q	0.279772324419931	AF-P60484-F1-model_v4.pdb	28
P60484	28	I	P	0.132481857353196	AF-P60484-F1-model_v4.pdb	28
P60484	28	I	M	0.506604223523752	AF-P60484-F1-model_v4.pdb	28
P60484	28	I	L	0.8121736762258579	AF-P60484-F1-model_v4.pdb	28
P60484	28	I	K	0.3719564939329361	AF-P60484-F1-model_v4.pdb	28
P60484	28	I	H	0.240580916254494	AF-P60484-F1-model_v4.pdb	28
P60484	28	I	G	0.295384072654918	AF-P60484-F1-model_v4.pdb	28
P60484	28	I	F	0.3654844597644241	AF-P60484-F1-model_v4.pdb	28
P60484	28	I	D	0.195986826477525	AF-P60484-F1-model_v4.pdb	28
P60484	28	I	V	1.0142934153102	AF-P60484-F1-model_v4.pdb	28
P60484	29	Y	*	0.168891762455647	AF-P60484-F1-model_v4.pdb	29
P60484	29	Y	V	0.8403946442670849	AF-P60484-F1-model_v4.pdb	29
P60484	29	Y	T	0.3905586134709189	AF-P60484-F1-model_v4.pdb	29
P60484	29	Y	L	0.9800443433171928	AF-P60484-F1-model_v4.pdb	29
P60484	29	Y	R	0.841368879373928	AF-P60484-F1-model_v4.pdb	29
P60484	29	Y	S	0.861129727846938	AF-P60484-F1-model_v4.pdb	29
P60484	29	Y	C	0.7287216649051079	AF-P60484-F1-model_v4.pdb	29
P60484	29	Y	D	0.0242108788976218	AF-P60484-F1-model_v4.pdb	29
P60484	29	Y	F	0.881937408977753	AF-P60484-F1-model_v4.pdb	29
P60484	29	Y	G	0.8503665283856541	AF-P60484-F1-model_v4.pdb	29
P60484	29	Y	I	0.490620608936198	AF-P60484-F1-model_v4.pdb	29
P60484	29	Y	K	0.825138611794961	AF-P60484-F1-model_v4.pdb	29
P60484	29	Y	M	0.9750354681582232	AF-P60484-F1-model_v4.pdb	29
P60484	29	Y	A	0.787979280275278	AF-P60484-F1-model_v4.pdb	29
P60484	29	Y	N	0.7410462949158131	AF-P60484-F1-model_v4.pdb	29
P60484	29	Y	P	0.4502163037046729	AF-P60484-F1-model_v4.pdb	29
P60484	30	P	I	0.205142805565585	AF-P60484-F1-model_v4.pdb	30
P60484	30	P	E	0.86635706466546	AF-P60484-F1-model_v4.pdb	30
P60484	30	P	H	1.04170423246769	AF-P60484-F1-model_v4.pdb	30
P60484	30	P	D	0.7927212843489909	AF-P60484-F1-model_v4.pdb	30
P60484	30	P	C	0.5294258267967971	AF-P60484-F1-model_v4.pdb	30
P60484	30	P	A	0.6951514713990021	AF-P60484-F1-model_v4.pdb	30
P60484	30	P	W	0.482717434755324	AF-P60484-F1-model_v4.pdb	30
P60484	30	P	V	0.306205999218019	AF-P60484-F1-model_v4.pdb	30
P60484	30	P	Y	0.545779530579021	AF-P60484-F1-model_v4.pdb	30
P60484	30	P	S	0.51579984390907	AF-P60484-F1-model_v4.pdb	30
P60484	30	P	R	0.515693369851473	AF-P60484-F1-model_v4.pdb	30
P60484	30	P	G	0.814705086018216	AF-P60484-F1-model_v4.pdb	30
P60484	30	P	Q	0.811433910465838	AF-P60484-F1-model_v4.pdb	30
P60484	30	P	N	0.8547187526114659	AF-P60484-F1-model_v4.pdb	30
P60484	30	P	M	0.4364000065747899	AF-P60484-F1-model_v4.pdb	30
P60484	30	P	L	0.3159476950399489	AF-P60484-F1-model_v4.pdb	30
P60484	30	P	K	0.911266876724201	AF-P60484-F1-model_v4.pdb	30
P60484	30	P	T	0.7151539642668471	AF-P60484-F1-model_v4.pdb	30
P60484	30	P	F	0.494959260834684	AF-P60484-F1-model_v4.pdb	30
P60484	31	N	S	0.68472207654788	AF-P60484-F1-model_v4.pdb	31
P60484	31	N	*	0.0236428744426264	AF-P60484-F1-model_v4.pdb	31
P60484	31	N	W	0.2811811747789929	AF-P60484-F1-model_v4.pdb	31
P60484	31	N	V	0.200728100127828	AF-P60484-F1-model_v4.pdb	31
P60484	31	N	T	0.638599460501703	AF-P60484-F1-model_v4.pdb	31
P60484	31	N	Y	0.4389139405509349	AF-P60484-F1-model_v4.pdb	31
P60484	31	N	Q	0.831986849424687	AF-P60484-F1-model_v4.pdb	31
P60484	31	N	F	0.326835413795987	AF-P60484-F1-model_v4.pdb	31
P60484	31	N	R	0.914867640988046	AF-P60484-F1-model_v4.pdb	31
P60484	31	N	G	0.588536315738235	AF-P60484-F1-model_v4.pdb	31
P60484	31	N	C	0.621920700514229	AF-P60484-F1-model_v4.pdb	31
P60484	31	N	D	0.262646186425402	AF-P60484-F1-model_v4.pdb	31
P60484	31	N	H	0.69428868495458	AF-P60484-F1-model_v4.pdb	31
P60484	31	N	K	0.724761785841912	AF-P60484-F1-model_v4.pdb	31
P60484	31	N	L	0.312116313567024	AF-P60484-F1-model_v4.pdb	31
P60484	31	N	P	0.250658190873891	AF-P60484-F1-model_v4.pdb	31
P60484	31	N	A	0.312024050030419	AF-P60484-F1-model_v4.pdb	31
P60484	31	N	E	0.5250543156665589	AF-P60484-F1-model_v4.pdb	31
P60484	35	M	R	0.343871147334104	AF-P60484-F1-model_v4.pdb	35
P60484	35	M	*	0.180567849008464	AF-P60484-F1-model_v4.pdb	35
P60484	35	M	V	1.06120850439345	AF-P60484-F1-model_v4.pdb	35
P60484	35	M	T	0.601580782987179	AF-P60484-F1-model_v4.pdb	35
P60484	35	M	S	0.610035334197037	AF-P60484-F1-model_v4.pdb	35
P60484	35	M	Y	0.72093274906027	AF-P60484-F1-model_v4.pdb	35
P60484	35	M	P	0.372339117150519	AF-P60484-F1-model_v4.pdb	35
P60484	35	M	A	0.522027197740106	AF-P60484-F1-model_v4.pdb	35
P60484	35	M	Q	0.376256704900798	AF-P60484-F1-model_v4.pdb	35
P60484	35	M	D	0.421976036949061	AF-P60484-F1-model_v4.pdb	35
P60484	35	M	F	1.10980210855726	AF-P60484-F1-model_v4.pdb	35
P60484	35	M	G	0.375145595583502	AF-P60484-F1-model_v4.pdb	35
P60484	35	M	L	0.884312033427592	AF-P60484-F1-model_v4.pdb	35
P60484	35	M	I	0.9945011059880008	AF-P60484-F1-model_v4.pdb	35
P60484	35	M	H	0.533922595389126	AF-P60484-F1-model_v4.pdb	35
P60484	35	M	K	0.356400875207199	AF-P60484-F1-model_v4.pdb	35
P60484	36	G	A	0.7449907960248241	AF-P60484-F1-model_v4.pdb	36
P60484	36	G	W	0.756337236948117	AF-P60484-F1-model_v4.pdb	36
P60484	36	G	V	0.560917990472215	AF-P60484-F1-model_v4.pdb	36
P60484	36	G	S	0.8718286655621851	AF-P60484-F1-model_v4.pdb	36
P60484	36	G	R	0.670366063895785	AF-P60484-F1-model_v4.pdb	36
P60484	36	G	T	0.9745694655215892	AF-P60484-F1-model_v4.pdb	36
P60484	36	G	K	0.67815451122501	AF-P60484-F1-model_v4.pdb	36
P60484	36	G	H	0.8003637465471322	AF-P60484-F1-model_v4.pdb	36
P60484	36	G	F	0.8609599684244059	AF-P60484-F1-model_v4.pdb	36
P60484	36	G	D	0.966427058291766	AF-P60484-F1-model_v4.pdb	36
P60484	36	G	C	0.8150749536172521	AF-P60484-F1-model_v4.pdb	36
P60484	36	G	L	0.525434068352019	AF-P60484-F1-model_v4.pdb	36
P60484	36	G	P	0.6752813324400021	AF-P60484-F1-model_v4.pdb	36
P60484	37	F	Y	0.751255198634222	AF-P60484-F1-model_v4.pdb	37
P60484	37	F	V	0.581470558033593	AF-P60484-F1-model_v4.pdb	37
P60484	37	F	S	0.841096374865119	AF-P60484-F1-model_v4.pdb	37
P60484	37	F	N	0.9803641433880472	AF-P60484-F1-model_v4.pdb	37
P60484	37	F	R	0.78676686229995	AF-P60484-F1-model_v4.pdb	37
P60484	37	F	Q	0.763770340776027	AF-P60484-F1-model_v4.pdb	37
P60484	37	F	P	1.16305428446803	AF-P60484-F1-model_v4.pdb	37
P60484	37	F	E	0.7774729482747931	AF-P60484-F1-model_v4.pdb	37
P60484	37	F	L	0.575624600243423	AF-P60484-F1-model_v4.pdb	37
P60484	37	F	H	0.877439622234752	AF-P60484-F1-model_v4.pdb	37
P60484	37	F	G	0.8535708011295869	AF-P60484-F1-model_v4.pdb	37
P60484	37	F	D	0.9145382168406592	AF-P60484-F1-model_v4.pdb	37
P60484	37	F	C	1.08066497885685	AF-P60484-F1-model_v4.pdb	37
P60484	37	F	A	0.999407466033995	AF-P60484-F1-model_v4.pdb	37
P60484	37	F	M	1.1951303364328	AF-P60484-F1-model_v4.pdb	37
P60484	38	P	Y	0.912021542565524	AF-P60484-F1-model_v4.pdb	38
P60484	38	P	V	0.79618040024161	AF-P60484-F1-model_v4.pdb	38
P60484	38	P	T	0.886312499227035	AF-P60484-F1-model_v4.pdb	38
P60484	38	P	S	1.13611952068973	AF-P60484-F1-model_v4.pdb	38
P60484	38	P	R	0.8615850821620259	AF-P60484-F1-model_v4.pdb	38
P60484	38	P	M	0.7133440668791372	AF-P60484-F1-model_v4.pdb	38
P60484	38	P	L	0.627175442185471	AF-P60484-F1-model_v4.pdb	38
P60484	38	P	*	-0.0274945396175169	AF-P60484-F1-model_v4.pdb	38
P60484	38	P	I	0.68473266990327	AF-P60484-F1-model_v4.pdb	38
P60484	38	P	H	0.620797543368032	AF-P60484-F1-model_v4.pdb	38
P60484	38	P	G	0.7802943462141959	AF-P60484-F1-model_v4.pdb	38
P60484	38	P	F	0.779743401753261	AF-P60484-F1-model_v4.pdb	38
P60484	38	P	E	0.6907232373229579	AF-P60484-F1-model_v4.pdb	38
P60484	38	P	A	0.871090202682648	AF-P60484-F1-model_v4.pdb	38
P60484	38	P	C	0.832771498600659	AF-P60484-F1-model_v4.pdb	38
P60484	38	P	K	0.96271311969749	AF-P60484-F1-model_v4.pdb	38
P60484	39	A	*	0.0661377597389904	AF-P60484-F1-model_v4.pdb	39
P60484	39	A	W	0.719033177936859	AF-P60484-F1-model_v4.pdb	39
P60484	39	A	V	0.973750031845178	AF-P60484-F1-model_v4.pdb	39
P60484	39	A	S	0.7025069855048659	AF-P60484-F1-model_v4.pdb	39
P60484	39	A	R	0.696042182917223	AF-P60484-F1-model_v4.pdb	39
P60484	39	A	M	0.818996305058285	AF-P60484-F1-model_v4.pdb	39
P60484	39	A	L	0.522748270876499	AF-P60484-F1-model_v4.pdb	39
P60484	39	A	G	1.00501395623524	AF-P60484-F1-model_v4.pdb	39
P60484	39	A	F	1.01573299455786	AF-P60484-F1-model_v4.pdb	39
P60484	39	A	D	0.89624189292703	AF-P60484-F1-model_v4.pdb	39
P60484	39	A	C	1.0766618793228	AF-P60484-F1-model_v4.pdb	39
P60484	39	A	P	0.68327531602677	AF-P60484-F1-model_v4.pdb	39
P60484	40	E	Y	0.887517226329769	AF-P60484-F1-model_v4.pdb	40
P60484	40	E	W	0.4842610449501789	AF-P60484-F1-model_v4.pdb	40
P60484	40	E	S	0.5517221952515661	AF-P60484-F1-model_v4.pdb	40
P60484	40	E	V	0.8614527782859671	AF-P60484-F1-model_v4.pdb	40
P60484	40	E	T	1.15874510519402	AF-P60484-F1-model_v4.pdb	40
P60484	40	E	R	0.564691372503094	AF-P60484-F1-model_v4.pdb	40
P60484	40	E	F	0.65838268305463	AF-P60484-F1-model_v4.pdb	40
P60484	40	E	L	0.745650612783614	AF-P60484-F1-model_v4.pdb	40
P60484	40	E	H	1.01217333374671	AF-P60484-F1-model_v4.pdb	40
P60484	40	E	G	0.8062586566631059	AF-P60484-F1-model_v4.pdb	40
P60484	40	E	C	0.7560059199951179	AF-P60484-F1-model_v4.pdb	40
P60484	40	E	A	1.28508784762064	AF-P60484-F1-model_v4.pdb	40
P60484	40	E	P	0.957156331697658	AF-P60484-F1-model_v4.pdb	40
P60484	43	E	Y	1.01340582060526	AF-P60484-F1-model_v4.pdb	43
P60484	43	E	W	0.532250079024034	AF-P60484-F1-model_v4.pdb	43
P60484	43	E	V	0.923544945637486	AF-P60484-F1-model_v4.pdb	43
P60484	43	E	T	0.802860686598145	AF-P60484-F1-model_v4.pdb	43
P60484	43	E	R	1.08331451952529	AF-P60484-F1-model_v4.pdb	43
P60484	43	E	P	0.8087523243951941	AF-P60484-F1-model_v4.pdb	43
P60484	43	E	S	1.0340196886605602	AF-P60484-F1-model_v4.pdb	43
P60484	43	E	L	0.683483374230354	AF-P60484-F1-model_v4.pdb	43
P60484	43	E	I	0.8333150642515709	AF-P60484-F1-model_v4.pdb	43
P60484	43	E	H	1.00279081152315	AF-P60484-F1-model_v4.pdb	43
P60484	43	E	G	1.0261438059614498	AF-P60484-F1-model_v4.pdb	43
P60484	43	E	F	0.8449530037364499	AF-P60484-F1-model_v4.pdb	43
P60484	43	E	D	1.02127546020493	AF-P60484-F1-model_v4.pdb	43
P60484	43	E	N	0.719964318449174	AF-P60484-F1-model_v4.pdb	43
P60484	44	G	T	0.7928005311015709	AF-P60484-F1-model_v4.pdb	44
P60484	44	G	S	0.788325553995913	AF-P60484-F1-model_v4.pdb	44
P60484	44	G	R	0.929917709414571	AF-P60484-F1-model_v4.pdb	44
P60484	44	G	M	0.6442463138883001	AF-P60484-F1-model_v4.pdb	44
P60484	44	G	L	0.762190555460989	AF-P60484-F1-model_v4.pdb	44
P60484	44	G	E	0.84941853267091	AF-P60484-F1-model_v4.pdb	44
P60484	44	G	H	1.09323189300111	AF-P60484-F1-model_v4.pdb	44
P60484	44	G	D	0.7992322977035551	AF-P60484-F1-model_v4.pdb	44
P60484	44	G	A	0.673005256577797	AF-P60484-F1-model_v4.pdb	44
P60484	44	G	V	0.658400809501968	AF-P60484-F1-model_v4.pdb	44
P60484	44	G	I	0.561498907008497	AF-P60484-F1-model_v4.pdb	44
P60484	44	G	Y	0.862501610506006	AF-P60484-F1-model_v4.pdb	44
P60484	44	G	K	0.8577843897123721	AF-P60484-F1-model_v4.pdb	44
P60484	45	V	I	0.6791217189259251	AF-P60484-F1-model_v4.pdb	45
P60484	45	V	F	0.846504053725814	AF-P60484-F1-model_v4.pdb	45
P60484	45	V	G	1.00923566591622	AF-P60484-F1-model_v4.pdb	45
P60484	45	V	C	1.02091633155395	AF-P60484-F1-model_v4.pdb	45
P60484	45	V	K	1.0727166659802	AF-P60484-F1-model_v4.pdb	45
P60484	45	V	L	0.7269060879792242	AF-P60484-F1-model_v4.pdb	45
P60484	45	V	M	0.947967785194889	AF-P60484-F1-model_v4.pdb	45
P60484	45	V	N	1.08069987759431	AF-P60484-F1-model_v4.pdb	45
P60484	45	V	P	1.09023893910699	AF-P60484-F1-model_v4.pdb	45
P60484	45	V	A	0.967862143758249	AF-P60484-F1-model_v4.pdb	45
P60484	45	V	Q	1.1226992659903798	AF-P60484-F1-model_v4.pdb	45
P60484	45	V	E	0.472712794466682	AF-P60484-F1-model_v4.pdb	45
P60484	45	V	R	1.02525475603592	AF-P60484-F1-model_v4.pdb	45
P60484	45	V	T	0.942123439331953	AF-P60484-F1-model_v4.pdb	45
P60484	45	V	W	0.684323718464399	AF-P60484-F1-model_v4.pdb	45
P60484	45	V	*	0.210603632183464	AF-P60484-F1-model_v4.pdb	45
P60484	45	V	Y	1.08440257390692	AF-P60484-F1-model_v4.pdb	45
P60484	45	V	S	1.09126357526517	AF-P60484-F1-model_v4.pdb	45
P60484	45	V	D	1.11968260683722	AF-P60484-F1-model_v4.pdb	45
P60484	46	Y	K	0.7066027348393249	AF-P60484-F1-model_v4.pdb	46
P60484	46	Y	I	1.03253622354271	AF-P60484-F1-model_v4.pdb	46
P60484	46	Y	L	0.861421347892381	AF-P60484-F1-model_v4.pdb	46
P60484	46	Y	N	0.928035863997111	AF-P60484-F1-model_v4.pdb	46
P60484	46	Y	S	0.971403925009563	AF-P60484-F1-model_v4.pdb	46
P60484	46	Y	H	1.10031215431775	AF-P60484-F1-model_v4.pdb	46
P60484	46	Y	T	1.06099766014445	AF-P60484-F1-model_v4.pdb	46
P60484	46	Y	V	0.932644242260109	AF-P60484-F1-model_v4.pdb	46
P60484	46	Y	W	0.448620007200031	AF-P60484-F1-model_v4.pdb	46
P60484	46	Y	G	1.1165401656358502	AF-P60484-F1-model_v4.pdb	46
P60484	46	Y	C	0.747525180926861	AF-P60484-F1-model_v4.pdb	46
P60484	46	Y	*	0.0057603189767307	AF-P60484-F1-model_v4.pdb	46
P60484	46	Y	F	0.8698785481855992	AF-P60484-F1-model_v4.pdb	46
P60484	46	Y	E	1.04914205843775	AF-P60484-F1-model_v4.pdb	46
P60484	46	Y	D	0.9572453697935408	AF-P60484-F1-model_v4.pdb	46
P60484	46	Y	A	0.8910181204779029	AF-P60484-F1-model_v4.pdb	46
P60484	47	R	E	1.1739030262234198	AF-P60484-F1-model_v4.pdb	47
P60484	47	R	F	0.99979299758188	AF-P60484-F1-model_v4.pdb	47
P60484	47	R	G	1.02568969957949	AF-P60484-F1-model_v4.pdb	47
P60484	47	R	L	0.943560969100164	AF-P60484-F1-model_v4.pdb	47
P60484	47	R	N	1.1715123695156398	AF-P60484-F1-model_v4.pdb	47
P60484	47	R	V	0.851923074843055	AF-P60484-F1-model_v4.pdb	47
P60484	47	R	S	1.14853450793609	AF-P60484-F1-model_v4.pdb	47
P60484	47	R	H	0.8909439980394329	AF-P60484-F1-model_v4.pdb	47
P60484	47	R	Q	1.10759112844799	AF-P60484-F1-model_v4.pdb	47
P60484	47	R	P	0.765464266924999	AF-P60484-F1-model_v4.pdb	47
P60484	47	R	W	0.820369113659943	AF-P60484-F1-model_v4.pdb	47
P60484	47	R	C	1.01486690836649	AF-P60484-F1-model_v4.pdb	47
P60484	47	R	T	1.08762436221587	AF-P60484-F1-model_v4.pdb	47
P60484	47	R	A	1.0517452658050102	AF-P60484-F1-model_v4.pdb	47
P60484	48	N	L	0.533961125870725	AF-P60484-F1-model_v4.pdb	48
P60484	48	N	H	1.1520669005565	AF-P60484-F1-model_v4.pdb	48
P60484	48	N	R	0.8774050001994049	AF-P60484-F1-model_v4.pdb	48
P60484	48	N	D	0.8326354580253158	AF-P60484-F1-model_v4.pdb	48
P60484	48	N	M	0.872943920158581	AF-P60484-F1-model_v4.pdb	48
P60484	48	N	P	0.829649605481482	AF-P60484-F1-model_v4.pdb	48
P60484	49	N	V	0.7451371555390991	AF-P60484-F1-model_v4.pdb	49
P60484	49	N	Q	0.9772015505399642	AF-P60484-F1-model_v4.pdb	49
P60484	49	N	P	0.7097254482596719	AF-P60484-F1-model_v4.pdb	49
P60484	49	N	T	0.777485354517357	AF-P60484-F1-model_v4.pdb	49
P60484	49	N	M	0.9395539567491842	AF-P60484-F1-model_v4.pdb	49
P60484	49	N	A	1.09017589497961	AF-P60484-F1-model_v4.pdb	49
P60484	49	N	D	1.0771253495655602	AF-P60484-F1-model_v4.pdb	49
P60484	49	N	K	0.9755548207332472	AF-P60484-F1-model_v4.pdb	49
P60484	49	N	E	0.845769191727302	AF-P60484-F1-model_v4.pdb	49
P60484	49	N	G	0.896797170109254	AF-P60484-F1-model_v4.pdb	49
P60484	49	N	Y	1.00547927597552	AF-P60484-F1-model_v4.pdb	49
P60484	49	N	L	0.8946370709750259	AF-P60484-F1-model_v4.pdb	49
P60484	49	N	H	1.08923198860842	AF-P60484-F1-model_v4.pdb	49
P60484	49	N	I	0.735215972826595	AF-P60484-F1-model_v4.pdb	49
P60484	49	N	W	0.922943826151906	AF-P60484-F1-model_v4.pdb	49
P60484	49	N	F	0.901826931580928	AF-P60484-F1-model_v4.pdb	49
P60484	49	N	*	-0.0749406490709206	AF-P60484-F1-model_v4.pdb	49
P60484	49	N	S	0.95310683485547	AF-P60484-F1-model_v4.pdb	49
P60484	49	N	R	1.1064193312331498	AF-P60484-F1-model_v4.pdb	49
P60484	50	I	G	0.523674601017301	AF-P60484-F1-model_v4.pdb	50
P60484	50	I	V	0.9045712490755492	AF-P60484-F1-model_v4.pdb	50
P60484	50	I	T	0.799283873770529	AF-P60484-F1-model_v4.pdb	50
P60484	50	I	S	0.638956305473126	AF-P60484-F1-model_v4.pdb	50
P60484	50	I	R	0.560091634086098	AF-P60484-F1-model_v4.pdb	50
P60484	50	I	Q	0.7995743456918859	AF-P60484-F1-model_v4.pdb	50
P60484	50	I	N	0.471793720467114	AF-P60484-F1-model_v4.pdb	50
P60484	50	I	P	0.735185922555108	AF-P60484-F1-model_v4.pdb	50
P60484	50	I	L	0.998626170714493	AF-P60484-F1-model_v4.pdb	50
P60484	50	I	H	0.4668821481835661	AF-P60484-F1-model_v4.pdb	50
P60484	50	I	A	0.8174049643590491	AF-P60484-F1-model_v4.pdb	50
P60484	50	I	E	0.7628743078617041	AF-P60484-F1-model_v4.pdb	50
P60484	50	I	M	0.7094469304070079	AF-P60484-F1-model_v4.pdb	50
P60484	50	I	F	1.00501009196521	AF-P60484-F1-model_v4.pdb	50
P60484	51	D	T	0.6801157958515159	AF-P60484-F1-model_v4.pdb	51
P60484	51	D	Q	0.514955697093689	AF-P60484-F1-model_v4.pdb	51
P60484	51	D	R	0.542015792777764	AF-P60484-F1-model_v4.pdb	51
P60484	51	D	S	0.7698217565768499	AF-P60484-F1-model_v4.pdb	51
P60484	51	D	P	0.373124975260926	AF-P60484-F1-model_v4.pdb	51
P60484	51	D	M	0.749486885421274	AF-P60484-F1-model_v4.pdb	51
P60484	51	D	A	0.729957391392477	AF-P60484-F1-model_v4.pdb	51
P60484	51	D	L	0.79954168699175	AF-P60484-F1-model_v4.pdb	51
P60484	51	D	W	0.660286717919401	AF-P60484-F1-model_v4.pdb	51
P60484	51	D	G	0.738742707395037	AF-P60484-F1-model_v4.pdb	51
P60484	51	D	V	0.627300963636497	AF-P60484-F1-model_v4.pdb	51
P60484	51	D	E	0.8558822946401758	AF-P60484-F1-model_v4.pdb	51
P60484	52	D	Q	1.0369442452708602	AF-P60484-F1-model_v4.pdb	52
P60484	52	D	R	0.902392601249447	AF-P60484-F1-model_v4.pdb	52
P60484	52	D	P	0.6391158162297249	AF-P60484-F1-model_v4.pdb	52
P60484	52	D	S	0.8878559141817071	AF-P60484-F1-model_v4.pdb	52
P60484	52	D	N	0.840580100132712	AF-P60484-F1-model_v4.pdb	52
P60484	52	D	T	0.621802413719317	AF-P60484-F1-model_v4.pdb	52
P60484	52	D	V	0.701199058439121	AF-P60484-F1-model_v4.pdb	52
P60484	52	D	L	0.688676766976504	AF-P60484-F1-model_v4.pdb	52
P60484	52	D	K	0.750431479968184	AF-P60484-F1-model_v4.pdb	52
P60484	52	D	G	0.625711085537479	AF-P60484-F1-model_v4.pdb	52
P60484	52	D	I	0.583960322374013	AF-P60484-F1-model_v4.pdb	52
P60484	52	D	H	0.880945118506032	AF-P60484-F1-model_v4.pdb	52
P60484	52	D	A	0.742081471209763	AF-P60484-F1-model_v4.pdb	52
P60484	52	D	E	1.09481461290921	AF-P60484-F1-model_v4.pdb	52
P60484	52	D	F	0.6140962193385401	AF-P60484-F1-model_v4.pdb	52
P60484	53	V	P	0.231920987831849	AF-P60484-F1-model_v4.pdb	53
P60484	53	V	N	0.355228757518183	AF-P60484-F1-model_v4.pdb	53
P60484	53	V	Q	0.568662681297447	AF-P60484-F1-model_v4.pdb	53
P60484	53	V	I	0.797497417695902	AF-P60484-F1-model_v4.pdb	53
P60484	53	V	R	0.198448050785611	AF-P60484-F1-model_v4.pdb	53
P60484	53	V	A	0.951014388699258	AF-P60484-F1-model_v4.pdb	53
P60484	53	V	H	0.39818958153837	AF-P60484-F1-model_v4.pdb	53
P60484	53	V	M	1.05524446935268	AF-P60484-F1-model_v4.pdb	53
P60484	53	V	L	0.992073585579692	AF-P60484-F1-model_v4.pdb	53
P60484	53	V	C	0.50264766355238	AF-P60484-F1-model_v4.pdb	53
P60484	53	V	D	0.346693185964214	AF-P60484-F1-model_v4.pdb	53
P60484	53	V	E	0.36718974285112	AF-P60484-F1-model_v4.pdb	53
P60484	53	V	K	0.206087110566003	AF-P60484-F1-model_v4.pdb	53
P60484	53	V	G	0.370853141512034	AF-P60484-F1-model_v4.pdb	53
P60484	53	V	T	0.688259555116681	AF-P60484-F1-model_v4.pdb	53
P60484	53	V	*	-0.0495635770697267	AF-P60484-F1-model_v4.pdb	53
P60484	53	V	S	0.469903424082519	AF-P60484-F1-model_v4.pdb	53
P60484	53	V	F	0.7540084838907379	AF-P60484-F1-model_v4.pdb	53
P60484	54	V	Y	0.6337675072178349	AF-P60484-F1-model_v4.pdb	54
P60484	54	V	*	0.0342421480949164	AF-P60484-F1-model_v4.pdb	54
P60484	54	V	T	0.4991753842987801	AF-P60484-F1-model_v4.pdb	54
P60484	54	V	S	0.8118179204034859	AF-P60484-F1-model_v4.pdb	54
P60484	54	V	R	0.6430375648414319	AF-P60484-F1-model_v4.pdb	54
P60484	54	V	Q	0.8409131770260381	AF-P60484-F1-model_v4.pdb	54
P60484	54	V	P	0.5330338866824579	AF-P60484-F1-model_v4.pdb	54
P60484	54	V	M	0.7672077805697339	AF-P60484-F1-model_v4.pdb	54
P60484	54	V	W	0.5561966459633929	AF-P60484-F1-model_v4.pdb	54
P60484	54	V	K	1.00288552835074	AF-P60484-F1-model_v4.pdb	54
P60484	54	V	L	0.940065117237039	AF-P60484-F1-model_v4.pdb	54
P60484	54	V	A	0.837466980506919	AF-P60484-F1-model_v4.pdb	54
P60484	54	V	C	0.9849879282573628	AF-P60484-F1-model_v4.pdb	54
P60484	54	V	D	0.353537416157964	AF-P60484-F1-model_v4.pdb	54
P60484	54	V	N	0.567484472187057	AF-P60484-F1-model_v4.pdb	54
P60484	54	V	F	0.747558725639434	AF-P60484-F1-model_v4.pdb	54
P60484	54	V	G	0.6339718573476899	AF-P60484-F1-model_v4.pdb	54
P60484	54	V	H	0.8125667707839441	AF-P60484-F1-model_v4.pdb	54
P60484	54	V	I	0.98331242604272	AF-P60484-F1-model_v4.pdb	54
P60484	54	V	E	0.6715677931034909	AF-P60484-F1-model_v4.pdb	54
P60484	55	R	Y	0.486127254413011	AF-P60484-F1-model_v4.pdb	55
P60484	55	R	W	0.261286021411642	AF-P60484-F1-model_v4.pdb	55
P60484	55	R	V	0.378581898794198	AF-P60484-F1-model_v4.pdb	55
P60484	55	R	T	0.8566257466259509	AF-P60484-F1-model_v4.pdb	55
P60484	55	R	S	0.871990701486938	AF-P60484-F1-model_v4.pdb	55
P60484	55	R	Q	0.7907746376200899	AF-P60484-F1-model_v4.pdb	55
P60484	55	R	K	0.863712811462477	AF-P60484-F1-model_v4.pdb	55
P60484	55	R	M	0.660005490686043	AF-P60484-F1-model_v4.pdb	55
P60484	55	R	I	0.269514288306709	AF-P60484-F1-model_v4.pdb	55
P60484	55	R	H	0.896960662201869	AF-P60484-F1-model_v4.pdb	55
P60484	55	R	F	0.1751985146018869	AF-P60484-F1-model_v4.pdb	55
P60484	55	R	E	0.9236992163219	AF-P60484-F1-model_v4.pdb	55
P60484	55	R	A	0.932598120233808	AF-P60484-F1-model_v4.pdb	55
P60484	55	R	P	0.386964643700489	AF-P60484-F1-model_v4.pdb	55
P60484	55	R	G	0.779239240093485	AF-P60484-F1-model_v4.pdb	55
P60484	55	R	L	0.568262237416401	AF-P60484-F1-model_v4.pdb	55
P60484	56	F	M	0.666811234978715	AF-P60484-F1-model_v4.pdb	56
P60484	56	F	D	0.2557221539316969	AF-P60484-F1-model_v4.pdb	56
P60484	56	F	E	1.00318888973507	AF-P60484-F1-model_v4.pdb	56
P60484	56	F	G	0.247631566979093	AF-P60484-F1-model_v4.pdb	56
P60484	56	F	I	0.550791887450069	AF-P60484-F1-model_v4.pdb	56
P60484	56	F	K	0.510325544941134	AF-P60484-F1-model_v4.pdb	56
P60484	56	F	L	0.8144334880371809	AF-P60484-F1-model_v4.pdb	56
P60484	56	F	N	0.451649531966239	AF-P60484-F1-model_v4.pdb	56
P60484	56	F	Q	0.242971289802846	AF-P60484-F1-model_v4.pdb	56
P60484	56	F	R	0.388319361494743	AF-P60484-F1-model_v4.pdb	56
P60484	56	F	S	0.338433545635924	AF-P60484-F1-model_v4.pdb	56
P60484	56	F	V	0.61434594528958	AF-P60484-F1-model_v4.pdb	56
P60484	56	F	W	0.604322166920055	AF-P60484-F1-model_v4.pdb	56
P60484	56	F	Y	0.992851269202128	AF-P60484-F1-model_v4.pdb	56
P60484	56	F	C	0.532925127708923	AF-P60484-F1-model_v4.pdb	56
P60484	56	F	A	0.7279674931855892	AF-P60484-F1-model_v4.pdb	56
P60484	57	L	P	0.276809990483964	AF-P60484-F1-model_v4.pdb	57
P60484	57	L	A	0.190783106320341	AF-P60484-F1-model_v4.pdb	57
P60484	57	L	C	0.368016297054055	AF-P60484-F1-model_v4.pdb	57
P60484	57	L	E	0.195574611703541	AF-P60484-F1-model_v4.pdb	57
P60484	57	L	G	0.193016685314195	AF-P60484-F1-model_v4.pdb	57
P60484	57	L	I	0.328029717997744	AF-P60484-F1-model_v4.pdb	57
P60484	57	L	K	0.178881768652197	AF-P60484-F1-model_v4.pdb	57
P60484	57	L	M	0.8181174262835541	AF-P60484-F1-model_v4.pdb	57
P60484	57	L	N	0.195549749765955	AF-P60484-F1-model_v4.pdb	57
P60484	57	L	Q	0.3711694184809729	AF-P60484-F1-model_v4.pdb	57
P60484	57	L	R	0.213797439996791	AF-P60484-F1-model_v4.pdb	57
P60484	57	L	S	0.239096771141433	AF-P60484-F1-model_v4.pdb	57
P60484	57	L	T	0.6073228643615319	AF-P60484-F1-model_v4.pdb	57
P60484	57	L	V	0.310628146568529	AF-P60484-F1-model_v4.pdb	57
P60484	57	L	W	0.1732953450547259	AF-P60484-F1-model_v4.pdb	57
P60484	58	D	C	0.482495866037803	AF-P60484-F1-model_v4.pdb	58
P60484	58	D	Y	0.5373442686323899	AF-P60484-F1-model_v4.pdb	58
P60484	58	D	A	0.5786519799640799	AF-P60484-F1-model_v4.pdb	58
P60484	58	D	*	-0.0902234587857366	AF-P60484-F1-model_v4.pdb	58
P60484	58	D	W	0.307019034273458	AF-P60484-F1-model_v4.pdb	58
P60484	58	D	V	0.3280641047379929	AF-P60484-F1-model_v4.pdb	58
P60484	58	D	S	0.852985110677207	AF-P60484-F1-model_v4.pdb	58
P60484	58	D	R	0.4494604360001041	AF-P60484-F1-model_v4.pdb	58
P60484	58	D	T	0.554198667326702	AF-P60484-F1-model_v4.pdb	58
P60484	58	D	K	0.517332181672094	AF-P60484-F1-model_v4.pdb	58
P60484	58	D	I	0.230266000450678	AF-P60484-F1-model_v4.pdb	58
P60484	58	D	H	0.7349199211497629	AF-P60484-F1-model_v4.pdb	58
P60484	58	D	G	0.575717098482727	AF-P60484-F1-model_v4.pdb	58
P60484	58	D	E	0.997160121529623	AF-P60484-F1-model_v4.pdb	58
P60484	58	D	P	0.459695187601921	AF-P60484-F1-model_v4.pdb	58
P60484	59	S	Y	1.04798095193341	AF-P60484-F1-model_v4.pdb	59
P60484	59	S	Q	0.9954985767431028	AF-P60484-F1-model_v4.pdb	59
P60484	59	S	*	0.048052543325257	AF-P60484-F1-model_v4.pdb	59
P60484	59	S	W	0.750296934110938	AF-P60484-F1-model_v4.pdb	59
P60484	59	S	V	1.01280361392165	AF-P60484-F1-model_v4.pdb	59
P60484	59	S	R	0.9028020468475408	AF-P60484-F1-model_v4.pdb	59
P60484	59	S	P	0.216865877848976	AF-P60484-F1-model_v4.pdb	59
P60484	59	S	D	0.963486550108858	AF-P60484-F1-model_v4.pdb	59
P60484	59	S	M	0.9663955530576592	AF-P60484-F1-model_v4.pdb	59
P60484	59	S	I	0.8259401028789691	AF-P60484-F1-model_v4.pdb	59
P60484	59	S	H	0.7490682408790359	AF-P60484-F1-model_v4.pdb	59
P60484	59	S	G	0.915779905823813	AF-P60484-F1-model_v4.pdb	59
P60484	59	S	E	0.9977303929509972	AF-P60484-F1-model_v4.pdb	59
P60484	59	S	C	0.5398559353360121	AF-P60484-F1-model_v4.pdb	59
P60484	59	S	N	1.02002876652595	AF-P60484-F1-model_v4.pdb	59
P60484	59	S	A	0.7164709498945041	AF-P60484-F1-model_v4.pdb	59
P60484	59	S	L	0.828132865757633	AF-P60484-F1-model_v4.pdb	59
P60484	60	K	G	0.3680948688402271	AF-P60484-F1-model_v4.pdb	60
P60484	60	K	I	0.594237437770803	AF-P60484-F1-model_v4.pdb	60
P60484	60	K	V	0.5928606026407671	AF-P60484-F1-model_v4.pdb	60
P60484	60	K	T	0.684313944581225	AF-P60484-F1-model_v4.pdb	60
P60484	60	K	S	0.704105723351398	AF-P60484-F1-model_v4.pdb	60
P60484	60	K	R	1.06765187334931	AF-P60484-F1-model_v4.pdb	60
P60484	60	K	Y	1.21428372107204	AF-P60484-F1-model_v4.pdb	60
P60484	60	K	M	0.6570907712273449	AF-P60484-F1-model_v4.pdb	60
P60484	60	K	P	0.539836000276453	AF-P60484-F1-model_v4.pdb	60
P60484	60	K	C	0.585319806441437	AF-P60484-F1-model_v4.pdb	60
P60484	60	K	E	0.717377300747363	AF-P60484-F1-model_v4.pdb	60
P60484	60	K	L	0.4947414202825871	AF-P60484-F1-model_v4.pdb	60
P60484	60	K	A	0.659104271063877	AF-P60484-F1-model_v4.pdb	60
P60484	61	H	N	0.2840732747472709	AF-P60484-F1-model_v4.pdb	61
P60484	61	H	A	0.3795720894569689	AF-P60484-F1-model_v4.pdb	61
P60484	61	H	C	0.5340343826444339	AF-P60484-F1-model_v4.pdb	61
P60484	61	H	D	0.234913538998994	AF-P60484-F1-model_v4.pdb	61
P60484	61	H	E	0.361335148320685	AF-P60484-F1-model_v4.pdb	61
P60484	61	H	G	0.3501221435388449	AF-P60484-F1-model_v4.pdb	61
P60484	61	H	I	0.606646811456824	AF-P60484-F1-model_v4.pdb	61
P60484	61	H	K	0.135623261992128	AF-P60484-F1-model_v4.pdb	61
P60484	61	H	L	0.654594345166546	AF-P60484-F1-model_v4.pdb	61
P60484	61	H	M	0.5064490195995329	AF-P60484-F1-model_v4.pdb	61
P60484	61	H	P	0.424473844148485	AF-P60484-F1-model_v4.pdb	61
P60484	61	H	Y	0.799641188395671	AF-P60484-F1-model_v4.pdb	61
P60484	61	H	F	0.934803029296037	AF-P60484-F1-model_v4.pdb	61
P60484	61	H	*	0.0951611660305823	AF-P60484-F1-model_v4.pdb	61
P60484	61	H	W	0.533423408498423	AF-P60484-F1-model_v4.pdb	61
P60484	61	H	V	0.4153372824675471	AF-P60484-F1-model_v4.pdb	61
P60484	61	H	R	0.191643755363924	AF-P60484-F1-model_v4.pdb	61
P60484	61	H	Q	0.3140349431848889	AF-P60484-F1-model_v4.pdb	61
P60484	61	H	S	0.3310223802733581	AF-P60484-F1-model_v4.pdb	61
P60484	61	H	T	0.346843271956164	AF-P60484-F1-model_v4.pdb	61
P60484	62	K	P	0.8361331187564459	AF-P60484-F1-model_v4.pdb	62
P60484	62	K	L	0.8966360592531469	AF-P60484-F1-model_v4.pdb	62
P60484	62	K	G	0.967625416053046	AF-P60484-F1-model_v4.pdb	62
P60484	62	K	A	0.824727457976479	AF-P60484-F1-model_v4.pdb	62
P60484	62	K	F	1.06824276933902	AF-P60484-F1-model_v4.pdb	62
P60484	62	K	E	1.01618781590768	AF-P60484-F1-model_v4.pdb	62
P60484	62	K	D	0.726772920803397	AF-P60484-F1-model_v4.pdb	62
P60484	62	K	C	0.6862021040007271	AF-P60484-F1-model_v4.pdb	62
P60484	62	K	I	0.792470078801592	AF-P60484-F1-model_v4.pdb	62
P60484	62	K	Q	0.8716287173074341	AF-P60484-F1-model_v4.pdb	62
P60484	62	K	W	0.626122217534878	AF-P60484-F1-model_v4.pdb	62
P60484	62	K	S	0.909640872584478	AF-P60484-F1-model_v4.pdb	62
P60484	62	K	*	-0.0160266457318655	AF-P60484-F1-model_v4.pdb	62
P60484	62	K	Y	0.977297179154475	AF-P60484-F1-model_v4.pdb	62
P60484	62	K	V	0.664143043032682	AF-P60484-F1-model_v4.pdb	62
P60484	62	K	T	0.717651838705001	AF-P60484-F1-model_v4.pdb	62
P60484	62	K	R	0.8917443521914542	AF-P60484-F1-model_v4.pdb	62
P60484	62	K	M	0.873314915646007	AF-P60484-F1-model_v4.pdb	62
P60484	63	N	V	0.388670826433718	AF-P60484-F1-model_v4.pdb	63
P60484	63	N	T	0.6343647907467789	AF-P60484-F1-model_v4.pdb	63
P60484	63	N	M	0.7409370811390771	AF-P60484-F1-model_v4.pdb	63
P60484	63	N	L	0.596241998556566	AF-P60484-F1-model_v4.pdb	63
P60484	63	N	K	0.682068800841588	AF-P60484-F1-model_v4.pdb	63
P60484	63	N	P	0.5077851353402629	AF-P60484-F1-model_v4.pdb	63
P60484	63	N	G	0.85815141668301	AF-P60484-F1-model_v4.pdb	63
P60484	63	N	Q	0.750075743915782	AF-P60484-F1-model_v4.pdb	63
P60484	63	N	E	0.886640771312899	AF-P60484-F1-model_v4.pdb	63
P60484	63	N	A	0.8853684427879709	AF-P60484-F1-model_v4.pdb	63
P60484	63	N	S	1.32262796455206	AF-P60484-F1-model_v4.pdb	63
P60484	63	N	*	0.1554069312968719	AF-P60484-F1-model_v4.pdb	63
P60484	63	N	W	0.539060220900206	AF-P60484-F1-model_v4.pdb	63
P60484	63	N	R	0.619065623090948	AF-P60484-F1-model_v4.pdb	63
P60484	64	H	A	0.8995182246317379	AF-P60484-F1-model_v4.pdb	64
P60484	64	H	V	0.8188514322146	AF-P60484-F1-model_v4.pdb	64
P60484	64	H	T	0.8919099846530458	AF-P60484-F1-model_v4.pdb	64
P60484	64	H	C	0.780938620034114	AF-P60484-F1-model_v4.pdb	64
P60484	64	H	R	0.930133751968355	AF-P60484-F1-model_v4.pdb	64
P60484	64	H	D	0.8988708323076608	AF-P60484-F1-model_v4.pdb	64
P60484	64	H	E	0.855557198322475	AF-P60484-F1-model_v4.pdb	64
P60484	64	H	F	0.690330768764498	AF-P60484-F1-model_v4.pdb	64
P60484	64	H	G	0.796733037549324	AF-P60484-F1-model_v4.pdb	64
P60484	64	H	S	0.90626358225332	AF-P60484-F1-model_v4.pdb	64
P60484	64	H	I	0.447963788836848	AF-P60484-F1-model_v4.pdb	64
P60484	64	H	L	0.7961125982230541	AF-P60484-F1-model_v4.pdb	64
P60484	64	H	W	0.625093329362714	AF-P60484-F1-model_v4.pdb	64
P60484	64	H	P	0.23277005980004	AF-P60484-F1-model_v4.pdb	64
P60484	64	H	Q	0.800624358529984	AF-P60484-F1-model_v4.pdb	64
P60484	65	Y	W	1.02931237019838	AF-P60484-F1-model_v4.pdb	65
P60484	65	Y	*	0.0468668072809475	AF-P60484-F1-model_v4.pdb	65
P60484	65	Y	L	0.6103995925789539	AF-P60484-F1-model_v4.pdb	65
P60484	65	Y	K	0.0752019526279617	AF-P60484-F1-model_v4.pdb	65
P60484	65	Y	I	0.724610627412328	AF-P60484-F1-model_v4.pdb	65
P60484	65	Y	C	0.8189206643866199	AF-P60484-F1-model_v4.pdb	65
P60484	65	Y	E	0.2483952367247869	AF-P60484-F1-model_v4.pdb	65
P60484	65	Y	A	0.543789290988961	AF-P60484-F1-model_v4.pdb	65
P60484	65	Y	G	0.221039234805451	AF-P60484-F1-model_v4.pdb	65
P60484	65	Y	V	0.7232450652477191	AF-P60484-F1-model_v4.pdb	65
P60484	65	Y	S	0.262513795499101	AF-P60484-F1-model_v4.pdb	65
P60484	65	Y	T	0.5645334083469821	AF-P60484-F1-model_v4.pdb	65
P60484	65	Y	R	0.175113017052149	AF-P60484-F1-model_v4.pdb	65
P60484	65	Y	H	0.565778114803962	AF-P60484-F1-model_v4.pdb	65
P60484	65	Y	F	0.648680753111205	AF-P60484-F1-model_v4.pdb	65
P60484	65	Y	M	0.624354778420474	AF-P60484-F1-model_v4.pdb	65
P60484	65	Y	P	0.221041733922451	AF-P60484-F1-model_v4.pdb	65
P60484	66	K	I	0.497843306488604	AF-P60484-F1-model_v4.pdb	66
P60484	66	K	Q	0.588499430316894	AF-P60484-F1-model_v4.pdb	66
P60484	66	K	N	0.127679333119795	AF-P60484-F1-model_v4.pdb	66
P60484	66	K	H	0.274816899390549	AF-P60484-F1-model_v4.pdb	66
P60484	66	K	E	0.254668711748758	AF-P60484-F1-model_v4.pdb	66
P60484	66	K	T	0.611761990934461	AF-P60484-F1-model_v4.pdb	66
P60484	66	K	A	0.705488596329158	AF-P60484-F1-model_v4.pdb	66
P60484	66	K	P	0.145942147491854	AF-P60484-F1-model_v4.pdb	66
P60484	66	K	R	0.7556258063861171	AF-P60484-F1-model_v4.pdb	66
P60484	66	K	F	0.34345601386676	AF-P60484-F1-model_v4.pdb	66
P60484	66	K	M	0.7174012340404721	AF-P60484-F1-model_v4.pdb	66
P60484	66	K	*	0.0021913562918732	AF-P60484-F1-model_v4.pdb	66
P60484	66	K	W	0.4752037331932961	AF-P60484-F1-model_v4.pdb	66
P60484	66	K	G	0.229684218069682	AF-P60484-F1-model_v4.pdb	66
P60484	66	K	L	0.303477118280846	AF-P60484-F1-model_v4.pdb	66
P60484	66	K	V	0.5986385837292779	AF-P60484-F1-model_v4.pdb	66
P60484	66	K	S	0.439983257239818	AF-P60484-F1-model_v4.pdb	66
P60484	67	I	T	0.228353849380359	AF-P60484-F1-model_v4.pdb	67
P60484	67	I	V	0.781417896590732	AF-P60484-F1-model_v4.pdb	67
P60484	67	I	P	0.3827893611935139	AF-P60484-F1-model_v4.pdb	67
P60484	67	I	N	0.117791044822335	AF-P60484-F1-model_v4.pdb	67
P60484	67	I	M	0.5056951918183521	AF-P60484-F1-model_v4.pdb	67
P60484	67	I	R	0.219541790464059	AF-P60484-F1-model_v4.pdb	67
P60484	67	I	L	0.7511558812405319	AF-P60484-F1-model_v4.pdb	67
P60484	67	I	Q	0.0794922019947107	AF-P60484-F1-model_v4.pdb	67
P60484	67	I	H	0.296679035814013	AF-P60484-F1-model_v4.pdb	67
P60484	67	I	K	0.272300803355096	AF-P60484-F1-model_v4.pdb	67
P60484	67	I	G	0.181295838640825	AF-P60484-F1-model_v4.pdb	67
P60484	67	I	E	0.31100195140485	AF-P60484-F1-model_v4.pdb	67
P60484	67	I	D	0.212329359964604	AF-P60484-F1-model_v4.pdb	67
P60484	67	I	C	0.506289420537118	AF-P60484-F1-model_v4.pdb	67
P60484	67	I	*	0.3136385415601189	AF-P60484-F1-model_v4.pdb	67
P60484	67	I	A	0.205832390120694	AF-P60484-F1-model_v4.pdb	67
P60484	67	I	Y	0.326527084231601	AF-P60484-F1-model_v4.pdb	67
P60484	67	I	W	0.384040043068352	AF-P60484-F1-model_v4.pdb	67
P60484	67	I	S	0.2988709314145539	AF-P60484-F1-model_v4.pdb	67
P60484	68	Y	T	0.159831918203441	AF-P60484-F1-model_v4.pdb	68
P60484	68	Y	*	0.0080975202513093	AF-P60484-F1-model_v4.pdb	68
P60484	68	Y	V	0.251945617974147	AF-P60484-F1-model_v4.pdb	68
P60484	68	Y	W	0.714731057175096	AF-P60484-F1-model_v4.pdb	68
P60484	68	Y	C	0.06951562339011	AF-P60484-F1-model_v4.pdb	68
P60484	68	Y	K	0.207062977864806	AF-P60484-F1-model_v4.pdb	68
P60484	68	Y	N	0.107193178374888	AF-P60484-F1-model_v4.pdb	68
P60484	68	Y	R	0.200530883629864	AF-P60484-F1-model_v4.pdb	68
P60484	68	Y	P	0.102007728740357	AF-P60484-F1-model_v4.pdb	68
P60484	68	Y	E	0.246852117535303	AF-P60484-F1-model_v4.pdb	68
P60484	68	Y	Q	0.245018415747068	AF-P60484-F1-model_v4.pdb	68
P60484	68	Y	M	0.230106952333542	AF-P60484-F1-model_v4.pdb	68
P60484	68	Y	F	1.07905689514814	AF-P60484-F1-model_v4.pdb	68
P60484	68	Y	S	0.219539581505228	AF-P60484-F1-model_v4.pdb	68
P60484	68	Y	I	0.360719381995918	AF-P60484-F1-model_v4.pdb	68
P60484	68	Y	G	0.218393738270792	AF-P60484-F1-model_v4.pdb	68
P60484	68	Y	L	0.178098496742832	AF-P60484-F1-model_v4.pdb	68
P60484	69	N	A	0.731309977010192	AF-P60484-F1-model_v4.pdb	69
P60484	69	N	E	0.8629322386191641	AF-P60484-F1-model_v4.pdb	69
P60484	69	N	H	0.278101800261876	AF-P60484-F1-model_v4.pdb	69
P60484	69	N	L	0.8711698074638822	AF-P60484-F1-model_v4.pdb	69
P60484	69	N	D	1.03077409646512	AF-P60484-F1-model_v4.pdb	69
P60484	69	N	T	0.7944619160545721	AF-P60484-F1-model_v4.pdb	69
P60484	69	N	G	0.408556086437003	AF-P60484-F1-model_v4.pdb	69
P60484	69	N	W	0.840788823806946	AF-P60484-F1-model_v4.pdb	69
P60484	69	N	R	0.290662478717157	AF-P60484-F1-model_v4.pdb	69
P60484	69	N	*	-0.0344503385336618	AF-P60484-F1-model_v4.pdb	69
P60484	69	N	M	0.943194103054702	AF-P60484-F1-model_v4.pdb	69
P60484	69	N	V	0.8576232399794449	AF-P60484-F1-model_v4.pdb	69
P60484	69	N	S	0.952882455611292	AF-P60484-F1-model_v4.pdb	69
P60484	69	N	P	0.151820171998374	AF-P60484-F1-model_v4.pdb	69
P60484	69	N	Y	0.510685867091541	AF-P60484-F1-model_v4.pdb	69
P60484	71	C	G	0.925646245912719	AF-P60484-F1-model_v4.pdb	71
P60484	71	C	I	0.279917666880116	AF-P60484-F1-model_v4.pdb	71
P60484	71	C	D	0.8491504528764481	AF-P60484-F1-model_v4.pdb	71
P60484	71	C	T	0.5629155888887261	AF-P60484-F1-model_v4.pdb	71
P60484	72	A	I	0.851082399921024	AF-P60484-F1-model_v4.pdb	72
P60484	72	A	P	0.7746686478203471	AF-P60484-F1-model_v4.pdb	72
P60484	72	A	Y	0.271274482238869	AF-P60484-F1-model_v4.pdb	72
P60484	72	A	H	0.8230020022460981	AF-P60484-F1-model_v4.pdb	72
P60484	72	A	T	1.0364908879939	AF-P60484-F1-model_v4.pdb	72
P60484	72	A	V	0.7958653620085681	AF-P60484-F1-model_v4.pdb	72
P60484	72	A	K	0.772515173937322	AF-P60484-F1-model_v4.pdb	72
P60484	72	A	*	0.268730932676681	AF-P60484-F1-model_v4.pdb	72
P60484	72	A	E	0.653062602390967	AF-P60484-F1-model_v4.pdb	72
P60484	72	A	Q	0.65962471433178	AF-P60484-F1-model_v4.pdb	72
P60484	72	A	G	0.9052050424600768	AF-P60484-F1-model_v4.pdb	72
P60484	72	A	F	0.9322281083102292	AF-P60484-F1-model_v4.pdb	72
P60484	72	A	R	0.8541643810754351	AF-P60484-F1-model_v4.pdb	72
P60484	72	A	S	0.7744702652407859	AF-P60484-F1-model_v4.pdb	72
P60484	72	A	D	0.767448347034691	AF-P60484-F1-model_v4.pdb	72
P60484	72	A	N	0.8766476440923839	AF-P60484-F1-model_v4.pdb	72
P60484	72	A	C	0.6628994407772011	AF-P60484-F1-model_v4.pdb	72
P60484	72	A	W	0.5077769276101161	AF-P60484-F1-model_v4.pdb	72
P60484	72	A	L	0.6270534349666479	AF-P60484-F1-model_v4.pdb	72
P60484	72	A	M	0.8377975691553108	AF-P60484-F1-model_v4.pdb	72
P60484	73	E	R	0.5739774787872789	AF-P60484-F1-model_v4.pdb	73
P60484	73	E	G	0.827452574838125	AF-P60484-F1-model_v4.pdb	73
P60484	73	E	L	0.462357321151058	AF-P60484-F1-model_v4.pdb	73
P60484	73	E	K	0.7704201758968471	AF-P60484-F1-model_v4.pdb	73
P60484	73	E	S	0.514915899885116	AF-P60484-F1-model_v4.pdb	73
P60484	73	E	P	0.495279588250751	AF-P60484-F1-model_v4.pdb	73
P60484	73	E	I	0.704172959515405	AF-P60484-F1-model_v4.pdb	73
P60484	73	E	V	0.655124737092992	AF-P60484-F1-model_v4.pdb	73
P60484	73	E	H	0.6415472239235059	AF-P60484-F1-model_v4.pdb	73
P60484	73	E	M	0.723695951943314	AF-P60484-F1-model_v4.pdb	73
P60484	73	E	Y	0.584041802959562	AF-P60484-F1-model_v4.pdb	73
P60484	73	E	F	0.6033735238404611	AF-P60484-F1-model_v4.pdb	73
P60484	73	E	D	0.956420692071539	AF-P60484-F1-model_v4.pdb	73
P60484	73	E	Q	0.679381029134015	AF-P60484-F1-model_v4.pdb	73
P60484	73	E	C	0.618315686986645	AF-P60484-F1-model_v4.pdb	73
P60484	73	E	A	0.62728781392729	AF-P60484-F1-model_v4.pdb	73
P60484	73	E	T	0.6963577391870661	AF-P60484-F1-model_v4.pdb	73
P60484	74	R	S	0.8687414853911399	AF-P60484-F1-model_v4.pdb	74
P60484	74	R	H	1.25013708799303	AF-P60484-F1-model_v4.pdb	74
P60484	74	R	L	0.6571447756470711	AF-P60484-F1-model_v4.pdb	74
P60484	74	R	N	1.1581269234445302	AF-P60484-F1-model_v4.pdb	74
P60484	74	R	G	1.05168266862646	AF-P60484-F1-model_v4.pdb	74
P60484	74	R	A	0.886305799127703	AF-P60484-F1-model_v4.pdb	74
P60484	74	R	D	0.889008686630251	AF-P60484-F1-model_v4.pdb	74
P60484	74	R	P	1.05939478126819	AF-P60484-F1-model_v4.pdb	74
P60484	74	R	C	1.1859124833428	AF-P60484-F1-model_v4.pdb	74
P60484	74	R	T	1.03681904855797	AF-P60484-F1-model_v4.pdb	74
P60484	74	R	V	0.855027325935757	AF-P60484-F1-model_v4.pdb	74
P60484	75	H	R	0.9866002132054228	AF-P60484-F1-model_v4.pdb	75
P60484	75	H	L	0.9405086809237108	AF-P60484-F1-model_v4.pdb	75
P60484	75	H	G	1.06625835617534	AF-P60484-F1-model_v4.pdb	75
P60484	75	H	Y	0.75298418059899	AF-P60484-F1-model_v4.pdb	75
P60484	75	H	F	0.963100916795141	AF-P60484-F1-model_v4.pdb	75
P60484	75	H	V	1.08421894619509	AF-P60484-F1-model_v4.pdb	75
P60484	75	H	E	1.10165020129634	AF-P60484-F1-model_v4.pdb	75
P60484	75	H	S	1.0023068552835	AF-P60484-F1-model_v4.pdb	75
P60484	75	H	M	1.1008360961721295	AF-P60484-F1-model_v4.pdb	75
P60484	75	H	D	1.04565484349853	AF-P60484-F1-model_v4.pdb	75
P60484	75	H	A	0.863775577437188	AF-P60484-F1-model_v4.pdb	75
P60484	75	H	T	1.02988622549826	AF-P60484-F1-model_v4.pdb	75
P60484	75	H	I	0.9015716605865172	AF-P60484-F1-model_v4.pdb	75
P60484	76	Y	Q	0.626291307147958	AF-P60484-F1-model_v4.pdb	76
P60484	76	Y	P	0.665003941627846	AF-P60484-F1-model_v4.pdb	76
P60484	76	Y	M	0.7692149334986559	AF-P60484-F1-model_v4.pdb	76
P60484	76	Y	L	0.957226813703494	AF-P60484-F1-model_v4.pdb	76
P60484	76	Y	D	0.848791723090902	AF-P60484-F1-model_v4.pdb	76
P60484	76	Y	H	0.929350288440732	AF-P60484-F1-model_v4.pdb	76
P60484	76	Y	F	0.8926604025429159	AF-P60484-F1-model_v4.pdb	76
P60484	76	Y	E	0.6069379941770121	AF-P60484-F1-model_v4.pdb	76
P60484	76	Y	R	0.561350013677916	AF-P60484-F1-model_v4.pdb	76
P60484	76	Y	C	0.9383502218046228	AF-P60484-F1-model_v4.pdb	76
P60484	76	Y	A	0.7996799240303729	AF-P60484-F1-model_v4.pdb	76
P60484	76	Y	K	0.832973393422658	AF-P60484-F1-model_v4.pdb	76
P60484	76	Y	S	0.611827177900484	AF-P60484-F1-model_v4.pdb	76
P60484	76	Y	G	0.679611701310015	AF-P60484-F1-model_v4.pdb	76
P60484	76	Y	T	0.825326416417641	AF-P60484-F1-model_v4.pdb	76
P60484	76	Y	V	0.938460683687622	AF-P60484-F1-model_v4.pdb	76
P60484	76	Y	W	0.9208985051114152	AF-P60484-F1-model_v4.pdb	76
P60484	76	Y	*	0.0915319576710646	AF-P60484-F1-model_v4.pdb	76
P60484	77	D	F	0.611606990450275	AF-P60484-F1-model_v4.pdb	77
P60484	77	D	E	0.796086116733744	AF-P60484-F1-model_v4.pdb	77
P60484	77	D	A	0.7446454143924292	AF-P60484-F1-model_v4.pdb	77
P60484	77	D	R	0.540056667954685	AF-P60484-F1-model_v4.pdb	77
P60484	77	D	Y	0.154944973852544	AF-P60484-F1-model_v4.pdb	77
P60484	77	D	G	0.634027256323441	AF-P60484-F1-model_v4.pdb	77
P60484	77	D	P	0.8588941433327221	AF-P60484-F1-model_v4.pdb	77
P60484	77	D	M	0.761938898741481	AF-P60484-F1-model_v4.pdb	77
P60484	77	D	Q	0.6226463217315911	AF-P60484-F1-model_v4.pdb	77
P60484	77	D	C	0.6593879701045451	AF-P60484-F1-model_v4.pdb	77
P60484	77	D	T	0.772188583258258	AF-P60484-F1-model_v4.pdb	77
P60484	77	D	L	0.672073166947379	AF-P60484-F1-model_v4.pdb	77
P60484	77	D	V	0.650028648150464	AF-P60484-F1-model_v4.pdb	77
P60484	77	D	K	0.688589021921661	AF-P60484-F1-model_v4.pdb	77
P60484	77	D	W	0.626643860688175	AF-P60484-F1-model_v4.pdb	77
P60484	77	D	I	0.720191914912936	AF-P60484-F1-model_v4.pdb	77
P60484	77	D	*	-0.0262115418733681	AF-P60484-F1-model_v4.pdb	77
P60484	77	D	S	0.6915685278686949	AF-P60484-F1-model_v4.pdb	77
P60484	78	T	A	0.9532610327826128	AF-P60484-F1-model_v4.pdb	78
P60484	78	T	C	1.22093707628123	AF-P60484-F1-model_v4.pdb	78
P60484	78	T	Q	0.976579828954294	AF-P60484-F1-model_v4.pdb	78
P60484	78	T	M	1.2169377026193402	AF-P60484-F1-model_v4.pdb	78
P60484	78	T	L	1.0337942996181702	AF-P60484-F1-model_v4.pdb	78
P60484	78	T	G	0.791182884698042	AF-P60484-F1-model_v4.pdb	78
P60484	79	A	F	0.715810939616747	AF-P60484-F1-model_v4.pdb	79
P60484	79	A	C	0.784347318428524	AF-P60484-F1-model_v4.pdb	79
P60484	79	A	G	1.0358789020651702	AF-P60484-F1-model_v4.pdb	79
P60484	79	A	H	1.15336838151358	AF-P60484-F1-model_v4.pdb	79
P60484	79	A	K	0.6967744568418421	AF-P60484-F1-model_v4.pdb	79
P60484	79	A	L	0.8921009131556029	AF-P60484-F1-model_v4.pdb	79
P60484	79	A	E	0.951333113746269	AF-P60484-F1-model_v4.pdb	79
P60484	79	A	D	1.00498969523696	AF-P60484-F1-model_v4.pdb	79
P60484	79	A	T	0.998153851339622	AF-P60484-F1-model_v4.pdb	79
P60484	79	A	V	0.74625924654711	AF-P60484-F1-model_v4.pdb	79
P60484	79	A	Q	0.936357019946737	AF-P60484-F1-model_v4.pdb	79
P60484	79	A	M	0.8661255824572851	AF-P60484-F1-model_v4.pdb	79
P60484	79	A	P	0.8267132651246341	AF-P60484-F1-model_v4.pdb	79
P60484	79	A	S	1.00043831517752	AF-P60484-F1-model_v4.pdb	79
P60484	79	A	R	0.8368379968862191	AF-P60484-F1-model_v4.pdb	79
P60484	79	A	N	1.10721915342784	AF-P60484-F1-model_v4.pdb	79
P60484	79	A	W	0.923480554314771	AF-P60484-F1-model_v4.pdb	79
P60484	79	A	*	0.0766695579459734	AF-P60484-F1-model_v4.pdb	79
P60484	79	A	Y	0.800211663919431	AF-P60484-F1-model_v4.pdb	79
P60484	80	K	C	0.78503593819179	AF-P60484-F1-model_v4.pdb	80
P60484	80	K	Y	0.93959377558602	AF-P60484-F1-model_v4.pdb	80
P60484	80	K	W	0.77572386482086	AF-P60484-F1-model_v4.pdb	80
P60484	80	K	V	1.0077226732173	AF-P60484-F1-model_v4.pdb	80
P60484	80	K	T	0.791106853623533	AF-P60484-F1-model_v4.pdb	80
P60484	80	K	S	0.895830439735087	AF-P60484-F1-model_v4.pdb	80
P60484	80	K	R	0.966141153054572	AF-P60484-F1-model_v4.pdb	80
P60484	80	K	D	0.7900329980904741	AF-P60484-F1-model_v4.pdb	80
P60484	80	K	P	0.7388633423087579	AF-P60484-F1-model_v4.pdb	80
P60484	80	K	E	0.9095789793426592	AF-P60484-F1-model_v4.pdb	80
P60484	80	K	Q	0.83218166836289	AF-P60484-F1-model_v4.pdb	80
P60484	80	K	G	0.718178918300193	AF-P60484-F1-model_v4.pdb	80
P60484	80	K	A	0.8898023794105101	AF-P60484-F1-model_v4.pdb	80
P60484	80	K	F	0.867072013374971	AF-P60484-F1-model_v4.pdb	80
P60484	80	K	L	0.951518674878111	AF-P60484-F1-model_v4.pdb	80
P60484	80	K	M	0.687158514927073	AF-P60484-F1-model_v4.pdb	80
P60484	80	K	N	0.962781312657446	AF-P60484-F1-model_v4.pdb	80
P60484	80	K	I	0.5307325483040871	AF-P60484-F1-model_v4.pdb	80
P60484	81	F	Y	0.705558745341364	AF-P60484-F1-model_v4.pdb	81
P60484	81	F	*	0.0523915001633045	AF-P60484-F1-model_v4.pdb	81
P60484	81	F	V	0.808960392222195	AF-P60484-F1-model_v4.pdb	81
P60484	81	F	T	0.601443457254177	AF-P60484-F1-model_v4.pdb	81
P60484	81	F	R	0.401460917795314	AF-P60484-F1-model_v4.pdb	81
P60484	81	F	Q	0.96267606945481	AF-P60484-F1-model_v4.pdb	81
P60484	81	F	N	0.554352832388078	AF-P60484-F1-model_v4.pdb	81
P60484	81	F	M	0.97541247826351	AF-P60484-F1-model_v4.pdb	81
P60484	81	F	K	0.4358047958529041	AF-P60484-F1-model_v4.pdb	81
P60484	81	F	I	0.671659066548208	AF-P60484-F1-model_v4.pdb	81
P60484	81	F	H	0.717751975493256	AF-P60484-F1-model_v4.pdb	81
P60484	81	F	G	0.6891363150633871	AF-P60484-F1-model_v4.pdb	81
P60484	81	F	E	0.412882015352154	AF-P60484-F1-model_v4.pdb	81
P60484	81	F	P	0.7518284809980841	AF-P60484-F1-model_v4.pdb	81
P60484	81	F	A	0.725393649167545	AF-P60484-F1-model_v4.pdb	81
P60484	81	F	L	0.960967093270934	AF-P60484-F1-model_v4.pdb	81
P60484	82	N	D	1.23272525414893	AF-P60484-F1-model_v4.pdb	82
P60484	82	N	P	0.98384380780963	AF-P60484-F1-model_v4.pdb	82
P60484	82	N	G	1.21823231797355	AF-P60484-F1-model_v4.pdb	82
P60484	83	C	L	0.664582288605594	AF-P60484-F1-model_v4.pdb	83
P60484	83	C	*	-0.0976450390128623	AF-P60484-F1-model_v4.pdb	83
P60484	83	C	G	0.580416039983632	AF-P60484-F1-model_v4.pdb	83
P60484	84	R	C	1.19071518078213	AF-P60484-F1-model_v4.pdb	84
P60484	84	R	F	0.8440601859749108	AF-P60484-F1-model_v4.pdb	84
P60484	84	R	V	0.82909812872959	AF-P60484-F1-model_v4.pdb	84
P60484	84	R	I	1.1248317736277098	AF-P60484-F1-model_v4.pdb	84
P60484	84	R	M	0.0337643026097392	AF-P60484-F1-model_v4.pdb	84
P60484	84	R	P	1.21375648148957	AF-P60484-F1-model_v4.pdb	84
P60484	85	V	S	0.827288728451959	AF-P60484-F1-model_v4.pdb	85
P60484	85	V	R	0.236401319782578	AF-P60484-F1-model_v4.pdb	85
P60484	85	V	A	0.548038334353039	AF-P60484-F1-model_v4.pdb	85
P60484	85	V	N	0.5722775205971811	AF-P60484-F1-model_v4.pdb	85
P60484	85	V	C	0.9276591402178892	AF-P60484-F1-model_v4.pdb	85
P60484	85	V	D	0.281859090162748	AF-P60484-F1-model_v4.pdb	85
P60484	85	V	E	0.452343841671297	AF-P60484-F1-model_v4.pdb	85
P60484	85	V	P	0.579070468516634	AF-P60484-F1-model_v4.pdb	85
P60484	85	V	I	1.10220201883532	AF-P60484-F1-model_v4.pdb	85
P60484	85	V	K	0.385988153454939	AF-P60484-F1-model_v4.pdb	85
P60484	85	V	G	0.374349883170562	AF-P60484-F1-model_v4.pdb	85
P60484	85	V	M	0.7003499195484921	AF-P60484-F1-model_v4.pdb	85
P60484	85	V	L	0.648471090834537	AF-P60484-F1-model_v4.pdb	85
P60484	86	A	R	0.805554533953803	AF-P60484-F1-model_v4.pdb	86
P60484	86	A	N	0.627234626805937	AF-P60484-F1-model_v4.pdb	86
P60484	86	A	G	0.9498084045028	AF-P60484-F1-model_v4.pdb	86
P60484	86	A	C	0.9384009627887672	AF-P60484-F1-model_v4.pdb	86
P60484	86	A	L	0.451090774644765	AF-P60484-F1-model_v4.pdb	86
P60484	86	A	M	0.863931792051681	AF-P60484-F1-model_v4.pdb	86
P60484	87	Q	E	0.9042568678542808	AF-P60484-F1-model_v4.pdb	87
P60484	87	Q	G	0.760043440356898	AF-P60484-F1-model_v4.pdb	87
P60484	87	Q	V	0.91261893195015	AF-P60484-F1-model_v4.pdb	87
P60484	87	Q	H	1.18498074289734	AF-P60484-F1-model_v4.pdb	87
P60484	87	Q	L	1.1016585133612902	AF-P60484-F1-model_v4.pdb	87
P60484	87	Q	M	1.2109949245308798	AF-P60484-F1-model_v4.pdb	87
P60484	87	Q	P	0.6986839825941011	AF-P60484-F1-model_v4.pdb	87
P60484	87	Q	R	0.9003787184169599	AF-P60484-F1-model_v4.pdb	87
P60484	87	Q	S	0.887436909904351	AF-P60484-F1-model_v4.pdb	87
P60484	87	Q	A	0.771007279709588	AF-P60484-F1-model_v4.pdb	87
P60484	87	Q	T	1.00880132253106	AF-P60484-F1-model_v4.pdb	87
P60484	87	Q	C	0.778994295807412	AF-P60484-F1-model_v4.pdb	87
P60484	87	Q	F	1.03404208161327	AF-P60484-F1-model_v4.pdb	87
P60484	88	Y	R	0.2944371609519149	AF-P60484-F1-model_v4.pdb	88
P60484	88	Y	S	0.194245333374088	AF-P60484-F1-model_v4.pdb	88
P60484	88	Y	T	0.121107929085904	AF-P60484-F1-model_v4.pdb	88
P60484	88	Y	V	0.363111860311474	AF-P60484-F1-model_v4.pdb	88
P60484	88	Y	A	0.28050070340094	AF-P60484-F1-model_v4.pdb	88
P60484	88	Y	I	0.455610179920513	AF-P60484-F1-model_v4.pdb	88
P60484	88	Y	F	0.977982431439545	AF-P60484-F1-model_v4.pdb	88
P60484	88	Y	G	0.211957546694951	AF-P60484-F1-model_v4.pdb	88
P60484	89	P	W	0.455914833757723	AF-P60484-F1-model_v4.pdb	89
P60484	89	P	V	0.767543361339375	AF-P60484-F1-model_v4.pdb	89
P60484	89	P	T	0.8680364969206241	AF-P60484-F1-model_v4.pdb	89
P60484	89	P	S	0.835815422363613	AF-P60484-F1-model_v4.pdb	89
P60484	89	P	R	0.8034314246846759	AF-P60484-F1-model_v4.pdb	89
P60484	89	P	Q	0.8598700453981508	AF-P60484-F1-model_v4.pdb	89
P60484	89	P	L	0.8167598663724391	AF-P60484-F1-model_v4.pdb	89
P60484	89	P	K	0.89119815920708	AF-P60484-F1-model_v4.pdb	89
P60484	89	P	I	0.5127278200158629	AF-P60484-F1-model_v4.pdb	89
P60484	89	P	H	1.04181089782372	AF-P60484-F1-model_v4.pdb	89
P60484	89	P	G	0.889200026163917	AF-P60484-F1-model_v4.pdb	89
P60484	89	P	E	0.733078903435148	AF-P60484-F1-model_v4.pdb	89
P60484	89	P	D	0.7781941232091971	AF-P60484-F1-model_v4.pdb	89
P60484	89	P	C	0.920290543595737	AF-P60484-F1-model_v4.pdb	89
P60484	89	P	A	0.9067327141997108	AF-P60484-F1-model_v4.pdb	89
P60484	90	F	I	1.05397778087805	AF-P60484-F1-model_v4.pdb	90
P60484	90	F	Q	0.8320417869535699	AF-P60484-F1-model_v4.pdb	90
P60484	90	F	K	0.193023140500112	AF-P60484-F1-model_v4.pdb	90
P60484	90	F	L	1.05101444689606	AF-P60484-F1-model_v4.pdb	90
P60484	90	F	H	0.651007206834956	AF-P60484-F1-model_v4.pdb	90
P60484	90	F	G	0.90446501110713	AF-P60484-F1-model_v4.pdb	90
P60484	90	F	R	0.268502782589751	AF-P60484-F1-model_v4.pdb	90
P60484	90	F	S	1.00697877865304	AF-P60484-F1-model_v4.pdb	90
P60484	90	F	C	1.08530431080475	AF-P60484-F1-model_v4.pdb	90
P60484	90	F	A	0.811603976378254	AF-P60484-F1-model_v4.pdb	90
P60484	90	F	M	0.907202090765505	AF-P60484-F1-model_v4.pdb	90
P60484	90	F	V	0.96638399826933	AF-P60484-F1-model_v4.pdb	90
P60484	90	F	W	0.675532636768049	AF-P60484-F1-model_v4.pdb	90
P60484	90	F	*	-0.0027676719243104	AF-P60484-F1-model_v4.pdb	90
P60484	90	F	Y	0.56944207220511	AF-P60484-F1-model_v4.pdb	90
P60484	90	F	E	0.594301154918862	AF-P60484-F1-model_v4.pdb	90
P60484	90	F	P	0.379119146479766	AF-P60484-F1-model_v4.pdb	90
P60484	91	E	A	0.926546533135416	AF-P60484-F1-model_v4.pdb	91
P60484	91	E	D	0.340525531912428	AF-P60484-F1-model_v4.pdb	91
P60484	91	E	S	0.697597772087328	AF-P60484-F1-model_v4.pdb	91
P60484	91	E	Y	0.9808453005489972	AF-P60484-F1-model_v4.pdb	91
P60484	91	E	W	0.768663158007578	AF-P60484-F1-model_v4.pdb	91
P60484	91	E	V	0.682882558058245	AF-P60484-F1-model_v4.pdb	91
P60484	91	E	T	1.04297517198033	AF-P60484-F1-model_v4.pdb	91
P60484	91	E	R	0.803317311438538	AF-P60484-F1-model_v4.pdb	91
P60484	91	E	Q	1.11212070560808	AF-P60484-F1-model_v4.pdb	91
P60484	91	E	N	0.8623341202455129	AF-P60484-F1-model_v4.pdb	91
P60484	91	E	P	0.709270284034213	AF-P60484-F1-model_v4.pdb	91
P60484	91	E	L	0.7294298714250401	AF-P60484-F1-model_v4.pdb	91
P60484	91	E	K	0.998900889078742	AF-P60484-F1-model_v4.pdb	91
P60484	91	E	H	1.1174443950042598	AF-P60484-F1-model_v4.pdb	91
P60484	91	E	G	0.8443243865212691	AF-P60484-F1-model_v4.pdb	91
P60484	91	E	F	0.8167553131433091	AF-P60484-F1-model_v4.pdb	91
P60484	91	E	M	0.9752815223325492	AF-P60484-F1-model_v4.pdb	91
P60484	92	D	G	0.640134050768005	AF-P60484-F1-model_v4.pdb	92
P60484	92	D	H	0.999658654254048	AF-P60484-F1-model_v4.pdb	92
P60484	92	D	R	1.081705358721	AF-P60484-F1-model_v4.pdb	92
P60484	92	D	S	0.867702336533336	AF-P60484-F1-model_v4.pdb	92
P60484	92	D	K	0.470509928033672	AF-P60484-F1-model_v4.pdb	92
P60484	92	D	L	0.932224533003858	AF-P60484-F1-model_v4.pdb	92
P60484	92	D	F	0.6797540390882281	AF-P60484-F1-model_v4.pdb	92
P60484	92	D	E	0.9819430075339828	AF-P60484-F1-model_v4.pdb	92
P60484	92	D	C	0.820916678513636	AF-P60484-F1-model_v4.pdb	92
P60484	92	D	A	1.04452681930451	AF-P60484-F1-model_v4.pdb	92
P60484	92	D	P	1.05306879336959	AF-P60484-F1-model_v4.pdb	92
P60484	92	D	T	0.896673232982054	AF-P60484-F1-model_v4.pdb	92
P60484	92	D	V	0.7519593526294659	AF-P60484-F1-model_v4.pdb	92
P60484	92	D	W	0.64090200513675	AF-P60484-F1-model_v4.pdb	92
P60484	92	D	*	-0.0367917590001421	AF-P60484-F1-model_v4.pdb	92
P60484	92	D	Q	1.05252782851376	AF-P60484-F1-model_v4.pdb	92
P60484	93	H	C	0.955873893602088	AF-P60484-F1-model_v4.pdb	93
P60484	93	H	A	0.871823996807345	AF-P60484-F1-model_v4.pdb	93
P60484	93	H	P	0.8898996418386659	AF-P60484-F1-model_v4.pdb	93
P60484	93	H	D	0.8384288401395451	AF-P60484-F1-model_v4.pdb	93
P60484	93	H	E	1.21846097755631	AF-P60484-F1-model_v4.pdb	93
P60484	93	H	F	1.0421275174436402	AF-P60484-F1-model_v4.pdb	93
P60484	93	H	G	1.05827257915228	AF-P60484-F1-model_v4.pdb	93
P60484	93	H	M	0.828970168852373	AF-P60484-F1-model_v4.pdb	93
P60484	93	H	*	-0.0611522317447167	AF-P60484-F1-model_v4.pdb	93
P60484	93	H	R	0.816582533433714	AF-P60484-F1-model_v4.pdb	93
P60484	93	H	T	0.908694282017087	AF-P60484-F1-model_v4.pdb	93
P60484	93	H	V	0.507832536554919	AF-P60484-F1-model_v4.pdb	93
P60484	93	H	W	0.784530600041188	AF-P60484-F1-model_v4.pdb	93
P60484	94	N	F	0.6876645665504101	AF-P60484-F1-model_v4.pdb	94
P60484	94	N	Y	0.906774185691233	AF-P60484-F1-model_v4.pdb	94
P60484	94	N	T	0.913412243643988	AF-P60484-F1-model_v4.pdb	94
P60484	94	N	L	0.8700353093043349	AF-P60484-F1-model_v4.pdb	94
P60484	94	N	Q	0.906444868416454	AF-P60484-F1-model_v4.pdb	94
P60484	94	N	G	0.9212316783855732	AF-P60484-F1-model_v4.pdb	94
P60484	94	N	E	0.6988700630660141	AF-P60484-F1-model_v4.pdb	94
P60484	94	N	P	0.3097466598544089	AF-P60484-F1-model_v4.pdb	94
P60484	94	N	A	1.08329019906648	AF-P60484-F1-model_v4.pdb	94
P60484	94	N	R	0.8739685199035441	AF-P60484-F1-model_v4.pdb	94
P60484	94	N	S	0.999681887975861	AF-P60484-F1-model_v4.pdb	94
P60484	94	N	M	1.0481056493541998	AF-P60484-F1-model_v4.pdb	94
P60484	94	N	V	1.01598432716606	AF-P60484-F1-model_v4.pdb	94
P60484	94	N	*	-0.0674333384139273	AF-P60484-F1-model_v4.pdb	94
P60484	94	N	C	0.8404361101761361	AF-P60484-F1-model_v4.pdb	94
P60484	95	P	A	0.618920578065124	AF-P60484-F1-model_v4.pdb	95
P60484	95	P	T	0.22797550022726	AF-P60484-F1-model_v4.pdb	95
P60484	95	P	*	0.0773020779883025	AF-P60484-F1-model_v4.pdb	95
P60484	95	P	E	0.3712836899839949	AF-P60484-F1-model_v4.pdb	95
P60484	95	P	F	0.4221666531781629	AF-P60484-F1-model_v4.pdb	95
P60484	95	P	G	0.507344954423279	AF-P60484-F1-model_v4.pdb	95
P60484	95	P	H	0.310153164780896	AF-P60484-F1-model_v4.pdb	95
P60484	95	P	D	0.2923781997771469	AF-P60484-F1-model_v4.pdb	95
P60484	95	P	I	0.514898171290292	AF-P60484-F1-model_v4.pdb	95
P60484	95	P	C	0.635511407539907	AF-P60484-F1-model_v4.pdb	95
P60484	95	P	Q	0.497207876839915	AF-P60484-F1-model_v4.pdb	95
P60484	95	P	S	0.5340209521020179	AF-P60484-F1-model_v4.pdb	95
P60484	95	P	V	0.683032370336221	AF-P60484-F1-model_v4.pdb	95
P60484	95	P	Y	0.405463632421508	AF-P60484-F1-model_v4.pdb	95
P60484	95	P	N	0.4204460647154191	AF-P60484-F1-model_v4.pdb	95
P60484	96	P	L	0.48163979406367	AF-P60484-F1-model_v4.pdb	96
P60484	96	P	D	0.130888594121027	AF-P60484-F1-model_v4.pdb	96
P60484	96	P	G	0.61318072150823	AF-P60484-F1-model_v4.pdb	96
P60484	97	Q	V	0.7615296212709741	AF-P60484-F1-model_v4.pdb	97
P60484	97	Q	E	0.91612317066471	AF-P60484-F1-model_v4.pdb	97
P60484	98	L	G	0.138374053908411	AF-P60484-F1-model_v4.pdb	98
P60484	98	L	A	0.175951772658162	AF-P60484-F1-model_v4.pdb	98
P60484	98	L	H	0.653365063915037	AF-P60484-F1-model_v4.pdb	98
P60484	98	L	K	0.0163249839117523	AF-P60484-F1-model_v4.pdb	98
P60484	98	L	P	0.508049774490783	AF-P60484-F1-model_v4.pdb	98
P60484	98	L	R	0.210472803643321	AF-P60484-F1-model_v4.pdb	98
P60484	98	L	Y	0.3697838247655009	AF-P60484-F1-model_v4.pdb	98
P60484	98	L	E	0.166482549478484	AF-P60484-F1-model_v4.pdb	98
P60484	98	L	*	-0.0293599273406699	AF-P60484-F1-model_v4.pdb	98
P60484	98	L	V	0.6844674962302031	AF-P60484-F1-model_v4.pdb	98
P60484	100	L	P	0.100788344822993	AF-P60484-F1-model_v4.pdb	100
P60484	102	K	E	0.889900833093857	AF-P60484-F1-model_v4.pdb	102
P60484	103	P	T	0.847424420808465	AF-P60484-F1-model_v4.pdb	103
P60484	103	P	F	0.4767549525872379	AF-P60484-F1-model_v4.pdb	103
P60484	103	P	K	0.9218225730624828	AF-P60484-F1-model_v4.pdb	103
P60484	103	P	R	0.638751662613906	AF-P60484-F1-model_v4.pdb	103
P60484	103	P	A	0.7312099020396251	AF-P60484-F1-model_v4.pdb	103
P60484	103	P	V	0.683752900776068	AF-P60484-F1-model_v4.pdb	103
P60484	104	F	L	0.38606234691575	AF-P60484-F1-model_v4.pdb	104
P60484	104	F	*	0.0074353772452659	AF-P60484-F1-model_v4.pdb	104
P60484	104	F	V	0.33099407769285	AF-P60484-F1-model_v4.pdb	104
P60484	104	F	A	0.37750254671261	AF-P60484-F1-model_v4.pdb	104
P60484	104	F	C	0.524930721719452	AF-P60484-F1-model_v4.pdb	104
P60484	104	F	D	0.184034913801665	AF-P60484-F1-model_v4.pdb	104
P60484	104	F	E	0.182214570730232	AF-P60484-F1-model_v4.pdb	104
P60484	104	F	G	0.182751289636521	AF-P60484-F1-model_v4.pdb	104
P60484	104	F	T	0.239540411274567	AF-P60484-F1-model_v4.pdb	104
P60484	104	F	N	0.0458387187329455	AF-P60484-F1-model_v4.pdb	104
P60484	104	F	P	0.262087372215374	AF-P60484-F1-model_v4.pdb	104
P60484	104	F	Q	0.101541952390692	AF-P60484-F1-model_v4.pdb	104
P60484	104	F	S	0.30105802053192	AF-P60484-F1-model_v4.pdb	104
P60484	104	F	R	0.338176263308374	AF-P60484-F1-model_v4.pdb	104
P60484	104	F	Y	0.8737826999779921	AF-P60484-F1-model_v4.pdb	104
P60484	105	C	D	0.190625318665553	AF-P60484-F1-model_v4.pdb	105
P60484	105	C	E	0.0867387093602206	AF-P60484-F1-model_v4.pdb	105
P60484	105	C	G	0.246432436944624	AF-P60484-F1-model_v4.pdb	105
P60484	105	C	L	0.297951167291114	AF-P60484-F1-model_v4.pdb	105
P60484	105	C	W	0.146715646930919	AF-P60484-F1-model_v4.pdb	105
P60484	105	C	V	1.08993402720699	AF-P60484-F1-model_v4.pdb	105
P60484	105	C	S	0.2797390624117619	AF-P60484-F1-model_v4.pdb	105
P60484	105	C	N	0.159924237309272	AF-P60484-F1-model_v4.pdb	105
P60484	105	C	Q	0.1069348378081859	AF-P60484-F1-model_v4.pdb	105
P60484	105	C	R	0.102351191791716	AF-P60484-F1-model_v4.pdb	105
P60484	106	E	D	0.7953468501700041	AF-P60484-F1-model_v4.pdb	106
P60484	106	E	Y	0.4522863393685671	AF-P60484-F1-model_v4.pdb	106
P60484	106	E	W	0.499426917693719	AF-P60484-F1-model_v4.pdb	106
P60484	106	E	V	0.859760423013728	AF-P60484-F1-model_v4.pdb	106
P60484	106	E	T	0.7101230261421201	AF-P60484-F1-model_v4.pdb	106
P60484	106	E	R	0.613472010659015	AF-P60484-F1-model_v4.pdb	106
P60484	106	E	A	0.5760712255841971	AF-P60484-F1-model_v4.pdb	106
P60484	106	E	P	0.20146307723063	AF-P60484-F1-model_v4.pdb	106
P60484	106	E	N	1.00974122732354	AF-P60484-F1-model_v4.pdb	106
P60484	106	E	M	1.00209708800766	AF-P60484-F1-model_v4.pdb	106
P60484	106	E	L	0.97952614869448	AF-P60484-F1-model_v4.pdb	106
P60484	106	E	I	0.781612064887018	AF-P60484-F1-model_v4.pdb	106
P60484	106	E	G	0.414662940005603	AF-P60484-F1-model_v4.pdb	106
P60484	106	E	F	0.600994570448247	AF-P60484-F1-model_v4.pdb	106
P60484	106	E	S	0.727250819895505	AF-P60484-F1-model_v4.pdb	106
P60484	106	E	K	0.80973381922875	AF-P60484-F1-model_v4.pdb	106
P60484	106	E	Q	1.02858396424922	AF-P60484-F1-model_v4.pdb	106
P60484	107	D	W	0.269467450809131	AF-P60484-F1-model_v4.pdb	107
P60484	107	D	V	0.172984054918225	AF-P60484-F1-model_v4.pdb	107
P60484	107	D	*	0.0131740896586198	AF-P60484-F1-model_v4.pdb	107
P60484	107	D	T	0.447517877019057	AF-P60484-F1-model_v4.pdb	107
P60484	107	D	P	0.196410166377694	AF-P60484-F1-model_v4.pdb	107
P60484	107	D	N	0.544114521505521	AF-P60484-F1-model_v4.pdb	107
P60484	107	D	M	0.185168841615662	AF-P60484-F1-model_v4.pdb	107
P60484	107	D	S	0.563997268640883	AF-P60484-F1-model_v4.pdb	107
P60484	107	D	G	0.382168132728391	AF-P60484-F1-model_v4.pdb	107
P60484	107	D	E	0.403311093554165	AF-P60484-F1-model_v4.pdb	107
P60484	107	D	C	0.159687733687079	AF-P60484-F1-model_v4.pdb	107
P60484	107	D	A	0.266977275853626	AF-P60484-F1-model_v4.pdb	107
P60484	107	D	Y	0.267447089159155	AF-P60484-F1-model_v4.pdb	107
P60484	107	D	K	0.0954194790934323	AF-P60484-F1-model_v4.pdb	107
P60484	108	L	G	0.1965608404490389	AF-P60484-F1-model_v4.pdb	108
P60484	108	L	A	0.266124260083495	AF-P60484-F1-model_v4.pdb	108
P60484	108	L	C	0.697249752686594	AF-P60484-F1-model_v4.pdb	108
P60484	108	L	D	0.124295597747836	AF-P60484-F1-model_v4.pdb	108
P60484	108	L	E	0.269458986683135	AF-P60484-F1-model_v4.pdb	108
P60484	108	L	F	-0.12385638896582	AF-P60484-F1-model_v4.pdb	108
P60484	108	L	H	0.404526989643471	AF-P60484-F1-model_v4.pdb	108
P60484	108	L	S	0.12896946267338	AF-P60484-F1-model_v4.pdb	108
P60484	108	L	M	0.795890687814713	AF-P60484-F1-model_v4.pdb	108
P60484	108	L	P	0.128543874392062	AF-P60484-F1-model_v4.pdb	108
P60484	108	L	Q	0.1768945996895179	AF-P60484-F1-model_v4.pdb	108
P60484	108	L	R	0.131785989754922	AF-P60484-F1-model_v4.pdb	108
P60484	108	L	T	0.282105301519354	AF-P60484-F1-model_v4.pdb	108
P60484	108	L	V	1.05074409081641	AF-P60484-F1-model_v4.pdb	108
P60484	108	L	W	0.188370114395472	AF-P60484-F1-model_v4.pdb	108
P60484	108	L	I	0.755166517542713	AF-P60484-F1-model_v4.pdb	108
P60484	109	D	W	0.499961385940835	AF-P60484-F1-model_v4.pdb	109
P60484	109	D	V	0.6545902356243759	AF-P60484-F1-model_v4.pdb	109
P60484	109	D	T	0.809855645955995	AF-P60484-F1-model_v4.pdb	109
P60484	109	D	A	0.870045122662822	AF-P60484-F1-model_v4.pdb	109
P60484	109	D	C	0.683809018689838	AF-P60484-F1-model_v4.pdb	109
P60484	109	D	G	0.7202755400554821	AF-P60484-F1-model_v4.pdb	109
P60484	109	D	K	0.8421970622368009	AF-P60484-F1-model_v4.pdb	109
P60484	109	D	L	0.458467562601735	AF-P60484-F1-model_v4.pdb	109
P60484	109	D	M	0.6525384180484101	AF-P60484-F1-model_v4.pdb	109
P60484	109	D	R	0.724096564632884	AF-P60484-F1-model_v4.pdb	109
P60484	109	D	S	0.8041259941556379	AF-P60484-F1-model_v4.pdb	109
P60484	110	Q	E	1.1018141916477902	AF-P60484-F1-model_v4.pdb	110
P60484	110	Q	G	0.8506759352752359	AF-P60484-F1-model_v4.pdb	110
P60484	110	Q	*	-0.0124152058320438	AF-P60484-F1-model_v4.pdb	110
P60484	110	Q	V	0.8310255386920021	AF-P60484-F1-model_v4.pdb	110
P60484	110	Q	T	0.975204922879565	AF-P60484-F1-model_v4.pdb	110
P60484	110	Q	C	0.826964608966108	AF-P60484-F1-model_v4.pdb	110
P60484	110	Q	P	0.259256281005651	AF-P60484-F1-model_v4.pdb	110
P60484	110	Q	D	1.00250395293723	AF-P60484-F1-model_v4.pdb	110
P60484	110	Q	L	1.06370527624072	AF-P60484-F1-model_v4.pdb	110
P60484	110	Q	R	0.6958808843287989	AF-P60484-F1-model_v4.pdb	110
P60484	111	W	M	0.399702652722651	AF-P60484-F1-model_v4.pdb	111
P60484	111	W	N	0.247819817710795	AF-P60484-F1-model_v4.pdb	111
P60484	111	W	P	0.131891327935185	AF-P60484-F1-model_v4.pdb	111
P60484	111	W	R	0.0902285899380708	AF-P60484-F1-model_v4.pdb	111
P60484	111	W	T	0.114573697178337	AF-P60484-F1-model_v4.pdb	111
P60484	111	W	*	-0.0813519371279471	AF-P60484-F1-model_v4.pdb	111
P60484	112	L	Y	0.0845430865877308	AF-P60484-F1-model_v4.pdb	112
P60484	112	L	*	-0.0224174373215642	AF-P60484-F1-model_v4.pdb	112
P60484	112	L	W	-0.124902720151379	AF-P60484-F1-model_v4.pdb	112
P60484	112	L	V	0.433234323783797	AF-P60484-F1-model_v4.pdb	112
P60484	112	L	S	0.141238217537745	AF-P60484-F1-model_v4.pdb	112
P60484	112	L	R	0.113027107957011	AF-P60484-F1-model_v4.pdb	112
P60484	112	L	I	0.578993199705311	AF-P60484-F1-model_v4.pdb	112
P60484	112	L	H	0.196853072950676	AF-P60484-F1-model_v4.pdb	112
P60484	112	L	G	0.1898079519684789	AF-P60484-F1-model_v4.pdb	112
P60484	112	L	F	0.5781122777862551	AF-P60484-F1-model_v4.pdb	112
P60484	112	L	E	0.17450842837844	AF-P60484-F1-model_v4.pdb	112
P60484	112	L	D	0.0838003680505958	AF-P60484-F1-model_v4.pdb	112
P60484	112	L	A	0.281597277601548	AF-P60484-F1-model_v4.pdb	112
P60484	112	L	P	0.0804188827847682	AF-P60484-F1-model_v4.pdb	112
P60484	114	E	R	0.7802839425999629	AF-P60484-F1-model_v4.pdb	114
P60484	114	E	*	-0.0510245249471721	AF-P60484-F1-model_v4.pdb	114
P60484	114	E	W	0.6927385143711751	AF-P60484-F1-model_v4.pdb	114
P60484	114	E	V	0.7548174185127821	AF-P60484-F1-model_v4.pdb	114
P60484	114	E	S	0.871775467511266	AF-P60484-F1-model_v4.pdb	114
P60484	114	E	Q	0.510210717303975	AF-P60484-F1-model_v4.pdb	114
P60484	114	E	I	0.864034853692661	AF-P60484-F1-model_v4.pdb	114
P60484	114	E	M	0.6181360324316479	AF-P60484-F1-model_v4.pdb	114
P60484	114	E	L	0.7078797073662041	AF-P60484-F1-model_v4.pdb	114
P60484	114	E	A	0.5082376784696739	AF-P60484-F1-model_v4.pdb	114
P60484	114	E	G	0.940457481772768	AF-P60484-F1-model_v4.pdb	114
P60484	114	E	F	0.7146625416098771	AF-P60484-F1-model_v4.pdb	114
P60484	114	E	D	0.7229637277434809	AF-P60484-F1-model_v4.pdb	114
P60484	114	E	N	0.628190923752195	AF-P60484-F1-model_v4.pdb	114
P60484	115	D	*	0.002836505551117	AF-P60484-F1-model_v4.pdb	115
P60484	115	D	W	-0.120022288302585	AF-P60484-F1-model_v4.pdb	115
P60484	115	D	V	0.239621328720006	AF-P60484-F1-model_v4.pdb	115
P60484	115	D	T	0.591879459937417	AF-P60484-F1-model_v4.pdb	115
P60484	115	D	S	0.959848534907203	AF-P60484-F1-model_v4.pdb	115
P60484	115	D	Q	0.595295125080193	AF-P60484-F1-model_v4.pdb	115
P60484	115	D	P	0.3416747313369	AF-P60484-F1-model_v4.pdb	115
P60484	115	D	M	0.384003978795893	AF-P60484-F1-model_v4.pdb	115
P60484	115	D	L	0.205793107571642	AF-P60484-F1-model_v4.pdb	115
P60484	115	D	K	0.636559697357054	AF-P60484-F1-model_v4.pdb	115
P60484	115	D	G	0.531137037646581	AF-P60484-F1-model_v4.pdb	115
P60484	115	D	A	0.6750359316788411	AF-P60484-F1-model_v4.pdb	115
P60484	115	D	R	0.461144807012787	AF-P60484-F1-model_v4.pdb	115
P60484	116	D	V	1.09927986266874	AF-P60484-F1-model_v4.pdb	116
P60484	116	D	W	0.8056956668787341	AF-P60484-F1-model_v4.pdb	116
P60484	116	D	T	0.5946815195414499	AF-P60484-F1-model_v4.pdb	116
P60484	116	D	R	1.02473031628636	AF-P60484-F1-model_v4.pdb	116
P60484	116	D	Q	1.06368147329295	AF-P60484-F1-model_v4.pdb	116
P60484	116	D	S	0.997795283743758	AF-P60484-F1-model_v4.pdb	116
P60484	116	D	G	0.997870348971538	AF-P60484-F1-model_v4.pdb	116
P60484	116	D	L	0.708904337209125	AF-P60484-F1-model_v4.pdb	116
P60484	117	N	G	0.900140392713404	AF-P60484-F1-model_v4.pdb	117
P60484	117	N	W	0.5292731886760921	AF-P60484-F1-model_v4.pdb	117
P60484	117	N	V	0.716409046872119	AF-P60484-F1-model_v4.pdb	117
P60484	117	N	S	1.13021245791319	AF-P60484-F1-model_v4.pdb	117
P60484	117	N	R	1.10902742098947	AF-P60484-F1-model_v4.pdb	117
P60484	117	N	Y	0.8555189688171321	AF-P60484-F1-model_v4.pdb	117
P60484	117	N	P	0.175007534280666	AF-P60484-F1-model_v4.pdb	117
P60484	117	N	L	0.974151360915438	AF-P60484-F1-model_v4.pdb	117
P60484	117	N	K	0.9651791398155508	AF-P60484-F1-model_v4.pdb	117
P60484	117	N	H	0.998092701979364	AF-P60484-F1-model_v4.pdb	117
P60484	117	N	A	1.08928545262439	AF-P60484-F1-model_v4.pdb	117
P60484	117	N	C	0.93475824553961	AF-P60484-F1-model_v4.pdb	117
P60484	117	N	Q	0.0435480297296457	AF-P60484-F1-model_v4.pdb	117
P60484	118	H	W	0.454930569767326	AF-P60484-F1-model_v4.pdb	118
P60484	118	H	R	0.7909528834879699	AF-P60484-F1-model_v4.pdb	118
P60484	118	H	L	0.322713939735082	AF-P60484-F1-model_v4.pdb	118
P60484	118	H	K	0.312989310387582	AF-P60484-F1-model_v4.pdb	118
P60484	118	H	E	0.1600696363973739	AF-P60484-F1-model_v4.pdb	118
P60484	118	H	C	0.0683590869156723	AF-P60484-F1-model_v4.pdb	118
P60484	118	H	A	0.460268390672793	AF-P60484-F1-model_v4.pdb	118
P60484	118	H	G	0.168195863458785	AF-P60484-F1-model_v4.pdb	118
P60484	119	V	W	0.3071676637552561	AF-P60484-F1-model_v4.pdb	119
P60484	119	V	T	0.5410693826657871	AF-P60484-F1-model_v4.pdb	119
P60484	119	V	R	0.158681176779187	AF-P60484-F1-model_v4.pdb	119
P60484	119	V	Q	0.4155936923462921	AF-P60484-F1-model_v4.pdb	119
P60484	119	V	S	0.093582830590197	AF-P60484-F1-model_v4.pdb	119
P60484	119	V	L	0.4118508421823449	AF-P60484-F1-model_v4.pdb	119
P60484	119	V	K	0.354598231714038	AF-P60484-F1-model_v4.pdb	119
P60484	119	V	I	0.8228288007856859	AF-P60484-F1-model_v4.pdb	119
P60484	119	V	G	0.20115091456863	AF-P60484-F1-model_v4.pdb	119
P60484	119	V	E	0.1874814005207469	AF-P60484-F1-model_v4.pdb	119
P60484	119	V	N	0.34587735544776	AF-P60484-F1-model_v4.pdb	119
P60484	119	V	A	0.41494981888551	AF-P60484-F1-model_v4.pdb	119
P60484	120	A	W	0.330289771678847	AF-P60484-F1-model_v4.pdb	120
P60484	120	A	V	0.7183449160941809	AF-P60484-F1-model_v4.pdb	120
P60484	120	A	T	0.484374764796794	AF-P60484-F1-model_v4.pdb	120
P60484	120	A	Q	0.108151132976768	AF-P60484-F1-model_v4.pdb	120
P60484	120	A	G	0.5876281011889319	AF-P60484-F1-model_v4.pdb	120
P60484	120	A	F	0.449809071726941	AF-P60484-F1-model_v4.pdb	120
P60484	120	A	E	-0.0751924818886593	AF-P60484-F1-model_v4.pdb	120
P60484	120	A	R	0.139188481413938	AF-P60484-F1-model_v4.pdb	120
P60484	121	A	S	0.501170639731953	AF-P60484-F1-model_v4.pdb	121
P60484	121	A	Y	0.7174414968655871	AF-P60484-F1-model_v4.pdb	121
P60484	121	A	W	0.7214854060101409	AF-P60484-F1-model_v4.pdb	121
P60484	121	A	V	1.12155048127224	AF-P60484-F1-model_v4.pdb	121
P60484	121	A	T	0.338048905479989	AF-P60484-F1-model_v4.pdb	121
P60484	121	A	P	0.0962205493791599	AF-P60484-F1-model_v4.pdb	121
P60484	121	A	G	0.481194726696322	AF-P60484-F1-model_v4.pdb	121
P60484	121	A	K	0.2260922448675009	AF-P60484-F1-model_v4.pdb	121
P60484	121	A	I	1.11934116990608	AF-P60484-F1-model_v4.pdb	121
P60484	121	A	F	1.09698040613671	AF-P60484-F1-model_v4.pdb	121
P60484	121	A	E	0.240164364576751	AF-P60484-F1-model_v4.pdb	121
P60484	121	A	D	0.200179743418701	AF-P60484-F1-model_v4.pdb	121
P60484	121	A	C	0.904566394600414	AF-P60484-F1-model_v4.pdb	121
P60484	121	A	L	1.06013064436031	AF-P60484-F1-model_v4.pdb	121
P60484	122	I	*	0.0178340313421479	AF-P60484-F1-model_v4.pdb	122
P60484	122	I	W	0.0879205485893131	AF-P60484-F1-model_v4.pdb	122
P60484	122	I	V	1.00609395105509	AF-P60484-F1-model_v4.pdb	122
P60484	122	I	T	0.249643954007888	AF-P60484-F1-model_v4.pdb	122
P60484	122	I	S	0.193858106252861	AF-P60484-F1-model_v4.pdb	122
P60484	122	I	R	0.238123244240613	AF-P60484-F1-model_v4.pdb	122
P60484	122	I	Q	0.277159709878853	AF-P60484-F1-model_v4.pdb	122
P60484	122	I	N	0.298420609915238	AF-P60484-F1-model_v4.pdb	122
P60484	122	I	M	0.6410941657984399	AF-P60484-F1-model_v4.pdb	122
P60484	122	I	L	0.7851882973603749	AF-P60484-F1-model_v4.pdb	122
P60484	122	I	G	0.214501889296299	AF-P60484-F1-model_v4.pdb	122
P60484	122	I	E	0.1495778950497409	AF-P60484-F1-model_v4.pdb	122
P60484	122	I	D	0.16812573894914	AF-P60484-F1-model_v4.pdb	122
P60484	122	I	C	0.333566830938785	AF-P60484-F1-model_v4.pdb	122
P60484	122	I	P	0.149769761324378	AF-P60484-F1-model_v4.pdb	122
P60484	122	I	A	0.263434455730978	AF-P60484-F1-model_v4.pdb	122
P60484	123	H	*	-0.0781392548596916	AF-P60484-F1-model_v4.pdb	123
P60484	123	H	T	0.976850248109042	AF-P60484-F1-model_v4.pdb	123
P60484	123	H	S	1.00145412752937	AF-P60484-F1-model_v4.pdb	123
P60484	123	H	R	0.407828388074956	AF-P60484-F1-model_v4.pdb	123
P60484	123	H	M	1.25065704317806	AF-P60484-F1-model_v4.pdb	123
P60484	123	H	L	0.98056341760564	AF-P60484-F1-model_v4.pdb	123
P60484	123	H	I	1.07997988798962	AF-P60484-F1-model_v4.pdb	123
P60484	123	H	G	0.947056099967402	AF-P60484-F1-model_v4.pdb	123
P60484	123	H	A	0.92939795275468	AF-P60484-F1-model_v4.pdb	123
P60484	124	C	Y	0.507867404039742	AF-P60484-F1-model_v4.pdb	124
P60484	124	C	*	-0.0093569823123918	AF-P60484-F1-model_v4.pdb	124
P60484	124	C	W	0.4393633038821311	AF-P60484-F1-model_v4.pdb	124
P60484	124	C	V	0.389667514415497	AF-P60484-F1-model_v4.pdb	124
P60484	124	C	S	1.13746760599211	AF-P60484-F1-model_v4.pdb	124
P60484	124	C	R	0.280032695674395	AF-P60484-F1-model_v4.pdb	124
P60484	124	C	Q	0.450052995695725	AF-P60484-F1-model_v4.pdb	124
P60484	124	C	D	1.10300538193787	AF-P60484-F1-model_v4.pdb	124
P60484	124	C	N	0.51565410455757	AF-P60484-F1-model_v4.pdb	124
P60484	124	C	M	0.581501189925714	AF-P60484-F1-model_v4.pdb	124
P60484	124	C	L	0.398876294258155	AF-P60484-F1-model_v4.pdb	124
P60484	124	C	H	0.667966573997812	AF-P60484-F1-model_v4.pdb	124
P60484	124	C	G	0.8166478932965809	AF-P60484-F1-model_v4.pdb	124
P60484	124	C	F	0.4130968335634969	AF-P60484-F1-model_v4.pdb	124
P60484	124	C	P	0.723189258925915	AF-P60484-F1-model_v4.pdb	124
P60484	124	C	E	1.03768406843696	AF-P60484-F1-model_v4.pdb	124
P60484	125	K	V	0.965959627332135	AF-P60484-F1-model_v4.pdb	125
P60484	125	K	R	0.918848929356298	AF-P60484-F1-model_v4.pdb	125
P60484	125	K	Q	0.6851399539833539	AF-P60484-F1-model_v4.pdb	125
P60484	125	K	P	0.9661061132087588	AF-P60484-F1-model_v4.pdb	125
P60484	125	K	M	0.957427451832614	AF-P60484-F1-model_v4.pdb	125
P60484	125	K	H	-0.165354450862333	AF-P60484-F1-model_v4.pdb	125
P60484	125	K	G	1.18435686094925	AF-P60484-F1-model_v4.pdb	125
P60484	125	K	E	1.00954977744054	AF-P60484-F1-model_v4.pdb	125
P60484	125	K	D	1.11801068090184	AF-P60484-F1-model_v4.pdb	125
P60484	125	K	C	0.8811684474124319	AF-P60484-F1-model_v4.pdb	125
P60484	125	K	A	1.03132143838353	AF-P60484-F1-model_v4.pdb	125
P60484	125	K	L	0.933558095214583	AF-P60484-F1-model_v4.pdb	125
P60484	126	A	R	0.8237180394495781	AF-P60484-F1-model_v4.pdb	126
P60484	126	A	T	1.01959242149309	AF-P60484-F1-model_v4.pdb	126
P60484	126	A	N	1.08184198377411	AF-P60484-F1-model_v4.pdb	126
P60484	126	A	S	1.08663809349629	AF-P60484-F1-model_v4.pdb	126
P60484	126	A	K	0.8174971561788441	AF-P60484-F1-model_v4.pdb	126
P60484	126	A	G	1.0326675542613102	AF-P60484-F1-model_v4.pdb	126
P60484	126	A	C	1.1259251164455	AF-P60484-F1-model_v4.pdb	126
P60484	126	A	F	0.618592456963401	AF-P60484-F1-model_v4.pdb	126
P60484	126	A	L	0.57684706423474	AF-P60484-F1-model_v4.pdb	126
P60484	126	A	E	0.92488341633877	AF-P60484-F1-model_v4.pdb	126
P60484	127	G	M	0.54421044019362	AF-P60484-F1-model_v4.pdb	127
P60484	127	G	R	0.490890563241277	AF-P60484-F1-model_v4.pdb	127
P60484	128	K	M	1.21968691754827	AF-P60484-F1-model_v4.pdb	128
P60484	128	K	L	0.979795106577036	AF-P60484-F1-model_v4.pdb	128
P60484	128	K	G	1.17545420502553	AF-P60484-F1-model_v4.pdb	128
P60484	128	K	D	1.15875446518548	AF-P60484-F1-model_v4.pdb	128
P60484	128	K	A	0.460194248238517	AF-P60484-F1-model_v4.pdb	128
P60484	129	G	*	0.17804414965812	AF-P60484-F1-model_v4.pdb	129
P60484	129	G	W	0.914434849095176	AF-P60484-F1-model_v4.pdb	129
P60484	129	G	V	0.5416076651352779	AF-P60484-F1-model_v4.pdb	129
P60484	129	G	T	0.6635858898204421	AF-P60484-F1-model_v4.pdb	129
P60484	129	G	S	0.7208341524514058	AF-P60484-F1-model_v4.pdb	129
P60484	129	G	R	0.488615062431636	AF-P60484-F1-model_v4.pdb	129
P60484	129	G	E	0.755334938294823	AF-P60484-F1-model_v4.pdb	129
P60484	129	G	M	0.495047448383101	AF-P60484-F1-model_v4.pdb	129
P60484	129	G	L	0.432872020655971	AF-P60484-F1-model_v4.pdb	129
P60484	129	G	K	0.333841802150911	AF-P60484-F1-model_v4.pdb	129
P60484	129	G	D	0.652044576276189	AF-P60484-F1-model_v4.pdb	129
P60484	129	G	C	0.5119466704319799	AF-P60484-F1-model_v4.pdb	129
P60484	129	G	A	0.690961977489697	AF-P60484-F1-model_v4.pdb	129
P60484	129	G	P	0.8040057196416409	AF-P60484-F1-model_v4.pdb	129
P60484	130	R	S	0.7597559642210241	AF-P60484-F1-model_v4.pdb	130
P60484	130	R	T	0.919097654261724	AF-P60484-F1-model_v4.pdb	130
P60484	130	R	P	1.15629126640123	AF-P60484-F1-model_v4.pdb	130
P60484	130	R	V	0.837947088602966	AF-P60484-F1-model_v4.pdb	130
P60484	130	R	L	1.19384659313195	AF-P60484-F1-model_v4.pdb	130
P60484	130	R	G	1.08519791687069	AF-P60484-F1-model_v4.pdb	130
P60484	130	R	F	1.08679256010431	AF-P60484-F1-model_v4.pdb	130
P60484	130	R	D	0.967356670060968	AF-P60484-F1-model_v4.pdb	130
P60484	130	R	M	0.964812697532995	AF-P60484-F1-model_v4.pdb	130
P60484	130	R	A	1.27756247327141	AF-P60484-F1-model_v4.pdb	130
P60484	131	T	*	-0.0856921283518925	AF-P60484-F1-model_v4.pdb	131
P60484	131	T	R	0.258811363100666	AF-P60484-F1-model_v4.pdb	131
P60484	131	T	N	0.4180235750450539	AF-P60484-F1-model_v4.pdb	131
P60484	131	T	L	1.1218054212048	AF-P60484-F1-model_v4.pdb	131
P60484	131	T	I	0.72384315974061	AF-P60484-F1-model_v4.pdb	131
P60484	131	T	G	0.724971195686952	AF-P60484-F1-model_v4.pdb	131
P60484	131	T	D	0.7575615317389859	AF-P60484-F1-model_v4.pdb	131
P60484	131	T	K	0.367281526072511	AF-P60484-F1-model_v4.pdb	131
P60484	133	V	Y	0.5613581611935079	AF-P60484-F1-model_v4.pdb	133
P60484	133	V	W	0.276793145363202	AF-P60484-F1-model_v4.pdb	133
P60484	133	V	S	0.6402296915825649	AF-P60484-F1-model_v4.pdb	133
P60484	133	V	R	0.269020732730467	AF-P60484-F1-model_v4.pdb	133
P60484	133	V	K	0.359912539535176	AF-P60484-F1-model_v4.pdb	133
P60484	133	V	L	1.14218685219868	AF-P60484-F1-model_v4.pdb	133
P60484	133	V	I	1.07610643552333	AF-P60484-F1-model_v4.pdb	133
P60484	133	V	G	0.365280688197905	AF-P60484-F1-model_v4.pdb	133
P60484	133	V	F	0.313306977426417	AF-P60484-F1-model_v4.pdb	133
P60484	133	V	Q	0.567316432499174	AF-P60484-F1-model_v4.pdb	133
P60484	133	V	D	0.190712301038793	AF-P60484-F1-model_v4.pdb	133
P60484	134	M	*	0.0351624264989441	AF-P60484-F1-model_v4.pdb	134
P60484	134	M	W	0.62629988382651	AF-P60484-F1-model_v4.pdb	134
P60484	134	M	V	0.7663326859243209	AF-P60484-F1-model_v4.pdb	134
P60484	134	M	T	0.3754036010266609	AF-P60484-F1-model_v4.pdb	134
P60484	134	M	R	0.308214565928125	AF-P60484-F1-model_v4.pdb	134
P60484	134	M	S	0.43817981544023	AF-P60484-F1-model_v4.pdb	134
P60484	134	M	I	0.566351498808271	AF-P60484-F1-model_v4.pdb	134
P60484	134	M	H	0.127233730500368	AF-P60484-F1-model_v4.pdb	134
P60484	134	M	G	0.563678267446083	AF-P60484-F1-model_v4.pdb	134
P60484	134	M	F	0.848084993794032	AF-P60484-F1-model_v4.pdb	134
P60484	134	M	E	0.194870682339622	AF-P60484-F1-model_v4.pdb	134
P60484	134	M	C	0.833447764240655	AF-P60484-F1-model_v4.pdb	134
P60484	134	M	A	0.8537771301801591	AF-P60484-F1-model_v4.pdb	134
P60484	134	M	Q	0.149169175536742	AF-P60484-F1-model_v4.pdb	134
P60484	135	I	C	0.3641179855283641	AF-P60484-F1-model_v4.pdb	135
P60484	135	I	K	0.162758154658415	AF-P60484-F1-model_v4.pdb	135
P60484	135	I	R	0.149112796467381	AF-P60484-F1-model_v4.pdb	135
P60484	135	I	S	0.238312951627251	AF-P60484-F1-model_v4.pdb	135
P60484	135	I	T	0.885711508449945	AF-P60484-F1-model_v4.pdb	135
P60484	135	I	*	-0.0443524345632299	AF-P60484-F1-model_v4.pdb	135
P60484	136	C	W	0.8052655995940999	AF-P60484-F1-model_v4.pdb	136
P60484	136	C	R	0.167416316287957	AF-P60484-F1-model_v4.pdb	136
P60484	136	C	E	0.251714469395541	AF-P60484-F1-model_v4.pdb	136
P60484	136	C	L	0.311681525366936	AF-P60484-F1-model_v4.pdb	136
P60484	136	C	M	0.0317666964390435	AF-P60484-F1-model_v4.pdb	136
P60484	136	C	G	0.371881855807787	AF-P60484-F1-model_v4.pdb	136
P60484	137	A	*	-0.0951794442010584	AF-P60484-F1-model_v4.pdb	137
P60484	137	A	W	0.4999149291358089	AF-P60484-F1-model_v4.pdb	137
P60484	137	A	V	0.880491750625221	AF-P60484-F1-model_v4.pdb	137
P60484	137	A	S	1.08352574925443	AF-P60484-F1-model_v4.pdb	137
P60484	137	A	M	0.497460793762825	AF-P60484-F1-model_v4.pdb	137
P60484	137	A	L	0.7194902461563009	AF-P60484-F1-model_v4.pdb	137
P60484	137	A	K	0.1978744868972589	AF-P60484-F1-model_v4.pdb	137
P60484	137	A	G	0.472170920269495	AF-P60484-F1-model_v4.pdb	137
P60484	137	A	R	0.204914887068711	AF-P60484-F1-model_v4.pdb	137
P60484	137	A	D	0.211129983151334	AF-P60484-F1-model_v4.pdb	137
P60484	138	Y	G	0.247884867375908	AF-P60484-F1-model_v4.pdb	138
P60484	138	Y	N	0.308298958306027	AF-P60484-F1-model_v4.pdb	138
P60484	138	Y	T	0.256906822601402	AF-P60484-F1-model_v4.pdb	138
P60484	138	Y	V	0.566263487429785	AF-P60484-F1-model_v4.pdb	138
P60484	139	L	W	0.7813082195450399	AF-P60484-F1-model_v4.pdb	139
P60484	139	L	V	0.462416143165834	AF-P60484-F1-model_v4.pdb	139
P60484	139	L	S	0.20670721077257	AF-P60484-F1-model_v4.pdb	139
P60484	139	L	R	0.273891270516033	AF-P60484-F1-model_v4.pdb	139
P60484	139	L	T	0.495760733871807	AF-P60484-F1-model_v4.pdb	139
P60484	139	L	H	-0.0295514822470026	AF-P60484-F1-model_v4.pdb	139
P60484	139	L	Q	0.221550247497804	AF-P60484-F1-model_v4.pdb	139
P60484	139	L	A	0.541386323042334	AF-P60484-F1-model_v4.pdb	139
P60484	139	L	N	0.6225682612384971	AF-P60484-F1-model_v4.pdb	139
P60484	139	L	G	0.421657890728864	AF-P60484-F1-model_v4.pdb	139
P60484	139	L	E	0.5855592830343559	AF-P60484-F1-model_v4.pdb	139
P60484	140	L	A	0.230269954195939	AF-P60484-F1-model_v4.pdb	140
P60484	140	L	D	0.143690008810837	AF-P60484-F1-model_v4.pdb	140
P60484	140	L	E	0.25266022017063	AF-P60484-F1-model_v4.pdb	140
P60484	140	L	G	0.333353603159088	AF-P60484-F1-model_v4.pdb	140
P60484	140	L	K	0.1327600936974509	AF-P60484-F1-model_v4.pdb	140
P60484	140	L	M	0.64533344885056	AF-P60484-F1-model_v4.pdb	140
P60484	140	L	P	0.2340204698306369	AF-P60484-F1-model_v4.pdb	140
P60484	140	L	R	0.159983223079769	AF-P60484-F1-model_v4.pdb	140
P60484	140	L	S	0.1942067365225269	AF-P60484-F1-model_v4.pdb	140
P60484	140	L	T	0.265089008820914	AF-P60484-F1-model_v4.pdb	140
P60484	140	L	V	0.634695177868406	AF-P60484-F1-model_v4.pdb	140
P60484	140	L	H	0.227702847704174	AF-P60484-F1-model_v4.pdb	140
P60484	141	H	M	0.523999299108842	AF-P60484-F1-model_v4.pdb	141
P60484	141	H	L	0.300202898003375	AF-P60484-F1-model_v4.pdb	141
P60484	141	H	K	0.578312413434282	AF-P60484-F1-model_v4.pdb	141
P60484	141	H	G	0.5164719917700159	AF-P60484-F1-model_v4.pdb	141
P60484	141	H	A	0.4502959144467679	AF-P60484-F1-model_v4.pdb	141
P60484	141	H	P	0.1333141632986919	AF-P60484-F1-model_v4.pdb	141
P60484	141	H	Q	0.7034935861675949	AF-P60484-F1-model_v4.pdb	141
P60484	141	H	*	0.0396968918359985	AF-P60484-F1-model_v4.pdb	141
P60484	142	R	Y	0.682993686823346	AF-P60484-F1-model_v4.pdb	142
P60484	142	R	W	0.4187442520890871	AF-P60484-F1-model_v4.pdb	142
P60484	142	R	V	0.943767431947805	AF-P60484-F1-model_v4.pdb	142
P60484	142	R	T	0.5998932539721121	AF-P60484-F1-model_v4.pdb	142
P60484	142	R	S	0.871550932689828	AF-P60484-F1-model_v4.pdb	142
P60484	142	R	Q	1.05805008798212	AF-P60484-F1-model_v4.pdb	142
P60484	142	R	P	0.193655578382884	AF-P60484-F1-model_v4.pdb	142
P60484	142	R	M	0.927236830512698	AF-P60484-F1-model_v4.pdb	142
P60484	142	R	G	0.94448946169368	AF-P60484-F1-model_v4.pdb	142
P60484	142	R	E	0.64954895113798	AF-P60484-F1-model_v4.pdb	142
P60484	142	R	D	0.755040846600374	AF-P60484-F1-model_v4.pdb	142
P60484	142	R	A	1.07420089431304	AF-P60484-F1-model_v4.pdb	142
P60484	143	G	F	1.02784396645485	AF-P60484-F1-model_v4.pdb	143
P60484	143	G	I	0.356269272376352	AF-P60484-F1-model_v4.pdb	143
P60484	143	G	K	0.666640453301647	AF-P60484-F1-model_v4.pdb	143
P60484	143	G	L	0.5008622258511111	AF-P60484-F1-model_v4.pdb	143
P60484	143	G	M	0.7863732904511991	AF-P60484-F1-model_v4.pdb	143
P60484	143	G	R	0.976882363063214	AF-P60484-F1-model_v4.pdb	143
P60484	143	G	V	0.426310039357407	AF-P60484-F1-model_v4.pdb	143
P60484	144	K	I	1.16549077965915	AF-P60484-F1-model_v4.pdb	144
P60484	144	K	L	0.982176513103317	AF-P60484-F1-model_v4.pdb	144
P60484	144	K	N	0.592452613366926	AF-P60484-F1-model_v4.pdb	144
P60484	144	K	P	0.6151843975606099	AF-P60484-F1-model_v4.pdb	144
P60484	144	K	Q	1.08469479186174	AF-P60484-F1-model_v4.pdb	144
P60484	144	K	R	0.841456193947278	AF-P60484-F1-model_v4.pdb	144
P60484	144	K	V	1.1338150819690802	AF-P60484-F1-model_v4.pdb	144
P60484	144	K	*	-0.0188865964429966	AF-P60484-F1-model_v4.pdb	144
P60484	144	K	G	0.788315039938988	AF-P60484-F1-model_v4.pdb	144
P60484	145	F	G	0.4416140655557	AF-P60484-F1-model_v4.pdb	145
P60484	145	F	P	0.1517353955202139	AF-P60484-F1-model_v4.pdb	145
P60484	145	F	R	0.284991664705442	AF-P60484-F1-model_v4.pdb	145
P60484	145	F	S	0.7475091157868651	AF-P60484-F1-model_v4.pdb	145
P60484	145	F	V	0.584132718082223	AF-P60484-F1-model_v4.pdb	145
P60484	145	F	Q	0.1382289542844669	AF-P60484-F1-model_v4.pdb	145
P60484	146	L	R	1.0538557096946	AF-P60484-F1-model_v4.pdb	146
P60484	146	L	Q	0.9330550188801472	AF-P60484-F1-model_v4.pdb	146
P60484	146	L	T	0.203377590237951	AF-P60484-F1-model_v4.pdb	146
P60484	146	L	V	0.8741087058309001	AF-P60484-F1-model_v4.pdb	146
P60484	146	L	W	0.969005176843106	AF-P60484-F1-model_v4.pdb	146
P60484	146	L	*	-0.0711267991475159	AF-P60484-F1-model_v4.pdb	146
P60484	146	L	K	1.11188375749874	AF-P60484-F1-model_v4.pdb	146
P60484	146	L	P	0.9814116285442692	AF-P60484-F1-model_v4.pdb	146
P60484	146	L	N	0.976617260238344	AF-P60484-F1-model_v4.pdb	146
P60484	146	L	G	1.02758783344365	AF-P60484-F1-model_v4.pdb	146
P60484	146	L	C	0.8620809420021729	AF-P60484-F1-model_v4.pdb	146
P60484	146	L	A	1.11439619086945	AF-P60484-F1-model_v4.pdb	146
P60484	146	L	F	0.680974507752302	AF-P60484-F1-model_v4.pdb	146
P60484	146	L	M	1.01639200336564	AF-P60484-F1-model_v4.pdb	146
P60484	146	L	D	1.03085677087486	AF-P60484-F1-model_v4.pdb	146
P60484	147	K	E	0.9827462651658592	AF-P60484-F1-model_v4.pdb	147
P60484	147	K	D	1.04295372479469	AF-P60484-F1-model_v4.pdb	147
P60484	147	K	I	1.04226704645495	AF-P60484-F1-model_v4.pdb	147
P60484	147	K	L	1.01663774254342	AF-P60484-F1-model_v4.pdb	147
P60484	147	K	A	0.9852779507092	AF-P60484-F1-model_v4.pdb	147
P60484	147	K	R	1.18557073287859	AF-P60484-F1-model_v4.pdb	147
P60484	147	K	P	0.37588818415276	AF-P60484-F1-model_v4.pdb	147
P60484	147	K	V	0.625651743480413	AF-P60484-F1-model_v4.pdb	147
P60484	147	K	G	0.98597597962623	AF-P60484-F1-model_v4.pdb	147
P60484	147	K	Q	1.04137152538512	AF-P60484-F1-model_v4.pdb	147
P60484	147	K	H	0.9856351473467192	AF-P60484-F1-model_v4.pdb	147
P60484	148	A	E	0.2449520406055549	AF-P60484-F1-model_v4.pdb	148
P60484	148	A	G	0.489498330140286	AF-P60484-F1-model_v4.pdb	148
P60484	148	A	K	0.241631344172194	AF-P60484-F1-model_v4.pdb	148
P60484	148	A	R	0.286072849753841	AF-P60484-F1-model_v4.pdb	148
P60484	148	A	L	0.377003400767219	AF-P60484-F1-model_v4.pdb	148
P60484	148	A	P	0.886220123863932	AF-P60484-F1-model_v4.pdb	148
P60484	148	A	W	0.548444316655894	AF-P60484-F1-model_v4.pdb	148
P60484	149	Q	G	1.03873074878755	AF-P60484-F1-model_v4.pdb	149
P60484	149	Q	W	0.5502730540424899	AF-P60484-F1-model_v4.pdb	149
P60484	149	Q	V	0.730989292126604	AF-P60484-F1-model_v4.pdb	149
P60484	149	Q	T	0.969053081002316	AF-P60484-F1-model_v4.pdb	149
P60484	149	Q	R	1.09484588352595	AF-P60484-F1-model_v4.pdb	149
P60484	149	Q	P	0.640742526663987	AF-P60484-F1-model_v4.pdb	149
P60484	149	Q	L	0.540685420607057	AF-P60484-F1-model_v4.pdb	149
P60484	149	Q	S	0.654723147381437	AF-P60484-F1-model_v4.pdb	149
P60484	149	Q	E	1.17756225561879	AF-P60484-F1-model_v4.pdb	149
P60484	149	Q	C	0.9316680568388432	AF-P60484-F1-model_v4.pdb	149
P60484	149	Q	I	0.608663432560568	AF-P60484-F1-model_v4.pdb	149
P60484	149	Q	H	0.7494672232528271	AF-P60484-F1-model_v4.pdb	149
P60484	149	Q	D	0.885675301064363	AF-P60484-F1-model_v4.pdb	149
P60484	149	Q	F	0.5208008765583161	AF-P60484-F1-model_v4.pdb	149
P60484	149	Q	K	0.999516430142603	AF-P60484-F1-model_v4.pdb	149
P60484	151	A	T	0.701714586098561	AF-P60484-F1-model_v4.pdb	151
P60484	151	A	S	0.815132472418077	AF-P60484-F1-model_v4.pdb	151
P60484	151	A	R	0.229636652433873	AF-P60484-F1-model_v4.pdb	151
P60484	151	A	M	0.491646236719478	AF-P60484-F1-model_v4.pdb	151
P60484	151	A	V	0.970038052845563	AF-P60484-F1-model_v4.pdb	151
P60484	151	A	K	0.109583789381352	AF-P60484-F1-model_v4.pdb	151
P60484	151	A	E	0.23841746860379	AF-P60484-F1-model_v4.pdb	151
P60484	151	A	D	0.24923178368769	AF-P60484-F1-model_v4.pdb	151
P60484	151	A	L	0.176906923019825	AF-P60484-F1-model_v4.pdb	151
P60484	151	A	G	0.214107772879334	AF-P60484-F1-model_v4.pdb	151
P60484	151	A	W	-0.1578875614404339	AF-P60484-F1-model_v4.pdb	151
P60484	152	L	R	0.182816637518017	AF-P60484-F1-model_v4.pdb	152
P60484	152	L	T	0.2192923003988	AF-P60484-F1-model_v4.pdb	152
P60484	152	L	N	0.245781439779542	AF-P60484-F1-model_v4.pdb	152
P60484	152	L	I	1.1086243819335702	AF-P60484-F1-model_v4.pdb	152
P60484	152	L	G	0.222664810496726	AF-P60484-F1-model_v4.pdb	152
P60484	152	L	F	0.6212993995834929	AF-P60484-F1-model_v4.pdb	152
P60484	152	L	D	0.296612858618161	AF-P60484-F1-model_v4.pdb	152
P60484	152	L	C	0.257705422994109	AF-P60484-F1-model_v4.pdb	152
P60484	152	L	Q	0.8934285490445011	AF-P60484-F1-model_v4.pdb	152
P60484	152	L	V	0.443232808999198	AF-P60484-F1-model_v4.pdb	152
P60484	152	L	W	0.249043838024677	AF-P60484-F1-model_v4.pdb	152
P60484	152	L	*	-0.0452499642257533	AF-P60484-F1-model_v4.pdb	152
P60484	152	L	Y	0.542487533201245	AF-P60484-F1-model_v4.pdb	152
P60484	153	D	G	0.602831180030725	AF-P60484-F1-model_v4.pdb	153
P60484	153	D	*	-0.034304237680259	AF-P60484-F1-model_v4.pdb	153
P60484	153	D	I	0.307300030496986	AF-P60484-F1-model_v4.pdb	153
P60484	153	D	Y	0.396520130041725	AF-P60484-F1-model_v4.pdb	153
P60484	153	D	L	0.4708862088729621	AF-P60484-F1-model_v4.pdb	153
P60484	153	D	P	0.203183784462458	AF-P60484-F1-model_v4.pdb	153
P60484	153	D	M	0.7125123706351991	AF-P60484-F1-model_v4.pdb	153
P60484	154	F	T	0.590887910256518	AF-P60484-F1-model_v4.pdb	154
P60484	154	F	W	0.444323086018585	AF-P60484-F1-model_v4.pdb	154
P60484	154	F	V	0.243647973281668	AF-P60484-F1-model_v4.pdb	154
P60484	154	F	S	0.334437718668211	AF-P60484-F1-model_v4.pdb	154
P60484	154	F	R	0.340293109283176	AF-P60484-F1-model_v4.pdb	154
P60484	154	F	P	1.32648977263051	AF-P60484-F1-model_v4.pdb	154
P60484	154	F	N	0.136239452790039	AF-P60484-F1-model_v4.pdb	154
P60484	154	F	M	0.6020070461542629	AF-P60484-F1-model_v4.pdb	154
P60484	154	F	L	0.422159163671711	AF-P60484-F1-model_v4.pdb	154
P60484	154	F	I	0.612947692572446	AF-P60484-F1-model_v4.pdb	154
P60484	154	F	H	0.7197074969528471	AF-P60484-F1-model_v4.pdb	154
P60484	154	F	G	0.3152741579025	AF-P60484-F1-model_v4.pdb	154
P60484	154	F	E	0.276348728602415	AF-P60484-F1-model_v4.pdb	154
P60484	154	F	D	0.219809527619118	AF-P60484-F1-model_v4.pdb	154
P60484	154	F	C	0.430474252977152	AF-P60484-F1-model_v4.pdb	154
P60484	154	F	A	0.636378693870163	AF-P60484-F1-model_v4.pdb	154
P60484	154	F	K	0.42270127349244	AF-P60484-F1-model_v4.pdb	154
P60484	155	Y	N	0.2766915524112169	AF-P60484-F1-model_v4.pdb	155
P60484	155	Y	R	0.21716018285085	AF-P60484-F1-model_v4.pdb	155
P60484	155	Y	Q	0.3010996399223549	AF-P60484-F1-model_v4.pdb	155
P60484	155	Y	L	0.687755012627179	AF-P60484-F1-model_v4.pdb	155
P60484	155	Y	*	0.216119070805287	AF-P60484-F1-model_v4.pdb	155
P60484	155	Y	D	0.3489107870995889	AF-P60484-F1-model_v4.pdb	155
P60484	155	Y	A	0.372477389855884	AF-P60484-F1-model_v4.pdb	155
P60484	155	Y	E	0.103948616676238	AF-P60484-F1-model_v4.pdb	155
P60484	156	G	R	0.926462522707175	AF-P60484-F1-model_v4.pdb	156
P60484	156	G	A	1.04244496105226	AF-P60484-F1-model_v4.pdb	156
P60484	156	G	E	0.7886720134835559	AF-P60484-F1-model_v4.pdb	156
P60484	156	G	M	0.988965225190472	AF-P60484-F1-model_v4.pdb	156
P60484	156	G	P	0.500383529518096	AF-P60484-F1-model_v4.pdb	156
P60484	156	G	V	0.382472759627867	AF-P60484-F1-model_v4.pdb	156
P60484	156	G	S	1.15870452122748	AF-P60484-F1-model_v4.pdb	156
P60484	156	G	Q	0.997634167310407	AF-P60484-F1-model_v4.pdb	156
P60484	157	E	A	0.929805374225448	AF-P60484-F1-model_v4.pdb	157
P60484	157	E	C	0.998238284962254	AF-P60484-F1-model_v4.pdb	157
P60484	157	E	D	0.987474886804952	AF-P60484-F1-model_v4.pdb	157
P60484	157	E	F	0.932423420806924	AF-P60484-F1-model_v4.pdb	157
P60484	157	E	G	0.9985170660546993	AF-P60484-F1-model_v4.pdb	157
P60484	157	E	M	1.16572206296407	AF-P60484-F1-model_v4.pdb	157
P60484	157	E	P	0.297155419878406	AF-P60484-F1-model_v4.pdb	157
P60484	157	E	W	0.8024896750860899	AF-P60484-F1-model_v4.pdb	157
P60484	157	E	V	0.8192192000438291	AF-P60484-F1-model_v4.pdb	157
P60484	157	E	Q	0.934242856730984	AF-P60484-F1-model_v4.pdb	157
P60484	157	E	R	1.1054186640063102	AF-P60484-F1-model_v4.pdb	157
P60484	157	E	S	0.7732109832356171	AF-P60484-F1-model_v4.pdb	157
P60484	158	V	Q	1.1651531195533895	AF-P60484-F1-model_v4.pdb	158
P60484	158	V	R	0.925691394280388	AF-P60484-F1-model_v4.pdb	158
P60484	158	V	S	1.04829910741808	AF-P60484-F1-model_v4.pdb	158
P60484	158	V	T	1.02236699762544	AF-P60484-F1-model_v4.pdb	158
P60484	158	V	N	0.697434184591428	AF-P60484-F1-model_v4.pdb	158
P60484	158	V	L	0.933249795459322	AF-P60484-F1-model_v4.pdb	158
P60484	158	V	K	1.0263454934045602	AF-P60484-F1-model_v4.pdb	158
P60484	158	V	G	0.6289198192767479	AF-P60484-F1-model_v4.pdb	158
P60484	158	V	E	0.8562440185554159	AF-P60484-F1-model_v4.pdb	158
P60484	158	V	A	1.29644608766724	AF-P60484-F1-model_v4.pdb	158
P60484	159	R	G	0.923288945760368	AF-P60484-F1-model_v4.pdb	159
P60484	160	T	S	1.30945264229915	AF-P60484-F1-model_v4.pdb	160
P60484	160	T	Y	0.865596481716048	AF-P60484-F1-model_v4.pdb	160
P60484	160	T	*	-0.0044799526243237	AF-P60484-F1-model_v4.pdb	160
P60484	160	T	W	0.732900066714186	AF-P60484-F1-model_v4.pdb	160
P60484	160	T	V	1.06287481843396	AF-P60484-F1-model_v4.pdb	160
P60484	160	T	C	0.679061123269591	AF-P60484-F1-model_v4.pdb	160
P60484	160	T	R	1.06865979402541	AF-P60484-F1-model_v4.pdb	160
P60484	160	T	G	0.91396946836862	AF-P60484-F1-model_v4.pdb	160
P60484	160	T	F	1.01503359588672	AF-P60484-F1-model_v4.pdb	160
P60484	160	T	Q	0.841547438079659	AF-P60484-F1-model_v4.pdb	160
P60484	160	T	N	0.789245039509896	AF-P60484-F1-model_v4.pdb	160
P60484	160	T	P	0.993728828306487	AF-P60484-F1-model_v4.pdb	160
P60484	160	T	L	0.816084649828908	AF-P60484-F1-model_v4.pdb	160
P60484	160	T	A	0.8049830353389309	AF-P60484-F1-model_v4.pdb	160
P60484	160	T	D	0.963155156378487	AF-P60484-F1-model_v4.pdb	160
P60484	161	R	S	1.31676024731057	AF-P60484-F1-model_v4.pdb	161
P60484	161	R	C	1.1566374316592	AF-P60484-F1-model_v4.pdb	161
P60484	161	R	E	0.8084553154515369	AF-P60484-F1-model_v4.pdb	161
P60484	161	R	G	1.00095939727666	AF-P60484-F1-model_v4.pdb	161
P60484	161	R	K	0.342162345752662	AF-P60484-F1-model_v4.pdb	161
P60484	161	R	Q	1.29072018787556	AF-P60484-F1-model_v4.pdb	161
P60484	161	R	V	0.8853534775561079	AF-P60484-F1-model_v4.pdb	161
P60484	162	D	Y	0.596431242999419	AF-P60484-F1-model_v4.pdb	162
P60484	162	D	V	0.557464267926473	AF-P60484-F1-model_v4.pdb	162
P60484	162	D	S	1.14615766325289	AF-P60484-F1-model_v4.pdb	162
P60484	162	D	P	0.4238680578416029	AF-P60484-F1-model_v4.pdb	162
P60484	162	D	I	0.5324631611442671	AF-P60484-F1-model_v4.pdb	162
P60484	162	D	H	0.9313542048697652	AF-P60484-F1-model_v4.pdb	162
P60484	162	D	L	0.556688836914246	AF-P60484-F1-model_v4.pdb	162
P60484	162	D	F	0.66831230814912	AF-P60484-F1-model_v4.pdb	162
P60484	162	D	C	0.785385038424023	AF-P60484-F1-model_v4.pdb	162
P60484	162	D	A	0.7067314742114741	AF-P60484-F1-model_v4.pdb	162
P60484	162	D	G	0.8268145228766229	AF-P60484-F1-model_v4.pdb	162
P60484	163	K	L	0.7756791412195391	AF-P60484-F1-model_v4.pdb	163
P60484	163	K	S	0.661048671010073	AF-P60484-F1-model_v4.pdb	163
P60484	163	K	R	0.90612654711533	AF-P60484-F1-model_v4.pdb	163
P60484	163	K	Q	1.02714639159978	AF-P60484-F1-model_v4.pdb	163
P60484	163	K	*	-0.115200097539586	AF-P60484-F1-model_v4.pdb	163
P60484	163	K	P	0.511027030436056	AF-P60484-F1-model_v4.pdb	163
P60484	163	K	I	0.508090674313716	AF-P60484-F1-model_v4.pdb	163
P60484	163	K	E	0.8384521113714442	AF-P60484-F1-model_v4.pdb	163
P60484	163	K	F	0.618539643338961	AF-P60484-F1-model_v4.pdb	163
P60484	163	K	Y	0.796877641847002	AF-P60484-F1-model_v4.pdb	163
P60484	163	K	D	0.5431184855915611	AF-P60484-F1-model_v4.pdb	163
P60484	163	K	A	0.984002915891013	AF-P60484-F1-model_v4.pdb	163
P60484	163	K	T	0.7943707102125279	AF-P60484-F1-model_v4.pdb	163
P60484	163	K	G	1.0217747569718	AF-P60484-F1-model_v4.pdb	163
P60484	163	K	W	0.6300440420831489	AF-P60484-F1-model_v4.pdb	163
P60484	164	K	T	0.861134520495058	AF-P60484-F1-model_v4.pdb	164
P60484	164	K	R	0.960760460958603	AF-P60484-F1-model_v4.pdb	164
P60484	164	K	S	0.767737603873861	AF-P60484-F1-model_v4.pdb	164
P60484	164	K	P	0.534050314671448	AF-P60484-F1-model_v4.pdb	164
P60484	164	K	W	0.752204737989001	AF-P60484-F1-model_v4.pdb	164
P60484	164	K	Y	0.934348238355848	AF-P60484-F1-model_v4.pdb	164
P60484	164	K	V	0.756505260856475	AF-P60484-F1-model_v4.pdb	164
P60484	164	K	M	0.663079487202268	AF-P60484-F1-model_v4.pdb	164
P60484	164	K	D	0.7498284033720559	AF-P60484-F1-model_v4.pdb	164
P60484	164	K	G	0.997350927232424	AF-P60484-F1-model_v4.pdb	164
P60484	164	K	A	0.7090404267204259	AF-P60484-F1-model_v4.pdb	164
P60484	164	K	L	0.5600900201538891	AF-P60484-F1-model_v4.pdb	164
P60484	165	G	A	0.9247730497117328	AF-P60484-F1-model_v4.pdb	165
P60484	166	V	H	0.4189941014235421	AF-P60484-F1-model_v4.pdb	166
P60484	166	V	R	0.288093085295693	AF-P60484-F1-model_v4.pdb	166
P60484	166	V	P	0.238399401522367	AF-P60484-F1-model_v4.pdb	166
P60484	166	V	M	0.603457593439205	AF-P60484-F1-model_v4.pdb	166
P60484	166	V	L	0.8068340773096692	AF-P60484-F1-model_v4.pdb	166
P60484	166	V	G	0.486602756245849	AF-P60484-F1-model_v4.pdb	166
P60484	166	V	E	0.307477147324223	AF-P60484-F1-model_v4.pdb	166
P60484	166	V	T	0.6082824392730329	AF-P60484-F1-model_v4.pdb	166
P60484	166	V	S	0.323659931928687	AF-P60484-F1-model_v4.pdb	166
P60484	166	V	W	0.562799010820771	AF-P60484-F1-model_v4.pdb	166
P60484	166	V	*	-0.0375819448609029	AF-P60484-F1-model_v4.pdb	166
P60484	166	V	Y	0.9326130192765892	AF-P60484-F1-model_v4.pdb	166
P60484	166	V	C	0.39013752503536	AF-P60484-F1-model_v4.pdb	166
P60484	167	T	N	0.701551586375038	AF-P60484-F1-model_v4.pdb	167
P60484	167	T	M	0.8250490436596559	AF-P60484-F1-model_v4.pdb	167
P60484	167	T	P	0.405862365914027	AF-P60484-F1-model_v4.pdb	167
P60484	167	T	V	0.5998101617109011	AF-P60484-F1-model_v4.pdb	167
P60484	167	T	Y	1.078599511909	AF-P60484-F1-model_v4.pdb	167
P60484	167	T	*	0.0581484086263777	AF-P60484-F1-model_v4.pdb	167
P60484	167	T	W	0.7151073263331641	AF-P60484-F1-model_v4.pdb	167
P60484	167	T	S	1.04546718252923	AF-P60484-F1-model_v4.pdb	167
P60484	167	T	L	0.828675885255028	AF-P60484-F1-model_v4.pdb	167
P60484	167	T	R	0.6315006805523571	AF-P60484-F1-model_v4.pdb	167
P60484	167	T	H	0.8621937469192921	AF-P60484-F1-model_v4.pdb	167
P60484	167	T	G	0.581746627865671	AF-P60484-F1-model_v4.pdb	167
P60484	167	T	F	0.8191616309128491	AF-P60484-F1-model_v4.pdb	167
P60484	167	T	E	0.761016914559756	AF-P60484-F1-model_v4.pdb	167
P60484	167	T	A	0.751492766621676	AF-P60484-F1-model_v4.pdb	167
P60484	168	I	P	0.7541065236666671	AF-P60484-F1-model_v4.pdb	168
P60484	168	I	R	0.872300826110182	AF-P60484-F1-model_v4.pdb	168
P60484	168	I	S	0.998717814860995	AF-P60484-F1-model_v4.pdb	168
P60484	168	I	L	0.8456978871955649	AF-P60484-F1-model_v4.pdb	168
P60484	168	I	T	0.7131966851549509	AF-P60484-F1-model_v4.pdb	168
P60484	168	I	V	1.03023854111383	AF-P60484-F1-model_v4.pdb	168
P60484	168	I	W	0.565789341657896	AF-P60484-F1-model_v4.pdb	168
P60484	168	I	*	0.0452686732042149	AF-P60484-F1-model_v4.pdb	168
P60484	168	I	M	0.8065061500395071	AF-P60484-F1-model_v4.pdb	168
P60484	168	I	Q	0.703284658415375	AF-P60484-F1-model_v4.pdb	168
P60484	168	I	G	0.644540952627463	AF-P60484-F1-model_v4.pdb	168
P60484	168	I	Y	0.6589393017715021	AF-P60484-F1-model_v4.pdb	168
P60484	168	I	C	0.972883709596766	AF-P60484-F1-model_v4.pdb	168
P60484	168	I	E	0.943978461634851	AF-P60484-F1-model_v4.pdb	168
P60484	170	S	G	0.202378295749784	AF-P60484-F1-model_v4.pdb	170
P60484	170	S	*	0.146852788746021	AF-P60484-F1-model_v4.pdb	170
P60484	170	S	W	0.345807378227982	AF-P60484-F1-model_v4.pdb	170
P60484	170	S	R	0.286042073759003	AF-P60484-F1-model_v4.pdb	170
P60484	170	S	P	0.1722967630919249	AF-P60484-F1-model_v4.pdb	170
P60484	170	S	A	0.433309609592398	AF-P60484-F1-model_v4.pdb	170
P60484	170	S	L	0.362059972390649	AF-P60484-F1-model_v4.pdb	170
P60484	171	Q	L	0.705147830247657	AF-P60484-F1-model_v4.pdb	171
P60484	171	Q	E	0.5913572971649089	AF-P60484-F1-model_v4.pdb	171
P60484	171	Q	D	0.8835544822191	AF-P60484-F1-model_v4.pdb	171
P60484	171	Q	A	0.671196888152502	AF-P60484-F1-model_v4.pdb	171
P60484	171	Q	M	0.981280228495736	AF-P60484-F1-model_v4.pdb	171
P60484	171	Q	N	0.984087915491235	AF-P60484-F1-model_v4.pdb	171
P60484	171	Q	P	0.294674166808425	AF-P60484-F1-model_v4.pdb	171
P60484	171	Q	I	0.640456632806981	AF-P60484-F1-model_v4.pdb	171
P60484	171	Q	R	0.553256113251847	AF-P60484-F1-model_v4.pdb	171
P60484	171	Q	S	0.845323267299845	AF-P60484-F1-model_v4.pdb	171
P60484	171	Q	T	0.8380339080700799	AF-P60484-F1-model_v4.pdb	171
P60484	171	Q	V	0.988921535674236	AF-P60484-F1-model_v4.pdb	171
P60484	171	Q	W	0.873131929393266	AF-P60484-F1-model_v4.pdb	171
P60484	171	Q	G	0.32012382786307	AF-P60484-F1-model_v4.pdb	171
P60484	172	R	V	0.60308302795346	AF-P60484-F1-model_v4.pdb	172
P60484	172	R	S	0.300064131984065	AF-P60484-F1-model_v4.pdb	172
P60484	172	R	A	0.700664530513636	AF-P60484-F1-model_v4.pdb	172
P60484	172	R	E	0.488613758167435	AF-P60484-F1-model_v4.pdb	172
P60484	172	R	G	0.339474150036757	AF-P60484-F1-model_v4.pdb	172
P60484	172	R	K	0.731476483154933	AF-P60484-F1-model_v4.pdb	172
P60484	172	R	Y	0.313911114572995	AF-P60484-F1-model_v4.pdb	172
P60484	172	R	N	0.307821107459341	AF-P60484-F1-model_v4.pdb	172
P60484	172	R	M	0.576814052514828	AF-P60484-F1-model_v4.pdb	172
P60484	172	R	W	0.3646092502903729	AF-P60484-F1-model_v4.pdb	172
P60484	174	Y	V	0.241865657492121	AF-P60484-F1-model_v4.pdb	174
P60484	175	V	A	0.328144086517522	AF-P60484-F1-model_v4.pdb	175
P60484	175	V	D	0.0828844304447938	AF-P60484-F1-model_v4.pdb	175
P60484	175	V	E	0.231259123045918	AF-P60484-F1-model_v4.pdb	175
P60484	175	V	*	-0.0212468856156157	AF-P60484-F1-model_v4.pdb	175
P60484	175	V	T	0.437432117553288	AF-P60484-F1-model_v4.pdb	175
P60484	175	V	G	0.196914791201618	AF-P60484-F1-model_v4.pdb	175
P60484	175	V	S	0.286139734980775	AF-P60484-F1-model_v4.pdb	175
P60484	175	V	R	0.130575941862543	AF-P60484-F1-model_v4.pdb	175
P60484	175	V	P	0.35512257073739	AF-P60484-F1-model_v4.pdb	175
P60484	175	V	K	0.244807404852041	AF-P60484-F1-model_v4.pdb	175
P60484	175	V	N	0.5245249460811029	AF-P60484-F1-model_v4.pdb	175
P60484	175	V	M	0.155669913527239	AF-P60484-F1-model_v4.pdb	175
P60484	175	V	L	0.8154816330400129	AF-P60484-F1-model_v4.pdb	175
P60484	175	V	F	0.13289905741255	AF-P60484-F1-model_v4.pdb	175
P60484	176	Y	G	0.7981354031405961	AF-P60484-F1-model_v4.pdb	176
P60484	176	Y	S	0.7801890658983751	AF-P60484-F1-model_v4.pdb	176
P60484	176	Y	F	0.552119636520119	AF-P60484-F1-model_v4.pdb	176
P60484	176	Y	D	1.04792363691965	AF-P60484-F1-model_v4.pdb	176
P60484	176	Y	A	0.8492880271911051	AF-P60484-F1-model_v4.pdb	176
P60484	176	Y	T	0.8057683536921372	AF-P60484-F1-model_v4.pdb	176
P60484	176	Y	V	0.770552910495213	AF-P60484-F1-model_v4.pdb	176
P60484	176	Y	W	0.619185157508754	AF-P60484-F1-model_v4.pdb	176
P60484	176	Y	*	-0.0392083603039453	AF-P60484-F1-model_v4.pdb	176
P60484	176	Y	K	1.09012867280588	AF-P60484-F1-model_v4.pdb	176
P60484	176	Y	P	0.422252771260659	AF-P60484-F1-model_v4.pdb	176
P60484	177	Y	L	0.378771930794409	AF-P60484-F1-model_v4.pdb	177
P60484	177	Y	*	0.5124958356498811	AF-P60484-F1-model_v4.pdb	177
P60484	177	Y	W	0.0389781935308637	AF-P60484-F1-model_v4.pdb	177
P60484	177	Y	V	0.399493087990914	AF-P60484-F1-model_v4.pdb	177
P60484	177	Y	M	0.4686147159693401	AF-P60484-F1-model_v4.pdb	177
P60484	177	Y	R	0.142070445368264	AF-P60484-F1-model_v4.pdb	177
P60484	177	Y	P	0.35046936831219	AF-P60484-F1-model_v4.pdb	177
P60484	177	Y	G	0.253730240283929	AF-P60484-F1-model_v4.pdb	177
P60484	177	Y	C	0.223818970817883	AF-P60484-F1-model_v4.pdb	177
P60484	177	Y	F	0.2612120754323	AF-P60484-F1-model_v4.pdb	177
P60484	177	Y	I	0.248968374874816	AF-P60484-F1-model_v4.pdb	177
P60484	177	Y	K	0.430002373916974	AF-P60484-F1-model_v4.pdb	177
P60484	177	Y	A	0.142409058817566	AF-P60484-F1-model_v4.pdb	177
P60484	178	Y	K	0.221655230377362	AF-P60484-F1-model_v4.pdb	178
P60484	178	Y	G	0.229646095544272	AF-P60484-F1-model_v4.pdb	178
P60484	178	Y	A	0.6042970527516099	AF-P60484-F1-model_v4.pdb	178
P60484	178	Y	C	0.414460947104116	AF-P60484-F1-model_v4.pdb	178
P60484	178	Y	D	0.197772483522374	AF-P60484-F1-model_v4.pdb	178
P60484	178	Y	I	0.748181605138326	AF-P60484-F1-model_v4.pdb	178
P60484	178	Y	T	0.355641853274204	AF-P60484-F1-model_v4.pdb	178
P60484	178	Y	L	0.53247597992298	AF-P60484-F1-model_v4.pdb	178
P60484	178	Y	V	0.6071942156801489	AF-P60484-F1-model_v4.pdb	178
P60484	178	Y	*	-0.0048653219931819	AF-P60484-F1-model_v4.pdb	178
P60484	178	Y	E	0.360829121536172	AF-P60484-F1-model_v4.pdb	178
P60484	178	Y	R	0.135134469528582	AF-P60484-F1-model_v4.pdb	178
P60484	178	Y	Q	0.244801209589768	AF-P60484-F1-model_v4.pdb	178
P60484	178	Y	S	0.501677702807801	AF-P60484-F1-model_v4.pdb	178
P60484	178	Y	P	0.344945373513998	AF-P60484-F1-model_v4.pdb	178
P60484	178	Y	F	0.812759222290283	AF-P60484-F1-model_v4.pdb	178
P60484	178	Y	M	0.4125431234059949	AF-P60484-F1-model_v4.pdb	178
P60484	179	S	I	0.32430751961164	AF-P60484-F1-model_v4.pdb	179
P60484	179	S	P	0.243352399411489	AF-P60484-F1-model_v4.pdb	179
P60484	179	S	T	0.409867250771997	AF-P60484-F1-model_v4.pdb	179
P60484	179	S	V	0.0811436369850443	AF-P60484-F1-model_v4.pdb	179
P60484	179	S	F	0.7550223282917701	AF-P60484-F1-model_v4.pdb	179
P60484	179	S	E	1.01340710636709	AF-P60484-F1-model_v4.pdb	179
P60484	179	S	D	0.901134463628862	AF-P60484-F1-model_v4.pdb	179
P60484	179	S	M	0.371086450113485	AF-P60484-F1-model_v4.pdb	179
P60484	179	S	G	0.7610712448828358	AF-P60484-F1-model_v4.pdb	179
P60484	182	L	F	0.361746139567816	AF-P60484-F1-model_v4.pdb	182
P60484	182	L	*	0.33115054948314	AF-P60484-F1-model_v4.pdb	182
P60484	184	N	R	0.5730589923648821	AF-P60484-F1-model_v4.pdb	184
P60484	184	N	I	0.187299939943295	AF-P60484-F1-model_v4.pdb	184
P60484	184	N	S	0.9901733891846052	AF-P60484-F1-model_v4.pdb	184
P60484	184	N	*	0.0057246715489832	AF-P60484-F1-model_v4.pdb	184
P60484	184	N	G	0.495540031530188	AF-P60484-F1-model_v4.pdb	184
P60484	184	N	C	0.9980460138699432	AF-P60484-F1-model_v4.pdb	184
P60484	186	L	C	1.02376959202906	AF-P60484-F1-model_v4.pdb	186
P60484	186	L	F	0.623312416844962	AF-P60484-F1-model_v4.pdb	186
P60484	186	L	W	0.628138140647437	AF-P60484-F1-model_v4.pdb	186
P60484	186	L	S	0.662709299773147	AF-P60484-F1-model_v4.pdb	186
P60484	186	L	R	0.557564368149633	AF-P60484-F1-model_v4.pdb	186
P60484	186	L	Y	0.587551844350417	AF-P60484-F1-model_v4.pdb	186
P60484	186	L	P	0.157346415333189	AF-P60484-F1-model_v4.pdb	186
P60484	186	L	K	0.891255168665055	AF-P60484-F1-model_v4.pdb	186
P60484	186	L	H	0.558580915572949	AF-P60484-F1-model_v4.pdb	186
P60484	186	L	G	0.574410547164077	AF-P60484-F1-model_v4.pdb	186
P60484	186	L	Q	0.791357751123642	AF-P60484-F1-model_v4.pdb	186
P60484	187	D	P	0.9645807556634493	AF-P60484-F1-model_v4.pdb	187
P60484	187	D	Y	0.8417211788709978	AF-P60484-F1-model_v4.pdb	187
P60484	187	D	*	0.04919361162465	AF-P60484-F1-model_v4.pdb	187
P60484	187	D	W	0.5828223095785129	AF-P60484-F1-model_v4.pdb	187
P60484	187	D	V	0.846217168014407	AF-P60484-F1-model_v4.pdb	187
P60484	187	D	T	0.9399296361269672	AF-P60484-F1-model_v4.pdb	187
P60484	187	D	R	0.6778004298171372	AF-P60484-F1-model_v4.pdb	187
P60484	187	D	N	1.06234991349049	AF-P60484-F1-model_v4.pdb	187
P60484	187	D	G	0.70668832226816	AF-P60484-F1-model_v4.pdb	187
P60484	187	D	L	0.9349830724505308	AF-P60484-F1-model_v4.pdb	187
P60484	187	D	K	0.859347292276032	AF-P60484-F1-model_v4.pdb	187
P60484	187	D	I	1.12036474992764	AF-P60484-F1-model_v4.pdb	187
P60484	187	D	H	0.647751000834609	AF-P60484-F1-model_v4.pdb	187
P60484	187	D	E	1.2298878017006598	AF-P60484-F1-model_v4.pdb	187
P60484	187	D	C	0.945078846576056	AF-P60484-F1-model_v4.pdb	187
P60484	187	D	A	0.851118176629848	AF-P60484-F1-model_v4.pdb	187
P60484	187	D	M	0.970101027802244	AF-P60484-F1-model_v4.pdb	187
P60484	187	D	F	0.767964829114798	AF-P60484-F1-model_v4.pdb	187
P60484	187	D	S	1.05003005715265	AF-P60484-F1-model_v4.pdb	187
P60484	188	Y	Q	0.291483708570157	AF-P60484-F1-model_v4.pdb	188
P60484	188	Y	*	-0.051127127541205	AF-P60484-F1-model_v4.pdb	188
P60484	188	Y	W	0.391347521352116	AF-P60484-F1-model_v4.pdb	188
P60484	188	Y	V	0.428481368999249	AF-P60484-F1-model_v4.pdb	188
P60484	188	Y	P	0.222082914467951	AF-P60484-F1-model_v4.pdb	188
P60484	188	Y	T	0.485096814763941	AF-P60484-F1-model_v4.pdb	188
P60484	188	Y	A	0.2192010898910189	AF-P60484-F1-model_v4.pdb	188
P60484	188	Y	C	0.241309349765588	AF-P60484-F1-model_v4.pdb	188
P60484	188	Y	D	0.304958253638366	AF-P60484-F1-model_v4.pdb	188
P60484	188	Y	E	0.318525962101407	AF-P60484-F1-model_v4.pdb	188
P60484	188	Y	F	0.7097983205649159	AF-P60484-F1-model_v4.pdb	188
P60484	188	Y	G	0.1669892457912919	AF-P60484-F1-model_v4.pdb	188
P60484	188	Y	H	0.185608992317846	AF-P60484-F1-model_v4.pdb	188
P60484	188	Y	I	0.9836589885333727	AF-P60484-F1-model_v4.pdb	188
P60484	188	Y	K	0.545543697669416	AF-P60484-F1-model_v4.pdb	188
P60484	188	Y	L	0.456549720256419	AF-P60484-F1-model_v4.pdb	188
P60484	188	Y	S	0.334501266454587	AF-P60484-F1-model_v4.pdb	188
P60484	188	Y	R	0.2129110199595389	AF-P60484-F1-model_v4.pdb	188
P60484	188	Y	M	0.29266368323695	AF-P60484-F1-model_v4.pdb	188
P60484	188	Y	N	0.136788436713496	AF-P60484-F1-model_v4.pdb	188
P60484	189	R	I	0.666516404072105	AF-P60484-F1-model_v4.pdb	189
P60484	189	R	W	0.7427188296973041	AF-P60484-F1-model_v4.pdb	189
P60484	189	R	D	0.451913379705894	AF-P60484-F1-model_v4.pdb	189
P60484	189	R	H	0.957884838873589	AF-P60484-F1-model_v4.pdb	189
P60484	189	R	K	0.94460025969136	AF-P60484-F1-model_v4.pdb	189
P60484	189	R	L	0.639096368758542	AF-P60484-F1-model_v4.pdb	189
P60484	189	R	E	0.922346523158552	AF-P60484-F1-model_v4.pdb	189
P60484	189	R	T	1.02781943072384	AF-P60484-F1-model_v4.pdb	189
P60484	189	R	V	0.8922172378760269	AF-P60484-F1-model_v4.pdb	189
P60484	189	R	G	0.590704609193002	AF-P60484-F1-model_v4.pdb	189
P60484	189	R	N	0.778526573062861	AF-P60484-F1-model_v4.pdb	189
P60484	189	R	S	0.822908554704907	AF-P60484-F1-model_v4.pdb	189
P60484	189	R	P	0.221199074832871	AF-P60484-F1-model_v4.pdb	189
P60484	189	R	F	0.95025029110146	AF-P60484-F1-model_v4.pdb	189
P60484	189	R	Q	1.10492469831901	AF-P60484-F1-model_v4.pdb	189
P60484	191	V	G	0.143288635931795	AF-P60484-F1-model_v4.pdb	191
P60484	191	V	K	1.00249578519381	AF-P60484-F1-model_v4.pdb	191
P60484	191	V	L	1.22176909953786	AF-P60484-F1-model_v4.pdb	191
P60484	191	V	S	0.8091088339053041	AF-P60484-F1-model_v4.pdb	191
P60484	192	A	V	1.00891315786048	AF-P60484-F1-model_v4.pdb	192
P60484	192	A	Y	1.08636620217133	AF-P60484-F1-model_v4.pdb	192
P60484	192	A	W	0.731327095037965	AF-P60484-F1-model_v4.pdb	192
P60484	192	A	K	0.981435167952122	AF-P60484-F1-model_v4.pdb	192
P60484	192	A	H	1.2162883512025	AF-P60484-F1-model_v4.pdb	192
P60484	192	A	G	1.08988871815417	AF-P60484-F1-model_v4.pdb	192
P60484	192	A	L	0.40796185891543	AF-P60484-F1-model_v4.pdb	192
P60484	192	A	M	0.950324904122758	AF-P60484-F1-model_v4.pdb	192
P60484	192	A	E	0.95188351536479	AF-P60484-F1-model_v4.pdb	192
P60484	192	A	Q	1.0217176270593	AF-P60484-F1-model_v4.pdb	192
P60484	192	A	R	1.4624238453206295	AF-P60484-F1-model_v4.pdb	192
P60484	192	A	S	1.08234398793951	AF-P60484-F1-model_v4.pdb	192
P60484	192	A	T	0.975589511555919	AF-P60484-F1-model_v4.pdb	192
P60484	193	L	C	0.8245384219606461	AF-P60484-F1-model_v4.pdb	193
P60484	193	L	D	0.1626672177204459	AF-P60484-F1-model_v4.pdb	193
P60484	193	L	G	0.487474709885751	AF-P60484-F1-model_v4.pdb	193
P60484	193	L	I	0.9157796373847958	AF-P60484-F1-model_v4.pdb	193
P60484	193	L	K	0.385375259833648	AF-P60484-F1-model_v4.pdb	193
P60484	193	L	Q	0.334335804134771	AF-P60484-F1-model_v4.pdb	193
P60484	193	L	P	0.333540021506562	AF-P60484-F1-model_v4.pdb	193
P60484	193	L	V	0.7720018228336171	AF-P60484-F1-model_v4.pdb	193
P60484	193	L	R	0.9395547000011758	AF-P60484-F1-model_v4.pdb	193
P60484	194	L	E	0.636594651729797	AF-P60484-F1-model_v4.pdb	194
P60484	194	L	A	0.7206712489218791	AF-P60484-F1-model_v4.pdb	194
P60484	194	L	D	0.425230331505434	AF-P60484-F1-model_v4.pdb	194
P60484	194	L	Y	0.737919674610153	AF-P60484-F1-model_v4.pdb	194
P60484	194	L	V	0.6898493472377211	AF-P60484-F1-model_v4.pdb	194
P60484	194	L	T	0.6724294488843	AF-P60484-F1-model_v4.pdb	194
P60484	194	L	S	0.320948748248697	AF-P60484-F1-model_v4.pdb	194
P60484	194	L	R	0.6940729495091501	AF-P60484-F1-model_v4.pdb	194
P60484	194	L	G	0.454462046566146	AF-P60484-F1-model_v4.pdb	194
P60484	194	L	Q	0.826598535127474	AF-P60484-F1-model_v4.pdb	194
P60484	194	L	K	0.646789484775925	AF-P60484-F1-model_v4.pdb	194
P60484	194	L	M	1.06501126019793	AF-P60484-F1-model_v4.pdb	194
P60484	195	F	I	0.765954775727883	AF-P60484-F1-model_v4.pdb	195
P60484	195	F	Y	0.542573969314727	AF-P60484-F1-model_v4.pdb	195
P60484	195	F	V	0.5010181485842949	AF-P60484-F1-model_v4.pdb	195
P60484	195	F	G	0.282181707938156	AF-P60484-F1-model_v4.pdb	195
P60484	195	F	S	0.282535158989208	AF-P60484-F1-model_v4.pdb	195
P60484	195	F	R	0.210735036094635	AF-P60484-F1-model_v4.pdb	195
P60484	195	F	A	0.241853673573286	AF-P60484-F1-model_v4.pdb	195
P60484	195	F	D	0.906214257306275	AF-P60484-F1-model_v4.pdb	195
P60484	195	F	E	0.0323972395850511	AF-P60484-F1-model_v4.pdb	195
P60484	196	H	P	0.309044602132383	AF-P60484-F1-model_v4.pdb	196
P60484	196	H	S	0.366812149221849	AF-P60484-F1-model_v4.pdb	196
P60484	196	H	T	0.739949989125352	AF-P60484-F1-model_v4.pdb	196
P60484	196	H	N	0.546224093799526	AF-P60484-F1-model_v4.pdb	196
P60484	196	H	L	0.311193115409936	AF-P60484-F1-model_v4.pdb	196
P60484	196	H	G	0.331243001093774	AF-P60484-F1-model_v4.pdb	196
P60484	196	H	E	0.845577369503127	AF-P60484-F1-model_v4.pdb	196
P60484	196	H	C	0.670706622934395	AF-P60484-F1-model_v4.pdb	196
P60484	196	H	A	0.4134656953105989	AF-P60484-F1-model_v4.pdb	196
P60484	196	H	V	0.5748376354403331	AF-P60484-F1-model_v4.pdb	196
P60484	196	H	Y	0.7695189076186658	AF-P60484-F1-model_v4.pdb	196
P60484	196	H	Q	0.6174281788631639	AF-P60484-F1-model_v4.pdb	196
P60484	196	H	F	0.283027049201035	AF-P60484-F1-model_v4.pdb	196
P60484	196	H	R	0.6434345656542401	AF-P60484-F1-model_v4.pdb	196
P60484	197	K	R	0.9335059119234128	AF-P60484-F1-model_v4.pdb	197
P60484	197	K	Q	0.449465826870284	AF-P60484-F1-model_v4.pdb	197
P60484	197	K	L	0.9829090828608628	AF-P60484-F1-model_v4.pdb	197
P60484	197	K	H	0.7095280465327071	AF-P60484-F1-model_v4.pdb	197
P60484	197	K	S	0.36274974257849	AF-P60484-F1-model_v4.pdb	197
P60484	197	K	G	0.9000821070429699	AF-P60484-F1-model_v4.pdb	197
P60484	197	K	E	0.5932033881360871	AF-P60484-F1-model_v4.pdb	197
P60484	197	K	D	0.240237509354568	AF-P60484-F1-model_v4.pdb	197
P60484	197	K	A	0.7170054856095491	AF-P60484-F1-model_v4.pdb	197
P60484	197	K	V	0.501884251334809	AF-P60484-F1-model_v4.pdb	197
P60484	197	K	Y	0.7655324280115999	AF-P60484-F1-model_v4.pdb	197
P60484	197	K	P	0.560821946917322	AF-P60484-F1-model_v4.pdb	197
P60484	199	M	V	1.25791496932706	AF-P60484-F1-model_v4.pdb	199
P60484	201	E	A	0.738612777830201	AF-P60484-F1-model_v4.pdb	201
P60484	201	E	P	0.556646691667412	AF-P60484-F1-model_v4.pdb	201
P60484	201	E	F	0.925526886649127	AF-P60484-F1-model_v4.pdb	201
P60484	201	E	G	0.641937182741537	AF-P60484-F1-model_v4.pdb	201
P60484	201	E	T	1.04106502170162	AF-P60484-F1-model_v4.pdb	201
P60484	201	E	S	0.7083935583935821	AF-P60484-F1-model_v4.pdb	201
P60484	201	E	I	0.671157401966784	AF-P60484-F1-model_v4.pdb	201
P60484	201	E	V	1.01947987911686	AF-P60484-F1-model_v4.pdb	201
P60484	201	E	L	0.7415194147339208	AF-P60484-F1-model_v4.pdb	201
P60484	201	E	M	1.0056590726071	AF-P60484-F1-model_v4.pdb	201
P60484	201	E	R	0.31747768190335	AF-P60484-F1-model_v4.pdb	201
P60484	201	E	*	0.0483942183878621	AF-P60484-F1-model_v4.pdb	201
P60484	201	E	C	0.9150351656355	AF-P60484-F1-model_v4.pdb	201
P60484	201	E	Q	0.827648436835876	AF-P60484-F1-model_v4.pdb	201
P60484	202	T	A	0.278806662631726	AF-P60484-F1-model_v4.pdb	202
P60484	202	T	L	0.533153338644202	AF-P60484-F1-model_v4.pdb	202
P60484	202	T	M	0.628696273971974	AF-P60484-F1-model_v4.pdb	202
P60484	202	T	P	0.8861158697994681	AF-P60484-F1-model_v4.pdb	202
P60484	202	T	H	1.1345223596427298	AF-P60484-F1-model_v4.pdb	202
P60484	202	T	Q	0.750543556033305	AF-P60484-F1-model_v4.pdb	202
P60484	202	T	G	0.939166394893949	AF-P60484-F1-model_v4.pdb	202
P60484	202	T	R	0.619112135941111	AF-P60484-F1-model_v4.pdb	202
P60484	202	T	F	0.394321586533844	AF-P60484-F1-model_v4.pdb	202
P60484	202	T	S	0.780202666256813	AF-P60484-F1-model_v4.pdb	202
P60484	202	T	V	0.353960349738762	AF-P60484-F1-model_v4.pdb	202
P60484	202	T	W	0.6816118377570402	AF-P60484-F1-model_v4.pdb	202
P60484	202	T	D	0.783696658564869	AF-P60484-F1-model_v4.pdb	202
P60484	202	T	C	0.953408728112077	AF-P60484-F1-model_v4.pdb	202
P60484	202	T	Y	0.9638783760320948	AF-P60484-F1-model_v4.pdb	202
P60484	202	T	I	0.307786925541669	AF-P60484-F1-model_v4.pdb	202
P60484	203	I	V	0.79570656581642	AF-P60484-F1-model_v4.pdb	203
P60484	203	I	A	0.649782015151015	AF-P60484-F1-model_v4.pdb	203
P60484	203	I	C	0.760167718662039	AF-P60484-F1-model_v4.pdb	203
P60484	203	I	E	0.814537836082058	AF-P60484-F1-model_v4.pdb	203
P60484	203	I	G	0.551848499477818	AF-P60484-F1-model_v4.pdb	203
P60484	203	I	L	0.577117024751607	AF-P60484-F1-model_v4.pdb	203
P60484	203	I	P	0.6435563131081291	AF-P60484-F1-model_v4.pdb	203
P60484	203	I	R	0.3984807964520369	AF-P60484-F1-model_v4.pdb	203
P60484	203	I	S	0.9241121312661652	AF-P60484-F1-model_v4.pdb	203
P60484	204	P	G	0.358549543552415	AF-P60484-F1-model_v4.pdb	204
P60484	204	P	T	0.292217559324509	AF-P60484-F1-model_v4.pdb	204
P60484	204	P	A	0.5229309655938189	AF-P60484-F1-model_v4.pdb	204
P60484	204	P	E	0.466599167331692	AF-P60484-F1-model_v4.pdb	204
P60484	204	P	L	0.481358377982581	AF-P60484-F1-model_v4.pdb	204
P60484	204	P	M	0.4270419075922179	AF-P60484-F1-model_v4.pdb	204
P60484	204	P	Q	0.383569018787092	AF-P60484-F1-model_v4.pdb	204
P60484	204	P	R	0.273593764771503	AF-P60484-F1-model_v4.pdb	204
P60484	204	P	S	0.365678683276209	AF-P60484-F1-model_v4.pdb	204
P60484	204	P	V	0.265290486438572	AF-P60484-F1-model_v4.pdb	204
P60484	205	M	L	0.5190517033893239	AF-P60484-F1-model_v4.pdb	205
P60484	205	M	G	0.630223261529684	AF-P60484-F1-model_v4.pdb	205
P60484	205	M	E	0.819326680653666	AF-P60484-F1-model_v4.pdb	205
P60484	205	M	*	0.284087777654861	AF-P60484-F1-model_v4.pdb	205
P60484	205	M	A	0.943831984215085	AF-P60484-F1-model_v4.pdb	205
P60484	205	M	P	0.411982361825287	AF-P60484-F1-model_v4.pdb	205
P60484	205	M	D	-0.216124346186807	AF-P60484-F1-model_v4.pdb	205
P60484	205	M	R	0.865879220745693	AF-P60484-F1-model_v4.pdb	205
P60484	205	M	S	0.5474834421101189	AF-P60484-F1-model_v4.pdb	205
P60484	205	M	T	1.10141057270696	AF-P60484-F1-model_v4.pdb	205
P60484	205	M	V	0.7013759703566059	AF-P60484-F1-model_v4.pdb	205
P60484	205	M	W	0.7357525799958159	AF-P60484-F1-model_v4.pdb	205
P60484	206	F	A	0.73171605976841	AF-P60484-F1-model_v4.pdb	206
P60484	206	F	C	0.945345742463804	AF-P60484-F1-model_v4.pdb	206
P60484	206	F	D	0.297738993869001	AF-P60484-F1-model_v4.pdb	206
P60484	206	F	G	0.6111449697147471	AF-P60484-F1-model_v4.pdb	206
P60484	206	F	H	0.7088153529957192	AF-P60484-F1-model_v4.pdb	206
P60484	206	F	I	0.945449891912682	AF-P60484-F1-model_v4.pdb	206
P60484	206	F	L	0.608840913560716	AF-P60484-F1-model_v4.pdb	206
P60484	206	F	P	0.5574252928304471	AF-P60484-F1-model_v4.pdb	206
P60484	206	F	W	0.82961353563564	AF-P60484-F1-model_v4.pdb	206
P60484	206	F	Q	0.6781171241867271	AF-P60484-F1-model_v4.pdb	206
P60484	206	F	R	0.63903620777181	AF-P60484-F1-model_v4.pdb	206
P60484	206	F	S	0.645628880419971	AF-P60484-F1-model_v4.pdb	206
P60484	206	F	T	0.7195600909371189	AF-P60484-F1-model_v4.pdb	206
P60484	206	F	V	0.8061547446193449	AF-P60484-F1-model_v4.pdb	206
P60484	206	F	Y	1.05126218287004	AF-P60484-F1-model_v4.pdb	206
P60484	206	F	M	0.7010283397693071	AF-P60484-F1-model_v4.pdb	206
P60484	206	F	*	-0.012284352685657	AF-P60484-F1-model_v4.pdb	206
P60484	207	S	I	0.848974691050512	AF-P60484-F1-model_v4.pdb	207
P60484	207	S	T	0.749818350750605	AF-P60484-F1-model_v4.pdb	207
P60484	207	S	R	0.6509271215966851	AF-P60484-F1-model_v4.pdb	207
P60484	207	S	C	0.880365542157194	AF-P60484-F1-model_v4.pdb	207
P60484	207	S	D	0.740290933732762	AF-P60484-F1-model_v4.pdb	207
P60484	207	S	E	1.08751649641696	AF-P60484-F1-model_v4.pdb	207
P60484	207	S	Q	0.624686153122103	AF-P60484-F1-model_v4.pdb	207
P60484	207	S	G	0.96618690076696	AF-P60484-F1-model_v4.pdb	207
P60484	207	S	L	0.9773642346099152	AF-P60484-F1-model_v4.pdb	207
P60484	207	S	P	0.947368504447091	AF-P60484-F1-model_v4.pdb	207
P60484	207	S	V	1.02040888872363	AF-P60484-F1-model_v4.pdb	207
P60484	208	G	F	0.75042292644152	AF-P60484-F1-model_v4.pdb	208
P60484	208	G	A	0.971452894438765	AF-P60484-F1-model_v4.pdb	208
P60484	208	G	E	0.241023774156418	AF-P60484-F1-model_v4.pdb	208
P60484	208	G	Y	1.06095259595004	AF-P60484-F1-model_v4.pdb	208
P60484	208	G	T	0.7378679907664301	AF-P60484-F1-model_v4.pdb	208
P60484	208	G	C	0.924594555523232	AF-P60484-F1-model_v4.pdb	208
P60484	208	G	S	1.0322663821090998	AF-P60484-F1-model_v4.pdb	208
P60484	208	G	R	0.7027924388285061	AF-P60484-F1-model_v4.pdb	208
P60484	208	G	Q	0.53397392532206	AF-P60484-F1-model_v4.pdb	208
P60484	208	G	N	0.8019861653937329	AF-P60484-F1-model_v4.pdb	208
P60484	208	G	M	0.879174405613027	AF-P60484-F1-model_v4.pdb	208
P60484	208	G	L	0.8564666526989301	AF-P60484-F1-model_v4.pdb	208
P60484	208	G	I	0.642041634052164	AF-P60484-F1-model_v4.pdb	208
P60484	208	G	D	1.02787955811875	AF-P60484-F1-model_v4.pdb	208
P60484	208	G	V	0.7888899093789481	AF-P60484-F1-model_v4.pdb	208
P60484	209	G	*	0.060180889941363	AF-P60484-F1-model_v4.pdb	209
P60484	209	G	V	0.934435385540958	AF-P60484-F1-model_v4.pdb	209
P60484	209	G	A	1.04176048243202	AF-P60484-F1-model_v4.pdb	209
P60484	209	G	D	0.8486331988706108	AF-P60484-F1-model_v4.pdb	209
P60484	209	G	S	0.901152678589447	AF-P60484-F1-model_v4.pdb	209
P60484	209	G	E	1.06986220862447	AF-P60484-F1-model_v4.pdb	209
P60484	209	G	F	0.644909692504334	AF-P60484-F1-model_v4.pdb	209
P60484	209	G	L	0.930722227714604	AF-P60484-F1-model_v4.pdb	209
P60484	209	G	R	0.8986125744599891	AF-P60484-F1-model_v4.pdb	209
P60484	209	G	M	0.550628191961568	AF-P60484-F1-model_v4.pdb	209
P60484	209	G	N	1.15674747931189	AF-P60484-F1-model_v4.pdb	209
P60484	209	G	P	0.8186112432666091	AF-P60484-F1-model_v4.pdb	209
P60484	209	G	C	0.763361764491989	AF-P60484-F1-model_v4.pdb	209
P60484	209	G	W	0.731435271156496	AF-P60484-F1-model_v4.pdb	209
P60484	210	T	*	0.154432991070466	AF-P60484-F1-model_v4.pdb	210
P60484	210	T	R	0.433474742047111	AF-P60484-F1-model_v4.pdb	210
P60484	210	T	M	0.850687253743065	AF-P60484-F1-model_v4.pdb	210
P60484	210	T	L	0.751380134238883	AF-P60484-F1-model_v4.pdb	210
P60484	210	T	K	0.627873664533027	AF-P60484-F1-model_v4.pdb	210
P60484	210	T	G	0.904233462755524	AF-P60484-F1-model_v4.pdb	210
P60484	210	T	E	1.11238940774377	AF-P60484-F1-model_v4.pdb	210
P60484	210	T	D	1.17300223743404	AF-P60484-F1-model_v4.pdb	210
P60484	210	T	V	0.868312315496631	AF-P60484-F1-model_v4.pdb	210
P60484	210	T	S	1.2656709796268302	AF-P60484-F1-model_v4.pdb	210
P60484	211	C	V	0.791159456292315	AF-P60484-F1-model_v4.pdb	211
P60484	211	C	*	-0.0621686456543476	AF-P60484-F1-model_v4.pdb	211
P60484	211	C	T	0.511030848971937	AF-P60484-F1-model_v4.pdb	211
P60484	211	C	P	0.744171503635572	AF-P60484-F1-model_v4.pdb	211
P60484	211	C	R	0.4568830632490201	AF-P60484-F1-model_v4.pdb	211
P60484	211	C	S	0.635804890219984	AF-P60484-F1-model_v4.pdb	211
P60484	211	C	D	0.662831968110162	AF-P60484-F1-model_v4.pdb	211
P60484	211	C	F	1.00490140416082	AF-P60484-F1-model_v4.pdb	211
P60484	211	C	G	0.58080582220684	AF-P60484-F1-model_v4.pdb	211
P60484	211	C	L	0.7373856263418279	AF-P60484-F1-model_v4.pdb	211
P60484	211	C	A	0.8056633180924859	AF-P60484-F1-model_v4.pdb	211
P60484	211	C	N	0.312975414061396	AF-P60484-F1-model_v4.pdb	211
P60484	211	C	M	0.5484086547851861	AF-P60484-F1-model_v4.pdb	211
P60484	212	N	L	0.723161855485367	AF-P60484-F1-model_v4.pdb	212
P60484	212	N	K	0.3939296749824121	AF-P60484-F1-model_v4.pdb	212
P60484	212	N	*	0.205481428360553	AF-P60484-F1-model_v4.pdb	212
P60484	212	N	A	0.544443398838423	AF-P60484-F1-model_v4.pdb	212
P60484	212	N	F	0.93169285937833	AF-P60484-F1-model_v4.pdb	212
P60484	212	N	Y	1.16792659804391	AF-P60484-F1-model_v4.pdb	212
P60484	212	N	R	0.7599185592773481	AF-P60484-F1-model_v4.pdb	212
P60484	212	N	Q	0.8621632414065	AF-P60484-F1-model_v4.pdb	212
P60484	212	N	P	0.245966039323495	AF-P60484-F1-model_v4.pdb	212
P60484	212	N	M	1.0217613982211	AF-P60484-F1-model_v4.pdb	212
P60484	212	N	G	0.562152174371083	AF-P60484-F1-model_v4.pdb	212
P60484	212	N	V	0.854929841364556	AF-P60484-F1-model_v4.pdb	212
P60484	213	P	L	0.7383909669019	AF-P60484-F1-model_v4.pdb	213
P60484	213	P	M	0.8267182292858108	AF-P60484-F1-model_v4.pdb	213
P60484	213	P	K	0.226498970041135	AF-P60484-F1-model_v4.pdb	213
P60484	213	P	R	0.375717556444486	AF-P60484-F1-model_v4.pdb	213
P60484	213	P	V	0.903194240306509	AF-P60484-F1-model_v4.pdb	213
P60484	213	P	W	0.6242849953313651	AF-P60484-F1-model_v4.pdb	213
P60484	213	P	Y	1.01907312703854	AF-P60484-F1-model_v4.pdb	213
P60484	213	P	G	0.315500458156065	AF-P60484-F1-model_v4.pdb	213
P60484	213	P	A	0.5383503739068201	AF-P60484-F1-model_v4.pdb	213
P60484	213	P	E	0.249163686224506	AF-P60484-F1-model_v4.pdb	213
P60484	213	P	F	0.800780821518067	AF-P60484-F1-model_v4.pdb	213
P60484	214	Q	K	0.5330672899457329	AF-P60484-F1-model_v4.pdb	214
P60484	214	Q	T	1.14427964819823	AF-P60484-F1-model_v4.pdb	214
P60484	214	Q	S	1.0097526724896702	AF-P60484-F1-model_v4.pdb	214
P60484	214	Q	R	0.8896297440624821	AF-P60484-F1-model_v4.pdb	214
P60484	214	Q	L	0.8946442666107259	AF-P60484-F1-model_v4.pdb	214
P60484	214	Q	P	0.202588994765777	AF-P60484-F1-model_v4.pdb	214
P60484	214	Q	C	0.913855397661383	AF-P60484-F1-model_v4.pdb	214
P60484	214	Q	E	0.938767681321246	AF-P60484-F1-model_v4.pdb	214
P60484	214	Q	F	0.8727733018118841	AF-P60484-F1-model_v4.pdb	214
P60484	214	Q	G	0.9156373588191608	AF-P60484-F1-model_v4.pdb	214
P60484	214	Q	I	0.9442143697346728	AF-P60484-F1-model_v4.pdb	214
P60484	214	Q	M	1.12999406529416	AF-P60484-F1-model_v4.pdb	214
P60484	214	Q	A	1.1200991428653402	AF-P60484-F1-model_v4.pdb	214
P60484	214	Q	V	0.988505010720138	AF-P60484-F1-model_v4.pdb	214
P60484	215	F	L	0.860567221928246	AF-P60484-F1-model_v4.pdb	215
P60484	215	F	D	0.0781090341662568	AF-P60484-F1-model_v4.pdb	215
P60484	215	F	Y	1.03119027913026	AF-P60484-F1-model_v4.pdb	215
P60484	215	F	*	0.0821428171781132	AF-P60484-F1-model_v4.pdb	215
P60484	215	F	V	0.971247210379063	AF-P60484-F1-model_v4.pdb	215
P60484	215	F	T	0.350375353388163	AF-P60484-F1-model_v4.pdb	215
P60484	215	F	R	0.232188504267562	AF-P60484-F1-model_v4.pdb	215
P60484	215	F	P	0.329315924640028	AF-P60484-F1-model_v4.pdb	215
P60484	215	F	S	0.359348687114536	AF-P60484-F1-model_v4.pdb	215
P60484	215	F	M	0.7830476665167599	AF-P60484-F1-model_v4.pdb	215
P60484	215	F	A	0.45489890055196	AF-P60484-F1-model_v4.pdb	215
P60484	215	F	K	0.251592242172692	AF-P60484-F1-model_v4.pdb	215
P60484	215	F	I	0.983278629704393	AF-P60484-F1-model_v4.pdb	215
P60484	215	F	G	0.223427119748416	AF-P60484-F1-model_v4.pdb	215
P60484	215	F	E	0.2667258578538539	AF-P60484-F1-model_v4.pdb	215
P60484	215	F	N	0.227666935823912	AF-P60484-F1-model_v4.pdb	215
P60484	216	V	N	1.1818970079319098	AF-P60484-F1-model_v4.pdb	216
P60484	216	V	Y	0.7147276989389398	AF-P60484-F1-model_v4.pdb	216
P60484	216	V	W	0.707352386854261	AF-P60484-F1-model_v4.pdb	216
P60484	216	V	R	0.9691988074906492	AF-P60484-F1-model_v4.pdb	216
P60484	216	V	P	0.472423781203425	AF-P60484-F1-model_v4.pdb	216
P60484	216	V	M	-0.0550059012532938	AF-P60484-F1-model_v4.pdb	216
P60484	216	V	S	1.05810020834179	AF-P60484-F1-model_v4.pdb	216
P60484	216	V	L	0.7347885192109421	AF-P60484-F1-model_v4.pdb	216
P60484	216	V	I	1.04426822710455	AF-P60484-F1-model_v4.pdb	216
P60484	216	V	G	0.513163933085225	AF-P60484-F1-model_v4.pdb	216
P60484	216	V	F	0.972755139750504	AF-P60484-F1-model_v4.pdb	216
P60484	216	V	C	1.15517587734923	AF-P60484-F1-model_v4.pdb	216
P60484	216	V	A	0.8531314781054621	AF-P60484-F1-model_v4.pdb	216
P60484	217	V	*	0.0121279895481039	AF-P60484-F1-model_v4.pdb	217
P60484	217	V	T	0.276234225009301	AF-P60484-F1-model_v4.pdb	217
P60484	217	V	S	0.5006316747516161	AF-P60484-F1-model_v4.pdb	217
P60484	217	V	R	0.23238488529785	AF-P60484-F1-model_v4.pdb	217
P60484	217	V	Q	0.230262935578385	AF-P60484-F1-model_v4.pdb	217
P60484	217	V	P	0.0934374707994273	AF-P60484-F1-model_v4.pdb	217
P60484	217	V	N	0.18144117174395	AF-P60484-F1-model_v4.pdb	217
P60484	217	V	L	0.469741254734583	AF-P60484-F1-model_v4.pdb	217
P60484	217	V	M	0.303624235008955	AF-P60484-F1-model_v4.pdb	217
P60484	217	V	I	1.07449779961095	AF-P60484-F1-model_v4.pdb	217
P60484	217	V	H	0.27301958575043	AF-P60484-F1-model_v4.pdb	217
P60484	217	V	G	0.211952151553466	AF-P60484-F1-model_v4.pdb	217
P60484	217	V	F	0.5025890564769411	AF-P60484-F1-model_v4.pdb	217
P60484	217	V	E	0.2878493895757561	AF-P60484-F1-model_v4.pdb	217
P60484	217	V	A	0.14196763816659	AF-P60484-F1-model_v4.pdb	217
P60484	217	V	K	0.250458978312517	AF-P60484-F1-model_v4.pdb	217
P60484	218	C	Y	1.2054426126155902	AF-P60484-F1-model_v4.pdb	218
P60484	218	C	P	0.338762321392956	AF-P60484-F1-model_v4.pdb	218
P60484	218	C	W	0.41762365331075	AF-P60484-F1-model_v4.pdb	218
P60484	218	C	V	0.760863042194375	AF-P60484-F1-model_v4.pdb	218
P60484	218	C	T	1.0501943466757	AF-P60484-F1-model_v4.pdb	218
P60484	218	C	S	1.1089113444786	AF-P60484-F1-model_v4.pdb	218
P60484	218	C	R	1.01990238001752	AF-P60484-F1-model_v4.pdb	218
P60484	218	C	Q	0.8922988510115629	AF-P60484-F1-model_v4.pdb	218
P60484	218	C	L	0.970499123181663	AF-P60484-F1-model_v4.pdb	218
P60484	218	C	M	1.19941599177333	AF-P60484-F1-model_v4.pdb	218
P60484	218	C	H	0.8598249830516508	AF-P60484-F1-model_v4.pdb	218
P60484	218	C	G	0.6715686682925589	AF-P60484-F1-model_v4.pdb	218
P60484	218	C	F	0.8525054802466642	AF-P60484-F1-model_v4.pdb	218
P60484	218	C	I	0.9673920091740972	AF-P60484-F1-model_v4.pdb	218
P60484	218	C	E	0.981399244496132	AF-P60484-F1-model_v4.pdb	218
P60484	218	C	D	0.7130928740340792	AF-P60484-F1-model_v4.pdb	218
P60484	218	C	A	0.8662288034934109	AF-P60484-F1-model_v4.pdb	218
P60484	219	Q	T	0.90300904282017	AF-P60484-F1-model_v4.pdb	219
P60484	219	Q	W	0.685739524557084	AF-P60484-F1-model_v4.pdb	219
P60484	219	Q	V	0.9165424021846508	AF-P60484-F1-model_v4.pdb	219
P60484	219	Q	R	0.6776662621528199	AF-P60484-F1-model_v4.pdb	219
P60484	219	Q	P	0.382283192557401	AF-P60484-F1-model_v4.pdb	219
P60484	219	Q	K	0.7497692658227791	AF-P60484-F1-model_v4.pdb	219
P60484	219	Q	L	0.8236891884311031	AF-P60484-F1-model_v4.pdb	219
P60484	219	Q	G	0.785293104949343	AF-P60484-F1-model_v4.pdb	219
P60484	219	Q	M	0.926370481116878	AF-P60484-F1-model_v4.pdb	219
P60484	220	L	M	0.919212567381356	AF-P60484-F1-model_v4.pdb	220
P60484	220	L	V	0.891234368830458	AF-P60484-F1-model_v4.pdb	220
P60484	220	L	Y	0.57766287328066	AF-P60484-F1-model_v4.pdb	220
P60484	220	L	P	1.1418526131164	AF-P60484-F1-model_v4.pdb	220
P60484	220	L	I	0.71539082997144	AF-P60484-F1-model_v4.pdb	220
P60484	220	L	R	0.705498330840229	AF-P60484-F1-model_v4.pdb	220
P60484	220	L	D	1.34053196322723	AF-P60484-F1-model_v4.pdb	220
P60484	220	L	A	1.17211967000673	AF-P60484-F1-model_v4.pdb	220
P60484	220	L	F	1.12733839778374	AF-P60484-F1-model_v4.pdb	220
P60484	222	V	S	1.07610097596206	AF-P60484-F1-model_v4.pdb	222
P60484	222	V	L	0.9767103638749072	AF-P60484-F1-model_v4.pdb	222
P60484	222	V	W	0.880844287095692	AF-P60484-F1-model_v4.pdb	222
P60484	222	V	*	-0.0397374968929999	AF-P60484-F1-model_v4.pdb	222
P60484	222	V	R	0.877857538561092	AF-P60484-F1-model_v4.pdb	222
P60484	222	V	H	1.2445650591851398	AF-P60484-F1-model_v4.pdb	222
P60484	222	V	A	1.12527159885526	AF-P60484-F1-model_v4.pdb	222
P60484	222	V	E	0.925460938878303	AF-P60484-F1-model_v4.pdb	222
P60484	222	V	C	0.810498095987366	AF-P60484-F1-model_v4.pdb	222
P60484	222	V	G	0.974502917005809	AF-P60484-F1-model_v4.pdb	222
P60484	223	K	*	-0.0062271323296895	AF-P60484-F1-model_v4.pdb	223
P60484	223	K	W	0.7882159751050369	AF-P60484-F1-model_v4.pdb	223
P60484	223	K	V	0.958116607162615	AF-P60484-F1-model_v4.pdb	223
P60484	223	K	T	1.19738052099852	AF-P60484-F1-model_v4.pdb	223
P60484	223	K	R	0.977411224966575	AF-P60484-F1-model_v4.pdb	223
P60484	223	K	L	0.708819541287552	AF-P60484-F1-model_v4.pdb	223
P60484	223	K	G	0.7113632189622271	AF-P60484-F1-model_v4.pdb	223
P60484	223	K	F	0.7287098084887041	AF-P60484-F1-model_v4.pdb	223
P60484	223	K	C	1.03910020373378	AF-P60484-F1-model_v4.pdb	223
P60484	223	K	A	0.8115232483593409	AF-P60484-F1-model_v4.pdb	223
P60484	223	K	Y	0.4469520966341369	AF-P60484-F1-model_v4.pdb	223
P60484	223	K	H	0.890865750577491	AF-P60484-F1-model_v4.pdb	223
P60484	224	I	P	0.7350077548008929	AF-P60484-F1-model_v4.pdb	224
P60484	224	I	Q	0.7228134009459419	AF-P60484-F1-model_v4.pdb	224
P60484	224	I	*	0.1643969638222399	AF-P60484-F1-model_v4.pdb	224
P60484	224	I	M	0.8657329729952971	AF-P60484-F1-model_v4.pdb	224
P60484	224	I	V	0.7455209160688541	AF-P60484-F1-model_v4.pdb	224
P60484	224	I	T	0.619655031090164	AF-P60484-F1-model_v4.pdb	224
P60484	224	I	S	0.746883367884335	AF-P60484-F1-model_v4.pdb	224
P60484	224	I	L	0.978022282416341	AF-P60484-F1-model_v4.pdb	224
P60484	224	I	R	0.807751953033688	AF-P60484-F1-model_v4.pdb	224
P60484	224	I	G	0.437601443152637	AF-P60484-F1-model_v4.pdb	224
P60484	224	I	H	0.568451646417149	AF-P60484-F1-model_v4.pdb	224
P60484	224	I	C	1.07341318825345	AF-P60484-F1-model_v4.pdb	224
P60484	224	I	A	0.6182235592773111	AF-P60484-F1-model_v4.pdb	224
P60484	224	I	E	0.563006992392267	AF-P60484-F1-model_v4.pdb	224
P60484	224	I	D	0.627911321175135	AF-P60484-F1-model_v4.pdb	224
P60484	224	I	F	0.459652550825307	AF-P60484-F1-model_v4.pdb	224
P60484	225	Y	V	0.369319854757757	AF-P60484-F1-model_v4.pdb	225
P60484	225	Y	P	0.481620181073254	AF-P60484-F1-model_v4.pdb	225
P60484	225	Y	L	0.956593205315638	AF-P60484-F1-model_v4.pdb	225
P60484	225	Y	K	0.5385744808349621	AF-P60484-F1-model_v4.pdb	225
P60484	225	Y	I	0.449163353417183	AF-P60484-F1-model_v4.pdb	225
P60484	225	Y	H	0.830331455107287	AF-P60484-F1-model_v4.pdb	225
P60484	225	Y	R	0.501945714023735	AF-P60484-F1-model_v4.pdb	225
P60484	225	Y	E	0.2956785766967619	AF-P60484-F1-model_v4.pdb	225
P60484	225	Y	D	0.4133811564994169	AF-P60484-F1-model_v4.pdb	225
P60484	225	Y	A	0.6399936227416511	AF-P60484-F1-model_v4.pdb	225
P60484	225	Y	G	0.464999799620604	AF-P60484-F1-model_v4.pdb	225
P60484	226	S	*	-0.0005707203670435	AF-P60484-F1-model_v4.pdb	226
P60484	226	S	W	0.471814643960672	AF-P60484-F1-model_v4.pdb	226
P60484	226	S	V	0.781840210488565	AF-P60484-F1-model_v4.pdb	226
P60484	226	S	T	1.18108214114975	AF-P60484-F1-model_v4.pdb	226
P60484	226	S	R	0.700715550549017	AF-P60484-F1-model_v4.pdb	226
P60484	226	S	M	0.7909281308151809	AF-P60484-F1-model_v4.pdb	226
P60484	226	S	L	0.498595002525863	AF-P60484-F1-model_v4.pdb	226
P60484	226	S	G	0.890672316155957	AF-P60484-F1-model_v4.pdb	226
P60484	226	S	F	0.515485496198794	AF-P60484-F1-model_v4.pdb	226
P60484	226	S	E	1.160279744351	AF-P60484-F1-model_v4.pdb	226
P60484	226	S	D	0.9486593707456392	AF-P60484-F1-model_v4.pdb	226
P60484	226	S	K	0.634275290086761	AF-P60484-F1-model_v4.pdb	226
P60484	227	S	Y	0.9078646004306998	AF-P60484-F1-model_v4.pdb	227
P60484	227	S	P	0.186517999706154	AF-P60484-F1-model_v4.pdb	227
P60484	227	S	V	0.5121518119199691	AF-P60484-F1-model_v4.pdb	227
P60484	227	S	N	-0.2234863301820669	AF-P60484-F1-model_v4.pdb	227
P60484	227	S	L	0.5932066309269179	AF-P60484-F1-model_v4.pdb	227
P60484	227	S	G	0.884512977867649	AF-P60484-F1-model_v4.pdb	227
P60484	228	N	Y	0.92568202389792	AF-P60484-F1-model_v4.pdb	228
P60484	228	N	*	0.0990233650107267	AF-P60484-F1-model_v4.pdb	228
P60484	228	N	V	0.7108095856500072	AF-P60484-F1-model_v4.pdb	228
P60484	228	N	T	1.07208201918805	AF-P60484-F1-model_v4.pdb	228
P60484	228	N	S	1.0654640962378	AF-P60484-F1-model_v4.pdb	228
P60484	228	N	R	0.8188179109838091	AF-P60484-F1-model_v4.pdb	228
P60484	228	N	Q	1.07494836381411	AF-P60484-F1-model_v4.pdb	228
P60484	228	N	P	1.31990125985672	AF-P60484-F1-model_v4.pdb	228
P60484	228	N	L	1.08963544298498	AF-P60484-F1-model_v4.pdb	228
P60484	228	N	K	0.8014657311992571	AF-P60484-F1-model_v4.pdb	228
P60484	228	N	M	0.9184194083527378	AF-P60484-F1-model_v4.pdb	228
P60484	228	N	H	1.062430459861	AF-P60484-F1-model_v4.pdb	228
P60484	228	N	G	0.982506670119119	AF-P60484-F1-model_v4.pdb	228
P60484	228	N	F	1.08926502851095	AF-P60484-F1-model_v4.pdb	228
P60484	228	N	E	1.01792135159936	AF-P60484-F1-model_v4.pdb	228
P60484	228	N	D	0.8795572080883258	AF-P60484-F1-model_v4.pdb	228
P60484	228	N	C	0.930588358321388	AF-P60484-F1-model_v4.pdb	228
P60484	228	N	A	1.04308288914671	AF-P60484-F1-model_v4.pdb	228
P60484	228	N	I	0.790147229289977	AF-P60484-F1-model_v4.pdb	228
P60484	229	S	L	1.04071478813095	AF-P60484-F1-model_v4.pdb	229
P60484	229	S	P	0.8119703164953791	AF-P60484-F1-model_v4.pdb	229
P60484	229	S	V	0.96374561796996	AF-P60484-F1-model_v4.pdb	229
P60484	229	S	R	0.6959625279942049	AF-P60484-F1-model_v4.pdb	229
P60484	229	S	*	0.0310644726721357	AF-P60484-F1-model_v4.pdb	229
P60484	229	S	M	0.911664648881148	AF-P60484-F1-model_v4.pdb	229
P60484	229	S	Y	0.832776101343155	AF-P60484-F1-model_v4.pdb	229
P60484	229	S	K	0.86340669147209	AF-P60484-F1-model_v4.pdb	229
P60484	229	S	F	1.11514125785748	AF-P60484-F1-model_v4.pdb	229
P60484	229	S	H	0.7217953629487259	AF-P60484-F1-model_v4.pdb	229
P60484	229	S	I	1.01555710548718	AF-P60484-F1-model_v4.pdb	229
P60484	229	S	E	1.13806060160773	AF-P60484-F1-model_v4.pdb	229
P60484	229	S	G	1.00277589392532	AF-P60484-F1-model_v4.pdb	229
P60484	229	S	A	1.09115370632022	AF-P60484-F1-model_v4.pdb	229
P60484	230	G	T	0.826235510374943	AF-P60484-F1-model_v4.pdb	230
P60484	230	G	S	0.6260643203853941	AF-P60484-F1-model_v4.pdb	230
P60484	230	G	R	0.785968084240793	AF-P60484-F1-model_v4.pdb	230
P60484	230	G	M	0.375464667637979	AF-P60484-F1-model_v4.pdb	230
P60484	230	G	E	1.00030270785019	AF-P60484-F1-model_v4.pdb	230
P60484	230	G	C	0.659865206174826	AF-P60484-F1-model_v4.pdb	230
P60484	230	G	V	1.03908785592278	AF-P60484-F1-model_v4.pdb	230
P60484	231	P	Y	0.7350045622107421	AF-P60484-F1-model_v4.pdb	231
P60484	231	P	A	1.00801662387151	AF-P60484-F1-model_v4.pdb	231
P60484	231	P	*	0.544204079242262	AF-P60484-F1-model_v4.pdb	231
P60484	231	P	V	0.7832069905299219	AF-P60484-F1-model_v4.pdb	231
P60484	231	P	T	0.7523568350806241	AF-P60484-F1-model_v4.pdb	231
P60484	231	P	C	1.12399685076621	AF-P60484-F1-model_v4.pdb	231
P60484	231	P	D	1.07070709948796	AF-P60484-F1-model_v4.pdb	231
P60484	231	P	R	0.6268002232425239	AF-P60484-F1-model_v4.pdb	231
P60484	231	P	N	0.6340434584625569	AF-P60484-F1-model_v4.pdb	231
P60484	231	P	M	0.8764261370219592	AF-P60484-F1-model_v4.pdb	231
P60484	231	P	L	0.9931596864128648	AF-P60484-F1-model_v4.pdb	231
P60484	231	P	K	0.382134660197618	AF-P60484-F1-model_v4.pdb	231
P60484	231	P	E	1.04199900333107	AF-P60484-F1-model_v4.pdb	231
P60484	231	P	I	0.6770465946778421	AF-P60484-F1-model_v4.pdb	231
P60484	231	P	G	0.6928400053351839	AF-P60484-F1-model_v4.pdb	231
P60484	231	P	F	0.98169470847384	AF-P60484-F1-model_v4.pdb	231
P60484	231	P	S	0.730660804477591	AF-P60484-F1-model_v4.pdb	231
P60484	232	T	C	0.57736442786754	AF-P60484-F1-model_v4.pdb	232
P60484	232	T	F	0.994377456926859	AF-P60484-F1-model_v4.pdb	232
P60484	232	T	Y	0.682948586110864	AF-P60484-F1-model_v4.pdb	232
P60484	232	T	G	0.592969986059063	AF-P60484-F1-model_v4.pdb	232
P60484	232	T	V	0.7308439366198941	AF-P60484-F1-model_v4.pdb	232
P60484	232	T	I	0.8082286104480859	AF-P60484-F1-model_v4.pdb	232
P60484	232	T	L	0.71519692073746	AF-P60484-F1-model_v4.pdb	232
P60484	232	T	M	1.05183662247108	AF-P60484-F1-model_v4.pdb	232
P60484	232	T	S	1.1246392848855	AF-P60484-F1-model_v4.pdb	232
P60484	232	T	N	0.6719578187315189	AF-P60484-F1-model_v4.pdb	232
P60484	232	T	A	0.7686360826188791	AF-P60484-F1-model_v4.pdb	232
P60484	232	T	R	0.571825898000745	AF-P60484-F1-model_v4.pdb	232
P60484	233	R	P	0.4919233468247029	AF-P60484-F1-model_v4.pdb	233
P60484	233	R	G	0.810825981279141	AF-P60484-F1-model_v4.pdb	233
P60484	233	R	V	1.07065988763758	AF-P60484-F1-model_v4.pdb	233
P60484	233	R	*	0.28990437695214	AF-P60484-F1-model_v4.pdb	233
P60484	234	R	Q	1.2400258748893995	AF-P60484-F1-model_v4.pdb	234
P60484	234	R	N	0.8107767574402641	AF-P60484-F1-model_v4.pdb	234
P60484	234	R	G	0.7466744831515649	AF-P60484-F1-model_v4.pdb	234
P60484	234	R	V	1.01906328176002	AF-P60484-F1-model_v4.pdb	234
P60484	234	R	S	1.21466004884964	AF-P60484-F1-model_v4.pdb	234
P60484	234	R	M	0.8393558307193341	AF-P60484-F1-model_v4.pdb	234
P60484	234	R	E	0.9566114129649472	AF-P60484-F1-model_v4.pdb	234
P60484	234	R	L	0.8974788427562271	AF-P60484-F1-model_v4.pdb	234
P60484	235	E	Y	0.6766475307916011	AF-P60484-F1-model_v4.pdb	235
P60484	235	E	D	0.980104368153331	AF-P60484-F1-model_v4.pdb	235
P60484	235	E	A	0.735318809042148	AF-P60484-F1-model_v4.pdb	235
P60484	235	E	*	0.174778058894012	AF-P60484-F1-model_v4.pdb	235
P60484	235	E	W	0.6851975838386429	AF-P60484-F1-model_v4.pdb	235
P60484	235	E	V	1.16033188593342	AF-P60484-F1-model_v4.pdb	235
P60484	235	E	S	1.0357327127046	AF-P60484-F1-model_v4.pdb	235
P60484	235	E	R	0.8167565221013771	AF-P60484-F1-model_v4.pdb	235
P60484	235	E	Q	0.669092675009312	AF-P60484-F1-model_v4.pdb	235
P60484	235	E	T	0.9151349738879828	AF-P60484-F1-model_v4.pdb	235
P60484	235	E	N	0.9881865131498848	AF-P60484-F1-model_v4.pdb	235
P60484	235	E	L	0.754395302318512	AF-P60484-F1-model_v4.pdb	235
P60484	235	E	K	0.840447905508575	AF-P60484-F1-model_v4.pdb	235
P60484	235	E	I	0.798281067832798	AF-P60484-F1-model_v4.pdb	235
P60484	235	E	H	0.7799724698822591	AF-P60484-F1-model_v4.pdb	235
P60484	235	E	G	1.0015232328339598	AF-P60484-F1-model_v4.pdb	235
P60484	235	E	P	0.4272358837802561	AF-P60484-F1-model_v4.pdb	235
P60484	236	D	M	0.654978070782411	AF-P60484-F1-model_v4.pdb	236
P60484	236	D	*	-0.0043678864228871	AF-P60484-F1-model_v4.pdb	236
P60484	236	D	V	0.487043297714837	AF-P60484-F1-model_v4.pdb	236
P60484	236	D	T	0.671762279708572	AF-P60484-F1-model_v4.pdb	236
P60484	236	D	S	0.854998871996099	AF-P60484-F1-model_v4.pdb	236
P60484	236	D	R	0.643559196767594	AF-P60484-F1-model_v4.pdb	236
P60484	236	D	P	0.769593674917068	AF-P60484-F1-model_v4.pdb	236
P60484	236	D	L	0.611624056847408	AF-P60484-F1-model_v4.pdb	236
P60484	236	D	N	0.602299502511524	AF-P60484-F1-model_v4.pdb	236
P60484	236	D	I	0.548987743719656	AF-P60484-F1-model_v4.pdb	236
P60484	236	D	H	0.804146121613007	AF-P60484-F1-model_v4.pdb	236
P60484	236	D	G	0.923365840780096	AF-P60484-F1-model_v4.pdb	236
P60484	236	D	F	0.558126739401568	AF-P60484-F1-model_v4.pdb	236
P60484	236	D	E	1.00540272937462	AF-P60484-F1-model_v4.pdb	236
P60484	236	D	C	0.624439115947444	AF-P60484-F1-model_v4.pdb	236
P60484	236	D	A	0.8941375613799329	AF-P60484-F1-model_v4.pdb	236
P60484	236	D	K	0.7889764927053841	AF-P60484-F1-model_v4.pdb	236
P60484	237	K	W	0.543886391005624	AF-P60484-F1-model_v4.pdb	237
P60484	237	K	T	0.7194265140532919	AF-P60484-F1-model_v4.pdb	237
P60484	237	K	P	0.952690362777449	AF-P60484-F1-model_v4.pdb	237
P60484	237	K	R	0.8242527055829508	AF-P60484-F1-model_v4.pdb	237
P60484	237	K	L	1.0568581280944	AF-P60484-F1-model_v4.pdb	237
P60484	237	K	I	0.2826650059329489	AF-P60484-F1-model_v4.pdb	237
P60484	237	K	G	1.05352449860314	AF-P60484-F1-model_v4.pdb	237
P60484	237	K	M	1.26831520746157	AF-P60484-F1-model_v4.pdb	237
P60484	237	K	V	0.671994121469305	AF-P60484-F1-model_v4.pdb	237
P60484	238	F	T	1.07016851621342	AF-P60484-F1-model_v4.pdb	238
P60484	238	F	V	1.01170111563752	AF-P60484-F1-model_v4.pdb	238
P60484	238	F	Y	1.08286640850517	AF-P60484-F1-model_v4.pdb	238
P60484	238	F	L	0.848841415882121	AF-P60484-F1-model_v4.pdb	238
P60484	238	F	K	0.6999246693770501	AF-P60484-F1-model_v4.pdb	238
P60484	238	F	H	1.05998743093902	AF-P60484-F1-model_v4.pdb	238
P60484	238	F	G	0.7928186858873699	AF-P60484-F1-model_v4.pdb	238
P60484	238	F	D	0.6006397160191751	AF-P60484-F1-model_v4.pdb	238
P60484	238	F	C	1.20163483893472	AF-P60484-F1-model_v4.pdb	238
P60484	238	F	A	0.7921050018059829	AF-P60484-F1-model_v4.pdb	238
P60484	238	F	R	0.987138009626875	AF-P60484-F1-model_v4.pdb	238
P60484	238	F	P	0.1769660810898189	AF-P60484-F1-model_v4.pdb	238
P60484	238	F	M	0.996982608795519	AF-P60484-F1-model_v4.pdb	238
P60484	239	M	S	0.307051745878972	AF-P60484-F1-model_v4.pdb	239
P60484	239	M	C	0.5780696048019549	AF-P60484-F1-model_v4.pdb	239
P60484	239	M	D	0.4068079620320309	AF-P60484-F1-model_v4.pdb	239
P60484	239	M	F	0.8228716912920492	AF-P60484-F1-model_v4.pdb	239
P60484	239	M	G	0.256497873877481	AF-P60484-F1-model_v4.pdb	239
P60484	239	M	H	0.41584177827546	AF-P60484-F1-model_v4.pdb	239
P60484	239	M	L	0.981926041900156	AF-P60484-F1-model_v4.pdb	239
P60484	239	M	P	0.239740228267693	AF-P60484-F1-model_v4.pdb	239
P60484	239	M	R	0.289900502421181	AF-P60484-F1-model_v4.pdb	239
P60484	239	M	V	0.607130207112168	AF-P60484-F1-model_v4.pdb	239
P60484	239	M	W	0.8959689667726949	AF-P60484-F1-model_v4.pdb	239
P60484	239	M	Y	0.801985273813016	AF-P60484-F1-model_v4.pdb	239
P60484	240	Y	Q	0.698096004353802	AF-P60484-F1-model_v4.pdb	240
P60484	240	Y	R	0.391027065488044	AF-P60484-F1-model_v4.pdb	240
P60484	240	Y	T	0.8006519249443119	AF-P60484-F1-model_v4.pdb	240
P60484	240	Y	S	0.8895199698618391	AF-P60484-F1-model_v4.pdb	240
P60484	240	Y	W	1.36485138895376	AF-P60484-F1-model_v4.pdb	240
P60484	240	Y	M	1.03457451437552	AF-P60484-F1-model_v4.pdb	240
P60484	240	Y	V	0.8696440907006171	AF-P60484-F1-model_v4.pdb	240
P60484	240	Y	L	0.9850039401120532	AF-P60484-F1-model_v4.pdb	240
P60484	240	Y	P	0.251476313549414	AF-P60484-F1-model_v4.pdb	240
P60484	240	Y	I	0.9617171148318748	AF-P60484-F1-model_v4.pdb	240
P60484	240	Y	G	0.4110882604017249	AF-P60484-F1-model_v4.pdb	240
P60484	240	Y	F	0.8511081503481079	AF-P60484-F1-model_v4.pdb	240
P60484	240	Y	E	0.945525990508659	AF-P60484-F1-model_v4.pdb	240
P60484	240	Y	C	0.983113358601408	AF-P60484-F1-model_v4.pdb	240
P60484	240	Y	A	0.6785683413390601	AF-P60484-F1-model_v4.pdb	240
P60484	240	Y	K	0.507256546080214	AF-P60484-F1-model_v4.pdb	240
P60484	241	F	V	0.399506194254887	AF-P60484-F1-model_v4.pdb	241
P60484	241	F	S	0.167143979691373	AF-P60484-F1-model_v4.pdb	241
P60484	241	F	R	0.2445424421131629	AF-P60484-F1-model_v4.pdb	241
P60484	241	F	Q	0.422038120181078	AF-P60484-F1-model_v4.pdb	241
P60484	241	F	P	0.0356503599452722	AF-P60484-F1-model_v4.pdb	241
P60484	241	F	N	0.138088002263021	AF-P60484-F1-model_v4.pdb	241
P60484	241	F	M	0.386239378187163	AF-P60484-F1-model_v4.pdb	241
P60484	241	F	I	0.415524601933066	AF-P60484-F1-model_v4.pdb	241
P60484	241	F	K	-0.0312807999928994	AF-P60484-F1-model_v4.pdb	241
P60484	241	F	G	0.16415837475136	AF-P60484-F1-model_v4.pdb	241
P60484	241	F	D	0.291432941830237	AF-P60484-F1-model_v4.pdb	241
P60484	241	F	C	0.274066065493938	AF-P60484-F1-model_v4.pdb	241
P60484	241	F	A	0.234679811841995	AF-P60484-F1-model_v4.pdb	241
P60484	241	F	L	0.212891367489362	AF-P60484-F1-model_v4.pdb	241
P60484	242	E	G	0.330833790813963	AF-P60484-F1-model_v4.pdb	242
P60484	243	F	P	0.462628565987149	AF-P60484-F1-model_v4.pdb	243
P60484	243	F	R	0.229326999298134	AF-P60484-F1-model_v4.pdb	243
P60484	243	F	S	0.244443587975689	AF-P60484-F1-model_v4.pdb	243
P60484	243	F	W	0.543843369028449	AF-P60484-F1-model_v4.pdb	243
P60484	243	F	V	0.349641109172697	AF-P60484-F1-model_v4.pdb	243
P60484	243	F	Y	0.195864440767823	AF-P60484-F1-model_v4.pdb	243
P60484	243	F	N	0.132793499968615	AF-P60484-F1-model_v4.pdb	243
P60484	243	F	T	0.251549692675229	AF-P60484-F1-model_v4.pdb	243
P60484	243	F	M	0.8766257973950758	AF-P60484-F1-model_v4.pdb	243
P60484	243	F	Q	0.331922345307507	AF-P60484-F1-model_v4.pdb	243
P60484	243	F	K	0.212454119560498	AF-P60484-F1-model_v4.pdb	243
P60484	243	F	C	0.325984892034329	AF-P60484-F1-model_v4.pdb	243
P60484	243	F	D	0.2362771068136089	AF-P60484-F1-model_v4.pdb	243
P60484	243	F	E	0.124750038379575	AF-P60484-F1-model_v4.pdb	243
P60484	243	F	A	0.24856737684466	AF-P60484-F1-model_v4.pdb	243
P60484	243	F	L	0.831340748094006	AF-P60484-F1-model_v4.pdb	243
P60484	243	F	H	0.26540232265645	AF-P60484-F1-model_v4.pdb	243
P60484	243	F	I	0.7902893674410502	AF-P60484-F1-model_v4.pdb	243
P60484	243	F	G	0.172894992923318	AF-P60484-F1-model_v4.pdb	243
P60484	244	P	Y	0.7277097260951311	AF-P60484-F1-model_v4.pdb	244
P60484	244	P	N	0.8933441683936509	AF-P60484-F1-model_v4.pdb	244
P60484	244	P	*	0.1707393677513349	AF-P60484-F1-model_v4.pdb	244
P60484	244	P	W	0.4300114384902979	AF-P60484-F1-model_v4.pdb	244
P60484	244	P	V	0.701895925325902	AF-P60484-F1-model_v4.pdb	244
P60484	244	P	T	0.685854415037881	AF-P60484-F1-model_v4.pdb	244
P60484	244	P	S	0.911066976800166	AF-P60484-F1-model_v4.pdb	244
P60484	244	P	R	0.792271374230751	AF-P60484-F1-model_v4.pdb	244
P60484	244	P	Q	0.87374504283696	AF-P60484-F1-model_v4.pdb	244
P60484	244	P	M	0.756878911593495	AF-P60484-F1-model_v4.pdb	244
P60484	244	P	K	0.759735870643532	AF-P60484-F1-model_v4.pdb	244
P60484	244	P	I	0.487919218593761	AF-P60484-F1-model_v4.pdb	244
P60484	244	P	H	0.7914056861303629	AF-P60484-F1-model_v4.pdb	244
P60484	244	P	G	0.8028407198432571	AF-P60484-F1-model_v4.pdb	244
P60484	244	P	F	0.451625282350567	AF-P60484-F1-model_v4.pdb	244
P60484	244	P	E	0.958491363952968	AF-P60484-F1-model_v4.pdb	244
P60484	244	P	D	0.980811199063954	AF-P60484-F1-model_v4.pdb	244
P60484	244	P	C	0.475997765455737	AF-P60484-F1-model_v4.pdb	244
P60484	244	P	L	0.581363026810318	AF-P60484-F1-model_v4.pdb	244
P60484	245	Q	M	0.659167137447851	AF-P60484-F1-model_v4.pdb	245
P60484	245	Q	T	0.978654622416889	AF-P60484-F1-model_v4.pdb	245
P60484	245	Q	S	0.8663322214756008	AF-P60484-F1-model_v4.pdb	245
P60484	245	Q	V	0.8007024012052579	AF-P60484-F1-model_v4.pdb	245
P60484	245	Q	R	0.817963592821747	AF-P60484-F1-model_v4.pdb	245
P60484	245	Q	P	0.27919453720294	AF-P60484-F1-model_v4.pdb	245
P60484	245	Q	L	0.669372845132162	AF-P60484-F1-model_v4.pdb	245
P60484	245	Q	C	0.8309625991539991	AF-P60484-F1-model_v4.pdb	245
P60484	245	Q	I	0.579151805567186	AF-P60484-F1-model_v4.pdb	245
P60484	245	Q	G	0.713305711890087	AF-P60484-F1-model_v4.pdb	245
P60484	245	Q	E	0.991988070305652	AF-P60484-F1-model_v4.pdb	245
P60484	245	Q	D	1.06055746862408	AF-P60484-F1-model_v4.pdb	245
P60484	245	Q	A	0.951881010887485	AF-P60484-F1-model_v4.pdb	245
P60484	245	Q	K	0.890354127584838	AF-P60484-F1-model_v4.pdb	245
P60484	246	P	Y	0.2747843824557749	AF-P60484-F1-model_v4.pdb	246
P60484	246	P	V	0.3483594785757289	AF-P60484-F1-model_v4.pdb	246
P60484	246	P	T	0.340649088023553	AF-P60484-F1-model_v4.pdb	246
P60484	246	P	R	0.2086059774712889	AF-P60484-F1-model_v4.pdb	246
P60484	246	P	Q	0.359694185969476	AF-P60484-F1-model_v4.pdb	246
P60484	246	P	L	0.267038156658359	AF-P60484-F1-model_v4.pdb	246
P60484	246	P	G	0.4101957202482229	AF-P60484-F1-model_v4.pdb	246
P60484	246	P	E	0.250154434862421	AF-P60484-F1-model_v4.pdb	246
P60484	246	P	C	0.3205683206408	AF-P60484-F1-model_v4.pdb	246
P60484	246	P	A	0.961762270998186	AF-P60484-F1-model_v4.pdb	246
P60484	246	P	K	0.0639150790736883	AF-P60484-F1-model_v4.pdb	246
P60484	247	L	Q	0.515609341668424	AF-P60484-F1-model_v4.pdb	247
P60484	247	L	E	0.41189877073909	AF-P60484-F1-model_v4.pdb	247
P60484	247	L	G	0.277800111338043	AF-P60484-F1-model_v4.pdb	247
P60484	247	L	H	0.215683577653851	AF-P60484-F1-model_v4.pdb	247
P60484	247	L	M	0.5288872462777671	AF-P60484-F1-model_v4.pdb	247
P60484	247	L	P	-0.042831836928187	AF-P60484-F1-model_v4.pdb	247
P60484	247	L	T	0.38197865615363	AF-P60484-F1-model_v4.pdb	247
P60484	248	P	K	1.02636558509846	AF-P60484-F1-model_v4.pdb	248
P60484	248	P	G	0.6250051322550481	AF-P60484-F1-model_v4.pdb	248
P60484	248	P	T	1.11089463434365	AF-P60484-F1-model_v4.pdb	248
P60484	249	V	M	0.354515592543612	AF-P60484-F1-model_v4.pdb	249
P60484	249	V	E	0.269161808759136	AF-P60484-F1-model_v4.pdb	249
P60484	250	C	Y	0.885057592111537	AF-P60484-F1-model_v4.pdb	250
P60484	250	C	W	0.92941925168585	AF-P60484-F1-model_v4.pdb	250
P60484	250	C	V	1.18347642667351	AF-P60484-F1-model_v4.pdb	250
P60484	250	C	T	1.171663224475	AF-P60484-F1-model_v4.pdb	250
P60484	250	C	S	0.8434583460407449	AF-P60484-F1-model_v4.pdb	250
P60484	250	C	G	0.593148499517388	AF-P60484-F1-model_v4.pdb	250
P60484	250	C	E	0.9559637695913928	AF-P60484-F1-model_v4.pdb	250
P60484	252	D	V	0.330856866470537	AF-P60484-F1-model_v4.pdb	252
P60484	252	D	P	0.1975439223880189	AF-P60484-F1-model_v4.pdb	252
P60484	252	D	A	0.224812435046792	AF-P60484-F1-model_v4.pdb	252
P60484	252	D	T	0.124511340931345	AF-P60484-F1-model_v4.pdb	252
P60484	252	D	S	0.336287205130513	AF-P60484-F1-model_v4.pdb	252
P60484	252	D	R	0.202352428495965	AF-P60484-F1-model_v4.pdb	252
P60484	252	D	N	0.325756304197102	AF-P60484-F1-model_v4.pdb	252
P60484	252	D	M	0.227837960978434	AF-P60484-F1-model_v4.pdb	252
P60484	252	D	L	0.187494061384016	AF-P60484-F1-model_v4.pdb	252
P60484	252	D	I	0.263376405309185	AF-P60484-F1-model_v4.pdb	252
P60484	252	D	H	0.222843067338306	AF-P60484-F1-model_v4.pdb	252
P60484	252	D	G	0.287563093557784	AF-P60484-F1-model_v4.pdb	252
P60484	252	D	F	0.204950557562182	AF-P60484-F1-model_v4.pdb	252
P60484	252	D	E	0.2583525756506269	AF-P60484-F1-model_v4.pdb	252
P60484	252	D	C	0.339534149827248	AF-P60484-F1-model_v4.pdb	252
P60484	252	D	K	0.0563653617499766	AF-P60484-F1-model_v4.pdb	252
P60484	253	I	R	0.227770317242894	AF-P60484-F1-model_v4.pdb	253
P60484	253	I	Q	0.3472820115125269	AF-P60484-F1-model_v4.pdb	253
P60484	253	I	S	0.293899248946893	AF-P60484-F1-model_v4.pdb	253
P60484	253	I	W	0.29961558079616	AF-P60484-F1-model_v4.pdb	253
P60484	253	I	Y	0.3490217790723269	AF-P60484-F1-model_v4.pdb	253
P60484	253	I	P	0.3616073314679629	AF-P60484-F1-model_v4.pdb	253
P60484	253	I	V	0.9540609343108292	AF-P60484-F1-model_v4.pdb	253
P60484	253	I	L	0.8381319439467	AF-P60484-F1-model_v4.pdb	253
P60484	253	I	M	0.87490756238372	AF-P60484-F1-model_v4.pdb	253
P60484	253	I	H	0.311384992202883	AF-P60484-F1-model_v4.pdb	253
P60484	253	I	G	0.26280897091294	AF-P60484-F1-model_v4.pdb	253
P60484	253	I	F	0.74381539381583	AF-P60484-F1-model_v4.pdb	253
P60484	253	I	E	0.311777115856877	AF-P60484-F1-model_v4.pdb	253
P60484	253	I	D	0.216364416034944	AF-P60484-F1-model_v4.pdb	253
P60484	253	I	C	0.353517099144079	AF-P60484-F1-model_v4.pdb	253
P60484	253	I	A	0.217387278092012	AF-P60484-F1-model_v4.pdb	253
P60484	253	I	K	0.118859736889252	AF-P60484-F1-model_v4.pdb	253
P60484	254	K	V	0.337975375715033	AF-P60484-F1-model_v4.pdb	254
P60484	254	K	T	0.282426270479663	AF-P60484-F1-model_v4.pdb	254
P60484	254	K	S	0.526591354269105	AF-P60484-F1-model_v4.pdb	254
P60484	254	K	R	0.8083548667283951	AF-P60484-F1-model_v4.pdb	254
P60484	254	K	Q	0.8191613366734479	AF-P60484-F1-model_v4.pdb	254
P60484	254	K	P	0.2980240790558269	AF-P60484-F1-model_v4.pdb	254
P60484	254	K	N	0.696943358129794	AF-P60484-F1-model_v4.pdb	254
P60484	254	K	M	0.5994530170497819	AF-P60484-F1-model_v4.pdb	254
P60484	254	K	G	0.437035720283584	AF-P60484-F1-model_v4.pdb	254
P60484	254	K	H	0.870804916516528	AF-P60484-F1-model_v4.pdb	254
P60484	254	K	E	0.134815612803424	AF-P60484-F1-model_v4.pdb	254
P60484	254	K	C	0.8172603206718778	AF-P60484-F1-model_v4.pdb	254
P60484	254	K	A	0.5001388817957759	AF-P60484-F1-model_v4.pdb	254
P60484	254	K	L	0.654862839867561	AF-P60484-F1-model_v4.pdb	254
P60484	255	V	R	0.2796870976804589	AF-P60484-F1-model_v4.pdb	255
P60484	255	V	S	0.2783129289975499	AF-P60484-F1-model_v4.pdb	255
P60484	255	V	T	0.3422126065316389	AF-P60484-F1-model_v4.pdb	255
P60484	255	V	M	0.0314646336196578	AF-P60484-F1-model_v4.pdb	255
P60484	255	V	Q	0.235025654729581	AF-P60484-F1-model_v4.pdb	255
P60484	255	V	K	0.35374960173093	AF-P60484-F1-model_v4.pdb	255
P60484	255	V	A	0.187201879318678	AF-P60484-F1-model_v4.pdb	255
P60484	255	V	E	0.31129551317858	AF-P60484-F1-model_v4.pdb	255
P60484	255	V	D	0.3483734315122751	AF-P60484-F1-model_v4.pdb	255
P60484	255	V	G	0.291130994203838	AF-P60484-F1-model_v4.pdb	255
P60484	256	E	R	0.385182568020341	AF-P60484-F1-model_v4.pdb	256
P60484	256	E	S	0.9019365634601008	AF-P60484-F1-model_v4.pdb	256
P60484	256	E	T	0.928782271684407	AF-P60484-F1-model_v4.pdb	256
P60484	256	E	I	1.03422870682887	AF-P60484-F1-model_v4.pdb	256
P60484	256	E	V	0.918055636316783	AF-P60484-F1-model_v4.pdb	256
P60484	256	E	M	0.7635076886770881	AF-P60484-F1-model_v4.pdb	256
P60484	256	E	L	0.603320260435319	AF-P60484-F1-model_v4.pdb	256
P60484	256	E	K	0.469713884265199	AF-P60484-F1-model_v4.pdb	256
P60484	256	E	Y	0.430960694335273	AF-P60484-F1-model_v4.pdb	256
P60484	256	E	H	0.487164389166154	AF-P60484-F1-model_v4.pdb	256
P60484	256	E	F	0.262549594755091	AF-P60484-F1-model_v4.pdb	256
P60484	256	E	G	0.395802347140905	AF-P60484-F1-model_v4.pdb	256
P60484	256	E	D	0.525198520776285	AF-P60484-F1-model_v4.pdb	256
P60484	256	E	C	0.634422888033833	AF-P60484-F1-model_v4.pdb	256
P60484	256	E	A	0.7281742316630441	AF-P60484-F1-model_v4.pdb	256
P60484	257	F	*	0.219522765404945	AF-P60484-F1-model_v4.pdb	257
P60484	257	F	W	0.450266468070201	AF-P60484-F1-model_v4.pdb	257
P60484	257	F	V	0.5818561286923729	AF-P60484-F1-model_v4.pdb	257
P60484	257	F	T	0.1592415746272819	AF-P60484-F1-model_v4.pdb	257
P60484	257	F	S	0.406465361119899	AF-P60484-F1-model_v4.pdb	257
P60484	257	F	R	0.261217396511832	AF-P60484-F1-model_v4.pdb	257
P60484	257	F	Q	0.4522457061409961	AF-P60484-F1-model_v4.pdb	257
P60484	257	F	P	0.402178066714754	AF-P60484-F1-model_v4.pdb	257
P60484	257	F	N	0.199879324870213	AF-P60484-F1-model_v4.pdb	257
P60484	257	F	M	0.6794428673127321	AF-P60484-F1-model_v4.pdb	257
P60484	257	F	L	0.362052464877019	AF-P60484-F1-model_v4.pdb	257
P60484	257	F	K	0.720518958726135	AF-P60484-F1-model_v4.pdb	257
P60484	257	F	I	0.4753701407605971	AF-P60484-F1-model_v4.pdb	257
P60484	257	F	H	0.467073860855628	AF-P60484-F1-model_v4.pdb	257
P60484	257	F	G	0.325921057528058	AF-P60484-F1-model_v4.pdb	257
P60484	257	F	E	0.285831460077904	AF-P60484-F1-model_v4.pdb	257
P60484	257	F	D	0.205878291944731	AF-P60484-F1-model_v4.pdb	257
P60484	257	F	C	0.6295939013233101	AF-P60484-F1-model_v4.pdb	257
P60484	257	F	A	0.421134717897682	AF-P60484-F1-model_v4.pdb	257
P60484	258	F	P	0.342437621820247	AF-P60484-F1-model_v4.pdb	258
P60484	258	F	Q	0.349482496823704	AF-P60484-F1-model_v4.pdb	258
P60484	258	F	*	0.0236315852346748	AF-P60484-F1-model_v4.pdb	258
P60484	258	F	W	1.05479126330025	AF-P60484-F1-model_v4.pdb	258
P60484	258	F	A	0.4860865704709589	AF-P60484-F1-model_v4.pdb	258
P60484	258	F	V	0.398781015318756	AF-P60484-F1-model_v4.pdb	258
P60484	258	F	G	0.284681249629412	AF-P60484-F1-model_v4.pdb	258
P60484	258	F	R	0.3834776599614989	AF-P60484-F1-model_v4.pdb	258
P60484	258	F	E	0.402545021376472	AF-P60484-F1-model_v4.pdb	258
P60484	259	H	K	0.401176043510768	AF-P60484-F1-model_v4.pdb	259
P60484	259	H	R	0.428158948993368	AF-P60484-F1-model_v4.pdb	259
P60484	259	H	N	1.26657560297571	AF-P60484-F1-model_v4.pdb	259
P60484	259	H	P	0.449504173434771	AF-P60484-F1-model_v4.pdb	259
P60484	259	H	Q	0.354330386747841	AF-P60484-F1-model_v4.pdb	259
P60484	259	H	G	0.4756923985175461	AF-P60484-F1-model_v4.pdb	259
P60484	259	H	S	0.732249523304832	AF-P60484-F1-model_v4.pdb	259
P60484	259	H	T	0.8429739776923442	AF-P60484-F1-model_v4.pdb	259
P60484	259	H	V	0.5727223645552789	AF-P60484-F1-model_v4.pdb	259
P60484	259	H	L	0.5479620921702759	AF-P60484-F1-model_v4.pdb	259
P60484	259	H	F	0.440107458904714	AF-P60484-F1-model_v4.pdb	259
P60484	259	H	W	0.8401367761798709	AF-P60484-F1-model_v4.pdb	259
P60484	259	H	D	1.07886562862613	AF-P60484-F1-model_v4.pdb	259
P60484	259	H	A	0.7289523130106391	AF-P60484-F1-model_v4.pdb	259
P60484	259	H	E	0.908526324037022	AF-P60484-F1-model_v4.pdb	259
P60484	260	K	E	0.7363912593560359	AF-P60484-F1-model_v4.pdb	260
P60484	260	K	Y	1.2543040253296698	AF-P60484-F1-model_v4.pdb	260
P60484	260	K	V	1.01804113695623	AF-P60484-F1-model_v4.pdb	260
P60484	260	K	T	0.941980284003422	AF-P60484-F1-model_v4.pdb	260
P60484	260	K	C	1.04552816391689	AF-P60484-F1-model_v4.pdb	260
P60484	260	K	G	1.02601563160508	AF-P60484-F1-model_v4.pdb	260
P60484	260	K	S	0.7668578931019799	AF-P60484-F1-model_v4.pdb	260
P60484	260	K	L	1.13086956201517	AF-P60484-F1-model_v4.pdb	260
P60484	260	K	M	0.6236688694787521	AF-P60484-F1-model_v4.pdb	260
P60484	260	K	P	0.6709226003189921	AF-P60484-F1-model_v4.pdb	260
P60484	260	K	Q	0.961522954004836	AF-P60484-F1-model_v4.pdb	260
P60484	260	K	R	0.991134131752122	AF-P60484-F1-model_v4.pdb	260
P60484	260	K	I	1.14373773637988	AF-P60484-F1-model_v4.pdb	260
P60484	260	K	A	1.17661077845249	AF-P60484-F1-model_v4.pdb	260
P60484	261	Q	S	0.8036749540194928	AF-P60484-F1-model_v4.pdb	261
P60484	261	Q	A	1.18225496211113	AF-P60484-F1-model_v4.pdb	261
P60484	261	Q	G	0.920866975113668	AF-P60484-F1-model_v4.pdb	261
P60484	261	Q	M	0.441974501098262	AF-P60484-F1-model_v4.pdb	261
P60484	261	Q	T	1.01209296108401	AF-P60484-F1-model_v4.pdb	261
P60484	261	Q	V	1.08492424449094	AF-P60484-F1-model_v4.pdb	261
P60484	262	N	P	0.9101326880982328	AF-P60484-F1-model_v4.pdb	262
P60484	262	N	Y	0.7158672889844551	AF-P60484-F1-model_v4.pdb	262
P60484	262	N	W	0.262597861182025	AF-P60484-F1-model_v4.pdb	262
P60484	262	N	V	0.7926118806316659	AF-P60484-F1-model_v4.pdb	262
P60484	262	N	T	0.763468409039009	AF-P60484-F1-model_v4.pdb	262
P60484	262	N	S	0.832972362910055	AF-P60484-F1-model_v4.pdb	262
P60484	262	N	R	0.9897975049280828	AF-P60484-F1-model_v4.pdb	262
P60484	262	N	L	0.8926359080276001	AF-P60484-F1-model_v4.pdb	262
P60484	262	N	H	1.02304197426818	AF-P60484-F1-model_v4.pdb	262
P60484	262	N	G	1.02616459247071	AF-P60484-F1-model_v4.pdb	262
P60484	262	N	F	0.812229771051981	AF-P60484-F1-model_v4.pdb	262
P60484	262	N	E	0.8452364795590891	AF-P60484-F1-model_v4.pdb	262
P60484	262	N	D	1.22105672264557	AF-P60484-F1-model_v4.pdb	262
P60484	262	N	C	0.985298393653502	AF-P60484-F1-model_v4.pdb	262
P60484	262	N	A	1.12873797555387	AF-P60484-F1-model_v4.pdb	262
P60484	262	N	K	1.16596249069545	AF-P60484-F1-model_v4.pdb	262
P60484	263	K	T	1.26406608568233	AF-P60484-F1-model_v4.pdb	263
P60484	263	K	Q	0.7690068695180658	AF-P60484-F1-model_v4.pdb	263
P60484	263	K	R	0.959865431312878	AF-P60484-F1-model_v4.pdb	263
P60484	263	K	V	1.03356239697528	AF-P60484-F1-model_v4.pdb	263
P60484	263	K	S	1.060128258558	AF-P60484-F1-model_v4.pdb	263
P60484	263	K	*	0.0640347855273919	AF-P60484-F1-model_v4.pdb	263
P60484	263	K	Y	0.678077364755549	AF-P60484-F1-model_v4.pdb	263
P60484	263	K	P	0.995005701524312	AF-P60484-F1-model_v4.pdb	263
P60484	263	K	W	0.606972659652478	AF-P60484-F1-model_v4.pdb	263
P60484	263	K	N	1.05967681316426	AF-P60484-F1-model_v4.pdb	263
P60484	263	K	E	1.15933834724724	AF-P60484-F1-model_v4.pdb	263
P60484	263	K	L	0.8860905820810979	AF-P60484-F1-model_v4.pdb	263
P60484	263	K	M	0.891095392787262	AF-P60484-F1-model_v4.pdb	263
P60484	263	K	C	0.990430290650827	AF-P60484-F1-model_v4.pdb	263
P60484	263	K	D	1.04676508707527	AF-P60484-F1-model_v4.pdb	263
P60484	263	K	F	1.11282242800673	AF-P60484-F1-model_v4.pdb	263
P60484	263	K	A	0.984114610141578	AF-P60484-F1-model_v4.pdb	263
P60484	263	K	G	0.8963541278534269	AF-P60484-F1-model_v4.pdb	263
P60484	263	K	H	0.908960904885556	AF-P60484-F1-model_v4.pdb	263
P60484	263	K	I	1.003535440656	AF-P60484-F1-model_v4.pdb	263
P60484	264	M	E	-0.0709028825701919	AF-P60484-F1-model_v4.pdb	264
P60484	264	M	G	0.956288974907078	AF-P60484-F1-model_v4.pdb	264
P60484	264	M	L	1.06125575703506	AF-P60484-F1-model_v4.pdb	264
P60484	265	L	P	1.10702183457747	AF-P60484-F1-model_v4.pdb	265
P60484	265	L	*	0.381292394026943	AF-P60484-F1-model_v4.pdb	265
P60484	265	L	V	1.12011299632795	AF-P60484-F1-model_v4.pdb	265
P60484	265	L	T	0.756732227970473	AF-P60484-F1-model_v4.pdb	265
P60484	265	L	R	0.600456134001058	AF-P60484-F1-model_v4.pdb	265
P60484	265	L	Q	1.22283046097088	AF-P60484-F1-model_v4.pdb	265
P60484	265	L	Y	1.09739399603388	AF-P60484-F1-model_v4.pdb	265
P60484	265	L	I	1.19232392607216	AF-P60484-F1-model_v4.pdb	265
P60484	265	L	H	1.00389513445706	AF-P60484-F1-model_v4.pdb	265
P60484	265	L	G	1.05613607561133	AF-P60484-F1-model_v4.pdb	265
P60484	265	L	F	0.8178918989674309	AF-P60484-F1-model_v4.pdb	265
P60484	265	L	E	1.14141280963632	AF-P60484-F1-model_v4.pdb	265
P60484	265	L	D	1.15892585272089	AF-P60484-F1-model_v4.pdb	265
P60484	265	L	C	0.446309728345211	AF-P60484-F1-model_v4.pdb	265
P60484	265	L	A	1.05466822190157	AF-P60484-F1-model_v4.pdb	265
P60484	266	K	L	1.04538963744295	AF-P60484-F1-model_v4.pdb	266
P60484	266	K	M	0.840356097507568	AF-P60484-F1-model_v4.pdb	266
P60484	268	D	V	0.851249460903308	AF-P60484-F1-model_v4.pdb	268
P60484	268	D	S	0.83151809047764	AF-P60484-F1-model_v4.pdb	268
P60484	268	D	G	0.60960493311257	AF-P60484-F1-model_v4.pdb	268
P60484	269	K	P	0.836731864307396	AF-P60484-F1-model_v4.pdb	269
P60484	269	K	W	0.372410969765534	AF-P60484-F1-model_v4.pdb	269
P60484	269	K	V	0.561602348806791	AF-P60484-F1-model_v4.pdb	269
P60484	269	K	T	0.638772105640326	AF-P60484-F1-model_v4.pdb	269
P60484	269	K	S	0.7435211166338042	AF-P60484-F1-model_v4.pdb	269
P60484	269	K	R	0.7848861853342309	AF-P60484-F1-model_v4.pdb	269
P60484	269	K	Q	0.482787149401241	AF-P60484-F1-model_v4.pdb	269
P60484	269	K	Y	0.456193115523789	AF-P60484-F1-model_v4.pdb	269
P60484	269	K	N	0.622088317698567	AF-P60484-F1-model_v4.pdb	269
P60484	269	K	L	0.563992668217195	AF-P60484-F1-model_v4.pdb	269
P60484	269	K	G	0.346478958026658	AF-P60484-F1-model_v4.pdb	269
P60484	269	K	F	0.326312307947398	AF-P60484-F1-model_v4.pdb	269
P60484	269	K	E	0.7232090826252321	AF-P60484-F1-model_v4.pdb	269
P60484	269	K	D	0.585125059128305	AF-P60484-F1-model_v4.pdb	269
P60484	269	K	C	0.579822842828124	AF-P60484-F1-model_v4.pdb	269
P60484	269	K	A	0.566014611726533	AF-P60484-F1-model_v4.pdb	269
P60484	269	K	M	0.363083426024738	AF-P60484-F1-model_v4.pdb	269
P60484	270	M	L	0.950918260384213	AF-P60484-F1-model_v4.pdb	270
P60484	270	M	Y	0.539636397954069	AF-P60484-F1-model_v4.pdb	270
P60484	270	M	*	0.0719189202483132	AF-P60484-F1-model_v4.pdb	270
P60484	270	M	V	0.250173145559464	AF-P60484-F1-model_v4.pdb	270
P60484	270	M	T	0.35461750988376	AF-P60484-F1-model_v4.pdb	270
P60484	270	M	S	0.250764355153707	AF-P60484-F1-model_v4.pdb	270
P60484	270	M	R	0.238800246240166	AF-P60484-F1-model_v4.pdb	270
P60484	270	M	P	0.170409346411526	AF-P60484-F1-model_v4.pdb	270
P60484	270	M	I	0.8083924086170359	AF-P60484-F1-model_v4.pdb	270
P60484	270	M	K	0.546216068059925	AF-P60484-F1-model_v4.pdb	270
P60484	270	M	G	0.259789862535537	AF-P60484-F1-model_v4.pdb	270
P60484	270	M	D	0.132064900106092	AF-P60484-F1-model_v4.pdb	270
P60484	270	M	C	-0.167345512487864	AF-P60484-F1-model_v4.pdb	270
P60484	270	M	A	0.478232587939442	AF-P60484-F1-model_v4.pdb	270
P60484	270	M	N	0.231967133958565	AF-P60484-F1-model_v4.pdb	270
P60484	271	F	S	0.3553793542108989	AF-P60484-F1-model_v4.pdb	271
P60484	271	F	Q	0.235585890947356	AF-P60484-F1-model_v4.pdb	271
P60484	271	F	T	0.0783021516631588	AF-P60484-F1-model_v4.pdb	271
P60484	271	F	Y	0.298966671406106	AF-P60484-F1-model_v4.pdb	271
P60484	271	F	*	0.0242149512403525	AF-P60484-F1-model_v4.pdb	271
P60484	271	F	P	0.229267781218162	AF-P60484-F1-model_v4.pdb	271
P60484	271	F	V	0.241388223643933	AF-P60484-F1-model_v4.pdb	271
P60484	271	F	L	0.8132265123607969	AF-P60484-F1-model_v4.pdb	271
P60484	271	F	R	0.295603327363766	AF-P60484-F1-model_v4.pdb	271
P60484	271	F	I	0.391008007696823	AF-P60484-F1-model_v4.pdb	271
P60484	271	F	G	0.297872486912914	AF-P60484-F1-model_v4.pdb	271
P60484	271	F	K	0.33211801883699	AF-P60484-F1-model_v4.pdb	271
P60484	271	F	E	0.319202658964261	AF-P60484-F1-model_v4.pdb	271
P60484	271	F	D	0.190284582978235	AF-P60484-F1-model_v4.pdb	271
P60484	271	F	C	0.547033167759972	AF-P60484-F1-model_v4.pdb	271
P60484	271	F	A	0.274230209268692	AF-P60484-F1-model_v4.pdb	271
P60484	272	H	S	0.7221424915407769	AF-P60484-F1-model_v4.pdb	272
P60484	272	H	R	1.0052697376652902	AF-P60484-F1-model_v4.pdb	272
P60484	272	H	P	0.320483949028954	AF-P60484-F1-model_v4.pdb	272
P60484	272	H	M	0.9302795501084128	AF-P60484-F1-model_v4.pdb	272
P60484	272	H	L	0.4191089348114421	AF-P60484-F1-model_v4.pdb	272
P60484	272	H	V	0.627478459560417	AF-P60484-F1-model_v4.pdb	272
P60484	272	H	I	0.296490865236991	AF-P60484-F1-model_v4.pdb	272
P60484	272	H	G	0.714913007334678	AF-P60484-F1-model_v4.pdb	272
P60484	272	H	D	0.3648453899041811	AF-P60484-F1-model_v4.pdb	272
P60484	272	H	K	0.774411597773052	AF-P60484-F1-model_v4.pdb	272
P60484	273	F	Y	0.240098725880839	AF-P60484-F1-model_v4.pdb	273
P60484	273	F	W	0.2995364942743029	AF-P60484-F1-model_v4.pdb	273
P60484	273	F	V	0.614089842202797	AF-P60484-F1-model_v4.pdb	273
P60484	273	F	T	0.4720221888402609	AF-P60484-F1-model_v4.pdb	273
P60484	273	F	S	0.206734954091487	AF-P60484-F1-model_v4.pdb	273
P60484	273	F	R	0.236103567039203	AF-P60484-F1-model_v4.pdb	273
P60484	273	F	M	0.589261605628031	AF-P60484-F1-model_v4.pdb	273
P60484	273	F	L	0.946763731217064	AF-P60484-F1-model_v4.pdb	273
P60484	273	F	I	0.5798590823160339	AF-P60484-F1-model_v4.pdb	273
P60484	273	F	G	0.2454714989888769	AF-P60484-F1-model_v4.pdb	273
P60484	273	F	E	0.29246110470551	AF-P60484-F1-model_v4.pdb	273
P60484	273	F	C	1.08942589232712	AF-P60484-F1-model_v4.pdb	273
P60484	273	F	A	0.568821475991754	AF-P60484-F1-model_v4.pdb	273
P60484	273	F	K	0.3855982815569571	AF-P60484-F1-model_v4.pdb	273
P60484	274	W	S	0.3153600675692489	AF-P60484-F1-model_v4.pdb	274
P60484	274	W	V	0.495734499200076	AF-P60484-F1-model_v4.pdb	274
P60484	274	W	P	0.422002971350273	AF-P60484-F1-model_v4.pdb	274
P60484	274	W	T	0.412327816548404	AF-P60484-F1-model_v4.pdb	274
P60484	274	W	R	0.255746048884424	AF-P60484-F1-model_v4.pdb	274
P60484	274	W	Q	0.3062839867417069	AF-P60484-F1-model_v4.pdb	274
P60484	274	W	L	0.306828977730936	AF-P60484-F1-model_v4.pdb	274
P60484	274	W	M	0.2728840691889789	AF-P60484-F1-model_v4.pdb	274
P60484	274	W	K	0.210050687766085	AF-P60484-F1-model_v4.pdb	274
P60484	274	W	G	0.287256589043169	AF-P60484-F1-model_v4.pdb	274
P60484	274	W	E	0.421546256003155	AF-P60484-F1-model_v4.pdb	274
P60484	274	W	A	0.4356036250473329	AF-P60484-F1-model_v4.pdb	274
P60484	275	V	S	0.22286302844781	AF-P60484-F1-model_v4.pdb	275
P60484	275	V	W	0.460427861145824	AF-P60484-F1-model_v4.pdb	275
P60484	275	V	T	0.4935156798639711	AF-P60484-F1-model_v4.pdb	275
P60484	275	V	R	0.232235664791515	AF-P60484-F1-model_v4.pdb	275
P60484	275	V	P	0.2690741774963	AF-P60484-F1-model_v4.pdb	275
P60484	275	V	M	0.8653026114911679	AF-P60484-F1-model_v4.pdb	275
P60484	275	V	L	0.868758383676956	AF-P60484-F1-model_v4.pdb	275
P60484	275	V	H	0.33393294611006	AF-P60484-F1-model_v4.pdb	275
P60484	275	V	D	0.186527282447665	AF-P60484-F1-model_v4.pdb	275
P60484	275	V	C	0.694129775866705	AF-P60484-F1-model_v4.pdb	275
P60484	275	V	A	0.377577306904596	AF-P60484-F1-model_v4.pdb	275
P60484	275	V	G	0.321532994718998	AF-P60484-F1-model_v4.pdb	275
P60484	276	N	G	0.186351571057434	AF-P60484-F1-model_v4.pdb	276
P60484	276	N	Q	0.334495127533528	AF-P60484-F1-model_v4.pdb	276
P60484	276	N	T	0.3941864301101369	AF-P60484-F1-model_v4.pdb	276
P60484	276	N	L	0.267299068965543	AF-P60484-F1-model_v4.pdb	276
P60484	276	N	V	0.082446217863398	AF-P60484-F1-model_v4.pdb	276
P60484	276	N	H	0.1777473432734439	AF-P60484-F1-model_v4.pdb	276
P60484	276	N	*	0.0022750855877171	AF-P60484-F1-model_v4.pdb	276
P60484	276	N	F	0.241545570393202	AF-P60484-F1-model_v4.pdb	276
P60484	276	N	S	0.340315933801628	AF-P60484-F1-model_v4.pdb	276
P60484	276	N	C	0.398709083080625	AF-P60484-F1-model_v4.pdb	276
P60484	276	N	A	0.215742176927576	AF-P60484-F1-model_v4.pdb	276
P60484	276	N	E	0.340294369962927	AF-P60484-F1-model_v4.pdb	276
P60484	277	T	Q	0.214324896346377	AF-P60484-F1-model_v4.pdb	277
P60484	277	T	K	0.259528301347855	AF-P60484-F1-model_v4.pdb	277
P60484	277	T	R	0.2124134140923469	AF-P60484-F1-model_v4.pdb	277
P60484	277	T	M	0.194729714827446	AF-P60484-F1-model_v4.pdb	277
P60484	277	T	L	0.204932029895576	AF-P60484-F1-model_v4.pdb	277
P60484	277	T	S	0.4766004743594021	AF-P60484-F1-model_v4.pdb	277
P60484	277	T	V	0.312113038949306	AF-P60484-F1-model_v4.pdb	277
P60484	277	T	*	-0.0104981229071092	AF-P60484-F1-model_v4.pdb	277
P60484	277	T	Y	0.108812984748405	AF-P60484-F1-model_v4.pdb	277
P60484	277	T	G	0.215504011067514	AF-P60484-F1-model_v4.pdb	277
P60484	277	T	A	0.2891975286354489	AF-P60484-F1-model_v4.pdb	277
P60484	277	T	D	0.218778496409583	AF-P60484-F1-model_v4.pdb	277
P60484	277	T	C	0.0760804571139704	AF-P60484-F1-model_v4.pdb	277
P60484	277	T	F	0.193396235499868	AF-P60484-F1-model_v4.pdb	277
P60484	278	F	K	0.2350297932521689	AF-P60484-F1-model_v4.pdb	278
P60484	278	F	G	0.401832957685772	AF-P60484-F1-model_v4.pdb	278
P60484	278	F	E	0.384785508693865	AF-P60484-F1-model_v4.pdb	278
P60484	278	F	D	0.35143960427511	AF-P60484-F1-model_v4.pdb	278
P60484	279	F	G	0.421056153770478	AF-P60484-F1-model_v4.pdb	279
P60484	279	F	E	0.2326173958613669	AF-P60484-F1-model_v4.pdb	279
P60484	279	F	C	0.892724492238593	AF-P60484-F1-model_v4.pdb	279
P60484	279	F	A	0.378180290204096	AF-P60484-F1-model_v4.pdb	279
P60484	279	F	L	0.510255678453617	AF-P60484-F1-model_v4.pdb	279
P60484	279	F	T	0.345399686420217	AF-P60484-F1-model_v4.pdb	279
P60484	279	F	R	0.215082516355914	AF-P60484-F1-model_v4.pdb	279
P60484	279	F	Y	0.638464031576684	AF-P60484-F1-model_v4.pdb	279
P60484	279	F	P	0.263313352790418	AF-P60484-F1-model_v4.pdb	279
P60484	279	F	N	0.19304377406744	AF-P60484-F1-model_v4.pdb	279
P60484	279	F	I	0.571408874325938	AF-P60484-F1-model_v4.pdb	279
P60484	279	F	M	1.18648427706192	AF-P60484-F1-model_v4.pdb	279
P60484	279	F	S	0.300651603216673	AF-P60484-F1-model_v4.pdb	279
P60484	279	F	K	0.295214926527851	AF-P60484-F1-model_v4.pdb	279
P60484	280	I	F	0.481621282854921	AF-P60484-F1-model_v4.pdb	280
P60484	280	I	S	0.338615288382443	AF-P60484-F1-model_v4.pdb	280
P60484	280	I	K	0.14144743857321	AF-P60484-F1-model_v4.pdb	280
P60484	280	I	L	0.8231961909383929	AF-P60484-F1-model_v4.pdb	280
P60484	280	I	M	0.704314999732688	AF-P60484-F1-model_v4.pdb	280
P60484	280	I	P	0.3920399839187529	AF-P60484-F1-model_v4.pdb	280
P60484	280	I	V	1.01241303854255	AF-P60484-F1-model_v4.pdb	280
P60484	280	I	T	0.5949892802757281	AF-P60484-F1-model_v4.pdb	280
P60484	280	I	R	0.30738638085683	AF-P60484-F1-model_v4.pdb	280
P60484	280	I	G	0.272548183474572	AF-P60484-F1-model_v4.pdb	280
P60484	280	I	D	0.279036967353231	AF-P60484-F1-model_v4.pdb	280
P60484	280	I	E	0.50257030294533	AF-P60484-F1-model_v4.pdb	280
P60484	280	I	A	0.365546713423661	AF-P60484-F1-model_v4.pdb	280
P60484	280	I	C	0.50914384576992	AF-P60484-F1-model_v4.pdb	280
P60484	281	P	V	0.981541415094145	AF-P60484-F1-model_v4.pdb	281
P60484	281	P	T	0.8137176676086341	AF-P60484-F1-model_v4.pdb	281
P60484	281	P	R	1.0854875406218298	AF-P60484-F1-model_v4.pdb	281
P60484	281	P	Q	0.9564856143941608	AF-P60484-F1-model_v4.pdb	281
P60484	281	P	N	1.37723285811974	AF-P60484-F1-model_v4.pdb	281
P60484	281	P	L	1.1109922649934298	AF-P60484-F1-model_v4.pdb	281
P60484	281	P	C	1.05881155040634	AF-P60484-F1-model_v4.pdb	281
P60484	281	P	A	1.37079633102145	AF-P60484-F1-model_v4.pdb	281
P60484	282	G	M	1.15144940315394	AF-P60484-F1-model_v4.pdb	282
P60484	282	G	S	1.01299292675016	AF-P60484-F1-model_v4.pdb	282
P60484	284	E	G	1.2073378214088502	AF-P60484-F1-model_v4.pdb	284
P60484	285	E	L	0.672448351173109	AF-P60484-F1-model_v4.pdb	285
P60484	285	E	D	0.848051083920329	AF-P60484-F1-model_v4.pdb	285
P60484	285	E	M	1.0567083725891502	AF-P60484-F1-model_v4.pdb	285
P60484	285	E	N	0.6760097709127351	AF-P60484-F1-model_v4.pdb	285
P60484	285	E	P	0.861500843021508	AF-P60484-F1-model_v4.pdb	285
P60484	285	E	S	1.06831760980527	AF-P60484-F1-model_v4.pdb	285
P60484	285	E	T	1.27684893263581	AF-P60484-F1-model_v4.pdb	285
P60484	285	E	V	0.9393419671975172	AF-P60484-F1-model_v4.pdb	285
P60484	285	E	W	1.2335211265637	AF-P60484-F1-model_v4.pdb	285
P60484	285	E	*	0.142532115290682	AF-P60484-F1-model_v4.pdb	285
P60484	285	E	C	0.9542720812932	AF-P60484-F1-model_v4.pdb	285
P60484	285	E	Y	0.929987954919517	AF-P60484-F1-model_v4.pdb	285
P60484	285	E	K	1.21545940845806	AF-P60484-F1-model_v4.pdb	285
P60484	285	E	G	0.99235219773364	AF-P60484-F1-model_v4.pdb	285
P60484	285	E	R	1.00625351963882	AF-P60484-F1-model_v4.pdb	285
P60484	285	E	A	0.8538554035919449	AF-P60484-F1-model_v4.pdb	285
P60484	286	T	Y	1.2574120661428	AF-P60484-F1-model_v4.pdb	286
P60484	286	T	V	1.13204367806747	AF-P60484-F1-model_v4.pdb	286
P60484	286	T	P	0.469314328199396	AF-P60484-F1-model_v4.pdb	286
P60484	286	T	I	0.586691795366416	AF-P60484-F1-model_v4.pdb	286
P60484	286	T	G	1.08877066855268	AF-P60484-F1-model_v4.pdb	286
P60484	286	T	C	0.9792221520211272	AF-P60484-F1-model_v4.pdb	286
P60484	286	T	A	1.14705987454636	AF-P60484-F1-model_v4.pdb	286
P60484	287	S	E	0.893766645970678	AF-P60484-F1-model_v4.pdb	287
P60484	287	S	D	1.1356373372938	AF-P60484-F1-model_v4.pdb	287
P60484	287	S	H	1.12102008009479	AF-P60484-F1-model_v4.pdb	287
P60484	287	S	I	1.01140021065896	AF-P60484-F1-model_v4.pdb	287
P60484	287	S	K	0.652271331500301	AF-P60484-F1-model_v4.pdb	287
P60484	287	S	L	1.0409798161321802	AF-P60484-F1-model_v4.pdb	287
P60484	287	S	P	1.15283246859223	AF-P60484-F1-model_v4.pdb	287
P60484	287	S	Q	0.346304162645914	AF-P60484-F1-model_v4.pdb	287
P60484	287	S	R	0.940878293807942	AF-P60484-F1-model_v4.pdb	287
P60484	287	S	V	1.05317565905523	AF-P60484-F1-model_v4.pdb	287
P60484	287	S	W	1.115232452835	AF-P60484-F1-model_v4.pdb	287
P60484	287	S	G	0.951549928023522	AF-P60484-F1-model_v4.pdb	287
P60484	287	S	F	1.08307012901709	AF-P60484-F1-model_v4.pdb	287
P60484	288	E	G	0.9160935122805708	AF-P60484-F1-model_v4.pdb	288
P60484	288	E	I	1.0486363091702	AF-P60484-F1-model_v4.pdb	288
P60484	288	E	T	1.07744993551744	AF-P60484-F1-model_v4.pdb	288
P60484	289	K	A	0.959317498923687	AF-P60484-F1-model_v4.pdb	289
P60484	289	K	D	1.20063491706657	AF-P60484-F1-model_v4.pdb	289
P60484	289	K	E	0.8856665352486449	AF-P60484-F1-model_v4.pdb	289
P60484	289	K	G	0.75839251110363	AF-P60484-F1-model_v4.pdb	289
P60484	289	K	V	0.8912096175566361	AF-P60484-F1-model_v4.pdb	289
P60484	289	K	S	0.537422553209272	AF-P60484-F1-model_v4.pdb	289
P60484	289	K	T	1.03877366028082	AF-P60484-F1-model_v4.pdb	289
P60484	289	K	N	0.827611414249757	AF-P60484-F1-model_v4.pdb	289
P60484	289	K	R	1.14055944839624	AF-P60484-F1-model_v4.pdb	289
P60484	289	K	P	0.955752000126962	AF-P60484-F1-model_v4.pdb	289
P60484	292	N	V	1.18841764802656	AF-P60484-F1-model_v4.pdb	292
P60484	292	N	R	1.05286326860084	AF-P60484-F1-model_v4.pdb	292
P60484	292	N	I	0.932526555453514	AF-P60484-F1-model_v4.pdb	292
P60484	292	N	L	0.816382835422088	AF-P60484-F1-model_v4.pdb	292
P60484	292	N	G	1.01295863499459	AF-P60484-F1-model_v4.pdb	292
P60484	292	N	A	1.09782754183117	AF-P60484-F1-model_v4.pdb	292
P60484	292	N	S	0.9370789226743492	AF-P60484-F1-model_v4.pdb	292
P60484	293	G	A	1.07536815636422	AF-P60484-F1-model_v4.pdb	293
P60484	293	G	R	1.16955216714077	AF-P60484-F1-model_v4.pdb	293
P60484	293	G	T	0.845816985633236	AF-P60484-F1-model_v4.pdb	293
P60484	293	G	V	0.961489759848845	AF-P60484-F1-model_v4.pdb	293
P60484	293	G	*	0.0975413414471363	AF-P60484-F1-model_v4.pdb	293
P60484	293	G	S	1.0301990566201	AF-P60484-F1-model_v4.pdb	293
P60484	293	G	L	1.0078391878676898	AF-P60484-F1-model_v4.pdb	293
P60484	294	S	Y	0.950080919753577	AF-P60484-F1-model_v4.pdb	294
P60484	294	S	W	1.05466060996834	AF-P60484-F1-model_v4.pdb	294
P60484	294	S	V	0.78599081835538	AF-P60484-F1-model_v4.pdb	294
P60484	294	S	T	1.06159067173188	AF-P60484-F1-model_v4.pdb	294
P60484	294	S	R	0.9242193153634972	AF-P60484-F1-model_v4.pdb	294
P60484	294	S	L	0.9692792152513672	AF-P60484-F1-model_v4.pdb	294
P60484	294	S	K	0.958907987733877	AF-P60484-F1-model_v4.pdb	294
P60484	294	S	G	0.9762033937192868	AF-P60484-F1-model_v4.pdb	294
P60484	294	S	E	1.13175504260039	AF-P60484-F1-model_v4.pdb	294
P60484	295	L	D	0.974849969483326	AF-P60484-F1-model_v4.pdb	295
P60484	295	L	E	0.92785113239992	AF-P60484-F1-model_v4.pdb	295
P60484	295	L	F	0.877125149022678	AF-P60484-F1-model_v4.pdb	295
P60484	295	L	G	1.0535422223871	AF-P60484-F1-model_v4.pdb	295
P60484	295	L	H	1.15935016779341	AF-P60484-F1-model_v4.pdb	295
P60484	295	L	I	1.15035776669198	AF-P60484-F1-model_v4.pdb	295
P60484	295	L	M	1.0567016298769	AF-P60484-F1-model_v4.pdb	295
P60484	295	L	P	0.7906989093906569	AF-P60484-F1-model_v4.pdb	295
P60484	295	L	R	1.01980419247168	AF-P60484-F1-model_v4.pdb	295
P60484	295	L	S	0.841945109239677	AF-P60484-F1-model_v4.pdb	295
P60484	295	L	V	0.74309013596737	AF-P60484-F1-model_v4.pdb	295
P60484	295	L	Y	0.922578338458676	AF-P60484-F1-model_v4.pdb	295
P60484	295	L	A	1.0334773600348	AF-P60484-F1-model_v4.pdb	295
P60484	295	L	C	0.948287552239905	AF-P60484-F1-model_v4.pdb	295
P60484	296	C	I	1.0035329813495302	AF-P60484-F1-model_v4.pdb	296
P60484	296	C	R	0.936433530733162	AF-P60484-F1-model_v4.pdb	296
P60484	296	C	S	0.8974601454280869	AF-P60484-F1-model_v4.pdb	296
P60484	296	C	T	0.9632074455340792	AF-P60484-F1-model_v4.pdb	296
P60484	296	C	*	0.0094922682639762	AF-P60484-F1-model_v4.pdb	296
P60484	297	D	V	1.04117571136974	AF-P60484-F1-model_v4.pdb	297
P60484	297	D	P	0.948532867460711	AF-P60484-F1-model_v4.pdb	297
P60484	297	D	F	0.9040393705373772	AF-P60484-F1-model_v4.pdb	297
P60484	297	D	G	1.09446452954357	AF-P60484-F1-model_v4.pdb	297
P60484	297	D	L	1.2369543189578898	AF-P60484-F1-model_v4.pdb	297
P60484	297	D	H	1.07733407224445	AF-P60484-F1-model_v4.pdb	297
P60484	297	D	I	1.14228512098721	AF-P60484-F1-model_v4.pdb	297
P60484	298	Q	S	0.9825489475358008	AF-P60484-F1-model_v4.pdb	298
P60484	298	Q	W	1.01021073967102	AF-P60484-F1-model_v4.pdb	298
P60484	298	Q	V	0.724168326507491	AF-P60484-F1-model_v4.pdb	298
P60484	298	Q	T	0.953947110755044	AF-P60484-F1-model_v4.pdb	298
P60484	298	Q	E	0.772931322570872	AF-P60484-F1-model_v4.pdb	298
P60484	298	Q	C	0.9849025425884852	AF-P60484-F1-model_v4.pdb	298
P60484	298	Q	P	1.0217728684322	AF-P60484-F1-model_v4.pdb	298
P60484	298	Q	R	1.06937804594966	AF-P60484-F1-model_v4.pdb	298
P60484	298	Q	A	0.7968300864331209	AF-P60484-F1-model_v4.pdb	298
P60484	298	Q	M	0.96247383751784	AF-P60484-F1-model_v4.pdb	298
P60484	298	Q	L	0.5712084912794649	AF-P60484-F1-model_v4.pdb	298
P60484	298	Q	G	1.00545115616781	AF-P60484-F1-model_v4.pdb	298
P60484	298	Q	F	0.8801473202634291	AF-P60484-F1-model_v4.pdb	298
P60484	298	Q	N	1.06981376188724	AF-P60484-F1-model_v4.pdb	298
P60484	299	E	T	0.8001948296586558	AF-P60484-F1-model_v4.pdb	299
P60484	299	E	K	1.02483519233062	AF-P60484-F1-model_v4.pdb	299
P60484	299	E	I	0.929239362373982	AF-P60484-F1-model_v4.pdb	299
P60484	299	E	S	1.06801195756544	AF-P60484-F1-model_v4.pdb	299
P60484	299	E	C	1.00420974485689	AF-P60484-F1-model_v4.pdb	299
P60484	299	E	A	0.9102303328477852	AF-P60484-F1-model_v4.pdb	299
P60484	299	E	G	0.849213232570376	AF-P60484-F1-model_v4.pdb	299
P60484	299	E	R	0.644803787720266	AF-P60484-F1-model_v4.pdb	299
P60484	299	E	*	0.15695305851482	AF-P60484-F1-model_v4.pdb	299
P60484	299	E	W	1.04876213643689	AF-P60484-F1-model_v4.pdb	299
P60484	299	E	V	0.652059655705643	AF-P60484-F1-model_v4.pdb	299
P60484	299	E	M	0.948678830628238	AF-P60484-F1-model_v4.pdb	299
P60484	299	E	L	0.859088221715284	AF-P60484-F1-model_v4.pdb	299
P60484	299	E	Y	1.13391133412484	AF-P60484-F1-model_v4.pdb	299
P60484	300	I	A	1.28691019972051	AF-P60484-F1-model_v4.pdb	300
P60484	300	I	K	1.19097183212933	AF-P60484-F1-model_v4.pdb	300
P60484	300	I	V	0.329428114069465	AF-P60484-F1-model_v4.pdb	300
P60484	303	I	Y	1.0354695405311	AF-P60484-F1-model_v4.pdb	303
P60484	303	I	*	0.0286361783868636	AF-P60484-F1-model_v4.pdb	303
P60484	303	I	W	0.9525713772291752	AF-P60484-F1-model_v4.pdb	303
P60484	303	I	V	1.07577758457932	AF-P60484-F1-model_v4.pdb	303
P60484	303	I	T	0.983313906781942	AF-P60484-F1-model_v4.pdb	303
P60484	303	I	S	1.06350238747879	AF-P60484-F1-model_v4.pdb	303
P60484	303	I	R	1.09522974161105	AF-P60484-F1-model_v4.pdb	303
P60484	303	I	P	1.0303562363211	AF-P60484-F1-model_v4.pdb	303
P60484	303	I	L	0.912401776060758	AF-P60484-F1-model_v4.pdb	303
P60484	303	I	K	0.656194350376539	AF-P60484-F1-model_v4.pdb	303
P60484	303	I	G	0.998417587134972	AF-P60484-F1-model_v4.pdb	303
P60484	303	I	F	0.8630853284279771	AF-P60484-F1-model_v4.pdb	303
P60484	303	I	C	1.11709669347934	AF-P60484-F1-model_v4.pdb	303
P60484	303	I	A	0.90753691162495	AF-P60484-F1-model_v4.pdb	303
P60484	303	I	Q	1.0171505165225	AF-P60484-F1-model_v4.pdb	303
P60484	303	I	M	1.2821728775426	AF-P60484-F1-model_v4.pdb	303
P60484	304	C	E	1.33134399321327	AF-P60484-F1-model_v4.pdb	304
P60484	304	C	R	0.958330195733241	AF-P60484-F1-model_v4.pdb	304
P60484	304	C	P	0.8796055253005071	AF-P60484-F1-model_v4.pdb	304
P60484	305	S	F	0.949778579132932	AF-P60484-F1-model_v4.pdb	305
P60484	305	S	C	0.9425463353433008	AF-P60484-F1-model_v4.pdb	305
P60484	305	S	W	0.8059604584583839	AF-P60484-F1-model_v4.pdb	305
P60484	305	S	A	1.16929026467449	AF-P60484-F1-model_v4.pdb	305
P60484	305	S	R	0.9065632092839788	AF-P60484-F1-model_v4.pdb	305
P60484	305	S	Q	1.06423492267599	AF-P60484-F1-model_v4.pdb	305
P60484	305	S	T	1.09229107917664	AF-P60484-F1-model_v4.pdb	305
P60484	305	S	M	0.838758726616516	AF-P60484-F1-model_v4.pdb	305
P60484	305	S	L	0.8860687097890491	AF-P60484-F1-model_v4.pdb	305
P60484	305	S	K	1.15079891468064	AF-P60484-F1-model_v4.pdb	305
P60484	305	S	I	1.12853976109162	AF-P60484-F1-model_v4.pdb	305
P60484	305	S	P	1.17323613753245	AF-P60484-F1-model_v4.pdb	305
P60484	306	I	Y	0.8547120229124721	AF-P60484-F1-model_v4.pdb	306
P60484	306	I	*	0.214313653252059	AF-P60484-F1-model_v4.pdb	306
P60484	306	I	V	0.960866881196118	AF-P60484-F1-model_v4.pdb	306
P60484	306	I	T	0.7134704453012378	AF-P60484-F1-model_v4.pdb	306
P60484	306	I	S	0.542853758002224	AF-P60484-F1-model_v4.pdb	306
P60484	306	I	P	1.02620305652246	AF-P60484-F1-model_v4.pdb	306
P60484	306	I	M	0.399181664464231	AF-P60484-F1-model_v4.pdb	306
P60484	306	I	E	1.04841204431775	AF-P60484-F1-model_v4.pdb	306
P60484	306	I	H	0.919513032061471	AF-P60484-F1-model_v4.pdb	306
P60484	306	I	G	0.810905262007576	AF-P60484-F1-model_v4.pdb	306
P60484	306	I	F	0.9361693556068572	AF-P60484-F1-model_v4.pdb	306
P60484	306	I	C	0.7751841528455301	AF-P60484-F1-model_v4.pdb	306
P60484	306	I	A	0.8747751839699809	AF-P60484-F1-model_v4.pdb	306
P60484	306	I	L	0.912944738926336	AF-P60484-F1-model_v4.pdb	306
P60484	307	E	I	1.06110859228902	AF-P60484-F1-model_v4.pdb	307
P60484	307	E	K	1.02285256487864	AF-P60484-F1-model_v4.pdb	307
P60484	307	E	L	0.5147373352756279	AF-P60484-F1-model_v4.pdb	307
P60484	307	E	R	0.912119428072822	AF-P60484-F1-model_v4.pdb	307
P60484	307	E	G	0.9198247739319352	AF-P60484-F1-model_v4.pdb	307
P60484	307	E	N	0.9483131229395728	AF-P60484-F1-model_v4.pdb	307
P60484	307	E	P	0.659247461744053	AF-P60484-F1-model_v4.pdb	307
P60484	307	E	S	0.8304176623409849	AF-P60484-F1-model_v4.pdb	307
P60484	307	E	T	1.3848079784746798	AF-P60484-F1-model_v4.pdb	307
P60484	307	E	V	0.9995524615272758	AF-P60484-F1-model_v4.pdb	307
P60484	307	E	W	1.05516352135655	AF-P60484-F1-model_v4.pdb	307
P60484	307	E	A	0.7486612553337411	AF-P60484-F1-model_v4.pdb	307
P60484	307	E	M	0.9771556258415172	AF-P60484-F1-model_v4.pdb	307
P60484	308	R	M	0.7431117372274159	AF-P60484-F1-model_v4.pdb	308
P60484	308	R	N	0.9984670954796429	AF-P60484-F1-model_v4.pdb	308
P60484	308	R	P	1.06100351027962	AF-P60484-F1-model_v4.pdb	308
P60484	308	R	T	0.8625584614754941	AF-P60484-F1-model_v4.pdb	308
P60484	308	R	V	0.913729264940097	AF-P60484-F1-model_v4.pdb	308
P60484	308	R	W	0.864400291139919	AF-P60484-F1-model_v4.pdb	308
P60484	308	R	*	0.0868315979644902	AF-P60484-F1-model_v4.pdb	308
P60484	308	R	I	1.10012039715652	AF-P60484-F1-model_v4.pdb	308
P60484	308	R	L	0.9520950795636692	AF-P60484-F1-model_v4.pdb	308
P60484	308	R	H	0.571405550776024	AF-P60484-F1-model_v4.pdb	308
P60484	308	R	G	0.79336733315155	AF-P60484-F1-model_v4.pdb	308
P60484	308	R	C	1.24439848373776	AF-P60484-F1-model_v4.pdb	308
P60484	308	R	A	0.944249123997385	AF-P60484-F1-model_v4.pdb	308
P60484	308	R	K	1.16477427234123	AF-P60484-F1-model_v4.pdb	308
P60484	309	A	G	1.17803717251437	AF-P60484-F1-model_v4.pdb	309
P60484	309	A	C	1.02508739991118	AF-P60484-F1-model_v4.pdb	309
P60484	309	A	L	0.719573346325208	AF-P60484-F1-model_v4.pdb	309
P60484	309	A	N	1.07445348763677	AF-P60484-F1-model_v4.pdb	309
P60484	309	A	R	1.0307798877709	AF-P60484-F1-model_v4.pdb	309
P60484	309	A	V	0.8997880947704101	AF-P60484-F1-model_v4.pdb	309
P60484	309	A	H	0.599676335845744	AF-P60484-F1-model_v4.pdb	309
P60484	309	A	I	1.24186777083593	AF-P60484-F1-model_v4.pdb	309
P60484	309	A	P	0.9322617697936352	AF-P60484-F1-model_v4.pdb	309
P60484	310	D	L	0.862914340914495	AF-P60484-F1-model_v4.pdb	310
P60484	310	D	E	0.8436985412807758	AF-P60484-F1-model_v4.pdb	310
P60484	310	D	G	1.3121421948970802	AF-P60484-F1-model_v4.pdb	310
P60484	310	D	R	1.24347075903871	AF-P60484-F1-model_v4.pdb	310
P60484	310	D	W	1.18206556086138	AF-P60484-F1-model_v4.pdb	310
P60484	310	D	V	1.03236157757006	AF-P60484-F1-model_v4.pdb	310
P60484	310	D	S	1.03268481076135	AF-P60484-F1-model_v4.pdb	310
P60484	311	N	S	1.04462209021309	AF-P60484-F1-model_v4.pdb	311
P60484	311	N	R	1.01002478744561	AF-P60484-F1-model_v4.pdb	311
P60484	311	N	P	0.863392558109519	AF-P60484-F1-model_v4.pdb	311
P60484	311	N	M	0.895968748313123	AF-P60484-F1-model_v4.pdb	311
P60484	311	N	K	1.0358955290992902	AF-P60484-F1-model_v4.pdb	311
P60484	311	N	C	0.459839950262802	AF-P60484-F1-model_v4.pdb	311
P60484	311	N	L	0.929627819776922	AF-P60484-F1-model_v4.pdb	311
P60484	311	N	D	1.04638703947691	AF-P60484-F1-model_v4.pdb	311
P60484	311	N	E	0.930467776578065	AF-P60484-F1-model_v4.pdb	311
P60484	311	N	F	0.9810994519423772	AF-P60484-F1-model_v4.pdb	311
P60484	311	N	G	0.946441025293436	AF-P60484-F1-model_v4.pdb	311
P60484	311	N	A	0.799923530167628	AF-P60484-F1-model_v4.pdb	311
P60484	311	N	I	0.7142334857739119	AF-P60484-F1-model_v4.pdb	311
P60484	312	D	W	0.967647063541326	AF-P60484-F1-model_v4.pdb	312
P60484	312	D	G	0.956246277229154	AF-P60484-F1-model_v4.pdb	312
P60484	312	D	L	0.770203000648244	AF-P60484-F1-model_v4.pdb	312
P60484	312	D	R	0.948565770175057	AF-P60484-F1-model_v4.pdb	312
P60484	312	D	T	1.03438910485312	AF-P60484-F1-model_v4.pdb	312
P60484	312	D	V	0.784320261182527	AF-P60484-F1-model_v4.pdb	312
P60484	312	D	P	1.115782617605	AF-P60484-F1-model_v4.pdb	312
P60484	313	K	I	1.06217504085137	AF-P60484-F1-model_v4.pdb	313
P60484	313	K	G	0.927150025383133	AF-P60484-F1-model_v4.pdb	313
P60484	313	K	Y	0.9905539475353292	AF-P60484-F1-model_v4.pdb	313
P60484	313	K	*	0.0069853988604155	AF-P60484-F1-model_v4.pdb	313
P60484	313	K	W	0.969215167002086	AF-P60484-F1-model_v4.pdb	313
P60484	313	K	F	0.644707145243634	AF-P60484-F1-model_v4.pdb	313
P60484	313	K	S	1.01356480539454	AF-P60484-F1-model_v4.pdb	313
P60484	313	K	R	0.9012745741981792	AF-P60484-F1-model_v4.pdb	313
P60484	313	K	P	1.04883960694665	AF-P60484-F1-model_v4.pdb	313
P60484	313	K	V	0.75640285703797	AF-P60484-F1-model_v4.pdb	313
P60484	313	K	L	0.8389309815616691	AF-P60484-F1-model_v4.pdb	313
P60484	314	E	V	0.87069526902653	AF-P60484-F1-model_v4.pdb	314
P60484	314	E	T	1.05717645284771	AF-P60484-F1-model_v4.pdb	314
P60484	314	E	G	0.7404491303095571	AF-P60484-F1-model_v4.pdb	314
P60484	314	E	A	0.837701749942971	AF-P60484-F1-model_v4.pdb	314
P60484	314	E	P	1.04584606995747	AF-P60484-F1-model_v4.pdb	314
P60484	315	Y	A	0.7449872532761891	AF-P60484-F1-model_v4.pdb	315
P60484	315	Y	G	0.5944545902619829	AF-P60484-F1-model_v4.pdb	315
P60484	315	Y	K	0.7224756070826441	AF-P60484-F1-model_v4.pdb	315
P60484	315	Y	L	0.8158662732733529	AF-P60484-F1-model_v4.pdb	315
P60484	315	Y	M	1.1235777656007802	AF-P60484-F1-model_v4.pdb	315
P60484	315	Y	P	0.8968537703492739	AF-P60484-F1-model_v4.pdb	315
P60484	315	Y	R	0.6955817584098589	AF-P60484-F1-model_v4.pdb	315
P60484	315	Y	T	0.6870869759054921	AF-P60484-F1-model_v4.pdb	315
P60484	315	Y	V	0.815146947168601	AF-P60484-F1-model_v4.pdb	315
P60484	315	Y	D	0.626096867473785	AF-P60484-F1-model_v4.pdb	315
P60484	315	Y	E	0.7838054041817869	AF-P60484-F1-model_v4.pdb	315
P60484	316	L	A	1.15045761053678	AF-P60484-F1-model_v4.pdb	316
P60484	316	L	F	1.3835348717208502	AF-P60484-F1-model_v4.pdb	316
P60484	316	L	E	0.7717248603550841	AF-P60484-F1-model_v4.pdb	316
P60484	316	L	T	0.8338679961781691	AF-P60484-F1-model_v4.pdb	316
P60484	316	L	S	1.118463786364	AF-P60484-F1-model_v4.pdb	316
P60484	318	L	T	0.70701897586957	AF-P60484-F1-model_v4.pdb	318
P60484	318	L	A	0.850129471886048	AF-P60484-F1-model_v4.pdb	318
P60484	318	L	C	0.893888134918842	AF-P60484-F1-model_v4.pdb	318
P60484	318	L	D	0.5688073597976689	AF-P60484-F1-model_v4.pdb	318
P60484	318	L	E	0.7818362120784169	AF-P60484-F1-model_v4.pdb	318
P60484	318	L	F	0.681823695145703	AF-P60484-F1-model_v4.pdb	318
P60484	318	L	G	0.449298321379151	AF-P60484-F1-model_v4.pdb	318
P60484	318	L	V	0.903112263945604	AF-P60484-F1-model_v4.pdb	318
P60484	318	L	Y	0.953541441008418	AF-P60484-F1-model_v4.pdb	318
P60484	318	L	*	-0.0734620936282006	AF-P60484-F1-model_v4.pdb	318
P60484	318	L	W	0.5585546905482099	AF-P60484-F1-model_v4.pdb	318
P60484	318	L	P	0.3567317183480309	AF-P60484-F1-model_v4.pdb	318
P60484	318	L	Q	0.85374236593199	AF-P60484-F1-model_v4.pdb	318
P60484	318	L	R	0.6138272079827739	AF-P60484-F1-model_v4.pdb	318
P60484	318	L	S	0.8498965513850629	AF-P60484-F1-model_v4.pdb	318
P60484	318	L	N	0.52543635995462	AF-P60484-F1-model_v4.pdb	318
P60484	318	L	M	0.8556831636154141	AF-P60484-F1-model_v4.pdb	318
P60484	319	T	P	0.727899818156855	AF-P60484-F1-model_v4.pdb	319
P60484	319	T	N	0.633473422845564	AF-P60484-F1-model_v4.pdb	319
P60484	319	T	F	0.509712561097409	AF-P60484-F1-model_v4.pdb	319
P60484	319	T	E	0.9594589421817892	AF-P60484-F1-model_v4.pdb	319
P60484	319	T	G	0.7418246078523292	AF-P60484-F1-model_v4.pdb	319
P60484	319	T	I	0.8274920435659301	AF-P60484-F1-model_v4.pdb	319
P60484	319	T	H	0.632096312681855	AF-P60484-F1-model_v4.pdb	319
P60484	319	T	D	0.644875509674516	AF-P60484-F1-model_v4.pdb	319
P60484	319	T	Q	1.05681111849949	AF-P60484-F1-model_v4.pdb	319
P60484	319	T	M	1.03431479167888	AF-P60484-F1-model_v4.pdb	319
P60484	319	T	R	0.6362910891054371	AF-P60484-F1-model_v4.pdb	319
P60484	319	T	S	0.8181394589573421	AF-P60484-F1-model_v4.pdb	319
P60484	319	T	V	0.896190423826103	AF-P60484-F1-model_v4.pdb	319
P60484	319	T	Y	0.6823029376135961	AF-P60484-F1-model_v4.pdb	319
P60484	319	T	C	1.06443602226353	AF-P60484-F1-model_v4.pdb	319
P60484	319	T	K	0.853621212234713	AF-P60484-F1-model_v4.pdb	319
P60484	319	T	L	0.7443342840883249	AF-P60484-F1-model_v4.pdb	319
P60484	320	L	I	0.533193414078245	AF-P60484-F1-model_v4.pdb	320
P60484	320	L	H	0.110649921925835	AF-P60484-F1-model_v4.pdb	320
P60484	320	L	G	0.3392443710588669	AF-P60484-F1-model_v4.pdb	320
P60484	320	L	C	0.51321490157002	AF-P60484-F1-model_v4.pdb	320
P60484	320	L	E	0.228658991363171	AF-P60484-F1-model_v4.pdb	320
P60484	320	L	D	0.388819180258406	AF-P60484-F1-model_v4.pdb	320
P60484	320	L	M	0.9845800427773672	AF-P60484-F1-model_v4.pdb	320
P60484	320	L	A	0.399493381813167	AF-P60484-F1-model_v4.pdb	320
P60484	320	L	F	0.8021152848169809	AF-P60484-F1-model_v4.pdb	320
P60484	320	L	N	0.2568851900936389	AF-P60484-F1-model_v4.pdb	320
P60484	320	L	Q	0.401395325920823	AF-P60484-F1-model_v4.pdb	320
P60484	320	L	R	0.39533122593485	AF-P60484-F1-model_v4.pdb	320
P60484	320	L	S	0.279471748319076	AF-P60484-F1-model_v4.pdb	320
P60484	320	L	V	0.5763092599530729	AF-P60484-F1-model_v4.pdb	320
P60484	320	L	Y	0.575172973780522	AF-P60484-F1-model_v4.pdb	320
P60484	321	T	F	0.8781919945821869	AF-P60484-F1-model_v4.pdb	321
P60484	321	T	G	0.824734456894353	AF-P60484-F1-model_v4.pdb	321
P60484	321	T	C	0.935582854793894	AF-P60484-F1-model_v4.pdb	321
P60484	321	T	H	1.17416346617902	AF-P60484-F1-model_v4.pdb	321
P60484	321	T	A	0.9553519766315792	AF-P60484-F1-model_v4.pdb	321
P60484	321	T	L	0.9826096372151558	AF-P60484-F1-model_v4.pdb	321
P60484	321	T	M	0.8481209817161809	AF-P60484-F1-model_v4.pdb	321
P60484	321	T	D	1.00895247149609	AF-P60484-F1-model_v4.pdb	321
P60484	321	T	N	1.0038598776131	AF-P60484-F1-model_v4.pdb	321
P60484	321	T	P	0.932955760949432	AF-P60484-F1-model_v4.pdb	321
P60484	321	T	Q	1.17433217464152	AF-P60484-F1-model_v4.pdb	321
P60484	321	T	R	0.945026124732251	AF-P60484-F1-model_v4.pdb	321
P60484	321	T	Y	1.07761890905298	AF-P60484-F1-model_v4.pdb	321
P60484	321	T	W	0.596297213130327	AF-P60484-F1-model_v4.pdb	321
P60484	321	T	E	1.21814765152752	AF-P60484-F1-model_v4.pdb	321
P60484	321	T	V	0.770416630716784	AF-P60484-F1-model_v4.pdb	321
P60484	321	T	S	0.806351268541068	AF-P60484-F1-model_v4.pdb	321
P60484	322	K	V	0.6261622505908729	AF-P60484-F1-model_v4.pdb	322
P60484	322	K	W	0.387366305749926	AF-P60484-F1-model_v4.pdb	322
P60484	322	K	A	0.578619526443301	AF-P60484-F1-model_v4.pdb	322
P60484	322	K	F	0.320733840865307	AF-P60484-F1-model_v4.pdb	322
P60484	322	K	*	0.17471899726415	AF-P60484-F1-model_v4.pdb	322
P60484	322	K	T	0.6560825249027371	AF-P60484-F1-model_v4.pdb	322
P60484	322	K	G	0.3919227319178621	AF-P60484-F1-model_v4.pdb	322
P60484	322	K	R	0.688768450981198	AF-P60484-F1-model_v4.pdb	322
P60484	322	K	Q	0.773274433984436	AF-P60484-F1-model_v4.pdb	322
P60484	322	K	I	0.532514710446602	AF-P60484-F1-model_v4.pdb	322
P60484	322	K	L	0.8258762261839201	AF-P60484-F1-model_v4.pdb	322
P60484	322	K	P	0.32939726098902	AF-P60484-F1-model_v4.pdb	322
P60484	322	K	S	0.4587216719774079	AF-P60484-F1-model_v4.pdb	322
P60484	325	L	A	0.349862968290912	AF-P60484-F1-model_v4.pdb	325
P60484	325	L	Y	0.565113476409337	AF-P60484-F1-model_v4.pdb	325
P60484	325	L	V	0.595291481431284	AF-P60484-F1-model_v4.pdb	325
P60484	325	L	T	0.411953527649451	AF-P60484-F1-model_v4.pdb	325
P60484	325	L	R	0.234710831834181	AF-P60484-F1-model_v4.pdb	325
P60484	325	L	Q	0.347915507691866	AF-P60484-F1-model_v4.pdb	325
P60484	325	L	P	0.210270328182054	AF-P60484-F1-model_v4.pdb	325
P60484	325	L	N	0.369651229203428	AF-P60484-F1-model_v4.pdb	325
P60484	325	L	G	0.202504279232018	AF-P60484-F1-model_v4.pdb	325
P60484	325	L	I	0.790362657748025	AF-P60484-F1-model_v4.pdb	325
P60484	325	L	S	0.254802772497559	AF-P60484-F1-model_v4.pdb	325
P60484	325	L	M	0.410122205058788	AF-P60484-F1-model_v4.pdb	325
P60484	325	L	F	0.3779497910029041	AF-P60484-F1-model_v4.pdb	325
P60484	325	L	E	0.3737255003613521	AF-P60484-F1-model_v4.pdb	325
P60484	329	N	V	0.70605846385443	AF-P60484-F1-model_v4.pdb	329
P60484	329	N	Y	0.653121220456322	AF-P60484-F1-model_v4.pdb	329
P60484	329	N	*	0.181667757757237	AF-P60484-F1-model_v4.pdb	329
P60484	329	N	W	0.6232086828313511	AF-P60484-F1-model_v4.pdb	329
P60484	329	N	F	0.732664390873878	AF-P60484-F1-model_v4.pdb	329
P60484	329	N	S	0.749898592594435	AF-P60484-F1-model_v4.pdb	329
P60484	329	N	R	0.7029976906271259	AF-P60484-F1-model_v4.pdb	329
P60484	329	N	L	0.484039774448128	AF-P60484-F1-model_v4.pdb	329
P60484	329	N	P	0.533661019582005	AF-P60484-F1-model_v4.pdb	329
P60484	329	N	M	0.6391622084895451	AF-P60484-F1-model_v4.pdb	329
P60484	329	N	G	0.5595157080354379	AF-P60484-F1-model_v4.pdb	329
P60484	329	N	A	0.690134143937248	AF-P60484-F1-model_v4.pdb	329
P60484	329	N	C	0.566371070169384	AF-P60484-F1-model_v4.pdb	329
P60484	329	N	D	0.734009454583471	AF-P60484-F1-model_v4.pdb	329
P60484	329	N	Q	0.725202702463654	AF-P60484-F1-model_v4.pdb	329
P60484	330	K	G	0.558225431124464	AF-P60484-F1-model_v4.pdb	330
P60484	330	K	L	0.8282978407041341	AF-P60484-F1-model_v4.pdb	330
P60484	330	K	F	0.502102407960037	AF-P60484-F1-model_v4.pdb	330
P60484	330	K	M	0.6772298674116429	AF-P60484-F1-model_v4.pdb	330
P60484	330	K	N	0.7487676218704159	AF-P60484-F1-model_v4.pdb	330
P60484	330	K	I	0.6106271206393691	AF-P60484-F1-model_v4.pdb	330
P60484	330	K	E	0.5070690334983879	AF-P60484-F1-model_v4.pdb	330
P60484	330	K	Q	0.5412645814299221	AF-P60484-F1-model_v4.pdb	330
P60484	330	K	P	0.46927932467874	AF-P60484-F1-model_v4.pdb	330
P60484	330	K	Y	0.6252064080372429	AF-P60484-F1-model_v4.pdb	330
P60484	330	K	*	0.214584236238196	AF-P60484-F1-model_v4.pdb	330
P60484	330	K	W	0.45145133856741	AF-P60484-F1-model_v4.pdb	330
P60484	330	K	A	0.667039794948328	AF-P60484-F1-model_v4.pdb	330
P60484	330	K	T	0.786965201420476	AF-P60484-F1-model_v4.pdb	330
P60484	330	K	S	0.5791659941770151	AF-P60484-F1-model_v4.pdb	330
P60484	330	K	R	0.865930947108417	AF-P60484-F1-model_v4.pdb	330
P60484	330	K	V	0.557982260052656	AF-P60484-F1-model_v4.pdb	330
P60484	331	D	*	0.0702751304168732	AF-P60484-F1-model_v4.pdb	331
P60484	331	D	V	0.456352242861818	AF-P60484-F1-model_v4.pdb	331
P60484	331	D	T	0.12970658186651	AF-P60484-F1-model_v4.pdb	331
P60484	331	D	S	0.419452292820452	AF-P60484-F1-model_v4.pdb	331
P60484	331	D	P	-0.0388265460981176	AF-P60484-F1-model_v4.pdb	331
P60484	331	D	R	0.67006833458036	AF-P60484-F1-model_v4.pdb	331
P60484	331	D	K	0.756745183132822	AF-P60484-F1-model_v4.pdb	331
P60484	331	D	I	0.427978108126211	AF-P60484-F1-model_v4.pdb	331
P60484	331	D	G	0.4335779926963521	AF-P60484-F1-model_v4.pdb	331
P60484	331	D	E	0.504845869254376	AF-P60484-F1-model_v4.pdb	331
P60484	331	D	C	0.437496305396576	AF-P60484-F1-model_v4.pdb	331
P60484	331	D	A	0.448733936733307	AF-P60484-F1-model_v4.pdb	331
P60484	331	D	M	0.503989479132723	AF-P60484-F1-model_v4.pdb	331
P60484	331	D	L	0.331813980369354	AF-P60484-F1-model_v4.pdb	331
P60484	332	K	R	0.8474361002625559	AF-P60484-F1-model_v4.pdb	332
P60484	332	K	W	0.915707593140245	AF-P60484-F1-model_v4.pdb	332
P60484	332	K	V	1.0300039090176198	AF-P60484-F1-model_v4.pdb	332
P60484	332	K	T	1.11456566375912	AF-P60484-F1-model_v4.pdb	332
P60484	332	K	S	0.9058736367139052	AF-P60484-F1-model_v4.pdb	332
P60484	332	K	G	0.808065706980733	AF-P60484-F1-model_v4.pdb	332
P60484	332	K	L	0.890679937712097	AF-P60484-F1-model_v4.pdb	332
P60484	332	K	N	0.6613733586404289	AF-P60484-F1-model_v4.pdb	332
P60484	332	K	A	0.767308993227104	AF-P60484-F1-model_v4.pdb	332
P60484	332	K	Q	0.5998445758126519	AF-P60484-F1-model_v4.pdb	332
P60484	332	K	E	0.596136086976113	AF-P60484-F1-model_v4.pdb	332
P60484	332	K	D	0.8288373907628042	AF-P60484-F1-model_v4.pdb	332
P60484	333	A	D	1.01605270821917	AF-P60484-F1-model_v4.pdb	333
P60484	333	A	V	0.982188436850946	AF-P60484-F1-model_v4.pdb	333
P60484	333	A	T	1.02857607609032	AF-P60484-F1-model_v4.pdb	333
P60484	333	A	S	0.954226935538272	AF-P60484-F1-model_v4.pdb	333
P60484	333	A	R	0.5674076328803879	AF-P60484-F1-model_v4.pdb	333
P60484	333	A	Q	0.5869586752028	AF-P60484-F1-model_v4.pdb	333
P60484	333	A	P	0.65493112899912	AF-P60484-F1-model_v4.pdb	333
P60484	333	A	N	1.00882607139514	AF-P60484-F1-model_v4.pdb	333
P60484	333	A	K	0.631764929218119	AF-P60484-F1-model_v4.pdb	333
P60484	333	A	I	0.8476738434954609	AF-P60484-F1-model_v4.pdb	333
P60484	333	A	G	1.03869906922278	AF-P60484-F1-model_v4.pdb	333
P60484	333	A	F	1.06579986807803	AF-P60484-F1-model_v4.pdb	333
P60484	333	A	E	1.0600360786306	AF-P60484-F1-model_v4.pdb	333
P60484	333	A	M	0.8613447665918771	AF-P60484-F1-model_v4.pdb	333
P60484	333	A	L	0.886630001702107	AF-P60484-F1-model_v4.pdb	333
P60484	334	N	T	0.561270597404109	AF-P60484-F1-model_v4.pdb	334
P60484	334	N	S	0.9111384121626048	AF-P60484-F1-model_v4.pdb	334
P60484	334	N	L	0.501716543122622	AF-P60484-F1-model_v4.pdb	334
P60484	334	N	A	0.721561682828328	AF-P60484-F1-model_v4.pdb	334
P60484	334	N	I	0.530441174989745	AF-P60484-F1-model_v4.pdb	334
P60484	334	N	G	0.8570212837293929	AF-P60484-F1-model_v4.pdb	334
P60484	334	N	E	0.681679911771228	AF-P60484-F1-model_v4.pdb	334
P60484	334	N	D	0.817327236334725	AF-P60484-F1-model_v4.pdb	334
P60484	334	N	F	0.6593917530532559	AF-P60484-F1-model_v4.pdb	334
P60484	334	N	M	0.6493155611675601	AF-P60484-F1-model_v4.pdb	334
P60484	334	N	P	0.343190115378163	AF-P60484-F1-model_v4.pdb	334
P60484	334	N	Q	0.56313667320894	AF-P60484-F1-model_v4.pdb	334
P60484	334	N	R	0.509259093630352	AF-P60484-F1-model_v4.pdb	334
P60484	334	N	K	0.5834599078491679	AF-P60484-F1-model_v4.pdb	334
P60484	334	N	V	0.465450242996928	AF-P60484-F1-model_v4.pdb	334
P60484	334	N	W	0.499583138756768	AF-P60484-F1-model_v4.pdb	334
P60484	334	N	*	0.461493285957239	AF-P60484-F1-model_v4.pdb	334
P60484	334	N	Y	0.6800213542553369	AF-P60484-F1-model_v4.pdb	334
P60484	335	R	L	0.981700494842477	AF-P60484-F1-model_v4.pdb	335
P60484	335	R	E	1.01320196878833	AF-P60484-F1-model_v4.pdb	335
P60484	335	R	G	0.8521420100028381	AF-P60484-F1-model_v4.pdb	335
P60484	336	Y	*	0.106999617825399	AF-P60484-F1-model_v4.pdb	336
P60484	336	Y	A	0.714067820472588	AF-P60484-F1-model_v4.pdb	336
P60484	336	Y	S	0.6723722143202541	AF-P60484-F1-model_v4.pdb	336
P60484	337	F	M	0.450711725400299	AF-P60484-F1-model_v4.pdb	337
P60484	337	F	A	0.3658106510910329	AF-P60484-F1-model_v4.pdb	337
P60484	337	F	C	0.3146269587085969	AF-P60484-F1-model_v4.pdb	337
P60484	337	F	E	0.3009540514291889	AF-P60484-F1-model_v4.pdb	337
P60484	337	F	G	0.250596145320554	AF-P60484-F1-model_v4.pdb	337
P60484	337	F	I	0.554717458980589	AF-P60484-F1-model_v4.pdb	337
P60484	337	F	K	0.337568396064981	AF-P60484-F1-model_v4.pdb	337
P60484	337	F	P	0.239049873339043	AF-P60484-F1-model_v4.pdb	337
P60484	337	F	L	0.506332348946305	AF-P60484-F1-model_v4.pdb	337
P60484	337	F	V	0.563869810538395	AF-P60484-F1-model_v4.pdb	337
P60484	337	F	*	0.152833065313586	AF-P60484-F1-model_v4.pdb	337
P60484	337	F	Q	0.423246212217997	AF-P60484-F1-model_v4.pdb	337
P60484	337	F	R	0.243857771664925	AF-P60484-F1-model_v4.pdb	337
P60484	337	F	S	0.282165307075425	AF-P60484-F1-model_v4.pdb	337
P60484	337	F	T	0.264077833821711	AF-P60484-F1-model_v4.pdb	337
P60484	337	F	W	0.484504284081688	AF-P60484-F1-model_v4.pdb	337
P60484	338	S	F	0.6426565786028261	AF-P60484-F1-model_v4.pdb	338
P60484	339	P	V	0.7636609592613309	AF-P60484-F1-model_v4.pdb	339
P60484	339	P	G	0.714313540305569	AF-P60484-F1-model_v4.pdb	339
P60484	340	N	G	1.1290835908897598	AF-P60484-F1-model_v4.pdb	340
P60484	340	N	K	1.07688197153853	AF-P60484-F1-model_v4.pdb	340
P60484	340	N	L	0.8505535726141271	AF-P60484-F1-model_v4.pdb	340
P60484	340	N	R	0.9361096274257272	AF-P60484-F1-model_v4.pdb	340
P60484	341	F	Y	0.413877794711843	AF-P60484-F1-model_v4.pdb	341
P60484	341	F	P	0.27979327320469	AF-P60484-F1-model_v4.pdb	341
P60484	341	F	S	0.197387644490131	AF-P60484-F1-model_v4.pdb	341
P60484	341	F	M	0.566836747739885	AF-P60484-F1-model_v4.pdb	341
P60484	341	F	L	0.4091631869636261	AF-P60484-F1-model_v4.pdb	341
P60484	341	F	G	0.2792333176741889	AF-P60484-F1-model_v4.pdb	341
P60484	341	F	E	0.341100046469746	AF-P60484-F1-model_v4.pdb	341
P60484	341	F	V	0.733375888684029	AF-P60484-F1-model_v4.pdb	341
P60484	341	F	C	0.459690684466863	AF-P60484-F1-model_v4.pdb	341
P60484	342	K	T	0.748371732109288	AF-P60484-F1-model_v4.pdb	342
P60484	342	K	V	0.662578380838626	AF-P60484-F1-model_v4.pdb	342
P60484	342	K	L	0.985996296301974	AF-P60484-F1-model_v4.pdb	342
P60484	342	K	Q	0.7487948654085571	AF-P60484-F1-model_v4.pdb	342
P60484	342	K	N	0.971595592390556	AF-P60484-F1-model_v4.pdb	342
P60484	342	K	A	0.961273894122312	AF-P60484-F1-model_v4.pdb	342
P60484	342	K	G	0.50687172433632	AF-P60484-F1-model_v4.pdb	342
P60484	342	K	H	1.0690947183529	AF-P60484-F1-model_v4.pdb	342
P60484	342	K	I	0.520012047945448	AF-P60484-F1-model_v4.pdb	342
P60484	342	K	R	0.9761751716352092	AF-P60484-F1-model_v4.pdb	342
P60484	343	V	Y	0.241793704244227	AF-P60484-F1-model_v4.pdb	343
P60484	343	V	*	0.298687062236106	AF-P60484-F1-model_v4.pdb	343
P60484	343	V	W	0.2375410773833589	AF-P60484-F1-model_v4.pdb	343
P60484	343	V	T	0.60597541851284	AF-P60484-F1-model_v4.pdb	343
P60484	343	V	R	0.318629162406075	AF-P60484-F1-model_v4.pdb	343
P60484	343	V	Q	0.249949353801057	AF-P60484-F1-model_v4.pdb	343
P60484	343	V	S	0.319936433681216	AF-P60484-F1-model_v4.pdb	343
P60484	343	V	N	0.271247181033957	AF-P60484-F1-model_v4.pdb	343
P60484	343	V	L	0.973962768143082	AF-P60484-F1-model_v4.pdb	343
P60484	343	V	K	0.3887159012677521	AF-P60484-F1-model_v4.pdb	343
P60484	343	V	H	0.265420914443037	AF-P60484-F1-model_v4.pdb	343
P60484	343	V	G	0.272373138901874	AF-P60484-F1-model_v4.pdb	343
P60484	343	V	F	0.132908938062953	AF-P60484-F1-model_v4.pdb	343
P60484	343	V	E	0.211358005441246	AF-P60484-F1-model_v4.pdb	343
P60484	343	V	D	0.379379284402361	AF-P60484-F1-model_v4.pdb	343
P60484	343	V	C	0.962139523207664	AF-P60484-F1-model_v4.pdb	343
P60484	343	V	P	0.4345162460410621	AF-P60484-F1-model_v4.pdb	343
P60484	343	V	A	0.456176152289561	AF-P60484-F1-model_v4.pdb	343
P60484	344	K	R	1.07949997075628	AF-P60484-F1-model_v4.pdb	344
P60484	344	K	S	0.898629915317418	AF-P60484-F1-model_v4.pdb	344
P60484	344	K	T	0.9952362744107192	AF-P60484-F1-model_v4.pdb	344
P60484	344	K	Y	1.03448274063546	AF-P60484-F1-model_v4.pdb	344
P60484	344	K	W	0.950760875555463	AF-P60484-F1-model_v4.pdb	344
P60484	344	K	*	0.246717350551865	AF-P60484-F1-model_v4.pdb	344
P60484	344	K	V	0.9035089496318192	AF-P60484-F1-model_v4.pdb	344
P60484	344	K	Q	0.8969555149595579	AF-P60484-F1-model_v4.pdb	344
P60484	344	K	H	0.976436164908275	AF-P60484-F1-model_v4.pdb	344
P60484	344	K	M	1.1027492906495	AF-P60484-F1-model_v4.pdb	344
P60484	344	K	L	0.947400785944933	AF-P60484-F1-model_v4.pdb	344
P60484	344	K	I	1.12450141447187	AF-P60484-F1-model_v4.pdb	344
P60484	344	K	G	0.54630793578046	AF-P60484-F1-model_v4.pdb	344
P60484	344	K	E	0.6797218084826488	AF-P60484-F1-model_v4.pdb	344
P60484	344	K	D	0.33864642595621	AF-P60484-F1-model_v4.pdb	344
P60484	344	K	C	0.862575321664446	AF-P60484-F1-model_v4.pdb	344
P60484	344	K	A	0.4097505868662261	AF-P60484-F1-model_v4.pdb	344
P60484	344	K	P	0.306639759572953	AF-P60484-F1-model_v4.pdb	344
P60484	345	L	T	0.801720296346692	AF-P60484-F1-model_v4.pdb	345
P60484	345	L	N	0.719861098804889	AF-P60484-F1-model_v4.pdb	345
P60484	345	L	Y	0.169947387840614	AF-P60484-F1-model_v4.pdb	345
P60484	345	L	R	0.232655303011966	AF-P60484-F1-model_v4.pdb	345
P60484	345	L	P	0.190994040937337	AF-P60484-F1-model_v4.pdb	345
P60484	345	L	M	0.9934743241945648	AF-P60484-F1-model_v4.pdb	345
P60484	345	L	S	0.834954212781889	AF-P60484-F1-model_v4.pdb	345
P60484	345	L	G	0.7791583715711509	AF-P60484-F1-model_v4.pdb	345
P60484	345	L	E	0.2739588617386689	AF-P60484-F1-model_v4.pdb	345
P60484	345	L	D	0.2477550890044289	AF-P60484-F1-model_v4.pdb	345
P60484	345	L	*	0.575647760800722	AF-P60484-F1-model_v4.pdb	345
P60484	345	L	W	0.307126287122237	AF-P60484-F1-model_v4.pdb	345
P60484	345	L	V	0.8633564533144699	AF-P60484-F1-model_v4.pdb	345
P60484	345	L	A	0.863269789863234	AF-P60484-F1-model_v4.pdb	345
P60484	345	L	K	0.305155912901502	AF-P60484-F1-model_v4.pdb	345
P60484	346	Y	W	0.6241529166696109	AF-P60484-F1-model_v4.pdb	346
P60484	346	Y	V	0.488865566943974	AF-P60484-F1-model_v4.pdb	346
P60484	346	Y	T	0.456285235785251	AF-P60484-F1-model_v4.pdb	346
P60484	346	Y	S	0.513751858999666	AF-P60484-F1-model_v4.pdb	346
P60484	346	Y	R	0.228649491190684	AF-P60484-F1-model_v4.pdb	346
P60484	346	Y	Q	0.3103890451421261	AF-P60484-F1-model_v4.pdb	346
P60484	346	Y	P	0.291963716716002	AF-P60484-F1-model_v4.pdb	346
P60484	346	Y	K	0.145718222818553	AF-P60484-F1-model_v4.pdb	346
P60484	346	Y	I	0.533742443902108	AF-P60484-F1-model_v4.pdb	346
P60484	346	Y	H	0.626843569672063	AF-P60484-F1-model_v4.pdb	346
P60484	346	Y	G	0.222964415264023	AF-P60484-F1-model_v4.pdb	346
P60484	346	Y	E	0.285186737728275	AF-P60484-F1-model_v4.pdb	346
P60484	346	Y	C	0.524993218379736	AF-P60484-F1-model_v4.pdb	346
P60484	346	Y	A	0.392016988505603	AF-P60484-F1-model_v4.pdb	346
P60484	346	Y	M	0.6256203333453499	AF-P60484-F1-model_v4.pdb	346
P60484	347	F	Y	0.435061533388402	AF-P60484-F1-model_v4.pdb	347
P60484	347	F	*	0.0881342666313141	AF-P60484-F1-model_v4.pdb	347
P60484	347	F	W	0.443512880142118	AF-P60484-F1-model_v4.pdb	347
P60484	347	F	V	0.354694323000546	AF-P60484-F1-model_v4.pdb	347
P60484	347	F	R	0.290893077765346	AF-P60484-F1-model_v4.pdb	347
P60484	347	F	Q	0.152298571389066	AF-P60484-F1-model_v4.pdb	347
P60484	347	F	N	0.257321303728654	AF-P60484-F1-model_v4.pdb	347
P60484	347	F	P	0.418394353692584	AF-P60484-F1-model_v4.pdb	347
P60484	347	F	L	0.6069293073563979	AF-P60484-F1-model_v4.pdb	347
P60484	347	F	K	0.331731595604186	AF-P60484-F1-model_v4.pdb	347
P60484	347	F	I	0.391825682548386	AF-P60484-F1-model_v4.pdb	347
P60484	347	F	H	0.2956627184718549	AF-P60484-F1-model_v4.pdb	347
P60484	347	F	G	0.278923049647174	AF-P60484-F1-model_v4.pdb	347
P60484	347	F	E	0.24280525331759	AF-P60484-F1-model_v4.pdb	347
P60484	347	F	C	0.476020089452938	AF-P60484-F1-model_v4.pdb	347
P60484	347	F	M	0.4470906413838549	AF-P60484-F1-model_v4.pdb	347
P60484	347	F	A	0.337742865846048	AF-P60484-F1-model_v4.pdb	347
P60484	348	T	V	0.112771759282194	AF-P60484-F1-model_v4.pdb	348
P60484	348	T	R	0.6644442257312929	AF-P60484-F1-model_v4.pdb	348
P60484	348	T	F	0.286906652742366	AF-P60484-F1-model_v4.pdb	348
P60484	348	T	D	0.280842001572572	AF-P60484-F1-model_v4.pdb	348
P60484	349	K	G	0.999502331682917	AF-P60484-F1-model_v4.pdb	349
P60484	349	K	S	0.8813519102447379	AF-P60484-F1-model_v4.pdb	349
P60484	349	K	T	0.69083530432878	AF-P60484-F1-model_v4.pdb	349
P60484	351	V	*	0.8252446704283571	AF-P60484-F1-model_v4.pdb	351
P60484	351	V	S	0.99098835857265	AF-P60484-F1-model_v4.pdb	351
P60484	351	V	Q	1.18551940244244	AF-P60484-F1-model_v4.pdb	351
P60484	351	V	G	1.13328306328096	AF-P60484-F1-model_v4.pdb	351
P60484	351	V	L	0.886054940683064	AF-P60484-F1-model_v4.pdb	351
P60484	351	V	K	0.8010156282254091	AF-P60484-F1-model_v4.pdb	351
P60484	351	V	I	1.19004665068005	AF-P60484-F1-model_v4.pdb	351
P60484	351	V	D	0.9637447433127592	AF-P60484-F1-model_v4.pdb	351
P60484	351	V	P	1.16268186693299	AF-P60484-F1-model_v4.pdb	351
P60484	354	P	Y	0.873161874301751	AF-P60484-F1-model_v4.pdb	354
P60484	354	P	W	0.7860210188689271	AF-P60484-F1-model_v4.pdb	354
P60484	354	P	Q	1.1960479534968402	AF-P60484-F1-model_v4.pdb	354
P60484	354	P	T	0.8894163652365759	AF-P60484-F1-model_v4.pdb	354
P60484	354	P	S	0.6824720356882751	AF-P60484-F1-model_v4.pdb	354
P60484	354	P	R	0.952042265790708	AF-P60484-F1-model_v4.pdb	354
P60484	354	P	M	0.765497854352606	AF-P60484-F1-model_v4.pdb	354
P60484	354	P	V	0.6921636260626669	AF-P60484-F1-model_v4.pdb	354
P60484	354	P	K	1.18432003966278	AF-P60484-F1-model_v4.pdb	354
P60484	354	P	I	1.02948476811416	AF-P60484-F1-model_v4.pdb	354
P60484	354	P	H	0.907497728108398	AF-P60484-F1-model_v4.pdb	354
P60484	354	P	G	0.886169101191283	AF-P60484-F1-model_v4.pdb	354
P60484	354	P	F	1.09648693847985	AF-P60484-F1-model_v4.pdb	354
P60484	354	P	E	0.6606500203808361	AF-P60484-F1-model_v4.pdb	354
P60484	354	P	D	0.961723050537503	AF-P60484-F1-model_v4.pdb	354
P60484	354	P	C	1.1310419496501798	AF-P60484-F1-model_v4.pdb	354
P60484	354	P	A	1.06832778101133	AF-P60484-F1-model_v4.pdb	354
P60484	354	P	L	0.734344246245763	AF-P60484-F1-model_v4.pdb	354
P60484	355	S	W	1.20895947567195	AF-P60484-F1-model_v4.pdb	355
P60484	355	S	T	0.8501124965011391	AF-P60484-F1-model_v4.pdb	355
P60484	355	S	R	0.919709850831519	AF-P60484-F1-model_v4.pdb	355
P60484	355	S	P	0.9290275131723952	AF-P60484-F1-model_v4.pdb	355
P60484	355	S	D	1.16079025969314	AF-P60484-F1-model_v4.pdb	355
P60484	355	S	I	0.961676049501803	AF-P60484-F1-model_v4.pdb	355
P60484	355	S	G	0.957178805757598	AF-P60484-F1-model_v4.pdb	355
P60484	355	S	E	0.759828707540591	AF-P60484-F1-model_v4.pdb	355
P60484	355	S	C	1.15577453568136	AF-P60484-F1-model_v4.pdb	355
P60484	355	S	A	1.0258447494380798	AF-P60484-F1-model_v4.pdb	355
P60484	355	S	L	0.93211204439033	AF-P60484-F1-model_v4.pdb	355
P60484	356	N	T	1.05500087136034	AF-P60484-F1-model_v4.pdb	356
P60484	356	N	F	0.7999923657108801	AF-P60484-F1-model_v4.pdb	356
P60484	356	N	E	1.03309902500103	AF-P60484-F1-model_v4.pdb	356
P60484	356	N	R	0.8380723770392801	AF-P60484-F1-model_v4.pdb	356
P60484	357	P	A	0.835857891568072	AF-P60484-F1-model_v4.pdb	357
P60484	357	P	G	0.855357178236668	AF-P60484-F1-model_v4.pdb	357
P60484	357	P	L	1.0429849709836898	AF-P60484-F1-model_v4.pdb	357
P60484	357	P	Q	0.4743838939963739	AF-P60484-F1-model_v4.pdb	357
P60484	357	P	R	1.06078320397077	AF-P60484-F1-model_v4.pdb	357
P60484	357	P	S	0.7403901002614071	AF-P60484-F1-model_v4.pdb	357
P60484	357	P	V	1.14050045252875	AF-P60484-F1-model_v4.pdb	357
P60484	358	E	V	0.945935975493	AF-P60484-F1-model_v4.pdb	358
P60484	358	E	S	1.0201606410134398	AF-P60484-F1-model_v4.pdb	358
P60484	358	E	H	0.8458666411606429	AF-P60484-F1-model_v4.pdb	358
P60484	358	E	L	1.09364517408692	AF-P60484-F1-model_v4.pdb	358
P60484	358	E	G	1.16739776687126	AF-P60484-F1-model_v4.pdb	358
P60484	358	E	M	1.0649886882659	AF-P60484-F1-model_v4.pdb	358
P60484	360	S	P	0.417336740446875	AF-P60484-F1-model_v4.pdb	360
P60484	360	S	W	1.0820745924291	AF-P60484-F1-model_v4.pdb	360
P60484	360	S	N	1.30734284931409	AF-P60484-F1-model_v4.pdb	360
P60484	360	S	R	0.903788582745596	AF-P60484-F1-model_v4.pdb	360
P60484	360	S	L	1.09742995745493	AF-P60484-F1-model_v4.pdb	360
P60484	360	S	G	0.978379891675762	AF-P60484-F1-model_v4.pdb	360
P60484	360	S	M	0.941753963289774	AF-P60484-F1-model_v4.pdb	360
P60484	360	S	E	1.24241218539031	AF-P60484-F1-model_v4.pdb	360
P60484	360	S	K	0.911621935127062	AF-P60484-F1-model_v4.pdb	360
P60484	361	S	A	0.911139310157716	AF-P60484-F1-model_v4.pdb	361
P60484	361	S	W	0.6847837740659809	AF-P60484-F1-model_v4.pdb	361
P60484	361	S	V	0.920491862390174	AF-P60484-F1-model_v4.pdb	361
P60484	361	S	T	1.09395793712768	AF-P60484-F1-model_v4.pdb	361
P60484	361	S	R	0.914542730248498	AF-P60484-F1-model_v4.pdb	361
P60484	361	S	Q	1.326397791274	AF-P60484-F1-model_v4.pdb	361
P60484	361	S	P	1.2468503806733	AF-P60484-F1-model_v4.pdb	361
P60484	361	S	K	1.10602250744783	AF-P60484-F1-model_v4.pdb	361
P60484	361	S	I	1.10522554140386	AF-P60484-F1-model_v4.pdb	361
P60484	361	S	H	1.08740944210224	AF-P60484-F1-model_v4.pdb	361
P60484	361	S	G	1.07303251168917	AF-P60484-F1-model_v4.pdb	361
P60484	361	S	F	0.796954234764223	AF-P60484-F1-model_v4.pdb	361
P60484	361	S	C	0.810689875661802	AF-P60484-F1-model_v4.pdb	361
P60484	361	S	M	1.01890602468178	AF-P60484-F1-model_v4.pdb	361
P60484	361	S	L	0.9124197874572528	AF-P60484-F1-model_v4.pdb	361
P60484	362	S	T	0.909884101864116	AF-P60484-F1-model_v4.pdb	362
P60484	362	S	V	1.0866878041642	AF-P60484-F1-model_v4.pdb	362
P60484	362	S	R	0.980827542180945	AF-P60484-F1-model_v4.pdb	362
P60484	362	S	G	0.944931240074432	AF-P60484-F1-model_v4.pdb	362
P60484	362	S	E	1.19858464992033	AF-P60484-F1-model_v4.pdb	362
P60484	362	S	C	0.936853291147179	AF-P60484-F1-model_v4.pdb	362
P60484	362	S	L	0.9028506321255892	AF-P60484-F1-model_v4.pdb	362
P60484	363	T	Y	1.10658634450925	AF-P60484-F1-model_v4.pdb	363
P60484	363	T	*	0.457907175515084	AF-P60484-F1-model_v4.pdb	363
P60484	363	T	V	0.954240478646156	AF-P60484-F1-model_v4.pdb	363
P60484	363	T	R	0.922791520767022	AF-P60484-F1-model_v4.pdb	363
P60484	363	T	P	0.879434899579169	AF-P60484-F1-model_v4.pdb	363
P60484	363	T	S	1.20399392750074	AF-P60484-F1-model_v4.pdb	363
P60484	363	T	I	1.07577894447233	AF-P60484-F1-model_v4.pdb	363
P60484	363	T	G	1.02351640299137	AF-P60484-F1-model_v4.pdb	363
P60484	363	T	F	1.16262157073961	AF-P60484-F1-model_v4.pdb	363
P60484	363	T	E	1.18596667292735	AF-P60484-F1-model_v4.pdb	363
P60484	363	T	D	0.68844152173105	AF-P60484-F1-model_v4.pdb	363
P60484	363	T	C	1.28110945186521	AF-P60484-F1-model_v4.pdb	363
P60484	363	T	L	0.8711897948552091	AF-P60484-F1-model_v4.pdb	363
P60484	364	S	Y	1.0335903057118	AF-P60484-F1-model_v4.pdb	364
P60484	364	S	V	0.708761834337134	AF-P60484-F1-model_v4.pdb	364
P60484	364	S	T	1.1492930794693	AF-P60484-F1-model_v4.pdb	364
P60484	364	S	R	1.10192381458715	AF-P60484-F1-model_v4.pdb	364
P60484	364	S	P	1.09416141501805	AF-P60484-F1-model_v4.pdb	364
P60484	364	S	M	1.00370969071216	AF-P60484-F1-model_v4.pdb	364
P60484	364	S	Q	0.920235988198485	AF-P60484-F1-model_v4.pdb	364
P60484	364	S	K	0.6855131072636309	AF-P60484-F1-model_v4.pdb	364
P60484	364	S	A	0.733838875987859	AF-P60484-F1-model_v4.pdb	364
P60484	364	S	C	1.07039058843541	AF-P60484-F1-model_v4.pdb	364
P60484	364	S	D	1.1496763873016598	AF-P60484-F1-model_v4.pdb	364
P60484	364	S	L	1.0416301121527	AF-P60484-F1-model_v4.pdb	364
P60484	364	S	G	1.10947044215989	AF-P60484-F1-model_v4.pdb	364
P60484	364	S	H	0.8030424914348909	AF-P60484-F1-model_v4.pdb	364
P60484	364	S	E	1.1378446271969298	AF-P60484-F1-model_v4.pdb	364
P60484	365	V	*	0.430412121122537	AF-P60484-F1-model_v4.pdb	365
P60484	365	V	W	0.809438126387436	AF-P60484-F1-model_v4.pdb	365
P60484	365	V	T	0.814149137959165	AF-P60484-F1-model_v4.pdb	365
P60484	365	V	P	1.1127240533184	AF-P60484-F1-model_v4.pdb	365
P60484	365	V	R	0.917348498708865	AF-P60484-F1-model_v4.pdb	365
P60484	365	V	K	0.9491492881460628	AF-P60484-F1-model_v4.pdb	365
P60484	365	V	I	1.1409142543574	AF-P60484-F1-model_v4.pdb	365
P60484	365	V	F	0.923789981252913	AF-P60484-F1-model_v4.pdb	365
P60484	365	V	D	0.8240591322194891	AF-P60484-F1-model_v4.pdb	365
P60484	365	V	C	0.951021328506148	AF-P60484-F1-model_v4.pdb	365
P60484	365	V	A	1.08185566976877	AF-P60484-F1-model_v4.pdb	365
P60484	365	V	L	0.916678762766264	AF-P60484-F1-model_v4.pdb	365
P60484	366	T	Y	0.985328548715039	AF-P60484-F1-model_v4.pdb	366
P60484	366	T	W	1.0865476095704398	AF-P60484-F1-model_v4.pdb	366
P60484	366	T	V	0.9707190718057248	AF-P60484-F1-model_v4.pdb	366
P60484	366	T	R	1.00721771190338	AF-P60484-F1-model_v4.pdb	366
P60484	366	T	S	1.00134460920165	AF-P60484-F1-model_v4.pdb	366
P60484	366	T	L	1.13671409754958	AF-P60484-F1-model_v4.pdb	366
P60484	366	T	D	1.20981968678134	AF-P60484-F1-model_v4.pdb	366
P60484	366	T	E	1.15452516745349	AF-P60484-F1-model_v4.pdb	366
P60484	366	T	N	0.7378987300304181	AF-P60484-F1-model_v4.pdb	366
P60484	366	T	K	0.580247214684084	AF-P60484-F1-model_v4.pdb	366
P60484	366	T	G	0.954587503143391	AF-P60484-F1-model_v4.pdb	366
P60484	367	P	C	1.06178325685935	AF-P60484-F1-model_v4.pdb	367
P60484	367	P	W	1.00130337938233	AF-P60484-F1-model_v4.pdb	367
P60484	367	P	V	1.0729722332188	AF-P60484-F1-model_v4.pdb	367
P60484	367	P	T	1.0861295663785602	AF-P60484-F1-model_v4.pdb	367
P60484	367	P	R	0.8650443716320001	AF-P60484-F1-model_v4.pdb	367
P60484	367	P	S	0.844786324267701	AF-P60484-F1-model_v4.pdb	367
P60484	367	P	M	1.26013247011232	AF-P60484-F1-model_v4.pdb	367
P60484	367	P	L	0.813818432197346	AF-P60484-F1-model_v4.pdb	367
P60484	367	P	K	0.8730961790880201	AF-P60484-F1-model_v4.pdb	367
P60484	367	P	G	0.939889308670315	AF-P60484-F1-model_v4.pdb	367
P60484	367	P	E	1.23694747671438	AF-P60484-F1-model_v4.pdb	367
P60484	367	P	Q	0.9540403623915292	AF-P60484-F1-model_v4.pdb	367
P60484	368	D	V	0.9198520049516528	AF-P60484-F1-model_v4.pdb	368
P60484	368	D	S	0.7061496116924709	AF-P60484-F1-model_v4.pdb	368
P60484	368	D	R	1.05236513386479	AF-P60484-F1-model_v4.pdb	368
P60484	368	D	L	0.824771859815713	AF-P60484-F1-model_v4.pdb	368
P60484	368	D	I	0.776131965563533	AF-P60484-F1-model_v4.pdb	368
P60484	368	D	G	0.989320088057932	AF-P60484-F1-model_v4.pdb	368
P60484	368	D	E	0.991835008125155	AF-P60484-F1-model_v4.pdb	368
P60484	368	D	A	1.04405435553305	AF-P60484-F1-model_v4.pdb	368
P60484	368	D	H	0.739986538118539	AF-P60484-F1-model_v4.pdb	368
P60484	369	V	*	0.346763932945848	AF-P60484-F1-model_v4.pdb	369
P60484	369	V	W	0.648760043583925	AF-P60484-F1-model_v4.pdb	369
P60484	369	V	T	1.07361870604968	AF-P60484-F1-model_v4.pdb	369
P60484	369	V	S	0.397141422694447	AF-P60484-F1-model_v4.pdb	369
P60484	369	V	R	0.217625651820748	AF-P60484-F1-model_v4.pdb	369
P60484	369	V	M	0.848089794736155	AF-P60484-F1-model_v4.pdb	369
P60484	369	V	L	0.6908469497520799	AF-P60484-F1-model_v4.pdb	369
P60484	369	V	G	1.10023108744797	AF-P60484-F1-model_v4.pdb	369
P60484	369	V	F	1.09048488909494	AF-P60484-F1-model_v4.pdb	369
P60484	369	V	E	0.742856237415192	AF-P60484-F1-model_v4.pdb	369
P60484	369	V	P	1.03286249739511	AF-P60484-F1-model_v4.pdb	369
P60484	370	S	P	0.753954349405598	AF-P60484-F1-model_v4.pdb	370
P60484	370	S	V	0.853525171266672	AF-P60484-F1-model_v4.pdb	370
P60484	370	S	T	0.8368818983635959	AF-P60484-F1-model_v4.pdb	370
P60484	370	S	R	0.833561931826351	AF-P60484-F1-model_v4.pdb	370
P60484	370	S	M	0.8272616810550071	AF-P60484-F1-model_v4.pdb	370
P60484	370	S	Q	1.05428518431396	AF-P60484-F1-model_v4.pdb	370
P60484	370	S	K	0.872301001730982	AF-P60484-F1-model_v4.pdb	370
P60484	370	S	G	1.02947609330566	AF-P60484-F1-model_v4.pdb	370
P60484	370	S	F	0.897594114478112	AF-P60484-F1-model_v4.pdb	370
P60484	370	S	C	0.787571564095869	AF-P60484-F1-model_v4.pdb	370
P60484	370	S	A	0.805402467078341	AF-P60484-F1-model_v4.pdb	370
P60484	370	S	L	1.07215587831771	AF-P60484-F1-model_v4.pdb	370
P60484	371	D	*	0.358778184918118	AF-P60484-F1-model_v4.pdb	371
P60484	371	D	W	0.98671822877732	AF-P60484-F1-model_v4.pdb	371
P60484	371	D	V	0.963020875161858	AF-P60484-F1-model_v4.pdb	371
P60484	371	D	T	0.952693035800862	AF-P60484-F1-model_v4.pdb	371
P60484	371	D	S	0.897198987472966	AF-P60484-F1-model_v4.pdb	371
P60484	371	D	R	0.468894693933304	AF-P60484-F1-model_v4.pdb	371
P60484	371	D	P	0.845864108955013	AF-P60484-F1-model_v4.pdb	371
P60484	371	D	N	0.752910765501065	AF-P60484-F1-model_v4.pdb	371
P60484	371	D	M	0.8593490544917559	AF-P60484-F1-model_v4.pdb	371
P60484	371	D	L	0.600996237741602	AF-P60484-F1-model_v4.pdb	371
P60484	371	D	G	0.8081682164847142	AF-P60484-F1-model_v4.pdb	371
P60484	371	D	F	0.966420873264636	AF-P60484-F1-model_v4.pdb	371
P60484	371	D	A	0.7821441180512309	AF-P60484-F1-model_v4.pdb	371
P60484	371	D	Q	1.14147010060873	AF-P60484-F1-model_v4.pdb	371
P60484	372	N	A	0.947073932168236	AF-P60484-F1-model_v4.pdb	372
P60484	372	N	I	0.7673910212927509	AF-P60484-F1-model_v4.pdb	372
P60484	372	N	L	1.048017965168	AF-P60484-F1-model_v4.pdb	372
P60484	372	N	R	0.612157655766354	AF-P60484-F1-model_v4.pdb	372
P60484	372	N	P	1.07023192158788	AF-P60484-F1-model_v4.pdb	372
P60484	372	N	T	0.8228196596329191	AF-P60484-F1-model_v4.pdb	372
P60484	372	N	V	0.651654637052199	AF-P60484-F1-model_v4.pdb	372
P60484	372	N	W	0.7296689823097071	AF-P60484-F1-model_v4.pdb	372
P60484	372	N	*	0.4654613808146	AF-P60484-F1-model_v4.pdb	372
P60484	372	N	Y	0.973983414369028	AF-P60484-F1-model_v4.pdb	372
P60484	372	N	S	1.18007098140506	AF-P60484-F1-model_v4.pdb	372
P60484	375	D	*	0.3395889173638449	AF-P60484-F1-model_v4.pdb	375
P60484	375	D	V	0.3439574888003689	AF-P60484-F1-model_v4.pdb	375
P60484	375	D	T	0.339157504770684	AF-P60484-F1-model_v4.pdb	375
P60484	375	D	R	0.5065268169967561	AF-P60484-F1-model_v4.pdb	375
P60484	375	D	P	1.16782237978447	AF-P60484-F1-model_v4.pdb	375
P60484	375	D	M	0.6137957171882	AF-P60484-F1-model_v4.pdb	375
P60484	375	D	L	0.550677389005199	AF-P60484-F1-model_v4.pdb	375
P60484	375	D	G	0.5893951033461701	AF-P60484-F1-model_v4.pdb	375
P60484	375	D	E	1.02389082964816	AF-P60484-F1-model_v4.pdb	375
P60484	375	D	A	0.624890669091212	AF-P60484-F1-model_v4.pdb	375
P60484	375	D	N	0.416215591069451	AF-P60484-F1-model_v4.pdb	375
P60484	376	H	Q	0.962442823675529	AF-P60484-F1-model_v4.pdb	376
P60484	376	H	Y	0.726711134164885	AF-P60484-F1-model_v4.pdb	376
P60484	376	H	W	0.754484310069603	AF-P60484-F1-model_v4.pdb	376
P60484	376	H	V	1.06497524868157	AF-P60484-F1-model_v4.pdb	376
P60484	376	H	T	1.0471622831935898	AF-P60484-F1-model_v4.pdb	376
P60484	376	H	R	0.923511053769409	AF-P60484-F1-model_v4.pdb	376
P60484	376	H	P	0.7981007251560129	AF-P60484-F1-model_v4.pdb	376
P60484	376	H	S	1.1265885440715	AF-P60484-F1-model_v4.pdb	376
P60484	376	H	L	0.9114729506186328	AF-P60484-F1-model_v4.pdb	376
P60484	376	H	K	0.7833268216510479	AF-P60484-F1-model_v4.pdb	376
P60484	376	H	I	0.986105230481294	AF-P60484-F1-model_v4.pdb	376
P60484	376	H	A	0.975374839602488	AF-P60484-F1-model_v4.pdb	376
P60484	376	H	G	0.863728595276102	AF-P60484-F1-model_v4.pdb	376
P60484	376	H	F	1.0910006608236	AF-P60484-F1-model_v4.pdb	376
P60484	376	H	E	1.30755049851032	AF-P60484-F1-model_v4.pdb	376
P60484	376	H	D	1.08044996808559	AF-P60484-F1-model_v4.pdb	376
P60484	376	H	M	0.850372588188624	AF-P60484-F1-model_v4.pdb	376
P60484	377	Y	P	0.540093101707346	AF-P60484-F1-model_v4.pdb	377
P60484	377	Y	Q	0.711269621486952	AF-P60484-F1-model_v4.pdb	377
P60484	377	Y	R	0.584063294772053	AF-P60484-F1-model_v4.pdb	377
P60484	377	Y	*	0.0644760573331717	AF-P60484-F1-model_v4.pdb	377
P60484	377	Y	T	0.755660210399818	AF-P60484-F1-model_v4.pdb	377
P60484	377	Y	W	0.823493362377209	AF-P60484-F1-model_v4.pdb	377
P60484	377	Y	N	0.5499425605903481	AF-P60484-F1-model_v4.pdb	377
P60484	377	Y	S	0.58185464984019	AF-P60484-F1-model_v4.pdb	377
P60484	377	Y	M	0.239585593386977	AF-P60484-F1-model_v4.pdb	377
P60484	377	Y	I	0.585582550247302	AF-P60484-F1-model_v4.pdb	377
P60484	377	Y	K	0.623952215102894	AF-P60484-F1-model_v4.pdb	377
P60484	377	Y	H	0.876975887139864	AF-P60484-F1-model_v4.pdb	377
P60484	377	Y	G	0.671625627171537	AF-P60484-F1-model_v4.pdb	377
P60484	377	Y	F	0.8040138810189951	AF-P60484-F1-model_v4.pdb	377
P60484	377	Y	E	0.6267641294263671	AF-P60484-F1-model_v4.pdb	377
P60484	377	Y	D	0.72174481208594	AF-P60484-F1-model_v4.pdb	377
P60484	377	Y	C	0.7213240343286559	AF-P60484-F1-model_v4.pdb	377
P60484	377	Y	A	0.635440967411331	AF-P60484-F1-model_v4.pdb	377
P60484	377	Y	L	0.560034487445999	AF-P60484-F1-model_v4.pdb	377
P60484	378	R	V	0.7853050800453621	AF-P60484-F1-model_v4.pdb	378
P60484	378	R	Y	0.201114694818465	AF-P60484-F1-model_v4.pdb	378
P60484	378	R	*	0.379373648050321	AF-P60484-F1-model_v4.pdb	378
P60484	378	R	T	0.8766643575713299	AF-P60484-F1-model_v4.pdb	378
P60484	378	R	A	0.844338612053512	AF-P60484-F1-model_v4.pdb	378
P60484	378	R	P	0.6402903608206779	AF-P60484-F1-model_v4.pdb	378
P60484	378	R	L	0.73556954963367	AF-P60484-F1-model_v4.pdb	378
P60484	378	R	G	0.715501327225953	AF-P60484-F1-model_v4.pdb	378
P60484	378	R	F	0.8997204015045629	AF-P60484-F1-model_v4.pdb	378
P60484	378	R	D	0.500823007990805	AF-P60484-F1-model_v4.pdb	378
P60484	378	R	S	0.861189071013115	AF-P60484-F1-model_v4.pdb	378
P60484	379	Y	R	0.6458990458102621	AF-P60484-F1-model_v4.pdb	379
P60484	379	Y	P	0.534272144209835	AF-P60484-F1-model_v4.pdb	379
P60484	379	Y	M	0.887965529717116	AF-P60484-F1-model_v4.pdb	379
P60484	379	Y	L	0.6454371092613579	AF-P60484-F1-model_v4.pdb	379
P60484	379	Y	K	0.572014443771202	AF-P60484-F1-model_v4.pdb	379
P60484	379	Y	G	0.6704821480206129	AF-P60484-F1-model_v4.pdb	379
P60484	379	Y	D	0.6486047430300611	AF-P60484-F1-model_v4.pdb	379
P60484	379	Y	A	0.635055121822261	AF-P60484-F1-model_v4.pdb	379
P60484	380	S	Q	0.301335341250576	AF-P60484-F1-model_v4.pdb	380
P60484	383	T	*	0.439970764057514	AF-P60484-F1-model_v4.pdb	383
P60484	383	T	W	0.7605956789697661	AF-P60484-F1-model_v4.pdb	383
P60484	383	T	V	0.109774458929604	AF-P60484-F1-model_v4.pdb	383
P60484	383	T	P	0.568739468291343	AF-P60484-F1-model_v4.pdb	383
P60484	383	T	D	0.7419126937302041	AF-P60484-F1-model_v4.pdb	383
P60484	383	T	A	0.441354938060279	AF-P60484-F1-model_v4.pdb	383
P60484	384	D	I	0.6864836581744139	AF-P60484-F1-model_v4.pdb	384
P60484	384	D	L	0.6800440128078591	AF-P60484-F1-model_v4.pdb	384
P60484	384	D	P	0.447725590345657	AF-P60484-F1-model_v4.pdb	384
P60484	384	D	Y	0.541342614845519	AF-P60484-F1-model_v4.pdb	384
P60484	385	S	Y	0.5987035022871221	AF-P60484-F1-model_v4.pdb	385
P60484	385	S	*	0.6100514211493411	AF-P60484-F1-model_v4.pdb	385
P60484	385	S	W	0.49630497935145	AF-P60484-F1-model_v4.pdb	385
P60484	385	S	V	0.47293498347844	AF-P60484-F1-model_v4.pdb	385
P60484	385	S	T	0.8797179141568309	AF-P60484-F1-model_v4.pdb	385
P60484	385	S	R	0.4233492470291429	AF-P60484-F1-model_v4.pdb	385
P60484	385	S	Q	0.649866495216012	AF-P60484-F1-model_v4.pdb	385
P60484	385	S	P	0.635521428056866	AF-P60484-F1-model_v4.pdb	385
P60484	385	S	N	0.8916023299627499	AF-P60484-F1-model_v4.pdb	385
P60484	385	S	M	0.558989791396041	AF-P60484-F1-model_v4.pdb	385
P60484	385	S	L	0.415859874557779	AF-P60484-F1-model_v4.pdb	385
P60484	385	S	K	0.520085633022521	AF-P60484-F1-model_v4.pdb	385
P60484	385	S	I	0.351353161130004	AF-P60484-F1-model_v4.pdb	385
P60484	385	S	H	0.6496032013626011	AF-P60484-F1-model_v4.pdb	385
P60484	385	S	G	0.686305652570183	AF-P60484-F1-model_v4.pdb	385
P60484	385	S	F	0.336671512264804	AF-P60484-F1-model_v4.pdb	385
P60484	385	S	E	0.907289295950946	AF-P60484-F1-model_v4.pdb	385
P60484	385	S	D	0.921592648174108	AF-P60484-F1-model_v4.pdb	385
P60484	385	S	A	0.5573479991903381	AF-P60484-F1-model_v4.pdb	385
P60484	385	S	C	0.5428088930687051	AF-P60484-F1-model_v4.pdb	385
P60484	386	D	V	0.8086864420456199	AF-P60484-F1-model_v4.pdb	386
P60484	386	D	T	0.481885735360024	AF-P60484-F1-model_v4.pdb	386
P60484	386	D	S	0.942720347766402	AF-P60484-F1-model_v4.pdb	386
P60484	386	D	R	0.445740124210403	AF-P60484-F1-model_v4.pdb	386
P60484	386	D	Q	0.7340813513835649	AF-P60484-F1-model_v4.pdb	386
P60484	386	D	P	0.585420740622801	AF-P60484-F1-model_v4.pdb	386
P60484	386	D	L	0.626787199842516	AF-P60484-F1-model_v4.pdb	386
P60484	386	D	I	0.6103937352917729	AF-P60484-F1-model_v4.pdb	386
P60484	386	D	H	0.524443976402325	AF-P60484-F1-model_v4.pdb	386
P60484	386	D	G	0.7399451090161621	AF-P60484-F1-model_v4.pdb	386
P60484	386	D	F	0.461831258376771	AF-P60484-F1-model_v4.pdb	386
P60484	386	D	E	0.959299067180427	AF-P60484-F1-model_v4.pdb	386
P60484	386	D	C	0.769768343633565	AF-P60484-F1-model_v4.pdb	386
P60484	386	D	A	0.937406656974139	AF-P60484-F1-model_v4.pdb	386
P60484	387	P	Y	0.965740872040841	AF-P60484-F1-model_v4.pdb	387
P60484	387	P	*	0.5840540644425339	AF-P60484-F1-model_v4.pdb	387
P60484	387	P	W	0.981082783557869	AF-P60484-F1-model_v4.pdb	387
P60484	387	P	V	0.899033293672503	AF-P60484-F1-model_v4.pdb	387
P60484	387	P	T	1.12346131098216	AF-P60484-F1-model_v4.pdb	387
P60484	387	P	S	1.09641945247406	AF-P60484-F1-model_v4.pdb	387
P60484	387	P	R	0.810309606404759	AF-P60484-F1-model_v4.pdb	387
P60484	387	P	Q	1.03481411185313	AF-P60484-F1-model_v4.pdb	387
P60484	387	P	K	0.942766497881972	AF-P60484-F1-model_v4.pdb	387
P60484	387	P	L	0.923337045069965	AF-P60484-F1-model_v4.pdb	387
P60484	387	P	M	1.02208889098074	AF-P60484-F1-model_v4.pdb	387
P60484	387	P	C	1.14354716113195	AF-P60484-F1-model_v4.pdb	387
P60484	387	P	D	1.05627740259813	AF-P60484-F1-model_v4.pdb	387
P60484	387	P	A	1.0827084049902	AF-P60484-F1-model_v4.pdb	387
P60484	387	P	F	1.00777963965779	AF-P60484-F1-model_v4.pdb	387
P60484	387	P	G	1.06551645414677	AF-P60484-F1-model_v4.pdb	387
P60484	387	P	I	0.892613356131524	AF-P60484-F1-model_v4.pdb	387
P60484	387	P	E	0.8967101333435009	AF-P60484-F1-model_v4.pdb	387
P60484	388	E	W	0.56516046204317	AF-P60484-F1-model_v4.pdb	388
P60484	388	E	T	0.5512599738341171	AF-P60484-F1-model_v4.pdb	388
P60484	388	E	S	0.494083285772344	AF-P60484-F1-model_v4.pdb	388
P60484	388	E	V	0.7695483104445079	AF-P60484-F1-model_v4.pdb	388
P60484	388	E	Q	0.6203503442814731	AF-P60484-F1-model_v4.pdb	388
P60484	388	E	M	0.430675474380147	AF-P60484-F1-model_v4.pdb	388
P60484	388	E	L	0.5836748554815521	AF-P60484-F1-model_v4.pdb	388
P60484	388	E	G	0.498244084947782	AF-P60484-F1-model_v4.pdb	388
P60484	388	E	F	0.4980452101578279	AF-P60484-F1-model_v4.pdb	388
P60484	388	E	R	0.381091037684222	AF-P60484-F1-model_v4.pdb	388
P60484	389	N	Y	1.0234186838893	AF-P60484-F1-model_v4.pdb	389
P60484	389	N	W	1.0633207861553	AF-P60484-F1-model_v4.pdb	389
P60484	389	N	V	0.8955149909355359	AF-P60484-F1-model_v4.pdb	389
P60484	389	N	T	0.9712944090933392	AF-P60484-F1-model_v4.pdb	389
P60484	389	N	S	1.1890178205471005	AF-P60484-F1-model_v4.pdb	389
P60484	389	N	R	0.905045405133386	AF-P60484-F1-model_v4.pdb	389
P60484	389	N	Q	1.02570292147953	AF-P60484-F1-model_v4.pdb	389
P60484	389	N	L	1.13678739763556	AF-P60484-F1-model_v4.pdb	389
P60484	389	N	K	0.911053242555283	AF-P60484-F1-model_v4.pdb	389
P60484	389	N	I	0.949559219671077	AF-P60484-F1-model_v4.pdb	389
P60484	389	N	H	0.9562386048222908	AF-P60484-F1-model_v4.pdb	389
P60484	389	N	G	0.808769672366346	AF-P60484-F1-model_v4.pdb	389
P60484	389	N	F	0.902556964639386	AF-P60484-F1-model_v4.pdb	389
P60484	389	N	D	1.1053988517041202	AF-P60484-F1-model_v4.pdb	389
P60484	389	N	C	0.676747023500276	AF-P60484-F1-model_v4.pdb	389
P60484	389	N	P	0.990348004026452	AF-P60484-F1-model_v4.pdb	389
P60484	389	N	A	0.938217324626857	AF-P60484-F1-model_v4.pdb	389
P60484	390	E	Y	0.668550718979269	AF-P60484-F1-model_v4.pdb	390
P60484	390	E	V	0.979094101346364	AF-P60484-F1-model_v4.pdb	390
P60484	390	E	T	0.743525118388588	AF-P60484-F1-model_v4.pdb	390
P60484	390	E	L	0.922675274006728	AF-P60484-F1-model_v4.pdb	390
P60484	390	E	K	0.9700965889547158	AF-P60484-F1-model_v4.pdb	390
P60484	390	E	G	0.863938104816591	AF-P60484-F1-model_v4.pdb	390
P60484	390	E	F	0.7552186361194742	AF-P60484-F1-model_v4.pdb	390
P60484	390	E	A	0.788603897080442	AF-P60484-F1-model_v4.pdb	390
P60484	390	E	M	0.606671047142455	AF-P60484-F1-model_v4.pdb	390
P60484	391	P	S	0.8290984315234029	AF-P60484-F1-model_v4.pdb	391
P60484	391	P	W	1.08345336118005	AF-P60484-F1-model_v4.pdb	391
P60484	391	P	V	0.8974719950280909	AF-P60484-F1-model_v4.pdb	391
P60484	391	P	T	0.894481483178726	AF-P60484-F1-model_v4.pdb	391
P60484	391	P	R	0.983274108139964	AF-P60484-F1-model_v4.pdb	391
P60484	391	P	C	1.0989544348402098	AF-P60484-F1-model_v4.pdb	391
P60484	391	P	M	1.15032967798253	AF-P60484-F1-model_v4.pdb	391
P60484	391	P	L	0.7056358810425021	AF-P60484-F1-model_v4.pdb	391
P60484	391	P	K	1.15614660665467	AF-P60484-F1-model_v4.pdb	391
P60484	391	P	I	0.8230121868580501	AF-P60484-F1-model_v4.pdb	391
P60484	391	P	G	0.8481475188441071	AF-P60484-F1-model_v4.pdb	391
P60484	391	P	A	1.03565642002738	AF-P60484-F1-model_v4.pdb	391
P60484	391	P	N	0.916313258313037	AF-P60484-F1-model_v4.pdb	391
P60484	392	F	P	1.13475459925383	AF-P60484-F1-model_v4.pdb	392
P60484	392	F	S	0.9499722827946808	AF-P60484-F1-model_v4.pdb	392
P60484	392	F	Q	0.8471535012795021	AF-P60484-F1-model_v4.pdb	392
P60484	392	F	N	0.94570603676512	AF-P60484-F1-model_v4.pdb	392
P60484	392	F	G	0.966201636620391	AF-P60484-F1-model_v4.pdb	392
P60484	392	F	K	1.28770927327595	AF-P60484-F1-model_v4.pdb	392
P60484	392	F	E	1.19124490105172	AF-P60484-F1-model_v4.pdb	392
P60484	392	F	C	1.2174902241868002	AF-P60484-F1-model_v4.pdb	392
P60484	392	F	L	0.888851114236387	AF-P60484-F1-model_v4.pdb	392
P60484	392	F	A	1.06605586278558	AF-P60484-F1-model_v4.pdb	392
P60484	393	D	Y	1.1799675874513	AF-P60484-F1-model_v4.pdb	393
P60484	393	D	*	0.869046872834791	AF-P60484-F1-model_v4.pdb	393
P60484	393	D	W	0.9169172503768028	AF-P60484-F1-model_v4.pdb	393
P60484	393	D	V	0.996386442229271	AF-P60484-F1-model_v4.pdb	393
P60484	393	D	T	0.941643222204988	AF-P60484-F1-model_v4.pdb	393
P60484	393	D	S	1.09529314258506	AF-P60484-F1-model_v4.pdb	393
P60484	393	D	R	0.944532334386477	AF-P60484-F1-model_v4.pdb	393
P60484	393	D	P	0.7524686077428101	AF-P60484-F1-model_v4.pdb	393
P60484	393	D	K	1.09327136242983	AF-P60484-F1-model_v4.pdb	393
P60484	393	D	M	0.912264331581775	AF-P60484-F1-model_v4.pdb	393
P60484	393	D	L	0.9337700523365572	AF-P60484-F1-model_v4.pdb	393
P60484	393	D	I	1.08374390368471	AF-P60484-F1-model_v4.pdb	393
P60484	393	D	G	0.8635262535631899	AF-P60484-F1-model_v4.pdb	393
P60484	393	D	F	0.843730475753754	AF-P60484-F1-model_v4.pdb	393
P60484	393	D	E	1.0453284177304	AF-P60484-F1-model_v4.pdb	393
P60484	393	D	C	0.8184397219016801	AF-P60484-F1-model_v4.pdb	393
P60484	393	D	N	0.923176791742284	AF-P60484-F1-model_v4.pdb	393
P60484	393	D	A	1.07854553470493	AF-P60484-F1-model_v4.pdb	393
P60484	394	E	Y	0.8228019440135391	AF-P60484-F1-model_v4.pdb	394
P60484	394	E	W	1.05237479904027	AF-P60484-F1-model_v4.pdb	394
P60484	394	E	V	1.04137667264016	AF-P60484-F1-model_v4.pdb	394
P60484	394	E	S	0.991543445946136	AF-P60484-F1-model_v4.pdb	394
P60484	394	E	R	0.775305300581428	AF-P60484-F1-model_v4.pdb	394
P60484	394	E	Q	1.2206525348451105	AF-P60484-F1-model_v4.pdb	394
P60484	394	E	P	0.9082008665689528	AF-P60484-F1-model_v4.pdb	394
P60484	394	E	T	0.964162997400878	AF-P60484-F1-model_v4.pdb	394
P60484	394	E	L	0.734638744070628	AF-P60484-F1-model_v4.pdb	394
P60484	394	E	M	0.770524876947057	AF-P60484-F1-model_v4.pdb	394
P60484	394	E	A	0.894097789389068	AF-P60484-F1-model_v4.pdb	394
P60484	394	E	C	0.5703523652990029	AF-P60484-F1-model_v4.pdb	394
P60484	394	E	K	0.9191809557965172	AF-P60484-F1-model_v4.pdb	394
P60484	394	E	G	0.9022665442527552	AF-P60484-F1-model_v4.pdb	394
P60484	394	E	H	1.16399290929115	AF-P60484-F1-model_v4.pdb	394
P60484	394	E	I	0.910670239946177	AF-P60484-F1-model_v4.pdb	394
P60484	394	E	F	0.722412805317345	AF-P60484-F1-model_v4.pdb	394
P60484	395	D	Y	0.91946180118986	AF-P60484-F1-model_v4.pdb	395
P60484	395	D	W	1.03286847266202	AF-P60484-F1-model_v4.pdb	395
P60484	395	D	V	0.8610371557881551	AF-P60484-F1-model_v4.pdb	395
P60484	395	D	T	1.00119176599507	AF-P60484-F1-model_v4.pdb	395
P60484	395	D	S	0.7798603327529471	AF-P60484-F1-model_v4.pdb	395
P60484	395	D	R	1.01373627971627	AF-P60484-F1-model_v4.pdb	395
P60484	395	D	N	0.211184936509917	AF-P60484-F1-model_v4.pdb	395
P60484	395	D	L	0.8580527118849001	AF-P60484-F1-model_v4.pdb	395
P60484	395	D	K	1.04814475752837	AF-P60484-F1-model_v4.pdb	395
P60484	395	D	H	1.10385061140692	AF-P60484-F1-model_v4.pdb	395
P60484	395	D	G	0.863999162984221	AF-P60484-F1-model_v4.pdb	395
P60484	395	D	E	0.932838779113282	AF-P60484-F1-model_v4.pdb	395
P60484	395	D	C	0.9916357897162652	AF-P60484-F1-model_v4.pdb	395
P60484	395	D	A	1.06472966423915	AF-P60484-F1-model_v4.pdb	395
P60484	395	D	M	0.842271873434165	AF-P60484-F1-model_v4.pdb	395
P60484	395	D	I	1.03117370430199	AF-P60484-F1-model_v4.pdb	395
P60484	396	Q	T	0.9103168232733292	AF-P60484-F1-model_v4.pdb	396
P60484	396	Q	A	1.08463662137823	AF-P60484-F1-model_v4.pdb	396
P60484	396	Q	P	0.8455269477938678	AF-P60484-F1-model_v4.pdb	396
P60484	396	Q	M	1.06687048538216	AF-P60484-F1-model_v4.pdb	396
P60484	396	Q	L	0.711913638732187	AF-P60484-F1-model_v4.pdb	396
P60484	396	Q	S	0.8476530527693659	AF-P60484-F1-model_v4.pdb	396
P60484	396	Q	K	1.05804320880337	AF-P60484-F1-model_v4.pdb	396
P60484	396	Q	C	0.6503583032802	AF-P60484-F1-model_v4.pdb	396
P60484	396	Q	G	0.982154054168251	AF-P60484-F1-model_v4.pdb	396
P60484	396	Q	R	0.9243503042450408	AF-P60484-F1-model_v4.pdb	396
P60484	396	Q	Y	0.9304693107482692	AF-P60484-F1-model_v4.pdb	396
P60484	396	Q	W	1.08468852274472	AF-P60484-F1-model_v4.pdb	396
P60484	396	Q	V	0.90845157973441	AF-P60484-F1-model_v4.pdb	396
P60484	396	Q	E	0.96667840530674	AF-P60484-F1-model_v4.pdb	396
P60484	397	H	R	0.975142832580292	AF-P60484-F1-model_v4.pdb	397
P60484	397	H	Y	0.9075926885638008	AF-P60484-F1-model_v4.pdb	397
P60484	397	H	V	1.00054095525419	AF-P60484-F1-model_v4.pdb	397
P60484	397	H	S	0.993517292586874	AF-P60484-F1-model_v4.pdb	397
P60484	397	H	Q	0.817613179673284	AF-P60484-F1-model_v4.pdb	397
P60484	397	H	T	1.09426597818021	AF-P60484-F1-model_v4.pdb	397
P60484	397	H	N	0.9335584762586808	AF-P60484-F1-model_v4.pdb	397
P60484	397	H	M	0.7922994636230709	AF-P60484-F1-model_v4.pdb	397
P60484	397	H	L	0.99635001983267	AF-P60484-F1-model_v4.pdb	397
P60484	397	H	K	1.09208730717643	AF-P60484-F1-model_v4.pdb	397
P60484	397	H	I	0.9630040797444358	AF-P60484-F1-model_v4.pdb	397
P60484	397	H	A	1.00406255343624	AF-P60484-F1-model_v4.pdb	397
P60484	397	H	C	0.9427158509321658	AF-P60484-F1-model_v4.pdb	397
P60484	397	H	G	0.995139939149484	AF-P60484-F1-model_v4.pdb	397
P60484	397	H	F	0.94991403842191	AF-P60484-F1-model_v4.pdb	397
P60484	397	H	D	0.696731253213719	AF-P60484-F1-model_v4.pdb	397
P60484	397	H	E	0.7938247097855309	AF-P60484-F1-model_v4.pdb	397
P60484	397	H	P	1.0359005942525898	AF-P60484-F1-model_v4.pdb	397
P60484	398	T	W	1.23914205828998	AF-P60484-F1-model_v4.pdb	398
P60484	398	T	V	0.9741704972182528	AF-P60484-F1-model_v4.pdb	398
P60484	398	T	R	0.998909434519889	AF-P60484-F1-model_v4.pdb	398
P60484	398	T	P	1.09284096173315	AF-P60484-F1-model_v4.pdb	398
P60484	398	T	S	0.9363811923885992	AF-P60484-F1-model_v4.pdb	398
P60484	398	T	M	1.10394614758105	AF-P60484-F1-model_v4.pdb	398
P60484	398	T	L	0.982843576981215	AF-P60484-F1-model_v4.pdb	398
P60484	398	T	K	1.09131320921775	AF-P60484-F1-model_v4.pdb	398
P60484	398	T	H	0.5640407792350649	AF-P60484-F1-model_v4.pdb	398
P60484	398	T	G	0.990311833113196	AF-P60484-F1-model_v4.pdb	398
P60484	398	T	E	1.04028320707186	AF-P60484-F1-model_v4.pdb	398
P60484	398	T	A	0.756832216217553	AF-P60484-F1-model_v4.pdb	398
P60484	398	T	N	0.811653697891953	AF-P60484-F1-model_v4.pdb	398
P60484	398	T	D	0.912294608198246	AF-P60484-F1-model_v4.pdb	398
P60484	399	Q	R	0.908612500670653	AF-P60484-F1-model_v4.pdb	399
P60484	399	Q	P	1.1325881130694198	AF-P60484-F1-model_v4.pdb	399
P60484	399	Q	M	1.02726848210205	AF-P60484-F1-model_v4.pdb	399
P60484	399	Q	G	0.853616702545168	AF-P60484-F1-model_v4.pdb	399
P60484	399	Q	K	1.1436667581918798	AF-P60484-F1-model_v4.pdb	399
P60484	399	Q	H	0.906821490129807	AF-P60484-F1-model_v4.pdb	399
P60484	399	Q	E	0.9443549544457768	AF-P60484-F1-model_v4.pdb	399
P60484	399	Q	D	1.05011253662388	AF-P60484-F1-model_v4.pdb	399
P60484	399	Q	A	0.895532467540533	AF-P60484-F1-model_v4.pdb	399
P60484	399	Q	L	1.02074568770602	AF-P60484-F1-model_v4.pdb	399
P60484	399	Q	S	1.00253245727076	AF-P60484-F1-model_v4.pdb	399
P60484	399	Q	V	0.985395700416144	AF-P60484-F1-model_v4.pdb	399
P60484	399	Q	Y	0.740034779019088	AF-P60484-F1-model_v4.pdb	399
P60484	399	Q	T	1.14416657064952	AF-P60484-F1-model_v4.pdb	399
P60484	400	I	Y	1.07136003332964	AF-P60484-F1-model_v4.pdb	400
P60484	400	I	*	0.926873411700567	AF-P60484-F1-model_v4.pdb	400
P60484	400	I	W	0.91212295943782	AF-P60484-F1-model_v4.pdb	400
P60484	400	I	V	1.07036197473969	AF-P60484-F1-model_v4.pdb	400
P60484	400	I	T	0.8336691608668649	AF-P60484-F1-model_v4.pdb	400
P60484	400	I	R	0.8790680598509921	AF-P60484-F1-model_v4.pdb	400
P60484	400	I	P	0.9427802340540408	AF-P60484-F1-model_v4.pdb	400
P60484	400	I	N	1.07398931671143	AF-P60484-F1-model_v4.pdb	400
P60484	400	I	S	1.05258349230269	AF-P60484-F1-model_v4.pdb	400
P60484	400	I	L	0.7424737047435501	AF-P60484-F1-model_v4.pdb	400
P60484	400	I	K	1.05716371505371	AF-P60484-F1-model_v4.pdb	400
P60484	400	I	H	1.0892208262746	AF-P60484-F1-model_v4.pdb	400
P60484	400	I	G	1.0163458610664	AF-P60484-F1-model_v4.pdb	400
P60484	400	I	E	0.7970194623780191	AF-P60484-F1-model_v4.pdb	400
P60484	400	I	D	-0.019943589647132	AF-P60484-F1-model_v4.pdb	400
P60484	400	I	C	1.08704013330186	AF-P60484-F1-model_v4.pdb	400
P60484	400	I	A	1.01592516658646	AF-P60484-F1-model_v4.pdb	400
P60484	400	I	M	0.99884246764783	AF-P60484-F1-model_v4.pdb	400
P60484	401	T	V	1.36119396400347	AF-P60484-F1-model_v4.pdb	401
P60484	401	T	S	0.98221217907215	AF-P60484-F1-model_v4.pdb	401
P60484	401	T	R	0.9016696925179072	AF-P60484-F1-model_v4.pdb	401
P60484	401	T	Q	0.965190675222442	AF-P60484-F1-model_v4.pdb	401
P60484	401	T	P	1.2337859855833402	AF-P60484-F1-model_v4.pdb	401
P60484	401	T	N	1.1975533357312	AF-P60484-F1-model_v4.pdb	401
P60484	401	T	M	0.961292106053855	AF-P60484-F1-model_v4.pdb	401
P60484	401	T	I	0.810557333119805	AF-P60484-F1-model_v4.pdb	401
P60484	401	T	K	0.8879488257662529	AF-P60484-F1-model_v4.pdb	401
P60484	401	T	G	0.8748663491685871	AF-P60484-F1-model_v4.pdb	401
P60484	401	T	F	1.02914609242328	AF-P60484-F1-model_v4.pdb	401
P60484	401	T	E	0.936363596276682	AF-P60484-F1-model_v4.pdb	401
P60484	401	T	D	0.927719743527403	AF-P60484-F1-model_v4.pdb	401
P60484	401	T	C	1.05322571575139	AF-P60484-F1-model_v4.pdb	401
P60484	401	T	A	0.927675718203817	AF-P60484-F1-model_v4.pdb	401
P60484	401	T	L	0.9883923894625	AF-P60484-F1-model_v4.pdb	401
P60484	402	K	G	1.1865215921242	AF-P60484-F1-model_v4.pdb	402
P60484	402	K	S	1.18536697267974	AF-P60484-F1-model_v4.pdb	402
P60484	402	K	Y	0.9062697466656608	AF-P60484-F1-model_v4.pdb	402
P60484	403	V	T	0.9764716930493093	AF-P60484-F1-model_v4.pdb	403
P60484	403	V	S	1.06111292630278	AF-P60484-F1-model_v4.pdb	403
P60484	403	V	R	0.9686247687839592	AF-P60484-F1-model_v4.pdb	403
P60484	403	V	P	1.06206507647325	AF-P60484-F1-model_v4.pdb	403
P60484	403	V	N	0.8418776446159549	AF-P60484-F1-model_v4.pdb	403
P60484	403	V	E	0.7040134612592042	AF-P60484-F1-model_v4.pdb	403
P60484	403	V	L	1.33010628445406	AF-P60484-F1-model_v4.pdb	403
P60484	403	V	K	0.8513512273254541	AF-P60484-F1-model_v4.pdb	403
P60484	403	V	I	1.02659010392382	AF-P60484-F1-model_v4.pdb	403
P60484	403	V	G	0.970619167687377	AF-P60484-F1-model_v4.pdb	403
P60484	403	V	A	1.03820657589995	AF-P60484-F1-model_v4.pdb	403
P60484	403	V	M	1.05318617448471	AF-P60484-F1-model_v4.pdb	403
P60484	403	V	Y	1.17987207920055	AF-P60484-F1-model_v4.pdb	403
