UniProtID	MutPos	WT	Mut	Label	StructureFile	MutPos(pdb)
P51580	1	M	A	1.18241755010817	AF-P51580-F1-model_v4.pdb	1
P51580	1	M	H	0.5439603431839579	AF-P51580-F1-model_v4.pdb	1
P51580	1	M	E	1.13103816491359	AF-P51580-F1-model_v4.pdb	1
P51580	1	M	I	1.39606491710642	AF-P51580-F1-model_v4.pdb	1
P51580	1	M	K	1.09849338556752	AF-P51580-F1-model_v4.pdb	1
P51580	1	M	P	1.22504865907714	AF-P51580-F1-model_v4.pdb	1
P51580	1	M	G	1.02827455371144	AF-P51580-F1-model_v4.pdb	1
P51580	1	M	T	1.00651421459196	AF-P51580-F1-model_v4.pdb	1
P51580	1	M	R	1.01824316970585	AF-P51580-F1-model_v4.pdb	1
P51580	1	M	W	0.997387103515708	AF-P51580-F1-model_v4.pdb	1
P51580	1	M	V	0.920898026621234	AF-P51580-F1-model_v4.pdb	1
P51580	1	M	S	0.912125954495816	AF-P51580-F1-model_v4.pdb	1
P51580	1	M	Q	1.22768351931176	AF-P51580-F1-model_v4.pdb	1
P51580	1	M	L	1.17180319814594	AF-P51580-F1-model_v4.pdb	1
P51580	1	M	D	0.7844856208416371	AF-P51580-F1-model_v4.pdb	1
P51580	2	D	F	0.7254025073824291	AF-P51580-F1-model_v4.pdb	2
P51580	2	D	V	0.777788554709688	AF-P51580-F1-model_v4.pdb	2
P51580	2	D	E	1.17685865494205	AF-P51580-F1-model_v4.pdb	2
P51580	2	D	T	0.995155179028136	AF-P51580-F1-model_v4.pdb	2
P51580	2	D	W	0.7357523763344671	AF-P51580-F1-model_v4.pdb	2
P51580	2	D	R	0.9337115206535328	AF-P51580-F1-model_v4.pdb	2
P51580	2	D	C	1.2256005198664	AF-P51580-F1-model_v4.pdb	2
P51580	2	D	A	0.80539798045034	AF-P51580-F1-model_v4.pdb	2
P51580	2	D	S	0.8645204665073649	AF-P51580-F1-model_v4.pdb	2
P51580	2	D	Q	0.839401587200027	AF-P51580-F1-model_v4.pdb	2
P51580	2	D	P	1.1162959508493502	AF-P51580-F1-model_v4.pdb	2
P51580	2	D	N	1.11368973507076	AF-P51580-F1-model_v4.pdb	2
P51580	2	D	G	0.937068461289165	AF-P51580-F1-model_v4.pdb	2
P51580	2	D	L	0.8514332082047049	AF-P51580-F1-model_v4.pdb	2
P51580	2	D	Y	0.901381946620025	AF-P51580-F1-model_v4.pdb	2
P51580	2	D	K	1.08704347461753	AF-P51580-F1-model_v4.pdb	2
P51580	2	D	*	0.5527444480661441	AF-P51580-F1-model_v4.pdb	2
P51580	3	G	F	0.6336742979053189	AF-P51580-F1-model_v4.pdb	3
P51580	3	G	Y	0.786866263005503	AF-P51580-F1-model_v4.pdb	3
P51580	3	G	E	1.05617047831591	AF-P51580-F1-model_v4.pdb	3
P51580	3	G	H	1.24811996999367	AF-P51580-F1-model_v4.pdb	3
P51580	3	G	T	1.1342724139541298	AF-P51580-F1-model_v4.pdb	3
P51580	3	G	K	0.6749038179056349	AF-P51580-F1-model_v4.pdb	3
P51580	3	G	V	1.01596014173147	AF-P51580-F1-model_v4.pdb	3
P51580	3	G	L	1.05343221220847	AF-P51580-F1-model_v4.pdb	3
P51580	3	G	D	1.0066285000880402	AF-P51580-F1-model_v4.pdb	3
P51580	3	G	P	1.10088846536815	AF-P51580-F1-model_v4.pdb	3
P51580	3	G	Q	1.2614707787256498	AF-P51580-F1-model_v4.pdb	3
P51580	3	G	R	0.875317120937725	AF-P51580-F1-model_v4.pdb	3
P51580	3	G	S	1.10257432973424	AF-P51580-F1-model_v4.pdb	3
P51580	3	G	W	1.05606491453715	AF-P51580-F1-model_v4.pdb	3
P51580	3	G	M	1.05262578201169	AF-P51580-F1-model_v4.pdb	3
P51580	3	G	*	0.5826823316638922	AF-P51580-F1-model_v4.pdb	3
P51580	3	G	A	0.9435463301321808	AF-P51580-F1-model_v4.pdb	3
P51580	4	T	A	1.1146792172103002	AF-P51580-F1-model_v4.pdb	4
P51580	4	T	C	0.8431291265153259	AF-P51580-F1-model_v4.pdb	4
P51580	4	T	D	1.11158001733931	AF-P51580-F1-model_v4.pdb	4
P51580	4	T	E	0.990705512194727	AF-P51580-F1-model_v4.pdb	4
P51580	4	T	F	0.871358770098544	AF-P51580-F1-model_v4.pdb	4
P51580	4	T	P	1.09656209807149	AF-P51580-F1-model_v4.pdb	4
P51580	4	T	G	1.06533837466435	AF-P51580-F1-model_v4.pdb	4
P51580	4	T	H	1.28411940165126	AF-P51580-F1-model_v4.pdb	4
P51580	4	T	I	0.621900555135473	AF-P51580-F1-model_v4.pdb	4
P51580	4	T	K	0.915453016184398	AF-P51580-F1-model_v4.pdb	4
P51580	4	T	Q	0.808516247131712	AF-P51580-F1-model_v4.pdb	4
P51580	4	T	M	1.13901664744283	AF-P51580-F1-model_v4.pdb	4
P51580	4	T	*	0.85940686901108	AF-P51580-F1-model_v4.pdb	4
P51580	4	T	W	1.07859319912397	AF-P51580-F1-model_v4.pdb	4
P51580	4	T	V	0.9983362924475272	AF-P51580-F1-model_v4.pdb	4
P51580	4	T	L	0.8436259945498991	AF-P51580-F1-model_v4.pdb	4
P51580	4	T	R	0.997070491140481	AF-P51580-F1-model_v4.pdb	4
P51580	4	T	N	1.16369435424655	AF-P51580-F1-model_v4.pdb	4
P51580	4	T	Y	1.23037567984606	AF-P51580-F1-model_v4.pdb	4
P51580	4	T	S	1.0399307078578	AF-P51580-F1-model_v4.pdb	4
P51580	5	R	P	0.7462604336509749	AF-P51580-F1-model_v4.pdb	5
P51580	5	R	Q	0.8251470300218791	AF-P51580-F1-model_v4.pdb	5
P51580	5	R	S	1.03298197702621	AF-P51580-F1-model_v4.pdb	5
P51580	5	R	*	0.7645781919417529	AF-P51580-F1-model_v4.pdb	5
P51580	5	R	M	0.970000677288582	AF-P51580-F1-model_v4.pdb	5
P51580	5	R	L	0.9942518000481452	AF-P51580-F1-model_v4.pdb	5
P51580	5	R	I	0.990644932410229	AF-P51580-F1-model_v4.pdb	5
P51580	5	R	Y	0.9881627865071192	AF-P51580-F1-model_v4.pdb	5
P51580	5	R	G	1.12473837962059	AF-P51580-F1-model_v4.pdb	5
P51580	5	R	T	1.02591889158232	AF-P51580-F1-model_v4.pdb	5
P51580	5	R	F	0.752336406406458	AF-P51580-F1-model_v4.pdb	5
P51580	5	R	E	1.29166007813424	AF-P51580-F1-model_v4.pdb	5
P51580	5	R	W	1.1967789771006798	AF-P51580-F1-model_v4.pdb	5
P51580	5	R	C	1.14903164283821	AF-P51580-F1-model_v4.pdb	5
P51580	5	R	V	1.11743869686257	AF-P51580-F1-model_v4.pdb	5
P51580	5	R	A	0.98666517547761	AF-P51580-F1-model_v4.pdb	5
P51580	5	R	H	1.14757646565158	AF-P51580-F1-model_v4.pdb	5
P51580	5	R	D	0.8121593411481659	AF-P51580-F1-model_v4.pdb	5
P51580	6	T	A	1.41092172506618	AF-P51580-F1-model_v4.pdb	6
P51580	6	T	Y	0.8239038664970381	AF-P51580-F1-model_v4.pdb	6
P51580	6	T	C	0.814056834122384	AF-P51580-F1-model_v4.pdb	6
P51580	6	T	H	0.5394920786143189	AF-P51580-F1-model_v4.pdb	6
P51580	6	T	E	1.03190056529721	AF-P51580-F1-model_v4.pdb	6
P51580	6	T	K	1.3908647685635098	AF-P51580-F1-model_v4.pdb	6
P51580	6	T	V	1.0793448728434	AF-P51580-F1-model_v4.pdb	6
P51580	6	T	N	1.1238049720408	AF-P51580-F1-model_v4.pdb	6
P51580	6	T	W	1.06477225397332	AF-P51580-F1-model_v4.pdb	6
P51580	6	T	L	0.861188949678342	AF-P51580-F1-model_v4.pdb	6
P51580	6	T	Q	0.5262348173269911	AF-P51580-F1-model_v4.pdb	6
P51580	6	T	G	0.8216460935377249	AF-P51580-F1-model_v4.pdb	6
P51580	6	T	R	0.7152144301156941	AF-P51580-F1-model_v4.pdb	6
P51580	6	T	D	0.951956455498335	AF-P51580-F1-model_v4.pdb	6
P51580	6	T	I	1.01574537733199	AF-P51580-F1-model_v4.pdb	6
P51580	6	T	M	0.83338071865479	AF-P51580-F1-model_v4.pdb	6
P51580	6	T	*	0.471506228586068	AF-P51580-F1-model_v4.pdb	6
P51580	6	T	S	1.11404705161546	AF-P51580-F1-model_v4.pdb	6
P51580	7	S	H	0.54805486089823	AF-P51580-F1-model_v4.pdb	7
P51580	7	S	G	1.12400676382476	AF-P51580-F1-model_v4.pdb	7
P51580	7	S	C	1.16776032724952	AF-P51580-F1-model_v4.pdb	7
P51580	7	S	E	1.15955118995398	AF-P51580-F1-model_v4.pdb	7
P51580	7	S	P	0.657938833589705	AF-P51580-F1-model_v4.pdb	7
P51580	7	S	A	0.371558302944022	AF-P51580-F1-model_v4.pdb	7
P51580	7	S	M	1.02607530299782	AF-P51580-F1-model_v4.pdb	7
P51580	7	S	Q	1.11988464293146	AF-P51580-F1-model_v4.pdb	7
P51580	7	S	W	0.974025934835922	AF-P51580-F1-model_v4.pdb	7
P51580	7	S	R	1.01771980443234	AF-P51580-F1-model_v4.pdb	7
P51580	7	S	L	0.832964895875239	AF-P51580-F1-model_v4.pdb	7
P51580	7	S	V	0.797265314459202	AF-P51580-F1-model_v4.pdb	7
P51580	7	S	I	0.9559057905644128	AF-P51580-F1-model_v4.pdb	7
P51580	7	S	T	0.918922356746549	AF-P51580-F1-model_v4.pdb	7
P51580	8	L	T	0.8499402026242641	AF-P51580-F1-model_v4.pdb	8
P51580	8	L	R	0.989660818795493	AF-P51580-F1-model_v4.pdb	8
P51580	8	L	Q	0.534693236720616	AF-P51580-F1-model_v4.pdb	8
P51580	8	L	P	0.8627375566688241	AF-P51580-F1-model_v4.pdb	8
P51580	8	L	K	0.87402079718416	AF-P51580-F1-model_v4.pdb	8
P51580	8	L	I	1.26963112556628	AF-P51580-F1-model_v4.pdb	8
P51580	8	L	G	0.9849077625780942	AF-P51580-F1-model_v4.pdb	8
P51580	8	L	A	1.2504372547144098	AF-P51580-F1-model_v4.pdb	8
P51580	8	L	C	1.1111434399574398	AF-P51580-F1-model_v4.pdb	8
P51580	8	L	D	1.36977031804979	AF-P51580-F1-model_v4.pdb	8
P51580	8	L	F	1.22861291635627	AF-P51580-F1-model_v4.pdb	8
P51580	8	L	M	1.3548311698668	AF-P51580-F1-model_v4.pdb	8
P51580	8	L	E	1.04563765926424	AF-P51580-F1-model_v4.pdb	8
P51580	8	L	S	0.964686550487145	AF-P51580-F1-model_v4.pdb	8
P51580	8	L	W	0.7772312015151991	AF-P51580-F1-model_v4.pdb	8
P51580	8	L	V	0.81687919225082	AF-P51580-F1-model_v4.pdb	8
P51580	8	L	*	0.8493140364908441	AF-P51580-F1-model_v4.pdb	8
P51580	8	L	Y	0.8043052100394928	AF-P51580-F1-model_v4.pdb	8
P51580	9	D	T	0.972326348554939	AF-P51580-F1-model_v4.pdb	9
P51580	9	D	E	0.8824466707982841	AF-P51580-F1-model_v4.pdb	9
P51580	9	D	H	0.926394150922333	AF-P51580-F1-model_v4.pdb	9
P51580	9	D	L	0.4750634117333449	AF-P51580-F1-model_v4.pdb	9
P51580	9	D	M	0.6620762176460571	AF-P51580-F1-model_v4.pdb	9
P51580	9	D	N	0.863572385680013	AF-P51580-F1-model_v4.pdb	9
P51580	9	D	F	0.942312626362968	AF-P51580-F1-model_v4.pdb	9
P51580	9	D	G	1.01080132412824	AF-P51580-F1-model_v4.pdb	9
P51580	9	D	P	1.2015163420735502	AF-P51580-F1-model_v4.pdb	9
P51580	9	D	*	0.7890881833363008	AF-P51580-F1-model_v4.pdb	9
P51580	9	D	Q	0.3976405952732289	AF-P51580-F1-model_v4.pdb	9
P51580	9	D	W	0.7099602433145871	AF-P51580-F1-model_v4.pdb	9
P51580	9	D	S	0.7104036157201321	AF-P51580-F1-model_v4.pdb	9
P51580	9	D	R	0.6813019965368821	AF-P51580-F1-model_v4.pdb	9
P51580	9	D	V	1.02259819162406	AF-P51580-F1-model_v4.pdb	9
P51580	9	D	A	1.08747050542767	AF-P51580-F1-model_v4.pdb	9
P51580	10	I	C	0.954258964085966	AF-P51580-F1-model_v4.pdb	10
P51580	10	I	E	1.18539997988367	AF-P51580-F1-model_v4.pdb	10
P51580	10	I	F	1.28672006945781	AF-P51580-F1-model_v4.pdb	10
P51580	10	I	G	0.8762256810469701	AF-P51580-F1-model_v4.pdb	10
P51580	10	I	A	0.948177499232604	AF-P51580-F1-model_v4.pdb	10
P51580	10	I	V	0.944751116702353	AF-P51580-F1-model_v4.pdb	10
P51580	10	I	T	1.28352252978337	AF-P51580-F1-model_v4.pdb	10
P51580	10	I	W	0.911063080926042	AF-P51580-F1-model_v4.pdb	10
P51580	10	I	L	0.88299883925212	AF-P51580-F1-model_v4.pdb	10
P51580	10	I	M	0.973962153542079	AF-P51580-F1-model_v4.pdb	10
P51580	10	I	*	0.7399451655492909	AF-P51580-F1-model_v4.pdb	10
P51580	10	I	S	0.910213358016046	AF-P51580-F1-model_v4.pdb	10
P51580	10	I	Y	1.0050807181117198	AF-P51580-F1-model_v4.pdb	10
P51580	10	I	N	0.775358148811305	AF-P51580-F1-model_v4.pdb	10
P51580	10	I	Q	1.1528404494168998	AF-P51580-F1-model_v4.pdb	10
P51580	10	I	K	1.1202228239941	AF-P51580-F1-model_v4.pdb	10
P51580	10	I	R	0.9641114074592492	AF-P51580-F1-model_v4.pdb	10
P51580	11	E	H	1.00349494703044	AF-P51580-F1-model_v4.pdb	11
P51580	11	E	V	0.700902609918175	AF-P51580-F1-model_v4.pdb	11
P51580	11	E	R	0.940249666550789	AF-P51580-F1-model_v4.pdb	11
P51580	11	E	W	0.9786966697846632	AF-P51580-F1-model_v4.pdb	11
P51580	11	E	Y	1.09817297088372	AF-P51580-F1-model_v4.pdb	11
P51580	11	E	C	1.05628572471836	AF-P51580-F1-model_v4.pdb	11
P51580	11	E	D	1.46214896717272	AF-P51580-F1-model_v4.pdb	11
P51580	11	E	T	0.688096725105537	AF-P51580-F1-model_v4.pdb	11
P51580	11	E	N	-0.5811497786805799	AF-P51580-F1-model_v4.pdb	11
P51580	11	E	M	0.4852543173295589	AF-P51580-F1-model_v4.pdb	11
P51580	11	E	F	0.7504587774170759	AF-P51580-F1-model_v4.pdb	11
P51580	11	E	L	0.4737004748412621	AF-P51580-F1-model_v4.pdb	11
P51580	11	E	K	1.03067039680303	AF-P51580-F1-model_v4.pdb	11
P51580	11	E	G	0.8472244934142271	AF-P51580-F1-model_v4.pdb	11
P51580	11	E	P	1.0253201013844	AF-P51580-F1-model_v4.pdb	11
P51580	11	E	I	1.13776735886942	AF-P51580-F1-model_v4.pdb	11
P51580	11	E	S	0.9394947557188912	AF-P51580-F1-model_v4.pdb	11
P51580	12	E	Y	0.41793202787856	AF-P51580-F1-model_v4.pdb	12
P51580	12	E	*	0.7133680114497042	AF-P51580-F1-model_v4.pdb	12
P51580	12	E	W	0.929359822330854	AF-P51580-F1-model_v4.pdb	12
P51580	12	E	V	0.751047180631024	AF-P51580-F1-model_v4.pdb	12
P51580	12	E	T	0.9319928073513142	AF-P51580-F1-model_v4.pdb	12
P51580	12	E	S	0.920187455094687	AF-P51580-F1-model_v4.pdb	12
P51580	12	E	Q	1.08131167546434	AF-P51580-F1-model_v4.pdb	12
P51580	12	E	P	0.364304305801906	AF-P51580-F1-model_v4.pdb	12
P51580	12	E	M	0.987935480758842	AF-P51580-F1-model_v4.pdb	12
P51580	12	E	R	0.940696972917875	AF-P51580-F1-model_v4.pdb	12
P51580	12	E	K	0.482446124614651	AF-P51580-F1-model_v4.pdb	12
P51580	12	E	L	0.7048482824243051	AF-P51580-F1-model_v4.pdb	12
P51580	12	E	C	0.954639517880414	AF-P51580-F1-model_v4.pdb	12
P51580	12	E	D	1.04044339127096	AF-P51580-F1-model_v4.pdb	12
P51580	12	E	F	1.05660611130468	AF-P51580-F1-model_v4.pdb	12
P51580	12	E	A	1.0043518317801898	AF-P51580-F1-model_v4.pdb	12
P51580	12	E	H	0.9928267505897	AF-P51580-F1-model_v4.pdb	12
P51580	12	E	I	0.7630297253421271	AF-P51580-F1-model_v4.pdb	12
P51580	12	E	G	0.7954144534761329	AF-P51580-F1-model_v4.pdb	12
P51580	13	Y	N	1.08925218857613	AF-P51580-F1-model_v4.pdb	13
P51580	13	Y	*	0.4212063138723871	AF-P51580-F1-model_v4.pdb	13
P51580	13	Y	W	0.963199681628066	AF-P51580-F1-model_v4.pdb	13
P51580	13	Y	V	0.976758636990752	AF-P51580-F1-model_v4.pdb	13
P51580	13	Y	T	1.07759814320914	AF-P51580-F1-model_v4.pdb	13
P51580	13	Y	S	1.07938880684589	AF-P51580-F1-model_v4.pdb	13
P51580	13	Y	R	0.817195937719568	AF-P51580-F1-model_v4.pdb	13
P51580	13	Y	Q	0.7862097769883001	AF-P51580-F1-model_v4.pdb	13
P51580	13	Y	M	1.13311158623599	AF-P51580-F1-model_v4.pdb	13
P51580	13	Y	E	0.9713160769793908	AF-P51580-F1-model_v4.pdb	13
P51580	13	Y	K	0.889462630838158	AF-P51580-F1-model_v4.pdb	13
P51580	13	Y	I	1.22628193766038	AF-P51580-F1-model_v4.pdb	13
P51580	13	Y	H	0.9554198818659292	AF-P51580-F1-model_v4.pdb	13
P51580	13	Y	G	0.8669068594576429	AF-P51580-F1-model_v4.pdb	13
P51580	13	Y	F	1.36501030522102	AF-P51580-F1-model_v4.pdb	13
P51580	13	Y	C	0.995232498462701	AF-P51580-F1-model_v4.pdb	13
P51580	13	Y	A	0.974092869164678	AF-P51580-F1-model_v4.pdb	13
P51580	13	Y	L	0.8428589727825371	AF-P51580-F1-model_v4.pdb	13
P51580	14	S	Q	0.571853566743503	AF-P51580-F1-model_v4.pdb	14
P51580	14	S	R	1.23201478323819	AF-P51580-F1-model_v4.pdb	14
P51580	14	S	T	0.808773677032367	AF-P51580-F1-model_v4.pdb	14
P51580	14	S	N	1.31466435483515	AF-P51580-F1-model_v4.pdb	14
P51580	14	S	W	0.8136169070579959	AF-P51580-F1-model_v4.pdb	14
P51580	14	S	P	-0.0134107663779522	AF-P51580-F1-model_v4.pdb	14
P51580	14	S	V	0.833016289616132	AF-P51580-F1-model_v4.pdb	14
P51580	14	S	M	0.822969718867884	AF-P51580-F1-model_v4.pdb	14
P51580	14	S	A	0.8497413211133209	AF-P51580-F1-model_v4.pdb	14
P51580	14	S	K	1.10999276046164	AF-P51580-F1-model_v4.pdb	14
P51580	14	S	G	1.06960945757786	AF-P51580-F1-model_v4.pdb	14
P51580	14	S	F	0.648843761385559	AF-P51580-F1-model_v4.pdb	14
P51580	14	S	E	0.778223392843833	AF-P51580-F1-model_v4.pdb	14
P51580	14	S	C	1.21682596855001	AF-P51580-F1-model_v4.pdb	14
P51580	14	S	L	0.949867560020287	AF-P51580-F1-model_v4.pdb	14
P51580	15	D	M	1.07143878680208	AF-P51580-F1-model_v4.pdb	15
P51580	15	D	*	0.7597016855943141	AF-P51580-F1-model_v4.pdb	15
P51580	15	D	W	0.7231448432848041	AF-P51580-F1-model_v4.pdb	15
P51580	15	D	V	0.974405287661486	AF-P51580-F1-model_v4.pdb	15
P51580	15	D	T	1.09669193143748	AF-P51580-F1-model_v4.pdb	15
P51580	15	D	S	1.10702820224984	AF-P51580-F1-model_v4.pdb	15
P51580	15	D	R	1.01090644263669	AF-P51580-F1-model_v4.pdb	15
P51580	15	D	Q	1.2474886772349598	AF-P51580-F1-model_v4.pdb	15
P51580	15	D	P	1.01875633631262	AF-P51580-F1-model_v4.pdb	15
P51580	15	D	N	0.8114264706692981	AF-P51580-F1-model_v4.pdb	15
P51580	15	D	K	0.8575550227924681	AF-P51580-F1-model_v4.pdb	15
P51580	15	D	H	1.46245393654667	AF-P51580-F1-model_v4.pdb	15
P51580	15	D	G	0.8610828352047729	AF-P51580-F1-model_v4.pdb	15
P51580	15	D	F	0.8827339221176641	AF-P51580-F1-model_v4.pdb	15
P51580	15	D	E	0.7947915768466299	AF-P51580-F1-model_v4.pdb	15
P51580	15	D	C	0.776688954527	AF-P51580-F1-model_v4.pdb	15
P51580	15	D	A	0.9219601298250608	AF-P51580-F1-model_v4.pdb	15
P51580	15	D	L	1.0247398147891	AF-P51580-F1-model_v4.pdb	15
P51580	16	T	R	0.9947542369923008	AF-P51580-F1-model_v4.pdb	16
P51580	16	T	P	0.5579051059643679	AF-P51580-F1-model_v4.pdb	16
P51580	16	T	V	0.861941708266705	AF-P51580-F1-model_v4.pdb	16
P51580	16	T	Y	0.8166911992114619	AF-P51580-F1-model_v4.pdb	16
P51580	16	T	*	0.6750834982140911	AF-P51580-F1-model_v4.pdb	16
P51580	16	T	N	0.927696231753737	AF-P51580-F1-model_v4.pdb	16
P51580	16	T	W	1.17850849295334	AF-P51580-F1-model_v4.pdb	16
P51580	16	T	M	1.13420383559077	AF-P51580-F1-model_v4.pdb	16
P51580	16	T	L	1.03348610764468	AF-P51580-F1-model_v4.pdb	16
P51580	16	T	H	0.6880010277549429	AF-P51580-F1-model_v4.pdb	16
P51580	16	T	G	1.0634467665072	AF-P51580-F1-model_v4.pdb	16
P51580	16	T	F	1.10786506387162	AF-P51580-F1-model_v4.pdb	16
P51580	16	T	E	1.09564621641712	AF-P51580-F1-model_v4.pdb	16
P51580	16	T	D	0.7255868226049691	AF-P51580-F1-model_v4.pdb	16
P51580	16	T	C	0.19945082004389	AF-P51580-F1-model_v4.pdb	16
P51580	16	T	A	1.02492967978079	AF-P51580-F1-model_v4.pdb	16
P51580	16	T	I	0.908707702667828	AF-P51580-F1-model_v4.pdb	16
P51580	17	E	*	0.6427733354996971	AF-P51580-F1-model_v4.pdb	17
P51580	17	E	R	0.9310358562340508	AF-P51580-F1-model_v4.pdb	17
P51580	17	E	W	0.9378172491803828	AF-P51580-F1-model_v4.pdb	17
P51580	17	E	V	0.905767381401132	AF-P51580-F1-model_v4.pdb	17
P51580	17	E	S	0.907135925974166	AF-P51580-F1-model_v4.pdb	17
P51580	17	E	Q	1.04911629711183	AF-P51580-F1-model_v4.pdb	17
P51580	17	E	T	0.758243264905874	AF-P51580-F1-model_v4.pdb	17
P51580	17	E	M	1.01492824397809	AF-P51580-F1-model_v4.pdb	17
P51580	17	E	A	0.957869558931649	AF-P51580-F1-model_v4.pdb	17
P51580	17	E	G	1.21042560336447	AF-P51580-F1-model_v4.pdb	17
P51580	17	E	P	0.7591688120743308	AF-P51580-F1-model_v4.pdb	17
P51580	17	E	K	0.829228833363672	AF-P51580-F1-model_v4.pdb	17
P51580	17	E	L	0.944117020116386	AF-P51580-F1-model_v4.pdb	17
P51580	18	V	*	0.640131895927821	AF-P51580-F1-model_v4.pdb	18
P51580	18	V	T	0.9269854651407792	AF-P51580-F1-model_v4.pdb	18
P51580	18	V	R	0.903910050428332	AF-P51580-F1-model_v4.pdb	18
P51580	18	V	Q	0.7664126663413959	AF-P51580-F1-model_v4.pdb	18
P51580	18	V	P	0.9677545075449208	AF-P51580-F1-model_v4.pdb	18
P51580	18	V	M	1.03456344822568	AF-P51580-F1-model_v4.pdb	18
P51580	18	V	W	0.8975990679010609	AF-P51580-F1-model_v4.pdb	18
P51580	18	V	K	0.396113254422178	AF-P51580-F1-model_v4.pdb	18
P51580	18	V	L	1.03465808798486	AF-P51580-F1-model_v4.pdb	18
P51580	18	V	A	0.986684060670335	AF-P51580-F1-model_v4.pdb	18
P51580	18	V	S	0.94153896434734	AF-P51580-F1-model_v4.pdb	18
P51580	18	V	E	1.22752482613151	AF-P51580-F1-model_v4.pdb	18
P51580	18	V	G	0.985501360283698	AF-P51580-F1-model_v4.pdb	18
P51580	19	Q	G	0.393380059688125	AF-P51580-F1-model_v4.pdb	19
P51580	19	Q	R	0.355782631308734	AF-P51580-F1-model_v4.pdb	19
P51580	19	Q	T	0.939424388453908	AF-P51580-F1-model_v4.pdb	19
P51580	19	Q	V	0.6957780828680881	AF-P51580-F1-model_v4.pdb	19
P51580	19	Q	S	0.7374476748839499	AF-P51580-F1-model_v4.pdb	19
P51580	20	K	Y	1.14689895351635	AF-P51580-F1-model_v4.pdb	20
P51580	20	K	*	0.786835721443096	AF-P51580-F1-model_v4.pdb	20
P51580	20	K	W	0.963434387222686	AF-P51580-F1-model_v4.pdb	20
P51580	20	K	V	0.991251725616887	AF-P51580-F1-model_v4.pdb	20
P51580	20	K	T	1.18280111106741	AF-P51580-F1-model_v4.pdb	20
P51580	20	K	S	1.22573661739577	AF-P51580-F1-model_v4.pdb	20
P51580	20	K	R	0.7864588193876658	AF-P51580-F1-model_v4.pdb	20
P51580	20	K	Q	1.2352067622953702	AF-P51580-F1-model_v4.pdb	20
P51580	20	K	P	0.897144165379222	AF-P51580-F1-model_v4.pdb	20
P51580	20	K	L	1.05203241214942	AF-P51580-F1-model_v4.pdb	20
P51580	20	K	I	0.671498567418948	AF-P51580-F1-model_v4.pdb	20
P51580	20	K	G	0.9715695636612692	AF-P51580-F1-model_v4.pdb	20
P51580	20	K	F	1.0415868594169	AF-P51580-F1-model_v4.pdb	20
P51580	20	K	E	0.8615229003133629	AF-P51580-F1-model_v4.pdb	20
P51580	20	K	D	0.7134157880281791	AF-P51580-F1-model_v4.pdb	20
P51580	20	K	C	1.0531699843769	AF-P51580-F1-model_v4.pdb	20
P51580	20	K	A	0.892104249886418	AF-P51580-F1-model_v4.pdb	20
P51580	20	K	M	1.17496918140858	AF-P51580-F1-model_v4.pdb	20
P51580	21	N	*	0.674517727081026	AF-P51580-F1-model_v4.pdb	21
P51580	21	N	W	0.975043070505464	AF-P51580-F1-model_v4.pdb	21
P51580	21	N	V	1.06623733104493	AF-P51580-F1-model_v4.pdb	21
P51580	21	N	T	0.9867400936067858	AF-P51580-F1-model_v4.pdb	21
P51580	21	N	R	0.8541747200876899	AF-P51580-F1-model_v4.pdb	21
P51580	21	N	Q	1.31031153524265	AF-P51580-F1-model_v4.pdb	21
P51580	21	N	M	1.1084151057118898	AF-P51580-F1-model_v4.pdb	21
P51580	21	N	L	1.07640406891785	AF-P51580-F1-model_v4.pdb	21
P51580	21	N	G	0.899030312245785	AF-P51580-F1-model_v4.pdb	21
P51580	21	N	E	1.0235292505496	AF-P51580-F1-model_v4.pdb	21
P51580	21	N	D	1.07548650215943	AF-P51580-F1-model_v4.pdb	21
P51580	21	N	C	1.07796048067102	AF-P51580-F1-model_v4.pdb	21
P51580	21	N	A	1.12957454238859	AF-P51580-F1-model_v4.pdb	21
P51580	21	N	K	1.05718145742411	AF-P51580-F1-model_v4.pdb	21
P51580	22	Q	Y	0.799455038467469	AF-P51580-F1-model_v4.pdb	22
P51580	22	Q	N	1.37096940566564	AF-P51580-F1-model_v4.pdb	22
P51580	22	Q	*	0.8583025267194541	AF-P51580-F1-model_v4.pdb	22
P51580	22	Q	W	0.508503935455263	AF-P51580-F1-model_v4.pdb	22
P51580	22	Q	V	0.997308665673972	AF-P51580-F1-model_v4.pdb	22
P51580	22	Q	T	0.700119084077591	AF-P51580-F1-model_v4.pdb	22
P51580	22	Q	S	1.22078140708089	AF-P51580-F1-model_v4.pdb	22
P51580	22	Q	R	1.21269445429243	AF-P51580-F1-model_v4.pdb	22
P51580	22	Q	P	0.694852383676704	AF-P51580-F1-model_v4.pdb	22
P51580	22	Q	M	1.24986351879856	AF-P51580-F1-model_v4.pdb	22
P51580	22	Q	A	0.6209056514524139	AF-P51580-F1-model_v4.pdb	22
P51580	22	Q	K	0.975737111279629	AF-P51580-F1-model_v4.pdb	22
P51580	22	Q	C	1.11352097957532	AF-P51580-F1-model_v4.pdb	22
P51580	22	Q	D	1.25377424462719	AF-P51580-F1-model_v4.pdb	22
P51580	22	Q	E	1.00840319176303	AF-P51580-F1-model_v4.pdb	22
P51580	22	Q	L	0.55149447358055	AF-P51580-F1-model_v4.pdb	22
P51580	22	Q	G	0.952453294571264	AF-P51580-F1-model_v4.pdb	22
P51580	22	Q	I	1.06302394493375	AF-P51580-F1-model_v4.pdb	22
P51580	22	Q	F	0.93486009033122	AF-P51580-F1-model_v4.pdb	22
P51580	23	V	Y	1.10286657819961	AF-P51580-F1-model_v4.pdb	23
P51580	23	V	M	1.02984099025269	AF-P51580-F1-model_v4.pdb	23
P51580	23	V	W	0.9323148042905128	AF-P51580-F1-model_v4.pdb	23
P51580	23	V	T	0.909258286849752	AF-P51580-F1-model_v4.pdb	23
P51580	23	V	S	1.00160487502135	AF-P51580-F1-model_v4.pdb	23
P51580	23	V	R	1.0406862494145	AF-P51580-F1-model_v4.pdb	23
P51580	23	V	P	1.09724419990487	AF-P51580-F1-model_v4.pdb	23
P51580	23	V	N	1.25724819156198	AF-P51580-F1-model_v4.pdb	23
P51580	23	V	*	0.9970099843080492	AF-P51580-F1-model_v4.pdb	23
P51580	23	V	L	1.093993357974	AF-P51580-F1-model_v4.pdb	23
P51580	23	V	H	0.9255228149059158	AF-P51580-F1-model_v4.pdb	23
P51580	23	V	G	0.989465309483952	AF-P51580-F1-model_v4.pdb	23
P51580	23	V	F	0.970567835315521	AF-P51580-F1-model_v4.pdb	23
P51580	23	V	D	0.614738713722217	AF-P51580-F1-model_v4.pdb	23
P51580	23	V	C	1.03902391295749	AF-P51580-F1-model_v4.pdb	23
P51580	23	V	A	1.0532015012551998	AF-P51580-F1-model_v4.pdb	23
P51580	23	V	K	0.7879134959463059	AF-P51580-F1-model_v4.pdb	23
P51580	24	L	P	0.7304029309873259	AF-P51580-F1-model_v4.pdb	24
P51580	24	L	*	0.7265228795872339	AF-P51580-F1-model_v4.pdb	24
P51580	24	L	W	0.827432199420317	AF-P51580-F1-model_v4.pdb	24
P51580	24	L	V	0.9150240445465908	AF-P51580-F1-model_v4.pdb	24
P51580	24	L	T	1.29251385637447	AF-P51580-F1-model_v4.pdb	24
P51580	24	L	S	0.932974608644738	AF-P51580-F1-model_v4.pdb	24
P51580	24	L	R	1.05146164050864	AF-P51580-F1-model_v4.pdb	24
P51580	24	L	Q	0.562353541365324	AF-P51580-F1-model_v4.pdb	24
P51580	24	L	M	1.12769468732616	AF-P51580-F1-model_v4.pdb	24
P51580	24	L	E	0.805016155052817	AF-P51580-F1-model_v4.pdb	24
P51580	24	L	I	1.58545415390098	AF-P51580-F1-model_v4.pdb	24
P51580	24	L	H	0.8098598917371659	AF-P51580-F1-model_v4.pdb	24
P51580	24	L	G	0.6975567900044509	AF-P51580-F1-model_v4.pdb	24
P51580	24	L	F	0.794807777216433	AF-P51580-F1-model_v4.pdb	24
P51580	24	L	K	1.04968314070517	AF-P51580-F1-model_v4.pdb	24
P51580	24	L	D	0.6217923000558361	AF-P51580-F1-model_v4.pdb	24
P51580	24	L	C	1.12022238200548	AF-P51580-F1-model_v4.pdb	24
P51580	24	L	A	0.967997888268763	AF-P51580-F1-model_v4.pdb	24
P51580	25	T	W	0.654236697292486	AF-P51580-F1-model_v4.pdb	25
P51580	25	T	V	0.7246174920792909	AF-P51580-F1-model_v4.pdb	25
P51580	25	T	S	1.14671205183873	AF-P51580-F1-model_v4.pdb	25
P51580	25	T	R	0.9555789241430992	AF-P51580-F1-model_v4.pdb	25
P51580	25	T	Q	0.820982480206605	AF-P51580-F1-model_v4.pdb	25
P51580	25	T	P	0.682495803370011	AF-P51580-F1-model_v4.pdb	25
P51580	25	T	N	1.15660541100502	AF-P51580-F1-model_v4.pdb	25
P51580	25	T	M	0.952251702115308	AF-P51580-F1-model_v4.pdb	25
P51580	25	T	L	0.719264132021765	AF-P51580-F1-model_v4.pdb	25
P51580	25	T	K	0.592296846460826	AF-P51580-F1-model_v4.pdb	25
P51580	25	T	I	0.6549290653032901	AF-P51580-F1-model_v4.pdb	25
P51580	25	T	G	0.801380914110851	AF-P51580-F1-model_v4.pdb	25
P51580	25	T	E	1.01398645153747	AF-P51580-F1-model_v4.pdb	25
P51580	25	T	D	1.10124299330586	AF-P51580-F1-model_v4.pdb	25
P51580	25	T	C	0.6907891286875129	AF-P51580-F1-model_v4.pdb	25
P51580	25	T	A	0.4140190964818521	AF-P51580-F1-model_v4.pdb	25
P51580	26	L	*	0.581767077076739	AF-P51580-F1-model_v4.pdb	26
P51580	26	L	Y	0.7981765211655609	AF-P51580-F1-model_v4.pdb	26
P51580	26	L	W	0.6578388909451129	AF-P51580-F1-model_v4.pdb	26
P51580	26	L	V	0.7642760599258309	AF-P51580-F1-model_v4.pdb	26
P51580	26	L	T	0.742441972478877	AF-P51580-F1-model_v4.pdb	26
P51580	26	L	S	0.64014967111403	AF-P51580-F1-model_v4.pdb	26
P51580	26	L	R	0.793042579459981	AF-P51580-F1-model_v4.pdb	26
P51580	26	L	P	1.02842831584927	AF-P51580-F1-model_v4.pdb	26
P51580	26	L	N	0.9412859921591	AF-P51580-F1-model_v4.pdb	26
P51580	26	L	A	0.7952304450974749	AF-P51580-F1-model_v4.pdb	26
P51580	26	L	K	0.593686446079184	AF-P51580-F1-model_v4.pdb	26
P51580	26	L	H	0.969191887241222	AF-P51580-F1-model_v4.pdb	26
P51580	26	L	G	0.75698063165161	AF-P51580-F1-model_v4.pdb	26
P51580	26	L	F	0.943530400782659	AF-P51580-F1-model_v4.pdb	26
P51580	26	L	E	0.9115524091648132	AF-P51580-F1-model_v4.pdb	26
P51580	26	L	D	0.849864935955336	AF-P51580-F1-model_v4.pdb	26
P51580	26	L	C	1.10992946366652	AF-P51580-F1-model_v4.pdb	26
P51580	26	L	M	0.7665563103586109	AF-P51580-F1-model_v4.pdb	26
P51580	27	E	Q	0.873766935444057	AF-P51580-F1-model_v4.pdb	27
P51580	27	E	R	0.887564260732293	AF-P51580-F1-model_v4.pdb	27
P51580	27	E	S	1.11779743090567	AF-P51580-F1-model_v4.pdb	27
P51580	27	E	Y	1.011842930823	AF-P51580-F1-model_v4.pdb	27
P51580	27	E	V	0.824091944721391	AF-P51580-F1-model_v4.pdb	27
P51580	27	E	W	0.8397772594327919	AF-P51580-F1-model_v4.pdb	27
P51580	27	E	*	0.445391688143057	AF-P51580-F1-model_v4.pdb	27
P51580	27	E	T	0.984082941163219	AF-P51580-F1-model_v4.pdb	27
P51580	27	E	N	0.992882160539186	AF-P51580-F1-model_v4.pdb	27
P51580	27	E	P	0.720180349659605	AF-P51580-F1-model_v4.pdb	27
P51580	27	E	L	0.988269618586136	AF-P51580-F1-model_v4.pdb	27
P51580	27	E	A	1.32522291818914	AF-P51580-F1-model_v4.pdb	27
P51580	27	E	C	0.5714282693447049	AF-P51580-F1-model_v4.pdb	27
P51580	27	E	F	0.852062088580012	AF-P51580-F1-model_v4.pdb	27
P51580	27	E	M	0.7322336853533978	AF-P51580-F1-model_v4.pdb	27
P51580	27	E	H	1.3238277758460402	AF-P51580-F1-model_v4.pdb	27
P51580	27	E	I	0.963260665328292	AF-P51580-F1-model_v4.pdb	27
P51580	27	E	K	0.617805006648924	AF-P51580-F1-model_v4.pdb	27
P51580	27	E	G	0.947531473115731	AF-P51580-F1-model_v4.pdb	27
P51580	28	E	P	0.507749464581249	AF-P51580-F1-model_v4.pdb	28
P51580	28	E	Y	1.16748073127907	AF-P51580-F1-model_v4.pdb	28
P51580	28	E	*	1.00183796817049	AF-P51580-F1-model_v4.pdb	28
P51580	28	E	W	0.9687127738579072	AF-P51580-F1-model_v4.pdb	28
P51580	28	E	V	0.964319822431121	AF-P51580-F1-model_v4.pdb	28
P51580	28	E	T	0.7991085971711801	AF-P51580-F1-model_v4.pdb	28
P51580	28	E	S	0.8377352494549699	AF-P51580-F1-model_v4.pdb	28
P51580	28	E	R	0.850364448972833	AF-P51580-F1-model_v4.pdb	28
P51580	28	E	N	0.584403308594796	AF-P51580-F1-model_v4.pdb	28
P51580	28	E	L	0.903373388021746	AF-P51580-F1-model_v4.pdb	28
P51580	28	E	K	1.1792806789754098	AF-P51580-F1-model_v4.pdb	28
P51580	28	E	I	0.666624516774879	AF-P51580-F1-model_v4.pdb	28
P51580	28	E	H	0.988614507478132	AF-P51580-F1-model_v4.pdb	28
P51580	28	E	G	1.07176309697063	AF-P51580-F1-model_v4.pdb	28
P51580	28	E	D	1.3926556145057902	AF-P51580-F1-model_v4.pdb	28
P51580	28	E	C	1.16053985373568	AF-P51580-F1-model_v4.pdb	28
P51580	28	E	A	0.927825001637964	AF-P51580-F1-model_v4.pdb	28
P51580	29	W	*	0.264394656589145	AF-P51580-F1-model_v4.pdb	29
P51580	29	W	Y	0.5690358328406729	AF-P51580-F1-model_v4.pdb	29
P51580	29	W	V	0.6398044236248879	AF-P51580-F1-model_v4.pdb	29
P51580	29	W	T	0.7603871330302571	AF-P51580-F1-model_v4.pdb	29
P51580	29	W	S	0.7237738212326992	AF-P51580-F1-model_v4.pdb	29
P51580	29	W	R	0.621136247892862	AF-P51580-F1-model_v4.pdb	29
P51580	29	W	Q	0.773690897729442	AF-P51580-F1-model_v4.pdb	29
P51580	29	W	P	0.7058532255528159	AF-P51580-F1-model_v4.pdb	29
P51580	29	W	M	0.510178866133405	AF-P51580-F1-model_v4.pdb	29
P51580	29	W	A	0.758371636314774	AF-P51580-F1-model_v4.pdb	29
P51580	29	W	K	0.343020550257584	AF-P51580-F1-model_v4.pdb	29
P51580	29	W	H	0.883678219155958	AF-P51580-F1-model_v4.pdb	29
P51580	29	W	G	0.6788718282926801	AF-P51580-F1-model_v4.pdb	29
P51580	29	W	E	0.8402789590851009	AF-P51580-F1-model_v4.pdb	29
P51580	29	W	D	0.727159823933091	AF-P51580-F1-model_v4.pdb	29
P51580	29	W	C	0.647928888614526	AF-P51580-F1-model_v4.pdb	29
P51580	29	W	L	0.622895163978231	AF-P51580-F1-model_v4.pdb	29
P51580	30	Q	I	1.0176571227872802	AF-P51580-F1-model_v4.pdb	30
P51580	30	Q	K	0.3682545192399871	AF-P51580-F1-model_v4.pdb	30
P51580	30	Q	L	0.876104459326867	AF-P51580-F1-model_v4.pdb	30
P51580	30	Q	M	1.02453958456146	AF-P51580-F1-model_v4.pdb	30
P51580	30	Q	N	0.694270391357981	AF-P51580-F1-model_v4.pdb	30
P51580	30	Q	T	1.0046044173805	AF-P51580-F1-model_v4.pdb	30
P51580	30	Q	R	0.7950442918007841	AF-P51580-F1-model_v4.pdb	30
P51580	30	Q	S	0.9292373250514252	AF-P51580-F1-model_v4.pdb	30
P51580	30	Q	W	0.603185342439039	AF-P51580-F1-model_v4.pdb	30
P51580	30	Q	H	0.880123102028641	AF-P51580-F1-model_v4.pdb	30
P51580	30	Q	*	0.645785726460005	AF-P51580-F1-model_v4.pdb	30
P51580	30	Q	P	0.476858989782216	AF-P51580-F1-model_v4.pdb	30
P51580	30	Q	G	0.928869806769518	AF-P51580-F1-model_v4.pdb	30
P51580	30	Q	V	0.981588118101956	AF-P51580-F1-model_v4.pdb	30
P51580	30	Q	C	1.0837891433590998	AF-P51580-F1-model_v4.pdb	30
P51580	30	Q	F	0.8934481534245821	AF-P51580-F1-model_v4.pdb	30
P51580	30	Q	A	0.9843433256752728	AF-P51580-F1-model_v4.pdb	30
P51580	30	Q	D	1.05770619425601	AF-P51580-F1-model_v4.pdb	30
P51580	30	Q	E	0.9548268947441272	AF-P51580-F1-model_v4.pdb	30
P51580	31	D	F	0.7761509669613141	AF-P51580-F1-model_v4.pdb	31
P51580	31	D	*	0.3013158847839961	AF-P51580-F1-model_v4.pdb	31
P51580	31	D	W	0.663562505171817	AF-P51580-F1-model_v4.pdb	31
P51580	31	D	V	0.9450545634789158	AF-P51580-F1-model_v4.pdb	31
P51580	31	D	G	0.909857843878926	AF-P51580-F1-model_v4.pdb	31
P51580	31	D	S	1.07301357652095	AF-P51580-F1-model_v4.pdb	31
P51580	31	D	T	1.18194636768741	AF-P51580-F1-model_v4.pdb	31
P51580	31	D	Q	0.386546537683478	AF-P51580-F1-model_v4.pdb	31
P51580	31	D	A	1.01008059472877	AF-P51580-F1-model_v4.pdb	31
P51580	31	D	P	0.3166047146764509	AF-P51580-F1-model_v4.pdb	31
P51580	31	D	M	0.7822695126239408	AF-P51580-F1-model_v4.pdb	31
P51580	31	D	L	0.7394817294525041	AF-P51580-F1-model_v4.pdb	31
P51580	31	D	K	0.985979245574942	AF-P51580-F1-model_v4.pdb	31
P51580	31	D	I	1.22013355358199	AF-P51580-F1-model_v4.pdb	31
P51580	31	D	C	1.2293614675567	AF-P51580-F1-model_v4.pdb	31
P51580	31	D	H	0.870834061543648	AF-P51580-F1-model_v4.pdb	31
P51580	31	D	R	0.939772974887477	AF-P51580-F1-model_v4.pdb	31
P51580	32	K	N	0.82186014729717	AF-P51580-F1-model_v4.pdb	32
P51580	32	K	R	0.9867207165062042	AF-P51580-F1-model_v4.pdb	32
P51580	32	K	Q	0.8358988889647091	AF-P51580-F1-model_v4.pdb	32
P51580	32	K	P	0.559037725054767	AF-P51580-F1-model_v4.pdb	32
P51580	32	K	M	0.9278465454007292	AF-P51580-F1-model_v4.pdb	32
P51580	32	K	C	0.717569911536313	AF-P51580-F1-model_v4.pdb	32
P51580	32	K	I	0.6887199314601969	AF-P51580-F1-model_v4.pdb	32
P51580	32	K	H	1.00123880663112	AF-P51580-F1-model_v4.pdb	32
P51580	32	K	G	0.8633426746662879	AF-P51580-F1-model_v4.pdb	32
P51580	32	K	F	1.11166917110814	AF-P51580-F1-model_v4.pdb	32
P51580	32	K	E	0.936069584794352	AF-P51580-F1-model_v4.pdb	32
P51580	32	K	S	0.868743534313813	AF-P51580-F1-model_v4.pdb	32
P51580	32	K	A	1.08150670943074	AF-P51580-F1-model_v4.pdb	32
P51580	32	K	L	0.957639916033573	AF-P51580-F1-model_v4.pdb	32
P51580	32	K	T	1.01396370878982	AF-P51580-F1-model_v4.pdb	32
P51580	32	K	V	1.06176288612144	AF-P51580-F1-model_v4.pdb	32
P51580	32	K	*	0.607474947453237	AF-P51580-F1-model_v4.pdb	32
P51580	32	K	Y	1.03728499308908	AF-P51580-F1-model_v4.pdb	32
P51580	32	K	W	0.971234813788032	AF-P51580-F1-model_v4.pdb	32
P51580	33	W	T	0.63008550024894	AF-P51580-F1-model_v4.pdb	33
P51580	33	W	Y	0.572513432067861	AF-P51580-F1-model_v4.pdb	33
P51580	33	W	*	0.7242380096080581	AF-P51580-F1-model_v4.pdb	33
P51580	33	W	V	0.798375222710656	AF-P51580-F1-model_v4.pdb	33
P51580	33	W	S	0.7234193586411759	AF-P51580-F1-model_v4.pdb	33
P51580	33	W	R	0.61386269901403	AF-P51580-F1-model_v4.pdb	33
P51580	33	W	Q	0.824521503639687	AF-P51580-F1-model_v4.pdb	33
P51580	33	W	P	0.57004872121605	AF-P51580-F1-model_v4.pdb	33
P51580	33	W	N	0.349023606729605	AF-P51580-F1-model_v4.pdb	33
P51580	33	W	L	0.732479987951265	AF-P51580-F1-model_v4.pdb	33
P51580	33	W	I	0.6940553727239871	AF-P51580-F1-model_v4.pdb	33
P51580	33	W	G	0.750751076397375	AF-P51580-F1-model_v4.pdb	33
P51580	33	W	E	0.5857634975219229	AF-P51580-F1-model_v4.pdb	33
P51580	33	W	D	0.922110740652588	AF-P51580-F1-model_v4.pdb	33
P51580	33	W	C	0.8643465669002941	AF-P51580-F1-model_v4.pdb	33
P51580	33	W	A	0.8342199921877329	AF-P51580-F1-model_v4.pdb	33
P51580	33	W	K	0.627606025677925	AF-P51580-F1-model_v4.pdb	33
P51580	34	V	G	0.90161870175801	AF-P51580-F1-model_v4.pdb	34
P51580	34	V	K	0.521468521816241	AF-P51580-F1-model_v4.pdb	34
P51580	34	V	L	0.8182345367062379	AF-P51580-F1-model_v4.pdb	34
P51580	34	V	I	1.26819090464476	AF-P51580-F1-model_v4.pdb	34
P51580	34	V	M	1.03174378316523	AF-P51580-F1-model_v4.pdb	34
P51580	34	V	R	1.02886945780412	AF-P51580-F1-model_v4.pdb	34
P51580	34	V	H	0.91003360634196	AF-P51580-F1-model_v4.pdb	34
P51580	34	V	F	1.17844276917284	AF-P51580-F1-model_v4.pdb	34
P51580	34	V	N	0.640627412597857	AF-P51580-F1-model_v4.pdb	34
P51580	34	V	S	1.09126679508755	AF-P51580-F1-model_v4.pdb	34
P51580	34	V	D	0.927649537308354	AF-P51580-F1-model_v4.pdb	34
P51580	34	V	C	0.710293038356864	AF-P51580-F1-model_v4.pdb	34
P51580	34	V	A	1.0927915228604002	AF-P51580-F1-model_v4.pdb	34
P51580	34	V	T	1.12365412098509	AF-P51580-F1-model_v4.pdb	34
P51580	34	V	W	0.7464018746734751	AF-P51580-F1-model_v4.pdb	34
P51580	34	V	*	0.512449280714118	AF-P51580-F1-model_v4.pdb	34
P51580	34	V	Y	0.803204782445236	AF-P51580-F1-model_v4.pdb	34
P51580	34	V	E	0.772801730842278	AF-P51580-F1-model_v4.pdb	34
P51580	34	V	P	0.519039012574099	AF-P51580-F1-model_v4.pdb	34
P51580	35	N	C	1.14490296793203	AF-P51580-F1-model_v4.pdb	35
P51580	35	N	L	1.0896112155939002	AF-P51580-F1-model_v4.pdb	35
P51580	35	N	K	0.738215022853283	AF-P51580-F1-model_v4.pdb	35
P51580	35	N	H	0.98047199103953	AF-P51580-F1-model_v4.pdb	35
P51580	35	N	P	0.832787175519841	AF-P51580-F1-model_v4.pdb	35
P51580	35	N	G	0.968478391597722	AF-P51580-F1-model_v4.pdb	35
P51580	35	N	Q	1.07254626756609	AF-P51580-F1-model_v4.pdb	35
P51580	35	N	R	0.7112474473295259	AF-P51580-F1-model_v4.pdb	35
P51580	35	N	E	1.17644803136872	AF-P51580-F1-model_v4.pdb	35
P51580	35	N	D	0.9352598356876728	AF-P51580-F1-model_v4.pdb	35
P51580	35	N	S	1.24908453518848	AF-P51580-F1-model_v4.pdb	35
P51580	35	N	A	1.1390630064517602	AF-P51580-F1-model_v4.pdb	35
P51580	35	N	T	1.0972635762659	AF-P51580-F1-model_v4.pdb	35
P51580	35	N	V	0.925441274554911	AF-P51580-F1-model_v4.pdb	35
P51580	35	N	W	0.987702790327828	AF-P51580-F1-model_v4.pdb	35
P51580	35	N	*	0.628849701463708	AF-P51580-F1-model_v4.pdb	35
P51580	35	N	M	1.04815422270246	AF-P51580-F1-model_v4.pdb	35
P51580	36	G	A	1.09343796518683	AF-P51580-F1-model_v4.pdb	36
P51580	36	G	*	0.4363922882866029	AF-P51580-F1-model_v4.pdb	36
P51580	36	G	E	1.10604185281677	AF-P51580-F1-model_v4.pdb	36
P51580	36	G	F	0.8319357912603921	AF-P51580-F1-model_v4.pdb	36
P51580	36	G	H	1.23591305248237	AF-P51580-F1-model_v4.pdb	36
P51580	36	G	I	0.825768879399672	AF-P51580-F1-model_v4.pdb	36
P51580	36	G	K	0.885191708641879	AF-P51580-F1-model_v4.pdb	36
P51580	36	G	L	0.804108920747162	AF-P51580-F1-model_v4.pdb	36
P51580	36	G	W	1.00896733039735	AF-P51580-F1-model_v4.pdb	36
P51580	36	G	V	0.9115603084683548	AF-P51580-F1-model_v4.pdb	36
P51580	36	G	T	1.02440737056701	AF-P51580-F1-model_v4.pdb	36
P51580	36	G	S	1.03023048192641	AF-P51580-F1-model_v4.pdb	36
P51580	36	G	N	0.719342089186526	AF-P51580-F1-model_v4.pdb	36
P51580	36	G	R	1.08751776923237	AF-P51580-F1-model_v4.pdb	36
P51580	36	G	C	1.11687569017894	AF-P51580-F1-model_v4.pdb	36
P51580	36	G	P	0.908786909790327	AF-P51580-F1-model_v4.pdb	36
P51580	36	G	M	1.04633168820958	AF-P51580-F1-model_v4.pdb	36
P51580	36	G	Q	0.9787974226553792	AF-P51580-F1-model_v4.pdb	36
P51580	37	K	*	0.4815194367997079	AF-P51580-F1-model_v4.pdb	37
P51580	37	K	W	0.8880843761934949	AF-P51580-F1-model_v4.pdb	37
P51580	37	K	H	1.14553021958835	AF-P51580-F1-model_v4.pdb	37
P51580	37	K	V	1.01963554533278	AF-P51580-F1-model_v4.pdb	37
P51580	37	K	C	0.9729488532548892	AF-P51580-F1-model_v4.pdb	37
P51580	37	K	D	0.791110231007487	AF-P51580-F1-model_v4.pdb	37
P51580	37	K	T	1.11203700753405	AF-P51580-F1-model_v4.pdb	37
P51580	37	K	S	0.994545301887616	AF-P51580-F1-model_v4.pdb	37
P51580	37	K	G	1.08654638368234	AF-P51580-F1-model_v4.pdb	37
P51580	37	K	Q	0.877766588078906	AF-P51580-F1-model_v4.pdb	37
P51580	37	K	R	0.938154721595092	AF-P51580-F1-model_v4.pdb	37
P51580	37	K	L	1.06306629519806	AF-P51580-F1-model_v4.pdb	37
P51580	37	K	M	1.1493292901818302	AF-P51580-F1-model_v4.pdb	37
P51580	37	K	N	0.825458234396464	AF-P51580-F1-model_v4.pdb	37
P51580	37	K	A	1.0105562171909	AF-P51580-F1-model_v4.pdb	37
P51580	37	K	E	1.20000111775649	AF-P51580-F1-model_v4.pdb	37
P51580	37	K	P	0.9989097688944408	AF-P51580-F1-model_v4.pdb	37
P51580	37	K	F	0.6951011876191769	AF-P51580-F1-model_v4.pdb	37
P51580	38	T	V	0.693984221416224	AF-P51580-F1-model_v4.pdb	38
P51580	38	T	S	0.925362162813122	AF-P51580-F1-model_v4.pdb	38
P51580	38	T	W	0.8838139917224158	AF-P51580-F1-model_v4.pdb	38
P51580	38	T	C	0.89351994766465	AF-P51580-F1-model_v4.pdb	38
P51580	38	T	E	0.741616348936245	AF-P51580-F1-model_v4.pdb	38
P51580	38	T	R	0.955793178053212	AF-P51580-F1-model_v4.pdb	38
P51580	38	T	F	1.0114356127698398	AF-P51580-F1-model_v4.pdb	38
P51580	38	T	Q	0.999181675491222	AF-P51580-F1-model_v4.pdb	38
P51580	38	T	G	0.700640946169796	AF-P51580-F1-model_v4.pdb	38
P51580	38	T	K	0.881215441608791	AF-P51580-F1-model_v4.pdb	38
P51580	38	T	L	0.9934703487249928	AF-P51580-F1-model_v4.pdb	38
P51580	38	T	P	0.848323452580303	AF-P51580-F1-model_v4.pdb	38
P51580	38	T	A	0.879206779354938	AF-P51580-F1-model_v4.pdb	38
P51580	38	T	*	0.5770900135359731	AF-P51580-F1-model_v4.pdb	38
P51580	38	T	M	0.736013633012278	AF-P51580-F1-model_v4.pdb	38
P51580	38	T	N	0.851652084215948	AF-P51580-F1-model_v4.pdb	38
P51580	39	A	C	1.2815578857018	AF-P51580-F1-model_v4.pdb	39
P51580	39	A	D	0.6992849703610121	AF-P51580-F1-model_v4.pdb	39
P51580	39	A	T	1.09103679825096	AF-P51580-F1-model_v4.pdb	39
P51580	39	A	E	0.631184581711115	AF-P51580-F1-model_v4.pdb	39
P51580	39	A	F	1.11245884997543	AF-P51580-F1-model_v4.pdb	39
P51580	39	A	G	0.989307914770414	AF-P51580-F1-model_v4.pdb	39
P51580	39	A	H	0.853402981818583	AF-P51580-F1-model_v4.pdb	39
P51580	39	A	L	1.05387015075317	AF-P51580-F1-model_v4.pdb	39
P51580	39	A	V	0.839499323463601	AF-P51580-F1-model_v4.pdb	39
P51580	39	A	P	0.9440446835834392	AF-P51580-F1-model_v4.pdb	39
P51580	39	A	W	0.8226882035054309	AF-P51580-F1-model_v4.pdb	39
P51580	39	A	Q	1.03687467499219	AF-P51580-F1-model_v4.pdb	39
P51580	39	A	Y	1.23231760956853	AF-P51580-F1-model_v4.pdb	39
P51580	39	A	R	0.8749681411081891	AF-P51580-F1-model_v4.pdb	39
P51580	39	A	*	0.423206828934459	AF-P51580-F1-model_v4.pdb	39
P51580	39	A	S	1.03065385592674	AF-P51580-F1-model_v4.pdb	39
P51580	40	F	C	0.7854217753203079	AF-P51580-F1-model_v4.pdb	40
P51580	40	F	*	0.945547086167152	AF-P51580-F1-model_v4.pdb	40
P51580	40	F	W	1.04902367403987	AF-P51580-F1-model_v4.pdb	40
P51580	40	F	V	0.7483917675871751	AF-P51580-F1-model_v4.pdb	40
P51580	40	F	A	0.607298037538491	AF-P51580-F1-model_v4.pdb	40
P51580	40	F	S	0.7372407567115871	AF-P51580-F1-model_v4.pdb	40
P51580	40	F	R	0.7007980711104351	AF-P51580-F1-model_v4.pdb	40
P51580	40	F	T	0.7118410533223299	AF-P51580-F1-model_v4.pdb	40
P51580	40	F	N	0.752075106091345	AF-P51580-F1-model_v4.pdb	40
P51580	40	F	P	0.7667171597573991	AF-P51580-F1-model_v4.pdb	40
P51580	40	F	E	0.93601491862352	AF-P51580-F1-model_v4.pdb	40
P51580	40	F	G	0.729609147193637	AF-P51580-F1-model_v4.pdb	40
P51580	40	F	Q	0.577301309917636	AF-P51580-F1-model_v4.pdb	40
P51580	40	F	K	0.689162995643725	AF-P51580-F1-model_v4.pdb	40
P51580	40	F	L	0.747633216248923	AF-P51580-F1-model_v4.pdb	40
P51580	40	F	M	1.00166426114783	AF-P51580-F1-model_v4.pdb	40
P51580	40	F	I	0.71612867171507	AF-P51580-F1-model_v4.pdb	40
P51580	41	H	W	1.09289338189471	AF-P51580-F1-model_v4.pdb	41
P51580	41	H	V	0.941705216904646	AF-P51580-F1-model_v4.pdb	41
P51580	41	H	T	0.8689041006070151	AF-P51580-F1-model_v4.pdb	41
P51580	41	H	S	0.9401474052327792	AF-P51580-F1-model_v4.pdb	41
P51580	41	H	R	0.7232671367025658	AF-P51580-F1-model_v4.pdb	41
P51580	41	H	Q	0.7049313110907941	AF-P51580-F1-model_v4.pdb	41
P51580	41	H	M	0.979663038406992	AF-P51580-F1-model_v4.pdb	41
P51580	41	H	L	0.701111872991768	AF-P51580-F1-model_v4.pdb	41
P51580	41	H	G	0.8486188798419709	AF-P51580-F1-model_v4.pdb	41
P51580	41	H	E	0.89999016442759	AF-P51580-F1-model_v4.pdb	41
P51580	41	H	C	0.977290806107015	AF-P51580-F1-model_v4.pdb	41
P51580	41	H	A	0.812616022320692	AF-P51580-F1-model_v4.pdb	41
P51580	41	H	N	0.7809981859655541	AF-P51580-F1-model_v4.pdb	41
P51580	41	H	K	0.350532613730106	AF-P51580-F1-model_v4.pdb	41
P51580	41	H	Y	0.819977248603991	AF-P51580-F1-model_v4.pdb	41
P51580	42	Q	E	1.23633866691469	AF-P51580-F1-model_v4.pdb	42
P51580	42	Q	M	1.19836314707626	AF-P51580-F1-model_v4.pdb	42
P51580	42	Q	P	0.7544825178257359	AF-P51580-F1-model_v4.pdb	42
P51580	42	Q	R	0.908267629556567	AF-P51580-F1-model_v4.pdb	42
P51580	42	Q	S	0.8789596872577758	AF-P51580-F1-model_v4.pdb	42
P51580	42	Q	V	1.0013277015257198	AF-P51580-F1-model_v4.pdb	42
P51580	42	Q	W	0.8486739724859279	AF-P51580-F1-model_v4.pdb	42
P51580	42	Q	I	1.33205659821472	AF-P51580-F1-model_v4.pdb	42
P51580	42	Q	*	0.478575297997573	AF-P51580-F1-model_v4.pdb	42
P51580	42	Q	G	0.783923200502012	AF-P51580-F1-model_v4.pdb	42
P51580	42	Q	A	0.906394151934428	AF-P51580-F1-model_v4.pdb	42
P51580	42	Q	F	0.874082394746043	AF-P51580-F1-model_v4.pdb	42
P51580	42	Q	L	1.1269941317479	AF-P51580-F1-model_v4.pdb	42
P51580	42	Q	D	1.00288280903373	AF-P51580-F1-model_v4.pdb	42
P51580	42	Q	K	1.17712049941551	AF-P51580-F1-model_v4.pdb	42
P51580	42	Q	C	0.838872925301208	AF-P51580-F1-model_v4.pdb	42
P51580	43	E	V	0.9571269737579772	AF-P51580-F1-model_v4.pdb	43
P51580	43	E	A	1.0134366168368198	AF-P51580-F1-model_v4.pdb	43
P51580	43	E	W	0.74083449660988	AF-P51580-F1-model_v4.pdb	43
P51580	43	E	C	0.992576802793308	AF-P51580-F1-model_v4.pdb	43
P51580	43	E	G	0.946497818574296	AF-P51580-F1-model_v4.pdb	43
P51580	43	E	H	0.225351481778234	AF-P51580-F1-model_v4.pdb	43
P51580	43	E	K	0.854183174349743	AF-P51580-F1-model_v4.pdb	43
P51580	43	E	L	0.92291628680238	AF-P51580-F1-model_v4.pdb	43
P51580	43	E	*	0.3746964373412761	AF-P51580-F1-model_v4.pdb	43
P51580	43	E	M	1.03096696578181	AF-P51580-F1-model_v4.pdb	43
P51580	43	E	Y	0.771824528992293	AF-P51580-F1-model_v4.pdb	43
P51580	43	E	N	0.403241850043691	AF-P51580-F1-model_v4.pdb	43
P51580	43	E	P	1.14058851220376	AF-P51580-F1-model_v4.pdb	43
P51580	43	E	R	0.969920031271506	AF-P51580-F1-model_v4.pdb	43
P51580	43	E	T	0.5655257325852211	AF-P51580-F1-model_v4.pdb	43
P51580	43	E	S	0.824459629046527	AF-P51580-F1-model_v4.pdb	43
P51580	44	Q	D	1.07038214277544	AF-P51580-F1-model_v4.pdb	44
P51580	44	Q	C	1.06431550042387	AF-P51580-F1-model_v4.pdb	44
P51580	44	Q	G	0.96803420482178	AF-P51580-F1-model_v4.pdb	44
P51580	44	Q	A	1.15094226526307	AF-P51580-F1-model_v4.pdb	44
P51580	44	Q	K	0.7049194657068829	AF-P51580-F1-model_v4.pdb	44
P51580	44	Q	*	0.477945179660617	AF-P51580-F1-model_v4.pdb	44
P51580	44	Q	S	1.02161824687247	AF-P51580-F1-model_v4.pdb	44
P51580	44	Q	E	1.09476868270159	AF-P51580-F1-model_v4.pdb	44
P51580	44	Q	W	0.786681217451854	AF-P51580-F1-model_v4.pdb	44
P51580	44	Q	V	1.17620286138042	AF-P51580-F1-model_v4.pdb	44
P51580	44	Q	L	0.7923382584534301	AF-P51580-F1-model_v4.pdb	44
P51580	44	Q	R	0.918499178407049	AF-P51580-F1-model_v4.pdb	44
P51580	44	Q	P	0.85746956519949	AF-P51580-F1-model_v4.pdb	44
P51580	44	Q	F	1.1507735456513002	AF-P51580-F1-model_v4.pdb	44
P51580	44	Q	T	0.933433538386676	AF-P51580-F1-model_v4.pdb	44
P51580	44	Q	M	0.953054268854066	AF-P51580-F1-model_v4.pdb	44
P51580	45	G	K	0.926746888006718	AF-P51580-F1-model_v4.pdb	45
P51580	45	G	Q	0.780472363563963	AF-P51580-F1-model_v4.pdb	45
P51580	45	G	L	1.1250884207619398	AF-P51580-F1-model_v4.pdb	45
P51580	45	G	R	0.696546537676745	AF-P51580-F1-model_v4.pdb	45
P51580	45	G	T	1.02072214335757	AF-P51580-F1-model_v4.pdb	45
P51580	45	G	V	0.962552909948295	AF-P51580-F1-model_v4.pdb	45
P51580	45	G	P	0.986655989173044	AF-P51580-F1-model_v4.pdb	45
P51580	45	G	W	0.748859774222875	AF-P51580-F1-model_v4.pdb	45
P51580	45	G	S	0.697350547856098	AF-P51580-F1-model_v4.pdb	45
P51580	45	G	*	0.16598594270744	AF-P51580-F1-model_v4.pdb	45
P51580	45	G	I	1.0874422870689	AF-P51580-F1-model_v4.pdb	45
P51580	45	G	H	0.908881487149046	AF-P51580-F1-model_v4.pdb	45
P51580	45	G	N	0.6563784396871191	AF-P51580-F1-model_v4.pdb	45
P51580	45	G	D	0.5096191901997821	AF-P51580-F1-model_v4.pdb	45
P51580	45	G	Y	0.8250396166321949	AF-P51580-F1-model_v4.pdb	45
P51580	45	G	A	0.884119682384034	AF-P51580-F1-model_v4.pdb	45
P51580	45	G	E	0.7492731175725369	AF-P51580-F1-model_v4.pdb	45
P51580	46	H	Y	0.852105591620383	AF-P51580-F1-model_v4.pdb	46
P51580	46	H	*	0.458183671003632	AF-P51580-F1-model_v4.pdb	46
P51580	46	H	W	1.00106205848846	AF-P51580-F1-model_v4.pdb	46
P51580	46	H	V	0.781492254990633	AF-P51580-F1-model_v4.pdb	46
P51580	46	H	S	1.34295890353766	AF-P51580-F1-model_v4.pdb	46
P51580	46	H	R	0.703609983093516	AF-P51580-F1-model_v4.pdb	46
P51580	46	H	P	0.8391618027435529	AF-P51580-F1-model_v4.pdb	46
P51580	46	H	N	1.2783407180323898	AF-P51580-F1-model_v4.pdb	46
P51580	46	H	M	0.909936312358728	AF-P51580-F1-model_v4.pdb	46
P51580	46	H	G	0.7553385916478961	AF-P51580-F1-model_v4.pdb	46
P51580	46	H	E	0.740664537568555	AF-P51580-F1-model_v4.pdb	46
P51580	46	H	C	0.3870672759661479	AF-P51580-F1-model_v4.pdb	46
P51580	46	H	A	0.921304548341225	AF-P51580-F1-model_v4.pdb	46
P51580	46	H	Q	0.71892533628374	AF-P51580-F1-model_v4.pdb	46
P51580	46	H	L	0.695395989307428	AF-P51580-F1-model_v4.pdb	46
P51580	47	Q	D	0.8413730787027399	AF-P51580-F1-model_v4.pdb	47
P51580	47	Q	T	0.94541351691302	AF-P51580-F1-model_v4.pdb	47
P51580	47	Q	*	0.710884276427361	AF-P51580-F1-model_v4.pdb	47
P51580	47	Q	W	0.962028595984186	AF-P51580-F1-model_v4.pdb	47
P51580	47	Q	V	1.2991787237781898	AF-P51580-F1-model_v4.pdb	47
P51580	47	Q	S	0.8507289159663209	AF-P51580-F1-model_v4.pdb	47
P51580	47	Q	R	0.940644204139534	AF-P51580-F1-model_v4.pdb	47
P51580	47	Q	C	0.8936286207691769	AF-P51580-F1-model_v4.pdb	47
P51580	47	Q	P	1.17263536976671	AF-P51580-F1-model_v4.pdb	47
P51580	47	Q	L	1.1270670693969	AF-P51580-F1-model_v4.pdb	47
P51580	47	Q	I	1.23458776609594	AF-P51580-F1-model_v4.pdb	47
P51580	47	Q	G	0.9103830857580948	AF-P51580-F1-model_v4.pdb	47
P51580	47	Q	F	0.938765200690456	AF-P51580-F1-model_v4.pdb	47
P51580	47	Q	E	0.97502390656257	AF-P51580-F1-model_v4.pdb	47
P51580	47	Q	N	0.9568451010127472	AF-P51580-F1-model_v4.pdb	47
P51580	48	L	I	0.977904344386567	AF-P51580-F1-model_v4.pdb	48
P51580	48	L	V	0.9601851725505028	AF-P51580-F1-model_v4.pdb	48
P51580	48	L	P	0.432611041917455	AF-P51580-F1-model_v4.pdb	48
P51580	48	L	G	0.980724200158989	AF-P51580-F1-model_v4.pdb	48
P51580	48	L	R	0.671056745394441	AF-P51580-F1-model_v4.pdb	48
P51580	48	L	E	0.711266403011177	AF-P51580-F1-model_v4.pdb	48
P51580	48	L	D	0.7267306533774001	AF-P51580-F1-model_v4.pdb	48
P51580	48	L	T	0.8715867344191942	AF-P51580-F1-model_v4.pdb	48
P51580	48	L	F	0.352367276842255	AF-P51580-F1-model_v4.pdb	48
P51580	48	L	S	0.8425728206169909	AF-P51580-F1-model_v4.pdb	48
P51580	49	L	T	0.6022252078620159	AF-P51580-F1-model_v4.pdb	49
P51580	49	L	M	1.07299631881535	AF-P51580-F1-model_v4.pdb	49
P51580	49	L	S	0.790014006926939	AF-P51580-F1-model_v4.pdb	49
P51580	49	L	R	0.408812078215745	AF-P51580-F1-model_v4.pdb	49
P51580	49	L	Q	0.897246946509535	AF-P51580-F1-model_v4.pdb	49
P51580	49	L	Y	0.7173034751646429	AF-P51580-F1-model_v4.pdb	49
P51580	49	L	K	0.6638977060777479	AF-P51580-F1-model_v4.pdb	49
P51580	49	L	I	0.654822128019588	AF-P51580-F1-model_v4.pdb	49
P51580	49	L	W	0.72976283482162	AF-P51580-F1-model_v4.pdb	49
P51580	49	L	V	0.699929249247551	AF-P51580-F1-model_v4.pdb	49
P51580	49	L	G	0.526202847273904	AF-P51580-F1-model_v4.pdb	49
P51580	49	L	E	0.350027648535641	AF-P51580-F1-model_v4.pdb	49
P51580	49	L	D	0.519759543489993	AF-P51580-F1-model_v4.pdb	49
P51580	49	L	C	0.601733719886578	AF-P51580-F1-model_v4.pdb	49
P51580	49	L	A	0.6469301973551639	AF-P51580-F1-model_v4.pdb	49
P51580	50	K	S	0.941707610036698	AF-P51580-F1-model_v4.pdb	50
P51580	50	K	H	0.287332746995588	AF-P51580-F1-model_v4.pdb	50
P51580	50	K	A	0.932293784966335	AF-P51580-F1-model_v4.pdb	50
P51580	50	K	C	1.05975901591127	AF-P51580-F1-model_v4.pdb	50
P51580	50	K	W	0.773429083074672	AF-P51580-F1-model_v4.pdb	50
P51580	50	K	V	0.8095861086063071	AF-P51580-F1-model_v4.pdb	50
P51580	50	K	N	1.01422452719434	AF-P51580-F1-model_v4.pdb	50
P51580	50	K	M	1.02175280769326	AF-P51580-F1-model_v4.pdb	50
P51580	50	K	I	0.642791760533204	AF-P51580-F1-model_v4.pdb	50
P51580	50	K	R	0.848503151082164	AF-P51580-F1-model_v4.pdb	50
P51580	50	K	L	0.184545080092274	AF-P51580-F1-model_v4.pdb	50
P51580	50	K	Y	0.978757578348182	AF-P51580-F1-model_v4.pdb	50
P51580	50	K	E	1.06609844261091	AF-P51580-F1-model_v4.pdb	50
P51580	50	K	P	0.522679487410241	AF-P51580-F1-model_v4.pdb	50
P51580	50	K	*	0.3932382912703789	AF-P51580-F1-model_v4.pdb	50
P51580	50	K	D	0.901516244572991	AF-P51580-F1-model_v4.pdb	50
P51580	50	K	F	0.6748954131924739	AF-P51580-F1-model_v4.pdb	50
P51580	50	K	G	0.812150753427732	AF-P51580-F1-model_v4.pdb	50
P51580	51	K	P	0.837025633975077	AF-P51580-F1-model_v4.pdb	51
P51580	51	K	H	1.15193943020542	AF-P51580-F1-model_v4.pdb	51
P51580	51	K	E	1.13523627292483	AF-P51580-F1-model_v4.pdb	51
P51580	51	K	W	0.7894675354065891	AF-P51580-F1-model_v4.pdb	51
P51580	51	K	V	0.9908801172891892	AF-P51580-F1-model_v4.pdb	51
P51580	51	K	L	1.29841934761627	AF-P51580-F1-model_v4.pdb	51
P51580	51	K	G	0.7524492395686221	AF-P51580-F1-model_v4.pdb	51
P51580	51	K	T	1.13903086358397	AF-P51580-F1-model_v4.pdb	51
P51580	51	K	D	0.1117148179721469	AF-P51580-F1-model_v4.pdb	51
P51580	51	K	A	0.9422113905050832	AF-P51580-F1-model_v4.pdb	51
P51580	51	K	M	0.5880911326145201	AF-P51580-F1-model_v4.pdb	51
P51580	51	K	S	0.957812340581894	AF-P51580-F1-model_v4.pdb	51
P51580	51	K	R	1.15988577749545	AF-P51580-F1-model_v4.pdb	51
P51580	52	H	S	0.910595889398534	AF-P51580-F1-model_v4.pdb	52
P51580	52	H	M	0.4363286913893329	AF-P51580-F1-model_v4.pdb	52
P51580	52	H	L	1.27087593209096	AF-P51580-F1-model_v4.pdb	52
P51580	52	H	T	0.9546589815710992	AF-P51580-F1-model_v4.pdb	52
P51580	52	H	I	1.00917910541776	AF-P51580-F1-model_v4.pdb	52
P51580	52	H	G	0.84242497806908	AF-P51580-F1-model_v4.pdb	52
P51580	52	H	*	0.4846693202797849	AF-P51580-F1-model_v4.pdb	52
P51580	52	H	V	0.736655940186863	AF-P51580-F1-model_v4.pdb	52
P51580	52	H	R	1.25978968566564	AF-P51580-F1-model_v4.pdb	52
P51580	52	H	E	1.09666372706706	AF-P51580-F1-model_v4.pdb	52
P51580	52	H	W	0.852866777837494	AF-P51580-F1-model_v4.pdb	52
P51580	52	H	D	1.01393540164213	AF-P51580-F1-model_v4.pdb	52
P51580	52	H	A	0.486111484982344	AF-P51580-F1-model_v4.pdb	52
P51580	53	L	Y	0.843679815038921	AF-P51580-F1-model_v4.pdb	53
P51580	53	L	C	0.7195224324432791	AF-P51580-F1-model_v4.pdb	53
P51580	53	L	D	0.614591445400515	AF-P51580-F1-model_v4.pdb	53
P51580	53	L	E	0.7691675894496991	AF-P51580-F1-model_v4.pdb	53
P51580	53	L	F	1.0876599171892	AF-P51580-F1-model_v4.pdb	53
P51580	53	L	G	0.805093452592857	AF-P51580-F1-model_v4.pdb	53
P51580	53	L	H	0.7847053285297478	AF-P51580-F1-model_v4.pdb	53
P51580	53	L	I	1.00793935257549	AF-P51580-F1-model_v4.pdb	53
P51580	53	L	K	0.6044585385035269	AF-P51580-F1-model_v4.pdb	53
P51580	53	L	M	1.13537286462989	AF-P51580-F1-model_v4.pdb	53
P51580	53	L	N	0.344138035212483	AF-P51580-F1-model_v4.pdb	53
P51580	53	L	W	1.03279767799996	AF-P51580-F1-model_v4.pdb	53
P51580	53	L	Q	0.6762359608148679	AF-P51580-F1-model_v4.pdb	53
P51580	53	L	R	0.6688707250952529	AF-P51580-F1-model_v4.pdb	53
P51580	53	L	*	0.544283564313728	AF-P51580-F1-model_v4.pdb	53
P51580	53	L	S	0.904577650955193	AF-P51580-F1-model_v4.pdb	53
P51580	53	L	P	0.339492623865252	AF-P51580-F1-model_v4.pdb	53
P51580	53	L	T	0.728252305968633	AF-P51580-F1-model_v4.pdb	53
P51580	53	L	V	0.885671211227261	AF-P51580-F1-model_v4.pdb	53
P51580	54	D	I	0.495432502706082	AF-P51580-F1-model_v4.pdb	54
P51580	54	D	A	0.8908706047880749	AF-P51580-F1-model_v4.pdb	54
P51580	54	D	T	1.30619173937227	AF-P51580-F1-model_v4.pdb	54
P51580	54	D	S	1.09994731175269	AF-P51580-F1-model_v4.pdb	54
P51580	54	D	E	0.606220400123089	AF-P51580-F1-model_v4.pdb	54
P51580	54	D	R	0.553189609620192	AF-P51580-F1-model_v4.pdb	54
P51580	54	D	F	0.599851158368414	AF-P51580-F1-model_v4.pdb	54
P51580	54	D	G	0.8752562293810171	AF-P51580-F1-model_v4.pdb	54
P51580	54	D	M	0.319232754000381	AF-P51580-F1-model_v4.pdb	54
P51580	54	D	L	0.8193808482831558	AF-P51580-F1-model_v4.pdb	54
P51580	54	D	P	1.1214998872627802	AF-P51580-F1-model_v4.pdb	54
P51580	54	D	K	0.412509607456754	AF-P51580-F1-model_v4.pdb	54
P51580	54	D	W	0.7983437304061991	AF-P51580-F1-model_v4.pdb	54
P51580	55	T	M	0.9612674516000128	AF-P51580-F1-model_v4.pdb	55
P51580	55	T	Y	0.556305808249801	AF-P51580-F1-model_v4.pdb	55
P51580	55	T	V	0.938648985148438	AF-P51580-F1-model_v4.pdb	55
P51580	55	T	S	1.04800813396113	AF-P51580-F1-model_v4.pdb	55
P51580	55	T	R	0.418056207043277	AF-P51580-F1-model_v4.pdb	55
P51580	55	T	L	0.974190226028271	AF-P51580-F1-model_v4.pdb	55
P51580	55	T	K	0.9779992514485948	AF-P51580-F1-model_v4.pdb	55
P51580	55	T	N	0.8585458566074158	AF-P51580-F1-model_v4.pdb	55
P51580	55	T	A	0.984295719537298	AF-P51580-F1-model_v4.pdb	55
P51580	55	T	F	0.8658332665959508	AF-P51580-F1-model_v4.pdb	55
P51580	55	T	E	0.603822444793646	AF-P51580-F1-model_v4.pdb	55
P51580	55	T	D	0.920715634712448	AF-P51580-F1-model_v4.pdb	55
P51580	55	T	C	0.8770899108405541	AF-P51580-F1-model_v4.pdb	55
P51580	55	T	G	0.7953253771944458	AF-P51580-F1-model_v4.pdb	55
P51580	56	F	G	0.7806942846389309	AF-P51580-F1-model_v4.pdb	56
P51580	56	F	A	0.173629287702708	AF-P51580-F1-model_v4.pdb	56
P51580	56	F	C	0.910344507303391	AF-P51580-F1-model_v4.pdb	56
P51580	56	F	D	0.84685357447294	AF-P51580-F1-model_v4.pdb	56
P51580	56	F	H	0.8151051909798941	AF-P51580-F1-model_v4.pdb	56
P51580	56	F	Y	1.07978360888641	AF-P51580-F1-model_v4.pdb	56
P51580	56	F	R	0.916683181752423	AF-P51580-F1-model_v4.pdb	56
P51580	56	F	W	0.9132913535664352	AF-P51580-F1-model_v4.pdb	56
P51580	56	F	K	1.30148243254422	AF-P51580-F1-model_v4.pdb	56
P51580	56	F	V	0.990732270422605	AF-P51580-F1-model_v4.pdb	56
P51580	56	F	T	0.8245636292175709	AF-P51580-F1-model_v4.pdb	56
P51580	56	F	L	0.9752345963758652	AF-P51580-F1-model_v4.pdb	56
P51580	56	F	S	0.8440516769229609	AF-P51580-F1-model_v4.pdb	56
P51580	56	F	P	0.5975614970020761	AF-P51580-F1-model_v4.pdb	56
P51580	57	L	S	1.07246006289334	AF-P51580-F1-model_v4.pdb	57
P51580	57	L	Y	0.7909606593209201	AF-P51580-F1-model_v4.pdb	57
P51580	57	L	T	0.6790676031652639	AF-P51580-F1-model_v4.pdb	57
P51580	57	L	G	0.934116899430235	AF-P51580-F1-model_v4.pdb	57
P51580	58	K	R	1.16195288163078	AF-P51580-F1-model_v4.pdb	58
P51580	58	K	*	-0.4247390356158429	AF-P51580-F1-model_v4.pdb	58
P51580	58	K	V	1.27738685001073	AF-P51580-F1-model_v4.pdb	58
P51580	58	K	Y	0.946081053445578	AF-P51580-F1-model_v4.pdb	58
P51580	58	K	T	1.13244385958917	AF-P51580-F1-model_v4.pdb	58
P51580	58	K	L	0.7538027667127959	AF-P51580-F1-model_v4.pdb	58
P51580	58	K	S	1.19245403465652	AF-P51580-F1-model_v4.pdb	58
P51580	58	K	E	1.19892068586669	AF-P51580-F1-model_v4.pdb	58
P51580	59	G	P	0.971736376225286	AF-P51580-F1-model_v4.pdb	59
P51580	59	G	M	1.13241586274052	AF-P51580-F1-model_v4.pdb	59
P51580	59	G	L	0.9486359658251408	AF-P51580-F1-model_v4.pdb	59
P51580	59	G	Q	1.01187301658889	AF-P51580-F1-model_v4.pdb	59
P51580	59	G	R	0.845253891820015	AF-P51580-F1-model_v4.pdb	59
P51580	59	G	K	0.572220001386666	AF-P51580-F1-model_v4.pdb	59
P51580	59	G	S	0.521596355181381	AF-P51580-F1-model_v4.pdb	59
P51580	59	G	I	0.7444331477670771	AF-P51580-F1-model_v4.pdb	59
P51580	59	G	H	0.630583459794285	AF-P51580-F1-model_v4.pdb	59
P51580	59	G	E	1.17427231282336	AF-P51580-F1-model_v4.pdb	59
P51580	59	G	T	0.883043711762144	AF-P51580-F1-model_v4.pdb	59
P51580	59	G	V	0.855999530592663	AF-P51580-F1-model_v4.pdb	59
P51580	59	G	D	1.03579954377909	AF-P51580-F1-model_v4.pdb	59
P51580	59	G	A	0.965669821995852	AF-P51580-F1-model_v4.pdb	59
P51580	59	G	Y	1.10515411252731	AF-P51580-F1-model_v4.pdb	59
P51580	59	G	*	-0.0729495096696549	AF-P51580-F1-model_v4.pdb	59
P51580	59	G	C	0.815231224167688	AF-P51580-F1-model_v4.pdb	59
P51580	60	K	L	0.8930962488769129	AF-P51580-F1-model_v4.pdb	60
P51580	60	K	P	0.662536691114567	AF-P51580-F1-model_v4.pdb	60
P51580	60	K	G	0.7870295500647799	AF-P51580-F1-model_v4.pdb	60
P51580	60	K	N	1.0848740834089698	AF-P51580-F1-model_v4.pdb	60
P51580	60	K	Y	0.9732965044745072	AF-P51580-F1-model_v4.pdb	60
P51580	60	K	*	0.134875741430064	AF-P51580-F1-model_v4.pdb	60
P51580	60	K	V	1.02910159952337	AF-P51580-F1-model_v4.pdb	60
P51580	60	K	F	1.28765311170678	AF-P51580-F1-model_v4.pdb	60
P51580	60	K	R	1.08176600861477	AF-P51580-F1-model_v4.pdb	60
P51580	60	K	H	1.05748796029822	AF-P51580-F1-model_v4.pdb	60
P51580	60	K	A	0.82186052819942	AF-P51580-F1-model_v4.pdb	60
P51580	60	K	E	0.508000411922344	AF-P51580-F1-model_v4.pdb	60
P51580	60	K	D	0.797374968530701	AF-P51580-F1-model_v4.pdb	60
P51580	60	K	C	1.09781879626448	AF-P51580-F1-model_v4.pdb	60
P51580	60	K	T	1.09796172829347	AF-P51580-F1-model_v4.pdb	60
P51580	60	K	S	0.9805321522136752	AF-P51580-F1-model_v4.pdb	60
P51580	60	K	Q	1.10013851187212	AF-P51580-F1-model_v4.pdb	60
P51580	60	K	I	0.7346125390482231	AF-P51580-F1-model_v4.pdb	60
P51580	61	S	L	1.47951713022992	AF-P51580-F1-model_v4.pdb	61
P51580	61	S	A	1.2061061766493602	AF-P51580-F1-model_v4.pdb	61
P51580	61	S	C	1.17015078525631	AF-P51580-F1-model_v4.pdb	61
P51580	61	S	E	1.42273516379639	AF-P51580-F1-model_v4.pdb	61
P51580	61	S	I	0.956032321711252	AF-P51580-F1-model_v4.pdb	61
P51580	61	S	K	0.700272308004495	AF-P51580-F1-model_v4.pdb	61
P51580	61	S	M	0.8996469463595641	AF-P51580-F1-model_v4.pdb	61
P51580	61	S	P	1.02213254142466	AF-P51580-F1-model_v4.pdb	61
P51580	61	S	Q	0.7068086045605941	AF-P51580-F1-model_v4.pdb	61
P51580	61	S	T	1.1601163069536102	AF-P51580-F1-model_v4.pdb	61
P51580	62	G	K	0.9844832661203192	AF-P51580-F1-model_v4.pdb	62
P51580	62	G	*	0.0798120575968684	AF-P51580-F1-model_v4.pdb	62
P51580	62	G	V	0.961940501042874	AF-P51580-F1-model_v4.pdb	62
P51580	62	G	M	1.06615784891176	AF-P51580-F1-model_v4.pdb	62
P51580	62	G	Y	0.912560960911853	AF-P51580-F1-model_v4.pdb	62
P51580	62	G	T	1.07339731449283	AF-P51580-F1-model_v4.pdb	62
P51580	62	G	N	1.28951342165757	AF-P51580-F1-model_v4.pdb	62
P51580	62	G	I	0.701241533479864	AF-P51580-F1-model_v4.pdb	62
P51580	62	G	H	1.00859637109702	AF-P51580-F1-model_v4.pdb	62
P51580	62	G	L	0.7785834858538309	AF-P51580-F1-model_v4.pdb	62
P51580	62	G	S	0.946492250031607	AF-P51580-F1-model_v4.pdb	62
P51580	62	G	R	1.13816889736557	AF-P51580-F1-model_v4.pdb	62
P51580	62	G	Q	0.8237832297941039	AF-P51580-F1-model_v4.pdb	62
P51580	62	G	F	0.920303721586657	AF-P51580-F1-model_v4.pdb	62
P51580	62	G	E	0.97964882436913	AF-P51580-F1-model_v4.pdb	62
P51580	62	G	D	0.6147129237082839	AF-P51580-F1-model_v4.pdb	62
P51580	62	G	C	0.7309752863751731	AF-P51580-F1-model_v4.pdb	62
P51580	62	G	A	1.17408549299657	AF-P51580-F1-model_v4.pdb	62
P51580	62	G	P	0.648398696122182	AF-P51580-F1-model_v4.pdb	62
P51580	62	G	W	0.7687130285519029	AF-P51580-F1-model_v4.pdb	62
P51580	63	L	K	0.973654002234641	AF-P51580-F1-model_v4.pdb	63
P51580	63	L	I	0.8689150015557701	AF-P51580-F1-model_v4.pdb	63
P51580	63	L	F	0.989900607359115	AF-P51580-F1-model_v4.pdb	63
P51580	63	L	G	0.964753889929081	AF-P51580-F1-model_v4.pdb	63
P51580	63	L	S	0.869598746659057	AF-P51580-F1-model_v4.pdb	63
P51580	63	L	A	0.9856255322837508	AF-P51580-F1-model_v4.pdb	63
P51580	63	L	T	0.9139906930665942	AF-P51580-F1-model_v4.pdb	63
P51580	63	L	V	0.927386951842159	AF-P51580-F1-model_v4.pdb	63
P51580	63	L	E	0.6741481672289151	AF-P51580-F1-model_v4.pdb	63
P51580	63	L	W	0.960876511354115	AF-P51580-F1-model_v4.pdb	63
P51580	63	L	*	0.0845796560817008	AF-P51580-F1-model_v4.pdb	63
P51580	63	L	D	0.3996341805905909	AF-P51580-F1-model_v4.pdb	63
P51580	63	L	C	0.6202052804953591	AF-P51580-F1-model_v4.pdb	63
P51580	63	L	M	0.7353074100632461	AF-P51580-F1-model_v4.pdb	63
P51580	63	L	Y	0.774551157482498	AF-P51580-F1-model_v4.pdb	63
P51580	63	L	N	0.730312030410052	AF-P51580-F1-model_v4.pdb	63
P51580	63	L	R	0.904544779288626	AF-P51580-F1-model_v4.pdb	63
P51580	63	L	Q	1.19053561559622	AF-P51580-F1-model_v4.pdb	63
P51580	64	R	W	0.248705018588395	AF-P51580-F1-model_v4.pdb	64
P51580	64	R	E	0.382918788691628	AF-P51580-F1-model_v4.pdb	64
P51580	64	R	F	0.261920886175516	AF-P51580-F1-model_v4.pdb	64
P51580	64	R	G	0.284300301980987	AF-P51580-F1-model_v4.pdb	64
P51580	64	R	T	0.9637321858565552	AF-P51580-F1-model_v4.pdb	64
P51580	64	R	A	0.351730585046919	AF-P51580-F1-model_v4.pdb	64
P51580	64	R	L	0.577883489043703	AF-P51580-F1-model_v4.pdb	64
P51580	64	R	P	0.289040607487566	AF-P51580-F1-model_v4.pdb	64
P51580	64	R	N	0.9950057729025772	AF-P51580-F1-model_v4.pdb	64
P51580	64	R	C	0.896891095250075	AF-P51580-F1-model_v4.pdb	64
P51580	64	R	M	0.316630941953042	AF-P51580-F1-model_v4.pdb	64
P51580	64	R	I	0.274766234318107	AF-P51580-F1-model_v4.pdb	64
P51580	64	R	K	1.16721967578669	AF-P51580-F1-model_v4.pdb	64
P51580	64	R	H	1.1138512834052	AF-P51580-F1-model_v4.pdb	64
P51580	64	R	D	0.632170951692422	AF-P51580-F1-model_v4.pdb	64
P51580	64	R	S	0.928256890099648	AF-P51580-F1-model_v4.pdb	64
P51580	64	R	V	0.6157121875856639	AF-P51580-F1-model_v4.pdb	64
P51580	64	R	*	0.132834976365249	AF-P51580-F1-model_v4.pdb	64
P51580	64	R	Y	0.429498651498003	AF-P51580-F1-model_v4.pdb	64
P51580	65	V	R	-0.0781978589172695	AF-P51580-F1-model_v4.pdb	65
P51580	65	V	S	0.0166068110202585	AF-P51580-F1-model_v4.pdb	65
P51580	65	V	P	-0.148638004029583	AF-P51580-F1-model_v4.pdb	65
P51580	65	V	Q	0.0288349447118293	AF-P51580-F1-model_v4.pdb	65
P51580	65	V	T	0.476399716718288	AF-P51580-F1-model_v4.pdb	65
P51580	65	V	W	0.586854237684912	AF-P51580-F1-model_v4.pdb	65
P51580	65	V	*	0.3865907349163351	AF-P51580-F1-model_v4.pdb	65
P51580	65	V	N	0.2108956750983669	AF-P51580-F1-model_v4.pdb	65
P51580	65	V	M	0.446380833445176	AF-P51580-F1-model_v4.pdb	65
P51580	65	V	K	0.0329560406110585	AF-P51580-F1-model_v4.pdb	65
P51580	65	V	I	0.908442582555739	AF-P51580-F1-model_v4.pdb	65
P51580	65	V	L	0.580764706242253	AF-P51580-F1-model_v4.pdb	65
P51580	65	V	F	0.584578997956724	AF-P51580-F1-model_v4.pdb	65
P51580	65	V	H	-0.0454522565154864	AF-P51580-F1-model_v4.pdb	65
P51580	65	V	G	0.118520831129887	AF-P51580-F1-model_v4.pdb	65
P51580	65	V	E	-0.198462438264161	AF-P51580-F1-model_v4.pdb	65
P51580	65	V	A	0.7161253106282142	AF-P51580-F1-model_v4.pdb	65
P51580	66	F	*	-0.145862828785945	AF-P51580-F1-model_v4.pdb	66
P51580	66	F	D	-0.360480299070451	AF-P51580-F1-model_v4.pdb	66
P51580	66	F	E	0.3187124874356329	AF-P51580-F1-model_v4.pdb	66
P51580	66	F	G	0.114460826880872	AF-P51580-F1-model_v4.pdb	66
P51580	66	F	V	0.279944416348686	AF-P51580-F1-model_v4.pdb	66
P51580	66	F	H	0.3790776152998429	AF-P51580-F1-model_v4.pdb	66
P51580	66	F	I	0.8601434418946591	AF-P51580-F1-model_v4.pdb	66
P51580	66	F	K	0.0919163997888827	AF-P51580-F1-model_v4.pdb	66
P51580	66	F	L	0.833201827749165	AF-P51580-F1-model_v4.pdb	66
P51580	66	F	Y	0.252227557580315	AF-P51580-F1-model_v4.pdb	66
P51580	66	F	M	1.06170960565225	AF-P51580-F1-model_v4.pdb	66
P51580	66	F	W	0.0544848316869693	AF-P51580-F1-model_v4.pdb	66
P51580	66	F	N	0.161699125581828	AF-P51580-F1-model_v4.pdb	66
P51580	66	F	P	-0.10822816956813	AF-P51580-F1-model_v4.pdb	66
P51580	66	F	Q	-0.156825933823795	AF-P51580-F1-model_v4.pdb	66
P51580	66	F	R	-0.0474021449599629	AF-P51580-F1-model_v4.pdb	66
P51580	66	F	T	-0.0530489957112416	AF-P51580-F1-model_v4.pdb	66
P51580	66	F	S	0.142824720045639	AF-P51580-F1-model_v4.pdb	66
P51580	66	F	A	0.313073418739832	AF-P51580-F1-model_v4.pdb	66
P51580	66	F	C	0.7465965984359059	AF-P51580-F1-model_v4.pdb	66
P51580	67	F	W	0.223184113949914	AF-P51580-F1-model_v4.pdb	67
P51580	67	F	V	0.852959572173681	AF-P51580-F1-model_v4.pdb	67
P51580	67	F	*	0.123427823632543	AF-P51580-F1-model_v4.pdb	67
P51580	67	F	C	0.621931385240117	AF-P51580-F1-model_v4.pdb	67
P51580	67	F	A	0.7021159276222171	AF-P51580-F1-model_v4.pdb	67
P51580	67	F	E	-0.0763641613448656	AF-P51580-F1-model_v4.pdb	67
P51580	67	F	S	0.304722841252033	AF-P51580-F1-model_v4.pdb	67
P51580	67	F	R	0.0186858378914657	AF-P51580-F1-model_v4.pdb	67
P51580	67	F	Q	0.224907320466764	AF-P51580-F1-model_v4.pdb	67
P51580	67	F	D	0.328142749994918	AF-P51580-F1-model_v4.pdb	67
P51580	67	F	P	0.103169109101183	AF-P51580-F1-model_v4.pdb	67
P51580	67	F	M	0.7523994509268209	AF-P51580-F1-model_v4.pdb	67
P51580	67	F	L	0.697223226329304	AF-P51580-F1-model_v4.pdb	67
P51580	67	F	G	0.0577487036331347	AF-P51580-F1-model_v4.pdb	67
P51580	67	F	T	0.535322032679189	AF-P51580-F1-model_v4.pdb	67
P51580	68	P	D	0.0956746436128916	AF-P51580-F1-model_v4.pdb	68
P51580	68	P	C	0.39648840806914	AF-P51580-F1-model_v4.pdb	68
P51580	68	P	E	-0.0053721662280174	AF-P51580-F1-model_v4.pdb	68
P51580	68	P	G	0.2220697000371889	AF-P51580-F1-model_v4.pdb	68
P51580	68	P	H	0.15149037417389	AF-P51580-F1-model_v4.pdb	68
P51580	68	P	F	-0.0553457039167678	AF-P51580-F1-model_v4.pdb	68
P51580	68	P	K	-0.0314130345970199	AF-P51580-F1-model_v4.pdb	68
P51580	68	P	L	-0.0143870430669112	AF-P51580-F1-model_v4.pdb	68
P51580	68	P	M	0.0765310510957074	AF-P51580-F1-model_v4.pdb	68
P51580	68	P	Q	-0.340988795303531	AF-P51580-F1-model_v4.pdb	68
P51580	68	P	R	-0.108028137788683	AF-P51580-F1-model_v4.pdb	68
P51580	68	P	S	0.292550592517889	AF-P51580-F1-model_v4.pdb	68
P51580	68	P	T	0.0830955188678196	AF-P51580-F1-model_v4.pdb	68
P51580	68	P	V	0.0869681859821963	AF-P51580-F1-model_v4.pdb	68
P51580	68	P	W	0.0688990462648975	AF-P51580-F1-model_v4.pdb	68
P51580	68	P	*	-0.0848826457148603	AF-P51580-F1-model_v4.pdb	68
P51580	68	P	Y	0.0657229473406475	AF-P51580-F1-model_v4.pdb	68
P51580	68	P	A	0.6013614954096639	AF-P51580-F1-model_v4.pdb	68
P51580	69	L	H	0.829018444906512	AF-P51580-F1-model_v4.pdb	69
P51580	69	L	I	0.7649376090705781	AF-P51580-F1-model_v4.pdb	69
P51580	69	L	T	0.715847005819981	AF-P51580-F1-model_v4.pdb	69
P51580	69	L	R	0.761810659178509	AF-P51580-F1-model_v4.pdb	69
P51580	69	L	V	0.673444799311984	AF-P51580-F1-model_v4.pdb	69
P51580	69	L	F	0.8665519246084559	AF-P51580-F1-model_v4.pdb	69
P51580	69	L	W	0.424646056067934	AF-P51580-F1-model_v4.pdb	69
P51580	69	L	Q	0.60553642305215	AF-P51580-F1-model_v4.pdb	69
P51580	69	L	P	0.5970553324694019	AF-P51580-F1-model_v4.pdb	69
P51580	69	L	Y	0.676376036825365	AF-P51580-F1-model_v4.pdb	69
P51580	69	L	N	0.891857024076159	AF-P51580-F1-model_v4.pdb	69
P51580	69	L	M	1.0120304830619	AF-P51580-F1-model_v4.pdb	69
P51580	69	L	K	0.9304223225462852	AF-P51580-F1-model_v4.pdb	69
P51580	69	L	A	0.68864629651512	AF-P51580-F1-model_v4.pdb	69
P51580	69	L	G	0.6211547298012111	AF-P51580-F1-model_v4.pdb	69
P51580	69	L	S	1.03814415323548	AF-P51580-F1-model_v4.pdb	69
P51580	69	L	C	0.974358935660864	AF-P51580-F1-model_v4.pdb	69
P51580	69	L	E	0.642755166926551	AF-P51580-F1-model_v4.pdb	69
P51580	69	L	D	0.5557541066133741	AF-P51580-F1-model_v4.pdb	69
P51580	70	C	E	0.153667260159714	AF-P51580-F1-model_v4.pdb	70
P51580	70	C	Q	0.5981525001021539	AF-P51580-F1-model_v4.pdb	70
P51580	70	C	P	0.825796533367289	AF-P51580-F1-model_v4.pdb	70
P51580	70	C	N	0.478152148672504	AF-P51580-F1-model_v4.pdb	70
P51580	70	C	T	0.458227418181371	AF-P51580-F1-model_v4.pdb	70
P51580	70	C	V	0.665705995007112	AF-P51580-F1-model_v4.pdb	70
P51580	70	C	M	0.839069694567158	AF-P51580-F1-model_v4.pdb	70
P51580	70	C	I	0.251821419972843	AF-P51580-F1-model_v4.pdb	70
P51580	70	C	H	0.406076411814423	AF-P51580-F1-model_v4.pdb	70
P51580	70	C	*	-0.0173123311775308	AF-P51580-F1-model_v4.pdb	70
P51580	70	C	W	0.4860022843404421	AF-P51580-F1-model_v4.pdb	70
P51580	70	C	G	0.68174911835596	AF-P51580-F1-model_v4.pdb	70
P51580	70	C	F	0.401905073762938	AF-P51580-F1-model_v4.pdb	70
P51580	70	C	A	0.5185025434515139	AF-P51580-F1-model_v4.pdb	70
P51580	70	C	L	0.630152735952399	AF-P51580-F1-model_v4.pdb	70
P51580	70	C	S	0.9064231365924772	AF-P51580-F1-model_v4.pdb	70
P51580	70	C	R	0.678981344765244	AF-P51580-F1-model_v4.pdb	70
P51580	71	G	T	0.3305559168521649	AF-P51580-F1-model_v4.pdb	71
P51580	71	G	*	0.573144487535068	AF-P51580-F1-model_v4.pdb	71
P51580	71	G	P	0.6821158162630911	AF-P51580-F1-model_v4.pdb	71
P51580	71	G	V	0.594201344138101	AF-P51580-F1-model_v4.pdb	71
P51580	71	G	N	0.585485256883205	AF-P51580-F1-model_v4.pdb	71
P51580	71	G	L	0.5632701171251371	AF-P51580-F1-model_v4.pdb	71
P51580	71	G	R	0.7111455643227479	AF-P51580-F1-model_v4.pdb	71
P51580	71	G	W	0.571703973152889	AF-P51580-F1-model_v4.pdb	71
P51580	71	G	I	0.546522079729434	AF-P51580-F1-model_v4.pdb	71
P51580	71	G	A	0.6730457058702621	AF-P51580-F1-model_v4.pdb	71
P51580	71	G	C	0.517192584747707	AF-P51580-F1-model_v4.pdb	71
P51580	71	G	F	0.496413246465044	AF-P51580-F1-model_v4.pdb	71
P51580	71	G	E	0.596855046911184	AF-P51580-F1-model_v4.pdb	71
P51580	71	G	D	0.51849576987514	AF-P51580-F1-model_v4.pdb	71
P51580	71	G	K	0.531547067503711	AF-P51580-F1-model_v4.pdb	71
P51580	71	G	S	0.69004661044337	AF-P51580-F1-model_v4.pdb	71
P51580	72	K	D	0.6978356304446051	AF-P51580-F1-model_v4.pdb	72
P51580	72	K	T	0.7772156593406608	AF-P51580-F1-model_v4.pdb	72
P51580	72	K	C	0.49755302253533	AF-P51580-F1-model_v4.pdb	72
P51580	72	K	E	0.678510562804791	AF-P51580-F1-model_v4.pdb	72
P51580	72	K	N	0.4360607228769369	AF-P51580-F1-model_v4.pdb	72
P51580	72	K	Q	0.919176790178591	AF-P51580-F1-model_v4.pdb	72
P51580	72	K	P	0.533865920655192	AF-P51580-F1-model_v4.pdb	72
P51580	72	K	H	0.727896188577405	AF-P51580-F1-model_v4.pdb	72
P51580	72	K	I	0.642199769980293	AF-P51580-F1-model_v4.pdb	72
P51580	72	K	L	0.3729788176919121	AF-P51580-F1-model_v4.pdb	72
P51580	72	K	M	0.4160316925598929	AF-P51580-F1-model_v4.pdb	72
P51580	72	K	R	0.7356518024241899	AF-P51580-F1-model_v4.pdb	72
P51580	72	K	G	0.769225625448852	AF-P51580-F1-model_v4.pdb	72
P51580	72	K	A	0.838571153701095	AF-P51580-F1-model_v4.pdb	72
P51580	72	K	W	0.349035994034333	AF-P51580-F1-model_v4.pdb	72
P51580	72	K	*	0.212898830550879	AF-P51580-F1-model_v4.pdb	72
P51580	72	K	V	0.448548346611802	AF-P51580-F1-model_v4.pdb	72
P51580	73	A	Y	0.5877247607986911	AF-P51580-F1-model_v4.pdb	73
P51580	73	A	*	0.212373617557073	AF-P51580-F1-model_v4.pdb	73
P51580	73	A	W	0.5957927681618149	AF-P51580-F1-model_v4.pdb	73
P51580	73	A	V	0.306764424788854	AF-P51580-F1-model_v4.pdb	73
P51580	73	A	S	0.219628053734668	AF-P51580-F1-model_v4.pdb	73
P51580	73	A	R	0.7064121196356741	AF-P51580-F1-model_v4.pdb	73
P51580	73	A	T	0.8123116059301742	AF-P51580-F1-model_v4.pdb	73
P51580	73	A	N	0.745016544126289	AF-P51580-F1-model_v4.pdb	73
P51580	73	A	L	1.0762152651739498	AF-P51580-F1-model_v4.pdb	73
P51580	73	A	K	0.6461167332918759	AF-P51580-F1-model_v4.pdb	73
P51580	73	A	I	0.3564818377207221	AF-P51580-F1-model_v4.pdb	73
P51580	73	A	G	0.8045048665907091	AF-P51580-F1-model_v4.pdb	73
P51580	73	A	E	0.480954699543417	AF-P51580-F1-model_v4.pdb	73
P51580	73	A	C	1.0126418076452	AF-P51580-F1-model_v4.pdb	73
P51580	73	A	Q	0.958171165969734	AF-P51580-F1-model_v4.pdb	73
P51580	74	V	K	0.4176913830816271	AF-P51580-F1-model_v4.pdb	74
P51580	74	V	I	1.2356626822431398	AF-P51580-F1-model_v4.pdb	74
P51580	74	V	E	0.7253888714297041	AF-P51580-F1-model_v4.pdb	74
P51580	74	V	G	0.661000778768693	AF-P51580-F1-model_v4.pdb	74
P51580	74	V	D	0.915631595929673	AF-P51580-F1-model_v4.pdb	74
P51580	74	V	C	0.830981276007448	AF-P51580-F1-model_v4.pdb	74
P51580	74	V	L	0.659579855085436	AF-P51580-F1-model_v4.pdb	74
P51580	74	V	T	0.79400412325757	AF-P51580-F1-model_v4.pdb	74
P51580	74	V	A	0.657335279898888	AF-P51580-F1-model_v4.pdb	74
P51580	74	V	P	0.80823332744747	AF-P51580-F1-model_v4.pdb	74
P51580	74	V	Q	0.5357288921525879	AF-P51580-F1-model_v4.pdb	74
P51580	74	V	R	0.9506679591692728	AF-P51580-F1-model_v4.pdb	74
P51580	74	V	S	0.8714744204657601	AF-P51580-F1-model_v4.pdb	74
P51580	74	V	W	0.5544958752397889	AF-P51580-F1-model_v4.pdb	74
P51580	74	V	*	0.215229244207787	AF-P51580-F1-model_v4.pdb	74
P51580	74	V	M	0.737141197963346	AF-P51580-F1-model_v4.pdb	74
P51580	74	V	H	0.788701539946733	AF-P51580-F1-model_v4.pdb	74
P51580	75	E	R	0.0678736712187815	AF-P51580-F1-model_v4.pdb	75
P51580	75	E	N	0.8563717363919541	AF-P51580-F1-model_v4.pdb	75
P51580	75	E	P	0.509282136279151	AF-P51580-F1-model_v4.pdb	75
P51580	75	E	T	0.4899569337018471	AF-P51580-F1-model_v4.pdb	75
P51580	75	E	M	0.886409639070234	AF-P51580-F1-model_v4.pdb	75
P51580	75	E	L	0.479891976850228	AF-P51580-F1-model_v4.pdb	75
P51580	75	E	K	0.6403112471006489	AF-P51580-F1-model_v4.pdb	75
P51580	75	E	I	0.677788309561124	AF-P51580-F1-model_v4.pdb	75
P51580	75	E	H	0.819640152874883	AF-P51580-F1-model_v4.pdb	75
P51580	75	E	G	0.624393046889785	AF-P51580-F1-model_v4.pdb	75
P51580	75	E	V	0.7020073847240539	AF-P51580-F1-model_v4.pdb	75
P51580	75	E	S	0.662826311182741	AF-P51580-F1-model_v4.pdb	75
P51580	75	E	W	0.620710377782515	AF-P51580-F1-model_v4.pdb	75
P51580	75	E	F	0.521436959056731	AF-P51580-F1-model_v4.pdb	75
P51580	75	E	Y	0.61779211528947	AF-P51580-F1-model_v4.pdb	75
P51580	75	E	D	0.7121125689156659	AF-P51580-F1-model_v4.pdb	75
P51580	75	E	C	0.5288026541485921	AF-P51580-F1-model_v4.pdb	75
P51580	75	E	A	0.549892404668581	AF-P51580-F1-model_v4.pdb	75
P51580	75	E	*	0.333551341918343	AF-P51580-F1-model_v4.pdb	75
P51580	75	E	Q	0.583603936682576	AF-P51580-F1-model_v4.pdb	75
P51580	76	M	F	0.201836771875248	AF-P51580-F1-model_v4.pdb	76
P51580	76	M	A	0.538872530269447	AF-P51580-F1-model_v4.pdb	76
P51580	76	M	E	0.133313203263253	AF-P51580-F1-model_v4.pdb	76
P51580	76	M	C	0.556407860854621	AF-P51580-F1-model_v4.pdb	76
P51580	76	M	T	0.334395293515485	AF-P51580-F1-model_v4.pdb	76
P51580	76	M	D	-0.0926756684318476	AF-P51580-F1-model_v4.pdb	76
P51580	76	M	G	0.131192907348815	AF-P51580-F1-model_v4.pdb	76
P51580	76	M	I	0.7936565419272159	AF-P51580-F1-model_v4.pdb	76
P51580	76	M	W	0.5195551088941961	AF-P51580-F1-model_v4.pdb	76
P51580	76	M	Y	0.478160977470544	AF-P51580-F1-model_v4.pdb	76
P51580	76	M	K	0.131079574675759	AF-P51580-F1-model_v4.pdb	76
P51580	76	M	L	0.584941990526088	AF-P51580-F1-model_v4.pdb	76
P51580	76	M	V	0.3989291256317671	AF-P51580-F1-model_v4.pdb	76
P51580	76	M	N	0.250039714485432	AF-P51580-F1-model_v4.pdb	76
P51580	76	M	P	0.290977872466483	AF-P51580-F1-model_v4.pdb	76
P51580	76	M	Q	0.272081747830112	AF-P51580-F1-model_v4.pdb	76
P51580	76	M	R	0.13258307970989	AF-P51580-F1-model_v4.pdb	76
P51580	76	M	S	0.135281786375925	AF-P51580-F1-model_v4.pdb	76
P51580	76	M	*	-0.0246340999096626	AF-P51580-F1-model_v4.pdb	76
P51580	77	K	W	0.438406833575281	AF-P51580-F1-model_v4.pdb	77
P51580	77	K	E	0.564321805063831	AF-P51580-F1-model_v4.pdb	77
P51580	77	K	C	1.26598824364429	AF-P51580-F1-model_v4.pdb	77
P51580	77	K	G	0.854659904986663	AF-P51580-F1-model_v4.pdb	77
P51580	77	K	H	0.902357462151545	AF-P51580-F1-model_v4.pdb	77
P51580	77	K	I	0.404519481074499	AF-P51580-F1-model_v4.pdb	77
P51580	77	K	L	0.950959144258212	AF-P51580-F1-model_v4.pdb	77
P51580	77	K	M	0.971369516868932	AF-P51580-F1-model_v4.pdb	77
P51580	77	K	P	0.486883453496266	AF-P51580-F1-model_v4.pdb	77
P51580	77	K	Q	0.9768046702552527	AF-P51580-F1-model_v4.pdb	77
P51580	77	K	R	0.9466311845977792	AF-P51580-F1-model_v4.pdb	77
P51580	77	K	S	0.7815847157466	AF-P51580-F1-model_v4.pdb	77
P51580	77	K	Y	0.479710907516445	AF-P51580-F1-model_v4.pdb	77
P51580	77	K	*	-0.228379531640481	AF-P51580-F1-model_v4.pdb	77
P51580	77	K	T	0.902023264711548	AF-P51580-F1-model_v4.pdb	77
P51580	77	K	A	1.00866750076796	AF-P51580-F1-model_v4.pdb	77
P51580	77	K	V	0.989365981691608	AF-P51580-F1-model_v4.pdb	77
P51580	78	W	A	0.621218088403089	AF-P51580-F1-model_v4.pdb	78
P51580	78	W	S	0.735263104278025	AF-P51580-F1-model_v4.pdb	78
P51580	78	W	Y	0.910332952806754	AF-P51580-F1-model_v4.pdb	78
P51580	78	W	*	0.255306077899684	AF-P51580-F1-model_v4.pdb	78
P51580	78	W	V	0.971296468048106	AF-P51580-F1-model_v4.pdb	78
P51580	78	W	T	0.609771940461468	AF-P51580-F1-model_v4.pdb	78
P51580	78	W	R	0.487296062553898	AF-P51580-F1-model_v4.pdb	78
P51580	78	W	Q	0.540617887352898	AF-P51580-F1-model_v4.pdb	78
P51580	78	W	N	0.5942276101875029	AF-P51580-F1-model_v4.pdb	78
P51580	78	W	P	0.26090731207984	AF-P51580-F1-model_v4.pdb	78
P51580	78	W	L	0.7277820235351059	AF-P51580-F1-model_v4.pdb	78
P51580	78	W	I	0.4768205592422949	AF-P51580-F1-model_v4.pdb	78
P51580	78	W	G	0.366665267778747	AF-P51580-F1-model_v4.pdb	78
P51580	78	W	E	0.703851121680409	AF-P51580-F1-model_v4.pdb	78
P51580	78	W	D	0.857695599871028	AF-P51580-F1-model_v4.pdb	78
P51580	78	W	C	0.9064441352137792	AF-P51580-F1-model_v4.pdb	78
P51580	78	W	M	0.7558336872598991	AF-P51580-F1-model_v4.pdb	78
P51580	79	F	G	0.0645901708588991	AF-P51580-F1-model_v4.pdb	79
P51580	79	F	I	0.8394072448533609	AF-P51580-F1-model_v4.pdb	79
P51580	79	F	E	0.0758969273915963	AF-P51580-F1-model_v4.pdb	79
P51580	79	F	L	1.0032535308227402	AF-P51580-F1-model_v4.pdb	79
P51580	79	F	C	0.5050728324411049	AF-P51580-F1-model_v4.pdb	79
P51580	79	F	A	0.7565852112888449	AF-P51580-F1-model_v4.pdb	79
P51580	79	F	K	-0.102509998511301	AF-P51580-F1-model_v4.pdb	79
P51580	79	F	D	0.103725512975903	AF-P51580-F1-model_v4.pdb	79
P51580	79	F	*	-0.23894672387358	AF-P51580-F1-model_v4.pdb	79
P51580	79	F	Y	0.7420759149788241	AF-P51580-F1-model_v4.pdb	79
P51580	79	F	S	0.379317108069682	AF-P51580-F1-model_v4.pdb	79
P51580	79	F	W	0.667377442500607	AF-P51580-F1-model_v4.pdb	79
P51580	79	F	M	0.964718240518308	AF-P51580-F1-model_v4.pdb	79
P51580	79	F	P	0.0412489868757482	AF-P51580-F1-model_v4.pdb	79
P51580	79	F	V	0.836951398534024	AF-P51580-F1-model_v4.pdb	79
P51580	79	F	Q	0.0545346608888172	AF-P51580-F1-model_v4.pdb	79
P51580	79	F	R	-0.0276710579096639	AF-P51580-F1-model_v4.pdb	79
P51580	79	F	T	0.5954649048895239	AF-P51580-F1-model_v4.pdb	79
P51580	80	A	D	0.614198157966908	AF-P51580-F1-model_v4.pdb	80
P51580	80	A	E	0.4205261264625471	AF-P51580-F1-model_v4.pdb	80
P51580	80	A	F	0.607218536369136	AF-P51580-F1-model_v4.pdb	80
P51580	80	A	G	0.448929370595359	AF-P51580-F1-model_v4.pdb	80
P51580	80	A	H	0.5250653806795821	AF-P51580-F1-model_v4.pdb	80
P51580	80	A	I	0.370757949917019	AF-P51580-F1-model_v4.pdb	80
P51580	80	A	K	0.313413504386287	AF-P51580-F1-model_v4.pdb	80
P51580	80	A	V	0.979242217530116	AF-P51580-F1-model_v4.pdb	80
P51580	80	A	W	0.306895914319891	AF-P51580-F1-model_v4.pdb	80
P51580	80	A	M	0.8904609313687329	AF-P51580-F1-model_v4.pdb	80
P51580	80	A	N	1.13601602215673	AF-P51580-F1-model_v4.pdb	80
P51580	80	A	P	0.318027085705671	AF-P51580-F1-model_v4.pdb	80
P51580	80	A	Q	0.504587279592812	AF-P51580-F1-model_v4.pdb	80
P51580	80	A	R	0.419184962919989	AF-P51580-F1-model_v4.pdb	80
P51580	80	A	S	0.974994537777674	AF-P51580-F1-model_v4.pdb	80
P51580	80	A	Y	0.614509191210165	AF-P51580-F1-model_v4.pdb	80
P51580	80	A	T	0.7790441596773371	AF-P51580-F1-model_v4.pdb	80
P51580	80	A	L	0.854602006276121	AF-P51580-F1-model_v4.pdb	80
P51580	80	A	C	1.03987263139845	AF-P51580-F1-model_v4.pdb	80
P51580	80	A	*	-0.0771102178570758	AF-P51580-F1-model_v4.pdb	80
P51580	81	D	P	-0.0278628275311142	AF-P51580-F1-model_v4.pdb	81
P51580	81	D	L	0.6425716769517911	AF-P51580-F1-model_v4.pdb	81
P51580	81	D	Q	0.897379306911491	AF-P51580-F1-model_v4.pdb	81
P51580	81	D	C	0.6973282260821391	AF-P51580-F1-model_v4.pdb	81
P51580	81	D	E	1.0248724948529	AF-P51580-F1-model_v4.pdb	81
P51580	81	D	F	0.253854889175059	AF-P51580-F1-model_v4.pdb	81
P51580	81	D	G	0.6218249907814449	AF-P51580-F1-model_v4.pdb	81
P51580	81	D	K	0.704893026560163	AF-P51580-F1-model_v4.pdb	81
P51580	81	D	M	0.64878012950721	AF-P51580-F1-model_v4.pdb	81
P51580	81	D	A	0.847832256813184	AF-P51580-F1-model_v4.pdb	81
P51580	81	D	*	0.109405377285198	AF-P51580-F1-model_v4.pdb	81
P51580	81	D	N	0.8626142143155551	AF-P51580-F1-model_v4.pdb	81
P51580	81	D	W	0.516012968768366	AF-P51580-F1-model_v4.pdb	81
P51580	81	D	V	0.578414813873156	AF-P51580-F1-model_v4.pdb	81
P51580	81	D	T	0.93879763033276	AF-P51580-F1-model_v4.pdb	81
P51580	81	D	S	0.981025364385027	AF-P51580-F1-model_v4.pdb	81
P51580	81	D	R	0.7109211459159309	AF-P51580-F1-model_v4.pdb	81
P51580	81	D	H	0.650906618882408	AF-P51580-F1-model_v4.pdb	81
P51580	82	R	S	0.962256052364389	AF-P51580-F1-model_v4.pdb	82
P51580	82	R	*	0.215212646633215	AF-P51580-F1-model_v4.pdb	82
P51580	82	R	W	0.8850084257514829	AF-P51580-F1-model_v4.pdb	82
P51580	82	R	V	0.7792034275751599	AF-P51580-F1-model_v4.pdb	82
P51580	82	R	T	0.8002172529132259	AF-P51580-F1-model_v4.pdb	82
P51580	82	R	Q	1.14897060726977	AF-P51580-F1-model_v4.pdb	82
P51580	82	R	K	0.8981371432368441	AF-P51580-F1-model_v4.pdb	82
P51580	82	R	N	0.7620253886274431	AF-P51580-F1-model_v4.pdb	82
P51580	82	R	M	0.7373782357907529	AF-P51580-F1-model_v4.pdb	82
P51580	82	R	L	1.14316281792456	AF-P51580-F1-model_v4.pdb	82
P51580	82	R	I	1.0481857154095	AF-P51580-F1-model_v4.pdb	82
P51580	82	R	H	1.01953764115061	AF-P51580-F1-model_v4.pdb	82
P51580	82	R	G	0.7711926922815171	AF-P51580-F1-model_v4.pdb	82
P51580	82	R	F	0.707525091257343	AF-P51580-F1-model_v4.pdb	82
P51580	82	R	E	0.9496552373507108	AF-P51580-F1-model_v4.pdb	82
P51580	82	R	D	0.8557403604828991	AF-P51580-F1-model_v4.pdb	82
P51580	82	R	C	0.846055016085408	AF-P51580-F1-model_v4.pdb	82
P51580	82	R	A	0.992259770287237	AF-P51580-F1-model_v4.pdb	82
P51580	82	R	P	-0.0099155906413895	AF-P51580-F1-model_v4.pdb	82
P51580	83	G	A	0.4397747485511429	AF-P51580-F1-model_v4.pdb	83
P51580	83	G	C	0.5521513022559791	AF-P51580-F1-model_v4.pdb	83
P51580	83	G	F	0.6034738385779449	AF-P51580-F1-model_v4.pdb	83
P51580	83	G	E	0.492126137274332	AF-P51580-F1-model_v4.pdb	83
P51580	83	G	D	0.452328075740529	AF-P51580-F1-model_v4.pdb	83
P51580	83	G	*	0.223960067895626	AF-P51580-F1-model_v4.pdb	83
P51580	83	G	V	-0.0325731040763097	AF-P51580-F1-model_v4.pdb	83
P51580	83	G	T	0.3765309067344579	AF-P51580-F1-model_v4.pdb	83
P51580	83	G	S	0.756686281122733	AF-P51580-F1-model_v4.pdb	83
P51580	83	G	W	0.145232899617765	AF-P51580-F1-model_v4.pdb	83
P51580	83	G	Q	0.500971894042221	AF-P51580-F1-model_v4.pdb	83
P51580	83	G	M	0.524017564132962	AF-P51580-F1-model_v4.pdb	83
P51580	83	G	L	0.2671544343218889	AF-P51580-F1-model_v4.pdb	83
P51580	83	G	K	0.43690196550622	AF-P51580-F1-model_v4.pdb	83
P51580	83	G	I	0.282171255335464	AF-P51580-F1-model_v4.pdb	83
P51580	83	G	R	0.5482686684534129	AF-P51580-F1-model_v4.pdb	83
P51580	84	H	N	0.695695617604926	AF-P51580-F1-model_v4.pdb	84
P51580	84	H	W	0.7026279391041109	AF-P51580-F1-model_v4.pdb	84
P51580	84	H	V	0.7717324211676291	AF-P51580-F1-model_v4.pdb	84
P51580	84	H	T	0.6802831292972641	AF-P51580-F1-model_v4.pdb	84
P51580	84	H	S	0.535121387741477	AF-P51580-F1-model_v4.pdb	84
P51580	84	H	R	0.0132589449626417	AF-P51580-F1-model_v4.pdb	84
P51580	84	H	Q	0.417907310622882	AF-P51580-F1-model_v4.pdb	84
P51580	84	H	P	0.154250418943823	AF-P51580-F1-model_v4.pdb	84
P51580	84	H	M	0.9317325421468208	AF-P51580-F1-model_v4.pdb	84
P51580	84	H	E	0.0679291563731921	AF-P51580-F1-model_v4.pdb	84
P51580	84	H	K	-0.108969663466741	AF-P51580-F1-model_v4.pdb	84
P51580	84	H	I	0.52710942007736	AF-P51580-F1-model_v4.pdb	84
P51580	84	H	G	0.159866971134932	AF-P51580-F1-model_v4.pdb	84
P51580	84	H	F	1.05062953330253	AF-P51580-F1-model_v4.pdb	84
P51580	84	H	D	0.494293811689058	AF-P51580-F1-model_v4.pdb	84
P51580	84	H	C	0.8542255980339879	AF-P51580-F1-model_v4.pdb	84
P51580	84	H	A	1.07482434515222	AF-P51580-F1-model_v4.pdb	84
P51580	84	H	L	0.6925142823939711	AF-P51580-F1-model_v4.pdb	84
P51580	84	H	Y	0.6382895355167559	AF-P51580-F1-model_v4.pdb	84
P51580	85	S	A	1.03216836114196	AF-P51580-F1-model_v4.pdb	85
P51580	85	S	*	-0.088997135831037	AF-P51580-F1-model_v4.pdb	85
P51580	85	S	Y	1.09625557084286	AF-P51580-F1-model_v4.pdb	85
P51580	85	S	C	1.15150227439233	AF-P51580-F1-model_v4.pdb	85
P51580	85	S	V	1.0831586695576898	AF-P51580-F1-model_v4.pdb	85
P51580	85	S	W	0.8632937142707241	AF-P51580-F1-model_v4.pdb	85
P51580	85	S	F	1.04449816723394	AF-P51580-F1-model_v4.pdb	85
P51580	85	S	G	0.5236571201741029	AF-P51580-F1-model_v4.pdb	85
P51580	85	S	H	1.1595834964356202	AF-P51580-F1-model_v4.pdb	85
P51580	85	S	I	1.00748841915382	AF-P51580-F1-model_v4.pdb	85
P51580	85	S	K	0.97786773146078	AF-P51580-F1-model_v4.pdb	85
P51580	85	S	E	1.10145834380989	AF-P51580-F1-model_v4.pdb	85
P51580	85	S	M	0.978976176846277	AF-P51580-F1-model_v4.pdb	85
P51580	85	S	P	0.6517969251270389	AF-P51580-F1-model_v4.pdb	85
P51580	85	S	Q	1.16701593179116	AF-P51580-F1-model_v4.pdb	85
P51580	85	S	R	0.808071241208065	AF-P51580-F1-model_v4.pdb	85
P51580	85	S	T	0.502863265808024	AF-P51580-F1-model_v4.pdb	85
P51580	85	S	L	0.913509488129205	AF-P51580-F1-model_v4.pdb	85
P51580	86	V	Q	-0.0406653172964912	AF-P51580-F1-model_v4.pdb	86
P51580	86	V	Y	0.158239316528794	AF-P51580-F1-model_v4.pdb	86
P51580	86	V	*	-0.0959449940196189	AF-P51580-F1-model_v4.pdb	86
P51580	86	V	W	-0.0622262111344319	AF-P51580-F1-model_v4.pdb	86
P51580	86	V	T	0.525740794002522	AF-P51580-F1-model_v4.pdb	86
P51580	86	V	S	0.477298137883889	AF-P51580-F1-model_v4.pdb	86
P51580	86	V	R	0.133748081071439	AF-P51580-F1-model_v4.pdb	86
P51580	86	V	P	0.136881486584778	AF-P51580-F1-model_v4.pdb	86
P51580	86	V	K	0.217357502084757	AF-P51580-F1-model_v4.pdb	86
P51580	86	V	M	0.1632183003542099	AF-P51580-F1-model_v4.pdb	86
P51580	86	V	L	0.222784679063273	AF-P51580-F1-model_v4.pdb	86
P51580	86	V	I	0.8998892860824069	AF-P51580-F1-model_v4.pdb	86
P51580	86	V	G	0.0012570051442096	AF-P51580-F1-model_v4.pdb	86
P51580	86	V	F	-0.0601783197130881	AF-P51580-F1-model_v4.pdb	86
P51580	86	V	E	0.0812028021643659	AF-P51580-F1-model_v4.pdb	86
P51580	86	V	D	0.211997611273532	AF-P51580-F1-model_v4.pdb	86
P51580	86	V	C	0.7055369678116609	AF-P51580-F1-model_v4.pdb	86
P51580	86	V	A	0.6909662908477939	AF-P51580-F1-model_v4.pdb	86
P51580	86	V	N	-0.118183942033042	AF-P51580-F1-model_v4.pdb	86
P51580	87	V	R	0.428691188897887	AF-P51580-F1-model_v4.pdb	87
P51580	87	V	Y	0.625725482076044	AF-P51580-F1-model_v4.pdb	87
P51580	87	V	W	0.579231290005809	AF-P51580-F1-model_v4.pdb	87
P51580	87	V	T	1.0260445238796398	AF-P51580-F1-model_v4.pdb	87
P51580	87	V	S	0.925999152845103	AF-P51580-F1-model_v4.pdb	87
P51580	87	V	P	-0.140642678561753	AF-P51580-F1-model_v4.pdb	87
P51580	87	V	*	-0.229036402244611	AF-P51580-F1-model_v4.pdb	87
P51580	87	V	L	0.6656201533791639	AF-P51580-F1-model_v4.pdb	87
P51580	87	V	K	0.549552408400138	AF-P51580-F1-model_v4.pdb	87
P51580	87	V	G	0.570686451478744	AF-P51580-F1-model_v4.pdb	87
P51580	87	V	F	0.9970720194735728	AF-P51580-F1-model_v4.pdb	87
P51580	87	V	E	0.370887591353154	AF-P51580-F1-model_v4.pdb	87
P51580	87	V	D	0.4273929533099529	AF-P51580-F1-model_v4.pdb	87
P51580	87	V	C	0.946343864841889	AF-P51580-F1-model_v4.pdb	87
P51580	87	V	A	1.05991626521655	AF-P51580-F1-model_v4.pdb	87
P51580	87	V	M	0.738248994269234	AF-P51580-F1-model_v4.pdb	87
P51580	88	G	Y	0.635647733955944	AF-P51580-F1-model_v4.pdb	88
P51580	88	G	*	-0.0703504698871187	AF-P51580-F1-model_v4.pdb	88
P51580	88	G	W	0.251353909688739	AF-P51580-F1-model_v4.pdb	88
P51580	88	G	V	0.0011170533259937	AF-P51580-F1-model_v4.pdb	88
P51580	88	G	T	0.0156587499246	AF-P51580-F1-model_v4.pdb	88
P51580	88	G	S	0.402318171874017	AF-P51580-F1-model_v4.pdb	88
P51580	88	G	R	-0.0002974793306343	AF-P51580-F1-model_v4.pdb	88
P51580	88	G	Q	0.185380998952114	AF-P51580-F1-model_v4.pdb	88
P51580	88	G	D	0.181590720805314	AF-P51580-F1-model_v4.pdb	88
P51580	88	G	N	0.8008107380790039	AF-P51580-F1-model_v4.pdb	88
P51580	88	G	M	0.226603668276671	AF-P51580-F1-model_v4.pdb	88
P51580	88	G	L	-0.0188277018246809	AF-P51580-F1-model_v4.pdb	88
P51580	88	G	K	0.0995963492174687	AF-P51580-F1-model_v4.pdb	88
P51580	88	G	I	0.233009769170812	AF-P51580-F1-model_v4.pdb	88
P51580	88	G	F	0.0334371988715713	AF-P51580-F1-model_v4.pdb	88
P51580	88	G	E	0.0273154734612779	AF-P51580-F1-model_v4.pdb	88
P51580	88	G	P	0.691557919826289	AF-P51580-F1-model_v4.pdb	88
P51580	88	G	A	0.615484046431197	AF-P51580-F1-model_v4.pdb	88
P51580	89	V	R	0.2517851317198349	AF-P51580-F1-model_v4.pdb	89
P51580	89	V	S	0.757628053222263	AF-P51580-F1-model_v4.pdb	89
P51580	89	V	T	0.8187865775605171	AF-P51580-F1-model_v4.pdb	89
P51580	89	V	Q	0.673467939538265	AF-P51580-F1-model_v4.pdb	89
P51580	89	V	*	0.4136914267750021	AF-P51580-F1-model_v4.pdb	89
P51580	89	V	Y	0.461256234918716	AF-P51580-F1-model_v4.pdb	89
P51580	89	V	W	0.597571489801587	AF-P51580-F1-model_v4.pdb	89
P51580	89	V	P	0.0953802232365073	AF-P51580-F1-model_v4.pdb	89
P51580	89	V	A	1.03901178384648	AF-P51580-F1-model_v4.pdb	89
P51580	89	V	M	0.69448919448488	AF-P51580-F1-model_v4.pdb	89
P51580	89	V	L	0.697561025754015	AF-P51580-F1-model_v4.pdb	89
P51580	89	V	K	-0.0409418670828312	AF-P51580-F1-model_v4.pdb	89
P51580	89	V	I	0.9134942444729158	AF-P51580-F1-model_v4.pdb	89
P51580	89	V	G	0.35117159969899	AF-P51580-F1-model_v4.pdb	89
P51580	89	V	F	0.8497318276010601	AF-P51580-F1-model_v4.pdb	89
P51580	89	V	E	-0.122274083313951	AF-P51580-F1-model_v4.pdb	89
P51580	89	V	C	1.10961441456375	AF-P51580-F1-model_v4.pdb	89
P51580	89	V	N	1.12277366373173	AF-P51580-F1-model_v4.pdb	89
P51580	90	E	*	-0.230693785866002	AF-P51580-F1-model_v4.pdb	90
P51580	90	E	W	0.8996428418716	AF-P51580-F1-model_v4.pdb	90
P51580	90	E	V	0.7730497507233209	AF-P51580-F1-model_v4.pdb	90
P51580	90	E	T	0.6014684714760989	AF-P51580-F1-model_v4.pdb	90
P51580	90	E	S	0.7327387334884821	AF-P51580-F1-model_v4.pdb	90
P51580	90	E	R	0.562150079456146	AF-P51580-F1-model_v4.pdb	90
P51580	90	E	P	0.56855295882001	AF-P51580-F1-model_v4.pdb	90
P51580	90	E	Q	-0.116909756838373	AF-P51580-F1-model_v4.pdb	90
P51580	90	E	M	0.77606650272017	AF-P51580-F1-model_v4.pdb	90
P51580	90	E	A	0.6781471626434201	AF-P51580-F1-model_v4.pdb	90
P51580	90	E	C	0.737108099371648	AF-P51580-F1-model_v4.pdb	90
P51580	90	E	D	1.04081287847016	AF-P51580-F1-model_v4.pdb	90
P51580	90	E	F	0.6997743972407641	AF-P51580-F1-model_v4.pdb	90
P51580	90	E	N	0.86178277667438	AF-P51580-F1-model_v4.pdb	90
P51580	90	E	H	0.7659883870878621	AF-P51580-F1-model_v4.pdb	90
P51580	90	E	K	0.677755773200306	AF-P51580-F1-model_v4.pdb	90
P51580	90	E	L	0.5799058196494828	AF-P51580-F1-model_v4.pdb	90
P51580	90	E	G	0.762012493827842	AF-P51580-F1-model_v4.pdb	90
P51580	91	I	Q	0.917594084929974	AF-P51580-F1-model_v4.pdb	91
P51580	91	I	Y	1.13935735561072	AF-P51580-F1-model_v4.pdb	91
P51580	91	I	*	0.24518360171872	AF-P51580-F1-model_v4.pdb	91
P51580	91	I	W	0.9764795707669828	AF-P51580-F1-model_v4.pdb	91
P51580	91	I	V	1.12756708607434	AF-P51580-F1-model_v4.pdb	91
P51580	91	I	T	0.7404829032194941	AF-P51580-F1-model_v4.pdb	91
P51580	91	I	S	0.8657941567559659	AF-P51580-F1-model_v4.pdb	91
P51580	91	I	R	0.6419146711588211	AF-P51580-F1-model_v4.pdb	91
P51580	91	I	P	0.6285470508030121	AF-P51580-F1-model_v4.pdb	91
P51580	91	I	M	0.654802726783889	AF-P51580-F1-model_v4.pdb	91
P51580	91	I	L	0.780165882329436	AF-P51580-F1-model_v4.pdb	91
P51580	91	I	K	0.8721834107314691	AF-P51580-F1-model_v4.pdb	91
P51580	91	I	H	0.7632668149936719	AF-P51580-F1-model_v4.pdb	91
P51580	91	I	G	0.774819813313033	AF-P51580-F1-model_v4.pdb	91
P51580	91	I	F	0.652880449408793	AF-P51580-F1-model_v4.pdb	91
P51580	91	I	E	0.556873231402324	AF-P51580-F1-model_v4.pdb	91
P51580	91	I	D	0.594480084409021	AF-P51580-F1-model_v4.pdb	91
P51580	91	I	C	0.8507304511767091	AF-P51580-F1-model_v4.pdb	91
P51580	91	I	A	0.448042603836029	AF-P51580-F1-model_v4.pdb	91
P51580	91	I	N	0.366102224739779	AF-P51580-F1-model_v4.pdb	91
P51580	92	S	R	0.5506419045794859	AF-P51580-F1-model_v4.pdb	92
P51580	92	S	Y	0.726790867613437	AF-P51580-F1-model_v4.pdb	92
P51580	92	S	*	0.0204278291273818	AF-P51580-F1-model_v4.pdb	92
P51580	92	S	W	0.510422104901859	AF-P51580-F1-model_v4.pdb	92
P51580	92	S	V	0.562836378750556	AF-P51580-F1-model_v4.pdb	92
P51580	92	S	Q	0.371725232093798	AF-P51580-F1-model_v4.pdb	92
P51580	92	S	T	0.5542672002282231	AF-P51580-F1-model_v4.pdb	92
P51580	92	S	N	0.720086822053557	AF-P51580-F1-model_v4.pdb	92
P51580	92	S	M	0.853920425917341	AF-P51580-F1-model_v4.pdb	92
P51580	92	S	L	0.467874549699724	AF-P51580-F1-model_v4.pdb	92
P51580	92	S	K	0.6948179499213522	AF-P51580-F1-model_v4.pdb	92
P51580	92	S	G	0.6549691997128371	AF-P51580-F1-model_v4.pdb	92
P51580	92	S	F	0.28606126767436	AF-P51580-F1-model_v4.pdb	92
P51580	92	S	E	0.421402165077337	AF-P51580-F1-model_v4.pdb	92
P51580	92	S	P	0.322986119516048	AF-P51580-F1-model_v4.pdb	92
P51580	92	S	A	0.5771684475794849	AF-P51580-F1-model_v4.pdb	92
P51580	93	E	W	0.7596305249245929	AF-P51580-F1-model_v4.pdb	93
P51580	93	E	T	0.7796914237139709	AF-P51580-F1-model_v4.pdb	93
P51580	93	E	S	1.08262099395612	AF-P51580-F1-model_v4.pdb	93
P51580	93	E	R	0.966859217129183	AF-P51580-F1-model_v4.pdb	93
P51580	93	E	G	0.7120008033172099	AF-P51580-F1-model_v4.pdb	93
P51580	93	E	F	0.6562814502026939	AF-P51580-F1-model_v4.pdb	93
P51580	93	E	A	1.12312223479041	AF-P51580-F1-model_v4.pdb	93
P51580	93	E	Q	1.11408862194495	AF-P51580-F1-model_v4.pdb	93
P51580	94	L	Y	1.01330478182706	AF-P51580-F1-model_v4.pdb	94
P51580	94	L	*	-0.190599562328715	AF-P51580-F1-model_v4.pdb	94
P51580	94	L	W	0.4566784515752021	AF-P51580-F1-model_v4.pdb	94
P51580	94	L	V	1.08016808461961	AF-P51580-F1-model_v4.pdb	94
P51580	94	L	T	1.02598280754651	AF-P51580-F1-model_v4.pdb	94
P51580	94	L	R	1.08281681216323	AF-P51580-F1-model_v4.pdb	94
P51580	94	L	S	0.7256158199972191	AF-P51580-F1-model_v4.pdb	94
P51580	94	L	P	0.684955463665368	AF-P51580-F1-model_v4.pdb	94
P51580	94	L	N	1.15205565207581	AF-P51580-F1-model_v4.pdb	94
P51580	94	L	K	1.45511222923862	AF-P51580-F1-model_v4.pdb	94
P51580	94	L	G	0.913015240557512	AF-P51580-F1-model_v4.pdb	94
P51580	94	L	E	1.07606810850292	AF-P51580-F1-model_v4.pdb	94
P51580	94	L	D	0.641503344749374	AF-P51580-F1-model_v4.pdb	94
P51580	94	L	A	0.807040368606673	AF-P51580-F1-model_v4.pdb	94
P51580	94	L	Q	1.38799568906412	AF-P51580-F1-model_v4.pdb	94
P51580	97	Q	W	0.773842359130677	AF-P51580-F1-model_v4.pdb	97
P51580	97	Q	V	1.09780989292704	AF-P51580-F1-model_v4.pdb	97
P51580	97	Q	T	0.910642723126484	AF-P51580-F1-model_v4.pdb	97
P51580	97	Q	S	1.01615454737382	AF-P51580-F1-model_v4.pdb	97
P51580	97	Q	R	0.96812778589267	AF-P51580-F1-model_v4.pdb	97
P51580	97	Q	N	0.551020015508099	AF-P51580-F1-model_v4.pdb	97
P51580	97	Q	L	0.700917544671962	AF-P51580-F1-model_v4.pdb	97
P51580	97	Q	K	0.23987454374413	AF-P51580-F1-model_v4.pdb	97
P51580	97	Q	H	1.00542738987544	AF-P51580-F1-model_v4.pdb	97
P51580	97	Q	G	0.8347816519101	AF-P51580-F1-model_v4.pdb	97
P51580	97	Q	E	0.4492827736777849	AF-P51580-F1-model_v4.pdb	97
P51580	97	Q	C	1.16223855343858	AF-P51580-F1-model_v4.pdb	97
P51580	97	Q	A	0.8769501611651659	AF-P51580-F1-model_v4.pdb	97
P51580	97	Q	M	1.5659607677841598	AF-P51580-F1-model_v4.pdb	97
P51580	98	E	*	0.202818157168826	AF-P51580-F1-model_v4.pdb	98
P51580	98	E	W	0.455518193986479	AF-P51580-F1-model_v4.pdb	98
P51580	98	E	V	0.508295682339139	AF-P51580-F1-model_v4.pdb	98
P51580	98	E	T	1.30581985545328	AF-P51580-F1-model_v4.pdb	98
P51580	98	E	P	0.212258283149617	AF-P51580-F1-model_v4.pdb	98
P51580	98	E	R	0.8662492222242499	AF-P51580-F1-model_v4.pdb	98
P51580	98	E	N	1.29172432803034	AF-P51580-F1-model_v4.pdb	98
P51580	98	E	K	0.706446320323758	AF-P51580-F1-model_v4.pdb	98
P51580	98	E	G	0.917527043575203	AF-P51580-F1-model_v4.pdb	98
P51580	98	E	A	0.72626476188934	AF-P51580-F1-model_v4.pdb	98
P51580	98	E	S	0.87467473712085	AF-P51580-F1-model_v4.pdb	98
P51580	99	F	W	0.962716707050482	AF-P51580-F1-model_v4.pdb	99
P51580	99	F	V	0.393745292084225	AF-P51580-F1-model_v4.pdb	99
P51580	99	F	T	0.3262853080457639	AF-P51580-F1-model_v4.pdb	99
P51580	99	F	S	0.0323886409421935	AF-P51580-F1-model_v4.pdb	99
P51580	99	F	R	0.107669423813949	AF-P51580-F1-model_v4.pdb	99
P51580	99	F	Q	0.0887099655447866	AF-P51580-F1-model_v4.pdb	99
P51580	99	F	M	0.6862961710259471	AF-P51580-F1-model_v4.pdb	99
P51580	99	F	G	0.0366795005590455	AF-P51580-F1-model_v4.pdb	99
P51580	99	F	E	-0.0034581092993338	AF-P51580-F1-model_v4.pdb	99
P51580	99	F	D	0.0675981313321171	AF-P51580-F1-model_v4.pdb	99
P51580	99	F	A	0.3714114305726	AF-P51580-F1-model_v4.pdb	99
P51580	100	F	*	-0.0326995112850299	AF-P51580-F1-model_v4.pdb	100
P51580	100	F	W	0.8473261324141891	AF-P51580-F1-model_v4.pdb	100
P51580	100	F	V	0.0787665321043149	AF-P51580-F1-model_v4.pdb	100
P51580	100	F	T	0.0752628509008179	AF-P51580-F1-model_v4.pdb	100
P51580	100	F	S	0.286076979733442	AF-P51580-F1-model_v4.pdb	100
P51580	100	F	D	0.332374433059103	AF-P51580-F1-model_v4.pdb	100
P51580	100	F	Q	0.0094941821911758	AF-P51580-F1-model_v4.pdb	100
P51580	100	F	M	0.9942793892554572	AF-P51580-F1-model_v4.pdb	100
P51580	100	F	L	0.7421066861450529	AF-P51580-F1-model_v4.pdb	100
P51580	100	F	G	0.11643531340285	AF-P51580-F1-model_v4.pdb	100
P51580	100	F	E	0.0480320301240901	AF-P51580-F1-model_v4.pdb	100
P51580	100	F	R	-0.121545686278823	AF-P51580-F1-model_v4.pdb	100
P51580	100	F	A	-0.0268890650752339	AF-P51580-F1-model_v4.pdb	100
P51580	101	T	*	-0.118548532917877	AF-P51580-F1-model_v4.pdb	101
P51580	101	T	W	0.832893955437794	AF-P51580-F1-model_v4.pdb	101
P51580	101	T	V	1.1914581041651102	AF-P51580-F1-model_v4.pdb	101
P51580	101	T	S	0.956935082501154	AF-P51580-F1-model_v4.pdb	101
P51580	101	T	R	1.04404412094282	AF-P51580-F1-model_v4.pdb	101
P51580	101	T	Y	0.898881820038646	AF-P51580-F1-model_v4.pdb	101
P51580	101	T	L	0.7402935676560931	AF-P51580-F1-model_v4.pdb	101
P51580	101	T	K	1.45054691672905	AF-P51580-F1-model_v4.pdb	101
P51580	101	T	I	1.10251225387216	AF-P51580-F1-model_v4.pdb	101
P51580	101	T	H	0.863791601047875	AF-P51580-F1-model_v4.pdb	101
P51580	101	T	G	1.02363627329946	AF-P51580-F1-model_v4.pdb	101
P51580	101	T	E	1.05669755612128	AF-P51580-F1-model_v4.pdb	101
P51580	101	T	M	0.711294709922096	AF-P51580-F1-model_v4.pdb	101
P51580	101	T	D	1.01578087500506	AF-P51580-F1-model_v4.pdb	101
P51580	102	E	W	0.5884567289315871	AF-P51580-F1-model_v4.pdb	102
P51580	102	E	V	1.06113508642084	AF-P51580-F1-model_v4.pdb	102
P51580	102	E	T	0.552091069858674	AF-P51580-F1-model_v4.pdb	102
P51580	102	E	S	0.982323086030674	AF-P51580-F1-model_v4.pdb	102
P51580	102	E	P	-0.13451652590857	AF-P51580-F1-model_v4.pdb	102
P51580	102	E	M	0.425737646886152	AF-P51580-F1-model_v4.pdb	102
P51580	102	E	L	0.918528937424155	AF-P51580-F1-model_v4.pdb	102
P51580	102	E	G	0.819860325758851	AF-P51580-F1-model_v4.pdb	102
P51580	102	E	A	0.9570776854009878	AF-P51580-F1-model_v4.pdb	102
P51580	102	E	R	0.69731198922003	AF-P51580-F1-model_v4.pdb	102
P51580	103	Q	P	0.27190007146375	AF-P51580-F1-model_v4.pdb	103
P51580	103	Q	Y	0.974600870972593	AF-P51580-F1-model_v4.pdb	103
P51580	103	Q	W	0.959758022422989	AF-P51580-F1-model_v4.pdb	103
P51580	103	Q	V	0.877772335050337	AF-P51580-F1-model_v4.pdb	103
P51580	103	Q	T	0.7304241148194099	AF-P51580-F1-model_v4.pdb	103
P51580	103	Q	S	0.940869659140854	AF-P51580-F1-model_v4.pdb	103
P51580	103	Q	R	0.736901464691704	AF-P51580-F1-model_v4.pdb	103
P51580	103	Q	N	1.3228108058661898	AF-P51580-F1-model_v4.pdb	103
P51580	103	Q	K	0.716597952111088	AF-P51580-F1-model_v4.pdb	103
P51580	103	Q	L	0.696712185965864	AF-P51580-F1-model_v4.pdb	103
P51580	103	Q	M	0.9360695781720708	AF-P51580-F1-model_v4.pdb	103
P51580	103	Q	A	1.0661571518916	AF-P51580-F1-model_v4.pdb	103
P51580	103	Q	D	0.6713129277565439	AF-P51580-F1-model_v4.pdb	103
P51580	103	Q	C	0.8050132405657041	AF-P51580-F1-model_v4.pdb	103
P51580	103	Q	F	1.03655334843974	AF-P51580-F1-model_v4.pdb	103
P51580	103	Q	G	0.8750110931488579	AF-P51580-F1-model_v4.pdb	103
P51580	103	Q	I	0.972475300628966	AF-P51580-F1-model_v4.pdb	103
P51580	103	Q	E	0.535496198943345	AF-P51580-F1-model_v4.pdb	103
P51580	104	N	A	0.976148415262904	AF-P51580-F1-model_v4.pdb	104
P51580	104	N	C	1.10723028057606	AF-P51580-F1-model_v4.pdb	104
P51580	104	N	E	0.9215383281358772	AF-P51580-F1-model_v4.pdb	104
P51580	104	N	L	0.76293246664917	AF-P51580-F1-model_v4.pdb	104
P51580	104	N	P	-0.153281998596113	AF-P51580-F1-model_v4.pdb	104
P51580	104	N	Q	1.16222170244857	AF-P51580-F1-model_v4.pdb	104
P51580	104	N	R	0.8496104270825559	AF-P51580-F1-model_v4.pdb	104
P51580	104	N	T	0.4908488558597121	AF-P51580-F1-model_v4.pdb	104
P51580	104	N	V	0.7063057760313921	AF-P51580-F1-model_v4.pdb	104
P51580	104	N	W	0.64738753056363	AF-P51580-F1-model_v4.pdb	104
P51580	104	N	*	-0.197040488708298	AF-P51580-F1-model_v4.pdb	104
P51580	104	N	G	0.962116546582169	AF-P51580-F1-model_v4.pdb	104
P51580	105	L	S	0.656693457901762	AF-P51580-F1-model_v4.pdb	105
P51580	105	L	R	0.286819995698821	AF-P51580-F1-model_v4.pdb	105
P51580	105	L	H	0.508011814772015	AF-P51580-F1-model_v4.pdb	105
P51580	105	L	G	0.428594168802149	AF-P51580-F1-model_v4.pdb	105
P51580	105	L	F	0.5539233699852328	AF-P51580-F1-model_v4.pdb	105
P51580	105	L	T	0.977449389596566	AF-P51580-F1-model_v4.pdb	105
P51580	105	L	C	0.928901829530942	AF-P51580-F1-model_v4.pdb	105
P51580	105	L	A	0.492673673343942	AF-P51580-F1-model_v4.pdb	105
P51580	105	L	V	1.00179099846972	AF-P51580-F1-model_v4.pdb	105
P51580	105	L	W	0.6730246142256141	AF-P51580-F1-model_v4.pdb	105
P51580	105	L	*	-0.123374443043971	AF-P51580-F1-model_v4.pdb	105
P51580	105	L	K	0.414112403785106	AF-P51580-F1-model_v4.pdb	105
P51580	105	L	Q	0.9785419270733888	AF-P51580-F1-model_v4.pdb	105
P51580	106	S	D	1.15492842301692	AF-P51580-F1-model_v4.pdb	106
P51580	106	S	G	0.9950526224641792	AF-P51580-F1-model_v4.pdb	106
P51580	106	S	A	1.19584534212663	AF-P51580-F1-model_v4.pdb	106
P51580	106	S	H	0.8289182545278901	AF-P51580-F1-model_v4.pdb	106
P51580	106	S	V	1.05380516640688	AF-P51580-F1-model_v4.pdb	106
P51580	106	S	L	0.883235104807886	AF-P51580-F1-model_v4.pdb	106
P51580	106	S	M	0.755643265745328	AF-P51580-F1-model_v4.pdb	106
P51580	106	S	N	0.633578656850373	AF-P51580-F1-model_v4.pdb	106
P51580	106	S	P	1.02095189920004	AF-P51580-F1-model_v4.pdb	106
P51580	106	S	Q	0.917939645935439	AF-P51580-F1-model_v4.pdb	106
P51580	106	S	R	0.897247345371447	AF-P51580-F1-model_v4.pdb	106
P51580	106	S	T	1.2929897016456202	AF-P51580-F1-model_v4.pdb	106
P51580	106	S	*	-0.22836256658717	AF-P51580-F1-model_v4.pdb	106
P51580	106	S	E	0.982441996553461	AF-P51580-F1-model_v4.pdb	106
P51580	106	S	C	0.533165349499121	AF-P51580-F1-model_v4.pdb	106
P51580	106	S	W	0.935896986651757	AF-P51580-F1-model_v4.pdb	106
P51580	107	Y	M	0.898167698757662	AF-P51580-F1-model_v4.pdb	107
P51580	107	Y	L	0.4997580656321	AF-P51580-F1-model_v4.pdb	107
P51580	107	Y	R	0.585076114181774	AF-P51580-F1-model_v4.pdb	107
P51580	107	Y	K	0.461963680473206	AF-P51580-F1-model_v4.pdb	107
P51580	107	Y	S	0.4993165414161	AF-P51580-F1-model_v4.pdb	107
P51580	107	Y	H	0.6326636716891539	AF-P51580-F1-model_v4.pdb	107
P51580	107	Y	V	0.7363286355388442	AF-P51580-F1-model_v4.pdb	107
P51580	107	Y	T	0.220520785360196	AF-P51580-F1-model_v4.pdb	107
P51580	107	Y	E	0.445601809322837	AF-P51580-F1-model_v4.pdb	107
P51580	107	Y	C	0.8875744713204509	AF-P51580-F1-model_v4.pdb	107
P51580	107	Y	A	0.5374077034204829	AF-P51580-F1-model_v4.pdb	107
P51580	107	Y	W	0.6807118785885461	AF-P51580-F1-model_v4.pdb	107
P51580	107	Y	G	0.202395185847538	AF-P51580-F1-model_v4.pdb	107
P51580	107	Y	Q	0.019055693392111	AF-P51580-F1-model_v4.pdb	107
P51580	108	S	P	-0.233140453214244	AF-P51580-F1-model_v4.pdb	108
P51580	108	S	K	0.730814238404333	AF-P51580-F1-model_v4.pdb	108
P51580	108	S	A	0.8931159660616941	AF-P51580-F1-model_v4.pdb	108
P51580	108	S	L	1.0915335264959	AF-P51580-F1-model_v4.pdb	108
P51580	108	S	E	0.947066798455526	AF-P51580-F1-model_v4.pdb	108
P51580	108	S	M	0.889835044893924	AF-P51580-F1-model_v4.pdb	108
P51580	108	S	G	0.841228671312978	AF-P51580-F1-model_v4.pdb	108
P51580	108	S	Q	0.5758229268959429	AF-P51580-F1-model_v4.pdb	108
P51580	108	S	R	1.02312544668552	AF-P51580-F1-model_v4.pdb	108
P51580	108	S	V	1.04153343098109	AF-P51580-F1-model_v4.pdb	108
P51580	108	S	W	0.992541600166967	AF-P51580-F1-model_v4.pdb	108
P51580	108	S	*	-0.23778258718422	AF-P51580-F1-model_v4.pdb	108
P51580	108	S	Y	0.874718413695005	AF-P51580-F1-model_v4.pdb	108
P51580	108	S	D	0.445073776750854	AF-P51580-F1-model_v4.pdb	108
P51580	108	S	C	0.683917948027014	AF-P51580-F1-model_v4.pdb	108
P51580	109	E	Y	1.20245523907379	AF-P51580-F1-model_v4.pdb	109
P51580	109	E	*	-0.0803568037026429	AF-P51580-F1-model_v4.pdb	109
P51580	109	E	T	0.9539198136420152	AF-P51580-F1-model_v4.pdb	109
P51580	109	E	S	0.502025534381078	AF-P51580-F1-model_v4.pdb	109
P51580	109	E	V	0.85480023149564	AF-P51580-F1-model_v4.pdb	109
P51580	109	E	A	1.17087936132633	AF-P51580-F1-model_v4.pdb	109
P51580	109	E	W	1.05533378237359	AF-P51580-F1-model_v4.pdb	109
P51580	109	E	R	1.06839218698863	AF-P51580-F1-model_v4.pdb	109
P51580	109	E	C	1.29285313221166	AF-P51580-F1-model_v4.pdb	109
P51580	109	E	G	0.885127150633148	AF-P51580-F1-model_v4.pdb	109
P51580	109	E	Q	0.9015398209352852	AF-P51580-F1-model_v4.pdb	109
P51580	109	E	L	0.649760596776808	AF-P51580-F1-model_v4.pdb	109
P51580	109	E	H	0.5739733538924521	AF-P51580-F1-model_v4.pdb	109
P51580	109	E	K	1.1620025624067098	AF-P51580-F1-model_v4.pdb	109
P51580	110	E	K	1.21291810051355	AF-P51580-F1-model_v4.pdb	110
P51580	110	E	S	1.26841803574128	AF-P51580-F1-model_v4.pdb	110
P51580	110	E	Q	1.27425618766185	AF-P51580-F1-model_v4.pdb	110
P51580	110	E	A	0.9091048310506428	AF-P51580-F1-model_v4.pdb	110
P51580	110	E	G	0.796242095449799	AF-P51580-F1-model_v4.pdb	110
P51580	110	E	C	0.8377553145881159	AF-P51580-F1-model_v4.pdb	110
P51580	110	E	R	0.838467375832027	AF-P51580-F1-model_v4.pdb	110
P51580	110	E	T	1.0383850231159	AF-P51580-F1-model_v4.pdb	110
P51580	110	E	P	0.193955572558625	AF-P51580-F1-model_v4.pdb	110
P51580	110	E	V	0.9553863251989532	AF-P51580-F1-model_v4.pdb	110
P51580	110	E	W	0.8715869308438979	AF-P51580-F1-model_v4.pdb	110
P51580	110	E	M	1.0918348215485	AF-P51580-F1-model_v4.pdb	110
P51580	110	E	L	1.05546410690366	AF-P51580-F1-model_v4.pdb	110
P51580	111	P	A	1.21206804016157	AF-P51580-F1-model_v4.pdb	111
P51580	111	P	W	0.727738029724963	AF-P51580-F1-model_v4.pdb	111
P51580	111	P	M	1.01233532535899	AF-P51580-F1-model_v4.pdb	111
P51580	111	P	*	0.0100004329565478	AF-P51580-F1-model_v4.pdb	111
P51580	111	P	V	1.07058018353542	AF-P51580-F1-model_v4.pdb	111
P51580	111	P	K	0.826930526250542	AF-P51580-F1-model_v4.pdb	111
P51580	111	P	H	1.223737088931	AF-P51580-F1-model_v4.pdb	111
P51580	111	P	S	0.8170631014401729	AF-P51580-F1-model_v4.pdb	111
P51580	111	P	D	1.11119290933959	AF-P51580-F1-model_v4.pdb	111
P51580	111	P	T	0.950538741239602	AF-P51580-F1-model_v4.pdb	111
P51580	111	P	I	1.2433275155365	AF-P51580-F1-model_v4.pdb	111
P51580	111	P	G	0.995813779914155	AF-P51580-F1-model_v4.pdb	111
P51580	111	P	Q	0.993590897637842	AF-P51580-F1-model_v4.pdb	111
P51580	111	P	R	1.09827620574005	AF-P51580-F1-model_v4.pdb	111
P51580	111	P	Y	0.765384978733409	AF-P51580-F1-model_v4.pdb	111
P51580	111	P	E	1.10441293302803	AF-P51580-F1-model_v4.pdb	111
P51580	112	I	C	0.314871614113564	AF-P51580-F1-model_v4.pdb	112
P51580	112	I	E	0.376330925273568	AF-P51580-F1-model_v4.pdb	112
P51580	112	I	P	0.3893072055435921	AF-P51580-F1-model_v4.pdb	112
P51580	112	I	F	0.7783793576558399	AF-P51580-F1-model_v4.pdb	112
P51580	112	I	*	0.178206743983416	AF-P51580-F1-model_v4.pdb	112
P51580	112	I	V	0.989973490726711	AF-P51580-F1-model_v4.pdb	112
P51580	112	I	Q	0.612664743776088	AF-P51580-F1-model_v4.pdb	112
P51580	112	I	G	0.686008685007192	AF-P51580-F1-model_v4.pdb	112
P51580	112	I	A	0.717710917381715	AF-P51580-F1-model_v4.pdb	112
P51580	112	I	R	0.584183909606058	AF-P51580-F1-model_v4.pdb	112
P51580	112	I	N	1.26967507010497	AF-P51580-F1-model_v4.pdb	112
P51580	112	I	W	0.7421278423796279	AF-P51580-F1-model_v4.pdb	112
P51580	112	I	Y	0.8760907941530329	AF-P51580-F1-model_v4.pdb	112
P51580	113	T	D	1.12864757030477	AF-P51580-F1-model_v4.pdb	113
P51580	113	T	V	0.8940105755913821	AF-P51580-F1-model_v4.pdb	113
P51580	113	T	P	1.01135035939396	AF-P51580-F1-model_v4.pdb	113
P51580	113	T	W	1.01006845924595	AF-P51580-F1-model_v4.pdb	113
P51580	113	T	L	0.8932435056838891	AF-P51580-F1-model_v4.pdb	113
P51580	113	T	K	0.104447949673931	AF-P51580-F1-model_v4.pdb	113
P51580	113	T	I	0.6400781757624621	AF-P51580-F1-model_v4.pdb	113
P51580	113	T	G	0.993141385480732	AF-P51580-F1-model_v4.pdb	113
P51580	113	T	Q	0.946500219073544	AF-P51580-F1-model_v4.pdb	113
P51580	113	T	F	0.488871927702877	AF-P51580-F1-model_v4.pdb	113
P51580	113	T	M	1.12224106189892	AF-P51580-F1-model_v4.pdb	113
P51580	113	T	E	1.07594985123567	AF-P51580-F1-model_v4.pdb	113
P51580	113	T	A	0.816273029266682	AF-P51580-F1-model_v4.pdb	113
P51580	113	T	N	0.888453534304792	AF-P51580-F1-model_v4.pdb	113
P51580	113	T	S	1.15094747342932	AF-P51580-F1-model_v4.pdb	113
P51580	113	T	*	-0.060120044129642	AF-P51580-F1-model_v4.pdb	113
P51580	113	T	R	0.9356922279292992	AF-P51580-F1-model_v4.pdb	113
P51580	114	E	L	0.8050766609675601	AF-P51580-F1-model_v4.pdb	114
P51580	114	E	Q	0.957827381311984	AF-P51580-F1-model_v4.pdb	114
P51580	114	E	R	0.721769206489923	AF-P51580-F1-model_v4.pdb	114
P51580	114	E	K	0.9103910906472727	AF-P51580-F1-model_v4.pdb	114
P51580	114	E	I	0.46819379660162	AF-P51580-F1-model_v4.pdb	114
P51580	114	E	S	1.08768296096358	AF-P51580-F1-model_v4.pdb	114
P51580	114	E	G	1.03542384926504	AF-P51580-F1-model_v4.pdb	114
P51580	114	E	T	0.8913760892740029	AF-P51580-F1-model_v4.pdb	114
P51580	114	E	F	0.7780859354739201	AF-P51580-F1-model_v4.pdb	114
P51580	114	E	D	0.774574704696994	AF-P51580-F1-model_v4.pdb	114
P51580	114	E	C	1.02522900776898	AF-P51580-F1-model_v4.pdb	114
P51580	114	E	A	1.23274190508757	AF-P51580-F1-model_v4.pdb	114
P51580	114	E	M	0.729312450278008	AF-P51580-F1-model_v4.pdb	114
P51580	114	E	Y	0.8213533202855559	AF-P51580-F1-model_v4.pdb	114
P51580	114	E	W	0.691691041792384	AF-P51580-F1-model_v4.pdb	114
P51580	114	E	*	-0.258293596916037	AF-P51580-F1-model_v4.pdb	114
P51580	114	E	V	0.6839255283325401	AF-P51580-F1-model_v4.pdb	114
P51580	115	I	G	0.885315972092115	AF-P51580-F1-model_v4.pdb	115
P51580	115	I	K	1.13715983417645	AF-P51580-F1-model_v4.pdb	115
P51580	115	I	M	1.00854238286406	AF-P51580-F1-model_v4.pdb	115
P51580	115	I	R	0.628175838316868	AF-P51580-F1-model_v4.pdb	115
P51580	116	P	N	0.796878747344353	AF-P51580-F1-model_v4.pdb	116
P51580	116	P	T	0.792612259197976	AF-P51580-F1-model_v4.pdb	116
P51580	116	P	M	0.8873548997055442	AF-P51580-F1-model_v4.pdb	116
P51580	116	P	V	0.995889182883094	AF-P51580-F1-model_v4.pdb	116
P51580	116	P	L	0.968664083937504	AF-P51580-F1-model_v4.pdb	116
P51580	116	P	K	0.7545788690448522	AF-P51580-F1-model_v4.pdb	116
P51580	116	P	*	0.122348425357815	AF-P51580-F1-model_v4.pdb	116
P51580	116	P	W	0.666581886116155	AF-P51580-F1-model_v4.pdb	116
P51580	116	P	G	0.772347937243413	AF-P51580-F1-model_v4.pdb	116
P51580	116	P	E	0.828222686959788	AF-P51580-F1-model_v4.pdb	116
P51580	116	P	D	1.03327599982227	AF-P51580-F1-model_v4.pdb	116
P51580	116	P	A	0.7603067790692709	AF-P51580-F1-model_v4.pdb	116
P51580	116	P	R	0.8652193070307991	AF-P51580-F1-model_v4.pdb	116
P51580	116	P	H	0.958645808014286	AF-P51580-F1-model_v4.pdb	116
P51580	116	P	S	1.08321586732103	AF-P51580-F1-model_v4.pdb	116
P51580	118	T	R	1.07707017853134	AF-P51580-F1-model_v4.pdb	118
P51580	118	T	V	1.10525969003918	AF-P51580-F1-model_v4.pdb	118
P51580	118	T	S	1.1269360396267	AF-P51580-F1-model_v4.pdb	118
P51580	118	T	Q	0.425590121980391	AF-P51580-F1-model_v4.pdb	118
P51580	118	T	P	0.912430887840488	AF-P51580-F1-model_v4.pdb	118
P51580	118	T	M	0.858359843928729	AF-P51580-F1-model_v4.pdb	118
P51580	118	T	L	0.7378846461579179	AF-P51580-F1-model_v4.pdb	118
P51580	118	T	K	0.933075955779275	AF-P51580-F1-model_v4.pdb	118
P51580	118	T	G	1.08034362084423	AF-P51580-F1-model_v4.pdb	118
P51580	118	T	F	0.820108808277406	AF-P51580-F1-model_v4.pdb	118
P51580	118	T	E	0.968802399730873	AF-P51580-F1-model_v4.pdb	118
P51580	118	T	C	0.660509361787063	AF-P51580-F1-model_v4.pdb	118
P51580	118	T	A	0.924435043139348	AF-P51580-F1-model_v4.pdb	118
P51580	118	T	W	0.56173737181885	AF-P51580-F1-model_v4.pdb	118
P51580	119	K	E	0.298549822231626	AF-P51580-F1-model_v4.pdb	119
P51580	119	K	G	0.434054007153091	AF-P51580-F1-model_v4.pdb	119
P51580	119	K	V	0.58345106663112	AF-P51580-F1-model_v4.pdb	119
P51580	119	K	L	0.431764883050401	AF-P51580-F1-model_v4.pdb	119
P51580	119	K	M	0.678709577253857	AF-P51580-F1-model_v4.pdb	119
P51580	119	K	N	0.5752313960854959	AF-P51580-F1-model_v4.pdb	119
P51580	119	K	P	0.100445945569693	AF-P51580-F1-model_v4.pdb	119
P51580	119	K	Q	0.755889949779187	AF-P51580-F1-model_v4.pdb	119
P51580	119	K	C	0.7864753964229471	AF-P51580-F1-model_v4.pdb	119
P51580	119	K	R	0.817400327041722	AF-P51580-F1-model_v4.pdb	119
P51580	119	K	S	0.9170576940596892	AF-P51580-F1-model_v4.pdb	119
P51580	119	K	T	0.9347175614124008	AF-P51580-F1-model_v4.pdb	119
P51580	119	K	W	0.609259727604168	AF-P51580-F1-model_v4.pdb	119
P51580	119	K	*	0.6282033071708449	AF-P51580-F1-model_v4.pdb	119
P51580	119	K	Y	0.781637642570355	AF-P51580-F1-model_v4.pdb	119
P51580	119	K	A	0.710521824243498	AF-P51580-F1-model_v4.pdb	119
P51580	120	V	Q	0.945840812415429	AF-P51580-F1-model_v4.pdb	120
P51580	120	V	S	0.845701942365925	AF-P51580-F1-model_v4.pdb	120
P51580	120	V	*	0.0031781658341417	AF-P51580-F1-model_v4.pdb	120
P51580	120	V	W	0.577062883454866	AF-P51580-F1-model_v4.pdb	120
P51580	120	V	L	0.7292503806745569	AF-P51580-F1-model_v4.pdb	120
P51580	120	V	T	0.941803766926325	AF-P51580-F1-model_v4.pdb	120
P51580	120	V	I	0.7544279381750241	AF-P51580-F1-model_v4.pdb	120
P51580	120	V	R	0.8061621423167551	AF-P51580-F1-model_v4.pdb	120
P51580	120	V	F	0.9394404183470442	AF-P51580-F1-model_v4.pdb	120
P51580	120	V	E	0.46503141417578	AF-P51580-F1-model_v4.pdb	120
P51580	120	V	D	0.140888427560114	AF-P51580-F1-model_v4.pdb	120
P51580	120	V	C	0.8227790756115791	AF-P51580-F1-model_v4.pdb	120
P51580	120	V	A	0.93727150965515	AF-P51580-F1-model_v4.pdb	120
P51580	120	V	G	0.447666901297149	AF-P51580-F1-model_v4.pdb	120
P51580	121	F	Y	1.00791069595583	AF-P51580-F1-model_v4.pdb	121
P51580	121	F	*	0.195628639540424	AF-P51580-F1-model_v4.pdb	121
P51580	121	F	W	0.6764446048794411	AF-P51580-F1-model_v4.pdb	121
P51580	121	F	V	0.690578010360149	AF-P51580-F1-model_v4.pdb	121
P51580	121	F	T	0.131651795366048	AF-P51580-F1-model_v4.pdb	121
P51580	121	F	S	0.170777137911373	AF-P51580-F1-model_v4.pdb	121
P51580	121	F	R	0.259287927806388	AF-P51580-F1-model_v4.pdb	121
P51580	121	F	P	-0.392611634232392	AF-P51580-F1-model_v4.pdb	121
P51580	121	F	N	0.257653452243935	AF-P51580-F1-model_v4.pdb	121
P51580	121	F	I	0.706875457745279	AF-P51580-F1-model_v4.pdb	121
P51580	121	F	K	0.456502514526694	AF-P51580-F1-model_v4.pdb	121
P51580	121	F	H	0.239590263709176	AF-P51580-F1-model_v4.pdb	121
P51580	121	F	G	0.0342958340289867	AF-P51580-F1-model_v4.pdb	121
P51580	121	F	E	-0.130124327956741	AF-P51580-F1-model_v4.pdb	121
P51580	121	F	D	0.654933931757622	AF-P51580-F1-model_v4.pdb	121
P51580	121	F	C	1.19289307660773	AF-P51580-F1-model_v4.pdb	121
P51580	121	F	A	0.563996131183589	AF-P51580-F1-model_v4.pdb	121
P51580	121	F	L	0.815484409591886	AF-P51580-F1-model_v4.pdb	121
P51580	122	K	Q	0.957343911477039	AF-P51580-F1-model_v4.pdb	122
P51580	122	K	S	0.8675793525154871	AF-P51580-F1-model_v4.pdb	122
P51580	122	K	R	0.964458406371333	AF-P51580-F1-model_v4.pdb	122
P51580	122	K	T	1.05197074865693	AF-P51580-F1-model_v4.pdb	122
P51580	122	K	E	0.526324393075979	AF-P51580-F1-model_v4.pdb	122
P51580	122	K	W	0.601593690442182	AF-P51580-F1-model_v4.pdb	122
P51580	122	K	*	0.0663331061779199	AF-P51580-F1-model_v4.pdb	122
P51580	122	K	Y	0.8419379351388749	AF-P51580-F1-model_v4.pdb	122
P51580	122	K	P	0.362853853808285	AF-P51580-F1-model_v4.pdb	122
P51580	122	K	V	1.00756834466377	AF-P51580-F1-model_v4.pdb	122
P51580	122	K	N	0.625191555415749	AF-P51580-F1-model_v4.pdb	122
P51580	122	K	C	0.871370701773354	AF-P51580-F1-model_v4.pdb	122
P51580	122	K	L	0.744112886813772	AF-P51580-F1-model_v4.pdb	122
P51580	122	K	I	0.951818182603665	AF-P51580-F1-model_v4.pdb	122
P51580	122	K	H	0.4244159778024789	AF-P51580-F1-model_v4.pdb	122
P51580	122	K	G	0.505670109322067	AF-P51580-F1-model_v4.pdb	122
P51580	122	K	F	0.8000331905479041	AF-P51580-F1-model_v4.pdb	122
P51580	122	K	M	0.7085906924082659	AF-P51580-F1-model_v4.pdb	122
P51580	122	K	D	0.045881658725665	AF-P51580-F1-model_v4.pdb	122
P51580	122	K	A	0.540230005253125	AF-P51580-F1-model_v4.pdb	122
P51580	123	S	*	-0.22344455941847	AF-P51580-F1-model_v4.pdb	123
P51580	123	S	W	0.6503623264587289	AF-P51580-F1-model_v4.pdb	123
P51580	123	S	V	0.5374285703915971	AF-P51580-F1-model_v4.pdb	123
P51580	123	S	R	0.139972936868126	AF-P51580-F1-model_v4.pdb	123
P51580	123	S	P	0.0306343548634598	AF-P51580-F1-model_v4.pdb	123
P51580	123	S	Y	0.6814251005570279	AF-P51580-F1-model_v4.pdb	123
P51580	123	S	L	-0.0001674217255475	AF-P51580-F1-model_v4.pdb	123
P51580	123	S	G	0.938920287686875	AF-P51580-F1-model_v4.pdb	123
P51580	123	S	E	1.05613490652501	AF-P51580-F1-model_v4.pdb	123
P51580	123	S	A	0.6560166729708841	AF-P51580-F1-model_v4.pdb	123
P51580	123	S	M	0.327089841534674	AF-P51580-F1-model_v4.pdb	123
P51580	124	S	*	0.0402823815746618	AF-P51580-F1-model_v4.pdb	124
P51580	124	S	W	0.899798402897175	AF-P51580-F1-model_v4.pdb	124
P51580	124	S	V	1.1026642165763898	AF-P51580-F1-model_v4.pdb	124
P51580	124	S	R	0.729878725347266	AF-P51580-F1-model_v4.pdb	124
P51580	124	S	Q	1.2245796757887502	AF-P51580-F1-model_v4.pdb	124
P51580	124	S	P	1.15770954773665	AF-P51580-F1-model_v4.pdb	124
P51580	124	S	N	0.573181552087661	AF-P51580-F1-model_v4.pdb	124
P51580	124	S	M	1.15579433521369	AF-P51580-F1-model_v4.pdb	124
P51580	124	S	L	0.933683253613814	AF-P51580-F1-model_v4.pdb	124
P51580	124	S	I	0.938166786856317	AF-P51580-F1-model_v4.pdb	124
P51580	124	S	H	0.8485409662875071	AF-P51580-F1-model_v4.pdb	124
P51580	124	S	G	1.07654826372933	AF-P51580-F1-model_v4.pdb	124
P51580	124	S	F	0.87780292605825	AF-P51580-F1-model_v4.pdb	124
P51580	124	S	E	0.82926913549954	AF-P51580-F1-model_v4.pdb	124
P51580	124	S	D	1.07983107283491	AF-P51580-F1-model_v4.pdb	124
P51580	124	S	A	1.30769955587149	AF-P51580-F1-model_v4.pdb	124
P51580	124	S	Y	0.9956649630541968	AF-P51580-F1-model_v4.pdb	124
P51580	124	S	K	1.21012340918626	AF-P51580-F1-model_v4.pdb	124
P51580	125	S	W	1.11566054869921	AF-P51580-F1-model_v4.pdb	125
P51580	125	S	*	-0.415563781842277	AF-P51580-F1-model_v4.pdb	125
P51580	125	S	K	0.891944758983909	AF-P51580-F1-model_v4.pdb	125
P51580	125	S	V	0.917220735197083	AF-P51580-F1-model_v4.pdb	125
P51580	125	S	L	1.00883151596107	AF-P51580-F1-model_v4.pdb	125
P51580	125	S	T	1.24714354694627	AF-P51580-F1-model_v4.pdb	125
P51580	125	S	G	0.7995433157539029	AF-P51580-F1-model_v4.pdb	125
P51580	125	S	Q	0.8708358432951679	AF-P51580-F1-model_v4.pdb	125
P51580	125	S	M	1.23771334820368	AF-P51580-F1-model_v4.pdb	125
P51580	125	S	E	0.96770630697314	AF-P51580-F1-model_v4.pdb	125
P51580	125	S	C	1.06603153016795	AF-P51580-F1-model_v4.pdb	125
P51580	125	S	A	0.8255359914680791	AF-P51580-F1-model_v4.pdb	125
P51580	125	S	R	0.653728823081395	AF-P51580-F1-model_v4.pdb	125
P51580	126	G	Y	0.80930583748928	AF-P51580-F1-model_v4.pdb	126
P51580	126	G	*	0.154369391786319	AF-P51580-F1-model_v4.pdb	126
P51580	126	G	W	0.5277500640005091	AF-P51580-F1-model_v4.pdb	126
P51580	126	G	R	0.7782168382795269	AF-P51580-F1-model_v4.pdb	126
P51580	126	G	F	0.8155821544157751	AF-P51580-F1-model_v4.pdb	126
P51580	126	G	E	0.8013573733014799	AF-P51580-F1-model_v4.pdb	126
P51580	126	G	C	1.02333192202098	AF-P51580-F1-model_v4.pdb	126
P51580	126	G	V	0.733462138635247	AF-P51580-F1-model_v4.pdb	126
P51580	127	N	S	1.31036759561767	AF-P51580-F1-model_v4.pdb	127
P51580	127	N	Y	1.0070541486339	AF-P51580-F1-model_v4.pdb	127
P51580	127	N	*	0.0605039474418841	AF-P51580-F1-model_v4.pdb	127
P51580	127	N	V	0.8592105272334459	AF-P51580-F1-model_v4.pdb	127
P51580	127	N	R	0.998675410907666	AF-P51580-F1-model_v4.pdb	127
P51580	127	N	G	0.7614244471995001	AF-P51580-F1-model_v4.pdb	127
P51580	127	N	I	0.6379398491618571	AF-P51580-F1-model_v4.pdb	127
P51580	127	N	F	0.7638473143066371	AF-P51580-F1-model_v4.pdb	127
P51580	127	N	E	1.00757618421325	AF-P51580-F1-model_v4.pdb	127
P51580	127	N	C	0.942746702775366	AF-P51580-F1-model_v4.pdb	127
P51580	127	N	A	0.7466854222486079	AF-P51580-F1-model_v4.pdb	127
P51580	127	N	L	0.975897924314542	AF-P51580-F1-model_v4.pdb	127
P51580	128	I	P	0.159110279052361	AF-P51580-F1-model_v4.pdb	128
P51580	128	I	Y	0.548621146149208	AF-P51580-F1-model_v4.pdb	128
P51580	128	I	W	0.1401502415999219	AF-P51580-F1-model_v4.pdb	128
P51580	128	I	V	1.01434314422852	AF-P51580-F1-model_v4.pdb	128
P51580	128	I	T	0.168047651077538	AF-P51580-F1-model_v4.pdb	128
P51580	128	I	S	0.154693830574432	AF-P51580-F1-model_v4.pdb	128
P51580	128	I	R	0.109588083858739	AF-P51580-F1-model_v4.pdb	128
P51580	128	I	N	-0.0598227655608952	AF-P51580-F1-model_v4.pdb	128
P51580	128	I	C	0.633829379951116	AF-P51580-F1-model_v4.pdb	128
P51580	128	I	L	0.7358930470048579	AF-P51580-F1-model_v4.pdb	128
P51580	128	I	K	-0.164350409744887	AF-P51580-F1-model_v4.pdb	128
P51580	128	I	H	0.181360293074191	AF-P51580-F1-model_v4.pdb	128
P51580	128	I	G	0.0504246358668982	AF-P51580-F1-model_v4.pdb	128
P51580	128	I	F	0.548358110358439	AF-P51580-F1-model_v4.pdb	128
P51580	128	I	E	0.180873163873806	AF-P51580-F1-model_v4.pdb	128
P51580	128	I	D	-0.0543808210240348	AF-P51580-F1-model_v4.pdb	128
P51580	128	I	A	0.3773882826258949	AF-P51580-F1-model_v4.pdb	128
P51580	128	I	M	0.7264689640427421	AF-P51580-F1-model_v4.pdb	128
P51580	129	S	M	0.7427869336885341	AF-P51580-F1-model_v4.pdb	129
P51580	129	S	*	0.345076760969322	AF-P51580-F1-model_v4.pdb	129
P51580	129	S	W	1.23361547696971	AF-P51580-F1-model_v4.pdb	129
P51580	129	S	V	0.9220907294950392	AF-P51580-F1-model_v4.pdb	129
P51580	129	S	P	0.0507148166330207	AF-P51580-F1-model_v4.pdb	129
P51580	129	S	N	0.949710993508773	AF-P51580-F1-model_v4.pdb	129
P51580	129	S	L	0.779397249352227	AF-P51580-F1-model_v4.pdb	129
P51580	129	S	R	0.8962549943296378	AF-P51580-F1-model_v4.pdb	129
P51580	129	S	I	1.0475334552407098	AF-P51580-F1-model_v4.pdb	129
P51580	129	S	H	1.47509081540931	AF-P51580-F1-model_v4.pdb	129
P51580	129	S	G	0.5853397778551279	AF-P51580-F1-model_v4.pdb	129
P51580	129	S	A	1.2169096050756598	AF-P51580-F1-model_v4.pdb	129
P51580	129	S	F	0.7622834270942209	AF-P51580-F1-model_v4.pdb	129
P51580	129	S	E	0.8228502264745191	AF-P51580-F1-model_v4.pdb	129
P51580	129	S	D	0.7908817817989409	AF-P51580-F1-model_v4.pdb	129
P51580	129	S	C	0.63007085752023	AF-P51580-F1-model_v4.pdb	129
P51580	129	S	K	1.1917961832709	AF-P51580-F1-model_v4.pdb	129
P51580	130	L	*	0.0816430374145922	AF-P51580-F1-model_v4.pdb	130
P51580	130	L	W	0.28796607205088	AF-P51580-F1-model_v4.pdb	130
P51580	130	L	V	1.10245562932161	AF-P51580-F1-model_v4.pdb	130
P51580	130	L	T	0.274403354736703	AF-P51580-F1-model_v4.pdb	130
P51580	130	L	S	-0.0381275003132979	AF-P51580-F1-model_v4.pdb	130
P51580	130	L	R	0.191530651572302	AF-P51580-F1-model_v4.pdb	130
P51580	130	L	P	0.285606303662501	AF-P51580-F1-model_v4.pdb	130
P51580	130	L	K	0.0774240346000412	AF-P51580-F1-model_v4.pdb	130
P51580	130	L	I	0.838962615221665	AF-P51580-F1-model_v4.pdb	130
P51580	130	L	G	0.0233865091874123	AF-P51580-F1-model_v4.pdb	130
P51580	130	L	F	0.84859833601596	AF-P51580-F1-model_v4.pdb	130
P51580	130	L	E	0.0135450005286138	AF-P51580-F1-model_v4.pdb	130
P51580	130	L	D	-0.165067381036433	AF-P51580-F1-model_v4.pdb	130
P51580	130	L	A	0.494753656266032	AF-P51580-F1-model_v4.pdb	130
P51580	130	L	M	0.8900949321587671	AF-P51580-F1-model_v4.pdb	130
P51580	131	Y	*	-0.0728210629122779	AF-P51580-F1-model_v4.pdb	131
P51580	131	Y	W	0.820464928510436	AF-P51580-F1-model_v4.pdb	131
P51580	131	Y	V	0.540692918185565	AF-P51580-F1-model_v4.pdb	131
P51580	131	Y	T	0.124142107330082	AF-P51580-F1-model_v4.pdb	131
P51580	131	Y	S	0.0647662455613746	AF-P51580-F1-model_v4.pdb	131
P51580	131	Y	R	0.105958693423359	AF-P51580-F1-model_v4.pdb	131
P51580	131	Y	P	-0.0802054945202923	AF-P51580-F1-model_v4.pdb	131
P51580	131	Y	L	1.1325690061571798	AF-P51580-F1-model_v4.pdb	131
P51580	131	Y	K	-0.17903659473957	AF-P51580-F1-model_v4.pdb	131
P51580	131	Y	I	1.03168395405739	AF-P51580-F1-model_v4.pdb	131
P51580	131	Y	H	0.872601159626267	AF-P51580-F1-model_v4.pdb	131
P51580	131	Y	G	0.0425134343223544	AF-P51580-F1-model_v4.pdb	131
P51580	131	Y	E	-0.163603278407069	AF-P51580-F1-model_v4.pdb	131
P51580	131	Y	C	0.609569058627241	AF-P51580-F1-model_v4.pdb	131
P51580	131	Y	A	0.2857696804990829	AF-P51580-F1-model_v4.pdb	131
P51580	131	Y	M	0.8564848244175219	AF-P51580-F1-model_v4.pdb	131
P51580	132	C	Y	0.412136619588057	AF-P51580-F1-model_v4.pdb	132
P51580	132	C	*	-0.289958791084352	AF-P51580-F1-model_v4.pdb	132
P51580	132	C	W	0.638223096222343	AF-P51580-F1-model_v4.pdb	132
P51580	132	C	V	0.62642989649796	AF-P51580-F1-model_v4.pdb	132
P51580	132	C	S	0.909346134398759	AF-P51580-F1-model_v4.pdb	132
P51580	132	C	Q	1.40360897713117	AF-P51580-F1-model_v4.pdb	132
P51580	132	C	L	0.7385394247799542	AF-P51580-F1-model_v4.pdb	132
P51580	132	C	G	0.861442455942259	AF-P51580-F1-model_v4.pdb	132
P51580	132	C	F	0.43017747355691	AF-P51580-F1-model_v4.pdb	132
P51580	132	C	D	0.435763480000727	AF-P51580-F1-model_v4.pdb	132
P51580	132	C	A	1.07927900639709	AF-P51580-F1-model_v4.pdb	132
P51580	132	C	R	1.0025934148577	AF-P51580-F1-model_v4.pdb	132
P51580	133	C	R	0.0919260772654596	AF-P51580-F1-model_v4.pdb	133
P51580	133	C	Y	-0.351115809176755	AF-P51580-F1-model_v4.pdb	133
P51580	133	C	*	-0.267662260842652	AF-P51580-F1-model_v4.pdb	133
P51580	133	C	W	-0.0909099610385195	AF-P51580-F1-model_v4.pdb	133
P51580	133	C	V	0.874367205646657	AF-P51580-F1-model_v4.pdb	133
P51580	133	C	T	1.03278475391802	AF-P51580-F1-model_v4.pdb	133
P51580	133	C	S	0.7267358165811401	AF-P51580-F1-model_v4.pdb	133
P51580	133	C	Q	0.506575906038114	AF-P51580-F1-model_v4.pdb	133
P51580	133	C	P	-0.236353142151861	AF-P51580-F1-model_v4.pdb	133
P51580	133	C	D	-0.233798213823892	AF-P51580-F1-model_v4.pdb	133
P51580	133	C	A	1.00725277783643	AF-P51580-F1-model_v4.pdb	133
P51580	133	C	N	0.165534879803968	AF-P51580-F1-model_v4.pdb	133
P51580	133	C	F	0.549318552549455	AF-P51580-F1-model_v4.pdb	133
P51580	133	C	G	0.744961932826665	AF-P51580-F1-model_v4.pdb	133
P51580	133	C	E	0.0365525308394689	AF-P51580-F1-model_v4.pdb	133
P51580	133	C	I	1.01243667231851	AF-P51580-F1-model_v4.pdb	133
P51580	133	C	K	-0.0558371367597274	AF-P51580-F1-model_v4.pdb	133
P51580	133	C	L	0.950822270140257	AF-P51580-F1-model_v4.pdb	133
P51580	133	C	M	0.799002678481427	AF-P51580-F1-model_v4.pdb	133
P51580	133	C	H	0.303303205248571	AF-P51580-F1-model_v4.pdb	133
P51580	134	S	P	0.819429064547042	AF-P51580-F1-model_v4.pdb	134
P51580	134	S	*	0.3469488947075949	AF-P51580-F1-model_v4.pdb	134
P51580	134	S	W	0.565787995632681	AF-P51580-F1-model_v4.pdb	134
P51580	134	S	V	-0.0435786473744266	AF-P51580-F1-model_v4.pdb	134
P51580	134	S	T	0.851352869115182	AF-P51580-F1-model_v4.pdb	134
P51580	134	S	R	0.7243725819814109	AF-P51580-F1-model_v4.pdb	134
P51580	134	S	N	1.04043032645712	AF-P51580-F1-model_v4.pdb	134
P51580	134	S	Y	0.519945529007236	AF-P51580-F1-model_v4.pdb	134
P51580	134	S	L	0.194507354757802	AF-P51580-F1-model_v4.pdb	134
P51580	134	S	C	0.742840713953367	AF-P51580-F1-model_v4.pdb	134
P51580	134	S	A	0.756173735149003	AF-P51580-F1-model_v4.pdb	134
P51580	134	S	E	0.5328607085514411	AF-P51580-F1-model_v4.pdb	134
P51580	134	S	M	0.533028337421197	AF-P51580-F1-model_v4.pdb	134
P51580	134	S	G	0.6445727724032709	AF-P51580-F1-model_v4.pdb	134
P51580	134	S	H	0.837548076460571	AF-P51580-F1-model_v4.pdb	134
P51580	134	S	K	0.927470143317892	AF-P51580-F1-model_v4.pdb	134
P51580	134	S	F	0.4027386660817071	AF-P51580-F1-model_v4.pdb	134
P51580	135	I	Y	1.2042151098701102	AF-P51580-F1-model_v4.pdb	135
P51580	135	I	Q	0.217125853381016	AF-P51580-F1-model_v4.pdb	135
P51580	135	I	W	0.826942689729202	AF-P51580-F1-model_v4.pdb	135
P51580	135	I	V	0.8505945020818021	AF-P51580-F1-model_v4.pdb	135
P51580	135	I	T	0.316133984182823	AF-P51580-F1-model_v4.pdb	135
P51580	135	I	S	-0.0406407397451797	AF-P51580-F1-model_v4.pdb	135
P51580	135	I	R	0.0330668810477529	AF-P51580-F1-model_v4.pdb	135
P51580	135	I	*	-0.154418355312044	AF-P51580-F1-model_v4.pdb	135
P51580	135	I	M	0.9880285729714888	AF-P51580-F1-model_v4.pdb	135
P51580	135	I	L	1.14824499799617	AF-P51580-F1-model_v4.pdb	135
P51580	135	I	K	0.303073687204388	AF-P51580-F1-model_v4.pdb	135
P51580	135	I	H	0.509825921805737	AF-P51580-F1-model_v4.pdb	135
P51580	135	I	G	-0.0055087349463146	AF-P51580-F1-model_v4.pdb	135
P51580	135	I	E	-0.0811443413661514	AF-P51580-F1-model_v4.pdb	135
P51580	135	I	D	0.055538151412567	AF-P51580-F1-model_v4.pdb	135
P51580	135	I	C	0.814442627251417	AF-P51580-F1-model_v4.pdb	135
P51580	135	I	A	0.582067351794829	AF-P51580-F1-model_v4.pdb	135
P51580	135	I	P	0.495288594038513	AF-P51580-F1-model_v4.pdb	135
P51580	135	I	F	-0.255699051731003	AF-P51580-F1-model_v4.pdb	135
P51580	136	F	R	0.551199695761792	AF-P51580-F1-model_v4.pdb	136
P51580	136	F	*	-0.46721051094349	AF-P51580-F1-model_v4.pdb	136
P51580	136	F	W	0.977699099774844	AF-P51580-F1-model_v4.pdb	136
P51580	136	F	V	0.596828089118292	AF-P51580-F1-model_v4.pdb	136
P51580	136	F	S	0.6012306130500711	AF-P51580-F1-model_v4.pdb	136
P51580	136	F	M	0.5883330154896911	AF-P51580-F1-model_v4.pdb	136
P51580	136	F	L	0.867386949287675	AF-P51580-F1-model_v4.pdb	136
P51580	136	F	K	0.678209642560045	AF-P51580-F1-model_v4.pdb	136
P51580	136	F	G	0.555524932706254	AF-P51580-F1-model_v4.pdb	136
P51580	136	F	E	0.5207887716700851	AF-P51580-F1-model_v4.pdb	136
P51580	136	F	D	0.768807853226298	AF-P51580-F1-model_v4.pdb	136
P51580	136	F	A	0.405994742258267	AF-P51580-F1-model_v4.pdb	136
P51580	136	F	Q	0.598662060661293	AF-P51580-F1-model_v4.pdb	136
P51580	137	D	W	0.409868908558075	AF-P51580-F1-model_v4.pdb	137
P51580	137	D	G	0.688754669741908	AF-P51580-F1-model_v4.pdb	137
P51580	137	D	R	0.657042839984532	AF-P51580-F1-model_v4.pdb	137
P51580	137	D	V	0.7139069451496769	AF-P51580-F1-model_v4.pdb	137
P51580	137	D	L	0.7513933163286429	AF-P51580-F1-model_v4.pdb	137
P51580	138	L	*	-0.115988423657286	AF-P51580-F1-model_v4.pdb	138
P51580	138	L	W	0.603595650432042	AF-P51580-F1-model_v4.pdb	138
P51580	138	L	T	0.443012691940154	AF-P51580-F1-model_v4.pdb	138
P51580	138	L	S	0.492931187454596	AF-P51580-F1-model_v4.pdb	138
P51580	138	L	V	1.14954997185347	AF-P51580-F1-model_v4.pdb	138
P51580	138	L	P	-0.280280451063512	AF-P51580-F1-model_v4.pdb	138
P51580	138	L	K	0.0995718067078198	AF-P51580-F1-model_v4.pdb	138
P51580	138	L	G	0.0354347911249571	AF-P51580-F1-model_v4.pdb	138
P51580	138	L	F	0.715537865564433	AF-P51580-F1-model_v4.pdb	138
P51580	138	L	E	0.617585433285066	AF-P51580-F1-model_v4.pdb	138
P51580	138	L	A	1.01737306580065	AF-P51580-F1-model_v4.pdb	138
P51580	138	L	R	-0.0831218692408911	AF-P51580-F1-model_v4.pdb	138
P51580	139	P	S	0.7078475148688829	AF-P51580-F1-model_v4.pdb	139
P51580	139	P	Y	0.641241810899157	AF-P51580-F1-model_v4.pdb	139
P51580	139	P	W	0.96301190640505	AF-P51580-F1-model_v4.pdb	139
P51580	139	P	V	0.943231592321395	AF-P51580-F1-model_v4.pdb	139
P51580	139	P	T	1.2766023816336498	AF-P51580-F1-model_v4.pdb	139
P51580	139	P	R	1.02268017317567	AF-P51580-F1-model_v4.pdb	139
P51580	139	P	*	0.102217021586261	AF-P51580-F1-model_v4.pdb	139
P51580	139	P	M	0.645593431195478	AF-P51580-F1-model_v4.pdb	139
P51580	139	P	L	0.964177376786374	AF-P51580-F1-model_v4.pdb	139
P51580	139	P	H	0.928704044694958	AF-P51580-F1-model_v4.pdb	139
P51580	139	P	G	0.9783792056406908	AF-P51580-F1-model_v4.pdb	139
P51580	139	P	F	1.06287283140027	AF-P51580-F1-model_v4.pdb	139
P51580	139	P	E	0.9682411397121858	AF-P51580-F1-model_v4.pdb	139
P51580	139	P	C	0.36914305290894	AF-P51580-F1-model_v4.pdb	139
P51580	139	P	A	0.964858715143949	AF-P51580-F1-model_v4.pdb	139
P51580	139	P	Q	1.18373229797626	AF-P51580-F1-model_v4.pdb	139
P51580	140	R	Y	1.11025461151694	AF-P51580-F1-model_v4.pdb	140
P51580	140	R	*	-0.217921890393483	AF-P51580-F1-model_v4.pdb	140
P51580	140	R	W	0.852733730071663	AF-P51580-F1-model_v4.pdb	140
P51580	140	R	V	0.8872913980755242	AF-P51580-F1-model_v4.pdb	140
P51580	140	R	T	0.8914628349637109	AF-P51580-F1-model_v4.pdb	140
P51580	140	R	S	0.7506519136855819	AF-P51580-F1-model_v4.pdb	140
P51580	140	R	Q	1.00985387178288	AF-P51580-F1-model_v4.pdb	140
P51580	140	R	M	0.5022911228270871	AF-P51580-F1-model_v4.pdb	140
P51580	140	R	L	1.11256489769135	AF-P51580-F1-model_v4.pdb	140
P51580	140	R	K	0.8876192452859759	AF-P51580-F1-model_v4.pdb	140
P51580	140	R	I	1.2410437469246798	AF-P51580-F1-model_v4.pdb	140
P51580	140	R	G	0.938875819959314	AF-P51580-F1-model_v4.pdb	140
P51580	140	R	F	0.4105706600942721	AF-P51580-F1-model_v4.pdb	140
P51580	140	R	E	0.9525362730604592	AF-P51580-F1-model_v4.pdb	140
P51580	140	R	A	0.793089166316275	AF-P51580-F1-model_v4.pdb	140
P51580	140	R	P	0.6569058544757621	AF-P51580-F1-model_v4.pdb	140
P51580	141	T	R	0.8561068641202259	AF-P51580-F1-model_v4.pdb	141
P51580	141	T	S	0.9231302987527	AF-P51580-F1-model_v4.pdb	141
P51580	141	T	V	1.08065397084265	AF-P51580-F1-model_v4.pdb	141
P51580	141	T	Q	0.989198907590383	AF-P51580-F1-model_v4.pdb	141
P51580	141	T	*	-0.120248190637438	AF-P51580-F1-model_v4.pdb	141
P51580	141	T	Y	0.645507204293475	AF-P51580-F1-model_v4.pdb	141
P51580	141	T	W	0.8397034793716809	AF-P51580-F1-model_v4.pdb	141
P51580	141	T	P	0.6894109607471	AF-P51580-F1-model_v4.pdb	141
P51580	141	T	C	0.6325687029457701	AF-P51580-F1-model_v4.pdb	141
P51580	141	T	L	0.9783037989131828	AF-P51580-F1-model_v4.pdb	141
P51580	141	T	M	1.22636511416645	AF-P51580-F1-model_v4.pdb	141
P51580	141	T	D	0.597789332607986	AF-P51580-F1-model_v4.pdb	141
P51580	141	T	E	0.6021362901561109	AF-P51580-F1-model_v4.pdb	141
P51580	141	T	A	0.8321067477186149	AF-P51580-F1-model_v4.pdb	141
P51580	141	T	G	0.8601882795147571	AF-P51580-F1-model_v4.pdb	141
P51580	141	T	I	0.840050896263957	AF-P51580-F1-model_v4.pdb	141
P51580	141	T	F	1.00240409176977	AF-P51580-F1-model_v4.pdb	141
P51580	141	T	K	0.981960569657248	AF-P51580-F1-model_v4.pdb	141
P51580	142	N	*	0.2311030090371	AF-P51580-F1-model_v4.pdb	142
P51580	142	N	W	0.847089224069859	AF-P51580-F1-model_v4.pdb	142
P51580	142	N	V	0.889868811770038	AF-P51580-F1-model_v4.pdb	142
P51580	142	N	T	1.03995961063862	AF-P51580-F1-model_v4.pdb	142
P51580	142	N	S	0.7283531468906159	AF-P51580-F1-model_v4.pdb	142
P51580	142	N	R	0.937277703415396	AF-P51580-F1-model_v4.pdb	142
P51580	142	N	Q	0.973587359758942	AF-P51580-F1-model_v4.pdb	142
P51580	142	N	P	1.09959926972357	AF-P51580-F1-model_v4.pdb	142
P51580	142	N	Y	1.0479966849604498	AF-P51580-F1-model_v4.pdb	142
P51580	142	N	K	0.559463661412126	AF-P51580-F1-model_v4.pdb	142
P51580	142	N	A	1.03875762952699	AF-P51580-F1-model_v4.pdb	142
P51580	142	N	C	1.16753129795114	AF-P51580-F1-model_v4.pdb	142
P51580	142	N	D	0.928373766368764	AF-P51580-F1-model_v4.pdb	142
P51580	142	N	E	0.8344012150360529	AF-P51580-F1-model_v4.pdb	142
P51580	142	N	L	0.7166268212011999	AF-P51580-F1-model_v4.pdb	142
P51580	142	N	G	0.9077718358270552	AF-P51580-F1-model_v4.pdb	142
P51580	142	N	H	1.03847793291242	AF-P51580-F1-model_v4.pdb	142
P51580	142	N	I	0.977045785103086	AF-P51580-F1-model_v4.pdb	142
P51580	142	N	F	0.8631588353517209	AF-P51580-F1-model_v4.pdb	142
P51580	143	I	R	0.473346031167598	AF-P51580-F1-model_v4.pdb	143
P51580	143	I	*	-0.0473749686777386	AF-P51580-F1-model_v4.pdb	143
P51580	143	I	W	0.6152590566627281	AF-P51580-F1-model_v4.pdb	143
P51580	143	I	V	1.26817333342711	AF-P51580-F1-model_v4.pdb	143
P51580	143	I	T	0.553628260796717	AF-P51580-F1-model_v4.pdb	143
P51580	143	I	S	0.364214362078432	AF-P51580-F1-model_v4.pdb	143
P51580	143	I	Y	0.4557129883319661	AF-P51580-F1-model_v4.pdb	143
P51580	143	I	P	0.761118946350798	AF-P51580-F1-model_v4.pdb	143
P51580	143	I	M	0.6888658795520981	AF-P51580-F1-model_v4.pdb	143
P51580	143	I	L	1.06193741134788	AF-P51580-F1-model_v4.pdb	143
P51580	143	I	H	1.0401532766430202	AF-P51580-F1-model_v4.pdb	143
P51580	143	I	G	0.332563482272779	AF-P51580-F1-model_v4.pdb	143
P51580	143	I	F	1.27561587785471	AF-P51580-F1-model_v4.pdb	143
P51580	143	I	E	0.647729697253963	AF-P51580-F1-model_v4.pdb	143
P51580	143	I	A	0.286367213631044	AF-P51580-F1-model_v4.pdb	143
P51580	143	I	Q	0.591161876346188	AF-P51580-F1-model_v4.pdb	143
P51580	143	I	C	1.46587550599302	AF-P51580-F1-model_v4.pdb	143
P51580	144	G	Y	0.532408828019003	AF-P51580-F1-model_v4.pdb	144
P51580	144	G	*	0.0218006965651342	AF-P51580-F1-model_v4.pdb	144
P51580	144	G	W	0.67540846833177	AF-P51580-F1-model_v4.pdb	144
P51580	144	G	V	0.547519437299612	AF-P51580-F1-model_v4.pdb	144
P51580	144	G	S	0.929984469895287	AF-P51580-F1-model_v4.pdb	144
P51580	144	G	R	0.743503065044665	AF-P51580-F1-model_v4.pdb	144
P51580	144	G	P	1.11616526205153	AF-P51580-F1-model_v4.pdb	144
P51580	144	G	M	1.01587297085469	AF-P51580-F1-model_v4.pdb	144
P51580	144	G	L	0.7931372140118951	AF-P51580-F1-model_v4.pdb	144
P51580	144	G	H	0.772215106698675	AF-P51580-F1-model_v4.pdb	144
P51580	144	G	E	0.8514220395584751	AF-P51580-F1-model_v4.pdb	144
P51580	144	G	A	0.7105735354620649	AF-P51580-F1-model_v4.pdb	144
P51580	144	G	N	0.5767573661717911	AF-P51580-F1-model_v4.pdb	144
P51580	145	K	Y	1.14657418394408	AF-P51580-F1-model_v4.pdb	145
P51580	145	K	*	0.185311038479378	AF-P51580-F1-model_v4.pdb	145
P51580	145	K	W	0.588873673260589	AF-P51580-F1-model_v4.pdb	145
P51580	145	K	V	0.909240308232337	AF-P51580-F1-model_v4.pdb	145
P51580	145	K	T	0.979570247830482	AF-P51580-F1-model_v4.pdb	145
P51580	145	K	S	0.9695986091947808	AF-P51580-F1-model_v4.pdb	145
P51580	145	K	R	0.7548775083195179	AF-P51580-F1-model_v4.pdb	145
P51580	145	K	Q	0.8675934026899159	AF-P51580-F1-model_v4.pdb	145
P51580	145	K	P	0.838062853478193	AF-P51580-F1-model_v4.pdb	145
P51580	145	K	M	0.8091758861254621	AF-P51580-F1-model_v4.pdb	145
P51580	145	K	L	0.589941595458564	AF-P51580-F1-model_v4.pdb	145
P51580	145	K	I	1.04866205307105	AF-P51580-F1-model_v4.pdb	145
P51580	145	K	G	0.9245933311413348	AF-P51580-F1-model_v4.pdb	145
P51580	145	K	E	1.40224036228891	AF-P51580-F1-model_v4.pdb	145
P51580	145	K	C	0.866664422861678	AF-P51580-F1-model_v4.pdb	145
P51580	145	K	A	0.76576368763421	AF-P51580-F1-model_v4.pdb	145
P51580	146	F	*	-0.1526325414003869	AF-P51580-F1-model_v4.pdb	146
P51580	146	F	W	-0.232844194162961	AF-P51580-F1-model_v4.pdb	146
P51580	146	F	V	0.6964406693748221	AF-P51580-F1-model_v4.pdb	146
P51580	146	F	T	0.1957691355415689	AF-P51580-F1-model_v4.pdb	146
P51580	146	F	S	-0.0597911647479438	AF-P51580-F1-model_v4.pdb	146
P51580	146	F	R	-0.0167549173868111	AF-P51580-F1-model_v4.pdb	146
P51580	146	F	G	-0.0120955612605062	AF-P51580-F1-model_v4.pdb	146
P51580	146	F	N	0.3852783993119939	AF-P51580-F1-model_v4.pdb	146
P51580	146	F	M	0.508175386705772	AF-P51580-F1-model_v4.pdb	146
P51580	146	F	L	0.593686542400229	AF-P51580-F1-model_v4.pdb	146
P51580	146	F	K	0.0988308624748163	AF-P51580-F1-model_v4.pdb	146
P51580	146	F	E	-0.0953457223402984	AF-P51580-F1-model_v4.pdb	146
P51580	146	F	A	0.444232392814342	AF-P51580-F1-model_v4.pdb	146
P51580	146	F	Q	0.662952283623526	AF-P51580-F1-model_v4.pdb	146
P51580	147	D	R	0.455738626323818	AF-P51580-F1-model_v4.pdb	147
P51580	147	D	Q	0.5444862794411339	AF-P51580-F1-model_v4.pdb	147
P51580	147	D	P	-0.0680051003239068	AF-P51580-F1-model_v4.pdb	147
P51580	147	D	M	0.154339472063136	AF-P51580-F1-model_v4.pdb	147
P51580	147	D	G	0.308352365180827	AF-P51580-F1-model_v4.pdb	147
P51580	147	D	K	0.202990937798091	AF-P51580-F1-model_v4.pdb	147
P51580	147	D	I	-0.0602766958345381	AF-P51580-F1-model_v4.pdb	147
P51580	147	D	E	0.686026248636483	AF-P51580-F1-model_v4.pdb	147
P51580	147	D	A	0.426902689747983	AF-P51580-F1-model_v4.pdb	147
P51580	147	D	L	0.0734199540915122	AF-P51580-F1-model_v4.pdb	147
P51580	147	D	S	0.392786763959846	AF-P51580-F1-model_v4.pdb	147
P51580	147	D	T	0.390718958563136	AF-P51580-F1-model_v4.pdb	147
P51580	147	D	W	0.0829891993205783	AF-P51580-F1-model_v4.pdb	147
P51580	147	D	*	-0.289974878275101	AF-P51580-F1-model_v4.pdb	147
P51580	147	D	V	0.175339745004871	AF-P51580-F1-model_v4.pdb	147
P51580	148	M	Y	1.09460167954016	AF-P51580-F1-model_v4.pdb	148
P51580	148	M	*	-0.0695765050522173	AF-P51580-F1-model_v4.pdb	148
P51580	148	M	W	0.902087105979393	AF-P51580-F1-model_v4.pdb	148
P51580	148	M	V	1.30643581185169	AF-P51580-F1-model_v4.pdb	148
P51580	148	M	T	0.737627504249009	AF-P51580-F1-model_v4.pdb	148
P51580	148	M	R	0.4609643802014301	AF-P51580-F1-model_v4.pdb	148
P51580	148	M	Q	0.419060757184347	AF-P51580-F1-model_v4.pdb	148
P51580	148	M	S	0.566104342033334	AF-P51580-F1-model_v4.pdb	148
P51580	148	M	L	1.13052099200293	AF-P51580-F1-model_v4.pdb	148
P51580	148	M	K	-0.0375395845002987	AF-P51580-F1-model_v4.pdb	148
P51580	148	M	I	0.7842874411663991	AF-P51580-F1-model_v4.pdb	148
P51580	148	M	H	0.7438433532639849	AF-P51580-F1-model_v4.pdb	148
P51580	148	M	G	0.489206302646891	AF-P51580-F1-model_v4.pdb	148
P51580	148	M	F	0.990268649264344	AF-P51580-F1-model_v4.pdb	148
P51580	148	M	E	0.0391751125447103	AF-P51580-F1-model_v4.pdb	148
P51580	148	M	A	0.95489507416406	AF-P51580-F1-model_v4.pdb	148
P51580	148	M	N	0.2186437275418569	AF-P51580-F1-model_v4.pdb	148
P51580	149	I	R	-0.017654994935389	AF-P51580-F1-model_v4.pdb	149
P51580	149	I	*	-0.0957144988457638	AF-P51580-F1-model_v4.pdb	149
P51580	149	I	W	-0.0004147244526427	AF-P51580-F1-model_v4.pdb	149
P51580	149	I	V	0.8303278700830509	AF-P51580-F1-model_v4.pdb	149
P51580	149	I	T	0.6606223203103311	AF-P51580-F1-model_v4.pdb	149
P51580	149	I	S	0.478734269477305	AF-P51580-F1-model_v4.pdb	149
P51580	149	I	Q	0.203147853210054	AF-P51580-F1-model_v4.pdb	149
P51580	149	I	C	0.967718994815914	AF-P51580-F1-model_v4.pdb	149
P51580	149	I	M	0.9219859200935908	AF-P51580-F1-model_v4.pdb	149
P51580	149	I	L	0.9361059708487092	AF-P51580-F1-model_v4.pdb	149
P51580	149	I	K	-0.128046807219842	AF-P51580-F1-model_v4.pdb	149
P51580	149	I	G	-0.0069288924384146	AF-P51580-F1-model_v4.pdb	149
P51580	149	I	E	-0.1068993886316169	AF-P51580-F1-model_v4.pdb	149
P51580	149	I	A	0.669665887593684	AF-P51580-F1-model_v4.pdb	149
P51580	149	I	P	-0.186452462573478	AF-P51580-F1-model_v4.pdb	149
P51580	150	W	Q	0.2110043389523049	AF-P51580-F1-model_v4.pdb	150
P51580	150	W	Y	0.997016926746312	AF-P51580-F1-model_v4.pdb	150
P51580	150	W	*	0.198836100004041	AF-P51580-F1-model_v4.pdb	150
P51580	150	W	T	-0.181713203403301	AF-P51580-F1-model_v4.pdb	150
P51580	150	W	S	0.12053707325713	AF-P51580-F1-model_v4.pdb	150
P51580	150	W	R	-0.117649856301063	AF-P51580-F1-model_v4.pdb	150
P51580	150	W	P	0.187269187719531	AF-P51580-F1-model_v4.pdb	150
P51580	150	W	V	0.727470330612386	AF-P51580-F1-model_v4.pdb	150
P51580	150	W	M	0.852905457530677	AF-P51580-F1-model_v4.pdb	150
P51580	150	W	A	0.5397633898494301	AF-P51580-F1-model_v4.pdb	150
P51580	150	W	C	1.24950668846881	AF-P51580-F1-model_v4.pdb	150
P51580	150	W	D	0.0331799741872222	AF-P51580-F1-model_v4.pdb	150
P51580	150	W	N	-0.259421958827593	AF-P51580-F1-model_v4.pdb	150
P51580	150	W	G	-0.0475529699986668	AF-P51580-F1-model_v4.pdb	150
P51580	150	W	K	-0.108970394370818	AF-P51580-F1-model_v4.pdb	150
P51580	150	W	L	0.7413354718874571	AF-P51580-F1-model_v4.pdb	150
P51580	150	W	F	1.05556115481517	AF-P51580-F1-model_v4.pdb	150
P51580	151	D	R	0.0198079758787625	AF-P51580-F1-model_v4.pdb	151
P51580	151	D	Y	0.0339910272448048	AF-P51580-F1-model_v4.pdb	151
P51580	151	D	*	-0.0320002852507879	AF-P51580-F1-model_v4.pdb	151
P51580	151	D	W	-0.0567354289425502	AF-P51580-F1-model_v4.pdb	151
P51580	151	D	V	0.027815591396715	AF-P51580-F1-model_v4.pdb	151
P51580	151	D	T	-0.175417643884223	AF-P51580-F1-model_v4.pdb	151
P51580	151	D	S	0.157949378242776	AF-P51580-F1-model_v4.pdb	151
P51580	151	D	Q	-0.3574341278989571	AF-P51580-F1-model_v4.pdb	151
P51580	151	D	P	0.150507231123775	AF-P51580-F1-model_v4.pdb	151
P51580	151	D	M	-0.0040098535238017	AF-P51580-F1-model_v4.pdb	151
P51580	151	D	L	-0.0213944754808904	AF-P51580-F1-model_v4.pdb	151
P51580	151	D	K	-0.199864246444973	AF-P51580-F1-model_v4.pdb	151
P51580	151	D	I	-0.273233151630269	AF-P51580-F1-model_v4.pdb	151
P51580	151	D	G	-0.0610794807944721	AF-P51580-F1-model_v4.pdb	151
P51580	151	D	F	0.324594387818563	AF-P51580-F1-model_v4.pdb	151
P51580	151	D	E	0.402277255341637	AF-P51580-F1-model_v4.pdb	151
P51580	151	D	C	0.0039760686158365	AF-P51580-F1-model_v4.pdb	151
P51580	151	D	A	0.0994047028093351	AF-P51580-F1-model_v4.pdb	151
P51580	152	R	*	-0.0625790128231836	AF-P51580-F1-model_v4.pdb	152
P51580	152	R	W	0.5858600426882421	AF-P51580-F1-model_v4.pdb	152
P51580	152	R	V	1.05088120725538	AF-P51580-F1-model_v4.pdb	152
P51580	152	R	T	0.982916133926681	AF-P51580-F1-model_v4.pdb	152
P51580	152	R	S	0.8987434824954109	AF-P51580-F1-model_v4.pdb	152
P51580	152	R	P	0.627045153347171	AF-P51580-F1-model_v4.pdb	152
P51580	152	R	Q	0.7404991550026699	AF-P51580-F1-model_v4.pdb	152
P51580	152	R	L	0.5682479633762719	AF-P51580-F1-model_v4.pdb	152
P51580	152	R	K	1.0363237732903	AF-P51580-F1-model_v4.pdb	152
P51580	152	R	I	1.01433184598336	AF-P51580-F1-model_v4.pdb	152
P51580	152	R	G	0.8004601410347371	AF-P51580-F1-model_v4.pdb	152
P51580	152	R	E	0.503567849084517	AF-P51580-F1-model_v4.pdb	152
P51580	152	R	A	0.964577411503076	AF-P51580-F1-model_v4.pdb	152
P51580	152	R	C	1.1449493323126798	AF-P51580-F1-model_v4.pdb	152
P51580	152	R	M	0.7764002805673901	AF-P51580-F1-model_v4.pdb	152
P51580	153	G	Q	0.573377988733797	AF-P51580-F1-model_v4.pdb	153
P51580	153	G	Y	0.367724577230505	AF-P51580-F1-model_v4.pdb	153
P51580	153	G	*	-0.130997952248222	AF-P51580-F1-model_v4.pdb	153
P51580	153	G	W	0.7855063605278109	AF-P51580-F1-model_v4.pdb	153
P51580	153	G	V	0.65924594138936	AF-P51580-F1-model_v4.pdb	153
P51580	153	G	T	0.7811267447350458	AF-P51580-F1-model_v4.pdb	153
P51580	153	G	S	0.7489312672466241	AF-P51580-F1-model_v4.pdb	153
P51580	153	G	R	1.00187845908832	AF-P51580-F1-model_v4.pdb	153
P51580	153	G	M	1.02486577702138	AF-P51580-F1-model_v4.pdb	153
P51580	153	G	N	1.04206787024491	AF-P51580-F1-model_v4.pdb	153
P51580	153	G	L	1.06590555478102	AF-P51580-F1-model_v4.pdb	153
P51580	153	G	K	0.696565206972954	AF-P51580-F1-model_v4.pdb	153
P51580	153	G	I	0.311844862356123	AF-P51580-F1-model_v4.pdb	153
P51580	153	G	F	0.826368917515622	AF-P51580-F1-model_v4.pdb	153
P51580	153	G	E	0.736988553564523	AF-P51580-F1-model_v4.pdb	153
P51580	153	G	D	1.24502255269326	AF-P51580-F1-model_v4.pdb	153
P51580	153	G	C	0.6541564720300811	AF-P51580-F1-model_v4.pdb	153
P51580	153	G	A	0.712379978430937	AF-P51580-F1-model_v4.pdb	153
P51580	153	G	P	-0.03500481055037	AF-P51580-F1-model_v4.pdb	153
P51580	154	A	S	1.00954648076467	AF-P51580-F1-model_v4.pdb	154
P51580	154	A	R	0.273944352209001	AF-P51580-F1-model_v4.pdb	154
P51580	154	A	T	0.286188995716656	AF-P51580-F1-model_v4.pdb	154
P51580	154	A	Q	0.275004420540913	AF-P51580-F1-model_v4.pdb	154
P51580	154	A	W	0.0381145407737089	AF-P51580-F1-model_v4.pdb	154
P51580	154	A	*	0.6947933707892211	AF-P51580-F1-model_v4.pdb	154
P51580	154	A	Y	0.430775957438186	AF-P51580-F1-model_v4.pdb	154
P51580	154	A	V	0.220376630232342	AF-P51580-F1-model_v4.pdb	154
P51580	154	A	P	0.250959881748584	AF-P51580-F1-model_v4.pdb	154
P51580	154	A	F	0.2860263418500529	AF-P51580-F1-model_v4.pdb	154
P51580	154	A	M	0.6716817342773871	AF-P51580-F1-model_v4.pdb	154
P51580	154	A	N	0.12008502496071	AF-P51580-F1-model_v4.pdb	154
P51580	154	A	E	-0.3099768726944429	AF-P51580-F1-model_v4.pdb	154
P51580	154	A	C	0.594084581922246	AF-P51580-F1-model_v4.pdb	154
P51580	154	A	G	0.7800336417738549	AF-P51580-F1-model_v4.pdb	154
P51580	154	A	D	-0.357349464700406	AF-P51580-F1-model_v4.pdb	154
P51580	154	A	I	-0.130379409440948	AF-P51580-F1-model_v4.pdb	154
P51580	154	A	K	0.224764958704212	AF-P51580-F1-model_v4.pdb	154
P51580	154	A	L	0.69463186712796	AF-P51580-F1-model_v4.pdb	154
P51580	154	A	H	0.252409114300531	AF-P51580-F1-model_v4.pdb	154
P51580	155	L	R	0.126608125666522	AF-P51580-F1-model_v4.pdb	155
P51580	155	L	Y	0.451646764437432	AF-P51580-F1-model_v4.pdb	155
P51580	155	L	*	0.528799654033372	AF-P51580-F1-model_v4.pdb	155
P51580	155	L	W	0.5798982086444029	AF-P51580-F1-model_v4.pdb	155
P51580	155	L	V	0.6830468089743829	AF-P51580-F1-model_v4.pdb	155
P51580	155	L	T	1.04763989784245	AF-P51580-F1-model_v4.pdb	155
P51580	155	L	S	-0.0135987684431971	AF-P51580-F1-model_v4.pdb	155
P51580	155	L	Q	-0.392497971614317	AF-P51580-F1-model_v4.pdb	155
P51580	155	L	N	0.0403909571969584	AF-P51580-F1-model_v4.pdb	155
P51580	155	L	M	1.0361056470533498	AF-P51580-F1-model_v4.pdb	155
P51580	155	L	A	0.180615900345008	AF-P51580-F1-model_v4.pdb	155
P51580	155	L	D	0.272871325331685	AF-P51580-F1-model_v4.pdb	155
P51580	155	L	E	0.895007633721115	AF-P51580-F1-model_v4.pdb	155
P51580	155	L	F	0.8150323911125781	AF-P51580-F1-model_v4.pdb	155
P51580	155	L	C	1.12800147815403	AF-P51580-F1-model_v4.pdb	155
P51580	155	L	H	-0.249530116402954	AF-P51580-F1-model_v4.pdb	155
P51580	155	L	I	0.868085367445244	AF-P51580-F1-model_v4.pdb	155
P51580	155	L	K	-0.147364944112418	AF-P51580-F1-model_v4.pdb	155
P51580	155	L	G	-0.0157684762078083	AF-P51580-F1-model_v4.pdb	155
P51580	156	V	Q	0.7839843765000231	AF-P51580-F1-model_v4.pdb	156
P51580	156	V	Y	0.697944354784945	AF-P51580-F1-model_v4.pdb	156
P51580	156	V	*	-0.0680286364810655	AF-P51580-F1-model_v4.pdb	156
P51580	156	V	W	0.86594448780413	AF-P51580-F1-model_v4.pdb	156
P51580	156	V	T	1.35128504123645	AF-P51580-F1-model_v4.pdb	156
P51580	156	V	S	0.7935523046115001	AF-P51580-F1-model_v4.pdb	156
P51580	156	V	R	0.5612314469158629	AF-P51580-F1-model_v4.pdb	156
P51580	156	V	P	0.716480984135179	AF-P51580-F1-model_v4.pdb	156
P51580	156	V	A	0.797237010207943	AF-P51580-F1-model_v4.pdb	156
P51580	156	V	L	0.684928834220916	AF-P51580-F1-model_v4.pdb	156
P51580	156	V	K	0.31140421868232	AF-P51580-F1-model_v4.pdb	156
P51580	156	V	I	0.232582279187902	AF-P51580-F1-model_v4.pdb	156
P51580	156	V	H	0.648064445106832	AF-P51580-F1-model_v4.pdb	156
P51580	156	V	G	0.7717812655345251	AF-P51580-F1-model_v4.pdb	156
P51580	156	V	E	0.7065035784661541	AF-P51580-F1-model_v4.pdb	156
P51580	156	V	D	1.11299237174059	AF-P51580-F1-model_v4.pdb	156
P51580	156	V	C	0.928600224191908	AF-P51580-F1-model_v4.pdb	156
P51580	156	V	M	0.68665915256809	AF-P51580-F1-model_v4.pdb	156
P51580	157	A	R	0.8229840413892059	AF-P51580-F1-model_v4.pdb	157
P51580	157	A	S	1.65454722269799	AF-P51580-F1-model_v4.pdb	157
P51580	157	A	T	0.548641084894678	AF-P51580-F1-model_v4.pdb	157
P51580	157	A	Y	0.696824858515276	AF-P51580-F1-model_v4.pdb	157
P51580	157	A	W	0.739562249321082	AF-P51580-F1-model_v4.pdb	157
P51580	157	A	*	-0.367297917703942	AF-P51580-F1-model_v4.pdb	157
P51580	157	A	V	0.730892373552858	AF-P51580-F1-model_v4.pdb	157
P51580	157	A	Q	0.8801990686772059	AF-P51580-F1-model_v4.pdb	157
P51580	157	A	L	0.636532103855803	AF-P51580-F1-model_v4.pdb	157
P51580	157	A	N	0.888225422370812	AF-P51580-F1-model_v4.pdb	157
P51580	157	A	M	0.903624970470953	AF-P51580-F1-model_v4.pdb	157
P51580	157	A	K	0.6129485300443671	AF-P51580-F1-model_v4.pdb	157
P51580	157	A	I	0.540765456847495	AF-P51580-F1-model_v4.pdb	157
P51580	157	A	H	1.15389474458558	AF-P51580-F1-model_v4.pdb	157
P51580	157	A	G	0.8399333398504009	AF-P51580-F1-model_v4.pdb	157
P51580	157	A	E	0.85350717688909	AF-P51580-F1-model_v4.pdb	157
P51580	157	A	D	1.2762587995190802	AF-P51580-F1-model_v4.pdb	157
P51580	157	A	P	-0.0683571971311662	AF-P51580-F1-model_v4.pdb	157
P51580	157	A	C	0.8234836986796641	AF-P51580-F1-model_v4.pdb	157
P51580	158	I	Y	0.590202648257135	AF-P51580-F1-model_v4.pdb	158
P51580	158	I	*	-0.0415011092353965	AF-P51580-F1-model_v4.pdb	158
P51580	158	I	W	0.5158240692289989	AF-P51580-F1-model_v4.pdb	158
P51580	158	I	V	1.23773187399599	AF-P51580-F1-model_v4.pdb	158
P51580	158	I	T	1.0314974521081	AF-P51580-F1-model_v4.pdb	158
P51580	158	I	R	0.251980545519592	AF-P51580-F1-model_v4.pdb	158
P51580	158	I	S	0.327438548033135	AF-P51580-F1-model_v4.pdb	158
P51580	158	I	P	-0.0405600262386365	AF-P51580-F1-model_v4.pdb	158
P51580	158	I	Q	0.7144491573297751	AF-P51580-F1-model_v4.pdb	158
P51580	158	I	C	0.847682269561331	AF-P51580-F1-model_v4.pdb	158
P51580	158	I	E	0.187338555796262	AF-P51580-F1-model_v4.pdb	158
P51580	158	I	A	0.575712323101903	AF-P51580-F1-model_v4.pdb	158
P51580	158	I	K	-0.0003116237233748	AF-P51580-F1-model_v4.pdb	158
P51580	158	I	L	0.90994152740905	AF-P51580-F1-model_v4.pdb	158
P51580	158	I	M	0.6944347944391001	AF-P51580-F1-model_v4.pdb	158
P51580	158	I	G	0.0456679769106415	AF-P51580-F1-model_v4.pdb	158
P51580	159	N	R	0.7697596147521121	AF-P51580-F1-model_v4.pdb	159
P51580	159	N	Y	0.7559478464906341	AF-P51580-F1-model_v4.pdb	159
P51580	159	N	*	-0.0063623826707322	AF-P51580-F1-model_v4.pdb	159
P51580	159	N	W	0.596881385962094	AF-P51580-F1-model_v4.pdb	159
P51580	159	N	V	0.6089265715835289	AF-P51580-F1-model_v4.pdb	159
P51580	159	N	T	0.600375638186427	AF-P51580-F1-model_v4.pdb	159
P51580	159	N	S	0.868596031033275	AF-P51580-F1-model_v4.pdb	159
P51580	159	N	Q	0.420128119071406	AF-P51580-F1-model_v4.pdb	159
P51580	159	N	P	0.443516442605076	AF-P51580-F1-model_v4.pdb	159
P51580	159	N	M	0.477724063734568	AF-P51580-F1-model_v4.pdb	159
P51580	159	N	L	0.499544249452778	AF-P51580-F1-model_v4.pdb	159
P51580	159	N	K	0.7037041445304291	AF-P51580-F1-model_v4.pdb	159
P51580	159	N	I	0.319759971443294	AF-P51580-F1-model_v4.pdb	159
P51580	159	N	G	0.7090878812036421	AF-P51580-F1-model_v4.pdb	159
P51580	159	N	E	0.7386034370719209	AF-P51580-F1-model_v4.pdb	159
P51580	159	N	D	0.778554648711631	AF-P51580-F1-model_v4.pdb	159
P51580	159	N	C	0.990378684045978	AF-P51580-F1-model_v4.pdb	159
P51580	159	N	A	0.5903824448307171	AF-P51580-F1-model_v4.pdb	159
P51580	160	P	*	-0.205219434796362	AF-P51580-F1-model_v4.pdb	160
P51580	160	P	W	0.758785227049767	AF-P51580-F1-model_v4.pdb	160
P51580	160	P	V	0.507366236629442	AF-P51580-F1-model_v4.pdb	160
P51580	160	P	T	0.540545657463941	AF-P51580-F1-model_v4.pdb	160
P51580	160	P	S	0.6822016574973411	AF-P51580-F1-model_v4.pdb	160
P51580	160	P	R	0.6325444363218521	AF-P51580-F1-model_v4.pdb	160
P51580	160	P	Q	0.554796553044371	AF-P51580-F1-model_v4.pdb	160
P51580	160	P	N	0.266015324214751	AF-P51580-F1-model_v4.pdb	160
P51580	160	P	M	0.512967374862358	AF-P51580-F1-model_v4.pdb	160
P51580	160	P	L	0.5102930284562489	AF-P51580-F1-model_v4.pdb	160
P51580	160	P	K	0.787573199107661	AF-P51580-F1-model_v4.pdb	160
P51580	160	P	H	0.8859225167361591	AF-P51580-F1-model_v4.pdb	160
P51580	160	P	G	0.572747723377877	AF-P51580-F1-model_v4.pdb	160
P51580	160	P	E	0.677351262868165	AF-P51580-F1-model_v4.pdb	160
P51580	160	P	A	0.86091235683791	AF-P51580-F1-model_v4.pdb	160
P51580	160	P	C	0.68428496922756	AF-P51580-F1-model_v4.pdb	160
P51580	161	G	Y	0.9321662615171128	AF-P51580-F1-model_v4.pdb	161
P51580	161	G	W	0.8428305963953551	AF-P51580-F1-model_v4.pdb	161
P51580	161	G	V	1.15990526502424	AF-P51580-F1-model_v4.pdb	161
P51580	161	G	T	1.0755568418998	AF-P51580-F1-model_v4.pdb	161
P51580	161	G	S	0.6872575601616611	AF-P51580-F1-model_v4.pdb	161
P51580	161	G	R	1.02017669190262	AF-P51580-F1-model_v4.pdb	161
P51580	161	G	Q	1.16557242920068	AF-P51580-F1-model_v4.pdb	161
P51580	161	G	P	1.11775948008245	AF-P51580-F1-model_v4.pdb	161
P51580	161	G	M	1.2114202271903505	AF-P51580-F1-model_v4.pdb	161
P51580	161	G	L	0.892780361026494	AF-P51580-F1-model_v4.pdb	161
P51580	161	G	I	0.782772079040756	AF-P51580-F1-model_v4.pdb	161
P51580	161	G	H	1.10856852348805	AF-P51580-F1-model_v4.pdb	161
P51580	161	G	F	0.864651032612675	AF-P51580-F1-model_v4.pdb	161
P51580	161	G	E	0.7885681845113242	AF-P51580-F1-model_v4.pdb	161
P51580	161	G	D	1.00415358032226	AF-P51580-F1-model_v4.pdb	161
P51580	161	G	N	1.1695644040479598	AF-P51580-F1-model_v4.pdb	161
P51580	161	G	C	0.596787516232948	AF-P51580-F1-model_v4.pdb	161
P51580	161	G	A	1.03088715642595	AF-P51580-F1-model_v4.pdb	161
P51580	162	D	R	0.8359204093413851	AF-P51580-F1-model_v4.pdb	162
P51580	162	D	S	1.0706822902798	AF-P51580-F1-model_v4.pdb	162
P51580	162	D	Y	0.7886386408373879	AF-P51580-F1-model_v4.pdb	162
P51580	162	D	V	0.905013938062021	AF-P51580-F1-model_v4.pdb	162
P51580	162	D	*	-0.189041225582942	AF-P51580-F1-model_v4.pdb	162
P51580	162	D	T	0.844908567067848	AF-P51580-F1-model_v4.pdb	162
P51580	162	D	Q	0.9208866817043108	AF-P51580-F1-model_v4.pdb	162
P51580	162	D	W	0.9323642298340792	AF-P51580-F1-model_v4.pdb	162
P51580	162	D	M	0.9717010475147752	AF-P51580-F1-model_v4.pdb	162
P51580	162	D	P	-0.0870200943750133	AF-P51580-F1-model_v4.pdb	162
P51580	162	D	A	0.874701624706537	AF-P51580-F1-model_v4.pdb	162
P51580	162	D	C	0.8835554520589691	AF-P51580-F1-model_v4.pdb	162
P51580	162	D	K	0.689162315218153	AF-P51580-F1-model_v4.pdb	162
P51580	162	D	G	0.72276610204091	AF-P51580-F1-model_v4.pdb	162
P51580	162	D	I	0.3373265057955329	AF-P51580-F1-model_v4.pdb	162
P51580	162	D	L	0.940754592390426	AF-P51580-F1-model_v4.pdb	162
P51580	162	D	E	1.06937759551568	AF-P51580-F1-model_v4.pdb	162
P51580	163	R	*	0.0111224037614013	AF-P51580-F1-model_v4.pdb	163
P51580	163	R	W	1.010377214439	AF-P51580-F1-model_v4.pdb	163
P51580	163	R	V	0.542785926584393	AF-P51580-F1-model_v4.pdb	163
P51580	163	R	T	0.8725065878090759	AF-P51580-F1-model_v4.pdb	163
P51580	163	R	S	0.096819709914015	AF-P51580-F1-model_v4.pdb	163
P51580	163	R	P	-0.0140497040767066	AF-P51580-F1-model_v4.pdb	163
P51580	163	R	N	-0.256585479027243	AF-P51580-F1-model_v4.pdb	163
P51580	163	R	Q	0.775752616918695	AF-P51580-F1-model_v4.pdb	163
P51580	163	R	L	0.752914979022476	AF-P51580-F1-model_v4.pdb	163
P51580	163	R	K	0.667007199954292	AF-P51580-F1-model_v4.pdb	163
P51580	163	R	H	0.763139598800744	AF-P51580-F1-model_v4.pdb	163
P51580	163	R	G	0.0415992315454331	AF-P51580-F1-model_v4.pdb	163
P51580	163	R	F	0.0883484128413609	AF-P51580-F1-model_v4.pdb	163
P51580	163	R	E	0.196616109049431	AF-P51580-F1-model_v4.pdb	163
P51580	163	R	D	0.049958885652645	AF-P51580-F1-model_v4.pdb	163
P51580	163	R	M	0.852594838141772	AF-P51580-F1-model_v4.pdb	163
P51580	163	R	C	0.410939184072733	AF-P51580-F1-model_v4.pdb	163
P51580	163	R	A	0.6230754518450501	AF-P51580-F1-model_v4.pdb	163
P51580	164	K	R	0.859262624712654	AF-P51580-F1-model_v4.pdb	164
P51580	164	K	S	0.8385866408482641	AF-P51580-F1-model_v4.pdb	164
P51580	164	K	Y	0.980567039304889	AF-P51580-F1-model_v4.pdb	164
P51580	164	K	W	1.07025299302941	AF-P51580-F1-model_v4.pdb	164
P51580	164	K	Q	1.45142771730625	AF-P51580-F1-model_v4.pdb	164
P51580	164	K	V	0.748550089542485	AF-P51580-F1-model_v4.pdb	164
P51580	164	K	P	1.1644869891147902	AF-P51580-F1-model_v4.pdb	164
P51580	164	K	*	-0.133626011837906	AF-P51580-F1-model_v4.pdb	164
P51580	164	K	M	1.07212244671966	AF-P51580-F1-model_v4.pdb	164
P51580	164	K	N	1.29261941220852	AF-P51580-F1-model_v4.pdb	164
P51580	164	K	A	1.1338004594323898	AF-P51580-F1-model_v4.pdb	164
P51580	164	K	C	1.08799260773463	AF-P51580-F1-model_v4.pdb	164
P51580	164	K	D	0.9624564574485408	AF-P51580-F1-model_v4.pdb	164
P51580	164	K	T	1.2050304524421	AF-P51580-F1-model_v4.pdb	164
P51580	164	K	F	0.801981088797787	AF-P51580-F1-model_v4.pdb	164
P51580	164	K	G	1.01207450890018	AF-P51580-F1-model_v4.pdb	164
P51580	164	K	E	1.09971566438257	AF-P51580-F1-model_v4.pdb	164
P51580	164	K	L	1.07300019211637	AF-P51580-F1-model_v4.pdb	164
P51580	165	C	W	1.1465341954732	AF-P51580-F1-model_v4.pdb	165
P51580	165	C	V	1.32316121733989	AF-P51580-F1-model_v4.pdb	165
P51580	165	C	S	1.09206409765583	AF-P51580-F1-model_v4.pdb	165
P51580	165	C	R	1.15606377308539	AF-P51580-F1-model_v4.pdb	165
P51580	165	C	Q	1.38792784888786	AF-P51580-F1-model_v4.pdb	165
P51580	165	C	P	1.31730042947875	AF-P51580-F1-model_v4.pdb	165
P51580	165	C	*	0.0744827635310029	AF-P51580-F1-model_v4.pdb	165
P51580	165	C	M	0.728248271713618	AF-P51580-F1-model_v4.pdb	165
P51580	165	C	N	0.9965630182637728	AF-P51580-F1-model_v4.pdb	165
P51580	165	C	A	0.810959422408006	AF-P51580-F1-model_v4.pdb	165
P51580	165	C	D	1.01664020457764	AF-P51580-F1-model_v4.pdb	165
P51580	165	C	E	1.01035149949615	AF-P51580-F1-model_v4.pdb	165
P51580	165	C	T	1.28631851612919	AF-P51580-F1-model_v4.pdb	165
P51580	165	C	H	0.633212002340196	AF-P51580-F1-model_v4.pdb	165
P51580	165	C	K	0.588640318315563	AF-P51580-F1-model_v4.pdb	165
P51580	165	C	L	0.97737152870103	AF-P51580-F1-model_v4.pdb	165
P51580	165	C	G	0.642423570369184	AF-P51580-F1-model_v4.pdb	165
P51580	166	Y	*	-0.0983095600788908	AF-P51580-F1-model_v4.pdb	166
P51580	166	Y	W	0.0793733461514754	AF-P51580-F1-model_v4.pdb	166
P51580	166	Y	V	0.170218813017811	AF-P51580-F1-model_v4.pdb	166
P51580	166	Y	T	-0.0922434536315093	AF-P51580-F1-model_v4.pdb	166
P51580	166	Y	R	-0.0289254194746087	AF-P51580-F1-model_v4.pdb	166
P51580	166	Y	Q	0.175316813824988	AF-P51580-F1-model_v4.pdb	166
P51580	166	Y	P	-0.058901470474381	AF-P51580-F1-model_v4.pdb	166
P51580	166	Y	M	0.4076269748856271	AF-P51580-F1-model_v4.pdb	166
P51580	166	Y	L	0.174515553802308	AF-P51580-F1-model_v4.pdb	166
P51580	166	Y	K	-0.192732616632828	AF-P51580-F1-model_v4.pdb	166
P51580	166	Y	G	0.113867386772152	AF-P51580-F1-model_v4.pdb	166
P51580	166	Y	E	-0.2200310642084669	AF-P51580-F1-model_v4.pdb	166
P51580	166	Y	C	0.172790296204319	AF-P51580-F1-model_v4.pdb	166
P51580	166	Y	A	0.0144885972266422	AF-P51580-F1-model_v4.pdb	166
P51580	166	Y	N	-0.208858794246798	AF-P51580-F1-model_v4.pdb	166
P51580	166	Y	I	0.23855868507168	AF-P51580-F1-model_v4.pdb	166
P51580	167	A	S	0.894279539310465	AF-P51580-F1-model_v4.pdb	167
P51580	167	A	C	1.1215169616602	AF-P51580-F1-model_v4.pdb	167
P51580	167	A	W	0.682199375552363	AF-P51580-F1-model_v4.pdb	167
P51580	167	A	R	0.975559301590714	AF-P51580-F1-model_v4.pdb	167
P51580	167	A	Y	0.592439477646494	AF-P51580-F1-model_v4.pdb	167
P51580	167	A	Q	0.680948912125028	AF-P51580-F1-model_v4.pdb	167
P51580	167	A	P	-0.155972590850893	AF-P51580-F1-model_v4.pdb	167
P51580	167	A	M	0.77872414051018	AF-P51580-F1-model_v4.pdb	167
P51580	167	A	K	0.597454066349485	AF-P51580-F1-model_v4.pdb	167
P51580	167	A	T	0.7994807187812321	AF-P51580-F1-model_v4.pdb	167
P51580	167	A	H	0.247620607028665	AF-P51580-F1-model_v4.pdb	167
P51580	167	A	G	0.8521463984436999	AF-P51580-F1-model_v4.pdb	167
P51580	167	A	F	0.685573798227375	AF-P51580-F1-model_v4.pdb	167
P51580	167	A	V	1.00107115212326	AF-P51580-F1-model_v4.pdb	167
P51580	167	A	D	-0.0076669603840189	AF-P51580-F1-model_v4.pdb	167
P51580	167	A	E	-0.122866373151491	AF-P51580-F1-model_v4.pdb	167
P51580	168	D	Y	1.16488437277811	AF-P51580-F1-model_v4.pdb	168
P51580	168	D	*	0.0885737417976087	AF-P51580-F1-model_v4.pdb	168
P51580	168	D	W	0.694186717604932	AF-P51580-F1-model_v4.pdb	168
P51580	168	D	V	0.858470410917842	AF-P51580-F1-model_v4.pdb	168
P51580	168	D	T	1.01952004561932	AF-P51580-F1-model_v4.pdb	168
P51580	168	D	R	0.896473602865413	AF-P51580-F1-model_v4.pdb	168
P51580	168	D	Q	1.02103278927138	AF-P51580-F1-model_v4.pdb	168
P51580	168	D	P	0.769773051678954	AF-P51580-F1-model_v4.pdb	168
P51580	168	D	S	1.47008076914894	AF-P51580-F1-model_v4.pdb	168
P51580	168	D	M	0.99691991190915	AF-P51580-F1-model_v4.pdb	168
P51580	168	D	L	0.8837880083455609	AF-P51580-F1-model_v4.pdb	168
P51580	168	D	K	1.03918850680542	AF-P51580-F1-model_v4.pdb	168
P51580	168	D	G	1.0550926586599	AF-P51580-F1-model_v4.pdb	168
P51580	168	D	F	0.7926570529363309	AF-P51580-F1-model_v4.pdb	168
P51580	168	D	E	1.20997568451468	AF-P51580-F1-model_v4.pdb	168
P51580	168	D	A	0.967473719474683	AF-P51580-F1-model_v4.pdb	168
P51580	168	D	N	1.28989171206495	AF-P51580-F1-model_v4.pdb	168
P51580	169	T	P	-0.0561421407969432	AF-P51580-F1-model_v4.pdb	169
P51580	169	T	Q	0.9238513900930372	AF-P51580-F1-model_v4.pdb	169
P51580	169	T	R	0.8828712723756841	AF-P51580-F1-model_v4.pdb	169
P51580	169	T	*	0.141476465478086	AF-P51580-F1-model_v4.pdb	169
P51580	169	T	V	0.835121255268093	AF-P51580-F1-model_v4.pdb	169
P51580	169	T	W	0.795728619231066	AF-P51580-F1-model_v4.pdb	169
P51580	169	T	N	0.390010737854994	AF-P51580-F1-model_v4.pdb	169
P51580	169	T	S	1.09245313699762	AF-P51580-F1-model_v4.pdb	169
P51580	169	T	M	1.09633156330242	AF-P51580-F1-model_v4.pdb	169
P51580	169	T	Y	1.16426174971002	AF-P51580-F1-model_v4.pdb	169
P51580	169	T	K	0.7065270677004871	AF-P51580-F1-model_v4.pdb	169
P51580	169	T	I	0.789812152272542	AF-P51580-F1-model_v4.pdb	169
P51580	169	T	H	1.14284247911491	AF-P51580-F1-model_v4.pdb	169
P51580	169	T	G	0.952410632745654	AF-P51580-F1-model_v4.pdb	169
P51580	169	T	F	0.802859956247838	AF-P51580-F1-model_v4.pdb	169
P51580	169	T	E	0.5165276771286961	AF-P51580-F1-model_v4.pdb	169
P51580	169	T	D	0.450102092172094	AF-P51580-F1-model_v4.pdb	169
P51580	169	T	C	0.91084646964575	AF-P51580-F1-model_v4.pdb	169
P51580	169	T	L	1.07408966396713	AF-P51580-F1-model_v4.pdb	169
P51580	170	M	A	0.5593217012358149	AF-P51580-F1-model_v4.pdb	170
P51580	170	M	D	0.196738614501021	AF-P51580-F1-model_v4.pdb	170
P51580	170	M	H	0.0073170363845505	AF-P51580-F1-model_v4.pdb	170
P51580	170	M	E	-0.0075032591128847	AF-P51580-F1-model_v4.pdb	170
P51580	170	M	W	0.136398433280115	AF-P51580-F1-model_v4.pdb	170
P51580	170	M	V	1.04690442777799	AF-P51580-F1-model_v4.pdb	170
P51580	170	M	T	0.8372204995276791	AF-P51580-F1-model_v4.pdb	170
P51580	170	M	S	0.0450161364447496	AF-P51580-F1-model_v4.pdb	170
P51580	170	M	R	-0.0546555213411256	AF-P51580-F1-model_v4.pdb	170
P51580	170	M	*	-0.14361794701774	AF-P51580-F1-model_v4.pdb	170
P51580	170	M	Q	0.444527799029196	AF-P51580-F1-model_v4.pdb	170
P51580	170	M	L	1.06112873297086	AF-P51580-F1-model_v4.pdb	170
P51580	170	M	I	0.7840169037680541	AF-P51580-F1-model_v4.pdb	170
P51580	170	M	G	0.0828579533494332	AF-P51580-F1-model_v4.pdb	170
P51580	170	M	F	0.300281946460528	AF-P51580-F1-model_v4.pdb	170
P51580	170	M	P	0.206129264279518	AF-P51580-F1-model_v4.pdb	170
P51580	170	M	Y	-0.1142640738041	AF-P51580-F1-model_v4.pdb	170
P51580	171	F	Q	0.941853001151836	AF-P51580-F1-model_v4.pdb	171
P51580	171	F	P	0.388310344504788	AF-P51580-F1-model_v4.pdb	171
P51580	171	F	R	0.9771454744642858	AF-P51580-F1-model_v4.pdb	171
P51580	171	F	M	0.4054218390482021	AF-P51580-F1-model_v4.pdb	171
P51580	171	F	T	1.18433116568779	AF-P51580-F1-model_v4.pdb	171
P51580	171	F	L	0.983618877496536	AF-P51580-F1-model_v4.pdb	171
P51580	171	F	V	0.9251921651802428	AF-P51580-F1-model_v4.pdb	171
P51580	171	F	W	1.08384667297656	AF-P51580-F1-model_v4.pdb	171
P51580	171	F	*	0.319573072124588	AF-P51580-F1-model_v4.pdb	171
P51580	171	F	S	0.7193855608329179	AF-P51580-F1-model_v4.pdb	171
P51580	171	F	K	1.01603437130851	AF-P51580-F1-model_v4.pdb	171
P51580	171	F	E	0.474078758469883	AF-P51580-F1-model_v4.pdb	171
P51580	171	F	G	1.02868219466102	AF-P51580-F1-model_v4.pdb	171
P51580	171	F	D	0.833526194775992	AF-P51580-F1-model_v4.pdb	171
P51580	171	F	C	0.91354525219896	AF-P51580-F1-model_v4.pdb	171
P51580	171	F	A	1.04974410036389	AF-P51580-F1-model_v4.pdb	171
P51580	171	F	H	1.23647954217002	AF-P51580-F1-model_v4.pdb	171
P51580	173	L	E	0.0198976023001925	AF-P51580-F1-model_v4.pdb	173
P51580	173	L	*	-0.419262902701574	AF-P51580-F1-model_v4.pdb	173
P51580	173	L	W	0.8635470624457801	AF-P51580-F1-model_v4.pdb	173
P51580	173	L	D	0.375524245573695	AF-P51580-F1-model_v4.pdb	173
P51580	173	L	C	1.10335054286192	AF-P51580-F1-model_v4.pdb	173
P51580	173	L	A	0.4119087864266889	AF-P51580-F1-model_v4.pdb	173
P51580	173	L	N	0.0376609726736249	AF-P51580-F1-model_v4.pdb	173
P51580	173	L	Q	0.6066147052762011	AF-P51580-F1-model_v4.pdb	173
P51580	173	L	S	0.5901400824786629	AF-P51580-F1-model_v4.pdb	173
P51580	173	L	P	0.1336999426740009	AF-P51580-F1-model_v4.pdb	173
P51580	173	L	V	1.21281361198308	AF-P51580-F1-model_v4.pdb	173
P51580	173	L	T	0.987160957893047	AF-P51580-F1-model_v4.pdb	173
P51580	173	L	R	0.5207612695218079	AF-P51580-F1-model_v4.pdb	173
P51580	173	L	M	1.07769876937095	AF-P51580-F1-model_v4.pdb	173
P51580	173	L	G	0.111979930670443	AF-P51580-F1-model_v4.pdb	173
P51580	174	L	W	0.971307834283829	AF-P51580-F1-model_v4.pdb	174
P51580	174	L	S	0.721271520830583	AF-P51580-F1-model_v4.pdb	174
P51580	174	L	Y	0.731372528219325	AF-P51580-F1-model_v4.pdb	174
P51580	174	L	*	-0.102067133040437	AF-P51580-F1-model_v4.pdb	174
P51580	174	L	V	0.894125710045902	AF-P51580-F1-model_v4.pdb	174
P51580	174	L	T	0.689729029800243	AF-P51580-F1-model_v4.pdb	174
P51580	174	L	R	0.477630596486617	AF-P51580-F1-model_v4.pdb	174
P51580	174	L	Q	0.0166117475482935	AF-P51580-F1-model_v4.pdb	174
P51580	174	L	N	-0.163613425359473	AF-P51580-F1-model_v4.pdb	174
P51580	174	L	P	-0.190153582716794	AF-P51580-F1-model_v4.pdb	174
P51580	174	L	K	0.428520551241698	AF-P51580-F1-model_v4.pdb	174
P51580	174	L	H	0.0086277976532729	AF-P51580-F1-model_v4.pdb	174
P51580	174	L	G	0.63373159185131	AF-P51580-F1-model_v4.pdb	174
P51580	174	L	F	0.971414973859891	AF-P51580-F1-model_v4.pdb	174
P51580	174	L	C	0.478659313351811	AF-P51580-F1-model_v4.pdb	174
P51580	174	L	A	0.84296108113711	AF-P51580-F1-model_v4.pdb	174
P51580	174	L	M	0.8281869465605121	AF-P51580-F1-model_v4.pdb	174
P51580	175	G	T	1.25393735243494	AF-P51580-F1-model_v4.pdb	175
P51580	175	G	Q	1.07482575978249	AF-P51580-F1-model_v4.pdb	175
P51580	175	G	S	0.7444785437911721	AF-P51580-F1-model_v4.pdb	175
P51580	175	G	V	0.9902129554102058	AF-P51580-F1-model_v4.pdb	175
P51580	175	G	R	0.7873472687646009	AF-P51580-F1-model_v4.pdb	175
P51580	175	G	*	0.579377277100186	AF-P51580-F1-model_v4.pdb	175
P51580	175	G	Y	1.2949104162266298	AF-P51580-F1-model_v4.pdb	175
P51580	175	G	P	0.9603459443662712	AF-P51580-F1-model_v4.pdb	175
P51580	175	G	W	0.8945979139143159	AF-P51580-F1-model_v4.pdb	175
P51580	175	G	N	0.9389557512745	AF-P51580-F1-model_v4.pdb	175
P51580	175	G	H	1.07298735163971	AF-P51580-F1-model_v4.pdb	175
P51580	175	G	L	0.8106796373450771	AF-P51580-F1-model_v4.pdb	175
P51580	175	G	A	1.05772179968276	AF-P51580-F1-model_v4.pdb	175
P51580	175	G	M	0.833742296357284	AF-P51580-F1-model_v4.pdb	175
P51580	175	G	D	1.20945447004384	AF-P51580-F1-model_v4.pdb	175
P51580	175	G	E	0.646021054810505	AF-P51580-F1-model_v4.pdb	175
P51580	175	G	C	0.557972371454313	AF-P51580-F1-model_v4.pdb	175
P51580	175	G	I	0.625070298692501	AF-P51580-F1-model_v4.pdb	175
P51580	175	G	K	1.12396005240419	AF-P51580-F1-model_v4.pdb	175
P51580	175	G	F	0.887659681283001	AF-P51580-F1-model_v4.pdb	175
P51580	176	K	M	0.847715796868873	AF-P51580-F1-model_v4.pdb	176
P51580	176	K	*	0.2535606849225139	AF-P51580-F1-model_v4.pdb	176
P51580	176	K	W	0.786567971505517	AF-P51580-F1-model_v4.pdb	176
P51580	176	K	V	1.15434143646391	AF-P51580-F1-model_v4.pdb	176
P51580	176	K	S	0.8704674941772992	AF-P51580-F1-model_v4.pdb	176
P51580	176	K	R	0.932341926976066	AF-P51580-F1-model_v4.pdb	176
P51580	176	K	Q	1.0779677235892	AF-P51580-F1-model_v4.pdb	176
P51580	176	K	P	0.88401582893408	AF-P51580-F1-model_v4.pdb	176
P51580	176	K	L	1.17137755290718	AF-P51580-F1-model_v4.pdb	176
P51580	176	K	C	0.924961172363266	AF-P51580-F1-model_v4.pdb	176
P51580	176	K	H	0.8065149150894398	AF-P51580-F1-model_v4.pdb	176
P51580	176	K	G	1.07993089129132	AF-P51580-F1-model_v4.pdb	176
P51580	176	K	F	0.8392733519149649	AF-P51580-F1-model_v4.pdb	176
P51580	176	K	E	0.579261195857986	AF-P51580-F1-model_v4.pdb	176
P51580	176	K	D	1.2510393882567	AF-P51580-F1-model_v4.pdb	176
P51580	176	K	A	1.0044055472648798	AF-P51580-F1-model_v4.pdb	176
P51580	176	K	I	0.901527704724797	AF-P51580-F1-model_v4.pdb	176
P51580	177	K	Y	0.90217318301036	AF-P51580-F1-model_v4.pdb	177
P51580	177	K	Q	1.36262902936055	AF-P51580-F1-model_v4.pdb	177
P51580	177	K	*	0.0334501242699599	AF-P51580-F1-model_v4.pdb	177
P51580	177	K	W	0.517770177121311	AF-P51580-F1-model_v4.pdb	177
P51580	177	K	V	0.621677801407714	AF-P51580-F1-model_v4.pdb	177
P51580	177	K	T	1.00990545124878	AF-P51580-F1-model_v4.pdb	177
P51580	177	K	S	0.529120904920899	AF-P51580-F1-model_v4.pdb	177
P51580	177	K	R	0.972894882627112	AF-P51580-F1-model_v4.pdb	177
P51580	177	K	P	1.68811937561829	AF-P51580-F1-model_v4.pdb	177
P51580	177	K	G	1.09696847239538	AF-P51580-F1-model_v4.pdb	177
P51580	177	K	L	0.311145899121168	AF-P51580-F1-model_v4.pdb	177
P51580	177	K	I	0.7427847786908149	AF-P51580-F1-model_v4.pdb	177
P51580	177	K	H	0.8123782229126841	AF-P51580-F1-model_v4.pdb	177
P51580	177	K	F	0.935307674393667	AF-P51580-F1-model_v4.pdb	177
P51580	177	K	E	0.8446152123707059	AF-P51580-F1-model_v4.pdb	177
P51580	177	K	D	1.07775081843548	AF-P51580-F1-model_v4.pdb	177
P51580	177	K	A	0.97367799989619	AF-P51580-F1-model_v4.pdb	177
P51580	177	K	M	0.720585582758898	AF-P51580-F1-model_v4.pdb	177
P51580	178	F	*	0.272941453315099	AF-P51580-F1-model_v4.pdb	178
P51580	178	F	S	0.8686070768043491	AF-P51580-F1-model_v4.pdb	178
P51580	178	F	W	1.15197291776934	AF-P51580-F1-model_v4.pdb	178
P51580	178	F	V	0.313965389917776	AF-P51580-F1-model_v4.pdb	178
P51580	178	F	T	0.4631659846945061	AF-P51580-F1-model_v4.pdb	178
P51580	178	F	R	0.0933968347905721	AF-P51580-F1-model_v4.pdb	178
P51580	178	F	C	0.965666211087768	AF-P51580-F1-model_v4.pdb	178
P51580	178	F	L	0.5453285518996279	AF-P51580-F1-model_v4.pdb	178
P51580	178	F	G	0.9336152202014772	AF-P51580-F1-model_v4.pdb	178
P51580	178	F	E	0.188008549333812	AF-P51580-F1-model_v4.pdb	178
P51580	178	F	P	0.17248071172399	AF-P51580-F1-model_v4.pdb	178
P51580	178	F	A	0.9474693969820048	AF-P51580-F1-model_v4.pdb	178
P51580	179	Q	*	0.8328635256713441	AF-P51580-F1-model_v4.pdb	179
P51580	179	Q	W	0.790058433950405	AF-P51580-F1-model_v4.pdb	179
P51580	179	Q	V	1.11533839240482	AF-P51580-F1-model_v4.pdb	179
P51580	179	Q	S	0.953506509267816	AF-P51580-F1-model_v4.pdb	179
P51580	179	Q	R	1.12968455110122	AF-P51580-F1-model_v4.pdb	179
P51580	179	Q	P	-0.37511262937693	AF-P51580-F1-model_v4.pdb	179
P51580	179	Q	K	1.26201590280569	AF-P51580-F1-model_v4.pdb	179
P51580	179	Q	G	0.790311506631645	AF-P51580-F1-model_v4.pdb	179
P51580	179	Q	C	0.0096954692782733	AF-P51580-F1-model_v4.pdb	179
P51580	179	Q	A	1.03630197007457	AF-P51580-F1-model_v4.pdb	179
P51580	179	Q	M	0.974439296196309	AF-P51580-F1-model_v4.pdb	179
P51580	180	Y	P	0.182395760530197	AF-P51580-F1-model_v4.pdb	180
P51580	180	Y	W	0.905370829718292	AF-P51580-F1-model_v4.pdb	180
P51580	180	Y	V	0.769256410136262	AF-P51580-F1-model_v4.pdb	180
P51580	180	Y	S	0.0165741021389919	AF-P51580-F1-model_v4.pdb	180
P51580	180	Y	*	-0.235981864787296	AF-P51580-F1-model_v4.pdb	180
P51580	180	Y	R	-0.0533936538245192	AF-P51580-F1-model_v4.pdb	180
P51580	180	Y	Q	0.0805064702152401	AF-P51580-F1-model_v4.pdb	180
P51580	180	Y	N	0.20337586451773	AF-P51580-F1-model_v4.pdb	180
P51580	180	Y	D	0.0039840299056031	AF-P51580-F1-model_v4.pdb	180
P51580	180	Y	L	0.66500816655483	AF-P51580-F1-model_v4.pdb	180
P51580	180	Y	K	-0.109935712934732	AF-P51580-F1-model_v4.pdb	180
P51580	180	Y	G	-0.121373174054993	AF-P51580-F1-model_v4.pdb	180
P51580	180	Y	E	0.0454340888734857	AF-P51580-F1-model_v4.pdb	180
P51580	180	Y	C	0.248628571908431	AF-P51580-F1-model_v4.pdb	180
P51580	180	Y	A	0.206490497758038	AF-P51580-F1-model_v4.pdb	180
P51580	180	Y	M	0.891766347419837	AF-P51580-F1-model_v4.pdb	180
P51580	181	L	Q	0.4489052975318	AF-P51580-F1-model_v4.pdb	181
P51580	181	L	*	-0.0659917691498638	AF-P51580-F1-model_v4.pdb	181
P51580	181	L	W	0.6453069389104791	AF-P51580-F1-model_v4.pdb	181
P51580	181	L	V	0.783121171005071	AF-P51580-F1-model_v4.pdb	181
P51580	181	L	T	0.609838960462297	AF-P51580-F1-model_v4.pdb	181
P51580	181	L	S	0.486806764722886	AF-P51580-F1-model_v4.pdb	181
P51580	181	L	R	0.2505288397439369	AF-P51580-F1-model_v4.pdb	181
P51580	181	L	K	-0.0739214183359612	AF-P51580-F1-model_v4.pdb	181
P51580	181	L	A	1.0510516710821198	AF-P51580-F1-model_v4.pdb	181
P51580	181	L	G	0.81191632819961	AF-P51580-F1-model_v4.pdb	181
P51580	181	L	F	1.05672494605151	AF-P51580-F1-model_v4.pdb	181
P51580	181	L	E	0.155094575899834	AF-P51580-F1-model_v4.pdb	181
P51580	181	L	D	-0.20800697259714	AF-P51580-F1-model_v4.pdb	181
P51580	181	L	C	1.03572998258495	AF-P51580-F1-model_v4.pdb	181
P51580	181	L	I	1.05204822284073	AF-P51580-F1-model_v4.pdb	181
P51580	182	L	Y	0.148671850462531	AF-P51580-F1-model_v4.pdb	182
P51580	182	L	*	-0.130034629682178	AF-P51580-F1-model_v4.pdb	182
P51580	182	L	W	0.0644542450362446	AF-P51580-F1-model_v4.pdb	182
P51580	182	L	V	0.7993799444729571	AF-P51580-F1-model_v4.pdb	182
P51580	182	L	T	0.486952186252242	AF-P51580-F1-model_v4.pdb	182
P51580	182	L	S	0.0782782921704915	AF-P51580-F1-model_v4.pdb	182
P51580	182	L	R	-0.0221118626710324	AF-P51580-F1-model_v4.pdb	182
P51580	182	L	Q	-0.0836358576871867	AF-P51580-F1-model_v4.pdb	182
P51580	182	L	P	0.9767204803975807	AF-P51580-F1-model_v4.pdb	182
P51580	182	L	K	-0.298285292048683	AF-P51580-F1-model_v4.pdb	182
P51580	182	L	H	-0.0618849042908566	AF-P51580-F1-model_v4.pdb	182
P51580	182	L	G	-0.0710237964685143	AF-P51580-F1-model_v4.pdb	182
P51580	182	L	D	-0.18521851719992	AF-P51580-F1-model_v4.pdb	182
P51580	182	L	C	0.891249896107082	AF-P51580-F1-model_v4.pdb	182
P51580	182	L	A	0.484521786467837	AF-P51580-F1-model_v4.pdb	182
P51580	182	L	M	0.9228047437081328	AF-P51580-F1-model_v4.pdb	182
P51580	183	C	R	0.639064172307304	AF-P51580-F1-model_v4.pdb	183
P51580	183	C	*	0.5339234550430421	AF-P51580-F1-model_v4.pdb	183
P51580	183	C	W	0.696218976147861	AF-P51580-F1-model_v4.pdb	183
P51580	183	C	V	0.834985445234933	AF-P51580-F1-model_v4.pdb	183
P51580	183	C	T	1.01404165331106	AF-P51580-F1-model_v4.pdb	183
P51580	183	C	S	1.14533099345356	AF-P51580-F1-model_v4.pdb	183
P51580	183	C	Q	0.568540015901015	AF-P51580-F1-model_v4.pdb	183
P51580	183	C	H	0.82404681894812	AF-P51580-F1-model_v4.pdb	183
P51580	183	C	M	1.07144368249884	AF-P51580-F1-model_v4.pdb	183
P51580	183	C	L	1.01121312086531	AF-P51580-F1-model_v4.pdb	183
P51580	183	C	P	0.186500193975159	AF-P51580-F1-model_v4.pdb	183
P51580	183	C	G	0.6942835232944539	AF-P51580-F1-model_v4.pdb	183
P51580	183	C	E	0.8995748199175709	AF-P51580-F1-model_v4.pdb	183
P51580	183	C	A	0.804228027888522	AF-P51580-F1-model_v4.pdb	183
P51580	184	V	W	-0.0326963262608777	AF-P51580-F1-model_v4.pdb	184
P51580	184	V	T	1.3004749437789198	AF-P51580-F1-model_v4.pdb	184
P51580	184	V	S	1.19034739906343	AF-P51580-F1-model_v4.pdb	184
P51580	184	V	R	0.426038446302277	AF-P51580-F1-model_v4.pdb	184
P51580	184	V	Q	0.8824679323123841	AF-P51580-F1-model_v4.pdb	184
P51580	184	V	N	0.627700524098097	AF-P51580-F1-model_v4.pdb	184
P51580	184	V	*	0.11779162211282	AF-P51580-F1-model_v4.pdb	184
P51580	184	V	L	1.0747909955589998	AF-P51580-F1-model_v4.pdb	184
P51580	184	V	K	0.7894953558927819	AF-P51580-F1-model_v4.pdb	184
P51580	184	V	G	0.685775666505502	AF-P51580-F1-model_v4.pdb	184
P51580	184	V	E	0.201917484867144	AF-P51580-F1-model_v4.pdb	184
P51580	184	V	A	0.910315241287848	AF-P51580-F1-model_v4.pdb	184
P51580	184	V	M	0.634249794400274	AF-P51580-F1-model_v4.pdb	184
P51580	185	L	*	-0.304366301494585	AF-P51580-F1-model_v4.pdb	185
P51580	185	L	W	0.837115583520285	AF-P51580-F1-model_v4.pdb	185
P51580	185	L	V	1.03173919510643	AF-P51580-F1-model_v4.pdb	185
P51580	185	L	T	0.937487218505348	AF-P51580-F1-model_v4.pdb	185
P51580	185	L	S	1.0258205334561898	AF-P51580-F1-model_v4.pdb	185
P51580	185	L	R	0.6644422748630849	AF-P51580-F1-model_v4.pdb	185
P51580	185	L	Q	0.9948473208334409	AF-P51580-F1-model_v4.pdb	185
P51580	185	L	I	0.8701454099425909	AF-P51580-F1-model_v4.pdb	185
P51580	185	L	G	0.587384750452791	AF-P51580-F1-model_v4.pdb	185
P51580	185	L	E	1.01058721566794	AF-P51580-F1-model_v4.pdb	185
P51580	185	L	C	0.797297901603688	AF-P51580-F1-model_v4.pdb	185
P51580	185	L	A	0.5275863725743929	AF-P51580-F1-model_v4.pdb	185
P51580	185	L	K	0.5924193683330339	AF-P51580-F1-model_v4.pdb	185
P51580	186	S	P	0.615163268418095	AF-P51580-F1-model_v4.pdb	186
P51580	186	S	*	-0.0519175956066695	AF-P51580-F1-model_v4.pdb	186
P51580	186	S	W	0.8647656115953549	AF-P51580-F1-model_v4.pdb	186
P51580	186	S	V	0.7723401810783531	AF-P51580-F1-model_v4.pdb	186
P51580	186	S	T	1.1361020032953502	AF-P51580-F1-model_v4.pdb	186
P51580	186	S	Y	1.05470287403939	AF-P51580-F1-model_v4.pdb	186
P51580	186	S	R	0.7643535134323041	AF-P51580-F1-model_v4.pdb	186
P51580	186	S	M	0.780259582526973	AF-P51580-F1-model_v4.pdb	186
P51580	186	S	E	0.977812842318124	AF-P51580-F1-model_v4.pdb	186
P51580	186	S	H	1.05627989216783	AF-P51580-F1-model_v4.pdb	186
P51580	186	S	G	0.7675547396070491	AF-P51580-F1-model_v4.pdb	186
P51580	186	S	F	1.06945838624518	AF-P51580-F1-model_v4.pdb	186
P51580	186	S	D	1.50616570990273	AF-P51580-F1-model_v4.pdb	186
P51580	186	S	C	0.969694985198804	AF-P51580-F1-model_v4.pdb	186
P51580	186	S	A	1.22025032322726	AF-P51580-F1-model_v4.pdb	186
P51580	186	S	L	0.952396875130566	AF-P51580-F1-model_v4.pdb	186
P51580	187	Y	*	-0.0161974277857222	AF-P51580-F1-model_v4.pdb	187
P51580	187	Y	W	0.6764241504121059	AF-P51580-F1-model_v4.pdb	187
P51580	187	Y	V	0.486233921132195	AF-P51580-F1-model_v4.pdb	187
P51580	187	Y	T	0.690897913549951	AF-P51580-F1-model_v4.pdb	187
P51580	187	Y	S	0.839499602461079	AF-P51580-F1-model_v4.pdb	187
P51580	187	Y	R	0.6488101044064829	AF-P51580-F1-model_v4.pdb	187
P51580	187	Y	Q	0.347042357188745	AF-P51580-F1-model_v4.pdb	187
P51580	187	Y	P	0.649570493571333	AF-P51580-F1-model_v4.pdb	187
P51580	187	Y	N	1.57810317676399	AF-P51580-F1-model_v4.pdb	187
P51580	187	Y	K	0.6153507717986021	AF-P51580-F1-model_v4.pdb	187
P51580	187	Y	I	0.8170324949391329	AF-P51580-F1-model_v4.pdb	187
P51580	187	Y	G	0.777708823328845	AF-P51580-F1-model_v4.pdb	187
P51580	187	Y	E	0.61876125826733	AF-P51580-F1-model_v4.pdb	187
P51580	187	Y	D	0.7042496258926021	AF-P51580-F1-model_v4.pdb	187
P51580	187	Y	C	0.686867893301691	AF-P51580-F1-model_v4.pdb	187
P51580	187	Y	A	0.614583412020926	AF-P51580-F1-model_v4.pdb	187
P51580	187	Y	L	0.7364543924681759	AF-P51580-F1-model_v4.pdb	187
P51580	188	D	R	0.639151888198135	AF-P51580-F1-model_v4.pdb	188
P51580	188	D	S	0.597500546958728	AF-P51580-F1-model_v4.pdb	188
P51580	188	D	T	0.675595126865179	AF-P51580-F1-model_v4.pdb	188
P51580	188	D	Q	0.714250197360515	AF-P51580-F1-model_v4.pdb	188
P51580	188	D	W	0.6202584588994151	AF-P51580-F1-model_v4.pdb	188
P51580	188	D	*	-0.0423238221465539	AF-P51580-F1-model_v4.pdb	188
P51580	188	D	Y	0.667557018854412	AF-P51580-F1-model_v4.pdb	188
P51580	188	D	V	0.481554286883025	AF-P51580-F1-model_v4.pdb	188
P51580	188	D	N	0.953939726098749	AF-P51580-F1-model_v4.pdb	188
P51580	188	D	P	0.711560400053827	AF-P51580-F1-model_v4.pdb	188
P51580	188	D	M	0.8490888862757281	AF-P51580-F1-model_v4.pdb	188
P51580	188	D	L	0.608872107855334	AF-P51580-F1-model_v4.pdb	188
P51580	188	D	K	0.8488632295430749	AF-P51580-F1-model_v4.pdb	188
P51580	188	D	G	0.6973008117162339	AF-P51580-F1-model_v4.pdb	188
P51580	188	D	F	0.665272729572178	AF-P51580-F1-model_v4.pdb	188
P51580	188	D	E	0.821367734625336	AF-P51580-F1-model_v4.pdb	188
P51580	188	D	C	0.931094983217332	AF-P51580-F1-model_v4.pdb	188
P51580	188	D	A	0.7541459638110551	AF-P51580-F1-model_v4.pdb	188
P51580	189	P	Q	0.933232676562907	AF-P51580-F1-model_v4.pdb	189
P51580	189	P	R	0.607298332223832	AF-P51580-F1-model_v4.pdb	189
P51580	189	P	S	0.9259360265554	AF-P51580-F1-model_v4.pdb	189
P51580	189	P	T	0.9977197473907128	AF-P51580-F1-model_v4.pdb	189
P51580	189	P	K	0.559852571887547	AF-P51580-F1-model_v4.pdb	189
P51580	189	P	W	0.912295362507158	AF-P51580-F1-model_v4.pdb	189
P51580	189	P	*	-0.2339146712462049	AF-P51580-F1-model_v4.pdb	189
P51580	189	P	N	-0.187982091529191	AF-P51580-F1-model_v4.pdb	189
P51580	189	P	V	0.7802611183819158	AF-P51580-F1-model_v4.pdb	189
P51580	189	P	M	0.93400539019941	AF-P51580-F1-model_v4.pdb	189
P51580	189	P	G	0.7790117693410501	AF-P51580-F1-model_v4.pdb	189
P51580	189	P	I	0.707273986284189	AF-P51580-F1-model_v4.pdb	189
P51580	189	P	H	1.0568288775921602	AF-P51580-F1-model_v4.pdb	189
P51580	189	P	F	0.8127726440353259	AF-P51580-F1-model_v4.pdb	189
P51580	189	P	E	0.76443496252372	AF-P51580-F1-model_v4.pdb	189
P51580	189	P	D	0.129869007059161	AF-P51580-F1-model_v4.pdb	189
P51580	189	P	C	0.7131981441278259	AF-P51580-F1-model_v4.pdb	189
P51580	189	P	A	1.11245412052961	AF-P51580-F1-model_v4.pdb	189
P51580	189	P	L	0.6389749860387839	AF-P51580-F1-model_v4.pdb	189
P51580	190	T	R	1.13931506220447	AF-P51580-F1-model_v4.pdb	190
P51580	190	T	S	1.1407369196388402	AF-P51580-F1-model_v4.pdb	190
P51580	190	T	V	1.02793075075291	AF-P51580-F1-model_v4.pdb	190
P51580	190	T	G	0.948072928229438	AF-P51580-F1-model_v4.pdb	190
P51580	190	T	*	-0.126037545134228	AF-P51580-F1-model_v4.pdb	190
P51580	190	T	Q	0.961851315468367	AF-P51580-F1-model_v4.pdb	190
P51580	190	T	Y	0.946938432947603	AF-P51580-F1-model_v4.pdb	190
P51580	190	T	W	1.06031178321983	AF-P51580-F1-model_v4.pdb	190
P51580	190	T	P	1.06082138534178	AF-P51580-F1-model_v4.pdb	190
P51580	190	T	E	1.10282535131205	AF-P51580-F1-model_v4.pdb	190
P51580	190	T	I	1.06780864132166	AF-P51580-F1-model_v4.pdb	190
P51580	190	T	H	1.2643033575601998	AF-P51580-F1-model_v4.pdb	190
P51580	190	T	F	1.3076223230222	AF-P51580-F1-model_v4.pdb	190
P51580	190	T	D	0.590757348354411	AF-P51580-F1-model_v4.pdb	190
P51580	190	T	C	1.02691519767334	AF-P51580-F1-model_v4.pdb	190
P51580	190	T	A	0.884943634745896	AF-P51580-F1-model_v4.pdb	190
P51580	190	T	L	1.16239040508157	AF-P51580-F1-model_v4.pdb	190
P51580	191	K	Y	0.934063763344366	AF-P51580-F1-model_v4.pdb	191
P51580	191	K	W	0.7685231292274459	AF-P51580-F1-model_v4.pdb	191
P51580	191	K	V	0.8516845215373051	AF-P51580-F1-model_v4.pdb	191
P51580	191	K	T	0.610382460601033	AF-P51580-F1-model_v4.pdb	191
P51580	191	K	S	1.0257987774234598	AF-P51580-F1-model_v4.pdb	191
P51580	191	K	R	0.822851084135054	AF-P51580-F1-model_v4.pdb	191
P51580	191	K	Q	0.959732533901496	AF-P51580-F1-model_v4.pdb	191
P51580	191	K	P	0.5659671017802691	AF-P51580-F1-model_v4.pdb	191
P51580	191	K	G	0.772078896067423	AF-P51580-F1-model_v4.pdb	191
P51580	191	K	L	1.00819740535082	AF-P51580-F1-model_v4.pdb	191
P51580	191	K	I	1.0119499766958	AF-P51580-F1-model_v4.pdb	191
P51580	191	K	E	0.53150941355858	AF-P51580-F1-model_v4.pdb	191
P51580	191	K	D	1.11342067299195	AF-P51580-F1-model_v4.pdb	191
P51580	191	K	C	1.00373011372766	AF-P51580-F1-model_v4.pdb	191
P51580	191	K	A	0.910592014250147	AF-P51580-F1-model_v4.pdb	191
P51580	191	K	M	0.812871777180756	AF-P51580-F1-model_v4.pdb	191
P51580	192	H	R	0.966791081516942	AF-P51580-F1-model_v4.pdb	192
P51580	192	H	S	0.7380043463036341	AF-P51580-F1-model_v4.pdb	192
P51580	192	H	V	0.901219705211899	AF-P51580-F1-model_v4.pdb	192
P51580	192	H	Y	1.4457595672514498	AF-P51580-F1-model_v4.pdb	192
P51580	192	H	*	0.4036967664001939	AF-P51580-F1-model_v4.pdb	192
P51580	192	H	P	0.320061681438902	AF-P51580-F1-model_v4.pdb	192
P51580	192	H	W	1.2051288782773302	AF-P51580-F1-model_v4.pdb	192
P51580	192	H	M	1.1629685165381498	AF-P51580-F1-model_v4.pdb	192
P51580	192	H	T	0.708043337300387	AF-P51580-F1-model_v4.pdb	192
P51580	192	H	K	0.6284557776025871	AF-P51580-F1-model_v4.pdb	192
P51580	192	H	G	0.5001891860883039	AF-P51580-F1-model_v4.pdb	192
P51580	192	H	E	0.893688925326647	AF-P51580-F1-model_v4.pdb	192
P51580	192	H	L	0.8028536234851991	AF-P51580-F1-model_v4.pdb	192
P51580	192	H	D	0.8660842949477849	AF-P51580-F1-model_v4.pdb	192
P51580	192	H	C	0.5735705576953579	AF-P51580-F1-model_v4.pdb	192
P51580	192	H	A	0.7696395421163109	AF-P51580-F1-model_v4.pdb	192
P51580	193	P	Y	1.3951430432231495	AF-P51580-F1-model_v4.pdb	193
P51580	193	P	*	0.498424921081052	AF-P51580-F1-model_v4.pdb	193
P51580	193	P	W	0.519027003619489	AF-P51580-F1-model_v4.pdb	193
P51580	193	P	V	0.624573016006816	AF-P51580-F1-model_v4.pdb	193
P51580	193	P	T	1.1501726544275002	AF-P51580-F1-model_v4.pdb	193
P51580	193	P	S	1.01410584650732	AF-P51580-F1-model_v4.pdb	193
P51580	193	P	R	0.892206131864423	AF-P51580-F1-model_v4.pdb	193
P51580	193	P	Q	1.44182152006342	AF-P51580-F1-model_v4.pdb	193
P51580	193	P	M	1.49344233979582	AF-P51580-F1-model_v4.pdb	193
P51580	193	P	L	0.8412849598811959	AF-P51580-F1-model_v4.pdb	193
P51580	193	P	K	0.4487526499995279	AF-P51580-F1-model_v4.pdb	193
P51580	193	P	I	0.5008345733667079	AF-P51580-F1-model_v4.pdb	193
P51580	193	P	H	1.11617792556778	AF-P51580-F1-model_v4.pdb	193
P51580	193	P	G	0.918741441697601	AF-P51580-F1-model_v4.pdb	193
P51580	193	P	E	0.5674473187619921	AF-P51580-F1-model_v4.pdb	193
P51580	193	P	C	1.2457285648233505	AF-P51580-F1-model_v4.pdb	193
P51580	193	P	A	1.28528661288977	AF-P51580-F1-model_v4.pdb	193
P51580	194	G	*	0.153767439683579	AF-P51580-F1-model_v4.pdb	194
P51580	194	G	Y	1.0852249486888	AF-P51580-F1-model_v4.pdb	194
P51580	194	G	V	0.503523416069633	AF-P51580-F1-model_v4.pdb	194
P51580	194	G	T	0.9615650581224509	AF-P51580-F1-model_v4.pdb	194
P51580	194	G	S	0.790934991941338	AF-P51580-F1-model_v4.pdb	194
P51580	194	G	R	0.8548130428270792	AF-P51580-F1-model_v4.pdb	194
P51580	194	G	Q	0.5734603975030539	AF-P51580-F1-model_v4.pdb	194
P51580	194	G	W	0.513494714409125	AF-P51580-F1-model_v4.pdb	194
P51580	194	G	M	0.79163205130145	AF-P51580-F1-model_v4.pdb	194
P51580	194	G	L	0.6669129489777751	AF-P51580-F1-model_v4.pdb	194
P51580	194	G	K	1.08247533405731	AF-P51580-F1-model_v4.pdb	194
P51580	194	G	E	0.827159708447439	AF-P51580-F1-model_v4.pdb	194
P51580	194	G	C	0.7880071253292741	AF-P51580-F1-model_v4.pdb	194
P51580	194	G	A	0.7879534437662371	AF-P51580-F1-model_v4.pdb	194
P51580	194	G	P	0.787642983310727	AF-P51580-F1-model_v4.pdb	194
P51580	195	P	V	0.755759233577705	AF-P51580-F1-model_v4.pdb	195
P51580	195	P	T	0.6561681519542021	AF-P51580-F1-model_v4.pdb	195
P51580	195	P	S	0.381757813397127	AF-P51580-F1-model_v4.pdb	195
P51580	195	P	R	0.5269226796031029	AF-P51580-F1-model_v4.pdb	195
P51580	195	P	Q	0.215550871523358	AF-P51580-F1-model_v4.pdb	195
P51580	195	P	M	0.339835026932107	AF-P51580-F1-model_v4.pdb	195
P51580	195	P	L	0.3045374019970109	AF-P51580-F1-model_v4.pdb	195
P51580	195	P	W	0.614051827337383	AF-P51580-F1-model_v4.pdb	195
P51580	195	P	G	0.597265774440544	AF-P51580-F1-model_v4.pdb	195
P51580	195	P	F	0.5211889442547211	AF-P51580-F1-model_v4.pdb	195
P51580	195	P	E	0.812744586302672	AF-P51580-F1-model_v4.pdb	195
P51580	195	P	C	-0.0880868196061221	AF-P51580-F1-model_v4.pdb	195
P51580	195	P	A	0.6535401019202409	AF-P51580-F1-model_v4.pdb	195
P51580	195	P	K	-0.19300854377567	AF-P51580-F1-model_v4.pdb	195
P51580	196	P	W	0.57344308636591	AF-P51580-F1-model_v4.pdb	196
P51580	196	P	V	0.587671866258818	AF-P51580-F1-model_v4.pdb	196
P51580	196	P	S	0.9174506113496792	AF-P51580-F1-model_v4.pdb	196
P51580	196	P	R	0.678753029394259	AF-P51580-F1-model_v4.pdb	196
P51580	196	P	Q	0.394287416945396	AF-P51580-F1-model_v4.pdb	196
P51580	196	P	M	-0.3143160827735169	AF-P51580-F1-model_v4.pdb	196
P51580	196	P	L	0.529064608422786	AF-P51580-F1-model_v4.pdb	196
P51580	196	P	K	0.3253396863448889	AF-P51580-F1-model_v4.pdb	196
P51580	196	P	G	0.5047496227842271	AF-P51580-F1-model_v4.pdb	196
P51580	196	P	F	0.22077746285167	AF-P51580-F1-model_v4.pdb	196
P51580	196	P	E	0.134777334341527	AF-P51580-F1-model_v4.pdb	196
P51580	196	P	D	0.603010871742607	AF-P51580-F1-model_v4.pdb	196
P51580	196	P	C	0.246138667123586	AF-P51580-F1-model_v4.pdb	196
P51580	196	P	A	0.853528339279845	AF-P51580-F1-model_v4.pdb	196
P51580	196	P	I	0.7806704841234019	AF-P51580-F1-model_v4.pdb	196
P51580	197	F	W	0.694479853300239	AF-P51580-F1-model_v4.pdb	197
P51580	197	F	*	-0.4146798108535511	AF-P51580-F1-model_v4.pdb	197
P51580	197	F	V	0.451983636863923	AF-P51580-F1-model_v4.pdb	197
P51580	197	F	T	0.6265727753558579	AF-P51580-F1-model_v4.pdb	197
P51580	197	F	S	0.333476733920983	AF-P51580-F1-model_v4.pdb	197
P51580	197	F	R	0.5728377259092049	AF-P51580-F1-model_v4.pdb	197
P51580	197	F	Q	1.01563486628104	AF-P51580-F1-model_v4.pdb	197
P51580	197	F	N	0.469512455750835	AF-P51580-F1-model_v4.pdb	197
P51580	197	F	P	0.845252120641886	AF-P51580-F1-model_v4.pdb	197
P51580	197	F	L	0.542589929918356	AF-P51580-F1-model_v4.pdb	197
P51580	197	F	K	0.941766151622159	AF-P51580-F1-model_v4.pdb	197
P51580	197	F	I	1.43089107713498	AF-P51580-F1-model_v4.pdb	197
P51580	197	F	H	0.8928460110369121	AF-P51580-F1-model_v4.pdb	197
P51580	197	F	G	0.569479907381268	AF-P51580-F1-model_v4.pdb	197
P51580	197	F	E	0.6027404739611	AF-P51580-F1-model_v4.pdb	197
P51580	197	F	A	0.8935783543314331	AF-P51580-F1-model_v4.pdb	197
P51580	197	F	M	0.49771458615425	AF-P51580-F1-model_v4.pdb	197
P51580	198	Y	P	1.29647089898954	AF-P51580-F1-model_v4.pdb	198
P51580	198	Y	Q	0.324680214584093	AF-P51580-F1-model_v4.pdb	198
P51580	198	Y	R	0.841876190674853	AF-P51580-F1-model_v4.pdb	198
P51580	198	Y	S	0.5989401967665711	AF-P51580-F1-model_v4.pdb	198
P51580	198	Y	*	0.0428783302759895	AF-P51580-F1-model_v4.pdb	198
P51580	198	Y	V	1.3572169694698502	AF-P51580-F1-model_v4.pdb	198
P51580	198	Y	W	0.732594383584668	AF-P51580-F1-model_v4.pdb	198
P51580	198	Y	N	1.11508390163654	AF-P51580-F1-model_v4.pdb	198
P51580	198	Y	T	0.8497779476365559	AF-P51580-F1-model_v4.pdb	198
P51580	198	Y	M	1.1731039998318	AF-P51580-F1-model_v4.pdb	198
P51580	198	Y	K	1.2134439275147	AF-P51580-F1-model_v4.pdb	198
P51580	198	Y	I	1.13808083640798	AF-P51580-F1-model_v4.pdb	198
P51580	198	Y	H	0.5570755031298101	AF-P51580-F1-model_v4.pdb	198
P51580	198	Y	G	0.7606258162983341	AF-P51580-F1-model_v4.pdb	198
P51580	198	Y	F	1.38093734516618	AF-P51580-F1-model_v4.pdb	198
P51580	198	Y	E	0.4530375221202471	AF-P51580-F1-model_v4.pdb	198
P51580	198	Y	C	0.66954287838451	AF-P51580-F1-model_v4.pdb	198
P51580	198	Y	A	0.8491197911995579	AF-P51580-F1-model_v4.pdb	198
P51580	198	Y	L	1.35120781252396	AF-P51580-F1-model_v4.pdb	198
P51580	199	V	P	1.0297290913693	AF-P51580-F1-model_v4.pdb	199
P51580	199	V	W	0.0342946302379653	AF-P51580-F1-model_v4.pdb	199
P51580	199	V	T	0.7652747337422259	AF-P51580-F1-model_v4.pdb	199
P51580	199	V	*	0.3156956869116519	AF-P51580-F1-model_v4.pdb	199
P51580	199	V	R	0.198105399889623	AF-P51580-F1-model_v4.pdb	199
P51580	199	V	Q	0.322433355446321	AF-P51580-F1-model_v4.pdb	199
P51580	199	V	M	0.540977504429464	AF-P51580-F1-model_v4.pdb	199
P51580	199	V	S	0.355666689560872	AF-P51580-F1-model_v4.pdb	199
P51580	199	V	K	0.3753047197991871	AF-P51580-F1-model_v4.pdb	199
P51580	199	V	G	-0.0372393543214849	AF-P51580-F1-model_v4.pdb	199
P51580	199	V	F	0.6956580660648639	AF-P51580-F1-model_v4.pdb	199
P51580	199	V	E	0.292826062465775	AF-P51580-F1-model_v4.pdb	199
P51580	199	V	D	-0.188303614221761	AF-P51580-F1-model_v4.pdb	199
P51580	199	V	A	0.5265533897094891	AF-P51580-F1-model_v4.pdb	199
P51580	199	V	L	1.14411487050529	AF-P51580-F1-model_v4.pdb	199
P51580	200	P	V	0.574417373622798	AF-P51580-F1-model_v4.pdb	200
P51580	200	P	S	1.06257567605032	AF-P51580-F1-model_v4.pdb	200
P51580	200	P	R	1.2385596717476002	AF-P51580-F1-model_v4.pdb	200
P51580	200	P	N	1.74935875214406	AF-P51580-F1-model_v4.pdb	200
P51580	200	P	L	0.308023107675344	AF-P51580-F1-model_v4.pdb	200
P51580	200	P	I	0.788856489986528	AF-P51580-F1-model_v4.pdb	200
P51580	200	P	G	1.2771982877889398	AF-P51580-F1-model_v4.pdb	200
P51580	200	P	F	0.141102017917565	AF-P51580-F1-model_v4.pdb	200
P51580	200	P	C	1.19147441978006	AF-P51580-F1-model_v4.pdb	200
P51580	200	P	A	0.7163891056610758	AF-P51580-F1-model_v4.pdb	200
P51580	200	P	H	1.5433072032089998	AF-P51580-F1-model_v4.pdb	200
P51580	201	H	Q	1.3786689403961498	AF-P51580-F1-model_v4.pdb	201
P51580	201	H	*	-0.659649513291283	AF-P51580-F1-model_v4.pdb	201
P51580	201	H	W	1.02864001656403	AF-P51580-F1-model_v4.pdb	201
P51580	201	H	V	1.43259270846469	AF-P51580-F1-model_v4.pdb	201
P51580	201	H	T	0.7595541346354342	AF-P51580-F1-model_v4.pdb	201
P51580	201	H	Y	1.1113698258628502	AF-P51580-F1-model_v4.pdb	201
P51580	201	H	S	0.979519835854162	AF-P51580-F1-model_v4.pdb	201
P51580	201	H	R	1.03387869127482	AF-P51580-F1-model_v4.pdb	201
P51580	201	H	P	1.2179036040497802	AF-P51580-F1-model_v4.pdb	201
P51580	201	H	F	0.971788222388275	AF-P51580-F1-model_v4.pdb	201
P51580	201	H	L	1.21273617804153	AF-P51580-F1-model_v4.pdb	201
P51580	201	H	K	1.78645104175343	AF-P51580-F1-model_v4.pdb	201
P51580	201	H	I	0.2469355473348569	AF-P51580-F1-model_v4.pdb	201
P51580	201	H	G	1.0114321127929	AF-P51580-F1-model_v4.pdb	201
P51580	201	H	E	1.04222904840106	AF-P51580-F1-model_v4.pdb	201
P51580	201	H	C	0.6608351279387951	AF-P51580-F1-model_v4.pdb	201
P51580	201	H	A	1.03009897509813	AF-P51580-F1-model_v4.pdb	201
P51580	201	H	M	0.999777387081302	AF-P51580-F1-model_v4.pdb	201
P51580	202	A	R	1.25413021246091	AF-P51580-F1-model_v4.pdb	202
P51580	202	A	S	1.13762866636365	AF-P51580-F1-model_v4.pdb	202
P51580	202	A	T	1.0305576721107	AF-P51580-F1-model_v4.pdb	202
P51580	202	A	Y	1.1183651914484098	AF-P51580-F1-model_v4.pdb	202
P51580	202	A	W	0.975990894064614	AF-P51580-F1-model_v4.pdb	202
P51580	202	A	*	0.5164751628255619	AF-P51580-F1-model_v4.pdb	202
P51580	202	A	Q	0.855148422260868	AF-P51580-F1-model_v4.pdb	202
P51580	202	A	V	0.975081805019476	AF-P51580-F1-model_v4.pdb	202
P51580	202	A	P	1.19226027816905	AF-P51580-F1-model_v4.pdb	202
P51580	202	A	K	1.31987986561442	AF-P51580-F1-model_v4.pdb	202
P51580	202	A	M	1.03853879170614	AF-P51580-F1-model_v4.pdb	202
P51580	202	A	C	1.03322802215844	AF-P51580-F1-model_v4.pdb	202
P51580	202	A	D	0.6443546221404379	AF-P51580-F1-model_v4.pdb	202
P51580	202	A	E	1.6235126305344798	AF-P51580-F1-model_v4.pdb	202
P51580	202	A	N	0.884140172934622	AF-P51580-F1-model_v4.pdb	202
P51580	202	A	G	0.99716193316145	AF-P51580-F1-model_v4.pdb	202
P51580	202	A	I	0.493261165651363	AF-P51580-F1-model_v4.pdb	202
P51580	202	A	L	0.6067839508961391	AF-P51580-F1-model_v4.pdb	202
P51580	202	A	F	1.2703857745711102	AF-P51580-F1-model_v4.pdb	202
P51580	203	E	P	0.464060144622121	AF-P51580-F1-model_v4.pdb	203
P51580	203	E	Y	1.21807819829451	AF-P51580-F1-model_v4.pdb	203
P51580	203	E	*	0.4401268840943421	AF-P51580-F1-model_v4.pdb	203
P51580	203	E	W	0.47869439301252	AF-P51580-F1-model_v4.pdb	203
P51580	203	E	V	0.9758387604104428	AF-P51580-F1-model_v4.pdb	203
P51580	203	E	S	0.826452238952321	AF-P51580-F1-model_v4.pdb	203
P51580	203	E	Q	0.9545326197051	AF-P51580-F1-model_v4.pdb	203
P51580	203	E	N	0.8532383754133029	AF-P51580-F1-model_v4.pdb	203
P51580	203	E	R	0.427716107756783	AF-P51580-F1-model_v4.pdb	203
P51580	203	E	L	1.2662348206248402	AF-P51580-F1-model_v4.pdb	203
P51580	203	E	K	0.5957915390447049	AF-P51580-F1-model_v4.pdb	203
P51580	203	E	I	1.1477389281971202	AF-P51580-F1-model_v4.pdb	203
P51580	203	E	G	0.642826989423639	AF-P51580-F1-model_v4.pdb	203
P51580	203	E	F	0.7680815965404879	AF-P51580-F1-model_v4.pdb	203
P51580	203	E	D	1.12427678970739	AF-P51580-F1-model_v4.pdb	203
P51580	203	E	C	0.858762321660764	AF-P51580-F1-model_v4.pdb	203
P51580	203	E	A	0.8867849845691659	AF-P51580-F1-model_v4.pdb	203
P51580	203	E	M	1.54407977207771	AF-P51580-F1-model_v4.pdb	203
P51580	204	I	W	0.0455002650616538	AF-P51580-F1-model_v4.pdb	204
P51580	204	I	V	0.879279271691875	AF-P51580-F1-model_v4.pdb	204
P51580	204	I	R	0.0329118148500955	AF-P51580-F1-model_v4.pdb	204
P51580	204	I	Q	0.203063600251314	AF-P51580-F1-model_v4.pdb	204
P51580	204	I	P	0.144979677721167	AF-P51580-F1-model_v4.pdb	204
P51580	204	I	E	0.186095025389123	AF-P51580-F1-model_v4.pdb	204
P51580	204	I	A	-0.221988142553017	AF-P51580-F1-model_v4.pdb	204
P51580	204	I	G	0.175994670941858	AF-P51580-F1-model_v4.pdb	204
P51580	205	E	Q	0.954730544582384	AF-P51580-F1-model_v4.pdb	205
P51580	205	E	Y	0.0917444957054729	AF-P51580-F1-model_v4.pdb	205
P51580	205	E	*	0.230088009858418	AF-P51580-F1-model_v4.pdb	205
P51580	205	E	W	0.7631264163859929	AF-P51580-F1-model_v4.pdb	205
P51580	205	E	V	1.01334105478487	AF-P51580-F1-model_v4.pdb	205
P51580	205	E	T	0.8317041231911608	AF-P51580-F1-model_v4.pdb	205
P51580	205	E	S	0.910964244799133	AF-P51580-F1-model_v4.pdb	205
P51580	205	E	R	0.961408326739607	AF-P51580-F1-model_v4.pdb	205
P51580	205	E	P	0.53521271037313	AF-P51580-F1-model_v4.pdb	205
P51580	205	E	G	0.937373418648661	AF-P51580-F1-model_v4.pdb	205
P51580	205	E	L	1.11674608215413	AF-P51580-F1-model_v4.pdb	205
P51580	205	E	C	0.861109589952662	AF-P51580-F1-model_v4.pdb	205
P51580	205	E	D	1.21233323614823	AF-P51580-F1-model_v4.pdb	205
P51580	205	E	F	0.96495594901125	AF-P51580-F1-model_v4.pdb	205
P51580	205	E	A	1.07972974322111	AF-P51580-F1-model_v4.pdb	205
P51580	205	E	H	1.33870880242734	AF-P51580-F1-model_v4.pdb	205
P51580	205	E	I	0.7565960259126191	AF-P51580-F1-model_v4.pdb	205
P51580	205	E	K	0.537093536528809	AF-P51580-F1-model_v4.pdb	205
P51580	205	E	M	0.709940528589885	AF-P51580-F1-model_v4.pdb	205
P51580	206	R	N	0.27547315804989	AF-P51580-F1-model_v4.pdb	206
P51580	206	R	*	0.171501473437833	AF-P51580-F1-model_v4.pdb	206
P51580	206	R	W	0.7746027894817841	AF-P51580-F1-model_v4.pdb	206
P51580	206	R	V	0.8143784148123209	AF-P51580-F1-model_v4.pdb	206
P51580	206	R	T	1.03240285735701	AF-P51580-F1-model_v4.pdb	206
P51580	206	R	S	0.337206177146098	AF-P51580-F1-model_v4.pdb	206
P51580	206	R	P	0.572728214833057	AF-P51580-F1-model_v4.pdb	206
P51580	206	R	Y	1.45152086582443	AF-P51580-F1-model_v4.pdb	206
P51580	206	R	M	0.979241286046846	AF-P51580-F1-model_v4.pdb	206
P51580	206	R	K	1.55305155008751	AF-P51580-F1-model_v4.pdb	206
P51580	206	R	G	0.865871791481033	AF-P51580-F1-model_v4.pdb	206
P51580	206	R	E	0.8483838015770921	AF-P51580-F1-model_v4.pdb	206
P51580	206	R	D	0.6317534487713851	AF-P51580-F1-model_v4.pdb	206
P51580	206	R	C	0.597360858032048	AF-P51580-F1-model_v4.pdb	206
P51580	206	R	A	1.2013465405742	AF-P51580-F1-model_v4.pdb	206
P51580	206	R	L	1.00681228674396	AF-P51580-F1-model_v4.pdb	206
P51580	207	L	Q	0.396600160879169	AF-P51580-F1-model_v4.pdb	207
P51580	207	L	Y	0.9306756870631352	AF-P51580-F1-model_v4.pdb	207
P51580	207	L	*	0.120365171458726	AF-P51580-F1-model_v4.pdb	207
P51580	207	L	W	0.894155663063374	AF-P51580-F1-model_v4.pdb	207
P51580	207	L	V	0.90546621298618	AF-P51580-F1-model_v4.pdb	207
P51580	207	L	T	1.08449146159441	AF-P51580-F1-model_v4.pdb	207
P51580	207	L	S	0.371229798797317	AF-P51580-F1-model_v4.pdb	207
P51580	207	L	R	0.5734457089045389	AF-P51580-F1-model_v4.pdb	207
P51580	207	L	P	0.388938077477419	AF-P51580-F1-model_v4.pdb	207
P51580	207	L	A	0.662913206612908	AF-P51580-F1-model_v4.pdb	207
P51580	207	L	K	0.627774616056483	AF-P51580-F1-model_v4.pdb	207
P51580	207	L	I	0.880888264896682	AF-P51580-F1-model_v4.pdb	207
P51580	207	L	H	0.038227857044784	AF-P51580-F1-model_v4.pdb	207
P51580	207	L	G	0.204834799142628	AF-P51580-F1-model_v4.pdb	207
P51580	207	L	F	0.673349443024873	AF-P51580-F1-model_v4.pdb	207
P51580	207	L	E	0.289590438556957	AF-P51580-F1-model_v4.pdb	207
P51580	207	L	D	0.620044653617005	AF-P51580-F1-model_v4.pdb	207
P51580	207	L	C	1.132357214806	AF-P51580-F1-model_v4.pdb	207
P51580	207	L	M	1.19240073295245	AF-P51580-F1-model_v4.pdb	207
P51580	208	F	Q	0.274741329857734	AF-P51580-F1-model_v4.pdb	208
P51580	208	F	R	-0.009816437619458	AF-P51580-F1-model_v4.pdb	208
P51580	208	F	S	0.0587559092176131	AF-P51580-F1-model_v4.pdb	208
P51580	208	F	T	0.584060246735232	AF-P51580-F1-model_v4.pdb	208
P51580	208	F	Y	0.898950200045184	AF-P51580-F1-model_v4.pdb	208
P51580	208	F	W	1.10826182280085	AF-P51580-F1-model_v4.pdb	208
P51580	208	F	*	-0.312894073817321	AF-P51580-F1-model_v4.pdb	208
P51580	208	F	P	-0.0510098911375313	AF-P51580-F1-model_v4.pdb	208
P51580	208	F	V	0.7343068737505122	AF-P51580-F1-model_v4.pdb	208
P51580	208	F	N	-0.133985209236509	AF-P51580-F1-model_v4.pdb	208
P51580	208	F	M	1.02850705363679	AF-P51580-F1-model_v4.pdb	208
P51580	208	F	L	0.42267000185747	AF-P51580-F1-model_v4.pdb	208
P51580	208	F	C	0.562996696079578	AF-P51580-F1-model_v4.pdb	208
P51580	208	F	D	-0.156238568238855	AF-P51580-F1-model_v4.pdb	208
P51580	208	F	E	0.241453604083696	AF-P51580-F1-model_v4.pdb	208
P51580	208	F	A	0.54054616494999	AF-P51580-F1-model_v4.pdb	208
P51580	208	F	H	-0.6177388900425269	AF-P51580-F1-model_v4.pdb	208
P51580	208	F	I	0.333286923535958	AF-P51580-F1-model_v4.pdb	208
P51580	208	F	K	0.729647310330328	AF-P51580-F1-model_v4.pdb	208
P51580	208	F	G	0.152552765266882	AF-P51580-F1-model_v4.pdb	208
P51580	209	G	Q	1.48521299309609	AF-P51580-F1-model_v4.pdb	209
P51580	209	G	W	0.7793462996351801	AF-P51580-F1-model_v4.pdb	209
P51580	209	G	Y	0.991231726637863	AF-P51580-F1-model_v4.pdb	209
P51580	209	G	V	0.7862918072823081	AF-P51580-F1-model_v4.pdb	209
P51580	209	G	T	1.20899051479188	AF-P51580-F1-model_v4.pdb	209
P51580	209	G	S	0.6878218549928841	AF-P51580-F1-model_v4.pdb	209
P51580	209	G	R	0.837598958871548	AF-P51580-F1-model_v4.pdb	209
P51580	209	G	P	0.739563968950766	AF-P51580-F1-model_v4.pdb	209
P51580	209	G	C	0.698384826357047	AF-P51580-F1-model_v4.pdb	209
P51580	209	G	L	0.7689612912999519	AF-P51580-F1-model_v4.pdb	209
P51580	209	G	K	0.8606386609738241	AF-P51580-F1-model_v4.pdb	209
P51580	209	G	I	0.5541033028604979	AF-P51580-F1-model_v4.pdb	209
P51580	209	G	F	0.699911958325372	AF-P51580-F1-model_v4.pdb	209
P51580	209	G	E	0.846712394716404	AF-P51580-F1-model_v4.pdb	209
P51580	209	G	D	1.18404205112623	AF-P51580-F1-model_v4.pdb	209
P51580	209	G	A	1.07022759044855	AF-P51580-F1-model_v4.pdb	209
P51580	209	G	M	1.4179295983631202	AF-P51580-F1-model_v4.pdb	209
P51580	210	K	R	1.26174220953527	AF-P51580-F1-model_v4.pdb	210
P51580	210	K	Q	0.908555058254867	AF-P51580-F1-model_v4.pdb	210
P51580	210	K	P	1.11356427648673	AF-P51580-F1-model_v4.pdb	210
P51580	210	K	N	0.8069617661432171	AF-P51580-F1-model_v4.pdb	210
P51580	210	K	M	1.19292448673263	AF-P51580-F1-model_v4.pdb	210
P51580	210	K	L	1.16288387995645	AF-P51580-F1-model_v4.pdb	210
P51580	210	K	I	1.55735119283924	AF-P51580-F1-model_v4.pdb	210
P51580	210	K	E	0.644854969516131	AF-P51580-F1-model_v4.pdb	210
P51580	210	K	G	0.756322174265404	AF-P51580-F1-model_v4.pdb	210
P51580	210	K	F	1.17224343442722	AF-P51580-F1-model_v4.pdb	210
P51580	210	K	D	0.984561324457753	AF-P51580-F1-model_v4.pdb	210
P51580	210	K	C	0.981005197050859	AF-P51580-F1-model_v4.pdb	210
P51580	210	K	A	0.850919882356192	AF-P51580-F1-model_v4.pdb	210
P51580	210	K	S	1.17800741204843	AF-P51580-F1-model_v4.pdb	210
P51580	210	K	H	1.5053594312899	AF-P51580-F1-model_v4.pdb	210
P51580	210	K	T	0.9407490412715808	AF-P51580-F1-model_v4.pdb	210
P51580	210	K	V	0.681351097992793	AF-P51580-F1-model_v4.pdb	210
P51580	210	K	*	0.297109897455846	AF-P51580-F1-model_v4.pdb	210
P51580	210	K	Y	1.27121319543188	AF-P51580-F1-model_v4.pdb	210
P51580	210	K	W	0.9065380424787152	AF-P51580-F1-model_v4.pdb	210
P51580	211	I	*	0.160282526791096	AF-P51580-F1-model_v4.pdb	211
P51580	211	I	Y	0.265661731982057	AF-P51580-F1-model_v4.pdb	211
P51580	211	I	W	1.24878049376152	AF-P51580-F1-model_v4.pdb	211
P51580	211	I	V	1.08393091194072	AF-P51580-F1-model_v4.pdb	211
P51580	211	I	T	0.266349097210654	AF-P51580-F1-model_v4.pdb	211
P51580	211	I	S	1.20278050372506	AF-P51580-F1-model_v4.pdb	211
P51580	211	I	R	0.99540802959793	AF-P51580-F1-model_v4.pdb	211
P51580	211	I	P	0.863767417725829	AF-P51580-F1-model_v4.pdb	211
P51580	211	I	N	1.29873029579848	AF-P51580-F1-model_v4.pdb	211
P51580	211	I	Q	1.27781880490913	AF-P51580-F1-model_v4.pdb	211
P51580	211	I	L	0.8652802771224789	AF-P51580-F1-model_v4.pdb	211
P51580	211	I	M	1.59572769402976	AF-P51580-F1-model_v4.pdb	211
P51580	211	I	C	1.19554128537552	AF-P51580-F1-model_v4.pdb	211
P51580	211	I	D	1.31026536489104	AF-P51580-F1-model_v4.pdb	211
P51580	211	I	E	0.5406245825632039	AF-P51580-F1-model_v4.pdb	211
P51580	211	I	A	1.35185071685471	AF-P51580-F1-model_v4.pdb	211
P51580	211	I	G	1.07385184659604	AF-P51580-F1-model_v4.pdb	211
P51580	211	I	K	1.03465310750895	AF-P51580-F1-model_v4.pdb	211
P51580	211	I	F	1.30686608476448	AF-P51580-F1-model_v4.pdb	211
P51580	212	C	R	0.36345684441657	AF-P51580-F1-model_v4.pdb	212
P51580	212	C	Y	1.19856794028173	AF-P51580-F1-model_v4.pdb	212
P51580	212	C	*	0.065215755432692	AF-P51580-F1-model_v4.pdb	212
P51580	212	C	W	0.608799762463917	AF-P51580-F1-model_v4.pdb	212
P51580	212	C	V	0.946795960076645	AF-P51580-F1-model_v4.pdb	212
P51580	212	C	T	1.03224916758175	AF-P51580-F1-model_v4.pdb	212
P51580	212	C	S	0.4130070510582941	AF-P51580-F1-model_v4.pdb	212
P51580	212	C	Q	0.8675942555813829	AF-P51580-F1-model_v4.pdb	212
P51580	212	C	D	0.2374111568207849	AF-P51580-F1-model_v4.pdb	212
P51580	212	C	M	0.7287392779268791	AF-P51580-F1-model_v4.pdb	212
P51580	212	C	L	0.8402895142211441	AF-P51580-F1-model_v4.pdb	212
P51580	212	C	H	-0.173682128852482	AF-P51580-F1-model_v4.pdb	212
P51580	212	C	G	0.942268103975236	AF-P51580-F1-model_v4.pdb	212
P51580	212	C	F	0.496129487223777	AF-P51580-F1-model_v4.pdb	212
P51580	212	C	E	0.308259811358286	AF-P51580-F1-model_v4.pdb	212
P51580	212	C	A	1.24779512814212	AF-P51580-F1-model_v4.pdb	212
P51580	212	C	P	0.51820179741131	AF-P51580-F1-model_v4.pdb	212
P51580	213	N	L	0.463717116491192	AF-P51580-F1-model_v4.pdb	213
P51580	213	N	P	0.286152208523864	AF-P51580-F1-model_v4.pdb	213
P51580	213	N	Q	0.915769480683995	AF-P51580-F1-model_v4.pdb	213
P51580	213	N	V	1.09707247067493	AF-P51580-F1-model_v4.pdb	213
P51580	213	N	S	1.04671684855557	AF-P51580-F1-model_v4.pdb	213
P51580	213	N	W	0.491367216778856	AF-P51580-F1-model_v4.pdb	213
P51580	213	N	R	0.9844386386559172	AF-P51580-F1-model_v4.pdb	213
P51580	213	N	T	0.7990366897664541	AF-P51580-F1-model_v4.pdb	213
P51580	213	N	G	1.02676444110571	AF-P51580-F1-model_v4.pdb	213
P51580	213	N	Y	1.1258508840670902	AF-P51580-F1-model_v4.pdb	213
P51580	213	N	I	0.484850393881775	AF-P51580-F1-model_v4.pdb	213
P51580	213	N	A	1.13250133095645	AF-P51580-F1-model_v4.pdb	213
P51580	213	N	C	1.17025991280906	AF-P51580-F1-model_v4.pdb	213
P51580	213	N	D	1.03183005198739	AF-P51580-F1-model_v4.pdb	213
P51580	213	N	E	0.8428309757975291	AF-P51580-F1-model_v4.pdb	213
P51580	213	N	F	0.9225949789897908	AF-P51580-F1-model_v4.pdb	213
P51580	214	I	C	1.59821254269343	AF-P51580-F1-model_v4.pdb	214
P51580	214	I	*	-0.303345816490131	AF-P51580-F1-model_v4.pdb	214
P51580	214	I	Y	-0.134508071076955	AF-P51580-F1-model_v4.pdb	214
P51580	214	I	A	0.7907990605407611	AF-P51580-F1-model_v4.pdb	214
P51580	214	I	T	0.680448003340578	AF-P51580-F1-model_v4.pdb	214
P51580	214	I	V	0.9332142419536008	AF-P51580-F1-model_v4.pdb	214
P51580	214	I	R	0.167730762243764	AF-P51580-F1-model_v4.pdb	214
P51580	214	I	D	-0.0304848411436542	AF-P51580-F1-model_v4.pdb	214
P51580	214	I	E	0.646904017941053	AF-P51580-F1-model_v4.pdb	214
P51580	214	I	F	0.394633908386864	AF-P51580-F1-model_v4.pdb	214
P51580	214	I	Q	0.37998798112431	AF-P51580-F1-model_v4.pdb	214
P51580	214	I	P	0.265550997079083	AF-P51580-F1-model_v4.pdb	214
P51580	214	I	W	0.745815708582162	AF-P51580-F1-model_v4.pdb	214
P51580	214	I	G	0.0942676821668939	AF-P51580-F1-model_v4.pdb	214
P51580	214	I	S	0.617613501166425	AF-P51580-F1-model_v4.pdb	214
P51580	214	I	L	0.7727826360565441	AF-P51580-F1-model_v4.pdb	214
P51580	215	R	A	1.1256954735343998	AF-P51580-F1-model_v4.pdb	215
P51580	215	R	C	1.20555349757763	AF-P51580-F1-model_v4.pdb	215
P51580	215	R	E	0.93534759253523	AF-P51580-F1-model_v4.pdb	215
P51580	215	R	F	0.112081840185516	AF-P51580-F1-model_v4.pdb	215
P51580	215	R	G	1.05221406861837	AF-P51580-F1-model_v4.pdb	215
P51580	215	R	H	1.13632342646093	AF-P51580-F1-model_v4.pdb	215
P51580	215	R	I	1.41087578339295	AF-P51580-F1-model_v4.pdb	215
P51580	215	R	L	1.21535101383678	AF-P51580-F1-model_v4.pdb	215
P51580	215	R	M	0.7905236604628549	AF-P51580-F1-model_v4.pdb	215
P51580	215	R	N	1.12626707132107	AF-P51580-F1-model_v4.pdb	215
P51580	215	R	P	0.5768127991008659	AF-P51580-F1-model_v4.pdb	215
P51580	215	R	Q	1.06873940002549	AF-P51580-F1-model_v4.pdb	215
P51580	215	R	T	0.974562227645874	AF-P51580-F1-model_v4.pdb	215
P51580	215	R	V	0.689061559192639	AF-P51580-F1-model_v4.pdb	215
P51580	215	R	W	0.9407995066033792	AF-P51580-F1-model_v4.pdb	215
P51580	215	R	*	0.0025523768318827	AF-P51580-F1-model_v4.pdb	215
P51580	215	R	Y	1.08579489009822	AF-P51580-F1-model_v4.pdb	215
P51580	215	R	K	0.698008873345308	AF-P51580-F1-model_v4.pdb	215
P51580	215	R	S	0.9076179495119008	AF-P51580-F1-model_v4.pdb	215
P51580	216	C	P	1.34906952704182	AF-P51580-F1-model_v4.pdb	216
P51580	216	C	D	0.653685138265853	AF-P51580-F1-model_v4.pdb	216
P51580	216	C	E	1.09545589119564	AF-P51580-F1-model_v4.pdb	216
P51580	216	C	F	1.14523912943205	AF-P51580-F1-model_v4.pdb	216
P51580	216	C	G	0.9106269835746608	AF-P51580-F1-model_v4.pdb	216
P51580	216	C	K	1.34959433177795	AF-P51580-F1-model_v4.pdb	216
P51580	216	C	L	1.04969958950044	AF-P51580-F1-model_v4.pdb	216
P51580	216	C	M	1.36289257987997	AF-P51580-F1-model_v4.pdb	216
P51580	216	C	W	0.854746015309812	AF-P51580-F1-model_v4.pdb	216
P51580	216	C	V	0.975316222836707	AF-P51580-F1-model_v4.pdb	216
P51580	216	C	T	0.947865791427562	AF-P51580-F1-model_v4.pdb	216
P51580	216	C	S	0.9974786867449352	AF-P51580-F1-model_v4.pdb	216
P51580	216	C	N	1.0796747266496198	AF-P51580-F1-model_v4.pdb	216
P51580	216	C	R	0.99678002759423	AF-P51580-F1-model_v4.pdb	216
P51580	216	C	A	0.802462277230589	AF-P51580-F1-model_v4.pdb	216
P51580	216	C	*	0.450510188662953	AF-P51580-F1-model_v4.pdb	216
P51580	216	C	Q	1.02241987908295	AF-P51580-F1-model_v4.pdb	216
P51580	217	L	R	0.467901214321851	AF-P51580-F1-model_v4.pdb	217
P51580	217	L	Y	1.16129127170581	AF-P51580-F1-model_v4.pdb	217
P51580	217	L	*	0.507801908263414	AF-P51580-F1-model_v4.pdb	217
P51580	217	L	W	1.20723795156251	AF-P51580-F1-model_v4.pdb	217
P51580	217	L	V	0.944377731464384	AF-P51580-F1-model_v4.pdb	217
P51580	217	L	T	0.6158380115689821	AF-P51580-F1-model_v4.pdb	217
P51580	217	L	S	0.659385025563442	AF-P51580-F1-model_v4.pdb	217
P51580	217	L	Q	0.843612905813457	AF-P51580-F1-model_v4.pdb	217
P51580	217	L	P	0.14490928572061	AF-P51580-F1-model_v4.pdb	217
P51580	217	L	M	1.02805636876423	AF-P51580-F1-model_v4.pdb	217
P51580	217	L	I	0.898145614400218	AF-P51580-F1-model_v4.pdb	217
P51580	217	L	H	0.303699876677751	AF-P51580-F1-model_v4.pdb	217
P51580	217	L	G	0.216392965698074	AF-P51580-F1-model_v4.pdb	217
P51580	217	L	F	0.7802601037034591	AF-P51580-F1-model_v4.pdb	217
P51580	217	L	E	0.635719759900294	AF-P51580-F1-model_v4.pdb	217
P51580	217	L	D	0.288112081901293	AF-P51580-F1-model_v4.pdb	217
P51580	217	L	C	1.01276700935717	AF-P51580-F1-model_v4.pdb	217
P51580	217	L	A	0.742321219362177	AF-P51580-F1-model_v4.pdb	217
P51580	217	L	K	1.1108279168429098	AF-P51580-F1-model_v4.pdb	217
P51580	218	E	S	0.361719891743016	AF-P51580-F1-model_v4.pdb	218
P51580	218	E	R	0.5582560542998051	AF-P51580-F1-model_v4.pdb	218
P51580	218	E	T	0.871674235048293	AF-P51580-F1-model_v4.pdb	218
P51580	218	E	Q	0.8352870401367009	AF-P51580-F1-model_v4.pdb	218
P51580	218	E	W	0.778276194668934	AF-P51580-F1-model_v4.pdb	218
P51580	218	E	Y	1.02823547019752	AF-P51580-F1-model_v4.pdb	218
P51580	218	E	P	0.489952250157856	AF-P51580-F1-model_v4.pdb	218
P51580	218	E	V	0.782757769259524	AF-P51580-F1-model_v4.pdb	218
P51580	218	E	N	0.8567104603814889	AF-P51580-F1-model_v4.pdb	218
P51580	218	E	D	0.51544865866282	AF-P51580-F1-model_v4.pdb	218
P51580	218	E	L	0.787143235848025	AF-P51580-F1-model_v4.pdb	218
P51580	218	E	M	1.06908657059567	AF-P51580-F1-model_v4.pdb	218
P51580	218	E	C	1.12248035772246	AF-P51580-F1-model_v4.pdb	218
P51580	218	E	F	0.8932432177215741	AF-P51580-F1-model_v4.pdb	218
P51580	218	E	A	1.00631698904691	AF-P51580-F1-model_v4.pdb	218
P51580	218	E	H	1.02634223016087	AF-P51580-F1-model_v4.pdb	218
P51580	218	E	I	0.638368831759823	AF-P51580-F1-model_v4.pdb	218
P51580	218	E	G	0.5915670368703679	AF-P51580-F1-model_v4.pdb	218
P51580	219	K	N	0.71395188583967	AF-P51580-F1-model_v4.pdb	219
P51580	219	K	Y	0.842229786345457	AF-P51580-F1-model_v4.pdb	219
P51580	219	K	*	0.443933986025082	AF-P51580-F1-model_v4.pdb	219
P51580	219	K	V	1.17825291967997	AF-P51580-F1-model_v4.pdb	219
P51580	219	K	T	1.48617230552481	AF-P51580-F1-model_v4.pdb	219
P51580	219	K	S	1.29231057460916	AF-P51580-F1-model_v4.pdb	219
P51580	219	K	R	1.26366049293028	AF-P51580-F1-model_v4.pdb	219
P51580	219	K	Q	0.81722133552874	AF-P51580-F1-model_v4.pdb	219
P51580	219	K	M	0.696730598942651	AF-P51580-F1-model_v4.pdb	219
P51580	219	K	P	0.374185680369484	AF-P51580-F1-model_v4.pdb	219
P51580	219	K	I	0.3452836991607299	AF-P51580-F1-model_v4.pdb	219
P51580	219	K	G	0.9151615681348292	AF-P51580-F1-model_v4.pdb	219
P51580	219	K	F	0.8275590107552059	AF-P51580-F1-model_v4.pdb	219
P51580	219	K	E	1.33308446054131	AF-P51580-F1-model_v4.pdb	219
P51580	219	K	D	0.608081544484534	AF-P51580-F1-model_v4.pdb	219
P51580	219	K	C	2.02763074030293	AF-P51580-F1-model_v4.pdb	219
P51580	219	K	A	0.924962259797607	AF-P51580-F1-model_v4.pdb	219
P51580	219	K	L	0.7983254808262901	AF-P51580-F1-model_v4.pdb	219
P51580	220	V	*	0.256172644339988	AF-P51580-F1-model_v4.pdb	220
P51580	220	V	P	0.569980109460604	AF-P51580-F1-model_v4.pdb	220
P51580	220	V	W	1.18681401638301	AF-P51580-F1-model_v4.pdb	220
P51580	220	V	T	1.42073571036267	AF-P51580-F1-model_v4.pdb	220
P51580	220	V	S	0.67836429784129	AF-P51580-F1-model_v4.pdb	220
P51580	220	V	R	0.7125601920267679	AF-P51580-F1-model_v4.pdb	220
P51580	220	V	Q	1.18950923105714	AF-P51580-F1-model_v4.pdb	220
P51580	220	V	M	1.19424634462169	AF-P51580-F1-model_v4.pdb	220
P51580	220	V	E	1.07528571411256	AF-P51580-F1-model_v4.pdb	220
P51580	220	V	K	1.1014309150123998	AF-P51580-F1-model_v4.pdb	220
P51580	220	V	G	0.8948199649236239	AF-P51580-F1-model_v4.pdb	220
P51580	220	V	F	0.6762215007075288	AF-P51580-F1-model_v4.pdb	220
P51580	220	V	C	0.5274282146205029	AF-P51580-F1-model_v4.pdb	220
P51580	220	V	A	0.699411686656152	AF-P51580-F1-model_v4.pdb	220
P51580	220	V	L	0.6821149496408171	AF-P51580-F1-model_v4.pdb	220
P51580	221	D	Y	0.762885812284465	AF-P51580-F1-model_v4.pdb	221
P51580	221	D	*	0.291108628185934	AF-P51580-F1-model_v4.pdb	221
P51580	221	D	W	1.11641831928061	AF-P51580-F1-model_v4.pdb	221
P51580	221	D	V	1.19508535257281	AF-P51580-F1-model_v4.pdb	221
P51580	221	D	T	0.7162998425058841	AF-P51580-F1-model_v4.pdb	221
P51580	221	D	S	0.884177293079616	AF-P51580-F1-model_v4.pdb	221
P51580	221	D	R	0.8399461263632592	AF-P51580-F1-model_v4.pdb	221
P51580	221	D	Q	0.7807163500274749	AF-P51580-F1-model_v4.pdb	221
P51580	221	D	P	0.936892289787375	AF-P51580-F1-model_v4.pdb	221
P51580	221	D	N	0.924282711390049	AF-P51580-F1-model_v4.pdb	221
P51580	221	D	L	0.888928211132633	AF-P51580-F1-model_v4.pdb	221
P51580	221	D	K	0.810216054268134	AF-P51580-F1-model_v4.pdb	221
P51580	221	D	I	0.251324798963755	AF-P51580-F1-model_v4.pdb	221
P51580	221	D	G	0.87091592102608	AF-P51580-F1-model_v4.pdb	221
P51580	221	D	F	0.352235199291924	AF-P51580-F1-model_v4.pdb	221
P51580	221	D	E	1.02475227459848	AF-P51580-F1-model_v4.pdb	221
P51580	221	D	C	1.29584527153596	AF-P51580-F1-model_v4.pdb	221
P51580	221	D	A	0.872882054343213	AF-P51580-F1-model_v4.pdb	221
P51580	221	D	M	0.582740166645463	AF-P51580-F1-model_v4.pdb	221
P51580	222	A	Q	1.03093727266387	AF-P51580-F1-model_v4.pdb	222
P51580	222	A	R	0.9171888669035192	AF-P51580-F1-model_v4.pdb	222
P51580	222	A	S	0.991169417661588	AF-P51580-F1-model_v4.pdb	222
P51580	222	A	P	0.946244329836772	AF-P51580-F1-model_v4.pdb	222
P51580	222	A	V	1.25209495606419	AF-P51580-F1-model_v4.pdb	222
P51580	222	A	W	0.522472024220487	AF-P51580-F1-model_v4.pdb	222
P51580	222	A	Y	1.57025015440442	AF-P51580-F1-model_v4.pdb	222
P51580	222	A	T	1.11660991540321	AF-P51580-F1-model_v4.pdb	222
P51580	222	A	M	1.11738790483378	AF-P51580-F1-model_v4.pdb	222
P51580	222	A	*	0.5671678163183791	AF-P51580-F1-model_v4.pdb	222
P51580	222	A	K	0.95674945602819	AF-P51580-F1-model_v4.pdb	222
P51580	222	A	I	0.650285992483801	AF-P51580-F1-model_v4.pdb	222
P51580	222	A	H	1.41270468745365	AF-P51580-F1-model_v4.pdb	222
P51580	222	A	G	0.9820115633855	AF-P51580-F1-model_v4.pdb	222
P51580	222	A	F	0.357725591285941	AF-P51580-F1-model_v4.pdb	222
P51580	222	A	E	0.7465071287811121	AF-P51580-F1-model_v4.pdb	222
P51580	222	A	D	0.6257091957113039	AF-P51580-F1-model_v4.pdb	222
P51580	222	A	C	1.1936483965671	AF-P51580-F1-model_v4.pdb	222
P51580	222	A	L	0.98512917210217	AF-P51580-F1-model_v4.pdb	222
P51580	223	F	Q	0.244094300781233	AF-P51580-F1-model_v4.pdb	223
P51580	223	F	R	0.7224282273498009	AF-P51580-F1-model_v4.pdb	223
P51580	223	F	S	1.16077389279072	AF-P51580-F1-model_v4.pdb	223
P51580	223	F	Y	0.855457446187822	AF-P51580-F1-model_v4.pdb	223
P51580	223	F	V	0.949438128438498	AF-P51580-F1-model_v4.pdb	223
P51580	223	F	W	0.9143139219497348	AF-P51580-F1-model_v4.pdb	223
P51580	223	F	P	0.570449904874145	AF-P51580-F1-model_v4.pdb	223
P51580	223	F	T	1.3547842672776202	AF-P51580-F1-model_v4.pdb	223
P51580	223	F	N	1.04469386414911	AF-P51580-F1-model_v4.pdb	223
P51580	223	F	*	0.543850775381329	AF-P51580-F1-model_v4.pdb	223
P51580	223	F	L	1.20607991158837	AF-P51580-F1-model_v4.pdb	223
P51580	223	F	K	0.414571420835391	AF-P51580-F1-model_v4.pdb	223
P51580	223	F	I	1.4372822090249602	AF-P51580-F1-model_v4.pdb	223
P51580	223	F	G	0.8854616058804781	AF-P51580-F1-model_v4.pdb	223
P51580	223	F	E	0.419393110131427	AF-P51580-F1-model_v4.pdb	223
P51580	223	F	D	1.151810029141	AF-P51580-F1-model_v4.pdb	223
P51580	223	F	C	0.900800544168777	AF-P51580-F1-model_v4.pdb	223
P51580	223	F	A	1.0931593681148	AF-P51580-F1-model_v4.pdb	223
P51580	223	F	M	0.8549810662085591	AF-P51580-F1-model_v4.pdb	223
P51580	224	E	P	0.463003895127955	AF-P51580-F1-model_v4.pdb	224
P51580	224	E	Q	0.4643019706587821	AF-P51580-F1-model_v4.pdb	224
P51580	224	E	R	0.7239763359795279	AF-P51580-F1-model_v4.pdb	224
P51580	224	E	S	0.9240554555194068	AF-P51580-F1-model_v4.pdb	224
P51580	224	E	Y	0.735612521985596	AF-P51580-F1-model_v4.pdb	224
P51580	224	E	W	0.79984403354678	AF-P51580-F1-model_v4.pdb	224
P51580	224	E	*	0.4245986526091029	AF-P51580-F1-model_v4.pdb	224
P51580	224	E	N	1.12597368021718	AF-P51580-F1-model_v4.pdb	224
P51580	224	E	T	0.980140985049817	AF-P51580-F1-model_v4.pdb	224
P51580	224	E	M	0.8559196721739	AF-P51580-F1-model_v4.pdb	224
P51580	224	E	V	0.9804878131756428	AF-P51580-F1-model_v4.pdb	224
P51580	224	E	K	0.9639879908841492	AF-P51580-F1-model_v4.pdb	224
P51580	224	E	I	0.933395227570272	AF-P51580-F1-model_v4.pdb	224
P51580	224	E	H	0.7320453947459291	AF-P51580-F1-model_v4.pdb	224
P51580	224	E	G	0.92330010247188	AF-P51580-F1-model_v4.pdb	224
P51580	224	E	F	1.02199577749468	AF-P51580-F1-model_v4.pdb	224
P51580	224	E	D	0.7697797576661329	AF-P51580-F1-model_v4.pdb	224
P51580	224	E	C	1.23164980181113	AF-P51580-F1-model_v4.pdb	224
P51580	224	E	A	1.35799564771788	AF-P51580-F1-model_v4.pdb	224
P51580	224	E	L	0.503264007012721	AF-P51580-F1-model_v4.pdb	224
P51580	225	E	*	-0.461662090841248	AF-P51580-F1-model_v4.pdb	225
P51580	225	E	W	0.789659528527437	AF-P51580-F1-model_v4.pdb	225
P51580	225	E	V	1.06578118759078	AF-P51580-F1-model_v4.pdb	225
P51580	225	E	T	0.951361026055131	AF-P51580-F1-model_v4.pdb	225
P51580	225	E	S	0.985997619706616	AF-P51580-F1-model_v4.pdb	225
P51580	225	E	R	0.9671240314705992	AF-P51580-F1-model_v4.pdb	225
P51580	225	E	Q	1.31026185120878	AF-P51580-F1-model_v4.pdb	225
P51580	225	E	P	0.942109814983073	AF-P51580-F1-model_v4.pdb	225
P51580	225	E	L	1.52908272517636	AF-P51580-F1-model_v4.pdb	225
P51580	225	E	K	0.947173306622326	AF-P51580-F1-model_v4.pdb	225
P51580	225	E	G	0.882385876798631	AF-P51580-F1-model_v4.pdb	225
P51580	225	E	F	1.08506868703884	AF-P51580-F1-model_v4.pdb	225
P51580	225	E	A	0.968184774260048	AF-P51580-F1-model_v4.pdb	225
P51580	225	E	M	0.55521803625388	AF-P51580-F1-model_v4.pdb	225
P51580	226	R	*	0.258267355358211	AF-P51580-F1-model_v4.pdb	226
P51580	226	R	N	0.9764305985101348	AF-P51580-F1-model_v4.pdb	226
P51580	226	R	W	1.01966737083823	AF-P51580-F1-model_v4.pdb	226
P51580	226	R	V	0.6792458224150419	AF-P51580-F1-model_v4.pdb	226
P51580	226	R	T	0.7001294374379	AF-P51580-F1-model_v4.pdb	226
P51580	226	R	S	0.981797696052854	AF-P51580-F1-model_v4.pdb	226
P51580	226	R	Y	1.03771524366787	AF-P51580-F1-model_v4.pdb	226
P51580	226	R	Q	1.3419074567246398	AF-P51580-F1-model_v4.pdb	226
P51580	226	R	P	0.808720972871006	AF-P51580-F1-model_v4.pdb	226
P51580	226	R	M	1.01835178497139	AF-P51580-F1-model_v4.pdb	226
P51580	226	R	F	0.977746878099743	AF-P51580-F1-model_v4.pdb	226
P51580	226	R	K	1.05346990801687	AF-P51580-F1-model_v4.pdb	226
P51580	226	R	H	0.246520092644431	AF-P51580-F1-model_v4.pdb	226
P51580	226	R	G	0.932753951146774	AF-P51580-F1-model_v4.pdb	226
P51580	226	R	E	1.32844265029955	AF-P51580-F1-model_v4.pdb	226
P51580	226	R	D	1.79587067628885	AF-P51580-F1-model_v4.pdb	226
P51580	226	R	C	1.23185023754503	AF-P51580-F1-model_v4.pdb	226
P51580	226	R	A	1.11594478241993	AF-P51580-F1-model_v4.pdb	226
P51580	226	R	L	1.12185682946133	AF-P51580-F1-model_v4.pdb	226
P51580	227	H	P	0.7917305993328051	AF-P51580-F1-model_v4.pdb	227
P51580	227	H	R	0.894787475062188	AF-P51580-F1-model_v4.pdb	227
P51580	227	H	S	0.7241111821086809	AF-P51580-F1-model_v4.pdb	227
P51580	227	H	W	0.703188535370307	AF-P51580-F1-model_v4.pdb	227
P51580	227	H	V	1.06151525836064	AF-P51580-F1-model_v4.pdb	227
P51580	227	H	N	0.763136734930754	AF-P51580-F1-model_v4.pdb	227
P51580	227	H	*	-0.2539932130970549	AF-P51580-F1-model_v4.pdb	227
P51580	227	H	T	1.27774635946882	AF-P51580-F1-model_v4.pdb	227
P51580	227	H	M	1.0215126578893	AF-P51580-F1-model_v4.pdb	227
P51580	227	H	Q	0.7696081881441049	AF-P51580-F1-model_v4.pdb	227
P51580	227	H	K	1.09112528850373	AF-P51580-F1-model_v4.pdb	227
P51580	227	H	L	0.971530753683488	AF-P51580-F1-model_v4.pdb	227
P51580	227	H	A	0.8651623933655909	AF-P51580-F1-model_v4.pdb	227
P51580	227	H	C	0.495505549282916	AF-P51580-F1-model_v4.pdb	227
P51580	227	H	D	0.568044739960326	AF-P51580-F1-model_v4.pdb	227
P51580	227	H	Y	1.06916139335934	AF-P51580-F1-model_v4.pdb	227
P51580	227	H	F	0.651034762785399	AF-P51580-F1-model_v4.pdb	227
P51580	227	H	G	0.774150836002741	AF-P51580-F1-model_v4.pdb	227
P51580	227	H	I	0.9251318683029428	AF-P51580-F1-model_v4.pdb	227
P51580	227	H	E	0.887773519337976	AF-P51580-F1-model_v4.pdb	227
P51580	228	K	Y	0.8991847425813991	AF-P51580-F1-model_v4.pdb	228
P51580	228	K	C	0.956699423738535	AF-P51580-F1-model_v4.pdb	228
P51580	228	K	*	0.327835434426546	AF-P51580-F1-model_v4.pdb	228
P51580	228	K	W	0.92777624192558	AF-P51580-F1-model_v4.pdb	228
P51580	228	K	V	1.1717940965691298	AF-P51580-F1-model_v4.pdb	228
P51580	228	K	T	0.461850150398311	AF-P51580-F1-model_v4.pdb	228
P51580	228	K	D	1.43625778607773	AF-P51580-F1-model_v4.pdb	228
P51580	228	K	R	1.12203315876822	AF-P51580-F1-model_v4.pdb	228
P51580	228	K	Q	1.3167888258121	AF-P51580-F1-model_v4.pdb	228
P51580	228	K	P	0.899564975858413	AF-P51580-F1-model_v4.pdb	228
P51580	228	K	M	0.279884084660825	AF-P51580-F1-model_v4.pdb	228
P51580	228	K	E	1.00023126176034	AF-P51580-F1-model_v4.pdb	228
P51580	228	K	L	1.08421166972253	AF-P51580-F1-model_v4.pdb	228
P51580	228	K	I	0.776558942986803	AF-P51580-F1-model_v4.pdb	228
P51580	228	K	A	0.882285841551505	AF-P51580-F1-model_v4.pdb	228
P51580	228	K	N	0.5840656673351351	AF-P51580-F1-model_v4.pdb	228
P51580	228	K	S	0.991037337487828	AF-P51580-F1-model_v4.pdb	228
P51580	228	K	G	0.866055505539114	AF-P51580-F1-model_v4.pdb	228
P51580	228	K	H	1.40454395774766	AF-P51580-F1-model_v4.pdb	228
P51580	229	S	A	1.37806251741422	AF-P51580-F1-model_v4.pdb	229
P51580	229	S	D	1.21537942995306	AF-P51580-F1-model_v4.pdb	229
P51580	229	S	E	0.8479839866234309	AF-P51580-F1-model_v4.pdb	229
P51580	229	S	F	1.1103393561785602	AF-P51580-F1-model_v4.pdb	229
P51580	229	S	G	1.08773946257569	AF-P51580-F1-model_v4.pdb	229
P51580	229	S	H	1.01514460383954	AF-P51580-F1-model_v4.pdb	229
P51580	229	S	I	0.333790059477812	AF-P51580-F1-model_v4.pdb	229
P51580	229	S	K	-0.282823100982711	AF-P51580-F1-model_v4.pdb	229
P51580	229	S	C	-0.2284478073533289	AF-P51580-F1-model_v4.pdb	229
P51580	229	S	L	1.35705354803552	AF-P51580-F1-model_v4.pdb	229
P51580	229	S	M	0.971257198063319	AF-P51580-F1-model_v4.pdb	229
P51580	229	S	Q	1.4637266369927702	AF-P51580-F1-model_v4.pdb	229
P51580	229	S	R	1.17825364604602	AF-P51580-F1-model_v4.pdb	229
P51580	229	S	T	0.3887544874631661	AF-P51580-F1-model_v4.pdb	229
P51580	229	S	V	0.794494234138452	AF-P51580-F1-model_v4.pdb	229
P51580	229	S	W	0.968405169675345	AF-P51580-F1-model_v4.pdb	229
P51580	229	S	Y	1.28472631547972	AF-P51580-F1-model_v4.pdb	229
P51580	229	S	*	0.7557996753899542	AF-P51580-F1-model_v4.pdb	229
P51580	230	W	Y	0.689869732671004	AF-P51580-F1-model_v4.pdb	230
P51580	230	W	*	0.4154791459929021	AF-P51580-F1-model_v4.pdb	230
P51580	230	W	V	0.647562949670461	AF-P51580-F1-model_v4.pdb	230
P51580	230	W	T	1.01477758910645	AF-P51580-F1-model_v4.pdb	230
P51580	230	W	S	0.9031979581463848	AF-P51580-F1-model_v4.pdb	230
P51580	230	W	R	0.703699684787691	AF-P51580-F1-model_v4.pdb	230
P51580	230	W	Q	0.4706147729103161	AF-P51580-F1-model_v4.pdb	230
P51580	230	W	K	0.7805357641886899	AF-P51580-F1-model_v4.pdb	230
P51580	230	W	M	0.8123437339487359	AF-P51580-F1-model_v4.pdb	230
P51580	230	W	L	0.7601784153648721	AF-P51580-F1-model_v4.pdb	230
P51580	230	W	E	0.74777583140204	AF-P51580-F1-model_v4.pdb	230
P51580	230	W	I	1.1608340650171	AF-P51580-F1-model_v4.pdb	230
P51580	230	W	H	0.571305033428308	AF-P51580-F1-model_v4.pdb	230
P51580	230	W	G	0.7885185635653069	AF-P51580-F1-model_v4.pdb	230
P51580	230	W	A	1.14825226071005	AF-P51580-F1-model_v4.pdb	230
P51580	230	W	P	0.603119789336023	AF-P51580-F1-model_v4.pdb	230
P51580	230	W	D	0.785859889063115	AF-P51580-F1-model_v4.pdb	230
P51580	231	G	K	0.911221038131866	AF-P51580-F1-model_v4.pdb	231
P51580	231	G	V	0.6992603333702679	AF-P51580-F1-model_v4.pdb	231
P51580	231	G	P	0.797439603354074	AF-P51580-F1-model_v4.pdb	231
P51580	231	G	M	0.5413833757961971	AF-P51580-F1-model_v4.pdb	231
P51580	231	G	L	0.8191772814207859	AF-P51580-F1-model_v4.pdb	231
P51580	231	G	Y	0.5266555581863189	AF-P51580-F1-model_v4.pdb	231
P51580	231	G	R	0.9527958257786427	AF-P51580-F1-model_v4.pdb	231
P51580	231	G	I	1.02105522599995	AF-P51580-F1-model_v4.pdb	231
P51580	231	G	H	1.16904467634235	AF-P51580-F1-model_v4.pdb	231
P51580	231	G	F	0.413259092963054	AF-P51580-F1-model_v4.pdb	231
P51580	231	G	Q	1.43679131044388	AF-P51580-F1-model_v4.pdb	231
P51580	231	G	E	1.0067920171758802	AF-P51580-F1-model_v4.pdb	231
P51580	231	G	D	1.16969435300245	AF-P51580-F1-model_v4.pdb	231
P51580	231	G	C	0.872427647142014	AF-P51580-F1-model_v4.pdb	231
P51580	231	G	A	0.901554748173052	AF-P51580-F1-model_v4.pdb	231
P51580	231	G	T	0.540134042790832	AF-P51580-F1-model_v4.pdb	231
P51580	231	G	W	0.546996226395927	AF-P51580-F1-model_v4.pdb	231
P51580	231	G	*	0.9075537334093492	AF-P51580-F1-model_v4.pdb	231
P51580	231	G	S	0.9269799463590258	AF-P51580-F1-model_v4.pdb	231
P51580	232	I	H	0.131112520447657	AF-P51580-F1-model_v4.pdb	232
P51580	232	I	G	0.6734432156753729	AF-P51580-F1-model_v4.pdb	232
P51580	232	I	K	0.578217143209359	AF-P51580-F1-model_v4.pdb	232
P51580	232	I	M	0.661351537710173	AF-P51580-F1-model_v4.pdb	232
P51580	232	I	P	0.637880041899042	AF-P51580-F1-model_v4.pdb	232
P51580	232	I	Q	0.962815109395547	AF-P51580-F1-model_v4.pdb	232
P51580	232	I	R	0.6992011309411199	AF-P51580-F1-model_v4.pdb	232
P51580	232	I	S	0.7615744984404491	AF-P51580-F1-model_v4.pdb	232
P51580	232	I	T	0.702316046871189	AF-P51580-F1-model_v4.pdb	232
P51580	232	I	V	0.8419746623331129	AF-P51580-F1-model_v4.pdb	232
P51580	232	I	W	0.835012641947027	AF-P51580-F1-model_v4.pdb	232
P51580	232	I	L	0.946813876023158	AF-P51580-F1-model_v4.pdb	232
P51580	232	I	D	0.500759186198428	AF-P51580-F1-model_v4.pdb	232
P51580	232	I	E	0.630407391426457	AF-P51580-F1-model_v4.pdb	232
P51580	232	I	A	0.850138897116251	AF-P51580-F1-model_v4.pdb	232
P51580	232	I	*	0.7346213058921031	AF-P51580-F1-model_v4.pdb	232
P51580	232	I	C	0.703635713686402	AF-P51580-F1-model_v4.pdb	232
P51580	233	D	*	0.790349621957218	AF-P51580-F1-model_v4.pdb	233
P51580	233	D	W	0.988291996025821	AF-P51580-F1-model_v4.pdb	233
P51580	233	D	C	1.33323942340443	AF-P51580-F1-model_v4.pdb	233
P51580	233	D	V	0.813004698284312	AF-P51580-F1-model_v4.pdb	233
P51580	233	D	E	1.31171546513387	AF-P51580-F1-model_v4.pdb	233
P51580	233	D	S	1.13280611176041	AF-P51580-F1-model_v4.pdb	233
P51580	233	D	R	1.2439352349718702	AF-P51580-F1-model_v4.pdb	233
P51580	233	D	P	0.713938046826623	AF-P51580-F1-model_v4.pdb	233
P51580	233	D	L	0.68881264585152	AF-P51580-F1-model_v4.pdb	233
P51580	233	D	K	0.604693608369092	AF-P51580-F1-model_v4.pdb	233
P51580	233	D	G	1.00414216782654	AF-P51580-F1-model_v4.pdb	233
P51580	233	D	H	1.52241480560745	AF-P51580-F1-model_v4.pdb	233
P51580	233	D	I	0.877237010337882	AF-P51580-F1-model_v4.pdb	233
P51580	233	D	Q	1.16577556998607	AF-P51580-F1-model_v4.pdb	233
P51580	233	D	A	1.25615787503575	AF-P51580-F1-model_v4.pdb	233
P51580	234	C	G	0.9604048407332292	AF-P51580-F1-model_v4.pdb	234
P51580	234	C	K	0.0848498049858669	AF-P51580-F1-model_v4.pdb	234
P51580	234	C	A	1.29961744062781	AF-P51580-F1-model_v4.pdb	234
P51580	234	C	M	1.26081752838624	AF-P51580-F1-model_v4.pdb	234
P51580	234	C	N	0.662398544838277	AF-P51580-F1-model_v4.pdb	234
P51580	234	C	D	1.6687597542308	AF-P51580-F1-model_v4.pdb	234
P51580	234	C	P	0.815967715914971	AF-P51580-F1-model_v4.pdb	234
P51580	234	C	Q	1.16643660473205	AF-P51580-F1-model_v4.pdb	234
P51580	234	C	R	0.8495774077225129	AF-P51580-F1-model_v4.pdb	234
P51580	234	C	S	1.1254823823073798	AF-P51580-F1-model_v4.pdb	234
P51580	234	C	L	1.10427862955804	AF-P51580-F1-model_v4.pdb	234
P51580	234	C	T	0.9972727093478442	AF-P51580-F1-model_v4.pdb	234
P51580	234	C	V	1.2727308115216398	AF-P51580-F1-model_v4.pdb	234
P51580	234	C	W	1.0515638017582098	AF-P51580-F1-model_v4.pdb	234
P51580	234	C	*	-0.312547996453395	AF-P51580-F1-model_v4.pdb	234
P51580	235	L	E	0.1459055364515059	AF-P51580-F1-model_v4.pdb	235
P51580	235	L	M	1.26985017692173	AF-P51580-F1-model_v4.pdb	235
P51580	235	L	N	0.959380400719672	AF-P51580-F1-model_v4.pdb	235
P51580	235	L	D	1.18555607664119	AF-P51580-F1-model_v4.pdb	235
P51580	235	L	G	0.8850516662672758	AF-P51580-F1-model_v4.pdb	235
P51580	235	L	V	0.98989997713492	AF-P51580-F1-model_v4.pdb	235
P51580	235	L	Q	1.23105885789468	AF-P51580-F1-model_v4.pdb	235
P51580	235	L	P	0.6182346516392441	AF-P51580-F1-model_v4.pdb	235
P51580	235	L	Y	0.826621580077718	AF-P51580-F1-model_v4.pdb	235
P51580	235	L	W	0.6480692610993579	AF-P51580-F1-model_v4.pdb	235
P51580	235	L	I	1.22782619765502	AF-P51580-F1-model_v4.pdb	235
P51580	235	L	T	-0.11650166158672	AF-P51580-F1-model_v4.pdb	235
P51580	235	L	S	0.963063810036505	AF-P51580-F1-model_v4.pdb	235
P51580	235	L	R	0.402926180712239	AF-P51580-F1-model_v4.pdb	235
P51580	235	L	K	0.681395662014433	AF-P51580-F1-model_v4.pdb	235
P51580	236	F	A	1.3067170211698	AF-P51580-F1-model_v4.pdb	236
P51580	236	F	C	0.603557477851891	AF-P51580-F1-model_v4.pdb	236
P51580	236	F	G	0.8057365936063491	AF-P51580-F1-model_v4.pdb	236
P51580	236	F	L	0.696593806617969	AF-P51580-F1-model_v4.pdb	236
P51580	236	F	N	1.73258994804908	AF-P51580-F1-model_v4.pdb	236
P51580	236	F	P	0.71451614297935	AF-P51580-F1-model_v4.pdb	236
P51580	236	F	R	0.9532851591871742	AF-P51580-F1-model_v4.pdb	236
P51580	236	F	S	1.1384272028036202	AF-P51580-F1-model_v4.pdb	236
P51580	236	F	T	0.734165338756015	AF-P51580-F1-model_v4.pdb	236
P51580	236	F	W	1.06536591807194	AF-P51580-F1-model_v4.pdb	236
P51580	236	F	E	0.8994040126656391	AF-P51580-F1-model_v4.pdb	236
P51580	236	F	V	1.27986880511095	AF-P51580-F1-model_v4.pdb	236
P51580	237	E	V	0.728962038709799	AF-P51580-F1-model_v4.pdb	237
P51580	237	E	D	0.5930156637773311	AF-P51580-F1-model_v4.pdb	237
P51580	237	E	F	1.24957691051835	AF-P51580-F1-model_v4.pdb	237
P51580	237	E	G	0.491296324283425	AF-P51580-F1-model_v4.pdb	237
P51580	237	E	H	1.0583066206941	AF-P51580-F1-model_v4.pdb	237
P51580	237	E	K	0.280072689638612	AF-P51580-F1-model_v4.pdb	237
P51580	237	E	L	0.8866572914517221	AF-P51580-F1-model_v4.pdb	237
P51580	237	E	M	0.864429797112528	AF-P51580-F1-model_v4.pdb	237
P51580	237	E	N	-0.0021610927538984	AF-P51580-F1-model_v4.pdb	237
P51580	237	E	C	0.683185995711015	AF-P51580-F1-model_v4.pdb	237
P51580	237	E	P	0.498870520042734	AF-P51580-F1-model_v4.pdb	237
P51580	237	E	R	0.722898384518574	AF-P51580-F1-model_v4.pdb	237
P51580	237	E	S	0.938941235332559	AF-P51580-F1-model_v4.pdb	237
P51580	237	E	T	-0.214465104888825	AF-P51580-F1-model_v4.pdb	237
P51580	237	E	W	0.251976787415822	AF-P51580-F1-model_v4.pdb	237
P51580	237	E	*	0.210398440102434	AF-P51580-F1-model_v4.pdb	237
P51580	237	E	Y	0.5305974488972091	AF-P51580-F1-model_v4.pdb	237
P51580	237	E	Q	1.05757875626114	AF-P51580-F1-model_v4.pdb	237
P51580	237	E	A	0.582283732467999	AF-P51580-F1-model_v4.pdb	237
P51580	238	K	L	0.385498900009118	AF-P51580-F1-model_v4.pdb	238
P51580	238	K	G	0.943397604439327	AF-P51580-F1-model_v4.pdb	238
P51580	238	K	M	1.3305750265029	AF-P51580-F1-model_v4.pdb	238
P51580	238	K	E	1.23716350640477	AF-P51580-F1-model_v4.pdb	238
P51580	238	K	D	1.1086619206637	AF-P51580-F1-model_v4.pdb	238
P51580	238	K	N	1.6624595822335602	AF-P51580-F1-model_v4.pdb	238
P51580	238	K	P	0.490749026721139	AF-P51580-F1-model_v4.pdb	238
P51580	238	K	Q	1.28410196310834	AF-P51580-F1-model_v4.pdb	238
P51580	238	K	C	1.25564611998827	AF-P51580-F1-model_v4.pdb	238
P51580	238	K	Y	0.364252215456698	AF-P51580-F1-model_v4.pdb	238
P51580	238	K	*	-0.246946832685242	AF-P51580-F1-model_v4.pdb	238
P51580	238	K	W	0.9822110377340392	AF-P51580-F1-model_v4.pdb	238
P51580	238	K	A	1.20019786758805	AF-P51580-F1-model_v4.pdb	238
P51580	238	K	T	0.787888283437054	AF-P51580-F1-model_v4.pdb	238
P51580	238	K	S	0.925686383062354	AF-P51580-F1-model_v4.pdb	238
P51580	238	K	R	1.04614757968597	AF-P51580-F1-model_v4.pdb	238
P51580	238	K	V	1.0290135803143798	AF-P51580-F1-model_v4.pdb	238
P51580	239	L	R	0.65493953346262	AF-P51580-F1-model_v4.pdb	239
P51580	239	L	P	0.5680730574230191	AF-P51580-F1-model_v4.pdb	239
P51580	239	L	V	0.935794277004482	AF-P51580-F1-model_v4.pdb	239
P51580	239	L	W	0.7113943216319231	AF-P51580-F1-model_v4.pdb	239
P51580	239	L	N	0.633299205685933	AF-P51580-F1-model_v4.pdb	239
P51580	239	L	M	0.832264831739963	AF-P51580-F1-model_v4.pdb	239
P51580	239	L	K	0.326874172703522	AF-P51580-F1-model_v4.pdb	239
P51580	239	L	G	0.442994480537728	AF-P51580-F1-model_v4.pdb	239
P51580	239	L	F	1.37784998548914	AF-P51580-F1-model_v4.pdb	239
P51580	239	L	E	0.45202084891504	AF-P51580-F1-model_v4.pdb	239
P51580	239	L	C	0.863245226497383	AF-P51580-F1-model_v4.pdb	239
P51580	239	L	*	0.582002119917823	AF-P51580-F1-model_v4.pdb	239
P51580	239	L	Y	0.40540456823623	AF-P51580-F1-model_v4.pdb	239
P51580	239	L	A	0.5984928552779879	AF-P51580-F1-model_v4.pdb	239
P51580	239	L	H	0.258136642107746	AF-P51580-F1-model_v4.pdb	239
P51580	239	L	D	0.6427185539811621	AF-P51580-F1-model_v4.pdb	239
P51580	239	L	T	0.774315733476792	AF-P51580-F1-model_v4.pdb	239
P51580	239	L	S	0.746672889192503	AF-P51580-F1-model_v4.pdb	239
P51580	240	Y	D	-0.0894663214778875	AF-P51580-F1-model_v4.pdb	240
P51580	240	Y	R	-0.0366698238382083	AF-P51580-F1-model_v4.pdb	240
P51580	240	Y	*	-0.0243303076951588	AF-P51580-F1-model_v4.pdb	240
P51580	240	Y	W	0.767968525433278	AF-P51580-F1-model_v4.pdb	240
P51580	240	Y	V	0.385719153429264	AF-P51580-F1-model_v4.pdb	240
P51580	240	Y	M	0.82435650529349	AF-P51580-F1-model_v4.pdb	240
P51580	240	Y	T	0.267242378328405	AF-P51580-F1-model_v4.pdb	240
P51580	240	Y	P	0.0203801972935166	AF-P51580-F1-model_v4.pdb	240
P51580	240	Y	C	0.5997621684979789	AF-P51580-F1-model_v4.pdb	240
P51580	240	Y	L	1.0000435410554	AF-P51580-F1-model_v4.pdb	240
P51580	240	Y	K	0.0831950568089687	AF-P51580-F1-model_v4.pdb	240
P51580	240	Y	I	1.02372305966182	AF-P51580-F1-model_v4.pdb	240
P51580	240	Y	G	0.0876264742239985	AF-P51580-F1-model_v4.pdb	240
P51580	240	Y	E	0.175401058309863	AF-P51580-F1-model_v4.pdb	240
P51580	240	Y	A	0.0030959764250293	AF-P51580-F1-model_v4.pdb	240
P51580	240	Y	S	0.169018792686225	AF-P51580-F1-model_v4.pdb	240
P51580	241	L	K	1.0722098679669598	AF-P51580-F1-model_v4.pdb	241
P51580	241	L	A	1.08136163059816	AF-P51580-F1-model_v4.pdb	241
P51580	241	L	C	1.08321080120916	AF-P51580-F1-model_v4.pdb	241
P51580	241	L	D	0.4106224216793379	AF-P51580-F1-model_v4.pdb	241
P51580	241	L	E	1.07042638446487	AF-P51580-F1-model_v4.pdb	241
P51580	241	L	G	0.48523118556538	AF-P51580-F1-model_v4.pdb	241
P51580	241	L	S	0.9506510567737758	AF-P51580-F1-model_v4.pdb	241
P51580	241	L	M	0.5922440228393331	AF-P51580-F1-model_v4.pdb	241
P51580	241	L	P	-0.304745939858234	AF-P51580-F1-model_v4.pdb	241
P51580	241	L	Q	0.9558405038637	AF-P51580-F1-model_v4.pdb	241
P51580	241	L	R	0.5824032909092199	AF-P51580-F1-model_v4.pdb	241
P51580	241	L	T	1.22413575245021	AF-P51580-F1-model_v4.pdb	241
P51580	241	L	W	0.494917028218447	AF-P51580-F1-model_v4.pdb	241
P51580	242	L	S	-0.195999013615836	AF-P51580-F1-model_v4.pdb	242
P51580	242	L	A	0.473478415422616	AF-P51580-F1-model_v4.pdb	242
P51580	242	L	F	0.871261874193419	AF-P51580-F1-model_v4.pdb	242
P51580	242	L	N	-0.0444316789904522	AF-P51580-F1-model_v4.pdb	242
P51580	242	L	Q	-0.0312173720656084	AF-P51580-F1-model_v4.pdb	242
P51580	242	L	R	0.0338393534733872	AF-P51580-F1-model_v4.pdb	242
P51580	242	L	M	0.763500505421263	AF-P51580-F1-model_v4.pdb	242
P51580	242	L	G	0.448535128660443	AF-P51580-F1-model_v4.pdb	242
P51580	242	L	Y	0.344124289653593	AF-P51580-F1-model_v4.pdb	242
P51580	242	L	*	0.158475726548345	AF-P51580-F1-model_v4.pdb	242
P51580	242	L	W	0.0995334767269114	AF-P51580-F1-model_v4.pdb	242
P51580	242	L	T	-0.158454550572632	AF-P51580-F1-model_v4.pdb	242
P51580	242	L	V	0.7836088722107099	AF-P51580-F1-model_v4.pdb	242
P51580	243	T	R	0.9177347776134972	AF-P51580-F1-model_v4.pdb	243
P51580	243	T	L	0.87777871783234	AF-P51580-F1-model_v4.pdb	243
P51580	243	T	F	1.08642257386275	AF-P51580-F1-model_v4.pdb	243
P51580	243	T	P	0.1135675623063019	AF-P51580-F1-model_v4.pdb	243
P51580	243	T	E	0.802999434506726	AF-P51580-F1-model_v4.pdb	243
P51580	243	T	D	1.2933401413720902	AF-P51580-F1-model_v4.pdb	243
P51580	243	T	Q	0.9554700842971992	AF-P51580-F1-model_v4.pdb	243
P51580	243	T	*	0.0184964504987044	AF-P51580-F1-model_v4.pdb	243
P51580	243	T	S	1.0880937754644	AF-P51580-F1-model_v4.pdb	243
P51580	243	T	G	0.624875887838087	AF-P51580-F1-model_v4.pdb	243
P51580	243	T	A	1.03183673247731	AF-P51580-F1-model_v4.pdb	243
P51580	243	T	V	0.6969142163166739	AF-P51580-F1-model_v4.pdb	243
P51580	243	T	W	0.674902295128758	AF-P51580-F1-model_v4.pdb	243
P51580	243	T	C	1.27751123522503	AF-P51580-F1-model_v4.pdb	243
P51580	244	E	G	0.986548966630602	AF-P51580-F1-model_v4.pdb	244
P51580	244	E	H	0.764225787553322	AF-P51580-F1-model_v4.pdb	244
P51580	244	E	C	1.06908179430015	AF-P51580-F1-model_v4.pdb	244
P51580	244	E	L	0.998346294569832	AF-P51580-F1-model_v4.pdb	244
P51580	244	E	F	0.644841730770218	AF-P51580-F1-model_v4.pdb	244
P51580	244	E	A	0.824595233006407	AF-P51580-F1-model_v4.pdb	244
P51580	244	E	P	1.10400573583629	AF-P51580-F1-model_v4.pdb	244
P51580	244	E	Q	1.12396211332787	AF-P51580-F1-model_v4.pdb	244
P51580	244	E	R	0.864226472574279	AF-P51580-F1-model_v4.pdb	244
P51580	244	E	S	1.01487366036894	AF-P51580-F1-model_v4.pdb	244
P51580	244	E	T	0.988245973705506	AF-P51580-F1-model_v4.pdb	244
P51580	244	E	V	0.65623351851175	AF-P51580-F1-model_v4.pdb	244
P51580	244	E	D	0.6358556267487759	AF-P51580-F1-model_v4.pdb	244
P51580	244	E	W	0.854227860653626	AF-P51580-F1-model_v4.pdb	244
P51580	245	K	*	0.873035359028359	AF-P51580-F1-model_v4.pdb	245
P51580	245	K	W	0.836355714637716	AF-P51580-F1-model_v4.pdb	245
P51580	245	K	V	0.6717793189676589	AF-P51580-F1-model_v4.pdb	245
P51580	245	K	T	0.900250255975831	AF-P51580-F1-model_v4.pdb	245
P51580	245	K	S	0.665628859178015	AF-P51580-F1-model_v4.pdb	245
P51580	245	K	R	0.831916743813073	AF-P51580-F1-model_v4.pdb	245
P51580	245	K	Q	0.883112017994958	AF-P51580-F1-model_v4.pdb	245
P51580	245	K	D	0.749280217333417	AF-P51580-F1-model_v4.pdb	245
P51580	245	K	E	0.972904783489034	AF-P51580-F1-model_v4.pdb	245
P51580	245	K	L	0.90839527369276	AF-P51580-F1-model_v4.pdb	245
P51580	245	K	N	1.04326423828078	AF-P51580-F1-model_v4.pdb	245
P51580	245	K	C	0.7682287080728321	AF-P51580-F1-model_v4.pdb	245
P51580	245	K	P	1.17793449327134	AF-P51580-F1-model_v4.pdb	245
P51580	245	K	A	0.9429966766518092	AF-P51580-F1-model_v4.pdb	245
P51580	245	K	M	0.949792203905118	AF-P51580-F1-model_v4.pdb	245
P51580	245	K	F	1.20817638679648	AF-P51580-F1-model_v4.pdb	245
P51580	245	K	G	0.883405599807529	AF-P51580-F1-model_v4.pdb	245
