Variant,Prediction,SD,Comment
p.Ala1617Cys,0.9939742,0.018432619,*
p.Ala1617Asp,0.6558505,0.031042196,*
p.Ala1617Glu,0.6771314,0.022033166,*
p.Ala1617Phe,0.8280597,0.014583887,*
p.Ala1617Gly,0.9019213,0.021118367,*
p.Ala1617His,0.7908426,0.020783888,*
p.Ala1617Ile,0.8704542,0.018116314,*
p.Ala1617Lys,0.6609982,0.025450414,*
p.Ala1617Leu,0.8373872,0.013178348,*
p.Ala1617Met,0.800712,0.01151645,*
p.Ala1617Asn,0.80930185,0.028345997,*
p.Ala1617Pro,0.7839726,0.021768354,*
p.Ala1617Gln,0.740062,0.014523417,*
p.Ala1617Arg,0.6833149,0.020707434,*
p.Ala1617Ser,0.9329899,0.017612917,*
p.Ala1617Thr,0.95087546,0.019564196,*
p.Ala1617Val,0.9640187,0.016433053,*
p.Ala1617Trp,0.7826946,0.012782696,*
p.Ala1617Tyr,0.8467962,0.020611882,*
p.Ala1622Cys,0.97993433,0.011312273,*
p.Ala1622Asp,0.8704441,0.025677817,*
p.Ala1622Glu,0.70801723,0.03205375,*
p.Ala1622Phe,0.8174351,0.017582675,*
p.Ala1622Gly,0.93672407,0.012534432,*
p.Ala1622His,0.7545623,0.030380605,*
p.Ala1622Ile,0.85838634,0.015799515,*
p.Ala1622Lys,0.7061658,0.027262589,*
p.Ala1622Leu,0.8251502,0.01784789,*
p.Ala1622Met,0.79157674,0.020432074,*
p.Ala1622Asn,0.93385774,0.030924737,*
p.Ala1622Pro,0.7204257,0.026967399,*
p.Ala1622Gln,0.78436244,0.031095756,*
p.Ala1622Arg,0.7657434,0.032828134,*
p.Ala1622Ser,1.0350177,0.018285265,*
p.Ala1622Thr,0.9060668,0.020111607,*
p.Ala1622Val,0.94388473,0.029086877,*
p.Ala1622Trp,0.7231406,0.015878623,*
p.Ala1622Tyr,0.82729924,0.023777261,*
p.Ala1700Cys,1.0577006,0.006389464,*
p.Ala1700Asp,0.94271976,0.022154367,*
p.Ala1700Glu,0.9872858,0.01610774,*
p.Ala1700Phe,0.9688457,0.017237687,*
p.Ala1700Gly,1.012072,0.014070827,*
p.Ala1700His,0.9804494,0.019767843,*
p.Ala1700Ile,0.9851678,0.013757706,*
p.Ala1700Lys,0.87832224,0.024346337,*
p.Ala1700Leu,0.9384941,0.02231699,*
p.Ala1700Met,0.978731,0.011376601,*
p.Ala1700Asn,0.96501076,0.019337926,*
p.Ala1700Pro,0.9135305,0.021820324,*
p.Ala1700Gln,0.9605487,0.022847956,*
p.Ala1700Arg,0.9599652,0.011252214,*
p.Ala1700Ser,1.0456554,0.008530434,*
p.Ala1700Thr,1.0588644,0.015556638,*
p.Ala1700Val,1.0253811,0.020905048,*
p.Ala1700Trp,0.9294025,0.015999023,*
p.Ala1700Tyr,0.99887955,0.015880428,*
p.Ala1712Cys,0.9539403,0.014973468,*
p.Ala1712Asp,0.65916,0.030946206,*
p.Ala1712Glu,0.6455139,0.041849323,*
p.Ala1712Phe,0.7472863,0.020889182,*
p.Ala1712Gly,0.86199296,0.017197551,*
p.Ala1712His,0.6750069,0.025199464,*
p.Ala1712Ile,0.7341677,0.02744512,*
p.Ala1712Lys,0.59643143,0.029333686,*
p.Ala1712Leu,0.78638715,0.016239427,*
p.Ala1712Met,0.7446729,0.016784467,*
p.Ala1712Asn,0.7514223,0.0327933,*
p.Ala1712Pro,0.6191612,0.024156842,*
p.Ala1712Gln,0.66990566,0.036441967,*
p.Ala1712Arg,0.64510936,0.03401829,*
p.Ala1712Ser,0.94586676,0.0119397715,*
p.Ala1712Thr,0.96718454,0.019863052,*
p.Ala1712Val,0.8500595,0.0246883,*
p.Ala1712Trp,0.6554531,0.024198184,*
p.Ala1712Tyr,0.7788869,0.019659368,*
p.Ala1716Cys,0.90960485,0.02236041,*
p.Ala1716Asp,0.68401754,0.03285898,*
p.Ala1716Glu,0.6442095,0.03624227,*
p.Ala1716Phe,0.71453273,0.020170214,*
p.Ala1716Gly,0.8445686,0.013557501,*
p.Ala1716Ile,0.71530014,0.023021383,*
p.Ala1716Lys,0.62730116,0.026030501,*
p.Ala1716Leu,0.7278785,0.019926984,*
p.Ala1716Met,0.73746103,0.01841828,*
p.Ala1716Asn,0.7215252,0.028002996,*
p.Ala1716Pro,0.71000785,0.02212917,*
p.Ala1716Gln,0.6751107,0.029431712,*
p.Ala1716Arg,0.64587146,0.026026705,*
p.Ala1716Ser,0.9358408,0.021820966,*
p.Ala1716Thr,0.77726364,0.016938478,*
p.Ala1716Val,0.75513613,0.032136757,*
p.Ala1716Trp,0.6812464,0.023135552,*
p.Ala1716Tyr,0.72997975,0.016772103,*
p.Ala1719Cys,0.9643431,0.02149844,*
p.Ala1719Asp,0.7627884,0.028392978,*
p.Ala1719Glu,0.7456852,0.03707144,*
p.Ala1719Phe,0.7686678,0.022943854,*
p.Ala1719Gly,0.87310725,0.018208938,*
p.Ala1719His,0.7302831,0.016450929,*
p.Ala1719Ile,0.78169036,0.020467719,*
p.Ala1719Lys,0.6408363,0.027928159,*
p.Ala1719Met,0.7851069,0.017391566,*
p.Ala1719Asn,0.78257644,0.022760881,*
p.Ala1719Pro,0.7583724,0.02914507,*
p.Ala1719Gln,0.7168198,0.035424523,*
p.Ala1719Arg,0.7197243,0.037326545,*
p.Ala1719Ser,0.98026866,0.018538546,*
p.Ala1719Thr,0.8760635,0.02235062,*
p.Ala1719Val,0.8318912,0.01415163,*
p.Ala1719Trp,0.758357,0.02328408,*
p.Ala1719Tyr,0.7730564,0.012012305,*
p.Ala1722Cys,0.9451586,0.015965626,*
p.Ala1722Asp,0.79995495,0.032051064,*
p.Ala1722Glu,0.8186324,0.03998232,*
p.Ala1722Phe,0.8399531,0.027453726,*
p.Ala1722Gly,0.91164285,0.016633097,*
p.Ala1722His,0.7333604,0.03221467,*
p.Ala1722Ile,0.8419078,0.018460913,*
p.Ala1722Lys,0.70167226,0.031078435,*
p.Ala1722Leu,0.863726,0.02605109,*
p.Ala1722Met,0.8660822,0.012351094,*
p.Ala1722Asn,0.8082554,0.036121305,*
p.Ala1722Pro,0.8367745,0.024359645,*
p.Ala1722Gln,0.78562886,0.037501074,*
p.Ala1722Arg,0.78370583,0.035308428,*
p.Ala1722Ser,0.9568106,0.015574185,*
p.Ala1722Thr,0.92699146,0.017882762,*
p.Ala1722Val,0.8636123,0.019493124,*
p.Ala1722Trp,0.8002226,0.025133746,*
p.Ala1722Tyr,0.8164493,0.023313249,*
p.Ala1742Cys,0.9637597,0.023895407,*
p.Ala1742Asp,0.9335968,0.019870764,*
p.Ala1742Glu,0.7786154,0.03758796,*
p.Ala1742Phe,0.77912664,0.024541542,*
p.Ala1742Gly,0.8969628,0.019522203,*
p.Ala1742His,0.7449008,0.02698448,*
p.Ala1742Ile,0.7545755,0.023660827,*
p.Ala1742Lys,0.70361626,0.04171782,*
p.Ala1742Leu,0.7985109,0.024200412,*
p.Ala1742Met,0.7999171,0.021715017,*
p.Ala1742Asn,0.90247285,0.02690471,*
p.Ala1742Pro,0.7929832,0.038827132,*
p.Ala1742Gln,0.799822,0.03139832,*
p.Ala1742Arg,0.75386685,0.035599083,*
p.Ala1742Ser,0.9730666,0.025088435,*
p.Ala1742Thr,0.9540733,0.01564987,*
p.Ala1742Val,0.8944642,0.02390785,*
p.Ala1742Trp,0.7534679,0.028726706,*
p.Ala1742Tyr,0.80008936,0.021312261,*
p.Ala1758Cys,0.97210854,0.01903288,*
p.Ala1758Asp,0.9830893,0.008027294,*
p.Ala1758Glu,0.9575965,0.030287312,*
p.Ala1758Phe,0.94772303,0.01565713,*
p.Ala1758Gly,1.0058318,0.006503921,*
p.Ala1758His,0.9415759,0.028328884,*
p.Ala1758Ile,0.9658281,0.016977584,*
p.Ala1758Lys,0.89596015,0.022609351,*
p.Ala1758Leu,0.9314245,0.010995103,*
p.Ala1758Met,0.974106,0.01335259,*
p.Ala1758Asn,0.964121,0.016722294,*
p.Ala1758Pro,0.8728509,0.01747261,*
p.Ala1758Gln,0.9522306,0.03632705,*
p.Ala1758Arg,0.9293126,0.025787946,*
p.Ala1758Ser,0.96008986,0.007741168,*
p.Ala1758Thr,0.952844,0.015045806,*
p.Ala1758Val,0.9643949,0.012621353,*
p.Ala1758Trp,0.93196046,0.016833164,*
p.Ala1758Tyr,0.9299108,0.018927202,*
p.Ala1759Cys,0.9423682,0.0135443015,*
p.Ala1759Asp,0.96811926,0.017923955,*
p.Ala1759Glu,0.9630248,0.022016061,*
p.Ala1759Phe,0.96495646,0.009507964,*
p.Ala1759Gly,1.0055382,0.006273394,*
p.Ala1759His,0.9885341,0.024152813,*
p.Ala1759Ile,0.97824967,0.0179566,*
p.Ala1759Lys,0.9110323,0.023917748,*
p.Ala1759Leu,0.9686329,0.011354937,*
p.Ala1759Met,1.0148263,0.011170504,*
p.Ala1759Asn,0.99894255,0.013607785,*
p.Ala1759Pro,0.85825795,0.019351846,*
p.Ala1759Gln,0.9796467,0.024303187,*
p.Ala1759Arg,0.9526762,0.015473386,*
p.Ala1759Ser,1.0286561,0.014180473,*
p.Ala1759Thr,1.0592018,0.015863322,*
p.Ala1759Val,0.9933402,0.014045784,*
p.Ala1759Trp,0.9335602,0.0119624855,*
p.Ala1759Tyr,0.9805527,0.015798748,*
p.Ala1776Cys,0.970394,0.011261394,*
p.Ala1776Asp,0.90841657,0.026681775,*
p.Ala1776Glu,0.9695026,0.02976733,*
p.Ala1776Phe,0.9538568,0.023178412,*
p.Ala1776Gly,1.0071529,0.015779117,*
p.Ala1776His,0.95288515,0.021679714,*
p.Ala1776Ile,0.99108016,0.02012212,*
p.Ala1776Lys,0.9206392,0.03144615,*
p.Ala1776Leu,0.93995684,0.020035582,*
p.Ala1776Met,0.95652676,0.0196326,*
p.Ala1776Asn,0.91293776,0.026483996,*
p.Ala1776Pro,0.94865215,0.024098763,*
p.Ala1776Gln,0.93780947,0.023117656,*
p.Ala1776Arg,0.9565716,0.02032188,*
p.Ala1776Ser,0.94730216,0.02350778,*
p.Ala1776Thr,1.0196528,0.028751545,*
p.Ala1776Val,0.98573416,0.01009482,*
p.Ala1776Trp,0.91350806,0.015941638,*
p.Ala1776Tyr,0.98595273,0.028977564,*
p.Ala1778Cys,0.9915887,0.016101578,*
p.Ala1778Asp,0.9811686,0.021179663,*
p.Ala1778Glu,0.96178836,0.0269276,*
p.Ala1778Phe,0.9567274,0.013150527,*
p.Ala1778Gly,1.0032167,0.015557335,*
p.Ala1778His,0.9512085,0.02820155,*
p.Ala1778Ile,0.94807136,0.015186257,*
p.Ala1778Lys,0.88464105,0.018492486,*
p.Ala1778Leu,0.90851545,0.016747633,*
p.Ala1778Met,0.9548081,0.014810342,*
p.Ala1778Asn,0.9174145,0.021695632,*
p.Ala1778Pro,0.970428,0.035357866,*
p.Ala1778Gln,0.9925712,0.02226055,*
p.Ala1778Arg,0.9318498,0.0162487,*
p.Ala1778Ser,0.9951414,0.01799916,*
p.Ala1778Thr,0.9980036,0.017168658,*
p.Ala1778Val,0.97930545,0.014677812,*
p.Ala1778Trp,0.996349,0.016822767,*
p.Ala1778Tyr,0.97527325,0.01651904,*
p.Ala1782Cys,0.9909605,0.0166451,*
p.Ala1782Asp,0.9682287,0.024002522,*
p.Ala1782Glu,0.9578808,0.02766317,*
p.Ala1782Phe,0.9615828,0.021838542,*
p.Ala1782Gly,0.9851512,0.018449727,*
p.Ala1782His,0.94953454,0.028578198,*
p.Ala1782Ile,0.91336566,0.014379058,*
p.Ala1782Lys,0.8988081,0.021364417,*
p.Ala1782Leu,0.9182472,0.018113306,*
p.Ala1782Met,0.9180641,0.024464896,*
p.Ala1782Asn,0.9395607,0.028738752,*
p.Ala1782Pro,0.96962863,0.025985027,*
p.Ala1782Gln,0.9758641,0.029225439,*
p.Ala1782Arg,0.9336115,0.017570691,*
p.Ala1782Ser,1.0056684,0.020069532,*
p.Ala1782Thr,1.0102867,0.023948645,*
p.Ala1782Val,0.9756225,0.016958948,*
p.Ala1782Trp,0.99850976,0.016243815,*
p.Ala1782Tyr,0.9300746,0.023577783,*
p.Ala1546Cys,0.86182654,0.020188622,*
p.Ala1546Asp,0.6854315,0.031365536,*
p.Ala1546Glu,0.6806959,0.039036665,*
p.Ala1546Phe,0.76039994,0.014453396,*
p.Ala1546Gly,0.8730825,0.021449933,*
p.Ala1546His,0.6494145,0.020282382,*
p.Ala1546Ile,0.7405774,0.0270928,*
p.Ala1546Lys,0.6380439,0.03107455,*
p.Ala1546Leu,0.7224873,0.025980411,*
p.Ala1546Met,0.7497895,0.01641713,*
p.Ala1546Asn,0.71302927,0.03537256,*
p.Ala1546Pro,0.67188805,0.021513814,*
p.Ala1546Gln,0.6505861,0.028842643,*
p.Ala1546Arg,0.6603381,0.02753644,*
p.Ala1546Ser,0.91854036,0.020047868,*
p.Ala1546Thr,0.7933451,0.020179318,*
p.Ala1546Val,0.78038853,0.024361286,*
p.Ala1546Trp,0.6534022,0.02573093,*
p.Ala1546Tyr,0.7661755,0.019303631,*
p.Ala1560Cys,0.9502765,0.019702725,*
p.Ala1560Asp,0.9762589,0.023694148,*
p.Ala1560Glu,0.97561324,0.038025472,*
p.Ala1560Gly,0.9594143,0.01334306,*
p.Ala1560His,0.9564909,0.025817722,*
p.Ala1560Ile,0.82288516,0.022955878,*
p.Ala1560Lys,0.90955734,0.020650048,*
p.Ala1560Leu,0.86842,0.017655833,*
p.Ala1560Met,0.90760976,0.021626614,*
p.Ala1560Asn,0.9025351,0.024844391,*
p.Ala1560Pro,0.8735801,0.023147015,*
p.Ala1560Gln,0.9865206,0.021886775,*
p.Ala1560Arg,0.9826673,0.028627835,*
p.Ala1560Ser,1.0142329,0.022253944,*
p.Ala1560Thr,0.9043094,0.0227604,*
p.Ala1560Val,0.852163,0.01860563,*
p.Ala1560Trp,0.827242,0.016270433,*
p.Ala1560Tyr,0.9135502,0.018035522,*
p.Cys1635Ala,0.9609521,0.02106888,*
p.Cys1635Asp,1.0354359,0.017326165,*
p.Cys1635Glu,0.971368,0.01750295,*
p.Cys1635Phe,0.95273,0.014495624,*
p.Cys1635Gly,0.9301182,0.015008105,*
p.Cys1635His,0.95025194,0.021296086,*
p.Cys1635Ile,0.95152426,0.020511042,*
p.Cys1635Lys,0.86302245,0.015153815,*
p.Cys1635Leu,0.9330077,0.016059656,*
p.Cys1635Met,0.98707855,0.022623751,*
p.Cys1635Asn,0.9442681,0.019006854,*
p.Cys1635Pro,0.92399055,0.023544325,*
p.Cys1635Gln,1.0319687,0.028682128,*
p.Cys1635Arg,0.9576823,0.024117,*
p.Cys1635Ser,0.966201,0.018994862,*
p.Cys1635Thr,0.96047986,0.020478798,*
p.Cys1635Val,1.0147101,0.027702786,*
p.Cys1635Trp,0.95460826,0.016971309,*
p.Cys1635Tyr,0.9374285,0.020648196,*
p.Cys1680Ala,0.95095336,0.017256627,*
p.Cys1680Asp,0.820457,0.02109642,*
p.Cys1680Glu,0.84534705,0.031418484,*
p.Cys1680Phe,0.8185617,0.016537089,*
p.Cys1680Gly,0.86653996,0.015277939,*
p.Cys1680His,0.7731795,0.022552228,*
p.Cys1680Ile,0.7755225,0.025905324,*
p.Cys1680Lys,0.6655036,0.028548189,*
p.Cys1680Leu,0.8049221,0.011230547,*
p.Cys1680Met,0.8342649,0.016257942,*
p.Cys1680Asn,0.75878036,0.023131762,*
p.Cys1680Pro,0.8003968,0.023939364,*
p.Cys1680Gln,0.8553053,0.018990677,*
p.Cys1680Arg,0.6787564,0.02605768,*
p.Cys1680Ser,0.9716244,0.026942533,*
p.Cys1680Thr,0.90935534,0.015178628,*
p.Cys1680Val,0.841516,0.015398248,*
p.Cys1680Trp,0.77180254,0.027856516,*
p.Cys1680Tyr,0.8210999,0.0132532725,*
p.Cys1687Ala,0.94234216,0.017615998,*
p.Cys1687Asp,0.8473698,0.014155373,*
p.Cys1687Glu,0.8645976,0.04096748,*
p.Cys1687Phe,0.7925666,0.021060172,*
p.Cys1687Gly,0.8364207,0.02254108,*
p.Cys1687His,0.8245772,0.026762417,*
p.Cys1687Ile,0.8325146,0.024659654,*
p.Cys1687Lys,0.7313844,0.018374493,*
p.Cys1687Leu,0.78632855,0.023951858,*
p.Cys1687Met,0.8198401,0.014858171,*
p.Cys1687Asn,0.8595476,0.009189801,*
p.Cys1687Pro,0.8795778,0.02449489,*
p.Cys1687Gln,0.80930537,0.033427376,*
p.Cys1687Arg,0.75213635,0.0233035,*
p.Cys1687Ser,0.90743667,0.021883387,*
p.Cys1687Thr,0.9432408,0.017054264,*
p.Cys1687Val,0.9263183,0.029880872,*
p.Cys1687Trp,0.7663764,0.023426652,*
p.Cys1687Tyr,0.8340744,0.026888201,*
p.Cys1755Ala,0.9983843,0.00705191,*
p.Cys1755Asp,0.9800434,0.019981863,*
p.Cys1755Glu,0.9580742,0.013767531,*
p.Cys1755Phe,0.96643484,0.016499806,*
p.Cys1755Gly,0.9350399,0.0096802255,*
p.Cys1755His,0.96020967,0.014376248,*
p.Cys1755Ile,1.005374,0.028405495,*
p.Cys1755Lys,0.8754423,0.018110642,*
p.Cys1755Leu,0.93729365,0.017120013,*
p.Cys1755Met,0.99160004,0.024152126,*
p.Cys1755Asn,0.923063,0.023700811,*
p.Cys1755Pro,0.89089745,0.02501571,*
p.Cys1755Gln,1.0319039,0.018601332,*
p.Cys1755Arg,0.9872888,0.025623975,*
p.Cys1755Ser,0.9661907,0.020346306,*
p.Cys1755Thr,0.9912392,0.0104036685,*
p.Cys1755Val,0.972501,0.031455625,*
p.Cys1755Trp,0.98565215,0.014465546,*
p.Cys1755Tyr,1.013375,0.018036615,*
p.Cys1587Ala,1.0228034,0.011285953,*
p.Cys1587Asp,1.0187933,0.009443587,*
p.Cys1587Glu,0.9503318,0.014641285,*
p.Cys1587Phe,0.8702048,0.019701218,*
p.Cys1587Gly,0.92238283,0.012170239,*
p.Cys1587His,0.90091056,0.020913793,*
p.Cys1587Ile,0.9510018,0.01884358,*
p.Cys1587Lys,0.8594944,0.015060949,*
p.Cys1587Leu,0.8842352,0.01682863,*
p.Cys1587Met,0.9544276,0.012104851,*
p.Cys1587Asn,0.96481764,0.017006444,*
p.Cys1587Pro,0.92801654,0.017069526,*
p.Cys1587Gln,0.9932262,0.010928292,*
p.Cys1587Arg,0.872293,0.016859816,*
p.Cys1587Ser,0.9508556,0.012910738,*
p.Cys1587Thr,0.9530568,0.017583804,*
p.Cys1587Val,1.0136914,0.02163901,*
p.Cys1587Trp,0.8547352,0.014897197,*
p.Cys1587Tyr,0.91312826,0.011231265,*
p.Cys1600Ala,0.9343761,0.02215339,*
p.Cys1600Asp,0.9675444,0.014992602,*
p.Cys1600Glu,0.95256853,0.015161411,*
p.Cys1600Phe,0.95233536,0.014933032,*
p.Cys1600Gly,0.903443,0.01726311,*
p.Cys1600His,0.9424655,0.02489331,*
p.Cys1600Ile,0.931059,0.016377276,*
p.Cys1600Lys,0.88883984,0.023834143,*
p.Cys1600Leu,0.9182461,0.018931461,*
p.Cys1600Met,0.9619051,0.010267378,*
p.Cys1600Asn,0.91865253,0.0186729,*
p.Cys1600Gln,0.975286,0.022524826,*
p.Cys1600Arg,0.9527036,0.016753877,*
p.Cys1600Ser,0.9566725,0.016372832,*
p.Cys1600Thr,0.9407719,0.02718777,*
p.Cys1600Val,1.0283506,0.020817356,*
p.Cys1600Trp,0.9157654,0.012763128,*
p.Cys1600Tyr,0.9529883,0.014820766,*
p.Cys1609Ala,0.9350044,0.025887398,*
p.Cys1609Asp,0.79838836,0.019168895,*
p.Cys1609Glu,0.7991976,0.029809017,*
p.Cys1609Phe,0.80706596,0.016845765,*
p.Cys1609Gly,0.7944432,0.025320109,*
p.Cys1609His,0.74221426,0.022854263,*
p.Cys1609Ile,0.87656224,0.018419834,*
p.Cys1609Lys,0.6831533,0.020297153,*
p.Cys1609Leu,0.7955783,0.018768815,*
p.Cys1609Met,0.8239597,0.020951489,*
p.Cys1609Asn,0.818679,0.013130399,*
p.Cys1609Pro,0.8285491,0.019553153,*
p.Cys1609Gln,0.83084905,0.0238327,*
p.Cys1609Arg,0.71955764,0.023245396,*
p.Cys1609Ser,0.8770822,0.022561284,*
p.Cys1609Thr,0.91631556,0.025145944,*
p.Cys1609Val,0.92501533,0.021281863,*
p.Cys1609Trp,0.7073254,0.024969978,*
p.Cys1609Tyr,0.8375808,0.03195527,*
p.Asp1612Ala,0.8379507,0.013602659,*
p.Asp1612Cys,0.88125974,0.019986708,*
p.Asp1612Glu,0.94437534,0.0075232163,*
p.Asp1612Phe,0.7355284,0.0210377,*
p.Asp1612Gly,0.87961614,0.016140567,*
p.Asp1612His,0.9268529,0.02400887,*
p.Asp1612Ile,0.79416454,0.022486681,*
p.Asp1612Lys,0.81367415,0.018871529,*
p.Asp1612Leu,0.8017953,0.016314432,*
p.Asp1612Met,0.82607234,0.015822716,*
p.Asp1612Asn,0.9051091,0.01819375,*
p.Asp1612Pro,0.818855,0.02585733,*
p.Asp1612Gln,0.8628756,0.025957424,*
p.Asp1612Arg,0.87903154,0.015150304,*
p.Asp1612Ser,0.8735672,0.011586325,*
p.Asp1612Thr,0.8886178,0.013163571,*
p.Asp1612Val,0.83215034,0.023099959,*
p.Asp1612Trp,0.73065674,0.0140751805,*
p.Asp1612Tyr,0.81723416,0.01840838,*
p.Asp1613Ala,0.96397084,0.0127654765,*
p.Asp1613Cys,0.9012008,0.0112238685,*
p.Asp1613Glu,1.0086882,0.012189461,*
p.Asp1613Phe,0.79463387,0.015314303,*
p.Asp1613Gly,0.8588964,0.012968519,*
p.Asp1613His,0.9730121,0.023821771,*
p.Asp1613Ile,0.7526908,0.016315678,*
p.Asp1613Lys,0.87562066,0.018486852,*
p.Asp1613Leu,0.8730668,0.01673793,*
p.Asp1613Met,0.8850152,0.013580638,*
p.Asp1613Asn,0.96491385,0.01475981,*
p.Asp1613Pro,0.80306625,0.023271717,*
p.Asp1613Gln,0.98133165,0.029548239,*
p.Asp1613Arg,0.8875884,0.012072489,*
p.Asp1613Ser,0.9927804,0.016049203,*
p.Asp1613Thr,0.9128771,0.014265023,*
p.Asp1613Val,0.8321908,0.01564993,*
p.Asp1613Trp,0.8168008,0.018324394,*
p.Asp1613Tyr,0.88626444,0.020616125,*
p.Asp1629Ala,0.96349937,0.019298445,*
p.Asp1629Cys,0.9407625,0.024421826,*
p.Asp1629Glu,1.008883,0.01491295,*
p.Asp1629Phe,0.884545,0.02072518,*
p.Asp1629Gly,0.98705703,0.020849075,*
p.Asp1629His,0.9763931,0.028315218,*
p.Asp1629Ile,0.8872107,0.027212061,*
p.Asp1629Lys,0.9247345,0.018700588,*
p.Asp1629Leu,0.86338603,0.015897514,*
p.Asp1629Met,0.9194809,0.020246238,*
p.Asp1629Asn,0.9863041,0.024352094,*
p.Asp1629Pro,0.93914497,0.021746298,*
p.Asp1629Gln,0.9869229,0.023781098,*
p.Asp1629Arg,0.97175884,0.01623793,*
p.Asp1629Ser,1.0206981,0.014585861,*
p.Asp1629Thr,0.8846256,0.018195609,*
p.Asp1629Val,0.90710914,0.021607384,*
p.Asp1629Trp,0.8943632,0.020296779,*
p.Asp1629Tyr,0.92461425,0.010907371,*
p.Asp1631Ala,0.9251479,0.015452268,*
p.Asp1631Cys,0.86839867,0.013291307,*
p.Asp1631Glu,0.95042217,0.013936837,*
p.Asp1631Phe,0.8583886,0.01623124,*
p.Asp1631Gly,0.911373,0.018710287,*
p.Asp1631His,0.8997227,0.029279206,*
p.Asp1631Ile,0.8531126,0.01735864,*
p.Asp1631Lys,0.9078511,0.015588921,*
p.Asp1631Leu,0.8215226,0.0141130015,*
p.Asp1631Met,0.8781872,0.0120457355,*
p.Asp1631Asn,0.9198815,0.021755386,*
p.Asp1631Pro,0.8207362,0.028437354,*
p.Asp1631Gln,0.9549478,0.014851852,*
p.Asp1631Arg,0.950521,0.014967519,*
p.Asp1631Ser,0.9470662,0.016725844,*
p.Asp1631Thr,0.874856,0.010292575,*
p.Asp1631Val,0.8888119,0.01574296,*
p.Asp1631Trp,0.8188902,0.017733878,*
p.Asp1631Tyr,0.90102845,0.016834473,*
p.Asp1636Ala,0.9364147,0.016050212,*
p.Asp1636Cys,0.808211,0.023386974,*
p.Asp1636Glu,0.91461307,0.01996472,*
p.Asp1636Phe,0.80412877,0.02477577,*
p.Asp1636Gly,0.84838593,0.02023611,*
p.Asp1636His,0.83395517,0.02155427,*
p.Asp1636Ile,0.7263784,0.016023863,*
p.Asp1636Lys,0.8523029,0.016244473,*
p.Asp1636Leu,0.85905373,0.021475244,*
p.Asp1636Met,0.8835449,0.007994516,*
p.Asp1636Asn,0.93485564,0.021268202,*
p.Asp1636Pro,0.7798668,0.02029007,*
p.Asp1636Gln,0.92144406,0.018114768,*
p.Asp1636Arg,0.86837304,0.01704958,*
p.Asp1636Ser,0.9332043,0.019982403,*
p.Asp1636Thr,0.829686,0.0171727,*
p.Asp1636Val,0.8822767,0.014091082,*
p.Asp1636Trp,0.7713981,0.02264297,*
p.Asp1636Tyr,0.85565597,0.020679012,*
p.Asp1644Ala,0.89455765,0.015101292,*
p.Asp1644Cys,0.88521624,0.016703006,*
p.Asp1644Glu,0.874798,0.017420238,*
p.Asp1644Phe,0.7522504,0.025902616,*
p.Asp1644Gly,0.81609476,0.021537647,*
p.Asp1644His,0.89618987,0.023471694,*
p.Asp1644Ile,0.7943381,0.014932772,*
p.Asp1644Lys,0.7822288,0.012400805,*
p.Asp1644Leu,0.72523654,0.018647801,*
p.Asp1644Met,0.8140785,0.027112333,*
p.Asp1644Asn,0.9814595,0.014504243,*
p.Asp1644Pro,0.7637328,0.015885895,*
p.Asp1644Gln,0.8252617,0.018966515,*
p.Asp1644Arg,0.818971,0.020371243,*
p.Asp1644Ser,0.89797723,0.015430884,*
p.Asp1644Thr,0.8946762,0.015308636,*
p.Asp1644Val,0.8256629,0.017515,*
p.Asp1644Trp,0.73951185,0.023650663,*
p.Asp1644Tyr,0.82478285,0.021603212,*
p.Asp1652Ala,0.98876923,0.013093164,*
p.Asp1652Cys,0.9796623,0.01479135,*
p.Asp1652Glu,0.8908216,0.019797973,*
p.Asp1652Phe,0.7446529,0.024012597,*
p.Asp1652Gly,0.93842983,0.01620013,*
p.Asp1652His,0.8864862,0.020069819,*
p.Asp1652Ile,0.7580534,0.013902064,*
p.Asp1652Lys,0.8142823,0.024739942,*
p.Asp1652Leu,0.76857996,0.013611418,*
p.Asp1652Met,0.8754385,0.020858534,*
p.Asp1652Asn,0.8759082,0.020793304,*
p.Asp1652Pro,0.7868506,0.022469172,*
p.Asp1652Gln,0.8443524,0.019913027,*
p.Asp1652Arg,0.8467657,0.017707333,*
p.Asp1652Ser,1.0141902,0.009979144,*
p.Asp1652Thr,0.908878,0.010682539,*
p.Asp1652Val,0.7511986,0.02787375,*
p.Asp1652Trp,0.7686108,0.023678165,*
p.Asp1652Tyr,0.81274873,0.019680835,*
p.Asp1656Ala,0.92983055,0.016216824,*
p.Asp1656Cys,0.84977436,0.027834404,*
p.Asp1656Glu,0.9406807,0.018279884,*
p.Asp1656Phe,0.7809172,0.01710425,*
p.Asp1656Gly,0.9131004,0.01570569,*
p.Asp1656His,0.9473302,0.025125848,*
p.Asp1656Ile,0.8153399,0.011353096,*
p.Asp1656Lys,0.8711076,0.020749783,*
p.Asp1656Leu,0.7883196,0.019014023,*
p.Asp1656Met,0.8227744,0.015714685,*
p.Asp1656Asn,0.9215888,0.023031304,*
p.Asp1656Pro,0.8820192,0.006748265,*
p.Asp1656Gln,0.9376777,0.017899213,*
p.Asp1656Arg,0.87529296,0.015842978,*
p.Asp1656Ser,0.968465,0.012755394,*
p.Asp1656Thr,0.8246654,0.020961406,*
p.Asp1656Val,0.85396785,0.017875796,*
p.Asp1656Trp,0.7448077,0.01758463,*
p.Asp1656Tyr,0.85936344,0.013508728,*
p.Asp1677Ala,0.9593484,0.012651163,*
p.Asp1677Cys,0.91626567,0.016024701,*
p.Asp1677Glu,0.9494727,0.0171433,*
p.Asp1677Phe,0.7391036,0.01252792,*
p.Asp1677Gly,0.8581969,0.018625325,*
p.Asp1677His,0.892223,0.021135636,*
p.Asp1677Ile,0.84001935,0.01584342,*
p.Asp1677Lys,0.7320519,0.019959426,*
p.Asp1677Leu,0.81170475,0.010466207,*
p.Asp1677Met,0.85293186,0.015787186,*
p.Asp1677Asn,0.974126,0.024527188,*
p.Asp1677Pro,0.85898465,0.022992363,*
p.Asp1677Gln,0.9556588,0.015268463,*
p.Asp1677Arg,0.7428064,0.013807127,*
p.Asp1677Ser,0.9747032,0.018183032,*
p.Asp1677Thr,0.91078174,0.019204883,*
p.Asp1677Val,0.9033836,0.016052922,*
p.Asp1677Trp,0.6873723,0.011575439,*
p.Asp1677Tyr,0.75621605,0.021926485,*
p.Asp1690Ala,0.9778719,0.016992634,*
p.Asp1690Cys,0.9327286,0.01693548,*
p.Asp1690Glu,0.9892313,0.01090536,*
p.Asp1690Phe,0.8259691,0.016119095,*
p.Asp1690Gly,0.94609755,0.015388169,*
p.Asp1690His,0.96750116,0.015187602,*
p.Asp1690Ile,0.8724195,0.025891688,*
p.Asp1690Lys,0.9007881,0.023687167,*
p.Asp1690Leu,0.8644975,0.015594675,*
p.Asp1690Met,0.92481124,0.019060839,*
p.Asp1690Asn,0.9842993,0.021935735,*
p.Asp1690Pro,0.89369327,0.0156092895,*
p.Asp1690Gln,1.004494,0.026843332,*
p.Asp1690Arg,0.8125386,0.021067483,*
p.Asp1690Ser,0.99536467,0.012243068,*
p.Asp1690Thr,0.85309744,0.020088414,*
p.Asp1690Val,0.922311,0.014016719,*
p.Asp1690Trp,0.81358683,0.019249825,*
p.Asp1690Tyr,0.84044665,0.01423903,*
p.Asp1696Ala,0.98371696,0.009750493,*
p.Asp1696Cys,0.9532604,0.012485882,*
p.Asp1696Glu,0.9810394,0.006097262,*
p.Asp1696Phe,0.84421474,0.014887639,*
p.Asp1696Gly,0.900558,0.019217428,*
p.Asp1696His,0.9713448,0.020138813,*
p.Asp1696Ile,0.78877646,0.01160865,*
p.Asp1696Lys,0.8345995,0.025634183,*
p.Asp1696Leu,0.85543776,0.019908154,*
p.Asp1696Met,0.8957869,0.012792265,*
p.Asp1696Asn,0.98460495,0.022429653,*
p.Asp1696Pro,0.91210544,0.013732716,*
p.Asp1696Gln,0.8850417,0.016707748,*
p.Asp1696Arg,0.9069937,0.008598013,*
p.Asp1696Ser,0.9728098,0.013502313,*
p.Asp1696Thr,0.9121973,0.019004699,*
p.Asp1696Val,0.90616196,0.014252599,*
p.Asp1696Trp,0.81213313,0.016931143,*
p.Asp1696Tyr,0.8803011,0.013360239,*
p.Asp1705Ala,0.89458525,0.019489484,*
p.Asp1705Cys,0.8527576,0.013598788,*
p.Asp1705Glu,0.96037465,0.023304377,*
p.Asp1705Phe,0.7729212,0.02188668,*
p.Asp1705Gly,0.8116444,0.022185085,*
p.Asp1705His,0.90103495,0.017565338,*
p.Asp1705Ile,0.8178611,0.017116154,*
p.Asp1705Lys,0.79847,0.017961089,*
p.Asp1705Leu,0.8334843,0.017580576,*
p.Asp1705Met,0.818436,0.026333814,*
p.Asp1705Asn,0.89431447,0.03214716,*
p.Asp1705Pro,0.77309906,0.0250612,*
p.Asp1705Gln,0.92664194,0.02776185,*
p.Asp1705Ser,0.92073697,0.020913098,*
p.Asp1705Thr,0.927704,0.021347955,*
p.Asp1705Val,0.74509686,0.024099862,*
p.Asp1705Trp,0.7481578,0.025912302,*
p.Asp1705Tyr,0.8181078,0.022664404,*
p.Asp1512Ala,0.9537118,0.013623267,*
p.Asp1512Cys,0.87244165,0.013604556,*
p.Asp1512Glu,0.96352243,0.015331677,*
p.Asp1512Phe,0.80315226,0.018680772,*
p.Asp1512Gly,0.91364396,0.012225053,*
p.Asp1512His,0.82708085,0.02508827,*
p.Asp1512Ile,0.813614,0.011994921,*
p.Asp1512Lys,0.8823775,0.0122999875,*
p.Asp1512Leu,0.8031828,0.01801946,*
p.Asp1512Met,0.7997559,0.013860911,*
p.Asp1512Asn,0.86643934,0.023946345,*
p.Asp1512Pro,0.9017685,0.019783195,*
p.Asp1512Gln,0.90448505,0.018243685,*
p.Asp1512Arg,0.8779748,0.015485883,*
p.Asp1512Ser,0.9106016,0.010077152,*
p.Asp1512Thr,0.87345296,0.01472807,*
p.Asp1512Val,0.83672476,0.017785618,*
p.Asp1512Trp,0.82666844,0.008944036,*
p.Asp1512Tyr,0.8254231,0.014853865,*
p.Asp1734Ala,1.0158491,0.0139263235,*
p.Asp1734Cys,1.0265632,0.014194697,*
p.Asp1734Glu,1.0543272,0.011921871,*
p.Asp1734Phe,0.9112051,0.009209275,*
p.Asp1734Gly,0.9778708,0.015078009,*
p.Asp1734His,1.0512908,0.02493524,*
p.Asp1734Ile,0.8998993,0.013797522,*
p.Asp1734Lys,0.95078945,0.017178986,*
p.Asp1734Leu,0.92466867,0.014255287,*
p.Asp1734Met,0.9613272,0.008705035,*
p.Asp1734Asn,0.9999011,0.021418873,*
p.Asp1734Pro,0.826412,0.019259097,*
p.Asp1734Gln,0.9253772,0.024227817,*
p.Asp1734Arg,0.9586705,0.015059684,*
p.Asp1734Ser,0.9984716,0.0142506035,*
p.Asp1734Thr,0.9934848,0.012480036,*
p.Asp1734Val,0.9734033,0.008507236,*
p.Asp1734Trp,0.82215464,0.011855801,*
p.Asp1734Tyr,0.9261538,0.012422715,*
p.Asp1535Ala,0.8922235,0.014288835,*
p.Asp1535Cys,0.8079096,0.020472355,*
p.Asp1535Glu,0.9339293,0.018537115,*
p.Asp1535Phe,0.7963201,0.017957209,*
p.Asp1535Gly,0.84343785,0.017130326,*
p.Asp1535His,0.85886383,0.020153303,*
p.Asp1535Ile,0.76775587,0.023293342,*
p.Asp1535Lys,0.8217745,0.01864457,*
p.Asp1535Leu,0.7728109,0.0259298,*
p.Asp1535Met,0.7925971,0.024231667,*
p.Asp1535Asn,0.8747128,0.024353934,*
p.Asp1535Pro,0.85668737,0.016890535,*
p.Asp1535Gln,0.81507826,0.015291187,*
p.Asp1535Arg,0.81119883,0.013182984,*
p.Asp1535Ser,0.9531792,0.021481223,*
p.Asp1535Thr,0.8272418,0.015055519,*
p.Asp1535Val,0.78837764,0.01791635,*
p.Asp1535Trp,0.8134681,0.011825321,*
p.Asp1535Tyr,0.7876965,0.020148706,*
p.Asp1802Tyr,0.8275654,0.02307488,*
p.Asp1541Ala,0.8957734,0.013504937,*
p.Asp1541Cys,0.88621247,0.015361611,*
p.Asp1541Glu,0.95129204,0.018389046,*
p.Asp1541Phe,0.71555763,0.017625544,*
p.Asp1541Gly,0.7975484,0.017681312,*
p.Asp1541His,0.9105255,0.025286833,*
p.Asp1541Ile,0.81952417,0.019187866,*
p.Asp1541Lys,0.79796743,0.019871902,*
p.Asp1541Leu,0.84649354,0.0139292255,*
p.Asp1541Met,0.84067905,0.021856947,*
p.Asp1541Asn,0.8850964,0.029079165,*
p.Asp1541Pro,0.79172444,0.01656125,*
p.Asp1541Gln,0.8941865,0.022553714,*
p.Asp1541Arg,0.83680856,0.014823153,*
p.Asp1541Ser,0.91263187,0.017889736,*
p.Asp1541Thr,0.88333285,0.015023132,*
p.Asp1541Val,0.8243906,0.017386047,*
p.Asp1541Trp,0.7590468,0.019403793,*
p.Asp1541Tyr,0.77152276,0.01924898,*
p.Asp1586Ala,1.0120871,0.02046257,*
p.Asp1586Cys,0.93490016,0.02377875,*
p.Asp1586Glu,1.0089849,0.010385525,*
p.Asp1586Phe,0.88220423,0.02122857,*
p.Asp1586Gly,0.97135,0.0179986,*
p.Asp1586His,0.9177953,0.02509175,*
p.Asp1586Ile,0.8876424,0.025644653,*
p.Asp1586Lys,0.90238464,0.024261266,*
p.Asp1586Leu,0.9287938,0.020561935,*
p.Asp1586Met,0.9184904,0.015729986,*
p.Asp1586Asn,0.94999266,0.02243704,*
p.Asp1586Pro,0.8399073,0.023249513,*
p.Asp1586Gln,0.95285636,0.021190291,*
p.Asp1586Arg,0.90540826,0.019904612,*
p.Asp1586Thr,0.9241706,0.017669637,*
p.Asp1586Val,0.94226587,0.011728348,*
p.Asp1586Trp,0.8480951,0.018210456,*
p.Asp1586Tyr,0.87392825,0.017804686,*
p.Asp1590Ala,0.9388863,0.020045588,*
p.Asp1590Cys,0.8819126,0.021729065,*
p.Asp1590Glu,1.0112541,0.023118168,*
p.Asp1590Phe,0.8209217,0.012698583,*
p.Asp1590Gly,0.9140151,0.012640335,*
p.Asp1590His,0.8763669,0.028163107,*
p.Asp1590Ile,0.80607367,0.016770773,*
p.Asp1590Lys,0.8595729,0.018706799,*
p.Asp1590Leu,0.87463796,0.0180812,*
p.Asp1590Met,0.83631384,0.008414599,*
p.Asp1590Asn,0.97152823,0.02325238,*
p.Asp1590Pro,0.83967316,0.021528061,*
p.Asp1590Gln,0.9134243,0.023514114,*
p.Asp1590Arg,0.8731433,0.014037315,*
p.Asp1590Ser,0.99844086,0.011718764,*
p.Asp1590Thr,0.8792001,0.015008452,*
p.Asp1590Val,0.84560096,0.016014235,*
p.Asp1590Trp,0.81526554,0.016079728,*
p.Asp1590Tyr,0.8695501,0.00803492,*
p.Asp1598Ala,0.8905381,0.033317935,*
p.Asp1598Cys,0.83112603,0.02538375,*
p.Asp1598Glu,0.9560868,0.02999224,*
p.Asp1598Phe,0.7849626,0.026067887,*
p.Asp1598Gly,0.8860303,0.02174944,*
p.Asp1598His,0.94320124,0.023155661,*
p.Asp1598Ile,0.795922,0.019701753,*
p.Asp1598Lys,0.87585306,0.032500464,*
p.Asp1598Leu,0.7795246,0.020245077,*
p.Asp1598Met,0.8089366,0.023065288,*
p.Asp1598Asn,0.91645324,0.018733442,*
p.Asp1598Pro,0.8152752,0.025771746,*
p.Asp1598Gln,0.8966154,0.012208764,*
p.Asp1598Arg,0.8250044,0.016454669,*
p.Asp1598Ser,0.9571854,0.017651292,*
p.Asp1598Thr,0.886504,0.01521449,*
p.Asp1598Val,0.8285657,0.02145694,*
p.Asp1598Trp,0.7718752,0.020752966,*
p.Asp1598Tyr,0.83747673,0.012648289,*
p.Asp1603Ala,0.9093507,0.02575922,*
p.Asp1603Cys,0.87099266,0.01464429,*
p.Asp1603Glu,0.89594984,0.018409658,*
p.Asp1603Phe,0.766828,0.017140413,*
p.Asp1603Gly,0.8816988,0.017034872,*
p.Asp1603His,0.8526519,0.031150272,*
p.Asp1603Ile,0.79093146,0.025134044,*
p.Asp1603Lys,0.8278743,0.023862813,*
p.Asp1603Leu,0.7856983,0.021299811,*
p.Asp1603Met,0.87703955,0.013779409,*
p.Asp1603Asn,0.9885618,0.029210715,*
p.Asp1603Pro,0.7390222,0.026512247,*
p.Asp1603Gln,0.9031957,0.018766357,*
p.Asp1603Arg,0.8264453,0.02584565,*
p.Asp1603Ser,0.9284385,0.021405322,*
p.Asp1603Thr,0.9412133,0.011872121,*
p.Asp1603Val,0.78723836,0.022427334,*
p.Asp1603Trp,0.76412064,0.02133715,*
p.Asp1603Tyr,0.82147425,0.01553233,*
p.Glu1523Ala,0.94408464,0.010871934,*
p.Glu1523Cys,0.9401623,0.017836789,*
p.Glu1523Asp,0.9470178,0.0148748495,*
p.Glu1523Phe,0.90829945,0.018280998,*
p.Glu1523Gly,0.9734851,0.012772307,*
p.Glu1523His,0.9466179,0.017032605,*
p.Glu1523Ile,0.9061206,0.018004052,*
p.Glu1523Lys,0.91832983,0.014126234,*
p.Glu1523Leu,0.9292742,0.021211475,*
p.Glu1523Met,0.9235628,0.015661044,*
p.Glu1523Asn,0.8960484,0.018466482,*
p.Glu1523Pro,0.9048271,0.012511593,*
p.Glu1523Gln,0.9996691,0.010694447,*
p.Glu1523Arg,0.8729925,0.015317847,*
p.Glu1523Ser,0.9633285,0.012331786,*
p.Glu1523Thr,0.9787939,0.014271594,*
p.Glu1523Val,0.9325717,0.017900944,*
p.Glu1523Trp,0.8799636,0.019753205,*
p.Glu1523Tyr,0.8806386,0.024873435,*
p.Glu1655Ala,0.9889859,0.025952892,*
p.Glu1655Cys,0.93002546,0.025325797,*
p.Glu1655Asp,0.9883014,0.021528348,*
p.Glu1655Phe,0.88854504,0.025542447,*
p.Glu1655Gly,0.9213436,0.014055376,*
p.Glu1655His,1.0010762,0.021119822,*
p.Glu1655Ile,0.84821093,0.016714284,*
p.Glu1655Lys,0.9685785,0.016040219,*
p.Glu1655Leu,0.9017183,0.021262042,*
p.Glu1655Met,0.92177904,0.028256822,*
p.Glu1655Asn,0.9550842,0.017419215,*
p.Glu1655Pro,0.8411028,0.015540915,*
p.Glu1655Gln,1.007851,0.025875287,*
p.Glu1655Arg,0.93432236,0.010337325,*
p.Glu1655Ser,0.98834133,0.018646332,*
p.Glu1655Thr,0.9182739,0.00886845,*
p.Glu1655Val,0.9102734,0.016190948,*
p.Glu1655Trp,0.8956278,0.017822709,*
p.Glu1655Tyr,0.93393326,0.01573789,*
p.Glu1679Ala,0.9795232,0.017611409,*
p.Glu1679Cys,0.9331134,0.016819306,*
p.Glu1679Asp,0.9762217,0.01735765,*
p.Glu1679Phe,0.8478425,0.014350526,*
p.Glu1679Gly,0.95537937,0.015669163,*
p.Glu1679His,1.0332366,0.0132148685,*
p.Glu1679Ile,0.88099396,0.020730734,*
p.Glu1679Lys,0.9129273,0.018860083,*
p.Glu1679Leu,0.84427893,0.020770157,*
p.Glu1679Met,0.8958104,0.018134708,*
p.Glu1679Asn,0.9454048,0.020105198,*
p.Glu1679Pro,0.8391835,0.023943009,*
p.Glu1679Gln,0.9968748,0.008991788,*
p.Glu1679Arg,0.8952831,0.01912168,*
p.Glu1679Ser,0.95166284,0.024113135,*
p.Glu1679Thr,0.91485006,0.022800682,*
p.Glu1679Val,0.87917536,0.019758327,*
p.Glu1679Trp,0.7740172,0.018258935,*
p.Glu1679Tyr,0.8476427,0.014726879,*
p.Glu1528Ala,0.93644,0.01045772,*
p.Glu1528Cys,0.9095028,0.014074808,*
p.Glu1528Asp,0.9341604,0.019078601,*
p.Glu1528Phe,0.8785613,0.01139295,*
p.Glu1528Gly,0.9308971,0.018953407,*
p.Glu1528His,0.9498224,0.014383045,*
p.Glu1528Ile,0.9035228,0.011506457,*
p.Glu1528Lys,0.9042306,0.01444688,*
p.Glu1528Leu,0.8926054,0.011799966,*
p.Glu1528Met,0.8517765,0.025239838,*
p.Glu1528Asn,0.837176,0.017595045,*
p.Glu1528Pro,0.8380386,0.026999883,*
p.Glu1528Gln,0.9680312,0.017927835,*
p.Glu1528Arg,0.90394765,0.011306126,*
p.Glu1528Ser,0.959171,0.020184975,*
p.Glu1528Thr,0.9296435,0.015033425,*
p.Glu1528Val,0.8760543,0.021235436,*
p.Glu1528Trp,0.88921845,0.018752504,*
p.Glu1528Tyr,0.866981,0.020264853,*
p.Glu1692Ala,1.0037915,0.01613863,*
p.Glu1692Cys,0.9970091,0.021924328,*
p.Glu1692Asp,0.97949296,0.033731513,*
p.Glu1692Phe,0.8936199,0.011317337,*
p.Glu1692Gly,0.9477358,0.0108124055,*
p.Glu1692His,1.0027301,0.026275687,*
p.Glu1692Ile,0.91063136,0.013023256,*
p.Glu1692Lys,0.91113293,0.013927146,*
p.Glu1692Leu,0.9443428,0.017390057,*
p.Glu1692Met,0.9101428,0.024608316,*
p.Glu1692Asn,0.9259596,0.024028959,*
p.Glu1692Pro,0.78080606,0.02161765,*
p.Glu1692Gln,0.9809836,0.022144204,*
p.Glu1692Arg,0.8945901,0.010425655,*
p.Glu1692Thr,0.93939,0.013377865,*
p.Glu1692Val,0.9521693,0.018341325,*
p.Glu1692Trp,0.87481624,0.016070865,*
p.Glu1692Tyr,0.88401365,0.019217443,*
p.Glu1756Ala,0.9947692,0.016150894,*
p.Glu1756Cys,1.0146968,0.02513257,*
p.Glu1756Asp,1.0222294,0.023234127,*
p.Glu1756Phe,0.9209815,0.01895562,*
p.Glu1756Gly,0.98225987,0.015639849,*
p.Glu1756His,0.9926958,0.01825649,*
p.Glu1756Ile,0.9298051,0.017478872,*
p.Glu1756Lys,0.9603876,0.02274136,*
p.Glu1756Leu,0.91962147,0.021387272,*
p.Glu1756Met,0.93785846,0.02846348,*
p.Glu1756Asn,0.8709871,0.04631193,*
p.Glu1756Pro,0.83636916,0.025455063,*
p.Glu1756Gln,1.0480529,0.024376782,*
p.Glu1756Arg,0.96512663,0.013805054,*
p.Glu1756Ser,0.9914607,0.015112968,*
p.Glu1756Thr,0.91694415,0.023657179,*
p.Glu1756Val,1.0056764,0.027583443,*
p.Glu1756Trp,0.96002895,0.013763607,*
p.Glu1756Tyr,0.93993485,0.017420249,*
p.Glu1757Ala,0.9414008,0.018579831,*
p.Glu1757Cys,0.9744464,0.015012839,*
p.Glu1757Asp,1.0411698,0.017462434,*
p.Glu1757Phe,0.86886346,0.022513246,*
p.Glu1757Gly,0.9425224,0.007808946,*
p.Glu1757His,0.97834575,0.018095763,*
p.Glu1757Ile,0.8866533,0.01635155,*
p.Glu1757Lys,0.91497594,0.015461962,*
p.Glu1757Leu,0.8915912,0.014218901,*
p.Glu1757Met,0.87857306,0.019402461,*
p.Glu1757Asn,0.86688405,0.043657683,*
p.Glu1757Pro,0.7620405,0.030074451,*
p.Glu1757Gln,1.0431762,0.014728048,*
p.Glu1757Arg,0.884603,0.009218766,*
p.Glu1757Ser,0.9341529,0.019465463,*
p.Glu1757Thr,0.90250796,0.011051682,*
p.Glu1757Val,0.92277783,0.023185642,*
p.Glu1757Trp,0.9487179,0.015141343,*
p.Glu1757Tyr,0.8869756,0.012803096,*
p.Glu1783Ala,0.9056942,0.019544782,*
p.Glu1783Cys,0.9501933,0.017247943,*
p.Glu1783Asp,0.9178613,0.01635817,*
p.Glu1783Phe,0.88555396,0.03332002,*
p.Glu1783Gly,0.9424491,0.017966148,*
p.Glu1783His,0.88761616,0.025022557,*
p.Glu1783Ile,0.9139012,0.022626208,*
p.Glu1783Lys,0.90225965,0.024922587,*
p.Glu1783Leu,0.88452613,0.023948826,*
p.Glu1783Met,0.9065739,0.022171605,*
p.Glu1783Asn,0.85288,0.026030801,*
p.Glu1783Pro,0.90536726,0.019538395,*
p.Glu1783Gln,0.94261676,0.014801466,*
p.Glu1783Arg,0.878454,0.019116828,*
p.Glu1783Ser,0.9217621,0.014921023,*
p.Glu1783Thr,0.9748542,0.020775711,*
p.Glu1783Val,0.95138484,0.01829948,*
p.Glu1783Trp,0.91297567,0.019280942,*
p.Glu1783Tyr,0.8677325,0.01889703,*
p.Glu1789Ala,0.8915428,0.010456647,*
p.Glu1789Cys,0.8578768,0.020314964,*
p.Glu1789Asp,0.8461407,0.031849526,*
p.Glu1789Phe,0.78675246,0.023059048,*
p.Glu1789Gly,0.8671711,0.018689591,*
p.Glu1789His,0.8400382,0.024450528,*
p.Glu1789Ile,0.8225411,0.011053651,*
p.Glu1789Lys,0.8383239,0.02367858,*
p.Glu1789Leu,0.8864423,0.018604504,*
p.Glu1789Met,0.78622526,0.022538276,*
p.Glu1789Asn,0.81963885,0.024264047,*
p.Glu1789Pro,0.893435,0.021448126,*
p.Glu1789Gln,0.8678374,0.030615686,*
p.Glu1789Arg,0.84904337,0.02291059,*
p.Glu1789Ser,0.91761553,0.020015575,*
p.Glu1789Thr,0.87925565,0.025105106,*
p.Glu1789Val,0.86676705,0.018187981,*
p.Glu1789Trp,0.8117386,0.020478452,*
p.Glu1789Tyr,0.8127726,0.01904918,*
p.Glu1801Asp,0.897577,0.020600982,*
p.Glu1801Gln,0.9360011,0.014774654,*
p.Glu1805Ala,0.8912727,0.018325804,*
p.Glu1805Cys,0.88026917,0.019885568,*
p.Glu1805Asp,0.8774506,0.025092587,*
p.Glu1805Phe,0.7990013,0.015890008,*
p.Glu1805Gly,0.8605305,0.017461076,*
p.Glu1805His,0.85580856,0.025633696,*
p.Glu1805Ile,0.8221146,0.023947913,*
p.Glu1805Lys,0.8100257,0.02075356,*
p.Glu1805Leu,0.8111167,0.01992559,*
p.Glu1805Met,0.87356615,0.014862678,*
p.Glu1805Asn,0.80561244,0.030173704,*
p.Glu1805Pro,0.86042994,0.02510482,*
p.Glu1805Gln,0.8841324,0.02041029,*
p.Glu1805Arg,0.8430084,0.021358892,*
p.Glu1805Ser,0.84937096,0.022016594,*
p.Glu1805Thr,0.88228637,0.013571184,*
p.Glu1805Val,0.85812396,0.013417975,*
p.Glu1805Trp,0.7993246,0.022413911,*
p.Glu1805Tyr,0.7934636,0.02489048,*
p.Glu1513Ala,0.95663804,0.010171534,*
p.Glu1513Cys,0.92801505,0.012343053,*
p.Glu1513Asp,0.89240026,0.016033562,*
p.Glu1513Phe,0.8847572,0.011043446,*
p.Glu1513Gly,0.9588755,0.014521541,*
p.Glu1513His,0.91952467,0.010881639,*
p.Glu1513Ile,0.92320347,0.016303776,*
p.Glu1513Lys,0.9090444,0.018226778,*
p.Glu1513Leu,0.85157937,0.020453725,*
p.Glu1513Met,0.9098196,0.022721164,*
p.Glu1513Asn,0.85510796,0.021626897,*
p.Glu1513Pro,0.89876664,0.03307155,*
p.Glu1513Gln,0.9881524,0.01252034,*
p.Glu1513Arg,0.8765546,0.018104587,*
p.Glu1513Ser,0.93683004,0.017677387,*
p.Glu1513Thr,0.92971134,0.012969738,*
p.Glu1513Val,0.9148954,0.01790085,*
p.Glu1513Trp,0.8998,0.01638884,*
p.Glu1513Tyr,0.8845776,0.018463166,*
p.Glu1552Ala,0.98256904,0.010172668,*
p.Glu1552Cys,0.92654973,0.020161264,*
p.Glu1552Asp,0.9730438,0.016713845,*
p.Glu1552Phe,0.8992535,0.01991395,*
p.Glu1552Gly,0.9549633,0.0105731655,*
p.Glu1552His,0.9860342,0.019665232,*
p.Glu1552Ile,0.9137508,0.023258315,*
p.Glu1552Lys,0.9406851,0.009807644,*
p.Glu1552Leu,0.912501,0.0157603,*
p.Glu1552Met,0.9178381,0.016153099,*
p.Glu1552Asn,0.9373703,0.014865622,*
p.Glu1552Pro,0.8961304,0.03262429,*
p.Glu1552Gln,0.99512327,0.015188091,*
p.Glu1552Arg,0.93725806,0.01266724,*
p.Glu1552Ser,0.97349805,0.021507408,*
p.Glu1552Thr,0.9426547,0.022324027,*
p.Glu1552Val,0.94271696,0.0172871,*
p.Glu1552Trp,0.92618906,0.019408042,*
p.Glu1552Tyr,0.8763692,0.019781012,*
p.Glu1558Ala,0.94678175,0.023689149,*
p.Glu1558Cys,0.82659876,0.020313974,*
p.Glu1558Asp,0.8285366,0.021140957,*
p.Glu1558Phe,0.78326803,0.020717751,*
p.Glu1558Gly,0.8405199,0.0131894555,*
p.Glu1558His,0.79372585,0.028675245,*
p.Glu1558Ile,0.7823783,0.019708661,*
p.Glu1558Lys,0.8750111,0.019154524,*
p.Glu1558Leu,0.7986793,0.021936372,*
p.Glu1558Met,0.8114257,0.015054402,*
p.Glu1558Asn,0.7974475,0.01939698,*
p.Glu1558Pro,0.91758335,0.017467236,*
p.Glu1558Gln,0.9954375,0.019585237,*
p.Glu1558Arg,0.89688504,0.020910783,*
p.Glu1558Ser,0.88626516,0.022909673,*
p.Glu1558Thr,0.8113492,0.023355486,*
p.Glu1558Val,0.84411716,0.019628754,*
p.Glu1558Trp,0.7639917,0.025025172,*
p.Glu1558Tyr,0.70494163,0.021972919,*
p.Glu1565Ala,0.9409255,0.022181714,*
p.Glu1565Cys,0.8914784,0.0254254,*
p.Glu1565Asp,0.9167862,0.021875592,*
p.Glu1565Phe,0.8730863,0.017674271,*
p.Glu1565Gly,0.9221717,0.00510476,*
p.Glu1565His,0.9056099,0.012789111,*
p.Glu1565Ile,0.85627687,0.015627028,*
p.Glu1565Lys,0.8727643,0.016378915,*
p.Glu1565Leu,0.8571266,0.016234912,*
p.Glu1565Met,0.87876844,0.026181709,*
p.Glu1565Asn,0.86018074,0.015653564,*
p.Glu1565Pro,0.88908273,0.012116383,*
p.Glu1565Gln,0.9030526,0.03113819,*
p.Glu1565Arg,0.8653038,0.008632253,*
p.Glu1565Ser,0.93119705,0.018174624,*
p.Glu1565Thr,0.91727513,0.012479562,*
p.Glu1565Val,0.9302068,0.015370483,*
p.Glu1565Trp,0.84312755,0.028136099,*
p.Glu1565Tyr,0.8307475,0.008966744,*
p.Glu1573Ala,0.9420805,0.016360356,*
p.Glu1573Cys,0.8560909,0.017187348,*
p.Glu1573Asp,0.98764896,0.0131908525,*
p.Glu1573Phe,0.80379236,0.016274817,*
p.Glu1573Gly,0.88648254,0.009739909,*
p.Glu1573His,0.9084932,0.020439604,*
p.Glu1573Ile,0.8463418,0.013359741,*
p.Glu1573Lys,0.8388246,0.01924459,*
p.Glu1573Leu,0.87346107,0.015147086,*
p.Glu1573Met,0.818371,0.02166569,*
p.Glu1573Asn,0.874502,0.018736849,*
p.Glu1573Pro,0.7238177,0.018532528,*
p.Glu1573Gln,0.8888628,0.019159844,*
p.Glu1573Arg,0.8680407,0.013122354,*
p.Glu1573Ser,0.92244214,0.015424745,*
p.Glu1573Thr,0.92448795,0.015207002,*
p.Glu1573Val,0.8943041,0.010794557,*
p.Glu1573Trp,0.72747254,0.018667853,*
p.Glu1573Tyr,0.7919854,0.01927315,*
p.Glu1583Ala,0.9735247,0.014238415,*
p.Glu1583Cys,0.903303,0.016666066,*
p.Glu1583Asp,0.9916209,0.01466667,*
p.Glu1583Phe,0.8506468,0.022743981,*
p.Glu1583Gly,0.9126545,0.013981014,*
p.Glu1583His,0.9855379,0.021959912,*
p.Glu1583Ile,0.7942279,0.021387244,*
p.Glu1583Lys,0.87689507,0.024153685,*
p.Glu1583Leu,0.8841545,0.018764395,*
p.Glu1583Met,0.81562394,0.018383477,*
p.Glu1583Asn,0.84354955,0.032227874,*
p.Glu1583Pro,0.9836124,0.013858326,*
p.Glu1583Gln,0.94515955,0.014964663,*
p.Glu1583Arg,0.8900531,0.018407,*
p.Glu1583Ser,0.95371884,0.02707832,*
p.Glu1583Thr,0.8201764,0.018253492,*
p.Glu1583Val,0.8294953,0.020467147,*
p.Glu1583Trp,0.77166426,0.026034325,*
p.Glu1583Tyr,0.82872283,0.019267198,*
p.Glu1602Ala,0.9770683,0.023638066,*
p.Glu1602Cys,0.9211953,0.017964829,*
p.Glu1602Asp,0.9765093,0.0155753745,*
p.Glu1602Phe,0.8602521,0.01648907,*
p.Glu1602Gly,0.95591277,0.0140308235,*
p.Glu1602His,0.9637815,0.01778418,*
p.Glu1602Ile,0.8629486,0.021783767,*
p.Glu1602Lys,0.89062214,0.0169337,*
p.Glu1602Leu,0.90519637,0.011755495,*
p.Glu1602Met,0.9066267,0.02182756,*
p.Glu1602Asn,0.88295686,0.020074349,*
p.Glu1602Pro,0.8423144,0.023258932,*
p.Glu1602Gln,0.9593875,0.02312712,*
p.Glu1602Arg,0.9277136,0.013027728,*
p.Glu1602Ser,0.917925,0.022387143,*
p.Glu1602Thr,0.8725902,0.018524908,*
p.Glu1602Val,0.8987991,0.0225103,*
p.Glu1602Trp,0.85397875,0.012214464,*
p.Glu1602Tyr,0.86983985,0.02076629,*
p.Phe1619Ala,0.70901465,0.029457726,*
p.Phe1619Cys,0.82230264,0.030099226,*
p.Phe1619Asp,0.5156167,0.015469773,*
p.Phe1619Glu,0.54812247,0.015987044,*
p.Phe1619Gly,0.54699796,0.02004902,*
p.Phe1619His,0.67241144,0.019835087,*
p.Phe1619Ile,0.7554388,0.020077212,*
p.Phe1619Lys,0.49149284,0.015467944,*
p.Phe1619Leu,0.8320548,0.018888447,*
p.Phe1619Met,0.8449874,0.035558216,*
p.Phe1619Asn,0.57194066,0.01506671,*
p.Phe1619Pro,0.5307074,0.029114285,*
p.Phe1619Gln,0.52847123,0.021392645,*
p.Phe1619Arg,0.46370015,0.018681746,*
p.Phe1619Ser,0.6104905,0.029773096,*
p.Phe1619Thr,0.64494973,0.022828693,*
p.Phe1619Val,0.76324433,0.01847349,*
p.Phe1619Trp,0.6495391,0.021886485,*
p.Phe1619Tyr,0.74014294,0.019120693,*
p.Phe1645Ala,0.9233201,0.032508075,*
p.Phe1645Cys,0.974154,0.029271064,*
p.Phe1645Asp,0.7908094,0.021846643,*
p.Phe1645Glu,0.72506225,0.024279008,*
p.Phe1645Gly,0.77949446,0.02151661,*
p.Phe1645His,0.9086933,0.019431865,*
p.Phe1645Ile,0.85007775,0.016919443,*
p.Phe1645Lys,0.73602843,0.015229348,*
p.Phe1645Leu,0.89724255,0.01855407,*
p.Phe1645Met,0.9130765,0.031291254,*
p.Phe1645Asn,0.7899711,0.01937745,*
p.Phe1645Pro,0.8140499,0.013524108,*
p.Phe1645Gln,0.8380605,0.023973916,*
p.Phe1645Arg,0.70962477,0.014062145,*
p.Phe1645Ser,0.8275367,0.017220901,*
p.Phe1645Thr,0.8618202,0.017574307,*
p.Phe1645Val,0.84657174,0.019820638,*
p.Phe1645Trp,0.7829608,0.026535816,*
p.Phe1645Tyr,0.9203043,0.016028484,*
p.Phe1657Ala,0.84466743,0.017316911,*
p.Phe1657Cys,0.8775222,0.023281878,*
p.Phe1657Asp,0.73800457,0.02058321,*
p.Phe1657Glu,0.6854221,0.026373364,*
p.Phe1657Gly,0.77432823,0.017804971,*
p.Phe1657His,0.8336606,0.02134482,*
p.Phe1657Ile,0.8599294,0.02007894,*
p.Phe1657Lys,0.7340947,0.016348032,*
p.Phe1657Leu,0.84235275,0.023094187,*
p.Phe1657Met,0.88576233,0.027053433,*
p.Phe1657Asn,0.7506537,0.018675242,*
p.Phe1657Pro,0.79411256,0.016895583,*
p.Phe1657Gln,0.78608733,0.030425476,*
p.Phe1657Arg,0.7295884,0.018708207,*
p.Phe1657Ser,0.8308924,0.019334905,*
p.Phe1657Thr,0.8461569,0.010463306,*
p.Phe1657Val,0.7892749,0.029208995,*
p.Phe1657Trp,0.7876653,0.014193884,*
p.Phe1657Tyr,0.93692005,0.020075906,*
p.Phe1666Ala,0.9059001,0.025692808,*
p.Phe1666Cys,0.9830373,0.023048725,*
p.Phe1666Asp,0.90192974,0.02078731,*
p.Phe1666Glu,0.86933154,0.017986134,*
p.Phe1666Gly,0.82368594,0.01890536,*
p.Phe1666His,1.0200753,0.016170995,*
p.Phe1666Ile,0.87577885,0.021389663,*
p.Phe1666Lys,0.8935162,0.0203776,*
p.Phe1666Leu,0.91642827,0.019403972,*
p.Phe1666Met,0.9100909,0.035349194,*
p.Phe1666Asn,0.87839,0.020955082,*
p.Phe1666Pro,0.7864817,0.015542902,*
p.Phe1666Gln,0.9775423,0.014910088,*
p.Phe1666Arg,0.8824946,0.013236545,*
p.Phe1666Ser,0.8961385,0.023846826,*
p.Phe1666Thr,0.86425513,0.017969739,*
p.Phe1666Val,0.8729852,0.017195342,*
p.Phe1666Trp,0.8437589,0.01767584,*
p.Phe1666Tyr,0.95660603,0.025737049,*
p.Phe1668Ala,0.88025504,0.025940388,*
p.Phe1668Cys,0.95886976,0.031534705,*
p.Phe1668Asp,0.837206,0.020068714,*
p.Phe1668Glu,0.7729788,0.018286657,*
p.Phe1668Gly,0.754956,0.0141104525,*
p.Phe1668His,0.8896942,0.015157467,*
p.Phe1668Ile,0.8575021,0.024472686,*
p.Phe1668Lys,0.77019936,0.02326241,*
p.Phe1668Leu,0.9078037,0.01905067,*
p.Phe1668Met,0.8974431,0.028460804,*
p.Phe1668Asn,0.82604486,0.014719982,*
p.Phe1668Pro,0.7254164,0.017742038,*
p.Phe1668Gln,0.89266634,0.03000829,*
p.Phe1668Arg,0.8042763,0.020704947,*
p.Phe1668Ser,0.84472406,0.016247246,*
p.Phe1668Thr,0.85738677,0.022096034,*
p.Phe1668Val,0.8355161,0.020404086,*
p.Phe1668Trp,0.84362286,0.022859024,*
p.Phe1668Tyr,0.8956833,0.018639315,*
p.Phe1527Ala,0.88037664,0.03240107,*
p.Phe1527Cys,0.9594156,0.024835262,*
p.Phe1527Asp,0.7767188,0.014112071,*
p.Phe1527Glu,0.881227,0.011877585,*
p.Phe1527Gly,0.79921675,0.014190924,*
p.Phe1527His,0.8865609,0.013124736,*
p.Phe1527Ile,0.9071339,0.020998184,*
p.Phe1527Lys,0.7852334,0.01888448,*
p.Phe1527Leu,0.9290663,0.020345846,*
p.Phe1527Met,0.8540022,0.032686565,*
p.Phe1527Asn,0.8616767,0.02362139,*
p.Phe1527Pro,0.7984132,0.018690659,*
p.Phe1527Gln,0.85095215,0.024648072,*
p.Phe1527Arg,0.757476,0.01309728,*
p.Phe1527Ser,0.84908974,0.022485947,*
p.Phe1527Thr,0.9007738,0.01875733,*
p.Phe1527Val,0.8916769,0.024255853,*
p.Phe1527Trp,0.8796302,0.027719922,*
p.Phe1527Tyr,0.92386246,0.021199837,*
p.Phe1710Ala,0.75479364,0.019258732,*
p.Phe1710Cys,0.83240306,0.02267486,*
p.Phe1710Asp,0.60238194,0.022706214,*
p.Phe1710Glu,0.5791608,0.018853864,*
p.Phe1710Gly,0.6505499,0.01964638,*
p.Phe1710His,0.7200911,0.009270394,*
p.Phe1710Ile,0.77827823,0.0152279865,*
p.Phe1710Lys,0.61119753,0.02161561,*
p.Phe1710Leu,0.84344053,0.022837084,*
p.Phe1710Met,0.8196042,0.021449568,*
p.Phe1710Asn,0.67385507,0.02100991,*
p.Phe1710Pro,0.59873855,0.03182661,*
p.Phe1710Gln,0.6598319,0.023476193,*
p.Phe1710Arg,0.57603437,0.017946113,*
p.Phe1710Ser,0.7333256,0.012937649,*
p.Phe1710Thr,0.7485116,0.015758866,*
p.Phe1710Val,0.78344893,0.024152348,*
p.Phe1710Trp,0.7560776,0.021923337,*
p.Phe1710Tyr,0.85661775,0.017402003,*
p.Phe1803Ala,0.9598381,0.027790697,*
p.Phe1803Cys,0.98791283,0.02847433,*
p.Phe1803Asp,0.92300045,0.01755742,*
p.Phe1803Glu,0.9164956,0.01630914,*
p.Phe1803Gly,0.9333216,0.016012914,*
p.Phe1803His,0.9404866,0.02319543,*
p.Phe1803Ile,0.9326498,0.03312784,*
p.Phe1803Lys,0.9253367,0.030569261,*
p.Phe1803Leu,0.9273022,0.01315506,*
p.Phe1803Met,0.9577111,0.031197095,*
p.Phe1803Asn,0.9084112,0.02951779,*
p.Phe1803Pro,0.8829256,0.01735029,*
p.Phe1803Gln,0.9626759,0.027316328,*
p.Phe1803Arg,0.94769686,0.022710634,*
p.Phe1803Ser,0.9427463,0.021965679,*
p.Phe1803Val,0.927574,0.028984431,*
p.Phe1803Trp,0.9817441,0.02518281,*
p.Phe1803Tyr,0.9744792,0.031244494,*
p.Phe1574Ala,0.6578506,0.022188956,*
p.Phe1574Cys,0.64691746,0.016518073,*
p.Phe1574Asp,0.4693655,0.022730397,*
p.Phe1574Glu,0.532125,0.019501582,*
p.Phe1574Gly,0.55727214,0.027566733,*
p.Phe1574His,0.5670546,0.02340964,*
p.Phe1574Ile,0.68861663,0.023649931,*
p.Phe1574Lys,0.51851034,0.015447964,*
p.Phe1574Leu,0.7250438,0.014979919,*
p.Phe1574Met,0.7266851,0.022481348,*
p.Phe1574Asn,0.5021049,0.015130759,*
p.Phe1574Pro,0.58791876,0.024432072,*
p.Phe1574Gln,0.5228499,0.017165342,*
p.Phe1574Arg,0.5108955,0.01640871,*
p.Phe1574Ser,0.5851229,0.020720245,*
p.Phe1574Thr,0.64852023,0.016137248,*
p.Phe1574Val,0.64637446,0.012557988,*
p.Phe1574Trp,0.6488024,0.024860917,*
p.Phe1574Tyr,0.7085042,0.013218499,*
p.Phe1606Ala,0.86132747,0.019400803,*
p.Phe1606Cys,0.9496075,0.010040352,*
p.Phe1606Asp,0.7830111,0.027495582,*
p.Phe1606Glu,0.69276446,0.027191516,*
p.Phe1606Gly,0.77233285,0.011633444,*
p.Phe1606His,0.9200813,0.008108067,*
p.Phe1606Ile,0.90131485,0.018875675,*
p.Phe1606Lys,0.7263835,0.018705763,*
p.Phe1606Leu,0.9230031,0.027256364,*
p.Phe1606Met,0.9313897,0.026539143,*
p.Phe1606Asn,0.8243183,0.011416181,*
p.Phe1606Pro,0.8667566,0.015874317,*
p.Phe1606Arg,0.75065565,0.016138732,*
p.Phe1606Ser,0.8937026,0.018159455,*
p.Phe1606Thr,0.8462146,0.014345279,*
p.Phe1606Val,0.88100797,0.014376279,*
p.Phe1606Trp,0.84768105,0.008746533,*
p.Phe1606Tyr,0.9149335,0.018336454,*
p.Gly1642Ala,0.9303557,0.028665157,*
p.Gly1642Cys,0.82034856,0.015729701,*
p.Gly1642Asp,0.93067914,0.01685224,*
p.Gly1642Glu,0.8258073,0.014798731,*
p.Gly1642Phe,0.7459355,0.018606262,*
p.Gly1642His,0.90174246,0.028699268,*
p.Gly1642Ile,0.72038496,0.021834088,*
p.Gly1642Lys,0.7321974,0.019184042,*
p.Gly1642Leu,0.79455096,0.009723898,*
p.Gly1642Met,0.82867634,0.021291798,*
p.Gly1642Asn,0.8946336,0.023341151,*
p.Gly1642Pro,0.8186299,0.011551195,*
p.Gly1642Gln,0.9210186,0.01793851,*
p.Gly1642Arg,0.7967757,0.01455069,*
p.Gly1642Ser,0.8919805,0.011017359,*
p.Gly1642Thr,0.9026572,0.014851469,*
p.Gly1642Val,0.7332145,0.012876428,*
p.Gly1642Trp,0.7455132,0.0198545,*
p.Gly1642Tyr,0.8106394,0.014803035,*
p.Gly1654Ala,0.95169324,0.01866651,*
p.Gly1654Cys,0.84128773,0.014191416,*
p.Gly1654Asp,0.9362672,0.014671109,*
p.Gly1654Glu,0.876859,0.01631112,*
p.Gly1654Phe,0.85246706,0.015265324,*
p.Gly1654His,0.94121283,0.016089475,*
p.Gly1654Ile,0.87957066,0.017873812,*
p.Gly1654Lys,0.8822023,0.016618516,*
p.Gly1654Leu,0.847575,0.013833022,*
p.Gly1654Met,0.9250854,0.021070564,*
p.Gly1654Asn,0.9336556,0.013859756,*
p.Gly1654Pro,0.8680481,0.019561298,*
p.Gly1654Gln,0.9562038,0.012351316,*
p.Gly1654Arg,0.91707945,0.015685163,*
p.Gly1654Ser,0.9178568,0.010066412,*
p.Gly1654Thr,0.91126615,0.014977781,*
p.Gly1654Val,0.862407,0.020041177,*
p.Gly1654Trp,0.803743,0.014633469,*
p.Gly1654Tyr,0.9039133,0.01737651,*
p.Gly1660Ala,0.9203188,0.0124464445,*
p.Gly1660Cys,0.77246535,0.018950492,*
p.Gly1660Asp,1.0232294,0.016934903,*
p.Gly1660Glu,0.8820593,0.016510457,*
p.Gly1660Phe,0.83558404,0.010073049,*
p.Gly1660His,0.9551611,0.03316175,*
p.Gly1660Ile,0.74797213,0.017127642,*
p.Gly1660Lys,0.79638267,0.015028167,*
p.Gly1660Leu,0.863314,0.013128785,*
p.Gly1660Met,0.855631,0.020521743,*
p.Gly1660Asn,0.8706067,0.028145645,*
p.Gly1660Pro,0.88318527,0.009186534,*
p.Gly1660Gln,0.94864166,0.021158874,*
p.Gly1660Arg,0.9012891,0.0126944,*
p.Gly1660Ser,0.8822632,0.015352092,*
p.Gly1660Thr,0.90734494,0.019846594,*
p.Gly1660Val,0.81900704,0.016899921,*
p.Gly1660Trp,0.818083,0.01226948,*
p.Gly1660Tyr,0.85132825,0.019509302,*
p.Gly1664Ala,0.912673,0.024673698,*
p.Gly1664Cys,0.8140794,0.014156818,*
p.Gly1664Asp,0.9363152,0.015744975,*
p.Gly1664Glu,0.88114893,0.020492764,*
p.Gly1664Phe,0.78922254,0.010565266,*
p.Gly1664His,0.9286281,0.020023685,*
p.Gly1664Ile,0.801957,0.018670667,*
p.Gly1664Lys,0.7729014,0.017640462,*
p.Gly1664Leu,0.82910025,0.014520426,*
p.Gly1664Met,0.8805205,0.025605656,*
p.Gly1664Asn,0.83503425,0.0232103,*
p.Gly1664Pro,0.8553014,0.018785968,*
p.Gly1664Gln,0.95367336,0.019156387,*
p.Gly1664Arg,0.85164946,0.015272878,*
p.Gly1664Ser,0.84625596,0.018170992,*
p.Gly1664Thr,0.87313586,0.018430935,*
p.Gly1664Val,0.7850743,0.020345664,*
p.Gly1664Trp,0.7948834,0.021375375,*
p.Gly1664Tyr,0.84512186,0.016621709,*
p.Gly1693Ala,1.0502566,0.014688709,*
p.Gly1693Cys,0.9471264,0.014293133,*
p.Gly1693Asp,1.0641286,0.009165723,*
p.Gly1693Glu,0.97694415,0.026113974,*
p.Gly1693His,1.0150735,0.017674703,*
p.Gly1693Ile,0.9165584,0.019152973,*
p.Gly1693Lys,0.93754214,0.013588764,*
p.Gly1693Leu,0.9564573,0.017566191,*
p.Gly1693Met,1.0467756,0.015342986,*
p.Gly1693Asn,1.0057958,0.014900178,*
p.Gly1693Pro,0.93320465,0.011875758,*
p.Gly1693Gln,1.0500176,0.017012686,*
p.Gly1693Arg,0.9439193,0.01643934,*
p.Gly1693Ser,0.9438299,0.019981826,*
p.Gly1693Thr,1.0099303,0.018105965,*
p.Gly1693Val,1.0063556,0.017616468,*
p.Gly1693Trp,0.95192957,0.015926138,*
p.Gly1693Tyr,1.0068098,0.02316375,*
p.Gly1787Ala,0.98634636,0.014686696,*
p.Gly1787Cys,0.8756997,0.026215145,*
p.Gly1787Asp,0.96396035,0.015291846,*
p.Gly1787Glu,0.9503697,0.016779423,*
p.Gly1787Phe,0.80110466,0.02919408,*
p.Gly1787Ile,0.8807952,0.019804556,*
p.Gly1787Lys,0.901742,0.029512439,*
p.Gly1787Met,0.9361087,0.024230406,*
p.Gly1787Asn,0.97895557,0.021039875,*
p.Gly1787Pro,0.9200824,0.019622529,*
p.Gly1787Gln,1.0139832,0.023057556,*
p.Gly1787Arg,0.9093874,0.011608134,*
p.Gly1787Ser,0.9439697,0.019698521,*
p.Gly1787Thr,0.90990436,0.015215496,*
p.Gly1787Val,0.91674167,0.020117095,*
p.Gly1787Trp,0.85282564,0.030709434,*
p.Gly1787Tyr,0.82291985,0.018055748,*
p.Gly1791Ala,0.9995489,0.023870002,*
p.Gly1791Cys,0.9101925,0.021021865,*
p.Gly1791Asp,0.959689,0.018926715,*
p.Gly1791Glu,0.9541435,0.024081383,*
p.Gly1791Phe,0.94156647,0.014805008,*
p.Gly1791His,1.0218289,0.022561928,*
p.Gly1791Ile,0.92403823,0.023460483,*
p.Gly1791Lys,0.931115,0.01434085,*
p.Gly1791Leu,0.9824027,0.019750098,*
p.Gly1791Met,1.0251942,0.02126751,*
p.Gly1791Asn,0.9414773,0.019170605,*
p.Gly1791Pro,0.97906864,0.014376669,*
p.Gly1791Gln,1.003967,0.015210288,*
p.Gly1791Arg,0.9603365,0.020014865,*
p.Gly1791Ser,0.9190202,0.014547723,*
p.Gly1791Thr,0.95756733,0.018162103,*
p.Gly1791Val,0.97716063,0.02086661,*
p.Gly1791Trp,1.0075063,0.018230872,*
p.Gly1791Tyr,0.9269804,0.019020218,*
p.Gly1551Ala,0.9698405,0.02078237,*
p.Gly1551Cys,0.84994525,0.019366393,*
p.Gly1551Asp,0.9325096,0.016163751,*
p.Gly1551Glu,0.86722136,0.022390625,*
p.Gly1551Phe,0.82740927,0.013921687,*
p.Gly1551His,0.9401312,0.027044551,*
p.Gly1551Ile,0.79124874,0.017494956,*
p.Gly1551Lys,0.77688015,0.014250408,*
p.Gly1551Leu,0.83462715,0.018533694,*
p.Gly1551Met,0.8405467,0.022042323,*
p.Gly1551Asn,0.8358658,0.018335838,*
p.Gly1551Pro,0.8501418,0.021283789,*
p.Gly1551Gln,0.90929335,0.016478326,*
p.Gly1551Arg,0.8281163,0.013923342,*
p.Gly1551Ser,0.90177596,0.013690482,*
p.Gly1551Thr,0.8926012,0.01766691,*
p.Gly1551Val,0.7866932,0.021721,*
p.Gly1551Trp,0.81481874,0.017779814,*
p.Gly1551Tyr,0.84060144,0.013603407,*
p.Gly1553Ala,1.015524,0.013220114,*
p.Gly1553Cys,0.86587125,0.012596232,*
p.Gly1553Asp,0.9534559,0.010133688,*
p.Gly1553Phe,0.9263725,0.007009858,*
p.Gly1553His,0.97954607,0.010513184,*
p.Gly1553Ile,0.91111565,0.009360549,*
p.Gly1553Lys,0.92490256,0.017695434,*
p.Gly1553Leu,0.9138864,0.009104339,*
p.Gly1553Met,0.9819285,0.0146555295,*
p.Gly1553Asn,0.9492675,0.009088276,*
p.Gly1553Pro,0.8988916,0.025261866,*
p.Gly1553Gln,1.0126998,0.013639725,*
p.Gly1553Arg,0.9490382,0.016101357,*
p.Gly1553Ser,0.93959224,0.0060293856,*
p.Gly1553Thr,0.94328326,0.012589516,*
p.Gly1553Val,0.9010684,0.018552104,*
p.Gly1553Trp,0.92011726,0.011633755,*
p.Gly1553Tyr,0.9397295,0.018314278,*
p.Gly1567Ala,0.8385355,0.0143156685,*
p.Gly1567Cys,0.7721443,0.014341789,*
p.Gly1567Asp,0.875124,0.021651966,*
p.Gly1567Glu,0.877172,0.0144024035,*
p.Gly1567Phe,0.7545575,0.0133799,*
p.Gly1567His,0.8815344,0.031518698,*
p.Gly1567Ile,0.7679406,0.014413077,*
p.Gly1567Lys,0.738764,0.012973821,*
p.Gly1567Leu,0.77414906,0.016873103,*
p.Gly1567Met,0.7993859,0.020128245,*
p.Gly1567Asn,0.7739546,0.018333796,*
p.Gly1567Pro,0.83702534,0.016765336,*
p.Gly1567Gln,0.8781185,0.012362393,*
p.Gly1567Arg,0.7999085,0.017207488,*
p.Gly1567Ser,0.82133025,0.013334395,*
p.Gly1567Thr,0.8460067,0.0145174805,*
p.Gly1567Val,0.7099377,0.01559507,*
p.Gly1567Trp,0.774106,0.020446705,*
p.Gly1567Tyr,0.80665797,0.014024119,*
p.Gly1577Ala,0.89790136,0.028207788,*
p.Gly1577Cys,0.7577542,0.022281574,*
p.Gly1577Asp,0.9138249,0.021173123,*
p.Gly1577Glu,0.8512269,0.022300186,*
p.Gly1577Phe,0.81489927,0.022916079,*
p.Gly1577His,0.894415,0.022462822,*
p.Gly1577Ile,0.7087391,0.015055362,*
p.Gly1577Lys,0.807238,0.018876396,*
p.Gly1577Leu,0.76329553,0.026638923,*
p.Gly1577Met,0.8400053,0.020164782,*
p.Gly1577Asn,0.9235964,0.021704372,*
p.Gly1577Pro,0.7291107,0.023599185,*
p.Gly1577Gln,0.87690353,0.030384691,*
p.Gly1577Arg,0.8614254,0.022351863,*
p.Gly1577Ser,0.90135765,0.017499315,*
p.Gly1577Thr,0.82837373,0.019591728,*
p.Gly1577Val,0.7126223,0.021796139,*
p.Gly1577Trp,0.7572327,0.030333823,*
p.Gly1577Tyr,0.839744,0.017381899,*
p.Gly1579Ala,0.8020903,0.024234785,*
p.Gly1579Cys,0.72078186,0.021661226,*
p.Gly1579Asp,0.80456465,0.026957583,*
p.Gly1579Glu,0.77211696,0.0197418,*
p.Gly1579Phe,0.76880723,0.019486945,*
p.Gly1579His,0.79662675,0.032839745,*
p.Gly1579Ile,0.7213115,0.028016327,*
p.Gly1579Lys,0.7072787,0.020295257,*
p.Gly1579Leu,0.75925875,0.022654327,*
p.Gly1579Met,0.7668405,0.024005186,*
p.Gly1579Asn,0.7790173,0.02122214,*
p.Gly1579Pro,0.7034484,0.020595983,*
p.Gly1579Gln,0.7824185,0.023041502,*
p.Gly1579Arg,0.7528726,0.0126939155,*
p.Gly1579Ser,0.77534646,0.015975615,*
p.Gly1579Thr,0.787385,0.018369075,*
p.Gly1579Val,0.7384366,0.016358744,*
p.Gly1579Trp,0.6800235,0.021457732,*
p.Gly1579Tyr,0.7602489,0.022747748,*
p.Gly1595Ala,0.8657408,0.01765017,*
p.Gly1595Cys,0.7444843,0.02255049,*
p.Gly1595Asp,0.8945748,0.019579805,*
p.Gly1595Glu,0.79488856,0.019978471,*
p.Gly1595Phe,0.75588596,0.018256428,*
p.Gly1595His,0.87621844,0.033287372,*
p.Gly1595Ile,0.6948859,0.023257446,*
p.Gly1595Lys,0.7623194,0.025459366,*
p.Gly1595Leu,0.80017316,0.021727752,*
p.Gly1595Met,0.82670224,0.03248035,*
p.Gly1595Asn,0.81706583,0.022354705,*
p.Gly1595Pro,0.7841795,0.012350491,*
p.Gly1595Gln,0.86741894,0.016022515,*
p.Gly1595Arg,0.8100818,0.01518859,*
p.Gly1595Ser,0.80743456,0.014818922,*
p.Gly1595Thr,0.84363633,0.017973963,*
p.Gly1595Val,0.7237452,0.02460508,*
p.Gly1595Trp,0.7326317,0.01936385,*
p.Gly1595Tyr,0.81146973,0.021369345,*
p.Gly1596Ala,0.887936,0.024005055,*
p.Gly1596Cys,0.8108506,0.022437574,*
p.Gly1596Asp,0.91934454,0.027894065,*
p.Gly1596Glu,0.8590689,0.02144095,*
p.Gly1596Phe,0.7959844,0.01977951,*
p.Gly1596His,0.8873588,0.024398932,*
p.Gly1596Ile,0.7414431,0.018147359,*
p.Gly1596Lys,0.80526066,0.013465087,*
p.Gly1596Leu,0.8032714,0.017175503,*
p.Gly1596Met,0.8081918,0.021459214,*
p.Gly1596Asn,0.8337495,0.01737405,*
p.Gly1596Pro,0.8378854,0.018260604,*
p.Gly1596Gln,0.9030426,0.025326611,*
p.Gly1596Arg,0.8724624,0.015195806,*
p.Gly1596Ser,0.84854317,0.011684072,*
p.Gly1596Thr,0.8793952,0.015207353,*
p.Gly1596Val,0.7656727,0.026570087,*
p.Gly1596Trp,0.7200906,0.020324918,*
p.Gly1596Tyr,0.82390004,0.015500403,*
p.Gly1601Ala,0.9476571,0.012375336,*
p.Gly1601Cys,0.865558,0.014686463,*
p.Gly1601Asp,0.9488425,0.018237224,*
p.Gly1601Glu,0.8822719,0.012596774,*
p.Gly1601Phe,0.8753564,0.010151796,*
p.Gly1601His,0.94151294,0.022282464,*
p.Gly1601Ile,0.8053236,0.013255126,*
p.Gly1601Lys,0.8432044,0.012307041,*
p.Gly1601Leu,0.8958169,0.010234452,*
p.Gly1601Met,0.92829055,0.02265965,*
p.Gly1601Asn,0.9095019,0.014144911,*
p.Gly1601Pro,0.8814966,0.021387527,*
p.Gly1601Gln,0.9756855,0.018680155,*
p.Gly1601Arg,0.88619584,0.010279699,*
p.Gly1601Ser,0.8694208,0.011285031,*
p.Gly1601Thr,0.8980056,0.022687709,*
p.Gly1601Val,0.8667246,0.0151693495,*
p.Gly1601Trp,0.8464385,0.020334082,*
p.Gly1601Tyr,0.87251264,0.019353595,*
p.Gly1604Ala,0.8954488,0.0138502205,*
p.Gly1604Cys,0.7815486,0.016912486,*
p.Gly1604Asp,0.87995404,0.019438656,*
p.Gly1604Glu,0.8623767,0.020830931,*
p.Gly1604Phe,0.8284869,0.009810406,*
p.Gly1604His,0.8626831,0.017472249,*
p.Gly1604Ile,0.7613677,0.01521585,*
p.Gly1604Lys,0.75469786,0.009773094,*
p.Gly1604Leu,0.8239646,0.014543658,*
p.Gly1604Met,0.8557698,0.02135301,*
p.Gly1604Asn,0.82978535,0.01470749,*
p.Gly1604Pro,0.8647975,0.01645952,*
p.Gly1604Gln,0.9173484,0.015129393,*
p.Gly1604Arg,0.8232268,0.009135071,*
p.Gly1604Ser,0.8554522,0.010344469,*
p.Gly1604Thr,0.87205124,0.015593535,*
p.Gly1604Val,0.796564,0.015282767,*
p.Gly1604Trp,0.7680196,0.014843499,*
p.Gly1604Tyr,0.84727496,0.008653069,*
p.His1611Ala,0.89106387,0.021903416,*
p.His1611Cys,0.8888489,0.016617589,*
p.His1611Asp,0.9502994,0.012469048,*
p.His1611Glu,0.97788656,0.0139870215,*
p.His1611Phe,0.9599444,0.01769694,*
p.His1611Gly,0.9587388,0.02146948,*
p.His1611Ile,0.91610897,0.018335702,*
p.His1611Lys,0.99329585,0.030774068,*
p.His1611Leu,0.9143092,0.019313192,*
p.His1611Met,0.9738699,0.026592068,*
p.His1611Asn,1.0050205,0.027797537,*
p.His1611Pro,0.8857031,0.01606331,*
p.His1611Gln,0.97194016,0.014470895,*
p.His1611Arg,0.95619726,0.013713376,*
p.His1611Ser,0.97389394,0.019414036,*
p.His1611Thr,0.9489039,0.015042884,*
p.His1611Val,0.95933974,0.015709111,*
p.His1611Trp,0.8661583,0.009551617,*
p.His1611Tyr,1.0057315,0.014065142,*
p.His1620Ala,0.80975425,0.022329465,*
p.His1620Cys,0.777718,0.018106291,*
p.His1620Asp,0.7586835,0.020348268,*
p.His1620Glu,0.8106924,0.024557834,*
p.His1620Phe,0.85439765,0.014803627,*
p.His1620Gly,0.7646688,0.02254654,*
p.His1620Ile,0.79085666,0.015758457,*
p.His1620Lys,0.8196758,0.030953573,*
p.His1620Leu,0.75407684,0.025705516,*
p.His1620Met,0.9236636,0.015079978,*
p.His1620Asn,0.92510337,0.030331932,*
p.His1620Pro,0.6612374,0.016576521,*
p.His1620Gln,0.7784504,0.01778354,*
p.His1620Arg,0.7369665,0.024104085,*
p.His1620Ser,0.8238114,0.01683991,*
p.His1620Thr,0.8416649,0.017378887,*
p.His1620Val,0.84629583,0.020451581,*
p.His1620Trp,0.67355496,0.025524192,*
p.His1620Tyr,0.7927996,0.027284887,*
p.His1633Ala,0.991506,0.016353326,*
p.His1633Cys,0.9152967,0.0150130475,*
p.His1633Asp,1.0204505,0.01276631,*
p.His1633Glu,0.98640716,0.022743545,*
p.His1633Phe,0.9294796,0.017501296,*
p.His1633Gly,0.9982176,0.011987595,*
p.His1633Ile,0.91943467,0.017622674,*
p.His1633Lys,0.9058483,0.026667146,*
p.His1633Leu,0.95724565,0.012014129,*
p.His1633Met,0.9762309,0.021318551,*
p.His1633Asn,1.0159497,0.02145374,*
p.His1633Pro,0.91003674,0.020171154,*
p.His1633Gln,0.97724897,0.017945707,*
p.His1633Arg,0.95754826,0.011748251,*
p.His1633Ser,1.0370653,0.016335452,*
p.His1633Thr,0.9502633,0.017388493,*
p.His1633Val,0.9549843,0.019439517,*
p.His1633Trp,0.89296216,0.014008309,*
p.His1633Tyr,0.9586819,0.018667014,*
p.His1640Ala,0.8851657,0.016906613,*
p.His1640Cys,0.8534056,0.014731568,*
p.His1640Asp,0.88378537,0.01954117,*
p.His1640Glu,0.9243733,0.018061398,*
p.His1640Phe,0.8200782,0.016753927,*
p.His1640Gly,0.7923184,0.020677544,*
p.His1640Ile,0.7618942,0.022234762,*
p.His1640Lys,0.7377088,0.029991893,*
p.His1640Leu,0.8516944,0.013678949,*
p.His1640Met,0.85704166,0.012465775,*
p.His1640Asn,0.93171245,0.015760077,*
p.His1640Pro,0.743378,0.022325058,*
p.His1640Gln,0.90163517,0.019268816,*
p.His1640Arg,0.7817393,0.015110581,*
p.His1640Ser,0.8730265,0.020285835,*
p.His1640Thr,0.8462659,0.0142589295,*
p.His1640Val,0.8006436,0.017076299,*
p.His1640Trp,0.7549687,0.012740421,*
p.His1640Tyr,0.85611266,0.015819805,*
p.His1670Ala,0.9201762,0.014002312,*
p.His1670Cys,0.887663,0.017053697,*
p.His1670Asp,0.8970982,0.022686576,*
p.His1670Glu,0.93290806,0.023985751,*
p.His1670Phe,0.80100805,0.008103161,*
p.His1670Gly,0.88777006,0.009609908,*
p.His1670Ile,0.9439379,0.013323567,*
p.His1670Lys,0.85881376,0.024066964,*
p.His1670Leu,0.89428836,0.015948951,*
p.His1670Met,0.9518781,0.014100158,*
p.His1670Asn,0.9682463,0.025612514,*
p.His1670Pro,0.6755914,0.013603435,*
p.His1670Gln,0.911919,0.020531248,*
p.His1670Arg,0.88254005,0.017170005,*
p.His1670Ser,0.91096956,0.01573214,*
p.His1670Thr,0.9613865,0.019155521,*
p.His1670Val,0.89019156,0.013965485,*
p.His1670Trp,0.72626644,0.01753173,*
p.His1670Tyr,0.82953656,0.019335173,*
p.His1718Gln,0.8991515,0.021476647,*
p.His1718Tyr,0.78445065,0.014591276,*
p.His1726Ala,0.9572201,0.020704383,*
p.His1726Cys,0.91423094,0.01456322,*
p.His1726Asp,0.9073985,0.01830506,*
p.His1726Glu,0.98943317,0.017522786,*
p.His1726Phe,0.95115817,0.01697697,*
p.His1726Gly,0.90634143,0.01605161,*
p.His1726Ile,0.87286794,0.027341634,*
p.His1726Lys,0.87038976,0.028207023,*
p.His1726Leu,0.9259507,0.0107796695,*
p.His1726Met,0.95615035,0.023144547,*
p.His1726Asn,0.9381887,0.022818761,*
p.His1726Pro,0.8411791,0.023216935,*
p.His1726Gln,0.94002485,0.017562676,*
p.His1726Arg,0.9457364,0.0163912,*
p.His1726Ser,0.9805956,0.024005292,*
p.His1726Thr,0.9688857,0.009349216,*
p.His1726Val,0.9155008,0.020593537,*
p.His1726Trp,0.9238633,0.016347105,*
p.His1726Tyr,0.9304021,0.019127637,*
p.His1727Ala,0.94560385,0.01615321,*
p.His1727Cys,0.94295895,0.017623175,*
p.His1727Asp,0.91489494,0.013876407,*
p.His1727Glu,0.9662654,0.015739115,*
p.His1727Phe,0.92273605,0.016803514,*
p.His1727Gly,0.9445734,0.017463451,*
p.His1727Ile,0.8792243,0.026200442,*
p.His1727Lys,0.8903817,0.0239551,*
p.His1727Leu,0.9027463,0.007066531,*
p.His1727Met,0.9712842,0.014161593,*
p.His1727Asn,0.94586384,0.022827541,*
p.His1727Pro,0.8422748,0.023052225,*
p.His1727Gln,0.9146546,0.018088173,*
p.His1727Arg,0.9229377,0.017960064,*
p.His1727Ser,0.98079556,0.020584777,*
p.His1727Thr,0.96901625,0.011473673,*
p.His1727Val,0.9428643,0.015622427,*
p.His1727Trp,0.8855398,0.015698915,*
p.His1727Tyr,0.9281082,0.013594532,*
p.His1746Ala,0.9070884,0.022546874,*
p.His1746Cys,0.7750088,0.01970511,*
p.His1746Asp,0.87501824,0.017581865,*
p.His1746Glu,0.8912929,0.025579715,*
p.His1746Phe,0.78693974,0.028009817,*
p.His1746Gly,0.87402487,0.015354332,*
p.His1746Ile,0.8478155,0.02925179,*
p.His1746Lys,0.8834652,0.024396162,*
p.His1746Leu,0.7970422,0.012877413,*
p.His1746Met,0.88600206,0.014198615,*
p.His1746Asn,0.92403394,0.03290025,*
p.His1746Pro,0.7166203,0.02390293,*
p.His1746Gln,0.9202509,0.015691126,*
p.His1746Arg,0.7817398,0.021193,*
p.His1746Ser,0.8619143,0.014438398,*
p.His1746Thr,0.89190453,0.011533844,*
p.His1746Val,0.83678687,0.018508615,*
p.His1746Trp,0.7944516,0.02111149,*
p.His1746Tyr,0.8461863,0.019180028,*
p.His1769Ala,1.0048552,0.0142028695,*
p.His1769Cys,0.95806444,0.020283371,*
p.His1769Asp,0.96711683,0.024526548,*
p.His1769Glu,1.0326622,0.026171839,*
p.His1769Phe,1.0098717,0.013868106,*
p.His1769Gly,0.9594965,0.01120743,*
p.His1769Ile,0.974892,0.016522497,*
p.His1769Lys,0.9873201,0.019447062,*
p.His1769Leu,0.98041666,0.017135262,*
p.His1769Met,0.9682722,0.013823708,*
p.His1769Asn,0.9958043,0.019170996,*
p.His1769Pro,0.99812573,0.028277488,*
p.His1769Gln,0.99276733,0.014637467,*
p.His1769Arg,0.9698906,0.015626203,*
p.His1769Ser,1.0120609,0.01683205,*
p.His1769Thr,1.0313488,0.013478485,*
p.His1769Val,0.91587913,0.024224566,*
p.His1769Trp,0.9942236,0.011505692,*
p.His1769Tyr,1.0179516,0.027262727,*
p.His1773Ala,0.9807862,0.02037488,*
p.His1773Cys,0.9550789,0.0132561205,*
p.His1773Asp,0.9133544,0.023322372,*
p.His1773Glu,0.98591936,0.019514529,*
p.His1773Phe,0.9638197,0.02100329,*
p.His1773Gly,0.96242297,0.014474464,*
p.His1773Ile,0.9205192,0.0209029,*
p.His1773Lys,0.91022074,0.021913439,*
p.His1773Leu,0.92564887,0.019572759,*
p.His1773Met,0.8991634,0.022366917,*
p.His1773Asn,0.9533669,0.027689924,*
p.His1773Pro,0.9251563,0.026833816,*
p.His1773Gln,0.9590211,0.025719803,*
p.His1773Arg,0.94972247,0.010232654,*
p.His1773Ser,0.96999407,0.024340644,*
p.His1773Thr,0.961857,0.018312434,*
p.His1773Val,0.96450853,0.014810387,*
p.His1773Trp,0.9226414,0.015672486,*
p.His1773Tyr,0.9265598,0.012242143,*
p.His1543Ala,0.88000566,0.019551586,*
p.His1543Cys,0.8478637,0.022841386,*
p.His1543Asp,0.8565834,0.01599314,*
p.His1543Glu,0.8345997,0.03551514,*
p.His1543Phe,0.847719,0.021182869,*
p.His1543Gly,0.84870183,0.022796562,*
p.His1543Ile,0.83300656,0.02047217,*
p.His1543Lys,0.8784596,0.021462018,*
p.His1543Leu,0.8445753,0.01727504,*
p.His1543Met,0.902223,0.014377904,*
p.His1543Asn,0.93830526,0.028414719,*
p.His1543Pro,0.757919,0.016545998,*
p.His1543Gln,0.81452686,0.017629184,*
p.His1543Arg,0.9204532,0.014424693,*
p.His1543Ser,0.8923963,0.020041179,*
p.His1543Thr,0.8932293,0.01937415,*
p.His1543Val,0.8596695,0.022879738,*
p.His1543Trp,0.798972,0.022383116,*
p.His1543Tyr,0.9304754,0.01780293,*
p.His1566Ala,0.9109057,0.0088914735,*
p.His1566Cys,0.8649405,0.015858488,*
p.His1566Asp,0.88003445,0.022030681,*
p.His1566Glu,0.9431467,0.02022213,*
p.His1566Phe,0.8935685,0.011592718,*
p.His1566Gly,0.87636006,0.011888968,*
p.His1566Ile,0.9013322,0.01519956,*
p.His1566Lys,0.8918046,0.014405477,*
p.His1566Leu,0.8769394,0.016411306,*
p.His1566Met,0.908735,0.027532578,*
p.His1566Asn,0.9524676,0.016516173,*
p.His1566Pro,0.8838204,0.021273991,*
p.His1566Gln,0.8977237,0.013967699,*
p.His1566Arg,0.92941886,0.012581012,*
p.His1566Ser,0.9782912,0.011847555,*
p.His1566Thr,0.9214241,0.015248209,*
p.His1566Val,0.94704294,0.013308781,*
p.His1566Trp,0.84913266,0.014629065,*
p.His1566Tyr,0.898389,0.010334686,*
p.Ile1614Ala,0.9497997,0.010379377,*
p.Ile1614Cys,0.9011136,0.018098043,*
p.Ile1614Asp,0.8173335,0.01741187,*
p.Ile1614Glu,0.81827056,0.01722402,*
p.Ile1614Phe,0.8621812,0.01906726,*
p.Ile1614Gly,0.80895865,0.013515635,*
p.Ile1614His,0.8232856,0.025337806,*
p.Ile1614Lys,0.7422804,0.018166486,*
p.Ile1614Leu,0.92958146,0.025863921,*
p.Ile1614Met,0.9533269,0.019949155,*
p.Ile1614Asn,0.8904127,0.02334969,*
p.Ile1614Pro,0.8214986,0.016955629,*
p.Ile1614Gln,0.8740159,0.0139034875,*
p.Ile1614Arg,0.7502324,0.011493022,*
p.Ile1614Ser,0.804314,0.018648397,*
p.Ile1614Thr,0.78707427,0.03197787,*
p.Ile1614Val,0.95162183,0.018684693,*
p.Ile1614Trp,0.83217096,0.01705383,*
p.Ile1614Tyr,0.7974443,0.023419267,*
p.Ile1621Ala,0.74412304,0.019707492,*
p.Ile1621Cys,0.7773178,0.021723883,*
p.Ile1621Asp,0.5890629,0.026490893,*
p.Ile1621Glu,0.6110521,0.019867174,*
p.Ile1621Phe,0.70755607,0.01523479,*
p.Ile1621Gly,0.5965075,0.027739776,*
p.Ile1621His,0.6024579,0.02819563,*
p.Ile1621Lys,0.5182827,0.025707126,*
p.Ile1621Leu,0.83939,0.023227226,*
p.Ile1621Met,0.75938725,0.022588665,*
p.Ile1621Asn,0.5900652,0.023072232,*
p.Ile1621Pro,0.5976788,0.028469287,*
p.Ile1621Gln,0.63177097,0.01661146,*
p.Ile1621Arg,0.49707356,0.019220557,*
p.Ile1621Ser,0.6134227,0.02274921,*
p.Ile1621Thr,0.69937366,0.024841784,*
p.Ile1621Val,0.9314839,0.01566814,*
p.Ile1621Trp,0.66146386,0.017499765,*
p.Ile1621Tyr,0.6570191,0.022026828,*
p.Ile1648Ala,0.6621264,0.020376492,*
p.Ile1648Cys,0.78799033,0.009772642,*
p.Ile1648Asp,0.4787187,0.015436512,*
p.Ile1648Glu,0.65261126,0.022641394,*
p.Ile1648Phe,0.64107734,0.028405437,*
p.Ile1648Gly,0.4657542,0.01547939,*
p.Ile1648His,0.5887404,0.021846853,*
p.Ile1648Lys,0.43480745,0.015230834,*
p.Ile1648Leu,0.8858074,0.019924557,*
p.Ile1648Met,0.7520894,0.01502041,*
p.Ile1648Asn,0.5928411,0.026403615,*
p.Ile1648Pro,0.47680497,0.023426458,*
p.Ile1648Gln,0.5941532,0.019084126,*
p.Ile1648Arg,0.45164663,0.015854402,*
p.Ile1648Ser,0.6009121,0.02242942,*
p.Ile1648Thr,0.65724826,0.027371414,*
p.Ile1648Val,0.90786874,0.0064555006,*
p.Ile1648Trp,0.61792266,0.024099082,*
p.Ile1648Tyr,0.66129184,0.030593844,*
p.Ile1662Ala,0.8804976,0.01796812,*
p.Ile1662Cys,0.89267606,0.02060304,*
p.Ile1662Asp,0.8061597,0.022254337,*
p.Ile1662Glu,0.86591446,0.018945236,*
p.Ile1662Phe,0.8591976,0.030098805,*
p.Ile1662Gly,0.7669054,0.021424696,*
p.Ile1662His,0.89576054,0.019687055,*
p.Ile1662Lys,0.86086714,0.017919302,*
p.Ile1662Leu,0.9139019,0.015054169,*
p.Ile1662Met,0.9074634,0.034600526,*
p.Ile1662Asn,0.92641926,0.028902221,*
p.Ile1662Pro,0.8546565,0.020545818,*
p.Ile1662Gln,0.93158853,0.019396342,*
p.Ile1662Arg,0.7452278,0.017704776,*
p.Ile1662Ser,0.824941,0.026366217,*
p.Ile1662Thr,0.768038,0.022433726,*
p.Ile1662Val,0.9239812,0.021118313,*
p.Ile1662Trp,0.7755674,0.024655512,*
p.Ile1662Tyr,0.76418966,0.026588956,*
p.Ile1672Ala,0.8714159,0.014621149,*
p.Ile1672Cys,0.9518639,0.017253503,*
p.Ile1672Asp,0.6898215,0.026970949,*
p.Ile1672Glu,0.77877325,0.020288192,*
p.Ile1672Phe,0.7084175,0.017840741,*
p.Ile1672Gly,0.69666225,0.031067783,*
p.Ile1672His,0.70691633,0.02084032,*
p.Ile1672Lys,0.7311823,0.015873848,*
p.Ile1672Leu,0.93843955,0.015137963,*
p.Ile1672Met,0.908126,0.018215848,*
p.Ile1672Asn,0.80081767,0.024673209,*
p.Ile1672Pro,0.606173,0.025789924,*
p.Ile1672Gln,0.81747544,0.017233714,*
p.Ile1672Arg,0.7681426,0.01574251,*
p.Ile1672Ser,0.7564166,0.023692891,*
p.Ile1672Thr,0.80503285,0.021405086,*
p.Ile1672Val,0.95880395,0.01652722,*
p.Ile1672Trp,0.6770314,0.0201092,*
p.Ile1672Tyr,0.7079577,0.030641261,*
p.Ile1702Ala,0.8966695,0.013963394,*
p.Ile1702Cys,0.932058,0.016083356,*
p.Ile1702Asp,0.7787376,0.021673987,*
p.Ile1702Glu,0.8015747,0.02205886,*
p.Ile1702Phe,0.85176164,0.014784805,*
p.Ile1702Gly,0.7483512,0.023895998,*
p.Ile1702His,0.7834242,0.017889997,*
p.Ile1702Lys,0.69411576,0.022434533,*
p.Ile1702Leu,0.96799976,0.027190732,*
p.Ile1702Met,0.9818791,0.02210942,*
p.Ile1702Asn,0.8276124,0.022165764,*
p.Ile1702Pro,0.8238121,0.021720108,*
p.Ile1702Gln,0.72663486,0.024368895,*
p.Ile1702Arg,0.67762995,0.022134406,*
p.Ile1702Ser,0.8048996,0.028775223,*
p.Ile1702Thr,0.8039236,0.023178004,*
p.Ile1702Val,0.95099914,0.014618949,*
p.Ile1702Trp,0.8001294,0.02398589,*
p.Ile1702Tyr,0.8445641,0.027234381,*
p.Ile1735Ala,1.0540864,0.017668013,*
p.Ile1735Cys,0.92124593,0.016265072,*
p.Ile1735Asp,0.9355105,0.009786709,*
p.Ile1735Glu,0.9884337,0.016797038,*
p.Ile1735Phe,0.96763694,0.021748103,*
p.Ile1735Gly,0.92526436,0.015117534,*
p.Ile1735His,0.9373807,0.028975794,*
p.Ile1735Lys,0.91070336,0.019424591,*
p.Ile1735Leu,0.9783368,0.021508722,*
p.Ile1735Met,0.9756476,0.030526571,*
p.Ile1735Asn,0.94712085,0.021113938,*
p.Ile1735Pro,0.9892985,0.016587572,*
p.Ile1735Gln,1.0168489,0.0172134,*
p.Ile1735Arg,0.95030004,0.017668864,*
p.Ile1735Ser,0.9231448,0.023043482,*
p.Ile1735Thr,0.86951953,0.02614219,*
p.Ile1735Val,1.0008732,0.016496213,*
p.Ile1735Trp,0.9200034,0.016823143,*
p.Ile1735Tyr,0.8837978,0.028895307,*
p.Ile1741Ala,0.835672,0.032185484,*
p.Ile1741Cys,0.8911685,0.012402196,*
p.Ile1741Asp,0.6896535,0.020862382,*
p.Ile1741Glu,0.71025693,0.030171681,*
p.Ile1741Phe,0.7331729,0.013787834,*
p.Ile1741Gly,0.6322449,0.023844268,*
p.Ile1741His,0.69296086,0.029107574,*
p.Ile1741Lys,0.6161436,0.019085273,*
p.Ile1741Leu,0.8746508,0.022916522,*
p.Ile1741Met,0.8386971,0.025438886,*
p.Ile1741Asn,0.70227414,0.022664122,*
p.Ile1741Pro,0.71758604,0.025689282,*
p.Ile1741Gln,0.69326663,0.03621647,*
p.Ile1741Arg,0.59842086,0.019397326,*
p.Ile1741Ser,0.72808707,0.025328716,*
p.Ile1741Thr,0.7984735,0.024633756,*
p.Ile1741Val,0.933177,0.01753474,*
p.Ile1741Trp,0.72678673,0.026374904,*
p.Ile1741Tyr,0.7721143,0.026241388,*
p.Ile1747Ala,0.9172408,0.0147645995,*
p.Ile1754Ala,0.986735,0.016263891,*
p.Ile1754Cys,0.943518,0.021928452,*
p.Ile1754Asp,0.871103,0.025464203,*
p.Ile1754Glu,0.92253745,0.012026136,*
p.Ile1754Phe,0.94917214,0.018789357,*
p.Ile1754Gly,0.83250254,0.018846128,*
p.Ile1754His,0.9117182,0.015889188,*
p.Ile1754Lys,0.88785285,0.011162395,*
p.Ile1754Leu,0.97192276,0.019810047,*
p.Ile1754Met,0.98182094,0.018383944,*
p.Ile1754Asn,0.92416507,0.03454586,*
p.Ile1754Pro,0.88065594,0.012885363,*
p.Ile1754Gln,0.9794129,0.018007746,*
p.Ile1754Arg,0.82907546,0.014738837,*
p.Ile1754Ser,0.9214942,0.02813415,*
p.Ile1754Thr,0.90048313,0.022510434,*
p.Ile1754Val,0.9186263,0.030288396,*
p.Ile1754Trp,0.8870285,0.024125287,*
p.Ile1754Tyr,0.9095809,0.020075768,*
p.Ile1537Ala,0.9410003,0.015011318,*
p.Ile1537Cys,0.94350374,0.016189318,*
p.Ile1537Asp,0.9331768,0.020250004,*
p.Ile1537Glu,0.9632303,0.019408807,*
p.Ile1537Phe,0.9649168,0.014817026,*
p.Ile1537Gly,0.7700673,0.01389875,*
p.Ile1537His,0.82501763,0.017673686,*
p.Ile1537Lys,0.8927075,0.021599736,*
p.Ile1537Leu,0.9234228,0.01713773,*
p.Ile1537Met,0.9067675,0.024583178,*
p.Ile1537Asn,0.91159457,0.027956165,*
p.Ile1537Pro,0.8220997,0.016017647,*
p.Ile1537Gln,0.96414995,0.016315404,*
p.Ile1537Arg,0.8273119,0.012565466,*
p.Ile1537Ser,0.8530153,0.03191915,*
p.Ile1537Thr,0.9106444,0.014597822,*
p.Ile1537Val,0.9343246,0.024533704,*
p.Ile1537Trp,0.8586148,0.017063418,*
p.Ile1537Tyr,0.9235436,0.021846859,*
p.Ile1797Cys,1.0119556,0.01970025,*
p.Ile1797Asp,0.8560399,0.029269768,*
p.Ile1797Glu,0.9763489,0.033876132,*
p.Ile1797Phe,0.9563947,0.017884836,*
p.Ile1797Gly,0.9340209,0.014103766,*
p.Ile1797His,0.89696485,0.010006185,*
p.Ile1797Lys,0.9101144,0.0346765,*
p.Ile1797Leu,0.91058415,0.018437168,*
p.Ile1797Met,0.9635032,0.016264478,*
p.Ile1797Asn,0.93261135,0.033506855,*
p.Ile1797Pro,0.94755685,0.012961551,*
p.Ile1797Gln,0.9509079,0.019831335,*
p.Ile1797Arg,0.8765892,0.021770772,*
p.Ile1797Ser,0.92236435,0.029127024,*
p.Ile1797Thr,0.9224944,0.020232456,*
p.Ile1797Val,0.921428,0.021100612,*
p.Ile1797Trp,0.97783536,0.008071696,*
p.Ile1797Tyr,0.98544407,0.022794163,*
p.Ile1545Ala,0.6533421,0.027346594,*
p.Ile1545Cys,0.74025404,0.019437717,*
p.Ile1545Asp,0.52419657,0.019475024,*
p.Ile1545Glu,0.5768137,0.021029497,*
p.Ile1545Phe,0.68530095,0.019429814,*
p.Ile1545Gly,0.51102376,0.021809144,*
p.Ile1545His,0.6074025,0.016429754,*
p.Ile1545Lys,0.53062755,0.02257357,*
p.Ile1545Leu,0.85844374,0.02131952,*
p.Ile1545Met,0.7131878,0.02062737,*
p.Ile1545Asn,0.5872725,0.029303804,*
p.Ile1545Pro,0.5748011,0.027196655,*
p.Ile1545Gln,0.5714601,0.016539188,*
p.Ile1545Arg,0.49198905,0.020222388,*
p.Ile1545Ser,0.59302634,0.019018088,*
p.Ile1545Thr,0.65515035,0.025399674,*
p.Ile1545Val,0.8659331,0.02069169,*
p.Ile1545Trp,0.6214415,0.020866608,*
p.Ile1545Tyr,0.66303444,0.022786692,*
p.Ile1561Ala,0.8384552,0.01861116,*
p.Ile1561Cys,0.8270257,0.014810051,*
p.Ile1561Asp,0.76414454,0.015758,*
p.Ile1561Glu,0.85877085,0.0239453,*
p.Ile1561Phe,0.7461035,0.013457193,*
p.Ile1561Gly,0.6508974,0.014369801,*
p.Ile1561His,0.65620595,0.030413006,*
p.Ile1561Lys,0.6748179,0.017235808,*
p.Ile1561Leu,0.8572531,0.027811838,*
p.Ile1561Met,0.8587238,0.019881172,*
p.Ile1561Asn,0.7789449,0.0309499,*
p.Ile1561Pro,0.701353,0.014036994,*
p.Ile1561Gln,0.849331,0.016254706,*
p.Ile1561Arg,0.6781811,0.018913157,*
p.Ile1561Ser,0.7392455,0.025817227,*
p.Ile1561Thr,0.75304997,0.029147387,*
p.Ile1561Val,0.86307,0.014449985,*
p.Ile1561Trp,0.68519765,0.02111294,*
p.Ile1561Tyr,0.76580566,0.020858934,*
p.Ile1582Ala,0.91052854,0.018269747,*
p.Ile1582Cys,0.87514573,0.013775389,*
p.Ile1582Asp,0.8016431,0.017361633,*
p.Ile1582Glu,0.88579243,0.019733924,*
p.Ile1582Gly,0.79315937,0.021445844,*
p.Ile1582His,0.8405485,0.025388496,*
p.Ile1582Lys,0.83286417,0.02055593,*
p.Ile1582Leu,0.8895604,0.015938679,*
p.Ile1582Met,0.8568386,0.022480246,*
p.Ile1582Asn,0.8622141,0.02070071,*
p.Ile1582Pro,0.78374356,0.018275794,*
p.Ile1582Gln,0.89547026,0.017543517,*
p.Ile1582Arg,0.8213069,0.018211408,*
p.Ile1582Ser,0.8472678,0.026021311,*
p.Ile1582Thr,0.85641944,0.015051117,*
p.Ile1582Val,0.9186102,0.017317396,*
p.Ile1582Trp,0.78637105,0.016393289,*
p.Ile1582Tyr,0.8076705,0.015420276,*
p.Ile1518Ala,0.97251016,0.010855129,*
p.Ile1518Cys,0.9286229,0.013483191,*
p.Ile1518Asp,0.82348394,0.014373273,*
p.Ile1518Glu,0.951499,0.012312183,*
p.Ile1518Phe,0.97255576,0.014219804,*
p.Ile1518Gly,0.86088717,0.01982732,*
p.Ile1518His,0.9190008,0.017447213,*
p.Ile1518Lys,0.96960944,0.018598141,*
p.Ile1518Leu,0.9637846,0.010289752,*
p.Ile1518Met,0.88564265,0.022708932,*
p.Ile1518Asn,0.9427554,0.034249045,*
p.Ile1518Pro,0.85329807,0.013822101,*
p.Ile1518Gln,0.973039,0.015390349,*
p.Ile1518Arg,0.8950211,0.014289894,*
p.Ile1518Ser,0.90089417,0.022723394,*
p.Ile1518Thr,0.9191494,0.019371858,*
p.Ile1518Val,0.94354534,0.02132223,*
p.Ile1518Trp,0.92584735,0.015312367,*
p.Ile1518Tyr,0.97444284,0.016958406,*
p.Lys1628Ala,0.9083093,0.016311862,*
p.Lys1628Cys,0.9112959,0.016467882,*
p.Lys1628Asp,0.8994013,0.018071707,*
p.Lys1628Glu,0.8570687,0.0104283225,*
p.Lys1628Phe,0.9010029,0.019931307,*
p.Lys1628Gly,0.91209614,0.021840556,*
p.Lys1628His,0.9592503,0.02221066,*
p.Lys1628Ile,0.8906873,0.020380858,*
p.Lys1628Leu,0.9086172,0.019670775,*
p.Lys1628Met,0.8970302,0.018992629,*
p.Lys1628Asn,0.8774716,0.027896414,*
p.Lys1628Pro,0.914021,0.016417816,*
p.Lys1628Gln,0.8930138,0.01717846,*
p.Lys1628Arg,0.9452096,0.017120223,*
p.Lys1628Ser,0.91418964,0.011363821,*
p.Lys1628Thr,0.8315878,0.021299182,*
p.Lys1628Val,0.8960718,0.022200301,*
p.Lys1628Trp,0.8653703,0.013628862,*
p.Lys1628Tyr,0.990691,0.022693409,*
p.Lys1632Ala,0.9938854,0.0075246743,*
p.Lys1632Cys,0.9141267,0.020442449,*
p.Lys1632Asp,0.9551851,0.016827341,*
p.Lys1632Glu,0.8771594,0.016317362,*
p.Lys1632Phe,0.85569775,0.024426907,*
p.Lys1632Gly,0.9485806,0.02026466,*
p.Lys1632His,0.9875781,0.0231915,*
p.Lys1632Ile,0.8166273,0.022364244,*
p.Lys1632Leu,0.92739457,0.009120151,*
p.Lys1632Met,0.892741,0.023550766,*
p.Lys1632Asn,0.87745017,0.020525958,*
p.Lys1632Pro,0.944582,0.014473613,*
p.Lys1632Gln,0.88895845,0.020057967,*
p.Lys1632Arg,0.9633813,0.010533383,*
p.Lys1632Ser,0.92323554,0.023759888,*
p.Lys1632Thr,0.8923842,0.02532374,*
p.Lys1632Val,0.90344924,0.02074057,*
p.Lys1632Trp,0.82086134,0.015811764,*
p.Lys1632Tyr,0.93618983,0.011172313,*
p.Lys1637Ala,0.82303876,0.015831642,*
p.Lys1637Cys,0.8048092,0.019914318,*
p.Lys1637Asp,0.84620476,0.018405294,*
p.Lys1637Glu,0.8011261,0.020152356,*
p.Lys1637Phe,0.7329235,0.014207231,*
p.Lys1637Gly,0.83408374,0.023334445,*
p.Lys1637His,0.78334016,0.021478422,*
p.Lys1637Ile,0.7397322,0.02700339,*
p.Lys1637Leu,0.777576,0.021646313,*
p.Lys1637Met,0.7591884,0.018481638,*
p.Lys1637Asn,0.7461505,0.01979412,*
p.Lys1637Pro,0.832257,0.021608483,*
p.Lys1637Gln,0.84492856,0.026480326,*
p.Lys1637Arg,0.80054444,0.01321446,*
p.Lys1637Ser,0.7620419,0.011191227,*
p.Lys1637Thr,0.8050176,0.018492699,*
p.Lys1637Val,0.7784964,0.018893057,*
p.Lys1637Trp,0.7573234,0.014149397,*
p.Lys1637Tyr,0.7644323,0.0129226595,*
p.Lys1638Ala,0.915069,0.01043137,*
p.Lys1638Cys,0.8264349,0.017386803,*
p.Lys1638Asp,0.88319844,0.016382448,*
p.Lys1638Glu,0.85506123,0.018693818,*
p.Lys1638Phe,0.72594255,0.023261342,*
p.Lys1638Gly,0.87007743,0.021042885,*
p.Lys1638His,0.90770733,0.01905266,*
p.Lys1638Ile,0.76681805,0.020380095,*
p.Lys1638Leu,0.8846184,0.020466045,*
p.Lys1638Met,0.84174424,0.015825428,*
p.Lys1638Asn,0.85511464,0.016530002,*
p.Lys1638Pro,0.8011657,0.023498543,*
p.Lys1638Gln,0.89506876,0.025802104,*
p.Lys1638Arg,0.8944708,0.009603483,*
p.Lys1638Ser,0.8381794,0.022309896,*
p.Lys1638Thr,0.8394127,0.019766185,*
p.Lys1638Val,0.78767335,0.016454387,*
p.Lys1638Trp,0.8125006,0.008707184,*
p.Lys1638Tyr,0.80925477,0.01826979,*
p.Lys1658Ala,0.9897045,0.012132892,*
p.Lys1658Cys,1.0136255,0.020373376,*
p.Lys1658Asp,0.95130026,0.019912297,*
p.Lys1658Glu,0.937554,0.018633468,*
p.Lys1658Phe,0.9170599,0.008877027,*
p.Lys1658Gly,0.9873122,0.0134731,*
p.Lys1658His,1.0281683,0.015918372,*
p.Lys1658Ile,0.9543853,0.02163906,*
p.Lys1658Leu,0.9384178,0.018212961,*
p.Lys1658Met,0.87809324,0.022255747,*
p.Lys1658Asn,0.936837,0.022551883,*
p.Lys1658Pro,0.9490372,0.033129606,*
p.Lys1658Gln,1.028368,0.019961381,*
p.Lys1658Arg,0.96816474,0.014100911,*
p.Lys1658Ser,0.963167,0.020740034,*
p.Lys1658Thr,0.98307407,0.024020832,*
p.Lys1658Val,0.9413909,0.012306239,*
p.Lys1658Trp,0.8041457,0.023524541,*
p.Lys1658Tyr,0.9238254,0.024754234,*
p.Lys1663Ala,0.9907557,0.010942592,*
p.Lys1663Cys,0.96065986,0.014660571,*
p.Lys1663Asp,0.8972246,0.021394491,*
p.Lys1663Glu,0.913112,0.018081812,*
p.Lys1663Phe,0.894575,0.025101919,*
p.Lys1663Gly,0.9669758,0.018393995,*
p.Lys1663His,1.0196059,0.013329871,*
p.Lys1663Ile,0.8586276,0.026157934,*
p.Lys1663Leu,0.8691527,0.020705214,*
p.Lys1663Met,0.9740988,0.020270348,*
p.Lys1663Asn,0.9067546,0.021950632,*
p.Lys1663Pro,0.9065836,0.024738751,*
p.Lys1663Gln,0.95617515,0.022472566,*
p.Lys1663Arg,0.97607887,0.014860356,*
p.Lys1663Ser,0.9199435,0.02062555,*
p.Lys1663Thr,0.91936064,0.019432323,*
p.Lys1663Val,0.91922605,0.016542085,*
p.Lys1663Trp,0.80816567,0.015109603,*
p.Lys1663Tyr,0.96326095,0.015078799,*
p.Lys1689Cys,0.95809156,0.023556298,*
p.Lys1689Glu,0.9745083,0.016390363,*
p.Lys1689Phe,0.9503301,0.022899905,*
p.Lys1689Gly,1.0185859,0.013439678,*
p.Lys1689His,0.9757684,0.016905123,*
p.Lys1689Ile,0.8575161,0.018907478,*
p.Lys1689Leu,0.9190909,0.016670018,*
p.Lys1689Met,0.981778,0.021840492,*
p.Lys1689Asn,0.9273359,0.02287458,*
p.Lys1689Pro,1.0429595,0.025430866,*
p.Lys1689Gln,1.0075486,0.025312142,*
p.Lys1689Arg,1.0199689,0.010068043,*
p.Lys1689Ser,0.93109703,0.018573385,*
p.Lys1689Thr,0.92806834,0.023603948,*
p.Lys1689Val,0.946305,0.026761329,*
p.Lys1689Trp,0.8810204,0.019144295,*
p.Lys1689Tyr,0.93651545,0.019809403,*
p.Lys1701Ala,0.9404988,0.023004463,*
p.Lys1701Cys,0.9101699,0.016096093,*
p.Lys1701Asp,0.80182326,0.019105094,*
p.Lys1701Glu,0.86260784,0.019679036,*
p.Lys1701Phe,0.841932,0.0131750675,*
p.Lys1701Gly,0.7973457,0.019385757,*
p.Lys1701His,0.9594885,0.011660868,*
p.Lys1701Ile,0.82675445,0.02288788,*
p.Lys1701Leu,0.94368744,0.0179075,*
p.Lys1701Met,0.86418617,0.020213043,*
p.Lys1701Asn,0.81103504,0.018928908,*
p.Lys1701Pro,0.74482244,0.027222784,*
p.Lys1701Gln,0.8605649,0.027446039,*
p.Lys1701Arg,0.935877,0.015183511,*
p.Lys1701Ser,0.8951644,0.018540345,*
p.Lys1701Thr,0.91409636,0.017637897,*
p.Lys1701Val,0.87790835,0.017140664,*
p.Lys1701Trp,0.729169,0.017993577,*
p.Lys1701Tyr,0.80268204,0.013646263,*
p.Lys1739Ala,0.8986745,0.018930199,*
p.Lys1739Cys,0.91038465,0.019458205,*
p.Lys1739Asp,0.8573054,0.01653865,*
p.Lys1739Glu,0.8677658,0.018937133,*
p.Lys1739Phe,0.8092539,0.022734765,*
p.Lys1739Gly,0.85036325,0.018837279,*
p.Lys1739His,0.92036927,0.02287157,*
p.Lys1739Ile,0.80464923,0.029013462,*
p.Lys1739Leu,0.8154923,0.02731112,*
p.Lys1739Met,0.9049444,0.017319681,*
p.Lys1739Asn,0.9342507,0.022236744,*
p.Lys1739Pro,0.8738494,0.019509826,*
p.Lys1739Gln,0.93212366,0.016202074,*
p.Lys1739Arg,0.81391764,0.020473657,*
p.Lys1739Ser,0.9883642,0.016453244,*
p.Lys1739Thr,0.9902468,0.009404025,*
p.Lys1739Val,0.8970338,0.013717913,*
p.Lys1739Trp,0.81295955,0.0148608275,*
p.Lys1739Tyr,0.8486608,0.018512085,*
p.Lys1748Phe,0.83519363,0.02211114,*
p.Lys1748His,0.93536294,0.036227036,*
p.Lys1748Ile,0.8822867,0.022678299,*
p.Lys1748Asn,0.8572539,0.019165771,*
p.Lys1748Pro,0.7898226,0.027459988,*
p.Lys1748Arg,0.9286598,0.016847515,*
p.Lys1748Ser,0.9460026,0.023018932,*
p.Lys1748Thr,0.9604185,0.02557549,*
p.Lys1775Ala,1.0298378,0.027524289,*
p.Lys1775Cys,1.0596159,0.01644038,*
p.Lys1775Asp,0.98053706,0.025023524,*
p.Lys1775Glu,1.0219997,0.029596563,*
p.Lys1775Phe,1.0322917,0.024822911,*
p.Lys1775Gly,1.0284008,0.01514944,*
p.Lys1775His,1.0237099,0.0097683435,*
p.Lys1775Ile,0.9982538,0.020918038,*
p.Lys1775Leu,0.97685117,0.019676246,*
p.Lys1775Met,1.0002992,0.015294242,*
p.Lys1775Asn,0.9967766,0.021912133,*
p.Lys1775Pro,1.005054,0.023943463,*
p.Lys1775Gln,0.9949914,0.0128340125,*
p.Lys1775Arg,1.0201792,0.022143822,*
p.Lys1775Ser,1.0165212,0.024106814,*
p.Lys1775Thr,1.0607046,0.012224576,*
p.Lys1775Val,0.96325046,0.015430666,*
p.Lys1775Trp,0.9545452,0.01877634,*
p.Lys1775Tyr,0.9948122,0.0160105,*
p.Lys1794Ala,0.98849475,0.020113822,*
p.Lys1794Cys,1.0457964,0.016564697,*
p.Lys1794Asp,1.0166925,0.020607326,*
p.Lys1794Glu,1.0081971,0.01943225,*
p.Lys1794Phe,1.0358412,0.016841602,*
p.Lys1794Gly,1.013891,0.008853669,*
p.Lys1794Ile,0.9683542,0.023251716,*
p.Lys1794Leu,0.9860629,0.012611284,*
p.Lys1794Met,1.0185696,0.019104594,*
p.Lys1794Asn,1.0102847,0.013696701,*
p.Lys1794Pro,1.0461266,0.017215235,*
p.Lys1794Gln,1.0592077,0.014248551,*
p.Lys1794Arg,1.0352907,0.014700068,*
p.Lys1794Ser,0.98570776,0.02225721,*
p.Lys1794Val,0.98374474,0.017510159,*
p.Lys1794Trp,0.9964975,0.007600742,*
p.Lys1794Tyr,1.0073209,0.018071923,*
p.Lys1544Ala,0.9226753,0.012114385,*
p.Lys1544Cys,0.8900525,0.013241627,*
p.Lys1544Asp,0.7059682,0.027117725,*
p.Lys1544Glu,0.74146235,0.025736094,*
p.Lys1544Phe,0.69228643,0.02001171,*
p.Lys1544Gly,0.8224066,0.029470308,*
p.Lys1544His,0.82839644,0.022244575,*
p.Lys1544Ile,0.69226116,0.02269562,*
p.Lys1544Leu,0.8440113,0.025978185,*
p.Lys1544Met,0.72490007,0.012079188,*
p.Lys1544Asn,0.7935072,0.025187375,*
p.Lys1544Pro,0.839303,0.025046978,*
p.Lys1544Gln,0.7524587,0.018031558,*
p.Lys1544Arg,0.7998456,0.018591203,*
p.Lys1544Ser,0.8958725,0.019179821,*
p.Lys1544Thr,0.80748546,0.017214745,*
p.Lys1544Val,0.7686413,0.012225101,*
p.Lys1544Trp,0.7096545,0.013417261,*
p.Lys1544Tyr,0.78267825,0.012435398,*
p.Lys1516Ala,0.9126484,0.015165422,*
p.Lys1516Cys,0.91374886,0.01769875,*
p.Lys1516Asp,0.9427185,0.009448249,*
p.Lys1516Glu,0.90369636,0.021606008,*
p.Lys1516Phe,0.9235237,0.012500968,*
p.Lys1516Gly,0.89888686,0.01148551,*
p.Lys1516His,0.9415945,0.014901756,*
p.Lys1516Ile,0.8500303,0.01742306,*
p.Lys1516Leu,0.88350993,0.012207716,*
p.Lys1516Met,0.92429936,0.017338747,*
p.Lys1516Asn,0.92618287,0.022988174,*
p.Lys1516Pro,0.8507064,0.013348141,*
p.Lys1516Gln,0.9731348,0.019008284,*
p.Lys1516Arg,0.9563421,0.023929883,*
p.Lys1516Ser,0.94917697,0.016499149,*
p.Lys1516Thr,0.9339946,0.012139928,*
p.Lys1516Val,0.9260038,0.015382699,*
p.Lys1516Trp,0.87508976,0.013687263,*
p.Lys1516Tyr,0.91764563,0.011235375,*
p.Lys1585Ala,0.9465538,0.011943422,*
p.Lys1585Cys,0.8826,0.021258045,*
p.Lys1585Asp,0.8867272,0.017967027,*
p.Lys1585Glu,0.93314856,0.022261199,*
p.Lys1585Phe,0.89615977,0.011153,*
p.Lys1585Gly,0.93613636,0.012322872,*
p.Lys1585His,0.9068619,0.02897385,*
p.Lys1585Ile,0.8840535,0.019529682,*
p.Lys1585Leu,0.92574275,0.021029832,*
p.Lys1585Met,0.8711424,0.013917166,*
p.Lys1585Asn,0.8791419,0.021567455,*
p.Lys1585Pro,0.9632616,0.019516412,*
p.Lys1585Gln,0.9509145,0.019978749,*
p.Lys1585Arg,0.9151217,0.012617104,*
p.Lys1585Ser,0.91891354,0.016340371,*
p.Lys1585Thr,0.95945483,0.021378227,*
p.Lys1585Val,0.90883046,0.022044072,*
p.Lys1585Trp,0.7929441,0.016229123,*
p.Lys1585Tyr,0.8762208,0.013825636,*
p.Lys1591Ala,0.9752625,0.011741122,*
p.Lys1591Cys,0.8966055,0.019686071,*
p.Lys1591Asp,0.9713432,0.014795558,*
p.Lys1591Glu,0.92070216,0.015067,*
p.Lys1591Phe,0.90107584,0.019205857,*
p.Lys1591Gly,0.96919096,0.015448454,*
p.Lys1591His,0.9645562,0.017468404,*
p.Lys1591Ile,0.86170995,0.024712117,*
p.Lys1591Leu,0.9119399,0.018464804,*
p.Lys1591Met,0.91267574,0.021672133,*
p.Lys1591Asn,0.92957413,0.022663055,*
p.Lys1591Pro,0.8202702,0.022103736,*
p.Lys1591Gln,1.0171071,0.019043231,*
p.Lys1591Arg,0.9691582,0.014057496,*
p.Lys1591Ser,0.95335007,0.01511299,*
p.Lys1591Thr,0.912403,0.018717237,*
p.Lys1591Val,0.91642475,0.020875894,*
p.Lys1591Trp,0.8469947,0.015116127,*
p.Lys1591Tyr,0.9328496,0.018847317,*
p.Leu1624Ala,0.8934089,0.015265821,*
p.Leu1624Cys,0.9169792,0.008588734,*
p.Leu1624Asp,0.7589518,0.022207817,*
p.Leu1624Glu,0.78113395,0.023706164,*
p.Leu1624Phe,0.9562119,0.017274974,*
p.Leu1624Gly,0.8040415,0.017003512,*
p.Leu1624His,0.7925524,0.017188326,*
p.Leu1624Ile,0.9427849,0.0200288,*
p.Leu1624Lys,0.8162123,0.019548541,*
p.Leu1624Met,0.9215156,0.018969417,*
p.Leu1624Asn,0.8212495,0.016966952,*
p.Leu1624Pro,0.6559761,0.032494776,*
p.Leu1624Gln,0.8561786,0.020856362,*
p.Leu1624Arg,0.792746,0.020829162,*
p.Leu1624Ser,0.85480833,0.012350013,*
p.Leu1624Thr,0.85407466,0.01848506,*
p.Leu1624Val,0.87325966,0.014392203,*
p.Leu1624Trp,0.7557601,0.014417804,*
p.Leu1624Tyr,0.8423754,0.018576752,*
p.Leu1641Ala,0.8505146,0.0243048,*
p.Leu1641Cys,0.91663444,0.020818459,*
p.Leu1641Asp,0.6448878,0.032271247,*
p.Leu1641Glu,0.7141806,0.021750303,*
p.Leu1641Phe,0.8160227,0.019881248,*
p.Leu1641Gly,0.71932614,0.024864102,*
p.Leu1641His,0.70051765,0.020145629,*
p.Leu1641Ile,1.0050969,0.013293858,*
p.Leu1641Lys,0.62136424,0.023882074,*
p.Leu1641Met,0.9452714,0.018977886,*
p.Leu1641Asn,0.68767184,0.019790843,*
p.Leu1641Pro,0.670863,0.034844667,*
p.Leu1641Gln,0.75207925,0.021571493,*
p.Leu1641Arg,0.5849868,0.025835486,*
p.Leu1641Ser,0.7653077,0.026938798,*
p.Leu1641Thr,0.74673396,0.014006901,*
p.Leu1641Val,0.9532593,0.018180259,*
p.Leu1641Trp,0.7302695,0.026896965,*
p.Leu1641Tyr,0.7668057,0.023993623,*
p.Leu1659Ala,0.9649485,0.019131286,*
p.Leu1659Cys,0.9476327,0.016531216,*
p.Leu1659Asp,0.91526854,0.020491263,*
p.Leu1659Glu,0.84692127,0.029207628,*
p.Leu1659Phe,0.82907504,0.012033733,*
p.Leu1659Gly,0.8983223,0.018994091,*
p.Leu1659His,0.83482045,0.016953817,*
p.Leu1659Ile,1.0384909,0.018854134,*
p.Leu1659Lys,0.76097417,0.011619563,*
p.Leu1659Met,1.0039626,0.01499755,*
p.Leu1659Asn,0.89776075,0.022536503,*
p.Leu1659Pro,0.7813066,0.01916092,*
p.Leu1659Gln,0.9835597,0.021371022,*
p.Leu1659Arg,0.73346096,0.012781944,*
p.Leu1659Ser,0.92821455,0.013249877,*
p.Leu1659Thr,0.8241494,0.022252798,*
p.Leu1659Val,0.91476095,0.01099868,*
p.Leu1659Trp,0.8164628,0.023074528,*
p.Leu1659Tyr,0.8459675,0.011685285,*
p.Leu1676Ala,0.9191679,0.020924004,*
p.Leu1676Cys,0.90548265,0.018299745,*
p.Leu1676Asp,0.69336474,0.034490447,*
p.Leu1676Glu,0.80703706,0.028524607,*
p.Leu1676Phe,0.87926084,0.020480735,*
p.Leu1676Gly,0.8372792,0.019041136,*
p.Leu1676His,0.6829936,0.03543555,*
p.Leu1676Lys,0.8667326,0.016282758,*
p.Leu1676Met,1.0008218,0.0217054,*
p.Leu1676Asn,0.8274636,0.02433439,*
p.Leu1676Pro,0.65245354,0.038711105,*
p.Leu1676Gln,0.8911339,0.02350415,*
p.Leu1676Arg,0.7260891,0.017273434,*
p.Leu1676Ser,0.8578272,0.02392214,*
p.Leu1676Thr,0.7395472,0.010832694,*
p.Leu1676Val,0.93139106,0.026555382,*
p.Leu1676Trp,0.7506232,0.030200848,*
p.Leu1676Tyr,0.8113834,0.025847774,*
p.Leu1682Ala,0.8509739,0.016140513,*
p.Leu1682Cys,0.8757547,0.019284759,*
p.Leu1682Asp,0.7919559,0.012633628,*
p.Leu1682Glu,0.7507254,0.023410367,*
p.Leu1682Phe,0.8556243,0.02292953,*
p.Leu1682Gly,0.79962647,0.020151215,*
p.Leu1682His,0.737587,0.028377056,*
p.Leu1682Ile,0.94725275,0.014290966,*
p.Leu1682Lys,0.81365365,0.017714558,*
p.Leu1682Met,0.9486187,0.017506285,*
p.Leu1682Asn,0.81674844,0.028430216,*
p.Leu1682Pro,0.63129777,0.03614253,*
p.Leu1682Gln,0.84836006,0.012163242,*
p.Leu1682Arg,0.7942599,0.015655816,*
p.Leu1682Ser,0.84233963,0.01590962,*
p.Leu1682Thr,0.8392892,0.017466797,*
p.Leu1682Val,0.89025545,0.015525335,*
p.Leu1682Trp,0.73605,0.022313228,*
p.Leu1682Tyr,0.7987358,0.030865017,*
p.Leu1685Ala,0.83563054,0.015003585,*
p.Leu1685Cys,0.87342775,0.019581495,*
p.Leu1685Asp,0.6578951,0.022185946,*
p.Leu1685Glu,0.6259066,0.033710267,*
p.Leu1685Phe,0.82344997,0.02870847,*
p.Leu1685Gly,0.7292695,0.022916432,*
p.Leu1685His,0.6390613,0.031572383,*
p.Leu1685Ile,0.92581403,0.016071262,*
p.Leu1685Lys,0.6938736,0.019396298,*
p.Leu1685Met,0.9597338,0.023850111,*
p.Leu1685Asn,0.7509817,0.024036812,*
p.Leu1685Pro,0.62484866,0.023858102,*
p.Leu1685Gln,0.7071924,0.02123648,*
p.Leu1685Arg,0.63788915,0.021600578,*
p.Leu1685Ser,0.8226242,0.025538007,*
p.Leu1685Thr,0.7439606,0.016722616,*
p.Leu1685Val,0.89897835,0.021330096,*
p.Leu1685Trp,0.6826116,0.026531855,*
p.Leu1685Tyr,0.75225,0.02249874,*
p.Leu1694Ala,0.92729026,0.023494812,*
p.Leu1694Cys,0.93589944,0.0108945845,*
p.Leu1694Asp,0.84896743,0.022255354,*
p.Leu1694Glu,0.85625553,0.028151091,*
p.Leu1694Phe,0.93225753,0.016120046,*
p.Leu1694Gly,0.8081845,0.021983687,*
p.Leu1694His,0.81271726,0.025438337,*
p.Leu1694Ile,0.9960316,0.016527917,*
p.Leu1694Lys,0.70417345,0.02526158,*
p.Leu1694Met,0.98658407,0.01545723,*
p.Leu1694Asn,0.887879,0.020905515,*
p.Leu1694Pro,0.7157377,0.03968807,*
p.Leu1694Gln,0.89942485,0.021641547,*
p.Leu1694Arg,0.7200166,0.020881077,*
p.Leu1694Ser,0.88055766,0.023069058,*
p.Leu1694Thr,0.8171586,0.014417176,*
p.Leu1694Val,0.93075913,0.023139957,*
p.Leu1694Tyr,0.9236431,0.016144581,*
p.Leu1708Ala,0.85632116,0.018939825,*
p.Leu1708Cys,0.87092316,0.015206062,*
p.Leu1708Asp,0.601159,0.029719492,*
p.Leu1708Glu,0.59351695,0.020966385,*
p.Leu1708Phe,0.7797049,0.018842306,*
p.Leu1708Gly,0.60124755,0.019133536,*
p.Leu1708His,0.5487507,0.019608907,*
p.Leu1708Ile,0.85043037,0.018558808,*
p.Leu1708Lys,0.5363531,0.035087954,*
p.Leu1708Met,0.8656367,0.016414316,*
p.Leu1708Asn,0.64529467,0.02190569,*
p.Leu1708Pro,0.51350576,0.028495379,*
p.Leu1708Gln,0.6285726,0.020776253,*
p.Leu1708Arg,0.5293686,0.022956105,*
p.Leu1708Ser,0.744795,0.026634797,*
p.Leu1708Thr,0.78817123,0.02598515,*
p.Leu1708Val,0.88891536,0.02024787,*
p.Leu1708Trp,0.683301,0.024750644,*
p.Leu1708Tyr,0.6746527,0.02506055,*
p.Leu1717Ala,0.7960155,0.0275022,*
p.Leu1717Cys,0.7878953,0.02744113,*
p.Leu1717Asp,0.5638649,0.022498546,*
p.Leu1717Glu,0.5917092,0.012088481,*
p.Leu1717Phe,0.7875512,0.028056089,*
p.Leu1717Gly,0.5900746,0.024897706,*
p.Leu1717His,0.561632,0.029149976,*
p.Leu1717Ile,0.91931427,0.02983275,*
p.Leu1717Lys,0.6024972,0.03405328,*
p.Leu1717Met,0.92347574,0.027322417,*
p.Leu1717Asn,0.60285884,0.027381849,*
p.Leu1717Pro,0.540218,0.03903895,*
p.Leu1717Gln,0.6468564,0.017652348,*
p.Leu1717Arg,0.53651905,0.026870655,*
p.Leu1717Ser,0.7040603,0.026936645,*
p.Leu1717Thr,0.7726592,0.018187992,*
p.Leu1717Val,0.8112419,0.014298845,*
p.Leu1717Trp,0.5889262,0.023950065,*
p.Leu1717Tyr,0.6515256,0.0347583,*
p.Leu1533Ala,0.9528678,0.019721169,*
p.Leu1533Cys,0.91598874,0.024824457,*
p.Leu1533Asp,0.9669259,0.016953774,*
p.Leu1533Glu,0.8935302,0.03422102,*
p.Leu1533Phe,0.93427515,0.023739917,*
p.Leu1533Gly,0.967892,0.022062795,*
p.Leu1533His,0.9855852,0.030345792,*
p.Leu1533Ile,1.0330827,0.023753066,*
p.Leu1533Lys,0.9579792,0.027087072,*
p.Leu1533Met,1.0052263,0.015415454,*
p.Leu1533Asn,0.98313266,0.02986267,*
p.Leu1533Pro,0.8445423,0.024048945,*
p.Leu1533Gln,1.0461905,0.015450034,*
p.Leu1533Arg,0.88564825,0.0299753,*
p.Leu1533Ser,0.92933303,0.015331963,*
p.Leu1533Thr,0.87378436,0.01886593,*
p.Leu1533Val,0.9369111,0.019492432,*
p.Leu1533Trp,0.867991,0.02493607,*
p.Leu1533Tyr,0.8935398,0.02248274,*
p.Leu1744Ala,0.8771273,0.021290403,*
p.Leu1744Cys,0.81640804,0.024752168,*
p.Leu1744Asp,0.6133703,0.018043898,*
p.Leu1744Glu,0.6466959,0.015898934,*
p.Leu1744Phe,0.8443428,0.032002073,*
p.Leu1744Gly,0.6434387,0.021185827,*
p.Leu1744His,0.60722524,0.02523692,*
p.Leu1744Ile,0.8111824,0.033202853,*
p.Leu1744Lys,0.5954779,0.032286912,*
p.Leu1744Met,0.89162123,0.024576763,*
p.Leu1744Asn,0.66794,0.018965004,*
p.Leu1744Pro,0.63209283,0.04434843,*
p.Leu1744Gln,0.63894975,0.02769469,*
p.Leu1744Arg,0.6037685,0.03306602,*
p.Leu1744Thr,0.82965577,0.019204015,*
p.Leu1744Val,0.80419415,0.022369955,*
p.Leu1744Trp,0.67340195,0.03599746,*
p.Leu1744Tyr,0.69669086,0.033194344,*
p.Leu1750Ala,0.8858817,0.025166847,*
p.Leu1750Cys,0.8290598,0.014759418,*
p.Leu1750Asp,0.72908294,0.022552911,*
p.Leu1750Glu,0.6919967,0.021666462,*
p.Leu1750Phe,0.8286955,0.023060415,*
p.Leu1750Gly,0.703131,0.024140112,*
p.Leu1750His,0.70908105,0.02666553,*
p.Leu1750Ile,0.8700528,0.022670602,*
p.Leu1750Lys,0.6996086,0.027336055,*
p.Leu1750Met,0.91993105,0.0137819005,*
p.Leu1750Asn,0.6842641,0.019626757,*
p.Leu1750Pro,0.7277675,0.049097836,*
p.Leu1750Gln,0.79866827,0.023396578,*
p.Leu1750Arg,0.684542,0.022000408,*
p.Leu1750Ser,0.7778401,0.027001446,*
p.Leu1750Thr,0.7536478,0.022340842,*
p.Leu1750Val,0.80134374,0.017128982,*
p.Leu1750Trp,0.6897944,0.03288458,*
p.Leu1750Tyr,0.7637212,0.02505233,*
p.Leu1534Ala,0.86278266,0.02784956,*
p.Leu1534Cys,0.81582993,0.017667202,*
p.Leu1534Asp,0.69857323,0.02114768,*
p.Leu1534Glu,0.7114209,0.038407255,*
p.Leu1534Phe,0.84702194,0.016780324,*
p.Leu1534Gly,0.75537014,0.025011403,*
p.Leu1534His,0.7330163,0.01956599,*
p.Leu1534Ile,0.89079255,0.016028732,*
p.Leu1534Lys,0.70307034,0.02359145,*
p.Leu1534Met,0.9173783,0.013298999,*
p.Leu1534Asn,0.73463994,0.022813382,*
p.Leu1534Pro,0.7009951,0.03522312,*
p.Leu1534Gln,0.7585222,0.026651977,*
p.Leu1534Arg,0.64617914,0.021972487,*
p.Leu1534Ser,0.8213579,0.028037453,*
p.Leu1534Thr,0.7259696,0.019850638,*
p.Leu1534Val,0.786547,0.019434636,*
p.Leu1534Trp,0.74314356,0.022258133,*
p.Leu1534Tyr,0.7762184,0.021799762,*
p.Leu1765Ala,1.0299505,0.018483164,*
p.Leu1765Cys,1.0400558,0.018251222,*
p.Leu1765Asp,0.97678506,0.025654057,*
p.Leu1765Glu,1.009729,0.018765535,*
p.Leu1765Phe,1.0058117,0.02152538,*
p.Leu1765Gly,1.0119982,0.016768442,*
p.Leu1765His,1.0226778,0.01728033,*
p.Leu1765Ile,1.0163736,0.021914339,*
p.Leu1765Lys,1.0006093,0.017320488,*
p.Leu1765Met,1.0059605,0.010995929,*
p.Leu1765Asn,0.9828184,0.02021819,*
p.Leu1765Pro,0.9168749,0.028603455,*
p.Leu1765Gln,0.9981036,0.020440798,*
p.Leu1765Arg,0.97306335,0.011243209,*
p.Leu1765Ser,0.98034286,0.019130668,*
p.Leu1765Thr,0.97674865,0.017738556,*
p.Leu1765Val,0.9486345,0.023106318,*
p.Leu1765Trp,0.99472106,0.0119708525,*
p.Leu1765Tyr,0.9942733,0.0111185955,*
p.Leu1767Ala,1.0401856,0.019008422,*
p.Leu1767Cys,1.0000628,0.013420136,*
p.Leu1767Asp,0.9931873,0.014260479,*
p.Leu1767Glu,0.989431,0.014663278,*
p.Leu1767Phe,0.99398625,0.03301354,*
p.Leu1767Gly,0.9982605,0.015322975,*
p.Leu1767His,0.99555093,0.018717844,*
p.Leu1767Ile,1.112827,0.014905574,*
p.Leu1767Lys,0.9921533,0.013408982,*
p.Leu1767Met,1.0289731,0.018478835,*
p.Leu1767Asn,0.9704526,0.021672547,*
p.Leu1767Pro,0.84660923,0.022464765,*
p.Leu1767Gln,0.99274254,0.016677164,*
p.Leu1767Arg,0.9831009,0.019092796,*
p.Leu1767Ser,0.9893898,0.018786356,*
p.Leu1767Thr,0.9959219,0.01645512,*
p.Leu1767Val,0.9718698,0.023452366,*
p.Leu1767Trp,0.9241783,0.01669406,*
p.Leu1767Tyr,0.96045655,0.00835438,*
p.Leu1796Ala,1.0094696,0.024462055,*
p.Leu1796Cys,0.95111674,0.021229368,*
p.Leu1796Asp,0.9494771,0.027075179,*
p.Leu1796Glu,0.92832947,0.03302745,*
p.Leu1796Phe,0.96907914,0.02752674,*
p.Leu1796Gly,0.9434985,0.022894155,*
p.Leu1796His,0.9578145,0.028225081,*
p.Leu1796Ile,1.0514625,0.024957534,*
p.Leu1796Lys,0.92458236,0.027088152,*
p.Leu1796Met,0.975231,0.028991655,*
p.Leu1796Asn,0.8922409,0.024131743,*
p.Leu1796Pro,0.95107573,0.012407785,*
p.Leu1796Gln,0.94135463,0.03330815,*
p.Leu1796Arg,0.91923666,0.017588113,*
p.Leu1796Ser,0.9111921,0.020225216,*
p.Leu1796Thr,0.9168819,0.016646286,*
p.Leu1796Val,0.9533123,0.026073769,*
p.Leu1796Trp,0.86508036,0.015166354,*
p.Leu1796Tyr,0.8730544,0.018802784,*
p.Leu1548Ala,0.7541065,0.02314299,*
p.Leu1548Cys,0.777423,0.020284606,*
p.Leu1548Asp,0.53888595,0.026382856,*
p.Leu1548Glu,0.7272497,0.025191352,*
p.Leu1548Phe,0.77301544,0.033887133,*
p.Leu1548Gly,0.59422123,0.024403758,*
p.Leu1548His,0.6928276,0.017117258,*
p.Leu1548Ile,0.9611989,0.020247247,*
p.Leu1548Lys,0.71730566,0.017219638,*
p.Leu1548Met,0.95167845,0.0185091,*
p.Leu1548Asn,0.6222398,0.029304873,*
p.Leu1548Pro,0.5353192,0.035714474,*
p.Leu1548Gln,0.6761692,0.03092601,*
p.Leu1548Arg,0.60949045,0.022626432,*
p.Leu1548Ser,0.73623836,0.0314575,*
p.Leu1548Thr,0.746848,0.027821705,*
p.Leu1548Val,0.8688687,0.022944225,*
p.Leu1548Trp,0.61133903,0.032153368,*
p.Leu1548Tyr,0.6774739,0.039861143,*
p.Leu1559Ala,0.9619319,0.023445763,*
p.Leu1559Cys,0.8679965,0.028842714,*
p.Leu1559Asp,0.95670253,0.021245776,*
p.Leu1559Glu,0.8226792,0.022689821,*
p.Leu1559Phe,0.9093021,0.016382365,*
p.Leu1559Gly,0.9458113,0.0133848945,*
p.Leu1559His,0.86618507,0.0268138,*
p.Leu1559Ile,1.0206926,0.019491797,*
p.Leu1559Lys,0.85363114,0.028695952,*
p.Leu1559Met,0.93865347,0.015189838,*
p.Leu1559Asn,0.89032525,0.034307517,*
p.Leu1559Pro,0.9107671,0.01439167,*
p.Leu1559Gln,0.94793653,0.025991553,*
p.Leu1559Arg,0.8451598,0.025514113,*
p.Leu1559Ser,0.8800381,0.014614676,*
p.Leu1559Thr,0.8652077,0.02543217,*
p.Leu1559Val,0.9291781,0.014484059,*
p.Leu1559Trp,0.80075455,0.032450005,*
p.Leu1559Tyr,0.8349732,0.018741095,*
p.Leu1562Ala,0.87205744,0.029653538,*
p.Leu1562Cys,0.8699377,0.02290097,*
p.Leu1562Asp,0.67753613,0.0189564,*
p.Leu1562Glu,0.7533169,0.015415773,*
p.Leu1562Phe,0.8984946,0.030369926,*
p.Leu1562Gly,0.75356185,0.032033183,*
p.Leu1562His,0.77250904,0.01088366,*
p.Leu1562Ile,0.95796233,0.022360492,*
p.Leu1562Lys,0.8084812,0.021720616,*
p.Leu1562Met,0.94805926,0.024002274,*
p.Leu1562Asn,0.66493905,0.032295953,*
p.Leu1562Pro,0.71005076,0.041295517,*
p.Leu1562Gln,0.85137224,0.019553605,*
p.Leu1562Arg,0.69529074,0.01577984,*
p.Leu1562Ser,0.8291769,0.02480242,*
p.Leu1562Thr,0.86538947,0.02061322,*
p.Leu1562Val,0.855693,0.018787332,*
p.Leu1562Trp,0.6960305,0.029957285,*
p.Leu1562Tyr,0.7437139,0.02569827,*
p.Leu1575Ala,0.7633892,0.019325657,*
p.Leu1575Cys,0.78536433,0.030619228,*
p.Leu1575Asp,0.66786444,0.04212597,*
p.Leu1575Glu,0.6927019,0.025870707,*
p.Leu1575Phe,0.77961177,0.021188881,*
p.Leu1575Gly,0.67571765,0.01621329,*
p.Leu1575His,0.5633705,0.024557292,*
p.Leu1575Ile,0.81171876,0.021518568,*
p.Leu1575Lys,0.68143815,0.022200422,*
p.Leu1575Met,0.9255532,0.016648563,*
p.Leu1575Asn,0.70104563,0.021763738,*
p.Leu1575Pro,0.584912,0.023299336,*
p.Leu1575Gln,0.72992307,0.0241277,*
p.Leu1575Arg,0.6211861,0.021759924,*
p.Leu1575Ser,0.73531353,0.011185302,*
p.Leu1575Thr,0.713669,0.02423361,*
p.Leu1575Val,0.8060813,0.015008913,*
p.Leu1575Trp,0.65788764,0.025962979,*
p.Leu1575Tyr,0.7610189,0.02359444,*
p.Leu1578Ala,0.81522435,0.011218518,*
p.Leu1578Cys,0.86499846,0.026169444,*
p.Leu1578Asp,0.5589786,0.041121885,*
p.Leu1578Glu,0.6325031,0.029479394,*
p.Leu1578Phe,0.8169119,0.013511572,*
p.Leu1578Gly,0.6744661,0.027815962,*
p.Leu1578His,0.5823917,0.026470933,*
p.Leu1578Ile,0.9884931,0.020621656,*
p.Leu1578Lys,0.595508,0.03144621,*
p.Leu1578Met,0.90523875,0.016525116,*
p.Leu1578Asn,0.65279853,0.025618292,*
p.Leu1578Pro,0.61421293,0.027828412,*
p.Leu1578Gln,0.65277445,0.019640112,*
p.Leu1578Arg,0.6357118,0.014317167,*
p.Leu1578Ser,0.7996941,0.019921994,*
p.Leu1578Thr,0.7546638,0.020818148,*
p.Leu1578Val,0.89223087,0.025501482,*
p.Leu1578Trp,0.6988823,0.03249014,*
p.Leu1578Tyr,0.7571602,0.023741737,*
p.Leu1581Ala,0.9284476,0.015129129,*
p.Leu1581Cys,0.91133326,0.016900016,*
p.Leu1581Asp,0.85295546,0.02537935,*
p.Leu1581Glu,0.8906146,0.032239955,*
p.Leu1581Phe,0.82975674,0.016563429,*
p.Leu1581Gly,0.8723866,0.009518785,*
p.Leu1581His,0.71130043,0.025932455,*
p.Leu1581Ile,0.95190173,0.02067838,*
p.Leu1581Lys,0.91741025,0.018079983,*
p.Leu1581Met,0.9805983,0.017454918,*
p.Leu1581Asn,0.931719,0.0152871115,*
p.Leu1581Pro,0.8865015,0.015874336,*
p.Leu1581Gln,0.95113343,0.023463659,*
p.Leu1581Arg,0.884792,0.026180688,*
p.Leu1581Ser,0.8879634,0.023811286,*
p.Leu1581Thr,0.7993056,0.030108316,*
p.Leu1581Val,0.8307723,0.01129295,*
p.Leu1581Trp,0.71372795,0.012246798,*
p.Leu1581Tyr,0.7962233,0.023000708,*
p.Leu1584Ala,0.85131854,0.026128836,*
p.Leu1584Cys,0.8395054,0.01335308,*
p.Leu1584Asp,0.69891655,0.020041414,*
p.Leu1584Glu,0.732623,0.019523758,*
p.Leu1584Phe,0.8251294,0.018049814,*
p.Leu1584Gly,0.7954211,0.030566046,*
p.Leu1584His,0.7002623,0.028227717,*
p.Leu1584Ile,0.916115,0.017250258,*
p.Leu1584Lys,0.8511483,0.025609024,*
p.Leu1584Met,0.9431015,0.01768378,*
p.Leu1584Asn,0.73022974,0.016865887,*
p.Leu1584Pro,0.7909647,0.05125402,*
p.Leu1584Gln,0.82246065,0.023781398,*
p.Leu1584Arg,0.7058188,0.022516511,*
p.Leu1584Ser,0.8443015,0.022724578,*
p.Leu1584Thr,0.7644973,0.01581959,*
p.Leu1584Val,0.83856094,0.01750161,*
p.Leu1584Trp,0.72337556,0.025027124,*
p.Leu1584Tyr,0.7635329,0.022030994,*
p.Leu1594Ala,0.9001005,0.022615733,*
p.Leu1594Cys,0.9232872,0.02071157,*
p.Leu1594Asp,0.65090466,0.02789096,*
p.Leu1594Glu,0.6985878,0.02547533,*
p.Leu1594Phe,0.8833947,0.020259334,*
p.Leu1594Gly,0.7917009,0.02302555,*
p.Leu1594His,0.7449897,0.025839703,*
p.Leu1594Ile,0.9584938,0.014735349,*
p.Leu1594Met,0.9598333,0.013306637,*
p.Leu1594Asn,0.76037633,0.028882999,*
p.Leu1594Gln,0.7487275,0.03468926,*
p.Leu1594Arg,0.6796466,0.021621848,*
p.Leu1594Ser,0.87844956,0.013130943,*
p.Leu1594Thr,0.7669117,0.020559696,*
p.Leu1594Val,0.904191,0.021587253,*
p.Leu1594Trp,0.7342865,0.027994227,*
p.Leu1594Tyr,0.8048196,0.023664854,*
p.Leu1597Ala,0.8405751,0.020738691,*
p.Leu1597Cys,0.85690165,0.014974149,*
p.Leu1597Asp,0.66648585,0.027849684,*
p.Leu1597Glu,0.7007588,0.027480563,*
p.Leu1597Phe,0.8829011,0.01974291,*
p.Leu1597Gly,0.77099967,0.03191957,*
p.Leu1597His,0.6667898,0.02213015,*
p.Leu1597Ile,0.9044946,0.015602259,*
p.Leu1597Lys,0.75739586,0.022919236,*
p.Leu1597Met,0.92037153,0.02058715,*
p.Leu1597Asn,0.73713523,0.025557287,*
p.Leu1597Pro,0.70333195,0.031284537,*
p.Leu1597Gln,0.8602269,0.02437879,*
p.Leu1597Arg,0.8127893,0.015073722,*
p.Leu1597Ser,0.82502776,0.016711866,*
p.Leu1597Thr,0.70426095,0.00886506,*
p.Leu1597Val,0.883591,0.02119974,*
p.Leu1597Trp,0.707857,0.03107179,*
p.Leu1597Tyr,0.80098456,0.021331673,*
p.Leu1519Ala,0.9766456,0.014391324,*
p.Leu1519Cys,0.9241346,0.016029278,*
p.Leu1519Asp,0.9206624,0.009384093,*
p.Leu1519Glu,0.88144386,0.022782853,*
p.Leu1519Phe,0.9662302,0.03184262,*
p.Leu1519Gly,0.9191486,0.01638725,*
p.Leu1519His,0.93971986,0.016367637,*
p.Leu1519Ile,0.95246726,0.01960665,*
p.Leu1519Lys,0.9137093,0.014534807,*
p.Leu1519Met,1.0030453,0.02124562,*
p.Leu1519Asn,0.9492834,0.02435425,*
p.Leu1519Pro,0.8457529,0.020369465,*
p.Leu1519Gln,0.96639603,0.022125997,*
p.Leu1519Arg,0.8917387,0.024025314,*
p.Leu1519Ser,0.95007914,0.016313871,*
p.Leu1519Thr,0.92274886,0.016516682,*
p.Leu1519Val,0.89806974,0.016031489,*
p.Leu1519Trp,0.9180333,0.013971079,*
p.Leu1519Tyr,0.94486415,0.015132768,*
p.Leu1520Ala,0.85669595,0.022948237,*
p.Leu1520Cys,0.87166387,0.01944279,*
p.Leu1520Asp,0.73311436,0.018689845,*
p.Leu1520Glu,0.7509751,0.028344244,*
p.Leu1520Phe,0.87456846,0.025856493,*
p.Leu1520Gly,0.77769214,0.017984124,*
p.Leu1520His,0.71532017,0.018474687,*
p.Leu1520Ile,1.022675,0.026630824,*
p.Leu1520Lys,0.74902534,0.028343758,*
p.Leu1520Met,0.99898446,0.01618166,*
p.Leu1520Asn,0.76073295,0.027402097,*
p.Leu1520Pro,0.71158767,0.0343177,*
p.Leu1520Gln,0.80296075,0.015372533,*
p.Leu1520Arg,0.7678114,0.019414192,*
p.Leu1520Ser,0.8482809,0.024420014,*
p.Leu1520Thr,0.83529776,0.021621952,*
p.Leu1520Val,0.9104617,0.016335836,*
p.Leu1520Trp,0.8006506,0.020677531,*
p.Leu1520Tyr,0.81750375,0.019027976,*
p.Met1615Ala,0.94980067,0.017090956,*
p.Met1615Cys,0.8871416,0.012480724,*
p.Met1615Asp,0.7396485,0.031368587,*
p.Met1615Glu,0.80521667,0.03151116,*
p.Met1615Phe,0.88356125,0.025082845,*
p.Met1615Gly,0.85624105,0.025478812,*
p.Met1615His,0.8578723,0.026865615,*
p.Met1615Ile,0.9581338,0.030748338,*
p.Met1615Lys,0.72799885,0.028274672,*
p.Met1615Leu,0.9641262,0.01713886,*
p.Met1615Asn,0.7329048,0.029709537,*
p.Met1615Pro,0.8185587,0.018512951,*
p.Met1615Gln,0.9360874,0.015289575,*
p.Met1615Arg,0.7539862,0.021300642,*
p.Met1615Ser,0.8709876,0.015743952,*
p.Met1615Thr,0.9234328,0.011993017,*
p.Met1615Trp,0.91270113,0.015296597,*
p.Met1615Tyr,0.9090684,0.025772396,*
p.Met1625Ala,0.90586317,0.019249337,*
p.Met1625Cys,0.87406176,0.027107242,*
p.Met1625Asp,0.6463003,0.02622116,*
p.Met1625Glu,0.8312828,0.028214132,*
p.Met1625Phe,0.86400396,0.021471951,*
p.Met1625Gly,0.77336276,0.01464254,*
p.Met1625His,0.8407277,0.027819771,*
p.Met1625Ile,0.8803857,0.028910758,*
p.Met1625Lys,0.74745274,0.022210788,*
p.Met1625Leu,0.90143883,0.02409362,*
p.Met1625Asn,0.7296641,0.020368127,*
p.Met1625Pro,0.75747705,0.026528988,*
p.Met1625Gln,0.8994485,0.020874739,*
p.Met1625Arg,0.809165,0.016048871,*
p.Met1625Ser,0.84842473,0.023986552,*
p.Met1625Thr,0.829428,0.017333813,*
p.Met1625Val,0.90027064,0.025408266,*
p.Met1625Trp,0.8296278,0.027768575,*
p.Met1625Tyr,0.8315781,0.016174879,*
p.Met1691Ala,0.9808876,0.011292004,*
p.Met1691Cys,0.9330994,0.017733254,*
p.Met1691Asp,0.75747454,0.014677816,*
p.Met1691Glu,0.78457093,0.024927763,*
p.Met1691Phe,0.8976215,0.022835046,*
p.Met1691Gly,0.84792626,0.017143272,*
p.Met1691His,0.92536896,0.03662115,*
p.Met1691Ile,0.8934789,0.027073769,*
p.Met1691Lys,0.76492465,0.019250697,*
p.Met1691Leu,0.9282525,0.020243013,*
p.Met1691Asn,0.85704947,0.017654601,*
p.Met1691Pro,0.82290775,0.015420362,*
p.Met1691Gln,0.83137065,0.026882377,*
p.Met1691Arg,0.7619476,0.015986437,*
p.Met1691Ser,0.84708655,0.015652498,*
p.Met1691Thr,0.8844367,0.017231705,*
p.Met1691Val,0.8602215,0.019606566,*
p.Met1691Trp,0.8539907,0.01995504,*
p.Met1691Tyr,0.8914769,0.016786627,*
p.Met1715Ala,0.8592846,0.019881766,*
p.Met1715Cys,0.76942354,0.013662612,*
p.Met1715Asp,0.62368524,0.033648178,*
p.Met1715Glu,0.74798554,0.029174542,*
p.Met1715Phe,0.74166095,0.030994905,*
p.Met1715Gly,0.7305425,0.030763905,*
p.Met1715His,0.64207464,0.024501557,*
p.Met1715Ile,0.8465395,0.01926651,*
p.Met1715Lys,0.6938335,0.020336352,*
p.Met1715Leu,0.9334922,0.01606844,*
p.Met1715Asn,0.6484977,0.031680174,*
p.Met1715Pro,0.6360999,0.027856063,*
p.Met1715Gln,0.7144633,0.03021508,*
p.Met1715Arg,0.6211148,0.018342674,*
p.Met1715Ser,0.7823583,0.013600158,*
p.Met1715Thr,0.8435497,0.015025202,*
p.Met1715Val,0.8454076,0.027072456,*
p.Met1715Trp,0.7563708,0.027568132,*
p.Met1715Tyr,0.7444488,0.021205986,*
p.Met1721Ala,0.86141396,0.013825687,*
p.Met1721Cys,0.82165986,0.024001306,*
p.Met1721Asp,0.7212941,0.021606605,*
p.Met1721Glu,0.77964693,0.028624093,*
p.Met1721Phe,0.7857256,0.02536363,*
p.Met1721Gly,0.8357962,0.01601752,*
p.Met1721His,0.8017626,0.021629602,*
p.Met1721Ile,0.924183,0.021565812,*
p.Met1721Lys,0.6826552,0.025602795,*
p.Met1721Leu,0.93584937,0.017941004,*
p.Met1721Asn,0.7520026,0.019440908,*
p.Met1721Pro,0.74245316,0.022416143,*
p.Met1721Gln,0.83282626,0.01465682,*
p.Met1721Arg,0.80171645,0.014572734,*
p.Met1721Ser,0.8665725,0.021505604,*
p.Met1721Thr,0.9310009,0.01701382,*
p.Met1721Val,0.91403925,0.013896276,*
p.Met1721Trp,0.78051454,0.029076144,*
p.Met1721Tyr,0.78827155,0.035256933,*
p.Asn1522Ala,0.99579716,0.0050356486,*
p.Asn1522Cys,0.89183456,0.012107339,*
p.Asn1522Asp,1.0173931,0.012418721,*
p.Asn1522Glu,0.9854034,0.020720366,*
p.Asn1522Phe,0.9234476,0.017089112,*
p.Asn1522Gly,0.9138096,0.014178833,*
p.Asn1522His,0.9158104,0.014843754,*
p.Asn1522Ile,0.8814147,0.018652143,*
p.Asn1522Lys,0.87786543,0.01604446,*
p.Asn1522Leu,0.971248,0.01583643,*
p.Asn1522Met,0.919572,0.014876626,*
p.Asn1522Pro,0.99339616,0.0124576185,*
p.Asn1522Gln,1.0133404,0.013006994,*
p.Asn1522Arg,0.86725104,0.024259105,*
p.Asn1522Ser,1.0160959,0.021291664,*
p.Asn1522Thr,0.9484646,0.012602145,*
p.Asn1522Val,0.89152086,0.014606159,*
p.Asn1522Trp,0.89906013,0.021691225,*
p.Asn1522Tyr,0.8783433,0.015522129,*
p.Asn1643Cys,0.9860567,0.022871703,*
p.Asn1643Asp,1.0378646,0.02231528,*
p.Asn1643Glu,0.95241606,0.021864861,*
p.Asn1643Phe,0.85468036,0.0138150845,*
p.Asn1643Gly,0.95775926,0.01611166,*
p.Asn1643His,1.0321487,0.019571738,*
p.Asn1643Ile,0.7411263,0.021457938,*
p.Asn1643Lys,0.8345491,0.022278013,*
p.Asn1643Leu,0.8895999,0.018418167,*
p.Asn1643Met,0.91128504,0.020461027,*
p.Asn1643Pro,0.8015727,0.030091701,*
p.Asn1643Gln,0.9787453,0.033236954,*
p.Asn1643Arg,0.9464501,0.0166198,*
p.Asn1643Ser,1.0411144,0.018882863,*
p.Asn1643Thr,0.9761607,0.025286388,*
p.Asn1643Val,0.8230163,0.021852715,*
p.Asn1643Trp,0.88813305,0.023574978,*
p.Asn1643Tyr,0.9596299,0.018000945,*
p.Asn1651Ala,0.96744,0.013880269,*
p.Asn1651Cys,0.91239816,0.02570333,*
p.Asn1651Asp,0.9688144,0.018614747,*
p.Asn1651Glu,0.8002227,0.016651878,*
p.Asn1651Phe,0.78338593,0.016688768,*
p.Asn1651Gly,0.91878426,0.015244975,*
p.Asn1651His,0.8565976,0.016422708,*
p.Asn1651Ile,0.7457036,0.016779868,*
p.Asn1651Lys,0.7555267,0.018058091,*
p.Asn1651Leu,0.92926425,0.010254688,*
p.Asn1651Met,0.9126089,0.017864948,*
p.Asn1651Pro,0.7359278,0.023095537,*
p.Asn1651Gln,0.8183912,0.013257627,*
p.Asn1651Arg,0.84732693,0.028105486,*
p.Asn1651Ser,1.0173028,0.018524539,*
p.Asn1651Thr,0.9249009,0.017432803,*
p.Asn1651Val,0.8890158,0.021463681,*
p.Asn1651Trp,0.7498503,0.016437864,*
p.Asn1651Tyr,0.845441,0.00873485,*
p.Asn1667Ala,1.0051214,0.01963245,*
p.Asn1667Cys,0.9679516,0.015206994,*
p.Asn1667Asp,0.9679772,0.013708918,*
p.Asn1667Glu,0.933313,0.007063164,*
p.Asn1667Phe,0.8214027,0.01229318,*
p.Asn1667Gly,0.95398504,0.014554239,*
p.Asn1667His,0.9584333,0.024781842,*
p.Asn1667Ile,0.81834364,0.015839573,*
p.Asn1667Lys,0.812679,0.008739035,*
p.Asn1667Leu,0.9356375,0.015648946,*
p.Asn1667Met,0.9059537,0.016258685,*
p.Asn1667Pro,0.77716947,0.01871073,*
p.Asn1667Gln,1.0053614,0.021106314,*
p.Asn1667Arg,0.8361249,0.020698415,*
p.Asn1667Ser,0.9897682,0.020029584,*
p.Asn1667Thr,0.916969,0.020240992,*
p.Asn1667Val,0.90098304,0.011121661,*
p.Asn1667Trp,0.79755867,0.017386308,*
p.Asn1667Tyr,0.8980754,0.023455108,*
p.Asn1681Ala,1.0457138,0.023679122,*
p.Asn1681Cys,0.98012066,0.01872102,*
p.Asn1681Asp,0.83385956,0.016359566,*
p.Asn1681Glu,0.8496257,0.016696379,*
p.Asn1681Phe,0.7909586,0.013869177,*
p.Asn1681Gly,0.84597576,0.019523311,*
p.Asn1681His,0.796485,0.027610049,*
p.Asn1681Ile,0.7108168,0.021918701,*
p.Asn1681Lys,0.7785235,0.023606025,*
p.Asn1681Leu,0.7761735,0.016024757,*
p.Asn1681Met,0.8220483,0.020816397,*
p.Asn1681Pro,0.76847726,0.012770062,*
p.Asn1681Gln,0.846717,0.018582983,*
p.Asn1681Arg,0.77544796,0.016675137,*
p.Asn1681Ser,1.0303953,0.013982475,*
p.Asn1681Thr,0.96933204,0.023040421,*
p.Asn1681Val,0.90092736,0.016319769,*
p.Asn1681Trp,0.7370919,0.019328762,*
p.Asn1681Tyr,0.84898627,0.0224773,*
p.Asn1707Ala,0.96679497,0.02114707,*
p.Asn1707Cys,0.9047963,0.02355252,*
p.Asn1707Asp,0.9287609,0.019782487,*
p.Asn1707Glu,0.940314,0.01314999,*
p.Asn1707Phe,0.9214057,0.01626184,*
p.Asn1707Gly,0.88592166,0.017110294,*
p.Asn1707His,0.91069746,0.02027426,*
p.Asn1707Ile,0.710745,0.011040505,*
p.Asn1707Lys,0.8605515,0.025653414,*
p.Asn1707Leu,0.85788745,0.023314111,*
p.Asn1707Met,0.8763666,0.014309131,*
p.Asn1707Pro,0.7234355,0.020611763,*
p.Asn1707Gln,0.92105514,0.022522038,*
p.Asn1707Arg,0.9026206,0.0114165945,*
p.Asn1707Ser,1.035578,0.02583359,*
p.Asn1707Thr,0.8625924,0.021421393,*
p.Asn1707Val,0.78770816,0.023506261,*
p.Asn1707Trp,0.816023,0.011019747,*
p.Asn1707Tyr,0.9507122,0.012582053,*
p.Asn1720Ala,0.964125,0.019632503,*
p.Asn1720Cys,0.88963187,0.015075866,*
p.Asn1720Asp,0.86182034,0.011825235,*
p.Asn1720Glu,0.9320329,0.02326189,*
p.Asn1720Phe,0.8178155,0.018649518,*
p.Asn1720Gly,0.87642014,0.012776072,*
p.Asn1720His,0.89312726,0.023667818,*
p.Asn1720Ile,0.722664,0.014068204,*
p.Asn1720Lys,0.8195609,0.020881947,*
p.Asn1720Leu,0.9091098,0.019486636,*
p.Asn1720Met,0.8835475,0.011238839,*
p.Asn1720Pro,0.6701453,0.011507205,*
p.Asn1720Gln,0.925021,0.025888706,*
p.Asn1720Arg,0.74303967,0.014320026,*
p.Asn1720Ser,0.99908894,0.026116969,*
p.Asn1720Thr,0.91260064,0.017974572,*
p.Asn1720Val,0.78761035,0.019274818,*
p.Asn1720Trp,0.72204256,0.011023209,*
p.Asn1720Tyr,0.85085183,0.015308178,*
p.Asn1731Ala,0.9587777,0.010701228,*
p.Asn1731Cys,0.9618007,0.0146657815,*
p.Asn1731Asp,0.99014187,0.020360714,*
p.Asn1731Glu,0.9697363,0.017276745,*
p.Asn1731Phe,0.9887444,0.016022049,*
p.Asn1731Gly,0.9021616,0.020739894,*
p.Asn1731His,0.96530026,0.015078675,*
p.Asn1731Ile,0.9198214,0.013617273,*
p.Asn1731Lys,0.9334974,0.021532211,*
p.Asn1731Leu,0.91761637,0.012580945,*
p.Asn1731Met,0.96048975,0.015315373,*
p.Asn1731Pro,0.85142565,0.0164539,*
p.Asn1731Gln,0.9854027,0.014348209,*
p.Asn1731Arg,0.95828736,0.014076546,*
p.Asn1731Ser,0.99934137,0.015224273,*
p.Asn1731Thr,0.9841347,0.011416819,*
p.Asn1731Val,0.9462056,0.021675387,*
p.Asn1731Trp,0.9426074,0.012230601,*
p.Asn1731Tyr,0.9916996,0.014318739,*
p.Asn1762Ala,0.9746146,0.021027153,*
p.Asn1762Cys,0.9823023,0.009219856,*
p.Asn1762Asp,0.9592247,0.011160139,*
p.Asn1762Glu,0.99341995,0.014662589,*
p.Asn1762Phe,0.9794733,0.018340304,*
p.Asn1762Gly,0.92233336,0.017209379,*
p.Asn1762His,0.9598506,0.023027895,*
p.Asn1762Ile,0.9105884,0.015349414,*
p.Asn1762Lys,0.92902535,0.023270134,*
p.Asn1762Leu,0.93326426,0.009965415,*
p.Asn1762Met,0.9310087,0.030803781,*
p.Asn1762Pro,0.8072568,0.02393059,*
p.Asn1762Gln,0.9721856,0.019174248,*
p.Asn1762Arg,0.94460917,0.016600693,*
p.Asn1762Ser,1.0275904,0.011509253,*
p.Asn1762Thr,0.9728466,0.015853155,*
p.Asn1762Val,0.9115674,0.020171667,*
p.Asn1762Trp,0.9190054,0.01968396,*
p.Asn1762Tyr,0.94595206,0.017670564,*
p.Asn1556Ala,0.95870936,0.013564158,*
p.Asn1556Cys,0.9101559,0.01932978,*
p.Asn1556Asp,0.9741667,0.026361423,*
p.Asn1556Glu,0.9288791,0.018747482,*
p.Asn1556Phe,0.90198916,0.022076976,*
p.Asn1556Gly,0.95545053,0.015931452,*
p.Asn1556His,0.92780113,0.012761293,*
p.Asn1556Ile,0.8846613,0.0145449955,*
p.Asn1556Lys,0.87977135,0.025322862,*
p.Asn1556Leu,0.9051973,0.013698654,*
p.Asn1556Met,0.86546534,0.016616423,*
p.Asn1556Pro,0.91544163,0.015506534,*
p.Asn1556Gln,0.99715585,0.021592204,*
p.Asn1556Arg,0.92066556,0.021621255,*
p.Asn1556Ser,1.0126156,0.013230663,*
p.Asn1556Thr,0.97244835,0.01076574,*
p.Asn1556Val,0.8831588,0.015541767,*
p.Asn1556Trp,0.8370414,0.026402803,*
p.Asn1556Tyr,0.93644017,0.010462083,*
p.Asn1515Ala,0.9616106,0.017137902,*
p.Asn1515Cys,0.92187244,0.0141235,*
p.Asn1515Asp,0.9704262,0.016406406,*
p.Asn1515Glu,0.9702423,0.013388267,*
p.Asn1515Phe,0.9170364,0.020516457,*
p.Asn1515Gly,0.9478078,0.016649764,*
p.Asn1515His,0.9386631,0.015252533,*
p.Asn1515Ile,0.86542064,0.016450223,*
p.Asn1515Lys,0.92513627,0.022437125,*
p.Asn1515Leu,0.9445942,0.011050862,*
p.Asn1515Met,0.9261996,0.020213926,*
p.Asn1515Pro,0.8375456,0.019955514,*
p.Asn1515Gln,1.0038539,0.012636991,*
p.Asn1515Arg,0.9336351,0.025361238,*
p.Asn1515Ser,1.002319,0.017447677,*
p.Asn1515Thr,0.98307294,0.013660558,*
p.Asn1515Val,0.88234997,0.021708842,*
p.Asn1515Trp,0.90175235,0.018549666,*
p.Asn1515Tyr,0.9679238,0.01541744,*
p.Asn1564Ala,0.8591633,0.022452328,*
p.Asn1564Cys,0.8135074,0.021258974,*
p.Asn1564Asp,0.9153678,0.028335355,*
p.Asn1564Glu,0.8138458,0.019018387,*
p.Asn1564Phe,0.73978,0.022156537,*
p.Asn1564Gly,0.76403487,0.023534073,*
p.Asn1564His,0.74656403,0.019670743,*
p.Asn1564Ile,0.67959785,0.02682672,*
p.Asn1564Lys,0.7378442,0.022034751,*
p.Asn1564Leu,0.7804225,0.018313158,*
p.Asn1564Met,0.8354831,0.019926513,*
p.Asn1564Pro,0.7321282,0.017917935,*
p.Asn1564Gln,0.90012896,0.027597958,*
p.Asn1564Arg,0.7952525,0.017837636,*
p.Asn1564Ser,0.88480866,0.019724019,*
p.Asn1564Thr,0.8172863,0.017290326,*
p.Asn1564Val,0.6864425,0.029329993,*
p.Asn1564Trp,0.7452346,0.024697732,*
p.Asn1564Tyr,0.7639618,0.012840722,*
p.Pro1521Ala,1.0091344,0.019905128,*
p.Pro1521Cys,0.9149227,0.013924276,*
p.Pro1521Asp,1.0019542,0.019018158,*
p.Pro1521Glu,1.0031329,0.007043593,*
p.Pro1521Phe,0.9646646,0.01564316,*
p.Pro1521Gly,0.92329293,0.010896295,*
p.Pro1521His,0.9877691,0.012819083,*
p.Pro1521Ile,0.9596499,0.011734504,*
p.Pro1521Lys,0.87882745,0.0138479825,*
p.Pro1521Leu,0.8771143,0.0111001395,*
p.Pro1521Met,0.9136626,0.018242985,*
p.Pro1521Asn,0.9486386,0.019333774,*
p.Pro1521Gln,0.9560633,0.01994269,*
p.Pro1521Arg,0.9192563,0.012991212,*
p.Pro1521Ser,0.92256135,0.013601152,*
p.Pro1521Thr,0.97817785,0.0137720285,*
p.Pro1521Val,0.934933,0.008239584,*
p.Pro1521Trp,0.8693439,0.018272668,*
p.Pro1521Tyr,0.9013405,0.014993928,*
p.Pro1626Ala,0.979174,0.024955258,*
p.Pro1626Cys,0.902548,0.011470055,*
p.Pro1626Asp,1.0036027,0.015868349,*
p.Pro1626Glu,0.98780173,0.0134989405,*
p.Pro1626Phe,0.8953934,0.016749589,*
p.Pro1626Gly,0.9150548,0.01806795,*
p.Pro1626His,1.0329758,0.013856656,*
p.Pro1626Ile,0.942255,0.016784916,*
p.Pro1626Lys,0.8942486,0.018221151,*
p.Pro1626Leu,0.8442839,0.012085546,*
p.Pro1626Met,0.94817746,0.013548966,*
p.Pro1626Asn,1.0142891,0.02201705,*
p.Pro1626Gln,0.9911357,0.01356358,*
p.Pro1626Arg,0.9277379,0.012340787,*
p.Pro1626Ser,0.9557328,0.014625139,*
p.Pro1626Thr,0.95351446,0.016651135,*
p.Pro1626Val,0.9014195,0.017126797,*
p.Pro1626Tyr,0.90849036,0.013714644,*
p.Pro1675Ala,0.9453591,0.014985642,*
p.Pro1675Cys,0.8079916,0.016478112,*
p.Pro1675Asp,0.8303584,0.028996287,*
p.Pro1675Glu,0.84354913,0.021467548,*
p.Pro1675Phe,0.7990349,0.01699755,*
p.Pro1675Gly,0.8806774,0.012834558,*
p.Pro1675His,0.92462415,0.023152437,*
p.Pro1675Ile,0.80179536,0.017553655,*
p.Pro1675Lys,0.82774436,0.01849833,*
p.Pro1675Leu,0.7935446,0.019280173,*
p.Pro1675Met,0.8221075,0.022506744,*
p.Pro1675Asn,0.88753223,0.02415939,*
p.Pro1675Gln,0.8442027,0.017560693,*
p.Pro1675Arg,0.83408976,0.020125587,*
p.Pro1675Ser,0.89960325,0.014820348,*
p.Pro1675Thr,0.86598605,0.014489698,*
p.Pro1675Val,0.7728565,0.017630802,*
p.Pro1675Trp,0.7969735,0.0135184135,*
p.Pro1675Tyr,0.8413623,0.020108428,*
p.Pro1709Ala,0.9531069,0.019853838,*
p.Pro1709Cys,0.78627974,0.02481124,*
p.Pro1709Asp,0.7570985,0.033943217,*
p.Pro1709Glu,0.7871998,0.017348833,*
p.Pro1709Phe,0.7138237,0.02656323,*
p.Pro1709Gly,0.7914238,0.012441679,*
p.Pro1709His,0.8558757,0.028751707,*
p.Pro1709Ile,0.74739206,0.016534105,*
p.Pro1709Lys,0.720496,0.026144568,*
p.Pro1709Leu,0.73596936,0.020298284,*
p.Pro1709Met,0.77132803,0.0237308,*
p.Pro1709Asn,0.7772866,0.022733554,*
p.Pro1709Gln,0.7749038,0.02342295,*
p.Pro1709Arg,0.72051084,0.024974171,*
p.Pro1709Ser,0.89854085,0.02322829,*
p.Pro1709Thr,0.8415593,0.021786274,*
p.Pro1709Val,0.75701624,0.01752782,*
p.Pro1709Trp,0.7257957,0.018688945,*
p.Pro1709Tyr,0.7549759,0.024920844,*
p.Pro1732Ala,1.0641941,0.018119711,*
p.Pro1732Cys,1.0200727,0.016755885,*
p.Pro1732Asp,1.0071198,0.011900728,*
p.Pro1732Glu,1.0177729,0.016721746,*
p.Pro1732Phe,0.9430877,0.016937343,*
p.Pro1732Gly,0.97981423,0.009665654,*
p.Pro1732His,1.0381103,0.021730859,*
p.Pro1732Ile,0.9493478,0.010804941,*
p.Pro1732Lys,0.90268296,0.0155428955,*
p.Pro1732Leu,0.9719138,0.010879826,*
p.Pro1732Met,0.990919,0.008658682,*
p.Pro1732Asn,1.0095159,0.015168485,*
p.Pro1732Gln,0.98144627,0.019911313,*
p.Pro1732Arg,0.90751255,0.016456762,*
p.Pro1732Ser,0.95486605,0.014541669,*
p.Pro1732Thr,0.98612565,0.014527923,*
p.Pro1732Val,1.0129944,0.018884202,*
p.Pro1732Trp,0.9080758,0.017414002,*
p.Pro1732Tyr,0.9471523,0.01468753,*
p.Pro1737Ala,0.96976554,0.029885437,*
p.Pro1737Cys,0.91514003,0.018489122,*
p.Pro1737Asp,0.91554165,0.031822335,*
p.Pro1737Glu,0.92821884,0.015309687,*
p.Pro1737Phe,0.86320674,0.017110815,*
p.Pro1737Gly,0.87896633,0.014917176,*
p.Pro1737His,0.92744666,0.015045754,*
p.Pro1737Ile,0.8565729,0.02367407,*
p.Pro1737Lys,0.8229499,0.02053377,*
p.Pro1737Leu,0.88856804,0.010301236,*
p.Pro1737Met,0.9604293,0.015751483,*
p.Pro1737Asn,0.88197005,0.020244692,*
p.Pro1737Gln,0.9044957,0.02163275,*
p.Pro1737Arg,0.8913685,0.013558292,*
p.Pro1737Ser,0.8945425,0.008026813,*
p.Pro1737Thr,0.9011038,0.015360375,*
p.Pro1737Val,0.89298964,0.017326267,*
p.Pro1737Trp,0.85119104,0.018118458,*
p.Pro1737Tyr,0.87440586,0.026285524,*
p.Pro1763Ala,0.988417,0.024391342,*
p.Pro1763Cys,0.99667656,0.025534237,*
p.Pro1763Asp,0.8966659,0.021490738,*
p.Pro1763Glu,0.92755383,0.022713559,*
p.Pro1763Phe,0.8776331,0.019091852,*
p.Pro1763Gly,0.92501366,0.01965563,*
p.Pro1763His,0.9274535,0.017248126,*
p.Pro1763Ile,0.9119628,0.018577801,*
p.Pro1763Lys,0.88399184,0.016694557,*
p.Pro1763Leu,0.8855461,0.02010903,*
p.Pro1763Met,0.90754735,0.015634743,*
p.Pro1763Asn,0.90967685,0.025514934,*
p.Pro1763Gln,0.8895523,0.03144096,*
p.Pro1763Arg,0.90074337,0.009884385,*
p.Pro1763Ser,0.91182053,0.018221835,*
p.Pro1763Thr,0.98013246,0.018249607,*
p.Pro1763Val,0.9063209,0.01362199,*
p.Pro1763Trp,0.90134555,0.016014151,*
p.Pro1763Tyr,0.8504753,0.014594681,*
p.Pro1766Ala,1.0018343,0.015408063,*
p.Pro1766Cys,0.91832095,0.03697785,*
p.Pro1766Asp,0.94240665,0.013830151,*
p.Pro1766Glu,0.95920146,0.017082963,*
p.Pro1766Phe,0.91387594,0.01984448,*
p.Pro1766Gly,0.9090789,0.019691633,*
p.Pro1766His,0.96148217,0.027308736,*
p.Pro1766Ile,0.95429695,0.014050582,*
p.Pro1766Lys,0.860356,0.019465748,*
p.Pro1766Leu,0.89387256,0.014218766,*
p.Pro1766Met,0.9223925,0.017662803,*
p.Pro1766Asn,0.91023046,0.018553087,*
p.Pro1766Gln,0.9240345,0.027965916,*
p.Pro1766Arg,0.8835808,0.013101873,*
p.Pro1766Ser,0.9462147,0.023196768,*
p.Pro1766Thr,0.9799223,0.02121267,*
p.Pro1766Val,0.939417,0.013940381,*
p.Pro1766Trp,0.9131594,0.017359124,*
p.Pro1766Tyr,0.9095746,0.012757048,*
p.Pro1770Ala,0.9826871,0.008774298,*
p.Pro1770Cys,0.9145735,0.025001433,*
p.Pro1770Asp,0.93501437,0.022430599,*
p.Pro1770Glu,0.9671985,0.021284372,*
p.Pro1770Phe,0.89601815,0.019710023,*
p.Pro1770Gly,0.8798512,0.013994178,*
p.Pro1770His,0.9639245,0.01373751,*
p.Pro1770Ile,0.82596475,0.014691976,*
p.Pro1770Lys,0.91561955,0.018163795,*
p.Pro1770Leu,0.8692713,0.01688218,*
p.Pro1770Met,0.89326704,0.018303078,*
p.Pro1770Asn,0.8978158,0.032393515,*
p.Pro1770Gln,0.91360676,0.026083348,*
p.Pro1770Arg,0.8805126,0.016251814,*
p.Pro1770Ser,0.9179066,0.018952064,*
p.Pro1770Thr,0.953708,0.012806539,*
p.Pro1770Val,0.84895736,0.009976222,*
p.Pro1770Trp,0.91406333,0.014891798,*
p.Pro1770Tyr,0.89908904,0.013263,*
p.Pro1771Ala,0.9726776,0.010438608,*
p.Pro1771Cys,0.94681376,0.01809513,*
p.Pro1771Asp,0.92495346,0.02281386,*
p.Pro1771Glu,0.9628946,0.016576443,*
p.Pro1771Phe,0.8575125,0.015749237,*
p.Pro1771Gly,0.9254432,0.01665862,*
p.Pro1771His,0.9339806,0.0155304475,*
p.Pro1771Ile,0.8820715,0.015975,*
p.Pro1771Lys,0.8518286,0.015871888,*
p.Pro1771Leu,0.8555007,0.024003725,*
p.Pro1771Met,0.857269,0.019114528,*
p.Pro1771Asn,0.91300964,0.026251273,*
p.Pro1771Gln,0.90265226,0.032699317,*
p.Pro1771Arg,0.87624675,0.008502085,*
p.Pro1771Ser,0.90896434,0.023540502,*
p.Pro1771Thr,0.93496686,0.023876386,*
p.Pro1771Val,0.8786939,0.012888402,*
p.Pro1771Trp,0.84718066,0.015207041,*
p.Pro1771Tyr,0.8530512,0.015029009,*
p.Pro1777Ala,0.9702028,0.0102168275,*
p.Pro1777Cys,0.99489486,0.015164997,*
p.Pro1777Asp,0.9441498,0.023246022,*
p.Pro1777Glu,0.97309256,0.014032654,*
p.Pro1777Phe,0.9307486,0.009953638,*
p.Pro1777Gly,0.9717375,0.009015008,*
p.Pro1777His,0.96647775,0.027167527,*
p.Pro1777Ile,0.9546874,0.017355645,*
p.Pro1777Lys,0.96748,0.033445474,*
p.Pro1777Leu,0.90045965,0.026378665,*
p.Pro1777Met,0.9794973,0.026207784,*
p.Pro1777Asn,0.8665597,0.035621732,*
p.Pro1777Gln,0.94790375,0.031992752,*
p.Pro1777Arg,0.94123536,0.01339694,*
p.Pro1777Ser,0.89174193,0.024235561,*
p.Pro1777Thr,0.9159085,0.017047556,*
p.Pro1777Val,0.9651246,0.024071032,*
p.Pro1777Trp,0.94021046,0.015421,*
p.Pro1777Tyr,0.9466425,0.015361197,*
p.Pro1781Ala,0.95972097,0.011448169,*
p.Pro1781Cys,0.918223,0.018584626,*
p.Pro1781Asp,0.90993834,0.023424152,*
p.Pro1781Glu,0.95303506,0.018110435,*
p.Pro1781Phe,0.90996563,0.013269652,*
p.Pro1781Gly,0.9270894,0.020642178,*
p.Pro1781His,0.9519256,0.016740724,*
p.Pro1781Ile,0.91559875,0.020095766,*
p.Pro1781Lys,0.91775525,0.018239405,*
p.Pro1781Leu,0.9124562,0.016739827,*
p.Pro1781Met,0.95042497,0.018616963,*
p.Pro1781Asn,0.8569425,0.021911494,*
p.Pro1781Gln,0.9494999,0.023897046,*
p.Pro1781Arg,0.90042734,0.008923187,*
p.Pro1781Ser,0.85536253,0.023164146,*
p.Pro1781Thr,0.926672,0.011414247,*
p.Pro1781Val,0.92074853,0.018442877,*
p.Pro1781Trp,0.924219,0.008368645,*
p.Pro1781Tyr,0.9366204,0.010336405,*
p.Pro1784Ala,0.9486059,0.01233757,*
p.Pro1784Cys,0.9210604,0.015773034,*
p.Pro1784Asp,0.8759691,0.017770097,*
p.Pro1784Glu,0.93658936,0.019935189,*
p.Pro1784Phe,0.8324337,0.02215178,*
p.Pro1784Gly,0.9276665,0.01569745,*
p.Pro1784His,0.907767,0.02141719,*
p.Pro1784Ile,0.83604366,0.015204155,*
p.Pro1784Lys,0.8098833,0.015903996,*
p.Pro1784Leu,0.84189236,0.027993454,*
p.Pro1784Met,0.89358556,0.028280992,*
p.Pro1784Asn,0.85150373,0.027927468,*
p.Pro1784Gln,0.9322069,0.014169835,*
p.Pro1784Arg,0.85293305,0.020828208,*
p.Pro1784Ser,0.86569405,0.01566817,*
p.Pro1784Thr,0.918565,0.011824655,*
p.Pro1784Val,0.8854841,0.014947265,*
p.Pro1784Trp,0.8360413,0.010491977,*
p.Pro1784Tyr,0.8321911,0.026957326,*
p.Pro1786Ala,0.9411887,0.011187018,*
p.Pro1786Cys,0.86742353,0.02134489,*
p.Pro1786Asp,0.8581139,0.028986,*
p.Pro1786Glu,0.93087417,0.017022802,*
p.Pro1786Phe,0.80559444,0.018280376,*
p.Pro1786Gly,0.8493961,0.016230136,*
p.Pro1786His,0.9070443,0.034369826,*
p.Pro1786Ile,0.8652994,0.033701923,*
p.Pro1786Lys,0.81788814,0.03168916,*
p.Pro1786Leu,0.8088214,0.026604794,*
p.Pro1786Met,0.8586462,0.027333913,*
p.Pro1786Asn,0.7889379,0.026674785,*
p.Pro1786Gln,0.83927643,0.03150918,*
p.Pro1786Arg,0.8170664,0.023162516,*
p.Pro1786Ser,0.8856853,0.02194017,*
p.Pro1786Thr,0.8275181,0.018121703,*
p.Pro1786Val,0.86041737,0.032516893,*
p.Pro1786Trp,0.8105728,0.014007923,*
p.Pro1786Tyr,0.811598,0.025545467,*
p.Pro1538Ala,0.9574982,0.020573655,*
p.Pro1538Cys,0.88618517,0.022141648,*
p.Pro1538Asp,0.83066714,0.025159938,*
p.Pro1538Glu,0.8634636,0.016704824,*
p.Pro1538Phe,0.88049376,0.015496924,*
p.Pro1538Gly,0.82858896,0.010783679,*
p.Pro1538His,0.8855702,0.024277627,*
p.Pro1538Ile,0.85408306,0.010795888,*
p.Pro1538Lys,0.8215884,0.01777148,*
p.Pro1538Leu,0.8528384,0.011691517,*
p.Pro1538Met,0.9029072,0.014272158,*
p.Pro1538Asn,0.8666504,0.022292098,*
p.Pro1538Gln,0.9254049,0.014715963,*
p.Pro1538Arg,0.8328745,0.013512273,*
p.Pro1538Ser,0.8638504,0.011395603,*
p.Pro1538Thr,0.86259806,0.016030436,*
p.Pro1538Val,0.85347766,0.015097597,*
p.Pro1538Trp,0.79674923,0.018881228,*
p.Pro1538Tyr,0.8750906,0.017735427,*
p.Pro1517Ala,0.93944013,0.012683573,*
p.Pro1517Cys,0.92105424,0.014596687,*
p.Pro1517Asp,0.84807825,0.03285512,*
p.Pro1517Glu,0.87534845,0.019899815,*
p.Pro1517Phe,0.8176095,0.011283302,*
p.Pro1517Gly,0.89634687,0.00823687,*
p.Pro1517His,0.89233065,0.019781245,*
p.Pro1517Ile,0.8149104,0.014896737,*
p.Pro1517Lys,0.8042852,0.02755192,*
p.Pro1517Leu,0.80150354,0.015006073,*
p.Pro1517Met,0.85265225,0.012653836,*
p.Pro1517Asn,0.79749745,0.025766136,*
p.Pro1517Gln,0.87134016,0.018462455,*
p.Pro1517Arg,0.84396565,0.017086366,*
p.Pro1517Ser,0.8888834,0.010739255,*
p.Pro1517Thr,0.9127153,0.015199279,*
p.Pro1517Val,0.8367957,0.019834021,*
p.Pro1517Trp,0.7672518,0.016340395,*
p.Pro1517Tyr,0.8140132,0.020882899,*
p.Pro1589Ala,1.0072601,0.019697856,*
p.Pro1589Cys,0.94024765,0.013617047,*
p.Pro1589Asp,0.99728185,0.020595904,*
p.Pro1589Glu,0.98604184,0.012910993,*
p.Pro1589Phe,0.8621132,0.0092990985,*
p.Pro1589Gly,0.94086134,0.0125611145,*
p.Pro1589His,0.9326779,0.017090043,*
p.Pro1589Ile,0.9006688,0.008379688,*
p.Pro1589Lys,0.8842322,0.008753769,*
p.Pro1589Leu,0.89781857,0.007960502,*
p.Pro1589Met,0.9422145,0.018001193,*
p.Pro1589Asn,0.9839466,0.015852384,*
p.Pro1589Gln,0.9632735,0.017923793,*
p.Pro1589Arg,0.9051374,0.014308828,*
p.Pro1589Ser,0.952112,0.01387823,*
p.Pro1589Thr,0.90812206,0.0160672,*
p.Pro1589Val,0.9280168,0.018653715,*
p.Pro1589Trp,0.7996028,0.011979003,*
p.Pro1589Tyr,0.90608865,0.009206559,*
p.Gln1616Ala,0.9421585,0.018193508,*
p.Gln1616Cys,0.8265244,0.012984901,*
p.Gln1616Asp,0.88497794,0.018453462,*
p.Gln1616Glu,0.8735639,0.01535779,*
p.Gln1616Phe,0.8863818,0.015370462,*
p.Gln1616Gly,0.88720244,0.011372651,*
p.Gln1616His,0.9774724,0.013205731,*
p.Gln1616Ile,0.8226239,0.014567975,*
p.Gln1616Lys,0.7821284,0.011370737,*
p.Gln1616Leu,0.91859114,0.015160112,*
p.Gln1616Met,0.9924429,0.018755868,*
p.Gln1616Asn,0.88832253,0.011540002,*
p.Gln1616Pro,0.7554996,0.03170437,*
p.Gln1616Arg,0.8783463,0.011514416,*
p.Gln1616Ser,0.8744694,0.011355577,*
p.Gln1616Thr,0.9578109,0.011305735,*
p.Gln1616Val,0.83927,0.02064905,*
p.Gln1616Trp,0.7902199,0.016473366,*
p.Gln1616Tyr,0.86089575,0.017704997,*
p.Gln1525Ala,0.9970473,0.017244287,*
p.Gln1525Cys,0.9365307,0.013917376,*
p.Gln1525Asp,0.9122159,0.020052873,*
p.Gln1525Glu,0.9646247,0.017804923,*
p.Gln1525Phe,0.97875774,0.01083742,*
p.Gln1525Gly,0.96108305,0.021436268,*
p.Gln1525His,0.88423043,0.01723286,*
p.Gln1525Ile,0.98462564,0.01579004,*
p.Gln1525Lys,0.86802024,0.023511715,*
p.Gln1525Leu,0.8758043,0.022874976,*
p.Gln1525Met,0.94095963,0.018024907,*
p.Gln1525Asn,0.9711774,0.014980904,*
p.Gln1525Pro,0.8709674,0.021735966,*
p.Gln1525Arg,0.91774046,0.013474607,*
p.Gln1525Ser,0.9540529,0.017132008,*
p.Gln1525Thr,0.9252039,0.009130382,*
p.Gln1525Val,0.9474379,0.0114768185,*
p.Gln1525Trp,0.8993664,0.017649673,*
p.Gln1525Tyr,0.9210407,0.01041686,*
p.Gln1665Ala,1.0491378,0.01772779,*
p.Gln1665Cys,0.9402555,0.021075955,*
p.Gln1665Asp,0.9806889,0.011981372,*
p.Gln1665Glu,0.96390855,0.014514125,*
p.Gln1665Phe,0.935061,0.016303778,*
p.Gln1665Gly,0.9890459,0.016249167,*
p.Gln1665His,1.0531088,0.019217186,*
p.Gln1665Ile,0.9420061,0.01665809,*
p.Gln1665Lys,0.9302128,0.026976237,*
p.Gln1665Leu,0.9036536,0.015974231,*
p.Gln1665Met,0.97128546,0.017687097,*
p.Gln1665Asn,1.0107801,0.025481045,*
p.Gln1665Pro,0.8971343,0.014869069,*
p.Gln1665Arg,0.93963087,0.01429816,*
p.Gln1665Ser,0.99781704,0.015679576,*
p.Gln1665Thr,0.98817384,0.012947018,*
p.Gln1665Val,0.95067626,0.016172122,*
p.Gln1665Trp,0.85188895,0.009849746,*
p.Gln1665Tyr,0.94553816,0.015427417,*
p.Gln1686Ala,0.94051695,0.014614693,*
p.Gln1686Cys,0.87232524,0.01422013,*
p.Gln1686Asp,0.88805676,0.020660695,*
p.Gln1686Glu,0.92127097,0.017466089,*
p.Gln1686Phe,0.80760306,0.01295469,*
p.Gln1686His,0.85052145,0.021272773,*
p.Gln1686Ile,0.883602,0.019812802,*
p.Gln1686Lys,0.8651937,0.021039627,*
p.Gln1686Leu,0.83405286,0.019760959,*
p.Gln1686Met,0.9144087,0.012671083,*
p.Gln1686Asn,0.9403702,0.017633826,*
p.Gln1686Pro,0.74593294,0.025420584,*
p.Gln1686Arg,0.8726056,0.018064346,*
p.Gln1686Ser,0.86679393,0.017299682,*
p.Gln1686Thr,0.8810353,0.012963136,*
p.Gln1686Val,0.9036172,0.011858367,*
p.Gln1686Trp,0.72052693,0.0154884625,*
p.Gln1686Tyr,0.84457284,0.01841085,*
p.Gln1714Ala,0.8624365,0.01065252,*
p.Gln1714Cys,0.76836383,0.024134379,*
p.Gln1714Asp,0.8316659,0.030337755,*
p.Gln1714Glu,0.8407043,0.021445116,*
p.Gln1714Phe,0.72045964,0.019245204,*
p.Gln1714Gly,0.7522656,0.013180792,*
p.Gln1714His,0.80352175,0.027204582,*
p.Gln1714Ile,0.79588616,0.015693503,*
p.Gln1714Lys,0.71594334,0.02070807,*
p.Gln1714Leu,0.7210369,0.019309198,*
p.Gln1714Met,0.9090291,0.020662459,*
p.Gln1714Asn,0.8723664,0.020688979,*
p.Gln1714Pro,0.5690085,0.034115568,*
p.Gln1714Arg,0.76971066,0.01703099,*
p.Gln1714Ser,0.8156532,0.019690221,*
p.Gln1714Thr,0.8254614,0.017212154,*
p.Gln1714Val,0.8411602,0.018977433,*
p.Gln1714Trp,0.69697094,0.011844366,*
p.Gln1714Tyr,0.7557714,0.02063671,*
p.Gln1724Ala,0.9712881,0.01658881,*
p.Gln1724Cys,0.92456293,0.021403808,*
p.Gln1724Asp,0.95678174,0.009305267,*
p.Gln1724Glu,0.9371915,0.013559925,*
p.Gln1724Phe,0.8503688,0.019263918,*
p.Gln1724Gly,0.9119713,0.014667938,*
p.Gln1724His,0.88806546,0.01806733,*
p.Gln1724Ile,0.8507637,0.020439778,*
p.Gln1724Lys,0.8736142,0.019398496,*
p.Gln1724Leu,0.90928143,0.0141245695,*
p.Gln1724Met,0.98221064,0.010786505,*
p.Gln1724Asn,0.9863202,0.017516932,*
p.Gln1724Pro,0.81903964,0.024482831,*
p.Gln1724Arg,0.89466965,0.015076947,*
p.Gln1724Ser,0.9516021,0.019077763,*
p.Gln1724Thr,1.0021446,0.022460856,*
p.Gln1724Val,0.8960911,0.024496382,*
p.Gln1724Trp,0.79042,0.01763108,*
p.Gln1724Tyr,0.8520281,0.021249803,*
p.Gln1532Ala,0.9990567,0.014254373,*
p.Gln1532Cys,0.8983761,0.015619891,*
p.Gln1532Asp,0.9903636,0.017328564,*
p.Gln1532Glu,0.9290508,0.01760632,*
p.Gln1532Phe,0.9338285,0.014764153,*
p.Gln1532Gly,0.9431618,0.016652236,*
p.Gln1532His,0.9669177,0.021574955,*
p.Gln1532Ile,0.978879,0.019418495,*
p.Gln1532Lys,0.90800047,0.016061885,*
p.Gln1532Leu,0.8778802,0.019747838,*
p.Gln1532Met,0.97454756,0.024444683,*
p.Gln1532Asn,1.0062401,0.014409922,*
p.Gln1532Pro,0.79794306,0.01469009,*
p.Gln1532Arg,0.9144707,0.011294028,*
p.Gln1532Ser,0.91560125,0.013675219,*
p.Gln1532Thr,0.9510282,0.012291061,*
p.Gln1532Val,0.995288,0.015469604,*
p.Gln1532Trp,0.88412666,0.017769078,*
p.Gln1532Tyr,0.9501545,0.01300077,*
p.Gln1752Ala,0.97908765,0.009426925,*
p.Gln1752Cys,0.9167473,0.018039899,*
p.Gln1752Glu,0.9498049,0.026333291,*
p.Gln1752Phe,0.9652718,0.017241001,*
p.Gln1752Gly,0.95833385,0.015395625,*
p.Gln1752His,0.9767561,0.0155335795,*
p.Gln1752Ile,1.0218167,0.027714115,*
p.Gln1752Lys,0.8737896,0.02326374,*
p.Gln1752Leu,0.8729557,0.036707256,*
p.Gln1752Met,1.0223395,0.025616346,*
p.Gln1752Asn,1.0125544,0.016428778,*
p.Gln1752Pro,0.76917183,0.029522078,*
p.Gln1752Arg,0.92805684,0.028970338,*
p.Gln1752Thr,0.92097586,0.015005306,*
p.Gln1752Val,0.9645813,0.011449296,*
p.Gln1752Trp,0.9296832,0.01310353,*
p.Gln1752Tyr,0.8964283,0.020153048,*
p.Gln1536Ala,0.9766389,0.014411079,*
p.Gln1536Cys,0.89324605,0.008944182,*
p.Gln1536Asp,0.9807065,0.014578166,*
p.Gln1536Glu,0.96533316,0.019994503,*
p.Gln1536Phe,0.9505712,0.016646698,*
p.Gln1536Gly,0.9829977,0.012946563,*
p.Gln1536His,0.9513098,0.013952651,*
p.Gln1536Ile,0.9622227,0.021954114,*
p.Gln1536Lys,0.9106954,0.010964243,*
p.Gln1536Leu,0.889408,0.021799661,*
p.Gln1536Met,1.0202096,0.019690996,*
p.Gln1536Asn,0.96865386,0.018833265,*
p.Gln1536Pro,0.78170365,0.02011197,*
p.Gln1536Arg,0.8913864,0.014699049,*
p.Gln1536Ser,0.94500655,0.017168293,*
p.Gln1536Thr,0.95864695,0.012755873,*
p.Gln1536Val,0.9860853,0.014641045,*
p.Gln1536Trp,0.8859218,0.010028126,*
p.Gln1536Tyr,0.93915844,0.012433293,*
p.Gln1779Ala,1.0035635,0.015791615,*
p.Gln1779Cys,0.9174134,0.010242379,*
p.Gln1779Asp,0.932387,0.016101453,*
p.Gln1779Glu,0.9522473,0.02492273,*
p.Gln1779Phe,0.8953203,0.022133375,*
p.Gln1779Gly,0.93482465,0.01599247,*
p.Gln1779His,0.9687006,0.015011916,*
p.Gln1779Ile,0.89364135,0.025772113,*
p.Gln1779Lys,0.8788023,0.028487232,*
p.Gln1779Leu,0.8774706,0.024750289,*
p.Gln1779Met,0.90886813,0.0254406,*
p.Gln1779Asn,0.90854776,0.024910713,*
p.Gln1779Pro,0.8647944,0.033107914,*
p.Gln1779Arg,0.90322655,0.015280679,*
p.Gln1779Ser,0.9786593,0.012398545,*
p.Gln1779Thr,0.9792572,0.015154682,*
p.Gln1779Val,0.843577,0.022162251,*
p.Gln1779Trp,0.9257267,0.020747747,*
p.Gln1779Tyr,0.9297021,0.015790742,*
p.Gln1792Ala,0.974455,0.009710382,*
p.Gln1792Cys,0.8584029,0.022125987,*
p.Gln1792Glu,0.90687466,0.015331837,*
p.Gln1792Phe,0.8839237,0.018903745,*
p.Gln1792Gly,0.85312194,0.02187325,*
p.Gln1792His,0.88599384,0.0119422935,*
p.Gln1792Ile,0.87921447,0.030892044,*
p.Gln1792Lys,0.86115426,0.01792238,*
p.Gln1792Leu,0.829222,0.022148833,*
p.Gln1792Met,0.887578,0.020055102,*
p.Gln1792Asn,0.9030574,0.021211132,*
p.Gln1792Pro,0.85295427,0.016957445,*
p.Gln1792Arg,0.86368024,0.015440445,*
p.Gln1792Ser,0.89060986,0.020811629,*
p.Gln1792Thr,0.9096163,0.018884057,*
p.Gln1792Val,0.9014015,0.019454593,*
p.Gln1792Trp,0.87373257,0.02272633,*
p.Gln1792Tyr,0.85380286,0.020419141,*
p.Gln1554Ala,0.92882824,0.020124838,*
p.Gln1554Cys,0.8097124,0.017452324,*
p.Gln1554Asp,0.83432806,0.015171868,*
p.Gln1554Glu,0.8891983,0.016973572,*
p.Gln1554Phe,0.83891994,0.014217213,*
p.Gln1554Gly,0.81408024,0.014947759,*
p.Gln1554His,0.81992424,0.01790313,*
p.Gln1554Ile,0.82335407,0.022659117,*
p.Gln1554Lys,0.8415828,0.01774173,*
p.Gln1554Leu,0.7865647,0.01883519,*
p.Gln1554Met,0.8996763,0.02297887,*
p.Gln1554Asn,0.93753797,0.014616894,*
p.Gln1554Pro,0.7437066,0.022155263,*
p.Gln1554Arg,0.84268826,0.01297711,*
p.Gln1554Ser,0.87295246,0.017604023,*
p.Gln1554Thr,0.8535002,0.016423373,*
p.Gln1554Val,0.8632828,0.022868257,*
p.Gln1554Trp,0.74402654,0.01263849,*
p.Gln1554Tyr,0.8469742,0.013855986,*
p.Gln1588Ala,1.0314856,0.011963777,*
p.Gln1588Cys,0.92813826,0.015569196,*
p.Gln1588Asp,0.9830971,0.0190511,*
p.Gln1588Glu,0.9925213,0.016273787,*
p.Gln1588Phe,0.93397284,0.0212521,*
p.Gln1588Gly,0.9452211,0.010811639,*
p.Gln1588His,0.9465529,0.0138380565,*
p.Gln1588Ile,0.97712195,0.012097678,*
p.Gln1588Lys,0.90770435,0.016284844,*
p.Gln1588Leu,0.91754085,0.015423303,*
p.Gln1588Met,0.92641306,0.009719801,*
p.Gln1588Asn,1.0334883,0.0261668,*
p.Gln1588Pro,0.8686382,0.022562446,*
p.Gln1588Arg,0.92216235,0.018603835,*
p.Gln1588Ser,0.90058994,0.020689184,*
p.Gln1588Thr,0.9409994,0.009652159,*
p.Gln1588Val,0.93608725,0.01432823,*
p.Gln1588Trp,0.85053337,0.0124089215,*
p.Gln1588Tyr,0.906925,0.016790856,*
p.Gln1605Ala,1.097857,0.015404679,*
p.Gln1605Cys,1.0137538,0.012644646,*
p.Gln1605Asp,1.0208056,0.019229664,*
p.Gln1605Glu,0.94590855,0.024558257,*
p.Gln1605Phe,0.9074836,0.027350582,*
p.Gln1605Gly,0.9932054,0.018878538,*
p.Gln1605His,1.0417323,0.029996801,*
p.Gln1605Ile,0.8906205,0.017161913,*
p.Gln1605Lys,0.9052703,0.035253573,*
p.Gln1605Leu,0.9464758,0.016335135,*
p.Gln1605Met,0.97081053,0.017816368,*
p.Gln1605Asn,1.0747604,0.022796175,*
p.Gln1605Pro,0.8927212,0.024560032,*
p.Gln1605Arg,0.9328941,0.0149015365,*
p.Gln1605Ser,0.9424936,0.020322507,*
p.Gln1605Thr,0.88459414,0.014161605,*
p.Gln1605Val,0.9183129,0.0087332,*
p.Gln1605Trp,0.80770177,0.016567247,*
p.Gln1605Tyr,0.96413565,0.02014531,*
p.Arg1634Ala,0.90270174,0.012415234,*
p.Arg1634Cys,0.9542904,0.020462688,*
p.Arg1634Asp,0.9378437,0.025447596,*
p.Arg1634Glu,0.90725195,0.013500041,*
p.Arg1634Phe,0.8598776,0.022602845,*
p.Arg1634Gly,0.86761653,0.015013715,*
p.Arg1634His,0.93122417,0.037317097,*
p.Arg1634Ile,0.8493056,0.016979242,*
p.Arg1634Lys,0.84499705,0.035816204,*
p.Arg1634Leu,0.8733512,0.01697239,*
p.Arg1634Met,0.896023,0.025578266,*
p.Arg1634Asn,0.8984747,0.03322163,*
p.Arg1634Pro,0.82081795,0.02382162,*
p.Arg1634Gln,1.0368189,0.022281906,*
p.Arg1634Ser,0.8999111,0.031818084,*
p.Arg1634Thr,0.85577756,0.018430166,*
p.Arg1634Val,0.88525903,0.010619526,*
p.Arg1634Trp,0.90720445,0.02584585,*
p.Arg1634Tyr,0.9021827,0.015773024,*
p.Arg1639Ala,1.0051398,0.022126148,*
p.Arg1639Cys,1.0499296,0.015708411,*
p.Arg1639Asp,0.94330883,0.02434234,*
p.Arg1639Glu,0.94938123,0.018876787,*
p.Arg1639Phe,0.8760475,0.018726496,*
p.Arg1639Gly,0.90890694,0.014356038,*
p.Arg1639His,0.9396461,0.029183045,*
p.Arg1639Ile,0.93588656,0.016005112,*
p.Arg1639Lys,0.9131812,0.03862363,*
p.Arg1639Leu,0.9328526,0.016485944,*
p.Arg1639Met,0.8965257,0.021860521,*
p.Arg1639Asn,0.90510035,0.015667053,*
p.Arg1639Pro,0.78822523,0.024746353,*
p.Arg1639Gln,1.1151386,0.018762091,*
p.Arg1639Thr,0.90292215,0.013609394,*
p.Arg1639Val,0.90955,0.018709298,*
p.Arg1639Trp,0.9624502,0.015551206,*
p.Arg1639Tyr,0.98513,0.023908429,*
p.Arg1688Gly,0.9050144,0.014071034,*
p.Arg1688Lys,0.9092143,0.034330226,*
p.Arg1688Met,0.9062048,0.027186833,*
p.Arg1529Ala,0.97029907,0.018400872,*
p.Arg1529Cys,0.9864979,0.021535372,*
p.Arg1529Asp,0.9520499,0.022922212,*
p.Arg1529Glu,0.97819775,0.025027648,*
p.Arg1529Phe,0.93621653,0.020232663,*
p.Arg1529Gly,0.919219,0.01814627,*
p.Arg1529His,0.8774682,0.034938246,*
p.Arg1529Ile,0.9343721,0.03207611,*
p.Arg1529Lys,0.8678688,0.037250344,*
p.Arg1529Leu,0.9187868,0.01706996,*
p.Arg1529Met,0.8993521,0.019861592,*
p.Arg1529Asn,0.91121995,0.027528893,*
p.Arg1529Pro,0.82276523,0.022218678,*
p.Arg1529Gln,0.9973663,0.022578083,*
p.Arg1529Ser,0.8996395,0.021663595,*
p.Arg1529Thr,0.896304,0.020346561,*
p.Arg1529Val,0.9006072,0.018432666,*
p.Arg1529Trp,0.91897076,0.01577531,*
p.Arg1529Tyr,0.9651821,0.01565472,*
p.Arg1706Ala,0.9823308,0.020454912,*
p.Arg1706Cys,1.0175717,0.016878821,*
p.Arg1706Asp,0.95460165,0.016444677,*
p.Arg1706Glu,0.9861455,0.0139344195,*
p.Arg1706Phe,0.8622484,0.027661543,*
p.Arg1706Gly,0.9266175,0.010542862,*
p.Arg1706His,0.9772746,0.019622583,*
p.Arg1706Ile,0.93144256,0.012785985,*
p.Arg1706Lys,0.81871146,0.034864206,*
p.Arg1706Leu,0.9575825,0.014027167,*
p.Arg1706Met,0.8794777,0.033681158,*
p.Arg1706Asn,0.9328764,0.017807432,*
p.Arg1706Pro,0.86737823,0.014493895,*
p.Arg1706Gln,1.041713,0.025031725,*
p.Arg1706Ser,0.9555975,0.01837304,*
p.Arg1706Thr,0.9516388,0.017182339,*
p.Arg1706Val,0.9181372,0.012336098,*
p.Arg1706Trp,0.914457,0.015738573,*
p.Arg1706Tyr,0.97164094,0.018573346,*
p.Arg1713Ala,0.7946136,0.022628358,*
p.Arg1713Cys,0.8013104,0.02859365,*
p.Arg1713Asp,0.7572325,0.024424424,*
p.Arg1713Glu,0.75580925,0.022938887,*
p.Arg1713Phe,0.6554791,0.030274628,*
p.Arg1713Gly,0.68138635,0.031611264,*
p.Arg1713His,0.80179614,0.02466232,*
p.Arg1713Ile,0.72877353,0.02410049,*
p.Arg1713Lys,0.69874674,0.036049634,*
p.Arg1713Leu,0.8915574,0.01396327,*
p.Arg1713Met,0.84303343,0.028136037,*
p.Arg1713Asn,0.7273648,0.024557164,*
p.Arg1713Pro,0.63093024,0.0249738,*
p.Arg1713Gln,0.76712483,0.029745826,*
p.Arg1713Ser,0.7150913,0.021843404,*
p.Arg1713Thr,0.7419535,0.024721216,*
p.Arg1713Val,0.7051314,0.024546675,*
p.Arg1713Trp,0.7073974,0.024062255,*
p.Arg1713Tyr,0.7519118,0.026647113,*
p.Arg1729Ala,1.0589867,0.017052393,*
p.Arg1729Cys,1.0267665,0.013557281,*
p.Arg1729Asp,0.9863061,0.018409308,*
p.Arg1729Glu,0.9780434,0.020602804,*
p.Arg1729Phe,0.95578015,0.016561553,*
p.Arg1729Gly,0.9906111,0.009619344,*
p.Arg1729His,1.0059087,0.019682646,*
p.Arg1729Ile,1.0031278,0.018236658,*
p.Arg1729Lys,0.97837764,0.024587534,*
p.Arg1729Leu,0.98462117,0.012817896,*
p.Arg1729Met,0.9641876,0.017079988,*
p.Arg1729Asn,0.9450434,0.024762487,*
p.Arg1729Pro,0.8919512,0.019282397,*
p.Arg1729Gln,1.0496505,0.014772778,*
p.Arg1729Ser,0.94342566,0.015684364,*
p.Arg1729Thr,0.9535292,0.021681212,*
p.Arg1729Val,0.95363885,0.020468637,*
p.Arg1729Trp,0.89319706,0.02064414,*
p.Arg1729Tyr,0.9414632,0.014167555,*
p.Arg1743Ala,0.7839444,0.02394766,*
p.Arg1743Cys,0.81355965,0.026302656,*
p.Arg1743Asp,0.72187847,0.02761367,*
p.Arg1743Glu,0.774648,0.014883833,*
p.Arg1743Phe,0.6717398,0.02937221,*
p.Arg1743Gly,0.7354567,0.024043644,*
p.Arg1743His,0.81743896,0.028376663,*
p.Arg1743Ile,0.77389985,0.022527961,*
p.Arg1743Lys,0.79090077,0.023472046,*
p.Arg1743Leu,0.79405993,0.019786682,*
p.Arg1743Met,0.7768477,0.02512719,*
p.Arg1743Asn,0.75547826,0.02290879,*
p.Arg1743Pro,0.7113468,0.025601044,*
p.Arg1743Gln,0.81889296,0.022220762,*
p.Arg1743Ser,0.75286704,0.013073112,*
p.Arg1743Thr,0.80619514,0.018371522,*
p.Arg1743Val,0.7542682,0.02213347,*
p.Arg1743Trp,0.69889855,0.018176148,*
p.Arg1743Tyr,0.79366183,0.024383323,*
p.Arg1745Ala,0.8570112,0.018776605,*
p.Arg1745Cys,0.8697521,0.020912742,*
p.Arg1745Asp,0.850368,0.017966656,*
p.Arg1745Glu,0.8802419,0.022118116,*
p.Arg1745Gly,0.81877106,0.021633016,*
p.Arg1745His,0.85419494,0.020441296,*
p.Arg1745Ile,0.7953438,0.020953758,*
p.Arg1745Lys,0.8602015,0.024309827,*
p.Arg1745Leu,0.8315504,0.016766546,*
p.Arg1745Met,0.8085,0.024756778,*
p.Arg1745Asn,0.7697965,0.020172045,*
p.Arg1745Pro,0.7227197,0.02582067,*
p.Arg1745Gln,0.9356615,0.023634784,*
p.Arg1745Ser,0.783141,0.026572721,*
p.Arg1745Thr,0.80612403,0.024403261,*
p.Arg1745Val,0.77872354,0.020220527,*
p.Arg1745Trp,0.79970986,0.0144615695,*
p.Arg1745Tyr,0.86148655,0.020843128,*
p.Arg1749Ala,0.93670493,0.0256044,*
p.Arg1749Cys,0.9811886,0.021597683,*
p.Arg1749Asp,0.99284136,0.028897041,*
p.Arg1749Glu,0.9732868,0.0262694,*
p.Arg1749Phe,0.89019203,0.02551503,*
p.Arg1749Gly,0.88957167,0.00926046,*
p.Arg1749His,0.9262993,0.03531162,*
p.Arg1749Ile,0.92555094,0.02499528,*
p.Arg1749Lys,0.8762928,0.04126036,*
p.Arg1749Leu,0.9118427,0.009591064,*
p.Arg1749Met,0.94249123,0.021678641,*
p.Arg1749Asn,0.87711364,0.038292035,*
p.Arg1749Ser,0.88499737,0.027401537,*
p.Arg1749Thr,0.9028748,0.015434753,*
p.Arg1749Val,0.88520527,0.02556464,*
p.Arg1749Trp,0.9209007,0.016626915,*
p.Arg1749Tyr,0.93812066,0.023353469,*
p.Arg1751Ala,0.9368761,0.025199875,*
p.Arg1751Cys,0.9730725,0.030296521,*
p.Arg1751Asp,0.91842663,0.02385031,*
p.Arg1751Glu,0.92670023,0.021573879,*
p.Arg1751Gly,0.85460454,0.019423064,*
p.Arg1751His,0.86825067,0.028517036,*
p.Arg1751Ile,0.8691956,0.019542158,*
p.Arg1751Lys,0.9482223,0.030144582,*
p.Arg1751Leu,0.86519605,0.021064928,*
p.Arg1751Met,0.9393735,0.020064348,*
p.Arg1751Asn,0.8706347,0.019527974,*
p.Arg1751Pro,0.7632273,0.019059114,*
p.Arg1751Gln,1.0210773,0.01505275,*
p.Arg1751Ser,0.8585288,0.025905808,*
p.Arg1751Thr,0.8340082,0.022525009,*
p.Arg1751Val,0.8180133,0.014320772,*
p.Arg1751Trp,0.91918975,0.019328779,*
p.Arg1751Tyr,0.9551215,0.024255376,*
p.Arg1753Cys,1.0842326,0.018106172,*
p.Arg1753Asp,1.052103,0.01920751,*
p.Arg1753Glu,1.0053961,0.01751428,*
p.Arg1753Phe,0.93804693,0.02189596,*
p.Arg1753Gly,0.9202315,0.007427304,*
p.Arg1753His,0.9836807,0.03666275,*
p.Arg1753Lys,0.98215705,0.03177315,*
p.Arg1753Leu,1.0058033,0.015349532,*
p.Arg1753Met,0.99776256,0.022673922,*
p.Arg1753Asn,0.94653815,0.021319073,*
p.Arg1753Pro,0.82620555,0.026442392,*
p.Arg1753Gln,1.1213534,0.01665371,*
p.Arg1753Ser,1.0028284,0.021411521,*
p.Arg1753Thr,0.9418147,0.022994006,*
p.Arg1753Val,0.92784196,0.015222892,*
p.Arg1753Trp,0.99609596,0.019221226,*
p.Arg1753Tyr,1.0247018,0.03533671,*
p.Arg1793Ala,1.0095881,0.025638748,*
p.Arg1793Cys,1.0293362,0.027153553,*
p.Arg1793Asp,1.0040425,0.020602012,*
p.Arg1793Glu,1.0072852,0.024778,*
p.Arg1793Phe,0.92160445,0.01610304,*
p.Arg1793Gly,0.95142156,0.015722385,*
p.Arg1793His,0.9045183,0.022616835,*
p.Arg1793Ile,1.0179303,0.015560159,*
p.Arg1793Lys,0.98631877,0.026815794,*
p.Arg1793Leu,0.9455684,0.021620551,*
p.Arg1793Met,0.9761516,0.018708749,*
p.Arg1793Asn,0.9697051,0.024948973,*
p.Arg1793Pro,0.87756646,0.02147854,*
p.Arg1793Gln,1.0017841,0.0198437,*
p.Arg1793Ser,0.96458024,0.028170956,*
p.Arg1793Thr,0.9790002,0.02477021,*
p.Arg1793Val,0.936269,0.026924528,*
p.Arg1793Trp,0.9413474,0.018056648,*
p.Arg1793Tyr,0.9892477,0.03436947,*
p.Arg1795Ala,0.976548,0.013589616,*
p.Arg1795Cys,0.9973424,0.023025114,*
p.Arg1795Asp,0.9685955,0.014331943,*
p.Arg1795Glu,1.0024745,0.012931697,*
p.Arg1795Phe,0.9406339,0.0092200255,*
p.Arg1795Gly,0.9348361,0.01193601,*
p.Arg1795His,0.923238,0.029599573,*
p.Arg1795Ile,0.96426326,0.02225883,*
p.Arg1795Lys,0.9425578,0.02153441,*
p.Arg1795Leu,0.9038016,0.009678189,*
p.Arg1795Met,0.9467675,0.012438552,*
p.Arg1795Asn,0.96472454,0.017388282,*
p.Arg1795Pro,0.886467,0.020590555,*
p.Arg1795Gln,0.99910194,0.017542446,*
p.Arg1795Thr,0.9451331,0.01356683,*
p.Arg1795Val,0.8949367,0.017860252,*
p.Arg1795Trp,0.91820824,0.019457417,*
p.Arg1795Tyr,0.96266425,0.022200722,*
p.Arg1570Ala,0.8569952,0.020336345,*
p.Arg1570Cys,0.83446264,0.033764534,*
p.Arg1570Asp,0.77836025,0.023744127,*
p.Arg1570Glu,0.8448752,0.0176477,*
p.Arg1570Phe,0.71927667,0.031422216,*
p.Arg1570Gly,0.78865176,0.01732783,*
p.Arg1570His,0.86410606,0.015917568,*
p.Arg1570Ile,0.7885156,0.021044444,*
p.Arg1570Lys,0.7375121,0.022134962,*
p.Arg1570Leu,0.8359887,0.026970375,*
p.Arg1570Met,0.7510698,0.030770075,*
p.Arg1570Asn,0.7849532,0.015911775,*
p.Arg1570Pro,0.7385111,0.015189699,*
p.Arg1570Gln,0.8444346,0.025185134,*
p.Arg1570Ser,0.7889201,0.018985532,*
p.Arg1570Thr,0.817924,0.020919284,*
p.Arg1570Val,0.8177083,0.02471067,*
p.Arg1570Trp,0.7387693,0.018373482,*
p.Arg1570Tyr,0.7884284,0.018701298,*
p.Arg1580Ala,0.95305145,0.018595863,*
p.Arg1580Cys,0.9357337,0.008838455,*
p.Arg1580Asp,0.93423593,0.019358741,*
p.Arg1580Glu,0.9360053,0.009854625,*
p.Arg1580Phe,0.7780563,0.016993038,*
p.Arg1580Gly,0.8752656,0.014418226,*
p.Arg1580His,0.9395609,0.029140033,*
p.Arg1580Ile,0.89992607,0.03266447,*
p.Arg1580Lys,0.86504096,0.020267706,*
p.Arg1580Leu,0.8838566,0.021012226,*
p.Arg1580Met,0.8308401,0.02232044,*
p.Arg1580Asn,0.917528,0.014654143,*
p.Arg1580Pro,0.7444039,0.026175214,*
p.Arg1580Gln,0.9860978,0.014821143,*
p.Arg1580Ser,0.8345995,0.025347512,*
p.Arg1580Thr,0.8642498,0.02211829,*
p.Arg1580Val,0.90641755,0.02449532,*
p.Arg1580Trp,0.74648905,0.020593083,*
p.Arg1580Tyr,0.93321526,0.016822578,*
p.Ser1647Ala,0.9557644,0.019722454,*
p.Ser1647Cys,0.9254858,0.031909447,*
p.Ser1647Asp,0.79981834,0.023746645,*
p.Ser1647Glu,0.8364643,0.037878968,*
p.Ser1647Phe,0.73682564,0.028171001,*
p.Ser1647Gly,0.8584927,0.014598332,*
p.Ser1647His,0.8138422,0.025335567,*
p.Ser1647Ile,0.80610436,0.020425662,*
p.Ser1647Lys,0.76886743,0.015212608,*
p.Ser1647Leu,0.80626726,0.015489522,*
p.Ser1647Met,0.87864524,0.0207625,*
p.Ser1647Asn,0.85819024,0.01592817,*
p.Ser1647Pro,0.72531956,0.03198214,*
p.Ser1647Gln,0.8774524,0.023472266,*
p.Ser1647Arg,0.6512667,0.02088902,*
p.Ser1647Thr,0.87808883,0.033077855,*
p.Ser1647Val,0.7775015,0.019687299,*
p.Ser1647Trp,0.70757425,0.024074666,*
p.Ser1647Tyr,0.8222758,0.023946632,*
p.Ser1524Ala,0.9635822,0.022574168,*
p.Ser1524Cys,0.92319024,0.01025775,*
p.Ser1524Asp,0.9317521,0.013881438,*
p.Ser1524Glu,0.9961969,0.021502636,*
p.Ser1524Phe,0.8970439,0.021256056,*
p.Ser1524Gly,0.94830924,0.010201805,*
p.Ser1524His,0.95373785,0.020443639,*
p.Ser1524Ile,0.9688069,0.014720344,*
p.Ser1524Lys,0.79518354,0.03435259,*
p.Ser1524Leu,0.92296714,0.013830341,*
p.Ser1524Met,0.93872464,0.012738261,*
p.Ser1524Asn,0.85407054,0.031564355,*
p.Ser1524Pro,0.76868993,0.04319108,*
p.Ser1524Gln,0.95016134,0.011114951,*
p.Ser1524Arg,0.87953246,0.016456822,*
p.Ser1524Thr,0.9260311,0.016349558,*
p.Ser1524Val,0.8877058,0.018089648,*
p.Ser1524Trp,0.9063204,0.016948769,*
p.Ser1524Tyr,0.91769207,0.02317102,*
p.Ser1653Ala,0.9820464,0.028577028,*
p.Ser1653Cys,0.90993184,0.0296634,*
p.Ser1653Asp,0.8746357,0.021928312,*
p.Ser1653Glu,0.8272928,0.021318858,*
p.Ser1653Phe,0.8627111,0.016183423,*
p.Ser1653Gly,0.93279743,0.016606048,*
p.Ser1653His,0.8428775,0.015768098,*
p.Ser1653Ile,0.7971682,0.02472075,*
p.Ser1653Lys,0.7674616,0.02618091,*
p.Ser1653Leu,0.91040564,0.018016854,*
p.Ser1653Met,0.84461105,0.02451368,*
p.Ser1653Asn,0.817949,0.016398495,*
p.Ser1653Pro,0.783198,0.025800833,*
p.Ser1653Gln,0.8560632,0.015665933,*
p.Ser1653Arg,0.8146138,0.01693439,*
p.Ser1653Thr,0.84091437,0.028731998,*
p.Ser1653Val,0.949971,0.018322011,*
p.Ser1653Trp,0.79981095,0.020006757,*
p.Ser1653Tyr,0.8887687,0.020988151,*
p.Ser1526Ala,0.9342016,0.020154417,*
p.Ser1526Cys,0.8946253,0.025401486,*
p.Ser1526Asp,0.9416564,0.01532808,*
p.Ser1526Glu,0.9989994,0.011683717,*
p.Ser1526Phe,0.92662126,0.02035055,*
p.Ser1526Gly,0.9458124,0.019811409,*
p.Ser1526His,0.87585276,0.015845306,*
p.Ser1526Ile,0.97869253,0.0206483,*
p.Ser1526Lys,0.8622006,0.02185385,*
p.Ser1526Leu,0.9137944,0.008538263,*
p.Ser1526Met,0.9208945,0.019568108,*
p.Ser1526Asn,0.90466756,0.026381833,*
p.Ser1526Pro,0.704477,0.040965747,*
p.Ser1526Gln,0.9685472,0.023155995,*
p.Ser1526Arg,0.8738387,0.017445669,*
p.Ser1526Thr,0.8519834,0.02577067,*
p.Ser1526Val,0.92137146,0.014930653,*
p.Ser1526Trp,0.89074266,0.024478221,*
p.Ser1526Tyr,0.9663154,0.018419437,*
p.Ser1684Ala,0.9889466,0.03313399,*
p.Ser1684Cys,0.8985645,0.02312853,*
p.Ser1684Asp,0.9634759,0.019301362,*
p.Ser1684Glu,0.97147787,0.009839713,*
p.Ser1684Phe,0.76607335,0.011839928,*
p.Ser1684Gly,0.8856205,0.023258518,*
p.Ser1684His,0.75350624,0.027666187,*
p.Ser1684Ile,0.91251296,0.011176005,*
p.Ser1684Lys,0.79368347,0.028790649,*
p.Ser1684Leu,0.90154946,0.015228334,*
p.Ser1684Met,0.7927729,0.013741763,*
p.Ser1684Asn,0.88796645,0.019680122,*
p.Ser1684Pro,0.81330395,0.03503023,*
p.Ser1684Gln,0.8855737,0.018380055,*
p.Ser1684Arg,0.8431037,0.018049963,*
p.Ser1684Thr,0.95513517,0.0345606,*
p.Ser1684Val,0.8090407,0.021472896,*
p.Ser1684Trp,0.73911595,0.015593327,*
p.Ser1684Tyr,0.81901217,0.012806946,*
p.Ser1698Ala,0.9877613,0.0140136555,*
p.Ser1698Cys,0.99305916,0.05099712,*
p.Ser1698Asp,1.0231917,0.008756668,*
p.Ser1698Glu,1.0191997,0.021891631,*
p.Ser1698Phe,0.9528351,0.022019971,*
p.Ser1698Gly,1.0236555,0.010415616,*
p.Ser1698His,0.9949393,0.017750211,*
p.Ser1698Ile,0.96325654,0.018640265,*
p.Ser1698Lys,0.8690686,0.035381537,*
p.Ser1698Leu,0.9927174,0.026357053,*
p.Ser1698Met,0.96196854,0.020740116,*
p.Ser1698Asn,0.9324497,0.022955697,*
p.Ser1698Pro,0.8664829,0.049283523,*
p.Ser1698Gln,0.9846218,0.019839957,*
p.Ser1698Arg,0.9585881,0.01425079,*
p.Ser1698Thr,0.9480788,0.027019408,*
p.Ser1698Val,0.93465483,0.013588012,*
p.Ser1698Trp,0.8937844,0.018752173,*
p.Ser1698Tyr,1.0061721,0.016362421,*
p.Ser1704Ala,1.0062546,0.022641622,*
p.Ser1704Cys,0.9513391,0.05062941,*
p.Ser1704Asp,0.94475174,0.016769128,*
p.Ser1704Glu,0.9255614,0.020367023,*
p.Ser1704Phe,0.80997217,0.01891081,*
p.Ser1704Gly,0.9645559,0.022016298,*
p.Ser1704His,0.9414285,0.02215912,*
p.Ser1704Ile,0.9337882,0.021576753,*
p.Ser1704Lys,0.76501644,0.047427915,*
p.Ser1704Leu,0.91944325,0.021265343,*
p.Ser1704Met,0.8970226,0.017219463,*
p.Ser1704Asn,0.88152754,0.023210797,*
p.Ser1704Pro,0.7539481,0.025478141,*
p.Ser1704Arg,0.76886696,0.023247393,*
p.Ser1704Thr,0.9826342,0.033116773,*
p.Ser1704Val,0.8574618,0.020603707,*
p.Ser1704Trp,0.81292856,0.027330149,*
p.Ser1704Tyr,0.93466777,0.016698318,*
p.Ser1530Ala,0.9422949,0.022580722,*
p.Ser1530Cys,0.87244,0.021915473,*
p.Ser1530Asp,0.9610878,0.024949653,*
p.Ser1530Glu,0.996311,0.020519692,*
p.Ser1530Phe,0.9233429,0.016529087,*
p.Ser1530Gly,0.9340604,0.013200788,*
p.Ser1530His,0.9252304,0.014904626,*
p.Ser1530Ile,0.9761287,0.02465321,*
p.Ser1530Lys,0.83124465,0.023729878,*
p.Ser1530Leu,0.9252961,0.019232102,*
p.Ser1530Met,0.8991868,0.017476147,*
p.Ser1530Asn,0.90841305,0.02107569,*
p.Ser1530Pro,0.7779068,0.044910125,*
p.Ser1530Gln,0.9317152,0.020618094,*
p.Ser1530Arg,0.89824855,0.016465936,*
p.Ser1530Thr,0.9522767,0.024971087,*
p.Ser1530Val,0.9589559,0.018814541,*
p.Ser1530Trp,0.87063724,0.0217344,*
p.Ser1530Tyr,0.946161,0.024268493,*
p.Ser1723Ala,0.9409955,0.023085814,*
p.Ser1723Cys,0.94939375,0.05546634,*
p.Ser1723Asp,0.9575447,0.02042073,*
p.Ser1723Glu,0.9145691,0.027428523,*
p.Ser1723Phe,0.8368901,0.010886524,*
p.Ser1723Gly,0.9371632,0.012841277,*
p.Ser1723His,0.8671855,0.022905,*
p.Ser1723Ile,0.8304102,0.022768484,*
p.Ser1723Lys,0.75592643,0.0161027,*
p.Ser1723Leu,0.9144861,0.011786007,*
p.Ser1723Met,0.8717645,0.018881219,*
p.Ser1723Asn,0.88580054,0.03733697,*
p.Ser1723Pro,0.7918899,0.032267485,*
p.Ser1723Gln,0.88615656,0.023260502,*
p.Ser1723Arg,0.80515766,0.023909459,*
p.Ser1723Thr,1.0109737,0.025770027,*
p.Ser1723Val,0.8490731,0.019000484,*
p.Ser1723Trp,0.86410743,0.02808774,*
p.Ser1723Tyr,0.8897792,0.020700138,*
p.Ser1728Ala,1.0283642,0.022098567,*
p.Ser1728Cys,1.0013391,0.0120127145,*
p.Ser1728Asp,1.00541,0.01634029,*
p.Ser1728Glu,0.9588995,0.019078469,*
p.Ser1728Phe,0.87668,0.01603787,*
p.Ser1728Gly,1.0030143,0.013849967,*
p.Ser1728His,0.93671477,0.015759306,*
p.Ser1728Ile,0.9846765,0.016930388,*
p.Ser1728Lys,0.86658514,0.018285092,*
p.Ser1728Leu,0.9268673,0.01196325,*
p.Ser1728Met,0.9133029,0.019775612,*
p.Ser1728Asn,0.9279765,0.03253588,*
p.Ser1728Pro,0.9000014,0.037275437,*
p.Ser1728Gln,0.93690825,0.024044385,*
p.Ser1728Arg,0.84417737,0.016225994,*
p.Ser1728Thr,1.0355957,0.020392425,*
p.Ser1728Val,0.970847,0.0144790495,*
p.Ser1728Trp,0.8645258,0.025349855,*
p.Ser1728Tyr,0.9781009,0.01585634,*
p.Ser1730Ala,0.99028194,0.023382355,*
p.Ser1730Cys,1.0134976,0.023977896,*
p.Ser1730Asp,1.0096956,0.01505598,*
p.Ser1730Glu,1.068495,0.013043192,*
p.Ser1730Phe,0.9693979,0.021058159,*
p.Ser1730Gly,0.9969578,0.008184165,*
p.Ser1730His,0.97882843,0.019268729,*
p.Ser1730Ile,1.0151387,0.015651649,*
p.Ser1730Lys,0.94942915,0.021034975,*
p.Ser1730Leu,1.0154243,0.013936336,*
p.Ser1730Met,1.030278,0.02118998,*
p.Ser1730Asn,0.8820345,0.037223324,*
p.Ser1730Pro,0.8617736,0.03658277,*
p.Ser1730Gln,0.990646,0.01670276,*
p.Ser1730Arg,0.9019736,0.0152448965,*
p.Ser1730Thr,1.0357001,0.018101405,*
p.Ser1730Val,0.9693902,0.0124727,*
p.Ser1730Trp,0.97887975,0.01829601,*
p.Ser1730Tyr,1.0145544,0.007860435,*
p.Ser1738Ala,1.023267,0.021715637,*
p.Ser1738Cys,0.9516007,0.027208297,*
p.Ser1738Asp,0.9800004,0.016308354,*
p.Ser1738Glu,0.95482314,0.023289384,*
p.Ser1738Phe,0.88635814,0.025573645,*
p.Ser1738Gly,0.90026057,0.01711556,*
p.Ser1738His,0.981866,0.011566409,*
p.Ser1738Ile,0.9905651,0.01515315,*
p.Ser1738Lys,0.9309405,0.022848282,*
p.Ser1738Leu,0.94995815,0.012074091,*
p.Ser1738Met,0.9531584,0.018762335,*
p.Ser1738Asn,0.96194184,0.027714094,*
p.Ser1738Pro,0.80278456,0.023287058,*
p.Ser1738Gln,0.9803465,0.018635819,*
p.Ser1738Arg,0.84037876,0.011134449,*
p.Ser1738Thr,0.9336915,0.029494518,*
p.Ser1738Val,0.93939066,0.021639785,*
p.Ser1738Trp,0.82001704,0.014529541,*
p.Ser1738Tyr,0.9809798,0.014784284,*
p.Ser1761Ala,0.9107075,0.016513033,*
p.Ser1761Cys,0.94962996,0.032531954,*
p.Ser1761Asp,0.9788393,0.014081162,*
p.Ser1761Glu,0.9627019,0.009924122,*
p.Ser1761Phe,0.874337,0.019133316,*
p.Ser1761Gly,0.9604269,0.017620835,*
p.Ser1761His,0.9253229,0.014176429,*
p.Ser1761Ile,0.8807665,0.023011768,*
p.Ser1761Lys,0.88678616,0.01524754,*
p.Ser1761Leu,0.95401543,0.017524095,*
p.Ser1761Met,0.91501206,0.011175164,*
p.Ser1761Asn,0.92025244,0.031029085,*
p.Ser1761Pro,0.8163149,0.031118969,*
p.Ser1761Gln,0.94120634,0.015599123,*
p.Ser1761Arg,0.8800212,0.021805141,*
p.Ser1761Thr,0.9175078,0.02169401,*
p.Ser1761Val,0.8334273,0.018868212,*
p.Ser1761Trp,0.88630897,0.021249592,*
p.Ser1761Tyr,0.9227663,0.014227146,*
p.Ser1764Ala,1.0342896,0.022516306,*
p.Ser1764Cys,1.0518938,0.023548812,*
p.Ser1764Asp,1.0544227,0.013928525,*
p.Ser1764Glu,1.09638,0.016281163,*
p.Ser1764Phe,0.9562796,0.018854173,*
p.Ser1764Gly,1.0026758,0.014121227,*
p.Ser1764His,1.0053049,0.008298354,*
p.Ser1764Ile,0.96372795,0.016857622,*
p.Ser1764Lys,0.9650901,0.016410159,*
p.Ser1764Leu,1.0016365,0.01256246,*
p.Ser1764Met,0.98688334,0.013900604,*
p.Ser1764Asn,0.990368,0.02164555,*
p.Ser1764Pro,0.86405146,0.029248478,*
p.Ser1764Gln,1.046887,0.012170101,*
p.Ser1764Arg,0.96871597,0.0138600115,*
p.Ser1764Thr,1.0516407,0.016046528,*
p.Ser1764Val,0.931147,0.016587283,*
p.Ser1764Trp,1.0054334,0.014743742,*
p.Ser1764Tyr,1.0205582,0.01583132,*
p.Ser1772Ala,0.939994,0.019968748,*
p.Ser1772Cys,0.8753958,0.025668532,*
p.Ser1772Asp,0.9315259,0.020397415,*
p.Ser1772Glu,0.98782474,0.023170544,*
p.Ser1772Phe,0.85810167,0.024924112,*
p.Ser1772Gly,0.8782383,0.018743595,*
p.Ser1772His,0.90200436,0.02106047,*
p.Ser1772Ile,0.90135145,0.022781609,*
p.Ser1772Lys,0.8664166,0.021872787,*
p.Ser1772Leu,0.87455446,0.02373915,*
p.Ser1772Met,0.89832485,0.018047953,*
p.Ser1772Asn,0.86462563,0.03674111,*
p.Ser1772Pro,0.8981799,0.019997995,*
p.Ser1772Gln,0.90446407,0.015450028,*
p.Ser1772Arg,0.83625305,0.022616101,*
p.Ser1772Thr,0.92902577,0.015124208,*
p.Ser1772Val,0.86017287,0.013717541,*
p.Ser1772Trp,0.86460435,0.026491214,*
p.Ser1772Tyr,0.9090226,0.021899339,*
p.Ser1774Ala,0.9083192,0.018142266,*
p.Ser1774Cys,0.8574737,0.020278247,*
p.Ser1774Asp,0.89645797,0.028912928,*
p.Ser1774Glu,0.9624694,0.020812448,*
p.Ser1774Phe,0.8660625,0.032821424,*
p.Ser1774Gly,0.92096424,0.022437463,*
p.Ser1774His,0.89313585,0.014213627,*
p.Ser1774Ile,0.88962364,0.030076785,*
p.Ser1774Lys,0.8530038,0.02750298,*
p.Ser1774Leu,0.88723624,0.024484228,*
p.Ser1774Met,0.8899248,0.015780738,*
p.Ser1774Asn,0.91654015,0.03144323,*
p.Ser1774Pro,0.76317906,0.035260286,*
p.Ser1774Gln,0.9792864,0.019766109,*
p.Ser1774Arg,0.8477024,0.019152222,*
p.Ser1774Thr,0.9127434,0.017185688,*
p.Ser1774Val,0.84405595,0.015701704,*
p.Ser1774Trp,0.916927,0.026970822,*
p.Ser1774Tyr,0.8938163,0.024958055,*
p.Ser1798Tyr,0.96412814,0.011669586,*
p.Ser1799Ala,0.92657346,0.024205936,*
p.Ser1799Cys,0.9054791,0.029302344,*
p.Ser1799Asp,0.99663085,0.017745642,*
p.Ser1799Glu,1.0406141,0.016578887,*
p.Ser1799Phe,0.9018215,0.022951012,*
p.Ser1799Gly,0.96619976,0.023141563,*
p.Ser1799His,0.9151071,0.014356006,*
p.Ser1799Ile,0.8652703,0.030377204,*
p.Ser1799Lys,0.8719169,0.029467378,*
p.Ser1799Leu,0.91598475,0.014988321,*
p.Ser1799Met,0.8975096,0.010454342,*
p.Ser1799Asn,0.91425866,0.036612373,*
p.Ser1799Pro,0.76864,0.03829115,*
p.Ser1799Gln,0.985757,0.015893457,*
p.Ser1799Arg,0.94448376,0.013812768,*
p.Ser1799Thr,0.8940609,0.018901069,*
p.Ser1799Val,0.8354913,0.02758181,*
p.Ser1799Trp,0.8863281,0.027812408,*
p.Ser1799Tyr,0.9533669,0.01877793,*
p.Ser1539Ala,0.9720373,0.020867229,*
p.Ser1539Cys,0.9350187,0.027687829,*
p.Ser1539Asp,0.88186026,0.019196423,*
p.Ser1539Glu,0.8867315,0.023325153,*
p.Ser1539Phe,0.8606636,0.015265958,*
p.Ser1539Gly,0.90099466,0.013508238,*
p.Ser1539His,0.8487916,0.018894313,*
p.Ser1539Ile,0.8713069,0.02171099,*
p.Ser1539Lys,0.8124366,0.015407426,*
p.Ser1539Leu,0.86976737,0.013684909,*
p.Ser1539Met,0.82170975,0.017425358,*
p.Ser1539Asn,0.87147695,0.02200339,*
p.Ser1539Pro,0.83922327,0.02781708,*
p.Ser1539Gln,0.87873805,0.016098501,*
p.Ser1539Arg,0.7403141,0.017600765,*
p.Ser1539Thr,0.9284586,0.019677578,*
p.Ser1539Val,0.818837,0.022250075,*
p.Ser1539Trp,0.85283977,0.013054997,*
p.Ser1539Tyr,0.89022577,0.020917265,*
p.Ser1514Ala,0.95881397,0.018285973,*
p.Ser1514Cys,0.883261,0.023349172,*
p.Ser1514Asp,0.97944736,0.012727171,*
p.Ser1514Glu,0.99326146,0.015507246,*
p.Ser1514Phe,0.9334466,0.01382061,*
p.Ser1514Gly,0.92686254,0.022214346,*
p.Ser1514His,0.93476903,0.011769774,*
p.Ser1514Ile,0.8830436,0.012801123,*
p.Ser1514Lys,0.8269388,0.028328411,*
p.Ser1514Leu,0.94927275,0.021633517,*
p.Ser1514Met,0.8843441,0.014086044,*
p.Ser1514Asn,0.8700113,0.023513569,*
p.Ser1514Pro,0.8219388,0.04818324,*
p.Ser1514Gln,0.95904857,0.009429636,*
p.Ser1514Arg,0.8944508,0.019733649,*
p.Ser1514Thr,0.92462415,0.024489634,*
p.Ser1514Val,0.91311276,0.018519063,*
p.Ser1514Trp,0.94596875,0.011384759,*
p.Ser1514Tyr,1.0135725,0.01891664,*
p.Ser1555Ala,0.96527755,0.028023506,*
p.Ser1555Cys,0.90303546,0.020181973,*
p.Ser1555Asp,0.9145764,0.013627158,*
p.Ser1555Glu,0.8846548,0.019341633,*
p.Ser1555Phe,0.8213188,0.021812921,*
p.Ser1555Gly,0.92058945,0.008137559,*
p.Ser1555His,0.81091976,0.021525066,*
p.Ser1555Ile,0.8109522,0.024840709,*
p.Ser1555Lys,0.79806244,0.018024644,*
p.Ser1555Leu,0.8704993,0.019572083,*
p.Ser1555Met,0.89187396,0.019959837,*
p.Ser1555Asn,0.91487515,0.022332326,*
p.Ser1555Pro,0.76106095,0.023357844,*
p.Ser1555Gln,0.8672417,0.024561245,*
p.Ser1555Arg,0.8145291,0.016773699,*
p.Ser1555Thr,0.89516246,0.020839911,*
p.Ser1555Val,0.86111677,0.014375596,*
p.Ser1555Trp,0.8009578,0.01508108,*
p.Ser1555Tyr,0.8531001,0.03302706,*
p.Ser1557Ala,0.91531956,0.030908465,*
p.Ser1557Cys,0.8661233,0.015918607,*
p.Ser1557Asp,0.99115163,0.025280958,*
p.Ser1557Glu,0.9856316,0.016727004,*
p.Ser1557Phe,0.92487323,0.020926435,*
p.Ser1557Gly,0.95297253,0.008583519,*
p.Ser1557His,0.89739,0.011370339,*
p.Ser1557Ile,0.9685009,0.014979698,*
p.Ser1557Lys,0.91005164,0.02381638,*
p.Ser1557Leu,0.9368397,0.017929124,*
p.Ser1557Met,0.9296166,0.0120757595,*
p.Ser1557Asn,0.9502099,0.019392774,*
p.Ser1557Pro,0.71946424,0.035361614,*
p.Ser1557Gln,0.9981328,0.024845775,*
p.Ser1557Arg,0.88321054,0.015017176,*
p.Ser1557Thr,0.9411095,0.021109927,*
p.Ser1557Val,0.9551865,0.013388474,*
p.Ser1557Trp,0.8281662,0.016866146,*
p.Ser1557Tyr,0.9592838,0.01229134,*
p.Ser1563Ala,0.93214494,0.03165252,*
p.Ser1563Cys,0.84167224,0.031543303,*
p.Ser1563Asp,0.8457912,0.01541551,*
p.Ser1563Glu,0.9019686,0.022235772,*
p.Ser1563Phe,0.75923765,0.015267856,*
p.Ser1563Gly,0.9086758,0.024393994,*
p.Ser1563His,0.73692745,0.022996543,*
p.Ser1563Ile,0.80152035,0.023909401,*
p.Ser1563Lys,0.7844079,0.022599699,*
p.Ser1563Leu,0.81106794,0.018865047,*
p.Ser1563Met,0.7562583,0.01487588,*
p.Ser1563Asn,0.7591476,0.014755414,*
p.Ser1563Pro,0.7498046,0.021168169,*
p.Ser1563Gln,0.8140149,0.0335316,*
p.Ser1563Arg,0.7668261,0.018935934,*
p.Ser1563Thr,0.8741954,0.026397059,*
p.Ser1563Val,0.79450667,0.028551599,*
p.Ser1563Trp,0.76917803,0.020117387,*
p.Ser1563Tyr,0.7972929,0.019710137,*
p.Ser1568Ala,0.9289452,0.013456257,*
p.Ser1568Cys,0.904209,0.025182592,*
p.Ser1568Asp,0.85143864,0.01600513,*
p.Ser1568Glu,0.9100766,0.019381799,*
p.Ser1568Phe,0.7952874,0.013979053,*
p.Ser1568Gly,0.9233893,0.015891656,*
p.Ser1568His,0.81325114,0.01960016,*
p.Ser1568Ile,0.83585083,0.024764469,*
p.Ser1568Lys,0.7969638,0.01915404,*
p.Ser1568Leu,0.8665525,0.015492762,*
p.Ser1568Met,0.82815915,0.019537782,*
p.Ser1568Asn,0.817605,0.025063064,*
p.Ser1568Pro,0.84336746,0.026976697,*
p.Ser1568Gln,0.81492376,0.014951843,*
p.Ser1568Arg,0.79157746,0.014087257,*
p.Ser1568Thr,0.81524134,0.015131599,*
p.Ser1568Val,0.80110025,0.022554876,*
p.Ser1568Trp,0.8190689,0.016113045,*
p.Ser1568Tyr,0.83773434,0.017361961,*
p.Thr1623Ala,0.8455569,0.026823921,*
p.Thr1623Cys,0.84825975,0.011504694,*
p.Thr1623Asp,0.8549983,0.020454213,*
p.Thr1623Glu,0.7835969,0.017640376,*
p.Thr1623Phe,0.7279583,0.01760007,*
p.Thr1623Gly,0.81277275,0.017784556,*
p.Thr1623His,0.8774279,0.024399554,*
p.Thr1623Ile,0.784725,0.017631551,*
p.Thr1623Lys,0.6969934,0.016488567,*
p.Thr1623Leu,0.79181087,0.016700316,*
p.Thr1623Met,0.83152866,0.032715447,*
p.Thr1623Asn,0.84885675,0.027305506,*
p.Thr1623Pro,0.7570812,0.019687066,*
p.Thr1623Gln,0.83302546,0.020342188,*
p.Thr1623Arg,0.6982744,0.01409291,*
p.Thr1623Ser,0.98313636,0.02080102,*
p.Thr1623Val,0.8648984,0.019738143,*
p.Thr1623Trp,0.7549456,0.01962159,*
p.Thr1623Tyr,0.7980026,0.016991314,*
p.Thr1627Ala,0.9660562,0.01171998,*
p.Thr1627Cys,0.8357611,0.017944207,*
p.Thr1627Asp,0.9592205,0.023248466,*
p.Thr1627Glu,0.8722354,0.01710564,*
p.Thr1627Phe,0.8397481,0.02263422,*
p.Thr1627Gly,0.918677,0.013491501,*
p.Thr1627His,0.8954892,0.03142561,*
p.Thr1627Ile,0.7842578,0.019875884,*
p.Thr1627Lys,0.83762044,0.019475408,*
p.Thr1627Leu,0.9180573,0.020396935,*
p.Thr1627Met,0.9992102,0.01591082,*
p.Thr1627Asn,0.89372265,0.017983433,*
p.Thr1627Pro,0.8933649,0.024033125,*
p.Thr1627Gln,0.8862284,0.02444305,*
p.Thr1627Arg,0.88167953,0.0140882535,*
p.Thr1627Ser,1.0084343,0.014765122,*
p.Thr1627Val,0.8226347,0.018605126,*
p.Thr1627Trp,0.8340845,0.018749304,*
p.Thr1627Tyr,0.8222481,0.024912037,*
p.Thr1661Ala,0.9544241,0.015501212,*
p.Thr1661Cys,0.8599396,0.02194236,*
p.Thr1661Asp,0.94730645,0.0135623,*
p.Thr1661Glu,0.88124216,0.013009666,*
p.Thr1661Phe,0.78826,0.020318303,*
p.Thr1661Gly,0.93158835,0.015967341,*
p.Thr1661His,0.9428171,0.0260943,*
p.Thr1661Ile,0.8167483,0.022389825,*
p.Thr1661Lys,0.77461356,0.018528044,*
p.Thr1661Leu,0.86035526,0.008792482,*
p.Thr1661Met,0.88458747,0.024716204,*
p.Thr1661Asn,0.8986327,0.01897011,*
p.Thr1661Pro,0.8238443,0.020428553,*
p.Thr1661Gln,0.8802268,0.025329834,*
p.Thr1661Arg,0.8034872,0.010921192,*
p.Thr1661Ser,1.0219252,0.014523032,*
p.Thr1661Val,0.86384785,0.0206401,*
p.Thr1661Trp,0.79895294,0.024673374,*
p.Thr1661Tyr,0.7746057,0.01858716,*
p.Thr1674Ala,0.8638865,0.027071113,*
p.Thr1674Cys,0.8675531,0.018086655,*
p.Thr1674Asp,0.87104446,0.022366261,*
p.Thr1674Glu,0.9393786,0.022558298,*
p.Thr1674Phe,0.8511778,0.015832491,*
p.Thr1674Gly,0.8271712,0.017222622,*
p.Thr1674His,0.99556017,0.022860568,*
p.Thr1674Ile,0.84644556,0.015134668,*
p.Thr1674Lys,0.84258413,0.021583779,*
p.Thr1674Leu,0.8934429,0.015134103,*
p.Thr1674Met,0.9859605,0.011521177,*
p.Thr1674Asn,0.88826907,0.023424057,*
p.Thr1674Pro,0.7271682,0.019511767,*
p.Thr1674Gln,0.9576694,0.025468335,*
p.Thr1674Arg,0.8263341,0.024913887,*
p.Thr1674Ser,1.0276248,0.023943774,*
p.Thr1674Val,0.89099056,0.013352132,*
p.Thr1674Trp,0.8462759,0.0154250385,*
p.Thr1674Tyr,0.91222394,0.018536067,*
p.Thr1697Ala,1.0131292,0.015597283,*
p.Thr1697Cys,0.90167654,0.030374296,*
p.Thr1697Asp,0.96540916,0.020958515,*
p.Thr1697Glu,1.0072577,0.012507146,*
p.Thr1697Phe,0.967988,0.018271333,*
p.Thr1697Gly,0.9278744,0.019482952,*
p.Thr1697His,1.0328954,0.0138442,*
p.Thr1697Ile,0.8792494,0.014308818,*
p.Thr1697Lys,0.89134914,0.020384049,*
p.Thr1697Leu,0.9297894,0.017614534,*
p.Thr1697Met,0.9667506,0.0141437715,*
p.Thr1697Asn,0.9477438,0.023210684,*
p.Thr1697Pro,0.93791974,0.021520374,*
p.Thr1697Gln,1.0320728,0.015700748,*
p.Thr1697Arg,0.9482605,0.016672002,*
p.Thr1697Ser,1.0353776,0.01884569,*
p.Thr1697Val,0.9312525,0.0212602,*
p.Thr1697Trp,0.9730366,0.010158537,*
p.Thr1697Tyr,0.94223833,0.017418288,*
p.Thr1733Ala,0.97332287,0.029018467,*
p.Thr1733Cys,0.93334675,0.016647633,*
p.Thr1733Asp,0.98750067,0.022115596,*
p.Thr1733Glu,1.020725,0.008220786,*
p.Thr1733Phe,0.9892019,0.021260154,*
p.Thr1733Gly,0.9613535,0.01620384,*
p.Thr1733His,1.015923,0.02934131,*
p.Thr1733Ile,0.86665374,0.022918032,*
p.Thr1733Lys,0.9173163,0.033199344,*
p.Thr1733Leu,0.9834734,0.009606284,*
p.Thr1733Met,1.0429655,0.0145981135,*
p.Thr1733Asn,0.89936006,0.028682584,*
p.Thr1733Pro,0.91158694,0.022359405,*
p.Thr1733Gln,1.0088421,0.015253028,*
p.Thr1733Arg,0.92848665,0.011488939,*
p.Thr1733Ser,1.042828,0.014177916,*
p.Thr1733Val,0.9901535,0.0260306,*
p.Thr1733Trp,0.9869544,0.013956444,*
p.Thr1733Tyr,0.9260808,0.019352704,*
p.Thr1780Ala,0.9366888,0.026870625,*
p.Thr1780Cys,0.83850604,0.02734567,*
p.Thr1780Asp,0.94497424,0.023504585,*
p.Thr1780Glu,1.0056555,0.018481469,*
p.Thr1780Phe,0.9351258,0.030538581,*
p.Thr1780Gly,0.955788,0.020512022,*
p.Thr1780His,0.8934003,0.035369582,*
p.Thr1780Ile,0.8194114,0.027152605,*
p.Thr1780Lys,0.84584683,0.031468157,*
p.Thr1780Leu,0.9385775,0.014338014,*
p.Thr1780Met,0.92304915,0.02292273,*
p.Thr1780Asn,0.91306245,0.020032644,*
p.Thr1780Pro,0.8152959,0.031486634,*
p.Thr1780Gln,0.9202547,0.018422704,*
p.Thr1780Arg,0.86365986,0.018226827,*
p.Thr1780Ser,0.9319171,0.01694957,*
p.Thr1780Val,0.80218995,0.016188908,*
p.Thr1780Trp,0.9749708,0.018873608,*
p.Thr1780Tyr,0.9085782,0.026285399,*
p.Thr1785Ala,0.96221364,0.02233858,*
p.Thr1785Cys,0.9129728,0.012101278,*
p.Thr1785Asp,0.96202934,0.025165612,*
p.Thr1785Glu,1.0104271,0.011548326,*
p.Thr1785Phe,0.97505313,0.023588952,*
p.Thr1785Gly,0.981562,0.016672177,*
p.Thr1785His,0.9717183,0.033458944,*
p.Thr1785Ile,0.8406936,0.021579837,*
p.Thr1785Lys,0.85093135,0.027524335,*
p.Thr1785Leu,0.9783627,0.028095579,*
p.Thr1785Met,0.96146905,0.017747356,*
p.Thr1785Asn,0.9395145,0.019077415,*
p.Thr1785Pro,0.99597204,0.016409956,*
p.Thr1785Gln,0.98696345,0.024040764,*
p.Thr1785Arg,0.941769,0.017392782,*
p.Thr1785Ser,1.0221753,0.012210501,*
p.Thr1785Val,0.880355,0.02163494,*
p.Thr1785Trp,0.9679998,0.018488009,*
p.Thr1785Tyr,0.9294423,0.02094103,*
p.Thr1804Ala,0.9125557,0.017071242,*
p.Thr1804Cys,0.9379606,0.022756003,*
p.Thr1804Asp,0.9575828,0.018004816,*
p.Thr1804Glu,0.90038615,0.01878663,*
p.Thr1804Phe,0.929159,0.022479927,*
p.Thr1804Gly,0.93699443,0.020033019,*
p.Thr1804His,0.91992915,0.030187756,*
p.Thr1804Ile,0.85376346,0.023966834,*
p.Thr1804Lys,0.8788425,0.036627468,*
p.Thr1804Leu,0.89265954,0.009339662,*
p.Thr1804Met,0.9188202,0.020113725,*
p.Thr1804Asn,0.96058494,0.03358009,*
p.Thr1804Pro,0.91850835,0.027979465,*
p.Thr1804Gln,0.95736045,0.020422513,*
p.Thr1804Arg,0.96095705,0.011295152,*
p.Thr1804Ser,0.90099466,0.016601393,*
p.Thr1804Val,0.92270696,0.030750783,*
p.Thr1804Trp,0.961861,0.018310823,*
p.Thr1804Tyr,0.90987384,0.017640594,*
p.Thr1542Ala,0.8967266,0.013053985,*
p.Thr1542Cys,0.80748355,0.038826473,*
p.Thr1542Asp,0.85478246,0.01881776,*
p.Thr1542Glu,0.875809,0.01853365,*
p.Thr1542Phe,0.81893635,0.017174803,*
p.Thr1542Gly,0.84453976,0.011725726,*
p.Thr1542His,0.8697942,0.037724767,*
p.Thr1542Ile,0.79913306,0.016931139,*
p.Thr1542Lys,0.7334096,0.023550715,*
p.Thr1542Leu,0.8812191,0.01436376,*
p.Thr1542Met,0.93610275,0.016142327,*
p.Thr1542Asn,0.83293134,0.019106498,*
p.Thr1542Pro,0.8645398,0.023606157,*
p.Thr1542Gln,0.87753505,0.011964549,*
p.Thr1542Arg,0.83812535,0.021182403,*
p.Thr1542Ser,0.93510973,0.019024495,*
p.Thr1542Val,0.7750991,0.021580243,*
p.Thr1542Trp,0.8423008,0.016399741,*
p.Thr1542Tyr,0.8632704,0.025193043,*
p.Thr1572Ala,0.8460809,0.019566352,*
p.Thr1572Cys,0.82718104,0.02199397,*
p.Thr1572Asp,0.86104834,0.015280901,*
p.Thr1572Glu,0.88835084,0.02106505,*
p.Thr1572Phe,0.78332716,0.02443891,*
p.Thr1572Gly,0.8558518,0.015211147,*
p.Thr1572His,0.9549984,0.016593285,*
p.Thr1572Ile,0.76347077,0.030616913,*
p.Thr1572Lys,0.8132385,0.029166788,*
p.Thr1572Leu,0.869225,0.014342497,*
p.Thr1572Met,0.87435627,0.021546897,*
p.Thr1572Asn,0.8249661,0.02393161,*
p.Thr1572Pro,0.6629755,0.01559766,*
p.Thr1572Gln,0.8856236,0.014406806,*
p.Thr1572Arg,0.8158307,0.021577517,*
p.Thr1572Ser,0.9326149,0.021774782,*
p.Thr1572Val,0.84559286,0.01907529,*
p.Thr1572Trp,0.7691242,0.012711156,*
p.Thr1572Tyr,0.8458907,0.018095601,*
p.Thr1576Ala,0.87472165,0.02720439,*
p.Thr1576Cys,0.84649706,0.02651146,*
p.Thr1576Asp,0.92215997,0.019310541,*
p.Thr1576Glu,0.9531188,0.018460501,*
p.Thr1576Phe,0.82315063,0.014749094,*
p.Thr1576Gly,0.8702197,0.007372121,*
p.Thr1576His,0.94997644,0.012392635,*
p.Thr1576Ile,0.85327387,0.024028838,*
p.Thr1576Lys,0.8122705,0.016475772,*
p.Thr1576Leu,0.83660424,0.010126368,*
p.Thr1576Met,0.8979266,0.01177623,*
p.Thr1576Asn,0.90156287,0.021552712,*
p.Thr1576Pro,0.7027246,0.026713628,*
p.Thr1576Gln,0.9396683,0.014738047,*
p.Thr1576Arg,0.8006512,0.028109692,*
p.Thr1576Ser,1.0399494,0.021457663,*
p.Thr1576Val,0.86971724,0.013695584,*
p.Thr1576Trp,0.7635768,0.025281956,*
p.Thr1576Tyr,0.8480109,0.023776742,*
p.Thr1607Ala,0.84109163,0.023318142,*
p.Thr1607Cys,0.8458536,0.028892009,*
p.Thr1607Asp,0.83491725,0.01948705,*
p.Thr1607Glu,0.95227164,0.014383199,*
p.Thr1607Phe,0.8151902,0.024808368,*
p.Thr1607Gly,0.9011289,0.018496305,*
p.Thr1607His,1.0045822,0.034391202,*
p.Thr1607Ile,0.8421342,0.01464363,*
p.Thr1607Lys,0.8235736,0.02573086,*
p.Thr1607Leu,0.8730203,0.017615242,*
p.Thr1607Met,0.93671113,0.026318343,*
p.Thr1607Asn,0.84419614,0.010789689,*
p.Thr1607Pro,0.8708726,0.016884437,*
p.Thr1607Gln,0.95417154,0.016795164,*
p.Thr1607Arg,0.80504906,0.0267367,*
p.Thr1607Ser,1.0139155,0.02115744,*
p.Thr1607Val,0.82387507,0.012671193,*
p.Thr1607Trp,0.7938702,0.028754197,*
p.Thr1607Tyr,0.88517684,0.022178859,*
p.Val1618Ala,0.87154084,0.018719254,*
p.Val1618Cys,0.9126152,0.020452252,*
p.Val1618Asp,0.67939496,0.027677545,*
p.Val1618Glu,0.58706796,0.018469501,*
p.Val1618Phe,0.8085784,0.019759864,*
p.Val1618Gly,0.6800638,0.011910147,*
p.Val1618His,0.67505705,0.017391123,*
p.Val1618Ile,0.98606455,0.0149392355,*
p.Val1618Lys,0.69652915,0.021327697,*
p.Val1618Leu,0.8814632,0.015423308,*
p.Val1618Met,0.8868588,0.02125797,*
p.Val1618Asn,0.8057982,0.027843652,*
p.Val1618Pro,0.6390858,0.022548378,*
p.Val1618Gln,0.68129116,0.02049328,*
p.Val1618Arg,0.58295846,0.022227408,*
p.Val1618Ser,0.7855011,0.01592646,*
p.Val1618Thr,0.78183776,0.012677461,*
p.Val1618Trp,0.6839351,0.022344735,*
p.Val1618Tyr,0.7151338,0.02016786,*
p.Val1630Ala,1.0756884,0.016613511,*
p.Val1630Cys,1.0177424,0.016469711,*
p.Val1630Asp,1.0295494,0.015116108,*
p.Val1630Glu,0.98441947,0.017643537,*
p.Val1630Phe,0.990822,0.018572414,*
p.Val1630Gly,1.0560219,0.011835451,*
p.Val1630His,0.9612058,0.020374948,*
p.Val1630Ile,1.0462329,0.015647259,*
p.Val1630Lys,0.94900715,0.01626237,*
p.Val1630Leu,0.9989934,0.016338672,*
p.Val1630Met,1.0530844,0.016387552,*
p.Val1630Asn,0.96679896,0.022491138,*
p.Val1630Pro,1.065739,0.018724408,*
p.Val1630Gln,1.0237371,0.016882557,*
p.Val1630Arg,0.9470245,0.017606962,*
p.Val1630Ser,1.0127203,0.015792903,*
p.Val1630Thr,1.0025773,0.009751531,*
p.Val1630Trp,0.95976007,0.016745083,*
p.Val1630Tyr,1.0062416,0.013322472,*
p.Val1646Ala,0.8854755,0.018453075,*
p.Val1646Cys,0.8667711,0.018822236,*
p.Val1646Asp,0.65246594,0.022134317,*
p.Val1646Glu,0.6053591,0.019781804,*
p.Val1646Phe,0.7883886,0.022730213,*
p.Val1646Gly,0.622609,0.013917163,*
p.Val1646His,0.6677543,0.020086067,*
p.Val1646Ile,0.9313183,0.015346985,*
p.Val1646Lys,0.65455574,0.022578824,*
p.Val1646Leu,0.8365347,0.01952001,*
p.Val1646Met,0.7432828,0.035968773,*
p.Val1646Asn,0.71941465,0.023362001,*
p.Val1646Pro,0.6829536,0.0321473,*
p.Val1646Gln,0.6546143,0.015644567,*
p.Val1646Arg,0.6043954,0.025051566,*
p.Val1646Ser,0.7816878,0.023357056,*
p.Val1646Thr,0.86065674,0.019212697,*
p.Val1646Trp,0.64368075,0.023219425,*
p.Val1646Tyr,0.7559702,0.024005512,*
p.Val1649Ala,0.75005496,0.025614655,*
p.Val1649Cys,0.82047826,0.016927416,*
p.Val1649Asp,0.5130638,0.0174762,*
p.Val1649Glu,0.56270194,0.016816821,*
p.Val1649Phe,0.7479476,0.023053346,*
p.Val1649Gly,0.51627505,0.02194722,*
p.Val1649His,0.55384284,0.022661358,*
p.Val1649Ile,0.89363897,0.010782706,*
p.Val1649Lys,0.5687598,0.02509083,*
p.Val1649Leu,0.8421937,0.021386217,*
p.Val1649Met,0.7156403,0.02048767,*
p.Val1649Asn,0.65947306,0.020010706,*
p.Val1649Pro,0.57876956,0.027796715,*
p.Val1649Gln,0.5938587,0.01792142,*
p.Val1649Arg,0.5532144,0.018911771,*
p.Val1649Ser,0.64852464,0.023022147,*
p.Val1649Thr,0.74919575,0.020410368,*
p.Val1649Trp,0.59912235,0.018046176,*
p.Val1649Tyr,0.64803755,0.024721283,*
p.Val1669Ala,0.9174798,0.018917674,*
p.Val1669Cys,0.88046247,0.02194895,*
p.Val1669Asp,0.67849505,0.01904468,*
p.Val1669Glu,0.66381323,0.029410554,*
p.Val1669Phe,0.7885822,0.0128276795,*
p.Val1669Gly,0.70764685,0.017985722,*
p.Val1669His,0.71503663,0.036368474,*
p.Val1669Ile,0.9711229,0.013064459,*
p.Val1669Lys,0.67594784,0.020215798,*
p.Val1669Leu,0.84214437,0.019217253,*
p.Val1669Met,0.80836266,0.02223291,*
p.Val1669Asn,0.75019926,0.01828064,*
p.Val1669Pro,0.70679677,0.021216583,*
p.Val1669Gln,0.7099492,0.024325548,*
p.Val1669Arg,0.64762676,0.019011943,*
p.Val1669Ser,0.8185094,0.01644608,*
p.Val1669Thr,0.88047564,0.014254577,*
p.Val1669Trp,0.65481675,0.027005645,*
p.Val1669Tyr,0.7031588,0.026374998,*
p.Val1671Ala,0.81471807,0.025553698,*
p.Val1671Cys,0.8395578,0.019537657,*
p.Val1671Asp,0.6371214,0.021113709,*
p.Val1671Glu,0.594249,0.021636847,*
p.Val1671Phe,0.7372116,0.022355633,*
p.Val1671Gly,0.60194933,0.013679578,*
p.Val1671His,0.6035575,0.022445388,*
p.Val1671Ile,0.9439785,0.018489439,*
p.Val1671Lys,0.60854185,0.026259732,*
p.Val1671Leu,0.84197557,0.024101071,*
p.Val1671Met,0.73390734,0.021705203,*
p.Val1671Asn,0.67347324,0.025729245,*
p.Val1671Pro,0.60437185,0.030145051,*
p.Val1671Gln,0.63712174,0.017225046,*
p.Val1671Arg,0.58746827,0.02591034,*
p.Val1671Ser,0.68582207,0.016810363,*
p.Val1671Thr,0.78994745,0.014576861,*
p.Val1671Trp,0.6663366,0.021490607,*
p.Val1671Tyr,0.70964164,0.026486313,*
p.Val1673Ala,0.77151185,0.023588385,*
p.Val1673Cys,0.84412014,0.015429837,*
p.Val1673Asp,0.59034455,0.028164117,*
p.Val1673Glu,0.5491291,0.019847017,*
p.Val1673Phe,0.7644573,0.022342227,*
p.Val1673Gly,0.57841116,0.02880669,*
p.Val1673His,0.5818876,0.018798493,*
p.Val1673Ile,0.95029926,0.01399579,*
p.Val1673Lys,0.5801734,0.024947649,*
p.Val1673Leu,0.8423172,0.033833016,*
p.Val1673Met,0.72469723,0.015674988,*
p.Val1673Asn,0.7233982,0.01388947,*
p.Val1673Pro,0.60917556,0.024003578,*
p.Val1673Gln,0.59432495,0.019378623,*
p.Val1673Arg,0.569486,0.02531985,*
p.Val1673Ser,0.683061,0.01226538,*
p.Val1673Thr,0.7862686,0.017670035,*
p.Val1673Trp,0.626604,0.017390594,*
p.Val1673Tyr,0.68517286,0.018470306,*
p.Val1683Ala,0.8492199,0.023317458,*
p.Val1683Cys,0.86341286,0.018012168,*
p.Val1683Asp,0.65975267,0.027570289,*
p.Val1683Glu,0.7189843,0.03442798,*
p.Val1683Phe,0.724125,0.01931548,*
p.Val1683Gly,0.68338656,0.010584784,*
p.Val1683Ile,0.9403281,0.016462151,*
p.Val1683Lys,0.6328472,0.021605907,*
p.Val1683Leu,0.9774057,0.017077185,*
p.Val1683Met,0.7142076,0.020277992,*
p.Val1683Asn,0.74621975,0.024173586,*
p.Val1683Pro,0.719783,0.034819003,*
p.Val1683Gln,0.8287281,0.012292499,*
p.Val1683Arg,0.64962554,0.023212805,*
p.Val1683Ser,0.7766148,0.020344803,*
p.Val1683Thr,0.83673203,0.015983682,*
p.Val1683Trp,0.6567678,0.019452214,*
p.Val1683Tyr,0.7063936,0.019645851,*
p.Val1695Ala,0.92660236,0.015325746,*
p.Val1695Cys,0.957358,0.02266163,*
p.Val1695Asp,0.7436389,0.021908654,*
p.Val1695Glu,0.73770535,0.02746026,*
p.Val1695Phe,0.8282607,0.026485171,*
p.Val1695Gly,0.8289504,0.024825312,*
p.Val1695His,0.7676994,0.024539853,*
p.Val1695Ile,1.0181887,0.017796433,*
p.Val1695Lys,0.78299844,0.024599185,*
p.Val1695Leu,0.99430263,0.013737937,*
p.Val1695Met,0.93094254,0.021174697,*
p.Val1695Asn,0.81290895,0.022672223,*
p.Val1695Pro,0.8325528,0.02860658,*
p.Val1695Gln,0.93197596,0.016984709,*
p.Val1695Arg,0.74279785,0.015226589,*
p.Val1695Ser,0.90014064,0.015646847,*
p.Val1695Thr,0.9620269,0.016601562,*
p.Val1695Trp,0.7600479,0.017260317,*
p.Val1695Tyr,0.76152444,0.018743813,*
p.Val1699Ala,1.0104076,0.012548375,*
p.Val1699Cys,0.998247,0.012584582,*
p.Val1699Asp,0.91240054,0.023202326,*
p.Val1699Glu,0.9972453,0.025822906,*
p.Val1699Phe,0.96541965,0.016607609,*
p.Val1699Gly,0.9642685,0.010780676,*
p.Val1699His,0.94623166,0.014995137,*
p.Val1699Ile,1.0387491,0.010235544,*
p.Val1699Lys,0.950393,0.016500587,*
p.Val1699Leu,1.0129645,0.01211689,*
p.Val1699Met,0.9464172,0.01199163,*
p.Val1699Asn,1.0010076,0.016131513,*
p.Val1699Pro,0.91411,0.020850483,*
p.Val1699Gln,0.9893476,0.021344475,*
p.Val1699Arg,0.9629453,0.016397212,*
p.Val1699Ser,0.99942476,0.017724104,*
p.Val1699Thr,1.0075731,0.01248579,*
p.Val1699Trp,0.8630949,0.019044599,*
p.Val1699Tyr,0.9754009,0.011882836,*
p.Val1703Ala,0.9456588,0.013285164,*
p.Val1703Cys,0.86192447,0.023895063,*
p.Val1703Asp,0.67376703,0.024475222,*
p.Val1703Glu,0.7956299,0.029116679,*
p.Val1703Phe,0.8014124,0.023061804,*
p.Val1703Gly,0.7249861,0.017493756,*
p.Val1703His,0.7801375,0.016149923,*
p.Val1703Ile,0.98292,0.01667721,*
p.Val1703Lys,0.66480094,0.031270303,*
p.Val1703Leu,0.8889469,0.018469766,*
p.Val1703Met,0.89333755,0.032092337,*
p.Val1703Asn,0.8022022,0.014360993,*
p.Val1703Pro,0.7578167,0.028016873,*
p.Val1703Gln,0.7761835,0.02621097,*
p.Val1703Arg,0.7337599,0.01476591,*
p.Val1703Ser,0.8699234,0.02490713,*
p.Val1703Thr,0.91119635,0.011130237,*
p.Val1703Trp,0.71960604,0.026279666,*
p.Val1703Tyr,0.76556396,0.025929278,*
p.Val1711Ala,0.92163515,0.017978076,*
p.Val1711Cys,0.8847405,0.018420326,*
p.Val1711Asp,0.6755475,0.015418411,*
p.Val1711Glu,0.7507253,0.029593365,*
p.Val1711Phe,0.78412336,0.019107537,*
p.Val1711Gly,0.70648175,0.022288071,*
p.Val1711His,0.6601952,0.015676655,*
p.Val1711Ile,0.99119663,0.022862503,*
p.Val1711Lys,0.72938216,0.014765623,*
p.Val1711Leu,0.97734165,0.014171189,*
p.Val1711Met,0.8609586,0.020494573,*
p.Val1711Asn,0.8035439,0.017182836,*
p.Val1711Pro,0.5828196,0.023702757,*
p.Val1711Gln,0.80260247,0.013328828,*
p.Val1711Arg,0.7039916,0.012175056,*
p.Val1711Ser,0.8351865,0.017111918,*
p.Val1711Thr,0.89734983,0.015421576,*
p.Val1711Trp,0.6271151,0.017515007,*
p.Val1711Tyr,0.70757586,0.020451674,*
p.Val1531Ala,1.028173,0.014012779,*
p.Val1531Cys,0.9446844,0.018641967,*
p.Val1531Asp,0.8932231,0.02267593,*
p.Val1531Glu,0.85751516,0.020383,*
p.Val1531Phe,0.84349835,0.034081627,*
p.Val1531Gly,0.92437255,0.014660246,*
p.Val1531His,0.88663566,0.020022297,*
p.Val1531Ile,0.9694969,0.01950089,*
p.Val1531Lys,0.81803787,0.013846816,*
p.Val1531Leu,0.95339,0.020939702,*
p.Val1531Met,0.96420586,0.023083314,*
p.Val1531Asn,0.91399413,0.02279827,*
p.Val1531Pro,0.96081513,0.02971834,*
p.Val1531Gln,0.90723914,0.025446488,*
p.Val1531Arg,0.8682639,0.019286225,*
p.Val1531Ser,0.9051048,0.016454006,*
p.Val1531Thr,0.96874493,0.010316616,*
p.Val1531Trp,0.82220733,0.029872896,*
p.Val1531Tyr,0.8651924,0.021326728,*
p.Val1725Ala,0.99937373,0.021432241,*
p.Val1725Cys,0.92340726,0.015429405,*
p.Val1725Asp,0.7642803,0.02353011,*
p.Val1725Glu,0.8103655,0.030325677,*
p.Val1725Phe,0.8814327,0.01875416,*
p.Val1725Gly,0.85421836,0.020020874,*
p.Val1725His,0.8081061,0.02369356,*
p.Val1725Ile,1.00676,0.015204603,*
p.Val1725Lys,0.76247376,0.032179493,*
p.Val1725Leu,0.92723715,0.010281101,*
p.Val1725Met,0.8867198,0.021661816,*
p.Val1725Asn,0.87954843,0.013631182,*
p.Val1725Pro,0.8257141,0.030338868,*
p.Val1725Gln,0.7883982,0.033917017,*
p.Val1725Arg,0.76454544,0.03594792,*
p.Val1725Ser,0.93323517,0.01754322,*
p.Val1725Thr,0.9207653,0.012135994,*
p.Val1725Trp,0.73707694,0.02257437,*
p.Val1725Tyr,0.8243386,0.02206362,*
p.Val1768Ala,1.0755686,0.011192084,*
p.Val1768Cys,1.0044405,0.02097791,*
p.Val1768Asp,0.9675126,0.012278512,*
p.Val1768Glu,0.98453456,0.021977007,*
p.Val1768Phe,1.0184325,0.011184494,*
p.Val1768Gly,1.0072927,0.014126652,*
p.Val1768His,0.9706358,0.014293575,*
p.Val1768Ile,1.0414275,0.011758505,*
p.Val1768Lys,0.96838933,0.015476863,*
p.Val1768Leu,1.0111351,0.009831745,*
p.Val1768Met,0.9426712,0.013047186,*
p.Val1768Asn,1.0192391,0.018521888,*
p.Val1768Pro,1.0166645,0.014942041,*
p.Val1768Gln,0.97024804,0.023593206,*
p.Val1768Arg,0.96740043,0.023328684,*
p.Val1768Ser,1.0552466,0.016177185,*
p.Val1768Thr,0.99965936,0.022318609,*
p.Val1768Trp,0.98939544,0.013549569,*
p.Val1768Tyr,1.0028422,0.0055629066,*
p.Val1790Ala,1.033695,0.02048673,*
p.Val1790Cys,0.92272395,0.020201582,*
p.Val1790Asp,0.93728256,0.018556982,*
p.Val1790Glu,0.9150508,0.030285021,*
p.Val1790Phe,0.93016803,0.014812881,*
p.Val1790Gly,0.97821873,0.013937306,*
p.Val1790His,0.93149006,0.018726965,*
p.Val1790Ile,0.99253875,0.023864798,*
p.Val1790Lys,0.8986665,0.01928311,*
p.Val1790Leu,0.96783507,0.01726647,*
p.Val1790Met,0.9819902,0.016228326,*
p.Val1790Asn,0.8892587,0.020494346,*
p.Val1790Pro,1.0157111,0.014728386,*
p.Val1790Gln,1.0227337,0.023809018,*
p.Val1790Arg,0.9191297,0.021958545,*
p.Val1790Ser,0.92705977,0.018989988,*
p.Val1790Thr,0.9564441,0.013812323,*
p.Val1790Trp,0.93514025,0.013995679,*
p.Val1790Tyr,0.9617637,0.022800867,*
p.Val1800Ala,1.0358801,0.018753197,*
p.Val1800Cys,0.98143435,0.021183772,*
p.Val1800Asp,0.9034195,0.024038743,*
p.Val1800Glu,0.9714874,0.02836178,*
p.Val1800Phe,0.9442953,0.016336355,*
p.Val1800Gly,0.9331093,0.015928289,*
p.Val1800His,0.8577801,0.021197835,*
p.Val1800Lys,0.87508106,0.031823162,*
p.Val1800Leu,0.9343709,0.020394241,*
p.Val1800Met,0.96867865,0.012172659,*
p.Val1800Asn,0.9686993,0.022652112,*
p.Val1800Pro,0.88992375,0.020694273,*
p.Val1800Gln,0.92820346,0.017225424,*
p.Val1800Arg,0.9359873,0.02440599,*
p.Val1800Ser,0.9429511,0.023399595,*
p.Val1800Thr,0.99449337,0.014342834,*
p.Val1800Trp,0.9183216,0.01433784,*
p.Val1800Tyr,0.9151867,0.022296472,*
p.Val1547Ala,0.70779383,0.03179854,*
p.Val1547Cys,0.7661597,0.015099821,*
p.Val1547Asp,0.60310256,0.023489676,*
p.Val1547Glu,0.49358097,0.02038505,*
p.Val1547Phe,0.67586106,0.039882597,*
p.Val1547Gly,0.5442064,0.027673772,*
p.Val1547His,0.5392951,0.02004047,*
p.Val1547Ile,0.9252545,0.014787025,*
p.Val1547Lys,0.5156247,0.020582326,*
p.Val1547Leu,0.8177842,0.029300177,*
p.Val1547Met,0.64200765,0.015785787,*
p.Val1547Asn,0.70577615,0.02286664,*
p.Val1547Pro,0.5671647,0.017741755,*
p.Val1547Gln,0.544195,0.025451439,*
p.Val1547Arg,0.4972434,0.016644878,*
p.Val1547Ser,0.6778296,0.018750161,*
p.Val1547Thr,0.76878583,0.020665206,*
p.Val1547Trp,0.523969,0.016635094,*
p.Val1547Tyr,0.6337678,0.019008059,*
p.Val1550Ala,0.93764246,0.016487395,*
p.Val1550Cys,0.8931238,0.010061005,*
p.Val1550Asp,0.7052587,0.01504424,*
p.Val1550Glu,0.65124094,0.030089926,*
p.Val1550Phe,0.7547284,0.027988002,*
p.Val1550Gly,0.6526805,0.02199284,*
p.Val1550His,0.6590387,0.023344068,*
p.Val1550Ile,1.013705,0.015450845,*
p.Val1550Lys,0.62241143,0.025627624,*
p.Val1550Leu,0.91720945,0.027231349,*
p.Val1550Met,0.8245982,0.021408789,*
p.Val1550Asn,0.7843955,0.017995022,*
p.Val1550Pro,0.7295839,0.022466362,*
p.Val1550Gln,0.7344636,0.022560675,*
p.Val1550Arg,0.6285237,0.019536326,*
p.Val1550Ser,0.867288,0.019232752,*
p.Val1550Thr,0.9289581,0.013640827,*
p.Val1550Trp,0.6544394,0.011444732,*
p.Val1550Tyr,0.729573,0.020001428,*
p.Val1592Ala,0.94732684,0.015070238,*
p.Val1592Cys,0.8869524,0.016813563,*
p.Val1592Asp,0.90870684,0.02187339,*
p.Val1592Glu,0.8525518,0.024769811,*
p.Val1592Phe,0.85139513,0.02068179,*
p.Val1592Gly,0.83985806,0.021555636,*
p.Val1592His,0.8859371,0.017583873,*
p.Val1592Ile,0.9717553,0.022912249,*
p.Val1592Lys,0.83961934,0.018061915,*
p.Val1592Leu,0.9042837,0.017260445,*
p.Val1592Met,0.9119627,0.025424886,*
p.Val1592Asn,0.91125363,0.030614603,*
p.Val1592Pro,0.8846178,0.019463187,*
p.Val1592Gln,0.954233,0.022587504,*
p.Val1592Arg,0.9185516,0.019462883,*
p.Val1592Ser,0.91430724,0.018337565,*
p.Val1592Thr,0.91662216,0.016060567,*
p.Val1592Trp,0.85551393,0.014197291,*
p.Val1592Tyr,0.89898837,0.017241493,*
p.Val1599Ala,1.0176705,0.019467434,*
p.Val1599Cys,0.9722349,0.027335024,*
p.Val1599Asp,0.94655865,0.013735259,*
p.Val1599Glu,0.8566264,0.0171003,*
p.Val1599Phe,0.9364561,0.023309236,*
p.Val1599Gly,0.90973485,0.011416373,*
p.Val1599His,0.93737143,0.022446126,*
p.Val1599Ile,1.0118917,0.02289118,*
p.Val1599Lys,0.8908266,0.031790614,*
p.Val1599Leu,0.9873558,0.01697804,*
p.Val1599Met,1.0103905,0.026080107,*
p.Val1599Asn,0.94108456,0.01711002,*
p.Val1599Pro,0.9585611,0.015090319,*
p.Val1599Gln,0.9459386,0.021159058,*
p.Val1599Arg,0.8883063,0.020266563,*
p.Val1599Ser,0.9688592,0.01635212,*
p.Val1599Thr,0.9329222,0.020841746,*
p.Val1599Trp,0.890031,0.015800202,*
p.Val1599Tyr,0.94877815,0.02446395,*
p.Trp1740Ala,0.8381503,0.02193696,*
p.Trp1740Cys,0.84602964,0.025074508,*
p.Trp1740Asp,0.7008558,0.015128632,*
p.Trp1740Glu,0.7609846,0.028036352,*
p.Trp1740Phe,0.7406849,0.022634067,*
p.Trp1740Gly,0.77434605,0.0133570675,*
p.Trp1740His,0.77398586,0.017341007,*
p.Trp1740Ile,0.8128766,0.015310084,*
p.Trp1740Lys,0.66816103,0.014646696,*
p.Trp1740Leu,0.73146677,0.02015694,*
p.Trp1740Met,0.8455202,0.02599105,*
p.Trp1740Asn,0.79075027,0.030050924,*
p.Trp1740Pro,0.7177149,0.026454851,*
p.Trp1740Gln,0.767845,0.028059436,*
p.Trp1740Arg,0.68206066,0.027722545,*
p.Trp1740Ser,0.7816705,0.016385766,*
p.Trp1740Thr,0.8040164,0.028812997,*
p.Trp1740Val,0.7750407,0.023650512,*
p.Trp1740Tyr,0.796377,0.0168399,*
p.Trp1610Ala,0.8778864,0.017374322,*
p.Trp1610Cys,0.9030782,0.018064694,*
p.Trp1610Asp,0.7480057,0.019026274,*
p.Trp1610Glu,0.78468245,0.019710818,*
p.Trp1610Phe,0.82132226,0.018048229,*
p.Trp1610Gly,0.8010209,0.020327803,*
p.Trp1610His,0.8471379,0.02004966,*
p.Trp1610Ile,0.8310118,0.020957023,*
p.Trp1610Lys,0.73945653,0.019189179,*
p.Trp1610Leu,0.83860826,0.01077138,*
p.Trp1610Met,0.84484786,0.023219604,*
p.Trp1610Asn,0.8140694,0.016641758,*
p.Trp1610Pro,0.74398124,0.023029612,*
p.Trp1610Gln,0.76875734,0.015319402,*
p.Trp1610Arg,0.7288786,0.019166896,*
p.Trp1610Ser,0.79686195,0.012322645,*
p.Trp1610Thr,0.8475685,0.020201221,*
p.Trp1610Val,0.86485976,0.016275493,*
p.Trp1610Tyr,0.8938295,0.018618092,*
p.Tyr1650Ala,0.75645506,0.012522407,*
p.Tyr1650Cys,0.83457214,0.025902383,*
p.Tyr1650Asp,0.7173034,0.031258956,*
p.Tyr1650Glu,0.72499853,0.021131705,*
p.Tyr1650Phe,0.8416541,0.013881462,*
p.Tyr1650Gly,0.70500463,0.018195303,*
p.Tyr1650His,0.8559613,0.017928012,*
p.Tyr1650Ile,0.83871394,0.018694445,*
p.Tyr1650Lys,0.6855556,0.021540886,*
p.Tyr1650Leu,0.8264162,0.011210836,*
p.Tyr1650Met,0.8592268,0.023030616,*
p.Tyr1650Asn,0.7432485,0.027715797,*
p.Tyr1650Pro,0.6350855,0.016154654,*
p.Tyr1650Gln,0.7303543,0.031340968,*
p.Tyr1650Arg,0.64346373,0.022942556,*
p.Tyr1650Ser,0.7431595,0.022403227,*
p.Tyr1650Thr,0.7734684,0.016840266,*
p.Tyr1650Val,0.84691346,0.01581783,*
p.Tyr1650Trp,0.8337315,0.03723613,*
p.Tyr1678Ala,0.844015,0.015335904,*
p.Tyr1678Cys,0.83283746,0.021788955,*
p.Tyr1678Asp,0.8527721,0.030315662,*
p.Tyr1678Glu,0.9045307,0.020013984,*
p.Tyr1678Phe,1.0167284,0.030115815,*
p.Tyr1678Gly,0.838898,0.01959138,*
p.Tyr1678His,0.9734272,0.023306537,*
p.Tyr1678Ile,0.9272498,0.016196104,*
p.Tyr1678Lys,0.8489483,0.022256704,*
p.Tyr1678Leu,0.8760522,0.017493108,*
p.Tyr1678Met,0.9298251,0.021399666,*
p.Tyr1678Asn,0.9677167,0.027686069,*
p.Tyr1678Pro,0.7879287,0.016003983,*
p.Tyr1678Gln,0.9691966,0.01862117,*
p.Tyr1678Arg,0.824043,0.020184064,*
p.Tyr1678Ser,0.8810655,0.017656205,*
p.Tyr1678Thr,0.8757559,0.014746512,*
p.Tyr1678Val,0.9184701,0.019259403,*
p.Tyr1678Trp,0.95402706,0.015836854,*
p.Tyr1736Ala,0.9193417,0.023448283,*
p.Tyr1736Cys,0.90122414,0.013732457,*
p.Tyr1736Asp,0.86888915,0.015726352,*
p.Tyr1736Glu,0.9310263,0.0122027,*
p.Tyr1736Phe,0.9614356,0.011775028,*
p.Tyr1736Gly,0.80451024,0.015771467,*
p.Tyr1736His,0.8989376,0.018535301,*
p.Tyr1736Ile,0.9075902,0.015102201,*
p.Tyr1736Lys,0.77020794,0.0146247,*
p.Tyr1736Leu,0.8777429,0.018567756,*
p.Tyr1736Met,0.9322144,0.019137764,*
p.Tyr1736Asn,0.8424319,0.019689089,*
p.Tyr1736Pro,0.8798784,0.01264901,*
p.Tyr1736Gln,0.81473666,0.01927222,*
p.Tyr1736Arg,0.7503432,0.015932536,*
p.Tyr1736Ser,0.8597453,0.014925905,*
p.Tyr1736Thr,0.8775843,0.015081943,*
p.Tyr1736Val,0.89816046,0.025183761,*
p.Tyr1736Trp,0.8593047,0.02307359,*
p.Tyr1760Ala,0.992785,0.019876221,*
p.Tyr1760Cys,0.98033774,0.009952437,*
p.Tyr1760Asp,0.8125016,0.018180514,*
p.Tyr1760Glu,0.9576624,0.01782092,*
p.Tyr1760Phe,0.99435484,0.017645786,*
p.Tyr1760Gly,0.9044608,0.016565954,*
p.Tyr1760His,0.93529165,0.020431342,*
p.Tyr1760Ile,0.92993003,0.014100776,*
p.Tyr1760Lys,0.809378,0.022327937,*
p.Tyr1760Leu,0.9150356,0.013901401,*
p.Tyr1760Met,0.9682314,0.019252505,*
p.Tyr1760Asn,0.8567993,0.016125778,*
p.Tyr1760Pro,0.76556456,0.014950049,*
p.Tyr1760Gln,0.98070353,0.016938245,*
p.Tyr1760Arg,0.86900413,0.015355099,*
p.Tyr1760Ser,0.8978068,0.020933468,*
p.Tyr1760Thr,0.94290316,0.020852132,*
p.Tyr1760Val,0.93502444,0.016804492,*
p.Tyr1760Trp,1.0008813,0.013174268,*
p.Tyr1788Ala,0.942883,0.023695983,*
p.Tyr1788Cys,0.8545879,0.018484484,*
p.Tyr1788Asp,0.893383,0.01685434,*
p.Tyr1788Glu,0.8948375,0.016679183,*
p.Tyr1788Phe,0.9340712,0.027726382,*
p.Tyr1788Gly,0.8756617,0.016751265,*
p.Tyr1788His,0.89647424,0.020817889,*
p.Tyr1788Ile,0.9265164,0.02777771,*
p.Tyr1788Lys,0.7999593,0.020360386,*
p.Tyr1788Leu,0.8924328,0.018132223,*
p.Tyr1788Met,0.91753405,0.029143061,*
p.Tyr1788Asn,0.80053365,0.026953872,*
p.Tyr1788Pro,0.94098586,0.019076057,*
p.Tyr1788Gln,0.8430608,0.021250125,*
p.Tyr1788Arg,0.8986168,0.011924921,*
p.Tyr1788Ser,0.8373206,0.014526233,*
p.Tyr1788Thr,0.87449586,0.017791001,*
p.Tyr1788Val,0.88388175,0.023086108,*
p.Tyr1788Trp,0.92046136,0.013328423,*
p.Tyr1540Ala,0.81169623,0.01715183,*
p.Tyr1540Cys,0.86211145,0.016020928,*
p.Tyr1540Asp,0.7515958,0.019869408,*
p.Tyr1540Glu,0.80899394,0.0141576305,*
p.Tyr1540Phe,0.84653455,0.02154017,*
p.Tyr1540Gly,0.79597014,0.020463184,*
p.Tyr1540His,0.85613155,0.02257755,*
p.Tyr1540Ile,0.86117613,0.013386682,*
p.Tyr1540Lys,0.72136474,0.019731987,*
p.Tyr1540Leu,0.8263572,0.022965167,*
p.Tyr1540Met,0.9095837,0.021916766,*
p.Tyr1540Asn,0.8020132,0.027706165,*
p.Tyr1540Pro,0.7695296,0.019424794,*
p.Tyr1540Gln,0.7864501,0.017989485,*
p.Tyr1540Arg,0.72699296,0.018112712,*
p.Tyr1540Ser,0.8062069,0.023700535,*
p.Tyr1540Thr,0.84201413,0.017959528,*
p.Tyr1540Val,0.8505316,0.021220634,*
p.Tyr1540Trp,0.8710483,0.02161971,*
p.Tyr1549Ala,0.6459057,0.018292677,*
p.Tyr1549Cys,0.6705681,0.012759384,*
p.Tyr1549Asp,0.6277116,0.024516981,*
p.Tyr1549Glu,0.58980864,0.015594599,*
p.Tyr1549Phe,0.8598941,0.017208314,*
p.Tyr1549Gly,0.5936681,0.024155242,*
p.Tyr1549His,0.81618613,0.022625722,*
p.Tyr1549Ile,0.7231111,0.014654167,*
p.Tyr1549Lys,0.5858164,0.025055895,*
p.Tyr1549Leu,0.6971496,0.024131412,*
p.Tyr1549Met,0.6852161,0.018984301,*
p.Tyr1549Asn,0.7264507,0.019053804,*
p.Tyr1549Pro,0.6208131,0.027781079,*
p.Tyr1549Gln,0.6285062,0.021797279,*
p.Tyr1549Arg,0.5053419,0.02719193,*
p.Tyr1549Ser,0.664117,0.02203033,*
p.Tyr1549Thr,0.6644532,0.015165854,*
p.Tyr1549Val,0.66786325,0.015793104,*
p.Tyr1549Trp,0.69246244,0.027201844,*
p.Tyr1569Ala,0.88389987,0.011092031,*
p.Tyr1569Cys,0.8680623,0.01847333,*
p.Tyr1569Asp,0.82647544,0.016487798,*
p.Tyr1569Glu,0.9090031,0.016290404,*
p.Tyr1569Phe,0.89395916,0.01721067,*
p.Tyr1569Gly,0.8361782,0.020469993,*
p.Tyr1569His,0.8771613,0.018870955,*
p.Tyr1569Ile,0.85608166,0.013257065,*
p.Tyr1569Lys,0.7772439,0.01798878,*
p.Tyr1569Leu,0.8936373,0.014064139,*
p.Tyr1569Met,0.88797283,0.018891195,*
p.Tyr1569Asn,0.8338491,0.01628519,*
p.Tyr1569Pro,0.8381198,0.010873701,*
p.Tyr1569Gln,0.86277086,0.020117413,*
p.Tyr1569Arg,0.7872597,0.015798455,*
p.Tyr1569Ser,0.8661281,0.014265215,*
p.Tyr1569Thr,0.8633191,0.010367667,*
p.Tyr1569Val,0.8610302,0.010953787,*
p.Tyr1569Trp,0.8687748,0.024826111,*
p.Tyr1571Ala,0.7031708,0.014149913,*
p.Tyr1571Cys,0.709321,0.021123303,*
p.Tyr1571Asp,0.6227806,0.035697337,*
p.Tyr1571Glu,0.6521492,0.028965518,*
p.Tyr1571Phe,0.75393814,0.026321065,*
p.Tyr1571Gly,0.612868,0.020829637,*
p.Tyr1571His,0.77174926,0.024089387,*
p.Tyr1571Ile,0.69832295,0.027145987,*
p.Tyr1571Lys,0.6120736,0.02880049,*
p.Tyr1571Leu,0.7677022,0.02103045,*
p.Tyr1571Met,0.69525933,0.028812889,*
p.Tyr1571Pro,0.5966208,0.020008232,*
p.Tyr1571Gln,0.6502506,0.027993036,*
p.Tyr1571Arg,0.4961384,0.03519177,*
p.Tyr1571Ser,0.6844762,0.026878403,*
p.Tyr1571Thr,0.7176044,0.022369187,*
p.Tyr1571Val,0.70820314,0.013500736,*
p.Tyr1571Trp,0.7094046,0.024514545,*
p.Tyr1608Ala,0.8074695,0.017473897,*
p.Tyr1608Cys,0.8233736,0.008633597,*
p.Tyr1608Asp,0.729921,0.019638361,*
p.Tyr1608Glu,0.771226,0.024214793,*
p.Tyr1608Phe,0.8411288,0.021677883,*
p.Tyr1608Gly,0.79102385,0.02379109,*
p.Tyr1608His,0.8857926,0.026252098,*
p.Tyr1608Ile,0.82089025,0.020287313,*
p.Tyr1608Lys,0.76470745,0.020178933,*
p.Tyr1608Leu,0.8390981,0.024667475,*
p.Tyr1608Met,0.8582042,0.028903687,*
p.Tyr1608Asn,0.7871314,0.017266426,*
p.Tyr1608Pro,0.7179741,0.015980504,*
p.Tyr1608Gln,0.7486733,0.025973363,*
p.Tyr1608Arg,0.63002074,0.018790934,*
p.Tyr1608Ser,0.7857313,0.018019125,*
p.Tyr1608Thr,0.8221412,0.015706776,*
p.Tyr1608Val,0.83004266,0.014777125,*
p.Tyr1608Trp,0.78196156,0.024468517,*
p.Ala563Cys,0.84986675,0.01961579,*
p.Ala563Asp,0.5361057,0.028610565,*
p.Ala563Glu,0.5083313,0.024513751,*
p.Ala563Phe,0.6204009,0.019036558,*
p.Ala563Gly,0.8189721,0.016657416,*
p.Ala563His,0.5484049,0.014075951,*
p.Ala563Ile,0.656217,0.020485971,*
p.Ala563Lys,0.5171192,0.019871589,*
p.Ala563Leu,0.6540933,0.018546088,*
p.Ala563Met,0.6757371,0.01736107,*
p.Ala563Asn,0.57181346,0.026235113,*
p.Ala563Pro,0.5154449,0.017908406,*
p.Ala563Gln,0.52546775,0.018786186,*
p.Ala563Arg,0.53618324,0.016356198,*
p.Ala563Ser,0.94684803,0.026049383,*
p.Ala563Thr,0.7960168,0.014353075,*
p.Ala563Val,0.7188614,0.026299838,*
p.Ala563Trp,0.608786,0.026350759,*
p.Ala563Tyr,0.6155301,0.017675309,*
p.Ala673Thr,1.0652452,0.012600119,*
p.Ala675Thr,1.0544863,0.01544381,*
p.Ala678Cys,0.9821725,0.013081238,*
p.Ala678Asp,0.8655804,0.020200308,*
p.Ala678Glu,0.9726775,0.022955338,*
p.Ala678Phe,0.9215889,0.015215935,*
p.Ala678Gly,1.0122104,0.016224297,*
p.Ala678His,0.8841952,0.015030915,*
p.Ala678Ile,0.92678195,0.018167144,*
p.Ala678Lys,0.9300189,0.015921425,*
p.Ala678Leu,0.89493716,0.016863948,*
p.Ala678Met,0.893153,0.018073417,*
p.Ala678Asn,0.9418825,0.02423366,*
p.Ala678Pro,1.0461633,0.023512766,*
p.Ala678Gln,0.94445914,0.023642648,*
p.Ala678Arg,0.92137116,0.018169286,*
p.Ala678Ser,1.0627482,0.01731752,*
p.Ala678Thr,1.057391,0.015750844,*
p.Ala678Val,0.9326841,0.018857861,*
p.Ala678Trp,0.8753115,0.016020522,*
p.Ala678Tyr,0.9289878,0.008964463,*
p.Ala736Cys,0.9958507,0.018341478,*
p.Ala736Asp,0.8237936,0.018936103,*
p.Ala736Glu,0.7686839,0.016242366,*
p.Ala736Phe,0.9007282,0.015526238,*
p.Ala736Gly,0.92786247,0.009599159,*
p.Ala736His,0.941146,0.02554385,*
p.Ala736Ile,0.9248192,0.021580389,*
p.Ala736Lys,0.7871796,0.017963069,*
p.Ala736Leu,0.93370533,0.028430892,*
p.Ala736Met,0.9033028,0.013739269,*
p.Ala736Asn,0.9585382,0.02209839,*
p.Ala736Pro,0.73742783,0.015922453,*
p.Ala736Gln,0.8233156,0.0154195,*
p.Ala736Ser,1.0345356,0.02518786,*
p.Ala736Thr,0.9430736,0.015301811,*
p.Ala736Val,0.96350205,0.01915434,*
p.Ala736Trp,0.73247594,0.017217837,*
p.Ala736Tyr,0.85592544,0.023775095,*
p.Ala753Cys,0.977609,0.011312889,*
p.Ala753Asp,0.86283237,0.012343579,*
p.Ala753Glu,0.8658182,0.02033096,*
p.Ala753Phe,0.88109237,0.014260331,*
p.Ala753Gly,0.96293676,0.0138812605,*
p.Ala753His,0.9209858,0.02477969,*
p.Ala753Ile,0.9477787,0.015723782,*
p.Ala753Lys,0.89255464,0.019697191,*
p.Ala753Leu,0.9020489,0.025670432,*
p.Ala753Met,0.93609715,0.018856388,*
p.Ala753Asn,0.87371796,0.02221784,*
p.Ala753Pro,0.8116926,0.023022987,*
p.Ala753Gln,0.83587426,0.019455021,*
p.Ala753Arg,0.88452566,0.013181046,*
p.Ala753Ser,1.0564661,0.017393986,*
p.Ala753Thr,1.0310495,0.021169608,*
p.Ala753Val,0.9760879,0.014143531,*
p.Ala753Trp,0.83537924,0.016649809,*
p.Ala753Tyr,0.90890455,0.018386997,*
p.Ala580Cys,0.9272723,0.0119168945,*
p.Ala580Asp,0.73548204,0.039257623,*
p.Ala580Glu,0.7309986,0.026486805,*
p.Ala580Phe,0.83840096,0.028100215,*
p.Ala580Gly,0.9438571,0.020522635,*
p.Ala580His,0.7299476,0.02401657,*
p.Ala580Ile,0.8050462,0.020334562,*
p.Ala580Lys,0.71504366,0.03528347,*
p.Ala580Leu,0.76503074,0.024896247,*
p.Ala580Met,0.8177453,0.019228855,*
p.Ala580Asn,0.77681506,0.025657982,*
p.Ala580Pro,0.9534477,0.016772557,*
p.Ala580Gln,0.6960944,0.03985726,*
p.Ala580Arg,0.74183404,0.030184729,*
p.Ala580Ser,1.0418787,0.015201792,*
p.Ala580Thr,0.9194711,0.021789527,*
p.Ala580Val,0.83540475,0.026171334,*
p.Ala580Trp,0.7589475,0.02266785,*
p.Ala580Tyr,0.7870666,0.02118706,*
p.Ala555Cys,0.9367461,0.021734986,*
p.Ala555Asp,0.9686654,0.021676922,*
p.Ala555Glu,0.9565619,0.0215246,*
p.Ala555Phe,0.97515124,0.022171179,*
p.Ala555Gly,0.9716691,0.018584797,*
p.Ala555His,0.8939754,0.033002995,*
p.Ala555Ile,0.9239496,0.022606565,*
p.Ala555Lys,0.87318486,0.017395046,*
p.Ala555Leu,0.9026539,0.026525697,*
p.Ala555Met,0.92905873,0.017571699,*
p.Ala555Asn,0.90509284,0.025292544,*
p.Ala555Pro,0.90145653,0.023254298,*
p.Ala555Gln,0.9142768,0.03749098,*
p.Ala555Arg,0.8848894,0.018363781,*
p.Ala555Ser,1.0355656,0.017603941,*
p.Ala555Thr,0.9975214,0.018692391,*
p.Ala555Val,0.99868983,0.018485831,*
p.Ala555Trp,0.9235156,0.025258504,*
p.Ala555Tyr,0.8835047,0.022278812,*
p.Ala583Cys,0.923411,0.01976787,*
p.Ala583Asp,0.7095927,0.028931972,*
p.Ala583Glu,0.67025125,0.02157714,*
p.Ala583Phe,0.7583288,0.023398086,*
p.Ala583Gly,0.90520334,0.0097455485,*
p.Ala583His,0.7465085,0.028239306,*
p.Ala583Ile,0.7460425,0.018874066,*
p.Ala583Lys,0.62425965,0.031143786,*
p.Ala583Leu,0.76589876,0.019642279,*
p.Ala583Met,0.7845477,0.018617053,*
p.Ala583Asn,0.7306193,0.032174688,*
p.Ala583Pro,0.7475942,0.029618233,*
p.Ala583Gln,0.6654283,0.025434982,*
p.Ala583Arg,0.67836404,0.0254913,*
p.Ala583Ser,0.97091866,0.018921485,*
p.Ala583Thr,0.8585914,0.015634743,*
p.Ala583Val,0.84132993,0.015345207,*
p.Ala583Trp,0.71396244,0.026307866,*
p.Ala583Tyr,0.7590178,0.017879948,*
p.Ala607Asp,0.7129788,0.04558687,*
p.Ala607Glu,0.6985854,0.034005776,*
p.Ala607Phe,0.7710578,0.024774496,*
p.Ala607Gly,0.8837184,0.015872803,*
p.Ala607His,0.7311586,0.03200709,*
p.Ala607Ile,0.7637759,0.025094464,*
p.Ala607Lys,0.69629204,0.024806865,*
p.Ala607Leu,0.77152437,0.027034428,*
p.Ala607Met,0.78405464,0.019819304,*
p.Ala607Asn,0.73482955,0.029397858,*
p.Ala607Pro,0.7693627,0.026278779,*
p.Ala607Gln,0.7066952,0.04828218,*
p.Ala607Arg,0.71780705,0.03239036,*
p.Ala607Ser,0.988263,0.018992255,*
p.Ala607Thr,0.89400846,0.025124006,*
p.Ala607Val,0.83331347,0.019639015,*
p.Ala607Trp,0.7242775,0.021348571,*
p.Ala607Tyr,0.8001431,0.014243712,*
p.Ala614Thr,0.9276705,0.019385561,*
p.Ala623Asp,0.68232995,0.032162726,*
p.Ala623Glu,0.67169565,0.03218879,*
p.Ala623Phe,0.7676813,0.015481605,*
p.Ala623Gly,0.879491,0.017796641,*
p.Ala623His,0.7653353,0.03180709,*
p.Ala623Ile,0.75616986,0.016869819,*
p.Ala623Lys,0.6584494,0.02894461,*
p.Ala623Leu,0.78570724,0.022539126,*
p.Ala623Met,0.80783546,0.013611612,*
p.Ala623Asn,0.7492369,0.029444855,*
p.Ala623Pro,0.7543779,0.016786939,*
p.Ala623Gln,0.7699205,0.038900897,*
p.Ala623Arg,0.77367926,0.02834779,*
p.Ala623Ser,0.9528233,0.022067878,*
p.Ala623Thr,0.8684001,0.012642365,*
p.Ala623Val,0.801998,0.018277634,*
p.Ala623Trp,0.7135273,0.015118373,*
p.Ala623Tyr,0.8248469,0.019267479,*
p.Cys696Ala,0.84701425,0.020559404,*
p.Cys696Asp,0.69071347,0.021135204,*
p.Cys696Glu,0.7193096,0.015127848,*
p.Cys696Phe,0.71019524,0.019458964,*
p.Cys696Gly,0.7631282,0.026776243,*
p.Cys696His,0.73077077,0.028205173,*
p.Cys696Ile,0.7169589,0.019662071,*
p.Cys696Lys,0.64517415,0.022436049,*
p.Cys696Leu,0.8283,0.018833932,*
p.Cys696Met,0.7344023,0.014289468,*
p.Cys696Asn,0.79592764,0.019091101,*
p.Cys696Pro,0.75640845,0.01763836,*
p.Cys696Gln,0.74047095,0.018315127,*
p.Cys696Arg,0.6602339,0.02562682,*
p.Cys696Ser,0.9265683,0.015257704,*
p.Cys696Thr,0.89924395,0.015985595,*
p.Cys696Val,0.72677207,0.02702533,*
p.Cys696Trp,0.71744835,0.026585355,*
p.Cys696Tyr,0.7321423,0.015026434,*
p.Cys728Ala,0.9737341,0.01649679,*
p.Cys728Asp,0.80363524,0.033719033,*
p.Cys728Glu,0.88819855,0.036512334,*
p.Cys728Phe,0.8489121,0.022246579,*
p.Cys728Gly,0.8762725,0.020317577,*
p.Cys728His,0.78832877,0.023414409,*
p.Cys728Ile,0.8277958,0.019921169,*
p.Cys728Lys,0.7939726,0.03162016,*
p.Cys728Leu,0.8773325,0.020351084,*
p.Cys728Met,0.83469105,0.021372406,*
p.Cys728Asn,0.90910596,0.011764178,*
p.Cys728Pro,0.82292414,0.019431133,*
p.Cys728Gln,0.8944454,0.035123132,*
p.Cys728Arg,0.7899922,0.025811834,*
p.Cys728Ser,0.9761363,0.017107576,*
p.Cys728Thr,0.9826396,0.015881803,*
p.Cys728Val,0.8325381,0.018724814,*
p.Cys728Trp,0.8003291,0.021706222,*
p.Cys728Tyr,0.80595124,0.025889177,*
p.Cys734Ala,0.9275775,0.01628605,*
p.Cys734Asp,0.87354517,0.023993852,*
p.Cys734Glu,0.7442941,0.015483242,*
p.Cys734Phe,0.7165008,0.021549482,*
p.Cys734Gly,0.78147227,0.023046024,*
p.Cys734His,0.68755573,0.02215476,*
p.Cys734Ile,0.72449166,0.032883395,*
p.Cys734Lys,0.65414816,0.030724678,*
p.Cys734Leu,0.89155257,0.019352384,*
p.Cys734Met,0.73477274,0.021349488,*
p.Cys734Asn,0.8436205,0.025234602,*
p.Cys734Pro,0.7181593,0.020379005,*
p.Cys734Gln,0.77290756,0.021608634,*
p.Cys734Arg,0.6326357,0.020825768,*
p.Cys734Ser,0.94453776,0.022023255,*
p.Cys734Thr,0.9153597,0.01170731,*
p.Cys734Val,0.74930036,0.018174982,*
p.Cys734Trp,0.69607043,0.021011699,*
p.Cys734Tyr,0.7282248,0.01785622,*
p.Cys738Ala,0.96739835,0.02104885,*
p.Cys738Asp,0.8938862,0.020287465,*
p.Cys738Glu,0.7757437,0.027202975,*
p.Cys738Phe,0.7814692,0.0227006,*
p.Cys738Gly,0.8235835,0.025504606,*
p.Cys738His,0.71203184,0.022988945,*
p.Cys738Ile,0.8961736,0.012450851,*
p.Cys738Lys,0.70625865,0.03097594,*
p.Cys738Leu,0.7947598,0.015988158,*
p.Cys738Met,0.8622389,0.016057538,*
p.Cys738Asn,0.902404,0.017218824,*
p.Cys738Pro,0.7914213,0.023845477,*
p.Cys738Gln,0.7810896,0.035698235,*
p.Cys738Arg,0.704014,0.027983397,*
p.Cys738Ser,0.9639659,0.014659997,*
p.Cys738Thr,1.0002738,0.019915532,*
p.Cys738Val,0.867725,0.029496545,*
p.Cys738Trp,0.7607236,0.021428624,*
p.Cys738Tyr,0.7724336,0.017991584,*
p.Cys644Ala,0.9697359,0.01211078,*
p.Cys644Asp,0.75445104,0.030257732,*
p.Cys644Glu,0.82757074,0.02703492,*
p.Cys644Phe,0.89116925,0.0153886955,*
p.Cys644Gly,0.829909,0.013807206,*
p.Cys644His,0.7442372,0.023020782,*
p.Cys644Ile,0.96187705,0.025273891,*
p.Cys644Lys,0.70338047,0.03067141,*
p.Cys644Leu,0.880459,0.018757451,*
p.Cys644Met,0.86844987,0.010948267,*
p.Cys644Asn,0.8389519,0.026235705,*
p.Cys644Pro,0.8573694,0.03229605,*
p.Cys644Gln,0.81937397,0.028303608,*
p.Cys644Arg,0.75419015,0.02362156,*
p.Cys644Ser,0.91603565,0.02482254,*
p.Cys644Thr,0.9373926,0.028556962,*
p.Cys644Val,0.9104479,0.015959729,*
p.Cys644Trp,0.7663094,0.022903176,*
p.Cys644Tyr,0.8457583,0.020927954,*
p.Cys646Ala,0.91758645,0.022716202,*
p.Cys646Asp,0.8524925,0.019308858,*
p.Cys646Glu,0.81658584,0.031756196,*
p.Cys646Phe,0.85724163,0.014428457,*
p.Cys646Gly,0.82012016,0.014811841,*
p.Cys646His,0.7938906,0.026390003,*
p.Cys646Ile,0.847559,0.013152598,*
p.Cys646Lys,0.7064637,0.027712492,*
p.Cys646Leu,0.8852598,0.016150955,*
p.Cys646Met,0.8478325,0.01712781,*
p.Cys646Asn,0.8598887,0.018654834,*
p.Cys646Pro,0.86178005,0.024729107,*
p.Cys646Gln,0.8372981,0.032694496,*
p.Cys646Arg,0.7502966,0.026518865,*
p.Cys646Ser,0.8903265,0.023474189,*
p.Cys646Thr,0.8753606,0.01495899,*
p.Cys646Val,0.867142,0.012293972,*
p.Cys646Trp,0.80173856,0.023140015,*
p.Cys646Tyr,0.83201945,0.01972183,*
p.Asp702Ala,0.88835526,0.012774434,*
p.Asp702Cys,0.83168966,0.02042845,*
p.Asp702Glu,0.8502927,0.017549122,*
p.Asp702Phe,0.71718746,0.015043033,*
p.Asp702Gly,0.79184663,0.022548264,*
p.Asp702His,0.8300673,0.017736483,*
p.Asp702Ile,0.77429914,0.021402918,*
p.Asp702Lys,0.82957995,0.01597133,*
p.Asp702Leu,0.7969131,0.015119601,*
p.Asp702Met,0.7831926,0.014757861,*
p.Asp702Asn,0.899697,0.027499095,*
p.Asp702Pro,0.73497754,0.030015213,*
p.Asp702Gln,0.90621245,0.018366247,*
p.Asp702Ser,0.9525822,0.02260603,*
p.Asp702Thr,0.8859005,0.013555279,*
p.Asp702Val,0.78706336,0.018150052,*
p.Asp702Trp,0.6924298,0.016077062,*
p.Asp702Tyr,0.7440492,0.017316775,*
p.Asp731Ala,0.8770629,0.017216174,*
p.Asp731Cys,0.8092276,0.016657501,*
p.Asp731Glu,0.92157996,0.0126398485,*
p.Asp731Phe,0.72130346,0.023962423,*
p.Asp731Gly,0.84721947,0.018587636,*
p.Asp731His,0.77961195,0.030115753,*
p.Asp731Ile,0.7905251,0.021860637,*
p.Asp731Lys,0.8445755,0.019576663,*
p.Asp731Leu,0.7434384,0.017469287,*
p.Asp731Met,0.7626241,0.016702289,*
p.Asp731Asn,0.8860668,0.027871791,*
p.Asp731Pro,0.81316805,0.013902938,*
p.Asp731Gln,0.9218321,0.017399224,*
p.Asp731Arg,0.84756833,0.010328385,*
p.Asp731Ser,0.8921655,0.016981607,*
p.Asp731Thr,0.81961,0.017050557,*
p.Asp731Val,0.8572458,0.019779075,*
p.Asp731Trp,0.709586,0.015580468,*
p.Asp731Tyr,0.71559656,0.018024076,*
p.Asp616Asn,0.77909243,0.038502466,*
p.Asp559Cys,0.8263127,0.02313862,*
p.Asp559Glu,0.75095856,0.016753718,*
p.Asp559Phe,0.6291015,0.0136581445,*
p.Asp559Gly,0.7390433,0.01636808,*
p.Asp559His,0.72969806,0.020582784,*
p.Asp559Ile,0.6434241,0.010969843,*
p.Asp559Lys,0.6611557,0.018398277,*
p.Asp559Leu,0.6375297,0.018024297,*
p.Asp559Met,0.63918906,0.020766005,*
p.Asp559Asn,0.7090295,0.025194664,*
p.Asp559Pro,0.80902463,0.018212084,*
p.Asp559Gln,0.6957987,0.021352587,*
p.Asp559Arg,0.6735813,0.015044673,*
p.Asp559Ser,0.89711905,0.017948247,*
p.Asp559Thr,0.76903594,0.025305483,*
p.Asp559Val,0.60165846,0.023221528,*
p.Asp559Trp,0.65843314,0.01626326,*
p.Asp559Tyr,0.6832753,0.014379672,*
p.Asp624Tyr,0.7427376,0.026446495,*
p.Asp635Ala,0.99114674,0.0121468585,*
p.Asp635Cys,0.9479779,0.027015718,*
p.Asp635Glu,1.0169966,0.021275934,*
p.Asp635Phe,0.8157862,0.016085112,*
p.Asp635Gly,0.92999,0.011379489,*
p.Asp635His,0.9832659,0.023451455,*
p.Asp635Ile,0.8060092,0.018401714,*
p.Asp635Lys,0.8758049,0.014807461,*
p.Asp635Leu,0.9217614,0.012329207,*
p.Asp635Met,0.8709909,0.013673535,*
p.Asp635Asn,0.9168874,0.028114354,*
p.Asp635Pro,0.7806688,0.023764947,*
p.Asp635Gln,0.94410646,0.019388871,*
p.Asp635Arg,0.9076994,0.02182033,*
p.Asp635Ser,0.94923383,0.018224,*
p.Asp635Thr,0.92885095,0.025816226,*
p.Asp635Val,0.8290885,0.018709801,*
p.Asp635Trp,0.8570687,0.020932898,*
p.Asp635Tyr,0.91861343,0.02027186,*
p.Asp647Ala,0.9674203,0.015973328,*
p.Asp647Cys,0.97185135,0.02174624,*
p.Asp647Glu,1.0621655,0.019992234,*
p.Asp647Phe,0.7452526,0.019957786,*
p.Asp647Gly,0.8849095,0.013202,*
p.Asp647His,0.9196863,0.036152374,*
p.Asp647Ile,0.8518899,0.016635165,*
p.Asp647Lys,0.91381323,0.015611106,*
p.Asp647Leu,0.9340559,0.014744362,*
p.Asp647Met,0.93599206,0.017487174,*
p.Asp647Asn,1.0041785,0.020359593,*
p.Asp647Pro,0.8985593,0.02271707,*
p.Asp647Gln,0.95825577,0.010066331,*
p.Asp647Arg,0.93293464,0.030818589,*
p.Asp647Ser,0.99529326,0.00871692,*
p.Asp647Thr,0.9846832,0.012711761,*
p.Asp647Val,0.8354413,0.018786266,*
p.Asp647Trp,0.794161,0.023479627,*
p.Asp647Tyr,0.87685156,0.028774861,*
p.Glu656Ala,0.91821635,0.021321742,*
p.Glu656Cys,0.9064724,0.017042277,*
p.Glu656Asp,0.86147565,0.025483271,*
p.Glu656Phe,0.8073166,0.03082596,*
p.Glu656Gly,0.9080232,0.017214837,*
p.Glu656His,0.83119965,0.016110208,*
p.Glu656Ile,0.89204884,0.021910483,*
p.Glu656Lys,0.8823799,0.012514038,*
p.Glu656Leu,0.9105973,0.018451128,*
p.Glu656Met,0.8559545,0.013804851,*
p.Glu656Asn,0.80605745,0.025434956,*
p.Glu656Pro,0.78407496,0.028974814,*
p.Glu656Gln,0.88301915,0.018018313,*
p.Glu656Ser,0.9005871,0.015852222,*
p.Glu656Thr,0.91774386,0.016870106,*
p.Glu656Val,0.8843039,0.020508548,*
p.Glu656Trp,0.87710667,0.013668971,*
p.Glu656Tyr,0.86441404,0.028688578,*
p.Glu700Ala,0.8233043,0.015402681,*
p.Glu700Cys,0.85926116,0.02454437,*
p.Glu700Asp,0.8546837,0.02740835,*
p.Glu700Phe,0.7853225,0.02186265,*
p.Glu700Gly,0.8055703,0.0167433,*
p.Glu700His,0.74592113,0.018093958,*
p.Glu700Ile,0.8376843,0.026335174,*
p.Glu700Lys,0.8009554,0.014988011,*
p.Glu700Leu,0.82112247,0.016068427,*
p.Glu700Met,0.77718484,0.01897729,*
p.Glu700Asn,0.8409773,0.02536155,*
p.Glu700Pro,0.75783813,0.02653847,*
p.Glu700Gln,0.9777851,0.020749202,*
p.Glu700Arg,0.7530107,0.01555683,*
p.Glu700Ser,0.82714814,0.022455273,*
p.Glu700Thr,0.81036437,0.017083663,*
p.Glu700Val,0.83795774,0.01449788,*
p.Glu700Trp,0.73961186,0.022625456,*
p.Glu700Tyr,0.74693525,0.023873257,*
p.Glu715Ala,0.9717633,0.029287715,*
p.Glu715Cys,0.9007226,0.009627254,*
p.Glu715Asp,0.941319,0.01844763,*
p.Glu715Phe,0.8701458,0.016544363,*
p.Glu715Gly,0.9070535,0.013177605,*
p.Glu715His,0.8961874,0.016526435,*
p.Glu715Ile,0.8969778,0.01687553,*
p.Glu715Lys,0.9103568,0.016644366,*
p.Glu715Leu,0.89410985,0.0154170655,*
p.Glu715Met,0.90538085,0.015692728,*
p.Glu715Asn,0.8659462,0.01332206,*
p.Glu715Pro,0.809416,0.02028779,*
p.Glu715Gln,0.9457358,0.023357036,*
p.Glu715Arg,0.8933958,0.011047659,*
p.Glu715Ser,0.9777926,0.022542704,*
p.Glu715Thr,0.94224405,0.015235777,*
p.Glu715Val,0.9551123,0.014973032,*
p.Glu715Trp,0.90000963,0.02475969,*
p.Glu715Tyr,0.83558434,0.020240441,*
p.Glu748Ala,0.9972585,0.025805185,*
p.Glu748Cys,0.9383995,0.022743601,*
p.Glu748Asp,0.97883385,0.019393126,*
p.Glu748Phe,0.88497317,0.018744111,*
p.Glu748Gly,0.87521714,0.01775336,*
p.Glu748His,0.8908165,0.018311648,*
p.Glu748Ile,0.8930076,0.023742767,*
p.Glu748Lys,0.91693956,0.017551253,*
p.Glu748Leu,0.91543037,0.017129436,*
p.Glu748Met,0.8657584,0.024140665,*
p.Glu748Asn,0.8178746,0.022486987,*
p.Glu748Pro,0.81730396,0.018654639,*
p.Glu748Gln,0.9453496,0.025612473,*
p.Glu748Arg,0.8892021,0.01583741,*
p.Glu748Ser,0.913002,0.025164014,*
p.Glu748Thr,0.92717695,0.014349948,*
p.Glu748Val,0.9201555,0.014568643,*
p.Glu748Trp,0.8731605,0.021676356,*
p.Glu748Tyr,0.8193197,0.024272993,*
p.Glu755Ala,0.9944164,0.013079605,*
p.Glu755Cys,0.97847974,0.017801706,*
p.Glu755Asp,0.9262018,0.028575532,*
p.Glu755Phe,0.91357964,0.0126589,*
p.Glu755Gly,0.95049846,0.012445351,*
p.Glu755His,0.9120142,0.020107865,*
p.Glu755Ile,0.8954263,0.010465817,*
p.Glu755Lys,0.91755706,0.017424528,*
p.Glu755Leu,0.9389375,0.016591055,*
p.Glu755Met,0.89005345,0.016123284,*
p.Glu755Asn,0.8974331,0.028716384,*
p.Glu755Pro,1.0067432,0.012718697,*
p.Glu755Gln,0.8951443,0.03034412,*
p.Glu755Arg,0.93080413,0.013264579,*
p.Glu755Ser,0.99923146,0.0261159,*
p.Glu755Thr,0.9434439,0.018482415,*
p.Glu755Val,0.94891566,0.021724481,*
p.Glu755Trp,0.8657319,0.0087110875,*
p.Glu755Tyr,0.90544665,0.019490622,*
p.Glu588Ala,0.83146656,0.01650937,*
p.Glu588Cys,0.80070317,0.020068329,*
p.Glu588Asp,0.89496005,0.020794492,*
p.Glu588Phe,0.6656109,0.01668061,*
p.Glu588Gly,0.80390376,0.016071072,*
p.Glu588His,0.8042593,0.01642187,*
p.Glu588Ile,0.75153196,0.019609412,*
p.Glu588Lys,0.71949184,0.013172298,*
p.Glu588Leu,0.74511373,0.022216922,*
p.Glu588Met,0.69323385,0.020463292,*
p.Glu588Asn,0.73462284,0.029615512,*
p.Glu588Pro,0.6745335,0.020322215,*
p.Glu588Gln,0.8335636,0.017335318,*
p.Glu588Arg,0.7896967,0.011008952,*
p.Glu588Ser,0.8334254,0.020848414,*
p.Glu588Thr,0.8229826,0.021423653,*
p.Glu588Val,0.82696044,0.018301563,*
p.Glu588Trp,0.6535672,0.024539858,*
p.Glu588Tyr,0.72457814,0.025129745,*
p.Glu558Ala,0.8776368,0.02116643,*
p.Glu558Cys,0.8477381,0.020324433,*
p.Glu558Asp,0.8948709,0.036226638,*
p.Glu558Phe,0.74302405,0.01583972,*
p.Glu558Gly,0.8488374,0.014200741,*
p.Glu558His,0.83321095,0.017254276,*
p.Glu558Ile,0.8501317,0.018715607,*
p.Glu558Lys,0.7819,0.015827725,*
p.Glu558Leu,0.767742,0.017913444,*
p.Glu558Met,0.77243847,0.020488901,*
p.Glu558Asn,0.78725374,0.015958315,*
p.Glu558Pro,0.76763505,0.023625296,*
p.Glu558Gln,0.88587695,0.029660307,*
p.Glu558Arg,0.82392424,0.017981663,*
p.Glu558Ser,0.9225968,0.017876593,*
p.Glu558Thr,0.8393024,0.02081249,*
p.Glu558Val,0.7986274,0.016570669,*
p.Glu558Trp,0.8198425,0.022358947,*
p.Glu558Tyr,0.6883765,0.020468906,*
p.Glu650Ala,0.86182845,0.00873435,*
p.Glu650Cys,0.87145644,0.020631434,*
p.Glu650Asp,0.88747644,0.016996741,*
p.Glu650Phe,0.7456887,0.02262968,*
p.Glu650Gly,0.84654063,0.023433445,*
p.Glu650His,0.9141663,0.01591439,*
p.Glu650Ile,0.8281894,0.025067007,*
p.Glu650Lys,0.8368887,0.03194732,*
p.Glu650Leu,0.86383855,0.017379306,*
p.Glu650Met,0.8244263,0.025413455,*
p.Glu650Asn,0.7806648,0.03909875,*
p.Glu650Pro,0.88497066,0.024702128,*
p.Glu650Gln,0.86565816,0.02566072,*
p.Glu650Arg,0.8168219,0.016137011,*
p.Glu650Ser,0.87939537,0.02230914,*
p.Glu650Thr,0.8286791,0.015734788,*
p.Glu650Val,0.850119,0.025665984,*
p.Glu650Trp,0.8169657,0.018010503,*
p.Glu650Tyr,0.7569181,0.015547724,*
p.Glu652Ala,0.8181609,0.012362452,*
p.Glu652Cys,0.80004585,0.01578688,*
p.Glu652Asp,0.8213113,0.020767992,*
p.Glu652Phe,0.7320709,0.023807717,*
p.Glu652Gly,0.8358372,0.027098712,*
p.Glu652His,0.7483627,0.015663614,*
p.Glu652Ile,0.7621918,0.019512404,*
p.Glu652Lys,0.77896374,0.02342222,*
p.Glu652Leu,0.80332005,0.019282276,*
p.Glu652Met,0.72880906,0.028414395,*
p.Glu652Asn,0.7550434,0.024791112,*
p.Glu652Pro,0.7537114,0.02354958,*
p.Glu652Gln,0.75896746,0.017897269,*
p.Glu652Arg,0.74728763,0.025412666,*
p.Glu652Ser,0.83974475,0.021385625,*
p.Glu652Thr,0.86820316,0.021691645,*
p.Glu652Val,0.7697536,0.021419028,*
p.Glu652Trp,0.75502384,0.02061789,*
p.Glu652Tyr,0.7381739,0.023456268,*
p.Phe690Ala,0.7137553,0.021909667,*
p.Phe690Cys,0.68706596,0.0265311,*
p.Phe690Asp,0.6028205,0.033844993,*
p.Phe690Glu,0.6692766,0.027482621,*
p.Phe690Gly,0.61861765,0.023921436,*
p.Phe690His,0.63500094,0.021594487,*
p.Phe690Ile,0.7295453,0.023383198,*
p.Phe690Lys,0.63916045,0.031215182,*
p.Phe690Leu,0.7541358,0.019319626,*
p.Phe690Met,0.77087003,0.024421368,*
p.Phe690Asn,0.6166044,0.026859052,*
p.Phe690Pro,0.6745836,0.026558815,*
p.Phe690Arg,0.6087727,0.017399592,*
p.Phe690Ser,0.66599435,0.02251304,*
p.Phe690Thr,0.72472346,0.030523231,*
p.Phe690Val,0.6624986,0.015308662,*
p.Phe690Trp,0.78045636,0.02812651,*
p.Phe690Tyr,0.7596598,0.017531928,*
p.Phe724Ala,0.7450405,0.016136942,*
p.Phe724Cys,0.85405284,0.023550373,*
p.Phe724Asp,0.75423276,0.019096771,*
p.Phe724Glu,0.7012085,0.020048842,*
p.Phe724Gly,0.7312953,0.023594512,*
p.Phe724His,0.8699131,0.011144034,*
p.Phe724Ile,0.8476283,0.020519404,*
p.Phe724Lys,0.7682518,0.025258787,*
p.Phe724Leu,0.8865344,0.019564133,*
p.Phe724Met,0.8322005,0.03191302,*
p.Phe724Asn,0.77382183,0.013917502,*
p.Phe724Pro,0.73086405,0.028642552,*
p.Phe724Gln,0.8011856,0.018946772,*
p.Phe724Arg,0.7211711,0.014378929,*
p.Phe724Ser,0.7631146,0.023519354,*
p.Phe724Thr,0.8785135,0.011630678,*
p.Phe724Val,0.7914119,0.020911466,*
p.Phe724Trp,0.79631245,0.021519946,*
p.Phe724Tyr,0.96005535,0.024111865,*
p.Phe757Ala,0.85253555,0.01416245,*
p.Phe757Cys,0.8826173,0.015659317,*
p.Phe757Asp,0.7970945,0.017023243,*
p.Phe757Glu,0.8384822,0.014312303,*
p.Phe757Gly,0.8400849,0.014415162,*
p.Phe757His,0.89010715,0.023369493,*
p.Phe757Ile,0.85124075,0.021088906,*
p.Phe757Lys,0.79822266,0.017777361,*
p.Phe757Leu,0.8590579,0.023536684,*
p.Phe757Met,0.86716807,0.012352085,*
p.Phe757Asn,0.8264184,0.014934235,*
p.Phe757Pro,0.8091961,0.013824203,*
p.Phe757Gln,0.80970204,0.018651014,*
p.Phe757Arg,0.76532584,0.009001034,*
p.Phe757Ser,0.8358575,0.012067875,*
p.Phe757Thr,0.82068855,0.008329766,*
p.Phe757Val,0.8575144,0.013546003,*
p.Phe757Trp,0.8680521,0.0199472,*
p.Phe757Tyr,0.9933928,0.017055668,*
p.Phe640Ala,0.79304826,0.013557057,*
p.Phe640Cys,0.9233488,0.018913198,*
p.Phe640Asp,0.6669205,0.03615034,*
p.Phe640Glu,0.67155397,0.01816514,*
p.Phe640Gly,0.7271642,0.020491984,*
p.Phe640His,0.8588888,0.018259093,*
p.Phe640Ile,0.91098994,0.018782703,*
p.Phe640Leu,0.80021894,0.02002516,*
p.Phe640Met,0.8888763,0.020367293,*
p.Phe640Asn,0.6867563,0.020437658,*
p.Phe640Pro,0.7050378,0.02183225,*
p.Phe640Gln,0.691182,0.029408136,*
p.Phe640Arg,0.6536412,0.013478173,*
p.Phe640Ser,0.7216079,0.018893996,*
p.Phe640Thr,0.81296647,0.017206896,*
p.Phe640Val,0.80985516,0.013165277,*
p.Phe640Trp,0.80166626,0.018972645,*
p.Phe640Tyr,0.9004222,0.013650382,*
p.Gly654Ala,0.98384035,0.016788928,*
p.Gly654Cys,0.84545946,0.015077321,*
p.Gly654Asp,0.9189313,0.011898084,*
p.Gly654Glu,0.89503145,0.021190695,*
p.Gly654Phe,0.88178664,0.028111394,*
p.Gly654His,0.9085153,0.012010459,*
p.Gly654Ile,0.82671565,0.03345475,*
p.Gly654Lys,0.91177446,0.027365416,*
p.Gly654Leu,0.8872614,0.020465959,*
p.Gly654Met,0.93119794,0.020981595,*
p.Gly654Asn,0.8981234,0.014713493,*
p.Gly654Pro,0.8739104,0.032553107,*
p.Gly654Gln,0.93287355,0.020084254,*
p.Gly654Arg,0.9525544,0.021876473,*
p.Gly654Ser,0.937901,0.02073138,*
p.Gly654Thr,0.9125385,0.026183901,*
p.Gly654Val,0.8788992,0.019779235,*
p.Gly654Trp,0.86135626,0.020974634,*
p.Gly654Tyr,0.88500035,0.024931842,*
p.Gly661Ala,1.0720392,0.01582147,*
p.Gly661Cys,0.9704336,0.012740348,*
p.Gly661Asp,0.94716626,0.015346647,*
p.Gly661Glu,1.026206,0.024479378,*
p.Gly661Phe,0.9816431,0.020498475,*
p.Gly661His,0.9790455,0.013614308,*
p.Gly661Ile,0.9615,0.01775933,*
p.Gly661Lys,1.0038909,0.023830663,*
p.Gly661Leu,0.9665426,0.015755488,*
p.Gly661Met,0.9773658,0.019640805,*
p.Gly661Asn,1.0025406,0.018413745,*
p.Gly661Pro,0.9369882,0.011410514,*
p.Gly661Gln,1.0098113,0.021065107,*
p.Gly661Arg,0.993713,0.020702986,*
p.Gly661Ser,1.0213532,0.01144451,*
p.Gly661Thr,1.0241811,0.019090658,*
p.Gly661Val,0.97088253,0.009077029,*
p.Gly661Trp,0.96570426,0.011150983,*
p.Gly661Tyr,1.0405128,0.016330102,*
p.Gly668Ala,0.9419702,0.01572465,*
p.Gly668Cys,0.8901329,0.013290532,*
p.Gly668Asp,0.9269144,0.017540915,*
p.Gly668Glu,0.95236194,0.022488749,*
p.Gly668Phe,0.9041357,0.023176555,*
p.Gly668His,0.93492764,0.019321049,*
p.Gly668Ile,0.90430117,0.02217515,*
p.Gly668Lys,0.9313612,0.01814235,*
p.Gly668Leu,0.8959958,0.014236449,*
p.Gly668Met,0.8956671,0.018255945,*
p.Gly668Asn,0.96696377,0.022297202,*
p.Gly668Pro,0.9500306,0.021262685,*
p.Gly668Gln,0.9181717,0.015984843,*
p.Gly668Arg,0.93612844,0.0205395,*
p.Gly668Ser,0.9823354,0.017663639,*
p.Gly668Thr,0.98431474,0.015478884,*
p.Gly668Val,0.88550377,0.0190673,*
p.Gly668Trp,0.92865527,0.017086975,*
p.Gly668Tyr,0.9534027,0.02025214,*
p.Gly671Ala,1.0195767,0.01866389,*
p.Gly671Cys,0.9428086,0.011752585,*
p.Gly671Asp,0.9528302,0.015648304,*
p.Gly671Phe,0.9542858,0.015157526,*
p.Gly671His,0.9347545,0.011600066,*
p.Gly671Ile,0.94267195,0.017101908,*
p.Gly671Lys,0.9508688,0.017845377,*
p.Gly671Leu,0.9671084,0.016566897,*
p.Gly671Met,0.94563544,0.010700221,*
p.Gly671Asn,0.9862827,0.019336969,*
p.Gly671Pro,1.0090802,0.019038998,*
p.Gly671Gln,0.94626987,0.019897733,*
p.Gly671Arg,0.9223238,0.020519985,*
p.Gly671Ser,1.0075288,0.014689765,*
p.Gly671Val,0.9445984,0.016475275,*
p.Gly671Trp,0.9573895,0.01661776,*
p.Gly671Tyr,0.98083943,0.018550804,*
p.Gly682Ala,0.95067185,0.020416634,*
p.Gly682Cys,0.77787364,0.015374569,*
p.Gly682Asp,0.74802005,0.02020854,*
p.Gly682Glu,0.79269934,0.022476627,*
p.Gly682Phe,0.76327425,0.01904471,*
p.Gly682His,0.7744926,0.016085982,*
p.Gly682Ile,0.7295407,0.021527587,*
p.Gly682Lys,0.7001798,0.011402168,*
p.Gly682Leu,0.76856554,0.020036204,*
p.Gly682Met,0.76836336,0.021640364,*
p.Gly682Asn,0.8138875,0.018551074,*
p.Gly682Pro,0.77041674,0.010239927,*
p.Gly682Gln,0.7803369,0.016791767,*
p.Gly682Arg,0.76819015,0.0166958,*
p.Gly682Ser,0.797264,0.016738506,*
p.Gly682Thr,0.83184445,0.016956812,*
p.Gly682Val,0.7087,0.013997178,*
p.Gly682Trp,0.74084246,0.018836329,*
p.Gly682Tyr,0.78545105,0.015321846,*
p.Gly566Cys,0.6072539,0.016689263,*
p.Gly566Asp,0.67615354,0.019987678,*
p.Gly566Glu,0.68165296,0.014043345,*
p.Gly566Phe,0.6606765,0.014768785,*
p.Gly566His,0.7136004,0.022744186,*
p.Gly566Ile,0.59913313,0.019774739,*
p.Gly566Lys,0.61507404,0.01705254,*
p.Gly566Leu,0.6950932,0.021684542,*
p.Gly566Met,0.70280206,0.022268841,*
p.Gly566Asn,0.67086375,0.014598758,*
p.Gly566Pro,0.56935734,0.013552283,*
p.Gly566Gln,0.7002355,0.020270323,*
p.Gly566Arg,0.6538289,0.014499073,*
p.Gly566Ser,0.6866108,0.019296594,*
p.Gly566Thr,0.6731299,0.017885854,*
p.Gly566Val,0.6179738,0.017281538,*
p.Gly566Trp,0.6655099,0.019218132,*
p.Gly566Tyr,0.6533762,0.01026628,*
p.Gly711Ala,0.98628235,0.019321078,*
p.Gly711Cys,0.8328765,0.018786985,*
p.Gly711Asp,0.98260176,0.015194377,*
p.Gly711Glu,0.9226424,0.02195507,*
p.Gly711Phe,0.9027834,0.01715406,*
p.Gly711His,0.9652311,0.016931228,*
p.Gly711Ile,0.7671584,0.021625858,*
p.Gly711Lys,0.8780115,0.013123529,*
p.Gly711Leu,0.8766508,0.01004689,*
p.Gly711Met,0.86196345,0.015989872,*
p.Gly711Asn,0.9051237,0.018887488,*
p.Gly711Pro,0.7678085,0.012027314,*
p.Gly711Gln,0.9896614,0.010907416,*
p.Gly711Arg,0.9482908,0.02170798,*
p.Gly711Ser,0.92600334,0.021493655,*
p.Gly711Thr,0.9619297,0.022885954,*
p.Gly711Val,0.79131496,0.014404265,*
p.Gly711Trp,0.8870169,0.015700791,*
p.Gly711Tyr,0.904247,0.01856975,*
p.Gly743Ala,1.0503951,0.016699295,*
p.Gly743Cys,0.9311706,0.015100508,*
p.Gly743Asp,1.0090314,0.015719235,*
p.Gly743Glu,0.9284145,0.021933967,*
p.Gly743Phe,0.96025735,0.016366268,*
p.Gly743His,0.97492516,0.015773477,*
p.Gly743Ile,0.9385823,0.009338498,*
p.Gly743Lys,0.9251801,0.014201501,*
p.Gly743Leu,0.97958577,0.012546789,*
p.Gly743Met,0.99611855,0.017914986,*
p.Gly743Asn,1.009666,0.021922966,*
p.Gly743Pro,0.8479026,0.014816212,*
p.Gly743Gln,1.0129049,0.013878879,*
p.Gly743Arg,0.9372765,0.0187666,*
p.Gly743Ser,0.9714076,0.020653134,*
p.Gly743Thr,1.0147799,0.012181298,*
p.Gly743Val,0.99421436,0.01439031,*
p.Gly743Trp,0.95338565,0.014079728,*
p.Gly743Tyr,0.96432513,0.01222677,*
p.Gly752Ala,1.02313,0.012939142,*
p.Gly752Cys,0.8990655,0.012990513,*
p.Gly752Asp,0.9978015,0.01191917,*
p.Gly752Glu,0.9551943,0.021236205,*
p.Gly752Phe,0.88622123,0.021343384,*
p.Gly752His,1.0508121,0.016901806,*
p.Gly752Ile,0.8844765,0.014843167,*
p.Gly752Lys,0.93055934,0.010872732,*
p.Gly752Leu,0.94178706,0.014599405,*
p.Gly752Met,0.95177805,0.008074514,*
p.Gly752Asn,0.9902445,0.01678065,*
p.Gly752Pro,0.8711343,0.015258174,*
p.Gly752Gln,1.016601,0.014145603,*
p.Gly752Ser,0.9786089,0.015222288,*
p.Gly752Thr,0.94066286,0.009143003,*
p.Gly752Val,0.9382517,0.017137766,*
p.Gly752Trp,0.8894475,0.011809349,*
p.Gly752Tyr,0.94509494,0.015000088,*
p.Gly756Ala,0.9735487,0.011857984,*
p.Gly756Cys,0.87130034,0.016041756,*
p.Gly756Asp,0.9726883,0.009575824,*
p.Gly756Glu,0.88864166,0.024055155,*
p.Gly756Phe,0.8454561,0.014445847,*
p.Gly756His,0.9920696,0.02425451,*
p.Gly756Ile,0.83756036,0.014488223,*
p.Gly756Lys,0.86914015,0.015615786,*
p.Gly756Leu,0.8804761,0.008274018,*
p.Gly756Met,0.9352747,0.014531991,*
p.Gly756Asn,0.9035775,0.016884444,*
p.Gly756Pro,0.9326299,0.010170965,*
p.Gly756Gln,0.99241865,0.016405374,*
p.Gly756Arg,0.96623194,0.013032784,*
p.Gly756Ser,0.90053546,0.014694108,*
p.Gly756Thr,0.95581514,0.016621467,*
p.Gly756Val,0.88017464,0.01713256,*
p.Gly756Trp,0.86315185,0.01867697,*
p.Gly756Tyr,0.8875311,0.014458542,*
p.Gly630Ala,0.80237615,0.021780802,*
p.Gly630Cys,0.7424573,0.014105272,*
p.Gly630Asp,0.7762195,0.020428315,*
p.Gly630Glu,0.7436918,0.020914076,*
p.Gly630Phe,0.74965894,0.012252178,*
p.Gly630His,0.81843966,0.02786591,*
p.Gly630Ile,0.69545037,0.023519421,*
p.Gly630Lys,0.7235155,0.018815095,*
p.Gly630Leu,0.7971725,0.021368101,*
p.Gly630Met,0.7967945,0.015692592,*
p.Gly630Asn,0.7843896,0.016175615,*
p.Gly630Pro,0.69168764,0.019268494,*
p.Gly630Gln,0.7654455,0.01973708,*
p.Gly630Arg,0.7528901,0.014292366,*
p.Gly630Ser,0.7694477,0.01684382,*
p.Gly630Thr,0.7782449,0.021870406,*
p.Gly630Val,0.72337013,0.013268432,*
p.Gly630Trp,0.72202206,0.016737517,*
p.Gly630Tyr,0.80321646,0.017664494,*
p.Gly636Ala,0.975807,0.018376466,*
p.Gly636Cys,0.86694986,0.024322668,*
p.Gly636Asp,0.98956394,0.016819738,*
p.Gly636Glu,0.88303804,0.01813105,*
p.Gly636Phe,0.84252155,0.014415182,*
p.Gly636His,1.0188576,0.02061922,*
p.Gly636Ile,0.81697845,0.016094895,*
p.Gly636Lys,0.8364523,0.016489856,*
p.Gly636Leu,0.89044553,0.014683156,*
p.Gly636Met,0.9714142,0.020268762,*
p.Gly636Asn,0.86863106,0.017327901,*
p.Gly636Pro,0.94155425,0.010180741,*
p.Gly636Gln,0.9687389,0.02077796,*
p.Gly636Arg,0.8793837,0.011370558,*
p.Gly636Ser,0.8895499,0.017545708,*
p.Gly636Thr,0.9588677,0.013225333,*
p.Gly636Val,0.82896054,0.024002522,*
p.Gly636Trp,0.87574375,0.01081504,*
p.Gly636Tyr,0.8800538,0.024043288,*
p.His582Ala,0.9381347,0.016362946,*
p.His582Cys,0.8774332,0.01949125,*
p.His582Asp,0.81618345,0.018406702,*
p.His582Glu,0.9324794,0.016682561,*
p.His582Phe,0.8957691,0.01242332,*
p.His582Gly,0.89582956,0.0122723915,*
p.His582Ile,0.7872642,0.027099371,*
p.His582Lys,0.81357783,0.0103142755,*
p.His582Leu,0.7880057,0.018850604,*
p.His582Met,0.9173309,0.008258967,*
p.His582Asn,0.88646984,0.022780333,*
p.His582Pro,0.7264332,0.024623116,*
p.His582Gln,0.88323724,0.016984852,*
p.His582Arg,0.73890084,0.019044688,*
p.His582Ser,0.9450405,0.027183648,*
p.His582Thr,0.9175528,0.013821394,*
p.His582Val,0.8309903,0.018909981,*
p.His582Trp,0.75754607,0.013454867,*
p.His582Tyr,0.8016055,0.019196475,*
p.His593Ala,0.8211891,0.022680353,*
p.His593Cys,0.7510899,0.016417947,*
p.His593Asp,0.7657928,0.02734625,*
p.His593Glu,0.8328148,0.01827461,*
p.His593Phe,0.72783226,0.028596101,*
p.His593Gly,0.77174276,0.021493034,*
p.His593Ile,0.85947704,0.023869026,*
p.His593Lys,0.65269905,0.031705488,*
p.His593Leu,0.77924263,0.024681645,*
p.His593Met,0.7886418,0.026066842,*
p.His593Asn,0.8149117,0.025599599,*
p.His593Pro,0.6016688,0.02031494,*
p.His593Gln,0.8302061,0.027763195,*
p.His593Arg,0.682809,0.026392775,*
p.His593Ser,0.8281802,0.020375514,*
p.His593Thr,0.8645196,0.014779948,*
p.His593Val,0.79081994,0.019905638,*
p.His593Trp,0.7613715,0.028942395,*
p.His593Tyr,0.748725,0.021418635,*
p.His597Ala,0.81604683,0.029447192,*
p.His597Cys,0.7437634,0.02095967,*
p.His597Asp,0.8005473,0.019312771,*
p.His597Glu,0.71797836,0.025675233,*
p.His597Gly,0.7077286,0.02375894,*
p.His597Ile,0.807397,0.024275173,*
p.His597Lys,0.56262445,0.035997055,*
p.His597Leu,0.78524333,0.022232838,*
p.His597Met,0.7679496,0.020601219,*
p.His597Asn,0.8024255,0.02096299,*
p.His597Pro,0.61074144,0.02622645,*
p.His597Gln,0.8357317,0.018565897,*
p.His597Arg,0.6680021,0.025550427,*
p.His597Ser,0.7848147,0.021623606,*
p.His597Thr,0.82151145,0.017120797,*
p.His597Val,0.76645815,0.014991378,*
p.His597Trp,0.70343614,0.015976863,*
p.His597Tyr,0.7015398,0.016241118,*
p.His600Ala,0.93283576,0.015222858,*
p.His600Cys,0.93519133,0.012558451,*
p.His600Asp,0.94905233,0.018556964,*
p.His600Glu,0.97540843,0.021465179,*
p.His600Phe,0.85575837,0.024131145,*
p.His600Gly,0.94508696,0.0069592507,*
p.His600Ile,0.8506028,0.02027622,*
p.His600Leu,0.86371964,0.00911447,*
p.His600Met,0.9252923,0.023468366,*
p.His600Asn,0.96833545,0.021309229,*
p.His600Pro,0.8189298,0.023771817,*
p.His600Gln,0.971321,0.019262798,*
p.His600Arg,0.9065994,0.01738662,*
p.His600Ser,0.94973564,0.01919599,*
p.His600Thr,0.9355917,0.022415202,*
p.His600Val,0.86488473,0.012493786,*
p.His600Trp,0.85848445,0.013977379,*
p.His600Tyr,0.9430135,0.022205377,*
p.His627Ala,0.95098954,0.018635968,*
p.His627Cys,0.85499096,0.014171811,*
p.His627Asp,0.91778135,0.01895926,*
p.His627Glu,0.8521759,0.022017429,*
p.His627Phe,0.7919439,0.021144839,*
p.His627Gly,0.9058002,0.019328473,*
p.His627Ile,0.89253485,0.020884816,*
p.His627Lys,0.82147723,0.02926568,*
p.His627Leu,0.8357259,0.01781482,*
p.His627Met,0.8494751,0.02381372,*
p.His627Asn,0.9005004,0.02428313,*
p.His627Pro,0.7481481,0.018594116,*
p.His627Gln,0.9084549,0.013038567,*
p.His627Arg,0.9281808,0.015401769,*
p.His627Thr,0.9708849,0.010721174,*
p.His627Val,0.8345892,0.012293967,*
p.His627Trp,0.8655977,0.018906208,*
p.His627Tyr,0.85920554,0.019890793,*
p.Ile723Ala,0.849909,0.018273037,*
p.Ile723Cys,0.87550914,0.019551422,*
p.Ile723Asp,0.6492685,0.018018274,*
p.Ile723Glu,0.81427366,0.025137974,*
p.Ile723Gly,0.7041811,0.017832136,*
p.Ile723His,0.8510772,0.025297806,*
p.Ile723Lys,0.83033437,0.019257566,*
p.Ile723Leu,0.94945496,0.012550932,*
p.Ile723Met,0.90472144,0.02458868,*
p.Ile723Asn,0.8024805,0.021631677,*
p.Ile723Pro,0.6954607,0.022090683,*
p.Ile723Gln,0.888467,0.0327213,*
p.Ile723Arg,0.64038664,0.020589573,*
p.Ile723Ser,0.7657951,0.019152263,*
p.Ile723Thr,0.83431613,0.018501777,*
p.Ile723Val,0.95373595,0.01841414,*
p.Ile723Trp,0.7624543,0.022540309,*
p.Ile723Tyr,0.9366409,0.031844925,*
p.Ile570Cys,0.6750609,0.014900202,*
p.Ile570Asp,0.5039116,0.026803141,*
p.Ile570Glu,0.6279746,0.025044955,*
p.Ile570Phe,0.63385546,0.021489678,*
p.Ile570Gly,0.52414656,0.017253308,*
p.Ile570His,0.5061262,0.01919667,*
p.Ile570Lys,0.5088036,0.021728035,*
p.Ile570Leu,0.7615466,0.014537087,*
p.Ile570Met,0.70328933,0.018355109,*
p.Ile570Asn,0.5225359,0.019946655,*
p.Ile570Pro,0.50415146,0.023354243,*
p.Ile570Gln,0.5858348,0.014286651,*
p.Ile570Arg,0.4903089,0.024596626,*
p.Ile570Ser,0.5505011,0.01897177,*
p.Ile570Thr,0.6519048,0.013549433,*
p.Ile570Val,0.75908804,0.021151511,*
p.Ile570Trp,0.5883023,0.015740443,*
p.Ile570Tyr,0.6319829,0.020693863,*
p.Ile594Ala,0.799418,0.017833343,*
p.Ile594Cys,0.7982545,0.012912804,*
p.Ile594Asp,0.6308934,0.012530033,*
p.Ile594Glu,0.64122695,0.024787575,*
p.Ile594Phe,0.73812926,0.032826237,*
p.Ile594Gly,0.5215658,0.019363444,*
p.Ile594His,0.6215775,0.027617091,*
p.Ile594Lys,0.57187474,0.025794614,*
p.Ile594Leu,0.92071116,0.01775477,*
p.Ile594Met,0.85456026,0.021285888,*
p.Ile594Asn,0.70503175,0.025628697,*
p.Ile594Pro,0.5916115,0.026948197,*
p.Ile594Gln,0.644382,0.0178714,*
p.Ile594Arg,0.54799306,0.028071633,*
p.Ile594Ser,0.7583903,0.022395195,*
p.Ile594Thr,0.7227599,0.025164284,*
p.Ile594Val,0.8665984,0.020904323,*
p.Ile594Trp,0.62978494,0.025637716,*
p.Ile594Tyr,0.75036114,0.022756293,*
p.Ile606Ala,0.9488282,0.013241661,*
p.Ile606Cys,0.9650038,0.013990926,*
p.Ile606Asp,0.7887627,0.019652352,*
p.Ile606Glu,0.7662396,0.023027921,*
p.Ile606Phe,0.8018569,0.01740512,*
p.Ile606Gly,0.79784006,0.017404446,*
p.Ile606His,0.80523366,0.020527229,*
p.Ile606Lys,0.8576025,0.015570318,*
p.Ile606Leu,0.96031266,0.026240068,*
p.Ile606Met,0.950161,0.023871716,*
p.Ile606Asn,0.8470343,0.022311632,*
p.Ile606Pro,0.8506106,0.016220292,*
p.Ile606Gln,0.8200669,0.025798338,*
p.Ile606Arg,0.6783319,0.011308967,*
p.Ile606Ser,0.8334039,0.021628844,*
p.Ile606Thr,0.88924044,0.016083853,*
p.Ile606Val,0.9899886,0.024034604,*
p.Ile606Trp,0.78564465,0.027889341,*
p.Ile606Tyr,0.85669327,0.029917277,*
p.Ile610Ala,0.70345414,0.012281505,*
p.Ile610Cys,0.7438095,0.023842786,*
p.Ile610Glu,0.7293732,0.018809361,*
p.Ile610Phe,0.6780589,0.02211688,*
p.Ile610Gly,0.55527365,0.016256806,*
p.Ile610His,0.5906609,0.018499684,*
p.Ile610Lys,0.57371485,0.01411637,*
p.Ile610Leu,0.8462554,0.02445172,*
p.Ile610Met,0.7555415,0.023834959,*
p.Ile610Asn,0.62471634,0.026441228,*
p.Ile610Pro,0.56851006,0.023320826,*
p.Ile610Gln,0.67911893,0.0142273195,*
p.Ile610Arg,0.5218694,0.024393294,*
p.Ile610Ser,0.65056133,0.019197112,*
p.Ile610Thr,0.65263206,0.009220685,*
p.Ile610Val,0.8350109,0.024987876,*
p.Ile610Trp,0.64267284,0.017395861,*
p.Ile610Tyr,0.7274888,0.026131954,*
p.Lys657Ala,0.91625106,0.018307192,*
p.Lys657Cys,0.94265306,0.016712662,*
p.Lys657Asp,0.9079604,0.03055695,*
p.Lys657Glu,0.9670068,0.024651552,*
p.Lys657Phe,0.9107273,0.023627328,*
p.Lys657Gly,0.9110486,0.020995406,*
p.Lys657His,0.91405964,0.020636756,*
p.Lys657Ile,0.86628497,0.027912268,*
p.Lys657Leu,0.9193519,0.014129552,*
p.Lys657Met,0.8996029,0.019302381,*
p.Lys657Asn,0.83338606,0.027151868,*
p.Lys657Pro,0.8276326,0.026199484,*
p.Lys657Gln,0.91322786,0.01052159,*
p.Lys657Arg,0.9442933,0.025586775,*
p.Lys657Ser,0.85841,0.037173852,*
p.Lys657Thr,0.94268906,0.01565874,*
p.Lys657Val,0.8634855,0.027709695,*
p.Lys657Trp,0.88112134,0.028046444,*
p.Lys657Tyr,0.95248985,0.008775808,*
p.Lys658Ala,0.8969766,0.018744225,*
p.Lys658Cys,0.92638093,0.011362369,*
p.Lys658Asp,0.84049624,0.026184933,*
p.Lys658Glu,0.94005233,0.018137868,*
p.Lys658Phe,0.87629956,0.027905108,*
p.Lys658Gly,0.9404546,0.021244051,*
p.Lys658His,0.9156548,0.0143850725,*
p.Lys658Ile,0.84308463,0.031807154,*
p.Lys658Leu,0.89350575,0.014225978,*
p.Lys658Met,0.86796963,0.018066622,*
p.Lys658Asn,0.8083097,0.0151850125,*
p.Lys658Pro,0.78817654,0.03417278,*
p.Lys658Gln,0.9093509,0.013732139,*
p.Lys658Arg,0.9404871,0.0239475,*
p.Lys658Thr,0.9425424,0.019124687,*
p.Lys658Val,0.8593628,0.03362799,*
p.Lys658Trp,0.8373089,0.022332083,*
p.Lys658Tyr,0.93673915,0.012863702,*
p.Lys698Ala,0.9698122,0.016629767,*
p.Lys698Cys,1.003394,0.02018297,*
p.Lys698Asp,0.88670576,0.01679425,*
p.Lys698Glu,0.87869245,0.016083663,*
p.Lys698Phe,0.8934978,0.020591661,*
p.Lys698Gly,0.8889558,0.016808528,*
p.Lys698His,0.8739258,0.04064305,*
p.Lys698Ile,0.86726296,0.024461804,*
p.Lys698Leu,0.92377394,0.029683124,*
p.Lys698Met,0.87211514,0.023431487,*
p.Lys698Asn,0.8509652,0.023307985,*
p.Lys698Pro,0.8132696,0.019599626,*
p.Lys698Arg,0.9067515,0.016798975,*
p.Lys698Ser,0.9564873,0.011376428,*
p.Lys698Thr,0.9524576,0.023469094,*
p.Lys698Val,0.90679055,0.015779471,*
p.Lys698Trp,0.7959777,0.010459902,*
p.Lys698Tyr,0.8815829,0.016443921,*
p.Lys704Ala,0.89208376,0.027370185,*
p.Lys704Cys,0.9156197,0.019891236,*
p.Lys704Asp,0.86559093,0.030014439,*
p.Lys704Glu,0.9271242,0.018344732,*
p.Lys704Phe,0.79759496,0.017854717,*
p.Lys704Gly,0.8566166,0.015839256,*
p.Lys704His,0.8659878,0.021020345,*
p.Lys704Leu,0.8473406,0.01432964,*
p.Lys704Met,0.7819074,0.017459264,*
p.Lys704Asn,0.8093239,0.021404464,*
p.Lys704Pro,0.70929307,0.02728759,*
p.Lys704Gln,0.8840378,0.014979418,*
p.Lys704Arg,0.9424435,0.021375343,*
p.Lys704Ser,0.86955035,0.025428567,*
p.Lys704Thr,0.9457965,0.025694108,*
p.Lys704Val,0.8046093,0.01837211,*
p.Lys704Trp,0.7935595,0.019447062,*
p.Lys704Tyr,0.79198366,0.028637579,*
p.Lys707Ala,0.94982415,0.01892757,*
p.Lys707Cys,0.91672814,0.033169072,*
p.Lys707Asp,0.8590193,0.032064933,*
p.Lys707Glu,0.9520356,0.027220985,*
p.Lys707Phe,0.85148555,0.019171724,*
p.Lys707Gly,0.86546195,0.015523004,*
p.Lys707His,0.851437,0.02350943,*
p.Lys707Ile,0.71853685,0.01868509,*
p.Lys707Leu,0.86795837,0.031030675,*
p.Lys707Met,0.8645178,0.025939096,*
p.Lys707Asn,0.8494417,0.029925471,*
p.Lys707Pro,0.6695059,0.011808889,*
p.Lys707Gln,0.96086246,0.017337583,*
p.Lys707Arg,0.9981478,0.022314744,*
p.Lys707Ser,0.8946392,0.012637268,*
p.Lys707Thr,0.78096837,0.027027246,*
p.Lys707Val,0.76537114,0.012756756,*
p.Lys707Trp,0.8416033,0.025920592,*
p.Lys707Tyr,0.87891614,0.014097397,*
p.Lys720Ala,0.82921046,0.022328794,*
p.Lys720Cys,0.8412132,0.020692887,*
p.Lys720Asp,0.7797805,0.02989514,*
p.Lys720Glu,0.7722477,0.016446711,*
p.Lys720Phe,0.70107365,0.022782123,*
p.Lys720Gly,0.73496145,0.025197051,*
p.Lys720His,0.8193048,0.026383584,*
p.Lys720Ile,0.7528594,0.022072041,*
p.Lys720Leu,0.78632206,0.021313084,*
p.Lys720Met,0.74735355,0.021353642,*
p.Lys720Asn,0.77328336,0.016326027,*
p.Lys720Pro,0.73451835,0.02111429,*
p.Lys720Gln,0.86615115,0.023076214,*
p.Lys720Arg,0.76423097,0.017496258,*
p.Lys720Ser,0.84330195,0.02390333,*
p.Lys720Thr,0.90522826,0.014085089,*
p.Lys720Val,0.79412186,0.024093691,*
p.Lys720Trp,0.7355937,0.01670649,*
p.Lys720Tyr,0.77341354,0.017480578,*
p.Lys745Ala,0.9681916,0.015896657,*
p.Lys745Cys,1.0166954,0.018921278,*
p.Lys745Asp,0.9890993,0.023186421,*
p.Lys745Glu,0.94091225,0.03061808,*
p.Lys745Phe,0.99599934,0.020423267,*
p.Lys745Gly,0.9526082,0.013398877,*
p.Lys745His,0.9764646,0.017420884,*
p.Lys745Ile,0.9132973,0.020374428,*
p.Lys745Leu,0.9290129,0.023469798,*
p.Lys745Met,0.9733278,0.015877124,*
p.Lys745Asn,0.9329693,0.014208481,*
p.Lys745Pro,0.878668,0.017947594,*
p.Lys745Gln,0.9338524,0.020595206,*
p.Lys745Arg,0.98750514,0.011459054,*
p.Lys745Ser,0.9756481,0.02015227,*
p.Lys745Thr,1.0116348,0.017237792,*
p.Lys745Val,0.9588574,0.012271271,*
p.Lys745Trp,0.8863389,0.01748051,*
p.Lys745Tyr,0.9662272,0.015674995,*
p.Lys574Ala,0.88995886,0.016609142,*
p.Lys574Cys,0.8902011,0.024491955,*
p.Lys574Asp,0.80358076,0.034499038,*
p.Lys574Glu,0.86608094,0.01680721,*
p.Lys574Phe,0.77586395,0.03811569,*
p.Lys574Gly,0.75270355,0.019123973,*
p.Lys574His,0.8310927,0.02539626,*
p.Lys574Ile,0.8035839,0.01840868,*
p.Lys574Leu,0.8217901,0.019809974,*
p.Lys574Met,0.82218474,0.023859197,*
p.Lys574Asn,0.78417516,0.019019479,*
p.Lys574Pro,0.68407804,0.021190008,*
p.Lys574Gln,0.91175413,0.018415594,*
p.Lys574Arg,0.74406207,0.019786822,*
p.Lys574Ser,0.83807456,0.022181472,*
p.Lys574Thr,0.92991364,0.015886387,*
p.Lys574Val,0.82028925,0.014295876,*
p.Lys574Trp,0.7252822,0.013411903,*
p.Lys574Tyr,0.7234193,0.023420371,*
p.Lys599Ala,0.9075737,0.016804578,*
p.Lys599Cys,0.94910926,0.023068467,*
p.Lys599Asp,0.9253044,0.02206619,*
p.Lys599Glu,0.9033241,0.019374775,*
p.Lys599Phe,0.886007,0.024576578,*
p.Lys599Gly,0.905324,0.012097952,*
p.Lys599His,0.9809229,0.026290566,*
p.Lys599Ile,0.8725399,0.02715367,*
p.Lys599Leu,0.9654276,0.02110105,*
p.Lys599Met,0.8478466,0.031750508,*
p.Lys599Asn,0.8288418,0.03128486,*
p.Lys599Pro,0.8292805,0.026782501,*
p.Lys599Gln,0.9790869,0.01013894,*
p.Lys599Arg,0.9861547,0.0142485155,*
p.Lys599Ser,0.9655903,0.015408929,*
p.Lys599Thr,0.9587673,0.025841655,*
p.Lys599Val,0.89123076,0.02407675,*
p.Lys599Trp,0.8374214,0.019208483,*
p.Lys599Tyr,0.9516379,0.035684016,*
p.Lys634Ala,0.955263,0.016784513,*
p.Lys634Cys,0.9391939,0.013718504,*
p.Lys634Asp,0.9312423,0.010559033,*
p.Lys634Glu,0.89180404,0.019560056,*
p.Lys634Phe,0.9344905,0.026409606,*
p.Lys634Gly,0.9546504,0.01592427,*
p.Lys634His,0.99694383,0.015691407,*
p.Lys634Ile,0.8500894,0.031801853,*
p.Lys634Leu,0.9119647,0.0170345,*
p.Lys634Met,0.95785254,0.016788183,*
p.Lys634Asn,0.8931228,0.022079905,*
p.Lys634Pro,0.9552566,0.01925487,*
p.Lys634Gln,0.95560455,0.02346136,*
p.Lys634Arg,0.9558236,0.008514354,*
p.Lys634Ser,0.9725979,0.010719076,*
p.Lys634Thr,0.9209657,0.013064466,*
p.Lys634Val,0.9211401,0.02230846,*
p.Lys634Trp,0.8688277,0.011163992,*
p.Lys634Tyr,0.91088116,0.019633075,*
p.Lys561Ala,0.87126505,0.011025482,*
p.Lys561Cys,0.91854066,0.012734758,*
p.Lys561Asp,0.8258692,0.015836563,*
p.Lys561Glu,0.868899,0.015324778,*
p.Lys561Phe,0.7900685,0.012101481,*
p.Lys561Gly,0.7461785,0.013926988,*
p.Lys561His,0.90059006,0.012544177,*
p.Lys561Ile,0.6786865,0.022339856,*
p.Lys561Leu,0.8777164,0.018069036,*
p.Lys561Met,0.8103631,0.014658499,*
p.Lys561Asn,0.8249551,0.02239258,*
p.Lys561Pro,0.6945272,0.015157354,*
p.Lys561Gln,0.8901129,0.013942187,*
p.Lys561Arg,0.9156906,0.017047435,*
p.Lys561Ser,0.83237994,0.016859515,*
p.Lys561Thr,0.8081171,0.025091363,*
p.Lys561Val,0.81478655,0.017449273,*
p.Lys561Trp,0.78984416,0.021041606,*
p.Lys561Tyr,0.7994553,0.015241118,*
p.Leu663Ala,0.9902215,0.019805102,*
p.Leu663Cys,1.0313115,0.01134197,*
p.Leu663Asp,0.95125496,0.026272085,*
p.Leu663Glu,0.9856451,0.01894219,*
p.Leu663Phe,0.985871,0.023066716,*
p.Leu663Gly,1.0213883,0.01035938,*
p.Leu663His,0.983394,0.020418538,*
p.Leu663Ile,0.99728185,0.024172695,*
p.Leu663Lys,0.96939105,0.017219063,*
p.Leu663Met,1.0118984,0.020930374,*
p.Leu663Asn,0.9424542,0.01761507,*
p.Leu663Pro,0.8290206,0.021227207,*
p.Leu663Gln,0.9212098,0.022632264,*
p.Leu663Arg,0.956549,0.02045511,*
p.Leu663Ser,0.9901891,0.017941015,*
p.Leu663Thr,0.99488956,0.014701102,*
p.Leu663Val,0.95502293,0.017867735,*
p.Leu663Tyr,0.9998218,0.016959924,*
p.Leu681Ala,0.9528719,0.012873343,*
p.Leu681Cys,0.9040741,0.00894318,*
p.Leu681Asp,0.7830659,0.023363017,*
p.Leu681Glu,0.74124473,0.028821526,*
p.Leu681Phe,0.9188377,0.025701758,*
p.Leu681Gly,0.812113,0.021098247,*
p.Leu681His,0.7877125,0.026637364,*
p.Leu681Ile,0.9731781,0.018183874,*
p.Leu681Lys,0.83835953,0.01709278,*
p.Leu681Met,0.95638716,0.011266652,*
p.Leu681Asn,0.80884826,0.020979362,*
p.Leu681Pro,0.7521462,0.034969438,*
p.Leu681Gln,0.8673172,0.016775128,*
p.Leu681Arg,0.8486902,0.012424034,*
p.Leu681Ser,0.8542994,0.018250393,*
p.Leu681Thr,0.86259365,0.01567072,*
p.Leu681Val,0.89063394,0.013079353,*
p.Leu681Trp,0.8112113,0.015947301,*
p.Leu681Tyr,0.8064588,0.016945334,*
p.Leu565Ala,0.86005515,0.0122720795,*
p.Leu565Cys,0.8462847,0.016647743,*
p.Leu565Asp,0.7110579,0.030903734,*
p.Leu565Glu,0.7046673,0.017572733,*
p.Leu565Phe,0.83481157,0.0264483,*
p.Leu565Gly,0.6437846,0.020162165,*
p.Leu565His,0.61651605,0.029918138,*
p.Leu565Ile,0.9670081,0.017677194,*
p.Leu565Lys,0.70599246,0.01956079,*
p.Leu565Met,0.93804836,0.0132508045,*
p.Leu565Asn,0.7313406,0.024575949,*
p.Leu565Pro,0.49997967,0.022027638,*
p.Leu565Gln,0.6894159,0.026715463,*
p.Leu565Arg,0.73736703,0.027484024,*
p.Leu565Ser,0.7034477,0.015607389,*
p.Leu565Thr,0.8425261,0.022043927,*
p.Leu565Val,0.88129234,0.012809239,*
p.Leu565Trp,0.7367579,0.023856573,*
p.Leu565Tyr,0.7929521,0.022187242,*
p.Leu688Ala,0.8858832,0.020467088,*
p.Leu688Cys,0.8822807,0.025968054,*
p.Leu688Asp,0.7553177,0.019345041,*
p.Leu688Glu,0.7645733,0.014633678,*
p.Leu688Phe,0.92993975,0.030302007,*
p.Leu688Gly,0.7644168,0.027923226,*
p.Leu688His,0.72462934,0.016855413,*
p.Leu688Ile,0.89338523,0.026457252,*
p.Leu688Lys,0.8205166,0.019828312,*
p.Leu688Met,0.9278628,0.027861467,*
p.Leu688Asn,0.79679346,0.03068384,*
p.Leu688Pro,0.6936105,0.028815672,*
p.Leu688Gln,0.7989165,0.019418117,*
p.Leu688Arg,0.8750168,0.014215659,*
p.Leu688Ser,0.88291186,0.018824946,*
p.Leu688Thr,0.844569,0.025903586,*
p.Leu688Val,0.8370155,0.017595854,*
p.Leu688Trp,0.78310645,0.022390336,*
p.Leu688Tyr,0.88796884,0.023512235,*
p.Leu689Ala,0.7697536,0.020767057,*
p.Leu689Cys,0.8140813,0.028259689,*
p.Leu689Asp,0.5494223,0.032753516,*
p.Leu689Glu,0.5645727,0.030620215,*
p.Leu689Phe,0.8314129,0.031610344,*
p.Leu689Gly,0.62029517,0.029284313,*
p.Leu689His,0.6326314,0.016823646,*
p.Leu689Ile,0.86923134,0.02345291,*
p.Leu689Lys,0.61097,0.029278351,*
p.Leu689Met,0.8474147,0.02471895,*
p.Leu689Asn,0.5818208,0.025582397,*
p.Leu689Pro,0.6094324,0.023590978,*
p.Leu689Gln,0.63655883,0.015683444,*
p.Leu689Arg,0.7046191,0.041721314,*
p.Leu689Ser,0.74615294,0.02231263,*
p.Leu689Thr,0.81656617,0.028567433,*
p.Leu689Val,0.79892313,0.018602649,*
p.Leu689Trp,0.6890177,0.021798987,*
p.Leu689Tyr,0.7607569,0.026456509,*
p.Leu693Ala,0.7555695,0.019783916,*
p.Leu693Cys,0.77515066,0.02044055,*
p.Leu693Asp,0.53559875,0.01958858,*
p.Leu693Glu,0.5035328,0.020269724,*
p.Leu693Phe,0.75564206,0.018716086,*
p.Leu693Gly,0.6404327,0.018030735,*
p.Leu693His,0.5097244,0.024685692,*
p.Leu693Ile,0.97093344,0.023830265,*
p.Leu693Lys,0.5579215,0.021840949,*
p.Leu693Met,0.85451615,0.01728317,*
p.Leu693Asn,0.5429217,0.030214503,*
p.Leu693Pro,0.5425952,0.030651929,*
p.Leu693Gln,0.49289256,0.017918833,*
p.Leu693Arg,0.55526763,0.026530543,*
p.Leu693Ser,0.65293276,0.024144696,*
p.Leu693Thr,0.7123606,0.018977212,*
p.Leu693Val,0.8271586,0.02112586,*
p.Leu693Trp,0.6379453,0.027011774,*
p.Leu693Tyr,0.70674485,0.020097377,*
p.Leu694Ala,0.8162637,0.02267597,*
p.Leu694Cys,0.82797784,0.020013507,*
p.Leu694Asp,0.6958493,0.02665463,*
p.Leu694Glu,0.5511459,0.026306566,*
p.Leu694Phe,0.79912364,0.02361411,*
p.Leu694Gly,0.74880034,0.023920273,*
p.Leu694His,0.5963863,0.021348367,*
p.Leu694Ile,0.9465607,0.022896554,*
p.Leu694Lys,0.6815971,0.012315436,*
p.Leu694Met,0.8489564,0.02064146,*
p.Leu694Asn,0.7495772,0.032265868,*
p.Leu694Pro,0.6327994,0.02719487,*
p.Leu694Gln,0.6409803,0.020001939,*
p.Leu694Arg,0.6771815,0.009898469,*
p.Leu694Ser,0.7886691,0.022306189,*
p.Leu694Thr,0.7070169,0.0172788,*
p.Leu694Val,0.81379235,0.02550022,*
p.Leu694Trp,0.6707753,0.022626014,*
p.Leu694Tyr,0.73917735,0.017791947,*
p.Leu697Ala,0.78463525,0.025376152,*
p.Leu697Asp,0.63132966,0.025285108,*
p.Leu697Glu,0.6140244,0.018324368,*
p.Leu697Phe,0.785699,0.025655204,*
p.Leu697Gly,0.7268408,0.03290068,*
p.Leu697His,0.68944514,0.014563471,*
p.Leu697Ile,0.92010915,0.029807603,*
p.Leu697Lys,0.62653273,0.019418323,*
p.Leu697Met,0.8870152,0.018192569,*
p.Leu697Asn,0.65097314,0.025066633,*
p.Leu697Pro,0.6539258,0.041015666,*
p.Leu697Gln,0.76070535,0.020815536,*
p.Leu697Arg,0.6448171,0.017328484,*
p.Leu697Thr,0.7458568,0.014916334,*
p.Leu697Val,0.8629508,0.020785362,*
p.Leu697Trp,0.7603615,0.022541253,*
p.Leu697Tyr,0.73162925,0.018106818,*
p.Leu567Ala,0.6529582,0.01727338,*
p.Leu567Cys,0.72673166,0.021221338,*
p.Leu567Asp,0.45319486,0.022552904,*
p.Leu567Glu,0.47126666,0.03025244,*
p.Leu567Phe,0.7003428,0.012653507,*
p.Leu567Gly,0.59357643,0.025716314,*
p.Leu567His,0.4167594,0.02634696,*
p.Leu567Ile,0.9231222,0.021293849,*
p.Leu567Lys,0.47260556,0.010688935,*
p.Leu567Met,0.80024433,0.021232989,*
p.Leu567Asn,0.44103986,0.028764997,*
p.Leu567Pro,0.447055,0.02775274,*
p.Leu567Gln,0.42671674,0.021342717,*
p.Leu567Arg,0.5333855,0.032668546,*
p.Leu567Ser,0.5523504,0.019981157,*
p.Leu567Thr,0.69075453,0.022693021,*
p.Leu567Val,0.76817685,0.01444454,*
p.Leu567Trp,0.6364356,0.032412264,*
p.Leu567Tyr,0.6693923,0.030887207,*
p.Leu706Ala,0.8045472,0.02901446,*
p.Leu706Cys,0.79406524,0.020864077,*
p.Leu706Asp,0.6349018,0.019266948,*
p.Leu706Glu,0.679898,0.014468164,*
p.Leu706Phe,0.7579278,0.032589763,*
p.Leu706Gly,0.70824796,0.020889685,*
p.Leu706His,0.5705492,0.020695338,*
p.Leu706Ile,0.92709076,0.032264594,*
p.Leu706Lys,0.61808157,0.01724587,*
p.Leu706Met,0.9059087,0.019554263,*
p.Leu706Asn,0.5434426,0.0340377,*
p.Leu706Pro,0.60261166,0.03559735,*
p.Leu706Gln,0.7098026,0.023481423,*
p.Leu706Arg,0.74704903,0.018219804,*
p.Leu706Ser,0.7895775,0.030128445,*
p.Leu706Thr,0.7399176,0.020258883,*
p.Leu706Val,0.8362026,0.023135854,*
p.Leu706Trp,0.6834149,0.035545845,*
p.Leu706Tyr,0.68048084,0.021938225,*
p.Leu708Ala,0.8457529,0.018063236,*
p.Leu708Cys,0.80824596,0.021603713,*
p.Leu708Asp,0.6929296,0.032976534,*
p.Leu708Glu,0.7426094,0.020961989,*
p.Leu708Phe,0.7664147,0.020730678,*
p.Leu708Gly,0.71038,0.012543046,*
p.Leu708Ile,0.86290294,0.01471323,*
p.Leu708Lys,0.69981426,0.015147173,*
p.Leu708Met,0.8828475,0.017184261,*
p.Leu708Asn,0.6600585,0.029071197,*
p.Leu708Pro,0.583732,0.04244046,*
p.Leu708Gln,0.78335243,0.015046001,*
p.Leu708Arg,0.6618432,0.027273519,*
p.Leu708Thr,0.78461146,0.021804107,*
p.Leu708Val,0.8149165,0.012365174,*
p.Leu708Trp,0.6989293,0.017897325,*
p.Leu708Tyr,0.7235819,0.017819667,*
p.Leu710Ala,0.72322446,0.0229178,*
p.Leu710Cys,0.7676873,0.02319097,*
p.Leu710Asp,0.5429555,0.025896277,*
p.Leu710Glu,0.5851845,0.02645584,*
p.Leu710Phe,0.82786465,0.023703935,*
p.Leu710Gly,0.60254323,0.022177631,*
p.Leu710His,0.5866696,0.02461047,*
p.Leu710Ile,0.8596245,0.019591862,*
p.Leu710Lys,0.6463213,0.021678073,*
p.Leu710Met,0.8864503,0.016122783,*
p.Leu710Asn,0.55249345,0.026257614,*
p.Leu710Pro,0.50236595,0.034923345,*
p.Leu710Gln,0.57553375,0.03024626,*
p.Leu710Arg,0.6278617,0.02231776,*
p.Leu710Ser,0.679466,0.019974787,*
p.Leu710Thr,0.713951,0.020625116,*
p.Leu710Val,0.7464358,0.017713685,*
p.Leu710Trp,0.68707025,0.022212753,*
p.Leu710Tyr,0.77307254,0.0074031516,*
p.Leu568Ala,0.72951365,0.022518856,*
p.Leu568Cys,0.7862649,0.031539954,*
p.Leu568Asp,0.5325901,0.020663425,*
p.Leu568Glu,0.50072324,0.028561823,*
p.Leu568Phe,0.73790205,0.013359282,*
p.Leu568Gly,0.5931657,0.02014231,*
p.Leu568His,0.544028,0.029004835,*
p.Leu568Ile,0.90315485,0.027442092,*
p.Leu568Lys,0.5326282,0.021165244,*
p.Leu568Met,0.87464887,0.015423535,*
p.Leu568Asn,0.52442044,0.033348333,*
p.Leu568Pro,0.4919611,0.0404745,*
p.Leu568Gln,0.6802168,0.034846283,*
p.Leu568Arg,0.58539724,0.027043298,*
p.Leu568Ser,0.61268824,0.025291042,*
p.Leu568Thr,0.69586116,0.017572878,*
p.Leu568Val,0.7564627,0.016541248,*
p.Leu568Trp,0.6417042,0.030417284,*
p.Leu568Tyr,0.6863338,0.019190988,*
p.Leu713Ala,0.78065306,0.024337875,*
p.Leu713Cys,0.78691256,0.011882168,*
p.Leu713Glu,0.580315,0.025180181,*
p.Leu713Phe,0.8072853,0.017498616,*
p.Leu713Gly,0.67555493,0.026522111,*
p.Leu713His,0.55550784,0.025066288,*
p.Leu713Ile,0.8729634,0.016951466,*
p.Leu713Lys,0.631235,0.02290223,*
p.Leu713Met,0.9117712,0.022657478,*
p.Leu713Asn,0.6299332,0.023037396,*
p.Leu713Pro,0.5611731,0.05367189,*
p.Leu713Gln,0.64845455,0.026590368,*
p.Leu713Arg,0.6671568,0.02063567,*
p.Leu713Ser,0.722705,0.024473807,*
p.Leu713Thr,0.6967479,0.026657188,*
p.Leu713Val,0.7938504,0.023331504,*
p.Leu713Trp,0.7104961,0.02991086,*
p.Leu713Tyr,0.7143201,0.02147816,*
p.Leu717Ala,0.7647274,0.027193557,*
p.Leu717Cys,0.87221736,0.01136648,*
p.Leu717Glu,0.71337885,0.015398839,*
p.Leu717Phe,0.8447564,0.02983343,*
p.Leu717Gly,0.67317176,0.02967138,*
p.Leu717His,0.6231911,0.02115484,*
p.Leu717Ile,0.8947557,0.014192088,*
p.Leu717Lys,0.6818928,0.018814687,*
p.Leu717Met,0.92212886,0.03061042,*
p.Leu717Asn,0.6370215,0.017015293,*
p.Leu717Pro,0.60717803,0.050708354,*
p.Leu717Gln,0.7412761,0.020090584,*
p.Leu717Arg,0.63006413,0.036669962,*
p.Leu717Ser,0.7506661,0.026313523,*
p.Leu717Thr,0.8335937,0.030793954,*
p.Leu717Val,0.8056427,0.019891312,*
p.Leu717Trp,0.72277033,0.029470792,*
p.Leu717Tyr,0.7380079,0.02124343,*
p.Leu722Ala,0.8126441,0.027927808,*
p.Leu722Cys,0.8223257,0.031992633,*
p.Leu722Asp,0.67868525,0.029454203,*
p.Leu722Glu,0.6053646,0.022851568,*
p.Leu722Phe,0.7651637,0.02369913,*
p.Leu722Gly,0.6534618,0.029163595,*
p.Leu722His,0.57359225,0.03489351,*
p.Leu722Ile,0.8735455,0.025821727,*
p.Leu722Lys,0.6963144,0.03296116,*
p.Leu722Met,0.9414484,0.017835999,*
p.Leu722Asn,0.6430744,0.031267267,*
p.Leu722Pro,0.64955616,0.035513178,*
p.Leu722Gln,0.7588273,0.020615371,*
p.Leu722Arg,0.6885368,0.041180953,*
p.Leu722Ser,0.7486946,0.02325591,*
p.Leu722Thr,0.812935,0.030427381,*
p.Leu722Val,0.8960965,0.011198352,*
p.Leu722Trp,0.7276079,0.036492147,*
p.Leu722Tyr,0.77384937,0.033208404,*
p.Leu733Ala,0.8055555,0.02184041,*
p.Leu733Cys,0.81060076,0.013322576,*
p.Leu733Asp,0.65358454,0.023160258,*
p.Leu733Glu,0.69654953,0.020359093,*
p.Leu733Phe,0.7824024,0.011939432,*
p.Leu733Gly,0.61572045,0.022601461,*
p.Leu733His,0.6296748,0.021753542,*
p.Leu733Ile,0.8047296,0.024251834,*
p.Leu733Lys,0.60131025,0.024137562,*
p.Leu733Met,0.9156329,0.025630845,*
p.Leu733Asn,0.6714259,0.028653756,*
p.Leu733Pro,0.60428345,0.03256627,*
p.Leu733Gln,0.83781224,0.013132911,*
p.Leu733Arg,0.5870358,0.031084998,*
p.Leu733Ser,0.70087993,0.016413877,*
p.Leu733Thr,0.66369075,0.014809795,*
p.Leu733Val,0.799754,0.022486832,*
p.Leu733Trp,0.6934079,0.020188853,*
p.Leu733Tyr,0.7394248,0.013894682,*
p.Leu737Ala,0.7497684,0.016149875,*
p.Leu737Cys,0.8143188,0.01901665,*
p.Leu737Asp,0.52708024,0.027493143,*
p.Leu737Glu,0.5508658,0.016922794,*
p.Leu737Phe,0.7936324,0.016336115,*
p.Leu737Gly,0.55989504,0.029394273,*
p.Leu737His,0.57839096,0.032706905,*
p.Leu737Ile,0.84542894,0.020413361,*
p.Leu737Lys,0.6068726,0.02426483,*
p.Leu737Met,0.87352276,0.02388245,*
p.Leu737Asn,0.52805537,0.01580689,*
p.Leu737Pro,0.53670305,0.025622683,*
p.Leu737Gln,0.5814954,0.024219707,*
p.Leu737Arg,0.59147626,0.030037628,*
p.Leu737Ser,0.72054183,0.020666622,*
p.Leu737Thr,0.7895769,0.03049955,*
p.Leu737Val,0.8310833,0.024465267,*
p.Leu737Trp,0.6968478,0.030481406,*
p.Leu737Tyr,0.7413691,0.019708332,*
p.Leu741Ala,0.7895292,0.019913536,*
p.Leu741Cys,0.8317863,0.015449236,*
p.Leu741Asp,0.60834277,0.034858312,*
p.Leu741Glu,0.6067198,0.022349516,*
p.Leu741Phe,0.83882344,0.0118684815,*
p.Leu741Gly,0.61103535,0.03309522,*
p.Leu741His,0.63792735,0.028764015,*
p.Leu741Ile,0.9217105,0.023521796,*
p.Leu741Lys,0.63546467,0.03244338,*
p.Leu741Met,0.93400717,0.024703946,*
p.Leu741Asn,0.6036487,0.01734711,*
p.Leu741Pro,0.596999,0.045198854,*
p.Leu741Gln,0.6554161,0.018285876,*
p.Leu741Arg,0.66144496,0.03313359,*
p.Leu741Ser,0.72265327,0.019831171,*
p.Leu741Thr,0.8273896,0.029973326,*
p.Leu741Val,0.8606612,0.018564047,*
p.Leu741Trp,0.7244644,0.03657884,*
p.Leu741Tyr,0.7777986,0.022748198,*
p.Leu571Ala,0.7711333,0.012441265,*
p.Leu571Cys,0.7747846,0.027970998,*
p.Leu571Asp,0.6013988,0.022075726,*
p.Leu571Glu,0.67292845,0.018638289,*
p.Leu571Phe,0.8487301,0.039862555,*
p.Leu571Gly,0.57664365,0.02587042,*
p.Leu571His,0.5977217,0.026177868,*
p.Leu571Ile,0.83000267,0.032633018,*
p.Leu571Lys,0.5917959,0.025341613,*
p.Leu571Met,0.84922475,0.021973742,*
p.Leu571Asn,0.5614382,0.025106085,*
p.Leu571Pro,0.54495585,0.030486636,*
p.Leu571Gln,0.65887356,0.023713484,*
p.Leu571Arg,0.5838476,0.032269865,*
p.Leu571Ser,0.67918193,0.027028807,*
p.Leu571Thr,0.7227295,0.01669168,*
p.Leu571Val,0.718887,0.018758742,*
p.Leu571Trp,0.6424746,0.034437407,*
p.Leu571Tyr,0.74871767,0.016347274,*
p.Leu747Ala,0.904538,0.02247726,*
p.Leu747Cys,0.9495996,0.021254068,*
p.Leu747Asp,0.8752818,0.021574188,*
p.Leu747Glu,0.768278,0.03480181,*
p.Leu747Phe,0.91672814,0.024871476,*
p.Leu747Gly,0.8153884,0.022898432,*
p.Leu747His,0.7025407,0.02048194,*
p.Leu747Ile,0.9555429,0.012788005,*
p.Leu747Lys,0.87866706,0.0208035,*
p.Leu747Met,1.0015411,0.013486596,*
p.Leu747Asn,0.8375093,0.028203106,*
p.Leu747Pro,0.69023865,0.039807532,*
p.Leu747Gln,0.8672575,0.025732003,*
p.Leu747Arg,0.83186007,0.025930887,*
p.Leu747Ser,0.83530223,0.02518979,*
p.Leu747Thr,0.8226269,0.020833356,*
p.Leu747Val,0.92297745,0.028471425,*
p.Leu747Trp,0.85563326,0.018444642,*
p.Leu747Tyr,0.813517,0.021375254,*
p.Leu750Ala,0.92805356,0.017639682,*
p.Leu750Cys,0.9419268,0.014722941,*
p.Leu750Asp,0.78862894,0.03250333,*
p.Leu750Glu,0.85518533,0.031176334,*
p.Leu750Phe,0.87934935,0.019796835,*
p.Leu750Gly,0.81109494,0.018064443,*
p.Leu750His,0.73929214,0.022761282,*
p.Leu750Ile,1.0414978,0.025070272,*
p.Leu750Lys,0.8981679,0.017924631,*
p.Leu750Met,1.003155,0.014094874,*
p.Leu750Asn,0.78137267,0.020982511,*
p.Leu750Pro,0.6890802,0.033248205,*
p.Leu750Gln,0.8461776,0.018646494,*
p.Leu750Arg,0.7884642,0.024247589,*
p.Leu750Ser,0.8878555,0.011032099,*
p.Leu750Thr,0.85061187,0.016075538,*
p.Leu750Val,0.95288694,0.015611455,*
p.Leu750Trp,0.8245225,0.017134706,*
p.Leu750Tyr,0.86247224,0.02774618,*
p.Leu575Ala,0.8584366,0.023950256,*
p.Leu575Cys,0.8260829,0.023663169,*
p.Leu575Asp,0.6312339,0.026649063,*
p.Leu575Glu,0.61384904,0.027792798,*
p.Leu575Phe,0.8149535,0.029898448,*
p.Leu575Gly,0.7085062,0.018619098,*
p.Leu575His,0.6304478,0.017398411,*
p.Leu575Ile,0.9231781,0.02858839,*
p.Leu575Lys,0.649101,0.03760403,*
p.Leu575Met,0.9800273,0.018907707,*
p.Leu575Asn,0.6406371,0.023842538,*
p.Leu575Pro,0.61634034,0.038029417,*
p.Leu575Gln,0.71251214,0.029361507,*
p.Leu575Arg,0.6256008,0.025416156,*
p.Leu575Ser,0.77034354,0.020937826,*
p.Leu575Thr,0.72974163,0.019427953,*
p.Leu575Val,0.8450017,0.021658272,*
p.Leu575Trp,0.6735338,0.021450631,*
p.Leu575Tyr,0.72860646,0.027148113,*
p.Leu578Ala,0.9109042,0.02428883,*
p.Leu578Cys,0.9389378,0.014585693,*
p.Leu578Asp,0.83431643,0.03051807,*
p.Leu578Glu,0.86570656,0.026459457,*
p.Leu578Phe,0.92639387,0.019396596,*
p.Leu578Gly,0.8866601,0.021166435,*
p.Leu578His,0.7575028,0.030298837,*
p.Leu578Ile,0.98944265,0.021073353,*
p.Leu578Lys,0.9109373,0.022302663,*
p.Leu578Met,0.9712205,0.018660678,*
p.Leu578Asn,0.90975636,0.021336256,*
p.Leu578Pro,0.8372963,0.026658753,*
p.Leu578Gln,0.8754972,0.019883586,*
p.Leu578Arg,0.8754595,0.021512814,*
p.Leu578Ser,0.9146516,0.019074747,*
p.Leu578Thr,0.9195789,0.016098984,*
p.Leu578Val,0.9361868,0.017321603,*
p.Leu578Trp,0.7489449,0.016743267,*
p.Leu578Tyr,0.90517205,0.01549553,*
p.Leu590Ala,0.7254523,0.018251326,*
p.Leu590Cys,0.72074836,0.029247819,*
p.Leu590Asp,0.44625315,0.022295158,*
p.Leu590Glu,0.4893672,0.025053352,*
p.Leu590Phe,0.7056812,0.03069649,*
p.Leu590Gly,0.5064857,0.021433925,*
p.Leu590His,0.4606405,0.034290176,*
p.Leu590Ile,0.85542536,0.041315585,*
p.Leu590Lys,0.4344608,0.021671686,*
p.Leu590Met,0.87994146,0.02603391,*
p.Leu590Asn,0.46696416,0.03278077,*
p.Leu590Pro,0.43821135,0.030249128,*
p.Leu590Gln,0.50251603,0.026797885,*
p.Leu590Arg,0.43000197,0.037631184,*
p.Leu590Ser,0.69578886,0.040227637,*
p.Leu590Thr,0.7362232,0.024658386,*
p.Leu590Val,0.7576345,0.015838698,*
p.Leu590Trp,0.53492415,0.028934546,*
p.Leu590Tyr,0.586537,0.028566122,*
p.Leu596Ala,0.9319191,0.024611609,*
p.Leu596Cys,0.9003967,0.036313485,*
p.Leu596Asp,0.8962485,0.018334135,*
p.Leu596Glu,0.75955003,0.020935679,*
p.Leu596Phe,0.85769874,0.018380042,*
p.Leu596Gly,0.87515795,0.0091148345,*
p.Leu596His,0.9450846,0.019031486,*
p.Leu596Ile,0.98985016,0.03006414,*
p.Leu596Lys,0.87894696,0.01911154,*
p.Leu596Met,1.0193688,0.021539286,*
p.Leu596Asn,0.85896474,0.020082444,*
p.Leu596Pro,0.70063424,0.03848609,*
p.Leu596Gln,0.99510527,0.029815106,*
p.Leu596Arg,0.85947764,0.022592183,*
p.Leu596Ser,0.8665185,0.017328998,*
p.Leu596Thr,0.8944639,0.028054526,*
p.Leu596Val,0.9180571,0.014373593,*
p.Leu596Trp,0.88451624,0.027324123,*
p.Leu596Tyr,0.8685192,0.018199727,*
p.Leu557Ala,0.82836276,0.030369403,*
p.Leu557Cys,0.8544959,0.020920876,*
p.Leu557Asp,0.6550261,0.03362922,*
p.Leu557Glu,0.67796224,0.032308172,*
p.Leu557Phe,0.79835904,0.025523484,*
p.Leu557Gly,0.71276796,0.033655357,*
p.Leu557His,0.6595528,0.035769574,*
p.Leu557Ile,0.8622571,0.021154782,*
p.Leu557Lys,0.7101406,0.021076273,*
p.Leu557Met,0.9572523,0.020542068,*
p.Leu557Asn,0.7596695,0.023718147,*
p.Leu557Pro,0.6782099,0.045407403,*
p.Leu557Gln,0.7328911,0.030073727,*
p.Leu557Arg,0.74791604,0.027469395,*
p.Leu557Ser,0.76318824,0.03566861,*
p.Leu557Thr,0.8044087,0.018049605,*
p.Leu557Val,0.79076725,0.024799345,*
p.Leu557Trp,0.7148469,0.033242665,*
p.Leu557Tyr,0.71157867,0.03509244,*
p.Leu604Ala,0.9076173,0.022645252,*
p.Leu604Cys,0.92083514,0.0128765525,*
p.Leu604Asp,0.7679454,0.037594236,*
p.Leu604Glu,0.80808526,0.032922927,*
p.Leu604Phe,0.8670004,0.016876338,*
p.Leu604Gly,0.7845025,0.023206038,*
p.Leu604His,0.7763689,0.029639611,*
p.Leu604Ile,0.9949023,0.01863056,*
p.Leu604Lys,0.7980424,0.021643132,*
p.Leu604Met,0.97129154,0.008716726,*
p.Leu604Asn,0.8066494,0.024505131,*
p.Leu604Pro,0.73310924,0.03910826,*
p.Leu604Gln,0.8414651,0.027156096,*
p.Leu604Arg,0.76425123,0.024816452,*
p.Leu604Ser,0.912747,0.016474402,*
p.Leu604Thr,0.8992952,0.013359501,*
p.Leu604Val,0.9405696,0.016964687,*
p.Leu604Trp,0.809192,0.029688755,*
p.Leu604Tyr,0.8431263,0.025363944,*
p.Leu620Ala,0.9586102,0.017059749,*
p.Leu620Cys,0.97811043,0.032488886,*
p.Leu620Asp,0.90446454,0.027603282,*
p.Leu620Glu,0.8563541,0.032488924,*
p.Leu620Phe,0.9545492,0.031060256,*
p.Leu620Gly,0.9301516,0.021613644,*
p.Leu620His,0.8215872,0.015277771,*
p.Leu620Ile,1.040948,0.03219605,*
p.Leu620Lys,0.9751385,0.030911539,*
p.Leu620Met,0.98961717,0.02869984,*
p.Leu620Asn,0.91930425,0.0346605,*
p.Leu620Pro,0.6860672,0.021718085,*
p.Leu620Gln,0.8421961,0.026371548,*
p.Leu620Arg,0.9464691,0.023256686,*
p.Leu620Ser,0.9866711,0.0150385555,*
p.Leu620Thr,0.9925581,0.0350974,*
p.Leu620Val,0.913472,0.025447119,*
p.Leu620Trp,0.8445465,0.018493004,*
p.Leu620Tyr,0.91750497,0.020908846,*
p.Leu621Ala,0.90080374,0.021403445,*
p.Leu621Cys,0.91923255,0.03688855,*
p.Leu621Asp,0.65800196,0.029700875,*
p.Leu621Glu,0.7551161,0.03263857,*
p.Leu621Phe,0.9240621,0.023725653,*
p.Leu621Gly,0.7443697,0.027320089,*
p.Leu621His,0.6960536,0.018248355,*
p.Leu621Ile,1.1086948,0.028364493,*
p.Leu621Lys,0.78116685,0.030156149,*
p.Leu621Met,1.0158141,0.020033622,*
p.Leu621Asn,0.6609734,0.04696263,*
p.Leu621Pro,0.65052176,0.032885056,*
p.Leu621Gln,0.7841102,0.025899345,*
p.Leu621Arg,0.88509905,0.01958942,*
p.Leu621Ser,0.87819517,0.018605927,*
p.Leu621Thr,0.9288703,0.037396118,*
p.Leu621Val,0.95748395,0.017772326,*
p.Leu621Trp,0.8641842,0.016983574,*
p.Leu621Tyr,0.8646142,0.022305248,*
p.Leu626Ala,1.0197045,0.017401645,*
p.Leu626Cys,0.995841,0.01234047,*
p.Leu626Asp,0.96549827,0.030451326,*
p.Leu626Glu,0.9112981,0.028606564,*
p.Leu626Phe,0.9811168,0.022418015,*
p.Leu626Gly,0.9362993,0.010895963,*
p.Leu626His,0.95595515,0.024686726,*
p.Leu626Ile,0.9702064,0.023245888,*
p.Leu626Lys,0.92514294,0.021094508,*
p.Leu626Met,1.0312221,0.021186009,*
p.Leu626Asn,0.9147339,0.025460653,*
p.Leu626Pro,0.7724654,0.02835329,*
p.Leu626Gln,0.90672207,0.039315473,*
p.Leu626Arg,0.919463,0.020791417,*
p.Leu626Ser,0.9751905,0.010714906,*
p.Leu626Thr,0.94996357,0.023233186,*
p.Leu626Val,0.87592965,0.015004282,*
p.Leu626Trp,0.90305614,0.024618763,*
p.Leu626Tyr,0.920108,0.017899476,*
p.Leu629Ala,0.7865043,0.01703596,*
p.Leu629Cys,0.8565732,0.015170208,*
p.Leu629Asp,0.51818264,0.027374353,*
p.Leu629Glu,0.5752704,0.027325746,*
p.Leu629Phe,0.85709035,0.02734322,*
p.Leu629Gly,0.62398356,0.02790543,*
p.Leu629His,0.5597377,0.033669263,*
p.Leu629Ile,0.9386012,0.023055756,*
p.Leu629Lys,0.61102945,0.025446735,*
p.Leu629Met,0.9099444,0.0142680835,*
p.Leu629Asn,0.5984595,0.023754783,*
p.Leu629Pro,0.55972624,0.036395233,*
p.Leu629Gln,0.56679326,0.027235426,*
p.Leu629Arg,0.64690906,0.03300659,*
p.Leu629Ser,0.7599122,0.021720367,*
p.Leu629Thr,0.76908666,0.024904685,*
p.Leu629Val,0.8588268,0.021520622,*
p.Leu629Trp,0.7200454,0.026310366,*
p.Leu629Tyr,0.7493795,0.029912835,*
p.Leu631Ala,0.8392912,0.023693368,*
p.Leu631Cys,0.9098566,0.014687709,*
p.Leu631Asp,0.56367576,0.015434943,*
p.Leu631Glu,0.7733013,0.023425799,*
p.Leu631Phe,0.8434886,0.020051667,*
p.Leu631Gly,0.68746036,0.030509792,*
p.Leu631His,0.65514386,0.023529937,*
p.Leu631Ile,0.98444843,0.027313646,*
p.Leu631Lys,0.6685087,0.0146139935,*
p.Leu631Met,0.93364877,0.02077927,*
p.Leu631Asn,0.7246937,0.026303612,*
p.Leu631Pro,0.5457776,0.023342133,*
p.Leu631Gln,0.6161772,0.01931431,*
p.Leu631Arg,0.71535444,0.013887168,*
p.Leu631Ser,0.81840193,0.019200036,*
p.Leu631Thr,0.784753,0.01811475,*
p.Leu631Val,0.89537066,0.01842905,*
p.Leu631Trp,0.7522734,0.025828047,*
p.Leu631Tyr,0.78734076,0.025906468,*
p.Met740Ala,0.85783845,0.017768446,*
p.Met740Cys,0.84209013,0.019602427,*
p.Met740Asp,0.65962064,0.02543789,*
p.Met740Glu,0.78372866,0.024086438,*
p.Met740Phe,0.8034418,0.01887834,*
p.Met740Gly,0.7410516,0.01878936,*
p.Met740His,0.7198781,0.027395297,*
p.Met740Ile,0.9154717,0.029407877,*
p.Met740Lys,0.7375552,0.032959133,*
p.Met740Leu,0.86243546,0.023885023,*
p.Met740Asn,0.72424793,0.029251952,*
p.Met740Pro,0.75765926,0.022243349,*
p.Met740Gln,0.78756213,0.019017342,*
p.Met740Arg,0.7059134,0.024257204,*
p.Met740Ser,0.8486516,0.018204588,*
p.Met740Thr,0.904784,0.021499958,*
p.Met740Val,0.86014926,0.028027076,*
p.Met740Trp,0.80585116,0.02068465,*
p.Met740Tyr,0.80909574,0.026902802,*
p.Met589Ala,0.7385983,0.023144595,*
p.Met589Cys,0.64396524,0.024909526,*
p.Met589Asp,0.6120899,0.02216171,*
p.Met589Phe,0.6600191,0.031197634,*
p.Met589Gly,0.5982596,0.03126631,*
p.Met589His,0.6074008,0.020914417,*
p.Met589Ile,0.86542195,0.034148715,*
p.Met589Lys,0.6633965,0.026433835,*
p.Met589Leu,0.8066061,0.01624397,*
p.Met589Asn,0.59950465,0.023664476,*
p.Met589Pro,0.5744964,0.024507627,*
p.Met589Gln,0.7215935,0.03212752,*
p.Met589Arg,0.6069664,0.02729997,*
p.Met589Ser,0.6997246,0.02861884,*
p.Met589Thr,0.80383825,0.025202781,*
p.Met589Val,0.8084425,0.029854238,*
p.Met589Trp,0.6732966,0.02682211,*
p.Met589Tyr,0.7419435,0.02615796,*
p.Met649Ala,0.9582842,0.023219427,*
p.Met649Cys,0.8879818,0.022968726,*
p.Met649Asp,0.90010464,0.019181052,*
p.Met649Glu,0.912375,0.02162532,*
p.Met649Phe,0.8786911,0.025657449,*
p.Met649Gly,0.91146326,0.01486635,*
p.Met649His,0.83492786,0.034458097,*
p.Met649Ile,0.8996099,0.018899996,*
p.Met649Lys,0.864318,0.029298859,*
p.Met649Leu,0.95398605,0.029500922,*
p.Met649Asn,0.82714033,0.02452464,*
p.Met649Pro,0.8137382,0.028374294,*
p.Met649Gln,0.97939223,0.022238607,*
p.Met649Arg,0.8823144,0.019486587,*
p.Met649Ser,0.90736324,0.023378812,*
p.Met649Thr,0.87775975,0.019108575,*
p.Met649Val,0.8713156,0.011838412,*
p.Met649Trp,0.9043276,0.013593823,*
p.Met649Tyr,0.92971194,0.024163468,*
p.Asn633Ala,0.993405,0.01480205,*
p.Asn633Cys,0.88110006,0.016357036,*
p.Asn633Asp,0.9923088,0.0331989,*
p.Asn633Glu,0.95927984,0.020599442,*
p.Asn633Phe,0.8437799,0.015774138,*
p.Asn633Gly,0.9252636,0.019382766,*
p.Asn633His,0.89966404,0.030860666,*
p.Asn633Ile,0.8408779,0.018837398,*
p.Asn633Lys,0.88116264,0.018186351,*
p.Asn633Leu,0.9255086,0.01433157,*
p.Asn633Met,0.8977059,0.0143324835,*
p.Asn633Pro,0.8563639,0.022949839,*
p.Asn633Gln,0.9512396,0.013039923,*
p.Asn633Ser,0.9537641,0.024795923,*
p.Asn633Thr,0.94782543,0.029698463,*
p.Asn633Val,0.8912175,0.023899376,*
p.Asn633Trp,0.8872868,0.008238537,*
p.Asn633Tyr,0.93564236,0.018003298,*
p.Pro662Ala,0.94435656,0.010348301,*
p.Pro662Cys,0.9406048,0.023365932,*
p.Pro662Asp,0.8584899,0.02312885,*
p.Pro662Glu,0.92875546,0.015234001,*
p.Pro662Phe,0.9046856,0.016480371,*
p.Pro662Gly,0.9199589,0.029825931,*
p.Pro662His,0.86993945,0.018816087,*
p.Pro662Ile,0.9189687,0.0134788435,*
p.Pro662Lys,0.8901924,0.021270502,*
p.Pro662Leu,0.8777455,0.013902832,*
p.Pro662Met,0.9022557,0.01420925,*
p.Pro662Asn,0.84651744,0.020042146,*
p.Pro662Gln,0.8664732,0.015461033,*
p.Pro662Arg,0.9035101,0.01802231,*
p.Pro662Ser,0.9336282,0.017720737,*
p.Pro662Thr,0.94823074,0.023493744,*
p.Pro662Val,0.89012253,0.017698692,*
p.Pro662Trp,0.84897614,0.019712714,*
p.Pro662Tyr,0.93613005,0.022205198,*
p.Pro665Ala,1.005664,0.013493366,*
p.Pro665Cys,1.0063004,0.018187575,*
p.Pro665Asp,0.9327742,0.017185532,*
p.Pro665Glu,1.0071405,0.02147881,*
p.Pro665Phe,0.93426055,0.017145436,*
p.Pro665Gly,0.9870429,0.017983977,*
p.Pro665His,0.9455916,0.016222246,*
p.Pro665Ile,0.9871834,0.013265417,*
p.Pro665Lys,0.9551069,0.017970948,*
p.Pro665Leu,0.98031837,0.010741253,*
p.Pro665Met,0.9555124,0.017717524,*
p.Pro665Asn,0.9339894,0.014599839,*
p.Pro665Gln,0.91914445,0.01135494,*
p.Pro665Ser,0.9833015,0.010909687,*
p.Pro665Thr,1.0062648,0.026381759,*
p.Pro665Val,0.9456397,0.015935482,*
p.Pro665Trp,0.91366464,0.023976997,*
p.Pro665Tyr,0.9965862,0.018867232,*
p.Pro666Ala,0.9685815,0.020322911,*
p.Pro666Cys,0.961483,0.0142163485,*
p.Pro666Asp,0.9537484,0.019362,*
p.Pro666Glu,0.9942319,0.01740857,*
p.Pro666Phe,0.93395364,0.018508708,*
p.Pro666Gly,0.94850904,0.016980529,*
p.Pro666His,0.9420556,0.01613024,*
p.Pro666Ile,0.9695431,0.015019121,*
p.Pro666Lys,0.90500724,0.016642071,*
p.Pro666Leu,0.93418694,0.014832043,*
p.Pro666Met,0.9461552,0.015316812,*
p.Pro666Asn,0.9266058,0.013859174,*
p.Pro666Gln,0.8868448,0.017344154,*
p.Pro666Arg,0.8811795,0.022925556,*
p.Pro666Ser,0.9736158,0.014890509,*
p.Pro666Thr,0.9734955,0.019877607,*
p.Pro666Val,0.95727694,0.01624226,*
p.Pro666Trp,0.92201966,0.019242026,*
p.Pro666Tyr,0.96420926,0.01988392,*
p.Pro669Ala,0.9901477,0.01807068,*
p.Pro669Cys,0.9545919,0.008153388,*
p.Pro669Asp,0.95153034,0.011577511,*
p.Pro669Glu,0.96327704,0.017467331,*
p.Pro669Phe,0.9185856,0.020787362,*
p.Pro669Gly,0.9606789,0.020097902,*
p.Pro669His,0.9628574,0.014059676,*
p.Pro669Ile,0.93110067,0.017894117,*
p.Pro669Lys,0.8818429,0.022447068,*
p.Pro669Leu,0.95321435,0.017072562,*
p.Pro669Met,0.96193695,0.021369291,*
p.Pro669Asn,0.9118217,0.021162122,*
p.Pro669Gln,0.9412177,0.014435762,*
p.Pro669Arg,0.89662397,0.018029494,*
p.Pro669Ser,0.98099023,0.017836634,*
p.Pro669Thr,0.9780493,0.02008768,*
p.Pro669Val,0.9205389,0.019133376,*
p.Pro669Trp,0.918429,0.023579955,*
p.Pro669Tyr,0.9501834,0.01643568,*
p.Pro670Ala,0.9993539,0.016088137,*
p.Pro670Asp,0.9500988,0.013359794,*
p.Pro670Glu,0.9697549,0.017585319,*
p.Pro670Phe,0.937271,0.023131177,*
p.Pro670Gly,0.97072965,0.014601615,*
p.Pro670Lys,0.89661276,0.020519864,*
p.Pro670Leu,0.9237288,0.023110893,*
p.Pro670Met,0.9218796,0.024170753,*
p.Pro670Asn,0.9274508,0.01829356,*
p.Pro670Gln,0.94254446,0.016094035,*
p.Pro670Arg,0.8763092,0.016889144,*
p.Pro670Ser,0.9906478,0.019214464,*
p.Pro670Val,0.90869063,0.015189949,*
p.Pro670Trp,0.9064325,0.017690921,*
p.Pro670Tyr,0.9623125,0.019901339,*
p.Pro672Leu,0.9115983,0.01728931,*
p.Pro677Leu,0.81465816,0.0099221105,*
p.Pro677Ser,0.9664057,0.028672889,*
p.Pro685Ala,0.9761591,0.023179742,*
p.Pro685Cys,0.8382276,0.027065689,*
p.Pro685Asp,0.81104356,0.014937427,*
p.Pro685Glu,0.8489817,0.015529104,*
p.Pro685Phe,0.8067792,0.022096436,*
p.Pro685Gly,0.83776647,0.020290969,*
p.Pro685His,0.85772496,0.017257435,*
p.Pro685Ile,0.869349,0.013821044,*
p.Pro685Lys,0.81418955,0.021979375,*
p.Pro685Leu,0.8293478,0.016403815,*
p.Pro685Met,0.840045,0.015005161,*
p.Pro685Asn,0.856671,0.023811927,*
p.Pro685Gln,0.837862,0.02033137,*
p.Pro685Arg,0.83888835,0.020051546,*
p.Pro685Ser,0.91666585,0.027214175,*
p.Pro685Thr,0.866573,0.018028146,*
p.Pro685Val,0.8127793,0.015557028,*
p.Pro685Trp,0.74926376,0.022665968,*
p.Pro685Tyr,0.7976224,0.022512862,*
p.Pro714Ala,0.9275157,0.011849301,*
p.Pro714Cys,0.7976739,0.016357282,*
p.Pro714Asp,0.7938584,0.029137779,*
p.Pro714Glu,0.8851264,0.019281356,*
p.Pro714Phe,0.7456051,0.015561713,*
p.Pro714Gly,0.8348154,0.025843423,*
p.Pro714His,0.83867395,0.016537288,*
p.Pro714Ile,0.72340536,0.014065632,*
p.Pro714Lys,0.85688955,0.014825216,*
p.Pro714Leu,0.74734676,0.024158899,*
p.Pro714Met,0.8495493,0.023270678,*
p.Pro714Asn,0.73714715,0.024609279,*
p.Pro714Gln,0.76354086,0.026818428,*
p.Pro714Arg,0.7893386,0.014531254,*
p.Pro714Ser,0.87477463,0.017598225,*
p.Pro714Thr,0.86241996,0.013842233,*
p.Pro714Val,0.7641152,0.021624237,*
p.Pro714Trp,0.7642633,0.01709201,*
p.Pro714Tyr,0.714151,0.01876189,*
p.Pro727Ala,1.0324752,0.026278755,*
p.Pro727Cys,0.9516751,0.013832804,*
p.Pro727Asp,0.9200367,0.016610906,*
p.Pro727Glu,0.99097806,0.012329624,*
p.Pro727Phe,0.8567444,0.017419701,*
p.Pro727Gly,0.9043377,0.019625101,*
p.Pro727His,0.9703393,0.018154234,*
p.Pro727Ile,0.8756968,0.010577743,*
p.Pro727Lys,0.93050414,0.008826243,*
p.Pro727Leu,0.88401985,0.013911689,*
p.Pro727Met,0.9324914,0.011570079,*
p.Pro727Asn,0.9524854,0.022231996,*
p.Pro727Gln,0.9720278,0.023619704,*
p.Pro727Arg,0.89600486,0.01378455,*
p.Pro727Ser,0.9454261,0.02586496,*
p.Pro727Thr,0.98100555,0.019810196,*
p.Pro727Val,0.8814844,0.009367417,*
p.Pro727Trp,0.8643554,0.020719852,*
p.Pro727Tyr,0.8802279,0.014028557,*
p.Pro744Ala,1.0762275,0.015012441,*
p.Pro744Cys,0.99525535,0.02517512,*
p.Pro744Asp,1.0472238,0.019158656,*
p.Pro744Glu,1.0012112,0.018754976,*
p.Pro744Phe,0.9289051,0.013459888,*
p.Pro744Gly,0.98107445,0.022843271,*
p.Pro744His,1.0081873,0.018394552,*
p.Pro744Ile,0.96971005,0.01495519,*
p.Pro744Lys,0.89221686,0.020314686,*
p.Pro744Leu,0.96941644,0.020608319,*
p.Pro744Met,0.9980566,0.018929558,*
p.Pro744Asn,0.9309481,0.01965873,*
p.Pro744Gln,0.97598517,0.027143283,*
p.Pro744Arg,0.91032124,0.01701076,*
p.Pro744Ser,0.99815226,0.017747859,*
p.Pro744Thr,1.0361251,0.024395023,*
p.Pro744Val,0.9872012,0.013822198,*
p.Pro744Trp,0.9617028,0.016096596,*
p.Pro744Tyr,0.94927347,0.012715213,*
p.Pro754Ala,0.9743204,0.014812197,*
p.Pro754Cys,0.9028503,0.023944892,*
p.Pro754Asp,0.92592686,0.021911047,*
p.Pro754Glu,0.8619547,0.017828383,*
p.Pro754Gly,0.85701686,0.012816604,*
p.Pro754His,1.0037346,0.014997388,*
p.Pro754Ile,0.81269205,0.010180215,*
p.Pro754Lys,0.86299354,0.019591313,*
p.Pro754Leu,0.83672065,0.018671485,*
p.Pro754Met,0.9042305,0.024091017,*
p.Pro754Asn,0.853686,0.01711786,*
p.Pro754Gln,0.93668205,0.01701745,*
p.Pro754Arg,0.8542223,0.0097156605,*
p.Pro754Ser,0.9295244,0.01609508,*
p.Pro754Thr,0.8906409,0.016475163,*
p.Pro754Val,0.93210685,0.012476024,*
p.Pro754Trp,0.7934137,0.017521773,*
p.Pro754Tyr,0.887485,0.012140976,*
p.Pro579Ala,0.9569132,0.019771855,*
p.Pro579Cys,0.85333073,0.023326349,*
p.Pro579Asp,0.8780815,0.017834859,*
p.Pro579Glu,0.9349276,0.013930351,*
p.Pro579Phe,0.8650333,0.016950425,*
p.Pro579Gly,0.89019233,0.02132148,*
p.Pro579His,0.9157874,0.023330418,*
p.Pro579Ile,0.9545188,0.016095992,*
p.Pro579Lys,0.8767331,0.01642563,*
p.Pro579Leu,0.87479687,0.019653883,*
p.Pro579Met,0.8873475,0.017002556,*
p.Pro579Asn,0.9553974,0.021821486,*
p.Pro579Gln,0.8803752,0.018589452,*
p.Pro579Arg,0.87405586,0.019141868,*
p.Pro579Ser,0.93432456,0.017433507,*
p.Pro579Thr,0.94442415,0.02097352,*
p.Pro579Val,0.88145447,0.011289478,*
p.Pro579Trp,0.81566066,0.01677098,*
p.Pro579Tyr,0.89402187,0.018931903,*
p.Pro605Ala,1.0333796,0.017534705,*
p.Pro605Cys,0.82218647,0.030771023,*
p.Pro605Asp,0.88257664,0.020914149,*
p.Pro605Glu,0.9351702,0.010335904,*
p.Pro605Phe,0.8319192,0.0118508255,*
p.Pro605Gly,0.91489506,0.0119777145,*
p.Pro605His,0.9760581,0.016487684,*
p.Pro605Ile,0.864511,0.014833981,*
p.Pro605Lys,0.80821973,0.024794728,*
p.Pro605Leu,0.90318525,0.015432901,*
p.Pro605Met,0.86572325,0.017069861,*
p.Pro605Asn,0.94798505,0.01788717,*
p.Pro605Gln,0.9472243,0.01761806,*
p.Pro605Arg,0.8570035,0.02869496,*
p.Pro605Ser,0.9860848,0.022505088,*
p.Pro605Thr,0.9369027,0.025302809,*
p.Pro605Val,0.86442965,0.019421995,*
p.Pro605Trp,0.80457956,0.016110841,*
p.Pro605Tyr,0.9001606,0.017419416,*
p.Pro632Ala,0.99226886,0.016925719,*
p.Pro632Cys,0.8677033,0.015291418,*
p.Pro632Asp,0.8619253,0.023894142,*
p.Pro632Glu,0.84709704,0.00775562,*
p.Pro632Phe,0.83421934,0.015106476,*
p.Pro632Gly,0.85321903,0.015875261,*
p.Pro632His,0.93238056,0.02157617,*
p.Pro632Ile,0.81384736,0.020427821,*
p.Pro632Lys,0.7695582,0.012738671,*
p.Pro632Leu,0.83787936,0.017371234,*
p.Pro632Met,0.8589056,0.024368873,*
p.Pro632Asn,0.78547645,0.026466968,*
p.Pro632Gln,0.8834351,0.024667626,*
p.Pro632Arg,0.84777784,0.0140898,*
p.Pro632Ser,0.8763083,0.009928782,*
p.Pro632Thr,0.8701043,0.020764275,*
p.Pro632Val,0.871425,0.017381396,*
p.Pro632Trp,0.8016299,0.027517164,*
p.Pro632Tyr,0.8510555,0.01986002,*
p.Pro642Ala,0.9585763,0.021469934,*
p.Pro642Cys,0.90943974,0.015026525,*
p.Pro642Asp,0.91755515,0.016414981,*
p.Pro642Glu,0.9371958,0.011868895,*
p.Pro642Phe,0.8778056,0.017630942,*
p.Pro642Gly,0.8784338,0.015570036,*
p.Pro642His,0.9756277,0.021322407,*
p.Pro642Ile,0.85521376,0.018632961,*
p.Pro642Lys,0.8567292,0.013711052,*
p.Pro642Leu,0.86406124,0.016741183,*
p.Pro642Met,0.9472288,0.019467024,*
p.Pro642Asn,0.91842186,0.02475035,*
p.Pro642Gln,0.9300669,0.020230653,*
p.Pro642Arg,0.87546855,0.026495965,*
p.Pro642Ser,0.95737284,0.016429845,*
p.Pro642Thr,0.9176402,0.0110799,*
p.Pro642Val,0.84840345,0.018146127,*
p.Pro642Trp,0.82160854,0.021442028,*
p.Pro642Tyr,0.9230116,0.02209704,*
p.Gln695Ala,0.9468261,0.017839909,*
p.Gln695Cys,0.85745823,0.017739933,*
p.Gln695Asp,0.86145496,0.0230024,*
p.Gln695Glu,0.91134006,0.01842129,*
p.Gln695Phe,0.8903267,0.01882274,*
p.Gln695Gly,0.84945583,0.013879479,*
p.Gln695His,0.9078294,0.015009718,*
p.Gln695Ile,0.82027197,0.016146503,*
p.Gln695Lys,0.86966836,0.028717779,*
p.Gln695Leu,0.88150775,0.016766293,*
p.Gln695Met,0.8959141,0.020972682,*
p.Gln695Asn,0.88117635,0.021932187,*
p.Gln695Pro,0.7087556,0.025967294,*
p.Gln695Arg,0.89557076,0.0174334,*
p.Gln695Ser,0.9207813,0.015316433,*
p.Gln695Thr,0.87909585,0.011861015,*
p.Gln695Val,0.92358226,0.013670581,*
p.Gln695Trp,0.8114751,0.016015738,*
p.Gln695Tyr,0.88192415,0.018152911,*
p.Gln699Ala,1.0115694,0.016364016,*
p.Gln699Cys,0.93710136,0.016784452,*
p.Gln699Asp,0.9221489,0.023031905,*
p.Gln699Glu,0.96623945,0.017701805,*
p.Gln699Phe,0.93985283,0.01930102,*
p.Gln699Gly,0.91002226,0.012374172,*
p.Gln699His,0.97000104,0.016877083,*
p.Gln699Ile,1.0193586,0.019669658,*
p.Gln699Lys,0.9501215,0.013253511,*
p.Gln699Leu,0.9200886,0.018117141,*
p.Gln699Met,0.96030456,0.017783485,*
p.Gln699Asn,0.94161606,0.022262175,*
p.Gln699Pro,0.82809526,0.025213279,*
p.Gln699Arg,0.88666314,0.017158654,*
p.Gln699Thr,0.97245026,0.013560528,*
p.Gln699Val,1.0174547,0.01806802,*
p.Gln699Trp,0.8350069,0.020161951,*
p.Gln699Tyr,0.9409115,0.008602987,*
p.Gln732Ala,0.96001035,0.018247547,*
p.Gln732Cys,0.92632186,0.019871596,*
p.Gln732Asp,0.9837648,0.020037927,*
p.Gln732Glu,0.99967605,0.02002274,*
p.Gln732Phe,0.90364885,0.011167694,*
p.Gln732Gly,0.94343245,0.017530436,*
p.Gln732His,0.9244238,0.014732055,*
p.Gln732Ile,0.94706154,0.024452912,*
p.Gln732Lys,0.89283067,0.013412219,*
p.Gln732Leu,0.8752602,0.019009173,*
p.Gln732Met,0.9817537,0.013148034,*
p.Gln732Asn,1.0401667,0.020326305,*
p.Gln732Pro,0.74843895,0.017744549,*
p.Gln732Arg,0.9116991,0.013999942,*
p.Gln732Ser,0.9526178,0.016538827,*
p.Gln732Thr,0.9357852,0.016658792,*
p.Gln732Val,0.9465845,0.015833458,*
p.Gln732Trp,0.8937232,0.009818923,*
p.Gln732Tyr,0.91217625,0.0109209055,*
p.Gln572Ala,0.86350524,0.024704836,*
p.Gln572Cys,0.7449533,0.016055776,*
p.Gln572Asp,0.8117275,0.023423214,*
p.Gln572Glu,0.86071175,0.02246812,*
p.Gln572Phe,0.77652043,0.032717433,*
p.Gln572Gly,0.83163357,0.017734915,*
p.Gln572His,0.8100263,0.028660774,*
p.Gln572Ile,0.68113047,0.031301692,*
p.Gln572Lys,0.789265,0.02286848,*
p.Gln572Leu,0.7767186,0.017434213,*
p.Gln572Met,0.79963726,0.025484055,*
p.Gln572Asn,0.85016775,0.025088029,*
p.Gln572Pro,0.5966164,0.026253503,*
p.Gln572Arg,0.8068091,0.01517761,*
p.Gln572Ser,0.7922309,0.022046292,*
p.Gln572Thr,0.795097,0.01734148,*
p.Gln572Val,0.6754929,0.023158958,*
p.Gln572Trp,0.70979345,0.022819694,*
p.Gln572Tyr,0.76964176,0.015930202,*
p.Gln595Ala,0.8874668,0.028325977,*
p.Gln595Cys,0.799032,0.024210723,*
p.Gln595Asp,0.66382235,0.028301397,*
p.Gln595Glu,0.8057461,0.019645236,*
p.Gln595Phe,0.7465759,0.02720631,*
p.Gln595Gly,0.82636154,0.020840976,*
p.Gln595His,0.83753777,0.023769503,*
p.Gln595Ile,0.87254125,0.02415706,*
p.Gln595Lys,0.745625,0.03145587,*
p.Gln595Leu,0.75323665,0.026737062,*
p.Gln595Met,0.87074536,0.0195431,*
p.Gln595Asn,0.7544861,0.02617025,*
p.Gln595Pro,0.5710205,0.024492303,*
p.Gln595Arg,0.8451742,0.016286412,*
p.Gln595Ser,0.8392145,0.019081367,*
p.Gln595Thr,0.82003725,0.014717242,*
p.Gln595Val,0.8653083,0.021987613,*
p.Gln595Trp,0.7079771,0.014209187,*
p.Gln595Tyr,0.7315946,0.013313348,*
p.Arg680Ala,0.9940195,0.01216468,*
p.Arg680Cys,1.0261009,0.015384357,*
p.Arg680Asp,0.91331613,0.016153365,*
p.Arg680Glu,0.97976387,0.018430823,*
p.Arg680Phe,0.86692685,0.02197554,*
p.Arg680Gly,0.97611797,0.017096668,*
p.Arg680His,0.9430138,0.029709166,*
p.Arg680Ile,0.9599079,0.01657111,*
p.Arg680Lys,0.96486664,0.01796721,*
p.Arg680Leu,0.91219676,0.012494058,*
p.Arg680Met,0.8406373,0.018861525,*
p.Arg680Asn,0.9782651,0.012851328,*
p.Arg680Pro,0.91518134,0.018527767,*
p.Arg680Gln,0.9816286,0.021057853,*
p.Arg680Ser,0.94437075,0.01260296,*
p.Arg680Thr,0.9373234,0.0119271,*
p.Arg680Val,0.9400996,0.016398326,*
p.Arg680Trp,0.8504798,0.020435097,*
p.Arg680Tyr,0.9442197,0.016522337,*
p.Arg691Ala,0.9110718,0.026034528,*
p.Arg691Cys,0.8754412,0.022923607,*
p.Arg691Asp,0.8627087,0.021215474,*
p.Arg691Glu,0.8433851,0.019542474,*
p.Arg691Phe,0.7492861,0.024423974,*
p.Arg691Gly,0.8584504,0.019712474,*
p.Arg691His,0.9005744,0.021145197,*
p.Arg691Ile,0.83957607,0.017073702,*
p.Arg691Lys,0.8883811,0.027326642,*
p.Arg691Leu,0.8833035,0.013332649,*
p.Arg691Met,0.81892157,0.024026638,*
p.Arg691Asn,0.847566,0.019209845,*
p.Arg691Pro,0.7145409,0.018391853,*
p.Arg691Gln,0.96522987,0.028825557,*
p.Arg691Ser,0.8436119,0.026693745,*
p.Arg691Thr,0.86702156,0.011668301,*
p.Arg691Val,0.78872454,0.019917244,*
p.Arg691Trp,0.7298919,0.022747893,*
p.Arg691Tyr,0.9030636,0.019832904,*
p.Arg712Ala,0.88427246,0.016257718,*
p.Arg712Cys,0.94380534,0.021791285,*
p.Arg712Asp,0.86104524,0.028239723,*
p.Arg712Glu,0.89609873,0.017603105,*
p.Arg712Phe,0.78276956,0.018928546,*
p.Arg712Gly,0.75455946,0.024340473,*
p.Arg712His,0.9092561,0.027185954,*
p.Arg712Ile,0.8206827,0.024440406,*
p.Arg712Lys,0.94037783,0.014588805,*
p.Arg712Leu,0.9245666,0.016519878,*
p.Arg712Met,0.8606898,0.017111637,*
p.Arg712Asn,0.9033375,0.03392373,*
p.Arg712Pro,0.6921082,0.025774606,*
p.Arg712Gln,0.91333187,0.02039661,*
p.Arg712Ser,0.8155286,0.023999132,*
p.Arg712Thr,0.77665675,0.017430002,*
p.Arg712Val,0.83391225,0.022099061,*
p.Arg712Trp,0.7895443,0.013046064,*
p.Arg712Tyr,0.90442085,0.025626676,*
p.Arg718Cys,0.9150751,0.023959747,*
p.Arg718Glu,0.9460386,0.012634751,*
p.Arg718Phe,0.76951045,0.021053232,*
p.Arg718His,0.85404265,0.026104666,*
p.Arg718Ile,0.91175926,0.013309794,*
p.Arg718Lys,0.9096697,0.03173482,*
p.Arg718Leu,0.87835705,0.017747646,*
p.Arg718Met,0.8558359,0.029802373,*
p.Arg718Asn,0.83196545,0.019256925,*
p.Arg718Gln,0.9702676,0.012739374,*
p.Arg718Ser,0.86781186,0.016343102,*
p.Arg718Thr,0.8874404,0.013950499,*
p.Arg718Val,0.82201654,0.012703694,*
p.Arg718Trp,0.7837645,0.013097358,*
p.Arg718Tyr,0.86395895,0.021306448,*
p.Arg749Ala,0.8966225,0.016365744,*
p.Arg749Cys,0.99395686,0.015653279,*
p.Arg749Asp,0.89728916,0.027326047,*
p.Arg749Glu,0.93304217,0.026067037,*
p.Arg749Phe,0.84012985,0.02309643,*
p.Arg749Gly,0.8860653,0.014943454,*
p.Arg749His,0.89008886,0.029148046,*
p.Arg749Ile,0.8957513,0.029237464,*
p.Arg749Lys,0.91561115,0.043241553,*
p.Arg749Leu,0.86950266,0.015692484,*
p.Arg749Met,0.91238034,0.020107137,*
p.Arg749Asn,0.87059987,0.036369503,*
p.Arg749Pro,0.7373378,0.023202116,*
p.Arg749Gln,0.9603162,0.020636199,*
p.Arg749Ser,0.86172044,0.03442868,*
p.Arg749Thr,0.9185734,0.019278243,*
p.Arg749Val,0.84817284,0.019085335,*
p.Arg749Trp,0.8463009,0.020787355,*
p.Arg749Tyr,0.9332425,0.032023795,*
p.Arg751Ala,0.94652987,0.0106311375,*
p.Arg751Cys,0.99394387,0.007563924,*
p.Arg751Asp,0.94091827,0.019938042,*
p.Arg751Glu,0.968145,0.018823756,*
p.Arg751Gly,0.90393925,0.0142266,*
p.Arg751His,0.9644496,0.02294454,*
p.Arg751Ile,0.95634574,0.029118821,*
p.Arg751Lys,0.9102458,0.015030968,*
p.Arg751Leu,0.9173826,0.017649746,*
p.Arg751Met,0.9072319,0.018299976,*
p.Arg751Asn,0.9020693,0.01411193,*
p.Arg751Pro,0.7263348,0.023387205,*
p.Arg751Gln,0.9592204,0.018870583,*
p.Arg751Ser,0.9237707,0.01587353,*
p.Arg751Thr,0.94673747,0.012938714,*
p.Arg751Val,0.9097055,0.0161662,*
p.Arg751Trp,0.90660113,0.014216784,*
p.Arg751Tyr,0.9863105,0.026354562,*
p.Arg585Ala,0.8161422,0.026042214,*
p.Arg585Cys,0.8012905,0.03287568,*
p.Arg585Asp,0.7663104,0.02402784,*
p.Arg585Glu,0.7797362,0.018030297,*
p.Arg585Phe,0.6704601,0.036514577,*
p.Arg585Gly,0.7603374,0.01891366,*
p.Arg585His,0.83016807,0.018319217,*
p.Arg585Lys,0.7984762,0.0186981,*
p.Arg585Leu,0.76029605,0.022701578,*
p.Arg585Met,0.7350158,0.026076978,*
p.Arg585Asn,0.74467814,0.018118637,*
p.Arg585Pro,0.7026525,0.025246015,*
p.Arg585Gln,0.7845349,0.019545792,*
p.Arg585Ser,0.7793577,0.023695327,*
p.Arg585Thr,0.7629869,0.016989827,*
p.Arg585Val,0.7150036,0.027348546,*
p.Arg585Trp,0.7043591,0.021960646,*
p.Arg585Tyr,0.7894494,0.023217132,*
p.Arg611Ala,0.68169844,0.020471925,*
p.Arg611Cys,0.7309641,0.022770762,*
p.Arg611Asp,0.63354045,0.025132932,*
p.Arg611Glu,0.72538733,0.026743295,*
p.Arg611Phe,0.63952994,0.02805708,*
p.Arg611Gly,0.6481466,0.027169036,*
p.Arg611His,0.7280336,0.020777883,*
p.Arg611Ile,0.70052844,0.020460423,*
p.Arg611Lys,0.82295,0.032040004,*
p.Arg611Leu,0.80983055,0.01764801,*
p.Arg611Met,0.7410118,0.03391137,*
p.Arg611Asn,0.6661385,0.028969994,*
p.Arg611Pro,0.56817186,0.016015166,*
p.Arg611Gln,0.7328178,0.02746801,*
p.Arg611Ser,0.66666794,0.02674864,*
p.Arg611Thr,0.7283642,0.018401518,*
p.Arg611Val,0.69932497,0.019707398,*
p.Arg611Trp,0.69284904,0.021718139,*
p.Arg611Tyr,0.7723721,0.032088317,*
p.Arg622Ala,0.7949902,0.009849568,*
p.Arg622Cys,0.89302665,0.016693547,*
p.Arg622Asp,0.82351655,0.016886532,*
p.Arg622Glu,0.9050727,0.021271547,*
p.Arg622Phe,0.7872578,0.02717796,*
p.Arg622Gly,0.7638603,0.017103583,*
p.Arg622His,0.9243512,0.026760768,*
p.Arg622Ile,0.93360996,0.01759573,*
p.Arg622Lys,0.94885063,0.02609598,*
p.Arg622Leu,0.88956416,0.01931661,*
p.Arg622Met,0.8630096,0.023553533,*
p.Arg622Asn,0.8440486,0.0166843,*
p.Arg622Pro,0.7297319,0.021593088,*
p.Arg622Gln,0.89654243,0.013788502,*
p.Arg622Ser,0.86596596,0.023204409,*
p.Arg622Thr,0.915168,0.018135004,*
p.Arg622Val,0.8425239,0.017108334,*
p.Arg622Trp,0.77017146,0.01705323,*
p.Arg622Tyr,0.9732159,0.027872387,*
p.Arg628Ala,0.7726601,0.014891681,*
p.Arg628Cys,0.9016422,0.020197872,*
p.Arg628Asp,0.7933791,0.020314068,*
p.Arg628Glu,0.85789156,0.014927199,*
p.Arg628Phe,0.70658195,0.018486392,*
p.Arg628Gly,0.775358,0.02485508,*
p.Arg628His,0.9339875,0.027768707,*
p.Arg628Ile,0.80700094,0.014699752,*
p.Arg628Lys,0.87412995,0.024330309,*
p.Arg628Leu,0.92383444,0.015987819,*
p.Arg628Met,0.84521514,0.019950794,*
p.Arg628Asn,0.8031249,0.021296218,*
p.Arg628Pro,0.7018365,0.021167241,*
p.Arg628Gln,0.8706875,0.020933187,*
p.Arg628Ser,0.79363835,0.013041313,*
p.Arg628Thr,0.8333953,0.019763125,*
p.Arg628Val,0.795059,0.020753488,*
p.Arg628Trp,0.8199097,0.020840593,*
p.Arg628Tyr,0.8646773,0.01808811,*
p.Arg639Ala,0.9611085,0.02088622,*
p.Arg639Cys,1.0259333,0.017853478,*
p.Arg639Asp,0.9294548,0.021218805,*
p.Arg639Glu,0.96720237,0.02616594,*
p.Arg639Phe,0.79705507,0.018485213,*
p.Arg639Gly,0.9352808,0.017057888,*
p.Arg639His,0.98516047,0.014605774,*
p.Arg639Ile,0.9061923,0.020923814,*
p.Arg639Lys,0.8710601,0.018948166,*
p.Arg639Leu,0.96652955,0.01299651,*
p.Arg639Met,0.84607315,0.028939104,*
p.Arg639Asn,0.9183938,0.021486845,*
p.Arg639Pro,0.82940674,0.010936883,*
p.Arg639Gln,0.95116436,0.017631534,*
p.Arg639Ser,0.9267622,0.0071245213,*
p.Arg639Thr,0.9225833,0.010709154,*
p.Arg639Val,0.88290775,0.011468501,*
p.Arg639Trp,0.8561088,0.020843696,*
p.Arg639Tyr,0.9290799,0.021335594,*
p.Ser655Ala,0.9261387,0.020441562,*
p.Ser655Cys,0.84784305,0.023460083,*
p.Ser655Asp,0.9423193,0.016381443,*
p.Ser655Glu,0.96961516,0.015943991,*
p.Ser655Phe,0.8438798,0.025549343,*
p.Ser655Gly,0.88547486,0.018181635,*
p.Ser655His,0.8852161,0.016219685,*
p.Ser655Ile,0.8252041,0.018492654,*
p.Ser655Lys,0.82956904,0.02461664,*
p.Ser655Leu,0.8794693,0.017536683,*
p.Ser655Met,0.85386527,0.016653266,*
p.Ser655Asn,0.8697079,0.02708173,*
p.Ser655Pro,0.792441,0.041150138,*
p.Ser655Gln,0.90691787,0.01816357,*
p.Ser655Arg,0.88247716,0.018427046,*
p.Ser655Thr,0.9148671,0.011000208,*
p.Ser655Val,0.8756527,0.022041595,*
p.Ser655Trp,0.8957421,0.019020636,*
p.Ser655Tyr,0.9090475,0.017827328,*
p.Ser660Ala,0.9505814,0.02428968,*
p.Ser660Cys,0.94935834,0.02344497,*
p.Ser660Asp,1.0127313,0.01751662,*
p.Ser660Glu,1.0441965,0.021143574,*
p.Ser660Phe,0.9623535,0.04133951,*
p.Ser660Gly,0.9835578,0.019496148,*
p.Ser660His,0.91596335,0.026264014,*
p.Ser660Ile,0.90299445,0.02669963,*
p.Ser660Lys,0.8837904,0.025231509,*
p.Ser660Leu,0.9532755,0.022925783,*
p.Ser660Met,0.94768935,0.02391392,*
p.Ser660Asn,0.8911289,0.021734865,*
p.Ser660Pro,0.92510366,0.025135973,*
p.Ser660Gln,0.9499572,0.015232548,*
p.Ser660Arg,0.9247589,0.02414426,*
p.Ser660Thr,0.9609442,0.016207024,*
p.Ser660Val,0.90283996,0.013211757,*
p.Ser660Trp,0.9769424,0.027632127,*
p.Ser660Tyr,0.9769541,0.029843504,*
p.Ser664Ala,1.0220578,0.01831247,*
p.Ser664Cys,1.0290415,0.016440328,*
p.Ser664Asp,1.0142517,0.0075380886,*
p.Ser664Glu,1.0053346,0.018478787,*
p.Ser664Phe,0.9755046,0.01859484,*
p.Ser664Gly,1.022358,0.011091698,*
p.Ser664His,0.9648396,0.011854611,*
p.Ser664Ile,0.97208655,0.014767309,*
p.Ser664Lys,0.96745443,0.02150315,*
p.Ser664Leu,0.9778341,0.014240957,*
p.Ser664Met,0.96950877,0.013594634,*
p.Ser664Asn,0.99872035,0.021569323,*
p.Ser664Pro,0.95223176,0.021298347,*
p.Ser664Gln,0.9801706,0.018028727,*
p.Ser664Arg,0.97550154,0.013923287,*
p.Ser664Thr,1.0302447,0.012850525,*
p.Ser664Val,0.9292501,0.019204259,*
p.Ser664Trp,0.98769677,0.012456842,*
p.Ser664Tyr,1.0445945,0.012434981,*
p.Ser683Ala,1.0168782,0.014022925,*
p.Ser683Cys,0.95259154,0.014513879,*
p.Ser683Asp,0.88629234,0.019824682,*
p.Ser683Glu,0.95985425,0.019473255,*
p.Ser683Phe,0.86833125,0.02769249,*
p.Ser683Gly,0.89497197,0.017996699,*
p.Ser683Ile,0.95143414,0.017910682,*
p.Ser683Met,0.92275,0.009751995,*
p.Ser683Asn,0.97828275,0.024860686,*
p.Ser683Pro,0.8910238,0.0093706325,*
p.Ser683Gln,0.87472266,0.014821721,*
p.Ser683Arg,0.8242129,0.02107299,*
p.Ser683Thr,0.9690016,0.019156652,*
p.Ser683Val,0.845463,0.024787977,*
p.Ser683Trp,0.8157236,0.024074802,*
p.Ser683Tyr,0.88015985,0.015569663,*
p.Ser687Ala,0.95185155,0.024843978,*
p.Ser687Cys,0.9256808,0.016022643,*
p.Ser687Asp,0.8406784,0.018380873,*
p.Ser687Glu,0.790075,0.023315163,*
p.Ser687Phe,0.81170213,0.016445063,*
p.Ser687Gly,0.8529269,0.023725893,*
p.Ser687His,0.86046076,0.020315044,*
p.Ser687Ile,0.7776318,0.011649168,*
p.Ser687Lys,0.85581386,0.018060787,*
p.Ser687Leu,0.80744267,0.016047463,*
p.Ser687Met,0.71901083,0.0152323,*
p.Ser687Asn,0.79269814,0.025683979,*
p.Ser687Pro,0.80796224,0.023511494,*
p.Ser687Gln,0.7585496,0.019351512,*
p.Ser687Arg,0.7295168,0.020797914,*
p.Ser687Thr,0.8984231,0.021956986,*
p.Ser687Val,0.8042062,0.021965642,*
p.Ser687Trp,0.787172,0.01563806,*
p.Ser687Tyr,0.9066615,0.024070362,*
p.Ser701Ala,0.9658704,0.017678794,*
p.Ser701Cys,0.9048319,0.022741709,*
p.Ser701Asp,0.9293262,0.017420733,*
p.Ser701Glu,0.9603739,0.017473144,*
p.Ser701Phe,0.88661397,0.013811317,*
p.Ser701Gly,0.92770004,0.010603248,*
p.Ser701His,0.9099258,0.016228432,*
p.Ser701Ile,0.9499531,0.021115998,*
p.Ser701Lys,0.8845272,0.025068475,*
p.Ser701Leu,0.8990351,0.021206997,*
p.Ser701Met,0.90159595,0.014239616,*
p.Ser701Asn,0.9071581,0.026744505,*
p.Ser701Pro,0.73219126,0.042258944,*
p.Ser701Gln,0.9570794,0.011985673,*
p.Ser701Arg,0.863208,0.024485372,*
p.Ser701Thr,0.91541654,0.027791101,*
p.Ser701Val,0.90857506,0.015349659,*
p.Ser701Trp,0.8170091,0.015058266,*
p.Ser701Tyr,0.96944,0.017446533,*
p.Ser716Ala,0.9553251,0.015578512,*
p.Ser716Cys,0.93883944,0.013996295,*
p.Ser716Asp,0.9037736,0.015854076,*
p.Ser716Glu,0.8318949,0.022988217,*
p.Ser716Phe,0.7508575,0.02151039,*
p.Ser716Gly,0.8779198,0.017689241,*
p.Ser716His,0.75103307,0.015480622,*
p.Ser716Ile,0.89782363,0.016018193,*
p.Ser716Lys,0.7712506,0.012196879,*
p.Ser716Leu,0.893264,0.021635244,*
p.Ser716Met,0.8543855,0.016875297,*
p.Ser716Asn,0.86557305,0.015544343,*
p.Ser716Pro,0.78127027,0.012411006,*
p.Ser716Gln,0.8864769,0.021260811,*
p.Ser716Arg,0.7174171,0.010256487,*
p.Ser716Val,0.8423281,0.018415347,*
p.Ser716Trp,0.7589135,0.01732364,*
p.Ser716Tyr,0.78358424,0.018178774,*
p.Ser726Ala,1.0186273,0.017232353,*
p.Ser726Cys,1.0093693,0.010849749,*
p.Ser726Asp,0.96833694,0.013539446,*
p.Ser726Glu,1.0301583,0.033926494,*
p.Ser726Phe,0.83015233,0.0147482045,*
p.Ser726Gly,0.8971323,0.0149145145,*
p.Ser726His,0.86428624,0.019579854,*
p.Ser726Ile,0.8811432,0.018186517,*
p.Ser726Lys,0.8259295,0.019117475,*
p.Ser726Leu,0.8854356,0.016010353,*
p.Ser726Met,0.834873,0.017822972,*
p.Ser726Asn,0.9588955,0.021332555,*
p.Ser726Pro,0.8009958,0.020273883,*
p.Ser726Gln,0.8565544,0.025167692,*
p.Ser726Arg,0.77369285,0.018543927,*
p.Ser726Thr,1.0422872,0.022117645,*
p.Ser726Val,0.91920984,0.016023444,*
p.Ser726Trp,0.82764643,0.01931486,*
p.Ser726Tyr,0.88796884,0.02658786,*
p.Ser729Ala,1.0200559,0.014038914,*
p.Ser729Cys,0.9573846,0.01996622,*
p.Ser729Asp,1.0114897,0.014317447,*
p.Ser729Glu,0.9971506,0.024099436,*
p.Ser729Phe,0.8842821,0.018494163,*
p.Ser729Gly,0.9412135,0.00966679,*
p.Ser729His,0.87728214,0.009031625,*
p.Ser729Ile,0.9077342,0.017697606,*
p.Ser729Lys,0.88112736,0.021162197,*
p.Ser729Leu,0.9911922,0.023560546,*
p.Ser729Met,0.9401924,0.018630723,*
p.Ser729Asn,1.0017159,0.03105659,*
p.Ser729Pro,0.9215544,0.015156918,*
p.Ser729Gln,0.9727095,0.015610094,*
p.Ser729Arg,0.88873065,0.0150879985,*
p.Ser729Thr,0.9199786,0.015904382,*
p.Ser729Val,0.9267238,0.018519014,*
p.Ser729Trp,0.9205984,0.01609683,*
p.Ser729Tyr,0.978456,0.022843925,*
p.Ser735Ala,1.0577323,0.023726366,*
p.Ser735Cys,0.9519075,0.024957186,*
p.Ser735Asp,1.0298684,0.0144552905,*
p.Ser735Glu,0.9629483,0.02961638,*
p.Ser735Phe,0.8640935,0.024055695,*
p.Ser735Gly,0.92898405,0.018010382,*
p.Ser735His,0.9590725,0.013292839,*
p.Ser735Ile,0.78293264,0.020878939,*
p.Ser735Lys,0.8422675,0.023370255,*
p.Ser735Leu,1.0062664,0.008518933,*
p.Ser735Met,0.8748679,0.0152108595,*
p.Ser735Asn,0.93444955,0.02708368,*
p.Ser735Pro,0.7858678,0.024023492,*
p.Ser735Gln,0.98416424,0.02057689,*
p.Ser735Arg,0.9121874,0.025991743,*
p.Ser735Thr,0.84167606,0.015801553,*
p.Ser735Val,0.9254559,0.025276942,*
p.Ser735Trp,0.85561705,0.014464852,*
p.Ser735Tyr,0.930338,0.019563617,*
p.Ser739Ala,1.0602124,0.022538994,*
p.Ser739Cys,0.9618424,0.023256714,*
p.Ser739Asp,1.0078943,0.019122839,*
p.Ser739Glu,1.0054932,0.030795356,*
p.Ser739Phe,0.8942741,0.017916568,*
p.Ser739Gly,0.8951086,0.024593094,*
p.Ser739His,0.9719405,0.02140913,*
p.Ser739Ile,0.8900533,0.023909498,*
p.Ser739Lys,0.8859374,0.031346466,*
p.Ser739Leu,0.94520485,0.010595478,*
p.Ser739Met,0.88788617,0.016508508,*
p.Ser739Asn,0.98150235,0.027042968,*
p.Ser739Pro,0.8102983,0.02236181,*
p.Ser739Gln,0.98422444,0.016313309,*
p.Ser739Arg,0.90316355,0.022173176,*
p.Ser739Thr,1.0168226,0.027785562,*
p.Ser739Val,0.8716237,0.03148124,*
p.Ser739Trp,0.8943186,0.016289664,*
p.Ser739Tyr,0.9451009,0.023006206,*
p.Ser742Ala,1.0347352,0.023011368,*
p.Ser742Cys,1.0032318,0.02162757,*
p.Ser742Asp,1.0108882,0.021182733,*
p.Ser742Glu,1.0007528,0.02187551,*
p.Ser742Phe,0.8535765,0.014024765,*
p.Ser742Gly,0.9339256,0.027849691,*
p.Ser742His,0.9336842,0.012886993,*
p.Ser742Ile,0.8776026,0.025487017,*
p.Ser742Lys,0.8471972,0.022984818,*
p.Ser742Leu,0.9997662,0.018607236,*
p.Ser742Met,0.91722614,0.01658558,*
p.Ser742Asn,0.8986457,0.023420503,*
p.Ser742Pro,0.85452414,0.01752468,*
p.Ser742Gln,1.0043409,0.017401963,*
p.Ser742Arg,0.8940853,0.020581122,*
p.Ser742Thr,1.0422661,0.028662035,*
p.Ser742Val,0.89602077,0.019347366,*
p.Ser742Trp,0.9067615,0.0135872625,*
p.Ser742Tyr,0.90992767,0.023069507,*
p.Ser554Ala,0.97190124,0.024483996,*
p.Ser554Cys,0.94269705,0.027831962,*
p.Ser554Asp,0.84254664,0.0168578,*
p.Ser554Glu,0.9704644,0.01941783,*
p.Ser554Phe,0.7490234,0.015453732,*
p.Ser554Gly,0.9416753,0.016508449,*
p.Ser554His,0.80130607,0.026796201,*
p.Ser554Ile,0.8856667,0.022914842,*
p.Ser554Lys,0.8226697,0.018378928,*
p.Ser554Leu,0.86494493,0.021013305,*
p.Ser554Met,0.8720686,0.009077403,*
p.Ser554Asn,0.81363314,0.020109054,*
p.Ser554Pro,0.8018228,0.024145544,*
p.Ser554Gln,0.88486415,0.022970654,*
p.Ser554Arg,0.8666347,0.011108683,*
p.Ser554Thr,0.97922117,0.021245206,*
p.Ser554Val,0.8649112,0.018349268,*
p.Ser554Trp,0.7770361,0.020460254,*
p.Ser554Tyr,0.8455685,0.018000375,*
p.Ser581Ala,0.994744,0.025183331,*
p.Ser581Cys,0.968434,0.02045653,*
p.Ser581Asp,0.9311732,0.011959198,*
p.Ser581Glu,0.9395375,0.010461939,*
p.Ser581Phe,0.84706175,0.015819835,*
p.Ser581Gly,0.9180951,0.010237153,*
p.Ser581His,0.92885953,0.017928421,*
p.Ser581Ile,0.9252655,0.01407389,*
p.Ser581Lys,0.9096875,0.023681931,*
p.Ser581Leu,0.9156483,0.019310296,*
p.Ser581Met,0.9182433,0.019110054,*
p.Ser581Asn,0.89123803,0.03383296,*
p.Ser581Pro,0.86630124,0.027031671,*
p.Ser581Gln,0.9303241,0.015485821,*
p.Ser581Arg,0.79765624,0.011364017,*
p.Ser581Thr,0.9716698,0.020004585,*
p.Ser581Val,0.8787708,0.015273117,*
p.Ser581Trp,0.8293885,0.011513576,*
p.Ser581Tyr,0.97962844,0.012062884,*
p.Ser592Ala,0.8990723,0.021524657,*
p.Ser592Cys,0.84693736,0.034309566,*
p.Ser592Asp,0.8740718,0.015850896,*
p.Ser592Glu,0.953156,0.023908561,*
p.Ser592Phe,0.7097583,0.02303442,*
p.Ser592Gly,0.9268096,0.01237577,*
p.Ser592His,0.8438169,0.014770216,*
p.Ser592Ile,0.85029584,0.022800662,*
p.Ser592Lys,0.70495236,0.04424677,*
p.Ser592Leu,0.89241564,0.018911645,*
p.Ser592Met,0.81595504,0.023582594,*
p.Ser592Asn,0.8831131,0.022435335,*
p.Ser592Pro,0.6704159,0.029280487,*
p.Ser592Gln,0.91216165,0.019224394,*
p.Ser592Arg,0.8326386,0.027919956,*
p.Ser592Thr,0.93905514,0.03477315,*
p.Ser592Val,0.83901596,0.028028395,*
p.Ser592Trp,0.8166111,0.012205188,*
p.Ser592Tyr,0.908683,0.017816324,*
p.Ser556Ala,0.86318475,0.03308361,*
p.Ser556Cys,0.88198614,0.02969361,*
p.Ser556Asp,0.9297142,0.0144126415,*
p.Ser556Glu,0.9620985,0.016283864,*
p.Ser556Phe,0.8267751,0.020350717,*
p.Ser556Gly,0.9247497,0.019826092,*
p.Ser556His,0.87015915,0.019605752,*
p.Ser556Ile,0.8767642,0.023534244,*
p.Ser556Lys,0.8068768,0.018618684,*
p.Ser556Leu,0.8560522,0.019661663,*
p.Ser556Met,0.8560931,0.01605658,*
p.Ser556Asn,0.8414912,0.037857745,*
p.Ser556Pro,0.7204951,0.03510348,*
p.Ser556Gln,0.8990041,0.024698038,*
p.Ser556Arg,0.84155035,0.0114470245,*
p.Ser556Thr,0.9362734,0.022698628,*
p.Ser556Val,0.87579286,0.016743055,*
p.Ser556Trp,0.8067973,0.020235626,*
p.Ser556Tyr,0.9355979,0.016762301,*
p.Ser601Ala,1.025824,0.01912,*
p.Ser601Cys,0.9247757,0.055373557,*
p.Ser601Asp,0.9990282,0.014333962,*
p.Ser601Glu,0.96689165,0.0138296075,*
p.Ser601Phe,0.8465071,0.02620423,*
p.Ser601Gly,0.96383846,0.018369747,*
p.Ser601His,0.9145435,0.017130984,*
p.Ser601Ile,0.8680316,0.015014978,*
p.Ser601Lys,0.75915486,0.04956701,*
p.Ser601Leu,0.92726123,0.02692625,*
p.Ser601Met,0.92157614,0.018633612,*
p.Ser601Asn,0.89580786,0.021147218,*
p.Ser601Pro,0.83863556,0.02717993,*
p.Ser601Gln,0.96875083,0.020448806,*
p.Ser601Arg,0.9167849,0.018381322,*
p.Ser601Thr,0.9503088,0.02842058,*
p.Ser601Val,0.8944069,0.017232683,*
p.Ser601Trp,0.88380593,0.021058705,*
p.Ser601Tyr,0.9532154,0.022888618,*
p.Ser608Ala,1.0474364,0.023748733,*
p.Ser608Cys,0.8860892,0.020182792,*
p.Ser608Asp,0.7871344,0.019273203,*
p.Ser608Glu,0.8202337,0.021499269,*
p.Ser608Phe,0.77780545,0.022209233,*
p.Ser608Gly,0.9347235,0.016273394,*
p.Ser608His,0.8513891,0.022176778,*
p.Ser608Ile,0.7945861,0.016913628,*
p.Ser608Lys,0.78784835,0.02263404,*
p.Ser608Leu,0.84812415,0.015889423,*
p.Ser608Met,0.7999922,0.020385554,*
p.Ser608Asn,0.752597,0.027345454,*
p.Ser608Pro,0.74234164,0.025442053,*
p.Ser608Gln,0.8007466,0.027308218,*
p.Ser608Arg,0.7226567,0.012324139,*
p.Ser608Thr,0.90435123,0.02296446,*
p.Ser608Val,0.7885947,0.03226338,*
p.Ser608Trp,0.78440773,0.01800198,*
p.Ser608Tyr,0.8515952,0.01591592,*
p.Ser609Ala,0.99719775,0.0285863,*
p.Ser609Cys,0.8594929,0.015642645,*
p.Ser609Asp,0.9396919,0.015834542,*
p.Ser609Glu,0.93301404,0.012833044,*
p.Ser609Phe,0.82175124,0.016679619,*
p.Ser609Gly,0.90627205,0.014845284,*
p.Ser609His,0.90365714,0.022128552,*
p.Ser609Ile,0.90708846,0.01791726,*
p.Ser609Lys,0.81494534,0.022459632,*
p.Ser609Leu,0.9043478,0.018941993,*
p.Ser609Met,0.88360786,0.013359318,*
p.Ser609Asn,0.8477231,0.032967757,*
p.Ser609Pro,0.66004515,0.020586286,*
p.Ser609Gln,0.90139693,0.015186562,*
p.Ser609Arg,0.8169449,0.020233134,*
p.Ser609Thr,0.98661536,0.029009352,*
p.Ser609Val,0.8618883,0.016806465,*
p.Ser609Trp,0.79353184,0.017903306,*
p.Ser609Tyr,0.9364704,0.020720966,*
p.Ser625Ala,0.9819851,0.034330063,*
p.Ser625Cys,0.8519346,0.02889487,*
p.Ser625Asp,0.99423087,0.014578825,*
p.Ser625Glu,0.9696376,0.018111436,*
p.Ser625Phe,0.8288089,0.016402341,*
p.Ser625Gly,0.8994786,0.017516123,*
p.Ser625His,0.87236845,0.016321363,*
p.Ser625Ile,0.8986042,0.013670788,*
p.Ser625Lys,0.7889515,0.026531242,*
p.Ser625Leu,0.8796129,0.008451191,*
p.Ser625Met,0.8590827,0.016158435,*
p.Ser625Asn,0.8643271,0.025267217,*
p.Ser625Gln,0.87662995,0.02896976,*
p.Ser625Arg,0.9073027,0.016897827,*
p.Ser625Thr,0.8515059,0.024406673,*
p.Ser625Val,0.8822419,0.027623069,*
p.Ser625Trp,0.86578655,0.013543145,*
p.Ser625Tyr,0.94122046,0.034146074,*
p.Ser641Ala,1.027396,0.013097113,*
p.Ser641Cys,0.91560334,0.025133148,*
p.Ser641Asp,0.81554383,0.013352953,*
p.Ser641Glu,0.8854474,0.030984329,*
p.Ser641Phe,0.825033,0.014164628,*
p.Ser641Gly,0.8309808,0.015787719,*
p.Ser641His,0.84594476,0.02394303,*
p.Ser641Ile,0.8118392,0.02413293,*
p.Ser641Lys,0.8064979,0.033669982,*
p.Ser641Leu,0.8467655,0.015315563,*
p.Ser641Met,0.8440806,0.013200607,*
p.Ser641Asn,0.7943139,0.027649626,*
p.Ser641Pro,0.8341967,0.03466791,*
p.Ser641Gln,0.765847,0.022217805,*
p.Ser641Arg,0.768461,0.022971658,*
p.Ser641Thr,0.8560635,0.026912028,*
p.Ser641Val,0.76881385,0.02408407,*
p.Ser641Trp,0.81542176,0.013946925,*
p.Ser641Tyr,0.85099125,0.02951721,*
p.Thr659Ala,0.9523591,0.024016067,*
p.Thr659Cys,0.8915823,0.029645886,*
p.Thr659Asp,0.90505344,0.018312376,*
p.Thr659Glu,0.97119284,0.020149687,*
p.Thr659Phe,0.93814945,0.023753244,*
p.Thr659Gly,0.93793046,0.01295051,*
p.Thr659His,0.84856004,0.028198993,*
p.Thr659Ile,0.87962466,0.021738809,*
p.Thr659Leu,0.9190108,0.017159782,*
p.Thr659Met,0.9419708,0.017241642,*
p.Thr659Asn,0.8798865,0.023922624,*
p.Thr659Pro,0.783296,0.039169125,*
p.Thr659Gln,0.8919298,0.02161715,*
p.Thr659Arg,0.8909358,0.025502134,*
p.Thr659Val,0.90296173,0.022554664,*
p.Thr659Trp,0.93461525,0.014529974,*
p.Thr659Tyr,0.9340739,0.021386858,*
p.Thr667Ala,0.9474131,0.02703127,*
p.Thr667Cys,0.9689897,0.012599395,*
p.Thr667Asp,0.9583615,0.02327966,*
p.Thr667Glu,1.0350099,0.015724782,*
p.Thr667Phe,1.0322539,0.015611432,*
p.Thr667Gly,0.9551713,0.010188942,*
p.Thr667His,0.9330619,0.016535895,*
p.Thr667Ile,0.94593525,0.017538222,*
p.Thr667Lys,0.9134328,0.03555997,*
p.Thr667Leu,1.0030501,0.008465226,*
p.Thr667Met,0.98608226,0.015224374,*
p.Thr667Asn,0.9800145,0.014515376,*
p.Thr667Pro,1.0421896,0.02185385,*
p.Thr667Gln,0.8951205,0.017970573,*
p.Thr667Arg,0.9407981,0.016556086,*
p.Thr667Ser,1.0856895,0.013691969,*
p.Thr667Val,0.945358,0.016113851,*
p.Thr667Trp,1.0059954,0.014884331,*
p.Thr667Tyr,0.9724762,0.021832421,*
p.Thr725Ala,0.937374,0.020858478,*
p.Thr725Cys,0.88886195,0.015822854,*
p.Thr725Asp,0.9165694,0.024604345,*
p.Thr725Glu,0.85689,0.016843352,*
p.Thr725Phe,0.8069283,0.020682214,*
p.Thr725Gly,0.8818954,0.01692009,*
p.Thr725His,0.8690795,0.029490933,*
p.Thr725Ile,0.92103136,0.019190442,*
p.Thr725Lys,0.7623054,0.022555403,*
p.Thr725Leu,0.8481307,0.017183902,*
p.Thr725Met,0.93141615,0.01586724,*
p.Thr725Asn,0.910103,0.023470033,*
p.Thr725Pro,0.7561859,0.021760222,*
p.Thr725Gln,0.9117975,0.01813411,*
p.Thr725Arg,0.8435891,0.022764836,*
p.Thr725Ser,1.0503366,0.026882425,*
p.Thr725Val,0.89934605,0.013115081,*
p.Thr725Trp,0.78458685,0.017310586,*
p.Thr725Tyr,0.81522924,0.020684676,*
p.Thr746Ala,0.9276721,0.022537602,*
p.Thr746Cys,0.93316984,0.014843237,*
p.Thr746Asp,0.91047114,0.022991916,*
p.Thr746Glu,0.92936504,0.0135363145,*
p.Thr746Phe,0.8772502,0.013035927,*
p.Thr746Gly,0.8252575,0.010680784,*
p.Thr746His,0.9072046,0.018522425,*
p.Thr746Ile,0.7499779,0.028390734,*
p.Thr746Lys,0.81070566,0.02367587,*
p.Thr746Leu,0.9163326,0.020186614,*
p.Thr746Met,0.93309057,0.016845623,*
p.Thr746Asn,0.93638134,0.017311724,*
p.Thr746Pro,0.85200965,0.025370823,*
p.Thr746Gln,0.89649314,0.009662387,*
p.Thr746Arg,0.7943826,0.012242644,*
p.Thr746Ser,0.96897805,0.011762144,*
p.Thr746Val,0.8603301,0.014879553,*
p.Thr746Trp,0.8443384,0.019757858,*
p.Thr746Tyr,0.84909046,0.016533189,*
p.Thr573Ala,0.8315457,0.021559866,*
p.Thr573Cys,0.8317133,0.014856218,*
p.Thr573Asp,0.8541188,0.018547265,*
p.Thr573Glu,0.827913,0.021580055,*
p.Thr573Phe,0.7626649,0.011735591,*
p.Thr573Gly,0.8136941,0.008986477,*
p.Thr573His,0.91474116,0.016395366,*
p.Thr573Ile,0.8172865,0.02474675,*
p.Thr573Lys,0.790704,0.024329688,*
p.Thr573Leu,0.7984137,0.019882277,*
p.Thr573Met,0.85181856,0.0141770905,*
p.Thr573Asn,0.923539,0.020367661,*
p.Thr573Pro,0.65876806,0.027589919,*
p.Thr573Gln,0.88851815,0.020607542,*
p.Thr573Arg,0.72999704,0.032709587,*
p.Thr573Ser,0.9649545,0.026548514,*
p.Thr573Val,0.81260574,0.021046607,*
p.Thr573Trp,0.72240996,0.025526598,*
p.Thr573Tyr,0.76417935,0.024797661,*
p.Thr577Ala,0.93471384,0.03807736,*
p.Thr577Cys,0.89702237,0.026408734,*
p.Thr577Asp,0.91604584,0.022114657,*
p.Thr577Glu,0.90110767,0.013634578,*
p.Thr577Phe,0.8160435,0.013352328,*
p.Thr577Gly,0.8878952,0.011036263,*
p.Thr577His,0.94598484,0.027113752,*
p.Thr577Ile,0.8424637,0.015378093,*
p.Thr577Lys,0.8067094,0.021335043,*
p.Thr577Leu,0.8933643,0.013566912,*
p.Thr577Met,0.937992,0.019058062,*
p.Thr577Asn,0.9125471,0.023084851,*
p.Thr577Pro,0.69930875,0.025571508,*
p.Thr577Gln,0.9306038,0.021848219,*
p.Thr577Arg,0.82692784,0.020443806,*
p.Thr577Ser,1.0158503,0.023435667,*
p.Thr577Val,0.89764893,0.019686256,*
p.Thr577Trp,0.7989524,0.0151715055,*
p.Thr577Tyr,0.8643576,0.019944498,*
p.Thr584Ala,0.93314636,0.02336383,*
p.Thr584Cys,0.86026174,0.031459074,*
p.Thr584Glu,0.91397685,0.020682966,*
p.Thr584Phe,0.87780905,0.028364578,*
p.Thr584Gly,0.8993043,0.021870174,*
p.Thr584His,0.98135024,0.023271322,*
p.Thr584Ile,0.8871132,0.022375625,*
p.Thr584Lys,0.82110196,0.030773606,*
p.Thr584Leu,0.8934261,0.017106846,*
p.Thr584Met,0.9772824,0.023041597,*
p.Thr584Asn,0.89979106,0.021606741,*
p.Thr584Pro,0.72875893,0.023271078,*
p.Thr584Gln,0.8818871,0.01959369,*
p.Thr584Arg,0.84963405,0.01944489,*
p.Thr584Ser,0.99037373,0.029371198,*
p.Thr584Val,0.9019661,0.017991886,*
p.Thr584Trp,0.8826481,0.017351456,*
p.Thr584Tyr,0.8982643,0.017913159,*
p.Thr603Ala,0.8717348,0.03759911,*
p.Thr603Cys,0.8651899,0.028272742,*
p.Thr603Asp,0.91389084,0.02412235,*
p.Thr603Glu,0.9218478,0.020098086,*
p.Thr603Phe,0.8804612,0.0164393,*
p.Thr603Gly,0.8914757,0.020754438,*
p.Thr603His,0.97700816,0.018288717,*
p.Thr603Ile,0.88900054,0.01653804,*
p.Thr603Lys,0.8439037,0.029355284,*
p.Thr603Leu,0.9212624,0.017450275,*
p.Thr603Met,0.9538027,0.021089448,*
p.Thr603Asn,0.9006252,0.03138411,*
p.Thr603Pro,0.84904146,0.02083101,*
p.Thr603Gln,0.9158136,0.012780396,*
p.Thr603Arg,0.86259955,0.026338467,*
p.Thr603Ser,1.0049531,0.030111654,*
p.Thr603Val,0.91484386,0.016262162,*
p.Thr603Trp,0.856552,0.017922962,*
p.Thr603Tyr,0.9087428,0.020596365,*
p.Thr562Ala,0.8007949,0.013182832,*
p.Thr562Cys,0.760621,0.026930727,*
p.Thr562Asp,0.8114546,0.020689264,*
p.Thr562Glu,0.82792056,0.017155485,*
p.Thr562Phe,0.6947559,0.021869058,*
p.Thr562Gly,0.73732436,0.0089869425,*
p.Thr562His,0.8378495,0.023749646,*
p.Thr562Ile,0.72504884,0.02691658,*
p.Thr562Lys,0.7420417,0.01749797,*
p.Thr562Leu,0.74733937,0.013084942,*
p.Thr562Met,0.8680757,0.015950603,*
p.Thr562Asn,0.725842,0.015629264,*
p.Thr562Pro,0.583441,0.028717844,*
p.Thr562Gln,0.81353587,0.01651079,*
p.Thr562Arg,0.73700637,0.027827732,*
p.Thr562Val,0.73686886,0.024396744,*
p.Thr562Trp,0.6773,0.015954081,*
p.Thr562Tyr,0.7572211,0.02100554,*
p.Val564Ala,0.88319844,0.01751478,*
p.Val564Cys,0.7829548,0.02151115,*
p.Val564Asp,0.58987695,0.026148092,*
p.Val564Glu,0.512997,0.020754376,*
p.Val564Phe,0.70162874,0.021749178,*
p.Val564Gly,0.6740555,0.026712483,*
p.Val564His,0.5981574,0.016381118,*
p.Val564Ile,0.7398922,0.013209615,*
p.Val564Lys,0.54282504,0.016298816,*
p.Val564Leu,0.79761636,0.026997808,*
p.Val564Met,0.64761186,0.0128296185,*
p.Val564Asn,0.6761638,0.02216774,*
p.Val564Gln,0.6193144,0.020040873,*
p.Val564Arg,0.5784666,0.016864348,*
p.Val564Ser,0.8218163,0.01515486,*
p.Val564Thr,0.8821378,0.018610755,*
p.Val564Trp,0.58561987,0.022242408,*
p.Val564Tyr,0.6408218,0.021238826,*
p.Val684Ala,0.950528,0.020831263,*
p.Val684Cys,0.9169863,0.011700735,*
p.Val684Asp,0.6505797,0.01662167,*
p.Val684Glu,0.74797,0.03059837,*
p.Val684Phe,0.7944547,0.023906885,*
p.Val684Gly,0.72354573,0.024534408,*
p.Val684His,0.72049874,0.019368423,*
p.Val684Ile,1.0086343,0.014402083,*
p.Val684Lys,0.77268445,0.023146626,*
p.Val684Leu,0.9467238,0.020538436,*
p.Val684Met,0.88876307,0.023707433,*
p.Val684Asn,0.7700535,0.022539055,*
p.Val684Pro,0.8299063,0.02458951,*
p.Val684Gln,0.8173025,0.023920266,*
p.Val684Arg,0.7285639,0.02054436,*
p.Val684Ser,0.8797755,0.012674966,*
p.Val684Thr,0.8968941,0.016146135,*
p.Val684Trp,0.7072194,0.023675,*
p.Val684Tyr,0.79744905,0.034450125,*
p.Val692Ala,0.840923,0.017569415,*
p.Val692Cys,0.7955003,0.018701911,*
p.Val692Asp,0.5619966,0.03152138,*
p.Val692Glu,0.5215806,0.022489531,*
p.Val692Phe,0.7335081,0.025669428,*
p.Val692Gly,0.62870204,0.020108804,*
p.Val692His,0.5930706,0.018767532,*
p.Val692Ile,0.86996686,0.020963425,*
p.Val692Lys,0.56479216,0.023460785,*
p.Val692Met,0.65860397,0.018338354,*
p.Val692Asn,0.6937947,0.020034386,*
p.Val692Pro,0.67685527,0.031517282,*
p.Val692Gln,0.60244936,0.021147383,*
p.Val692Arg,0.6100871,0.019087704,*
p.Val692Ser,0.78517205,0.017675592,*
p.Val692Thr,0.6811832,0.016961504,*
p.Val692Trp,0.5792635,0.016823618,*
p.Val692Tyr,0.65157825,0.02165056,*
p.Val705Ala,0.7774099,0.02159896,*
p.Val705Cys,0.7709294,0.018049482,*
p.Val705Asp,0.6490288,0.023366574,*
p.Val705Glu,0.5471843,0.026538976,*
p.Val705Phe,0.70828754,0.01526624,*
p.Val705Gly,0.60985935,0.019665318,*
p.Val705His,0.60823697,0.021423114,*
p.Val705Ile,0.8741802,0.010134061,*
p.Val705Lys,0.55788994,0.029155718,*
p.Val705Leu,0.79648936,0.019644255,*
p.Val705Met,0.68479776,0.022871641,*
p.Val705Pro,0.68077016,0.027255293,*
p.Val705Gln,0.63759094,0.024526501,*
p.Val705Arg,0.5958525,0.014586027,*
p.Val705Thr,0.7795328,0.018462041,*
p.Val705Trp,0.6751615,0.017407954,*
p.Val705Tyr,0.6551243,0.011912465,*
p.Val709Ala,0.73363066,0.017854491,*
p.Val709Cys,0.7376501,0.019757643,*
p.Val709Asp,0.64853024,0.019425875,*
p.Val709Glu,0.5699477,0.018441806,*
p.Val709Phe,0.66544676,0.022351716,*
p.Val709Gly,0.596466,0.016819958,*
p.Val709His,0.5446057,0.01732429,*
p.Val709Ile,0.87702656,0.015035799,*
p.Val709Lys,0.61942947,0.029703816,*
p.Val709Leu,0.87080705,0.020375637,*
p.Val709Met,0.6789403,0.01454888,*
p.Val709Asn,0.6433369,0.022669602,*
p.Val709Pro,0.6283588,0.018060964,*
p.Val709Gln,0.68744123,0.015854377,*
p.Val709Arg,0.5788456,0.010556044,*
p.Val709Ser,0.7027315,0.021382695,*
p.Val709Thr,0.7298826,0.018429643,*
p.Val709Trp,0.5625219,0.037044737,*
p.Val709Tyr,0.6261991,0.014386717,*
p.Val721Ala,0.87133324,0.02325223,*
p.Val721Cys,0.78245354,0.014871466,*
p.Val721Asp,0.76189095,0.024943002,*
p.Val721Glu,0.60681355,0.026932145,*
p.Val721Phe,0.7074524,0.016852638,*
p.Val721Gly,0.6447978,0.018037437,*
p.Val721His,0.64225185,0.02776389,*
p.Val721Ile,0.7479644,0.022634357,*
p.Val721Lys,0.56881875,0.032337897,*
p.Val721Leu,0.90776765,0.015698416,*
p.Val721Met,0.7538947,0.01801562,*
p.Val721Asn,0.7405409,0.021272782,*
p.Val721Pro,0.6985811,0.030880475,*
p.Val721Gln,0.69443476,0.027261006,*
p.Val721Arg,0.6290143,0.021491308,*
p.Val721Ser,0.8054056,0.011011223,*
p.Val721Thr,0.82764137,0.015725074,*
p.Val721Trp,0.666291,0.02494888,*
p.Val721Tyr,0.6763438,0.017904036,*
p.Val569Ala,0.8808385,0.019457377,*
p.Val569Cys,0.7296266,0.023457386,*
p.Val569Asp,0.80508506,0.02174549,*
p.Val569Glu,0.78983694,0.029323712,*
p.Val569Phe,0.7709439,0.014628086,*
p.Val569Gly,0.8806087,0.01720357,*
p.Val569His,0.8332265,0.022454975,*
p.Val569Ile,0.88215005,0.023006305,*
p.Val569Lys,0.8076007,0.032315895,*
p.Val569Leu,0.91223794,0.02408002,*
p.Val569Met,0.7883998,0.02522529,*
p.Val569Asn,0.83276206,0.029899241,*
p.Val569Pro,0.6387354,0.02279362,*
p.Val569Gln,0.8476758,0.020171078,*
p.Val569Arg,0.7622422,0.019263756,*
p.Val569Ser,0.8753303,0.0140558425,*
p.Val569Thr,0.8294446,0.020746464,*
p.Val569Trp,0.6819949,0.024941389,*
p.Val569Tyr,0.74069965,0.025911191,*
p.Val730Ala,0.94197714,0.018919026,*
p.Val730Cys,0.937055,0.015179875,*
p.Val730Asp,0.78519213,0.02115424,*
p.Val730Glu,0.70112574,0.01644554,*
p.Val730Phe,0.7695174,0.031329937,*
p.Val730Gly,0.80928963,0.021127312,*
p.Val730His,0.67369366,0.02156659,*
p.Val730Ile,0.9769988,0.021031477,*
p.Val730Lys,0.6855057,0.023767488,*
p.Val730Leu,0.94458735,0.018869696,*
p.Val730Met,0.87923753,0.018960446,*
p.Val730Asn,0.86927825,0.020169415,*
p.Val730Pro,0.8179189,0.016142169,*
p.Val730Gln,0.74492806,0.022748793,*
p.Val730Arg,0.6901237,0.023483515,*
p.Val730Ser,0.8791992,0.017093068,*
p.Val730Thr,0.8800991,0.013405333,*
p.Val730Trp,0.7195306,0.010917222,*
p.Val730Tyr,0.76619,0.018444965,*
p.Val586Ala,0.8110962,0.017114162,*
p.Val586Cys,0.80667174,0.026245976,*
p.Val586Asp,0.5343627,0.02138011,*
p.Val586Glu,0.5218449,0.022833932,*
p.Val586Phe,0.6572386,0.024268923,*
p.Val586Gly,0.56281036,0.02263244,*
p.Val586His,0.5889209,0.025385205,*
p.Val586Ile,0.8704227,0.012681376,*
p.Val586Lys,0.50933915,0.03860524,*
p.Val586Leu,0.76724464,0.020294525,*
p.Val586Met,0.6921913,0.019893415,*
p.Val586Asn,0.55553174,0.025999092,*
p.Val586Pro,0.59148526,0.016975656,*
p.Val586Gln,0.5940802,0.019627739,*
p.Val586Arg,0.53064334,0.023073627,*
p.Val586Ser,0.6699098,0.026749555,*
p.Val586Thr,0.753726,0.015339193,*
p.Val586Trp,0.596151,0.019541396,*
p.Val586Tyr,0.5794467,0.019823346,*
p.Val591Ala,0.86481476,0.020520512,*
p.Val591Cys,0.7907583,0.026969438,*
p.Val591Asp,0.74570656,0.024722163,*
p.Val591Glu,0.5901255,0.022133328,*
p.Val591Phe,0.7005556,0.025651835,*
p.Val591Gly,0.62600803,0.012510912,*
p.Val591His,0.7161387,0.020916305,*
p.Val591Ile,0.88732356,0.020501155,*
p.Val591Leu,0.84923667,0.019007593,*
p.Val591Met,0.8059576,0.016994294,*
p.Val591Asn,0.7253895,0.027119271,*
p.Val591Pro,0.6495816,0.022042682,*
p.Val591Gln,0.6708643,0.02482823,*
p.Val591Arg,0.6277036,0.01907817,*
p.Val591Ser,0.8193914,0.016675746,*
p.Val591Thr,0.8681024,0.022337958,*
p.Val591Trp,0.7076291,0.01933359,*
p.Val591Tyr,0.7098934,0.022559877,*
p.Val560Ala,0.8661954,0.025871221,*
p.Val560Cys,0.81664896,0.015796019,*
p.Val560Asp,0.7774309,0.024461463,*
p.Val560Glu,0.6210996,0.021272713,*
p.Val560Phe,0.7003806,0.021491332,*
p.Val560Gly,0.71141803,0.01658694,*
p.Val560His,0.6547042,0.014637441,*
p.Val560Ile,0.9407109,0.01945055,*
p.Val560Lys,0.57845414,0.020661842,*
p.Val560Leu,0.851288,0.015945114,*
p.Val560Met,0.7275106,0.01898069,*
p.Val560Asn,0.80780286,0.014043002,*
p.Val560Pro,0.69715965,0.02190676,*
p.Val560Gln,0.66646427,0.019055735,*
p.Val560Arg,0.65221655,0.015581618,*
p.Val560Ser,0.8082449,0.015906913,*
p.Val560Thr,0.8181642,0.016687265,*
p.Val560Trp,0.68360996,0.014865651,*
p.Val560Tyr,0.69250345,0.027230857,*
p.Val637Ala,1.0481052,0.022406487,*
p.Val637Cys,0.9500429,0.02036508,*
p.Val637Asp,0.9298192,0.025849883,*
p.Val637Glu,0.9566473,0.02395332,*
p.Val637Phe,0.9707562,0.01979581,*
p.Val637Gly,0.97627705,0.0123840505,*
p.Val637His,0.9991571,0.013846899,*
p.Val637Ile,1.0036966,0.027661407,*
p.Val637Lys,0.9697769,0.018990008,*
p.Val637Leu,0.9946619,0.021096721,*
p.Val637Met,0.979582,0.02117981,*
p.Val637Asn,0.9990865,0.020612,*
p.Val637Pro,0.89533794,0.022248203,*
p.Val637Gln,1.0210344,0.015877305,*
p.Val637Arg,0.94514763,0.012878582,*
p.Val637Ser,0.99496764,0.01303642,*
p.Val637Thr,1.0202448,0.015264353,*
p.Val637Trp,0.9110343,0.012981935,*
p.Val637Tyr,0.98765814,0.010701869,*
p.Val638Ala,0.9509773,0.014162331,*
p.Val638Cys,0.9004799,0.013880106,*
p.Val638Glu,0.72518146,0.022052614,*
p.Val638Phe,0.8198422,0.021742336,*
p.Val638Gly,0.78910387,0.022080058,*
p.Val638His,0.8193924,0.029933024,*
p.Val638Ile,0.8569336,0.019784002,*
p.Val638Lys,0.7531059,0.027980475,*
p.Val638Leu,0.88418627,0.021150328,*
p.Val638Met,0.8525194,0.025490709,*
p.Val638Asn,0.79445326,0.011097428,*
p.Val638Pro,0.87891245,0.020141551,*
p.Val638Gln,0.8020302,0.025832783,*
p.Val638Arg,0.7497492,0.019583162,*
p.Val638Ser,0.8952554,0.013186307,*
p.Val638Thr,0.89488757,0.021048872,*
p.Val638Trp,0.78670806,0.011264169,*
p.Val638Tyr,0.82660234,0.016628321,*
p.Val645Ala,0.9512373,0.020142542,*
p.Val645Cys,0.925536,0.019010438,*
p.Val645Asp,0.68653953,0.033334427,*
p.Val645Glu,0.7852951,0.028043568,*
p.Val645Phe,0.87588406,0.010612817,*
p.Val645Gly,0.7897491,0.01896186,*
p.Val645His,0.87870103,0.028500032,*
p.Val645Ile,0.9961462,0.023033474,*
p.Val645Lys,0.86645395,0.0186491,*
p.Val645Leu,0.99733114,0.01913845,*
p.Val645Met,0.91921675,0.02788641,*
p.Val645Asn,0.9163721,0.019792948,*
p.Val645Pro,0.89980906,0.034430552,*
p.Val645Gln,0.8291607,0.031541873,*
p.Val645Arg,0.8616268,0.013772538,*
p.Val645Ser,0.91008395,0.019551232,*
p.Val645Thr,0.9227564,0.017581118,*
p.Val645Trp,0.8032157,0.017466612,*
p.Val645Tyr,0.9208611,0.02061186,*
p.Trp703Ala,0.8173312,0.015916923,*
p.Trp703Cys,0.7974597,0.019453017,*
p.Trp703Asp,0.7668152,0.016178774,*
p.Trp703Glu,0.7855157,0.016702719,*
p.Trp703Phe,0.81175864,0.015659077,*
p.Trp703Gly,0.7443336,0.014698821,*
p.Trp703His,0.7745713,0.017248534,*
p.Trp703Ile,0.7963966,0.01897263,*
p.Trp703Lys,0.6637778,0.014753584,*
p.Trp703Leu,0.73479307,0.030572055,*
p.Trp703Met,0.73943263,0.02308176,*
p.Trp703Asn,0.8012398,0.017698132,*
p.Trp703Pro,0.71510744,0.015773952,*
p.Trp703Gln,0.821129,0.019735869,*
p.Trp703Arg,0.70062697,0.02628743,*
p.Trp703Ser,0.7590483,0.0202851,*
p.Trp703Thr,0.8080417,0.020328969,*
p.Trp703Val,0.7208079,0.017845262,*
p.Trp703Tyr,0.8392231,0.022188682,*
p.Tyr686Ala,0.80996096,0.0127561325,*
p.Tyr686Cys,0.7826762,0.013920358,*
p.Tyr686Asp,0.737668,0.024991415,*
p.Tyr686Glu,0.76314574,0.020306319,*
p.Tyr686Phe,0.9018175,0.01195878,*
p.Tyr686Gly,0.70889455,0.013433201,*
p.Tyr686His,0.78253204,0.018422807,*
p.Tyr686Ile,0.90255654,0.014287178,*
p.Tyr686Lys,0.6940661,0.015143867,*
p.Tyr686Leu,0.8164524,0.014835961,*
p.Tyr686Met,0.89489365,0.01607024,*
p.Tyr686Asn,0.8221968,0.028627513,*
p.Tyr686Pro,0.79049855,0.020923221,*
p.Tyr686Gln,0.72743297,0.017874464,*
p.Tyr686Arg,0.6506809,0.019354532,*
p.Tyr686Ser,0.81163085,0.02118965,*
p.Tyr686Thr,0.7775752,0.006417439,*
p.Tyr686Val,0.8038235,0.013045967,*
p.Tyr686Trp,0.7864103,0.0135803735,*
p.Tyr719Ala,0.8231789,0.021992614,*
p.Tyr719Cys,0.8346987,0.021145927,*
p.Tyr719Asp,0.8022461,0.02789007,*
p.Tyr719Glu,0.88298786,0.024477307,*
p.Tyr719Phe,0.8884498,0.017242776,*
p.Tyr719Gly,0.74914515,0.015419584,*
p.Tyr719His,0.8352946,0.019369772,*
p.Tyr719Ile,0.8531035,0.021198599,*
p.Tyr719Lys,0.7635801,0.020866582,*
p.Tyr719Leu,0.7632047,0.013682727,*
p.Tyr719Met,0.9030179,0.014906754,*
p.Tyr719Asn,0.82030565,0.025898127,*
p.Tyr719Pro,0.6773552,0.021386804,*
p.Tyr719Gln,0.8421453,0.01499458,*
p.Tyr719Arg,0.7611788,0.0146122975,*
p.Tyr719Ser,0.8352871,0.015064448,*
p.Tyr719Thr,0.856501,0.015840711,*
p.Tyr719Val,0.7929834,0.012861129,*
p.Tyr719Trp,0.85426074,0.015682016,*
p.Tyr576Ala,0.72807264,0.020365328,*
p.Tyr576Cys,0.740106,0.017888304,*
p.Tyr576Asp,0.75412977,0.017982503,*
p.Tyr576Glu,0.7957389,0.017407231,*
p.Tyr576Phe,0.86515415,0.018871723,*
p.Tyr576Gly,0.6605175,0.020197928,*
p.Tyr576His,0.8342962,0.015244239,*
p.Tyr576Ile,0.7666031,0.028830944,*
p.Tyr576Lys,0.6729542,0.019106733,*
p.Tyr576Leu,0.7812739,0.01007151,*
p.Tyr576Met,0.868161,0.0151488595,*
p.Tyr576Asn,0.79837245,0.013095321,*
p.Tyr576Pro,0.71152306,0.031639554,*
p.Tyr576Gln,0.7552873,0.016272334,*
p.Tyr576Arg,0.655127,0.016955884,*
p.Tyr576Ser,0.7772902,0.017209472,*
p.Tyr576Thr,0.7967818,0.022651553,*
p.Tyr576Val,0.73091435,0.015285108,*
p.Tyr576Trp,0.8300088,0.016016856,*
p.Tyr587Cys,0.7029017,0.018940546,*
p.Tyr587Asp,0.6631381,0.026164705,*
p.Tyr587Glu,0.6891102,0.02588436,*
p.Tyr587Phe,0.8658845,0.021380933,*
p.Tyr587Gly,0.6472449,0.02935763,*
p.Tyr587His,0.7840652,0.018123273,*
p.Tyr587Ile,0.77067673,0.035244506,*
p.Tyr587Lys,0.6008776,0.034872394,*
p.Tyr587Leu,0.74039185,0.0255713,*
p.Tyr587Met,0.7624966,0.022679118,*
p.Tyr587Asn,0.68981165,0.03127798,*
p.Tyr587Pro,0.6184529,0.019956345,*
p.Tyr587Gln,0.61650586,0.03228981,*
p.Tyr587Arg,0.5625001,0.027582997,*
p.Tyr587Ser,0.7285669,0.030258268,*
p.Tyr587Thr,0.74587417,0.018808983,*
p.Tyr587Val,0.688971,0.016500143,*
p.Tyr587Trp,0.7487445,0.010222335,*
p.Tyr598Ala,0.75668836,0.020501703,*
p.Tyr598Cys,0.75945973,0.024320588,*
p.Tyr598Asp,0.75616467,0.019259842,*
p.Tyr598Glu,0.841261,0.023914749,*
p.Tyr598Phe,0.87975454,0.01263485,*
p.Tyr598Gly,0.6650184,0.022079498,*
p.Tyr598His,0.832778,0.019691054,*
p.Tyr598Ile,0.8820736,0.021281932,*
p.Tyr598Lys,0.636281,0.030622594,*
p.Tyr598Leu,0.82636416,0.016962029,*
p.Tyr598Met,0.8981001,0.016720934,*
p.Tyr598Asn,0.80408514,0.031670544,*
p.Tyr598Pro,0.73965895,0.025197923,*
p.Tyr598Gln,0.8288517,0.02253407,*
p.Tyr598Arg,0.65792614,0.022978703,*
p.Tyr598Ser,0.7835664,0.026426721,*
p.Tyr598Thr,0.80935824,0.019929606,*
p.Tyr598Val,0.75089186,0.021477241,*
p.Tyr598Trp,0.8204733,0.021206105,*
p.Tyr602Ala,0.83004713,0.013703804,*
p.Tyr602Cys,0.8505449,0.017026618,*
p.Tyr602Asp,0.8196843,0.020364165,*
p.Tyr602Glu,0.76551306,0.02141394,*
p.Tyr602Phe,0.8206008,0.014480045,*
p.Tyr602Gly,0.72967184,0.019089414,*
p.Tyr602His,0.9143332,0.01372241,*
p.Tyr602Ile,0.85886204,0.01571892,*
p.Tyr602Lys,0.7299054,0.0121057285,*
p.Tyr602Leu,0.83682805,0.014382941,*
p.Tyr602Met,0.83136415,0.016482376,*
p.Tyr602Asn,0.8540808,0.016757952,*
p.Tyr602Pro,0.75113904,0.017610505,*
p.Tyr602Gln,0.72888976,0.016905036,*
p.Tyr602Arg,0.68019205,0.020000592,*
p.Tyr602Ser,0.8265859,0.024369095,*
p.Tyr602Thr,0.8689133,0.016037723,*
p.Tyr602Val,0.77339154,0.014509757,*
p.Tyr602Trp,0.76466966,0.019826546,*
p.Tyr643Ala,0.8650383,0.01250442,*
p.Tyr643Cys,0.8782201,0.013936281,*
p.Tyr643Asp,0.8450163,0.02148444,*
p.Tyr643Glu,0.88548356,0.018197361,*
p.Tyr643Phe,0.935588,0.021346172,*
p.Tyr643Gly,0.7942713,0.019703943,*
p.Tyr643His,0.8751896,0.02421894,*
p.Tyr643Ile,0.96407354,0.012889273,*
p.Tyr643Lys,0.8038403,0.017821455,*
p.Tyr643Leu,0.90767497,0.022021342,*
p.Tyr643Met,0.9204849,0.016548255,*
p.Tyr643Asn,0.88037777,0.03008876,*
p.Tyr643Pro,0.852811,0.015247025,*
p.Tyr643Gln,0.80203927,0.022243872,*
p.Tyr643Arg,0.80710477,0.018964948,*
p.Tyr643Ser,0.8902628,0.016337082,*
p.Tyr643Thr,0.8906347,0.017732795,*
p.Tyr643Val,0.8890947,0.018272834,*
p.Tyr643Trp,0.85825634,0.022515189,*
p.Tyr648Cys,0.86531276,0.018202623,*
p.Tyr648Asp,0.8910537,0.01905344,*
p.Tyr648Glu,0.8790749,0.018939877,*
p.Tyr648Phe,0.927855,0.020891078,*
p.Tyr648Gly,0.83683616,0.025844656,*
p.Tyr648His,0.9161957,0.023022624,*
p.Tyr648Ile,0.89090884,0.023773918,*
p.Tyr648Lys,0.85364753,0.023745658,*
p.Tyr648Leu,0.8714529,0.018020894,*
p.Tyr648Met,0.8968037,0.02588422,*
p.Tyr648Asn,0.8666336,0.025264697,*
p.Tyr648Pro,0.78105533,0.02063809,*
p.Tyr648Gln,0.9325358,0.0164815,*
p.Tyr648Arg,0.87988126,0.02325247,*
p.Tyr648Ser,0.8641968,0.023390187,*
p.Tyr648Thr,0.8549293,0.020128889,*
p.Tyr648Val,0.89113677,0.023652023,*
p.Tyr648Trp,0.9496269,0.017627036,*
