UniProtID	MutPos	WT	Mut	Label	StructureFile	MutPos(pdb)	Prediction	SD
P49815	554	S	A		AF-P49815-F1-model_v4.pdb	554	0.82463294	0.026970215
P49815	554	S	C		AF-P49815-F1-model_v4.pdb	554	0.84063375	0.037245266
P49815	554	S	D		AF-P49815-F1-model_v4.pdb	554	0.9012243	0.03075657
P49815	554	S	E		AF-P49815-F1-model_v4.pdb	554	0.92343694	0.022966292
P49815	554	S	F		AF-P49815-F1-model_v4.pdb	554	0.6350771	0.035911467
P49815	554	S	G		AF-P49815-F1-model_v4.pdb	554	0.8612405	0.0065618143
P49815	554	S	H		AF-P49815-F1-model_v4.pdb	554	0.7862221	0.034533136
P49815	554	S	I		AF-P49815-F1-model_v4.pdb	554	0.59790003	0.016134946
P49815	554	S	K		AF-P49815-F1-model_v4.pdb	554	0.7326603	0.020221537
P49815	554	S	L		AF-P49815-F1-model_v4.pdb	554	0.80286425	0.044622425
P49815	554	S	M		AF-P49815-F1-model_v4.pdb	554	0.7502839	0.013045655
P49815	554	S	N		AF-P49815-F1-model_v4.pdb	554	0.92405397	0.020354774
P49815	554	S	P		AF-P49815-F1-model_v4.pdb	554	0.74050283	0.01967075
P49815	554	S	Q		AF-P49815-F1-model_v4.pdb	554	0.8325804	0.01874964
P49815	554	S	R		AF-P49815-F1-model_v4.pdb	554	0.780938	0.02428595
P49815	554	S	T		AF-P49815-F1-model_v4.pdb	554	0.8132372	0.02448999
P49815	554	S	V		AF-P49815-F1-model_v4.pdb	554	0.7322267	0.024628073
P49815	554	S	W		AF-P49815-F1-model_v4.pdb	554	0.6660106	0.038343646
P49815	554	S	Y		AF-P49815-F1-model_v4.pdb	554	0.7431105	0.0387249
P49815	555	A	C		AF-P49815-F1-model_v4.pdb	555	0.951317	0.013047487
P49815	555	A	D		AF-P49815-F1-model_v4.pdb	555	0.88966453	0.04030121
P49815	555	A	E		AF-P49815-F1-model_v4.pdb	555	0.79500806	0.055935442
P49815	555	A	F		AF-P49815-F1-model_v4.pdb	555	0.93177974	0.037530657
P49815	555	A	G		AF-P49815-F1-model_v4.pdb	555	0.93282527	0.037946045
P49815	555	A	H		AF-P49815-F1-model_v4.pdb	555	0.8547045	0.04870692
P49815	555	A	I		AF-P49815-F1-model_v4.pdb	555	0.85334176	0.027816882
P49815	555	A	K		AF-P49815-F1-model_v4.pdb	555	0.8282553	0.05763786
P49815	555	A	L		AF-P49815-F1-model_v4.pdb	555	0.87853396	0.026856115
P49815	555	A	M		AF-P49815-F1-model_v4.pdb	555	0.8599375	0.03804727
P49815	555	A	N		AF-P49815-F1-model_v4.pdb	555	0.89163744	0.034578416
P49815	555	A	P		AF-P49815-F1-model_v4.pdb	555	0.8002056	0.031371348
P49815	555	A	Q		AF-P49815-F1-model_v4.pdb	555	0.8667778	0.050899368
P49815	555	A	R		AF-P49815-F1-model_v4.pdb	555	0.88002884	0.051162004
P49815	555	A	S		AF-P49815-F1-model_v4.pdb	555	0.886264	0.053094994
P49815	555	A	T		AF-P49815-F1-model_v4.pdb	555	0.8993193	0.021266172
P49815	555	A	V		AF-P49815-F1-model_v4.pdb	555	0.8599129	0.033194274
P49815	555	A	W		AF-P49815-F1-model_v4.pdb	555	0.88062036	0.026819408
P49815	555	A	Y		AF-P49815-F1-model_v4.pdb	555	0.9052148	0.038802844
P49815	556	S	A		AF-P49815-F1-model_v4.pdb	556	0.86690694	0.021818222
P49815	556	S	C		AF-P49815-F1-model_v4.pdb	556	0.95096636	0.022291554
P49815	556	S	D		AF-P49815-F1-model_v4.pdb	556	0.8585323	0.035665285
P49815	556	S	E		AF-P49815-F1-model_v4.pdb	556	0.8487876	0.028505787
P49815	556	S	F		AF-P49815-F1-model_v4.pdb	556	0.77201116	0.023736225
P49815	556	S	G		AF-P49815-F1-model_v4.pdb	556	0.99103105	0.0054520634
P49815	556	S	H		AF-P49815-F1-model_v4.pdb	556	0.844813	0.029568322
P49815	556	S	I		AF-P49815-F1-model_v4.pdb	556	0.7214562	0.025240997
P49815	556	S	K		AF-P49815-F1-model_v4.pdb	556	0.79936385	0.03919479
P49815	556	S	L		AF-P49815-F1-model_v4.pdb	556	0.8199253	0.01807798
P49815	556	S	M		AF-P49815-F1-model_v4.pdb	556	0.858181	0.008891007
P49815	556	S	N		AF-P49815-F1-model_v4.pdb	556	0.9185295	0.0316408
P49815	556	S	P		AF-P49815-F1-model_v4.pdb	556	0.7921616	0.04341488
P49815	556	S	Q		AF-P49815-F1-model_v4.pdb	556	0.92289245	0.032787208
P49815	556	S	R		AF-P49815-F1-model_v4.pdb	556	0.85801345	0.054325026
P49815	556	S	T		AF-P49815-F1-model_v4.pdb	556	0.89746666	0.018188547
P49815	556	S	V		AF-P49815-F1-model_v4.pdb	556	0.8522833	0.03060103
P49815	556	S	W		AF-P49815-F1-model_v4.pdb	556	0.7852792	0.01794047
P49815	556	S	Y		AF-P49815-F1-model_v4.pdb	556	0.8525016	0.025240004
P49815	557	L	A		AF-P49815-F1-model_v4.pdb	557	0.89407605	0.02213949
P49815	557	L	C		AF-P49815-F1-model_v4.pdb	557	0.91925037	0.02878837
P49815	557	L	D		AF-P49815-F1-model_v4.pdb	557	0.6626616	0.032599393
P49815	557	L	E		AF-P49815-F1-model_v4.pdb	557	0.7871164	0.041606087
P49815	557	L	F		AF-P49815-F1-model_v4.pdb	557	0.837356	0.020399516
P49815	557	L	G		AF-P49815-F1-model_v4.pdb	557	0.806999	0.025889222
P49815	557	L	H		AF-P49815-F1-model_v4.pdb	557	0.72608006	0.033567596
P49815	557	L	I		AF-P49815-F1-model_v4.pdb	557	0.8903842	0.02477739
P49815	557	L	K		AF-P49815-F1-model_v4.pdb	557	0.7454745	0.03281899
P49815	557	L	M		AF-P49815-F1-model_v4.pdb	557	0.9133426	0.027413089
P49815	557	L	N		AF-P49815-F1-model_v4.pdb	557	0.77315104	0.038207162
P49815	557	L	P		AF-P49815-F1-model_v4.pdb	557	0.68134636	0.03987711
P49815	557	L	Q		AF-P49815-F1-model_v4.pdb	557	0.83972967	0.050349507
P49815	557	L	R		AF-P49815-F1-model_v4.pdb	557	0.75466007	0.036793873
P49815	557	L	S		AF-P49815-F1-model_v4.pdb	557	0.82850426	0.024334595
P49815	557	L	T		AF-P49815-F1-model_v4.pdb	557	0.83312064	0.018739883
P49815	557	L	V		AF-P49815-F1-model_v4.pdb	557	0.88340396	0.024976222
P49815	557	L	W		AF-P49815-F1-model_v4.pdb	557	0.8689827	0.029953618
P49815	557	L	Y		AF-P49815-F1-model_v4.pdb	557	0.7368356	0.039335817
P49815	558	E	A		AF-P49815-F1-model_v4.pdb	558	0.8682953	0.018436925
P49815	558	E	C		AF-P49815-F1-model_v4.pdb	558	0.88572615	0.013629387
P49815	558	E	D		AF-P49815-F1-model_v4.pdb	558	0.8961984	0.021474449
P49815	558	E	F		AF-P49815-F1-model_v4.pdb	558	0.7242339	0.031842776
P49815	558	E	G		AF-P49815-F1-model_v4.pdb	558	0.8697072	0.011706623
P49815	558	E	H		AF-P49815-F1-model_v4.pdb	558	0.9193573	0.041373465
P49815	558	E	I		AF-P49815-F1-model_v4.pdb	558	0.7562731	0.017927581
P49815	558	E	K		AF-P49815-F1-model_v4.pdb	558	0.81208026	0.048937745
P49815	558	E	L		AF-P49815-F1-model_v4.pdb	558	0.73835075	0.030350607
P49815	558	E	M		AF-P49815-F1-model_v4.pdb	558	0.7607574	0.026893308
P49815	558	E	N		AF-P49815-F1-model_v4.pdb	558	0.88303435	0.03695301
P49815	558	E	P		AF-P49815-F1-model_v4.pdb	558	0.7392191	0.035057254
P49815	558	E	Q		AF-P49815-F1-model_v4.pdb	558	0.8859397	0.044868372
P49815	558	E	R		AF-P49815-F1-model_v4.pdb	558	0.8354744	0.023127645
P49815	558	E	S		AF-P49815-F1-model_v4.pdb	558	0.88266647	0.017657503
P49815	558	E	T		AF-P49815-F1-model_v4.pdb	558	0.85391027	0.027431585
P49815	558	E	V		AF-P49815-F1-model_v4.pdb	558	0.8388734	0.036478296
P49815	558	E	W		AF-P49815-F1-model_v4.pdb	558	0.7990414	0.033409137
P49815	558	E	Y		AF-P49815-F1-model_v4.pdb	558	0.79064786	0.049132876
P49815	559	D	C		AF-P49815-F1-model_v4.pdb	559	0.81889725	0.014757337
P49815	559	D	E		AF-P49815-F1-model_v4.pdb	559	0.82877016	0.028386353
P49815	559	D	F		AF-P49815-F1-model_v4.pdb	559	0.59196925	0.020675289
P49815	559	D	G		AF-P49815-F1-model_v4.pdb	559	0.78655446	0.03365811
P49815	559	D	H		AF-P49815-F1-model_v4.pdb	559	0.6619194	0.02594162
P49815	559	D	I		AF-P49815-F1-model_v4.pdb	559	0.56261605	0.018818745
P49815	559	D	K		AF-P49815-F1-model_v4.pdb	559	0.6505425	0.030360447
P49815	559	D	L		AF-P49815-F1-model_v4.pdb	559	0.58018863	0.020489085
P49815	559	D	M		AF-P49815-F1-model_v4.pdb	559	0.66383237	0.031530395
P49815	559	D	N		AF-P49815-F1-model_v4.pdb	559	0.7260507	0.044483345
P49815	559	D	P		AF-P49815-F1-model_v4.pdb	559	0.790164	0.030576944
P49815	559	D	Q		AF-P49815-F1-model_v4.pdb	559	0.6702801	0.02408954
P49815	559	D	R		AF-P49815-F1-model_v4.pdb	559	0.6909584	0.041556817
P49815	559	D	S		AF-P49815-F1-model_v4.pdb	559	0.89613485	0.014515349
P49815	559	D	T		AF-P49815-F1-model_v4.pdb	559	0.7839951	0.027915033
P49815	559	D	V		AF-P49815-F1-model_v4.pdb	559	0.6092652	0.019693326
P49815	559	D	W		AF-P49815-F1-model_v4.pdb	559	0.63892466	0.021219708
P49815	559	D	Y		AF-P49815-F1-model_v4.pdb	559	0.67247975	0.027063066
P49815	560	V	A		AF-P49815-F1-model_v4.pdb	560	0.85247004	0.041775603
P49815	560	V	C		AF-P49815-F1-model_v4.pdb	560	0.87308675	0.03819352
P49815	560	V	D		AF-P49815-F1-model_v4.pdb	560	0.7183016	0.011423636
P49815	560	V	E		AF-P49815-F1-model_v4.pdb	560	0.60317814	0.026762174
P49815	560	V	F		AF-P49815-F1-model_v4.pdb	560	0.7668085	0.034581143
P49815	560	V	G		AF-P49815-F1-model_v4.pdb	560	0.7043373	0.01663248
P49815	560	V	H		AF-P49815-F1-model_v4.pdb	560	0.6437775	0.04314399
P49815	560	V	I		AF-P49815-F1-model_v4.pdb	560	0.8815853	0.034929775
P49815	560	V	K		AF-P49815-F1-model_v4.pdb	560	0.54649013	0.023575047
P49815	560	V	L		AF-P49815-F1-model_v4.pdb	560	0.87996185	0.028460553
P49815	560	V	M		AF-P49815-F1-model_v4.pdb	560	0.80329466	0.045335576
P49815	560	V	N		AF-P49815-F1-model_v4.pdb	560	0.7346076	0.030892551
P49815	560	V	P		AF-P49815-F1-model_v4.pdb	560	0.6743515	0.024388839
P49815	560	V	Q		AF-P49815-F1-model_v4.pdb	560	0.6360907	0.040490583
P49815	560	V	R		AF-P49815-F1-model_v4.pdb	560	0.5051594	0.019562555
P49815	560	V	S		AF-P49815-F1-model_v4.pdb	560	0.7910327	0.03279933
P49815	560	V	T		AF-P49815-F1-model_v4.pdb	560	0.822917	0.04766395
P49815	560	V	W		AF-P49815-F1-model_v4.pdb	560	0.6465958	0.019282682
P49815	560	V	Y		AF-P49815-F1-model_v4.pdb	560	0.6454122	0.046264797
P49815	561	K	A		AF-P49815-F1-model_v4.pdb	561	0.797983	0.014758285
P49815	561	K	C		AF-P49815-F1-model_v4.pdb	561	0.80663717	0.024204105
P49815	561	K	D		AF-P49815-F1-model_v4.pdb	561	0.8325955	0.022872064
P49815	561	K	E		AF-P49815-F1-model_v4.pdb	561	0.8453913	0.016507586
P49815	561	K	F		AF-P49815-F1-model_v4.pdb	561	0.7724394	0.027235005
P49815	561	K	G		AF-P49815-F1-model_v4.pdb	561	0.779209	0.014461215
P49815	561	K	H		AF-P49815-F1-model_v4.pdb	561	0.77576745	0.036251623
P49815	561	K	I		AF-P49815-F1-model_v4.pdb	561	0.6672197	0.01483928
P49815	561	K	L		AF-P49815-F1-model_v4.pdb	561	0.7336392	0.021410726
P49815	561	K	M		AF-P49815-F1-model_v4.pdb	561	0.7544859	0.027392704
P49815	561	K	N		AF-P49815-F1-model_v4.pdb	561	0.75822544	0.030955272
P49815	561	K	P		AF-P49815-F1-model_v4.pdb	561	0.7398438	0.020387633
P49815	561	K	Q		AF-P49815-F1-model_v4.pdb	561	0.7580881	0.029865578
P49815	561	K	R		AF-P49815-F1-model_v4.pdb	561	0.8140545	0.020664604
P49815	561	K	S		AF-P49815-F1-model_v4.pdb	561	0.76851636	0.012725436
P49815	561	K	T		AF-P49815-F1-model_v4.pdb	561	0.80711347	0.022888636
P49815	561	K	V		AF-P49815-F1-model_v4.pdb	561	0.7961767	0.0355269
P49815	561	K	W		AF-P49815-F1-model_v4.pdb	561	0.65406114	0.03961828
P49815	561	K	Y		AF-P49815-F1-model_v4.pdb	561	0.76087654	0.029997885
P49815	562	T	A		AF-P49815-F1-model_v4.pdb	562	0.86555636	0.027457885
P49815	562	T	C		AF-P49815-F1-model_v4.pdb	562	0.83106196	0.031677827
P49815	562	T	D		AF-P49815-F1-model_v4.pdb	562	0.80928504	0.028067868
P49815	562	T	E		AF-P49815-F1-model_v4.pdb	562	0.8417614	0.042322583
P49815	562	T	F		AF-P49815-F1-model_v4.pdb	562	0.73799294	0.04243397
P49815	562	T	G		AF-P49815-F1-model_v4.pdb	562	0.82519037	0.029566674
P49815	562	T	H		AF-P49815-F1-model_v4.pdb	562	0.8392399	0.029528065
P49815	562	T	I		AF-P49815-F1-model_v4.pdb	562	0.7375331	0.023191553
P49815	562	T	K		AF-P49815-F1-model_v4.pdb	562	0.7529336	0.016146606
P49815	562	T	L		AF-P49815-F1-model_v4.pdb	562	0.73313344	0.025471779
P49815	562	T	M		AF-P49815-F1-model_v4.pdb	562	0.87566394	0.027696665
P49815	562	T	N		AF-P49815-F1-model_v4.pdb	562	0.7963085	0.03303486
P49815	562	T	P		AF-P49815-F1-model_v4.pdb	562	0.77072996	0.030088993
P49815	562	T	Q		AF-P49815-F1-model_v4.pdb	562	0.8636133	0.023320142
P49815	562	T	R		AF-P49815-F1-model_v4.pdb	562	0.74240124	0.024597282
P49815	562	T	V		AF-P49815-F1-model_v4.pdb	562	0.8100319	0.026890026
P49815	562	T	W		AF-P49815-F1-model_v4.pdb	562	0.8033252	0.035374694
P49815	562	T	Y		AF-P49815-F1-model_v4.pdb	562	0.7219488	0.020467766
P49815	563	A	C		AF-P49815-F1-model_v4.pdb	563	0.85620385	0.02938717
P49815	563	A	D		AF-P49815-F1-model_v4.pdb	563	0.5407186	0.027184065
P49815	563	A	E		AF-P49815-F1-model_v4.pdb	563	0.64772755	0.043051332
P49815	563	A	F		AF-P49815-F1-model_v4.pdb	563	0.66157496	0.014006758
P49815	563	A	G		AF-P49815-F1-model_v4.pdb	563	0.8531415	0.030827949
P49815	563	A	H		AF-P49815-F1-model_v4.pdb	563	0.61860573	0.023116391
P49815	563	A	I		AF-P49815-F1-model_v4.pdb	563	0.78394353	0.034243684
P49815	563	A	K		AF-P49815-F1-model_v4.pdb	563	0.6361683	0.03146801
P49815	563	A	L		AF-P49815-F1-model_v4.pdb	563	0.6912037	0.03863025
P49815	563	A	M		AF-P49815-F1-model_v4.pdb	563	0.8472744	0.018441105
P49815	563	A	N		AF-P49815-F1-model_v4.pdb	563	0.61304605	0.010503226
P49815	563	A	P		AF-P49815-F1-model_v4.pdb	563	0.5868829	0.030159872
P49815	563	A	Q		AF-P49815-F1-model_v4.pdb	563	0.5916014	0.02897775
P49815	563	A	R		AF-P49815-F1-model_v4.pdb	563	0.56437916	0.0259655
P49815	563	A	S		AF-P49815-F1-model_v4.pdb	563	0.8899223	0.024683338
P49815	563	A	T		AF-P49815-F1-model_v4.pdb	563	0.9833447	0.023511829
P49815	563	A	V		AF-P49815-F1-model_v4.pdb	563	0.85331666	0.03280068
P49815	563	A	W		AF-P49815-F1-model_v4.pdb	563	0.6858986	0.022997959
P49815	563	A	Y		AF-P49815-F1-model_v4.pdb	563	0.69174886	0.016993685
P49815	564	V	A		AF-P49815-F1-model_v4.pdb	564	0.861327	0.04299017
P49815	564	V	C		AF-P49815-F1-model_v4.pdb	564	0.85925865	0.045687027
P49815	564	V	D		AF-P49815-F1-model_v4.pdb	564	0.56481946	0.026667109
P49815	564	V	E		AF-P49815-F1-model_v4.pdb	564	0.60258037	0.033213865
P49815	564	V	F		AF-P49815-F1-model_v4.pdb	564	0.768528	0.04454679
P49815	564	V	G		AF-P49815-F1-model_v4.pdb	564	0.68124515	0.015190522
P49815	564	V	H		AF-P49815-F1-model_v4.pdb	564	0.6558703	0.0493107
P49815	564	V	I		AF-P49815-F1-model_v4.pdb	564	0.8817318	0.03098904
P49815	564	V	K		AF-P49815-F1-model_v4.pdb	564	0.59817314	0.04864599
P49815	564	V	L		AF-P49815-F1-model_v4.pdb	564	0.7918322	0.03425464
P49815	564	V	M		AF-P49815-F1-model_v4.pdb	564	0.7186919	0.02701473
P49815	564	V	N		AF-P49815-F1-model_v4.pdb	564	0.6410132	0.027026562
P49815	564	V	Q		AF-P49815-F1-model_v4.pdb	564	0.64877284	0.03426757
P49815	564	V	R		AF-P49815-F1-model_v4.pdb	564	0.56441736	0.03933089
P49815	564	V	S		AF-P49815-F1-model_v4.pdb	564	0.6939314	0.02800333
P49815	564	V	T		AF-P49815-F1-model_v4.pdb	564	0.8291644	0.028985878
P49815	564	V	W		AF-P49815-F1-model_v4.pdb	564	0.68455946	0.048501838
P49815	564	V	Y		AF-P49815-F1-model_v4.pdb	564	0.6747469	0.052237697
P49815	565	L	A		AF-P49815-F1-model_v4.pdb	565	0.8921238	0.013522678
P49815	565	L	C		AF-P49815-F1-model_v4.pdb	565	0.79433703	0.023760755
P49815	565	L	D		AF-P49815-F1-model_v4.pdb	565	0.68100804	0.020542465
P49815	565	L	E		AF-P49815-F1-model_v4.pdb	565	0.74040186	0.040374316
P49815	565	L	F		AF-P49815-F1-model_v4.pdb	565	0.78956795	0.037946332
P49815	565	L	G		AF-P49815-F1-model_v4.pdb	565	0.6971607	0.01718959
P49815	565	L	H		AF-P49815-F1-model_v4.pdb	565	0.58072674	0.016338706
P49815	565	L	I		AF-P49815-F1-model_v4.pdb	565	0.83249027	0.023563214
P49815	565	L	K		AF-P49815-F1-model_v4.pdb	565	0.5903595	0.02406834
P49815	565	L	M		AF-P49815-F1-model_v4.pdb	565	0.8284403	0.020399492
P49815	565	L	N		AF-P49815-F1-model_v4.pdb	565	0.693942	0.02334595
P49815	565	L	P		AF-P49815-F1-model_v4.pdb	565	0.49621683	0.011788399
P49815	565	L	Q		AF-P49815-F1-model_v4.pdb	565	0.71893346	0.023927612
P49815	565	L	R		AF-P49815-F1-model_v4.pdb	565	0.7096597	0.024607524
P49815	565	L	S		AF-P49815-F1-model_v4.pdb	565	0.7800883	0.025099661
P49815	565	L	T		AF-P49815-F1-model_v4.pdb	565	0.7648201	0.0302356
P49815	565	L	V		AF-P49815-F1-model_v4.pdb	565	0.86595094	0.012921532
P49815	565	L	W		AF-P49815-F1-model_v4.pdb	565	0.68133163	0.043152697
P49815	565	L	Y		AF-P49815-F1-model_v4.pdb	565	0.7155492	0.045946173
P49815	566	G	C		AF-P49815-F1-model_v4.pdb	566	0.7253542	0.040088706
P49815	566	G	D		AF-P49815-F1-model_v4.pdb	566	0.7795301	0.03952991
P49815	566	G	E		AF-P49815-F1-model_v4.pdb	566	0.74583805	0.0358908
P49815	566	G	F		AF-P49815-F1-model_v4.pdb	566	0.57615435	0.04568562
P49815	566	G	H		AF-P49815-F1-model_v4.pdb	566	0.7806474	0.022863984
P49815	566	G	I		AF-P49815-F1-model_v4.pdb	566	0.60339576	0.016962782
P49815	566	G	K		AF-P49815-F1-model_v4.pdb	566	0.66370535	0.03452753
P49815	566	G	L		AF-P49815-F1-model_v4.pdb	566	0.6947175	0.025430044
P49815	566	G	M		AF-P49815-F1-model_v4.pdb	566	0.7247313	0.035359118
P49815	566	G	N		AF-P49815-F1-model_v4.pdb	566	0.751938	0.013207215
P49815	566	G	P		AF-P49815-F1-model_v4.pdb	566	0.6357785	0.036512084
P49815	566	G	Q		AF-P49815-F1-model_v4.pdb	566	0.7163538	0.014312379
P49815	566	G	R		AF-P49815-F1-model_v4.pdb	566	0.67004573	0.029887129
P49815	566	G	S		AF-P49815-F1-model_v4.pdb	566	0.85362875	0.012340692
P49815	566	G	T		AF-P49815-F1-model_v4.pdb	566	0.72610575	0.027516186
P49815	566	G	V		AF-P49815-F1-model_v4.pdb	566	0.61056983	0.020841926
P49815	566	G	W		AF-P49815-F1-model_v4.pdb	566	0.6170927	0.023706732
P49815	566	G	Y		AF-P49815-F1-model_v4.pdb	566	0.6404074	0.033938084
P49815	567	L	A		AF-P49815-F1-model_v4.pdb	567	0.72641504	0.008323738
P49815	567	L	C		AF-P49815-F1-model_v4.pdb	567	0.6771448	0.02088025
P49815	567	L	D		AF-P49815-F1-model_v4.pdb	567	0.47318125	0.027381096
P49815	567	L	E		AF-P49815-F1-model_v4.pdb	567	0.44099927	0.031055493
P49815	567	L	F		AF-P49815-F1-model_v4.pdb	567	0.668488	0.04593393
P49815	567	L	G		AF-P49815-F1-model_v4.pdb	567	0.50875366	0.03158737
P49815	567	L	H		AF-P49815-F1-model_v4.pdb	567	0.45382977	0.022266552
P49815	567	L	I		AF-P49815-F1-model_v4.pdb	567	0.9141024	0.02312932
P49815	567	L	K		AF-P49815-F1-model_v4.pdb	567	0.3712205	0.0536008
P49815	567	L	M		AF-P49815-F1-model_v4.pdb	567	0.7694895	0.024594616
P49815	567	L	N		AF-P49815-F1-model_v4.pdb	567	0.44945621	0.012923657
P49815	567	L	P		AF-P49815-F1-model_v4.pdb	567	0.4063434	0.023442198
P49815	567	L	Q		AF-P49815-F1-model_v4.pdb	567	0.50328386	0.017392607
P49815	567	L	R		AF-P49815-F1-model_v4.pdb	567	0.4042874	0.03728782
P49815	567	L	S		AF-P49815-F1-model_v4.pdb	567	0.45220953	0.02356019
P49815	567	L	T		AF-P49815-F1-model_v4.pdb	567	0.6887931	0.045920957
P49815	567	L	V		AF-P49815-F1-model_v4.pdb	567	0.9286634	0.016844293
P49815	567	L	W		AF-P49815-F1-model_v4.pdb	567	0.5955765	0.020110523
P49815	567	L	Y		AF-P49815-F1-model_v4.pdb	567	0.5453404	0.0270032
P49815	568	L	A		AF-P49815-F1-model_v4.pdb	568	0.74409366	0.008250667
P49815	568	L	C		AF-P49815-F1-model_v4.pdb	568	0.78001225	0.027908701
P49815	568	L	D		AF-P49815-F1-model_v4.pdb	568	0.55905974	0.04426314
P49815	568	L	E		AF-P49815-F1-model_v4.pdb	568	0.57660586	0.026811287
P49815	568	L	F		AF-P49815-F1-model_v4.pdb	568	0.6857821	0.037910834
P49815	568	L	G		AF-P49815-F1-model_v4.pdb	568	0.618513	0.0147731155
P49815	568	L	H		AF-P49815-F1-model_v4.pdb	568	0.56935513	0.053881194
P49815	568	L	I		AF-P49815-F1-model_v4.pdb	568	0.8606493	0.0321151
P49815	568	L	K		AF-P49815-F1-model_v4.pdb	568	0.47931236	0.023461413
P49815	568	L	M		AF-P49815-F1-model_v4.pdb	568	0.8406895	0.014439443
P49815	568	L	N		AF-P49815-F1-model_v4.pdb	568	0.51964796	0.044903673
P49815	568	L	P		AF-P49815-F1-model_v4.pdb	568	0.5053245	0.019571597
P49815	568	L	Q		AF-P49815-F1-model_v4.pdb	568	0.6363707	0.028884258
P49815	568	L	R		AF-P49815-F1-model_v4.pdb	568	0.45593795	0.01151637
P49815	568	L	S		AF-P49815-F1-model_v4.pdb	568	0.61192757	0.055647302
P49815	568	L	T		AF-P49815-F1-model_v4.pdb	568	0.6378342	0.037258074
P49815	568	L	V		AF-P49815-F1-model_v4.pdb	568	0.76979	0.025383115
P49815	568	L	W		AF-P49815-F1-model_v4.pdb	568	0.5385313	0.0124578085
P49815	568	L	Y		AF-P49815-F1-model_v4.pdb	568	0.5863856	0.028716207
P49815	569	V	A		AF-P49815-F1-model_v4.pdb	569	0.86345845	0.016665565
P49815	569	V	C		AF-P49815-F1-model_v4.pdb	569	0.8532442	0.017388424
P49815	569	V	D		AF-P49815-F1-model_v4.pdb	569	0.7058321	0.024581041
P49815	569	V	E		AF-P49815-F1-model_v4.pdb	569	0.760041	0.023410233
P49815	569	V	F		AF-P49815-F1-model_v4.pdb	569	0.7938536	0.030432058
P49815	569	V	G		AF-P49815-F1-model_v4.pdb	569	0.8759594	0.016772233
P49815	569	V	H		AF-P49815-F1-model_v4.pdb	569	0.83919317	0.031864062
P49815	569	V	I		AF-P49815-F1-model_v4.pdb	569	0.9039709	0.021881972
P49815	569	V	K		AF-P49815-F1-model_v4.pdb	569	0.7496971	0.014791397
P49815	569	V	L		AF-P49815-F1-model_v4.pdb	569	0.8911273	0.026363032
P49815	569	V	M		AF-P49815-F1-model_v4.pdb	569	0.822394	0.031274658
P49815	569	V	N		AF-P49815-F1-model_v4.pdb	569	0.83946675	0.0213059
P49815	569	V	P		AF-P49815-F1-model_v4.pdb	569	0.67064416	0.037580334
P49815	569	V	Q		AF-P49815-F1-model_v4.pdb	569	0.82316875	0.021014884
P49815	569	V	R		AF-P49815-F1-model_v4.pdb	569	0.7720505	0.030040784
P49815	569	V	S		AF-P49815-F1-model_v4.pdb	569	0.80747366	0.019075194
P49815	569	V	T		AF-P49815-F1-model_v4.pdb	569	0.80028135	0.022814177
P49815	569	V	W		AF-P49815-F1-model_v4.pdb	569	0.73329073	0.031210955
P49815	569	V	Y		AF-P49815-F1-model_v4.pdb	569	0.7200916	0.028159484
P49815	570	I	C		AF-P49815-F1-model_v4.pdb	570	0.82482785	0.022164682
P49815	570	I	D		AF-P49815-F1-model_v4.pdb	570	0.55773604	0.031215105
P49815	570	I	E		AF-P49815-F1-model_v4.pdb	570	0.6600306	0.04515367
P49815	570	I	F		AF-P49815-F1-model_v4.pdb	570	0.6737865	0.016645381
P49815	570	I	G		AF-P49815-F1-model_v4.pdb	570	0.60189545	0.017515088
P49815	570	I	H		AF-P49815-F1-model_v4.pdb	570	0.5237135	0.00846501
P49815	570	I	K		AF-P49815-F1-model_v4.pdb	570	0.5355883	0.039364167
P49815	570	I	L		AF-P49815-F1-model_v4.pdb	570	0.89410573	0.019404275
P49815	570	I	M		AF-P49815-F1-model_v4.pdb	570	0.80815756	0.020024579
P49815	570	I	N		AF-P49815-F1-model_v4.pdb	570	0.5395862	0.016652636
P49815	570	I	P		AF-P49815-F1-model_v4.pdb	570	0.558398	0.013370779
P49815	570	I	Q		AF-P49815-F1-model_v4.pdb	570	0.62961847	0.033190645
P49815	570	I	R		AF-P49815-F1-model_v4.pdb	570	0.5089769	0.023104783
P49815	570	I	S		AF-P49815-F1-model_v4.pdb	570	0.58233035	0.031884123
P49815	570	I	T		AF-P49815-F1-model_v4.pdb	570	0.68654555	0.01802138
P49815	570	I	V		AF-P49815-F1-model_v4.pdb	570	0.9244644	0.009204102
P49815	570	I	W		AF-P49815-F1-model_v4.pdb	570	0.60729086	0.020105708
P49815	570	I	Y		AF-P49815-F1-model_v4.pdb	570	0.58715296	0.018071482
P49815	571	L	A		AF-P49815-F1-model_v4.pdb	571	0.81385213	0.009805779
P49815	571	L	C		AF-P49815-F1-model_v4.pdb	571	0.80607146	0.03217895
P49815	571	L	D		AF-P49815-F1-model_v4.pdb	571	0.54063624	0.050207492
P49815	571	L	E		AF-P49815-F1-model_v4.pdb	571	0.69171774	0.0095211705
P49815	571	L	F		AF-P49815-F1-model_v4.pdb	571	0.7484947	0.034005124
P49815	571	L	G		AF-P49815-F1-model_v4.pdb	571	0.5841495	0.0101937065
P49815	571	L	H		AF-P49815-F1-model_v4.pdb	571	0.5641678	0.029378576
P49815	571	L	I		AF-P49815-F1-model_v4.pdb	571	0.7653896	0.019190963
P49815	571	L	K		AF-P49815-F1-model_v4.pdb	571	0.5375639	0.0349753
P49815	571	L	M		AF-P49815-F1-model_v4.pdb	571	0.7670933	0.023327963
P49815	571	L	N		AF-P49815-F1-model_v4.pdb	571	0.578024	0.032325264
P49815	571	L	P		AF-P49815-F1-model_v4.pdb	571	0.5253208	0.02322082
P49815	571	L	Q		AF-P49815-F1-model_v4.pdb	571	0.6861242	0.034129445
P49815	571	L	R		AF-P49815-F1-model_v4.pdb	571	0.55108607	0.03340476
P49815	571	L	S		AF-P49815-F1-model_v4.pdb	571	0.6349722	0.04997631
P49815	571	L	T		AF-P49815-F1-model_v4.pdb	571	0.67440575	0.018787138
P49815	571	L	V		AF-P49815-F1-model_v4.pdb	571	0.76337683	0.021069199
P49815	571	L	W		AF-P49815-F1-model_v4.pdb	571	0.6194587	0.038065515
P49815	571	L	Y		AF-P49815-F1-model_v4.pdb	571	0.70525324	0.032417037
P49815	572	Q	A		AF-P49815-F1-model_v4.pdb	572	0.8653097	0.015955638
P49815	572	Q	C		AF-P49815-F1-model_v4.pdb	572	0.8170382	0.018899718
P49815	572	Q	D		AF-P49815-F1-model_v4.pdb	572	0.8229004	0.038373478
P49815	572	Q	E		AF-P49815-F1-model_v4.pdb	572	0.8303944	0.03347979
P49815	572	Q	F		AF-P49815-F1-model_v4.pdb	572	0.7806508	0.026377255
P49815	572	Q	G		AF-P49815-F1-model_v4.pdb	572	0.898777	0.01872429
P49815	572	Q	H		AF-P49815-F1-model_v4.pdb	572	0.85791427	0.023996312
P49815	572	Q	I		AF-P49815-F1-model_v4.pdb	572	0.71430343	0.010662466
P49815	572	Q	K		AF-P49815-F1-model_v4.pdb	572	0.7500899	0.028941588
P49815	572	Q	L		AF-P49815-F1-model_v4.pdb	572	0.76245105	0.021616347
P49815	572	Q	M		AF-P49815-F1-model_v4.pdb	572	0.8087475	0.03415333
P49815	572	Q	N		AF-P49815-F1-model_v4.pdb	572	0.8211234	0.02431219
P49815	572	Q	P		AF-P49815-F1-model_v4.pdb	572	0.68351257	0.01933962
P49815	572	Q	R		AF-P49815-F1-model_v4.pdb	572	0.7507332	0.03462472
P49815	572	Q	S		AF-P49815-F1-model_v4.pdb	572	0.8007331	0.009035733
P49815	572	Q	T		AF-P49815-F1-model_v4.pdb	572	0.8073751	0.02360045
P49815	572	Q	V		AF-P49815-F1-model_v4.pdb	572	0.77787495	0.016112456
P49815	572	Q	W		AF-P49815-F1-model_v4.pdb	572	0.66183966	0.020309402
P49815	572	Q	Y		AF-P49815-F1-model_v4.pdb	572	0.73729885	0.026471032
P49815	573	T	A		AF-P49815-F1-model_v4.pdb	573	0.92688876	0.03232708
P49815	573	T	C		AF-P49815-F1-model_v4.pdb	573	0.87003976	0.023657927
P49815	573	T	D		AF-P49815-F1-model_v4.pdb	573	0.8779934	0.027274119
P49815	573	T	E		AF-P49815-F1-model_v4.pdb	573	0.90039283	0.021203702
P49815	573	T	F		AF-P49815-F1-model_v4.pdb	573	0.75975776	0.014224828
P49815	573	T	G		AF-P49815-F1-model_v4.pdb	573	0.8834961	0.021932973
P49815	573	T	H		AF-P49815-F1-model_v4.pdb	573	0.91118413	0.043186557
P49815	573	T	I		AF-P49815-F1-model_v4.pdb	573	0.7735715	0.02188859
P49815	573	T	K		AF-P49815-F1-model_v4.pdb	573	0.8036879	0.029697046
P49815	573	T	L		AF-P49815-F1-model_v4.pdb	573	0.87741435	0.018639186
P49815	573	T	M		AF-P49815-F1-model_v4.pdb	573	0.90941507	0.0415091
P49815	573	T	N		AF-P49815-F1-model_v4.pdb	573	0.9173025	0.037681807
P49815	573	T	P		AF-P49815-F1-model_v4.pdb	573	0.7957896	0.017843883
P49815	573	T	Q		AF-P49815-F1-model_v4.pdb	573	0.8106595	0.037087522
P49815	573	T	R		AF-P49815-F1-model_v4.pdb	573	0.75312114	0.024193386
P49815	573	T	S		AF-P49815-F1-model_v4.pdb	573	0.9321903	0.017130995
P49815	573	T	V		AF-P49815-F1-model_v4.pdb	573	0.7840203	0.021952538
P49815	573	T	W		AF-P49815-F1-model_v4.pdb	573	0.7642696	0.034202334
P49815	573	T	Y		AF-P49815-F1-model_v4.pdb	573	0.84203494	0.022663066
P49815	574	K	A		AF-P49815-F1-model_v4.pdb	574	0.8814856	0.017785499
P49815	574	K	C		AF-P49815-F1-model_v4.pdb	574	0.8401867	0.025453724
P49815	574	K	D		AF-P49815-F1-model_v4.pdb	574	0.81302375	0.021514174
P49815	574	K	E		AF-P49815-F1-model_v4.pdb	574	0.8396366	0.025292506
P49815	574	K	F		AF-P49815-F1-model_v4.pdb	574	0.75813615	0.039560772
P49815	574	K	G		AF-P49815-F1-model_v4.pdb	574	0.8111143	0.019647254
P49815	574	K	H		AF-P49815-F1-model_v4.pdb	574	0.8204938	0.027842816
P49815	574	K	I		AF-P49815-F1-model_v4.pdb	574	0.7740115	0.02349501
P49815	574	K	L		AF-P49815-F1-model_v4.pdb	574	0.7427212	0.009064309
P49815	574	K	M		AF-P49815-F1-model_v4.pdb	574	0.7684196	0.02581208
P49815	574	K	N		AF-P49815-F1-model_v4.pdb	574	0.75775915	0.021685423
P49815	574	K	P		AF-P49815-F1-model_v4.pdb	574	0.82894343	0.008837959
P49815	574	K	Q		AF-P49815-F1-model_v4.pdb	574	0.86892366	0.026358798
P49815	574	K	R		AF-P49815-F1-model_v4.pdb	574	0.71694034	0.019826125
P49815	574	K	S		AF-P49815-F1-model_v4.pdb	574	0.89675206	0.020262295
P49815	574	K	T		AF-P49815-F1-model_v4.pdb	574	0.91935414	0.020256104
P49815	574	K	V		AF-P49815-F1-model_v4.pdb	574	0.8380207	0.016785095
P49815	574	K	W		AF-P49815-F1-model_v4.pdb	574	0.6997684	0.041589703
P49815	574	K	Y		AF-P49815-F1-model_v4.pdb	574	0.7527758	0.031154737
P49815	575	L	A		AF-P49815-F1-model_v4.pdb	575	0.88478506	0.025210038
P49815	575	L	C		AF-P49815-F1-model_v4.pdb	575	0.9194166	0.020657588
P49815	575	L	D		AF-P49815-F1-model_v4.pdb	575	0.75751734	0.021166403
P49815	575	L	E		AF-P49815-F1-model_v4.pdb	575	0.81742656	0.032134775
P49815	575	L	F		AF-P49815-F1-model_v4.pdb	575	0.8627437	0.029991286
P49815	575	L	G		AF-P49815-F1-model_v4.pdb	575	0.8485349	0.028680617
P49815	575	L	H		AF-P49815-F1-model_v4.pdb	575	0.7031189	0.021886816
P49815	575	L	I		AF-P49815-F1-model_v4.pdb	575	1.0070794	0.026500402
P49815	575	L	K		AF-P49815-F1-model_v4.pdb	575	0.6984109	0.055579294
P49815	575	L	M		AF-P49815-F1-model_v4.pdb	575	0.8971222	0.044376854
P49815	575	L	N		AF-P49815-F1-model_v4.pdb	575	0.7465235	0.014182958
P49815	575	L	P		AF-P49815-F1-model_v4.pdb	575	0.76741165	0.022456938
P49815	575	L	Q		AF-P49815-F1-model_v4.pdb	575	0.82270306	0.021014772
P49815	575	L	R		AF-P49815-F1-model_v4.pdb	575	0.707979	0.04186857
P49815	575	L	S		AF-P49815-F1-model_v4.pdb	575	0.88852847	0.025634794
P49815	575	L	T		AF-P49815-F1-model_v4.pdb	575	0.8995097	0.018828303
P49815	575	L	V		AF-P49815-F1-model_v4.pdb	575	1.0022258	0.020638136
P49815	575	L	W		AF-P49815-F1-model_v4.pdb	575	0.85190296	0.017051062
P49815	575	L	Y		AF-P49815-F1-model_v4.pdb	575	0.7998556	0.022272132
P49815	576	Y	A		AF-P49815-F1-model_v4.pdb	576	0.8283144	0.0254614
P49815	576	Y	C		AF-P49815-F1-model_v4.pdb	576	0.89954853	0.020151842
P49815	576	Y	D		AF-P49815-F1-model_v4.pdb	576	0.89889085	0.023356881
P49815	576	Y	E		AF-P49815-F1-model_v4.pdb	576	0.88713264	0.03093688
P49815	576	Y	F		AF-P49815-F1-model_v4.pdb	576	0.9773528	0.047553457
P49815	576	Y	G		AF-P49815-F1-model_v4.pdb	576	0.81659067	0.01444153
P49815	576	Y	H		AF-P49815-F1-model_v4.pdb	576	0.9711458	0.05074457
P49815	576	Y	I		AF-P49815-F1-model_v4.pdb	576	0.92445767	0.04110781
P49815	576	Y	K		AF-P49815-F1-model_v4.pdb	576	0.8520306	0.040999938
P49815	576	Y	L		AF-P49815-F1-model_v4.pdb	576	0.88622445	0.030318486
P49815	576	Y	M		AF-P49815-F1-model_v4.pdb	576	0.92816466	0.029811775
P49815	576	Y	N		AF-P49815-F1-model_v4.pdb	576	0.89250326	0.03731553
P49815	576	Y	P		AF-P49815-F1-model_v4.pdb	576	0.878945	0.010349594
P49815	576	Y	Q		AF-P49815-F1-model_v4.pdb	576	0.87070763	0.03805472
P49815	576	Y	R		AF-P49815-F1-model_v4.pdb	576	0.8508938	0.026708702
P49815	576	Y	S		AF-P49815-F1-model_v4.pdb	576	0.8556614	0.020969601
P49815	576	Y	T		AF-P49815-F1-model_v4.pdb	576	0.95718634	0.024924543
P49815	576	Y	V		AF-P49815-F1-model_v4.pdb	576	0.8775708	0.03842309
P49815	576	Y	W		AF-P49815-F1-model_v4.pdb	576	0.9578819	0.02578213
P49815	577	T	A		AF-P49815-F1-model_v4.pdb	577	1.00449	0.03909434
P49815	577	T	C		AF-P49815-F1-model_v4.pdb	577	0.9944563	0.035118267
P49815	577	T	D		AF-P49815-F1-model_v4.pdb	577	0.9877261	0.030651245
P49815	577	T	E		AF-P49815-F1-model_v4.pdb	577	0.88514555	0.058788083
P49815	577	T	F		AF-P49815-F1-model_v4.pdb	577	0.884527	0.06031541
P49815	577	T	G		AF-P49815-F1-model_v4.pdb	577	0.96996796	0.02225679
P49815	577	T	H		AF-P49815-F1-model_v4.pdb	577	0.9618596	0.051992625
P49815	577	T	I		AF-P49815-F1-model_v4.pdb	577	0.95506066	0.027875269
P49815	577	T	K		AF-P49815-F1-model_v4.pdb	577	0.8061339	0.018729303
P49815	577	T	L		AF-P49815-F1-model_v4.pdb	577	0.9155898	0.021077113
P49815	577	T	M		AF-P49815-F1-model_v4.pdb	577	0.9532355	0.03156264
P49815	577	T	N		AF-P49815-F1-model_v4.pdb	577	0.97433937	0.03084513
P49815	577	T	P		AF-P49815-F1-model_v4.pdb	577	0.9365118	0.022709044
P49815	577	T	Q		AF-P49815-F1-model_v4.pdb	577	0.9038671	0.051175557
P49815	577	T	R		AF-P49815-F1-model_v4.pdb	577	0.9010564	0.025242424
P49815	577	T	S		AF-P49815-F1-model_v4.pdb	577	1.025871	0.013606749
P49815	577	T	V		AF-P49815-F1-model_v4.pdb	577	0.92280275	0.042648878
P49815	577	T	W		AF-P49815-F1-model_v4.pdb	577	0.90100515	0.033623315
P49815	577	T	Y		AF-P49815-F1-model_v4.pdb	577	0.9224466	0.02922672
P49815	578	L	A		AF-P49815-F1-model_v4.pdb	578	0.93657684	0.024435313
P49815	578	L	C		AF-P49815-F1-model_v4.pdb	578	0.9343669	0.019551879
P49815	578	L	D		AF-P49815-F1-model_v4.pdb	578	0.7578754	0.015803032
P49815	578	L	E		AF-P49815-F1-model_v4.pdb	578	0.7779136	0.015429018
P49815	578	L	F		AF-P49815-F1-model_v4.pdb	578	0.8878953	0.019559732
P49815	578	L	G		AF-P49815-F1-model_v4.pdb	578	0.8646258	0.03424216
P49815	578	L	H		AF-P49815-F1-model_v4.pdb	578	0.794171	0.032523133
P49815	578	L	I		AF-P49815-F1-model_v4.pdb	578	0.9687751	0.012445189
P49815	578	L	K		AF-P49815-F1-model_v4.pdb	578	0.8233366	0.01588239
P49815	578	L	M		AF-P49815-F1-model_v4.pdb	578	0.99655455	0.034564167
P49815	578	L	N		AF-P49815-F1-model_v4.pdb	578	0.8050108	0.015605128
P49815	578	L	P		AF-P49815-F1-model_v4.pdb	578	0.7957372	0.011883501
P49815	578	L	Q		AF-P49815-F1-model_v4.pdb	578	0.7943962	0.01914426
P49815	578	L	R		AF-P49815-F1-model_v4.pdb	578	0.8567871	0.03249529
P49815	578	L	S		AF-P49815-F1-model_v4.pdb	578	0.902695	0.014265216
P49815	578	L	T		AF-P49815-F1-model_v4.pdb	578	0.8846639	0.019082012
P49815	578	L	V		AF-P49815-F1-model_v4.pdb	578	0.93661565	0.021227071
P49815	578	L	W		AF-P49815-F1-model_v4.pdb	578	0.84490645	0.027192242
P49815	578	L	Y		AF-P49815-F1-model_v4.pdb	578	0.791708	0.023755707
P49815	579	P	A		AF-P49815-F1-model_v4.pdb	579	0.9161795	0.024987513
P49815	579	P	C		AF-P49815-F1-model_v4.pdb	579	0.89177024	0.03532457
P49815	579	P	D		AF-P49815-F1-model_v4.pdb	579	0.92460984	0.019834517
P49815	579	P	E		AF-P49815-F1-model_v4.pdb	579	0.88422406	0.02175167
P49815	579	P	F		AF-P49815-F1-model_v4.pdb	579	0.76620704	0.023947466
P49815	579	P	G		AF-P49815-F1-model_v4.pdb	579	0.83821505	0.014910052
P49815	579	P	H		AF-P49815-F1-model_v4.pdb	579	0.9352217	0.007922716
P49815	579	P	I		AF-P49815-F1-model_v4.pdb	579	0.8267395	0.035335097
P49815	579	P	K		AF-P49815-F1-model_v4.pdb	579	0.8586197	0.03460254
P49815	579	P	L		AF-P49815-F1-model_v4.pdb	579	0.8203205	0.031967737
P49815	579	P	M		AF-P49815-F1-model_v4.pdb	579	0.84315187	0.021583583
P49815	579	P	N		AF-P49815-F1-model_v4.pdb	579	0.99031323	0.031852357
P49815	579	P	Q		AF-P49815-F1-model_v4.pdb	579	0.86358327	0.018492242
P49815	579	P	R		AF-P49815-F1-model_v4.pdb	579	0.81110543	0.030905308
P49815	579	P	S		AF-P49815-F1-model_v4.pdb	579	0.882219	0.027876562
P49815	579	P	T		AF-P49815-F1-model_v4.pdb	579	0.938719	0.018896744
P49815	579	P	V		AF-P49815-F1-model_v4.pdb	579	0.90747434	0.026166756
P49815	579	P	W		AF-P49815-F1-model_v4.pdb	579	0.7171297	0.027167013
P49815	579	P	Y		AF-P49815-F1-model_v4.pdb	579	0.89847815	0.022528779
P49815	580	A	C		AF-P49815-F1-model_v4.pdb	580	0.9502474	0.027123358
P49815	580	A	D		AF-P49815-F1-model_v4.pdb	580	0.8107535	0.03858686
P49815	580	A	E		AF-P49815-F1-model_v4.pdb	580	0.8363334	0.048289258
P49815	580	A	F		AF-P49815-F1-model_v4.pdb	580	0.8834616	0.021067748
P49815	580	A	G		AF-P49815-F1-model_v4.pdb	580	0.95633477	0.012712961
P49815	580	A	H		AF-P49815-F1-model_v4.pdb	580	0.8494231	0.031081952
P49815	580	A	I		AF-P49815-F1-model_v4.pdb	580	0.82256335	0.041998968
P49815	580	A	K		AF-P49815-F1-model_v4.pdb	580	0.83738244	0.03822628
P49815	580	A	L		AF-P49815-F1-model_v4.pdb	580	0.8392002	0.037522532
P49815	580	A	M		AF-P49815-F1-model_v4.pdb	580	0.8428625	0.03123673
P49815	580	A	N		AF-P49815-F1-model_v4.pdb	580	0.8852354	0.032976568
P49815	580	A	P		AF-P49815-F1-model_v4.pdb	580	0.82032216	0.03050543
P49815	580	A	Q		AF-P49815-F1-model_v4.pdb	580	0.82793367	0.03423311
P49815	580	A	R		AF-P49815-F1-model_v4.pdb	580	0.7979125	0.024975214
P49815	580	A	S		AF-P49815-F1-model_v4.pdb	580	0.93535453	0.029045714
P49815	580	A	T		AF-P49815-F1-model_v4.pdb	580	0.93598044	0.009830521
P49815	580	A	V		AF-P49815-F1-model_v4.pdb	580	0.93423444	0.033442233
P49815	580	A	W		AF-P49815-F1-model_v4.pdb	580	0.8197032	0.014096955
P49815	580	A	Y		AF-P49815-F1-model_v4.pdb	580	0.92391604	0.028002292
P49815	581	S	A		AF-P49815-F1-model_v4.pdb	581	0.8791378	0.026500233
P49815	581	S	C		AF-P49815-F1-model_v4.pdb	581	0.9108351	0.029696109
P49815	581	S	D		AF-P49815-F1-model_v4.pdb	581	0.914948	0.03921633
P49815	581	S	E		AF-P49815-F1-model_v4.pdb	581	0.9056649	0.04763216
P49815	581	S	F		AF-P49815-F1-model_v4.pdb	581	0.8308342	0.024114417
P49815	581	S	G		AF-P49815-F1-model_v4.pdb	581	0.9915978	0.019476648
P49815	581	S	H		AF-P49815-F1-model_v4.pdb	581	0.8590239	0.031124257
P49815	581	S	I		AF-P49815-F1-model_v4.pdb	581	0.8006061	0.036178757
P49815	581	S	K		AF-P49815-F1-model_v4.pdb	581	0.9198742	0.058730554
P49815	581	S	L		AF-P49815-F1-model_v4.pdb	581	0.7938835	0.019609407
P49815	581	S	M		AF-P49815-F1-model_v4.pdb	581	0.7706453	0.03215751
P49815	581	S	N		AF-P49815-F1-model_v4.pdb	581	0.83815736	0.038705137
P49815	581	S	P		AF-P49815-F1-model_v4.pdb	581	0.9647004	0.0068000737
P49815	581	S	Q		AF-P49815-F1-model_v4.pdb	581	0.8886117	0.056690987
P49815	581	S	R		AF-P49815-F1-model_v4.pdb	581	0.8761233	0.041220427
P49815	581	S	T		AF-P49815-F1-model_v4.pdb	581	0.91616756	0.026712732
P49815	581	S	V		AF-P49815-F1-model_v4.pdb	581	0.77027696	0.028776517
P49815	581	S	W		AF-P49815-F1-model_v4.pdb	581	0.85299015	0.016765846
P49815	581	S	Y		AF-P49815-F1-model_v4.pdb	581	0.91386414	0.02753881
P49815	582	H	A		AF-P49815-F1-model_v4.pdb	582	0.84146863	0.016826276
P49815	582	H	C		AF-P49815-F1-model_v4.pdb	582	0.8075714	0.014977731
P49815	582	H	D		AF-P49815-F1-model_v4.pdb	582	0.8672348	0.023840083
P49815	582	H	E		AF-P49815-F1-model_v4.pdb	582	0.8727349	0.033032816
P49815	582	H	F		AF-P49815-F1-model_v4.pdb	582	0.7878472	0.008488483
P49815	582	H	G		AF-P49815-F1-model_v4.pdb	582	0.83511525	0.019249814
P49815	582	H	I		AF-P49815-F1-model_v4.pdb	582	0.7460813	0.0403267
P49815	582	H	K		AF-P49815-F1-model_v4.pdb	582	0.7757233	0.030503225
P49815	582	H	L		AF-P49815-F1-model_v4.pdb	582	0.8123876	0.024984512
P49815	582	H	M		AF-P49815-F1-model_v4.pdb	582	0.8393806	0.024699356
P49815	582	H	N		AF-P49815-F1-model_v4.pdb	582	0.8406412	0.024938649
P49815	582	H	P		AF-P49815-F1-model_v4.pdb	582	0.818968	0.01934984
P49815	582	H	Q		AF-P49815-F1-model_v4.pdb	582	0.848729	0.027789958
P49815	582	H	R		AF-P49815-F1-model_v4.pdb	582	0.72824365	0.021117518
P49815	582	H	S		AF-P49815-F1-model_v4.pdb	582	0.90067977	0.020726182
P49815	582	H	T		AF-P49815-F1-model_v4.pdb	582	0.835832	0.03479565
P49815	582	H	V		AF-P49815-F1-model_v4.pdb	582	0.8175745	0.03396793
P49815	582	H	W		AF-P49815-F1-model_v4.pdb	582	0.6985778	0.022711143
P49815	582	H	Y		AF-P49815-F1-model_v4.pdb	582	0.81550866	0.028501386
P49815	583	A	C		AF-P49815-F1-model_v4.pdb	583	0.8986748	0.025424456
P49815	583	A	D		AF-P49815-F1-model_v4.pdb	583	0.82099426	0.052095033
P49815	583	A	E		AF-P49815-F1-model_v4.pdb	583	0.8224308	0.017699722
P49815	583	A	F		AF-P49815-F1-model_v4.pdb	583	0.81804544	0.018798038
P49815	583	A	G		AF-P49815-F1-model_v4.pdb	583	0.9229336	0.025105814
P49815	583	A	H		AF-P49815-F1-model_v4.pdb	583	0.83441603	0.01564004
P49815	583	A	I		AF-P49815-F1-model_v4.pdb	583	0.7568255	0.035465926
P49815	583	A	K		AF-P49815-F1-model_v4.pdb	583	0.73513293	0.029296739
P49815	583	A	L		AF-P49815-F1-model_v4.pdb	583	0.811656	0.034758773
P49815	583	A	M		AF-P49815-F1-model_v4.pdb	583	0.90397584	0.041455712
P49815	583	A	N		AF-P49815-F1-model_v4.pdb	583	0.8351773	0.021924118
P49815	583	A	P		AF-P49815-F1-model_v4.pdb	583	0.82853335	0.018051904
P49815	583	A	Q		AF-P49815-F1-model_v4.pdb	583	0.8177902	0.021660425
P49815	583	A	R		AF-P49815-F1-model_v4.pdb	583	0.69729984	0.009806231
P49815	583	A	S		AF-P49815-F1-model_v4.pdb	583	0.9476215	0.025976779
P49815	583	A	T		AF-P49815-F1-model_v4.pdb	583	0.99171525	0.019387443
P49815	583	A	V		AF-P49815-F1-model_v4.pdb	583	0.92374295	0.013286573
P49815	583	A	W		AF-P49815-F1-model_v4.pdb	583	0.7535548	0.015391825
P49815	583	A	Y		AF-P49815-F1-model_v4.pdb	583	0.8527831	0.016688397
P49815	584	T	A		AF-P49815-F1-model_v4.pdb	584	0.8865868	0.04041798
P49815	584	T	C		AF-P49815-F1-model_v4.pdb	584	0.8467592	0.037384175
P49815	584	T	E		AF-P49815-F1-model_v4.pdb	584	0.9569319	0.035091836
P49815	584	T	F		AF-P49815-F1-model_v4.pdb	584	0.7654034	0.037346072
P49815	584	T	G		AF-P49815-F1-model_v4.pdb	584	0.8973668	0.01574457
P49815	584	T	H		AF-P49815-F1-model_v4.pdb	584	0.93582946	0.040482417
P49815	584	T	I		AF-P49815-F1-model_v4.pdb	584	0.78552294	0.030383073
P49815	584	T	K		AF-P49815-F1-model_v4.pdb	584	0.78365886	0.07184443
P49815	584	T	L		AF-P49815-F1-model_v4.pdb	584	0.84113944	0.02082324
P49815	584	T	M		AF-P49815-F1-model_v4.pdb	584	0.8062607	0.051435664
P49815	584	T	N		AF-P49815-F1-model_v4.pdb	584	0.88818103	0.035203975
P49815	584	T	P		AF-P49815-F1-model_v4.pdb	584	0.8494421	0.0423405
P49815	584	T	Q		AF-P49815-F1-model_v4.pdb	584	0.8707531	0.056947894
P49815	584	T	R		AF-P49815-F1-model_v4.pdb	584	0.8100799	0.043703828
P49815	584	T	S		AF-P49815-F1-model_v4.pdb	584	0.92110854	0.023414243
P49815	584	T	V		AF-P49815-F1-model_v4.pdb	584	0.79144996	0.053968314
P49815	584	T	W		AF-P49815-F1-model_v4.pdb	584	0.8299276	0.040936653
P49815	584	T	Y		AF-P49815-F1-model_v4.pdb	584	0.77746236	0.040150236
P49815	585	R	A		AF-P49815-F1-model_v4.pdb	585	0.88707066	0.01495622
P49815	585	R	C		AF-P49815-F1-model_v4.pdb	585	0.843104	0.0070478893
P49815	585	R	D		AF-P49815-F1-model_v4.pdb	585	0.8356325	0.018575052
P49815	585	R	E		AF-P49815-F1-model_v4.pdb	585	0.8627728	0.009329004
P49815	585	R	F		AF-P49815-F1-model_v4.pdb	585	0.81832397	0.030238317
P49815	585	R	G		AF-P49815-F1-model_v4.pdb	585	0.85571784	0.014449182
P49815	585	R	H		AF-P49815-F1-model_v4.pdb	585	0.90965843	0.016090833
P49815	585	R	K		AF-P49815-F1-model_v4.pdb	585	0.96692574	0.015085439
P49815	585	R	L		AF-P49815-F1-model_v4.pdb	585	0.83143073	0.04052752
P49815	585	R	M		AF-P49815-F1-model_v4.pdb	585	0.8112475	0.034410715
P49815	585	R	N		AF-P49815-F1-model_v4.pdb	585	0.85176307	0.014475019
P49815	585	R	P		AF-P49815-F1-model_v4.pdb	585	0.82291126	0.017615175
P49815	585	R	Q		AF-P49815-F1-model_v4.pdb	585	0.8810431	0.015818568
P49815	585	R	S		AF-P49815-F1-model_v4.pdb	585	0.8838994	0.015406612
P49815	585	R	T		AF-P49815-F1-model_v4.pdb	585	0.88788575	0.01467956
P49815	585	R	V		AF-P49815-F1-model_v4.pdb	585	0.89438784	0.029288812
P49815	585	R	W		AF-P49815-F1-model_v4.pdb	585	0.8072125	0.025607307
P49815	585	R	Y		AF-P49815-F1-model_v4.pdb	585	0.87050503	0.030030902
P49815	586	V	A		AF-P49815-F1-model_v4.pdb	586	0.8429306	0.033191055
P49815	586	V	C		AF-P49815-F1-model_v4.pdb	586	0.7946864	0.012828293
P49815	586	V	D		AF-P49815-F1-model_v4.pdb	586	0.59245276	0.04195857
P49815	586	V	E		AF-P49815-F1-model_v4.pdb	586	0.47872567	0.02477127
P49815	586	V	F		AF-P49815-F1-model_v4.pdb	586	0.71145314	0.01694153
P49815	586	V	G		AF-P49815-F1-model_v4.pdb	586	0.63553447	0.040293794
P49815	586	V	H		AF-P49815-F1-model_v4.pdb	586	0.5886738	0.022352597
P49815	586	V	I		AF-P49815-F1-model_v4.pdb	586	0.90981275	0.02077624
P49815	586	V	K		AF-P49815-F1-model_v4.pdb	586	0.48768443	0.022756806
P49815	586	V	L		AF-P49815-F1-model_v4.pdb	586	0.78238815	0.013883977
P49815	586	V	M		AF-P49815-F1-model_v4.pdb	586	0.7633468	0.023245327
P49815	586	V	N		AF-P49815-F1-model_v4.pdb	586	0.59425443	0.027360318
P49815	586	V	P		AF-P49815-F1-model_v4.pdb	586	0.6054898	0.016059848
P49815	586	V	Q		AF-P49815-F1-model_v4.pdb	586	0.5962888	0.024548393
P49815	586	V	R		AF-P49815-F1-model_v4.pdb	586	0.51529413	0.036678568
P49815	586	V	S		AF-P49815-F1-model_v4.pdb	586	0.6984997	0.031236732
P49815	586	V	T		AF-P49815-F1-model_v4.pdb	586	0.73513234	0.03192504
P49815	586	V	W		AF-P49815-F1-model_v4.pdb	586	0.6274017	0.012519686
P49815	586	V	Y		AF-P49815-F1-model_v4.pdb	586	0.5610094	0.026773464
P49815	587	Y	C		AF-P49815-F1-model_v4.pdb	587	0.75650156	0.01418636
P49815	587	Y	D		AF-P49815-F1-model_v4.pdb	587	0.7336706	0.029417606
P49815	587	Y	E		AF-P49815-F1-model_v4.pdb	587	0.7462369	0.025565937
P49815	587	Y	F		AF-P49815-F1-model_v4.pdb	587	0.78304875	0.020319026
P49815	587	Y	G		AF-P49815-F1-model_v4.pdb	587	0.6549621	0.02025094
P49815	587	Y	H		AF-P49815-F1-model_v4.pdb	587	0.8604752	0.023967266
P49815	587	Y	I		AF-P49815-F1-model_v4.pdb	587	0.7958468	0.018564377
P49815	587	Y	K		AF-P49815-F1-model_v4.pdb	587	0.70924777	0.016106399
P49815	587	Y	L		AF-P49815-F1-model_v4.pdb	587	0.78770417	0.021164302
P49815	587	Y	M		AF-P49815-F1-model_v4.pdb	587	0.76635814	0.006821791
P49815	587	Y	N		AF-P49815-F1-model_v4.pdb	587	0.7075666	0.021509556
P49815	587	Y	P		AF-P49815-F1-model_v4.pdb	587	0.7024182	0.02047548
P49815	587	Y	Q		AF-P49815-F1-model_v4.pdb	587	0.75378454	0.024270289
P49815	587	Y	R		AF-P49815-F1-model_v4.pdb	587	0.656368	0.035552125
P49815	587	Y	S		AF-P49815-F1-model_v4.pdb	587	0.7484015	0.03438656
P49815	587	Y	T		AF-P49815-F1-model_v4.pdb	587	0.72820055	0.022515269
P49815	587	Y	V		AF-P49815-F1-model_v4.pdb	587	0.8012077	0.016609102
P49815	587	Y	W		AF-P49815-F1-model_v4.pdb	587	0.7567761	0.012676438
P49815	588	E	A		AF-P49815-F1-model_v4.pdb	588	0.8455475	0.026303587
P49815	588	E	C		AF-P49815-F1-model_v4.pdb	588	0.860758	0.02179977
P49815	588	E	D		AF-P49815-F1-model_v4.pdb	588	0.87959445	0.027829457
P49815	588	E	F		AF-P49815-F1-model_v4.pdb	588	0.6961308	0.028251879
P49815	588	E	G		AF-P49815-F1-model_v4.pdb	588	0.83542144	0.02501311
P49815	588	E	H		AF-P49815-F1-model_v4.pdb	588	0.83179176	0.023038127
P49815	588	E	I		AF-P49815-F1-model_v4.pdb	588	0.70865965	0.02422228
P49815	588	E	K		AF-P49815-F1-model_v4.pdb	588	0.7177471	0.020705365
P49815	588	E	L		AF-P49815-F1-model_v4.pdb	588	0.720434	0.022553694
P49815	588	E	M		AF-P49815-F1-model_v4.pdb	588	0.76707315	0.01617389
P49815	588	E	N		AF-P49815-F1-model_v4.pdb	588	0.79013073	0.024087334
P49815	588	E	P		AF-P49815-F1-model_v4.pdb	588	0.6387633	0.029806217
P49815	588	E	Q		AF-P49815-F1-model_v4.pdb	588	0.80635226	0.038234975
P49815	588	E	R		AF-P49815-F1-model_v4.pdb	588	0.79248613	0.007926561
P49815	588	E	S		AF-P49815-F1-model_v4.pdb	588	0.8113146	0.022297526
P49815	588	E	T		AF-P49815-F1-model_v4.pdb	588	0.79051185	0.023575768
P49815	588	E	V		AF-P49815-F1-model_v4.pdb	588	0.77565324	0.03496323
P49815	588	E	W		AF-P49815-F1-model_v4.pdb	588	0.69833344	0.01192056
P49815	588	E	Y		AF-P49815-F1-model_v4.pdb	588	0.8001701	0.028178157
P49815	589	M	A		AF-P49815-F1-model_v4.pdb	589	0.8599326	0.033361603
P49815	589	M	C		AF-P49815-F1-model_v4.pdb	589	0.7393218	0.04269757
P49815	589	M	D		AF-P49815-F1-model_v4.pdb	589	0.5743238	0.031999122
P49815	589	M	F		AF-P49815-F1-model_v4.pdb	589	0.7293029	0.021559618
P49815	589	M	G		AF-P49815-F1-model_v4.pdb	589	0.71817154	0.032060236
P49815	589	M	H		AF-P49815-F1-model_v4.pdb	589	0.67011964	0.046672415
P49815	589	M	I		AF-P49815-F1-model_v4.pdb	589	0.80657184	0.033375412
P49815	589	M	K		AF-P49815-F1-model_v4.pdb	589	0.6919084	0.03643283
P49815	589	M	L		AF-P49815-F1-model_v4.pdb	589	0.8498724	0.03264624
P49815	589	M	N		AF-P49815-F1-model_v4.pdb	589	0.6241747	0.036344234
P49815	589	M	P		AF-P49815-F1-model_v4.pdb	589	0.65708196	0.015664194
P49815	589	M	Q		AF-P49815-F1-model_v4.pdb	589	0.6477821	0.024458965
P49815	589	M	R		AF-P49815-F1-model_v4.pdb	589	0.53855324	0.029302986
P49815	589	M	S		AF-P49815-F1-model_v4.pdb	589	0.8071672	0.03540607
P49815	589	M	T		AF-P49815-F1-model_v4.pdb	589	0.8385851	0.038977504
P49815	589	M	V		AF-P49815-F1-model_v4.pdb	589	0.84147996	0.025273932
P49815	589	M	W		AF-P49815-F1-model_v4.pdb	589	0.6324708	0.012171768
P49815	589	M	Y		AF-P49815-F1-model_v4.pdb	589	0.7265371	0.02166824
P49815	590	L	A		AF-P49815-F1-model_v4.pdb	590	0.7666548	0.0149432225
P49815	590	L	C		AF-P49815-F1-model_v4.pdb	590	0.71386373	0.010146187
P49815	590	L	D		AF-P49815-F1-model_v4.pdb	590	0.4702425	0.032357834
P49815	590	L	E		AF-P49815-F1-model_v4.pdb	590	0.547532	0.03448328
P49815	590	L	F		AF-P49815-F1-model_v4.pdb	590	0.67661273	0.03287782
P49815	590	L	G		AF-P49815-F1-model_v4.pdb	590	0.5150025	0.017224673
P49815	590	L	H		AF-P49815-F1-model_v4.pdb	590	0.5089351	0.038317937
P49815	590	L	I		AF-P49815-F1-model_v4.pdb	590	0.79567087	0.023050483
P49815	590	L	K		AF-P49815-F1-model_v4.pdb	590	0.4184259	0.030586783
P49815	590	L	M		AF-P49815-F1-model_v4.pdb	590	0.7880326	0.017845476
P49815	590	L	N		AF-P49815-F1-model_v4.pdb	590	0.52963877	0.013875214
P49815	590	L	P		AF-P49815-F1-model_v4.pdb	590	0.49540505	0.014529906
P49815	590	L	Q		AF-P49815-F1-model_v4.pdb	590	0.56874907	0.023677807
P49815	590	L	R		AF-P49815-F1-model_v4.pdb	590	0.3797365	0.023598004
P49815	590	L	S		AF-P49815-F1-model_v4.pdb	590	0.66889614	0.043189898
P49815	590	L	T		AF-P49815-F1-model_v4.pdb	590	0.717508	0.029862506
P49815	590	L	V		AF-P49815-F1-model_v4.pdb	590	0.7587473	0.00958235
P49815	590	L	W		AF-P49815-F1-model_v4.pdb	590	0.5617354	0.054274283
P49815	590	L	Y		AF-P49815-F1-model_v4.pdb	590	0.5613178	0.032524783
P49815	591	V	A		AF-P49815-F1-model_v4.pdb	591	0.9028848	0.038604017
P49815	591	V	C		AF-P49815-F1-model_v4.pdb	591	0.9044062	0.028411767
P49815	591	V	D		AF-P49815-F1-model_v4.pdb	591	0.7362405	0.04408081
P49815	591	V	E		AF-P49815-F1-model_v4.pdb	591	0.61748224	0.055876855
P49815	591	V	F		AF-P49815-F1-model_v4.pdb	591	0.86372966	0.04078785
P49815	591	V	G		AF-P49815-F1-model_v4.pdb	591	0.6988384	0.03928532
P49815	591	V	H		AF-P49815-F1-model_v4.pdb	591	0.7461996	0.048423655
P49815	591	V	I		AF-P49815-F1-model_v4.pdb	591	0.8763453	0.036960106
P49815	591	V	L		AF-P49815-F1-model_v4.pdb	591	0.86112344	0.030310899
P49815	591	V	M		AF-P49815-F1-model_v4.pdb	591	0.8538097	0.03326704
P49815	591	V	N		AF-P49815-F1-model_v4.pdb	591	0.6826855	0.020143239
P49815	591	V	P		AF-P49815-F1-model_v4.pdb	591	0.70669234	0.03572618
P49815	591	V	Q		AF-P49815-F1-model_v4.pdb	591	0.707554	0.029302811
P49815	591	V	R		AF-P49815-F1-model_v4.pdb	591	0.510599	0.01638139
P49815	591	V	S		AF-P49815-F1-model_v4.pdb	591	0.85205317	0.028476479
P49815	591	V	T		AF-P49815-F1-model_v4.pdb	591	0.8474859	0.030244524
P49815	591	V	W		AF-P49815-F1-model_v4.pdb	591	0.79253423	0.032094847
P49815	591	V	Y		AF-P49815-F1-model_v4.pdb	591	0.7688843	0.033592787
P49815	592	S	A		AF-P49815-F1-model_v4.pdb	592	0.98202276	0.029403035
P49815	592	S	C		AF-P49815-F1-model_v4.pdb	592	0.93947124	0.036619607
P49815	592	S	D		AF-P49815-F1-model_v4.pdb	592	0.9101049	0.03555713
P49815	592	S	E		AF-P49815-F1-model_v4.pdb	592	0.940423	0.023316579
P49815	592	S	F		AF-P49815-F1-model_v4.pdb	592	0.83183897	0.021921415
P49815	592	S	G		AF-P49815-F1-model_v4.pdb	592	0.9381566	0.017808173
P49815	592	S	H		AF-P49815-F1-model_v4.pdb	592	0.9217881	0.04906159
P49815	592	S	I		AF-P49815-F1-model_v4.pdb	592	0.8518053	0.028754985
P49815	592	S	K		AF-P49815-F1-model_v4.pdb	592	0.8276742	0.034892324
P49815	592	S	L		AF-P49815-F1-model_v4.pdb	592	0.8670063	0.032470215
P49815	592	S	M		AF-P49815-F1-model_v4.pdb	592	0.89346564	0.04423978
P49815	592	S	N		AF-P49815-F1-model_v4.pdb	592	0.9654832	0.03498443
P49815	592	S	P		AF-P49815-F1-model_v4.pdb	592	0.72005934	0.02026637
P49815	592	S	Q		AF-P49815-F1-model_v4.pdb	592	0.9283042	0.052766602
P49815	592	S	R		AF-P49815-F1-model_v4.pdb	592	0.8098957	0.026390444
P49815	592	S	T		AF-P49815-F1-model_v4.pdb	592	0.95590115	0.021120576
P49815	592	S	V		AF-P49815-F1-model_v4.pdb	592	0.83921623	0.03201406
P49815	592	S	W		AF-P49815-F1-model_v4.pdb	592	0.8311671	0.028023472
P49815	592	S	Y		AF-P49815-F1-model_v4.pdb	592	0.9025277	0.03490219
P49815	593	H	A		AF-P49815-F1-model_v4.pdb	593	0.83600366	0.013395991
P49815	593	H	C		AF-P49815-F1-model_v4.pdb	593	0.7906637	0.01939425
P49815	593	H	D		AF-P49815-F1-model_v4.pdb	593	0.79738796	0.031606074
P49815	593	H	E		AF-P49815-F1-model_v4.pdb	593	0.84891176	0.053797964
P49815	593	H	F		AF-P49815-F1-model_v4.pdb	593	0.75455046	0.024178188
P49815	593	H	G		AF-P49815-F1-model_v4.pdb	593	0.8441855	0.015573872
P49815	593	H	I		AF-P49815-F1-model_v4.pdb	593	0.7917272	0.033583134
P49815	593	H	K		AF-P49815-F1-model_v4.pdb	593	0.6417277	0.038210202
P49815	593	H	L		AF-P49815-F1-model_v4.pdb	593	0.71469986	0.022043334
P49815	593	H	M		AF-P49815-F1-model_v4.pdb	593	0.7818468	0.02628599
P49815	593	H	N		AF-P49815-F1-model_v4.pdb	593	0.85520566	0.01584219
P49815	593	H	P		AF-P49815-F1-model_v4.pdb	593	0.68265975	0.03150512
P49815	593	H	Q		AF-P49815-F1-model_v4.pdb	593	0.7672947	0.027174238
P49815	593	H	R		AF-P49815-F1-model_v4.pdb	593	0.71407586	0.028068723
P49815	593	H	S		AF-P49815-F1-model_v4.pdb	593	0.88951665	0.018904403
P49815	593	H	T		AF-P49815-F1-model_v4.pdb	593	0.82124865	0.019873237
P49815	593	H	V		AF-P49815-F1-model_v4.pdb	593	0.7835657	0.009904436
P49815	593	H	W		AF-P49815-F1-model_v4.pdb	593	0.6767256	0.030124445
P49815	593	H	Y		AF-P49815-F1-model_v4.pdb	593	0.70414686	0.03816016
P49815	594	I	A		AF-P49815-F1-model_v4.pdb	594	0.8992712	0.043679435
P49815	594	I	C		AF-P49815-F1-model_v4.pdb	594	0.8105563	0.0148923425
P49815	594	I	D		AF-P49815-F1-model_v4.pdb	594	0.5691191	0.030545542
P49815	594	I	E		AF-P49815-F1-model_v4.pdb	594	0.6255815	0.03900047
P49815	594	I	F		AF-P49815-F1-model_v4.pdb	594	0.737522	0.028421177
P49815	594	I	G		AF-P49815-F1-model_v4.pdb	594	0.6305157	0.043972902
P49815	594	I	H		AF-P49815-F1-model_v4.pdb	594	0.65262735	0.023946116
P49815	594	I	K		AF-P49815-F1-model_v4.pdb	594	0.47134462	0.030583212
P49815	594	I	L		AF-P49815-F1-model_v4.pdb	594	0.8243353	0.02831579
P49815	594	I	M		AF-P49815-F1-model_v4.pdb	594	0.86977863	0.02714631
P49815	594	I	N		AF-P49815-F1-model_v4.pdb	594	0.60427874	0.025127169
P49815	594	I	P		AF-P49815-F1-model_v4.pdb	594	0.581786	0.0129807945
P49815	594	I	Q		AF-P49815-F1-model_v4.pdb	594	0.62245893	0.020877592
P49815	594	I	R		AF-P49815-F1-model_v4.pdb	594	0.46626988	0.026306754
P49815	594	I	S		AF-P49815-F1-model_v4.pdb	594	0.75053424	0.04445553
P49815	594	I	T		AF-P49815-F1-model_v4.pdb	594	0.69468915	0.022364642
P49815	594	I	V		AF-P49815-F1-model_v4.pdb	594	0.9036444	0.014536128
P49815	594	I	W		AF-P49815-F1-model_v4.pdb	594	0.65058875	0.022213202
P49815	594	I	Y		AF-P49815-F1-model_v4.pdb	594	0.64322037	0.03873425
P49815	595	Q	A		AF-P49815-F1-model_v4.pdb	595	0.86259633	0.019275924
P49815	595	Q	C		AF-P49815-F1-model_v4.pdb	595	0.8887103	0.025755476
P49815	595	Q	D		AF-P49815-F1-model_v4.pdb	595	0.8432725	0.029365053
P49815	595	Q	E		AF-P49815-F1-model_v4.pdb	595	0.85577285	0.022960452
P49815	595	Q	F		AF-P49815-F1-model_v4.pdb	595	0.74965847	0.023100207
P49815	595	Q	G		AF-P49815-F1-model_v4.pdb	595	0.88959867	0.008274631
P49815	595	Q	H		AF-P49815-F1-model_v4.pdb	595	0.9555982	0.028393436
P49815	595	Q	I		AF-P49815-F1-model_v4.pdb	595	0.75638276	0.01832573
P49815	595	Q	K		AF-P49815-F1-model_v4.pdb	595	0.7688217	0.020175071
P49815	595	Q	L		AF-P49815-F1-model_v4.pdb	595	0.7791471	0.011964844
P49815	595	Q	M		AF-P49815-F1-model_v4.pdb	595	0.84328353	0.021825965
P49815	595	Q	N		AF-P49815-F1-model_v4.pdb	595	0.8870622	0.022985239
P49815	595	Q	P		AF-P49815-F1-model_v4.pdb	595	0.73661196	0.020821104
P49815	595	Q	R		AF-P49815-F1-model_v4.pdb	595	0.75270224	0.038488757
P49815	595	Q	S		AF-P49815-F1-model_v4.pdb	595	0.9063861	0.021818837
P49815	595	Q	T		AF-P49815-F1-model_v4.pdb	595	0.8818386	0.014394234
P49815	595	Q	V		AF-P49815-F1-model_v4.pdb	595	0.8618824	0.025023865
P49815	595	Q	W		AF-P49815-F1-model_v4.pdb	595	0.7212965	0.02462032
P49815	595	Q	Y		AF-P49815-F1-model_v4.pdb	595	0.76555103	0.038649824
P49815	596	L	A		AF-P49815-F1-model_v4.pdb	596	0.93065566	0.029471487
P49815	596	L	C		AF-P49815-F1-model_v4.pdb	596	0.9238226	0.014522188
P49815	596	L	D		AF-P49815-F1-model_v4.pdb	596	0.8529288	0.038998887
P49815	596	L	E		AF-P49815-F1-model_v4.pdb	596	0.8689928	0.030052956
P49815	596	L	F		AF-P49815-F1-model_v4.pdb	596	0.8356373	0.045065235
P49815	596	L	G		AF-P49815-F1-model_v4.pdb	596	0.8900221	0.022866644
P49815	596	L	H		AF-P49815-F1-model_v4.pdb	596	0.87281865	0.039507207
P49815	596	L	I		AF-P49815-F1-model_v4.pdb	596	0.9183509	0.028984074
P49815	596	L	K		AF-P49815-F1-model_v4.pdb	596	0.7959749	0.03331696
P49815	596	L	M		AF-P49815-F1-model_v4.pdb	596	0.9187275	0.02354184
P49815	596	L	N		AF-P49815-F1-model_v4.pdb	596	0.8989291	0.040001582
P49815	596	L	P		AF-P49815-F1-model_v4.pdb	596	0.7396964	0.012690131
P49815	596	L	Q		AF-P49815-F1-model_v4.pdb	596	0.9445273	0.02767329
P49815	596	L	R		AF-P49815-F1-model_v4.pdb	596	0.80334836	0.0316399
P49815	596	L	S		AF-P49815-F1-model_v4.pdb	596	0.90270025	0.026038837
P49815	596	L	T		AF-P49815-F1-model_v4.pdb	596	0.86515635	0.03634646
P49815	596	L	V		AF-P49815-F1-model_v4.pdb	596	0.8563838	0.021695582
P49815	596	L	W		AF-P49815-F1-model_v4.pdb	596	0.7780702	0.031899337
P49815	596	L	Y		AF-P49815-F1-model_v4.pdb	596	0.83224237	0.036844425
P49815	597	H	A		AF-P49815-F1-model_v4.pdb	597	0.8784687	0.024931345
P49815	597	H	C		AF-P49815-F1-model_v4.pdb	597	0.81095725	0.024797643
P49815	597	H	D		AF-P49815-F1-model_v4.pdb	597	0.89004534	0.01618453
P49815	597	H	E		AF-P49815-F1-model_v4.pdb	597	0.8463147	0.017478168
P49815	597	H	G		AF-P49815-F1-model_v4.pdb	597	0.7753721	0.025814088
P49815	597	H	I		AF-P49815-F1-model_v4.pdb	597	0.82664835	0.016535673
P49815	597	H	K		AF-P49815-F1-model_v4.pdb	597	0.77600974	0.03848127
P49815	597	H	L		AF-P49815-F1-model_v4.pdb	597	0.8562603	0.021523498
P49815	597	H	M		AF-P49815-F1-model_v4.pdb	597	0.769667	0.0309821
P49815	597	H	N		AF-P49815-F1-model_v4.pdb	597	0.8835351	0.0080820825
P49815	597	H	P		AF-P49815-F1-model_v4.pdb	597	0.77051276	0.017988138
P49815	597	H	Q		AF-P49815-F1-model_v4.pdb	597	0.91422635	0.017079271
P49815	597	H	R		AF-P49815-F1-model_v4.pdb	597	0.699467	0.02999883
P49815	597	H	S		AF-P49815-F1-model_v4.pdb	597	0.83430254	0.021533985
P49815	597	H	T		AF-P49815-F1-model_v4.pdb	597	0.86304605	0.019806476
P49815	597	H	V		AF-P49815-F1-model_v4.pdb	597	0.83930266	0.014171717
P49815	597	H	W		AF-P49815-F1-model_v4.pdb	597	0.6643451	0.026290903
P49815	597	H	Y		AF-P49815-F1-model_v4.pdb	597	0.73695266	0.04849425
P49815	598	Y	A		AF-P49815-F1-model_v4.pdb	598	0.88987935	0.016460102
P49815	598	Y	C		AF-P49815-F1-model_v4.pdb	598	0.90582865	0.016464455
P49815	598	Y	D		AF-P49815-F1-model_v4.pdb	598	0.93876016	0.024201505
P49815	598	Y	E		AF-P49815-F1-model_v4.pdb	598	0.930459	0.022805108
P49815	598	Y	F		AF-P49815-F1-model_v4.pdb	598	0.90111464	0.02552732
P49815	598	Y	G		AF-P49815-F1-model_v4.pdb	598	0.8327524	0.024987932
P49815	598	Y	H		AF-P49815-F1-model_v4.pdb	598	0.99846804	0.017405875
P49815	598	Y	I		AF-P49815-F1-model_v4.pdb	598	0.93665284	0.023645164
P49815	598	Y	K		AF-P49815-F1-model_v4.pdb	598	0.79408556	0.018407162
P49815	598	Y	L		AF-P49815-F1-model_v4.pdb	598	0.9467567	0.025493024
P49815	598	Y	M		AF-P49815-F1-model_v4.pdb	598	0.9840091	0.01993798
P49815	598	Y	N		AF-P49815-F1-model_v4.pdb	598	0.9356998	0.016685406
P49815	598	Y	P		AF-P49815-F1-model_v4.pdb	598	0.90050256	0.026386118
P49815	598	Y	Q		AF-P49815-F1-model_v4.pdb	598	0.9833872	0.024286592
P49815	598	Y	R		AF-P49815-F1-model_v4.pdb	598	0.7156417	0.030128723
P49815	598	Y	S		AF-P49815-F1-model_v4.pdb	598	0.87797356	0.018923678
P49815	598	Y	T		AF-P49815-F1-model_v4.pdb	598	0.9572589	0.016304482
P49815	598	Y	V		AF-P49815-F1-model_v4.pdb	598	0.9017643	0.02585259
P49815	598	Y	W		AF-P49815-F1-model_v4.pdb	598	0.8163842	0.040636946
P49815	599	K	A		AF-P49815-F1-model_v4.pdb	599	0.9559647	0.016857183
P49815	599	K	C		AF-P49815-F1-model_v4.pdb	599	0.959128	0.007220714
P49815	599	K	D		AF-P49815-F1-model_v4.pdb	599	0.94781065	0.0068023093
P49815	599	K	E		AF-P49815-F1-model_v4.pdb	599	0.91179025	0.0316643
P49815	599	K	F		AF-P49815-F1-model_v4.pdb	599	0.9441718	0.029794695
P49815	599	K	G		AF-P49815-F1-model_v4.pdb	599	0.93229026	0.016170967
P49815	599	K	H		AF-P49815-F1-model_v4.pdb	599	0.99368125	0.03189375
P49815	599	K	I		AF-P49815-F1-model_v4.pdb	599	0.89146817	0.022811264
P49815	599	K	L		AF-P49815-F1-model_v4.pdb	599	0.8566259	0.026949689
P49815	599	K	M		AF-P49815-F1-model_v4.pdb	599	0.9015001	0.028180571
P49815	599	K	N		AF-P49815-F1-model_v4.pdb	599	1.0134983	0.029540531
P49815	599	K	P		AF-P49815-F1-model_v4.pdb	599	0.8708824	0.020430218
P49815	599	K	Q		AF-P49815-F1-model_v4.pdb	599	0.93907607	0.05702917
P49815	599	K	R		AF-P49815-F1-model_v4.pdb	599	1.0284799	0.027552601
P49815	599	K	S		AF-P49815-F1-model_v4.pdb	599	1.035676	0.027615441
P49815	599	K	T		AF-P49815-F1-model_v4.pdb	599	0.9945955	0.009153487
P49815	599	K	V		AF-P49815-F1-model_v4.pdb	599	0.9818891	0.018971266
P49815	599	K	W		AF-P49815-F1-model_v4.pdb	599	0.8083574	0.013789445
P49815	599	K	Y		AF-P49815-F1-model_v4.pdb	599	0.9837532	0.03558942
P49815	600	H	A		AF-P49815-F1-model_v4.pdb	600	0.92025536	0.018906206
P49815	600	H	C		AF-P49815-F1-model_v4.pdb	600	0.94700956	0.0048688552
P49815	600	H	D		AF-P49815-F1-model_v4.pdb	600	0.9544527	0.025405891
P49815	600	H	E		AF-P49815-F1-model_v4.pdb	600	0.94839317	0.017825635
P49815	600	H	F		AF-P49815-F1-model_v4.pdb	600	0.8793623	0.01693562
P49815	600	H	G		AF-P49815-F1-model_v4.pdb	600	0.9167364	0.01661269
P49815	600	H	I		AF-P49815-F1-model_v4.pdb	600	0.8059621	0.03911561
P49815	600	H	L		AF-P49815-F1-model_v4.pdb	600	0.83213454	0.028266987
P49815	600	H	M		AF-P49815-F1-model_v4.pdb	600	0.9338333	0.013367091
P49815	600	H	N		AF-P49815-F1-model_v4.pdb	600	0.9277738	0.015488167
P49815	600	H	P		AF-P49815-F1-model_v4.pdb	600	0.7711723	0.032442868
P49815	600	H	Q		AF-P49815-F1-model_v4.pdb	600	0.89150983	0.027709927
P49815	600	H	R		AF-P49815-F1-model_v4.pdb	600	0.90003747	0.029455505
P49815	600	H	S		AF-P49815-F1-model_v4.pdb	600	0.94887125	0.019941116
P49815	600	H	T		AF-P49815-F1-model_v4.pdb	600	0.9432684	0.025135474
P49815	600	H	V		AF-P49815-F1-model_v4.pdb	600	0.8186037	0.026867991
P49815	600	H	W		AF-P49815-F1-model_v4.pdb	600	0.8353945	0.020233981
P49815	600	H	Y		AF-P49815-F1-model_v4.pdb	600	0.93886584	0.01852475
P49815	601	S	A		AF-P49815-F1-model_v4.pdb	601	0.9101528	0.032176588
P49815	601	S	C		AF-P49815-F1-model_v4.pdb	601	0.92841023	0.059464335
P49815	601	S	D		AF-P49815-F1-model_v4.pdb	601	0.961884	0.021768566
P49815	601	S	E		AF-P49815-F1-model_v4.pdb	601	0.92924273	0.027072841
P49815	601	S	F		AF-P49815-F1-model_v4.pdb	601	0.8452264	0.020253308
P49815	601	S	G		AF-P49815-F1-model_v4.pdb	601	0.98393935	0.027716652
P49815	601	S	H		AF-P49815-F1-model_v4.pdb	601	0.87830174	0.025773795
P49815	601	S	I		AF-P49815-F1-model_v4.pdb	601	0.79183125	0.029181357
P49815	601	S	K		AF-P49815-F1-model_v4.pdb	601	0.7726401	0.03609546
P49815	601	S	L		AF-P49815-F1-model_v4.pdb	601	0.79202384	0.025887668
P49815	601	S	M		AF-P49815-F1-model_v4.pdb	601	0.8772296	0.03368687
P49815	601	S	N		AF-P49815-F1-model_v4.pdb	601	0.84563124	0.05339932
P49815	601	S	P		AF-P49815-F1-model_v4.pdb	601	0.85341424	0.022323964
P49815	601	S	Q		AF-P49815-F1-model_v4.pdb	601	0.9385804	0.02729338
P49815	601	S	R		AF-P49815-F1-model_v4.pdb	601	0.8914517	0.027805049
P49815	601	S	T		AF-P49815-F1-model_v4.pdb	601	0.8904451	0.03732112
P49815	601	S	V		AF-P49815-F1-model_v4.pdb	601	0.8247248	0.018730193
P49815	601	S	W		AF-P49815-F1-model_v4.pdb	601	0.902668	0.021183213
P49815	601	S	Y		AF-P49815-F1-model_v4.pdb	601	0.9378377	0.01899472
P49815	602	Y	A		AF-P49815-F1-model_v4.pdb	602	0.8864851	0.019453347
P49815	602	Y	C		AF-P49815-F1-model_v4.pdb	602	0.88496417	0.019476188
P49815	602	Y	D		AF-P49815-F1-model_v4.pdb	602	0.8504797	0.019266417
P49815	602	Y	E		AF-P49815-F1-model_v4.pdb	602	0.8823458	0.022849033
P49815	602	Y	F		AF-P49815-F1-model_v4.pdb	602	0.89352024	0.023336051
P49815	602	Y	G		AF-P49815-F1-model_v4.pdb	602	0.796452	0.017826121
P49815	602	Y	H		AF-P49815-F1-model_v4.pdb	602	0.96348935	0.020083874
P49815	602	Y	I		AF-P49815-F1-model_v4.pdb	602	0.9131915	0.01960758
P49815	602	Y	K		AF-P49815-F1-model_v4.pdb	602	0.84931004	0.025919857
P49815	602	Y	L		AF-P49815-F1-model_v4.pdb	602	0.9013178	0.023538321
P49815	602	Y	M		AF-P49815-F1-model_v4.pdb	602	0.902738	0.020238247
P49815	602	Y	N		AF-P49815-F1-model_v4.pdb	602	0.9211485	0.014907972
P49815	602	Y	P		AF-P49815-F1-model_v4.pdb	602	0.87292325	0.016741836
P49815	602	Y	Q		AF-P49815-F1-model_v4.pdb	602	0.88277644	0.016855856
P49815	602	Y	R		AF-P49815-F1-model_v4.pdb	602	0.81265676	0.037033062
P49815	602	Y	S		AF-P49815-F1-model_v4.pdb	602	0.8702421	0.011994309
P49815	602	Y	T		AF-P49815-F1-model_v4.pdb	602	0.8775964	0.023163736
P49815	602	Y	V		AF-P49815-F1-model_v4.pdb	602	0.8857452	0.017210182
P49815	602	Y	W		AF-P49815-F1-model_v4.pdb	602	0.78569496	0.018264791
P49815	603	T	A		AF-P49815-F1-model_v4.pdb	603	0.9382742	0.032862477
P49815	603	T	C		AF-P49815-F1-model_v4.pdb	603	0.85100496	0.028562471
P49815	603	T	D		AF-P49815-F1-model_v4.pdb	603	0.86866415	0.024913726
P49815	603	T	E		AF-P49815-F1-model_v4.pdb	603	0.92110443	0.015012263
P49815	603	T	F		AF-P49815-F1-model_v4.pdb	603	0.8609433	0.02891689
P49815	603	T	G		AF-P49815-F1-model_v4.pdb	603	0.87891877	0.017700937
P49815	603	T	H		AF-P49815-F1-model_v4.pdb	603	0.86772823	0.037705533
P49815	603	T	I		AF-P49815-F1-model_v4.pdb	603	0.8191061	0.019214138
P49815	603	T	K		AF-P49815-F1-model_v4.pdb	603	0.78409714	0.016746895
P49815	603	T	L		AF-P49815-F1-model_v4.pdb	603	0.86238986	0.010355004
P49815	603	T	M		AF-P49815-F1-model_v4.pdb	603	0.9058018	0.01925528
P49815	603	T	N		AF-P49815-F1-model_v4.pdb	603	0.81305265	0.034578778
P49815	603	T	P		AF-P49815-F1-model_v4.pdb	603	0.84499437	0.026846789
P49815	603	T	Q		AF-P49815-F1-model_v4.pdb	603	0.83282363	0.029059917
P49815	603	T	R		AF-P49815-F1-model_v4.pdb	603	0.80139256	0.017929118
P49815	603	T	S		AF-P49815-F1-model_v4.pdb	603	0.8296809	0.049871847
P49815	603	T	V		AF-P49815-F1-model_v4.pdb	603	0.79897946	0.011418307
P49815	603	T	W		AF-P49815-F1-model_v4.pdb	603	0.90111685	0.03814032
P49815	603	T	Y		AF-P49815-F1-model_v4.pdb	603	0.9102769	0.025597678
P49815	604	L	A		AF-P49815-F1-model_v4.pdb	604	0.926638	0.034248933
P49815	604	L	C		AF-P49815-F1-model_v4.pdb	604	0.94565237	0.025257803
P49815	604	L	D		AF-P49815-F1-model_v4.pdb	604	0.81664073	0.04336786
P49815	604	L	E		AF-P49815-F1-model_v4.pdb	604	0.83261025	0.0467921
P49815	604	L	F		AF-P49815-F1-model_v4.pdb	604	0.82955873	0.028808948
P49815	604	L	G		AF-P49815-F1-model_v4.pdb	604	0.85803014	0.025306972
P49815	604	L	H		AF-P49815-F1-model_v4.pdb	604	0.8541387	0.019613111
P49815	604	L	I		AF-P49815-F1-model_v4.pdb	604	0.86123115	0.015452115
P49815	604	L	K		AF-P49815-F1-model_v4.pdb	604	0.8353602	0.028552582
P49815	604	L	M		AF-P49815-F1-model_v4.pdb	604	0.88735133	0.021229794
P49815	604	L	N		AF-P49815-F1-model_v4.pdb	604	0.78490514	0.035012584
P49815	604	L	P		AF-P49815-F1-model_v4.pdb	604	0.87887496	0.043894153
P49815	604	L	Q		AF-P49815-F1-model_v4.pdb	604	0.85731506	0.04541326
P49815	604	L	R		AF-P49815-F1-model_v4.pdb	604	0.80626154	0.02331561
P49815	604	L	S		AF-P49815-F1-model_v4.pdb	604	0.91382617	0.036822993
P49815	604	L	T		AF-P49815-F1-model_v4.pdb	604	0.9005044	0.024756625
P49815	604	L	V		AF-P49815-F1-model_v4.pdb	604	0.8729701	0.012714775
P49815	604	L	W		AF-P49815-F1-model_v4.pdb	604	0.82529324	0.029241487
P49815	604	L	Y		AF-P49815-F1-model_v4.pdb	604	0.82293785	0.035924073
P49815	605	P	A		AF-P49815-F1-model_v4.pdb	605	1.034391	0.03390195
P49815	605	P	C		AF-P49815-F1-model_v4.pdb	605	0.965242	0.033165883
P49815	605	P	D		AF-P49815-F1-model_v4.pdb	605	0.95585287	0.029076718
P49815	605	P	E		AF-P49815-F1-model_v4.pdb	605	0.9454583	0.039608162
P49815	605	P	F		AF-P49815-F1-model_v4.pdb	605	0.8296629	0.022748563
P49815	605	P	G		AF-P49815-F1-model_v4.pdb	605	0.9524067	0.027523354
P49815	605	P	H		AF-P49815-F1-model_v4.pdb	605	1.027045	0.04141411
P49815	605	P	I		AF-P49815-F1-model_v4.pdb	605	0.8545284	0.020097421
P49815	605	P	K		AF-P49815-F1-model_v4.pdb	605	0.846831	0.050350126
P49815	605	P	L		AF-P49815-F1-model_v4.pdb	605	0.8686606	0.018873068
P49815	605	P	M		AF-P49815-F1-model_v4.pdb	605	0.89972484	0.04224244
P49815	605	P	N		AF-P49815-F1-model_v4.pdb	605	0.9559473	0.044420328
P49815	605	P	Q		AF-P49815-F1-model_v4.pdb	605	0.97109795	0.038755815
P49815	605	P	R		AF-P49815-F1-model_v4.pdb	605	0.8905547	0.022425298
P49815	605	P	S		AF-P49815-F1-model_v4.pdb	605	0.9681765	0.035860643
P49815	605	P	T		AF-P49815-F1-model_v4.pdb	605	0.9833353	0.043117233
P49815	605	P	V		AF-P49815-F1-model_v4.pdb	605	0.88013875	0.022482166
P49815	605	P	W		AF-P49815-F1-model_v4.pdb	605	0.8359009	0.027492227
P49815	605	P	Y		AF-P49815-F1-model_v4.pdb	605	0.9728463	0.022388658
P49815	606	I	A		AF-P49815-F1-model_v4.pdb	606	0.96481067	0.02176329
P49815	606	I	C		AF-P49815-F1-model_v4.pdb	606	0.9525944	0.022454083
P49815	606	I	D		AF-P49815-F1-model_v4.pdb	606	0.761721	0.037602294
P49815	606	I	E		AF-P49815-F1-model_v4.pdb	606	0.8493824	0.030207856
P49815	606	I	F		AF-P49815-F1-model_v4.pdb	606	0.82273674	0.020829026
P49815	606	I	G		AF-P49815-F1-model_v4.pdb	606	0.8274256	0.034464233
P49815	606	I	H		AF-P49815-F1-model_v4.pdb	606	0.81949043	0.042050265
P49815	606	I	K		AF-P49815-F1-model_v4.pdb	606	0.78334826	0.03842697
P49815	606	I	L		AF-P49815-F1-model_v4.pdb	606	0.9322122	0.028846746
P49815	606	I	M		AF-P49815-F1-model_v4.pdb	606	0.8816639	0.032105166
P49815	606	I	N		AF-P49815-F1-model_v4.pdb	606	0.77015996	0.042640176
P49815	606	I	P		AF-P49815-F1-model_v4.pdb	606	0.9030048	0.032966886
P49815	606	I	Q		AF-P49815-F1-model_v4.pdb	606	0.8401203	0.042327058
P49815	606	I	R		AF-P49815-F1-model_v4.pdb	606	0.6621326	0.03165043
P49815	606	I	S		AF-P49815-F1-model_v4.pdb	606	0.84166753	0.04051636
P49815	606	I	T		AF-P49815-F1-model_v4.pdb	606	0.80325544	0.031470317
P49815	606	I	V		AF-P49815-F1-model_v4.pdb	606	0.92780066	0.02422061
P49815	606	I	W		AF-P49815-F1-model_v4.pdb	606	0.76606536	0.022282757
P49815	606	I	Y		AF-P49815-F1-model_v4.pdb	606	0.85160893	0.0435935
P49815	607	A	D		AF-P49815-F1-model_v4.pdb	607	0.6733643	0.0241431
P49815	607	A	E		AF-P49815-F1-model_v4.pdb	607	0.70575875	0.03099304
P49815	607	A	F		AF-P49815-F1-model_v4.pdb	607	0.7266289	0.016432276
P49815	607	A	G		AF-P49815-F1-model_v4.pdb	607	0.7905512	0.018920075
P49815	607	A	H		AF-P49815-F1-model_v4.pdb	607	0.75543654	0.017081052
P49815	607	A	I		AF-P49815-F1-model_v4.pdb	607	0.7220476	0.029070925
P49815	607	A	K		AF-P49815-F1-model_v4.pdb	607	0.6871135	0.0381996
P49815	607	A	L		AF-P49815-F1-model_v4.pdb	607	0.7127732	0.0274139
P49815	607	A	M		AF-P49815-F1-model_v4.pdb	607	0.77561724	0.03141265
P49815	607	A	N		AF-P49815-F1-model_v4.pdb	607	0.7715785	0.013463641
P49815	607	A	P		AF-P49815-F1-model_v4.pdb	607	0.75940573	0.027092775
P49815	607	A	Q		AF-P49815-F1-model_v4.pdb	607	0.74500245	0.02468704
P49815	607	A	R		AF-P49815-F1-model_v4.pdb	607	0.65649974	0.029419927
P49815	607	A	S		AF-P49815-F1-model_v4.pdb	607	0.8265513	0.011377404
P49815	607	A	T		AF-P49815-F1-model_v4.pdb	607	0.88617533	0.015637765
P49815	607	A	V		AF-P49815-F1-model_v4.pdb	607	0.8165308	0.028228281
P49815	607	A	W		AF-P49815-F1-model_v4.pdb	607	0.7146379	0.026411835
P49815	607	A	Y		AF-P49815-F1-model_v4.pdb	607	0.83277273	0.020198792
P49815	608	S	A		AF-P49815-F1-model_v4.pdb	608	0.817733	0.04811266
P49815	608	S	C		AF-P49815-F1-model_v4.pdb	608	0.8690488	0.044020467
P49815	608	S	D		AF-P49815-F1-model_v4.pdb	608	0.92325246	0.018308083
P49815	608	S	E		AF-P49815-F1-model_v4.pdb	608	0.9261818	0.027744193
P49815	608	S	F		AF-P49815-F1-model_v4.pdb	608	0.76980686	0.04060253
P49815	608	S	G		AF-P49815-F1-model_v4.pdb	608	0.8812162	0.038150698
P49815	608	S	H		AF-P49815-F1-model_v4.pdb	608	0.96297204	0.050416604
P49815	608	S	I		AF-P49815-F1-model_v4.pdb	608	0.7725485	0.043750327
P49815	608	S	K		AF-P49815-F1-model_v4.pdb	608	0.84846985	0.0462763
P49815	608	S	L		AF-P49815-F1-model_v4.pdb	608	0.7700967	0.038963728
P49815	608	S	M		AF-P49815-F1-model_v4.pdb	608	0.8381607	0.037698735
P49815	608	S	N		AF-P49815-F1-model_v4.pdb	608	0.93637574	0.024089675
P49815	608	S	P		AF-P49815-F1-model_v4.pdb	608	0.82415247	0.030497856
P49815	608	S	Q		AF-P49815-F1-model_v4.pdb	608	0.935235	0.037000146
P49815	608	S	R		AF-P49815-F1-model_v4.pdb	608	0.8583318	0.024680203
P49815	608	S	T		AF-P49815-F1-model_v4.pdb	608	0.9237013	0.024400273
P49815	608	S	V		AF-P49815-F1-model_v4.pdb	608	0.8174432	0.03151013
P49815	608	S	W		AF-P49815-F1-model_v4.pdb	608	0.80911714	0.026600853
P49815	608	S	Y		AF-P49815-F1-model_v4.pdb	608	0.8427104	0.02630861
P49815	609	S	A		AF-P49815-F1-model_v4.pdb	609	0.89148915	0.03293598
P49815	609	S	C		AF-P49815-F1-model_v4.pdb	609	0.9113563	0.020515993
P49815	609	S	D		AF-P49815-F1-model_v4.pdb	609	0.910199	0.015804429
P49815	609	S	E		AF-P49815-F1-model_v4.pdb	609	0.8904074	0.02132769
P49815	609	S	F		AF-P49815-F1-model_v4.pdb	609	0.62828314	0.014655662
P49815	609	S	G		AF-P49815-F1-model_v4.pdb	609	0.903343	0.010791433
P49815	609	S	H		AF-P49815-F1-model_v4.pdb	609	0.76210916	0.026373602
P49815	609	S	I		AF-P49815-F1-model_v4.pdb	609	0.6852466	0.015301152
P49815	609	S	K		AF-P49815-F1-model_v4.pdb	609	0.7536477	0.022731444
P49815	609	S	L		AF-P49815-F1-model_v4.pdb	609	0.70398694	0.010659002
P49815	609	S	M		AF-P49815-F1-model_v4.pdb	609	0.74482095	0.01546111
P49815	609	S	N		AF-P49815-F1-model_v4.pdb	609	0.849542	0.024694694
P49815	609	S	P		AF-P49815-F1-model_v4.pdb	609	0.6748927	0.03820185
P49815	609	S	Q		AF-P49815-F1-model_v4.pdb	609	0.8373722	0.026105221
P49815	609	S	R		AF-P49815-F1-model_v4.pdb	609	0.74335283	0.020718148
P49815	609	S	T		AF-P49815-F1-model_v4.pdb	609	0.84627426	0.015396947
P49815	609	S	V		AF-P49815-F1-model_v4.pdb	609	0.71434486	0.033312507
P49815	609	S	W		AF-P49815-F1-model_v4.pdb	609	0.67780954	0.025156152
P49815	609	S	Y		AF-P49815-F1-model_v4.pdb	609	0.7161446	0.01901752
P49815	610	I	A		AF-P49815-F1-model_v4.pdb	610	0.79455656	0.018206874
P49815	610	I	C		AF-P49815-F1-model_v4.pdb	610	0.7818486	0.025210189
P49815	610	I	E		AF-P49815-F1-model_v4.pdb	610	0.704597	0.04559076
P49815	610	I	F		AF-P49815-F1-model_v4.pdb	610	0.65887624	0.01758125
P49815	610	I	G		AF-P49815-F1-model_v4.pdb	610	0.65645736	0.013219374
P49815	610	I	H		AF-P49815-F1-model_v4.pdb	610	0.5934116	0.020505518
P49815	610	I	K		AF-P49815-F1-model_v4.pdb	610	0.5407317	0.03187074
P49815	610	I	L		AF-P49815-F1-model_v4.pdb	610	0.9319464	0.014656612
P49815	610	I	M		AF-P49815-F1-model_v4.pdb	610	0.797183	0.015138269
P49815	610	I	N		AF-P49815-F1-model_v4.pdb	610	0.66773397	0.039659522
P49815	610	I	P		AF-P49815-F1-model_v4.pdb	610	0.5898306	0.020192312
P49815	610	I	Q		AF-P49815-F1-model_v4.pdb	610	0.628245	0.020083075
P49815	610	I	R		AF-P49815-F1-model_v4.pdb	610	0.5263811	0.036516752
P49815	610	I	S		AF-P49815-F1-model_v4.pdb	610	0.706886	0.034277752
P49815	610	I	T		AF-P49815-F1-model_v4.pdb	610	0.6866154	0.024122678
P49815	610	I	V		AF-P49815-F1-model_v4.pdb	610	0.92102253	0.018484268
P49815	610	I	W		AF-P49815-F1-model_v4.pdb	610	0.59357035	0.020399462
P49815	610	I	Y		AF-P49815-F1-model_v4.pdb	610	0.6289435	0.052525487
P49815	611	R	A		AF-P49815-F1-model_v4.pdb	611	0.79604715	0.02595942
P49815	611	R	C		AF-P49815-F1-model_v4.pdb	611	0.7850793	0.023323033
P49815	611	R	D		AF-P49815-F1-model_v4.pdb	611	0.7517096	0.039656952
P49815	611	R	E		AF-P49815-F1-model_v4.pdb	611	0.7449348	0.03330769
P49815	611	R	F		AF-P49815-F1-model_v4.pdb	611	0.63492996	0.015716089
P49815	611	R	G		AF-P49815-F1-model_v4.pdb	611	0.7225026	0.023322878
P49815	611	R	H		AF-P49815-F1-model_v4.pdb	611	0.7693796	0.021981811
P49815	611	R	I		AF-P49815-F1-model_v4.pdb	611	0.7200364	0.018576767
P49815	611	R	K		AF-P49815-F1-model_v4.pdb	611	0.79719317	0.020464126
P49815	611	R	L		AF-P49815-F1-model_v4.pdb	611	0.7849475	0.00804029
P49815	611	R	M		AF-P49815-F1-model_v4.pdb	611	0.68789893	0.023383193
P49815	611	R	N		AF-P49815-F1-model_v4.pdb	611	0.690874	0.043475874
P49815	611	R	P		AF-P49815-F1-model_v4.pdb	611	0.6757024	0.029408203
P49815	611	R	Q		AF-P49815-F1-model_v4.pdb	611	0.7554651	0.028333426
P49815	611	R	S		AF-P49815-F1-model_v4.pdb	611	0.77193487	0.030764282
P49815	611	R	T		AF-P49815-F1-model_v4.pdb	611	0.7277168	0.027000835
P49815	611	R	V		AF-P49815-F1-model_v4.pdb	611	0.7910937	0.017840689
P49815	611	R	W		AF-P49815-F1-model_v4.pdb	611	0.601828	0.023339694
P49815	611	R	Y		AF-P49815-F1-model_v4.pdb	611	0.6922854	0.024702512
P49815	614	A	T		AF-P49815-F1-model_v4.pdb	614	0.8066288	0.026640926
P49815	616	D	N		AF-P49815-F1-model_v4.pdb	616	0.77190125	0.022100456
P49815	620	L	A		AF-P49815-F1-model_v4.pdb	620	0.92472506	0.03191769
P49815	620	L	C		AF-P49815-F1-model_v4.pdb	620	0.92618215	0.034491614
P49815	620	L	D		AF-P49815-F1-model_v4.pdb	620	0.8060357	0.01796267
P49815	620	L	E		AF-P49815-F1-model_v4.pdb	620	0.8233324	0.032991074
P49815	620	L	F		AF-P49815-F1-model_v4.pdb	620	0.7732074	0.016420938
P49815	620	L	G		AF-P49815-F1-model_v4.pdb	620	0.92585623	0.023221796
P49815	620	L	H		AF-P49815-F1-model_v4.pdb	620	0.77609175	0.010963193
P49815	620	L	I		AF-P49815-F1-model_v4.pdb	620	0.8667375	0.026841227
P49815	620	L	K		AF-P49815-F1-model_v4.pdb	620	0.7808251	0.041252133
P49815	620	L	M		AF-P49815-F1-model_v4.pdb	620	0.8259734	0.041842412
P49815	620	L	N		AF-P49815-F1-model_v4.pdb	620	0.88262594	0.022929706
P49815	620	L	P		AF-P49815-F1-model_v4.pdb	620	0.71552384	0.020897925
P49815	620	L	Q		AF-P49815-F1-model_v4.pdb	620	0.88511646	0.009900087
P49815	620	L	R		AF-P49815-F1-model_v4.pdb	620	0.79487294	0.031766742
P49815	620	L	S		AF-P49815-F1-model_v4.pdb	620	0.89806116	0.022593118
P49815	620	L	T		AF-P49815-F1-model_v4.pdb	620	0.81402844	0.027377095
P49815	620	L	V		AF-P49815-F1-model_v4.pdb	620	0.9092331	0.018981941
P49815	620	L	W		AF-P49815-F1-model_v4.pdb	620	0.8476728	0.02295237
P49815	620	L	Y		AF-P49815-F1-model_v4.pdb	620	0.8709587	0.034771528
P49815	621	L	A		AF-P49815-F1-model_v4.pdb	621	0.9536993	0.019818494
P49815	621	L	C		AF-P49815-F1-model_v4.pdb	621	0.9712486	0.032481417
P49815	621	L	D		AF-P49815-F1-model_v4.pdb	621	0.6918975	0.04988765
P49815	621	L	E		AF-P49815-F1-model_v4.pdb	621	0.782022	0.032789588
P49815	621	L	F		AF-P49815-F1-model_v4.pdb	621	0.8669442	0.03225362
P49815	621	L	G		AF-P49815-F1-model_v4.pdb	621	0.83978426	0.04178628
P49815	621	L	H		AF-P49815-F1-model_v4.pdb	621	0.78992283	0.0541954
P49815	621	L	I		AF-P49815-F1-model_v4.pdb	621	0.87066114	0.018167354
P49815	621	L	K		AF-P49815-F1-model_v4.pdb	621	0.7290241	0.022751698
P49815	621	L	M		AF-P49815-F1-model_v4.pdb	621	0.9265472	0.008120658
P49815	621	L	N		AF-P49815-F1-model_v4.pdb	621	0.76231664	0.03840671
P49815	621	L	P		AF-P49815-F1-model_v4.pdb	621	0.7712018	0.020366132
P49815	621	L	Q		AF-P49815-F1-model_v4.pdb	621	0.8563611	0.036611944
P49815	621	L	R		AF-P49815-F1-model_v4.pdb	621	0.84044397	0.017898228
P49815	621	L	S		AF-P49815-F1-model_v4.pdb	621	0.8585926	0.036632907
P49815	621	L	T		AF-P49815-F1-model_v4.pdb	621	0.84278834	0.011822525
P49815	621	L	V		AF-P49815-F1-model_v4.pdb	621	0.87787074	0.024884548
P49815	621	L	W		AF-P49815-F1-model_v4.pdb	621	0.75866175	0.038888644
P49815	621	L	Y		AF-P49815-F1-model_v4.pdb	621	0.7835555	0.031633154
P49815	622	R	A		AF-P49815-F1-model_v4.pdb	622	0.906998	0.0073734084
P49815	622	R	C		AF-P49815-F1-model_v4.pdb	622	0.9260107	0.013769139
P49815	622	R	D		AF-P49815-F1-model_v4.pdb	622	0.8586628	0.018274842
P49815	622	R	E		AF-P49815-F1-model_v4.pdb	622	0.88687706	0.025347454
P49815	622	R	F		AF-P49815-F1-model_v4.pdb	622	0.8569163	0.018898105
P49815	622	R	G		AF-P49815-F1-model_v4.pdb	622	0.8599901	0.020655949
P49815	622	R	H		AF-P49815-F1-model_v4.pdb	622	0.93371344	0.033385348
P49815	622	R	I		AF-P49815-F1-model_v4.pdb	622	0.84229326	0.025489971
P49815	622	R	K		AF-P49815-F1-model_v4.pdb	622	0.96664876	0.033446465
P49815	622	R	L		AF-P49815-F1-model_v4.pdb	622	0.88916254	0.02098788
P49815	622	R	M		AF-P49815-F1-model_v4.pdb	622	0.8547018	0.022533657
P49815	622	R	N		AF-P49815-F1-model_v4.pdb	622	0.8593	0.022587616
P49815	622	R	P		AF-P49815-F1-model_v4.pdb	622	0.8408289	0.019347724
P49815	622	R	Q		AF-P49815-F1-model_v4.pdb	622	0.9133769	0.0377192
P49815	622	R	S		AF-P49815-F1-model_v4.pdb	622	0.9197299	0.0160011
P49815	622	R	T		AF-P49815-F1-model_v4.pdb	622	0.9093502	0.01939696
P49815	622	R	V		AF-P49815-F1-model_v4.pdb	622	0.87223357	0.031299796
P49815	622	R	W		AF-P49815-F1-model_v4.pdb	622	0.8148591	0.035206
P49815	622	R	Y		AF-P49815-F1-model_v4.pdb	622	0.94911784	0.03543167
P49815	623	A	D		AF-P49815-F1-model_v4.pdb	623	0.8208868	0.030374913
P49815	623	A	E		AF-P49815-F1-model_v4.pdb	623	0.89167434	0.038559176
P49815	623	A	F		AF-P49815-F1-model_v4.pdb	623	0.91412604	0.037520878
P49815	623	A	G		AF-P49815-F1-model_v4.pdb	623	0.91119385	0.02157817
P49815	623	A	H		AF-P49815-F1-model_v4.pdb	623	0.94047326	0.041706305
P49815	623	A	I		AF-P49815-F1-model_v4.pdb	623	0.8540519	0.0400948
P49815	623	A	K		AF-P49815-F1-model_v4.pdb	623	0.79424053	0.033725828
P49815	623	A	L		AF-P49815-F1-model_v4.pdb	623	0.89059174	0.050479077
P49815	623	A	M		AF-P49815-F1-model_v4.pdb	623	0.9880177	0.031186428
P49815	623	A	N		AF-P49815-F1-model_v4.pdb	623	0.8835328	0.034340817
P49815	623	A	P		AF-P49815-F1-model_v4.pdb	623	0.94563496	0.016981417
P49815	623	A	Q		AF-P49815-F1-model_v4.pdb	623	0.93011343	0.029702185
P49815	623	A	R		AF-P49815-F1-model_v4.pdb	623	0.8296831	0.041341905
P49815	623	A	S		AF-P49815-F1-model_v4.pdb	623	0.98953664	0.024375245
P49815	623	A	T		AF-P49815-F1-model_v4.pdb	623	1.0034567	0.014125662
P49815	623	A	V		AF-P49815-F1-model_v4.pdb	623	0.9624449	0.03158692
P49815	623	A	W		AF-P49815-F1-model_v4.pdb	623	0.79748946	0.028980177
P49815	623	A	Y		AF-P49815-F1-model_v4.pdb	623	0.9148243	0.022317547
P49815	624	D	Y		AF-P49815-F1-model_v4.pdb	624	0.72424316	0.037463654
P49815	625	S	A		AF-P49815-F1-model_v4.pdb	625	0.9191176	0.008917446
P49815	625	S	C		AF-P49815-F1-model_v4.pdb	625	1.0350003	0.043066915
P49815	625	S	D		AF-P49815-F1-model_v4.pdb	625	0.94133806	0.023044795
P49815	625	S	E		AF-P49815-F1-model_v4.pdb	625	0.9576149	0.046109438
P49815	625	S	F		AF-P49815-F1-model_v4.pdb	625	0.92564946	0.010461169
P49815	625	S	G		AF-P49815-F1-model_v4.pdb	625	1.0570681	0.01467998
P49815	625	S	H		AF-P49815-F1-model_v4.pdb	625	0.98463947	0.036908623
P49815	625	S	I		AF-P49815-F1-model_v4.pdb	625	0.8287674	0.009862747
P49815	625	S	K		AF-P49815-F1-model_v4.pdb	625	0.9634716	0.035571486
P49815	625	S	L		AF-P49815-F1-model_v4.pdb	625	0.78581893	0.041388374
P49815	625	S	M		AF-P49815-F1-model_v4.pdb	625	0.9427401	0.015655853
P49815	625	S	N		AF-P49815-F1-model_v4.pdb	625	0.9954449	0.03391418
P49815	625	S	Q		AF-P49815-F1-model_v4.pdb	625	0.991687	0.044948008
P49815	625	S	R		AF-P49815-F1-model_v4.pdb	625	0.91188127	0.020632148
P49815	625	S	T		AF-P49815-F1-model_v4.pdb	625	0.91267717	0.024248721
P49815	625	S	V		AF-P49815-F1-model_v4.pdb	625	0.8659018	0.018260043
P49815	625	S	W		AF-P49815-F1-model_v4.pdb	625	0.85346	0.01722217
P49815	625	S	Y		AF-P49815-F1-model_v4.pdb	625	0.9718111	0.029916743
P49815	626	L	A		AF-P49815-F1-model_v4.pdb	626	0.9770401	0.02949399
P49815	626	L	C		AF-P49815-F1-model_v4.pdb	626	0.962294	0.034569286
P49815	626	L	D		AF-P49815-F1-model_v4.pdb	626	0.877601	0.031946436
P49815	626	L	E		AF-P49815-F1-model_v4.pdb	626	0.89412004	0.04499579
P49815	626	L	F		AF-P49815-F1-model_v4.pdb	626	0.8997923	0.046690226
P49815	626	L	G		AF-P49815-F1-model_v4.pdb	626	0.91390646	0.030664073
P49815	626	L	H		AF-P49815-F1-model_v4.pdb	626	0.97495556	0.030930301
P49815	626	L	I		AF-P49815-F1-model_v4.pdb	626	0.8771323	0.015161907
P49815	626	L	K		AF-P49815-F1-model_v4.pdb	626	0.87985533	0.037709706
P49815	626	L	M		AF-P49815-F1-model_v4.pdb	626	1.0083439	0.027176145
P49815	626	L	N		AF-P49815-F1-model_v4.pdb	626	0.9083244	0.04327115
P49815	626	L	P		AF-P49815-F1-model_v4.pdb	626	0.8034767	0.018212043
P49815	626	L	Q		AF-P49815-F1-model_v4.pdb	626	0.9256115	0.04468469
P49815	626	L	R		AF-P49815-F1-model_v4.pdb	626	0.8163835	0.01537747
P49815	626	L	S		AF-P49815-F1-model_v4.pdb	626	0.90419114	0.02974616
P49815	626	L	T		AF-P49815-F1-model_v4.pdb	626	0.92463714	0.031238722
P49815	626	L	V		AF-P49815-F1-model_v4.pdb	626	0.9116515	0.03397712
P49815	626	L	W		AF-P49815-F1-model_v4.pdb	626	0.87802714	0.02116334
P49815	626	L	Y		AF-P49815-F1-model_v4.pdb	626	0.8341297	0.008465533
P49815	627	H	A		AF-P49815-F1-model_v4.pdb	627	0.90762377	0.026699012
P49815	627	H	C		AF-P49815-F1-model_v4.pdb	627	0.89280015	0.025261788
P49815	627	H	D		AF-P49815-F1-model_v4.pdb	627	0.8857231	0.019371679
P49815	627	H	E		AF-P49815-F1-model_v4.pdb	627	0.88317096	0.007069704
P49815	627	H	F		AF-P49815-F1-model_v4.pdb	627	0.7922555	0.018397618
P49815	627	H	G		AF-P49815-F1-model_v4.pdb	627	0.95315295	0.021979168
P49815	627	H	I		AF-P49815-F1-model_v4.pdb	627	0.81665355	0.01722542
P49815	627	H	K		AF-P49815-F1-model_v4.pdb	627	0.7910574	0.02255765
P49815	627	H	L		AF-P49815-F1-model_v4.pdb	627	0.83537215	0.02863344
P49815	627	H	M		AF-P49815-F1-model_v4.pdb	627	0.9016803	0.039927453
P49815	627	H	N		AF-P49815-F1-model_v4.pdb	627	0.87710935	0.026681405
P49815	627	H	P		AF-P49815-F1-model_v4.pdb	627	0.9072608	0.031147826
P49815	627	H	Q		AF-P49815-F1-model_v4.pdb	627	0.9171034	0.017708512
P49815	627	H	R		AF-P49815-F1-model_v4.pdb	627	0.8070143	0.031670928
P49815	627	H	T		AF-P49815-F1-model_v4.pdb	627	0.9510824	0.044681035
P49815	627	H	V		AF-P49815-F1-model_v4.pdb	627	0.873141	0.02131448
P49815	627	H	W		AF-P49815-F1-model_v4.pdb	627	0.8536379	0.017554244
P49815	627	H	Y		AF-P49815-F1-model_v4.pdb	627	0.9287467	0.016068576
P49815	628	R	A		AF-P49815-F1-model_v4.pdb	628	0.9211895	0.0043516327
P49815	628	R	C		AF-P49815-F1-model_v4.pdb	628	0.9466526	0.019352073
P49815	628	R	D		AF-P49815-F1-model_v4.pdb	628	0.910587	0.01591996
P49815	628	R	E		AF-P49815-F1-model_v4.pdb	628	0.8727293	0.022426918
P49815	628	R	F		AF-P49815-F1-model_v4.pdb	628	0.85015965	0.018562283
P49815	628	R	G		AF-P49815-F1-model_v4.pdb	628	0.86335886	0.020353945
P49815	628	R	H		AF-P49815-F1-model_v4.pdb	628	0.91015637	0.01134488
P49815	628	R	I		AF-P49815-F1-model_v4.pdb	628	0.9001794	0.013492653
P49815	628	R	K		AF-P49815-F1-model_v4.pdb	628	0.88726807	0.03445103
P49815	628	R	L		AF-P49815-F1-model_v4.pdb	628	0.8773176	0.017779652
P49815	628	R	M		AF-P49815-F1-model_v4.pdb	628	0.87352544	0.012537544
P49815	628	R	N		AF-P49815-F1-model_v4.pdb	628	0.859206	0.01980773
P49815	628	R	P		AF-P49815-F1-model_v4.pdb	628	0.93743247	0.017708018
P49815	628	R	Q		AF-P49815-F1-model_v4.pdb	628	0.86459243	0.029447392
P49815	628	R	S		AF-P49815-F1-model_v4.pdb	628	0.95324326	0.015586616
P49815	628	R	T		AF-P49815-F1-model_v4.pdb	628	0.9278423	0.022402039
P49815	628	R	V		AF-P49815-F1-model_v4.pdb	628	0.9194951	0.032117873
P49815	628	R	W		AF-P49815-F1-model_v4.pdb	628	0.82744443	0.035296764
P49815	628	R	Y		AF-P49815-F1-model_v4.pdb	628	0.9018316	0.014911351
P49815	629	L	A		AF-P49815-F1-model_v4.pdb	629	0.8288765	0.026355239
P49815	629	L	C		AF-P49815-F1-model_v4.pdb	629	0.8547535	0.025292167
P49815	629	L	D		AF-P49815-F1-model_v4.pdb	629	0.64832675	0.042145
P49815	629	L	E		AF-P49815-F1-model_v4.pdb	629	0.7027286	0.050632928
P49815	629	L	F		AF-P49815-F1-model_v4.pdb	629	0.81571376	0.0137420865
P49815	629	L	G		AF-P49815-F1-model_v4.pdb	629	0.7349364	0.05077065
P49815	629	L	H		AF-P49815-F1-model_v4.pdb	629	0.78904426	0.02937286
P49815	629	L	I		AF-P49815-F1-model_v4.pdb	629	0.9004501	0.019608993
P49815	629	L	K		AF-P49815-F1-model_v4.pdb	629	0.7081559	0.031747293
P49815	629	L	M		AF-P49815-F1-model_v4.pdb	629	0.86185944	0.029757896
P49815	629	L	N		AF-P49815-F1-model_v4.pdb	629	0.6886159	0.053573776
P49815	629	L	P		AF-P49815-F1-model_v4.pdb	629	0.7267764	0.033897713
P49815	629	L	Q		AF-P49815-F1-model_v4.pdb	629	0.7441273	0.05164635
P49815	629	L	R		AF-P49815-F1-model_v4.pdb	629	0.7181205	0.034771454
P49815	629	L	S		AF-P49815-F1-model_v4.pdb	629	0.79828703	0.037441723
P49815	629	L	T		AF-P49815-F1-model_v4.pdb	629	0.78854024	0.031072998
P49815	629	L	V		AF-P49815-F1-model_v4.pdb	629	0.88531494	0.01669243
P49815	629	L	W		AF-P49815-F1-model_v4.pdb	629	0.82556975	0.03415472
P49815	629	L	Y		AF-P49815-F1-model_v4.pdb	629	0.8284569	0.009934899
P49815	630	G	A		AF-P49815-F1-model_v4.pdb	630	0.9512006	0.03306976
P49815	630	G	C		AF-P49815-F1-model_v4.pdb	630	0.8639978	0.01944424
P49815	630	G	D		AF-P49815-F1-model_v4.pdb	630	0.94920635	0.026347391
P49815	630	G	E		AF-P49815-F1-model_v4.pdb	630	0.8357477	0.01925799
P49815	630	G	F		AF-P49815-F1-model_v4.pdb	630	0.7677242	0.02529089
P49815	630	G	H		AF-P49815-F1-model_v4.pdb	630	0.9055624	0.029930083
P49815	630	G	I		AF-P49815-F1-model_v4.pdb	630	0.72870016	0.021545678
P49815	630	G	K		AF-P49815-F1-model_v4.pdb	630	0.82668936	0.021575116
P49815	630	G	L		AF-P49815-F1-model_v4.pdb	630	0.8049561	0.02514734
P49815	630	G	M		AF-P49815-F1-model_v4.pdb	630	0.84606725	0.046108715
P49815	630	G	N		AF-P49815-F1-model_v4.pdb	630	0.88096464	0.018273475
P49815	630	G	P		AF-P49815-F1-model_v4.pdb	630	0.8361848	0.019171694
P49815	630	G	Q		AF-P49815-F1-model_v4.pdb	630	0.86578214	0.014606911
P49815	630	G	R		AF-P49815-F1-model_v4.pdb	630	0.8389759	0.02585389
P49815	630	G	S		AF-P49815-F1-model_v4.pdb	630	0.9562516	0.018118845
P49815	630	G	T		AF-P49815-F1-model_v4.pdb	630	0.9160204	0.020540435
P49815	630	G	V		AF-P49815-F1-model_v4.pdb	630	0.7761707	0.032453123
P49815	630	G	W		AF-P49815-F1-model_v4.pdb	630	0.7517468	0.015533235
P49815	630	G	Y		AF-P49815-F1-model_v4.pdb	630	0.8297073	0.015696099
P49815	631	L	A		AF-P49815-F1-model_v4.pdb	631	0.9064889	0.029672211
P49815	631	L	C		AF-P49815-F1-model_v4.pdb	631	0.887884	0.029363407
P49815	631	L	D		AF-P49815-F1-model_v4.pdb	631	0.6421199	0.04601312
P49815	631	L	E		AF-P49815-F1-model_v4.pdb	631	0.7262647	0.06695244
P49815	631	L	F		AF-P49815-F1-model_v4.pdb	631	0.9710127	0.020219484
P49815	631	L	G		AF-P49815-F1-model_v4.pdb	631	0.80464065	0.04354448
P49815	631	L	H		AF-P49815-F1-model_v4.pdb	631	0.7462431	0.027062202
P49815	631	L	I		AF-P49815-F1-model_v4.pdb	631	1.0035769	0.019613441
P49815	631	L	K		AF-P49815-F1-model_v4.pdb	631	0.76405513	0.023305308
P49815	631	L	M		AF-P49815-F1-model_v4.pdb	631	0.9930595	0.02917245
P49815	631	L	N		AF-P49815-F1-model_v4.pdb	631	0.71336716	0.034038395
P49815	631	L	P		AF-P49815-F1-model_v4.pdb	631	0.7254591	0.04135733
P49815	631	L	Q		AF-P49815-F1-model_v4.pdb	631	0.7337742	0.029003534
P49815	631	L	R		AF-P49815-F1-model_v4.pdb	631	0.754573	0.03769722
P49815	631	L	S		AF-P49815-F1-model_v4.pdb	631	0.7934034	0.034153663
P49815	631	L	T		AF-P49815-F1-model_v4.pdb	631	0.82001483	0.017790692
P49815	631	L	V		AF-P49815-F1-model_v4.pdb	631	0.93870056	0.016883634
P49815	631	L	W		AF-P49815-F1-model_v4.pdb	631	0.8696357	0.03816922
P49815	631	L	Y		AF-P49815-F1-model_v4.pdb	631	0.92043227	0.024010947
P49815	632	P	A		AF-P49815-F1-model_v4.pdb	632	0.9710684	0.020984696
P49815	632	P	C		AF-P49815-F1-model_v4.pdb	632	0.91473514	0.0373292
P49815	632	P	D		AF-P49815-F1-model_v4.pdb	632	0.88543594	0.032309752
P49815	632	P	E		AF-P49815-F1-model_v4.pdb	632	0.91933787	0.006490605
P49815	632	P	F		AF-P49815-F1-model_v4.pdb	632	0.8138256	0.036592513
P49815	632	P	G		AF-P49815-F1-model_v4.pdb	632	0.92604196	0.011327484
P49815	632	P	H		AF-P49815-F1-model_v4.pdb	632	0.9392975	0.016379347
P49815	632	P	I		AF-P49815-F1-model_v4.pdb	632	0.8467742	0.016709916
P49815	632	P	K		AF-P49815-F1-model_v4.pdb	632	0.8674706	0.023422165
P49815	632	P	L		AF-P49815-F1-model_v4.pdb	632	0.84697646	0.02375086
P49815	632	P	M		AF-P49815-F1-model_v4.pdb	632	0.9262816	0.020557793
P49815	632	P	N		AF-P49815-F1-model_v4.pdb	632	0.9531927	0.033287756
P49815	632	P	Q		AF-P49815-F1-model_v4.pdb	632	0.94673234	0.0118959565
P49815	632	P	R		AF-P49815-F1-model_v4.pdb	632	0.8826513	0.023451896
P49815	632	P	S		AF-P49815-F1-model_v4.pdb	632	0.936515	0.030037481
P49815	632	P	T		AF-P49815-F1-model_v4.pdb	632	0.95415527	0.03131784
P49815	632	P	V		AF-P49815-F1-model_v4.pdb	632	0.8892201	0.03332279
P49815	632	P	W		AF-P49815-F1-model_v4.pdb	632	0.830595	0.024136245
P49815	632	P	Y		AF-P49815-F1-model_v4.pdb	632	0.8862241	0.03016473
P49815	633	N	A		AF-P49815-F1-model_v4.pdb	633	0.94366634	0.021698179
P49815	633	N	C		AF-P49815-F1-model_v4.pdb	633	0.9111475	0.017559838
P49815	633	N	D		AF-P49815-F1-model_v4.pdb	633	0.9640849	0.044607908
P49815	633	N	E		AF-P49815-F1-model_v4.pdb	633	0.954333	0.04224999
P49815	633	N	F		AF-P49815-F1-model_v4.pdb	633	0.8439457	0.02704833
P49815	633	N	G		AF-P49815-F1-model_v4.pdb	633	0.9170426	0.023820288
P49815	633	N	H		AF-P49815-F1-model_v4.pdb	633	0.9349049	0.024776561
P49815	633	N	I		AF-P49815-F1-model_v4.pdb	633	0.84894097	0.028455151
P49815	633	N	K		AF-P49815-F1-model_v4.pdb	633	0.8579723	0.0125744315
P49815	633	N	L		AF-P49815-F1-model_v4.pdb	633	0.8355473	0.018621678
P49815	633	N	M		AF-P49815-F1-model_v4.pdb	633	0.91010916	0.011755227
P49815	633	N	P		AF-P49815-F1-model_v4.pdb	633	0.9142582	0.03246039
P49815	633	N	Q		AF-P49815-F1-model_v4.pdb	633	0.92136306	0.017953526
P49815	633	N	S		AF-P49815-F1-model_v4.pdb	633	0.9495128	0.025455816
P49815	633	N	T		AF-P49815-F1-model_v4.pdb	633	0.9205888	0.025460128
P49815	633	N	V		AF-P49815-F1-model_v4.pdb	633	0.87708426	0.03302473
P49815	633	N	W		AF-P49815-F1-model_v4.pdb	633	0.79234123	0.031072672
P49815	633	N	Y		AF-P49815-F1-model_v4.pdb	633	0.84973395	0.035032235
P49815	634	K	A		AF-P49815-F1-model_v4.pdb	634	1.0132945	0.01278981
P49815	634	K	C		AF-P49815-F1-model_v4.pdb	634	0.9620377	0.01194571
P49815	634	K	D		AF-P49815-F1-model_v4.pdb	634	0.9517747	0.02936679
P49815	634	K	E		AF-P49815-F1-model_v4.pdb	634	0.9618641	0.021350672
P49815	634	K	F		AF-P49815-F1-model_v4.pdb	634	0.9568075	0.014988981
P49815	634	K	G		AF-P49815-F1-model_v4.pdb	634	1.0519613	0.018801773
P49815	634	K	H		AF-P49815-F1-model_v4.pdb	634	0.99486244	0.03847024
P49815	634	K	I		AF-P49815-F1-model_v4.pdb	634	0.89290094	0.03105918
P49815	634	K	L		AF-P49815-F1-model_v4.pdb	634	0.92831784	0.031929966
P49815	634	K	M		AF-P49815-F1-model_v4.pdb	634	0.94449013	0.022591626
P49815	634	K	N		AF-P49815-F1-model_v4.pdb	634	0.96853316	0.028407535
P49815	634	K	P		AF-P49815-F1-model_v4.pdb	634	1.0844903	0.022654638
P49815	634	K	Q		AF-P49815-F1-model_v4.pdb	634	0.9433255	0.030509667
P49815	634	K	R		AF-P49815-F1-model_v4.pdb	634	1.0216137	0.021601694
P49815	634	K	S		AF-P49815-F1-model_v4.pdb	634	1.0151902	0.028493091
P49815	634	K	T		AF-P49815-F1-model_v4.pdb	634	1.0486133	0.038088113
P49815	634	K	V		AF-P49815-F1-model_v4.pdb	634	0.9715463	0.01626822
P49815	634	K	W		AF-P49815-F1-model_v4.pdb	634	0.8874923	0.03823231
P49815	634	K	Y		AF-P49815-F1-model_v4.pdb	634	0.9635426	0.025785219
P49815	635	D	A		AF-P49815-F1-model_v4.pdb	635	0.91120386	0.012635787
P49815	635	D	C		AF-P49815-F1-model_v4.pdb	635	0.8718914	0.018211743
P49815	635	D	E		AF-P49815-F1-model_v4.pdb	635	0.9056584	0.027448049
P49815	635	D	F		AF-P49815-F1-model_v4.pdb	635	0.82378227	0.014558133
P49815	635	D	G		AF-P49815-F1-model_v4.pdb	635	0.89759624	0.017539289
P49815	635	D	H		AF-P49815-F1-model_v4.pdb	635	0.9306351	0.0165958
P49815	635	D	I		AF-P49815-F1-model_v4.pdb	635	0.7694952	0.038065914
P49815	635	D	K		AF-P49815-F1-model_v4.pdb	635	0.8199546	0.03402739
P49815	635	D	L		AF-P49815-F1-model_v4.pdb	635	0.8206884	0.02468222
P49815	635	D	M		AF-P49815-F1-model_v4.pdb	635	0.8544714	0.017939521
P49815	635	D	N		AF-P49815-F1-model_v4.pdb	635	0.8437627	0.043473665
P49815	635	D	P		AF-P49815-F1-model_v4.pdb	635	0.76393753	0.038148273
P49815	635	D	Q		AF-P49815-F1-model_v4.pdb	635	0.8617875	0.010981766
P49815	635	D	R		AF-P49815-F1-model_v4.pdb	635	0.83806896	0.019337723
P49815	635	D	S		AF-P49815-F1-model_v4.pdb	635	0.9294239	0.023376238
P49815	635	D	T		AF-P49815-F1-model_v4.pdb	635	0.9316228	0.021297
P49815	635	D	V		AF-P49815-F1-model_v4.pdb	635	0.8014844	0.02613962
P49815	635	D	W		AF-P49815-F1-model_v4.pdb	635	0.8946951	0.014408967
P49815	635	D	Y		AF-P49815-F1-model_v4.pdb	635	0.8900936	0.029551059
P49815	636	G	A		AF-P49815-F1-model_v4.pdb	636	0.9307271	0.012549894
P49815	636	G	C		AF-P49815-F1-model_v4.pdb	636	0.94027483	0.009601755
P49815	636	G	D		AF-P49815-F1-model_v4.pdb	636	0.99099654	0.015781073
P49815	636	G	E		AF-P49815-F1-model_v4.pdb	636	0.9767933	0.017818362
P49815	636	G	F		AF-P49815-F1-model_v4.pdb	636	0.84666175	0.02856561
P49815	636	G	H		AF-P49815-F1-model_v4.pdb	636	1.0055462	0.009717625
P49815	636	G	I		AF-P49815-F1-model_v4.pdb	636	0.83368385	0.018557029
P49815	636	G	K		AF-P49815-F1-model_v4.pdb	636	0.8952028	0.026893958
P49815	636	G	L		AF-P49815-F1-model_v4.pdb	636	0.85465544	0.011417731
P49815	636	G	M		AF-P49815-F1-model_v4.pdb	636	0.92217624	0.02620595
P49815	636	G	N		AF-P49815-F1-model_v4.pdb	636	0.99377614	0.01888317
P49815	636	G	P		AF-P49815-F1-model_v4.pdb	636	0.95442665	0.010549995
P49815	636	G	Q		AF-P49815-F1-model_v4.pdb	636	1.0063571	0.021364467
P49815	636	G	R		AF-P49815-F1-model_v4.pdb	636	0.89743346	0.013649231
P49815	636	G	S		AF-P49815-F1-model_v4.pdb	636	0.9756657	0.020097164
P49815	636	G	T		AF-P49815-F1-model_v4.pdb	636	0.99781245	0.013013221
P49815	636	G	V		AF-P49815-F1-model_v4.pdb	636	0.84337294	0.015822742
P49815	636	G	W		AF-P49815-F1-model_v4.pdb	636	0.8512977	0.031628825
P49815	636	G	Y		AF-P49815-F1-model_v4.pdb	636	0.8484885	0.031386167
P49815	637	V	A		AF-P49815-F1-model_v4.pdb	637	0.90861875	0.0206374
P49815	637	V	C		AF-P49815-F1-model_v4.pdb	637	1.0278628	0.035961494
P49815	637	V	D		AF-P49815-F1-model_v4.pdb	637	0.975908	0.026705576
P49815	637	V	E		AF-P49815-F1-model_v4.pdb	637	0.91687024	0.026093293
P49815	637	V	F		AF-P49815-F1-model_v4.pdb	637	0.9880732	0.065006554
P49815	637	V	G		AF-P49815-F1-model_v4.pdb	637	0.9035943	0.018878257
P49815	637	V	H		AF-P49815-F1-model_v4.pdb	637	1.0588853	0.023211839
P49815	637	V	I		AF-P49815-F1-model_v4.pdb	637	0.8970329	0.028334599
P49815	637	V	K		AF-P49815-F1-model_v4.pdb	637	0.87654686	0.0227468
P49815	637	V	L		AF-P49815-F1-model_v4.pdb	637	0.8895108	0.018180799
P49815	637	V	M		AF-P49815-F1-model_v4.pdb	637	0.9114467	0.017415132
P49815	637	V	N		AF-P49815-F1-model_v4.pdb	637	1.0499382	0.058359124
P49815	637	V	P		AF-P49815-F1-model_v4.pdb	637	0.90987337	0.019161226
P49815	637	V	Q		AF-P49815-F1-model_v4.pdb	637	0.97678196	0.044851735
P49815	637	V	R		AF-P49815-F1-model_v4.pdb	637	0.8058677	0.032800913
P49815	637	V	S		AF-P49815-F1-model_v4.pdb	637	0.98153675	0.027047843
P49815	637	V	T		AF-P49815-F1-model_v4.pdb	637	0.9777053	0.043814532
P49815	637	V	W		AF-P49815-F1-model_v4.pdb	637	0.9842669	0.041884124
P49815	637	V	Y		AF-P49815-F1-model_v4.pdb	637	0.9231416	0.03874381
P49815	638	V	A		AF-P49815-F1-model_v4.pdb	638	0.8789409	0.009505483
P49815	638	V	C		AF-P49815-F1-model_v4.pdb	638	0.9541291	0.023122935
P49815	638	V	E		AF-P49815-F1-model_v4.pdb	638	0.8650977	0.030468961
P49815	638	V	F		AF-P49815-F1-model_v4.pdb	638	0.93011874	0.029511299
P49815	638	V	G		AF-P49815-F1-model_v4.pdb	638	0.9605867	0.027018106
P49815	638	V	H		AF-P49815-F1-model_v4.pdb	638	0.9014398	0.036268264
P49815	638	V	I		AF-P49815-F1-model_v4.pdb	638	0.9386756	0.014961946
P49815	638	V	K		AF-P49815-F1-model_v4.pdb	638	0.78056586	0.028002573
P49815	638	V	L		AF-P49815-F1-model_v4.pdb	638	0.8976768	0.022274535
P49815	638	V	M		AF-P49815-F1-model_v4.pdb	638	0.8819481	0.021916155
P49815	638	V	N		AF-P49815-F1-model_v4.pdb	638	0.8616001	0.033970315
P49815	638	V	P		AF-P49815-F1-model_v4.pdb	638	0.9350764	0.024987558
P49815	638	V	Q		AF-P49815-F1-model_v4.pdb	638	0.90223205	0.037809566
P49815	638	V	R		AF-P49815-F1-model_v4.pdb	638	0.7918371	0.03453499
P49815	638	V	S		AF-P49815-F1-model_v4.pdb	638	0.83316624	0.030321876
P49815	638	V	T		AF-P49815-F1-model_v4.pdb	638	0.8436631	0.029861007
P49815	638	V	W		AF-P49815-F1-model_v4.pdb	638	0.8722801	0.028655682
P49815	638	V	Y		AF-P49815-F1-model_v4.pdb	638	0.91543514	0.023828432
P49815	639	R	A		AF-P49815-F1-model_v4.pdb	639	0.89338523	0.020446584
P49815	639	R	C		AF-P49815-F1-model_v4.pdb	639	0.91708374	0.0105596855
P49815	639	R	D		AF-P49815-F1-model_v4.pdb	639	0.87678605	0.0136715565
P49815	639	R	E		AF-P49815-F1-model_v4.pdb	639	0.88083535	0.011523788
P49815	639	R	F		AF-P49815-F1-model_v4.pdb	639	0.8527423	0.019866558
P49815	639	R	G		AF-P49815-F1-model_v4.pdb	639	0.9291878	0.026978916
P49815	639	R	H		AF-P49815-F1-model_v4.pdb	639	0.85058945	0.04612905
P49815	639	R	I		AF-P49815-F1-model_v4.pdb	639	0.7737801	0.015676951
P49815	639	R	K		AF-P49815-F1-model_v4.pdb	639	0.900533	0.032822542
P49815	639	R	L		AF-P49815-F1-model_v4.pdb	639	0.83116806	0.032896947
P49815	639	R	M		AF-P49815-F1-model_v4.pdb	639	0.7980302	0.031945888
P49815	639	R	N		AF-P49815-F1-model_v4.pdb	639	0.8794001	0.015654255
P49815	639	R	P		AF-P49815-F1-model_v4.pdb	639	0.8660409	0.02193182
P49815	639	R	Q		AF-P49815-F1-model_v4.pdb	639	0.8837954	0.021674033
P49815	639	R	S		AF-P49815-F1-model_v4.pdb	639	0.90690404	0.013051449
P49815	639	R	T		AF-P49815-F1-model_v4.pdb	639	0.91612226	0.031461135
P49815	639	R	V		AF-P49815-F1-model_v4.pdb	639	0.8603117	0.014354201
P49815	639	R	W		AF-P49815-F1-model_v4.pdb	639	0.80823195	0.017843762
P49815	639	R	Y		AF-P49815-F1-model_v4.pdb	639	0.8972498	0.015417329
P49815	640	F	A		AF-P49815-F1-model_v4.pdb	640	0.8475626	0.022959601
P49815	640	F	C		AF-P49815-F1-model_v4.pdb	640	0.90592974	0.021965148
P49815	640	F	D		AF-P49815-F1-model_v4.pdb	640	0.7139205	0.056885947
P49815	640	F	E		AF-P49815-F1-model_v4.pdb	640	0.7037874	0.033546157
P49815	640	F	G		AF-P49815-F1-model_v4.pdb	640	0.7560906	0.035119336
P49815	640	F	H		AF-P49815-F1-model_v4.pdb	640	0.6975066	0.03149081
P49815	640	F	I		AF-P49815-F1-model_v4.pdb	640	0.9202385	0.009556363
P49815	640	F	L		AF-P49815-F1-model_v4.pdb	640	0.91481507	0.03123888
P49815	640	F	M		AF-P49815-F1-model_v4.pdb	640	0.8851493	0.02656393
P49815	640	F	N		AF-P49815-F1-model_v4.pdb	640	0.6975166	0.05405833
P49815	640	F	P		AF-P49815-F1-model_v4.pdb	640	0.7949213	0.03340583
P49815	640	F	Q		AF-P49815-F1-model_v4.pdb	640	0.75454247	0.050158508
P49815	640	F	R		AF-P49815-F1-model_v4.pdb	640	0.67692053	0.0337719
P49815	640	F	S		AF-P49815-F1-model_v4.pdb	640	0.78059095	0.032523684
P49815	640	F	T		AF-P49815-F1-model_v4.pdb	640	0.8111968	0.025036557
P49815	640	F	V		AF-P49815-F1-model_v4.pdb	640	0.88848305	0.021137215
P49815	640	F	W		AF-P49815-F1-model_v4.pdb	640	0.9273087	0.01832476
P49815	640	F	Y		AF-P49815-F1-model_v4.pdb	640	0.8337121	0.020651896
P49815	641	S	A		AF-P49815-F1-model_v4.pdb	641	0.95077753	0.03622256
P49815	641	S	C		AF-P49815-F1-model_v4.pdb	641	0.9178796	0.023496278
P49815	641	S	D		AF-P49815-F1-model_v4.pdb	641	0.939747	0.022162184
P49815	641	S	E		AF-P49815-F1-model_v4.pdb	641	0.93328446	0.036077984
P49815	641	S	F		AF-P49815-F1-model_v4.pdb	641	0.89254797	0.023882682
P49815	641	S	G		AF-P49815-F1-model_v4.pdb	641	0.97733986	0.02512305
P49815	641	S	H		AF-P49815-F1-model_v4.pdb	641	0.8961983	0.026199324
P49815	641	S	I		AF-P49815-F1-model_v4.pdb	641	0.80995405	0.03825902
P49815	641	S	K		AF-P49815-F1-model_v4.pdb	641	0.8711885	0.035547882
P49815	641	S	L		AF-P49815-F1-model_v4.pdb	641	0.8454567	0.039419875
P49815	641	S	M		AF-P49815-F1-model_v4.pdb	641	0.90826494	0.055388853
P49815	641	S	N		AF-P49815-F1-model_v4.pdb	641	0.9282665	0.033006486
P49815	641	S	P		AF-P49815-F1-model_v4.pdb	641	0.9138649	0.041500196
P49815	641	S	Q		AF-P49815-F1-model_v4.pdb	641	0.93878996	0.015502157
P49815	641	S	R		AF-P49815-F1-model_v4.pdb	641	0.90199023	0.03164991
P49815	641	S	T		AF-P49815-F1-model_v4.pdb	641	0.97349894	0.02338265
P49815	641	S	V		AF-P49815-F1-model_v4.pdb	641	0.840515	0.04134774
P49815	641	S	W		AF-P49815-F1-model_v4.pdb	641	0.8362109	0.015377566
P49815	641	S	Y		AF-P49815-F1-model_v4.pdb	641	0.9366193	0.02841165
P49815	642	P	A		AF-P49815-F1-model_v4.pdb	642	0.9386732	0.017317109
P49815	642	P	C		AF-P49815-F1-model_v4.pdb	642	0.9201282	0.01677296
P49815	642	P	D		AF-P49815-F1-model_v4.pdb	642	0.9008091	0.031253837
P49815	642	P	E		AF-P49815-F1-model_v4.pdb	642	0.88033235	0.022258995
P49815	642	P	F		AF-P49815-F1-model_v4.pdb	642	0.871117	0.032944474
P49815	642	P	G		AF-P49815-F1-model_v4.pdb	642	0.91310537	0.03168643
P49815	642	P	H		AF-P49815-F1-model_v4.pdb	642	0.9455277	0.017251426
P49815	642	P	I		AF-P49815-F1-model_v4.pdb	642	0.7912798	0.033264376
P49815	642	P	K		AF-P49815-F1-model_v4.pdb	642	0.82989025	0.03543074
P49815	642	P	L		AF-P49815-F1-model_v4.pdb	642	0.8266385	0.021820925
P49815	642	P	M		AF-P49815-F1-model_v4.pdb	642	0.8634404	0.016822832
P49815	642	P	N		AF-P49815-F1-model_v4.pdb	642	0.92112607	0.050556455
P49815	642	P	Q		AF-P49815-F1-model_v4.pdb	642	0.8948206	0.032612916
P49815	642	P	R		AF-P49815-F1-model_v4.pdb	642	0.86547774	0.029083837
P49815	642	P	S		AF-P49815-F1-model_v4.pdb	642	0.965763	0.02766746
P49815	642	P	T		AF-P49815-F1-model_v4.pdb	642	0.9158387	0.030276263
P49815	642	P	V		AF-P49815-F1-model_v4.pdb	642	0.8619851	0.027221657
P49815	642	P	W		AF-P49815-F1-model_v4.pdb	642	0.8281442	0.0169491
P49815	642	P	Y		AF-P49815-F1-model_v4.pdb	642	0.94946194	0.024129635
P49815	643	Y	A		AF-P49815-F1-model_v4.pdb	643	0.88674515	0.020299852
P49815	643	Y	C		AF-P49815-F1-model_v4.pdb	643	0.9249689	0.02134582
P49815	643	Y	D		AF-P49815-F1-model_v4.pdb	643	0.9463313	0.019757718
P49815	643	Y	E		AF-P49815-F1-model_v4.pdb	643	0.88591224	0.016292572
P49815	643	Y	F		AF-P49815-F1-model_v4.pdb	643	0.8993424	0.03601081
P49815	643	Y	G		AF-P49815-F1-model_v4.pdb	643	0.8364728	0.01689223
P49815	643	Y	H		AF-P49815-F1-model_v4.pdb	643	0.96412814	0.033100106
P49815	643	Y	I		AF-P49815-F1-model_v4.pdb	643	0.8922086	0.039286166
P49815	643	Y	K		AF-P49815-F1-model_v4.pdb	643	0.85452634	0.045121167
P49815	643	Y	L		AF-P49815-F1-model_v4.pdb	643	0.91874826	0.028744455
P49815	643	Y	M		AF-P49815-F1-model_v4.pdb	643	0.9593271	0.02990875
P49815	643	Y	N		AF-P49815-F1-model_v4.pdb	643	0.9727359	0.024967225
P49815	643	Y	P		AF-P49815-F1-model_v4.pdb	643	0.867071	0.0067111645
P49815	643	Y	Q		AF-P49815-F1-model_v4.pdb	643	0.8804165	0.04269267
P49815	643	Y	R		AF-P49815-F1-model_v4.pdb	643	0.8368727	0.028250065
P49815	643	Y	S		AF-P49815-F1-model_v4.pdb	643	0.89791906	0.016848648
P49815	643	Y	T		AF-P49815-F1-model_v4.pdb	643	0.96338356	0.012907669
P49815	643	Y	V		AF-P49815-F1-model_v4.pdb	643	0.8976983	0.031867728
P49815	643	Y	W		AF-P49815-F1-model_v4.pdb	643	0.8996769	0.04384859
P49815	644	C	A		AF-P49815-F1-model_v4.pdb	644	0.992898	0.027475502
P49815	644	C	D		AF-P49815-F1-model_v4.pdb	644	0.78760767	0.05427813
P49815	644	C	E		AF-P49815-F1-model_v4.pdb	644	0.8685336	0.05682633
P49815	644	C	F		AF-P49815-F1-model_v4.pdb	644	0.88850117	0.031978745
P49815	644	C	G		AF-P49815-F1-model_v4.pdb	644	0.8853443	0.029531702
P49815	644	C	H		AF-P49815-F1-model_v4.pdb	644	0.86498153	0.034454826
P49815	644	C	I		AF-P49815-F1-model_v4.pdb	644	0.85974884	0.033470705
P49815	644	C	K		AF-P49815-F1-model_v4.pdb	644	0.83337814	0.037583403
P49815	644	C	L		AF-P49815-F1-model_v4.pdb	644	0.9404467	0.02964759
P49815	644	C	M		AF-P49815-F1-model_v4.pdb	644	0.8996049	0.022694847
P49815	644	C	N		AF-P49815-F1-model_v4.pdb	644	0.90188444	0.044144806
P49815	644	C	P		AF-P49815-F1-model_v4.pdb	644	0.9150156	0.028386949
P49815	644	C	Q		AF-P49815-F1-model_v4.pdb	644	0.8752674	0.031038595
P49815	644	C	R		AF-P49815-F1-model_v4.pdb	644	0.78436697	0.04567806
P49815	644	C	S		AF-P49815-F1-model_v4.pdb	644	0.92893916	0.03208278
P49815	644	C	T		AF-P49815-F1-model_v4.pdb	644	0.98491096	0.031761628
P49815	644	C	V		AF-P49815-F1-model_v4.pdb	644	0.9331338	0.01780932
P49815	644	C	W		AF-P49815-F1-model_v4.pdb	644	0.77369785	0.027009236
P49815	644	C	Y		AF-P49815-F1-model_v4.pdb	644	0.9179268	0.026618823
P49815	645	V	A		AF-P49815-F1-model_v4.pdb	645	0.9128202	0.01848994
P49815	645	V	C		AF-P49815-F1-model_v4.pdb	645	0.9363395	0.043098547
P49815	645	V	D		AF-P49815-F1-model_v4.pdb	645	0.7226794	0.04555983
P49815	645	V	E		AF-P49815-F1-model_v4.pdb	645	0.8117713	0.0444889
P49815	645	V	F		AF-P49815-F1-model_v4.pdb	645	1.0062132	0.039207954
P49815	645	V	G		AF-P49815-F1-model_v4.pdb	645	0.91099375	0.023590036
P49815	645	V	H		AF-P49815-F1-model_v4.pdb	645	0.8425028	0.03418683
P49815	645	V	I		AF-P49815-F1-model_v4.pdb	645	0.94696456	0.017702293
P49815	645	V	K		AF-P49815-F1-model_v4.pdb	645	0.8226322	0.033481035
P49815	645	V	L		AF-P49815-F1-model_v4.pdb	645	0.9454528	0.017671362
P49815	645	V	M		AF-P49815-F1-model_v4.pdb	645	0.93150026	0.016678985
P49815	645	V	N		AF-P49815-F1-model_v4.pdb	645	0.80849916	0.04055484
P49815	645	V	P		AF-P49815-F1-model_v4.pdb	645	0.84164715	0.024588043
P49815	645	V	Q		AF-P49815-F1-model_v4.pdb	645	0.8931023	0.03094684
P49815	645	V	R		AF-P49815-F1-model_v4.pdb	645	0.8155556	0.029904298
P49815	645	V	S		AF-P49815-F1-model_v4.pdb	645	0.84585226	0.029443856
P49815	645	V	T		AF-P49815-F1-model_v4.pdb	645	0.9218904	0.035109
P49815	645	V	W		AF-P49815-F1-model_v4.pdb	645	0.8509704	0.031313494
P49815	645	V	Y		AF-P49815-F1-model_v4.pdb	645	0.92934287	0.038299616
P49815	646	C	A		AF-P49815-F1-model_v4.pdb	646	0.8754206	0.023808412
P49815	646	C	D		AF-P49815-F1-model_v4.pdb	646	0.7676552	0.043759212
P49815	646	C	E		AF-P49815-F1-model_v4.pdb	646	0.7680667	0.039126813
P49815	646	C	F		AF-P49815-F1-model_v4.pdb	646	0.81916875	0.023415465
P49815	646	C	G		AF-P49815-F1-model_v4.pdb	646	0.80812913	0.018389698
P49815	646	C	H		AF-P49815-F1-model_v4.pdb	646	0.85359555	0.02938828
P49815	646	C	I		AF-P49815-F1-model_v4.pdb	646	0.786003	0.030421158
P49815	646	C	K		AF-P49815-F1-model_v4.pdb	646	0.73524696	0.03156475
P49815	646	C	L		AF-P49815-F1-model_v4.pdb	646	0.86919737	0.014091793
P49815	646	C	M		AF-P49815-F1-model_v4.pdb	646	0.8614643	0.029427333
P49815	646	C	N		AF-P49815-F1-model_v4.pdb	646	0.8168111	0.025425326
P49815	646	C	P		AF-P49815-F1-model_v4.pdb	646	0.7676279	0.01771109
P49815	646	C	Q		AF-P49815-F1-model_v4.pdb	646	0.82472277	0.03138491
P49815	646	C	R		AF-P49815-F1-model_v4.pdb	646	0.76366544	0.02732707
P49815	646	C	S		AF-P49815-F1-model_v4.pdb	646	0.85243195	0.020624692
P49815	646	C	T		AF-P49815-F1-model_v4.pdb	646	0.80779773	0.022118758
P49815	646	C	V		AF-P49815-F1-model_v4.pdb	646	0.8095706	0.018430673
P49815	646	C	W		AF-P49815-F1-model_v4.pdb	646	0.7787589	0.015370342
P49815	646	C	Y		AF-P49815-F1-model_v4.pdb	646	0.83203936	0.029112875
P49815	647	D	A		AF-P49815-F1-model_v4.pdb	647	0.90556496	0.015507639
P49815	647	D	C		AF-P49815-F1-model_v4.pdb	647	0.85676795	0.01791548
P49815	647	D	E		AF-P49815-F1-model_v4.pdb	647	0.9627613	0.023259273
P49815	647	D	F		AF-P49815-F1-model_v4.pdb	647	0.787089	0.032944184
P49815	647	D	G		AF-P49815-F1-model_v4.pdb	647	0.8740061	0.010770145
P49815	647	D	H		AF-P49815-F1-model_v4.pdb	647	0.9108883	0.044238724
P49815	647	D	I		AF-P49815-F1-model_v4.pdb	647	0.7836607	0.017247457
P49815	647	D	K		AF-P49815-F1-model_v4.pdb	647	0.89333755	0.02122467
P49815	647	D	L		AF-P49815-F1-model_v4.pdb	647	0.75978243	0.008440569
P49815	647	D	M		AF-P49815-F1-model_v4.pdb	647	0.8581222	0.012548922
P49815	647	D	N		AF-P49815-F1-model_v4.pdb	647	1.0045859	0.025988834
P49815	647	D	P		AF-P49815-F1-model_v4.pdb	647	0.86768734	0.020704666
P49815	647	D	Q		AF-P49815-F1-model_v4.pdb	647	0.874148	0.01791386
P49815	647	D	R		AF-P49815-F1-model_v4.pdb	647	0.8691409	0.0356225
P49815	647	D	S		AF-P49815-F1-model_v4.pdb	647	0.93290204	0.044831824
P49815	647	D	T		AF-P49815-F1-model_v4.pdb	647	0.9626068	0.018320456
P49815	647	D	V		AF-P49815-F1-model_v4.pdb	647	0.80850697	0.020973783
P49815	647	D	W		AF-P49815-F1-model_v4.pdb	647	0.79220647	0.018661253
P49815	647	D	Y		AF-P49815-F1-model_v4.pdb	647	0.8886911	0.052085716
P49815	648	Y	C		AF-P49815-F1-model_v4.pdb	648	0.947358	0.029200494
P49815	648	Y	D		AF-P49815-F1-model_v4.pdb	648	0.9612104	0.02811833
P49815	648	Y	E		AF-P49815-F1-model_v4.pdb	648	0.96429175	0.03195671
P49815	648	Y	F		AF-P49815-F1-model_v4.pdb	648	0.9099123	0.035516683
P49815	648	Y	G		AF-P49815-F1-model_v4.pdb	648	0.9038337	0.03380175
P49815	648	Y	H		AF-P49815-F1-model_v4.pdb	648	0.9631532	0.018645003
P49815	648	Y	I		AF-P49815-F1-model_v4.pdb	648	0.8854126	0.041646756
P49815	648	Y	K		AF-P49815-F1-model_v4.pdb	648	0.8488571	0.045745414
P49815	648	Y	L		AF-P49815-F1-model_v4.pdb	648	0.87993497	0.030325089
P49815	648	Y	M		AF-P49815-F1-model_v4.pdb	648	0.8580281	0.028122803
P49815	648	Y	N		AF-P49815-F1-model_v4.pdb	648	0.98049957	0.059853025
P49815	648	Y	P		AF-P49815-F1-model_v4.pdb	648	0.8494857	0.032039244
P49815	648	Y	Q		AF-P49815-F1-model_v4.pdb	648	0.90746355	0.038327884
P49815	648	Y	R		AF-P49815-F1-model_v4.pdb	648	0.820279	0.044477858
P49815	648	Y	S		AF-P49815-F1-model_v4.pdb	648	0.8763596	0.024278667
P49815	648	Y	T		AF-P49815-F1-model_v4.pdb	648	0.9519045	0.022207102
P49815	648	Y	V		AF-P49815-F1-model_v4.pdb	648	0.8878437	0.021182943
P49815	648	Y	W		AF-P49815-F1-model_v4.pdb	648	0.9854391	0.031992245
P49815	649	M	A		AF-P49815-F1-model_v4.pdb	649	1.0158659	0.02903907
P49815	649	M	C		AF-P49815-F1-model_v4.pdb	649	0.9166614	0.026202777
P49815	649	M	D		AF-P49815-F1-model_v4.pdb	649	0.9645866	0.032904755
P49815	649	M	E		AF-P49815-F1-model_v4.pdb	649	1.0237811	0.020864889
P49815	649	M	F		AF-P49815-F1-model_v4.pdb	649	0.941529	0.031253032
P49815	649	M	G		AF-P49815-F1-model_v4.pdb	649	0.98139715	0.025492959
P49815	649	M	H		AF-P49815-F1-model_v4.pdb	649	0.9749029	0.027208831
P49815	649	M	I		AF-P49815-F1-model_v4.pdb	649	0.9660058	0.025346888
P49815	649	M	K		AF-P49815-F1-model_v4.pdb	649	0.97647744	0.040224444
P49815	649	M	L		AF-P49815-F1-model_v4.pdb	649	0.9962805	0.01908919
P49815	649	M	N		AF-P49815-F1-model_v4.pdb	649	0.9523271	0.020182326
P49815	649	M	P		AF-P49815-F1-model_v4.pdb	649	0.93002146	0.024901107
P49815	649	M	Q		AF-P49815-F1-model_v4.pdb	649	1.0011133	0.021024147
P49815	649	M	R		AF-P49815-F1-model_v4.pdb	649	0.9776928	0.035435535
P49815	649	M	S		AF-P49815-F1-model_v4.pdb	649	1.0003395	0.026313959
P49815	649	M	T		AF-P49815-F1-model_v4.pdb	649	1.0357687	0.022384526
P49815	649	M	V		AF-P49815-F1-model_v4.pdb	649	0.9194291	0.047646422
P49815	649	M	W		AF-P49815-F1-model_v4.pdb	649	0.9746472	0.032295037
P49815	649	M	Y		AF-P49815-F1-model_v4.pdb	649	0.9334057	0.026155693
P49815	650	E	A		AF-P49815-F1-model_v4.pdb	650	0.8404678	0.020940349
P49815	650	E	C		AF-P49815-F1-model_v4.pdb	650	0.85810995	0.022600364
P49815	650	E	D		AF-P49815-F1-model_v4.pdb	650	0.8713959	0.030198408
P49815	650	E	F		AF-P49815-F1-model_v4.pdb	650	0.7869133	0.034126844
P49815	650	E	G		AF-P49815-F1-model_v4.pdb	650	0.8644883	0.030712966
P49815	650	E	H		AF-P49815-F1-model_v4.pdb	650	0.83385503	0.04933233
P49815	650	E	I		AF-P49815-F1-model_v4.pdb	650	0.83696544	0.020518672
P49815	650	E	K		AF-P49815-F1-model_v4.pdb	650	0.8527953	0.019560441
P49815	650	E	L		AF-P49815-F1-model_v4.pdb	650	0.8790382	0.018237012
P49815	650	E	M		AF-P49815-F1-model_v4.pdb	650	0.861269	0.045871533
P49815	650	E	N		AF-P49815-F1-model_v4.pdb	650	0.7638281	0.08581001
P49815	650	E	P		AF-P49815-F1-model_v4.pdb	650	0.82954997	0.027035367
P49815	650	E	Q		AF-P49815-F1-model_v4.pdb	650	0.8555128	0.03294344
P49815	650	E	R		AF-P49815-F1-model_v4.pdb	650	0.78454626	0.023372546
P49815	650	E	S		AF-P49815-F1-model_v4.pdb	650	0.8504162	0.019859249
P49815	650	E	T		AF-P49815-F1-model_v4.pdb	650	0.87703526	0.033789195
P49815	650	E	V		AF-P49815-F1-model_v4.pdb	650	0.8709176	0.022228446
P49815	650	E	W		AF-P49815-F1-model_v4.pdb	650	0.860971	0.0200407
P49815	650	E	Y		AF-P49815-F1-model_v4.pdb	650	0.76626015	0.025397105
P49815	652	E	A		AF-P49815-F1-model_v4.pdb	652	0.774928	0.008637938
P49815	652	E	C		AF-P49815-F1-model_v4.pdb	652	0.8200965	0.010227009
P49815	652	E	D		AF-P49815-F1-model_v4.pdb	652	0.88083696	0.029746484
P49815	652	E	F		AF-P49815-F1-model_v4.pdb	652	0.77804995	0.014888236
P49815	652	E	G		AF-P49815-F1-model_v4.pdb	652	0.80955553	0.0316635
P49815	652	E	H		AF-P49815-F1-model_v4.pdb	652	0.8402689	0.03141958
P49815	652	E	I		AF-P49815-F1-model_v4.pdb	652	0.7646561	0.023889586
P49815	652	E	K		AF-P49815-F1-model_v4.pdb	652	0.76231766	0.0192088
P49815	652	E	L		AF-P49815-F1-model_v4.pdb	652	0.78237516	0.030027457
P49815	652	E	M		AF-P49815-F1-model_v4.pdb	652	0.8049965	0.034644816
P49815	652	E	N		AF-P49815-F1-model_v4.pdb	652	0.7027134	0.06567487
P49815	652	E	P		AF-P49815-F1-model_v4.pdb	652	0.77550197	0.02761268
P49815	652	E	Q		AF-P49815-F1-model_v4.pdb	652	0.8246378	0.04105497
P49815	652	E	R		AF-P49815-F1-model_v4.pdb	652	0.7203049	0.04806509
P49815	652	E	S		AF-P49815-F1-model_v4.pdb	652	0.78442585	0.033580985
P49815	652	E	T		AF-P49815-F1-model_v4.pdb	652	0.82719946	0.041849803
P49815	652	E	V		AF-P49815-F1-model_v4.pdb	652	0.8166067	0.032654442
P49815	652	E	W		AF-P49815-F1-model_v4.pdb	652	0.82485884	0.018849028
P49815	652	E	Y		AF-P49815-F1-model_v4.pdb	652	0.8138604	0.034627054
P49815	654	G	A		AF-P49815-F1-model_v4.pdb	654	0.8119968	0.034530144
P49815	654	G	C		AF-P49815-F1-model_v4.pdb	654	0.8219285	0.04280429
P49815	654	G	D		AF-P49815-F1-model_v4.pdb	654	0.8130579	0.053046074
P49815	654	G	E		AF-P49815-F1-model_v4.pdb	654	0.75959194	0.04624189
P49815	654	G	F		AF-P49815-F1-model_v4.pdb	654	0.7881311	0.0567344
P49815	654	G	H		AF-P49815-F1-model_v4.pdb	654	0.80780554	0.047538076
P49815	654	G	I		AF-P49815-F1-model_v4.pdb	654	0.74570084	0.013191006
P49815	654	G	K		AF-P49815-F1-model_v4.pdb	654	0.73132354	0.038208514
P49815	654	G	L		AF-P49815-F1-model_v4.pdb	654	0.77848744	0.016439334
P49815	654	G	M		AF-P49815-F1-model_v4.pdb	654	0.7905624	0.022723548
P49815	654	G	N		AF-P49815-F1-model_v4.pdb	654	0.7855257	0.05068898
P49815	654	G	P		AF-P49815-F1-model_v4.pdb	654	0.91693974	0.021026809
P49815	654	G	Q		AF-P49815-F1-model_v4.pdb	654	0.8210386	0.037255988
P49815	654	G	R		AF-P49815-F1-model_v4.pdb	654	0.7236761	0.037794244
P49815	654	G	S		AF-P49815-F1-model_v4.pdb	654	0.8426949	0.038780093
P49815	654	G	T		AF-P49815-F1-model_v4.pdb	654	0.8564577	0.03598228
P49815	654	G	V		AF-P49815-F1-model_v4.pdb	654	0.78978026	0.0169073
P49815	654	G	W		AF-P49815-F1-model_v4.pdb	654	0.818583	0.036089428
P49815	654	G	Y		AF-P49815-F1-model_v4.pdb	654	0.82871467	0.06294154
P49815	655	S	A		AF-P49815-F1-model_v4.pdb	655	0.7308425	0.04112998
P49815	655	S	C		AF-P49815-F1-model_v4.pdb	655	0.71910036	0.033991005
P49815	655	S	D		AF-P49815-F1-model_v4.pdb	655	0.7858216	0.033009984
P49815	655	S	E		AF-P49815-F1-model_v4.pdb	655	0.8274609	0.047799923
P49815	655	S	F		AF-P49815-F1-model_v4.pdb	655	0.7053588	0.045697417
P49815	655	S	G		AF-P49815-F1-model_v4.pdb	655	0.8004135	0.03378684
P49815	655	S	H		AF-P49815-F1-model_v4.pdb	655	0.7625956	0.030007053
P49815	655	S	I		AF-P49815-F1-model_v4.pdb	655	0.65218127	0.037392613
P49815	655	S	K		AF-P49815-F1-model_v4.pdb	655	0.682129	0.03760043
P49815	655	S	L		AF-P49815-F1-model_v4.pdb	655	0.7212098	0.041461553
P49815	655	S	M		AF-P49815-F1-model_v4.pdb	655	0.69235736	0.035172634
P49815	655	S	N		AF-P49815-F1-model_v4.pdb	655	0.7564548	0.052137513
P49815	655	S	P		AF-P49815-F1-model_v4.pdb	655	0.78890216	0.022212543
P49815	655	S	Q		AF-P49815-F1-model_v4.pdb	655	0.74128217	0.045970656
P49815	655	S	R		AF-P49815-F1-model_v4.pdb	655	0.726254	0.039279163
P49815	655	S	T		AF-P49815-F1-model_v4.pdb	655	0.75858897	0.036737647
P49815	655	S	V		AF-P49815-F1-model_v4.pdb	655	0.73142457	0.03912453
P49815	655	S	W		AF-P49815-F1-model_v4.pdb	655	0.71225506	0.02651627
P49815	655	S	Y		AF-P49815-F1-model_v4.pdb	655	0.7693435	0.036672406
P49815	656	E	A		AF-P49815-F1-model_v4.pdb	656	0.7348707	0.031388238
P49815	656	E	C		AF-P49815-F1-model_v4.pdb	656	0.7379192	0.015891043
P49815	656	E	D		AF-P49815-F1-model_v4.pdb	656	0.75180703	0.06577688
P49815	656	E	F		AF-P49815-F1-model_v4.pdb	656	0.71934944	0.039366137
P49815	656	E	G		AF-P49815-F1-model_v4.pdb	656	0.72012985	0.032540176
P49815	656	E	H		AF-P49815-F1-model_v4.pdb	656	0.79859483	0.038882583
P49815	656	E	I		AF-P49815-F1-model_v4.pdb	656	0.7860293	0.03261476
P49815	656	E	K		AF-P49815-F1-model_v4.pdb	656	0.72657	0.035501998
P49815	656	E	L		AF-P49815-F1-model_v4.pdb	656	0.76868063	0.030012887
P49815	656	E	M		AF-P49815-F1-model_v4.pdb	656	0.712716	0.040472325
P49815	656	E	N		AF-P49815-F1-model_v4.pdb	656	0.61385244	0.058132228
P49815	656	E	P		AF-P49815-F1-model_v4.pdb	656	0.6970897	0.01851382
P49815	656	E	Q		AF-P49815-F1-model_v4.pdb	656	0.73442924	0.041269954
P49815	656	E	S		AF-P49815-F1-model_v4.pdb	656	0.7235152	0.03644763
P49815	656	E	T		AF-P49815-F1-model_v4.pdb	656	0.6807285	0.012798751
P49815	656	E	V		AF-P49815-F1-model_v4.pdb	656	0.7877651	0.034306984
P49815	656	E	W		AF-P49815-F1-model_v4.pdb	656	0.775794	0.021474805
P49815	656	E	Y		AF-P49815-F1-model_v4.pdb	656	0.7431462	0.02779814
P49815	657	K	A		AF-P49815-F1-model_v4.pdb	657	0.8199967	0.016263671
P49815	657	K	C		AF-P49815-F1-model_v4.pdb	657	0.8204913	0.027950477
P49815	657	K	D		AF-P49815-F1-model_v4.pdb	657	0.750672	0.051834613
P49815	657	K	E		AF-P49815-F1-model_v4.pdb	657	0.7925016	0.03267796
P49815	657	K	F		AF-P49815-F1-model_v4.pdb	657	0.8156713	0.042656485
P49815	657	K	G		AF-P49815-F1-model_v4.pdb	657	0.7712243	0.038310003
P49815	657	K	H		AF-P49815-F1-model_v4.pdb	657	0.78062505	0.042584773
P49815	657	K	I		AF-P49815-F1-model_v4.pdb	657	0.77748126	0.031926386
P49815	657	K	L		AF-P49815-F1-model_v4.pdb	657	0.8005481	0.025108565
P49815	657	K	M		AF-P49815-F1-model_v4.pdb	657	0.7453655	0.024337782
P49815	657	K	N		AF-P49815-F1-model_v4.pdb	657	0.75392234	0.0248886
P49815	657	K	P		AF-P49815-F1-model_v4.pdb	657	0.8102595	0.02111264
P49815	657	K	Q		AF-P49815-F1-model_v4.pdb	657	0.7502705	0.037979737
P49815	657	K	R		AF-P49815-F1-model_v4.pdb	657	0.873188	0.050399072
P49815	657	K	S		AF-P49815-F1-model_v4.pdb	657	0.8049657	0.0354718
P49815	657	K	T		AF-P49815-F1-model_v4.pdb	657	0.81940717	0.020923628
P49815	657	K	V		AF-P49815-F1-model_v4.pdb	657	0.7927515	0.028285842
P49815	657	K	W		AF-P49815-F1-model_v4.pdb	657	0.7322278	0.032933507
P49815	657	K	Y		AF-P49815-F1-model_v4.pdb	657	0.81340426	0.052038502
P49815	658	K	A		AF-P49815-F1-model_v4.pdb	658	0.8834847	0.033497833
P49815	658	K	C		AF-P49815-F1-model_v4.pdb	658	0.894273	0.027913084
P49815	658	K	D		AF-P49815-F1-model_v4.pdb	658	0.8773669	0.019991511
P49815	658	K	E		AF-P49815-F1-model_v4.pdb	658	0.87371874	0.04468942
P49815	658	K	F		AF-P49815-F1-model_v4.pdb	658	0.8537487	0.043501515
P49815	658	K	G		AF-P49815-F1-model_v4.pdb	658	0.8871648	0.034298737
P49815	658	K	H		AF-P49815-F1-model_v4.pdb	658	0.8915941	0.050632723
P49815	658	K	I		AF-P49815-F1-model_v4.pdb	658	0.85700524	0.031763148
P49815	658	K	L		AF-P49815-F1-model_v4.pdb	658	0.8842999	0.021002125
P49815	658	K	M		AF-P49815-F1-model_v4.pdb	658	0.86451185	0.045034714
P49815	658	K	N		AF-P49815-F1-model_v4.pdb	658	0.76346874	0.05466932
P49815	658	K	P		AF-P49815-F1-model_v4.pdb	658	0.8895788	0.01791023
P49815	658	K	Q		AF-P49815-F1-model_v4.pdb	658	0.86544406	0.064654
P49815	658	K	R		AF-P49815-F1-model_v4.pdb	658	0.8819026	0.05604511
P49815	658	K	T		AF-P49815-F1-model_v4.pdb	658	0.87467337	0.026327727
P49815	658	K	V		AF-P49815-F1-model_v4.pdb	658	0.91065663	0.024851669
P49815	658	K	W		AF-P49815-F1-model_v4.pdb	658	0.85961264	0.018965175
P49815	658	K	Y		AF-P49815-F1-model_v4.pdb	658	0.9219292	0.05850639
P49815	659	T	A		AF-P49815-F1-model_v4.pdb	659	0.799287	0.058418747
P49815	659	T	C		AF-P49815-F1-model_v4.pdb	659	0.7412939	0.059891045
P49815	659	T	D		AF-P49815-F1-model_v4.pdb	659	0.79258156	0.022623852
P49815	659	T	E		AF-P49815-F1-model_v4.pdb	659	0.7769993	0.021918755
P49815	659	T	F		AF-P49815-F1-model_v4.pdb	659	0.7429882	0.057672653
P49815	659	T	G		AF-P49815-F1-model_v4.pdb	659	0.7707154	0.037360504
P49815	659	T	H		AF-P49815-F1-model_v4.pdb	659	0.8343712	0.031522945
P49815	659	T	I		AF-P49815-F1-model_v4.pdb	659	0.76662797	0.01580647
P49815	659	T	L		AF-P49815-F1-model_v4.pdb	659	0.78097457	0.02303372
P49815	659	T	M		AF-P49815-F1-model_v4.pdb	659	0.83549386	0.042366676
P49815	659	T	N		AF-P49815-F1-model_v4.pdb	659	0.7874824	0.025178254
P49815	659	T	P		AF-P49815-F1-model_v4.pdb	659	0.87501395	0.051692214
P49815	659	T	Q		AF-P49815-F1-model_v4.pdb	659	0.7975446	0.021049215
P49815	659	T	R		AF-P49815-F1-model_v4.pdb	659	0.72381294	0.019628564
P49815	659	T	V		AF-P49815-F1-model_v4.pdb	659	0.74605924	0.0332695
P49815	659	T	W		AF-P49815-F1-model_v4.pdb	659	0.8781778	0.019475156
P49815	659	T	Y		AF-P49815-F1-model_v4.pdb	659	0.83296126	0.047019728
P49815	660	S	A		AF-P49815-F1-model_v4.pdb	660	0.9287346	0.036944266
P49815	660	S	C		AF-P49815-F1-model_v4.pdb	660	1.0117495	0.024804024
P49815	660	S	D		AF-P49815-F1-model_v4.pdb	660	0.99762934	0.039993748
P49815	660	S	E		AF-P49815-F1-model_v4.pdb	660	0.93555605	0.011901952
P49815	660	S	F		AF-P49815-F1-model_v4.pdb	660	0.9527628	0.053735096
P49815	660	S	G		AF-P49815-F1-model_v4.pdb	660	0.9649356	0.03090132
P49815	660	S	H		AF-P49815-F1-model_v4.pdb	660	0.96977407	0.011330586
P49815	660	S	I		AF-P49815-F1-model_v4.pdb	660	0.93699825	0.02517605
P49815	660	S	K		AF-P49815-F1-model_v4.pdb	660	0.7767564	0.02787759
P49815	660	S	L		AF-P49815-F1-model_v4.pdb	660	0.8944966	0.0078049116
P49815	660	S	M		AF-P49815-F1-model_v4.pdb	660	0.9430693	0.01247572
P49815	660	S	N		AF-P49815-F1-model_v4.pdb	660	0.92386484	0.04036921
P49815	660	S	P		AF-P49815-F1-model_v4.pdb	660	0.9310951	0.02310402
P49815	660	S	Q		AF-P49815-F1-model_v4.pdb	660	0.9418872	0.02370781
P49815	660	S	R		AF-P49815-F1-model_v4.pdb	660	0.9243635	0.013293168
P49815	660	S	T		AF-P49815-F1-model_v4.pdb	660	0.9545695	0.025357887
P49815	660	S	V		AF-P49815-F1-model_v4.pdb	660	0.93623793	0.019587759
P49815	660	S	W		AF-P49815-F1-model_v4.pdb	660	1.0471046	0.018206641
P49815	660	S	Y		AF-P49815-F1-model_v4.pdb	660	1.0636567	0.021218825
P49815	661	G	A		AF-P49815-F1-model_v4.pdb	661	0.9548113	0.03291687
P49815	661	G	C		AF-P49815-F1-model_v4.pdb	661	0.9829308	0.051223096
P49815	661	G	D		AF-P49815-F1-model_v4.pdb	661	0.9406781	0.006274179
P49815	661	G	E		AF-P49815-F1-model_v4.pdb	661	0.9261473	0.02078141
P49815	661	G	F		AF-P49815-F1-model_v4.pdb	661	0.8922806	0.0474773
P49815	661	G	H		AF-P49815-F1-model_v4.pdb	661	0.9711226	0.031955767
P49815	661	G	I		AF-P49815-F1-model_v4.pdb	661	0.9221915	0.035016276
P49815	661	G	K		AF-P49815-F1-model_v4.pdb	661	0.78981483	0.02476373
P49815	661	G	L		AF-P49815-F1-model_v4.pdb	661	0.9700249	0.03767973
P49815	661	G	M		AF-P49815-F1-model_v4.pdb	661	0.97523403	0.025846811
P49815	661	G	N		AF-P49815-F1-model_v4.pdb	661	0.9656846	0.021340165
P49815	661	G	P		AF-P49815-F1-model_v4.pdb	661	1.0452747	0.024680564
P49815	661	G	Q		AF-P49815-F1-model_v4.pdb	661	0.9940685	0.037417706
P49815	661	G	R		AF-P49815-F1-model_v4.pdb	661	0.8619102	0.026795227
P49815	661	G	S		AF-P49815-F1-model_v4.pdb	661	0.9627803	0.016963733
P49815	661	G	T		AF-P49815-F1-model_v4.pdb	661	0.98676956	0.026934104
P49815	661	G	V		AF-P49815-F1-model_v4.pdb	661	0.9774874	0.030856088
P49815	661	G	W		AF-P49815-F1-model_v4.pdb	661	0.94612664	0.015983095
P49815	661	G	Y		AF-P49815-F1-model_v4.pdb	661	0.9424613	0.018020576
P49815	662	P	A		AF-P49815-F1-model_v4.pdb	662	0.78197014	0.044891782
P49815	662	P	C		AF-P49815-F1-model_v4.pdb	662	0.7979851	0.039205506
P49815	662	P	D		AF-P49815-F1-model_v4.pdb	662	0.7490734	0.039775465
P49815	662	P	E		AF-P49815-F1-model_v4.pdb	662	0.79916084	0.04808002
P49815	662	P	F		AF-P49815-F1-model_v4.pdb	662	0.7658532	0.03478416
P49815	662	P	G		AF-P49815-F1-model_v4.pdb	662	0.7296706	0.062308338
P49815	662	P	H		AF-P49815-F1-model_v4.pdb	662	0.83416927	0.048432987
P49815	662	P	I		AF-P49815-F1-model_v4.pdb	662	0.7694926	0.031241095
P49815	662	P	K		AF-P49815-F1-model_v4.pdb	662	0.673869	0.062278524
P49815	662	P	L		AF-P49815-F1-model_v4.pdb	662	0.75790584	0.03170687
P49815	662	P	M		AF-P49815-F1-model_v4.pdb	662	0.7715589	0.039206963
P49815	662	P	N		AF-P49815-F1-model_v4.pdb	662	0.8412026	0.035366356
P49815	662	P	Q		AF-P49815-F1-model_v4.pdb	662	0.7775836	0.056284394
P49815	662	P	R		AF-P49815-F1-model_v4.pdb	662	0.73160183	0.023834806
P49815	662	P	S		AF-P49815-F1-model_v4.pdb	662	0.71995455	0.058719326
P49815	662	P	T		AF-P49815-F1-model_v4.pdb	662	0.7784769	0.06197904
P49815	662	P	V		AF-P49815-F1-model_v4.pdb	662	0.7719714	0.035249107
P49815	662	P	W		AF-P49815-F1-model_v4.pdb	662	0.73868644	0.024826206
P49815	662	P	Y		AF-P49815-F1-model_v4.pdb	662	0.78366256	0.034310523
P49815	663	L	A		AF-P49815-F1-model_v4.pdb	663	1.0440443	0.04222233
P49815	663	L	C		AF-P49815-F1-model_v4.pdb	663	1.0880852	0.016609106
P49815	663	L	D		AF-P49815-F1-model_v4.pdb	663	1.0333998	0.03518676
P49815	663	L	E		AF-P49815-F1-model_v4.pdb	663	0.93855107	0.032692622
P49815	663	L	F		AF-P49815-F1-model_v4.pdb	663	1.0023282	0.022709828
P49815	663	L	G		AF-P49815-F1-model_v4.pdb	663	0.9124657	0.029330408
P49815	663	L	H		AF-P49815-F1-model_v4.pdb	663	0.9925493	0.015885554
P49815	663	L	I		AF-P49815-F1-model_v4.pdb	663	1.0358729	0.013848491
P49815	663	L	K		AF-P49815-F1-model_v4.pdb	663	0.88162136	0.0329485
P49815	663	L	M		AF-P49815-F1-model_v4.pdb	663	1.0785284	0.030209545
P49815	663	L	N		AF-P49815-F1-model_v4.pdb	663	0.9923269	0.028784636
P49815	663	L	P		AF-P49815-F1-model_v4.pdb	663	0.9273578	0.030809898
P49815	663	L	Q		AF-P49815-F1-model_v4.pdb	663	0.96547234	0.02226946
P49815	663	L	R		AF-P49815-F1-model_v4.pdb	663	0.90184593	0.048730515
P49815	663	L	S		AF-P49815-F1-model_v4.pdb	663	1.0006373	0.03539496
P49815	663	L	T		AF-P49815-F1-model_v4.pdb	663	0.9426096	0.03137124
P49815	663	L	V		AF-P49815-F1-model_v4.pdb	663	1.009511	0.013949462
P49815	663	L	Y		AF-P49815-F1-model_v4.pdb	663	0.9610839	0.024816968
P49815	664	S	A		AF-P49815-F1-model_v4.pdb	664	1.0338924	0.032244842
P49815	664	S	C		AF-P49815-F1-model_v4.pdb	664	1.0877154	0.03127615
P49815	664	S	D		AF-P49815-F1-model_v4.pdb	664	1.103173	0.021917937
P49815	664	S	E		AF-P49815-F1-model_v4.pdb	664	1.0850899	0.009754602
P49815	664	S	F		AF-P49815-F1-model_v4.pdb	664	0.98559797	0.022606693
P49815	664	S	G		AF-P49815-F1-model_v4.pdb	664	1.0417782	0.036440883
P49815	664	S	H		AF-P49815-F1-model_v4.pdb	664	1.0769914	0.01818663
P49815	664	S	I		AF-P49815-F1-model_v4.pdb	664	0.9711534	0.037620127
P49815	664	S	K		AF-P49815-F1-model_v4.pdb	664	0.95706433	0.0127071105
P49815	664	S	L		AF-P49815-F1-model_v4.pdb	664	1.0295236	0.03663158
P49815	664	S	M		AF-P49815-F1-model_v4.pdb	664	1.0331558	0.035302166
P49815	664	S	N		AF-P49815-F1-model_v4.pdb	664	1.061686	0.013957636
P49815	664	S	P		AF-P49815-F1-model_v4.pdb	664	1.0901916	0.025113221
P49815	664	S	Q		AF-P49815-F1-model_v4.pdb	664	1.0539509	0.02024945
P49815	664	S	R		AF-P49815-F1-model_v4.pdb	664	0.98520595	0.019362153
P49815	664	S	T		AF-P49815-F1-model_v4.pdb	664	1.0329552	0.028240513
P49815	664	S	V		AF-P49815-F1-model_v4.pdb	664	1.0557759	0.021828094
P49815	664	S	W		AF-P49815-F1-model_v4.pdb	664	0.96946555	0.020421075
P49815	664	S	Y		AF-P49815-F1-model_v4.pdb	664	1.042105	0.025847264
P49815	665	P	A		AF-P49815-F1-model_v4.pdb	665	0.9617238	0.031159699
P49815	665	P	C		AF-P49815-F1-model_v4.pdb	665	0.98547524	0.035053983
P49815	665	P	D		AF-P49815-F1-model_v4.pdb	665	1.0027373	0.018047579
P49815	665	P	E		AF-P49815-F1-model_v4.pdb	665	0.99995595	0.025304526
P49815	665	P	F		AF-P49815-F1-model_v4.pdb	665	0.9600328	0.02554699
P49815	665	P	G		AF-P49815-F1-model_v4.pdb	665	0.8879614	0.032033645
P49815	665	P	H		AF-P49815-F1-model_v4.pdb	665	1.0276715	0.013328241
P49815	665	P	I		AF-P49815-F1-model_v4.pdb	665	0.9566206	0.032759145
P49815	665	P	K		AF-P49815-F1-model_v4.pdb	665	0.93407136	0.017718816
P49815	665	P	L		AF-P49815-F1-model_v4.pdb	665	0.9400757	0.03494765
P49815	665	P	M		AF-P49815-F1-model_v4.pdb	665	0.99480283	0.019363107
P49815	665	P	N		AF-P49815-F1-model_v4.pdb	665	0.9895538	0.007826076
P49815	665	P	Q		AF-P49815-F1-model_v4.pdb	665	1.0130938	0.012228235
P49815	665	P	S		AF-P49815-F1-model_v4.pdb	665	0.9477763	0.04400818
P49815	665	P	T		AF-P49815-F1-model_v4.pdb	665	0.9663696	0.037335325
P49815	665	P	V		AF-P49815-F1-model_v4.pdb	665	0.9730433	0.020269018
P49815	665	P	W		AF-P49815-F1-model_v4.pdb	665	0.95671237	0.031028757
P49815	665	P	Y		AF-P49815-F1-model_v4.pdb	665	0.977924	0.03447479
P49815	666	P	A		AF-P49815-F1-model_v4.pdb	666	0.9803451	0.035106316
P49815	666	P	C		AF-P49815-F1-model_v4.pdb	666	0.98929197	0.03482442
P49815	666	P	D		AF-P49815-F1-model_v4.pdb	666	0.9812724	0.006762665
P49815	666	P	E		AF-P49815-F1-model_v4.pdb	666	0.95939475	0.033006817
P49815	666	P	F		AF-P49815-F1-model_v4.pdb	666	0.9078042	0.031140018
P49815	666	P	G		AF-P49815-F1-model_v4.pdb	666	0.8908464	0.023435269
P49815	666	P	H		AF-P49815-F1-model_v4.pdb	666	1.0705082	0.0183317
P49815	666	P	I		AF-P49815-F1-model_v4.pdb	666	0.9631526	0.023096116
P49815	666	P	K		AF-P49815-F1-model_v4.pdb	666	0.9677054	0.012908513
P49815	666	P	L		AF-P49815-F1-model_v4.pdb	666	0.9795219	0.025891755
P49815	666	P	M		AF-P49815-F1-model_v4.pdb	666	0.9932329	0.011416817
P49815	666	P	N		AF-P49815-F1-model_v4.pdb	666	0.98566836	0.014645829
P49815	666	P	Q		AF-P49815-F1-model_v4.pdb	666	1.0081275	0.0055780485
P49815	666	P	R		AF-P49815-F1-model_v4.pdb	666	0.9107727	0.023698172
P49815	666	P	S		AF-P49815-F1-model_v4.pdb	666	0.9107665	0.027362248
P49815	666	P	T		AF-P49815-F1-model_v4.pdb	666	0.9392927	0.047671627
P49815	666	P	V		AF-P49815-F1-model_v4.pdb	666	0.9917532	0.022626195
P49815	666	P	W		AF-P49815-F1-model_v4.pdb	666	0.9287491	0.005099046
P49815	666	P	Y		AF-P49815-F1-model_v4.pdb	666	0.9704274	0.017055193
P49815	667	T	A		AF-P49815-F1-model_v4.pdb	667	1.0019314	0.046150427
P49815	667	T	C		AF-P49815-F1-model_v4.pdb	667	1.0750513	0.028217921
P49815	667	T	D		AF-P49815-F1-model_v4.pdb	667	0.98212683	0.021212367
P49815	667	T	E		AF-P49815-F1-model_v4.pdb	667	0.95012414	0.027564064
P49815	667	T	F		AF-P49815-F1-model_v4.pdb	667	1.0014703	0.027296815
P49815	667	T	G		AF-P49815-F1-model_v4.pdb	667	0.95410997	0.0341888
P49815	667	T	H		AF-P49815-F1-model_v4.pdb	667	1.0124412	0.014671952
P49815	667	T	I		AF-P49815-F1-model_v4.pdb	667	1.0226598	0.031965725
P49815	667	T	K		AF-P49815-F1-model_v4.pdb	667	0.91072255	0.031717885
P49815	667	T	L		AF-P49815-F1-model_v4.pdb	667	1.033736	0.039241068
P49815	667	T	M		AF-P49815-F1-model_v4.pdb	667	1.0250849	0.017878616
P49815	667	T	N		AF-P49815-F1-model_v4.pdb	667	0.9695799	0.0155595355
P49815	667	T	P		AF-P49815-F1-model_v4.pdb	667	1.0114356	0.023966897
P49815	667	T	Q		AF-P49815-F1-model_v4.pdb	667	1.04368	0.02723761
P49815	667	T	R		AF-P49815-F1-model_v4.pdb	667	0.8885606	0.039375078
P49815	667	T	S		AF-P49815-F1-model_v4.pdb	667	0.9887884	0.015269599
P49815	667	T	V		AF-P49815-F1-model_v4.pdb	667	1.0315456	0.0404336
P49815	667	T	W		AF-P49815-F1-model_v4.pdb	667	1.0382601	0.027660368
P49815	667	T	Y		AF-P49815-F1-model_v4.pdb	667	1.0523684	0.032056287
P49815	668	G	A		AF-P49815-F1-model_v4.pdb	668	1.0238386	0.014600675
P49815	668	G	C		AF-P49815-F1-model_v4.pdb	668	1.0134358	0.020596951
P49815	668	G	D		AF-P49815-F1-model_v4.pdb	668	1.0338972	0.025363624
P49815	668	G	E		AF-P49815-F1-model_v4.pdb	668	1.0261263	0.016137319
P49815	668	G	F		AF-P49815-F1-model_v4.pdb	668	0.9263384	0.030481456
P49815	668	G	H		AF-P49815-F1-model_v4.pdb	668	1.0563887	0.025401885
P49815	668	G	I		AF-P49815-F1-model_v4.pdb	668	0.93113023	0.027658874
P49815	668	G	K		AF-P49815-F1-model_v4.pdb	668	0.96241856	0.012096334
P49815	668	G	L		AF-P49815-F1-model_v4.pdb	668	0.93680257	0.021186374
P49815	668	G	M		AF-P49815-F1-model_v4.pdb	668	0.993223	0.027612021
P49815	668	G	N		AF-P49815-F1-model_v4.pdb	668	1.017162	0.021165337
P49815	668	G	P		AF-P49815-F1-model_v4.pdb	668	0.9936005	0.017274741
P49815	668	G	Q		AF-P49815-F1-model_v4.pdb	668	1.0333204	0.0155185275
P49815	668	G	R		AF-P49815-F1-model_v4.pdb	668	0.9962212	0.013884609
P49815	668	G	S		AF-P49815-F1-model_v4.pdb	668	1.0321939	0.023761777
P49815	668	G	T		AF-P49815-F1-model_v4.pdb	668	1.0767847	0.030347127
P49815	668	G	V		AF-P49815-F1-model_v4.pdb	668	0.94904387	0.022414135
P49815	668	G	W		AF-P49815-F1-model_v4.pdb	668	0.9279415	0.01399252
P49815	668	G	Y		AF-P49815-F1-model_v4.pdb	668	0.95031005	0.018746484
P49815	669	P	A		AF-P49815-F1-model_v4.pdb	669	0.9013874	0.03234331
P49815	669	P	C		AF-P49815-F1-model_v4.pdb	669	0.9582015	0.0119257765
P49815	669	P	D		AF-P49815-F1-model_v4.pdb	669	0.96528137	0.013425117
P49815	669	P	E		AF-P49815-F1-model_v4.pdb	669	0.913788	0.01221101
P49815	669	P	F		AF-P49815-F1-model_v4.pdb	669	0.8688351	0.011206744
P49815	669	P	G		AF-P49815-F1-model_v4.pdb	669	0.9388094	0.03292143
P49815	669	P	H		AF-P49815-F1-model_v4.pdb	669	1.0198357	0.018393153
P49815	669	P	I		AF-P49815-F1-model_v4.pdb	669	0.8806896	0.01898705
P49815	669	P	K		AF-P49815-F1-model_v4.pdb	669	0.8803121	0.019254422
P49815	669	P	L		AF-P49815-F1-model_v4.pdb	669	0.8293392	0.011337289
P49815	669	P	M		AF-P49815-F1-model_v4.pdb	669	0.9013014	0.017744413
P49815	669	P	N		AF-P49815-F1-model_v4.pdb	669	0.97353727	0.014750358
P49815	669	P	Q		AF-P49815-F1-model_v4.pdb	669	0.93259066	0.022421515
P49815	669	P	R		AF-P49815-F1-model_v4.pdb	669	0.7950031	0.023134245
P49815	669	P	S		AF-P49815-F1-model_v4.pdb	669	0.9107375	0.03363914
P49815	669	P	T		AF-P49815-F1-model_v4.pdb	669	0.93359613	0.034191433
P49815	669	P	V		AF-P49815-F1-model_v4.pdb	669	0.8867308	0.020355789
P49815	669	P	W		AF-P49815-F1-model_v4.pdb	669	0.8708084	0.0097607495
P49815	669	P	Y		AF-P49815-F1-model_v4.pdb	669	0.9416113	0.014053441
P49815	670	P	A		AF-P49815-F1-model_v4.pdb	670	0.9805275	0.020306611
P49815	670	P	D		AF-P49815-F1-model_v4.pdb	670	0.9728236	0.029639581
P49815	670	P	E		AF-P49815-F1-model_v4.pdb	670	0.930641	0.025936304
P49815	670	P	F		AF-P49815-F1-model_v4.pdb	670	0.932922	0.011877856
P49815	670	P	G		AF-P49815-F1-model_v4.pdb	670	0.95182884	0.0283954
P49815	670	P	K		AF-P49815-F1-model_v4.pdb	670	0.8725737	0.041777667
P49815	670	P	L		AF-P49815-F1-model_v4.pdb	670	0.8791667	0.022058899
P49815	670	P	M		AF-P49815-F1-model_v4.pdb	670	0.890699	0.021001162
P49815	670	P	N		AF-P49815-F1-model_v4.pdb	670	1.0531523	0.023996035
P49815	670	P	Q		AF-P49815-F1-model_v4.pdb	670	1.0404167	0.026338782
P49815	670	P	R		AF-P49815-F1-model_v4.pdb	670	0.83041495	0.040490456
P49815	670	P	S		AF-P49815-F1-model_v4.pdb	670	0.9312746	0.028301071
P49815	670	P	V		AF-P49815-F1-model_v4.pdb	670	0.957493	0.014979978
P49815	670	P	W		AF-P49815-F1-model_v4.pdb	670	0.9676245	0.016539
P49815	670	P	Y		AF-P49815-F1-model_v4.pdb	670	0.96567106	0.024066886
P49815	671	G	A		AF-P49815-F1-model_v4.pdb	671	0.94338083	0.025729254
P49815	671	G	C		AF-P49815-F1-model_v4.pdb	671	1.008316	0.031169517
P49815	671	G	D		AF-P49815-F1-model_v4.pdb	671	0.9859004	0.030459005
P49815	671	G	F		AF-P49815-F1-model_v4.pdb	671	0.921378	0.025011664
P49815	671	G	H		AF-P49815-F1-model_v4.pdb	671	0.950977	0.04393782
P49815	671	G	I		AF-P49815-F1-model_v4.pdb	671	0.86977327	0.020714855
P49815	671	G	K		AF-P49815-F1-model_v4.pdb	671	0.9712156	0.042027187
P49815	671	G	L		AF-P49815-F1-model_v4.pdb	671	0.9091996	0.0072468035
P49815	671	G	M		AF-P49815-F1-model_v4.pdb	671	0.9430517	0.017225616
P49815	671	G	N		AF-P49815-F1-model_v4.pdb	671	0.931843	0.02327201
P49815	671	G	P		AF-P49815-F1-model_v4.pdb	671	0.9053852	0.01813544
P49815	671	G	Q		AF-P49815-F1-model_v4.pdb	671	0.9795145	0.04398364
P49815	671	G	R		AF-P49815-F1-model_v4.pdb	671	0.981418	0.043751694
P49815	671	G	S		AF-P49815-F1-model_v4.pdb	671	0.92904794	0.021324065
P49815	671	G	V		AF-P49815-F1-model_v4.pdb	671	0.8953001	0.021198595
P49815	671	G	W		AF-P49815-F1-model_v4.pdb	671	0.96158636	0.014579994
P49815	671	G	Y		AF-P49815-F1-model_v4.pdb	671	0.9908794	0.01598303
P49815	672	P	L		AF-P49815-F1-model_v4.pdb	672	0.9365139	0.026666664
P49815	673	A	T		AF-P49815-F1-model_v4.pdb	673	0.9480751	0.037185524
P49815	675	A	T		AF-P49815-F1-model_v4.pdb	675	0.95480424	0.018474683
P49815	677	P	L		AF-P49815-F1-model_v4.pdb	677	0.77024597	0.027626425
P49815	677	P	S		AF-P49815-F1-model_v4.pdb	677	0.8751993	0.02524234
P49815	678	A	C		AF-P49815-F1-model_v4.pdb	678	0.91510963	0.044023965
P49815	678	A	D		AF-P49815-F1-model_v4.pdb	678	0.9100466	0.041641016
P49815	678	A	E		AF-P49815-F1-model_v4.pdb	678	0.9896371	0.04842883
P49815	678	A	F		AF-P49815-F1-model_v4.pdb	678	0.9319733	0.02466881
P49815	678	A	G		AF-P49815-F1-model_v4.pdb	678	1.0126636	0.030614309
P49815	678	A	H		AF-P49815-F1-model_v4.pdb	678	0.92158353	0.03647592
P49815	678	A	I		AF-P49815-F1-model_v4.pdb	678	0.85988677	0.028015664
P49815	678	A	K		AF-P49815-F1-model_v4.pdb	678	0.93461514	0.017752567
P49815	678	A	L		AF-P49815-F1-model_v4.pdb	678	0.87669104	0.032600377
P49815	678	A	M		AF-P49815-F1-model_v4.pdb	678	0.90214586	0.024346739
P49815	678	A	N		AF-P49815-F1-model_v4.pdb	678	0.9145252	0.0418137
P49815	678	A	P		AF-P49815-F1-model_v4.pdb	678	0.8569721	0.03160902
P49815	678	A	Q		AF-P49815-F1-model_v4.pdb	678	0.9385327	0.022989836
P49815	678	A	R		AF-P49815-F1-model_v4.pdb	678	0.9416938	0.030700535
P49815	678	A	S		AF-P49815-F1-model_v4.pdb	678	0.98623335	0.042902015
P49815	678	A	T		AF-P49815-F1-model_v4.pdb	678	0.97016346	0.034008056
P49815	678	A	V		AF-P49815-F1-model_v4.pdb	678	0.8653825	0.037096947
P49815	678	A	W		AF-P49815-F1-model_v4.pdb	678	0.9598691	0.033507917
P49815	678	A	Y		AF-P49815-F1-model_v4.pdb	678	1.0045497	0.019249948
P49815	680	R	A		AF-P49815-F1-model_v4.pdb	680	0.9497501	0.044161286
P49815	680	R	C		AF-P49815-F1-model_v4.pdb	680	0.9668566	0.01987976
P49815	680	R	D		AF-P49815-F1-model_v4.pdb	680	0.9730428	0.025423653
P49815	680	R	E		AF-P49815-F1-model_v4.pdb	680	0.9834164	0.019929942
P49815	680	R	F		AF-P49815-F1-model_v4.pdb	680	0.8554945	0.045064617
P49815	680	R	G		AF-P49815-F1-model_v4.pdb	680	0.9859997	0.020647217
P49815	680	R	H		AF-P49815-F1-model_v4.pdb	680	1.0092673	0.015710829
P49815	680	R	I		AF-P49815-F1-model_v4.pdb	680	0.8519204	0.057081457
P49815	680	R	K		AF-P49815-F1-model_v4.pdb	680	0.9981986	0.026913809
P49815	680	R	L		AF-P49815-F1-model_v4.pdb	680	0.94078285	0.03304744
P49815	680	R	M		AF-P49815-F1-model_v4.pdb	680	0.88476527	0.03857156
P49815	680	R	N		AF-P49815-F1-model_v4.pdb	680	0.9783136	0.016514309
P49815	680	R	P		AF-P49815-F1-model_v4.pdb	680	0.9592435	0.0248411
P49815	680	R	Q		AF-P49815-F1-model_v4.pdb	680	1.0023168	0.032034036
P49815	680	R	S		AF-P49815-F1-model_v4.pdb	680	1.0032911	0.024553921
P49815	680	R	T		AF-P49815-F1-model_v4.pdb	680	1.0047854	0.02037421
P49815	680	R	V		AF-P49815-F1-model_v4.pdb	680	0.88723457	0.042811334
P49815	680	R	W		AF-P49815-F1-model_v4.pdb	680	0.93356544	0.034456618
P49815	680	R	Y		AF-P49815-F1-model_v4.pdb	680	0.9884593	0.031930204
P49815	681	L	A		AF-P49815-F1-model_v4.pdb	681	0.970047	0.021277387
P49815	681	L	C		AF-P49815-F1-model_v4.pdb	681	0.91881406	0.020764455
P49815	681	L	D		AF-P49815-F1-model_v4.pdb	681	0.8172903	0.03065417
P49815	681	L	E		AF-P49815-F1-model_v4.pdb	681	0.84630644	0.033427004
P49815	681	L	F		AF-P49815-F1-model_v4.pdb	681	0.89452904	0.023610417
P49815	681	L	G		AF-P49815-F1-model_v4.pdb	681	0.89320976	0.01999358
P49815	681	L	H		AF-P49815-F1-model_v4.pdb	681	0.8653234	0.018960277
P49815	681	L	I		AF-P49815-F1-model_v4.pdb	681	0.9170197	0.022428714
P49815	681	L	K		AF-P49815-F1-model_v4.pdb	681	0.840573	0.029067282
P49815	681	L	M		AF-P49815-F1-model_v4.pdb	681	0.94810486	0.020435909
P49815	681	L	N		AF-P49815-F1-model_v4.pdb	681	0.86835325	0.021851663
P49815	681	L	P		AF-P49815-F1-model_v4.pdb	681	0.9435369	0.030854283
P49815	681	L	Q		AF-P49815-F1-model_v4.pdb	681	0.87332135	0.019048747
P49815	681	L	R		AF-P49815-F1-model_v4.pdb	681	0.82295054	0.039669517
P49815	681	L	S		AF-P49815-F1-model_v4.pdb	681	0.9143013	0.016647868
P49815	681	L	T		AF-P49815-F1-model_v4.pdb	681	0.90206176	0.02477388
P49815	681	L	V		AF-P49815-F1-model_v4.pdb	681	0.92733824	0.018687531
P49815	681	L	W		AF-P49815-F1-model_v4.pdb	681	0.84209794	0.035595775
P49815	681	L	Y		AF-P49815-F1-model_v4.pdb	681	0.81010115	0.043602016
P49815	682	G	A		AF-P49815-F1-model_v4.pdb	682	0.88468665	0.019817932
P49815	682	G	C		AF-P49815-F1-model_v4.pdb	682	0.855038	0.015327023
P49815	682	G	D		AF-P49815-F1-model_v4.pdb	682	0.91267586	0.022419253
P49815	682	G	E		AF-P49815-F1-model_v4.pdb	682	0.90423536	0.020643955
P49815	682	G	F		AF-P49815-F1-model_v4.pdb	682	0.7659622	0.029969228
P49815	682	G	H		AF-P49815-F1-model_v4.pdb	682	0.89736843	0.030932778
P49815	682	G	I		AF-P49815-F1-model_v4.pdb	682	0.7978112	0.027644666
P49815	682	G	K		AF-P49815-F1-model_v4.pdb	682	0.8378496	0.037283048
P49815	682	G	L		AF-P49815-F1-model_v4.pdb	682	0.8346834	0.031444397
P49815	682	G	M		AF-P49815-F1-model_v4.pdb	682	0.8523226	0.038958333
P49815	682	G	N		AF-P49815-F1-model_v4.pdb	682	0.88757163	0.025726954
P49815	682	G	P		AF-P49815-F1-model_v4.pdb	682	0.9327132	0.031936433
P49815	682	G	Q		AF-P49815-F1-model_v4.pdb	682	0.9011394	0.032299407
P49815	682	G	R		AF-P49815-F1-model_v4.pdb	682	0.8917227	0.03132688
P49815	682	G	S		AF-P49815-F1-model_v4.pdb	682	0.88836014	0.01187036
P49815	682	G	T		AF-P49815-F1-model_v4.pdb	682	0.92207986	0.015231291
P49815	682	G	V		AF-P49815-F1-model_v4.pdb	682	0.79210454	0.034839198
P49815	682	G	W		AF-P49815-F1-model_v4.pdb	682	0.8248607	0.0095983995
P49815	682	G	Y		AF-P49815-F1-model_v4.pdb	682	0.8322202	0.012502131
P49815	683	S	A		AF-P49815-F1-model_v4.pdb	683	0.8906393	0.02825649
P49815	683	S	C		AF-P49815-F1-model_v4.pdb	683	0.8749482	0.053897265
P49815	683	S	D		AF-P49815-F1-model_v4.pdb	683	0.83516896	0.04021785
P49815	683	S	E		AF-P49815-F1-model_v4.pdb	683	0.8656041	0.03912575
P49815	683	S	F		AF-P49815-F1-model_v4.pdb	683	0.82508975	0.03827207
P49815	683	S	G		AF-P49815-F1-model_v4.pdb	683	0.87585366	0.0052237883
P49815	683	S	I		AF-P49815-F1-model_v4.pdb	683	0.8154763	0.0358404
P49815	683	S	M		AF-P49815-F1-model_v4.pdb	683	0.79444873	0.020481342
P49815	683	S	N		AF-P49815-F1-model_v4.pdb	683	0.8772513	0.028130798
P49815	683	S	P		AF-P49815-F1-model_v4.pdb	683	0.8266057	0.02618903
P49815	683	S	Q		AF-P49815-F1-model_v4.pdb	683	0.8201653	0.045735557
P49815	683	S	R		AF-P49815-F1-model_v4.pdb	683	0.71726245	0.026406644
P49815	683	S	T		AF-P49815-F1-model_v4.pdb	683	0.88368493	0.025439061
P49815	683	S	V		AF-P49815-F1-model_v4.pdb	683	0.7872982	0.0095232995
P49815	683	S	W		AF-P49815-F1-model_v4.pdb	683	0.7588555	0.01563998
P49815	683	S	Y		AF-P49815-F1-model_v4.pdb	683	0.84432256	0.033092298
P49815	684	V	A		AF-P49815-F1-model_v4.pdb	684	0.87113225	0.023906976
P49815	684	V	C		AF-P49815-F1-model_v4.pdb	684	0.98620975	0.044171557
P49815	684	V	D		AF-P49815-F1-model_v4.pdb	684	0.7840327	0.05927992
P49815	684	V	E		AF-P49815-F1-model_v4.pdb	684	0.8464378	0.04500729
P49815	684	V	F		AF-P49815-F1-model_v4.pdb	684	0.9401368	0.03183511
P49815	684	V	G		AF-P49815-F1-model_v4.pdb	684	0.89247334	0.04667126
P49815	684	V	H		AF-P49815-F1-model_v4.pdb	684	0.8862467	0.023116862
P49815	684	V	I		AF-P49815-F1-model_v4.pdb	684	0.9234983	0.017401531
P49815	684	V	K		AF-P49815-F1-model_v4.pdb	684	0.8005823	0.030600183
P49815	684	V	L		AF-P49815-F1-model_v4.pdb	684	0.8904974	0.018343877
P49815	684	V	M		AF-P49815-F1-model_v4.pdb	684	0.8615346	0.016206987
P49815	684	V	N		AF-P49815-F1-model_v4.pdb	684	0.82055074	0.02977904
P49815	684	V	P		AF-P49815-F1-model_v4.pdb	684	0.89803064	0.0298001
P49815	684	V	Q		AF-P49815-F1-model_v4.pdb	684	0.8769897	0.027052486
P49815	684	V	R		AF-P49815-F1-model_v4.pdb	684	0.846562	0.032127604
P49815	684	V	S		AF-P49815-F1-model_v4.pdb	684	0.8378781	0.045819648
P49815	684	V	T		AF-P49815-F1-model_v4.pdb	684	0.939267	0.0485643
P49815	684	V	W		AF-P49815-F1-model_v4.pdb	684	0.8729783	0.03221291
P49815	684	V	Y		AF-P49815-F1-model_v4.pdb	684	0.91563064	0.044144917
P49815	685	P	A		AF-P49815-F1-model_v4.pdb	685	0.9324666	0.019882876
P49815	685	P	C		AF-P49815-F1-model_v4.pdb	685	0.917861	0.026278723
P49815	685	P	D		AF-P49815-F1-model_v4.pdb	685	0.85157317	0.02100449
P49815	685	P	E		AF-P49815-F1-model_v4.pdb	685	0.86815864	0.020853952
P49815	685	P	F		AF-P49815-F1-model_v4.pdb	685	0.83551663	0.043821722
P49815	685	P	G		AF-P49815-F1-model_v4.pdb	685	0.8364194	0.01933374
P49815	685	P	H		AF-P49815-F1-model_v4.pdb	685	0.89884645	0.022304546
P49815	685	P	I		AF-P49815-F1-model_v4.pdb	685	0.80304766	0.019412076
P49815	685	P	K		AF-P49815-F1-model_v4.pdb	685	0.7837575	0.026621148
P49815	685	P	L		AF-P49815-F1-model_v4.pdb	685	0.8654534	0.027146932
P49815	685	P	M		AF-P49815-F1-model_v4.pdb	685	0.85726035	0.028102042
P49815	685	P	N		AF-P49815-F1-model_v4.pdb	685	0.89271194	0.02554619
P49815	685	P	Q		AF-P49815-F1-model_v4.pdb	685	0.8597838	0.020848598
P49815	685	P	R		AF-P49815-F1-model_v4.pdb	685	0.77347934	0.028814767
P49815	685	P	S		AF-P49815-F1-model_v4.pdb	685	0.8237921	0.010947815
P49815	685	P	T		AF-P49815-F1-model_v4.pdb	685	0.89951915	0.017820058
P49815	685	P	V		AF-P49815-F1-model_v4.pdb	685	0.8602784	0.015977724
P49815	685	P	W		AF-P49815-F1-model_v4.pdb	685	0.80821496	0.008254993
P49815	685	P	Y		AF-P49815-F1-model_v4.pdb	685	0.8860925	0.0269917
P49815	686	Y	A		AF-P49815-F1-model_v4.pdb	686	0.90163195	0.02266115
P49815	686	Y	C		AF-P49815-F1-model_v4.pdb	686	0.87998426	0.015884096
P49815	686	Y	D		AF-P49815-F1-model_v4.pdb	686	0.91015357	0.027461834
P49815	686	Y	E		AF-P49815-F1-model_v4.pdb	686	0.82760227	0.02042551
P49815	686	Y	F		AF-P49815-F1-model_v4.pdb	686	0.84296215	0.029384209
P49815	686	Y	G		AF-P49815-F1-model_v4.pdb	686	0.8477522	0.024776636
P49815	686	Y	H		AF-P49815-F1-model_v4.pdb	686	0.8661189	0.02075489
P49815	686	Y	I		AF-P49815-F1-model_v4.pdb	686	0.8781411	0.012709386
P49815	686	Y	K		AF-P49815-F1-model_v4.pdb	686	0.82528716	0.019422863
P49815	686	Y	L		AF-P49815-F1-model_v4.pdb	686	0.8156546	0.018570187
P49815	686	Y	M		AF-P49815-F1-model_v4.pdb	686	0.8591064	0.029605264
P49815	686	Y	N		AF-P49815-F1-model_v4.pdb	686	0.86092585	0.013955385
P49815	686	Y	P		AF-P49815-F1-model_v4.pdb	686	0.9993788	0.009976479
P49815	686	Y	Q		AF-P49815-F1-model_v4.pdb	686	0.84705985	0.015811665
P49815	686	Y	R		AF-P49815-F1-model_v4.pdb	686	0.6833827	0.014890265
P49815	686	Y	S		AF-P49815-F1-model_v4.pdb	686	0.8530887	0.023009766
P49815	686	Y	T		AF-P49815-F1-model_v4.pdb	686	0.8541592	0.018743921
P49815	686	Y	V		AF-P49815-F1-model_v4.pdb	686	0.90651476	0.017172629
P49815	686	Y	W		AF-P49815-F1-model_v4.pdb	686	0.8557617	0.011167013
P49815	687	S	A		AF-P49815-F1-model_v4.pdb	687	0.92664415	0.01889664
P49815	687	S	C		AF-P49815-F1-model_v4.pdb	687	0.9111918	0.027755577
P49815	687	S	D		AF-P49815-F1-model_v4.pdb	687	0.934889	0.016301276
P49815	687	S	E		AF-P49815-F1-model_v4.pdb	687	0.85893786	0.023382856
P49815	687	S	F		AF-P49815-F1-model_v4.pdb	687	0.8053504	0.025968099
P49815	687	S	G		AF-P49815-F1-model_v4.pdb	687	0.928	0.029411891
P49815	687	S	H		AF-P49815-F1-model_v4.pdb	687	1.031284	0.014649353
P49815	687	S	I		AF-P49815-F1-model_v4.pdb	687	0.7622694	0.03150876
P49815	687	S	K		AF-P49815-F1-model_v4.pdb	687	0.8200197	0.016039332
P49815	687	S	L		AF-P49815-F1-model_v4.pdb	687	0.7785208	0.024536714
P49815	687	S	M		AF-P49815-F1-model_v4.pdb	687	0.78780943	0.026057292
P49815	687	S	N		AF-P49815-F1-model_v4.pdb	687	0.9573196	0.014318489
P49815	687	S	P		AF-P49815-F1-model_v4.pdb	687	0.8789374	0.022866076
P49815	687	S	Q		AF-P49815-F1-model_v4.pdb	687	0.9220317	0.011218534
P49815	687	S	R		AF-P49815-F1-model_v4.pdb	687	0.8808805	0.024670567
P49815	687	S	T		AF-P49815-F1-model_v4.pdb	687	0.8874896	0.027440913
P49815	687	S	V		AF-P49815-F1-model_v4.pdb	687	0.81068575	0.023570057
P49815	687	S	W		AF-P49815-F1-model_v4.pdb	687	0.8346513	0.01842657
P49815	687	S	Y		AF-P49815-F1-model_v4.pdb	687	0.9716709	0.02926246
P49815	688	L	A		AF-P49815-F1-model_v4.pdb	688	0.9235698	0.026377311
P49815	688	L	C		AF-P49815-F1-model_v4.pdb	688	0.85115594	0.030032208
P49815	688	L	D		AF-P49815-F1-model_v4.pdb	688	0.68601847	0.025745803
P49815	688	L	E		AF-P49815-F1-model_v4.pdb	688	0.7316849	0.031721078
P49815	688	L	F		AF-P49815-F1-model_v4.pdb	688	0.84074104	0.017298816
P49815	688	L	G		AF-P49815-F1-model_v4.pdb	688	0.79035866	0.024520885
P49815	688	L	H		AF-P49815-F1-model_v4.pdb	688	0.7605188	0.026394673
P49815	688	L	I		AF-P49815-F1-model_v4.pdb	688	0.89983594	0.020254068
P49815	688	L	K		AF-P49815-F1-model_v4.pdb	688	0.8265193	0.027902534
P49815	688	L	M		AF-P49815-F1-model_v4.pdb	688	0.9329673	0.041208882
P49815	688	L	N		AF-P49815-F1-model_v4.pdb	688	0.77794135	0.031175917
P49815	688	L	P		AF-P49815-F1-model_v4.pdb	688	0.8111437	0.021728199
P49815	688	L	Q		AF-P49815-F1-model_v4.pdb	688	0.7381975	0.02689379
P49815	688	L	R		AF-P49815-F1-model_v4.pdb	688	0.73284423	0.02184765
P49815	688	L	S		AF-P49815-F1-model_v4.pdb	688	0.84113663	0.009488304
P49815	688	L	T		AF-P49815-F1-model_v4.pdb	688	0.824069	0.031297516
P49815	688	L	V		AF-P49815-F1-model_v4.pdb	688	0.9090811	0.033012174
P49815	688	L	W		AF-P49815-F1-model_v4.pdb	688	0.74198663	0.012984371
P49815	688	L	Y		AF-P49815-F1-model_v4.pdb	688	0.76657236	0.023032885
P49815	689	L	A		AF-P49815-F1-model_v4.pdb	689	0.91922015	0.01776339
P49815	689	L	C		AF-P49815-F1-model_v4.pdb	689	0.8668927	0.014976232
P49815	689	L	D		AF-P49815-F1-model_v4.pdb	689	0.70551807	0.041660484
P49815	689	L	E		AF-P49815-F1-model_v4.pdb	689	0.67687017	0.02320518
P49815	689	L	F		AF-P49815-F1-model_v4.pdb	689	0.88205945	0.022860559
P49815	689	L	G		AF-P49815-F1-model_v4.pdb	689	0.75037235	0.01372805
P49815	689	L	H		AF-P49815-F1-model_v4.pdb	689	0.6376623	0.010848105
P49815	689	L	I		AF-P49815-F1-model_v4.pdb	689	0.8857379	0.03489432
P49815	689	L	K		AF-P49815-F1-model_v4.pdb	689	0.62233776	0.025622273
P49815	689	L	M		AF-P49815-F1-model_v4.pdb	689	0.9507101	0.030697996
P49815	689	L	N		AF-P49815-F1-model_v4.pdb	689	0.6957623	0.04522744
P49815	689	L	P		AF-P49815-F1-model_v4.pdb	689	0.72855777	0.026223471
P49815	689	L	Q		AF-P49815-F1-model_v4.pdb	689	0.7093899	0.024115475
P49815	689	L	R		AF-P49815-F1-model_v4.pdb	689	0.61767423	0.02197599
P49815	689	L	S		AF-P49815-F1-model_v4.pdb	689	0.8737055	0.010539644
P49815	689	L	T		AF-P49815-F1-model_v4.pdb	689	0.8662385	0.036560826
P49815	689	L	V		AF-P49815-F1-model_v4.pdb	689	0.8831962	0.03671456
P49815	689	L	W		AF-P49815-F1-model_v4.pdb	689	0.77532864	0.024421707
P49815	689	L	Y		AF-P49815-F1-model_v4.pdb	689	0.75601584	0.039962
P49815	690	F	A		AF-P49815-F1-model_v4.pdb	690	0.89202374	0.028489474
P49815	690	F	C		AF-P49815-F1-model_v4.pdb	690	0.9355272	0.019950755
P49815	690	F	D		AF-P49815-F1-model_v4.pdb	690	0.7328808	0.04432134
P49815	690	F	E		AF-P49815-F1-model_v4.pdb	690	0.71232927	0.049902145
P49815	690	F	G		AF-P49815-F1-model_v4.pdb	690	0.82527673	0.033951614
P49815	690	F	H		AF-P49815-F1-model_v4.pdb	690	0.6489118	0.029092755
P49815	690	F	I		AF-P49815-F1-model_v4.pdb	690	0.89631194	0.029290948
P49815	690	F	K		AF-P49815-F1-model_v4.pdb	690	0.64010537	0.033826347
P49815	690	F	L		AF-P49815-F1-model_v4.pdb	690	0.93346816	0.010163243
P49815	690	F	M		AF-P49815-F1-model_v4.pdb	690	0.853979	0.01808171
P49815	690	F	N		AF-P49815-F1-model_v4.pdb	690	0.7011095	0.04553546
P49815	690	F	P		AF-P49815-F1-model_v4.pdb	690	0.8074571	0.013585004
P49815	690	F	R		AF-P49815-F1-model_v4.pdb	690	0.6412104	0.02739259
P49815	690	F	S		AF-P49815-F1-model_v4.pdb	690	0.85655147	0.03197749
P49815	690	F	T		AF-P49815-F1-model_v4.pdb	690	0.82017595	0.02405724
P49815	690	F	V		AF-P49815-F1-model_v4.pdb	690	0.9133695	0.016691992
P49815	690	F	W		AF-P49815-F1-model_v4.pdb	690	0.8353465	0.03325806
P49815	690	F	Y		AF-P49815-F1-model_v4.pdb	690	0.884302	0.022874797
P49815	691	R	A		AF-P49815-F1-model_v4.pdb	691	0.7967287	0.020707877
P49815	691	R	C		AF-P49815-F1-model_v4.pdb	691	0.9117457	0.011098085
P49815	691	R	D		AF-P49815-F1-model_v4.pdb	691	0.78440547	0.023917764
P49815	691	R	E		AF-P49815-F1-model_v4.pdb	691	0.7657024	0.021417698
P49815	691	R	F		AF-P49815-F1-model_v4.pdb	691	0.7662525	0.044979054
P49815	691	R	G		AF-P49815-F1-model_v4.pdb	691	0.9433349	0.016276158
P49815	691	R	H		AF-P49815-F1-model_v4.pdb	691	0.8778238	0.03762596
P49815	691	R	I		AF-P49815-F1-model_v4.pdb	691	0.7742666	0.028658845
P49815	691	R	K		AF-P49815-F1-model_v4.pdb	691	0.8367413	0.020489182
P49815	691	R	L		AF-P49815-F1-model_v4.pdb	691	0.80883664	0.022507746
P49815	691	R	M		AF-P49815-F1-model_v4.pdb	691	0.8031478	0.012267151
P49815	691	R	N		AF-P49815-F1-model_v4.pdb	691	0.79837906	0.025533313
P49815	691	R	P		AF-P49815-F1-model_v4.pdb	691	0.8414831	0.019950634
P49815	691	R	Q		AF-P49815-F1-model_v4.pdb	691	0.84026563	0.021289425
P49815	691	R	S		AF-P49815-F1-model_v4.pdb	691	0.9060463	0.026329624
P49815	691	R	T		AF-P49815-F1-model_v4.pdb	691	0.8850505	0.011944827
P49815	691	R	V		AF-P49815-F1-model_v4.pdb	691	0.8420412	0.022527527
P49815	691	R	W		AF-P49815-F1-model_v4.pdb	691	0.72394717	0.017325763
P49815	691	R	Y		AF-P49815-F1-model_v4.pdb	691	0.9034298	0.032971345
P49815	692	V	A		AF-P49815-F1-model_v4.pdb	692	0.9257904	0.032580663
P49815	692	V	C		AF-P49815-F1-model_v4.pdb	692	0.87058735	0.019486502
P49815	692	V	D		AF-P49815-F1-model_v4.pdb	692	0.66138756	0.03214022
P49815	692	V	E		AF-P49815-F1-model_v4.pdb	692	0.6107801	0.027956748
P49815	692	V	F		AF-P49815-F1-model_v4.pdb	692	0.89832973	0.011787386
P49815	692	V	G		AF-P49815-F1-model_v4.pdb	692	0.7411369	0.03928661
P49815	692	V	H		AF-P49815-F1-model_v4.pdb	692	0.6775431	0.020175032
P49815	692	V	I		AF-P49815-F1-model_v4.pdb	692	0.8841754	0.026210586
P49815	692	V	K		AF-P49815-F1-model_v4.pdb	692	0.60517627	0.03413279
P49815	692	V	M		AF-P49815-F1-model_v4.pdb	692	0.7458711	0.031569712
P49815	692	V	N		AF-P49815-F1-model_v4.pdb	692	0.70753396	0.034937963
P49815	692	V	P		AF-P49815-F1-model_v4.pdb	692	0.6997463	0.024761882
P49815	692	V	Q		AF-P49815-F1-model_v4.pdb	692	0.6772857	0.025572442
P49815	692	V	R		AF-P49815-F1-model_v4.pdb	692	0.5921172	0.036733195
P49815	692	V	S		AF-P49815-F1-model_v4.pdb	692	0.80312586	0.03340044
P49815	692	V	T		AF-P49815-F1-model_v4.pdb	692	0.7636795	0.030102083
P49815	692	V	W		AF-P49815-F1-model_v4.pdb	692	0.7769171	0.022396432
P49815	692	V	Y		AF-P49815-F1-model_v4.pdb	692	0.80163926	0.035174385
P49815	693	L	A		AF-P49815-F1-model_v4.pdb	693	0.81813556	0.02957034
P49815	693	L	C		AF-P49815-F1-model_v4.pdb	693	0.8328813	0.018802637
P49815	693	L	D		AF-P49815-F1-model_v4.pdb	693	0.62533295	0.029714104
P49815	693	L	E		AF-P49815-F1-model_v4.pdb	693	0.6399654	0.047543168
P49815	693	L	F		AF-P49815-F1-model_v4.pdb	693	0.78324306	0.034670167
P49815	693	L	G		AF-P49815-F1-model_v4.pdb	693	0.7013508	0.02956362
P49815	693	L	H		AF-P49815-F1-model_v4.pdb	693	0.56485856	0.034454063
P49815	693	L	I		AF-P49815-F1-model_v4.pdb	693	0.8710543	0.022144126
P49815	693	L	K		AF-P49815-F1-model_v4.pdb	693	0.5646345	0.024459282
P49815	693	L	M		AF-P49815-F1-model_v4.pdb	693	0.8756758	0.015903218
P49815	693	L	N		AF-P49815-F1-model_v4.pdb	693	0.6786222	0.042134173
P49815	693	L	P		AF-P49815-F1-model_v4.pdb	693	0.6212935	0.045427125
P49815	693	L	Q		AF-P49815-F1-model_v4.pdb	693	0.6169069	0.028663957
P49815	693	L	R		AF-P49815-F1-model_v4.pdb	693	0.4698616	0.03194227
P49815	693	L	S		AF-P49815-F1-model_v4.pdb	693	0.6907048	0.051946137
P49815	693	L	T		AF-P49815-F1-model_v4.pdb	693	0.7688098	0.031984348
P49815	693	L	V		AF-P49815-F1-model_v4.pdb	693	0.90385103	0.010805942
P49815	693	L	W		AF-P49815-F1-model_v4.pdb	693	0.61022836	0.010997321
P49815	693	L	Y		AF-P49815-F1-model_v4.pdb	693	0.73492247	0.02853919
P49815	694	L	A		AF-P49815-F1-model_v4.pdb	694	0.9458028	0.031868506
P49815	694	L	C		AF-P49815-F1-model_v4.pdb	694	0.93667334	0.018295404
P49815	694	L	D		AF-P49815-F1-model_v4.pdb	694	0.6746386	0.033379987
P49815	694	L	E		AF-P49815-F1-model_v4.pdb	694	0.7299105	0.037995208
P49815	694	L	F		AF-P49815-F1-model_v4.pdb	694	0.75825554	0.036506757
P49815	694	L	G		AF-P49815-F1-model_v4.pdb	694	0.7917564	0.046107937
P49815	694	L	H		AF-P49815-F1-model_v4.pdb	694	0.6359507	0.024373462
P49815	694	L	I		AF-P49815-F1-model_v4.pdb	694	0.88958704	0.023458555
P49815	694	L	K		AF-P49815-F1-model_v4.pdb	694	0.70607626	0.007664482
P49815	694	L	M		AF-P49815-F1-model_v4.pdb	694	0.8707549	0.013594265
P49815	694	L	N		AF-P49815-F1-model_v4.pdb	694	0.741955	0.031013543
P49815	694	L	P		AF-P49815-F1-model_v4.pdb	694	0.70253646	0.02577987
P49815	694	L	Q		AF-P49815-F1-model_v4.pdb	694	0.6637428	0.031230371
P49815	694	L	R		AF-P49815-F1-model_v4.pdb	694	0.6576875	0.029231355
P49815	694	L	S		AF-P49815-F1-model_v4.pdb	694	0.8335892	0.056868717
P49815	694	L	T		AF-P49815-F1-model_v4.pdb	694	0.79440206	0.05303414
P49815	694	L	V		AF-P49815-F1-model_v4.pdb	694	0.88998497	0.009941288
P49815	694	L	W		AF-P49815-F1-model_v4.pdb	694	0.6996311	0.029119454
P49815	694	L	Y		AF-P49815-F1-model_v4.pdb	694	0.6970132	0.023254625
P49815	695	Q	A		AF-P49815-F1-model_v4.pdb	695	0.8661121	0.019204408
P49815	695	Q	C		AF-P49815-F1-model_v4.pdb	695	0.8604388	0.0122933835
P49815	695	Q	D		AF-P49815-F1-model_v4.pdb	695	0.87351954	0.022681605
P49815	695	Q	E		AF-P49815-F1-model_v4.pdb	695	0.8519085	0.030133996
P49815	695	Q	F		AF-P49815-F1-model_v4.pdb	695	0.78218234	0.024224969
P49815	695	Q	G		AF-P49815-F1-model_v4.pdb	695	0.8660405	0.011694121
P49815	695	Q	H		AF-P49815-F1-model_v4.pdb	695	0.9222657	0.01774866
P49815	695	Q	I		AF-P49815-F1-model_v4.pdb	695	0.7514927	0.020400004
P49815	695	Q	K		AF-P49815-F1-model_v4.pdb	695	0.82935274	0.027315596
P49815	695	Q	L		AF-P49815-F1-model_v4.pdb	695	0.77728826	0.015874064
P49815	695	Q	M		AF-P49815-F1-model_v4.pdb	695	0.853357	0.04944967
P49815	695	Q	N		AF-P49815-F1-model_v4.pdb	695	0.84789926	0.020617044
P49815	695	Q	P		AF-P49815-F1-model_v4.pdb	695	0.8419573	0.0235196
P49815	695	Q	R		AF-P49815-F1-model_v4.pdb	695	0.71831167	0.019884681
P49815	695	Q	S		AF-P49815-F1-model_v4.pdb	695	0.9163332	0.022554856
P49815	695	Q	T		AF-P49815-F1-model_v4.pdb	695	0.9112223	0.010648834
P49815	695	Q	V		AF-P49815-F1-model_v4.pdb	695	0.8576331	0.023939475
P49815	695	Q	W		AF-P49815-F1-model_v4.pdb	695	0.769782	0.03624021
P49815	695	Q	Y		AF-P49815-F1-model_v4.pdb	695	0.8001235	0.01970167
P49815	696	C	A		AF-P49815-F1-model_v4.pdb	696	0.85840666	0.025196016
P49815	696	C	D		AF-P49815-F1-model_v4.pdb	696	0.6711517	0.051746536
P49815	696	C	E		AF-P49815-F1-model_v4.pdb	696	0.64444315	0.048661016
P49815	696	C	F		AF-P49815-F1-model_v4.pdb	696	0.812335	0.028531885
P49815	696	C	G		AF-P49815-F1-model_v4.pdb	696	0.77901495	0.0262056
P49815	696	C	H		AF-P49815-F1-model_v4.pdb	696	0.788368	0.042912513
P49815	696	C	I		AF-P49815-F1-model_v4.pdb	696	0.7769434	0.02154644
P49815	696	C	K		AF-P49815-F1-model_v4.pdb	696	0.6075064	0.010508607
P49815	696	C	L		AF-P49815-F1-model_v4.pdb	696	0.81070435	0.033608157
P49815	696	C	M		AF-P49815-F1-model_v4.pdb	696	0.83561456	0.016365523
P49815	696	C	N		AF-P49815-F1-model_v4.pdb	696	0.7301563	0.03175384
P49815	696	C	P		AF-P49815-F1-model_v4.pdb	696	0.732209	0.038307853
P49815	696	C	Q		AF-P49815-F1-model_v4.pdb	696	0.7885351	0.042083092
P49815	696	C	R		AF-P49815-F1-model_v4.pdb	696	0.5673493	0.028901014
P49815	696	C	S		AF-P49815-F1-model_v4.pdb	696	0.84383285	0.033970542
P49815	696	C	T		AF-P49815-F1-model_v4.pdb	696	0.82368195	0.04069069
P49815	696	C	V		AF-P49815-F1-model_v4.pdb	696	0.8783188	0.032415003
P49815	696	C	W		AF-P49815-F1-model_v4.pdb	696	0.7032625	0.029748121
P49815	696	C	Y		AF-P49815-F1-model_v4.pdb	696	0.73212826	0.027232714
P49815	697	L	A		AF-P49815-F1-model_v4.pdb	697	0.93528605	0.027594527
P49815	697	L	D		AF-P49815-F1-model_v4.pdb	697	0.65730816	0.052296788
P49815	697	L	E		AF-P49815-F1-model_v4.pdb	697	0.67083275	0.05051054
P49815	697	L	F		AF-P49815-F1-model_v4.pdb	697	0.84380466	0.024487458
P49815	697	L	G		AF-P49815-F1-model_v4.pdb	697	0.7487625	0.019791754
P49815	697	L	H		AF-P49815-F1-model_v4.pdb	697	0.72098887	0.046742465
P49815	697	L	I		AF-P49815-F1-model_v4.pdb	697	0.8805831	0.02294825
P49815	697	L	K		AF-P49815-F1-model_v4.pdb	697	0.62548107	0.042187527
P49815	697	L	M		AF-P49815-F1-model_v4.pdb	697	0.8772141	0.01823135
P49815	697	L	N		AF-P49815-F1-model_v4.pdb	697	0.6867258	0.04543302
P49815	697	L	P		AF-P49815-F1-model_v4.pdb	697	0.6847105	0.01988872
P49815	697	L	Q		AF-P49815-F1-model_v4.pdb	697	0.7444768	0.028634273
P49815	697	L	R		AF-P49815-F1-model_v4.pdb	697	0.6686367	0.048157357
P49815	697	L	T		AF-P49815-F1-model_v4.pdb	697	0.86885786	0.03329047
P49815	697	L	V		AF-P49815-F1-model_v4.pdb	697	0.85116816	0.017517524
P49815	697	L	W		AF-P49815-F1-model_v4.pdb	697	0.74703395	0.028577046
P49815	697	L	Y		AF-P49815-F1-model_v4.pdb	697	0.81071246	0.021743553
P49815	698	K	A		AF-P49815-F1-model_v4.pdb	698	0.9044097	0.026833808
P49815	698	K	C		AF-P49815-F1-model_v4.pdb	698	0.9338268	0.033895995
P49815	698	K	D		AF-P49815-F1-model_v4.pdb	698	0.82976186	0.037754975
P49815	698	K	E		AF-P49815-F1-model_v4.pdb	698	0.76753986	0.019823592
P49815	698	K	F		AF-P49815-F1-model_v4.pdb	698	0.811499	0.023302874
P49815	698	K	G		AF-P49815-F1-model_v4.pdb	698	0.8892603	0.030228252
P49815	698	K	H		AF-P49815-F1-model_v4.pdb	698	0.8259196	0.020303208
P49815	698	K	I		AF-P49815-F1-model_v4.pdb	698	0.81353664	0.011714099
P49815	698	K	L		AF-P49815-F1-model_v4.pdb	698	0.78916633	0.026066815
P49815	698	K	M		AF-P49815-F1-model_v4.pdb	698	0.80525243	0.02693716
P49815	698	K	N		AF-P49815-F1-model_v4.pdb	698	0.7599538	0.03391914
P49815	698	K	P		AF-P49815-F1-model_v4.pdb	698	0.79679567	0.013271142
P49815	698	K	R		AF-P49815-F1-model_v4.pdb	698	0.81485903	0.05280426
P49815	698	K	S		AF-P49815-F1-model_v4.pdb	698	0.8785774	0.040661495
P49815	698	K	T		AF-P49815-F1-model_v4.pdb	698	0.8584768	0.02912705
P49815	698	K	V		AF-P49815-F1-model_v4.pdb	698	0.86299515	0.018635932
P49815	698	K	W		AF-P49815-F1-model_v4.pdb	698	0.7607225	0.021331593
P49815	698	K	Y		AF-P49815-F1-model_v4.pdb	698	0.8768856	0.013863643
P49815	699	Q	A		AF-P49815-F1-model_v4.pdb	699	0.94327295	0.024543162
P49815	699	Q	C		AF-P49815-F1-model_v4.pdb	699	0.8846553	0.010439009
P49815	699	Q	D		AF-P49815-F1-model_v4.pdb	699	0.898719	0.027527401
P49815	699	Q	E		AF-P49815-F1-model_v4.pdb	699	0.92402667	0.045335777
P49815	699	Q	F		AF-P49815-F1-model_v4.pdb	699	0.85268134	0.02524122
P49815	699	Q	G		AF-P49815-F1-model_v4.pdb	699	0.9496919	0.019803088
P49815	699	Q	H		AF-P49815-F1-model_v4.pdb	699	0.9909581	0.03546563
P49815	699	Q	I		AF-P49815-F1-model_v4.pdb	699	0.83155966	0.013333944
P49815	699	Q	K		AF-P49815-F1-model_v4.pdb	699	0.86220914	0.040837884
P49815	699	Q	L		AF-P49815-F1-model_v4.pdb	699	0.7405637	0.037352636
P49815	699	Q	M		AF-P49815-F1-model_v4.pdb	699	0.8976639	0.04048741
P49815	699	Q	N		AF-P49815-F1-model_v4.pdb	699	0.9971692	0.030985711
P49815	699	Q	P		AF-P49815-F1-model_v4.pdb	699	0.7729336	0.017209493
P49815	699	Q	R		AF-P49815-F1-model_v4.pdb	699	0.89479434	0.033794276
P49815	699	Q	T		AF-P49815-F1-model_v4.pdb	699	0.9729806	0.02474916
P49815	699	Q	V		AF-P49815-F1-model_v4.pdb	699	0.85634756	0.029428545
P49815	699	Q	W		AF-P49815-F1-model_v4.pdb	699	0.8792402	0.00750212
P49815	699	Q	Y		AF-P49815-F1-model_v4.pdb	699	0.8970402	0.02443817
P49815	700	E	A		AF-P49815-F1-model_v4.pdb	700	0.85215807	0.016094184
P49815	700	E	C		AF-P49815-F1-model_v4.pdb	700	0.8700641	0.015875168
P49815	700	E	D		AF-P49815-F1-model_v4.pdb	700	0.8468669	0.011053628
P49815	700	E	F		AF-P49815-F1-model_v4.pdb	700	0.7185872	0.025264023
P49815	700	E	G		AF-P49815-F1-model_v4.pdb	700	0.7735883	0.0070081125
P49815	700	E	H		AF-P49815-F1-model_v4.pdb	700	0.8640463	0.02171591
P49815	700	E	I		AF-P49815-F1-model_v4.pdb	700	0.7928937	0.018160922
P49815	700	E	K		AF-P49815-F1-model_v4.pdb	700	0.83347607	0.037323844
P49815	700	E	L		AF-P49815-F1-model_v4.pdb	700	0.77443814	0.020562561
P49815	700	E	M		AF-P49815-F1-model_v4.pdb	700	0.79087263	0.023209203
P49815	700	E	N		AF-P49815-F1-model_v4.pdb	700	0.85928726	0.016965058
P49815	700	E	P		AF-P49815-F1-model_v4.pdb	700	0.70585954	0.01886139
P49815	700	E	Q		AF-P49815-F1-model_v4.pdb	700	0.9379978	0.0039131106
P49815	700	E	R		AF-P49815-F1-model_v4.pdb	700	0.79751706	0.009335013
P49815	700	E	S		AF-P49815-F1-model_v4.pdb	700	0.85242844	0.012513491
P49815	700	E	T		AF-P49815-F1-model_v4.pdb	700	0.8400656	0.019068219
P49815	700	E	V		AF-P49815-F1-model_v4.pdb	700	0.8452797	0.030620601
P49815	700	E	W		AF-P49815-F1-model_v4.pdb	700	0.75151104	0.02171231
P49815	700	E	Y		AF-P49815-F1-model_v4.pdb	700	0.7428275	0.027659005
P49815	701	S	A		AF-P49815-F1-model_v4.pdb	701	0.9149578	0.034226656
P49815	701	S	C		AF-P49815-F1-model_v4.pdb	701	0.86510867	0.036461227
P49815	701	S	D		AF-P49815-F1-model_v4.pdb	701	0.92740166	0.009316997
P49815	701	S	E		AF-P49815-F1-model_v4.pdb	701	0.856806	0.029731184
P49815	701	S	F		AF-P49815-F1-model_v4.pdb	701	0.91560686	0.03154911
P49815	701	S	G		AF-P49815-F1-model_v4.pdb	701	0.87510127	0.017093103
P49815	701	S	H		AF-P49815-F1-model_v4.pdb	701	0.9256693	0.027615542
P49815	701	S	I		AF-P49815-F1-model_v4.pdb	701	0.78854215	0.031057268
P49815	701	S	K		AF-P49815-F1-model_v4.pdb	701	0.81314373	0.028866256
P49815	701	S	L		AF-P49815-F1-model_v4.pdb	701	0.84742963	0.029602382
P49815	701	S	M		AF-P49815-F1-model_v4.pdb	701	0.87113583	0.03512227
P49815	701	S	N		AF-P49815-F1-model_v4.pdb	701	0.860325	0.023692166
P49815	701	S	P		AF-P49815-F1-model_v4.pdb	701	0.87049884	0.022146713
P49815	701	S	Q		AF-P49815-F1-model_v4.pdb	701	0.8513373	0.03233199
P49815	701	S	R		AF-P49815-F1-model_v4.pdb	701	0.88426733	0.030223174
P49815	701	S	T		AF-P49815-F1-model_v4.pdb	701	0.84330004	0.029281378
P49815	701	S	V		AF-P49815-F1-model_v4.pdb	701	0.83711755	0.022282343
P49815	701	S	W		AF-P49815-F1-model_v4.pdb	701	0.8324405	0.010157388
P49815	701	S	Y		AF-P49815-F1-model_v4.pdb	701	0.9927767	0.027047137
P49815	702	D	A		AF-P49815-F1-model_v4.pdb	702	0.8996736	0.02298437
P49815	702	D	C		AF-P49815-F1-model_v4.pdb	702	0.90797853	0.021576298
P49815	702	D	E		AF-P49815-F1-model_v4.pdb	702	0.9527995	0.029597783
P49815	702	D	F		AF-P49815-F1-model_v4.pdb	702	0.7565587	0.033037785
P49815	702	D	G		AF-P49815-F1-model_v4.pdb	702	0.78960454	0.022269059
P49815	702	D	H		AF-P49815-F1-model_v4.pdb	702	0.8111307	0.014574058
P49815	702	D	I		AF-P49815-F1-model_v4.pdb	702	0.73520464	0.021284962
P49815	702	D	K		AF-P49815-F1-model_v4.pdb	702	0.87422657	0.015809627
P49815	702	D	L		AF-P49815-F1-model_v4.pdb	702	0.7749824	0.010519598
P49815	702	D	M		AF-P49815-F1-model_v4.pdb	702	0.8414386	0.01647665
P49815	702	D	N		AF-P49815-F1-model_v4.pdb	702	0.82893217	0.018896792
P49815	702	D	P		AF-P49815-F1-model_v4.pdb	702	0.7120787	0.01759547
P49815	702	D	Q		AF-P49815-F1-model_v4.pdb	702	0.81187314	0.017490545
P49815	702	D	S		AF-P49815-F1-model_v4.pdb	702	0.88989145	0.028836979
P49815	702	D	T		AF-P49815-F1-model_v4.pdb	702	0.8746274	0.03304165
P49815	702	D	V		AF-P49815-F1-model_v4.pdb	702	0.8031143	0.010755955
P49815	702	D	W		AF-P49815-F1-model_v4.pdb	702	0.6983751	0.036883954
P49815	702	D	Y		AF-P49815-F1-model_v4.pdb	702	0.77378225	0.045065414
P49815	703	W	A		AF-P49815-F1-model_v4.pdb	703	0.86997616	0.014600334
P49815	703	W	C		AF-P49815-F1-model_v4.pdb	703	0.8489232	0.022347702
P49815	703	W	D		AF-P49815-F1-model_v4.pdb	703	0.9379484	0.027499842
P49815	703	W	E		AF-P49815-F1-model_v4.pdb	703	0.8970353	0.028438052
P49815	703	W	F		AF-P49815-F1-model_v4.pdb	703	0.9187395	0.027970329
P49815	703	W	G		AF-P49815-F1-model_v4.pdb	703	0.73478085	0.02513587
P49815	703	W	H		AF-P49815-F1-model_v4.pdb	703	0.91316926	0.026767567
P49815	703	W	I		AF-P49815-F1-model_v4.pdb	703	0.8320235	0.017292695
P49815	703	W	K		AF-P49815-F1-model_v4.pdb	703	0.79164886	0.033756215
P49815	703	W	L		AF-P49815-F1-model_v4.pdb	703	0.8060767	0.012872364
P49815	703	W	M		AF-P49815-F1-model_v4.pdb	703	0.8208746	0.008315564
P49815	703	W	N		AF-P49815-F1-model_v4.pdb	703	0.86533433	0.03153984
P49815	703	W	P		AF-P49815-F1-model_v4.pdb	703	0.81312066	0.018631125
P49815	703	W	Q		AF-P49815-F1-model_v4.pdb	703	0.920679	0.024019202
P49815	703	W	R		AF-P49815-F1-model_v4.pdb	703	0.7659467	0.037159406
P49815	703	W	S		AF-P49815-F1-model_v4.pdb	703	0.8087781	0.020684045
P49815	703	W	T		AF-P49815-F1-model_v4.pdb	703	0.9067024	0.021788433
P49815	703	W	V		AF-P49815-F1-model_v4.pdb	703	0.8143009	0.017343402
P49815	703	W	Y		AF-P49815-F1-model_v4.pdb	703	0.8426298	0.031104462
P49815	704	K	A		AF-P49815-F1-model_v4.pdb	704	0.9103904	0.027150128
P49815	704	K	C		AF-P49815-F1-model_v4.pdb	704	0.91105366	0.016620152
P49815	704	K	D		AF-P49815-F1-model_v4.pdb	704	0.9371928	0.023495134
P49815	704	K	E		AF-P49815-F1-model_v4.pdb	704	0.84954184	0.01685722
P49815	704	K	F		AF-P49815-F1-model_v4.pdb	704	0.8096636	0.022501856
P49815	704	K	G		AF-P49815-F1-model_v4.pdb	704	0.86953974	0.016034946
P49815	704	K	H		AF-P49815-F1-model_v4.pdb	704	0.84469193	0.01761993
P49815	704	K	L		AF-P49815-F1-model_v4.pdb	704	0.77275115	0.022308959
P49815	704	K	M		AF-P49815-F1-model_v4.pdb	704	0.80266845	0.01601692
P49815	704	K	N		AF-P49815-F1-model_v4.pdb	704	0.77638626	0.013963803
P49815	704	K	P		AF-P49815-F1-model_v4.pdb	704	0.79417646	0.031454477
P49815	704	K	Q		AF-P49815-F1-model_v4.pdb	704	0.77817625	0.017222771
P49815	704	K	R		AF-P49815-F1-model_v4.pdb	704	0.8817217	0.019814264
P49815	704	K	S		AF-P49815-F1-model_v4.pdb	704	0.897511	0.010987859
P49815	704	K	T		AF-P49815-F1-model_v4.pdb	704	0.94647914	0.023869852
P49815	704	K	V		AF-P49815-F1-model_v4.pdb	704	0.86607695	0.01807847
P49815	704	K	W		AF-P49815-F1-model_v4.pdb	704	0.84685147	0.022721667
P49815	704	K	Y		AF-P49815-F1-model_v4.pdb	704	0.81677294	0.016066149
P49815	705	V	A		AF-P49815-F1-model_v4.pdb	705	0.7634145	0.016462957
P49815	705	V	C		AF-P49815-F1-model_v4.pdb	705	0.86059415	0.012487202
P49815	705	V	D		AF-P49815-F1-model_v4.pdb	705	0.5752491	0.04322722
P49815	705	V	E		AF-P49815-F1-model_v4.pdb	705	0.5220411	0.027897157
P49815	705	V	F		AF-P49815-F1-model_v4.pdb	705	0.7734031	0.020586388
P49815	705	V	G		AF-P49815-F1-model_v4.pdb	705	0.61292374	0.051953476
P49815	705	V	H		AF-P49815-F1-model_v4.pdb	705	0.6362306	0.029608816
P49815	705	V	I		AF-P49815-F1-model_v4.pdb	705	0.85175	0.028307194
P49815	705	V	K		AF-P49815-F1-model_v4.pdb	705	0.56473386	0.05615396
P49815	705	V	L		AF-P49815-F1-model_v4.pdb	705	0.84521437	0.030558044
P49815	705	V	M		AF-P49815-F1-model_v4.pdb	705	0.70231736	0.025277713
P49815	705	V	P		AF-P49815-F1-model_v4.pdb	705	0.6151057	0.038224064
P49815	705	V	Q		AF-P49815-F1-model_v4.pdb	705	0.5993932	0.039764497
P49815	705	V	R		AF-P49815-F1-model_v4.pdb	705	0.5119024	0.013720746
P49815	705	V	T		AF-P49815-F1-model_v4.pdb	705	0.78255093	0.034696274
P49815	705	V	W		AF-P49815-F1-model_v4.pdb	705	0.76510614	0.02760094
P49815	705	V	Y		AF-P49815-F1-model_v4.pdb	705	0.6314291	0.039670195
P49815	706	L	A		AF-P49815-F1-model_v4.pdb	706	0.7699542	0.020171313
P49815	706	L	C		AF-P49815-F1-model_v4.pdb	706	0.8105839	0.013786771
P49815	706	L	D		AF-P49815-F1-model_v4.pdb	706	0.6435603	0.034504514
P49815	706	L	E		AF-P49815-F1-model_v4.pdb	706	0.7023357	0.013802606
P49815	706	L	F		AF-P49815-F1-model_v4.pdb	706	0.66202277	0.017838737
P49815	706	L	G		AF-P49815-F1-model_v4.pdb	706	0.7016223	0.021237602
P49815	706	L	H		AF-P49815-F1-model_v4.pdb	706	0.6290162	0.030068811
P49815	706	L	I		AF-P49815-F1-model_v4.pdb	706	0.79513323	0.018939832
P49815	706	L	K		AF-P49815-F1-model_v4.pdb	706	0.6873907	0.04058905
P49815	706	L	M		AF-P49815-F1-model_v4.pdb	706	0.9004852	0.02577043
P49815	706	L	N		AF-P49815-F1-model_v4.pdb	706	0.6003723	0.020748952
P49815	706	L	P		AF-P49815-F1-model_v4.pdb	706	0.5991305	0.017060447
P49815	706	L	Q		AF-P49815-F1-model_v4.pdb	706	0.67728037	0.028028429
P49815	706	L	R		AF-P49815-F1-model_v4.pdb	706	0.7302468	0.015743852
P49815	706	L	S		AF-P49815-F1-model_v4.pdb	706	0.7308837	0.023767097
P49815	706	L	T		AF-P49815-F1-model_v4.pdb	706	0.7843299	0.03372523
P49815	706	L	V		AF-P49815-F1-model_v4.pdb	706	0.9087017	0.013815729
P49815	706	L	W		AF-P49815-F1-model_v4.pdb	706	0.68968767	0.038319647
P49815	706	L	Y		AF-P49815-F1-model_v4.pdb	706	0.5800427	0.011356151
P49815	707	K	A		AF-P49815-F1-model_v4.pdb	707	0.8561943	0.018478477
P49815	707	K	C		AF-P49815-F1-model_v4.pdb	707	0.8494846	0.019280134
P49815	707	K	D		AF-P49815-F1-model_v4.pdb	707	0.7495061	0.028485565
P49815	707	K	E		AF-P49815-F1-model_v4.pdb	707	0.84118354	0.023387404
P49815	707	K	F		AF-P49815-F1-model_v4.pdb	707	0.7494153	0.029569646
P49815	707	K	G		AF-P49815-F1-model_v4.pdb	707	0.89494526	0.016999051
P49815	707	K	H		AF-P49815-F1-model_v4.pdb	707	0.7465333	0.020915287
P49815	707	K	I		AF-P49815-F1-model_v4.pdb	707	0.56716824	0.030303318
P49815	707	K	L		AF-P49815-F1-model_v4.pdb	707	0.7562991	0.019166742
P49815	707	K	M		AF-P49815-F1-model_v4.pdb	707	0.79502666	0.03514629
P49815	707	K	N		AF-P49815-F1-model_v4.pdb	707	0.73315245	0.012485526
P49815	707	K	P		AF-P49815-F1-model_v4.pdb	707	0.6943847	0.021257576
P49815	707	K	Q		AF-P49815-F1-model_v4.pdb	707	0.77500725	0.023373261
P49815	707	K	R		AF-P49815-F1-model_v4.pdb	707	0.86311376	0.029912932
P49815	707	K	S		AF-P49815-F1-model_v4.pdb	707	0.861204	0.0077631017
P49815	707	K	T		AF-P49815-F1-model_v4.pdb	707	0.7925784	0.014265462
P49815	707	K	V		AF-P49815-F1-model_v4.pdb	707	0.82722485	0.036697503
P49815	707	K	W		AF-P49815-F1-model_v4.pdb	707	0.7287316	0.023915892
P49815	707	K	Y		AF-P49815-F1-model_v4.pdb	707	0.73040265	0.029513212
P49815	708	L	A		AF-P49815-F1-model_v4.pdb	708	0.9100151	0.006895542
P49815	708	L	C		AF-P49815-F1-model_v4.pdb	708	0.87399596	0.025545098
P49815	708	L	D		AF-P49815-F1-model_v4.pdb	708	0.7065547	0.04660477
P49815	708	L	E		AF-P49815-F1-model_v4.pdb	708	0.82976407	0.035062972
P49815	708	L	F		AF-P49815-F1-model_v4.pdb	708	0.76015466	0.04006003
P49815	708	L	G		AF-P49815-F1-model_v4.pdb	708	0.73038816	0.042370707
P49815	708	L	I		AF-P49815-F1-model_v4.pdb	708	0.9173616	0.02530852
P49815	708	L	K		AF-P49815-F1-model_v4.pdb	708	0.6717926	0.027239177
P49815	708	L	M		AF-P49815-F1-model_v4.pdb	708	0.8400949	0.016846102
P49815	708	L	N		AF-P49815-F1-model_v4.pdb	708	0.6795579	0.039496668
P49815	708	L	P		AF-P49815-F1-model_v4.pdb	708	0.6427018	0.04228545
P49815	708	L	Q		AF-P49815-F1-model_v4.pdb	708	0.7845534	0.033203647
P49815	708	L	R		AF-P49815-F1-model_v4.pdb	708	0.70487434	0.024865258
P49815	708	L	T		AF-P49815-F1-model_v4.pdb	708	0.8852738	0.039007127
P49815	708	L	V		AF-P49815-F1-model_v4.pdb	708	0.8844436	0.020876512
P49815	708	L	W		AF-P49815-F1-model_v4.pdb	708	0.72839767	0.05518651
P49815	708	L	Y		AF-P49815-F1-model_v4.pdb	708	0.7305241	0.049853023
P49815	709	V	A		AF-P49815-F1-model_v4.pdb	709	0.8771331	0.0249242
P49815	709	V	C		AF-P49815-F1-model_v4.pdb	709	0.92348844	0.022008272
P49815	709	V	D		AF-P49815-F1-model_v4.pdb	709	0.65162355	0.039412916
P49815	709	V	E		AF-P49815-F1-model_v4.pdb	709	0.5691272	0.027211914
P49815	709	V	F		AF-P49815-F1-model_v4.pdb	709	0.7129491	0.0186357
P49815	709	V	G		AF-P49815-F1-model_v4.pdb	709	0.6131232	0.034869116
P49815	709	V	H		AF-P49815-F1-model_v4.pdb	709	0.63493574	0.017750498
P49815	709	V	I		AF-P49815-F1-model_v4.pdb	709	0.89146745	0.022731023
P49815	709	V	K		AF-P49815-F1-model_v4.pdb	709	0.6776232	0.02856636
P49815	709	V	L		AF-P49815-F1-model_v4.pdb	709	0.9599307	0.022416022
P49815	709	V	M		AF-P49815-F1-model_v4.pdb	709	0.8635348	0.0226419
P49815	709	V	N		AF-P49815-F1-model_v4.pdb	709	0.6856404	0.040193442
P49815	709	V	P		AF-P49815-F1-model_v4.pdb	709	0.6574944	0.03492511
P49815	709	V	Q		AF-P49815-F1-model_v4.pdb	709	0.7195386	0.03217221
P49815	709	V	R		AF-P49815-F1-model_v4.pdb	709	0.5234996	0.027500799
P49815	709	V	S		AF-P49815-F1-model_v4.pdb	709	0.7287357	0.03142704
P49815	709	V	T		AF-P49815-F1-model_v4.pdb	709	0.81843185	0.026477363
P49815	709	V	W		AF-P49815-F1-model_v4.pdb	709	0.71451056	0.02559712
P49815	709	V	Y		AF-P49815-F1-model_v4.pdb	709	0.66223586	0.056745548
P49815	710	L	A		AF-P49815-F1-model_v4.pdb	710	0.87350065	0.025223546
P49815	710	L	C		AF-P49815-F1-model_v4.pdb	710	0.9114458	0.026077544
P49815	710	L	D		AF-P49815-F1-model_v4.pdb	710	0.6033164	0.04561168
P49815	710	L	E		AF-P49815-F1-model_v4.pdb	710	0.6307044	0.03383768
P49815	710	L	F		AF-P49815-F1-model_v4.pdb	710	0.7984319	0.019331887
P49815	710	L	G		AF-P49815-F1-model_v4.pdb	710	0.6404327	0.025818612
P49815	710	L	H		AF-P49815-F1-model_v4.pdb	710	0.6360307	0.025583517
P49815	710	L	I		AF-P49815-F1-model_v4.pdb	710	0.84099597	0.028352957
P49815	710	L	K		AF-P49815-F1-model_v4.pdb	710	0.62521666	0.03857166
P49815	710	L	M		AF-P49815-F1-model_v4.pdb	710	0.91583073	0.022816835
P49815	710	L	N		AF-P49815-F1-model_v4.pdb	710	0.6441692	0.024571905
P49815	710	L	P		AF-P49815-F1-model_v4.pdb	710	0.59783316	0.017104138
P49815	710	L	Q		AF-P49815-F1-model_v4.pdb	710	0.624851	0.019277016
P49815	710	L	R		AF-P49815-F1-model_v4.pdb	710	0.5196303	0.025085384
P49815	710	L	S		AF-P49815-F1-model_v4.pdb	710	0.7322285	0.03135354
P49815	710	L	T		AF-P49815-F1-model_v4.pdb	710	0.80153716	0.04006792
P49815	710	L	V		AF-P49815-F1-model_v4.pdb	710	0.8374182	0.015674345
P49815	710	L	W		AF-P49815-F1-model_v4.pdb	710	0.79111254	0.050846018
P49815	710	L	Y		AF-P49815-F1-model_v4.pdb	710	0.690652	0.03220497
P49815	711	G	A		AF-P49815-F1-model_v4.pdb	711	0.924366	0.018519416
P49815	711	G	C		AF-P49815-F1-model_v4.pdb	711	0.8759037	0.030446466
P49815	711	G	D		AF-P49815-F1-model_v4.pdb	711	0.89942425	0.029236812
P49815	711	G	E		AF-P49815-F1-model_v4.pdb	711	0.90566605	0.018429585
P49815	711	G	F		AF-P49815-F1-model_v4.pdb	711	0.84827244	0.035519876
P49815	711	G	H		AF-P49815-F1-model_v4.pdb	711	0.92331713	0.010756308
P49815	711	G	I		AF-P49815-F1-model_v4.pdb	711	0.8752227	0.02379728
P49815	711	G	K		AF-P49815-F1-model_v4.pdb	711	0.8154356	0.03963069
P49815	711	G	L		AF-P49815-F1-model_v4.pdb	711	0.87089396	0.03786533
P49815	711	G	M		AF-P49815-F1-model_v4.pdb	711	0.83166057	0.012826376
P49815	711	G	N		AF-P49815-F1-model_v4.pdb	711	0.85935193	0.026198441
P49815	711	G	P		AF-P49815-F1-model_v4.pdb	711	0.84301966	0.029908506
P49815	711	G	Q		AF-P49815-F1-model_v4.pdb	711	0.9436928	0.02471046
P49815	711	G	R		AF-P49815-F1-model_v4.pdb	711	0.8699559	0.012273909
P49815	711	G	S		AF-P49815-F1-model_v4.pdb	711	0.8661129	0.06202592
P49815	711	G	T		AF-P49815-F1-model_v4.pdb	711	0.9121796	0.03535923
P49815	711	G	V		AF-P49815-F1-model_v4.pdb	711	0.9037296	0.03560362
P49815	711	G	W		AF-P49815-F1-model_v4.pdb	711	0.9258587	0.038349997
P49815	711	G	Y		AF-P49815-F1-model_v4.pdb	711	0.88175964	0.031248655
P49815	712	R	A		AF-P49815-F1-model_v4.pdb	712	0.890526	0.023207147
P49815	712	R	C		AF-P49815-F1-model_v4.pdb	712	0.9032671	0.022061039
P49815	712	R	D		AF-P49815-F1-model_v4.pdb	712	0.93340236	0.015776934
P49815	712	R	E		AF-P49815-F1-model_v4.pdb	712	0.845765	0.012682607
P49815	712	R	F		AF-P49815-F1-model_v4.pdb	712	0.8076663	0.029474728
P49815	712	R	G		AF-P49815-F1-model_v4.pdb	712	0.82420206	0.032898955
P49815	712	R	H		AF-P49815-F1-model_v4.pdb	712	0.88463956	0.014381836
P49815	712	R	I		AF-P49815-F1-model_v4.pdb	712	0.78280914	0.02116544
P49815	712	R	K		AF-P49815-F1-model_v4.pdb	712	0.7277432	0.06918069
P49815	712	R	L		AF-P49815-F1-model_v4.pdb	712	0.80788755	0.021566141
P49815	712	R	M		AF-P49815-F1-model_v4.pdb	712	0.80910987	0.02650181
P49815	712	R	N		AF-P49815-F1-model_v4.pdb	712	0.9569484	0.020646434
P49815	712	R	P		AF-P49815-F1-model_v4.pdb	712	0.7715475	0.02361444
P49815	712	R	Q		AF-P49815-F1-model_v4.pdb	712	0.8273064	0.018353006
P49815	712	R	S		AF-P49815-F1-model_v4.pdb	712	0.9079674	0.019810898
P49815	712	R	T		AF-P49815-F1-model_v4.pdb	712	0.82166845	0.033975545
P49815	712	R	V		AF-P49815-F1-model_v4.pdb	712	0.8575026	0.015974537
P49815	712	R	W		AF-P49815-F1-model_v4.pdb	712	0.83298606	0.028630463
P49815	712	R	Y		AF-P49815-F1-model_v4.pdb	712	0.8643783	0.014951905
P49815	713	L	A		AF-P49815-F1-model_v4.pdb	713	0.9476695	0.031306714
P49815	713	L	C		AF-P49815-F1-model_v4.pdb	713	0.91544896	0.03759758
P49815	713	L	E		AF-P49815-F1-model_v4.pdb	713	0.76265424	0.03445547
P49815	713	L	F		AF-P49815-F1-model_v4.pdb	713	0.82389927	0.040959273
P49815	713	L	G		AF-P49815-F1-model_v4.pdb	713	0.7724567	0.026648462
P49815	713	L	H		AF-P49815-F1-model_v4.pdb	713	0.7439349	0.03386451
P49815	713	L	I		AF-P49815-F1-model_v4.pdb	713	0.91455716	0.02329338
P49815	713	L	K		AF-P49815-F1-model_v4.pdb	713	0.75132406	0.025164636
P49815	713	L	M		AF-P49815-F1-model_v4.pdb	713	0.9299555	0.026301939
P49815	713	L	N		AF-P49815-F1-model_v4.pdb	713	0.7912952	0.046999793
P49815	713	L	P		AF-P49815-F1-model_v4.pdb	713	0.72623897	0.033600595
P49815	713	L	Q		AF-P49815-F1-model_v4.pdb	713	0.800224	0.04193246
P49815	713	L	R		AF-P49815-F1-model_v4.pdb	713	0.68489635	0.022991834
P49815	713	L	S		AF-P49815-F1-model_v4.pdb	713	0.8489364	0.028756686
P49815	713	L	T		AF-P49815-F1-model_v4.pdb	713	0.8626254	0.0203174
P49815	713	L	V		AF-P49815-F1-model_v4.pdb	713	0.8972882	0.021797296
P49815	713	L	W		AF-P49815-F1-model_v4.pdb	713	0.8112526	0.03274506
P49815	713	L	Y		AF-P49815-F1-model_v4.pdb	713	0.69296014	0.0289886
P49815	714	P	A		AF-P49815-F1-model_v4.pdb	714	0.8927366	0.036074355
P49815	714	P	C		AF-P49815-F1-model_v4.pdb	714	0.854545	0.035258528
P49815	714	P	D		AF-P49815-F1-model_v4.pdb	714	0.950534	0.017566485
P49815	714	P	E		AF-P49815-F1-model_v4.pdb	714	0.86899775	0.02334693
P49815	714	P	F		AF-P49815-F1-model_v4.pdb	714	0.8413499	0.05047395
P49815	714	P	G		AF-P49815-F1-model_v4.pdb	714	0.82835263	0.0148637695
P49815	714	P	H		AF-P49815-F1-model_v4.pdb	714	1.0107996	0.03927093
P49815	714	P	I		AF-P49815-F1-model_v4.pdb	714	0.80574524	0.041476127
P49815	714	P	K		AF-P49815-F1-model_v4.pdb	714	0.8213314	0.038664296
P49815	714	P	L		AF-P49815-F1-model_v4.pdb	714	0.8827745	0.029969143
P49815	714	P	M		AF-P49815-F1-model_v4.pdb	714	0.88947326	0.03660292
P49815	714	P	N		AF-P49815-F1-model_v4.pdb	714	0.92562467	0.0285906
P49815	714	P	Q		AF-P49815-F1-model_v4.pdb	714	0.86292887	0.047563236
P49815	714	P	R		AF-P49815-F1-model_v4.pdb	714	0.8097073	0.03105046
P49815	714	P	S		AF-P49815-F1-model_v4.pdb	714	0.9588295	0.027911272
P49815	714	P	T		AF-P49815-F1-model_v4.pdb	714	0.9335309	0.03611587
P49815	714	P	V		AF-P49815-F1-model_v4.pdb	714	0.8264182	0.031901073
P49815	714	P	W		AF-P49815-F1-model_v4.pdb	714	0.9101734	0.046194766
P49815	714	P	Y		AF-P49815-F1-model_v4.pdb	714	0.89077646	0.026327712
P49815	715	E	A		AF-P49815-F1-model_v4.pdb	715	0.8944128	0.029797358
P49815	715	E	C		AF-P49815-F1-model_v4.pdb	715	0.86395854	0.047551274
P49815	715	E	D		AF-P49815-F1-model_v4.pdb	715	0.9035412	0.02802427
P49815	715	E	F		AF-P49815-F1-model_v4.pdb	715	0.74037	0.035252348
P49815	715	E	G		AF-P49815-F1-model_v4.pdb	715	0.84667194	0.017829165
P49815	715	E	H		AF-P49815-F1-model_v4.pdb	715	0.8400094	0.015228119
P49815	715	E	I		AF-P49815-F1-model_v4.pdb	715	0.76212376	0.023213813
P49815	715	E	K		AF-P49815-F1-model_v4.pdb	715	0.8460264	0.014379485
P49815	715	E	L		AF-P49815-F1-model_v4.pdb	715	0.8019595	0.021604868
P49815	715	E	M		AF-P49815-F1-model_v4.pdb	715	0.77186626	0.02198192
P49815	715	E	N		AF-P49815-F1-model_v4.pdb	715	0.7339427	0.03359969
P49815	715	E	P		AF-P49815-F1-model_v4.pdb	715	0.8413083	0.023219746
P49815	715	E	Q		AF-P49815-F1-model_v4.pdb	715	0.7957044	0.02781857
P49815	715	E	R		AF-P49815-F1-model_v4.pdb	715	0.7892631	0.01755643
P49815	715	E	S		AF-P49815-F1-model_v4.pdb	715	0.8313302	0.018828277
P49815	715	E	T		AF-P49815-F1-model_v4.pdb	715	0.87884045	0.017818147
P49815	715	E	V		AF-P49815-F1-model_v4.pdb	715	0.791516	0.023048181
P49815	715	E	W		AF-P49815-F1-model_v4.pdb	715	0.8540654	0.025172167
P49815	715	E	Y		AF-P49815-F1-model_v4.pdb	715	0.75416785	0.03286634
P49815	716	S	A		AF-P49815-F1-model_v4.pdb	716	0.8437678	0.032418046
P49815	716	S	C		AF-P49815-F1-model_v4.pdb	716	0.8662529	0.045148555
P49815	716	S	D		AF-P49815-F1-model_v4.pdb	716	0.875373	0.031534985
P49815	716	S	E		AF-P49815-F1-model_v4.pdb	716	0.954786	0.028029397
P49815	716	S	F		AF-P49815-F1-model_v4.pdb	716	0.7247735	0.029479556
P49815	716	S	G		AF-P49815-F1-model_v4.pdb	716	0.8664691	0.020089788
P49815	716	S	H		AF-P49815-F1-model_v4.pdb	716	0.73057306	0.024073517
P49815	716	S	I		AF-P49815-F1-model_v4.pdb	716	0.72342837	0.0071622357
P49815	716	S	K		AF-P49815-F1-model_v4.pdb	716	0.826717	0.028678028
P49815	716	S	L		AF-P49815-F1-model_v4.pdb	716	0.82881415	0.026902545
P49815	716	S	M		AF-P49815-F1-model_v4.pdb	716	0.7331254	0.03648435
P49815	716	S	N		AF-P49815-F1-model_v4.pdb	716	0.824971	0.039806608
P49815	716	S	P		AF-P49815-F1-model_v4.pdb	716	0.8368319	0.015326162
P49815	716	S	Q		AF-P49815-F1-model_v4.pdb	716	0.9030755	0.032526385
P49815	716	S	R		AF-P49815-F1-model_v4.pdb	716	0.7651309	0.019087963
P49815	716	S	V		AF-P49815-F1-model_v4.pdb	716	0.8147566	0.025329104
P49815	716	S	W		AF-P49815-F1-model_v4.pdb	716	0.7716128	0.026346799
P49815	716	S	Y		AF-P49815-F1-model_v4.pdb	716	0.732689	0.023580104
P49815	717	L	A		AF-P49815-F1-model_v4.pdb	717	0.887383	0.03336862
P49815	717	L	C		AF-P49815-F1-model_v4.pdb	717	0.90195864	0.03028947
P49815	717	L	E		AF-P49815-F1-model_v4.pdb	717	0.79729605	0.028290927
P49815	717	L	F		AF-P49815-F1-model_v4.pdb	717	0.8637292	0.0122868875
P49815	717	L	G		AF-P49815-F1-model_v4.pdb	717	0.76498735	0.022025632
P49815	717	L	H		AF-P49815-F1-model_v4.pdb	717	0.7881757	0.027958294
P49815	717	L	I		AF-P49815-F1-model_v4.pdb	717	0.8129258	0.029741164
P49815	717	L	K		AF-P49815-F1-model_v4.pdb	717	0.74258834	0.0136894155
P49815	717	L	M		AF-P49815-F1-model_v4.pdb	717	0.89005786	0.014485673
P49815	717	L	N		AF-P49815-F1-model_v4.pdb	717	0.73046416	0.025639204
P49815	717	L	P		AF-P49815-F1-model_v4.pdb	717	0.69136894	0.029766994
P49815	717	L	Q		AF-P49815-F1-model_v4.pdb	717	0.7846391	0.019385278
P49815	717	L	R		AF-P49815-F1-model_v4.pdb	717	0.6151634	0.029644106
P49815	717	L	S		AF-P49815-F1-model_v4.pdb	717	0.80172026	0.028180366
P49815	717	L	T		AF-P49815-F1-model_v4.pdb	717	0.857864	0.02881659
P49815	717	L	V		AF-P49815-F1-model_v4.pdb	717	0.8187642	0.030178027
P49815	717	L	W		AF-P49815-F1-model_v4.pdb	717	0.85444945	0.018094635
P49815	717	L	Y		AF-P49815-F1-model_v4.pdb	717	0.80670965	0.019170718
P49815	718	R	C		AF-P49815-F1-model_v4.pdb	718	0.9804405	0.032828234
P49815	718	R	E		AF-P49815-F1-model_v4.pdb	718	0.90829515	0.025796952
P49815	718	R	F		AF-P49815-F1-model_v4.pdb	718	0.8793586	0.056774084
P49815	718	R	H		AF-P49815-F1-model_v4.pdb	718	0.94125205	0.013270264
P49815	718	R	I		AF-P49815-F1-model_v4.pdb	718	0.8158601	0.037695
P49815	718	R	K		AF-P49815-F1-model_v4.pdb	718	0.8322706	0.028415607
P49815	718	R	L		AF-P49815-F1-model_v4.pdb	718	0.89678955	0.03647467
P49815	718	R	M		AF-P49815-F1-model_v4.pdb	718	0.83576536	0.045395847
P49815	718	R	N		AF-P49815-F1-model_v4.pdb	718	0.9128749	0.030391928
P49815	718	R	Q		AF-P49815-F1-model_v4.pdb	718	0.8734667	0.037787
P49815	718	R	S		AF-P49815-F1-model_v4.pdb	718	1.0071422	0.022175992
P49815	718	R	T		AF-P49815-F1-model_v4.pdb	718	0.98910064	0.024022572
P49815	718	R	V		AF-P49815-F1-model_v4.pdb	718	0.91477823	0.030181468
P49815	718	R	W		AF-P49815-F1-model_v4.pdb	718	0.90361035	0.057563
P49815	718	R	Y		AF-P49815-F1-model_v4.pdb	718	0.96507263	0.031284153
P49815	719	Y	A		AF-P49815-F1-model_v4.pdb	719	0.8010119	0.016743997
P49815	719	Y	C		AF-P49815-F1-model_v4.pdb	719	0.8900096	0.013414543
P49815	719	Y	D		AF-P49815-F1-model_v4.pdb	719	0.8967062	0.01659842
P49815	719	Y	E		AF-P49815-F1-model_v4.pdb	719	0.9201148	0.013200932
P49815	719	Y	F		AF-P49815-F1-model_v4.pdb	719	0.8309244	0.033674322
P49815	719	Y	G		AF-P49815-F1-model_v4.pdb	719	0.8085104	0.016407864
P49815	719	Y	H		AF-P49815-F1-model_v4.pdb	719	0.87940806	0.025049571
P49815	719	Y	I		AF-P49815-F1-model_v4.pdb	719	0.8264734	0.031843223
P49815	719	Y	K		AF-P49815-F1-model_v4.pdb	719	0.7488631	0.029201742
P49815	719	Y	L		AF-P49815-F1-model_v4.pdb	719	0.8197381	0.03633031
P49815	719	Y	M		AF-P49815-F1-model_v4.pdb	719	0.80441666	0.019708468
P49815	719	Y	N		AF-P49815-F1-model_v4.pdb	719	0.85895586	0.014301772
P49815	719	Y	P		AF-P49815-F1-model_v4.pdb	719	0.7720543	0.02100562
P49815	719	Y	Q		AF-P49815-F1-model_v4.pdb	719	0.8719727	0.012976293
P49815	719	Y	R		AF-P49815-F1-model_v4.pdb	719	0.75645643	0.024842497
P49815	719	Y	S		AF-P49815-F1-model_v4.pdb	719	0.86641157	0.010588271
P49815	719	Y	T		AF-P49815-F1-model_v4.pdb	719	0.88787764	0.020400537
P49815	719	Y	V		AF-P49815-F1-model_v4.pdb	719	0.8045708	0.020013094
P49815	719	Y	W		AF-P49815-F1-model_v4.pdb	719	0.8112346	0.01572736
P49815	720	K	A		AF-P49815-F1-model_v4.pdb	720	0.8986508	0.035423312
P49815	720	K	C		AF-P49815-F1-model_v4.pdb	720	0.93497103	0.04162318
P49815	720	K	D		AF-P49815-F1-model_v4.pdb	720	0.90281516	0.029683037
P49815	720	K	E		AF-P49815-F1-model_v4.pdb	720	0.87399036	0.041415613
P49815	720	K	F		AF-P49815-F1-model_v4.pdb	720	0.84504414	0.034886513
P49815	720	K	G		AF-P49815-F1-model_v4.pdb	720	0.8892503	0.028491545
P49815	720	K	H		AF-P49815-F1-model_v4.pdb	720	0.8645671	0.016216613
P49815	720	K	I		AF-P49815-F1-model_v4.pdb	720	0.8115541	0.03620674
P49815	720	K	L		AF-P49815-F1-model_v4.pdb	720	0.7549683	0.034061663
P49815	720	K	M		AF-P49815-F1-model_v4.pdb	720	0.84469	0.046708852
P49815	720	K	N		AF-P49815-F1-model_v4.pdb	720	0.8965786	0.047117747
P49815	720	K	P		AF-P49815-F1-model_v4.pdb	720	0.923262	0.043262612
P49815	720	K	Q		AF-P49815-F1-model_v4.pdb	720	0.8800155	0.023604145
P49815	720	K	R		AF-P49815-F1-model_v4.pdb	720	0.86414635	0.04138131
P49815	720	K	S		AF-P49815-F1-model_v4.pdb	720	0.9549486	0.016672827
P49815	720	K	T		AF-P49815-F1-model_v4.pdb	720	0.96977025	0.03609596
P49815	720	K	V		AF-P49815-F1-model_v4.pdb	720	0.87204206	0.03220807
P49815	720	K	W		AF-P49815-F1-model_v4.pdb	720	0.800114	0.049883418
P49815	720	K	Y		AF-P49815-F1-model_v4.pdb	720	0.81637096	0.044764195
P49815	721	V	A		AF-P49815-F1-model_v4.pdb	721	0.87217796	0.020702308
P49815	721	V	C		AF-P49815-F1-model_v4.pdb	721	0.85755366	0.034661092
P49815	721	V	D		AF-P49815-F1-model_v4.pdb	721	0.88857	0.049576115
P49815	721	V	E		AF-P49815-F1-model_v4.pdb	721	0.75855064	0.05166256
P49815	721	V	F		AF-P49815-F1-model_v4.pdb	721	0.8147793	0.06504978
P49815	721	V	G		AF-P49815-F1-model_v4.pdb	721	0.87484515	0.036735743
P49815	721	V	H		AF-P49815-F1-model_v4.pdb	721	0.78550446	0.06340991
P49815	721	V	I		AF-P49815-F1-model_v4.pdb	721	0.8416122	0.037238453
P49815	721	V	K		AF-P49815-F1-model_v4.pdb	721	0.77580655	0.054321453
P49815	721	V	L		AF-P49815-F1-model_v4.pdb	721	0.9055287	0.026766703
P49815	721	V	M		AF-P49815-F1-model_v4.pdb	721	0.8240221	0.033113442
P49815	721	V	N		AF-P49815-F1-model_v4.pdb	721	0.8414294	0.037108865
P49815	721	V	P		AF-P49815-F1-model_v4.pdb	721	0.8926319	0.051493462
P49815	721	V	Q		AF-P49815-F1-model_v4.pdb	721	0.7906312	0.055577427
P49815	721	V	R		AF-P49815-F1-model_v4.pdb	721	0.7719305	0.052145943
P49815	721	V	S		AF-P49815-F1-model_v4.pdb	721	0.8410567	0.02758451
P49815	721	V	T		AF-P49815-F1-model_v4.pdb	721	0.8595735	0.023398897
P49815	721	V	W		AF-P49815-F1-model_v4.pdb	721	0.84727496	0.0445569
P49815	721	V	Y		AF-P49815-F1-model_v4.pdb	721	0.88016045	0.059291612
P49815	722	L	A		AF-P49815-F1-model_v4.pdb	722	0.9305186	0.024294952
P49815	722	L	C		AF-P49815-F1-model_v4.pdb	722	0.93518573	0.02340319
P49815	722	L	D		AF-P49815-F1-model_v4.pdb	722	0.7832319	0.0622326
P49815	722	L	E		AF-P49815-F1-model_v4.pdb	722	0.7850779	0.05708632
P49815	722	L	F		AF-P49815-F1-model_v4.pdb	722	0.7774029	0.039698225
P49815	722	L	G		AF-P49815-F1-model_v4.pdb	722	0.78240407	0.03314146
P49815	722	L	H		AF-P49815-F1-model_v4.pdb	722	0.76448286	0.039951127
P49815	722	L	I		AF-P49815-F1-model_v4.pdb	722	0.86456263	0.026297178
P49815	722	L	K		AF-P49815-F1-model_v4.pdb	722	0.7746547	0.02916359
P49815	722	L	M		AF-P49815-F1-model_v4.pdb	722	0.9396393	0.02873467
P49815	722	L	N		AF-P49815-F1-model_v4.pdb	722	0.82988167	0.050580543
P49815	722	L	P		AF-P49815-F1-model_v4.pdb	722	0.84206545	0.04071059
P49815	722	L	Q		AF-P49815-F1-model_v4.pdb	722	0.81228495	0.047944125
P49815	722	L	R		AF-P49815-F1-model_v4.pdb	722	0.70118415	0.026950883
P49815	722	L	S		AF-P49815-F1-model_v4.pdb	722	0.833344	0.022315476
P49815	722	L	T		AF-P49815-F1-model_v4.pdb	722	0.8533535	0.019904027
P49815	722	L	V		AF-P49815-F1-model_v4.pdb	722	0.9069444	0.021857643
P49815	722	L	W		AF-P49815-F1-model_v4.pdb	722	0.83648396	0.027284613
P49815	722	L	Y		AF-P49815-F1-model_v4.pdb	722	0.7883819	0.026295079
P49815	723	I	A		AF-P49815-F1-model_v4.pdb	723	0.79744804	0.016630573
P49815	723	I	C		AF-P49815-F1-model_v4.pdb	723	0.8634672	0.01225045
P49815	723	I	D		AF-P49815-F1-model_v4.pdb	723	0.69557154	0.038995672
P49815	723	I	E		AF-P49815-F1-model_v4.pdb	723	0.7234432	0.028279722
P49815	723	I	G		AF-P49815-F1-model_v4.pdb	723	0.8563368	0.04118542
P49815	723	I	H		AF-P49815-F1-model_v4.pdb	723	0.7859232	0.032632284
P49815	723	I	K		AF-P49815-F1-model_v4.pdb	723	0.7562391	0.03127235
P49815	723	I	L		AF-P49815-F1-model_v4.pdb	723	0.86893165	0.04017967
P49815	723	I	M		AF-P49815-F1-model_v4.pdb	723	0.7304622	0.04615287
P49815	723	I	N		AF-P49815-F1-model_v4.pdb	723	0.74409753	0.034590445
P49815	723	I	P		AF-P49815-F1-model_v4.pdb	723	0.75977194	0.047443762
P49815	723	I	Q		AF-P49815-F1-model_v4.pdb	723	0.8157195	0.035496328
P49815	723	I	R		AF-P49815-F1-model_v4.pdb	723	0.7276393	0.04906264
P49815	723	I	S		AF-P49815-F1-model_v4.pdb	723	0.79638374	0.03249046
P49815	723	I	T		AF-P49815-F1-model_v4.pdb	723	0.7353972	0.015944226
P49815	723	I	V		AF-P49815-F1-model_v4.pdb	723	0.86551225	0.052852012
P49815	723	I	W		AF-P49815-F1-model_v4.pdb	723	0.86571187	0.038535807
P49815	723	I	Y		AF-P49815-F1-model_v4.pdb	723	0.8065255	0.023641951
P49815	724	F	A		AF-P49815-F1-model_v4.pdb	724	0.7682315	0.029312912
P49815	724	F	C		AF-P49815-F1-model_v4.pdb	724	0.8760837	0.026088353
P49815	724	F	D		AF-P49815-F1-model_v4.pdb	724	0.8049278	0.027029436
P49815	724	F	E		AF-P49815-F1-model_v4.pdb	724	0.7486983	0.024874082
P49815	724	F	G		AF-P49815-F1-model_v4.pdb	724	0.77085555	0.025784817
P49815	724	F	H		AF-P49815-F1-model_v4.pdb	724	0.74373966	0.03485321
P49815	724	F	I		AF-P49815-F1-model_v4.pdb	724	0.8202289	0.02146424
P49815	724	F	K		AF-P49815-F1-model_v4.pdb	724	0.6948867	0.04054972
P49815	724	F	L		AF-P49815-F1-model_v4.pdb	724	0.84486306	0.03112974
P49815	724	F	M		AF-P49815-F1-model_v4.pdb	724	0.8527123	0.028946087
P49815	724	F	N		AF-P49815-F1-model_v4.pdb	724	0.75725985	0.025800426
P49815	724	F	P		AF-P49815-F1-model_v4.pdb	724	0.78470737	0.023412285
P49815	724	F	Q		AF-P49815-F1-model_v4.pdb	724	0.76044	0.012328335
P49815	724	F	R		AF-P49815-F1-model_v4.pdb	724	0.73452395	0.035109688
P49815	724	F	S		AF-P49815-F1-model_v4.pdb	724	0.783631	0.02050373
P49815	724	F	T		AF-P49815-F1-model_v4.pdb	724	0.88586843	0.01852354
P49815	724	F	V		AF-P49815-F1-model_v4.pdb	724	0.86160326	0.010554751
P49815	724	F	W		AF-P49815-F1-model_v4.pdb	724	0.8976391	0.030930085
P49815	724	F	Y		AF-P49815-F1-model_v4.pdb	724	0.7563192	0.047023322
P49815	725	T	A		AF-P49815-F1-model_v4.pdb	725	0.8796617	0.022390379
P49815	725	T	C		AF-P49815-F1-model_v4.pdb	725	0.85404235	0.028337851
P49815	725	T	D		AF-P49815-F1-model_v4.pdb	725	0.82783115	0.027194424
P49815	725	T	E		AF-P49815-F1-model_v4.pdb	725	0.8933175	0.029708587
P49815	725	T	F		AF-P49815-F1-model_v4.pdb	725	0.74493414	0.038806602
P49815	725	T	G		AF-P49815-F1-model_v4.pdb	725	0.8713641	0.019132996
P49815	725	T	H		AF-P49815-F1-model_v4.pdb	725	0.8058135	0.053501774
P49815	725	T	I		AF-P49815-F1-model_v4.pdb	725	0.7568375	0.026959669
P49815	725	T	K		AF-P49815-F1-model_v4.pdb	725	0.756958	0.051452156
P49815	725	T	L		AF-P49815-F1-model_v4.pdb	725	0.7644637	0.051639326
P49815	725	T	M		AF-P49815-F1-model_v4.pdb	725	0.90287054	0.011006476
P49815	725	T	N		AF-P49815-F1-model_v4.pdb	725	0.80070627	0.027786432
P49815	725	T	P		AF-P49815-F1-model_v4.pdb	725	0.78963554	0.030311594
P49815	725	T	Q		AF-P49815-F1-model_v4.pdb	725	0.8696083	0.015978236
P49815	725	T	R		AF-P49815-F1-model_v4.pdb	725	0.83005464	0.020540796
P49815	725	T	S		AF-P49815-F1-model_v4.pdb	725	0.9228245	0.03950472
P49815	725	T	V		AF-P49815-F1-model_v4.pdb	725	0.7612804	0.018163374
P49815	725	T	W		AF-P49815-F1-model_v4.pdb	725	0.7944063	0.010820996
P49815	725	T	Y		AF-P49815-F1-model_v4.pdb	725	0.8171283	0.023131344
P49815	726	S	A		AF-P49815-F1-model_v4.pdb	726	0.9363433	0.028686827
P49815	726	S	C		AF-P49815-F1-model_v4.pdb	726	0.9458807	0.019350305
P49815	726	S	D		AF-P49815-F1-model_v4.pdb	726	0.9375372	0.0242532
P49815	726	S	E		AF-P49815-F1-model_v4.pdb	726	0.9469856	0.036802653
P49815	726	S	F		AF-P49815-F1-model_v4.pdb	726	0.89094245	0.026396245
P49815	726	S	G		AF-P49815-F1-model_v4.pdb	726	0.89752436	0.025942218
P49815	726	S	H		AF-P49815-F1-model_v4.pdb	726	0.9895072	0.03714434
P49815	726	S	I		AF-P49815-F1-model_v4.pdb	726	0.85693806	0.035404857
P49815	726	S	K		AF-P49815-F1-model_v4.pdb	726	0.9107585	0.047752507
P49815	726	S	L		AF-P49815-F1-model_v4.pdb	726	0.8962954	0.021749256
P49815	726	S	M		AF-P49815-F1-model_v4.pdb	726	0.8748864	0.03344385
P49815	726	S	N		AF-P49815-F1-model_v4.pdb	726	0.9400822	0.03841553
P49815	726	S	P		AF-P49815-F1-model_v4.pdb	726	0.93647707	0.012884842
P49815	726	S	Q		AF-P49815-F1-model_v4.pdb	726	1.0292982	0.026183259
P49815	726	S	R		AF-P49815-F1-model_v4.pdb	726	0.8366245	0.034957193
P49815	726	S	T		AF-P49815-F1-model_v4.pdb	726	0.9458963	0.0059395987
P49815	726	S	V		AF-P49815-F1-model_v4.pdb	726	0.8627774	0.01988259
P49815	726	S	W		AF-P49815-F1-model_v4.pdb	726	0.85590506	0.02462948
P49815	726	S	Y		AF-P49815-F1-model_v4.pdb	726	0.94248134	0.02053173
P49815	727	P	A		AF-P49815-F1-model_v4.pdb	727	0.877293	0.019257367
P49815	727	P	C		AF-P49815-F1-model_v4.pdb	727	0.896006	0.021540966
P49815	727	P	D		AF-P49815-F1-model_v4.pdb	727	0.81848526	0.010980198
P49815	727	P	E		AF-P49815-F1-model_v4.pdb	727	0.90505445	0.017379094
P49815	727	P	F		AF-P49815-F1-model_v4.pdb	727	0.78929186	0.014652811
P49815	727	P	G		AF-P49815-F1-model_v4.pdb	727	0.8306182	0.012907102
P49815	727	P	H		AF-P49815-F1-model_v4.pdb	727	0.8641278	0.021800384
P49815	727	P	I		AF-P49815-F1-model_v4.pdb	727	0.7615053	0.021994116
P49815	727	P	K		AF-P49815-F1-model_v4.pdb	727	0.85060614	0.016014317
P49815	727	P	L		AF-P49815-F1-model_v4.pdb	727	0.89604294	0.026899837
P49815	727	P	M		AF-P49815-F1-model_v4.pdb	727	0.87389517	0.021942705
P49815	727	P	N		AF-P49815-F1-model_v4.pdb	727	0.85202837	0.0044996077
P49815	727	P	Q		AF-P49815-F1-model_v4.pdb	727	0.91008264	0.015056044
P49815	727	P	R		AF-P49815-F1-model_v4.pdb	727	0.82541	0.02711554
P49815	727	P	S		AF-P49815-F1-model_v4.pdb	727	0.87807065	0.021583337
P49815	727	P	T		AF-P49815-F1-model_v4.pdb	727	0.88698804	0.019817347
P49815	727	P	V		AF-P49815-F1-model_v4.pdb	727	0.82128066	0.022187203
P49815	727	P	W		AF-P49815-F1-model_v4.pdb	727	0.86587656	0.03242299
P49815	727	P	Y		AF-P49815-F1-model_v4.pdb	727	0.9304754	0.015041137
P49815	728	C	A		AF-P49815-F1-model_v4.pdb	728	0.94564915	0.023724781
P49815	728	C	D		AF-P49815-F1-model_v4.pdb	728	0.8803838	0.020422181
P49815	728	C	E		AF-P49815-F1-model_v4.pdb	728	0.90815604	0.03978022
P49815	728	C	F		AF-P49815-F1-model_v4.pdb	728	0.84459764	0.019652193
P49815	728	C	G		AF-P49815-F1-model_v4.pdb	728	0.8826474	0.027244085
P49815	728	C	H		AF-P49815-F1-model_v4.pdb	728	0.9244932	0.027848426
P49815	728	C	I		AF-P49815-F1-model_v4.pdb	728	0.88826704	0.025068698
P49815	728	C	K		AF-P49815-F1-model_v4.pdb	728	0.8862678	0.030687593
P49815	728	C	L		AF-P49815-F1-model_v4.pdb	728	1.0051419	0.02567199
P49815	728	C	M		AF-P49815-F1-model_v4.pdb	728	0.9406602	0.014126555
P49815	728	C	N		AF-P49815-F1-model_v4.pdb	728	0.8993784	0.032162383
P49815	728	C	P		AF-P49815-F1-model_v4.pdb	728	0.8752049	0.013129775
P49815	728	C	Q		AF-P49815-F1-model_v4.pdb	728	0.9111074	0.03043827
P49815	728	C	R		AF-P49815-F1-model_v4.pdb	728	0.7833268	0.035013095
P49815	728	C	S		AF-P49815-F1-model_v4.pdb	728	0.9663633	0.025153283
P49815	728	C	T		AF-P49815-F1-model_v4.pdb	728	0.9231763	0.020826612
P49815	728	C	V		AF-P49815-F1-model_v4.pdb	728	0.9068772	0.035096295
P49815	728	C	W		AF-P49815-F1-model_v4.pdb	728	0.8144232	0.024182934
P49815	728	C	Y		AF-P49815-F1-model_v4.pdb	728	0.8709568	0.02476279
P49815	729	S	A		AF-P49815-F1-model_v4.pdb	729	0.90057135	0.017320365
P49815	729	S	C		AF-P49815-F1-model_v4.pdb	729	0.93898296	0.01943651
P49815	729	S	D		AF-P49815-F1-model_v4.pdb	729	0.8737299	0.009562451
P49815	729	S	E		AF-P49815-F1-model_v4.pdb	729	0.94071466	0.028244242
P49815	729	S	F		AF-P49815-F1-model_v4.pdb	729	0.810357	0.024551466
P49815	729	S	G		AF-P49815-F1-model_v4.pdb	729	0.94815934	0.015271292
P49815	729	S	H		AF-P49815-F1-model_v4.pdb	729	0.94148386	0.027892433
P49815	729	S	I		AF-P49815-F1-model_v4.pdb	729	0.7704513	0.02396768
P49815	729	S	K		AF-P49815-F1-model_v4.pdb	729	0.82524264	0.0058290474
P49815	729	S	L		AF-P49815-F1-model_v4.pdb	729	0.878981	0.032484896
P49815	729	S	M		AF-P49815-F1-model_v4.pdb	729	0.8345021	0.017306898
P49815	729	S	N		AF-P49815-F1-model_v4.pdb	729	0.903866	0.039858494
P49815	729	S	P		AF-P49815-F1-model_v4.pdb	729	0.8579407	0.03340684
P49815	729	S	Q		AF-P49815-F1-model_v4.pdb	729	0.955587	0.031872053
P49815	729	S	R		AF-P49815-F1-model_v4.pdb	729	0.8438692	0.0155076
P49815	729	S	T		AF-P49815-F1-model_v4.pdb	729	0.9132875	0.02726038
P49815	729	S	V		AF-P49815-F1-model_v4.pdb	729	0.81456614	0.026213594
P49815	729	S	W		AF-P49815-F1-model_v4.pdb	729	0.86009616	0.030381983
P49815	729	S	Y		AF-P49815-F1-model_v4.pdb	729	0.84214175	0.03078149
P49815	730	V	A		AF-P49815-F1-model_v4.pdb	730	0.9167118	0.022398645
P49815	730	V	C		AF-P49815-F1-model_v4.pdb	730	0.9840172	0.04336529
P49815	730	V	D		AF-P49815-F1-model_v4.pdb	730	0.81582147	0.03489055
P49815	730	V	E		AF-P49815-F1-model_v4.pdb	730	0.7966095	0.041412376
P49815	730	V	F		AF-P49815-F1-model_v4.pdb	730	0.852198	0.036823105
P49815	730	V	G		AF-P49815-F1-model_v4.pdb	730	0.8608011	0.017110944
P49815	730	V	H		AF-P49815-F1-model_v4.pdb	730	0.8010567	0.02963443
P49815	730	V	I		AF-P49815-F1-model_v4.pdb	730	0.9105961	0.019089848
P49815	730	V	K		AF-P49815-F1-model_v4.pdb	730	0.7379502	0.05133202
P49815	730	V	L		AF-P49815-F1-model_v4.pdb	730	0.9080521	0.037617125
P49815	730	V	M		AF-P49815-F1-model_v4.pdb	730	0.88957775	0.0448228
P49815	730	V	N		AF-P49815-F1-model_v4.pdb	730	0.8458414	0.02091799
P49815	730	V	P		AF-P49815-F1-model_v4.pdb	730	0.851484	0.028111529
P49815	730	V	Q		AF-P49815-F1-model_v4.pdb	730	0.85789967	0.041132186
P49815	730	V	R		AF-P49815-F1-model_v4.pdb	730	0.72674143	0.044660136
P49815	730	V	S		AF-P49815-F1-model_v4.pdb	730	0.8850745	0.026419712
P49815	730	V	T		AF-P49815-F1-model_v4.pdb	730	0.84075195	0.040603984
P49815	730	V	W		AF-P49815-F1-model_v4.pdb	730	0.8755886	0.030671611
P49815	730	V	Y		AF-P49815-F1-model_v4.pdb	730	0.85048294	0.05011301
P49815	731	D	A		AF-P49815-F1-model_v4.pdb	731	0.79359305	0.05055226
P49815	731	D	C		AF-P49815-F1-model_v4.pdb	731	0.83748543	0.030845061
P49815	731	D	E		AF-P49815-F1-model_v4.pdb	731	0.8961669	0.024249686
P49815	731	D	F		AF-P49815-F1-model_v4.pdb	731	0.64932954	0.051586445
P49815	731	D	G		AF-P49815-F1-model_v4.pdb	731	0.80388486	0.023039905
P49815	731	D	H		AF-P49815-F1-model_v4.pdb	731	0.7952296	0.04495577
P49815	731	D	I		AF-P49815-F1-model_v4.pdb	731	0.7359799	0.038152933
P49815	731	D	K		AF-P49815-F1-model_v4.pdb	731	0.85753345	0.024798771
P49815	731	D	L		AF-P49815-F1-model_v4.pdb	731	0.66365916	0.025358057
P49815	731	D	M		AF-P49815-F1-model_v4.pdb	731	0.7782382	0.043911908
P49815	731	D	N		AF-P49815-F1-model_v4.pdb	731	0.89153177	0.04889346
P49815	731	D	P		AF-P49815-F1-model_v4.pdb	731	0.86608684	0.023905277
P49815	731	D	Q		AF-P49815-F1-model_v4.pdb	731	0.822618	0.018091753
P49815	731	D	R		AF-P49815-F1-model_v4.pdb	731	0.86138856	0.033381555
P49815	731	D	S		AF-P49815-F1-model_v4.pdb	731	0.8863505	0.019628162
P49815	731	D	T		AF-P49815-F1-model_v4.pdb	731	0.861699	0.032607734
P49815	731	D	V		AF-P49815-F1-model_v4.pdb	731	0.7849323	0.026121782
P49815	731	D	W		AF-P49815-F1-model_v4.pdb	731	0.69181764	0.03655722
P49815	731	D	Y		AF-P49815-F1-model_v4.pdb	731	0.7447394	0.041527458
P49815	732	Q	A		AF-P49815-F1-model_v4.pdb	732	0.84484845	0.02846795
P49815	732	Q	C		AF-P49815-F1-model_v4.pdb	732	0.88765395	0.01989921
P49815	732	Q	D		AF-P49815-F1-model_v4.pdb	732	0.85875213	0.052372616
P49815	732	Q	E		AF-P49815-F1-model_v4.pdb	732	0.8799553	0.042695407
P49815	732	Q	F		AF-P49815-F1-model_v4.pdb	732	0.83648854	0.023870856
P49815	732	Q	G		AF-P49815-F1-model_v4.pdb	732	0.8537237	0.021512814
P49815	732	Q	H		AF-P49815-F1-model_v4.pdb	732	0.84373647	0.023087647
P49815	732	Q	I		AF-P49815-F1-model_v4.pdb	732	0.83642185	0.010963692
P49815	732	Q	K		AF-P49815-F1-model_v4.pdb	732	0.75074893	0.049104948
P49815	732	Q	L		AF-P49815-F1-model_v4.pdb	732	0.7838365	0.01415364
P49815	732	Q	M		AF-P49815-F1-model_v4.pdb	732	0.88607436	0.036848765
P49815	732	Q	N		AF-P49815-F1-model_v4.pdb	732	0.83386767	0.03729218
P49815	732	Q	P		AF-P49815-F1-model_v4.pdb	732	0.77939534	0.010258667
P49815	732	Q	R		AF-P49815-F1-model_v4.pdb	732	0.7852031	0.014128312
P49815	732	Q	S		AF-P49815-F1-model_v4.pdb	732	0.88616866	0.035321243
P49815	732	Q	T		AF-P49815-F1-model_v4.pdb	732	0.8531721	0.019952295
P49815	732	Q	V		AF-P49815-F1-model_v4.pdb	732	0.8075525	0.031129695
P49815	732	Q	W		AF-P49815-F1-model_v4.pdb	732	0.81714565	0.017364373
P49815	732	Q	Y		AF-P49815-F1-model_v4.pdb	732	0.8168688	0.024559962
P49815	733	L	A		AF-P49815-F1-model_v4.pdb	733	0.79192436	0.017373225
P49815	733	L	C		AF-P49815-F1-model_v4.pdb	733	0.8001583	0.029094726
P49815	733	L	D		AF-P49815-F1-model_v4.pdb	733	0.70695704	0.04549955
P49815	733	L	E		AF-P49815-F1-model_v4.pdb	733	0.6577217	0.03880518
P49815	733	L	F		AF-P49815-F1-model_v4.pdb	733	0.68958515	0.028591223
P49815	733	L	G		AF-P49815-F1-model_v4.pdb	733	0.6583153	0.030409932
P49815	733	L	H		AF-P49815-F1-model_v4.pdb	733	0.5904052	0.028703578
P49815	733	L	I		AF-P49815-F1-model_v4.pdb	733	0.78205955	0.022941807
P49815	733	L	K		AF-P49815-F1-model_v4.pdb	733	0.57970154	0.027661832
P49815	733	L	M		AF-P49815-F1-model_v4.pdb	733	0.7999538	0.03670425
P49815	733	L	N		AF-P49815-F1-model_v4.pdb	733	0.6782383	0.06301561
P49815	733	L	P		AF-P49815-F1-model_v4.pdb	733	0.6463873	0.030861696
P49815	733	L	Q		AF-P49815-F1-model_v4.pdb	733	0.778407	0.025262656
P49815	733	L	R		AF-P49815-F1-model_v4.pdb	733	0.52734345	0.011366458
P49815	733	L	S		AF-P49815-F1-model_v4.pdb	733	0.7376002	0.033623353
P49815	733	L	T		AF-P49815-F1-model_v4.pdb	733	0.7555824	0.016038032
P49815	733	L	V		AF-P49815-F1-model_v4.pdb	733	0.7873276	0.024412485
P49815	733	L	W		AF-P49815-F1-model_v4.pdb	733	0.687691	0.027516503
P49815	733	L	Y		AF-P49815-F1-model_v4.pdb	733	0.7029959	0.04533675
P49815	734	C	A		AF-P49815-F1-model_v4.pdb	734	0.9005262	0.020773394
P49815	734	C	D		AF-P49815-F1-model_v4.pdb	734	0.8390449	0.024176266
P49815	734	C	E		AF-P49815-F1-model_v4.pdb	734	0.7194568	0.0673342
P49815	734	C	F		AF-P49815-F1-model_v4.pdb	734	0.7261331	0.012275563
P49815	734	C	G		AF-P49815-F1-model_v4.pdb	734	0.82319415	0.015656058
P49815	734	C	H		AF-P49815-F1-model_v4.pdb	734	0.84210837	0.038969427
P49815	734	C	I		AF-P49815-F1-model_v4.pdb	734	0.8343798	0.03189834
P49815	734	C	K		AF-P49815-F1-model_v4.pdb	734	0.64347845	0.027231889
P49815	734	C	L		AF-P49815-F1-model_v4.pdb	734	0.827592	0.028078252
P49815	734	C	M		AF-P49815-F1-model_v4.pdb	734	0.87070286	0.01764213
P49815	734	C	N		AF-P49815-F1-model_v4.pdb	734	0.85595334	0.011521462
P49815	734	C	P		AF-P49815-F1-model_v4.pdb	734	0.77322143	0.031035116
P49815	734	C	Q		AF-P49815-F1-model_v4.pdb	734	0.8810519	0.038246524
P49815	734	C	R		AF-P49815-F1-model_v4.pdb	734	0.5902425	0.041719135
P49815	734	C	S		AF-P49815-F1-model_v4.pdb	734	0.88850135	0.030348988
P49815	734	C	T		AF-P49815-F1-model_v4.pdb	734	0.86191815	0.04014174
P49815	734	C	V		AF-P49815-F1-model_v4.pdb	734	0.87138045	0.02680583
P49815	734	C	W		AF-P49815-F1-model_v4.pdb	734	0.7179791	0.031244991
P49815	734	C	Y		AF-P49815-F1-model_v4.pdb	734	0.78824586	0.021181365
P49815	735	S	A		AF-P49815-F1-model_v4.pdb	735	0.8497549	0.023317631
P49815	735	S	C		AF-P49815-F1-model_v4.pdb	735	0.8745515	0.03634074
P49815	735	S	D		AF-P49815-F1-model_v4.pdb	735	0.85240203	0.026430806
P49815	735	S	E		AF-P49815-F1-model_v4.pdb	735	0.857104	0.030500917
P49815	735	S	F		AF-P49815-F1-model_v4.pdb	735	0.7917243	0.015575442
P49815	735	S	G		AF-P49815-F1-model_v4.pdb	735	0.86479664	0.010401402
P49815	735	S	H		AF-P49815-F1-model_v4.pdb	735	0.84486437	0.041975792
P49815	735	S	I		AF-P49815-F1-model_v4.pdb	735	0.76401633	0.028720235
P49815	735	S	K		AF-P49815-F1-model_v4.pdb	735	0.83953524	0.050524954
P49815	735	S	L		AF-P49815-F1-model_v4.pdb	735	0.79210585	0.04617784
P49815	735	S	M		AF-P49815-F1-model_v4.pdb	735	0.74269915	0.024043012
P49815	735	S	N		AF-P49815-F1-model_v4.pdb	735	0.8290933	0.043496277
P49815	735	S	P		AF-P49815-F1-model_v4.pdb	735	0.6769041	0.026274852
P49815	735	S	Q		AF-P49815-F1-model_v4.pdb	735	0.8464327	0.03361124
P49815	735	S	R		AF-P49815-F1-model_v4.pdb	735	0.7544354	0.03819813
P49815	735	S	T		AF-P49815-F1-model_v4.pdb	735	0.8024994	0.028474782
P49815	735	S	V		AF-P49815-F1-model_v4.pdb	735	0.8339052	0.03753476
P49815	735	S	W		AF-P49815-F1-model_v4.pdb	735	0.7657749	0.020776454
P49815	735	S	Y		AF-P49815-F1-model_v4.pdb	735	0.78490734	0.030879738
P49815	736	A	C		AF-P49815-F1-model_v4.pdb	736	0.85177505	0.02502435
P49815	736	A	D		AF-P49815-F1-model_v4.pdb	736	0.79930484	0.050179724
P49815	736	A	E		AF-P49815-F1-model_v4.pdb	736	0.80820924	0.017709935
P49815	736	A	F		AF-P49815-F1-model_v4.pdb	736	0.80670196	0.010122247
P49815	736	A	G		AF-P49815-F1-model_v4.pdb	736	0.8222656	0.017695108
P49815	736	A	H		AF-P49815-F1-model_v4.pdb	736	0.7366891	0.017061016
P49815	736	A	I		AF-P49815-F1-model_v4.pdb	736	0.7258035	0.033148978
P49815	736	A	K		AF-P49815-F1-model_v4.pdb	736	0.7567354	0.038405716
P49815	736	A	L		AF-P49815-F1-model_v4.pdb	736	0.7923497	0.060098186
P49815	736	A	M		AF-P49815-F1-model_v4.pdb	736	0.8537658	0.03707511
P49815	736	A	N		AF-P49815-F1-model_v4.pdb	736	0.7405896	0.031028299
P49815	736	A	P		AF-P49815-F1-model_v4.pdb	736	0.732121	0.012882934
P49815	736	A	Q		AF-P49815-F1-model_v4.pdb	736	0.8537432	0.0062646815
P49815	736	A	S		AF-P49815-F1-model_v4.pdb	736	0.9248592	0.038410813
P49815	736	A	T		AF-P49815-F1-model_v4.pdb	736	0.82426596	0.021809226
P49815	736	A	V		AF-P49815-F1-model_v4.pdb	736	0.8419558	0.03362584
P49815	736	A	W		AF-P49815-F1-model_v4.pdb	736	0.7459947	0.021679161
P49815	736	A	Y		AF-P49815-F1-model_v4.pdb	736	0.7853658	0.012989947
P49815	737	L	A		AF-P49815-F1-model_v4.pdb	737	0.8205212	0.021172203
P49815	737	L	C		AF-P49815-F1-model_v4.pdb	737	0.8038025	0.011886494
P49815	737	L	D		AF-P49815-F1-model_v4.pdb	737	0.61936677	0.044604156
P49815	737	L	E		AF-P49815-F1-model_v4.pdb	737	0.6261548	0.026298879
P49815	737	L	F		AF-P49815-F1-model_v4.pdb	737	0.6642391	0.034321267
P49815	737	L	G		AF-P49815-F1-model_v4.pdb	737	0.58403003	0.02421058
P49815	737	L	H		AF-P49815-F1-model_v4.pdb	737	0.5718673	0.028503736
P49815	737	L	I		AF-P49815-F1-model_v4.pdb	737	0.8136319	0.031613797
P49815	737	L	K		AF-P49815-F1-model_v4.pdb	737	0.5574277	0.025462998
P49815	737	L	M		AF-P49815-F1-model_v4.pdb	737	0.8437498	0.035617284
P49815	737	L	N		AF-P49815-F1-model_v4.pdb	737	0.572354	0.03676963
P49815	737	L	P		AF-P49815-F1-model_v4.pdb	737	0.59594595	0.03951949
P49815	737	L	Q		AF-P49815-F1-model_v4.pdb	737	0.635614	0.030400427
P49815	737	L	R		AF-P49815-F1-model_v4.pdb	737	0.4752191	0.013503293
P49815	737	L	S		AF-P49815-F1-model_v4.pdb	737	0.71820825	0.028047502
P49815	737	L	T		AF-P49815-F1-model_v4.pdb	737	0.7381137	0.037246402
P49815	737	L	V		AF-P49815-F1-model_v4.pdb	737	0.8396079	0.03974575
P49815	737	L	W		AF-P49815-F1-model_v4.pdb	737	0.58481693	0.020516194
P49815	737	L	Y		AF-P49815-F1-model_v4.pdb	737	0.6394875	0.032657754
P49815	738	C	A		AF-P49815-F1-model_v4.pdb	738	0.86586446	0.013317077
P49815	738	C	D		AF-P49815-F1-model_v4.pdb	738	0.8241757	0.008666736
P49815	738	C	E		AF-P49815-F1-model_v4.pdb	738	0.77144766	0.041379903
P49815	738	C	F		AF-P49815-F1-model_v4.pdb	738	0.7663827	0.0186586
P49815	738	C	G		AF-P49815-F1-model_v4.pdb	738	0.75900686	0.012961292
P49815	738	C	H		AF-P49815-F1-model_v4.pdb	738	0.7802216	0.01557691
P49815	738	C	I		AF-P49815-F1-model_v4.pdb	738	0.73744094	0.008888585
P49815	738	C	K		AF-P49815-F1-model_v4.pdb	738	0.6216978	0.018227527
P49815	738	C	L		AF-P49815-F1-model_v4.pdb	738	0.8839303	0.03514569
P49815	738	C	M		AF-P49815-F1-model_v4.pdb	738	0.8898063	0.01055064
P49815	738	C	N		AF-P49815-F1-model_v4.pdb	738	0.7920958	0.022429971
P49815	738	C	P		AF-P49815-F1-model_v4.pdb	738	0.77925235	0.011527592
P49815	738	C	Q		AF-P49815-F1-model_v4.pdb	738	0.79558927	0.02089879
P49815	738	C	R		AF-P49815-F1-model_v4.pdb	738	0.5927013	0.020471094
P49815	738	C	S		AF-P49815-F1-model_v4.pdb	738	0.8192465	0.022688173
P49815	738	C	T		AF-P49815-F1-model_v4.pdb	738	0.7913195	0.022462955
P49815	738	C	V		AF-P49815-F1-model_v4.pdb	738	0.82183903	0.024089808
P49815	738	C	W		AF-P49815-F1-model_v4.pdb	738	0.74330616	0.028472472
P49815	738	C	Y		AF-P49815-F1-model_v4.pdb	738	0.81074685	0.013884712
P49815	739	S	A		AF-P49815-F1-model_v4.pdb	739	0.82494676	0.030200241
P49815	739	S	C		AF-P49815-F1-model_v4.pdb	739	0.80831957	0.027979473
P49815	739	S	D		AF-P49815-F1-model_v4.pdb	739	0.81564415	0.04074683
P49815	739	S	E		AF-P49815-F1-model_v4.pdb	739	0.89663744	0.041420504
P49815	739	S	F		AF-P49815-F1-model_v4.pdb	739	0.76023066	0.026803415
P49815	739	S	G		AF-P49815-F1-model_v4.pdb	739	0.79754394	0.025983455
P49815	739	S	H		AF-P49815-F1-model_v4.pdb	739	0.80592614	0.02633395
P49815	739	S	I		AF-P49815-F1-model_v4.pdb	739	0.7355564	0.042759515
P49815	739	S	K		AF-P49815-F1-model_v4.pdb	739	0.8174513	0.040862307
P49815	739	S	L		AF-P49815-F1-model_v4.pdb	739	0.7291191	0.03386898
P49815	739	S	M		AF-P49815-F1-model_v4.pdb	739	0.72717047	0.029709943
P49815	739	S	N		AF-P49815-F1-model_v4.pdb	739	0.82129383	0.023991743
P49815	739	S	P		AF-P49815-F1-model_v4.pdb	739	0.7237612	0.040972132
P49815	739	S	Q		AF-P49815-F1-model_v4.pdb	739	0.8881356	0.04900201
P49815	739	S	R		AF-P49815-F1-model_v4.pdb	739	0.7954914	0.016805314
P49815	739	S	T		AF-P49815-F1-model_v4.pdb	739	0.8146658	0.034902904
P49815	739	S	V		AF-P49815-F1-model_v4.pdb	739	0.7758619	0.025116472
P49815	739	S	W		AF-P49815-F1-model_v4.pdb	739	0.7865224	0.02178346
P49815	739	S	Y		AF-P49815-F1-model_v4.pdb	739	0.76970303	0.021990918
P49815	740	M	A		AF-P49815-F1-model_v4.pdb	740	0.9042827	0.027965778
P49815	740	M	C		AF-P49815-F1-model_v4.pdb	740	0.95306635	0.013361289
P49815	740	M	D		AF-P49815-F1-model_v4.pdb	740	0.7650099	0.069605075
P49815	740	M	E		AF-P49815-F1-model_v4.pdb	740	0.72768676	0.04031936
P49815	740	M	F		AF-P49815-F1-model_v4.pdb	740	0.7612365	0.031739812
P49815	740	M	G		AF-P49815-F1-model_v4.pdb	740	0.8347023	0.020882294
P49815	740	M	H		AF-P49815-F1-model_v4.pdb	740	0.77538127	0.030637898
P49815	740	M	I		AF-P49815-F1-model_v4.pdb	740	0.8726823	0.014864074
P49815	740	M	K		AF-P49815-F1-model_v4.pdb	740	0.7978469	0.032027595
P49815	740	M	L		AF-P49815-F1-model_v4.pdb	740	0.8802555	0.029656839
P49815	740	M	N		AF-P49815-F1-model_v4.pdb	740	0.71688235	0.03609792
P49815	740	M	P		AF-P49815-F1-model_v4.pdb	740	0.8194227	0.02725443
P49815	740	M	Q		AF-P49815-F1-model_v4.pdb	740	0.77109927	0.045347642
P49815	740	M	R		AF-P49815-F1-model_v4.pdb	740	0.7780494	0.047699247
P49815	740	M	S		AF-P49815-F1-model_v4.pdb	740	0.961318	0.016605673
P49815	740	M	T		AF-P49815-F1-model_v4.pdb	740	0.86588585	0.022794966
P49815	740	M	V		AF-P49815-F1-model_v4.pdb	740	0.8847351	0.02504681
P49815	740	M	W		AF-P49815-F1-model_v4.pdb	740	0.7983345	0.028283792
P49815	740	M	Y		AF-P49815-F1-model_v4.pdb	740	0.7932954	0.030699376
P49815	741	L	A		AF-P49815-F1-model_v4.pdb	741	0.80597925	0.01874489
P49815	741	L	C		AF-P49815-F1-model_v4.pdb	741	0.7536307	0.021941163
P49815	741	L	D		AF-P49815-F1-model_v4.pdb	741	0.65962905	0.051980115
P49815	741	L	E		AF-P49815-F1-model_v4.pdb	741	0.7069553	0.026102392
P49815	741	L	F		AF-P49815-F1-model_v4.pdb	741	0.74420774	0.01945251
P49815	741	L	G		AF-P49815-F1-model_v4.pdb	741	0.65795124	0.047143176
P49815	741	L	H		AF-P49815-F1-model_v4.pdb	741	0.68476456	0.03164917
P49815	741	L	I		AF-P49815-F1-model_v4.pdb	741	0.86811095	0.006970663
P49815	741	L	K		AF-P49815-F1-model_v4.pdb	741	0.68546134	0.025305897
P49815	741	L	M		AF-P49815-F1-model_v4.pdb	741	0.8246225	0.009404056
P49815	741	L	N		AF-P49815-F1-model_v4.pdb	741	0.6640545	0.053711716
P49815	741	L	P		AF-P49815-F1-model_v4.pdb	741	0.6619241	0.025203053
P49815	741	L	Q		AF-P49815-F1-model_v4.pdb	741	0.67781746	0.025304805
P49815	741	L	R		AF-P49815-F1-model_v4.pdb	741	0.643729	0.035253625
P49815	741	L	S		AF-P49815-F1-model_v4.pdb	741	0.6915218	0.025725419
P49815	741	L	T		AF-P49815-F1-model_v4.pdb	741	0.7403099	0.015162758
P49815	741	L	V		AF-P49815-F1-model_v4.pdb	741	0.8628057	0.015901895
P49815	741	L	W		AF-P49815-F1-model_v4.pdb	741	0.76595795	0.029090563
P49815	741	L	Y		AF-P49815-F1-model_v4.pdb	741	0.72974366	0.019468052
P49815	742	S	A		AF-P49815-F1-model_v4.pdb	742	0.925038	0.03552972
P49815	742	S	C		AF-P49815-F1-model_v4.pdb	742	0.9370003	0.052996613
P49815	742	S	D		AF-P49815-F1-model_v4.pdb	742	0.94103014	0.056508727
P49815	742	S	E		AF-P49815-F1-model_v4.pdb	742	0.9579706	0.052667487
P49815	742	S	F		AF-P49815-F1-model_v4.pdb	742	0.8282708	0.0531135
P49815	742	S	G		AF-P49815-F1-model_v4.pdb	742	0.9301437	0.021374373
P49815	742	S	H		AF-P49815-F1-model_v4.pdb	742	0.86904067	0.036889803
P49815	742	S	I		AF-P49815-F1-model_v4.pdb	742	0.80828464	0.044330653
P49815	742	S	K		AF-P49815-F1-model_v4.pdb	742	0.80015564	0.052137434
P49815	742	S	L		AF-P49815-F1-model_v4.pdb	742	0.8323309	0.031426765
P49815	742	S	M		AF-P49815-F1-model_v4.pdb	742	0.83302766	0.0446003
P49815	742	S	N		AF-P49815-F1-model_v4.pdb	742	0.9276992	0.05015328
P49815	742	S	P		AF-P49815-F1-model_v4.pdb	742	0.77993166	0.016486967
P49815	742	S	Q		AF-P49815-F1-model_v4.pdb	742	0.8864969	0.05233693
P49815	742	S	R		AF-P49815-F1-model_v4.pdb	742	0.8521506	0.0547566
P49815	742	S	T		AF-P49815-F1-model_v4.pdb	742	0.8687687	0.05684085
P49815	742	S	V		AF-P49815-F1-model_v4.pdb	742	0.86044616	0.033767216
P49815	742	S	W		AF-P49815-F1-model_v4.pdb	742	0.80204374	0.027915763
P49815	742	S	Y		AF-P49815-F1-model_v4.pdb	742	0.81750405	0.04206421
P49815	743	G	A		AF-P49815-F1-model_v4.pdb	743	0.8699039	0.045931123
P49815	743	G	C		AF-P49815-F1-model_v4.pdb	743	0.8748559	0.069195814
P49815	743	G	D		AF-P49815-F1-model_v4.pdb	743	0.8191431	0.018748688
P49815	743	G	E		AF-P49815-F1-model_v4.pdb	743	0.861763	0.029221544
P49815	743	G	F		AF-P49815-F1-model_v4.pdb	743	0.83147466	0.03300868
P49815	743	G	H		AF-P49815-F1-model_v4.pdb	743	0.83883333	0.04672977
P49815	743	G	I		AF-P49815-F1-model_v4.pdb	743	0.8934283	0.037186313
P49815	743	G	K		AF-P49815-F1-model_v4.pdb	743	0.8063134	0.050610468
P49815	743	G	L		AF-P49815-F1-model_v4.pdb	743	0.8140049	0.03135132
P49815	743	G	M		AF-P49815-F1-model_v4.pdb	743	0.82921773	0.040058937
P49815	743	G	N		AF-P49815-F1-model_v4.pdb	743	0.82356834	0.024093907
P49815	743	G	P		AF-P49815-F1-model_v4.pdb	743	0.8938405	0.02069273
P49815	743	G	Q		AF-P49815-F1-model_v4.pdb	743	0.84564793	0.03711208
P49815	743	G	R		AF-P49815-F1-model_v4.pdb	743	0.82678443	0.039917655
P49815	743	G	S		AF-P49815-F1-model_v4.pdb	743	0.8698943	0.04162252
P49815	743	G	T		AF-P49815-F1-model_v4.pdb	743	0.8457447	0.024173822
P49815	743	G	V		AF-P49815-F1-model_v4.pdb	743	0.82283056	0.039203364
P49815	743	G	W		AF-P49815-F1-model_v4.pdb	743	0.82476664	0.029715681
P49815	743	G	Y		AF-P49815-F1-model_v4.pdb	743	0.8246144	0.024418058
P49815	744	P	A		AF-P49815-F1-model_v4.pdb	744	0.92629844	0.025794348
P49815	744	P	C		AF-P49815-F1-model_v4.pdb	744	0.8917383	0.031852834
P49815	744	P	D		AF-P49815-F1-model_v4.pdb	744	0.8994654	0.0657127
P49815	744	P	E		AF-P49815-F1-model_v4.pdb	744	0.8750137	0.05866428
P49815	744	P	F		AF-P49815-F1-model_v4.pdb	744	0.85468566	0.051587287
P49815	744	P	G		AF-P49815-F1-model_v4.pdb	744	0.8630255	0.017708525
P49815	744	P	H		AF-P49815-F1-model_v4.pdb	744	0.97206783	0.04251409
P49815	744	P	I		AF-P49815-F1-model_v4.pdb	744	0.82360536	0.039397653
P49815	744	P	K		AF-P49815-F1-model_v4.pdb	744	0.73359764	0.04931187
P49815	744	P	L		AF-P49815-F1-model_v4.pdb	744	0.8406619	0.03807834
P49815	744	P	M		AF-P49815-F1-model_v4.pdb	744	0.8293086	0.017739266
P49815	744	P	N		AF-P49815-F1-model_v4.pdb	744	0.9657978	0.037457347
P49815	744	P	Q		AF-P49815-F1-model_v4.pdb	744	0.9184168	0.045841053
P49815	744	P	R		AF-P49815-F1-model_v4.pdb	744	0.7994515	0.05663802
P49815	744	P	S		AF-P49815-F1-model_v4.pdb	744	0.9096891	0.051691808
P49815	744	P	T		AF-P49815-F1-model_v4.pdb	744	0.89803016	0.047491286
P49815	744	P	V		AF-P49815-F1-model_v4.pdb	744	0.84304255	0.033889525
P49815	744	P	W		AF-P49815-F1-model_v4.pdb	744	0.80779475	0.019798355
P49815	744	P	Y		AF-P49815-F1-model_v4.pdb	744	0.8423003	0.034150034
P49815	745	K	A		AF-P49815-F1-model_v4.pdb	745	1.004393	0.021414699
P49815	745	K	C		AF-P49815-F1-model_v4.pdb	745	0.9673505	0.027268443
P49815	745	K	D		AF-P49815-F1-model_v4.pdb	745	0.96606463	0.031389594
P49815	745	K	E		AF-P49815-F1-model_v4.pdb	745	0.91083604	0.027406214
P49815	745	K	F		AF-P49815-F1-model_v4.pdb	745	0.96013564	0.039319143
P49815	745	K	G		AF-P49815-F1-model_v4.pdb	745	1.0213912	0.011704144
P49815	745	K	H		AF-P49815-F1-model_v4.pdb	745	0.9750298	0.023698
P49815	745	K	I		AF-P49815-F1-model_v4.pdb	745	0.8868963	0.025033532
P49815	745	K	L		AF-P49815-F1-model_v4.pdb	745	0.86285084	0.03299223
P49815	745	K	M		AF-P49815-F1-model_v4.pdb	745	0.9274704	0.02201632
P49815	745	K	N		AF-P49815-F1-model_v4.pdb	745	0.98035175	0.027613306
P49815	745	K	P		AF-P49815-F1-model_v4.pdb	745	1.0044043	0.032267515
P49815	745	K	Q		AF-P49815-F1-model_v4.pdb	745	0.92705524	0.039239198
P49815	745	K	R		AF-P49815-F1-model_v4.pdb	745	0.973479	0.03464341
P49815	745	K	S		AF-P49815-F1-model_v4.pdb	745	1.0060103	0.014993833
P49815	745	K	T		AF-P49815-F1-model_v4.pdb	745	1.0296508	0.023906196
P49815	745	K	V		AF-P49815-F1-model_v4.pdb	745	0.99071395	0.016992759
P49815	745	K	W		AF-P49815-F1-model_v4.pdb	745	0.8642062	0.014108655
P49815	745	K	Y		AF-P49815-F1-model_v4.pdb	745	0.9389343	0.032355297
P49815	746	T	A		AF-P49815-F1-model_v4.pdb	746	0.7652967	0.039757878
P49815	746	T	C		AF-P49815-F1-model_v4.pdb	746	0.7781664	0.038206156
P49815	746	T	D		AF-P49815-F1-model_v4.pdb	746	0.78432286	0.032586228
P49815	746	T	E		AF-P49815-F1-model_v4.pdb	746	0.7877458	0.022929493
P49815	746	T	F		AF-P49815-F1-model_v4.pdb	746	0.6951866	0.03263902
P49815	746	T	G		AF-P49815-F1-model_v4.pdb	746	0.7496827	0.017188199
P49815	746	T	H		AF-P49815-F1-model_v4.pdb	746	0.7593371	0.03058557
P49815	746	T	I		AF-P49815-F1-model_v4.pdb	746	0.7085061	0.032518126
P49815	746	T	K		AF-P49815-F1-model_v4.pdb	746	0.8081419	0.033005062
P49815	746	T	L		AF-P49815-F1-model_v4.pdb	746	0.76396525	0.033037994
P49815	746	T	M		AF-P49815-F1-model_v4.pdb	746	0.8378172	0.040755227
P49815	746	T	N		AF-P49815-F1-model_v4.pdb	746	0.7471305	0.044178557
P49815	746	T	P		AF-P49815-F1-model_v4.pdb	746	0.7304679	0.025816929
P49815	746	T	Q		AF-P49815-F1-model_v4.pdb	746	0.75565416	0.02119509
P49815	746	T	R		AF-P49815-F1-model_v4.pdb	746	0.85447186	0.031500295
P49815	746	T	S		AF-P49815-F1-model_v4.pdb	746	0.85499823	0.034107327
P49815	746	T	V		AF-P49815-F1-model_v4.pdb	746	0.7335162	0.022015123
P49815	746	T	W		AF-P49815-F1-model_v4.pdb	746	0.7616407	0.017644467
P49815	746	T	Y		AF-P49815-F1-model_v4.pdb	746	0.70342225	0.030682104
P49815	747	L	A		AF-P49815-F1-model_v4.pdb	747	0.9111632	0.023741486
P49815	747	L	C		AF-P49815-F1-model_v4.pdb	747	0.9439727	0.015703648
P49815	747	L	D		AF-P49815-F1-model_v4.pdb	747	0.88663405	0.022522368
P49815	747	L	E		AF-P49815-F1-model_v4.pdb	747	0.8131344	0.035271473
P49815	747	L	F		AF-P49815-F1-model_v4.pdb	747	0.82489824	0.031579766
P49815	747	L	G		AF-P49815-F1-model_v4.pdb	747	0.8523489	0.019494623
P49815	747	L	H		AF-P49815-F1-model_v4.pdb	747	0.7427603	0.031426437
P49815	747	L	I		AF-P49815-F1-model_v4.pdb	747	0.9113428	0.016114963
P49815	747	L	K		AF-P49815-F1-model_v4.pdb	747	0.84478223	0.042903185
P49815	747	L	M		AF-P49815-F1-model_v4.pdb	747	0.92674035	0.021615388
P49815	747	L	N		AF-P49815-F1-model_v4.pdb	747	0.82602155	0.019532708
P49815	747	L	P		AF-P49815-F1-model_v4.pdb	747	0.8026349	0.044251345
P49815	747	L	Q		AF-P49815-F1-model_v4.pdb	747	0.8222238	0.04331791
P49815	747	L	R		AF-P49815-F1-model_v4.pdb	747	0.82435673	0.035776608
P49815	747	L	S		AF-P49815-F1-model_v4.pdb	747	0.8621338	0.032679908
P49815	747	L	T		AF-P49815-F1-model_v4.pdb	747	0.8780168	0.028351376
P49815	747	L	V		AF-P49815-F1-model_v4.pdb	747	0.8910195	0.013582284
P49815	747	L	W		AF-P49815-F1-model_v4.pdb	747	0.8072909	0.027498048
P49815	747	L	Y		AF-P49815-F1-model_v4.pdb	747	0.81919706	0.02118332
P49815	748	E	A		AF-P49815-F1-model_v4.pdb	748	0.8236536	0.031148171
P49815	748	E	C		AF-P49815-F1-model_v4.pdb	748	0.807464	0.01377549
P49815	748	E	D		AF-P49815-F1-model_v4.pdb	748	0.88413846	0.025768274
P49815	748	E	F		AF-P49815-F1-model_v4.pdb	748	0.74425644	0.020680692
P49815	748	E	G		AF-P49815-F1-model_v4.pdb	748	0.8283436	0.021437224
P49815	748	E	H		AF-P49815-F1-model_v4.pdb	748	0.83060837	0.038800046
P49815	748	E	I		AF-P49815-F1-model_v4.pdb	748	0.714331	0.026657468
P49815	748	E	K		AF-P49815-F1-model_v4.pdb	748	0.80359566	0.024783058
P49815	748	E	L		AF-P49815-F1-model_v4.pdb	748	0.76316756	0.021729006
P49815	748	E	M		AF-P49815-F1-model_v4.pdb	748	0.7183888	0.03250862
P49815	748	E	N		AF-P49815-F1-model_v4.pdb	748	0.79363286	0.048064835
P49815	748	E	P		AF-P49815-F1-model_v4.pdb	748	0.76351607	0.025615504
P49815	748	E	Q		AF-P49815-F1-model_v4.pdb	748	0.87551785	0.030057732
P49815	748	E	R		AF-P49815-F1-model_v4.pdb	748	0.78044224	0.033601984
P49815	748	E	S		AF-P49815-F1-model_v4.pdb	748	0.8631153	0.021454966
P49815	748	E	T		AF-P49815-F1-model_v4.pdb	748	0.85071003	0.026659084
P49815	748	E	V		AF-P49815-F1-model_v4.pdb	748	0.7830203	0.017739598
P49815	748	E	W		AF-P49815-F1-model_v4.pdb	748	0.8722418	0.020122463
P49815	748	E	Y		AF-P49815-F1-model_v4.pdb	748	0.7754472	0.026150852
P49815	749	R	A		AF-P49815-F1-model_v4.pdb	749	0.9126034	0.032872736
P49815	749	R	C		AF-P49815-F1-model_v4.pdb	749	0.904807	0.03736213
P49815	749	R	D		AF-P49815-F1-model_v4.pdb	749	0.8423184	0.021827616
P49815	749	R	E		AF-P49815-F1-model_v4.pdb	749	0.88607043	0.0067662
P49815	749	R	F		AF-P49815-F1-model_v4.pdb	749	0.8420795	0.036848478
P49815	749	R	G		AF-P49815-F1-model_v4.pdb	749	0.895551	0.021797813
P49815	749	R	H		AF-P49815-F1-model_v4.pdb	749	0.9606557	0.014165464
P49815	749	R	I		AF-P49815-F1-model_v4.pdb	749	0.7940966	0.0050536264
P49815	749	R	K		AF-P49815-F1-model_v4.pdb	749	0.94656265	0.014920636
P49815	749	R	L		AF-P49815-F1-model_v4.pdb	749	0.80831707	0.022385241
P49815	749	R	M		AF-P49815-F1-model_v4.pdb	749	0.8760851	0.031001935
P49815	749	R	N		AF-P49815-F1-model_v4.pdb	749	0.92407846	0.019944282
P49815	749	R	P		AF-P49815-F1-model_v4.pdb	749	0.76287913	0.026795695
P49815	749	R	Q		AF-P49815-F1-model_v4.pdb	749	0.9395962	0.015977839
P49815	749	R	S		AF-P49815-F1-model_v4.pdb	749	0.9656358	0.0150501765
P49815	749	R	T		AF-P49815-F1-model_v4.pdb	749	0.90541255	0.017710755
P49815	749	R	V		AF-P49815-F1-model_v4.pdb	749	0.81997955	0.023920387
P49815	749	R	W		AF-P49815-F1-model_v4.pdb	749	0.9045993	0.014434126
P49815	749	R	Y		AF-P49815-F1-model_v4.pdb	749	0.91453713	0.03410855
P49815	750	L	A		AF-P49815-F1-model_v4.pdb	750	0.9996952	0.012440585
P49815	750	L	C		AF-P49815-F1-model_v4.pdb	750	0.96391594	0.020849371
P49815	750	L	D		AF-P49815-F1-model_v4.pdb	750	0.9173542	0.038779423
P49815	750	L	E		AF-P49815-F1-model_v4.pdb	750	0.90956545	0.02574975
P49815	750	L	F		AF-P49815-F1-model_v4.pdb	750	0.9569806	0.03607174
P49815	750	L	G		AF-P49815-F1-model_v4.pdb	750	0.85763675	0.019507999
P49815	750	L	H		AF-P49815-F1-model_v4.pdb	750	0.7787019	0.037493337
P49815	750	L	I		AF-P49815-F1-model_v4.pdb	750	1.0130972	0.026519628
P49815	750	L	K		AF-P49815-F1-model_v4.pdb	750	0.86012936	0.02509997
P49815	750	L	M		AF-P49815-F1-model_v4.pdb	750	0.9949867	0.05276639
P49815	750	L	N		AF-P49815-F1-model_v4.pdb	750	0.78690875	0.016364686
P49815	750	L	P		AF-P49815-F1-model_v4.pdb	750	0.86323225	0.022244027
P49815	750	L	Q		AF-P49815-F1-model_v4.pdb	750	0.87990415	0.03823869
P49815	750	L	R		AF-P49815-F1-model_v4.pdb	750	0.8816395	0.038353536
P49815	750	L	S		AF-P49815-F1-model_v4.pdb	750	0.9603289	0.02011318
P49815	750	L	T		AF-P49815-F1-model_v4.pdb	750	0.883207	0.016086986
P49815	750	L	V		AF-P49815-F1-model_v4.pdb	750	0.942618	0.03096023
P49815	750	L	W		AF-P49815-F1-model_v4.pdb	750	0.9038085	0.03419921
P49815	750	L	Y		AF-P49815-F1-model_v4.pdb	750	0.8807747	0.028505208
P49815	751	R	A		AF-P49815-F1-model_v4.pdb	751	0.93659145	0.013521761
P49815	751	R	C		AF-P49815-F1-model_v4.pdb	751	0.92182285	0.013668624
P49815	751	R	D		AF-P49815-F1-model_v4.pdb	751	0.89606714	0.019221378
P49815	751	R	E		AF-P49815-F1-model_v4.pdb	751	0.90395224	0.029077293
P49815	751	R	G		AF-P49815-F1-model_v4.pdb	751	0.9458605	0.0066081067
P49815	751	R	H		AF-P49815-F1-model_v4.pdb	751	0.9345571	0.014389752
P49815	751	R	I		AF-P49815-F1-model_v4.pdb	751	0.8301755	0.018484611
P49815	751	R	K		AF-P49815-F1-model_v4.pdb	751	0.96007425	0.033113163
P49815	751	R	L		AF-P49815-F1-model_v4.pdb	751	0.8166698	0.032230586
P49815	751	R	M		AF-P49815-F1-model_v4.pdb	751	0.87037647	0.020285994
P49815	751	R	N		AF-P49815-F1-model_v4.pdb	751	0.90527314	0.018070813
P49815	751	R	P		AF-P49815-F1-model_v4.pdb	751	0.8571286	0.02644633
P49815	751	R	Q		AF-P49815-F1-model_v4.pdb	751	0.95663023	0.04129577
P49815	751	R	S		AF-P49815-F1-model_v4.pdb	751	0.98890036	0.019746503
P49815	751	R	T		AF-P49815-F1-model_v4.pdb	751	0.9487077	0.018472193
P49815	751	R	V		AF-P49815-F1-model_v4.pdb	751	0.8648189	0.025498074
P49815	751	R	W		AF-P49815-F1-model_v4.pdb	751	0.88786936	0.0081676915
P49815	751	R	Y		AF-P49815-F1-model_v4.pdb	751	0.9158394	0.027701644
P49815	752	G	A		AF-P49815-F1-model_v4.pdb	752	0.97663754	0.012311274
P49815	752	G	C		AF-P49815-F1-model_v4.pdb	752	0.9788378	0.020346828
P49815	752	G	D		AF-P49815-F1-model_v4.pdb	752	0.9594334	0.009708943
P49815	752	G	E		AF-P49815-F1-model_v4.pdb	752	0.90410626	0.01464623
P49815	752	G	F		AF-P49815-F1-model_v4.pdb	752	0.9084121	0.032688133
P49815	752	G	H		AF-P49815-F1-model_v4.pdb	752	1.020855	0.019262312
P49815	752	G	I		AF-P49815-F1-model_v4.pdb	752	0.93748254	0.037091188
P49815	752	G	K		AF-P49815-F1-model_v4.pdb	752	0.9423787	0.020228824
P49815	752	G	L		AF-P49815-F1-model_v4.pdb	752	0.9492248	0.030533647
P49815	752	G	M		AF-P49815-F1-model_v4.pdb	752	1.0046798	0.014022761
P49815	752	G	N		AF-P49815-F1-model_v4.pdb	752	0.97683734	0.021682443
P49815	752	G	P		AF-P49815-F1-model_v4.pdb	752	0.9806	0.012590413
P49815	752	G	Q		AF-P49815-F1-model_v4.pdb	752	1.0122027	0.020657543
P49815	752	G	S		AF-P49815-F1-model_v4.pdb	752	0.94337237	0.007658335
P49815	752	G	T		AF-P49815-F1-model_v4.pdb	752	1.0114884	0.007812089
P49815	752	G	V		AF-P49815-F1-model_v4.pdb	752	0.9379114	0.025930235
P49815	752	G	W		AF-P49815-F1-model_v4.pdb	752	0.9164211	0.02937122
P49815	752	G	Y		AF-P49815-F1-model_v4.pdb	752	0.8898614	0.022142364
P49815	753	A	C		AF-P49815-F1-model_v4.pdb	753	0.98695576	0.023240697
P49815	753	A	D		AF-P49815-F1-model_v4.pdb	753	0.8909092	0.046494603
P49815	753	A	E		AF-P49815-F1-model_v4.pdb	753	0.91711795	0.02544549
P49815	753	A	F		AF-P49815-F1-model_v4.pdb	753	0.8861437	0.029834947
P49815	753	A	G		AF-P49815-F1-model_v4.pdb	753	0.90307367	0.003366915
P49815	753	A	H		AF-P49815-F1-model_v4.pdb	753	0.9288715	0.026735952
P49815	753	A	I		AF-P49815-F1-model_v4.pdb	753	0.81320333	0.028255966
P49815	753	A	K		AF-P49815-F1-model_v4.pdb	753	0.8080694	0.04492938
P49815	753	A	L		AF-P49815-F1-model_v4.pdb	753	0.85267925	0.020332184
P49815	753	A	M		AF-P49815-F1-model_v4.pdb	753	0.9270978	0.024644153
P49815	753	A	N		AF-P49815-F1-model_v4.pdb	753	0.91497433	0.030446716
P49815	753	A	P		AF-P49815-F1-model_v4.pdb	753	0.91124326	0.020211468
P49815	753	A	Q		AF-P49815-F1-model_v4.pdb	753	0.94286937	0.022454035
P49815	753	A	R		AF-P49815-F1-model_v4.pdb	753	0.8822859	0.03486683
P49815	753	A	S		AF-P49815-F1-model_v4.pdb	753	0.92846507	0.0351925
P49815	753	A	T		AF-P49815-F1-model_v4.pdb	753	0.84486926	0.028793762
P49815	753	A	V		AF-P49815-F1-model_v4.pdb	753	0.9315451	0.024923379
P49815	753	A	W		AF-P49815-F1-model_v4.pdb	753	0.840265	0.028067872
P49815	753	A	Y		AF-P49815-F1-model_v4.pdb	753	0.91389906	0.02126773
P49815	754	P	A		AF-P49815-F1-model_v4.pdb	754	0.9099785	0.035804182
P49815	754	P	C		AF-P49815-F1-model_v4.pdb	754	0.93498623	0.022206077
P49815	754	P	D		AF-P49815-F1-model_v4.pdb	754	0.9584896	0.018369105
P49815	754	P	E		AF-P49815-F1-model_v4.pdb	754	0.92919797	0.019846572
P49815	754	P	G		AF-P49815-F1-model_v4.pdb	754	0.8577283	0.030455507
P49815	754	P	H		AF-P49815-F1-model_v4.pdb	754	1.0207927	0.022227105
P49815	754	P	I		AF-P49815-F1-model_v4.pdb	754	0.85587215	0.026681187
P49815	754	P	K		AF-P49815-F1-model_v4.pdb	754	0.87612975	0.03171945
P49815	754	P	L		AF-P49815-F1-model_v4.pdb	754	0.8369153	0.031058326
P49815	754	P	M		AF-P49815-F1-model_v4.pdb	754	0.86787444	0.020796863
P49815	754	P	N		AF-P49815-F1-model_v4.pdb	754	0.970868	0.022567905
P49815	754	P	Q		AF-P49815-F1-model_v4.pdb	754	0.89764464	0.024135942
P49815	754	P	R		AF-P49815-F1-model_v4.pdb	754	0.8429387	0.038372025
P49815	754	P	S		AF-P49815-F1-model_v4.pdb	754	0.9328597	0.02810824
P49815	754	P	T		AF-P49815-F1-model_v4.pdb	754	0.90247643	0.023215948
P49815	754	P	V		AF-P49815-F1-model_v4.pdb	754	0.8892889	0.029964317
P49815	754	P	W		AF-P49815-F1-model_v4.pdb	754	0.8554964	0.027822115
P49815	754	P	Y		AF-P49815-F1-model_v4.pdb	754	0.9536659	0.04354642
P49815	755	E	A		AF-P49815-F1-model_v4.pdb	755	0.8841958	0.020479642
P49815	755	E	C		AF-P49815-F1-model_v4.pdb	755	0.9690248	0.026420958
P49815	755	E	D		AF-P49815-F1-model_v4.pdb	755	1.0119914	0.046527363
P49815	755	E	F		AF-P49815-F1-model_v4.pdb	755	0.82853067	0.031237941
P49815	755	E	G		AF-P49815-F1-model_v4.pdb	755	0.8796897	0.017828166
P49815	755	E	H		AF-P49815-F1-model_v4.pdb	755	0.87413204	0.044748995
P49815	755	E	I		AF-P49815-F1-model_v4.pdb	755	0.8031868	0.014113357
P49815	755	E	K		AF-P49815-F1-model_v4.pdb	755	0.8460943	0.03277249
P49815	755	E	L		AF-P49815-F1-model_v4.pdb	755	0.8295906	0.025756188
P49815	755	E	M		AF-P49815-F1-model_v4.pdb	755	0.8171377	0.04542776
P49815	755	E	N		AF-P49815-F1-model_v4.pdb	755	0.8555972	0.08073543
P49815	755	E	P		AF-P49815-F1-model_v4.pdb	755	0.8333336	0.068990454
P49815	755	E	Q		AF-P49815-F1-model_v4.pdb	755	0.99859333	0.03262031
P49815	755	E	R		AF-P49815-F1-model_v4.pdb	755	0.8705333	0.031548355
P49815	755	E	S		AF-P49815-F1-model_v4.pdb	755	0.90446454	0.034165516
P49815	755	E	T		AF-P49815-F1-model_v4.pdb	755	0.8512869	0.029680103
P49815	755	E	V		AF-P49815-F1-model_v4.pdb	755	0.83592767	0.026517168
P49815	755	E	W		AF-P49815-F1-model_v4.pdb	755	0.86638546	0.007637044
P49815	755	E	Y		AF-P49815-F1-model_v4.pdb	755	0.8204695	0.03185828
P49815	756	G	A		AF-P49815-F1-model_v4.pdb	756	0.9525814	0.017510723
P49815	756	G	C		AF-P49815-F1-model_v4.pdb	756	0.9319215	0.013490588
P49815	756	G	D		AF-P49815-F1-model_v4.pdb	756	1.0303398	0.023965543
P49815	756	G	E		AF-P49815-F1-model_v4.pdb	756	0.9755249	0.015386433
P49815	756	G	F		AF-P49815-F1-model_v4.pdb	756	0.8612096	0.012549873
P49815	756	G	H		AF-P49815-F1-model_v4.pdb	756	1.0424268	0.021207275
P49815	756	G	I		AF-P49815-F1-model_v4.pdb	756	0.90412295	0.026399735
P49815	756	G	K		AF-P49815-F1-model_v4.pdb	756	0.95566833	0.026529454
P49815	756	G	L		AF-P49815-F1-model_v4.pdb	756	0.9111522	0.023572264
P49815	756	G	M		AF-P49815-F1-model_v4.pdb	756	0.9595577	0.03459651
P49815	756	G	N		AF-P49815-F1-model_v4.pdb	756	1.0498531	0.01412155
P49815	756	G	P		AF-P49815-F1-model_v4.pdb	756	0.95519906	0.01590775
P49815	756	G	Q		AF-P49815-F1-model_v4.pdb	756	1.0357411	0.023429409
P49815	756	G	R		AF-P49815-F1-model_v4.pdb	756	0.9498671	0.025358379
P49815	756	G	S		AF-P49815-F1-model_v4.pdb	756	0.9915018	0.024514854
P49815	756	G	T		AF-P49815-F1-model_v4.pdb	756	1.0078981	0.024072196
P49815	756	G	V		AF-P49815-F1-model_v4.pdb	756	0.92381924	0.02257071
P49815	756	G	W		AF-P49815-F1-model_v4.pdb	756	0.88573885	0.017542595
P49815	756	G	Y		AF-P49815-F1-model_v4.pdb	756	0.9001175	0.022620277
P49815	757	F	A		AF-P49815-F1-model_v4.pdb	757	0.87888944	0.025498658
P49815	757	F	C		AF-P49815-F1-model_v4.pdb	757	0.89762324	0.020128582
P49815	757	F	D		AF-P49815-F1-model_v4.pdb	757	0.9454325	0.03351365
P49815	757	F	E		AF-P49815-F1-model_v4.pdb	757	0.92298806	0.030905746
P49815	757	F	G		AF-P49815-F1-model_v4.pdb	757	0.8571903	0.040219497
P49815	757	F	H		AF-P49815-F1-model_v4.pdb	757	0.9579579	0.019350039
P49815	757	F	I		AF-P49815-F1-model_v4.pdb	757	0.8585137	0.04652746
P49815	757	F	K		AF-P49815-F1-model_v4.pdb	757	0.82927656	0.045982223
P49815	757	F	L		AF-P49815-F1-model_v4.pdb	757	0.8798466	0.022707006
P49815	757	F	M		AF-P49815-F1-model_v4.pdb	757	0.9191062	0.033590164
P49815	757	F	N		AF-P49815-F1-model_v4.pdb	757	0.9497992	0.031183042
P49815	757	F	P		AF-P49815-F1-model_v4.pdb	757	0.8920226	0.03569958
P49815	757	F	Q		AF-P49815-F1-model_v4.pdb	757	0.8935159	0.035925917
P49815	757	F	R		AF-P49815-F1-model_v4.pdb	757	0.81593	0.046169087
P49815	757	F	S		AF-P49815-F1-model_v4.pdb	757	0.86325026	0.03496099
P49815	757	F	T		AF-P49815-F1-model_v4.pdb	757	0.8726407	0.045236796
P49815	757	F	V		AF-P49815-F1-model_v4.pdb	757	0.85618734	0.022588935
P49815	757	F	W		AF-P49815-F1-model_v4.pdb	757	0.9405184	0.036240555
P49815	757	F	Y		AF-P49815-F1-model_v4.pdb	757	0.97105616	0.03427433
P49815	1512	D	A		AF-P49815-F1-model_v4.pdb	1512	0.8453337	0.013839181
P49815	1512	D	C		AF-P49815-F1-model_v4.pdb	1512	0.8681637	0.023909312
P49815	1512	D	E		AF-P49815-F1-model_v4.pdb	1512	0.95307094	0.015115291
P49815	1512	D	F		AF-P49815-F1-model_v4.pdb	1512	0.77120906	0.035110053
P49815	1512	D	G		AF-P49815-F1-model_v4.pdb	1512	0.831062	0.018830264
P49815	1512	D	H		AF-P49815-F1-model_v4.pdb	1512	0.8749897	0.033046763
P49815	1512	D	I		AF-P49815-F1-model_v4.pdb	1512	0.73955804	0.028439276
P49815	1512	D	K		AF-P49815-F1-model_v4.pdb	1512	0.8825843	0.025203362
P49815	1512	D	L		AF-P49815-F1-model_v4.pdb	1512	0.77472144	0.03964628
P49815	1512	D	M		AF-P49815-F1-model_v4.pdb	1512	0.7618437	0.029120333
P49815	1512	D	N		AF-P49815-F1-model_v4.pdb	1512	0.8170983	0.030765701
P49815	1512	D	P		AF-P49815-F1-model_v4.pdb	1512	0.90467083	0.019613903
P49815	1512	D	Q		AF-P49815-F1-model_v4.pdb	1512	0.89732933	0.02107505
P49815	1512	D	R		AF-P49815-F1-model_v4.pdb	1512	0.8458778	0.031645603
P49815	1512	D	S		AF-P49815-F1-model_v4.pdb	1512	0.8401512	0.033207357
P49815	1512	D	T		AF-P49815-F1-model_v4.pdb	1512	0.84502304	0.020023046
P49815	1512	D	V		AF-P49815-F1-model_v4.pdb	1512	0.7755195	0.030862939
P49815	1512	D	W		AF-P49815-F1-model_v4.pdb	1512	0.8594903	0.025139125
P49815	1512	D	Y		AF-P49815-F1-model_v4.pdb	1512	0.8578085	0.033771373
P49815	1513	E	A		AF-P49815-F1-model_v4.pdb	1513	0.8734261	0.014529838
P49815	1513	E	C		AF-P49815-F1-model_v4.pdb	1513	0.9095866	0.019622589
P49815	1513	E	D		AF-P49815-F1-model_v4.pdb	1513	0.9999336	0.035221566
P49815	1513	E	F		AF-P49815-F1-model_v4.pdb	1513	0.82541955	0.022779508
P49815	1513	E	G		AF-P49815-F1-model_v4.pdb	1513	0.9292577	0.023314992
P49815	1513	E	H		AF-P49815-F1-model_v4.pdb	1513	0.87043035	0.03943272
P49815	1513	E	I		AF-P49815-F1-model_v4.pdb	1513	0.80343974	0.015428783
P49815	1513	E	K		AF-P49815-F1-model_v4.pdb	1513	0.80596715	0.038169272
P49815	1513	E	L		AF-P49815-F1-model_v4.pdb	1513	0.7854687	0.032737214
P49815	1513	E	M		AF-P49815-F1-model_v4.pdb	1513	0.88712853	0.03886934
P49815	1513	E	N		AF-P49815-F1-model_v4.pdb	1513	0.8048558	0.053691782
P49815	1513	E	P		AF-P49815-F1-model_v4.pdb	1513	0.9225585	0.025139416
P49815	1513	E	Q		AF-P49815-F1-model_v4.pdb	1513	0.939119	0.051079676
P49815	1513	E	R		AF-P49815-F1-model_v4.pdb	1513	0.863479	0.025852088
P49815	1513	E	S		AF-P49815-F1-model_v4.pdb	1513	0.787832	0.040322807
P49815	1513	E	T		AF-P49815-F1-model_v4.pdb	1513	0.86373585	0.014605574
P49815	1513	E	V		AF-P49815-F1-model_v4.pdb	1513	0.83866656	0.014270605
P49815	1513	E	W		AF-P49815-F1-model_v4.pdb	1513	0.9482735	0.016891213
P49815	1513	E	Y		AF-P49815-F1-model_v4.pdb	1513	0.9223464	0.027145224
P49815	1514	S	A		AF-P49815-F1-model_v4.pdb	1514	0.8840291	0.02279009
P49815	1514	S	C		AF-P49815-F1-model_v4.pdb	1514	0.95421207	0.042249084
P49815	1514	S	D		AF-P49815-F1-model_v4.pdb	1514	1.068836	0.03921752
P49815	1514	S	E		AF-P49815-F1-model_v4.pdb	1514	0.9909679	0.030323591
P49815	1514	S	F		AF-P49815-F1-model_v4.pdb	1514	0.9234034	0.03315176
P49815	1514	S	G		AF-P49815-F1-model_v4.pdb	1514	0.94340885	0.011414856
P49815	1514	S	H		AF-P49815-F1-model_v4.pdb	1514	0.977699	0.04747994
P49815	1514	S	I		AF-P49815-F1-model_v4.pdb	1514	0.8398945	0.036804814
P49815	1514	S	K		AF-P49815-F1-model_v4.pdb	1514	0.8583002	0.05524949
P49815	1514	S	L		AF-P49815-F1-model_v4.pdb	1514	0.83787745	0.041811854
P49815	1514	S	M		AF-P49815-F1-model_v4.pdb	1514	0.8837903	0.036373235
P49815	1514	S	N		AF-P49815-F1-model_v4.pdb	1514	0.8917948	0.051896326
P49815	1514	S	P		AF-P49815-F1-model_v4.pdb	1514	0.8821346	0.033760894
P49815	1514	S	Q		AF-P49815-F1-model_v4.pdb	1514	1.0135307	0.039050423
P49815	1514	S	R		AF-P49815-F1-model_v4.pdb	1514	0.92217886	0.044328865
P49815	1514	S	T		AF-P49815-F1-model_v4.pdb	1514	0.8637868	0.028577443
P49815	1514	S	V		AF-P49815-F1-model_v4.pdb	1514	0.8139248	0.03798343
P49815	1514	S	W		AF-P49815-F1-model_v4.pdb	1514	0.91889036	0.012841881
P49815	1514	S	Y		AF-P49815-F1-model_v4.pdb	1514	1.0108589	0.028944133
P49815	1515	N	A		AF-P49815-F1-model_v4.pdb	1515	0.9265836	0.04069247
P49815	1515	N	C		AF-P49815-F1-model_v4.pdb	1515	0.9684682	0.04250712
P49815	1515	N	D		AF-P49815-F1-model_v4.pdb	1515	0.95972407	0.033313774
P49815	1515	N	E		AF-P49815-F1-model_v4.pdb	1515	0.87339896	0.026487352
P49815	1515	N	F		AF-P49815-F1-model_v4.pdb	1515	0.7951971	0.03332276
P49815	1515	N	G		AF-P49815-F1-model_v4.pdb	1515	0.9657046	0.030110989
P49815	1515	N	H		AF-P49815-F1-model_v4.pdb	1515	1.0090005	0.029031703
P49815	1515	N	I		AF-P49815-F1-model_v4.pdb	1515	0.83178914	0.01745891
P49815	1515	N	K		AF-P49815-F1-model_v4.pdb	1515	0.88985604	0.02937854
P49815	1515	N	L		AF-P49815-F1-model_v4.pdb	1515	0.84573156	0.019111088
P49815	1515	N	M		AF-P49815-F1-model_v4.pdb	1515	0.97293395	0.042630896
P49815	1515	N	P		AF-P49815-F1-model_v4.pdb	1515	0.77393466	0.027400265
P49815	1515	N	Q		AF-P49815-F1-model_v4.pdb	1515	0.96736175	0.022953361
P49815	1515	N	R		AF-P49815-F1-model_v4.pdb	1515	0.85654944	0.027967332
P49815	1515	N	S		AF-P49815-F1-model_v4.pdb	1515	0.97871304	0.040874545
P49815	1515	N	T		AF-P49815-F1-model_v4.pdb	1515	0.99526155	0.027523227
P49815	1515	N	V		AF-P49815-F1-model_v4.pdb	1515	0.8186259	0.033244472
P49815	1515	N	W		AF-P49815-F1-model_v4.pdb	1515	0.92489177	0.028902171
P49815	1515	N	Y		AF-P49815-F1-model_v4.pdb	1515	0.9686478	0.019951379
P49815	1516	K	A		AF-P49815-F1-model_v4.pdb	1516	0.876392	0.031262264
P49815	1516	K	C		AF-P49815-F1-model_v4.pdb	1516	0.9749543	0.016290622
P49815	1516	K	D		AF-P49815-F1-model_v4.pdb	1516	0.9372282	0.020202512
P49815	1516	K	E		AF-P49815-F1-model_v4.pdb	1516	0.89100504	0.027327403
P49815	1516	K	F		AF-P49815-F1-model_v4.pdb	1516	0.78802305	0.03382558
P49815	1516	K	G		AF-P49815-F1-model_v4.pdb	1516	0.8587839	0.027699308
P49815	1516	K	H		AF-P49815-F1-model_v4.pdb	1516	0.8826963	0.028044244
P49815	1516	K	I		AF-P49815-F1-model_v4.pdb	1516	0.747445	0.022955677
P49815	1516	K	L		AF-P49815-F1-model_v4.pdb	1516	0.7753686	0.015947856
P49815	1516	K	M		AF-P49815-F1-model_v4.pdb	1516	0.7984071	0.027488375
P49815	1516	K	N		AF-P49815-F1-model_v4.pdb	1516	0.9200182	0.021655291
P49815	1516	K	P		AF-P49815-F1-model_v4.pdb	1516	0.86278945	0.019481465
P49815	1516	K	Q		AF-P49815-F1-model_v4.pdb	1516	0.928407	0.022306211
P49815	1516	K	R		AF-P49815-F1-model_v4.pdb	1516	0.8813732	0.020388773
P49815	1516	K	S		AF-P49815-F1-model_v4.pdb	1516	0.90189093	0.02789614
P49815	1516	K	T		AF-P49815-F1-model_v4.pdb	1516	0.94801486	0.018848179
P49815	1516	K	V		AF-P49815-F1-model_v4.pdb	1516	0.87118816	0.029881572
P49815	1516	K	W		AF-P49815-F1-model_v4.pdb	1516	0.79100335	0.014195166
P49815	1516	K	Y		AF-P49815-F1-model_v4.pdb	1516	0.84029377	0.035684064
P49815	1517	P	A		AF-P49815-F1-model_v4.pdb	1517	0.89478505	0.022038938
P49815	1517	P	C		AF-P49815-F1-model_v4.pdb	1517	0.92864496	0.018922472
P49815	1517	P	D		AF-P49815-F1-model_v4.pdb	1517	0.8839313	0.030235222
P49815	1517	P	E		AF-P49815-F1-model_v4.pdb	1517	0.8871487	0.04095088
P49815	1517	P	F		AF-P49815-F1-model_v4.pdb	1517	0.77305746	0.017313743
P49815	1517	P	G		AF-P49815-F1-model_v4.pdb	1517	0.89994466	0.011868219
P49815	1517	P	H		AF-P49815-F1-model_v4.pdb	1517	0.9087492	0.025800832
P49815	1517	P	I		AF-P49815-F1-model_v4.pdb	1517	0.78673947	0.014738097
P49815	1517	P	K		AF-P49815-F1-model_v4.pdb	1517	0.8454463	0.049679324
P49815	1517	P	L		AF-P49815-F1-model_v4.pdb	1517	0.7553498	0.033462305
P49815	1517	P	M		AF-P49815-F1-model_v4.pdb	1517	0.82855463	0.043262277
P49815	1517	P	N		AF-P49815-F1-model_v4.pdb	1517	0.93953025	0.033478912
P49815	1517	P	Q		AF-P49815-F1-model_v4.pdb	1517	0.8454437	0.035290625
P49815	1517	P	R		AF-P49815-F1-model_v4.pdb	1517	0.90642774	0.038199008
P49815	1517	P	S		AF-P49815-F1-model_v4.pdb	1517	0.86217517	0.02902794
P49815	1517	P	T		AF-P49815-F1-model_v4.pdb	1517	0.9042115	0.028125307
P49815	1517	P	V		AF-P49815-F1-model_v4.pdb	1517	0.8059176	0.01870433
P49815	1517	P	W		AF-P49815-F1-model_v4.pdb	1517	0.80511075	0.023042765
P49815	1517	P	Y		AF-P49815-F1-model_v4.pdb	1517	0.8450257	0.02161923
P49815	1518	I	A		AF-P49815-F1-model_v4.pdb	1518	1.0036614	0.027823182
P49815	1518	I	C		AF-P49815-F1-model_v4.pdb	1518	0.9915153	0.0174023
P49815	1518	I	D		AF-P49815-F1-model_v4.pdb	1518	0.95387983	0.040950987
P49815	1518	I	E		AF-P49815-F1-model_v4.pdb	1518	0.90775853	0.03088285
P49815	1518	I	F		AF-P49815-F1-model_v4.pdb	1518	0.971934	0.019774325
P49815	1518	I	G		AF-P49815-F1-model_v4.pdb	1518	0.9318805	0.031044682
P49815	1518	I	H		AF-P49815-F1-model_v4.pdb	1518	0.95666504	0.038709298
P49815	1518	I	K		AF-P49815-F1-model_v4.pdb	1518	0.916148	0.017213091
P49815	1518	I	L		AF-P49815-F1-model_v4.pdb	1518	0.9927956	0.010540654
P49815	1518	I	M		AF-P49815-F1-model_v4.pdb	1518	0.96782476	0.043929085
P49815	1518	I	N		AF-P49815-F1-model_v4.pdb	1518	0.9851111	0.027660925
P49815	1518	I	P		AF-P49815-F1-model_v4.pdb	1518	0.89731884	0.026767815
P49815	1518	I	Q		AF-P49815-F1-model_v4.pdb	1518	0.929739	0.038215194
P49815	1518	I	R		AF-P49815-F1-model_v4.pdb	1518	0.90899193	0.039251566
P49815	1518	I	S		AF-P49815-F1-model_v4.pdb	1518	0.9117862	0.056990836
P49815	1518	I	T		AF-P49815-F1-model_v4.pdb	1518	0.9186465	0.054481145
P49815	1518	I	V		AF-P49815-F1-model_v4.pdb	1518	0.9794138	0.025377939
P49815	1518	I	W		AF-P49815-F1-model_v4.pdb	1518	0.9049519	0.036191672
P49815	1518	I	Y		AF-P49815-F1-model_v4.pdb	1518	0.96543014	0.043776527
P49815	1519	L	A		AF-P49815-F1-model_v4.pdb	1519	0.9830144	0.02198403
P49815	1519	L	C		AF-P49815-F1-model_v4.pdb	1519	0.9603342	0.020047667
P49815	1519	L	D		AF-P49815-F1-model_v4.pdb	1519	0.86799765	0.039551806
P49815	1519	L	E		AF-P49815-F1-model_v4.pdb	1519	0.8699214	0.03908903
P49815	1519	L	F		AF-P49815-F1-model_v4.pdb	1519	0.9922034	0.027966648
P49815	1519	L	G		AF-P49815-F1-model_v4.pdb	1519	0.8787842	0.02643076
P49815	1519	L	H		AF-P49815-F1-model_v4.pdb	1519	1.0221767	0.036004595
P49815	1519	L	I		AF-P49815-F1-model_v4.pdb	1519	0.9206651	0.018887926
P49815	1519	L	K		AF-P49815-F1-model_v4.pdb	1519	0.95935977	0.045465257
P49815	1519	L	M		AF-P49815-F1-model_v4.pdb	1519	0.99690026	0.03688038
P49815	1519	L	N		AF-P49815-F1-model_v4.pdb	1519	0.9275101	0.05112567
P49815	1519	L	P		AF-P49815-F1-model_v4.pdb	1519	0.8667199	0.04005648
P49815	1519	L	Q		AF-P49815-F1-model_v4.pdb	1519	0.90580904	0.037042074
P49815	1519	L	R		AF-P49815-F1-model_v4.pdb	1519	0.9202328	0.049307674
P49815	1519	L	S		AF-P49815-F1-model_v4.pdb	1519	0.9516922	0.023608793
P49815	1519	L	T		AF-P49815-F1-model_v4.pdb	1519	0.87523615	0.033456452
P49815	1519	L	V		AF-P49815-F1-model_v4.pdb	1519	0.92617387	0.009483308
P49815	1519	L	W		AF-P49815-F1-model_v4.pdb	1519	0.9115319	0.026988037
P49815	1519	L	Y		AF-P49815-F1-model_v4.pdb	1519	0.9541408	0.034033097
P49815	1520	L	A		AF-P49815-F1-model_v4.pdb	1520	0.9161398	0.016481968
P49815	1520	L	C		AF-P49815-F1-model_v4.pdb	1520	0.93203676	0.017278202
P49815	1520	L	D		AF-P49815-F1-model_v4.pdb	1520	0.88363916	0.030099737
P49815	1520	L	E		AF-P49815-F1-model_v4.pdb	1520	0.8322209	0.016249975
P49815	1520	L	F		AF-P49815-F1-model_v4.pdb	1520	0.866389	0.042622298
P49815	1520	L	G		AF-P49815-F1-model_v4.pdb	1520	0.8196281	0.0494383
P49815	1520	L	H		AF-P49815-F1-model_v4.pdb	1520	0.795931	0.01936866
P49815	1520	L	I		AF-P49815-F1-model_v4.pdb	1520	0.92089856	0.009160563
P49815	1520	L	K		AF-P49815-F1-model_v4.pdb	1520	0.82494134	0.056502447
P49815	1520	L	M		AF-P49815-F1-model_v4.pdb	1520	0.9060243	0.03928152
P49815	1520	L	N		AF-P49815-F1-model_v4.pdb	1520	0.897909	0.032768767
P49815	1520	L	P		AF-P49815-F1-model_v4.pdb	1520	0.8591639	0.029948229
P49815	1520	L	Q		AF-P49815-F1-model_v4.pdb	1520	0.8784336	0.035616763
P49815	1520	L	R		AF-P49815-F1-model_v4.pdb	1520	0.9044906	0.05101765
P49815	1520	L	S		AF-P49815-F1-model_v4.pdb	1520	0.84892195	0.021776136
P49815	1520	L	T		AF-P49815-F1-model_v4.pdb	1520	0.8611802	0.018979482
P49815	1520	L	V		AF-P49815-F1-model_v4.pdb	1520	0.89096344	0.025048897
P49815	1520	L	W		AF-P49815-F1-model_v4.pdb	1520	0.905311	0.052534714
P49815	1520	L	Y		AF-P49815-F1-model_v4.pdb	1520	0.8684068	0.0465461
P49815	1521	P	A		AF-P49815-F1-model_v4.pdb	1521	0.98631364	0.02021088
P49815	1521	P	C		AF-P49815-F1-model_v4.pdb	1521	0.98321354	0.034857873
P49815	1521	P	D		AF-P49815-F1-model_v4.pdb	1521	0.98796624	0.027585197
P49815	1521	P	E		AF-P49815-F1-model_v4.pdb	1521	0.9693017	0.021487586
P49815	1521	P	F		AF-P49815-F1-model_v4.pdb	1521	0.9186834	0.036685172
P49815	1521	P	G		AF-P49815-F1-model_v4.pdb	1521	0.9266375	0.01462561
P49815	1521	P	H		AF-P49815-F1-model_v4.pdb	1521	1.02453	0.04485847
P49815	1521	P	I		AF-P49815-F1-model_v4.pdb	1521	0.90672666	0.030751543
P49815	1521	P	K		AF-P49815-F1-model_v4.pdb	1521	0.8382017	0.03955452
P49815	1521	P	L		AF-P49815-F1-model_v4.pdb	1521	0.90728056	0.030030323
P49815	1521	P	M		AF-P49815-F1-model_v4.pdb	1521	0.94539756	0.038464513
P49815	1521	P	N		AF-P49815-F1-model_v4.pdb	1521	0.97498876	0.027651953
P49815	1521	P	Q		AF-P49815-F1-model_v4.pdb	1521	0.97268164	0.033534758
P49815	1521	P	R		AF-P49815-F1-model_v4.pdb	1521	0.83510333	0.017514376
P49815	1521	P	S		AF-P49815-F1-model_v4.pdb	1521	0.93092126	0.023530707
P49815	1521	P	T		AF-P49815-F1-model_v4.pdb	1521	0.97002906	0.02407994
P49815	1521	P	V		AF-P49815-F1-model_v4.pdb	1521	0.9011568	0.007495792
P49815	1521	P	W		AF-P49815-F1-model_v4.pdb	1521	0.8821244	0.03020736
P49815	1521	P	Y		AF-P49815-F1-model_v4.pdb	1521	0.9064948	0.024411079
P49815	1522	N	A		AF-P49815-F1-model_v4.pdb	1522	0.904837	0.018311933
P49815	1522	N	C		AF-P49815-F1-model_v4.pdb	1522	0.94197524	0.037218235
P49815	1522	N	D		AF-P49815-F1-model_v4.pdb	1522	0.9157074	0.029488852
P49815	1522	N	E		AF-P49815-F1-model_v4.pdb	1522	0.8986763	0.034520686
P49815	1522	N	F		AF-P49815-F1-model_v4.pdb	1522	0.7337962	0.04066954
P49815	1522	N	G		AF-P49815-F1-model_v4.pdb	1522	0.9167016	0.02046772
P49815	1522	N	H		AF-P49815-F1-model_v4.pdb	1522	0.9284975	0.020907465
P49815	1522	N	I		AF-P49815-F1-model_v4.pdb	1522	0.78084254	0.020640144
P49815	1522	N	K		AF-P49815-F1-model_v4.pdb	1522	0.82921	0.0715613
P49815	1522	N	L		AF-P49815-F1-model_v4.pdb	1522	0.7942149	0.04180674
P49815	1522	N	M		AF-P49815-F1-model_v4.pdb	1522	0.8692535	0.021871628
P49815	1522	N	P		AF-P49815-F1-model_v4.pdb	1522	0.8771111	0.04742484
P49815	1522	N	Q		AF-P49815-F1-model_v4.pdb	1522	0.96715415	0.027430236
P49815	1522	N	R		AF-P49815-F1-model_v4.pdb	1522	0.8791561	0.03521956
P49815	1522	N	S		AF-P49815-F1-model_v4.pdb	1522	0.8794492	0.041322257
P49815	1522	N	T		AF-P49815-F1-model_v4.pdb	1522	0.8735509	0.032777328
P49815	1522	N	V		AF-P49815-F1-model_v4.pdb	1522	0.7403272	0.038306627
P49815	1522	N	W		AF-P49815-F1-model_v4.pdb	1522	0.90055025	0.034104772
P49815	1522	N	Y		AF-P49815-F1-model_v4.pdb	1522	0.96535623	0.029923119
P49815	1523	E	A		AF-P49815-F1-model_v4.pdb	1523	0.8445457	0.019788979
P49815	1523	E	C		AF-P49815-F1-model_v4.pdb	1523	0.8804544	0.026643679
P49815	1523	E	D		AF-P49815-F1-model_v4.pdb	1523	0.9184222	0.06038003
P49815	1523	E	F		AF-P49815-F1-model_v4.pdb	1523	0.8143722	0.034730386
P49815	1523	E	G		AF-P49815-F1-model_v4.pdb	1523	0.90555286	0.02355798
P49815	1523	E	H		AF-P49815-F1-model_v4.pdb	1523	0.8647874	0.050298184
P49815	1523	E	I		AF-P49815-F1-model_v4.pdb	1523	0.784797	0.029019104
P49815	1523	E	K		AF-P49815-F1-model_v4.pdb	1523	0.79510516	0.06497457
P49815	1523	E	L		AF-P49815-F1-model_v4.pdb	1523	0.7921507	0.022053009
P49815	1523	E	M		AF-P49815-F1-model_v4.pdb	1523	0.8672365	0.029655587
P49815	1523	E	N		AF-P49815-F1-model_v4.pdb	1523	0.7846216	0.081620924
P49815	1523	E	P		AF-P49815-F1-model_v4.pdb	1523	0.83072567	0.04293372
P49815	1523	E	Q		AF-P49815-F1-model_v4.pdb	1523	0.88574344	0.0582297
P49815	1523	E	R		AF-P49815-F1-model_v4.pdb	1523	0.8615583	0.03922199
P49815	1523	E	S		AF-P49815-F1-model_v4.pdb	1523	0.7617575	0.035695538
P49815	1523	E	T		AF-P49815-F1-model_v4.pdb	1523	0.88314307	0.026116977
P49815	1523	E	V		AF-P49815-F1-model_v4.pdb	1523	0.8529938	0.010641601
P49815	1523	E	W		AF-P49815-F1-model_v4.pdb	1523	0.9327019	0.042844757
P49815	1523	E	Y		AF-P49815-F1-model_v4.pdb	1523	0.90284556	0.03716574
P49815	1524	S	A		AF-P49815-F1-model_v4.pdb	1524	0.96185076	0.0427389
P49815	1524	S	C		AF-P49815-F1-model_v4.pdb	1524	0.95380133	0.039066374
P49815	1524	S	D		AF-P49815-F1-model_v4.pdb	1524	0.9690436	0.019100696
P49815	1524	S	E		AF-P49815-F1-model_v4.pdb	1524	0.9282831	0.040014178
P49815	1524	S	F		AF-P49815-F1-model_v4.pdb	1524	0.86011094	0.029798321
P49815	1524	S	G		AF-P49815-F1-model_v4.pdb	1524	0.89775515	0.030647255
P49815	1524	S	H		AF-P49815-F1-model_v4.pdb	1524	0.8529359	0.040810544
P49815	1524	S	I		AF-P49815-F1-model_v4.pdb	1524	0.8111057	0.03814491
P49815	1524	S	K		AF-P49815-F1-model_v4.pdb	1524	0.75238144	0.061349347
P49815	1524	S	L		AF-P49815-F1-model_v4.pdb	1524	0.85247743	0.028989216
P49815	1524	S	M		AF-P49815-F1-model_v4.pdb	1524	0.84134305	0.033085275
P49815	1524	S	N		AF-P49815-F1-model_v4.pdb	1524	0.9383581	0.04802275
P49815	1524	S	P		AF-P49815-F1-model_v4.pdb	1524	0.7982957	0.0312688
P49815	1524	S	Q		AF-P49815-F1-model_v4.pdb	1524	0.83206785	0.032224912
P49815	1524	S	R		AF-P49815-F1-model_v4.pdb	1524	0.7958868	0.04241599
P49815	1524	S	T		AF-P49815-F1-model_v4.pdb	1524	0.94005716	0.06114762
P49815	1524	S	V		AF-P49815-F1-model_v4.pdb	1524	0.814633	0.031085901
P49815	1524	S	W		AF-P49815-F1-model_v4.pdb	1524	0.827885	0.017964507
P49815	1524	S	Y		AF-P49815-F1-model_v4.pdb	1524	0.8156654	0.03986235
P49815	1525	Q	A		AF-P49815-F1-model_v4.pdb	1525	0.9051488	0.031780712
P49815	1525	Q	C		AF-P49815-F1-model_v4.pdb	1525	0.9578136	0.0073485775
P49815	1525	Q	D		AF-P49815-F1-model_v4.pdb	1525	0.9445561	0.03967564
P49815	1525	Q	E		AF-P49815-F1-model_v4.pdb	1525	0.90231305	0.04770215
P49815	1525	Q	F		AF-P49815-F1-model_v4.pdb	1525	0.78940594	0.021163162
P49815	1525	Q	G		AF-P49815-F1-model_v4.pdb	1525	0.9802688	0.021210078
P49815	1525	Q	H		AF-P49815-F1-model_v4.pdb	1525	0.9506561	0.03368686
P49815	1525	Q	I		AF-P49815-F1-model_v4.pdb	1525	0.7409609	0.027082495
P49815	1525	Q	K		AF-P49815-F1-model_v4.pdb	1525	0.73507917	0.09454185
P49815	1525	Q	L		AF-P49815-F1-model_v4.pdb	1525	0.70122725	0.03703705
P49815	1525	Q	M		AF-P49815-F1-model_v4.pdb	1525	0.9081615	0.035908464
P49815	1525	Q	N		AF-P49815-F1-model_v4.pdb	1525	0.99235094	0.043342452
P49815	1525	Q	P		AF-P49815-F1-model_v4.pdb	1525	0.86420935	0.034564216
P49815	1525	Q	R		AF-P49815-F1-model_v4.pdb	1525	0.76887494	0.060239725
P49815	1525	Q	S		AF-P49815-F1-model_v4.pdb	1525	0.9123024	0.035590254
P49815	1525	Q	T		AF-P49815-F1-model_v4.pdb	1525	0.95401907	0.027045367
P49815	1525	Q	V		AF-P49815-F1-model_v4.pdb	1525	0.81721294	0.012088767
P49815	1525	Q	W		AF-P49815-F1-model_v4.pdb	1525	0.95445806	0.025840346
P49815	1525	Q	Y		AF-P49815-F1-model_v4.pdb	1525	0.93911344	0.024939634
P49815	1526	S	A		AF-P49815-F1-model_v4.pdb	1526	0.9489852	0.04121397
P49815	1526	S	C		AF-P49815-F1-model_v4.pdb	1526	0.9757673	0.04046861
P49815	1526	S	D		AF-P49815-F1-model_v4.pdb	1526	0.97115976	0.040147357
P49815	1526	S	E		AF-P49815-F1-model_v4.pdb	1526	0.9822155	0.051892016
P49815	1526	S	F		AF-P49815-F1-model_v4.pdb	1526	0.88457614	0.023667816
P49815	1526	S	G		AF-P49815-F1-model_v4.pdb	1526	0.9883378	0.024590546
P49815	1526	S	H		AF-P49815-F1-model_v4.pdb	1526	0.9284066	0.042405907
P49815	1526	S	I		AF-P49815-F1-model_v4.pdb	1526	0.8343876	0.014518531
P49815	1526	S	K		AF-P49815-F1-model_v4.pdb	1526	0.79701984	0.07500365
P49815	1526	S	L		AF-P49815-F1-model_v4.pdb	1526	0.8281841	0.023057612
P49815	1526	S	M		AF-P49815-F1-model_v4.pdb	1526	0.883423	0.039635256
P49815	1526	S	N		AF-P49815-F1-model_v4.pdb	1526	0.9410018	0.059580978
P49815	1526	S	P		AF-P49815-F1-model_v4.pdb	1526	0.8861945	0.026529673
P49815	1526	S	Q		AF-P49815-F1-model_v4.pdb	1526	0.91878283	0.03979916
P49815	1526	S	R		AF-P49815-F1-model_v4.pdb	1526	0.8392283	0.06027621
P49815	1526	S	T		AF-P49815-F1-model_v4.pdb	1526	0.8666984	0.04746053
P49815	1526	S	V		AF-P49815-F1-model_v4.pdb	1526	0.8590317	0.01742595
P49815	1526	S	W		AF-P49815-F1-model_v4.pdb	1526	0.85032064	0.035931572
P49815	1526	S	Y		AF-P49815-F1-model_v4.pdb	1526	1.0128686	0.036127165
P49815	1527	F	A		AF-P49815-F1-model_v4.pdb	1527	0.9957153	0.021944981
P49815	1527	F	C		AF-P49815-F1-model_v4.pdb	1527	0.95319414	0.023477195
P49815	1527	F	D		AF-P49815-F1-model_v4.pdb	1527	0.86112595	0.031275406
P49815	1527	F	E		AF-P49815-F1-model_v4.pdb	1527	0.86789864	0.028816888
P49815	1527	F	G		AF-P49815-F1-model_v4.pdb	1527	0.89927864	0.033512443
P49815	1527	F	H		AF-P49815-F1-model_v4.pdb	1527	0.889057	0.043020625
P49815	1527	F	I		AF-P49815-F1-model_v4.pdb	1527	0.91040576	0.03144244
P49815	1527	F	K		AF-P49815-F1-model_v4.pdb	1527	0.8361195	0.044780377
P49815	1527	F	L		AF-P49815-F1-model_v4.pdb	1527	0.9498418	0.03952265
P49815	1527	F	M		AF-P49815-F1-model_v4.pdb	1527	0.9913149	0.041184045
P49815	1527	F	N		AF-P49815-F1-model_v4.pdb	1527	0.9205979	0.04012427
P49815	1527	F	P		AF-P49815-F1-model_v4.pdb	1527	0.87564164	0.036681518
P49815	1527	F	Q		AF-P49815-F1-model_v4.pdb	1527	0.8388524	0.028162142
P49815	1527	F	R		AF-P49815-F1-model_v4.pdb	1527	0.82188016	0.051367458
P49815	1527	F	S		AF-P49815-F1-model_v4.pdb	1527	0.90097904	0.027615333
P49815	1527	F	T		AF-P49815-F1-model_v4.pdb	1527	0.9628627	0.03319353
P49815	1527	F	V		AF-P49815-F1-model_v4.pdb	1527	0.95169723	0.03141553
P49815	1527	F	W		AF-P49815-F1-model_v4.pdb	1527	0.9870569	0.034103595
P49815	1527	F	Y		AF-P49815-F1-model_v4.pdb	1527	0.9512218	0.027351988
P49815	1528	E	A		AF-P49815-F1-model_v4.pdb	1528	0.87670743	0.012876739
P49815	1528	E	C		AF-P49815-F1-model_v4.pdb	1528	0.8532979	0.011199372
P49815	1528	E	D		AF-P49815-F1-model_v4.pdb	1528	0.9087435	0.04226645
P49815	1528	E	F		AF-P49815-F1-model_v4.pdb	1528	0.7297403	0.00809144
P49815	1528	E	G		AF-P49815-F1-model_v4.pdb	1528	0.88629425	0.023576949
P49815	1528	E	H		AF-P49815-F1-model_v4.pdb	1528	0.81494063	0.020443607
P49815	1528	E	I		AF-P49815-F1-model_v4.pdb	1528	0.79189134	0.032306388
P49815	1528	E	K		AF-P49815-F1-model_v4.pdb	1528	0.80311763	0.03809826
P49815	1528	E	L		AF-P49815-F1-model_v4.pdb	1528	0.7911495	0.02029801
P49815	1528	E	M		AF-P49815-F1-model_v4.pdb	1528	0.87497294	0.026768733
P49815	1528	E	N		AF-P49815-F1-model_v4.pdb	1528	0.8236275	0.069701605
P49815	1528	E	P		AF-P49815-F1-model_v4.pdb	1528	0.8416339	0.037944194
P49815	1528	E	Q		AF-P49815-F1-model_v4.pdb	1528	0.8800171	0.03474473
P49815	1528	E	R		AF-P49815-F1-model_v4.pdb	1528	0.84401214	0.01895822
P49815	1528	E	S		AF-P49815-F1-model_v4.pdb	1528	0.8540406	0.05316004
P49815	1528	E	T		AF-P49815-F1-model_v4.pdb	1528	0.81282264	0.03147516
P49815	1528	E	V		AF-P49815-F1-model_v4.pdb	1528	0.8087082	0.03539932
P49815	1528	E	W		AF-P49815-F1-model_v4.pdb	1528	0.8077067	0.017082626
P49815	1528	E	Y		AF-P49815-F1-model_v4.pdb	1528	0.7865693	0.021346224
P49815	1529	R	A		AF-P49815-F1-model_v4.pdb	1529	0.96503484	0.014148312
P49815	1529	R	C		AF-P49815-F1-model_v4.pdb	1529	0.9733304	0.018003784
P49815	1529	R	D		AF-P49815-F1-model_v4.pdb	1529	0.918965	0.032469656
P49815	1529	R	E		AF-P49815-F1-model_v4.pdb	1529	0.9635994	0.029884221
P49815	1529	R	F		AF-P49815-F1-model_v4.pdb	1529	0.88171923	0.037165325
P49815	1529	R	G		AF-P49815-F1-model_v4.pdb	1529	0.9351309	0.03212383
P49815	1529	R	H		AF-P49815-F1-model_v4.pdb	1529	0.9866284	0.024232613
P49815	1529	R	I		AF-P49815-F1-model_v4.pdb	1529	0.88087416	0.033973064
P49815	1529	R	K		AF-P49815-F1-model_v4.pdb	1529	0.99021673	0.035594653
P49815	1529	R	L		AF-P49815-F1-model_v4.pdb	1529	0.8265926	0.012816198
P49815	1529	R	M		AF-P49815-F1-model_v4.pdb	1529	0.92108786	0.026675574
P49815	1529	R	N		AF-P49815-F1-model_v4.pdb	1529	0.9703102	0.02959668
P49815	1529	R	P		AF-P49815-F1-model_v4.pdb	1529	0.86142224	0.01699552
P49815	1529	R	Q		AF-P49815-F1-model_v4.pdb	1529	0.9658109	0.03920933
P49815	1529	R	S		AF-P49815-F1-model_v4.pdb	1529	0.9284841	0.027622364
P49815	1529	R	T		AF-P49815-F1-model_v4.pdb	1529	0.957891	0.014096398
P49815	1529	R	V		AF-P49815-F1-model_v4.pdb	1529	0.9026623	0.028272385
P49815	1529	R	W		AF-P49815-F1-model_v4.pdb	1529	0.9416865	0.031148162
P49815	1529	R	Y		AF-P49815-F1-model_v4.pdb	1529	0.96447456	0.04270515
P49815	1530	S	A		AF-P49815-F1-model_v4.pdb	1530	1.0012367	0.034810103
P49815	1530	S	C		AF-P49815-F1-model_v4.pdb	1530	1.0072632	0.04298784
P49815	1530	S	D		AF-P49815-F1-model_v4.pdb	1530	0.98182124	0.0388515
P49815	1530	S	E		AF-P49815-F1-model_v4.pdb	1530	0.9505209	0.04042458
P49815	1530	S	F		AF-P49815-F1-model_v4.pdb	1530	0.9004914	0.023371633
P49815	1530	S	G		AF-P49815-F1-model_v4.pdb	1530	1.003033	0.0064125936
P49815	1530	S	H		AF-P49815-F1-model_v4.pdb	1530	0.90048933	0.035061914
P49815	1530	S	I		AF-P49815-F1-model_v4.pdb	1530	0.87241685	0.04194416
P49815	1530	S	K		AF-P49815-F1-model_v4.pdb	1530	0.8236006	0.035991725
P49815	1530	S	L		AF-P49815-F1-model_v4.pdb	1530	0.8459234	0.023214053
P49815	1530	S	M		AF-P49815-F1-model_v4.pdb	1530	0.8780573	0.04634564
P49815	1530	S	N		AF-P49815-F1-model_v4.pdb	1530	0.969168	0.04779517
P49815	1530	S	P		AF-P49815-F1-model_v4.pdb	1530	0.83362806	0.020425277
P49815	1530	S	Q		AF-P49815-F1-model_v4.pdb	1530	0.9301957	0.03130869
P49815	1530	S	R		AF-P49815-F1-model_v4.pdb	1530	0.90510356	0.03279702
P49815	1530	S	T		AF-P49815-F1-model_v4.pdb	1530	0.9212793	0.0474109
P49815	1530	S	V		AF-P49815-F1-model_v4.pdb	1530	0.8594717	0.023564009
P49815	1530	S	W		AF-P49815-F1-model_v4.pdb	1530	0.85490876	0.026887665
P49815	1530	S	Y		AF-P49815-F1-model_v4.pdb	1530	1.0253428	0.03493515
P49815	1531	V	A		AF-P49815-F1-model_v4.pdb	1531	0.90324056	0.025198318
P49815	1531	V	C		AF-P49815-F1-model_v4.pdb	1531	0.9202018	0.018334843
P49815	1531	V	D		AF-P49815-F1-model_v4.pdb	1531	0.8633847	0.027367681
P49815	1531	V	E		AF-P49815-F1-model_v4.pdb	1531	0.82456553	0.02524969
P49815	1531	V	F		AF-P49815-F1-model_v4.pdb	1531	0.8529277	0.0346671
P49815	1531	V	G		AF-P49815-F1-model_v4.pdb	1531	0.9007694	0.028622622
P49815	1531	V	H		AF-P49815-F1-model_v4.pdb	1531	0.839766	0.034100726
P49815	1531	V	I		AF-P49815-F1-model_v4.pdb	1531	0.8966691	0.019974124
P49815	1531	V	K		AF-P49815-F1-model_v4.pdb	1531	0.8114327	0.03711765
P49815	1531	V	L		AF-P49815-F1-model_v4.pdb	1531	0.85769594	0.038850263
P49815	1531	V	M		AF-P49815-F1-model_v4.pdb	1531	0.9466974	0.037015714
P49815	1531	V	N		AF-P49815-F1-model_v4.pdb	1531	0.85086524	0.048402283
P49815	1531	V	P		AF-P49815-F1-model_v4.pdb	1531	0.85692674	0.036246765
P49815	1531	V	Q		AF-P49815-F1-model_v4.pdb	1531	0.8450819	0.029341495
P49815	1531	V	R		AF-P49815-F1-model_v4.pdb	1531	0.79874915	0.029046955
P49815	1531	V	S		AF-P49815-F1-model_v4.pdb	1531	0.79112995	0.050349772
P49815	1531	V	T		AF-P49815-F1-model_v4.pdb	1531	0.8114589	0.04354298
P49815	1531	V	W		AF-P49815-F1-model_v4.pdb	1531	0.82673854	0.028157586
P49815	1531	V	Y		AF-P49815-F1-model_v4.pdb	1531	0.8702873	0.03061616
P49815	1532	Q	A		AF-P49815-F1-model_v4.pdb	1532	0.9615938	0.014998575
P49815	1532	Q	C		AF-P49815-F1-model_v4.pdb	1532	0.9398219	0.031244654
P49815	1532	Q	D		AF-P49815-F1-model_v4.pdb	1532	0.8955425	0.034695946
P49815	1532	Q	E		AF-P49815-F1-model_v4.pdb	1532	0.9928732	0.034894455
P49815	1532	Q	F		AF-P49815-F1-model_v4.pdb	1532	0.84102505	0.012396962
P49815	1532	Q	G		AF-P49815-F1-model_v4.pdb	1532	0.9450555	0.021637462
P49815	1532	Q	H		AF-P49815-F1-model_v4.pdb	1532	0.90690535	0.022551358
P49815	1532	Q	I		AF-P49815-F1-model_v4.pdb	1532	0.82116497	0.024460005
P49815	1532	Q	K		AF-P49815-F1-model_v4.pdb	1532	0.7413782	0.048932668
P49815	1532	Q	L		AF-P49815-F1-model_v4.pdb	1532	0.78165734	0.024641767
P49815	1532	Q	M		AF-P49815-F1-model_v4.pdb	1532	0.9043415	0.0069093457
P49815	1532	Q	N		AF-P49815-F1-model_v4.pdb	1532	0.9680867	0.039116167
P49815	1532	Q	P		AF-P49815-F1-model_v4.pdb	1532	0.8176695	0.03876829
P49815	1532	Q	R		AF-P49815-F1-model_v4.pdb	1532	0.7943853	0.07010053
P49815	1532	Q	S		AF-P49815-F1-model_v4.pdb	1532	0.9159644	0.03405626
P49815	1532	Q	T		AF-P49815-F1-model_v4.pdb	1532	0.9949112	0.024327215
P49815	1532	Q	V		AF-P49815-F1-model_v4.pdb	1532	0.90807736	0.024161419
P49815	1532	Q	W		AF-P49815-F1-model_v4.pdb	1532	0.8931366	0.034540504
P49815	1532	Q	Y		AF-P49815-F1-model_v4.pdb	1532	0.9164411	0.023357997
P49815	1533	L	A		AF-P49815-F1-model_v4.pdb	1533	1.0151802	0.03876244
P49815	1533	L	C		AF-P49815-F1-model_v4.pdb	1533	1.0109751	0.028405374
P49815	1533	L	D		AF-P49815-F1-model_v4.pdb	1533	0.94232976	0.028726075
P49815	1533	L	E		AF-P49815-F1-model_v4.pdb	1533	1.0162915	0.021469695
P49815	1533	L	F		AF-P49815-F1-model_v4.pdb	1533	0.83605134	0.04632893
P49815	1533	L	G		AF-P49815-F1-model_v4.pdb	1533	0.9445297	0.025738856
P49815	1533	L	H		AF-P49815-F1-model_v4.pdb	1533	1.0363293	0.026625136
P49815	1533	L	I		AF-P49815-F1-model_v4.pdb	1533	0.9217907	0.026477922
P49815	1533	L	K		AF-P49815-F1-model_v4.pdb	1533	0.949324	0.04816492
P49815	1533	L	M		AF-P49815-F1-model_v4.pdb	1533	0.9795496	0.027234796
P49815	1533	L	N		AF-P49815-F1-model_v4.pdb	1533	1.0431181	0.027812874
P49815	1533	L	P		AF-P49815-F1-model_v4.pdb	1533	0.82912505	0.04100322
P49815	1533	L	Q		AF-P49815-F1-model_v4.pdb	1533	1.0126837	0.025104169
P49815	1533	L	R		AF-P49815-F1-model_v4.pdb	1533	0.8941029	0.0141177075
P49815	1533	L	S		AF-P49815-F1-model_v4.pdb	1533	0.92052996	0.028321045
P49815	1533	L	T		AF-P49815-F1-model_v4.pdb	1533	0.9514319	0.014239872
P49815	1533	L	V		AF-P49815-F1-model_v4.pdb	1533	0.93666494	0.02038877
P49815	1533	L	W		AF-P49815-F1-model_v4.pdb	1533	0.917169	0.02348562
P49815	1533	L	Y		AF-P49815-F1-model_v4.pdb	1533	0.8841163	0.024290971
P49815	1534	L	A		AF-P49815-F1-model_v4.pdb	1534	0.8918294	0.020815939
P49815	1534	L	C		AF-P49815-F1-model_v4.pdb	1534	0.8796457	0.027266173
P49815	1534	L	D		AF-P49815-F1-model_v4.pdb	1534	0.77286303	0.04288898
P49815	1534	L	E		AF-P49815-F1-model_v4.pdb	1534	0.76024616	0.020049354
P49815	1534	L	F		AF-P49815-F1-model_v4.pdb	1534	0.82113516	0.036883444
P49815	1534	L	G		AF-P49815-F1-model_v4.pdb	1534	0.79899126	0.034318678
P49815	1534	L	H		AF-P49815-F1-model_v4.pdb	1534	0.7162168	0.023538917
P49815	1534	L	I		AF-P49815-F1-model_v4.pdb	1534	0.81082755	0.031024026
P49815	1534	L	K		AF-P49815-F1-model_v4.pdb	1534	0.68545437	0.025927845
P49815	1534	L	M		AF-P49815-F1-model_v4.pdb	1534	0.9158068	0.03742496
P49815	1534	L	N		AF-P49815-F1-model_v4.pdb	1534	0.78412974	0.044253998
P49815	1534	L	P		AF-P49815-F1-model_v4.pdb	1534	0.80943143	0.026402812
P49815	1534	L	Q		AF-P49815-F1-model_v4.pdb	1534	0.7540315	0.026596941
P49815	1534	L	R		AF-P49815-F1-model_v4.pdb	1534	0.6709089	0.031551722
P49815	1534	L	S		AF-P49815-F1-model_v4.pdb	1534	0.8779521	0.026978577
P49815	1534	L	T		AF-P49815-F1-model_v4.pdb	1534	0.7573447	0.02654965
P49815	1534	L	V		AF-P49815-F1-model_v4.pdb	1534	0.791014	0.032826196
P49815	1534	L	W		AF-P49815-F1-model_v4.pdb	1534	0.821095	0.03334831
P49815	1534	L	Y		AF-P49815-F1-model_v4.pdb	1534	0.7987691	0.027589539
P49815	1535	D	A		AF-P49815-F1-model_v4.pdb	1535	0.75354785	0.031193541
P49815	1535	D	C		AF-P49815-F1-model_v4.pdb	1535	0.75779873	0.04152561
P49815	1535	D	E		AF-P49815-F1-model_v4.pdb	1535	0.9182476	0.020589927
P49815	1535	D	F		AF-P49815-F1-model_v4.pdb	1535	0.7287408	0.02465125
P49815	1535	D	G		AF-P49815-F1-model_v4.pdb	1535	0.8030139	0.029387247
P49815	1535	D	H		AF-P49815-F1-model_v4.pdb	1535	0.81764364	0.045529038
P49815	1535	D	I		AF-P49815-F1-model_v4.pdb	1535	0.6529813	0.0320328
P49815	1535	D	K		AF-P49815-F1-model_v4.pdb	1535	0.8173033	0.047463242
P49815	1535	D	L		AF-P49815-F1-model_v4.pdb	1535	0.71019554	0.019287303
P49815	1535	D	M		AF-P49815-F1-model_v4.pdb	1535	0.7753517	0.023350695
P49815	1535	D	N		AF-P49815-F1-model_v4.pdb	1535	0.84655315	0.01741611
P49815	1535	D	P		AF-P49815-F1-model_v4.pdb	1535	0.7308113	0.03395828
P49815	1535	D	Q		AF-P49815-F1-model_v4.pdb	1535	0.7732928	0.051087726
P49815	1535	D	R		AF-P49815-F1-model_v4.pdb	1535	0.8336946	0.04492836
P49815	1535	D	S		AF-P49815-F1-model_v4.pdb	1535	0.8129379	0.035026528
P49815	1535	D	T		AF-P49815-F1-model_v4.pdb	1535	0.7913078	0.028724527
P49815	1535	D	V		AF-P49815-F1-model_v4.pdb	1535	0.7192602	0.03169762
P49815	1535	D	W		AF-P49815-F1-model_v4.pdb	1535	0.71359813	0.01829283
P49815	1535	D	Y		AF-P49815-F1-model_v4.pdb	1535	0.8375019	0.03336366
P49815	1536	Q	A		AF-P49815-F1-model_v4.pdb	1536	0.92754	0.03456283
P49815	1536	Q	C		AF-P49815-F1-model_v4.pdb	1536	0.9375456	0.013027887
P49815	1536	Q	D		AF-P49815-F1-model_v4.pdb	1536	0.88500106	0.036711104
P49815	1536	Q	E		AF-P49815-F1-model_v4.pdb	1536	0.92719907	0.034559406
P49815	1536	Q	F		AF-P49815-F1-model_v4.pdb	1536	0.82836425	0.025997916
P49815	1536	Q	G		AF-P49815-F1-model_v4.pdb	1536	0.96218956	0.014394274
P49815	1536	Q	H		AF-P49815-F1-model_v4.pdb	1536	0.9378622	0.041071426
P49815	1536	Q	I		AF-P49815-F1-model_v4.pdb	1536	0.9039978	0.028375959
P49815	1536	Q	K		AF-P49815-F1-model_v4.pdb	1536	0.8238942	0.05697776
P49815	1536	Q	L		AF-P49815-F1-model_v4.pdb	1536	0.7653419	0.032190025
P49815	1536	Q	M		AF-P49815-F1-model_v4.pdb	1536	0.9226643	0.01763022
P49815	1536	Q	N		AF-P49815-F1-model_v4.pdb	1536	0.92372954	0.03173585
P49815	1536	Q	P		AF-P49815-F1-model_v4.pdb	1536	0.84133863	0.02915275
P49815	1536	Q	R		AF-P49815-F1-model_v4.pdb	1536	0.8380281	0.06376594
P49815	1536	Q	S		AF-P49815-F1-model_v4.pdb	1536	0.91332805	0.0111898035
P49815	1536	Q	T		AF-P49815-F1-model_v4.pdb	1536	0.9849423	0.020462284
P49815	1536	Q	V		AF-P49815-F1-model_v4.pdb	1536	0.8960599	0.026271774
P49815	1536	Q	W		AF-P49815-F1-model_v4.pdb	1536	0.908013	0.03807152
P49815	1536	Q	Y		AF-P49815-F1-model_v4.pdb	1536	0.93509996	0.03283754
P49815	1537	I	A		AF-P49815-F1-model_v4.pdb	1537	0.9388126	0.015774745
P49815	1537	I	C		AF-P49815-F1-model_v4.pdb	1537	0.95080316	0.044490103
P49815	1537	I	D		AF-P49815-F1-model_v4.pdb	1537	0.876527	0.03783342
P49815	1537	I	E		AF-P49815-F1-model_v4.pdb	1537	0.7773233	0.031891678
P49815	1537	I	F		AF-P49815-F1-model_v4.pdb	1537	0.8772665	0.04462541
P49815	1537	I	G		AF-P49815-F1-model_v4.pdb	1537	0.7980048	0.026512694
P49815	1537	I	H		AF-P49815-F1-model_v4.pdb	1537	0.862065	0.031759627
P49815	1537	I	K		AF-P49815-F1-model_v4.pdb	1537	0.8514894	0.013011903
P49815	1537	I	L		AF-P49815-F1-model_v4.pdb	1537	0.9137918	0.040419865
P49815	1537	I	M		AF-P49815-F1-model_v4.pdb	1537	0.9412122	0.02582959
P49815	1537	I	N		AF-P49815-F1-model_v4.pdb	1537	0.8661113	0.039277174
P49815	1537	I	P		AF-P49815-F1-model_v4.pdb	1537	0.9124881	0.024678227
P49815	1537	I	Q		AF-P49815-F1-model_v4.pdb	1537	0.85260725	0.04271982
P49815	1537	I	R		AF-P49815-F1-model_v4.pdb	1537	0.8573225	0.020587796
P49815	1537	I	S		AF-P49815-F1-model_v4.pdb	1537	0.83352077	0.04857011
P49815	1537	I	T		AF-P49815-F1-model_v4.pdb	1537	0.88673276	0.05206695
P49815	1537	I	V		AF-P49815-F1-model_v4.pdb	1537	0.932594	0.037026163
P49815	1537	I	W		AF-P49815-F1-model_v4.pdb	1537	0.8054355	0.02905923
P49815	1537	I	Y		AF-P49815-F1-model_v4.pdb	1537	0.89291114	0.029963478
P49815	1538	P	A		AF-P49815-F1-model_v4.pdb	1538	0.9252181	0.019218927
P49815	1538	P	C		AF-P49815-F1-model_v4.pdb	1538	0.9113921	0.02624173
P49815	1538	P	D		AF-P49815-F1-model_v4.pdb	1538	0.92234343	0.014934097
P49815	1538	P	E		AF-P49815-F1-model_v4.pdb	1538	0.9153223	0.012796054
P49815	1538	P	F		AF-P49815-F1-model_v4.pdb	1538	0.79975814	0.022619866
P49815	1538	P	G		AF-P49815-F1-model_v4.pdb	1538	0.8786794	0.027971186
P49815	1538	P	H		AF-P49815-F1-model_v4.pdb	1538	0.95447314	0.017202403
P49815	1538	P	I		AF-P49815-F1-model_v4.pdb	1538	0.7850275	0.022470253
P49815	1538	P	K		AF-P49815-F1-model_v4.pdb	1538	0.86774284	0.03060057
P49815	1538	P	L		AF-P49815-F1-model_v4.pdb	1538	0.81748503	0.025799273
P49815	1538	P	M		AF-P49815-F1-model_v4.pdb	1538	0.84286946	0.020630978
P49815	1538	P	N		AF-P49815-F1-model_v4.pdb	1538	0.9289066	0.020528905
P49815	1538	P	Q		AF-P49815-F1-model_v4.pdb	1538	0.9695548	0.029649166
P49815	1538	P	R		AF-P49815-F1-model_v4.pdb	1538	0.88357323	0.031305037
P49815	1538	P	S		AF-P49815-F1-model_v4.pdb	1538	0.89430904	0.03213852
P49815	1538	P	T		AF-P49815-F1-model_v4.pdb	1538	0.9272245	0.009962713
P49815	1538	P	V		AF-P49815-F1-model_v4.pdb	1538	0.8392498	0.011149063
P49815	1538	P	W		AF-P49815-F1-model_v4.pdb	1538	0.80378896	0.030620344
P49815	1538	P	Y		AF-P49815-F1-model_v4.pdb	1538	0.939501	0.033591833
P49815	1539	S	A		AF-P49815-F1-model_v4.pdb	1539	0.9014161	0.03958972
P49815	1539	S	C		AF-P49815-F1-model_v4.pdb	1539	0.95951	0.04926535
P49815	1539	S	D		AF-P49815-F1-model_v4.pdb	1539	0.8428744	0.02591515
P49815	1539	S	E		AF-P49815-F1-model_v4.pdb	1539	0.8705329	0.052563455
P49815	1539	S	F		AF-P49815-F1-model_v4.pdb	1539	0.8214127	0.037781842
P49815	1539	S	G		AF-P49815-F1-model_v4.pdb	1539	0.89694756	0.041667785
P49815	1539	S	H		AF-P49815-F1-model_v4.pdb	1539	0.8706994	0.040945705
P49815	1539	S	I		AF-P49815-F1-model_v4.pdb	1539	0.7478608	0.04675351
P49815	1539	S	K		AF-P49815-F1-model_v4.pdb	1539	0.8399149	0.034629036
P49815	1539	S	L		AF-P49815-F1-model_v4.pdb	1539	0.773549	0.036629032
P49815	1539	S	M		AF-P49815-F1-model_v4.pdb	1539	0.847579	0.045380548
P49815	1539	S	N		AF-P49815-F1-model_v4.pdb	1539	0.834719	0.035877183
P49815	1539	S	P		AF-P49815-F1-model_v4.pdb	1539	0.81508446	0.03948443
P49815	1539	S	Q		AF-P49815-F1-model_v4.pdb	1539	0.8661227	0.050127
P49815	1539	S	R		AF-P49815-F1-model_v4.pdb	1539	0.8325051	0.04304858
P49815	1539	S	T		AF-P49815-F1-model_v4.pdb	1539	0.8701726	0.032758612
P49815	1539	S	V		AF-P49815-F1-model_v4.pdb	1539	0.77615154	0.048995435
P49815	1539	S	W		AF-P49815-F1-model_v4.pdb	1539	0.81859875	0.036470152
P49815	1539	S	Y		AF-P49815-F1-model_v4.pdb	1539	0.8671492	0.029443217
P49815	1540	Y	A		AF-P49815-F1-model_v4.pdb	1540	0.8404562	0.02302654
P49815	1540	Y	C		AF-P49815-F1-model_v4.pdb	1540	0.8681103	0.022895169
P49815	1540	Y	D		AF-P49815-F1-model_v4.pdb	1540	0.86569834	0.019689046
P49815	1540	Y	E		AF-P49815-F1-model_v4.pdb	1540	0.8489407	0.01606456
P49815	1540	Y	F		AF-P49815-F1-model_v4.pdb	1540	0.8835686	0.017030869
P49815	1540	Y	G		AF-P49815-F1-model_v4.pdb	1540	0.80259466	0.013694694
P49815	1540	Y	H		AF-P49815-F1-model_v4.pdb	1540	0.85051996	0.0472311
P49815	1540	Y	I		AF-P49815-F1-model_v4.pdb	1540	0.85622996	0.035238605
P49815	1540	Y	K		AF-P49815-F1-model_v4.pdb	1540	0.8129667	0.032755364
P49815	1540	Y	L		AF-P49815-F1-model_v4.pdb	1540	0.84649163	0.02398042
P49815	1540	Y	M		AF-P49815-F1-model_v4.pdb	1540	0.89632684	0.029573571
P49815	1540	Y	N		AF-P49815-F1-model_v4.pdb	1540	0.9000322	0.03883814
P49815	1540	Y	P		AF-P49815-F1-model_v4.pdb	1540	0.843911	0.0060744584
P49815	1540	Y	Q		AF-P49815-F1-model_v4.pdb	1540	0.85163033	0.032168165
P49815	1540	Y	R		AF-P49815-F1-model_v4.pdb	1540	0.79429054	0.020160733
P49815	1540	Y	S		AF-P49815-F1-model_v4.pdb	1540	0.8560856	0.014586113
P49815	1540	Y	T		AF-P49815-F1-model_v4.pdb	1540	0.8460288	0.022284837
P49815	1540	Y	V		AF-P49815-F1-model_v4.pdb	1540	0.85625154	0.03534521
P49815	1540	Y	W		AF-P49815-F1-model_v4.pdb	1540	0.9315995	0.027967915
P49815	1541	D	A		AF-P49815-F1-model_v4.pdb	1541	0.8674429	0.0103873545
P49815	1541	D	C		AF-P49815-F1-model_v4.pdb	1541	0.8873146	0.03131896
P49815	1541	D	E		AF-P49815-F1-model_v4.pdb	1541	0.9763855	0.03646902
P49815	1541	D	F		AF-P49815-F1-model_v4.pdb	1541	0.8104259	0.03923797
P49815	1541	D	G		AF-P49815-F1-model_v4.pdb	1541	0.9014797	0.016092483
P49815	1541	D	H		AF-P49815-F1-model_v4.pdb	1541	0.92390406	0.011215163
P49815	1541	D	I		AF-P49815-F1-model_v4.pdb	1541	0.79905444	0.019349454
P49815	1541	D	K		AF-P49815-F1-model_v4.pdb	1541	0.87198687	0.018182525
P49815	1541	D	L		AF-P49815-F1-model_v4.pdb	1541	0.76267064	0.017880624
P49815	1541	D	M		AF-P49815-F1-model_v4.pdb	1541	0.7754387	0.017351612
P49815	1541	D	N		AF-P49815-F1-model_v4.pdb	1541	0.9002141	0.017331155
P49815	1541	D	P		AF-P49815-F1-model_v4.pdb	1541	0.8868953	0.031406302
P49815	1541	D	Q		AF-P49815-F1-model_v4.pdb	1541	0.8988498	0.035999026
P49815	1541	D	R		AF-P49815-F1-model_v4.pdb	1541	0.9067318	0.019223623
P49815	1541	D	S		AF-P49815-F1-model_v4.pdb	1541	0.8407289	0.016501198
P49815	1541	D	T		AF-P49815-F1-model_v4.pdb	1541	0.87559986	0.004745497
P49815	1541	D	V		AF-P49815-F1-model_v4.pdb	1541	0.8219411	0.0201307
P49815	1541	D	W		AF-P49815-F1-model_v4.pdb	1541	0.7371828	0.02371588
P49815	1541	D	Y		AF-P49815-F1-model_v4.pdb	1541	0.852512	0.042309694
P49815	1542	T	A		AF-P49815-F1-model_v4.pdb	1542	0.9181404	0.029377768
P49815	1542	T	C		AF-P49815-F1-model_v4.pdb	1542	0.9066826	0.057929028
P49815	1542	T	D		AF-P49815-F1-model_v4.pdb	1542	0.80310094	0.031341605
P49815	1542	T	E		AF-P49815-F1-model_v4.pdb	1542	0.90575933	0.025497247
P49815	1542	T	F		AF-P49815-F1-model_v4.pdb	1542	0.85637915	0.02914497
P49815	1542	T	G		AF-P49815-F1-model_v4.pdb	1542	0.87915576	0.030550377
P49815	1542	T	H		AF-P49815-F1-model_v4.pdb	1542	0.8711338	0.038893845
P49815	1542	T	I		AF-P49815-F1-model_v4.pdb	1542	0.789546	0.021396562
P49815	1542	T	K		AF-P49815-F1-model_v4.pdb	1542	0.84235543	0.040426236
P49815	1542	T	L		AF-P49815-F1-model_v4.pdb	1542	0.85023403	0.027715974
P49815	1542	T	M		AF-P49815-F1-model_v4.pdb	1542	0.8962612	0.044445045
P49815	1542	T	N		AF-P49815-F1-model_v4.pdb	1542	0.7731143	0.033011384
P49815	1542	T	P		AF-P49815-F1-model_v4.pdb	1542	0.9107696	0.027095646
P49815	1542	T	Q		AF-P49815-F1-model_v4.pdb	1542	0.87375087	0.022983177
P49815	1542	T	R		AF-P49815-F1-model_v4.pdb	1542	0.8062209	0.04154245
P49815	1542	T	S		AF-P49815-F1-model_v4.pdb	1542	0.9235466	0.031328302
P49815	1542	T	V		AF-P49815-F1-model_v4.pdb	1542	0.794565	0.01765555
P49815	1542	T	W		AF-P49815-F1-model_v4.pdb	1542	0.847715	0.040009227
P49815	1542	T	Y		AF-P49815-F1-model_v4.pdb	1542	0.89085066	0.03593169
P49815	1543	H	A		AF-P49815-F1-model_v4.pdb	1543	0.93562347	0.01856532
P49815	1543	H	C		AF-P49815-F1-model_v4.pdb	1543	0.8896736	0.032255817
P49815	1543	H	D		AF-P49815-F1-model_v4.pdb	1543	0.92720413	0.035444926
P49815	1543	H	E		AF-P49815-F1-model_v4.pdb	1543	0.9183731	0.026058512
P49815	1543	H	F		AF-P49815-F1-model_v4.pdb	1543	0.828848	0.012068433
P49815	1543	H	G		AF-P49815-F1-model_v4.pdb	1543	0.8637325	0.015455217
P49815	1543	H	I		AF-P49815-F1-model_v4.pdb	1543	0.7957533	0.023255708
P49815	1543	H	K		AF-P49815-F1-model_v4.pdb	1543	0.89019376	0.009707887
P49815	1543	H	L		AF-P49815-F1-model_v4.pdb	1543	0.853197	0.021463895
P49815	1543	H	M		AF-P49815-F1-model_v4.pdb	1543	0.9252914	0.040646452
P49815	1543	H	N		AF-P49815-F1-model_v4.pdb	1543	0.93510103	0.041707374
P49815	1543	H	P		AF-P49815-F1-model_v4.pdb	1543	0.79344064	0.024844132
P49815	1543	H	Q		AF-P49815-F1-model_v4.pdb	1543	0.8827359	0.017088007
P49815	1543	H	R		AF-P49815-F1-model_v4.pdb	1543	0.8948644	0.015702965
P49815	1543	H	S		AF-P49815-F1-model_v4.pdb	1543	0.89103335	0.020607099
P49815	1543	H	T		AF-P49815-F1-model_v4.pdb	1543	0.8349069	0.033988245
P49815	1543	H	V		AF-P49815-F1-model_v4.pdb	1543	0.8308584	0.026338696
P49815	1543	H	W		AF-P49815-F1-model_v4.pdb	1543	0.8379698	0.042050634
P49815	1543	H	Y		AF-P49815-F1-model_v4.pdb	1543	0.90522325	0.017467694
P49815	1544	K	A		AF-P49815-F1-model_v4.pdb	1544	0.9097622	0.021642437
P49815	1544	K	C		AF-P49815-F1-model_v4.pdb	1544	0.87322587	0.02379812
P49815	1544	K	D		AF-P49815-F1-model_v4.pdb	1544	0.79594344	0.027549094
P49815	1544	K	E		AF-P49815-F1-model_v4.pdb	1544	0.8314077	0.027701985
P49815	1544	K	F		AF-P49815-F1-model_v4.pdb	1544	0.79468286	0.012167796
P49815	1544	K	G		AF-P49815-F1-model_v4.pdb	1544	0.8135325	0.027403053
P49815	1544	K	H		AF-P49815-F1-model_v4.pdb	1544	0.87304276	0.03434262
P49815	1544	K	I		AF-P49815-F1-model_v4.pdb	1544	0.80614436	0.010251394
P49815	1544	K	L		AF-P49815-F1-model_v4.pdb	1544	0.79670143	0.014335219
P49815	1544	K	M		AF-P49815-F1-model_v4.pdb	1544	0.8176773	0.041201353
P49815	1544	K	N		AF-P49815-F1-model_v4.pdb	1544	0.8211193	0.020997237
P49815	1544	K	P		AF-P49815-F1-model_v4.pdb	1544	0.855476	0.024058603
P49815	1544	K	Q		AF-P49815-F1-model_v4.pdb	1544	0.84473026	0.035211913
P49815	1544	K	R		AF-P49815-F1-model_v4.pdb	1544	0.87982905	0.021139381
P49815	1544	K	S		AF-P49815-F1-model_v4.pdb	1544	0.8735607	0.023597153
P49815	1544	K	T		AF-P49815-F1-model_v4.pdb	1544	0.8279972	0.036321603
P49815	1544	K	V		AF-P49815-F1-model_v4.pdb	1544	0.80821	0.020871647
P49815	1544	K	W		AF-P49815-F1-model_v4.pdb	1544	0.76920164	0.020407984
P49815	1544	K	Y		AF-P49815-F1-model_v4.pdb	1544	0.8653051	0.016448097
P49815	1545	I	A		AF-P49815-F1-model_v4.pdb	1545	0.77101696	0.021711579
P49815	1545	I	C		AF-P49815-F1-model_v4.pdb	1545	0.8173496	0.015851766
P49815	1545	I	D		AF-P49815-F1-model_v4.pdb	1545	0.5387743	0.027138911
P49815	1545	I	E		AF-P49815-F1-model_v4.pdb	1545	0.6326421	0.034785487
P49815	1545	I	F		AF-P49815-F1-model_v4.pdb	1545	0.8286506	0.03555691
P49815	1545	I	G		AF-P49815-F1-model_v4.pdb	1545	0.6112331	0.035792474
P49815	1545	I	H		AF-P49815-F1-model_v4.pdb	1545	0.68584675	0.01838264
P49815	1545	I	K		AF-P49815-F1-model_v4.pdb	1545	0.5321146	0.03095489
P49815	1545	I	L		AF-P49815-F1-model_v4.pdb	1545	0.9282134	0.02905651
P49815	1545	I	M		AF-P49815-F1-model_v4.pdb	1545	0.77362525	0.0341224
P49815	1545	I	N		AF-P49815-F1-model_v4.pdb	1545	0.6048123	0.026105983
P49815	1545	I	P		AF-P49815-F1-model_v4.pdb	1545	0.54980147	0.032354873
P49815	1545	I	Q		AF-P49815-F1-model_v4.pdb	1545	0.6797367	0.045227963
P49815	1545	I	R		AF-P49815-F1-model_v4.pdb	1545	0.54169214	0.02036889
P49815	1545	I	S		AF-P49815-F1-model_v4.pdb	1545	0.6080783	0.043005235
P49815	1545	I	T		AF-P49815-F1-model_v4.pdb	1545	0.6975649	0.04211455
P49815	1545	I	V		AF-P49815-F1-model_v4.pdb	1545	0.9617008	0.041328963
P49815	1545	I	W		AF-P49815-F1-model_v4.pdb	1545	0.6612662	0.024193767
P49815	1545	I	Y		AF-P49815-F1-model_v4.pdb	1545	0.71622026	0.038495675
P49815	1546	A	C		AF-P49815-F1-model_v4.pdb	1546	0.9383713	0.057076707
P49815	1546	A	D		AF-P49815-F1-model_v4.pdb	1546	0.79274845	0.039448112
P49815	1546	A	E		AF-P49815-F1-model_v4.pdb	1546	0.8443864	0.046496876
P49815	1546	A	F		AF-P49815-F1-model_v4.pdb	1546	0.87613267	0.03471252
P49815	1546	A	G		AF-P49815-F1-model_v4.pdb	1546	0.8569479	0.04456409
P49815	1546	A	H		AF-P49815-F1-model_v4.pdb	1546	0.84623134	0.033978138
P49815	1546	A	I		AF-P49815-F1-model_v4.pdb	1546	0.83383334	0.02622134
P49815	1546	A	K		AF-P49815-F1-model_v4.pdb	1546	0.74329746	0.034381233
P49815	1546	A	L		AF-P49815-F1-model_v4.pdb	1546	0.8696721	0.037346296
P49815	1546	A	M		AF-P49815-F1-model_v4.pdb	1546	0.8833617	0.046820644
P49815	1546	A	N		AF-P49815-F1-model_v4.pdb	1546	0.7931259	0.03126596
P49815	1546	A	P		AF-P49815-F1-model_v4.pdb	1546	0.80656385	0.023853343
P49815	1546	A	Q		AF-P49815-F1-model_v4.pdb	1546	0.8393421	0.032222297
P49815	1546	A	R		AF-P49815-F1-model_v4.pdb	1546	0.7771643	0.03817198
P49815	1546	A	S		AF-P49815-F1-model_v4.pdb	1546	0.8433727	0.03133837
P49815	1546	A	T		AF-P49815-F1-model_v4.pdb	1546	0.8946419	0.02382023
P49815	1546	A	V		AF-P49815-F1-model_v4.pdb	1546	0.8782991	0.025947703
P49815	1546	A	W		AF-P49815-F1-model_v4.pdb	1546	0.77328837	0.027548753
P49815	1546	A	Y		AF-P49815-F1-model_v4.pdb	1546	0.91464174	0.030354101
P49815	1547	V	A		AF-P49815-F1-model_v4.pdb	1547	0.7112256	0.0067715547
P49815	1547	V	C		AF-P49815-F1-model_v4.pdb	1547	0.7794216	0.041257598
P49815	1547	V	D		AF-P49815-F1-model_v4.pdb	1547	0.49669185	0.032504767
P49815	1547	V	E		AF-P49815-F1-model_v4.pdb	1547	0.5040661	0.054524507
P49815	1547	V	F		AF-P49815-F1-model_v4.pdb	1547	0.84031916	0.047732342
P49815	1547	V	G		AF-P49815-F1-model_v4.pdb	1547	0.5161923	0.049642924
P49815	1547	V	H		AF-P49815-F1-model_v4.pdb	1547	0.5761671	0.04188707
P49815	1547	V	I		AF-P49815-F1-model_v4.pdb	1547	0.8817938	0.022205781
P49815	1547	V	K		AF-P49815-F1-model_v4.pdb	1547	0.55682504	0.042072546
P49815	1547	V	L		AF-P49815-F1-model_v4.pdb	1547	0.7991937	0.023819612
P49815	1547	V	M		AF-P49815-F1-model_v4.pdb	1547	0.7039091	0.043843284
P49815	1547	V	N		AF-P49815-F1-model_v4.pdb	1547	0.67249155	0.021717697
P49815	1547	V	P		AF-P49815-F1-model_v4.pdb	1547	0.5450288	0.03213215
P49815	1547	V	Q		AF-P49815-F1-model_v4.pdb	1547	0.59329724	0.0352265
P49815	1547	V	R		AF-P49815-F1-model_v4.pdb	1547	0.44560808	0.039166372
P49815	1547	V	S		AF-P49815-F1-model_v4.pdb	1547	0.58351153	0.01579138
P49815	1547	V	T		AF-P49815-F1-model_v4.pdb	1547	0.7395037	0.027575238
P49815	1547	V	W		AF-P49815-F1-model_v4.pdb	1547	0.67526567	0.033039074
P49815	1547	V	Y		AF-P49815-F1-model_v4.pdb	1547	0.6182235	0.050485387
P49815	1548	L	A		AF-P49815-F1-model_v4.pdb	1548	0.7505022	0.030704511
P49815	1548	L	C		AF-P49815-F1-model_v4.pdb	1548	0.7543011	0.04515859
P49815	1548	L	D		AF-P49815-F1-model_v4.pdb	1548	0.53936815	0.042857535
P49815	1548	L	E		AF-P49815-F1-model_v4.pdb	1548	0.6839167	0.026427947
P49815	1548	L	F		AF-P49815-F1-model_v4.pdb	1548	0.78888816	0.029694887
P49815	1548	L	G		AF-P49815-F1-model_v4.pdb	1548	0.6350614	0.014925875
P49815	1548	L	H		AF-P49815-F1-model_v4.pdb	1548	0.69917786	0.02766562
P49815	1548	L	I		AF-P49815-F1-model_v4.pdb	1548	0.9190381	0.042426445
P49815	1548	L	K		AF-P49815-F1-model_v4.pdb	1548	0.7088777	0.023159983
P49815	1548	L	M		AF-P49815-F1-model_v4.pdb	1548	0.8920206	0.044149015
P49815	1548	L	N		AF-P49815-F1-model_v4.pdb	1548	0.61010504	0.033993367
P49815	1548	L	P		AF-P49815-F1-model_v4.pdb	1548	0.5598254	0.027540548
P49815	1548	L	Q		AF-P49815-F1-model_v4.pdb	1548	0.7547637	0.012703648
P49815	1548	L	R		AF-P49815-F1-model_v4.pdb	1548	0.61201894	0.040455673
P49815	1548	L	S		AF-P49815-F1-model_v4.pdb	1548	0.68676573	0.035330553
P49815	1548	L	T		AF-P49815-F1-model_v4.pdb	1548	0.69118214	0.031211255
P49815	1548	L	V		AF-P49815-F1-model_v4.pdb	1548	0.8187709	0.015955482
P49815	1548	L	W		AF-P49815-F1-model_v4.pdb	1548	0.777384	0.04979276
P49815	1548	L	Y		AF-P49815-F1-model_v4.pdb	1548	0.74017054	0.04856492
P49815	1549	Y	A		AF-P49815-F1-model_v4.pdb	1549	0.646524	0.020049393
P49815	1549	Y	C		AF-P49815-F1-model_v4.pdb	1549	0.68932134	0.033693623
P49815	1549	Y	D		AF-P49815-F1-model_v4.pdb	1549	0.673688	0.024470398
P49815	1549	Y	E		AF-P49815-F1-model_v4.pdb	1549	0.66126883	0.051371355
P49815	1549	Y	F		AF-P49815-F1-model_v4.pdb	1549	0.902956	0.035501458
P49815	1549	Y	G		AF-P49815-F1-model_v4.pdb	1549	0.6612226	0.020460889
P49815	1549	Y	H		AF-P49815-F1-model_v4.pdb	1549	0.84573144	0.050378114
P49815	1549	Y	I		AF-P49815-F1-model_v4.pdb	1549	0.7828059	0.023237398
P49815	1549	Y	K		AF-P49815-F1-model_v4.pdb	1549	0.68229574	0.016043412
P49815	1549	Y	L		AF-P49815-F1-model_v4.pdb	1549	0.76793146	0.021160858
P49815	1549	Y	M		AF-P49815-F1-model_v4.pdb	1549	0.7072377	0.038772695
P49815	1549	Y	N		AF-P49815-F1-model_v4.pdb	1549	0.70045197	0.034151472
P49815	1549	Y	P		AF-P49815-F1-model_v4.pdb	1549	0.6995142	0.013310536
P49815	1549	Y	Q		AF-P49815-F1-model_v4.pdb	1549	0.70692647	0.023014015
P49815	1549	Y	R		AF-P49815-F1-model_v4.pdb	1549	0.6432883	0.025524367
P49815	1549	Y	S		AF-P49815-F1-model_v4.pdb	1549	0.6774434	0.015988493
P49815	1549	Y	T		AF-P49815-F1-model_v4.pdb	1549	0.71207905	0.02295229
P49815	1549	Y	V		AF-P49815-F1-model_v4.pdb	1549	0.7188765	0.020151155
P49815	1549	Y	W		AF-P49815-F1-model_v4.pdb	1549	0.7991499	0.029078905
P49815	1550	V	A		AF-P49815-F1-model_v4.pdb	1550	0.84891796	0.02113324
P49815	1550	V	C		AF-P49815-F1-model_v4.pdb	1550	0.8763316	0.05315811
P49815	1550	V	D		AF-P49815-F1-model_v4.pdb	1550	0.68522155	0.041580983
P49815	1550	V	E		AF-P49815-F1-model_v4.pdb	1550	0.67335534	0.030255007
P49815	1550	V	F		AF-P49815-F1-model_v4.pdb	1550	0.84892863	0.026613275
P49815	1550	V	G		AF-P49815-F1-model_v4.pdb	1550	0.6576991	0.034054965
P49815	1550	V	H		AF-P49815-F1-model_v4.pdb	1550	0.7054578	0.038387626
P49815	1550	V	I		AF-P49815-F1-model_v4.pdb	1550	0.9429348	0.020888159
P49815	1550	V	K		AF-P49815-F1-model_v4.pdb	1550	0.6589283	0.037951577
P49815	1550	V	L		AF-P49815-F1-model_v4.pdb	1550	0.8866442	0.024028834
P49815	1550	V	M		AF-P49815-F1-model_v4.pdb	1550	0.7640554	0.03501503
P49815	1550	V	N		AF-P49815-F1-model_v4.pdb	1550	0.74029803	0.02069372
P49815	1550	V	P		AF-P49815-F1-model_v4.pdb	1550	0.7125963	0.030232752
P49815	1550	V	Q		AF-P49815-F1-model_v4.pdb	1550	0.7524774	0.026373975
P49815	1550	V	R		AF-P49815-F1-model_v4.pdb	1550	0.5736033	0.03684263
P49815	1550	V	S		AF-P49815-F1-model_v4.pdb	1550	0.79904604	0.04390763
P49815	1550	V	T		AF-P49815-F1-model_v4.pdb	1550	0.8938447	0.04741672
P49815	1550	V	W		AF-P49815-F1-model_v4.pdb	1550	0.7660095	0.036626056
P49815	1550	V	Y		AF-P49815-F1-model_v4.pdb	1550	0.7098961	0.05220736
P49815	1551	G	A		AF-P49815-F1-model_v4.pdb	1551	0.8062118	0.03280181
P49815	1551	G	C		AF-P49815-F1-model_v4.pdb	1551	0.9147398	0.02165675
P49815	1551	G	D		AF-P49815-F1-model_v4.pdb	1551	0.9436032	0.038619637
P49815	1551	G	E		AF-P49815-F1-model_v4.pdb	1551	0.9215229	0.04055116
P49815	1551	G	F		AF-P49815-F1-model_v4.pdb	1551	0.79277813	0.026318256
P49815	1551	G	H		AF-P49815-F1-model_v4.pdb	1551	0.8920988	0.039754868
P49815	1551	G	I		AF-P49815-F1-model_v4.pdb	1551	0.76377904	0.02742785
P49815	1551	G	K		AF-P49815-F1-model_v4.pdb	1551	0.8332041	0.033141006
P49815	1551	G	L		AF-P49815-F1-model_v4.pdb	1551	0.7949395	0.023478191
P49815	1551	G	M		AF-P49815-F1-model_v4.pdb	1551	0.85723984	0.051047113
P49815	1551	G	N		AF-P49815-F1-model_v4.pdb	1551	0.8773122	0.039417043
P49815	1551	G	P		AF-P49815-F1-model_v4.pdb	1551	0.9128197	0.025777834
P49815	1551	G	Q		AF-P49815-F1-model_v4.pdb	1551	0.90771073	0.038084935
P49815	1551	G	R		AF-P49815-F1-model_v4.pdb	1551	0.8424176	0.026479179
P49815	1551	G	S		AF-P49815-F1-model_v4.pdb	1551	0.8670972	0.03297752
P49815	1551	G	T		AF-P49815-F1-model_v4.pdb	1551	0.8773321	0.027702559
P49815	1551	G	V		AF-P49815-F1-model_v4.pdb	1551	0.776557	0.02054564
P49815	1551	G	W		AF-P49815-F1-model_v4.pdb	1551	0.7475696	0.015292107
P49815	1551	G	Y		AF-P49815-F1-model_v4.pdb	1551	0.8360051	0.0170674
P49815	1552	E	A		AF-P49815-F1-model_v4.pdb	1552	0.9309522	0.030415203
P49815	1552	E	C		AF-P49815-F1-model_v4.pdb	1552	0.988618	0.004719968
P49815	1552	E	D		AF-P49815-F1-model_v4.pdb	1552	0.99819785	0.023777604
P49815	1552	E	F		AF-P49815-F1-model_v4.pdb	1552	0.8373209	0.018387504
P49815	1552	E	G		AF-P49815-F1-model_v4.pdb	1552	0.9642302	0.020524235
P49815	1552	E	H		AF-P49815-F1-model_v4.pdb	1552	0.95171946	0.028268794
P49815	1552	E	I		AF-P49815-F1-model_v4.pdb	1552	0.81653357	0.02129349
P49815	1552	E	K		AF-P49815-F1-model_v4.pdb	1552	0.88281345	0.023988351
P49815	1552	E	L		AF-P49815-F1-model_v4.pdb	1552	0.79854697	0.016506247
P49815	1552	E	M		AF-P49815-F1-model_v4.pdb	1552	0.8771306	0.03293594
P49815	1552	E	N		AF-P49815-F1-model_v4.pdb	1552	0.83755034	0.0442288
P49815	1552	E	P		AF-P49815-F1-model_v4.pdb	1552	0.85349435	0.06014079
P49815	1552	E	Q		AF-P49815-F1-model_v4.pdb	1552	0.90236586	0.027042465
P49815	1552	E	R		AF-P49815-F1-model_v4.pdb	1552	0.87681496	0.019712755
P49815	1552	E	S		AF-P49815-F1-model_v4.pdb	1552	0.8980986	0.025344575
P49815	1552	E	T		AF-P49815-F1-model_v4.pdb	1552	0.9131092	0.02662721
P49815	1552	E	V		AF-P49815-F1-model_v4.pdb	1552	0.84654844	0.022337679
P49815	1552	E	W		AF-P49815-F1-model_v4.pdb	1552	0.9118328	0.025519134
P49815	1552	E	Y		AF-P49815-F1-model_v4.pdb	1552	0.88244736	0.029102037
P49815	1553	G	A		AF-P49815-F1-model_v4.pdb	1553	1.0204438	0.007601949
P49815	1553	G	C		AF-P49815-F1-model_v4.pdb	1553	0.982969	0.017001653
P49815	1553	G	D		AF-P49815-F1-model_v4.pdb	1553	0.9820771	0.026810259
P49815	1553	G	F		AF-P49815-F1-model_v4.pdb	1553	0.9179548	0.025798313
P49815	1553	G	H		AF-P49815-F1-model_v4.pdb	1553	0.99116087	0.02905588
P49815	1553	G	I		AF-P49815-F1-model_v4.pdb	1553	0.8768927	0.02043272
P49815	1553	G	K		AF-P49815-F1-model_v4.pdb	1553	0.8263278	0.03274904
P49815	1553	G	L		AF-P49815-F1-model_v4.pdb	1553	0.9201237	0.020320863
P49815	1553	G	M		AF-P49815-F1-model_v4.pdb	1553	0.9871396	0.022533648
P49815	1553	G	N		AF-P49815-F1-model_v4.pdb	1553	1.0175865	0.022758033
P49815	1553	G	P		AF-P49815-F1-model_v4.pdb	1553	0.9401043	0.012141628
P49815	1553	G	Q		AF-P49815-F1-model_v4.pdb	1553	0.9643725	0.01983675
P49815	1553	G	R		AF-P49815-F1-model_v4.pdb	1553	0.9162518	0.03751203
P49815	1553	G	S		AF-P49815-F1-model_v4.pdb	1553	0.9738264	0.01451928
P49815	1553	G	T		AF-P49815-F1-model_v4.pdb	1553	0.99366647	0.016211737
P49815	1553	G	V		AF-P49815-F1-model_v4.pdb	1553	0.8873536	0.014761117
P49815	1553	G	W		AF-P49815-F1-model_v4.pdb	1553	0.92389375	0.017982395
P49815	1553	G	Y		AF-P49815-F1-model_v4.pdb	1553	0.9332239	0.018431954
P49815	1554	Q	A		AF-P49815-F1-model_v4.pdb	1554	0.7643339	0.023625005
P49815	1554	Q	C		AF-P49815-F1-model_v4.pdb	1554	0.77785367	0.013352154
P49815	1554	Q	D		AF-P49815-F1-model_v4.pdb	1554	0.838644	0.04482883
P49815	1554	Q	E		AF-P49815-F1-model_v4.pdb	1554	0.7588264	0.041647412
P49815	1554	Q	F		AF-P49815-F1-model_v4.pdb	1554	0.78451675	0.029372646
P49815	1554	Q	G		AF-P49815-F1-model_v4.pdb	1554	0.7448462	0.02398741
P49815	1554	Q	H		AF-P49815-F1-model_v4.pdb	1554	0.86024266	0.017887322
P49815	1554	Q	I		AF-P49815-F1-model_v4.pdb	1554	0.6009488	0.021148577
P49815	1554	Q	K		AF-P49815-F1-model_v4.pdb	1554	0.7556601	0.04244662
P49815	1554	Q	L		AF-P49815-F1-model_v4.pdb	1554	0.6984152	0.025924915
P49815	1554	Q	M		AF-P49815-F1-model_v4.pdb	1554	0.8192295	0.026892046
P49815	1554	Q	N		AF-P49815-F1-model_v4.pdb	1554	0.7973261	0.031531975
P49815	1554	Q	P		AF-P49815-F1-model_v4.pdb	1554	0.74124	0.010772373
P49815	1554	Q	R		AF-P49815-F1-model_v4.pdb	1554	0.71539986	0.03363117
P49815	1554	Q	S		AF-P49815-F1-model_v4.pdb	1554	0.821716	0.018018667
P49815	1554	Q	T		AF-P49815-F1-model_v4.pdb	1554	0.79929143	0.023281356
P49815	1554	Q	V		AF-P49815-F1-model_v4.pdb	1554	0.7428633	0.016140506
P49815	1554	Q	W		AF-P49815-F1-model_v4.pdb	1554	0.7177536	0.02952943
P49815	1554	Q	Y		AF-P49815-F1-model_v4.pdb	1554	0.83156693	0.032332264
P49815	1555	S	A		AF-P49815-F1-model_v4.pdb	1555	0.89874685	0.033496592
P49815	1555	S	C		AF-P49815-F1-model_v4.pdb	1555	0.90389615	0.03888102
P49815	1555	S	D		AF-P49815-F1-model_v4.pdb	1555	0.93082494	0.042256095
P49815	1555	S	E		AF-P49815-F1-model_v4.pdb	1555	0.9242318	0.04213699
P49815	1555	S	F		AF-P49815-F1-model_v4.pdb	1555	0.7815603	0.020497281
P49815	1555	S	G		AF-P49815-F1-model_v4.pdb	1555	0.8759821	0.03315184
P49815	1555	S	H		AF-P49815-F1-model_v4.pdb	1555	0.88078344	0.020989507
P49815	1555	S	I		AF-P49815-F1-model_v4.pdb	1555	0.7691682	0.016339656
P49815	1555	S	K		AF-P49815-F1-model_v4.pdb	1555	0.89074576	0.019782567
P49815	1555	S	L		AF-P49815-F1-model_v4.pdb	1555	0.7529329	0.009995774
P49815	1555	S	M		AF-P49815-F1-model_v4.pdb	1555	0.84112376	0.042457327
P49815	1555	S	N		AF-P49815-F1-model_v4.pdb	1555	0.9294292	0.0240416
P49815	1555	S	P		AF-P49815-F1-model_v4.pdb	1555	0.91271913	0.022442272
P49815	1555	S	Q		AF-P49815-F1-model_v4.pdb	1555	0.8930365	0.017427541
P49815	1555	S	R		AF-P49815-F1-model_v4.pdb	1555	0.8344383	0.03142114
P49815	1555	S	T		AF-P49815-F1-model_v4.pdb	1555	0.8775722	0.032558694
P49815	1555	S	V		AF-P49815-F1-model_v4.pdb	1555	0.8036877	0.016133353
P49815	1555	S	W		AF-P49815-F1-model_v4.pdb	1555	0.7774395	0.032001663
P49815	1555	S	Y		AF-P49815-F1-model_v4.pdb	1555	0.877543	0.019708825
P49815	1556	N	A		AF-P49815-F1-model_v4.pdb	1556	0.86785185	0.0248498
P49815	1556	N	C		AF-P49815-F1-model_v4.pdb	1556	0.8780077	0.036619842
P49815	1556	N	D		AF-P49815-F1-model_v4.pdb	1556	0.899418	0.02387069
P49815	1556	N	E		AF-P49815-F1-model_v4.pdb	1556	0.8711454	0.021814872
P49815	1556	N	F		AF-P49815-F1-model_v4.pdb	1556	0.81643087	0.021280762
P49815	1556	N	G		AF-P49815-F1-model_v4.pdb	1556	0.9679569	0.022439927
P49815	1556	N	H		AF-P49815-F1-model_v4.pdb	1556	0.9683671	0.00887394
P49815	1556	N	I		AF-P49815-F1-model_v4.pdb	1556	0.78845006	0.018752176
P49815	1556	N	K		AF-P49815-F1-model_v4.pdb	1556	0.8672838	0.018718148
P49815	1556	N	L		AF-P49815-F1-model_v4.pdb	1556	0.7243408	0.0150907915
P49815	1556	N	M		AF-P49815-F1-model_v4.pdb	1556	0.8352417	0.019692726
P49815	1556	N	P		AF-P49815-F1-model_v4.pdb	1556	0.83922195	0.0345322
P49815	1556	N	Q		AF-P49815-F1-model_v4.pdb	1556	0.90508306	0.013852852
P49815	1556	N	R		AF-P49815-F1-model_v4.pdb	1556	0.8626256	0.016032634
P49815	1556	N	S		AF-P49815-F1-model_v4.pdb	1556	0.8971489	0.044954948
P49815	1556	N	T		AF-P49815-F1-model_v4.pdb	1556	0.8993988	0.042618044
P49815	1556	N	V		AF-P49815-F1-model_v4.pdb	1556	0.72579896	0.017705219
P49815	1556	N	W		AF-P49815-F1-model_v4.pdb	1556	0.84673566	0.020503527
P49815	1556	N	Y		AF-P49815-F1-model_v4.pdb	1556	0.94063985	0.01677727
P49815	1557	S	A		AF-P49815-F1-model_v4.pdb	1557	0.97252214	0.04752138
P49815	1557	S	C		AF-P49815-F1-model_v4.pdb	1557	0.97852325	0.04475041
P49815	1557	S	D		AF-P49815-F1-model_v4.pdb	1557	0.88902724	0.026218787
P49815	1557	S	E		AF-P49815-F1-model_v4.pdb	1557	0.9083622	0.02204417
P49815	1557	S	F		AF-P49815-F1-model_v4.pdb	1557	0.9041007	0.02197139
P49815	1557	S	G		AF-P49815-F1-model_v4.pdb	1557	0.91032743	0.028922778
P49815	1557	S	H		AF-P49815-F1-model_v4.pdb	1557	0.8076328	0.03355221
P49815	1557	S	I		AF-P49815-F1-model_v4.pdb	1557	0.87687665	0.0130634345
P49815	1557	S	K		AF-P49815-F1-model_v4.pdb	1557	0.7748955	0.04492689
P49815	1557	S	L		AF-P49815-F1-model_v4.pdb	1557	0.8571702	0.025738122
P49815	1557	S	M		AF-P49815-F1-model_v4.pdb	1557	0.931163	0.029915715
P49815	1557	S	N		AF-P49815-F1-model_v4.pdb	1557	0.89825696	0.033764835
P49815	1557	S	P		AF-P49815-F1-model_v4.pdb	1557	0.8052189	0.035157416
P49815	1557	S	Q		AF-P49815-F1-model_v4.pdb	1557	0.8752124	0.023618588
P49815	1557	S	R		AF-P49815-F1-model_v4.pdb	1557	0.8262456	0.04336308
P49815	1557	S	T		AF-P49815-F1-model_v4.pdb	1557	0.95555705	0.037124783
P49815	1557	S	V		AF-P49815-F1-model_v4.pdb	1557	0.8655313	0.028757617
P49815	1557	S	W		AF-P49815-F1-model_v4.pdb	1557	0.88151455	0.030899368
P49815	1557	S	Y		AF-P49815-F1-model_v4.pdb	1557	0.95980406	0.027280461
P49815	1558	E	A		AF-P49815-F1-model_v4.pdb	1558	0.94487065	0.02383381
P49815	1558	E	C		AF-P49815-F1-model_v4.pdb	1558	0.9004512	0.022683617
P49815	1558	E	D		AF-P49815-F1-model_v4.pdb	1558	1.0106395	0.016394835
P49815	1558	E	F		AF-P49815-F1-model_v4.pdb	1558	0.6817842	0.024361424
P49815	1558	E	G		AF-P49815-F1-model_v4.pdb	1558	0.940786	0.037930623
P49815	1558	E	H		AF-P49815-F1-model_v4.pdb	1558	0.8236869	0.03284449
P49815	1558	E	I		AF-P49815-F1-model_v4.pdb	1558	0.7107405	0.036260255
P49815	1558	E	K		AF-P49815-F1-model_v4.pdb	1558	0.9189299	0.017462563
P49815	1558	E	L		AF-P49815-F1-model_v4.pdb	1558	0.7811569	0.040087454
P49815	1558	E	M		AF-P49815-F1-model_v4.pdb	1558	0.82429993	0.026413193
P49815	1558	E	N		AF-P49815-F1-model_v4.pdb	1558	0.87802935	0.021535927
P49815	1558	E	P		AF-P49815-F1-model_v4.pdb	1558	0.9536052	0.014108439
P49815	1558	E	Q		AF-P49815-F1-model_v4.pdb	1558	0.9463887	0.0136431195
P49815	1558	E	R		AF-P49815-F1-model_v4.pdb	1558	0.87209004	0.012791863
P49815	1558	E	S		AF-P49815-F1-model_v4.pdb	1558	0.9333499	0.03577197
P49815	1558	E	T		AF-P49815-F1-model_v4.pdb	1558	0.8796956	0.031416275
P49815	1558	E	V		AF-P49815-F1-model_v4.pdb	1558	0.7931098	0.030977577
P49815	1558	E	W		AF-P49815-F1-model_v4.pdb	1558	0.7422156	0.019122018
P49815	1558	E	Y		AF-P49815-F1-model_v4.pdb	1558	0.7433931	0.021045312
P49815	1559	L	A		AF-P49815-F1-model_v4.pdb	1559	1.0278083	0.039572835
P49815	1559	L	C		AF-P49815-F1-model_v4.pdb	1559	0.9756772	0.023165748
P49815	1559	L	D		AF-P49815-F1-model_v4.pdb	1559	1.0069755	0.022178827
P49815	1559	L	E		AF-P49815-F1-model_v4.pdb	1559	0.9113862	0.019384563
P49815	1559	L	F		AF-P49815-F1-model_v4.pdb	1559	0.9074696	0.018700015
P49815	1559	L	G		AF-P49815-F1-model_v4.pdb	1559	0.99858886	0.03805002
P49815	1559	L	H		AF-P49815-F1-model_v4.pdb	1559	0.9169817	0.018538043
P49815	1559	L	I		AF-P49815-F1-model_v4.pdb	1559	0.95826113	0.025886944
P49815	1559	L	K		AF-P49815-F1-model_v4.pdb	1559	0.9068267	0.019994756
P49815	1559	L	M		AF-P49815-F1-model_v4.pdb	1559	0.947715	0.018733125
P49815	1559	L	N		AF-P49815-F1-model_v4.pdb	1559	0.98466015	0.028561343
P49815	1559	L	P		AF-P49815-F1-model_v4.pdb	1559	0.9449134	0.020365192
P49815	1559	L	Q		AF-P49815-F1-model_v4.pdb	1559	0.9221274	0.014523046
P49815	1559	L	R		AF-P49815-F1-model_v4.pdb	1559	0.91049796	0.022726832
P49815	1559	L	S		AF-P49815-F1-model_v4.pdb	1559	0.94686687	0.040060632
P49815	1559	L	T		AF-P49815-F1-model_v4.pdb	1559	0.8890667	0.026040206
P49815	1559	L	V		AF-P49815-F1-model_v4.pdb	1559	0.87457675	0.033216894
P49815	1559	L	W		AF-P49815-F1-model_v4.pdb	1559	0.8953129	0.034064777
P49815	1559	L	Y		AF-P49815-F1-model_v4.pdb	1559	0.8849617	0.043941524
P49815	1560	A	C		AF-P49815-F1-model_v4.pdb	1560	0.9063231	0.015648331
P49815	1560	A	D		AF-P49815-F1-model_v4.pdb	1560	0.9016694	0.05054133
P49815	1560	A	E		AF-P49815-F1-model_v4.pdb	1560	0.8821146	0.047971748
P49815	1560	A	G		AF-P49815-F1-model_v4.pdb	1560	0.8456972	0.04233535
P49815	1560	A	H		AF-P49815-F1-model_v4.pdb	1560	0.8887213	0.014354234
P49815	1560	A	I		AF-P49815-F1-model_v4.pdb	1560	0.87037057	0.033872828
P49815	1560	A	K		AF-P49815-F1-model_v4.pdb	1560	0.87530166	0.025354417
P49815	1560	A	L		AF-P49815-F1-model_v4.pdb	1560	0.87443143	0.044148047
P49815	1560	A	M		AF-P49815-F1-model_v4.pdb	1560	0.86955404	0.02709083
P49815	1560	A	N		AF-P49815-F1-model_v4.pdb	1560	0.9058789	0.034245364
P49815	1560	A	P		AF-P49815-F1-model_v4.pdb	1560	0.9081524	0.011597602
P49815	1560	A	Q		AF-P49815-F1-model_v4.pdb	1560	0.88283044	0.03258095
P49815	1560	A	R		AF-P49815-F1-model_v4.pdb	1560	0.90856713	0.02668299
P49815	1560	A	S		AF-P49815-F1-model_v4.pdb	1560	0.9543263	0.042966444
P49815	1560	A	T		AF-P49815-F1-model_v4.pdb	1560	0.9552075	0.013368271
P49815	1560	A	V		AF-P49815-F1-model_v4.pdb	1560	0.90000343	0.026845409
P49815	1560	A	W		AF-P49815-F1-model_v4.pdb	1560	0.84174407	0.027770787
P49815	1560	A	Y		AF-P49815-F1-model_v4.pdb	1560	0.9031334	0.008456791
P49815	1561	I	A		AF-P49815-F1-model_v4.pdb	1561	0.88894683	0.021382196
P49815	1561	I	C		AF-P49815-F1-model_v4.pdb	1561	0.7751132	0.034156926
P49815	1561	I	D		AF-P49815-F1-model_v4.pdb	1561	0.77355075	0.013454621
P49815	1561	I	E		AF-P49815-F1-model_v4.pdb	1561	0.84629565	0.012209231
P49815	1561	I	F		AF-P49815-F1-model_v4.pdb	1561	0.75931376	0.0334398
P49815	1561	I	G		AF-P49815-F1-model_v4.pdb	1561	0.80520946	0.028407069
P49815	1561	I	H		AF-P49815-F1-model_v4.pdb	1561	0.7671081	0.02844233
P49815	1561	I	K		AF-P49815-F1-model_v4.pdb	1561	0.70622206	0.017062819
P49815	1561	I	L		AF-P49815-F1-model_v4.pdb	1561	0.8886015	0.013250602
P49815	1561	I	M		AF-P49815-F1-model_v4.pdb	1561	0.83768976	0.025831414
P49815	1561	I	N		AF-P49815-F1-model_v4.pdb	1561	0.7567777	0.016774865
P49815	1561	I	P		AF-P49815-F1-model_v4.pdb	1561	0.8230351	0.02216089
P49815	1561	I	Q		AF-P49815-F1-model_v4.pdb	1561	0.8675467	0.013890039
P49815	1561	I	R		AF-P49815-F1-model_v4.pdb	1561	0.70998347	0.019679915
P49815	1561	I	S		AF-P49815-F1-model_v4.pdb	1561	0.82073087	0.045295164
P49815	1561	I	T		AF-P49815-F1-model_v4.pdb	1561	0.7832572	0.026213609
P49815	1561	I	V		AF-P49815-F1-model_v4.pdb	1561	0.7877468	0.047739357
P49815	1561	I	W		AF-P49815-F1-model_v4.pdb	1561	0.6915366	0.032111447
P49815	1561	I	Y		AF-P49815-F1-model_v4.pdb	1561	0.76947194	0.05972563
P49815	1562	L	A		AF-P49815-F1-model_v4.pdb	1562	0.9811921	0.025769243
P49815	1562	L	C		AF-P49815-F1-model_v4.pdb	1562	0.922042	0.04617962
P49815	1562	L	D		AF-P49815-F1-model_v4.pdb	1562	0.8075592	0.030373128
P49815	1562	L	E		AF-P49815-F1-model_v4.pdb	1562	0.8379482	0.022268033
P49815	1562	L	F		AF-P49815-F1-model_v4.pdb	1562	0.8876972	0.013528316
P49815	1562	L	G		AF-P49815-F1-model_v4.pdb	1562	0.8775436	0.026293587
P49815	1562	L	H		AF-P49815-F1-model_v4.pdb	1562	0.78097296	0.030178681
P49815	1562	L	I		AF-P49815-F1-model_v4.pdb	1562	0.92181015	0.011299197
P49815	1562	L	K		AF-P49815-F1-model_v4.pdb	1562	0.8065427	0.012838896
P49815	1562	L	M		AF-P49815-F1-model_v4.pdb	1562	0.88691556	0.025071202
P49815	1562	L	N		AF-P49815-F1-model_v4.pdb	1562	0.77256334	0.042265102
P49815	1562	L	P		AF-P49815-F1-model_v4.pdb	1562	0.8130062	0.04326114
P49815	1562	L	Q		AF-P49815-F1-model_v4.pdb	1562	0.85532045	0.037810266
P49815	1562	L	R		AF-P49815-F1-model_v4.pdb	1562	0.7520943	0.025653271
P49815	1562	L	S		AF-P49815-F1-model_v4.pdb	1562	0.9136093	0.011933844
P49815	1562	L	T		AF-P49815-F1-model_v4.pdb	1562	0.8469696	0.028698126
P49815	1562	L	V		AF-P49815-F1-model_v4.pdb	1562	0.91551703	0.005512812
P49815	1562	L	W		AF-P49815-F1-model_v4.pdb	1562	0.88499403	0.034511045
P49815	1562	L	Y		AF-P49815-F1-model_v4.pdb	1562	0.8081196	0.04089596
P49815	1563	S	A		AF-P49815-F1-model_v4.pdb	1563	0.7644805	0.04391879
P49815	1563	S	C		AF-P49815-F1-model_v4.pdb	1563	0.8610321	0.02865609
P49815	1563	S	D		AF-P49815-F1-model_v4.pdb	1563	0.7384496	0.020804077
P49815	1563	S	E		AF-P49815-F1-model_v4.pdb	1563	0.86423177	0.024801578
P49815	1563	S	F		AF-P49815-F1-model_v4.pdb	1563	0.7434045	0.021654334
P49815	1563	S	G		AF-P49815-F1-model_v4.pdb	1563	0.7999915	0.043036327
P49815	1563	S	H		AF-P49815-F1-model_v4.pdb	1563	0.791926	0.023846302
P49815	1563	S	I		AF-P49815-F1-model_v4.pdb	1563	0.6916668	0.03745801
P49815	1563	S	K		AF-P49815-F1-model_v4.pdb	1563	0.8201745	0.023060814
P49815	1563	S	L		AF-P49815-F1-model_v4.pdb	1563	0.7069761	0.025577303
P49815	1563	S	M		AF-P49815-F1-model_v4.pdb	1563	0.83700144	0.019725727
P49815	1563	S	N		AF-P49815-F1-model_v4.pdb	1563	0.74987775	0.026957737
P49815	1563	S	P		AF-P49815-F1-model_v4.pdb	1563	0.6914677	0.016032163
P49815	1563	S	Q		AF-P49815-F1-model_v4.pdb	1563	0.8684127	0.02124453
P49815	1563	S	R		AF-P49815-F1-model_v4.pdb	1563	0.8039812	0.020007169
P49815	1563	S	T		AF-P49815-F1-model_v4.pdb	1563	0.82136	0.01643664
P49815	1563	S	V		AF-P49815-F1-model_v4.pdb	1563	0.7640577	0.022433551
P49815	1563	S	W		AF-P49815-F1-model_v4.pdb	1563	0.724969	0.021570465
P49815	1563	S	Y		AF-P49815-F1-model_v4.pdb	1563	0.8038088	0.030914241
P49815	1564	N	A		AF-P49815-F1-model_v4.pdb	1564	0.88246346	0.016208563
P49815	1564	N	C		AF-P49815-F1-model_v4.pdb	1564	0.8448332	0.029847467
P49815	1564	N	D		AF-P49815-F1-model_v4.pdb	1564	0.8971545	0.023699932
P49815	1564	N	E		AF-P49815-F1-model_v4.pdb	1564	0.8814376	0.010399874
P49815	1564	N	F		AF-P49815-F1-model_v4.pdb	1564	0.7627181	0.019161694
P49815	1564	N	G		AF-P49815-F1-model_v4.pdb	1564	0.8770181	0.015468767
P49815	1564	N	H		AF-P49815-F1-model_v4.pdb	1564	0.9004803	0.009477332
P49815	1564	N	I		AF-P49815-F1-model_v4.pdb	1564	0.75838584	0.032031666
P49815	1564	N	K		AF-P49815-F1-model_v4.pdb	1564	0.7764766	0.02523966
P49815	1564	N	L		AF-P49815-F1-model_v4.pdb	1564	0.7412979	0.024444185
P49815	1564	N	M		AF-P49815-F1-model_v4.pdb	1564	0.8444856	0.018752817
P49815	1564	N	P		AF-P49815-F1-model_v4.pdb	1564	0.8219727	0.017417056
P49815	1564	N	Q		AF-P49815-F1-model_v4.pdb	1564	0.93634355	0.010906125
P49815	1564	N	R		AF-P49815-F1-model_v4.pdb	1564	0.8121263	0.029857844
P49815	1564	N	S		AF-P49815-F1-model_v4.pdb	1564	0.8971683	0.01876701
P49815	1564	N	T		AF-P49815-F1-model_v4.pdb	1564	0.8895408	0.017231476
P49815	1564	N	V		AF-P49815-F1-model_v4.pdb	1564	0.7884939	0.00951004
P49815	1564	N	W		AF-P49815-F1-model_v4.pdb	1564	0.7523351	0.029673409
P49815	1564	N	Y		AF-P49815-F1-model_v4.pdb	1564	0.7955082	0.04179654
P49815	1565	E	A		AF-P49815-F1-model_v4.pdb	1565	0.8014396	0.017631626
P49815	1565	E	C		AF-P49815-F1-model_v4.pdb	1565	0.8191811	0.024723606
P49815	1565	E	D		AF-P49815-F1-model_v4.pdb	1565	0.8508495	0.033200182
P49815	1565	E	F		AF-P49815-F1-model_v4.pdb	1565	0.7590362	0.0152092455
P49815	1565	E	G		AF-P49815-F1-model_v4.pdb	1565	0.85095406	0.01706391
P49815	1565	E	H		AF-P49815-F1-model_v4.pdb	1565	0.8505853	0.024336766
P49815	1565	E	I		AF-P49815-F1-model_v4.pdb	1565	0.7341217	0.02787749
P49815	1565	E	K		AF-P49815-F1-model_v4.pdb	1565	0.74183637	0.02938347
P49815	1565	E	L		AF-P49815-F1-model_v4.pdb	1565	0.7517761	0.020647176
P49815	1565	E	M		AF-P49815-F1-model_v4.pdb	1565	0.8305645	0.014789637
P49815	1565	E	N		AF-P49815-F1-model_v4.pdb	1565	0.772515	0.03534332
P49815	1565	E	P		AF-P49815-F1-model_v4.pdb	1565	0.8540394	0.023477113
P49815	1565	E	Q		AF-P49815-F1-model_v4.pdb	1565	0.76113904	0.021930048
P49815	1565	E	R		AF-P49815-F1-model_v4.pdb	1565	0.78318465	0.02294117
P49815	1565	E	S		AF-P49815-F1-model_v4.pdb	1565	0.8351493	0.027615422
P49815	1565	E	T		AF-P49815-F1-model_v4.pdb	1565	0.84086114	0.02011475
P49815	1565	E	V		AF-P49815-F1-model_v4.pdb	1565	0.8033574	0.011838397
P49815	1565	E	W		AF-P49815-F1-model_v4.pdb	1565	0.80289155	0.029746333
P49815	1565	E	Y		AF-P49815-F1-model_v4.pdb	1565	0.81701314	0.022847487
P49815	1566	H	A		AF-P49815-F1-model_v4.pdb	1566	0.9919156	0.027062647
P49815	1566	H	C		AF-P49815-F1-model_v4.pdb	1566	0.94622105	0.015808454
P49815	1566	H	D		AF-P49815-F1-model_v4.pdb	1566	1.0000613	0.00873638
P49815	1566	H	E		AF-P49815-F1-model_v4.pdb	1566	1.0265273	0.022155356
P49815	1566	H	F		AF-P49815-F1-model_v4.pdb	1566	0.9722338	0.006752958
P49815	1566	H	G		AF-P49815-F1-model_v4.pdb	1566	0.9670378	0.019441476
P49815	1566	H	I		AF-P49815-F1-model_v4.pdb	1566	0.90518665	0.010127
P49815	1566	H	K		AF-P49815-F1-model_v4.pdb	1566	0.9735321	0.02135828
P49815	1566	H	L		AF-P49815-F1-model_v4.pdb	1566	0.9347657	0.02504962
P49815	1566	H	M		AF-P49815-F1-model_v4.pdb	1566	0.9832309	0.0227847
P49815	1566	H	N		AF-P49815-F1-model_v4.pdb	1566	1.0412891	0.024502454
P49815	1566	H	P		AF-P49815-F1-model_v4.pdb	1566	0.9715212	0.020234514
P49815	1566	H	Q		AF-P49815-F1-model_v4.pdb	1566	0.9936892	0.02044376
P49815	1566	H	R		AF-P49815-F1-model_v4.pdb	1566	0.968304	0.01730797
P49815	1566	H	S		AF-P49815-F1-model_v4.pdb	1566	0.9791271	0.015718812
P49815	1566	H	T		AF-P49815-F1-model_v4.pdb	1566	0.99941033	0.031040575
P49815	1566	H	V		AF-P49815-F1-model_v4.pdb	1566	0.9392846	0.024493711
P49815	1566	H	W		AF-P49815-F1-model_v4.pdb	1566	0.9100933	0.028881582
P49815	1566	H	Y		AF-P49815-F1-model_v4.pdb	1566	1.0051745	0.017123833
P49815	1567	G	A		AF-P49815-F1-model_v4.pdb	1567	0.8797838	0.017990375
P49815	1567	G	C		AF-P49815-F1-model_v4.pdb	1567	0.8907436	0.029011229
P49815	1567	G	D		AF-P49815-F1-model_v4.pdb	1567	0.9517708	0.025053713
P49815	1567	G	E		AF-P49815-F1-model_v4.pdb	1567	0.91921616	0.031784065
P49815	1567	G	F		AF-P49815-F1-model_v4.pdb	1567	0.7991668	0.02808157
P49815	1567	G	H		AF-P49815-F1-model_v4.pdb	1567	0.91973	0.017756285
P49815	1567	G	I		AF-P49815-F1-model_v4.pdb	1567	0.80624104	0.02299343
P49815	1567	G	K		AF-P49815-F1-model_v4.pdb	1567	0.85607755	0.00826496
P49815	1567	G	L		AF-P49815-F1-model_v4.pdb	1567	0.8282984	0.027360441
P49815	1567	G	M		AF-P49815-F1-model_v4.pdb	1567	0.89047587	0.03607626
P49815	1567	G	N		AF-P49815-F1-model_v4.pdb	1567	0.9140728	0.018545654
P49815	1567	G	P		AF-P49815-F1-model_v4.pdb	1567	0.92015666	0.03060408
P49815	1567	G	Q		AF-P49815-F1-model_v4.pdb	1567	0.9464774	0.019247787
P49815	1567	G	R		AF-P49815-F1-model_v4.pdb	1567	0.82801276	0.015441959
P49815	1567	G	S		AF-P49815-F1-model_v4.pdb	1567	0.879889	0.013610503
P49815	1567	G	T		AF-P49815-F1-model_v4.pdb	1567	0.91977024	0.019914487
P49815	1567	G	V		AF-P49815-F1-model_v4.pdb	1567	0.80144465	0.016351307
P49815	1567	G	W		AF-P49815-F1-model_v4.pdb	1567	0.7616596	0.014975965
P49815	1567	G	Y		AF-P49815-F1-model_v4.pdb	1567	0.83859795	0.029293526
P49815	1568	S	A		AF-P49815-F1-model_v4.pdb	1568	0.9421096	0.033736434
P49815	1568	S	C		AF-P49815-F1-model_v4.pdb	1568	0.95849	0.020422826
P49815	1568	S	D		AF-P49815-F1-model_v4.pdb	1568	0.9919077	0.0018502844
P49815	1568	S	E		AF-P49815-F1-model_v4.pdb	1568	1.012448	0.03201572
P49815	1568	S	F		AF-P49815-F1-model_v4.pdb	1568	0.87181014	0.042319074
P49815	1568	S	G		AF-P49815-F1-model_v4.pdb	1568	0.9605192	0.022969525
P49815	1568	S	H		AF-P49815-F1-model_v4.pdb	1568	0.9152061	0.037699312
P49815	1568	S	I		AF-P49815-F1-model_v4.pdb	1568	0.8361274	0.03176961
P49815	1568	S	K		AF-P49815-F1-model_v4.pdb	1568	0.9034198	0.03830476
P49815	1568	S	L		AF-P49815-F1-model_v4.pdb	1568	0.8376587	0.029438533
P49815	1568	S	M		AF-P49815-F1-model_v4.pdb	1568	0.9091961	0.036209807
P49815	1568	S	N		AF-P49815-F1-model_v4.pdb	1568	0.900643	0.02712114
P49815	1568	S	P		AF-P49815-F1-model_v4.pdb	1568	0.8803638	0.023001052
P49815	1568	S	Q		AF-P49815-F1-model_v4.pdb	1568	0.9780216	0.030187057
P49815	1568	S	R		AF-P49815-F1-model_v4.pdb	1568	0.9020835	0.028834427
P49815	1568	S	T		AF-P49815-F1-model_v4.pdb	1568	0.9527546	0.025587488
P49815	1568	S	V		AF-P49815-F1-model_v4.pdb	1568	0.8682022	0.021567054
P49815	1568	S	W		AF-P49815-F1-model_v4.pdb	1568	0.80636346	0.008721015
P49815	1568	S	Y		AF-P49815-F1-model_v4.pdb	1568	0.9458429	0.03200013
P49815	1569	Y	A		AF-P49815-F1-model_v4.pdb	1569	0.9270139	0.019879723
P49815	1569	Y	C		AF-P49815-F1-model_v4.pdb	1569	0.9558519	0.020282466
P49815	1569	Y	D		AF-P49815-F1-model_v4.pdb	1569	0.9553093	0.016783198
P49815	1569	Y	E		AF-P49815-F1-model_v4.pdb	1569	0.96327114	0.018425902
P49815	1569	Y	F		AF-P49815-F1-model_v4.pdb	1569	0.97630835	0.016476216
P49815	1569	Y	G		AF-P49815-F1-model_v4.pdb	1569	0.9282519	0.022140859
P49815	1569	Y	H		AF-P49815-F1-model_v4.pdb	1569	1.0192763	0.02987505
P49815	1569	Y	I		AF-P49815-F1-model_v4.pdb	1569	0.9211378	0.0103314575
P49815	1569	Y	K		AF-P49815-F1-model_v4.pdb	1569	0.9112455	0.030796254
P49815	1569	Y	L		AF-P49815-F1-model_v4.pdb	1569	0.8916586	0.01607332
P49815	1569	Y	M		AF-P49815-F1-model_v4.pdb	1569	0.9390718	0.016137015
P49815	1569	Y	N		AF-P49815-F1-model_v4.pdb	1569	1.015166	0.030264815
P49815	1569	Y	P		AF-P49815-F1-model_v4.pdb	1569	0.94915235	0.014513686
P49815	1569	Y	Q		AF-P49815-F1-model_v4.pdb	1569	1.0347832	0.023192927
P49815	1569	Y	R		AF-P49815-F1-model_v4.pdb	1569	0.9104435	0.049507856
P49815	1569	Y	S		AF-P49815-F1-model_v4.pdb	1569	0.9535594	0.024904178
P49815	1569	Y	T		AF-P49815-F1-model_v4.pdb	1569	0.9665925	0.029534861
P49815	1569	Y	V		AF-P49815-F1-model_v4.pdb	1569	0.95514107	0.017430035
P49815	1569	Y	W		AF-P49815-F1-model_v4.pdb	1569	0.94572353	0.019149777
P49815	1570	R	A		AF-P49815-F1-model_v4.pdb	1570	0.9050435	0.027973438
P49815	1570	R	C		AF-P49815-F1-model_v4.pdb	1570	0.87299985	0.018329864
P49815	1570	R	D		AF-P49815-F1-model_v4.pdb	1570	0.9222189	0.018533496
P49815	1570	R	E		AF-P49815-F1-model_v4.pdb	1570	0.8966206	0.01049825
P49815	1570	R	F		AF-P49815-F1-model_v4.pdb	1570	0.8197958	0.039138433
P49815	1570	R	G		AF-P49815-F1-model_v4.pdb	1570	0.9035672	0.027580785
P49815	1570	R	H		AF-P49815-F1-model_v4.pdb	1570	0.90126735	0.02385402
P49815	1570	R	I		AF-P49815-F1-model_v4.pdb	1570	0.83142775	0.038120113
P49815	1570	R	K		AF-P49815-F1-model_v4.pdb	1570	0.8791214	0.0145659
P49815	1570	R	L		AF-P49815-F1-model_v4.pdb	1570	0.85684794	0.034084853
P49815	1570	R	M		AF-P49815-F1-model_v4.pdb	1570	0.85879815	0.025559936
P49815	1570	R	N		AF-P49815-F1-model_v4.pdb	1570	0.9217019	0.025798116
P49815	1570	R	P		AF-P49815-F1-model_v4.pdb	1570	0.9269959	0.018908296
P49815	1570	R	Q		AF-P49815-F1-model_v4.pdb	1570	0.9047705	0.016287781
P49815	1570	R	S		AF-P49815-F1-model_v4.pdb	1570	0.89558554	0.02844977
P49815	1570	R	T		AF-P49815-F1-model_v4.pdb	1570	0.95464754	0.02636084
P49815	1570	R	V		AF-P49815-F1-model_v4.pdb	1570	0.8827507	0.023785422
P49815	1570	R	W		AF-P49815-F1-model_v4.pdb	1570	0.8367748	0.034627702
P49815	1570	R	Y		AF-P49815-F1-model_v4.pdb	1570	0.91742337	0.035511386
P49815	1571	Y	A		AF-P49815-F1-model_v4.pdb	1571	0.8070903	0.013576136
P49815	1571	Y	C		AF-P49815-F1-model_v4.pdb	1571	0.683107	0.026715515
P49815	1571	Y	D		AF-P49815-F1-model_v4.pdb	1571	0.81498927	0.026290124
P49815	1571	Y	E		AF-P49815-F1-model_v4.pdb	1571	0.77709323	0.022443421
P49815	1571	Y	F		AF-P49815-F1-model_v4.pdb	1571	0.8319672	0.019632006
P49815	1571	Y	G		AF-P49815-F1-model_v4.pdb	1571	0.7346873	0.023935901
P49815	1571	Y	H		AF-P49815-F1-model_v4.pdb	1571	0.9277164	0.026370857
P49815	1571	Y	I		AF-P49815-F1-model_v4.pdb	1571	0.7321876	0.025207479
P49815	1571	Y	K		AF-P49815-F1-model_v4.pdb	1571	0.7244849	0.015863597
P49815	1571	Y	L		AF-P49815-F1-model_v4.pdb	1571	0.7560941	0.01249805
P49815	1571	Y	M		AF-P49815-F1-model_v4.pdb	1571	0.73141617	0.0038372804
P49815	1571	Y	P		AF-P49815-F1-model_v4.pdb	1571	0.77190804	0.028739357
P49815	1571	Y	Q		AF-P49815-F1-model_v4.pdb	1571	0.80673695	0.015115504
P49815	1571	Y	R		AF-P49815-F1-model_v4.pdb	1571	0.68421954	0.019295588
P49815	1571	Y	S		AF-P49815-F1-model_v4.pdb	1571	0.7425118	0.029348329
P49815	1571	Y	T		AF-P49815-F1-model_v4.pdb	1571	0.7875576	0.024074908
P49815	1571	Y	V		AF-P49815-F1-model_v4.pdb	1571	0.7603489	0.01831366
P49815	1571	Y	W		AF-P49815-F1-model_v4.pdb	1571	0.6668933	0.031759523
P49815	1572	T	A		AF-P49815-F1-model_v4.pdb	1572	0.9738491	0.034354016
P49815	1572	T	C		AF-P49815-F1-model_v4.pdb	1572	0.9348799	0.027105229
P49815	1572	T	D		AF-P49815-F1-model_v4.pdb	1572	0.8933132	0.021138724
P49815	1572	T	E		AF-P49815-F1-model_v4.pdb	1572	0.94671565	0.024311375
P49815	1572	T	F		AF-P49815-F1-model_v4.pdb	1572	0.8623465	0.0151827345
P49815	1572	T	G		AF-P49815-F1-model_v4.pdb	1572	0.9717988	0.02725825
P49815	1572	T	H		AF-P49815-F1-model_v4.pdb	1572	0.9983099	0.018399918
P49815	1572	T	I		AF-P49815-F1-model_v4.pdb	1572	0.89806956	0.025933607
P49815	1572	T	K		AF-P49815-F1-model_v4.pdb	1572	0.8710184	0.04611469
P49815	1572	T	L		AF-P49815-F1-model_v4.pdb	1572	0.9257414	0.027895702
P49815	1572	T	M		AF-P49815-F1-model_v4.pdb	1572	0.92991865	0.020855779
P49815	1572	T	N		AF-P49815-F1-model_v4.pdb	1572	0.96734846	0.018954314
P49815	1572	T	P		AF-P49815-F1-model_v4.pdb	1572	0.77110964	0.0325585
P49815	1572	T	Q		AF-P49815-F1-model_v4.pdb	1572	0.9576799	0.031015506
P49815	1572	T	R		AF-P49815-F1-model_v4.pdb	1572	0.79036486	0.04275846
P49815	1572	T	S		AF-P49815-F1-model_v4.pdb	1572	0.921569	0.04436151
P49815	1572	T	V		AF-P49815-F1-model_v4.pdb	1572	0.9038676	0.010811442
P49815	1572	T	W		AF-P49815-F1-model_v4.pdb	1572	0.81481755	0.047641177
P49815	1572	T	Y		AF-P49815-F1-model_v4.pdb	1572	0.878115	0.01040563
P49815	1573	E	A		AF-P49815-F1-model_v4.pdb	1573	0.9413309	0.014267465
P49815	1573	E	C		AF-P49815-F1-model_v4.pdb	1573	0.87483615	0.027569437
P49815	1573	E	D		AF-P49815-F1-model_v4.pdb	1573	1.020757	0.017731726
P49815	1573	E	F		AF-P49815-F1-model_v4.pdb	1573	0.7515185	0.040696196
P49815	1573	E	G		AF-P49815-F1-model_v4.pdb	1573	0.9950463	0.01811483
P49815	1573	E	H		AF-P49815-F1-model_v4.pdb	1573	0.92604923	0.02784703
P49815	1573	E	I		AF-P49815-F1-model_v4.pdb	1573	0.81397724	0.03531982
P49815	1573	E	K		AF-P49815-F1-model_v4.pdb	1573	0.907262	0.033825498
P49815	1573	E	L		AF-P49815-F1-model_v4.pdb	1573	0.7857361	0.037195936
P49815	1573	E	M		AF-P49815-F1-model_v4.pdb	1573	0.8913549	0.009501518
P49815	1573	E	N		AF-P49815-F1-model_v4.pdb	1573	0.9681835	0.024084289
P49815	1573	E	P		AF-P49815-F1-model_v4.pdb	1573	0.7858242	0.0017759732
P49815	1573	E	Q		AF-P49815-F1-model_v4.pdb	1573	0.9413492	0.021599546
P49815	1573	E	R		AF-P49815-F1-model_v4.pdb	1573	0.8521322	0.027912645
P49815	1573	E	S		AF-P49815-F1-model_v4.pdb	1573	0.97421753	0.016641144
P49815	1573	E	T		AF-P49815-F1-model_v4.pdb	1573	0.9248446	0.015270939
P49815	1573	E	V		AF-P49815-F1-model_v4.pdb	1573	0.8490008	0.03518654
P49815	1573	E	W		AF-P49815-F1-model_v4.pdb	1573	0.68871486	0.040684458
P49815	1573	E	Y		AF-P49815-F1-model_v4.pdb	1573	0.76823187	0.049599115
P49815	1574	F	A		AF-P49815-F1-model_v4.pdb	1574	0.80258435	0.02361375
P49815	1574	F	C		AF-P49815-F1-model_v4.pdb	1574	0.7505043	0.027349075
P49815	1574	F	D		AF-P49815-F1-model_v4.pdb	1574	0.637661	0.017832536
P49815	1574	F	E		AF-P49815-F1-model_v4.pdb	1574	0.67798555	0.03628721
P49815	1574	F	G		AF-P49815-F1-model_v4.pdb	1574	0.7207121	0.019604532
P49815	1574	F	H		AF-P49815-F1-model_v4.pdb	1574	0.8049181	0.025752734
P49815	1574	F	I		AF-P49815-F1-model_v4.pdb	1574	0.8237653	0.030251605
P49815	1574	F	K		AF-P49815-F1-model_v4.pdb	1574	0.62236947	0.033438157
P49815	1574	F	L		AF-P49815-F1-model_v4.pdb	1574	0.81052077	0.016758451
P49815	1574	F	M		AF-P49815-F1-model_v4.pdb	1574	0.83327115	0.031459425
P49815	1574	F	N		AF-P49815-F1-model_v4.pdb	1574	0.6959135	0.028644742
P49815	1574	F	P		AF-P49815-F1-model_v4.pdb	1574	0.7260915	0.036495328
P49815	1574	F	Q		AF-P49815-F1-model_v4.pdb	1574	0.70565367	0.040167306
P49815	1574	F	R		AF-P49815-F1-model_v4.pdb	1574	0.6231697	0.03467745
P49815	1574	F	S		AF-P49815-F1-model_v4.pdb	1574	0.7366449	0.024497744
P49815	1574	F	T		AF-P49815-F1-model_v4.pdb	1574	0.8031384	0.021866566
P49815	1574	F	V		AF-P49815-F1-model_v4.pdb	1574	0.815091	0.025242072
P49815	1574	F	W		AF-P49815-F1-model_v4.pdb	1574	0.8027278	0.04296431
P49815	1574	F	Y		AF-P49815-F1-model_v4.pdb	1574	0.8436583	0.02084117
P49815	1575	L	A		AF-P49815-F1-model_v4.pdb	1575	0.84059227	0.017995618
P49815	1575	L	C		AF-P49815-F1-model_v4.pdb	1575	0.7988821	0.01807196
P49815	1575	L	D		AF-P49815-F1-model_v4.pdb	1575	0.7804429	0.030362677
P49815	1575	L	E		AF-P49815-F1-model_v4.pdb	1575	0.78234273	0.026861362
P49815	1575	L	F		AF-P49815-F1-model_v4.pdb	1575	0.70352864	0.021388996
P49815	1575	L	G		AF-P49815-F1-model_v4.pdb	1575	0.78775996	0.03453707
P49815	1575	L	H		AF-P49815-F1-model_v4.pdb	1575	0.6407796	0.05855049
P49815	1575	L	I		AF-P49815-F1-model_v4.pdb	1575	0.8475796	0.015197181
P49815	1575	L	K		AF-P49815-F1-model_v4.pdb	1575	0.7591957	0.04438012
P49815	1575	L	M		AF-P49815-F1-model_v4.pdb	1575	0.9406269	0.021241782
P49815	1575	L	N		AF-P49815-F1-model_v4.pdb	1575	0.7575943	0.046142474
P49815	1575	L	P		AF-P49815-F1-model_v4.pdb	1575	0.66055477	0.048551083
P49815	1575	L	Q		AF-P49815-F1-model_v4.pdb	1575	0.8046506	0.0441319
P49815	1575	L	R		AF-P49815-F1-model_v4.pdb	1575	0.6025607	0.0448894
P49815	1575	L	S		AF-P49815-F1-model_v4.pdb	1575	0.7968938	0.037974622
P49815	1575	L	T		AF-P49815-F1-model_v4.pdb	1575	0.78663	0.03935659
P49815	1575	L	V		AF-P49815-F1-model_v4.pdb	1575	0.83942586	0.025271894
P49815	1575	L	W		AF-P49815-F1-model_v4.pdb	1575	0.6367168	0.032070108
P49815	1575	L	Y		AF-P49815-F1-model_v4.pdb	1575	0.6865007	0.027880995
P49815	1576	T	A		AF-P49815-F1-model_v4.pdb	1576	0.9012669	0.014742776
P49815	1576	T	C		AF-P49815-F1-model_v4.pdb	1576	0.9146019	0.03220861
P49815	1576	T	D		AF-P49815-F1-model_v4.pdb	1576	0.89234674	0.022288037
P49815	1576	T	E		AF-P49815-F1-model_v4.pdb	1576	0.90756404	0.010734421
P49815	1576	T	F		AF-P49815-F1-model_v4.pdb	1576	0.9006302	0.014301057
P49815	1576	T	G		AF-P49815-F1-model_v4.pdb	1576	0.87490827	0.017561303
P49815	1576	T	H		AF-P49815-F1-model_v4.pdb	1576	0.9206346	0.0189172
P49815	1576	T	I		AF-P49815-F1-model_v4.pdb	1576	0.8294524	0.025145972
P49815	1576	T	K		AF-P49815-F1-model_v4.pdb	1576	0.8161753	0.03425367
P49815	1576	T	L		AF-P49815-F1-model_v4.pdb	1576	0.8294942	0.010537735
P49815	1576	T	M		AF-P49815-F1-model_v4.pdb	1576	0.89082956	0.01251463
P49815	1576	T	N		AF-P49815-F1-model_v4.pdb	1576	0.90966904	0.011184647
P49815	1576	T	P		AF-P49815-F1-model_v4.pdb	1576	0.8221186	0.035129234
P49815	1576	T	Q		AF-P49815-F1-model_v4.pdb	1576	0.88149405	0.013388019
P49815	1576	T	R		AF-P49815-F1-model_v4.pdb	1576	0.8105856	0.028477006
P49815	1576	T	S		AF-P49815-F1-model_v4.pdb	1576	0.8402192	0.041103333
P49815	1576	T	V		AF-P49815-F1-model_v4.pdb	1576	0.8393854	0.009806882
P49815	1576	T	W		AF-P49815-F1-model_v4.pdb	1576	0.9137535	0.034680013
P49815	1576	T	Y		AF-P49815-F1-model_v4.pdb	1576	0.88127005	0.024275677
P49815	1577	G	A		AF-P49815-F1-model_v4.pdb	1577	0.87177163	0.028522752
P49815	1577	G	C		AF-P49815-F1-model_v4.pdb	1577	0.8253311	0.027911915
P49815	1577	G	D		AF-P49815-F1-model_v4.pdb	1577	0.85346925	0.022598075
P49815	1577	G	E		AF-P49815-F1-model_v4.pdb	1577	0.8307315	0.026691295
P49815	1577	G	F		AF-P49815-F1-model_v4.pdb	1577	0.72149163	0.01594166
P49815	1577	G	H		AF-P49815-F1-model_v4.pdb	1577	0.8422181	0.03830642
P49815	1577	G	I		AF-P49815-F1-model_v4.pdb	1577	0.7508993	0.035889458
P49815	1577	G	K		AF-P49815-F1-model_v4.pdb	1577	0.80872047	0.021781227
P49815	1577	G	L		AF-P49815-F1-model_v4.pdb	1577	0.7982212	0.028264597
P49815	1577	G	M		AF-P49815-F1-model_v4.pdb	1577	0.8408532	0.03417297
P49815	1577	G	N		AF-P49815-F1-model_v4.pdb	1577	0.7755357	0.022414522
P49815	1577	G	P		AF-P49815-F1-model_v4.pdb	1577	0.78349376	0.033528946
P49815	1577	G	Q		AF-P49815-F1-model_v4.pdb	1577	0.87576294	0.026759213
P49815	1577	G	R		AF-P49815-F1-model_v4.pdb	1577	0.77372915	0.0155509515
P49815	1577	G	S		AF-P49815-F1-model_v4.pdb	1577	0.78199613	0.04548871
P49815	1577	G	T		AF-P49815-F1-model_v4.pdb	1577	0.89085853	0.018207438
P49815	1577	G	V		AF-P49815-F1-model_v4.pdb	1577	0.79451245	0.032100435
P49815	1577	G	W		AF-P49815-F1-model_v4.pdb	1577	0.75831544	0.009266955
P49815	1577	G	Y		AF-P49815-F1-model_v4.pdb	1577	0.7548248	0.037119675
P49815	1578	L	A		AF-P49815-F1-model_v4.pdb	1578	0.93139315	0.011194484
P49815	1578	L	C		AF-P49815-F1-model_v4.pdb	1578	0.9281861	0.027687332
P49815	1578	L	D		AF-P49815-F1-model_v4.pdb	1578	0.74017507	0.029007377
P49815	1578	L	E		AF-P49815-F1-model_v4.pdb	1578	0.73241246	0.026574694
P49815	1578	L	F		AF-P49815-F1-model_v4.pdb	1578	0.78169763	0.02186882
P49815	1578	L	G		AF-P49815-F1-model_v4.pdb	1578	0.8103318	0.033077765
P49815	1578	L	H		AF-P49815-F1-model_v4.pdb	1578	0.63288903	0.040695313
P49815	1578	L	I		AF-P49815-F1-model_v4.pdb	1578	0.9195161	0.02025129
P49815	1578	L	K		AF-P49815-F1-model_v4.pdb	1578	0.5896915	0.032582156
P49815	1578	L	M		AF-P49815-F1-model_v4.pdb	1578	0.9193996	0.040253714
P49815	1578	L	N		AF-P49815-F1-model_v4.pdb	1578	0.7582062	0.040978026
P49815	1578	L	P		AF-P49815-F1-model_v4.pdb	1578	0.75635475	0.02439387
P49815	1578	L	Q		AF-P49815-F1-model_v4.pdb	1578	0.6917374	0.03235689
P49815	1578	L	R		AF-P49815-F1-model_v4.pdb	1578	0.5953099	0.04318703
P49815	1578	L	S		AF-P49815-F1-model_v4.pdb	1578	0.8658289	0.046165667
P49815	1578	L	T		AF-P49815-F1-model_v4.pdb	1578	0.8617846	0.028770735
P49815	1578	L	V		AF-P49815-F1-model_v4.pdb	1578	0.952278	0.026284559
P49815	1578	L	W		AF-P49815-F1-model_v4.pdb	1578	0.78333473	0.04748982
P49815	1578	L	Y		AF-P49815-F1-model_v4.pdb	1578	0.7837392	0.031109616
P49815	1579	G	A		AF-P49815-F1-model_v4.pdb	1579	0.8798086	0.034412913
P49815	1579	G	C		AF-P49815-F1-model_v4.pdb	1579	0.8358816	0.033726726
P49815	1579	G	D		AF-P49815-F1-model_v4.pdb	1579	0.893141	0.040079758
P49815	1579	G	E		AF-P49815-F1-model_v4.pdb	1579	0.8938221	0.042832196
P49815	1579	G	F		AF-P49815-F1-model_v4.pdb	1579	0.7665862	0.03165028
P49815	1579	G	H		AF-P49815-F1-model_v4.pdb	1579	0.8934097	0.027507914
P49815	1579	G	I		AF-P49815-F1-model_v4.pdb	1579	0.7672686	0.022409923
P49815	1579	G	K		AF-P49815-F1-model_v4.pdb	1579	0.8132402	0.025437174
P49815	1579	G	L		AF-P49815-F1-model_v4.pdb	1579	0.78971756	0.027414817
P49815	1579	G	M		AF-P49815-F1-model_v4.pdb	1579	0.812414	0.028205363
P49815	1579	G	N		AF-P49815-F1-model_v4.pdb	1579	0.9052267	0.025226315
P49815	1579	G	P		AF-P49815-F1-model_v4.pdb	1579	0.9174177	0.035379026
P49815	1579	G	Q		AF-P49815-F1-model_v4.pdb	1579	0.8945554	0.028553199
P49815	1579	G	R		AF-P49815-F1-model_v4.pdb	1579	0.78799194	0.018438326
P49815	1579	G	S		AF-P49815-F1-model_v4.pdb	1579	0.91822565	0.026316082
P49815	1579	G	T		AF-P49815-F1-model_v4.pdb	1579	0.8898674	0.027234374
P49815	1579	G	V		AF-P49815-F1-model_v4.pdb	1579	0.79795116	0.03476488
P49815	1579	G	W		AF-P49815-F1-model_v4.pdb	1579	0.7499303	0.029715529
P49815	1579	G	Y		AF-P49815-F1-model_v4.pdb	1579	0.8321883	0.027671408
P49815	1580	R	A		AF-P49815-F1-model_v4.pdb	1580	0.9587407	0.01188285
P49815	1580	R	C		AF-P49815-F1-model_v4.pdb	1580	0.95902807	0.033348456
P49815	1580	R	D		AF-P49815-F1-model_v4.pdb	1580	0.96821576	0.02270328
P49815	1580	R	E		AF-P49815-F1-model_v4.pdb	1580	0.9105798	0.026195638
P49815	1580	R	F		AF-P49815-F1-model_v4.pdb	1580	0.84781396	0.035946373
P49815	1580	R	G		AF-P49815-F1-model_v4.pdb	1580	0.94983643	0.016800618
P49815	1580	R	H		AF-P49815-F1-model_v4.pdb	1580	0.9449852	0.02285814
P49815	1580	R	I		AF-P49815-F1-model_v4.pdb	1580	0.9055128	0.01950348
P49815	1580	R	K		AF-P49815-F1-model_v4.pdb	1580	0.93918437	0.044209607
P49815	1580	R	L		AF-P49815-F1-model_v4.pdb	1580	0.8699148	0.02513471
P49815	1580	R	M		AF-P49815-F1-model_v4.pdb	1580	0.9004596	0.03488073
P49815	1580	R	N		AF-P49815-F1-model_v4.pdb	1580	0.92839015	0.02997684
P49815	1580	R	P		AF-P49815-F1-model_v4.pdb	1580	0.8671036	0.031691734
P49815	1580	R	Q		AF-P49815-F1-model_v4.pdb	1580	0.89643174	0.022201855
P49815	1580	R	S		AF-P49815-F1-model_v4.pdb	1580	0.95264053	0.015163407
P49815	1580	R	T		AF-P49815-F1-model_v4.pdb	1580	0.9432374	0.027167821
P49815	1580	R	V		AF-P49815-F1-model_v4.pdb	1580	0.8655094	0.018570408
P49815	1580	R	W		AF-P49815-F1-model_v4.pdb	1580	0.8699722	0.034530014
P49815	1580	R	Y		AF-P49815-F1-model_v4.pdb	1580	1.0077386	0.04002696
P49815	1581	L	A		AF-P49815-F1-model_v4.pdb	1581	0.9430844	0.021096742
P49815	1581	L	C		AF-P49815-F1-model_v4.pdb	1581	0.90928364	0.020160161
P49815	1581	L	D		AF-P49815-F1-model_v4.pdb	1581	0.8523472	0.021388529
P49815	1581	L	E		AF-P49815-F1-model_v4.pdb	1581	0.9125333	0.027287306
P49815	1581	L	F		AF-P49815-F1-model_v4.pdb	1581	0.8133872	0.01507161
P49815	1581	L	G		AF-P49815-F1-model_v4.pdb	1581	0.86548865	0.019336587
P49815	1581	L	H		AF-P49815-F1-model_v4.pdb	1581	0.8136562	0.041358713
P49815	1581	L	I		AF-P49815-F1-model_v4.pdb	1581	0.9116085	0.01197782
P49815	1581	L	K		AF-P49815-F1-model_v4.pdb	1581	0.89689445	0.019481026
P49815	1581	L	M		AF-P49815-F1-model_v4.pdb	1581	0.95688486	0.011205328
P49815	1581	L	N		AF-P49815-F1-model_v4.pdb	1581	0.94723547	0.023936689
P49815	1581	L	P		AF-P49815-F1-model_v4.pdb	1581	0.92022085	0.02666535
P49815	1581	L	Q		AF-P49815-F1-model_v4.pdb	1581	0.94520587	0.015729126
P49815	1581	L	R		AF-P49815-F1-model_v4.pdb	1581	0.8719491	0.022963542
P49815	1581	L	S		AF-P49815-F1-model_v4.pdb	1581	0.9004636	0.036607414
P49815	1581	L	T		AF-P49815-F1-model_v4.pdb	1581	0.86326915	0.033585306
P49815	1581	L	V		AF-P49815-F1-model_v4.pdb	1581	0.8840602	0.027337475
P49815	1581	L	W		AF-P49815-F1-model_v4.pdb	1581	0.787872	0.037245024
P49815	1581	L	Y		AF-P49815-F1-model_v4.pdb	1581	0.7533935	0.025788363
P49815	1582	I	A		AF-P49815-F1-model_v4.pdb	1582	0.92529887	0.042283703
P49815	1582	I	C		AF-P49815-F1-model_v4.pdb	1582	0.93557656	0.040032063
P49815	1582	I	D		AF-P49815-F1-model_v4.pdb	1582	0.8550083	0.037724074
P49815	1582	I	E		AF-P49815-F1-model_v4.pdb	1582	0.8665493	0.031416375
P49815	1582	I	G		AF-P49815-F1-model_v4.pdb	1582	0.8876343	0.03845749
P49815	1582	I	H		AF-P49815-F1-model_v4.pdb	1582	0.8907269	0.045569245
P49815	1582	I	K		AF-P49815-F1-model_v4.pdb	1582	0.88832074	0.031899743
P49815	1582	I	L		AF-P49815-F1-model_v4.pdb	1582	0.96199596	0.006049698
P49815	1582	I	M		AF-P49815-F1-model_v4.pdb	1582	0.9345393	0.041818734
P49815	1582	I	N		AF-P49815-F1-model_v4.pdb	1582	0.9011081	0.037700463
P49815	1582	I	P		AF-P49815-F1-model_v4.pdb	1582	0.87398815	0.030678703
P49815	1582	I	Q		AF-P49815-F1-model_v4.pdb	1582	0.8996258	0.031726193
P49815	1582	I	R		AF-P49815-F1-model_v4.pdb	1582	0.8975158	0.025878645
P49815	1582	I	S		AF-P49815-F1-model_v4.pdb	1582	0.846192	0.064038694
P49815	1582	I	T		AF-P49815-F1-model_v4.pdb	1582	0.83186597	0.047612906
P49815	1582	I	V		AF-P49815-F1-model_v4.pdb	1582	0.9590267	0.02359713
P49815	1582	I	W		AF-P49815-F1-model_v4.pdb	1582	0.82433623	0.0529773
P49815	1582	I	Y		AF-P49815-F1-model_v4.pdb	1582	0.9200991	0.04312844
P49815	1583	E	A		AF-P49815-F1-model_v4.pdb	1583	0.9187764	0.01528928
P49815	1583	E	C		AF-P49815-F1-model_v4.pdb	1583	0.9375464	0.025815573
P49815	1583	E	D		AF-P49815-F1-model_v4.pdb	1583	1.011605	0.024914788
P49815	1583	E	F		AF-P49815-F1-model_v4.pdb	1583	0.8513562	0.01018388
P49815	1583	E	G		AF-P49815-F1-model_v4.pdb	1583	0.9496185	0.027791647
P49815	1583	E	H		AF-P49815-F1-model_v4.pdb	1583	0.94145936	0.029430086
P49815	1583	E	I		AF-P49815-F1-model_v4.pdb	1583	0.8029523	0.039320685
P49815	1583	E	K		AF-P49815-F1-model_v4.pdb	1583	0.86965334	0.029214969
P49815	1583	E	L		AF-P49815-F1-model_v4.pdb	1583	0.84887284	0.023340007
P49815	1583	E	M		AF-P49815-F1-model_v4.pdb	1583	0.9391324	0.016195692
P49815	1583	E	N		AF-P49815-F1-model_v4.pdb	1583	0.90108776	0.022983456
P49815	1583	E	P		AF-P49815-F1-model_v4.pdb	1583	0.9089014	0.01058502
P49815	1583	E	Q		AF-P49815-F1-model_v4.pdb	1583	0.93309116	0.022524238
P49815	1583	E	R		AF-P49815-F1-model_v4.pdb	1583	0.8620448	0.018481892
P49815	1583	E	S		AF-P49815-F1-model_v4.pdb	1583	0.9291743	0.018454192
P49815	1583	E	T		AF-P49815-F1-model_v4.pdb	1583	0.8273406	0.03932945
P49815	1583	E	V		AF-P49815-F1-model_v4.pdb	1583	0.8113858	0.031189915
P49815	1583	E	W		AF-P49815-F1-model_v4.pdb	1583	0.78809845	0.040159915
P49815	1583	E	Y		AF-P49815-F1-model_v4.pdb	1583	0.85151976	0.01842486
P49815	1584	L	A		AF-P49815-F1-model_v4.pdb	1584	0.9294532	0.035601765
P49815	1584	L	C		AF-P49815-F1-model_v4.pdb	1584	0.9202094	0.04114897
P49815	1584	L	D		AF-P49815-F1-model_v4.pdb	1584	0.8244565	0.04506066
P49815	1584	L	E		AF-P49815-F1-model_v4.pdb	1584	0.8265635	0.03836352
P49815	1584	L	F		AF-P49815-F1-model_v4.pdb	1584	0.7654937	0.03011258
P49815	1584	L	G		AF-P49815-F1-model_v4.pdb	1584	0.88609946	0.032113183
P49815	1584	L	H		AF-P49815-F1-model_v4.pdb	1584	0.7729295	0.044916686
P49815	1584	L	I		AF-P49815-F1-model_v4.pdb	1584	0.8756814	0.020103857
P49815	1584	L	K		AF-P49815-F1-model_v4.pdb	1584	0.8018387	0.041201852
P49815	1584	L	M		AF-P49815-F1-model_v4.pdb	1584	0.9271051	0.022056976
P49815	1584	L	N		AF-P49815-F1-model_v4.pdb	1584	0.84447986	0.038802754
P49815	1584	L	P		AF-P49815-F1-model_v4.pdb	1584	0.7996966	0.03513209
P49815	1584	L	Q		AF-P49815-F1-model_v4.pdb	1584	0.8286723	0.03271544
P49815	1584	L	R		AF-P49815-F1-model_v4.pdb	1584	0.7726438	0.046800073
P49815	1584	L	S		AF-P49815-F1-model_v4.pdb	1584	0.9104215	0.036714423
P49815	1584	L	T		AF-P49815-F1-model_v4.pdb	1584	0.90748787	0.018222641
P49815	1584	L	V		AF-P49815-F1-model_v4.pdb	1584	0.90351546	0.029216172
P49815	1584	L	W		AF-P49815-F1-model_v4.pdb	1584	0.7414144	0.03564704
P49815	1584	L	Y		AF-P49815-F1-model_v4.pdb	1584	0.80396307	0.052419793
P49815	1585	K	A		AF-P49815-F1-model_v4.pdb	1585	0.98349667	0.009792294
P49815	1585	K	C		AF-P49815-F1-model_v4.pdb	1585	0.93105924	0.01624512
P49815	1585	K	D		AF-P49815-F1-model_v4.pdb	1585	0.9303978	0.01927282
P49815	1585	K	E		AF-P49815-F1-model_v4.pdb	1585	0.9313531	0.029407604
P49815	1585	K	F		AF-P49815-F1-model_v4.pdb	1585	0.8532279	0.011756638
P49815	1585	K	G		AF-P49815-F1-model_v4.pdb	1585	0.9351479	0.022409035
P49815	1585	K	H		AF-P49815-F1-model_v4.pdb	1585	0.9271461	0.0196452
P49815	1585	K	I		AF-P49815-F1-model_v4.pdb	1585	0.82469434	0.013203219
P49815	1585	K	L		AF-P49815-F1-model_v4.pdb	1585	0.8146207	0.017378008
P49815	1585	K	M		AF-P49815-F1-model_v4.pdb	1585	0.8644942	0.03107007
P49815	1585	K	N		AF-P49815-F1-model_v4.pdb	1585	0.8910483	0.021340465
P49815	1585	K	P		AF-P49815-F1-model_v4.pdb	1585	0.96104497	0.009854533
P49815	1585	K	Q		AF-P49815-F1-model_v4.pdb	1585	0.9099439	0.024735928
P49815	1585	K	R		AF-P49815-F1-model_v4.pdb	1585	0.9429425	0.03257661
P49815	1585	K	S		AF-P49815-F1-model_v4.pdb	1585	0.9442228	0.010539941
P49815	1585	K	T		AF-P49815-F1-model_v4.pdb	1585	0.99843216	0.015891863
P49815	1585	K	V		AF-P49815-F1-model_v4.pdb	1585	0.91506946	0.020061495
P49815	1585	K	W		AF-P49815-F1-model_v4.pdb	1585	0.7894069	0.019674134
P49815	1585	K	Y		AF-P49815-F1-model_v4.pdb	1585	0.88908803	0.02700649
P49815	1586	D	A		AF-P49815-F1-model_v4.pdb	1586	0.86655295	0.012111929
P49815	1586	D	C		AF-P49815-F1-model_v4.pdb	1586	0.83615935	0.01737661
P49815	1586	D	E		AF-P49815-F1-model_v4.pdb	1586	0.8571619	0.028555185
P49815	1586	D	F		AF-P49815-F1-model_v4.pdb	1586	0.7949728	0.0220264
P49815	1586	D	G		AF-P49815-F1-model_v4.pdb	1586	0.8743943	0.025177812
P49815	1586	D	H		AF-P49815-F1-model_v4.pdb	1586	0.8597039	0.0156391
P49815	1586	D	I		AF-P49815-F1-model_v4.pdb	1586	0.78933334	0.019858751
P49815	1586	D	K		AF-P49815-F1-model_v4.pdb	1586	0.79886997	0.024550436
P49815	1586	D	L		AF-P49815-F1-model_v4.pdb	1586	0.7451905	0.016046878
P49815	1586	D	M		AF-P49815-F1-model_v4.pdb	1586	0.81021225	0.016894192
P49815	1586	D	N		AF-P49815-F1-model_v4.pdb	1586	0.87504673	0.04347178
P49815	1586	D	P		AF-P49815-F1-model_v4.pdb	1586	0.831213	0.016035203
P49815	1586	D	Q		AF-P49815-F1-model_v4.pdb	1586	0.8631937	0.029612185
P49815	1586	D	R		AF-P49815-F1-model_v4.pdb	1586	0.8032694	0.021551987
P49815	1586	D	T		AF-P49815-F1-model_v4.pdb	1586	0.9180293	0.010442918
P49815	1586	D	V		AF-P49815-F1-model_v4.pdb	1586	0.8400313	0.022178117
P49815	1586	D	W		AF-P49815-F1-model_v4.pdb	1586	0.87151223	0.025968047
P49815	1586	D	Y		AF-P49815-F1-model_v4.pdb	1586	0.87332743	0.028104357
P49815	1587	C	A		AF-P49815-F1-model_v4.pdb	1587	0.9199225	0.040113308
P49815	1587	C	D		AF-P49815-F1-model_v4.pdb	1587	0.9920049	0.040954363
P49815	1587	C	E		AF-P49815-F1-model_v4.pdb	1587	0.95986766	0.040768575
P49815	1587	C	F		AF-P49815-F1-model_v4.pdb	1587	0.95494366	0.02931781
P49815	1587	C	G		AF-P49815-F1-model_v4.pdb	1587	0.89188707	0.035201143
P49815	1587	C	H		AF-P49815-F1-model_v4.pdb	1587	0.99601066	0.029710079
P49815	1587	C	I		AF-P49815-F1-model_v4.pdb	1587	0.968129	0.027396921
P49815	1587	C	K		AF-P49815-F1-model_v4.pdb	1587	0.9079196	0.026496196
P49815	1587	C	L		AF-P49815-F1-model_v4.pdb	1587	0.98509705	0.021773532
P49815	1587	C	M		AF-P49815-F1-model_v4.pdb	1587	0.97662145	0.042056344
P49815	1587	C	N		AF-P49815-F1-model_v4.pdb	1587	0.95421314	0.037972707
P49815	1587	C	P		AF-P49815-F1-model_v4.pdb	1587	0.9236218	0.012268645
P49815	1587	C	Q		AF-P49815-F1-model_v4.pdb	1587	0.9762753	0.02948063
P49815	1587	C	R		AF-P49815-F1-model_v4.pdb	1587	0.9086052	0.026526518
P49815	1587	C	S		AF-P49815-F1-model_v4.pdb	1587	0.8979937	0.042898636
P49815	1587	C	T		AF-P49815-F1-model_v4.pdb	1587	0.86978894	0.036788896
P49815	1587	C	V		AF-P49815-F1-model_v4.pdb	1587	0.92227477	0.031424515
P49815	1587	C	W		AF-P49815-F1-model_v4.pdb	1587	0.87243605	0.02473417
P49815	1587	C	Y		AF-P49815-F1-model_v4.pdb	1587	0.96603984	0.018497443
P49815	1588	Q	A		AF-P49815-F1-model_v4.pdb	1588	0.9828348	0.027458906
P49815	1588	Q	C		AF-P49815-F1-model_v4.pdb	1588	0.92507684	0.018383164
P49815	1588	Q	D		AF-P49815-F1-model_v4.pdb	1588	0.97898805	0.008192166
P49815	1588	Q	E		AF-P49815-F1-model_v4.pdb	1588	0.9258477	0.039287843
P49815	1588	Q	F		AF-P49815-F1-model_v4.pdb	1588	0.9295081	0.01472036
P49815	1588	Q	G		AF-P49815-F1-model_v4.pdb	1588	0.9212016	0.012813738
P49815	1588	Q	H		AF-P49815-F1-model_v4.pdb	1588	0.9511051	0.023322131
P49815	1588	Q	I		AF-P49815-F1-model_v4.pdb	1588	0.88828486	0.025283817
P49815	1588	Q	K		AF-P49815-F1-model_v4.pdb	1588	0.9081241	0.014483832
P49815	1588	Q	L		AF-P49815-F1-model_v4.pdb	1588	0.8485594	0.030339336
P49815	1588	Q	M		AF-P49815-F1-model_v4.pdb	1588	0.88663274	0.01578697
P49815	1588	Q	N		AF-P49815-F1-model_v4.pdb	1588	0.9566887	0.018666873
P49815	1588	Q	P		AF-P49815-F1-model_v4.pdb	1588	0.97780645	0.025821574
P49815	1588	Q	R		AF-P49815-F1-model_v4.pdb	1588	0.89865	0.011542827
P49815	1588	Q	S		AF-P49815-F1-model_v4.pdb	1588	0.90218735	0.019625807
P49815	1588	Q	T		AF-P49815-F1-model_v4.pdb	1588	0.9467703	0.03162698
P49815	1588	Q	V		AF-P49815-F1-model_v4.pdb	1588	0.9208108	0.023733262
P49815	1588	Q	W		AF-P49815-F1-model_v4.pdb	1588	0.91514015	0.03827144
P49815	1588	Q	Y		AF-P49815-F1-model_v4.pdb	1588	0.9234788	0.014967136
P49815	1589	P	A		AF-P49815-F1-model_v4.pdb	1589	0.9532491	0.03803562
P49815	1589	P	C		AF-P49815-F1-model_v4.pdb	1589	0.97249335	0.015237327
P49815	1589	P	D		AF-P49815-F1-model_v4.pdb	1589	0.9666187	0.0136172995
P49815	1589	P	E		AF-P49815-F1-model_v4.pdb	1589	0.8708538	0.023970889
P49815	1589	P	F		AF-P49815-F1-model_v4.pdb	1589	0.91487277	0.014278877
P49815	1589	P	G		AF-P49815-F1-model_v4.pdb	1589	1.0081699	0.023543017
P49815	1589	P	H		AF-P49815-F1-model_v4.pdb	1589	1.0004287	0.02073519
P49815	1589	P	I		AF-P49815-F1-model_v4.pdb	1589	0.8630244	0.0063432
P49815	1589	P	K		AF-P49815-F1-model_v4.pdb	1589	0.821854	0.027414655
P49815	1589	P	L		AF-P49815-F1-model_v4.pdb	1589	0.834243	0.01930093
P49815	1589	P	M		AF-P49815-F1-model_v4.pdb	1589	0.93344414	0.019280277
P49815	1589	P	N		AF-P49815-F1-model_v4.pdb	1589	0.9777973	0.020346869
P49815	1589	P	Q		AF-P49815-F1-model_v4.pdb	1589	0.8929764	0.031927083
P49815	1589	P	R		AF-P49815-F1-model_v4.pdb	1589	0.8421214	0.035941433
P49815	1589	P	S		AF-P49815-F1-model_v4.pdb	1589	0.9214064	0.03217557
P49815	1589	P	T		AF-P49815-F1-model_v4.pdb	1589	0.9545412	0.025700001
P49815	1589	P	V		AF-P49815-F1-model_v4.pdb	1589	0.868518	0.017732346
P49815	1589	P	W		AF-P49815-F1-model_v4.pdb	1589	0.9021891	0.025445303
P49815	1589	P	Y		AF-P49815-F1-model_v4.pdb	1589	0.9532077	0.018784616
P49815	1590	D	A		AF-P49815-F1-model_v4.pdb	1590	0.9015034	0.032368626
P49815	1590	D	C		AF-P49815-F1-model_v4.pdb	1590	0.9183645	0.02982897
P49815	1590	D	E		AF-P49815-F1-model_v4.pdb	1590	0.8233472	0.02531881
P49815	1590	D	F		AF-P49815-F1-model_v4.pdb	1590	0.8052254	0.031515423
P49815	1590	D	G		AF-P49815-F1-model_v4.pdb	1590	0.898445	0.027576108
P49815	1590	D	H		AF-P49815-F1-model_v4.pdb	1590	0.8737537	0.044048253
P49815	1590	D	I		AF-P49815-F1-model_v4.pdb	1590	0.73195946	0.021395441
P49815	1590	D	K		AF-P49815-F1-model_v4.pdb	1590	0.86034024	0.024851128
P49815	1590	D	L		AF-P49815-F1-model_v4.pdb	1590	0.75015914	0.027734576
P49815	1590	D	M		AF-P49815-F1-model_v4.pdb	1590	0.83597404	0.02150913
P49815	1590	D	N		AF-P49815-F1-model_v4.pdb	1590	0.80215913	0.051254716
P49815	1590	D	P		AF-P49815-F1-model_v4.pdb	1590	0.82830274	0.021885004
P49815	1590	D	Q		AF-P49815-F1-model_v4.pdb	1590	0.82769585	0.03722159
P49815	1590	D	R		AF-P49815-F1-model_v4.pdb	1590	0.8192762	0.03328591
P49815	1590	D	S		AF-P49815-F1-model_v4.pdb	1590	0.8555573	0.037987784
P49815	1590	D	T		AF-P49815-F1-model_v4.pdb	1590	0.8635128	0.020370023
P49815	1590	D	V		AF-P49815-F1-model_v4.pdb	1590	0.7495007	0.022564666
P49815	1590	D	W		AF-P49815-F1-model_v4.pdb	1590	0.908271	0.018111102
P49815	1590	D	Y		AF-P49815-F1-model_v4.pdb	1590	0.9223893	0.04504524
P49815	1591	K	A		AF-P49815-F1-model_v4.pdb	1591	0.9550751	0.007792711
P49815	1591	K	C		AF-P49815-F1-model_v4.pdb	1591	0.9584901	0.02028351
P49815	1591	K	D		AF-P49815-F1-model_v4.pdb	1591	1.0051657	0.027730059
P49815	1591	K	E		AF-P49815-F1-model_v4.pdb	1591	0.92953396	0.027238678
P49815	1591	K	F		AF-P49815-F1-model_v4.pdb	1591	0.88913375	0.019248597
P49815	1591	K	G		AF-P49815-F1-model_v4.pdb	1591	0.9484121	0.009744974
P49815	1591	K	H		AF-P49815-F1-model_v4.pdb	1591	0.95188665	0.03193122
P49815	1591	K	I		AF-P49815-F1-model_v4.pdb	1591	0.8769525	0.015780939
P49815	1591	K	L		AF-P49815-F1-model_v4.pdb	1591	0.852559	0.015816014
P49815	1591	K	M		AF-P49815-F1-model_v4.pdb	1591	0.9610939	0.03253222
P49815	1591	K	N		AF-P49815-F1-model_v4.pdb	1591	0.99596703	0.025885109
P49815	1591	K	P		AF-P49815-F1-model_v4.pdb	1591	0.8522689	0.027980587
P49815	1591	K	Q		AF-P49815-F1-model_v4.pdb	1591	0.94200265	0.025437225
P49815	1591	K	R		AF-P49815-F1-model_v4.pdb	1591	0.9832104	0.03951934
P49815	1591	K	S		AF-P49815-F1-model_v4.pdb	1591	1.0107248	0.012726339
P49815	1591	K	T		AF-P49815-F1-model_v4.pdb	1591	1.018219	0.0181339
P49815	1591	K	V		AF-P49815-F1-model_v4.pdb	1591	0.92605764	0.01395368
P49815	1591	K	W		AF-P49815-F1-model_v4.pdb	1591	0.9121975	0.020598104
P49815	1591	K	Y		AF-P49815-F1-model_v4.pdb	1591	0.9493427	0.024848504
P49815	1592	V	A		AF-P49815-F1-model_v4.pdb	1592	0.9145511	0.02317233
P49815	1592	V	C		AF-P49815-F1-model_v4.pdb	1592	0.9484509	0.019114865
P49815	1592	V	D		AF-P49815-F1-model_v4.pdb	1592	0.92431545	0.02789138
P49815	1592	V	E		AF-P49815-F1-model_v4.pdb	1592	0.9232006	0.024210138
P49815	1592	V	F		AF-P49815-F1-model_v4.pdb	1592	0.9469876	0.014340348
P49815	1592	V	G		AF-P49815-F1-model_v4.pdb	1592	0.93347675	0.046108097
P49815	1592	V	H		AF-P49815-F1-model_v4.pdb	1592	0.92226964	0.019721296
P49815	1592	V	I		AF-P49815-F1-model_v4.pdb	1592	0.9851469	0.010839092
P49815	1592	V	K		AF-P49815-F1-model_v4.pdb	1592	0.90257597	0.014080091
P49815	1592	V	L		AF-P49815-F1-model_v4.pdb	1592	0.93055266	0.016979557
P49815	1592	V	M		AF-P49815-F1-model_v4.pdb	1592	0.950517	0.025725879
P49815	1592	V	N		AF-P49815-F1-model_v4.pdb	1592	0.9199284	0.01072514
P49815	1592	V	P		AF-P49815-F1-model_v4.pdb	1592	0.9204668	0.039559025
P49815	1592	V	Q		AF-P49815-F1-model_v4.pdb	1592	0.9208954	0.009034164
P49815	1592	V	R		AF-P49815-F1-model_v4.pdb	1592	0.8886833	0.02748966
P49815	1592	V	S		AF-P49815-F1-model_v4.pdb	1592	0.89465696	0.045414593
P49815	1592	V	T		AF-P49815-F1-model_v4.pdb	1592	0.88271475	0.030532926
P49815	1592	V	W		AF-P49815-F1-model_v4.pdb	1592	0.87322044	0.029819531
P49815	1592	V	Y		AF-P49815-F1-model_v4.pdb	1592	0.92208254	0.035467003
P49815	1594	L	A		AF-P49815-F1-model_v4.pdb	1594	0.7990588	0.028624214
P49815	1594	L	C		AF-P49815-F1-model_v4.pdb	1594	0.8230856	0.022080502
P49815	1594	L	D		AF-P49815-F1-model_v4.pdb	1594	0.7446997	0.029966785
P49815	1594	L	E		AF-P49815-F1-model_v4.pdb	1594	0.7648691	0.022603834
P49815	1594	L	F		AF-P49815-F1-model_v4.pdb	1594	0.75228155	0.02266789
P49815	1594	L	G		AF-P49815-F1-model_v4.pdb	1594	0.767001	0.020490734
P49815	1594	L	H		AF-P49815-F1-model_v4.pdb	1594	0.7081398	0.04099578
P49815	1594	L	I		AF-P49815-F1-model_v4.pdb	1594	0.8139256	0.010380843
P49815	1594	L	M		AF-P49815-F1-model_v4.pdb	1594	0.8374338	0.026446406
P49815	1594	L	N		AF-P49815-F1-model_v4.pdb	1594	0.7665884	0.024135645
P49815	1594	L	Q		AF-P49815-F1-model_v4.pdb	1594	0.7409938	0.03052006
P49815	1594	L	R		AF-P49815-F1-model_v4.pdb	1594	0.69136435	0.042246748
P49815	1594	L	S		AF-P49815-F1-model_v4.pdb	1594	0.81334	0.019118294
P49815	1594	L	T		AF-P49815-F1-model_v4.pdb	1594	0.78895724	0.01872414
P49815	1594	L	V		AF-P49815-F1-model_v4.pdb	1594	0.85401595	0.0186911
P49815	1594	L	W		AF-P49815-F1-model_v4.pdb	1594	0.79785	0.040683832
P49815	1594	L	Y		AF-P49815-F1-model_v4.pdb	1594	0.77823055	0.035115104
P49815	1595	G	A		AF-P49815-F1-model_v4.pdb	1595	0.821486	0.024299825
P49815	1595	G	C		AF-P49815-F1-model_v4.pdb	1595	0.8060816	0.023336364
P49815	1595	G	D		AF-P49815-F1-model_v4.pdb	1595	0.905805	0.024563782
P49815	1595	G	E		AF-P49815-F1-model_v4.pdb	1595	0.9214798	0.029801361
P49815	1595	G	F		AF-P49815-F1-model_v4.pdb	1595	0.7641367	0.021732636
P49815	1595	G	H		AF-P49815-F1-model_v4.pdb	1595	0.9211817	0.024923071
P49815	1595	G	I		AF-P49815-F1-model_v4.pdb	1595	0.7644265	0.018749695
P49815	1595	G	K		AF-P49815-F1-model_v4.pdb	1595	0.85838115	0.027975423
P49815	1595	G	L		AF-P49815-F1-model_v4.pdb	1595	0.8157121	0.014214082
P49815	1595	G	M		AF-P49815-F1-model_v4.pdb	1595	0.8305338	0.034967657
P49815	1595	G	N		AF-P49815-F1-model_v4.pdb	1595	0.8892554	0.038857106
P49815	1595	G	P		AF-P49815-F1-model_v4.pdb	1595	0.88692796	0.018285412
P49815	1595	G	Q		AF-P49815-F1-model_v4.pdb	1595	0.92254746	0.0300452
P49815	1595	G	R		AF-P49815-F1-model_v4.pdb	1595	0.88086015	0.022970708
P49815	1595	G	S		AF-P49815-F1-model_v4.pdb	1595	0.8594486	0.020189721
P49815	1595	G	T		AF-P49815-F1-model_v4.pdb	1595	0.8842164	0.024654659
P49815	1595	G	V		AF-P49815-F1-model_v4.pdb	1595	0.7894206	0.0211633
P49815	1595	G	W		AF-P49815-F1-model_v4.pdb	1595	0.75521976	0.013922833
P49815	1595	G	Y		AF-P49815-F1-model_v4.pdb	1595	0.835707	0.010519891
P49815	1596	G	A		AF-P49815-F1-model_v4.pdb	1596	0.9111441	0.029276114
P49815	1596	G	C		AF-P49815-F1-model_v4.pdb	1596	0.8772607	0.023309832
P49815	1596	G	D		AF-P49815-F1-model_v4.pdb	1596	0.9531703	0.023633828
P49815	1596	G	E		AF-P49815-F1-model_v4.pdb	1596	0.9064709	0.031723246
P49815	1596	G	F		AF-P49815-F1-model_v4.pdb	1596	0.7814994	0.032804277
P49815	1596	G	H		AF-P49815-F1-model_v4.pdb	1596	0.93080074	0.026123784
P49815	1596	G	I		AF-P49815-F1-model_v4.pdb	1596	0.7838508	0.018142115
P49815	1596	G	K		AF-P49815-F1-model_v4.pdb	1596	0.8634756	0.03547397
P49815	1596	G	L		AF-P49815-F1-model_v4.pdb	1596	0.8259505	0.025949197
P49815	1596	G	M		AF-P49815-F1-model_v4.pdb	1596	0.889307	0.029281965
P49815	1596	G	N		AF-P49815-F1-model_v4.pdb	1596	0.9011626	0.022157384
P49815	1596	G	P		AF-P49815-F1-model_v4.pdb	1596	0.9149257	0.024142712
P49815	1596	G	Q		AF-P49815-F1-model_v4.pdb	1596	0.94889325	0.02566788
P49815	1596	G	R		AF-P49815-F1-model_v4.pdb	1596	0.86018497	0.025722008
P49815	1596	G	S		AF-P49815-F1-model_v4.pdb	1596	0.9602051	0.010647127
P49815	1596	G	T		AF-P49815-F1-model_v4.pdb	1596	0.90194	0.024350474
P49815	1596	G	V		AF-P49815-F1-model_v4.pdb	1596	0.828611	0.017725818
P49815	1596	G	W		AF-P49815-F1-model_v4.pdb	1596	0.77301323	0.030450063
P49815	1596	G	Y		AF-P49815-F1-model_v4.pdb	1596	0.8766615	0.025515633
P49815	1597	L	A		AF-P49815-F1-model_v4.pdb	1597	0.9548502	0.032797046
P49815	1597	L	C		AF-P49815-F1-model_v4.pdb	1597	0.89085996	0.03591816
P49815	1597	L	D		AF-P49815-F1-model_v4.pdb	1597	0.78839684	0.038665425
P49815	1597	L	E		AF-P49815-F1-model_v4.pdb	1597	0.82738036	0.02919235
P49815	1597	L	F		AF-P49815-F1-model_v4.pdb	1597	0.85090333	0.026527125
P49815	1597	L	G		AF-P49815-F1-model_v4.pdb	1597	0.84880126	0.03622894
P49815	1597	L	H		AF-P49815-F1-model_v4.pdb	1597	0.77964514	0.029254038
P49815	1597	L	I		AF-P49815-F1-model_v4.pdb	1597	0.8802549	0.024481134
P49815	1597	L	K		AF-P49815-F1-model_v4.pdb	1597	0.8520174	0.045763988
P49815	1597	L	M		AF-P49815-F1-model_v4.pdb	1597	0.8805663	0.023932982
P49815	1597	L	N		AF-P49815-F1-model_v4.pdb	1597	0.7985804	0.044284616
P49815	1597	L	P		AF-P49815-F1-model_v4.pdb	1597	0.82066536	0.037165545
P49815	1597	L	Q		AF-P49815-F1-model_v4.pdb	1597	0.8346322	0.022244673
P49815	1597	L	R		AF-P49815-F1-model_v4.pdb	1597	0.85363847	0.016205061
P49815	1597	L	S		AF-P49815-F1-model_v4.pdb	1597	0.88733405	0.047984354
P49815	1597	L	T		AF-P49815-F1-model_v4.pdb	1597	0.85978043	0.0326095
P49815	1597	L	V		AF-P49815-F1-model_v4.pdb	1597	0.8946146	0.029815344
P49815	1597	L	W		AF-P49815-F1-model_v4.pdb	1597	0.8593923	0.048374053
P49815	1597	L	Y		AF-P49815-F1-model_v4.pdb	1597	0.8597587	0.051778164
P49815	1598	D	A		AF-P49815-F1-model_v4.pdb	1598	0.89969957	0.017530283
P49815	1598	D	C		AF-P49815-F1-model_v4.pdb	1598	0.9266051	0.025862716
P49815	1598	D	E		AF-P49815-F1-model_v4.pdb	1598	0.9806876	0.014986595
P49815	1598	D	F		AF-P49815-F1-model_v4.pdb	1598	0.84961396	0.027823782
P49815	1598	D	G		AF-P49815-F1-model_v4.pdb	1598	0.9022685	0.017523045
P49815	1598	D	H		AF-P49815-F1-model_v4.pdb	1598	0.97646254	0.024136867
P49815	1598	D	I		AF-P49815-F1-model_v4.pdb	1598	0.8388028	0.025389304
P49815	1598	D	K		AF-P49815-F1-model_v4.pdb	1598	0.9533349	0.023308242
P49815	1598	D	L		AF-P49815-F1-model_v4.pdb	1598	0.82829124	0.025266198
P49815	1598	D	M		AF-P49815-F1-model_v4.pdb	1598	0.8631878	0.027934559
P49815	1598	D	N		AF-P49815-F1-model_v4.pdb	1598	0.9258337	0.035093702
P49815	1598	D	P		AF-P49815-F1-model_v4.pdb	1598	0.8580968	0.012240918
P49815	1598	D	Q		AF-P49815-F1-model_v4.pdb	1598	0.96988237	0.02259735
P49815	1598	D	R		AF-P49815-F1-model_v4.pdb	1598	0.95014554	0.03381343
P49815	1598	D	S		AF-P49815-F1-model_v4.pdb	1598	0.937875	0.01696801
P49815	1598	D	T		AF-P49815-F1-model_v4.pdb	1598	0.95128936	0.0141703
P49815	1598	D	V		AF-P49815-F1-model_v4.pdb	1598	0.8438719	0.031707298
P49815	1598	D	W		AF-P49815-F1-model_v4.pdb	1598	0.89767915	0.029120255
P49815	1598	D	Y		AF-P49815-F1-model_v4.pdb	1598	0.90155077	0.038590446
P49815	1599	V	A		AF-P49815-F1-model_v4.pdb	1599	0.8696928	0.045952424
P49815	1599	V	C		AF-P49815-F1-model_v4.pdb	1599	0.9188844	0.04426859
P49815	1599	V	D		AF-P49815-F1-model_v4.pdb	1599	0.85925233	0.02433934
P49815	1599	V	E		AF-P49815-F1-model_v4.pdb	1599	0.77744305	0.030950375
P49815	1599	V	F		AF-P49815-F1-model_v4.pdb	1599	0.9149643	0.02989804
P49815	1599	V	G		AF-P49815-F1-model_v4.pdb	1599	0.8715097	0.030385166
P49815	1599	V	H		AF-P49815-F1-model_v4.pdb	1599	0.81277686	0.040221754
P49815	1599	V	I		AF-P49815-F1-model_v4.pdb	1599	0.88782644	0.022928918
P49815	1599	V	K		AF-P49815-F1-model_v4.pdb	1599	0.81944466	0.020292116
P49815	1599	V	L		AF-P49815-F1-model_v4.pdb	1599	0.8026821	0.050947975
P49815	1599	V	M		AF-P49815-F1-model_v4.pdb	1599	0.9262376	0.037238438
P49815	1599	V	N		AF-P49815-F1-model_v4.pdb	1599	0.8143668	0.03734891
P49815	1599	V	P		AF-P49815-F1-model_v4.pdb	1599	0.84458494	0.039569177
P49815	1599	V	Q		AF-P49815-F1-model_v4.pdb	1599	0.8549484	0.026000215
P49815	1599	V	R		AF-P49815-F1-model_v4.pdb	1599	0.7819208	0.025211776
P49815	1599	V	S		AF-P49815-F1-model_v4.pdb	1599	0.8535244	0.05008787
P49815	1599	V	T		AF-P49815-F1-model_v4.pdb	1599	0.78079635	0.04664614
P49815	1599	V	W		AF-P49815-F1-model_v4.pdb	1599	0.8905109	0.053252157
P49815	1599	V	Y		AF-P49815-F1-model_v4.pdb	1599	0.87114036	0.039405525
P49815	1600	C	A		AF-P49815-F1-model_v4.pdb	1600	0.8642643	0.079303056
P49815	1600	C	D		AF-P49815-F1-model_v4.pdb	1600	0.8264554	0.029840736
P49815	1600	C	E		AF-P49815-F1-model_v4.pdb	1600	0.7933794	0.017095944
P49815	1600	C	F		AF-P49815-F1-model_v4.pdb	1600	0.88805103	0.036450367
P49815	1600	C	G		AF-P49815-F1-model_v4.pdb	1600	0.7366826	0.07674256
P49815	1600	C	H		AF-P49815-F1-model_v4.pdb	1600	0.854737	0.024931572
P49815	1600	C	I		AF-P49815-F1-model_v4.pdb	1600	0.79874057	0.05271822
P49815	1600	C	K		AF-P49815-F1-model_v4.pdb	1600	0.77049434	0.023115903
P49815	1600	C	L		AF-P49815-F1-model_v4.pdb	1600	0.8113736	0.0605058
P49815	1600	C	M		AF-P49815-F1-model_v4.pdb	1600	0.8542377	0.040593684
P49815	1600	C	N		AF-P49815-F1-model_v4.pdb	1600	0.78624135	0.048386525
P49815	1600	C	Q		AF-P49815-F1-model_v4.pdb	1600	0.8357316	0.02122274
P49815	1600	C	R		AF-P49815-F1-model_v4.pdb	1600	0.79462636	0.026496857
P49815	1600	C	S		AF-P49815-F1-model_v4.pdb	1600	0.73876107	0.07499993
P49815	1600	C	T		AF-P49815-F1-model_v4.pdb	1600	0.83413124	0.06539829
P49815	1600	C	V		AF-P49815-F1-model_v4.pdb	1600	0.81931716	0.051890463
P49815	1600	C	W		AF-P49815-F1-model_v4.pdb	1600	0.8672016	0.023029184
P49815	1600	C	Y		AF-P49815-F1-model_v4.pdb	1600	0.8455346	0.030680807
P49815	1601	G	A		AF-P49815-F1-model_v4.pdb	1601	0.8630759	0.013296499
P49815	1601	G	C		AF-P49815-F1-model_v4.pdb	1601	0.848756	0.024416009
P49815	1601	G	D		AF-P49815-F1-model_v4.pdb	1601	0.9248784	0.021576095
P49815	1601	G	E		AF-P49815-F1-model_v4.pdb	1601	0.8955472	0.03194596
P49815	1601	G	F		AF-P49815-F1-model_v4.pdb	1601	0.7705152	0.025665192
P49815	1601	G	H		AF-P49815-F1-model_v4.pdb	1601	0.9021408	0.034004547
P49815	1601	G	I		AF-P49815-F1-model_v4.pdb	1601	0.7684817	0.027940635
P49815	1601	G	K		AF-P49815-F1-model_v4.pdb	1601	0.82855195	0.046226624
P49815	1601	G	L		AF-P49815-F1-model_v4.pdb	1601	0.7864567	0.029397147
P49815	1601	G	M		AF-P49815-F1-model_v4.pdb	1601	0.8321152	0.034517378
P49815	1601	G	N		AF-P49815-F1-model_v4.pdb	1601	0.952007	0.033528067
P49815	1601	G	P		AF-P49815-F1-model_v4.pdb	1601	0.8839094	0.025280135
P49815	1601	G	Q		AF-P49815-F1-model_v4.pdb	1601	0.9051088	0.0345743
P49815	1601	G	R		AF-P49815-F1-model_v4.pdb	1601	0.8282973	0.02980972
P49815	1601	G	S		AF-P49815-F1-model_v4.pdb	1601	0.874057	0.015405567
P49815	1601	G	T		AF-P49815-F1-model_v4.pdb	1601	0.92784536	0.026359199
P49815	1601	G	V		AF-P49815-F1-model_v4.pdb	1601	0.8157069	0.027723541
P49815	1601	G	W		AF-P49815-F1-model_v4.pdb	1601	0.77628356	0.02748802
P49815	1601	G	Y		AF-P49815-F1-model_v4.pdb	1601	0.8059901	0.011458276
P49815	1602	E	A		AF-P49815-F1-model_v4.pdb	1602	0.8841882	0.01748217
P49815	1602	E	C		AF-P49815-F1-model_v4.pdb	1602	0.9161962	0.021146832
P49815	1602	E	D		AF-P49815-F1-model_v4.pdb	1602	0.883255	0.019947093
P49815	1602	E	F		AF-P49815-F1-model_v4.pdb	1602	0.83562195	0.016399859
P49815	1602	E	G		AF-P49815-F1-model_v4.pdb	1602	0.923154	0.02396668
P49815	1602	E	H		AF-P49815-F1-model_v4.pdb	1602	0.84725285	0.020788155
P49815	1602	E	I		AF-P49815-F1-model_v4.pdb	1602	0.79286206	0.035072345
P49815	1602	E	K		AF-P49815-F1-model_v4.pdb	1602	0.7534825	0.016830774
P49815	1602	E	L		AF-P49815-F1-model_v4.pdb	1602	0.81656855	0.0053563216
P49815	1602	E	M		AF-P49815-F1-model_v4.pdb	1602	0.87235147	0.031189587
P49815	1602	E	N		AF-P49815-F1-model_v4.pdb	1602	0.8691286	0.03013203
P49815	1602	E	P		AF-P49815-F1-model_v4.pdb	1602	0.81067246	0.018940262
P49815	1602	E	Q		AF-P49815-F1-model_v4.pdb	1602	0.8271184	0.027001493
P49815	1602	E	R		AF-P49815-F1-model_v4.pdb	1602	0.76231205	0.008625697
P49815	1602	E	S		AF-P49815-F1-model_v4.pdb	1602	0.8286749	0.022595007
P49815	1602	E	T		AF-P49815-F1-model_v4.pdb	1602	0.89039975	0.022404512
P49815	1602	E	V		AF-P49815-F1-model_v4.pdb	1602	0.82293653	0.03318135
P49815	1602	E	W		AF-P49815-F1-model_v4.pdb	1602	0.8677999	0.027570741
P49815	1602	E	Y		AF-P49815-F1-model_v4.pdb	1602	0.84426004	0.022342306
P49815	1603	D	A		AF-P49815-F1-model_v4.pdb	1603	0.87278444	0.014401468
P49815	1603	D	C		AF-P49815-F1-model_v4.pdb	1603	0.8161799	0.025278853
P49815	1603	D	E		AF-P49815-F1-model_v4.pdb	1603	0.8856101	0.025621999
P49815	1603	D	F		AF-P49815-F1-model_v4.pdb	1603	0.7088871	0.039647985
P49815	1603	D	G		AF-P49815-F1-model_v4.pdb	1603	0.88074815	0.019398227
P49815	1603	D	H		AF-P49815-F1-model_v4.pdb	1603	0.8670249	0.027643712
P49815	1603	D	I		AF-P49815-F1-model_v4.pdb	1603	0.6598694	0.025279684
P49815	1603	D	K		AF-P49815-F1-model_v4.pdb	1603	0.8818806	0.024006596
P49815	1603	D	L		AF-P49815-F1-model_v4.pdb	1603	0.66913736	0.026127564
P49815	1603	D	M		AF-P49815-F1-model_v4.pdb	1603	0.7917065	0.02233758
P49815	1603	D	N		AF-P49815-F1-model_v4.pdb	1603	0.8293122	0.024125818
P49815	1603	D	P		AF-P49815-F1-model_v4.pdb	1603	0.6656878	0.033267383
P49815	1603	D	Q		AF-P49815-F1-model_v4.pdb	1603	0.8906622	0.01977467
P49815	1603	D	R		AF-P49815-F1-model_v4.pdb	1603	0.8320528	0.03647503
P49815	1603	D	S		AF-P49815-F1-model_v4.pdb	1603	0.8761233	0.037037592
P49815	1603	D	T		AF-P49815-F1-model_v4.pdb	1603	0.8991602	0.013699073
P49815	1603	D	V		AF-P49815-F1-model_v4.pdb	1603	0.68003666	0.021013606
P49815	1603	D	W		AF-P49815-F1-model_v4.pdb	1603	0.678666	0.03324766
P49815	1603	D	Y		AF-P49815-F1-model_v4.pdb	1603	0.8050256	0.050220218
P49815	1604	G	A		AF-P49815-F1-model_v4.pdb	1604	0.89345026	0.025967594
P49815	1604	G	C		AF-P49815-F1-model_v4.pdb	1604	0.876869	0.03875002
P49815	1604	G	D		AF-P49815-F1-model_v4.pdb	1604	0.92476904	0.041121293
P49815	1604	G	E		AF-P49815-F1-model_v4.pdb	1604	0.9344265	0.0481412
P49815	1604	G	F		AF-P49815-F1-model_v4.pdb	1604	0.77866703	0.035949733
P49815	1604	G	H		AF-P49815-F1-model_v4.pdb	1604	0.9137243	0.03562008
P49815	1604	G	I		AF-P49815-F1-model_v4.pdb	1604	0.77775586	0.03276967
P49815	1604	G	K		AF-P49815-F1-model_v4.pdb	1604	0.83830804	0.035562098
P49815	1604	G	L		AF-P49815-F1-model_v4.pdb	1604	0.7920761	0.033562604
P49815	1604	G	M		AF-P49815-F1-model_v4.pdb	1604	0.7856907	0.038097095
P49815	1604	G	N		AF-P49815-F1-model_v4.pdb	1604	0.88876975	0.034244932
P49815	1604	G	P		AF-P49815-F1-model_v4.pdb	1604	0.9038045	0.035684206
P49815	1604	G	Q		AF-P49815-F1-model_v4.pdb	1604	0.9135312	0.038586315
P49815	1604	G	R		AF-P49815-F1-model_v4.pdb	1604	0.82817924	0.03948252
P49815	1604	G	S		AF-P49815-F1-model_v4.pdb	1604	0.9400322	0.023407627
P49815	1604	G	T		AF-P49815-F1-model_v4.pdb	1604	0.92020094	0.03248904
P49815	1604	G	V		AF-P49815-F1-model_v4.pdb	1604	0.7935551	0.03447095
P49815	1604	G	W		AF-P49815-F1-model_v4.pdb	1604	0.8050634	0.028405437
P49815	1604	G	Y		AF-P49815-F1-model_v4.pdb	1604	0.82717454	0.027592923
P49815	1605	Q	A		AF-P49815-F1-model_v4.pdb	1605	0.7863314	0.03792345
P49815	1605	Q	C		AF-P49815-F1-model_v4.pdb	1605	0.77720034	0.0245142
P49815	1605	Q	D		AF-P49815-F1-model_v4.pdb	1605	0.774032	0.04907783
P49815	1605	Q	E		AF-P49815-F1-model_v4.pdb	1605	0.8207242	0.03746508
P49815	1605	Q	F		AF-P49815-F1-model_v4.pdb	1605	0.73468196	0.039159074
P49815	1605	Q	G		AF-P49815-F1-model_v4.pdb	1605	0.83092976	0.04314307
P49815	1605	Q	H		AF-P49815-F1-model_v4.pdb	1605	0.81892455	0.048512693
P49815	1605	Q	I		AF-P49815-F1-model_v4.pdb	1605	0.7230649	0.0043348772
P49815	1605	Q	K		AF-P49815-F1-model_v4.pdb	1605	0.6599586	0.08540226
P49815	1605	Q	L		AF-P49815-F1-model_v4.pdb	1605	0.6555324	0.037115786
P49815	1605	Q	M		AF-P49815-F1-model_v4.pdb	1605	0.78690946	0.053730786
P49815	1605	Q	N		AF-P49815-F1-model_v4.pdb	1605	0.79991496	0.047802478
P49815	1605	Q	P		AF-P49815-F1-model_v4.pdb	1605	0.86286056	0.037922967
P49815	1605	Q	R		AF-P49815-F1-model_v4.pdb	1605	0.78975135	0.024002744
P49815	1605	Q	S		AF-P49815-F1-model_v4.pdb	1605	0.7434507	0.057217386
P49815	1605	Q	T		AF-P49815-F1-model_v4.pdb	1605	0.81472385	0.032396086
P49815	1605	Q	V		AF-P49815-F1-model_v4.pdb	1605	0.7548277	0.015170826
P49815	1605	Q	W		AF-P49815-F1-model_v4.pdb	1605	0.8008043	0.02670553
P49815	1605	Q	Y		AF-P49815-F1-model_v4.pdb	1605	0.8314687	0.0306529
P49815	1606	F	A		AF-P49815-F1-model_v4.pdb	1606	0.8834858	0.02759932
P49815	1606	F	C		AF-P49815-F1-model_v4.pdb	1606	0.94734544	0.022778204
P49815	1606	F	D		AF-P49815-F1-model_v4.pdb	1606	0.786371	0.03647854
P49815	1606	F	E		AF-P49815-F1-model_v4.pdb	1606	0.7283162	0.038463116
P49815	1606	F	G		AF-P49815-F1-model_v4.pdb	1606	0.83939904	0.029616488
P49815	1606	F	H		AF-P49815-F1-model_v4.pdb	1606	0.8218727	0.03512845
P49815	1606	F	I		AF-P49815-F1-model_v4.pdb	1606	0.8852798	0.016045341
P49815	1606	F	K		AF-P49815-F1-model_v4.pdb	1606	0.7499458	0.026779935
P49815	1606	F	L		AF-P49815-F1-model_v4.pdb	1606	0.89330274	0.013682317
P49815	1606	F	M		AF-P49815-F1-model_v4.pdb	1606	0.92301524	0.026524086
P49815	1606	F	N		AF-P49815-F1-model_v4.pdb	1606	0.8006627	0.026549678
P49815	1606	F	P		AF-P49815-F1-model_v4.pdb	1606	0.84292537	0.02320179
P49815	1606	F	R		AF-P49815-F1-model_v4.pdb	1606	0.7968524	0.026204772
P49815	1606	F	S		AF-P49815-F1-model_v4.pdb	1606	0.8592447	0.039288156
P49815	1606	F	T		AF-P49815-F1-model_v4.pdb	1606	0.8554098	0.04014597
P49815	1606	F	V		AF-P49815-F1-model_v4.pdb	1606	0.8444904	0.022850411
P49815	1606	F	W		AF-P49815-F1-model_v4.pdb	1606	0.95850104	0.020218635
P49815	1606	F	Y		AF-P49815-F1-model_v4.pdb	1606	0.8637001	0.026562652
P49815	1607	T	A		AF-P49815-F1-model_v4.pdb	1607	0.89475375	0.034046926
P49815	1607	T	C		AF-P49815-F1-model_v4.pdb	1607	0.87728864	0.022549395
P49815	1607	T	D		AF-P49815-F1-model_v4.pdb	1607	0.828131	0.02560788
P49815	1607	T	E		AF-P49815-F1-model_v4.pdb	1607	0.8171812	0.04087179
P49815	1607	T	F		AF-P49815-F1-model_v4.pdb	1607	0.8295072	0.03909179
P49815	1607	T	G		AF-P49815-F1-model_v4.pdb	1607	0.8216157	0.0067171063
P49815	1607	T	H		AF-P49815-F1-model_v4.pdb	1607	0.8969525	0.04502085
P49815	1607	T	I		AF-P49815-F1-model_v4.pdb	1607	0.7849334	0.016766177
P49815	1607	T	K		AF-P49815-F1-model_v4.pdb	1607	0.79547006	0.02565652
P49815	1607	T	L		AF-P49815-F1-model_v4.pdb	1607	0.8297982	0.021340089
P49815	1607	T	M		AF-P49815-F1-model_v4.pdb	1607	0.92134017	0.025505587
P49815	1607	T	N		AF-P49815-F1-model_v4.pdb	1607	0.88119256	0.01701645
P49815	1607	T	P		AF-P49815-F1-model_v4.pdb	1607	0.8682334	0.02740033
P49815	1607	T	Q		AF-P49815-F1-model_v4.pdb	1607	0.84167945	0.034741282
P49815	1607	T	R		AF-P49815-F1-model_v4.pdb	1607	0.78639275	0.028850766
P49815	1607	T	S		AF-P49815-F1-model_v4.pdb	1607	0.8965827	0.016489886
P49815	1607	T	V		AF-P49815-F1-model_v4.pdb	1607	0.83732855	0.012311478
P49815	1607	T	W		AF-P49815-F1-model_v4.pdb	1607	0.7985029	0.018517032
P49815	1607	T	Y		AF-P49815-F1-model_v4.pdb	1607	0.8965729	0.04084342
P49815	1608	Y	A		AF-P49815-F1-model_v4.pdb	1608	0.69767904	0.029265711
P49815	1608	Y	C		AF-P49815-F1-model_v4.pdb	1608	0.7483336	0.036810514
P49815	1608	Y	D		AF-P49815-F1-model_v4.pdb	1608	0.7646176	0.022419773
P49815	1608	Y	E		AF-P49815-F1-model_v4.pdb	1608	0.7344493	0.034694213
P49815	1608	Y	F		AF-P49815-F1-model_v4.pdb	1608	0.9472121	0.01904091
P49815	1608	Y	G		AF-P49815-F1-model_v4.pdb	1608	0.6890289	0.03491741
P49815	1608	Y	H		AF-P49815-F1-model_v4.pdb	1608	0.82055414	0.020021813
P49815	1608	Y	I		AF-P49815-F1-model_v4.pdb	1608	0.8588747	0.028256215
P49815	1608	Y	K		AF-P49815-F1-model_v4.pdb	1608	0.69413537	0.02447868
P49815	1608	Y	L		AF-P49815-F1-model_v4.pdb	1608	0.85155106	0.019878943
P49815	1608	Y	M		AF-P49815-F1-model_v4.pdb	1608	0.8595458	0.023075977
P49815	1608	Y	N		AF-P49815-F1-model_v4.pdb	1608	0.77570134	0.01629207
P49815	1608	Y	P		AF-P49815-F1-model_v4.pdb	1608	0.7171608	0.045016468
P49815	1608	Y	Q		AF-P49815-F1-model_v4.pdb	1608	0.70728046	0.04255851
P49815	1608	Y	R		AF-P49815-F1-model_v4.pdb	1608	0.63916504	0.037147272
P49815	1608	Y	S		AF-P49815-F1-model_v4.pdb	1608	0.7204765	0.02659123
P49815	1608	Y	T		AF-P49815-F1-model_v4.pdb	1608	0.7193017	0.03111335
P49815	1608	Y	V		AF-P49815-F1-model_v4.pdb	1608	0.7907165	0.03223897
P49815	1608	Y	W		AF-P49815-F1-model_v4.pdb	1608	0.7536777	0.037751023
P49815	1609	C	A		AF-P49815-F1-model_v4.pdb	1609	0.91254425	0.034444537
P49815	1609	C	D		AF-P49815-F1-model_v4.pdb	1609	0.7934032	0.04758863
P49815	1609	C	E		AF-P49815-F1-model_v4.pdb	1609	0.8088168	0.055163916
P49815	1609	C	F		AF-P49815-F1-model_v4.pdb	1609	0.85002863	0.045422673
P49815	1609	C	G		AF-P49815-F1-model_v4.pdb	1609	0.7836283	0.023533607
P49815	1609	C	H		AF-P49815-F1-model_v4.pdb	1609	0.76598144	0.050125044
P49815	1609	C	I		AF-P49815-F1-model_v4.pdb	1609	0.8216168	0.026157135
P49815	1609	C	K		AF-P49815-F1-model_v4.pdb	1609	0.7240052	0.023512166
P49815	1609	C	L		AF-P49815-F1-model_v4.pdb	1609	0.8418686	0.031137165
P49815	1609	C	M		AF-P49815-F1-model_v4.pdb	1609	0.93928164	0.029366406
P49815	1609	C	N		AF-P49815-F1-model_v4.pdb	1609	0.80876076	0.02825303
P49815	1609	C	P		AF-P49815-F1-model_v4.pdb	1609	0.76697576	0.010693674
P49815	1609	C	Q		AF-P49815-F1-model_v4.pdb	1609	0.7869837	0.02895182
P49815	1609	C	R		AF-P49815-F1-model_v4.pdb	1609	0.7082736	0.023790495
P49815	1609	C	S		AF-P49815-F1-model_v4.pdb	1609	0.8334295	0.04134905
P49815	1609	C	T		AF-P49815-F1-model_v4.pdb	1609	0.8477608	0.0352854
P49815	1609	C	V		AF-P49815-F1-model_v4.pdb	1609	0.92614585	0.010913184
P49815	1609	C	W		AF-P49815-F1-model_v4.pdb	1609	0.7350563	0.04233906
P49815	1609	C	Y		AF-P49815-F1-model_v4.pdb	1609	0.86379033	0.0342085
P49815	1610	W	A		AF-P49815-F1-model_v4.pdb	1610	0.8350703	0.011366364
P49815	1610	W	C		AF-P49815-F1-model_v4.pdb	1610	0.8199917	0.021801602
P49815	1610	W	D		AF-P49815-F1-model_v4.pdb	1610	0.8178836	0.016447328
P49815	1610	W	E		AF-P49815-F1-model_v4.pdb	1610	0.7946204	0.030945724
P49815	1610	W	F		AF-P49815-F1-model_v4.pdb	1610	0.950195	0.018702112
P49815	1610	W	G		AF-P49815-F1-model_v4.pdb	1610	0.7853402	0.023204338
P49815	1610	W	H		AF-P49815-F1-model_v4.pdb	1610	0.8672301	0.019248914
P49815	1610	W	I		AF-P49815-F1-model_v4.pdb	1610	0.81230545	0.016322441
P49815	1610	W	K		AF-P49815-F1-model_v4.pdb	1610	0.7482159	0.011391815
P49815	1610	W	L		AF-P49815-F1-model_v4.pdb	1610	0.83995926	0.021755762
P49815	1610	W	M		AF-P49815-F1-model_v4.pdb	1610	0.7901968	0.03369012
P49815	1610	W	N		AF-P49815-F1-model_v4.pdb	1610	0.81370986	0.018656723
P49815	1610	W	P		AF-P49815-F1-model_v4.pdb	1610	0.7780529	0.02964705
P49815	1610	W	Q		AF-P49815-F1-model_v4.pdb	1610	0.7718369	0.024583414
P49815	1610	W	R		AF-P49815-F1-model_v4.pdb	1610	0.7108798	0.016609747
P49815	1610	W	S		AF-P49815-F1-model_v4.pdb	1610	0.84514046	0.01251235
P49815	1610	W	T		AF-P49815-F1-model_v4.pdb	1610	0.7910824	0.020373277
P49815	1610	W	V		AF-P49815-F1-model_v4.pdb	1610	0.81617326	0.017366916
P49815	1610	W	Y		AF-P49815-F1-model_v4.pdb	1610	0.9190531	0.022033766
P49815	1611	H	A		AF-P49815-F1-model_v4.pdb	1611	0.93957484	0.020156896
P49815	1611	H	C		AF-P49815-F1-model_v4.pdb	1611	0.9361065	0.024444243
P49815	1611	H	D		AF-P49815-F1-model_v4.pdb	1611	0.95009434	0.012371696
P49815	1611	H	E		AF-P49815-F1-model_v4.pdb	1611	0.97431004	0.02092672
P49815	1611	H	F		AF-P49815-F1-model_v4.pdb	1611	0.88653564	0.012713056
P49815	1611	H	G		AF-P49815-F1-model_v4.pdb	1611	0.93111104	0.020649783
P49815	1611	H	I		AF-P49815-F1-model_v4.pdb	1611	0.92245483	0.025740637
P49815	1611	H	K		AF-P49815-F1-model_v4.pdb	1611	0.8958173	0.017233836
P49815	1611	H	L		AF-P49815-F1-model_v4.pdb	1611	0.91747916	0.022580238
P49815	1611	H	M		AF-P49815-F1-model_v4.pdb	1611	0.93722296	0.012032581
P49815	1611	H	N		AF-P49815-F1-model_v4.pdb	1611	0.9474643	0.017615171
P49815	1611	H	P		AF-P49815-F1-model_v4.pdb	1611	0.8816832	0.0214779
P49815	1611	H	Q		AF-P49815-F1-model_v4.pdb	1611	0.9679245	0.01804471
P49815	1611	H	R		AF-P49815-F1-model_v4.pdb	1611	0.91479397	0.021782385
P49815	1611	H	S		AF-P49815-F1-model_v4.pdb	1611	0.9611594	0.019715097
P49815	1611	H	T		AF-P49815-F1-model_v4.pdb	1611	0.9590312	0.031893175
P49815	1611	H	V		AF-P49815-F1-model_v4.pdb	1611	0.9292277	0.014018328
P49815	1611	H	W		AF-P49815-F1-model_v4.pdb	1611	0.9018677	0.016321467
P49815	1611	H	Y		AF-P49815-F1-model_v4.pdb	1611	0.93810624	0.01300764
P49815	1612	D	A		AF-P49815-F1-model_v4.pdb	1612	0.8789855	0.019107886
P49815	1612	D	C		AF-P49815-F1-model_v4.pdb	1612	0.8508295	0.03254824
P49815	1612	D	E		AF-P49815-F1-model_v4.pdb	1612	0.9908768	0.03788492
P49815	1612	D	F		AF-P49815-F1-model_v4.pdb	1612	0.8078945	0.025017196
P49815	1612	D	G		AF-P49815-F1-model_v4.pdb	1612	0.8598709	0.019458577
P49815	1612	D	H		AF-P49815-F1-model_v4.pdb	1612	0.9000559	0.040487297
P49815	1612	D	I		AF-P49815-F1-model_v4.pdb	1612	0.8060877	0.02380242
P49815	1612	D	K		AF-P49815-F1-model_v4.pdb	1612	0.8904356	0.031589415
P49815	1612	D	L		AF-P49815-F1-model_v4.pdb	1612	0.7870558	0.024734214
P49815	1612	D	M		AF-P49815-F1-model_v4.pdb	1612	0.8620278	0.032919407
P49815	1612	D	N		AF-P49815-F1-model_v4.pdb	1612	0.9401162	0.04132302
P49815	1612	D	P		AF-P49815-F1-model_v4.pdb	1612	0.8756839	0.027026014
P49815	1612	D	Q		AF-P49815-F1-model_v4.pdb	1612	0.90810883	0.03722663
P49815	1612	D	R		AF-P49815-F1-model_v4.pdb	1612	0.91612566	0.033901468
P49815	1612	D	S		AF-P49815-F1-model_v4.pdb	1612	0.9319676	0.02550394
P49815	1612	D	T		AF-P49815-F1-model_v4.pdb	1612	0.94834507	0.019979602
P49815	1612	D	V		AF-P49815-F1-model_v4.pdb	1612	0.8135195	0.01773301
P49815	1612	D	W		AF-P49815-F1-model_v4.pdb	1612	0.7986814	0.02967521
P49815	1612	D	Y		AF-P49815-F1-model_v4.pdb	1612	0.8684972	0.045637175
P49815	1613	D	A		AF-P49815-F1-model_v4.pdb	1613	0.93634605	0.02601641
P49815	1613	D	C		AF-P49815-F1-model_v4.pdb	1613	0.7891085	0.03390594
P49815	1613	D	E		AF-P49815-F1-model_v4.pdb	1613	0.9321397	0.026410203
P49815	1613	D	F		AF-P49815-F1-model_v4.pdb	1613	0.75552475	0.0241581
P49815	1613	D	G		AF-P49815-F1-model_v4.pdb	1613	0.95095843	0.011967147
P49815	1613	D	H		AF-P49815-F1-model_v4.pdb	1613	0.89567995	0.040763084
P49815	1613	D	I		AF-P49815-F1-model_v4.pdb	1613	0.70708114	0.02870418
P49815	1613	D	K		AF-P49815-F1-model_v4.pdb	1613	0.92248136	0.014349095
P49815	1613	D	L		AF-P49815-F1-model_v4.pdb	1613	0.751967	0.022707263
P49815	1613	D	M		AF-P49815-F1-model_v4.pdb	1613	0.8155977	0.055300813
P49815	1613	D	N		AF-P49815-F1-model_v4.pdb	1613	0.93677026	0.029870166
P49815	1613	D	P		AF-P49815-F1-model_v4.pdb	1613	0.7994105	0.035339314
P49815	1613	D	Q		AF-P49815-F1-model_v4.pdb	1613	0.8812291	0.029292308
P49815	1613	D	R		AF-P49815-F1-model_v4.pdb	1613	0.9401016	0.029033607
P49815	1613	D	S		AF-P49815-F1-model_v4.pdb	1613	0.9866804	0.014639272
P49815	1613	D	T		AF-P49815-F1-model_v4.pdb	1613	0.91909295	0.023327848
P49815	1613	D	V		AF-P49815-F1-model_v4.pdb	1613	0.7391454	0.041375976
P49815	1613	D	W		AF-P49815-F1-model_v4.pdb	1613	0.8041762	0.032949936
P49815	1613	D	Y		AF-P49815-F1-model_v4.pdb	1613	0.87384814	0.033923075
P49815	1614	I	A		AF-P49815-F1-model_v4.pdb	1614	1.0538832	0.033541195
P49815	1614	I	C		AF-P49815-F1-model_v4.pdb	1614	1.0233546	0.040012214
P49815	1614	I	D		AF-P49815-F1-model_v4.pdb	1614	0.92820704	0.030551929
P49815	1614	I	E		AF-P49815-F1-model_v4.pdb	1614	0.94605255	0.020194484
P49815	1614	I	F		AF-P49815-F1-model_v4.pdb	1614	0.8717145	0.033414315
P49815	1614	I	G		AF-P49815-F1-model_v4.pdb	1614	0.9433382	0.027038518
P49815	1614	I	H		AF-P49815-F1-model_v4.pdb	1614	0.839489	0.04742635
P49815	1614	I	K		AF-P49815-F1-model_v4.pdb	1614	0.79836434	0.041528888
P49815	1614	I	L		AF-P49815-F1-model_v4.pdb	1614	0.9192673	0.036173277
P49815	1614	I	M		AF-P49815-F1-model_v4.pdb	1614	0.95643604	0.03066227
P49815	1614	I	N		AF-P49815-F1-model_v4.pdb	1614	0.9828173	0.039665505
P49815	1614	I	P		AF-P49815-F1-model_v4.pdb	1614	0.9024286	0.051727183
P49815	1614	I	Q		AF-P49815-F1-model_v4.pdb	1614	0.9014977	0.040646948
P49815	1614	I	R		AF-P49815-F1-model_v4.pdb	1614	0.7820435	0.053124238
P49815	1614	I	S		AF-P49815-F1-model_v4.pdb	1614	0.99968654	0.039271712
P49815	1614	I	T		AF-P49815-F1-model_v4.pdb	1614	0.9183687	0.045815155
P49815	1614	I	V		AF-P49815-F1-model_v4.pdb	1614	0.9330322	0.047238436
P49815	1614	I	W		AF-P49815-F1-model_v4.pdb	1614	0.9086379	0.052018687
P49815	1614	I	Y		AF-P49815-F1-model_v4.pdb	1614	0.9474217	0.048087023
P49815	1615	M	A		AF-P49815-F1-model_v4.pdb	1615	0.931273	0.02402121
P49815	1615	M	C		AF-P49815-F1-model_v4.pdb	1615	0.93666536	0.020502228
P49815	1615	M	D		AF-P49815-F1-model_v4.pdb	1615	0.76890457	0.054947287
P49815	1615	M	E		AF-P49815-F1-model_v4.pdb	1615	0.7686656	0.052780636
P49815	1615	M	F		AF-P49815-F1-model_v4.pdb	1615	0.95448625	0.048294578
P49815	1615	M	G		AF-P49815-F1-model_v4.pdb	1615	0.8864279	0.02188728
P49815	1615	M	H		AF-P49815-F1-model_v4.pdb	1615	0.8882974	0.038650215
P49815	1615	M	I		AF-P49815-F1-model_v4.pdb	1615	0.94020194	0.020933336
P49815	1615	M	K		AF-P49815-F1-model_v4.pdb	1615	0.8258608	0.035216097
P49815	1615	M	L		AF-P49815-F1-model_v4.pdb	1615	0.9671711	0.01509454
P49815	1615	M	N		AF-P49815-F1-model_v4.pdb	1615	0.7853121	0.06410612
P49815	1615	M	P		AF-P49815-F1-model_v4.pdb	1615	0.83782464	0.025896162
P49815	1615	M	Q		AF-P49815-F1-model_v4.pdb	1615	0.81186885	0.042126022
P49815	1615	M	R		AF-P49815-F1-model_v4.pdb	1615	0.78607476	0.03466293
P49815	1615	M	S		AF-P49815-F1-model_v4.pdb	1615	0.8856022	0.042976733
P49815	1615	M	T		AF-P49815-F1-model_v4.pdb	1615	0.8667227	0.030083202
P49815	1615	M	W		AF-P49815-F1-model_v4.pdb	1615	0.950754	0.046751257
P49815	1615	M	Y		AF-P49815-F1-model_v4.pdb	1615	0.93163395	0.056117143
P49815	1616	Q	A		AF-P49815-F1-model_v4.pdb	1616	0.9005805	0.023017302
P49815	1616	Q	C		AF-P49815-F1-model_v4.pdb	1616	0.8978301	0.018592305
P49815	1616	Q	D		AF-P49815-F1-model_v4.pdb	1616	0.921848	0.006514706
P49815	1616	Q	E		AF-P49815-F1-model_v4.pdb	1616	0.9770929	0.018275302
P49815	1616	Q	F		AF-P49815-F1-model_v4.pdb	1616	0.90064335	0.028133271
P49815	1616	Q	G		AF-P49815-F1-model_v4.pdb	1616	0.9001152	0.0238838
P49815	1616	Q	H		AF-P49815-F1-model_v4.pdb	1616	0.9982589	0.015385811
P49815	1616	Q	I		AF-P49815-F1-model_v4.pdb	1616	0.86206806	0.009195474
P49815	1616	Q	K		AF-P49815-F1-model_v4.pdb	1616	0.9062604	0.013096867
P49815	1616	Q	L		AF-P49815-F1-model_v4.pdb	1616	0.8794807	0.03881656
P49815	1616	Q	M		AF-P49815-F1-model_v4.pdb	1616	0.9419362	0.034027953
P49815	1616	Q	N		AF-P49815-F1-model_v4.pdb	1616	0.9382863	0.010807572
P49815	1616	Q	P		AF-P49815-F1-model_v4.pdb	1616	0.86503685	0.017824704
P49815	1616	Q	R		AF-P49815-F1-model_v4.pdb	1616	0.91889447	0.020739423
P49815	1616	Q	S		AF-P49815-F1-model_v4.pdb	1616	0.88170195	0.015693614
P49815	1616	Q	T		AF-P49815-F1-model_v4.pdb	1616	0.9896499	0.030111156
P49815	1616	Q	V		AF-P49815-F1-model_v4.pdb	1616	0.8946028	0.026291044
P49815	1616	Q	W		AF-P49815-F1-model_v4.pdb	1616	0.9062309	0.04229068
P49815	1616	Q	Y		AF-P49815-F1-model_v4.pdb	1616	0.9439645	0.032451298
P49815	1617	A	C		AF-P49815-F1-model_v4.pdb	1617	1.0015389	0.016857542
P49815	1617	A	D		AF-P49815-F1-model_v4.pdb	1617	0.7542647	0.055139016
P49815	1617	A	E		AF-P49815-F1-model_v4.pdb	1617	0.77818894	0.042410094
P49815	1617	A	F		AF-P49815-F1-model_v4.pdb	1617	0.88694924	0.046077903
P49815	1617	A	G		AF-P49815-F1-model_v4.pdb	1617	0.9103055	0.03366671
P49815	1617	A	H		AF-P49815-F1-model_v4.pdb	1617	0.83194894	0.045537706
P49815	1617	A	I		AF-P49815-F1-model_v4.pdb	1617	0.8789793	0.01752476
P49815	1617	A	K		AF-P49815-F1-model_v4.pdb	1617	0.74803126	0.02869427
P49815	1617	A	L		AF-P49815-F1-model_v4.pdb	1617	0.8589879	0.04901224
P49815	1617	A	M		AF-P49815-F1-model_v4.pdb	1617	0.83262664	0.039233666
P49815	1617	A	N		AF-P49815-F1-model_v4.pdb	1617	0.8076108	0.041308295
P49815	1617	A	P		AF-P49815-F1-model_v4.pdb	1617	0.8083065	0.024382306
P49815	1617	A	Q		AF-P49815-F1-model_v4.pdb	1617	0.80517703	0.03571022
P49815	1617	A	R		AF-P49815-F1-model_v4.pdb	1617	0.7581605	0.038284846
P49815	1617	A	S		AF-P49815-F1-model_v4.pdb	1617	0.93267155	0.01925972
P49815	1617	A	T		AF-P49815-F1-model_v4.pdb	1617	0.9535719	0.01861022
P49815	1617	A	V		AF-P49815-F1-model_v4.pdb	1617	0.9258474	0.015820732
P49815	1617	A	W		AF-P49815-F1-model_v4.pdb	1617	0.8229985	0.05011288
P49815	1617	A	Y		AF-P49815-F1-model_v4.pdb	1617	0.8638873	0.048518524
P49815	1618	V	A		AF-P49815-F1-model_v4.pdb	1618	0.87805337	0.023881178
P49815	1618	V	C		AF-P49815-F1-model_v4.pdb	1618	0.97870886	0.037784956
P49815	1618	V	D		AF-P49815-F1-model_v4.pdb	1618	0.7513007	0.030902352
P49815	1618	V	E		AF-P49815-F1-model_v4.pdb	1618	0.6450988	0.05516221
P49815	1618	V	F		AF-P49815-F1-model_v4.pdb	1618	0.90332174	0.035072245
P49815	1618	V	G		AF-P49815-F1-model_v4.pdb	1618	0.76608324	0.0367901
P49815	1618	V	H		AF-P49815-F1-model_v4.pdb	1618	0.77092534	0.043342903
P49815	1618	V	I		AF-P49815-F1-model_v4.pdb	1618	0.96270925	0.00832354
P49815	1618	V	K		AF-P49815-F1-model_v4.pdb	1618	0.715148	0.055641543
P49815	1618	V	L		AF-P49815-F1-model_v4.pdb	1618	0.9500639	0.03584543
P49815	1618	V	M		AF-P49815-F1-model_v4.pdb	1618	0.9345566	0.02468236
P49815	1618	V	N		AF-P49815-F1-model_v4.pdb	1618	0.80335677	0.034638688
P49815	1618	V	P		AF-P49815-F1-model_v4.pdb	1618	0.64563465	0.042554375
P49815	1618	V	Q		AF-P49815-F1-model_v4.pdb	1618	0.7681111	0.04013087
P49815	1618	V	R		AF-P49815-F1-model_v4.pdb	1618	0.6917604	0.04137626
P49815	1618	V	S		AF-P49815-F1-model_v4.pdb	1618	0.8419803	0.02191484
P49815	1618	V	T		AF-P49815-F1-model_v4.pdb	1618	0.8413761	0.02609938
P49815	1618	V	W		AF-P49815-F1-model_v4.pdb	1618	0.81643665	0.039021097
P49815	1618	V	Y		AF-P49815-F1-model_v4.pdb	1618	0.78160244	0.05095254
P49815	1619	F	A		AF-P49815-F1-model_v4.pdb	1619	0.68633384	0.02870879
P49815	1619	F	C		AF-P49815-F1-model_v4.pdb	1619	0.73050576	0.026116652
P49815	1619	F	D		AF-P49815-F1-model_v4.pdb	1619	0.5765798	0.027407378
P49815	1619	F	E		AF-P49815-F1-model_v4.pdb	1619	0.58768326	0.024631647
P49815	1619	F	G		AF-P49815-F1-model_v4.pdb	1619	0.6330297	0.023169352
P49815	1619	F	H		AF-P49815-F1-model_v4.pdb	1619	0.6083033	0.021401238
P49815	1619	F	I		AF-P49815-F1-model_v4.pdb	1619	0.85469997	0.014943951
P49815	1619	F	K		AF-P49815-F1-model_v4.pdb	1619	0.52825433	0.04058731
P49815	1619	F	L		AF-P49815-F1-model_v4.pdb	1619	0.96592665	0.01059117
P49815	1619	F	M		AF-P49815-F1-model_v4.pdb	1619	0.86334	0.024418103
P49815	1619	F	N		AF-P49815-F1-model_v4.pdb	1619	0.6443375	0.01244185
P49815	1619	F	P		AF-P49815-F1-model_v4.pdb	1619	0.6318482	0.04021794
P49815	1619	F	Q		AF-P49815-F1-model_v4.pdb	1619	0.58609116	0.0236212
P49815	1619	F	R		AF-P49815-F1-model_v4.pdb	1619	0.50067437	0.035598185
P49815	1619	F	S		AF-P49815-F1-model_v4.pdb	1619	0.6429017	0.016612278
P49815	1619	F	T		AF-P49815-F1-model_v4.pdb	1619	0.6407445	0.027387168
P49815	1619	F	V		AF-P49815-F1-model_v4.pdb	1619	0.7204181	0.02871555
P49815	1619	F	W		AF-P49815-F1-model_v4.pdb	1619	0.7449651	0.039495066
P49815	1619	F	Y		AF-P49815-F1-model_v4.pdb	1619	0.7448142	0.021728136
P49815	1620	H	A		AF-P49815-F1-model_v4.pdb	1620	0.8811437	0.031406745
P49815	1620	H	C		AF-P49815-F1-model_v4.pdb	1620	0.8560673	0.016011542
P49815	1620	H	D		AF-P49815-F1-model_v4.pdb	1620	0.8868717	0.026316876
P49815	1620	H	E		AF-P49815-F1-model_v4.pdb	1620	0.9076363	0.024413703
P49815	1620	H	F		AF-P49815-F1-model_v4.pdb	1620	0.9273446	0.019416666
P49815	1620	H	G		AF-P49815-F1-model_v4.pdb	1620	0.80582	0.0123449955
P49815	1620	H	I		AF-P49815-F1-model_v4.pdb	1620	0.84952146	0.019140404
P49815	1620	H	K		AF-P49815-F1-model_v4.pdb	1620	0.8883723	0.010564926
P49815	1620	H	L		AF-P49815-F1-model_v4.pdb	1620	0.8381551	0.01349135
P49815	1620	H	M		AF-P49815-F1-model_v4.pdb	1620	0.90307206	0.016202852
P49815	1620	H	N		AF-P49815-F1-model_v4.pdb	1620	0.9886322	0.03990083
P49815	1620	H	P		AF-P49815-F1-model_v4.pdb	1620	0.81413496	0.022724427
P49815	1620	H	Q		AF-P49815-F1-model_v4.pdb	1620	0.89384574	0.031101719
P49815	1620	H	R		AF-P49815-F1-model_v4.pdb	1620	0.79429257	0.028615398
P49815	1620	H	S		AF-P49815-F1-model_v4.pdb	1620	0.9064868	0.044545367
P49815	1620	H	T		AF-P49815-F1-model_v4.pdb	1620	0.9453028	0.016421735
P49815	1620	H	V		AF-P49815-F1-model_v4.pdb	1620	0.85695964	0.020907357
P49815	1620	H	W		AF-P49815-F1-model_v4.pdb	1620	0.79574573	0.025269357
P49815	1620	H	Y		AF-P49815-F1-model_v4.pdb	1620	0.88164234	0.017026016
P49815	1621	I	A		AF-P49815-F1-model_v4.pdb	1621	0.7316526	0.029651908
P49815	1621	I	C		AF-P49815-F1-model_v4.pdb	1621	0.7184499	0.027681835
P49815	1621	I	D		AF-P49815-F1-model_v4.pdb	1621	0.6491653	0.018984845
P49815	1621	I	E		AF-P49815-F1-model_v4.pdb	1621	0.59349483	0.041759208
P49815	1621	I	F		AF-P49815-F1-model_v4.pdb	1621	0.8576072	0.029388681
P49815	1621	I	G		AF-P49815-F1-model_v4.pdb	1621	0.6177345	0.018367868
P49815	1621	I	H		AF-P49815-F1-model_v4.pdb	1621	0.61550057	0.05865637
P49815	1621	I	K		AF-P49815-F1-model_v4.pdb	1621	0.5462387	0.042191766
P49815	1621	I	L		AF-P49815-F1-model_v4.pdb	1621	0.8926054	0.03226262
P49815	1621	I	M		AF-P49815-F1-model_v4.pdb	1621	0.7931385	0.03761115
P49815	1621	I	N		AF-P49815-F1-model_v4.pdb	1621	0.55416477	0.03482071
P49815	1621	I	P		AF-P49815-F1-model_v4.pdb	1621	0.65468943	0.024797762
P49815	1621	I	Q		AF-P49815-F1-model_v4.pdb	1621	0.67016923	0.038210724
P49815	1621	I	R		AF-P49815-F1-model_v4.pdb	1621	0.5633105	0.027882138
P49815	1621	I	S		AF-P49815-F1-model_v4.pdb	1621	0.6668457	0.023708332
P49815	1621	I	T		AF-P49815-F1-model_v4.pdb	1621	0.64587885	0.033841826
P49815	1621	I	V		AF-P49815-F1-model_v4.pdb	1621	0.9419592	0.027884364
P49815	1621	I	W		AF-P49815-F1-model_v4.pdb	1621	0.7462214	0.049922485
P49815	1621	I	Y		AF-P49815-F1-model_v4.pdb	1621	0.7831275	0.030607652
P49815	1622	A	C		AF-P49815-F1-model_v4.pdb	1622	0.9055399	0.026235126
P49815	1622	A	D		AF-P49815-F1-model_v4.pdb	1622	0.7943196	0.01818933
P49815	1622	A	E		AF-P49815-F1-model_v4.pdb	1622	0.7962612	0.04979598
P49815	1622	A	F		AF-P49815-F1-model_v4.pdb	1622	0.83293265	0.018085983
P49815	1622	A	G		AF-P49815-F1-model_v4.pdb	1622	0.89929044	0.041309465
P49815	1622	A	H		AF-P49815-F1-model_v4.pdb	1622	0.7932829	0.046834536
P49815	1622	A	I		AF-P49815-F1-model_v4.pdb	1622	0.8296844	0.032112505
P49815	1622	A	K		AF-P49815-F1-model_v4.pdb	1622	0.7796418	0.019965587
P49815	1622	A	L		AF-P49815-F1-model_v4.pdb	1622	0.824361	0.023457404
P49815	1622	A	M		AF-P49815-F1-model_v4.pdb	1622	0.86620176	0.03198621
P49815	1622	A	N		AF-P49815-F1-model_v4.pdb	1622	0.83517694	0.013754444
P49815	1622	A	P		AF-P49815-F1-model_v4.pdb	1622	0.8588026	0.038934328
P49815	1622	A	Q		AF-P49815-F1-model_v4.pdb	1622	0.81161785	0.04794989
P49815	1622	A	R		AF-P49815-F1-model_v4.pdb	1622	0.7858852	0.031395394
P49815	1622	A	S		AF-P49815-F1-model_v4.pdb	1622	0.8725004	0.040524732
P49815	1622	A	T		AF-P49815-F1-model_v4.pdb	1622	0.931328	0.004163324
P49815	1622	A	V		AF-P49815-F1-model_v4.pdb	1622	0.8543081	0.013499958
P49815	1622	A	W		AF-P49815-F1-model_v4.pdb	1622	0.7955102	0.019258387
P49815	1622	A	Y		AF-P49815-F1-model_v4.pdb	1622	0.8463682	0.022644354
P49815	1623	T	A		AF-P49815-F1-model_v4.pdb	1623	0.9497652	0.03969795
P49815	1623	T	C		AF-P49815-F1-model_v4.pdb	1623	0.8978041	0.023812378
P49815	1623	T	D		AF-P49815-F1-model_v4.pdb	1623	0.79462004	0.03319212
P49815	1623	T	E		AF-P49815-F1-model_v4.pdb	1623	0.79831845	0.03683161
P49815	1623	T	F		AF-P49815-F1-model_v4.pdb	1623	0.7869226	0.05164911
P49815	1623	T	G		AF-P49815-F1-model_v4.pdb	1623	0.8649727	0.021556566
P49815	1623	T	H		AF-P49815-F1-model_v4.pdb	1623	0.8389713	0.046362583
P49815	1623	T	I		AF-P49815-F1-model_v4.pdb	1623	0.80026597	0.024577402
P49815	1623	T	K		AF-P49815-F1-model_v4.pdb	1623	0.69455063	0.05500709
P49815	1623	T	L		AF-P49815-F1-model_v4.pdb	1623	0.7333993	0.04101713
P49815	1623	T	M		AF-P49815-F1-model_v4.pdb	1623	0.7709875	0.0484762
P49815	1623	T	N		AF-P49815-F1-model_v4.pdb	1623	0.8522476	0.030264579
P49815	1623	T	P		AF-P49815-F1-model_v4.pdb	1623	0.8829285	0.031890444
P49815	1623	T	Q		AF-P49815-F1-model_v4.pdb	1623	0.80619115	0.038613334
P49815	1623	T	R		AF-P49815-F1-model_v4.pdb	1623	0.7108919	0.05232578
P49815	1623	T	S		AF-P49815-F1-model_v4.pdb	1623	0.90212137	0.051995005
P49815	1623	T	V		AF-P49815-F1-model_v4.pdb	1623	0.76002896	0.028891211
P49815	1623	T	W		AF-P49815-F1-model_v4.pdb	1623	0.81795025	0.04660853
P49815	1623	T	Y		AF-P49815-F1-model_v4.pdb	1623	0.80760014	0.043619525
P49815	1624	L	A		AF-P49815-F1-model_v4.pdb	1624	0.9238311	0.023905667
P49815	1624	L	C		AF-P49815-F1-model_v4.pdb	1624	0.92757595	0.027489785
P49815	1624	L	D		AF-P49815-F1-model_v4.pdb	1624	0.756228	0.031204166
P49815	1624	L	E		AF-P49815-F1-model_v4.pdb	1624	0.78535235	0.032519296
P49815	1624	L	F		AF-P49815-F1-model_v4.pdb	1624	0.84197986	0.02772289
P49815	1624	L	G		AF-P49815-F1-model_v4.pdb	1624	0.91968536	0.009749244
P49815	1624	L	H		AF-P49815-F1-model_v4.pdb	1624	0.77054715	0.030755058
P49815	1624	L	I		AF-P49815-F1-model_v4.pdb	1624	0.87970465	0.00437759
P49815	1624	L	K		AF-P49815-F1-model_v4.pdb	1624	0.76774085	0.035745725
P49815	1624	L	M		AF-P49815-F1-model_v4.pdb	1624	0.9189927	0.033692755
P49815	1624	L	N		AF-P49815-F1-model_v4.pdb	1624	0.8025266	0.046582125
P49815	1624	L	P		AF-P49815-F1-model_v4.pdb	1624	0.6755192	0.034886226
P49815	1624	L	Q		AF-P49815-F1-model_v4.pdb	1624	0.8036661	0.02862274
P49815	1624	L	R		AF-P49815-F1-model_v4.pdb	1624	0.7839299	0.042935744
P49815	1624	L	S		AF-P49815-F1-model_v4.pdb	1624	0.8453724	0.012377592
P49815	1624	L	T		AF-P49815-F1-model_v4.pdb	1624	0.8303057	0.034637593
P49815	1624	L	V		AF-P49815-F1-model_v4.pdb	1624	0.904971	0.014892605
P49815	1624	L	W		AF-P49815-F1-model_v4.pdb	1624	0.86051196	0.040297594
P49815	1624	L	Y		AF-P49815-F1-model_v4.pdb	1624	0.789623	0.02878904
P49815	1625	M	A		AF-P49815-F1-model_v4.pdb	1625	0.905183	0.015221338
P49815	1625	M	C		AF-P49815-F1-model_v4.pdb	1625	0.8783988	0.017659206
P49815	1625	M	D		AF-P49815-F1-model_v4.pdb	1625	0.74624544	0.02733269
P49815	1625	M	E		AF-P49815-F1-model_v4.pdb	1625	0.71931636	0.038490485
P49815	1625	M	F		AF-P49815-F1-model_v4.pdb	1625	0.9264418	0.020205153
P49815	1625	M	G		AF-P49815-F1-model_v4.pdb	1625	0.81635684	0.017492458
P49815	1625	M	H		AF-P49815-F1-model_v4.pdb	1625	0.767952	0.030432314
P49815	1625	M	I		AF-P49815-F1-model_v4.pdb	1625	0.925025	0.012403999
P49815	1625	M	K		AF-P49815-F1-model_v4.pdb	1625	0.78770167	0.025677247
P49815	1625	M	L		AF-P49815-F1-model_v4.pdb	1625	0.9047079	0.014905348
P49815	1625	M	N		AF-P49815-F1-model_v4.pdb	1625	0.75935316	0.03151093
P49815	1625	M	P		AF-P49815-F1-model_v4.pdb	1625	0.81273067	0.0078766
P49815	1625	M	Q		AF-P49815-F1-model_v4.pdb	1625	0.74562234	0.03560124
P49815	1625	M	R		AF-P49815-F1-model_v4.pdb	1625	0.8003763	0.015807472
P49815	1625	M	S		AF-P49815-F1-model_v4.pdb	1625	0.8672725	0.011718513
P49815	1625	M	T		AF-P49815-F1-model_v4.pdb	1625	0.8571459	0.016999694
P49815	1625	M	V		AF-P49815-F1-model_v4.pdb	1625	0.8900396	0.01137755
P49815	1625	M	W		AF-P49815-F1-model_v4.pdb	1625	0.9330279	0.02155772
P49815	1625	M	Y		AF-P49815-F1-model_v4.pdb	1625	0.9221447	0.0261516
P49815	1626	P	A		AF-P49815-F1-model_v4.pdb	1626	0.94193536	0.025348239
P49815	1626	P	C		AF-P49815-F1-model_v4.pdb	1626	0.97159207	0.019250227
P49815	1626	P	D		AF-P49815-F1-model_v4.pdb	1626	0.9270819	0.024699679
P49815	1626	P	E		AF-P49815-F1-model_v4.pdb	1626	0.94740355	0.02492643
P49815	1626	P	F		AF-P49815-F1-model_v4.pdb	1626	0.8391789	0.01866722
P49815	1626	P	G		AF-P49815-F1-model_v4.pdb	1626	0.9126385	0.015299553
P49815	1626	P	H		AF-P49815-F1-model_v4.pdb	1626	1.0228827	0.028196426
P49815	1626	P	I		AF-P49815-F1-model_v4.pdb	1626	0.8553918	0.031595953
P49815	1626	P	K		AF-P49815-F1-model_v4.pdb	1626	0.87281924	0.029029775
P49815	1626	P	L		AF-P49815-F1-model_v4.pdb	1626	0.8651946	0.030645248
P49815	1626	P	M		AF-P49815-F1-model_v4.pdb	1626	0.9101059	0.016271908
P49815	1626	P	N		AF-P49815-F1-model_v4.pdb	1626	0.9668358	0.025613261
P49815	1626	P	Q		AF-P49815-F1-model_v4.pdb	1626	0.95917857	0.021681074
P49815	1626	P	R		AF-P49815-F1-model_v4.pdb	1626	0.8975514	0.018985732
P49815	1626	P	S		AF-P49815-F1-model_v4.pdb	1626	0.9333377	0.02566875
P49815	1626	P	T		AF-P49815-F1-model_v4.pdb	1626	0.93461454	0.014985601
P49815	1626	P	V		AF-P49815-F1-model_v4.pdb	1626	0.8999702	0.026251236
P49815	1626	P	Y		AF-P49815-F1-model_v4.pdb	1626	0.9772953	0.016610458
P49815	1627	T	A		AF-P49815-F1-model_v4.pdb	1627	0.89931905	0.02678103
P49815	1627	T	C		AF-P49815-F1-model_v4.pdb	1627	0.90302086	0.009623185
P49815	1627	T	D		AF-P49815-F1-model_v4.pdb	1627	0.8475113	0.020054836
P49815	1627	T	E		AF-P49815-F1-model_v4.pdb	1627	0.89957505	0.016954103
P49815	1627	T	F		AF-P49815-F1-model_v4.pdb	1627	0.85921204	0.03469307
P49815	1627	T	G		AF-P49815-F1-model_v4.pdb	1627	0.8320838	0.032311246
P49815	1627	T	H		AF-P49815-F1-model_v4.pdb	1627	0.88859797	0.039179962
P49815	1627	T	I		AF-P49815-F1-model_v4.pdb	1627	0.8148592	0.019252881
P49815	1627	T	K		AF-P49815-F1-model_v4.pdb	1627	0.81883746	0.03240531
P49815	1627	T	L		AF-P49815-F1-model_v4.pdb	1627	0.83943284	0.02800913
P49815	1627	T	M		AF-P49815-F1-model_v4.pdb	1627	0.9234947	0.039478
P49815	1627	T	N		AF-P49815-F1-model_v4.pdb	1627	0.89727527	0.031306777
P49815	1627	T	P		AF-P49815-F1-model_v4.pdb	1627	0.8646921	0.037624314
P49815	1627	T	Q		AF-P49815-F1-model_v4.pdb	1627	0.8659814	0.034656215
P49815	1627	T	R		AF-P49815-F1-model_v4.pdb	1627	0.8066057	0.019552786
P49815	1627	T	S		AF-P49815-F1-model_v4.pdb	1627	0.92325747	0.026783299
P49815	1627	T	V		AF-P49815-F1-model_v4.pdb	1627	0.83358896	0.016169796
P49815	1627	T	W		AF-P49815-F1-model_v4.pdb	1627	0.87335527	0.025768174
P49815	1627	T	Y		AF-P49815-F1-model_v4.pdb	1627	0.89092267	0.038436938
P49815	1628	K	A		AF-P49815-F1-model_v4.pdb	1628	0.9075683	0.02435074
P49815	1628	K	C		AF-P49815-F1-model_v4.pdb	1628	0.93968713	0.022866478
P49815	1628	K	D		AF-P49815-F1-model_v4.pdb	1628	0.9193746	0.024340965
P49815	1628	K	E		AF-P49815-F1-model_v4.pdb	1628	0.9169251	0.018181661
P49815	1628	K	F		AF-P49815-F1-model_v4.pdb	1628	0.88462335	0.015035836
P49815	1628	K	G		AF-P49815-F1-model_v4.pdb	1628	0.85344476	0.021292016
P49815	1628	K	H		AF-P49815-F1-model_v4.pdb	1628	0.96054506	0.018759744
P49815	1628	K	I		AF-P49815-F1-model_v4.pdb	1628	0.89806	0.02154099
P49815	1628	K	L		AF-P49815-F1-model_v4.pdb	1628	0.8754218	0.013887483
P49815	1628	K	M		AF-P49815-F1-model_v4.pdb	1628	0.8517133	0.035713963
P49815	1628	K	N		AF-P49815-F1-model_v4.pdb	1628	0.8668043	0.027883787
P49815	1628	K	P		AF-P49815-F1-model_v4.pdb	1628	0.95748746	0.016841667
P49815	1628	K	Q		AF-P49815-F1-model_v4.pdb	1628	0.93722594	0.013669298
P49815	1628	K	R		AF-P49815-F1-model_v4.pdb	1628	0.919243	0.038220257
P49815	1628	K	S		AF-P49815-F1-model_v4.pdb	1628	0.94310534	0.018560171
P49815	1628	K	T		AF-P49815-F1-model_v4.pdb	1628	0.9246892	0.013641286
P49815	1628	K	V		AF-P49815-F1-model_v4.pdb	1628	0.9220182	0.016109116
P49815	1628	K	W		AF-P49815-F1-model_v4.pdb	1628	0.9325334	0.01896422
P49815	1628	K	Y		AF-P49815-F1-model_v4.pdb	1628	0.9439346	0.026285877
P49815	1629	D	A		AF-P49815-F1-model_v4.pdb	1629	0.9198486	0.010360594
P49815	1629	D	C		AF-P49815-F1-model_v4.pdb	1629	0.88785046	0.015675515
P49815	1629	D	E		AF-P49815-F1-model_v4.pdb	1629	0.9739577	0.02252688
P49815	1629	D	F		AF-P49815-F1-model_v4.pdb	1629	0.8253604	0.018881263
P49815	1629	D	G		AF-P49815-F1-model_v4.pdb	1629	0.9554717	0.024667442
P49815	1629	D	H		AF-P49815-F1-model_v4.pdb	1629	0.93866634	0.01235465
P49815	1629	D	I		AF-P49815-F1-model_v4.pdb	1629	0.8292955	0.026462127
P49815	1629	D	K		AF-P49815-F1-model_v4.pdb	1629	0.83846647	0.023969544
P49815	1629	D	L		AF-P49815-F1-model_v4.pdb	1629	0.84008014	0.024495333
P49815	1629	D	M		AF-P49815-F1-model_v4.pdb	1629	0.8647259	0.009868047
P49815	1629	D	N		AF-P49815-F1-model_v4.pdb	1629	0.9363263	0.042539503
P49815	1629	D	P		AF-P49815-F1-model_v4.pdb	1629	0.9482957	0.0232936
P49815	1629	D	Q		AF-P49815-F1-model_v4.pdb	1629	0.85529387	0.019300502
P49815	1629	D	R		AF-P49815-F1-model_v4.pdb	1629	0.8850473	0.020717174
P49815	1629	D	S		AF-P49815-F1-model_v4.pdb	1629	0.9150319	0.026990635
P49815	1629	D	T		AF-P49815-F1-model_v4.pdb	1629	0.9313191	0.018436559
P49815	1629	D	V		AF-P49815-F1-model_v4.pdb	1629	0.8514118	0.019792922
P49815	1629	D	W		AF-P49815-F1-model_v4.pdb	1629	0.8623252	0.02460256
P49815	1629	D	Y		AF-P49815-F1-model_v4.pdb	1629	0.93165237	0.019318055
P49815	1630	V	A		AF-P49815-F1-model_v4.pdb	1630	0.97206813	0.035420228
P49815	1630	V	C		AF-P49815-F1-model_v4.pdb	1630	0.96048814	0.030509941
P49815	1630	V	D		AF-P49815-F1-model_v4.pdb	1630	0.90869	0.01605786
P49815	1630	V	E		AF-P49815-F1-model_v4.pdb	1630	0.92916375	0.017961344
P49815	1630	V	F		AF-P49815-F1-model_v4.pdb	1630	0.9708532	0.02623562
P49815	1630	V	G		AF-P49815-F1-model_v4.pdb	1630	0.9708031	0.032384317
P49815	1630	V	H		AF-P49815-F1-model_v4.pdb	1630	1.0272236	0.026863482
P49815	1630	V	I		AF-P49815-F1-model_v4.pdb	1630	0.95957506	0.02980332
P49815	1630	V	K		AF-P49815-F1-model_v4.pdb	1630	0.9273616	0.014503747
P49815	1630	V	L		AF-P49815-F1-model_v4.pdb	1630	0.9405489	0.032938763
P49815	1630	V	M		AF-P49815-F1-model_v4.pdb	1630	0.9619919	0.03272521
P49815	1630	V	N		AF-P49815-F1-model_v4.pdb	1630	0.9395689	0.023813974
P49815	1630	V	P		AF-P49815-F1-model_v4.pdb	1630	0.9805597	0.03568635
P49815	1630	V	Q		AF-P49815-F1-model_v4.pdb	1630	0.96135616	0.020473776
P49815	1630	V	R		AF-P49815-F1-model_v4.pdb	1630	0.90130854	0.0351099
P49815	1630	V	S		AF-P49815-F1-model_v4.pdb	1630	0.9171093	0.043346748
P49815	1630	V	T		AF-P49815-F1-model_v4.pdb	1630	0.9003069	0.038760222
P49815	1630	V	W		AF-P49815-F1-model_v4.pdb	1630	0.9943153	0.04305776
P49815	1630	V	Y		AF-P49815-F1-model_v4.pdb	1630	0.9842499	0.035283618
P49815	1631	D	A		AF-P49815-F1-model_v4.pdb	1631	0.8153783	0.015677787
P49815	1631	D	C		AF-P49815-F1-model_v4.pdb	1631	0.8765284	0.022392333
P49815	1631	D	E		AF-P49815-F1-model_v4.pdb	1631	0.96956366	0.030329427
P49815	1631	D	F		AF-P49815-F1-model_v4.pdb	1631	0.8598561	0.023230357
P49815	1631	D	G		AF-P49815-F1-model_v4.pdb	1631	0.8053459	0.028902693
P49815	1631	D	H		AF-P49815-F1-model_v4.pdb	1631	0.8832391	0.031873927
P49815	1631	D	I		AF-P49815-F1-model_v4.pdb	1631	0.88941705	0.02323457
P49815	1631	D	K		AF-P49815-F1-model_v4.pdb	1631	0.8750738	0.01986975
P49815	1631	D	L		AF-P49815-F1-model_v4.pdb	1631	0.8488323	0.03705497
P49815	1631	D	M		AF-P49815-F1-model_v4.pdb	1631	0.8501571	0.034065157
P49815	1631	D	N		AF-P49815-F1-model_v4.pdb	1631	0.87151605	0.029135201
P49815	1631	D	P		AF-P49815-F1-model_v4.pdb	1631	0.76809454	0.040148787
P49815	1631	D	Q		AF-P49815-F1-model_v4.pdb	1631	0.90577257	0.0126969
P49815	1631	D	R		AF-P49815-F1-model_v4.pdb	1631	0.8879162	0.020167606
P49815	1631	D	S		AF-P49815-F1-model_v4.pdb	1631	0.8592911	0.037544765
P49815	1631	D	T		AF-P49815-F1-model_v4.pdb	1631	0.91952896	0.024303852
P49815	1631	D	V		AF-P49815-F1-model_v4.pdb	1631	0.9044533	0.018171035
P49815	1631	D	W		AF-P49815-F1-model_v4.pdb	1631	0.842199	0.030569449
P49815	1631	D	Y		AF-P49815-F1-model_v4.pdb	1631	0.9217957	0.010651326
P49815	1632	K	A		AF-P49815-F1-model_v4.pdb	1632	0.91731465	0.010968661
P49815	1632	K	C		AF-P49815-F1-model_v4.pdb	1632	0.9982101	0.016166154
P49815	1632	K	D		AF-P49815-F1-model_v4.pdb	1632	0.85000783	0.04323664
P49815	1632	K	E		AF-P49815-F1-model_v4.pdb	1632	0.9091924	0.036676586
P49815	1632	K	F		AF-P49815-F1-model_v4.pdb	1632	0.81195366	0.036225606
P49815	1632	K	G		AF-P49815-F1-model_v4.pdb	1632	0.8506325	0.032618724
P49815	1632	K	H		AF-P49815-F1-model_v4.pdb	1632	0.913225	0.031292554
P49815	1632	K	I		AF-P49815-F1-model_v4.pdb	1632	0.8462559	0.027718276
P49815	1632	K	L		AF-P49815-F1-model_v4.pdb	1632	0.8040846	0.030720422
P49815	1632	K	M		AF-P49815-F1-model_v4.pdb	1632	0.8591348	0.024399322
P49815	1632	K	N		AF-P49815-F1-model_v4.pdb	1632	0.96240395	0.028764224
P49815	1632	K	P		AF-P49815-F1-model_v4.pdb	1632	1.0022725	0.021631671
P49815	1632	K	Q		AF-P49815-F1-model_v4.pdb	1632	0.8599874	0.05172735
P49815	1632	K	R		AF-P49815-F1-model_v4.pdb	1632	0.9592228	0.039735503
P49815	1632	K	S		AF-P49815-F1-model_v4.pdb	1632	1.0200624	0.009464038
P49815	1632	K	T		AF-P49815-F1-model_v4.pdb	1632	0.89846545	0.029616361
P49815	1632	K	V		AF-P49815-F1-model_v4.pdb	1632	0.94186354	0.016227894
P49815	1632	K	W		AF-P49815-F1-model_v4.pdb	1632	0.89841956	0.022349456
P49815	1632	K	Y		AF-P49815-F1-model_v4.pdb	1632	0.8921283	0.027067697
P49815	1633	H	A		AF-P49815-F1-model_v4.pdb	1633	0.92578095	0.023932375
P49815	1633	H	C		AF-P49815-F1-model_v4.pdb	1633	0.91290855	0.019487249
P49815	1633	H	D		AF-P49815-F1-model_v4.pdb	1633	0.8643297	0.05084556
P49815	1633	H	E		AF-P49815-F1-model_v4.pdb	1633	0.9603423	0.023940146
P49815	1633	H	F		AF-P49815-F1-model_v4.pdb	1633	0.8713641	0.01687653
P49815	1633	H	G		AF-P49815-F1-model_v4.pdb	1633	0.9267437	0.027055383
P49815	1633	H	I		AF-P49815-F1-model_v4.pdb	1633	0.79016227	0.020379
P49815	1633	H	K		AF-P49815-F1-model_v4.pdb	1633	0.9272307	0.032666124
P49815	1633	H	L		AF-P49815-F1-model_v4.pdb	1633	0.8536272	0.033972587
P49815	1633	H	M		AF-P49815-F1-model_v4.pdb	1633	0.915652	0.035502594
P49815	1633	H	N		AF-P49815-F1-model_v4.pdb	1633	0.98010576	0.031893797
P49815	1633	H	P		AF-P49815-F1-model_v4.pdb	1633	0.9600927	0.032755975
P49815	1633	H	Q		AF-P49815-F1-model_v4.pdb	1633	0.925595	0.038081158
P49815	1633	H	R		AF-P49815-F1-model_v4.pdb	1633	0.93937397	0.04485614
P49815	1633	H	S		AF-P49815-F1-model_v4.pdb	1633	0.97978574	0.034382094
P49815	1633	H	T		AF-P49815-F1-model_v4.pdb	1633	0.9733102	0.03820062
P49815	1633	H	V		AF-P49815-F1-model_v4.pdb	1633	0.8969344	0.01961688
P49815	1633	H	W		AF-P49815-F1-model_v4.pdb	1633	0.9356654	0.009346893
P49815	1633	H	Y		AF-P49815-F1-model_v4.pdb	1633	0.9678354	0.019293204
P49815	1634	R	A		AF-P49815-F1-model_v4.pdb	1634	0.89789355	0.009188121
P49815	1634	R	C		AF-P49815-F1-model_v4.pdb	1634	0.9228121	0.012449878
P49815	1634	R	D		AF-P49815-F1-model_v4.pdb	1634	0.878852	0.024994174
P49815	1634	R	E		AF-P49815-F1-model_v4.pdb	1634	0.9118455	0.025814777
P49815	1634	R	F		AF-P49815-F1-model_v4.pdb	1634	0.7705757	0.0059584626
P49815	1634	R	G		AF-P49815-F1-model_v4.pdb	1634	0.8904319	0.018765805
P49815	1634	R	H		AF-P49815-F1-model_v4.pdb	1634	0.85282004	0.037359796
P49815	1634	R	I		AF-P49815-F1-model_v4.pdb	1634	0.7893576	0.026005108
P49815	1634	R	K		AF-P49815-F1-model_v4.pdb	1634	0.86195534	0.013870007
P49815	1634	R	L		AF-P49815-F1-model_v4.pdb	1634	0.8068876	0.02270179
P49815	1634	R	M		AF-P49815-F1-model_v4.pdb	1634	0.8056737	0.025724502
P49815	1634	R	N		AF-P49815-F1-model_v4.pdb	1634	0.8907623	0.026315788
P49815	1634	R	P		AF-P49815-F1-model_v4.pdb	1634	0.9229808	0.003510433
P49815	1634	R	Q		AF-P49815-F1-model_v4.pdb	1634	0.8354491	0.033327397
P49815	1634	R	S		AF-P49815-F1-model_v4.pdb	1634	0.9088373	0.015442721
P49815	1634	R	T		AF-P49815-F1-model_v4.pdb	1634	0.8828251	0.021491017
P49815	1634	R	V		AF-P49815-F1-model_v4.pdb	1634	0.8483076	0.020717576
P49815	1634	R	W		AF-P49815-F1-model_v4.pdb	1634	0.82999	0.027862059
P49815	1634	R	Y		AF-P49815-F1-model_v4.pdb	1634	0.8545011	0.022282254
P49815	1635	C	A		AF-P49815-F1-model_v4.pdb	1635	0.97565585	0.03591773
P49815	1635	C	D		AF-P49815-F1-model_v4.pdb	1635	0.96605587	0.014048936
P49815	1635	C	E		AF-P49815-F1-model_v4.pdb	1635	1.009842	0.03862737
P49815	1635	C	F		AF-P49815-F1-model_v4.pdb	1635	0.95944774	0.020447744
P49815	1635	C	G		AF-P49815-F1-model_v4.pdb	1635	0.9788063	0.041954435
P49815	1635	C	H		AF-P49815-F1-model_v4.pdb	1635	1.0151141	0.032508723
P49815	1635	C	I		AF-P49815-F1-model_v4.pdb	1635	0.94470847	0.035072275
P49815	1635	C	K		AF-P49815-F1-model_v4.pdb	1635	0.9064194	0.0402641
P49815	1635	C	L		AF-P49815-F1-model_v4.pdb	1635	0.92409706	0.028772714
P49815	1635	C	M		AF-P49815-F1-model_v4.pdb	1635	1.0230335	0.012448242
P49815	1635	C	N		AF-P49815-F1-model_v4.pdb	1635	0.9933239	0.032333244
P49815	1635	C	P		AF-P49815-F1-model_v4.pdb	1635	0.96436006	0.009570363
P49815	1635	C	Q		AF-P49815-F1-model_v4.pdb	1635	1.0075102	0.044768523
P49815	1635	C	R		AF-P49815-F1-model_v4.pdb	1635	0.91588575	0.0356874
P49815	1635	C	S		AF-P49815-F1-model_v4.pdb	1635	0.9935374	0.029562574
P49815	1635	C	T		AF-P49815-F1-model_v4.pdb	1635	0.93736947	0.022020943
P49815	1635	C	V		AF-P49815-F1-model_v4.pdb	1635	0.94738597	0.024821632
P49815	1635	C	W		AF-P49815-F1-model_v4.pdb	1635	0.9141577	0.019783482
P49815	1635	C	Y		AF-P49815-F1-model_v4.pdb	1635	0.94407207	0.01130765
P49815	1636	D	A		AF-P49815-F1-model_v4.pdb	1636	0.80668163	0.03401042
P49815	1636	D	C		AF-P49815-F1-model_v4.pdb	1636	0.7543174	0.023682151
P49815	1636	D	E		AF-P49815-F1-model_v4.pdb	1636	0.82282174	0.03378613
P49815	1636	D	F		AF-P49815-F1-model_v4.pdb	1636	0.7241292	0.01527476
P49815	1636	D	G		AF-P49815-F1-model_v4.pdb	1636	0.8553138	0.038566507
P49815	1636	D	H		AF-P49815-F1-model_v4.pdb	1636	0.8385873	0.022647286
P49815	1636	D	I		AF-P49815-F1-model_v4.pdb	1636	0.68319905	0.01687044
P49815	1636	D	K		AF-P49815-F1-model_v4.pdb	1636	0.81779414	0.031903367
P49815	1636	D	L		AF-P49815-F1-model_v4.pdb	1636	0.6830135	0.018766342
P49815	1636	D	M		AF-P49815-F1-model_v4.pdb	1636	0.6922962	0.038183082
P49815	1636	D	N		AF-P49815-F1-model_v4.pdb	1636	0.75003207	0.040160056
P49815	1636	D	P		AF-P49815-F1-model_v4.pdb	1636	0.7570411	0.023872213
P49815	1636	D	Q		AF-P49815-F1-model_v4.pdb	1636	0.79309326	0.03531189
P49815	1636	D	R		AF-P49815-F1-model_v4.pdb	1636	0.7454543	0.044386074
P49815	1636	D	S		AF-P49815-F1-model_v4.pdb	1636	0.8022691	0.03452271
P49815	1636	D	T		AF-P49815-F1-model_v4.pdb	1636	0.7908751	0.039912507
P49815	1636	D	V		AF-P49815-F1-model_v4.pdb	1636	0.6958567	0.022399569
P49815	1636	D	W		AF-P49815-F1-model_v4.pdb	1636	0.7068414	0.030962044
P49815	1636	D	Y		AF-P49815-F1-model_v4.pdb	1636	0.8234415	0.019718338
P49815	1637	K	A		AF-P49815-F1-model_v4.pdb	1637	0.8565667	0.01828606
P49815	1637	K	C		AF-P49815-F1-model_v4.pdb	1637	0.87649953	0.012162672
P49815	1637	K	D		AF-P49815-F1-model_v4.pdb	1637	0.8773149	0.02417238
P49815	1637	K	E		AF-P49815-F1-model_v4.pdb	1637	0.8612019	0.010245137
P49815	1637	K	F		AF-P49815-F1-model_v4.pdb	1637	0.6901685	0.031650525
P49815	1637	K	G		AF-P49815-F1-model_v4.pdb	1637	0.8541315	0.0143248
P49815	1637	K	H		AF-P49815-F1-model_v4.pdb	1637	0.9052334	0.030968826
P49815	1637	K	I		AF-P49815-F1-model_v4.pdb	1637	0.81498605	0.03102875
P49815	1637	K	L		AF-P49815-F1-model_v4.pdb	1637	0.764253	0.039367583
P49815	1637	K	M		AF-P49815-F1-model_v4.pdb	1637	0.7785018	0.016238403
P49815	1637	K	N		AF-P49815-F1-model_v4.pdb	1637	0.8933507	0.024551881
P49815	1637	K	P		AF-P49815-F1-model_v4.pdb	1637	0.88606703	0.012896195
P49815	1637	K	Q		AF-P49815-F1-model_v4.pdb	1637	0.8772918	0.026568614
P49815	1637	K	R		AF-P49815-F1-model_v4.pdb	1637	0.7995525	0.03545097
P49815	1637	K	S		AF-P49815-F1-model_v4.pdb	1637	0.85676605	0.013922617
P49815	1637	K	T		AF-P49815-F1-model_v4.pdb	1637	0.91984165	0.026092552
P49815	1637	K	V		AF-P49815-F1-model_v4.pdb	1637	0.8565809	0.033303086
P49815	1637	K	W		AF-P49815-F1-model_v4.pdb	1637	0.76075035	0.015954
P49815	1637	K	Y		AF-P49815-F1-model_v4.pdb	1637	0.75039256	0.017454445
P49815	1638	K	A		AF-P49815-F1-model_v4.pdb	1638	0.9265541	0.02004981
P49815	1638	K	C		AF-P49815-F1-model_v4.pdb	1638	0.86221945	0.008037775
P49815	1638	K	D		AF-P49815-F1-model_v4.pdb	1638	0.8990059	0.01586041
P49815	1638	K	E		AF-P49815-F1-model_v4.pdb	1638	0.7911139	0.017789537
P49815	1638	K	F		AF-P49815-F1-model_v4.pdb	1638	0.75346273	0.01774079
P49815	1638	K	G		AF-P49815-F1-model_v4.pdb	1638	0.9453017	0.019902488
P49815	1638	K	H		AF-P49815-F1-model_v4.pdb	1638	0.85746974	0.030008039
P49815	1638	K	I		AF-P49815-F1-model_v4.pdb	1638	0.78836864	0.023260519
P49815	1638	K	L		AF-P49815-F1-model_v4.pdb	1638	0.80147564	0.02537782
P49815	1638	K	M		AF-P49815-F1-model_v4.pdb	1638	0.8308058	0.024491128
P49815	1638	K	N		AF-P49815-F1-model_v4.pdb	1638	0.82066506	0.012821777
P49815	1638	K	P		AF-P49815-F1-model_v4.pdb	1638	0.8261741	0.013322182
P49815	1638	K	Q		AF-P49815-F1-model_v4.pdb	1638	0.82494754	0.033916544
P49815	1638	K	R		AF-P49815-F1-model_v4.pdb	1638	0.8007601	0.0307261
P49815	1638	K	S		AF-P49815-F1-model_v4.pdb	1638	0.9412651	0.018091416
P49815	1638	K	T		AF-P49815-F1-model_v4.pdb	1638	0.9285221	0.016679822
P49815	1638	K	V		AF-P49815-F1-model_v4.pdb	1638	0.8438693	0.013327697
P49815	1638	K	W		AF-P49815-F1-model_v4.pdb	1638	0.8214365	0.022365881
P49815	1638	K	Y		AF-P49815-F1-model_v4.pdb	1638	0.77146804	0.010058525
P49815	1639	R	A		AF-P49815-F1-model_v4.pdb	1639	0.9876402	0.012471287
P49815	1639	R	C		AF-P49815-F1-model_v4.pdb	1639	0.9902586	0.018970717
P49815	1639	R	D		AF-P49815-F1-model_v4.pdb	1639	0.9446252	0.023862274
P49815	1639	R	E		AF-P49815-F1-model_v4.pdb	1639	1.0006665	0.027672159
P49815	1639	R	F		AF-P49815-F1-model_v4.pdb	1639	0.85450774	0.019580107
P49815	1639	R	G		AF-P49815-F1-model_v4.pdb	1639	0.97898185	0.033169236
P49815	1639	R	H		AF-P49815-F1-model_v4.pdb	1639	0.9739779	0.031814236
P49815	1639	R	I		AF-P49815-F1-model_v4.pdb	1639	0.84164256	0.03172673
P49815	1639	R	K		AF-P49815-F1-model_v4.pdb	1639	0.9553463	0.043767273
P49815	1639	R	L		AF-P49815-F1-model_v4.pdb	1639	0.8541274	0.015984114
P49815	1639	R	M		AF-P49815-F1-model_v4.pdb	1639	0.8982784	0.02105586
P49815	1639	R	N		AF-P49815-F1-model_v4.pdb	1639	1.0200356	0.02945411
P49815	1639	R	P		AF-P49815-F1-model_v4.pdb	1639	0.9251404	0.015277299
P49815	1639	R	Q		AF-P49815-F1-model_v4.pdb	1639	0.9834318	0.035917826
P49815	1639	R	T		AF-P49815-F1-model_v4.pdb	1639	1.0176436	0.01586347
P49815	1639	R	V		AF-P49815-F1-model_v4.pdb	1639	0.9042576	0.028424703
P49815	1639	R	W		AF-P49815-F1-model_v4.pdb	1639	0.90081596	0.019404905
P49815	1639	R	Y		AF-P49815-F1-model_v4.pdb	1639	0.93655586	0.0171328
P49815	1640	H	A		AF-P49815-F1-model_v4.pdb	1640	0.9258925	0.018340683
P49815	1640	H	C		AF-P49815-F1-model_v4.pdb	1640	0.885296	0.012411195
P49815	1640	H	D		AF-P49815-F1-model_v4.pdb	1640	0.88671124	0.04822945
P49815	1640	H	E		AF-P49815-F1-model_v4.pdb	1640	0.8546897	0.04556365
P49815	1640	H	F		AF-P49815-F1-model_v4.pdb	1640	0.8567007	0.014397853
P49815	1640	H	G		AF-P49815-F1-model_v4.pdb	1640	0.9104099	0.018524567
P49815	1640	H	I		AF-P49815-F1-model_v4.pdb	1640	0.7835128	0.022021225
P49815	1640	H	K		AF-P49815-F1-model_v4.pdb	1640	0.78935975	0.030690018
P49815	1640	H	L		AF-P49815-F1-model_v4.pdb	1640	0.8252269	0.024258597
P49815	1640	H	M		AF-P49815-F1-model_v4.pdb	1640	0.872522	0.017808879
P49815	1640	H	N		AF-P49815-F1-model_v4.pdb	1640	0.85393846	0.048352458
P49815	1640	H	P		AF-P49815-F1-model_v4.pdb	1640	0.77878904	0.04189112
P49815	1640	H	Q		AF-P49815-F1-model_v4.pdb	1640	0.899786	0.02328787
P49815	1640	H	R		AF-P49815-F1-model_v4.pdb	1640	0.7682332	0.022540843
P49815	1640	H	S		AF-P49815-F1-model_v4.pdb	1640	0.87950003	0.032525968
P49815	1640	H	T		AF-P49815-F1-model_v4.pdb	1640	0.91838014	0.017833753
P49815	1640	H	V		AF-P49815-F1-model_v4.pdb	1640	0.79041415	0.02561757
P49815	1640	H	W		AF-P49815-F1-model_v4.pdb	1640	0.80788535	0.035511144
P49815	1640	H	Y		AF-P49815-F1-model_v4.pdb	1640	0.83302575	0.038877916
P49815	1641	L	A		AF-P49815-F1-model_v4.pdb	1641	0.9042261	0.026305959
P49815	1641	L	C		AF-P49815-F1-model_v4.pdb	1641	0.9284156	0.031744786
P49815	1641	L	D		AF-P49815-F1-model_v4.pdb	1641	0.8388092	0.030225808
P49815	1641	L	E		AF-P49815-F1-model_v4.pdb	1641	0.8501028	0.03923839
P49815	1641	L	F		AF-P49815-F1-model_v4.pdb	1641	0.8187373	0.02616511
P49815	1641	L	G		AF-P49815-F1-model_v4.pdb	1641	0.8482286	0.030992463
P49815	1641	L	H		AF-P49815-F1-model_v4.pdb	1641	0.84976685	0.031149764
P49815	1641	L	I		AF-P49815-F1-model_v4.pdb	1641	0.90838987	0.031042285
P49815	1641	L	K		AF-P49815-F1-model_v4.pdb	1641	0.7264405	0.025985194
P49815	1641	L	M		AF-P49815-F1-model_v4.pdb	1641	0.86984646	0.016293848
P49815	1641	L	N		AF-P49815-F1-model_v4.pdb	1641	0.81888926	0.045251463
P49815	1641	L	P		AF-P49815-F1-model_v4.pdb	1641	0.78036374	0.031311978
P49815	1641	L	Q		AF-P49815-F1-model_v4.pdb	1641	0.8169066	0.031740334
P49815	1641	L	R		AF-P49815-F1-model_v4.pdb	1641	0.6858734	0.026527978
P49815	1641	L	S		AF-P49815-F1-model_v4.pdb	1641	0.8722687	0.027059158
P49815	1641	L	T		AF-P49815-F1-model_v4.pdb	1641	0.8987969	0.0140511375
P49815	1641	L	V		AF-P49815-F1-model_v4.pdb	1641	0.92209023	0.015970578
P49815	1641	L	W		AF-P49815-F1-model_v4.pdb	1641	0.7914085	0.04291881
P49815	1641	L	Y		AF-P49815-F1-model_v4.pdb	1641	0.812113	0.02464728
P49815	1642	G	A		AF-P49815-F1-model_v4.pdb	1642	0.7878144	0.0360004
P49815	1642	G	C		AF-P49815-F1-model_v4.pdb	1642	0.8394517	0.03020984
P49815	1642	G	D		AF-P49815-F1-model_v4.pdb	1642	0.8541176	0.032417253
P49815	1642	G	E		AF-P49815-F1-model_v4.pdb	1642	0.8032562	0.030069336
P49815	1642	G	F		AF-P49815-F1-model_v4.pdb	1642	0.7284943	0.02872892
P49815	1642	G	H		AF-P49815-F1-model_v4.pdb	1642	0.8059123	0.020596813
P49815	1642	G	I		AF-P49815-F1-model_v4.pdb	1642	0.70628196	0.026836963
P49815	1642	G	K		AF-P49815-F1-model_v4.pdb	1642	0.7501029	0.02623708
P49815	1642	G	L		AF-P49815-F1-model_v4.pdb	1642	0.7253594	0.02724976
P49815	1642	G	M		AF-P49815-F1-model_v4.pdb	1642	0.756426	0.03109342
P49815	1642	G	N		AF-P49815-F1-model_v4.pdb	1642	0.87465656	0.032208506
P49815	1642	G	P		AF-P49815-F1-model_v4.pdb	1642	0.72701347	0.024586497
P49815	1642	G	Q		AF-P49815-F1-model_v4.pdb	1642	0.8324946	0.0255367
P49815	1642	G	R		AF-P49815-F1-model_v4.pdb	1642	0.802252	0.027031416
P49815	1642	G	S		AF-P49815-F1-model_v4.pdb	1642	0.824066	0.038434632
P49815	1642	G	T		AF-P49815-F1-model_v4.pdb	1642	0.8851204	0.03861831
P49815	1642	G	V		AF-P49815-F1-model_v4.pdb	1642	0.7791503	0.024807353
P49815	1642	G	W		AF-P49815-F1-model_v4.pdb	1642	0.7329831	0.012362024
P49815	1642	G	Y		AF-P49815-F1-model_v4.pdb	1642	0.745644	0.01851838
P49815	1643	N	C		AF-P49815-F1-model_v4.pdb	1643	0.80287665	0.033733014
P49815	1643	N	D		AF-P49815-F1-model_v4.pdb	1643	0.79371446	0.04534466
P49815	1643	N	E		AF-P49815-F1-model_v4.pdb	1643	0.81184995	0.02211587
P49815	1643	N	F		AF-P49815-F1-model_v4.pdb	1643	0.7587292	0.03669986
P49815	1643	N	G		AF-P49815-F1-model_v4.pdb	1643	0.87672603	0.041680064
P49815	1643	N	H		AF-P49815-F1-model_v4.pdb	1643	0.83455706	0.04217065
P49815	1643	N	I		AF-P49815-F1-model_v4.pdb	1643	0.63409865	0.023313217
P49815	1643	N	K		AF-P49815-F1-model_v4.pdb	1643	0.7677494	0.035832476
P49815	1643	N	L		AF-P49815-F1-model_v4.pdb	1643	0.73465157	0.017646633
P49815	1643	N	M		AF-P49815-F1-model_v4.pdb	1643	0.74881744	0.035681494
P49815	1643	N	P		AF-P49815-F1-model_v4.pdb	1643	0.73168045	0.01348678
P49815	1643	N	Q		AF-P49815-F1-model_v4.pdb	1643	0.8105399	0.036728416
P49815	1643	N	R		AF-P49815-F1-model_v4.pdb	1643	0.7996727	0.028047362
P49815	1643	N	S		AF-P49815-F1-model_v4.pdb	1643	0.87894094	0.05572259
P49815	1643	N	T		AF-P49815-F1-model_v4.pdb	1643	0.8017473	0.05282989
P49815	1643	N	V		AF-P49815-F1-model_v4.pdb	1643	0.68266076	0.010876246
P49815	1643	N	W		AF-P49815-F1-model_v4.pdb	1643	0.8126381	0.022849726
P49815	1643	N	Y		AF-P49815-F1-model_v4.pdb	1643	0.8860496	0.01777696
P49815	1644	D	A		AF-P49815-F1-model_v4.pdb	1644	0.87219095	0.013845466
P49815	1644	D	C		AF-P49815-F1-model_v4.pdb	1644	0.93933666	0.02315461
P49815	1644	D	E		AF-P49815-F1-model_v4.pdb	1644	0.90037394	0.04496669
P49815	1644	D	F		AF-P49815-F1-model_v4.pdb	1644	0.7813946	0.026405444
P49815	1644	D	G		AF-P49815-F1-model_v4.pdb	1644	0.78205585	0.029118164
P49815	1644	D	H		AF-P49815-F1-model_v4.pdb	1644	0.8148376	0.04063683
P49815	1644	D	I		AF-P49815-F1-model_v4.pdb	1644	0.7309893	0.016523741
P49815	1644	D	K		AF-P49815-F1-model_v4.pdb	1644	0.8296849	0.03751741
P49815	1644	D	L		AF-P49815-F1-model_v4.pdb	1644	0.765497	0.016777249
P49815	1644	D	M		AF-P49815-F1-model_v4.pdb	1644	0.77229214	0.026585324
P49815	1644	D	N		AF-P49815-F1-model_v4.pdb	1644	0.8782221	0.021454453
P49815	1644	D	P		AF-P49815-F1-model_v4.pdb	1644	0.77150404	0.031662438
P49815	1644	D	Q		AF-P49815-F1-model_v4.pdb	1644	0.826612	0.04062854
P49815	1644	D	R		AF-P49815-F1-model_v4.pdb	1644	0.8538601	0.04341875
P49815	1644	D	S		AF-P49815-F1-model_v4.pdb	1644	0.88385785	0.0222129
P49815	1644	D	T		AF-P49815-F1-model_v4.pdb	1644	0.878646	0.023344113
P49815	1644	D	V		AF-P49815-F1-model_v4.pdb	1644	0.8401682	0.016985936
P49815	1644	D	W		AF-P49815-F1-model_v4.pdb	1644	0.77084905	0.029535705
P49815	1644	D	Y		AF-P49815-F1-model_v4.pdb	1644	0.8280999	0.046116963
P49815	1645	F	A		AF-P49815-F1-model_v4.pdb	1645	0.9265238	0.030718798
P49815	1645	F	C		AF-P49815-F1-model_v4.pdb	1645	0.9658597	0.029274285
P49815	1645	F	D		AF-P49815-F1-model_v4.pdb	1645	0.8494326	0.01935618
P49815	1645	F	E		AF-P49815-F1-model_v4.pdb	1645	0.79037696	0.0333623
P49815	1645	F	G		AF-P49815-F1-model_v4.pdb	1645	0.89873254	0.020924073
P49815	1645	F	H		AF-P49815-F1-model_v4.pdb	1645	0.7819435	0.018278424
P49815	1645	F	I		AF-P49815-F1-model_v4.pdb	1645	0.85640323	0.0122592375
P49815	1645	F	K		AF-P49815-F1-model_v4.pdb	1645	0.7201654	0.01808046
P49815	1645	F	L		AF-P49815-F1-model_v4.pdb	1645	0.86756706	0.008061104
P49815	1645	F	M		AF-P49815-F1-model_v4.pdb	1645	0.9082305	0.028070778
P49815	1645	F	N		AF-P49815-F1-model_v4.pdb	1645	0.8435022	0.03215708
P49815	1645	F	P		AF-P49815-F1-model_v4.pdb	1645	0.95753986	0.030378208
P49815	1645	F	Q		AF-P49815-F1-model_v4.pdb	1645	0.84032786	0.027418131
P49815	1645	F	R		AF-P49815-F1-model_v4.pdb	1645	0.7623197	0.016928548
P49815	1645	F	S		AF-P49815-F1-model_v4.pdb	1645	0.9317214	0.031504452
P49815	1645	F	T		AF-P49815-F1-model_v4.pdb	1645	0.8957537	0.032582596
P49815	1645	F	V		AF-P49815-F1-model_v4.pdb	1645	0.92728776	0.019538527
P49815	1645	F	W		AF-P49815-F1-model_v4.pdb	1645	0.88638383	0.019402053
P49815	1645	F	Y		AF-P49815-F1-model_v4.pdb	1645	0.88655424	0.019070119
P49815	1646	V	A		AF-P49815-F1-model_v4.pdb	1646	0.86147106	0.02446947
P49815	1646	V	C		AF-P49815-F1-model_v4.pdb	1646	0.9771978	0.04542318
P49815	1646	V	D		AF-P49815-F1-model_v4.pdb	1646	0.73591596	0.02933585
P49815	1646	V	E		AF-P49815-F1-model_v4.pdb	1646	0.7574145	0.023693245
P49815	1646	V	F		AF-P49815-F1-model_v4.pdb	1646	0.9539458	0.02882939
P49815	1646	V	G		AF-P49815-F1-model_v4.pdb	1646	0.72239316	0.026989121
P49815	1646	V	H		AF-P49815-F1-model_v4.pdb	1646	0.7944444	0.020164385
P49815	1646	V	I		AF-P49815-F1-model_v4.pdb	1646	0.98322487	0.007951067
P49815	1646	V	K		AF-P49815-F1-model_v4.pdb	1646	0.7613064	0.031759158
P49815	1646	V	L		AF-P49815-F1-model_v4.pdb	1646	0.9215723	0.028623229
P49815	1646	V	M		AF-P49815-F1-model_v4.pdb	1646	0.88786924	0.034892082
P49815	1646	V	N		AF-P49815-F1-model_v4.pdb	1646	0.79162085	0.02765307
P49815	1646	V	P		AF-P49815-F1-model_v4.pdb	1646	0.7395201	0.035720754
P49815	1646	V	Q		AF-P49815-F1-model_v4.pdb	1646	0.8090501	0.027877033
P49815	1646	V	R		AF-P49815-F1-model_v4.pdb	1646	0.74080527	0.028574074
P49815	1646	V	S		AF-P49815-F1-model_v4.pdb	1646	0.83117753	0.039883684
P49815	1646	V	T		AF-P49815-F1-model_v4.pdb	1646	0.8532196	0.036535576
P49815	1646	V	W		AF-P49815-F1-model_v4.pdb	1646	0.8267447	0.023618096
P49815	1646	V	Y		AF-P49815-F1-model_v4.pdb	1646	0.82269794	0.042820677
P49815	1647	S	A		AF-P49815-F1-model_v4.pdb	1647	0.89287406	0.030814901
P49815	1647	S	C		AF-P49815-F1-model_v4.pdb	1647	0.9220414	0.03847523
P49815	1647	S	D		AF-P49815-F1-model_v4.pdb	1647	0.856603	0.021060312
P49815	1647	S	E		AF-P49815-F1-model_v4.pdb	1647	0.90662366	0.02001632
P49815	1647	S	F		AF-P49815-F1-model_v4.pdb	1647	0.8096677	0.03719877
P49815	1647	S	G		AF-P49815-F1-model_v4.pdb	1647	0.84210634	0.03319682
P49815	1647	S	H		AF-P49815-F1-model_v4.pdb	1647	0.8449766	0.041846566
P49815	1647	S	I		AF-P49815-F1-model_v4.pdb	1647	0.7703961	0.032740183
P49815	1647	S	K		AF-P49815-F1-model_v4.pdb	1647	0.78953284	0.024919374
P49815	1647	S	L		AF-P49815-F1-model_v4.pdb	1647	0.7720059	0.029803185
P49815	1647	S	M		AF-P49815-F1-model_v4.pdb	1647	0.87177306	0.031794474
P49815	1647	S	N		AF-P49815-F1-model_v4.pdb	1647	0.8655507	0.017999828
P49815	1647	S	P		AF-P49815-F1-model_v4.pdb	1647	0.8879938	0.032777954
P49815	1647	S	Q		AF-P49815-F1-model_v4.pdb	1647	0.87001693	0.018883375
P49815	1647	S	R		AF-P49815-F1-model_v4.pdb	1647	0.7707449	0.024917627
P49815	1647	S	T		AF-P49815-F1-model_v4.pdb	1647	0.8878478	0.015430664
P49815	1647	S	V		AF-P49815-F1-model_v4.pdb	1647	0.76095057	0.03312977
P49815	1647	S	W		AF-P49815-F1-model_v4.pdb	1647	0.8324672	0.041370664
P49815	1647	S	Y		AF-P49815-F1-model_v4.pdb	1647	0.8965267	0.038422547
P49815	1648	I	A		AF-P49815-F1-model_v4.pdb	1648	0.5635696	0.0481809
P49815	1648	I	C		AF-P49815-F1-model_v4.pdb	1648	0.6058804	0.032429494
P49815	1648	I	D		AF-P49815-F1-model_v4.pdb	1648	0.4084607	0.06016179
P49815	1648	I	E		AF-P49815-F1-model_v4.pdb	1648	0.51839536	0.024665758
P49815	1648	I	F		AF-P49815-F1-model_v4.pdb	1648	0.70827645	0.05698366
P49815	1648	I	G		AF-P49815-F1-model_v4.pdb	1648	0.5011927	0.045660373
P49815	1648	I	H		AF-P49815-F1-model_v4.pdb	1648	0.5149344	0.04628404
P49815	1648	I	K		AF-P49815-F1-model_v4.pdb	1648	0.42500672	0.045642253
P49815	1648	I	L		AF-P49815-F1-model_v4.pdb	1648	0.83274806	0.025461067
P49815	1648	I	M		AF-P49815-F1-model_v4.pdb	1648	0.70203936	0.038766354
P49815	1648	I	N		AF-P49815-F1-model_v4.pdb	1648	0.43611485	0.04538825
P49815	1648	I	P		AF-P49815-F1-model_v4.pdb	1648	0.3857514	0.04710406
P49815	1648	I	Q		AF-P49815-F1-model_v4.pdb	1648	0.52806574	0.031309895
P49815	1648	I	R		AF-P49815-F1-model_v4.pdb	1648	0.44940764	0.039083607
P49815	1648	I	S		AF-P49815-F1-model_v4.pdb	1648	0.44527292	0.053878546
P49815	1648	I	T		AF-P49815-F1-model_v4.pdb	1648	0.549417	0.031946626
P49815	1648	I	V		AF-P49815-F1-model_v4.pdb	1648	0.8840642	0.02666963
P49815	1648	I	W		AF-P49815-F1-model_v4.pdb	1648	0.68298787	0.049050268
P49815	1648	I	Y		AF-P49815-F1-model_v4.pdb	1648	0.62286514	0.055355456
P49815	1649	V	A		AF-P49815-F1-model_v4.pdb	1649	0.7562164	0.011626119
P49815	1649	V	C		AF-P49815-F1-model_v4.pdb	1649	0.788591	0.04564638
P49815	1649	V	D		AF-P49815-F1-model_v4.pdb	1649	0.6054119	0.030617138
P49815	1649	V	E		AF-P49815-F1-model_v4.pdb	1649	0.5721583	0.059966356
P49815	1649	V	F		AF-P49815-F1-model_v4.pdb	1649	0.8259629	0.045731477
P49815	1649	V	G		AF-P49815-F1-model_v4.pdb	1649	0.57715213	0.037864577
P49815	1649	V	H		AF-P49815-F1-model_v4.pdb	1649	0.74976987	0.032872237
P49815	1649	V	I		AF-P49815-F1-model_v4.pdb	1649	0.9647423	0.020057512
P49815	1649	V	K		AF-P49815-F1-model_v4.pdb	1649	0.5396181	0.05071236
P49815	1649	V	L		AF-P49815-F1-model_v4.pdb	1649	0.85112	0.023839243
P49815	1649	V	M		AF-P49815-F1-model_v4.pdb	1649	0.7600502	0.03325492
P49815	1649	V	N		AF-P49815-F1-model_v4.pdb	1649	0.67422545	0.036820967
P49815	1649	V	P		AF-P49815-F1-model_v4.pdb	1649	0.6131817	0.025000047
P49815	1649	V	Q		AF-P49815-F1-model_v4.pdb	1649	0.7146858	0.024036024
P49815	1649	V	R		AF-P49815-F1-model_v4.pdb	1649	0.5481833	0.05434495
P49815	1649	V	S		AF-P49815-F1-model_v4.pdb	1649	0.63240886	0.037157543
P49815	1649	V	T		AF-P49815-F1-model_v4.pdb	1649	0.7432911	0.013037449
P49815	1649	V	W		AF-P49815-F1-model_v4.pdb	1649	0.686341	0.051929254
P49815	1649	V	Y		AF-P49815-F1-model_v4.pdb	1649	0.68351555	0.07991067
P49815	1650	Y	A		AF-P49815-F1-model_v4.pdb	1650	0.66958416	0.034127742
P49815	1650	Y	C		AF-P49815-F1-model_v4.pdb	1650	0.6592372	0.049201883
P49815	1650	Y	D		AF-P49815-F1-model_v4.pdb	1650	0.64990175	0.041759603
P49815	1650	Y	E		AF-P49815-F1-model_v4.pdb	1650	0.5822964	0.04180884
P49815	1650	Y	F		AF-P49815-F1-model_v4.pdb	1650	0.8542625	0.023817375
P49815	1650	Y	G		AF-P49815-F1-model_v4.pdb	1650	0.6149504	0.03654827
P49815	1650	Y	H		AF-P49815-F1-model_v4.pdb	1650	0.77664554	0.007853101
P49815	1650	Y	I		AF-P49815-F1-model_v4.pdb	1650	0.7721556	0.029772675
P49815	1650	Y	K		AF-P49815-F1-model_v4.pdb	1650	0.6626903	0.014159894
P49815	1650	Y	L		AF-P49815-F1-model_v4.pdb	1650	0.7442004	0.025685908
P49815	1650	Y	M		AF-P49815-F1-model_v4.pdb	1650	0.76080626	0.025792643
P49815	1650	Y	N		AF-P49815-F1-model_v4.pdb	1650	0.6500777	0.04045233
P49815	1650	Y	P		AF-P49815-F1-model_v4.pdb	1650	0.6788767	0.033349097
P49815	1650	Y	Q		AF-P49815-F1-model_v4.pdb	1650	0.6850095	0.02941675
P49815	1650	Y	R		AF-P49815-F1-model_v4.pdb	1650	0.5994337	0.015920285
P49815	1650	Y	S		AF-P49815-F1-model_v4.pdb	1650	0.6460584	0.02778624
P49815	1650	Y	T		AF-P49815-F1-model_v4.pdb	1650	0.69177973	0.03933727
P49815	1650	Y	V		AF-P49815-F1-model_v4.pdb	1650	0.81436527	0.014094365
P49815	1650	Y	W		AF-P49815-F1-model_v4.pdb	1650	0.73243386	0.018840432
P49815	1651	N	A		AF-P49815-F1-model_v4.pdb	1651	0.9302219	0.0077874456
P49815	1651	N	C		AF-P49815-F1-model_v4.pdb	1651	0.90756494	0.021306101
P49815	1651	N	D		AF-P49815-F1-model_v4.pdb	1651	0.98160523	0.028695174
P49815	1651	N	E		AF-P49815-F1-model_v4.pdb	1651	0.83452433	0.040762085
P49815	1651	N	F		AF-P49815-F1-model_v4.pdb	1651	0.7620745	0.028821599
P49815	1651	N	G		AF-P49815-F1-model_v4.pdb	1651	0.93660975	0.018716248
P49815	1651	N	H		AF-P49815-F1-model_v4.pdb	1651	0.8691351	0.036278967
P49815	1651	N	I		AF-P49815-F1-model_v4.pdb	1651	0.8129522	0.026168754
P49815	1651	N	K		AF-P49815-F1-model_v4.pdb	1651	0.7870086	0.035781715
P49815	1651	N	L		AF-P49815-F1-model_v4.pdb	1651	0.8832404	0.036761254
P49815	1651	N	M		AF-P49815-F1-model_v4.pdb	1651	0.9217968	0.011610155
P49815	1651	N	P		AF-P49815-F1-model_v4.pdb	1651	0.7583723	0.0455657
P49815	1651	N	Q		AF-P49815-F1-model_v4.pdb	1651	0.8449491	0.032380268
P49815	1651	N	R		AF-P49815-F1-model_v4.pdb	1651	0.7877642	0.03374381
P49815	1651	N	S		AF-P49815-F1-model_v4.pdb	1651	0.95244503	0.02876846
P49815	1651	N	T		AF-P49815-F1-model_v4.pdb	1651	0.9901907	0.012463323
P49815	1651	N	V		AF-P49815-F1-model_v4.pdb	1651	0.90910065	0.021941597
P49815	1651	N	W		AF-P49815-F1-model_v4.pdb	1651	0.7671506	0.031628653
P49815	1651	N	Y		AF-P49815-F1-model_v4.pdb	1651	0.85766	0.04843628
P49815	1652	D	A		AF-P49815-F1-model_v4.pdb	1652	0.8389489	0.021951323
P49815	1652	D	C		AF-P49815-F1-model_v4.pdb	1652	0.8004301	0.03147047
P49815	1652	D	E		AF-P49815-F1-model_v4.pdb	1652	0.7583293	0.0312397
P49815	1652	D	F		AF-P49815-F1-model_v4.pdb	1652	0.6661342	0.03456613
P49815	1652	D	G		AF-P49815-F1-model_v4.pdb	1652	0.87162226	0.02552701
P49815	1652	D	H		AF-P49815-F1-model_v4.pdb	1652	0.6810702	0.04623699
P49815	1652	D	I		AF-P49815-F1-model_v4.pdb	1652	0.5928036	0.030576728
P49815	1652	D	K		AF-P49815-F1-model_v4.pdb	1652	0.7979616	0.027857484
P49815	1652	D	L		AF-P49815-F1-model_v4.pdb	1652	0.6322368	0.028346252
P49815	1652	D	M		AF-P49815-F1-model_v4.pdb	1652	0.7848948	0.01768876
P49815	1652	D	N		AF-P49815-F1-model_v4.pdb	1652	0.6853219	0.03134631
P49815	1652	D	P		AF-P49815-F1-model_v4.pdb	1652	0.6642155	0.04986253
P49815	1652	D	Q		AF-P49815-F1-model_v4.pdb	1652	0.6647069	0.035458244
P49815	1652	D	R		AF-P49815-F1-model_v4.pdb	1652	0.7576335	0.03510294
P49815	1652	D	S		AF-P49815-F1-model_v4.pdb	1652	0.8655947	0.01993015
P49815	1652	D	T		AF-P49815-F1-model_v4.pdb	1652	0.7884641	0.008595828
P49815	1652	D	V		AF-P49815-F1-model_v4.pdb	1652	0.61129487	0.025819847
P49815	1652	D	W		AF-P49815-F1-model_v4.pdb	1652	0.70203227	0.026549285
P49815	1652	D	Y		AF-P49815-F1-model_v4.pdb	1652	0.73556536	0.045093223
P49815	1653	S	A		AF-P49815-F1-model_v4.pdb	1653	0.81289834	0.028889572
P49815	1653	S	C		AF-P49815-F1-model_v4.pdb	1653	0.85071915	0.021707911
P49815	1653	S	D		AF-P49815-F1-model_v4.pdb	1653	0.92010367	0.02157755
P49815	1653	S	E		AF-P49815-F1-model_v4.pdb	1653	0.9010798	0.04079663
P49815	1653	S	F		AF-P49815-F1-model_v4.pdb	1653	0.83719695	0.028051892
P49815	1653	S	G		AF-P49815-F1-model_v4.pdb	1653	0.8893337	0.056346674
P49815	1653	S	H		AF-P49815-F1-model_v4.pdb	1653	0.8747528	0.03817223
P49815	1653	S	I		AF-P49815-F1-model_v4.pdb	1653	0.75304145	0.033233564
P49815	1653	S	K		AF-P49815-F1-model_v4.pdb	1653	0.84383774	0.036177624
P49815	1653	S	L		AF-P49815-F1-model_v4.pdb	1653	0.7775699	0.031584475
P49815	1653	S	M		AF-P49815-F1-model_v4.pdb	1653	0.82749194	0.044799723
P49815	1653	S	N		AF-P49815-F1-model_v4.pdb	1653	0.74945176	0.0345149
P49815	1653	S	P		AF-P49815-F1-model_v4.pdb	1653	0.7529979	0.023528785
P49815	1653	S	Q		AF-P49815-F1-model_v4.pdb	1653	0.87708694	0.043955214
P49815	1653	S	R		AF-P49815-F1-model_v4.pdb	1653	0.858305	0.0371808
P49815	1653	S	T		AF-P49815-F1-model_v4.pdb	1653	0.8598297	0.041159023
P49815	1653	S	V		AF-P49815-F1-model_v4.pdb	1653	0.8054884	0.023558611
P49815	1653	S	W		AF-P49815-F1-model_v4.pdb	1653	0.74927986	0.01628022
P49815	1653	S	Y		AF-P49815-F1-model_v4.pdb	1653	0.863873	0.027456481
P49815	1654	G	A		AF-P49815-F1-model_v4.pdb	1654	0.9683119	0.014959035
P49815	1654	G	C		AF-P49815-F1-model_v4.pdb	1654	0.9476582	0.018993251
P49815	1654	G	D		AF-P49815-F1-model_v4.pdb	1654	0.9846045	0.017383654
P49815	1654	G	E		AF-P49815-F1-model_v4.pdb	1654	1.0079219	0.01432911
P49815	1654	G	F		AF-P49815-F1-model_v4.pdb	1654	0.8492352	0.022668488
P49815	1654	G	H		AF-P49815-F1-model_v4.pdb	1654	1.0261257	0.029402325
P49815	1654	G	I		AF-P49815-F1-model_v4.pdb	1654	0.83740175	0.019101271
P49815	1654	G	K		AF-P49815-F1-model_v4.pdb	1654	0.96614665	0.02562978
P49815	1654	G	L		AF-P49815-F1-model_v4.pdb	1654	0.83460677	0.017050434
P49815	1654	G	M		AF-P49815-F1-model_v4.pdb	1654	0.9430418	0.022212684
P49815	1654	G	N		AF-P49815-F1-model_v4.pdb	1654	1.012459	0.016027408
P49815	1654	G	P		AF-P49815-F1-model_v4.pdb	1654	0.96208555	0.013186889
P49815	1654	G	Q		AF-P49815-F1-model_v4.pdb	1654	1.0032214	0.023164516
P49815	1654	G	R		AF-P49815-F1-model_v4.pdb	1654	0.93987787	0.015978057
P49815	1654	G	S		AF-P49815-F1-model_v4.pdb	1654	0.9688923	0.015445461
P49815	1654	G	T		AF-P49815-F1-model_v4.pdb	1654	1.0073907	0.012964049
P49815	1654	G	V		AF-P49815-F1-model_v4.pdb	1654	0.8707632	0.015170204
P49815	1654	G	W		AF-P49815-F1-model_v4.pdb	1654	0.8885654	0.024165457
P49815	1654	G	Y		AF-P49815-F1-model_v4.pdb	1654	0.9322295	0.018986307
P49815	1655	E	A		AF-P49815-F1-model_v4.pdb	1655	0.84656346	0.017851822
P49815	1655	E	C		AF-P49815-F1-model_v4.pdb	1655	0.89018756	0.015158228
P49815	1655	E	D		AF-P49815-F1-model_v4.pdb	1655	0.87564117	0.01854038
P49815	1655	E	F		AF-P49815-F1-model_v4.pdb	1655	0.81665295	0.020606847
P49815	1655	E	G		AF-P49815-F1-model_v4.pdb	1655	0.8836433	0.015699176
P49815	1655	E	H		AF-P49815-F1-model_v4.pdb	1655	0.9651599	0.014690087
P49815	1655	E	I		AF-P49815-F1-model_v4.pdb	1655	0.7690765	0.021767728
P49815	1655	E	K		AF-P49815-F1-model_v4.pdb	1655	0.85803825	0.016101753
P49815	1655	E	L		AF-P49815-F1-model_v4.pdb	1655	0.7787796	0.022173226
P49815	1655	E	M		AF-P49815-F1-model_v4.pdb	1655	0.8463445	0.014077436
P49815	1655	E	N		AF-P49815-F1-model_v4.pdb	1655	0.86791956	0.02062712
P49815	1655	E	P		AF-P49815-F1-model_v4.pdb	1655	0.813156	0.017706161
P49815	1655	E	Q		AF-P49815-F1-model_v4.pdb	1655	0.940934	0.0069744
P49815	1655	E	R		AF-P49815-F1-model_v4.pdb	1655	0.8713748	0.01963274
P49815	1655	E	S		AF-P49815-F1-model_v4.pdb	1655	0.908793	0.03213428
P49815	1655	E	T		AF-P49815-F1-model_v4.pdb	1655	0.9260148	0.013876936
P49815	1655	E	V		AF-P49815-F1-model_v4.pdb	1655	0.86486375	0.021836925
P49815	1655	E	W		AF-P49815-F1-model_v4.pdb	1655	0.87416315	0.03703325
P49815	1655	E	Y		AF-P49815-F1-model_v4.pdb	1655	0.86579955	0.022909936
P49815	1656	D	A		AF-P49815-F1-model_v4.pdb	1656	0.90308416	0.020058243
P49815	1656	D	C		AF-P49815-F1-model_v4.pdb	1656	0.9593442	0.025745053
P49815	1656	D	E		AF-P49815-F1-model_v4.pdb	1656	0.9551854	0.0190969
P49815	1656	D	F		AF-P49815-F1-model_v4.pdb	1656	0.8421904	0.019122012
P49815	1656	D	G		AF-P49815-F1-model_v4.pdb	1656	0.9106871	0.0153037235
P49815	1656	D	H		AF-P49815-F1-model_v4.pdb	1656	0.93982327	0.0139546115
P49815	1656	D	I		AF-P49815-F1-model_v4.pdb	1656	0.8901478	0.02671856
P49815	1656	D	K		AF-P49815-F1-model_v4.pdb	1656	0.8987996	0.020807685
P49815	1656	D	L		AF-P49815-F1-model_v4.pdb	1656	0.8511144	0.027189545
P49815	1656	D	M		AF-P49815-F1-model_v4.pdb	1656	0.8580367	0.017526824
P49815	1656	D	N		AF-P49815-F1-model_v4.pdb	1656	0.8826453	0.03414164
P49815	1656	D	P		AF-P49815-F1-model_v4.pdb	1656	0.9530131	0.016489066
P49815	1656	D	Q		AF-P49815-F1-model_v4.pdb	1656	0.8909715	0.019204069
P49815	1656	D	R		AF-P49815-F1-model_v4.pdb	1656	0.8904064	0.021771418
P49815	1656	D	S		AF-P49815-F1-model_v4.pdb	1656	0.913093	0.02181624
P49815	1656	D	T		AF-P49815-F1-model_v4.pdb	1656	0.9154601	0.02396917
P49815	1656	D	V		AF-P49815-F1-model_v4.pdb	1656	0.89585626	0.018713167
P49815	1656	D	W		AF-P49815-F1-model_v4.pdb	1656	0.85412294	0.031215414
P49815	1656	D	Y		AF-P49815-F1-model_v4.pdb	1656	0.92902935	0.018704103
P49815	1657	F	A		AF-P49815-F1-model_v4.pdb	1657	0.92782974	0.02521575
P49815	1657	F	C		AF-P49815-F1-model_v4.pdb	1657	0.9807461	0.018720863
P49815	1657	F	D		AF-P49815-F1-model_v4.pdb	1657	0.8746656	0.040440153
P49815	1657	F	E		AF-P49815-F1-model_v4.pdb	1657	0.8609775	0.04795121
P49815	1657	F	G		AF-P49815-F1-model_v4.pdb	1657	0.85427445	0.028407833
P49815	1657	F	H		AF-P49815-F1-model_v4.pdb	1657	0.9033478	0.032929216
P49815	1657	F	I		AF-P49815-F1-model_v4.pdb	1657	0.9976301	0.02715857
P49815	1657	F	K		AF-P49815-F1-model_v4.pdb	1657	0.84931517	0.034442633
P49815	1657	F	L		AF-P49815-F1-model_v4.pdb	1657	0.9536842	0.028748143
P49815	1657	F	M		AF-P49815-F1-model_v4.pdb	1657	0.9975909	0.02112332
P49815	1657	F	N		AF-P49815-F1-model_v4.pdb	1657	0.9089154	0.04646715
P49815	1657	F	P		AF-P49815-F1-model_v4.pdb	1657	0.9230442	0.035132725
P49815	1657	F	Q		AF-P49815-F1-model_v4.pdb	1657	0.8776454	0.036255036
P49815	1657	F	R		AF-P49815-F1-model_v4.pdb	1657	0.82420576	0.031029517
P49815	1657	F	S		AF-P49815-F1-model_v4.pdb	1657	0.90426844	0.033260442
P49815	1657	F	T		AF-P49815-F1-model_v4.pdb	1657	0.97755706	0.03521397
P49815	1657	F	V		AF-P49815-F1-model_v4.pdb	1657	0.9457649	0.02738461
P49815	1657	F	W		AF-P49815-F1-model_v4.pdb	1657	0.98860896	0.029006694
P49815	1657	F	Y		AF-P49815-F1-model_v4.pdb	1657	0.9371246	0.023142194
P49815	1658	K	A		AF-P49815-F1-model_v4.pdb	1658	0.9919203	0.013295884
P49815	1658	K	C		AF-P49815-F1-model_v4.pdb	1658	1.0212375	0.016981808
P49815	1658	K	D		AF-P49815-F1-model_v4.pdb	1658	0.9842286	0.026343098
P49815	1658	K	E		AF-P49815-F1-model_v4.pdb	1658	0.97549593	0.033829115
P49815	1658	K	F		AF-P49815-F1-model_v4.pdb	1658	0.8728547	0.03275984
P49815	1658	K	G		AF-P49815-F1-model_v4.pdb	1658	0.99372005	0.01923453
P49815	1658	K	H		AF-P49815-F1-model_v4.pdb	1658	0.9895199	0.024769858
P49815	1658	K	I		AF-P49815-F1-model_v4.pdb	1658	0.8984027	0.031117925
P49815	1658	K	L		AF-P49815-F1-model_v4.pdb	1658	0.9049171	0.036387544
P49815	1658	K	M		AF-P49815-F1-model_v4.pdb	1658	0.9283552	0.026755141
P49815	1658	K	N		AF-P49815-F1-model_v4.pdb	1658	0.97992545	0.01947671
P49815	1658	K	P		AF-P49815-F1-model_v4.pdb	1658	1.0337372	0.02527859
P49815	1658	K	Q		AF-P49815-F1-model_v4.pdb	1658	0.9244272	0.03284988
P49815	1658	K	R		AF-P49815-F1-model_v4.pdb	1658	1.0045516	0.021932036
P49815	1658	K	S		AF-P49815-F1-model_v4.pdb	1658	1.0010539	0.032422055
P49815	1658	K	T		AF-P49815-F1-model_v4.pdb	1658	1.0537142	0.02172634
P49815	1658	K	V		AF-P49815-F1-model_v4.pdb	1658	0.93716985	0.031161236
P49815	1658	K	W		AF-P49815-F1-model_v4.pdb	1658	0.88198644	0.008294483
P49815	1658	K	Y		AF-P49815-F1-model_v4.pdb	1658	0.95209205	0.031786446
P49815	1659	L	A		AF-P49815-F1-model_v4.pdb	1659	0.9843753	0.014458461
P49815	1659	L	C		AF-P49815-F1-model_v4.pdb	1659	0.9991549	0.013728925
P49815	1659	L	D		AF-P49815-F1-model_v4.pdb	1659	0.92782307	0.021613348
P49815	1659	L	E		AF-P49815-F1-model_v4.pdb	1659	0.91193753	0.03321519
P49815	1659	L	F		AF-P49815-F1-model_v4.pdb	1659	0.83727586	0.037202686
P49815	1659	L	G		AF-P49815-F1-model_v4.pdb	1659	0.9334629	0.01865841
P49815	1659	L	H		AF-P49815-F1-model_v4.pdb	1659	0.9276675	0.042388283
P49815	1659	L	I		AF-P49815-F1-model_v4.pdb	1659	0.936278	0.025056915
P49815	1659	L	K		AF-P49815-F1-model_v4.pdb	1659	0.8189683	0.04456198
P49815	1659	L	M		AF-P49815-F1-model_v4.pdb	1659	0.9404173	0.011518304
P49815	1659	L	N		AF-P49815-F1-model_v4.pdb	1659	0.9833377	0.019510543
P49815	1659	L	P		AF-P49815-F1-model_v4.pdb	1659	0.8949081	0.03438402
P49815	1659	L	Q		AF-P49815-F1-model_v4.pdb	1659	0.9829367	0.030356266
P49815	1659	L	R		AF-P49815-F1-model_v4.pdb	1659	0.8124405	0.051508103
P49815	1659	L	S		AF-P49815-F1-model_v4.pdb	1659	0.96037054	0.01669368
P49815	1659	L	T		AF-P49815-F1-model_v4.pdb	1659	0.90170825	0.019498931
P49815	1659	L	V		AF-P49815-F1-model_v4.pdb	1659	0.9529544	0.011378545
P49815	1659	L	W		AF-P49815-F1-model_v4.pdb	1659	0.87888163	0.042858735
P49815	1659	L	Y		AF-P49815-F1-model_v4.pdb	1659	0.8838536	0.02723596
P49815	1660	G	A		AF-P49815-F1-model_v4.pdb	1660	0.8805844	0.017697018
P49815	1660	G	C		AF-P49815-F1-model_v4.pdb	1660	0.8317501	0.024655877
P49815	1660	G	D		AF-P49815-F1-model_v4.pdb	1660	0.93368053	0.018858705
P49815	1660	G	E		AF-P49815-F1-model_v4.pdb	1660	0.8858884	0.031352673
P49815	1660	G	F		AF-P49815-F1-model_v4.pdb	1660	0.71348965	0.036772195
P49815	1660	G	H		AF-P49815-F1-model_v4.pdb	1660	0.93463486	0.024288412
P49815	1660	G	I		AF-P49815-F1-model_v4.pdb	1660	0.72945863	0.016238354
P49815	1660	G	K		AF-P49815-F1-model_v4.pdb	1660	0.8260709	0.034061167
P49815	1660	G	L		AF-P49815-F1-model_v4.pdb	1660	0.77223533	0.016318534
P49815	1660	G	M		AF-P49815-F1-model_v4.pdb	1660	0.8325883	0.027326098
P49815	1660	G	N		AF-P49815-F1-model_v4.pdb	1660	0.9358059	0.025043728
P49815	1660	G	P		AF-P49815-F1-model_v4.pdb	1660	0.86536103	0.021313665
P49815	1660	G	Q		AF-P49815-F1-model_v4.pdb	1660	0.9058331	0.024201566
P49815	1660	G	R		AF-P49815-F1-model_v4.pdb	1660	0.84899044	0.02871915
P49815	1660	G	S		AF-P49815-F1-model_v4.pdb	1660	0.8886843	0.016272614
P49815	1660	G	T		AF-P49815-F1-model_v4.pdb	1660	0.9038863	0.02660856
P49815	1660	G	V		AF-P49815-F1-model_v4.pdb	1660	0.72234035	0.022308791
P49815	1660	G	W		AF-P49815-F1-model_v4.pdb	1660	0.7571339	0.026404338
P49815	1660	G	Y		AF-P49815-F1-model_v4.pdb	1660	0.794471	0.012859053
P49815	1661	T	A		AF-P49815-F1-model_v4.pdb	1661	0.9770509	0.024746932
P49815	1661	T	C		AF-P49815-F1-model_v4.pdb	1661	0.9449948	0.03393334
P49815	1661	T	D		AF-P49815-F1-model_v4.pdb	1661	0.95545596	0.031195315
P49815	1661	T	E		AF-P49815-F1-model_v4.pdb	1661	0.9456207	0.045699064
P49815	1661	T	F		AF-P49815-F1-model_v4.pdb	1661	0.84676677	0.009058685
P49815	1661	T	G		AF-P49815-F1-model_v4.pdb	1661	1.0221243	0.0126703605
P49815	1661	T	H		AF-P49815-F1-model_v4.pdb	1661	1.0377407	0.042795215
P49815	1661	T	I		AF-P49815-F1-model_v4.pdb	1661	0.8955181	0.03636222
P49815	1661	T	K		AF-P49815-F1-model_v4.pdb	1661	0.94726247	0.038579777
P49815	1661	T	L		AF-P49815-F1-model_v4.pdb	1661	0.9097689	0.017944517
P49815	1661	T	M		AF-P49815-F1-model_v4.pdb	1661	0.9600395	0.021113323
P49815	1661	T	N		AF-P49815-F1-model_v4.pdb	1661	1.0116843	0.03931722
P49815	1661	T	P		AF-P49815-F1-model_v4.pdb	1661	0.9492856	0.02564174
P49815	1661	T	Q		AF-P49815-F1-model_v4.pdb	1661	0.9963585	0.028242707
P49815	1661	T	R		AF-P49815-F1-model_v4.pdb	1661	0.92602223	0.02968992
P49815	1661	T	S		AF-P49815-F1-model_v4.pdb	1661	0.98198205	0.029387679
P49815	1661	T	V		AF-P49815-F1-model_v4.pdb	1661	0.9334539	0.025736937
P49815	1661	T	W		AF-P49815-F1-model_v4.pdb	1661	0.90559465	0.033439886
P49815	1661	T	Y		AF-P49815-F1-model_v4.pdb	1661	0.948023	0.027185664
P49815	1662	I	A		AF-P49815-F1-model_v4.pdb	1662	0.8990186	0.01896517
P49815	1662	I	C		AF-P49815-F1-model_v4.pdb	1662	0.887885	0.04528554
P49815	1662	I	D		AF-P49815-F1-model_v4.pdb	1662	0.81304437	0.027331505
P49815	1662	I	E		AF-P49815-F1-model_v4.pdb	1662	0.8254734	0.014186766
P49815	1662	I	F		AF-P49815-F1-model_v4.pdb	1662	0.8906394	0.024326952
P49815	1662	I	G		AF-P49815-F1-model_v4.pdb	1662	0.828894	0.015026156
P49815	1662	I	H		AF-P49815-F1-model_v4.pdb	1662	0.8611415	0.03942126
P49815	1662	I	K		AF-P49815-F1-model_v4.pdb	1662	0.79717445	0.024981005
P49815	1662	I	L		AF-P49815-F1-model_v4.pdb	1662	0.89611626	0.045684204
P49815	1662	I	M		AF-P49815-F1-model_v4.pdb	1662	0.8633083	0.044319086
P49815	1662	I	N		AF-P49815-F1-model_v4.pdb	1662	0.84249175	0.028693527
P49815	1662	I	P		AF-P49815-F1-model_v4.pdb	1662	0.9019906	0.03236036
P49815	1662	I	Q		AF-P49815-F1-model_v4.pdb	1662	0.78571624	0.02847316
P49815	1662	I	R		AF-P49815-F1-model_v4.pdb	1662	0.8639876	0.0490182
P49815	1662	I	S		AF-P49815-F1-model_v4.pdb	1662	0.8102644	0.031993717
P49815	1662	I	T		AF-P49815-F1-model_v4.pdb	1662	0.7216784	0.04509321
P49815	1662	I	V		AF-P49815-F1-model_v4.pdb	1662	0.95582074	0.032822873
P49815	1662	I	W		AF-P49815-F1-model_v4.pdb	1662	0.86440355	0.03900295
P49815	1662	I	Y		AF-P49815-F1-model_v4.pdb	1662	0.9079112	0.04827638
P49815	1663	K	A		AF-P49815-F1-model_v4.pdb	1663	0.8462022	0.0061525535
P49815	1663	K	C		AF-P49815-F1-model_v4.pdb	1663	0.90082616	0.01823865
P49815	1663	K	D		AF-P49815-F1-model_v4.pdb	1663	0.7608324	0.047418278
P49815	1663	K	E		AF-P49815-F1-model_v4.pdb	1663	0.8004362	0.024034845
P49815	1663	K	F		AF-P49815-F1-model_v4.pdb	1663	0.7320561	0.011742725
P49815	1663	K	G		AF-P49815-F1-model_v4.pdb	1663	0.84512883	0.02444581
P49815	1663	K	H		AF-P49815-F1-model_v4.pdb	1663	0.7850011	0.027783226
P49815	1663	K	I		AF-P49815-F1-model_v4.pdb	1663	0.8722559	0.01730595
P49815	1663	K	L		AF-P49815-F1-model_v4.pdb	1663	0.81014574	0.015026093
P49815	1663	K	M		AF-P49815-F1-model_v4.pdb	1663	0.81095093	0.025349267
P49815	1663	K	N		AF-P49815-F1-model_v4.pdb	1663	0.782965	0.025782173
P49815	1663	K	P		AF-P49815-F1-model_v4.pdb	1663	0.83202875	0.02052194
P49815	1663	K	Q		AF-P49815-F1-model_v4.pdb	1663	0.7617036	0.030433586
P49815	1663	K	R		AF-P49815-F1-model_v4.pdb	1663	0.86768025	0.046091154
P49815	1663	K	S		AF-P49815-F1-model_v4.pdb	1663	0.8525941	0.023338806
P49815	1663	K	T		AF-P49815-F1-model_v4.pdb	1663	0.850992	0.028287603
P49815	1663	K	V		AF-P49815-F1-model_v4.pdb	1663	0.85240763	0.016931027
P49815	1663	K	W		AF-P49815-F1-model_v4.pdb	1663	0.7670194	0.020380763
P49815	1663	K	Y		AF-P49815-F1-model_v4.pdb	1663	0.7734581	0.025934875
P49815	1664	G	A		AF-P49815-F1-model_v4.pdb	1664	0.9225008	0.022832328
P49815	1664	G	C		AF-P49815-F1-model_v4.pdb	1664	0.9143278	0.014870752
P49815	1664	G	D		AF-P49815-F1-model_v4.pdb	1664	0.9690895	0.030788694
P49815	1664	G	E		AF-P49815-F1-model_v4.pdb	1664	0.9211527	0.029659348
P49815	1664	G	F		AF-P49815-F1-model_v4.pdb	1664	0.8357757	0.033258617
P49815	1664	G	H		AF-P49815-F1-model_v4.pdb	1664	0.962119	0.023493072
P49815	1664	G	I		AF-P49815-F1-model_v4.pdb	1664	0.81709206	0.014636958
P49815	1664	G	K		AF-P49815-F1-model_v4.pdb	1664	0.8726943	0.029156446
P49815	1664	G	L		AF-P49815-F1-model_v4.pdb	1664	0.8450599	0.020770725
P49815	1664	G	M		AF-P49815-F1-model_v4.pdb	1664	0.8999914	0.023163052
P49815	1664	G	N		AF-P49815-F1-model_v4.pdb	1664	0.9375998	0.026275543
P49815	1664	G	P		AF-P49815-F1-model_v4.pdb	1664	0.96205914	0.01734476
P49815	1664	G	Q		AF-P49815-F1-model_v4.pdb	1664	0.9561367	0.03087067
P49815	1664	G	R		AF-P49815-F1-model_v4.pdb	1664	0.8895155	0.032935888
P49815	1664	G	S		AF-P49815-F1-model_v4.pdb	1664	0.90717906	0.015409256
P49815	1664	G	T		AF-P49815-F1-model_v4.pdb	1664	0.9357912	0.023633843
P49815	1664	G	V		AF-P49815-F1-model_v4.pdb	1664	0.83193415	0.02568673
P49815	1664	G	W		AF-P49815-F1-model_v4.pdb	1664	0.79022634	0.026076272
P49815	1664	G	Y		AF-P49815-F1-model_v4.pdb	1664	0.8909403	0.022803823
P49815	1665	Q	A		AF-P49815-F1-model_v4.pdb	1665	0.9440109	0.023506222
P49815	1665	Q	C		AF-P49815-F1-model_v4.pdb	1665	0.91400784	0.020382674
P49815	1665	Q	D		AF-P49815-F1-model_v4.pdb	1665	0.8860444	0.02527315
P49815	1665	Q	E		AF-P49815-F1-model_v4.pdb	1665	0.8772551	0.03109993
P49815	1665	Q	F		AF-P49815-F1-model_v4.pdb	1665	0.8523903	0.017945508
P49815	1665	Q	G		AF-P49815-F1-model_v4.pdb	1665	0.9240036	0.029264372
P49815	1665	Q	H		AF-P49815-F1-model_v4.pdb	1665	0.9028204	0.025642484
P49815	1665	Q	I		AF-P49815-F1-model_v4.pdb	1665	0.80803376	0.020336585
P49815	1665	Q	K		AF-P49815-F1-model_v4.pdb	1665	0.73941666	0.04095421
P49815	1665	Q	L		AF-P49815-F1-model_v4.pdb	1665	0.7696296	0.025697447
P49815	1665	Q	M		AF-P49815-F1-model_v4.pdb	1665	0.9278218	0.020188117
P49815	1665	Q	N		AF-P49815-F1-model_v4.pdb	1665	0.8538955	0.03836762
P49815	1665	Q	P		AF-P49815-F1-model_v4.pdb	1665	0.96311694	0.028993942
P49815	1665	Q	R		AF-P49815-F1-model_v4.pdb	1665	0.82892513	0.020074474
P49815	1665	Q	S		AF-P49815-F1-model_v4.pdb	1665	0.89529717	0.032568887
P49815	1665	Q	T		AF-P49815-F1-model_v4.pdb	1665	0.90054643	0.026994409
P49815	1665	Q	V		AF-P49815-F1-model_v4.pdb	1665	0.8548004	0.007079354
P49815	1665	Q	W		AF-P49815-F1-model_v4.pdb	1665	0.9824456	0.0241066
P49815	1665	Q	Y		AF-P49815-F1-model_v4.pdb	1665	0.9403863	0.020186698
P49815	1666	F	A		AF-P49815-F1-model_v4.pdb	1666	0.9786893	0.042637624
P49815	1666	F	C		AF-P49815-F1-model_v4.pdb	1666	0.97827685	0.034070265
P49815	1666	F	D		AF-P49815-F1-model_v4.pdb	1666	0.986616	0.040650085
P49815	1666	F	E		AF-P49815-F1-model_v4.pdb	1666	0.96417254	0.03625025
P49815	1666	F	G		AF-P49815-F1-model_v4.pdb	1666	0.95043516	0.030025577
P49815	1666	F	H		AF-P49815-F1-model_v4.pdb	1666	0.9496873	0.040852007
P49815	1666	F	I		AF-P49815-F1-model_v4.pdb	1666	0.9507781	0.021051358
P49815	1666	F	K		AF-P49815-F1-model_v4.pdb	1666	0.9021419	0.032712493
P49815	1666	F	L		AF-P49815-F1-model_v4.pdb	1666	0.94657916	0.030459115
P49815	1666	F	M		AF-P49815-F1-model_v4.pdb	1666	0.91382635	0.037777178
P49815	1666	F	N		AF-P49815-F1-model_v4.pdb	1666	0.90025073	0.047931097
P49815	1666	F	P		AF-P49815-F1-model_v4.pdb	1666	0.8357828	0.025443194
P49815	1666	F	Q		AF-P49815-F1-model_v4.pdb	1666	0.932309	0.0440582
P49815	1666	F	R		AF-P49815-F1-model_v4.pdb	1666	0.88733196	0.035900228
P49815	1666	F	S		AF-P49815-F1-model_v4.pdb	1666	0.99074143	0.036845423
P49815	1666	F	T		AF-P49815-F1-model_v4.pdb	1666	0.9637047	0.043827403
P49815	1666	F	V		AF-P49815-F1-model_v4.pdb	1666	0.90276176	0.019480294
P49815	1666	F	W		AF-P49815-F1-model_v4.pdb	1666	1.0209954	0.028258832
P49815	1666	F	Y		AF-P49815-F1-model_v4.pdb	1666	0.8741644	0.020303998
P49815	1667	N	A		AF-P49815-F1-model_v4.pdb	1667	0.8459962	0.024378942
P49815	1667	N	C		AF-P49815-F1-model_v4.pdb	1667	0.87271845	0.006976523
P49815	1667	N	D		AF-P49815-F1-model_v4.pdb	1667	0.9084237	0.03256467
P49815	1667	N	E		AF-P49815-F1-model_v4.pdb	1667	0.8968836	0.028360901
P49815	1667	N	F		AF-P49815-F1-model_v4.pdb	1667	0.7119412	0.022241682
P49815	1667	N	G		AF-P49815-F1-model_v4.pdb	1667	0.89989436	0.03284482
P49815	1667	N	H		AF-P49815-F1-model_v4.pdb	1667	0.8860239	0.01286517
P49815	1667	N	I		AF-P49815-F1-model_v4.pdb	1667	0.81275845	0.024203371
P49815	1667	N	K		AF-P49815-F1-model_v4.pdb	1667	0.825576	0.022606269
P49815	1667	N	L		AF-P49815-F1-model_v4.pdb	1667	0.80765545	0.031700514
P49815	1667	N	M		AF-P49815-F1-model_v4.pdb	1667	0.8312705	0.014584421
P49815	1667	N	P		AF-P49815-F1-model_v4.pdb	1667	0.7445927	0.025934435
P49815	1667	N	Q		AF-P49815-F1-model_v4.pdb	1667	0.8759344	0.026331075
P49815	1667	N	R		AF-P49815-F1-model_v4.pdb	1667	0.8341667	0.013673647
P49815	1667	N	S		AF-P49815-F1-model_v4.pdb	1667	0.8625146	0.032158088
P49815	1667	N	T		AF-P49815-F1-model_v4.pdb	1667	0.8524585	0.016654424
P49815	1667	N	V		AF-P49815-F1-model_v4.pdb	1667	0.80429506	0.019603385
P49815	1667	N	W		AF-P49815-F1-model_v4.pdb	1667	0.77754873	0.012687815
P49815	1667	N	Y		AF-P49815-F1-model_v4.pdb	1667	0.7927569	0.030487394
P49815	1668	F	A		AF-P49815-F1-model_v4.pdb	1668	0.89610183	0.033340733
P49815	1668	F	C		AF-P49815-F1-model_v4.pdb	1668	0.91223705	0.025123063
P49815	1668	F	D		AF-P49815-F1-model_v4.pdb	1668	0.80680954	0.029614408
P49815	1668	F	E		AF-P49815-F1-model_v4.pdb	1668	0.79910576	0.02966704
P49815	1668	F	G		AF-P49815-F1-model_v4.pdb	1668	0.86358386	0.027616058
P49815	1668	F	H		AF-P49815-F1-model_v4.pdb	1668	0.74379927	0.040305562
P49815	1668	F	I		AF-P49815-F1-model_v4.pdb	1668	0.8826002	0.014656007
P49815	1668	F	K		AF-P49815-F1-model_v4.pdb	1668	0.74401206	0.021022497
P49815	1668	F	L		AF-P49815-F1-model_v4.pdb	1668	0.8421068	0.045914862
P49815	1668	F	M		AF-P49815-F1-model_v4.pdb	1668	0.88789415	0.02986589
P49815	1668	F	N		AF-P49815-F1-model_v4.pdb	1668	0.85103893	0.028908992
P49815	1668	F	P		AF-P49815-F1-model_v4.pdb	1668	0.7179457	0.041896183
P49815	1668	F	Q		AF-P49815-F1-model_v4.pdb	1668	0.79406935	0.03685417
P49815	1668	F	R		AF-P49815-F1-model_v4.pdb	1668	0.7548915	0.034597646
P49815	1668	F	S		AF-P49815-F1-model_v4.pdb	1668	0.8458192	0.02561495
P49815	1668	F	T		AF-P49815-F1-model_v4.pdb	1668	0.8915516	0.041604068
P49815	1668	F	V		AF-P49815-F1-model_v4.pdb	1668	0.8653463	0.023425799
P49815	1668	F	W		AF-P49815-F1-model_v4.pdb	1668	0.9105608	0.022119043
P49815	1668	F	Y		AF-P49815-F1-model_v4.pdb	1668	0.8493165	0.016462492
P49815	1669	V	A		AF-P49815-F1-model_v4.pdb	1669	0.9245184	0.021317855
P49815	1669	V	C		AF-P49815-F1-model_v4.pdb	1669	1.008796	0.031071981
P49815	1669	V	D		AF-P49815-F1-model_v4.pdb	1669	0.7284333	0.027627155
P49815	1669	V	E		AF-P49815-F1-model_v4.pdb	1669	0.7781072	0.04695736
P49815	1669	V	F		AF-P49815-F1-model_v4.pdb	1669	0.95152617	0.04198557
P49815	1669	V	G		AF-P49815-F1-model_v4.pdb	1669	0.8035842	0.030788831
P49815	1669	V	H		AF-P49815-F1-model_v4.pdb	1669	0.8382678	0.026328573
P49815	1669	V	I		AF-P49815-F1-model_v4.pdb	1669	0.9519607	0.02084872
P49815	1669	V	K		AF-P49815-F1-model_v4.pdb	1669	0.78534585	0.02593613
P49815	1669	V	L		AF-P49815-F1-model_v4.pdb	1669	0.95435965	0.037491146
P49815	1669	V	M		AF-P49815-F1-model_v4.pdb	1669	0.9034011	0.0348667
P49815	1669	V	N		AF-P49815-F1-model_v4.pdb	1669	0.82104933	0.026808882
P49815	1669	V	P		AF-P49815-F1-model_v4.pdb	1669	0.7749983	0.028214164
P49815	1669	V	Q		AF-P49815-F1-model_v4.pdb	1669	0.8301145	0.038675606
P49815	1669	V	R		AF-P49815-F1-model_v4.pdb	1669	0.74984336	0.034093745
P49815	1669	V	S		AF-P49815-F1-model_v4.pdb	1669	0.8375867	0.024377339
P49815	1669	V	T		AF-P49815-F1-model_v4.pdb	1669	0.89842576	0.03611057
P49815	1669	V	W		AF-P49815-F1-model_v4.pdb	1669	0.81185913	0.03956907
P49815	1669	V	Y		AF-P49815-F1-model_v4.pdb	1669	0.84336346	0.05283691
P49815	1670	H	A		AF-P49815-F1-model_v4.pdb	1670	0.9411023	0.021792166
P49815	1670	H	C		AF-P49815-F1-model_v4.pdb	1670	0.8892433	0.031068334
P49815	1670	H	D		AF-P49815-F1-model_v4.pdb	1670	0.9028376	0.028941605
P49815	1670	H	E		AF-P49815-F1-model_v4.pdb	1670	0.93029916	0.023040066
P49815	1670	H	F		AF-P49815-F1-model_v4.pdb	1670	0.791975	0.023216926
P49815	1670	H	G		AF-P49815-F1-model_v4.pdb	1670	0.8588363	0.023042237
P49815	1670	H	I		AF-P49815-F1-model_v4.pdb	1670	0.9032763	0.027736116
P49815	1670	H	K		AF-P49815-F1-model_v4.pdb	1670	0.86768734	0.0200221
P49815	1670	H	L		AF-P49815-F1-model_v4.pdb	1670	0.894471	0.026043361
P49815	1670	H	M		AF-P49815-F1-model_v4.pdb	1670	0.9519102	0.027622165
P49815	1670	H	N		AF-P49815-F1-model_v4.pdb	1670	0.9282738	0.031900384
P49815	1670	H	P		AF-P49815-F1-model_v4.pdb	1670	0.7663067	0.027832253
P49815	1670	H	Q		AF-P49815-F1-model_v4.pdb	1670	0.9467419	0.019077936
P49815	1670	H	R		AF-P49815-F1-model_v4.pdb	1670	0.8718562	0.026849534
P49815	1670	H	S		AF-P49815-F1-model_v4.pdb	1670	0.95061827	0.029155087
P49815	1670	H	T		AF-P49815-F1-model_v4.pdb	1670	0.9507173	0.033744283
P49815	1670	H	V		AF-P49815-F1-model_v4.pdb	1670	0.890426	0.016625833
P49815	1670	H	W		AF-P49815-F1-model_v4.pdb	1670	0.82721055	0.047665905
P49815	1670	H	Y		AF-P49815-F1-model_v4.pdb	1670	0.84777564	0.0370887
P49815	1671	V	A		AF-P49815-F1-model_v4.pdb	1671	0.7372104	0.028901963
P49815	1671	V	C		AF-P49815-F1-model_v4.pdb	1671	0.8079794	0.017559467
P49815	1671	V	D		AF-P49815-F1-model_v4.pdb	1671	0.62728775	0.028816005
P49815	1671	V	E		AF-P49815-F1-model_v4.pdb	1671	0.5719351	0.05507057
P49815	1671	V	F		AF-P49815-F1-model_v4.pdb	1671	0.8072877	0.033084515
P49815	1671	V	G		AF-P49815-F1-model_v4.pdb	1671	0.66882634	0.027797852
P49815	1671	V	H		AF-P49815-F1-model_v4.pdb	1671	0.6858644	0.040588684
P49815	1671	V	I		AF-P49815-F1-model_v4.pdb	1671	0.88895196	0.02342454
P49815	1671	V	K		AF-P49815-F1-model_v4.pdb	1671	0.6949996	0.03953757
P49815	1671	V	L		AF-P49815-F1-model_v4.pdb	1671	0.8755771	0.02821743
P49815	1671	V	M		AF-P49815-F1-model_v4.pdb	1671	0.78447056	0.02226123
P49815	1671	V	N		AF-P49815-F1-model_v4.pdb	1671	0.7489733	0.023553679
P49815	1671	V	P		AF-P49815-F1-model_v4.pdb	1671	0.57255924	0.053092074
P49815	1671	V	Q		AF-P49815-F1-model_v4.pdb	1671	0.728919	0.033560146
P49815	1671	V	R		AF-P49815-F1-model_v4.pdb	1671	0.5974922	0.05041395
P49815	1671	V	S		AF-P49815-F1-model_v4.pdb	1671	0.67774934	0.039227832
P49815	1671	V	T		AF-P49815-F1-model_v4.pdb	1671	0.73440254	0.033273757
P49815	1671	V	W		AF-P49815-F1-model_v4.pdb	1671	0.7746192	0.030530138
P49815	1671	V	Y		AF-P49815-F1-model_v4.pdb	1671	0.7062725	0.058208913
P49815	1672	I	A		AF-P49815-F1-model_v4.pdb	1672	0.8429368	0.01930242
P49815	1672	I	C		AF-P49815-F1-model_v4.pdb	1672	0.8930044	0.025780141
P49815	1672	I	D		AF-P49815-F1-model_v4.pdb	1672	0.67429364	0.028370077
P49815	1672	I	E		AF-P49815-F1-model_v4.pdb	1672	0.7408617	0.03734992
P49815	1672	I	F		AF-P49815-F1-model_v4.pdb	1672	0.8027034	0.020171542
P49815	1672	I	G		AF-P49815-F1-model_v4.pdb	1672	0.7507731	0.010624398
P49815	1672	I	H		AF-P49815-F1-model_v4.pdb	1672	0.70508915	0.053805258
P49815	1672	I	K		AF-P49815-F1-model_v4.pdb	1672	0.7613999	0.026570046
P49815	1672	I	L		AF-P49815-F1-model_v4.pdb	1672	0.9537546	0.009776626
P49815	1672	I	M		AF-P49815-F1-model_v4.pdb	1672	0.84667766	0.03506599
P49815	1672	I	N		AF-P49815-F1-model_v4.pdb	1672	0.78140366	0.03499686
P49815	1672	I	P		AF-P49815-F1-model_v4.pdb	1672	0.5665599	0.036921203
P49815	1672	I	Q		AF-P49815-F1-model_v4.pdb	1672	0.816717	0.03073781
P49815	1672	I	R		AF-P49815-F1-model_v4.pdb	1672	0.80984735	0.03108993
P49815	1672	I	S		AF-P49815-F1-model_v4.pdb	1672	0.73945475	0.03179254
P49815	1672	I	T		AF-P49815-F1-model_v4.pdb	1672	0.7587387	0.03714388
P49815	1672	I	V		AF-P49815-F1-model_v4.pdb	1672	0.870409	0.025233079
P49815	1672	I	W		AF-P49815-F1-model_v4.pdb	1672	0.7286583	0.05545252
P49815	1672	I	Y		AF-P49815-F1-model_v4.pdb	1672	0.738821	0.056215476
P49815	1673	V	A		AF-P49815-F1-model_v4.pdb	1673	0.6617137	0.032446746
P49815	1673	V	C		AF-P49815-F1-model_v4.pdb	1673	0.79030794	0.038864154
P49815	1673	V	D		AF-P49815-F1-model_v4.pdb	1673	0.60275877	0.025821187
P49815	1673	V	E		AF-P49815-F1-model_v4.pdb	1673	0.5336855	0.057054803
P49815	1673	V	F		AF-P49815-F1-model_v4.pdb	1673	0.7569006	0.043794088
P49815	1673	V	G		AF-P49815-F1-model_v4.pdb	1673	0.6008691	0.028498428
P49815	1673	V	H		AF-P49815-F1-model_v4.pdb	1673	0.58207893	0.04188983
P49815	1673	V	I		AF-P49815-F1-model_v4.pdb	1673	0.87858427	0.026186677
P49815	1673	V	K		AF-P49815-F1-model_v4.pdb	1673	0.507664	0.042889774
P49815	1673	V	L		AF-P49815-F1-model_v4.pdb	1673	0.7970792	0.021190777
P49815	1673	V	M		AF-P49815-F1-model_v4.pdb	1673	0.6917841	0.03006385
P49815	1673	V	N		AF-P49815-F1-model_v4.pdb	1673	0.6835604	0.021319149
P49815	1673	V	P		AF-P49815-F1-model_v4.pdb	1673	0.5558242	0.039343935
P49815	1673	V	Q		AF-P49815-F1-model_v4.pdb	1673	0.5849429	0.057238206
P49815	1673	V	R		AF-P49815-F1-model_v4.pdb	1673	0.5305718	0.027082013
P49815	1673	V	S		AF-P49815-F1-model_v4.pdb	1673	0.60603696	0.037012722
P49815	1673	V	T		AF-P49815-F1-model_v4.pdb	1673	0.70075023	0.039669905
P49815	1673	V	W		AF-P49815-F1-model_v4.pdb	1673	0.7114337	0.04070121
P49815	1673	V	Y		AF-P49815-F1-model_v4.pdb	1673	0.6404604	0.053055447
P49815	1674	T	A		AF-P49815-F1-model_v4.pdb	1674	0.88169926	0.04012886
P49815	1674	T	C		AF-P49815-F1-model_v4.pdb	1674	0.9427377	0.02652757
P49815	1674	T	D		AF-P49815-F1-model_v4.pdb	1674	0.81750697	0.021068498
P49815	1674	T	E		AF-P49815-F1-model_v4.pdb	1674	0.9035185	0.018103106
P49815	1674	T	F		AF-P49815-F1-model_v4.pdb	1674	0.8903612	0.016156245
P49815	1674	T	G		AF-P49815-F1-model_v4.pdb	1674	0.873724	0.017516168
P49815	1674	T	H		AF-P49815-F1-model_v4.pdb	1674	0.94822186	0.024321806
P49815	1674	T	I		AF-P49815-F1-model_v4.pdb	1674	0.8735135	0.030915234
P49815	1674	T	K		AF-P49815-F1-model_v4.pdb	1674	0.8087951	0.02231214
P49815	1674	T	L		AF-P49815-F1-model_v4.pdb	1674	0.8645422	0.02624821
P49815	1674	T	M		AF-P49815-F1-model_v4.pdb	1674	0.92742777	0.023317216
P49815	1674	T	N		AF-P49815-F1-model_v4.pdb	1674	0.87072957	0.034594454
P49815	1674	T	P		AF-P49815-F1-model_v4.pdb	1674	0.80299443	0.042017385
P49815	1674	T	Q		AF-P49815-F1-model_v4.pdb	1674	0.8749528	0.029935012
P49815	1674	T	R		AF-P49815-F1-model_v4.pdb	1674	0.7825219	0.017986964
P49815	1674	T	S		AF-P49815-F1-model_v4.pdb	1674	0.94330996	0.025115294
P49815	1674	T	V		AF-P49815-F1-model_v4.pdb	1674	0.9265121	0.036497857
P49815	1674	T	W		AF-P49815-F1-model_v4.pdb	1674	0.8820264	0.028317126
P49815	1674	T	Y		AF-P49815-F1-model_v4.pdb	1674	0.9516395	0.012005492
P49815	1675	P	A		AF-P49815-F1-model_v4.pdb	1675	0.9337009	0.017666321
P49815	1675	P	C		AF-P49815-F1-model_v4.pdb	1675	0.90741426	0.023269124
P49815	1675	P	D		AF-P49815-F1-model_v4.pdb	1675	0.91272146	0.024063611
P49815	1675	P	E		AF-P49815-F1-model_v4.pdb	1675	0.87553424	0.029579742
P49815	1675	P	F		AF-P49815-F1-model_v4.pdb	1675	0.8232042	0.027092297
P49815	1675	P	G		AF-P49815-F1-model_v4.pdb	1675	0.8586632	0.015288313
P49815	1675	P	H		AF-P49815-F1-model_v4.pdb	1675	0.9094095	0.029576357
P49815	1675	P	I		AF-P49815-F1-model_v4.pdb	1675	0.80309373	0.022417491
P49815	1675	P	K		AF-P49815-F1-model_v4.pdb	1675	0.81726885	0.033222187
P49815	1675	P	L		AF-P49815-F1-model_v4.pdb	1675	0.79868597	0.026350057
P49815	1675	P	M		AF-P49815-F1-model_v4.pdb	1675	0.87602174	0.036259726
P49815	1675	P	N		AF-P49815-F1-model_v4.pdb	1675	0.9169897	0.03234272
P49815	1675	P	Q		AF-P49815-F1-model_v4.pdb	1675	0.8677209	0.034153122
P49815	1675	P	R		AF-P49815-F1-model_v4.pdb	1675	0.83499545	0.04283765
P49815	1675	P	S		AF-P49815-F1-model_v4.pdb	1675	0.9401388	0.010237756
P49815	1675	P	T		AF-P49815-F1-model_v4.pdb	1675	0.8732277	0.015669756
P49815	1675	P	V		AF-P49815-F1-model_v4.pdb	1675	0.82223	0.030083077
P49815	1675	P	W		AF-P49815-F1-model_v4.pdb	1675	0.87194586	0.025736667
P49815	1675	P	Y		AF-P49815-F1-model_v4.pdb	1675	0.88353574	0.027521698
P49815	1676	L	A		AF-P49815-F1-model_v4.pdb	1676	0.9208666	0.02864526
P49815	1676	L	C		AF-P49815-F1-model_v4.pdb	1676	0.9236115	0.040014442
P49815	1676	L	D		AF-P49815-F1-model_v4.pdb	1676	0.6689619	0.025215855
P49815	1676	L	E		AF-P49815-F1-model_v4.pdb	1676	0.7112418	0.019997178
P49815	1676	L	F		AF-P49815-F1-model_v4.pdb	1676	0.8559586	0.030101256
P49815	1676	L	G		AF-P49815-F1-model_v4.pdb	1676	0.8240479	0.022325743
P49815	1676	L	H		AF-P49815-F1-model_v4.pdb	1676	0.7570025	0.063635096
P49815	1676	L	K		AF-P49815-F1-model_v4.pdb	1676	0.75336266	0.017984988
P49815	1676	L	M		AF-P49815-F1-model_v4.pdb	1676	0.928121	0.022405442
P49815	1676	L	N		AF-P49815-F1-model_v4.pdb	1676	0.7065114	0.034761637
P49815	1676	L	P		AF-P49815-F1-model_v4.pdb	1676	0.73662376	0.054808404
P49815	1676	L	Q		AF-P49815-F1-model_v4.pdb	1676	0.7544795	0.03136271
P49815	1676	L	R		AF-P49815-F1-model_v4.pdb	1676	0.7142949	0.027152756
P49815	1676	L	S		AF-P49815-F1-model_v4.pdb	1676	0.82655907	0.01744975
P49815	1676	L	T		AF-P49815-F1-model_v4.pdb	1676	0.8309001	0.026083933
P49815	1676	L	V		AF-P49815-F1-model_v4.pdb	1676	0.8215853	0.014321572
P49815	1676	L	W		AF-P49815-F1-model_v4.pdb	1676	0.8550808	0.06378581
P49815	1676	L	Y		AF-P49815-F1-model_v4.pdb	1676	0.8147763	0.064591065
P49815	1677	D	A		AF-P49815-F1-model_v4.pdb	1677	0.9306362	0.03176794
P49815	1677	D	C		AF-P49815-F1-model_v4.pdb	1677	0.8845835	0.03340316
P49815	1677	D	E		AF-P49815-F1-model_v4.pdb	1677	0.90832627	0.026804069
P49815	1677	D	F		AF-P49815-F1-model_v4.pdb	1677	0.77890706	0.028926624
P49815	1677	D	G		AF-P49815-F1-model_v4.pdb	1677	0.91040736	0.029513849
P49815	1677	D	H		AF-P49815-F1-model_v4.pdb	1677	0.92083395	0.03654704
P49815	1677	D	I		AF-P49815-F1-model_v4.pdb	1677	0.73158884	0.03130114
P49815	1677	D	K		AF-P49815-F1-model_v4.pdb	1677	0.9167263	0.02571588
P49815	1677	D	L		AF-P49815-F1-model_v4.pdb	1677	0.74371535	0.038946614
P49815	1677	D	M		AF-P49815-F1-model_v4.pdb	1677	0.8403758	0.026149802
P49815	1677	D	N		AF-P49815-F1-model_v4.pdb	1677	0.9260952	0.035737935
P49815	1677	D	P		AF-P49815-F1-model_v4.pdb	1677	0.860194	0.011763674
P49815	1677	D	Q		AF-P49815-F1-model_v4.pdb	1677	0.86247253	0.024401069
P49815	1677	D	R		AF-P49815-F1-model_v4.pdb	1677	0.9147274	0.025779372
P49815	1677	D	S		AF-P49815-F1-model_v4.pdb	1677	0.92119426	0.028652657
P49815	1677	D	T		AF-P49815-F1-model_v4.pdb	1677	0.95451796	0.03658123
P49815	1677	D	V		AF-P49815-F1-model_v4.pdb	1677	0.7928618	0.028986748
P49815	1677	D	W		AF-P49815-F1-model_v4.pdb	1677	0.81899107	0.016207628
P49815	1677	D	Y		AF-P49815-F1-model_v4.pdb	1677	0.82956964	0.025259344
P49815	1678	Y	A		AF-P49815-F1-model_v4.pdb	1678	0.92743987	0.018959863
P49815	1678	Y	C		AF-P49815-F1-model_v4.pdb	1678	0.98849887	0.018057838
P49815	1678	Y	D		AF-P49815-F1-model_v4.pdb	1678	0.9671416	0.018596042
P49815	1678	Y	E		AF-P49815-F1-model_v4.pdb	1678	0.9457361	0.025723709
P49815	1678	Y	F		AF-P49815-F1-model_v4.pdb	1678	0.90389824	0.031516384
P49815	1678	Y	G		AF-P49815-F1-model_v4.pdb	1678	0.9264814	0.020767644
P49815	1678	Y	H		AF-P49815-F1-model_v4.pdb	1678	0.9980339	0.042020123
P49815	1678	Y	I		AF-P49815-F1-model_v4.pdb	1678	0.8702281	0.040989112
P49815	1678	Y	K		AF-P49815-F1-model_v4.pdb	1678	0.879886	0.031644095
P49815	1678	Y	L		AF-P49815-F1-model_v4.pdb	1678	0.89106464	0.04807805
P49815	1678	Y	M		AF-P49815-F1-model_v4.pdb	1678	0.92083246	0.04038161
P49815	1678	Y	N		AF-P49815-F1-model_v4.pdb	1678	0.95659655	0.02611793
P49815	1678	Y	P		AF-P49815-F1-model_v4.pdb	1678	0.9685539	0.021461036
P49815	1678	Y	Q		AF-P49815-F1-model_v4.pdb	1678	0.9808198	0.032071467
P49815	1678	Y	R		AF-P49815-F1-model_v4.pdb	1678	0.87913543	0.033743024
P49815	1678	Y	S		AF-P49815-F1-model_v4.pdb	1678	0.9304204	0.017382745
P49815	1678	Y	T		AF-P49815-F1-model_v4.pdb	1678	0.9819827	0.019572508
P49815	1678	Y	V		AF-P49815-F1-model_v4.pdb	1678	0.9223396	0.030989418
P49815	1678	Y	W		AF-P49815-F1-model_v4.pdb	1678	0.9157079	0.020262668
P49815	1679	E	A		AF-P49815-F1-model_v4.pdb	1679	0.9629051	0.02300025
P49815	1679	E	C		AF-P49815-F1-model_v4.pdb	1679	0.95325184	0.035060044
P49815	1679	E	D		AF-P49815-F1-model_v4.pdb	1679	0.95615196	0.022015974
P49815	1679	E	F		AF-P49815-F1-model_v4.pdb	1679	0.7886431	0.0427044
P49815	1679	E	G		AF-P49815-F1-model_v4.pdb	1679	0.9479066	0.013148864
P49815	1679	E	H		AF-P49815-F1-model_v4.pdb	1679	0.9030237	0.02979652
P49815	1679	E	I		AF-P49815-F1-model_v4.pdb	1679	0.78047264	0.027420565
P49815	1679	E	K		AF-P49815-F1-model_v4.pdb	1679	0.86704767	0.026703881
P49815	1679	E	L		AF-P49815-F1-model_v4.pdb	1679	0.77739495	0.024367964
P49815	1679	E	M		AF-P49815-F1-model_v4.pdb	1679	0.8477968	0.03672799
P49815	1679	E	N		AF-P49815-F1-model_v4.pdb	1679	0.9331149	0.024749413
P49815	1679	E	P		AF-P49815-F1-model_v4.pdb	1679	0.9264407	0.005572657
P49815	1679	E	Q		AF-P49815-F1-model_v4.pdb	1679	0.89970934	0.032829236
P49815	1679	E	R		AF-P49815-F1-model_v4.pdb	1679	0.88350725	0.024242382
P49815	1679	E	S		AF-P49815-F1-model_v4.pdb	1679	0.97797745	0.013546783
P49815	1679	E	T		AF-P49815-F1-model_v4.pdb	1679	0.9353388	0.0066459645
P49815	1679	E	V		AF-P49815-F1-model_v4.pdb	1679	0.8378968	0.023755314
P49815	1679	E	W		AF-P49815-F1-model_v4.pdb	1679	0.8211379	0.03389492
P49815	1679	E	Y		AF-P49815-F1-model_v4.pdb	1679	0.8498618	0.03206743
P49815	1680	C	A		AF-P49815-F1-model_v4.pdb	1680	0.88599664	0.028326556
P49815	1680	C	D		AF-P49815-F1-model_v4.pdb	1680	0.79367244	0.042038407
P49815	1680	C	E		AF-P49815-F1-model_v4.pdb	1680	0.83884746	0.07093834
P49815	1680	C	F		AF-P49815-F1-model_v4.pdb	1680	0.8890503	0.05576588
P49815	1680	C	G		AF-P49815-F1-model_v4.pdb	1680	0.81194717	0.03554149
P49815	1680	C	H		AF-P49815-F1-model_v4.pdb	1680	0.7982093	0.049749393
P49815	1680	C	I		AF-P49815-F1-model_v4.pdb	1680	0.87702906	0.059167624
P49815	1680	C	K		AF-P49815-F1-model_v4.pdb	1680	0.771756	0.059908297
P49815	1680	C	L		AF-P49815-F1-model_v4.pdb	1680	0.87256306	0.06454694
P49815	1680	C	M		AF-P49815-F1-model_v4.pdb	1680	0.90310544	0.050739415
P49815	1680	C	N		AF-P49815-F1-model_v4.pdb	1680	0.7851905	0.037938386
P49815	1680	C	P		AF-P49815-F1-model_v4.pdb	1680	0.7990338	0.026279295
P49815	1680	C	Q		AF-P49815-F1-model_v4.pdb	1680	0.8321061	0.067135125
P49815	1680	C	R		AF-P49815-F1-model_v4.pdb	1680	0.7484773	0.053889815
P49815	1680	C	S		AF-P49815-F1-model_v4.pdb	1680	0.81671065	0.02940603
P49815	1680	C	T		AF-P49815-F1-model_v4.pdb	1680	0.83920705	0.03438765
P49815	1680	C	V		AF-P49815-F1-model_v4.pdb	1680	0.89036435	0.06157389
P49815	1680	C	W		AF-P49815-F1-model_v4.pdb	1680	0.82221663	0.049940377
P49815	1680	C	Y		AF-P49815-F1-model_v4.pdb	1680	0.8875371	0.050427414
P49815	1681	N	A		AF-P49815-F1-model_v4.pdb	1681	0.93983763	0.028102858
P49815	1681	N	C		AF-P49815-F1-model_v4.pdb	1681	0.93160284	0.018730653
P49815	1681	N	D		AF-P49815-F1-model_v4.pdb	1681	0.96493053	0.032193758
P49815	1681	N	E		AF-P49815-F1-model_v4.pdb	1681	0.9548011	0.049201842
P49815	1681	N	F		AF-P49815-F1-model_v4.pdb	1681	0.8355799	0.03548807
P49815	1681	N	G		AF-P49815-F1-model_v4.pdb	1681	0.91396534	0.01832829
P49815	1681	N	H		AF-P49815-F1-model_v4.pdb	1681	0.9514252	0.035882052
P49815	1681	N	I		AF-P49815-F1-model_v4.pdb	1681	0.82551605	0.023377452
P49815	1681	N	K		AF-P49815-F1-model_v4.pdb	1681	0.8466279	0.02694106
P49815	1681	N	L		AF-P49815-F1-model_v4.pdb	1681	0.8265837	0.026528073
P49815	1681	N	M		AF-P49815-F1-model_v4.pdb	1681	0.8707296	0.03306686
P49815	1681	N	P		AF-P49815-F1-model_v4.pdb	1681	0.87696266	0.0257986
P49815	1681	N	Q		AF-P49815-F1-model_v4.pdb	1681	0.9416169	0.048164956
P49815	1681	N	R		AF-P49815-F1-model_v4.pdb	1681	0.85456264	0.041377924
P49815	1681	N	S		AF-P49815-F1-model_v4.pdb	1681	0.9442169	0.025309741
P49815	1681	N	T		AF-P49815-F1-model_v4.pdb	1681	0.94662607	0.017401936
P49815	1681	N	V		AF-P49815-F1-model_v4.pdb	1681	0.8603905	0.0235446
P49815	1681	N	W		AF-P49815-F1-model_v4.pdb	1681	0.7907131	0.035985943
P49815	1681	N	Y		AF-P49815-F1-model_v4.pdb	1681	0.8994867	0.05203111
P49815	1682	L	A		AF-P49815-F1-model_v4.pdb	1682	0.87566245	0.030243699
P49815	1682	L	C		AF-P49815-F1-model_v4.pdb	1682	0.8944125	0.023821453
P49815	1682	L	D		AF-P49815-F1-model_v4.pdb	1682	0.7634746	0.012902004
P49815	1682	L	E		AF-P49815-F1-model_v4.pdb	1682	0.78028834	0.018073246
P49815	1682	L	F		AF-P49815-F1-model_v4.pdb	1682	0.87491894	0.030839812
P49815	1682	L	G		AF-P49815-F1-model_v4.pdb	1682	0.83120984	0.015129882
P49815	1682	L	H		AF-P49815-F1-model_v4.pdb	1682	0.75152314	0.035845887
P49815	1682	L	I		AF-P49815-F1-model_v4.pdb	1682	0.91706645	0.022988677
P49815	1682	L	K		AF-P49815-F1-model_v4.pdb	1682	0.84706926	0.031509187
P49815	1682	L	M		AF-P49815-F1-model_v4.pdb	1682	0.87708026	0.019052489
P49815	1682	L	N		AF-P49815-F1-model_v4.pdb	1682	0.79874337	0.026100045
P49815	1682	L	P		AF-P49815-F1-model_v4.pdb	1682	0.7073091	0.024250124
P49815	1682	L	Q		AF-P49815-F1-model_v4.pdb	1682	0.80713	0.031063123
P49815	1682	L	R		AF-P49815-F1-model_v4.pdb	1682	0.8176323	0.024825688
P49815	1682	L	S		AF-P49815-F1-model_v4.pdb	1682	0.8565179	0.017451249
P49815	1682	L	T		AF-P49815-F1-model_v4.pdb	1682	0.80393666	0.023326738
P49815	1682	L	V		AF-P49815-F1-model_v4.pdb	1682	0.90892947	0.008244034
P49815	1682	L	W		AF-P49815-F1-model_v4.pdb	1682	0.8360613	0.033785738
P49815	1682	L	Y		AF-P49815-F1-model_v4.pdb	1682	0.7806695	0.03153004
P49815	1683	V	A		AF-P49815-F1-model_v4.pdb	1683	0.89384764	0.01649037
P49815	1683	V	C		AF-P49815-F1-model_v4.pdb	1683	0.9250804	0.027507905
P49815	1683	V	D		AF-P49815-F1-model_v4.pdb	1683	0.7099852	0.02428079
P49815	1683	V	E		AF-P49815-F1-model_v4.pdb	1683	0.7278579	0.025046319
P49815	1683	V	F		AF-P49815-F1-model_v4.pdb	1683	0.9345211	0.035234388
P49815	1683	V	G		AF-P49815-F1-model_v4.pdb	1683	0.7630033	0.022242958
P49815	1683	V	I		AF-P49815-F1-model_v4.pdb	1683	0.92539227	0.014439674
P49815	1683	V	K		AF-P49815-F1-model_v4.pdb	1683	0.7352101	0.042955708
P49815	1683	V	L		AF-P49815-F1-model_v4.pdb	1683	0.9689709	0.01560598
P49815	1683	V	M		AF-P49815-F1-model_v4.pdb	1683	0.8652793	0.032350525
P49815	1683	V	N		AF-P49815-F1-model_v4.pdb	1683	0.76940113	0.035634313
P49815	1683	V	P		AF-P49815-F1-model_v4.pdb	1683	0.73545855	0.03560822
P49815	1683	V	Q		AF-P49815-F1-model_v4.pdb	1683	0.84128064	0.03802877
P49815	1683	V	R		AF-P49815-F1-model_v4.pdb	1683	0.6862827	0.04084925
P49815	1683	V	S		AF-P49815-F1-model_v4.pdb	1683	0.81568366	0.033480495
P49815	1683	V	T		AF-P49815-F1-model_v4.pdb	1683	0.8438953	0.0301323
P49815	1683	V	W		AF-P49815-F1-model_v4.pdb	1683	0.8305534	0.049857024
P49815	1683	V	Y		AF-P49815-F1-model_v4.pdb	1683	0.837677	0.05239495
P49815	1684	S	A		AF-P49815-F1-model_v4.pdb	1684	0.8814322	0.01825174
P49815	1684	S	C		AF-P49815-F1-model_v4.pdb	1684	0.91454506	0.028050145
P49815	1684	S	D		AF-P49815-F1-model_v4.pdb	1684	0.90092105	0.029013325
P49815	1684	S	E		AF-P49815-F1-model_v4.pdb	1684	0.9332946	0.039338775
P49815	1684	S	F		AF-P49815-F1-model_v4.pdb	1684	0.8340173	0.045719575
P49815	1684	S	G		AF-P49815-F1-model_v4.pdb	1684	0.8338984	0.018545149
P49815	1684	S	H		AF-P49815-F1-model_v4.pdb	1684	0.9397095	0.048429467
P49815	1684	S	I		AF-P49815-F1-model_v4.pdb	1684	0.78211874	0.032128774
P49815	1684	S	K		AF-P49815-F1-model_v4.pdb	1684	0.78925407	0.037151612
P49815	1684	S	L		AF-P49815-F1-model_v4.pdb	1684	0.7476202	0.030658947
P49815	1684	S	M		AF-P49815-F1-model_v4.pdb	1684	0.81728756	0.03207091
P49815	1684	S	N		AF-P49815-F1-model_v4.pdb	1684	0.8951324	0.022208842
P49815	1684	S	P		AF-P49815-F1-model_v4.pdb	1684	0.8853761	0.02389882
P49815	1684	S	Q		AF-P49815-F1-model_v4.pdb	1684	0.87807435	0.04040612
P49815	1684	S	R		AF-P49815-F1-model_v4.pdb	1684	0.84444153	0.043777686
P49815	1684	S	T		AF-P49815-F1-model_v4.pdb	1684	0.88257205	0.03104383
P49815	1684	S	V		AF-P49815-F1-model_v4.pdb	1684	0.77559763	0.026836384
P49815	1684	S	W		AF-P49815-F1-model_v4.pdb	1684	0.85327464	0.038515978
P49815	1684	S	Y		AF-P49815-F1-model_v4.pdb	1684	0.89072865	0.041060228
P49815	1685	L	A		AF-P49815-F1-model_v4.pdb	1685	0.908963	0.03148471
P49815	1685	L	C		AF-P49815-F1-model_v4.pdb	1685	0.921035	0.017967625
P49815	1685	L	D		AF-P49815-F1-model_v4.pdb	1685	0.73290217	0.03591962
P49815	1685	L	E		AF-P49815-F1-model_v4.pdb	1685	0.76332664	0.04714458
P49815	1685	L	F		AF-P49815-F1-model_v4.pdb	1685	0.93193835	0.03700815
P49815	1685	L	G		AF-P49815-F1-model_v4.pdb	1685	0.8036504	0.032553002
P49815	1685	L	H		AF-P49815-F1-model_v4.pdb	1685	0.7643193	0.055683468
P49815	1685	L	I		AF-P49815-F1-model_v4.pdb	1685	0.96051586	0.020736318
P49815	1685	L	K		AF-P49815-F1-model_v4.pdb	1685	0.80948	0.02307925
P49815	1685	L	M		AF-P49815-F1-model_v4.pdb	1685	1.0004565	0.012264105
P49815	1685	L	N		AF-P49815-F1-model_v4.pdb	1685	0.81791097	0.03291062
P49815	1685	L	P		AF-P49815-F1-model_v4.pdb	1685	0.7193936	0.03798332
P49815	1685	L	Q		AF-P49815-F1-model_v4.pdb	1685	0.787881	0.037520986
P49815	1685	L	R		AF-P49815-F1-model_v4.pdb	1685	0.72115344	0.03964971
P49815	1685	L	S		AF-P49815-F1-model_v4.pdb	1685	0.8650874	0.031172868
P49815	1685	L	T		AF-P49815-F1-model_v4.pdb	1685	0.8396363	0.019048756
P49815	1685	L	V		AF-P49815-F1-model_v4.pdb	1685	0.9687532	0.018032467
P49815	1685	L	W		AF-P49815-F1-model_v4.pdb	1685	0.8653927	0.06310572
P49815	1685	L	Y		AF-P49815-F1-model_v4.pdb	1685	0.85719013	0.06110214
P49815	1686	Q	A		AF-P49815-F1-model_v4.pdb	1686	0.93383825	0.009154991
P49815	1686	Q	C		AF-P49815-F1-model_v4.pdb	1686	0.94951326	0.018570913
P49815	1686	Q	D		AF-P49815-F1-model_v4.pdb	1686	0.9292299	0.01292698
P49815	1686	Q	E		AF-P49815-F1-model_v4.pdb	1686	0.93226874	0.008519916
P49815	1686	Q	F		AF-P49815-F1-model_v4.pdb	1686	0.86667335	0.029993609
P49815	1686	Q	H		AF-P49815-F1-model_v4.pdb	1686	0.9569228	0.016031273
P49815	1686	Q	I		AF-P49815-F1-model_v4.pdb	1686	0.8371298	0.041041624
P49815	1686	Q	K		AF-P49815-F1-model_v4.pdb	1686	0.87565964	0.029075198
P49815	1686	Q	L		AF-P49815-F1-model_v4.pdb	1686	0.85413474	0.027492652
P49815	1686	Q	M		AF-P49815-F1-model_v4.pdb	1686	0.9215204	0.025061259
P49815	1686	Q	N		AF-P49815-F1-model_v4.pdb	1686	0.94079673	0.02698689
P49815	1686	Q	P		AF-P49815-F1-model_v4.pdb	1686	0.86793935	0.022590429
P49815	1686	Q	R		AF-P49815-F1-model_v4.pdb	1686	0.88099205	0.02880251
P49815	1686	Q	S		AF-P49815-F1-model_v4.pdb	1686	0.98216057	0.021523453
P49815	1686	Q	T		AF-P49815-F1-model_v4.pdb	1686	0.92706794	0.020327052
P49815	1686	Q	V		AF-P49815-F1-model_v4.pdb	1686	0.8975504	0.026750982
P49815	1686	Q	W		AF-P49815-F1-model_v4.pdb	1686	0.8678886	0.03722382
P49815	1686	Q	Y		AF-P49815-F1-model_v4.pdb	1686	0.92415655	0.03178818
P49815	1687	C	A		AF-P49815-F1-model_v4.pdb	1687	0.9503416	0.011052018
P49815	1687	C	D		AF-P49815-F1-model_v4.pdb	1687	0.7432187	0.034034897
P49815	1687	C	E		AF-P49815-F1-model_v4.pdb	1687	0.82909405	0.04500362
P49815	1687	C	F		AF-P49815-F1-model_v4.pdb	1687	0.84927356	0.042391907
P49815	1687	C	G		AF-P49815-F1-model_v4.pdb	1687	0.8050707	0.009747659
P49815	1687	C	H		AF-P49815-F1-model_v4.pdb	1687	0.8222311	0.047561407
P49815	1687	C	I		AF-P49815-F1-model_v4.pdb	1687	0.8725479	0.04829602
P49815	1687	C	K		AF-P49815-F1-model_v4.pdb	1687	0.73298776	0.049067065
P49815	1687	C	L		AF-P49815-F1-model_v4.pdb	1687	0.8625199	0.042855773
P49815	1687	C	M		AF-P49815-F1-model_v4.pdb	1687	0.9082085	0.03465738
P49815	1687	C	N		AF-P49815-F1-model_v4.pdb	1687	0.7692266	0.008277284
P49815	1687	C	P		AF-P49815-F1-model_v4.pdb	1687	0.82688236	0.0078098443
P49815	1687	C	Q		AF-P49815-F1-model_v4.pdb	1687	0.8085003	0.06132949
P49815	1687	C	R		AF-P49815-F1-model_v4.pdb	1687	0.73599416	0.04763689
P49815	1687	C	S		AF-P49815-F1-model_v4.pdb	1687	0.85589516	0.018471045
P49815	1687	C	T		AF-P49815-F1-model_v4.pdb	1687	0.8463974	0.018963553
P49815	1687	C	V		AF-P49815-F1-model_v4.pdb	1687	0.8728178	0.022576608
P49815	1687	C	W		AF-P49815-F1-model_v4.pdb	1687	0.76950294	0.02894123
P49815	1687	C	Y		AF-P49815-F1-model_v4.pdb	1687	0.8481717	0.031744316
P49815	1688	R	G		AF-P49815-F1-model_v4.pdb	1688	0.9471302	0.015319773
P49815	1688	R	K		AF-P49815-F1-model_v4.pdb	1688	0.931011	0.014353647
P49815	1688	R	M		AF-P49815-F1-model_v4.pdb	1688	0.9261219	0.025134511
P49815	1689	K	C		AF-P49815-F1-model_v4.pdb	1689	1.031954	0.01899049
P49815	1689	K	E		AF-P49815-F1-model_v4.pdb	1689	1.0012915	0.025772678
P49815	1689	K	F		AF-P49815-F1-model_v4.pdb	1689	0.871823	0.031890526
P49815	1689	K	G		AF-P49815-F1-model_v4.pdb	1689	1.0061961	0.014170578
P49815	1689	K	H		AF-P49815-F1-model_v4.pdb	1689	1.0148695	0.03234939
P49815	1689	K	I		AF-P49815-F1-model_v4.pdb	1689	0.86097413	0.019781183
P49815	1689	K	L		AF-P49815-F1-model_v4.pdb	1689	0.84758246	0.017328253
P49815	1689	K	M		AF-P49815-F1-model_v4.pdb	1689	0.9457018	0.041295517
P49815	1689	K	N		AF-P49815-F1-model_v4.pdb	1689	1.0495033	0.015053225
P49815	1689	K	P		AF-P49815-F1-model_v4.pdb	1689	1.0707078	0.028316213
P49815	1689	K	Q		AF-P49815-F1-model_v4.pdb	1689	0.97054136	0.029512616
P49815	1689	K	R		AF-P49815-F1-model_v4.pdb	1689	1.033417	0.027795335
P49815	1689	K	S		AF-P49815-F1-model_v4.pdb	1689	1.0923102	0.0114776725
P49815	1689	K	T		AF-P49815-F1-model_v4.pdb	1689	1.0551119	0.0100023225
P49815	1689	K	V		AF-P49815-F1-model_v4.pdb	1689	0.9341467	0.011444663
P49815	1689	K	W		AF-P49815-F1-model_v4.pdb	1689	0.89130086	0.019419152
P49815	1689	K	Y		AF-P49815-F1-model_v4.pdb	1689	0.92868006	0.026297726
P49815	1690	D	A		AF-P49815-F1-model_v4.pdb	1690	0.95209914	0.015231919
P49815	1690	D	C		AF-P49815-F1-model_v4.pdb	1690	0.8959215	0.022165325
P49815	1690	D	E		AF-P49815-F1-model_v4.pdb	1690	0.9440894	0.023104392
P49815	1690	D	F		AF-P49815-F1-model_v4.pdb	1690	0.90454817	0.03418054
P49815	1690	D	G		AF-P49815-F1-model_v4.pdb	1690	1.0072567	0.017771855
P49815	1690	D	H		AF-P49815-F1-model_v4.pdb	1690	0.88579357	0.040240303
P49815	1690	D	I		AF-P49815-F1-model_v4.pdb	1690	0.7828003	0.032892846
P49815	1690	D	K		AF-P49815-F1-model_v4.pdb	1690	0.8539503	0.02188343
P49815	1690	D	L		AF-P49815-F1-model_v4.pdb	1690	0.85917026	0.01874078
P49815	1690	D	M		AF-P49815-F1-model_v4.pdb	1690	0.8780304	0.0154479435
P49815	1690	D	N		AF-P49815-F1-model_v4.pdb	1690	0.86264753	0.01963624
P49815	1690	D	P		AF-P49815-F1-model_v4.pdb	1690	0.88690823	0.028882898
P49815	1690	D	Q		AF-P49815-F1-model_v4.pdb	1690	0.95566595	0.015177009
P49815	1690	D	R		AF-P49815-F1-model_v4.pdb	1690	0.9122888	0.031840812
P49815	1690	D	S		AF-P49815-F1-model_v4.pdb	1690	0.971258	0.017371634
P49815	1690	D	T		AF-P49815-F1-model_v4.pdb	1690	0.9802621	0.018548079
P49815	1690	D	V		AF-P49815-F1-model_v4.pdb	1690	0.83987486	0.020587368
P49815	1690	D	W		AF-P49815-F1-model_v4.pdb	1690	0.8380629	0.036470264
P49815	1690	D	Y		AF-P49815-F1-model_v4.pdb	1690	0.93954915	0.028611599
P49815	1691	M	A		AF-P49815-F1-model_v4.pdb	1691	0.95592535	0.023735732
P49815	1691	M	C		AF-P49815-F1-model_v4.pdb	1691	0.9043118	0.019028518
P49815	1691	M	D		AF-P49815-F1-model_v4.pdb	1691	0.7521798	0.024391264
P49815	1691	M	E		AF-P49815-F1-model_v4.pdb	1691	0.77386034	0.018965684
P49815	1691	M	F		AF-P49815-F1-model_v4.pdb	1691	0.804849	0.04384111
P49815	1691	M	G		AF-P49815-F1-model_v4.pdb	1691	0.8232462	0.022530708
P49815	1691	M	H		AF-P49815-F1-model_v4.pdb	1691	0.8164772	0.03456705
P49815	1691	M	I		AF-P49815-F1-model_v4.pdb	1691	0.8728134	0.025657851
P49815	1691	M	K		AF-P49815-F1-model_v4.pdb	1691	0.74415123	0.03282412
P49815	1691	M	L		AF-P49815-F1-model_v4.pdb	1691	0.8240837	0.03335117
P49815	1691	M	N		AF-P49815-F1-model_v4.pdb	1691	0.7808076	0.027096113
P49815	1691	M	P		AF-P49815-F1-model_v4.pdb	1691	0.75067866	0.026631698
P49815	1691	M	Q		AF-P49815-F1-model_v4.pdb	1691	0.7652207	0.022079812
P49815	1691	M	R		AF-P49815-F1-model_v4.pdb	1691	0.72385174	0.041183192
P49815	1691	M	S		AF-P49815-F1-model_v4.pdb	1691	0.86356103	0.028728744
P49815	1691	M	T		AF-P49815-F1-model_v4.pdb	1691	0.8539772	0.0392894
P49815	1691	M	V		AF-P49815-F1-model_v4.pdb	1691	0.85401213	0.0160616
P49815	1691	M	W		AF-P49815-F1-model_v4.pdb	1691	0.8878681	0.03870189
P49815	1691	M	Y		AF-P49815-F1-model_v4.pdb	1691	0.8375904	0.038778253
P49815	1692	E	A		AF-P49815-F1-model_v4.pdb	1692	0.91016483	0.02806715
P49815	1692	E	C		AF-P49815-F1-model_v4.pdb	1692	0.90522707	0.030087236
P49815	1692	E	D		AF-P49815-F1-model_v4.pdb	1692	0.9299243	0.025937991
P49815	1692	E	F		AF-P49815-F1-model_v4.pdb	1692	0.8229793	0.011382547
P49815	1692	E	G		AF-P49815-F1-model_v4.pdb	1692	1.0153729	0.01180069
P49815	1692	E	H		AF-P49815-F1-model_v4.pdb	1692	0.92577314	0.020480607
P49815	1692	E	I		AF-P49815-F1-model_v4.pdb	1692	0.82923394	0.021816602
P49815	1692	E	K		AF-P49815-F1-model_v4.pdb	1692	0.8305484	0.015311074
P49815	1692	E	L		AF-P49815-F1-model_v4.pdb	1692	0.816494	0.020563725
P49815	1692	E	M		AF-P49815-F1-model_v4.pdb	1692	0.89296407	0.012787224
P49815	1692	E	N		AF-P49815-F1-model_v4.pdb	1692	0.86406946	0.022354715
P49815	1692	E	P		AF-P49815-F1-model_v4.pdb	1692	0.7579417	0.010818515
P49815	1692	E	Q		AF-P49815-F1-model_v4.pdb	1692	0.88351566	0.029310632
P49815	1692	E	R		AF-P49815-F1-model_v4.pdb	1692	0.8817237	0.01646252
P49815	1692	E	T		AF-P49815-F1-model_v4.pdb	1692	0.94857997	0.009996589
P49815	1692	E	V		AF-P49815-F1-model_v4.pdb	1692	0.90798223	0.031267647
P49815	1692	E	W		AF-P49815-F1-model_v4.pdb	1692	0.91373175	0.022962302
P49815	1692	E	Y		AF-P49815-F1-model_v4.pdb	1692	0.91768587	0.015468527
P49815	1693	G	A		AF-P49815-F1-model_v4.pdb	1693	0.8572489	0.010095654
P49815	1693	G	C		AF-P49815-F1-model_v4.pdb	1693	0.876653	0.018957159
P49815	1693	G	D		AF-P49815-F1-model_v4.pdb	1693	0.8373765	0.018896587
P49815	1693	G	E		AF-P49815-F1-model_v4.pdb	1693	0.83461696	0.011557804
P49815	1693	G	H		AF-P49815-F1-model_v4.pdb	1693	0.8484534	0.02047946
P49815	1693	G	I		AF-P49815-F1-model_v4.pdb	1693	0.77048653	0.028644186
P49815	1693	G	K		AF-P49815-F1-model_v4.pdb	1693	0.85179806	0.014010597
P49815	1693	G	L		AF-P49815-F1-model_v4.pdb	1693	0.82736	0.027002834
P49815	1693	G	M		AF-P49815-F1-model_v4.pdb	1693	0.89105254	0.025200527
P49815	1693	G	N		AF-P49815-F1-model_v4.pdb	1693	0.89831924	0.025174117
P49815	1693	G	P		AF-P49815-F1-model_v4.pdb	1693	0.90365535	0.0387339
P49815	1693	G	Q		AF-P49815-F1-model_v4.pdb	1693	0.8390298	0.020691806
P49815	1693	G	R		AF-P49815-F1-model_v4.pdb	1693	0.7739786	0.023503365
P49815	1693	G	S		AF-P49815-F1-model_v4.pdb	1693	0.9172697	0.028213726
P49815	1693	G	T		AF-P49815-F1-model_v4.pdb	1693	0.8088473	0.0089047
P49815	1693	G	V		AF-P49815-F1-model_v4.pdb	1693	0.8175198	0.030567732
P49815	1693	G	W		AF-P49815-F1-model_v4.pdb	1693	0.78761774	0.019598754
P49815	1693	G	Y		AF-P49815-F1-model_v4.pdb	1693	0.7934515	0.0120863225
P49815	1694	L	A		AF-P49815-F1-model_v4.pdb	1694	0.9657642	0.028683743
P49815	1694	L	C		AF-P49815-F1-model_v4.pdb	1694	0.97345483	0.04219306
P49815	1694	L	D		AF-P49815-F1-model_v4.pdb	1694	0.9264839	0.020657284
P49815	1694	L	E		AF-P49815-F1-model_v4.pdb	1694	0.9064199	0.019217085
P49815	1694	L	F		AF-P49815-F1-model_v4.pdb	1694	0.8390447	0.038905676
P49815	1694	L	G		AF-P49815-F1-model_v4.pdb	1694	0.95300406	0.026816921
P49815	1694	L	H		AF-P49815-F1-model_v4.pdb	1694	0.82159793	0.026302265
P49815	1694	L	I		AF-P49815-F1-model_v4.pdb	1694	0.9004943	0.03954138
P49815	1694	L	K		AF-P49815-F1-model_v4.pdb	1694	0.77739936	0.047654398
P49815	1694	L	M		AF-P49815-F1-model_v4.pdb	1694	0.8401662	0.040382188
P49815	1694	L	N		AF-P49815-F1-model_v4.pdb	1694	0.9209054	0.01726221
P49815	1694	L	P		AF-P49815-F1-model_v4.pdb	1694	0.73772335	0.04638724
P49815	1694	L	Q		AF-P49815-F1-model_v4.pdb	1694	0.86223966	0.020801848
P49815	1694	L	R		AF-P49815-F1-model_v4.pdb	1694	0.79248196	0.043790966
P49815	1694	L	S		AF-P49815-F1-model_v4.pdb	1694	0.90470964	0.021068476
P49815	1694	L	T		AF-P49815-F1-model_v4.pdb	1694	0.8583263	0.055735115
P49815	1694	L	V		AF-P49815-F1-model_v4.pdb	1694	0.9307779	0.053829305
P49815	1694	L	Y		AF-P49815-F1-model_v4.pdb	1694	0.8585947	0.01964904
P49815	1695	V	A		AF-P49815-F1-model_v4.pdb	1695	0.9160864	0.01838795
P49815	1695	V	C		AF-P49815-F1-model_v4.pdb	1695	0.9828949	0.030762136
P49815	1695	V	D		AF-P49815-F1-model_v4.pdb	1695	0.782199	0.05013387
P49815	1695	V	E		AF-P49815-F1-model_v4.pdb	1695	0.7941078	0.049852464
P49815	1695	V	F		AF-P49815-F1-model_v4.pdb	1695	0.996127	0.028926454
P49815	1695	V	G		AF-P49815-F1-model_v4.pdb	1695	0.9150631	0.044136398
P49815	1695	V	H		AF-P49815-F1-model_v4.pdb	1695	0.86204606	0.051159114
P49815	1695	V	I		AF-P49815-F1-model_v4.pdb	1695	0.9846631	0.010721562
P49815	1695	V	K		AF-P49815-F1-model_v4.pdb	1695	0.8389069	0.03755197
P49815	1695	V	L		AF-P49815-F1-model_v4.pdb	1695	0.9629242	0.016599316
P49815	1695	V	M		AF-P49815-F1-model_v4.pdb	1695	0.9350563	0.034618832
P49815	1695	V	N		AF-P49815-F1-model_v4.pdb	1695	0.85525036	0.0377563
P49815	1695	V	P		AF-P49815-F1-model_v4.pdb	1695	0.8384145	0.055304993
P49815	1695	V	Q		AF-P49815-F1-model_v4.pdb	1695	0.89686143	0.019716477
P49815	1695	V	R		AF-P49815-F1-model_v4.pdb	1695	0.79950327	0.054475706
P49815	1695	V	S		AF-P49815-F1-model_v4.pdb	1695	0.86676013	0.035202187
P49815	1695	V	T		AF-P49815-F1-model_v4.pdb	1695	0.8876206	0.029975517
P49815	1695	V	W		AF-P49815-F1-model_v4.pdb	1695	0.901409	0.04767644
P49815	1695	V	Y		AF-P49815-F1-model_v4.pdb	1695	0.8668705	0.0647644
P49815	1696	D	A		AF-P49815-F1-model_v4.pdb	1696	0.8860874	0.019953866
P49815	1696	D	C		AF-P49815-F1-model_v4.pdb	1696	0.8778132	0.026352132
P49815	1696	D	E		AF-P49815-F1-model_v4.pdb	1696	0.96955633	0.015794704
P49815	1696	D	F		AF-P49815-F1-model_v4.pdb	1696	0.8563636	0.019895684
P49815	1696	D	G		AF-P49815-F1-model_v4.pdb	1696	0.9334841	0.009922556
P49815	1696	D	H		AF-P49815-F1-model_v4.pdb	1696	0.94694364	0.015188118
P49815	1696	D	I		AF-P49815-F1-model_v4.pdb	1696	0.8595165	0.02491542
P49815	1696	D	K		AF-P49815-F1-model_v4.pdb	1696	0.9269859	0.011570725
P49815	1696	D	L		AF-P49815-F1-model_v4.pdb	1696	0.8562056	0.029872393
P49815	1696	D	M		AF-P49815-F1-model_v4.pdb	1696	0.87538356	0.03432573
P49815	1696	D	N		AF-P49815-F1-model_v4.pdb	1696	0.8951171	0.017540477
P49815	1696	D	P		AF-P49815-F1-model_v4.pdb	1696	0.9414271	0.0075887707
P49815	1696	D	Q		AF-P49815-F1-model_v4.pdb	1696	0.9475549	0.013216301
P49815	1696	D	R		AF-P49815-F1-model_v4.pdb	1696	0.9131114	0.013516057
P49815	1696	D	S		AF-P49815-F1-model_v4.pdb	1696	0.8891457	0.014888731
P49815	1696	D	T		AF-P49815-F1-model_v4.pdb	1696	0.9168228	0.017694674
P49815	1696	D	V		AF-P49815-F1-model_v4.pdb	1696	0.9061497	0.034747835
P49815	1696	D	W		AF-P49815-F1-model_v4.pdb	1696	0.86675465	0.023557672
P49815	1696	D	Y		AF-P49815-F1-model_v4.pdb	1696	0.9565908	0.010086886
P49815	1697	T	A		AF-P49815-F1-model_v4.pdb	1697	0.92023695	0.024749098
P49815	1697	T	C		AF-P49815-F1-model_v4.pdb	1697	0.927931	0.035142258
P49815	1697	T	D		AF-P49815-F1-model_v4.pdb	1697	0.86150277	0.034668796
P49815	1697	T	E		AF-P49815-F1-model_v4.pdb	1697	0.8531181	0.037384946
P49815	1697	T	F		AF-P49815-F1-model_v4.pdb	1697	0.8595557	0.012590402
P49815	1697	T	G		AF-P49815-F1-model_v4.pdb	1697	0.819168	0.04591566
P49815	1697	T	H		AF-P49815-F1-model_v4.pdb	1697	0.94714963	0.049221378
P49815	1697	T	I		AF-P49815-F1-model_v4.pdb	1697	0.85558575	0.023670712
P49815	1697	T	K		AF-P49815-F1-model_v4.pdb	1697	0.85069877	0.043293193
P49815	1697	T	L		AF-P49815-F1-model_v4.pdb	1697	0.9024321	0.014093498
P49815	1697	T	M		AF-P49815-F1-model_v4.pdb	1697	0.9664094	0.037605572
P49815	1697	T	N		AF-P49815-F1-model_v4.pdb	1697	0.9216987	0.03671791
P49815	1697	T	P		AF-P49815-F1-model_v4.pdb	1697	0.8427807	0.05329029
P49815	1697	T	Q		AF-P49815-F1-model_v4.pdb	1697	0.8661029	0.04230616
P49815	1697	T	R		AF-P49815-F1-model_v4.pdb	1697	0.8897392	0.036665138
P49815	1697	T	S		AF-P49815-F1-model_v4.pdb	1697	0.96245766	0.030341588
P49815	1697	T	V		AF-P49815-F1-model_v4.pdb	1697	0.8347411	0.014822769
P49815	1697	T	W		AF-P49815-F1-model_v4.pdb	1697	0.91175574	0.034871217
P49815	1697	T	Y		AF-P49815-F1-model_v4.pdb	1697	0.93513364	0.027500326
P49815	1698	S	A		AF-P49815-F1-model_v4.pdb	1698	0.9494092	0.036822475
P49815	1698	S	C		AF-P49815-F1-model_v4.pdb	1698	0.89057606	0.04176256
P49815	1698	S	D		AF-P49815-F1-model_v4.pdb	1698	0.8441409	0.056075435
P49815	1698	S	E		AF-P49815-F1-model_v4.pdb	1698	0.91704637	0.056059346
P49815	1698	S	F		AF-P49815-F1-model_v4.pdb	1698	0.93328583	0.025338821
P49815	1698	S	G		AF-P49815-F1-model_v4.pdb	1698	0.8942935	0.061446104
P49815	1698	S	H		AF-P49815-F1-model_v4.pdb	1698	0.92512923	0.03198
P49815	1698	S	I		AF-P49815-F1-model_v4.pdb	1698	0.89528483	0.033722304
P49815	1698	S	K		AF-P49815-F1-model_v4.pdb	1698	0.85126704	0.041587744
P49815	1698	S	L		AF-P49815-F1-model_v4.pdb	1698	0.88569057	0.034599174
P49815	1698	S	M		AF-P49815-F1-model_v4.pdb	1698	0.92637175	0.03718998
P49815	1698	S	N		AF-P49815-F1-model_v4.pdb	1698	0.840703	0.06824383
P49815	1698	S	P		AF-P49815-F1-model_v4.pdb	1698	0.85108757	0.035198633
P49815	1698	S	Q		AF-P49815-F1-model_v4.pdb	1698	0.91928416	0.037651747
P49815	1698	S	R		AF-P49815-F1-model_v4.pdb	1698	0.8989091	0.0290726
P49815	1698	S	T		AF-P49815-F1-model_v4.pdb	1698	0.9032761	0.04912006
P49815	1698	S	V		AF-P49815-F1-model_v4.pdb	1698	0.86436665	0.019208288
P49815	1698	S	W		AF-P49815-F1-model_v4.pdb	1698	0.9451005	0.026732797
P49815	1698	S	Y		AF-P49815-F1-model_v4.pdb	1698	0.94250554	0.025102766
P49815	1699	V	A		AF-P49815-F1-model_v4.pdb	1699	0.91263676	0.038000103
P49815	1699	V	C		AF-P49815-F1-model_v4.pdb	1699	1.008714	0.02498357
P49815	1699	V	D		AF-P49815-F1-model_v4.pdb	1699	0.8927016	0.014775403
P49815	1699	V	E		AF-P49815-F1-model_v4.pdb	1699	0.87870026	0.020743512
P49815	1699	V	F		AF-P49815-F1-model_v4.pdb	1699	0.9995157	0.02177843
P49815	1699	V	G		AF-P49815-F1-model_v4.pdb	1699	1.0156887	0.01752768
P49815	1699	V	H		AF-P49815-F1-model_v4.pdb	1699	0.9220505	0.044719137
P49815	1699	V	I		AF-P49815-F1-model_v4.pdb	1699	0.98909104	0.033460196
P49815	1699	V	K		AF-P49815-F1-model_v4.pdb	1699	0.85294884	0.041813206
P49815	1699	V	L		AF-P49815-F1-model_v4.pdb	1699	0.94279754	0.015568843
P49815	1699	V	M		AF-P49815-F1-model_v4.pdb	1699	0.8873275	0.032625698
P49815	1699	V	N		AF-P49815-F1-model_v4.pdb	1699	0.97218513	0.0010008551
P49815	1699	V	P		AF-P49815-F1-model_v4.pdb	1699	0.831065	0.04615767
P49815	1699	V	Q		AF-P49815-F1-model_v4.pdb	1699	0.9533494	0.033755783
P49815	1699	V	R		AF-P49815-F1-model_v4.pdb	1699	0.8057109	0.035929807
P49815	1699	V	S		AF-P49815-F1-model_v4.pdb	1699	0.86532676	0.0108833555
P49815	1699	V	T		AF-P49815-F1-model_v4.pdb	1699	0.87504464	0.023565857
P49815	1699	V	W		AF-P49815-F1-model_v4.pdb	1699	0.8878897	0.043728046
P49815	1699	V	Y		AF-P49815-F1-model_v4.pdb	1699	0.8968315	0.038277388
P49815	1700	A	C		AF-P49815-F1-model_v4.pdb	1700	1.0560831	0.017354496
P49815	1700	A	D		AF-P49815-F1-model_v4.pdb	1700	0.900115	0.039918747
P49815	1700	A	E		AF-P49815-F1-model_v4.pdb	1700	0.94472027	0.057753384
P49815	1700	A	F		AF-P49815-F1-model_v4.pdb	1700	0.8941816	0.012240679
P49815	1700	A	G		AF-P49815-F1-model_v4.pdb	1700	0.8857893	0.03451255
P49815	1700	A	H		AF-P49815-F1-model_v4.pdb	1700	0.91909945	0.02761863
P49815	1700	A	I		AF-P49815-F1-model_v4.pdb	1700	0.8671182	0.03342397
P49815	1700	A	K		AF-P49815-F1-model_v4.pdb	1700	0.8618617	0.030442156
P49815	1700	A	L		AF-P49815-F1-model_v4.pdb	1700	0.91061413	0.023556922
P49815	1700	A	M		AF-P49815-F1-model_v4.pdb	1700	0.9582859	0.014557271
P49815	1700	A	N		AF-P49815-F1-model_v4.pdb	1700	0.8705724	0.033737212
P49815	1700	A	P		AF-P49815-F1-model_v4.pdb	1700	0.9597489	0.025531616
P49815	1700	A	Q		AF-P49815-F1-model_v4.pdb	1700	0.928512	0.03903667
P49815	1700	A	R		AF-P49815-F1-model_v4.pdb	1700	0.9414855	0.0358888
P49815	1700	A	S		AF-P49815-F1-model_v4.pdb	1700	0.99449265	0.035104033
P49815	1700	A	T		AF-P49815-F1-model_v4.pdb	1700	0.970486	0.03021753
P49815	1700	A	V		AF-P49815-F1-model_v4.pdb	1700	0.8983507	0.029587818
P49815	1700	A	W		AF-P49815-F1-model_v4.pdb	1700	0.9003183	0.026143242
P49815	1700	A	Y		AF-P49815-F1-model_v4.pdb	1700	0.94531995	0.02617633
P49815	1701	K	A		AF-P49815-F1-model_v4.pdb	1701	0.8666709	0.024750251
P49815	1701	K	C		AF-P49815-F1-model_v4.pdb	1701	0.886493	0.034606703
P49815	1701	K	D		AF-P49815-F1-model_v4.pdb	1701	0.87432003	0.013103226
P49815	1701	K	E		AF-P49815-F1-model_v4.pdb	1701	0.931238	0.028221158
P49815	1701	K	F		AF-P49815-F1-model_v4.pdb	1701	0.8598801	0.049229436
P49815	1701	K	G		AF-P49815-F1-model_v4.pdb	1701	0.8405533	0.014472426
P49815	1701	K	H		AF-P49815-F1-model_v4.pdb	1701	0.9225356	0.022958966
P49815	1701	K	I		AF-P49815-F1-model_v4.pdb	1701	0.85786325	0.031942397
P49815	1701	K	L		AF-P49815-F1-model_v4.pdb	1701	0.8682024	0.032642446
P49815	1701	K	M		AF-P49815-F1-model_v4.pdb	1701	0.910689	0.037674766
P49815	1701	K	N		AF-P49815-F1-model_v4.pdb	1701	0.91787165	0.016894888
P49815	1701	K	P		AF-P49815-F1-model_v4.pdb	1701	0.76721996	0.032160822
P49815	1701	K	Q		AF-P49815-F1-model_v4.pdb	1701	0.9311985	0.028524857
P49815	1701	K	R		AF-P49815-F1-model_v4.pdb	1701	0.9648383	0.021759115
P49815	1701	K	S		AF-P49815-F1-model_v4.pdb	1701	0.8366211	0.014793008
P49815	1701	K	T		AF-P49815-F1-model_v4.pdb	1701	0.9119706	0.024116697
P49815	1701	K	V		AF-P49815-F1-model_v4.pdb	1701	0.8817905	0.038137216
P49815	1701	K	W		AF-P49815-F1-model_v4.pdb	1701	0.8094085	0.04493629
P49815	1701	K	Y		AF-P49815-F1-model_v4.pdb	1701	0.8988992	0.036585458
P49815	1702	I	A		AF-P49815-F1-model_v4.pdb	1702	0.9078742	0.013440948
P49815	1702	I	C		AF-P49815-F1-model_v4.pdb	1702	0.94986475	0.032631204
P49815	1702	I	D		AF-P49815-F1-model_v4.pdb	1702	0.7980449	0.024485871
P49815	1702	I	E		AF-P49815-F1-model_v4.pdb	1702	0.8659231	0.013474647
P49815	1702	I	F		AF-P49815-F1-model_v4.pdb	1702	0.85893565	0.048107013
P49815	1702	I	G		AF-P49815-F1-model_v4.pdb	1702	0.84480333	0.031690773
P49815	1702	I	H		AF-P49815-F1-model_v4.pdb	1702	0.80223864	0.05252611
P49815	1702	I	K		AF-P49815-F1-model_v4.pdb	1702	0.7586768	0.038885303
P49815	1702	I	L		AF-P49815-F1-model_v4.pdb	1702	0.9184621	0.026288528
P49815	1702	I	M		AF-P49815-F1-model_v4.pdb	1702	0.9238051	0.02205207
P49815	1702	I	N		AF-P49815-F1-model_v4.pdb	1702	0.85235757	0.02980303
P49815	1702	I	P		AF-P49815-F1-model_v4.pdb	1702	0.8165873	0.020021996
P49815	1702	I	Q		AF-P49815-F1-model_v4.pdb	1702	0.81962025	0.03486179
P49815	1702	I	R		AF-P49815-F1-model_v4.pdb	1702	0.7379502	0.050755993
P49815	1702	I	S		AF-P49815-F1-model_v4.pdb	1702	0.8650774	0.034803595
P49815	1702	I	T		AF-P49815-F1-model_v4.pdb	1702	0.87180537	0.036447976
P49815	1702	I	V		AF-P49815-F1-model_v4.pdb	1702	0.88765275	0.032645334
P49815	1702	I	W		AF-P49815-F1-model_v4.pdb	1702	0.8664341	0.05647728
P49815	1702	I	Y		AF-P49815-F1-model_v4.pdb	1702	0.8538721	0.0673052
P49815	1703	V	A		AF-P49815-F1-model_v4.pdb	1703	0.8563697	0.009857765
P49815	1703	V	C		AF-P49815-F1-model_v4.pdb	1703	0.9110858	0.032290168
P49815	1703	V	D		AF-P49815-F1-model_v4.pdb	1703	0.6798844	0.019026516
P49815	1703	V	E		AF-P49815-F1-model_v4.pdb	1703	0.72597903	0.019145016
P49815	1703	V	F		AF-P49815-F1-model_v4.pdb	1703	0.89657575	0.050554536
P49815	1703	V	G		AF-P49815-F1-model_v4.pdb	1703	0.8100764	0.024835933
P49815	1703	V	H		AF-P49815-F1-model_v4.pdb	1703	0.8050731	0.025852121
P49815	1703	V	I		AF-P49815-F1-model_v4.pdb	1703	0.8996601	0.014638895
P49815	1703	V	K		AF-P49815-F1-model_v4.pdb	1703	0.73449785	0.05457632
P49815	1703	V	L		AF-P49815-F1-model_v4.pdb	1703	0.8937869	0.034641337
P49815	1703	V	M		AF-P49815-F1-model_v4.pdb	1703	0.880225	0.019607568
P49815	1703	V	N		AF-P49815-F1-model_v4.pdb	1703	0.79267234	0.041336376
P49815	1703	V	P		AF-P49815-F1-model_v4.pdb	1703	0.74825346	0.039135948
P49815	1703	V	Q		AF-P49815-F1-model_v4.pdb	1703	0.7945524	0.022940122
P49815	1703	V	R		AF-P49815-F1-model_v4.pdb	1703	0.72684854	0.046529517
P49815	1703	V	S		AF-P49815-F1-model_v4.pdb	1703	0.8063728	0.02032607
P49815	1703	V	T		AF-P49815-F1-model_v4.pdb	1703	0.8418025	0.027225073
P49815	1703	V	W		AF-P49815-F1-model_v4.pdb	1703	0.82688636	0.054665938
P49815	1703	V	Y		AF-P49815-F1-model_v4.pdb	1703	0.816815	0.06064576
P49815	1704	S	A		AF-P49815-F1-model_v4.pdb	1704	0.95414627	0.033948686
P49815	1704	S	C		AF-P49815-F1-model_v4.pdb	1704	0.8803302	0.019195108
P49815	1704	S	D		AF-P49815-F1-model_v4.pdb	1704	0.918581	0.011909264
P49815	1704	S	E		AF-P49815-F1-model_v4.pdb	1704	0.9374477	0.042886306
P49815	1704	S	F		AF-P49815-F1-model_v4.pdb	1704	0.85296535	0.022799447
P49815	1704	S	G		AF-P49815-F1-model_v4.pdb	1704	0.90502167	0.025656436
P49815	1704	S	H		AF-P49815-F1-model_v4.pdb	1704	0.9422637	0.037732016
P49815	1704	S	I		AF-P49815-F1-model_v4.pdb	1704	0.7789546	0.0081247855
P49815	1704	S	K		AF-P49815-F1-model_v4.pdb	1704	0.8510625	0.035008222
P49815	1704	S	L		AF-P49815-F1-model_v4.pdb	1704	0.79280424	0.0067771412
P49815	1704	S	M		AF-P49815-F1-model_v4.pdb	1704	0.842326	0.024729319
P49815	1704	S	N		AF-P49815-F1-model_v4.pdb	1704	0.9286297	0.027177682
P49815	1704	S	P		AF-P49815-F1-model_v4.pdb	1704	0.93648785	0.02849465
P49815	1704	S	R		AF-P49815-F1-model_v4.pdb	1704	0.9345994	0.04190251
P49815	1704	S	T		AF-P49815-F1-model_v4.pdb	1704	0.9337071	0.014320739
P49815	1704	S	V		AF-P49815-F1-model_v4.pdb	1704	0.786093	0.03176997
P49815	1704	S	W		AF-P49815-F1-model_v4.pdb	1704	0.8802339	0.018258097
P49815	1704	S	Y		AF-P49815-F1-model_v4.pdb	1704	0.96188366	0.02546889
P49815	1705	D	A		AF-P49815-F1-model_v4.pdb	1705	0.8306516	0.029506208
P49815	1705	D	C		AF-P49815-F1-model_v4.pdb	1705	0.7837345	0.018547885
P49815	1705	D	E		AF-P49815-F1-model_v4.pdb	1705	0.88808167	0.031294655
P49815	1705	D	F		AF-P49815-F1-model_v4.pdb	1705	0.72972107	0.018085292
P49815	1705	D	G		AF-P49815-F1-model_v4.pdb	1705	0.87155503	0.009093998
P49815	1705	D	H		AF-P49815-F1-model_v4.pdb	1705	0.84619683	0.03198503
P49815	1705	D	I		AF-P49815-F1-model_v4.pdb	1705	0.6909709	0.02506922
P49815	1705	D	K		AF-P49815-F1-model_v4.pdb	1705	0.87976635	0.024318518
P49815	1705	D	L		AF-P49815-F1-model_v4.pdb	1705	0.7351557	0.021826416
P49815	1705	D	M		AF-P49815-F1-model_v4.pdb	1705	0.78781056	0.038515992
P49815	1705	D	N		AF-P49815-F1-model_v4.pdb	1705	0.90435284	0.03070922
P49815	1705	D	P		AF-P49815-F1-model_v4.pdb	1705	0.7245319	0.020634336
P49815	1705	D	Q		AF-P49815-F1-model_v4.pdb	1705	0.8332466	0.022606822
P49815	1705	D	S		AF-P49815-F1-model_v4.pdb	1705	0.861483	0.03284253
P49815	1705	D	T		AF-P49815-F1-model_v4.pdb	1705	0.8029103	0.03237288
P49815	1705	D	V		AF-P49815-F1-model_v4.pdb	1705	0.7228899	0.015134283
P49815	1705	D	W		AF-P49815-F1-model_v4.pdb	1705	0.7801442	0.027833274
P49815	1705	D	Y		AF-P49815-F1-model_v4.pdb	1705	0.7581605	0.01782873
P49815	1706	R	A		AF-P49815-F1-model_v4.pdb	1706	0.94114447	0.025204178
P49815	1706	R	C		AF-P49815-F1-model_v4.pdb	1706	0.9889124	0.0132356435
P49815	1706	R	D		AF-P49815-F1-model_v4.pdb	1706	0.94979334	0.022996143
P49815	1706	R	E		AF-P49815-F1-model_v4.pdb	1706	0.89701235	0.02533666
P49815	1706	R	F		AF-P49815-F1-model_v4.pdb	1706	0.8389341	0.014796195
P49815	1706	R	G		AF-P49815-F1-model_v4.pdb	1706	0.9902689	0.017862635
P49815	1706	R	H		AF-P49815-F1-model_v4.pdb	1706	0.9360523	0.019833732
P49815	1706	R	I		AF-P49815-F1-model_v4.pdb	1706	0.88833874	0.021015663
P49815	1706	R	K		AF-P49815-F1-model_v4.pdb	1706	0.85894215	0.040145945
P49815	1706	R	L		AF-P49815-F1-model_v4.pdb	1706	0.87919825	0.02496006
P49815	1706	R	M		AF-P49815-F1-model_v4.pdb	1706	0.87745893	0.028051468
P49815	1706	R	N		AF-P49815-F1-model_v4.pdb	1706	0.9125656	0.037118513
P49815	1706	R	P		AF-P49815-F1-model_v4.pdb	1706	1.0343857	0.026667472
P49815	1706	R	Q		AF-P49815-F1-model_v4.pdb	1706	0.90624034	0.023570316
P49815	1706	R	S		AF-P49815-F1-model_v4.pdb	1706	0.9592247	0.015196734
P49815	1706	R	T		AF-P49815-F1-model_v4.pdb	1706	0.99692345	0.013845793
P49815	1706	R	V		AF-P49815-F1-model_v4.pdb	1706	0.89614713	0.01137408
P49815	1706	R	W		AF-P49815-F1-model_v4.pdb	1706	0.8845545	0.041939247
P49815	1706	R	Y		AF-P49815-F1-model_v4.pdb	1706	0.9578053	0.02708741
P49815	1707	N	A		AF-P49815-F1-model_v4.pdb	1707	0.9274484	0.04429461
P49815	1707	N	C		AF-P49815-F1-model_v4.pdb	1707	0.8893291	0.04607351
P49815	1707	N	D		AF-P49815-F1-model_v4.pdb	1707	0.8843439	0.04883447
P49815	1707	N	E		AF-P49815-F1-model_v4.pdb	1707	0.8871435	0.034882747
P49815	1707	N	F		AF-P49815-F1-model_v4.pdb	1707	0.87320995	0.01815463
P49815	1707	N	G		AF-P49815-F1-model_v4.pdb	1707	1.0001496	0.01641347
P49815	1707	N	H		AF-P49815-F1-model_v4.pdb	1707	1.0479716	0.028706992
P49815	1707	N	I		AF-P49815-F1-model_v4.pdb	1707	0.8140441	0.024068335
P49815	1707	N	K		AF-P49815-F1-model_v4.pdb	1707	0.88463557	0.026886752
P49815	1707	N	L		AF-P49815-F1-model_v4.pdb	1707	0.839767	0.033697
P49815	1707	N	M		AF-P49815-F1-model_v4.pdb	1707	0.8946163	0.019713646
P49815	1707	N	P		AF-P49815-F1-model_v4.pdb	1707	0.89752924	0.02218513
P49815	1707	N	Q		AF-P49815-F1-model_v4.pdb	1707	0.9562829	0.034413747
P49815	1707	N	R		AF-P49815-F1-model_v4.pdb	1707	0.9529915	0.023129435
P49815	1707	N	S		AF-P49815-F1-model_v4.pdb	1707	0.98425406	0.056814745
P49815	1707	N	T		AF-P49815-F1-model_v4.pdb	1707	1.0234226	0.046515387
P49815	1707	N	V		AF-P49815-F1-model_v4.pdb	1707	0.792576	0.023469945
P49815	1707	N	W		AF-P49815-F1-model_v4.pdb	1707	0.8794068	0.015754951
P49815	1707	N	Y		AF-P49815-F1-model_v4.pdb	1707	0.96884763	0.043199174
P49815	1708	L	A		AF-P49815-F1-model_v4.pdb	1708	0.8924696	0.016112024
P49815	1708	L	C		AF-P49815-F1-model_v4.pdb	1708	0.92091197	0.013081591
P49815	1708	L	D		AF-P49815-F1-model_v4.pdb	1708	0.7791004	0.015913708
P49815	1708	L	E		AF-P49815-F1-model_v4.pdb	1708	0.69424695	0.040831577
P49815	1708	L	F		AF-P49815-F1-model_v4.pdb	1708	0.76260006	0.031468954
P49815	1708	L	G		AF-P49815-F1-model_v4.pdb	1708	0.67283565	0.025583599
P49815	1708	L	H		AF-P49815-F1-model_v4.pdb	1708	0.61597043	0.03919803
P49815	1708	L	I		AF-P49815-F1-model_v4.pdb	1708	0.802462	0.015681932
P49815	1708	L	K		AF-P49815-F1-model_v4.pdb	1708	0.6313702	0.036068354
P49815	1708	L	M		AF-P49815-F1-model_v4.pdb	1708	0.8093783	0.023191115
P49815	1708	L	N		AF-P49815-F1-model_v4.pdb	1708	0.79730004	0.015592926
P49815	1708	L	P		AF-P49815-F1-model_v4.pdb	1708	0.65036297	0.023146179
P49815	1708	L	Q		AF-P49815-F1-model_v4.pdb	1708	0.6643156	0.043267775
P49815	1708	L	R		AF-P49815-F1-model_v4.pdb	1708	0.57670367	0.033071373
P49815	1708	L	S		AF-P49815-F1-model_v4.pdb	1708	0.8535638	0.028939221
P49815	1708	L	T		AF-P49815-F1-model_v4.pdb	1708	0.8306197	0.026682813
P49815	1708	L	V		AF-P49815-F1-model_v4.pdb	1708	0.8828743	0.02559134
P49815	1708	L	W		AF-P49815-F1-model_v4.pdb	1708	0.78037345	0.020055769
P49815	1708	L	Y		AF-P49815-F1-model_v4.pdb	1708	0.6932913	0.033282306
P49815	1709	P	A		AF-P49815-F1-model_v4.pdb	1709	0.87688744	0.03056954
P49815	1709	P	C		AF-P49815-F1-model_v4.pdb	1709	0.8208626	0.027980532
P49815	1709	P	D		AF-P49815-F1-model_v4.pdb	1709	0.7082259	0.021813195
P49815	1709	P	E		AF-P49815-F1-model_v4.pdb	1709	0.75520194	0.017240938
P49815	1709	P	F		AF-P49815-F1-model_v4.pdb	1709	0.71608	0.038646925
P49815	1709	P	G		AF-P49815-F1-model_v4.pdb	1709	0.8968955	0.026942736
P49815	1709	P	H		AF-P49815-F1-model_v4.pdb	1709	0.8288191	0.023261856
P49815	1709	P	I		AF-P49815-F1-model_v4.pdb	1709	0.6639908	0.018970054
P49815	1709	P	K		AF-P49815-F1-model_v4.pdb	1709	0.79110545	0.019051572
P49815	1709	P	L		AF-P49815-F1-model_v4.pdb	1709	0.6689031	0.017731246
P49815	1709	P	M		AF-P49815-F1-model_v4.pdb	1709	0.7452282	0.015497634
P49815	1709	P	N		AF-P49815-F1-model_v4.pdb	1709	0.80400676	0.03031732
P49815	1709	P	Q		AF-P49815-F1-model_v4.pdb	1709	0.77426374	0.0184056
P49815	1709	P	R		AF-P49815-F1-model_v4.pdb	1709	0.7051407	0.028024264
P49815	1709	P	S		AF-P49815-F1-model_v4.pdb	1709	0.88780576	0.039213456
P49815	1709	P	T		AF-P49815-F1-model_v4.pdb	1709	0.9246046	0.03037301
P49815	1709	P	V		AF-P49815-F1-model_v4.pdb	1709	0.72598743	0.020905219
P49815	1709	P	W		AF-P49815-F1-model_v4.pdb	1709	0.6882311	0.013433104
P49815	1709	P	Y		AF-P49815-F1-model_v4.pdb	1709	0.811304	0.043113742
P49815	1710	F	A		AF-P49815-F1-model_v4.pdb	1710	0.90046656	0.020243889
P49815	1710	F	C		AF-P49815-F1-model_v4.pdb	1710	0.9255417	0.014444796
P49815	1710	F	D		AF-P49815-F1-model_v4.pdb	1710	0.73386025	0.016803756
P49815	1710	F	E		AF-P49815-F1-model_v4.pdb	1710	0.7440149	0.017997267
P49815	1710	F	G		AF-P49815-F1-model_v4.pdb	1710	0.8641448	0.011953625
P49815	1710	F	H		AF-P49815-F1-model_v4.pdb	1710	0.7228925	0.041128516
P49815	1710	F	I		AF-P49815-F1-model_v4.pdb	1710	0.97399247	0.009206904
P49815	1710	F	K		AF-P49815-F1-model_v4.pdb	1710	0.7421236	0.029629124
P49815	1710	F	L		AF-P49815-F1-model_v4.pdb	1710	0.9389845	0.01667077
P49815	1710	F	M		AF-P49815-F1-model_v4.pdb	1710	0.979802	0.016256167
P49815	1710	F	N		AF-P49815-F1-model_v4.pdb	1710	0.7632009	0.035557304
P49815	1710	F	P		AF-P49815-F1-model_v4.pdb	1710	0.7256064	0.051267117
P49815	1710	F	Q		AF-P49815-F1-model_v4.pdb	1710	0.7873031	0.024740973
P49815	1710	F	R		AF-P49815-F1-model_v4.pdb	1710	0.6325391	0.037974056
P49815	1710	F	S		AF-P49815-F1-model_v4.pdb	1710	0.9172888	0.017362464
P49815	1710	F	T		AF-P49815-F1-model_v4.pdb	1710	0.92991084	0.017550023
P49815	1710	F	V		AF-P49815-F1-model_v4.pdb	1710	0.91609067	0.01649769
P49815	1710	F	W		AF-P49815-F1-model_v4.pdb	1710	0.90995693	0.020584784
P49815	1710	F	Y		AF-P49815-F1-model_v4.pdb	1710	0.9462805	0.023100015
P49815	1711	V	A		AF-P49815-F1-model_v4.pdb	1711	0.8099639	0.029872475
P49815	1711	V	C		AF-P49815-F1-model_v4.pdb	1711	0.86566734	0.024426399
P49815	1711	V	D		AF-P49815-F1-model_v4.pdb	1711	0.7460375	0.010788031
P49815	1711	V	E		AF-P49815-F1-model_v4.pdb	1711	0.7462821	0.031039597
P49815	1711	V	F		AF-P49815-F1-model_v4.pdb	1711	0.8376848	0.036255505
P49815	1711	V	G		AF-P49815-F1-model_v4.pdb	1711	0.77241576	0.028916432
P49815	1711	V	H		AF-P49815-F1-model_v4.pdb	1711	0.6296979	0.030450324
P49815	1711	V	I		AF-P49815-F1-model_v4.pdb	1711	0.8570697	0.024185421
P49815	1711	V	K		AF-P49815-F1-model_v4.pdb	1711	0.6752876	0.03222451
P49815	1711	V	L		AF-P49815-F1-model_v4.pdb	1711	0.86506873	0.02097537
P49815	1711	V	M		AF-P49815-F1-model_v4.pdb	1711	0.7660419	0.0461189
P49815	1711	V	N		AF-P49815-F1-model_v4.pdb	1711	0.7465841	0.014002337
P49815	1711	V	P		AF-P49815-F1-model_v4.pdb	1711	0.63032424	0.045637
P49815	1711	V	Q		AF-P49815-F1-model_v4.pdb	1711	0.7725321	0.010076151
P49815	1711	V	R		AF-P49815-F1-model_v4.pdb	1711	0.65801156	0.025498435
P49815	1711	V	S		AF-P49815-F1-model_v4.pdb	1711	0.8257763	0.02290136
P49815	1711	V	T		AF-P49815-F1-model_v4.pdb	1711	0.80864775	0.018036256
P49815	1711	V	W		AF-P49815-F1-model_v4.pdb	1711	0.68226063	0.02561315
P49815	1711	V	Y		AF-P49815-F1-model_v4.pdb	1711	0.6172768	0.045847055
P49815	1712	A	C		AF-P49815-F1-model_v4.pdb	1712	0.86236084	0.032502342
P49815	1712	A	D		AF-P49815-F1-model_v4.pdb	1712	0.7062675	0.039544553
P49815	1712	A	E		AF-P49815-F1-model_v4.pdb	1712	0.69024646	0.03160894
P49815	1712	A	F		AF-P49815-F1-model_v4.pdb	1712	0.7619365	0.016579999
P49815	1712	A	G		AF-P49815-F1-model_v4.pdb	1712	0.85875523	0.009001132
P49815	1712	A	H		AF-P49815-F1-model_v4.pdb	1712	0.63370144	0.035324335
P49815	1712	A	I		AF-P49815-F1-model_v4.pdb	1712	0.7558366	0.028780852
P49815	1712	A	K		AF-P49815-F1-model_v4.pdb	1712	0.64769846	0.019347802
P49815	1712	A	L		AF-P49815-F1-model_v4.pdb	1712	0.73787713	0.013638981
P49815	1712	A	M		AF-P49815-F1-model_v4.pdb	1712	0.79955876	0.033051636
P49815	1712	A	N		AF-P49815-F1-model_v4.pdb	1712	0.6423006	0.042855617
P49815	1712	A	P		AF-P49815-F1-model_v4.pdb	1712	0.6574935	0.034590077
P49815	1712	A	Q		AF-P49815-F1-model_v4.pdb	1712	0.6539514	0.04877987
P49815	1712	A	R		AF-P49815-F1-model_v4.pdb	1712	0.6579621	0.012037887
P49815	1712	A	S		AF-P49815-F1-model_v4.pdb	1712	0.8487953	0.03315768
P49815	1712	A	T		AF-P49815-F1-model_v4.pdb	1712	0.8914045	0.017138395
P49815	1712	A	V		AF-P49815-F1-model_v4.pdb	1712	0.86085415	0.01747965
P49815	1712	A	W		AF-P49815-F1-model_v4.pdb	1712	0.62622863	0.023427729
P49815	1712	A	Y		AF-P49815-F1-model_v4.pdb	1712	0.7443816	0.0195485
P49815	1713	R	A		AF-P49815-F1-model_v4.pdb	1713	0.7906307	0.025746256
P49815	1713	R	C		AF-P49815-F1-model_v4.pdb	1713	0.8135449	0.020161055
P49815	1713	R	D		AF-P49815-F1-model_v4.pdb	1713	0.8413024	0.024349008
P49815	1713	R	E		AF-P49815-F1-model_v4.pdb	1713	0.7936119	0.042625107
P49815	1713	R	F		AF-P49815-F1-model_v4.pdb	1713	0.6862489	0.0114950845
P49815	1713	R	G		AF-P49815-F1-model_v4.pdb	1713	0.7595211	0.02205284
P49815	1713	R	H		AF-P49815-F1-model_v4.pdb	1713	0.82307595	0.03234092
P49815	1713	R	I		AF-P49815-F1-model_v4.pdb	1713	0.7779967	0.020777326
P49815	1713	R	K		AF-P49815-F1-model_v4.pdb	1713	0.7955968	0.013718629
P49815	1713	R	L		AF-P49815-F1-model_v4.pdb	1713	0.8593318	0.01471284
P49815	1713	R	M		AF-P49815-F1-model_v4.pdb	1713	0.8311292	0.031159421
P49815	1713	R	N		AF-P49815-F1-model_v4.pdb	1713	0.8290812	0.03751137
P49815	1713	R	P		AF-P49815-F1-model_v4.pdb	1713	0.7294991	0.028922725
P49815	1713	R	Q		AF-P49815-F1-model_v4.pdb	1713	0.8402815	0.044465452
P49815	1713	R	S		AF-P49815-F1-model_v4.pdb	1713	0.8198689	0.02933287
P49815	1713	R	T		AF-P49815-F1-model_v4.pdb	1713	0.8098653	0.030146258
P49815	1713	R	V		AF-P49815-F1-model_v4.pdb	1713	0.83922684	0.010960281
P49815	1713	R	W		AF-P49815-F1-model_v4.pdb	1713	0.60103464	0.030653825
P49815	1713	R	Y		AF-P49815-F1-model_v4.pdb	1713	0.75538063	0.028805705
P49815	1714	Q	A		AF-P49815-F1-model_v4.pdb	1714	0.9295659	0.020617103
P49815	1714	Q	C		AF-P49815-F1-model_v4.pdb	1714	0.928012	0.015990568
P49815	1714	Q	D		AF-P49815-F1-model_v4.pdb	1714	0.8982283	0.046947494
P49815	1714	Q	E		AF-P49815-F1-model_v4.pdb	1714	0.91516095	0.036619302
P49815	1714	Q	F		AF-P49815-F1-model_v4.pdb	1714	0.81932306	0.009333366
P49815	1714	Q	G		AF-P49815-F1-model_v4.pdb	1714	0.99125385	0.008787289
P49815	1714	Q	H		AF-P49815-F1-model_v4.pdb	1714	0.8740082	0.012944901
P49815	1714	Q	I		AF-P49815-F1-model_v4.pdb	1714	0.7811263	0.018019088
P49815	1714	Q	K		AF-P49815-F1-model_v4.pdb	1714	0.7394661	0.011955004
P49815	1714	Q	L		AF-P49815-F1-model_v4.pdb	1714	0.75388515	0.025815148
P49815	1714	Q	M		AF-P49815-F1-model_v4.pdb	1714	0.88940203	0.008062472
P49815	1714	Q	N		AF-P49815-F1-model_v4.pdb	1714	1.0059718	0.013910911
P49815	1714	Q	P		AF-P49815-F1-model_v4.pdb	1714	0.7881352	0.019106338
P49815	1714	Q	R		AF-P49815-F1-model_v4.pdb	1714	0.84902656	0.013146851
P49815	1714	Q	S		AF-P49815-F1-model_v4.pdb	1714	0.9236809	0.015397634
P49815	1714	Q	T		AF-P49815-F1-model_v4.pdb	1714	0.9474729	0.00934144
P49815	1714	Q	V		AF-P49815-F1-model_v4.pdb	1714	0.86590636	0.026552223
P49815	1714	Q	W		AF-P49815-F1-model_v4.pdb	1714	0.82772243	0.023872474
P49815	1714	Q	Y		AF-P49815-F1-model_v4.pdb	1714	0.82180053	0.02174559
P49815	1715	M	A		AF-P49815-F1-model_v4.pdb	1715	0.9155305	0.02271179
P49815	1715	M	C		AF-P49815-F1-model_v4.pdb	1715	0.8459488	0.021252623
P49815	1715	M	D		AF-P49815-F1-model_v4.pdb	1715	0.713618	0.021534687
P49815	1715	M	E		AF-P49815-F1-model_v4.pdb	1715	0.710728	0.03678278
P49815	1715	M	F		AF-P49815-F1-model_v4.pdb	1715	0.80607593	0.015430759
P49815	1715	M	G		AF-P49815-F1-model_v4.pdb	1715	0.8579386	0.01719722
P49815	1715	M	H		AF-P49815-F1-model_v4.pdb	1715	0.80246526	0.029711789
P49815	1715	M	I		AF-P49815-F1-model_v4.pdb	1715	0.8102561	0.03736933
P49815	1715	M	K		AF-P49815-F1-model_v4.pdb	1715	0.7336538	0.019747755
P49815	1715	M	L		AF-P49815-F1-model_v4.pdb	1715	0.8053152	0.045408163
P49815	1715	M	N		AF-P49815-F1-model_v4.pdb	1715	0.7791596	0.028876793
P49815	1715	M	P		AF-P49815-F1-model_v4.pdb	1715	0.8009575	0.030305605
P49815	1715	M	Q		AF-P49815-F1-model_v4.pdb	1715	0.7853918	0.023946898
P49815	1715	M	R		AF-P49815-F1-model_v4.pdb	1715	0.71357584	0.017220667
P49815	1715	M	S		AF-P49815-F1-model_v4.pdb	1715	0.8950917	0.0116785355
P49815	1715	M	T		AF-P49815-F1-model_v4.pdb	1715	0.895776	0.026716275
P49815	1715	M	V		AF-P49815-F1-model_v4.pdb	1715	0.8542711	0.028358947
P49815	1715	M	W		AF-P49815-F1-model_v4.pdb	1715	0.8321369	0.024946433
P49815	1715	M	Y		AF-P49815-F1-model_v4.pdb	1715	0.82229865	0.019625133
P49815	1716	A	C		AF-P49815-F1-model_v4.pdb	1716	0.86592424	0.03083362
P49815	1716	A	D		AF-P49815-F1-model_v4.pdb	1716	0.66354173	0.04105121
P49815	1716	A	E		AF-P49815-F1-model_v4.pdb	1716	0.7540414	0.036805682
P49815	1716	A	F		AF-P49815-F1-model_v4.pdb	1716	0.7979013	0.019013524
P49815	1716	A	G		AF-P49815-F1-model_v4.pdb	1716	0.8867329	0.026810665
P49815	1716	A	I		AF-P49815-F1-model_v4.pdb	1716	0.75945807	0.016088862
P49815	1716	A	K		AF-P49815-F1-model_v4.pdb	1716	0.70868146	0.015498384
P49815	1716	A	L		AF-P49815-F1-model_v4.pdb	1716	0.7745182	0.027662085
P49815	1716	A	M		AF-P49815-F1-model_v4.pdb	1716	0.8139057	0.026714489
P49815	1716	A	N		AF-P49815-F1-model_v4.pdb	1716	0.7321412	0.033403456
P49815	1716	A	P		AF-P49815-F1-model_v4.pdb	1716	0.7054586	0.03122451
P49815	1716	A	Q		AF-P49815-F1-model_v4.pdb	1716	0.765751	0.034031652
P49815	1716	A	R		AF-P49815-F1-model_v4.pdb	1716	0.72209376	0.022766227
P49815	1716	A	S		AF-P49815-F1-model_v4.pdb	1716	0.92307854	0.031956714
P49815	1716	A	T		AF-P49815-F1-model_v4.pdb	1716	0.9226267	0.015517644
P49815	1716	A	V		AF-P49815-F1-model_v4.pdb	1716	0.8303164	0.02235512
P49815	1716	A	W		AF-P49815-F1-model_v4.pdb	1716	0.80144024	0.02651405
P49815	1716	A	Y		AF-P49815-F1-model_v4.pdb	1716	0.84764755	0.020671053
P49815	1717	L	A		AF-P49815-F1-model_v4.pdb	1717	0.9178208	0.019722406
P49815	1717	L	C		AF-P49815-F1-model_v4.pdb	1717	0.8845067	0.025865205
P49815	1717	L	D		AF-P49815-F1-model_v4.pdb	1717	0.7644943	0.026459003
P49815	1717	L	E		AF-P49815-F1-model_v4.pdb	1717	0.75433743	0.03161852
P49815	1717	L	F		AF-P49815-F1-model_v4.pdb	1717	0.7293292	0.032129887
P49815	1717	L	G		AF-P49815-F1-model_v4.pdb	1717	0.74027836	0.032470122
P49815	1717	L	H		AF-P49815-F1-model_v4.pdb	1717	0.68247527	0.04532927
P49815	1717	L	I		AF-P49815-F1-model_v4.pdb	1717	0.8898193	0.01914759
P49815	1717	L	K		AF-P49815-F1-model_v4.pdb	1717	0.67601144	0.056425363
P49815	1717	L	M		AF-P49815-F1-model_v4.pdb	1717	0.92183924	0.024995808
P49815	1717	L	N		AF-P49815-F1-model_v4.pdb	1717	0.7367774	0.042940866
P49815	1717	L	P		AF-P49815-F1-model_v4.pdb	1717	0.60738784	0.038661152
P49815	1717	L	Q		AF-P49815-F1-model_v4.pdb	1717	0.7243795	0.03765024
P49815	1717	L	R		AF-P49815-F1-model_v4.pdb	1717	0.61134446	0.027390143
P49815	1717	L	S		AF-P49815-F1-model_v4.pdb	1717	0.78817904	0.055047024
P49815	1717	L	T		AF-P49815-F1-model_v4.pdb	1717	0.8361498	0.027074503
P49815	1717	L	V		AF-P49815-F1-model_v4.pdb	1717	0.85971755	0.018582974
P49815	1717	L	W		AF-P49815-F1-model_v4.pdb	1717	0.7030324	0.03187417
P49815	1717	L	Y		AF-P49815-F1-model_v4.pdb	1717	0.7198991	0.049285155
P49815	1718	H	Q		AF-P49815-F1-model_v4.pdb	1718	0.88082	0.026789887
P49815	1718	H	Y		AF-P49815-F1-model_v4.pdb	1718	0.8439558	0.024276773
P49815	1719	A	C		AF-P49815-F1-model_v4.pdb	1719	0.8661911	0.021272955
P49815	1719	A	D		AF-P49815-F1-model_v4.pdb	1719	0.829072	0.038166042
P49815	1719	A	E		AF-P49815-F1-model_v4.pdb	1719	0.8232338	0.046778966
P49815	1719	A	F		AF-P49815-F1-model_v4.pdb	1719	0.8307646	0.005253216
P49815	1719	A	G		AF-P49815-F1-model_v4.pdb	1719	0.9628471	0.026195236
P49815	1719	A	H		AF-P49815-F1-model_v4.pdb	1719	0.8237041	0.021755943
P49815	1719	A	I		AF-P49815-F1-model_v4.pdb	1719	0.8011321	0.011179985
P49815	1719	A	K		AF-P49815-F1-model_v4.pdb	1719	0.7722021	0.021845333
P49815	1719	A	M		AF-P49815-F1-model_v4.pdb	1719	0.8844619	0.009432243
P49815	1719	A	N		AF-P49815-F1-model_v4.pdb	1719	0.8489283	0.028543005
P49815	1719	A	P		AF-P49815-F1-model_v4.pdb	1719	0.7773547	0.029361786
P49815	1719	A	Q		AF-P49815-F1-model_v4.pdb	1719	0.8326232	0.038712185
P49815	1719	A	R		AF-P49815-F1-model_v4.pdb	1719	0.77879536	0.022807492
P49815	1719	A	S		AF-P49815-F1-model_v4.pdb	1719	0.8405469	0.03464373
P49815	1719	A	T		AF-P49815-F1-model_v4.pdb	1719	0.9468845	0.0198128
P49815	1719	A	V		AF-P49815-F1-model_v4.pdb	1719	0.8824779	0.018729782
P49815	1719	A	W		AF-P49815-F1-model_v4.pdb	1719	0.8044276	0.014360282
P49815	1719	A	Y		AF-P49815-F1-model_v4.pdb	1719	0.8466935	0.010864106
P49815	1720	N	A		AF-P49815-F1-model_v4.pdb	1720	0.8687299	0.029476847
P49815	1720	N	C		AF-P49815-F1-model_v4.pdb	1720	0.78696924	0.023878869
P49815	1720	N	D		AF-P49815-F1-model_v4.pdb	1720	0.96802443	0.030573154
P49815	1720	N	E		AF-P49815-F1-model_v4.pdb	1720	0.91251504	0.025826292
P49815	1720	N	F		AF-P49815-F1-model_v4.pdb	1720	0.8545321	0.03427242
P49815	1720	N	G		AF-P49815-F1-model_v4.pdb	1720	0.9378915	0.019102423
P49815	1720	N	H		AF-P49815-F1-model_v4.pdb	1720	0.90531385	0.022581972
P49815	1720	N	I		AF-P49815-F1-model_v4.pdb	1720	0.80987376	0.032253236
P49815	1720	N	K		AF-P49815-F1-model_v4.pdb	1720	0.857298	0.011210465
P49815	1720	N	L		AF-P49815-F1-model_v4.pdb	1720	0.81174433	0.019562531
P49815	1720	N	M		AF-P49815-F1-model_v4.pdb	1720	0.8122638	0.01784071
P49815	1720	N	P		AF-P49815-F1-model_v4.pdb	1720	0.70058554	0.026499001
P49815	1720	N	Q		AF-P49815-F1-model_v4.pdb	1720	0.9180263	0.010439437
P49815	1720	N	R		AF-P49815-F1-model_v4.pdb	1720	0.80560255	0.02364153
P49815	1720	N	S		AF-P49815-F1-model_v4.pdb	1720	0.90773314	0.03057473
P49815	1720	N	T		AF-P49815-F1-model_v4.pdb	1720	0.896867	0.027983973
P49815	1720	N	V		AF-P49815-F1-model_v4.pdb	1720	0.8500594	0.022810098
P49815	1720	N	W		AF-P49815-F1-model_v4.pdb	1720	0.75815594	0.03120902
P49815	1720	N	Y		AF-P49815-F1-model_v4.pdb	1720	0.94239056	0.041430574
P49815	1721	M	A		AF-P49815-F1-model_v4.pdb	1721	1.0064456	0.04295175
P49815	1721	M	C		AF-P49815-F1-model_v4.pdb	1721	0.88532305	0.015352692
P49815	1721	M	D		AF-P49815-F1-model_v4.pdb	1721	0.8859414	0.028151011
P49815	1721	M	E		AF-P49815-F1-model_v4.pdb	1721	0.8760133	0.02917309
P49815	1721	M	F		AF-P49815-F1-model_v4.pdb	1721	0.87681854	0.021754125
P49815	1721	M	G		AF-P49815-F1-model_v4.pdb	1721	0.9634697	0.029545497
P49815	1721	M	H		AF-P49815-F1-model_v4.pdb	1721	0.8533448	0.027952107
P49815	1721	M	I		AF-P49815-F1-model_v4.pdb	1721	0.9111292	0.021678194
P49815	1721	M	K		AF-P49815-F1-model_v4.pdb	1721	0.8564588	0.023926234
P49815	1721	M	L		AF-P49815-F1-model_v4.pdb	1721	0.872427	0.03048155
P49815	1721	M	N		AF-P49815-F1-model_v4.pdb	1721	0.88383687	0.03324459
P49815	1721	M	P		AF-P49815-F1-model_v4.pdb	1721	0.8640008	0.028223109
P49815	1721	M	Q		AF-P49815-F1-model_v4.pdb	1721	0.8970008	0.021076474
P49815	1721	M	R		AF-P49815-F1-model_v4.pdb	1721	0.8668541	0.015995616
P49815	1721	M	S		AF-P49815-F1-model_v4.pdb	1721	0.9885465	0.04450256
P49815	1721	M	T		AF-P49815-F1-model_v4.pdb	1721	0.972103	0.04500108
P49815	1721	M	V		AF-P49815-F1-model_v4.pdb	1721	0.9067089	0.023465108
P49815	1721	M	W		AF-P49815-F1-model_v4.pdb	1721	0.89494973	0.024443628
P49815	1721	M	Y		AF-P49815-F1-model_v4.pdb	1721	0.7997954	0.038576752
P49815	1722	A	C		AF-P49815-F1-model_v4.pdb	1722	0.89023954	0.020581994
P49815	1722	A	D		AF-P49815-F1-model_v4.pdb	1722	0.8139235	0.05049601
P49815	1722	A	E		AF-P49815-F1-model_v4.pdb	1722	0.84108716	0.049666736
P49815	1722	A	F		AF-P49815-F1-model_v4.pdb	1722	0.8300263	0.008040296
P49815	1722	A	G		AF-P49815-F1-model_v4.pdb	1722	0.90537107	0.036393516
P49815	1722	A	H		AF-P49815-F1-model_v4.pdb	1722	0.7638295	0.04409554
P49815	1722	A	I		AF-P49815-F1-model_v4.pdb	1722	0.7693362	0.014383349
P49815	1722	A	K		AF-P49815-F1-model_v4.pdb	1722	0.83266336	0.02272187
P49815	1722	A	L		AF-P49815-F1-model_v4.pdb	1722	0.80078495	0.01932928
P49815	1722	A	M		AF-P49815-F1-model_v4.pdb	1722	0.8638605	0.009154481
P49815	1722	A	N		AF-P49815-F1-model_v4.pdb	1722	0.88834065	0.024458777
P49815	1722	A	P		AF-P49815-F1-model_v4.pdb	1722	0.786888	0.02955269
P49815	1722	A	Q		AF-P49815-F1-model_v4.pdb	1722	0.8918913	0.034259535
P49815	1722	A	R		AF-P49815-F1-model_v4.pdb	1722	0.8054603	0.026407892
P49815	1722	A	S		AF-P49815-F1-model_v4.pdb	1722	0.87305325	0.027284576
P49815	1722	A	T		AF-P49815-F1-model_v4.pdb	1722	0.8913652	0.022879368
P49815	1722	A	V		AF-P49815-F1-model_v4.pdb	1722	0.826488	0.02374968
P49815	1722	A	W		AF-P49815-F1-model_v4.pdb	1722	0.7838481	0.019661041
P49815	1722	A	Y		AF-P49815-F1-model_v4.pdb	1722	0.87114877	0.007909454
P49815	1723	S	A		AF-P49815-F1-model_v4.pdb	1723	0.8780283	0.033384327
P49815	1723	S	C		AF-P49815-F1-model_v4.pdb	1723	0.8687662	0.019215422
P49815	1723	S	D		AF-P49815-F1-model_v4.pdb	1723	0.86442435	0.034396123
P49815	1723	S	E		AF-P49815-F1-model_v4.pdb	1723	0.8642634	0.027280742
P49815	1723	S	F		AF-P49815-F1-model_v4.pdb	1723	0.74872273	0.029303117
P49815	1723	S	G		AF-P49815-F1-model_v4.pdb	1723	0.7836422	0.03422479
P49815	1723	S	H		AF-P49815-F1-model_v4.pdb	1723	0.8368403	0.021144073
P49815	1723	S	I		AF-P49815-F1-model_v4.pdb	1723	0.7439704	0.015730862
P49815	1723	S	K		AF-P49815-F1-model_v4.pdb	1723	0.7616175	0.025617165
P49815	1723	S	L		AF-P49815-F1-model_v4.pdb	1723	0.69992983	0.014585185
P49815	1723	S	M		AF-P49815-F1-model_v4.pdb	1723	0.8104413	0.003187806
P49815	1723	S	N		AF-P49815-F1-model_v4.pdb	1723	0.80075043	0.011698063
P49815	1723	S	P		AF-P49815-F1-model_v4.pdb	1723	0.7414805	0.024891043
P49815	1723	S	Q		AF-P49815-F1-model_v4.pdb	1723	0.8635151	0.026909383
P49815	1723	S	R		AF-P49815-F1-model_v4.pdb	1723	0.7836245	0.015915245
P49815	1723	S	T		AF-P49815-F1-model_v4.pdb	1723	0.8675146	0.031756695
P49815	1723	S	V		AF-P49815-F1-model_v4.pdb	1723	0.7536572	0.021377912
P49815	1723	S	W		AF-P49815-F1-model_v4.pdb	1723	0.73133266	0.023243735
P49815	1723	S	Y		AF-P49815-F1-model_v4.pdb	1723	0.83538485	0.010715138
P49815	1724	Q	A		AF-P49815-F1-model_v4.pdb	1724	0.87275076	0.020076873
P49815	1724	Q	C		AF-P49815-F1-model_v4.pdb	1724	0.85950595	0.024638858
P49815	1724	Q	D		AF-P49815-F1-model_v4.pdb	1724	0.90635765	0.020759415
P49815	1724	Q	E		AF-P49815-F1-model_v4.pdb	1724	0.7956881	0.01949117
P49815	1724	Q	F		AF-P49815-F1-model_v4.pdb	1724	0.75032526	0.028067324
P49815	1724	Q	G		AF-P49815-F1-model_v4.pdb	1724	0.91347635	0.016249854
P49815	1724	Q	H		AF-P49815-F1-model_v4.pdb	1724	0.9064849	0.018623352
P49815	1724	Q	I		AF-P49815-F1-model_v4.pdb	1724	0.68650275	0.029335994
P49815	1724	Q	K		AF-P49815-F1-model_v4.pdb	1724	0.8028537	0.038837567
P49815	1724	Q	L		AF-P49815-F1-model_v4.pdb	1724	0.68773454	0.0217605
P49815	1724	Q	M		AF-P49815-F1-model_v4.pdb	1724	0.78806245	0.037957218
P49815	1724	Q	N		AF-P49815-F1-model_v4.pdb	1724	0.87646973	0.03318296
P49815	1724	Q	P		AF-P49815-F1-model_v4.pdb	1724	0.83687526	0.0054660095
P49815	1724	Q	R		AF-P49815-F1-model_v4.pdb	1724	0.78757656	0.017408088
P49815	1724	Q	S		AF-P49815-F1-model_v4.pdb	1724	0.90760547	0.027554983
P49815	1724	Q	T		AF-P49815-F1-model_v4.pdb	1724	0.90448153	0.01990485
P49815	1724	Q	V		AF-P49815-F1-model_v4.pdb	1724	0.7946028	0.043462057
P49815	1724	Q	W		AF-P49815-F1-model_v4.pdb	1724	0.7433033	0.012155878
P49815	1724	Q	Y		AF-P49815-F1-model_v4.pdb	1724	0.87462485	0.012490422
P49815	1725	V	A		AF-P49815-F1-model_v4.pdb	1725	0.96060836	0.05450358
P49815	1725	V	C		AF-P49815-F1-model_v4.pdb	1725	0.9405392	0.02325802
P49815	1725	V	D		AF-P49815-F1-model_v4.pdb	1725	0.95036125	0.012863334
P49815	1725	V	E		AF-P49815-F1-model_v4.pdb	1725	0.8247913	0.025765833
P49815	1725	V	F		AF-P49815-F1-model_v4.pdb	1725	0.9726421	0.027072318
P49815	1725	V	G		AF-P49815-F1-model_v4.pdb	1725	0.99949586	0.029136036
P49815	1725	V	H		AF-P49815-F1-model_v4.pdb	1725	0.866959	0.032911953
P49815	1725	V	I		AF-P49815-F1-model_v4.pdb	1725	0.90735924	0.022100268
P49815	1725	V	K		AF-P49815-F1-model_v4.pdb	1725	0.80537474	0.06354362
P49815	1725	V	L		AF-P49815-F1-model_v4.pdb	1725	0.8917754	0.011652434
P49815	1725	V	M		AF-P49815-F1-model_v4.pdb	1725	0.8850032	0.032967426
P49815	1725	V	N		AF-P49815-F1-model_v4.pdb	1725	0.9425731	0.018910727
P49815	1725	V	P		AF-P49815-F1-model_v4.pdb	1725	0.88547736	0.044995785
P49815	1725	V	Q		AF-P49815-F1-model_v4.pdb	1725	0.86235505	0.05710448
P49815	1725	V	R		AF-P49815-F1-model_v4.pdb	1725	0.75108916	0.06394034
P49815	1725	V	S		AF-P49815-F1-model_v4.pdb	1725	0.8968565	0.027991451
P49815	1725	V	T		AF-P49815-F1-model_v4.pdb	1725	0.889565	0.027107557
P49815	1725	V	W		AF-P49815-F1-model_v4.pdb	1725	0.8028801	0.031206988
P49815	1725	V	Y		AF-P49815-F1-model_v4.pdb	1725	0.88484097	0.035690796
P49815	1726	H	A		AF-P49815-F1-model_v4.pdb	1726	0.8812734	0.028248971
P49815	1726	H	C		AF-P49815-F1-model_v4.pdb	1726	0.84512013	0.03360079
P49815	1726	H	D		AF-P49815-F1-model_v4.pdb	1726	0.9216294	0.030673178
P49815	1726	H	E		AF-P49815-F1-model_v4.pdb	1726	0.9641551	0.032409858
P49815	1726	H	F		AF-P49815-F1-model_v4.pdb	1726	0.79839295	0.013502353
P49815	1726	H	G		AF-P49815-F1-model_v4.pdb	1726	0.935321	0.037132457
P49815	1726	H	I		AF-P49815-F1-model_v4.pdb	1726	0.724357	0.048480585
P49815	1726	H	K		AF-P49815-F1-model_v4.pdb	1726	0.861767	0.031971294
P49815	1726	H	L		AF-P49815-F1-model_v4.pdb	1726	0.77968395	0.030640775
P49815	1726	H	M		AF-P49815-F1-model_v4.pdb	1726	0.7981917	0.02320872
P49815	1726	H	N		AF-P49815-F1-model_v4.pdb	1726	0.94411534	0.04060821
P49815	1726	H	P		AF-P49815-F1-model_v4.pdb	1726	0.82838297	0.01776159
P49815	1726	H	Q		AF-P49815-F1-model_v4.pdb	1726	0.84187526	0.02141849
P49815	1726	H	R		AF-P49815-F1-model_v4.pdb	1726	0.8915049	0.03851277
P49815	1726	H	S		AF-P49815-F1-model_v4.pdb	1726	0.92224234	0.033975814
P49815	1726	H	T		AF-P49815-F1-model_v4.pdb	1726	0.9110052	0.049376916
P49815	1726	H	V		AF-P49815-F1-model_v4.pdb	1726	0.8188326	0.035079226
P49815	1726	H	W		AF-P49815-F1-model_v4.pdb	1726	0.8514263	0.023596182
P49815	1726	H	Y		AF-P49815-F1-model_v4.pdb	1726	0.8920727	0.025105728
P49815	1727	H	A		AF-P49815-F1-model_v4.pdb	1727	0.84973085	0.028704135
P49815	1727	H	C		AF-P49815-F1-model_v4.pdb	1727	0.7777482	0.037294183
P49815	1727	H	D		AF-P49815-F1-model_v4.pdb	1727	0.88273126	0.017704653
P49815	1727	H	E		AF-P49815-F1-model_v4.pdb	1727	0.9110309	0.019131074
P49815	1727	H	F		AF-P49815-F1-model_v4.pdb	1727	0.7903142	0.017938927
P49815	1727	H	G		AF-P49815-F1-model_v4.pdb	1727	0.87252206	0.026793055
P49815	1727	H	I		AF-P49815-F1-model_v4.pdb	1727	0.776208	0.04389157
P49815	1727	H	K		AF-P49815-F1-model_v4.pdb	1727	0.8466932	0.03623862
P49815	1727	H	L		AF-P49815-F1-model_v4.pdb	1727	0.80704135	0.028748533
P49815	1727	H	M		AF-P49815-F1-model_v4.pdb	1727	0.7960958	0.021106448
P49815	1727	H	N		AF-P49815-F1-model_v4.pdb	1727	0.89776576	0.032873258
P49815	1727	H	P		AF-P49815-F1-model_v4.pdb	1727	0.76046896	0.023785504
P49815	1727	H	Q		AF-P49815-F1-model_v4.pdb	1727	0.8760458	0.01452866
P49815	1727	H	R		AF-P49815-F1-model_v4.pdb	1727	0.8162773	0.048297655
P49815	1727	H	S		AF-P49815-F1-model_v4.pdb	1727	0.8443715	0.041586485
P49815	1727	H	T		AF-P49815-F1-model_v4.pdb	1727	0.8449667	0.030365678
P49815	1727	H	V		AF-P49815-F1-model_v4.pdb	1727	0.79074055	0.018101735
P49815	1727	H	W		AF-P49815-F1-model_v4.pdb	1727	0.83445966	0.02649916
P49815	1727	H	Y		AF-P49815-F1-model_v4.pdb	1727	0.8517793	0.020985527
P49815	1728	S	A		AF-P49815-F1-model_v4.pdb	1728	0.8500455	0.053781558
P49815	1728	S	C		AF-P49815-F1-model_v4.pdb	1728	0.98715	0.020515643
P49815	1728	S	D		AF-P49815-F1-model_v4.pdb	1728	0.9609995	0.007614587
P49815	1728	S	E		AF-P49815-F1-model_v4.pdb	1728	0.9110783	0.014080602
P49815	1728	S	F		AF-P49815-F1-model_v4.pdb	1728	0.9181426	0.01358471
P49815	1728	S	G		AF-P49815-F1-model_v4.pdb	1728	0.91311455	0.027892517
P49815	1728	S	H		AF-P49815-F1-model_v4.pdb	1728	0.94432944	0.020028546
P49815	1728	S	I		AF-P49815-F1-model_v4.pdb	1728	0.88871515	0.016066829
P49815	1728	S	K		AF-P49815-F1-model_v4.pdb	1728	0.8138334	0.038759872
P49815	1728	S	L		AF-P49815-F1-model_v4.pdb	1728	0.8243643	0.015601829
P49815	1728	S	M		AF-P49815-F1-model_v4.pdb	1728	0.9066459	0.016783679
P49815	1728	S	N		AF-P49815-F1-model_v4.pdb	1728	0.9022643	0.02679898
P49815	1728	S	P		AF-P49815-F1-model_v4.pdb	1728	0.8771057	0.010432888
P49815	1728	S	Q		AF-P49815-F1-model_v4.pdb	1728	0.93499196	0.016078712
P49815	1728	S	R		AF-P49815-F1-model_v4.pdb	1728	0.8636923	0.03617351
P49815	1728	S	T		AF-P49815-F1-model_v4.pdb	1728	0.90175474	0.029100515
P49815	1728	S	V		AF-P49815-F1-model_v4.pdb	1728	0.8440712	0.0315345
P49815	1728	S	W		AF-P49815-F1-model_v4.pdb	1728	0.8425363	0.011691019
P49815	1728	S	Y		AF-P49815-F1-model_v4.pdb	1728	0.99412405	0.018111236
P49815	1729	R	A		AF-P49815-F1-model_v4.pdb	1729	0.93346345	0.017599048
P49815	1729	R	C		AF-P49815-F1-model_v4.pdb	1729	1.0028522	0.013570943
P49815	1729	R	D		AF-P49815-F1-model_v4.pdb	1729	0.94613725	0.027392479
P49815	1729	R	E		AF-P49815-F1-model_v4.pdb	1729	0.96037424	0.019335106
P49815	1729	R	F		AF-P49815-F1-model_v4.pdb	1729	0.8275787	0.03585564
P49815	1729	R	G		AF-P49815-F1-model_v4.pdb	1729	0.980209	0.02111218
P49815	1729	R	H		AF-P49815-F1-model_v4.pdb	1729	0.94609535	0.048223324
P49815	1729	R	I		AF-P49815-F1-model_v4.pdb	1729	0.84517944	0.023911834
P49815	1729	R	K		AF-P49815-F1-model_v4.pdb	1729	0.9349211	0.0473409
P49815	1729	R	L		AF-P49815-F1-model_v4.pdb	1729	0.8189887	0.029874066
P49815	1729	R	M		AF-P49815-F1-model_v4.pdb	1729	0.92452085	0.027889667
P49815	1729	R	N		AF-P49815-F1-model_v4.pdb	1729	0.93626785	0.036364403
P49815	1729	R	P		AF-P49815-F1-model_v4.pdb	1729	0.86748856	0.017483683
P49815	1729	R	Q		AF-P49815-F1-model_v4.pdb	1729	0.92051125	0.023382088
P49815	1729	R	S		AF-P49815-F1-model_v4.pdb	1729	0.94716805	0.018697016
P49815	1729	R	T		AF-P49815-F1-model_v4.pdb	1729	0.920551	0.02166708
P49815	1729	R	V		AF-P49815-F1-model_v4.pdb	1729	0.8323401	0.026595144
P49815	1729	R	W		AF-P49815-F1-model_v4.pdb	1729	0.8724781	0.03655982
P49815	1729	R	Y		AF-P49815-F1-model_v4.pdb	1729	0.90010846	0.016981434
P49815	1730	S	A		AF-P49815-F1-model_v4.pdb	1730	0.965652	0.045808855
P49815	1730	S	C		AF-P49815-F1-model_v4.pdb	1730	0.9586214	0.028650517
P49815	1730	S	D		AF-P49815-F1-model_v4.pdb	1730	0.97963464	0.029669493
P49815	1730	S	E		AF-P49815-F1-model_v4.pdb	1730	0.9989699	0.038588732
P49815	1730	S	F		AF-P49815-F1-model_v4.pdb	1730	0.9465461	0.019868644
P49815	1730	S	G		AF-P49815-F1-model_v4.pdb	1730	0.93693745	0.027685491
P49815	1730	S	H		AF-P49815-F1-model_v4.pdb	1730	0.9476654	0.041155133
P49815	1730	S	I		AF-P49815-F1-model_v4.pdb	1730	0.8840914	0.031013094
P49815	1730	S	K		AF-P49815-F1-model_v4.pdb	1730	0.92361534	0.046917062
P49815	1730	S	L		AF-P49815-F1-model_v4.pdb	1730	0.9485118	0.027063495
P49815	1730	S	M		AF-P49815-F1-model_v4.pdb	1730	0.95967644	0.043015722
P49815	1730	S	N		AF-P49815-F1-model_v4.pdb	1730	0.9604427	0.04269277
P49815	1730	S	P		AF-P49815-F1-model_v4.pdb	1730	0.8189516	0.024115684
P49815	1730	S	Q		AF-P49815-F1-model_v4.pdb	1730	0.99044067	0.029282622
P49815	1730	S	R		AF-P49815-F1-model_v4.pdb	1730	0.9172574	0.04381649
P49815	1730	S	T		AF-P49815-F1-model_v4.pdb	1730	0.9157034	0.033618633
P49815	1730	S	V		AF-P49815-F1-model_v4.pdb	1730	0.8202637	0.031604223
P49815	1730	S	W		AF-P49815-F1-model_v4.pdb	1730	0.92703867	0.020040797
P49815	1730	S	Y		AF-P49815-F1-model_v4.pdb	1730	0.96980697	0.026144795
P49815	1731	N	A		AF-P49815-F1-model_v4.pdb	1731	0.91916215	0.030904196
P49815	1731	N	C		AF-P49815-F1-model_v4.pdb	1731	0.867809	0.030444473
P49815	1731	N	D		AF-P49815-F1-model_v4.pdb	1731	0.9780221	0.022550896
P49815	1731	N	E		AF-P49815-F1-model_v4.pdb	1731	0.9723673	0.018896645
P49815	1731	N	F		AF-P49815-F1-model_v4.pdb	1731	0.89105546	0.016002607
P49815	1731	N	G		AF-P49815-F1-model_v4.pdb	1731	0.90554905	0.027212158
P49815	1731	N	H		AF-P49815-F1-model_v4.pdb	1731	1.0426605	0.02691107
P49815	1731	N	I		AF-P49815-F1-model_v4.pdb	1731	0.89895266	0.015523312
P49815	1731	N	K		AF-P49815-F1-model_v4.pdb	1731	0.9540129	0.029243853
P49815	1731	N	L		AF-P49815-F1-model_v4.pdb	1731	0.84655637	0.010958988
P49815	1731	N	M		AF-P49815-F1-model_v4.pdb	1731	0.9185848	0.018043444
P49815	1731	N	P		AF-P49815-F1-model_v4.pdb	1731	0.8299219	0.027938638
P49815	1731	N	Q		AF-P49815-F1-model_v4.pdb	1731	1.0249635	0.018958438
P49815	1731	N	R		AF-P49815-F1-model_v4.pdb	1731	0.94328946	0.015839977
P49815	1731	N	S		AF-P49815-F1-model_v4.pdb	1731	0.9771759	0.026625482
P49815	1731	N	T		AF-P49815-F1-model_v4.pdb	1731	0.9978493	0.016745713
P49815	1731	N	V		AF-P49815-F1-model_v4.pdb	1731	0.89675677	0.03208874
P49815	1731	N	W		AF-P49815-F1-model_v4.pdb	1731	0.88827896	0.034964
P49815	1731	N	Y		AF-P49815-F1-model_v4.pdb	1731	0.98819053	0.010796068
P49815	1732	P	A		AF-P49815-F1-model_v4.pdb	1732	1.0240378	0.014178106
P49815	1732	P	C		AF-P49815-F1-model_v4.pdb	1732	1.0128201	0.009547974
P49815	1732	P	D		AF-P49815-F1-model_v4.pdb	1732	0.9108052	0.045537155
P49815	1732	P	E		AF-P49815-F1-model_v4.pdb	1732	0.8961458	0.018311892
P49815	1732	P	F		AF-P49815-F1-model_v4.pdb	1732	0.92468035	0.015460787
P49815	1732	P	G		AF-P49815-F1-model_v4.pdb	1732	0.88984954	0.034689832
P49815	1732	P	H		AF-P49815-F1-model_v4.pdb	1732	0.96559554	0.037376426
P49815	1732	P	I		AF-P49815-F1-model_v4.pdb	1732	0.9007491	0.025407447
P49815	1732	P	K		AF-P49815-F1-model_v4.pdb	1732	0.92403924	0.040678453
P49815	1732	P	L		AF-P49815-F1-model_v4.pdb	1732	0.8814141	0.024799962
P49815	1732	P	M		AF-P49815-F1-model_v4.pdb	1732	0.9627798	0.022970578
P49815	1732	P	N		AF-P49815-F1-model_v4.pdb	1732	0.93437225	0.05622831
P49815	1732	P	Q		AF-P49815-F1-model_v4.pdb	1732	0.9133517	0.042702366
P49815	1732	P	R		AF-P49815-F1-model_v4.pdb	1732	0.9045843	0.027857916
P49815	1732	P	S		AF-P49815-F1-model_v4.pdb	1732	0.8905839	0.035981074
P49815	1732	P	T		AF-P49815-F1-model_v4.pdb	1732	1.0053575	0.024718588
P49815	1732	P	V		AF-P49815-F1-model_v4.pdb	1732	0.8886286	0.022006907
P49815	1732	P	W		AF-P49815-F1-model_v4.pdb	1732	0.9190353	0.020499066
P49815	1732	P	Y		AF-P49815-F1-model_v4.pdb	1732	0.9392541	0.026352473
P49815	1733	T	A		AF-P49815-F1-model_v4.pdb	1733	0.86907303	0.0407427
P49815	1733	T	C		AF-P49815-F1-model_v4.pdb	1733	0.84996873	0.060453065
P49815	1733	T	D		AF-P49815-F1-model_v4.pdb	1733	0.7761647	0.08154767
P49815	1733	T	E		AF-P49815-F1-model_v4.pdb	1733	0.8597873	0.0542579
P49815	1733	T	F		AF-P49815-F1-model_v4.pdb	1733	0.8450018	0.060113896
P49815	1733	T	G		AF-P49815-F1-model_v4.pdb	1733	0.80066603	0.06405596
P49815	1733	T	H		AF-P49815-F1-model_v4.pdb	1733	0.86768323	0.07897809
P49815	1733	T	I		AF-P49815-F1-model_v4.pdb	1733	0.84740007	0.03035995
P49815	1733	T	K		AF-P49815-F1-model_v4.pdb	1733	0.8178002	0.08499193
P49815	1733	T	L		AF-P49815-F1-model_v4.pdb	1733	0.8483807	0.05259626
P49815	1733	T	M		AF-P49815-F1-model_v4.pdb	1733	0.86358416	0.06592148
P49815	1733	T	N		AF-P49815-F1-model_v4.pdb	1733	0.85503244	0.07480323
P49815	1733	T	P		AF-P49815-F1-model_v4.pdb	1733	0.8503288	0.039367978
P49815	1733	T	Q		AF-P49815-F1-model_v4.pdb	1733	0.8335522	0.06397231
P49815	1733	T	R		AF-P49815-F1-model_v4.pdb	1733	0.82655346	0.05592101
P49815	1733	T	S		AF-P49815-F1-model_v4.pdb	1733	0.9876844	0.066618234
P49815	1733	T	V		AF-P49815-F1-model_v4.pdb	1733	0.81362724	0.047594763
P49815	1733	T	W		AF-P49815-F1-model_v4.pdb	1733	0.9321523	0.040986877
P49815	1733	T	Y		AF-P49815-F1-model_v4.pdb	1733	0.8766402	0.06494907
P49815	1734	D	A		AF-P49815-F1-model_v4.pdb	1734	0.94835204	0.02463217
P49815	1734	D	C		AF-P49815-F1-model_v4.pdb	1734	0.95679176	0.014519887
P49815	1734	D	E		AF-P49815-F1-model_v4.pdb	1734	0.93424284	0.01694637
P49815	1734	D	F		AF-P49815-F1-model_v4.pdb	1734	0.893297	0.011497431
P49815	1734	D	G		AF-P49815-F1-model_v4.pdb	1734	0.95719206	0.020218829
P49815	1734	D	H		AF-P49815-F1-model_v4.pdb	1734	0.97394717	0.021314513
P49815	1734	D	I		AF-P49815-F1-model_v4.pdb	1734	0.88378555	0.015670294
P49815	1734	D	K		AF-P49815-F1-model_v4.pdb	1734	0.9615323	0.018654883
P49815	1734	D	L		AF-P49815-F1-model_v4.pdb	1734	0.84044755	0.021863114
P49815	1734	D	M		AF-P49815-F1-model_v4.pdb	1734	0.92003393	0.022129262
P49815	1734	D	N		AF-P49815-F1-model_v4.pdb	1734	0.9503187	0.030475153
P49815	1734	D	P		AF-P49815-F1-model_v4.pdb	1734	0.8716987	0.03348365
P49815	1734	D	Q		AF-P49815-F1-model_v4.pdb	1734	0.91787976	0.023400037
P49815	1734	D	R		AF-P49815-F1-model_v4.pdb	1734	0.9352399	0.020610204
P49815	1734	D	S		AF-P49815-F1-model_v4.pdb	1734	0.91515034	0.037098352
P49815	1734	D	T		AF-P49815-F1-model_v4.pdb	1734	0.96208984	0.017149974
P49815	1734	D	V		AF-P49815-F1-model_v4.pdb	1734	0.88647664	0.014727342
P49815	1734	D	W		AF-P49815-F1-model_v4.pdb	1734	0.88235617	0.021749575
P49815	1734	D	Y		AF-P49815-F1-model_v4.pdb	1734	0.92561805	0.040540174
P49815	1735	I	A		AF-P49815-F1-model_v4.pdb	1735	1.0166357	0.02400241
P49815	1735	I	C		AF-P49815-F1-model_v4.pdb	1735	1.0074987	0.032261647
P49815	1735	I	D		AF-P49815-F1-model_v4.pdb	1735	0.94200265	0.046847925
P49815	1735	I	E		AF-P49815-F1-model_v4.pdb	1735	0.9353719	0.031622715
P49815	1735	I	F		AF-P49815-F1-model_v4.pdb	1735	0.9815944	0.032882843
P49815	1735	I	G		AF-P49815-F1-model_v4.pdb	1735	0.9671931	0.041073266
P49815	1735	I	H		AF-P49815-F1-model_v4.pdb	1735	1.0153291	0.027622882
P49815	1735	I	K		AF-P49815-F1-model_v4.pdb	1735	0.99466485	0.027425334
P49815	1735	I	L		AF-P49815-F1-model_v4.pdb	1735	0.97462463	0.020092737
P49815	1735	I	M		AF-P49815-F1-model_v4.pdb	1735	0.9376826	0.039459106
P49815	1735	I	N		AF-P49815-F1-model_v4.pdb	1735	1.019944	0.027792675
P49815	1735	I	P		AF-P49815-F1-model_v4.pdb	1735	1.0270771	0.03491645
P49815	1735	I	Q		AF-P49815-F1-model_v4.pdb	1735	0.96409464	0.022184448
P49815	1735	I	R		AF-P49815-F1-model_v4.pdb	1735	1.0064942	0.035912458
P49815	1735	I	S		AF-P49815-F1-model_v4.pdb	1735	0.93331087	0.045588963
P49815	1735	I	T		AF-P49815-F1-model_v4.pdb	1735	0.92538947	0.025712283
P49815	1735	I	V		AF-P49815-F1-model_v4.pdb	1735	1.0045936	0.021979187
P49815	1735	I	W		AF-P49815-F1-model_v4.pdb	1735	0.8973573	0.05748959
P49815	1735	I	Y		AF-P49815-F1-model_v4.pdb	1735	0.96723807	0.032217707
P49815	1736	Y	A		AF-P49815-F1-model_v4.pdb	1736	0.84450084	0.033755876
P49815	1736	Y	C		AF-P49815-F1-model_v4.pdb	1736	0.904453	0.01728893
P49815	1736	Y	D		AF-P49815-F1-model_v4.pdb	1736	0.9518496	0.03437059
P49815	1736	Y	E		AF-P49815-F1-model_v4.pdb	1736	0.9325682	0.017072603
P49815	1736	Y	F		AF-P49815-F1-model_v4.pdb	1736	0.8527873	0.011863847
P49815	1736	Y	G		AF-P49815-F1-model_v4.pdb	1736	0.84987104	0.026156396
P49815	1736	Y	H		AF-P49815-F1-model_v4.pdb	1736	0.8847574	0.0272575
P49815	1736	Y	I		AF-P49815-F1-model_v4.pdb	1736	0.8954339	0.026165685
P49815	1736	Y	K		AF-P49815-F1-model_v4.pdb	1736	0.8584634	0.028426364
P49815	1736	Y	L		AF-P49815-F1-model_v4.pdb	1736	0.87444484	0.035744246
P49815	1736	Y	M		AF-P49815-F1-model_v4.pdb	1736	0.9285385	0.033905704
P49815	1736	Y	N		AF-P49815-F1-model_v4.pdb	1736	0.92748755	0.023781618
P49815	1736	Y	P		AF-P49815-F1-model_v4.pdb	1736	0.909006	0.022643391
P49815	1736	Y	Q		AF-P49815-F1-model_v4.pdb	1736	0.9213956	0.022361713
P49815	1736	Y	R		AF-P49815-F1-model_v4.pdb	1736	0.8379362	0.03656234
P49815	1736	Y	S		AF-P49815-F1-model_v4.pdb	1736	0.86242247	0.021771524
P49815	1736	Y	T		AF-P49815-F1-model_v4.pdb	1736	0.91258574	0.028116338
P49815	1736	Y	V		AF-P49815-F1-model_v4.pdb	1736	0.8825569	0.03186964
P49815	1736	Y	W		AF-P49815-F1-model_v4.pdb	1736	0.9347528	0.026466696
P49815	1737	P	A		AF-P49815-F1-model_v4.pdb	1737	0.91799057	0.025622102
P49815	1737	P	C		AF-P49815-F1-model_v4.pdb	1737	0.8783538	0.030534757
P49815	1737	P	D		AF-P49815-F1-model_v4.pdb	1737	0.9755246	0.013123602
P49815	1737	P	E		AF-P49815-F1-model_v4.pdb	1737	0.9656764	0.031252358
P49815	1737	P	F		AF-P49815-F1-model_v4.pdb	1737	0.8088396	0.01138927
P49815	1737	P	G		AF-P49815-F1-model_v4.pdb	1737	0.97084534	0.0048307036
P49815	1737	P	H		AF-P49815-F1-model_v4.pdb	1737	0.94783145	0.03996373
P49815	1737	P	I		AF-P49815-F1-model_v4.pdb	1737	0.74263304	0.016101118
P49815	1737	P	K		AF-P49815-F1-model_v4.pdb	1737	0.8993505	0.023828799
P49815	1737	P	L		AF-P49815-F1-model_v4.pdb	1737	0.80920506	0.029437982
P49815	1737	P	M		AF-P49815-F1-model_v4.pdb	1737	0.8607648	0.024642885
P49815	1737	P	N		AF-P49815-F1-model_v4.pdb	1737	0.9640471	0.011601929
P49815	1737	P	Q		AF-P49815-F1-model_v4.pdb	1737	0.9792244	0.02034085
P49815	1737	P	R		AF-P49815-F1-model_v4.pdb	1737	0.8331836	0.024807204
P49815	1737	P	S		AF-P49815-F1-model_v4.pdb	1737	0.9072155	0.008410052
P49815	1737	P	T		AF-P49815-F1-model_v4.pdb	1737	0.92996615	0.018992012
P49815	1737	P	V		AF-P49815-F1-model_v4.pdb	1737	0.8434456	0.016652977
P49815	1737	P	W		AF-P49815-F1-model_v4.pdb	1737	0.7819761	0.025150253
P49815	1737	P	Y		AF-P49815-F1-model_v4.pdb	1737	0.8185462	0.013246869
P49815	1738	S	A		AF-P49815-F1-model_v4.pdb	1738	0.92480487	0.024661306
P49815	1738	S	C		AF-P49815-F1-model_v4.pdb	1738	0.9989597	0.021468028
P49815	1738	S	D		AF-P49815-F1-model_v4.pdb	1738	1.0109841	0.023940317
P49815	1738	S	E		AF-P49815-F1-model_v4.pdb	1738	0.9891764	0.028951852
P49815	1738	S	F		AF-P49815-F1-model_v4.pdb	1738	0.93225706	0.032108504
P49815	1738	S	G		AF-P49815-F1-model_v4.pdb	1738	0.9619424	0.024007762
P49815	1738	S	H		AF-P49815-F1-model_v4.pdb	1738	0.97395056	0.028443547
P49815	1738	S	I		AF-P49815-F1-model_v4.pdb	1738	0.9185532	0.020119216
P49815	1738	S	K		AF-P49815-F1-model_v4.pdb	1738	0.8689865	0.034445908
P49815	1738	S	L		AF-P49815-F1-model_v4.pdb	1738	0.9187814	0.01397913
P49815	1738	S	M		AF-P49815-F1-model_v4.pdb	1738	0.93001616	0.024116328
P49815	1738	S	N		AF-P49815-F1-model_v4.pdb	1738	0.97140074	0.026225118
P49815	1738	S	P		AF-P49815-F1-model_v4.pdb	1738	0.9697896	0.016595157
P49815	1738	S	Q		AF-P49815-F1-model_v4.pdb	1738	0.96455353	0.04072899
P49815	1738	S	R		AF-P49815-F1-model_v4.pdb	1738	0.8962228	0.030404914
P49815	1738	S	T		AF-P49815-F1-model_v4.pdb	1738	0.97645915	0.018832134
P49815	1738	S	V		AF-P49815-F1-model_v4.pdb	1738	0.9154242	0.02714438
P49815	1738	S	W		AF-P49815-F1-model_v4.pdb	1738	0.93433094	0.02644834
P49815	1738	S	Y		AF-P49815-F1-model_v4.pdb	1738	0.98434764	0.03159815
P49815	1739	K	A		AF-P49815-F1-model_v4.pdb	1739	0.93706703	0.022416113
P49815	1739	K	C		AF-P49815-F1-model_v4.pdb	1739	0.9805242	0.020849641
P49815	1739	K	D		AF-P49815-F1-model_v4.pdb	1739	0.91463834	0.025537735
P49815	1739	K	E		AF-P49815-F1-model_v4.pdb	1739	0.93394434	0.022036677
P49815	1739	K	F		AF-P49815-F1-model_v4.pdb	1739	0.8144008	0.02547671
P49815	1739	K	G		AF-P49815-F1-model_v4.pdb	1739	0.9410683	0.0183454
P49815	1739	K	H		AF-P49815-F1-model_v4.pdb	1739	0.90454894	0.024831647
P49815	1739	K	I		AF-P49815-F1-model_v4.pdb	1739	0.8336218	0.018555956
P49815	1739	K	L		AF-P49815-F1-model_v4.pdb	1739	0.7981159	0.01978014
P49815	1739	K	M		AF-P49815-F1-model_v4.pdb	1739	0.77635753	0.020698493
P49815	1739	K	N		AF-P49815-F1-model_v4.pdb	1739	0.82960683	0.037893794
P49815	1739	K	P		AF-P49815-F1-model_v4.pdb	1739	0.996226	0.016923312
P49815	1739	K	Q		AF-P49815-F1-model_v4.pdb	1739	0.8827214	0.028479442
P49815	1739	K	R		AF-P49815-F1-model_v4.pdb	1739	0.8194437	0.015146756
P49815	1739	K	S		AF-P49815-F1-model_v4.pdb	1739	0.88660985	0.0356556
P49815	1739	K	T		AF-P49815-F1-model_v4.pdb	1739	0.883948	0.016276432
P49815	1739	K	V		AF-P49815-F1-model_v4.pdb	1739	0.89325905	0.029431231
P49815	1739	K	W		AF-P49815-F1-model_v4.pdb	1739	0.88607043	0.03559215
P49815	1739	K	Y		AF-P49815-F1-model_v4.pdb	1739	0.8928922	0.022341326
P49815	1740	W	A		AF-P49815-F1-model_v4.pdb	1740	0.8811005	0.008328526
P49815	1740	W	C		AF-P49815-F1-model_v4.pdb	1740	0.8555295	0.013876645
P49815	1740	W	D		AF-P49815-F1-model_v4.pdb	1740	0.86920005	0.010869865
P49815	1740	W	E		AF-P49815-F1-model_v4.pdb	1740	0.8871627	0.012725464
P49815	1740	W	F		AF-P49815-F1-model_v4.pdb	1740	0.8870462	0.02583725
P49815	1740	W	G		AF-P49815-F1-model_v4.pdb	1740	0.81326467	0.017518546
P49815	1740	W	H		AF-P49815-F1-model_v4.pdb	1740	0.8849848	0.015909173
P49815	1740	W	I		AF-P49815-F1-model_v4.pdb	1740	0.8799877	0.015605805
P49815	1740	W	K		AF-P49815-F1-model_v4.pdb	1740	0.8381114	0.01978151
P49815	1740	W	L		AF-P49815-F1-model_v4.pdb	1740	0.84323037	0.01775488
P49815	1740	W	M		AF-P49815-F1-model_v4.pdb	1740	0.9188368	0.005461109
P49815	1740	W	N		AF-P49815-F1-model_v4.pdb	1740	0.86445695	0.010544902
P49815	1740	W	P		AF-P49815-F1-model_v4.pdb	1740	0.8732651	0.015505726
P49815	1740	W	Q		AF-P49815-F1-model_v4.pdb	1740	0.8927412	0.01605143
P49815	1740	W	R		AF-P49815-F1-model_v4.pdb	1740	0.80892724	0.0132168215
P49815	1740	W	S		AF-P49815-F1-model_v4.pdb	1740	0.8426194	0.01054243
P49815	1740	W	T		AF-P49815-F1-model_v4.pdb	1740	0.82413894	0.014898558
P49815	1740	W	V		AF-P49815-F1-model_v4.pdb	1740	0.8388637	0.011783659
P49815	1740	W	Y		AF-P49815-F1-model_v4.pdb	1740	0.86833936	0.021802757
P49815	1741	I	A		AF-P49815-F1-model_v4.pdb	1741	1.0290225	0.024715055
P49815	1741	I	C		AF-P49815-F1-model_v4.pdb	1741	0.99092305	0.008560049
P49815	1741	I	D		AF-P49815-F1-model_v4.pdb	1741	0.9030467	0.022966607
P49815	1741	I	E		AF-P49815-F1-model_v4.pdb	1741	0.8934776	0.035683155
P49815	1741	I	F		AF-P49815-F1-model_v4.pdb	1741	0.84302694	0.041669063
P49815	1741	I	G		AF-P49815-F1-model_v4.pdb	1741	0.8770746	0.03592284
P49815	1741	I	H		AF-P49815-F1-model_v4.pdb	1741	0.88224447	0.029418705
P49815	1741	I	K		AF-P49815-F1-model_v4.pdb	1741	0.7867912	0.0302342
P49815	1741	I	L		AF-P49815-F1-model_v4.pdb	1741	0.95784456	0.01169795
P49815	1741	I	M		AF-P49815-F1-model_v4.pdb	1741	0.94660074	0.022434963
P49815	1741	I	N		AF-P49815-F1-model_v4.pdb	1741	0.895041	0.039772905
P49815	1741	I	P		AF-P49815-F1-model_v4.pdb	1741	0.95946884	0.044653624
P49815	1741	I	Q		AF-P49815-F1-model_v4.pdb	1741	0.93675566	0.029979689
P49815	1741	I	R		AF-P49815-F1-model_v4.pdb	1741	0.7598067	0.045548365
P49815	1741	I	S		AF-P49815-F1-model_v4.pdb	1741	0.93063325	0.029200487
P49815	1741	I	T		AF-P49815-F1-model_v4.pdb	1741	0.8839224	0.03206338
P49815	1741	I	V		AF-P49815-F1-model_v4.pdb	1741	0.88060504	0.06376008
P49815	1741	I	W		AF-P49815-F1-model_v4.pdb	1741	0.88575	0.05295845
P49815	1741	I	Y		AF-P49815-F1-model_v4.pdb	1741	0.87675923	0.059519313
P49815	1742	A	C		AF-P49815-F1-model_v4.pdb	1742	0.90908086	0.045323685
P49815	1742	A	D		AF-P49815-F1-model_v4.pdb	1742	0.8016464	0.029576603
P49815	1742	A	E		AF-P49815-F1-model_v4.pdb	1742	0.89881295	0.043545052
P49815	1742	A	F		AF-P49815-F1-model_v4.pdb	1742	0.8689028	0.026031468
P49815	1742	A	G		AF-P49815-F1-model_v4.pdb	1742	0.934111	0.021693608
P49815	1742	A	H		AF-P49815-F1-model_v4.pdb	1742	0.90728664	0.024885224
P49815	1742	A	I		AF-P49815-F1-model_v4.pdb	1742	0.79393065	0.018594354
P49815	1742	A	K		AF-P49815-F1-model_v4.pdb	1742	0.8244809	0.047477722
P49815	1742	A	L		AF-P49815-F1-model_v4.pdb	1742	0.8971329	0.016908066
P49815	1742	A	M		AF-P49815-F1-model_v4.pdb	1742	0.90951836	0.025447292
P49815	1742	A	N		AF-P49815-F1-model_v4.pdb	1742	0.8422755	0.031041125
P49815	1742	A	P		AF-P49815-F1-model_v4.pdb	1742	0.84987557	0.025737232
P49815	1742	A	Q		AF-P49815-F1-model_v4.pdb	1742	0.8886558	0.033489127
P49815	1742	A	R		AF-P49815-F1-model_v4.pdb	1742	0.882157	0.024180688
P49815	1742	A	S		AF-P49815-F1-model_v4.pdb	1742	0.9377905	0.028721124
P49815	1742	A	T		AF-P49815-F1-model_v4.pdb	1742	0.9411751	0.019072862
P49815	1742	A	V		AF-P49815-F1-model_v4.pdb	1742	0.8481528	0.020430036
P49815	1742	A	W		AF-P49815-F1-model_v4.pdb	1742	0.8162921	0.013225603
P49815	1742	A	Y		AF-P49815-F1-model_v4.pdb	1742	0.92587364	0.020747412
P49815	1743	R	A		AF-P49815-F1-model_v4.pdb	1743	0.9282716	0.008274475
P49815	1743	R	C		AF-P49815-F1-model_v4.pdb	1743	0.9140024	0.015918083
P49815	1743	R	D		AF-P49815-F1-model_v4.pdb	1743	0.9287632	0.019556072
P49815	1743	R	E		AF-P49815-F1-model_v4.pdb	1743	0.85513914	0.030565297
P49815	1743	R	F		AF-P49815-F1-model_v4.pdb	1743	0.73669547	0.031787407
P49815	1743	R	G		AF-P49815-F1-model_v4.pdb	1743	0.87011874	0.020785611
P49815	1743	R	H		AF-P49815-F1-model_v4.pdb	1743	0.85669327	0.0136866085
P49815	1743	R	I		AF-P49815-F1-model_v4.pdb	1743	0.86898553	0.024460083
P49815	1743	R	K		AF-P49815-F1-model_v4.pdb	1743	0.922217	0.014017511
P49815	1743	R	L		AF-P49815-F1-model_v4.pdb	1743	0.8618398	0.025761697
P49815	1743	R	M		AF-P49815-F1-model_v4.pdb	1743	0.867118	0.016499797
P49815	1743	R	N		AF-P49815-F1-model_v4.pdb	1743	0.9307841	0.030028416
P49815	1743	R	P		AF-P49815-F1-model_v4.pdb	1743	0.89067745	0.02398873
P49815	1743	R	Q		AF-P49815-F1-model_v4.pdb	1743	0.91950834	0.009699839
P49815	1743	R	S		AF-P49815-F1-model_v4.pdb	1743	0.92970073	0.011242082
P49815	1743	R	T		AF-P49815-F1-model_v4.pdb	1743	0.9388563	0.015564644
P49815	1743	R	V		AF-P49815-F1-model_v4.pdb	1743	0.90906316	0.014450867
P49815	1743	R	W		AF-P49815-F1-model_v4.pdb	1743	0.72983015	0.04490541
P49815	1743	R	Y		AF-P49815-F1-model_v4.pdb	1743	0.7989918	0.015753336
P49815	1744	L	A		AF-P49815-F1-model_v4.pdb	1744	0.9040778	0.016783182
P49815	1744	L	C		AF-P49815-F1-model_v4.pdb	1744	0.9084176	0.034670994
P49815	1744	L	D		AF-P49815-F1-model_v4.pdb	1744	0.7634896	0.030422918
P49815	1744	L	E		AF-P49815-F1-model_v4.pdb	1744	0.809748	0.03608822
P49815	1744	L	F		AF-P49815-F1-model_v4.pdb	1744	0.80134356	0.018845132
P49815	1744	L	G		AF-P49815-F1-model_v4.pdb	1744	0.82591164	0.028872473
P49815	1744	L	H		AF-P49815-F1-model_v4.pdb	1744	0.7837165	0.038207475
P49815	1744	L	I		AF-P49815-F1-model_v4.pdb	1744	0.73358405	0.010055417
P49815	1744	L	K		AF-P49815-F1-model_v4.pdb	1744	0.7035785	0.029021522
P49815	1744	L	M		AF-P49815-F1-model_v4.pdb	1744	0.8425434	0.01598161
P49815	1744	L	N		AF-P49815-F1-model_v4.pdb	1744	0.81008893	0.028297748
P49815	1744	L	P		AF-P49815-F1-model_v4.pdb	1744	0.77500343	0.050273392
P49815	1744	L	Q		AF-P49815-F1-model_v4.pdb	1744	0.7817463	0.034534298
P49815	1744	L	R		AF-P49815-F1-model_v4.pdb	1744	0.680796	0.0347986
P49815	1744	L	T		AF-P49815-F1-model_v4.pdb	1744	0.8620018	0.009784373
P49815	1744	L	V		AF-P49815-F1-model_v4.pdb	1744	0.81601965	0.013988556
P49815	1744	L	W		AF-P49815-F1-model_v4.pdb	1744	0.75562334	0.04424716
P49815	1744	L	Y		AF-P49815-F1-model_v4.pdb	1744	0.6974121	0.051829576
P49815	1745	R	A		AF-P49815-F1-model_v4.pdb	1745	0.87967396	0.010931738
P49815	1745	R	C		AF-P49815-F1-model_v4.pdb	1745	0.8375471	0.018050421
P49815	1745	R	D		AF-P49815-F1-model_v4.pdb	1745	0.9082123	0.009958308
P49815	1745	R	E		AF-P49815-F1-model_v4.pdb	1745	0.8791372	0.027165847
P49815	1745	R	G		AF-P49815-F1-model_v4.pdb	1745	0.87171155	0.025625579
P49815	1745	R	H		AF-P49815-F1-model_v4.pdb	1745	0.86903954	0.021281054
P49815	1745	R	I		AF-P49815-F1-model_v4.pdb	1745	0.7955171	0.027640373
P49815	1745	R	K		AF-P49815-F1-model_v4.pdb	1745	0.8988434	0.019810807
P49815	1745	R	L		AF-P49815-F1-model_v4.pdb	1745	0.79022276	0.030771397
P49815	1745	R	M		AF-P49815-F1-model_v4.pdb	1745	0.83714706	0.026295053
P49815	1745	R	N		AF-P49815-F1-model_v4.pdb	1745	0.8852579	0.011233283
P49815	1745	R	P		AF-P49815-F1-model_v4.pdb	1745	0.87168455	0.015088009
P49815	1745	R	Q		AF-P49815-F1-model_v4.pdb	1745	0.88307846	0.029129531
P49815	1745	R	S		AF-P49815-F1-model_v4.pdb	1745	0.91681767	0.01901887
P49815	1745	R	T		AF-P49815-F1-model_v4.pdb	1745	0.88092595	0.02232371
P49815	1745	R	V		AF-P49815-F1-model_v4.pdb	1745	0.8345479	0.014108146
P49815	1745	R	W		AF-P49815-F1-model_v4.pdb	1745	0.78820336	0.021506628
P49815	1745	R	Y		AF-P49815-F1-model_v4.pdb	1745	0.8385781	0.0215232
P49815	1746	H	A		AF-P49815-F1-model_v4.pdb	1746	0.87051123	0.019851739
P49815	1746	H	C		AF-P49815-F1-model_v4.pdb	1746	0.863105	0.022424432
P49815	1746	H	D		AF-P49815-F1-model_v4.pdb	1746	0.91721374	0.037113868
P49815	1746	H	E		AF-P49815-F1-model_v4.pdb	1746	0.9148346	0.030899137
P49815	1746	H	F		AF-P49815-F1-model_v4.pdb	1746	0.84004295	0.021298254
P49815	1746	H	G		AF-P49815-F1-model_v4.pdb	1746	0.94348735	0.007570147
P49815	1746	H	I		AF-P49815-F1-model_v4.pdb	1746	0.8433151	0.030173205
P49815	1746	H	K		AF-P49815-F1-model_v4.pdb	1746	0.81164515	0.019939728
P49815	1746	H	L		AF-P49815-F1-model_v4.pdb	1746	0.8588373	0.028475767
P49815	1746	H	M		AF-P49815-F1-model_v4.pdb	1746	0.8376502	0.026564214
P49815	1746	H	N		AF-P49815-F1-model_v4.pdb	1746	0.9325272	0.034875944
P49815	1746	H	P		AF-P49815-F1-model_v4.pdb	1746	0.8731268	0.015961483
P49815	1746	H	Q		AF-P49815-F1-model_v4.pdb	1746	0.871809	0.031737246
P49815	1746	H	R		AF-P49815-F1-model_v4.pdb	1746	0.9166732	0.011580013
P49815	1746	H	S		AF-P49815-F1-model_v4.pdb	1746	0.91069394	0.04809618
P49815	1746	H	T		AF-P49815-F1-model_v4.pdb	1746	0.9220149	0.023850242
P49815	1746	H	V		AF-P49815-F1-model_v4.pdb	1746	0.8453309	0.024943527
P49815	1746	H	W		AF-P49815-F1-model_v4.pdb	1746	0.93500453	0.033159
P49815	1746	H	Y		AF-P49815-F1-model_v4.pdb	1746	0.91954505	0.02274351
P49815	1747	I	A		AF-P49815-F1-model_v4.pdb	1747	0.9781197	0.01417065
P49815	1748	K	F		AF-P49815-F1-model_v4.pdb	1748	0.79784507	0.028680708
P49815	1748	K	H		AF-P49815-F1-model_v4.pdb	1748	0.9114164	0.014346947
P49815	1748	K	I		AF-P49815-F1-model_v4.pdb	1748	0.85331404	0.025657153
P49815	1748	K	N		AF-P49815-F1-model_v4.pdb	1748	0.9887093	0.025445517
P49815	1748	K	P		AF-P49815-F1-model_v4.pdb	1748	0.8735851	0.017034613
P49815	1748	K	R		AF-P49815-F1-model_v4.pdb	1748	0.96680987	0.027394827
P49815	1748	K	S		AF-P49815-F1-model_v4.pdb	1748	0.9903759	0.020802934
P49815	1748	K	T		AF-P49815-F1-model_v4.pdb	1748	0.91844213	0.018714802
P49815	1749	R	A		AF-P49815-F1-model_v4.pdb	1749	0.92228824	0.0055272165
P49815	1749	R	C		AF-P49815-F1-model_v4.pdb	1749	0.97394675	0.02317561
P49815	1749	R	D		AF-P49815-F1-model_v4.pdb	1749	0.98751545	0.024859339
P49815	1749	R	E		AF-P49815-F1-model_v4.pdb	1749	0.95015	0.027122393
P49815	1749	R	F		AF-P49815-F1-model_v4.pdb	1749	0.85406494	0.017763965
P49815	1749	R	G		AF-P49815-F1-model_v4.pdb	1749	1.0077342	0.015100121
P49815	1749	R	H		AF-P49815-F1-model_v4.pdb	1749	0.9367134	0.022290198
P49815	1749	R	I		AF-P49815-F1-model_v4.pdb	1749	0.9038528	0.01588217
P49815	1749	R	K		AF-P49815-F1-model_v4.pdb	1749	0.9662504	0.024155887
P49815	1749	R	L		AF-P49815-F1-model_v4.pdb	1749	0.9281017	0.016140401
P49815	1749	R	M		AF-P49815-F1-model_v4.pdb	1749	0.90886956	0.027888073
P49815	1749	R	N		AF-P49815-F1-model_v4.pdb	1749	1.019117	0.023126317
P49815	1749	R	S		AF-P49815-F1-model_v4.pdb	1749	0.9767624	0.019308012
P49815	1749	R	T		AF-P49815-F1-model_v4.pdb	1749	0.9976494	0.015815886
P49815	1749	R	V		AF-P49815-F1-model_v4.pdb	1749	0.98577565	0.010327218
P49815	1749	R	W		AF-P49815-F1-model_v4.pdb	1749	0.9586755	0.0143259065
P49815	1749	R	Y		AF-P49815-F1-model_v4.pdb	1749	0.95478857	0.023591718
P49815	1750	L	A		AF-P49815-F1-model_v4.pdb	1750	1.0107379	0.0072247703
P49815	1750	L	C		AF-P49815-F1-model_v4.pdb	1750	0.98789847	0.032456696
P49815	1750	L	D		AF-P49815-F1-model_v4.pdb	1750	0.8011583	0.03776734
P49815	1750	L	E		AF-P49815-F1-model_v4.pdb	1750	0.8085122	0.028637696
P49815	1750	L	F		AF-P49815-F1-model_v4.pdb	1750	0.8520072	0.028052658
P49815	1750	L	G		AF-P49815-F1-model_v4.pdb	1750	0.8601332	0.0212866
P49815	1750	L	H		AF-P49815-F1-model_v4.pdb	1750	0.8173636	0.033147212
P49815	1750	L	I		AF-P49815-F1-model_v4.pdb	1750	0.8972082	0.009838835
P49815	1750	L	K		AF-P49815-F1-model_v4.pdb	1750	0.74263465	0.04095755
P49815	1750	L	M		AF-P49815-F1-model_v4.pdb	1750	0.9337448	0.035369884
P49815	1750	L	N		AF-P49815-F1-model_v4.pdb	1750	0.8165951	0.051496755
P49815	1750	L	P		AF-P49815-F1-model_v4.pdb	1750	0.8047823	0.028434569
P49815	1750	L	Q		AF-P49815-F1-model_v4.pdb	1750	0.7983687	0.035685644
P49815	1750	L	R		AF-P49815-F1-model_v4.pdb	1750	0.7653359	0.040172447
P49815	1750	L	S		AF-P49815-F1-model_v4.pdb	1750	0.94903773	0.030300025
P49815	1750	L	T		AF-P49815-F1-model_v4.pdb	1750	0.8994101	0.017164947
P49815	1750	L	V		AF-P49815-F1-model_v4.pdb	1750	0.9484255	0.034701686
P49815	1750	L	W		AF-P49815-F1-model_v4.pdb	1750	0.7935399	0.035849527
P49815	1750	L	Y		AF-P49815-F1-model_v4.pdb	1750	0.7743954	0.052480556
P49815	1751	R	A		AF-P49815-F1-model_v4.pdb	1751	0.9332964	0.015533102
P49815	1751	R	C		AF-P49815-F1-model_v4.pdb	1751	0.889455	0.022063449
P49815	1751	R	D		AF-P49815-F1-model_v4.pdb	1751	0.9225205	0.013764191
P49815	1751	R	E		AF-P49815-F1-model_v4.pdb	1751	0.89083624	0.024667457
P49815	1751	R	G		AF-P49815-F1-model_v4.pdb	1751	0.9010046	0.013782476
P49815	1751	R	H		AF-P49815-F1-model_v4.pdb	1751	0.9118187	0.007327977
P49815	1751	R	I		AF-P49815-F1-model_v4.pdb	1751	0.7976142	0.03308361
P49815	1751	R	K		AF-P49815-F1-model_v4.pdb	1751	0.87036383	0.02610018
P49815	1751	R	L		AF-P49815-F1-model_v4.pdb	1751	0.8499874	0.03249826
P49815	1751	R	M		AF-P49815-F1-model_v4.pdb	1751	0.83139676	0.021291127
P49815	1751	R	N		AF-P49815-F1-model_v4.pdb	1751	0.865798	0.02662196
P49815	1751	R	P		AF-P49815-F1-model_v4.pdb	1751	0.820371	0.019055296
P49815	1751	R	Q		AF-P49815-F1-model_v4.pdb	1751	0.93702996	0.01462575
P49815	1751	R	S		AF-P49815-F1-model_v4.pdb	1751	0.9217122	0.013310903
P49815	1751	R	T		AF-P49815-F1-model_v4.pdb	1751	0.9083031	0.021234915
P49815	1751	R	V		AF-P49815-F1-model_v4.pdb	1751	0.8851765	0.032422923
P49815	1751	R	W		AF-P49815-F1-model_v4.pdb	1751	0.78503406	0.04532141
P49815	1751	R	Y		AF-P49815-F1-model_v4.pdb	1751	0.8488449	0.015931634
P49815	1752	Q	A		AF-P49815-F1-model_v4.pdb	1752	0.98284876	0.02192212
P49815	1752	Q	C		AF-P49815-F1-model_v4.pdb	1752	0.9402758	0.024566196
P49815	1752	Q	E		AF-P49815-F1-model_v4.pdb	1752	0.954333	0.022866698
P49815	1752	Q	F		AF-P49815-F1-model_v4.pdb	1752	0.8428232	0.041926667
P49815	1752	Q	G		AF-P49815-F1-model_v4.pdb	1752	0.98659354	0.030591654
P49815	1752	Q	H		AF-P49815-F1-model_v4.pdb	1752	0.97663194	0.018487323
P49815	1752	Q	I		AF-P49815-F1-model_v4.pdb	1752	0.81761104	0.027514424
P49815	1752	Q	K		AF-P49815-F1-model_v4.pdb	1752	0.9159261	0.01156888
P49815	1752	Q	L		AF-P49815-F1-model_v4.pdb	1752	0.78630966	0.027997285
P49815	1752	Q	M		AF-P49815-F1-model_v4.pdb	1752	0.8705538	0.008496613
P49815	1752	Q	N		AF-P49815-F1-model_v4.pdb	1752	1.0218886	0.021044888
P49815	1752	Q	P		AF-P49815-F1-model_v4.pdb	1752	0.9168391	0.014947201
P49815	1752	Q	R		AF-P49815-F1-model_v4.pdb	1752	0.91842526	0.013476149
P49815	1752	Q	T		AF-P49815-F1-model_v4.pdb	1752	0.97720385	0.024581287
P49815	1752	Q	V		AF-P49815-F1-model_v4.pdb	1752	0.848173	0.024978992
P49815	1752	Q	W		AF-P49815-F1-model_v4.pdb	1752	0.8631757	0.012253559
P49815	1752	Q	Y		AF-P49815-F1-model_v4.pdb	1752	0.91595	0.03221925
P49815	1753	R	C		AF-P49815-F1-model_v4.pdb	1753	0.9567661	0.020259166
P49815	1753	R	D		AF-P49815-F1-model_v4.pdb	1753	1.0126086	0.04638732
P49815	1753	R	E		AF-P49815-F1-model_v4.pdb	1753	1.0011861	0.033932697
P49815	1753	R	F		AF-P49815-F1-model_v4.pdb	1753	0.85978633	0.011155805
P49815	1753	R	G		AF-P49815-F1-model_v4.pdb	1753	0.9603163	0.035317943
P49815	1753	R	H		AF-P49815-F1-model_v4.pdb	1753	1.0142125	0.02620016
P49815	1753	R	K		AF-P49815-F1-model_v4.pdb	1753	0.9949582	0.028522925
P49815	1753	R	L		AF-P49815-F1-model_v4.pdb	1753	0.9233223	0.022985455
P49815	1753	R	M		AF-P49815-F1-model_v4.pdb	1753	0.89283335	0.027597852
P49815	1753	R	N		AF-P49815-F1-model_v4.pdb	1753	1.0263588	0.031584408
P49815	1753	R	P		AF-P49815-F1-model_v4.pdb	1753	0.89370507	0.023092853
P49815	1753	R	Q		AF-P49815-F1-model_v4.pdb	1753	1.0110548	0.02567873
P49815	1753	R	S		AF-P49815-F1-model_v4.pdb	1753	0.981328	0.026485624
P49815	1753	R	T		AF-P49815-F1-model_v4.pdb	1753	0.99483776	0.01868476
P49815	1753	R	V		AF-P49815-F1-model_v4.pdb	1753	0.94845057	0.012938503
P49815	1753	R	W		AF-P49815-F1-model_v4.pdb	1753	0.93742	0.022624837
P49815	1753	R	Y		AF-P49815-F1-model_v4.pdb	1753	0.98396224	0.019643957
P49815	1754	I	A		AF-P49815-F1-model_v4.pdb	1754	1.072619	0.024697337
P49815	1754	I	C		AF-P49815-F1-model_v4.pdb	1754	1.010379	0.016838765
P49815	1754	I	D		AF-P49815-F1-model_v4.pdb	1754	0.92017794	0.036361087
P49815	1754	I	E		AF-P49815-F1-model_v4.pdb	1754	0.9121815	0.038902834
P49815	1754	I	F		AF-P49815-F1-model_v4.pdb	1754	0.88391846	0.017429242
P49815	1754	I	G		AF-P49815-F1-model_v4.pdb	1754	0.91499186	0.0342351
P49815	1754	I	H		AF-P49815-F1-model_v4.pdb	1754	0.9366787	0.028946182
P49815	1754	I	K		AF-P49815-F1-model_v4.pdb	1754	0.8492004	0.032307547
P49815	1754	I	L		AF-P49815-F1-model_v4.pdb	1754	0.98703814	0.027660381
P49815	1754	I	M		AF-P49815-F1-model_v4.pdb	1754	0.99182796	0.030482756
P49815	1754	I	N		AF-P49815-F1-model_v4.pdb	1754	0.9724676	0.039037418
P49815	1754	I	P		AF-P49815-F1-model_v4.pdb	1754	0.8452055	0.0470146
P49815	1754	I	Q		AF-P49815-F1-model_v4.pdb	1754	0.9621099	0.008824729
P49815	1754	I	R		AF-P49815-F1-model_v4.pdb	1754	0.7977449	0.0328383
P49815	1754	I	S		AF-P49815-F1-model_v4.pdb	1754	1.0164454	0.043499667
P49815	1754	I	T		AF-P49815-F1-model_v4.pdb	1754	0.94791925	0.031053776
P49815	1754	I	V		AF-P49815-F1-model_v4.pdb	1754	0.9581585	0.03171893
P49815	1754	I	W		AF-P49815-F1-model_v4.pdb	1754	0.8637756	0.025747426
P49815	1754	I	Y		AF-P49815-F1-model_v4.pdb	1754	0.9070984	0.032543253
P49815	1755	C	A		AF-P49815-F1-model_v4.pdb	1755	0.95629674	0.04446963
P49815	1755	C	D		AF-P49815-F1-model_v4.pdb	1755	1.0017512	0.02324026
P49815	1755	C	E		AF-P49815-F1-model_v4.pdb	1755	0.9771048	0.048891697
P49815	1755	C	F		AF-P49815-F1-model_v4.pdb	1755	0.9248945	0.01623895
P49815	1755	C	G		AF-P49815-F1-model_v4.pdb	1755	0.92225134	0.025064448
P49815	1755	C	H		AF-P49815-F1-model_v4.pdb	1755	0.91664016	0.0151477195
P49815	1755	C	I		AF-P49815-F1-model_v4.pdb	1755	0.92671424	0.022514088
P49815	1755	C	K		AF-P49815-F1-model_v4.pdb	1755	0.8909009	0.017452925
P49815	1755	C	L		AF-P49815-F1-model_v4.pdb	1755	0.9210059	0.0077252253
P49815	1755	C	M		AF-P49815-F1-model_v4.pdb	1755	0.9645379	0.024655987
P49815	1755	C	N		AF-P49815-F1-model_v4.pdb	1755	1.0142834	0.019361565
P49815	1755	C	P		AF-P49815-F1-model_v4.pdb	1755	0.8993511	0.025748858
P49815	1755	C	Q		AF-P49815-F1-model_v4.pdb	1755	0.9754923	0.034370255
P49815	1755	C	R		AF-P49815-F1-model_v4.pdb	1755	0.87862855	0.013258488
P49815	1755	C	S		AF-P49815-F1-model_v4.pdb	1755	0.9068588	0.04306424
P49815	1755	C	T		AF-P49815-F1-model_v4.pdb	1755	0.9343421	0.020462086
P49815	1755	C	V		AF-P49815-F1-model_v4.pdb	1755	0.8861464	0.029060805
P49815	1755	C	W		AF-P49815-F1-model_v4.pdb	1755	0.8970119	0.023647532
P49815	1755	C	Y		AF-P49815-F1-model_v4.pdb	1755	0.8990151	0.009701729
P49815	1756	E	A		AF-P49815-F1-model_v4.pdb	1756	0.92753375	0.030885687
P49815	1756	E	C		AF-P49815-F1-model_v4.pdb	1756	0.9041233	0.03312766
P49815	1756	E	D		AF-P49815-F1-model_v4.pdb	1756	0.925196	0.042687606
P49815	1756	E	F		AF-P49815-F1-model_v4.pdb	1756	0.85516787	0.030009137
P49815	1756	E	G		AF-P49815-F1-model_v4.pdb	1756	0.92915	0.029376663
P49815	1756	E	H		AF-P49815-F1-model_v4.pdb	1756	0.9233241	0.028177615
P49815	1756	E	I		AF-P49815-F1-model_v4.pdb	1756	0.8480705	0.024626685
P49815	1756	E	K		AF-P49815-F1-model_v4.pdb	1756	0.8717788	0.009227564
P49815	1756	E	L		AF-P49815-F1-model_v4.pdb	1756	0.82919693	0.03456642
P49815	1756	E	M		AF-P49815-F1-model_v4.pdb	1756	0.8862869	0.01619545
P49815	1756	E	N		AF-P49815-F1-model_v4.pdb	1756	0.8950278	0.027653841
P49815	1756	E	P		AF-P49815-F1-model_v4.pdb	1756	0.825367	0.024381364
P49815	1756	E	Q		AF-P49815-F1-model_v4.pdb	1756	0.914664	0.02511926
P49815	1756	E	R		AF-P49815-F1-model_v4.pdb	1756	0.87114775	0.020336384
P49815	1756	E	S		AF-P49815-F1-model_v4.pdb	1756	0.87505645	0.022865558
P49815	1756	E	T		AF-P49815-F1-model_v4.pdb	1756	0.90219784	0.021677846
P49815	1756	E	V		AF-P49815-F1-model_v4.pdb	1756	0.8821136	0.024514
P49815	1756	E	W		AF-P49815-F1-model_v4.pdb	1756	0.9086089	0.013072577
P49815	1756	E	Y		AF-P49815-F1-model_v4.pdb	1756	0.898111	0.01645556
P49815	1757	E	A		AF-P49815-F1-model_v4.pdb	1757	0.88601273	0.020121217
P49815	1757	E	C		AF-P49815-F1-model_v4.pdb	1757	0.9121793	0.019324172
P49815	1757	E	D		AF-P49815-F1-model_v4.pdb	1757	0.9142041	0.027561998
P49815	1757	E	F		AF-P49815-F1-model_v4.pdb	1757	0.840449	0.014362707
P49815	1757	E	G		AF-P49815-F1-model_v4.pdb	1757	0.96879244	0.029026538
P49815	1757	E	H		AF-P49815-F1-model_v4.pdb	1757	0.8481518	0.027458586
P49815	1757	E	I		AF-P49815-F1-model_v4.pdb	1757	0.79085445	0.018192625
P49815	1757	E	K		AF-P49815-F1-model_v4.pdb	1757	0.80709493	0.02281413
P49815	1757	E	L		AF-P49815-F1-model_v4.pdb	1757	0.78896445	0.01587735
P49815	1757	E	M		AF-P49815-F1-model_v4.pdb	1757	0.81897366	0.019976385
P49815	1757	E	N		AF-P49815-F1-model_v4.pdb	1757	0.77889854	0.03630236
P49815	1757	E	P		AF-P49815-F1-model_v4.pdb	1757	0.83160245	0.015205338
P49815	1757	E	Q		AF-P49815-F1-model_v4.pdb	1757	0.8408101	0.024102341
P49815	1757	E	R		AF-P49815-F1-model_v4.pdb	1757	0.79050624	0.016382832
P49815	1757	E	S		AF-P49815-F1-model_v4.pdb	1757	0.86744577	0.021065561
P49815	1757	E	T		AF-P49815-F1-model_v4.pdb	1757	0.91947794	0.014624085
P49815	1757	E	V		AF-P49815-F1-model_v4.pdb	1757	0.86626196	0.020705974
P49815	1757	E	W		AF-P49815-F1-model_v4.pdb	1757	0.9260009	0.013143677
P49815	1757	E	Y		AF-P49815-F1-model_v4.pdb	1757	0.92390794	0.008089817
P49815	1758	A	C		AF-P49815-F1-model_v4.pdb	1758	0.99083364	0.023251247
P49815	1758	A	D		AF-P49815-F1-model_v4.pdb	1758	0.94089985	0.049743444
P49815	1758	A	E		AF-P49815-F1-model_v4.pdb	1758	0.996336	0.06693676
P49815	1758	A	F		AF-P49815-F1-model_v4.pdb	1758	1.020208	0.03439949
P49815	1758	A	G		AF-P49815-F1-model_v4.pdb	1758	0.9924162	0.027624136
P49815	1758	A	H		AF-P49815-F1-model_v4.pdb	1758	1.0002183	0.027992334
P49815	1758	A	I		AF-P49815-F1-model_v4.pdb	1758	1.0034144	0.028189033
P49815	1758	A	K		AF-P49815-F1-model_v4.pdb	1758	0.948621	0.025608266
P49815	1758	A	L		AF-P49815-F1-model_v4.pdb	1758	0.92014396	0.030481584
P49815	1758	A	M		AF-P49815-F1-model_v4.pdb	1758	0.9453554	0.03017016
P49815	1758	A	N		AF-P49815-F1-model_v4.pdb	1758	0.92813253	0.016327558
P49815	1758	A	P		AF-P49815-F1-model_v4.pdb	1758	0.8885845	0.014313141
P49815	1758	A	Q		AF-P49815-F1-model_v4.pdb	1758	0.98795253	0.035238348
P49815	1758	A	R		AF-P49815-F1-model_v4.pdb	1758	0.9395803	0.018524902
P49815	1758	A	S		AF-P49815-F1-model_v4.pdb	1758	0.9429153	0.037511755
P49815	1758	A	T		AF-P49815-F1-model_v4.pdb	1758	0.99056274	0.021894367
P49815	1758	A	V		AF-P49815-F1-model_v4.pdb	1758	1.0108811	0.014607484
P49815	1758	A	W		AF-P49815-F1-model_v4.pdb	1758	1.0065219	0.04345931
P49815	1758	A	Y		AF-P49815-F1-model_v4.pdb	1758	0.9972235	0.03326509
P49815	1759	A	C		AF-P49815-F1-model_v4.pdb	1759	0.9641026	0.025485883
P49815	1759	A	D		AF-P49815-F1-model_v4.pdb	1759	0.9570689	0.043827023
P49815	1759	A	E		AF-P49815-F1-model_v4.pdb	1759	0.98902714	0.06345019
P49815	1759	A	F		AF-P49815-F1-model_v4.pdb	1759	0.9612284	0.020364095
P49815	1759	A	G		AF-P49815-F1-model_v4.pdb	1759	0.9812237	0.039033618
P49815	1759	A	H		AF-P49815-F1-model_v4.pdb	1759	0.90810424	0.024156317
P49815	1759	A	I		AF-P49815-F1-model_v4.pdb	1759	0.9584975	0.03146645
P49815	1759	A	K		AF-P49815-F1-model_v4.pdb	1759	0.953833	0.021710513
P49815	1759	A	L		AF-P49815-F1-model_v4.pdb	1759	0.8921469	0.032043308
P49815	1759	A	M		AF-P49815-F1-model_v4.pdb	1759	0.9599117	0.03167605
P49815	1759	A	N		AF-P49815-F1-model_v4.pdb	1759	0.93483126	0.02645554
P49815	1759	A	P		AF-P49815-F1-model_v4.pdb	1759	0.91185284	0.008833278
P49815	1759	A	Q		AF-P49815-F1-model_v4.pdb	1759	0.9528066	0.037992474
P49815	1759	A	R		AF-P49815-F1-model_v4.pdb	1759	0.9849451	0.022463625
P49815	1759	A	S		AF-P49815-F1-model_v4.pdb	1759	1.0262487	0.05706337
P49815	1759	A	T		AF-P49815-F1-model_v4.pdb	1759	1.0149157	0.042937785
P49815	1759	A	V		AF-P49815-F1-model_v4.pdb	1759	0.9790307	0.029644385
P49815	1759	A	W		AF-P49815-F1-model_v4.pdb	1759	0.9732086	0.03442796
P49815	1759	A	Y		AF-P49815-F1-model_v4.pdb	1759	0.9402343	0.024812436
P49815	1760	Y	A		AF-P49815-F1-model_v4.pdb	1760	0.96700495	0.026920957
P49815	1760	Y	C		AF-P49815-F1-model_v4.pdb	1760	1.0239564	0.03357257
P49815	1760	Y	D		AF-P49815-F1-model_v4.pdb	1760	0.9916563	0.03898365
P49815	1760	Y	E		AF-P49815-F1-model_v4.pdb	1760	0.9881381	0.04579457
P49815	1760	Y	F		AF-P49815-F1-model_v4.pdb	1760	0.9308117	0.03575255
P49815	1760	Y	G		AF-P49815-F1-model_v4.pdb	1760	1.0193473	0.021624032
P49815	1760	Y	H		AF-P49815-F1-model_v4.pdb	1760	0.8865984	0.061057497
P49815	1760	Y	I		AF-P49815-F1-model_v4.pdb	1760	0.9040721	0.02795552
P49815	1760	Y	K		AF-P49815-F1-model_v4.pdb	1760	0.9375087	0.046974473
P49815	1760	Y	L		AF-P49815-F1-model_v4.pdb	1760	0.87230235	0.028330369
P49815	1760	Y	M		AF-P49815-F1-model_v4.pdb	1760	1.0071084	0.021099994
P49815	1760	Y	N		AF-P49815-F1-model_v4.pdb	1760	0.9648261	0.038880564
P49815	1760	Y	P		AF-P49815-F1-model_v4.pdb	1760	0.92244875	0.027836602
P49815	1760	Y	Q		AF-P49815-F1-model_v4.pdb	1760	0.8850233	0.06183186
P49815	1760	Y	R		AF-P49815-F1-model_v4.pdb	1760	0.8644581	0.044825923
P49815	1760	Y	S		AF-P49815-F1-model_v4.pdb	1760	0.9286583	0.03935312
P49815	1760	Y	T		AF-P49815-F1-model_v4.pdb	1760	0.9385856	0.053637303
P49815	1760	Y	V		AF-P49815-F1-model_v4.pdb	1760	0.93215865	0.02109434
P49815	1760	Y	W		AF-P49815-F1-model_v4.pdb	1760	0.9962756	0.034623254
P49815	1761	S	A		AF-P49815-F1-model_v4.pdb	1761	0.7790062	0.049919847
P49815	1761	S	C		AF-P49815-F1-model_v4.pdb	1761	0.8183037	0.04012939
P49815	1761	S	D		AF-P49815-F1-model_v4.pdb	1761	0.77224386	0.035752498
P49815	1761	S	E		AF-P49815-F1-model_v4.pdb	1761	0.8416303	0.03099114
P49815	1761	S	F		AF-P49815-F1-model_v4.pdb	1761	0.8522498	0.026159676
P49815	1761	S	G		AF-P49815-F1-model_v4.pdb	1761	0.82176	0.04840978
P49815	1761	S	H		AF-P49815-F1-model_v4.pdb	1761	0.8802885	0.028796008
P49815	1761	S	I		AF-P49815-F1-model_v4.pdb	1761	0.79660016	0.027391832
P49815	1761	S	K		AF-P49815-F1-model_v4.pdb	1761	0.73594546	0.035159465
P49815	1761	S	L		AF-P49815-F1-model_v4.pdb	1761	0.8352634	0.027713137
P49815	1761	S	M		AF-P49815-F1-model_v4.pdb	1761	0.868748	0.047244776
P49815	1761	S	N		AF-P49815-F1-model_v4.pdb	1761	0.82971334	0.050981548
P49815	1761	S	P		AF-P49815-F1-model_v4.pdb	1761	0.69487125	0.023871884
P49815	1761	S	Q		AF-P49815-F1-model_v4.pdb	1761	0.810067	0.03756681
P49815	1761	S	R		AF-P49815-F1-model_v4.pdb	1761	0.7621873	0.03565445
P49815	1761	S	T		AF-P49815-F1-model_v4.pdb	1761	0.84489995	0.029870529
P49815	1761	S	V		AF-P49815-F1-model_v4.pdb	1761	0.7847105	0.018849067
P49815	1761	S	W		AF-P49815-F1-model_v4.pdb	1761	0.8648683	0.01373646
P49815	1761	S	Y		AF-P49815-F1-model_v4.pdb	1761	0.9131619	0.02989827
P49815	1762	N	A		AF-P49815-F1-model_v4.pdb	1762	0.9483426	0.030729596
P49815	1762	N	C		AF-P49815-F1-model_v4.pdb	1762	0.93260705	0.033766255
P49815	1762	N	D		AF-P49815-F1-model_v4.pdb	1762	0.996765	0.02982913
P49815	1762	N	E		AF-P49815-F1-model_v4.pdb	1762	1.023015	0.008272161
P49815	1762	N	F		AF-P49815-F1-model_v4.pdb	1762	0.9152621	0.02321968
P49815	1762	N	G		AF-P49815-F1-model_v4.pdb	1762	0.92700565	0.022026535
P49815	1762	N	H		AF-P49815-F1-model_v4.pdb	1762	0.98257333	0.03152536
P49815	1762	N	I		AF-P49815-F1-model_v4.pdb	1762	0.95388335	0.018990872
P49815	1762	N	K		AF-P49815-F1-model_v4.pdb	1762	0.9670431	0.012671926
P49815	1762	N	L		AF-P49815-F1-model_v4.pdb	1762	0.9300701	0.023114568
P49815	1762	N	M		AF-P49815-F1-model_v4.pdb	1762	0.94153035	0.020862576
P49815	1762	N	P		AF-P49815-F1-model_v4.pdb	1762	0.8835521	0.03348677
P49815	1762	N	Q		AF-P49815-F1-model_v4.pdb	1762	0.9714428	0.0139443595
P49815	1762	N	R		AF-P49815-F1-model_v4.pdb	1762	0.98925674	0.025236838
P49815	1762	N	S		AF-P49815-F1-model_v4.pdb	1762	0.98083305	0.027128529
P49815	1762	N	T		AF-P49815-F1-model_v4.pdb	1762	1.0025612	0.025660567
P49815	1762	N	V		AF-P49815-F1-model_v4.pdb	1762	0.9460867	0.016353492
P49815	1762	N	W		AF-P49815-F1-model_v4.pdb	1762	0.917387	0.039042428
P49815	1762	N	Y		AF-P49815-F1-model_v4.pdb	1762	1.0229449	0.016480133
P49815	1763	P	A		AF-P49815-F1-model_v4.pdb	1763	0.8393034	0.039873958
P49815	1763	P	C		AF-P49815-F1-model_v4.pdb	1763	0.84624195	0.029064052
P49815	1763	P	D		AF-P49815-F1-model_v4.pdb	1763	0.7898691	0.03230036
P49815	1763	P	E		AF-P49815-F1-model_v4.pdb	1763	0.86822635	0.012613625
P49815	1763	P	F		AF-P49815-F1-model_v4.pdb	1763	0.8821527	0.024374036
P49815	1763	P	G		AF-P49815-F1-model_v4.pdb	1763	0.81795776	0.036375713
P49815	1763	P	H		AF-P49815-F1-model_v4.pdb	1763	0.8355988	0.03433593
P49815	1763	P	I		AF-P49815-F1-model_v4.pdb	1763	0.8451112	0.01741203
P49815	1763	P	K		AF-P49815-F1-model_v4.pdb	1763	0.7830121	0.028563013
P49815	1763	P	L		AF-P49815-F1-model_v4.pdb	1763	0.844656	0.017612742
P49815	1763	P	M		AF-P49815-F1-model_v4.pdb	1763	0.8434065	0.026689438
P49815	1763	P	N		AF-P49815-F1-model_v4.pdb	1763	0.8409707	0.046698555
P49815	1763	P	Q		AF-P49815-F1-model_v4.pdb	1763	0.8504756	0.027706305
P49815	1763	P	R		AF-P49815-F1-model_v4.pdb	1763	0.77335584	0.021836188
P49815	1763	P	S		AF-P49815-F1-model_v4.pdb	1763	0.78143704	0.051797677
P49815	1763	P	T		AF-P49815-F1-model_v4.pdb	1763	0.8478516	0.033238694
P49815	1763	P	V		AF-P49815-F1-model_v4.pdb	1763	0.8689454	0.021596495
P49815	1763	P	W		AF-P49815-F1-model_v4.pdb	1763	0.8724575	0.021553328
P49815	1763	P	Y		AF-P49815-F1-model_v4.pdb	1763	0.9296912	0.027391737
P49815	1764	S	A		AF-P49815-F1-model_v4.pdb	1764	1.0488024	0.014702324
P49815	1764	S	C		AF-P49815-F1-model_v4.pdb	1764	1.0682099	0.043213163
P49815	1764	S	D		AF-P49815-F1-model_v4.pdb	1764	1.0744789	0.017663447
P49815	1764	S	E		AF-P49815-F1-model_v4.pdb	1764	1.1241016	0.01858029
P49815	1764	S	F		AF-P49815-F1-model_v4.pdb	1764	1.054661	0.031532764
P49815	1764	S	G		AF-P49815-F1-model_v4.pdb	1764	0.9772051	0.010351744
P49815	1764	S	H		AF-P49815-F1-model_v4.pdb	1764	1.075725	0.019782588
P49815	1764	S	I		AF-P49815-F1-model_v4.pdb	1764	0.98680717	0.032602303
P49815	1764	S	K		AF-P49815-F1-model_v4.pdb	1764	0.95341414	0.022340927
P49815	1764	S	L		AF-P49815-F1-model_v4.pdb	1764	1.0188296	0.030873783
P49815	1764	S	M		AF-P49815-F1-model_v4.pdb	1764	1.0295284	0.019877996
P49815	1764	S	N		AF-P49815-F1-model_v4.pdb	1764	1.0424925	0.025209852
P49815	1764	S	P		AF-P49815-F1-model_v4.pdb	1764	0.9576724	0.0333015
P49815	1764	S	Q		AF-P49815-F1-model_v4.pdb	1764	1.0630013	0.018315451
P49815	1764	S	R		AF-P49815-F1-model_v4.pdb	1764	0.9554912	0.026830161
P49815	1764	S	T		AF-P49815-F1-model_v4.pdb	1764	1.0847918	0.019183794
P49815	1764	S	V		AF-P49815-F1-model_v4.pdb	1764	1.0058105	0.02676233
P49815	1764	S	W		AF-P49815-F1-model_v4.pdb	1764	1.0521238	0.017154455
P49815	1764	S	Y		AF-P49815-F1-model_v4.pdb	1764	1.1040182	0.03189104
P49815	1765	L	A		AF-P49815-F1-model_v4.pdb	1765	0.9319417	0.021199336
P49815	1765	L	C		AF-P49815-F1-model_v4.pdb	1765	0.9382205	0.033621863
P49815	1765	L	D		AF-P49815-F1-model_v4.pdb	1765	0.9125705	0.030098477
P49815	1765	L	E		AF-P49815-F1-model_v4.pdb	1765	0.8699297	0.018811721
P49815	1765	L	F		AF-P49815-F1-model_v4.pdb	1765	0.9418944	0.016002892
P49815	1765	L	G		AF-P49815-F1-model_v4.pdb	1765	0.87310946	0.025273759
P49815	1765	L	H		AF-P49815-F1-model_v4.pdb	1765	0.9157408	0.026867503
P49815	1765	L	I		AF-P49815-F1-model_v4.pdb	1765	0.9833919	0.017899426
P49815	1765	L	K		AF-P49815-F1-model_v4.pdb	1765	0.83881414	0.015966306
P49815	1765	L	M		AF-P49815-F1-model_v4.pdb	1765	0.9927312	0.029400565
P49815	1765	L	N		AF-P49815-F1-model_v4.pdb	1765	0.8746746	0.029349126
P49815	1765	L	P		AF-P49815-F1-model_v4.pdb	1765	0.9100463	0.042365186
P49815	1765	L	Q		AF-P49815-F1-model_v4.pdb	1765	0.9343265	0.01935517
P49815	1765	L	R		AF-P49815-F1-model_v4.pdb	1765	0.86918163	0.018304948
P49815	1765	L	S		AF-P49815-F1-model_v4.pdb	1765	0.83261955	0.04348987
P49815	1765	L	T		AF-P49815-F1-model_v4.pdb	1765	0.8481266	0.014240174
P49815	1765	L	V		AF-P49815-F1-model_v4.pdb	1765	0.9372381	0.023289511
P49815	1765	L	W		AF-P49815-F1-model_v4.pdb	1765	0.91689205	0.02376204
P49815	1765	L	Y		AF-P49815-F1-model_v4.pdb	1765	0.8792141	0.0173288
P49815	1766	P	A		AF-P49815-F1-model_v4.pdb	1766	0.8160232	0.027423896
P49815	1766	P	C		AF-P49815-F1-model_v4.pdb	1766	0.84972334	0.043991707
P49815	1766	P	D		AF-P49815-F1-model_v4.pdb	1766	0.82490224	0.025859818
P49815	1766	P	E		AF-P49815-F1-model_v4.pdb	1766	0.87359506	0.025577417
P49815	1766	P	F		AF-P49815-F1-model_v4.pdb	1766	0.83032894	0.024227912
P49815	1766	P	G		AF-P49815-F1-model_v4.pdb	1766	0.79076964	0.023647891
P49815	1766	P	H		AF-P49815-F1-model_v4.pdb	1766	0.8847739	0.03348342
P49815	1766	P	I		AF-P49815-F1-model_v4.pdb	1766	0.8278302	0.024759509
P49815	1766	P	K		AF-P49815-F1-model_v4.pdb	1766	0.804379	0.03575848
P49815	1766	P	L		AF-P49815-F1-model_v4.pdb	1766	0.8519207	0.03086332
P49815	1766	P	M		AF-P49815-F1-model_v4.pdb	1766	0.8756689	0.03624693
P49815	1766	P	N		AF-P49815-F1-model_v4.pdb	1766	0.9040988	0.038007714
P49815	1766	P	Q		AF-P49815-F1-model_v4.pdb	1766	0.8529636	0.048336085
P49815	1766	P	R		AF-P49815-F1-model_v4.pdb	1766	0.77076876	0.017556924
P49815	1766	P	S		AF-P49815-F1-model_v4.pdb	1766	0.81513727	0.03347131
P49815	1766	P	T		AF-P49815-F1-model_v4.pdb	1766	0.8736607	0.031100767
P49815	1766	P	V		AF-P49815-F1-model_v4.pdb	1766	0.8681248	0.020084988
P49815	1766	P	W		AF-P49815-F1-model_v4.pdb	1766	0.8546645	0.020772072
P49815	1766	P	Y		AF-P49815-F1-model_v4.pdb	1766	0.85020864	0.016262501
P49815	1767	L	A		AF-P49815-F1-model_v4.pdb	1767	0.99341506	0.017042536
P49815	1767	L	C		AF-P49815-F1-model_v4.pdb	1767	0.99270356	0.015953446
P49815	1767	L	D		AF-P49815-F1-model_v4.pdb	1767	0.97879875	0.030137114
P49815	1767	L	E		AF-P49815-F1-model_v4.pdb	1767	0.98203576	0.012899091
P49815	1767	L	F		AF-P49815-F1-model_v4.pdb	1767	1.0108864	0.014500846
P49815	1767	L	G		AF-P49815-F1-model_v4.pdb	1767	0.99092436	0.030125218
P49815	1767	L	H		AF-P49815-F1-model_v4.pdb	1767	0.99799097	0.019501453
P49815	1767	L	I		AF-P49815-F1-model_v4.pdb	1767	0.9970814	0.026174583
P49815	1767	L	K		AF-P49815-F1-model_v4.pdb	1767	0.990571	0.019336943
P49815	1767	L	M		AF-P49815-F1-model_v4.pdb	1767	1.0106342	0.024761532
P49815	1767	L	N		AF-P49815-F1-model_v4.pdb	1767	0.9622763	0.022064509
P49815	1767	L	P		AF-P49815-F1-model_v4.pdb	1767	0.89374876	0.049702708
P49815	1767	L	Q		AF-P49815-F1-model_v4.pdb	1767	1.0268612	0.03409161
P49815	1767	L	R		AF-P49815-F1-model_v4.pdb	1767	0.9912859	0.030010786
P49815	1767	L	S		AF-P49815-F1-model_v4.pdb	1767	0.9399152	0.03406221
P49815	1767	L	T		AF-P49815-F1-model_v4.pdb	1767	0.95235395	0.023326088
P49815	1767	L	V		AF-P49815-F1-model_v4.pdb	1767	0.9524598	0.005718361
P49815	1767	L	W		AF-P49815-F1-model_v4.pdb	1767	0.95801526	0.025730345
P49815	1767	L	Y		AF-P49815-F1-model_v4.pdb	1767	0.9386965	0.0331422
P49815	1768	V	A		AF-P49815-F1-model_v4.pdb	1768	0.96065503	0.019026598
P49815	1768	V	C		AF-P49815-F1-model_v4.pdb	1768	1.0025276	0.050223377
P49815	1768	V	D		AF-P49815-F1-model_v4.pdb	1768	0.982278	0.028999325
P49815	1768	V	E		AF-P49815-F1-model_v4.pdb	1768	0.9859413	0.039818723
P49815	1768	V	F		AF-P49815-F1-model_v4.pdb	1768	1.078556	0.03714004
P49815	1768	V	G		AF-P49815-F1-model_v4.pdb	1768	0.9992269	0.027175471
P49815	1768	V	H		AF-P49815-F1-model_v4.pdb	1768	1.0337852	0.049186267
P49815	1768	V	I		AF-P49815-F1-model_v4.pdb	1768	0.98182285	0.021405583
P49815	1768	V	K		AF-P49815-F1-model_v4.pdb	1768	0.9227315	0.045824304
P49815	1768	V	L		AF-P49815-F1-model_v4.pdb	1768	0.9940712	0.020322684
P49815	1768	V	M		AF-P49815-F1-model_v4.pdb	1768	0.98630494	0.03756038
P49815	1768	V	N		AF-P49815-F1-model_v4.pdb	1768	0.9583108	0.030478973
P49815	1768	V	P		AF-P49815-F1-model_v4.pdb	1768	1.0124066	0.030734802
P49815	1768	V	Q		AF-P49815-F1-model_v4.pdb	1768	0.97628707	0.039586976
P49815	1768	V	R		AF-P49815-F1-model_v4.pdb	1768	0.8721182	0.052976668
P49815	1768	V	S		AF-P49815-F1-model_v4.pdb	1768	0.90908414	0.036984675
P49815	1768	V	T		AF-P49815-F1-model_v4.pdb	1768	0.9377433	0.040466692
P49815	1768	V	W		AF-P49815-F1-model_v4.pdb	1768	0.95458996	0.046304643
P49815	1768	V	Y		AF-P49815-F1-model_v4.pdb	1768	1.0044936	0.058550403
P49815	1769	H	A		AF-P49815-F1-model_v4.pdb	1769	0.9332628	0.026422868
P49815	1769	H	C		AF-P49815-F1-model_v4.pdb	1769	0.8996997	0.031318184
P49815	1769	H	D		AF-P49815-F1-model_v4.pdb	1769	0.9151413	0.03190981
P49815	1769	H	E		AF-P49815-F1-model_v4.pdb	1769	0.9886837	0.026147738
P49815	1769	H	F		AF-P49815-F1-model_v4.pdb	1769	0.99270666	0.02248775
P49815	1769	H	G		AF-P49815-F1-model_v4.pdb	1769	0.9038435	0.018548053
P49815	1769	H	I		AF-P49815-F1-model_v4.pdb	1769	0.90301466	0.027655922
P49815	1769	H	K		AF-P49815-F1-model_v4.pdb	1769	0.9831743	0.028877532
P49815	1769	H	L		AF-P49815-F1-model_v4.pdb	1769	0.9567043	0.04625768
P49815	1769	H	M		AF-P49815-F1-model_v4.pdb	1769	0.94747144	0.020914085
P49815	1769	H	N		AF-P49815-F1-model_v4.pdb	1769	0.9422725	0.03711763
P49815	1769	H	P		AF-P49815-F1-model_v4.pdb	1769	0.9442514	0.02693208
P49815	1769	H	Q		AF-P49815-F1-model_v4.pdb	1769	0.95547295	0.034484886
P49815	1769	H	R		AF-P49815-F1-model_v4.pdb	1769	0.96576035	0.021130046
P49815	1769	H	S		AF-P49815-F1-model_v4.pdb	1769	0.92422086	0.02947302
P49815	1769	H	T		AF-P49815-F1-model_v4.pdb	1769	0.92494315	0.033056304
P49815	1769	H	V		AF-P49815-F1-model_v4.pdb	1769	0.9098381	0.023934705
P49815	1769	H	W		AF-P49815-F1-model_v4.pdb	1769	0.9912655	0.019621896
P49815	1769	H	Y		AF-P49815-F1-model_v4.pdb	1769	1.0018599	0.021747196
P49815	1770	P	A		AF-P49815-F1-model_v4.pdb	1770	0.9565009	0.018296964
P49815	1770	P	C		AF-P49815-F1-model_v4.pdb	1770	0.9552084	0.05214224
P49815	1770	P	D		AF-P49815-F1-model_v4.pdb	1770	0.99385834	0.037901375
P49815	1770	P	E		AF-P49815-F1-model_v4.pdb	1770	0.9751649	0.015713539
P49815	1770	P	F		AF-P49815-F1-model_v4.pdb	1770	0.9538027	0.014730365
P49815	1770	P	G		AF-P49815-F1-model_v4.pdb	1770	0.88868284	0.022832494
P49815	1770	P	H		AF-P49815-F1-model_v4.pdb	1770	1.0441602	0.036414597
P49815	1770	P	I		AF-P49815-F1-model_v4.pdb	1770	0.8768991	0.0070775347
P49815	1770	P	K		AF-P49815-F1-model_v4.pdb	1770	0.9942316	0.032245915
P49815	1770	P	L		AF-P49815-F1-model_v4.pdb	1770	0.9046232	0.01822278
P49815	1770	P	M		AF-P49815-F1-model_v4.pdb	1770	0.94547737	0.018418167
P49815	1770	P	N		AF-P49815-F1-model_v4.pdb	1770	0.99934876	0.04235529
P49815	1770	P	Q		AF-P49815-F1-model_v4.pdb	1770	1.0169575	0.03967914
P49815	1770	P	R		AF-P49815-F1-model_v4.pdb	1770	0.9203539	0.020006137
P49815	1770	P	S		AF-P49815-F1-model_v4.pdb	1770	0.9485351	0.021790527
P49815	1770	P	T		AF-P49815-F1-model_v4.pdb	1770	0.97529584	0.034588713
P49815	1770	P	V		AF-P49815-F1-model_v4.pdb	1770	0.91170615	0.019754987
P49815	1770	P	W		AF-P49815-F1-model_v4.pdb	1770	0.9586321	0.03856867
P49815	1770	P	Y		AF-P49815-F1-model_v4.pdb	1770	0.98912114	0.03137403
P49815	1771	P	A		AF-P49815-F1-model_v4.pdb	1771	0.99295294	0.032067884
P49815	1771	P	C		AF-P49815-F1-model_v4.pdb	1771	1.0014236	0.04555965
P49815	1771	P	D		AF-P49815-F1-model_v4.pdb	1771	0.98999226	0.040128358
P49815	1771	P	E		AF-P49815-F1-model_v4.pdb	1771	0.9863723	0.030007286
P49815	1771	P	F		AF-P49815-F1-model_v4.pdb	1771	0.9233426	0.023413438
P49815	1771	P	G		AF-P49815-F1-model_v4.pdb	1771	0.9488429	0.03225165
P49815	1771	P	H		AF-P49815-F1-model_v4.pdb	1771	1.0562443	0.043376494
P49815	1771	P	I		AF-P49815-F1-model_v4.pdb	1771	0.92709553	0.035276778
P49815	1771	P	K		AF-P49815-F1-model_v4.pdb	1771	0.9732603	0.04493381
P49815	1771	P	L		AF-P49815-F1-model_v4.pdb	1771	0.93554175	0.032147437
P49815	1771	P	M		AF-P49815-F1-model_v4.pdb	1771	0.958115	0.030002188
P49815	1771	P	N		AF-P49815-F1-model_v4.pdb	1771	1.0305732	0.054296717
P49815	1771	P	Q		AF-P49815-F1-model_v4.pdb	1771	1.0053139	0.045642838
P49815	1771	P	R		AF-P49815-F1-model_v4.pdb	1771	0.87929213	0.010186955
P49815	1771	P	S		AF-P49815-F1-model_v4.pdb	1771	0.9419447	0.02128613
P49815	1771	P	T		AF-P49815-F1-model_v4.pdb	1771	0.9801838	0.039757714
P49815	1771	P	V		AF-P49815-F1-model_v4.pdb	1771	0.98045444	0.020141724
P49815	1771	P	W		AF-P49815-F1-model_v4.pdb	1771	0.9186226	0.023762757
P49815	1771	P	Y		AF-P49815-F1-model_v4.pdb	1771	0.9890388	0.027448246
P49815	1772	S	A		AF-P49815-F1-model_v4.pdb	1772	0.79797614	0.026191927
P49815	1772	S	C		AF-P49815-F1-model_v4.pdb	1772	0.8179695	0.026372196
P49815	1772	S	D		AF-P49815-F1-model_v4.pdb	1772	0.8169109	0.04818998
P49815	1772	S	E		AF-P49815-F1-model_v4.pdb	1772	0.8401693	0.021997431
P49815	1772	S	F		AF-P49815-F1-model_v4.pdb	1772	0.8131183	0.042621158
P49815	1772	S	G		AF-P49815-F1-model_v4.pdb	1772	0.7838837	0.022755269
P49815	1772	S	H		AF-P49815-F1-model_v4.pdb	1772	0.843171	0.036427792
P49815	1772	S	I		AF-P49815-F1-model_v4.pdb	1772	0.78385675	0.02576826
P49815	1772	S	K		AF-P49815-F1-model_v4.pdb	1772	0.7251222	0.026626004
P49815	1772	S	L		AF-P49815-F1-model_v4.pdb	1772	0.77666736	0.01721578
P49815	1772	S	M		AF-P49815-F1-model_v4.pdb	1772	0.75745994	0.02206058
P49815	1772	S	N		AF-P49815-F1-model_v4.pdb	1772	0.78808177	0.03637737
P49815	1772	S	P		AF-P49815-F1-model_v4.pdb	1772	0.831107	0.005730224
P49815	1772	S	Q		AF-P49815-F1-model_v4.pdb	1772	0.8053719	0.052317712
P49815	1772	S	R		AF-P49815-F1-model_v4.pdb	1772	0.7313541	0.02226512
P49815	1772	S	T		AF-P49815-F1-model_v4.pdb	1772	0.80840874	0.017202081
P49815	1772	S	V		AF-P49815-F1-model_v4.pdb	1772	0.78051937	0.027712079
P49815	1772	S	W		AF-P49815-F1-model_v4.pdb	1772	0.78328687	0.022729378
P49815	1772	S	Y		AF-P49815-F1-model_v4.pdb	1772	0.861845	0.031090913
P49815	1773	H	A		AF-P49815-F1-model_v4.pdb	1773	0.8727714	0.022826115
P49815	1773	H	C		AF-P49815-F1-model_v4.pdb	1773	0.8383087	0.022959879
P49815	1773	H	D		AF-P49815-F1-model_v4.pdb	1773	0.9306903	0.034432717
P49815	1773	H	E		AF-P49815-F1-model_v4.pdb	1773	0.9656167	0.032072425
P49815	1773	H	F		AF-P49815-F1-model_v4.pdb	1773	0.8912112	0.024063911
P49815	1773	H	G		AF-P49815-F1-model_v4.pdb	1773	0.8675415	0.019124368
P49815	1773	H	I		AF-P49815-F1-model_v4.pdb	1773	0.87432086	0.027958572
P49815	1773	H	K		AF-P49815-F1-model_v4.pdb	1773	0.91460514	0.032808367
P49815	1773	H	L		AF-P49815-F1-model_v4.pdb	1773	0.9103715	0.029499205
P49815	1773	H	M		AF-P49815-F1-model_v4.pdb	1773	0.85489017	0.027960813
P49815	1773	H	N		AF-P49815-F1-model_v4.pdb	1773	0.89183396	0.025082737
P49815	1773	H	P		AF-P49815-F1-model_v4.pdb	1773	0.8655774	0.019055713
P49815	1773	H	Q		AF-P49815-F1-model_v4.pdb	1773	0.9455589	0.038947616
P49815	1773	H	R		AF-P49815-F1-model_v4.pdb	1773	0.8769741	0.03453843
P49815	1773	H	S		AF-P49815-F1-model_v4.pdb	1773	0.925027	0.023785854
P49815	1773	H	T		AF-P49815-F1-model_v4.pdb	1773	0.859725	0.021007301
P49815	1773	H	V		AF-P49815-F1-model_v4.pdb	1773	0.8842723	0.01982586
P49815	1773	H	W		AF-P49815-F1-model_v4.pdb	1773	0.93585044	0.018404787
P49815	1773	H	Y		AF-P49815-F1-model_v4.pdb	1773	0.9503352	0.033211395
P49815	1774	S	A		AF-P49815-F1-model_v4.pdb	1774	0.86270124	0.0285196
P49815	1774	S	C		AF-P49815-F1-model_v4.pdb	1774	0.83093417	0.049112078
P49815	1774	S	D		AF-P49815-F1-model_v4.pdb	1774	0.9304968	0.042460065
P49815	1774	S	E		AF-P49815-F1-model_v4.pdb	1774	0.93436927	0.03886275
P49815	1774	S	F		AF-P49815-F1-model_v4.pdb	1774	0.89550686	0.044730164
P49815	1774	S	G		AF-P49815-F1-model_v4.pdb	1774	0.8818038	0.034230713
P49815	1774	S	H		AF-P49815-F1-model_v4.pdb	1774	0.9108194	0.03871012
P49815	1774	S	I		AF-P49815-F1-model_v4.pdb	1774	0.8532814	0.022777392
P49815	1774	S	K		AF-P49815-F1-model_v4.pdb	1774	0.81112516	0.022691423
P49815	1774	S	L		AF-P49815-F1-model_v4.pdb	1774	0.8432697	0.022698928
P49815	1774	S	M		AF-P49815-F1-model_v4.pdb	1774	0.84439087	0.03423261
P49815	1774	S	N		AF-P49815-F1-model_v4.pdb	1774	0.89053375	0.040739182
P49815	1774	S	P		AF-P49815-F1-model_v4.pdb	1774	0.8996042	0.015657121
P49815	1774	S	Q		AF-P49815-F1-model_v4.pdb	1774	0.90546656	0.05227683
P49815	1774	S	R		AF-P49815-F1-model_v4.pdb	1774	0.8439735	0.015719233
P49815	1774	S	T		AF-P49815-F1-model_v4.pdb	1774	0.9001234	0.02683926
P49815	1774	S	V		AF-P49815-F1-model_v4.pdb	1774	0.8238679	0.0275333
P49815	1774	S	W		AF-P49815-F1-model_v4.pdb	1774	0.96595097	0.027693434
P49815	1774	S	Y		AF-P49815-F1-model_v4.pdb	1774	0.96350765	0.046271425
P49815	1775	K	A		AF-P49815-F1-model_v4.pdb	1775	0.959489	0.028049447
P49815	1775	K	C		AF-P49815-F1-model_v4.pdb	1775	0.96440125	0.018951852
P49815	1775	K	D		AF-P49815-F1-model_v4.pdb	1775	0.940156	0.041785307
P49815	1775	K	E		AF-P49815-F1-model_v4.pdb	1775	0.93272084	0.015915027
P49815	1775	K	F		AF-P49815-F1-model_v4.pdb	1775	0.9903059	0.028844088
P49815	1775	K	G		AF-P49815-F1-model_v4.pdb	1775	0.97140694	0.018501822
P49815	1775	K	H		AF-P49815-F1-model_v4.pdb	1775	1.0088065	0.02572479
P49815	1775	K	I		AF-P49815-F1-model_v4.pdb	1775	0.9172804	0.02157929
P49815	1775	K	L		AF-P49815-F1-model_v4.pdb	1775	0.9297906	0.022570914
P49815	1775	K	M		AF-P49815-F1-model_v4.pdb	1775	0.94802916	0.02339931
P49815	1775	K	N		AF-P49815-F1-model_v4.pdb	1775	0.931235	0.020665998
P49815	1775	K	P		AF-P49815-F1-model_v4.pdb	1775	0.9765709	0.022056768
P49815	1775	K	Q		AF-P49815-F1-model_v4.pdb	1775	1.0024825	0.022531936
P49815	1775	K	R		AF-P49815-F1-model_v4.pdb	1775	1.0557998	0.028972149
P49815	1775	K	S		AF-P49815-F1-model_v4.pdb	1775	0.9517542	0.027415495
P49815	1775	K	T		AF-P49815-F1-model_v4.pdb	1775	0.9712898	0.029894385
P49815	1775	K	V		AF-P49815-F1-model_v4.pdb	1775	0.91139144	0.02101744
P49815	1775	K	W		AF-P49815-F1-model_v4.pdb	1775	0.9710809	0.028976917
P49815	1775	K	Y		AF-P49815-F1-model_v4.pdb	1775	1.0412562	0.026228864
P49815	1776	A	C		AF-P49815-F1-model_v4.pdb	1776	1.045356	0.02556602
P49815	1776	A	D		AF-P49815-F1-model_v4.pdb	1776	0.9349221	0.037197623
P49815	1776	A	E		AF-P49815-F1-model_v4.pdb	1776	0.92092973	0.03878481
P49815	1776	A	F		AF-P49815-F1-model_v4.pdb	1776	1.000472	0.038020886
P49815	1776	A	G		AF-P49815-F1-model_v4.pdb	1776	1.0031477	0.041705504
P49815	1776	A	H		AF-P49815-F1-model_v4.pdb	1776	0.9517993	0.022710133
P49815	1776	A	I		AF-P49815-F1-model_v4.pdb	1776	0.9749502	0.018864555
P49815	1776	A	K		AF-P49815-F1-model_v4.pdb	1776	0.8514143	0.021078097
P49815	1776	A	L		AF-P49815-F1-model_v4.pdb	1776	0.98308754	0.017344378
P49815	1776	A	M		AF-P49815-F1-model_v4.pdb	1776	1.0148569	0.017600812
P49815	1776	A	N		AF-P49815-F1-model_v4.pdb	1776	0.8865492	0.035823278
P49815	1776	A	P		AF-P49815-F1-model_v4.pdb	1776	0.9524454	0.01839419
P49815	1776	A	Q		AF-P49815-F1-model_v4.pdb	1776	0.9102287	0.03396148
P49815	1776	A	R		AF-P49815-F1-model_v4.pdb	1776	0.8960935	0.018945353
P49815	1776	A	S		AF-P49815-F1-model_v4.pdb	1776	0.9769312	0.03314737
P49815	1776	A	T		AF-P49815-F1-model_v4.pdb	1776	0.9724593	0.016745249
P49815	1776	A	V		AF-P49815-F1-model_v4.pdb	1776	1.0037792	0.02468417
P49815	1776	A	W		AF-P49815-F1-model_v4.pdb	1776	0.96399766	0.025731169
P49815	1776	A	Y		AF-P49815-F1-model_v4.pdb	1776	0.9540783	0.019397216
P49815	1777	P	A		AF-P49815-F1-model_v4.pdb	1777	0.9601849	0.018483462
P49815	1777	P	C		AF-P49815-F1-model_v4.pdb	1777	0.9757574	0.02926072
P49815	1777	P	D		AF-P49815-F1-model_v4.pdb	1777	0.95111454	0.032538127
P49815	1777	P	E		AF-P49815-F1-model_v4.pdb	1777	0.96871555	0.03465665
P49815	1777	P	F		AF-P49815-F1-model_v4.pdb	1777	0.95560724	0.020553045
P49815	1777	P	G		AF-P49815-F1-model_v4.pdb	1777	0.87023723	0.02351166
P49815	1777	P	H		AF-P49815-F1-model_v4.pdb	1777	1.0261142	0.025003113
P49815	1777	P	I		AF-P49815-F1-model_v4.pdb	1777	0.89352435	0.013897679
P49815	1777	P	K		AF-P49815-F1-model_v4.pdb	1777	0.871624	0.022823444
P49815	1777	P	L		AF-P49815-F1-model_v4.pdb	1777	0.8861963	0.011505321
P49815	1777	P	M		AF-P49815-F1-model_v4.pdb	1777	0.9270169	0.015974687
P49815	1777	P	N		AF-P49815-F1-model_v4.pdb	1777	0.9508802	0.03544935
P49815	1777	P	Q		AF-P49815-F1-model_v4.pdb	1777	0.95502776	0.02309742
P49815	1777	P	R		AF-P49815-F1-model_v4.pdb	1777	0.83007604	0.022456203
P49815	1777	P	S		AF-P49815-F1-model_v4.pdb	1777	0.91929626	0.021162128
P49815	1777	P	T		AF-P49815-F1-model_v4.pdb	1777	0.95536005	0.024744876
P49815	1777	P	V		AF-P49815-F1-model_v4.pdb	1777	0.9614235	0.019688496
P49815	1777	P	W		AF-P49815-F1-model_v4.pdb	1777	0.9510828	0.0131551875
P49815	1777	P	Y		AF-P49815-F1-model_v4.pdb	1777	0.9811162	0.02571531
P49815	1778	A	C		AF-P49815-F1-model_v4.pdb	1778	1.0256854	0.034995098
P49815	1778	A	D		AF-P49815-F1-model_v4.pdb	1778	0.94110364	0.036499795
P49815	1778	A	E		AF-P49815-F1-model_v4.pdb	1778	0.9747235	0.03671753
P49815	1778	A	F		AF-P49815-F1-model_v4.pdb	1778	0.9661247	0.019747565
P49815	1778	A	G		AF-P49815-F1-model_v4.pdb	1778	0.9578966	0.03238692
P49815	1778	A	H		AF-P49815-F1-model_v4.pdb	1778	0.92923117	0.039736032
P49815	1778	A	I		AF-P49815-F1-model_v4.pdb	1778	0.94872963	0.025391063
P49815	1778	A	K		AF-P49815-F1-model_v4.pdb	1778	0.86785716	0.030288475
P49815	1778	A	L		AF-P49815-F1-model_v4.pdb	1778	0.9644661	0.021366112
P49815	1778	A	M		AF-P49815-F1-model_v4.pdb	1778	1.0073688	0.024344327
P49815	1778	A	N		AF-P49815-F1-model_v4.pdb	1778	0.91993207	0.0434058
P49815	1778	A	P		AF-P49815-F1-model_v4.pdb	1778	0.95968455	0.032314878
P49815	1778	A	Q		AF-P49815-F1-model_v4.pdb	1778	0.9220114	0.04606981
P49815	1778	A	R		AF-P49815-F1-model_v4.pdb	1778	0.8757162	0.03110051
P49815	1778	A	S		AF-P49815-F1-model_v4.pdb	1778	0.99186575	0.039900836
P49815	1778	A	T		AF-P49815-F1-model_v4.pdb	1778	1.0000482	0.018587273
P49815	1778	A	V		AF-P49815-F1-model_v4.pdb	1778	1.0097002	0.013832615
P49815	1778	A	W		AF-P49815-F1-model_v4.pdb	1778	1.0164332	0.018879196
P49815	1778	A	Y		AF-P49815-F1-model_v4.pdb	1778	0.9909934	0.01500084
P49815	1779	Q	A		AF-P49815-F1-model_v4.pdb	1779	0.9291852	0.03331777
P49815	1779	Q	C		AF-P49815-F1-model_v4.pdb	1779	0.94385874	0.022710003
P49815	1779	Q	D		AF-P49815-F1-model_v4.pdb	1779	1.0221341	0.025126757
P49815	1779	Q	E		AF-P49815-F1-model_v4.pdb	1779	1.0333946	0.03055728
P49815	1779	Q	F		AF-P49815-F1-model_v4.pdb	1779	1.0614349	0.031445302
P49815	1779	Q	G		AF-P49815-F1-model_v4.pdb	1779	0.9832592	0.032378618
P49815	1779	Q	H		AF-P49815-F1-model_v4.pdb	1779	1.0303873	0.031995587
P49815	1779	Q	I		AF-P49815-F1-model_v4.pdb	1779	0.91126525	0.03891778
P49815	1779	Q	K		AF-P49815-F1-model_v4.pdb	1779	0.9706559	0.0137571925
P49815	1779	Q	L		AF-P49815-F1-model_v4.pdb	1779	0.8935579	0.035120144
P49815	1779	Q	M		AF-P49815-F1-model_v4.pdb	1779	0.9481605	0.04278562
P49815	1779	Q	N		AF-P49815-F1-model_v4.pdb	1779	1.0145903	0.033535067
P49815	1779	Q	P		AF-P49815-F1-model_v4.pdb	1779	0.9193635	0.03334206
P49815	1779	Q	R		AF-P49815-F1-model_v4.pdb	1779	0.9735907	0.012577344
P49815	1779	Q	S		AF-P49815-F1-model_v4.pdb	1779	0.97272044	0.038153924
P49815	1779	Q	T		AF-P49815-F1-model_v4.pdb	1779	0.9720289	0.022886502
P49815	1779	Q	V		AF-P49815-F1-model_v4.pdb	1779	0.89158136	0.033207003
P49815	1779	Q	W		AF-P49815-F1-model_v4.pdb	1779	1.0380496	0.018769523
P49815	1779	Q	Y		AF-P49815-F1-model_v4.pdb	1779	1.0406082	0.046448726
P49815	1780	T	A		AF-P49815-F1-model_v4.pdb	1780	0.97776586	0.008722076
P49815	1780	T	C		AF-P49815-F1-model_v4.pdb	1780	0.94253933	0.019671174
P49815	1780	T	D		AF-P49815-F1-model_v4.pdb	1780	1.0019039	0.020993501
P49815	1780	T	E		AF-P49815-F1-model_v4.pdb	1780	0.97267723	0.03989791
P49815	1780	T	F		AF-P49815-F1-model_v4.pdb	1780	0.9293734	0.015430678
P49815	1780	T	G		AF-P49815-F1-model_v4.pdb	1780	0.92577755	0.024016127
P49815	1780	T	H		AF-P49815-F1-model_v4.pdb	1780	1.0279077	0.016233329
P49815	1780	T	I		AF-P49815-F1-model_v4.pdb	1780	0.8701328	0.01480915
P49815	1780	T	K		AF-P49815-F1-model_v4.pdb	1780	0.89081776	0.02593365
P49815	1780	T	L		AF-P49815-F1-model_v4.pdb	1780	0.93331254	0.015271078
P49815	1780	T	M		AF-P49815-F1-model_v4.pdb	1780	0.9902334	0.013041189
P49815	1780	T	N		AF-P49815-F1-model_v4.pdb	1780	0.9935282	0.014930372
P49815	1780	T	P		AF-P49815-F1-model_v4.pdb	1780	0.9347895	0.035149142
P49815	1780	T	Q		AF-P49815-F1-model_v4.pdb	1780	0.90775454	0.019747641
P49815	1780	T	R		AF-P49815-F1-model_v4.pdb	1780	0.8508509	0.031440232
P49815	1780	T	S		AF-P49815-F1-model_v4.pdb	1780	1.0328203	0.018129783
P49815	1780	T	V		AF-P49815-F1-model_v4.pdb	1780	0.8431565	0.023670835
P49815	1780	T	W		AF-P49815-F1-model_v4.pdb	1780	0.98522913	0.02055304
P49815	1780	T	Y		AF-P49815-F1-model_v4.pdb	1780	1.0385506	0.020479418
P49815	1781	P	A		AF-P49815-F1-model_v4.pdb	1781	0.92055	0.024199968
P49815	1781	P	C		AF-P49815-F1-model_v4.pdb	1781	0.8554821	0.029390994
P49815	1781	P	D		AF-P49815-F1-model_v4.pdb	1781	0.9274624	0.019867057
P49815	1781	P	E		AF-P49815-F1-model_v4.pdb	1781	0.8920022	0.01359767
P49815	1781	P	F		AF-P49815-F1-model_v4.pdb	1781	0.8091669	0.020379616
P49815	1781	P	G		AF-P49815-F1-model_v4.pdb	1781	0.86823416	0.020226967
P49815	1781	P	H		AF-P49815-F1-model_v4.pdb	1781	0.94228524	0.031528316
P49815	1781	P	I		AF-P49815-F1-model_v4.pdb	1781	0.8792881	0.03261326
P49815	1781	P	K		AF-P49815-F1-model_v4.pdb	1781	0.81766224	0.014965547
P49815	1781	P	L		AF-P49815-F1-model_v4.pdb	1781	0.8505929	0.022616412
P49815	1781	P	M		AF-P49815-F1-model_v4.pdb	1781	0.8329425	0.031032026
P49815	1781	P	N		AF-P49815-F1-model_v4.pdb	1781	0.9276268	0.020283872
P49815	1781	P	Q		AF-P49815-F1-model_v4.pdb	1781	0.8865398	0.01707223
P49815	1781	P	R		AF-P49815-F1-model_v4.pdb	1781	0.76824445	0.027136678
P49815	1781	P	S		AF-P49815-F1-model_v4.pdb	1781	0.88877404	0.020211358
P49815	1781	P	T		AF-P49815-F1-model_v4.pdb	1781	0.8928933	0.030675048
P49815	1781	P	V		AF-P49815-F1-model_v4.pdb	1781	0.85843486	0.016266141
P49815	1781	P	W		AF-P49815-F1-model_v4.pdb	1781	0.8287876	0.026005028
P49815	1781	P	Y		AF-P49815-F1-model_v4.pdb	1781	0.9174856	0.03269818
P49815	1782	A	C		AF-P49815-F1-model_v4.pdb	1782	1.0208776	0.031296086
P49815	1782	A	D		AF-P49815-F1-model_v4.pdb	1782	0.933918	0.039734975
P49815	1782	A	E		AF-P49815-F1-model_v4.pdb	1782	0.99474907	0.05066534
P49815	1782	A	F		AF-P49815-F1-model_v4.pdb	1782	0.9755108	0.03635493
P49815	1782	A	G		AF-P49815-F1-model_v4.pdb	1782	0.9662858	0.018705541
P49815	1782	A	H		AF-P49815-F1-model_v4.pdb	1782	0.9178527	0.029567515
P49815	1782	A	I		AF-P49815-F1-model_v4.pdb	1782	0.9888458	0.017426502
P49815	1782	A	K		AF-P49815-F1-model_v4.pdb	1782	0.864717	0.021463903
P49815	1782	A	L		AF-P49815-F1-model_v4.pdb	1782	0.9789001	0.013148278
P49815	1782	A	M		AF-P49815-F1-model_v4.pdb	1782	1.0225582	0.018480679
P49815	1782	A	N		AF-P49815-F1-model_v4.pdb	1782	0.9339407	0.033526726
P49815	1782	A	P		AF-P49815-F1-model_v4.pdb	1782	0.9985506	0.028086405
P49815	1782	A	Q		AF-P49815-F1-model_v4.pdb	1782	0.9318802	0.038346704
P49815	1782	A	R		AF-P49815-F1-model_v4.pdb	1782	0.89225817	0.023941573
P49815	1782	A	S		AF-P49815-F1-model_v4.pdb	1782	0.98969746	0.029759211
P49815	1782	A	T		AF-P49815-F1-model_v4.pdb	1782	0.99268377	0.017941894
P49815	1782	A	V		AF-P49815-F1-model_v4.pdb	1782	1.0273367	0.01800009
P49815	1782	A	W		AF-P49815-F1-model_v4.pdb	1782	1.0127488	0.008620562
P49815	1782	A	Y		AF-P49815-F1-model_v4.pdb	1782	1.0125102	0.019812463
P49815	1783	E	A		AF-P49815-F1-model_v4.pdb	1783	0.84967726	0.023704547
P49815	1783	E	C		AF-P49815-F1-model_v4.pdb	1783	0.8985144	0.008375488
P49815	1783	E	D		AF-P49815-F1-model_v4.pdb	1783	0.9208722	0.034483057
P49815	1783	E	F		AF-P49815-F1-model_v4.pdb	1783	0.86611813	0.009814794
P49815	1783	E	G		AF-P49815-F1-model_v4.pdb	1783	0.8997842	0.021070551
P49815	1783	E	H		AF-P49815-F1-model_v4.pdb	1783	0.8884266	0.025575077
P49815	1783	E	I		AF-P49815-F1-model_v4.pdb	1783	0.84035957	0.029178962
P49815	1783	E	K		AF-P49815-F1-model_v4.pdb	1783	0.88939303	0.020602422
P49815	1783	E	L		AF-P49815-F1-model_v4.pdb	1783	0.8360201	0.03028855
P49815	1783	E	M		AF-P49815-F1-model_v4.pdb	1783	0.8909191	0.02735691
P49815	1783	E	N		AF-P49815-F1-model_v4.pdb	1783	0.88050306	0.023284566
P49815	1783	E	P		AF-P49815-F1-model_v4.pdb	1783	0.87304276	0.0211579
P49815	1783	E	Q		AF-P49815-F1-model_v4.pdb	1783	0.93415433	0.025171816
P49815	1783	E	R		AF-P49815-F1-model_v4.pdb	1783	0.91829026	0.01515631
P49815	1783	E	S		AF-P49815-F1-model_v4.pdb	1783	0.8374376	0.03226535
P49815	1783	E	T		AF-P49815-F1-model_v4.pdb	1783	0.870173	0.010866599
P49815	1783	E	V		AF-P49815-F1-model_v4.pdb	1783	0.892426	0.030601371
P49815	1783	E	W		AF-P49815-F1-model_v4.pdb	1783	0.86827916	0.015451755
P49815	1783	E	Y		AF-P49815-F1-model_v4.pdb	1783	0.91865146	0.024929157
P49815	1784	P	A		AF-P49815-F1-model_v4.pdb	1784	0.95278394	0.025396816
P49815	1784	P	C		AF-P49815-F1-model_v4.pdb	1784	0.9066895	0.014682317
P49815	1784	P	D		AF-P49815-F1-model_v4.pdb	1784	0.979142	0.022282355
P49815	1784	P	E		AF-P49815-F1-model_v4.pdb	1784	0.9909542	0.02668141
P49815	1784	P	F		AF-P49815-F1-model_v4.pdb	1784	0.9358614	0.03551613
P49815	1784	P	G		AF-P49815-F1-model_v4.pdb	1784	0.89264584	0.020745607
P49815	1784	P	H		AF-P49815-F1-model_v4.pdb	1784	0.97698367	0.019850042
P49815	1784	P	I		AF-P49815-F1-model_v4.pdb	1784	0.9062439	0.024811108
P49815	1784	P	K		AF-P49815-F1-model_v4.pdb	1784	0.89371556	0.017444434
P49815	1784	P	L		AF-P49815-F1-model_v4.pdb	1784	0.92555934	0.02247319
P49815	1784	P	M		AF-P49815-F1-model_v4.pdb	1784	0.9358101	0.013946845
P49815	1784	P	N		AF-P49815-F1-model_v4.pdb	1784	0.9538248	0.018618431
P49815	1784	P	Q		AF-P49815-F1-model_v4.pdb	1784	0.97043836	0.021370564
P49815	1784	P	R		AF-P49815-F1-model_v4.pdb	1784	0.8424204	0.023924045
P49815	1784	P	S		AF-P49815-F1-model_v4.pdb	1784	0.92452353	0.021328447
P49815	1784	P	T		AF-P49815-F1-model_v4.pdb	1784	0.9671613	0.01365151
P49815	1784	P	V		AF-P49815-F1-model_v4.pdb	1784	0.9446615	0.03192917
P49815	1784	P	W		AF-P49815-F1-model_v4.pdb	1784	0.8737469	0.013820067
P49815	1784	P	Y		AF-P49815-F1-model_v4.pdb	1784	0.96671	0.014763619
P49815	1785	T	A		AF-P49815-F1-model_v4.pdb	1785	0.94726294	0.017858135
P49815	1785	T	C		AF-P49815-F1-model_v4.pdb	1785	0.93827283	0.021463582
P49815	1785	T	D		AF-P49815-F1-model_v4.pdb	1785	0.9644006	0.014003557
P49815	1785	T	E		AF-P49815-F1-model_v4.pdb	1785	0.9154409	0.029477619
P49815	1785	T	F		AF-P49815-F1-model_v4.pdb	1785	0.93761694	0.022628177
P49815	1785	T	G		AF-P49815-F1-model_v4.pdb	1785	0.8853113	0.019740658
P49815	1785	T	H		AF-P49815-F1-model_v4.pdb	1785	0.99863636	0.012982945
P49815	1785	T	I		AF-P49815-F1-model_v4.pdb	1785	0.8695542	0.024696155
P49815	1785	T	K		AF-P49815-F1-model_v4.pdb	1785	0.8539777	0.031843532
P49815	1785	T	L		AF-P49815-F1-model_v4.pdb	1785	0.8995186	0.008160515
P49815	1785	T	M		AF-P49815-F1-model_v4.pdb	1785	0.9737922	0.027050111
P49815	1785	T	N		AF-P49815-F1-model_v4.pdb	1785	0.95172614	0.018564938
P49815	1785	T	P		AF-P49815-F1-model_v4.pdb	1785	1.0014722	0.023596065
P49815	1785	T	Q		AF-P49815-F1-model_v4.pdb	1785	0.9197189	0.015943753
P49815	1785	T	R		AF-P49815-F1-model_v4.pdb	1785	0.83897436	0.036099393
P49815	1785	T	S		AF-P49815-F1-model_v4.pdb	1785	0.99373484	0.02439617
P49815	1785	T	V		AF-P49815-F1-model_v4.pdb	1785	0.8790016	0.021951769
P49815	1785	T	W		AF-P49815-F1-model_v4.pdb	1785	0.92498684	0.019212967
P49815	1785	T	Y		AF-P49815-F1-model_v4.pdb	1785	0.9764706	0.012479723
P49815	1786	P	A		AF-P49815-F1-model_v4.pdb	1786	0.7994691	0.039567616
P49815	1786	P	C		AF-P49815-F1-model_v4.pdb	1786	0.8307692	0.056597076
P49815	1786	P	D		AF-P49815-F1-model_v4.pdb	1786	0.79457045	0.072473794
P49815	1786	P	E		AF-P49815-F1-model_v4.pdb	1786	0.78449684	0.060477994
P49815	1786	P	F		AF-P49815-F1-model_v4.pdb	1786	0.7232072	0.03997777
P49815	1786	P	G		AF-P49815-F1-model_v4.pdb	1786	0.71964735	0.037444208
P49815	1786	P	H		AF-P49815-F1-model_v4.pdb	1786	0.8022787	0.074797235
P49815	1786	P	I		AF-P49815-F1-model_v4.pdb	1786	0.80651677	0.03712558
P49815	1786	P	K		AF-P49815-F1-model_v4.pdb	1786	0.7156619	0.051289514
P49815	1786	P	L		AF-P49815-F1-model_v4.pdb	1786	0.7876781	0.036665995
P49815	1786	P	M		AF-P49815-F1-model_v4.pdb	1786	0.83411723	0.051880904
P49815	1786	P	N		AF-P49815-F1-model_v4.pdb	1786	0.7862799	0.05923598
P49815	1786	P	Q		AF-P49815-F1-model_v4.pdb	1786	0.76022834	0.056336123
P49815	1786	P	R		AF-P49815-F1-model_v4.pdb	1786	0.66083395	0.03504503
P49815	1786	P	S		AF-P49815-F1-model_v4.pdb	1786	0.7298622	0.05183844
P49815	1786	P	T		AF-P49815-F1-model_v4.pdb	1786	0.7688889	0.053295247
P49815	1786	P	V		AF-P49815-F1-model_v4.pdb	1786	0.810297	0.03976294
P49815	1786	P	W		AF-P49815-F1-model_v4.pdb	1786	0.77399755	0.018581295
P49815	1786	P	Y		AF-P49815-F1-model_v4.pdb	1786	0.82626516	0.041103784
P49815	1787	G	A		AF-P49815-F1-model_v4.pdb	1787	0.99338865	0.02303343
P49815	1787	G	C		AF-P49815-F1-model_v4.pdb	1787	1.0254939	0.025310405
P49815	1787	G	D		AF-P49815-F1-model_v4.pdb	1787	0.9945097	0.03035378
P49815	1787	G	E		AF-P49815-F1-model_v4.pdb	1787	0.9649131	0.028904675
P49815	1787	G	F		AF-P49815-F1-model_v4.pdb	1787	0.87485695	0.017244145
P49815	1787	G	I		AF-P49815-F1-model_v4.pdb	1787	0.94046956	0.02161582
P49815	1787	G	K		AF-P49815-F1-model_v4.pdb	1787	0.8477392	0.024056634
P49815	1787	G	M		AF-P49815-F1-model_v4.pdb	1787	0.9583684	0.01852753
P49815	1787	G	N		AF-P49815-F1-model_v4.pdb	1787	0.9661087	0.022106282
P49815	1787	G	P		AF-P49815-F1-model_v4.pdb	1787	1.0114899	0.022161396
P49815	1787	G	Q		AF-P49815-F1-model_v4.pdb	1787	0.9933567	0.016369613
P49815	1787	G	R		AF-P49815-F1-model_v4.pdb	1787	0.86838484	0.01680273
P49815	1787	G	S		AF-P49815-F1-model_v4.pdb	1787	1.0201638	0.021911949
P49815	1787	G	T		AF-P49815-F1-model_v4.pdb	1787	1.0048292	0.024302699
P49815	1787	G	V		AF-P49815-F1-model_v4.pdb	1787	0.9746269	0.023273872
P49815	1787	G	W		AF-P49815-F1-model_v4.pdb	1787	0.9360598	0.00524368
P49815	1787	G	Y		AF-P49815-F1-model_v4.pdb	1787	0.9340102	0.008774613
P49815	1788	Y	A		AF-P49815-F1-model_v4.pdb	1788	0.9088025	0.032485917
P49815	1788	Y	C		AF-P49815-F1-model_v4.pdb	1788	0.91436464	0.0100127235
P49815	1788	Y	D		AF-P49815-F1-model_v4.pdb	1788	0.9031882	0.013583849
P49815	1788	Y	E		AF-P49815-F1-model_v4.pdb	1788	0.95920974	0.023450878
P49815	1788	Y	F		AF-P49815-F1-model_v4.pdb	1788	0.9568757	0.047908373
P49815	1788	Y	G		AF-P49815-F1-model_v4.pdb	1788	0.8632981	0.03046641
P49815	1788	Y	H		AF-P49815-F1-model_v4.pdb	1788	1.0213127	0.047076274
P49815	1788	Y	I		AF-P49815-F1-model_v4.pdb	1788	0.9059094	0.041140944
P49815	1788	Y	K		AF-P49815-F1-model_v4.pdb	1788	0.8457287	0.060423147
P49815	1788	Y	L		AF-P49815-F1-model_v4.pdb	1788	0.9266493	0.05282362
P49815	1788	Y	M		AF-P49815-F1-model_v4.pdb	1788	0.93529576	0.029214047
P49815	1788	Y	N		AF-P49815-F1-model_v4.pdb	1788	0.90622693	0.02569367
P49815	1788	Y	P		AF-P49815-F1-model_v4.pdb	1788	0.95221263	0.028617349
P49815	1788	Y	Q		AF-P49815-F1-model_v4.pdb	1788	0.85847414	0.040262744
P49815	1788	Y	R		AF-P49815-F1-model_v4.pdb	1788	0.8280495	0.057847228
P49815	1788	Y	S		AF-P49815-F1-model_v4.pdb	1788	0.87597007	0.027643058
P49815	1788	Y	T		AF-P49815-F1-model_v4.pdb	1788	0.95034105	0.0252532
P49815	1788	Y	V		AF-P49815-F1-model_v4.pdb	1788	0.9223937	0.044771038
P49815	1788	Y	W		AF-P49815-F1-model_v4.pdb	1788	0.94141674	0.0155880535
P49815	1789	E	A		AF-P49815-F1-model_v4.pdb	1789	0.7585323	0.016079685
P49815	1789	E	C		AF-P49815-F1-model_v4.pdb	1789	0.8185891	0.0149784265
P49815	1789	E	D		AF-P49815-F1-model_v4.pdb	1789	0.8280423	0.05010952
P49815	1789	E	F		AF-P49815-F1-model_v4.pdb	1789	0.80613834	0.019137613
P49815	1789	E	G		AF-P49815-F1-model_v4.pdb	1789	0.77305317	0.026423134
P49815	1789	E	H		AF-P49815-F1-model_v4.pdb	1789	0.8581457	0.030308947
P49815	1789	E	I		AF-P49815-F1-model_v4.pdb	1789	0.80656844	0.022929454
P49815	1789	E	K		AF-P49815-F1-model_v4.pdb	1789	0.78349674	0.022781188
P49815	1789	E	L		AF-P49815-F1-model_v4.pdb	1789	0.8294529	0.030964704
P49815	1789	E	M		AF-P49815-F1-model_v4.pdb	1789	0.7727505	0.022361578
P49815	1789	E	N		AF-P49815-F1-model_v4.pdb	1789	0.7708338	0.031281214
P49815	1789	E	P		AF-P49815-F1-model_v4.pdb	1789	0.7750411	0.046675093
P49815	1789	E	Q		AF-P49815-F1-model_v4.pdb	1789	0.84081477	0.04122199
P49815	1789	E	R		AF-P49815-F1-model_v4.pdb	1789	0.827264	0.026692895
P49815	1789	E	S		AF-P49815-F1-model_v4.pdb	1789	0.7977207	0.035343353
P49815	1789	E	T		AF-P49815-F1-model_v4.pdb	1789	0.7902545	0.02990092
P49815	1789	E	V		AF-P49815-F1-model_v4.pdb	1789	0.827328	0.015052232
P49815	1789	E	W		AF-P49815-F1-model_v4.pdb	1789	0.8008324	0.022930054
P49815	1789	E	Y		AF-P49815-F1-model_v4.pdb	1789	0.8388239	0.024885522
P49815	1790	V	A		AF-P49815-F1-model_v4.pdb	1790	0.8787607	0.037700545
P49815	1790	V	C		AF-P49815-F1-model_v4.pdb	1790	0.8297428	0.028402256
P49815	1790	V	D		AF-P49815-F1-model_v4.pdb	1790	0.81066483	0.03157485
P49815	1790	V	E		AF-P49815-F1-model_v4.pdb	1790	0.86062205	0.041822933
P49815	1790	V	F		AF-P49815-F1-model_v4.pdb	1790	0.9032532	0.052853085
P49815	1790	V	G		AF-P49815-F1-model_v4.pdb	1790	0.8294789	0.036657643
P49815	1790	V	H		AF-P49815-F1-model_v4.pdb	1790	0.90598345	0.052482396
P49815	1790	V	I		AF-P49815-F1-model_v4.pdb	1790	0.96188545	0.021419654
P49815	1790	V	K		AF-P49815-F1-model_v4.pdb	1790	0.81324226	0.031099979
P49815	1790	V	L		AF-P49815-F1-model_v4.pdb	1790	0.9636761	0.03861034
P49815	1790	V	M		AF-P49815-F1-model_v4.pdb	1790	0.9108051	0.041021317
P49815	1790	V	N		AF-P49815-F1-model_v4.pdb	1790	0.8722337	0.033383764
P49815	1790	V	P		AF-P49815-F1-model_v4.pdb	1790	0.8756126	0.030285712
P49815	1790	V	Q		AF-P49815-F1-model_v4.pdb	1790	0.88767254	0.052642357
P49815	1790	V	R		AF-P49815-F1-model_v4.pdb	1790	0.82264173	0.02857185
P49815	1790	V	S		AF-P49815-F1-model_v4.pdb	1790	0.83269405	0.025068885
P49815	1790	V	T		AF-P49815-F1-model_v4.pdb	1790	0.8746463	0.022512553
P49815	1790	V	W		AF-P49815-F1-model_v4.pdb	1790	0.88818467	0.019972429
P49815	1790	V	Y		AF-P49815-F1-model_v4.pdb	1790	0.8818016	0.0403383
P49815	1791	G	A		AF-P49815-F1-model_v4.pdb	1791	0.8323043	0.03230728
P49815	1791	G	C		AF-P49815-F1-model_v4.pdb	1791	0.8338873	0.058121447
P49815	1791	G	D		AF-P49815-F1-model_v4.pdb	1791	0.780999	0.02857912
P49815	1791	G	E		AF-P49815-F1-model_v4.pdb	1791	0.7568422	0.037347347
P49815	1791	G	F		AF-P49815-F1-model_v4.pdb	1791	0.75053966	0.061818827
P49815	1791	G	H		AF-P49815-F1-model_v4.pdb	1791	0.7659709	0.04516861
P49815	1791	G	I		AF-P49815-F1-model_v4.pdb	1791	0.7879364	0.043279275
P49815	1791	G	K		AF-P49815-F1-model_v4.pdb	1791	0.70432794	0.023493825
P49815	1791	G	L		AF-P49815-F1-model_v4.pdb	1791	0.80009955	0.035005346
P49815	1791	G	M		AF-P49815-F1-model_v4.pdb	1791	0.8169099	0.035183355
P49815	1791	G	N		AF-P49815-F1-model_v4.pdb	1791	0.7685184	0.037094414
P49815	1791	G	P		AF-P49815-F1-model_v4.pdb	1791	0.8433746	0.026445841
P49815	1791	G	Q		AF-P49815-F1-model_v4.pdb	1791	0.7513171	0.040972084
P49815	1791	G	R		AF-P49815-F1-model_v4.pdb	1791	0.71003914	0.02176487
P49815	1791	G	S		AF-P49815-F1-model_v4.pdb	1791	0.8736743	0.030421205
P49815	1791	G	T		AF-P49815-F1-model_v4.pdb	1791	0.87422925	0.029350042
P49815	1791	G	V		AF-P49815-F1-model_v4.pdb	1791	0.8073986	0.046900958
P49815	1791	G	W		AF-P49815-F1-model_v4.pdb	1791	0.8353418	0.05444504
P49815	1791	G	Y		AF-P49815-F1-model_v4.pdb	1791	0.7934967	0.050896052
P49815	1792	Q	A		AF-P49815-F1-model_v4.pdb	1792	0.8817565	0.0056980727
P49815	1792	Q	C		AF-P49815-F1-model_v4.pdb	1792	0.82889634	0.025525263
P49815	1792	Q	E		AF-P49815-F1-model_v4.pdb	1792	0.9147636	0.025868857
P49815	1792	Q	F		AF-P49815-F1-model_v4.pdb	1792	0.80410635	0.045494325
P49815	1792	Q	G		AF-P49815-F1-model_v4.pdb	1792	0.8667768	0.028940614
P49815	1792	Q	H		AF-P49815-F1-model_v4.pdb	1792	0.92076385	0.047751524
P49815	1792	Q	I		AF-P49815-F1-model_v4.pdb	1792	0.83326685	0.011225416
P49815	1792	Q	K		AF-P49815-F1-model_v4.pdb	1792	0.8413143	0.027615948
P49815	1792	Q	L		AF-P49815-F1-model_v4.pdb	1792	0.82482326	0.03007212
P49815	1792	Q	M		AF-P49815-F1-model_v4.pdb	1792	0.8702526	0.04552776
P49815	1792	Q	N		AF-P49815-F1-model_v4.pdb	1792	0.9323085	0.030082697
P49815	1792	Q	P		AF-P49815-F1-model_v4.pdb	1792	0.8938467	0.016618066
P49815	1792	Q	R		AF-P49815-F1-model_v4.pdb	1792	0.85958683	0.026938582
P49815	1792	Q	S		AF-P49815-F1-model_v4.pdb	1792	0.88307416	0.02899608
P49815	1792	Q	T		AF-P49815-F1-model_v4.pdb	1792	0.9046853	0.021408677
P49815	1792	Q	V		AF-P49815-F1-model_v4.pdb	1792	0.856634	0.026349945
P49815	1792	Q	W		AF-P49815-F1-model_v4.pdb	1792	0.8520896	0.05988811
P49815	1792	Q	Y		AF-P49815-F1-model_v4.pdb	1792	0.88954526	0.062309522
P49815	1793	R	A		AF-P49815-F1-model_v4.pdb	1793	0.86838055	0.02235021
P49815	1793	R	C		AF-P49815-F1-model_v4.pdb	1793	0.9226257	0.011130235
P49815	1793	R	D		AF-P49815-F1-model_v4.pdb	1793	0.8951486	0.04098224
P49815	1793	R	E		AF-P49815-F1-model_v4.pdb	1793	0.8925046	0.014014282
P49815	1793	R	F		AF-P49815-F1-model_v4.pdb	1793	0.8924592	0.034659594
P49815	1793	R	G		AF-P49815-F1-model_v4.pdb	1793	0.8968414	0.037327133
P49815	1793	R	H		AF-P49815-F1-model_v4.pdb	1793	0.9469754	0.03705613
P49815	1793	R	I		AF-P49815-F1-model_v4.pdb	1793	0.8750328	0.023860969
P49815	1793	R	K		AF-P49815-F1-model_v4.pdb	1793	0.95247555	0.032365788
P49815	1793	R	L		AF-P49815-F1-model_v4.pdb	1793	0.8774005	0.026051491
P49815	1793	R	M		AF-P49815-F1-model_v4.pdb	1793	0.91391027	0.032096952
P49815	1793	R	N		AF-P49815-F1-model_v4.pdb	1793	0.89944667	0.039514888
P49815	1793	R	P		AF-P49815-F1-model_v4.pdb	1793	0.8607737	0.03239765
P49815	1793	R	Q		AF-P49815-F1-model_v4.pdb	1793	0.92908174	0.022564325
P49815	1793	R	S		AF-P49815-F1-model_v4.pdb	1793	0.8884926	0.027210383
P49815	1793	R	T		AF-P49815-F1-model_v4.pdb	1793	0.8912811	0.024732862
P49815	1793	R	V		AF-P49815-F1-model_v4.pdb	1793	0.87581825	0.020636478
P49815	1793	R	W		AF-P49815-F1-model_v4.pdb	1793	0.8709532	0.03102311
P49815	1793	R	Y		AF-P49815-F1-model_v4.pdb	1793	0.9435794	0.046701197
P49815	1794	K	A		AF-P49815-F1-model_v4.pdb	1794	0.8418137	0.02587581
P49815	1794	K	C		AF-P49815-F1-model_v4.pdb	1794	0.9006745	0.021977821
P49815	1794	K	D		AF-P49815-F1-model_v4.pdb	1794	0.86606014	0.047660798
P49815	1794	K	E		AF-P49815-F1-model_v4.pdb	1794	0.8400586	0.02928965
P49815	1794	K	F		AF-P49815-F1-model_v4.pdb	1794	0.8983452	0.048902176
P49815	1794	K	G		AF-P49815-F1-model_v4.pdb	1794	0.8647157	0.04162331
P49815	1794	K	I		AF-P49815-F1-model_v4.pdb	1794	0.8548404	0.024289202
P49815	1794	K	L		AF-P49815-F1-model_v4.pdb	1794	0.8618973	0.028630514
P49815	1794	K	M		AF-P49815-F1-model_v4.pdb	1794	0.8983269	0.037008792
P49815	1794	K	N		AF-P49815-F1-model_v4.pdb	1794	0.8860639	0.0388086
P49815	1794	K	P		AF-P49815-F1-model_v4.pdb	1794	0.804389	0.0351627
P49815	1794	K	Q		AF-P49815-F1-model_v4.pdb	1794	0.86412275	0.034940124
P49815	1794	K	R		AF-P49815-F1-model_v4.pdb	1794	0.91379815	0.04860097
P49815	1794	K	S		AF-P49815-F1-model_v4.pdb	1794	0.88973045	0.03083097
P49815	1794	K	V		AF-P49815-F1-model_v4.pdb	1794	0.8748369	0.014002378
P49815	1794	K	W		AF-P49815-F1-model_v4.pdb	1794	0.90073407	0.050791316
P49815	1794	K	Y		AF-P49815-F1-model_v4.pdb	1794	0.8900856	0.027690686
P49815	1795	R	A		AF-P49815-F1-model_v4.pdb	1795	0.8624962	0.024171585
P49815	1795	R	C		AF-P49815-F1-model_v4.pdb	1795	0.89405346	0.008541549
P49815	1795	R	D		AF-P49815-F1-model_v4.pdb	1795	0.86286086	0.043138042
P49815	1795	R	E		AF-P49815-F1-model_v4.pdb	1795	0.9020789	0.01806176
P49815	1795	R	F		AF-P49815-F1-model_v4.pdb	1795	0.8631964	0.014816729
P49815	1795	R	G		AF-P49815-F1-model_v4.pdb	1795	0.8942531	0.038038254
P49815	1795	R	H		AF-P49815-F1-model_v4.pdb	1795	0.95425475	0.03728333
P49815	1795	R	I		AF-P49815-F1-model_v4.pdb	1795	0.8587223	0.020639928
P49815	1795	R	K		AF-P49815-F1-model_v4.pdb	1795	0.9512558	0.031377863
P49815	1795	R	L		AF-P49815-F1-model_v4.pdb	1795	0.87568694	0.021817079
P49815	1795	R	M		AF-P49815-F1-model_v4.pdb	1795	0.88179004	0.020535382
P49815	1795	R	N		AF-P49815-F1-model_v4.pdb	1795	0.8935397	0.051380668
P49815	1795	R	P		AF-P49815-F1-model_v4.pdb	1795	0.8692481	0.032953918
P49815	1795	R	Q		AF-P49815-F1-model_v4.pdb	1795	0.8723267	0.030937936
P49815	1795	R	T		AF-P49815-F1-model_v4.pdb	1795	0.9261886	0.029050266
P49815	1795	R	V		AF-P49815-F1-model_v4.pdb	1795	0.8482882	0.023516921
P49815	1795	R	W		AF-P49815-F1-model_v4.pdb	1795	0.9559635	0.02470616
P49815	1795	R	Y		AF-P49815-F1-model_v4.pdb	1795	0.95933735	0.026490018
P49815	1796	L	A		AF-P49815-F1-model_v4.pdb	1796	0.898983	0.055823196
P49815	1796	L	C		AF-P49815-F1-model_v4.pdb	1796	0.895963	0.05475542
P49815	1796	L	D		AF-P49815-F1-model_v4.pdb	1796	0.7904857	0.03858619
P49815	1796	L	E		AF-P49815-F1-model_v4.pdb	1796	0.8168473	0.032049894
P49815	1796	L	F		AF-P49815-F1-model_v4.pdb	1796	0.9443568	0.04160841
P49815	1796	L	G		AF-P49815-F1-model_v4.pdb	1796	0.8061968	0.048047222
P49815	1796	L	H		AF-P49815-F1-model_v4.pdb	1796	0.8826469	0.052162264
P49815	1796	L	I		AF-P49815-F1-model_v4.pdb	1796	0.94178134	0.057235066
P49815	1796	L	K		AF-P49815-F1-model_v4.pdb	1796	0.8306459	0.03125049
P49815	1796	L	M		AF-P49815-F1-model_v4.pdb	1796	0.9504528	0.06503936
P49815	1796	L	N		AF-P49815-F1-model_v4.pdb	1796	0.81697273	0.05049573
P49815	1796	L	P		AF-P49815-F1-model_v4.pdb	1796	0.77332276	0.022278627
P49815	1796	L	Q		AF-P49815-F1-model_v4.pdb	1796	0.8500102	0.034865595
P49815	1796	L	R		AF-P49815-F1-model_v4.pdb	1796	0.8455467	0.022244068
P49815	1796	L	S		AF-P49815-F1-model_v4.pdb	1796	0.8367156	0.036211625
P49815	1796	L	T		AF-P49815-F1-model_v4.pdb	1796	0.7942954	0.041153274
P49815	1796	L	V		AF-P49815-F1-model_v4.pdb	1796	0.91262424	0.057773907
P49815	1796	L	W		AF-P49815-F1-model_v4.pdb	1796	0.8539418	0.034832716
P49815	1796	L	Y		AF-P49815-F1-model_v4.pdb	1796	0.85863936	0.03808521
P49815	1797	I	C		AF-P49815-F1-model_v4.pdb	1797	0.88907945	0.044944726
P49815	1797	I	D		AF-P49815-F1-model_v4.pdb	1797	0.81421626	0.0520996
P49815	1797	I	E		AF-P49815-F1-model_v4.pdb	1797	0.8327085	0.03502374
P49815	1797	I	F		AF-P49815-F1-model_v4.pdb	1797	0.94760007	0.04612681
P49815	1797	I	G		AF-P49815-F1-model_v4.pdb	1797	0.84752977	0.04051912
P49815	1797	I	H		AF-P49815-F1-model_v4.pdb	1797	0.89308614	0.03240759
P49815	1797	I	K		AF-P49815-F1-model_v4.pdb	1797	0.8273462	0.03178878
P49815	1797	I	L		AF-P49815-F1-model_v4.pdb	1797	0.97953147	0.05281414
P49815	1797	I	M		AF-P49815-F1-model_v4.pdb	1797	0.93365973	0.048164025
P49815	1797	I	N		AF-P49815-F1-model_v4.pdb	1797	0.8347101	0.047186457
P49815	1797	I	P		AF-P49815-F1-model_v4.pdb	1797	0.8658655	0.03507153
P49815	1797	I	Q		AF-P49815-F1-model_v4.pdb	1797	0.8938325	0.04612958
P49815	1797	I	R		AF-P49815-F1-model_v4.pdb	1797	0.85084593	0.035055205
P49815	1797	I	S		AF-P49815-F1-model_v4.pdb	1797	0.84373045	0.04566041
P49815	1797	I	T		AF-P49815-F1-model_v4.pdb	1797	0.8388298	0.028279051
P49815	1797	I	V		AF-P49815-F1-model_v4.pdb	1797	0.9553298	0.043092653
P49815	1797	I	W		AF-P49815-F1-model_v4.pdb	1797	0.86641204	0.03456849
P49815	1797	I	Y		AF-P49815-F1-model_v4.pdb	1797	0.9020664	0.042642698
P49815	1798	S	Y		AF-P49815-F1-model_v4.pdb	1798	0.9222849	0.027935857
P49815	1799	S	A		AF-P49815-F1-model_v4.pdb	1799	0.9634967	0.039223533
P49815	1799	S	C		AF-P49815-F1-model_v4.pdb	1799	0.92028075	0.028025966
P49815	1799	S	D		AF-P49815-F1-model_v4.pdb	1799	1.009019	0.013553688
P49815	1799	S	E		AF-P49815-F1-model_v4.pdb	1799	1.0245796	0.03319087
P49815	1799	S	F		AF-P49815-F1-model_v4.pdb	1799	0.922238	0.025165495
P49815	1799	S	G		AF-P49815-F1-model_v4.pdb	1799	0.894594	0.038674295
P49815	1799	S	H		AF-P49815-F1-model_v4.pdb	1799	0.97718734	0.019086005
P49815	1799	S	I		AF-P49815-F1-model_v4.pdb	1799	0.8564323	0.023701837
P49815	1799	S	K		AF-P49815-F1-model_v4.pdb	1799	0.8118502	0.024695769
P49815	1799	S	L		AF-P49815-F1-model_v4.pdb	1799	0.9132041	0.013670144
P49815	1799	S	M		AF-P49815-F1-model_v4.pdb	1799	0.94564754	0.013040001
P49815	1799	S	N		AF-P49815-F1-model_v4.pdb	1799	0.97701275	0.03144063
P49815	1799	S	P		AF-P49815-F1-model_v4.pdb	1799	0.97225463	0.036118977
P49815	1799	S	Q		AF-P49815-F1-model_v4.pdb	1799	0.95653856	0.04074811
P49815	1799	S	R		AF-P49815-F1-model_v4.pdb	1799	0.8438463	0.017902603
P49815	1799	S	T		AF-P49815-F1-model_v4.pdb	1799	0.9763754	0.01596205
P49815	1799	S	V		AF-P49815-F1-model_v4.pdb	1799	0.8877624	0.028423028
P49815	1799	S	W		AF-P49815-F1-model_v4.pdb	1799	0.94426215	0.01525826
P49815	1799	S	Y		AF-P49815-F1-model_v4.pdb	1799	0.96223766	0.032787565
P49815	1800	V	A		AF-P49815-F1-model_v4.pdb	1800	0.8390379	0.02439826
P49815	1800	V	C		AF-P49815-F1-model_v4.pdb	1800	0.8617517	0.027291136
P49815	1800	V	D		AF-P49815-F1-model_v4.pdb	1800	0.8274847	0.033190515
P49815	1800	V	E		AF-P49815-F1-model_v4.pdb	1800	0.8422966	0.035323683
P49815	1800	V	F		AF-P49815-F1-model_v4.pdb	1800	0.93303204	0.041761775
P49815	1800	V	G		AF-P49815-F1-model_v4.pdb	1800	0.8337019	0.04223932
P49815	1800	V	H		AF-P49815-F1-model_v4.pdb	1800	0.9136778	0.040563643
P49815	1800	V	K		AF-P49815-F1-model_v4.pdb	1800	0.79320896	0.034641344
P49815	1800	V	L		AF-P49815-F1-model_v4.pdb	1800	0.8976368	0.061224487
P49815	1800	V	M		AF-P49815-F1-model_v4.pdb	1800	0.8867612	0.057823002
P49815	1800	V	N		AF-P49815-F1-model_v4.pdb	1800	0.86915237	0.03342166
P49815	1800	V	P		AF-P49815-F1-model_v4.pdb	1800	0.9071037	0.04472377
P49815	1800	V	Q		AF-P49815-F1-model_v4.pdb	1800	0.88594544	0.04694739
P49815	1800	V	R		AF-P49815-F1-model_v4.pdb	1800	0.80005187	0.024627587
P49815	1800	V	S		AF-P49815-F1-model_v4.pdb	1800	0.82673806	0.03290249
P49815	1800	V	T		AF-P49815-F1-model_v4.pdb	1800	0.8963911	0.03315413
P49815	1800	V	W		AF-P49815-F1-model_v4.pdb	1800	0.9345137	0.018819386
P49815	1800	V	Y		AF-P49815-F1-model_v4.pdb	1800	0.9183081	0.028956283
P49815	1801	E	D		AF-P49815-F1-model_v4.pdb	1801	0.87918836	0.039403
P49815	1801	E	Q		AF-P49815-F1-model_v4.pdb	1801	0.8688491	0.037595306
P49815	1802	D	Y		AF-P49815-F1-model_v4.pdb	1802	0.8808815	0.029807497
P49815	1803	F	A		AF-P49815-F1-model_v4.pdb	1803	0.8983011	0.025794888
P49815	1803	F	C		AF-P49815-F1-model_v4.pdb	1803	0.9483485	0.027964648
P49815	1803	F	D		AF-P49815-F1-model_v4.pdb	1803	0.90610343	0.04072974
P49815	1803	F	E		AF-P49815-F1-model_v4.pdb	1803	0.87553406	0.04077724
P49815	1803	F	G		AF-P49815-F1-model_v4.pdb	1803	0.89689654	0.034695663
P49815	1803	F	H		AF-P49815-F1-model_v4.pdb	1803	0.8917593	0.027091073
P49815	1803	F	I		AF-P49815-F1-model_v4.pdb	1803	0.944321	0.016828254
P49815	1803	F	K		AF-P49815-F1-model_v4.pdb	1803	0.8613225	0.028290331
P49815	1803	F	L		AF-P49815-F1-model_v4.pdb	1803	0.9273014	0.017438967
P49815	1803	F	M		AF-P49815-F1-model_v4.pdb	1803	0.9522913	0.009144125
P49815	1803	F	N		AF-P49815-F1-model_v4.pdb	1803	0.887677	0.030396258
P49815	1803	F	P		AF-P49815-F1-model_v4.pdb	1803	0.89035785	0.029258799
P49815	1803	F	Q		AF-P49815-F1-model_v4.pdb	1803	0.8641527	0.033943847
P49815	1803	F	R		AF-P49815-F1-model_v4.pdb	1803	0.8699149	0.03252623
P49815	1803	F	S		AF-P49815-F1-model_v4.pdb	1803	0.84860706	0.021559395
P49815	1803	F	V		AF-P49815-F1-model_v4.pdb	1803	0.88155586	0.018382266
P49815	1803	F	W		AF-P49815-F1-model_v4.pdb	1803	0.94167054	0.043487974
P49815	1803	F	Y		AF-P49815-F1-model_v4.pdb	1803	0.93020165	0.046776783
P49815	1804	T	A		AF-P49815-F1-model_v4.pdb	1804	0.9295502	0.03287468
P49815	1804	T	C		AF-P49815-F1-model_v4.pdb	1804	0.9117675	0.04812859
P49815	1804	T	D		AF-P49815-F1-model_v4.pdb	1804	0.9186613	0.03435588
P49815	1804	T	E		AF-P49815-F1-model_v4.pdb	1804	0.9351555	0.031831443
P49815	1804	T	F		AF-P49815-F1-model_v4.pdb	1804	0.8590914	0.03971168
P49815	1804	T	G		AF-P49815-F1-model_v4.pdb	1804	0.9150688	0.036066484
P49815	1804	T	H		AF-P49815-F1-model_v4.pdb	1804	0.95605755	0.048065025
P49815	1804	T	I		AF-P49815-F1-model_v4.pdb	1804	0.8788729	0.017956523
P49815	1804	T	K		AF-P49815-F1-model_v4.pdb	1804	0.8077632	0.012562649
P49815	1804	T	L		AF-P49815-F1-model_v4.pdb	1804	0.90261734	0.026228303
P49815	1804	T	M		AF-P49815-F1-model_v4.pdb	1804	0.9324899	0.04279616
P49815	1804	T	N		AF-P49815-F1-model_v4.pdb	1804	0.9389572	0.03994894
P49815	1804	T	P		AF-P49815-F1-model_v4.pdb	1804	0.9307598	0.027946431
P49815	1804	T	Q		AF-P49815-F1-model_v4.pdb	1804	0.90377855	0.019771103
P49815	1804	T	R		AF-P49815-F1-model_v4.pdb	1804	0.7827753	0.009990606
P49815	1804	T	S		AF-P49815-F1-model_v4.pdb	1804	0.95078737	0.024329469
P49815	1804	T	V		AF-P49815-F1-model_v4.pdb	1804	0.88896275	0.034789745
P49815	1804	T	W		AF-P49815-F1-model_v4.pdb	1804	0.89027375	0.036904857
P49815	1804	T	Y		AF-P49815-F1-model_v4.pdb	1804	0.8878788	0.041868236
P49815	1805	E	A		AF-P49815-F1-model_v4.pdb	1805	0.83172196	0.023574296
P49815	1805	E	C		AF-P49815-F1-model_v4.pdb	1805	0.8564433	0.024700552
P49815	1805	E	D		AF-P49815-F1-model_v4.pdb	1805	0.96040475	0.04050744
P49815	1805	E	F		AF-P49815-F1-model_v4.pdb	1805	0.8822792	0.022126336
P49815	1805	E	G		AF-P49815-F1-model_v4.pdb	1805	0.84973925	0.020912083
P49815	1805	E	H		AF-P49815-F1-model_v4.pdb	1805	0.93677044	0.041933917
P49815	1805	E	I		AF-P49815-F1-model_v4.pdb	1805	0.8538737	0.020890787
P49815	1805	E	K		AF-P49815-F1-model_v4.pdb	1805	0.8886627	0.027258346
P49815	1805	E	L		AF-P49815-F1-model_v4.pdb	1805	0.85962975	0.024696002
P49815	1805	E	M		AF-P49815-F1-model_v4.pdb	1805	0.89847755	0.017775087
P49815	1805	E	N		AF-P49815-F1-model_v4.pdb	1805	0.8237362	0.028206736
P49815	1805	E	P		AF-P49815-F1-model_v4.pdb	1805	0.8399148	0.020804992
P49815	1805	E	Q		AF-P49815-F1-model_v4.pdb	1805	0.9055311	0.035315387
P49815	1805	E	R		AF-P49815-F1-model_v4.pdb	1805	0.919024	0.037441473
P49815	1805	E	S		AF-P49815-F1-model_v4.pdb	1805	0.7714431	0.031690262
P49815	1805	E	T		AF-P49815-F1-model_v4.pdb	1805	0.8550488	0.03040488
P49815	1805	E	V		AF-P49815-F1-model_v4.pdb	1805	0.88877326	0.02039208
P49815	1805	E	W		AF-P49815-F1-model_v4.pdb	1805	0.91583693	0.014610043
P49815	1805	E	Y		AF-P49815-F1-model_v4.pdb	1805	0.8948148	0.02804675
