UniProtID	MutPos	WT	Mut	Label	StructureFile	MutPos(pdb)
P38398	1	M	L	-2.51652937334305	AF-P38398-F1-model_v4.pdb	1
P38398	1	M	V	-2.02564472903696	AF-P38398-F1-model_v4.pdb	1
P38398	1	M	L	-1.9656286042014	AF-P38398-F1-model_v4.pdb	1
P38398	1	M	K	-1.6367004566288	AF-P38398-F1-model_v4.pdb	1
P38398	1	M	T	-1.65656907663554	AF-P38398-F1-model_v4.pdb	1
P38398	1	M	R	-2.4815795549735	AF-P38398-F1-model_v4.pdb	1
P38398	1	M	I	-2.50212823274764	AF-P38398-F1-model_v4.pdb	1
P38398	1	M	I	-2.22610742672219	AF-P38398-F1-model_v4.pdb	1
P38398	1	M	I	-1.89730149043368	AF-P38398-F1-model_v4.pdb	1
P38398	2	D	E	0.0886959845329214	AF-P38398-F1-model_v4.pdb	2
P38398	2	D	D	-0.0983187489626474	AF-P38398-F1-model_v4.pdb	2
P38398	2	D	E	-0.0021265581189514	AF-P38398-F1-model_v4.pdb	2
P38398	2	D	V	-1.1594980212777	AF-P38398-F1-model_v4.pdb	2
P38398	2	D	H	-1.4738308058292902	AF-P38398-F1-model_v4.pdb	2
P38398	2	D	A	-0.180781768085747	AF-P38398-F1-model_v4.pdb	2
P38398	2	D	Y	-0.256094696263827	AF-P38398-F1-model_v4.pdb	2
P38398	2	D	N	-0.682954463032835	AF-P38398-F1-model_v4.pdb	2
P38398	2	D	G	-1.01782797782734	AF-P38398-F1-model_v4.pdb	2
P38398	3	L	V	-0.0500459285012336	AF-P38398-F1-model_v4.pdb	3
P38398	3	L	I	0.0219005007232084	AF-P38398-F1-model_v4.pdb	3
P38398	3	L	L	-0.0179998194743001	AF-P38398-F1-model_v4.pdb	3
P38398	3	L	S	-0.0664564027844771	AF-P38398-F1-model_v4.pdb	3
P38398	3	L	*	-2.67410841645749	AF-P38398-F1-model_v4.pdb	3
P38398	3	L	*	-3.65034797244986	AF-P38398-F1-model_v4.pdb	3
P38398	3	L	F	-0.341922832016336	AF-P38398-F1-model_v4.pdb	3
P38398	3	L	L	0.21176742138953	AF-P38398-F1-model_v4.pdb	3
P38398	3	L	F	-0.605356370320219	AF-P38398-F1-model_v4.pdb	3
P38398	4	S	S	-0.142624097579656	AF-P38398-F1-model_v4.pdb	4
P38398	4	S	S	0.2383362993468629	AF-P38398-F1-model_v4.pdb	4
P38398	4	S	F	-0.495238709687705	AF-P38398-F1-model_v4.pdb	4
P38398	4	S	C	-0.2452990440585339	AF-P38398-F1-model_v4.pdb	4
P38398	4	S	S	-0.388970197742591	AF-P38398-F1-model_v4.pdb	4
P38398	4	S	A	0.0736912909433332	AF-P38398-F1-model_v4.pdb	4
P38398	4	S	P	-0.330095865138841	AF-P38398-F1-model_v4.pdb	4
P38398	4	S	T	0.0376395031614976	AF-P38398-F1-model_v4.pdb	4
P38398	4	S	Y	-0.255390243949249	AF-P38398-F1-model_v4.pdb	4
P38398	5	A	A	-0.166669459142941	AF-P38398-F1-model_v4.pdb	5
P38398	5	A	T	-0.0878381970969909	AF-P38398-F1-model_v4.pdb	5
P38398	5	A	P	-0.8928590529378051	AF-P38398-F1-model_v4.pdb	5
P38398	5	A	S	-0.261440553945555	AF-P38398-F1-model_v4.pdb	5
P38398	5	A	D	0.132687421458342	AF-P38398-F1-model_v4.pdb	5
P38398	5	A	G	-0.5916092753888	AF-P38398-F1-model_v4.pdb	5
P38398	5	A	V	0.314079800080404	AF-P38398-F1-model_v4.pdb	5
P38398	5	A	A	0.154157649377929	AF-P38398-F1-model_v4.pdb	5
P38398	5	A	A	-0.422681586594637	AF-P38398-F1-model_v4.pdb	5
P38398	6	L	L	-0.0054804514013132	AF-P38398-F1-model_v4.pdb	6
P38398	6	L	L	-0.0318629778553975	AF-P38398-F1-model_v4.pdb	6
P38398	6	L	I	-0.114585698691009	AF-P38398-F1-model_v4.pdb	6
P38398	6	L	V	0.163586304203768	AF-P38398-F1-model_v4.pdb	6
P38398	6	L	F	-0.1809582726346769	AF-P38398-F1-model_v4.pdb	6
P38398	6	L	P	0.326952510113036	AF-P38398-F1-model_v4.pdb	6
P38398	6	L	R	-0.1953691354885549	AF-P38398-F1-model_v4.pdb	6
P38398	6	L	L	-0.0393050103460963	AF-P38398-F1-model_v4.pdb	6
P38398	6	L	H	-0.0381968456076487	AF-P38398-F1-model_v4.pdb	6
P38398	7	R	S	-0.921591673894526	AF-P38398-F1-model_v4.pdb	7
P38398	7	R	G	-0.311500807458905	AF-P38398-F1-model_v4.pdb	7
P38398	7	R	C	-0.148867100203426	AF-P38398-F1-model_v4.pdb	7
P38398	7	R	H	-0.539420688452674	AF-P38398-F1-model_v4.pdb	7
P38398	7	R	P	-0.1924255863565319	AF-P38398-F1-model_v4.pdb	7
P38398	7	R	L	-0.0164585518325097	AF-P38398-F1-model_v4.pdb	7
P38398	7	R	R	-0.256547625476716	AF-P38398-F1-model_v4.pdb	7
P38398	7	R	R	-0.196967451557336	AF-P38398-F1-model_v4.pdb	7
P38398	7	R	R	0.275561384077285	AF-P38398-F1-model_v4.pdb	7
P38398	8	V	V	-0.543137762402507	AF-P38398-F1-model_v4.pdb	8
P38398	8	V	V	0.327422988892546	AF-P38398-F1-model_v4.pdb	8
P38398	8	V	V	0.0142807347774057	AF-P38398-F1-model_v4.pdb	8
P38398	8	V	L	-0.448267493087877	AF-P38398-F1-model_v4.pdb	8
P38398	8	V	A	0.2234064970773299	AF-P38398-F1-model_v4.pdb	8
P38398	8	V	D	-1.12167589876894	AF-P38398-F1-model_v4.pdb	8
P38398	8	V	F	-0.569226807221544	AF-P38398-F1-model_v4.pdb	8
P38398	8	V	I	-0.5609186628425401	AF-P38398-F1-model_v4.pdb	8
P38398	8	V	G	-0.312289330139422	AF-P38398-F1-model_v4.pdb	8
P38398	9	E	D	-0.401406461500291	AF-P38398-F1-model_v4.pdb	9
P38398	9	E	E	-0.200679811161979	AF-P38398-F1-model_v4.pdb	9
P38398	9	E	D	-0.1297036251394649	AF-P38398-F1-model_v4.pdb	9
P38398	9	E	A	0.236742528994922	AF-P38398-F1-model_v4.pdb	9
P38398	9	E	G	-0.145407855200815	AF-P38398-F1-model_v4.pdb	9
P38398	9	E	V	-0.252637874039314	AF-P38398-F1-model_v4.pdb	9
P38398	9	E	K	-0.6493334640181669	AF-P38398-F1-model_v4.pdb	9
P38398	9	E	Q	-0.292376184810078	AF-P38398-F1-model_v4.pdb	9
P38398	9	E	*	-1.9425557548836896	AF-P38398-F1-model_v4.pdb	9
P38398	10	E	K	-0.7696158789837689	AF-P38398-F1-model_v4.pdb	10
P38398	10	E	D	-0.116327290438585	AF-P38398-F1-model_v4.pdb	10
P38398	10	E	V	-0.8519031685699571	AF-P38398-F1-model_v4.pdb	10
P38398	10	E	D	0.0104485547113585	AF-P38398-F1-model_v4.pdb	10
P38398	10	E	A	-0.0319006778297286	AF-P38398-F1-model_v4.pdb	10
P38398	10	E	*	-2.35272738562521	AF-P38398-F1-model_v4.pdb	10
P38398	10	E	Q	-0.403286540026543	AF-P38398-F1-model_v4.pdb	10
P38398	10	E	G	-0.183632895124666	AF-P38398-F1-model_v4.pdb	10
P38398	10	E	E	-0.308519545564318	AF-P38398-F1-model_v4.pdb	10
P38398	11	V	I	-0.3134249462405239	AF-P38398-F1-model_v4.pdb	11
P38398	11	V	L	-1.14195506703003	AF-P38398-F1-model_v4.pdb	11
P38398	11	V	L	-1.1680166594663	AF-P38398-F1-model_v4.pdb	11
P38398	11	V	E	-2.20488274643452	AF-P38398-F1-model_v4.pdb	11
P38398	11	V	A	-0.126650277002018	AF-P38398-F1-model_v4.pdb	11
P38398	11	V	G	-2.47449709015521	AF-P38398-F1-model_v4.pdb	11
P38398	11	V	V	0.0628013912002851	AF-P38398-F1-model_v4.pdb	11
P38398	11	V	V	0.0089874047647475	AF-P38398-F1-model_v4.pdb	11
P38398	11	V	V	0.168246095010134	AF-P38398-F1-model_v4.pdb	11
P38398	12	Q	K	0.0785666221560315	AF-P38398-F1-model_v4.pdb	12
P38398	12	Q	E	-0.387357108661802	AF-P38398-F1-model_v4.pdb	12
P38398	12	Q	*	-1.89246157412393	AF-P38398-F1-model_v4.pdb	12
P38398	12	Q	P	-2.1847547529789	AF-P38398-F1-model_v4.pdb	12
P38398	12	Q	R	0.31364873883553	AF-P38398-F1-model_v4.pdb	12
P38398	12	Q	L	0.119074367258883	AF-P38398-F1-model_v4.pdb	12
P38398	12	Q	H	0.0311627938030909	AF-P38398-F1-model_v4.pdb	12
P38398	12	Q	Q	-0.113496938607851	AF-P38398-F1-model_v4.pdb	12
P38398	12	Q	H	-0.175873386814908	AF-P38398-F1-model_v4.pdb	12
P38398	13	N	K	-0.299074923117612	AF-P38398-F1-model_v4.pdb	13
P38398	13	N	K	-0.0418711301411099	AF-P38398-F1-model_v4.pdb	13
P38398	13	N	I	-0.578107176714707	AF-P38398-F1-model_v4.pdb	13
P38398	13	N	N	-0.108512374174145	AF-P38398-F1-model_v4.pdb	13
P38398	13	N	T	0.171094586178767	AF-P38398-F1-model_v4.pdb	13
P38398	13	N	Y	-0.504029039954484	AF-P38398-F1-model_v4.pdb	13
P38398	13	N	H	0.155809001215628	AF-P38398-F1-model_v4.pdb	13
P38398	13	N	D	0.316276815670123	AF-P38398-F1-model_v4.pdb	13
P38398	13	N	S	-0.0720163850844163	AF-P38398-F1-model_v4.pdb	13
P38398	14	V	A	0.062406302949053	AF-P38398-F1-model_v4.pdb	14
P38398	14	V	G	-1.8612150523609	AF-P38398-F1-model_v4.pdb	14
P38398	14	V	V	-0.321266376663658	AF-P38398-F1-model_v4.pdb	14
P38398	14	V	V	-0.231817926935682	AF-P38398-F1-model_v4.pdb	14
P38398	14	V	V	-0.1912766680170169	AF-P38398-F1-model_v4.pdb	14
P38398	14	V	I	-0.0065643225896498	AF-P38398-F1-model_v4.pdb	14
P38398	14	V	L	-0.548239954638154	AF-P38398-F1-model_v4.pdb	14
P38398	14	V	F	-1.43176219554685	AF-P38398-F1-model_v4.pdb	14
P38398	14	V	D	-1.23390488739974	AF-P38398-F1-model_v4.pdb	14
P38398	15	I	M	-0.638691852982005	AF-P38398-F1-model_v4.pdb	15
P38398	15	I	S	-1.83471135433156	AF-P38398-F1-model_v4.pdb	15
P38398	15	I	L	0.0826831586701175	AF-P38398-F1-model_v4.pdb	15
P38398	15	I	V	-0.58041586484571	AF-P38398-F1-model_v4.pdb	15
P38398	15	I	I	0.348291059736837	AF-P38398-F1-model_v4.pdb	15
P38398	15	I	F	-1.32040948296724	AF-P38398-F1-model_v4.pdb	15
P38398	15	I	N	-2.63305342929592	AF-P38398-F1-model_v4.pdb	15
P38398	15	I	T	-2.09697257117144	AF-P38398-F1-model_v4.pdb	15
P38398	15	I	I	0.0211553121759141	AF-P38398-F1-model_v4.pdb	15
P38398	16	N	H	-0.1405902927738569	AF-P38398-F1-model_v4.pdb	16
P38398	16	N	T	0.148421579767673	AF-P38398-F1-model_v4.pdb	16
P38398	16	N	N	0.0634310486770521	AF-P38398-F1-model_v4.pdb	16
P38398	16	N	K	-0.291203178754204	AF-P38398-F1-model_v4.pdb	16
P38398	16	N	I	0.510672527059461	AF-P38398-F1-model_v4.pdb	16
P38398	16	N	S	-0.333605413119007	AF-P38398-F1-model_v4.pdb	16
P38398	16	N	Y	-0.353923267413801	AF-P38398-F1-model_v4.pdb	16
P38398	16	N	D	-0.172551302798021	AF-P38398-F1-model_v4.pdb	16
P38398	16	N	K	0.061939541585395	AF-P38398-F1-model_v4.pdb	16
P38398	17	A	P	-2.8798217378467	AF-P38398-F1-model_v4.pdb	17
P38398	17	A	S	0.244995540364458	AF-P38398-F1-model_v4.pdb	17
P38398	17	A	G	-0.180847973262728	AF-P38398-F1-model_v4.pdb	17
P38398	17	A	V	-0.6779302448016079	AF-P38398-F1-model_v4.pdb	17
P38398	17	A	A	-0.0541470184485822	AF-P38398-F1-model_v4.pdb	17
P38398	17	A	A	0.495880358483272	AF-P38398-F1-model_v4.pdb	17
P38398	17	A	A	-0.0510314099344127	AF-P38398-F1-model_v4.pdb	17
P38398	17	A	D	0.0908070667072376	AF-P38398-F1-model_v4.pdb	17
P38398	17	A	T	-0.329703976204377	AF-P38398-F1-model_v4.pdb	17
P38398	18	M	I	-0.1609213048127819	AF-P38398-F1-model_v4.pdb	18
P38398	18	M	V	-0.947284908003992	AF-P38398-F1-model_v4.pdb	18
P38398	18	M	L	-0.0567890448928917	AF-P38398-F1-model_v4.pdb	18
P38398	18	M	K	-2.3904806945532404	AF-P38398-F1-model_v4.pdb	18
P38398	18	M	T	-1.8874301625019896	AF-P38398-F1-model_v4.pdb	18
P38398	18	M	R	-2.44598808427358	AF-P38398-F1-model_v4.pdb	18
P38398	18	M	I	-0.288552682219596	AF-P38398-F1-model_v4.pdb	18
P38398	18	M	I	-0.1938459867704549	AF-P38398-F1-model_v4.pdb	18
P38398	18	M	L	-0.0617858138271981	AF-P38398-F1-model_v4.pdb	18
P38398	19	Q	K	-0.308824720869346	AF-P38398-F1-model_v4.pdb	19
P38398	19	Q	E	-0.170930864062617	AF-P38398-F1-model_v4.pdb	19
P38398	19	Q	*	-1.84113586609137	AF-P38398-F1-model_v4.pdb	19
P38398	19	Q	P	-2.16905784149199	AF-P38398-F1-model_v4.pdb	19
P38398	19	Q	R	0.0502988982912768	AF-P38398-F1-model_v4.pdb	19
P38398	19	Q	L	-0.0170689180808018	AF-P38398-F1-model_v4.pdb	19
P38398	19	Q	Q	-0.1175454785568469	AF-P38398-F1-model_v4.pdb	19
P38398	19	Q	H	-0.1941051013744869	AF-P38398-F1-model_v4.pdb	19
P38398	19	Q	H	-0.509053283219051	AF-P38398-F1-model_v4.pdb	19
P38398	20	K	Q	-0.7804938040510442	AF-P38398-F1-model_v4.pdb	20
P38398	20	K	E	-0.419304746954729	AF-P38398-F1-model_v4.pdb	20
P38398	20	K	T	-0.222575795360717	AF-P38398-F1-model_v4.pdb	20
P38398	20	K	R	-0.076775943203518	AF-P38398-F1-model_v4.pdb	20
P38398	20	K	I	-0.207838344811351	AF-P38398-F1-model_v4.pdb	20
P38398	20	K	N	-0.360313135753224	AF-P38398-F1-model_v4.pdb	20
P38398	20	K	K	0.119817297801682	AF-P38398-F1-model_v4.pdb	20
P38398	20	K	N	-0.3408868027516989	AF-P38398-F1-model_v4.pdb	20
P38398	20	K	*	-2.20929567342254	AF-P38398-F1-model_v4.pdb	20
P38398	21	I	F	-0.432698516452122	AF-P38398-F1-model_v4.pdb	21
P38398	21	I	V	-0.147346078310098	AF-P38398-F1-model_v4.pdb	21
P38398	21	I	I	-1.60156685165604	AF-P38398-F1-model_v4.pdb	21
P38398	21	I	N	-0.2154629803937039	AF-P38398-F1-model_v4.pdb	21
P38398	21	I	T	0.0726212923152069	AF-P38398-F1-model_v4.pdb	21
P38398	21	I	S	0.2023744142360539	AF-P38398-F1-model_v4.pdb	21
P38398	21	I	L	0.244697521338296	AF-P38398-F1-model_v4.pdb	21
P38398	21	I	I	-0.582372259854102	AF-P38398-F1-model_v4.pdb	21
P38398	21	I	M	-0.5279490513983021	AF-P38398-F1-model_v4.pdb	21
P38398	22	L	F	-0.33315091053469	AF-P38398-F1-model_v4.pdb	22
P38398	22	L	F	-0.7019804360655999	AF-P38398-F1-model_v4.pdb	22
P38398	22	L	L	0.433218113421171	AF-P38398-F1-model_v4.pdb	22
P38398	22	L	*	-2.17809513750892	AF-P38398-F1-model_v4.pdb	22
P38398	22	L	S	-2.10667578876765	AF-P38398-F1-model_v4.pdb	22
P38398	22	L	*	-1.96141420301698	AF-P38398-F1-model_v4.pdb	22
P38398	22	L	V	-0.263422078603365	AF-P38398-F1-model_v4.pdb	22
P38398	22	L	L	0.23403085539082	AF-P38398-F1-model_v4.pdb	22
P38398	22	L	I	-0.625778259428958	AF-P38398-F1-model_v4.pdb	22
P38398	23	E	*	-2.10231492900379	AF-P38398-F1-model_v4.pdb	23
P38398	23	E	A	-0.608742915773584	AF-P38398-F1-model_v4.pdb	23
P38398	23	E	G	-0.843385010197707	AF-P38398-F1-model_v4.pdb	23
P38398	23	E	V	0.135861256938137	AF-P38398-F1-model_v4.pdb	23
P38398	23	E	E	-0.138161229825439	AF-P38398-F1-model_v4.pdb	23
P38398	23	E	D	-1.0667011016788	AF-P38398-F1-model_v4.pdb	23
P38398	23	E	D	-0.8732068931060449	AF-P38398-F1-model_v4.pdb	23
P38398	23	E	Q	0.252641450491044	AF-P38398-F1-model_v4.pdb	23
P38398	23	E	K	-0.342968970516733	AF-P38398-F1-model_v4.pdb	23
P38398	24	C	S	-1.4983358196048502	AF-P38398-F1-model_v4.pdb	24
P38398	24	C	R	-2.7852399794506297	AF-P38398-F1-model_v4.pdb	24
P38398	24	C	G	-2.31508727898479	AF-P38398-F1-model_v4.pdb	24
P38398	24	C	Y	-2.14268375955679	AF-P38398-F1-model_v4.pdb	24
P38398	24	C	S	-1.88032705628737	AF-P38398-F1-model_v4.pdb	24
P38398	24	C	W	-2.73591085460351	AF-P38398-F1-model_v4.pdb	24
P38398	24	C	C	0.263497775536314	AF-P38398-F1-model_v4.pdb	24
P38398	24	C	*	-2.31090766616382	AF-P38398-F1-model_v4.pdb	24
P38398	24	C	F	-1.27827379877892	AF-P38398-F1-model_v4.pdb	24
P38398	25	P	T	-0.194290415479458	AF-P38398-F1-model_v4.pdb	25
P38398	25	P	A	0.4376019094110229	AF-P38398-F1-model_v4.pdb	25
P38398	25	P	S	0.0528508335643715	AF-P38398-F1-model_v4.pdb	25
P38398	25	P	R	-0.202953504790366	AF-P38398-F1-model_v4.pdb	25
P38398	25	P	L	-1.6608357191516798	AF-P38398-F1-model_v4.pdb	25
P38398	26	I	I	0.3682613015803621	AF-P38398-F1-model_v4.pdb	26
P38398	26	I	I	0.327747553829515	AF-P38398-F1-model_v4.pdb	26
P38398	26	I	M	0.0759306605696321	AF-P38398-F1-model_v4.pdb	26
P38398	26	I	T	-1.9076738427035504	AF-P38398-F1-model_v4.pdb	26
P38398	26	I	N	-1.98754345492074	AF-P38398-F1-model_v4.pdb	26
P38398	26	I	V	-0.0102689630162162	AF-P38398-F1-model_v4.pdb	26
P38398	26	I	S	-1.09662949657375	AF-P38398-F1-model_v4.pdb	26
P38398	26	I	L	-0.834112338192994	AF-P38398-F1-model_v4.pdb	26
P38398	27	C	S	-1.98032006467426	AF-P38398-F1-model_v4.pdb	27
P38398	27	C	S	-1.6047496019976202	AF-P38398-F1-model_v4.pdb	27
P38398	27	C	F	-2.5801243985607405	AF-P38398-F1-model_v4.pdb	27
P38398	27	C	*	-2.2733662951222	AF-P38398-F1-model_v4.pdb	27
P38398	27	C	C	0.0032603813718293	AF-P38398-F1-model_v4.pdb	27
P38398	27	C	W	-1.92289035894222	AF-P38398-F1-model_v4.pdb	27
P38398	27	C	Y	-1.88826243338375	AF-P38398-F1-model_v4.pdb	27
P38398	27	C	R	-1.9593567536422	AF-P38398-F1-model_v4.pdb	27
P38398	27	C	G	-2.37420947167817	AF-P38398-F1-model_v4.pdb	27
P38398	28	L	L	-0.067164439050108	AF-P38398-F1-model_v4.pdb	28
P38398	28	L	L	-0.185296967330991	AF-P38398-F1-model_v4.pdb	28
P38398	28	L	R	-0.0662809136557019	AF-P38398-F1-model_v4.pdb	28
P38398	28	L	L	-0.414420321633281	AF-P38398-F1-model_v4.pdb	28
P38398	28	L	Q	-0.333171449122507	AF-P38398-F1-model_v4.pdb	28
P38398	28	L	L	-0.165536040911456	AF-P38398-F1-model_v4.pdb	28
P38398	28	L	V	-0.728959633849956	AF-P38398-F1-model_v4.pdb	28
P38398	28	L	P	-1.64360581860877	AF-P38398-F1-model_v4.pdb	28
P38398	28	L	M	-0.559160152972987	AF-P38398-F1-model_v4.pdb	28
P38398	29	E	D	-0.391405355526356	AF-P38398-F1-model_v4.pdb	29
P38398	29	E	K	-0.645511679301639	AF-P38398-F1-model_v4.pdb	29
P38398	29	E	Q	0.132155294541447	AF-P38398-F1-model_v4.pdb	29
P38398	29	E	*	-2.23427850286585	AF-P38398-F1-model_v4.pdb	29
P38398	29	E	A	-0.0536296468335891	AF-P38398-F1-model_v4.pdb	29
P38398	29	E	G	-0.286648661729374	AF-P38398-F1-model_v4.pdb	29
P38398	29	E	V	-0.26008652576368	AF-P38398-F1-model_v4.pdb	29
P38398	29	E	E	-0.141286740995721	AF-P38398-F1-model_v4.pdb	29
P38398	29	E	D	-0.235879028350896	AF-P38398-F1-model_v4.pdb	29
P38398	30	L	L	0.277923519411741	AF-P38398-F1-model_v4.pdb	30
P38398	30	L	V	-0.0473694365930921	AF-P38398-F1-model_v4.pdb	30
P38398	30	L	*	-2.59470853603584	AF-P38398-F1-model_v4.pdb	30
P38398	30	L	S	0.0601091190569478	AF-P38398-F1-model_v4.pdb	30
P38398	30	L	W	-0.295743493236045	AF-P38398-F1-model_v4.pdb	30
P38398	30	L	L	-0.353035635217169	AF-P38398-F1-model_v4.pdb	30
P38398	30	L	F	-0.095957528287595	AF-P38398-F1-model_v4.pdb	30
P38398	30	L	M	0.284766431176396	AF-P38398-F1-model_v4.pdb	30
P38398	30	L	F	-0.8569596343831422	AF-P38398-F1-model_v4.pdb	30
P38398	31	I	N	-0.8282234786938331	AF-P38398-F1-model_v4.pdb	31
P38398	31	I	F	0.266900902703425	AF-P38398-F1-model_v4.pdb	31
P38398	31	I	T	-0.133781446217631	AF-P38398-F1-model_v4.pdb	31
P38398	31	I	M	-0.631893111643994	AF-P38398-F1-model_v4.pdb	31
P38398	31	I	I	-0.6931425369433489	AF-P38398-F1-model_v4.pdb	31
P38398	31	I	V	0.171253179516736	AF-P38398-F1-model_v4.pdb	31
P38398	31	I	I	-0.24797230919738	AF-P38398-F1-model_v4.pdb	31
P38398	31	I	S	-0.0312365889694355	AF-P38398-F1-model_v4.pdb	31
P38398	31	I	L	-0.0617831265084275	AF-P38398-F1-model_v4.pdb	31
P38398	32	K	*	-2.22612222900539	AF-P38398-F1-model_v4.pdb	32
P38398	32	K	N	-0.368416088905072	AF-P38398-F1-model_v4.pdb	32
P38398	32	K	N	-0.0915135458113136	AF-P38398-F1-model_v4.pdb	32
P38398	32	K	K	-0.0422090556254549	AF-P38398-F1-model_v4.pdb	32
P38398	32	K	M	-0.30742353188671	AF-P38398-F1-model_v4.pdb	32
P38398	32	K	Q	0.0984339301679147	AF-P38398-F1-model_v4.pdb	32
P38398	32	K	T	0.118786033752062	AF-P38398-F1-model_v4.pdb	32
P38398	32	K	E	-0.0877744100664281	AF-P38398-F1-model_v4.pdb	32
P38398	32	K	R	0.249218829816441	AF-P38398-F1-model_v4.pdb	32
P38398	33	E	E	0.282275854927706	AF-P38398-F1-model_v4.pdb	33
P38398	33	E	V	-0.01977025765078	AF-P38398-F1-model_v4.pdb	33
P38398	33	E	K	-0.4120889205450029	AF-P38398-F1-model_v4.pdb	33
P38398	33	E	Q	-0.265285715662975	AF-P38398-F1-model_v4.pdb	33
P38398	33	E	*	-1.4629713490661105	AF-P38398-F1-model_v4.pdb	33
P38398	33	E	A	-0.3625775589159979	AF-P38398-F1-model_v4.pdb	33
P38398	33	E	G	-0.944338478668913	AF-P38398-F1-model_v4.pdb	33
P38398	33	E	D	-0.258046591052841	AF-P38398-F1-model_v4.pdb	33
P38398	33	E	D	0.2356219508386779	AF-P38398-F1-model_v4.pdb	33
P38398	34	P	P	-0.239059047995225	AF-P38398-F1-model_v4.pdb	34
P38398	34	P	P	-0.0030194078460585	AF-P38398-F1-model_v4.pdb	34
P38398	34	P	T	-1.18400047550482	AF-P38398-F1-model_v4.pdb	34
P38398	34	P	A	-0.144485559937016	AF-P38398-F1-model_v4.pdb	34
P38398	34	P	S	-1.62390239959227	AF-P38398-F1-model_v4.pdb	34
P38398	34	P	H	-2.8399643539097297	AF-P38398-F1-model_v4.pdb	34
P38398	34	P	R	-2.04326818228721	AF-P38398-F1-model_v4.pdb	34
P38398	34	P	L	-1.8679314377921	AF-P38398-F1-model_v4.pdb	34
P38398	34	P	P	-0.233401189769988	AF-P38398-F1-model_v4.pdb	34
P38398	35	V	D	-2.3985588252410897	AF-P38398-F1-model_v4.pdb	35
P38398	35	V	A	-1.4417628866151802	AF-P38398-F1-model_v4.pdb	35
P38398	35	V	G	-2.11113231210402	AF-P38398-F1-model_v4.pdb	35
P38398	35	V	V	0.0788901825602333	AF-P38398-F1-model_v4.pdb	35
P38398	35	V	V	-0.200206977132496	AF-P38398-F1-model_v4.pdb	35
P38398	35	V	V	-0.107071246984515	AF-P38398-F1-model_v4.pdb	35
P38398	35	V	L	-0.784489926160633	AF-P38398-F1-model_v4.pdb	35
P38398	35	V	I	-0.3373746262212529	AF-P38398-F1-model_v4.pdb	35
P38398	35	V	F	-1.23552836047238	AF-P38398-F1-model_v4.pdb	35
P38398	36	S	T	-0.0948374584074106	AF-P38398-F1-model_v4.pdb	36
P38398	36	S	A	0.067965072687474	AF-P38398-F1-model_v4.pdb	36
P38398	37	T	T	0.130856463914244	AF-P38398-F1-model_v4.pdb	37
P38398	37	T	T	0.0216296662104994	AF-P38398-F1-model_v4.pdb	37
P38398	37	T	T	0.112499118456149	AF-P38398-F1-model_v4.pdb	37
P38398	37	T	I	-0.8418304501866729	AF-P38398-F1-model_v4.pdb	37
P38398	37	T	R	-2.48552739594034	AF-P38398-F1-model_v4.pdb	37
P38398	37	T	K	-2.49352324025865	AF-P38398-F1-model_v4.pdb	37
P38398	37	T	S	-0.0807389990250914	AF-P38398-F1-model_v4.pdb	37
P38398	37	T	A	0.1144203778832019	AF-P38398-F1-model_v4.pdb	37
P38398	37	T	P	-0.368808462244033	AF-P38398-F1-model_v4.pdb	37
P38398	38	K	*	-2.21396731176657	AF-P38398-F1-model_v4.pdb	38
P38398	38	K	N	-0.0376756066282157	AF-P38398-F1-model_v4.pdb	38
P38398	38	K	N	-0.122152502974334	AF-P38398-F1-model_v4.pdb	38
P38398	38	K	E	-0.0591683644642362	AF-P38398-F1-model_v4.pdb	38
P38398	38	K	M	-0.271030936348293	AF-P38398-F1-model_v4.pdb	38
P38398	38	K	R	-0.187628556558442	AF-P38398-F1-model_v4.pdb	38
P38398	38	K	T	0.0381219973066482	AF-P38398-F1-model_v4.pdb	38
P38398	38	K	Q	0.0442274727921174	AF-P38398-F1-model_v4.pdb	38
P38398	38	K	K	-0.290726687608708	AF-P38398-F1-model_v4.pdb	38
P38398	39	C	C	0.0692715808856734	AF-P38398-F1-model_v4.pdb	39
P38398	39	C	W	-2.53443021351077	AF-P38398-F1-model_v4.pdb	39
P38398	39	C	*	-2.20254102711855	AF-P38398-F1-model_v4.pdb	39
P38398	39	C	G	-2.22421950186341	AF-P38398-F1-model_v4.pdb	39
P38398	39	C	S	-2.2349231162327703	AF-P38398-F1-model_v4.pdb	39
P38398	39	C	Y	-2.6582396135078303	AF-P38398-F1-model_v4.pdb	39
P38398	39	C	S	-1.9587561553707704	AF-P38398-F1-model_v4.pdb	39
P38398	39	C	R	-2.40360904850681	AF-P38398-F1-model_v4.pdb	39
P38398	39	C	F	-2.32092314101715	AF-P38398-F1-model_v4.pdb	39
P38398	40	D	D	0.103513701163575	AF-P38398-F1-model_v4.pdb	40
P38398	40	D	E	-0.137867777121563	AF-P38398-F1-model_v4.pdb	40
P38398	40	D	E	0.0009494632633843	AF-P38398-F1-model_v4.pdb	40
P38398	40	D	G	0.1974508677033889	AF-P38398-F1-model_v4.pdb	40
P38398	40	D	A	-0.1192157955390149	AF-P38398-F1-model_v4.pdb	40
P38398	40	D	Y	-0.376938578091546	AF-P38398-F1-model_v4.pdb	40
P38398	40	D	H	-0.281112570315361	AF-P38398-F1-model_v4.pdb	40
P38398	40	D	N	-0.0802033634658153	AF-P38398-F1-model_v4.pdb	40
P38398	40	D	V	-0.501412521728141	AF-P38398-F1-model_v4.pdb	40
P38398	41	H	Q	-2.22696615127865	AF-P38398-F1-model_v4.pdb	41
P38398	41	H	H	-0.108913453782523	AF-P38398-F1-model_v4.pdb	41
P38398	41	H	Q	-2.32537855229532	AF-P38398-F1-model_v4.pdb	41
P38398	41	H	N	-2.29075675621701	AF-P38398-F1-model_v4.pdb	41
P38398	41	H	R	-2.07795707321754	AF-P38398-F1-model_v4.pdb	41
P38398	41	H	P	-2.55981702612402	AF-P38398-F1-model_v4.pdb	41
P38398	41	H	D	-2.14174273520893	AF-P38398-F1-model_v4.pdb	41
P38398	41	H	L	-1.77532347459198	AF-P38398-F1-model_v4.pdb	41
P38398	41	H	Y	-2.02233175261816	AF-P38398-F1-model_v4.pdb	41
P38398	42	I	I	0.0594634927079684	AF-P38398-F1-model_v4.pdb	42
P38398	42	I	M	0.146633898149107	AF-P38398-F1-model_v4.pdb	42
P38398	42	I	I	-0.288888987885139	AF-P38398-F1-model_v4.pdb	42
P38398	42	I	T	-0.0757505608216063	AF-P38398-F1-model_v4.pdb	42
P38398	42	I	K	-0.6364883702163929	AF-P38398-F1-model_v4.pdb	42
P38398	42	I	L	0.0719718393811408	AF-P38398-F1-model_v4.pdb	42
P38398	42	I	L	0.0717261890913763	AF-P38398-F1-model_v4.pdb	42
P38398	42	I	R	-0.5508606086500589	AF-P38398-F1-model_v4.pdb	42
P38398	42	I	V	0.1098843112481669	AF-P38398-F1-model_v4.pdb	42
P38398	43	F	F	0.0878675582031953	AF-P38398-F1-model_v4.pdb	43
P38398	43	F	L	-1.6742122359200302	AF-P38398-F1-model_v4.pdb	43
P38398	43	F	L	-1.1818865203369198	AF-P38398-F1-model_v4.pdb	43
P38398	43	F	Y	-0.221090144399722	AF-P38398-F1-model_v4.pdb	43
P38398	43	F	V	-1.03847047425694	AF-P38398-F1-model_v4.pdb	43
P38398	43	F	L	-1.0838823856696702	AF-P38398-F1-model_v4.pdb	43
P38398	43	F	I	-1.16581431512051	AF-P38398-F1-model_v4.pdb	43
P38398	43	F	C	-0.768825626651291	AF-P38398-F1-model_v4.pdb	43
P38398	43	F	S	-1.24099502166333	AF-P38398-F1-model_v4.pdb	43
P38398	44	C	S	-2.38393524527543	AF-P38398-F1-model_v4.pdb	44
P38398	44	C	R	-2.1978281236014	AF-P38398-F1-model_v4.pdb	44
P38398	44	C	Y	-2.39797407768976	AF-P38398-F1-model_v4.pdb	44
P38398	44	C	S	-2.2677605444565097	AF-P38398-F1-model_v4.pdb	44
P38398	44	C	F	-2.5421885142855896	AF-P38398-F1-model_v4.pdb	44
P38398	44	C	*	-2.91155523427823	AF-P38398-F1-model_v4.pdb	44
P38398	44	C	W	-2.3070197804144703	AF-P38398-F1-model_v4.pdb	44
P38398	44	C	C	-2.0922397932055	AF-P38398-F1-model_v4.pdb	44
P38398	44	C	G	-2.53216823657949	AF-P38398-F1-model_v4.pdb	44
P38398	45	K	T	-0.6983443517022478	AF-P38398-F1-model_v4.pdb	45
P38398	45	K	N	-0.5912440433284171	AF-P38398-F1-model_v4.pdb	45
P38398	45	K	K	-0.162758147388726	AF-P38398-F1-model_v4.pdb	45
P38398	45	K	N	-0.337829370855279	AF-P38398-F1-model_v4.pdb	45
P38398	45	K	I	-2.4358058246935497	AF-P38398-F1-model_v4.pdb	45
P38398	45	K	R	-0.12650525619479	AF-P38398-F1-model_v4.pdb	45
P38398	45	K	*	-2.1719669882684403	AF-P38398-F1-model_v4.pdb	45
P38398	45	K	Q	-0.267722266843825	AF-P38398-F1-model_v4.pdb	45
P38398	45	K	E	-0.634450233958355	AF-P38398-F1-model_v4.pdb	45
P38398	46	F	I	0.1180185411594419	AF-P38398-F1-model_v4.pdb	46
P38398	46	F	L	-0.578320565388626	AF-P38398-F1-model_v4.pdb	46
P38398	46	F	V	-0.400503796929427	AF-P38398-F1-model_v4.pdb	46
P38398	46	F	Y	-0.354796573911067	AF-P38398-F1-model_v4.pdb	46
P38398	46	F	S	0.242754195310461	AF-P38398-F1-model_v4.pdb	46
P38398	46	F	C	0.1385887788652219	AF-P38398-F1-model_v4.pdb	46
P38398	46	F	L	-0.520164143977755	AF-P38398-F1-model_v4.pdb	46
P38398	46	F	F	-0.0215055382057851	AF-P38398-F1-model_v4.pdb	46
P38398	46	F	L	0.172623684038249	AF-P38398-F1-model_v4.pdb	46
P38398	47	C	W	-2.25668984581652	AF-P38398-F1-model_v4.pdb	47
P38398	47	C	C	-0.0228718964318377	AF-P38398-F1-model_v4.pdb	47
P38398	47	C	*	-2.14961368609209	AF-P38398-F1-model_v4.pdb	47
P38398	47	C	S	-1.9277939444176693	AF-P38398-F1-model_v4.pdb	47
P38398	47	C	Y	-1.6779833411748502	AF-P38398-F1-model_v4.pdb	47
P38398	47	C	F	-1.96017875677391	AF-P38398-F1-model_v4.pdb	47
P38398	47	C	R	-1.8352960909996	AF-P38398-F1-model_v4.pdb	47
P38398	47	C	S	-0.899627061095552	AF-P38398-F1-model_v4.pdb	47
P38398	47	C	G	-2.4358876583656897	AF-P38398-F1-model_v4.pdb	47
P38398	48	M	V	-0.276021452097446	AF-P38398-F1-model_v4.pdb	48
P38398	48	M	L	-0.387238184471606	AF-P38398-F1-model_v4.pdb	48
P38398	48	M	I	-0.259442038911394	AF-P38398-F1-model_v4.pdb	48
P38398	48	M	I	0.253188799483833	AF-P38398-F1-model_v4.pdb	48
P38398	48	M	L	-0.243815473964906	AF-P38398-F1-model_v4.pdb	48
P38398	48	M	I	0.0047424993237089	AF-P38398-F1-model_v4.pdb	48
P38398	48	M	K	-2.12489333961009	AF-P38398-F1-model_v4.pdb	48
P38398	48	M	T	-0.0633378478729209	AF-P38398-F1-model_v4.pdb	48
P38398	48	M	R	-2.88395689569692	AF-P38398-F1-model_v4.pdb	48
P38398	49	L	L	-0.0882332524960653	AF-P38398-F1-model_v4.pdb	49
P38398	49	L	L	0.0475355105844232	AF-P38398-F1-model_v4.pdb	49
P38398	49	L	R	-0.6966700786435761	AF-P38398-F1-model_v4.pdb	49
P38398	49	L	L	-0.6172264852920041	AF-P38398-F1-model_v4.pdb	49
P38398	49	L	L	-0.174894606427413	AF-P38398-F1-model_v4.pdb	49
P38398	49	L	V	-0.873863087144116	AF-P38398-F1-model_v4.pdb	49
P38398	49	L	M	-0.518552505065359	AF-P38398-F1-model_v4.pdb	49
P38398	49	L	Q	-0.319246701652893	AF-P38398-F1-model_v4.pdb	49
P38398	49	L	P	-1.62451858428158	AF-P38398-F1-model_v4.pdb	49
P38398	50	K	Q	-0.289487269218209	AF-P38398-F1-model_v4.pdb	50
P38398	50	K	E	-0.5914194647441079	AF-P38398-F1-model_v4.pdb	50
P38398	50	K	*	-1.97943299782933	AF-P38398-F1-model_v4.pdb	50
P38398	50	K	T	0.439789899830432	AF-P38398-F1-model_v4.pdb	50
P38398	50	K	R	0.134461516798949	AF-P38398-F1-model_v4.pdb	50
P38398	50	K	N	-0.253562359007247	AF-P38398-F1-model_v4.pdb	50
P38398	50	K	N	0.0085446649903772	AF-P38398-F1-model_v4.pdb	50
P38398	50	K	K	0.0431611457065616	AF-P38398-F1-model_v4.pdb	50
P38398	50	K	I	0.126243711985096	AF-P38398-F1-model_v4.pdb	50
P38398	51	L	L	-0.0323270857072348	AF-P38398-F1-model_v4.pdb	51
P38398	51	L	I	-0.3213004961115	AF-P38398-F1-model_v4.pdb	51
P38398	51	L	V	-0.459830957353929	AF-P38398-F1-model_v4.pdb	51
P38398	51	L	F	-0.145244780755562	AF-P38398-F1-model_v4.pdb	51
P38398	51	L	H	0.0243776805780889	AF-P38398-F1-model_v4.pdb	51
P38398	51	L	P	-1.33284833119727	AF-P38398-F1-model_v4.pdb	51
P38398	51	L	R	-0.334968954525271	AF-P38398-F1-model_v4.pdb	51
P38398	51	L	L	0.2114013684139639	AF-P38398-F1-model_v4.pdb	51
P38398	51	L	L	0.113099446402535	AF-P38398-F1-model_v4.pdb	51
P38398	52	L	I	-0.219703422173857	AF-P38398-F1-model_v4.pdb	52
P38398	52	L	V	-0.1050636875934259	AF-P38398-F1-model_v4.pdb	52
P38398	52	L	F	-0.164703074148804	AF-P38398-F1-model_v4.pdb	52
P38398	52	L	H	-1.01784125726376	AF-P38398-F1-model_v4.pdb	52
P38398	52	L	L	-0.250111810276369	AF-P38398-F1-model_v4.pdb	52
P38398	52	L	R	-1.10919468982921	AF-P38398-F1-model_v4.pdb	52
P38398	52	L	L	-0.143739543394479	AF-P38398-F1-model_v4.pdb	52
P38398	52	L	P	-1.26354747579423	AF-P38398-F1-model_v4.pdb	52
P38398	52	L	L	-0.70660026479075	AF-P38398-F1-model_v4.pdb	52
P38398	53	N	N	-0.466477353956455	AF-P38398-F1-model_v4.pdb	53
P38398	53	N	K	-0.2342110604718889	AF-P38398-F1-model_v4.pdb	53
P38398	53	N	H	0.0064972108631194	AF-P38398-F1-model_v4.pdb	53
P38398	53	N	D	-0.52784334974704	AF-P38398-F1-model_v4.pdb	53
P38398	53	N	Y	-0.3473967081449949	AF-P38398-F1-model_v4.pdb	53
P38398	53	N	T	-0.761628844182999	AF-P38398-F1-model_v4.pdb	53
P38398	53	N	S	0.0078660699987904	AF-P38398-F1-model_v4.pdb	53
P38398	53	N	I	-0.3478080149696569	AF-P38398-F1-model_v4.pdb	53
P38398	53	N	K	-0.8033824713145171	AF-P38398-F1-model_v4.pdb	53
P38398	54	Q	K	-0.620201371008806	AF-P38398-F1-model_v4.pdb	54
P38398	54	Q	H	0.0169151611306388	AF-P38398-F1-model_v4.pdb	54
P38398	54	Q	H	-0.179248266571474	AF-P38398-F1-model_v4.pdb	54
P38398	54	Q	Q	-0.308065086485694	AF-P38398-F1-model_v4.pdb	54
P38398	54	Q	R	-0.122193843218794	AF-P38398-F1-model_v4.pdb	54
P38398	54	Q	P	-0.475637295642705	AF-P38398-F1-model_v4.pdb	54
P38398	54	Q	*	-2.4105391907760096	AF-P38398-F1-model_v4.pdb	54
P38398	54	Q	E	-0.314001650399221	AF-P38398-F1-model_v4.pdb	54
P38398	54	Q	L	-0.159398532497638	AF-P38398-F1-model_v4.pdb	54
P38398	55	K	N	0.0127625313699572	AF-P38398-F1-model_v4.pdb	55
P38398	55	K	N	-0.272475962871033	AF-P38398-F1-model_v4.pdb	55
P38398	55	K	K	0.0008816877037537	AF-P38398-F1-model_v4.pdb	55
P38398	55	K	T	0.1133783491956619	AF-P38398-F1-model_v4.pdb	55
P38398	55	K	R	-0.0416730197266743	AF-P38398-F1-model_v4.pdb	55
P38398	55	K	*	-2.1720356289763503	AF-P38398-F1-model_v4.pdb	55
P38398	55	K	E	0.0384727360991774	AF-P38398-F1-model_v4.pdb	55
P38398	55	K	M	-0.132292328183489	AF-P38398-F1-model_v4.pdb	55
P38398	55	K	Q	0.139050270844548	AF-P38398-F1-model_v4.pdb	55
P38398	56	K	N	-0.0831707430270813	AF-P38398-F1-model_v4.pdb	56
P38398	56	K	K	-0.0728887975583392	AF-P38398-F1-model_v4.pdb	56
P38398	56	K	N	-0.1946433384447859	AF-P38398-F1-model_v4.pdb	56
P38398	56	K	R	-0.0765591154080292	AF-P38398-F1-model_v4.pdb	56
P38398	56	K	T	-0.0828118586184817	AF-P38398-F1-model_v4.pdb	56
P38398	56	K	*	-2.2368779276286	AF-P38398-F1-model_v4.pdb	56
P38398	56	K	E	-0.0931926781859281	AF-P38398-F1-model_v4.pdb	56
P38398	56	K	I	0.1418846350484459	AF-P38398-F1-model_v4.pdb	56
P38398	56	K	Q	0.2029239245959	AF-P38398-F1-model_v4.pdb	56
P38398	57	G	R	-0.0672533050726693	AF-P38398-F1-model_v4.pdb	57
P38398	57	G	A	0.170740039522394	AF-P38398-F1-model_v4.pdb	57
P38398	57	G	V	0.0529491582602572	AF-P38398-F1-model_v4.pdb	57
P38398	58	P	P	0.0493089202813866	AF-P38398-F1-model_v4.pdb	58
P38398	58	P	P	-0.18016969669255	AF-P38398-F1-model_v4.pdb	58
P38398	58	P	P	0.316611401199192	AF-P38398-F1-model_v4.pdb	58
P38398	58	P	R	0.191628628089573	AF-P38398-F1-model_v4.pdb	58
P38398	58	P	A	-0.0643034671740271	AF-P38398-F1-model_v4.pdb	58
P38398	58	P	T	-0.274594395313991	AF-P38398-F1-model_v4.pdb	58
P38398	58	P	L	0.0336589795354355	AF-P38398-F1-model_v4.pdb	58
P38398	58	P	H	-1.46809657233464	AF-P38398-F1-model_v4.pdb	58
P38398	59	S	T	-0.0076984119275285	AF-P38398-F1-model_v4.pdb	59
P38398	59	S	P	-0.111088432294323	AF-P38398-F1-model_v4.pdb	59
P38398	59	S	A	0.12259162117247	AF-P38398-F1-model_v4.pdb	59
P38398	59	S	*	-2.76005221647416	AF-P38398-F1-model_v4.pdb	59
P38398	59	S	*	-2.54562286725908	AF-P38398-F1-model_v4.pdb	59
P38398	59	S	L	-0.216694820470431	AF-P38398-F1-model_v4.pdb	59
P38398	59	S	S	0.1210221149439719	AF-P38398-F1-model_v4.pdb	59
P38398	59	S	S	0.207847351602975	AF-P38398-F1-model_v4.pdb	59
P38398	59	S	S	0.0687942352064083	AF-P38398-F1-model_v4.pdb	59
P38398	60	Q	H	-0.4472153216015549	AF-P38398-F1-model_v4.pdb	60
P38398	60	Q	H	-0.2040281506964139	AF-P38398-F1-model_v4.pdb	60
P38398	60	Q	L	-0.0404271939529918	AF-P38398-F1-model_v4.pdb	60
P38398	60	Q	R	0.175006538244498	AF-P38398-F1-model_v4.pdb	60
P38398	60	Q	P	0.5572646633499879	AF-P38398-F1-model_v4.pdb	60
P38398	60	Q	*	-1.64527533037193	AF-P38398-F1-model_v4.pdb	60
P38398	60	Q	E	0.0746808855832064	AF-P38398-F1-model_v4.pdb	60
P38398	60	Q	K	-0.34385436614943	AF-P38398-F1-model_v4.pdb	60
P38398	60	Q	Q	0.250657795066714	AF-P38398-F1-model_v4.pdb	60
P38398	61	C	W	-2.51201063792508	AF-P38398-F1-model_v4.pdb	61
P38398	61	C	S	-2.06526710687929	AF-P38398-F1-model_v4.pdb	61
P38398	61	C	Y	-1.48851829809458	AF-P38398-F1-model_v4.pdb	61
P38398	61	C	G	-1.73834813947418	AF-P38398-F1-model_v4.pdb	61
P38398	61	C	R	-1.32753822709513	AF-P38398-F1-model_v4.pdb	61
P38398	61	C	S	-1.8410356521443	AF-P38398-F1-model_v4.pdb	61
P38398	61	C	F	-1.93751901318034	AF-P38398-F1-model_v4.pdb	61
P38398	61	C	C	0.0031002286026483	AF-P38398-F1-model_v4.pdb	61
P38398	61	C	*	-1.52353474657152	AF-P38398-F1-model_v4.pdb	61
P38398	62	P	P	0.015503965969267	AF-P38398-F1-model_v4.pdb	62
P38398	62	P	T	-1.06763515240375	AF-P38398-F1-model_v4.pdb	62
P38398	62	P	A	-0.625469855225993	AF-P38398-F1-model_v4.pdb	62
P38398	62	P	S	-0.7396213872834421	AF-P38398-F1-model_v4.pdb	62
P38398	62	P	H	-0.7536981831864008	AF-P38398-F1-model_v4.pdb	62
P38398	62	P	R	-0.73045276973931	AF-P38398-F1-model_v4.pdb	62
P38398	62	P	L	-0.530946091433252	AF-P38398-F1-model_v4.pdb	62
P38398	62	P	P	0.112128585365855	AF-P38398-F1-model_v4.pdb	62
P38398	62	P	P	0.168528528017527	AF-P38398-F1-model_v4.pdb	62
P38398	63	L	S	0.0491777349469777	AF-P38398-F1-model_v4.pdb	63
P38398	63	L	*	-2.11447679323774	AF-P38398-F1-model_v4.pdb	63
P38398	63	L	L	0.5301647277184339	AF-P38398-F1-model_v4.pdb	63
P38398	63	L	F	-0.4480072017920221	AF-P38398-F1-model_v4.pdb	63
P38398	63	L	V	0.0815141885627965	AF-P38398-F1-model_v4.pdb	63
P38398	63	L	*	-2.76247796245549	AF-P38398-F1-model_v4.pdb	63
P38398	63	L	F	-0.331791871917996	AF-P38398-F1-model_v4.pdb	63
P38398	63	L	I	0.393837055073655	AF-P38398-F1-model_v4.pdb	63
P38398	63	L	L	-0.0634543091247518	AF-P38398-F1-model_v4.pdb	63
P38398	64	C	G	-1.95113526060798	AF-P38398-F1-model_v4.pdb	64
P38398	64	C	R	-1.69111599683788	AF-P38398-F1-model_v4.pdb	64
P38398	64	C	S	-2.3903693041451097	AF-P38398-F1-model_v4.pdb	64
P38398	64	C	S	-3.0222061450952102	AF-P38398-F1-model_v4.pdb	64
P38398	64	C	*	-1.5843494475568205	AF-P38398-F1-model_v4.pdb	64
P38398	64	C	C	-0.0659024018271285	AF-P38398-F1-model_v4.pdb	64
P38398	64	C	W	-1.60379971496205	AF-P38398-F1-model_v4.pdb	64
P38398	64	C	Y	-2.05029821109945	AF-P38398-F1-model_v4.pdb	64
P38398	64	C	F	-1.5894609474847	AF-P38398-F1-model_v4.pdb	64
P38398	65	K	N	-0.3566336642036979	AF-P38398-F1-model_v4.pdb	65
P38398	65	K	K	-0.0110290991647158	AF-P38398-F1-model_v4.pdb	65
P38398	65	K	M	0.1957053593060899	AF-P38398-F1-model_v4.pdb	65
P38398	65	K	N	-0.266965751909426	AF-P38398-F1-model_v4.pdb	65
P38398	65	K	T	-0.0847304380898753	AF-P38398-F1-model_v4.pdb	65
P38398	65	K	*	-1.91699414708455	AF-P38398-F1-model_v4.pdb	65
P38398	65	K	E	-0.0104009260486012	AF-P38398-F1-model_v4.pdb	65
P38398	65	K	Q	0.203499910028996	AF-P38398-F1-model_v4.pdb	65
P38398	65	K	R	0.186615867380227	AF-P38398-F1-model_v4.pdb	65
P38398	66	N	H	0.1441337974353209	AF-P38398-F1-model_v4.pdb	66
P38398	66	N	D	-0.1172749972546139	AF-P38398-F1-model_v4.pdb	66
P38398	66	N	Y	-1.76977311391765	AF-P38398-F1-model_v4.pdb	66
P38398	66	N	T	0.157001707363151	AF-P38398-F1-model_v4.pdb	66
P38398	66	N	S	0.0209716387913158	AF-P38398-F1-model_v4.pdb	66
P38398	66	N	I	0.3548247874970879	AF-P38398-F1-model_v4.pdb	66
P38398	66	N	K	0.331522622481848	AF-P38398-F1-model_v4.pdb	66
P38398	66	N	N	0.19173596156769	AF-P38398-F1-model_v4.pdb	66
P38398	66	N	K	0.0558460249365613	AF-P38398-F1-model_v4.pdb	66
P38398	67	D	N	0.149696615854813	AF-P38398-F1-model_v4.pdb	67
P38398	67	D	Y	-0.0809950046543564	AF-P38398-F1-model_v4.pdb	67
P38398	67	D	G	0.0456568383840613	AF-P38398-F1-model_v4.pdb	67
P38398	67	D	V	0.141412315907018	AF-P38398-F1-model_v4.pdb	67
P38398	67	D	E	0.259751854132552	AF-P38398-F1-model_v4.pdb	67
P38398	67	D	D	0.283781640312844	AF-P38398-F1-model_v4.pdb	67
P38398	67	D	E	-0.096183037628413	AF-P38398-F1-model_v4.pdb	67
P38398	67	D	H	-0.336806341430567	AF-P38398-F1-model_v4.pdb	67
P38398	67	D	A	0.134788632276109	AF-P38398-F1-model_v4.pdb	67
P38398	68	I	I	-0.463256348022372	AF-P38398-F1-model_v4.pdb	68
P38398	68	I	M	0.122549115399585	AF-P38398-F1-model_v4.pdb	68
P38398	68	I	R	-1.75484824206991	AF-P38398-F1-model_v4.pdb	68
P38398	68	I	I	0.2833432382377169	AF-P38398-F1-model_v4.pdb	68
P38398	68	I	K	-1.53542040040805	AF-P38398-F1-model_v4.pdb	68
P38398	68	I	L	0.0364445780401083	AF-P38398-F1-model_v4.pdb	68
P38398	68	I	V	0.0618273051239322	AF-P38398-F1-model_v4.pdb	68
P38398	68	I	L	-0.0510104007096042	AF-P38398-F1-model_v4.pdb	68
P38398	68	I	T	-0.3182051814428089	AF-P38398-F1-model_v4.pdb	68
P38398	69	T	P	-0.0274548290858105	AF-P38398-F1-model_v4.pdb	69
P38398	69	T	S	0.117239498010038	AF-P38398-F1-model_v4.pdb	69
P38398	69	T	S	-0.201005025579741	AF-P38398-F1-model_v4.pdb	69
P38398	69	T	I	-0.0028609618644975	AF-P38398-F1-model_v4.pdb	69
P38398	69	T	T	-0.2659305406539849	AF-P38398-F1-model_v4.pdb	69
P38398	69	T	T	0.484013058028516	AF-P38398-F1-model_v4.pdb	69
P38398	69	T	T	-0.145479819295588	AF-P38398-F1-model_v4.pdb	69
P38398	69	T	A	-0.0784790276646692	AF-P38398-F1-model_v4.pdb	69
P38398	69	T	N	0.153279183571519	AF-P38398-F1-model_v4.pdb	69
P38398	70	K	Q	-0.107747823653866	AF-P38398-F1-model_v4.pdb	70
P38398	70	K	E	0.1242006402706819	AF-P38398-F1-model_v4.pdb	70
P38398	70	K	*	-2.01837708299856	AF-P38398-F1-model_v4.pdb	70
P38398	70	K	T	-0.301242803029983	AF-P38398-F1-model_v4.pdb	70
P38398	70	K	R	0.207178467164642	AF-P38398-F1-model_v4.pdb	70
P38398	70	K	I	-0.1010036587967869	AF-P38398-F1-model_v4.pdb	70
P38398	70	K	N	0.196738427263807	AF-P38398-F1-model_v4.pdb	70
P38398	70	K	K	0.258460175400767	AF-P38398-F1-model_v4.pdb	70
P38398	70	K	N	-1.59083463467556	AF-P38398-F1-model_v4.pdb	70
P38398	71	R	R	-2.02421910246939	AF-P38398-F1-model_v4.pdb	71
P38398	71	R	S	-2.40516553009356	AF-P38398-F1-model_v4.pdb	71
P38398	71	R	S	-2.48455100444836	AF-P38398-F1-model_v4.pdb	71
P38398	71	R	R	-0.0858681228084037	AF-P38398-F1-model_v4.pdb	71
P38398	71	R	M	-1.71773602920031	AF-P38398-F1-model_v4.pdb	71
P38398	71	R	G	-1.49271759046098	AF-P38398-F1-model_v4.pdb	71
P38398	71	R	K	-2.14933911864244	AF-P38398-F1-model_v4.pdb	71
P38398	71	R	W	-1.82052718089792	AF-P38398-F1-model_v4.pdb	71
P38398	71	R	T	-2.02887064970573	AF-P38398-F1-model_v4.pdb	71
P38398	72	S	R	-0.637529802865943	AF-P38398-F1-model_v4.pdb	72
P38398	72	S	S	0.415867158368367	AF-P38398-F1-model_v4.pdb	72
P38398	72	S	R	-0.5426143192389529	AF-P38398-F1-model_v4.pdb	72
P38398	72	S	I	-1.01387392358275	AF-P38398-F1-model_v4.pdb	72
P38398	72	S	T	0.143507753348203	AF-P38398-F1-model_v4.pdb	72
P38398	72	S	N	-1.3751642059832998	AF-P38398-F1-model_v4.pdb	72
P38398	72	S	C	-0.6390433796796341	AF-P38398-F1-model_v4.pdb	72
P38398	72	S	G	0.136704721683983	AF-P38398-F1-model_v4.pdb	72
P38398	72	S	R	-0.730647966043399	AF-P38398-F1-model_v4.pdb	72
P38398	73	L	L	0.4741242680602779	AF-P38398-F1-model_v4.pdb	73
P38398	73	L	L	-0.4903750708323329	AF-P38398-F1-model_v4.pdb	73
P38398	73	L	R	-2.288564071425529	AF-P38398-F1-model_v4.pdb	73
P38398	73	L	L	-0.322502678994144	AF-P38398-F1-model_v4.pdb	73
P38398	73	L	Q	-1.94479993958441	AF-P38398-F1-model_v4.pdb	73
P38398	73	L	L	-0.316193003238634	AF-P38398-F1-model_v4.pdb	73
P38398	73	L	V	-0.652753444997824	AF-P38398-F1-model_v4.pdb	73
P38398	73	L	P	-0.652277126099646	AF-P38398-F1-model_v4.pdb	73
P38398	74	Q	K	-0.7761061337997609	AF-P38398-F1-model_v4.pdb	74
P38398	74	Q	E	-0.672932131116281	AF-P38398-F1-model_v4.pdb	74
P38398	74	Q	*	-2.35601982432529	AF-P38398-F1-model_v4.pdb	74
P38398	74	Q	P	-0.6901484138987951	AF-P38398-F1-model_v4.pdb	74
P38398	74	Q	R	-0.7349807970609671	AF-P38398-F1-model_v4.pdb	74
P38398	74	Q	L	-0.9003835301319949	AF-P38398-F1-model_v4.pdb	74
P38398	74	Q	H	0.219999716132539	AF-P38398-F1-model_v4.pdb	74
P38398	74	Q	H	-0.1756795818838469	AF-P38398-F1-model_v4.pdb	74
P38398	75	E	*	-2.17737659841176	AF-P38398-F1-model_v4.pdb	75
P38398	75	E	K	-0.192425398734912	AF-P38398-F1-model_v4.pdb	75
P38398	75	E	A	0.542069101202301	AF-P38398-F1-model_v4.pdb	75
P38398	75	E	Q	-0.9728596889907508	AF-P38398-F1-model_v4.pdb	75
P38398	75	E	D	0.328566194465033	AF-P38398-F1-model_v4.pdb	75
P38398	75	E	E	-0.0599426746990719	AF-P38398-F1-model_v4.pdb	75
P38398	75	E	G	-0.17249934444057	AF-P38398-F1-model_v4.pdb	75
P38398	75	E	D	-0.3639261413209779	AF-P38398-F1-model_v4.pdb	75
P38398	76	S	R	-0.2087632669721389	AF-P38398-F1-model_v4.pdb	76
P38398	76	S	I	-0.7898856218080961	AF-P38398-F1-model_v4.pdb	76
P38398	76	S	T	-0.208435665910182	AF-P38398-F1-model_v4.pdb	76
P38398	76	S	S	-0.115325522207182	AF-P38398-F1-model_v4.pdb	76
P38398	76	S	C	0.5691526148712011	AF-P38398-F1-model_v4.pdb	76
P38398	76	S	G	0.844991185551513	AF-P38398-F1-model_v4.pdb	76
P38398	76	S	R	-0.295963198231347	AF-P38398-F1-model_v4.pdb	76
P38398	76	S	N	-0.0412978865249002	AF-P38398-F1-model_v4.pdb	76
P38398	77	T	P	-0.6313819436270239	AF-P38398-F1-model_v4.pdb	77
P38398	77	T	A	0.298169169262425	AF-P38398-F1-model_v4.pdb	77
P38398	77	T	S	0.158595847781077	AF-P38398-F1-model_v4.pdb	77
P38398	77	T	K	-0.224951976849503	AF-P38398-F1-model_v4.pdb	77
P38398	77	T	R	-0.7085568046057801	AF-P38398-F1-model_v4.pdb	77
P38398	77	T	M	-0.4806360686707739	AF-P38398-F1-model_v4.pdb	77
P38398	77	T	T	0.403068283914335	AF-P38398-F1-model_v4.pdb	77
P38398	77	T	T	-1.9073097340339	AF-P38398-F1-model_v4.pdb	77
P38398	78	R	S	-0.626282476489982	AF-P38398-F1-model_v4.pdb	78
P38398	78	R	I	-0.6318629773025339	AF-P38398-F1-model_v4.pdb	78
P38398	78	R	K	-0.592758779863114	AF-P38398-F1-model_v4.pdb	78
P38398	78	R	T	-0.3111439210239939	AF-P38398-F1-model_v4.pdb	78
P38398	78	R	S	0.263859171410713	AF-P38398-F1-model_v4.pdb	78
P38398	78	R	G	-0.5115063120433279	AF-P38398-F1-model_v4.pdb	78
P38398	78	R	R	-0.217289467809529	AF-P38398-F1-model_v4.pdb	78
P38398	78	R	R	-0.4628618468713839	AF-P38398-F1-model_v4.pdb	78
P38398	78	R	*	-2.2585200689877403	AF-P38398-F1-model_v4.pdb	78
P38398	79	F	L	-0.30018783974369	AF-P38398-F1-model_v4.pdb	79
P38398	79	F	L	-0.527933398173203	AF-P38398-F1-model_v4.pdb	79
P38398	79	F	F	-0.4358697131844899	AF-P38398-F1-model_v4.pdb	79
P38398	79	F	L	0.0545034602353462	AF-P38398-F1-model_v4.pdb	79
P38398	79	F	V	-0.682545605568804	AF-P38398-F1-model_v4.pdb	79
P38398	79	F	S	-0.6483022245832939	AF-P38398-F1-model_v4.pdb	79
P38398	79	F	Y	-0.129085695153203	AF-P38398-F1-model_v4.pdb	79
P38398	79	F	C	-0.194974239294707	AF-P38398-F1-model_v4.pdb	79
P38398	80	S	R	-0.364896856122187	AF-P38398-F1-model_v4.pdb	80
P38398	80	S	S	-0.0221961794474592	AF-P38398-F1-model_v4.pdb	80
P38398	80	S	R	-0.9533672874443408	AF-P38398-F1-model_v4.pdb	80
P38398	80	S	T	-0.0687803847504314	AF-P38398-F1-model_v4.pdb	80
P38398	80	S	I	-1.40865628664127	AF-P38398-F1-model_v4.pdb	80
P38398	80	S	C	-0.217631402764945	AF-P38398-F1-model_v4.pdb	80
P38398	80	S	R	-0.763797379784919	AF-P38398-F1-model_v4.pdb	80
P38398	80	S	N	-0.4123477913169039	AF-P38398-F1-model_v4.pdb	80
P38398	80	S	G	0.141974945502884	AF-P38398-F1-model_v4.pdb	80
P38398	81	Q	P	-0.637299098563328	AF-P38398-F1-model_v4.pdb	81
P38398	81	Q	H	-0.7849710290924279	AF-P38398-F1-model_v4.pdb	81
P38398	81	Q	Q	0.664720742043957	AF-P38398-F1-model_v4.pdb	81
P38398	81	Q	H	-1.3942695239741298	AF-P38398-F1-model_v4.pdb	81
P38398	81	Q	L	-0.372554913707786	AF-P38398-F1-model_v4.pdb	81
P38398	81	Q	R	0.198078810911722	AF-P38398-F1-model_v4.pdb	81
P38398	81	Q	*	-1.29548719112128	AF-P38398-F1-model_v4.pdb	81
P38398	81	Q	K	-0.0069176996071314	AF-P38398-F1-model_v4.pdb	81
P38398	81	Q	E	-0.964109618177198	AF-P38398-F1-model_v4.pdb	81
P38398	82	L	L	-0.339909779376945	AF-P38398-F1-model_v4.pdb	82
P38398	82	L	I	0.0263481686460058	AF-P38398-F1-model_v4.pdb	82
P38398	82	L	V	-0.788895725099636	AF-P38398-F1-model_v4.pdb	82
P38398	82	L	F	-1.79948636614858	AF-P38398-F1-model_v4.pdb	82
P38398	82	L	H	-3.5009199698655804	AF-P38398-F1-model_v4.pdb	82
P38398	82	L	P	-3.45179064058583	AF-P38398-F1-model_v4.pdb	82
P38398	82	L	R	-2.5096592901989103	AF-P38398-F1-model_v4.pdb	82
P38398	82	L	L	-0.6332646946682491	AF-P38398-F1-model_v4.pdb	82
P38398	82	L	L	0.0116235522653319	AF-P38398-F1-model_v4.pdb	82
P38398	83	V	V	0.101222782774124	AF-P38398-F1-model_v4.pdb	83
P38398	83	V	G	-0.0206654911150037	AF-P38398-F1-model_v4.pdb	83
P38398	83	V	V	0.196945031387954	AF-P38398-F1-model_v4.pdb	83
P38398	83	V	D	-2.3786119761979703	AF-P38398-F1-model_v4.pdb	83
P38398	83	V	V	-0.0984290076375374	AF-P38398-F1-model_v4.pdb	83
P38398	83	V	L	-0.5153134800922079	AF-P38398-F1-model_v4.pdb	83
P38398	83	V	I	-0.0934321813016914	AF-P38398-F1-model_v4.pdb	83
P38398	83	V	F	-1.74436152856929	AF-P38398-F1-model_v4.pdb	83
P38398	84	E	E	0.0229583115540455	AF-P38398-F1-model_v4.pdb	84
P38398	84	E	D	-0.3579805597194529	AF-P38398-F1-model_v4.pdb	84
P38398	84	E	D	-0.132410449618805	AF-P38398-F1-model_v4.pdb	84
P38398	84	E	K	-1.4151940527380702	AF-P38398-F1-model_v4.pdb	84
P38398	84	E	G	0.0977008263695057	AF-P38398-F1-model_v4.pdb	84
P38398	84	E	A	-0.43615651271743	AF-P38398-F1-model_v4.pdb	84
P38398	84	E	*	-3.78174671984507	AF-P38398-F1-model_v4.pdb	84
P38398	84	E	Q	0.227577933485268	AF-P38398-F1-model_v4.pdb	84
P38398	84	E	V	-1.5782889709555603	AF-P38398-F1-model_v4.pdb	84
P38398	85	E	K	-3.71822115320077	AF-P38398-F1-model_v4.pdb	85
P38398	85	E	Q	0.5965181635971739	AF-P38398-F1-model_v4.pdb	85
P38398	85	E	*	-2.930665220559709	AF-P38398-F1-model_v4.pdb	85
P38398	85	E	A	-0.437781653954811	AF-P38398-F1-model_v4.pdb	85
P38398	85	E	G	-1.45571882702139	AF-P38398-F1-model_v4.pdb	85
P38398	85	E	V	-0.100970759765058	AF-P38398-F1-model_v4.pdb	85
P38398	85	E	D	-0.772470137838265	AF-P38398-F1-model_v4.pdb	85
P38398	85	E	E	0.165827386507889	AF-P38398-F1-model_v4.pdb	85
P38398	85	E	D	-0.326985961469278	AF-P38398-F1-model_v4.pdb	85
P38398	86	L	I	-0.199917549426923	AF-P38398-F1-model_v4.pdb	86
P38398	86	L	L	0.170430124815421	AF-P38398-F1-model_v4.pdb	86
P38398	86	L	L	-0.357514832123384	AF-P38398-F1-model_v4.pdb	86
P38398	86	L	R	-3.3301168000972496	AF-P38398-F1-model_v4.pdb	86
P38398	86	L	L	-0.74475641789617	AF-P38398-F1-model_v4.pdb	86
P38398	86	L	Q	-0.563689704420925	AF-P38398-F1-model_v4.pdb	86
P38398	86	L	L	0.0185765635524308	AF-P38398-F1-model_v4.pdb	86
P38398	86	L	V	-0.605664748165032	AF-P38398-F1-model_v4.pdb	86
P38398	86	L	P	-1.9964456629302496	AF-P38398-F1-model_v4.pdb	86
P38398	87	L	M	-0.436587615023912	AF-P38398-F1-model_v4.pdb	87
P38398	87	L	V	-0.3344763417431339	AF-P38398-F1-model_v4.pdb	87
P38398	87	L	*	-1.97791548004045	AF-P38398-F1-model_v4.pdb	87
P38398	87	L	S	0.0036569972417714	AF-P38398-F1-model_v4.pdb	87
P38398	87	L	W	-0.21889029260242	AF-P38398-F1-model_v4.pdb	87
P38398	87	L	L	-2.27150633609115	AF-P38398-F1-model_v4.pdb	87
P38398	87	L	F	-0.139688848800258	AF-P38398-F1-model_v4.pdb	87
P38398	87	L	F	-2.19093104198801	AF-P38398-F1-model_v4.pdb	87
P38398	87	L	L	-0.0750851230217079	AF-P38398-F1-model_v4.pdb	87
P38398	88	K	R	-0.1948558364149779	AF-P38398-F1-model_v4.pdb	88
P38398	88	K	Q	-0.4042589631599229	AF-P38398-F1-model_v4.pdb	88
P38398	88	K	E	0.223227493922057	AF-P38398-F1-model_v4.pdb	88
P38398	88	K	*	-2.3153729091328903	AF-P38398-F1-model_v4.pdb	88
P38398	88	K	N	-0.605310021034968	AF-P38398-F1-model_v4.pdb	88
P38398	88	K	K	-0.555066744711787	AF-P38398-F1-model_v4.pdb	88
P38398	88	K	N	0.1898640083204	AF-P38398-F1-model_v4.pdb	88
P38398	88	K	T	-0.110824204974069	AF-P38398-F1-model_v4.pdb	88
P38398	89	I	I	-0.3139424447228449	AF-P38398-F1-model_v4.pdb	89
P38398	89	I	M	-0.275180330692083	AF-P38398-F1-model_v4.pdb	89
P38398	89	I	I	0.4798884112583459	AF-P38398-F1-model_v4.pdb	89
P38398	89	I	S	-0.7681405262548231	AF-P38398-F1-model_v4.pdb	89
P38398	89	I	F	-0.315334500208483	AF-P38398-F1-model_v4.pdb	89
P38398	89	I	N	-2.58720603093368	AF-P38398-F1-model_v4.pdb	89
P38398	89	I	V	-0.8492619529747859	AF-P38398-F1-model_v4.pdb	89
P38398	89	I	L	-0.0983238418972658	AF-P38398-F1-model_v4.pdb	89
P38398	89	I	T	0.530562189608434	AF-P38398-F1-model_v4.pdb	89
P38398	90	I	V	-0.0722305973971354	AF-P38398-F1-model_v4.pdb	90
P38398	90	I	L	-0.6888195496526489	AF-P38398-F1-model_v4.pdb	90
P38398	90	I	F	-0.225198811916451	AF-P38398-F1-model_v4.pdb	90
P38398	90	I	N	-1.13446904179049	AF-P38398-F1-model_v4.pdb	90
P38398	90	I	T	0.0569082533560138	AF-P38398-F1-model_v4.pdb	90
P38398	90	I	S	-0.270302363087462	AF-P38398-F1-model_v4.pdb	90
P38398	90	I	I	-0.6618760308874271	AF-P38398-F1-model_v4.pdb	90
P38398	90	I	I	0.181486994240425	AF-P38398-F1-model_v4.pdb	90
P38398	90	I	M	-0.228945552243541	AF-P38398-F1-model_v4.pdb	90
P38398	91	C	R	-0.330071693871008	AF-P38398-F1-model_v4.pdb	91
P38398	91	C	*	-1.7818872520750002	AF-P38398-F1-model_v4.pdb	91
P38398	91	C	F	-0.2432916837381989	AF-P38398-F1-model_v4.pdb	91
P38398	91	C	S	-0.6245078205091129	AF-P38398-F1-model_v4.pdb	91
P38398	91	C	S	-0.241779426738935	AF-P38398-F1-model_v4.pdb	91
P38398	91	C	G	-0.7164665449337241	AF-P38398-F1-model_v4.pdb	91
P38398	91	C	C	-0.607694464931807	AF-P38398-F1-model_v4.pdb	91
P38398	91	C	Y	0.0363977346007979	AF-P38398-F1-model_v4.pdb	91
P38398	91	C	W	-0.8477533222614131	AF-P38398-F1-model_v4.pdb	91
P38398	92	A	A	0.134814492774108	AF-P38398-F1-model_v4.pdb	92
P38398	92	A	A	-0.880529146014121	AF-P38398-F1-model_v4.pdb	92
P38398	92	A	V	-1.84583327622425	AF-P38398-F1-model_v4.pdb	92
P38398	92	A	G	-1.29607333854295	AF-P38398-F1-model_v4.pdb	92
P38398	92	A	P	-3.0436604684468103	AF-P38398-F1-model_v4.pdb	92
P38398	92	A	S	-0.580671009093887	AF-P38398-F1-model_v4.pdb	92
P38398	92	A	A	0.3336205348654329	AF-P38398-F1-model_v4.pdb	92
P38398	92	A	T	-2.26248671914372	AF-P38398-F1-model_v4.pdb	92
P38398	92	A	D	-2.0817542004775	AF-P38398-F1-model_v4.pdb	92
P38398	93	F	L	-1.8980821258678704	AF-P38398-F1-model_v4.pdb	93
P38398	93	F	I	-0.675617637380368	AF-P38398-F1-model_v4.pdb	93
P38398	93	F	V	0.13737849788977	AF-P38398-F1-model_v4.pdb	93
P38398	93	F	Y	0.390097775540481	AF-P38398-F1-model_v4.pdb	93
P38398	93	F	S	-1.42075827273154	AF-P38398-F1-model_v4.pdb	93
P38398	93	F	C	-1.15247994178777	AF-P38398-F1-model_v4.pdb	93
P38398	93	F	L	-1.23626441547654	AF-P38398-F1-model_v4.pdb	93
P38398	93	F	F	-0.0663049494879567	AF-P38398-F1-model_v4.pdb	93
P38398	93	F	L	-2.28309911645289	AF-P38398-F1-model_v4.pdb	93
P38398	94	Q	K	-0.195956095141029	AF-P38398-F1-model_v4.pdb	94
P38398	94	Q	E	-0.1143051404274719	AF-P38398-F1-model_v4.pdb	94
P38398	94	Q	P	-1.2029044729423	AF-P38398-F1-model_v4.pdb	94
P38398	94	Q	*	-2.69156700599675	AF-P38398-F1-model_v4.pdb	94
P38398	94	Q	L	-1.8635581417168	AF-P38398-F1-model_v4.pdb	94
P38398	94	Q	Q	-0.5080343852085261	AF-P38398-F1-model_v4.pdb	94
P38398	94	Q	H	-0.24817916335054	AF-P38398-F1-model_v4.pdb	94
P38398	94	Q	H	-0.439171236353344	AF-P38398-F1-model_v4.pdb	94
P38398	94	Q	R	-0.0010864148169437	AF-P38398-F1-model_v4.pdb	94
P38398	95	L	I	-0.0792177393431917	AF-P38398-F1-model_v4.pdb	95
P38398	95	L	V	-1.12379030791044	AF-P38398-F1-model_v4.pdb	95
P38398	95	L	F	-0.480312471193396	AF-P38398-F1-model_v4.pdb	95
P38398	95	L	H	-0.3532180784076459	AF-P38398-F1-model_v4.pdb	95
P38398	95	L	P	-3.2712966207660603	AF-P38398-F1-model_v4.pdb	95
P38398	95	L	R	-0.2029817272621329	AF-P38398-F1-model_v4.pdb	95
P38398	95	L	L	-0.3233801698785999	AF-P38398-F1-model_v4.pdb	95
P38398	95	L	L	-0.125593141619068	AF-P38398-F1-model_v4.pdb	95
P38398	95	L	L	-0.0214431217050921	AF-P38398-F1-model_v4.pdb	95
P38398	96	D	D	-0.3104829607261489	AF-P38398-F1-model_v4.pdb	96
P38398	96	D	N	-3.70116237654448	AF-P38398-F1-model_v4.pdb	96
P38398	96	D	H	-2.56225645650945	AF-P38398-F1-model_v4.pdb	96
P38398	96	D	Y	-3.54409780459629	AF-P38398-F1-model_v4.pdb	96
P38398	96	D	A	-3.0700093589234	AF-P38398-F1-model_v4.pdb	96
P38398	96	D	G	-3.00243211698934	AF-P38398-F1-model_v4.pdb	96
P38398	96	D	V	-2.74340346551776	AF-P38398-F1-model_v4.pdb	96
P38398	96	D	E	-3.8443814269126295	AF-P38398-F1-model_v4.pdb	96
P38398	96	D	E	-3.4665474623076498	AF-P38398-F1-model_v4.pdb	96
P38398	97	T	P	-2.51717085050026	AF-P38398-F1-model_v4.pdb	97
P38398	97	T	S	-0.334099777232787	AF-P38398-F1-model_v4.pdb	97
P38398	97	T	K	-1.27912017674434	AF-P38398-F1-model_v4.pdb	97
P38398	97	T	R	-1.02382358502105	AF-P38398-F1-model_v4.pdb	97
P38398	97	T	I	-1.04013448709355	AF-P38398-F1-model_v4.pdb	97
P38398	97	T	T	-0.061786460717952	AF-P38398-F1-model_v4.pdb	97
P38398	97	T	T	-0.0236277797257578	AF-P38398-F1-model_v4.pdb	97
P38398	97	T	A	-0.7268205810881829	AF-P38398-F1-model_v4.pdb	97
P38398	97	T	T	-0.297291972362217	AF-P38398-F1-model_v4.pdb	97
P38398	98	G	S	-0.281335101034925	AF-P38398-F1-model_v4.pdb	98
P38398	98	G	C	-0.7931662420210269	AF-P38398-F1-model_v4.pdb	98
P38398	98	G	D	-0.390340916036396	AF-P38398-F1-model_v4.pdb	98
P38398	98	G	A	-0.389790134685555	AF-P38398-F1-model_v4.pdb	98
P38398	98	G	G	-0.2786345816064199	AF-P38398-F1-model_v4.pdb	98
P38398	98	G	V	-1.3292690948783898	AF-P38398-F1-model_v4.pdb	98
P38398	98	G	G	-0.0207805062900346	AF-P38398-F1-model_v4.pdb	98
P38398	98	G	G	-0.17245188980342	AF-P38398-F1-model_v4.pdb	98
P38398	98	G	R	-0.3784714866047879	AF-P38398-F1-model_v4.pdb	98
P38398	99	L	V	-0.276943465997748	AF-P38398-F1-model_v4.pdb	99
P38398	99	L	L	-0.2221507245421849	AF-P38398-F1-model_v4.pdb	99
P38398	100	E	*	-1.95096032372052	AF-P38398-F1-model_v4.pdb	100
P38398	100	E	E	-0.355641074519881	AF-P38398-F1-model_v4.pdb	100
P38398	100	E	D	-0.360777986077225	AF-P38398-F1-model_v4.pdb	100
P38398	100	E	D	-0.3779257543417039	AF-P38398-F1-model_v4.pdb	100
P38398	101	Y	N	-0.674152758903757	AF-P38398-F1-model_v4.pdb	101
P38398	101	Y	D	-0.38558587689788	AF-P38398-F1-model_v4.pdb	101
P38398	1631	S	T	-0.8957479390660791	AF-P38398-F1-model_v4.pdb	1631
P38398	1631	S	N	-0.6100186717194039	AF-P38398-F1-model_v4.pdb	1631
P38398	1631	S	G	0.305708317472987	AF-P38398-F1-model_v4.pdb	1631
P38398	1631	S	C	0.133622446891161	AF-P38398-F1-model_v4.pdb	1631
P38398	1631	S	R	0.151486148278599	AF-P38398-F1-model_v4.pdb	1631
P38398	1631	S	S	0.32544200451846	AF-P38398-F1-model_v4.pdb	1631
P38398	1631	S	I	-1.18083184329798	AF-P38398-F1-model_v4.pdb	1631
P38398	1631	S	R	0.154709037549276	AF-P38398-F1-model_v4.pdb	1631
P38398	1631	S	R	-0.475580373315242	AF-P38398-F1-model_v4.pdb	1631
P38398	1632	V	V	-0.12654834955993	AF-P38398-F1-model_v4.pdb	1632
P38398	1632	V	M	-0.439777682861633	AF-P38398-F1-model_v4.pdb	1632
P38398	1632	V	L	0.0401613569917659	AF-P38398-F1-model_v4.pdb	1632
P38398	1632	V	V	0.649475135035928	AF-P38398-F1-model_v4.pdb	1632
P38398	1632	V	E	0.1853245531773419	AF-P38398-F1-model_v4.pdb	1632
P38398	1632	V	A	-0.016459956620108	AF-P38398-F1-model_v4.pdb	1632
P38398	1632	V	G	-0.554260259698467	AF-P38398-F1-model_v4.pdb	1632
P38398	1632	V	V	-1.09541443269547	AF-P38398-F1-model_v4.pdb	1632
P38398	1632	V	L	-0.794290560797775	AF-P38398-F1-model_v4.pdb	1632
P38398	1633	S	G	-0.252650939571362	AF-P38398-F1-model_v4.pdb	1633
P38398	1633	S	C	1.09413831402149	AF-P38398-F1-model_v4.pdb	1633
P38398	1633	S	N	-0.1227211530183019	AF-P38398-F1-model_v4.pdb	1633
P38398	1633	S	T	-0.412856231310871	AF-P38398-F1-model_v4.pdb	1633
P38398	1633	S	I	0.0506325537568632	AF-P38398-F1-model_v4.pdb	1633
P38398	1633	S	R	-0.555716157713003	AF-P38398-F1-model_v4.pdb	1633
P38398	1633	S	R	0.63455728105743	AF-P38398-F1-model_v4.pdb	1633
P38398	1633	S	R	-1.07040009839147	AF-P38398-F1-model_v4.pdb	1633
P38398	1633	S	S	-0.4985634734070329	AF-P38398-F1-model_v4.pdb	1633
P38398	1634	R	S	1.30689208765218	AF-P38398-F1-model_v4.pdb	1634
P38398	1634	R	T	0.702940695596464	AF-P38398-F1-model_v4.pdb	1634
P38398	1634	R	S	0.448533074401006	AF-P38398-F1-model_v4.pdb	1634
P38398	1634	R	G	0.519292946630737	AF-P38398-F1-model_v4.pdb	1634
P38398	1634	R	K	0.2687675985517639	AF-P38398-F1-model_v4.pdb	1634
P38398	1634	R	R	-0.480590718540609	AF-P38398-F1-model_v4.pdb	1634
P38398	1635	E	K	0.218818423209644	AF-P38398-F1-model_v4.pdb	1635
P38398	1635	E	Q	-0.312102905354693	AF-P38398-F1-model_v4.pdb	1635
P38398	1635	E	*	-2.4636180876691203	AF-P38398-F1-model_v4.pdb	1635
P38398	1635	E	A	-0.165063121503346	AF-P38398-F1-model_v4.pdb	1635
P38398	1635	E	G	-0.09675439111036	AF-P38398-F1-model_v4.pdb	1635
P38398	1635	E	V	-0.1131209401418549	AF-P38398-F1-model_v4.pdb	1635
P38398	1635	E	E	-0.0434182378030501	AF-P38398-F1-model_v4.pdb	1635
P38398	1635	E	D	-0.143617494623802	AF-P38398-F1-model_v4.pdb	1635
P38398	1635	E	D	-0.524113644543298	AF-P38398-F1-model_v4.pdb	1635
P38398	1636	K	N	0.0498460639049248	AF-P38398-F1-model_v4.pdb	1636
P38398	1636	K	K	0.106967523933618	AF-P38398-F1-model_v4.pdb	1636
P38398	1636	K	M	-0.0779957208312601	AF-P38398-F1-model_v4.pdb	1636
P38398	1636	K	R	0.0161859957590262	AF-P38398-F1-model_v4.pdb	1636
P38398	1636	K	N	0.0729845101492968	AF-P38398-F1-model_v4.pdb	1636
P38398	1636	K	*	-1.65689111020017	AF-P38398-F1-model_v4.pdb	1636
P38398	1636	K	E	0.646739007731979	AF-P38398-F1-model_v4.pdb	1636
P38398	1636	K	Q	0.4161211536445	AF-P38398-F1-model_v4.pdb	1636
P38398	1636	K	T	0.0119658191805132	AF-P38398-F1-model_v4.pdb	1636
P38398	1637	P	T	-0.659918849676847	AF-P38398-F1-model_v4.pdb	1637
P38398	1637	P	A	0.271299862621932	AF-P38398-F1-model_v4.pdb	1637
P38398	1637	P	S	0.377990216934896	AF-P38398-F1-model_v4.pdb	1637
P38398	1637	P	Q	-0.286928234851148	AF-P38398-F1-model_v4.pdb	1637
P38398	1637	P	R	-0.0617558414637228	AF-P38398-F1-model_v4.pdb	1637
P38398	1637	P	L	-0.417492856234616	AF-P38398-F1-model_v4.pdb	1637
P38398	1637	P	P	-0.4475820145204799	AF-P38398-F1-model_v4.pdb	1637
P38398	1637	P	P	-0.0558101655537388	AF-P38398-F1-model_v4.pdb	1637
P38398	1637	P	P	0.046603956759305	AF-P38398-F1-model_v4.pdb	1637
P38398	1638	E	K	-0.425459444399299	AF-P38398-F1-model_v4.pdb	1638
P38398	1638	E	*	-2.44516415626039	AF-P38398-F1-model_v4.pdb	1638
P38398	1638	E	A	0.112986175032725	AF-P38398-F1-model_v4.pdb	1638
P38398	1638	E	G	-0.1914763766344849	AF-P38398-F1-model_v4.pdb	1638
P38398	1638	E	V	-0.276578724171495	AF-P38398-F1-model_v4.pdb	1638
P38398	1638	E	D	-0.211556712698723	AF-P38398-F1-model_v4.pdb	1638
P38398	1638	E	E	-0.081573029016585	AF-P38398-F1-model_v4.pdb	1638
P38398	1638	E	Q	0.209717916059349	AF-P38398-F1-model_v4.pdb	1638
P38398	1638	E	D	-0.226429280690683	AF-P38398-F1-model_v4.pdb	1638
P38398	1639	L	S	0.3969955480039639	AF-P38398-F1-model_v4.pdb	1639
P38398	1639	L	L	0.278852371883411	AF-P38398-F1-model_v4.pdb	1639
P38398	1639	L	M	-0.129775073620502	AF-P38398-F1-model_v4.pdb	1639
P38398	1639	L	F	-0.128654136121499	AF-P38398-F1-model_v4.pdb	1639
P38398	1639	L	F	0.593827846591637	AF-P38398-F1-model_v4.pdb	1639
P38398	1639	L	L	-0.2448785127396139	AF-P38398-F1-model_v4.pdb	1639
P38398	1639	L	*	-2.47139775610019	AF-P38398-F1-model_v4.pdb	1639
P38398	1639	L	W	-0.156545823494356	AF-P38398-F1-model_v4.pdb	1639
P38398	1639	L	V	0.9856788715914152	AF-P38398-F1-model_v4.pdb	1639
P38398	1640	T	T	-0.0416338770173233	AF-P38398-F1-model_v4.pdb	1640
P38398	1640	T	T	0.420519149593748	AF-P38398-F1-model_v4.pdb	1640
P38398	1640	T	I	-0.0218986974718469	AF-P38398-F1-model_v4.pdb	1640
P38398	1640	T	T	-0.8669821085548229	AF-P38398-F1-model_v4.pdb	1640
P38398	1640	T	K	0.0368289489980411	AF-P38398-F1-model_v4.pdb	1640
P38398	1640	T	S	-0.125729668752198	AF-P38398-F1-model_v4.pdb	1640
P38398	1640	T	A	-0.239408827597538	AF-P38398-F1-model_v4.pdb	1640
P38398	1640	T	P	0.331681382815931	AF-P38398-F1-model_v4.pdb	1640
P38398	1640	T	R	-0.1132882119592269	AF-P38398-F1-model_v4.pdb	1640
P38398	1641	A	P	-0.287473571368212	AF-P38398-F1-model_v4.pdb	1641
P38398	1641	A	S	-0.927134133766101	AF-P38398-F1-model_v4.pdb	1641
P38398	1641	A	D	0.441891174889265	AF-P38398-F1-model_v4.pdb	1641
P38398	1641	A	G	-0.2883848559997269	AF-P38398-F1-model_v4.pdb	1641
P38398	1641	A	V	0.362735801041234	AF-P38398-F1-model_v4.pdb	1641
P38398	1641	A	A	-0.579607487923384	AF-P38398-F1-model_v4.pdb	1641
P38398	1641	A	A	-0.152310166719624	AF-P38398-F1-model_v4.pdb	1641
P38398	1641	A	A	-0.446852361162926	AF-P38398-F1-model_v4.pdb	1641
P38398	1641	A	T	0.3756894779827879	AF-P38398-F1-model_v4.pdb	1641
P38398	1642	S	L	0.05691160495523	AF-P38398-F1-model_v4.pdb	1642
P38398	1642	S	T	0.432342352526231	AF-P38398-F1-model_v4.pdb	1642
P38398	1642	S	P	0.460698129790579	AF-P38398-F1-model_v4.pdb	1642
P38398	1642	S	A	-0.0488174918282292	AF-P38398-F1-model_v4.pdb	1642
P38398	1642	S	*	-1.76398026577746	AF-P38398-F1-model_v4.pdb	1642
P38398	1642	S	*	-2.5596918420255803	AF-P38398-F1-model_v4.pdb	1642
P38398	1642	S	S	0.1799665094119349	AF-P38398-F1-model_v4.pdb	1642
P38398	1642	S	S	0.177206358742981	AF-P38398-F1-model_v4.pdb	1642
P38398	1642	S	S	-0.314387175418668	AF-P38398-F1-model_v4.pdb	1642
P38398	1643	T	P	-0.0752181030694236	AF-P38398-F1-model_v4.pdb	1643
P38398	1643	T	A	0.124293669243233	AF-P38398-F1-model_v4.pdb	1643
P38398	1643	T	S	0.322239809335731	AF-P38398-F1-model_v4.pdb	1643
P38398	1643	T	K	-0.1595615124292869	AF-P38398-F1-model_v4.pdb	1643
P38398	1643	T	R	-0.2265366846870239	AF-P38398-F1-model_v4.pdb	1643
P38398	1643	T	I	-0.174565420561269	AF-P38398-F1-model_v4.pdb	1643
P38398	1643	T	T	-0.244007836929304	AF-P38398-F1-model_v4.pdb	1643
P38398	1643	T	T	-0.0522614651851667	AF-P38398-F1-model_v4.pdb	1643
P38398	1643	T	T	0.197019897287456	AF-P38398-F1-model_v4.pdb	1643
P38398	1644	E	V	-0.0707839355815872	AF-P38398-F1-model_v4.pdb	1644
P38398	1644	E	G	0.0196284986556055	AF-P38398-F1-model_v4.pdb	1644
P38398	1644	E	E	-0.157215427484012	AF-P38398-F1-model_v4.pdb	1644
P38398	1644	E	D	0.490304116228315	AF-P38398-F1-model_v4.pdb	1644
P38398	1644	E	*	-2.11987891872328	AF-P38398-F1-model_v4.pdb	1644
P38398	1644	E	Q	0.288594316318101	AF-P38398-F1-model_v4.pdb	1644
P38398	1644	E	K	-0.1954033929667519	AF-P38398-F1-model_v4.pdb	1644
P38398	1644	E	A	-0.128459394668549	AF-P38398-F1-model_v4.pdb	1644
P38398	1644	E	D	-0.382091403652162	AF-P38398-F1-model_v4.pdb	1644
P38398	1645	R	R	-0.0881440661677245	AF-P38398-F1-model_v4.pdb	1645
P38398	1645	R	G	0.292396293348761	AF-P38398-F1-model_v4.pdb	1645
P38398	1645	R	W	-0.0272239319183476	AF-P38398-F1-model_v4.pdb	1645
P38398	1645	R	K	-0.0560751717928809	AF-P38398-F1-model_v4.pdb	1645
P38398	1645	R	T	0.1340620791992149	AF-P38398-F1-model_v4.pdb	1645
P38398	1645	R	R	0.402628458911041	AF-P38398-F1-model_v4.pdb	1645
P38398	1645	R	M	-0.7774597332426679	AF-P38398-F1-model_v4.pdb	1645
P38398	1645	R	S	0.418234041772017	AF-P38398-F1-model_v4.pdb	1645
P38398	1645	R	S	-0.592238305140817	AF-P38398-F1-model_v4.pdb	1645
P38398	1646	V	L	-0.233034711055546	AF-P38398-F1-model_v4.pdb	1646
P38398	1646	V	F	-0.455977913237396	AF-P38398-F1-model_v4.pdb	1646
P38398	1646	V	D	0.013159575015928	AF-P38398-F1-model_v4.pdb	1646
P38398	1646	V	A	0.0527746377112928	AF-P38398-F1-model_v4.pdb	1646
P38398	1646	V	V	-2.05929161132806	AF-P38398-F1-model_v4.pdb	1646
P38398	1646	V	V	-0.531218377290016	AF-P38398-F1-model_v4.pdb	1646
P38398	1646	V	I	-0.2834005577362319	AF-P38398-F1-model_v4.pdb	1646
P38398	1646	V	V	-0.913255253694216	AF-P38398-F1-model_v4.pdb	1646
P38398	1646	V	G	0.5122068752928389	AF-P38398-F1-model_v4.pdb	1646
P38398	1647	N	S	0.318003895189966	AF-P38398-F1-model_v4.pdb	1647
P38398	1647	N	N	-0.140631947684955	AF-P38398-F1-model_v4.pdb	1647
P38398	1647	N	H	0.0625159464282436	AF-P38398-F1-model_v4.pdb	1647
P38398	1647	N	D	-0.0950482207060331	AF-P38398-F1-model_v4.pdb	1647
P38398	1647	N	Y	0.269235812766713	AF-P38398-F1-model_v4.pdb	1647
P38398	1647	N	T	0.107487390595714	AF-P38398-F1-model_v4.pdb	1647
P38398	1647	N	K	-0.32522990518979	AF-P38398-F1-model_v4.pdb	1647
P38398	1647	N	I	0.0819796222388448	AF-P38398-F1-model_v4.pdb	1647
P38398	1647	N	K	-0.1141032743226569	AF-P38398-F1-model_v4.pdb	1647
P38398	1648	K	I	0.168571556303487	AF-P38398-F1-model_v4.pdb	1648
P38398	1648	K	R	0.0042377388922067	AF-P38398-F1-model_v4.pdb	1648
P38398	1648	K	T	-0.0498654815853825	AF-P38398-F1-model_v4.pdb	1648
P38398	1648	K	*	-2.0965657786158003	AF-P38398-F1-model_v4.pdb	1648
P38398	1648	K	E	0.362390956457154	AF-P38398-F1-model_v4.pdb	1648
P38398	1648	K	N	0.069540537773731	AF-P38398-F1-model_v4.pdb	1648
P38398	1648	K	Q	-0.249928580399797	AF-P38398-F1-model_v4.pdb	1648
P38398	1648	K	N	0.111407047399935	AF-P38398-F1-model_v4.pdb	1648
P38398	1648	K	K	0.0608322291926667	AF-P38398-F1-model_v4.pdb	1648
P38398	1649	R	R	0.0449788194465629	AF-P38398-F1-model_v4.pdb	1649
P38398	1649	R	G	0.5222316512188301	AF-P38398-F1-model_v4.pdb	1649
P38398	1649	R	*	-1.3512110207618002	AF-P38398-F1-model_v4.pdb	1649
P38398	1649	R	K	0.075178455167008	AF-P38398-F1-model_v4.pdb	1649
P38398	1649	R	T	-0.214181107122188	AF-P38398-F1-model_v4.pdb	1649
P38398	1649	R	I	0.139303582606878	AF-P38398-F1-model_v4.pdb	1649
P38398	1649	R	S	0.208336568294786	AF-P38398-F1-model_v4.pdb	1649
P38398	1649	R	S	-0.142793622141707	AF-P38398-F1-model_v4.pdb	1649
P38398	1649	R	R	0.400688039837797	AF-P38398-F1-model_v4.pdb	1649
P38398	1650	M	I	0.0934307615143418	AF-P38398-F1-model_v4.pdb	1650
P38398	1650	M	I	0.466635213802171	AF-P38398-F1-model_v4.pdb	1650
P38398	1650	M	I	0.2041371270329469	AF-P38398-F1-model_v4.pdb	1650
P38398	1650	M	V	0.7583845384861321	AF-P38398-F1-model_v4.pdb	1650
P38398	1650	M	R	0.29272442696826	AF-P38398-F1-model_v4.pdb	1650
P38398	1650	M	T	0.2103806274241969	AF-P38398-F1-model_v4.pdb	1650
P38398	1650	M	K	0.0816767312422934	AF-P38398-F1-model_v4.pdb	1650
P38398	1650	M	L	-0.117122550576725	AF-P38398-F1-model_v4.pdb	1650
P38398	1650	M	L	0.0026244863491634	AF-P38398-F1-model_v4.pdb	1650
P38398	1651	S	S	0.1860003048153039	AF-P38398-F1-model_v4.pdb	1651
P38398	1651	S	S	-0.427897212333101	AF-P38398-F1-model_v4.pdb	1651
P38398	1651	S	F	-0.6317969139302211	AF-P38398-F1-model_v4.pdb	1651
P38398	1651	S	C	-0.2936655105638039	AF-P38398-F1-model_v4.pdb	1651
P38398	1651	S	Y	-0.322341632263223	AF-P38398-F1-model_v4.pdb	1651
P38398	1651	S	A	0.343579957633816	AF-P38398-F1-model_v4.pdb	1651
P38398	1651	S	P	-1.47864870662897	AF-P38398-F1-model_v4.pdb	1651
P38398	1651	S	T	-0.284494786820242	AF-P38398-F1-model_v4.pdb	1651
P38398	1651	S	S	-0.0879171563617295	AF-P38398-F1-model_v4.pdb	1651
P38398	1652	M	V	0.100098058081626	AF-P38398-F1-model_v4.pdb	1652
P38398	1652	M	I	0.11400184816989	AF-P38398-F1-model_v4.pdb	1652
P38398	1652	M	I	0.143488826026886	AF-P38398-F1-model_v4.pdb	1652
P38398	1652	M	R	-1.89050127382734	AF-P38398-F1-model_v4.pdb	1652
P38398	1652	M	T	-0.353085227277311	AF-P38398-F1-model_v4.pdb	1652
P38398	1652	M	K	-1.53235546339967	AF-P38398-F1-model_v4.pdb	1652
P38398	1652	M	L	0.321293604260533	AF-P38398-F1-model_v4.pdb	1652
P38398	1652	M	I	-0.356594915703969	AF-P38398-F1-model_v4.pdb	1652
P38398	1652	M	L	0.282053158140163	AF-P38398-F1-model_v4.pdb	1652
P38398	1653	V	G	-0.263024274195196	AF-P38398-F1-model_v4.pdb	1653
P38398	1653	V	V	-0.0799738358470211	AF-P38398-F1-model_v4.pdb	1653
P38398	1653	V	V	-0.0239047000885326	AF-P38398-F1-model_v4.pdb	1653
P38398	1653	V	V	-0.0833417126428698	AF-P38398-F1-model_v4.pdb	1653
P38398	1653	V	L	-1.79728425621539	AF-P38398-F1-model_v4.pdb	1653
P38398	1653	V	L	-1.8491391191284496	AF-P38398-F1-model_v4.pdb	1653
P38398	1653	V	E	-1.50369772175934	AF-P38398-F1-model_v4.pdb	1653
P38398	1653	V	A	0.171399878329824	AF-P38398-F1-model_v4.pdb	1653
P38398	1654	V	V	0.25178800931775	AF-P38398-F1-model_v4.pdb	1654
P38398	1654	V	M	0.0661023502526093	AF-P38398-F1-model_v4.pdb	1654
P38398	1654	V	L	0.2683684464729299	AF-P38398-F1-model_v4.pdb	1654
P38398	1654	V	L	-0.169476902594839	AF-P38398-F1-model_v4.pdb	1654
P38398	1654	V	E	-1.06796398552556	AF-P38398-F1-model_v4.pdb	1654
P38398	1654	V	A	0.169871102152978	AF-P38398-F1-model_v4.pdb	1654
P38398	1654	V	G	-0.188828197717281	AF-P38398-F1-model_v4.pdb	1654
P38398	1654	V	V	0.3377232107841179	AF-P38398-F1-model_v4.pdb	1654
P38398	1654	V	V	0.572279396145086	AF-P38398-F1-model_v4.pdb	1654
P38398	1655	S	T	-0.6662034997097479	AF-P38398-F1-model_v4.pdb	1655
P38398	1655	S	P	-1.78250615557211	AF-P38398-F1-model_v4.pdb	1655
P38398	1655	S	A	-1.13543043295709	AF-P38398-F1-model_v4.pdb	1655
P38398	1655	S	Y	-2.49788889262217	AF-P38398-F1-model_v4.pdb	1655
P38398	1655	S	C	-1.53966692235395	AF-P38398-F1-model_v4.pdb	1655
P38398	1655	S	F	-1.55569687050806	AF-P38398-F1-model_v4.pdb	1655
P38398	1655	S	S	0.7709067559417849	AF-P38398-F1-model_v4.pdb	1655
P38398	1655	S	S	0.596434076519009	AF-P38398-F1-model_v4.pdb	1655
P38398	1655	S	S	0.319303271390112	AF-P38398-F1-model_v4.pdb	1655
P38398	1656	G	A	0.242313139609143	AF-P38398-F1-model_v4.pdb	1656
P38398	1656	G	D	-0.53894391028949	AF-P38398-F1-model_v4.pdb	1656
P38398	1656	G	S	-0.499145944604371	AF-P38398-F1-model_v4.pdb	1656
P38398	1656	G	V	-0.6698023698671851	AF-P38398-F1-model_v4.pdb	1656
P38398	1656	G	C	-0.11177419557439	AF-P38398-F1-model_v4.pdb	1656
P38398	1656	G	G	0.239990054360226	AF-P38398-F1-model_v4.pdb	1656
P38398	1656	G	G	0.3364150944076819	AF-P38398-F1-model_v4.pdb	1656
P38398	1656	G	R	0.135780354183558	AF-P38398-F1-model_v4.pdb	1656
P38398	1656	G	G	-0.4211322331766479	AF-P38398-F1-model_v4.pdb	1656
P38398	1657	L	M	0.0999458907890361	AF-P38398-F1-model_v4.pdb	1657
P38398	1657	L	V	0.328690410360229	AF-P38398-F1-model_v4.pdb	1657
P38398	1657	L	L	0.0408515515637123	AF-P38398-F1-model_v4.pdb	1657
P38398	1657	L	Q	-1.75825127492625	AF-P38398-F1-model_v4.pdb	1657
P38398	1657	L	P	-1.5261028971258	AF-P38398-F1-model_v4.pdb	1657
P38398	1657	L	R	-1.6468060190751397	AF-P38398-F1-model_v4.pdb	1657
P38398	1657	L	L	0.62740878552526	AF-P38398-F1-model_v4.pdb	1657
P38398	1657	L	L	0.0085576058345457	AF-P38398-F1-model_v4.pdb	1657
P38398	1657	L	L	0.248667768373828	AF-P38398-F1-model_v4.pdb	1657
P38398	1658	T	A	0.257015714913233	AF-P38398-F1-model_v4.pdb	1658
P38398	1658	T	S	0.483314352802721	AF-P38398-F1-model_v4.pdb	1658
P38398	1659	P	P	0.4992334243345829	AF-P38398-F1-model_v4.pdb	1659
P38398	1659	P	P	0.7875909954557819	AF-P38398-F1-model_v4.pdb	1659
P38398	1659	P	L	0.231939078225961	AF-P38398-F1-model_v4.pdb	1659
P38398	1659	P	P	0.555569347339143	AF-P38398-F1-model_v4.pdb	1659
P38398	1659	P	Q	0.512326668905202	AF-P38398-F1-model_v4.pdb	1659
P38398	1659	P	A	0.284095809598948	AF-P38398-F1-model_v4.pdb	1659
P38398	1659	P	T	0.629009943195276	AF-P38398-F1-model_v4.pdb	1659
P38398	1659	P	R	0.133281467463102	AF-P38398-F1-model_v4.pdb	1659
P38398	1659	P	S	0.352563321944432	AF-P38398-F1-model_v4.pdb	1659
P38398	1660	E	D	-0.11067275527813	AF-P38398-F1-model_v4.pdb	1660
P38398	1660	E	V	0.0189555278932545	AF-P38398-F1-model_v4.pdb	1660
P38398	1660	E	G	0.184538892389117	AF-P38398-F1-model_v4.pdb	1660
P38398	1660	E	A	0.13457731401999	AF-P38398-F1-model_v4.pdb	1660
P38398	1660	E	*	-2.04781856167972	AF-P38398-F1-model_v4.pdb	1660
P38398	1660	E	Q	0.1683365390606099	AF-P38398-F1-model_v4.pdb	1660
P38398	1660	E	K	-0.630497670304654	AF-P38398-F1-model_v4.pdb	1660
P38398	1660	E	D	0.4919420614737779	AF-P38398-F1-model_v4.pdb	1660
P38398	1660	E	E	0.391456802132211	AF-P38398-F1-model_v4.pdb	1660
P38398	1661	E	K	-0.311873628943405	AF-P38398-F1-model_v4.pdb	1661
P38398	1661	E	D	0.333820624196552	AF-P38398-F1-model_v4.pdb	1661
P38398	1661	E	E	0.215907076730171	AF-P38398-F1-model_v4.pdb	1661
P38398	1661	E	D	0.10499885309288	AF-P38398-F1-model_v4.pdb	1661
P38398	1661	E	Q	-0.1686307302475199	AF-P38398-F1-model_v4.pdb	1661
P38398	1661	E	G	-0.797023235804783	AF-P38398-F1-model_v4.pdb	1661
P38398	1661	E	A	-0.58145544401476	AF-P38398-F1-model_v4.pdb	1661
P38398	1661	E	*	-1.82974505645471	AF-P38398-F1-model_v4.pdb	1661
P38398	1661	E	V	-0.584913205211459	AF-P38398-F1-model_v4.pdb	1661
P38398	1662	F	L	0.130331688596487	AF-P38398-F1-model_v4.pdb	1662
P38398	1662	F	L	-0.650154023869898	AF-P38398-F1-model_v4.pdb	1662
P38398	1662	F	C	0.7481641672689759	AF-P38398-F1-model_v4.pdb	1662
P38398	1662	F	F	-0.474513967520323	AF-P38398-F1-model_v4.pdb	1662
P38398	1662	F	Y	0.052872220357304	AF-P38398-F1-model_v4.pdb	1662
P38398	1662	F	V	-0.0577000229629312	AF-P38398-F1-model_v4.pdb	1662
P38398	1662	F	L	-0.0496224300991557	AF-P38398-F1-model_v4.pdb	1662
P38398	1662	F	I	0.260322650790343	AF-P38398-F1-model_v4.pdb	1662
P38398	1662	F	S	-0.254857537628401	AF-P38398-F1-model_v4.pdb	1662
P38398	1663	M	I	-0.748995161432475	AF-P38398-F1-model_v4.pdb	1663
P38398	1663	M	R	-1.93511921709868	AF-P38398-F1-model_v4.pdb	1663
P38398	1663	M	T	-0.8088266943784	AF-P38398-F1-model_v4.pdb	1663
P38398	1663	M	K	-2.05232380144043	AF-P38398-F1-model_v4.pdb	1663
P38398	1663	M	L	-2.12306699932937	AF-P38398-F1-model_v4.pdb	1663
P38398	1663	M	V	-0.0152466019704292	AF-P38398-F1-model_v4.pdb	1663
P38398	1663	M	L	-1.06292469408814	AF-P38398-F1-model_v4.pdb	1663
P38398	1663	M	I	-0.052540096739374	AF-P38398-F1-model_v4.pdb	1663
P38398	1663	M	I	-0.404924608574949	AF-P38398-F1-model_v4.pdb	1663
P38398	1664	L	L	-0.146133623439301	AF-P38398-F1-model_v4.pdb	1664
P38398	1664	L	R	-0.5219936482417511	AF-P38398-F1-model_v4.pdb	1664
P38398	1664	L	P	-0.0101772242695253	AF-P38398-F1-model_v4.pdb	1664
P38398	1664	L	F	0.0472151356560475	AF-P38398-F1-model_v4.pdb	1664
P38398	1664	L	V	-0.447092426335367	AF-P38398-F1-model_v4.pdb	1664
P38398	1664	L	L	-1.03368954565127	AF-P38398-F1-model_v4.pdb	1664
P38398	1664	L	I	-0.327476216503233	AF-P38398-F1-model_v4.pdb	1664
P38398	1664	L	H	0.034633748891832	AF-P38398-F1-model_v4.pdb	1664
P38398	1665	V	V	-0.62659930574047	AF-P38398-F1-model_v4.pdb	1665
P38398	1665	V	L	-0.908947432730684	AF-P38398-F1-model_v4.pdb	1665
P38398	1665	V	E	-1.72003404972147	AF-P38398-F1-model_v4.pdb	1665
P38398	1665	V	A	0.0120450653992291	AF-P38398-F1-model_v4.pdb	1665
P38398	1665	V	G	-0.535272180282592	AF-P38398-F1-model_v4.pdb	1665
P38398	1665	V	V	-0.756056507930088	AF-P38398-F1-model_v4.pdb	1665
P38398	1665	V	V	-0.0261778328267722	AF-P38398-F1-model_v4.pdb	1665
P38398	1665	V	L	-0.0556632282865001	AF-P38398-F1-model_v4.pdb	1665
P38398	1665	V	M	0.0247687159654046	AF-P38398-F1-model_v4.pdb	1665
P38398	1666	Y	Y	-0.913013371010718	AF-P38398-F1-model_v4.pdb	1666
P38398	1666	Y	H	0.733635001667553	AF-P38398-F1-model_v4.pdb	1666
P38398	1666	Y	D	0.0285243314904038	AF-P38398-F1-model_v4.pdb	1666
P38398	1666	Y	S	-0.151134008829013	AF-P38398-F1-model_v4.pdb	1666
P38398	1666	Y	N	0.0422381427035078	AF-P38398-F1-model_v4.pdb	1666
P38398	1666	Y	*	-2.13890649104097	AF-P38398-F1-model_v4.pdb	1666
P38398	1666	Y	*	-2.07592550464515	AF-P38398-F1-model_v4.pdb	1666
P38398	1666	Y	C	0.0834567638964395	AF-P38398-F1-model_v4.pdb	1666
P38398	1666	Y	F	-0.0410385296899268	AF-P38398-F1-model_v4.pdb	1666
P38398	1667	K	E	0.2706248412502939	AF-P38398-F1-model_v4.pdb	1667
P38398	1667	K	Q	0.141199340310152	AF-P38398-F1-model_v4.pdb	1667
P38398	1667	K	*	-1.7492552543872402	AF-P38398-F1-model_v4.pdb	1667
P38398	1667	K	T	-0.460669232265318	AF-P38398-F1-model_v4.pdb	1667
P38398	1667	K	M	0.132660390349475	AF-P38398-F1-model_v4.pdb	1667
P38398	1667	K	K	-0.334368910396347	AF-P38398-F1-model_v4.pdb	1667
P38398	1667	K	N	0.351816070530516	AF-P38398-F1-model_v4.pdb	1667
P38398	1667	K	N	-0.975486240720826	AF-P38398-F1-model_v4.pdb	1667
P38398	1667	K	R	-0.7148183292489609	AF-P38398-F1-model_v4.pdb	1667
P38398	1668	F	L	-0.045968038805677	AF-P38398-F1-model_v4.pdb	1668
P38398	1668	F	F	0.0696946225163197	AF-P38398-F1-model_v4.pdb	1668
P38398	1668	F	L	-1.48986275065846	AF-P38398-F1-model_v4.pdb	1668
P38398	1668	F	C	-0.3250298917995939	AF-P38398-F1-model_v4.pdb	1668
P38398	1668	F	S	-1.76068713282001	AF-P38398-F1-model_v4.pdb	1668
P38398	1668	F	Y	-0.0480501204869419	AF-P38398-F1-model_v4.pdb	1668
P38398	1668	F	V	-0.663486748720714	AF-P38398-F1-model_v4.pdb	1668
P38398	1668	F	L	0.2545107218857499	AF-P38398-F1-model_v4.pdb	1668
P38398	1668	F	I	-0.1788163604150439	AF-P38398-F1-model_v4.pdb	1668
P38398	1669	A	A	-1.03343510074123	AF-P38398-F1-model_v4.pdb	1669
P38398	1669	A	G	-0.336644052268107	AF-P38398-F1-model_v4.pdb	1669
P38398	1669	A	D	-1.01367646918871	AF-P38398-F1-model_v4.pdb	1669
P38398	1669	A	S	-0.401850536678059	AF-P38398-F1-model_v4.pdb	1669
P38398	1669	A	P	-1.80328485545729	AF-P38398-F1-model_v4.pdb	1669
P38398	1669	A	T	0.0339712542980857	AF-P38398-F1-model_v4.pdb	1669
P38398	1669	A	A	-0.3342893200529099	AF-P38398-F1-model_v4.pdb	1669
P38398	1669	A	A	-0.236131454916941	AF-P38398-F1-model_v4.pdb	1669
P38398	1670	R	G	0.217765798580629	AF-P38398-F1-model_v4.pdb	1670
P38398	1670	R	*	-1.84515910573622	AF-P38398-F1-model_v4.pdb	1670
P38398	1670	R	K	-1.5526979248423	AF-P38398-F1-model_v4.pdb	1670
P38398	1670	R	T	-0.983168111206573	AF-P38398-F1-model_v4.pdb	1670
P38398	1670	R	R	-0.163100651432117	AF-P38398-F1-model_v4.pdb	1670
P38398	1670	R	I	-0.4581634543574589	AF-P38398-F1-model_v4.pdb	1670
P38398	1670	R	S	-0.0803120886689186	AF-P38398-F1-model_v4.pdb	1670
P38398	1670	R	R	0.1827610416071389	AF-P38398-F1-model_v4.pdb	1670
P38398	1670	R	S	-1.2450465215430602	AF-P38398-F1-model_v4.pdb	1670
P38398	1671	K	Q	0.2422710908985139	AF-P38398-F1-model_v4.pdb	1671
P38398	1671	K	E	0.091841339263101	AF-P38398-F1-model_v4.pdb	1671
P38398	1671	K	K	0.146243868067815	AF-P38398-F1-model_v4.pdb	1671
P38398	1671	K	T	0.4435115983858589	AF-P38398-F1-model_v4.pdb	1671
P38398	1671	K	R	0.298685820996946	AF-P38398-F1-model_v4.pdb	1671
P38398	1671	K	I	0.206516490834417	AF-P38398-F1-model_v4.pdb	1671
P38398	1671	K	N	0.0713959220967885	AF-P38398-F1-model_v4.pdb	1671
P38398	1671	K	N	0.244102201714296	AF-P38398-F1-model_v4.pdb	1671
P38398	1671	K	*	-2.05313594274703	AF-P38398-F1-model_v4.pdb	1671
P38398	1672	H	L	0.664878570566934	AF-P38398-F1-model_v4.pdb	1672
P38398	1672	H	R	0.5042527341928329	AF-P38398-F1-model_v4.pdb	1672
P38398	1672	H	P	-1.6026222518518898	AF-P38398-F1-model_v4.pdb	1672
P38398	1672	H	Y	-0.0834776237932384	AF-P38398-F1-model_v4.pdb	1672
P38398	1672	H	D	-0.833162349825109	AF-P38398-F1-model_v4.pdb	1672
P38398	1672	H	N	0.0375932391571365	AF-P38398-F1-model_v4.pdb	1672
P38398	1672	H	Q	0.0992263512184791	AF-P38398-F1-model_v4.pdb	1672
P38398	1672	H	H	-0.135022674388488	AF-P38398-F1-model_v4.pdb	1672
P38398	1672	H	Q	-0.1196932519782019	AF-P38398-F1-model_v4.pdb	1672
P38398	1673	H	N	-0.131497556925808	AF-P38398-F1-model_v4.pdb	1673
P38398	1673	H	D	-0.132855873387041	AF-P38398-F1-model_v4.pdb	1673
P38398	1673	H	Y	0.205780715975802	AF-P38398-F1-model_v4.pdb	1673
P38398	1673	H	P	-0.0738043449361134	AF-P38398-F1-model_v4.pdb	1673
P38398	1673	H	R	0.0664151021583591	AF-P38398-F1-model_v4.pdb	1673
P38398	1673	H	L	0.6604574455388791	AF-P38398-F1-model_v4.pdb	1673
P38398	1673	H	Q	0.0105193311137168	AF-P38398-F1-model_v4.pdb	1673
P38398	1673	H	Q	0.0388963155727365	AF-P38398-F1-model_v4.pdb	1673
P38398	1673	H	H	-0.199790682211903	AF-P38398-F1-model_v4.pdb	1673
P38398	1674	I	T	0.0283251714620372	AF-P38398-F1-model_v4.pdb	1674
P38398	1674	I	L	0.38405177714092	AF-P38398-F1-model_v4.pdb	1674
P38398	1674	I	V	0.262136307694458	AF-P38398-F1-model_v4.pdb	1674
P38398	1675	T	P	0.3396709511536719	AF-P38398-F1-model_v4.pdb	1675
P38398	1675	T	A	0.227925244361821	AF-P38398-F1-model_v4.pdb	1675
P38398	1675	T	S	0.209150701803195	AF-P38398-F1-model_v4.pdb	1675
P38398	1675	T	N	0.0625141587768309	AF-P38398-F1-model_v4.pdb	1675
P38398	1675	T	I	0.036029592103107	AF-P38398-F1-model_v4.pdb	1675
P38398	1676	L	I	0.0583028527945309	AF-P38398-F1-model_v4.pdb	1676
P38398	1676	L	L	0.393340466533792	AF-P38398-F1-model_v4.pdb	1676
P38398	1676	L	V	0.207102010458948	AF-P38398-F1-model_v4.pdb	1676
P38398	1676	L	*	-2.47766767778726	AF-P38398-F1-model_v4.pdb	1676
P38398	1676	L	F	0.3012277367413339	AF-P38398-F1-model_v4.pdb	1676
P38398	1676	L	F	0.296732224724393	AF-P38398-F1-model_v4.pdb	1676
P38398	1676	L	L	0.257804390708302	AF-P38398-F1-model_v4.pdb	1676
P38398	1676	L	*	-2.20163952001858	AF-P38398-F1-model_v4.pdb	1676
P38398	1677	T	T	0.285450438428396	AF-P38398-F1-model_v4.pdb	1677
P38398	1677	T	P	-0.6827364966861551	AF-P38398-F1-model_v4.pdb	1677
P38398	1677	T	A	-0.398041548203807	AF-P38398-F1-model_v4.pdb	1677
P38398	1677	T	S	0.303433411222314	AF-P38398-F1-model_v4.pdb	1677
P38398	1677	T	N	-0.203384270879142	AF-P38398-F1-model_v4.pdb	1677
P38398	1677	T	S	0.2901250533112109	AF-P38398-F1-model_v4.pdb	1677
P38398	1677	T	I	-1.01369458943812	AF-P38398-F1-model_v4.pdb	1677
P38398	1677	T	T	0.49073531210526	AF-P38398-F1-model_v4.pdb	1677
P38398	1677	T	T	0.158205002677354	AF-P38398-F1-model_v4.pdb	1677
P38398	1678	N	K	0.193543714315205	AF-P38398-F1-model_v4.pdb	1678
P38398	1678	N	D	0.519645257077495	AF-P38398-F1-model_v4.pdb	1678
P38398	1678	N	Y	-0.0799880288479798	AF-P38398-F1-model_v4.pdb	1678
P38398	1678	N	T	0.268235298294961	AF-P38398-F1-model_v4.pdb	1678
P38398	1678	N	S	0.2029688968670079	AF-P38398-F1-model_v4.pdb	1678
P38398	1678	N	I	-0.693611146144146	AF-P38398-F1-model_v4.pdb	1678
P38398	1678	N	K	-0.171434971441411	AF-P38398-F1-model_v4.pdb	1678
P38398	1678	N	N	0.600870101034001	AF-P38398-F1-model_v4.pdb	1678
P38398	1678	N	H	-0.163272826255675	AF-P38398-F1-model_v4.pdb	1678
P38398	1679	L	Q	0.252101032040352	AF-P38398-F1-model_v4.pdb	1679
P38398	1679	L	V	0.370339922652456	AF-P38398-F1-model_v4.pdb	1679
P38398	1679	L	L	-0.152144221763348	AF-P38398-F1-model_v4.pdb	1679
P38398	1679	L	P	0.117379358883917	AF-P38398-F1-model_v4.pdb	1679
P38398	1679	L	I	-0.0550390574224866	AF-P38398-F1-model_v4.pdb	1679
P38398	1679	L	L	0.0159453889728589	AF-P38398-F1-model_v4.pdb	1679
P38398	1679	L	L	0.488695714302194	AF-P38398-F1-model_v4.pdb	1679
P38398	1679	L	L	0.0757874720589704	AF-P38398-F1-model_v4.pdb	1679
P38398	1679	L	R	0.2546109257225439	AF-P38398-F1-model_v4.pdb	1679
P38398	1680	I	I	0.252286692093046	AF-P38398-F1-model_v4.pdb	1680
P38398	1680	I	I	0.272295231915403	AF-P38398-F1-model_v4.pdb	1680
P38398	1680	I	S	-0.272118587848758	AF-P38398-F1-model_v4.pdb	1680
P38398	1680	I	M	0.0731228064368046	AF-P38398-F1-model_v4.pdb	1680
P38398	1680	I	F	-0.1004459376229469	AF-P38398-F1-model_v4.pdb	1680
P38398	1680	I	V	0.1580576303348919	AF-P38398-F1-model_v4.pdb	1680
P38398	1680	I	L	0.4613820669534699	AF-P38398-F1-model_v4.pdb	1680
P38398	1680	I	T	0.1798182833821069	AF-P38398-F1-model_v4.pdb	1680
P38398	1680	I	N	-0.243164420613263	AF-P38398-F1-model_v4.pdb	1680
P38398	1681	T	P	-2.0661432970035403	AF-P38398-F1-model_v4.pdb	1681
P38398	1681	T	A	0.4097087387809749	AF-P38398-F1-model_v4.pdb	1681
P38398	1681	T	S	0.273928924429128	AF-P38398-F1-model_v4.pdb	1681
P38398	1681	T	N	-0.463855564141791	AF-P38398-F1-model_v4.pdb	1681
P38398	1681	T	S	-0.6715115121424039	AF-P38398-F1-model_v4.pdb	1681
P38398	1681	T	I	-0.786038537797987	AF-P38398-F1-model_v4.pdb	1681
P38398	1681	T	T	0.0959127865230063	AF-P38398-F1-model_v4.pdb	1681
P38398	1681	T	T	0.2881421226340049	AF-P38398-F1-model_v4.pdb	1681
P38398	1681	T	T	0.513758559599241	AF-P38398-F1-model_v4.pdb	1681
P38398	1682	E	E	0.3604974563003479	AF-P38398-F1-model_v4.pdb	1682
P38398	1682	E	K	-1.7973765732565798	AF-P38398-F1-model_v4.pdb	1682
P38398	1682	E	Q	-0.978868465162841	AF-P38398-F1-model_v4.pdb	1682
P38398	1682	E	*	-1.88492615185873	AF-P38398-F1-model_v4.pdb	1682
P38398	1682	E	A	-0.449022249530502	AF-P38398-F1-model_v4.pdb	1682
P38398	1682	E	V	-1.93963114321799	AF-P38398-F1-model_v4.pdb	1682
P38398	1682	E	G	0.368825080885134	AF-P38398-F1-model_v4.pdb	1682
P38398	1682	E	D	-0.861915543183721	AF-P38398-F1-model_v4.pdb	1682
P38398	1682	E	D	-0.454716175186164	AF-P38398-F1-model_v4.pdb	1682
P38398	1683	E	V	-1.3317933948111398	AF-P38398-F1-model_v4.pdb	1683
P38398	1683	E	D	-0.1626616335581309	AF-P38398-F1-model_v4.pdb	1683
P38398	1683	E	K	-1.99075203431829	AF-P38398-F1-model_v4.pdb	1683
P38398	1683	E	Q	-2.02639001047962	AF-P38398-F1-model_v4.pdb	1683
P38398	1683	E	*	-2.0605401439875	AF-P38398-F1-model_v4.pdb	1683
P38398	1683	E	E	-0.326100814225388	AF-P38398-F1-model_v4.pdb	1683
P38398	1683	E	D	-0.0264298477765078	AF-P38398-F1-model_v4.pdb	1683
P38398	1683	E	A	0.0372152595542146	AF-P38398-F1-model_v4.pdb	1683
P38398	1683	E	G	-1.0971505269913102	AF-P38398-F1-model_v4.pdb	1683
P38398	1684	T	N	-1.25097378464764	AF-P38398-F1-model_v4.pdb	1684
P38398	1684	T	S	-1.30500871881027	AF-P38398-F1-model_v4.pdb	1684
P38398	1684	T	T	0.133023873838388	AF-P38398-F1-model_v4.pdb	1684
P38398	1684	T	T	0.404441827389662	AF-P38398-F1-model_v4.pdb	1684
P38398	1684	T	S	0.132037925285364	AF-P38398-F1-model_v4.pdb	1684
P38398	1684	T	P	-1.46839239194786	AF-P38398-F1-model_v4.pdb	1684
P38398	1684	T	A	-0.652545723760172	AF-P38398-F1-model_v4.pdb	1684
P38398	1684	T	I	-1.97301469758871	AF-P38398-F1-model_v4.pdb	1684
P38398	1684	T	T	0.0524136216960439	AF-P38398-F1-model_v4.pdb	1684
P38398	1685	T	P	-1.55788091808324	AF-P38398-F1-model_v4.pdb	1685
P38398	1685	T	A	-1.84066821677464	AF-P38398-F1-model_v4.pdb	1685
P38398	1685	T	S	0.290799794443049	AF-P38398-F1-model_v4.pdb	1685
P38398	1685	T	S	-1.95088217697638	AF-P38398-F1-model_v4.pdb	1685
P38398	1685	T	I	-1.9915762162286696	AF-P38398-F1-model_v4.pdb	1685
P38398	1685	T	T	0.029017660910223	AF-P38398-F1-model_v4.pdb	1685
P38398	1685	T	T	0.197275576974362	AF-P38398-F1-model_v4.pdb	1685
P38398	1685	T	T	0.0371852218402034	AF-P38398-F1-model_v4.pdb	1685
P38398	1685	T	N	-1.8271686836795904	AF-P38398-F1-model_v4.pdb	1685
P38398	1686	H	N	-2.3940876816324503	AF-P38398-F1-model_v4.pdb	1686
P38398	1686	H	D	-1.65287524732297	AF-P38398-F1-model_v4.pdb	1686
P38398	1686	H	Y	-1.52725989883762	AF-P38398-F1-model_v4.pdb	1686
P38398	1686	H	H	0.7859393759035441	AF-P38398-F1-model_v4.pdb	1686
P38398	1686	H	R	-1.3366370725511498	AF-P38398-F1-model_v4.pdb	1686
P38398	1686	H	L	-1.55660726141289	AF-P38398-F1-model_v4.pdb	1686
P38398	1686	H	Q	-1.92896673964101	AF-P38398-F1-model_v4.pdb	1686
P38398	1686	H	P	-1.9655566977489296	AF-P38398-F1-model_v4.pdb	1686
P38398	1686	H	Q	-1.58542378596186	AF-P38398-F1-model_v4.pdb	1686
P38398	1687	V	I	-0.264841012999907	AF-P38398-F1-model_v4.pdb	1687
P38398	1687	V	L	-0.0695057398421208	AF-P38398-F1-model_v4.pdb	1687
P38398	1687	V	F	-2.06998328574661	AF-P38398-F1-model_v4.pdb	1687
P38398	1687	V	D	-1.8150005547385504	AF-P38398-F1-model_v4.pdb	1687
P38398	1687	V	A	-0.49127135676395	AF-P38398-F1-model_v4.pdb	1687
P38398	1687	V	G	-2.33428188148004	AF-P38398-F1-model_v4.pdb	1687
P38398	1687	V	V	-0.5445141581146691	AF-P38398-F1-model_v4.pdb	1687
P38398	1687	V	V	0.425717348306148	AF-P38398-F1-model_v4.pdb	1687
P38398	1687	V	V	-0.179469916447267	AF-P38398-F1-model_v4.pdb	1687
P38398	1688	V	I	0.0487756195300588	AF-P38398-F1-model_v4.pdb	1688
P38398	1688	V	F	-1.87389916872174	AF-P38398-F1-model_v4.pdb	1688
P38398	1688	V	D	-1.572097204619	AF-P38398-F1-model_v4.pdb	1688
P38398	1688	V	A	-0.322963559452218	AF-P38398-F1-model_v4.pdb	1688
P38398	1688	V	G	-2.29524923443772	AF-P38398-F1-model_v4.pdb	1688
P38398	1688	V	V	-0.432747866651254	AF-P38398-F1-model_v4.pdb	1688
P38398	1688	V	V	0.2008761855498239	AF-P38398-F1-model_v4.pdb	1688
P38398	1688	V	V	0.16567828543349	AF-P38398-F1-model_v4.pdb	1688
P38398	1688	V	L	-0.416440550810066	AF-P38398-F1-model_v4.pdb	1688
P38398	1689	M	L	-0.031839984390885	AF-P38398-F1-model_v4.pdb	1689
P38398	1689	M	V	0.5615404037321371	AF-P38398-F1-model_v4.pdb	1689
P38398	1689	M	L	-0.484375978767089	AF-P38398-F1-model_v4.pdb	1689
P38398	1689	M	R	-2.07742010103649	AF-P38398-F1-model_v4.pdb	1689
P38398	1689	M	I	-0.095807980502264	AF-P38398-F1-model_v4.pdb	1689
P38398	1689	M	I	-0.187389885020822	AF-P38398-F1-model_v4.pdb	1689
P38398	1689	M	K	-1.81310947380306	AF-P38398-F1-model_v4.pdb	1689
P38398	1689	M	I	-0.5312088146911579	AF-P38398-F1-model_v4.pdb	1689
P38398	1689	M	T	0.0423165093843193	AF-P38398-F1-model_v4.pdb	1689
P38398	1690	K	Q	-0.11295632239409	AF-P38398-F1-model_v4.pdb	1690
P38398	1690	K	E	-0.629180784542703	AF-P38398-F1-model_v4.pdb	1690
P38398	1690	K	*	-2.0537387666319	AF-P38398-F1-model_v4.pdb	1690
P38398	1690	K	T	-1.31957903213325	AF-P38398-F1-model_v4.pdb	1690
P38398	1690	K	R	0.130445950518252	AF-P38398-F1-model_v4.pdb	1690
P38398	1690	K	I	-1.15580221326794	AF-P38398-F1-model_v4.pdb	1690
P38398	1690	K	N	-0.0663439385520353	AF-P38398-F1-model_v4.pdb	1690
P38398	1690	K	K	0.123067756383239	AF-P38398-F1-model_v4.pdb	1690
P38398	1690	K	N	-0.186453522263936	AF-P38398-F1-model_v4.pdb	1690
P38398	1691	T	S	0.0425238746825111	AF-P38398-F1-model_v4.pdb	1691
P38398	1691	T	K	-1.8549344846404	AF-P38398-F1-model_v4.pdb	1691
P38398	1691	T	R	-2.04963143395105	AF-P38398-F1-model_v4.pdb	1691
P38398	1691	T	I	-1.39646248988762	AF-P38398-F1-model_v4.pdb	1691
P38398	1691	T	T	-1.4266853208589	AF-P38398-F1-model_v4.pdb	1691
P38398	1691	T	T	-0.382578790416592	AF-P38398-F1-model_v4.pdb	1691
P38398	1691	T	T	-1.48589434240788	AF-P38398-F1-model_v4.pdb	1691
P38398	1691	T	A	-1.19623368401361	AF-P38398-F1-model_v4.pdb	1691
P38398	1691	T	P	-1.73981718348605	AF-P38398-F1-model_v4.pdb	1691
P38398	1692	D	E	-1.47827157191638	AF-P38398-F1-model_v4.pdb	1692
P38398	1692	D	V	-1.6856725014628402	AF-P38398-F1-model_v4.pdb	1692
P38398	1692	D	G	-1.11154238734675	AF-P38398-F1-model_v4.pdb	1692
P38398	1692	D	H	-1.57850831772585	AF-P38398-F1-model_v4.pdb	1692
P38398	1692	D	Y	-1.26893113631422	AF-P38398-F1-model_v4.pdb	1692
P38398	1692	D	N	-1.86484269773559	AF-P38398-F1-model_v4.pdb	1692
P38398	1692	D	A	-2.08088244719007	AF-P38398-F1-model_v4.pdb	1692
P38398	1692	D	E	-2.1473326620563102	AF-P38398-F1-model_v4.pdb	1692
P38398	1692	D	D	0.0612013657834926	AF-P38398-F1-model_v4.pdb	1692
P38398	1693	A	S	-1.47498609751051	AF-P38398-F1-model_v4.pdb	1693
P38398	1693	A	A	-0.0208571161895107	AF-P38398-F1-model_v4.pdb	1693
P38398	1693	A	A	0.103384146125433	AF-P38398-F1-model_v4.pdb	1693
P38398	1693	A	A	-1.0146698689665	AF-P38398-F1-model_v4.pdb	1693
P38398	1693	A	D	-1.53999109836842	AF-P38398-F1-model_v4.pdb	1693
P38398	1693	A	G	-1.02195909114583	AF-P38398-F1-model_v4.pdb	1693
P38398	1693	A	T	-0.44456790703932	AF-P38398-F1-model_v4.pdb	1693
P38398	1693	A	P	-0.192657401318603	AF-P38398-F1-model_v4.pdb	1693
P38398	1693	A	V	-1.67152473037458	AF-P38398-F1-model_v4.pdb	1693
P38398	1694	E	D	-0.187649735321438	AF-P38398-F1-model_v4.pdb	1694
P38398	1694	E	D	0.10345692408347	AF-P38398-F1-model_v4.pdb	1694
P38398	1694	E	E	-0.0626352431792549	AF-P38398-F1-model_v4.pdb	1694
P38398	1694	E	V	-0.0264020467166021	AF-P38398-F1-model_v4.pdb	1694
P38398	1694	E	A	0.14376162870311	AF-P38398-F1-model_v4.pdb	1694
P38398	1694	E	*	-2.09453761927996	AF-P38398-F1-model_v4.pdb	1694
P38398	1694	E	Q	-0.604248156001507	AF-P38398-F1-model_v4.pdb	1694
P38398	1694	E	K	-1.75545582628953	AF-P38398-F1-model_v4.pdb	1694
P38398	1694	E	G	-0.0458899992366069	AF-P38398-F1-model_v4.pdb	1694
P38398	1695	F	L	0.2278022266155989	AF-P38398-F1-model_v4.pdb	1695
P38398	1695	F	L	-0.105779490505891	AF-P38398-F1-model_v4.pdb	1695
P38398	1695	F	F	0.0037159536031104	AF-P38398-F1-model_v4.pdb	1695
P38398	1695	F	C	-0.0224119193767083	AF-P38398-F1-model_v4.pdb	1695
P38398	1695	F	I	-1.02976164047738	AF-P38398-F1-model_v4.pdb	1695
P38398	1695	F	Y	0.0190437075838132	AF-P38398-F1-model_v4.pdb	1695
P38398	1695	F	V	-1.80194590499926	AF-P38398-F1-model_v4.pdb	1695
P38398	1695	F	L	0.383736700711667	AF-P38398-F1-model_v4.pdb	1695
P38398	1695	F	S	0.133192502693743	AF-P38398-F1-model_v4.pdb	1695
P38398	1696	V	V	-0.216494982809892	AF-P38398-F1-model_v4.pdb	1696
P38398	1696	V	V	0.1547625613738389	AF-P38398-F1-model_v4.pdb	1696
P38398	1696	V	V	0.020799816029216	AF-P38398-F1-model_v4.pdb	1696
P38398	1696	V	G	-1.32995644220045	AF-P38398-F1-model_v4.pdb	1696
P38398	1696	V	L	-0.945259124798763	AF-P38398-F1-model_v4.pdb	1696
P38398	1696	V	E	-1.62238135182684	AF-P38398-F1-model_v4.pdb	1696
P38398	1696	V	L	-0.405383960609914	AF-P38398-F1-model_v4.pdb	1696
P38398	1696	V	M	-0.298896816341335	AF-P38398-F1-model_v4.pdb	1696
P38398	1696	V	A	0.0368025416389476	AF-P38398-F1-model_v4.pdb	1696
P38398	1697	C	W	-2.25007179772233	AF-P38398-F1-model_v4.pdb	1697
P38398	1697	C	F	-2.3962567818133103	AF-P38398-F1-model_v4.pdb	1697
P38398	1697	C	S	-0.0126952176159954	AF-P38398-F1-model_v4.pdb	1697
P38398	1697	C	*	-2.0906585713085	AF-P38398-F1-model_v4.pdb	1697
P38398	1697	C	G	-0.304249045914854	AF-P38398-F1-model_v4.pdb	1697
P38398	1697	C	R	-2.14939219790443	AF-P38398-F1-model_v4.pdb	1697
P38398	1697	C	S	-0.0692527583068329	AF-P38398-F1-model_v4.pdb	1697
P38398	1697	C	C	-0.26155830530532	AF-P38398-F1-model_v4.pdb	1697
P38398	1697	C	Y	-2.05778042605182	AF-P38398-F1-model_v4.pdb	1697
P38398	1698	E	V	-0.0442837321680069	AF-P38398-F1-model_v4.pdb	1698
P38398	1698	E	G	-0.1384841285817349	AF-P38398-F1-model_v4.pdb	1698
P38398	1698	E	A	-0.0592878375597217	AF-P38398-F1-model_v4.pdb	1698
P38398	1698	E	*	-2.5458700085899304	AF-P38398-F1-model_v4.pdb	1698
P38398	1698	E	Q	-0.04377636640236	AF-P38398-F1-model_v4.pdb	1698
P38398	1698	E	K	-0.0632612721528797	AF-P38398-F1-model_v4.pdb	1698
P38398	1698	E	D	0.109190005791504	AF-P38398-F1-model_v4.pdb	1698
P38398	1698	E	E	-0.0454050611063513	AF-P38398-F1-model_v4.pdb	1698
P38398	1698	E	D	0.0669790775432209	AF-P38398-F1-model_v4.pdb	1698
P38398	1699	R	G	-2.2101615877846603	AF-P38398-F1-model_v4.pdb	1699
P38398	1699	R	P	-1.54852253887007	AF-P38398-F1-model_v4.pdb	1699
P38398	1699	R	L	-1.55594191209357	AF-P38398-F1-model_v4.pdb	1699
P38398	1700	T	T	0.0726188017602341	AF-P38398-F1-model_v4.pdb	1700
P38398	1700	T	I	-2.4917463603023	AF-P38398-F1-model_v4.pdb	1700
P38398	1700	T	A	-2.0228913968546296	AF-P38398-F1-model_v4.pdb	1700
P38398	1700	T	T	0.3381852180768679	AF-P38398-F1-model_v4.pdb	1700
P38398	1700	T	T	0.270923686751814	AF-P38398-F1-model_v4.pdb	1700
P38398	1700	T	R	-1.70494638656853	AF-P38398-F1-model_v4.pdb	1700
P38398	1700	T	K	-2.07521732378461	AF-P38398-F1-model_v4.pdb	1700
P38398	1700	T	P	-2.27997885783161	AF-P38398-F1-model_v4.pdb	1700
P38398	1701	L	P	-1.30043059133703	AF-P38398-F1-model_v4.pdb	1701
P38398	1701	L	Q	-0.143577597349511	AF-P38398-F1-model_v4.pdb	1701
P38398	1701	L	L	0.0559946673437729	AF-P38398-F1-model_v4.pdb	1701
P38398	1701	L	V	-0.118243585962721	AF-P38398-F1-model_v4.pdb	1701
P38398	1701	L	M	0.183322291119681	AF-P38398-F1-model_v4.pdb	1701
P38398	1701	L	L	-0.187546364394932	AF-P38398-F1-model_v4.pdb	1701
P38398	1701	L	L	-0.1989034262120389	AF-P38398-F1-model_v4.pdb	1701
P38398	1701	L	L	-0.446391937715831	AF-P38398-F1-model_v4.pdb	1701
P38398	1701	L	R	-0.466710466384779	AF-P38398-F1-model_v4.pdb	1701
P38398	1702	K	N	-1.9431897588058893	AF-P38398-F1-model_v4.pdb	1702
P38398	1702	K	N	-1.97502726493262	AF-P38398-F1-model_v4.pdb	1702
P38398	1702	K	Q	-2.27878544497196	AF-P38398-F1-model_v4.pdb	1702
P38398	1702	K	E	-2.02024969395035	AF-P38398-F1-model_v4.pdb	1702
P38398	1702	K	*	-1.91932347026718	AF-P38398-F1-model_v4.pdb	1702
P38398	1702	K	T	-1.58127112626744	AF-P38398-F1-model_v4.pdb	1702
P38398	1702	K	R	-1.74109000592652	AF-P38398-F1-model_v4.pdb	1702
P38398	1702	K	I	-2.017579190911	AF-P38398-F1-model_v4.pdb	1702
P38398	1702	K	K	0.4721945528791	AF-P38398-F1-model_v4.pdb	1702
P38398	1703	Y	N	-2.21296385091519	AF-P38398-F1-model_v4.pdb	1703
P38398	1703	Y	H	-1.70173509787402	AF-P38398-F1-model_v4.pdb	1703
P38398	1703	Y	D	-2.3485183496222	AF-P38398-F1-model_v4.pdb	1703
P38398	1703	Y	F	-0.18169642728139	AF-P38398-F1-model_v4.pdb	1703
P38398	1703	Y	*	-2.30116145948069	AF-P38398-F1-model_v4.pdb	1703
P38398	1703	Y	Y	0.2408863419375589	AF-P38398-F1-model_v4.pdb	1703
P38398	1703	Y	*	-2.17137513987016	AF-P38398-F1-model_v4.pdb	1703
P38398	1703	Y	C	-1.82025645390844	AF-P38398-F1-model_v4.pdb	1703
P38398	1703	Y	S	-2.06571989352332	AF-P38398-F1-model_v4.pdb	1703
P38398	1704	F	C	-1.70622232990734	AF-P38398-F1-model_v4.pdb	1704
P38398	1704	F	I	-1.4549475231568998	AF-P38398-F1-model_v4.pdb	1704
P38398	1704	F	L	-1.6652800811778	AF-P38398-F1-model_v4.pdb	1704
P38398	1704	F	V	-2.14700798240513	AF-P38398-F1-model_v4.pdb	1704
P38398	1704	F	Y	-2.12341607412573	AF-P38398-F1-model_v4.pdb	1704
P38398	1704	F	S	-2.11095371612758	AF-P38398-F1-model_v4.pdb	1704
P38398	1704	F	L	-1.78022072749526	AF-P38398-F1-model_v4.pdb	1704
P38398	1704	F	F	0.1946729201583819	AF-P38398-F1-model_v4.pdb	1704
P38398	1704	F	L	-1.85217401205403	AF-P38398-F1-model_v4.pdb	1704
P38398	1705	L	P	-2.15431306069821	AF-P38398-F1-model_v4.pdb	1705
P38398	1705	L	R	-1.17417485343466	AF-P38398-F1-model_v4.pdb	1705
P38398	1705	L	L	0.354333056849471	AF-P38398-F1-model_v4.pdb	1705
P38398	1705	L	Q	-0.190565784256415	AF-P38398-F1-model_v4.pdb	1705
P38398	1705	L	V	-0.147693793089852	AF-P38398-F1-model_v4.pdb	1705
P38398	1705	L	L	0.114585457775908	AF-P38398-F1-model_v4.pdb	1705
P38398	1705	L	L	0.0816733854467378	AF-P38398-F1-model_v4.pdb	1705
P38398	1705	L	I	-0.134881303377917	AF-P38398-F1-model_v4.pdb	1705
P38398	1705	L	L	-0.224553799429863	AF-P38398-F1-model_v4.pdb	1705
P38398	1706	G	V	-2.32297920678307	AF-P38398-F1-model_v4.pdb	1706
P38398	1706	G	G	-0.0156629849893591	AF-P38398-F1-model_v4.pdb	1706
P38398	1706	G	G	-0.2163035272256949	AF-P38398-F1-model_v4.pdb	1706
P38398	1706	G	G	0.0122477727911042	AF-P38398-F1-model_v4.pdb	1706
P38398	1706	G	R	-2.37979763251402	AF-P38398-F1-model_v4.pdb	1706
P38398	1706	G	R	-2.2386205548575	AF-P38398-F1-model_v4.pdb	1706
P38398	1706	G	*	-1.91468665638428	AF-P38398-F1-model_v4.pdb	1706
P38398	1706	G	E	-2.45298981846792	AF-P38398-F1-model_v4.pdb	1706
P38398	1706	G	A	-0.0514299101353102	AF-P38398-F1-model_v4.pdb	1706
P38398	1707	I	F	-2.34821946101204	AF-P38398-F1-model_v4.pdb	1707
P38398	1707	I	V	0.0669096562221722	AF-P38398-F1-model_v4.pdb	1707
P38398	1707	I	L	0.0780221890285954	AF-P38398-F1-model_v4.pdb	1707
P38398	1707	I	N	-0.68944467587699	AF-P38398-F1-model_v4.pdb	1707
P38398	1707	I	T	-0.1433250948322409	AF-P38398-F1-model_v4.pdb	1707
P38398	1707	I	I	0.125342755599968	AF-P38398-F1-model_v4.pdb	1707
P38398	1707	I	S	-2.29509445148828	AF-P38398-F1-model_v4.pdb	1707
P38398	1707	I	I	-0.0139300451562089	AF-P38398-F1-model_v4.pdb	1707
P38398	1707	I	M	-0.275064271198236	AF-P38398-F1-model_v4.pdb	1707
P38398	1708	A	A	0.2376073470576619	AF-P38398-F1-model_v4.pdb	1708
P38398	1708	A	A	-0.0248372063829283	AF-P38398-F1-model_v4.pdb	1708
P38398	1708	A	A	0.0189387449236095	AF-P38398-F1-model_v4.pdb	1708
P38398	1708	A	V	-0.222956413017083	AF-P38398-F1-model_v4.pdb	1708
P38398	1708	A	T	-1.35945402070986	AF-P38398-F1-model_v4.pdb	1708
P38398	1708	A	E	-2.0082579967947303	AF-P38398-F1-model_v4.pdb	1708
P38398	1708	A	S	-0.514801321531241	AF-P38398-F1-model_v4.pdb	1708
P38398	1708	A	P	-2.26313074824134	AF-P38398-F1-model_v4.pdb	1708
P38398	1708	A	G	-2.2288835325415	AF-P38398-F1-model_v4.pdb	1708
P38398	1709	G	G	-0.0026128970481761	AF-P38398-F1-model_v4.pdb	1709
P38398	1709	G	G	-1.65307191963688	AF-P38398-F1-model_v4.pdb	1709
P38398	1709	G	V	-1.38260055577164	AF-P38398-F1-model_v4.pdb	1709
P38398	1709	G	G	0.0646778485489811	AF-P38398-F1-model_v4.pdb	1709
P38398	1709	G	E	-0.558665497685808	AF-P38398-F1-model_v4.pdb	1709
P38398	1709	G	*	-2.15429907048046	AF-P38398-F1-model_v4.pdb	1709
P38398	1709	G	R	-0.113058618989154	AF-P38398-F1-model_v4.pdb	1709
P38398	1709	G	R	-0.096214580373665	AF-P38398-F1-model_v4.pdb	1709
P38398	1709	G	A	0.116068252212263	AF-P38398-F1-model_v4.pdb	1709
P38398	1710	G	G	-0.3600655185683959	AF-P38398-F1-model_v4.pdb	1710
P38398	1710	G	G	-1.81666908741097	AF-P38398-F1-model_v4.pdb	1710
P38398	1710	G	G	0.0656514138729294	AF-P38398-F1-model_v4.pdb	1710
P38398	1710	G	V	-0.4142218532032379	AF-P38398-F1-model_v4.pdb	1710
P38398	1710	G	E	-0.3516885419624651	AF-P38398-F1-model_v4.pdb	1710
P38398	1710	G	*	-2.0928501888073603	AF-P38398-F1-model_v4.pdb	1710
P38398	1710	G	R	-0.0142971208608558	AF-P38398-F1-model_v4.pdb	1710
P38398	1710	G	A	-0.110930986057859	AF-P38398-F1-model_v4.pdb	1710
P38398	1710	G	R	0.3834514875001129	AF-P38398-F1-model_v4.pdb	1710
P38398	1711	K	N	0.1111473320193659	AF-P38398-F1-model_v4.pdb	1711
P38398	1711	K	Q	-0.005831091696887	AF-P38398-F1-model_v4.pdb	1711
P38398	1711	K	E	-1.82511117125829	AF-P38398-F1-model_v4.pdb	1711
P38398	1711	K	*	-2.19829513791326	AF-P38398-F1-model_v4.pdb	1711
P38398	1711	K	T	-0.008693212786647	AF-P38398-F1-model_v4.pdb	1711
P38398	1711	K	I	-0.0841701800800844	AF-P38398-F1-model_v4.pdb	1711
P38398	1711	K	R	0.146135531160168	AF-P38398-F1-model_v4.pdb	1711
P38398	1711	K	K	0.0181773451482768	AF-P38398-F1-model_v4.pdb	1711
P38398	1711	K	N	-0.0411853526434731	AF-P38398-F1-model_v4.pdb	1711
P38398	1712	W	R	-0.237008767323878	AF-P38398-F1-model_v4.pdb	1712
P38398	1712	W	C	-0.0004067211188179	AF-P38398-F1-model_v4.pdb	1712
P38398	1712	W	C	0.0832869832538611	AF-P38398-F1-model_v4.pdb	1712
P38398	1712	W	*	-2.1185954507710902	AF-P38398-F1-model_v4.pdb	1712
P38398	1712	W	R	-0.2942564324092629	AF-P38398-F1-model_v4.pdb	1712
P38398	1712	W	L	-0.333901530860233	AF-P38398-F1-model_v4.pdb	1712
P38398	1712	W	G	-2.1362502185357903	AF-P38398-F1-model_v4.pdb	1712
P38398	1712	W	*	-2.12568785885006	AF-P38398-F1-model_v4.pdb	1712
P38398	1712	W	S	-0.354519980146919	AF-P38398-F1-model_v4.pdb	1712
P38398	1713	V	V	-0.340548122142082	AF-P38398-F1-model_v4.pdb	1713
P38398	1713	V	A	-1.75547648459117	AF-P38398-F1-model_v4.pdb	1713
P38398	1713	V	V	-0.0457352206195591	AF-P38398-F1-model_v4.pdb	1713
P38398	1713	V	V	0.146158245695191	AF-P38398-F1-model_v4.pdb	1713
P38398	1713	V	E	-2.18378786479938	AF-P38398-F1-model_v4.pdb	1713
P38398	1713	V	L	-1.92326659071942	AF-P38398-F1-model_v4.pdb	1713
P38398	1713	V	G	-1.8879503100562	AF-P38398-F1-model_v4.pdb	1713
P38398	1713	V	I	0.228950410691537	AF-P38398-F1-model_v4.pdb	1713
P38398	1713	V	L	0.210837511772931	AF-P38398-F1-model_v4.pdb	1713
P38398	1714	V	V	0.307518525041627	AF-P38398-F1-model_v4.pdb	1714
P38398	1714	V	V	0.166133664524083	AF-P38398-F1-model_v4.pdb	1714
P38398	1714	V	V	0.109106471653949	AF-P38398-F1-model_v4.pdb	1714
P38398	1714	V	L	-0.0114337714354798	AF-P38398-F1-model_v4.pdb	1714
P38398	1714	V	A	-1.2993388525015102	AF-P38398-F1-model_v4.pdb	1714
P38398	1714	V	I	-0.4388771292981029	AF-P38398-F1-model_v4.pdb	1714
P38398	1714	V	F	-1.85475531472936	AF-P38398-F1-model_v4.pdb	1714
P38398	1714	V	G	-2.0794091775653203	AF-P38398-F1-model_v4.pdb	1714
P38398	1714	V	D	-2.07499506323185	AF-P38398-F1-model_v4.pdb	1714
P38398	1715	S	S	-0.450533085684926	AF-P38398-F1-model_v4.pdb	1715
P38398	1715	S	R	-1.8710630832529	AF-P38398-F1-model_v4.pdb	1715
P38398	1715	S	I	-2.0230407342013503	AF-P38398-F1-model_v4.pdb	1715
P38398	1715	S	R	-1.7697072764081	AF-P38398-F1-model_v4.pdb	1715
P38398	1715	S	C	-1.6986594269882602	AF-P38398-F1-model_v4.pdb	1715
P38398	1715	S	G	-0.8945015747535859	AF-P38398-F1-model_v4.pdb	1715
P38398	1715	S	R	-2.20976678188052	AF-P38398-F1-model_v4.pdb	1715
P38398	1715	S	T	-0.5430380279415271	AF-P38398-F1-model_v4.pdb	1715
P38398	1715	S	N	-2.29465730718365	AF-P38398-F1-model_v4.pdb	1715
P38398	1716	Y	N	0.0180862415763089	AF-P38398-F1-model_v4.pdb	1716
P38398	1716	Y	H	0.293174677694855	AF-P38398-F1-model_v4.pdb	1716
P38398	1716	Y	D	0.0179895420377151	AF-P38398-F1-model_v4.pdb	1716
P38398	1716	Y	S	0.0689576451028077	AF-P38398-F1-model_v4.pdb	1716
P38398	1716	Y	C	-0.344807991501031	AF-P38398-F1-model_v4.pdb	1716
P38398	1716	Y	*	-2.12276285838404	AF-P38398-F1-model_v4.pdb	1716
P38398	1716	Y	*	-1.85893283273228	AF-P38398-F1-model_v4.pdb	1716
P38398	1716	Y	F	0.0618708800715862	AF-P38398-F1-model_v4.pdb	1716
P38398	1716	Y	Y	-0.0806873755780593	AF-P38398-F1-model_v4.pdb	1716
P38398	1717	F	V	0.0093049366709115	AF-P38398-F1-model_v4.pdb	1717
P38398	1717	F	L	-0.307746997998791	AF-P38398-F1-model_v4.pdb	1717
P38398	1717	F	F	-0.4184769913367721	AF-P38398-F1-model_v4.pdb	1717
P38398	1717	F	L	0.308719888990305	AF-P38398-F1-model_v4.pdb	1717
P38398	1717	F	L	0.198285169745619	AF-P38398-F1-model_v4.pdb	1717
P38398	1717	F	S	0.0386522941845642	AF-P38398-F1-model_v4.pdb	1717
P38398	1717	F	I	-0.567159028121673	AF-P38398-F1-model_v4.pdb	1717
P38398	1717	F	Y	0.0210420585919195	AF-P38398-F1-model_v4.pdb	1717
P38398	1717	F	C	0.169709433237894	AF-P38398-F1-model_v4.pdb	1717
P38398	1718	W	C	-1.44391884462746	AF-P38398-F1-model_v4.pdb	1718
P38398	1718	W	R	-1.6503322359382702	AF-P38398-F1-model_v4.pdb	1718
P38398	1718	W	G	-1.8749475988444	AF-P38398-F1-model_v4.pdb	1718
P38398	1718	W	*	-2.0410258566992	AF-P38398-F1-model_v4.pdb	1718
P38398	1718	W	S	-1.1867029449301498	AF-P38398-F1-model_v4.pdb	1718
P38398	1718	W	L	-1.37115523247543	AF-P38398-F1-model_v4.pdb	1718
P38398	1718	W	*	-1.52891019136961	AF-P38398-F1-model_v4.pdb	1718
P38398	1718	W	R	-1.67812259248343	AF-P38398-F1-model_v4.pdb	1718
P38398	1718	W	C	-1.57570770533006	AF-P38398-F1-model_v4.pdb	1718
P38398	1719	V	L	-0.154702436226783	AF-P38398-F1-model_v4.pdb	1719
P38398	1719	V	L	-0.5617059128871149	AF-P38398-F1-model_v4.pdb	1719
P38398	1719	V	E	-1.925277452256	AF-P38398-F1-model_v4.pdb	1719
P38398	1719	V	A	0.3747867957781279	AF-P38398-F1-model_v4.pdb	1719
P38398	1719	V	G	-1.38364631033649	AF-P38398-F1-model_v4.pdb	1719
P38398	1719	V	V	-0.0180489131135941	AF-P38398-F1-model_v4.pdb	1719
P38398	1719	V	V	0.400139371031409	AF-P38398-F1-model_v4.pdb	1719
P38398	1719	V	V	0.0961133162857967	AF-P38398-F1-model_v4.pdb	1719
P38398	1719	V	M	-0.540558899922355	AF-P38398-F1-model_v4.pdb	1719
P38398	1720	T	A	0.132285866292813	AF-P38398-F1-model_v4.pdb	1720
P38398	1720	T	S	0.380406588986614	AF-P38398-F1-model_v4.pdb	1720
P38398	1721	Q	K	-0.0084770794448015	AF-P38398-F1-model_v4.pdb	1721
P38398	1721	Q	E	-0.120205616662937	AF-P38398-F1-model_v4.pdb	1721
P38398	1721	Q	P	-2.3527407820664	AF-P38398-F1-model_v4.pdb	1721
P38398	1721	Q	L	0.0558479617041704	AF-P38398-F1-model_v4.pdb	1721
P38398	1721	Q	Q	0.283238014279448	AF-P38398-F1-model_v4.pdb	1721
P38398	1721	Q	H	0.0546793976067769	AF-P38398-F1-model_v4.pdb	1721
P38398	1721	Q	H	0.0895269484212073	AF-P38398-F1-model_v4.pdb	1721
P38398	1721	Q	R	-0.203878344046421	AF-P38398-F1-model_v4.pdb	1721
P38398	1721	Q	*	-2.03260136546654	AF-P38398-F1-model_v4.pdb	1721
P38398	1722	S	S	-0.494208063219312	AF-P38398-F1-model_v4.pdb	1722
P38398	1722	S	S	0.27822346101053	AF-P38398-F1-model_v4.pdb	1722
P38398	1722	S	F	-0.8342463789044671	AF-P38398-F1-model_v4.pdb	1722
P38398	1722	S	C	0.197527537137091	AF-P38398-F1-model_v4.pdb	1722
P38398	1722	S	S	-0.192959677187021	AF-P38398-F1-model_v4.pdb	1722
P38398	1722	S	A	0.0294942540157065	AF-P38398-F1-model_v4.pdb	1722
P38398	1722	S	P	-1.65174166954429	AF-P38398-F1-model_v4.pdb	1722
P38398	1722	S	T	-0.377101066738486	AF-P38398-F1-model_v4.pdb	1722
P38398	1722	S	Y	-1.284016223324	AF-P38398-F1-model_v4.pdb	1722
P38398	1723	I	I	0.253956551746971	AF-P38398-F1-model_v4.pdb	1723
P38398	1723	I	L	0.054043045896751	AF-P38398-F1-model_v4.pdb	1723
P38398	1723	I	V	0.283315190650487	AF-P38398-F1-model_v4.pdb	1723
P38398	1723	I	F	0.215808298849231	AF-P38398-F1-model_v4.pdb	1723
P38398	1723	I	N	-0.126123104878339	AF-P38398-F1-model_v4.pdb	1723
P38398	1723	I	T	0.355145638120542	AF-P38398-F1-model_v4.pdb	1723
P38398	1723	I	S	-0.267795186773311	AF-P38398-F1-model_v4.pdb	1723
P38398	1723	I	M	0.0077999202692951	AF-P38398-F1-model_v4.pdb	1723
P38398	1723	I	I	-0.358117557455242	AF-P38398-F1-model_v4.pdb	1723
P38398	1724	K	E	-0.0512711570716132	AF-P38398-F1-model_v4.pdb	1724
P38398	1724	K	Q	-0.342907544648298	AF-P38398-F1-model_v4.pdb	1724
P38398	1724	K	*	-2.02204393036993	AF-P38398-F1-model_v4.pdb	1724
P38398	1724	K	T	-0.1938300179772989	AF-P38398-F1-model_v4.pdb	1724
P38398	1724	K	R	-0.0009315615352006	AF-P38398-F1-model_v4.pdb	1724
P38398	1724	K	I	-0.188903344356375	AF-P38398-F1-model_v4.pdb	1724
P38398	1724	K	N	-0.0579574557127119	AF-P38398-F1-model_v4.pdb	1724
P38398	1724	K	K	0.0520143146291834	AF-P38398-F1-model_v4.pdb	1724
P38398	1724	K	N	-0.308207564527426	AF-P38398-F1-model_v4.pdb	1724
P38398	1725	E	K	-0.46171689736591	AF-P38398-F1-model_v4.pdb	1725
P38398	1725	E	*	-2.3508691938645	AF-P38398-F1-model_v4.pdb	1725
P38398	1725	E	A	0.1853739644085389	AF-P38398-F1-model_v4.pdb	1725
P38398	1725	E	G	0.230840789668226	AF-P38398-F1-model_v4.pdb	1725
P38398	1725	E	V	-0.276712989290451	AF-P38398-F1-model_v4.pdb	1725
P38398	1725	E	D	0.0777980002138893	AF-P38398-F1-model_v4.pdb	1725
P38398	1725	E	E	0.248392834919932	AF-P38398-F1-model_v4.pdb	1725
P38398	1725	E	D	-0.155152045940699	AF-P38398-F1-model_v4.pdb	1725
P38398	1725	E	Q	-0.411198293924892	AF-P38398-F1-model_v4.pdb	1725
P38398	1726	R	R	0.475157505710567	AF-P38398-F1-model_v4.pdb	1726
P38398	1726	R	R	0.0308070380685877	AF-P38398-F1-model_v4.pdb	1726
P38398	1726	R	I	-0.313708723061628	AF-P38398-F1-model_v4.pdb	1726
P38398	1726	R	S	-0.145743967764718	AF-P38398-F1-model_v4.pdb	1726
P38398	1726	R	*	-2.00445095776967	AF-P38398-F1-model_v4.pdb	1726
P38398	1726	R	K	0.0656067842873872	AF-P38398-F1-model_v4.pdb	1726
P38398	1726	R	T	-0.108020882242448	AF-P38398-F1-model_v4.pdb	1726
P38398	1726	R	G	0.139873672712294	AF-P38398-F1-model_v4.pdb	1726
P38398	1726	R	S	-0.143931107250253	AF-P38398-F1-model_v4.pdb	1726
P38398	1727	K	N	0.125853778071299	AF-P38398-F1-model_v4.pdb	1727
P38398	1727	K	K	0.2145907033617619	AF-P38398-F1-model_v4.pdb	1727
P38398	1727	K	Q	0.295675239099518	AF-P38398-F1-model_v4.pdb	1727
P38398	1727	K	N	0.0689402871835359	AF-P38398-F1-model_v4.pdb	1727
P38398	1727	K	I	0.0220535197656234	AF-P38398-F1-model_v4.pdb	1727
P38398	1727	K	R	0.0900038341499813	AF-P38398-F1-model_v4.pdb	1727
P38398	1727	K	T	0.1772598575328569	AF-P38398-F1-model_v4.pdb	1727
P38398	1727	K	*	-2.05135817653836	AF-P38398-F1-model_v4.pdb	1727
P38398	1727	K	E	0.552034290481192	AF-P38398-F1-model_v4.pdb	1727
P38398	1728	M	R	-0.2982014464779279	AF-P38398-F1-model_v4.pdb	1728
P38398	1728	M	I	0.1519648533402059	AF-P38398-F1-model_v4.pdb	1728
P38398	1728	M	I	-0.296985542916493	AF-P38398-F1-model_v4.pdb	1728
P38398	1728	M	T	0.164069414719365	AF-P38398-F1-model_v4.pdb	1728
P38398	1728	M	V	0.113929224486424	AF-P38398-F1-model_v4.pdb	1728
P38398	1728	M	L	-0.292013268726379	AF-P38398-F1-model_v4.pdb	1728
P38398	1728	M	K	0.243499452893055	AF-P38398-F1-model_v4.pdb	1728
P38398	1728	M	I	-0.330405631968417	AF-P38398-F1-model_v4.pdb	1728
P38398	1728	M	L	0.222922540190683	AF-P38398-F1-model_v4.pdb	1728
P38398	1729	L	L	0.383489098082072	AF-P38398-F1-model_v4.pdb	1729
P38398	1729	L	L	-0.367738769741174	AF-P38398-F1-model_v4.pdb	1729
P38398	1729	L	L	0.1449883343281039	AF-P38398-F1-model_v4.pdb	1729
P38398	1729	L	R	0.0703330776660542	AF-P38398-F1-model_v4.pdb	1729
P38398	1729	L	P	-1.25811813513376	AF-P38398-F1-model_v4.pdb	1729
P38398	1729	L	Q	-0.1295325844388019	AF-P38398-F1-model_v4.pdb	1729
P38398	1729	L	V	0.196300676287272	AF-P38398-F1-model_v4.pdb	1729
P38398	1729	L	M	-0.4374969846727589	AF-P38398-F1-model_v4.pdb	1729
P38398	1729	L	L	-0.04888860011054	AF-P38398-F1-model_v4.pdb	1729
P38398	1730	N	S	0.2324219120117	AF-P38398-F1-model_v4.pdb	1730
P38398	1730	N	D	-0.0036421594408364	AF-P38398-F1-model_v4.pdb	1730
P38398	1730	N	K	0.0209487335187599	AF-P38398-F1-model_v4.pdb	1730
P38398	1730	N	N	-0.0771402200058652	AF-P38398-F1-model_v4.pdb	1730
P38398	1730	N	K	0.3480501399720999	AF-P38398-F1-model_v4.pdb	1730
P38398	1730	N	I	-0.329646109752361	AF-P38398-F1-model_v4.pdb	1730
P38398	1730	N	Y	0.424933599982885	AF-P38398-F1-model_v4.pdb	1730
P38398	1730	N	T	-0.178811215209827	AF-P38398-F1-model_v4.pdb	1730
P38398	1730	N	H	0.421659853859503	AF-P38398-F1-model_v4.pdb	1730
P38398	1731	E	V	-0.2038482148565679	AF-P38398-F1-model_v4.pdb	1731
P38398	1731	E	*	-2.26234030610252	AF-P38398-F1-model_v4.pdb	1731
P38398	1731	E	A	0.2759064234440029	AF-P38398-F1-model_v4.pdb	1731
P38398	1731	E	G	0.0652273024678645	AF-P38398-F1-model_v4.pdb	1731
P38398	1731	E	E	-0.377828008416012	AF-P38398-F1-model_v4.pdb	1731
P38398	1731	E	D	0.125432781176861	AF-P38398-F1-model_v4.pdb	1731
P38398	1731	E	Q	-0.858680579594784	AF-P38398-F1-model_v4.pdb	1731
P38398	1731	E	D	-0.0311382534387421	AF-P38398-F1-model_v4.pdb	1731
P38398	1731	E	K	-2.76977608894852	AF-P38398-F1-model_v4.pdb	1731
P38398	1732	H	H	-0.428338464401921	AF-P38398-F1-model_v4.pdb	1732
P38398	1732	H	Q	-0.1066809396453399	AF-P38398-F1-model_v4.pdb	1732
P38398	1732	H	L	0.0711204235626537	AF-P38398-F1-model_v4.pdb	1732
P38398	1732	H	D	-0.176629406133256	AF-P38398-F1-model_v4.pdb	1732
P38398	1732	H	R	0.333391435759715	AF-P38398-F1-model_v4.pdb	1732
P38398	1732	H	P	0.1454823258740269	AF-P38398-F1-model_v4.pdb	1732
P38398	1732	H	Y	-0.662483092285522	AF-P38398-F1-model_v4.pdb	1732
P38398	1732	H	Q	-0.0218130602742898	AF-P38398-F1-model_v4.pdb	1732
P38398	1732	H	N	-0.5866640054502329	AF-P38398-F1-model_v4.pdb	1732
P38398	1733	D	N	-0.511247529135134	AF-P38398-F1-model_v4.pdb	1733
P38398	1733	D	H	-0.0544888779988724	AF-P38398-F1-model_v4.pdb	1733
P38398	1733	D	Y	-0.6334442134737189	AF-P38398-F1-model_v4.pdb	1733
P38398	1733	D	A	0.15892725556448	AF-P38398-F1-model_v4.pdb	1733
P38398	1733	D	G	0.167600773623651	AF-P38398-F1-model_v4.pdb	1733
P38398	1733	D	V	-0.44524404896313	AF-P38398-F1-model_v4.pdb	1733
P38398	1733	D	E	0.2258106095628339	AF-P38398-F1-model_v4.pdb	1733
P38398	1733	D	D	0.539590361496505	AF-P38398-F1-model_v4.pdb	1733
P38398	1733	D	E	-0.15105965558932	AF-P38398-F1-model_v4.pdb	1733
P38398	1734	F	C	-3.36637907971901	AF-P38398-F1-model_v4.pdb	1734
P38398	1734	F	L	-1.86829986271098	AF-P38398-F1-model_v4.pdb	1734
P38398	1734	F	F	0.267652906918833	AF-P38398-F1-model_v4.pdb	1734
P38398	1734	F	L	-2.07764056089949	AF-P38398-F1-model_v4.pdb	1734
P38398	1734	F	S	-2.03380972937082	AF-P38398-F1-model_v4.pdb	1734
P38398	1734	F	I	-2.255002356117	AF-P38398-F1-model_v4.pdb	1734
P38398	1734	F	V	-2.48102119631926	AF-P38398-F1-model_v4.pdb	1734
P38398	1734	F	L	-2.37335995851566	AF-P38398-F1-model_v4.pdb	1734
P38398	1734	F	Y	-0.1230113259872069	AF-P38398-F1-model_v4.pdb	1734
P38398	1735	E	D	-1.3708641746553	AF-P38398-F1-model_v4.pdb	1735
P38398	1735	E	V	0.098740886622499	AF-P38398-F1-model_v4.pdb	1735
P38398	1735	E	E	0.155928951822803	AF-P38398-F1-model_v4.pdb	1735
P38398	1735	E	G	-1.8351196750345096	AF-P38398-F1-model_v4.pdb	1735
P38398	1735	E	D	-1.23085086200007	AF-P38398-F1-model_v4.pdb	1735
P38398	1735	E	*	-2.51366940032183	AF-P38398-F1-model_v4.pdb	1735
P38398	1735	E	Q	-0.249794861930793	AF-P38398-F1-model_v4.pdb	1735
P38398	1735	E	K	-3.24294554301487	AF-P38398-F1-model_v4.pdb	1735
P38398	1735	E	A	-0.503115481571585	AF-P38398-F1-model_v4.pdb	1735
P38398	1736	V	V	-0.506501923969361	AF-P38398-F1-model_v4.pdb	1736
P38398	1736	V	V	-0.343492511775943	AF-P38398-F1-model_v4.pdb	1736
P38398	1736	V	V	-0.450156396006957	AF-P38398-F1-model_v4.pdb	1736
P38398	1736	V	G	-1.73329333871728	AF-P38398-F1-model_v4.pdb	1736
P38398	1736	V	D	-1.93117329228485	AF-P38398-F1-model_v4.pdb	1736
P38398	1736	V	F	-2.38046370206342	AF-P38398-F1-model_v4.pdb	1736
P38398	1736	V	L	-1.8453446674036005	AF-P38398-F1-model_v4.pdb	1736
P38398	1736	V	I	-0.0519344224261735	AF-P38398-F1-model_v4.pdb	1736
P38398	1736	V	A	-1.60309259931805	AF-P38398-F1-model_v4.pdb	1736
P38398	1737	R	S	-0.117326913162943	AF-P38398-F1-model_v4.pdb	1737
P38398	1737	R	R	0.0179952049464008	AF-P38398-F1-model_v4.pdb	1737
P38398	1737	R	S	0.100274640908955	AF-P38398-F1-model_v4.pdb	1737
P38398	1737	R	I	0.204096135852601	AF-P38398-F1-model_v4.pdb	1737
P38398	1737	R	T	-0.0295141559555856	AF-P38398-F1-model_v4.pdb	1737
P38398	1737	R	K	-0.9493474029303448	AF-P38398-F1-model_v4.pdb	1737
P38398	1737	R	*	-1.99741819563986	AF-P38398-F1-model_v4.pdb	1737
P38398	1737	R	G	-0.347344956460014	AF-P38398-F1-model_v4.pdb	1737
P38398	1737	R	R	-0.308566407916435	AF-P38398-F1-model_v4.pdb	1737
P38398	1738	G	G	-0.0987662052409328	AF-P38398-F1-model_v4.pdb	1738
P38398	1738	G	G	-0.142443664551307	AF-P38398-F1-model_v4.pdb	1738
P38398	1738	G	G	0.124340892959236	AF-P38398-F1-model_v4.pdb	1738
P38398	1738	G	V	-2.73932554710575	AF-P38398-F1-model_v4.pdb	1738
P38398	1738	G	R	-1.7979744662235	AF-P38398-F1-model_v4.pdb	1738
P38398	1738	G	E	-2.6353416209094	AF-P38398-F1-model_v4.pdb	1738
P38398	1738	G	*	-2.91252448692479	AF-P38398-F1-model_v4.pdb	1738
P38398	1738	G	R	-3.6616204530167096	AF-P38398-F1-model_v4.pdb	1738
P38398	1738	G	A	-2.42390360666334	AF-P38398-F1-model_v4.pdb	1738
P38398	1739	D	V	-1.99376742157678	AF-P38398-F1-model_v4.pdb	1739
P38398	1739	D	E	-2.6605170902151603	AF-P38398-F1-model_v4.pdb	1739
P38398	1739	D	A	-2.4756464018326603	AF-P38398-F1-model_v4.pdb	1739
P38398	1739	D	D	0.2180529061982969	AF-P38398-F1-model_v4.pdb	1739
P38398	1739	D	H	-2.76713407948034	AF-P38398-F1-model_v4.pdb	1739
P38398	1739	D	N	-0.114011823555723	AF-P38398-F1-model_v4.pdb	1739
P38398	1739	D	Y	-2.5291197754610497	AF-P38398-F1-model_v4.pdb	1739
P38398	1739	D	E	-2.9131674176071	AF-P38398-F1-model_v4.pdb	1739
P38398	1739	D	G	-2.43103072960453	AF-P38398-F1-model_v4.pdb	1739
P38398	1740	V	L	-0.0635160678177613	AF-P38398-F1-model_v4.pdb	1740
P38398	1740	V	G	-0.506044073452074	AF-P38398-F1-model_v4.pdb	1740
P38398	1740	V	A	0.0796598527324661	AF-P38398-F1-model_v4.pdb	1740
P38398	1741	V	V	0.328549779311773	AF-P38398-F1-model_v4.pdb	1741
P38398	1741	V	V	-0.489737565008687	AF-P38398-F1-model_v4.pdb	1741
P38398	1741	V	V	-0.008242560729925	AF-P38398-F1-model_v4.pdb	1741
P38398	1741	V	A	-0.274187750020751	AF-P38398-F1-model_v4.pdb	1741
P38398	1741	V	D	-1.9056446601749093	AF-P38398-F1-model_v4.pdb	1741
P38398	1741	V	L	-0.7829546627074491	AF-P38398-F1-model_v4.pdb	1741
P38398	1741	V	I	0.162782347112225	AF-P38398-F1-model_v4.pdb	1741
P38398	1742	N	K	0.5407312103891819	AF-P38398-F1-model_v4.pdb	1742
P38398	1742	N	N	-0.0704793491435253	AF-P38398-F1-model_v4.pdb	1742
P38398	1742	N	K	-0.1228211875686499	AF-P38398-F1-model_v4.pdb	1742
P38398	1742	N	I	-0.3411163506800949	AF-P38398-F1-model_v4.pdb	1742
P38398	1742	N	Y	-1.12392730196856	AF-P38398-F1-model_v4.pdb	1742
P38398	1742	N	T	0.2061503902221199	AF-P38398-F1-model_v4.pdb	1742
P38398	1742	N	D	-0.749588491501205	AF-P38398-F1-model_v4.pdb	1742
P38398	1742	N	H	-0.0283156120907143	AF-P38398-F1-model_v4.pdb	1742
P38398	1742	N	S	0.0672293407127807	AF-P38398-F1-model_v4.pdb	1742
P38398	1743	G	G	0.360324822457256	AF-P38398-F1-model_v4.pdb	1743
P38398	1743	G	G	0.0649019798891134	AF-P38398-F1-model_v4.pdb	1743
P38398	1743	G	G	-0.0707181656582726	AF-P38398-F1-model_v4.pdb	1743
P38398	1743	G	V	-1.68946229831907	AF-P38398-F1-model_v4.pdb	1743
P38398	1743	G	*	-2.2414023845974	AF-P38398-F1-model_v4.pdb	1743
P38398	1743	G	E	-2.8311059141468102	AF-P38398-F1-model_v4.pdb	1743
P38398	1743	G	R	-2.68142149701781	AF-P38398-F1-model_v4.pdb	1743
P38398	1743	G	R	-1.9240814042061103	AF-P38398-F1-model_v4.pdb	1743
P38398	1743	G	A	-1.2133956437475	AF-P38398-F1-model_v4.pdb	1743
P38398	1744	R	S	-0.11636936979822	AF-P38398-F1-model_v4.pdb	1744
P38398	1744	R	R	0.38995665122492	AF-P38398-F1-model_v4.pdb	1744
P38398	1744	R	S	0.260545899950064	AF-P38398-F1-model_v4.pdb	1744
P38398	1744	R	I	-0.611578163304056	AF-P38398-F1-model_v4.pdb	1744
P38398	1744	R	K	0.21732441862255	AF-P38398-F1-model_v4.pdb	1744
P38398	1744	R	*	-2.1145772926934	AF-P38398-F1-model_v4.pdb	1744
P38398	1744	R	G	-0.0269147982418661	AF-P38398-F1-model_v4.pdb	1744
P38398	1744	R	R	0.329757712967313	AF-P38398-F1-model_v4.pdb	1744
P38398	1744	R	T	-0.3559099447981789	AF-P38398-F1-model_v4.pdb	1744
P38398	1745	N	K	-0.20810878284008	AF-P38398-F1-model_v4.pdb	1745
P38398	1745	N	N	0.0625189239061423	AF-P38398-F1-model_v4.pdb	1745
P38398	1745	N	K	-0.0515057974345672	AF-P38398-F1-model_v4.pdb	1745
P38398	1745	N	I	0.5192719913378779	AF-P38398-F1-model_v4.pdb	1745
P38398	1745	N	H	0.209290415162896	AF-P38398-F1-model_v4.pdb	1745
P38398	1745	N	T	-0.0732784349387799	AF-P38398-F1-model_v4.pdb	1745
P38398	1745	N	Y	0.0652348131505834	AF-P38398-F1-model_v4.pdb	1745
P38398	1745	N	D	0.0798876815306015	AF-P38398-F1-model_v4.pdb	1745
P38398	1745	N	S	0.195848238107692	AF-P38398-F1-model_v4.pdb	1745
P38398	1746	H	H	0.164617721077255	AF-P38398-F1-model_v4.pdb	1746
P38398	1746	H	Q	-0.8968275496203171	AF-P38398-F1-model_v4.pdb	1746
P38398	1746	H	Q	-1.2979539625216698	AF-P38398-F1-model_v4.pdb	1746
P38398	1746	H	L	-0.470063509014949	AF-P38398-F1-model_v4.pdb	1746
P38398	1746	H	R	-0.5665342267418421	AF-P38398-F1-model_v4.pdb	1746
P38398	1746	H	Y	-2.30474570198782	AF-P38398-F1-model_v4.pdb	1746
P38398	1746	H	D	-1.77916801513549	AF-P38398-F1-model_v4.pdb	1746
P38398	1746	H	N	-0.7595655616414309	AF-P38398-F1-model_v4.pdb	1746
P38398	1746	H	P	-2.56647745711579	AF-P38398-F1-model_v4.pdb	1746
P38398	1747	Q	Q	0.391096104713464	AF-P38398-F1-model_v4.pdb	1747
P38398	1747	Q	H	0.259271394211438	AF-P38398-F1-model_v4.pdb	1747
P38398	1747	Q	L	0.161184595349292	AF-P38398-F1-model_v4.pdb	1747
P38398	1747	Q	R	0.200842360256771	AF-P38398-F1-model_v4.pdb	1747
P38398	1747	Q	*	-1.98857000490843	AF-P38398-F1-model_v4.pdb	1747
P38398	1747	Q	P	-2.10520842888013	AF-P38398-F1-model_v4.pdb	1747
P38398	1747	Q	E	-0.371298204698049	AF-P38398-F1-model_v4.pdb	1747
P38398	1747	Q	K	-0.417318658204963	AF-P38398-F1-model_v4.pdb	1747
P38398	1747	Q	H	0.0023387770641729	AF-P38398-F1-model_v4.pdb	1747
P38398	1748	G	C	-2.7068511642570496	AF-P38398-F1-model_v4.pdb	1748
P38398	1748	G	D	-1.65189918694954	AF-P38398-F1-model_v4.pdb	1748
P38398	1748	G	A	-0.7217563248433749	AF-P38398-F1-model_v4.pdb	1748
P38398	1748	G	S	-0.375461918556085	AF-P38398-F1-model_v4.pdb	1748
P38398	1748	G	V	-1.26800840696668	AF-P38398-F1-model_v4.pdb	1748
P38398	1748	G	G	0.153824310882202	AF-P38398-F1-model_v4.pdb	1748
P38398	1748	G	G	0.200116191489758	AF-P38398-F1-model_v4.pdb	1748
P38398	1748	G	G	0.3166661720174389	AF-P38398-F1-model_v4.pdb	1748
P38398	1748	G	R	-3.093498513306	AF-P38398-F1-model_v4.pdb	1748
P38398	1749	P	L	-2.09151893906852	AF-P38398-F1-model_v4.pdb	1749
P38398	1749	P	P	0.219430847040001	AF-P38398-F1-model_v4.pdb	1749
P38398	1749	P	T	-0.653988637489678	AF-P38398-F1-model_v4.pdb	1749
P38398	1749	P	P	0.4121412174309099	AF-P38398-F1-model_v4.pdb	1749
P38398	1749	P	P	-0.2490936125414969	AF-P38398-F1-model_v4.pdb	1749
P38398	1749	P	A	-0.153996474848308	AF-P38398-F1-model_v4.pdb	1749
P38398	1749	P	Q	-2.6759871364803702	AF-P38398-F1-model_v4.pdb	1749
P38398	1749	P	S	-1.44884666973584	AF-P38398-F1-model_v4.pdb	1749
P38398	1749	P	R	-3.30606251329229	AF-P38398-F1-model_v4.pdb	1749
P38398	1750	K	Q	0.290074466178338	AF-P38398-F1-model_v4.pdb	1750
P38398	1750	K	N	-0.1850113545318839	AF-P38398-F1-model_v4.pdb	1750
P38398	1750	K	N	-0.8928680655471709	AF-P38398-F1-model_v4.pdb	1750
P38398	1750	K	M	-0.0415723696356363	AF-P38398-F1-model_v4.pdb	1750
P38398	1750	K	K	-0.1958547715013749	AF-P38398-F1-model_v4.pdb	1750
P38398	1750	K	T	-0.166920920342634	AF-P38398-F1-model_v4.pdb	1750
P38398	1750	K	*	-2.3666138023182	AF-P38398-F1-model_v4.pdb	1750
P38398	1750	K	E	-0.630633801527626	AF-P38398-F1-model_v4.pdb	1750
P38398	1750	K	R	0.36494441925085	AF-P38398-F1-model_v4.pdb	1750
P38398	1751	R	R	-0.355861922518864	AF-P38398-F1-model_v4.pdb	1751
P38398	1751	R	G	-1.47251566605134	AF-P38398-F1-model_v4.pdb	1751
P38398	1751	R	*	-1.87649998421636	AF-P38398-F1-model_v4.pdb	1751
P38398	1751	R	Q	-0.149920264367993	AF-P38398-F1-model_v4.pdb	1751
P38398	1751	R	P	-2.860787068227629	AF-P38398-F1-model_v4.pdb	1751
P38398	1751	R	L	-0.371918700338791	AF-P38398-F1-model_v4.pdb	1751
P38398	1751	R	R	-0.0498329670906553	AF-P38398-F1-model_v4.pdb	1751
P38398	1751	R	R	0.4899552483874519	AF-P38398-F1-model_v4.pdb	1751
P38398	1751	R	R	0.4012986865511599	AF-P38398-F1-model_v4.pdb	1751
P38398	1752	A	S	0.0189622694832067	AF-P38398-F1-model_v4.pdb	1752
P38398	1752	A	P	-3.12678112656794	AF-P38398-F1-model_v4.pdb	1752
P38398	1752	A	T	-2.5857887593723903	AF-P38398-F1-model_v4.pdb	1752
P38398	1752	A	A	0.0097993804289441	AF-P38398-F1-model_v4.pdb	1752
P38398	1752	A	A	-0.180594389147702	AF-P38398-F1-model_v4.pdb	1752
P38398	1752	A	V	-1.73849196243126	AF-P38398-F1-model_v4.pdb	1752
P38398	1752	A	G	-0.281368161514999	AF-P38398-F1-model_v4.pdb	1752
P38398	1752	A	E	-3.03783022295038	AF-P38398-F1-model_v4.pdb	1752
P38398	1752	A	A	0.0912334524479238	AF-P38398-F1-model_v4.pdb	1752
P38398	1753	R	R	0.0698138946969838	AF-P38398-F1-model_v4.pdb	1753
P38398	1753	R	*	-2.06271179312895	AF-P38398-F1-model_v4.pdb	1753
P38398	1753	R	T	-2.3704204371901403	AF-P38398-F1-model_v4.pdb	1753
P38398	1753	R	I	-2.51698197764131	AF-P38398-F1-model_v4.pdb	1753
P38398	1753	R	S	-2.9318010600630293	AF-P38398-F1-model_v4.pdb	1753
P38398	1753	R	R	-0.017985689984031	AF-P38398-F1-model_v4.pdb	1753
P38398	1753	R	S	-2.12871558698918	AF-P38398-F1-model_v4.pdb	1753
P38398	1753	R	G	-2.4214151126104704	AF-P38398-F1-model_v4.pdb	1753
P38398	1753	R	K	-1.93432470177664	AF-P38398-F1-model_v4.pdb	1753
P38398	1754	E	K	-0.318323795563548	AF-P38398-F1-model_v4.pdb	1754
P38398	1754	E	D	0.0574245586962219	AF-P38398-F1-model_v4.pdb	1754
P38398	1754	E	E	0.296128260203113	AF-P38398-F1-model_v4.pdb	1754
P38398	1754	E	D	-0.126836886321088	AF-P38398-F1-model_v4.pdb	1754
P38398	1754	E	V	-0.0576903468593412	AF-P38398-F1-model_v4.pdb	1754
P38398	1754	E	G	-0.106235488064118	AF-P38398-F1-model_v4.pdb	1754
P38398	1754	E	A	0.283962925901247	AF-P38398-F1-model_v4.pdb	1754
P38398	1754	E	*	-3.14051876345443	AF-P38398-F1-model_v4.pdb	1754
P38398	1754	E	Q	0.0153458874861179	AF-P38398-F1-model_v4.pdb	1754
P38398	1755	S	P	-0.2823343037484669	AF-P38398-F1-model_v4.pdb	1755
P38398	1755	S	S	-0.105173305285292	AF-P38398-F1-model_v4.pdb	1755
P38398	1755	S	S	0.339693320752691	AF-P38398-F1-model_v4.pdb	1755
P38398	1755	S	S	-0.351463123745536	AF-P38398-F1-model_v4.pdb	1755
P38398	1755	S	A	-0.183185182149014	AF-P38398-F1-model_v4.pdb	1755
P38398	1755	S	C	0.121448366446748	AF-P38398-F1-model_v4.pdb	1755
P38398	1755	S	Y	-0.484283481118786	AF-P38398-F1-model_v4.pdb	1755
P38398	1755	S	T	-0.188463323960415	AF-P38398-F1-model_v4.pdb	1755
P38398	1755	S	F	-0.154077949192117	AF-P38398-F1-model_v4.pdb	1755
P38398	1756	Q	Q	-0.1595046197731449	AF-P38398-F1-model_v4.pdb	1756
P38398	1756	Q	H	-0.190212843375654	AF-P38398-F1-model_v4.pdb	1756
P38398	1756	Q	H	-0.287596633595474	AF-P38398-F1-model_v4.pdb	1756
P38398	1756	Q	L	0.418980605991002	AF-P38398-F1-model_v4.pdb	1756
P38398	1756	Q	K	-0.2854681041060919	AF-P38398-F1-model_v4.pdb	1756
P38398	1756	Q	P	0.1197686902868	AF-P38398-F1-model_v4.pdb	1756
P38398	1756	Q	*	-1.82602819902656	AF-P38398-F1-model_v4.pdb	1756
P38398	1756	Q	E	0.5876090037851489	AF-P38398-F1-model_v4.pdb	1756
P38398	1756	Q	R	0.260614439571262	AF-P38398-F1-model_v4.pdb	1756
P38398	1757	D	N	-0.1468501278881319	AF-P38398-F1-model_v4.pdb	1757
P38398	1757	D	H	0.0036117358482704	AF-P38398-F1-model_v4.pdb	1757
P38398	1757	D	Y	0.0919519098307808	AF-P38398-F1-model_v4.pdb	1757
P38398	1757	D	E	0.0419794484315714	AF-P38398-F1-model_v4.pdb	1757
P38398	1757	D	G	-0.2291363199514639	AF-P38398-F1-model_v4.pdb	1757
P38398	1757	D	V	-0.0650950637280464	AF-P38398-F1-model_v4.pdb	1757
P38398	1757	D	E	-0.0407180388420184	AF-P38398-F1-model_v4.pdb	1757
P38398	1757	D	D	-0.2639246452522999	AF-P38398-F1-model_v4.pdb	1757
P38398	1757	D	A	0.337990578825393	AF-P38398-F1-model_v4.pdb	1757
P38398	1758	R	G	0.315491623703113	AF-P38398-F1-model_v4.pdb	1758
P38398	1758	R	*	-2.06556899007562	AF-P38398-F1-model_v4.pdb	1758
P38398	1758	R	K	0.0590759468708939	AF-P38398-F1-model_v4.pdb	1758
P38398	1758	R	T	-0.107145801468906	AF-P38398-F1-model_v4.pdb	1758
P38398	1758	R	I	-0.170083405201427	AF-P38398-F1-model_v4.pdb	1758
P38398	1758	R	S	-0.182165926529833	AF-P38398-F1-model_v4.pdb	1758
P38398	1758	R	R	0.513196539394858	AF-P38398-F1-model_v4.pdb	1758
P38398	1758	R	R	0.410264170655137	AF-P38398-F1-model_v4.pdb	1758
P38398	1758	R	S	0.1033307869640459	AF-P38398-F1-model_v4.pdb	1758
P38398	1759	K	M	0.379864410484195	AF-P38398-F1-model_v4.pdb	1759
P38398	1759	K	R	-0.0544160453697364	AF-P38398-F1-model_v4.pdb	1759
P38398	1759	K	T	-0.25985222304398	AF-P38398-F1-model_v4.pdb	1759
P38398	1759	K	*	-1.83354615516074	AF-P38398-F1-model_v4.pdb	1759
P38398	1759	K	E	0.156731173606176	AF-P38398-F1-model_v4.pdb	1759
P38398	1759	K	N	-0.434461348117887	AF-P38398-F1-model_v4.pdb	1759
P38398	1759	K	Q	0.272969812525532	AF-P38398-F1-model_v4.pdb	1759
P38398	1759	K	K	-0.116965298488125	AF-P38398-F1-model_v4.pdb	1759
P38398	1759	K	N	0.0367403488744273	AF-P38398-F1-model_v4.pdb	1759
P38398	1760	I	T	-2.60528794912708	AF-P38398-F1-model_v4.pdb	1760
P38398	1760	I	N	-2.18199371175616	AF-P38398-F1-model_v4.pdb	1760
P38398	1760	I	F	-0.896258270912813	AF-P38398-F1-model_v4.pdb	1760
P38398	1760	I	S	-2.27112698644693	AF-P38398-F1-model_v4.pdb	1760
P38398	1760	I	I	-0.0308862862572565	AF-P38398-F1-model_v4.pdb	1760
P38398	1760	I	M	-0.167247724855025	AF-P38398-F1-model_v4.pdb	1760
P38398	1760	I	I	-0.200177526958376	AF-P38398-F1-model_v4.pdb	1760
P38398	1760	I	V	-0.198692768109475	AF-P38398-F1-model_v4.pdb	1760
P38398	1760	I	L	-0.1927880689859669	AF-P38398-F1-model_v4.pdb	1760
P38398	1761	F	I	-3.4349606567282405	AF-P38398-F1-model_v4.pdb	1761
P38398	1761	F	L	-0.0465529055170588	AF-P38398-F1-model_v4.pdb	1761
P38398	1761	F	V	-2.66153763520429	AF-P38398-F1-model_v4.pdb	1761
P38398	1761	F	S	-3.0815284835139103	AF-P38398-F1-model_v4.pdb	1761
P38398	1761	F	F	-0.0645673602579033	AF-P38398-F1-model_v4.pdb	1761
P38398	1761	F	L	-0.08594144139747	AF-P38398-F1-model_v4.pdb	1761
P38398	1761	F	L	-0.0801007712599249	AF-P38398-F1-model_v4.pdb	1761
P38398	1761	F	C	-3.0007228872018903	AF-P38398-F1-model_v4.pdb	1761
P38398	1761	F	Y	-1.03447820735947	AF-P38398-F1-model_v4.pdb	1761
P38398	1762	R	K	-0.142165264181613	AF-P38398-F1-model_v4.pdb	1762
P38398	1762	R	G	-0.1760119852283039	AF-P38398-F1-model_v4.pdb	1762
P38398	1762	R	R	-0.0194075420398023	AF-P38398-F1-model_v4.pdb	1762
P38398	1762	R	W	0.246660900229952	AF-P38398-F1-model_v4.pdb	1762
P38398	1762	R	M	0.264115310641033	AF-P38398-F1-model_v4.pdb	1762
P38398	1762	R	R	-0.138422538315462	AF-P38398-F1-model_v4.pdb	1762
P38398	1762	R	S	0.111612808413628	AF-P38398-F1-model_v4.pdb	1762
P38398	1762	R	S	-0.0296905321365545	AF-P38398-F1-model_v4.pdb	1762
P38398	1762	R	T	-0.2871847134174489	AF-P38398-F1-model_v4.pdb	1762
P38398	1763	G	V	-1.83063676069214	AF-P38398-F1-model_v4.pdb	1763
P38398	1763	G	A	0.6362917429080122	AF-P38398-F1-model_v4.pdb	1763
P38398	1763	G	R	-0.664336514868902	AF-P38398-F1-model_v4.pdb	1763
P38398	1764	L	V	-0.50267331622739	AF-P38398-F1-model_v4.pdb	1764
P38398	1764	L	I	-0.457075645766635	AF-P38398-F1-model_v4.pdb	1764
P38398	1764	L	P	-1.98674456258502	AF-P38398-F1-model_v4.pdb	1764
P38398	1764	L	L	0.608478573981982	AF-P38398-F1-model_v4.pdb	1764
P38398	1764	L	L	-0.510517082915677	AF-P38398-F1-model_v4.pdb	1764
P38398	1764	L	L	0.360960109789099	AF-P38398-F1-model_v4.pdb	1764
P38398	1764	L	Q	-1.6815841092231798	AF-P38398-F1-model_v4.pdb	1764
P38398	1765	E	K	-0.102273747831075	AF-P38398-F1-model_v4.pdb	1765
P38398	1765	E	Q	-0.4501215578311729	AF-P38398-F1-model_v4.pdb	1765
P38398	1765	E	*	-3.00762556456117	AF-P38398-F1-model_v4.pdb	1765
P38398	1765	E	A	-0.2078618958950799	AF-P38398-F1-model_v4.pdb	1765
P38398	1765	E	G	-0.9454973580924972	AF-P38398-F1-model_v4.pdb	1765
P38398	1765	E	V	-0.197631605232239	AF-P38398-F1-model_v4.pdb	1765
P38398	1765	E	D	-0.0283618276029502	AF-P38398-F1-model_v4.pdb	1765
P38398	1765	E	E	0.72324306421002	AF-P38398-F1-model_v4.pdb	1765
P38398	1765	E	D	-0.129447079290475	AF-P38398-F1-model_v4.pdb	1765
P38398	1766	I	V	-0.0279998265069619	AF-P38398-F1-model_v4.pdb	1766
P38398	1766	I	F	-0.248929789313465	AF-P38398-F1-model_v4.pdb	1766
P38398	1766	I	N	-2.9474278578603195	AF-P38398-F1-model_v4.pdb	1766
P38398	1766	I	T	-2.27267688131885	AF-P38398-F1-model_v4.pdb	1766
P38398	1766	I	S	-1.8322684014954	AF-P38398-F1-model_v4.pdb	1766
P38398	1766	I	I	-0.0991309823650213	AF-P38398-F1-model_v4.pdb	1766
P38398	1766	I	M	-0.3149158484503919	AF-P38398-F1-model_v4.pdb	1766
P38398	1766	I	I	-0.0681187451921228	AF-P38398-F1-model_v4.pdb	1766
P38398	1766	I	L	0.275411155256308	AF-P38398-F1-model_v4.pdb	1766
P38398	1767	C	S	-0.237880809362786	AF-P38398-F1-model_v4.pdb	1767
P38398	1767	C	R	-1.02352073149176	AF-P38398-F1-model_v4.pdb	1767
P38398	1767	C	G	-0.961465888922714	AF-P38398-F1-model_v4.pdb	1767
P38398	1767	C	Y	-0.0184612943148304	AF-P38398-F1-model_v4.pdb	1767
P38398	1767	C	F	-0.0374273287899096	AF-P38398-F1-model_v4.pdb	1767
P38398	1767	C	*	-2.10905999043964	AF-P38398-F1-model_v4.pdb	1767
P38398	1767	C	W	-1.19549502227278	AF-P38398-F1-model_v4.pdb	1767
P38398	1767	C	C	0.598969346547234	AF-P38398-F1-model_v4.pdb	1767
P38398	1767	C	S	-0.966362391806273	AF-P38398-F1-model_v4.pdb	1767
P38398	1768	C	G	-0.967951041146808	AF-P38398-F1-model_v4.pdb	1768
P38398	1768	C	Y	-0.7358954081784379	AF-P38398-F1-model_v4.pdb	1768
P38398	1768	C	S	-0.513420934838165	AF-P38398-F1-model_v4.pdb	1768
P38398	1768	C	F	-1.62308369795572	AF-P38398-F1-model_v4.pdb	1768
P38398	1768	C	*	-2.19749428762657	AF-P38398-F1-model_v4.pdb	1768
P38398	1768	C	W	-1.88372206453878	AF-P38398-F1-model_v4.pdb	1768
P38398	1768	C	C	-0.25607832052774	AF-P38398-F1-model_v4.pdb	1768
P38398	1768	C	R	-1.22753279038279	AF-P38398-F1-model_v4.pdb	1768
P38398	1768	C	S	-0.9600796206769572	AF-P38398-F1-model_v4.pdb	1768
P38398	1769	Y	*	-3.39490411129478	AF-P38398-F1-model_v4.pdb	1769
P38398	1769	Y	Y	0.24984485549242	AF-P38398-F1-model_v4.pdb	1769
P38398	1769	Y	*	-2.17809858141866	AF-P38398-F1-model_v4.pdb	1769
P38398	1769	Y	S	-0.4541486265699229	AF-P38398-F1-model_v4.pdb	1769
P38398	1769	Y	D	-1.75469164079008	AF-P38398-F1-model_v4.pdb	1769
P38398	1769	Y	N	-0.1741434118412239	AF-P38398-F1-model_v4.pdb	1769
P38398	1769	Y	C	-0.8481234152340621	AF-P38398-F1-model_v4.pdb	1769
P38398	1769	Y	F	0.22251304940389	AF-P38398-F1-model_v4.pdb	1769
P38398	1770	G	R	-1.26337029729486	AF-P38398-F1-model_v4.pdb	1770
P38398	1770	G	R	-1.4861314110245902	AF-P38398-F1-model_v4.pdb	1770
P38398	1770	G	W	-2.7269790042960502	AF-P38398-F1-model_v4.pdb	1770
P38398	1770	G	E	-0.2418053402376749	AF-P38398-F1-model_v4.pdb	1770
P38398	1770	G	A	0.177727282870971	AF-P38398-F1-model_v4.pdb	1770
P38398	1770	G	V	-2.59802661440298	AF-P38398-F1-model_v4.pdb	1770
P38398	1770	G	G	0.107836351717778	AF-P38398-F1-model_v4.pdb	1770
P38398	1770	G	G	-0.265284053798021	AF-P38398-F1-model_v4.pdb	1770
P38398	1770	G	G	0.18287107035385	AF-P38398-F1-model_v4.pdb	1770
P38398	1771	P	P	0.667129686881808	AF-P38398-F1-model_v4.pdb	1771
P38398	1771	P	T	-0.582526407250707	AF-P38398-F1-model_v4.pdb	1771
P38398	1771	P	A	-0.660597064599592	AF-P38398-F1-model_v4.pdb	1771
P38398	1771	P	S	0.636000093760666	AF-P38398-F1-model_v4.pdb	1771
P38398	1771	P	H	-0.1874156760595139	AF-P38398-F1-model_v4.pdb	1771
P38398	1771	P	R	-0.4721550072749749	AF-P38398-F1-model_v4.pdb	1771
P38398	1771	P	L	-0.708448452085458	AF-P38398-F1-model_v4.pdb	1771
P38398	1771	P	P	-0.172579036031252	AF-P38398-F1-model_v4.pdb	1771
P38398	1771	P	P	-0.4003770674708579	AF-P38398-F1-model_v4.pdb	1771
P38398	1772	F	V	-1.01975228776749	AF-P38398-F1-model_v4.pdb	1772
P38398	1772	F	F	-0.391263301347585	AF-P38398-F1-model_v4.pdb	1772
P38398	1772	F	L	-0.6816833779322471	AF-P38398-F1-model_v4.pdb	1772
P38398	1772	F	Y	0.0528637204763113	AF-P38398-F1-model_v4.pdb	1772
P38398	1772	F	L	0.0181704028809614	AF-P38398-F1-model_v4.pdb	1772
P38398	1772	F	S	-0.104820760430005	AF-P38398-F1-model_v4.pdb	1772
P38398	1772	F	C	-0.318746863121226	AF-P38398-F1-model_v4.pdb	1772
P38398	1772	F	I	-0.203447138190926	AF-P38398-F1-model_v4.pdb	1772
P38398	1773	T	N	-0.507254588677644	AF-P38398-F1-model_v4.pdb	1773
P38398	1773	T	T	-0.4764909341815089	AF-P38398-F1-model_v4.pdb	1773
P38398	1773	T	T	0.2400105044898719	AF-P38398-F1-model_v4.pdb	1773
P38398	1773	T	P	-0.067303491955124	AF-P38398-F1-model_v4.pdb	1773
P38398	1773	T	A	-0.9864902930995868	AF-P38398-F1-model_v4.pdb	1773
P38398	1773	T	S	0.394609623070237	AF-P38398-F1-model_v4.pdb	1773
P38398	1773	T	S	-0.7854102718708851	AF-P38398-F1-model_v4.pdb	1773
P38398	1773	T	I	0.200455715036385	AF-P38398-F1-model_v4.pdb	1773
P38398	1773	T	T	0.0015894311006384	AF-P38398-F1-model_v4.pdb	1773
P38398	1774	N	S	-0.108641712088229	AF-P38398-F1-model_v4.pdb	1774
P38398	1774	N	T	0.0032802307167752	AF-P38398-F1-model_v4.pdb	1774
P38398	1774	N	N	-0.5017094355517839	AF-P38398-F1-model_v4.pdb	1774
P38398	1774	N	I	-0.143580171930243	AF-P38398-F1-model_v4.pdb	1774
P38398	1774	N	K	-0.0255105890039917	AF-P38398-F1-model_v4.pdb	1774
P38398	1774	N	K	-0.0160304513345875	AF-P38398-F1-model_v4.pdb	1774
P38398	1774	N	Y	-0.0450667494950961	AF-P38398-F1-model_v4.pdb	1774
P38398	1774	N	H	0.136919874414982	AF-P38398-F1-model_v4.pdb	1774
P38398	1774	N	D	0.0667323376042325	AF-P38398-F1-model_v4.pdb	1774
P38398	1775	M	L	0.159622888299092	AF-P38398-F1-model_v4.pdb	1775
P38398	1775	M	V	-1.5220423015055502	AF-P38398-F1-model_v4.pdb	1775
P38398	1775	M	L	0.0926336793468094	AF-P38398-F1-model_v4.pdb	1775
P38398	1775	M	K	-1.83186236584358	AF-P38398-F1-model_v4.pdb	1775
P38398	1775	M	T	-0.703426201074615	AF-P38398-F1-model_v4.pdb	1775
P38398	1775	M	R	-1.39263844476786	AF-P38398-F1-model_v4.pdb	1775
P38398	1775	M	I	-0.299537464070136	AF-P38398-F1-model_v4.pdb	1775
P38398	1775	M	I	-1.03339957743026	AF-P38398-F1-model_v4.pdb	1775
P38398	1775	M	I	-0.844174268411832	AF-P38398-F1-model_v4.pdb	1775
P38398	1776	P	H	0.332097384608235	AF-P38398-F1-model_v4.pdb	1776
P38398	1776	P	P	-0.56775260589364	AF-P38398-F1-model_v4.pdb	1776
P38398	1776	P	P	0.3057995658431939	AF-P38398-F1-model_v4.pdb	1776
P38398	1776	P	P	-0.640079764971539	AF-P38398-F1-model_v4.pdb	1776
P38398	1776	P	L	-0.3653633122149721	AF-P38398-F1-model_v4.pdb	1776
P38398	1776	P	R	-0.0777552646360438	AF-P38398-F1-model_v4.pdb	1776
P38398	1776	P	S	-0.463819845410984	AF-P38398-F1-model_v4.pdb	1776
P38398	1776	P	A	-0.297481909996896	AF-P38398-F1-model_v4.pdb	1776
P38398	1776	P	T	-0.151370594978487	AF-P38398-F1-model_v4.pdb	1776
P38398	1777	T	P	0.0914192095487446	AF-P38398-F1-model_v4.pdb	1777
P38398	1777	T	A	0.1154346241383039	AF-P38398-F1-model_v4.pdb	1777
P38398	1777	T	S	-0.0170110028106307	AF-P38398-F1-model_v4.pdb	1777
P38398	1777	T	K	-0.230527311497293	AF-P38398-F1-model_v4.pdb	1777
P38398	1777	T	R	-0.25998476982797	AF-P38398-F1-model_v4.pdb	1777
P38398	1777	T	I	-0.4534450161903389	AF-P38398-F1-model_v4.pdb	1777
P38398	1777	T	T	0.600079459902136	AF-P38398-F1-model_v4.pdb	1777
P38398	1777	T	T	-0.231539314770227	AF-P38398-F1-model_v4.pdb	1777
P38398	1777	T	T	0.1730907977634969	AF-P38398-F1-model_v4.pdb	1777
P38398	1778	D	A	0.0479717100761646	AF-P38398-F1-model_v4.pdb	1778
P38398	1778	D	G	-0.0931977965380277	AF-P38398-F1-model_v4.pdb	1778
P38398	1778	D	V	0.0108527643226936	AF-P38398-F1-model_v4.pdb	1778
P38398	1778	D	D	-0.26016954677242	AF-P38398-F1-model_v4.pdb	1778
P38398	1778	D	E	-0.20823704088306	AF-P38398-F1-model_v4.pdb	1778
P38398	1778	D	N	-1.0179504835575102	AF-P38398-F1-model_v4.pdb	1778
P38398	1778	D	E	0.0728414637533551	AF-P38398-F1-model_v4.pdb	1778
P38398	1778	D	Y	-1.05268035266478	AF-P38398-F1-model_v4.pdb	1778
P38398	1779	Q	K	0.174697663649451	AF-P38398-F1-model_v4.pdb	1779
P38398	1779	Q	E	-0.201378826174088	AF-P38398-F1-model_v4.pdb	1779
P38398	1779	Q	*	-2.47967527520024	AF-P38398-F1-model_v4.pdb	1779
P38398	1779	Q	P	-0.5975038476005141	AF-P38398-F1-model_v4.pdb	1779
P38398	1779	Q	R	-0.0827082122920327	AF-P38398-F1-model_v4.pdb	1779
P38398	1779	Q	L	0.0819590983078264	AF-P38398-F1-model_v4.pdb	1779
P38398	1779	Q	H	0.102366918162689	AF-P38398-F1-model_v4.pdb	1779
P38398	1779	Q	Q	0.362753046878947	AF-P38398-F1-model_v4.pdb	1779
P38398	1779	Q	H	0.3818863388448359	AF-P38398-F1-model_v4.pdb	1779
P38398	1780	L	P	-2.35494389501738	AF-P38398-F1-model_v4.pdb	1780
P38398	1780	L	V	-0.6909530416435962	AF-P38398-F1-model_v4.pdb	1780
P38398	1780	L	R	-1.98265374549964	AF-P38398-F1-model_v4.pdb	1780
P38398	1781	E	K	0.1223307037461699	AF-P38398-F1-model_v4.pdb	1781
P38398	1781	E	Q	0.192824553562926	AF-P38398-F1-model_v4.pdb	1781
P38398	1781	E	*	-1.61962076935611	AF-P38398-F1-model_v4.pdb	1781
P38398	1781	E	A	0.400263043235692	AF-P38398-F1-model_v4.pdb	1781
P38398	1781	E	V	0.205498426858397	AF-P38398-F1-model_v4.pdb	1781
P38398	1781	E	D	0.150240979150035	AF-P38398-F1-model_v4.pdb	1781
P38398	1781	E	E	0.320884870419351	AF-P38398-F1-model_v4.pdb	1781
P38398	1781	E	D	0.0691358948966604	AF-P38398-F1-model_v4.pdb	1781
P38398	1782	W	C	-0.0381111812813275	AF-P38398-F1-model_v4.pdb	1782
P38398	1782	W	C	-0.17742550575048	AF-P38398-F1-model_v4.pdb	1782
P38398	1782	W	*	-2.81319864574004	AF-P38398-F1-model_v4.pdb	1782
P38398	1782	W	R	-0.0010462796155229	AF-P38398-F1-model_v4.pdb	1782
P38398	1782	W	*	-2.1074562156672	AF-P38398-F1-model_v4.pdb	1782
P38398	1782	W	R	0.301775217364129	AF-P38398-F1-model_v4.pdb	1782
P38398	1782	W	L	0.0038865880490369	AF-P38398-F1-model_v4.pdb	1782
P38398	1782	W	S	0.180529842763142	AF-P38398-F1-model_v4.pdb	1782
P38398	1782	W	G	0.005755387694059	AF-P38398-F1-model_v4.pdb	1782
P38398	1783	M	T	-0.442333511040748	AF-P38398-F1-model_v4.pdb	1783
P38398	1783	M	L	0.0424732913758367	AF-P38398-F1-model_v4.pdb	1783
P38398	1783	M	V	-0.114052490451158	AF-P38398-F1-model_v4.pdb	1783
P38398	1783	M	L	0.13337933326075	AF-P38398-F1-model_v4.pdb	1783
P38398	1783	M	R	-2.11365295533474	AF-P38398-F1-model_v4.pdb	1783
P38398	1783	M	I	0.214041727107737	AF-P38398-F1-model_v4.pdb	1783
P38398	1783	M	I	-0.238648890470428	AF-P38398-F1-model_v4.pdb	1783
P38398	1783	M	I	-0.14570390441998	AF-P38398-F1-model_v4.pdb	1783
P38398	1783	M	K	-1.5123368190259998	AF-P38398-F1-model_v4.pdb	1783
P38398	1784	V	I	-0.0522352088267999	AF-P38398-F1-model_v4.pdb	1784
P38398	1784	V	L	0.0646624586213577	AF-P38398-F1-model_v4.pdb	1784
P38398	1784	V	L	-0.18648893535765	AF-P38398-F1-model_v4.pdb	1784
P38398	1784	V	E	-2.0827200162814	AF-P38398-F1-model_v4.pdb	1784
P38398	1784	V	G	-0.4821475052192129	AF-P38398-F1-model_v4.pdb	1784
P38398	1784	V	V	-0.0265484284790486	AF-P38398-F1-model_v4.pdb	1784
P38398	1784	V	A	0.2883458312288369	AF-P38398-F1-model_v4.pdb	1784
P38398	1784	V	V	0.5380743418504099	AF-P38398-F1-model_v4.pdb	1784
P38398	1784	V	V	-0.0263170140682868	AF-P38398-F1-model_v4.pdb	1784
P38398	1785	Q	K	-0.2834003045299519	AF-P38398-F1-model_v4.pdb	1785
P38398	1785	Q	E	0.269408296524204	AF-P38398-F1-model_v4.pdb	1785
P38398	1785	Q	*	-1.62290738466627	AF-P38398-F1-model_v4.pdb	1785
P38398	1785	Q	P	-1.5255604320955	AF-P38398-F1-model_v4.pdb	1785
P38398	1785	Q	R	0.103971130279797	AF-P38398-F1-model_v4.pdb	1785
P38398	1785	Q	L	0.0647997066724299	AF-P38398-F1-model_v4.pdb	1785
P38398	1785	Q	Q	0.0784180344339319	AF-P38398-F1-model_v4.pdb	1785
P38398	1785	Q	H	0.322514084293061	AF-P38398-F1-model_v4.pdb	1785
P38398	1785	Q	H	-0.357940749529229	AF-P38398-F1-model_v4.pdb	1785
P38398	1786	L	P	-1.5215105456200302	AF-P38398-F1-model_v4.pdb	1786
P38398	1786	L	R	-0.151024584442163	AF-P38398-F1-model_v4.pdb	1786
P38398	1786	L	L	0.150391968364462	AF-P38398-F1-model_v4.pdb	1786
P38398	1786	L	L	-0.0314855440941615	AF-P38398-F1-model_v4.pdb	1786
P38398	1786	L	L	-0.146479584587786	AF-P38398-F1-model_v4.pdb	1786
P38398	1786	L	Q	-0.2009299013284339	AF-P38398-F1-model_v4.pdb	1786
P38398	1786	L	V	-0.1965479152903189	AF-P38398-F1-model_v4.pdb	1786
P38398	1786	L	L	0.160631280794563	AF-P38398-F1-model_v4.pdb	1786
P38398	1786	L	M	-0.1774106169673699	AF-P38398-F1-model_v4.pdb	1786
P38398	1787	C	R	-1.92561847816988	AF-P38398-F1-model_v4.pdb	1787
P38398	1787	C	G	0.158224375208038	AF-P38398-F1-model_v4.pdb	1787
P38398	1787	C	Y	-1.75624865950192	AF-P38398-F1-model_v4.pdb	1787
P38398	1787	C	S	-0.309405568264593	AF-P38398-F1-model_v4.pdb	1787
P38398	1787	C	F	-0.299372080620328	AF-P38398-F1-model_v4.pdb	1787
P38398	1787	C	*	-1.7550700415573002	AF-P38398-F1-model_v4.pdb	1787
P38398	1787	C	C	0.149741365309759	AF-P38398-F1-model_v4.pdb	1787
P38398	1787	C	W	-1.95535837760952	AF-P38398-F1-model_v4.pdb	1787
P38398	1787	C	S	0.0694597491461825	AF-P38398-F1-model_v4.pdb	1787
P38398	1788	G	R	-2.18578715534141	AF-P38398-F1-model_v4.pdb	1788
P38398	1788	G	C	-1.88570416514307	AF-P38398-F1-model_v4.pdb	1788
P38398	1788	G	D	-0.693108211684985	AF-P38398-F1-model_v4.pdb	1788
P38398	1788	G	A	-1.4121316967671498	AF-P38398-F1-model_v4.pdb	1788
P38398	1788	G	V	-1.67971518079398	AF-P38398-F1-model_v4.pdb	1788
P38398	1788	G	G	0.25628170158869	AF-P38398-F1-model_v4.pdb	1788
P38398	1788	G	G	0.0559480474136519	AF-P38398-F1-model_v4.pdb	1788
P38398	1788	G	G	-0.0460176718875618	AF-P38398-F1-model_v4.pdb	1788
P38398	1788	G	S	-1.35252332130451	AF-P38398-F1-model_v4.pdb	1788
P38398	1789	A	T	-2.13900446359407	AF-P38398-F1-model_v4.pdb	1789
P38398	1789	A	P	-1.67132779442868	AF-P38398-F1-model_v4.pdb	1789
P38398	1789	A	S	-0.439408021397876	AF-P38398-F1-model_v4.pdb	1789
P38398	1789	A	G	-0.1610957340931409	AF-P38398-F1-model_v4.pdb	1789
P38398	1789	A	A	0.186804513870578	AF-P38398-F1-model_v4.pdb	1789
P38398	1789	A	A	0.0385615561256449	AF-P38398-F1-model_v4.pdb	1789
P38398	1789	A	V	-1.99955294338856	AF-P38398-F1-model_v4.pdb	1789
P38398	1789	A	A	-0.0053099751216397	AF-P38398-F1-model_v4.pdb	1789
P38398	1789	A	D	-2.49789791552294	AF-P38398-F1-model_v4.pdb	1789
P38398	1790	S	S	0.0203886429398427	AF-P38398-F1-model_v4.pdb	1790
P38398	1790	S	T	0.1676730997549179	AF-P38398-F1-model_v4.pdb	1790
P38398	1790	S	P	-0.545062213705706	AF-P38398-F1-model_v4.pdb	1790
P38398	1790	S	A	0.250685590082046	AF-P38398-F1-model_v4.pdb	1790
P38398	1790	S	S	0.116292496196534	AF-P38398-F1-model_v4.pdb	1790
P38398	1790	S	S	-0.0906434546423159	AF-P38398-F1-model_v4.pdb	1790
P38398	1790	S	Y	-0.3513893239003089	AF-P38398-F1-model_v4.pdb	1790
P38398	1790	S	F	-0.243343660438374	AF-P38398-F1-model_v4.pdb	1790
P38398	1790	S	C	0.159635608115002	AF-P38398-F1-model_v4.pdb	1790
P38398	1791	V	V	0.27743967754371	AF-P38398-F1-model_v4.pdb	1791
P38398	1791	V	M	-0.252402919340413	AF-P38398-F1-model_v4.pdb	1791
P38398	1791	V	L	-0.102589136564514	AF-P38398-F1-model_v4.pdb	1791
P38398	1791	V	L	0.0372197539809666	AF-P38398-F1-model_v4.pdb	1791
P38398	1791	V	E	-1.18900378766452	AF-P38398-F1-model_v4.pdb	1791
P38398	1791	V	A	0.185419112883371	AF-P38398-F1-model_v4.pdb	1791
P38398	1791	V	G	-0.6542998429020551	AF-P38398-F1-model_v4.pdb	1791
P38398	1791	V	V	0.252161816435646	AF-P38398-F1-model_v4.pdb	1791
P38398	1791	V	V	-0.208536721264177	AF-P38398-F1-model_v4.pdb	1791
P38398	1792	V	M	-0.136814696599983	AF-P38398-F1-model_v4.pdb	1792
P38398	1792	V	A	0.2902765015392169	AF-P38398-F1-model_v4.pdb	1792
P38398	1792	V	L	0.0892212992989589	AF-P38398-F1-model_v4.pdb	1792
P38398	1792	V	G	-0.585138825147941	AF-P38398-F1-model_v4.pdb	1792
P38398	1792	V	L	-0.323216046739691	AF-P38398-F1-model_v4.pdb	1792
P38398	1792	V	V	0.121408549265363	AF-P38398-F1-model_v4.pdb	1792
P38398	1792	V	V	-0.286496849221273	AF-P38398-F1-model_v4.pdb	1792
P38398	1792	V	V	-0.266690967111432	AF-P38398-F1-model_v4.pdb	1792
P38398	1792	V	E	-1.0339054301172	AF-P38398-F1-model_v4.pdb	1792
P38398	1793	K	Q	0.190832525180751	AF-P38398-F1-model_v4.pdb	1793
P38398	1793	K	E	0.140358150458954	AF-P38398-F1-model_v4.pdb	1793
P38398	1793	K	*	-1.68212999394174	AF-P38398-F1-model_v4.pdb	1793
P38398	1793	K	T	0.304856630864488	AF-P38398-F1-model_v4.pdb	1793
P38398	1793	K	R	0.472239647341756	AF-P38398-F1-model_v4.pdb	1793
P38398	1793	K	K	-0.0183786170833556	AF-P38398-F1-model_v4.pdb	1793
P38398	1793	K	N	-0.0941571679964586	AF-P38398-F1-model_v4.pdb	1793
P38398	1793	K	N	-0.876197532692981	AF-P38398-F1-model_v4.pdb	1793
P38398	1793	K	M	-0.3502824628917589	AF-P38398-F1-model_v4.pdb	1793
P38398	1794	E	K	-0.191608108551811	AF-P38398-F1-model_v4.pdb	1794
P38398	1794	E	Q	0.0884711697837991	AF-P38398-F1-model_v4.pdb	1794
P38398	1794	E	*	-1.89985330876262	AF-P38398-F1-model_v4.pdb	1794
P38398	1794	E	A	0.133261067224365	AF-P38398-F1-model_v4.pdb	1794
P38398	1794	E	G	0.4945250471576389	AF-P38398-F1-model_v4.pdb	1794
P38398	1794	E	V	-0.277387579228496	AF-P38398-F1-model_v4.pdb	1794
P38398	1794	E	D	-0.324753024351241	AF-P38398-F1-model_v4.pdb	1794
P38398	1794	E	D	-0.0815950186402554	AF-P38398-F1-model_v4.pdb	1794
P38398	1794	E	E	-0.139960541419263	AF-P38398-F1-model_v4.pdb	1794
P38398	1795	L	P	0.185247953652887	AF-P38398-F1-model_v4.pdb	1795
P38398	1795	L	V	-0.0497304980816789	AF-P38398-F1-model_v4.pdb	1795
P38398	1795	L	F	0.193792114752982	AF-P38398-F1-model_v4.pdb	1795
P38398	1795	L	H	-0.161827929847202	AF-P38398-F1-model_v4.pdb	1795
P38398	1795	L	R	0.0327626382503446	AF-P38398-F1-model_v4.pdb	1795
P38398	1795	L	L	-0.0819982878013457	AF-P38398-F1-model_v4.pdb	1795
P38398	1795	L	L	0.0146313992962136	AF-P38398-F1-model_v4.pdb	1795
P38398	1795	L	L	0.263766498253102	AF-P38398-F1-model_v4.pdb	1795
P38398	1795	L	I	-0.370652929013699	AF-P38398-F1-model_v4.pdb	1795
P38398	1796	S	S	-0.23606958414134	AF-P38398-F1-model_v4.pdb	1796
P38398	1796	S	S	-0.281415025719808	AF-P38398-F1-model_v4.pdb	1796
P38398	1796	S	S	0.216087834816867	AF-P38398-F1-model_v4.pdb	1796
P38398	1796	S	T	-0.131191208390193	AF-P38398-F1-model_v4.pdb	1796
P38398	1796	S	L	-0.7835870171002098	AF-P38398-F1-model_v4.pdb	1796
P38398	1796	S	*	-2.44266456822478	AF-P38398-F1-model_v4.pdb	1796
P38398	1796	S	*	-3.2131773468524503	AF-P38398-F1-model_v4.pdb	1796
P38398	1796	S	A	-0.0612245229886579	AF-P38398-F1-model_v4.pdb	1796
P38398	1796	S	P	-0.158763871414765	AF-P38398-F1-model_v4.pdb	1796
P38398	1797	S	*	-2.51527953598369	AF-P38398-F1-model_v4.pdb	1797
P38398	1797	S	*	-2.11762035319046	AF-P38398-F1-model_v4.pdb	1797
P38398	1797	S	A	0.132073995505377	AF-P38398-F1-model_v4.pdb	1797
P38398	1797	S	S	0.13210564418968	AF-P38398-F1-model_v4.pdb	1797
P38398	1797	S	T	-0.126059917510523	AF-P38398-F1-model_v4.pdb	1797
P38398	1797	S	S	0.0619342509747516	AF-P38398-F1-model_v4.pdb	1797
P38398	1797	S	P	0.0394864670509823	AF-P38398-F1-model_v4.pdb	1797
P38398	1797	S	L	-0.0936897989799215	AF-P38398-F1-model_v4.pdb	1797
P38398	1797	S	S	-0.147882567306313	AF-P38398-F1-model_v4.pdb	1797
P38398	1798	F	I	-0.202967369744968	AF-P38398-F1-model_v4.pdb	1798
P38398	1798	F	L	0.0855003195549869	AF-P38398-F1-model_v4.pdb	1798
P38398	1798	F	V	-0.209132542877285	AF-P38398-F1-model_v4.pdb	1798
P38398	1798	F	Y	-0.01276580343985	AF-P38398-F1-model_v4.pdb	1798
P38398	1798	F	S	0.109082853168178	AF-P38398-F1-model_v4.pdb	1798
P38398	1798	F	C	-0.0452733425154589	AF-P38398-F1-model_v4.pdb	1798
P38398	1798	F	L	-0.398617695553226	AF-P38398-F1-model_v4.pdb	1798
P38398	1798	F	L	0.0619887473399611	AF-P38398-F1-model_v4.pdb	1798
P38398	1798	F	F	-0.176393722554746	AF-P38398-F1-model_v4.pdb	1798
P38398	1799	T	P	0.0695131900652219	AF-P38398-F1-model_v4.pdb	1799
P38398	1799	T	A	0.197311230451047	AF-P38398-F1-model_v4.pdb	1799
P38398	1799	T	N	-0.281580311872448	AF-P38398-F1-model_v4.pdb	1799
P38398	1799	T	S	0.262206100343005	AF-P38398-F1-model_v4.pdb	1799
P38398	1799	T	S	0.125790879107877	AF-P38398-F1-model_v4.pdb	1799
P38398	1799	T	I	0.0560736391656419	AF-P38398-F1-model_v4.pdb	1799
P38398	1799	T	T	-0.141839883546775	AF-P38398-F1-model_v4.pdb	1799
P38398	1799	T	T	-0.0216323304414379	AF-P38398-F1-model_v4.pdb	1799
P38398	1799	T	T	0.226322779507549	AF-P38398-F1-model_v4.pdb	1799
P38398	1800	L	L	-0.482915117565883	AF-P38398-F1-model_v4.pdb	1800
P38398	1800	L	L	0.137595280735211	AF-P38398-F1-model_v4.pdb	1800
P38398	1800	L	V	-0.13627949259987	AF-P38398-F1-model_v4.pdb	1800
P38398	1800	L	F	-0.0547760040777577	AF-P38398-F1-model_v4.pdb	1800
P38398	1800	L	H	0.163739165110723	AF-P38398-F1-model_v4.pdb	1800
P38398	1800	L	P	0.171427448557989	AF-P38398-F1-model_v4.pdb	1800
P38398	1800	L	L	0.0249216122095287	AF-P38398-F1-model_v4.pdb	1800
P38398	1800	L	R	0.0201724922153654	AF-P38398-F1-model_v4.pdb	1800
P38398	1800	L	I	-0.0004042250826062	AF-P38398-F1-model_v4.pdb	1800
P38398	1801	G	S	0.0929733933226665	AF-P38398-F1-model_v4.pdb	1801
P38398	1801	G	G	0.186084566746642	AF-P38398-F1-model_v4.pdb	1801
P38398	1801	G	G	-0.129638009011805	AF-P38398-F1-model_v4.pdb	1801
P38398	1801	G	G	-0.0072693352941124	AF-P38398-F1-model_v4.pdb	1801
P38398	1801	G	V	0.265168854969305	AF-P38398-F1-model_v4.pdb	1801
P38398	1801	G	A	0.0077404762286423	AF-P38398-F1-model_v4.pdb	1801
P38398	1801	G	D	0.0429557735595169	AF-P38398-F1-model_v4.pdb	1801
P38398	1801	G	C	-0.127259499587978	AF-P38398-F1-model_v4.pdb	1801
P38398	1801	G	R	-0.261908995635857	AF-P38398-F1-model_v4.pdb	1801
P38398	1802	T	R	-0.060562918187704	AF-P38398-F1-model_v4.pdb	1802
P38398	1802	T	K	-0.3547821465549329	AF-P38398-F1-model_v4.pdb	1802
P38398	1802	T	S	0.0748657246484658	AF-P38398-F1-model_v4.pdb	1802
P38398	1802	T	A	0.0459927057873582	AF-P38398-F1-model_v4.pdb	1802
P38398	1802	T	P	0.305814752810961	AF-P38398-F1-model_v4.pdb	1802
P38398	1802	T	T	-0.6108734674697989	AF-P38398-F1-model_v4.pdb	1802
P38398	1802	T	T	0.162007829151227	AF-P38398-F1-model_v4.pdb	1802
P38398	1802	T	T	-0.18437850995376	AF-P38398-F1-model_v4.pdb	1802
P38398	1802	T	I	0.183191305472956	AF-P38398-F1-model_v4.pdb	1802
P38398	1803	G	S	-0.320508703475903	AF-P38398-F1-model_v4.pdb	1803
P38398	1803	G	G	0.0773558129758903	AF-P38398-F1-model_v4.pdb	1803
P38398	1803	G	G	0.0303700158748514	AF-P38398-F1-model_v4.pdb	1803
P38398	1803	G	G	0.116030430149339	AF-P38398-F1-model_v4.pdb	1803
P38398	1803	G	V	-0.349508563263171	AF-P38398-F1-model_v4.pdb	1803
P38398	1803	G	A	0.0151078043175211	AF-P38398-F1-model_v4.pdb	1803
P38398	1803	G	D	-1.07093036779495	AF-P38398-F1-model_v4.pdb	1803
P38398	1803	G	C	0.309842650307981	AF-P38398-F1-model_v4.pdb	1803
P38398	1803	G	R	0.104268267938043	AF-P38398-F1-model_v4.pdb	1803
P38398	1804	V	V	-0.601048325168998	AF-P38398-F1-model_v4.pdb	1804
P38398	1804	V	V	0.040277842360585	AF-P38398-F1-model_v4.pdb	1804
P38398	1804	V	V	0.455129914467093	AF-P38398-F1-model_v4.pdb	1804
P38398	1804	V	G	-0.697272170920749	AF-P38398-F1-model_v4.pdb	1804
P38398	1804	V	D	0.429372531464068	AF-P38398-F1-model_v4.pdb	1804
P38398	1804	V	I	0.0581484754151494	AF-P38398-F1-model_v4.pdb	1804
P38398	1804	V	A	0.0815834702117477	AF-P38398-F1-model_v4.pdb	1804
P38398	1804	V	F	0.5567598216113261	AF-P38398-F1-model_v4.pdb	1804
P38398	1804	V	L	-0.580450234524992	AF-P38398-F1-model_v4.pdb	1804
P38398	1805	H	N	0.140889196289081	AF-P38398-F1-model_v4.pdb	1805
P38398	1805	H	D	0.211689664596731	AF-P38398-F1-model_v4.pdb	1805
P38398	1805	H	Y	0.198364116512171	AF-P38398-F1-model_v4.pdb	1805
P38398	1805	H	R	-0.0100644573327441	AF-P38398-F1-model_v4.pdb	1805
P38398	1805	H	L	0.276406041152877	AF-P38398-F1-model_v4.pdb	1805
P38398	1805	H	Q	-0.2913238092429099	AF-P38398-F1-model_v4.pdb	1805
P38398	1805	H	Q	-0.109804786913623	AF-P38398-F1-model_v4.pdb	1805
P38398	1805	H	H	0.213177011177558	AF-P38398-F1-model_v4.pdb	1805
P38398	1805	H	P	-0.0838730473504482	AF-P38398-F1-model_v4.pdb	1805
P38398	1806	P	P	0.332185979688528	AF-P38398-F1-model_v4.pdb	1806
P38398	1806	P	L	-0.20381749392313	AF-P38398-F1-model_v4.pdb	1806
P38398	1806	P	P	-0.0890474031569899	AF-P38398-F1-model_v4.pdb	1806
P38398	1806	P	P	0.122787189815673	AF-P38398-F1-model_v4.pdb	1806
P38398	1806	P	Q	0.0738415973464122	AF-P38398-F1-model_v4.pdb	1806
P38398	1806	P	S	0.477544138223875	AF-P38398-F1-model_v4.pdb	1806
P38398	1806	P	A	0.0981067115118336	AF-P38398-F1-model_v4.pdb	1806
P38398	1806	P	T	-0.30418704230611	AF-P38398-F1-model_v4.pdb	1806
P38398	1806	P	R	0.1608574153161309	AF-P38398-F1-model_v4.pdb	1806
P38398	1807	I	N	-1.74149703360338	AF-P38398-F1-model_v4.pdb	1807
P38398	1807	I	L	0.177009280841274	AF-P38398-F1-model_v4.pdb	1807
P38398	1807	I	M	0.165225198661028	AF-P38398-F1-model_v4.pdb	1807
P38398	1807	I	V	0.1615898368904559	AF-P38398-F1-model_v4.pdb	1807
P38398	1807	I	I	-0.4281610820410689	AF-P38398-F1-model_v4.pdb	1807
P38398	1807	I	I	-0.375639698163221	AF-P38398-F1-model_v4.pdb	1807
P38398	1807	I	S	-1.93277430656549	AF-P38398-F1-model_v4.pdb	1807
P38398	1807	I	T	-0.260029673632726	AF-P38398-F1-model_v4.pdb	1807
P38398	1807	I	F	-1.12507013556553	AF-P38398-F1-model_v4.pdb	1807
P38398	1808	V	G	-1.93008814099227	AF-P38398-F1-model_v4.pdb	1808
P38398	1808	V	A	-0.7988192254043821	AF-P38398-F1-model_v4.pdb	1808
P38398	1808	V	L	-0.227223408961075	AF-P38398-F1-model_v4.pdb	1808
P38398	1809	V	D	-1.35490391827617	AF-P38398-F1-model_v4.pdb	1809
P38398	1809	V	I	-0.216144901410392	AF-P38398-F1-model_v4.pdb	1809
P38398	1809	V	A	-1.64995829623803	AF-P38398-F1-model_v4.pdb	1809
P38398	1809	V	V	-0.307997887176628	AF-P38398-F1-model_v4.pdb	1809
P38398	1809	V	V	0.149097538786792	AF-P38398-F1-model_v4.pdb	1809
P38398	1809	V	V	0.547412873058203	AF-P38398-F1-model_v4.pdb	1809
P38398	1810	V	V	-0.7416667778445071	AF-P38398-F1-model_v4.pdb	1810
P38398	1810	V	V	-2.81771291125752	AF-P38398-F1-model_v4.pdb	1810
P38398	1810	V	V	0.5335111136508389	AF-P38398-F1-model_v4.pdb	1810
P38398	1810	V	G	-3.37388079968849	AF-P38398-F1-model_v4.pdb	1810
P38398	1810	V	A	-0.0362606384097366	AF-P38398-F1-model_v4.pdb	1810
P38398	1810	V	L	-0.121348500278939	AF-P38398-F1-model_v4.pdb	1810
P38398	1810	V	L	-0.135301414304995	AF-P38398-F1-model_v4.pdb	1810
P38398	1810	V	M	-0.4777578206342479	AF-P38398-F1-model_v4.pdb	1810
P38398	1810	V	E	-1.5636406785235302	AF-P38398-F1-model_v4.pdb	1810
P38398	1811	Q	L	-3.4201581467860604	AF-P38398-F1-model_v4.pdb	1811
P38398	1811	Q	H	-0.2658031841562639	AF-P38398-F1-model_v4.pdb	1811
P38398	1811	Q	Q	0.123846216752144	AF-P38398-F1-model_v4.pdb	1811
P38398	1811	Q	R	-1.71150218576215	AF-P38398-F1-model_v4.pdb	1811
P38398	1811	Q	H	-0.7477769592583521	AF-P38398-F1-model_v4.pdb	1811
P38398	1811	Q	*	-1.2578347807606	AF-P38398-F1-model_v4.pdb	1811
P38398	1811	Q	E	-0.0765758519640052	AF-P38398-F1-model_v4.pdb	1811
P38398	1811	Q	K	-2.06191114250477	AF-P38398-F1-model_v4.pdb	1811
P38398	1811	Q	P	-1.9469015080516296	AF-P38398-F1-model_v4.pdb	1811
P38398	1812	P	P	-0.224430655789883	AF-P38398-F1-model_v4.pdb	1812
P38398	1812	P	P	0.0362468735692044	AF-P38398-F1-model_v4.pdb	1812
P38398	1812	P	L	-0.765334600703459	AF-P38398-F1-model_v4.pdb	1812
P38398	1812	P	R	0.261310921067065	AF-P38398-F1-model_v4.pdb	1812
P38398	1812	P	P	0.186991589730266	AF-P38398-F1-model_v4.pdb	1812
P38398	1812	P	S	-0.326462941050817	AF-P38398-F1-model_v4.pdb	1812
P38398	1812	P	A	-2.75730524006307	AF-P38398-F1-model_v4.pdb	1812
P38398	1812	P	T	-0.0747085351851316	AF-P38398-F1-model_v4.pdb	1812
P38398	1812	P	Q	-0.8791122879193699	AF-P38398-F1-model_v4.pdb	1812
P38398	1813	D	E	-0.202936110123185	AF-P38398-F1-model_v4.pdb	1813
P38398	1813	D	D	0.0723609820404624	AF-P38398-F1-model_v4.pdb	1813
P38398	1813	D	E	-0.1232690418971349	AF-P38398-F1-model_v4.pdb	1813
P38398	1813	D	V	-0.1805607161148019	AF-P38398-F1-model_v4.pdb	1813
P38398	1813	D	G	0.2103411595344569	AF-P38398-F1-model_v4.pdb	1813
P38398	1813	D	A	0.0252273320146534	AF-P38398-F1-model_v4.pdb	1813
P38398	1813	D	H	-0.981230415384132	AF-P38398-F1-model_v4.pdb	1813
P38398	1813	D	N	-0.142261663939848	AF-P38398-F1-model_v4.pdb	1813
P38398	1813	D	Y	-1.31630485647323	AF-P38398-F1-model_v4.pdb	1813
P38398	1814	A	A	-0.1866589395751519	AF-P38398-F1-model_v4.pdb	1814
P38398	1814	A	A	0.624965266441664	AF-P38398-F1-model_v4.pdb	1814
P38398	1814	A	A	-0.653707677962266	AF-P38398-F1-model_v4.pdb	1814
P38398	1814	A	G	-1.37729254003792	AF-P38398-F1-model_v4.pdb	1814
P38398	1814	A	V	-0.3599484716751029	AF-P38398-F1-model_v4.pdb	1814
P38398	1814	A	S	-0.6710847073637181	AF-P38398-F1-model_v4.pdb	1814
P38398	1814	A	D	-1.25491240157845	AF-P38398-F1-model_v4.pdb	1814
P38398	1814	A	P	-0.846765221867354	AF-P38398-F1-model_v4.pdb	1814
P38398	1814	A	T	-0.1807162981010799	AF-P38398-F1-model_v4.pdb	1814
P38398	1815	W	C	-4.591698941323781	AF-P38398-F1-model_v4.pdb	1815
P38398	1815	W	*	-2.73431474337157	AF-P38398-F1-model_v4.pdb	1815
P38398	1815	W	L	0.0358900469836761	AF-P38398-F1-model_v4.pdb	1815
P38398	1815	W	S	-1.54969753079545	AF-P38398-F1-model_v4.pdb	1815
P38398	1815	W	C	-1.66682003220817	AF-P38398-F1-model_v4.pdb	1815
P38398	1815	W	G	-0.624105914918508	AF-P38398-F1-model_v4.pdb	1815
P38398	1815	W	R	-0.3651404980781489	AF-P38398-F1-model_v4.pdb	1815
P38398	1815	W	R	-0.6029172769190849	AF-P38398-F1-model_v4.pdb	1815
P38398	1815	W	*	-1.58448902074217	AF-P38398-F1-model_v4.pdb	1815
P38398	1816	T	T	0.0965304435751904	AF-P38398-F1-model_v4.pdb	1816
P38398	1816	T	T	0.8598856626600111	AF-P38398-F1-model_v4.pdb	1816
P38398	1816	T	T	0.0013243533077325	AF-P38398-F1-model_v4.pdb	1816
P38398	1816	T	I	0.0184447863829869	AF-P38398-F1-model_v4.pdb	1816
P38398	1816	T	R	0.0848726002519976	AF-P38398-F1-model_v4.pdb	1816
P38398	1816	T	K	-0.5050953379937101	AF-P38398-F1-model_v4.pdb	1816
P38398	1816	T	A	-0.0937200312476537	AF-P38398-F1-model_v4.pdb	1816
P38398	1816	T	P	-0.3025986125951669	AF-P38398-F1-model_v4.pdb	1816
P38398	1816	T	S	-0.582124910532308	AF-P38398-F1-model_v4.pdb	1816
P38398	1817	E	V	-0.587397334883521	AF-P38398-F1-model_v4.pdb	1817
P38398	1817	E	D	-0.645565909567874	AF-P38398-F1-model_v4.pdb	1817
P38398	1817	E	E	0.130951836032382	AF-P38398-F1-model_v4.pdb	1817
P38398	1817	E	D	-0.107234786818994	AF-P38398-F1-model_v4.pdb	1817
P38398	1817	E	G	0.7190111092778079	AF-P38398-F1-model_v4.pdb	1817
P38398	1817	E	Q	-0.478225312424512	AF-P38398-F1-model_v4.pdb	1817
P38398	1817	E	*	-2.60080914927399	AF-P38398-F1-model_v4.pdb	1817
P38398	1817	E	K	0.12622695353046	AF-P38398-F1-model_v4.pdb	1817
P38398	1817	E	A	0.310352544927213	AF-P38398-F1-model_v4.pdb	1817
P38398	1818	D	V	0.155552918698498	AF-P38398-F1-model_v4.pdb	1818
P38398	1818	D	G	-3.16303530428822	AF-P38398-F1-model_v4.pdb	1818
P38398	1818	D	A	-0.628332847454398	AF-P38398-F1-model_v4.pdb	1818
P38398	1818	D	E	0.1169226663901489	AF-P38398-F1-model_v4.pdb	1818
P38398	1818	D	H	-1.96668251565954	AF-P38398-F1-model_v4.pdb	1818
P38398	1818	D	N	-0.0596667537912333	AF-P38398-F1-model_v4.pdb	1818
P38398	1818	D	E	0.163587351312571	AF-P38398-F1-model_v4.pdb	1818
P38398	1818	D	Y	0.0295802372494833	AF-P38398-F1-model_v4.pdb	1818
P38398	1818	D	D	-0.1187834227611019	AF-P38398-F1-model_v4.pdb	1818
P38398	1819	N	K	-0.0864385079311445	AF-P38398-F1-model_v4.pdb	1819
P38398	1819	N	N	0.449495997347053	AF-P38398-F1-model_v4.pdb	1819
P38398	1819	N	K	-0.231764896321833	AF-P38398-F1-model_v4.pdb	1819
P38398	1819	N	I	-0.2709282787940429	AF-P38398-F1-model_v4.pdb	1819
P38398	1819	N	S	0.40875721687432	AF-P38398-F1-model_v4.pdb	1819
P38398	1819	N	T	-0.279502933520711	AF-P38398-F1-model_v4.pdb	1819
P38398	1819	N	Y	-0.449637787239626	AF-P38398-F1-model_v4.pdb	1819
P38398	1819	N	D	0.0005342790977893	AF-P38398-F1-model_v4.pdb	1819
P38398	1819	N	H	-0.4159574435229	AF-P38398-F1-model_v4.pdb	1819
P38398	1820	G	S	-0.396620647728962	AF-P38398-F1-model_v4.pdb	1820
P38398	1820	G	C	-0.609895504542478	AF-P38398-F1-model_v4.pdb	1820
P38398	1820	G	D	-0.325765930686046	AF-P38398-F1-model_v4.pdb	1820
P38398	1820	G	A	-0.78442294561279	AF-P38398-F1-model_v4.pdb	1820
P38398	1820	G	V	0.262636792305302	AF-P38398-F1-model_v4.pdb	1820
P38398	1820	G	G	0.6607805466180661	AF-P38398-F1-model_v4.pdb	1820
P38398	1820	G	G	-0.285622926112162	AF-P38398-F1-model_v4.pdb	1820
P38398	1820	G	G	-0.072365435977091	AF-P38398-F1-model_v4.pdb	1820
P38398	1820	G	R	-0.154003265804798	AF-P38398-F1-model_v4.pdb	1820
P38398	1821	F	F	-0.0620096361859575	AF-P38398-F1-model_v4.pdb	1821
P38398	1821	F	L	-0.4532376340548449	AF-P38398-F1-model_v4.pdb	1821
P38398	1821	F	C	-0.734628880173957	AF-P38398-F1-model_v4.pdb	1821
P38398	1821	F	L	-0.0985935653696425	AF-P38398-F1-model_v4.pdb	1821
P38398	1821	F	Y	-0.0386873051563448	AF-P38398-F1-model_v4.pdb	1821
P38398	1821	F	V	-0.195359256905534	AF-P38398-F1-model_v4.pdb	1821
P38398	1821	F	I	-0.437724082218039	AF-P38398-F1-model_v4.pdb	1821
P38398	1821	F	L	-0.0705944057349995	AF-P38398-F1-model_v4.pdb	1821
P38398	1821	F	S	-0.1125014891455509	AF-P38398-F1-model_v4.pdb	1821
P38398	1822	H	Q	-0.0813828510109219	AF-P38398-F1-model_v4.pdb	1822
P38398	1822	H	H	0.0318997293854854	AF-P38398-F1-model_v4.pdb	1822
P38398	1822	H	Q	0.0794694797845351	AF-P38398-F1-model_v4.pdb	1822
P38398	1822	H	L	-0.330819440615656	AF-P38398-F1-model_v4.pdb	1822
P38398	1822	H	R	-0.4249608178643329	AF-P38398-F1-model_v4.pdb	1822
P38398	1822	H	Y	-0.2424249649628339	AF-P38398-F1-model_v4.pdb	1822
P38398	1822	H	D	0.225013753860343	AF-P38398-F1-model_v4.pdb	1822
P38398	1822	H	N	0.219049202991851	AF-P38398-F1-model_v4.pdb	1822
P38398	1822	H	P	0.0016008324191078	AF-P38398-F1-model_v4.pdb	1822
P38398	1823	A	A	0.0390698319616235	AF-P38398-F1-model_v4.pdb	1823
P38398	1823	A	A	-0.1546815285497789	AF-P38398-F1-model_v4.pdb	1823
P38398	1823	A	A	-0.4974227303138039	AF-P38398-F1-model_v4.pdb	1823
P38398	1823	A	V	-0.4383602059361029	AF-P38398-F1-model_v4.pdb	1823
P38398	1823	A	E	0.135290185644148	AF-P38398-F1-model_v4.pdb	1823
P38398	1823	A	S	-3.64283083340989	AF-P38398-F1-model_v4.pdb	1823
P38398	1823	A	P	-3.30464537023334	AF-P38398-F1-model_v4.pdb	1823
P38398	1823	A	G	-0.8418679431782741	AF-P38398-F1-model_v4.pdb	1823
P38398	1823	A	T	-3.1865190755667	AF-P38398-F1-model_v4.pdb	1823
P38398	1824	I	M	-2.07801978551443	AF-P38398-F1-model_v4.pdb	1824
P38398	1824	I	I	0.0668076834531773	AF-P38398-F1-model_v4.pdb	1824
P38398	1824	I	I	0.0695896057211375	AF-P38398-F1-model_v4.pdb	1824
P38398	1824	I	S	-0.126433780195305	AF-P38398-F1-model_v4.pdb	1824
P38398	1824	I	N	-0.29359073484416	AF-P38398-F1-model_v4.pdb	1824
P38398	1824	I	F	-0.51001610838843	AF-P38398-F1-model_v4.pdb	1824
P38398	1824	I	V	-0.3305623891356339	AF-P38398-F1-model_v4.pdb	1824
P38398	1824	I	L	-0.313789980136991	AF-P38398-F1-model_v4.pdb	1824
P38398	1824	I	T	-0.528084960333966	AF-P38398-F1-model_v4.pdb	1824
P38398	1825	G	G	0.0324423177634513	AF-P38398-F1-model_v4.pdb	1825
P38398	1825	G	G	-0.7530727524591659	AF-P38398-F1-model_v4.pdb	1825
P38398	1825	G	G	-0.0210624152659631	AF-P38398-F1-model_v4.pdb	1825
P38398	1825	G	V	-0.130113384362839	AF-P38398-F1-model_v4.pdb	1825
P38398	1825	G	R	-0.2059063941392389	AF-P38398-F1-model_v4.pdb	1825
P38398	1825	G	E	-0.0107716612518232	AF-P38398-F1-model_v4.pdb	1825
P38398	1825	G	W	-0.6088955065875239	AF-P38398-F1-model_v4.pdb	1825
P38398	1825	G	R	-0.0468092630879426	AF-P38398-F1-model_v4.pdb	1825
P38398	1825	G	A	-0.0428738564007823	AF-P38398-F1-model_v4.pdb	1825
P38398	1826	Q	H	-0.583553197877685	AF-P38398-F1-model_v4.pdb	1826
P38398	1826	Q	Q	-0.6143599960568149	AF-P38398-F1-model_v4.pdb	1826
P38398	1826	Q	H	-0.438084188181349	AF-P38398-F1-model_v4.pdb	1826
P38398	1826	Q	L	-0.188283017525521	AF-P38398-F1-model_v4.pdb	1826
P38398	1826	Q	E	0.0441739691511223	AF-P38398-F1-model_v4.pdb	1826
P38398	1826	Q	P	-0.0324057057312437	AF-P38398-F1-model_v4.pdb	1826
P38398	1826	Q	*	-1.44251233142322	AF-P38398-F1-model_v4.pdb	1826
P38398	1826	Q	K	-0.0258904786315756	AF-P38398-F1-model_v4.pdb	1826
P38398	1826	Q	R	0.0385125692046524	AF-P38398-F1-model_v4.pdb	1826
P38398	1827	M	I	-0.256728546446218	AF-P38398-F1-model_v4.pdb	1827
P38398	1827	M	I	-0.564045504521159	AF-P38398-F1-model_v4.pdb	1827
P38398	1827	M	I	-0.344383558747861	AF-P38398-F1-model_v4.pdb	1827
P38398	1827	M	R	-0.2421815688730019	AF-P38398-F1-model_v4.pdb	1827
P38398	1827	M	K	-0.129843361578819	AF-P38398-F1-model_v4.pdb	1827
P38398	1827	M	L	0.2365003908742889	AF-P38398-F1-model_v4.pdb	1827
P38398	1827	M	V	-0.276791005238962	AF-P38398-F1-model_v4.pdb	1827
P38398	1827	M	L	-0.252517317545388	AF-P38398-F1-model_v4.pdb	1827
P38398	1827	M	T	0.0630260478167066	AF-P38398-F1-model_v4.pdb	1827
P38398	1828	C	*	-2.11895449749227	AF-P38398-F1-model_v4.pdb	1828
P38398	1828	C	W	-0.0902053739383972	AF-P38398-F1-model_v4.pdb	1828
P38398	1828	C	C	-0.258143618224925	AF-P38398-F1-model_v4.pdb	1828
P38398	1828	C	F	-0.4043894838949559	AF-P38398-F1-model_v4.pdb	1828
P38398	1828	C	S	-0.122869949653996	AF-P38398-F1-model_v4.pdb	1828
P38398	1828	C	Y	-0.308549501299909	AF-P38398-F1-model_v4.pdb	1828
P38398	1828	C	G	-0.407530170453092	AF-P38398-F1-model_v4.pdb	1828
P38398	1828	C	R	-0.87561933503084	AF-P38398-F1-model_v4.pdb	1828
P38398	1828	C	S	-0.4271490170582229	AF-P38398-F1-model_v4.pdb	1828
P38398	1829	E	D	-0.197892936508826	AF-P38398-F1-model_v4.pdb	1829
P38398	1829	E	D	-3.61778280157322e-06	AF-P38398-F1-model_v4.pdb	1829
P38398	1829	E	E	-0.285887279278256	AF-P38398-F1-model_v4.pdb	1829
P38398	1829	E	V	0.22636129340503	AF-P38398-F1-model_v4.pdb	1829
P38398	1829	E	A	0.0527186007173151	AF-P38398-F1-model_v4.pdb	1829
P38398	1829	E	*	-2.37575585502179	AF-P38398-F1-model_v4.pdb	1829
P38398	1829	E	Q	-0.513444906280059	AF-P38398-F1-model_v4.pdb	1829
P38398	1829	E	K	-0.804182973764603	AF-P38398-F1-model_v4.pdb	1829
P38398	1829	E	G	-0.1509653516020709	AF-P38398-F1-model_v4.pdb	1829
P38398	1830	A	A	0.32207869742392	AF-P38398-F1-model_v4.pdb	1830
P38398	1830	A	V	-0.21197628861101	AF-P38398-F1-model_v4.pdb	1830
P38398	1830	A	G	-0.990940648228031	AF-P38398-F1-model_v4.pdb	1830
P38398	1830	A	A	0.372523097747277	AF-P38398-F1-model_v4.pdb	1830
P38398	1830	A	E	-1.12572817242339	AF-P38398-F1-model_v4.pdb	1830
P38398	1830	A	S	-0.3442852194998599	AF-P38398-F1-model_v4.pdb	1830
P38398	1830	A	P	-0.653638816115283	AF-P38398-F1-model_v4.pdb	1830
P38398	1830	A	T	0.168084556825566	AF-P38398-F1-model_v4.pdb	1830
P38398	1830	A	A	0.2220206690451379	AF-P38398-F1-model_v4.pdb	1830
P38398	1831	P	P	-0.0382196455862462	AF-P38398-F1-model_v4.pdb	1831
P38398	1831	P	P	0.0652499181228897	AF-P38398-F1-model_v4.pdb	1831
P38398	1831	P	L	0.0859567730190993	AF-P38398-F1-model_v4.pdb	1831
P38398	1831	P	R	-0.333529134984516	AF-P38398-F1-model_v4.pdb	1831
P38398	1831	P	H	-0.288263507102024	AF-P38398-F1-model_v4.pdb	1831
P38398	1831	P	S	-0.2085169481215439	AF-P38398-F1-model_v4.pdb	1831
P38398	1831	P	A	0.0846757590074041	AF-P38398-F1-model_v4.pdb	1831
P38398	1831	P	T	-0.0149928976380875	AF-P38398-F1-model_v4.pdb	1831
P38398	1831	P	P	0.216073356969021	AF-P38398-F1-model_v4.pdb	1831
P38398	1832	V	G	-2.87157054358408	AF-P38398-F1-model_v4.pdb	1832
P38398	1832	V	A	-0.909867174020695	AF-P38398-F1-model_v4.pdb	1832
P38398	1832	V	L	-0.73647051721047	AF-P38398-F1-model_v4.pdb	1832
P38398	1833	V	M	-2.18348435841623	AF-P38398-F1-model_v4.pdb	1833
P38398	1833	V	L	-0.7848093348322679	AF-P38398-F1-model_v4.pdb	1833
P38398	1833	V	E	-2.6059337662288304	AF-P38398-F1-model_v4.pdb	1833
P38398	1833	V	A	-0.661423186820916	AF-P38398-F1-model_v4.pdb	1833
P38398	1833	V	V	0.0211520405810629	AF-P38398-F1-model_v4.pdb	1833
P38398	1833	V	V	0.2762080182355169	AF-P38398-F1-model_v4.pdb	1833
P38398	1833	V	V	-0.202315737700004	AF-P38398-F1-model_v4.pdb	1833
P38398	1834	T	T	-0.187550858716403	AF-P38398-F1-model_v4.pdb	1834
P38398	1834	T	T	0.219315149189388	AF-P38398-F1-model_v4.pdb	1834
P38398	1834	T	T	-0.404060627646355	AF-P38398-F1-model_v4.pdb	1834
P38398	1834	T	A	0.220196066243251	AF-P38398-F1-model_v4.pdb	1834
P38398	1834	T	S	0.0044006281028529	AF-P38398-F1-model_v4.pdb	1834
P38398	1834	T	I	0.195638343757433	AF-P38398-F1-model_v4.pdb	1834
P38398	1834	T	P	0.131130517135967	AF-P38398-F1-model_v4.pdb	1834
P38398	1834	T	N	-0.0496950637413476	AF-P38398-F1-model_v4.pdb	1834
P38398	1834	T	S	-0.184100893811956	AF-P38398-F1-model_v4.pdb	1834
P38398	1835	R	R	0.1465243086340369	AF-P38398-F1-model_v4.pdb	1835
P38398	1835	R	G	-1.44783650749391	AF-P38398-F1-model_v4.pdb	1835
P38398	1835	R	*	-2.29625062856965	AF-P38398-F1-model_v4.pdb	1835
P38398	1835	R	Q	-0.9063474417155772	AF-P38398-F1-model_v4.pdb	1835
P38398	1835	R	P	-1.31208575342448	AF-P38398-F1-model_v4.pdb	1835
P38398	1835	R	L	-1.18927662322317	AF-P38398-F1-model_v4.pdb	1835
P38398	1835	R	R	0.0944051921727019	AF-P38398-F1-model_v4.pdb	1835
P38398	1835	R	R	0.266734293961785	AF-P38398-F1-model_v4.pdb	1835
P38398	1835	R	R	-0.0582782589471287	AF-P38398-F1-model_v4.pdb	1835
P38398	1836	E	D	0.0193179634461506	AF-P38398-F1-model_v4.pdb	1836
P38398	1836	E	D	0.0719807612877564	AF-P38398-F1-model_v4.pdb	1836
P38398	1836	E	E	0.0676405451970248	AF-P38398-F1-model_v4.pdb	1836
P38398	1836	E	*	-1.98224713430293	AF-P38398-F1-model_v4.pdb	1836
P38398	1836	E	G	-0.171450551543953	AF-P38398-F1-model_v4.pdb	1836
P38398	1836	E	A	0.4599045671938839	AF-P38398-F1-model_v4.pdb	1836
P38398	1836	E	Q	-0.0051336636020513	AF-P38398-F1-model_v4.pdb	1836
P38398	1836	E	V	-1.6900145047494295	AF-P38398-F1-model_v4.pdb	1836
P38398	1836	E	K	-0.299933275816698	AF-P38398-F1-model_v4.pdb	1836
P38398	1837	W	*	-2.37351547687928	AF-P38398-F1-model_v4.pdb	1837
P38398	1837	W	C	-1.69661300342761	AF-P38398-F1-model_v4.pdb	1837
P38398	1837	W	C	-2.6781502838730296	AF-P38398-F1-model_v4.pdb	1837
P38398	1837	W	S	-2.22452869431682	AF-P38398-F1-model_v4.pdb	1837
P38398	1837	W	*	-1.6116513175989802	AF-P38398-F1-model_v4.pdb	1837
P38398	1837	W	G	-2.5628184737370603	AF-P38398-F1-model_v4.pdb	1837
P38398	1837	W	R	-2.31441872512525	AF-P38398-F1-model_v4.pdb	1837
P38398	1837	W	L	-2.1688723088391497	AF-P38398-F1-model_v4.pdb	1837
P38398	1837	W	R	-2.46078117106402	AF-P38398-F1-model_v4.pdb	1837
P38398	1838	V	V	-0.0546409806881962	AF-P38398-F1-model_v4.pdb	1838
P38398	1838	V	V	-0.26378808892828	AF-P38398-F1-model_v4.pdb	1838
P38398	1838	V	V	0.272752752657283	AF-P38398-F1-model_v4.pdb	1838
P38398	1838	V	L	-0.1410881606999439	AF-P38398-F1-model_v4.pdb	1838
P38398	1838	V	A	-0.213826976210602	AF-P38398-F1-model_v4.pdb	1838
P38398	1838	V	E	-1.72587323841784	AF-P38398-F1-model_v4.pdb	1838
P38398	1838	V	L	0.0098423366365982	AF-P38398-F1-model_v4.pdb	1838
P38398	1838	V	M	-0.5530379309520229	AF-P38398-F1-model_v4.pdb	1838
P38398	1838	V	G	-1.97991531767534	AF-P38398-F1-model_v4.pdb	1838
P38398	1839	L	L	-0.0133451257541699	AF-P38398-F1-model_v4.pdb	1839
P38398	1839	L	V	-1.91087818704072	AF-P38398-F1-model_v4.pdb	1839
P38398	1839	L	*	-2.96032918974415	AF-P38398-F1-model_v4.pdb	1839
P38398	1839	L	S	-2.4914438286217795	AF-P38398-F1-model_v4.pdb	1839
P38398	1839	L	F	-0.234922905900073	AF-P38398-F1-model_v4.pdb	1839
P38398	1839	L	F	0.106059676736309	AF-P38398-F1-model_v4.pdb	1839
P38398	1840	D	E	-1.05547664109217	AF-P38398-F1-model_v4.pdb	1840
P38398	1840	D	E	-1.36946449858641	AF-P38398-F1-model_v4.pdb	1840
P38398	1840	D	D	-0.6251404759412529	AF-P38398-F1-model_v4.pdb	1840
P38398	1840	D	V	-1.79378434938463	AF-P38398-F1-model_v4.pdb	1840
P38398	1840	D	G	-1.3642471385496298	AF-P38398-F1-model_v4.pdb	1840
P38398	1840	D	A	0.0408873762011184	AF-P38398-F1-model_v4.pdb	1840
P38398	1840	D	H	-0.46591376590209	AF-P38398-F1-model_v4.pdb	1840
P38398	1840	D	N	0.1166050099707859	AF-P38398-F1-model_v4.pdb	1840
P38398	1841	S	R	-2.92956795086696	AF-P38398-F1-model_v4.pdb	1841
P38398	1841	S	R	-1.46077385119623	AF-P38398-F1-model_v4.pdb	1841
P38398	1841	S	I	-2.18578925794761	AF-P38398-F1-model_v4.pdb	1841
P38398	1841	S	T	-1.86342946322187	AF-P38398-F1-model_v4.pdb	1841
P38398	1841	S	N	-2.2621444410842497	AF-P38398-F1-model_v4.pdb	1841
P38398	1841	S	C	-0.023697712368313	AF-P38398-F1-model_v4.pdb	1841
P38398	1841	S	G	-0.833876805808153	AF-P38398-F1-model_v4.pdb	1841
P38398	1841	S	R	-1.7220982449360298	AF-P38398-F1-model_v4.pdb	1841
P38398	1841	S	S	0.3800658193319079	AF-P38398-F1-model_v4.pdb	1841
P38398	1842	V	V	0.280158504771365	AF-P38398-F1-model_v4.pdb	1842
P38398	1842	V	L	-0.6802093507116371	AF-P38398-F1-model_v4.pdb	1842
P38398	1842	V	I	-0.0181064202798805	AF-P38398-F1-model_v4.pdb	1842
P38398	1842	V	A	-1.4948113395770402	AF-P38398-F1-model_v4.pdb	1842
P38398	1842	V	G	-1.92243402771164	AF-P38398-F1-model_v4.pdb	1842
P38398	1842	V	V	0.0669709007279156	AF-P38398-F1-model_v4.pdb	1842
P38398	1842	V	V	-0.109632717320251	AF-P38398-F1-model_v4.pdb	1842
P38398	1842	V	L	-0.370697641119487	AF-P38398-F1-model_v4.pdb	1842
P38398	1842	V	E	-2.02689288290543	AF-P38398-F1-model_v4.pdb	1842
P38398	1843	A	T	-0.0623836375813879	AF-P38398-F1-model_v4.pdb	1843
P38398	1843	A	P	-2.6845272838193703	AF-P38398-F1-model_v4.pdb	1843
P38398	1843	A	S	0.0603527965291615	AF-P38398-F1-model_v4.pdb	1843
P38398	1843	A	E	-2.8199207580562096	AF-P38398-F1-model_v4.pdb	1843
P38398	1843	A	G	-0.3561049217136789	AF-P38398-F1-model_v4.pdb	1843
P38398	1843	A	V	-0.377550923552376	AF-P38398-F1-model_v4.pdb	1843
P38398	1843	A	A	0.263373096081001	AF-P38398-F1-model_v4.pdb	1843
P38398	1843	A	A	0.200973167020785	AF-P38398-F1-model_v4.pdb	1843
P38398	1843	A	A	0.439539251835426	AF-P38398-F1-model_v4.pdb	1843
P38398	1844	L	I	-0.268220294647479	AF-P38398-F1-model_v4.pdb	1844
P38398	1844	L	V	0.1961086946847119	AF-P38398-F1-model_v4.pdb	1844
P38398	1844	L	F	-0.170767947483597	AF-P38398-F1-model_v4.pdb	1844
P38398	1844	L	H	-0.3125827222616439	AF-P38398-F1-model_v4.pdb	1844
P38398	1844	L	P	-0.232681566234374	AF-P38398-F1-model_v4.pdb	1844
P38398	1844	L	R	-0.0615812686944012	AF-P38398-F1-model_v4.pdb	1844
P38398	1844	L	L	0.119725431646474	AF-P38398-F1-model_v4.pdb	1844
P38398	1844	L	L	-0.4620759410386629	AF-P38398-F1-model_v4.pdb	1844
P38398	1844	L	L	-0.0755642438834202	AF-P38398-F1-model_v4.pdb	1844
P38398	1845	Y	H	0.121790821529931	AF-P38398-F1-model_v4.pdb	1845
P38398	1845	Y	D	-0.8116393462024809	AF-P38398-F1-model_v4.pdb	1845
P38398	1845	Y	Y	-0.129467374286386	AF-P38398-F1-model_v4.pdb	1845
P38398	1845	Y	*	-2.45245088436987	AF-P38398-F1-model_v4.pdb	1845
P38398	1845	Y	*	-2.53143635875928	AF-P38398-F1-model_v4.pdb	1845
P38398	1845	Y	C	0.0417287263347877	AF-P38398-F1-model_v4.pdb	1845
P38398	1845	Y	N	-0.0292407710214643	AF-P38398-F1-model_v4.pdb	1845
P38398	1845	Y	S	-0.2245330499064889	AF-P38398-F1-model_v4.pdb	1845
P38398	1845	Y	F	0.115162948712047	AF-P38398-F1-model_v4.pdb	1845
P38398	1846	Q	K	-0.0851731720580314	AF-P38398-F1-model_v4.pdb	1846
P38398	1846	Q	E	-0.193852332471101	AF-P38398-F1-model_v4.pdb	1846
P38398	1846	Q	*	-2.23335377469493	AF-P38398-F1-model_v4.pdb	1846
P38398	1846	Q	P	-1.96608910711693	AF-P38398-F1-model_v4.pdb	1846
P38398	1846	Q	R	0.2801539186442769	AF-P38398-F1-model_v4.pdb	1846
P38398	1846	Q	L	0.0984581445367511	AF-P38398-F1-model_v4.pdb	1846
P38398	1846	Q	Q	0.0645680667756681	AF-P38398-F1-model_v4.pdb	1846
P38398	1846	Q	H	-0.273650343656531	AF-P38398-F1-model_v4.pdb	1846
P38398	1846	Q	H	-0.2289483991078139	AF-P38398-F1-model_v4.pdb	1846
P38398	1847	C	C	-0.116100913284565	AF-P38398-F1-model_v4.pdb	1847
P38398	1847	C	W	-0.127904430808619	AF-P38398-F1-model_v4.pdb	1847
P38398	1847	C	*	-1.88097436313236	AF-P38398-F1-model_v4.pdb	1847
P38398	1847	C	F	-0.4972922660986829	AF-P38398-F1-model_v4.pdb	1847
P38398	1847	C	Y	0.137716861449271	AF-P38398-F1-model_v4.pdb	1847
P38398	1847	C	G	-0.0518672147865251	AF-P38398-F1-model_v4.pdb	1847
P38398	1847	C	R	0.255108725068747	AF-P38398-F1-model_v4.pdb	1847
P38398	1847	C	S	-0.100741125364358	AF-P38398-F1-model_v4.pdb	1847
P38398	1847	C	S	-0.0875868435855337	AF-P38398-F1-model_v4.pdb	1847
P38398	1848	Q	H	-1.1808433092648505	AF-P38398-F1-model_v4.pdb	1848
P38398	1848	Q	H	-0.607000666847142	AF-P38398-F1-model_v4.pdb	1848
P38398	1848	Q	Q	-0.463788965932701	AF-P38398-F1-model_v4.pdb	1848
P38398	1848	Q	L	-0.101285457945465	AF-P38398-F1-model_v4.pdb	1848
P38398	1848	Q	R	0.251439368051422	AF-P38398-F1-model_v4.pdb	1848
P38398	1848	Q	*	-2.07308652673108	AF-P38398-F1-model_v4.pdb	1848
P38398	1848	Q	E	-0.353073612422102	AF-P38398-F1-model_v4.pdb	1848
P38398	1848	Q	K	0.0658253023790965	AF-P38398-F1-model_v4.pdb	1848
P38398	1848	Q	P	-1.74979878757858	AF-P38398-F1-model_v4.pdb	1848
P38398	1849	E	D	-0.0840898724121253	AF-P38398-F1-model_v4.pdb	1849
P38398	1849	E	E	-0.0310243507498182	AF-P38398-F1-model_v4.pdb	1849
P38398	1849	E	D	0.151566408891346	AF-P38398-F1-model_v4.pdb	1849
P38398	1849	E	V	-1.00953944603934	AF-P38398-F1-model_v4.pdb	1849
P38398	1849	E	Q	0.0470251233972239	AF-P38398-F1-model_v4.pdb	1849
P38398	1849	E	A	-1.18497765007033	AF-P38398-F1-model_v4.pdb	1849
P38398	1849	E	*	-1.89461419467771	AF-P38398-F1-model_v4.pdb	1849
P38398	1849	E	K	-0.142875393473933	AF-P38398-F1-model_v4.pdb	1849
P38398	1849	E	G	-0.444983273687139	AF-P38398-F1-model_v4.pdb	1849
P38398	1850	L	L	-0.256372252323303	AF-P38398-F1-model_v4.pdb	1850
P38398	1850	L	L	0.136910668395231	AF-P38398-F1-model_v4.pdb	1850
P38398	1850	L	L	-0.843029098067958	AF-P38398-F1-model_v4.pdb	1850
P38398	1850	L	R	-0.185898415178713	AF-P38398-F1-model_v4.pdb	1850
P38398	1850	L	Q	-0.6356498128293471	AF-P38398-F1-model_v4.pdb	1850
P38398	1850	L	L	0.566508646859577	AF-P38398-F1-model_v4.pdb	1850
P38398	1850	L	V	-0.406771498247903	AF-P38398-F1-model_v4.pdb	1850
P38398	1850	L	M	0.168902849034045	AF-P38398-F1-model_v4.pdb	1850
P38398	1850	L	P	0.106617167469741	AF-P38398-F1-model_v4.pdb	1850
P38398	1851	D	E	-0.2369283501812999	AF-P38398-F1-model_v4.pdb	1851
P38398	1851	D	D	-0.8258885537587529	AF-P38398-F1-model_v4.pdb	1851
P38398	1851	D	E	0.0079617201866092	AF-P38398-F1-model_v4.pdb	1851
P38398	1851	D	V	-0.675031571224461	AF-P38398-F1-model_v4.pdb	1851
P38398	1851	D	N	-0.253026438355311	AF-P38398-F1-model_v4.pdb	1851
P38398	1851	D	A	-0.2431736806927469	AF-P38398-F1-model_v4.pdb	1851
P38398	1851	D	Y	-0.636700804247161	AF-P38398-F1-model_v4.pdb	1851
P38398	1851	D	H	-0.0442973791968309	AF-P38398-F1-model_v4.pdb	1851
P38398	1851	D	G	-0.328077813881382	AF-P38398-F1-model_v4.pdb	1851
P38398	1852	T	T	-0.431262926997201	AF-P38398-F1-model_v4.pdb	1852
P38398	1852	T	T	-0.183735036429715	AF-P38398-F1-model_v4.pdb	1852
P38398	1852	T	I	-0.152107501124813	AF-P38398-F1-model_v4.pdb	1852
P38398	1852	T	T	-0.2258862665532339	AF-P38398-F1-model_v4.pdb	1852
P38398	1852	T	N	-0.0744999668963853	AF-P38398-F1-model_v4.pdb	1852
P38398	1852	T	S	-0.2355981845508689	AF-P38398-F1-model_v4.pdb	1852
P38398	1852	T	A	0.309628122141978	AF-P38398-F1-model_v4.pdb	1852
P38398	1852	T	P	-0.0674117123760091	AF-P38398-F1-model_v4.pdb	1852
P38398	1852	T	S	-0.131134371063331	AF-P38398-F1-model_v4.pdb	1852
P38398	1853	Y	Y	0.0414662990190648	AF-P38398-F1-model_v4.pdb	1853
P38398	1853	Y	*	-2.15111921617674	AF-P38398-F1-model_v4.pdb	1853
P38398	1853	Y	*	-1.48991533504616	AF-P38398-F1-model_v4.pdb	1853
P38398	1853	Y	F	-0.627988107807151	AF-P38398-F1-model_v4.pdb	1853
P38398	1853	Y	C	-2.76343815225029	AF-P38398-F1-model_v4.pdb	1853
P38398	1853	Y	S	-1.6982368729434	AF-P38398-F1-model_v4.pdb	1853
P38398	1853	Y	D	-3.35137155404902	AF-P38398-F1-model_v4.pdb	1853
P38398	1853	Y	H	-1.6528829107851002	AF-P38398-F1-model_v4.pdb	1853
P38398	1853	Y	N	-2.1671953704239697	AF-P38398-F1-model_v4.pdb	1853
P38398	1854	L	L	-0.19148487382304	AF-P38398-F1-model_v4.pdb	1854
P38398	1854	L	L	-0.2795992991487169	AF-P38398-F1-model_v4.pdb	1854
P38398	1854	L	L	-0.71215947251101	AF-P38398-F1-model_v4.pdb	1854
P38398	1854	L	R	0.31245168508289	AF-P38398-F1-model_v4.pdb	1854
P38398	1854	L	L	-0.308160232101454	AF-P38398-F1-model_v4.pdb	1854
P38398	1854	L	Q	0.259387036126831	AF-P38398-F1-model_v4.pdb	1854
P38398	1854	L	V	0.1584764400932269	AF-P38398-F1-model_v4.pdb	1854
P38398	1854	L	M	-0.0405343404771291	AF-P38398-F1-model_v4.pdb	1854
P38398	1854	L	P	-1.3438715100551295	AF-P38398-F1-model_v4.pdb	1854
P38398	1855	I	L	0.233297291159429	AF-P38398-F1-model_v4.pdb	1855
P38398	1855	I	V	0.0462776303387803	AF-P38398-F1-model_v4.pdb	1855
P38398	1855	I	L	-0.218033758685176	AF-P38398-F1-model_v4.pdb	1855
P38398	1855	I	K	-0.863843894941789	AF-P38398-F1-model_v4.pdb	1855
P38398	1855	I	T	-0.291518974161822	AF-P38398-F1-model_v4.pdb	1855
P38398	1855	I	R	-0.464328415526521	AF-P38398-F1-model_v4.pdb	1855
P38398	1855	I	I	0.231182686157453	AF-P38398-F1-model_v4.pdb	1855
P38398	1855	I	M	0.0219408619017757	AF-P38398-F1-model_v4.pdb	1855
P38398	1855	I	I	-0.0153221623501722	AF-P38398-F1-model_v4.pdb	1855
