UniProtID	MutPos	WT	Mut	Label	StructureFile	MutPos(pdb)
P38398	1	M	I	-0.403740211099635	AF-P38398-F1-model_v4.pdb	1
P38398	1	M	I	-0.0613264352506859	AF-P38398-F1-model_v4.pdb	1
P38398	1	M	I	-0.980762530931034	AF-P38398-F1-model_v4.pdb	1
P38398	1	M	R	-0.6427958824656209	AF-P38398-F1-model_v4.pdb	1
P38398	1	M	L	-0.513607647117065	AF-P38398-F1-model_v4.pdb	1
P38398	1	M	K	-0.68909047474666	AF-P38398-F1-model_v4.pdb	1
P38398	1	M	L	-0.464785447278385	AF-P38398-F1-model_v4.pdb	1
P38398	1	M	V	-0.479653674177067	AF-P38398-F1-model_v4.pdb	1
P38398	1	M	T	-0.329138007686478	AF-P38398-F1-model_v4.pdb	1
P38398	2	D	E	0.1952727427380479	AF-P38398-F1-model_v4.pdb	2
P38398	2	D	N	-0.243323991924795	AF-P38398-F1-model_v4.pdb	2
P38398	2	D	H	-0.296459880599846	AF-P38398-F1-model_v4.pdb	2
P38398	2	D	Y	-0.795255993277516	AF-P38398-F1-model_v4.pdb	2
P38398	2	D	A	-0.0944305420228731	AF-P38398-F1-model_v4.pdb	2
P38398	2	D	G	0.0167900003553462	AF-P38398-F1-model_v4.pdb	2
P38398	2	D	V	0.0865719674181355	AF-P38398-F1-model_v4.pdb	2
P38398	2	D	E	-0.195145566325718	AF-P38398-F1-model_v4.pdb	2
P38398	2	D	D	0.0257676517670207	AF-P38398-F1-model_v4.pdb	2
P38398	3	L	I	-0.694216775319882	AF-P38398-F1-model_v4.pdb	3
P38398	3	L	L	0.0542876726373939	AF-P38398-F1-model_v4.pdb	3
P38398	3	L	V	-0.1236287400793609	AF-P38398-F1-model_v4.pdb	3
P38398	3	L	*	-0.104432231611455	AF-P38398-F1-model_v4.pdb	3
P38398	3	L	S	-0.174447887450491	AF-P38398-F1-model_v4.pdb	3
P38398	3	L	*	0.121837475115104	AF-P38398-F1-model_v4.pdb	3
P38398	3	L	F	-0.0510042515722447	AF-P38398-F1-model_v4.pdb	3
P38398	3	L	L	0.111959468833293	AF-P38398-F1-model_v4.pdb	3
P38398	3	L	F	-0.375828499602665	AF-P38398-F1-model_v4.pdb	3
P38398	4	S	T	-0.0669535301026611	AF-P38398-F1-model_v4.pdb	4
P38398	4	S	P	-0.0410589127954823	AF-P38398-F1-model_v4.pdb	4
P38398	4	S	A	0.209158584938561	AF-P38398-F1-model_v4.pdb	4
P38398	4	S	Y	-0.896741929656044	AF-P38398-F1-model_v4.pdb	4
P38398	4	S	C	-0.535798201752395	AF-P38398-F1-model_v4.pdb	4
P38398	4	S	F	-0.2621360966636449	AF-P38398-F1-model_v4.pdb	4
P38398	4	S	S	-0.0260961973677224	AF-P38398-F1-model_v4.pdb	4
P38398	4	S	S	-0.108940670366379	AF-P38398-F1-model_v4.pdb	4
P38398	4	S	S	0.6944529239131869	AF-P38398-F1-model_v4.pdb	4
P38398	5	A	T	-0.238102033132805	AF-P38398-F1-model_v4.pdb	5
P38398	5	A	P	-0.495884121238936	AF-P38398-F1-model_v4.pdb	5
P38398	5	A	S	-0.427613191813793	AF-P38398-F1-model_v4.pdb	5
P38398	5	A	D	-0.311448350935785	AF-P38398-F1-model_v4.pdb	5
P38398	5	A	G	-0.145441802484017	AF-P38398-F1-model_v4.pdb	5
P38398	5	A	V	-0.544596206343662	AF-P38398-F1-model_v4.pdb	5
P38398	5	A	A	-0.104208006835541	AF-P38398-F1-model_v4.pdb	5
P38398	5	A	A	-0.140382873661274	AF-P38398-F1-model_v4.pdb	5
P38398	5	A	A	0.240627481951515	AF-P38398-F1-model_v4.pdb	5
P38398	6	L	L	-0.33072947380666	AF-P38398-F1-model_v4.pdb	6
P38398	6	L	L	-0.1104641968994	AF-P38398-F1-model_v4.pdb	6
P38398	6	L	I	-0.268092803613503	AF-P38398-F1-model_v4.pdb	6
P38398	6	L	V	-0.429473489766981	AF-P38398-F1-model_v4.pdb	6
P38398	6	L	F	0.186727617353511	AF-P38398-F1-model_v4.pdb	6
P38398	6	L	H	-0.19965914918406	AF-P38398-F1-model_v4.pdb	6
P38398	6	L	P	-0.126045698356386	AF-P38398-F1-model_v4.pdb	6
P38398	6	L	R	0.273594785927456	AF-P38398-F1-model_v4.pdb	6
P38398	6	L	L	0.0033722077211607	AF-P38398-F1-model_v4.pdb	6
P38398	7	R	R	-0.167053004020879	AF-P38398-F1-model_v4.pdb	7
P38398	7	R	R	-0.0693330013687226	AF-P38398-F1-model_v4.pdb	7
P38398	7	R	R	-0.0336152116316364	AF-P38398-F1-model_v4.pdb	7
P38398	7	R	P	-0.3510578058166779	AF-P38398-F1-model_v4.pdb	7
P38398	7	R	S	-0.546288817122119	AF-P38398-F1-model_v4.pdb	7
P38398	7	R	H	-0.362291929095376	AF-P38398-F1-model_v4.pdb	7
P38398	7	R	C	-0.143930147952335	AF-P38398-F1-model_v4.pdb	7
P38398	7	R	G	-0.052683679290348	AF-P38398-F1-model_v4.pdb	7
P38398	7	R	L	-0.149921838587139	AF-P38398-F1-model_v4.pdb	7
P38398	8	V	V	0.160832213508738	AF-P38398-F1-model_v4.pdb	8
P38398	8	V	V	-0.082376035730161	AF-P38398-F1-model_v4.pdb	8
P38398	8	V	G	-0.291830452224853	AF-P38398-F1-model_v4.pdb	8
P38398	8	V	V	0.299776991865821	AF-P38398-F1-model_v4.pdb	8
P38398	8	V	D	0.1533040266701709	AF-P38398-F1-model_v4.pdb	8
P38398	8	V	A	5.5609023384681895e-05	AF-P38398-F1-model_v4.pdb	8
P38398	8	V	I	0.2115992901157219	AF-P38398-F1-model_v4.pdb	8
P38398	8	V	L	-0.17205357583862	AF-P38398-F1-model_v4.pdb	8
P38398	8	V	F	-0.278138170293134	AF-P38398-F1-model_v4.pdb	8
P38398	9	E	K	-0.3743122314883489	AF-P38398-F1-model_v4.pdb	9
P38398	9	E	D	-0.4223349972838889	AF-P38398-F1-model_v4.pdb	9
P38398	9	E	V	-0.205340559719201	AF-P38398-F1-model_v4.pdb	9
P38398	9	E	D	-0.7647851503686851	AF-P38398-F1-model_v4.pdb	9
P38398	9	E	A	-0.8180785156334291	AF-P38398-F1-model_v4.pdb	9
P38398	9	E	*	-0.749285586252419	AF-P38398-F1-model_v4.pdb	9
P38398	9	E	Q	-0.3326087930866189	AF-P38398-F1-model_v4.pdb	9
P38398	9	E	G	-0.2723457527483819	AF-P38398-F1-model_v4.pdb	9
P38398	9	E	E	0.227749425837597	AF-P38398-F1-model_v4.pdb	9
P38398	10	E	K	-0.5892917464551191	AF-P38398-F1-model_v4.pdb	10
P38398	10	E	Q	-0.391034624752868	AF-P38398-F1-model_v4.pdb	10
P38398	10	E	*	-0.924559002900354	AF-P38398-F1-model_v4.pdb	10
P38398	10	E	A	-0.2342293553095489	AF-P38398-F1-model_v4.pdb	10
P38398	10	E	G	-0.1519128713466979	AF-P38398-F1-model_v4.pdb	10
P38398	10	E	V	-0.7306533760468291	AF-P38398-F1-model_v4.pdb	10
P38398	10	E	D	-0.368385876972117	AF-P38398-F1-model_v4.pdb	10
P38398	10	E	D	-0.751921840349956	AF-P38398-F1-model_v4.pdb	10
P38398	10	E	E	-0.199797660411946	AF-P38398-F1-model_v4.pdb	10
P38398	11	V	I	-0.180825537951688	AF-P38398-F1-model_v4.pdb	11
P38398	11	V	L	0.0432299692455053	AF-P38398-F1-model_v4.pdb	11
P38398	11	V	L	-0.310006621482573	AF-P38398-F1-model_v4.pdb	11
P38398	11	V	E	-0.980039135992456	AF-P38398-F1-model_v4.pdb	11
P38398	11	V	A	-0.226193961107383	AF-P38398-F1-model_v4.pdb	11
P38398	11	V	G	-0.384202066588625	AF-P38398-F1-model_v4.pdb	11
P38398	11	V	V	0.126459817937071	AF-P38398-F1-model_v4.pdb	11
P38398	11	V	V	-0.1670792342885269	AF-P38398-F1-model_v4.pdb	11
P38398	11	V	V	0.2263615824970369	AF-P38398-F1-model_v4.pdb	11
P38398	12	Q	H	-0.116235200276145	AF-P38398-F1-model_v4.pdb	12
P38398	12	Q	Q	-0.0718263563668991	AF-P38398-F1-model_v4.pdb	12
P38398	12	Q	H	-0.0335780399241128	AF-P38398-F1-model_v4.pdb	12
P38398	12	Q	L	0.326342490887018	AF-P38398-F1-model_v4.pdb	12
P38398	12	Q	E	-0.0797744664807979	AF-P38398-F1-model_v4.pdb	12
P38398	12	Q	P	-1.06942414420837	AF-P38398-F1-model_v4.pdb	12
P38398	12	Q	*	-0.2872125484218369	AF-P38398-F1-model_v4.pdb	12
P38398	12	Q	K	-0.316773669993044	AF-P38398-F1-model_v4.pdb	12
P38398	12	Q	R	-0.0673390284291357	AF-P38398-F1-model_v4.pdb	12
P38398	13	N	K	-0.305211785578888	AF-P38398-F1-model_v4.pdb	13
P38398	13	N	K	-0.0682982568136743	AF-P38398-F1-model_v4.pdb	13
P38398	13	N	I	0.044482037325969	AF-P38398-F1-model_v4.pdb	13
P38398	13	N	N	0.1405631620714389	AF-P38398-F1-model_v4.pdb	13
P38398	13	N	T	0.148494979695914	AF-P38398-F1-model_v4.pdb	13
P38398	13	N	Y	-0.3700625036760649	AF-P38398-F1-model_v4.pdb	13
P38398	13	N	D	0.326036004201371	AF-P38398-F1-model_v4.pdb	13
P38398	13	N	H	0.127627630857938	AF-P38398-F1-model_v4.pdb	13
P38398	13	N	S	-0.0162577415627088	AF-P38398-F1-model_v4.pdb	13
P38398	14	V	I	-0.2888998501857849	AF-P38398-F1-model_v4.pdb	14
P38398	14	V	L	-0.200812751871659	AF-P38398-F1-model_v4.pdb	14
P38398	14	V	F	-0.0786453911383286	AF-P38398-F1-model_v4.pdb	14
P38398	14	V	D	-1.01742293570569	AF-P38398-F1-model_v4.pdb	14
P38398	14	V	G	0.0762782176013539	AF-P38398-F1-model_v4.pdb	14
P38398	14	V	A	0.329319990909805	AF-P38398-F1-model_v4.pdb	14
P38398	14	V	V	-0.2014625180517039	AF-P38398-F1-model_v4.pdb	14
P38398	14	V	V	-0.2258713936124299	AF-P38398-F1-model_v4.pdb	14
P38398	14	V	V	-0.0332465253937852	AF-P38398-F1-model_v4.pdb	14
P38398	15	I	N	-1.31073438560627	AF-P38398-F1-model_v4.pdb	15
P38398	15	I	L	0.210002071315343	AF-P38398-F1-model_v4.pdb	15
P38398	15	I	F	-0.360371489994981	AF-P38398-F1-model_v4.pdb	15
P38398	15	I	M	-0.172164849338066	AF-P38398-F1-model_v4.pdb	15
P38398	15	I	V	-0.025481378216425	AF-P38398-F1-model_v4.pdb	15
P38398	15	I	I	0.0384654685724688	AF-P38398-F1-model_v4.pdb	15
P38398	15	I	I	0.1060300196657069	AF-P38398-F1-model_v4.pdb	15
P38398	15	I	S	-0.239706446619355	AF-P38398-F1-model_v4.pdb	15
P38398	15	I	T	-1.2999135584564498	AF-P38398-F1-model_v4.pdb	15
P38398	16	N	T	-0.113997965471738	AF-P38398-F1-model_v4.pdb	16
P38398	16	N	S	0.0323465512245175	AF-P38398-F1-model_v4.pdb	16
P38398	16	N	D	-0.202835560917014	AF-P38398-F1-model_v4.pdb	16
P38398	16	N	K	-0.201310198654286	AF-P38398-F1-model_v4.pdb	16
P38398	16	N	N	-0.273373832105763	AF-P38398-F1-model_v4.pdb	16
P38398	16	N	K	0.6195543494078389	AF-P38398-F1-model_v4.pdb	16
P38398	16	N	Y	-0.0758621572881558	AF-P38398-F1-model_v4.pdb	16
P38398	16	N	I	0.0885525843173458	AF-P38398-F1-model_v4.pdb	16
P38398	16	N	H	-0.0477891665585698	AF-P38398-F1-model_v4.pdb	16
P38398	17	A	G	0.0607302533454686	AF-P38398-F1-model_v4.pdb	17
P38398	17	A	P	-1.2560292026086202	AF-P38398-F1-model_v4.pdb	17
P38398	17	A	S	-0.238049778633397	AF-P38398-F1-model_v4.pdb	17
P38398	17	A	D	-0.2755238149285889	AF-P38398-F1-model_v4.pdb	17
P38398	17	A	V	-0.152687017644116	AF-P38398-F1-model_v4.pdb	17
P38398	17	A	A	0.0204818686719326	AF-P38398-F1-model_v4.pdb	17
P38398	17	A	A	0.143155268526013	AF-P38398-F1-model_v4.pdb	17
P38398	17	A	A	0.0512991982025823	AF-P38398-F1-model_v4.pdb	17
P38398	17	A	T	-0.0451540549804344	AF-P38398-F1-model_v4.pdb	17
P38398	18	M	L	0.0966622001302344	AF-P38398-F1-model_v4.pdb	18
P38398	18	M	V	-0.2290737306404519	AF-P38398-F1-model_v4.pdb	18
P38398	18	M	K	-1.12323913313153	AF-P38398-F1-model_v4.pdb	18
P38398	18	M	T	-1.1213382433193602	AF-P38398-F1-model_v4.pdb	18
P38398	18	M	R	-1.37370808573414	AF-P38398-F1-model_v4.pdb	18
P38398	18	M	I	0.0086858716453796	AF-P38398-F1-model_v4.pdb	18
P38398	18	M	I	0.197435718185649	AF-P38398-F1-model_v4.pdb	18
P38398	18	M	I	-0.8413890461345659	AF-P38398-F1-model_v4.pdb	18
P38398	18	M	L	-0.180111649394211	AF-P38398-F1-model_v4.pdb	18
P38398	19	Q	Q	-0.264629313142163	AF-P38398-F1-model_v4.pdb	19
P38398	19	Q	H	-0.200117067970245	AF-P38398-F1-model_v4.pdb	19
P38398	19	Q	H	-0.374746374371306	AF-P38398-F1-model_v4.pdb	19
P38398	19	Q	L	-0.0151431066446594	AF-P38398-F1-model_v4.pdb	19
P38398	19	Q	P	-0.189333048030099	AF-P38398-F1-model_v4.pdb	19
P38398	19	Q	K	-0.0438658870676022	AF-P38398-F1-model_v4.pdb	19
P38398	19	Q	E	0.1186525074071049	AF-P38398-F1-model_v4.pdb	19
P38398	19	Q	R	-0.0310813049597468	AF-P38398-F1-model_v4.pdb	19
P38398	19	Q	*	-0.808236421611232	AF-P38398-F1-model_v4.pdb	19
P38398	20	K	K	0.156579431022909	AF-P38398-F1-model_v4.pdb	20
P38398	20	K	Q	-0.143053970694408	AF-P38398-F1-model_v4.pdb	20
P38398	20	K	E	0.1121948878831709	AF-P38398-F1-model_v4.pdb	20
P38398	20	K	*	0.188197121352582	AF-P38398-F1-model_v4.pdb	20
P38398	20	K	T	-0.265181620180883	AF-P38398-F1-model_v4.pdb	20
P38398	20	K	R	0.176022610723263	AF-P38398-F1-model_v4.pdb	20
P38398	20	K	I	0.0451871072206254	AF-P38398-F1-model_v4.pdb	20
P38398	20	K	N	-0.305682169247172	AF-P38398-F1-model_v4.pdb	20
P38398	20	K	N	0.0997183399992791	AF-P38398-F1-model_v4.pdb	20
P38398	21	I	L	-0.0899879128278482	AF-P38398-F1-model_v4.pdb	21
P38398	21	I	I	-0.0033801085130181	AF-P38398-F1-model_v4.pdb	21
P38398	21	I	M	-0.0395048279295412	AF-P38398-F1-model_v4.pdb	21
P38398	21	I	I	0.0720486478669413	AF-P38398-F1-model_v4.pdb	21
P38398	21	I	V	0.0254756245524554	AF-P38398-F1-model_v4.pdb	21
P38398	21	I	T	-0.0583276455575137	AF-P38398-F1-model_v4.pdb	21
P38398	21	I	N	-0.0238418515637148	AF-P38398-F1-model_v4.pdb	21
P38398	21	I	S	0.0827975244704741	AF-P38398-F1-model_v4.pdb	21
P38398	21	I	F	-0.2124805586918539	AF-P38398-F1-model_v4.pdb	21
P38398	22	L	L	0.118376348335256	AF-P38398-F1-model_v4.pdb	22
P38398	22	L	F	0.561525584015849	AF-P38398-F1-model_v4.pdb	22
P38398	22	L	*	0.411676329651769	AF-P38398-F1-model_v4.pdb	22
P38398	22	L	F	-0.1121282005535069	AF-P38398-F1-model_v4.pdb	22
P38398	22	L	*	-0.0910874405413682	AF-P38398-F1-model_v4.pdb	22
P38398	22	L	V	0.0072556211802016	AF-P38398-F1-model_v4.pdb	22
P38398	22	L	L	-0.522683635332658	AF-P38398-F1-model_v4.pdb	22
P38398	22	L	I	-0.272806021367293	AF-P38398-F1-model_v4.pdb	22
P38398	22	L	S	-0.7907691476192931	AF-P38398-F1-model_v4.pdb	22
P38398	23	E	K	-0.0771149665497279	AF-P38398-F1-model_v4.pdb	23
P38398	23	E	Q	0.3342142581166369	AF-P38398-F1-model_v4.pdb	23
P38398	23	E	*	-0.471610785377895	AF-P38398-F1-model_v4.pdb	23
P38398	23	E	A	-0.133052722954323	AF-P38398-F1-model_v4.pdb	23
P38398	23	E	D	-0.22846972698803	AF-P38398-F1-model_v4.pdb	23
P38398	23	E	D	-0.148817699575405	AF-P38398-F1-model_v4.pdb	23
P38398	23	E	E	-0.201020160259855	AF-P38398-F1-model_v4.pdb	23
P38398	23	E	V	-0.0695578571775234	AF-P38398-F1-model_v4.pdb	23
P38398	23	E	G	-0.213109004262814	AF-P38398-F1-model_v4.pdb	23
P38398	24	C	W	-0.3974359837283499	AF-P38398-F1-model_v4.pdb	24
P38398	24	C	S	-0.7715409430599479	AF-P38398-F1-model_v4.pdb	24
P38398	24	C	G	-0.104353124647426	AF-P38398-F1-model_v4.pdb	24
P38398	24	C	Y	-0.919375843140355	AF-P38398-F1-model_v4.pdb	24
P38398	24	C	R	-1.2142324616908	AF-P38398-F1-model_v4.pdb	24
P38398	24	C	S	0.7447777934263671	AF-P38398-F1-model_v4.pdb	24
P38398	24	C	C	-0.0829196043229524	AF-P38398-F1-model_v4.pdb	24
P38398	24	C	F	-0.756344046576845	AF-P38398-F1-model_v4.pdb	24
P38398	24	C	*	0.0600965567209397	AF-P38398-F1-model_v4.pdb	24
P38398	25	P	T	-0.244995891064277	AF-P38398-F1-model_v4.pdb	25
P38398	25	P	A	-0.0207021664399381	AF-P38398-F1-model_v4.pdb	25
P38398	25	P	S	-0.135122234468815	AF-P38398-F1-model_v4.pdb	25
P38398	25	P	R	0.0370620072551129	AF-P38398-F1-model_v4.pdb	25
P38398	25	P	L	-0.398160092068496	AF-P38398-F1-model_v4.pdb	25
P38398	26	I	M	-0.074872093612983	AF-P38398-F1-model_v4.pdb	26
P38398	26	I	S	0.0737249861671715	AF-P38398-F1-model_v4.pdb	26
P38398	26	I	I	-0.226024490084754	AF-P38398-F1-model_v4.pdb	26
P38398	26	I	V	-0.2366316261087089	AF-P38398-F1-model_v4.pdb	26
P38398	26	I	I	-0.2764552189060769	AF-P38398-F1-model_v4.pdb	26
P38398	26	I	N	-0.0193146098635119	AF-P38398-F1-model_v4.pdb	26
P38398	26	I	T	-0.123481993685954	AF-P38398-F1-model_v4.pdb	26
P38398	26	I	L	0.0858869517062334	AF-P38398-F1-model_v4.pdb	26
P38398	27	C	S	-2.23400958579429	AF-P38398-F1-model_v4.pdb	27
P38398	27	C	Y	-3.31607734860542	AF-P38398-F1-model_v4.pdb	27
P38398	27	C	G	-0.563252003936431	AF-P38398-F1-model_v4.pdb	27
P38398	27	C	R	-0.8805869268439351	AF-P38398-F1-model_v4.pdb	27
P38398	27	C	S	-0.7578008886339459	AF-P38398-F1-model_v4.pdb	27
P38398	27	C	C	0.211557491812065	AF-P38398-F1-model_v4.pdb	27
P38398	27	C	W	-0.6831398053506391	AF-P38398-F1-model_v4.pdb	27
P38398	27	C	F	-3.45018147389539	AF-P38398-F1-model_v4.pdb	27
P38398	27	C	*	-0.282100108825601	AF-P38398-F1-model_v4.pdb	27
P38398	28	L	L	0.204292305614398	AF-P38398-F1-model_v4.pdb	28
P38398	28	L	M	-0.258073564538173	AF-P38398-F1-model_v4.pdb	28
P38398	28	L	V	-0.420657961573583	AF-P38398-F1-model_v4.pdb	28
P38398	28	L	L	-0.1265740463189719	AF-P38398-F1-model_v4.pdb	28
P38398	28	L	Q	-0.181854605230594	AF-P38398-F1-model_v4.pdb	28
P38398	28	L	P	-0.322648061632772	AF-P38398-F1-model_v4.pdb	28
P38398	28	L	R	0.0213707002313225	AF-P38398-F1-model_v4.pdb	28
P38398	28	L	L	-0.276948620673968	AF-P38398-F1-model_v4.pdb	28
P38398	28	L	L	0.24774297562631	AF-P38398-F1-model_v4.pdb	28
P38398	29	E	K	-0.039307171866866	AF-P38398-F1-model_v4.pdb	29
P38398	29	E	Q	-0.0798815064890175	AF-P38398-F1-model_v4.pdb	29
P38398	29	E	*	0.5454900078509579	AF-P38398-F1-model_v4.pdb	29
P38398	29	E	A	-0.0717191269365185	AF-P38398-F1-model_v4.pdb	29
P38398	29	E	G	-0.502912557479583	AF-P38398-F1-model_v4.pdb	29
P38398	29	E	V	0.0145520861200284	AF-P38398-F1-model_v4.pdb	29
P38398	29	E	E	-0.249802060991595	AF-P38398-F1-model_v4.pdb	29
P38398	29	E	D	0.0983206874234425	AF-P38398-F1-model_v4.pdb	29
P38398	29	E	D	-0.0280603712703535	AF-P38398-F1-model_v4.pdb	29
P38398	30	L	V	-0.170907415785286	AF-P38398-F1-model_v4.pdb	30
P38398	30	L	*	-0.41129608093213	AF-P38398-F1-model_v4.pdb	30
P38398	30	L	S	-0.103911454076606	AF-P38398-F1-model_v4.pdb	30
P38398	30	L	M	-0.064960096443723	AF-P38398-F1-model_v4.pdb	30
P38398	30	L	W	-0.072688826506763	AF-P38398-F1-model_v4.pdb	30
P38398	30	L	L	0.1888897450730589	AF-P38398-F1-model_v4.pdb	30
P38398	30	L	L	0.147554290624462	AF-P38398-F1-model_v4.pdb	30
P38398	30	L	F	-0.2073214959525289	AF-P38398-F1-model_v4.pdb	30
P38398	30	L	F	-0.0084528445754734	AF-P38398-F1-model_v4.pdb	30
P38398	31	I	M	-0.0862159854225366	AF-P38398-F1-model_v4.pdb	31
P38398	31	I	I	-0.452731815554778	AF-P38398-F1-model_v4.pdb	31
P38398	31	I	S	-0.330986700432581	AF-P38398-F1-model_v4.pdb	31
P38398	31	I	L	-0.2006529313652079	AF-P38398-F1-model_v4.pdb	31
P38398	31	I	N	-0.199890797730932	AF-P38398-F1-model_v4.pdb	31
P38398	31	I	F	-0.206964120282686	AF-P38398-F1-model_v4.pdb	31
P38398	31	I	V	0.137150747049872	AF-P38398-F1-model_v4.pdb	31
P38398	31	I	T	0.147476708022286	AF-P38398-F1-model_v4.pdb	31
P38398	31	I	I	-0.0861324113485884	AF-P38398-F1-model_v4.pdb	31
P38398	32	K	E	-0.126819499183681	AF-P38398-F1-model_v4.pdb	32
P38398	32	K	*	0.0050963877796797	AF-P38398-F1-model_v4.pdb	32
P38398	32	K	T	-0.0099587075492493	AF-P38398-F1-model_v4.pdb	32
P38398	32	K	R	-0.284408210160592	AF-P38398-F1-model_v4.pdb	32
P38398	32	K	M	-0.422484464747433	AF-P38398-F1-model_v4.pdb	32
P38398	32	K	K	-0.0027019501584831	AF-P38398-F1-model_v4.pdb	32
P38398	32	K	N	0.0343469659136123	AF-P38398-F1-model_v4.pdb	32
P38398	32	K	N	-0.15488225204236	AF-P38398-F1-model_v4.pdb	32
P38398	32	K	Q	-0.1765705785510199	AF-P38398-F1-model_v4.pdb	32
P38398	33	E	E	-0.1322824618181819	AF-P38398-F1-model_v4.pdb	33
P38398	33	E	D	-0.169679297840674	AF-P38398-F1-model_v4.pdb	33
P38398	33	E	V	-0.310232690967317	AF-P38398-F1-model_v4.pdb	33
P38398	33	E	Q	-0.0275056435488463	AF-P38398-F1-model_v4.pdb	33
P38398	33	E	A	-0.0346384945553308	AF-P38398-F1-model_v4.pdb	33
P38398	33	E	*	-0.395058239789989	AF-P38398-F1-model_v4.pdb	33
P38398	33	E	K	-0.0714196063947809	AF-P38398-F1-model_v4.pdb	33
P38398	33	E	G	-0.124239565711495	AF-P38398-F1-model_v4.pdb	33
P38398	33	E	D	0.0495708772064683	AF-P38398-F1-model_v4.pdb	33
P38398	34	P	P	0.0967788035565924	AF-P38398-F1-model_v4.pdb	34
P38398	34	P	P	0.0123803510395496	AF-P38398-F1-model_v4.pdb	34
P38398	34	P	L	-0.349091452428016	AF-P38398-F1-model_v4.pdb	34
P38398	34	P	R	-0.576765815633239	AF-P38398-F1-model_v4.pdb	34
P38398	34	P	H	-0.6516327185017359	AF-P38398-F1-model_v4.pdb	34
P38398	34	P	S	-0.436981955992067	AF-P38398-F1-model_v4.pdb	34
P38398	34	P	A	-0.15938118333591	AF-P38398-F1-model_v4.pdb	34
P38398	34	P	T	-0.166991096304257	AF-P38398-F1-model_v4.pdb	34
P38398	34	P	P	0.114944458203523	AF-P38398-F1-model_v4.pdb	34
P38398	35	V	G	-0.700102979356695	AF-P38398-F1-model_v4.pdb	35
P38398	35	V	D	-0.7356024374884921	AF-P38398-F1-model_v4.pdb	35
P38398	35	V	A	-0.0537559152481253	AF-P38398-F1-model_v4.pdb	35
P38398	35	V	V	-0.2904737081324069	AF-P38398-F1-model_v4.pdb	35
P38398	35	V	L	-0.158665768140105	AF-P38398-F1-model_v4.pdb	35
P38398	35	V	V	-0.118599146958455	AF-P38398-F1-model_v4.pdb	35
P38398	35	V	I	-0.4467260178098099	AF-P38398-F1-model_v4.pdb	35
P38398	35	V	F	-0.40423621879388	AF-P38398-F1-model_v4.pdb	35
P38398	35	V	V	-0.0315349435028555	AF-P38398-F1-model_v4.pdb	35
P38398	36	S	T	-0.2002509773991249	AF-P38398-F1-model_v4.pdb	36
P38398	36	S	A	0.160321089628716	AF-P38398-F1-model_v4.pdb	36
P38398	37	T	T	-0.1147888568527219	AF-P38398-F1-model_v4.pdb	37
P38398	37	T	T	0.0575723720101812	AF-P38398-F1-model_v4.pdb	37
P38398	37	T	T	0.0740234361268081	AF-P38398-F1-model_v4.pdb	37
P38398	37	T	I	-0.3124332328426389	AF-P38398-F1-model_v4.pdb	37
P38398	37	T	R	-0.725411890117361	AF-P38398-F1-model_v4.pdb	37
P38398	37	T	K	-0.781141268897463	AF-P38398-F1-model_v4.pdb	37
P38398	37	T	S	-0.0345626414531098	AF-P38398-F1-model_v4.pdb	37
P38398	37	T	A	0.1130313572628469	AF-P38398-F1-model_v4.pdb	37
P38398	37	T	P	0.129413192876448	AF-P38398-F1-model_v4.pdb	37
P38398	38	K	N	-0.0486631257814717	AF-P38398-F1-model_v4.pdb	38
P38398	38	K	N	0.0534462324594797	AF-P38398-F1-model_v4.pdb	38
P38398	38	K	K	-0.0587331841771722	AF-P38398-F1-model_v4.pdb	38
P38398	38	K	Q	0.0908065606514861	AF-P38398-F1-model_v4.pdb	38
P38398	38	K	R	0.015978430548444	AF-P38398-F1-model_v4.pdb	38
P38398	38	K	T	0.117685198882357	AF-P38398-F1-model_v4.pdb	38
P38398	38	K	*	-0.6254461330218609	AF-P38398-F1-model_v4.pdb	38
P38398	38	K	E	0.0204290550735512	AF-P38398-F1-model_v4.pdb	38
P38398	38	K	M	-0.131760010553554	AF-P38398-F1-model_v4.pdb	38
P38398	39	C	C	0.118804265822514	AF-P38398-F1-model_v4.pdb	39
P38398	39	C	*	-0.507625816705798	AF-P38398-F1-model_v4.pdb	39
P38398	39	C	W	-0.424587664084786	AF-P38398-F1-model_v4.pdb	39
P38398	39	C	S	-0.686997337426906	AF-P38398-F1-model_v4.pdb	39
P38398	39	C	Y	-0.7989296585285041	AF-P38398-F1-model_v4.pdb	39
P38398	39	C	G	-0.5994266947267739	AF-P38398-F1-model_v4.pdb	39
P38398	39	C	F	-0.7379973591438108	AF-P38398-F1-model_v4.pdb	39
P38398	39	C	R	-0.555534887307783	AF-P38398-F1-model_v4.pdb	39
P38398	39	C	S	-0.6901855728777591	AF-P38398-F1-model_v4.pdb	39
P38398	40	D	D	0.0442977957149767	AF-P38398-F1-model_v4.pdb	40
P38398	40	D	E	0.022830954588285	AF-P38398-F1-model_v4.pdb	40
P38398	40	D	E	0.1869013369375589	AF-P38398-F1-model_v4.pdb	40
P38398	40	D	V	0.0419192180546027	AF-P38398-F1-model_v4.pdb	40
P38398	40	D	G	0.182590991310528	AF-P38398-F1-model_v4.pdb	40
P38398	40	D	A	0.164247982448852	AF-P38398-F1-model_v4.pdb	40
P38398	40	D	Y	-0.1188372657767509	AF-P38398-F1-model_v4.pdb	40
P38398	40	D	H	-0.0440430608823211	AF-P38398-F1-model_v4.pdb	40
P38398	40	D	N	-0.222708202973481	AF-P38398-F1-model_v4.pdb	40
P38398	41	H	H	0.0026968992715435	AF-P38398-F1-model_v4.pdb	41
P38398	41	H	Q	-0.286893072637338	AF-P38398-F1-model_v4.pdb	41
P38398	41	H	Q	-0.427623842525882	AF-P38398-F1-model_v4.pdb	41
P38398	41	H	P	-0.6321894767484161	AF-P38398-F1-model_v4.pdb	41
P38398	41	H	R	-0.577103293915864	AF-P38398-F1-model_v4.pdb	41
P38398	41	H	Y	-0.347987690546978	AF-P38398-F1-model_v4.pdb	41
P38398	41	H	D	-0.41353658668851	AF-P38398-F1-model_v4.pdb	41
P38398	41	H	N	-0.60841558209916	AF-P38398-F1-model_v4.pdb	41
P38398	41	H	L	-0.7590220657109921	AF-P38398-F1-model_v4.pdb	41
P38398	42	I	L	0.2858530636225	AF-P38398-F1-model_v4.pdb	42
P38398	42	I	K	-0.0462472698915456	AF-P38398-F1-model_v4.pdb	42
P38398	42	I	T	0.164764695856798	AF-P38398-F1-model_v4.pdb	42
P38398	42	I	R	-0.0463980162022706	AF-P38398-F1-model_v4.pdb	42
P38398	42	I	I	0.085076847587065	AF-P38398-F1-model_v4.pdb	42
P38398	42	I	M	0.1975968946785569	AF-P38398-F1-model_v4.pdb	42
P38398	42	I	I	0.2423576014943879	AF-P38398-F1-model_v4.pdb	42
P38398	42	I	V	0.0610759941439143	AF-P38398-F1-model_v4.pdb	42
P38398	42	I	L	0.0147720633343108	AF-P38398-F1-model_v4.pdb	42
P38398	43	F	L	0.2435093310121989	AF-P38398-F1-model_v4.pdb	43
P38398	43	F	V	0.294631134990405	AF-P38398-F1-model_v4.pdb	43
P38398	43	F	Y	-0.174855073901287	AF-P38398-F1-model_v4.pdb	43
P38398	43	F	S	-0.0949246060808249	AF-P38398-F1-model_v4.pdb	43
P38398	43	F	C	0.0333939150386765	AF-P38398-F1-model_v4.pdb	43
P38398	43	F	L	0.0470630791709421	AF-P38398-F1-model_v4.pdb	43
P38398	43	F	F	-0.0089116443470529	AF-P38398-F1-model_v4.pdb	43
P38398	43	F	L	0.0954353228635691	AF-P38398-F1-model_v4.pdb	43
P38398	43	F	I	-0.0607953388600971	AF-P38398-F1-model_v4.pdb	43
P38398	44	C	S	-0.314454081898075	AF-P38398-F1-model_v4.pdb	44
P38398	44	C	R	-0.988026906741987	AF-P38398-F1-model_v4.pdb	44
P38398	44	C	G	-0.4381443483774529	AF-P38398-F1-model_v4.pdb	44
P38398	44	C	Y	0.0466116429719289	AF-P38398-F1-model_v4.pdb	44
P38398	44	C	S	-0.255105197650652	AF-P38398-F1-model_v4.pdb	44
P38398	44	C	*	-0.244813412142047	AF-P38398-F1-model_v4.pdb	44
P38398	44	C	W	-0.453938366156477	AF-P38398-F1-model_v4.pdb	44
P38398	44	C	C	-2.42882325074633	AF-P38398-F1-model_v4.pdb	44
P38398	44	C	F	-0.8660761715651759	AF-P38398-F1-model_v4.pdb	44
P38398	45	K	N	-0.31695128948685	AF-P38398-F1-model_v4.pdb	45
P38398	45	K	K	-0.0762811806285803	AF-P38398-F1-model_v4.pdb	45
P38398	45	K	N	-0.175317996927635	AF-P38398-F1-model_v4.pdb	45
P38398	45	K	I	-0.467519122910496	AF-P38398-F1-model_v4.pdb	45
P38398	45	K	R	0.224376098448016	AF-P38398-F1-model_v4.pdb	45
P38398	45	K	Q	-0.142343972776834	AF-P38398-F1-model_v4.pdb	45
P38398	45	K	E	-0.201036193609522	AF-P38398-F1-model_v4.pdb	45
P38398	45	K	*	-0.7454200601951111	AF-P38398-F1-model_v4.pdb	45
P38398	45	K	T	0.0671285855467292	AF-P38398-F1-model_v4.pdb	45
P38398	46	F	L	0.0332385326775624	AF-P38398-F1-model_v4.pdb	46
P38398	46	F	I	0.0511563588081888	AF-P38398-F1-model_v4.pdb	46
P38398	46	F	L	1.04810666299443	AF-P38398-F1-model_v4.pdb	46
P38398	46	F	V	-0.142473420111484	AF-P38398-F1-model_v4.pdb	46
P38398	46	F	Y	-0.416131654065934	AF-P38398-F1-model_v4.pdb	46
P38398	46	F	S	-0.312524369156955	AF-P38398-F1-model_v4.pdb	46
P38398	46	F	C	-0.312487647471275	AF-P38398-F1-model_v4.pdb	46
P38398	46	F	F	0.236092214462927	AF-P38398-F1-model_v4.pdb	46
P38398	46	F	L	-0.316986701060185	AF-P38398-F1-model_v4.pdb	46
P38398	47	C	F	-0.236038227993915	AF-P38398-F1-model_v4.pdb	47
P38398	47	C	S	-0.297579637811558	AF-P38398-F1-model_v4.pdb	47
P38398	47	C	Y	-0.2055095224624389	AF-P38398-F1-model_v4.pdb	47
P38398	47	C	G	-0.741701672298107	AF-P38398-F1-model_v4.pdb	47
P38398	47	C	R	-0.499002008522845	AF-P38398-F1-model_v4.pdb	47
P38398	47	C	*	0.126557789072532	AF-P38398-F1-model_v4.pdb	47
P38398	47	C	W	-0.1874078060954589	AF-P38398-F1-model_v4.pdb	47
P38398	47	C	S	-0.974898691953048	AF-P38398-F1-model_v4.pdb	47
P38398	47	C	C	0.137502827201151	AF-P38398-F1-model_v4.pdb	47
P38398	48	M	I	-0.107642761605859	AF-P38398-F1-model_v4.pdb	48
P38398	48	M	I	0.336882296718848	AF-P38398-F1-model_v4.pdb	48
P38398	48	M	R	-0.525941685652899	AF-P38398-F1-model_v4.pdb	48
P38398	48	M	V	0.0813674078622498	AF-P38398-F1-model_v4.pdb	48
P38398	48	M	I	-0.258075729617143	AF-P38398-F1-model_v4.pdb	48
P38398	48	M	L	-0.4512514340789989	AF-P38398-F1-model_v4.pdb	48
P38398	48	M	K	-0.8395540673981958	AF-P38398-F1-model_v4.pdb	48
P38398	48	M	T	0.353441282819655	AF-P38398-F1-model_v4.pdb	48
P38398	48	M	L	-0.109727441848585	AF-P38398-F1-model_v4.pdb	48
P38398	49	L	Q	-0.014303368272984	AF-P38398-F1-model_v4.pdb	49
P38398	49	L	M	0.161845829258557	AF-P38398-F1-model_v4.pdb	49
P38398	49	L	V	-0.320377658531966	AF-P38398-F1-model_v4.pdb	49
P38398	49	L	L	-0.26727598540573	AF-P38398-F1-model_v4.pdb	49
P38398	49	L	P	0.070557346082299	AF-P38398-F1-model_v4.pdb	49
P38398	49	L	R	0.0704874055038772	AF-P38398-F1-model_v4.pdb	49
P38398	49	L	L	-0.1071449091865469	AF-P38398-F1-model_v4.pdb	49
P38398	49	L	L	0.141746738373961	AF-P38398-F1-model_v4.pdb	49
P38398	49	L	L	-0.323197024397394	AF-P38398-F1-model_v4.pdb	49
P38398	50	K	K	-0.309731679132856	AF-P38398-F1-model_v4.pdb	50
P38398	50	K	N	0.3315573290168619	AF-P38398-F1-model_v4.pdb	50
P38398	50	K	N	-0.0909230021358607	AF-P38398-F1-model_v4.pdb	50
P38398	50	K	I	0.0003873231069078	AF-P38398-F1-model_v4.pdb	50
P38398	50	K	E	-0.4387696795211199	AF-P38398-F1-model_v4.pdb	50
P38398	50	K	T	-0.1921148424070889	AF-P38398-F1-model_v4.pdb	50
P38398	50	K	*	-0.0568285673876934	AF-P38398-F1-model_v4.pdb	50
P38398	50	K	Q	-0.322958393632548	AF-P38398-F1-model_v4.pdb	50
P38398	50	K	R	0.0448586728134276	AF-P38398-F1-model_v4.pdb	50
P38398	51	L	F	0.2201644348745439	AF-P38398-F1-model_v4.pdb	51
P38398	51	L	I	0.0058836002010898	AF-P38398-F1-model_v4.pdb	51
P38398	51	L	V	0.0188392169159206	AF-P38398-F1-model_v4.pdb	51
P38398	51	L	H	0.0461998312047934	AF-P38398-F1-model_v4.pdb	51
P38398	51	L	L	-0.149397772959309	AF-P38398-F1-model_v4.pdb	51
P38398	51	L	R	-0.197940446786943	AF-P38398-F1-model_v4.pdb	51
P38398	51	L	L	-0.3149902772571439	AF-P38398-F1-model_v4.pdb	51
P38398	51	L	P	-0.154971433695306	AF-P38398-F1-model_v4.pdb	51
P38398	51	L	L	0.0580243319858182	AF-P38398-F1-model_v4.pdb	51
P38398	52	L	L	-0.305921177739197	AF-P38398-F1-model_v4.pdb	52
P38398	52	L	I	-0.449286360617606	AF-P38398-F1-model_v4.pdb	52
P38398	52	L	V	0.332691051804025	AF-P38398-F1-model_v4.pdb	52
P38398	52	L	F	-0.13659487745079	AF-P38398-F1-model_v4.pdb	52
P38398	52	L	H	-0.2049789975452099	AF-P38398-F1-model_v4.pdb	52
P38398	52	L	P	-0.2978562854107719	AF-P38398-F1-model_v4.pdb	52
P38398	52	L	R	-0.0503833646279611	AF-P38398-F1-model_v4.pdb	52
P38398	52	L	L	-0.0093361411105213	AF-P38398-F1-model_v4.pdb	52
P38398	52	L	L	-0.51615008247097	AF-P38398-F1-model_v4.pdb	52
P38398	53	N	N	-0.3990162095477569	AF-P38398-F1-model_v4.pdb	53
P38398	53	N	K	-0.361843377675805	AF-P38398-F1-model_v4.pdb	53
P38398	53	N	K	-0.351322165926455	AF-P38398-F1-model_v4.pdb	53
P38398	53	N	I	-0.14494167006085	AF-P38398-F1-model_v4.pdb	53
P38398	53	N	S	-0.4148173665762079	AF-P38398-F1-model_v4.pdb	53
P38398	53	N	H	-0.138125267809087	AF-P38398-F1-model_v4.pdb	53
P38398	53	N	Y	-0.512063480743031	AF-P38398-F1-model_v4.pdb	53
P38398	53	N	D	0.442883496156816	AF-P38398-F1-model_v4.pdb	53
P38398	53	N	T	0.3359088616228389	AF-P38398-F1-model_v4.pdb	53
P38398	54	Q	H	-0.0678271797303672	AF-P38398-F1-model_v4.pdb	54
P38398	54	Q	R	-0.0632265416043308	AF-P38398-F1-model_v4.pdb	54
P38398	54	Q	P	0.453374485334112	AF-P38398-F1-model_v4.pdb	54
P38398	54	Q	L	-0.0100837111177849	AF-P38398-F1-model_v4.pdb	54
P38398	54	Q	K	-0.0414401400013027	AF-P38398-F1-model_v4.pdb	54
P38398	54	Q	H	0.0810847548052681	AF-P38398-F1-model_v4.pdb	54
P38398	54	Q	Q	0.0	AF-P38398-F1-model_v4.pdb	54
P38398	54	Q	E	-0.138724019497561	AF-P38398-F1-model_v4.pdb	54
P38398	54	Q	*	-0.870294758107846	AF-P38398-F1-model_v4.pdb	54
P38398	55	K	Q	-0.171957846460821	AF-P38398-F1-model_v4.pdb	55
P38398	55	K	E	-0.116626444346219	AF-P38398-F1-model_v4.pdb	55
P38398	55	K	*	-0.8360840647617971	AF-P38398-F1-model_v4.pdb	55
P38398	55	K	T	0.0629259896591984	AF-P38398-F1-model_v4.pdb	55
P38398	55	K	R	0.0473498762505948	AF-P38398-F1-model_v4.pdb	55
P38398	55	K	M	0.200976028612101	AF-P38398-F1-model_v4.pdb	55
P38398	55	K	K	0.082407750249731	AF-P38398-F1-model_v4.pdb	55
P38398	55	K	N	-0.185260973474156	AF-P38398-F1-model_v4.pdb	55
P38398	55	K	N	0.147929013756958	AF-P38398-F1-model_v4.pdb	55
P38398	56	K	Q	0.030435035428135	AF-P38398-F1-model_v4.pdb	56
P38398	56	K	E	0.0032568523817274	AF-P38398-F1-model_v4.pdb	56
P38398	56	K	*	-0.73185186253636	AF-P38398-F1-model_v4.pdb	56
P38398	56	K	I	0.0757885530980007	AF-P38398-F1-model_v4.pdb	56
P38398	56	K	N	0.104269607962327	AF-P38398-F1-model_v4.pdb	56
P38398	56	K	R	0.179213741503401	AF-P38398-F1-model_v4.pdb	56
P38398	56	K	T	0.117952217549303	AF-P38398-F1-model_v4.pdb	56
P38398	56	K	K	-0.0399151411969019	AF-P38398-F1-model_v4.pdb	56
P38398	56	K	N	-0.0017998739166531	AF-P38398-F1-model_v4.pdb	56
P38398	57	G	R	0.0937644461254544	AF-P38398-F1-model_v4.pdb	57
P38398	57	G	A	-0.0224054873407346	AF-P38398-F1-model_v4.pdb	57
P38398	57	G	V	0.18155397171814	AF-P38398-F1-model_v4.pdb	57
P38398	58	P	T	0.0671831055294089	AF-P38398-F1-model_v4.pdb	58
P38398	58	P	A	0.0545811016906504	AF-P38398-F1-model_v4.pdb	58
P38398	58	P	H	0.2110930934408769	AF-P38398-F1-model_v4.pdb	58
P38398	58	P	R	0.120852746982118	AF-P38398-F1-model_v4.pdb	58
P38398	58	P	P	-0.0919965538127295	AF-P38398-F1-model_v4.pdb	58
P38398	58	P	P	0.0561815084106674	AF-P38398-F1-model_v4.pdb	58
P38398	58	P	P	0.23407976293944	AF-P38398-F1-model_v4.pdb	58
P38398	58	P	L	-0.270954005735067	AF-P38398-F1-model_v4.pdb	58
P38398	59	S	L	0.2037418192061519	AF-P38398-F1-model_v4.pdb	59
P38398	59	S	T	-0.15480730379251	AF-P38398-F1-model_v4.pdb	59
P38398	59	S	S	0.0174976394681629	AF-P38398-F1-model_v4.pdb	59
P38398	59	S	S	-0.118143014018136	AF-P38398-F1-model_v4.pdb	59
P38398	59	S	S	0.0434098619399729	AF-P38398-F1-model_v4.pdb	59
P38398	59	S	P	0.0065583200560117	AF-P38398-F1-model_v4.pdb	59
P38398	59	S	A	0.194887588944355	AF-P38398-F1-model_v4.pdb	59
P38398	59	S	*	-0.284278210166911	AF-P38398-F1-model_v4.pdb	59
P38398	59	S	*	-1.21277023642111	AF-P38398-F1-model_v4.pdb	59
P38398	60	Q	H	-0.2414816892465009	AF-P38398-F1-model_v4.pdb	60
P38398	60	Q	H	0.112406115491139	AF-P38398-F1-model_v4.pdb	60
P38398	60	Q	L	-0.0656993369022947	AF-P38398-F1-model_v4.pdb	60
P38398	60	Q	R	0.345960559845242	AF-P38398-F1-model_v4.pdb	60
P38398	60	Q	P	0.161799891254918	AF-P38398-F1-model_v4.pdb	60
P38398	60	Q	*	-1.18251096208408	AF-P38398-F1-model_v4.pdb	60
P38398	60	Q	E	0.3358762097351659	AF-P38398-F1-model_v4.pdb	60
P38398	60	Q	K	0.11447671737307	AF-P38398-F1-model_v4.pdb	60
P38398	60	Q	Q	-0.233838184774932	AF-P38398-F1-model_v4.pdb	60
P38398	61	C	S	-0.898679699185722	AF-P38398-F1-model_v4.pdb	61
P38398	61	C	G	-0.267816713044843	AF-P38398-F1-model_v4.pdb	61
P38398	61	C	R	0.170856655274433	AF-P38398-F1-model_v4.pdb	61
P38398	61	C	F	-0.763412046551418	AF-P38398-F1-model_v4.pdb	61
P38398	61	C	*	-1.56213656069196	AF-P38398-F1-model_v4.pdb	61
P38398	61	C	C	0.251733005452711	AF-P38398-F1-model_v4.pdb	61
P38398	61	C	W	-0.235688513275459	AF-P38398-F1-model_v4.pdb	61
P38398	61	C	Y	-0.3415203610923049	AF-P38398-F1-model_v4.pdb	61
P38398	61	C	S	-0.168951709793292	AF-P38398-F1-model_v4.pdb	61
P38398	62	P	R	0.12915687265697	AF-P38398-F1-model_v4.pdb	62
P38398	62	P	L	0.205926242896041	AF-P38398-F1-model_v4.pdb	62
P38398	62	P	P	-0.0060158193412021	AF-P38398-F1-model_v4.pdb	62
P38398	62	P	P	0.6146476922927641	AF-P38398-F1-model_v4.pdb	62
P38398	62	P	H	0.4114783961664671	AF-P38398-F1-model_v4.pdb	62
P38398	62	P	A	0.348484596280848	AF-P38398-F1-model_v4.pdb	62
P38398	62	P	S	0.0261901209199489	AF-P38398-F1-model_v4.pdb	62
P38398	62	P	P	0.0769134278752572	AF-P38398-F1-model_v4.pdb	62
P38398	62	P	T	0.0225209711917103	AF-P38398-F1-model_v4.pdb	62
P38398	63	L	I	0.425875387001591	AF-P38398-F1-model_v4.pdb	63
P38398	63	L	L	0.0458266303542926	AF-P38398-F1-model_v4.pdb	63
P38398	63	L	*	-0.752753877496254	AF-P38398-F1-model_v4.pdb	63
P38398	63	L	S	0.0763291838601655	AF-P38398-F1-model_v4.pdb	63
P38398	63	L	*	-0.963431193837629	AF-P38398-F1-model_v4.pdb	63
P38398	63	L	F	0.0989957257714559	AF-P38398-F1-model_v4.pdb	63
P38398	63	L	L	0.0835682789027633	AF-P38398-F1-model_v4.pdb	63
P38398	63	L	F	0.0014426710451084	AF-P38398-F1-model_v4.pdb	63
P38398	63	L	V	0.5413036037717159	AF-P38398-F1-model_v4.pdb	63
P38398	64	C	S	-0.0635171304758814	AF-P38398-F1-model_v4.pdb	64
P38398	64	C	S	-0.0394961766118285	AF-P38398-F1-model_v4.pdb	64
P38398	64	C	R	0.204635008599165	AF-P38398-F1-model_v4.pdb	64
P38398	64	C	F	-0.186446555664138	AF-P38398-F1-model_v4.pdb	64
P38398	64	C	*	-1.18543598561137	AF-P38398-F1-model_v4.pdb	64
P38398	64	C	C	0.3606961760310989	AF-P38398-F1-model_v4.pdb	64
P38398	64	C	W	-0.2446918995259369	AF-P38398-F1-model_v4.pdb	64
P38398	64	C	Y	0.123106773084229	AF-P38398-F1-model_v4.pdb	64
P38398	64	C	G	-5.421073719490889	AF-P38398-F1-model_v4.pdb	64
P38398	65	K	*	-0.911730539328024	AF-P38398-F1-model_v4.pdb	65
P38398	65	K	Q	0.376189021357015	AF-P38398-F1-model_v4.pdb	65
P38398	65	K	E	0.179307068875383	AF-P38398-F1-model_v4.pdb	65
P38398	65	K	T	0.468138841845609	AF-P38398-F1-model_v4.pdb	65
P38398	65	K	R	0.0771023162505959	AF-P38398-F1-model_v4.pdb	65
P38398	65	K	K	-0.0263692588829648	AF-P38398-F1-model_v4.pdb	65
P38398	65	K	N	0.2126836562959649	AF-P38398-F1-model_v4.pdb	65
P38398	65	K	N	0.271017978393814	AF-P38398-F1-model_v4.pdb	65
P38398	65	K	M	0.146319992371926	AF-P38398-F1-model_v4.pdb	65
P38398	66	N	T	0.0764214172436726	AF-P38398-F1-model_v4.pdb	66
P38398	66	N	Y	-3.83620120312288	AF-P38398-F1-model_v4.pdb	66
P38398	66	N	H	-0.495878902079106	AF-P38398-F1-model_v4.pdb	66
P38398	66	N	S	-0.114751339098497	AF-P38398-F1-model_v4.pdb	66
P38398	66	N	I	0.390669516097128	AF-P38398-F1-model_v4.pdb	66
P38398	66	N	N	0.284627770053658	AF-P38398-F1-model_v4.pdb	66
P38398	66	N	K	-0.143726224528384	AF-P38398-F1-model_v4.pdb	66
P38398	66	N	D	0.315572357227586	AF-P38398-F1-model_v4.pdb	66
P38398	66	N	K	0.401782984847906	AF-P38398-F1-model_v4.pdb	66
P38398	67	D	E	0.6111756160826011	AF-P38398-F1-model_v4.pdb	67
P38398	67	D	A	0.350125851180948	AF-P38398-F1-model_v4.pdb	67
P38398	67	D	G	-0.0794304633899261	AF-P38398-F1-model_v4.pdb	67
P38398	67	D	V	0.162488909189629	AF-P38398-F1-model_v4.pdb	67
P38398	67	D	E	0.4212541759717321	AF-P38398-F1-model_v4.pdb	67
P38398	67	D	D	-0.0630297054744629	AF-P38398-F1-model_v4.pdb	67
P38398	67	D	N	-0.726870754597745	AF-P38398-F1-model_v4.pdb	67
P38398	67	D	Y	-0.0429232082389269	AF-P38398-F1-model_v4.pdb	67
P38398	67	D	H	0.252812178797864	AF-P38398-F1-model_v4.pdb	67
P38398	68	I	L	0.0079041206451648	AF-P38398-F1-model_v4.pdb	68
P38398	68	I	K	-0.1708715575711809	AF-P38398-F1-model_v4.pdb	68
P38398	68	I	T	0.228992820529175	AF-P38398-F1-model_v4.pdb	68
P38398	68	I	R	-0.170128560206533	AF-P38398-F1-model_v4.pdb	68
P38398	68	I	I	0.202121967025498	AF-P38398-F1-model_v4.pdb	68
P38398	68	I	M	0.415175408133118	AF-P38398-F1-model_v4.pdb	68
P38398	68	I	I	0.0757673705902625	AF-P38398-F1-model_v4.pdb	68
P38398	68	I	L	0.125474104246383	AF-P38398-F1-model_v4.pdb	68
P38398	68	I	V	0.193267512749253	AF-P38398-F1-model_v4.pdb	68
P38398	69	T	N	0.4863663167216379	AF-P38398-F1-model_v4.pdb	69
P38398	69	T	S	0.0042661502928921	AF-P38398-F1-model_v4.pdb	69
P38398	69	T	P	0.0076928496196127	AF-P38398-F1-model_v4.pdb	69
P38398	69	T	A	-0.0232786871847015	AF-P38398-F1-model_v4.pdb	69
P38398	69	T	S	-0.1722048694883149	AF-P38398-F1-model_v4.pdb	69
P38398	69	T	I	0.0345378564454643	AF-P38398-F1-model_v4.pdb	69
P38398	69	T	T	0.0028567644820788	AF-P38398-F1-model_v4.pdb	69
P38398	69	T	T	0.278039211416238	AF-P38398-F1-model_v4.pdb	69
P38398	69	T	T	-0.0400057407453669	AF-P38398-F1-model_v4.pdb	69
P38398	70	K	*	-2.19829432666952	AF-P38398-F1-model_v4.pdb	70
P38398	70	K	E	-0.3413954542306049	AF-P38398-F1-model_v4.pdb	70
P38398	70	K	Q	-0.261360705587236	AF-P38398-F1-model_v4.pdb	70
P38398	70	K	R	0.0664836729212698	AF-P38398-F1-model_v4.pdb	70
P38398	70	K	I	-0.520115193742141	AF-P38398-F1-model_v4.pdb	70
P38398	70	K	K	-0.3886751653407059	AF-P38398-F1-model_v4.pdb	70
P38398	70	K	N	0.3228217409164939	AF-P38398-F1-model_v4.pdb	70
P38398	70	K	N	-3.06772276498178	AF-P38398-F1-model_v4.pdb	70
P38398	70	K	T	0.1233863688305109	AF-P38398-F1-model_v4.pdb	70
P38398	71	R	K	-4.75749214530742	AF-P38398-F1-model_v4.pdb	71
P38398	71	R	T	-5.40610679415549	AF-P38398-F1-model_v4.pdb	71
P38398	71	R	M	-3.25552983938129	AF-P38398-F1-model_v4.pdb	71
P38398	71	R	S	-1.01138284286055	AF-P38398-F1-model_v4.pdb	71
P38398	71	R	S	-1.13914175289414	AF-P38398-F1-model_v4.pdb	71
P38398	71	R	G	-2.78807284152998	AF-P38398-F1-model_v4.pdb	71
P38398	71	R	W	-3.82625754325162	AF-P38398-F1-model_v4.pdb	71
P38398	71	R	R	-0.0943474663180249	AF-P38398-F1-model_v4.pdb	71
P38398	71	R	R	-4.63892078614309	AF-P38398-F1-model_v4.pdb	71
P38398	72	S	I	0.615588590686708	AF-P38398-F1-model_v4.pdb	72
P38398	72	S	S	-0.3430538012393679	AF-P38398-F1-model_v4.pdb	72
P38398	72	S	R	-0.375297998922732	AF-P38398-F1-model_v4.pdb	72
P38398	72	S	R	0.546784391295124	AF-P38398-F1-model_v4.pdb	72
P38398	72	S	T	-0.146762735818933	AF-P38398-F1-model_v4.pdb	72
P38398	72	S	N	-0.0328876191052469	AF-P38398-F1-model_v4.pdb	72
P38398	72	S	C	0.1481528850745	AF-P38398-F1-model_v4.pdb	72
P38398	72	S	G	-0.234270481049429	AF-P38398-F1-model_v4.pdb	72
P38398	72	S	R	0.440956028380577	AF-P38398-F1-model_v4.pdb	72
P38398	73	L	Q	-0.241107888366256	AF-P38398-F1-model_v4.pdb	73
P38398	73	L	L	0.204226270731903	AF-P38398-F1-model_v4.pdb	73
P38398	73	L	V	-0.0318337091801899	AF-P38398-F1-model_v4.pdb	73
P38398	73	L	R	0.278155695515545	AF-P38398-F1-model_v4.pdb	73
P38398	73	L	P	0.877725930314812	AF-P38398-F1-model_v4.pdb	73
P38398	73	L	L	-0.0980322385395566	AF-P38398-F1-model_v4.pdb	73
P38398	73	L	L	-0.0856719975461533	AF-P38398-F1-model_v4.pdb	73
P38398	73	L	L	0.118922681171495	AF-P38398-F1-model_v4.pdb	73
P38398	74	Q	K	-0.1137550496595389	AF-P38398-F1-model_v4.pdb	74
P38398	74	Q	H	-0.445013233655319	AF-P38398-F1-model_v4.pdb	74
P38398	74	Q	H	-0.52267418717071	AF-P38398-F1-model_v4.pdb	74
P38398	74	Q	L	0.317090409465865	AF-P38398-F1-model_v4.pdb	74
P38398	74	Q	R	-0.3426302306285569	AF-P38398-F1-model_v4.pdb	74
P38398	74	Q	E	0.1804011374935299	AF-P38398-F1-model_v4.pdb	74
P38398	74	Q	P	0.0767303822277409	AF-P38398-F1-model_v4.pdb	74
P38398	74	Q	*	-1.85572782633241	AF-P38398-F1-model_v4.pdb	74
P38398	75	E	*	-1.88534882005531	AF-P38398-F1-model_v4.pdb	75
P38398	75	E	D	-0.0337340551626374	AF-P38398-F1-model_v4.pdb	75
P38398	75	E	A	-0.7986621242767109	AF-P38398-F1-model_v4.pdb	75
P38398	75	E	K	0.916334763968232	AF-P38398-F1-model_v4.pdb	75
P38398	75	E	D	0.238795186133109	AF-P38398-F1-model_v4.pdb	75
P38398	75	E	G	0.4791337878770789	AF-P38398-F1-model_v4.pdb	75
P38398	75	E	Q	0.303177024495167	AF-P38398-F1-model_v4.pdb	75
P38398	75	E	E	0.456503149074792	AF-P38398-F1-model_v4.pdb	75
P38398	76	S	S	-0.0482246733700871	AF-P38398-F1-model_v4.pdb	76
P38398	76	S	T	0.295812307886565	AF-P38398-F1-model_v4.pdb	76
P38398	76	S	N	0.2142782801299529	AF-P38398-F1-model_v4.pdb	76
P38398	76	S	I	-0.5016117109900909	AF-P38398-F1-model_v4.pdb	76
P38398	76	S	G	-0.6014114268327729	AF-P38398-F1-model_v4.pdb	76
P38398	76	S	R	0.0485950632035354	AF-P38398-F1-model_v4.pdb	76
P38398	76	S	C	-0.0549051093348971	AF-P38398-F1-model_v4.pdb	76
P38398	76	S	R	0.110106298325136	AF-P38398-F1-model_v4.pdb	76
P38398	77	T	T	-1.53063927071282	AF-P38398-F1-model_v4.pdb	77
P38398	77	T	T	0.303550382679424	AF-P38398-F1-model_v4.pdb	77
P38398	77	T	M	-0.501230657691094	AF-P38398-F1-model_v4.pdb	77
P38398	77	T	R	-0.4895952855449539	AF-P38398-F1-model_v4.pdb	77
P38398	77	T	K	-0.6891261909080361	AF-P38398-F1-model_v4.pdb	77
P38398	77	T	S	-0.034659558743559	AF-P38398-F1-model_v4.pdb	77
P38398	77	T	A	0.224723587470173	AF-P38398-F1-model_v4.pdb	77
P38398	77	T	P	-0.0808623284884202	AF-P38398-F1-model_v4.pdb	77
P38398	78	R	S	-0.157535973082661	AF-P38398-F1-model_v4.pdb	78
P38398	78	R	R	-0.015794957122922	AF-P38398-F1-model_v4.pdb	78
P38398	78	R	R	0.2466193991918179	AF-P38398-F1-model_v4.pdb	78
P38398	78	R	S	-0.0839044146873639	AF-P38398-F1-model_v4.pdb	78
P38398	78	R	I	-0.558822176511458	AF-P38398-F1-model_v4.pdb	78
P38398	78	R	G	-0.216363015251505	AF-P38398-F1-model_v4.pdb	78
P38398	78	R	K	0.7520265575030741	AF-P38398-F1-model_v4.pdb	78
P38398	78	R	*	-0.916913237479474	AF-P38398-F1-model_v4.pdb	78
P38398	78	R	T	0.327170489158495	AF-P38398-F1-model_v4.pdb	78
P38398	79	F	L	-0.2829621503562119	AF-P38398-F1-model_v4.pdb	79
P38398	79	F	V	-0.0148120079461346	AF-P38398-F1-model_v4.pdb	79
P38398	79	F	Y	0.656076726272495	AF-P38398-F1-model_v4.pdb	79
P38398	79	F	S	-0.3586918576841429	AF-P38398-F1-model_v4.pdb	79
P38398	79	F	C	0.7528416436233841	AF-P38398-F1-model_v4.pdb	79
P38398	79	F	L	0.380840539841001	AF-P38398-F1-model_v4.pdb	79
P38398	79	F	F	0.181044143922349	AF-P38398-F1-model_v4.pdb	79
P38398	79	F	L	0.173032760344878	AF-P38398-F1-model_v4.pdb	79
P38398	80	S	R	0.310503140234053	AF-P38398-F1-model_v4.pdb	80
P38398	80	S	N	-0.555805383813876	AF-P38398-F1-model_v4.pdb	80
P38398	80	S	C	-0.6361962798787231	AF-P38398-F1-model_v4.pdb	80
P38398	80	S	T	-0.213579322776226	AF-P38398-F1-model_v4.pdb	80
P38398	80	S	I	0.89674852853808	AF-P38398-F1-model_v4.pdb	80
P38398	80	S	R	0.636163700218341	AF-P38398-F1-model_v4.pdb	80
P38398	80	S	S	-0.586845034845069	AF-P38398-F1-model_v4.pdb	80
P38398	80	S	R	0.0376947369283647	AF-P38398-F1-model_v4.pdb	80
P38398	80	S	G	-0.1768707188896869	AF-P38398-F1-model_v4.pdb	80
P38398	81	Q	P	0.2772024868771749	AF-P38398-F1-model_v4.pdb	81
P38398	81	Q	*	-1.8493101684151296	AF-P38398-F1-model_v4.pdb	81
P38398	81	Q	H	0.329278060238568	AF-P38398-F1-model_v4.pdb	81
P38398	81	Q	E	0.0775949287672824	AF-P38398-F1-model_v4.pdb	81
P38398	81	Q	K	-1.35237139263771	AF-P38398-F1-model_v4.pdb	81
P38398	81	Q	L	-0.133410742939389	AF-P38398-F1-model_v4.pdb	81
P38398	81	Q	R	0.270547124570975	AF-P38398-F1-model_v4.pdb	81
P38398	81	Q	Q	-0.508330653901536	AF-P38398-F1-model_v4.pdb	81
P38398	81	Q	H	0.1440706100676499	AF-P38398-F1-model_v4.pdb	81
P38398	82	L	F	-0.7017890848257421	AF-P38398-F1-model_v4.pdb	82
P38398	82	L	H	0.654257901394066	AF-P38398-F1-model_v4.pdb	82
P38398	82	L	P	-0.1656777698653219	AF-P38398-F1-model_v4.pdb	82
P38398	82	L	R	0.0821505887366002	AF-P38398-F1-model_v4.pdb	82
P38398	82	L	L	-0.156534010031005	AF-P38398-F1-model_v4.pdb	82
P38398	82	L	L	0.0853050618561255	AF-P38398-F1-model_v4.pdb	82
P38398	82	L	L	0.203411060677284	AF-P38398-F1-model_v4.pdb	82
P38398	82	L	V	-0.0741640846284883	AF-P38398-F1-model_v4.pdb	82
P38398	82	L	I	-0.753398891125515	AF-P38398-F1-model_v4.pdb	82
P38398	83	V	V	0.265429799211896	AF-P38398-F1-model_v4.pdb	83
P38398	83	V	V	-0.3343546672165269	AF-P38398-F1-model_v4.pdb	83
P38398	83	V	D	0.871303633174488	AF-P38398-F1-model_v4.pdb	83
P38398	83	V	F	0.162531362836694	AF-P38398-F1-model_v4.pdb	83
P38398	83	V	L	-0.101696115575864	AF-P38398-F1-model_v4.pdb	83
P38398	83	V	I	-0.221812675007978	AF-P38398-F1-model_v4.pdb	83
P38398	83	V	V	0.263587650509427	AF-P38398-F1-model_v4.pdb	83
P38398	83	V	G	0.233337302534252	AF-P38398-F1-model_v4.pdb	83
P38398	84	E	K	-1.49551716883044	AF-P38398-F1-model_v4.pdb	84
P38398	84	E	Q	-0.3057547099441389	AF-P38398-F1-model_v4.pdb	84
P38398	84	E	*	-0.478659489825073	AF-P38398-F1-model_v4.pdb	84
P38398	84	E	A	0.207797002605962	AF-P38398-F1-model_v4.pdb	84
P38398	84	E	G	0.620125359117543	AF-P38398-F1-model_v4.pdb	84
P38398	84	E	V	-1.71150016365855	AF-P38398-F1-model_v4.pdb	84
P38398	84	E	D	-0.759676485837515	AF-P38398-F1-model_v4.pdb	84
P38398	84	E	E	-0.113638748620905	AF-P38398-F1-model_v4.pdb	84
P38398	84	E	D	-0.0967642831854442	AF-P38398-F1-model_v4.pdb	84
P38398	85	E	K	-2.58868430260996	AF-P38398-F1-model_v4.pdb	85
P38398	85	E	*	-1.55030110775232	AF-P38398-F1-model_v4.pdb	85
P38398	85	E	G	-1.289423964451	AF-P38398-F1-model_v4.pdb	85
P38398	85	E	V	0.0045388035802064	AF-P38398-F1-model_v4.pdb	85
P38398	85	E	E	-0.3558090441469829	AF-P38398-F1-model_v4.pdb	85
P38398	85	E	D	-0.0688626971622879	AF-P38398-F1-model_v4.pdb	85
P38398	85	E	D	0.263018219955732	AF-P38398-F1-model_v4.pdb	85
P38398	85	E	Q	0.245470690320613	AF-P38398-F1-model_v4.pdb	85
P38398	85	E	A	0.1651420669161359	AF-P38398-F1-model_v4.pdb	85
P38398	86	L	L	0.49402320341759	AF-P38398-F1-model_v4.pdb	86
P38398	86	L	L	-0.235173346049973	AF-P38398-F1-model_v4.pdb	86
P38398	86	L	R	-2.10997123637413	AF-P38398-F1-model_v4.pdb	86
P38398	86	L	L	0.125457682428341	AF-P38398-F1-model_v4.pdb	86
P38398	86	L	Q	0.533545290775371	AF-P38398-F1-model_v4.pdb	86
P38398	86	L	P	-0.13835043139545	AF-P38398-F1-model_v4.pdb	86
P38398	86	L	I	-0.584591331649816	AF-P38398-F1-model_v4.pdb	86
P38398	86	L	V	-0.711414509583721	AF-P38398-F1-model_v4.pdb	86
P38398	86	L	L	0.404894614967234	AF-P38398-F1-model_v4.pdb	86
P38398	87	L	V	-1.01265994831471	AF-P38398-F1-model_v4.pdb	87
P38398	87	L	*	-1.6105160016532	AF-P38398-F1-model_v4.pdb	87
P38398	87	L	S	0.160349994835469	AF-P38398-F1-model_v4.pdb	87
P38398	87	L	W	0.102166134501968	AF-P38398-F1-model_v4.pdb	87
P38398	87	L	L	0.0807162205854405	AF-P38398-F1-model_v4.pdb	87
P38398	87	L	F	0.0518696368866059	AF-P38398-F1-model_v4.pdb	87
P38398	87	L	F	-2.33864711740061	AF-P38398-F1-model_v4.pdb	87
P38398	87	L	M	0.0713127634728099	AF-P38398-F1-model_v4.pdb	87
P38398	87	L	L	0.0	AF-P38398-F1-model_v4.pdb	87
P38398	88	K	N	0.156239723066435	AF-P38398-F1-model_v4.pdb	88
P38398	88	K	N	0.403927680572799	AF-P38398-F1-model_v4.pdb	88
P38398	88	K	K	0.3037793772340579	AF-P38398-F1-model_v4.pdb	88
P38398	88	K	T	-0.118600820109388	AF-P38398-F1-model_v4.pdb	88
P38398	88	K	*	-0.630425143691157	AF-P38398-F1-model_v4.pdb	88
P38398	88	K	Q	0.729471280041052	AF-P38398-F1-model_v4.pdb	88
P38398	88	K	E	0.23604836736025	AF-P38398-F1-model_v4.pdb	88
P38398	88	K	R	-0.237656190069058	AF-P38398-F1-model_v4.pdb	88
P38398	89	I	I	1.50727813749618	AF-P38398-F1-model_v4.pdb	89
P38398	89	I	I	0.2099856062517389	AF-P38398-F1-model_v4.pdb	89
P38398	89	I	M	0.104745743842998	AF-P38398-F1-model_v4.pdb	89
P38398	89	I	L	0.365193910424508	AF-P38398-F1-model_v4.pdb	89
P38398	89	I	T	-0.146210471970456	AF-P38398-F1-model_v4.pdb	89
P38398	89	I	N	-0.425169056870806	AF-P38398-F1-model_v4.pdb	89
P38398	89	I	F	0.2705407796103299	AF-P38398-F1-model_v4.pdb	89
P38398	89	I	V	0.0948952790034121	AF-P38398-F1-model_v4.pdb	89
P38398	89	I	S	-0.993667885345672	AF-P38398-F1-model_v4.pdb	89
P38398	90	I	M	-0.187684946613675	AF-P38398-F1-model_v4.pdb	90
P38398	90	I	I	0.2021040297216489	AF-P38398-F1-model_v4.pdb	90
P38398	90	I	S	0.326831197024612	AF-P38398-F1-model_v4.pdb	90
P38398	90	I	T	0.289279136838866	AF-P38398-F1-model_v4.pdb	90
P38398	90	I	I	0.10229499922582	AF-P38398-F1-model_v4.pdb	90
P38398	90	I	L	0.310462638812648	AF-P38398-F1-model_v4.pdb	90
P38398	90	I	N	-0.371863461533973	AF-P38398-F1-model_v4.pdb	90
P38398	90	I	F	0.522889521337292	AF-P38398-F1-model_v4.pdb	90
P38398	90	I	V	-0.0953084691063697	AF-P38398-F1-model_v4.pdb	90
P38398	91	C	W	0.0352479093205689	AF-P38398-F1-model_v4.pdb	91
P38398	91	C	C	0.0278814243383183	AF-P38398-F1-model_v4.pdb	91
P38398	91	C	*	-0.869247818004097	AF-P38398-F1-model_v4.pdb	91
P38398	91	C	S	0.541479995237926	AF-P38398-F1-model_v4.pdb	91
P38398	91	C	F	-0.888607413409932	AF-P38398-F1-model_v4.pdb	91
P38398	91	C	R	0.117729930008445	AF-P38398-F1-model_v4.pdb	91
P38398	91	C	G	-0.144612285064459	AF-P38398-F1-model_v4.pdb	91
P38398	91	C	Y	-0.0996833684146402	AF-P38398-F1-model_v4.pdb	91
P38398	91	C	S	0.203191740243391	AF-P38398-F1-model_v4.pdb	91
P38398	92	A	V	-0.1452009311830019	AF-P38398-F1-model_v4.pdb	92
P38398	92	A	G	0.693900183951441	AF-P38398-F1-model_v4.pdb	92
P38398	92	A	A	0.168602770017246	AF-P38398-F1-model_v4.pdb	92
P38398	92	A	A	0.7406671329866809	AF-P38398-F1-model_v4.pdb	92
P38398	92	A	A	-0.0610771065773379	AF-P38398-F1-model_v4.pdb	92
P38398	92	A	D	-0.7324980767336841	AF-P38398-F1-model_v4.pdb	92
P38398	92	A	S	-0.0734079516238039	AF-P38398-F1-model_v4.pdb	92
P38398	92	A	P	-0.233999178524615	AF-P38398-F1-model_v4.pdb	92
P38398	92	A	T	-0.509729774321207	AF-P38398-F1-model_v4.pdb	92
P38398	93	F	L	-0.131157734535288	AF-P38398-F1-model_v4.pdb	93
P38398	93	F	F	-0.1176298396601489	AF-P38398-F1-model_v4.pdb	93
P38398	93	F	L	-0.277638510864756	AF-P38398-F1-model_v4.pdb	93
P38398	93	F	C	-0.50834491282657	AF-P38398-F1-model_v4.pdb	93
P38398	93	F	S	-0.32720269970492	AF-P38398-F1-model_v4.pdb	93
P38398	93	F	V	-0.0891464821745491	AF-P38398-F1-model_v4.pdb	93
P38398	93	F	Y	-0.238563160415561	AF-P38398-F1-model_v4.pdb	93
P38398	93	F	I	0.11826093649465	AF-P38398-F1-model_v4.pdb	93
P38398	93	F	L	-0.065803839433388	AF-P38398-F1-model_v4.pdb	93
P38398	94	Q	*	-3.70808451244424	AF-P38398-F1-model_v4.pdb	94
P38398	94	Q	H	-0.406139798442856	AF-P38398-F1-model_v4.pdb	94
P38398	94	Q	Q	-0.337458243786904	AF-P38398-F1-model_v4.pdb	94
P38398	94	Q	L	-0.0600082358014549	AF-P38398-F1-model_v4.pdb	94
P38398	94	Q	R	0.0030336708923318	AF-P38398-F1-model_v4.pdb	94
P38398	94	Q	H	-0.110498078026857	AF-P38398-F1-model_v4.pdb	94
P38398	94	Q	K	-0.6206033034996851	AF-P38398-F1-model_v4.pdb	94
P38398	94	Q	E	-0.12656141902273	AF-P38398-F1-model_v4.pdb	94
P38398	94	Q	P	-0.223773522339123	AF-P38398-F1-model_v4.pdb	94
P38398	95	L	P	-1.00554317657029	AF-P38398-F1-model_v4.pdb	95
P38398	95	L	L	-0.0784851600143858	AF-P38398-F1-model_v4.pdb	95
P38398	95	L	L	0.0004840382633384	AF-P38398-F1-model_v4.pdb	95
P38398	95	L	F	-0.390176865981354	AF-P38398-F1-model_v4.pdb	95
P38398	95	L	H	0.198157678544344	AF-P38398-F1-model_v4.pdb	95
P38398	95	L	L	-0.4026680688480989	AF-P38398-F1-model_v4.pdb	95
P38398	95	L	R	0.106640534869378	AF-P38398-F1-model_v4.pdb	95
P38398	95	L	V	-1.3369050936716498	AF-P38398-F1-model_v4.pdb	95
P38398	95	L	I	-0.4953085600627979	AF-P38398-F1-model_v4.pdb	95
P38398	96	D	A	-1.01575062620711	AF-P38398-F1-model_v4.pdb	96
P38398	96	D	N	-0.7946580891623422	AF-P38398-F1-model_v4.pdb	96
P38398	96	D	H	-0.7279505778479871	AF-P38398-F1-model_v4.pdb	96
P38398	96	D	D	0.0608788283853338	AF-P38398-F1-model_v4.pdb	96
P38398	96	D	Y	-0.8724572999029709	AF-P38398-F1-model_v4.pdb	96
P38398	96	D	G	-0.3676577308409839	AF-P38398-F1-model_v4.pdb	96
P38398	96	D	V	-0.661219777107796	AF-P38398-F1-model_v4.pdb	96
P38398	96	D	E	-0.468750303601998	AF-P38398-F1-model_v4.pdb	96
P38398	96	D	E	-1.79926175129583	AF-P38398-F1-model_v4.pdb	96
P38398	97	T	P	-1.07654628946011	AF-P38398-F1-model_v4.pdb	97
P38398	97	T	A	-0.036787891631305	AF-P38398-F1-model_v4.pdb	97
P38398	97	T	S	0.0340590496080285	AF-P38398-F1-model_v4.pdb	97
P38398	97	T	K	-0.316780022664551	AF-P38398-F1-model_v4.pdb	97
P38398	97	T	R	-0.0228143642138629	AF-P38398-F1-model_v4.pdb	97
P38398	97	T	I	-1.24711781185922	AF-P38398-F1-model_v4.pdb	97
P38398	97	T	T	-0.0165121364071748	AF-P38398-F1-model_v4.pdb	97
P38398	97	T	T	-0.0452117293951923	AF-P38398-F1-model_v4.pdb	97
P38398	97	T	T	-0.1913131633201669	AF-P38398-F1-model_v4.pdb	97
P38398	98	G	G	0.0825200958694692	AF-P38398-F1-model_v4.pdb	98
P38398	98	G	G	-0.0373371326767515	AF-P38398-F1-model_v4.pdb	98
P38398	98	G	G	-0.17627383325941	AF-P38398-F1-model_v4.pdb	98
P38398	98	G	A	-0.222052118595166	AF-P38398-F1-model_v4.pdb	98
P38398	98	G	S	-0.160602075616088	AF-P38398-F1-model_v4.pdb	98
P38398	98	G	D	0.141681669798844	AF-P38398-F1-model_v4.pdb	98
P38398	98	G	R	-0.2095060717396019	AF-P38398-F1-model_v4.pdb	98
P38398	98	G	C	-0.0370365374791626	AF-P38398-F1-model_v4.pdb	98
P38398	98	G	V	-0.0612266977703764	AF-P38398-F1-model_v4.pdb	98
P38398	99	L	L	-0.0369470976865321	AF-P38398-F1-model_v4.pdb	99
P38398	99	L	V	0.0559461140098113	AF-P38398-F1-model_v4.pdb	99
P38398	100	E	*	-1.83021754034032	AF-P38398-F1-model_v4.pdb	100
P38398	100	E	E	0.3115132159425099	AF-P38398-F1-model_v4.pdb	100
P38398	100	E	D	0.375588928089022	AF-P38398-F1-model_v4.pdb	100
P38398	100	E	D	-0.5460464957554221	AF-P38398-F1-model_v4.pdb	100
P38398	101	Y	D	0.460399312886144	AF-P38398-F1-model_v4.pdb	101
P38398	101	Y	N	0.0767272341731779	AF-P38398-F1-model_v4.pdb	101
P38398	1631	S	R	-0.0843195909266197	AF-P38398-F1-model_v4.pdb	1631
P38398	1631	S	R	-0.6416902486534979	AF-P38398-F1-model_v4.pdb	1631
P38398	1631	S	S	-0.167894488647925	AF-P38398-F1-model_v4.pdb	1631
P38398	1631	S	T	-0.520464890574995	AF-P38398-F1-model_v4.pdb	1631
P38398	1631	S	N	-0.989965632181322	AF-P38398-F1-model_v4.pdb	1631
P38398	1631	S	G	-0.5291320943552771	AF-P38398-F1-model_v4.pdb	1631
P38398	1631	S	R	-0.417397632921737	AF-P38398-F1-model_v4.pdb	1631
P38398	1631	S	I	-0.4283052414739269	AF-P38398-F1-model_v4.pdb	1631
P38398	1631	S	C	0.0975714132674193	AF-P38398-F1-model_v4.pdb	1631
P38398	1632	V	V	-0.356774956675692	AF-P38398-F1-model_v4.pdb	1632
P38398	1632	V	V	-0.697139177507561	AF-P38398-F1-model_v4.pdb	1632
P38398	1632	V	V	-0.122737724239928	AF-P38398-F1-model_v4.pdb	1632
P38398	1632	V	A	-0.313006810281233	AF-P38398-F1-model_v4.pdb	1632
P38398	1632	V	E	-0.445227723046871	AF-P38398-F1-model_v4.pdb	1632
P38398	1632	V	L	-0.134699166996796	AF-P38398-F1-model_v4.pdb	1632
P38398	1632	V	L	-0.462205120845621	AF-P38398-F1-model_v4.pdb	1632
P38398	1632	V	M	-0.237145513460261	AF-P38398-F1-model_v4.pdb	1632
P38398	1632	V	G	-0.492041542223413	AF-P38398-F1-model_v4.pdb	1632
P38398	1633	S	R	-0.0288375455606624	AF-P38398-F1-model_v4.pdb	1633
P38398	1633	S	G	-0.394185590418066	AF-P38398-F1-model_v4.pdb	1633
P38398	1633	S	C	-0.6680035923293729	AF-P38398-F1-model_v4.pdb	1633
P38398	1633	S	N	-0.363586272396489	AF-P38398-F1-model_v4.pdb	1633
P38398	1633	S	T	-0.6424250651337211	AF-P38398-F1-model_v4.pdb	1633
P38398	1633	S	I	0.0458393525523972	AF-P38398-F1-model_v4.pdb	1633
P38398	1633	S	R	-0.489031616540422	AF-P38398-F1-model_v4.pdb	1633
P38398	1633	S	R	0.4800380201364539	AF-P38398-F1-model_v4.pdb	1633
P38398	1633	S	S	0.0719380796860657	AF-P38398-F1-model_v4.pdb	1633
P38398	1634	R	S	-0.0817082221634457	AF-P38398-F1-model_v4.pdb	1634
P38398	1634	R	S	-0.300418350618988	AF-P38398-F1-model_v4.pdb	1634
P38398	1634	R	G	0.1092255779284439	AF-P38398-F1-model_v4.pdb	1634
P38398	1634	R	K	-0.56401150545157	AF-P38398-F1-model_v4.pdb	1634
P38398	1634	R	R	-0.275159982499286	AF-P38398-F1-model_v4.pdb	1634
P38398	1634	R	T	-0.199529144364959	AF-P38398-F1-model_v4.pdb	1634
P38398	1635	E	D	-0.1337066109035209	AF-P38398-F1-model_v4.pdb	1635
P38398	1635	E	K	-0.251515343890005	AF-P38398-F1-model_v4.pdb	1635
P38398	1635	E	Q	0.1990535862390549	AF-P38398-F1-model_v4.pdb	1635
P38398	1635	E	*	-2.8567170681348504	AF-P38398-F1-model_v4.pdb	1635
P38398	1635	E	A	0.0389706860094511	AF-P38398-F1-model_v4.pdb	1635
P38398	1635	E	G	-0.0549653877725626	AF-P38398-F1-model_v4.pdb	1635
P38398	1635	E	V	-0.1761377330295249	AF-P38398-F1-model_v4.pdb	1635
P38398	1635	E	E	-0.112625099625491	AF-P38398-F1-model_v4.pdb	1635
P38398	1635	E	D	-0.3929542298102949	AF-P38398-F1-model_v4.pdb	1635
P38398	1636	K	T	-0.192236758920434	AF-P38398-F1-model_v4.pdb	1636
P38398	1636	K	E	0.0565396081447649	AF-P38398-F1-model_v4.pdb	1636
P38398	1636	K	Q	-0.504385381573504	AF-P38398-F1-model_v4.pdb	1636
P38398	1636	K	N	0.21820235622209	AF-P38398-F1-model_v4.pdb	1636
P38398	1636	K	N	-0.263471350566729	AF-P38398-F1-model_v4.pdb	1636
P38398	1636	K	K	-0.701882723903995	AF-P38398-F1-model_v4.pdb	1636
P38398	1636	K	R	-0.4158547585918289	AF-P38398-F1-model_v4.pdb	1636
P38398	1636	K	*	-2.9271810880886697	AF-P38398-F1-model_v4.pdb	1636
P38398	1636	K	M	0.0811688031374723	AF-P38398-F1-model_v4.pdb	1636
P38398	1637	P	T	0.0574752270246409	AF-P38398-F1-model_v4.pdb	1637
P38398	1637	P	A	-0.30690064845568	AF-P38398-F1-model_v4.pdb	1637
P38398	1637	P	Q	0.0698525760190504	AF-P38398-F1-model_v4.pdb	1637
P38398	1637	P	R	0.0590855880702513	AF-P38398-F1-model_v4.pdb	1637
P38398	1637	P	L	-0.426543337407925	AF-P38398-F1-model_v4.pdb	1637
P38398	1637	P	P	0.0312076220707587	AF-P38398-F1-model_v4.pdb	1637
P38398	1637	P	P	0.0694879173801773	AF-P38398-F1-model_v4.pdb	1637
P38398	1637	P	P	0.0004224648463993	AF-P38398-F1-model_v4.pdb	1637
P38398	1637	P	S	-0.2064593717229239	AF-P38398-F1-model_v4.pdb	1637
P38398	1638	E	Q	-0.303625872342762	AF-P38398-F1-model_v4.pdb	1638
P38398	1638	E	K	0.2242582710626039	AF-P38398-F1-model_v4.pdb	1638
P38398	1638	E	*	-1.6930422854469902	AF-P38398-F1-model_v4.pdb	1638
P38398	1638	E	A	-0.0880706735727934	AF-P38398-F1-model_v4.pdb	1638
P38398	1638	E	G	-0.0791670841083451	AF-P38398-F1-model_v4.pdb	1638
P38398	1638	E	V	-0.0749499046037984	AF-P38398-F1-model_v4.pdb	1638
P38398	1638	E	D	-0.1904699081009119	AF-P38398-F1-model_v4.pdb	1638
P38398	1638	E	E	0.0729173360172735	AF-P38398-F1-model_v4.pdb	1638
P38398	1638	E	D	-0.346193955298512	AF-P38398-F1-model_v4.pdb	1638
P38398	1639	L	W	-0.303533012044298	AF-P38398-F1-model_v4.pdb	1639
P38398	1639	L	F	-0.381674212930443	AF-P38398-F1-model_v4.pdb	1639
P38398	1639	L	F	0.219165846492446	AF-P38398-F1-model_v4.pdb	1639
P38398	1639	L	L	0.376907464113511	AF-P38398-F1-model_v4.pdb	1639
P38398	1639	L	S	-0.262257603591888	AF-P38398-F1-model_v4.pdb	1639
P38398	1639	L	*	-2.8204037960688595	AF-P38398-F1-model_v4.pdb	1639
P38398	1639	L	V	0.288989940451363	AF-P38398-F1-model_v4.pdb	1639
P38398	1639	L	L	0.2023107219859419	AF-P38398-F1-model_v4.pdb	1639
P38398	1639	L	M	0.151683228402017	AF-P38398-F1-model_v4.pdb	1639
P38398	1640	T	P	-0.244707358938387	AF-P38398-F1-model_v4.pdb	1640
P38398	1640	T	A	0.134134665692827	AF-P38398-F1-model_v4.pdb	1640
P38398	1640	T	S	-0.423339118041122	AF-P38398-F1-model_v4.pdb	1640
P38398	1640	T	K	-0.231771725059046	AF-P38398-F1-model_v4.pdb	1640
P38398	1640	T	R	-0.0169633173024777	AF-P38398-F1-model_v4.pdb	1640
P38398	1640	T	T	0.0302461301530333	AF-P38398-F1-model_v4.pdb	1640
P38398	1640	T	T	0.181814917117856	AF-P38398-F1-model_v4.pdb	1640
P38398	1640	T	T	0.200618055345188	AF-P38398-F1-model_v4.pdb	1640
P38398	1640	T	I	-0.418749290638986	AF-P38398-F1-model_v4.pdb	1640
P38398	1641	A	T	0.212462564917172	AF-P38398-F1-model_v4.pdb	1641
P38398	1641	A	A	0.13497965593323	AF-P38398-F1-model_v4.pdb	1641
P38398	1641	A	A	0.263969672330527	AF-P38398-F1-model_v4.pdb	1641
P38398	1641	A	A	0.137692963509818	AF-P38398-F1-model_v4.pdb	1641
P38398	1641	A	V	-0.122387515595858	AF-P38398-F1-model_v4.pdb	1641
P38398	1641	A	G	-0.419575976331847	AF-P38398-F1-model_v4.pdb	1641
P38398	1641	A	D	-0.283269149143847	AF-P38398-F1-model_v4.pdb	1641
P38398	1641	A	S	0.141865359173479	AF-P38398-F1-model_v4.pdb	1641
P38398	1641	A	P	0.129144031207354	AF-P38398-F1-model_v4.pdb	1641
P38398	1642	S	*	-3.19198411715424	AF-P38398-F1-model_v4.pdb	1642
P38398	1642	S	S	0.0431064806681301	AF-P38398-F1-model_v4.pdb	1642
P38398	1642	S	L	-0.363092144107551	AF-P38398-F1-model_v4.pdb	1642
P38398	1642	S	S	0.227971003536202	AF-P38398-F1-model_v4.pdb	1642
P38398	1642	S	S	-0.0004225885931447	AF-P38398-F1-model_v4.pdb	1642
P38398	1642	S	P	-0.294737745840112	AF-P38398-F1-model_v4.pdb	1642
P38398	1642	S	A	-0.126315936784542	AF-P38398-F1-model_v4.pdb	1642
P38398	1642	S	*	-2.79926266696791	AF-P38398-F1-model_v4.pdb	1642
P38398	1642	S	T	-0.291574562498289	AF-P38398-F1-model_v4.pdb	1642
P38398	1643	T	T	-0.259604546868616	AF-P38398-F1-model_v4.pdb	1643
P38398	1643	T	T	0.405692812799837	AF-P38398-F1-model_v4.pdb	1643
P38398	1643	T	T	-0.196342316446792	AF-P38398-F1-model_v4.pdb	1643
P38398	1643	T	I	-0.0667308150819383	AF-P38398-F1-model_v4.pdb	1643
P38398	1643	T	R	-0.2453940451415719	AF-P38398-F1-model_v4.pdb	1643
P38398	1643	T	S	-0.14684825783194	AF-P38398-F1-model_v4.pdb	1643
P38398	1643	T	A	0.010350695106174	AF-P38398-F1-model_v4.pdb	1643
P38398	1643	T	P	-0.5934944010275021	AF-P38398-F1-model_v4.pdb	1643
P38398	1643	T	K	0.253668779963667	AF-P38398-F1-model_v4.pdb	1643
P38398	1644	E	E	-0.22938358160999	AF-P38398-F1-model_v4.pdb	1644
P38398	1644	E	D	0.0120499237470179	AF-P38398-F1-model_v4.pdb	1644
P38398	1644	E	D	0.128430683307629	AF-P38398-F1-model_v4.pdb	1644
P38398	1644	E	V	-0.352414890413034	AF-P38398-F1-model_v4.pdb	1644
P38398	1644	E	G	0.1864936413661209	AF-P38398-F1-model_v4.pdb	1644
P38398	1644	E	*	-2.7415731570204103	AF-P38398-F1-model_v4.pdb	1644
P38398	1644	E	A	0.0033530884506091	AF-P38398-F1-model_v4.pdb	1644
P38398	1644	E	Q	-0.0410531176129609	AF-P38398-F1-model_v4.pdb	1644
P38398	1644	E	K	0.160061079262017	AF-P38398-F1-model_v4.pdb	1644
P38398	1645	R	K	0.372735118765068	AF-P38398-F1-model_v4.pdb	1645
P38398	1645	R	M	0.4396141676272729	AF-P38398-F1-model_v4.pdb	1645
P38398	1645	R	T	-0.2246022168923589	AF-P38398-F1-model_v4.pdb	1645
P38398	1645	R	W	0.0988431811346386	AF-P38398-F1-model_v4.pdb	1645
P38398	1645	R	G	0.2137593544795069	AF-P38398-F1-model_v4.pdb	1645
P38398	1645	R	R	-0.2638546551270619	AF-P38398-F1-model_v4.pdb	1645
P38398	1645	R	S	0.128409543047262	AF-P38398-F1-model_v4.pdb	1645
P38398	1645	R	S	0.310763109484553	AF-P38398-F1-model_v4.pdb	1645
P38398	1645	R	R	-0.0177317875030622	AF-P38398-F1-model_v4.pdb	1645
P38398	1646	V	L	0.0988089553882734	AF-P38398-F1-model_v4.pdb	1646
P38398	1646	V	F	-0.108696435283772	AF-P38398-F1-model_v4.pdb	1646
P38398	1646	V	D	0.0894468009599049	AF-P38398-F1-model_v4.pdb	1646
P38398	1646	V	A	0.424096775065796	AF-P38398-F1-model_v4.pdb	1646
P38398	1646	V	G	0.2604785848624489	AF-P38398-F1-model_v4.pdb	1646
P38398	1646	V	V	-2.2001912309525697	AF-P38398-F1-model_v4.pdb	1646
P38398	1646	V	I	0.2709284920229289	AF-P38398-F1-model_v4.pdb	1646
P38398	1646	V	V	0.13388330762824	AF-P38398-F1-model_v4.pdb	1646
P38398	1646	V	V	-0.2149458019735669	AF-P38398-F1-model_v4.pdb	1646
P38398	1647	N	D	0.114186559038344	AF-P38398-F1-model_v4.pdb	1647
P38398	1647	N	H	-0.8123881022237429	AF-P38398-F1-model_v4.pdb	1647
P38398	1647	N	N	-0.301911095083949	AF-P38398-F1-model_v4.pdb	1647
P38398	1647	N	K	-0.0483850570343786	AF-P38398-F1-model_v4.pdb	1647
P38398	1647	N	K	-0.0428325824054999	AF-P38398-F1-model_v4.pdb	1647
P38398	1647	N	S	0.191851626722614	AF-P38398-F1-model_v4.pdb	1647
P38398	1647	N	T	0.0300293099052956	AF-P38398-F1-model_v4.pdb	1647
P38398	1647	N	Y	0.323011517618949	AF-P38398-F1-model_v4.pdb	1647
P38398	1647	N	I	-0.142174933850685	AF-P38398-F1-model_v4.pdb	1647
P38398	1648	K	K	-0.19967849960816	AF-P38398-F1-model_v4.pdb	1648
P38398	1648	K	N	-0.2429687313511329	AF-P38398-F1-model_v4.pdb	1648
P38398	1648	K	I	-0.170012821000861	AF-P38398-F1-model_v4.pdb	1648
P38398	1648	K	R	0.3272397397120239	AF-P38398-F1-model_v4.pdb	1648
P38398	1648	K	T	-0.2200132029319039	AF-P38398-F1-model_v4.pdb	1648
P38398	1648	K	*	-2.75825948922568	AF-P38398-F1-model_v4.pdb	1648
P38398	1648	K	E	-0.165293640454294	AF-P38398-F1-model_v4.pdb	1648
P38398	1648	K	Q	-0.214118256684397	AF-P38398-F1-model_v4.pdb	1648
P38398	1648	K	N	-0.4710533873910589	AF-P38398-F1-model_v4.pdb	1648
P38398	1649	R	*	-2.22561323744431	AF-P38398-F1-model_v4.pdb	1649
P38398	1649	R	R	0.4112154390273019	AF-P38398-F1-model_v4.pdb	1649
P38398	1649	R	S	-0.189078690377145	AF-P38398-F1-model_v4.pdb	1649
P38398	1649	R	R	0.038063482504301	AF-P38398-F1-model_v4.pdb	1649
P38398	1649	R	I	-0.11598074812716	AF-P38398-F1-model_v4.pdb	1649
P38398	1649	R	T	-0.2112238840170349	AF-P38398-F1-model_v4.pdb	1649
P38398	1649	R	K	-0.26478678068748	AF-P38398-F1-model_v4.pdb	1649
P38398	1649	R	S	-0.7114905796700729	AF-P38398-F1-model_v4.pdb	1649
P38398	1649	R	G	-0.0596520163670217	AF-P38398-F1-model_v4.pdb	1649
P38398	1650	M	I	-0.3911772016115679	AF-P38398-F1-model_v4.pdb	1650
P38398	1650	M	I	0.309018462175014	AF-P38398-F1-model_v4.pdb	1650
P38398	1650	M	I	0.123731893461804	AF-P38398-F1-model_v4.pdb	1650
P38398	1650	M	R	0.816249112354607	AF-P38398-F1-model_v4.pdb	1650
P38398	1650	M	T	0.039804407662506	AF-P38398-F1-model_v4.pdb	1650
P38398	1650	M	L	-0.0161626906837128	AF-P38398-F1-model_v4.pdb	1650
P38398	1650	M	V	0.15560890887579	AF-P38398-F1-model_v4.pdb	1650
P38398	1650	M	L	-0.450418217617677	AF-P38398-F1-model_v4.pdb	1650
P38398	1650	M	K	0.305347741588238	AF-P38398-F1-model_v4.pdb	1650
P38398	1651	S	F	0.1818915077087539	AF-P38398-F1-model_v4.pdb	1651
P38398	1651	S	S	-0.143824044613626	AF-P38398-F1-model_v4.pdb	1651
P38398	1651	S	T	0.2036876382214419	AF-P38398-F1-model_v4.pdb	1651
P38398	1651	S	P	-0.860139662198405	AF-P38398-F1-model_v4.pdb	1651
P38398	1651	S	A	0.11884696953549	AF-P38398-F1-model_v4.pdb	1651
P38398	1651	S	Y	-0.274357144511322	AF-P38398-F1-model_v4.pdb	1651
P38398	1651	S	C	0.0254035964255853	AF-P38398-F1-model_v4.pdb	1651
P38398	1651	S	S	-0.262643560390058	AF-P38398-F1-model_v4.pdb	1651
P38398	1651	S	S	-0.2320602231702	AF-P38398-F1-model_v4.pdb	1651
P38398	1652	M	L	-0.136509793368873	AF-P38398-F1-model_v4.pdb	1652
P38398	1652	M	V	0.0848314025620623	AF-P38398-F1-model_v4.pdb	1652
P38398	1652	M	L	0.254635598169447	AF-P38398-F1-model_v4.pdb	1652
P38398	1652	M	K	-1.01363858881327	AF-P38398-F1-model_v4.pdb	1652
P38398	1652	M	T	-0.164150445411254	AF-P38398-F1-model_v4.pdb	1652
P38398	1652	M	R	-0.8070711495716401	AF-P38398-F1-model_v4.pdb	1652
P38398	1652	M	I	0.052929789757426	AF-P38398-F1-model_v4.pdb	1652
P38398	1652	M	I	0.0593534933295647	AF-P38398-F1-model_v4.pdb	1652
P38398	1652	M	I	-0.4357492331935371	AF-P38398-F1-model_v4.pdb	1652
P38398	1653	V	L	-0.898467464812035	AF-P38398-F1-model_v4.pdb	1653
P38398	1653	V	E	-0.395080169025773	AF-P38398-F1-model_v4.pdb	1653
P38398	1653	V	A	-0.0876761826570417	AF-P38398-F1-model_v4.pdb	1653
P38398	1653	V	G	0.0168065263808292	AF-P38398-F1-model_v4.pdb	1653
P38398	1653	V	V	0.497376428466226	AF-P38398-F1-model_v4.pdb	1653
P38398	1653	V	V	-0.178486697127367	AF-P38398-F1-model_v4.pdb	1653
P38398	1653	V	V	-0.0742103246255418	AF-P38398-F1-model_v4.pdb	1653
P38398	1653	V	L	-1.03773676684296	AF-P38398-F1-model_v4.pdb	1653
P38398	1654	V	A	0.193340435511083	AF-P38398-F1-model_v4.pdb	1654
P38398	1654	V	V	-0.346157143465336	AF-P38398-F1-model_v4.pdb	1654
P38398	1654	V	M	-0.0320946251254335	AF-P38398-F1-model_v4.pdb	1654
P38398	1654	V	L	-0.0231661493229214	AF-P38398-F1-model_v4.pdb	1654
P38398	1654	V	L	-0.0387063244344504	AF-P38398-F1-model_v4.pdb	1654
P38398	1654	V	E	-0.22841482253648	AF-P38398-F1-model_v4.pdb	1654
P38398	1654	V	V	0.667208269948309	AF-P38398-F1-model_v4.pdb	1654
P38398	1654	V	G	-0.365792145593437	AF-P38398-F1-model_v4.pdb	1654
P38398	1654	V	V	0.2141568915723639	AF-P38398-F1-model_v4.pdb	1654
P38398	1655	S	S	0.2475348306085379	AF-P38398-F1-model_v4.pdb	1655
P38398	1655	S	F	-0.515151895214206	AF-P38398-F1-model_v4.pdb	1655
P38398	1655	S	C	-0.3842776963025759	AF-P38398-F1-model_v4.pdb	1655
P38398	1655	S	Y	-1.11437072586703	AF-P38398-F1-model_v4.pdb	1655
P38398	1655	S	A	0.11292383896903	AF-P38398-F1-model_v4.pdb	1655
P38398	1655	S	P	-0.472383016815587	AF-P38398-F1-model_v4.pdb	1655
P38398	1655	S	T	-0.323138791037108	AF-P38398-F1-model_v4.pdb	1655
P38398	1655	S	S	-0.000778413045076	AF-P38398-F1-model_v4.pdb	1655
P38398	1655	S	S	0.241389867718431	AF-P38398-F1-model_v4.pdb	1655
P38398	1656	G	R	-0.0999119293858216	AF-P38398-F1-model_v4.pdb	1656
P38398	1656	G	S	0.298602310597461	AF-P38398-F1-model_v4.pdb	1656
P38398	1656	G	C	0.0579749806722656	AF-P38398-F1-model_v4.pdb	1656
P38398	1656	G	D	0.0915520635065728	AF-P38398-F1-model_v4.pdb	1656
P38398	1656	G	A	0.0765119763018295	AF-P38398-F1-model_v4.pdb	1656
P38398	1656	G	V	-0.0680393615347142	AF-P38398-F1-model_v4.pdb	1656
P38398	1656	G	G	0.217515788442188	AF-P38398-F1-model_v4.pdb	1656
P38398	1656	G	G	0.127915857146056	AF-P38398-F1-model_v4.pdb	1656
P38398	1656	G	G	0.1422538468859809	AF-P38398-F1-model_v4.pdb	1656
P38398	1657	L	L	-0.0589713305437157	AF-P38398-F1-model_v4.pdb	1657
P38398	1657	L	L	0.107500557545267	AF-P38398-F1-model_v4.pdb	1657
P38398	1657	L	V	0.120552136187038	AF-P38398-F1-model_v4.pdb	1657
P38398	1657	L	L	0.114873688398906	AF-P38398-F1-model_v4.pdb	1657
P38398	1657	L	R	-0.769821603931398	AF-P38398-F1-model_v4.pdb	1657
P38398	1657	L	P	-0.704178217608958	AF-P38398-F1-model_v4.pdb	1657
P38398	1657	L	Q	-0.4751947696398979	AF-P38398-F1-model_v4.pdb	1657
P38398	1657	L	L	-0.105644131059171	AF-P38398-F1-model_v4.pdb	1657
P38398	1657	L	M	-0.190998196307128	AF-P38398-F1-model_v4.pdb	1657
P38398	1658	T	S	0.567317279028985	AF-P38398-F1-model_v4.pdb	1658
P38398	1658	T	A	0.1474307805315269	AF-P38398-F1-model_v4.pdb	1658
P38398	1659	P	P	0.247150069262495	AF-P38398-F1-model_v4.pdb	1659
P38398	1659	P	P	-0.0731909572940389	AF-P38398-F1-model_v4.pdb	1659
P38398	1659	P	L	0.312903263414381	AF-P38398-F1-model_v4.pdb	1659
P38398	1659	P	R	-0.116567867842908	AF-P38398-F1-model_v4.pdb	1659
P38398	1659	P	Q	0.2739667642257939	AF-P38398-F1-model_v4.pdb	1659
P38398	1659	P	S	0.0771539666878094	AF-P38398-F1-model_v4.pdb	1659
P38398	1659	P	A	0.452696797335175	AF-P38398-F1-model_v4.pdb	1659
P38398	1659	P	T	-0.194867608193049	AF-P38398-F1-model_v4.pdb	1659
P38398	1659	P	P	0.415728547166339	AF-P38398-F1-model_v4.pdb	1659
P38398	1660	E	V	0.175384050195073	AF-P38398-F1-model_v4.pdb	1660
P38398	1660	E	E	-0.286455969590182	AF-P38398-F1-model_v4.pdb	1660
P38398	1660	E	D	0.24239370418329	AF-P38398-F1-model_v4.pdb	1660
P38398	1660	E	G	-0.1006247859150999	AF-P38398-F1-model_v4.pdb	1660
P38398	1660	E	A	0.363954267454664	AF-P38398-F1-model_v4.pdb	1660
P38398	1660	E	*	-2.87404451460742	AF-P38398-F1-model_v4.pdb	1660
P38398	1660	E	Q	0.126551544079743	AF-P38398-F1-model_v4.pdb	1660
P38398	1660	E	D	0.176406437854421	AF-P38398-F1-model_v4.pdb	1660
P38398	1660	E	K	-0.0506901631292044	AF-P38398-F1-model_v4.pdb	1660
P38398	1661	E	*	-2.43652652475629	AF-P38398-F1-model_v4.pdb	1661
P38398	1661	E	A	0.0207577995258103	AF-P38398-F1-model_v4.pdb	1661
P38398	1661	E	G	0.163992505822542	AF-P38398-F1-model_v4.pdb	1661
P38398	1661	E	V	0.0394395895093332	AF-P38398-F1-model_v4.pdb	1661
P38398	1661	E	D	-0.0927367092903335	AF-P38398-F1-model_v4.pdb	1661
P38398	1661	E	D	0.0816278062663743	AF-P38398-F1-model_v4.pdb	1661
P38398	1661	E	E	-0.110084368236631	AF-P38398-F1-model_v4.pdb	1661
P38398	1661	E	Q	0.1458947940582769	AF-P38398-F1-model_v4.pdb	1661
P38398	1661	E	K	0.0427041411165803	AF-P38398-F1-model_v4.pdb	1661
P38398	1662	F	V	-0.4608083159376929	AF-P38398-F1-model_v4.pdb	1662
P38398	1662	F	L	-0.200658681763273	AF-P38398-F1-model_v4.pdb	1662
P38398	1662	F	F	-0.267364567664813	AF-P38398-F1-model_v4.pdb	1662
P38398	1662	F	L	-0.456393107411935	AF-P38398-F1-model_v4.pdb	1662
P38398	1662	F	C	0.149900037770798	AF-P38398-F1-model_v4.pdb	1662
P38398	1662	F	S	0.1218836750908909	AF-P38398-F1-model_v4.pdb	1662
P38398	1662	F	Y	-0.4625965609942229	AF-P38398-F1-model_v4.pdb	1662
P38398	1662	F	L	-0.0730016388395746	AF-P38398-F1-model_v4.pdb	1662
P38398	1662	F	I	0.3082815139299389	AF-P38398-F1-model_v4.pdb	1662
P38398	1663	M	I	-0.691616313445918	AF-P38398-F1-model_v4.pdb	1663
P38398	1663	M	I	-0.94003892117563	AF-P38398-F1-model_v4.pdb	1663
P38398	1663	M	L	-1.22286218931846	AF-P38398-F1-model_v4.pdb	1663
P38398	1663	M	V	-0.0182230494938228	AF-P38398-F1-model_v4.pdb	1663
P38398	1663	M	L	-2.5892446906384503	AF-P38398-F1-model_v4.pdb	1663
P38398	1663	M	K	-1.19369987141895	AF-P38398-F1-model_v4.pdb	1663
P38398	1663	M	T	-0.827786244215535	AF-P38398-F1-model_v4.pdb	1663
P38398	1663	M	R	-2.40892234322688	AF-P38398-F1-model_v4.pdb	1663
P38398	1663	M	I	-0.0650303356379747	AF-P38398-F1-model_v4.pdb	1663
P38398	1664	L	L	-0.842063930641994	AF-P38398-F1-model_v4.pdb	1664
P38398	1664	L	L	-0.0332321163219767	AF-P38398-F1-model_v4.pdb	1664
P38398	1664	L	R	-1.15702345181739	AF-P38398-F1-model_v4.pdb	1664
P38398	1664	L	F	0.314054453282994	AF-P38398-F1-model_v4.pdb	1664
P38398	1664	L	H	-0.298919082988575	AF-P38398-F1-model_v4.pdb	1664
P38398	1664	L	V	0.0376043056935194	AF-P38398-F1-model_v4.pdb	1664
P38398	1664	L	I	-0.336223560485003	AF-P38398-F1-model_v4.pdb	1664
P38398	1664	L	P	-0.222786619374451	AF-P38398-F1-model_v4.pdb	1664
P38398	1665	V	V	-0.801709437153433	AF-P38398-F1-model_v4.pdb	1665
P38398	1665	V	V	-0.9701025825398358	AF-P38398-F1-model_v4.pdb	1665
P38398	1665	V	V	-0.0380233024285689	AF-P38398-F1-model_v4.pdb	1665
P38398	1665	V	G	-0.160278357250518	AF-P38398-F1-model_v4.pdb	1665
P38398	1665	V	E	0.656031282027217	AF-P38398-F1-model_v4.pdb	1665
P38398	1665	V	L	-1.80042592996604	AF-P38398-F1-model_v4.pdb	1665
P38398	1665	V	L	0.5258780139217271	AF-P38398-F1-model_v4.pdb	1665
P38398	1665	V	M	-1.01582382519104	AF-P38398-F1-model_v4.pdb	1665
P38398	1665	V	A	0.065575985139981	AF-P38398-F1-model_v4.pdb	1665
P38398	1666	Y	N	-0.233970504667059	AF-P38398-F1-model_v4.pdb	1666
P38398	1666	Y	H	-0.0447010103143395	AF-P38398-F1-model_v4.pdb	1666
P38398	1666	Y	D	0.625076930713187	AF-P38398-F1-model_v4.pdb	1666
P38398	1666	Y	S	-0.3560633068983549	AF-P38398-F1-model_v4.pdb	1666
P38398	1666	Y	C	0.5781160753808989	AF-P38398-F1-model_v4.pdb	1666
P38398	1666	Y	F	-0.0464502194062194	AF-P38398-F1-model_v4.pdb	1666
P38398	1666	Y	*	-2.06047810123328	AF-P38398-F1-model_v4.pdb	1666
P38398	1666	Y	*	-1.4275900489507698	AF-P38398-F1-model_v4.pdb	1666
P38398	1666	Y	Y	-1.91518898633378	AF-P38398-F1-model_v4.pdb	1666
P38398	1667	K	K	-1.36869607703969	AF-P38398-F1-model_v4.pdb	1667
P38398	1667	K	N	-0.269149247664924	AF-P38398-F1-model_v4.pdb	1667
P38398	1667	K	M	-0.395352385039238	AF-P38398-F1-model_v4.pdb	1667
P38398	1667	K	N	0.8984174107820959	AF-P38398-F1-model_v4.pdb	1667
P38398	1667	K	T	-1.0575104901635	AF-P38398-F1-model_v4.pdb	1667
P38398	1667	K	*	-1.6824363650989398	AF-P38398-F1-model_v4.pdb	1667
P38398	1667	K	Q	-0.0374964179707631	AF-P38398-F1-model_v4.pdb	1667
P38398	1667	K	E	-0.446169168974503	AF-P38398-F1-model_v4.pdb	1667
P38398	1667	K	R	-1.8059309692255	AF-P38398-F1-model_v4.pdb	1667
P38398	1668	F	F	-0.423155262875087	AF-P38398-F1-model_v4.pdb	1668
P38398	1668	F	L	-1.75556798273393	AF-P38398-F1-model_v4.pdb	1668
P38398	1668	F	C	0.0002385129010849	AF-P38398-F1-model_v4.pdb	1668
P38398	1668	F	L	0.0041599079034448	AF-P38398-F1-model_v4.pdb	1668
P38398	1668	F	Y	-0.183074642128211	AF-P38398-F1-model_v4.pdb	1668
P38398	1668	F	V	0.351318562078345	AF-P38398-F1-model_v4.pdb	1668
P38398	1668	F	L	0.458311527556609	AF-P38398-F1-model_v4.pdb	1668
P38398	1668	F	I	1.04674046681436	AF-P38398-F1-model_v4.pdb	1668
P38398	1668	F	S	-0.0091079700041924	AF-P38398-F1-model_v4.pdb	1668
P38398	1669	A	A	-2.17229693142056	AF-P38398-F1-model_v4.pdb	1669
P38398	1669	A	A	0.0049994861237154	AF-P38398-F1-model_v4.pdb	1669
P38398	1669	A	A	0.362356794920298	AF-P38398-F1-model_v4.pdb	1669
P38398	1669	A	G	0.548862162867568	AF-P38398-F1-model_v4.pdb	1669
P38398	1669	A	S	0.467900261460752	AF-P38398-F1-model_v4.pdb	1669
P38398	1669	A	P	0.127818662339778	AF-P38398-F1-model_v4.pdb	1669
P38398	1669	A	T	-0.4380986510498529	AF-P38398-F1-model_v4.pdb	1669
P38398	1669	A	D	0.149140036320156	AF-P38398-F1-model_v4.pdb	1669
P38398	1670	R	S	-0.0864177791970197	AF-P38398-F1-model_v4.pdb	1670
P38398	1670	R	S	-0.101813155037348	AF-P38398-F1-model_v4.pdb	1670
P38398	1670	R	R	0.471031832285998	AF-P38398-F1-model_v4.pdb	1670
P38398	1670	R	I	-2.87725506066328	AF-P38398-F1-model_v4.pdb	1670
P38398	1670	R	R	0.442553646210604	AF-P38398-F1-model_v4.pdb	1670
P38398	1670	R	K	-0.6507323724473559	AF-P38398-F1-model_v4.pdb	1670
P38398	1670	R	*	-1.96508003967642	AF-P38398-F1-model_v4.pdb	1670
P38398	1670	R	G	0.251178974576486	AF-P38398-F1-model_v4.pdb	1670
P38398	1670	R	T	-1.05431762129791	AF-P38398-F1-model_v4.pdb	1670
P38398	1671	K	Q	0.269538934110774	AF-P38398-F1-model_v4.pdb	1671
P38398	1671	K	E	0.531470794429614	AF-P38398-F1-model_v4.pdb	1671
P38398	1671	K	*	-1.95454850903692	AF-P38398-F1-model_v4.pdb	1671
P38398	1671	K	T	0.148978879810021	AF-P38398-F1-model_v4.pdb	1671
P38398	1671	K	R	0.424604123607655	AF-P38398-F1-model_v4.pdb	1671
P38398	1671	K	I	0.0888205159070998	AF-P38398-F1-model_v4.pdb	1671
P38398	1671	K	N	-0.25088956386326	AF-P38398-F1-model_v4.pdb	1671
P38398	1671	K	K	-0.384659539524934	AF-P38398-F1-model_v4.pdb	1671
P38398	1671	K	N	0.049763572102944	AF-P38398-F1-model_v4.pdb	1671
P38398	1672	H	Q	0.0145834138667331	AF-P38398-F1-model_v4.pdb	1672
P38398	1672	H	H	0.428633279922779	AF-P38398-F1-model_v4.pdb	1672
P38398	1672	H	L	0.363135266369647	AF-P38398-F1-model_v4.pdb	1672
P38398	1672	H	Q	0.2241880165390069	AF-P38398-F1-model_v4.pdb	1672
P38398	1672	H	P	-0.622969903965219	AF-P38398-F1-model_v4.pdb	1672
P38398	1672	H	R	0.986581969755872	AF-P38398-F1-model_v4.pdb	1672
P38398	1672	H	Y	-0.652642313613959	AF-P38398-F1-model_v4.pdb	1672
P38398	1672	H	D	0.0268418126415027	AF-P38398-F1-model_v4.pdb	1672
P38398	1672	H	N	-0.21463357358431	AF-P38398-F1-model_v4.pdb	1672
P38398	1673	H	H	-0.0050168715059043	AF-P38398-F1-model_v4.pdb	1673
P38398	1673	H	Q	0.0758212627736036	AF-P38398-F1-model_v4.pdb	1673
P38398	1673	H	Q	0.182985121484346	AF-P38398-F1-model_v4.pdb	1673
P38398	1673	H	L	0.70391565180147	AF-P38398-F1-model_v4.pdb	1673
P38398	1673	H	N	0.0562737918621699	AF-P38398-F1-model_v4.pdb	1673
P38398	1673	H	P	-0.21077981333296	AF-P38398-F1-model_v4.pdb	1673
P38398	1673	H	Y	-0.28455354558731	AF-P38398-F1-model_v4.pdb	1673
P38398	1673	H	D	0.292069266459065	AF-P38398-F1-model_v4.pdb	1673
P38398	1673	H	R	0.32867914136457	AF-P38398-F1-model_v4.pdb	1673
P38398	1674	I	L	0.4872555180869289	AF-P38398-F1-model_v4.pdb	1674
P38398	1674	I	V	-0.0580603975540618	AF-P38398-F1-model_v4.pdb	1674
P38398	1674	I	T	0.359392104474289	AF-P38398-F1-model_v4.pdb	1674
P38398	1675	T	P	0.308588422440102	AF-P38398-F1-model_v4.pdb	1675
P38398	1675	T	A	-0.0279735158268894	AF-P38398-F1-model_v4.pdb	1675
P38398	1675	T	S	-0.0237274739388126	AF-P38398-F1-model_v4.pdb	1675
P38398	1675	T	N	0.0870516403562611	AF-P38398-F1-model_v4.pdb	1675
P38398	1675	T	I	-0.0296484679836056	AF-P38398-F1-model_v4.pdb	1675
P38398	1676	L	F	0.5173075782955631	AF-P38398-F1-model_v4.pdb	1676
P38398	1676	L	L	0.4198947778526679	AF-P38398-F1-model_v4.pdb	1676
P38398	1676	L	*	-1.3813881820268703	AF-P38398-F1-model_v4.pdb	1676
P38398	1676	L	F	0.474861081912084	AF-P38398-F1-model_v4.pdb	1676
P38398	1676	L	V	0.504494743297133	AF-P38398-F1-model_v4.pdb	1676
P38398	1676	L	L	-0.0152499196246225	AF-P38398-F1-model_v4.pdb	1676
P38398	1676	L	*	-2.2233346333226804	AF-P38398-F1-model_v4.pdb	1676
P38398	1676	L	I	-0.215752453461587	AF-P38398-F1-model_v4.pdb	1676
P38398	1677	T	I	-0.121525541663598	AF-P38398-F1-model_v4.pdb	1677
P38398	1677	T	P	0.2112923162973919	AF-P38398-F1-model_v4.pdb	1677
P38398	1677	T	A	-0.4949528668449299	AF-P38398-F1-model_v4.pdb	1677
P38398	1677	T	S	-0.397517921827654	AF-P38398-F1-model_v4.pdb	1677
P38398	1677	T	N	0.0424287901451879	AF-P38398-F1-model_v4.pdb	1677
P38398	1677	T	S	0.095264235303309	AF-P38398-F1-model_v4.pdb	1677
P38398	1677	T	T	0.3379761373832819	AF-P38398-F1-model_v4.pdb	1677
P38398	1677	T	T	-0.0194915643476538	AF-P38398-F1-model_v4.pdb	1677
P38398	1677	T	T	0.969100256059055	AF-P38398-F1-model_v4.pdb	1677
P38398	1678	N	N	0.364657748471496	AF-P38398-F1-model_v4.pdb	1678
P38398	1678	N	K	0.222536475068176	AF-P38398-F1-model_v4.pdb	1678
P38398	1678	N	K	0.0304076130805114	AF-P38398-F1-model_v4.pdb	1678
P38398	1678	N	I	0.201993006200958	AF-P38398-F1-model_v4.pdb	1678
P38398	1678	N	S	-0.983062360348712	AF-P38398-F1-model_v4.pdb	1678
P38398	1678	N	T	0.118638957746737	AF-P38398-F1-model_v4.pdb	1678
P38398	1678	N	Y	-0.135488939942715	AF-P38398-F1-model_v4.pdb	1678
P38398	1678	N	D	0.5120178920973061	AF-P38398-F1-model_v4.pdb	1678
P38398	1678	N	H	0.6296032794276789	AF-P38398-F1-model_v4.pdb	1678
P38398	1679	L	L	-0.392791907973186	AF-P38398-F1-model_v4.pdb	1679
P38398	1679	L	L	0.0154846613072216	AF-P38398-F1-model_v4.pdb	1679
P38398	1679	L	L	-0.279549467991128	AF-P38398-F1-model_v4.pdb	1679
P38398	1679	L	R	0.1725452791605199	AF-P38398-F1-model_v4.pdb	1679
P38398	1679	L	I	0.205479956664994	AF-P38398-F1-model_v4.pdb	1679
P38398	1679	L	Q	0.405908289051141	AF-P38398-F1-model_v4.pdb	1679
P38398	1679	L	L	-0.7576659613871349	AF-P38398-F1-model_v4.pdb	1679
P38398	1679	L	V	0.1234935204750249	AF-P38398-F1-model_v4.pdb	1679
P38398	1679	L	P	0.363198433320066	AF-P38398-F1-model_v4.pdb	1679
P38398	1680	I	I	0.345234260128298	AF-P38398-F1-model_v4.pdb	1680
P38398	1680	I	I	0.109663777787226	AF-P38398-F1-model_v4.pdb	1680
P38398	1680	I	S	0.382562473413181	AF-P38398-F1-model_v4.pdb	1680
P38398	1680	I	M	0.579407318099759	AF-P38398-F1-model_v4.pdb	1680
P38398	1680	I	N	-0.057807466034494	AF-P38398-F1-model_v4.pdb	1680
P38398	1680	I	F	-0.128200087083351	AF-P38398-F1-model_v4.pdb	1680
P38398	1680	I	V	0.0281508207022288	AF-P38398-F1-model_v4.pdb	1680
P38398	1680	I	T	-0.188732533814899	AF-P38398-F1-model_v4.pdb	1680
P38398	1680	I	L	0.2848095802271189	AF-P38398-F1-model_v4.pdb	1680
P38398	1681	T	T	0.0833643296090582	AF-P38398-F1-model_v4.pdb	1681
P38398	1681	T	T	0.0576551933222647	AF-P38398-F1-model_v4.pdb	1681
P38398	1681	T	I	-1.1212800669931102	AF-P38398-F1-model_v4.pdb	1681
P38398	1681	T	T	0.25768056703651	AF-P38398-F1-model_v4.pdb	1681
P38398	1681	T	S	0.0372783353824495	AF-P38398-F1-model_v4.pdb	1681
P38398	1681	T	A	0.326302248461489	AF-P38398-F1-model_v4.pdb	1681
P38398	1681	T	P	-0.517827998116185	AF-P38398-F1-model_v4.pdb	1681
P38398	1681	T	N	-0.4429661361051599	AF-P38398-F1-model_v4.pdb	1681
P38398	1681	T	S	-1.3650875298403	AF-P38398-F1-model_v4.pdb	1681
P38398	1682	E	K	-3.92276945221623	AF-P38398-F1-model_v4.pdb	1682
P38398	1682	E	Q	-2.0770975648749	AF-P38398-F1-model_v4.pdb	1682
P38398	1682	E	*	-4.23249699481969	AF-P38398-F1-model_v4.pdb	1682
P38398	1682	E	A	-1.6911875224630002	AF-P38398-F1-model_v4.pdb	1682
P38398	1682	E	G	-0.1324874589187319	AF-P38398-F1-model_v4.pdb	1682
P38398	1682	E	V	-3.1961147095823	AF-P38398-F1-model_v4.pdb	1682
P38398	1682	E	D	-1.14841853418408	AF-P38398-F1-model_v4.pdb	1682
P38398	1682	E	E	-0.0550878300749911	AF-P38398-F1-model_v4.pdb	1682
P38398	1682	E	D	-2.27996401425466	AF-P38398-F1-model_v4.pdb	1682
P38398	1683	E	V	-1.350353909972	AF-P38398-F1-model_v4.pdb	1683
P38398	1683	E	E	0.4498370197038029	AF-P38398-F1-model_v4.pdb	1683
P38398	1683	E	D	-0.183124628058124	AF-P38398-F1-model_v4.pdb	1683
P38398	1683	E	*	-3.5982347249879	AF-P38398-F1-model_v4.pdb	1683
P38398	1683	E	Q	-2.6656379177536698	AF-P38398-F1-model_v4.pdb	1683
P38398	1683	E	K	-2.84561033687153	AF-P38398-F1-model_v4.pdb	1683
P38398	1683	E	A	-0.655919864333121	AF-P38398-F1-model_v4.pdb	1683
P38398	1683	E	D	-0.919442878068022	AF-P38398-F1-model_v4.pdb	1683
P38398	1683	E	G	-2.7176321863222794	AF-P38398-F1-model_v4.pdb	1683
P38398	1684	T	A	0.148690837189996	AF-P38398-F1-model_v4.pdb	1684
P38398	1684	T	N	-1.2428245234056798	AF-P38398-F1-model_v4.pdb	1684
P38398	1684	T	S	-1.89552210130402	AF-P38398-F1-model_v4.pdb	1684
P38398	1684	T	I	-2.25644007741204	AF-P38398-F1-model_v4.pdb	1684
P38398	1684	T	P	-1.3862390735364198	AF-P38398-F1-model_v4.pdb	1684
P38398	1684	T	T	0.111454593549644	AF-P38398-F1-model_v4.pdb	1684
P38398	1684	T	T	0.104709256160823	AF-P38398-F1-model_v4.pdb	1684
P38398	1684	T	T	0.2029832667607519	AF-P38398-F1-model_v4.pdb	1684
P38398	1684	T	S	-0.0139165706264414	AF-P38398-F1-model_v4.pdb	1684
P38398	1685	T	P	-0.0596718352857453	AF-P38398-F1-model_v4.pdb	1685
P38398	1685	T	A	-0.297722550755685	AF-P38398-F1-model_v4.pdb	1685
P38398	1685	T	N	-2.92607634804667	AF-P38398-F1-model_v4.pdb	1685
P38398	1685	T	S	-3.5133229797316097	AF-P38398-F1-model_v4.pdb	1685
P38398	1685	T	I	-1.42989348720749	AF-P38398-F1-model_v4.pdb	1685
P38398	1685	T	T	-0.35793547587237	AF-P38398-F1-model_v4.pdb	1685
P38398	1685	T	T	0.0129811940740547	AF-P38398-F1-model_v4.pdb	1685
P38398	1685	T	T	0.64875219711703	AF-P38398-F1-model_v4.pdb	1685
P38398	1685	T	S	-0.231899683571823	AF-P38398-F1-model_v4.pdb	1685
P38398	1686	H	Q	0.179830778728193	AF-P38398-F1-model_v4.pdb	1686
P38398	1686	H	H	-0.205201761357987	AF-P38398-F1-model_v4.pdb	1686
P38398	1686	H	Q	-0.756101215658728	AF-P38398-F1-model_v4.pdb	1686
P38398	1686	H	R	-0.446962976055435	AF-P38398-F1-model_v4.pdb	1686
P38398	1686	H	L	-1.27567686788753	AF-P38398-F1-model_v4.pdb	1686
P38398	1686	H	D	-1.1440903614695002	AF-P38398-F1-model_v4.pdb	1686
P38398	1686	H	P	0.0489696667276168	AF-P38398-F1-model_v4.pdb	1686
P38398	1686	H	N	-1.82944135359486	AF-P38398-F1-model_v4.pdb	1686
P38398	1686	H	Y	-1.29011815096313	AF-P38398-F1-model_v4.pdb	1686
P38398	1687	V	V	-0.163085656931915	AF-P38398-F1-model_v4.pdb	1687
P38398	1687	V	V	-0.252102381257087	AF-P38398-F1-model_v4.pdb	1687
P38398	1687	V	V	-0.1796307487393739	AF-P38398-F1-model_v4.pdb	1687
P38398	1687	V	G	-0.27799660517607	AF-P38398-F1-model_v4.pdb	1687
P38398	1687	V	I	-0.326414358278834	AF-P38398-F1-model_v4.pdb	1687
P38398	1687	V	D	-0.145663451548751	AF-P38398-F1-model_v4.pdb	1687
P38398	1687	V	F	-1.41761088909723	AF-P38398-F1-model_v4.pdb	1687
P38398	1687	V	L	0.589022005261394	AF-P38398-F1-model_v4.pdb	1687
P38398	1687	V	A	-0.311920356580121	AF-P38398-F1-model_v4.pdb	1687
P38398	1688	V	V	0.0318918941712722	AF-P38398-F1-model_v4.pdb	1688
P38398	1688	V	V	0.273867770769675	AF-P38398-F1-model_v4.pdb	1688
P38398	1688	V	V	-0.251598566847662	AF-P38398-F1-model_v4.pdb	1688
P38398	1688	V	G	-0.491815087047547	AF-P38398-F1-model_v4.pdb	1688
P38398	1688	V	D	0.0989091068173409	AF-P38398-F1-model_v4.pdb	1688
P38398	1688	V	L	-0.282446556411195	AF-P38398-F1-model_v4.pdb	1688
P38398	1688	V	I	-0.278617214088284	AF-P38398-F1-model_v4.pdb	1688
P38398	1688	V	A	-0.102729230290284	AF-P38398-F1-model_v4.pdb	1688
P38398	1688	V	F	0.774595215871971	AF-P38398-F1-model_v4.pdb	1688
P38398	1689	M	R	-2.58220097919129	AF-P38398-F1-model_v4.pdb	1689
P38398	1689	M	I	-1.02502253047897	AF-P38398-F1-model_v4.pdb	1689
P38398	1689	M	I	-0.258920630020674	AF-P38398-F1-model_v4.pdb	1689
P38398	1689	M	I	-0.0560205438859677	AF-P38398-F1-model_v4.pdb	1689
P38398	1689	M	L	0.0117613604598416	AF-P38398-F1-model_v4.pdb	1689
P38398	1689	M	K	-1.0597695646103	AF-P38398-F1-model_v4.pdb	1689
P38398	1689	M	L	-0.8788434179850391	AF-P38398-F1-model_v4.pdb	1689
P38398	1689	M	V	0.4927995517965879	AF-P38398-F1-model_v4.pdb	1689
P38398	1689	M	T	0.125416293820131	AF-P38398-F1-model_v4.pdb	1689
P38398	1690	K	I	-0.213962869810572	AF-P38398-F1-model_v4.pdb	1690
P38398	1690	K	Q	-0.002390013311171	AF-P38398-F1-model_v4.pdb	1690
P38398	1690	K	E	0.3522004887722449	AF-P38398-F1-model_v4.pdb	1690
P38398	1690	K	*	-2.21511379572825	AF-P38398-F1-model_v4.pdb	1690
P38398	1690	K	T	-0.595113033959037	AF-P38398-F1-model_v4.pdb	1690
P38398	1690	K	N	-0.1250747595971459	AF-P38398-F1-model_v4.pdb	1690
P38398	1690	K	K	0.116558572557398	AF-P38398-F1-model_v4.pdb	1690
P38398	1690	K	N	-1.07476427924909	AF-P38398-F1-model_v4.pdb	1690
P38398	1690	K	R	-0.674697193128746	AF-P38398-F1-model_v4.pdb	1690
P38398	1691	T	T	-2.71412048017366	AF-P38398-F1-model_v4.pdb	1691
P38398	1691	T	A	-0.3374845194409849	AF-P38398-F1-model_v4.pdb	1691
P38398	1691	T	S	-0.4516093309202449	AF-P38398-F1-model_v4.pdb	1691
P38398	1691	T	K	-0.797810045406626	AF-P38398-F1-model_v4.pdb	1691
P38398	1691	T	R	-0.8652464562243449	AF-P38398-F1-model_v4.pdb	1691
P38398	1691	T	I	-3.61257565943184	AF-P38398-F1-model_v4.pdb	1691
P38398	1691	T	T	-4.28231862416051	AF-P38398-F1-model_v4.pdb	1691
P38398	1691	T	T	-2.71217863624282	AF-P38398-F1-model_v4.pdb	1691
P38398	1691	T	P	-0.478584201890745	AF-P38398-F1-model_v4.pdb	1691
P38398	1692	D	H	-4.51914468522039	AF-P38398-F1-model_v4.pdb	1692
P38398	1692	D	N	-3.13329577829711	AF-P38398-F1-model_v4.pdb	1692
P38398	1692	D	Y	-3.45186816235686	AF-P38398-F1-model_v4.pdb	1692
P38398	1692	D	E	-2.70001774040797	AF-P38398-F1-model_v4.pdb	1692
P38398	1692	D	E	-1.27091208263795	AF-P38398-F1-model_v4.pdb	1692
P38398	1692	D	A	-0.561120767464647	AF-P38398-F1-model_v4.pdb	1692
P38398	1692	D	D	0.1384490068772909	AF-P38398-F1-model_v4.pdb	1692
P38398	1692	D	V	-1.7618601695696	AF-P38398-F1-model_v4.pdb	1692
P38398	1692	D	G	0.0742770389701565	AF-P38398-F1-model_v4.pdb	1692
P38398	1693	A	A	-1.61275889187119	AF-P38398-F1-model_v4.pdb	1693
P38398	1693	A	V	-2.19424565968733	AF-P38398-F1-model_v4.pdb	1693
P38398	1693	A	G	-1.31330009677209	AF-P38398-F1-model_v4.pdb	1693
P38398	1693	A	A	-0.188800451413765	AF-P38398-F1-model_v4.pdb	1693
P38398	1693	A	S	-2.3256832251352204	AF-P38398-F1-model_v4.pdb	1693
P38398	1693	A	P	0.0432083780572669	AF-P38398-F1-model_v4.pdb	1693
P38398	1693	A	T	-1.78798023467963	AF-P38398-F1-model_v4.pdb	1693
P38398	1693	A	A	-0.09775420660428	AF-P38398-F1-model_v4.pdb	1693
P38398	1693	A	D	-1.96060315635401	AF-P38398-F1-model_v4.pdb	1693
P38398	1694	E	V	0.223842078449833	AF-P38398-F1-model_v4.pdb	1694
P38398	1694	E	E	0.188782713734902	AF-P38398-F1-model_v4.pdb	1694
P38398	1694	E	D	-0.127650339087001	AF-P38398-F1-model_v4.pdb	1694
P38398	1694	E	D	0.159736619809823	AF-P38398-F1-model_v4.pdb	1694
P38398	1694	E	A	-0.2005615543985239	AF-P38398-F1-model_v4.pdb	1694
P38398	1694	E	K	-2.9345722403887	AF-P38398-F1-model_v4.pdb	1694
P38398	1694	E	Q	-1.8977890978567704	AF-P38398-F1-model_v4.pdb	1694
P38398	1694	E	*	-2.48543020496989	AF-P38398-F1-model_v4.pdb	1694
P38398	1694	E	G	-0.7349867138190809	AF-P38398-F1-model_v4.pdb	1694
P38398	1695	F	L	0.268361832674836	AF-P38398-F1-model_v4.pdb	1695
P38398	1695	F	I	-0.194069161613808	AF-P38398-F1-model_v4.pdb	1695
P38398	1695	F	Y	-0.2748273890622389	AF-P38398-F1-model_v4.pdb	1695
P38398	1695	F	V	0.067690008435298	AF-P38398-F1-model_v4.pdb	1695
P38398	1695	F	F	0.0133333697321005	AF-P38398-F1-model_v4.pdb	1695
P38398	1695	F	S	-0.159937797876251	AF-P38398-F1-model_v4.pdb	1695
P38398	1695	F	C	0.0342086697791944	AF-P38398-F1-model_v4.pdb	1695
P38398	1695	F	L	0.175954833838339	AF-P38398-F1-model_v4.pdb	1695
P38398	1695	F	L	0.076076384482604	AF-P38398-F1-model_v4.pdb	1695
P38398	1696	V	V	0.0607705080792217	AF-P38398-F1-model_v4.pdb	1696
P38398	1696	V	V	-0.1699035438662809	AF-P38398-F1-model_v4.pdb	1696
P38398	1696	V	V	-0.340439731557408	AF-P38398-F1-model_v4.pdb	1696
P38398	1696	V	E	-0.0792779131574166	AF-P38398-F1-model_v4.pdb	1696
P38398	1696	V	L	0.198165670395158	AF-P38398-F1-model_v4.pdb	1696
P38398	1696	V	L	0.226874665608151	AF-P38398-F1-model_v4.pdb	1696
P38398	1696	V	M	-0.0787734085371048	AF-P38398-F1-model_v4.pdb	1696
P38398	1696	V	G	-0.174108180623859	AF-P38398-F1-model_v4.pdb	1696
P38398	1696	V	A	-0.0879547176906062	AF-P38398-F1-model_v4.pdb	1696
P38398	1697	C	*	-2.3788686018326604	AF-P38398-F1-model_v4.pdb	1697
P38398	1697	C	S	-0.0010569259893473	AF-P38398-F1-model_v4.pdb	1697
P38398	1697	C	R	-0.1702914526887349	AF-P38398-F1-model_v4.pdb	1697
P38398	1697	C	G	0.1038287021228669	AF-P38398-F1-model_v4.pdb	1697
P38398	1697	C	Y	-0.312978811833138	AF-P38398-F1-model_v4.pdb	1697
P38398	1697	C	F	-0.325043394349611	AF-P38398-F1-model_v4.pdb	1697
P38398	1697	C	S	0.0407024540734632	AF-P38398-F1-model_v4.pdb	1697
P38398	1697	C	W	-0.247667219229685	AF-P38398-F1-model_v4.pdb	1697
P38398	1697	C	C	0.243120034819548	AF-P38398-F1-model_v4.pdb	1697
P38398	1698	E	A	0.404353137409236	AF-P38398-F1-model_v4.pdb	1698
P38398	1698	E	*	-2.3262058212557	AF-P38398-F1-model_v4.pdb	1698
P38398	1698	E	Q	0.348675473008907	AF-P38398-F1-model_v4.pdb	1698
P38398	1698	E	K	-0.0103390318150609	AF-P38398-F1-model_v4.pdb	1698
P38398	1698	E	E	0.1790710074566219	AF-P38398-F1-model_v4.pdb	1698
P38398	1698	E	D	0.153871814766108	AF-P38398-F1-model_v4.pdb	1698
P38398	1698	E	V	0.0139456798828349	AF-P38398-F1-model_v4.pdb	1698
P38398	1698	E	D	0.0402830186868979	AF-P38398-F1-model_v4.pdb	1698
P38398	1698	E	G	0.1260725942812569	AF-P38398-F1-model_v4.pdb	1698
P38398	1699	R	L	-0.0395257977373258	AF-P38398-F1-model_v4.pdb	1699
P38398	1699	R	P	-0.0154924364975361	AF-P38398-F1-model_v4.pdb	1699
P38398	1699	R	G	-0.157586657318119	AF-P38398-F1-model_v4.pdb	1699
P38398	1700	T	T	0.212694171929658	AF-P38398-F1-model_v4.pdb	1700
P38398	1700	T	I	-0.287963587852367	AF-P38398-F1-model_v4.pdb	1700
P38398	1700	T	R	-0.201818755415546	AF-P38398-F1-model_v4.pdb	1700
P38398	1700	T	K	0.107101971620717	AF-P38398-F1-model_v4.pdb	1700
P38398	1700	T	A	-0.0592885100185253	AF-P38398-F1-model_v4.pdb	1700
P38398	1700	T	P	-0.237198159532482	AF-P38398-F1-model_v4.pdb	1700
P38398	1700	T	T	0.156686687637013	AF-P38398-F1-model_v4.pdb	1700
P38398	1700	T	T	-0.0472540344028555	AF-P38398-F1-model_v4.pdb	1700
P38398	1701	L	P	0.0948753299235733	AF-P38398-F1-model_v4.pdb	1701
P38398	1701	L	L	0.167249701378703	AF-P38398-F1-model_v4.pdb	1701
P38398	1701	L	L	-0.971634886755141	AF-P38398-F1-model_v4.pdb	1701
P38398	1701	L	M	-0.0514884383727636	AF-P38398-F1-model_v4.pdb	1701
P38398	1701	L	V	0.028949186664052	AF-P38398-F1-model_v4.pdb	1701
P38398	1701	L	L	0.0487841210608678	AF-P38398-F1-model_v4.pdb	1701
P38398	1701	L	L	-0.260556737271643	AF-P38398-F1-model_v4.pdb	1701
P38398	1701	L	Q	0.0687576535505388	AF-P38398-F1-model_v4.pdb	1701
P38398	1701	L	R	-0.0267588689210239	AF-P38398-F1-model_v4.pdb	1701
P38398	1702	K	E	-0.0265098969744703	AF-P38398-F1-model_v4.pdb	1702
P38398	1702	K	Q	-0.3999488603127329	AF-P38398-F1-model_v4.pdb	1702
P38398	1702	K	R	-0.230516466338564	AF-P38398-F1-model_v4.pdb	1702
P38398	1702	K	I	-0.0737657702553925	AF-P38398-F1-model_v4.pdb	1702
P38398	1702	K	N	0.0426218413986542	AF-P38398-F1-model_v4.pdb	1702
P38398	1702	K	K	-0.0696647302363456	AF-P38398-F1-model_v4.pdb	1702
P38398	1702	K	N	-0.288997150191756	AF-P38398-F1-model_v4.pdb	1702
P38398	1702	K	*	-2.7939374506247403	AF-P38398-F1-model_v4.pdb	1702
P38398	1702	K	T	-0.155046652653315	AF-P38398-F1-model_v4.pdb	1702
P38398	1703	Y	N	-0.2411234100252939	AF-P38398-F1-model_v4.pdb	1703
P38398	1703	Y	C	-0.0797628550753076	AF-P38398-F1-model_v4.pdb	1703
P38398	1703	Y	D	-0.328344021473031	AF-P38398-F1-model_v4.pdb	1703
P38398	1703	Y	*	-3.5659461880968	AF-P38398-F1-model_v4.pdb	1703
P38398	1703	Y	Y	-0.0682623567931848	AF-P38398-F1-model_v4.pdb	1703
P38398	1703	Y	*	-2.67450901254752	AF-P38398-F1-model_v4.pdb	1703
P38398	1703	Y	F	-0.0057382179586789	AF-P38398-F1-model_v4.pdb	1703
P38398	1703	Y	H	-0.5721323145312691	AF-P38398-F1-model_v4.pdb	1703
P38398	1703	Y	S	-0.304812561316911	AF-P38398-F1-model_v4.pdb	1703
P38398	1704	F	Y	-0.3200878659598939	AF-P38398-F1-model_v4.pdb	1704
P38398	1704	F	S	-0.217345416267522	AF-P38398-F1-model_v4.pdb	1704
P38398	1704	F	V	-0.0221764785538287	AF-P38398-F1-model_v4.pdb	1704
P38398	1704	F	L	0.0852592197726133	AF-P38398-F1-model_v4.pdb	1704
P38398	1704	F	I	0.056382637814408	AF-P38398-F1-model_v4.pdb	1704
P38398	1704	F	L	0.0947262205247037	AF-P38398-F1-model_v4.pdb	1704
P38398	1704	F	F	0.2347806917824249	AF-P38398-F1-model_v4.pdb	1704
P38398	1704	F	L	-0.0981808684810214	AF-P38398-F1-model_v4.pdb	1704
P38398	1704	F	C	-0.254389953993775	AF-P38398-F1-model_v4.pdb	1704
P38398	1705	L	I	-0.1850874368311779	AF-P38398-F1-model_v4.pdb	1705
P38398	1705	L	V	-0.233476610033861	AF-P38398-F1-model_v4.pdb	1705
P38398	1705	L	Q	-0.0225950709863875	AF-P38398-F1-model_v4.pdb	1705
P38398	1705	L	P	-0.102810751588747	AF-P38398-F1-model_v4.pdb	1705
P38398	1705	L	R	0.208548754003356	AF-P38398-F1-model_v4.pdb	1705
P38398	1705	L	L	0.117573404240696	AF-P38398-F1-model_v4.pdb	1705
P38398	1705	L	L	-0.0926201460158429	AF-P38398-F1-model_v4.pdb	1705
P38398	1705	L	L	0.0744934392338053	AF-P38398-F1-model_v4.pdb	1705
P38398	1705	L	L	-0.255428441174318	AF-P38398-F1-model_v4.pdb	1705
P38398	1706	G	E	-0.3412623019573439	AF-P38398-F1-model_v4.pdb	1706
P38398	1706	G	A	-0.2032515980874019	AF-P38398-F1-model_v4.pdb	1706
P38398	1706	G	*	-2.10990480101763	AF-P38398-F1-model_v4.pdb	1706
P38398	1706	G	G	-0.2985177577772019	AF-P38398-F1-model_v4.pdb	1706
P38398	1706	G	G	-0.539088081763146	AF-P38398-F1-model_v4.pdb	1706
P38398	1706	G	G	0.107044846039195	AF-P38398-F1-model_v4.pdb	1706
P38398	1706	G	V	-0.5071097167645771	AF-P38398-F1-model_v4.pdb	1706
P38398	1706	G	R	-0.220851955704761	AF-P38398-F1-model_v4.pdb	1706
P38398	1706	G	R	-0.313128523108129	AF-P38398-F1-model_v4.pdb	1706
P38398	1707	I	M	-0.0204989696661619	AF-P38398-F1-model_v4.pdb	1707
P38398	1707	I	I	0.168798868968118	AF-P38398-F1-model_v4.pdb	1707
P38398	1707	I	I	-0.131345141773346	AF-P38398-F1-model_v4.pdb	1707
P38398	1707	I	S	-0.298971943898153	AF-P38398-F1-model_v4.pdb	1707
P38398	1707	I	T	0.407788808217344	AF-P38398-F1-model_v4.pdb	1707
P38398	1707	I	N	-0.4654205095543089	AF-P38398-F1-model_v4.pdb	1707
P38398	1707	I	F	-0.469577709544879	AF-P38398-F1-model_v4.pdb	1707
P38398	1707	I	V	0.128888925603878	AF-P38398-F1-model_v4.pdb	1707
P38398	1707	I	L	0.0742878560407119	AF-P38398-F1-model_v4.pdb	1707
P38398	1708	A	E	-0.5477895290735479	AF-P38398-F1-model_v4.pdb	1708
P38398	1708	A	T	-0.0275689316964228	AF-P38398-F1-model_v4.pdb	1708
P38398	1708	A	P	-0.2526151914656219	AF-P38398-F1-model_v4.pdb	1708
P38398	1708	A	S	-0.0722152007463833	AF-P38398-F1-model_v4.pdb	1708
P38398	1708	A	G	-3.08069802729219	AF-P38398-F1-model_v4.pdb	1708
P38398	1708	A	V	-0.0608380063271165	AF-P38398-F1-model_v4.pdb	1708
P38398	1708	A	A	-0.1455559443476959	AF-P38398-F1-model_v4.pdb	1708
P38398	1708	A	A	0.0217893670632721	AF-P38398-F1-model_v4.pdb	1708
P38398	1708	A	A	0.193928876115987	AF-P38398-F1-model_v4.pdb	1708
P38398	1709	G	E	0.0796009577771831	AF-P38398-F1-model_v4.pdb	1709
P38398	1709	G	R	-0.111004923731114	AF-P38398-F1-model_v4.pdb	1709
P38398	1709	G	R	0.136997094582214	AF-P38398-F1-model_v4.pdb	1709
P38398	1709	G	*	-1.7446322343181595	AF-P38398-F1-model_v4.pdb	1709
P38398	1709	G	G	-2.14320529798613	AF-P38398-F1-model_v4.pdb	1709
P38398	1709	G	A	0.262338370947498	AF-P38398-F1-model_v4.pdb	1709
P38398	1709	G	V	-0.186837957280186	AF-P38398-F1-model_v4.pdb	1709
P38398	1709	G	G	0.2689849618309839	AF-P38398-F1-model_v4.pdb	1709
P38398	1709	G	G	-0.154003849854768	AF-P38398-F1-model_v4.pdb	1709
P38398	1710	G	R	-0.045045137930295	AF-P38398-F1-model_v4.pdb	1710
P38398	1710	G	R	0.268320164362382	AF-P38398-F1-model_v4.pdb	1710
P38398	1710	G	*	-2.1984357370726	AF-P38398-F1-model_v4.pdb	1710
P38398	1710	G	G	-0.900094697559468	AF-P38398-F1-model_v4.pdb	1710
P38398	1710	G	G	-2.82658209660042	AF-P38398-F1-model_v4.pdb	1710
P38398	1710	G	G	0.0722837360899956	AF-P38398-F1-model_v4.pdb	1710
P38398	1710	G	V	-0.357320165972166	AF-P38398-F1-model_v4.pdb	1710
P38398	1710	G	E	0.235647040809608	AF-P38398-F1-model_v4.pdb	1710
P38398	1710	G	A	0.0534059147239022	AF-P38398-F1-model_v4.pdb	1710
P38398	1711	K	N	-0.139340682332263	AF-P38398-F1-model_v4.pdb	1711
P38398	1711	K	I	0.0402893388145739	AF-P38398-F1-model_v4.pdb	1711
P38398	1711	K	Q	0.387222110457799	AF-P38398-F1-model_v4.pdb	1711
P38398	1711	K	E	-0.4164597293320589	AF-P38398-F1-model_v4.pdb	1711
P38398	1711	K	*	-1.95470009130284	AF-P38398-F1-model_v4.pdb	1711
P38398	1711	K	T	0.1531277860924549	AF-P38398-F1-model_v4.pdb	1711
P38398	1711	K	R	0.1180685167924419	AF-P38398-F1-model_v4.pdb	1711
P38398	1711	K	K	-0.174480915624759	AF-P38398-F1-model_v4.pdb	1711
P38398	1711	K	N	-0.0086844422567087	AF-P38398-F1-model_v4.pdb	1711
P38398	1712	W	S	0.0475422209230664	AF-P38398-F1-model_v4.pdb	1712
P38398	1712	W	*	-2.6144398787571896	AF-P38398-F1-model_v4.pdb	1712
P38398	1712	W	G	-0.403998881843968	AF-P38398-F1-model_v4.pdb	1712
P38398	1712	W	R	-0.1959231057278889	AF-P38398-F1-model_v4.pdb	1712
P38398	1712	W	R	-0.145717984661716	AF-P38398-F1-model_v4.pdb	1712
P38398	1712	W	L	-0.0639514524527822	AF-P38398-F1-model_v4.pdb	1712
P38398	1712	W	C	-0.152586471451837	AF-P38398-F1-model_v4.pdb	1712
P38398	1712	W	C	0.0796235554938925	AF-P38398-F1-model_v4.pdb	1712
P38398	1712	W	*	-2.34938972740456	AF-P38398-F1-model_v4.pdb	1712
P38398	1713	V	I	0.0377816294129055	AF-P38398-F1-model_v4.pdb	1713
P38398	1713	V	A	-0.304455537180363	AF-P38398-F1-model_v4.pdb	1713
P38398	1713	V	V	0.172738756462411	AF-P38398-F1-model_v4.pdb	1713
P38398	1713	V	V	-0.102159619809175	AF-P38398-F1-model_v4.pdb	1713
P38398	1713	V	L	-0.101131993361955	AF-P38398-F1-model_v4.pdb	1713
P38398	1713	V	L	-4.0261399550574	AF-P38398-F1-model_v4.pdb	1713
P38398	1713	V	E	-0.340781921840293	AF-P38398-F1-model_v4.pdb	1713
P38398	1713	V	G	-0.297145113123289	AF-P38398-F1-model_v4.pdb	1713
P38398	1713	V	V	-0.1131954935144359	AF-P38398-F1-model_v4.pdb	1713
P38398	1714	V	V	0.0111803405805903	AF-P38398-F1-model_v4.pdb	1714
P38398	1714	V	F	-0.232822901469625	AF-P38398-F1-model_v4.pdb	1714
P38398	1714	V	L	-0.0857637267266773	AF-P38398-F1-model_v4.pdb	1714
P38398	1714	V	I	-0.295719565805336	AF-P38398-F1-model_v4.pdb	1714
P38398	1714	V	A	0.0411441189494357	AF-P38398-F1-model_v4.pdb	1714
P38398	1714	V	G	-4.2790469457895695	AF-P38398-F1-model_v4.pdb	1714
P38398	1714	V	V	0.0967087006161861	AF-P38398-F1-model_v4.pdb	1714
P38398	1714	V	V	0.144431704193388	AF-P38398-F1-model_v4.pdb	1714
P38398	1714	V	D	-0.0973419542683082	AF-P38398-F1-model_v4.pdb	1714
P38398	1715	S	R	-0.707569755718661	AF-P38398-F1-model_v4.pdb	1715
P38398	1715	S	T	0.132929037074493	AF-P38398-F1-model_v4.pdb	1715
P38398	1715	S	N	-0.512505781764011	AF-P38398-F1-model_v4.pdb	1715
P38398	1715	S	I	-0.6327117655276221	AF-P38398-F1-model_v4.pdb	1715
P38398	1715	S	G	0.257534697787023	AF-P38398-F1-model_v4.pdb	1715
P38398	1715	S	R	0.0897688653101456	AF-P38398-F1-model_v4.pdb	1715
P38398	1715	S	R	-0.6332545852645639	AF-P38398-F1-model_v4.pdb	1715
P38398	1715	S	C	-0.508327068914995	AF-P38398-F1-model_v4.pdb	1715
P38398	1715	S	S	-0.117581791188676	AF-P38398-F1-model_v4.pdb	1715
P38398	1716	Y	*	-2.6911626715553703	AF-P38398-F1-model_v4.pdb	1716
P38398	1716	Y	Y	0.0	AF-P38398-F1-model_v4.pdb	1716
P38398	1716	Y	H	-0.107284491547068	AF-P38398-F1-model_v4.pdb	1716
P38398	1716	Y	D	-0.309875547608813	AF-P38398-F1-model_v4.pdb	1716
P38398	1716	Y	S	0.1484745116293649	AF-P38398-F1-model_v4.pdb	1716
P38398	1716	Y	C	-0.230128017073965	AF-P38398-F1-model_v4.pdb	1716
P38398	1716	Y	F	-0.0145471183691676	AF-P38398-F1-model_v4.pdb	1716
P38398	1716	Y	*	-2.5749728651348502	AF-P38398-F1-model_v4.pdb	1716
P38398	1716	Y	N	-0.209412932568855	AF-P38398-F1-model_v4.pdb	1716
P38398	1717	F	I	-0.3824410505925979	AF-P38398-F1-model_v4.pdb	1717
P38398	1717	F	L	0.1725445232626269	AF-P38398-F1-model_v4.pdb	1717
P38398	1717	F	V	-0.149146625417623	AF-P38398-F1-model_v4.pdb	1717
P38398	1717	F	Y	0.096153350508184	AF-P38398-F1-model_v4.pdb	1717
P38398	1717	F	S	-0.16663541772918	AF-P38398-F1-model_v4.pdb	1717
P38398	1717	F	L	-0.133424701936422	AF-P38398-F1-model_v4.pdb	1717
P38398	1717	F	L	-0.164207823804093	AF-P38398-F1-model_v4.pdb	1717
P38398	1717	F	F	-0.0895022871852237	AF-P38398-F1-model_v4.pdb	1717
P38398	1717	F	C	-0.0387032635413479	AF-P38398-F1-model_v4.pdb	1717
P38398	1718	W	R	-0.39915761257266	AF-P38398-F1-model_v4.pdb	1718
P38398	1718	W	G	-0.520665515171771	AF-P38398-F1-model_v4.pdb	1718
P38398	1718	W	R	-0.521292312030288	AF-P38398-F1-model_v4.pdb	1718
P38398	1732	H	Y	0.320861106895241	AF-P38398-F1-model_v4.pdb	1732
P38398	1732	H	P	-0.273910249017487	AF-P38398-F1-model_v4.pdb	1732
P38398	1732	H	R	0.263222352818791	AF-P38398-F1-model_v4.pdb	1732
P38398	1732	H	L	-0.200608735131265	AF-P38398-F1-model_v4.pdb	1732
P38398	1732	H	Q	0.0054047287850286	AF-P38398-F1-model_v4.pdb	1732
P38398	1732	H	H	-0.177922622487948	AF-P38398-F1-model_v4.pdb	1732
P38398	1732	H	Q	-0.44626385824535	AF-P38398-F1-model_v4.pdb	1732
P38398	1732	H	N	-0.1518976683247009	AF-P38398-F1-model_v4.pdb	1732
P38398	1732	H	D	-0.202887215497465	AF-P38398-F1-model_v4.pdb	1732
P38398	1733	D	H	-0.096988444803719	AF-P38398-F1-model_v4.pdb	1733
P38398	1733	D	E	-0.217540820436963	AF-P38398-F1-model_v4.pdb	1733
P38398	1733	D	D	0.147002627635828	AF-P38398-F1-model_v4.pdb	1733
P38398	1733	D	E	0.100395506011455	AF-P38398-F1-model_v4.pdb	1733
P38398	1733	D	V	0.179140783977697	AF-P38398-F1-model_v4.pdb	1733
P38398	1733	D	G	0.188077913516278	AF-P38398-F1-model_v4.pdb	1733
P38398	1733	D	N	0.312734311464656	AF-P38398-F1-model_v4.pdb	1733
P38398	1733	D	A	0.0478603910875928	AF-P38398-F1-model_v4.pdb	1733
P38398	1733	D	Y	0.4242954942990329	AF-P38398-F1-model_v4.pdb	1733
P38398	1734	F	I	-0.651269097705916	AF-P38398-F1-model_v4.pdb	1734
P38398	1734	F	L	-0.436460421225087	AF-P38398-F1-model_v4.pdb	1734
P38398	1734	F	Y	-0.102677718023298	AF-P38398-F1-model_v4.pdb	1734
P38398	1734	F	S	-0.3024418521066099	AF-P38398-F1-model_v4.pdb	1734
P38398	1734	F	C	-0.3879862046498129	AF-P38398-F1-model_v4.pdb	1734
P38398	1734	F	F	-0.0209402905569271	AF-P38398-F1-model_v4.pdb	1734
P38398	1734	F	L	-0.6462625265770849	AF-P38398-F1-model_v4.pdb	1734
P38398	1734	F	V	-0.467224840006015	AF-P38398-F1-model_v4.pdb	1734
P38398	1734	F	L	-0.234304701662065	AF-P38398-F1-model_v4.pdb	1734
P38398	1735	E	Q	-0.343185899398627	AF-P38398-F1-model_v4.pdb	1735
P38398	1735	E	K	-0.8777218383637191	AF-P38398-F1-model_v4.pdb	1735
P38398	1735	E	E	0.0899087397354741	AF-P38398-F1-model_v4.pdb	1735
P38398	1735	E	D	-0.575597274555331	AF-P38398-F1-model_v4.pdb	1735
P38398	1735	E	V	0.157979428367978	AF-P38398-F1-model_v4.pdb	1735
P38398	1735	E	*	-2.20615331248485	AF-P38398-F1-model_v4.pdb	1735
P38398	1735	E	G	-0.0357432643761984	AF-P38398-F1-model_v4.pdb	1735
P38398	1735	E	A	-0.0231727486201455	AF-P38398-F1-model_v4.pdb	1735
P38398	1735	E	D	-0.623106154650676	AF-P38398-F1-model_v4.pdb	1735
P38398	1736	V	V	1.20909367968397	AF-P38398-F1-model_v4.pdb	1736
P38398	1736	V	V	0.2620974043475439	AF-P38398-F1-model_v4.pdb	1736
P38398	1736	V	G	-0.65854979869987	AF-P38398-F1-model_v4.pdb	1736
P38398	1736	V	V	-0.0689315338609611	AF-P38398-F1-model_v4.pdb	1736
P38398	1736	V	D	-0.0725460365139652	AF-P38398-F1-model_v4.pdb	1736
P38398	1736	V	F	-0.9134507144014647	AF-P38398-F1-model_v4.pdb	1736
P38398	1736	V	L	-0.267767675677348	AF-P38398-F1-model_v4.pdb	1736
P38398	1736	V	I	-0.279097591136745	AF-P38398-F1-model_v4.pdb	1736
P38398	1736	V	A	-0.158866854184636	AF-P38398-F1-model_v4.pdb	1736
P38398	1737	R	S	-0.3056840378953699	AF-P38398-F1-model_v4.pdb	1737
P38398	1737	R	R	-0.234445220335355	AF-P38398-F1-model_v4.pdb	1737
P38398	1737	R	S	-0.0920793489321027	AF-P38398-F1-model_v4.pdb	1737
P38398	1737	R	I	-0.2567563025234849	AF-P38398-F1-model_v4.pdb	1737
P38398	1737	R	T	-0.243092615253197	AF-P38398-F1-model_v4.pdb	1737
P38398	1737	R	K	-0.0473300749473913	AF-P38398-F1-model_v4.pdb	1737
P38398	1737	R	*	-2.15410567014589	AF-P38398-F1-model_v4.pdb	1737
P38398	1737	R	G	-0.0425321589102249	AF-P38398-F1-model_v4.pdb	1737
P38398	1737	R	R	-0.062327558031145	AF-P38398-F1-model_v4.pdb	1737
P38398	1738	G	R	-0.228043026179963	AF-P38398-F1-model_v4.pdb	1738
P38398	1738	G	*	-2.14561726316829	AF-P38398-F1-model_v4.pdb	1738
P38398	1738	G	E	-0.551043307676619	AF-P38398-F1-model_v4.pdb	1738
P38398	1738	G	A	-0.149025196781048	AF-P38398-F1-model_v4.pdb	1738
P38398	1738	G	R	-0.894378282205442	AF-P38398-F1-model_v4.pdb	1738
P38398	1738	G	G	-0.0911660434482623	AF-P38398-F1-model_v4.pdb	1738
P38398	1738	G	G	-0.305695981247031	AF-P38398-F1-model_v4.pdb	1738
P38398	1738	G	G	-0.238485446714276	AF-P38398-F1-model_v4.pdb	1738
P38398	1738	G	V	-0.632839136224449	AF-P38398-F1-model_v4.pdb	1738
P38398	1739	D	E	0.0201131412455668	AF-P38398-F1-model_v4.pdb	1739
P38398	1739	D	D	-0.056494775238817	AF-P38398-F1-model_v4.pdb	1739
P38398	1739	D	E	-0.5333048687036079	AF-P38398-F1-model_v4.pdb	1739
P38398	1739	D	V	-0.430192031372226	AF-P38398-F1-model_v4.pdb	1739
P38398	1739	D	G	-0.59558032540038	AF-P38398-F1-model_v4.pdb	1739
P38398	1739	D	Y	-0.4066299896443979	AF-P38398-F1-model_v4.pdb	1739
P38398	1739	D	A	0.15009053652359	AF-P38398-F1-model_v4.pdb	1739
P38398	1739	D	H	-0.360566370197457	AF-P38398-F1-model_v4.pdb	1739
P38398	1739	D	N	-0.15533465751819	AF-P38398-F1-model_v4.pdb	1739
P38398	1740	V	A	-0.0431263804154077	AF-P38398-F1-model_v4.pdb	1740
P38398	1740	V	G	0.0101826087979774	AF-P38398-F1-model_v4.pdb	1740
P38398	1740	V	L	0.189408707650056	AF-P38398-F1-model_v4.pdb	1740
P38398	1741	V	V	0.1070974190689469	AF-P38398-F1-model_v4.pdb	1741
P38398	1741	V	I	-0.0142841497897429	AF-P38398-F1-model_v4.pdb	1741
P38398	1741	V	L	-0.112153851490563	AF-P38398-F1-model_v4.pdb	1741
P38398	1741	V	D	-0.202033082541696	AF-P38398-F1-model_v4.pdb	1741
P38398	1741	V	A	0.0607282088010877	AF-P38398-F1-model_v4.pdb	1741
P38398	1741	V	V	0.0417121394164477	AF-P38398-F1-model_v4.pdb	1741
P38398	1741	V	V	0.0493717841103383	AF-P38398-F1-model_v4.pdb	1741
P38398	1742	N	H	-0.245356057230285	AF-P38398-F1-model_v4.pdb	1742
P38398	1742	N	D	0.197672595786636	AF-P38398-F1-model_v4.pdb	1742
P38398	1742	N	Y	-0.001262820580607	AF-P38398-F1-model_v4.pdb	1742
P38398	1742	N	K	-0.0214894652863722	AF-P38398-F1-model_v4.pdb	1742
P38398	1742	N	S	0.111233920226628	AF-P38398-F1-model_v4.pdb	1742
P38398	1742	N	I	0.139471261162234	AF-P38398-F1-model_v4.pdb	1742
P38398	1742	N	K	0.0293915244403701	AF-P38398-F1-model_v4.pdb	1742
P38398	1742	N	T	-0.0571834911290186	AF-P38398-F1-model_v4.pdb	1742
P38398	1742	N	N	0.133201553096342	AF-P38398-F1-model_v4.pdb	1742
P38398	1743	G	R	-0.180581181747844	AF-P38398-F1-model_v4.pdb	1743
P38398	1743	G	G	0.0081472202680177	AF-P38398-F1-model_v4.pdb	1743
P38398	1743	G	R	-0.0270870748558311	AF-P38398-F1-model_v4.pdb	1743
P38398	1743	G	*	-2.47841047807248	AF-P38398-F1-model_v4.pdb	1743
P38398	1743	G	E	-0.303796799711456	AF-P38398-F1-model_v4.pdb	1743
P38398	1743	G	A	-0.0411015993551616	AF-P38398-F1-model_v4.pdb	1743
P38398	1743	G	V	-0.13327857389237	AF-P38398-F1-model_v4.pdb	1743
P38398	1743	G	G	-0.119922281462702	AF-P38398-F1-model_v4.pdb	1743
P38398	1743	G	G	-0.1693060225872219	AF-P38398-F1-model_v4.pdb	1743
P38398	1744	R	G	0.225538272856983	AF-P38398-F1-model_v4.pdb	1744
P38398	1744	R	*	-2.24306851639451	AF-P38398-F1-model_v4.pdb	1744
P38398	1744	R	T	0.275296355403787	AF-P38398-F1-model_v4.pdb	1744
P38398	1744	R	K	0.1429643785300269	AF-P38398-F1-model_v4.pdb	1744
P38398	1744	R	S	0.1808711774702489	AF-P38398-F1-model_v4.pdb	1744
P38398	1744	R	R	0.1492261088447959	AF-P38398-F1-model_v4.pdb	1744
P38398	1744	R	S	0.231149641654253	AF-P38398-F1-model_v4.pdb	1744
P38398	1744	R	I	-0.2432871267576609	AF-P38398-F1-model_v4.pdb	1744
P38398	1744	R	R	-0.0062525295146837	AF-P38398-F1-model_v4.pdb	1744
P38398	1745	N	K	0.045731419767974	AF-P38398-F1-model_v4.pdb	1745
P38398	1745	N	D	0.102817723350954	AF-P38398-F1-model_v4.pdb	1745
P38398	1745	N	Y	0.139825852772799	AF-P38398-F1-model_v4.pdb	1745
P38398	1745	N	T	0.2193292110396699	AF-P38398-F1-model_v4.pdb	1745
P38398	1745	N	S	-0.218997711335811	AF-P38398-F1-model_v4.pdb	1745
P38398	1745	N	I	0.158184396788619	AF-P38398-F1-model_v4.pdb	1745
P38398	1745	N	K	-0.0160708635180323	AF-P38398-F1-model_v4.pdb	1745
P38398	1745	N	N	0.11612847845946	AF-P38398-F1-model_v4.pdb	1745
P38398	1745	N	H	0.214093262644941	AF-P38398-F1-model_v4.pdb	1745
P38398	1746	H	L	0.0172415786318164	AF-P38398-F1-model_v4.pdb	1746
P38398	1746	H	R	-0.2223460036232469	AF-P38398-F1-model_v4.pdb	1746
P38398	1746	H	H	0.155405915768144	AF-P38398-F1-model_v4.pdb	1746
P38398	1746	H	Q	0.0545763496318007	AF-P38398-F1-model_v4.pdb	1746
P38398	1746	H	Q	0.109772536583629	AF-P38398-F1-model_v4.pdb	1746
P38398	1746	H	P	-0.186451576117153	AF-P38398-F1-model_v4.pdb	1746
P38398	1746	H	Y	-0.0860501447711905	AF-P38398-F1-model_v4.pdb	1746
P38398	1746	H	D	0.0256146246767362	AF-P38398-F1-model_v4.pdb	1746
P38398	1746	H	N	-0.0154320777731557	AF-P38398-F1-model_v4.pdb	1746
P38398	1747	Q	Q	0.0939709338256366	AF-P38398-F1-model_v4.pdb	1747
P38398	1747	Q	H	-0.0223396074279587	AF-P38398-F1-model_v4.pdb	1747
P38398	1747	Q	L	0.0535026645311266	AF-P38398-F1-model_v4.pdb	1747
P38398	1747	Q	R	-0.0525497435285424	AF-P38398-F1-model_v4.pdb	1747
P38398	1747	Q	P	-0.442401981934628	AF-P38398-F1-model_v4.pdb	1747
P38398	1747	Q	*	-2.2494977652067303	AF-P38398-F1-model_v4.pdb	1747
P38398	1747	Q	E	0.136870367720189	AF-P38398-F1-model_v4.pdb	1747
P38398	1747	Q	K	0.0354379646383857	AF-P38398-F1-model_v4.pdb	1747
P38398	1747	Q	H	0.0003384290671861	AF-P38398-F1-model_v4.pdb	1747
P38398	1748	G	R	-0.294086461479645	AF-P38398-F1-model_v4.pdb	1748
P38398	1748	G	C	-0.202850829849723	AF-P38398-F1-model_v4.pdb	1748
P38398	1748	G	D	-0.487765025369667	AF-P38398-F1-model_v4.pdb	1748
P38398	1748	G	A	-0.2414115141754889	AF-P38398-F1-model_v4.pdb	1748
P38398	1748	G	V	-0.10380867981544	AF-P38398-F1-model_v4.pdb	1748
P38398	1748	G	G	0.0383510391125701	AF-P38398-F1-model_v4.pdb	1748
P38398	1748	G	G	0.0092800091427675	AF-P38398-F1-model_v4.pdb	1748
P38398	1748	G	G	-0.0646499994112859	AF-P38398-F1-model_v4.pdb	1748
P38398	1748	G	S	0.0033684166630048	AF-P38398-F1-model_v4.pdb	1748
P38398	1749	P	T	-0.0157867947888128	AF-P38398-F1-model_v4.pdb	1749
P38398	1749	P	A	-0.181109348349591	AF-P38398-F1-model_v4.pdb	1749
P38398	1749	P	S	-0.298475746144299	AF-P38398-F1-model_v4.pdb	1749
P38398	1749	P	Q	-0.317692566734829	AF-P38398-F1-model_v4.pdb	1749
P38398	1749	P	P	-0.130757376526865	AF-P38398-F1-model_v4.pdb	1749
P38398	1749	P	L	-0.455159738308345	AF-P38398-F1-model_v4.pdb	1749
P38398	1749	P	P	-0.0264264077658199	AF-P38398-F1-model_v4.pdb	1749
P38398	1749	P	P	-0.0488497300771059	AF-P38398-F1-model_v4.pdb	1749
P38398	1749	P	R	-0.59223576330265	AF-P38398-F1-model_v4.pdb	1749
P38398	1750	K	E	0.2233154016983149	AF-P38398-F1-model_v4.pdb	1750
P38398	1750	K	*	-1.7967897230968002	AF-P38398-F1-model_v4.pdb	1750
P38398	1750	K	T	0.2667717420820689	AF-P38398-F1-model_v4.pdb	1750
P38398	1750	K	R	-0.0775219436211797	AF-P38398-F1-model_v4.pdb	1750
P38398	1750	K	M	0.0356737621347957	AF-P38398-F1-model_v4.pdb	1750
P38398	1750	K	K	0.0062255484238595	AF-P38398-F1-model_v4.pdb	1750
P38398	1750	K	N	-0.0841735005245672	AF-P38398-F1-model_v4.pdb	1750
P38398	1750	K	N	0.055413777449933	AF-P38398-F1-model_v4.pdb	1750
P38398	1750	K	Q	0.0006843370846581	AF-P38398-F1-model_v4.pdb	1750
P38398	1751	R	R	0.100836940730084	AF-P38398-F1-model_v4.pdb	1751
P38398	1751	R	G	-0.459204874936473	AF-P38398-F1-model_v4.pdb	1751
P38398	1751	R	R	0.197136738677192	AF-P38398-F1-model_v4.pdb	1751
P38398	1751	R	R	-0.232525479044128	AF-P38398-F1-model_v4.pdb	1751
P38398	1751	R	R	0.128336490142928	AF-P38398-F1-model_v4.pdb	1751
P38398	1751	R	L	-0.0784996589534341	AF-P38398-F1-model_v4.pdb	1751
P38398	1751	R	P	-0.532809233163082	AF-P38398-F1-model_v4.pdb	1751
P38398	1751	R	Q	-0.178179884101182	AF-P38398-F1-model_v4.pdb	1751
P38398	1751	R	*	-1.26506638840227	AF-P38398-F1-model_v4.pdb	1751
P38398	1752	A	A	0.0102211913497271	AF-P38398-F1-model_v4.pdb	1752
P38398	1752	A	V	0.0586676829580278	AF-P38398-F1-model_v4.pdb	1752
P38398	1752	A	E	-0.609164732862276	AF-P38398-F1-model_v4.pdb	1752
P38398	1752	A	S	0.0184647099625154	AF-P38398-F1-model_v4.pdb	1752
P38398	1752	A	P	-0.47784283152461	AF-P38398-F1-model_v4.pdb	1752
P38398	1752	A	T	-0.7490818060387109	AF-P38398-F1-model_v4.pdb	1752
P38398	1752	A	A	-0.123046479959264	AF-P38398-F1-model_v4.pdb	1752
P38398	1752	A	G	0.0405495602235201	AF-P38398-F1-model_v4.pdb	1752
P38398	1752	A	A	0.636821075728816	AF-P38398-F1-model_v4.pdb	1752
P38398	1753	R	R	0.0870579244890872	AF-P38398-F1-model_v4.pdb	1753
P38398	1753	R	G	-0.363010905566379	AF-P38398-F1-model_v4.pdb	1753
P38398	1753	R	*	-2.37856790649178	AF-P38398-F1-model_v4.pdb	1753
P38398	1753	R	K	-0.0103389898896719	AF-P38398-F1-model_v4.pdb	1753
P38398	1753	R	T	-0.7239654733128721	AF-P38398-F1-model_v4.pdb	1753
P38398	1753	R	I	-0.6902408482834379	AF-P38398-F1-model_v4.pdb	1753
P38398	1753	R	S	-0.778042296285735	AF-P38398-F1-model_v4.pdb	1753
P38398	1753	R	R	-0.0607398120885899	AF-P38398-F1-model_v4.pdb	1753
P38398	1753	R	S	-0.836009881212221	AF-P38398-F1-model_v4.pdb	1753
P38398	1754	E	Q	0.0188665292795932	AF-P38398-F1-model_v4.pdb	1754
P38398	1754	E	K	0.0371603280253271	AF-P38398-F1-model_v4.pdb	1754
P38398	1754	E	*	-3.1853889549512897	AF-P38398-F1-model_v4.pdb	1754
P38398	1754	E	A	0.302986240498278	AF-P38398-F1-model_v4.pdb	1754
P38398	1754	E	G	0.404586198022571	AF-P38398-F1-model_v4.pdb	1754
P38398	1754	E	D	0.138260186628659	AF-P38398-F1-model_v4.pdb	1754
P38398	1754	E	E	-0.129387732384467	AF-P38398-F1-model_v4.pdb	1754
P38398	1754	E	D	-0.0867545757241195	AF-P38398-F1-model_v4.pdb	1754
P38398	1754	E	V	-0.0122731125199177	AF-P38398-F1-model_v4.pdb	1754
P38398	1755	S	T	-0.264301933957572	AF-P38398-F1-model_v4.pdb	1755
P38398	1755	S	P	-0.1557976443799119	AF-P38398-F1-model_v4.pdb	1755
P38398	1755	S	A	-0.174419517741862	AF-P38398-F1-model_v4.pdb	1755
P38398	1755	S	Y	-0.215948158685063	AF-P38398-F1-model_v4.pdb	1755
P38398	1755	S	C	-0.12084497899891	AF-P38398-F1-model_v4.pdb	1755
P38398	1755	S	F	-0.3932048420004639	AF-P38398-F1-model_v4.pdb	1755
P38398	1755	S	S	-0.0578090079507579	AF-P38398-F1-model_v4.pdb	1755
P38398	1755	S	S	-0.195461943473898	AF-P38398-F1-model_v4.pdb	1755
P38398	1755	S	S	-0.2249302317352	AF-P38398-F1-model_v4.pdb	1755
P38398	1756	Q	Q	-0.428358532123789	AF-P38398-F1-model_v4.pdb	1756
P38398	1756	Q	H	-0.278011532739976	AF-P38398-F1-model_v4.pdb	1756
P38398	1756	Q	L	-0.0989827620244463	AF-P38398-F1-model_v4.pdb	1756
P38398	1756	Q	*	-2.0916162750927	AF-P38398-F1-model_v4.pdb	1756
P38398	1756	Q	P	-0.0601269895943238	AF-P38398-F1-model_v4.pdb	1756
P38398	1756	Q	H	0.0833577162599103	AF-P38398-F1-model_v4.pdb	1756
P38398	1756	Q	R	-0.0622501705099539	AF-P38398-F1-model_v4.pdb	1756
P38398	1756	Q	K	-0.393591474097891	AF-P38398-F1-model_v4.pdb	1756
P38398	1756	Q	E	-0.133896044181511	AF-P38398-F1-model_v4.pdb	1756
P38398	1757	D	Y	0.107130323375476	AF-P38398-F1-model_v4.pdb	1757
P38398	1757	D	H	-0.236453611827231	AF-P38398-F1-model_v4.pdb	1757
P38398	1757	D	G	0.454038831195136	AF-P38398-F1-model_v4.pdb	1757
P38398	1757	D	V	0.1191520239801469	AF-P38398-F1-model_v4.pdb	1757
P38398	1757	D	E	0.140332690217975	AF-P38398-F1-model_v4.pdb	1757
P38398	1757	D	E	-0.105606716554583	AF-P38398-F1-model_v4.pdb	1757
P38398	1757	D	D	0.141425178210192	AF-P38398-F1-model_v4.pdb	1757
P38398	1757	D	N	-0.2030855751413109	AF-P38398-F1-model_v4.pdb	1757
P38398	1757	D	A	0.545878060220295	AF-P38398-F1-model_v4.pdb	1757
P38398	1758	R	R	0.1687002955983569	AF-P38398-F1-model_v4.pdb	1758
P38398	1758	R	G	0.6482915606919589	AF-P38398-F1-model_v4.pdb	1758
P38398	1758	R	*	-2.0189206293332	AF-P38398-F1-model_v4.pdb	1758
P38398	1758	R	K	0.206462805132907	AF-P38398-F1-model_v4.pdb	1758
P38398	1758	R	T	-0.1141895913555459	AF-P38398-F1-model_v4.pdb	1758
P38398	1758	R	I	0.0181795885050752	AF-P38398-F1-model_v4.pdb	1758
P38398	1758	R	S	-0.0633405101194174	AF-P38398-F1-model_v4.pdb	1758
P38398	1758	R	R	0.170200685871286	AF-P38398-F1-model_v4.pdb	1758
P38398	1758	R	S	-0.2257404926975269	AF-P38398-F1-model_v4.pdb	1758
P38398	1759	K	Q	-0.257434478386033	AF-P38398-F1-model_v4.pdb	1759
P38398	1759	K	E	-0.280555985785358	AF-P38398-F1-model_v4.pdb	1759
P38398	1759	K	*	-2.10760482883123	AF-P38398-F1-model_v4.pdb	1759
P38398	1759	K	T	-0.203637113884947	AF-P38398-F1-model_v4.pdb	1759
P38398	1759	K	R	-0.1945760607006439	AF-P38398-F1-model_v4.pdb	1759
P38398	1759	K	M	-0.259109368695018	AF-P38398-F1-model_v4.pdb	1759
P38398	1759	K	K	-0.57833886470898	AF-P38398-F1-model_v4.pdb	1759
P38398	1759	K	N	-1.1181206443518898	AF-P38398-F1-model_v4.pdb	1759
P38398	1759	K	N	-0.6130060767289399	AF-P38398-F1-model_v4.pdb	1759
P38398	1760	I	F	-1.5529661470726002	AF-P38398-F1-model_v4.pdb	1760
P38398	1760	I	I	-0.127622118776212	AF-P38398-F1-model_v4.pdb	1760
P38398	1760	I	I	-0.0771882337626228	AF-P38398-F1-model_v4.pdb	1760
P38398	1760	I	V	0.4729320406243329	AF-P38398-F1-model_v4.pdb	1760
P38398	1760	I	T	0.668548632291952	AF-P38398-F1-model_v4.pdb	1760
P38398	1760	I	S	0.114481399500678	AF-P38398-F1-model_v4.pdb	1760
P38398	1760	I	M	-0.3286073447548869	AF-P38398-F1-model_v4.pdb	1760
P38398	1760	I	L	0.0129208137849663	AF-P38398-F1-model_v4.pdb	1760
P38398	1760	I	N	-0.8225944304086591	AF-P38398-F1-model_v4.pdb	1760
P38398	1761	F	I	-0.583248274273297	AF-P38398-F1-model_v4.pdb	1761
P38398	1761	F	L	-0.531083021836671	AF-P38398-F1-model_v4.pdb	1761
P38398	1761	F	V	-0.740931548459837	AF-P38398-F1-model_v4.pdb	1761
P38398	1761	F	Y	0.0249719162946997	AF-P38398-F1-model_v4.pdb	1761
P38398	1761	F	S	-1.4491228054528895	AF-P38398-F1-model_v4.pdb	1761
P38398	1761	F	C	-1.07759021606907	AF-P38398-F1-model_v4.pdb	1761
P38398	1761	F	L	-0.609170069984438	AF-P38398-F1-model_v4.pdb	1761
P38398	1761	F	L	-0.324092614086919	AF-P38398-F1-model_v4.pdb	1761
P38398	1761	F	F	-0.297841888562479	AF-P38398-F1-model_v4.pdb	1761
P38398	1762	R	S	-0.538622680365839	AF-P38398-F1-model_v4.pdb	1762
P38398	1762	R	S	0.185303468151594	AF-P38398-F1-model_v4.pdb	1762
P38398	1762	R	R	-0.258022710853182	AF-P38398-F1-model_v4.pdb	1762
P38398	1762	R	M	-0.128827513467626	AF-P38398-F1-model_v4.pdb	1762
P38398	1762	R	W	0.1069194346751259	AF-P38398-F1-model_v4.pdb	1762
P38398	1762	R	G	0.515082598939556	AF-P38398-F1-model_v4.pdb	1762
P38398	1762	R	R	0.221069038661446	AF-P38398-F1-model_v4.pdb	1762
P38398	1762	R	T	0.402833545526253	AF-P38398-F1-model_v4.pdb	1762
P38398	1762	R	K	-0.130070404180581	AF-P38398-F1-model_v4.pdb	1762
P38398	1763	G	R	0.1205847220248169	AF-P38398-F1-model_v4.pdb	1763
P38398	1763	G	A	-1.03056366423599	AF-P38398-F1-model_v4.pdb	1763
P38398	1763	G	V	-0.743825078101377	AF-P38398-F1-model_v4.pdb	1763
P38398	1764	L	Q	0.223730222274172	AF-P38398-F1-model_v4.pdb	1764
P38398	1764	L	P	0.4319844368177229	AF-P38398-F1-model_v4.pdb	1764
P38398	1764	L	L	0.0	AF-P38398-F1-model_v4.pdb	1764
P38398	1764	L	L	0.277899436306463	AF-P38398-F1-model_v4.pdb	1764
P38398	1764	L	L	-1.11511889193131	AF-P38398-F1-model_v4.pdb	1764
P38398	1764	L	I	0.220120203553427	AF-P38398-F1-model_v4.pdb	1764
P38398	1764	L	V	-0.2284882655923099	AF-P38398-F1-model_v4.pdb	1764
P38398	1765	E	V	0.309731469364831	AF-P38398-F1-model_v4.pdb	1765
P38398	1765	E	G	0.0154192723462282	AF-P38398-F1-model_v4.pdb	1765
P38398	1765	E	A	-0.514359360553117	AF-P38398-F1-model_v4.pdb	1765
P38398	1765	E	*	-1.7456402333491998	AF-P38398-F1-model_v4.pdb	1765
P38398	1765	E	Q	-0.491907423029854	AF-P38398-F1-model_v4.pdb	1765
P38398	1765	E	K	1.12089298731599	AF-P38398-F1-model_v4.pdb	1765
P38398	1765	E	D	0.483262271404867	AF-P38398-F1-model_v4.pdb	1765
P38398	1765	E	E	0.0141560502936706	AF-P38398-F1-model_v4.pdb	1765
P38398	1765	E	D	-0.695638954601153	AF-P38398-F1-model_v4.pdb	1765
P38398	1766	I	F	-0.175496217429569	AF-P38398-F1-model_v4.pdb	1766
P38398	1766	I	I	-1.00457204142118	AF-P38398-F1-model_v4.pdb	1766
P38398	1766	I	S	-0.7314334482157859	AF-P38398-F1-model_v4.pdb	1766
P38398	1766	I	T	-0.354662809807734	AF-P38398-F1-model_v4.pdb	1766
P38398	1766	I	L	-0.0482984721513123	AF-P38398-F1-model_v4.pdb	1766
P38398	1766	I	V	0.4326344304929779	AF-P38398-F1-model_v4.pdb	1766
P38398	1766	I	M	0.143510619272332	AF-P38398-F1-model_v4.pdb	1766
P38398	1766	I	N	-0.0679464355312809	AF-P38398-F1-model_v4.pdb	1766
P38398	1766	I	I	0.573599510217647	AF-P38398-F1-model_v4.pdb	1766
P38398	1767	C	C	-0.2028895777669429	AF-P38398-F1-model_v4.pdb	1767
P38398	1767	C	G	-0.7500915567901841	AF-P38398-F1-model_v4.pdb	1767
P38398	1767	C	*	-1.86755194132118	AF-P38398-F1-model_v4.pdb	1767
P38398	1767	C	W	-0.5682179324238941	AF-P38398-F1-model_v4.pdb	1767
P38398	1767	C	F	-0.5031707981512371	AF-P38398-F1-model_v4.pdb	1767
P38398	1767	C	S	-0.8974464098535021	AF-P38398-F1-model_v4.pdb	1767
P38398	1767	C	Y	0.319182941175488	AF-P38398-F1-model_v4.pdb	1767
P38398	1767	C	R	1.4174471792391798	AF-P38398-F1-model_v4.pdb	1767
P38398	1767	C	S	-0.7009474096647641	AF-P38398-F1-model_v4.pdb	1767
P38398	1768	C	W	0.0825741517288675	AF-P38398-F1-model_v4.pdb	1768
P38398	1768	C	S	-0.0368999509276553	AF-P38398-F1-model_v4.pdb	1768
P38398	1768	C	R	0.320255966639807	AF-P38398-F1-model_v4.pdb	1768
P38398	1768	C	G	0.9465031066273628	AF-P38398-F1-model_v4.pdb	1768
P38398	1768	C	Y	-0.287082366742299	AF-P38398-F1-model_v4.pdb	1768
P38398	1768	C	S	-0.0266118107720404	AF-P38398-F1-model_v4.pdb	1768
P38398	1768	C	F	-0.605238205206087	AF-P38398-F1-model_v4.pdb	1768
P38398	1768	C	*	-3.02909455711248	AF-P38398-F1-model_v4.pdb	1768
P38398	1768	C	C	-0.4599671400079989	AF-P38398-F1-model_v4.pdb	1768
P38398	1769	Y	*	-3.41979063889436	AF-P38398-F1-model_v4.pdb	1769
P38398	1769	Y	*	-1.66785798728628	AF-P38398-F1-model_v4.pdb	1769
P38398	1769	Y	N	0.6274585794097379	AF-P38398-F1-model_v4.pdb	1769
P38398	1769	Y	F	0.133714421129543	AF-P38398-F1-model_v4.pdb	1769
P38398	1769	Y	C	-1.44679209260854	AF-P38398-F1-model_v4.pdb	1769
P38398	1769	Y	Y	-0.7921761439944359	AF-P38398-F1-model_v4.pdb	1769
P38398	1769	Y	D	-1.13376979656157	AF-P38398-F1-model_v4.pdb	1769
P38398	1769	Y	S	-0.7806767320780429	AF-P38398-F1-model_v4.pdb	1769
P38398	1770	G	R	0.758073108151331	AF-P38398-F1-model_v4.pdb	1770
P38398	1770	G	W	-0.0358283856879912	AF-P38398-F1-model_v4.pdb	1770
P38398	1770	G	E	-0.573004245388036	AF-P38398-F1-model_v4.pdb	1770
P38398	1770	G	A	0.2012223151021089	AF-P38398-F1-model_v4.pdb	1770
P38398	1770	G	V	0.744881813716676	AF-P38398-F1-model_v4.pdb	1770
P38398	1770	G	G	-0.5527934818255269	AF-P38398-F1-model_v4.pdb	1770
P38398	1770	G	G	-0.117638082428381	AF-P38398-F1-model_v4.pdb	1770
P38398	1770	G	G	0.338667737110763	AF-P38398-F1-model_v4.pdb	1770
P38398	1770	G	R	0.20586475265598	AF-P38398-F1-model_v4.pdb	1770
P38398	1771	P	P	1.0977467682292	AF-P38398-F1-model_v4.pdb	1771
P38398	1771	P	P	-0.5657368198440749	AF-P38398-F1-model_v4.pdb	1771
P38398	1771	P	P	0.849670617559205	AF-P38398-F1-model_v4.pdb	1771
P38398	1771	P	L	-0.0300816352858771	AF-P38398-F1-model_v4.pdb	1771
P38398	1771	P	R	-1.08144340656449	AF-P38398-F1-model_v4.pdb	1771
P38398	1771	P	H	-0.7655920799725731	AF-P38398-F1-model_v4.pdb	1771
P38398	1771	P	S	0.425787917308486	AF-P38398-F1-model_v4.pdb	1771
P38398	1771	P	A	-0.758562453257177	AF-P38398-F1-model_v4.pdb	1771
P38398	1771	P	T	0.1638017776822539	AF-P38398-F1-model_v4.pdb	1771
P38398	1772	F	I	0.3566143022995379	AF-P38398-F1-model_v4.pdb	1772
P38398	1772	F	C	0.0446975805738076	AF-P38398-F1-model_v4.pdb	1772
P38398	1772	F	L	-0.6107843180428161	AF-P38398-F1-model_v4.pdb	1772
P38398	1772	F	S	0.1810367819966239	AF-P38398-F1-model_v4.pdb	1772
P38398	1772	F	F	0.356194548497785	AF-P38398-F1-model_v4.pdb	1772
P38398	1772	F	Y	0.1848292777087789	AF-P38398-F1-model_v4.pdb	1772
P38398	1772	F	V	0.308483138172939	AF-P38398-F1-model_v4.pdb	1772
P38398	1772	F	L	0.362055613492774	AF-P38398-F1-model_v4.pdb	1772
P38398	1773	T	S	0.594621779159352	AF-P38398-F1-model_v4.pdb	1773
P38398	1773	T	T	0.4368059615434739	AF-P38398-F1-model_v4.pdb	1773
P38398	1773	T	T	0.0752428907237963	AF-P38398-F1-model_v4.pdb	1773
P38398	1773	T	T	0.773655896627515	AF-P38398-F1-model_v4.pdb	1773
P38398	1773	T	I	-0.133929675805394	AF-P38398-F1-model_v4.pdb	1773
P38398	1773	T	N	0.4023942621587829	AF-P38398-F1-model_v4.pdb	1773
P38398	1773	T	S	-0.1991499428522919	AF-P38398-F1-model_v4.pdb	1773
P38398	1773	T	A	0.6709487911282479	AF-P38398-F1-model_v4.pdb	1773
P38398	1773	T	P	0.165564888916757	AF-P38398-F1-model_v4.pdb	1773
P38398	1774	N	K	0.0350580818033651	AF-P38398-F1-model_v4.pdb	1774
P38398	1774	N	K	-0.931443649760607	AF-P38398-F1-model_v4.pdb	1774
P38398	1774	N	N	0.2551797926621689	AF-P38398-F1-model_v4.pdb	1774
P38398	1774	N	I	-0.535405440671469	AF-P38398-F1-model_v4.pdb	1774
P38398	1774	N	S	0.3685795709880979	AF-P38398-F1-model_v4.pdb	1774
P38398	1774	N	T	0.422168187917096	AF-P38398-F1-model_v4.pdb	1774
P38398	1774	N	Y	0.0009329102935152	AF-P38398-F1-model_v4.pdb	1774
P38398	1774	N	D	-0.228862014450855	AF-P38398-F1-model_v4.pdb	1774
P38398	1774	N	H	0.255655633768608	AF-P38398-F1-model_v4.pdb	1774
P38398	1775	M	I	-0.7074702195354029	AF-P38398-F1-model_v4.pdb	1775
P38398	1775	M	I	-0.327914966716686	AF-P38398-F1-model_v4.pdb	1775
P38398	1775	M	I	0.582913479778019	AF-P38398-F1-model_v4.pdb	1775
P38398	1775	M	R	-0.637131102795038	AF-P38398-F1-model_v4.pdb	1775
P38398	1775	M	T	0.160941408711471	AF-P38398-F1-model_v4.pdb	1775
P38398	1775	M	K	-1.68260001059222	AF-P38398-F1-model_v4.pdb	1775
P38398	1775	M	V	0.0703721904226523	AF-P38398-F1-model_v4.pdb	1775
P38398	1775	M	L	-0.2305115518260949	AF-P38398-F1-model_v4.pdb	1775
P38398	1775	M	L	-0.4617114831036699	AF-P38398-F1-model_v4.pdb	1775
P38398	1776	P	P	-0.200075592792476	AF-P38398-F1-model_v4.pdb	1776
P38398	1776	P	L	0.184251527323893	AF-P38398-F1-model_v4.pdb	1776
P38398	1776	P	P	0.336304706191694	AF-P38398-F1-model_v4.pdb	1776
P38398	1776	P	H	0.112623265220584	AF-P38398-F1-model_v4.pdb	1776
P38398	1776	P	R	0.4401039190605759	AF-P38398-F1-model_v4.pdb	1776
P38398	1776	P	P	0.496197765394705	AF-P38398-F1-model_v4.pdb	1776
P38398	1776	P	S	-0.106411947472299	AF-P38398-F1-model_v4.pdb	1776
P38398	1776	P	T	-0.418265860650289	AF-P38398-F1-model_v4.pdb	1776
P38398	1776	P	A	-1.19664281919798	AF-P38398-F1-model_v4.pdb	1776
P38398	1777	T	T	-0.0862419330457971	AF-P38398-F1-model_v4.pdb	1777
P38398	1777	T	T	-0.224852366941093	AF-P38398-F1-model_v4.pdb	1777
P38398	1777	T	I	-1.84171256199067	AF-P38398-F1-model_v4.pdb	1777
P38398	1777	T	R	-0.361157356530471	AF-P38398-F1-model_v4.pdb	1777
P38398	1777	T	K	0.108767668215169	AF-P38398-F1-model_v4.pdb	1777
P38398	1777	T	T	0.1122460233775819	AF-P38398-F1-model_v4.pdb	1777
P38398	1777	T	A	0.1384371762149339	AF-P38398-F1-model_v4.pdb	1777
P38398	1777	T	P	0.513249694796039	AF-P38398-F1-model_v4.pdb	1777
P38398	1777	T	S	-0.9725262047575428	AF-P38398-F1-model_v4.pdb	1777
P38398	1778	D	A	-0.0519118086208715	AF-P38398-F1-model_v4.pdb	1778
P38398	1778	D	D	-0.162427860238807	AF-P38398-F1-model_v4.pdb	1778
P38398	1778	D	Y	-3.04999734882585	AF-P38398-F1-model_v4.pdb	1778
P38398	1778	D	E	-0.212005821778254	AF-P38398-F1-model_v4.pdb	1778
P38398	1778	D	G	0.170680497067978	AF-P38398-F1-model_v4.pdb	1778
P38398	1778	D	V	-0.456009323608955	AF-P38398-F1-model_v4.pdb	1778
P38398	1778	D	E	-0.2363424936685799	AF-P38398-F1-model_v4.pdb	1778
P38398	1778	D	N	-1.72415417969365	AF-P38398-F1-model_v4.pdb	1778
P38398	1779	Q	P	-0.0571418334388758	AF-P38398-F1-model_v4.pdb	1779
P38398	1779	Q	K	-0.076686280227299	AF-P38398-F1-model_v4.pdb	1779
P38398	1779	Q	E	-0.132335775238088	AF-P38398-F1-model_v4.pdb	1779
P38398	1779	Q	H	-0.2793111580426189	AF-P38398-F1-model_v4.pdb	1779
P38398	1779	Q	Q	-0.0933081109179312	AF-P38398-F1-model_v4.pdb	1779
P38398	1779	Q	H	0.0369469801395254	AF-P38398-F1-model_v4.pdb	1779
P38398	1779	Q	L	-0.175066445357959	AF-P38398-F1-model_v4.pdb	1779
P38398	1779	Q	R	0.0289197086339684	AF-P38398-F1-model_v4.pdb	1779
P38398	1779	Q	*	-2.39379083802643	AF-P38398-F1-model_v4.pdb	1779
P38398	1780	L	R	-0.296751547430253	AF-P38398-F1-model_v4.pdb	1780
P38398	1780	L	P	-0.400402087231	AF-P38398-F1-model_v4.pdb	1780
P38398	1780	L	V	-0.0768906320736869	AF-P38398-F1-model_v4.pdb	1780
P38398	1781	E	K	0.0172704061176549	AF-P38398-F1-model_v4.pdb	1781
P38398	1781	E	Q	0.0748339218670577	AF-P38398-F1-model_v4.pdb	1781
P38398	1781	E	*	-2.7546068060017204	AF-P38398-F1-model_v4.pdb	1781
P38398	1781	E	A	0.204616761258932	AF-P38398-F1-model_v4.pdb	1781
P38398	1781	E	V	-0.0363149638046941	AF-P38398-F1-model_v4.pdb	1781
P38398	1781	E	D	0.0591911633488577	AF-P38398-F1-model_v4.pdb	1781
P38398	1781	E	E	0.17874697961276	AF-P38398-F1-model_v4.pdb	1781
P38398	1781	E	D	0.0098759324596483	AF-P38398-F1-model_v4.pdb	1781
P38398	1782	W	R	0.221384452957856	AF-P38398-F1-model_v4.pdb	1782
P38398	1782	W	R	0.1128839243144719	AF-P38398-F1-model_v4.pdb	1782
P38398	1782	W	C	-0.4013748540038719	AF-P38398-F1-model_v4.pdb	1782
P38398	1782	W	C	-0.0764109342471034	AF-P38398-F1-model_v4.pdb	1782
P38398	1782	W	*	-2.65617516011861	AF-P38398-F1-model_v4.pdb	1782
P38398	1782	W	S	0.1877802659900089	AF-P38398-F1-model_v4.pdb	1782
P38398	1782	W	*	-2.03605392330776	AF-P38398-F1-model_v4.pdb	1782
P38398	1782	W	L	0.0028417482739419	AF-P38398-F1-model_v4.pdb	1782
P38398	1782	W	G	-0.0559213705900141	AF-P38398-F1-model_v4.pdb	1782
P38398	1783	M	I	0.0774213311888545	AF-P38398-F1-model_v4.pdb	1783
P38398	1783	M	I	-0.20530686024957	AF-P38398-F1-model_v4.pdb	1783
P38398	1783	M	I	-0.0383013780936128	AF-P38398-F1-model_v4.pdb	1783
P38398	1783	M	K	-0.169898706867545	AF-P38398-F1-model_v4.pdb	1783
P38398	1783	M	L	-0.34519012743276	AF-P38398-F1-model_v4.pdb	1783
P38398	1783	M	V	-0.2988390555335189	AF-P38398-F1-model_v4.pdb	1783
P38398	1783	M	L	-0.0358368795342691	AF-P38398-F1-model_v4.pdb	1783
P38398	1783	M	T	0.126278653073302	AF-P38398-F1-model_v4.pdb	1783
P38398	1783	M	R	-0.728434279648296	AF-P38398-F1-model_v4.pdb	1783
P38398	1784	V	I	0.148737145547495	AF-P38398-F1-model_v4.pdb	1784
P38398	1784	V	L	-0.0440195072363503	AF-P38398-F1-model_v4.pdb	1784
P38398	1784	V	L	0.0296476985730711	AF-P38398-F1-model_v4.pdb	1784
P38398	1784	V	E	-0.269215836304417	AF-P38398-F1-model_v4.pdb	1784
P38398	1784	V	A	0.0927975759407185	AF-P38398-F1-model_v4.pdb	1784
P38398	1784	V	G	-0.115650612058078	AF-P38398-F1-model_v4.pdb	1784
P38398	1784	V	V	0.0974309773623419	AF-P38398-F1-model_v4.pdb	1784
P38398	1784	V	V	0.0665730500366428	AF-P38398-F1-model_v4.pdb	1784
P38398	1784	V	V	0.0451626138163284	AF-P38398-F1-model_v4.pdb	1784
P38398	1785	Q	H	0.3047408701816539	AF-P38398-F1-model_v4.pdb	1785
P38398	1785	Q	H	0.1514068071619509	AF-P38398-F1-model_v4.pdb	1785
P38398	1785	Q	K	0.0625073336680805	AF-P38398-F1-model_v4.pdb	1785
P38398	1785	Q	E	-0.0856486835148084	AF-P38398-F1-model_v4.pdb	1785
P38398	1785	Q	Q	-0.179185669337174	AF-P38398-F1-model_v4.pdb	1785
P38398	1785	Q	P	-0.7359728345826401	AF-P38398-F1-model_v4.pdb	1785
P38398	1785	Q	R	0.128885010687334	AF-P38398-F1-model_v4.pdb	1785
P38398	1785	Q	L	0.12192103678009	AF-P38398-F1-model_v4.pdb	1785
P38398	1785	Q	*	-1.87581957153737	AF-P38398-F1-model_v4.pdb	1785
P38398	1786	L	L	-0.304785985059022	AF-P38398-F1-model_v4.pdb	1786
P38398	1786	L	L	0.0058376890601892	AF-P38398-F1-model_v4.pdb	1786
P38398	1786	L	M	0.230861607326357	AF-P38398-F1-model_v4.pdb	1786
P38398	1786	L	Q	0.207741850762676	AF-P38398-F1-model_v4.pdb	1786
P38398	1786	L	P	-0.434477703438476	AF-P38398-F1-model_v4.pdb	1786
P38398	1786	L	R	0.14722747299767	AF-P38398-F1-model_v4.pdb	1786
P38398	1786	L	L	-0.0358001187216357	AF-P38398-F1-model_v4.pdb	1786
P38398	1786	L	V	-0.222087626817968	AF-P38398-F1-model_v4.pdb	1786
P38398	1786	L	L	-0.0390958710072714	AF-P38398-F1-model_v4.pdb	1786
P38398	1787	C	R	-0.0595342716641727	AF-P38398-F1-model_v4.pdb	1787
P38398	1787	C	S	0.0688526625279866	AF-P38398-F1-model_v4.pdb	1787
P38398	1787	C	W	-0.5465035629337001	AF-P38398-F1-model_v4.pdb	1787
P38398	1787	C	C	0.194470351180986	AF-P38398-F1-model_v4.pdb	1787
P38398	1787	C	S	0.223890237024312	AF-P38398-F1-model_v4.pdb	1787
P38398	1787	C	F	-0.18535310612652	AF-P38398-F1-model_v4.pdb	1787
P38398	1787	C	Y	-0.145805033525797	AF-P38398-F1-model_v4.pdb	1787
P38398	1787	C	G	-0.0061306317504525	AF-P38398-F1-model_v4.pdb	1787
P38398	1787	C	*	-1.60917548443749	AF-P38398-F1-model_v4.pdb	1787
P38398	1788	G	S	-0.286054040814968	AF-P38398-F1-model_v4.pdb	1788
P38398	1788	G	C	-0.542038105283146	AF-P38398-F1-model_v4.pdb	1788
P38398	1788	G	D	0.0782953523774574	AF-P38398-F1-model_v4.pdb	1788
P38398	1788	G	A	-0.0940011413617274	AF-P38398-F1-model_v4.pdb	1788
P38398	1788	G	V	-0.386718385417739	AF-P38398-F1-model_v4.pdb	1788
P38398	1788	G	G	0.0619908154173008	AF-P38398-F1-model_v4.pdb	1788
P38398	1788	G	G	-0.0511269208785	AF-P38398-F1-model_v4.pdb	1788
P38398	1788	G	R	-0.295384243119155	AF-P38398-F1-model_v4.pdb	1788
P38398	1788	G	G	0.0965702920156431	AF-P38398-F1-model_v4.pdb	1788
P38398	1789	A	G	0.290732049494993	AF-P38398-F1-model_v4.pdb	1789
P38398	1789	A	A	-0.395020818928067	AF-P38398-F1-model_v4.pdb	1789
P38398	1789	A	D	-0.4713701115516009	AF-P38398-F1-model_v4.pdb	1789
P38398	1789	A	S	0.266534255223508	AF-P38398-F1-model_v4.pdb	1789
P38398	1789	A	P	-0.810467883840415	AF-P38398-F1-model_v4.pdb	1789
P38398	1789	A	T	-0.417636182245099	AF-P38398-F1-model_v4.pdb	1789
P38398	1789	A	A	0.1372222665630509	AF-P38398-F1-model_v4.pdb	1789
P38398	1789	A	V	-0.6180525019351379	AF-P38398-F1-model_v4.pdb	1789
P38398	1789	A	A	0.0923342329458895	AF-P38398-F1-model_v4.pdb	1789
P38398	1790	S	A	0.1759043973469569	AF-P38398-F1-model_v4.pdb	1790
P38398	1790	S	T	0.151062499739536	AF-P38398-F1-model_v4.pdb	1790
P38398	1790	S	P	-0.0093272872527423	AF-P38398-F1-model_v4.pdb	1790
P38398	1790	S	Y	0.0250543343893448	AF-P38398-F1-model_v4.pdb	1790
P38398	1790	S	C	0.0796487368762586	AF-P38398-F1-model_v4.pdb	1790
P38398	1790	S	F	-0.214318866983411	AF-P38398-F1-model_v4.pdb	1790
P38398	1790	S	S	0.183378695536252	AF-P38398-F1-model_v4.pdb	1790
P38398	1790	S	S	0.230415323731437	AF-P38398-F1-model_v4.pdb	1790
P38398	1790	S	S	0.1727227717684749	AF-P38398-F1-model_v4.pdb	1790
P38398	1791	V	G	-0.411136030955462	AF-P38398-F1-model_v4.pdb	1791
P38398	1791	V	M	0.37058266929388	AF-P38398-F1-model_v4.pdb	1791
P38398	1791	V	A	0.173517508025648	AF-P38398-F1-model_v4.pdb	1791
P38398	1791	V	L	0.274917708679063	AF-P38398-F1-model_v4.pdb	1791
P38398	1791	V	L	-0.0001367393583108	AF-P38398-F1-model_v4.pdb	1791
P38398	1791	V	V	-0.0814960541435454	AF-P38398-F1-model_v4.pdb	1791
P38398	1791	V	V	0.1662366861559999	AF-P38398-F1-model_v4.pdb	1791
P38398	1791	V	V	0.152298336422181	AF-P38398-F1-model_v4.pdb	1791
P38398	1791	V	E	-0.232684173753202	AF-P38398-F1-model_v4.pdb	1791
P38398	1792	V	M	0.306558886118469	AF-P38398-F1-model_v4.pdb	1792
P38398	1792	V	L	0.0085930821963973	AF-P38398-F1-model_v4.pdb	1792
P38398	1792	V	L	0.0786964633745425	AF-P38398-F1-model_v4.pdb	1792
P38398	1792	V	V	-0.048039162697285	AF-P38398-F1-model_v4.pdb	1792
P38398	1792	V	A	-0.0479787182735862	AF-P38398-F1-model_v4.pdb	1792
P38398	1792	V	G	0.173569588930738	AF-P38398-F1-model_v4.pdb	1792
P38398	1792	V	V	0.0135778780876931	AF-P38398-F1-model_v4.pdb	1792
P38398	1792	V	E	-0.0693143525393887	AF-P38398-F1-model_v4.pdb	1792
P38398	1792	V	V	0.129440206753925	AF-P38398-F1-model_v4.pdb	1792
P38398	1793	K	Q	0.229621950388077	AF-P38398-F1-model_v4.pdb	1793
P38398	1793	K	E	0.338341770402987	AF-P38398-F1-model_v4.pdb	1793
P38398	1793	K	*	-2.10263526248189	AF-P38398-F1-model_v4.pdb	1793
P38398	1793	K	T	0.0760949978444785	AF-P38398-F1-model_v4.pdb	1793
P38398	1793	K	R	-0.0107501842219491	AF-P38398-F1-model_v4.pdb	1793
P38398	1793	K	M	0.0547078180721555	AF-P38398-F1-model_v4.pdb	1793
P38398	1793	K	K	-0.0536048944233263	AF-P38398-F1-model_v4.pdb	1793
P38398	1793	K	N	-1.40534337541091	AF-P38398-F1-model_v4.pdb	1793
P38398	1793	K	N	-0.0389388260210486	AF-P38398-F1-model_v4.pdb	1793
P38398	1794	E	K	0.295247724776537	AF-P38398-F1-model_v4.pdb	1794
P38398	1794	E	Q	-0.241105630964928	AF-P38398-F1-model_v4.pdb	1794
P38398	1794	E	*	-2.46395840877198	AF-P38398-F1-model_v4.pdb	1794
P38398	1794	E	A	-0.0771186683759703	AF-P38398-F1-model_v4.pdb	1794
P38398	1794	E	G	0.0546341266260619	AF-P38398-F1-model_v4.pdb	1794
P38398	1794	E	V	-0.248774723639726	AF-P38398-F1-model_v4.pdb	1794
P38398	1794	E	E	-0.214602080913087	AF-P38398-F1-model_v4.pdb	1794
P38398	1794	E	D	0.0178428682559096	AF-P38398-F1-model_v4.pdb	1794
P38398	1794	E	D	0.138161285398017	AF-P38398-F1-model_v4.pdb	1794
P38398	1795	L	I	-0.1064822381567069	AF-P38398-F1-model_v4.pdb	1795
P38398	1795	L	V	-0.0748153256594913	AF-P38398-F1-model_v4.pdb	1795
P38398	1795	L	F	0.280775768796855	AF-P38398-F1-model_v4.pdb	1795
P38398	1795	L	H	0.0076893283725426	AF-P38398-F1-model_v4.pdb	1795
P38398	1795	L	P	0.165208527100172	AF-P38398-F1-model_v4.pdb	1795
P38398	1795	L	R	0.208896545641267	AF-P38398-F1-model_v4.pdb	1795
P38398	1795	L	L	0.271350676372584	AF-P38398-F1-model_v4.pdb	1795
P38398	1795	L	L	-0.105959050075288	AF-P38398-F1-model_v4.pdb	1795
P38398	1795	L	L	0.123273205137788	AF-P38398-F1-model_v4.pdb	1795
P38398	1796	S	*	-1.51459557173936	AF-P38398-F1-model_v4.pdb	1796
P38398	1796	S	S	-0.2179934760216939	AF-P38398-F1-model_v4.pdb	1796
P38398	1796	S	S	0.0675865246463474	AF-P38398-F1-model_v4.pdb	1796
P38398	1796	S	S	-0.2623809169934969	AF-P38398-F1-model_v4.pdb	1796
P38398	1796	S	L	-0.686019574367678	AF-P38398-F1-model_v4.pdb	1796
P38398	1796	S	*	-1.95247575020051	AF-P38398-F1-model_v4.pdb	1796
P38398	1796	S	A	0.1680326283415339	AF-P38398-F1-model_v4.pdb	1796
P38398	1796	S	P	-0.0422536377028511	AF-P38398-F1-model_v4.pdb	1796
P38398	1796	S	T	0.141797673109816	AF-P38398-F1-model_v4.pdb	1796
P38398	1797	S	L	-0.142406345934356	AF-P38398-F1-model_v4.pdb	1797
P38398	1797	S	T	0.3165965091430089	AF-P38398-F1-model_v4.pdb	1797
P38398	1797	S	P	0.13287374124686	AF-P38398-F1-model_v4.pdb	1797
P38398	1797	S	A	0.0635424297923855	AF-P38398-F1-model_v4.pdb	1797
P38398	1797	S	*	-2.18469068402347	AF-P38398-F1-model_v4.pdb	1797
P38398	1797	S	*	-2.18036802501265	AF-P38398-F1-model_v4.pdb	1797
P38398	1797	S	S	-0.2585487054288169	AF-P38398-F1-model_v4.pdb	1797
P38398	1797	S	S	-0.8106765007038729	AF-P38398-F1-model_v4.pdb	1797
P38398	1797	S	S	0.1198939917469419	AF-P38398-F1-model_v4.pdb	1797
P38398	1798	F	L	0.350061738261773	AF-P38398-F1-model_v4.pdb	1798
P38398	1798	F	I	0.4568885670793929	AF-P38398-F1-model_v4.pdb	1798
P38398	1798	F	F	0.219689210396259	AF-P38398-F1-model_v4.pdb	1798
P38398	1798	F	L	0.253578225230908	AF-P38398-F1-model_v4.pdb	1798
P38398	1798	F	C	0.1100502183176259	AF-P38398-F1-model_v4.pdb	1798
P38398	1798	F	S	0.20176220645884	AF-P38398-F1-model_v4.pdb	1798
P38398	1798	F	Y	0.134853471445454	AF-P38398-F1-model_v4.pdb	1798
P38398	1798	F	L	0.1681695024374849	AF-P38398-F1-model_v4.pdb	1798
P38398	1798	F	V	0.216610336150239	AF-P38398-F1-model_v4.pdb	1798
P38398	1799	T	S	0.156828711592153	AF-P38398-F1-model_v4.pdb	1799
P38398	1799	T	T	-0.2239563623359669	AF-P38398-F1-model_v4.pdb	1799
P38398	1799	T	T	-0.0648320461023921	AF-P38398-F1-model_v4.pdb	1799
P38398	1799	T	T	0.0762133042411086	AF-P38398-F1-model_v4.pdb	1799
P38398	1799	T	I	0.0925423982814205	AF-P38398-F1-model_v4.pdb	1799
P38398	1799	T	S	0.127468886782818	AF-P38398-F1-model_v4.pdb	1799
P38398	1799	T	P	0.0331023445236262	AF-P38398-F1-model_v4.pdb	1799
P38398	1799	T	A	0.0695890729672972	AF-P38398-F1-model_v4.pdb	1799
P38398	1799	T	N	0.1127128559695969	AF-P38398-F1-model_v4.pdb	1799
P38398	1800	L	H	0.0940787028360994	AF-P38398-F1-model_v4.pdb	1800
P38398	1800	L	F	0.148416984404194	AF-P38398-F1-model_v4.pdb	1800
P38398	1800	L	V	0.149153084055038	AF-P38398-F1-model_v4.pdb	1800
P38398	1800	L	I	0.0633921098212392	AF-P38398-F1-model_v4.pdb	1800
P38398	1800	L	R	0.0057988177452669	AF-P38398-F1-model_v4.pdb	1800
P38398	1800	L	P	-0.105757240740405	AF-P38398-F1-model_v4.pdb	1800
P38398	1800	L	L	0.0	AF-P38398-F1-model_v4.pdb	1800
P38398	1800	L	L	-0.061889112629488	AF-P38398-F1-model_v4.pdb	1800
P38398	1800	L	L	-0.830716515973202	AF-P38398-F1-model_v4.pdb	1800
P38398	1801	G	G	-0.1832159135392859	AF-P38398-F1-model_v4.pdb	1801
P38398	1801	G	G	-0.20808413806846	AF-P38398-F1-model_v4.pdb	1801
P38398	1801	G	V	0.0706180781321017	AF-P38398-F1-model_v4.pdb	1801
P38398	1801	G	A	-0.0850688759393548	AF-P38398-F1-model_v4.pdb	1801
P38398	1801	G	D	-0.160193736354509	AF-P38398-F1-model_v4.pdb	1801
P38398	1801	G	S	-0.100718556698335	AF-P38398-F1-model_v4.pdb	1801
P38398	1801	G	C	-0.0255401075765711	AF-P38398-F1-model_v4.pdb	1801
P38398	1801	G	R	0.306614576650721	AF-P38398-F1-model_v4.pdb	1801
P38398	1801	G	G	0.0006742518588718	AF-P38398-F1-model_v4.pdb	1801
P38398	1802	T	K	0.24186748722415	AF-P38398-F1-model_v4.pdb	1802
P38398	1802	T	T	0.039476474633058	AF-P38398-F1-model_v4.pdb	1802
P38398	1802	T	T	0.1958741230578119	AF-P38398-F1-model_v4.pdb	1802
P38398	1802	T	T	-1.14814704006318	AF-P38398-F1-model_v4.pdb	1802
P38398	1802	T	I	0.034874205686912	AF-P38398-F1-model_v4.pdb	1802
P38398	1802	T	R	0.0623337891412149	AF-P38398-F1-model_v4.pdb	1802
P38398	1802	T	S	-0.312116328344201	AF-P38398-F1-model_v4.pdb	1802
P38398	1802	T	A	0.0353986761952326	AF-P38398-F1-model_v4.pdb	1802
P38398	1802	T	P	-0.3123588898718	AF-P38398-F1-model_v4.pdb	1802
P38398	1803	G	R	-0.074986830308966	AF-P38398-F1-model_v4.pdb	1803
P38398	1803	G	S	0.116866059480924	AF-P38398-F1-model_v4.pdb	1803
P38398	1803	G	D	0.6019039841197901	AF-P38398-F1-model_v4.pdb	1803
P38398	1803	G	A	0.0088179465973624	AF-P38398-F1-model_v4.pdb	1803
P38398	1803	G	V	0.0262227103194219	AF-P38398-F1-model_v4.pdb	1803
P38398	1803	G	G	0.0954655430812881	AF-P38398-F1-model_v4.pdb	1803
P38398	1803	G	G	-0.0590063469957214	AF-P38398-F1-model_v4.pdb	1803
P38398	1803	G	G	0.0968020464988599	AF-P38398-F1-model_v4.pdb	1803
P38398	1803	G	C	0.314487173660025	AF-P38398-F1-model_v4.pdb	1803
P38398	1804	V	D	-0.0407987289113433	AF-P38398-F1-model_v4.pdb	1804
P38398	1804	V	A	0.309986484112495	AF-P38398-F1-model_v4.pdb	1804
P38398	1804	V	F	0.678373032439132	AF-P38398-F1-model_v4.pdb	1804
P38398	1804	V	V	0.4350082457761129	AF-P38398-F1-model_v4.pdb	1804
P38398	1804	V	L	0.455674258966794	AF-P38398-F1-model_v4.pdb	1804
P38398	1804	V	V	0.322485876125162	AF-P38398-F1-model_v4.pdb	1804
P38398	1804	V	G	0.11042033433411	AF-P38398-F1-model_v4.pdb	1804
P38398	1804	V	I	0.311097552733763	AF-P38398-F1-model_v4.pdb	1804
P38398	1804	V	V	0.3484583691418489	AF-P38398-F1-model_v4.pdb	1804
P38398	1805	H	Q	0.0314507991106672	AF-P38398-F1-model_v4.pdb	1805
P38398	1805	H	H	0.2182276662261869	AF-P38398-F1-model_v4.pdb	1805
P38398	1805	H	Q	-0.0595779724875013	AF-P38398-F1-model_v4.pdb	1805
P38398	1805	H	Y	0.0097781791061775	AF-P38398-F1-model_v4.pdb	1805
P38398	1805	H	R	0.373296736743671	AF-P38398-F1-model_v4.pdb	1805
P38398	1805	H	P	-0.0108645974885822	AF-P38398-F1-model_v4.pdb	1805
P38398	1805	H	N	0.280529930146953	AF-P38398-F1-model_v4.pdb	1805
P38398	1805	H	D	0.354416617640008	AF-P38398-F1-model_v4.pdb	1805
P38398	1805	H	L	-0.197056573370505	AF-P38398-F1-model_v4.pdb	1805
P38398	1806	P	P	0.2001947130444969	AF-P38398-F1-model_v4.pdb	1806
P38398	1806	P	P	0.211430110969135	AF-P38398-F1-model_v4.pdb	1806
P38398	1806	P	P	0.226241560960636	AF-P38398-F1-model_v4.pdb	1806
P38398	1806	P	R	0.3540613481219329	AF-P38398-F1-model_v4.pdb	1806
P38398	1806	P	Q	0.312840241403654	AF-P38398-F1-model_v4.pdb	1806
P38398	1806	P	S	0.234536634270831	AF-P38398-F1-model_v4.pdb	1806
P38398	1806	P	A	-0.0111653397955625	AF-P38398-F1-model_v4.pdb	1806
P38398	1806	P	T	0.122742660667504	AF-P38398-F1-model_v4.pdb	1806
P38398	1806	P	L	0.0621826720438197	AF-P38398-F1-model_v4.pdb	1806
P38398	1807	I	L	0.274386594581183	AF-P38398-F1-model_v4.pdb	1807
P38398	1807	I	V	-0.238413325433313	AF-P38398-F1-model_v4.pdb	1807
P38398	1807	I	F	0.0628462172368898	AF-P38398-F1-model_v4.pdb	1807
P38398	1807	I	N	-0.332558459920575	AF-P38398-F1-model_v4.pdb	1807
P38398	1807	I	S	-0.6142703098529859	AF-P38398-F1-model_v4.pdb	1807
P38398	1807	I	I	0.3803678303412489	AF-P38398-F1-model_v4.pdb	1807
P38398	1807	I	I	-0.1409681285982259	AF-P38398-F1-model_v4.pdb	1807
P38398	1807	I	M	0.0669018079405369	AF-P38398-F1-model_v4.pdb	1807
P38398	1807	I	T	-0.189015330374106	AF-P38398-F1-model_v4.pdb	1807
P38398	1808	V	G	-0.3683518910840109	AF-P38398-F1-model_v4.pdb	1808
P38398	1808	V	A	-0.170212554129829	AF-P38398-F1-model_v4.pdb	1808
P38398	1808	V	L	-0.053289566568294	AF-P38398-F1-model_v4.pdb	1808
P38398	1809	V	I	0.336537173374605	AF-P38398-F1-model_v4.pdb	1809
P38398	1809	V	D	-0.473377143297465	AF-P38398-F1-model_v4.pdb	1809
P38398	1809	V	V	0.267017601636696	AF-P38398-F1-model_v4.pdb	1809
P38398	1809	V	V	-0.0784114703810955	AF-P38398-F1-model_v4.pdb	1809
P38398	1809	V	V	0.189629145263252	AF-P38398-F1-model_v4.pdb	1809
P38398	1809	V	A	-0.402436383004742	AF-P38398-F1-model_v4.pdb	1809
P38398	1810	V	M	0.3984673134336839	AF-P38398-F1-model_v4.pdb	1810
P38398	1810	V	L	-0.187941602569075	AF-P38398-F1-model_v4.pdb	1810
P38398	1810	V	L	0.0982469029550452	AF-P38398-F1-model_v4.pdb	1810
P38398	1810	V	E	-0.471976360209167	AF-P38398-F1-model_v4.pdb	1810
P38398	1810	V	A	0.245674469194618	AF-P38398-F1-model_v4.pdb	1810
P38398	1810	V	G	-0.447838105008673	AF-P38398-F1-model_v4.pdb	1810
P38398	1810	V	V	0.135250720850219	AF-P38398-F1-model_v4.pdb	1810
P38398	1810	V	V	-4.02726956908963	AF-P38398-F1-model_v4.pdb	1810
P38398	1810	V	V	-0.50279955239401	AF-P38398-F1-model_v4.pdb	1810
P38398	1811	Q	H	0.0448796539126097	AF-P38398-F1-model_v4.pdb	1811
P38398	1811	Q	H	-0.0745690256382933	AF-P38398-F1-model_v4.pdb	1811
P38398	1811	Q	L	-0.140418613021572	AF-P38398-F1-model_v4.pdb	1811
P38398	1811	Q	Q	0.3701407060466239	AF-P38398-F1-model_v4.pdb	1811
P38398	1811	Q	P	-0.670698514229902	AF-P38398-F1-model_v4.pdb	1811
P38398	1811	Q	*	-0.168732877107873	AF-P38398-F1-model_v4.pdb	1811
P38398	1811	Q	E	-0.110540144910225	AF-P38398-F1-model_v4.pdb	1811
P38398	1811	Q	K	-0.3764868849781129	AF-P38398-F1-model_v4.pdb	1811
P38398	1811	Q	R	-0.679713621668807	AF-P38398-F1-model_v4.pdb	1811
P38398	1812	P	P	-0.125364636977276	AF-P38398-F1-model_v4.pdb	1812
P38398	1812	P	P	0.0297236098686315	AF-P38398-F1-model_v4.pdb	1812
P38398	1812	P	P	0.333047600635811	AF-P38398-F1-model_v4.pdb	1812
P38398	1812	P	L	0.2869161219813489	AF-P38398-F1-model_v4.pdb	1812
P38398	1812	P	Q	-0.0515929169387625	AF-P38398-F1-model_v4.pdb	1812
P38398	1812	P	S	-0.553855646428448	AF-P38398-F1-model_v4.pdb	1812
P38398	1812	P	A	-4.85462264645976	AF-P38398-F1-model_v4.pdb	1812
P38398	1812	P	T	0.120066970293865	AF-P38398-F1-model_v4.pdb	1812
P38398	1812	P	R	0.698331822654281	AF-P38398-F1-model_v4.pdb	1812
P38398	1813	D	E	-0.0408975068604735	AF-P38398-F1-model_v4.pdb	1813
P38398	1813	D	D	-0.308914416307378	AF-P38398-F1-model_v4.pdb	1813
P38398	1813	D	V	-0.151681927057499	AF-P38398-F1-model_v4.pdb	1813
P38398	1813	D	E	0.0806787655151321	AF-P38398-F1-model_v4.pdb	1813
P38398	1813	D	A	-0.119551409519608	AF-P38398-F1-model_v4.pdb	1813
P38398	1813	D	Y	-0.5467234604907	AF-P38398-F1-model_v4.pdb	1813
P38398	1813	D	H	0.018351965659662	AF-P38398-F1-model_v4.pdb	1813
P38398	1813	D	N	-0.0021656692485375	AF-P38398-F1-model_v4.pdb	1813
P38398	1813	D	G	-0.244952778821566	AF-P38398-F1-model_v4.pdb	1813
P38398	1814	A	A	0.126471135020085	AF-P38398-F1-model_v4.pdb	1814
P38398	1814	A	A	0.0	AF-P38398-F1-model_v4.pdb	1814
P38398	1814	A	A	-0.0786785366146761	AF-P38398-F1-model_v4.pdb	1814
P38398	1814	A	T	-0.023567991235394	AF-P38398-F1-model_v4.pdb	1814
P38398	1814	A	G	-5.84742700763373	AF-P38398-F1-model_v4.pdb	1814
P38398	1814	A	D	-0.378247807395873	AF-P38398-F1-model_v4.pdb	1814
P38398	1814	A	S	-0.26529130681815	AF-P38398-F1-model_v4.pdb	1814
P38398	1814	A	V	-0.110193209016548	AF-P38398-F1-model_v4.pdb	1814
P38398	1814	A	P	-0.452271532498735	AF-P38398-F1-model_v4.pdb	1814
P38398	1815	W	C	-5.45381893977403	AF-P38398-F1-model_v4.pdb	1815
P38398	1815	W	*	-1.48121847179111	AF-P38398-F1-model_v4.pdb	1815
P38398	1815	W	L	-0.111366908124651	AF-P38398-F1-model_v4.pdb	1815
P38398	1815	W	C	-0.8308864577985279	AF-P38398-F1-model_v4.pdb	1815
P38398	1815	W	*	-0.638655074540586	AF-P38398-F1-model_v4.pdb	1815
P38398	1815	W	G	-0.0125294655827831	AF-P38398-F1-model_v4.pdb	1815
P38398	1815	W	R	-0.0457283047253727	AF-P38398-F1-model_v4.pdb	1815
P38398	1815	W	S	-2.5302893705955203	AF-P38398-F1-model_v4.pdb	1815
P38398	1815	W	R	-0.0544298136909032	AF-P38398-F1-model_v4.pdb	1815
P38398	1816	T	T	0.663083464393439	AF-P38398-F1-model_v4.pdb	1816
P38398	1816	T	T	-0.186936087278326	AF-P38398-F1-model_v4.pdb	1816
P38398	1816	T	I	0.2296064125160919	AF-P38398-F1-model_v4.pdb	1816
P38398	1816	T	T	-0.208987539182015	AF-P38398-F1-model_v4.pdb	1816
P38398	1816	T	S	-0.0956869189376499	AF-P38398-F1-model_v4.pdb	1816
P38398	1816	T	A	-0.245559601831361	AF-P38398-F1-model_v4.pdb	1816
P38398	1816	T	P	-0.7730924399376601	AF-P38398-F1-model_v4.pdb	1816
P38398	1816	T	R	0.0205686297538526	AF-P38398-F1-model_v4.pdb	1816
P38398	1816	T	K	-0.0087331825583138	AF-P38398-F1-model_v4.pdb	1816
P38398	1817	E	K	-0.149234277355926	AF-P38398-F1-model_v4.pdb	1817
P38398	1817	E	Q	-0.513137670365471	AF-P38398-F1-model_v4.pdb	1817
P38398	1817	E	*	-0.58702417420609	AF-P38398-F1-model_v4.pdb	1817
P38398	1817	E	A	-0.0149339771653214	AF-P38398-F1-model_v4.pdb	1817
P38398	1817	E	G	-0.045991319034931	AF-P38398-F1-model_v4.pdb	1817
P38398	1817	E	V	-0.272140916562427	AF-P38398-F1-model_v4.pdb	1817
P38398	1817	E	E	-0.174782275328616	AF-P38398-F1-model_v4.pdb	1817
P38398	1817	E	D	-0.63935113296125	AF-P38398-F1-model_v4.pdb	1817
P38398	1817	E	D	0.0708423602848632	AF-P38398-F1-model_v4.pdb	1817
P38398	1818	D	V	-0.300824175036576	AF-P38398-F1-model_v4.pdb	1818
P38398	1818	D	N	0.2038488067180719	AF-P38398-F1-model_v4.pdb	1818
P38398	1818	D	D	-0.3056461654072719	AF-P38398-F1-model_v4.pdb	1818
P38398	1818	D	E	-0.0722986356114259	AF-P38398-F1-model_v4.pdb	1818
P38398	1818	D	E	0.276644904393427	AF-P38398-F1-model_v4.pdb	1818
P38398	1818	D	G	-4.42991061765683	AF-P38398-F1-model_v4.pdb	1818
P38398	1818	D	A	-1.7038335424128002	AF-P38398-F1-model_v4.pdb	1818
P38398	1818	D	Y	0.0708514909191414	AF-P38398-F1-model_v4.pdb	1818
P38398	1818	D	H	-1.66193177036473	AF-P38398-F1-model_v4.pdb	1818
P38398	1819	N	Y	0.0016870598478015	AF-P38398-F1-model_v4.pdb	1819
P38398	1819	N	D	0.325701457905484	AF-P38398-F1-model_v4.pdb	1819
P38398	1819	N	H	0.0388079311720431	AF-P38398-F1-model_v4.pdb	1819
P38398	1819	N	I	0.3123304291356339	AF-P38398-F1-model_v4.pdb	1819
P38398	1819	N	N	0.179535831879306	AF-P38398-F1-model_v4.pdb	1819
P38398	1819	N	S	-0.101264734719168	AF-P38398-F1-model_v4.pdb	1819
P38398	1819	N	K	0.141648553517528	AF-P38398-F1-model_v4.pdb	1819
P38398	1819	N	K	-0.0295429512960959	AF-P38398-F1-model_v4.pdb	1819
P38398	1819	N	T	-0.459778934970116	AF-P38398-F1-model_v4.pdb	1819
P38398	1820	G	G	-0.190390798757513	AF-P38398-F1-model_v4.pdb	1820
P38398	1820	G	G	-1.4809939671813703	AF-P38398-F1-model_v4.pdb	1820
P38398	1820	G	G	-0.155817068513734	AF-P38398-F1-model_v4.pdb	1820
P38398	1820	G	V	0.201179635699905	AF-P38398-F1-model_v4.pdb	1820
P38398	1820	G	A	-0.233255039534265	AF-P38398-F1-model_v4.pdb	1820
P38398	1820	G	D	-0.143265221868175	AF-P38398-F1-model_v4.pdb	1820
P38398	1820	G	C	0.392699806563326	AF-P38398-F1-model_v4.pdb	1820
P38398	1820	G	R	-0.125742307493495	AF-P38398-F1-model_v4.pdb	1820
P38398	1820	G	S	-0.1938760397340169	AF-P38398-F1-model_v4.pdb	1820
P38398	1821	F	I	-0.0610289203551985	AF-P38398-F1-model_v4.pdb	1821
P38398	1821	F	V	-0.0556665175057372	AF-P38398-F1-model_v4.pdb	1821
P38398	1821	F	Y	0.27057127234316	AF-P38398-F1-model_v4.pdb	1821
P38398	1821	F	S	0.239929474268303	AF-P38398-F1-model_v4.pdb	1821
P38398	1821	F	C	-1.62566348531088	AF-P38398-F1-model_v4.pdb	1821
P38398	1821	F	L	-0.1209762976092709	AF-P38398-F1-model_v4.pdb	1821
P38398	1821	F	L	-0.703325238480051	AF-P38398-F1-model_v4.pdb	1821
P38398	1821	F	F	-0.242477232447431	AF-P38398-F1-model_v4.pdb	1821
P38398	1821	F	L	0.105114041934902	AF-P38398-F1-model_v4.pdb	1821
P38398	1822	H	Q	-0.0779978776774035	AF-P38398-F1-model_v4.pdb	1822
P38398	1822	H	H	-0.140837939479147	AF-P38398-F1-model_v4.pdb	1822
P38398	1822	H	Q	-0.0304594716131689	AF-P38398-F1-model_v4.pdb	1822
P38398	1822	H	L	0.203062724419432	AF-P38398-F1-model_v4.pdb	1822
P38398	1822	H	Y	0.3950290514537229	AF-P38398-F1-model_v4.pdb	1822
P38398	1822	H	P	-0.1409558104843	AF-P38398-F1-model_v4.pdb	1822
P38398	1822	H	D	-0.15802619509494	AF-P38398-F1-model_v4.pdb	1822
P38398	1822	H	N	-0.295517915241028	AF-P38398-F1-model_v4.pdb	1822
P38398	1822	H	R	0.0847497079397081	AF-P38398-F1-model_v4.pdb	1822
P38398	1823	A	A	-1.23055928232705	AF-P38398-F1-model_v4.pdb	1823
P38398	1823	A	A	-1.18365358959122	AF-P38398-F1-model_v4.pdb	1823
P38398	1823	A	V	-1.47684744224898	AF-P38398-F1-model_v4.pdb	1823
P38398	1823	A	A	0.134530868722857	AF-P38398-F1-model_v4.pdb	1823
P38398	1823	A	E	-0.831977855616288	AF-P38398-F1-model_v4.pdb	1823
P38398	1823	A	S	-4.14913575989482	AF-P38398-F1-model_v4.pdb	1823
P38398	1823	A	T	-2.11278164427717	AF-P38398-F1-model_v4.pdb	1823
P38398	1823	A	P	-5.384963447391231	AF-P38398-F1-model_v4.pdb	1823
P38398	1823	A	G	0.493592072433308	AF-P38398-F1-model_v4.pdb	1823
P38398	1824	I	I	-0.0853112089983866	AF-P38398-F1-model_v4.pdb	1824
P38398	1824	I	I	0.2162277231002989	AF-P38398-F1-model_v4.pdb	1824
P38398	1824	I	S	0.103231000497346	AF-P38398-F1-model_v4.pdb	1824
P38398	1824	I	M	-2.32556351857362	AF-P38398-F1-model_v4.pdb	1824
P38398	1824	I	N	0.1822146347608089	AF-P38398-F1-model_v4.pdb	1824
P38398	1824	I	F	0.5220868688647179	AF-P38398-F1-model_v4.pdb	1824
P38398	1824	I	V	0.0082249929574802	AF-P38398-F1-model_v4.pdb	1824
P38398	1824	I	L	-0.864785644498246	AF-P38398-F1-model_v4.pdb	1824
P38398	1824	I	T	-0.223215943394646	AF-P38398-F1-model_v4.pdb	1824
P38398	1825	G	G	-0.918327543401718	AF-P38398-F1-model_v4.pdb	1825
P38398	1825	G	G	0.373611343807742	AF-P38398-F1-model_v4.pdb	1825
P38398	1825	G	G	0.2719053216677349	AF-P38398-F1-model_v4.pdb	1825
P38398	1825	G	V	-1.12847967761501	AF-P38398-F1-model_v4.pdb	1825
P38398	1825	G	A	-0.0103648096182966	AF-P38398-F1-model_v4.pdb	1825
P38398	1825	G	W	-1.09372758465155	AF-P38398-F1-model_v4.pdb	1825
P38398	1825	G	R	-0.7192748816377992	AF-P38398-F1-model_v4.pdb	1825
P38398	1825	G	R	-0.0371481332884108	AF-P38398-F1-model_v4.pdb	1825
P38398	1825	G	E	0.18127937352404	AF-P38398-F1-model_v4.pdb	1825
P38398	1826	Q	H	-0.263032548409158	AF-P38398-F1-model_v4.pdb	1826
P38398	1826	Q	H	-0.809666938349672	AF-P38398-F1-model_v4.pdb	1826
P38398	1826	Q	Q	-0.5067658695663889	AF-P38398-F1-model_v4.pdb	1826
P38398	1826	Q	L	0.0553568518095915	AF-P38398-F1-model_v4.pdb	1826
P38398	1826	Q	K	0.686177007321279	AF-P38398-F1-model_v4.pdb	1826
P38398	1826	Q	P	-0.3916148623846021	AF-P38398-F1-model_v4.pdb	1826
P38398	1826	Q	*	-1.55969786774437	AF-P38398-F1-model_v4.pdb	1826
P38398	1826	Q	E	0.172494900105991	AF-P38398-F1-model_v4.pdb	1826
P38398	1826	Q	R	0.441951571508582	AF-P38398-F1-model_v4.pdb	1826
P38398	1827	M	I	0.298161101744268	AF-P38398-F1-model_v4.pdb	1827
P38398	1827	M	I	0.0159896196872827	AF-P38398-F1-model_v4.pdb	1827
P38398	1827	M	I	-0.8106362034898691	AF-P38398-F1-model_v4.pdb	1827
P38398	1827	M	R	-0.480774770647752	AF-P38398-F1-model_v4.pdb	1827
P38398	1827	M	T	-0.38331093618068	AF-P38398-F1-model_v4.pdb	1827
P38398	1827	M	K	-0.0656783801530642	AF-P38398-F1-model_v4.pdb	1827
P38398	1827	M	L	-0.589969420132674	AF-P38398-F1-model_v4.pdb	1827
P38398	1827	M	V	-1.3048994516743202	AF-P38398-F1-model_v4.pdb	1827
P38398	1827	M	L	-1.1533241933857	AF-P38398-F1-model_v4.pdb	1827
P38398	1828	C	C	-1.60220204168879	AF-P38398-F1-model_v4.pdb	1828
P38398	1828	C	*	-1.09996798379657	AF-P38398-F1-model_v4.pdb	1828
P38398	1828	C	F	-0.3556778554405599	AF-P38398-F1-model_v4.pdb	1828
P38398	1828	C	W	-0.1101391243501559	AF-P38398-F1-model_v4.pdb	1828
P38398	1828	C	Y	-2.01358636523105	AF-P38398-F1-model_v4.pdb	1828
P38398	1828	C	G	-1.00976462853796	AF-P38398-F1-model_v4.pdb	1828
P38398	1828	C	R	-0.540650960244632	AF-P38398-F1-model_v4.pdb	1828
P38398	1828	C	S	0.270799581979695	AF-P38398-F1-model_v4.pdb	1828
P38398	1828	C	S	0.285571473313252	AF-P38398-F1-model_v4.pdb	1828
P38398	1829	E	D	-0.283879297602186	AF-P38398-F1-model_v4.pdb	1829
P38398	1829	E	E	0.722031323319003	AF-P38398-F1-model_v4.pdb	1829
P38398	1829	E	V	-0.499495859664244	AF-P38398-F1-model_v4.pdb	1829
P38398	1829	E	D	-0.0245312366262937	AF-P38398-F1-model_v4.pdb	1829
P38398	1829	E	A	0.0037666496029931	AF-P38398-F1-model_v4.pdb	1829
P38398	1829	E	G	-0.679895464607386	AF-P38398-F1-model_v4.pdb	1829
P38398	1829	E	*	-1.98133263518312	AF-P38398-F1-model_v4.pdb	1829
P38398	1829	E	Q	-0.7901910009665659	AF-P38398-F1-model_v4.pdb	1829
P38398	1829	E	K	-0.7581905293176	AF-P38398-F1-model_v4.pdb	1829
P38398	1830	A	T	-0.2265943036385199	AF-P38398-F1-model_v4.pdb	1830
P38398	1830	A	P	-0.787280052748284	AF-P38398-F1-model_v4.pdb	1830
P38398	1830	A	S	-0.276294785225586	AF-P38398-F1-model_v4.pdb	1830
P38398	1830	A	E	0.6082007431486199	AF-P38398-F1-model_v4.pdb	1830
P38398	1830	A	V	-0.4030997404966239	AF-P38398-F1-model_v4.pdb	1830
P38398	1830	A	A	0.28727249534614	AF-P38398-F1-model_v4.pdb	1830
P38398	1830	A	A	0.545129133674602	AF-P38398-F1-model_v4.pdb	1830
P38398	1830	A	A	0.125761538154561	AF-P38398-F1-model_v4.pdb	1830
P38398	1830	A	G	-0.0035735769311297	AF-P38398-F1-model_v4.pdb	1830
P38398	1831	P	R	0.438913401180313	AF-P38398-F1-model_v4.pdb	1831
P38398	1831	P	P	0.3332993434731069	AF-P38398-F1-model_v4.pdb	1831
P38398	1831	P	L	0.123698838070188	AF-P38398-F1-model_v4.pdb	1831
P38398	1831	P	P	0.282869368207943	AF-P38398-F1-model_v4.pdb	1831
P38398	1831	P	S	0.5196933960874289	AF-P38398-F1-model_v4.pdb	1831
P38398	1831	P	A	-0.545029927855609	AF-P38398-F1-model_v4.pdb	1831
P38398	1831	P	T	0.232653742340563	AF-P38398-F1-model_v4.pdb	1831
P38398	1831	P	H	0.5418267949815779	AF-P38398-F1-model_v4.pdb	1831
P38398	1831	P	P	0.6851844620971149	AF-P38398-F1-model_v4.pdb	1831
P38398	1832	V	G	-1.43041246555155	AF-P38398-F1-model_v4.pdb	1832
P38398	1832	V	A	-0.450761171110391	AF-P38398-F1-model_v4.pdb	1832
P38398	1832	V	L	0.162341133229574	AF-P38398-F1-model_v4.pdb	1832
P38398	1833	V	M	0.569827983076016	AF-P38398-F1-model_v4.pdb	1833
P38398	1833	V	L	-0.9046982642076958	AF-P38398-F1-model_v4.pdb	1833
P38398	1833	V	E	-0.616888615644886	AF-P38398-F1-model_v4.pdb	1833
P38398	1833	V	A	0.45684416341573	AF-P38398-F1-model_v4.pdb	1833
P38398	1833	V	V	-0.135831365701889	AF-P38398-F1-model_v4.pdb	1833
P38398	1833	V	V	-0.276612143770974	AF-P38398-F1-model_v4.pdb	1833
P38398	1833	V	V	0.132404659923891	AF-P38398-F1-model_v4.pdb	1833
P38398	1834	T	T	-0.467809180149883	AF-P38398-F1-model_v4.pdb	1834
P38398	1834	T	T	0.149751219034543	AF-P38398-F1-model_v4.pdb	1834
P38398	1834	T	T	0.5172631614189139	AF-P38398-F1-model_v4.pdb	1834
P38398	1834	T	I	0.3701881723391789	AF-P38398-F1-model_v4.pdb	1834
P38398	1834	T	S	-0.4094371680415329	AF-P38398-F1-model_v4.pdb	1834
P38398	1834	T	N	0.3045938665952489	AF-P38398-F1-model_v4.pdb	1834
P38398	1834	T	A	-0.271931206154048	AF-P38398-F1-model_v4.pdb	1834
P38398	1834	T	P	-0.624723582966779	AF-P38398-F1-model_v4.pdb	1834
P38398	1834	T	S	0.213416111789726	AF-P38398-F1-model_v4.pdb	1834
P38398	1835	R	R	0.0747421747602308	AF-P38398-F1-model_v4.pdb	1835
P38398	1835	R	R	-0.0788269519128275	AF-P38398-F1-model_v4.pdb	1835
P38398	1835	R	L	-0.175045715671397	AF-P38398-F1-model_v4.pdb	1835
P38398	1835	R	R	-0.530408764812306	AF-P38398-F1-model_v4.pdb	1835
P38398	1835	R	Q	0.695301195580491	AF-P38398-F1-model_v4.pdb	1835
P38398	1835	R	*	-1.40558891373999	AF-P38398-F1-model_v4.pdb	1835
P38398	1835	R	G	-0.592657929562696	AF-P38398-F1-model_v4.pdb	1835
P38398	1835	R	R	0.775203150092437	AF-P38398-F1-model_v4.pdb	1835
P38398	1835	R	P	-0.927330716432078	AF-P38398-F1-model_v4.pdb	1835
P38398	1836	E	D	0.2194337648914019	AF-P38398-F1-model_v4.pdb	1836
P38398	1836	E	D	0.249521549709356	AF-P38398-F1-model_v4.pdb	1836
P38398	1836	E	E	0.1331663093434019	AF-P38398-F1-model_v4.pdb	1836
P38398	1836	E	V	-0.490163559994712	AF-P38398-F1-model_v4.pdb	1836
P38398	1836	E	G	-0.867556576332328	AF-P38398-F1-model_v4.pdb	1836
P38398	1836	E	A	0.373044454453788	AF-P38398-F1-model_v4.pdb	1836
P38398	1836	E	*	-2.68036953525084	AF-P38398-F1-model_v4.pdb	1836
P38398	1836	E	Q	-0.0839335962349514	AF-P38398-F1-model_v4.pdb	1836
P38398	1836	E	K	0.384364795499188	AF-P38398-F1-model_v4.pdb	1836
P38398	1837	W	C	-0.620563613410107	AF-P38398-F1-model_v4.pdb	1837
P38398	1837	W	*	-0.4532331943415489	AF-P38398-F1-model_v4.pdb	1837
P38398	1837	W	L	0.483036928035428	AF-P38398-F1-model_v4.pdb	1837
P38398	1837	W	C	-0.7056534110807049	AF-P38398-F1-model_v4.pdb	1837
P38398	1837	W	*	-1.26155907546088	AF-P38398-F1-model_v4.pdb	1837
P38398	1837	W	G	-1.5928825920936105	AF-P38398-F1-model_v4.pdb	1837
P38398	1837	W	R	-0.476082954064329	AF-P38398-F1-model_v4.pdb	1837
P38398	1837	W	S	-0.36670177119828	AF-P38398-F1-model_v4.pdb	1837
P38398	1837	W	R	-0.8517539504608929	AF-P38398-F1-model_v4.pdb	1837
P38398	1838	V	M	-0.5297505365832039	AF-P38398-F1-model_v4.pdb	1838
P38398	1838	V	L	-0.5317679121896721	AF-P38398-F1-model_v4.pdb	1838
P38398	1838	V	L	-0.168897679701296	AF-P38398-F1-model_v4.pdb	1838
P38398	1838	V	E	-0.8852161277950601	AF-P38398-F1-model_v4.pdb	1838
P38398	1838	V	A	-0.8053839193786361	AF-P38398-F1-model_v4.pdb	1838
P38398	1838	V	G	-0.9611021869291392	AF-P38398-F1-model_v4.pdb	1838
P38398	1838	V	V	0.251742767426346	AF-P38398-F1-model_v4.pdb	1838
P38398	1838	V	V	-0.606985032050235	AF-P38398-F1-model_v4.pdb	1838
P38398	1838	V	V	0.193596853354945	AF-P38398-F1-model_v4.pdb	1838
P38398	1839	L	F	-0.143063902253139	AF-P38398-F1-model_v4.pdb	1839
P38398	1839	L	F	0.0173655589573142	AF-P38398-F1-model_v4.pdb	1839
P38398	1839	L	V	-0.670364175761114	AF-P38398-F1-model_v4.pdb	1839
P38398	1839	L	*	-1.6240627264651	AF-P38398-F1-model_v4.pdb	1839
P38398	1839	L	S	-0.6994455803345729	AF-P38398-F1-model_v4.pdb	1839
P38398	1839	L	L	0.77389046419925	AF-P38398-F1-model_v4.pdb	1839
P38398	1840	D	E	-1.07958817617531	AF-P38398-F1-model_v4.pdb	1840
P38398	1840	D	E	-0.193077572887883	AF-P38398-F1-model_v4.pdb	1840
P38398	1840	D	D	-1.3523151176907	AF-P38398-F1-model_v4.pdb	1840
P38398	1840	D	V	-1.25882054193069	AF-P38398-F1-model_v4.pdb	1840
P38398	1840	D	N	0.1933619129252	AF-P38398-F1-model_v4.pdb	1840
P38398	1840	D	H	-0.0884943985268757	AF-P38398-F1-model_v4.pdb	1840
P38398	1840	D	A	0.2931544341802949	AF-P38398-F1-model_v4.pdb	1840
P38398	1840	D	G	-1.34884438872347	AF-P38398-F1-model_v4.pdb	1840
P38398	1841	S	R	0.413865152830245	AF-P38398-F1-model_v4.pdb	1841
P38398	1841	S	R	-0.572725949275362	AF-P38398-F1-model_v4.pdb	1841
P38398	1841	S	G	-0.0170836604510235	AF-P38398-F1-model_v4.pdb	1841
P38398	1841	S	C	-0.341611956983882	AF-P38398-F1-model_v4.pdb	1841
P38398	1841	S	N	-0.4850704417476629	AF-P38398-F1-model_v4.pdb	1841
P38398	1841	S	T	0.45340942517975	AF-P38398-F1-model_v4.pdb	1841
P38398	1841	S	I	-0.823732230576443	AF-P38398-F1-model_v4.pdb	1841
P38398	1841	S	R	-0.106937156141278	AF-P38398-F1-model_v4.pdb	1841
P38398	1841	S	S	0.781959215219967	AF-P38398-F1-model_v4.pdb	1841
P38398	1842	V	V	0.0773890473875742	AF-P38398-F1-model_v4.pdb	1842
P38398	1842	V	V	0.0785119692950453	AF-P38398-F1-model_v4.pdb	1842
P38398	1842	V	G	-1.05754808598879	AF-P38398-F1-model_v4.pdb	1842
P38398	1842	V	A	-0.487111997751145	AF-P38398-F1-model_v4.pdb	1842
P38398	1842	V	E	-0.463332841645594	AF-P38398-F1-model_v4.pdb	1842
P38398	1842	V	L	0.418923504721667	AF-P38398-F1-model_v4.pdb	1842
P38398	1842	V	L	0.321017080822989	AF-P38398-F1-model_v4.pdb	1842
P38398	1842	V	I	0.631442071895605	AF-P38398-F1-model_v4.pdb	1842
P38398	1842	V	V	0.10465095453816	AF-P38398-F1-model_v4.pdb	1842
P38398	1843	A	A	-0.495272605952926	AF-P38398-F1-model_v4.pdb	1843
P38398	1843	A	S	0.24393709797015	AF-P38398-F1-model_v4.pdb	1843
P38398	1843	A	T	0.217527317420618	AF-P38398-F1-model_v4.pdb	1843
P38398	1843	A	G	-0.668822798612798	AF-P38398-F1-model_v4.pdb	1843
P38398	1843	A	V	-0.922555836260589	AF-P38398-F1-model_v4.pdb	1843
P38398	1843	A	A	0.30918144141563	AF-P38398-F1-model_v4.pdb	1843
P38398	1843	A	A	-0.273746089921697	AF-P38398-F1-model_v4.pdb	1843
P38398	1843	A	P	-0.966503942917996	AF-P38398-F1-model_v4.pdb	1843
P38398	1843	A	E	-2.1583028323235403	AF-P38398-F1-model_v4.pdb	1843
P38398	1844	L	V	-0.204259107521076	AF-P38398-F1-model_v4.pdb	1844
P38398	1844	L	I	-0.5350267279829629	AF-P38398-F1-model_v4.pdb	1844
P38398	1844	L	P	-0.712950801969362	AF-P38398-F1-model_v4.pdb	1844
P38398	1844	L	R	-1.1162451966872802	AF-P38398-F1-model_v4.pdb	1844
P38398	1844	L	L	-0.659639783628711	AF-P38398-F1-model_v4.pdb	1844
P38398	1844	L	L	0.2545113025330389	AF-P38398-F1-model_v4.pdb	1844
P38398	1844	L	L	-0.396511861553326	AF-P38398-F1-model_v4.pdb	1844
P38398	1844	L	H	0.164297174845849	AF-P38398-F1-model_v4.pdb	1844
P38398	1844	L	F	-1.06226649180316	AF-P38398-F1-model_v4.pdb	1844
P38398	1845	Y	H	0.185651512226006	AF-P38398-F1-model_v4.pdb	1845
P38398	1845	Y	Y	0.1163230591909019	AF-P38398-F1-model_v4.pdb	1845
P38398	1845	Y	*	-0.8103177281546651	AF-P38398-F1-model_v4.pdb	1845
P38398	1845	Y	*	-0.105218973161907	AF-P38398-F1-model_v4.pdb	1845
P38398	1845	Y	D	0.379045822342906	AF-P38398-F1-model_v4.pdb	1845
P38398	1845	Y	C	0.130019188940366	AF-P38398-F1-model_v4.pdb	1845
P38398	1845	Y	S	-1.04127588089599	AF-P38398-F1-model_v4.pdb	1845
P38398	1845	Y	N	-0.132702211132036	AF-P38398-F1-model_v4.pdb	1845
P38398	1845	Y	F	-0.2713867725074669	AF-P38398-F1-model_v4.pdb	1845
P38398	1846	Q	H	-2.53313374425182	AF-P38398-F1-model_v4.pdb	1846
P38398	1846	Q	H	-0.175236685404783	AF-P38398-F1-model_v4.pdb	1846
P38398	1846	Q	Q	-0.888648392280785	AF-P38398-F1-model_v4.pdb	1846
P38398	1846	Q	L	0.0062454929525909	AF-P38398-F1-model_v4.pdb	1846
P38398	1846	Q	*	-0.920578074148552	AF-P38398-F1-model_v4.pdb	1846
P38398	1846	Q	P	-0.729065130421823	AF-P38398-F1-model_v4.pdb	1846
P38398	1846	Q	R	0.0110989765023479	AF-P38398-F1-model_v4.pdb	1846
P38398	1846	Q	E	1.09197005264915	AF-P38398-F1-model_v4.pdb	1846
P38398	1846	Q	K	-0.116008425531568	AF-P38398-F1-model_v4.pdb	1846
P38398	1847	C	C	-0.0814650471361253	AF-P38398-F1-model_v4.pdb	1847
P38398	1847	C	W	0.5893198660880389	AF-P38398-F1-model_v4.pdb	1847
P38398	1847	C	*	-1.06323108651787	AF-P38398-F1-model_v4.pdb	1847
P38398	1847	C	F	0.44003621869189	AF-P38398-F1-model_v4.pdb	1847
P38398	1847	C	S	-0.650889346210484	AF-P38398-F1-model_v4.pdb	1847
P38398	1847	C	G	-0.232900721639046	AF-P38398-F1-model_v4.pdb	1847
P38398	1847	C	R	-0.150504905454878	AF-P38398-F1-model_v4.pdb	1847
P38398	1847	C	S	-0.1826060440690489	AF-P38398-F1-model_v4.pdb	1847
P38398	1847	C	Y	0.7931292070212309	AF-P38398-F1-model_v4.pdb	1847
P38398	1848	Q	E	0.133646814209188	AF-P38398-F1-model_v4.pdb	1848
P38398	1848	Q	*	-1.7842938221343705	AF-P38398-F1-model_v4.pdb	1848
P38398	1848	Q	P	-0.0865950822986327	AF-P38398-F1-model_v4.pdb	1848
P38398	1848	Q	R	-0.153309532327115	AF-P38398-F1-model_v4.pdb	1848
P38398	1848	Q	L	0.199172600276557	AF-P38398-F1-model_v4.pdb	1848
P38398	1848	Q	Q	0.209439540121075	AF-P38398-F1-model_v4.pdb	1848
P38398	1848	Q	H	-1.28078581137756	AF-P38398-F1-model_v4.pdb	1848
P38398	1848	Q	H	-0.668545213287053	AF-P38398-F1-model_v4.pdb	1848
P38398	1848	Q	K	0.190504814245446	AF-P38398-F1-model_v4.pdb	1848
P38398	1849	E	E	0.0996058682134675	AF-P38398-F1-model_v4.pdb	1849
P38398	1849	E	D	-0.364218644231892	AF-P38398-F1-model_v4.pdb	1849
P38398	1849	E	D	0.3687202581545429	AF-P38398-F1-model_v4.pdb	1849
P38398	1849	E	V	-2.8808777312228195	AF-P38398-F1-model_v4.pdb	1849
P38398	1849	E	A	-2.54176903766796	AF-P38398-F1-model_v4.pdb	1849
P38398	1849	E	*	-3.4143683018566	AF-P38398-F1-model_v4.pdb	1849
P38398	1849	E	Q	0.3295838083828359	AF-P38398-F1-model_v4.pdb	1849
P38398	1849	E	K	0.575576160782079	AF-P38398-F1-model_v4.pdb	1849
P38398	1849	E	G	-1.15655517390068	AF-P38398-F1-model_v4.pdb	1849
P38398	1850	L	L	-0.569760558764377	AF-P38398-F1-model_v4.pdb	1850
P38398	1850	L	L	-0.553821821447455	AF-P38398-F1-model_v4.pdb	1850
P38398	1850	L	R	-0.5775039879207261	AF-P38398-F1-model_v4.pdb	1850
P38398	1850	L	L	-0.3225381236910949	AF-P38398-F1-model_v4.pdb	1850
P38398	1850	L	Q	-0.544034047576747	AF-P38398-F1-model_v4.pdb	1850
P38398	1850	L	L	-0.149406564472094	AF-P38398-F1-model_v4.pdb	1850
P38398	1850	L	V	-0.178314495245292	AF-P38398-F1-model_v4.pdb	1850
P38398	1850	L	M	-0.520361861251333	AF-P38398-F1-model_v4.pdb	1850
P38398	1850	L	P	0.569897175619708	AF-P38398-F1-model_v4.pdb	1850
P38398	1851	D	D	0.944712051736679	AF-P38398-F1-model_v4.pdb	1851
P38398	1851	D	E	-0.7905872614288901	AF-P38398-F1-model_v4.pdb	1851
P38398	1851	D	E	-0.256070649217644	AF-P38398-F1-model_v4.pdb	1851
P38398	1851	D	V	-1.24598316021161	AF-P38398-F1-model_v4.pdb	1851
P38398	1851	D	G	0.213298937996879	AF-P38398-F1-model_v4.pdb	1851
P38398	1851	D	Y	0.4222110099022489	AF-P38398-F1-model_v4.pdb	1851
P38398	1851	D	H	-0.438202530015719	AF-P38398-F1-model_v4.pdb	1851
P38398	1851	D	N	-0.660596068066002	AF-P38398-F1-model_v4.pdb	1851
P38398	1851	D	A	-1.1280045838897	AF-P38398-F1-model_v4.pdb	1851
P38398	1852	T	T	-0.688278422084527	AF-P38398-F1-model_v4.pdb	1852
P38398	1852	T	T	-0.4065271474654721	AF-P38398-F1-model_v4.pdb	1852
P38398	1852	T	I	0.4444768477566379	AF-P38398-F1-model_v4.pdb	1852
P38398	1852	T	T	-1.20151543171242	AF-P38398-F1-model_v4.pdb	1852
P38398	1852	T	N	-0.5269735926828	AF-P38398-F1-model_v4.pdb	1852
P38398	1852	T	S	-1.1162259149711595	AF-P38398-F1-model_v4.pdb	1852
P38398	1852	T	A	-0.0670912895730184	AF-P38398-F1-model_v4.pdb	1852
P38398	1852	T	P	-1.11293216455045	AF-P38398-F1-model_v4.pdb	1852
P38398	1852	T	S	-0.0483899111355621	AF-P38398-F1-model_v4.pdb	1852
P38398	1853	Y	Y	-0.772532202196857	AF-P38398-F1-model_v4.pdb	1853
P38398	1853	Y	*	-1.882752093496	AF-P38398-F1-model_v4.pdb	1853
P38398	1853	Y	*	-0.593694396626164	AF-P38398-F1-model_v4.pdb	1853
P38398	1853	Y	F	0.0017639220578966	AF-P38398-F1-model_v4.pdb	1853
P38398	1853	Y	C	-0.7830315112338809	AF-P38398-F1-model_v4.pdb	1853
P38398	1853	Y	S	-1.6213300507923	AF-P38398-F1-model_v4.pdb	1853
P38398	1853	Y	D	0.187504227090972	AF-P38398-F1-model_v4.pdb	1853
P38398	1853	Y	H	0.2361470706120599	AF-P38398-F1-model_v4.pdb	1853
P38398	1853	Y	N	-1.20162713531758	AF-P38398-F1-model_v4.pdb	1853
P38398	1854	L	L	-2.29682155380535	AF-P38398-F1-model_v4.pdb	1854
P38398	1854	L	L	-1.39786479667648	AF-P38398-F1-model_v4.pdb	1854
P38398	1854	L	L	-1.82159756393132	AF-P38398-F1-model_v4.pdb	1854
P38398	1854	L	R	0.2006036310713289	AF-P38398-F1-model_v4.pdb	1854
P38398	1854	L	L	-0.834822971429227	AF-P38398-F1-model_v4.pdb	1854
P38398	1854	L	Q	-1.30667119616885	AF-P38398-F1-model_v4.pdb	1854
P38398	1854	L	V	-0.0280919112177131	AF-P38398-F1-model_v4.pdb	1854
P38398	1854	L	M	-0.160065337761151	AF-P38398-F1-model_v4.pdb	1854
P38398	1854	L	P	-0.9191315687150292	AF-P38398-F1-model_v4.pdb	1854
P38398	1855	I	L	0.343345659066115	AF-P38398-F1-model_v4.pdb	1855
P38398	1855	I	V	-0.684578171002312	AF-P38398-F1-model_v4.pdb	1855
P38398	1855	I	L	-0.805835974564211	AF-P38398-F1-model_v4.pdb	1855
P38398	1855	I	K	-0.2623051148918179	AF-P38398-F1-model_v4.pdb	1855
P38398	1855	I	T	0.3037699522480769	AF-P38398-F1-model_v4.pdb	1855
P38398	1855	I	R	0.343401584610424	AF-P38398-F1-model_v4.pdb	1855
P38398	1855	I	I	0.207659912066916	AF-P38398-F1-model_v4.pdb	1855
P38398	1855	I	M	-0.2895259710817239	AF-P38398-F1-model_v4.pdb	1855
P38398	1855	I	I	-0.403449879731339	AF-P38398-F1-model_v4.pdb	1855
