Variant,Prediction,SD,Comment
p.Ala1002=,*,*,*
p.Ala1002Arg,*,*,*
p.Ala1002Asn,*,*,*
p.Ala1002Asp,*,*,*
p.Ala1002Cys,*,*,*
p.Ala1002Gln,*,*,*
p.Ala1002Glu,*,*,*
p.Ala1002Gly,*,*,*
p.Ala1002His,*,*,*
p.Ala1002Ile,*,*,*
p.Ala1002Leu,*,*,*
p.Ala1002Lys,*,*,*
p.Ala1002Met,*,*,*
p.Ala1002Phe,*,*,*
p.Ala1002Pro,*,*,*
p.Ala1002Ser,*,*,*
p.Ala1002Ter,*,*,*
p.Ala1002Thr,*,*,*
p.Ala1002Trp,*,*,*
p.Ala1002Tyr,*,*,*
p.Ala1002Val,*,*,*
p.Ala1003=,*,*,*
p.Ala1003Arg,*,*,*
p.Ala1003Asn,*,*,*
p.Ala1003Asp,*,*,*
p.Ala1003Cys,*,*,*
p.Ala1003Gln,*,*,*
p.Ala1003Glu,*,*,*
p.Ala1003Gly,*,*,*
p.Ala1003His,*,*,*
p.Ala1003Ile,*,*,*
p.Ala1003Leu,*,*,*
p.Ala1003Lys,*,*,*
p.Ala1003Met,*,*,*
p.Ala1003Phe,*,*,*
p.Ala1003Pro,*,*,*
p.Ala1003Ser,*,*,*
p.Ala1003Ter,*,*,*
p.Ala1003Thr,*,*,*
p.Ala1003Trp,*,*,*
p.Ala1003Tyr,*,*,*
p.Ala1003Val,*,*,*
p.Ala1018=,*,*,*
p.Ala1018Arg,*,*,*
p.Ala1018Asn,*,*,*
p.Ala1018Asp,*,*,*
p.Ala1018Cys,*,*,*
p.Ala1018Gln,*,*,*
p.Ala1018Glu,*,*,*
p.Ala1018Gly,*,*,*
p.Ala1018His,*,*,*
p.Ala1018Ile,*,*,*
p.Ala1018Leu,*,*,*
p.Ala1018Lys,*,*,*
p.Ala1018Met,*,*,*
p.Ala1018Phe,*,*,*
p.Ala1018Pro,*,*,*
p.Ala1018Ser,*,*,*
p.Ala1018Ter,*,*,*
p.Ala1018Thr,*,*,*
p.Ala1018Trp,*,*,*
p.Ala1018Tyr,*,*,*
p.Ala1018Val,*,*,*
p.Ala1049=,*,*,*
p.Ala1049Arg,*,*,*
p.Ala1049Asn,*,*,*
p.Ala1049Asp,*,*,*
p.Ala1049Cys,*,*,*
p.Ala1049Gln,*,*,*
p.Ala1049Glu,*,*,*
p.Ala1049Gly,*,*,*
p.Ala1049His,*,*,*
p.Ala1049Ile,*,*,*
p.Ala1049Leu,*,*,*
p.Ala1049Lys,*,*,*
p.Ala1049Met,*,*,*
p.Ala1049Phe,*,*,*
p.Ala1049Pro,*,*,*
p.Ala1049Ser,*,*,*
p.Ala1049Ter,*,*,*
p.Ala1049Thr,*,*,*
p.Ala1049Trp,*,*,*
p.Ala1049Tyr,*,*,*
p.Ala1049Val,*,*,*
p.Ala1058=,*,*,*
p.Ala1058Arg,*,*,*
p.Ala1058Asn,*,*,*
p.Ala1058Asp,*,*,*
p.Ala1058Cys,*,*,*
p.Ala1058Gln,*,*,*
p.Ala1058Glu,*,*,*
p.Ala1058Gly,*,*,*
p.Ala1058His,*,*,*
p.Ala1058Ile,*,*,*
p.Ala1058Leu,*,*,*
p.Ala1058Lys,*,*,*
p.Ala1058Met,*,*,*
p.Ala1058Phe,*,*,*
p.Ala1058Pro,*,*,*
p.Ala1058Ser,*,*,*
p.Ala1058Ter,*,*,*
p.Ala1058Thr,*,*,*
p.Ala1058Trp,*,*,*
p.Ala1058Tyr,*,*,*
p.Ala1058Val,*,*,*
p.Ala1063=,*,*,*
p.Ala1063Arg,*,*,*
p.Ala1063Asn,*,*,*
p.Ala1063Asp,*,*,*
p.Ala1063Cys,*,*,*
p.Ala1063Gln,*,*,*
p.Ala1063Glu,*,*,*
p.Ala1063Gly,*,*,*
p.Ala1063His,*,*,*
p.Ala1063Ile,*,*,*
p.Ala1063Leu,*,*,*
p.Ala1063Lys,*,*,*
p.Ala1063Met,*,*,*
p.Ala1063Phe,*,*,*
p.Ala1063Pro,*,*,*
p.Ala1063Ser,*,*,*
p.Ala1063Ter,*,*,*
p.Ala1063Thr,*,*,*
p.Ala1063Trp,*,*,*
p.Ala1063Tyr,*,*,*
p.Ala1063Val,*,*,*
p.Ala1065=,*,*,*
p.Ala1065Arg,*,*,*
p.Ala1065Asn,*,*,*
p.Ala1065Asp,*,*,*
p.Ala1065Cys,*,*,*
p.Ala1065Gln,*,*,*
p.Ala1065Glu,*,*,*
p.Ala1065Gly,*,*,*
p.Ala1065His,*,*,*
p.Ala1065Ile,*,*,*
p.Ala1065Leu,*,*,*
p.Ala1065Lys,*,*,*
p.Ala1065Met,*,*,*
p.Ala1065Phe,*,*,*
p.Ala1065Pro,*,*,*
p.Ala1065Ser,*,*,*
p.Ala1065Ter,*,*,*
p.Ala1065Thr,*,*,*
p.Ala1065Trp,*,*,*
p.Ala1065Tyr,*,*,*
p.Ala1065Val,*,*,*
p.Ala1074=,*,*,*
p.Ala1074Arg,*,*,*
p.Ala1074Asn,*,*,*
p.Ala1074Asp,*,*,*
p.Ala1074Cys,*,*,*
p.Ala1074Gln,*,*,*
p.Ala1074Glu,*,*,*
p.Ala1074Gly,*,*,*
p.Ala1074His,*,*,*
p.Ala1074Ile,*,*,*
p.Ala1074Leu,*,*,*
p.Ala1074Lys,*,*,*
p.Ala1074Met,*,*,*
p.Ala1074Phe,*,*,*
p.Ala1074Pro,*,*,*
p.Ala1074Ser,*,*,*
p.Ala1074Ter,*,*,*
p.Ala1074Thr,*,*,*
p.Ala1074Trp,*,*,*
p.Ala1074Tyr,*,*,*
p.Ala1074Val,*,*,*
p.Ala1096=,*,*,*
p.Ala1096Arg,*,*,*
p.Ala1096Asn,*,*,*
p.Ala1096Asp,*,*,*
p.Ala1096Cys,*,*,*
p.Ala1096Gln,*,*,*
p.Ala1096Glu,*,*,*
p.Ala1096Gly,*,*,*
p.Ala1096His,*,*,*
p.Ala1096Ile,*,*,*
p.Ala1096Leu,*,*,*
p.Ala1096Lys,*,*,*
p.Ala1096Met,*,*,*
p.Ala1096Phe,*,*,*
p.Ala1096Pro,*,*,*
p.Ala1096Ser,*,*,*
p.Ala1096Ter,*,*,*
p.Ala1096Thr,*,*,*
p.Ala1096Trp,*,*,*
p.Ala1096Tyr,*,*,*
p.Ala1096Val,*,*,*
p.Ala1114=,*,*,*
p.Ala1114Arg,*,*,*
p.Ala1114Asn,*,*,*
p.Ala1114Asp,*,*,*
p.Ala1114Cys,*,*,*
p.Ala1114Gln,*,*,*
p.Ala1114Glu,*,*,*
p.Ala1114Gly,*,*,*
p.Ala1114His,*,*,*
p.Ala1114Ile,*,*,*
p.Ala1114Leu,*,*,*
p.Ala1114Lys,*,*,*
p.Ala1114Met,*,*,*
p.Ala1114Phe,*,*,*
p.Ala1114Pro,*,*,*
p.Ala1114Ser,*,*,*
p.Ala1114Ter,*,*,*
p.Ala1114Thr,*,*,*
p.Ala1114Trp,*,*,*
p.Ala1114Tyr,*,*,*
p.Ala1114Val,*,*,*
p.Ala1122=,*,*,*
p.Ala1122Arg,*,*,*
p.Ala1122Asn,*,*,*
p.Ala1122Asp,*,*,*
p.Ala1122Cys,*,*,*
p.Ala1122Gln,*,*,*
p.Ala1122Glu,*,*,*
p.Ala1122Gly,*,*,*
p.Ala1122His,*,*,*
p.Ala1122Ile,*,*,*
p.Ala1122Leu,*,*,*
p.Ala1122Lys,*,*,*
p.Ala1122Met,*,*,*
p.Ala1122Phe,*,*,*
p.Ala1122Pro,*,*,*
p.Ala1122Ser,*,*,*
p.Ala1122Ter,*,*,*
p.Ala1122Thr,*,*,*
p.Ala1122Trp,*,*,*
p.Ala1122Tyr,*,*,*
p.Ala1122Val,*,*,*
p.Ala1124=,*,*,*
p.Ala1124Arg,*,*,*
p.Ala1124Asp,*,*,*
p.Ala1124Cys,*,*,*
p.Ala1124Gln,*,*,*
p.Ala1124Glu,*,*,*
p.Ala1124Gly,*,*,*
p.Ala1124His,*,*,*
p.Ala1124Ile,*,*,*
p.Ala1124Leu,*,*,*
p.Ala1124Met,*,*,*
p.Ala1124Phe,*,*,*
p.Ala1124Pro,*,*,*
p.Ala1124Ser,*,*,*
p.Ala1124Thr,*,*,*
p.Ala1124Tyr,*,*,*
p.Ala1124Val,*,*,*
p.Ala1130=,*,*,*
p.Ala1130Arg,*,*,*
p.Ala1130Asn,*,*,*
p.Ala1130Asp,*,*,*
p.Ala1130Cys,*,*,*
p.Ala1130Gln,*,*,*
p.Ala1130Glu,*,*,*
p.Ala1130Gly,*,*,*
p.Ala1130His,*,*,*
p.Ala1130Ile,*,*,*
p.Ala1130Leu,*,*,*
p.Ala1130Lys,*,*,*
p.Ala1130Met,*,*,*
p.Ala1130Phe,*,*,*
p.Ala1130Pro,*,*,*
p.Ala1130Ser,*,*,*
p.Ala1130Ter,*,*,*
p.Ala1130Thr,*,*,*
p.Ala1130Trp,*,*,*
p.Ala1130Tyr,*,*,*
p.Ala1130Val,*,*,*
p.Ala1135=,*,*,*
p.Ala1135Arg,*,*,*
p.Ala1135Asn,*,*,*
p.Ala1135Asp,*,*,*
p.Ala1135Cys,*,*,*
p.Ala1135Gln,*,*,*
p.Ala1135Glu,*,*,*
p.Ala1135Gly,*,*,*
p.Ala1135His,*,*,*
p.Ala1135Ile,*,*,*
p.Ala1135Leu,*,*,*
p.Ala1135Lys,*,*,*
p.Ala1135Met,*,*,*
p.Ala1135Phe,*,*,*
p.Ala1135Pro,*,*,*
p.Ala1135Ser,*,*,*
p.Ala1135Ter,*,*,*
p.Ala1135Thr,*,*,*
p.Ala1135Trp,*,*,*
p.Ala1135Tyr,*,*,*
p.Ala1135Val,*,*,*
p.Ala1139=,*,*,*
p.Ala1139Arg,*,*,*
p.Ala1139Asn,*,*,*
p.Ala1139Asp,*,*,*
p.Ala1139Cys,*,*,*
p.Ala1139Gln,*,*,*
p.Ala1139Glu,*,*,*
p.Ala1139Gly,*,*,*
p.Ala1139His,*,*,*
p.Ala1139Ile,*,*,*
p.Ala1139Leu,*,*,*
p.Ala1139Lys,*,*,*
p.Ala1139Met,*,*,*
p.Ala1139Phe,*,*,*
p.Ala1139Pro,*,*,*
p.Ala1139Ser,*,*,*
p.Ala1139Ter,*,*,*
p.Ala1139Thr,*,*,*
p.Ala1139Trp,*,*,*
p.Ala1139Tyr,*,*,*
p.Ala1139Val,*,*,*
p.Ala1168=,*,*,*
p.Ala1168Arg,*,*,*
p.Ala1168Asn,*,*,*
p.Ala1168Asp,*,*,*
p.Ala1168Cys,*,*,*
p.Ala1168Gln,*,*,*
p.Ala1168Glu,*,*,*
p.Ala1168Gly,*,*,*
p.Ala1168His,*,*,*
p.Ala1168Ile,*,*,*
p.Ala1168Leu,*,*,*
p.Ala1168Lys,*,*,*
p.Ala1168Met,*,*,*
p.Ala1168Phe,*,*,*
p.Ala1168Pro,*,*,*
p.Ala1168Ser,*,*,*
p.Ala1168Ter,*,*,*
p.Ala1168Thr,*,*,*
p.Ala1168Trp,*,*,*
p.Ala1168Tyr,*,*,*
p.Ala1168Val,*,*,*
p.Ala1179=,*,*,*
p.Ala1179Arg,*,*,*
p.Ala1179Asn,*,*,*
p.Ala1179Asp,*,*,*
p.Ala1179Cys,*,*,*
p.Ala1179Gln,*,*,*
p.Ala1179Glu,*,*,*
p.Ala1179Gly,*,*,*
p.Ala1179His,*,*,*
p.Ala1179Ile,*,*,*
p.Ala1179Leu,*,*,*
p.Ala1179Lys,*,*,*
p.Ala1179Met,*,*,*
p.Ala1179Phe,*,*,*
p.Ala1179Pro,*,*,*
p.Ala1179Ser,*,*,*
p.Ala1179Ter,*,*,*
p.Ala1179Thr,*,*,*
p.Ala1179Trp,*,*,*
p.Ala1179Tyr,*,*,*
p.Ala1179Val,*,*,*
p.Ala1183=,*,*,*
p.Ala1183Arg,*,*,*
p.Ala1183Asn,*,*,*
p.Ala1183Asp,*,*,*
p.Ala1183Cys,*,*,*
p.Ala1183Gln,*,*,*
p.Ala1183Glu,*,*,*
p.Ala1183Gly,*,*,*
p.Ala1183His,*,*,*
p.Ala1183Ile,*,*,*
p.Ala1183Leu,*,*,*
p.Ala1183Lys,*,*,*
p.Ala1183Met,*,*,*
p.Ala1183Phe,*,*,*
p.Ala1183Pro,*,*,*
p.Ala1183Ser,*,*,*
p.Ala1183Ter,*,*,*
p.Ala1183Thr,*,*,*
p.Ala1183Trp,*,*,*
p.Ala1183Tyr,*,*,*
p.Ala1183Val,*,*,*
p.Ala1193=,*,*,*
p.Ala1193Arg,*,*,*
p.Ala1193Asn,*,*,*
p.Ala1193Asp,*,*,*
p.Ala1193Cys,*,*,*
p.Ala1193Gln,*,*,*
p.Ala1193Glu,*,*,*
p.Ala1193Gly,*,*,*
p.Ala1193His,*,*,*
p.Ala1193Ile,*,*,*
p.Ala1193Leu,*,*,*
p.Ala1193Lys,*,*,*
p.Ala1193Met,*,*,*
p.Ala1193Phe,*,*,*
p.Ala1193Pro,*,*,*
p.Ala1193Ser,*,*,*
p.Ala1193Ter,*,*,*
p.Ala1193Thr,*,*,*
p.Ala1193Trp,*,*,*
p.Ala1193Tyr,*,*,*
p.Ala1193Val,*,*,*
p.Ala1195=,*,*,*
p.Ala1195Arg,*,*,*
p.Ala1195Asn,*,*,*
p.Ala1195Asp,*,*,*
p.Ala1195Cys,*,*,*
p.Ala1195Gln,*,*,*
p.Ala1195Glu,*,*,*
p.Ala1195Gly,*,*,*
p.Ala1195His,*,*,*
p.Ala1195Ile,*,*,*
p.Ala1195Leu,*,*,*
p.Ala1195Lys,*,*,*
p.Ala1195Met,*,*,*
p.Ala1195Phe,*,*,*
p.Ala1195Pro,*,*,*
p.Ala1195Ser,*,*,*
p.Ala1195Ter,*,*,*
p.Ala1195Thr,*,*,*
p.Ala1195Trp,*,*,*
p.Ala1195Tyr,*,*,*
p.Ala1195Val,*,*,*
p.Ala1197=,*,*,*
p.Ala1197Arg,*,*,*
p.Ala1197Asn,*,*,*
p.Ala1197Asp,*,*,*
p.Ala1197Cys,*,*,*
p.Ala1197Gln,*,*,*
p.Ala1197Glu,*,*,*
p.Ala1197Gly,*,*,*
p.Ala1197His,*,*,*
p.Ala1197Ile,*,*,*
p.Ala1197Leu,*,*,*
p.Ala1197Lys,*,*,*
p.Ala1197Met,*,*,*
p.Ala1197Phe,*,*,*
p.Ala1197Pro,*,*,*
p.Ala1197Ser,*,*,*
p.Ala1197Ter,*,*,*
p.Ala1197Thr,*,*,*
p.Ala1197Trp,*,*,*
p.Ala1197Tyr,*,*,*
p.Ala1197Val,*,*,*
p.Ala1202=,*,*,*
p.Ala1202Arg,*,*,*
p.Ala1202Asn,*,*,*
p.Ala1202Asp,*,*,*
p.Ala1202Cys,*,*,*
p.Ala1202Gln,*,*,*
p.Ala1202Glu,*,*,*
p.Ala1202Gly,*,*,*
p.Ala1202His,*,*,*
p.Ala1202Ile,*,*,*
p.Ala1202Leu,*,*,*
p.Ala1202Lys,*,*,*
p.Ala1202Met,*,*,*
p.Ala1202Phe,*,*,*
p.Ala1202Pro,*,*,*
p.Ala1202Ser,*,*,*
p.Ala1202Ter,*,*,*
p.Ala1202Thr,*,*,*
p.Ala1202Trp,*,*,*
p.Ala1202Tyr,*,*,*
p.Ala1202Val,*,*,*
p.Ala1203=,*,*,*
p.Ala1203Arg,*,*,*
p.Ala1203Asn,*,*,*
p.Ala1203Asp,*,*,*
p.Ala1203Cys,*,*,*
p.Ala1203Gln,*,*,*
p.Ala1203Glu,*,*,*
p.Ala1203Gly,*,*,*
p.Ala1203His,*,*,*
p.Ala1203Ile,*,*,*
p.Ala1203Leu,*,*,*
p.Ala1203Lys,*,*,*
p.Ala1203Met,*,*,*
p.Ala1203Phe,*,*,*
p.Ala1203Pro,*,*,*
p.Ala1203Ser,*,*,*
p.Ala1203Ter,*,*,*
p.Ala1203Thr,*,*,*
p.Ala1203Trp,*,*,*
p.Ala1203Tyr,*,*,*
p.Ala1203Val,*,*,*
p.Ala1205=,*,*,*
p.Ala1205Arg,*,*,*
p.Ala1205Asn,*,*,*
p.Ala1205Asp,*,*,*
p.Ala1205Cys,*,*,*
p.Ala1205Gln,*,*,*
p.Ala1205Glu,*,*,*
p.Ala1205Gly,*,*,*
p.Ala1205His,*,*,*
p.Ala1205Ile,*,*,*
p.Ala1205Leu,*,*,*
p.Ala1205Lys,*,*,*
p.Ala1205Met,*,*,*
p.Ala1205Phe,*,*,*
p.Ala1205Pro,*,*,*
p.Ala1205Ser,*,*,*
p.Ala1205Ter,*,*,*
p.Ala1205Thr,*,*,*
p.Ala1205Trp,*,*,*
p.Ala1205Tyr,*,*,*
p.Ala1205Val,*,*,*
p.Ala1227=,*,*,*
p.Ala1227Arg,*,*,*
p.Ala1227Asn,*,*,*
p.Ala1227Asp,*,*,*
p.Ala1227Cys,*,*,*
p.Ala1227Gln,*,*,*
p.Ala1227Glu,*,*,*
p.Ala1227Gly,*,*,*
p.Ala1227His,*,*,*
p.Ala1227Ile,*,*,*
p.Ala1227Leu,*,*,*
p.Ala1227Lys,*,*,*
p.Ala1227Met,*,*,*
p.Ala1227Phe,*,*,*
p.Ala1227Pro,*,*,*
p.Ala1227Ser,*,*,*
p.Ala1227Ter,*,*,*
p.Ala1227Thr,*,*,*
p.Ala1227Trp,*,*,*
p.Ala1227Tyr,*,*,*
p.Ala1227Val,*,*,*
p.Ala1229=,*,*,*
p.Ala1229Arg,*,*,*
p.Ala1229Asn,*,*,*
p.Ala1229Asp,*,*,*
p.Ala1229Cys,*,*,*
p.Ala1229Gln,*,*,*
p.Ala1229Glu,*,*,*
p.Ala1229Gly,*,*,*
p.Ala1229His,*,*,*
p.Ala1229Ile,*,*,*
p.Ala1229Leu,*,*,*
p.Ala1229Lys,*,*,*
p.Ala1229Met,*,*,*
p.Ala1229Phe,*,*,*
p.Ala1229Pro,*,*,*
p.Ala1229Ser,*,*,*
p.Ala1229Ter,*,*,*
p.Ala1229Thr,*,*,*
p.Ala1229Trp,*,*,*
p.Ala1229Tyr,*,*,*
p.Ala1229Val,*,*,*
p.Ala1231=,*,*,*
p.Ala1231Arg,*,*,*
p.Ala1231Asn,*,*,*
p.Ala1231Asp,*,*,*
p.Ala1231Cys,*,*,*
p.Ala1231Gln,*,*,*
p.Ala1231Glu,*,*,*
p.Ala1231Gly,*,*,*
p.Ala1231His,*,*,*
p.Ala1231Ile,*,*,*
p.Ala1231Leu,*,*,*
p.Ala1231Lys,*,*,*
p.Ala1231Met,*,*,*
p.Ala1231Phe,*,*,*
p.Ala1231Pro,*,*,*
p.Ala1231Ser,*,*,*
p.Ala1231Ter,*,*,*
p.Ala1231Thr,*,*,*
p.Ala1231Trp,*,*,*
p.Ala1231Tyr,*,*,*
p.Ala1231Val,*,*,*
p.Ala1241=,*,*,*
p.Ala1241Arg,*,*,*
p.Ala1241Asn,*,*,*
p.Ala1241Asp,*,*,*
p.Ala1241Cys,*,*,*
p.Ala1241Gln,*,*,*
p.Ala1241Glu,*,*,*
p.Ala1241Gly,*,*,*
p.Ala1241His,*,*,*
p.Ala1241Ile,*,*,*
p.Ala1241Leu,*,*,*
p.Ala1241Lys,*,*,*
p.Ala1241Met,*,*,*
p.Ala1241Phe,*,*,*
p.Ala1241Pro,*,*,*
p.Ala1241Ser,*,*,*
p.Ala1241Ter,*,*,*
p.Ala1241Thr,*,*,*
p.Ala1241Trp,*,*,*
p.Ala1241Tyr,*,*,*
p.Ala1241Val,*,*,*
p.Ala1250=,*,*,*
p.Ala1250Arg,*,*,*
p.Ala1250Asn,*,*,*
p.Ala1250Asp,*,*,*
p.Ala1250Cys,*,*,*
p.Ala1250Gln,*,*,*
p.Ala1250Glu,*,*,*
p.Ala1250Gly,*,*,*
p.Ala1250His,*,*,*
p.Ala1250Ile,*,*,*
p.Ala1250Leu,*,*,*
p.Ala1250Lys,*,*,*
p.Ala1250Met,*,*,*
p.Ala1250Phe,*,*,*
p.Ala1250Pro,*,*,*
p.Ala1250Ser,*,*,*
p.Ala1250Ter,*,*,*
p.Ala1250Thr,*,*,*
p.Ala1250Trp,*,*,*
p.Ala1250Tyr,*,*,*
p.Ala1250Val,*,*,*
p.Ala1263=,*,*,*
p.Ala1263Arg,*,*,*
p.Ala1263Asn,*,*,*
p.Ala1263Asp,*,*,*
p.Ala1263Cys,*,*,*
p.Ala1263Gln,*,*,*
p.Ala1263Glu,*,*,*
p.Ala1263Gly,*,*,*
p.Ala1263His,*,*,*
p.Ala1263Ile,*,*,*
p.Ala1263Leu,*,*,*
p.Ala1263Lys,*,*,*
p.Ala1263Met,*,*,*
p.Ala1263Phe,*,*,*
p.Ala1263Pro,*,*,*
p.Ala1263Ser,*,*,*
p.Ala1263Ter,*,*,*
p.Ala1263Thr,*,*,*
p.Ala1263Trp,*,*,*
p.Ala1263Tyr,*,*,*
p.Ala1263Val,*,*,*
p.Ala1274=,*,*,*
p.Ala1274Arg,*,*,*
p.Ala1274Asn,*,*,*
p.Ala1274Asp,*,*,*
p.Ala1274Cys,*,*,*
p.Ala1274Gln,*,*,*
p.Ala1274Glu,*,*,*
p.Ala1274Gly,*,*,*
p.Ala1274His,*,*,*
p.Ala1274Ile,*,*,*
p.Ala1274Leu,*,*,*
p.Ala1274Lys,*,*,*
p.Ala1274Met,*,*,*
p.Ala1274Phe,*,*,*
p.Ala1274Pro,*,*,*
p.Ala1274Ser,*,*,*
p.Ala1274Ter,*,*,*
p.Ala1274Thr,*,*,*
p.Ala1274Trp,*,*,*
p.Ala1274Tyr,*,*,*
p.Ala1274Val,*,*,*
p.Ala1276=,*,*,*
p.Ala1276Arg,*,*,*
p.Ala1276Asn,*,*,*
p.Ala1276Asp,*,*,*
p.Ala1276Cys,*,*,*
p.Ala1276Gln,*,*,*
p.Ala1276Glu,*,*,*
p.Ala1276Gly,*,*,*
p.Ala1276His,*,*,*
p.Ala1276Ile,*,*,*
p.Ala1276Leu,*,*,*
p.Ala1276Lys,*,*,*
p.Ala1276Met,*,*,*
p.Ala1276Phe,*,*,*
p.Ala1276Pro,*,*,*
p.Ala1276Ser,*,*,*
p.Ala1276Ter,*,*,*
p.Ala1276Thr,*,*,*
p.Ala1276Trp,*,*,*
p.Ala1276Tyr,*,*,*
p.Ala1276Val,*,*,*
p.Ala1278=,*,*,*
p.Ala1278Arg,*,*,*
p.Ala1278Asn,*,*,*
p.Ala1278Asp,*,*,*
p.Ala1278Cys,*,*,*
p.Ala1278Gln,*,*,*
p.Ala1278Glu,*,*,*
p.Ala1278Gly,*,*,*
p.Ala1278His,*,*,*
p.Ala1278Ile,*,*,*
p.Ala1278Leu,*,*,*
p.Ala1278Lys,*,*,*
p.Ala1278Met,*,*,*
p.Ala1278Phe,*,*,*
p.Ala1278Pro,*,*,*
p.Ala1278Ser,*,*,*
p.Ala1278Ter,*,*,*
p.Ala1278Thr,*,*,*
p.Ala1278Trp,*,*,*
p.Ala1278Tyr,*,*,*
p.Ala1278Val,*,*,*
p.Ala1283=,*,*,*
p.Ala1283Arg,*,*,*
p.Ala1283Asn,*,*,*
p.Ala1283Asp,*,*,*
p.Ala1283Cys,*,*,*
p.Ala1283Gln,*,*,*
p.Ala1283Glu,*,*,*
p.Ala1283Gly,*,*,*
p.Ala1283His,*,*,*
p.Ala1283Ile,*,*,*
p.Ala1283Leu,*,*,*
p.Ala1283Lys,*,*,*
p.Ala1283Met,*,*,*
p.Ala1283Phe,*,*,*
p.Ala1283Pro,*,*,*
p.Ala1283Ser,*,*,*
p.Ala1283Ter,*,*,*
p.Ala1283Thr,*,*,*
p.Ala1283Trp,*,*,*
p.Ala1283Tyr,*,*,*
p.Ala1283Val,*,*,*
p.Ala1291=,*,*,*
p.Ala1291Arg,*,*,*
p.Ala1291Asn,*,*,*
p.Ala1291Asp,*,*,*
p.Ala1291Cys,*,*,*
p.Ala1291Gln,*,*,*
p.Ala1291Glu,*,*,*
p.Ala1291Gly,*,*,*
p.Ala1291His,*,*,*
p.Ala1291Ile,*,*,*
p.Ala1291Leu,*,*,*
p.Ala1291Lys,*,*,*
p.Ala1291Met,*,*,*
p.Ala1291Phe,*,*,*
p.Ala1291Pro,*,*,*
p.Ala1291Ser,*,*,*
p.Ala1291Ter,*,*,*
p.Ala1291Thr,*,*,*
p.Ala1291Trp,*,*,*
p.Ala1291Tyr,*,*,*
p.Ala1291Val,*,*,*
p.Ala1294=,*,*,*
p.Ala1294Arg,*,*,*
p.Ala1294Asn,*,*,*
p.Ala1294Asp,*,*,*
p.Ala1294Cys,*,*,*
p.Ala1294Gln,*,*,*
p.Ala1294Glu,*,*,*
p.Ala1294Gly,*,*,*
p.Ala1294His,*,*,*
p.Ala1294Ile,*,*,*
p.Ala1294Leu,*,*,*
p.Ala1294Lys,*,*,*
p.Ala1294Met,*,*,*
p.Ala1294Phe,*,*,*
p.Ala1294Pro,*,*,*
p.Ala1294Ser,*,*,*
p.Ala1294Ter,*,*,*
p.Ala1294Thr,*,*,*
p.Ala1294Trp,*,*,*
p.Ala1294Tyr,*,*,*
p.Ala1294Val,*,*,*
p.Ala1295=,*,*,*
p.Ala1295Arg,*,*,*
p.Ala1295Asn,*,*,*
p.Ala1295Asp,*,*,*
p.Ala1295Cys,*,*,*
p.Ala1295Gln,*,*,*
p.Ala1295Glu,*,*,*
p.Ala1295Gly,*,*,*
p.Ala1295His,*,*,*
p.Ala1295Ile,*,*,*
p.Ala1295Leu,*,*,*
p.Ala1295Lys,*,*,*
p.Ala1295Met,*,*,*
p.Ala1295Phe,*,*,*
p.Ala1295Pro,*,*,*
p.Ala1295Ser,*,*,*
p.Ala1295Ter,*,*,*
p.Ala1295Thr,*,*,*
p.Ala1295Trp,*,*,*
p.Ala1295Tyr,*,*,*
p.Ala1295Val,*,*,*
p.Ala1309=,*,*,*
p.Ala1309Arg,*,*,*
p.Ala1309Asn,*,*,*
p.Ala1309Asp,*,*,*
p.Ala1309Cys,*,*,*
p.Ala1309Gln,*,*,*
p.Ala1309Glu,*,*,*
p.Ala1309Gly,*,*,*
p.Ala1309His,*,*,*
p.Ala1309Ile,*,*,*
p.Ala1309Leu,*,*,*
p.Ala1309Lys,*,*,*
p.Ala1309Met,*,*,*
p.Ala1309Phe,*,*,*
p.Ala1309Pro,*,*,*
p.Ala1309Ser,*,*,*
p.Ala1309Ter,*,*,*
p.Ala1309Thr,*,*,*
p.Ala1309Trp,*,*,*
p.Ala1309Tyr,*,*,*
p.Ala1309Val,*,*,*
p.Ala1328=,*,*,*
p.Ala1328Arg,*,*,*
p.Ala1328Asn,*,*,*
p.Ala1328Asp,*,*,*
p.Ala1328Cys,*,*,*
p.Ala1328Gln,*,*,*
p.Ala1328Glu,*,*,*
p.Ala1328Gly,*,*,*
p.Ala1328His,*,*,*
p.Ala1328Ile,*,*,*
p.Ala1328Leu,*,*,*
p.Ala1328Lys,*,*,*
p.Ala1328Met,*,*,*
p.Ala1328Phe,*,*,*
p.Ala1328Pro,*,*,*
p.Ala1328Ser,*,*,*
p.Ala1328Ter,*,*,*
p.Ala1328Thr,*,*,*
p.Ala1328Trp,*,*,*
p.Ala1328Tyr,*,*,*
p.Ala1328Val,*,*,*
p.Ala1339=,*,*,*
p.Ala1339Arg,*,*,*
p.Ala1339Asn,*,*,*
p.Ala1339Asp,*,*,*
p.Ala1339Cys,*,*,*
p.Ala1339Gln,*,*,*
p.Ala1339Glu,*,*,*
p.Ala1339Gly,*,*,*
p.Ala1339His,*,*,*
p.Ala1339Ile,*,*,*
p.Ala1339Leu,*,*,*
p.Ala1339Lys,*,*,*
p.Ala1339Met,*,*,*
p.Ala1339Phe,*,*,*
p.Ala1339Pro,*,*,*
p.Ala1339Ser,*,*,*
p.Ala1339Ter,*,*,*
p.Ala1339Thr,*,*,*
p.Ala1339Trp,*,*,*
p.Ala1339Tyr,*,*,*
p.Ala1339Val,*,*,*
p.Ala1340=,*,*,*
p.Ala1340Arg,*,*,*
p.Ala1340Asn,*,*,*
p.Ala1340Asp,*,*,*
p.Ala1340Cys,*,*,*
p.Ala1340Gln,*,*,*
p.Ala1340Glu,*,*,*
p.Ala1340Gly,*,*,*
p.Ala1340His,*,*,*
p.Ala1340Ile,*,*,*
p.Ala1340Leu,*,*,*
p.Ala1340Lys,*,*,*
p.Ala1340Met,*,*,*
p.Ala1340Phe,*,*,*
p.Ala1340Pro,*,*,*
p.Ala1340Ser,*,*,*
p.Ala1340Ter,*,*,*
p.Ala1340Thr,*,*,*
p.Ala1340Trp,*,*,*
p.Ala1340Tyr,*,*,*
p.Ala1340Val,*,*,*
p.Ala1357=,*,*,*
p.Ala1357Arg,*,*,*
p.Ala1357Asn,*,*,*
p.Ala1357Asp,*,*,*
p.Ala1357Cys,*,*,*
p.Ala1357Gln,*,*,*
p.Ala1357Glu,*,*,*
p.Ala1357Gly,*,*,*
p.Ala1357His,*,*,*
p.Ala1357Ile,*,*,*
p.Ala1357Leu,*,*,*
p.Ala1357Lys,*,*,*
p.Ala1357Met,*,*,*
p.Ala1357Phe,*,*,*
p.Ala1357Pro,*,*,*
p.Ala1357Ser,*,*,*
p.Ala1357Ter,*,*,*
p.Ala1357Thr,*,*,*
p.Ala1357Trp,*,*,*
p.Ala1357Tyr,*,*,*
p.Ala1357Val,*,*,*
p.Ala1358=,*,*,*
p.Ala1358Arg,*,*,*
p.Ala1358Asn,*,*,*
p.Ala1358Asp,*,*,*
p.Ala1358Cys,*,*,*
p.Ala1358Gln,*,*,*
p.Ala1358Glu,*,*,*
p.Ala1358Gly,*,*,*
p.Ala1358His,*,*,*
p.Ala1358Ile,*,*,*
p.Ala1358Leu,*,*,*
p.Ala1358Lys,*,*,*
p.Ala1358Met,*,*,*
p.Ala1358Phe,*,*,*
p.Ala1358Pro,*,*,*
p.Ala1358Ser,*,*,*
p.Ala1358Ter,*,*,*
p.Ala1358Thr,*,*,*
p.Ala1358Trp,*,*,*
p.Ala1358Tyr,*,*,*
p.Ala1358Val,*,*,*
p.Ala1360=,*,*,*
p.Ala1360Arg,*,*,*
p.Ala1360Asn,*,*,*
p.Ala1360Asp,*,*,*
p.Ala1360Cys,*,*,*
p.Ala1360Gln,*,*,*
p.Ala1360Glu,*,*,*
p.Ala1360Gly,*,*,*
p.Ala1360His,*,*,*
p.Ala1360Ile,*,*,*
p.Ala1360Leu,*,*,*
p.Ala1360Lys,*,*,*
p.Ala1360Met,*,*,*
p.Ala1360Phe,*,*,*
p.Ala1360Pro,*,*,*
p.Ala1360Ser,*,*,*
p.Ala1360Ter,*,*,*
p.Ala1360Thr,*,*,*
p.Ala1360Trp,*,*,*
p.Ala1360Tyr,*,*,*
p.Ala1360Val,*,*,*
p.Ala1361=,*,*,*
p.Ala1361Arg,*,*,*
p.Ala1361Asn,*,*,*
p.Ala1361Asp,*,*,*
p.Ala1361Cys,*,*,*
p.Ala1361Gln,*,*,*
p.Ala1361Glu,*,*,*
p.Ala1361Gly,*,*,*
p.Ala1361His,*,*,*
p.Ala1361Ile,*,*,*
p.Ala1361Leu,*,*,*
p.Ala1361Lys,*,*,*
p.Ala1361Phe,*,*,*
p.Ala1361Pro,*,*,*
p.Ala1361Ser,*,*,*
p.Ala1361Ter,*,*,*
p.Ala1361Thr,*,*,*
p.Ala1361Trp,*,*,*
p.Ala1361Tyr,*,*,*
p.Ala1361Val,*,*,*
p.Ala1386=,*,*,*
p.Ala1386Arg,*,*,*
p.Ala1386Asn,*,*,*
p.Ala1386Asp,*,*,*
p.Ala1386Cys,*,*,*
p.Ala1386Gln,*,*,*
p.Ala1386Glu,*,*,*
p.Ala1386Gly,*,*,*
p.Ala1386His,*,*,*
p.Ala1386Ile,*,*,*
p.Ala1386Leu,*,*,*
p.Ala1386Lys,*,*,*
p.Ala1386Met,*,*,*
p.Ala1386Phe,*,*,*
p.Ala1386Pro,*,*,*
p.Ala1386Ser,*,*,*
p.Ala1386Ter,*,*,*
p.Ala1386Thr,*,*,*
p.Ala1386Trp,*,*,*
p.Ala1386Tyr,*,*,*
p.Ala1386Val,*,*,*
p.Ala1388=,*,*,*
p.Ala1388Arg,*,*,*
p.Ala1388Asn,*,*,*
p.Ala1388Asp,*,*,*
p.Ala1388Cys,*,*,*
p.Ala1388Gln,*,*,*
p.Ala1388Glu,*,*,*
p.Ala1388Gly,*,*,*
p.Ala1388His,*,*,*
p.Ala1388Ile,*,*,*
p.Ala1388Leu,*,*,*
p.Ala1388Lys,*,*,*
p.Ala1388Met,*,*,*
p.Ala1388Phe,*,*,*
p.Ala1388Pro,*,*,*
p.Ala1388Ser,*,*,*
p.Ala1388Ter,*,*,*
p.Ala1388Thr,*,*,*
p.Ala1388Trp,*,*,*
p.Ala1388Tyr,*,*,*
p.Ala1388Val,*,*,*
p.Ala1397=,*,*,*
p.Ala1397Arg,*,*,*
p.Ala1397Asn,*,*,*
p.Ala1397Asp,*,*,*
p.Ala1397Cys,*,*,*
p.Ala1397Gln,*,*,*
p.Ala1397Glu,*,*,*
p.Ala1397Gly,*,*,*
p.Ala1397His,*,*,*
p.Ala1397Ile,*,*,*
p.Ala1397Leu,*,*,*
p.Ala1397Lys,*,*,*
p.Ala1397Met,*,*,*
p.Ala1397Phe,*,*,*
p.Ala1397Pro,*,*,*
p.Ala1397Ser,*,*,*
p.Ala1397Ter,*,*,*
p.Ala1397Thr,*,*,*
p.Ala1397Trp,*,*,*
p.Ala1397Tyr,*,*,*
p.Ala1397Val,*,*,*
p.Ala1416=,*,*,*
p.Ala1416Arg,*,*,*
p.Ala1416Asn,*,*,*
p.Ala1416Asp,*,*,*
p.Ala1416Cys,*,*,*
p.Ala1416Gln,*,*,*
p.Ala1416Glu,*,*,*
p.Ala1416Gly,*,*,*
p.Ala1416His,*,*,*
p.Ala1416Ile,*,*,*
p.Ala1416Leu,*,*,*
p.Ala1416Lys,*,*,*
p.Ala1416Met,*,*,*
p.Ala1416Phe,*,*,*
p.Ala1416Pro,*,*,*
p.Ala1416Ser,*,*,*
p.Ala1416Ter,*,*,*
p.Ala1416Thr,*,*,*
p.Ala1416Trp,*,*,*
p.Ala1416Tyr,*,*,*
p.Ala1416Val,*,*,*
p.Ala1443=,*,*,*
p.Ala1443Arg,*,*,*
p.Ala1443Asn,*,*,*
p.Ala1443Asp,*,*,*
p.Ala1443Cys,*,*,*
p.Ala1443Gln,*,*,*
p.Ala1443Glu,*,*,*
p.Ala1443Gly,*,*,*
p.Ala1443His,*,*,*
p.Ala1443Ile,*,*,*
p.Ala1443Leu,*,*,*
p.Ala1443Lys,*,*,*
p.Ala1443Met,*,*,*
p.Ala1443Phe,*,*,*
p.Ala1443Pro,*,*,*
p.Ala1443Ser,*,*,*
p.Ala1443Ter,*,*,*
p.Ala1443Thr,*,*,*
p.Ala1443Trp,*,*,*
p.Ala1443Tyr,*,*,*
p.Ala1443Val,*,*,*
p.Ala1444=,*,*,*
p.Ala1444Arg,*,*,*
p.Ala1444Asn,*,*,*
p.Ala1444Asp,*,*,*
p.Ala1444Cys,*,*,*
p.Ala1444Gln,*,*,*
p.Ala1444Glu,*,*,*
p.Ala1444Gly,*,*,*
p.Ala1444His,*,*,*
p.Ala1444Ile,*,*,*
p.Ala1444Leu,*,*,*
p.Ala1444Lys,*,*,*
p.Ala1444Met,*,*,*
p.Ala1444Phe,*,*,*
p.Ala1444Pro,*,*,*
p.Ala1444Ser,*,*,*
p.Ala1444Ter,*,*,*
p.Ala1444Thr,*,*,*
p.Ala1444Trp,*,*,*
p.Ala1444Tyr,*,*,*
p.Ala1444Val,*,*,*
p.Ala1445=,*,*,*
p.Ala1445Arg,*,*,*
p.Ala1445Asn,*,*,*
p.Ala1445Asp,*,*,*
p.Ala1445Cys,*,*,*
p.Ala1445Gln,*,*,*
p.Ala1445Glu,*,*,*
p.Ala1445Gly,*,*,*
p.Ala1445His,*,*,*
p.Ala1445Ile,*,*,*
p.Ala1445Leu,*,*,*
p.Ala1445Lys,*,*,*
p.Ala1445Met,*,*,*
p.Ala1445Phe,*,*,*
p.Ala1445Pro,*,*,*
p.Ala1445Ser,*,*,*
p.Ala1445Ter,*,*,*
p.Ala1445Thr,*,*,*
p.Ala1445Trp,*,*,*
p.Ala1445Tyr,*,*,*
p.Ala1445Val,*,*,*
p.Ala718=,*,*,*
p.Ala718Arg,*,*,*
p.Ala718Asn,*,*,*
p.Ala718Asp,*,*,*
p.Ala718Cys,*,*,*
p.Ala718Gln,*,*,*
p.Ala718Glu,*,*,*
p.Ala718Gly,*,*,*
p.Ala718His,*,*,*
p.Ala718Ile,*,*,*
p.Ala718Leu,*,*,*
p.Ala718Lys,*,*,*
p.Ala718Met,*,*,*
p.Ala718Phe,*,*,*
p.Ala718Pro,*,*,*
p.Ala718Ser,*,*,*
p.Ala718Ter,*,*,*
p.Ala718Thr,*,*,*
p.Ala718Trp,*,*,*
p.Ala718Tyr,*,*,*
p.Ala718Val,*,*,*
p.Ala727=,*,*,*
p.Ala727Arg,*,*,*
p.Ala727Asn,*,*,*
p.Ala727Asp,*,*,*
p.Ala727Cys,*,*,*
p.Ala727Gln,*,*,*
p.Ala727Glu,*,*,*
p.Ala727Gly,*,*,*
p.Ala727His,*,*,*
p.Ala727Ile,*,*,*
p.Ala727Leu,*,*,*
p.Ala727Lys,*,*,*
p.Ala727Met,*,*,*
p.Ala727Phe,*,*,*
p.Ala727Pro,*,*,*
p.Ala727Ser,*,*,*
p.Ala727Ter,*,*,*
p.Ala727Thr,*,*,*
p.Ala727Trp,*,*,*
p.Ala727Tyr,*,*,*
p.Ala727Val,*,*,*
p.Ala736=,*,*,*
p.Ala736Arg,*,*,*
p.Ala736Asn,*,*,*
p.Ala736Asp,*,*,*
p.Ala736Cys,*,*,*
p.Ala736Gln,*,*,*
p.Ala736Glu,*,*,*
p.Ala736Gly,*,*,*
p.Ala736His,*,*,*
p.Ala736Ile,*,*,*
p.Ala736Leu,*,*,*
p.Ala736Lys,*,*,*
p.Ala736Met,*,*,*
p.Ala736Phe,*,*,*
p.Ala736Pro,*,*,*
p.Ala736Ser,*,*,*
p.Ala736Ter,*,*,*
p.Ala736Thr,*,*,*
p.Ala736Trp,*,*,*
p.Ala736Tyr,*,*,*
p.Ala736Val,*,*,*
p.Ala740=,*,*,*
p.Ala740Arg,*,*,*
p.Ala740Asp,*,*,*
p.Ala740Cys,*,*,*
p.Ala740Gln,*,*,*
p.Ala740Glu,*,*,*
p.Ala740Gly,*,*,*
p.Ala740His,*,*,*
p.Ala740Ile,*,*,*
p.Ala740Leu,*,*,*
p.Ala740Met,*,*,*
p.Ala740Phe,*,*,*
p.Ala740Pro,*,*,*
p.Ala740Ser,*,*,*
p.Ala740Ter,*,*,*
p.Ala740Thr,*,*,*
p.Ala740Trp,*,*,*
p.Ala740Tyr,*,*,*
p.Ala740Val,*,*,*
p.Ala751=,*,*,*
p.Ala751Arg,*,*,*
p.Ala751Asn,*,*,*
p.Ala751Asp,*,*,*
p.Ala751Cys,*,*,*
p.Ala751Gln,*,*,*
p.Ala751Glu,*,*,*
p.Ala751Gly,*,*,*
p.Ala751His,*,*,*
p.Ala751Ile,*,*,*
p.Ala751Leu,*,*,*
p.Ala751Lys,*,*,*
p.Ala751Met,*,*,*
p.Ala751Phe,*,*,*
p.Ala751Pro,*,*,*
p.Ala751Ser,*,*,*
p.Ala751Ter,*,*,*
p.Ala751Thr,*,*,*
p.Ala751Trp,*,*,*
p.Ala751Tyr,*,*,*
p.Ala751Val,*,*,*
p.Ala753=,*,*,*
p.Ala753Arg,*,*,*
p.Ala753Asn,*,*,*
p.Ala753Asp,*,*,*
p.Ala753Cys,*,*,*
p.Ala753Gln,*,*,*
p.Ala753Glu,*,*,*
p.Ala753Gly,*,*,*
p.Ala753His,*,*,*
p.Ala753Ile,*,*,*
p.Ala753Leu,*,*,*
p.Ala753Phe,*,*,*
p.Ala753Pro,*,*,*
p.Ala753Ser,*,*,*
p.Ala753Ter,*,*,*
p.Ala753Thr,*,*,*
p.Ala753Trp,*,*,*
p.Ala753Tyr,*,*,*
p.Ala753Val,*,*,*
p.Ala756=,*,*,*
p.Ala756Arg,*,*,*
p.Ala756Asn,*,*,*
p.Ala756Asp,*,*,*
p.Ala756Cys,*,*,*
p.Ala756Gln,*,*,*
p.Ala756Glu,*,*,*
p.Ala756Gly,*,*,*
p.Ala756His,*,*,*
p.Ala756Ile,*,*,*
p.Ala756Leu,*,*,*
p.Ala756Lys,*,*,*
p.Ala756Met,*,*,*
p.Ala756Phe,*,*,*
p.Ala756Pro,*,*,*
p.Ala756Ser,*,*,*
p.Ala756Ter,*,*,*
p.Ala756Thr,*,*,*
p.Ala756Trp,*,*,*
p.Ala756Tyr,*,*,*
p.Ala756Val,*,*,*
p.Ala775=,*,*,*
p.Ala775Arg,*,*,*
p.Ala775Asn,*,*,*
p.Ala775Asp,*,*,*
p.Ala775Cys,*,*,*
p.Ala775Gln,*,*,*
p.Ala775Glu,*,*,*
p.Ala775Gly,*,*,*
p.Ala775His,*,*,*
p.Ala775Ile,*,*,*
p.Ala775Leu,*,*,*
p.Ala775Lys,*,*,*
p.Ala775Met,*,*,*
p.Ala775Phe,*,*,*
p.Ala775Pro,*,*,*
p.Ala775Ser,*,*,*
p.Ala775Ter,*,*,*
p.Ala775Thr,*,*,*
p.Ala775Trp,*,*,*
p.Ala775Tyr,*,*,*
p.Ala775Val,*,*,*
p.Ala784=,*,*,*
p.Ala784Arg,*,*,*
p.Ala784Asn,*,*,*
p.Ala784Asp,*,*,*
p.Ala784Cys,*,*,*
p.Ala784Gln,*,*,*
p.Ala784Glu,*,*,*
p.Ala784Gly,*,*,*
p.Ala784His,*,*,*
p.Ala784Ile,*,*,*
p.Ala784Leu,*,*,*
p.Ala784Lys,*,*,*
p.Ala784Met,*,*,*
p.Ala784Phe,*,*,*
p.Ala784Pro,*,*,*
p.Ala784Ser,*,*,*
p.Ala784Ter,*,*,*
p.Ala784Thr,*,*,*
p.Ala784Trp,*,*,*
p.Ala784Tyr,*,*,*
p.Ala784Val,*,*,*
p.Ala791=,*,*,*
p.Ala791Arg,*,*,*
p.Ala791Asn,*,*,*
p.Ala791Asp,*,*,*
p.Ala791Cys,*,*,*
p.Ala791Gln,*,*,*
p.Ala791Glu,*,*,*
p.Ala791Gly,*,*,*
p.Ala791His,*,*,*
p.Ala791Ile,*,*,*
p.Ala791Leu,*,*,*
p.Ala791Lys,*,*,*
p.Ala791Met,*,*,*
p.Ala791Phe,*,*,*
p.Ala791Pro,*,*,*
p.Ala791Ser,*,*,*
p.Ala791Ter,*,*,*
p.Ala791Thr,*,*,*
p.Ala791Trp,*,*,*
p.Ala791Tyr,*,*,*
p.Ala791Val,*,*,*
p.Ala793=,*,*,*
p.Ala793Arg,*,*,*
p.Ala793Asn,*,*,*
p.Ala793Asp,*,*,*
p.Ala793Cys,*,*,*
p.Ala793Gln,*,*,*
p.Ala793Glu,*,*,*
p.Ala793Gly,*,*,*
p.Ala793His,*,*,*
p.Ala793Ile,*,*,*
p.Ala793Leu,*,*,*
p.Ala793Lys,*,*,*
p.Ala793Met,*,*,*
p.Ala793Phe,*,*,*
p.Ala793Pro,*,*,*
p.Ala793Ser,*,*,*
p.Ala793Ter,*,*,*
p.Ala793Thr,*,*,*
p.Ala793Trp,*,*,*
p.Ala793Tyr,*,*,*
p.Ala793Val,*,*,*
p.Ala800=,*,*,*
p.Ala800Arg,*,*,*
p.Ala800Asn,*,*,*
p.Ala800Asp,*,*,*
p.Ala800Cys,*,*,*
p.Ala800Gln,*,*,*
p.Ala800Glu,*,*,*
p.Ala800Gly,*,*,*
p.Ala800His,*,*,*
p.Ala800Ile,*,*,*
p.Ala800Leu,*,*,*
p.Ala800Lys,*,*,*
p.Ala800Met,*,*,*
p.Ala800Phe,*,*,*
p.Ala800Pro,*,*,*
p.Ala800Ser,*,*,*
p.Ala800Ter,*,*,*
p.Ala800Thr,*,*,*
p.Ala800Trp,*,*,*
p.Ala800Tyr,*,*,*
p.Ala800Val,*,*,*
p.Ala803=,*,*,*
p.Ala803Arg,*,*,*
p.Ala803Asn,*,*,*
p.Ala803Asp,*,*,*
p.Ala803Cys,*,*,*
p.Ala803Gln,*,*,*
p.Ala803Glu,*,*,*
p.Ala803Gly,*,*,*
p.Ala803His,*,*,*
p.Ala803Ile,*,*,*
p.Ala803Leu,*,*,*
p.Ala803Lys,*,*,*
p.Ala803Met,*,*,*
p.Ala803Phe,*,*,*
p.Ala803Pro,*,*,*
p.Ala803Ser,*,*,*
p.Ala803Ter,*,*,*
p.Ala803Thr,*,*,*
p.Ala803Trp,*,*,*
p.Ala803Tyr,*,*,*
p.Ala803Val,*,*,*
p.Ala852=,*,*,*
p.Ala852Arg,*,*,*
p.Ala852Asn,*,*,*
p.Ala852Asp,*,*,*
p.Ala852Cys,*,*,*
p.Ala852Gln,*,*,*
p.Ala852Glu,*,*,*
p.Ala852Gly,*,*,*
p.Ala852His,*,*,*
p.Ala852Ile,*,*,*
p.Ala852Leu,*,*,*
p.Ala852Lys,*,*,*
p.Ala852Met,*,*,*
p.Ala852Phe,*,*,*
p.Ala852Pro,*,*,*
p.Ala852Ser,*,*,*
p.Ala852Ter,*,*,*
p.Ala852Thr,*,*,*
p.Ala852Trp,*,*,*
p.Ala852Tyr,*,*,*
p.Ala852Val,*,*,*
p.Ala861=,*,*,*
p.Ala861Arg,*,*,*
p.Ala861Asn,*,*,*
p.Ala861Asp,*,*,*
p.Ala861Cys,*,*,*
p.Ala861Gln,*,*,*
p.Ala861Glu,*,*,*
p.Ala861Gly,*,*,*
p.Ala861His,*,*,*
p.Ala861Ile,*,*,*
p.Ala861Leu,*,*,*
p.Ala861Lys,*,*,*
p.Ala861Met,*,*,*
p.Ala861Phe,*,*,*
p.Ala861Pro,*,*,*
p.Ala861Ser,*,*,*
p.Ala861Ter,*,*,*
p.Ala861Thr,*,*,*
p.Ala861Trp,*,*,*
p.Ala861Tyr,*,*,*
p.Ala861Val,*,*,*
p.Ala874=,*,*,*
p.Ala874Arg,*,*,*
p.Ala874Asn,*,*,*
p.Ala874Asp,*,*,*
p.Ala874Cys,*,*,*
p.Ala874Gln,*,*,*
p.Ala874Glu,*,*,*
p.Ala874Gly,*,*,*
p.Ala874His,*,*,*
p.Ala874Ile,*,*,*
p.Ala874Leu,*,*,*
p.Ala874Lys,*,*,*
p.Ala874Met,*,*,*
p.Ala874Phe,*,*,*
p.Ala874Pro,*,*,*
p.Ala874Ser,*,*,*
p.Ala874Ter,*,*,*
p.Ala874Thr,*,*,*
p.Ala874Trp,*,*,*
p.Ala874Tyr,*,*,*
p.Ala874Val,*,*,*
p.Ala879=,*,*,*
p.Ala879Arg,*,*,*
p.Ala879Asn,*,*,*
p.Ala879Asp,*,*,*
p.Ala879Cys,*,*,*
p.Ala879Gln,*,*,*
p.Ala879Glu,*,*,*
p.Ala879Gly,*,*,*
p.Ala879His,*,*,*
p.Ala879Ile,*,*,*
p.Ala879Leu,*,*,*
p.Ala879Lys,*,*,*
p.Ala879Met,*,*,*
p.Ala879Phe,*,*,*
p.Ala879Pro,*,*,*
p.Ala879Ser,*,*,*
p.Ala879Ter,*,*,*
p.Ala879Thr,*,*,*
p.Ala879Trp,*,*,*
p.Ala879Tyr,*,*,*
p.Ala879Val,*,*,*
p.Ala887=,*,*,*
p.Ala887Arg,*,*,*
p.Ala887Asn,*,*,*
p.Ala887Asp,*,*,*
p.Ala887Cys,*,*,*
p.Ala887Gln,*,*,*
p.Ala887Glu,*,*,*
p.Ala887Gly,*,*,*
p.Ala887His,*,*,*
p.Ala887Ile,*,*,*
p.Ala887Leu,*,*,*
p.Ala887Lys,*,*,*
p.Ala887Met,*,*,*
p.Ala887Phe,*,*,*
p.Ala887Pro,*,*,*
p.Ala887Ser,*,*,*
p.Ala887Ter,*,*,*
p.Ala887Thr,*,*,*
p.Ala887Trp,*,*,*
p.Ala887Tyr,*,*,*
p.Ala887Val,*,*,*
p.Ala897=,*,*,*
p.Ala897Arg,*,*,*
p.Ala897Asn,*,*,*
p.Ala897Asp,*,*,*
p.Ala897Cys,*,*,*
p.Ala897Gln,*,*,*
p.Ala897Glu,*,*,*
p.Ala897Gly,*,*,*
p.Ala897His,*,*,*
p.Ala897Ile,*,*,*
p.Ala897Leu,*,*,*
p.Ala897Lys,*,*,*
p.Ala897Met,*,*,*
p.Ala897Phe,*,*,*
p.Ala897Pro,*,*,*
p.Ala897Ser,*,*,*
p.Ala897Ter,*,*,*
p.Ala897Thr,*,*,*
p.Ala897Trp,*,*,*
p.Ala897Tyr,*,*,*
p.Ala897Val,*,*,*
p.Ala906=,*,*,*
p.Ala906Arg,*,*,*
p.Ala906Asn,*,*,*
p.Ala906Asp,*,*,*
p.Ala906Cys,*,*,*
p.Ala906Gln,*,*,*
p.Ala906Glu,*,*,*
p.Ala906Gly,*,*,*
p.Ala906His,*,*,*
p.Ala906Ile,*,*,*
p.Ala906Leu,*,*,*
p.Ala906Lys,*,*,*
p.Ala906Met,*,*,*
p.Ala906Phe,*,*,*
p.Ala906Pro,*,*,*
p.Ala906Ser,*,*,*
p.Ala906Ter,*,*,*
p.Ala906Thr,*,*,*
p.Ala906Trp,*,*,*
p.Ala906Tyr,*,*,*
p.Ala906Val,*,*,*
p.Ala911=,*,*,*
p.Ala911Arg,*,*,*
p.Ala911Asn,*,*,*
p.Ala911Asp,*,*,*
p.Ala911Cys,*,*,*
p.Ala911Gln,*,*,*
p.Ala911Glu,*,*,*
p.Ala911Gly,*,*,*
p.Ala911His,*,*,*
p.Ala911Ile,*,*,*
p.Ala911Leu,*,*,*
p.Ala911Lys,*,*,*
p.Ala911Met,*,*,*
p.Ala911Phe,*,*,*
p.Ala911Pro,*,*,*
p.Ala911Ser,*,*,*
p.Ala911Ter,*,*,*
p.Ala911Thr,*,*,*
p.Ala911Trp,*,*,*
p.Ala911Tyr,*,*,*
p.Ala911Val,*,*,*
p.Ala917=,*,*,*
p.Ala917Arg,*,*,*
p.Ala917Asn,*,*,*
p.Ala917Asp,*,*,*
p.Ala917Cys,*,*,*
p.Ala917Gln,*,*,*
p.Ala917Glu,*,*,*
p.Ala917Gly,*,*,*
p.Ala917His,*,*,*
p.Ala917Ile,*,*,*
p.Ala917Leu,*,*,*
p.Ala917Lys,*,*,*
p.Ala917Met,*,*,*
p.Ala917Phe,*,*,*
p.Ala917Pro,*,*,*
p.Ala917Ser,*,*,*
p.Ala917Ter,*,*,*
p.Ala917Thr,*,*,*
p.Ala917Trp,*,*,*
p.Ala917Tyr,*,*,*
p.Ala917Val,*,*,*
p.Ala971=,*,*,*
p.Ala971Arg,*,*,*
p.Ala971Asn,*,*,*
p.Ala971Asp,*,*,*
p.Ala971Cys,*,*,*
p.Ala971Gln,*,*,*
p.Ala971Glu,*,*,*
p.Ala971Gly,*,*,*
p.Ala971His,*,*,*
p.Ala971Ile,*,*,*
p.Ala971Leu,*,*,*
p.Ala971Lys,*,*,*
p.Ala971Met,*,*,*
p.Ala971Phe,*,*,*
p.Ala971Pro,*,*,*
p.Ala971Ser,*,*,*
p.Ala971Ter,*,*,*
p.Ala971Thr,*,*,*
p.Ala971Trp,*,*,*
p.Ala971Tyr,*,*,*
p.Ala971Val,*,*,*
p.Ala982=,*,*,*
p.Ala982Arg,*,*,*
p.Ala982Asn,*,*,*
p.Ala982Asp,*,*,*
p.Ala982Cys,*,*,*
p.Ala982Gln,*,*,*
p.Ala982Glu,*,*,*
p.Ala982Gly,*,*,*
p.Ala982His,*,*,*
p.Ala982Ile,*,*,*
p.Ala982Leu,*,*,*
p.Ala982Lys,*,*,*
p.Ala982Met,*,*,*
p.Ala982Phe,*,*,*
p.Ala982Pro,*,*,*
p.Ala982Ser,*,*,*
p.Ala982Ter,*,*,*
p.Ala982Thr,*,*,*
p.Ala982Trp,*,*,*
p.Ala982Tyr,*,*,*
p.Ala982Val,*,*,*
p.Ala990=,*,*,*
p.Ala990Arg,*,*,*
p.Ala990Asn,*,*,*
p.Ala990Asp,*,*,*
p.Ala990Cys,*,*,*
p.Ala990Gln,*,*,*
p.Ala990Glu,*,*,*
p.Ala990Gly,*,*,*
p.Ala990His,*,*,*
p.Ala990Ile,*,*,*
p.Ala990Leu,*,*,*
p.Ala990Lys,*,*,*
p.Ala990Met,*,*,*
p.Ala990Phe,*,*,*
p.Ala990Pro,*,*,*
p.Ala990Ser,*,*,*
p.Ala990Ter,*,*,*
p.Ala990Thr,*,*,*
p.Ala990Trp,*,*,*
p.Ala990Tyr,*,*,*
p.Ala990Val,*,*,*
p.Ala994=,*,*,*
p.Ala994Arg,*,*,*
p.Ala994Asn,*,*,*
p.Ala994Asp,*,*,*
p.Ala994Cys,*,*,*
p.Ala994Gln,*,*,*
p.Ala994Glu,*,*,*
p.Ala994Gly,*,*,*
p.Ala994His,*,*,*
p.Ala994Ile,*,*,*
p.Ala994Leu,*,*,*
p.Ala994Lys,*,*,*
p.Ala994Phe,*,*,*
p.Ala994Pro,*,*,*
p.Ala994Ser,*,*,*
p.Ala994Ter,*,*,*
p.Ala994Thr,*,*,*
p.Ala994Trp,*,*,*
p.Ala994Tyr,*,*,*
p.Ala994Val,*,*,*
p.Arg1038=,*,*,*
p.Arg1038Ala,*,*,*
p.Arg1038Asn,*,*,*
p.Arg1038Asp,*,*,*
p.Arg1038Cys,*,*,*
p.Arg1038Gln,*,*,*
p.Arg1038Glu,*,*,*
p.Arg1038Gly,*,*,*
p.Arg1038His,*,*,*
p.Arg1038Ile,*,*,*
p.Arg1038Leu,*,*,*
p.Arg1038Lys,*,*,*
p.Arg1038Met,*,*,*
p.Arg1038Phe,*,*,*
p.Arg1038Pro,*,*,*
p.Arg1038Ser,*,*,*
p.Arg1038Ter,*,*,*
p.Arg1038Thr,*,*,*
p.Arg1038Trp,*,*,*
p.Arg1038Tyr,*,*,*
p.Arg1038Val,*,*,*
p.Arg1041=,*,*,*
p.Arg1041Ala,*,*,*
p.Arg1041Asn,*,*,*
p.Arg1041Asp,*,*,*
p.Arg1041Cys,*,*,*
p.Arg1041Gln,*,*,*
p.Arg1041Glu,*,*,*
p.Arg1041Gly,*,*,*
p.Arg1041His,*,*,*
p.Arg1041Ile,*,*,*
p.Arg1041Leu,*,*,*
p.Arg1041Lys,*,*,*
p.Arg1041Met,*,*,*
p.Arg1041Phe,*,*,*
p.Arg1041Pro,*,*,*
p.Arg1041Ser,*,*,*
p.Arg1041Ter,*,*,*
p.Arg1041Thr,*,*,*
p.Arg1041Trp,*,*,*
p.Arg1041Tyr,*,*,*
p.Arg1041Val,*,*,*
p.Arg1054=,*,*,*
p.Arg1054Ala,*,*,*
p.Arg1054Asn,*,*,*
p.Arg1054Asp,*,*,*
p.Arg1054Cys,*,*,*
p.Arg1054Gln,*,*,*
p.Arg1054Glu,*,*,*
p.Arg1054Gly,*,*,*
p.Arg1054His,*,*,*
p.Arg1054Ile,*,*,*
p.Arg1054Leu,*,*,*
p.Arg1054Lys,*,*,*
p.Arg1054Met,*,*,*
p.Arg1054Phe,*,*,*
p.Arg1054Pro,*,*,*
p.Arg1054Ser,*,*,*
p.Arg1054Ter,*,*,*
p.Arg1054Thr,*,*,*
p.Arg1054Trp,*,*,*
p.Arg1054Tyr,*,*,*
p.Arg1054Val,*,*,*
p.Arg1118=,*,*,*
p.Arg1118Ala,*,*,*
p.Arg1118Asn,*,*,*
p.Arg1118Asp,*,*,*
p.Arg1118Cys,*,*,*
p.Arg1118Gln,*,*,*
p.Arg1118Glu,*,*,*
p.Arg1118Gly,*,*,*
p.Arg1118His,*,*,*
p.Arg1118Ile,*,*,*
p.Arg1118Leu,*,*,*
p.Arg1118Lys,*,*,*
p.Arg1118Met,*,*,*
p.Arg1118Phe,*,*,*
p.Arg1118Pro,*,*,*
p.Arg1118Ser,*,*,*
p.Arg1118Ter,*,*,*
p.Arg1118Thr,*,*,*
p.Arg1118Trp,*,*,*
p.Arg1118Tyr,*,*,*
p.Arg1118Val,*,*,*
p.Arg1151=,*,*,*
p.Arg1151Ala,*,*,*
p.Arg1151Asn,*,*,*
p.Arg1151Asp,*,*,*
p.Arg1151Cys,*,*,*
p.Arg1151Gln,*,*,*
p.Arg1151Glu,*,*,*
p.Arg1151Gly,*,*,*
p.Arg1151His,*,*,*
p.Arg1151Ile,*,*,*
p.Arg1151Leu,*,*,*
p.Arg1151Lys,*,*,*
p.Arg1151Met,*,*,*
p.Arg1151Phe,*,*,*
p.Arg1151Pro,*,*,*
p.Arg1151Ser,*,*,*
p.Arg1151Ter,*,*,*
p.Arg1151Thr,*,*,*
p.Arg1151Trp,*,*,*
p.Arg1151Tyr,*,*,*
p.Arg1151Val,*,*,*
p.Arg1155=,*,*,*
p.Arg1155Ala,*,*,*
p.Arg1155Asn,*,*,*
p.Arg1155Asp,*,*,*
p.Arg1155Cys,*,*,*
p.Arg1155Gln,*,*,*
p.Arg1155Glu,*,*,*
p.Arg1155Gly,*,*,*
p.Arg1155His,*,*,*
p.Arg1155Ile,*,*,*
p.Arg1155Leu,*,*,*
p.Arg1155Lys,*,*,*
p.Arg1155Met,*,*,*
p.Arg1155Phe,*,*,*
p.Arg1155Pro,*,*,*
p.Arg1155Ser,*,*,*
p.Arg1155Ter,*,*,*
p.Arg1155Thr,*,*,*
p.Arg1155Trp,*,*,*
p.Arg1155Tyr,*,*,*
p.Arg1155Val,*,*,*
p.Arg1156=,*,*,*
p.Arg1156Ala,*,*,*
p.Arg1156Asn,*,*,*
p.Arg1156Asp,*,*,*
p.Arg1156Cys,*,*,*
p.Arg1156Gln,*,*,*
p.Arg1156Glu,*,*,*
p.Arg1156Gly,*,*,*
p.Arg1156His,*,*,*
p.Arg1156Ile,*,*,*
p.Arg1156Leu,*,*,*
p.Arg1156Lys,*,*,*
p.Arg1156Met,*,*,*
p.Arg1156Phe,*,*,*
p.Arg1156Pro,*,*,*
p.Arg1156Ser,*,*,*
p.Arg1156Ter,*,*,*
p.Arg1156Thr,*,*,*
p.Arg1156Trp,*,*,*
p.Arg1156Tyr,*,*,*
p.Arg1156Val,*,*,*
p.Arg1224=,*,*,*
p.Arg1224Ala,*,*,*
p.Arg1224Asn,*,*,*
p.Arg1224Asp,*,*,*
p.Arg1224Cys,*,*,*
p.Arg1224Gln,*,*,*
p.Arg1224Glu,*,*,*
p.Arg1224Gly,*,*,*
p.Arg1224His,*,*,*
p.Arg1224Ile,*,*,*
p.Arg1224Leu,*,*,*
p.Arg1224Lys,*,*,*
p.Arg1224Met,*,*,*
p.Arg1224Phe,*,*,*
p.Arg1224Pro,*,*,*
p.Arg1224Ser,*,*,*
p.Arg1224Ter,*,*,*
p.Arg1224Thr,*,*,*
p.Arg1224Trp,*,*,*
p.Arg1224Tyr,*,*,*
p.Arg1224Val,*,*,*
p.Arg1228=,*,*,*
p.Arg1228Ala,*,*,*
p.Arg1228Asn,*,*,*
p.Arg1228Asp,*,*,*
p.Arg1228Cys,*,*,*
p.Arg1228Gln,*,*,*
p.Arg1228Glu,*,*,*
p.Arg1228Gly,*,*,*
p.Arg1228His,*,*,*
p.Arg1228Ile,*,*,*
p.Arg1228Leu,*,*,*
p.Arg1228Lys,*,*,*
p.Arg1228Met,*,*,*
p.Arg1228Phe,*,*,*
p.Arg1228Pro,*,*,*
p.Arg1228Ser,*,*,*
p.Arg1228Ter,*,*,*
p.Arg1228Thr,*,*,*
p.Arg1228Trp,*,*,*
p.Arg1228Tyr,*,*,*
p.Arg1228Val,*,*,*
p.Arg1301=,*,*,*
p.Arg1301Ala,*,*,*
p.Arg1301Asn,*,*,*
p.Arg1301Asp,*,*,*
p.Arg1301Cys,*,*,*
p.Arg1301Gln,*,*,*
p.Arg1301Glu,*,*,*
p.Arg1301Gly,*,*,*
p.Arg1301His,*,*,*
p.Arg1301Ile,*,*,*
p.Arg1301Leu,*,*,*
p.Arg1301Lys,*,*,*
p.Arg1301Met,*,*,*
p.Arg1301Phe,*,*,*
p.Arg1301Pro,*,*,*
p.Arg1301Ser,*,*,*
p.Arg1301Ter,*,*,*
p.Arg1301Thr,*,*,*
p.Arg1301Trp,*,*,*
p.Arg1301Tyr,*,*,*
p.Arg1301Val,*,*,*
p.Arg1316=,*,*,*
p.Arg1316Ala,*,*,*
p.Arg1316Asn,*,*,*
p.Arg1316Asp,*,*,*
p.Arg1316Cys,*,*,*
p.Arg1316Gln,*,*,*
p.Arg1316Glu,*,*,*
p.Arg1316Gly,*,*,*
p.Arg1316His,*,*,*
p.Arg1316Ile,*,*,*
p.Arg1316Leu,*,*,*
p.Arg1316Lys,*,*,*
p.Arg1316Met,*,*,*
p.Arg1316Phe,*,*,*
p.Arg1316Pro,*,*,*
p.Arg1316Ser,*,*,*
p.Arg1316Ter,*,*,*
p.Arg1316Thr,*,*,*
p.Arg1316Trp,*,*,*
p.Arg1316Tyr,*,*,*
p.Arg1316Val,*,*,*
p.Arg1319=,*,*,*
p.Arg1319Ala,*,*,*
p.Arg1319Asn,*,*,*
p.Arg1319Asp,*,*,*
p.Arg1319Cys,*,*,*
p.Arg1319Gln,*,*,*
p.Arg1319Glu,*,*,*
p.Arg1319Gly,*,*,*
p.Arg1319His,*,*,*
p.Arg1319Ile,*,*,*
p.Arg1319Leu,*,*,*
p.Arg1319Lys,*,*,*
p.Arg1319Met,*,*,*
p.Arg1319Phe,*,*,*
p.Arg1319Pro,*,*,*
p.Arg1319Ser,*,*,*
p.Arg1319Ter,*,*,*
p.Arg1319Thr,*,*,*
p.Arg1319Trp,*,*,*
p.Arg1319Tyr,*,*,*
p.Arg1319Val,*,*,*
p.Arg1320=,*,*,*
p.Arg1320Ala,*,*,*
p.Arg1320Asn,*,*,*
p.Arg1320Asp,*,*,*
p.Arg1320Cys,*,*,*
p.Arg1320Gln,*,*,*
p.Arg1320Glu,*,*,*
p.Arg1320Gly,*,*,*
p.Arg1320His,*,*,*
p.Arg1320Ile,*,*,*
p.Arg1320Leu,*,*,*
p.Arg1320Lys,*,*,*
p.Arg1320Met,*,*,*
p.Arg1320Phe,*,*,*
p.Arg1320Pro,*,*,*
p.Arg1320Ser,*,*,*
p.Arg1320Ter,*,*,*
p.Arg1320Thr,*,*,*
p.Arg1320Trp,*,*,*
p.Arg1320Tyr,*,*,*
p.Arg1320Val,*,*,*
p.Arg1322=,*,*,*
p.Arg1322Ala,*,*,*
p.Arg1322Asn,*,*,*
p.Arg1322Asp,*,*,*
p.Arg1322Cys,*,*,*
p.Arg1322Gln,*,*,*
p.Arg1322Glu,*,*,*
p.Arg1322Gly,*,*,*
p.Arg1322His,*,*,*
p.Arg1322Ile,*,*,*
p.Arg1322Leu,*,*,*
p.Arg1322Lys,*,*,*
p.Arg1322Met,*,*,*
p.Arg1322Phe,*,*,*
p.Arg1322Pro,*,*,*
p.Arg1322Ser,*,*,*
p.Arg1322Ter,*,*,*
p.Arg1322Thr,*,*,*
p.Arg1322Trp,*,*,*
p.Arg1322Tyr,*,*,*
p.Arg1322Val,*,*,*
p.Arg1383=,*,*,*
p.Arg1383Ala,*,*,*
p.Arg1383Asn,*,*,*
p.Arg1383Asp,*,*,*
p.Arg1383Cys,*,*,*
p.Arg1383Gln,*,*,*
p.Arg1383Glu,*,*,*
p.Arg1383Gly,*,*,*
p.Arg1383His,*,*,*
p.Arg1383Ile,*,*,*
p.Arg1383Leu,*,*,*
p.Arg1383Lys,*,*,*
p.Arg1383Met,*,*,*
p.Arg1383Phe,*,*,*
p.Arg1383Pro,*,*,*
p.Arg1383Ser,*,*,*
p.Arg1383Ter,*,*,*
p.Arg1383Thr,*,*,*
p.Arg1383Trp,*,*,*
p.Arg1383Tyr,*,*,*
p.Arg1383Val,*,*,*
p.Arg1409=,*,*,*
p.Arg1409Ala,*,*,*
p.Arg1409Asn,*,*,*
p.Arg1409Asp,*,*,*
p.Arg1409Cys,*,*,*
p.Arg1409Gln,*,*,*
p.Arg1409Glu,*,*,*
p.Arg1409Gly,*,*,*
p.Arg1409His,*,*,*
p.Arg1409Ile,*,*,*
p.Arg1409Leu,*,*,*
p.Arg1409Lys,*,*,*
p.Arg1409Met,*,*,*
p.Arg1409Phe,*,*,*
p.Arg1409Pro,*,*,*
p.Arg1409Ser,*,*,*
p.Arg1409Ter,*,*,*
p.Arg1409Thr,*,*,*
p.Arg1409Trp,*,*,*
p.Arg1409Tyr,*,*,*
p.Arg1409Val,*,*,*
p.Arg1411=,*,*,*
p.Arg1411Ala,*,*,*
p.Arg1411Asn,*,*,*
p.Arg1411Asp,*,*,*
p.Arg1411Cys,*,*,*
p.Arg1411Gln,*,*,*
p.Arg1411Glu,*,*,*
p.Arg1411Gly,*,*,*
p.Arg1411His,*,*,*
p.Arg1411Ile,*,*,*
p.Arg1411Leu,*,*,*
p.Arg1411Lys,*,*,*
p.Arg1411Met,*,*,*
p.Arg1411Phe,*,*,*
p.Arg1411Pro,*,*,*
p.Arg1411Ser,*,*,*
p.Arg1411Ter,*,*,*
p.Arg1411Thr,*,*,*
p.Arg1411Trp,*,*,*
p.Arg1411Tyr,*,*,*
p.Arg1411Val,*,*,*
p.Arg1415=,*,*,*
p.Arg1415Ala,*,*,*
p.Arg1415Asn,*,*,*
p.Arg1415Asp,*,*,*
p.Arg1415Cys,*,*,*
p.Arg1415Gln,*,*,*
p.Arg1415Glu,*,*,*
p.Arg1415Gly,*,*,*
p.Arg1415His,*,*,*
p.Arg1415Ile,*,*,*
p.Arg1415Leu,*,*,*
p.Arg1415Lys,*,*,*
p.Arg1415Met,*,*,*
p.Arg1415Phe,*,*,*
p.Arg1415Pro,*,*,*
p.Arg1415Ser,*,*,*
p.Arg1415Ter,*,*,*
p.Arg1415Thr,*,*,*
p.Arg1415Trp,*,*,*
p.Arg1415Tyr,*,*,*
p.Arg1415Val,*,*,*
p.Arg1440=,*,*,*
p.Arg1440Ala,*,*,*
p.Arg1440Asn,*,*,*
p.Arg1440Asp,*,*,*
p.Arg1440Cys,*,*,*
p.Arg1440Gln,*,*,*
p.Arg1440Glu,*,*,*
p.Arg1440Gly,*,*,*
p.Arg1440His,*,*,*
p.Arg1440Ile,*,*,*
p.Arg1440Leu,*,*,*
p.Arg1440Lys,*,*,*
p.Arg1440Met,*,*,*
p.Arg1440Phe,*,*,*
p.Arg1440Pro,*,*,*
p.Arg1440Ser,*,*,*
p.Arg1440Ter,*,*,*
p.Arg1440Thr,*,*,*
p.Arg1440Trp,*,*,*
p.Arg1440Tyr,*,*,*
p.Arg1440Val,*,*,*
p.Arg1459=,*,*,*
p.Arg1459Ala,*,*,*
p.Arg1459Asn,*,*,*
p.Arg1459Asp,*,*,*
p.Arg1459Cys,*,*,*
p.Arg1459Gln,*,*,*
p.Arg1459Glu,*,*,*
p.Arg1459Gly,*,*,*
p.Arg1459His,*,*,*
p.Arg1459Ile,*,*,*
p.Arg1459Leu,*,*,*
p.Arg1459Lys,*,*,*
p.Arg1459Met,*,*,*
p.Arg1459Phe,*,*,*
p.Arg1459Pro,*,*,*
p.Arg1459Ser,*,*,*
p.Arg1459Ter,*,*,*
p.Arg1459Thr,*,*,*
p.Arg1459Trp,*,*,*
p.Arg1459Tyr,*,*,*
p.Arg1459Val,*,*,*
p.Arg723=,*,*,*
p.Arg723Ala,*,*,*
p.Arg723Asn,*,*,*
p.Arg723Asp,*,*,*
p.Arg723Cys,*,*,*
p.Arg723Gln,*,*,*
p.Arg723Glu,*,*,*
p.Arg723Gly,*,*,*
p.Arg723His,*,*,*
p.Arg723Ile,*,*,*
p.Arg723Leu,*,*,*
p.Arg723Lys,*,*,*
p.Arg723Met,*,*,*
p.Arg723Phe,*,*,*
p.Arg723Pro,*,*,*
p.Arg723Ser,*,*,*
p.Arg723Ter,*,*,*
p.Arg723Thr,*,*,*
p.Arg723Trp,*,*,*
p.Arg723Tyr,*,*,*
p.Arg723Val,*,*,*
p.Arg725=,*,*,*
p.Arg725Ala,*,*,*
p.Arg725Asn,*,*,*
p.Arg725Asp,*,*,*
p.Arg725Cys,*,*,*
p.Arg725Gln,*,*,*
p.Arg725Glu,*,*,*
p.Arg725Gly,*,*,*
p.Arg725His,*,*,*
p.Arg725Ile,*,*,*
p.Arg725Leu,*,*,*
p.Arg725Met,*,*,*
p.Arg725Phe,*,*,*
p.Arg725Pro,*,*,*
p.Arg725Ser,*,*,*
p.Arg725Ter,*,*,*
p.Arg725Thr,*,*,*
p.Arg725Trp,*,*,*
p.Arg725Tyr,*,*,*
p.Arg725Val,*,*,*
p.Arg758=,*,*,*
p.Arg758Ala,*,*,*
p.Arg758Asn,*,*,*
p.Arg758Asp,*,*,*
p.Arg758Cys,*,*,*
p.Arg758Gln,*,*,*
p.Arg758Glu,*,*,*
p.Arg758Gly,*,*,*
p.Arg758His,*,*,*
p.Arg758Ile,*,*,*
p.Arg758Leu,*,*,*
p.Arg758Lys,*,*,*
p.Arg758Met,*,*,*
p.Arg758Phe,*,*,*
p.Arg758Pro,*,*,*
p.Arg758Ser,*,*,*
p.Arg758Ter,*,*,*
p.Arg758Thr,*,*,*
p.Arg758Trp,*,*,*
p.Arg758Tyr,*,*,*
p.Arg758Val,*,*,*
p.Arg778=,*,*,*
p.Arg778Ala,*,*,*
p.Arg778Asn,*,*,*
p.Arg778Asp,*,*,*
p.Arg778Cys,*,*,*
p.Arg778Gln,*,*,*
p.Arg778Glu,*,*,*
p.Arg778Gly,*,*,*
p.Arg778His,*,*,*
p.Arg778Ile,*,*,*
p.Arg778Leu,*,*,*
p.Arg778Lys,*,*,*
p.Arg778Met,*,*,*
p.Arg778Phe,*,*,*
p.Arg778Pro,*,*,*
p.Arg778Ser,*,*,*
p.Arg778Ter,*,*,*
p.Arg778Thr,*,*,*
p.Arg778Trp,*,*,*
p.Arg778Tyr,*,*,*
p.Arg778Val,*,*,*
p.Arg816=,*,*,*
p.Arg816Ala,*,*,*
p.Arg816Asn,*,*,*
p.Arg816Asp,*,*,*
p.Arg816Cys,*,*,*
p.Arg816Gln,*,*,*
p.Arg816Glu,*,*,*
p.Arg816Gly,*,*,*
p.Arg816His,*,*,*
p.Arg816Ile,*,*,*
p.Arg816Leu,*,*,*
p.Arg816Lys,*,*,*
p.Arg816Met,*,*,*
p.Arg816Phe,*,*,*
p.Arg816Pro,*,*,*
p.Arg816Ser,*,*,*
p.Arg816Ter,*,*,*
p.Arg816Thr,*,*,*
p.Arg816Trp,*,*,*
p.Arg816Tyr,*,*,*
p.Arg816Val,*,*,*
p.Arg827=,*,*,*
p.Arg827Ala,*,*,*
p.Arg827Asn,*,*,*
p.Arg827Asp,*,*,*
p.Arg827Cys,*,*,*
p.Arg827Gln,*,*,*
p.Arg827Glu,*,*,*
p.Arg827Gly,*,*,*
p.Arg827His,*,*,*
p.Arg827Ile,*,*,*
p.Arg827Leu,*,*,*
p.Arg827Lys,*,*,*
p.Arg827Met,*,*,*
p.Arg827Phe,*,*,*
p.Arg827Pro,*,*,*
p.Arg827Ser,*,*,*
p.Arg827Ter,*,*,*
p.Arg827Thr,*,*,*
p.Arg827Trp,*,*,*
p.Arg827Tyr,*,*,*
p.Arg827Val,*,*,*
p.Arg919=,*,*,*
p.Arg919Ala,*,*,*
p.Arg919Asn,*,*,*
p.Arg919Asp,*,*,*
p.Arg919Cys,*,*,*
p.Arg919Gln,*,*,*
p.Arg919Glu,*,*,*
p.Arg919Gly,*,*,*
p.Arg919His,*,*,*
p.Arg919Ile,*,*,*
p.Arg919Leu,*,*,*
p.Arg919Lys,*,*,*
p.Arg919Met,*,*,*
p.Arg919Phe,*,*,*
p.Arg919Pro,*,*,*
p.Arg919Ser,*,*,*
p.Arg919Ter,*,*,*
p.Arg919Thr,*,*,*
p.Arg919Trp,*,*,*
p.Arg919Tyr,*,*,*
p.Arg919Val,*,*,*
p.Arg952=,*,*,*
p.Arg952Ala,*,*,*
p.Arg952Asn,*,*,*
p.Arg952Asp,*,*,*
p.Arg952Cys,*,*,*
p.Arg952Gln,*,*,*
p.Arg952Glu,*,*,*
p.Arg952Gly,*,*,*
p.Arg952His,*,*,*
p.Arg952Ile,*,*,*
p.Arg952Leu,*,*,*
p.Arg952Lys,*,*,*
p.Arg952Met,*,*,*
p.Arg952Phe,*,*,*
p.Arg952Pro,*,*,*
p.Arg952Ser,*,*,*
p.Arg952Ter,*,*,*
p.Arg952Thr,*,*,*
p.Arg952Trp,*,*,*
p.Arg952Tyr,*,*,*
p.Arg952Val,*,*,*
p.Arg969=,*,*,*
p.Arg969Ala,*,*,*
p.Arg969Asn,*,*,*
p.Arg969Asp,*,*,*
p.Arg969Cys,*,*,*
p.Arg969Gln,*,*,*
p.Arg969Glu,*,*,*
p.Arg969Gly,*,*,*
p.Arg969His,*,*,*
p.Arg969Ile,*,*,*
p.Arg969Leu,*,*,*
p.Arg969Lys,*,*,*
p.Arg969Met,*,*,*
p.Arg969Phe,*,*,*
p.Arg969Pro,*,*,*
p.Arg969Ser,*,*,*
p.Arg969Ter,*,*,*
p.Arg969Thr,*,*,*
p.Arg969Trp,*,*,*
p.Arg969Tyr,*,*,*
p.Arg969Val,*,*,*
p.Asn1005=,*,*,*
p.Asn1005Ala,*,*,*
p.Asn1005Arg,*,*,*
p.Asn1005Asp,*,*,*
p.Asn1005Cys,*,*,*
p.Asn1005Gln,*,*,*
p.Asn1005Glu,*,*,*
p.Asn1005Gly,*,*,*
p.Asn1005His,*,*,*
p.Asn1005Ile,*,*,*
p.Asn1005Leu,*,*,*
p.Asn1005Lys,*,*,*
p.Asn1005Met,*,*,*
p.Asn1005Phe,*,*,*
p.Asn1005Pro,*,*,*
p.Asn1005Ser,*,*,*
p.Asn1005Ter,*,*,*
p.Asn1005Thr,*,*,*
p.Asn1005Trp,*,*,*
p.Asn1005Tyr,*,*,*
p.Asn1005Val,*,*,*
p.Asn1108=,*,*,*
p.Asn1108Ala,*,*,*
p.Asn1108Arg,*,*,*
p.Asn1108Asp,*,*,*
p.Asn1108Cys,*,*,*
p.Asn1108Gln,*,*,*
p.Asn1108Glu,*,*,*
p.Asn1108Gly,*,*,*
p.Asn1108His,*,*,*
p.Asn1108Ile,*,*,*
p.Asn1108Leu,*,*,*
p.Asn1108Lys,*,*,*
p.Asn1108Met,*,*,*
p.Asn1108Phe,*,*,*
p.Asn1108Pro,*,*,*
p.Asn1108Ser,*,*,*
p.Asn1108Ter,*,*,*
p.Asn1108Thr,*,*,*
p.Asn1108Trp,*,*,*
p.Asn1108Tyr,*,*,*
p.Asn1108Val,*,*,*
p.Asn1128=,*,*,*
p.Asn1128Ala,*,*,*
p.Asn1128Arg,*,*,*
p.Asn1128Asp,*,*,*
p.Asn1128Cys,*,*,*
p.Asn1128Gln,*,*,*
p.Asn1128Glu,*,*,*
p.Asn1128Gly,*,*,*
p.Asn1128His,*,*,*
p.Asn1128Ile,*,*,*
p.Asn1128Leu,*,*,*
p.Asn1128Lys,*,*,*
p.Asn1128Met,*,*,*
p.Asn1128Phe,*,*,*
p.Asn1128Pro,*,*,*
p.Asn1128Ser,*,*,*
p.Asn1128Ter,*,*,*
p.Asn1128Thr,*,*,*
p.Asn1128Trp,*,*,*
p.Asn1128Tyr,*,*,*
p.Asn1128Val,*,*,*
p.Asn1150=,*,*,*
p.Asn1150Ala,*,*,*
p.Asn1150Arg,*,*,*
p.Asn1150Asp,*,*,*
p.Asn1150Cys,*,*,*
p.Asn1150Gln,*,*,*
p.Asn1150Glu,*,*,*
p.Asn1150Gly,*,*,*
p.Asn1150His,*,*,*
p.Asn1150Ile,*,*,*
p.Asn1150Leu,*,*,*
p.Asn1150Lys,*,*,*
p.Asn1150Met,*,*,*
p.Asn1150Phe,*,*,*
p.Asn1150Pro,*,*,*
p.Asn1150Ser,*,*,*
p.Asn1150Ter,*,*,*
p.Asn1150Thr,*,*,*
p.Asn1150Trp,*,*,*
p.Asn1150Tyr,*,*,*
p.Asn1150Val,*,*,*
p.Asn1157=,*,*,*
p.Asn1157Ala,*,*,*
p.Asn1157Arg,*,*,*
p.Asn1157Asp,*,*,*
p.Asn1157Cys,*,*,*
p.Asn1157Gln,*,*,*
p.Asn1157Glu,*,*,*
p.Asn1157Gly,*,*,*
p.Asn1157His,*,*,*
p.Asn1157Ile,*,*,*
p.Asn1157Leu,*,*,*
p.Asn1157Lys,*,*,*
p.Asn1157Met,*,*,*
p.Asn1157Phe,*,*,*
p.Asn1157Pro,*,*,*
p.Asn1157Ser,*,*,*
p.Asn1157Ter,*,*,*
p.Asn1157Thr,*,*,*
p.Asn1157Trp,*,*,*
p.Asn1157Tyr,*,*,*
p.Asn1157Val,*,*,*
p.Asn1223=,*,*,*
p.Asn1223Ala,*,*,*
p.Asn1223Arg,*,*,*
p.Asn1223Asp,*,*,*
p.Asn1223Cys,*,*,*
p.Asn1223Gln,*,*,*
p.Asn1223Glu,*,*,*
p.Asn1223Gly,*,*,*
p.Asn1223His,*,*,*
p.Asn1223Ile,*,*,*
p.Asn1223Leu,*,*,*
p.Asn1223Lys,*,*,*
p.Asn1223Met,*,*,*
p.Asn1223Phe,*,*,*
p.Asn1223Pro,*,*,*
p.Asn1223Ser,*,*,*
p.Asn1223Ter,*,*,*
p.Asn1223Thr,*,*,*
p.Asn1223Trp,*,*,*
p.Asn1223Tyr,*,*,*
p.Asn1223Val,*,*,*
p.Asn1237=,*,*,*
p.Asn1237Ala,*,*,*
p.Asn1237Arg,*,*,*
p.Asn1237Asp,*,*,*
p.Asn1237Cys,*,*,*
p.Asn1237Gln,*,*,*
p.Asn1237Glu,*,*,*
p.Asn1237Gly,*,*,*
p.Asn1237His,*,*,*
p.Asn1237Ile,*,*,*
p.Asn1237Leu,*,*,*
p.Asn1237Lys,*,*,*
p.Asn1237Met,*,*,*
p.Asn1237Phe,*,*,*
p.Asn1237Pro,*,*,*
p.Asn1237Ser,*,*,*
p.Asn1237Ter,*,*,*
p.Asn1237Thr,*,*,*
p.Asn1237Trp,*,*,*
p.Asn1237Tyr,*,*,*
p.Asn1237Val,*,*,*
p.Asn1257=,*,*,*
p.Asn1257Ala,*,*,*
p.Asn1257Arg,*,*,*
p.Asn1257Asp,*,*,*
p.Asn1257Cys,*,*,*
p.Asn1257Gln,*,*,*
p.Asn1257Glu,*,*,*
p.Asn1257Gly,*,*,*
p.Asn1257His,*,*,*
p.Asn1257Ile,*,*,*
p.Asn1257Leu,*,*,*
p.Asn1257Lys,*,*,*
p.Asn1257Met,*,*,*
p.Asn1257Phe,*,*,*
p.Asn1257Pro,*,*,*
p.Asn1257Ser,*,*,*
p.Asn1257Ter,*,*,*
p.Asn1257Thr,*,*,*
p.Asn1257Trp,*,*,*
p.Asn1257Tyr,*,*,*
p.Asn1257Val,*,*,*
p.Asn1270=,*,*,*
p.Asn1270Ala,*,*,*
p.Asn1270Arg,*,*,*
p.Asn1270Asp,*,*,*
p.Asn1270Cys,*,*,*
p.Asn1270Gln,*,*,*
p.Asn1270Glu,*,*,*
p.Asn1270Gly,*,*,*
p.Asn1270His,*,*,*
p.Asn1270Ile,*,*,*
p.Asn1270Leu,*,*,*
p.Asn1270Lys,*,*,*
p.Asn1270Met,*,*,*
p.Asn1270Phe,*,*,*
p.Asn1270Pro,*,*,*
p.Asn1270Ser,*,*,*
p.Asn1270Ter,*,*,*
p.Asn1270Thr,*,*,*
p.Asn1270Trp,*,*,*
p.Asn1270Tyr,*,*,*
p.Asn1270Val,*,*,*
p.Asn1302=,*,*,*
p.Asn1302Ala,*,*,*
p.Asn1302Arg,*,*,*
p.Asn1302Asp,*,*,*
p.Asn1302Cys,*,*,*
p.Asn1302Gln,*,*,*
p.Asn1302Glu,*,*,*
p.Asn1302Gly,*,*,*
p.Asn1302His,*,*,*
p.Asn1302Ile,*,*,*
p.Asn1302Leu,*,*,*
p.Asn1302Lys,*,*,*
p.Asn1302Met,*,*,*
p.Asn1302Phe,*,*,*
p.Asn1302Pro,*,*,*
p.Asn1302Ser,*,*,*
p.Asn1302Ter,*,*,*
p.Asn1302Thr,*,*,*
p.Asn1302Trp,*,*,*
p.Asn1302Tyr,*,*,*
p.Asn1302Val,*,*,*
p.Asn1324=,*,*,*
p.Asn1324Ala,*,*,*
p.Asn1324Arg,*,*,*
p.Asn1324Asp,*,*,*
p.Asn1324Cys,*,*,*
p.Asn1324Gln,*,*,*
p.Asn1324Glu,*,*,*
p.Asn1324Gly,*,*,*
p.Asn1324His,*,*,*
p.Asn1324Ile,*,*,*
p.Asn1324Leu,*,*,*
p.Asn1324Lys,*,*,*
p.Asn1324Met,*,*,*
p.Asn1324Phe,*,*,*
p.Asn1324Pro,*,*,*
p.Asn1324Ser,*,*,*
p.Asn1324Ter,*,*,*
p.Asn1324Thr,*,*,*
p.Asn1324Trp,*,*,*
p.Asn1324Tyr,*,*,*
p.Asn1324Val,*,*,*
p.Asn1332=,*,*,*
p.Asn1332Ala,*,*,*
p.Asn1332Arg,*,*,*
p.Asn1332Asp,*,*,*
p.Asn1332Cys,*,*,*
p.Asn1332Gln,*,*,*
p.Asn1332Glu,*,*,*
p.Asn1332Gly,*,*,*
p.Asn1332His,*,*,*
p.Asn1332Ile,*,*,*
p.Asn1332Leu,*,*,*
p.Asn1332Lys,*,*,*
p.Asn1332Met,*,*,*
p.Asn1332Phe,*,*,*
p.Asn1332Pro,*,*,*
p.Asn1332Ser,*,*,*
p.Asn1332Ter,*,*,*
p.Asn1332Thr,*,*,*
p.Asn1332Trp,*,*,*
p.Asn1332Tyr,*,*,*
p.Asn1332Val,*,*,*
p.Asn1457=,*,*,*
p.Asn1457Ala,*,*,*
p.Asn1457Arg,*,*,*
p.Asn1457Asp,*,*,*
p.Asn1457Cys,*,*,*
p.Asn1457Gln,*,*,*
p.Asn1457Glu,*,*,*
p.Asn1457Gly,*,*,*
p.Asn1457His,*,*,*
p.Asn1457Ile,*,*,*
p.Asn1457Leu,*,*,*
p.Asn1457Lys,*,*,*
p.Asn1457Met,*,*,*
p.Asn1457Phe,*,*,*
p.Asn1457Pro,*,*,*
p.Asn1457Ser,*,*,*
p.Asn1457Ter,*,*,*
p.Asn1457Thr,*,*,*
p.Asn1457Trp,*,*,*
p.Asn1457Tyr,*,*,*
p.Asn1457Val,*,*,*
p.Asn728=,*,*,*
p.Asn728Ala,*,*,*
p.Asn728Arg,*,*,*
p.Asn728Asp,*,*,*
p.Asn728Cys,*,*,*
p.Asn728Gln,*,*,*
p.Asn728Glu,*,*,*
p.Asn728Gly,*,*,*
p.Asn728His,*,*,*
p.Asn728Ile,*,*,*
p.Asn728Leu,*,*,*
p.Asn728Lys,*,*,*
p.Asn728Met,*,*,*
p.Asn728Phe,*,*,*
p.Asn728Pro,*,*,*
p.Asn728Ser,*,*,*
p.Asn728Ter,*,*,*
p.Asn728Thr,*,*,*
p.Asn728Trp,*,*,*
p.Asn728Tyr,*,*,*
p.Asn728Val,*,*,*
p.Asn812=,*,*,*
p.Asn812Ala,*,*,*
p.Asn812Arg,*,*,*
p.Asn812Asp,*,*,*
p.Asn812Cys,*,*,*
p.Asn812Gln,*,*,*
p.Asn812Glu,*,*,*
p.Asn812Gly,*,*,*
p.Asn812His,*,*,*
p.Asn812Ile,*,*,*
p.Asn812Leu,*,*,*
p.Asn812Met,*,*,*
p.Asn812Phe,*,*,*
p.Asn812Pro,*,*,*
p.Asn812Ser,*,*,*
p.Asn812Ter,*,*,*
p.Asn812Thr,*,*,*
p.Asn812Trp,*,*,*
p.Asn812Tyr,*,*,*
p.Asn812Val,*,*,*
p.Asn849=,*,*,*
p.Asn849Ala,*,*,*
p.Asn849Arg,*,*,*
p.Asn849Asp,*,*,*
p.Asn849Cys,*,*,*
p.Asn849Gln,*,*,*
p.Asn849Glu,*,*,*
p.Asn849Gly,*,*,*
p.Asn849His,*,*,*
p.Asn849Ile,*,*,*
p.Asn849Leu,*,*,*
p.Asn849Lys,*,*,*
p.Asn849Met,*,*,*
p.Asn849Phe,*,*,*
p.Asn849Pro,*,*,*
p.Asn849Ser,*,*,*
p.Asn849Ter,*,*,*
p.Asn849Thr,*,*,*
p.Asn849Trp,*,*,*
p.Asn849Tyr,*,*,*
p.Asn849Val,*,*,*
p.Asn878=,*,*,*
p.Asn878Ala,*,*,*
p.Asn878Arg,*,*,*
p.Asn878Asp,*,*,*
p.Asn878Cys,*,*,*
p.Asn878Gln,*,*,*
p.Asn878Glu,*,*,*
p.Asn878Gly,*,*,*
p.Asn878His,*,*,*
p.Asn878Ile,*,*,*
p.Asn878Leu,*,*,*
p.Asn878Lys,*,*,*
p.Asn878Met,*,*,*
p.Asn878Phe,*,*,*
p.Asn878Pro,*,*,*
p.Asn878Ser,*,*,*
p.Asn878Ter,*,*,*
p.Asn878Thr,*,*,*
p.Asn878Trp,*,*,*
p.Asn878Tyr,*,*,*
p.Asn878Val,*,*,*
p.Asn892=,*,*,*
p.Asn892Ala,*,*,*
p.Asn892Arg,*,*,*
p.Asn892Asp,*,*,*
p.Asn892Cys,*,*,*
p.Asn892Gln,*,*,*
p.Asn892Glu,*,*,*
p.Asn892Gly,*,*,*
p.Asn892His,*,*,*
p.Asn892Ile,*,*,*
p.Asn892Leu,*,*,*
p.Asn892Lys,*,*,*
p.Asn892Met,*,*,*
p.Asn892Phe,*,*,*
p.Asn892Pro,*,*,*
p.Asn892Ser,*,*,*
p.Asn892Ter,*,*,*
p.Asn892Thr,*,*,*
p.Asn892Trp,*,*,*
p.Asn892Tyr,*,*,*
p.Asn892Val,*,*,*
p.Asn956=,*,*,*
p.Asn956Ala,*,*,*
p.Asn956Arg,*,*,*
p.Asn956Asp,*,*,*
p.Asn956Cys,*,*,*
p.Asn956Gln,*,*,*
p.Asn956Glu,*,*,*
p.Asn956Gly,*,*,*
p.Asn956His,*,*,*
p.Asn956Ile,*,*,*
p.Asn956Leu,*,*,*
p.Asn956Lys,*,*,*
p.Asn956Met,*,*,*
p.Asn956Phe,*,*,*
p.Asn956Pro,*,*,*
p.Asn956Ser,*,*,*
p.Asn956Ter,*,*,*
p.Asn956Thr,*,*,*
p.Asn956Trp,*,*,*
p.Asn956Tyr,*,*,*
p.Asn956Val,*,*,*
p.Asn958=,*,*,*
p.Asn958Ala,*,*,*
p.Asn958Arg,*,*,*
p.Asn958Asp,*,*,*
p.Asn958Cys,*,*,*
p.Asn958Gln,*,*,*
p.Asn958Glu,*,*,*
p.Asn958Gly,*,*,*
p.Asn958His,*,*,*
p.Asn958Ile,*,*,*
p.Asn958Leu,*,*,*
p.Asn958Lys,*,*,*
p.Asn958Met,*,*,*
p.Asn958Phe,*,*,*
p.Asn958Pro,*,*,*
p.Asn958Ser,*,*,*
p.Asn958Ter,*,*,*
p.Asn958Thr,*,*,*
p.Asn958Trp,*,*,*
p.Asn958Tyr,*,*,*
p.Asn958Val,*,*,*
p.Asp1027=,*,*,*
p.Asp1027Ala,*,*,*
p.Asp1027Arg,*,*,*
p.Asp1027Asn,*,*,*
p.Asp1027Cys,*,*,*
p.Asp1027Gln,*,*,*
p.Asp1027Glu,*,*,*
p.Asp1027Gly,*,*,*
p.Asp1027His,*,*,*
p.Asp1027Ile,*,*,*
p.Asp1027Leu,*,*,*
p.Asp1027Lys,*,*,*
p.Asp1027Met,*,*,*
p.Asp1027Phe,*,*,*
p.Asp1027Pro,*,*,*
p.Asp1027Ser,*,*,*
p.Asp1027Ter,*,*,*
p.Asp1027Thr,*,*,*
p.Asp1027Trp,*,*,*
p.Asp1027Tyr,*,*,*
p.Asp1027Val,*,*,*
p.Asp1047=,*,*,*
p.Asp1047Ala,*,*,*
p.Asp1047Arg,*,*,*
p.Asp1047Asn,*,*,*
p.Asp1047Cys,*,*,*
p.Asp1047Glu,*,*,*
p.Asp1047Gly,*,*,*
p.Asp1047His,*,*,*
p.Asp1047Ile,*,*,*
p.Asp1047Leu,*,*,*
p.Asp1047Met,*,*,*
p.Asp1047Phe,*,*,*
p.Asp1047Pro,*,*,*
p.Asp1047Ser,*,*,*
p.Asp1047Ter,*,*,*
p.Asp1047Thr,*,*,*
p.Asp1047Trp,*,*,*
p.Asp1047Tyr,*,*,*
p.Asp1047Val,*,*,*
p.Asp1093=,*,*,*
p.Asp1093Ala,*,*,*
p.Asp1093Arg,*,*,*
p.Asp1093Asn,*,*,*
p.Asp1093Cys,*,*,*
p.Asp1093Gln,*,*,*
p.Asp1093Glu,*,*,*
p.Asp1093Gly,*,*,*
p.Asp1093His,*,*,*
p.Asp1093Ile,*,*,*
p.Asp1093Leu,*,*,*
p.Asp1093Lys,*,*,*
p.Asp1093Met,*,*,*
p.Asp1093Phe,*,*,*
p.Asp1093Pro,*,*,*
p.Asp1093Ser,*,*,*
p.Asp1093Ter,*,*,*
p.Asp1093Thr,*,*,*
p.Asp1093Trp,*,*,*
p.Asp1093Tyr,*,*,*
p.Asp1093Val,*,*,*
p.Asp1138=,*,*,*
p.Asp1138Ala,*,*,*
p.Asp1138Arg,*,*,*
p.Asp1138Asn,*,*,*
p.Asp1138Cys,*,*,*
p.Asp1138Gln,*,*,*
p.Asp1138Glu,*,*,*
p.Asp1138Gly,*,*,*
p.Asp1138His,*,*,*
p.Asp1138Ile,*,*,*
p.Asp1138Leu,*,*,*
p.Asp1138Met,*,*,*
p.Asp1138Phe,*,*,*
p.Asp1138Pro,*,*,*
p.Asp1138Ser,*,*,*
p.Asp1138Ter,*,*,*
p.Asp1138Thr,*,*,*
p.Asp1138Trp,*,*,*
p.Asp1138Tyr,*,*,*
p.Asp1138Val,*,*,*
p.Asp1164=,*,*,*
p.Asp1164Ala,*,*,*
p.Asp1164Arg,*,*,*
p.Asp1164Asn,*,*,*
p.Asp1164Cys,*,*,*
p.Asp1164Gln,*,*,*
p.Asp1164Glu,*,*,*
p.Asp1164Gly,*,*,*
p.Asp1164His,*,*,*
p.Asp1164Ile,*,*,*
p.Asp1164Leu,*,*,*
p.Asp1164Lys,*,*,*
p.Asp1164Met,*,*,*
p.Asp1164Phe,*,*,*
p.Asp1164Pro,*,*,*
p.Asp1164Ser,*,*,*
p.Asp1164Ter,*,*,*
p.Asp1164Thr,*,*,*
p.Asp1164Trp,*,*,*
p.Asp1164Tyr,*,*,*
p.Asp1164Val,*,*,*
p.Asp1167Ala,*,*,*
p.Asp1167Arg,*,*,*
p.Asp1167Asn,*,*,*
p.Asp1167Cys,*,*,*
p.Asp1167Glu,*,*,*
p.Asp1167Gly,*,*,*
p.Asp1167His,*,*,*
p.Asp1167Ile,*,*,*
p.Asp1167Leu,*,*,*
p.Asp1167Lys,*,*,*
p.Asp1167Met,*,*,*
p.Asp1167Phe,*,*,*
p.Asp1167Pro,*,*,*
p.Asp1167Ser,*,*,*
p.Asp1167Ter,*,*,*
p.Asp1167Thr,*,*,*
p.Asp1167Trp,*,*,*
p.Asp1167Tyr,*,*,*
p.Asp1167Val,*,*,*
p.Asp1171=,*,*,*
p.Asp1171Ala,*,*,*
p.Asp1171Arg,*,*,*
p.Asp1171Asn,*,*,*
p.Asp1171Cys,*,*,*
p.Asp1171Gln,*,*,*
p.Asp1171Glu,*,*,*
p.Asp1171Gly,*,*,*
p.Asp1171His,*,*,*
p.Asp1171Ile,*,*,*
p.Asp1171Leu,*,*,*
p.Asp1171Lys,*,*,*
p.Asp1171Met,*,*,*
p.Asp1171Phe,*,*,*
p.Asp1171Pro,*,*,*
p.Asp1171Ser,*,*,*
p.Asp1171Ter,*,*,*
p.Asp1171Thr,*,*,*
p.Asp1171Trp,*,*,*
p.Asp1171Tyr,*,*,*
p.Asp1171Val,*,*,*
p.Asp1185=,*,*,*
p.Asp1185Ala,*,*,*
p.Asp1185Arg,*,*,*
p.Asp1185Asn,*,*,*
p.Asp1185Cys,*,*,*
p.Asp1185Gln,*,*,*
p.Asp1185Glu,*,*,*
p.Asp1185Gly,*,*,*
p.Asp1185His,*,*,*
p.Asp1185Ile,*,*,*
p.Asp1185Leu,*,*,*
p.Asp1185Lys,*,*,*
p.Asp1185Met,*,*,*
p.Asp1185Phe,*,*,*
p.Asp1185Pro,*,*,*
p.Asp1185Ser,*,*,*
p.Asp1185Ter,*,*,*
p.Asp1185Thr,*,*,*
p.Asp1185Trp,*,*,*
p.Asp1185Tyr,*,*,*
p.Asp1185Val,*,*,*
p.Asp1196=,*,*,*
p.Asp1196Ala,*,*,*
p.Asp1196Arg,*,*,*
p.Asp1196Asn,*,*,*
p.Asp1196Cys,*,*,*
p.Asp1196Gln,*,*,*
p.Asp1196Glu,*,*,*
p.Asp1196Gly,*,*,*
p.Asp1196His,*,*,*
p.Asp1196Ile,*,*,*
p.Asp1196Leu,*,*,*
p.Asp1196Lys,*,*,*
p.Asp1196Met,*,*,*
p.Asp1196Phe,*,*,*
p.Asp1196Pro,*,*,*
p.Asp1196Ser,*,*,*
p.Asp1196Ter,*,*,*
p.Asp1196Thr,*,*,*
p.Asp1196Trp,*,*,*
p.Asp1196Tyr,*,*,*
p.Asp1196Val,*,*,*
p.Asp1215=,*,*,*
p.Asp1215Ala,*,*,*
p.Asp1215Arg,*,*,*
p.Asp1215Asn,*,*,*
p.Asp1215Cys,*,*,*
p.Asp1215Gln,*,*,*
p.Asp1215Glu,*,*,*
p.Asp1215Gly,*,*,*
p.Asp1215His,*,*,*
p.Asp1215Ile,*,*,*
p.Asp1215Leu,*,*,*
p.Asp1215Lys,*,*,*
p.Asp1215Met,*,*,*
p.Asp1215Phe,*,*,*
p.Asp1215Pro,*,*,*
p.Asp1215Ser,*,*,*
p.Asp1215Ter,*,*,*
p.Asp1215Thr,*,*,*
p.Asp1215Trp,*,*,*
p.Asp1215Tyr,*,*,*
p.Asp1215Val,*,*,*
p.Asp1222=,*,*,*
p.Asp1222Ala,*,*,*
p.Asp1222Arg,*,*,*
p.Asp1222Asn,*,*,*
p.Asp1222Cys,*,*,*
p.Asp1222Gln,*,*,*
p.Asp1222Glu,*,*,*
p.Asp1222Gly,*,*,*
p.Asp1222His,*,*,*
p.Asp1222Ile,*,*,*
p.Asp1222Leu,*,*,*
p.Asp1222Lys,*,*,*
p.Asp1222Met,*,*,*
p.Asp1222Phe,*,*,*
p.Asp1222Pro,*,*,*
p.Asp1222Ser,*,*,*
p.Asp1222Ter,*,*,*
p.Asp1222Thr,*,*,*
p.Asp1222Trp,*,*,*
p.Asp1222Tyr,*,*,*
p.Asp1222Val,*,*,*
p.Asp1267=,*,*,*
p.Asp1267Ala,*,*,*
p.Asp1267Arg,*,*,*
p.Asp1267Asn,*,*,*
p.Asp1267Cys,*,*,*
p.Asp1267Gln,*,*,*
p.Asp1267Glu,*,*,*
p.Asp1267Gly,*,*,*
p.Asp1267His,*,*,*
p.Asp1267Ile,*,*,*
p.Asp1267Leu,*,*,*
p.Asp1267Lys,*,*,*
p.Asp1267Met,*,*,*
p.Asp1267Phe,*,*,*
p.Asp1267Pro,*,*,*
p.Asp1267Ser,*,*,*
p.Asp1267Ter,*,*,*
p.Asp1267Thr,*,*,*
p.Asp1267Trp,*,*,*
p.Asp1267Tyr,*,*,*
p.Asp1267Val,*,*,*
p.Asp1271=,*,*,*
p.Asp1271Ala,*,*,*
p.Asp1271Arg,*,*,*
p.Asp1271Asn,*,*,*
p.Asp1271Cys,*,*,*
p.Asp1271Gln,*,*,*
p.Asp1271Glu,*,*,*
p.Asp1271Gly,*,*,*
p.Asp1271His,*,*,*
p.Asp1271Ile,*,*,*
p.Asp1271Leu,*,*,*
p.Asp1271Lys,*,*,*
p.Asp1271Met,*,*,*
p.Asp1271Phe,*,*,*
p.Asp1271Pro,*,*,*
p.Asp1271Ser,*,*,*
p.Asp1271Ter,*,*,*
p.Asp1271Thr,*,*,*
p.Asp1271Trp,*,*,*
p.Asp1271Tyr,*,*,*
p.Asp1271Val,*,*,*
p.Asp1279=,*,*,*
p.Asp1279Ala,*,*,*
p.Asp1279Arg,*,*,*
p.Asp1279Asn,*,*,*
p.Asp1279Cys,*,*,*
p.Asp1279Gln,*,*,*
p.Asp1279Glu,*,*,*
p.Asp1279Gly,*,*,*
p.Asp1279His,*,*,*
p.Asp1279Ile,*,*,*
p.Asp1279Leu,*,*,*
p.Asp1279Lys,*,*,*
p.Asp1279Met,*,*,*
p.Asp1279Phe,*,*,*
p.Asp1279Pro,*,*,*
p.Asp1279Ser,*,*,*
p.Asp1279Ter,*,*,*
p.Asp1279Thr,*,*,*
p.Asp1279Trp,*,*,*
p.Asp1279Tyr,*,*,*
p.Asp1279Val,*,*,*
p.Asp1289=,*,*,*
p.Asp1289Ala,*,*,*
p.Asp1289Arg,*,*,*
p.Asp1289Asn,*,*,*
p.Asp1289Cys,*,*,*
p.Asp1289Gln,*,*,*
p.Asp1289Glu,*,*,*
p.Asp1289Gly,*,*,*
p.Asp1289His,*,*,*
p.Asp1289Ile,*,*,*
p.Asp1289Leu,*,*,*
p.Asp1289Lys,*,*,*
p.Asp1289Met,*,*,*
p.Asp1289Phe,*,*,*
p.Asp1289Pro,*,*,*
p.Asp1289Ser,*,*,*
p.Asp1289Ter,*,*,*
p.Asp1289Thr,*,*,*
p.Asp1289Trp,*,*,*
p.Asp1289Tyr,*,*,*
p.Asp1289Val,*,*,*
p.Asp1296=,*,*,*
p.Asp1296Ala,*,*,*
p.Asp1296Arg,*,*,*
p.Asp1296Asn,*,*,*
p.Asp1296Cys,*,*,*
p.Asp1296Gln,*,*,*
p.Asp1296Glu,*,*,*
p.Asp1296Gly,*,*,*
p.Asp1296His,*,*,*
p.Asp1296Ile,*,*,*
p.Asp1296Leu,*,*,*
p.Asp1296Lys,*,*,*
p.Asp1296Met,*,*,*
p.Asp1296Phe,*,*,*
p.Asp1296Pro,*,*,*
p.Asp1296Ser,*,*,*
p.Asp1296Ter,*,*,*
p.Asp1296Thr,*,*,*
p.Asp1296Trp,*,*,*
p.Asp1296Tyr,*,*,*
p.Asp1296Val,*,*,*
p.Asp1303=,*,*,*
p.Asp1303Ala,*,*,*
p.Asp1303Arg,*,*,*
p.Asp1303Asn,*,*,*
p.Asp1303Cys,*,*,*
p.Asp1303Gln,*,*,*
p.Asp1303Glu,*,*,*
p.Asp1303Gly,*,*,*
p.Asp1303His,*,*,*
p.Asp1303Ile,*,*,*
p.Asp1303Leu,*,*,*
p.Asp1303Lys,*,*,*
p.Asp1303Met,*,*,*
p.Asp1303Phe,*,*,*
p.Asp1303Pro,*,*,*
p.Asp1303Ser,*,*,*
p.Asp1303Ter,*,*,*
p.Asp1303Thr,*,*,*
p.Asp1303Trp,*,*,*
p.Asp1303Tyr,*,*,*
p.Asp1303Val,*,*,*
p.Asp1306=,*,*,*
p.Asp1306Ala,*,*,*
p.Asp1306Arg,*,*,*
p.Asp1306Asn,*,*,*
p.Asp1306Cys,*,*,*
p.Asp1306Gln,*,*,*
p.Asp1306Glu,*,*,*
p.Asp1306Gly,*,*,*
p.Asp1306His,*,*,*
p.Asp1306Ile,*,*,*
p.Asp1306Leu,*,*,*
p.Asp1306Lys,*,*,*
p.Asp1306Met,*,*,*
p.Asp1306Phe,*,*,*
p.Asp1306Pro,*,*,*
p.Asp1306Ser,*,*,*
p.Asp1306Ter,*,*,*
p.Asp1306Thr,*,*,*
p.Asp1306Trp,*,*,*
p.Asp1306Tyr,*,*,*
p.Asp1306Val,*,*,*
p.Asp1380=,*,*,*
p.Asp1380Ala,*,*,*
p.Asp1380Arg,*,*,*
p.Asp1380Asn,*,*,*
p.Asp1380Cys,*,*,*
p.Asp1380Gln,*,*,*
p.Asp1380Glu,*,*,*
p.Asp1380Gly,*,*,*
p.Asp1380His,*,*,*
p.Asp1380Ile,*,*,*
p.Asp1380Leu,*,*,*
p.Asp1380Lys,*,*,*
p.Asp1380Met,*,*,*
p.Asp1380Phe,*,*,*
p.Asp1380Pro,*,*,*
p.Asp1380Ser,*,*,*
p.Asp1380Ter,*,*,*
p.Asp1380Thr,*,*,*
p.Asp1380Trp,*,*,*
p.Asp1380Tyr,*,*,*
p.Asp1380Val,*,*,*
p.Asp1407=,*,*,*
p.Asp1407Ala,*,*,*
p.Asp1407Arg,*,*,*
p.Asp1407Asn,*,*,*
p.Asp1407Cys,*,*,*
p.Asp1407Gln,*,*,*
p.Asp1407Glu,*,*,*
p.Asp1407Gly,*,*,*
p.Asp1407His,*,*,*
p.Asp1407Ile,*,*,*
p.Asp1407Leu,*,*,*
p.Asp1407Lys,*,*,*
p.Asp1407Met,*,*,*
p.Asp1407Phe,*,*,*
p.Asp1407Pro,*,*,*
p.Asp1407Ser,*,*,*
p.Asp1407Ter,*,*,*
p.Asp1407Thr,*,*,*
p.Asp1407Trp,*,*,*
p.Asp1407Tyr,*,*,*
p.Asp1407Val,*,*,*
p.Asp1408=,*,*,*
p.Asp1408Ala,*,*,*
p.Asp1408Arg,*,*,*
p.Asp1408Asn,*,*,*
p.Asp1408Cys,*,*,*
p.Asp1408Gln,*,*,*
p.Asp1408Glu,*,*,*
p.Asp1408Gly,*,*,*
p.Asp1408His,*,*,*
p.Asp1408Ile,*,*,*
p.Asp1408Leu,*,*,*
p.Asp1408Lys,*,*,*
p.Asp1408Met,*,*,*
p.Asp1408Phe,*,*,*
p.Asp1408Ser,*,*,*
p.Asp1408Ter,*,*,*
p.Asp1408Thr,*,*,*
p.Asp1408Trp,*,*,*
p.Asp1408Tyr,*,*,*
p.Asp1408Val,*,*,*
p.Asp1412=,*,*,*
p.Asp1412Ala,*,*,*
p.Asp1412Arg,*,*,*
p.Asp1412Asn,*,*,*
p.Asp1412Cys,*,*,*
p.Asp1412Gln,*,*,*
p.Asp1412Glu,*,*,*
p.Asp1412Gly,*,*,*
p.Asp1412His,*,*,*
p.Asp1412Ile,*,*,*
p.Asp1412Leu,*,*,*
p.Asp1412Lys,*,*,*
p.Asp1412Met,*,*,*
p.Asp1412Phe,*,*,*
p.Asp1412Pro,*,*,*
p.Asp1412Ser,*,*,*
p.Asp1412Ter,*,*,*
p.Asp1412Thr,*,*,*
p.Asp1412Trp,*,*,*
p.Asp1412Tyr,*,*,*
p.Asp1412Val,*,*,*
p.Asp1420=,*,*,*
p.Asp1420Ala,*,*,*
p.Asp1420Arg,*,*,*
p.Asp1420Asn,*,*,*
p.Asp1420Cys,*,*,*
p.Asp1420Gln,*,*,*
p.Asp1420Glu,*,*,*
p.Asp1420Gly,*,*,*
p.Asp1420His,*,*,*
p.Asp1420Ile,*,*,*
p.Asp1420Leu,*,*,*
p.Asp1420Lys,*,*,*
p.Asp1420Met,*,*,*
p.Asp1420Phe,*,*,*
p.Asp1420Pro,*,*,*
p.Asp1420Ser,*,*,*
p.Asp1420Ter,*,*,*
p.Asp1420Thr,*,*,*
p.Asp1420Trp,*,*,*
p.Asp1420Tyr,*,*,*
p.Asp1420Val,*,*,*
p.Asp1436=,*,*,*
p.Asp1436Ala,*,*,*
p.Asp1436Arg,*,*,*
p.Asp1436Asn,*,*,*
p.Asp1436Cys,*,*,*
p.Asp1436Gln,*,*,*
p.Asp1436Glu,*,*,*
p.Asp1436Gly,*,*,*
p.Asp1436His,*,*,*
p.Asp1436Ile,*,*,*
p.Asp1436Leu,*,*,*
p.Asp1436Lys,*,*,*
p.Asp1436Met,*,*,*
p.Asp1436Phe,*,*,*
p.Asp1436Pro,*,*,*
p.Asp1436Ser,*,*,*
p.Asp1436Ter,*,*,*
p.Asp1436Thr,*,*,*
p.Asp1436Trp,*,*,*
p.Asp1436Tyr,*,*,*
p.Asp1436Val,*,*,*
p.Asp1446=,*,*,*
p.Asp1446Ala,*,*,*
p.Asp1446Arg,*,*,*
p.Asp1446Asn,*,*,*
p.Asp1446Cys,*,*,*
p.Asp1446Gln,*,*,*
p.Asp1446Glu,*,*,*
p.Asp1446Gly,*,*,*
p.Asp1446His,*,*,*
p.Asp1446Ile,*,*,*
p.Asp1446Leu,*,*,*
p.Asp1446Lys,*,*,*
p.Asp1446Met,*,*,*
p.Asp1446Phe,*,*,*
p.Asp1446Pro,*,*,*
p.Asp1446Ser,*,*,*
p.Asp1446Ter,*,*,*
p.Asp1446Thr,*,*,*
p.Asp1446Trp,*,*,*
p.Asp1446Tyr,*,*,*
p.Asp1446Val,*,*,*
p.Asp1447=,*,*,*
p.Asp1447Ala,*,*,*
p.Asp1447Arg,*,*,*
p.Asp1447Asn,*,*,*
p.Asp1447Cys,*,*,*
p.Asp1447Gln,*,*,*
p.Asp1447Glu,*,*,*
p.Asp1447Gly,*,*,*
p.Asp1447His,*,*,*
p.Asp1447Ile,*,*,*
p.Asp1447Leu,*,*,*
p.Asp1447Lys,*,*,*
p.Asp1447Met,*,*,*
p.Asp1447Phe,*,*,*
p.Asp1447Pro,*,*,*
p.Asp1447Ser,*,*,*
p.Asp1447Ter,*,*,*
p.Asp1447Thr,*,*,*
p.Asp1447Trp,*,*,*
p.Asp1447Tyr,*,*,*
p.Asp1447Val,*,*,*
p.Asp1448=,*,*,*
p.Asp1448Ala,*,*,*
p.Asp1448Arg,*,*,*
p.Asp1448Asn,*,*,*
p.Asp1448Cys,*,*,*
p.Asp1448Gln,*,*,*
p.Asp1448Glu,*,*,*
p.Asp1448Gly,*,*,*
p.Asp1448His,*,*,*
p.Asp1448Ile,*,*,*
p.Asp1448Leu,*,*,*
p.Asp1448Lys,*,*,*
p.Asp1448Met,*,*,*
p.Asp1448Phe,*,*,*
p.Asp1448Pro,*,*,*
p.Asp1448Ser,*,*,*
p.Asp1448Ter,*,*,*
p.Asp1448Thr,*,*,*
p.Asp1448Trp,*,*,*
p.Asp1448Tyr,*,*,*
p.Asp1448Val,*,*,*
p.Asp1450=,*,*,*
p.Asp1450Ala,*,*,*
p.Asp1450Arg,*,*,*
p.Asp1450Asn,*,*,*
p.Asp1450Cys,*,*,*
p.Asp1450Gln,*,*,*
p.Asp1450Glu,*,*,*
p.Asp1450Gly,*,*,*
p.Asp1450His,*,*,*
p.Asp1450Ile,*,*,*
p.Asp1450Leu,*,*,*
p.Asp1450Lys,*,*,*
p.Asp1450Met,*,*,*
p.Asp1450Phe,*,*,*
p.Asp1450Pro,*,*,*
p.Asp1450Ser,*,*,*
p.Asp1450Ter,*,*,*
p.Asp1450Thr,*,*,*
p.Asp1450Trp,*,*,*
p.Asp1450Tyr,*,*,*
p.Asp1450Val,*,*,*
p.Asp1460=,*,*,*
p.Asp1460Ala,*,*,*
p.Asp1460Arg,*,*,*
p.Asp1460Asn,*,*,*
p.Asp1460Cys,*,*,*
p.Asp1460Gln,*,*,*
p.Asp1460Glu,*,*,*
p.Asp1460Gly,*,*,*
p.Asp1460His,*,*,*
p.Asp1460Ile,*,*,*
p.Asp1460Leu,*,*,*
p.Asp1460Lys,*,*,*
p.Asp1460Met,*,*,*
p.Asp1460Phe,*,*,*
p.Asp1460Pro,*,*,*
p.Asp1460Ser,*,*,*
p.Asp1460Ter,*,*,*
p.Asp1460Thr,*,*,*
p.Asp1460Trp,*,*,*
p.Asp1460Tyr,*,*,*
p.Asp1460Val,*,*,*
p.Asp730=,*,*,*
p.Asp730Ala,*,*,*
p.Asp730Arg,*,*,*
p.Asp730Asn,*,*,*
p.Asp730Cys,*,*,*
p.Asp730Gln,*,*,*
p.Asp730Glu,*,*,*
p.Asp730Gly,*,*,*
p.Asp730His,*,*,*
p.Asp730Ile,*,*,*
p.Asp730Leu,*,*,*
p.Asp730Lys,*,*,*
p.Asp730Met,*,*,*
p.Asp730Phe,*,*,*
p.Asp730Pro,*,*,*
p.Asp730Ser,*,*,*
p.Asp730Ter,*,*,*
p.Asp730Thr,*,*,*
p.Asp730Trp,*,*,*
p.Asp730Tyr,*,*,*
p.Asp730Val,*,*,*
p.Asp765=,*,*,*
p.Asp765Ala,*,*,*
p.Asp765Arg,*,*,*
p.Asp765Asn,*,*,*
p.Asp765Cys,*,*,*
p.Asp765Gln,*,*,*
p.Asp765Glu,*,*,*
p.Asp765Gly,*,*,*
p.Asp765His,*,*,*
p.Asp765Ile,*,*,*
p.Asp765Leu,*,*,*
p.Asp765Lys,*,*,*
p.Asp765Met,*,*,*
p.Asp765Phe,*,*,*
p.Asp765Pro,*,*,*
p.Asp765Ser,*,*,*
p.Asp765Ter,*,*,*
p.Asp765Thr,*,*,*
p.Asp765Trp,*,*,*
p.Asp765Tyr,*,*,*
p.Asp765Val,*,*,*
p.Asp811=,*,*,*
p.Asp811Ala,*,*,*
p.Asp811Arg,*,*,*
p.Asp811Asn,*,*,*
p.Asp811Cys,*,*,*
p.Asp811Gln,*,*,*
p.Asp811Glu,*,*,*
p.Asp811Gly,*,*,*
p.Asp811His,*,*,*
p.Asp811Ile,*,*,*
p.Asp811Leu,*,*,*
p.Asp811Phe,*,*,*
p.Asp811Pro,*,*,*
p.Asp811Ser,*,*,*
p.Asp811Ter,*,*,*
p.Asp811Thr,*,*,*
p.Asp811Trp,*,*,*
p.Asp811Tyr,*,*,*
p.Asp811Val,*,*,*
p.Asp829=,*,*,*
p.Asp829Ala,*,*,*
p.Asp829Arg,*,*,*
p.Asp829Asn,*,*,*
p.Asp829Cys,*,*,*
p.Asp829Gln,*,*,*
p.Asp829Glu,*,*,*
p.Asp829Gly,*,*,*
p.Asp829His,*,*,*
p.Asp829Ile,*,*,*
p.Asp829Leu,*,*,*
p.Asp829Lys,*,*,*
p.Asp829Met,*,*,*
p.Asp829Phe,*,*,*
p.Asp829Pro,*,*,*
p.Asp829Ser,*,*,*
p.Asp829Ter,*,*,*
p.Asp829Thr,*,*,*
p.Asp829Trp,*,*,*
p.Asp829Tyr,*,*,*
p.Asp829Val,*,*,*
p.Asp842=,*,*,*
p.Asp842Ala,*,*,*
p.Asp842Arg,*,*,*
p.Asp842Asn,*,*,*
p.Asp842Cys,*,*,*
p.Asp842Gln,*,*,*
p.Asp842Glu,*,*,*
p.Asp842Gly,*,*,*
p.Asp842His,*,*,*
p.Asp842Ile,*,*,*
p.Asp842Leu,*,*,*
p.Asp842Lys,*,*,*
p.Asp842Met,*,*,*
p.Asp842Phe,*,*,*
p.Asp842Pro,*,*,*
p.Asp842Ser,*,*,*
p.Asp842Ter,*,*,*
p.Asp842Thr,*,*,*
p.Asp842Trp,*,*,*
p.Asp842Tyr,*,*,*
p.Asp842Val,*,*,*
p.Asp853=,*,*,*
p.Asp853Ala,*,*,*
p.Asp853Arg,*,*,*
p.Asp853Asn,*,*,*
p.Asp853Cys,*,*,*
p.Asp853Gln,*,*,*
p.Asp853Glu,*,*,*
p.Asp853Gly,*,*,*
p.Asp853His,*,*,*
p.Asp853Ile,*,*,*
p.Asp853Leu,*,*,*
p.Asp853Lys,*,*,*
p.Asp853Met,*,*,*
p.Asp853Phe,*,*,*
p.Asp853Pro,*,*,*
p.Asp853Ser,*,*,*
p.Asp853Ter,*,*,*
p.Asp853Thr,*,*,*
p.Asp853Trp,*,*,*
p.Asp853Tyr,*,*,*
p.Asp853Val,*,*,*
p.Asp893=,*,*,*
p.Asp893Ala,*,*,*
p.Asp893Arg,*,*,*
p.Asp893Asn,*,*,*
p.Asp893Cys,*,*,*
p.Asp893Gln,*,*,*
p.Asp893Glu,*,*,*
p.Asp893Gly,*,*,*
p.Asp893His,*,*,*
p.Asp893Ile,*,*,*
p.Asp893Leu,*,*,*
p.Asp893Lys,*,*,*
p.Asp893Met,*,*,*
p.Asp893Phe,*,*,*
p.Asp893Pro,*,*,*
p.Asp893Ser,*,*,*
p.Asp893Ter,*,*,*
p.Asp893Thr,*,*,*
p.Asp893Trp,*,*,*
p.Asp893Tyr,*,*,*
p.Asp893Val,*,*,*
p.Asp918=,*,*,*
p.Asp918Ala,*,*,*
p.Asp918Arg,*,*,*
p.Asp918Asn,*,*,*
p.Asp918Cys,*,*,*
p.Asp918Gln,*,*,*
p.Asp918Glu,*,*,*
p.Asp918Gly,*,*,*
p.Asp918His,*,*,*
p.Asp918Ile,*,*,*
p.Asp918Leu,*,*,*
p.Asp918Lys,*,*,*
p.Asp918Met,*,*,*
p.Asp918Phe,*,*,*
p.Asp918Pro,*,*,*
p.Asp918Ser,*,*,*
p.Asp918Ter,*,*,*
p.Asp918Thr,*,*,*
p.Asp918Trp,*,*,*
p.Asp918Tyr,*,*,*
p.Asp918Val,*,*,*
p.Asp946=,*,*,*
p.Asp946Ala,*,*,*
p.Asp946Arg,*,*,*
p.Asp946Asn,*,*,*
p.Asp946Cys,*,*,*
p.Asp946Gln,*,*,*
p.Asp946Glu,*,*,*
p.Asp946Gly,*,*,*
p.Asp946His,*,*,*
p.Asp946Ile,*,*,*
p.Asp946Leu,*,*,*
p.Asp946Lys,*,*,*
p.Asp946Met,*,*,*
p.Asp946Phe,*,*,*
p.Asp946Pro,*,*,*
p.Asp946Ser,*,*,*
p.Asp946Ter,*,*,*
p.Asp946Thr,*,*,*
p.Asp946Trp,*,*,*
p.Asp946Tyr,*,*,*
p.Asp946Val,*,*,*
p.Cys1079=,*,*,*
p.Cys1079Ala,*,*,*
p.Cys1079Arg,*,*,*
p.Cys1079Asn,*,*,*
p.Cys1079Asp,*,*,*
p.Cys1079Gln,*,*,*
p.Cys1079Glu,*,*,*
p.Cys1079Gly,*,*,*
p.Cys1079His,*,*,*
p.Cys1079Ile,*,*,*
p.Cys1079Leu,*,*,*
p.Cys1079Lys,*,*,*
p.Cys1079Met,*,*,*
p.Cys1079Phe,*,*,*
p.Cys1079Pro,*,*,*
p.Cys1079Ser,*,*,*
p.Cys1079Ter,*,*,*
p.Cys1079Thr,*,*,*
p.Cys1079Trp,*,*,*
p.Cys1079Tyr,*,*,*
p.Cys1079Val,*,*,*
p.Cys1091=,*,*,*
p.Cys1091Ala,*,*,*
p.Cys1091Arg,*,*,*
p.Cys1091Asn,*,*,*
p.Cys1091Asp,*,*,*
p.Cys1091Gln,*,*,*
p.Cys1091Glu,*,*,*
p.Cys1091Gly,*,*,*
p.Cys1091His,*,*,*
p.Cys1091Ile,*,*,*
p.Cys1091Leu,*,*,*
p.Cys1091Lys,*,*,*
p.Cys1091Met,*,*,*
p.Cys1091Phe,*,*,*
p.Cys1091Pro,*,*,*
p.Cys1091Ser,*,*,*
p.Cys1091Ter,*,*,*
p.Cys1091Thr,*,*,*
p.Cys1091Trp,*,*,*
p.Cys1091Tyr,*,*,*
p.Cys1091Val,*,*,*
p.Cys1100=,*,*,*
p.Cys1100Ala,*,*,*
p.Cys1100Arg,*,*,*
p.Cys1100Asn,*,*,*
p.Cys1100Asp,*,*,*
p.Cys1100Gln,*,*,*
p.Cys1100Glu,*,*,*
p.Cys1100Gly,*,*,*
p.Cys1100His,*,*,*
p.Cys1100Ile,*,*,*
p.Cys1100Leu,*,*,*
p.Cys1100Lys,*,*,*
p.Cys1100Met,*,*,*
p.Cys1100Phe,*,*,*
p.Cys1100Pro,*,*,*
p.Cys1100Ser,*,*,*
p.Cys1100Ter,*,*,*
p.Cys1100Thr,*,*,*
p.Cys1100Trp,*,*,*
p.Cys1100Tyr,*,*,*
p.Cys1100Val,*,*,*
p.Cys1104=,*,*,*
p.Cys1104Ala,*,*,*
p.Cys1104Arg,*,*,*
p.Cys1104Asn,*,*,*
p.Cys1104Asp,*,*,*
p.Cys1104Gln,*,*,*
p.Cys1104Glu,*,*,*
p.Cys1104Gly,*,*,*
p.Cys1104His,*,*,*
p.Cys1104Ile,*,*,*
p.Cys1104Leu,*,*,*
p.Cys1104Phe,*,*,*
p.Cys1104Pro,*,*,*
p.Cys1104Ser,*,*,*
p.Cys1104Ter,*,*,*
p.Cys1104Thr,*,*,*
p.Cys1104Trp,*,*,*
p.Cys1104Tyr,*,*,*
p.Cys1104Val,*,*,*
p.Cys1189=,*,*,*
p.Cys1189Ala,*,*,*
p.Cys1189Arg,*,*,*
p.Cys1189Asn,*,*,*
p.Cys1189Asp,*,*,*
p.Cys1189Gln,*,*,*
p.Cys1189Glu,*,*,*
p.Cys1189Gly,*,*,*
p.Cys1189His,*,*,*
p.Cys1189Ile,*,*,*
p.Cys1189Leu,*,*,*
p.Cys1189Met,*,*,*
p.Cys1189Phe,*,*,*
p.Cys1189Pro,*,*,*
p.Cys1189Ser,*,*,*
p.Cys1189Ter,*,*,*
p.Cys1189Thr,*,*,*
p.Cys1189Trp,*,*,*
p.Cys1189Tyr,*,*,*
p.Cys1189Val,*,*,*
p.Cys1375=,*,*,*
p.Cys1375Ala,*,*,*
p.Cys1375Arg,*,*,*
p.Cys1375Asn,*,*,*
p.Cys1375Asp,*,*,*
p.Cys1375Gln,*,*,*
p.Cys1375Glu,*,*,*
p.Cys1375Gly,*,*,*
p.Cys1375His,*,*,*
p.Cys1375Ile,*,*,*
p.Cys1375Leu,*,*,*
p.Cys1375Lys,*,*,*
p.Cys1375Met,*,*,*
p.Cys1375Phe,*,*,*
p.Cys1375Pro,*,*,*
p.Cys1375Ser,*,*,*
p.Cys1375Ter,*,*,*
p.Cys1375Thr,*,*,*
p.Cys1375Trp,*,*,*
p.Cys1375Tyr,*,*,*
p.Cys1375Val,*,*,*
p.Cys980=,*,*,*
p.Cys980Ala,*,*,*
p.Cys980Arg,*,*,*
p.Cys980Asn,*,*,*
p.Cys980Asp,*,*,*
p.Cys980Gln,*,*,*
p.Cys980Glu,*,*,*
p.Cys980Gly,*,*,*
p.Cys980His,*,*,*
p.Cys980Ile,*,*,*
p.Cys980Leu,*,*,*
p.Cys980Lys,*,*,*
p.Cys980Met,*,*,*
p.Cys980Phe,*,*,*
p.Cys980Pro,*,*,*
p.Cys980Ser,*,*,*
p.Cys980Ter,*,*,*
p.Cys980Thr,*,*,*
p.Cys980Trp,*,*,*
p.Cys980Tyr,*,*,*
p.Cys980Val,*,*,*
p.Cys983=,*,*,*
p.Cys983Ala,*,*,*
p.Cys983Arg,*,*,*
p.Cys983Asn,*,*,*
p.Cys983Asp,*,*,*
p.Cys983Gln,*,*,*
p.Cys983Glu,*,*,*
p.Cys983Gly,*,*,*
p.Cys983His,*,*,*
p.Cys983Ile,*,*,*
p.Cys983Leu,*,*,*
p.Cys983Lys,*,*,*
p.Cys983Met,*,*,*
p.Cys983Phe,*,*,*
p.Cys983Pro,*,*,*
p.Cys983Ser,*,*,*
p.Cys983Ter,*,*,*
p.Cys983Thr,*,*,*
p.Cys983Trp,*,*,*
p.Cys983Tyr,*,*,*
p.Cys983Val,*,*,*
p.Cys985=,*,*,*
p.Cys985Ala,*,*,*
p.Cys985Arg,*,*,*
p.Cys985Asn,*,*,*
p.Cys985Asp,*,*,*
p.Cys985Gln,*,*,*
p.Cys985Glu,*,*,*
p.Cys985Gly,*,*,*
p.Cys985His,*,*,*
p.Cys985Ile,*,*,*
p.Cys985Leu,*,*,*
p.Cys985Lys,*,*,*
p.Cys985Met,*,*,*
p.Cys985Phe,*,*,*
p.Cys985Pro,*,*,*
p.Cys985Ser,*,*,*
p.Cys985Ter,*,*,*
p.Cys985Thr,*,*,*
p.Cys985Trp,*,*,*
p.Cys985Tyr,*,*,*
p.Cys985Val,*,*,*
p.Gln1004=,*,*,*
p.Gln1004Ala,*,*,*
p.Gln1004Arg,*,*,*
p.Gln1004Asn,*,*,*
p.Gln1004Asp,*,*,*
p.Gln1004Cys,*,*,*
p.Gln1004Glu,*,*,*
p.Gln1004Gly,*,*,*
p.Gln1004His,*,*,*
p.Gln1004Ile,*,*,*
p.Gln1004Leu,*,*,*
p.Gln1004Lys,*,*,*
p.Gln1004Met,*,*,*
p.Gln1004Phe,*,*,*
p.Gln1004Pro,*,*,*
p.Gln1004Ser,*,*,*
p.Gln1004Ter,*,*,*
p.Gln1004Thr,*,*,*
p.Gln1004Trp,*,*,*
p.Gln1004Tyr,*,*,*
p.Gln1004Val,*,*,*
p.Gln1095=,*,*,*
p.Gln1095Ala,*,*,*
p.Gln1095Arg,*,*,*
p.Gln1095Asn,*,*,*
p.Gln1095Asp,*,*,*
p.Gln1095Cys,*,*,*
p.Gln1095Glu,*,*,*
p.Gln1095Gly,*,*,*
p.Gln1095His,*,*,*
p.Gln1095Ile,*,*,*
p.Gln1095Leu,*,*,*
p.Gln1095Lys,*,*,*
p.Gln1095Met,*,*,*
p.Gln1095Phe,*,*,*
p.Gln1095Pro,*,*,*
p.Gln1095Ser,*,*,*
p.Gln1095Ter,*,*,*
p.Gln1095Thr,*,*,*
p.Gln1095Trp,*,*,*
p.Gln1095Tyr,*,*,*
p.Gln1095Val,*,*,*
p.Gln1142=,*,*,*
p.Gln1142Ala,*,*,*
p.Gln1142Arg,*,*,*
p.Gln1142Asn,*,*,*
p.Gln1142Asp,*,*,*
p.Gln1142Cys,*,*,*
p.Gln1142Glu,*,*,*
p.Gln1142Gly,*,*,*
p.Gln1142His,*,*,*
p.Gln1142Ile,*,*,*
p.Gln1142Leu,*,*,*
p.Gln1142Lys,*,*,*
p.Gln1142Met,*,*,*
p.Gln1142Phe,*,*,*
p.Gln1142Pro,*,*,*
p.Gln1142Ser,*,*,*
p.Gln1142Ter,*,*,*
p.Gln1142Trp,*,*,*
p.Gln1142Tyr,*,*,*
p.Gln1142Val,*,*,*
p.Gln1177=,*,*,*
p.Gln1177Ala,*,*,*
p.Gln1177Arg,*,*,*
p.Gln1177Asn,*,*,*
p.Gln1177Asp,*,*,*
p.Gln1177Cys,*,*,*
p.Gln1177Glu,*,*,*
p.Gln1177Gly,*,*,*
p.Gln1177His,*,*,*
p.Gln1177Ile,*,*,*
p.Gln1177Leu,*,*,*
p.Gln1177Lys,*,*,*
p.Gln1177Met,*,*,*
p.Gln1177Phe,*,*,*
p.Gln1177Pro,*,*,*
p.Gln1177Ser,*,*,*
p.Gln1177Ter,*,*,*
p.Gln1177Thr,*,*,*
p.Gln1177Trp,*,*,*
p.Gln1177Tyr,*,*,*
p.Gln1177Val,*,*,*
p.Gln1200=,*,*,*
p.Gln1200Ala,*,*,*
p.Gln1200Arg,*,*,*
p.Gln1200Asn,*,*,*
p.Gln1200Asp,*,*,*
p.Gln1200Cys,*,*,*
p.Gln1200Glu,*,*,*
p.Gln1200Gly,*,*,*
p.Gln1200His,*,*,*
p.Gln1200Ile,*,*,*
p.Gln1200Leu,*,*,*
p.Gln1200Lys,*,*,*
p.Gln1200Met,*,*,*
p.Gln1200Phe,*,*,*
p.Gln1200Pro,*,*,*
p.Gln1200Ser,*,*,*
p.Gln1200Ter,*,*,*
p.Gln1200Thr,*,*,*
p.Gln1200Trp,*,*,*
p.Gln1200Tyr,*,*,*
p.Gln1200Val,*,*,*
p.Gln1210=,*,*,*
p.Gln1210Ala,*,*,*
p.Gln1210Arg,*,*,*
p.Gln1210Asn,*,*,*
p.Gln1210Asp,*,*,*
p.Gln1210Cys,*,*,*
p.Gln1210Glu,*,*,*
p.Gln1210Gly,*,*,*
p.Gln1210His,*,*,*
p.Gln1210Ile,*,*,*
p.Gln1210Leu,*,*,*
p.Gln1210Lys,*,*,*
p.Gln1210Met,*,*,*
p.Gln1210Phe,*,*,*
p.Gln1210Pro,*,*,*
p.Gln1210Ser,*,*,*
p.Gln1210Ter,*,*,*
p.Gln1210Thr,*,*,*
p.Gln1210Trp,*,*,*
p.Gln1210Tyr,*,*,*
p.Gln1210Val,*,*,*
p.Gln1233=,*,*,*
p.Gln1233Ala,*,*,*
p.Gln1233Arg,*,*,*
p.Gln1233Asn,*,*,*
p.Gln1233Asp,*,*,*
p.Gln1233Cys,*,*,*
p.Gln1233Glu,*,*,*
p.Gln1233Gly,*,*,*
p.Gln1233His,*,*,*
p.Gln1233Ile,*,*,*
p.Gln1233Leu,*,*,*
p.Gln1233Lys,*,*,*
p.Gln1233Met,*,*,*
p.Gln1233Phe,*,*,*
p.Gln1233Pro,*,*,*
p.Gln1233Ser,*,*,*
p.Gln1233Ter,*,*,*
p.Gln1233Thr,*,*,*
p.Gln1233Trp,*,*,*
p.Gln1233Tyr,*,*,*
p.Gln1233Val,*,*,*
p.Gln1253=,*,*,*
p.Gln1253Ala,*,*,*
p.Gln1253Arg,*,*,*
p.Gln1253Asn,*,*,*
p.Gln1253Asp,*,*,*
p.Gln1253Cys,*,*,*
p.Gln1253Glu,*,*,*
p.Gln1253Gly,*,*,*
p.Gln1253His,*,*,*
p.Gln1253Ile,*,*,*
p.Gln1253Leu,*,*,*
p.Gln1253Lys,*,*,*
p.Gln1253Met,*,*,*
p.Gln1253Phe,*,*,*
p.Gln1253Pro,*,*,*
p.Gln1253Ser,*,*,*
p.Gln1253Ter,*,*,*
p.Gln1253Thr,*,*,*
p.Gln1253Trp,*,*,*
p.Gln1253Tyr,*,*,*
p.Gln1253Val,*,*,*
p.Gln1256=,*,*,*
p.Gln1256Ala,*,*,*
p.Gln1256Arg,*,*,*
p.Gln1256Asn,*,*,*
p.Gln1256Asp,*,*,*
p.Gln1256Cys,*,*,*
p.Gln1256Glu,*,*,*
p.Gln1256Gly,*,*,*
p.Gln1256His,*,*,*
p.Gln1256Ile,*,*,*
p.Gln1256Leu,*,*,*
p.Gln1256Lys,*,*,*
p.Gln1256Met,*,*,*
p.Gln1256Phe,*,*,*
p.Gln1256Pro,*,*,*
p.Gln1256Ser,*,*,*
p.Gln1256Ter,*,*,*
p.Gln1256Thr,*,*,*
p.Gln1256Trp,*,*,*
p.Gln1256Tyr,*,*,*
p.Gln1256Val,*,*,*
p.Gln1277=,*,*,*
p.Gln1277Ala,*,*,*
p.Gln1277Arg,*,*,*
p.Gln1277Asn,*,*,*
p.Gln1277Asp,*,*,*
p.Gln1277Cys,*,*,*
p.Gln1277Glu,*,*,*
p.Gln1277Gly,*,*,*
p.Gln1277His,*,*,*
p.Gln1277Ile,*,*,*
p.Gln1277Leu,*,*,*
p.Gln1277Lys,*,*,*
p.Gln1277Met,*,*,*
p.Gln1277Phe,*,*,*
p.Gln1277Pro,*,*,*
p.Gln1277Ser,*,*,*
p.Gln1277Ter,*,*,*
p.Gln1277Thr,*,*,*
p.Gln1277Trp,*,*,*
p.Gln1277Tyr,*,*,*
p.Gln1277Val,*,*,*
p.Gln1351=,*,*,*
p.Gln1351Ala,*,*,*
p.Gln1351Arg,*,*,*
p.Gln1351Asn,*,*,*
p.Gln1351Asp,*,*,*
p.Gln1351Cys,*,*,*
p.Gln1351Glu,*,*,*
p.Gln1351Gly,*,*,*
p.Gln1351His,*,*,*
p.Gln1351Ile,*,*,*
p.Gln1351Leu,*,*,*
p.Gln1351Lys,*,*,*
p.Gln1351Met,*,*,*
p.Gln1351Phe,*,*,*
p.Gln1351Pro,*,*,*
p.Gln1351Ser,*,*,*
p.Gln1351Ter,*,*,*
p.Gln1351Thr,*,*,*
p.Gln1351Trp,*,*,*
p.Gln1351Tyr,*,*,*
p.Gln1351Val,*,*,*
p.Gln1372=,*,*,*
p.Gln1372Ala,*,*,*
p.Gln1372Arg,*,*,*
p.Gln1372Asn,*,*,*
p.Gln1372Asp,*,*,*
p.Gln1372Cys,*,*,*
p.Gln1372Glu,*,*,*
p.Gln1372Gly,*,*,*
p.Gln1372His,*,*,*
p.Gln1372Ile,*,*,*
p.Gln1372Leu,*,*,*
p.Gln1372Lys,*,*,*
p.Gln1372Met,*,*,*
p.Gln1372Phe,*,*,*
p.Gln1372Pro,*,*,*
p.Gln1372Ser,*,*,*
p.Gln1372Ter,*,*,*
p.Gln1372Thr,*,*,*
p.Gln1372Trp,*,*,*
p.Gln1372Tyr,*,*,*
p.Gln1372Val,*,*,*
p.Gln1387=,*,*,*
p.Gln1387Ala,*,*,*
p.Gln1387Arg,*,*,*
p.Gln1387Asn,*,*,*
p.Gln1387Asp,*,*,*
p.Gln1387Cys,*,*,*
p.Gln1387Glu,*,*,*
p.Gln1387Gly,*,*,*
p.Gln1387His,*,*,*
p.Gln1387Ile,*,*,*
p.Gln1387Leu,*,*,*
p.Gln1387Lys,*,*,*
p.Gln1387Met,*,*,*
p.Gln1387Phe,*,*,*
p.Gln1387Pro,*,*,*
p.Gln1387Ser,*,*,*
p.Gln1387Ter,*,*,*
p.Gln1387Thr,*,*,*
p.Gln1387Trp,*,*,*
p.Gln1387Tyr,*,*,*
p.Gln1387Val,*,*,*
p.Gln1399=,*,*,*
p.Gln1399Ala,*,*,*
p.Gln1399Arg,*,*,*
p.Gln1399Asn,*,*,*
p.Gln1399Asp,*,*,*
p.Gln1399Cys,*,*,*
p.Gln1399Glu,*,*,*
p.Gln1399Gly,*,*,*
p.Gln1399His,*,*,*
p.Gln1399Ile,*,*,*
p.Gln1399Leu,*,*,*
p.Gln1399Lys,*,*,*
p.Gln1399Met,*,*,*
p.Gln1399Phe,*,*,*
p.Gln1399Pro,*,*,*
p.Gln1399Ser,*,*,*
p.Gln1399Ter,*,*,*
p.Gln1399Thr,*,*,*
p.Gln1399Trp,*,*,*
p.Gln1399Tyr,*,*,*
p.Gln1399Val,*,*,*
p.Gln1421=,*,*,*
p.Gln1421Ala,*,*,*
p.Gln1421Arg,*,*,*
p.Gln1421Asn,*,*,*
p.Gln1421Asp,*,*,*
p.Gln1421Cys,*,*,*
p.Gln1421Glu,*,*,*
p.Gln1421Gly,*,*,*
p.Gln1421His,*,*,*
p.Gln1421Ile,*,*,*
p.Gln1421Leu,*,*,*
p.Gln1421Lys,*,*,*
p.Gln1421Met,*,*,*
p.Gln1421Phe,*,*,*
p.Gln1421Pro,*,*,*
p.Gln1421Ser,*,*,*
p.Gln1421Ter,*,*,*
p.Gln1421Thr,*,*,*
p.Gln1421Trp,*,*,*
p.Gln1421Tyr,*,*,*
p.Gln1421Val,*,*,*
p.Gln1427=,*,*,*
p.Gln1427Ala,*,*,*
p.Gln1427Arg,*,*,*
p.Gln1427Asn,*,*,*
p.Gln1427Asp,*,*,*
p.Gln1427Cys,*,*,*
p.Gln1427Glu,*,*,*
p.Gln1427Gly,*,*,*
p.Gln1427His,*,*,*
p.Gln1427Ile,*,*,*
p.Gln1427Leu,*,*,*
p.Gln1427Lys,*,*,*
p.Gln1427Met,*,*,*
p.Gln1427Phe,*,*,*
p.Gln1427Pro,*,*,*
p.Gln1427Ser,*,*,*
p.Gln1427Ter,*,*,*
p.Gln1427Thr,*,*,*
p.Gln1427Trp,*,*,*
p.Gln1427Tyr,*,*,*
p.Gln1427Val,*,*,*
p.Gln1463=,*,*,*
p.Gln1463Ala,*,*,*
p.Gln1463Arg,*,*,*
p.Gln1463Asp,*,*,*
p.Gln1463Glu,*,*,*
p.Gln1463Gly,*,*,*
p.Gln1463His,*,*,*
p.Gln1463Leu,*,*,*
p.Gln1463Lys,*,*,*
p.Gln1463Met,*,*,*
p.Gln1463Phe,*,*,*
p.Gln1463Pro,*,*,*
p.Gln1463Ser,*,*,*
p.Gln1463Ter,*,*,*
p.Gln1463Trp,*,*,*
p.Gln1463Tyr,*,*,*
p.Gln1463Val,*,*,*
p.Gln707Ala,*,*,*
p.Gln707Arg,*,*,*
p.Gln707Asp,*,*,*
p.Gln707Cys,*,*,*
p.Gln707Glu,*,*,*
p.Gln707Gly,*,*,*
p.Gln707His,*,*,*
p.Gln707Ile,*,*,*
p.Gln707Leu,*,*,*
p.Gln707Met,*,*,*
p.Gln707Phe,*,*,*
p.Gln707Pro,*,*,*
p.Gln707Ser,*,*,*
p.Gln707Ter,*,*,*
p.Gln707Thr,*,*,*
p.Gln707Trp,*,*,*
p.Gln707Tyr,*,*,*
p.Gln707Val,*,*,*
p.Gln717=,*,*,*
p.Gln717Ala,*,*,*
p.Gln717Arg,*,*,*
p.Gln717Asn,*,*,*
p.Gln717Asp,*,*,*
p.Gln717Cys,*,*,*
p.Gln717Glu,*,*,*
p.Gln717Gly,*,*,*
p.Gln717His,*,*,*
p.Gln717Ile,*,*,*
p.Gln717Leu,*,*,*
p.Gln717Lys,*,*,*
p.Gln717Met,*,*,*
p.Gln717Phe,*,*,*
p.Gln717Pro,*,*,*
p.Gln717Ser,*,*,*
p.Gln717Ter,*,*,*
p.Gln717Thr,*,*,*
p.Gln717Trp,*,*,*
p.Gln717Tyr,*,*,*
p.Gln717Val,*,*,*
p.Gln799=,*,*,*
p.Gln799Ala,*,*,*
p.Gln799Arg,*,*,*
p.Gln799Asn,*,*,*
p.Gln799Asp,*,*,*
p.Gln799Cys,*,*,*
p.Gln799Glu,*,*,*
p.Gln799Gly,*,*,*
p.Gln799His,*,*,*
p.Gln799Ile,*,*,*
p.Gln799Leu,*,*,*
p.Gln799Lys,*,*,*
p.Gln799Met,*,*,*
p.Gln799Phe,*,*,*
p.Gln799Pro,*,*,*
p.Gln799Ser,*,*,*
p.Gln799Ter,*,*,*
p.Gln799Thr,*,*,*
p.Gln799Trp,*,*,*
p.Gln799Tyr,*,*,*
p.Gln799Val,*,*,*
p.Gln819=,*,*,*
p.Gln819Ala,*,*,*
p.Gln819Arg,*,*,*
p.Gln819Asn,*,*,*
p.Gln819Asp,*,*,*
p.Gln819Cys,*,*,*
p.Gln819Glu,*,*,*
p.Gln819Gly,*,*,*
p.Gln819His,*,*,*
p.Gln819Ile,*,*,*
p.Gln819Leu,*,*,*
p.Gln819Lys,*,*,*
p.Gln819Met,*,*,*
p.Gln819Phe,*,*,*
p.Gln819Pro,*,*,*
p.Gln819Ser,*,*,*
p.Gln819Ter,*,*,*
p.Gln819Thr,*,*,*
p.Gln819Trp,*,*,*
p.Gln819Tyr,*,*,*
p.Gln819Val,*,*,*
p.Gln826=,*,*,*
p.Gln826Ala,*,*,*
p.Gln826Arg,*,*,*
p.Gln826Asn,*,*,*
p.Gln826Asp,*,*,*
p.Gln826Cys,*,*,*
p.Gln826Glu,*,*,*
p.Gln826Gly,*,*,*
p.Gln826His,*,*,*
p.Gln826Ile,*,*,*
p.Gln826Leu,*,*,*
p.Gln826Lys,*,*,*
p.Gln826Met,*,*,*
p.Gln826Phe,*,*,*
p.Gln826Pro,*,*,*
p.Gln826Ser,*,*,*
p.Gln826Ter,*,*,*
p.Gln826Thr,*,*,*
p.Gln826Trp,*,*,*
p.Gln826Tyr,*,*,*
p.Gln826Val,*,*,*
p.Gln898=,*,*,*
p.Gln898Ala,*,*,*
p.Gln898Arg,*,*,*
p.Gln898Asn,*,*,*
p.Gln898Asp,*,*,*
p.Gln898Cys,*,*,*
p.Gln898Glu,*,*,*
p.Gln898Gly,*,*,*
p.Gln898His,*,*,*
p.Gln898Ile,*,*,*
p.Gln898Leu,*,*,*
p.Gln898Lys,*,*,*
p.Gln898Met,*,*,*
p.Gln898Phe,*,*,*
p.Gln898Pro,*,*,*
p.Gln898Ser,*,*,*
p.Gln898Ter,*,*,*
p.Gln898Thr,*,*,*
p.Gln898Trp,*,*,*
p.Gln898Tyr,*,*,*
p.Gln898Val,*,*,*
p.Gln907=,*,*,*
p.Gln907Ala,*,*,*
p.Gln907Arg,*,*,*
p.Gln907Asn,*,*,*
p.Gln907Asp,*,*,*
p.Gln907Cys,*,*,*
p.Gln907Glu,*,*,*
p.Gln907Gly,*,*,*
p.Gln907His,*,*,*
p.Gln907Ile,*,*,*
p.Gln907Leu,*,*,*
p.Gln907Lys,*,*,*
p.Gln907Met,*,*,*
p.Gln907Phe,*,*,*
p.Gln907Pro,*,*,*
p.Gln907Ser,*,*,*
p.Gln907Ter,*,*,*
p.Gln907Thr,*,*,*
p.Gln907Trp,*,*,*
p.Gln907Tyr,*,*,*
p.Gln907Val,*,*,*
p.Gln914=,*,*,*
p.Gln914Ala,*,*,*
p.Gln914Arg,*,*,*
p.Gln914Asn,*,*,*
p.Gln914Asp,*,*,*
p.Gln914Cys,*,*,*
p.Gln914Glu,*,*,*
p.Gln914Gly,*,*,*
p.Gln914His,*,*,*
p.Gln914Ile,*,*,*
p.Gln914Leu,*,*,*
p.Gln914Lys,*,*,*
p.Gln914Met,*,*,*
p.Gln914Phe,*,*,*
p.Gln914Pro,*,*,*
p.Gln914Ser,*,*,*
p.Gln914Ter,*,*,*
p.Gln914Thr,*,*,*
p.Gln914Trp,*,*,*
p.Gln914Tyr,*,*,*
p.Gln914Val,*,*,*
p.Gln915=,*,*,*
p.Gln915Ala,*,*,*
p.Gln915Arg,*,*,*
p.Gln915Asn,*,*,*
p.Gln915Asp,*,*,*
p.Gln915Cys,*,*,*
p.Gln915Glu,*,*,*
p.Gln915Gly,*,*,*
p.Gln915His,*,*,*
p.Gln915Ile,*,*,*
p.Gln915Leu,*,*,*
p.Gln915Lys,*,*,*
p.Gln915Met,*,*,*
p.Gln915Phe,*,*,*
p.Gln915Pro,*,*,*
p.Gln915Ser,*,*,*
p.Gln915Ter,*,*,*
p.Gln915Thr,*,*,*
p.Gln915Trp,*,*,*
p.Gln915Tyr,*,*,*
p.Gln915Val,*,*,*
p.Gln951=,*,*,*
p.Gln951Ala,*,*,*
p.Gln951Arg,*,*,*
p.Gln951Asn,*,*,*
p.Gln951Asp,*,*,*
p.Gln951Cys,*,*,*
p.Gln951Glu,*,*,*
p.Gln951Gly,*,*,*
p.Gln951His,*,*,*
p.Gln951Ile,*,*,*
p.Gln951Leu,*,*,*
p.Gln951Lys,*,*,*
p.Gln951Met,*,*,*
p.Gln951Phe,*,*,*
p.Gln951Pro,*,*,*
p.Gln951Ser,*,*,*
p.Gln951Ter,*,*,*
p.Gln951Thr,*,*,*
p.Gln951Trp,*,*,*
p.Gln951Tyr,*,*,*
p.Gln951Val,*,*,*
p.Gln963=,*,*,*
p.Gln963Ala,*,*,*
p.Gln963Arg,*,*,*
p.Gln963Asn,*,*,*
p.Gln963Asp,*,*,*
p.Gln963Cys,*,*,*
p.Gln963Glu,*,*,*
p.Gln963Gly,*,*,*
p.Gln963His,*,*,*
p.Gln963Ile,*,*,*
p.Gln963Leu,*,*,*
p.Gln963Lys,*,*,*
p.Gln963Met,*,*,*
p.Gln963Phe,*,*,*
p.Gln963Pro,*,*,*
p.Gln963Ser,*,*,*
p.Gln963Ter,*,*,*
p.Gln963Thr,*,*,*
p.Gln963Trp,*,*,*
p.Gln963Tyr,*,*,*
p.Gln963Val,*,*,*
p.Gln973=,*,*,*
p.Gln973Ala,*,*,*
p.Gln973Arg,*,*,*
p.Gln973Asn,*,*,*
p.Gln973Asp,*,*,*
p.Gln973Cys,*,*,*
p.Gln973Glu,*,*,*
p.Gln973Gly,*,*,*
p.Gln973His,*,*,*
p.Gln973Ile,*,*,*
p.Gln973Leu,*,*,*
p.Gln973Lys,*,*,*
p.Gln973Met,*,*,*
p.Gln973Phe,*,*,*
p.Gln973Pro,*,*,*
p.Gln973Ser,*,*,*
p.Gln973Ter,*,*,*
p.Gln973Thr,*,*,*
p.Gln973Trp,*,*,*
p.Gln973Tyr,*,*,*
p.Gln973Val,*,*,*
p.Glu1016=,*,*,*
p.Glu1016Ala,*,*,*
p.Glu1016Arg,*,*,*
p.Glu1016Asn,*,*,*
p.Glu1016Asp,*,*,*
p.Glu1016Cys,*,*,*
p.Glu1016Gln,*,*,*
p.Glu1016Gly,*,*,*
p.Glu1016His,*,*,*
p.Glu1016Ile,*,*,*
p.Glu1016Leu,*,*,*
p.Glu1016Lys,*,*,*
p.Glu1016Met,*,*,*
p.Glu1016Phe,*,*,*
p.Glu1016Pro,*,*,*
p.Glu1016Ser,*,*,*
p.Glu1016Ter,*,*,*
p.Glu1016Thr,*,*,*
p.Glu1016Trp,*,*,*
p.Glu1016Tyr,*,*,*
p.Glu1016Val,*,*,*
p.Glu1064=,*,*,*
p.Glu1064Ala,*,*,*
p.Glu1064Arg,*,*,*
p.Glu1064Asp,*,*,*
p.Glu1064Cys,*,*,*
p.Glu1064Gln,*,*,*
p.Glu1064Gly,*,*,*
p.Glu1064His,*,*,*
p.Glu1064Ile,*,*,*
p.Glu1064Leu,*,*,*
p.Glu1064Lys,*,*,*
p.Glu1064Met,*,*,*
p.Glu1064Phe,*,*,*
p.Glu1064Pro,*,*,*
p.Glu1064Ser,*,*,*
p.Glu1064Ter,*,*,*
p.Glu1064Thr,*,*,*
p.Glu1064Trp,*,*,*
p.Glu1064Tyr,*,*,*
p.Glu1064Val,*,*,*
p.Glu1068=,*,*,*
p.Glu1068Ala,*,*,*
p.Glu1068Arg,*,*,*
p.Glu1068Asn,*,*,*
p.Glu1068Asp,*,*,*
p.Glu1068Cys,*,*,*
p.Glu1068Gln,*,*,*
p.Glu1068Gly,*,*,*
p.Glu1068His,*,*,*
p.Glu1068Ile,*,*,*
p.Glu1068Leu,*,*,*
p.Glu1068Lys,*,*,*
p.Glu1068Met,*,*,*
p.Glu1068Phe,*,*,*
p.Glu1068Pro,*,*,*
p.Glu1068Ser,*,*,*
p.Glu1068Ter,*,*,*
p.Glu1068Thr,*,*,*
p.Glu1068Trp,*,*,*
p.Glu1068Tyr,*,*,*
p.Glu1068Val,*,*,*
p.Glu1081=,*,*,*
p.Glu1081Ala,*,*,*
p.Glu1081Arg,*,*,*
p.Glu1081Asn,*,*,*
p.Glu1081Asp,*,*,*
p.Glu1081Cys,*,*,*
p.Glu1081Gln,*,*,*
p.Glu1081Gly,*,*,*
p.Glu1081His,*,*,*
p.Glu1081Ile,*,*,*
p.Glu1081Leu,*,*,*
p.Glu1081Met,*,*,*
p.Glu1081Phe,*,*,*
p.Glu1081Pro,*,*,*
p.Glu1081Ser,*,*,*
p.Glu1081Ter,*,*,*
p.Glu1081Thr,*,*,*
p.Glu1081Trp,*,*,*
p.Glu1081Tyr,*,*,*
p.Glu1081Val,*,*,*
p.Glu1082=,*,*,*
p.Glu1082Ala,*,*,*
p.Glu1082Arg,*,*,*
p.Glu1082Asn,*,*,*
p.Glu1082Asp,*,*,*
p.Glu1082Cys,*,*,*
p.Glu1082Gln,*,*,*
p.Glu1082Gly,*,*,*
p.Glu1082His,*,*,*
p.Glu1082Ile,*,*,*
p.Glu1082Leu,*,*,*
p.Glu1082Lys,*,*,*
p.Glu1082Met,*,*,*
p.Glu1082Phe,*,*,*
p.Glu1082Pro,*,*,*
p.Glu1082Ser,*,*,*
p.Glu1082Ter,*,*,*
p.Glu1082Thr,*,*,*
p.Glu1082Trp,*,*,*
p.Glu1082Tyr,*,*,*
p.Glu1082Val,*,*,*
p.Glu1086=,*,*,*
p.Glu1086Ala,*,*,*
p.Glu1086Arg,*,*,*
p.Glu1086Asn,*,*,*
p.Glu1086Asp,*,*,*
p.Glu1086Cys,*,*,*
p.Glu1086Gln,*,*,*
p.Glu1086Gly,*,*,*
p.Glu1086His,*,*,*
p.Glu1086Ile,*,*,*
p.Glu1086Leu,*,*,*
p.Glu1086Met,*,*,*
p.Glu1086Phe,*,*,*
p.Glu1086Pro,*,*,*
p.Glu1086Ser,*,*,*
p.Glu1086Ter,*,*,*
p.Glu1086Thr,*,*,*
p.Glu1086Trp,*,*,*
p.Glu1086Tyr,*,*,*
p.Glu1086Val,*,*,*
p.Glu1110=,*,*,*
p.Glu1110Ala,*,*,*
p.Glu1110Arg,*,*,*
p.Glu1110Asn,*,*,*
p.Glu1110Asp,*,*,*
p.Glu1110Cys,*,*,*
p.Glu1110Gln,*,*,*
p.Glu1110Gly,*,*,*
p.Glu1110His,*,*,*
p.Glu1110Ile,*,*,*
p.Glu1110Leu,*,*,*
p.Glu1110Lys,*,*,*
p.Glu1110Met,*,*,*
p.Glu1110Phe,*,*,*
p.Glu1110Pro,*,*,*
p.Glu1110Ser,*,*,*
p.Glu1110Ter,*,*,*
p.Glu1110Thr,*,*,*
p.Glu1110Trp,*,*,*
p.Glu1110Tyr,*,*,*
p.Glu1110Val,*,*,*
p.Glu1117=,*,*,*
p.Glu1117Ala,*,*,*
p.Glu1117Arg,*,*,*
p.Glu1117Asn,*,*,*
p.Glu1117Asp,*,*,*
p.Glu1117Cys,*,*,*
p.Glu1117Gln,*,*,*
p.Glu1117Gly,*,*,*
p.Glu1117His,*,*,*
p.Glu1117Ile,*,*,*
p.Glu1117Leu,*,*,*
p.Glu1117Lys,*,*,*
p.Glu1117Met,*,*,*
p.Glu1117Phe,*,*,*
p.Glu1117Pro,*,*,*
p.Glu1117Ser,*,*,*
p.Glu1117Ter,*,*,*
p.Glu1117Thr,*,*,*
p.Glu1117Trp,*,*,*
p.Glu1117Tyr,*,*,*
p.Glu1117Val,*,*,*
p.Glu1129=,*,*,*
p.Glu1129Ala,*,*,*
p.Glu1129Arg,*,*,*
p.Glu1129Asn,*,*,*
p.Glu1129Asp,*,*,*
p.Glu1129Cys,*,*,*
p.Glu1129Gln,*,*,*
p.Glu1129Gly,*,*,*
p.Glu1129His,*,*,*
p.Glu1129Ile,*,*,*
p.Glu1129Leu,*,*,*
p.Glu1129Lys,*,*,*
p.Glu1129Met,*,*,*
p.Glu1129Phe,*,*,*
p.Glu1129Pro,*,*,*
p.Glu1129Ser,*,*,*
p.Glu1129Ter,*,*,*
p.Glu1129Thr,*,*,*
p.Glu1129Trp,*,*,*
p.Glu1129Tyr,*,*,*
p.Glu1129Val,*,*,*
p.Glu1136=,*,*,*
p.Glu1136Ala,*,*,*
p.Glu1136Arg,*,*,*
p.Glu1136Asp,*,*,*
p.Glu1136Cys,*,*,*
p.Glu1136Gln,*,*,*
p.Glu1136Gly,*,*,*
p.Glu1136His,*,*,*
p.Glu1136Ile,*,*,*
p.Glu1136Leu,*,*,*
p.Glu1136Lys,*,*,*
p.Glu1136Met,*,*,*
p.Glu1136Phe,*,*,*
p.Glu1136Pro,*,*,*
p.Glu1136Ser,*,*,*
p.Glu1136Ter,*,*,*
p.Glu1136Thr,*,*,*
p.Glu1136Trp,*,*,*
p.Glu1136Tyr,*,*,*
p.Glu1136Val,*,*,*
p.Glu1152=,*,*,*
p.Glu1152Ala,*,*,*
p.Glu1152Arg,*,*,*
p.Glu1152Asn,*,*,*
p.Glu1152Asp,*,*,*
p.Glu1152Cys,*,*,*
p.Glu1152Gln,*,*,*
p.Glu1152Gly,*,*,*
p.Glu1152His,*,*,*
p.Glu1152Ile,*,*,*
p.Glu1152Leu,*,*,*
p.Glu1152Lys,*,*,*
p.Glu1152Met,*,*,*
p.Glu1152Phe,*,*,*
p.Glu1152Pro,*,*,*
p.Glu1152Ser,*,*,*
p.Glu1152Ter,*,*,*
p.Glu1152Thr,*,*,*
p.Glu1152Trp,*,*,*
p.Glu1152Tyr,*,*,*
p.Glu1152Val,*,*,*
p.Glu1173=,*,*,*
p.Glu1173Ala,*,*,*
p.Glu1173Arg,*,*,*
p.Glu1173Asn,*,*,*
p.Glu1173Asp,*,*,*
p.Glu1173Cys,*,*,*
p.Glu1173Gln,*,*,*
p.Glu1173Gly,*,*,*
p.Glu1173His,*,*,*
p.Glu1173Ile,*,*,*
p.Glu1173Leu,*,*,*
p.Glu1173Lys,*,*,*
p.Glu1173Met,*,*,*
p.Glu1173Phe,*,*,*
p.Glu1173Pro,*,*,*
p.Glu1173Ser,*,*,*
p.Glu1173Ter,*,*,*
p.Glu1173Thr,*,*,*
p.Glu1173Trp,*,*,*
p.Glu1173Tyr,*,*,*
p.Glu1173Val,*,*,*
p.Glu1201=,*,*,*
p.Glu1201Ala,*,*,*
p.Glu1201Arg,*,*,*
p.Glu1201Asn,*,*,*
p.Glu1201Asp,*,*,*
p.Glu1201Cys,*,*,*
p.Glu1201Gln,*,*,*
p.Glu1201Gly,*,*,*
p.Glu1201His,*,*,*
p.Glu1201Ile,*,*,*
p.Glu1201Leu,*,*,*
p.Glu1201Lys,*,*,*
p.Glu1201Met,*,*,*
p.Glu1201Phe,*,*,*
p.Glu1201Pro,*,*,*
p.Glu1201Ser,*,*,*
p.Glu1201Ter,*,*,*
p.Glu1201Thr,*,*,*
p.Glu1201Trp,*,*,*
p.Glu1201Tyr,*,*,*
p.Glu1201Val,*,*,*
p.Glu1242=,*,*,*
p.Glu1242Ala,*,*,*
p.Glu1242Arg,*,*,*
p.Glu1242Asn,*,*,*
p.Glu1242Asp,*,*,*
p.Glu1242Cys,*,*,*
p.Glu1242Gln,*,*,*
p.Glu1242Gly,*,*,*
p.Glu1242His,*,*,*
p.Glu1242Ile,*,*,*
p.Glu1242Leu,*,*,*
p.Glu1242Lys,*,*,*
p.Glu1242Met,*,*,*
p.Glu1242Phe,*,*,*
p.Glu1242Pro,*,*,*
p.Glu1242Ser,*,*,*
p.Glu1242Ter,*,*,*
p.Glu1242Thr,*,*,*
p.Glu1242Trp,*,*,*
p.Glu1242Tyr,*,*,*
p.Glu1242Val,*,*,*
p.Glu1254=,*,*,*
p.Glu1254Ala,*,*,*
p.Glu1254Arg,*,*,*
p.Glu1254Asp,*,*,*
p.Glu1254Cys,*,*,*
p.Glu1254Gln,*,*,*
p.Glu1254Gly,*,*,*
p.Glu1254His,*,*,*
p.Glu1254Ile,*,*,*
p.Glu1254Leu,*,*,*
p.Glu1254Lys,*,*,*
p.Glu1254Met,*,*,*
p.Glu1254Phe,*,*,*
p.Glu1254Pro,*,*,*
p.Glu1254Ser,*,*,*
p.Glu1254Ter,*,*,*
p.Glu1254Thr,*,*,*
p.Glu1254Trp,*,*,*
p.Glu1254Tyr,*,*,*
p.Glu1254Val,*,*,*
p.Glu1293=,*,*,*
p.Glu1293Ala,*,*,*
p.Glu1293Arg,*,*,*
p.Glu1293Asn,*,*,*
p.Glu1293Asp,*,*,*
p.Glu1293Cys,*,*,*
p.Glu1293Gln,*,*,*
p.Glu1293Gly,*,*,*
p.Glu1293His,*,*,*
p.Glu1293Ile,*,*,*
p.Glu1293Leu,*,*,*
p.Glu1293Lys,*,*,*
p.Glu1293Met,*,*,*
p.Glu1293Phe,*,*,*
p.Glu1293Pro,*,*,*
p.Glu1293Ser,*,*,*
p.Glu1293Ter,*,*,*
p.Glu1293Thr,*,*,*
p.Glu1293Trp,*,*,*
p.Glu1293Tyr,*,*,*
p.Glu1293Val,*,*,*
p.Glu1382=,*,*,*
p.Glu1382Ala,*,*,*
p.Glu1382Arg,*,*,*
p.Glu1382Asn,*,*,*
p.Glu1382Asp,*,*,*
p.Glu1382Cys,*,*,*
p.Glu1382Gln,*,*,*
p.Glu1382Gly,*,*,*
p.Glu1382His,*,*,*
p.Glu1382Ile,*,*,*
p.Glu1382Leu,*,*,*
p.Glu1382Lys,*,*,*
p.Glu1382Met,*,*,*
p.Glu1382Phe,*,*,*
p.Glu1382Pro,*,*,*
p.Glu1382Ser,*,*,*
p.Glu1382Ter,*,*,*
p.Glu1382Thr,*,*,*
p.Glu1382Trp,*,*,*
p.Glu1382Tyr,*,*,*
p.Glu1382Val,*,*,*
p.Glu1385=,*,*,*
p.Glu1385Ala,*,*,*
p.Glu1385Arg,*,*,*
p.Glu1385Asn,*,*,*
p.Glu1385Asp,*,*,*
p.Glu1385Cys,*,*,*
p.Glu1385Gln,*,*,*
p.Glu1385Gly,*,*,*
p.Glu1385His,*,*,*
p.Glu1385Ile,*,*,*
p.Glu1385Leu,*,*,*
p.Glu1385Lys,*,*,*
p.Glu1385Met,*,*,*
p.Glu1385Phe,*,*,*
p.Glu1385Pro,*,*,*
p.Glu1385Ser,*,*,*
p.Glu1385Ter,*,*,*
p.Glu1385Thr,*,*,*
p.Glu1385Trp,*,*,*
p.Glu1385Tyr,*,*,*
p.Glu1385Val,*,*,*
p.Glu1461=,*,*,*
p.Glu1461Ala,*,*,*
p.Glu1461Arg,*,*,*
p.Glu1461Asn,*,*,*
p.Glu1461Asp,*,*,*
p.Glu1461Cys,*,*,*
p.Glu1461Gln,*,*,*
p.Glu1461Gly,*,*,*
p.Glu1461His,*,*,*
p.Glu1461Ile,*,*,*
p.Glu1461Leu,*,*,*
p.Glu1461Lys,*,*,*
p.Glu1461Met,*,*,*
p.Glu1461Phe,*,*,*
p.Glu1461Pro,*,*,*
p.Glu1461Ser,*,*,*
p.Glu1461Ter,*,*,*
p.Glu1461Thr,*,*,*
p.Glu1461Trp,*,*,*
p.Glu1461Tyr,*,*,*
p.Glu1461Val,*,*,*
p.Glu1462=,*,*,*
p.Glu1462Ala,*,*,*
p.Glu1462Arg,*,*,*
p.Glu1462Asn,*,*,*
p.Glu1462Asp,*,*,*
p.Glu1462Cys,*,*,*
p.Glu1462Gln,*,*,*
p.Glu1462Gly,*,*,*
p.Glu1462Ile,*,*,*
p.Glu1462Leu,*,*,*
p.Glu1462Lys,*,*,*
p.Glu1462Met,*,*,*
p.Glu1462Phe,*,*,*
p.Glu1462Ser,*,*,*
p.Glu1462Ter,*,*,*
p.Glu1462Thr,*,*,*
p.Glu1462Trp,*,*,*
p.Glu1462Tyr,*,*,*
p.Glu1462Val,*,*,*
p.Glu754=,*,*,*
p.Glu754Ala,*,*,*
p.Glu754Arg,*,*,*
p.Glu754Asp,*,*,*
p.Glu754Cys,*,*,*
p.Glu754Gly,*,*,*
p.Glu754Ile,*,*,*
p.Glu754Leu,*,*,*
p.Glu754Met,*,*,*
p.Glu754Phe,*,*,*
p.Glu754Pro,*,*,*
p.Glu754Ser,*,*,*
p.Glu754Ter,*,*,*
p.Glu754Thr,*,*,*
p.Glu754Val,*,*,*
p.Glu757=,*,*,*
p.Glu757Ala,*,*,*
p.Glu757Arg,*,*,*
p.Glu757Asn,*,*,*
p.Glu757Asp,*,*,*
p.Glu757Cys,*,*,*
p.Glu757Gln,*,*,*
p.Glu757Gly,*,*,*
p.Glu757His,*,*,*
p.Glu757Ile,*,*,*
p.Glu757Leu,*,*,*
p.Glu757Lys,*,*,*
p.Glu757Met,*,*,*
p.Glu757Phe,*,*,*
p.Glu757Pro,*,*,*
p.Glu757Ser,*,*,*
p.Glu757Ter,*,*,*
p.Glu757Thr,*,*,*
p.Glu757Trp,*,*,*
p.Glu757Tyr,*,*,*
p.Glu757Val,*,*,*
p.Glu781=,*,*,*
p.Glu781Ala,*,*,*
p.Glu781Arg,*,*,*
p.Glu781Asn,*,*,*
p.Glu781Asp,*,*,*
p.Glu781Cys,*,*,*
p.Glu781Gln,*,*,*
p.Glu781Gly,*,*,*
p.Glu781His,*,*,*
p.Glu781Ile,*,*,*
p.Glu781Leu,*,*,*
p.Glu781Lys,*,*,*
p.Glu781Met,*,*,*
p.Glu781Phe,*,*,*
p.Glu781Pro,*,*,*
p.Glu781Ser,*,*,*
p.Glu781Ter,*,*,*
p.Glu781Thr,*,*,*
p.Glu781Trp,*,*,*
p.Glu781Tyr,*,*,*
p.Glu781Val,*,*,*
p.Glu790=,*,*,*
p.Glu790Ala,*,*,*
p.Glu790Arg,*,*,*
p.Glu790Asn,*,*,*
p.Glu790Asp,*,*,*
p.Glu790Cys,*,*,*
p.Glu790Gln,*,*,*
p.Glu790Gly,*,*,*
p.Glu790His,*,*,*
p.Glu790Ile,*,*,*
p.Glu790Leu,*,*,*
p.Glu790Lys,*,*,*
p.Glu790Met,*,*,*
p.Glu790Phe,*,*,*
p.Glu790Pro,*,*,*
p.Glu790Ser,*,*,*
p.Glu790Ter,*,*,*
p.Glu790Thr,*,*,*
p.Glu790Trp,*,*,*
p.Glu790Tyr,*,*,*
p.Glu790Val,*,*,*
p.Glu802=,*,*,*
p.Glu802Ala,*,*,*
p.Glu802Arg,*,*,*
p.Glu802Asn,*,*,*
p.Glu802Asp,*,*,*
p.Glu802Cys,*,*,*
p.Glu802Gln,*,*,*
p.Glu802Gly,*,*,*
p.Glu802His,*,*,*
p.Glu802Ile,*,*,*
p.Glu802Leu,*,*,*
p.Glu802Lys,*,*,*
p.Glu802Met,*,*,*
p.Glu802Phe,*,*,*
p.Glu802Pro,*,*,*
p.Glu802Ser,*,*,*
p.Glu802Ter,*,*,*
p.Glu802Thr,*,*,*
p.Glu802Trp,*,*,*
p.Glu802Tyr,*,*,*
p.Glu802Val,*,*,*
p.Glu810=,*,*,*
p.Glu810Ala,*,*,*
p.Glu810Arg,*,*,*
p.Glu810Asn,*,*,*
p.Glu810Asp,*,*,*
p.Glu810Cys,*,*,*
p.Glu810Gln,*,*,*
p.Glu810Gly,*,*,*
p.Glu810His,*,*,*
p.Glu810Ile,*,*,*
p.Glu810Leu,*,*,*
p.Glu810Lys,*,*,*
p.Glu810Met,*,*,*
p.Glu810Phe,*,*,*
p.Glu810Pro,*,*,*
p.Glu810Ser,*,*,*
p.Glu810Ter,*,*,*
p.Glu810Thr,*,*,*
p.Glu810Trp,*,*,*
p.Glu810Tyr,*,*,*
p.Glu810Val,*,*,*
p.Glu817=,*,*,*
p.Glu817Ala,*,*,*
p.Glu817Arg,*,*,*
p.Glu817Asn,*,*,*
p.Glu817Asp,*,*,*
p.Glu817Cys,*,*,*
p.Glu817Gln,*,*,*
p.Glu817Gly,*,*,*
p.Glu817His,*,*,*
p.Glu817Ile,*,*,*
p.Glu817Leu,*,*,*
p.Glu817Lys,*,*,*
p.Glu817Met,*,*,*
p.Glu817Phe,*,*,*
p.Glu817Pro,*,*,*
p.Glu817Ser,*,*,*
p.Glu817Ter,*,*,*
p.Glu817Thr,*,*,*
p.Glu817Trp,*,*,*
p.Glu817Tyr,*,*,*
p.Glu817Val,*,*,*
p.Glu818Ala,*,*,*
p.Glu818Arg,*,*,*
p.Glu818Asn,*,*,*
p.Glu818Asp,*,*,*
p.Glu818Cys,*,*,*
p.Glu818Gln,*,*,*
p.Glu818Gly,*,*,*
p.Glu818His,*,*,*
p.Glu818Ile,*,*,*
p.Glu818Leu,*,*,*
p.Glu818Lys,*,*,*
p.Glu818Met,*,*,*
p.Glu818Phe,*,*,*
p.Glu818Pro,*,*,*
p.Glu818Ser,*,*,*
p.Glu818Ter,*,*,*
p.Glu818Thr,*,*,*
p.Glu818Trp,*,*,*
p.Glu818Tyr,*,*,*
p.Glu818Val,*,*,*
p.Glu823=,*,*,*
p.Glu823Ala,*,*,*
p.Glu823Arg,*,*,*
p.Glu823Asn,*,*,*
p.Glu823Asp,*,*,*
p.Glu823Cys,*,*,*
p.Glu823Gln,*,*,*
p.Glu823Gly,*,*,*
p.Glu823His,*,*,*
p.Glu823Ile,*,*,*
p.Glu823Leu,*,*,*
p.Glu823Lys,*,*,*
p.Glu823Met,*,*,*
p.Glu823Phe,*,*,*
p.Glu823Pro,*,*,*
p.Glu823Ser,*,*,*
p.Glu823Ter,*,*,*
p.Glu823Thr,*,*,*
p.Glu823Trp,*,*,*
p.Glu823Tyr,*,*,*
p.Glu823Val,*,*,*
p.Glu847=,*,*,*
p.Glu847Ala,*,*,*
p.Glu847Arg,*,*,*
p.Glu847Asn,*,*,*
p.Glu847Asp,*,*,*
p.Glu847Cys,*,*,*
p.Glu847Gln,*,*,*
p.Glu847Gly,*,*,*
p.Glu847His,*,*,*
p.Glu847Ile,*,*,*
p.Glu847Leu,*,*,*
p.Glu847Lys,*,*,*
p.Glu847Met,*,*,*
p.Glu847Phe,*,*,*
p.Glu847Pro,*,*,*
p.Glu847Ser,*,*,*
p.Glu847Ter,*,*,*
p.Glu847Thr,*,*,*
p.Glu847Trp,*,*,*
p.Glu847Tyr,*,*,*
p.Glu847Val,*,*,*
p.Glu854=,*,*,*
p.Glu854Ala,*,*,*
p.Glu854Arg,*,*,*
p.Glu854Asn,*,*,*
p.Glu854Asp,*,*,*
p.Glu854Cys,*,*,*
p.Glu854Gln,*,*,*
p.Glu854Gly,*,*,*
p.Glu854His,*,*,*
p.Glu854Ile,*,*,*
p.Glu854Leu,*,*,*
p.Glu854Lys,*,*,*
p.Glu854Met,*,*,*
p.Glu854Phe,*,*,*
p.Glu854Pro,*,*,*
p.Glu854Ser,*,*,*
p.Glu854Ter,*,*,*
p.Glu854Thr,*,*,*
p.Glu854Trp,*,*,*
p.Glu854Tyr,*,*,*
p.Glu854Val,*,*,*
p.Glu860=,*,*,*
p.Glu860Ala,*,*,*
p.Glu860Arg,*,*,*
p.Glu860Asn,*,*,*
p.Glu860Asp,*,*,*
p.Glu860Cys,*,*,*
p.Glu860Gln,*,*,*
p.Glu860Gly,*,*,*
p.Glu860His,*,*,*
p.Glu860Ile,*,*,*
p.Glu860Leu,*,*,*
p.Glu860Lys,*,*,*
p.Glu860Met,*,*,*
p.Glu860Phe,*,*,*
p.Glu860Pro,*,*,*
p.Glu860Ser,*,*,*
p.Glu860Ter,*,*,*
p.Glu860Thr,*,*,*
p.Glu860Trp,*,*,*
p.Glu860Tyr,*,*,*
p.Glu860Val,*,*,*
p.Glu904=,*,*,*
p.Glu904Ala,*,*,*
p.Glu904Arg,*,*,*
p.Glu904Asn,*,*,*
p.Glu904Asp,*,*,*
p.Glu904Cys,*,*,*
p.Glu904Gln,*,*,*
p.Glu904Gly,*,*,*
p.Glu904His,*,*,*
p.Glu904Ile,*,*,*
p.Glu904Leu,*,*,*
p.Glu904Lys,*,*,*
p.Glu904Met,*,*,*
p.Glu904Phe,*,*,*
p.Glu904Pro,*,*,*
p.Glu904Ser,*,*,*
p.Glu904Ter,*,*,*
p.Glu904Thr,*,*,*
p.Glu904Trp,*,*,*
p.Glu904Tyr,*,*,*
p.Glu904Val,*,*,*
p.Glu905=,*,*,*
p.Glu905Ala,*,*,*
p.Glu905Arg,*,*,*
p.Glu905Asn,*,*,*
p.Glu905Asp,*,*,*
p.Glu905Cys,*,*,*
p.Glu905Gln,*,*,*
p.Glu905Gly,*,*,*
p.Glu905His,*,*,*
p.Glu905Ile,*,*,*
p.Glu905Leu,*,*,*
p.Glu905Lys,*,*,*
p.Glu905Met,*,*,*
p.Glu905Phe,*,*,*
p.Glu905Pro,*,*,*
p.Glu905Ser,*,*,*
p.Glu905Ter,*,*,*
p.Glu905Thr,*,*,*
p.Glu905Trp,*,*,*
p.Glu905Tyr,*,*,*
p.Glu905Val,*,*,*
p.Glu965=,*,*,*
p.Glu965Ala,*,*,*
p.Glu965Arg,*,*,*
p.Glu965Asn,*,*,*
p.Glu965Asp,*,*,*
p.Glu965Cys,*,*,*
p.Glu965Gln,*,*,*
p.Glu965Gly,*,*,*
p.Glu965His,*,*,*
p.Glu965Ile,*,*,*
p.Glu965Leu,*,*,*
p.Glu965Lys,*,*,*
p.Glu965Met,*,*,*
p.Glu965Phe,*,*,*
p.Glu965Pro,*,*,*
p.Glu965Ser,*,*,*
p.Glu965Ter,*,*,*
p.Glu965Thr,*,*,*
p.Glu965Trp,*,*,*
p.Glu965Tyr,*,*,*
p.Glu965Val,*,*,*
p.Gly1000=,*,*,*
p.Gly1000Ala,*,*,*
p.Gly1000Arg,*,*,*
p.Gly1000Asn,*,*,*
p.Gly1000Asp,*,*,*
p.Gly1000Cys,*,*,*
p.Gly1000Gln,*,*,*
p.Gly1000Glu,*,*,*
p.Gly1000His,*,*,*
p.Gly1000Ile,*,*,*
p.Gly1000Leu,*,*,*
p.Gly1000Lys,*,*,*
p.Gly1000Met,*,*,*
p.Gly1000Phe,*,*,*
p.Gly1000Pro,*,*,*
p.Gly1000Ser,*,*,*
p.Gly1000Ter,*,*,*
p.Gly1000Thr,*,*,*
p.Gly1000Trp,*,*,*
p.Gly1000Tyr,*,*,*
p.Gly1000Val,*,*,*
p.Gly1006=,*,*,*
p.Gly1006Ala,*,*,*
p.Gly1006Arg,*,*,*
p.Gly1006Asn,*,*,*
p.Gly1006Asp,*,*,*
p.Gly1006Cys,*,*,*
p.Gly1006Gln,*,*,*
p.Gly1006Glu,*,*,*
p.Gly1006His,*,*,*
p.Gly1006Ile,*,*,*
p.Gly1006Leu,*,*,*
p.Gly1006Lys,*,*,*
p.Gly1006Met,*,*,*
p.Gly1006Phe,*,*,*
p.Gly1006Pro,*,*,*
p.Gly1006Ser,*,*,*
p.Gly1006Ter,*,*,*
p.Gly1006Thr,*,*,*
p.Gly1006Trp,*,*,*
p.Gly1006Tyr,*,*,*
p.Gly1006Val,*,*,*
p.Gly1011=,*,*,*
p.Gly1011Ala,*,*,*
p.Gly1011Arg,*,*,*
p.Gly1011Asn,*,*,*
p.Gly1011Asp,*,*,*
p.Gly1011Cys,*,*,*
p.Gly1011Gln,*,*,*
p.Gly1011Glu,*,*,*
p.Gly1011His,*,*,*
p.Gly1011Ile,*,*,*
p.Gly1011Leu,*,*,*
p.Gly1011Lys,*,*,*
p.Gly1011Met,*,*,*
p.Gly1011Phe,*,*,*
p.Gly1011Pro,*,*,*
p.Gly1011Ser,*,*,*
p.Gly1011Ter,*,*,*
p.Gly1011Thr,*,*,*
p.Gly1011Trp,*,*,*
p.Gly1011Tyr,*,*,*
p.Gly1011Val,*,*,*
p.Gly1012=,*,*,*
p.Gly1012Ala,*,*,*
p.Gly1012Arg,*,*,*
p.Gly1012Asn,*,*,*
p.Gly1012Asp,*,*,*
p.Gly1012Cys,*,*,*
p.Gly1012Gln,*,*,*
p.Gly1012Glu,*,*,*
p.Gly1012His,*,*,*
p.Gly1012Ile,*,*,*
p.Gly1012Leu,*,*,*
p.Gly1012Lys,*,*,*
p.Gly1012Met,*,*,*
p.Gly1012Phe,*,*,*
p.Gly1012Pro,*,*,*
p.Gly1012Ser,*,*,*
p.Gly1012Ter,*,*,*
p.Gly1012Thr,*,*,*
p.Gly1012Trp,*,*,*
p.Gly1012Tyr,*,*,*
p.Gly1012Val,*,*,*
p.Gly1030=,*,*,*
p.Gly1030Ala,*,*,*
p.Gly1030Arg,*,*,*
p.Gly1030Asn,*,*,*
p.Gly1030Asp,*,*,*
p.Gly1030Cys,*,*,*
p.Gly1030Gln,*,*,*
p.Gly1030Glu,*,*,*
p.Gly1030His,*,*,*
p.Gly1030Ile,*,*,*
p.Gly1030Leu,*,*,*
p.Gly1030Lys,*,*,*
p.Gly1030Met,*,*,*
p.Gly1030Phe,*,*,*
p.Gly1030Pro,*,*,*
p.Gly1030Ser,*,*,*
p.Gly1030Ter,*,*,*
p.Gly1030Thr,*,*,*
p.Gly1030Trp,*,*,*
p.Gly1030Tyr,*,*,*
p.Gly1030Val,*,*,*
p.Gly1035=,*,*,*
p.Gly1035Ala,*,*,*
p.Gly1035Arg,*,*,*
p.Gly1035Asp,*,*,*
p.Gly1035Cys,*,*,*
p.Gly1035Gln,*,*,*
p.Gly1035Glu,*,*,*
p.Gly1035His,*,*,*
p.Gly1035Ile,*,*,*
p.Gly1035Leu,*,*,*
p.Gly1035Lys,*,*,*
p.Gly1035Met,*,*,*
p.Gly1035Phe,*,*,*
p.Gly1035Pro,*,*,*
p.Gly1035Ser,*,*,*
p.Gly1035Ter,*,*,*
p.Gly1035Thr,*,*,*
p.Gly1035Trp,*,*,*
p.Gly1035Tyr,*,*,*
p.Gly1035Val,*,*,*
p.Gly1046=,*,*,*
p.Gly1046Ala,*,*,*
p.Gly1046Arg,*,*,*
p.Gly1046Asn,*,*,*
p.Gly1046Asp,*,*,*
p.Gly1046Cys,*,*,*
p.Gly1046Gln,*,*,*
p.Gly1046Glu,*,*,*
p.Gly1046His,*,*,*
p.Gly1046Ile,*,*,*
p.Gly1046Leu,*,*,*
p.Gly1046Lys,*,*,*
p.Gly1046Met,*,*,*
p.Gly1046Phe,*,*,*
p.Gly1046Pro,*,*,*
p.Gly1046Ser,*,*,*
p.Gly1046Ter,*,*,*
p.Gly1046Thr,*,*,*
p.Gly1046Trp,*,*,*
p.Gly1046Tyr,*,*,*
p.Gly1046Val,*,*,*
p.Gly1061=,*,*,*
p.Gly1061Ala,*,*,*
p.Gly1061Arg,*,*,*
p.Gly1061Asp,*,*,*
p.Gly1061Cys,*,*,*
p.Gly1061Gln,*,*,*
p.Gly1061Glu,*,*,*
p.Gly1061His,*,*,*
p.Gly1061Ile,*,*,*
p.Gly1061Leu,*,*,*
p.Gly1061Lys,*,*,*
p.Gly1061Met,*,*,*
p.Gly1061Phe,*,*,*
p.Gly1061Pro,*,*,*
p.Gly1061Ser,*,*,*
p.Gly1061Ter,*,*,*
p.Gly1061Thr,*,*,*
p.Gly1061Trp,*,*,*
p.Gly1061Tyr,*,*,*
p.Gly1061Val,*,*,*
p.Gly1072=,*,*,*
p.Gly1072Ala,*,*,*
p.Gly1072Arg,*,*,*
p.Gly1072Asn,*,*,*
p.Gly1072Asp,*,*,*
p.Gly1072Cys,*,*,*
p.Gly1072Gln,*,*,*
p.Gly1072Glu,*,*,*
p.Gly1072His,*,*,*
p.Gly1072Ile,*,*,*
p.Gly1072Leu,*,*,*
p.Gly1072Lys,*,*,*
p.Gly1072Met,*,*,*
p.Gly1072Phe,*,*,*
p.Gly1072Pro,*,*,*
p.Gly1072Ser,*,*,*
p.Gly1072Ter,*,*,*
p.Gly1072Thr,*,*,*
p.Gly1072Trp,*,*,*
p.Gly1072Tyr,*,*,*
p.Gly1072Val,*,*,*
p.Gly1084=,*,*,*
p.Gly1084Ala,*,*,*
p.Gly1084Arg,*,*,*
p.Gly1084Asp,*,*,*
p.Gly1084Cys,*,*,*
p.Gly1084Gln,*,*,*
p.Gly1084Glu,*,*,*
p.Gly1084Ile,*,*,*
p.Gly1084Leu,*,*,*
p.Gly1084Met,*,*,*
p.Gly1084Phe,*,*,*
p.Gly1084Pro,*,*,*
p.Gly1084Ser,*,*,*
p.Gly1084Thr,*,*,*
p.Gly1084Trp,*,*,*
p.Gly1084Tyr,*,*,*
p.Gly1084Val,*,*,*
p.Gly1089=,*,*,*
p.Gly1089Ala,*,*,*
p.Gly1089Arg,*,*,*
p.Gly1089Asn,*,*,*
p.Gly1089Asp,*,*,*
p.Gly1089Cys,*,*,*
p.Gly1089Gln,*,*,*
p.Gly1089Glu,*,*,*
p.Gly1089His,*,*,*
p.Gly1089Ile,*,*,*
p.Gly1089Leu,*,*,*
p.Gly1089Lys,*,*,*
p.Gly1089Met,*,*,*
p.Gly1089Phe,*,*,*
p.Gly1089Pro,*,*,*
p.Gly1089Ser,*,*,*
p.Gly1089Ter,*,*,*
p.Gly1089Thr,*,*,*
p.Gly1089Trp,*,*,*
p.Gly1089Tyr,*,*,*
p.Gly1089Val,*,*,*
p.Gly1099=,*,*,*
p.Gly1099Ala,*,*,*
p.Gly1099Arg,*,*,*
p.Gly1099Asn,*,*,*
p.Gly1099Asp,*,*,*
p.Gly1099Cys,*,*,*
p.Gly1099Gln,*,*,*
p.Gly1099Glu,*,*,*
p.Gly1099His,*,*,*
p.Gly1099Ile,*,*,*
p.Gly1099Leu,*,*,*
p.Gly1099Lys,*,*,*
p.Gly1099Met,*,*,*
p.Gly1099Phe,*,*,*
p.Gly1099Pro,*,*,*
p.Gly1099Ser,*,*,*
p.Gly1099Ter,*,*,*
p.Gly1099Thr,*,*,*
p.Gly1099Trp,*,*,*
p.Gly1099Tyr,*,*,*
p.Gly1099Val,*,*,*
p.Gly1101=,*,*,*
p.Gly1101Ala,*,*,*
p.Gly1101Arg,*,*,*
p.Gly1101Asn,*,*,*
p.Gly1101Asp,*,*,*
p.Gly1101Cys,*,*,*
p.Gly1101Gln,*,*,*
p.Gly1101Glu,*,*,*
p.Gly1101His,*,*,*
p.Gly1101Ile,*,*,*
p.Gly1101Leu,*,*,*
p.Gly1101Lys,*,*,*
p.Gly1101Met,*,*,*
p.Gly1101Phe,*,*,*
p.Gly1101Pro,*,*,*
p.Gly1101Ser,*,*,*
p.Gly1101Ter,*,*,*
p.Gly1101Thr,*,*,*
p.Gly1101Trp,*,*,*
p.Gly1101Tyr,*,*,*
p.Gly1101Val,*,*,*
p.Gly1103=,*,*,*
p.Gly1103Ala,*,*,*
p.Gly1103Arg,*,*,*
p.Gly1103Asn,*,*,*
p.Gly1103Asp,*,*,*
p.Gly1103Cys,*,*,*
p.Gly1103Gln,*,*,*
p.Gly1103Glu,*,*,*
p.Gly1103His,*,*,*
p.Gly1103Ile,*,*,*
p.Gly1103Leu,*,*,*
p.Gly1103Lys,*,*,*
p.Gly1103Met,*,*,*
p.Gly1103Phe,*,*,*
p.Gly1103Pro,*,*,*
p.Gly1103Ser,*,*,*
p.Gly1103Ter,*,*,*
p.Gly1103Thr,*,*,*
p.Gly1103Trp,*,*,*
p.Gly1103Tyr,*,*,*
p.Gly1103Val,*,*,*
p.Gly1111=,*,*,*
p.Gly1111Ala,*,*,*
p.Gly1111Arg,*,*,*
p.Gly1111Asn,*,*,*
p.Gly1111Asp,*,*,*
p.Gly1111Cys,*,*,*
p.Gly1111Gln,*,*,*
p.Gly1111Glu,*,*,*
p.Gly1111His,*,*,*
p.Gly1111Ile,*,*,*
p.Gly1111Leu,*,*,*
p.Gly1111Lys,*,*,*
p.Gly1111Met,*,*,*
p.Gly1111Phe,*,*,*
p.Gly1111Pro,*,*,*
p.Gly1111Ser,*,*,*
p.Gly1111Ter,*,*,*
p.Gly1111Thr,*,*,*
p.Gly1111Trp,*,*,*
p.Gly1111Tyr,*,*,*
p.Gly1111Val,*,*,*
p.Gly1131=,*,*,*
p.Gly1131Ala,*,*,*
p.Gly1131Arg,*,*,*
p.Gly1131Asn,*,*,*
p.Gly1131Asp,*,*,*
p.Gly1131Cys,*,*,*
p.Gly1131Gln,*,*,*
p.Gly1131Glu,*,*,*
p.Gly1131His,*,*,*
p.Gly1131Ile,*,*,*
p.Gly1131Leu,*,*,*
p.Gly1131Lys,*,*,*
p.Gly1131Met,*,*,*
p.Gly1131Phe,*,*,*
p.Gly1131Pro,*,*,*
p.Gly1131Ser,*,*,*
p.Gly1131Ter,*,*,*
p.Gly1131Thr,*,*,*
p.Gly1131Trp,*,*,*
p.Gly1131Tyr,*,*,*
p.Gly1131Val,*,*,*
p.Gly1149=,*,*,*
p.Gly1149Ala,*,*,*
p.Gly1149Arg,*,*,*
p.Gly1149Asn,*,*,*
p.Gly1149Asp,*,*,*
p.Gly1149Cys,*,*,*
p.Gly1149Gln,*,*,*
p.Gly1149Glu,*,*,*
p.Gly1149His,*,*,*
p.Gly1149Ile,*,*,*
p.Gly1149Leu,*,*,*
p.Gly1149Lys,*,*,*
p.Gly1149Met,*,*,*
p.Gly1149Phe,*,*,*
p.Gly1149Pro,*,*,*
p.Gly1149Ser,*,*,*
p.Gly1149Ter,*,*,*
p.Gly1149Thr,*,*,*
p.Gly1149Trp,*,*,*
p.Gly1149Tyr,*,*,*
p.Gly1149Val,*,*,*
p.Gly1158=,*,*,*
p.Gly1158Ala,*,*,*
p.Gly1158Arg,*,*,*
p.Gly1158Asn,*,*,*
p.Gly1158Asp,*,*,*
p.Gly1158Cys,*,*,*
p.Gly1158Gln,*,*,*
p.Gly1158Glu,*,*,*
p.Gly1158His,*,*,*
p.Gly1158Ile,*,*,*
p.Gly1158Leu,*,*,*
p.Gly1158Lys,*,*,*
p.Gly1158Met,*,*,*
p.Gly1158Phe,*,*,*
p.Gly1158Pro,*,*,*
p.Gly1158Ser,*,*,*
p.Gly1158Ter,*,*,*
p.Gly1158Thr,*,*,*
p.Gly1158Trp,*,*,*
p.Gly1158Tyr,*,*,*
p.Gly1158Val,*,*,*
p.Gly1176=,*,*,*
p.Gly1176Ala,*,*,*
p.Gly1176Arg,*,*,*
p.Gly1176Asn,*,*,*
p.Gly1176Asp,*,*,*
p.Gly1176Cys,*,*,*
p.Gly1176Gln,*,*,*
p.Gly1176Glu,*,*,*
p.Gly1176His,*,*,*
p.Gly1176Ile,*,*,*
p.Gly1176Leu,*,*,*
p.Gly1176Lys,*,*,*
p.Gly1176Met,*,*,*
p.Gly1176Phe,*,*,*
p.Gly1176Pro,*,*,*
p.Gly1176Ser,*,*,*
p.Gly1176Ter,*,*,*
p.Gly1176Thr,*,*,*
p.Gly1176Trp,*,*,*
p.Gly1176Tyr,*,*,*
p.Gly1176Val,*,*,*
p.Gly1186=,*,*,*
p.Gly1186Ala,*,*,*
p.Gly1186Arg,*,*,*
p.Gly1186Asn,*,*,*
p.Gly1186Asp,*,*,*
p.Gly1186Cys,*,*,*
p.Gly1186Gln,*,*,*
p.Gly1186Glu,*,*,*
p.Gly1186His,*,*,*
p.Gly1186Ile,*,*,*
p.Gly1186Leu,*,*,*
p.Gly1186Lys,*,*,*
p.Gly1186Met,*,*,*
p.Gly1186Phe,*,*,*
p.Gly1186Pro,*,*,*
p.Gly1186Ser,*,*,*
p.Gly1186Ter,*,*,*
p.Gly1186Thr,*,*,*
p.Gly1186Trp,*,*,*
p.Gly1186Tyr,*,*,*
p.Gly1186Val,*,*,*
p.Gly1190=,*,*,*
p.Gly1190Ala,*,*,*
p.Gly1190Arg,*,*,*
p.Gly1190Asn,*,*,*
p.Gly1190Asp,*,*,*
p.Gly1190Cys,*,*,*
p.Gly1190Gln,*,*,*
p.Gly1190Glu,*,*,*
p.Gly1190His,*,*,*
p.Gly1190Ile,*,*,*
p.Gly1190Leu,*,*,*
p.Gly1190Lys,*,*,*
p.Gly1190Met,*,*,*
p.Gly1190Phe,*,*,*
p.Gly1190Pro,*,*,*
p.Gly1190Ser,*,*,*
p.Gly1190Ter,*,*,*
p.Gly1190Thr,*,*,*
p.Gly1190Trp,*,*,*
p.Gly1190Tyr,*,*,*
p.Gly1190Val,*,*,*
p.Gly1213=,*,*,*
p.Gly1213Ala,*,*,*
p.Gly1213Arg,*,*,*
p.Gly1213Asn,*,*,*
p.Gly1213Asp,*,*,*
p.Gly1213Cys,*,*,*
p.Gly1213Gln,*,*,*
p.Gly1213Glu,*,*,*
p.Gly1213His,*,*,*
p.Gly1213Ile,*,*,*
p.Gly1213Leu,*,*,*
p.Gly1213Lys,*,*,*
p.Gly1213Met,*,*,*
p.Gly1213Phe,*,*,*
p.Gly1213Pro,*,*,*
p.Gly1213Ser,*,*,*
p.Gly1213Ter,*,*,*
p.Gly1213Thr,*,*,*
p.Gly1213Trp,*,*,*
p.Gly1213Tyr,*,*,*
p.Gly1213Val,*,*,*
p.Gly1221=,*,*,*
p.Gly1221Ala,*,*,*
p.Gly1221Arg,*,*,*
p.Gly1221Asn,*,*,*
p.Gly1221Asp,*,*,*
p.Gly1221Cys,*,*,*
p.Gly1221Gln,*,*,*
p.Gly1221His,*,*,*
p.Gly1221Ile,*,*,*
p.Gly1221Leu,*,*,*
p.Gly1221Lys,*,*,*
p.Gly1221Met,*,*,*
p.Gly1221Phe,*,*,*
p.Gly1221Pro,*,*,*
p.Gly1221Ser,*,*,*
p.Gly1221Ter,*,*,*
p.Gly1221Thr,*,*,*
p.Gly1221Trp,*,*,*
p.Gly1221Tyr,*,*,*
p.Gly1221Val,*,*,*
p.Gly1235=,*,*,*
p.Gly1235Ala,*,*,*
p.Gly1235Arg,*,*,*
p.Gly1235Asn,*,*,*
p.Gly1235Asp,*,*,*
p.Gly1235Cys,*,*,*
p.Gly1235Gln,*,*,*
p.Gly1235Glu,*,*,*
p.Gly1235His,*,*,*
p.Gly1235Ile,*,*,*
p.Gly1235Leu,*,*,*
p.Gly1235Lys,*,*,*
p.Gly1235Met,*,*,*
p.Gly1235Phe,*,*,*
p.Gly1235Pro,*,*,*
p.Gly1235Ser,*,*,*
p.Gly1235Ter,*,*,*
p.Gly1235Thr,*,*,*
p.Gly1235Trp,*,*,*
p.Gly1235Tyr,*,*,*
p.Gly1235Val,*,*,*
p.Gly1259=,*,*,*
p.Gly1259Ala,*,*,*
p.Gly1259Arg,*,*,*
p.Gly1259Asn,*,*,*
p.Gly1259Asp,*,*,*
p.Gly1259Cys,*,*,*
p.Gly1259Gln,*,*,*
p.Gly1259Glu,*,*,*
p.Gly1259His,*,*,*
p.Gly1259Ile,*,*,*
p.Gly1259Leu,*,*,*
p.Gly1259Lys,*,*,*
p.Gly1259Met,*,*,*
p.Gly1259Phe,*,*,*
p.Gly1259Pro,*,*,*
p.Gly1259Ser,*,*,*
p.Gly1259Ter,*,*,*
p.Gly1259Thr,*,*,*
p.Gly1259Trp,*,*,*
p.Gly1259Tyr,*,*,*
p.Gly1259Val,*,*,*
p.Gly1266=,*,*,*
p.Gly1266Ala,*,*,*
p.Gly1266Arg,*,*,*
p.Gly1266Asn,*,*,*
p.Gly1266Asp,*,*,*
p.Gly1266Cys,*,*,*
p.Gly1266Gln,*,*,*
p.Gly1266Glu,*,*,*
p.Gly1266His,*,*,*
p.Gly1266Ile,*,*,*
p.Gly1266Leu,*,*,*
p.Gly1266Lys,*,*,*
p.Gly1266Met,*,*,*
p.Gly1266Phe,*,*,*
p.Gly1266Pro,*,*,*
p.Gly1266Ser,*,*,*
p.Gly1266Ter,*,*,*
p.Gly1266Thr,*,*,*
p.Gly1266Trp,*,*,*
p.Gly1266Tyr,*,*,*
p.Gly1266Val,*,*,*
p.Gly1268=,*,*,*
p.Gly1268Ala,*,*,*
p.Gly1268Arg,*,*,*
p.Gly1268Asn,*,*,*
p.Gly1268Asp,*,*,*
p.Gly1268Cys,*,*,*
p.Gly1268Gln,*,*,*
p.Gly1268Glu,*,*,*
p.Gly1268His,*,*,*
p.Gly1268Ile,*,*,*
p.Gly1268Leu,*,*,*
p.Gly1268Lys,*,*,*
p.Gly1268Met,*,*,*
p.Gly1268Phe,*,*,*
p.Gly1268Pro,*,*,*
p.Gly1268Ser,*,*,*
p.Gly1268Ter,*,*,*
p.Gly1268Thr,*,*,*
p.Gly1268Trp,*,*,*
p.Gly1268Tyr,*,*,*
p.Gly1268Val,*,*,*
p.Gly1281=,*,*,*
p.Gly1281Ala,*,*,*
p.Gly1281Arg,*,*,*
p.Gly1281Asn,*,*,*
p.Gly1281Asp,*,*,*
p.Gly1281Cys,*,*,*
p.Gly1281Gln,*,*,*
p.Gly1281Glu,*,*,*
p.Gly1281His,*,*,*
p.Gly1281Ile,*,*,*
p.Gly1281Leu,*,*,*
p.Gly1281Lys,*,*,*
p.Gly1281Met,*,*,*
p.Gly1281Phe,*,*,*
p.Gly1281Pro,*,*,*
p.Gly1281Ser,*,*,*
p.Gly1281Ter,*,*,*
p.Gly1281Thr,*,*,*
p.Gly1281Trp,*,*,*
p.Gly1281Tyr,*,*,*
p.Gly1281Val,*,*,*
p.Gly1285=,*,*,*
p.Gly1285Ala,*,*,*
p.Gly1285Arg,*,*,*
p.Gly1285Asn,*,*,*
p.Gly1285Asp,*,*,*
p.Gly1285Cys,*,*,*
p.Gly1285Gln,*,*,*
p.Gly1285Glu,*,*,*
p.Gly1285His,*,*,*
p.Gly1285Ile,*,*,*
p.Gly1285Leu,*,*,*
p.Gly1285Lys,*,*,*
p.Gly1285Met,*,*,*
p.Gly1285Phe,*,*,*
p.Gly1285Pro,*,*,*
p.Gly1285Ser,*,*,*
p.Gly1285Ter,*,*,*
p.Gly1285Thr,*,*,*
p.Gly1285Trp,*,*,*
p.Gly1285Tyr,*,*,*
p.Gly1285Val,*,*,*
p.Gly1287=,*,*,*
p.Gly1287Ala,*,*,*
p.Gly1287Arg,*,*,*
p.Gly1287Asn,*,*,*
p.Gly1287Asp,*,*,*
p.Gly1287Cys,*,*,*
p.Gly1287Gln,*,*,*
p.Gly1287Glu,*,*,*
p.Gly1287His,*,*,*
p.Gly1287Ile,*,*,*
p.Gly1287Leu,*,*,*
p.Gly1287Lys,*,*,*
p.Gly1287Met,*,*,*
p.Gly1287Phe,*,*,*
p.Gly1287Pro,*,*,*
p.Gly1287Ser,*,*,*
p.Gly1287Ter,*,*,*
p.Gly1287Thr,*,*,*
p.Gly1287Trp,*,*,*
p.Gly1287Tyr,*,*,*
p.Gly1287Val,*,*,*
p.Gly1335=,*,*,*
p.Gly1335Ala,*,*,*
p.Gly1335Arg,*,*,*
p.Gly1335Asn,*,*,*
p.Gly1335Asp,*,*,*
p.Gly1335Cys,*,*,*
p.Gly1335Gln,*,*,*
p.Gly1335Glu,*,*,*
p.Gly1335His,*,*,*
p.Gly1335Ile,*,*,*
p.Gly1335Leu,*,*,*
p.Gly1335Lys,*,*,*
p.Gly1335Met,*,*,*
p.Gly1335Phe,*,*,*
p.Gly1335Pro,*,*,*
p.Gly1335Ser,*,*,*
p.Gly1335Ter,*,*,*
p.Gly1335Thr,*,*,*
p.Gly1335Trp,*,*,*
p.Gly1335Tyr,*,*,*
p.Gly1335Val,*,*,*
p.Gly1341=,*,*,*
p.Gly1341Ala,*,*,*
p.Gly1341Arg,*,*,*
p.Gly1341Asn,*,*,*
p.Gly1341Asp,*,*,*
p.Gly1341Cys,*,*,*
p.Gly1341Gln,*,*,*
p.Gly1341Glu,*,*,*
p.Gly1341His,*,*,*
p.Gly1341Ile,*,*,*
p.Gly1341Leu,*,*,*
p.Gly1341Lys,*,*,*
p.Gly1341Met,*,*,*
p.Gly1341Phe,*,*,*
p.Gly1341Pro,*,*,*
p.Gly1341Ser,*,*,*
p.Gly1341Ter,*,*,*
p.Gly1341Thr,*,*,*
p.Gly1341Trp,*,*,*
p.Gly1341Tyr,*,*,*
p.Gly1341Val,*,*,*
p.Gly1347=,*,*,*
p.Gly1347Ala,*,*,*
p.Gly1347Arg,*,*,*
p.Gly1347Asn,*,*,*
p.Gly1347Asp,*,*,*
p.Gly1347Cys,*,*,*
p.Gly1347Gln,*,*,*
p.Gly1347Glu,*,*,*
p.Gly1347His,*,*,*
p.Gly1347Ile,*,*,*
p.Gly1347Leu,*,*,*
p.Gly1347Lys,*,*,*
p.Gly1347Met,*,*,*
p.Gly1347Phe,*,*,*
p.Gly1347Pro,*,*,*
p.Gly1347Ser,*,*,*
p.Gly1347Ter,*,*,*
p.Gly1347Thr,*,*,*
p.Gly1347Trp,*,*,*
p.Gly1347Tyr,*,*,*
p.Gly1347Val,*,*,*
p.Gly1355=,*,*,*
p.Gly1355Ala,*,*,*
p.Gly1355Arg,*,*,*
p.Gly1355Asn,*,*,*
p.Gly1355Asp,*,*,*
p.Gly1355Cys,*,*,*
p.Gly1355Gln,*,*,*
p.Gly1355Glu,*,*,*
p.Gly1355His,*,*,*
p.Gly1355Ile,*,*,*
p.Gly1355Leu,*,*,*
p.Gly1355Lys,*,*,*
p.Gly1355Met,*,*,*
p.Gly1355Phe,*,*,*
p.Gly1355Pro,*,*,*
p.Gly1355Ser,*,*,*
p.Gly1355Ter,*,*,*
p.Gly1355Thr,*,*,*
p.Gly1355Trp,*,*,*
p.Gly1355Tyr,*,*,*
p.Gly1355Val,*,*,*
p.Gly1390=,*,*,*
p.Gly1390Ala,*,*,*
p.Gly1390Arg,*,*,*
p.Gly1390Asn,*,*,*
p.Gly1390Asp,*,*,*
p.Gly1390Cys,*,*,*
p.Gly1390Gln,*,*,*
p.Gly1390Glu,*,*,*
p.Gly1390His,*,*,*
p.Gly1390Ile,*,*,*
p.Gly1390Leu,*,*,*
p.Gly1390Lys,*,*,*
p.Gly1390Met,*,*,*
p.Gly1390Phe,*,*,*
p.Gly1390Pro,*,*,*
p.Gly1390Ser,*,*,*
p.Gly1390Ter,*,*,*
p.Gly1390Thr,*,*,*
p.Gly1390Trp,*,*,*
p.Gly1390Tyr,*,*,*
p.Gly1390Val,*,*,*
p.Gly1405=,*,*,*
p.Gly1405Ala,*,*,*
p.Gly1405Arg,*,*,*
p.Gly1405Asn,*,*,*
p.Gly1405Asp,*,*,*
p.Gly1405Cys,*,*,*
p.Gly1405Gln,*,*,*
p.Gly1405Glu,*,*,*
p.Gly1405His,*,*,*
p.Gly1405Ile,*,*,*
p.Gly1405Leu,*,*,*
p.Gly1405Lys,*,*,*
p.Gly1405Met,*,*,*
p.Gly1405Phe,*,*,*
p.Gly1405Ser,*,*,*
p.Gly1405Ter,*,*,*
p.Gly1405Thr,*,*,*
p.Gly1405Trp,*,*,*
p.Gly1405Tyr,*,*,*
p.Gly1405Val,*,*,*
p.Gly1449=,*,*,*
p.Gly1449Ala,*,*,*
p.Gly1449Arg,*,*,*
p.Gly1449Asn,*,*,*
p.Gly1449Asp,*,*,*
p.Gly1449Cys,*,*,*
p.Gly1449Gln,*,*,*
p.Gly1449Glu,*,*,*
p.Gly1449His,*,*,*
p.Gly1449Ile,*,*,*
p.Gly1449Leu,*,*,*
p.Gly1449Lys,*,*,*
p.Gly1449Met,*,*,*
p.Gly1449Phe,*,*,*
p.Gly1449Pro,*,*,*
p.Gly1449Ser,*,*,*
p.Gly1449Ter,*,*,*
p.Gly1449Thr,*,*,*
p.Gly1449Trp,*,*,*
p.Gly1449Tyr,*,*,*
p.Gly1449Val,*,*,*
p.Gly1458=,*,*,*
p.Gly1458Ala,*,*,*
p.Gly1458Arg,*,*,*
p.Gly1458Asn,*,*,*
p.Gly1458Asp,*,*,*
p.Gly1458Cys,*,*,*
p.Gly1458Gln,*,*,*
p.Gly1458Glu,*,*,*
p.Gly1458His,*,*,*
p.Gly1458Ile,*,*,*
p.Gly1458Leu,*,*,*
p.Gly1458Lys,*,*,*
p.Gly1458Met,*,*,*
p.Gly1458Phe,*,*,*
p.Gly1458Pro,*,*,*
p.Gly1458Ser,*,*,*
p.Gly1458Ter,*,*,*
p.Gly1458Thr,*,*,*
p.Gly1458Trp,*,*,*
p.Gly1458Tyr,*,*,*
p.Gly1458Val,*,*,*
p.Gly710=,*,*,*
p.Gly710Ala,*,*,*
p.Gly710Arg,*,*,*
p.Gly710Asn,*,*,*
p.Gly710Asp,*,*,*
p.Gly710Cys,*,*,*
p.Gly710Gln,*,*,*
p.Gly710Glu,*,*,*
p.Gly710His,*,*,*
p.Gly710Ile,*,*,*
p.Gly710Leu,*,*,*
p.Gly710Lys,*,*,*
p.Gly710Met,*,*,*
p.Gly710Phe,*,*,*
p.Gly710Pro,*,*,*
p.Gly710Ser,*,*,*
p.Gly710Ter,*,*,*
p.Gly710Thr,*,*,*
p.Gly710Trp,*,*,*
p.Gly710Tyr,*,*,*
p.Gly710Val,*,*,*
p.Gly711=,*,*,*
p.Gly711Ala,*,*,*
p.Gly711Arg,*,*,*
p.Gly711Asn,*,*,*
p.Gly711Asp,*,*,*
p.Gly711Cys,*,*,*
p.Gly711Gln,*,*,*
p.Gly711Glu,*,*,*
p.Gly711His,*,*,*
p.Gly711Ile,*,*,*
p.Gly711Leu,*,*,*
p.Gly711Lys,*,*,*
p.Gly711Met,*,*,*
p.Gly711Phe,*,*,*
p.Gly711Pro,*,*,*
p.Gly711Ser,*,*,*
p.Gly711Ter,*,*,*
p.Gly711Thr,*,*,*
p.Gly711Trp,*,*,*
p.Gly711Tyr,*,*,*
p.Gly711Val,*,*,*
p.Gly777=,*,*,*
p.Gly777Ala,*,*,*
p.Gly777Arg,*,*,*
p.Gly777Asn,*,*,*
p.Gly777Asp,*,*,*
p.Gly777Cys,*,*,*
p.Gly777Gln,*,*,*
p.Gly777Glu,*,*,*
p.Gly777His,*,*,*
p.Gly777Ile,*,*,*
p.Gly777Leu,*,*,*
p.Gly777Lys,*,*,*
p.Gly777Met,*,*,*
p.Gly777Phe,*,*,*
p.Gly777Pro,*,*,*
p.Gly777Ser,*,*,*
p.Gly777Ter,*,*,*
p.Gly777Thr,*,*,*
p.Gly777Trp,*,*,*
p.Gly777Tyr,*,*,*
p.Gly777Val,*,*,*
p.Gly809=,*,*,*
p.Gly809Ala,*,*,*
p.Gly809Arg,*,*,*
p.Gly809Asn,*,*,*
p.Gly809Asp,*,*,*
p.Gly809Cys,*,*,*
p.Gly809Gln,*,*,*
p.Gly809Glu,*,*,*
p.Gly809His,*,*,*
p.Gly809Ile,*,*,*
p.Gly809Leu,*,*,*
p.Gly809Lys,*,*,*
p.Gly809Met,*,*,*
p.Gly809Phe,*,*,*
p.Gly809Pro,*,*,*
p.Gly809Ser,*,*,*
p.Gly809Ter,*,*,*
p.Gly809Thr,*,*,*
p.Gly809Trp,*,*,*
p.Gly809Tyr,*,*,*
p.Gly809Val,*,*,*
p.Gly828=,*,*,*
p.Gly828Ala,*,*,*
p.Gly828Arg,*,*,*
p.Gly828Asn,*,*,*
p.Gly828Asp,*,*,*
p.Gly828Cys,*,*,*
p.Gly828Gln,*,*,*
p.Gly828Glu,*,*,*
p.Gly828His,*,*,*
p.Gly828Ile,*,*,*
p.Gly828Leu,*,*,*
p.Gly828Lys,*,*,*
p.Gly828Met,*,*,*
p.Gly828Phe,*,*,*
p.Gly828Pro,*,*,*
p.Gly828Ser,*,*,*
p.Gly828Ter,*,*,*
p.Gly828Thr,*,*,*
p.Gly828Trp,*,*,*
p.Gly828Tyr,*,*,*
p.Gly828Val,*,*,*
p.Gly836=,*,*,*
p.Gly836Ala,*,*,*
p.Gly836Arg,*,*,*
p.Gly836Asn,*,*,*
p.Gly836Asp,*,*,*
p.Gly836Cys,*,*,*
p.Gly836Gln,*,*,*
p.Gly836Glu,*,*,*
p.Gly836His,*,*,*
p.Gly836Ile,*,*,*
p.Gly836Leu,*,*,*
p.Gly836Lys,*,*,*
p.Gly836Met,*,*,*
p.Gly836Phe,*,*,*
p.Gly836Pro,*,*,*
p.Gly836Ser,*,*,*
p.Gly836Ter,*,*,*
p.Gly836Thr,*,*,*
p.Gly836Trp,*,*,*
p.Gly836Tyr,*,*,*
p.Gly836Val,*,*,*
p.Gly837=,*,*,*
p.Gly837Ala,*,*,*
p.Gly837Arg,*,*,*
p.Gly837Asn,*,*,*
p.Gly837Asp,*,*,*
p.Gly837Cys,*,*,*
p.Gly837Gln,*,*,*
p.Gly837Glu,*,*,*
p.Gly837His,*,*,*
p.Gly837Ile,*,*,*
p.Gly837Leu,*,*,*
p.Gly837Lys,*,*,*
p.Gly837Met,*,*,*
p.Gly837Phe,*,*,*
p.Gly837Pro,*,*,*
p.Gly837Ser,*,*,*
p.Gly837Ter,*,*,*
p.Gly837Thr,*,*,*
p.Gly837Trp,*,*,*
p.Gly837Tyr,*,*,*
p.Gly837Val,*,*,*
p.Gly843=,*,*,*
p.Gly843Ala,*,*,*
p.Gly843Arg,*,*,*
p.Gly843Asn,*,*,*
p.Gly843Asp,*,*,*
p.Gly843Cys,*,*,*
p.Gly843Gln,*,*,*
p.Gly843Glu,*,*,*
p.Gly843His,*,*,*
p.Gly843Ile,*,*,*
p.Gly843Leu,*,*,*
p.Gly843Met,*,*,*
p.Gly843Phe,*,*,*
p.Gly843Pro,*,*,*
p.Gly843Ser,*,*,*
p.Gly843Ter,*,*,*
p.Gly843Thr,*,*,*
p.Gly843Tyr,*,*,*
p.Gly843Val,*,*,*
p.Gly848=,*,*,*
p.Gly848Ala,*,*,*
p.Gly848Arg,*,*,*
p.Gly848Asn,*,*,*
p.Gly848Asp,*,*,*
p.Gly848Cys,*,*,*
p.Gly848Gln,*,*,*
p.Gly848Glu,*,*,*
p.Gly848His,*,*,*
p.Gly848Ile,*,*,*
p.Gly848Leu,*,*,*
p.Gly848Lys,*,*,*
p.Gly848Met,*,*,*
p.Gly848Phe,*,*,*
p.Gly848Pro,*,*,*
p.Gly848Ser,*,*,*
p.Gly848Ter,*,*,*
p.Gly848Thr,*,*,*
p.Gly848Trp,*,*,*
p.Gly848Tyr,*,*,*
p.Gly848Val,*,*,*
p.Gly859=,*,*,*
p.Gly859Ala,*,*,*
p.Gly859Arg,*,*,*
p.Gly859Asn,*,*,*
p.Gly859Asp,*,*,*
p.Gly859Cys,*,*,*
p.Gly859Gln,*,*,*
p.Gly859Glu,*,*,*
p.Gly859His,*,*,*
p.Gly859Ile,*,*,*
p.Gly859Leu,*,*,*
p.Gly859Lys,*,*,*
p.Gly859Met,*,*,*
p.Gly859Phe,*,*,*
p.Gly859Pro,*,*,*
p.Gly859Ser,*,*,*
p.Gly859Ter,*,*,*
p.Gly859Thr,*,*,*
p.Gly859Trp,*,*,*
p.Gly859Tyr,*,*,*
p.Gly859Val,*,*,*
p.Gly869=,*,*,*
p.Gly869Ala,*,*,*
p.Gly869Arg,*,*,*
p.Gly869Asn,*,*,*
p.Gly869Asp,*,*,*
p.Gly869Cys,*,*,*
p.Gly869Gln,*,*,*
p.Gly869Glu,*,*,*
p.Gly869His,*,*,*
p.Gly869Ile,*,*,*
p.Gly869Leu,*,*,*
p.Gly869Lys,*,*,*
p.Gly869Met,*,*,*
p.Gly869Phe,*,*,*
p.Gly869Pro,*,*,*
p.Gly869Ser,*,*,*
p.Gly869Ter,*,*,*
p.Gly869Thr,*,*,*
p.Gly869Trp,*,*,*
p.Gly869Tyr,*,*,*
p.Gly869Val,*,*,*
p.Gly875=,*,*,*
p.Gly875Ala,*,*,*
p.Gly875Arg,*,*,*
p.Gly875Asn,*,*,*
p.Gly875Asp,*,*,*
p.Gly875Cys,*,*,*
p.Gly875Gln,*,*,*
p.Gly875Glu,*,*,*
p.Gly875His,*,*,*
p.Gly875Ile,*,*,*
p.Gly875Leu,*,*,*
p.Gly875Lys,*,*,*
p.Gly875Met,*,*,*
p.Gly875Phe,*,*,*
p.Gly875Pro,*,*,*
p.Gly875Ser,*,*,*
p.Gly875Ter,*,*,*
p.Gly875Thr,*,*,*
p.Gly875Tyr,*,*,*
p.Gly875Val,*,*,*
p.Gly881=,*,*,*
p.Gly881Ala,*,*,*
p.Gly881Arg,*,*,*
p.Gly881Asn,*,*,*
p.Gly881Asp,*,*,*
p.Gly881Cys,*,*,*
p.Gly881Gln,*,*,*
p.Gly881Glu,*,*,*
p.Gly881His,*,*,*
p.Gly881Ile,*,*,*
p.Gly881Leu,*,*,*
p.Gly881Lys,*,*,*
p.Gly881Met,*,*,*
p.Gly881Phe,*,*,*
p.Gly881Pro,*,*,*
p.Gly881Ser,*,*,*
p.Gly881Ter,*,*,*
p.Gly881Thr,*,*,*
p.Gly881Trp,*,*,*
p.Gly881Tyr,*,*,*
p.Gly881Val,*,*,*
p.Gly891=,*,*,*
p.Gly891Ala,*,*,*
p.Gly891Arg,*,*,*
p.Gly891Asn,*,*,*
p.Gly891Asp,*,*,*
p.Gly891Cys,*,*,*
p.Gly891Gln,*,*,*
p.Gly891Glu,*,*,*
p.Gly891His,*,*,*
p.Gly891Ile,*,*,*
p.Gly891Leu,*,*,*
p.Gly891Lys,*,*,*
p.Gly891Met,*,*,*
p.Gly891Phe,*,*,*
p.Gly891Pro,*,*,*
p.Gly891Ser,*,*,*
p.Gly891Ter,*,*,*
p.Gly891Thr,*,*,*
p.Gly891Trp,*,*,*
p.Gly891Tyr,*,*,*
p.Gly891Val,*,*,*
p.Gly922=,*,*,*
p.Gly922Ala,*,*,*
p.Gly922Arg,*,*,*
p.Gly922Asn,*,*,*
p.Gly922Asp,*,*,*
p.Gly922Cys,*,*,*
p.Gly922Gln,*,*,*
p.Gly922Glu,*,*,*
p.Gly922His,*,*,*
p.Gly922Ile,*,*,*
p.Gly922Leu,*,*,*
p.Gly922Lys,*,*,*
p.Gly922Met,*,*,*
p.Gly922Phe,*,*,*
p.Gly922Pro,*,*,*
p.Gly922Ser,*,*,*
p.Gly922Ter,*,*,*
p.Gly922Thr,*,*,*
p.Gly922Trp,*,*,*
p.Gly922Tyr,*,*,*
p.Gly922Val,*,*,*
p.Gly943=,*,*,*
p.Gly943Ala,*,*,*
p.Gly943Arg,*,*,*
p.Gly943Asn,*,*,*
p.Gly943Asp,*,*,*
p.Gly943Cys,*,*,*
p.Gly943Gln,*,*,*
p.Gly943Glu,*,*,*
p.Gly943His,*,*,*
p.Gly943Ile,*,*,*
p.Gly943Leu,*,*,*
p.Gly943Lys,*,*,*
p.Gly943Met,*,*,*
p.Gly943Phe,*,*,*
p.Gly943Pro,*,*,*
p.Gly943Ser,*,*,*
p.Gly943Ter,*,*,*
p.Gly943Thr,*,*,*
p.Gly943Trp,*,*,*
p.Gly943Tyr,*,*,*
p.Gly943Val,*,*,*
p.Gly948=,*,*,*
p.Gly948Ala,*,*,*
p.Gly948Arg,*,*,*
p.Gly948Asn,*,*,*
p.Gly948Asp,*,*,*
p.Gly948Cys,*,*,*
p.Gly948Gln,*,*,*
p.Gly948Glu,*,*,*
p.Gly948His,*,*,*
p.Gly948Ile,*,*,*
p.Gly948Leu,*,*,*
p.Gly948Lys,*,*,*
p.Gly948Met,*,*,*
p.Gly948Phe,*,*,*
p.Gly948Pro,*,*,*
p.Gly948Ser,*,*,*
p.Gly948Ter,*,*,*
p.Gly948Thr,*,*,*
p.Gly948Trp,*,*,*
p.Gly948Tyr,*,*,*
p.Gly948Val,*,*,*
p.Gly988=,*,*,*
p.Gly988Ala,*,*,*
p.Gly988Arg,*,*,*
p.Gly988Asn,*,*,*
p.Gly988Asp,*,*,*
p.Gly988Cys,*,*,*
p.Gly988Gln,*,*,*
p.Gly988Glu,*,*,*
p.Gly988His,*,*,*
p.Gly988Ile,*,*,*
p.Gly988Leu,*,*,*
p.Gly988Lys,*,*,*
p.Gly988Met,*,*,*
p.Gly988Phe,*,*,*
p.Gly988Pro,*,*,*
p.Gly988Ser,*,*,*
p.Gly988Ter,*,*,*
p.Gly988Thr,*,*,*
p.Gly988Trp,*,*,*
p.Gly988Tyr,*,*,*
p.Gly988Val,*,*,*
p.Gly998=,*,*,*
p.Gly998Ala,*,*,*
p.Gly998Arg,*,*,*
p.Gly998Asn,*,*,*
p.Gly998Asp,*,*,*
p.Gly998Cys,*,*,*
p.Gly998Gln,*,*,*
p.Gly998Glu,*,*,*
p.Gly998His,*,*,*
p.Gly998Ile,*,*,*
p.Gly998Leu,*,*,*
p.Gly998Lys,*,*,*
p.Gly998Met,*,*,*
p.Gly998Phe,*,*,*
p.Gly998Pro,*,*,*
p.Gly998Ser,*,*,*
p.Gly998Ter,*,*,*
p.Gly998Thr,*,*,*
p.Gly998Trp,*,*,*
p.Gly998Tyr,*,*,*
p.Gly998Val,*,*,*
p.His1019=,*,*,*
p.His1019Ala,*,*,*
p.His1019Arg,*,*,*
p.His1019Asn,*,*,*
p.His1019Asp,*,*,*
p.His1019Cys,*,*,*
p.His1019Gln,*,*,*
p.His1019Glu,*,*,*
p.His1019Gly,*,*,*
p.His1019Ile,*,*,*
p.His1019Leu,*,*,*
p.His1019Lys,*,*,*
p.His1019Met,*,*,*
p.His1019Phe,*,*,*
p.His1019Pro,*,*,*
p.His1019Ser,*,*,*
p.His1019Ter,*,*,*
p.His1019Thr,*,*,*
p.His1019Trp,*,*,*
p.His1019Tyr,*,*,*
p.His1019Val,*,*,*
p.His1034=,*,*,*
p.His1034Ala,*,*,*
p.His1034Arg,*,*,*
p.His1034Asn,*,*,*
p.His1034Asp,*,*,*
p.His1034Cys,*,*,*
p.His1034Gln,*,*,*
p.His1034Glu,*,*,*
p.His1034Gly,*,*,*
p.His1034Ile,*,*,*
p.His1034Leu,*,*,*
p.His1034Lys,*,*,*
p.His1034Met,*,*,*
p.His1034Phe,*,*,*
p.His1034Pro,*,*,*
p.His1034Ser,*,*,*
p.His1034Ter,*,*,*
p.His1034Thr,*,*,*
p.His1034Trp,*,*,*
p.His1034Tyr,*,*,*
p.His1034Val,*,*,*
p.His1069=,*,*,*
p.His1069Ala,*,*,*
p.His1069Arg,*,*,*
p.His1069Asn,*,*,*
p.His1069Asp,*,*,*
p.His1069Cys,*,*,*
p.His1069Gln,*,*,*
p.His1069Glu,*,*,*
p.His1069Gly,*,*,*
p.His1069Ile,*,*,*
p.His1069Leu,*,*,*
p.His1069Lys,*,*,*
p.His1069Met,*,*,*
p.His1069Phe,*,*,*
p.His1069Pro,*,*,*
p.His1069Ser,*,*,*
p.His1069Ter,*,*,*
p.His1069Thr,*,*,*
p.His1069Trp,*,*,*
p.His1069Tyr,*,*,*
p.His1069Val,*,*,*
p.His1115=,*,*,*
p.His1115Ala,*,*,*
p.His1115Arg,*,*,*
p.His1115Asn,*,*,*
p.His1115Asp,*,*,*
p.His1115Cys,*,*,*
p.His1115Gln,*,*,*
p.His1115Glu,*,*,*
p.His1115Gly,*,*,*
p.His1115Ile,*,*,*
p.His1115Leu,*,*,*
p.His1115Lys,*,*,*
p.His1115Met,*,*,*
p.His1115Phe,*,*,*
p.His1115Pro,*,*,*
p.His1115Ser,*,*,*
p.His1115Ter,*,*,*
p.His1115Thr,*,*,*
p.His1115Trp,*,*,*
p.His1115Tyr,*,*,*
p.His1115Val,*,*,*
p.His1126=,*,*,*
p.His1126Ala,*,*,*
p.His1126Arg,*,*,*
p.His1126Asn,*,*,*
p.His1126Asp,*,*,*
p.His1126Cys,*,*,*
p.His1126Gln,*,*,*
p.His1126Glu,*,*,*
p.His1126Gly,*,*,*
p.His1126Ile,*,*,*
p.His1126Leu,*,*,*
p.His1126Lys,*,*,*
p.His1126Met,*,*,*
p.His1126Phe,*,*,*
p.His1126Pro,*,*,*
p.His1126Ser,*,*,*
p.His1126Ter,*,*,*
p.His1126Thr,*,*,*
p.His1126Trp,*,*,*
p.His1126Tyr,*,*,*
p.His1126Val,*,*,*
p.His1172=,*,*,*
p.His1172Ala,*,*,*
p.His1172Arg,*,*,*
p.His1172Asn,*,*,*
p.His1172Asp,*,*,*
p.His1172Cys,*,*,*
p.His1172Gln,*,*,*
p.His1172Glu,*,*,*
p.His1172Gly,*,*,*
p.His1172Ile,*,*,*
p.His1172Leu,*,*,*
p.His1172Lys,*,*,*
p.His1172Met,*,*,*
p.His1172Phe,*,*,*
p.His1172Pro,*,*,*
p.His1172Ser,*,*,*
p.His1172Ter,*,*,*
p.His1172Thr,*,*,*
p.His1172Trp,*,*,*
p.His1172Tyr,*,*,*
p.His1172Val,*,*,*
p.His1207=,*,*,*
p.His1207Ala,*,*,*
p.His1207Arg,*,*,*
p.His1207Asn,*,*,*
p.His1207Asp,*,*,*
p.His1207Cys,*,*,*
p.His1207Gln,*,*,*
p.His1207Glu,*,*,*
p.His1207Gly,*,*,*
p.His1207Ile,*,*,*
p.His1207Leu,*,*,*
p.His1207Lys,*,*,*
p.His1207Met,*,*,*
p.His1207Phe,*,*,*
p.His1207Pro,*,*,*
p.His1207Ser,*,*,*
p.His1207Ter,*,*,*
p.His1207Thr,*,*,*
p.His1207Trp,*,*,*
p.His1207Tyr,*,*,*
p.His1207Val,*,*,*
p.His1247=,*,*,*
p.His1247Ala,*,*,*
p.His1247Arg,*,*,*
p.His1247Asn,*,*,*
p.His1247Asp,*,*,*
p.His1247Cys,*,*,*
p.His1247Gln,*,*,*
p.His1247Glu,*,*,*
p.His1247Gly,*,*,*
p.His1247Ile,*,*,*
p.His1247Leu,*,*,*
p.His1247Lys,*,*,*
p.His1247Met,*,*,*
p.His1247Phe,*,*,*
p.His1247Pro,*,*,*
p.His1247Ser,*,*,*
p.His1247Ter,*,*,*
p.His1247Thr,*,*,*
p.His1247Trp,*,*,*
p.His1247Tyr,*,*,*
p.His1247Val,*,*,*
p.His1312=,*,*,*
p.His1312Ala,*,*,*
p.His1312Arg,*,*,*
p.His1312Asn,*,*,*
p.His1312Asp,*,*,*
p.His1312Cys,*,*,*
p.His1312Gln,*,*,*
p.His1312Glu,*,*,*
p.His1312Gly,*,*,*
p.His1312Ile,*,*,*
p.His1312Leu,*,*,*
p.His1312Lys,*,*,*
p.His1312Met,*,*,*
p.His1312Phe,*,*,*
p.His1312Pro,*,*,*
p.His1312Ser,*,*,*
p.His1312Ter,*,*,*
p.His1312Thr,*,*,*
p.His1312Trp,*,*,*
p.His1312Tyr,*,*,*
p.His1312Val,*,*,*
p.His1389=,*,*,*
p.His1389Ala,*,*,*
p.His1389Arg,*,*,*
p.His1389Asn,*,*,*
p.His1389Asp,*,*,*
p.His1389Cys,*,*,*
p.His1389Gln,*,*,*
p.His1389Glu,*,*,*
p.His1389Gly,*,*,*
p.His1389Ile,*,*,*
p.His1389Leu,*,*,*
p.His1389Lys,*,*,*
p.His1389Met,*,*,*
p.His1389Phe,*,*,*
p.His1389Pro,*,*,*
p.His1389Ser,*,*,*
p.His1389Ter,*,*,*
p.His1389Thr,*,*,*
p.His1389Trp,*,*,*
p.His1389Tyr,*,*,*
p.His1389Val,*,*,*
p.His1391=,*,*,*
p.His1391Ala,*,*,*
p.His1391Arg,*,*,*
p.His1391Asn,*,*,*
p.His1391Asp,*,*,*
p.His1391Cys,*,*,*
p.His1391Gln,*,*,*
p.His1391Glu,*,*,*
p.His1391Gly,*,*,*
p.His1391Ile,*,*,*
p.His1391Leu,*,*,*
p.His1391Lys,*,*,*
p.His1391Met,*,*,*
p.His1391Phe,*,*,*
p.His1391Pro,*,*,*
p.His1391Ser,*,*,*
p.His1391Ter,*,*,*
p.His1391Thr,*,*,*
p.His1391Trp,*,*,*
p.His1391Tyr,*,*,*
p.His1391Val,*,*,*
p.His1403=,*,*,*
p.His1403Ala,*,*,*
p.His1403Arg,*,*,*
p.His1403Asn,*,*,*
p.His1403Asp,*,*,*
p.His1403Cys,*,*,*
p.His1403Gln,*,*,*
p.His1403Glu,*,*,*
p.His1403Gly,*,*,*
p.His1403Ile,*,*,*
p.His1403Leu,*,*,*
p.His1403Lys,*,*,*
p.His1403Met,*,*,*
p.His1403Phe,*,*,*
p.His1403Pro,*,*,*
p.His1403Ser,*,*,*
p.His1403Ter,*,*,*
p.His1403Thr,*,*,*
p.His1403Trp,*,*,*
p.His1403Tyr,*,*,*
p.His1403Val,*,*,*
p.His1441=,*,*,*
p.His1441Ala,*,*,*
p.His1441Arg,*,*,*
p.His1441Asn,*,*,*
p.His1441Asp,*,*,*
p.His1441Cys,*,*,*
p.His1441Gln,*,*,*
p.His1441Glu,*,*,*
p.His1441Gly,*,*,*
p.His1441Ile,*,*,*
p.His1441Leu,*,*,*
p.His1441Lys,*,*,*
p.His1441Met,*,*,*
p.His1441Phe,*,*,*
p.His1441Pro,*,*,*
p.His1441Ser,*,*,*
p.His1441Ter,*,*,*
p.His1441Thr,*,*,*
p.His1441Trp,*,*,*
p.His1441Tyr,*,*,*
p.His1441Val,*,*,*
p.His724=,*,*,*
p.His724Ala,*,*,*
p.His724Arg,*,*,*
p.His724Asn,*,*,*
p.His724Asp,*,*,*
p.His724Cys,*,*,*
p.His724Gln,*,*,*
p.His724Glu,*,*,*
p.His724Gly,*,*,*
p.His724Ile,*,*,*
p.His724Leu,*,*,*
p.His724Lys,*,*,*
p.His724Met,*,*,*
p.His724Phe,*,*,*
p.His724Pro,*,*,*
p.His724Ser,*,*,*
p.His724Ter,*,*,*
p.His724Thr,*,*,*
p.His724Trp,*,*,*
p.His724Tyr,*,*,*
p.His724Val,*,*,*
p.His782=,*,*,*
p.His782Ala,*,*,*
p.His782Arg,*,*,*
p.His782Asn,*,*,*
p.His782Asp,*,*,*
p.His782Cys,*,*,*
p.His782Gln,*,*,*
p.His782Glu,*,*,*
p.His782Gly,*,*,*
p.His782Ile,*,*,*
p.His782Leu,*,*,*
p.His782Lys,*,*,*
p.His782Met,*,*,*
p.His782Phe,*,*,*
p.His782Pro,*,*,*
p.His782Ser,*,*,*
p.His782Ter,*,*,*
p.His782Thr,*,*,*
p.His782Trp,*,*,*
p.His782Tyr,*,*,*
p.His782Val,*,*,*
p.His880=,*,*,*
p.His880Ala,*,*,*
p.His880Arg,*,*,*
p.His880Asn,*,*,*
p.His880Asp,*,*,*
p.His880Cys,*,*,*
p.His880Gln,*,*,*
p.His880Glu,*,*,*
p.His880Gly,*,*,*
p.His880Ile,*,*,*
p.His880Leu,*,*,*
p.His880Lys,*,*,*
p.His880Met,*,*,*
p.His880Phe,*,*,*
p.His880Pro,*,*,*
p.His880Ser,*,*,*
p.His880Ter,*,*,*
p.His880Thr,*,*,*
p.His880Trp,*,*,*
p.His880Tyr,*,*,*
p.His880Val,*,*,*
p.His889=,*,*,*
p.His889Ala,*,*,*
p.His889Arg,*,*,*
p.His889Asn,*,*,*
p.His889Asp,*,*,*
p.His889Cys,*,*,*
p.His889Gln,*,*,*
p.His889Glu,*,*,*
p.His889Gly,*,*,*
p.His889Ile,*,*,*
p.His889Leu,*,*,*
p.His889Lys,*,*,*
p.His889Met,*,*,*
p.His889Phe,*,*,*
p.His889Pro,*,*,*
p.His889Ser,*,*,*
p.His889Ter,*,*,*
p.His889Thr,*,*,*
p.His889Trp,*,*,*
p.His889Tyr,*,*,*
p.His889Val,*,*,*
p.His960=,*,*,*
p.His960Ala,*,*,*
p.His960Arg,*,*,*
p.His960Asn,*,*,*
p.His960Asp,*,*,*
p.His960Cys,*,*,*
p.His960Gln,*,*,*
p.His960Glu,*,*,*
p.His960Gly,*,*,*
p.His960Ile,*,*,*
p.His960Leu,*,*,*
p.His960Lys,*,*,*
p.His960Met,*,*,*
p.His960Phe,*,*,*
p.His960Pro,*,*,*
p.His960Ser,*,*,*
p.His960Ter,*,*,*
p.His960Thr,*,*,*
p.His960Trp,*,*,*
p.His960Tyr,*,*,*
p.His960Val,*,*,*
p.Ile1007=,*,*,*
p.Ile1007Ala,*,*,*
p.Ile1007Arg,*,*,*
p.Ile1007Asn,*,*,*
p.Ile1007Asp,*,*,*
p.Ile1007Cys,*,*,*
p.Ile1007Gln,*,*,*
p.Ile1007Glu,*,*,*
p.Ile1007Gly,*,*,*
p.Ile1007His,*,*,*
p.Ile1007Leu,*,*,*
p.Ile1007Lys,*,*,*
p.Ile1007Met,*,*,*
p.Ile1007Phe,*,*,*
p.Ile1007Pro,*,*,*
p.Ile1007Ser,*,*,*
p.Ile1007Ter,*,*,*
p.Ile1007Thr,*,*,*
p.Ile1007Trp,*,*,*
p.Ile1007Tyr,*,*,*
p.Ile1007Val,*,*,*
p.Ile1009=,*,*,*
p.Ile1009Ala,*,*,*
p.Ile1009Arg,*,*,*
p.Ile1009Asn,*,*,*
p.Ile1009Asp,*,*,*
p.Ile1009Cys,*,*,*
p.Ile1009Gln,*,*,*
p.Ile1009Glu,*,*,*
p.Ile1009Gly,*,*,*
p.Ile1009His,*,*,*
p.Ile1009Leu,*,*,*
p.Ile1009Lys,*,*,*
p.Ile1009Met,*,*,*
p.Ile1009Phe,*,*,*
p.Ile1009Pro,*,*,*
p.Ile1009Ser,*,*,*
p.Ile1009Ter,*,*,*
p.Ile1009Thr,*,*,*
p.Ile1009Trp,*,*,*
p.Ile1009Tyr,*,*,*
p.Ile1009Val,*,*,*
p.Ile1021=,*,*,*
p.Ile1021Ala,*,*,*
p.Ile1021Arg,*,*,*
p.Ile1021Asn,*,*,*
p.Ile1021Asp,*,*,*
p.Ile1021Cys,*,*,*
p.Ile1021Gln,*,*,*
p.Ile1021Glu,*,*,*
p.Ile1021Gly,*,*,*
p.Ile1021His,*,*,*
p.Ile1021Leu,*,*,*
p.Ile1021Lys,*,*,*
p.Ile1021Met,*,*,*
p.Ile1021Phe,*,*,*
p.Ile1021Pro,*,*,*
p.Ile1021Ser,*,*,*
p.Ile1021Ter,*,*,*
p.Ile1021Thr,*,*,*
p.Ile1021Trp,*,*,*
p.Ile1021Tyr,*,*,*
p.Ile1021Val,*,*,*
p.Ile1032=,*,*,*
p.Ile1032Ala,*,*,*
p.Ile1032Arg,*,*,*
p.Ile1032Asn,*,*,*
p.Ile1032Asp,*,*,*
p.Ile1032Cys,*,*,*
p.Ile1032Glu,*,*,*
p.Ile1032Gly,*,*,*
p.Ile1032His,*,*,*
p.Ile1032Leu,*,*,*
p.Ile1032Lys,*,*,*
p.Ile1032Met,*,*,*
p.Ile1032Phe,*,*,*
p.Ile1032Pro,*,*,*
p.Ile1032Ser,*,*,*
p.Ile1032Ter,*,*,*
p.Ile1032Thr,*,*,*
p.Ile1032Trp,*,*,*
p.Ile1032Tyr,*,*,*
p.Ile1032Val,*,*,*
p.Ile1102=,*,*,*
p.Ile1102Ala,*,*,*
p.Ile1102Arg,*,*,*
p.Ile1102Asn,*,*,*
p.Ile1102Asp,*,*,*
p.Ile1102Cys,*,*,*
p.Ile1102Gln,*,*,*
p.Ile1102Glu,*,*,*
p.Ile1102Gly,*,*,*
p.Ile1102His,*,*,*
p.Ile1102Leu,*,*,*
p.Ile1102Lys,*,*,*
p.Ile1102Met,*,*,*
p.Ile1102Phe,*,*,*
p.Ile1102Pro,*,*,*
p.Ile1102Ser,*,*,*
p.Ile1102Ter,*,*,*
p.Ile1102Thr,*,*,*
p.Ile1102Trp,*,*,*
p.Ile1102Tyr,*,*,*
p.Ile1102Val,*,*,*
p.Ile1112=,*,*,*
p.Ile1112Ala,*,*,*
p.Ile1112Arg,*,*,*
p.Ile1112Asn,*,*,*
p.Ile1112Asp,*,*,*
p.Ile1112Cys,*,*,*
p.Ile1112Gln,*,*,*
p.Ile1112Glu,*,*,*
p.Ile1112Gly,*,*,*
p.Ile1112His,*,*,*
p.Ile1112Leu,*,*,*
p.Ile1112Lys,*,*,*
p.Ile1112Met,*,*,*
p.Ile1112Phe,*,*,*
p.Ile1112Pro,*,*,*
p.Ile1112Ser,*,*,*
p.Ile1112Ter,*,*,*
p.Ile1112Thr,*,*,*
p.Ile1112Tyr,*,*,*
p.Ile1112Val,*,*,*
p.Ile1148=,*,*,*
p.Ile1148Ala,*,*,*
p.Ile1148Arg,*,*,*
p.Ile1148Asn,*,*,*
p.Ile1148Asp,*,*,*
p.Ile1148Cys,*,*,*
p.Ile1148Glu,*,*,*
p.Ile1148Gly,*,*,*
p.Ile1148His,*,*,*
p.Ile1148Leu,*,*,*
p.Ile1148Lys,*,*,*
p.Ile1148Met,*,*,*
p.Ile1148Phe,*,*,*
p.Ile1148Pro,*,*,*
p.Ile1148Ser,*,*,*
p.Ile1148Ter,*,*,*
p.Ile1148Thr,*,*,*
p.Ile1148Trp,*,*,*
p.Ile1148Tyr,*,*,*
p.Ile1148Val,*,*,*
p.Ile1161=,*,*,*
p.Ile1161Ala,*,*,*
p.Ile1161Arg,*,*,*
p.Ile1161Asn,*,*,*
p.Ile1161Asp,*,*,*
p.Ile1161Cys,*,*,*
p.Ile1161Gln,*,*,*
p.Ile1161Glu,*,*,*
p.Ile1161Gly,*,*,*
p.Ile1161His,*,*,*
p.Ile1161Leu,*,*,*
p.Ile1161Lys,*,*,*
p.Ile1161Met,*,*,*
p.Ile1161Phe,*,*,*
p.Ile1161Pro,*,*,*
p.Ile1161Ser,*,*,*
p.Ile1161Ter,*,*,*
p.Ile1161Thr,*,*,*
p.Ile1161Trp,*,*,*
p.Ile1161Tyr,*,*,*
p.Ile1161Val,*,*,*
p.Ile1180=,*,*,*
p.Ile1180Ala,*,*,*
p.Ile1180Arg,*,*,*
p.Ile1180Asn,*,*,*
p.Ile1180Asp,*,*,*
p.Ile1180Cys,*,*,*
p.Ile1180Gln,*,*,*
p.Ile1180Glu,*,*,*
p.Ile1180Gly,*,*,*
p.Ile1180His,*,*,*
p.Ile1180Leu,*,*,*
p.Ile1180Lys,*,*,*
p.Ile1180Met,*,*,*
p.Ile1180Phe,*,*,*
p.Ile1180Pro,*,*,*
p.Ile1180Ser,*,*,*
p.Ile1180Ter,*,*,*
p.Ile1180Thr,*,*,*
p.Ile1180Trp,*,*,*
p.Ile1180Tyr,*,*,*
p.Ile1180Val,*,*,*
p.Ile1184=,*,*,*
p.Ile1184Ala,*,*,*
p.Ile1184Arg,*,*,*
p.Ile1184Asn,*,*,*
p.Ile1184Asp,*,*,*
p.Ile1184Cys,*,*,*
p.Ile1184Gln,*,*,*
p.Ile1184Glu,*,*,*
p.Ile1184Gly,*,*,*
p.Ile1184His,*,*,*
p.Ile1184Leu,*,*,*
p.Ile1184Lys,*,*,*
p.Ile1184Met,*,*,*
p.Ile1184Phe,*,*,*
p.Ile1184Pro,*,*,*
p.Ile1184Ser,*,*,*
p.Ile1184Ter,*,*,*
p.Ile1184Thr,*,*,*
p.Ile1184Trp,*,*,*
p.Ile1184Tyr,*,*,*
p.Ile1184Val,*,*,*
p.Ile1192=,*,*,*
p.Ile1192Ala,*,*,*
p.Ile1192Arg,*,*,*
p.Ile1192Asn,*,*,*
p.Ile1192Asp,*,*,*
p.Ile1192Cys,*,*,*
p.Ile1192Gln,*,*,*
p.Ile1192Glu,*,*,*
p.Ile1192Gly,*,*,*
p.Ile1192His,*,*,*
p.Ile1192Leu,*,*,*
p.Ile1192Lys,*,*,*
p.Ile1192Met,*,*,*
p.Ile1192Phe,*,*,*
p.Ile1192Pro,*,*,*
p.Ile1192Ser,*,*,*
p.Ile1192Ter,*,*,*
p.Ile1192Thr,*,*,*
p.Ile1192Trp,*,*,*
p.Ile1192Tyr,*,*,*
p.Ile1192Val,*,*,*
p.Ile1194=,*,*,*
p.Ile1194Ala,*,*,*
p.Ile1194Arg,*,*,*
p.Ile1194Asn,*,*,*
p.Ile1194Asp,*,*,*
p.Ile1194Cys,*,*,*
p.Ile1194Gln,*,*,*
p.Ile1194Glu,*,*,*
p.Ile1194Gly,*,*,*
p.Ile1194His,*,*,*
p.Ile1194Leu,*,*,*
p.Ile1194Lys,*,*,*
p.Ile1194Met,*,*,*
p.Ile1194Phe,*,*,*
p.Ile1194Pro,*,*,*
p.Ile1194Ser,*,*,*
p.Ile1194Ter,*,*,*
p.Ile1194Thr,*,*,*
p.Ile1194Trp,*,*,*
p.Ile1194Tyr,*,*,*
p.Ile1194Val,*,*,*
p.Ile1219=,*,*,*
p.Ile1219Ala,*,*,*
p.Ile1219Arg,*,*,*
p.Ile1219Asn,*,*,*
p.Ile1219Asp,*,*,*
p.Ile1219Cys,*,*,*
p.Ile1219Gln,*,*,*
p.Ile1219Glu,*,*,*
p.Ile1219Gly,*,*,*
p.Ile1219His,*,*,*
p.Ile1219Leu,*,*,*
p.Ile1219Lys,*,*,*
p.Ile1219Met,*,*,*
p.Ile1219Phe,*,*,*
p.Ile1219Pro,*,*,*
p.Ile1219Ser,*,*,*
p.Ile1219Ter,*,*,*
p.Ile1219Thr,*,*,*
p.Ile1219Trp,*,*,*
p.Ile1219Tyr,*,*,*
p.Ile1219Val,*,*,*
p.Ile1230=,*,*,*
p.Ile1230Ala,*,*,*
p.Ile1230Arg,*,*,*
p.Ile1230Asn,*,*,*
p.Ile1230Asp,*,*,*
p.Ile1230Cys,*,*,*
p.Ile1230Gln,*,*,*
p.Ile1230Glu,*,*,*
p.Ile1230Gly,*,*,*
p.Ile1230His,*,*,*
p.Ile1230Leu,*,*,*
p.Ile1230Lys,*,*,*
p.Ile1230Met,*,*,*
p.Ile1230Phe,*,*,*
p.Ile1230Pro,*,*,*
p.Ile1230Ser,*,*,*
p.Ile1230Ter,*,*,*
p.Ile1230Thr,*,*,*
p.Ile1230Trp,*,*,*
p.Ile1230Tyr,*,*,*
p.Ile1230Val,*,*,*
p.Ile1236=,*,*,*
p.Ile1236Ala,*,*,*
p.Ile1236Arg,*,*,*
p.Ile1236Asn,*,*,*
p.Ile1236Asp,*,*,*
p.Ile1236Cys,*,*,*
p.Ile1236Gln,*,*,*
p.Ile1236Glu,*,*,*
p.Ile1236Gly,*,*,*
p.Ile1236His,*,*,*
p.Ile1236Leu,*,*,*
p.Ile1236Lys,*,*,*
p.Ile1236Met,*,*,*
p.Ile1236Phe,*,*,*
p.Ile1236Pro,*,*,*
p.Ile1236Ser,*,*,*
p.Ile1236Ter,*,*,*
p.Ile1236Thr,*,*,*
p.Ile1236Trp,*,*,*
p.Ile1236Tyr,*,*,*
p.Ile1236Val,*,*,*
p.Ile1284=,*,*,*
p.Ile1284Ala,*,*,*
p.Ile1284Arg,*,*,*
p.Ile1284Asn,*,*,*
p.Ile1284Asp,*,*,*
p.Ile1284Cys,*,*,*
p.Ile1284Gln,*,*,*
p.Ile1284Glu,*,*,*
p.Ile1284Gly,*,*,*
p.Ile1284His,*,*,*
p.Ile1284Leu,*,*,*
p.Ile1284Lys,*,*,*
p.Ile1284Met,*,*,*
p.Ile1284Phe,*,*,*
p.Ile1284Pro,*,*,*
p.Ile1284Ser,*,*,*
p.Ile1284Ter,*,*,*
p.Ile1284Thr,*,*,*
p.Ile1284Trp,*,*,*
p.Ile1284Tyr,*,*,*
p.Ile1284Val,*,*,*
p.Ile1292=,*,*,*
p.Ile1292Ala,*,*,*
p.Ile1292Arg,*,*,*
p.Ile1292Asn,*,*,*
p.Ile1292Asp,*,*,*
p.Ile1292Cys,*,*,*
p.Ile1292Gln,*,*,*
p.Ile1292Glu,*,*,*
p.Ile1292Gly,*,*,*
p.Ile1292His,*,*,*
p.Ile1292Leu,*,*,*
p.Ile1292Lys,*,*,*
p.Ile1292Met,*,*,*
p.Ile1292Phe,*,*,*
p.Ile1292Pro,*,*,*
p.Ile1292Ser,*,*,*
p.Ile1292Ter,*,*,*
p.Ile1292Thr,*,*,*
p.Ile1292Trp,*,*,*
p.Ile1292Tyr,*,*,*
p.Ile1292Val,*,*,*
p.Ile1300=,*,*,*
p.Ile1300Ala,*,*,*
p.Ile1300Arg,*,*,*
p.Ile1300Asn,*,*,*
p.Ile1300Asp,*,*,*
p.Ile1300Cys,*,*,*
p.Ile1300Gln,*,*,*
p.Ile1300Glu,*,*,*
p.Ile1300Gly,*,*,*
p.Ile1300His,*,*,*
p.Ile1300Leu,*,*,*
p.Ile1300Lys,*,*,*
p.Ile1300Met,*,*,*
p.Ile1300Phe,*,*,*
p.Ile1300Pro,*,*,*
p.Ile1300Ser,*,*,*
p.Ile1300Ter,*,*,*
p.Ile1300Thr,*,*,*
p.Ile1300Trp,*,*,*
p.Ile1300Tyr,*,*,*
p.Ile1300Val,*,*,*
p.Ile1311=,*,*,*
p.Ile1311Ala,*,*,*
p.Ile1311Arg,*,*,*
p.Ile1311Asn,*,*,*
p.Ile1311Asp,*,*,*
p.Ile1311Cys,*,*,*
p.Ile1311Gln,*,*,*
p.Ile1311Glu,*,*,*
p.Ile1311Gly,*,*,*
p.Ile1311His,*,*,*
p.Ile1311Leu,*,*,*
p.Ile1311Lys,*,*,*
p.Ile1311Met,*,*,*
p.Ile1311Phe,*,*,*
p.Ile1311Pro,*,*,*
p.Ile1311Ser,*,*,*
p.Ile1311Ter,*,*,*
p.Ile1311Thr,*,*,*
p.Ile1311Trp,*,*,*
p.Ile1311Tyr,*,*,*
p.Ile1311Val,*,*,*
p.Ile1321=,*,*,*
p.Ile1321Ala,*,*,*
p.Ile1321Arg,*,*,*
p.Ile1321Asn,*,*,*
p.Ile1321Asp,*,*,*
p.Ile1321Cys,*,*,*
p.Ile1321Gln,*,*,*
p.Ile1321Glu,*,*,*
p.Ile1321Gly,*,*,*
p.Ile1321His,*,*,*
p.Ile1321Leu,*,*,*
p.Ile1321Lys,*,*,*
p.Ile1321Met,*,*,*
p.Ile1321Phe,*,*,*
p.Ile1321Pro,*,*,*
p.Ile1321Ser,*,*,*
p.Ile1321Ter,*,*,*
p.Ile1321Thr,*,*,*
p.Ile1321Trp,*,*,*
p.Ile1321Tyr,*,*,*
p.Ile1321Val,*,*,*
p.Ile1323=,*,*,*
p.Ile1323Ala,*,*,*
p.Ile1323Arg,*,*,*
p.Ile1323Asn,*,*,*
p.Ile1323Asp,*,*,*
p.Ile1323Cys,*,*,*
p.Ile1323Gln,*,*,*
p.Ile1323Glu,*,*,*
p.Ile1323Gly,*,*,*
p.Ile1323His,*,*,*
p.Ile1323Leu,*,*,*
p.Ile1323Lys,*,*,*
p.Ile1323Met,*,*,*
p.Ile1323Phe,*,*,*
p.Ile1323Pro,*,*,*
p.Ile1323Ser,*,*,*
p.Ile1323Ter,*,*,*
p.Ile1323Thr,*,*,*
p.Ile1323Trp,*,*,*
p.Ile1323Tyr,*,*,*
p.Ile1323Val,*,*,*
p.Ile1330=,*,*,*
p.Ile1330Ala,*,*,*
p.Ile1330Arg,*,*,*
p.Ile1330Asn,*,*,*
p.Ile1330Asp,*,*,*
p.Ile1330Cys,*,*,*
p.Ile1330Gln,*,*,*
p.Ile1330Glu,*,*,*
p.Ile1330Gly,*,*,*
p.Ile1330His,*,*,*
p.Ile1330Leu,*,*,*
p.Ile1330Lys,*,*,*
p.Ile1330Met,*,*,*
p.Ile1330Phe,*,*,*
p.Ile1330Pro,*,*,*
p.Ile1330Ser,*,*,*
p.Ile1330Ter,*,*,*
p.Ile1330Thr,*,*,*
p.Ile1330Trp,*,*,*
p.Ile1330Tyr,*,*,*
p.Ile1330Val,*,*,*
p.Ile1336=,*,*,*
p.Ile1336Ala,*,*,*
p.Ile1336Arg,*,*,*
p.Ile1336Asn,*,*,*
p.Ile1336Asp,*,*,*
p.Ile1336Cys,*,*,*
p.Ile1336Gln,*,*,*
p.Ile1336Glu,*,*,*
p.Ile1336Gly,*,*,*
p.Ile1336His,*,*,*
p.Ile1336Leu,*,*,*
p.Ile1336Lys,*,*,*
p.Ile1336Met,*,*,*
p.Ile1336Phe,*,*,*
p.Ile1336Pro,*,*,*
p.Ile1336Ser,*,*,*
p.Ile1336Ter,*,*,*
p.Ile1336Thr,*,*,*
p.Ile1336Trp,*,*,*
p.Ile1336Tyr,*,*,*
p.Ile1336Val,*,*,*
p.Ile1338=,*,*,*
p.Ile1338Ala,*,*,*
p.Ile1338Arg,*,*,*
p.Ile1338Asn,*,*,*
p.Ile1338Asp,*,*,*
p.Ile1338Cys,*,*,*
p.Ile1338Gln,*,*,*
p.Ile1338Glu,*,*,*
p.Ile1338Gly,*,*,*
p.Ile1338His,*,*,*
p.Ile1338Leu,*,*,*
p.Ile1338Lys,*,*,*
p.Ile1338Met,*,*,*
p.Ile1338Phe,*,*,*
p.Ile1338Pro,*,*,*
p.Ile1338Ser,*,*,*
p.Ile1338Ter,*,*,*
p.Ile1338Thr,*,*,*
p.Ile1338Trp,*,*,*
p.Ile1338Tyr,*,*,*
p.Ile1338Val,*,*,*
p.Ile1346=,*,*,*
p.Ile1346Ala,*,*,*
p.Ile1346Arg,*,*,*
p.Ile1346Asn,*,*,*
p.Ile1346Asp,*,*,*
p.Ile1346Cys,*,*,*
p.Ile1346Gln,*,*,*
p.Ile1346Glu,*,*,*
p.Ile1346Gly,*,*,*
p.Ile1346His,*,*,*
p.Ile1346Leu,*,*,*
p.Ile1346Lys,*,*,*
p.Ile1346Met,*,*,*
p.Ile1346Phe,*,*,*
p.Ile1346Pro,*,*,*
p.Ile1346Ser,*,*,*
p.Ile1346Ter,*,*,*
p.Ile1346Thr,*,*,*
p.Ile1346Trp,*,*,*
p.Ile1346Tyr,*,*,*
p.Ile1346Val,*,*,*
p.Ile1348=,*,*,*
p.Ile1348Ala,*,*,*
p.Ile1348Arg,*,*,*
p.Ile1348Asn,*,*,*
p.Ile1348Asp,*,*,*
p.Ile1348Cys,*,*,*
p.Ile1348Gln,*,*,*
p.Ile1348Glu,*,*,*
p.Ile1348Gly,*,*,*
p.Ile1348His,*,*,*
p.Ile1348Leu,*,*,*
p.Ile1348Lys,*,*,*
p.Ile1348Met,*,*,*
p.Ile1348Phe,*,*,*
p.Ile1348Pro,*,*,*
p.Ile1348Ser,*,*,*
p.Ile1348Ter,*,*,*
p.Ile1348Thr,*,*,*
p.Ile1348Trp,*,*,*
p.Ile1348Tyr,*,*,*
p.Ile1348Val,*,*,*
p.Ile1404=,*,*,*
p.Ile1404Ala,*,*,*
p.Ile1404Arg,*,*,*
p.Ile1404Asn,*,*,*
p.Ile1404Asp,*,*,*
p.Ile1404Cys,*,*,*
p.Ile1404Gln,*,*,*
p.Ile1404Glu,*,*,*
p.Ile1404Gly,*,*,*
p.Ile1404His,*,*,*
p.Ile1404Leu,*,*,*
p.Ile1404Lys,*,*,*
p.Ile1404Met,*,*,*
p.Ile1404Phe,*,*,*
p.Ile1404Pro,*,*,*
p.Ile1404Ser,*,*,*
p.Ile1404Ter,*,*,*
p.Ile1404Thr,*,*,*
p.Ile1404Trp,*,*,*
p.Ile1404Tyr,*,*,*
p.Ile1404Val,*,*,*
p.Ile1465=,*,*,*
p.Ile1465Ala,*,*,*
p.Ile1465Arg,*,*,*
p.Ile1465Asn,*,*,*
p.Ile1465Asp,*,*,*
p.Ile1465Cys,*,*,*
p.Ile1465Gln,*,*,*
p.Ile1465Glu,*,*,*
p.Ile1465Gly,*,*,*
p.Ile1465His,*,*,*
p.Ile1465Leu,*,*,*
p.Ile1465Lys,*,*,*
p.Ile1465Met,*,*,*
p.Ile1465Phe,*,*,*
p.Ile1465Pro,*,*,*
p.Ile1465Ser,*,*,*
p.Ile1465Ter,*,*,*
p.Ile1465Thr,*,*,*
p.Ile1465Trp,*,*,*
p.Ile1465Tyr,*,*,*
p.Ile1465Val,*,*,*
p.Ile733=,*,*,*
p.Ile733Ala,*,*,*
p.Ile733Arg,*,*,*
p.Ile733Asn,*,*,*
p.Ile733Asp,*,*,*
p.Ile733Cys,*,*,*
p.Ile733Gln,*,*,*
p.Ile733Glu,*,*,*
p.Ile733Gly,*,*,*
p.Ile733His,*,*,*
p.Ile733Leu,*,*,*
p.Ile733Lys,*,*,*
p.Ile733Met,*,*,*
p.Ile733Phe,*,*,*
p.Ile733Pro,*,*,*
p.Ile733Ser,*,*,*
p.Ile733Ter,*,*,*
p.Ile733Thr,*,*,*
p.Ile733Trp,*,*,*
p.Ile733Tyr,*,*,*
p.Ile733Val,*,*,*
p.Ile739=,*,*,*
p.Ile739Ala,*,*,*
p.Ile739Arg,*,*,*
p.Ile739Asn,*,*,*
p.Ile739Asp,*,*,*
p.Ile739Cys,*,*,*
p.Ile739Glu,*,*,*
p.Ile739Gly,*,*,*
p.Ile739His,*,*,*
p.Ile739Leu,*,*,*
p.Ile739Lys,*,*,*
p.Ile739Met,*,*,*
p.Ile739Phe,*,*,*
p.Ile739Pro,*,*,*
p.Ile739Ser,*,*,*
p.Ile739Ter,*,*,*
p.Ile739Thr,*,*,*
p.Ile739Trp,*,*,*
p.Ile739Tyr,*,*,*
p.Ile739Val,*,*,*
p.Ile747=,*,*,*
p.Ile747Ala,*,*,*
p.Ile747Arg,*,*,*
p.Ile747Asn,*,*,*
p.Ile747Asp,*,*,*
p.Ile747Cys,*,*,*
p.Ile747Gln,*,*,*
p.Ile747Glu,*,*,*
p.Ile747Gly,*,*,*
p.Ile747Leu,*,*,*
p.Ile747Met,*,*,*
p.Ile747Phe,*,*,*
p.Ile747Pro,*,*,*
p.Ile747Ser,*,*,*
p.Ile747Ter,*,*,*
p.Ile747Thr,*,*,*
p.Ile747Trp,*,*,*
p.Ile747Tyr,*,*,*
p.Ile747Val,*,*,*
p.Ile774=,*,*,*
p.Ile774Ala,*,*,*
p.Ile774Arg,*,*,*
p.Ile774Asn,*,*,*
p.Ile774Asp,*,*,*
p.Ile774Cys,*,*,*
p.Ile774Glu,*,*,*
p.Ile774Gly,*,*,*
p.Ile774His,*,*,*
p.Ile774Leu,*,*,*
p.Ile774Lys,*,*,*
p.Ile774Met,*,*,*
p.Ile774Phe,*,*,*
p.Ile774Pro,*,*,*
p.Ile774Ser,*,*,*
p.Ile774Ter,*,*,*
p.Ile774Thr,*,*,*
p.Ile774Trp,*,*,*
p.Ile774Tyr,*,*,*
p.Ile774Val,*,*,*
p.Ile814=,*,*,*
p.Ile814Ala,*,*,*
p.Ile814Arg,*,*,*
p.Ile814Asn,*,*,*
p.Ile814Asp,*,*,*
p.Ile814Cys,*,*,*
p.Ile814Gln,*,*,*
p.Ile814Glu,*,*,*
p.Ile814Gly,*,*,*
p.Ile814His,*,*,*
p.Ile814Leu,*,*,*
p.Ile814Lys,*,*,*
p.Ile814Met,*,*,*
p.Ile814Phe,*,*,*
p.Ile814Pro,*,*,*
p.Ile814Ser,*,*,*
p.Ile814Ter,*,*,*
p.Ile814Thr,*,*,*
p.Ile814Trp,*,*,*
p.Ile814Tyr,*,*,*
p.Ile814Val,*,*,*
p.Ile815=,*,*,*
p.Ile815Ala,*,*,*
p.Ile815Arg,*,*,*
p.Ile815Asn,*,*,*
p.Ile815Asp,*,*,*
p.Ile815Cys,*,*,*
p.Ile815Gln,*,*,*
p.Ile815Glu,*,*,*
p.Ile815Gly,*,*,*
p.Ile815His,*,*,*
p.Ile815Leu,*,*,*
p.Ile815Lys,*,*,*
p.Ile815Met,*,*,*
p.Ile815Phe,*,*,*
p.Ile815Pro,*,*,*
p.Ile815Ser,*,*,*
p.Ile815Ter,*,*,*
p.Ile815Thr,*,*,*
p.Ile815Trp,*,*,*
p.Ile815Tyr,*,*,*
p.Ile815Val,*,*,*
p.Ile830=,*,*,*
p.Ile830Ala,*,*,*
p.Ile830Arg,*,*,*
p.Ile830Asn,*,*,*
p.Ile830Asp,*,*,*
p.Ile830Cys,*,*,*
p.Ile830Gln,*,*,*
p.Ile830Glu,*,*,*
p.Ile830Gly,*,*,*
p.Ile830His,*,*,*
p.Ile830Leu,*,*,*
p.Ile830Lys,*,*,*
p.Ile830Met,*,*,*
p.Ile830Phe,*,*,*
p.Ile830Pro,*,*,*
p.Ile830Ser,*,*,*
p.Ile830Ter,*,*,*
p.Ile830Thr,*,*,*
p.Ile830Trp,*,*,*
p.Ile830Tyr,*,*,*
p.Ile830Val,*,*,*
p.Ile857=,*,*,*
p.Ile857Ala,*,*,*
p.Ile857Arg,*,*,*
p.Ile857Asn,*,*,*
p.Ile857Asp,*,*,*
p.Ile857Cys,*,*,*
p.Ile857Gln,*,*,*
p.Ile857Glu,*,*,*
p.Ile857Gly,*,*,*
p.Ile857His,*,*,*
p.Ile857Leu,*,*,*
p.Ile857Lys,*,*,*
p.Ile857Met,*,*,*
p.Ile857Phe,*,*,*
p.Ile857Pro,*,*,*
p.Ile857Ser,*,*,*
p.Ile857Ter,*,*,*
p.Ile857Thr,*,*,*
p.Ile857Trp,*,*,*
p.Ile857Tyr,*,*,*
p.Ile857Val,*,*,*
p.Ile873=,*,*,*
p.Ile873Ala,*,*,*
p.Ile873Arg,*,*,*
p.Ile873Asn,*,*,*
p.Ile873Asp,*,*,*
p.Ile873Cys,*,*,*
p.Ile873Gln,*,*,*
p.Ile873Glu,*,*,*
p.Ile873Gly,*,*,*
p.Ile873His,*,*,*
p.Ile873Leu,*,*,*
p.Ile873Lys,*,*,*
p.Ile873Met,*,*,*
p.Ile873Phe,*,*,*
p.Ile873Pro,*,*,*
p.Ile873Ser,*,*,*
p.Ile873Ter,*,*,*
p.Ile873Thr,*,*,*
p.Ile873Trp,*,*,*
p.Ile873Tyr,*,*,*
p.Ile873Val,*,*,*
p.Ile877=,*,*,*
p.Ile877Ala,*,*,*
p.Ile877Arg,*,*,*
p.Ile877Asn,*,*,*
p.Ile877Asp,*,*,*
p.Ile877Cys,*,*,*
p.Ile877Gln,*,*,*
p.Ile877Glu,*,*,*
p.Ile877Gly,*,*,*
p.Ile877His,*,*,*
p.Ile877Leu,*,*,*
p.Ile877Lys,*,*,*
p.Ile877Met,*,*,*
p.Ile877Phe,*,*,*
p.Ile877Pro,*,*,*
p.Ile877Ser,*,*,*
p.Ile877Ter,*,*,*
p.Ile877Thr,*,*,*
p.Ile877Trp,*,*,*
p.Ile877Tyr,*,*,*
p.Ile877Val,*,*,*
p.Ile885=,*,*,*
p.Ile885Ala,*,*,*
p.Ile885Arg,*,*,*
p.Ile885Asn,*,*,*
p.Ile885Asp,*,*,*
p.Ile885Cys,*,*,*
p.Ile885Gln,*,*,*
p.Ile885Glu,*,*,*
p.Ile885Gly,*,*,*
p.Ile885His,*,*,*
p.Ile885Leu,*,*,*
p.Ile885Lys,*,*,*
p.Ile885Met,*,*,*
p.Ile885Phe,*,*,*
p.Ile885Pro,*,*,*
p.Ile885Ser,*,*,*
p.Ile885Ter,*,*,*
p.Ile885Thr,*,*,*
p.Ile885Trp,*,*,*
p.Ile885Tyr,*,*,*
p.Ile885Val,*,*,*
p.Ile899=,*,*,*
p.Ile899Ala,*,*,*
p.Ile899Arg,*,*,*
p.Ile899Asn,*,*,*
p.Ile899Asp,*,*,*
p.Ile899Cys,*,*,*
p.Ile899Gln,*,*,*
p.Ile899Glu,*,*,*
p.Ile899Gly,*,*,*
p.Ile899His,*,*,*
p.Ile899Leu,*,*,*
p.Ile899Lys,*,*,*
p.Ile899Met,*,*,*
p.Ile899Phe,*,*,*
p.Ile899Pro,*,*,*
p.Ile899Ser,*,*,*
p.Ile899Ter,*,*,*
p.Ile899Thr,*,*,*
p.Ile899Trp,*,*,*
p.Ile899Tyr,*,*,*
p.Ile899Val,*,*,*
p.Ile913=,*,*,*
p.Ile913Ala,*,*,*
p.Ile913Arg,*,*,*
p.Ile913Asn,*,*,*
p.Ile913Asp,*,*,*
p.Ile913Cys,*,*,*
p.Ile913Gln,*,*,*
p.Ile913Glu,*,*,*
p.Ile913Gly,*,*,*
p.Ile913His,*,*,*
p.Ile913Leu,*,*,*
p.Ile913Lys,*,*,*
p.Ile913Met,*,*,*
p.Ile913Phe,*,*,*
p.Ile913Pro,*,*,*
p.Ile913Ser,*,*,*
p.Ile913Ter,*,*,*
p.Ile913Thr,*,*,*
p.Ile913Trp,*,*,*
p.Ile913Tyr,*,*,*
p.Ile913Val,*,*,*
p.Ile928=,*,*,*
p.Ile928Ala,*,*,*
p.Ile928Arg,*,*,*
p.Ile928Asn,*,*,*
p.Ile928Asp,*,*,*
p.Ile928Cys,*,*,*
p.Ile928Gln,*,*,*
p.Ile928Glu,*,*,*
p.Ile928Gly,*,*,*
p.Ile928His,*,*,*
p.Ile928Leu,*,*,*
p.Ile928Lys,*,*,*
p.Ile928Met,*,*,*
p.Ile928Phe,*,*,*
p.Ile928Pro,*,*,*
p.Ile928Ser,*,*,*
p.Ile928Ter,*,*,*
p.Ile928Thr,*,*,*
p.Ile928Trp,*,*,*
p.Ile928Tyr,*,*,*
p.Ile928Val,*,*,*
p.Ile929=,*,*,*
p.Ile929Ala,*,*,*
p.Ile929Arg,*,*,*
p.Ile929Asn,*,*,*
p.Ile929Asp,*,*,*
p.Ile929Cys,*,*,*
p.Ile929Gln,*,*,*
p.Ile929Glu,*,*,*
p.Ile929Gly,*,*,*
p.Ile929His,*,*,*
p.Ile929Leu,*,*,*
p.Ile929Lys,*,*,*
p.Ile929Met,*,*,*
p.Ile929Phe,*,*,*
p.Ile929Pro,*,*,*
p.Ile929Ser,*,*,*
p.Ile929Ter,*,*,*
p.Ile929Thr,*,*,*
p.Ile929Trp,*,*,*
p.Ile929Tyr,*,*,*
p.Ile929Val,*,*,*
p.Ile930=,*,*,*
p.Ile930Ala,*,*,*
p.Ile930Arg,*,*,*
p.Ile930Asn,*,*,*
p.Ile930Asp,*,*,*
p.Ile930Cys,*,*,*
p.Ile930Gln,*,*,*
p.Ile930Glu,*,*,*
p.Ile930Gly,*,*,*
p.Ile930His,*,*,*
p.Ile930Leu,*,*,*
p.Ile930Lys,*,*,*
p.Ile930Met,*,*,*
p.Ile930Phe,*,*,*
p.Ile930Pro,*,*,*
p.Ile930Ser,*,*,*
p.Ile930Ter,*,*,*
p.Ile930Thr,*,*,*
p.Ile930Trp,*,*,*
p.Ile930Tyr,*,*,*
p.Ile930Val,*,*,*
p.Ile940=,*,*,*
p.Ile940Ala,*,*,*
p.Ile940Arg,*,*,*
p.Ile940Asn,*,*,*
p.Ile940Asp,*,*,*
p.Ile940Cys,*,*,*
p.Ile940Gln,*,*,*
p.Ile940Glu,*,*,*
p.Ile940Gly,*,*,*
p.Ile940His,*,*,*
p.Ile940Leu,*,*,*
p.Ile940Lys,*,*,*
p.Ile940Met,*,*,*
p.Ile940Phe,*,*,*
p.Ile940Pro,*,*,*
p.Ile940Ser,*,*,*
p.Ile940Ter,*,*,*
p.Ile940Thr,*,*,*
p.Ile940Trp,*,*,*
p.Ile940Tyr,*,*,*
p.Ile940Val,*,*,*
p.Ile942=,*,*,*
p.Ile942Ala,*,*,*
p.Ile942Arg,*,*,*
p.Ile942Asn,*,*,*
p.Ile942Asp,*,*,*
p.Ile942Cys,*,*,*
p.Ile942Gln,*,*,*
p.Ile942Glu,*,*,*
p.Ile942Gly,*,*,*
p.Ile942His,*,*,*
p.Ile942Leu,*,*,*
p.Ile942Lys,*,*,*
p.Ile942Met,*,*,*
p.Ile942Phe,*,*,*
p.Ile942Pro,*,*,*
p.Ile942Ser,*,*,*
p.Ile942Ter,*,*,*
p.Ile942Thr,*,*,*
p.Ile942Trp,*,*,*
p.Ile942Tyr,*,*,*
p.Ile942Val,*,*,*
p.Ile945=,*,*,*
p.Ile945Ala,*,*,*
p.Ile945Arg,*,*,*
p.Ile945Asn,*,*,*
p.Ile945Asp,*,*,*
p.Ile945Cys,*,*,*
p.Ile945Gln,*,*,*
p.Ile945Glu,*,*,*
p.Ile945Gly,*,*,*
p.Ile945His,*,*,*
p.Ile945Leu,*,*,*
p.Ile945Lys,*,*,*
p.Ile945Met,*,*,*
p.Ile945Phe,*,*,*
p.Ile945Pro,*,*,*
p.Ile945Ser,*,*,*
p.Ile945Ter,*,*,*
p.Ile945Thr,*,*,*
p.Ile945Trp,*,*,*
p.Ile945Tyr,*,*,*
p.Ile945Val,*,*,*
p.Ile961=,*,*,*
p.Ile961Ala,*,*,*
p.Ile961Arg,*,*,*
p.Ile961Asn,*,*,*
p.Ile961Asp,*,*,*
p.Ile961Cys,*,*,*
p.Ile961Gln,*,*,*
p.Ile961Glu,*,*,*
p.Ile961Gly,*,*,*
p.Ile961His,*,*,*
p.Ile961Leu,*,*,*
p.Ile961Lys,*,*,*
p.Ile961Met,*,*,*
p.Ile961Phe,*,*,*
p.Ile961Pro,*,*,*
p.Ile961Ser,*,*,*
p.Ile961Ter,*,*,*
p.Ile961Thr,*,*,*
p.Ile961Trp,*,*,*
p.Ile961Tyr,*,*,*
p.Ile961Val,*,*,*
p.Ile967=,*,*,*
p.Ile967Ala,*,*,*
p.Ile967Arg,*,*,*
p.Ile967Asn,*,*,*
p.Ile967Asp,*,*,*
p.Ile967Cys,*,*,*
p.Ile967Gln,*,*,*
p.Ile967Glu,*,*,*
p.Ile967Gly,*,*,*
p.Ile967His,*,*,*
p.Ile967Leu,*,*,*
p.Ile967Lys,*,*,*
p.Ile967Met,*,*,*
p.Ile967Phe,*,*,*
p.Ile967Pro,*,*,*
p.Ile967Ser,*,*,*
p.Ile967Ter,*,*,*
p.Ile967Thr,*,*,*
p.Ile967Trp,*,*,*
p.Ile967Tyr,*,*,*
p.Ile967Val,*,*,*
p.Ile968=,*,*,*
p.Ile968Ala,*,*,*
p.Ile968Arg,*,*,*
p.Ile968Asn,*,*,*
p.Ile968Asp,*,*,*
p.Ile968Cys,*,*,*
p.Ile968Gln,*,*,*
p.Ile968Glu,*,*,*
p.Ile968Gly,*,*,*
p.Ile968His,*,*,*
p.Ile968Leu,*,*,*
p.Ile968Lys,*,*,*
p.Ile968Met,*,*,*
p.Ile968Phe,*,*,*
p.Ile968Pro,*,*,*
p.Ile968Ser,*,*,*
p.Ile968Ter,*,*,*
p.Ile968Thr,*,*,*
p.Ile968Trp,*,*,*
p.Ile968Tyr,*,*,*
p.Ile968Val,*,*,*
p.Ile976=,*,*,*
p.Ile976Ala,*,*,*
p.Ile976Arg,*,*,*
p.Ile976Asn,*,*,*
p.Ile976Asp,*,*,*
p.Ile976Cys,*,*,*
p.Ile976Gln,*,*,*
p.Ile976Glu,*,*,*
p.Ile976Gly,*,*,*
p.Ile976His,*,*,*
p.Ile976Leu,*,*,*
p.Ile976Lys,*,*,*
p.Ile976Met,*,*,*
p.Ile976Phe,*,*,*
p.Ile976Pro,*,*,*
p.Ile976Ser,*,*,*
p.Ile976Ter,*,*,*
p.Ile976Thr,*,*,*
p.Ile976Trp,*,*,*
p.Ile976Tyr,*,*,*
p.Ile976Val,*,*,*
p.Ile981=,*,*,*
p.Ile981Ala,*,*,*
p.Ile981Arg,*,*,*
p.Ile981Asn,*,*,*
p.Ile981Asp,*,*,*
p.Ile981Cys,*,*,*
p.Ile981Gln,*,*,*
p.Ile981Glu,*,*,*
p.Ile981Gly,*,*,*
p.Ile981His,*,*,*
p.Ile981Leu,*,*,*
p.Ile981Lys,*,*,*
p.Ile981Met,*,*,*
p.Ile981Phe,*,*,*
p.Ile981Pro,*,*,*
p.Ile981Ser,*,*,*
p.Ile981Ter,*,*,*
p.Ile981Thr,*,*,*
p.Ile981Trp,*,*,*
p.Ile981Tyr,*,*,*
p.Ile981Val,*,*,*
p.Leu1008=,*,*,*
p.Leu1008Ala,*,*,*
p.Leu1008Arg,*,*,*
p.Leu1008Asn,*,*,*
p.Leu1008Asp,*,*,*
p.Leu1008Cys,*,*,*
p.Leu1008Gln,*,*,*
p.Leu1008Glu,*,*,*
p.Leu1008Gly,*,*,*
p.Leu1008His,*,*,*
p.Leu1008Ile,*,*,*
p.Leu1008Lys,*,*,*
p.Leu1008Met,*,*,*
p.Leu1008Phe,*,*,*
p.Leu1008Pro,*,*,*
p.Leu1008Ser,*,*,*
p.Leu1008Ter,*,*,*
p.Leu1008Thr,*,*,*
p.Leu1008Trp,*,*,*
p.Leu1008Tyr,*,*,*
p.Leu1008Val,*,*,*
p.Leu1015=,*,*,*
p.Leu1015Ala,*,*,*
p.Leu1015Arg,*,*,*
p.Leu1015Asn,*,*,*
p.Leu1015Asp,*,*,*
p.Leu1015Cys,*,*,*
p.Leu1015Gln,*,*,*
p.Leu1015Glu,*,*,*
p.Leu1015Gly,*,*,*
p.Leu1015His,*,*,*
p.Leu1015Ile,*,*,*
p.Leu1015Lys,*,*,*
p.Leu1015Met,*,*,*
p.Leu1015Phe,*,*,*
p.Leu1015Pro,*,*,*
p.Leu1015Ser,*,*,*
p.Leu1015Ter,*,*,*
p.Leu1015Thr,*,*,*
p.Leu1015Trp,*,*,*
p.Leu1015Tyr,*,*,*
p.Leu1015Val,*,*,*
p.Leu1043=,*,*,*
p.Leu1043Ala,*,*,*
p.Leu1043Arg,*,*,*
p.Leu1043Asn,*,*,*
p.Leu1043Asp,*,*,*
p.Leu1043Cys,*,*,*
p.Leu1043Gln,*,*,*
p.Leu1043Glu,*,*,*
p.Leu1043Gly,*,*,*
p.Leu1043His,*,*,*
p.Leu1043Ile,*,*,*
p.Leu1043Met,*,*,*
p.Leu1043Phe,*,*,*
p.Leu1043Pro,*,*,*
p.Leu1043Ser,*,*,*
p.Leu1043Ter,*,*,*
p.Leu1043Thr,*,*,*
p.Leu1043Trp,*,*,*
p.Leu1043Tyr,*,*,*
p.Leu1043Val,*,*,*
p.Leu1044=,*,*,*
p.Leu1044Ala,*,*,*
p.Leu1044Arg,*,*,*
p.Leu1044Asn,*,*,*
p.Leu1044Asp,*,*,*
p.Leu1044Cys,*,*,*
p.Leu1044Gln,*,*,*
p.Leu1044Glu,*,*,*
p.Leu1044Gly,*,*,*
p.Leu1044His,*,*,*
p.Leu1044Ile,*,*,*
p.Leu1044Met,*,*,*
p.Leu1044Phe,*,*,*
p.Leu1044Pro,*,*,*
p.Leu1044Ser,*,*,*
p.Leu1044Ter,*,*,*
p.Leu1044Thr,*,*,*
p.Leu1044Trp,*,*,*
p.Leu1044Tyr,*,*,*
p.Leu1044Val,*,*,*
p.Leu1045=,*,*,*
p.Leu1045Ala,*,*,*
p.Leu1045Arg,*,*,*
p.Leu1045Asn,*,*,*
p.Leu1045Asp,*,*,*
p.Leu1045Cys,*,*,*
p.Leu1045Gln,*,*,*
p.Leu1045Glu,*,*,*
p.Leu1045Gly,*,*,*
p.Leu1045His,*,*,*
p.Leu1045Ile,*,*,*
p.Leu1045Lys,*,*,*
p.Leu1045Met,*,*,*
p.Leu1045Phe,*,*,*
p.Leu1045Pro,*,*,*
p.Leu1045Ser,*,*,*
p.Leu1045Ter,*,*,*
p.Leu1045Thr,*,*,*
p.Leu1045Trp,*,*,*
p.Leu1045Tyr,*,*,*
p.Leu1045Val,*,*,*
p.Leu1051=,*,*,*
p.Leu1051Ala,*,*,*
p.Leu1051Arg,*,*,*
p.Leu1051Asn,*,*,*
p.Leu1051Cys,*,*,*
p.Leu1051Gln,*,*,*
p.Leu1051Glu,*,*,*
p.Leu1051Gly,*,*,*
p.Leu1051His,*,*,*
p.Leu1051Lys,*,*,*
p.Leu1051Met,*,*,*
p.Leu1051Phe,*,*,*
p.Leu1051Pro,*,*,*
p.Leu1051Ser,*,*,*
p.Leu1051Ter,*,*,*
p.Leu1051Trp,*,*,*
p.Leu1051Val,*,*,*
p.Leu1053=,*,*,*
p.Leu1053Ala,*,*,*
p.Leu1053Arg,*,*,*
p.Leu1053Asn,*,*,*
p.Leu1053Asp,*,*,*
p.Leu1053Cys,*,*,*
p.Leu1053Gln,*,*,*
p.Leu1053Glu,*,*,*
p.Leu1053Gly,*,*,*
p.Leu1053His,*,*,*
p.Leu1053Ile,*,*,*
p.Leu1053Lys,*,*,*
p.Leu1053Met,*,*,*
p.Leu1053Phe,*,*,*
p.Leu1053Pro,*,*,*
p.Leu1053Ser,*,*,*
p.Leu1053Ter,*,*,*
p.Leu1053Thr,*,*,*
p.Leu1053Trp,*,*,*
p.Leu1053Tyr,*,*,*
p.Leu1053Val,*,*,*
p.Leu1057=,*,*,*
p.Leu1057Ala,*,*,*
p.Leu1057Arg,*,*,*
p.Leu1057Asn,*,*,*
p.Leu1057Cys,*,*,*
p.Leu1057Gln,*,*,*
p.Leu1057Glu,*,*,*
p.Leu1057Gly,*,*,*
p.Leu1057His,*,*,*
p.Leu1057Ile,*,*,*
p.Leu1057Lys,*,*,*
p.Leu1057Met,*,*,*
p.Leu1057Phe,*,*,*
p.Leu1057Pro,*,*,*
p.Leu1057Ser,*,*,*
p.Leu1057Ter,*,*,*
p.Leu1057Thr,*,*,*
p.Leu1057Trp,*,*,*
p.Leu1057Tyr,*,*,*
p.Leu1057Val,*,*,*
p.Leu1071=,*,*,*
p.Leu1071Ala,*,*,*
p.Leu1071Arg,*,*,*
p.Leu1071Asn,*,*,*
p.Leu1071Asp,*,*,*
p.Leu1071Cys,*,*,*
p.Leu1071Gln,*,*,*
p.Leu1071Glu,*,*,*
p.Leu1071Gly,*,*,*
p.Leu1071His,*,*,*
p.Leu1071Ile,*,*,*
p.Leu1071Lys,*,*,*
p.Leu1071Met,*,*,*
p.Leu1071Phe,*,*,*
p.Leu1071Pro,*,*,*
p.Leu1071Ser,*,*,*
p.Leu1071Ter,*,*,*
p.Leu1071Thr,*,*,*
p.Leu1071Trp,*,*,*
p.Leu1071Tyr,*,*,*
p.Leu1071Val,*,*,*
p.Leu1083=,*,*,*
p.Leu1083Ala,*,*,*
p.Leu1083Arg,*,*,*
p.Leu1083Asp,*,*,*
p.Leu1083Cys,*,*,*
p.Leu1083Gln,*,*,*
p.Leu1083Glu,*,*,*
p.Leu1083Gly,*,*,*
p.Leu1083His,*,*,*
p.Leu1083Ile,*,*,*
p.Leu1083Lys,*,*,*
p.Leu1083Met,*,*,*
p.Leu1083Phe,*,*,*
p.Leu1083Pro,*,*,*
p.Leu1083Ser,*,*,*
p.Leu1083Ter,*,*,*
p.Leu1083Thr,*,*,*
p.Leu1083Trp,*,*,*
p.Leu1083Tyr,*,*,*
p.Leu1083Val,*,*,*
p.Leu1088=,*,*,*
p.Leu1088Ala,*,*,*
p.Leu1088Arg,*,*,*
p.Leu1088Asn,*,*,*
p.Leu1088Asp,*,*,*
p.Leu1088Cys,*,*,*
p.Leu1088Gln,*,*,*
p.Leu1088Glu,*,*,*
p.Leu1088Gly,*,*,*
p.Leu1088His,*,*,*
p.Leu1088Ile,*,*,*
p.Leu1088Lys,*,*,*
p.Leu1088Met,*,*,*
p.Leu1088Phe,*,*,*
p.Leu1088Pro,*,*,*
p.Leu1088Ser,*,*,*
p.Leu1088Ter,*,*,*
p.Leu1088Thr,*,*,*
p.Leu1088Trp,*,*,*
p.Leu1088Tyr,*,*,*
p.Leu1088Val,*,*,*
p.Leu1113=,*,*,*
p.Leu1113Ala,*,*,*
p.Leu1113Arg,*,*,*
p.Leu1113Asn,*,*,*
p.Leu1113Asp,*,*,*
p.Leu1113Cys,*,*,*
p.Leu1113Gln,*,*,*
p.Leu1113Glu,*,*,*
p.Leu1113Gly,*,*,*
p.Leu1113His,*,*,*
p.Leu1113Ile,*,*,*
p.Leu1113Lys,*,*,*
p.Leu1113Met,*,*,*
p.Leu1113Phe,*,*,*
p.Leu1113Pro,*,*,*
p.Leu1113Ser,*,*,*
p.Leu1113Ter,*,*,*
p.Leu1113Thr,*,*,*
p.Leu1113Trp,*,*,*
p.Leu1113Tyr,*,*,*
p.Leu1113Val,*,*,*
p.Leu1120=,*,*,*
p.Leu1120Ala,*,*,*
p.Leu1120Arg,*,*,*
p.Leu1120Asn,*,*,*
p.Leu1120Asp,*,*,*
p.Leu1120Cys,*,*,*
p.Leu1120Gln,*,*,*
p.Leu1120Glu,*,*,*
p.Leu1120Gly,*,*,*
p.Leu1120His,*,*,*
p.Leu1120Ile,*,*,*
p.Leu1120Lys,*,*,*
p.Leu1120Met,*,*,*
p.Leu1120Phe,*,*,*
p.Leu1120Pro,*,*,*
p.Leu1120Ser,*,*,*
p.Leu1120Ter,*,*,*
p.Leu1120Thr,*,*,*
p.Leu1120Trp,*,*,*
p.Leu1120Tyr,*,*,*
p.Leu1120Val,*,*,*
p.Leu1127=,*,*,*
p.Leu1127Ala,*,*,*
p.Leu1127Arg,*,*,*
p.Leu1127Asn,*,*,*
p.Leu1127Asp,*,*,*
p.Leu1127Cys,*,*,*
p.Leu1127Gln,*,*,*
p.Leu1127Glu,*,*,*
p.Leu1127Gly,*,*,*
p.Leu1127His,*,*,*
p.Leu1127Ile,*,*,*
p.Leu1127Lys,*,*,*
p.Leu1127Met,*,*,*
p.Leu1127Phe,*,*,*
p.Leu1127Pro,*,*,*
p.Leu1127Ser,*,*,*
p.Leu1127Ter,*,*,*
p.Leu1127Thr,*,*,*
p.Leu1127Trp,*,*,*
p.Leu1127Tyr,*,*,*
p.Leu1127Val,*,*,*
p.Leu1133=,*,*,*
p.Leu1133Ala,*,*,*
p.Leu1133Arg,*,*,*
p.Leu1133Asn,*,*,*
p.Leu1133Asp,*,*,*
p.Leu1133Cys,*,*,*
p.Leu1133Gln,*,*,*
p.Leu1133Glu,*,*,*
p.Leu1133Gly,*,*,*
p.Leu1133His,*,*,*
p.Leu1133Ile,*,*,*
p.Leu1133Lys,*,*,*
p.Leu1133Met,*,*,*
p.Leu1133Phe,*,*,*
p.Leu1133Pro,*,*,*
p.Leu1133Ser,*,*,*
p.Leu1133Ter,*,*,*
p.Leu1133Thr,*,*,*
p.Leu1133Trp,*,*,*
p.Leu1133Tyr,*,*,*
p.Leu1133Val,*,*,*
p.Leu1147=,*,*,*
p.Leu1147Ala,*,*,*
p.Leu1147Arg,*,*,*
p.Leu1147Asn,*,*,*
p.Leu1147Asp,*,*,*
p.Leu1147Cys,*,*,*
p.Leu1147Gln,*,*,*
p.Leu1147Glu,*,*,*
p.Leu1147Gly,*,*,*
p.Leu1147His,*,*,*
p.Leu1147Ile,*,*,*
p.Leu1147Lys,*,*,*
p.Leu1147Met,*,*,*
p.Leu1147Phe,*,*,*
p.Leu1147Pro,*,*,*
p.Leu1147Ser,*,*,*
p.Leu1147Ter,*,*,*
p.Leu1147Thr,*,*,*
p.Leu1147Trp,*,*,*
p.Leu1147Tyr,*,*,*
p.Leu1147Val,*,*,*
p.Leu1154=,*,*,*
p.Leu1154Ala,*,*,*
p.Leu1154Arg,*,*,*
p.Leu1154Asn,*,*,*
p.Leu1154Asp,*,*,*
p.Leu1154Cys,*,*,*
p.Leu1154Gln,*,*,*
p.Leu1154Glu,*,*,*
p.Leu1154Gly,*,*,*
p.Leu1154His,*,*,*
p.Leu1154Ile,*,*,*
p.Leu1154Lys,*,*,*
p.Leu1154Met,*,*,*
p.Leu1154Phe,*,*,*
p.Leu1154Pro,*,*,*
p.Leu1154Ser,*,*,*
p.Leu1154Ter,*,*,*
p.Leu1154Thr,*,*,*
p.Leu1154Trp,*,*,*
p.Leu1154Tyr,*,*,*
p.Leu1154Val,*,*,*
p.Leu1159=,*,*,*
p.Leu1159Ala,*,*,*
p.Leu1159Arg,*,*,*
p.Leu1159Asn,*,*,*
p.Leu1159Asp,*,*,*
p.Leu1159Cys,*,*,*
p.Leu1159Gln,*,*,*
p.Leu1159Glu,*,*,*
p.Leu1159Gly,*,*,*
p.Leu1159His,*,*,*
p.Leu1159Ile,*,*,*
p.Leu1159Lys,*,*,*
p.Leu1159Met,*,*,*
p.Leu1159Phe,*,*,*
p.Leu1159Pro,*,*,*
p.Leu1159Ser,*,*,*
p.Leu1159Ter,*,*,*
p.Leu1159Thr,*,*,*
p.Leu1159Trp,*,*,*
p.Leu1159Tyr,*,*,*
p.Leu1159Val,*,*,*
p.Leu1181=,*,*,*
p.Leu1181Ala,*,*,*
p.Leu1181Arg,*,*,*
p.Leu1181Asn,*,*,*
p.Leu1181Asp,*,*,*
p.Leu1181Cys,*,*,*
p.Leu1181Gln,*,*,*
p.Leu1181Glu,*,*,*
p.Leu1181Gly,*,*,*
p.Leu1181His,*,*,*
p.Leu1181Ile,*,*,*
p.Leu1181Lys,*,*,*
p.Leu1181Met,*,*,*
p.Leu1181Phe,*,*,*
p.Leu1181Pro,*,*,*
p.Leu1181Ser,*,*,*
p.Leu1181Ter,*,*,*
p.Leu1181Thr,*,*,*
p.Leu1181Trp,*,*,*
p.Leu1181Tyr,*,*,*
p.Leu1181Val,*,*,*
p.Leu1188=,*,*,*
p.Leu1188Ala,*,*,*
p.Leu1188Arg,*,*,*
p.Leu1188Asn,*,*,*
p.Leu1188Asp,*,*,*
p.Leu1188Cys,*,*,*
p.Leu1188Gln,*,*,*
p.Leu1188Glu,*,*,*
p.Leu1188Gly,*,*,*
p.Leu1188His,*,*,*
p.Leu1188Ile,*,*,*
p.Leu1188Lys,*,*,*
p.Leu1188Met,*,*,*
p.Leu1188Phe,*,*,*
p.Leu1188Pro,*,*,*
p.Leu1188Ser,*,*,*
p.Leu1188Ter,*,*,*
p.Leu1188Thr,*,*,*
p.Leu1188Trp,*,*,*
p.Leu1188Tyr,*,*,*
p.Leu1188Val,*,*,*
p.Leu1204=,*,*,*
p.Leu1204Ala,*,*,*
p.Leu1204Arg,*,*,*
p.Leu1204Asn,*,*,*
p.Leu1204Asp,*,*,*
p.Leu1204Cys,*,*,*
p.Leu1204Gln,*,*,*
p.Leu1204Glu,*,*,*
p.Leu1204Gly,*,*,*
p.Leu1204His,*,*,*
p.Leu1204Ile,*,*,*
p.Leu1204Lys,*,*,*
p.Leu1204Met,*,*,*
p.Leu1204Phe,*,*,*
p.Leu1204Pro,*,*,*
p.Leu1204Ser,*,*,*
p.Leu1204Ter,*,*,*
p.Leu1204Thr,*,*,*
p.Leu1204Trp,*,*,*
p.Leu1204Tyr,*,*,*
p.Leu1204Val,*,*,*
p.Leu1209=,*,*,*
p.Leu1209Ala,*,*,*
p.Leu1209Arg,*,*,*
p.Leu1209Asn,*,*,*
p.Leu1209Asp,*,*,*
p.Leu1209Cys,*,*,*
p.Leu1209Gln,*,*,*
p.Leu1209Glu,*,*,*
p.Leu1209Gly,*,*,*
p.Leu1209His,*,*,*
p.Leu1209Ile,*,*,*
p.Leu1209Lys,*,*,*
p.Leu1209Met,*,*,*
p.Leu1209Phe,*,*,*
p.Leu1209Pro,*,*,*
p.Leu1209Ser,*,*,*
p.Leu1209Ter,*,*,*
p.Leu1209Thr,*,*,*
p.Leu1209Trp,*,*,*
p.Leu1209Tyr,*,*,*
p.Leu1209Val,*,*,*
p.Leu1218=,*,*,*
p.Leu1218Ala,*,*,*
p.Leu1218Arg,*,*,*
p.Leu1218Asp,*,*,*
p.Leu1218Cys,*,*,*
p.Leu1218Gln,*,*,*
p.Leu1218Glu,*,*,*
p.Leu1218Gly,*,*,*
p.Leu1218His,*,*,*
p.Leu1218Ile,*,*,*
p.Leu1218Lys,*,*,*
p.Leu1218Met,*,*,*
p.Leu1218Phe,*,*,*
p.Leu1218Pro,*,*,*
p.Leu1218Ser,*,*,*
p.Leu1218Ter,*,*,*
p.Leu1218Thr,*,*,*
p.Leu1218Trp,*,*,*
p.Leu1218Tyr,*,*,*
p.Leu1218Val,*,*,*
p.Leu1244=,*,*,*
p.Leu1244Ala,*,*,*
p.Leu1244Arg,*,*,*
p.Leu1244Asn,*,*,*
p.Leu1244Asp,*,*,*
p.Leu1244Cys,*,*,*
p.Leu1244Gln,*,*,*
p.Leu1244Glu,*,*,*
p.Leu1244Gly,*,*,*
p.Leu1244His,*,*,*
p.Leu1244Ile,*,*,*
p.Leu1244Lys,*,*,*
p.Leu1244Met,*,*,*
p.Leu1244Phe,*,*,*
p.Leu1244Pro,*,*,*
p.Leu1244Ser,*,*,*
p.Leu1244Ter,*,*,*
p.Leu1244Thr,*,*,*
p.Leu1244Trp,*,*,*
p.Leu1244Tyr,*,*,*
p.Leu1244Val,*,*,*
p.Leu1255=,*,*,*
p.Leu1255Ala,*,*,*
p.Leu1255Arg,*,*,*
p.Leu1255Asn,*,*,*
p.Leu1255Asp,*,*,*
p.Leu1255Cys,*,*,*
p.Leu1255Gln,*,*,*
p.Leu1255Glu,*,*,*
p.Leu1255Gly,*,*,*
p.Leu1255His,*,*,*
p.Leu1255Ile,*,*,*
p.Leu1255Lys,*,*,*
p.Leu1255Met,*,*,*
p.Leu1255Phe,*,*,*
p.Leu1255Pro,*,*,*
p.Leu1255Ser,*,*,*
p.Leu1255Ter,*,*,*
p.Leu1255Thr,*,*,*
p.Leu1255Trp,*,*,*
p.Leu1255Tyr,*,*,*
p.Leu1255Val,*,*,*
p.Leu1275=,*,*,*
p.Leu1275Ala,*,*,*
p.Leu1275Arg,*,*,*
p.Leu1275Asn,*,*,*
p.Leu1275Asp,*,*,*
p.Leu1275Cys,*,*,*
p.Leu1275Gln,*,*,*
p.Leu1275Glu,*,*,*
p.Leu1275Gly,*,*,*
p.Leu1275His,*,*,*
p.Leu1275Ile,*,*,*
p.Leu1275Lys,*,*,*
p.Leu1275Met,*,*,*
p.Leu1275Phe,*,*,*
p.Leu1275Pro,*,*,*
p.Leu1275Ser,*,*,*
p.Leu1275Ter,*,*,*
p.Leu1275Thr,*,*,*
p.Leu1275Trp,*,*,*
p.Leu1275Tyr,*,*,*
p.Leu1275Val,*,*,*
p.Leu1299=,*,*,*
p.Leu1299Ala,*,*,*
p.Leu1299Arg,*,*,*
p.Leu1299Asn,*,*,*
p.Leu1299Asp,*,*,*
p.Leu1299Cys,*,*,*
p.Leu1299Gln,*,*,*
p.Leu1299Glu,*,*,*
p.Leu1299Gly,*,*,*
p.Leu1299His,*,*,*
p.Leu1299Ile,*,*,*
p.Leu1299Lys,*,*,*
p.Leu1299Met,*,*,*
p.Leu1299Phe,*,*,*
p.Leu1299Pro,*,*,*
p.Leu1299Ser,*,*,*
p.Leu1299Ter,*,*,*
p.Leu1299Thr,*,*,*
p.Leu1299Trp,*,*,*
p.Leu1299Tyr,*,*,*
p.Leu1299Val,*,*,*
p.Leu1304=,*,*,*
p.Leu1304Ala,*,*,*
p.Leu1304Arg,*,*,*
p.Leu1304Asn,*,*,*
p.Leu1304Asp,*,*,*
p.Leu1304Cys,*,*,*
p.Leu1304Gln,*,*,*
p.Leu1304Glu,*,*,*
p.Leu1304Gly,*,*,*
p.Leu1304His,*,*,*
p.Leu1304Ile,*,*,*
p.Leu1304Lys,*,*,*
p.Leu1304Met,*,*,*
p.Leu1304Phe,*,*,*
p.Leu1304Pro,*,*,*
p.Leu1304Ser,*,*,*
p.Leu1304Ter,*,*,*
p.Leu1304Thr,*,*,*
p.Leu1304Trp,*,*,*
p.Leu1304Tyr,*,*,*
p.Leu1304Val,*,*,*
p.Leu1305=,*,*,*
p.Leu1305Ala,*,*,*
p.Leu1305Arg,*,*,*
p.Leu1305Asn,*,*,*
p.Leu1305Asp,*,*,*
p.Leu1305Cys,*,*,*
p.Leu1305Gln,*,*,*
p.Leu1305Glu,*,*,*
p.Leu1305Gly,*,*,*
p.Leu1305His,*,*,*
p.Leu1305Ile,*,*,*
p.Leu1305Lys,*,*,*
p.Leu1305Met,*,*,*
p.Leu1305Phe,*,*,*
p.Leu1305Pro,*,*,*
p.Leu1305Ser,*,*,*
p.Leu1305Ter,*,*,*
p.Leu1305Thr,*,*,*
p.Leu1305Trp,*,*,*
p.Leu1305Tyr,*,*,*
p.Leu1305Val,*,*,*
p.Leu1313=,*,*,*
p.Leu1313Ala,*,*,*
p.Leu1313Arg,*,*,*
p.Leu1313Asn,*,*,*
p.Leu1313Asp,*,*,*
p.Leu1313Cys,*,*,*
p.Leu1313Gln,*,*,*
p.Leu1313Glu,*,*,*
p.Leu1313Gly,*,*,*
p.Leu1313His,*,*,*
p.Leu1313Ile,*,*,*
p.Leu1313Lys,*,*,*
p.Leu1313Met,*,*,*
p.Leu1313Phe,*,*,*
p.Leu1313Pro,*,*,*
p.Leu1313Ser,*,*,*
p.Leu1313Ter,*,*,*
p.Leu1313Thr,*,*,*
p.Leu1313Trp,*,*,*
p.Leu1313Tyr,*,*,*
p.Leu1313Val,*,*,*
p.Leu1325=,*,*,*
p.Leu1325Ala,*,*,*
p.Leu1325Arg,*,*,*
p.Leu1325Asn,*,*,*
p.Leu1325Asp,*,*,*
p.Leu1325Cys,*,*,*
p.Leu1325Gln,*,*,*
p.Leu1325Glu,*,*,*
p.Leu1325Gly,*,*,*
p.Leu1325His,*,*,*
p.Leu1325Ile,*,*,*
p.Leu1325Lys,*,*,*
p.Leu1325Met,*,*,*
p.Leu1325Phe,*,*,*
p.Leu1325Pro,*,*,*
p.Leu1325Ser,*,*,*
p.Leu1325Ter,*,*,*
p.Leu1325Thr,*,*,*
p.Leu1325Trp,*,*,*
p.Leu1325Tyr,*,*,*
p.Leu1325Val,*,*,*
p.Leu1327=,*,*,*
p.Leu1327Ala,*,*,*
p.Leu1327Arg,*,*,*
p.Leu1327Asn,*,*,*
p.Leu1327Asp,*,*,*
p.Leu1327Cys,*,*,*
p.Leu1327Gln,*,*,*
p.Leu1327Glu,*,*,*
p.Leu1327Gly,*,*,*
p.Leu1327His,*,*,*
p.Leu1327Ile,*,*,*
p.Leu1327Lys,*,*,*
p.Leu1327Met,*,*,*
p.Leu1327Phe,*,*,*
p.Leu1327Pro,*,*,*
p.Leu1327Ser,*,*,*
p.Leu1327Ter,*,*,*
p.Leu1327Thr,*,*,*
p.Leu1327Trp,*,*,*
p.Leu1327Tyr,*,*,*
p.Leu1327Val,*,*,*
p.Leu1329=,*,*,*
p.Leu1329Ala,*,*,*
p.Leu1329Arg,*,*,*
p.Leu1329Asn,*,*,*
p.Leu1329Asp,*,*,*
p.Leu1329Cys,*,*,*
p.Leu1329Gln,*,*,*
p.Leu1329Glu,*,*,*
p.Leu1329Gly,*,*,*
p.Leu1329His,*,*,*
p.Leu1329Ile,*,*,*
p.Leu1329Lys,*,*,*
p.Leu1329Met,*,*,*
p.Leu1329Phe,*,*,*
p.Leu1329Pro,*,*,*
p.Leu1329Ser,*,*,*
p.Leu1329Ter,*,*,*
p.Leu1329Thr,*,*,*
p.Leu1329Trp,*,*,*
p.Leu1329Tyr,*,*,*
p.Leu1329Val,*,*,*
p.Leu1333=,*,*,*
p.Leu1333Ala,*,*,*
p.Leu1333Arg,*,*,*
p.Leu1333Asn,*,*,*
p.Leu1333Asp,*,*,*
p.Leu1333Cys,*,*,*
p.Leu1333Gln,*,*,*
p.Leu1333Glu,*,*,*
p.Leu1333Gly,*,*,*
p.Leu1333His,*,*,*
p.Leu1333Ile,*,*,*
p.Leu1333Lys,*,*,*
p.Leu1333Met,*,*,*
p.Leu1333Phe,*,*,*
p.Leu1333Pro,*,*,*
p.Leu1333Ser,*,*,*
p.Leu1333Ter,*,*,*
p.Leu1333Thr,*,*,*
p.Leu1333Trp,*,*,*
p.Leu1333Tyr,*,*,*
p.Leu1333Val,*,*,*
p.Leu1350=,*,*,*
p.Leu1350Ala,*,*,*
p.Leu1350Arg,*,*,*
p.Leu1350Asn,*,*,*
p.Leu1350Asp,*,*,*
p.Leu1350Cys,*,*,*
p.Leu1350Gln,*,*,*
p.Leu1350Glu,*,*,*
p.Leu1350Gly,*,*,*
p.Leu1350His,*,*,*
p.Leu1350Ile,*,*,*
p.Leu1350Lys,*,*,*
p.Leu1350Met,*,*,*
p.Leu1350Phe,*,*,*
p.Leu1350Pro,*,*,*
p.Leu1350Ser,*,*,*
p.Leu1350Ter,*,*,*
p.Leu1350Thr,*,*,*
p.Leu1350Trp,*,*,*
p.Leu1350Tyr,*,*,*
p.Leu1350Val,*,*,*
p.Leu1368=,*,*,*
p.Leu1368Ala,*,*,*
p.Leu1368Arg,*,*,*
p.Leu1368Asn,*,*,*
p.Leu1368Asp,*,*,*
p.Leu1368Cys,*,*,*
p.Leu1368Gln,*,*,*
p.Leu1368Glu,*,*,*
p.Leu1368Gly,*,*,*
p.Leu1368His,*,*,*
p.Leu1368Ile,*,*,*
p.Leu1368Lys,*,*,*
p.Leu1368Met,*,*,*
p.Leu1368Phe,*,*,*
p.Leu1368Pro,*,*,*
p.Leu1368Ser,*,*,*
p.Leu1368Ter,*,*,*
p.Leu1368Thr,*,*,*
p.Leu1368Trp,*,*,*
p.Leu1368Tyr,*,*,*
p.Leu1368Val,*,*,*
p.Leu1371=,*,*,*
p.Leu1371Ala,*,*,*
p.Leu1371Arg,*,*,*
p.Leu1371Asn,*,*,*
p.Leu1371Asp,*,*,*
p.Leu1371Cys,*,*,*
p.Leu1371Gln,*,*,*
p.Leu1371Glu,*,*,*
p.Leu1371Gly,*,*,*
p.Leu1371His,*,*,*
p.Leu1371Ile,*,*,*
p.Leu1371Lys,*,*,*
p.Leu1371Met,*,*,*
p.Leu1371Phe,*,*,*
p.Leu1371Pro,*,*,*
p.Leu1371Ser,*,*,*
p.Leu1371Ter,*,*,*
p.Leu1371Thr,*,*,*
p.Leu1371Trp,*,*,*
p.Leu1371Tyr,*,*,*
p.Leu1371Val,*,*,*
p.Leu1373=,*,*,*
p.Leu1373Ala,*,*,*
p.Leu1373Arg,*,*,*
p.Leu1373Asn,*,*,*
p.Leu1373Asp,*,*,*
p.Leu1373Cys,*,*,*
p.Leu1373Gln,*,*,*
p.Leu1373Glu,*,*,*
p.Leu1373Gly,*,*,*
p.Leu1373His,*,*,*
p.Leu1373Ile,*,*,*
p.Leu1373Lys,*,*,*
p.Leu1373Met,*,*,*
p.Leu1373Phe,*,*,*
p.Leu1373Pro,*,*,*
p.Leu1373Ser,*,*,*
p.Leu1373Ter,*,*,*
p.Leu1373Thr,*,*,*
p.Leu1373Trp,*,*,*
p.Leu1373Tyr,*,*,*
p.Leu1373Val,*,*,*
p.Leu1381=,*,*,*
p.Leu1381Ala,*,*,*
p.Leu1381Arg,*,*,*
p.Leu1381Asn,*,*,*
p.Leu1381Asp,*,*,*
p.Leu1381Cys,*,*,*
p.Leu1381Gln,*,*,*
p.Leu1381Glu,*,*,*
p.Leu1381Gly,*,*,*
p.Leu1381His,*,*,*
p.Leu1381Ile,*,*,*
p.Leu1381Lys,*,*,*
p.Leu1381Met,*,*,*
p.Leu1381Phe,*,*,*
p.Leu1381Pro,*,*,*
p.Leu1381Ser,*,*,*
p.Leu1381Ter,*,*,*
p.Leu1381Thr,*,*,*
p.Leu1381Trp,*,*,*
p.Leu1381Tyr,*,*,*
p.Leu1381Val,*,*,*
p.Leu1395=,*,*,*
p.Leu1395Ala,*,*,*
p.Leu1395Arg,*,*,*
p.Leu1395Asn,*,*,*
p.Leu1395Asp,*,*,*
p.Leu1395Cys,*,*,*
p.Leu1395Gln,*,*,*
p.Leu1395Glu,*,*,*
p.Leu1395Gly,*,*,*
p.Leu1395His,*,*,*
p.Leu1395Ile,*,*,*
p.Leu1395Lys,*,*,*
p.Leu1395Met,*,*,*
p.Leu1395Phe,*,*,*
p.Leu1395Pro,*,*,*
p.Leu1395Ser,*,*,*
p.Leu1395Ter,*,*,*
p.Leu1395Thr,*,*,*
p.Leu1395Trp,*,*,*
p.Leu1395Tyr,*,*,*
p.Leu1395Val,*,*,*
p.Leu1430=,*,*,*
p.Leu1430Ala,*,*,*
p.Leu1430Arg,*,*,*
p.Leu1430Asn,*,*,*
p.Leu1430Asp,*,*,*
p.Leu1430Cys,*,*,*
p.Leu1430Gln,*,*,*
p.Leu1430Glu,*,*,*
p.Leu1430Gly,*,*,*
p.Leu1430His,*,*,*
p.Leu1430Ile,*,*,*
p.Leu1430Lys,*,*,*
p.Leu1430Met,*,*,*
p.Leu1430Phe,*,*,*
p.Leu1430Pro,*,*,*
p.Leu1430Ser,*,*,*
p.Leu1430Ter,*,*,*
p.Leu1430Thr,*,*,*
p.Leu1430Trp,*,*,*
p.Leu1430Tyr,*,*,*
p.Leu1430Val,*,*,*
p.Leu1433=,*,*,*
p.Leu1433Ala,*,*,*
p.Leu1433Arg,*,*,*
p.Leu1433Asn,*,*,*
p.Leu1433Asp,*,*,*
p.Leu1433Cys,*,*,*
p.Leu1433Gln,*,*,*
p.Leu1433Glu,*,*,*
p.Leu1433Gly,*,*,*
p.Leu1433His,*,*,*
p.Leu1433Ile,*,*,*
p.Leu1433Lys,*,*,*
p.Leu1433Met,*,*,*
p.Leu1433Phe,*,*,*
p.Leu1433Pro,*,*,*
p.Leu1433Ser,*,*,*
p.Leu1433Ter,*,*,*
p.Leu1433Thr,*,*,*
p.Leu1433Trp,*,*,*
p.Leu1433Tyr,*,*,*
p.Leu1433Val,*,*,*
p.Leu1454=,*,*,*
p.Leu1454Ala,*,*,*
p.Leu1454Arg,*,*,*
p.Leu1454Asn,*,*,*
p.Leu1454Asp,*,*,*
p.Leu1454Cys,*,*,*
p.Leu1454Gln,*,*,*
p.Leu1454Glu,*,*,*
p.Leu1454Gly,*,*,*
p.Leu1454His,*,*,*
p.Leu1454Ile,*,*,*
p.Leu1454Lys,*,*,*
p.Leu1454Met,*,*,*
p.Leu1454Phe,*,*,*
p.Leu1454Pro,*,*,*
p.Leu1454Ser,*,*,*
p.Leu1454Ter,*,*,*
p.Leu1454Thr,*,*,*
p.Leu1454Trp,*,*,*
p.Leu1454Tyr,*,*,*
p.Leu1454Val,*,*,*
p.Leu1455=,*,*,*
p.Leu1455Ala,*,*,*
p.Leu1455Arg,*,*,*
p.Leu1455Asn,*,*,*
p.Leu1455Asp,*,*,*
p.Leu1455Cys,*,*,*
p.Leu1455Gln,*,*,*
p.Leu1455Glu,*,*,*
p.Leu1455Gly,*,*,*
p.Leu1455His,*,*,*
p.Leu1455Ile,*,*,*
p.Leu1455Lys,*,*,*
p.Leu1455Met,*,*,*
p.Leu1455Phe,*,*,*
p.Leu1455Pro,*,*,*
p.Leu1455Ser,*,*,*
p.Leu1455Ter,*,*,*
p.Leu1455Thr,*,*,*
p.Leu1455Trp,*,*,*
p.Leu1455Tyr,*,*,*
p.Leu1455Val,*,*,*
p.Leu1456=,*,*,*
p.Leu1456Ala,*,*,*
p.Leu1456Arg,*,*,*
p.Leu1456Asn,*,*,*
p.Leu1456Asp,*,*,*
p.Leu1456Cys,*,*,*
p.Leu1456Gln,*,*,*
p.Leu1456Glu,*,*,*
p.Leu1456Gly,*,*,*
p.Leu1456His,*,*,*
p.Leu1456Ile,*,*,*
p.Leu1456Lys,*,*,*
p.Leu1456Met,*,*,*
p.Leu1456Phe,*,*,*
p.Leu1456Pro,*,*,*
p.Leu1456Ser,*,*,*
p.Leu1456Ter,*,*,*
p.Leu1456Thr,*,*,*
p.Leu1456Trp,*,*,*
p.Leu1456Tyr,*,*,*
p.Leu1456Val,*,*,*
p.Leu708=,*,*,*
p.Leu708Ala,*,*,*
p.Leu708Arg,*,*,*
p.Leu708Asn,*,*,*
p.Leu708Asp,*,*,*
p.Leu708Cys,*,*,*
p.Leu708Gln,*,*,*
p.Leu708Glu,*,*,*
p.Leu708Gly,*,*,*
p.Leu708His,*,*,*
p.Leu708Ile,*,*,*
p.Leu708Lys,*,*,*
p.Leu708Met,*,*,*
p.Leu708Phe,*,*,*
p.Leu708Pro,*,*,*
p.Leu708Ser,*,*,*
p.Leu708Ter,*,*,*
p.Leu708Thr,*,*,*
p.Leu708Trp,*,*,*
p.Leu708Tyr,*,*,*
p.Leu708Val,*,*,*
p.Leu709=,*,*,*
p.Leu709Ala,*,*,*
p.Leu709Arg,*,*,*
p.Leu709Asn,*,*,*
p.Leu709Asp,*,*,*
p.Leu709Cys,*,*,*
p.Leu709Gln,*,*,*
p.Leu709Glu,*,*,*
p.Leu709Gly,*,*,*
p.Leu709His,*,*,*
p.Leu709Ile,*,*,*
p.Leu709Lys,*,*,*
p.Leu709Met,*,*,*
p.Leu709Phe,*,*,*
p.Leu709Pro,*,*,*
p.Leu709Ser,*,*,*
p.Leu709Ter,*,*,*
p.Leu709Thr,*,*,*
p.Leu709Trp,*,*,*
p.Leu709Tyr,*,*,*
p.Leu709Val,*,*,*
p.Leu722=,*,*,*
p.Leu722Ala,*,*,*
p.Leu722Arg,*,*,*
p.Leu722Asn,*,*,*
p.Leu722Asp,*,*,*
p.Leu722Cys,*,*,*
p.Leu722Gln,*,*,*
p.Leu722Glu,*,*,*
p.Leu722Gly,*,*,*
p.Leu722His,*,*,*
p.Leu722Ile,*,*,*
p.Leu722Lys,*,*,*
p.Leu722Met,*,*,*
p.Leu722Phe,*,*,*
p.Leu722Pro,*,*,*
p.Leu722Ser,*,*,*
p.Leu722Ter,*,*,*
p.Leu722Thr,*,*,*
p.Leu722Trp,*,*,*
p.Leu722Tyr,*,*,*
p.Leu722Val,*,*,*
p.Leu732=,*,*,*
p.Leu732Ala,*,*,*
p.Leu732Arg,*,*,*
p.Leu732Asn,*,*,*
p.Leu732Asp,*,*,*
p.Leu732Cys,*,*,*
p.Leu732Gln,*,*,*
p.Leu732Glu,*,*,*
p.Leu732Gly,*,*,*
p.Leu732His,*,*,*
p.Leu732Ile,*,*,*
p.Leu732Lys,*,*,*
p.Leu732Met,*,*,*
p.Leu732Phe,*,*,*
p.Leu732Pro,*,*,*
p.Leu732Ser,*,*,*
p.Leu732Ter,*,*,*
p.Leu732Thr,*,*,*
p.Leu732Trp,*,*,*
p.Leu732Tyr,*,*,*
p.Leu732Val,*,*,*
p.Leu735=,*,*,*
p.Leu735Ala,*,*,*
p.Leu735Arg,*,*,*
p.Leu735Asn,*,*,*
p.Leu735Asp,*,*,*
p.Leu735Cys,*,*,*
p.Leu735Gln,*,*,*
p.Leu735Glu,*,*,*
p.Leu735Gly,*,*,*
p.Leu735His,*,*,*
p.Leu735Ile,*,*,*
p.Leu735Lys,*,*,*
p.Leu735Met,*,*,*
p.Leu735Phe,*,*,*
p.Leu735Pro,*,*,*
p.Leu735Ser,*,*,*
p.Leu735Ter,*,*,*
p.Leu735Thr,*,*,*
p.Leu735Trp,*,*,*
p.Leu735Tyr,*,*,*
p.Leu735Val,*,*,*
p.Leu745=,*,*,*
p.Leu745Ala,*,*,*
p.Leu745Arg,*,*,*
p.Leu745Asn,*,*,*
p.Leu745Asp,*,*,*
p.Leu745Cys,*,*,*
p.Leu745Gln,*,*,*
p.Leu745Glu,*,*,*
p.Leu745Gly,*,*,*
p.Leu745His,*,*,*
p.Leu745Ile,*,*,*
p.Leu745Met,*,*,*
p.Leu745Phe,*,*,*
p.Leu745Pro,*,*,*
p.Leu745Ser,*,*,*
p.Leu745Ter,*,*,*
p.Leu745Thr,*,*,*
p.Leu745Trp,*,*,*
p.Leu745Tyr,*,*,*
p.Leu745Val,*,*,*
p.Leu748=,*,*,*
p.Leu748Ala,*,*,*
p.Leu748Arg,*,*,*
p.Leu748Cys,*,*,*
p.Leu748Gln,*,*,*
p.Leu748Glu,*,*,*
p.Leu748Gly,*,*,*
p.Leu748His,*,*,*
p.Leu748Ile,*,*,*
p.Leu748Lys,*,*,*
p.Leu748Met,*,*,*
p.Leu748Phe,*,*,*
p.Leu748Pro,*,*,*
p.Leu748Ser,*,*,*
p.Leu748Ter,*,*,*
p.Leu748Thr,*,*,*
p.Leu748Trp,*,*,*
p.Leu748Tyr,*,*,*
p.Leu748Val,*,*,*
p.Leu770=,*,*,*
p.Leu770Ala,*,*,*
p.Leu770Arg,*,*,*
p.Leu770Asn,*,*,*
p.Leu770Asp,*,*,*
p.Leu770Cys,*,*,*
p.Leu770Gln,*,*,*
p.Leu770Glu,*,*,*
p.Leu770Gly,*,*,*
p.Leu770His,*,*,*
p.Leu770Ile,*,*,*
p.Leu770Lys,*,*,*
p.Leu770Met,*,*,*
p.Leu770Phe,*,*,*
p.Leu770Pro,*,*,*
p.Leu770Ser,*,*,*
p.Leu770Ter,*,*,*
p.Leu770Thr,*,*,*
p.Leu770Trp,*,*,*
p.Leu770Tyr,*,*,*
p.Leu770Val,*,*,*
p.Leu776=,*,*,*
p.Leu776Ala,*,*,*
p.Leu776Arg,*,*,*
p.Leu776Asn,*,*,*
p.Leu776Asp,*,*,*
p.Leu776Cys,*,*,*
p.Leu776Gln,*,*,*
p.Leu776Glu,*,*,*
p.Leu776Gly,*,*,*
p.Leu776His,*,*,*
p.Leu776Ile,*,*,*
p.Leu776Lys,*,*,*
p.Leu776Met,*,*,*
p.Leu776Phe,*,*,*
p.Leu776Pro,*,*,*
p.Leu776Ser,*,*,*
p.Leu776Ter,*,*,*
p.Leu776Thr,*,*,*
p.Leu776Trp,*,*,*
p.Leu776Tyr,*,*,*
p.Leu776Val,*,*,*
p.Leu780=,*,*,*
p.Leu780Ala,*,*,*
p.Leu780Arg,*,*,*
p.Leu780Asn,*,*,*
p.Leu780Asp,*,*,*
p.Leu780Cys,*,*,*
p.Leu780Gln,*,*,*
p.Leu780Glu,*,*,*
p.Leu780Gly,*,*,*
p.Leu780His,*,*,*
p.Leu780Ile,*,*,*
p.Leu780Lys,*,*,*
p.Leu780Met,*,*,*
p.Leu780Phe,*,*,*
p.Leu780Pro,*,*,*
p.Leu780Ser,*,*,*
p.Leu780Ter,*,*,*
p.Leu780Thr,*,*,*
p.Leu780Trp,*,*,*
p.Leu780Tyr,*,*,*
p.Leu780Val,*,*,*
p.Leu783=,*,*,*
p.Leu783Ala,*,*,*
p.Leu783Arg,*,*,*
p.Leu783Asn,*,*,*
p.Leu783Asp,*,*,*
p.Leu783Cys,*,*,*
p.Leu783Gln,*,*,*
p.Leu783Glu,*,*,*
p.Leu783Gly,*,*,*
p.Leu783His,*,*,*
p.Leu783Ile,*,*,*
p.Leu783Lys,*,*,*
p.Leu783Met,*,*,*
p.Leu783Phe,*,*,*
p.Leu783Pro,*,*,*
p.Leu783Ser,*,*,*
p.Leu783Ter,*,*,*
p.Leu783Thr,*,*,*
p.Leu783Trp,*,*,*
p.Leu783Tyr,*,*,*
p.Leu783Val,*,*,*
p.Leu792=,*,*,*
p.Leu792Ala,*,*,*
p.Leu792Arg,*,*,*
p.Leu792Asn,*,*,*
p.Leu792Asp,*,*,*
p.Leu792Cys,*,*,*
p.Leu792Gln,*,*,*
p.Leu792Glu,*,*,*
p.Leu792Gly,*,*,*
p.Leu792His,*,*,*
p.Leu792Ile,*,*,*
p.Leu792Lys,*,*,*
p.Leu792Met,*,*,*
p.Leu792Phe,*,*,*
p.Leu792Pro,*,*,*
p.Leu792Ser,*,*,*
p.Leu792Ter,*,*,*
p.Leu792Thr,*,*,*
p.Leu792Trp,*,*,*
p.Leu792Tyr,*,*,*
p.Leu792Val,*,*,*
p.Leu795=,*,*,*
p.Leu795Ala,*,*,*
p.Leu795Arg,*,*,*
p.Leu795Asn,*,*,*
p.Leu795Asp,*,*,*
p.Leu795Cys,*,*,*
p.Leu795Gln,*,*,*
p.Leu795Glu,*,*,*
p.Leu795Gly,*,*,*
p.Leu795His,*,*,*
p.Leu795Ile,*,*,*
p.Leu795Lys,*,*,*
p.Leu795Met,*,*,*
p.Leu795Phe,*,*,*
p.Leu795Pro,*,*,*
p.Leu795Ser,*,*,*
p.Leu795Ter,*,*,*
p.Leu795Thr,*,*,*
p.Leu795Trp,*,*,*
p.Leu795Tyr,*,*,*
p.Leu795Val,*,*,*
p.Leu798=,*,*,*
p.Leu798Ala,*,*,*
p.Leu798Arg,*,*,*
p.Leu798Asn,*,*,*
p.Leu798Asp,*,*,*
p.Leu798Cys,*,*,*
p.Leu798Gln,*,*,*
p.Leu798Glu,*,*,*
p.Leu798Gly,*,*,*
p.Leu798His,*,*,*
p.Leu798Ile,*,*,*
p.Leu798Lys,*,*,*
p.Leu798Met,*,*,*
p.Leu798Phe,*,*,*
p.Leu798Pro,*,*,*
p.Leu798Ser,*,*,*
p.Leu798Ter,*,*,*
p.Leu798Thr,*,*,*
p.Leu798Trp,*,*,*
p.Leu798Tyr,*,*,*
p.Leu798Val,*,*,*
p.Leu808=,*,*,*
p.Leu808Ala,*,*,*
p.Leu808Arg,*,*,*
p.Leu808Asn,*,*,*
p.Leu808Asp,*,*,*
p.Leu808Cys,*,*,*
p.Leu808Gln,*,*,*
p.Leu808Glu,*,*,*
p.Leu808Gly,*,*,*
p.Leu808His,*,*,*
p.Leu808Ile,*,*,*
p.Leu808Lys,*,*,*
p.Leu808Met,*,*,*
p.Leu808Phe,*,*,*
p.Leu808Pro,*,*,*
p.Leu808Ser,*,*,*
p.Leu808Ter,*,*,*
p.Leu808Thr,*,*,*
p.Leu808Trp,*,*,*
p.Leu808Tyr,*,*,*
p.Leu808Val,*,*,*
p.Leu813=,*,*,*
p.Leu813Ala,*,*,*
p.Leu813Arg,*,*,*
p.Leu813Asp,*,*,*
p.Leu813Cys,*,*,*
p.Leu813Glu,*,*,*
p.Leu813Gly,*,*,*
p.Leu813Ile,*,*,*
p.Leu813Lys,*,*,*
p.Leu813Met,*,*,*
p.Leu813Phe,*,*,*
p.Leu813Pro,*,*,*
p.Leu813Ser,*,*,*
p.Leu813Ter,*,*,*
p.Leu813Trp,*,*,*
p.Leu813Tyr,*,*,*
p.Leu813Val,*,*,*
p.Leu824=,*,*,*
p.Leu824Ala,*,*,*
p.Leu824Arg,*,*,*
p.Leu824Asn,*,*,*
p.Leu824Asp,*,*,*
p.Leu824Cys,*,*,*
p.Leu824Gln,*,*,*
p.Leu824Glu,*,*,*
p.Leu824Gly,*,*,*
p.Leu824His,*,*,*
p.Leu824Ile,*,*,*
p.Leu824Lys,*,*,*
p.Leu824Met,*,*,*
p.Leu824Phe,*,*,*
p.Leu824Pro,*,*,*
p.Leu824Ser,*,*,*
p.Leu824Ter,*,*,*
p.Leu824Thr,*,*,*
p.Leu824Trp,*,*,*
p.Leu824Tyr,*,*,*
p.Leu824Val,*,*,*
p.Leu846=,*,*,*
p.Leu846Ala,*,*,*
p.Leu846Arg,*,*,*
p.Leu846Asn,*,*,*
p.Leu846Asp,*,*,*
p.Leu846Cys,*,*,*
p.Leu846Gln,*,*,*
p.Leu846Glu,*,*,*
p.Leu846Gly,*,*,*
p.Leu846His,*,*,*
p.Leu846Ile,*,*,*
p.Leu846Lys,*,*,*
p.Leu846Met,*,*,*
p.Leu846Phe,*,*,*
p.Leu846Pro,*,*,*
p.Leu846Ser,*,*,*
p.Leu846Ter,*,*,*
p.Leu846Thr,*,*,*
p.Leu846Trp,*,*,*
p.Leu846Tyr,*,*,*
p.Leu846Val,*,*,*
p.Leu856=,*,*,*
p.Leu856Ala,*,*,*
p.Leu856Arg,*,*,*
p.Leu856Asn,*,*,*
p.Leu856Asp,*,*,*
p.Leu856Cys,*,*,*
p.Leu856Gln,*,*,*
p.Leu856Glu,*,*,*
p.Leu856Gly,*,*,*
p.Leu856His,*,*,*
p.Leu856Ile,*,*,*
p.Leu856Lys,*,*,*
p.Leu856Met,*,*,*
p.Leu856Phe,*,*,*
p.Leu856Pro,*,*,*
p.Leu856Ser,*,*,*
p.Leu856Ter,*,*,*
p.Leu856Thr,*,*,*
p.Leu856Trp,*,*,*
p.Leu856Tyr,*,*,*
p.Leu856Val,*,*,*
p.Leu884=,*,*,*
p.Leu884Ala,*,*,*
p.Leu884Arg,*,*,*
p.Leu884Asn,*,*,*
p.Leu884Asp,*,*,*
p.Leu884Cys,*,*,*
p.Leu884Gln,*,*,*
p.Leu884Glu,*,*,*
p.Leu884Gly,*,*,*
p.Leu884His,*,*,*
p.Leu884Ile,*,*,*
p.Leu884Lys,*,*,*
p.Leu884Met,*,*,*
p.Leu884Phe,*,*,*
p.Leu884Pro,*,*,*
p.Leu884Ser,*,*,*
p.Leu884Ter,*,*,*
p.Leu884Thr,*,*,*
p.Leu884Trp,*,*,*
p.Leu884Tyr,*,*,*
p.Leu884Val,*,*,*
p.Leu896=,*,*,*
p.Leu896Ala,*,*,*
p.Leu896Arg,*,*,*
p.Leu896Asn,*,*,*
p.Leu896Asp,*,*,*
p.Leu896Cys,*,*,*
p.Leu896Gln,*,*,*
p.Leu896Glu,*,*,*
p.Leu896Gly,*,*,*
p.Leu896His,*,*,*
p.Leu896Ile,*,*,*
p.Leu896Lys,*,*,*
p.Leu896Met,*,*,*
p.Leu896Phe,*,*,*
p.Leu896Pro,*,*,*
p.Leu896Ser,*,*,*
p.Leu896Ter,*,*,*
p.Leu896Thr,*,*,*
p.Leu896Trp,*,*,*
p.Leu896Tyr,*,*,*
p.Leu896Val,*,*,*
p.Leu902=,*,*,*
p.Leu902Ala,*,*,*
p.Leu902Arg,*,*,*
p.Leu902Asn,*,*,*
p.Leu902Asp,*,*,*
p.Leu902Cys,*,*,*
p.Leu902Gln,*,*,*
p.Leu902Glu,*,*,*
p.Leu902Gly,*,*,*
p.Leu902His,*,*,*
p.Leu902Ile,*,*,*
p.Leu902Lys,*,*,*
p.Leu902Met,*,*,*
p.Leu902Phe,*,*,*
p.Leu902Pro,*,*,*
p.Leu902Ser,*,*,*
p.Leu902Ter,*,*,*
p.Leu902Thr,*,*,*
p.Leu902Trp,*,*,*
p.Leu902Tyr,*,*,*
p.Leu902Val,*,*,*
p.Leu916=,*,*,*
p.Leu916Ala,*,*,*
p.Leu916Arg,*,*,*
p.Leu916Asn,*,*,*
p.Leu916Asp,*,*,*
p.Leu916Cys,*,*,*
p.Leu916Gln,*,*,*
p.Leu916Glu,*,*,*
p.Leu916Gly,*,*,*
p.Leu916His,*,*,*
p.Leu916Ile,*,*,*
p.Leu916Lys,*,*,*
p.Leu916Met,*,*,*
p.Leu916Phe,*,*,*
p.Leu916Pro,*,*,*
p.Leu916Ser,*,*,*
p.Leu916Ter,*,*,*
p.Leu916Thr,*,*,*
p.Leu916Trp,*,*,*
p.Leu916Tyr,*,*,*
p.Leu916Val,*,*,*
p.Leu934=,*,*,*
p.Leu934Ala,*,*,*
p.Leu934Arg,*,*,*
p.Leu934Asn,*,*,*
p.Leu934Asp,*,*,*
p.Leu934Cys,*,*,*
p.Leu934Gln,*,*,*
p.Leu934Glu,*,*,*
p.Leu934Gly,*,*,*
p.Leu934Ile,*,*,*
p.Leu934Lys,*,*,*
p.Leu934Met,*,*,*
p.Leu934Pro,*,*,*
p.Leu934Ser,*,*,*
p.Leu934Ter,*,*,*
p.Leu934Thr,*,*,*
p.Leu934Trp,*,*,*
p.Leu934Tyr,*,*,*
p.Leu934Val,*,*,*
p.Leu936=,*,*,*
p.Leu936Ala,*,*,*
p.Leu936Arg,*,*,*
p.Leu936Asn,*,*,*
p.Leu936Asp,*,*,*
p.Leu936Cys,*,*,*
p.Leu936Gln,*,*,*
p.Leu936Glu,*,*,*
p.Leu936Gly,*,*,*
p.Leu936His,*,*,*
p.Leu936Ile,*,*,*
p.Leu936Lys,*,*,*
p.Leu936Met,*,*,*
p.Leu936Phe,*,*,*
p.Leu936Pro,*,*,*
p.Leu936Ser,*,*,*
p.Leu936Ter,*,*,*
p.Leu936Thr,*,*,*
p.Leu936Trp,*,*,*
p.Leu936Tyr,*,*,*
p.Leu936Val,*,*,*
p.Leu979=,*,*,*
p.Leu979Ala,*,*,*
p.Leu979Arg,*,*,*
p.Leu979Asn,*,*,*
p.Leu979Asp,*,*,*
p.Leu979Cys,*,*,*
p.Leu979Gln,*,*,*
p.Leu979Glu,*,*,*
p.Leu979Gly,*,*,*
p.Leu979His,*,*,*
p.Leu979Ile,*,*,*
p.Leu979Lys,*,*,*
p.Leu979Met,*,*,*
p.Leu979Phe,*,*,*
p.Leu979Pro,*,*,*
p.Leu979Ser,*,*,*
p.Leu979Ter,*,*,*
p.Leu979Thr,*,*,*
p.Leu979Trp,*,*,*
p.Leu979Tyr,*,*,*
p.Leu979Val,*,*,*
p.Leu987=,*,*,*
p.Leu987Ala,*,*,*
p.Leu987Arg,*,*,*
p.Leu987Asn,*,*,*
p.Leu987Asp,*,*,*
p.Leu987Cys,*,*,*
p.Leu987Gln,*,*,*
p.Leu987Glu,*,*,*
p.Leu987Gly,*,*,*
p.Leu987His,*,*,*
p.Leu987Ile,*,*,*
p.Leu987Lys,*,*,*
p.Leu987Met,*,*,*
p.Leu987Phe,*,*,*
p.Leu987Pro,*,*,*
p.Leu987Ser,*,*,*
p.Leu987Ter,*,*,*
p.Leu987Thr,*,*,*
p.Leu987Trp,*,*,*
p.Leu987Tyr,*,*,*
p.Leu987Val,*,*,*
p.Leu989=,*,*,*
p.Leu989Ala,*,*,*
p.Leu989Arg,*,*,*
p.Leu989Asn,*,*,*
p.Leu989Asp,*,*,*
p.Leu989Cys,*,*,*
p.Leu989Gln,*,*,*
p.Leu989Glu,*,*,*
p.Leu989Gly,*,*,*
p.Leu989His,*,*,*
p.Leu989Ile,*,*,*
p.Leu989Lys,*,*,*
p.Leu989Met,*,*,*
p.Leu989Phe,*,*,*
p.Leu989Pro,*,*,*
p.Leu989Ser,*,*,*
p.Leu989Ter,*,*,*
p.Leu989Thr,*,*,*
p.Leu989Trp,*,*,*
p.Leu989Tyr,*,*,*
p.Leu989Val,*,*,*
p.Lys1010=,*,*,*
p.Lys1010Ala,*,*,*
p.Lys1010Arg,*,*,*
p.Lys1010Asn,*,*,*
p.Lys1010Asp,*,*,*
p.Lys1010Cys,*,*,*
p.Lys1010Gln,*,*,*
p.Lys1010Glu,*,*,*
p.Lys1010Gly,*,*,*
p.Lys1010His,*,*,*
p.Lys1010Ile,*,*,*
p.Lys1010Leu,*,*,*
p.Lys1010Met,*,*,*
p.Lys1010Phe,*,*,*
p.Lys1010Pro,*,*,*
p.Lys1010Ser,*,*,*
p.Lys1010Ter,*,*,*
p.Lys1010Thr,*,*,*
p.Lys1010Trp,*,*,*
p.Lys1010Tyr,*,*,*
p.Lys1010Val,*,*,*
p.Lys1013=,*,*,*
p.Lys1013Ala,*,*,*
p.Lys1013Arg,*,*,*
p.Lys1013Asn,*,*,*
p.Lys1013Asp,*,*,*
p.Lys1013Cys,*,*,*
p.Lys1013Gln,*,*,*
p.Lys1013Glu,*,*,*
p.Lys1013Gly,*,*,*
p.Lys1013His,*,*,*
p.Lys1013Ile,*,*,*
p.Lys1013Leu,*,*,*
p.Lys1013Met,*,*,*
p.Lys1013Phe,*,*,*
p.Lys1013Pro,*,*,*
p.Lys1013Ser,*,*,*
p.Lys1013Ter,*,*,*
p.Lys1013Thr,*,*,*
p.Lys1013Trp,*,*,*
p.Lys1013Tyr,*,*,*
p.Lys1013Val,*,*,*
p.Lys1020=,*,*,*
p.Lys1020Ala,*,*,*
p.Lys1020Arg,*,*,*
p.Lys1020Asn,*,*,*
p.Lys1020Asp,*,*,*
p.Lys1020Cys,*,*,*
p.Lys1020Gln,*,*,*
p.Lys1020Glu,*,*,*
p.Lys1020Gly,*,*,*
p.Lys1020His,*,*,*
p.Lys1020Ile,*,*,*
p.Lys1020Leu,*,*,*
p.Lys1020Met,*,*,*
p.Lys1020Phe,*,*,*
p.Lys1020Pro,*,*,*
p.Lys1020Ser,*,*,*
p.Lys1020Ter,*,*,*
p.Lys1020Thr,*,*,*
p.Lys1020Trp,*,*,*
p.Lys1020Tyr,*,*,*
p.Lys1020Val,*,*,*
p.Lys1022=,*,*,*
p.Lys1022Ala,*,*,*
p.Lys1022Arg,*,*,*
p.Lys1022Asn,*,*,*
p.Lys1022Asp,*,*,*
p.Lys1022Cys,*,*,*
p.Lys1022Gln,*,*,*
p.Lys1022Glu,*,*,*
p.Lys1022Gly,*,*,*
p.Lys1022His,*,*,*
p.Lys1022Ile,*,*,*
p.Lys1022Leu,*,*,*
p.Lys1022Met,*,*,*
p.Lys1022Phe,*,*,*
p.Lys1022Pro,*,*,*
p.Lys1022Ser,*,*,*
p.Lys1022Ter,*,*,*
p.Lys1022Thr,*,*,*
p.Lys1022Trp,*,*,*
p.Lys1022Tyr,*,*,*
p.Lys1022Val,*,*,*
p.Lys1028=,*,*,*
p.Lys1028Ala,*,*,*
p.Lys1028Arg,*,*,*
p.Lys1028Asn,*,*,*
p.Lys1028Asp,*,*,*
p.Lys1028Cys,*,*,*
p.Lys1028Gln,*,*,*
p.Lys1028Glu,*,*,*
p.Lys1028Gly,*,*,*
p.Lys1028His,*,*,*
p.Lys1028Ile,*,*,*
p.Lys1028Leu,*,*,*
p.Lys1028Met,*,*,*
p.Lys1028Phe,*,*,*
p.Lys1028Pro,*,*,*
p.Lys1028Ser,*,*,*
p.Lys1028Ter,*,*,*
p.Lys1028Thr,*,*,*
p.Lys1028Trp,*,*,*
p.Lys1028Tyr,*,*,*
p.Lys1028Val,*,*,*
p.Lys1055=,*,*,*
p.Lys1055Ala,*,*,*
p.Lys1055Arg,*,*,*
p.Lys1055Asn,*,*,*
p.Lys1055Asp,*,*,*
p.Lys1055Cys,*,*,*
p.Lys1055Gln,*,*,*
p.Lys1055Glu,*,*,*
p.Lys1055Gly,*,*,*
p.Lys1055His,*,*,*
p.Lys1055Ile,*,*,*
p.Lys1055Leu,*,*,*
p.Lys1055Met,*,*,*
p.Lys1055Phe,*,*,*
p.Lys1055Pro,*,*,*
p.Lys1055Ser,*,*,*
p.Lys1055Ter,*,*,*
p.Lys1055Thr,*,*,*
p.Lys1055Trp,*,*,*
p.Lys1055Tyr,*,*,*
p.Lys1055Val,*,*,*
p.Lys1077=,*,*,*
p.Lys1077Ala,*,*,*
p.Lys1077Arg,*,*,*
p.Lys1077Asn,*,*,*
p.Lys1077Asp,*,*,*
p.Lys1077Cys,*,*,*
p.Lys1077Gln,*,*,*
p.Lys1077Glu,*,*,*
p.Lys1077Gly,*,*,*
p.Lys1077His,*,*,*
p.Lys1077Ile,*,*,*
p.Lys1077Leu,*,*,*
p.Lys1077Met,*,*,*
p.Lys1077Phe,*,*,*
p.Lys1077Pro,*,*,*
p.Lys1077Ser,*,*,*
p.Lys1077Ter,*,*,*
p.Lys1077Thr,*,*,*
p.Lys1077Trp,*,*,*
p.Lys1077Tyr,*,*,*
p.Lys1077Val,*,*,*
p.Lys1080=,*,*,*
p.Lys1080Ala,*,*,*
p.Lys1080Arg,*,*,*
p.Lys1080Asn,*,*,*
p.Lys1080Asp,*,*,*
p.Lys1080Cys,*,*,*
p.Lys1080Gln,*,*,*
p.Lys1080Glu,*,*,*
p.Lys1080Gly,*,*,*
p.Lys1080His,*,*,*
p.Lys1080Ile,*,*,*
p.Lys1080Leu,*,*,*
p.Lys1080Phe,*,*,*
p.Lys1080Pro,*,*,*
p.Lys1080Ser,*,*,*
p.Lys1080Ter,*,*,*
p.Lys1080Thr,*,*,*
p.Lys1080Trp,*,*,*
p.Lys1080Val,*,*,*
p.Lys1105=,*,*,*
p.Lys1105Ala,*,*,*
p.Lys1105Arg,*,*,*
p.Lys1105Asn,*,*,*
p.Lys1105Asp,*,*,*
p.Lys1105Cys,*,*,*
p.Lys1105Gln,*,*,*
p.Lys1105Glu,*,*,*
p.Lys1105Gly,*,*,*
p.Lys1105His,*,*,*
p.Lys1105Ile,*,*,*
p.Lys1105Leu,*,*,*
p.Lys1105Met,*,*,*
p.Lys1105Phe,*,*,*
p.Lys1105Pro,*,*,*
p.Lys1105Ser,*,*,*
p.Lys1105Ter,*,*,*
p.Lys1105Thr,*,*,*
p.Lys1105Trp,*,*,*
p.Lys1105Tyr,*,*,*
p.Lys1105Val,*,*,*
p.Lys1137=,*,*,*
p.Lys1137Ala,*,*,*
p.Lys1137Arg,*,*,*
p.Lys1137Asn,*,*,*
p.Lys1137Asp,*,*,*
p.Lys1137Cys,*,*,*
p.Lys1137Gln,*,*,*
p.Lys1137Glu,*,*,*
p.Lys1137Gly,*,*,*
p.Lys1137His,*,*,*
p.Lys1137Ile,*,*,*
p.Lys1137Leu,*,*,*
p.Lys1137Met,*,*,*
p.Lys1137Phe,*,*,*
p.Lys1137Pro,*,*,*
p.Lys1137Ser,*,*,*
p.Lys1137Ter,*,*,*
p.Lys1137Thr,*,*,*
p.Lys1137Trp,*,*,*
p.Lys1137Tyr,*,*,*
p.Lys1137Val,*,*,*
p.Lys1175=,*,*,*
p.Lys1175Ala,*,*,*
p.Lys1175Arg,*,*,*
p.Lys1175Asn,*,*,*
p.Lys1175Asp,*,*,*
p.Lys1175Cys,*,*,*
p.Lys1175Gln,*,*,*
p.Lys1175Glu,*,*,*
p.Lys1175Gly,*,*,*
p.Lys1175His,*,*,*
p.Lys1175Ile,*,*,*
p.Lys1175Leu,*,*,*
p.Lys1175Met,*,*,*
p.Lys1175Phe,*,*,*
p.Lys1175Pro,*,*,*
p.Lys1175Ser,*,*,*
p.Lys1175Ter,*,*,*
p.Lys1175Thr,*,*,*
p.Lys1175Trp,*,*,*
p.Lys1175Tyr,*,*,*
p.Lys1175Val,*,*,*
p.Lys1199=,*,*,*
p.Lys1199Ala,*,*,*
p.Lys1199Arg,*,*,*
p.Lys1199Asn,*,*,*
p.Lys1199Asp,*,*,*
p.Lys1199Cys,*,*,*
p.Lys1199Gln,*,*,*
p.Lys1199Glu,*,*,*
p.Lys1199Gly,*,*,*
p.Lys1199His,*,*,*
p.Lys1199Ile,*,*,*
p.Lys1199Leu,*,*,*
p.Lys1199Met,*,*,*
p.Lys1199Phe,*,*,*
p.Lys1199Pro,*,*,*
p.Lys1199Ser,*,*,*
p.Lys1199Ter,*,*,*
p.Lys1199Thr,*,*,*
p.Lys1199Trp,*,*,*
p.Lys1199Tyr,*,*,*
p.Lys1199Val,*,*,*
p.Lys1225=,*,*,*
p.Lys1225Ala,*,*,*
p.Lys1225Arg,*,*,*
p.Lys1225Asn,*,*,*
p.Lys1225Asp,*,*,*
p.Lys1225Cys,*,*,*
p.Lys1225Gln,*,*,*
p.Lys1225Glu,*,*,*
p.Lys1225Gly,*,*,*
p.Lys1225His,*,*,*
p.Lys1225Ile,*,*,*
p.Lys1225Leu,*,*,*
p.Lys1225Met,*,*,*
p.Lys1225Phe,*,*,*
p.Lys1225Pro,*,*,*
p.Lys1225Ser,*,*,*
p.Lys1225Ter,*,*,*
p.Lys1225Thr,*,*,*
p.Lys1225Trp,*,*,*
p.Lys1225Tyr,*,*,*
p.Lys1225Val,*,*,*
p.Lys1238Ala,*,*,*
p.Lys1238Arg,*,*,*
p.Lys1238Asn,*,*,*
p.Lys1238Asp,*,*,*
p.Lys1238Cys,*,*,*
p.Lys1238Gln,*,*,*
p.Lys1238Glu,*,*,*
p.Lys1238Gly,*,*,*
p.Lys1238His,*,*,*
p.Lys1238Ile,*,*,*
p.Lys1238Leu,*,*,*
p.Lys1238Met,*,*,*
p.Lys1238Phe,*,*,*
p.Lys1238Pro,*,*,*
p.Lys1238Ser,*,*,*
p.Lys1238Ter,*,*,*
p.Lys1238Thr,*,*,*
p.Lys1238Trp,*,*,*
p.Lys1238Tyr,*,*,*
p.Lys1238Val,*,*,*
p.Lys1248=,*,*,*
p.Lys1248Ala,*,*,*
p.Lys1248Arg,*,*,*
p.Lys1248Asn,*,*,*
p.Lys1248Asp,*,*,*
p.Lys1248Cys,*,*,*
p.Lys1248Gln,*,*,*
p.Lys1248Glu,*,*,*
p.Lys1248Gly,*,*,*
p.Lys1248His,*,*,*
p.Lys1248Ile,*,*,*
p.Lys1248Leu,*,*,*
p.Lys1248Met,*,*,*
p.Lys1248Phe,*,*,*
p.Lys1248Pro,*,*,*
p.Lys1248Ser,*,*,*
p.Lys1248Ter,*,*,*
p.Lys1248Thr,*,*,*
p.Lys1248Trp,*,*,*
p.Lys1248Tyr,*,*,*
p.Lys1248Val,*,*,*
p.Lys1251=,*,*,*
p.Lys1251Ala,*,*,*
p.Lys1251Arg,*,*,*
p.Lys1251Asn,*,*,*
p.Lys1251Asp,*,*,*
p.Lys1251Cys,*,*,*
p.Lys1251Gln,*,*,*
p.Lys1251Glu,*,*,*
p.Lys1251Gly,*,*,*
p.Lys1251His,*,*,*
p.Lys1251Ile,*,*,*
p.Lys1251Leu,*,*,*
p.Lys1251Met,*,*,*
p.Lys1251Phe,*,*,*
p.Lys1251Pro,*,*,*
p.Lys1251Ser,*,*,*
p.Lys1251Ter,*,*,*
p.Lys1251Thr,*,*,*
p.Lys1251Trp,*,*,*
p.Lys1251Tyr,*,*,*
p.Lys1251Val,*,*,*
p.Lys1258=,*,*,*
p.Lys1258Ala,*,*,*
p.Lys1258Arg,*,*,*
p.Lys1258Asn,*,*,*
p.Lys1258Asp,*,*,*
p.Lys1258Cys,*,*,*
p.Lys1258Gln,*,*,*
p.Lys1258Glu,*,*,*
p.Lys1258Gly,*,*,*
p.Lys1258His,*,*,*
p.Lys1258Ile,*,*,*
p.Lys1258Leu,*,*,*
p.Lys1258Met,*,*,*
p.Lys1258Phe,*,*,*
p.Lys1258Pro,*,*,*
p.Lys1258Ser,*,*,*
p.Lys1258Ter,*,*,*
p.Lys1258Thr,*,*,*
p.Lys1258Trp,*,*,*
p.Lys1258Tyr,*,*,*
p.Lys1258Val,*,*,*
p.Lys1260=,*,*,*
p.Lys1260Ala,*,*,*
p.Lys1260Arg,*,*,*
p.Lys1260Asn,*,*,*
p.Lys1260Asp,*,*,*
p.Lys1260Cys,*,*,*
p.Lys1260Gln,*,*,*
p.Lys1260Glu,*,*,*
p.Lys1260Gly,*,*,*
p.Lys1260His,*,*,*
p.Lys1260Ile,*,*,*
p.Lys1260Leu,*,*,*
p.Lys1260Met,*,*,*
p.Lys1260Phe,*,*,*
p.Lys1260Pro,*,*,*
p.Lys1260Ser,*,*,*
p.Lys1260Ter,*,*,*
p.Lys1260Thr,*,*,*
p.Lys1260Trp,*,*,*
p.Lys1260Tyr,*,*,*
p.Lys1260Val,*,*,*
p.Lys1261=,*,*,*
p.Lys1261Ala,*,*,*
p.Lys1261Arg,*,*,*
p.Lys1261Asn,*,*,*
p.Lys1261Asp,*,*,*
p.Lys1261Cys,*,*,*
p.Lys1261Gln,*,*,*
p.Lys1261Glu,*,*,*
p.Lys1261Gly,*,*,*
p.Lys1261His,*,*,*
p.Lys1261Ile,*,*,*
p.Lys1261Leu,*,*,*
p.Lys1261Met,*,*,*
p.Lys1261Phe,*,*,*
p.Lys1261Pro,*,*,*
p.Lys1261Ser,*,*,*
p.Lys1261Ter,*,*,*
p.Lys1261Thr,*,*,*
p.Lys1261Trp,*,*,*
p.Lys1261Tyr,*,*,*
p.Lys1261Val,*,*,*
p.Lys1315=,*,*,*
p.Lys1315Ala,*,*,*
p.Lys1315Arg,*,*,*
p.Lys1315Asn,*,*,*
p.Lys1315Asp,*,*,*
p.Lys1315Cys,*,*,*
p.Lys1315Gln,*,*,*
p.Lys1315Glu,*,*,*
p.Lys1315Gly,*,*,*
p.Lys1315His,*,*,*
p.Lys1315Ile,*,*,*
p.Lys1315Leu,*,*,*
p.Lys1315Met,*,*,*
p.Lys1315Phe,*,*,*
p.Lys1315Pro,*,*,*
p.Lys1315Ser,*,*,*
p.Lys1315Ter,*,*,*
p.Lys1315Thr,*,*,*
p.Lys1315Trp,*,*,*
p.Lys1315Tyr,*,*,*
p.Lys1315Val,*,*,*
p.Lys1374=,*,*,*
p.Lys1374Ala,*,*,*
p.Lys1374Arg,*,*,*
p.Lys1374Asn,*,*,*
p.Lys1374Asp,*,*,*
p.Lys1374Cys,*,*,*
p.Lys1374Gln,*,*,*
p.Lys1374Glu,*,*,*
p.Lys1374Gly,*,*,*
p.Lys1374His,*,*,*
p.Lys1374Ile,*,*,*
p.Lys1374Leu,*,*,*
p.Lys1374Met,*,*,*
p.Lys1374Phe,*,*,*
p.Lys1374Pro,*,*,*
p.Lys1374Ser,*,*,*
p.Lys1374Ter,*,*,*
p.Lys1374Thr,*,*,*
p.Lys1374Trp,*,*,*
p.Lys1374Tyr,*,*,*
p.Lys1374Val,*,*,*
p.Lys1377=,*,*,*
p.Lys1377Ala,*,*,*
p.Lys1377Arg,*,*,*
p.Lys1377Asn,*,*,*
p.Lys1377Asp,*,*,*
p.Lys1377Cys,*,*,*
p.Lys1377Gln,*,*,*
p.Lys1377Glu,*,*,*
p.Lys1377Gly,*,*,*
p.Lys1377His,*,*,*
p.Lys1377Ile,*,*,*
p.Lys1377Leu,*,*,*
p.Lys1377Met,*,*,*
p.Lys1377Phe,*,*,*
p.Lys1377Pro,*,*,*
p.Lys1377Ser,*,*,*
p.Lys1377Ter,*,*,*
p.Lys1377Thr,*,*,*
p.Lys1377Trp,*,*,*
p.Lys1377Tyr,*,*,*
p.Lys1377Val,*,*,*
p.Lys1378=,*,*,*
p.Lys1378Ala,*,*,*
p.Lys1378Arg,*,*,*
p.Lys1378Asn,*,*,*
p.Lys1378Asp,*,*,*
p.Lys1378Cys,*,*,*
p.Lys1378Gln,*,*,*
p.Lys1378Glu,*,*,*
p.Lys1378Gly,*,*,*
p.Lys1378His,*,*,*
p.Lys1378Ile,*,*,*
p.Lys1378Leu,*,*,*
p.Lys1378Met,*,*,*
p.Lys1378Phe,*,*,*
p.Lys1378Pro,*,*,*
p.Lys1378Ser,*,*,*
p.Lys1378Ter,*,*,*
p.Lys1378Thr,*,*,*
p.Lys1378Trp,*,*,*
p.Lys1378Tyr,*,*,*
p.Lys1378Val,*,*,*
p.Lys1393=,*,*,*
p.Lys1393Ala,*,*,*
p.Lys1393Arg,*,*,*
p.Lys1393Asn,*,*,*
p.Lys1393Asp,*,*,*
p.Lys1393Cys,*,*,*
p.Lys1393Gln,*,*,*
p.Lys1393Glu,*,*,*
p.Lys1393Gly,*,*,*
p.Lys1393His,*,*,*
p.Lys1393Ile,*,*,*
p.Lys1393Leu,*,*,*
p.Lys1393Met,*,*,*
p.Lys1393Phe,*,*,*
p.Lys1393Pro,*,*,*
p.Lys1393Ser,*,*,*
p.Lys1393Ter,*,*,*
p.Lys1393Thr,*,*,*
p.Lys1393Trp,*,*,*
p.Lys1393Tyr,*,*,*
p.Lys1393Val,*,*,*
p.Lys1437=,*,*,*
p.Lys1437Ala,*,*,*
p.Lys1437Arg,*,*,*
p.Lys1437Asn,*,*,*
p.Lys1437Asp,*,*,*
p.Lys1437Cys,*,*,*
p.Lys1437Gln,*,*,*
p.Lys1437Glu,*,*,*
p.Lys1437Gly,*,*,*
p.Lys1437His,*,*,*
p.Lys1437Ile,*,*,*
p.Lys1437Leu,*,*,*
p.Lys1437Met,*,*,*
p.Lys1437Phe,*,*,*
p.Lys1437Pro,*,*,*
p.Lys1437Ser,*,*,*
p.Lys1437Ter,*,*,*
p.Lys1437Thr,*,*,*
p.Lys1437Trp,*,*,*
p.Lys1437Tyr,*,*,*
p.Lys1437Val,*,*,*
p.Lys1451=,*,*,*
p.Lys1451Ala,*,*,*
p.Lys1451Arg,*,*,*
p.Lys1451Asn,*,*,*
p.Lys1451Asp,*,*,*
p.Lys1451Cys,*,*,*
p.Lys1451Gln,*,*,*
p.Lys1451Glu,*,*,*
p.Lys1451Gly,*,*,*
p.Lys1451His,*,*,*
p.Lys1451Ile,*,*,*
p.Lys1451Leu,*,*,*
p.Lys1451Met,*,*,*
p.Lys1451Phe,*,*,*
p.Lys1451Pro,*,*,*
p.Lys1451Ser,*,*,*
p.Lys1451Ter,*,*,*
p.Lys1451Thr,*,*,*
p.Lys1451Trp,*,*,*
p.Lys1451Tyr,*,*,*
p.Lys1451Val,*,*,*
p.Lys720=,*,*,*
p.Lys720Ala,*,*,*
p.Lys720Arg,*,*,*
p.Lys720Asn,*,*,*
p.Lys720Asp,*,*,*
p.Lys720Cys,*,*,*
p.Lys720Gln,*,*,*
p.Lys720Glu,*,*,*
p.Lys720Gly,*,*,*
p.Lys720His,*,*,*
p.Lys720Ile,*,*,*
p.Lys720Leu,*,*,*
p.Lys720Met,*,*,*
p.Lys720Phe,*,*,*
p.Lys720Pro,*,*,*
p.Lys720Ser,*,*,*
p.Lys720Ter,*,*,*
p.Lys720Thr,*,*,*
p.Lys720Trp,*,*,*
p.Lys720Tyr,*,*,*
p.Lys720Val,*,*,*
p.Lys755=,*,*,*
p.Lys755Ala,*,*,*
p.Lys755Arg,*,*,*
p.Lys755Asn,*,*,*
p.Lys755Asp,*,*,*
p.Lys755Cys,*,*,*
p.Lys755Gln,*,*,*
p.Lys755Gly,*,*,*
p.Lys755His,*,*,*
p.Lys755Ile,*,*,*
p.Lys755Leu,*,*,*
p.Lys755Phe,*,*,*
p.Lys755Pro,*,*,*
p.Lys755Ser,*,*,*
p.Lys755Ter,*,*,*
p.Lys755Thr,*,*,*
p.Lys755Trp,*,*,*
p.Lys755Tyr,*,*,*
p.Lys755Val,*,*,*
p.Lys785Ala,*,*,*
p.Lys785Arg,*,*,*
p.Lys785Asn,*,*,*
p.Lys785Asp,*,*,*
p.Lys785Cys,*,*,*
p.Lys785Gln,*,*,*
p.Lys785Glu,*,*,*
p.Lys785Gly,*,*,*
p.Lys785His,*,*,*
p.Lys785Ile,*,*,*
p.Lys785Leu,*,*,*
p.Lys785Met,*,*,*
p.Lys785Phe,*,*,*
p.Lys785Pro,*,*,*
p.Lys785Ser,*,*,*
p.Lys785Ter,*,*,*
p.Lys785Thr,*,*,*
p.Lys785Trp,*,*,*
p.Lys785Tyr,*,*,*
p.Lys785Val,*,*,*
p.Lys787=,*,*,*
p.Lys787Ala,*,*,*
p.Lys787Arg,*,*,*
p.Lys787Asn,*,*,*
p.Lys787Asp,*,*,*
p.Lys787Cys,*,*,*
p.Lys787Gln,*,*,*
p.Lys787Glu,*,*,*
p.Lys787Gly,*,*,*
p.Lys787His,*,*,*
p.Lys787Ile,*,*,*
p.Lys787Leu,*,*,*
p.Lys787Met,*,*,*
p.Lys787Phe,*,*,*
p.Lys787Pro,*,*,*
p.Lys787Ser,*,*,*
p.Lys787Ter,*,*,*
p.Lys787Thr,*,*,*
p.Lys787Trp,*,*,*
p.Lys787Tyr,*,*,*
p.Lys787Val,*,*,*
p.Lys794=,*,*,*
p.Lys794Ala,*,*,*
p.Lys794Arg,*,*,*
p.Lys794Asn,*,*,*
p.Lys794Asp,*,*,*
p.Lys794Cys,*,*,*
p.Lys794Gln,*,*,*
p.Lys794Glu,*,*,*
p.Lys794Gly,*,*,*
p.Lys794His,*,*,*
p.Lys794Ile,*,*,*
p.Lys794Leu,*,*,*
p.Lys794Met,*,*,*
p.Lys794Phe,*,*,*
p.Lys794Pro,*,*,*
p.Lys794Ser,*,*,*
p.Lys794Ter,*,*,*
p.Lys794Thr,*,*,*
p.Lys794Trp,*,*,*
p.Lys794Tyr,*,*,*
p.Lys794Val,*,*,*
p.Lys832=,*,*,*
p.Lys832Ala,*,*,*
p.Lys832Arg,*,*,*
p.Lys832Asn,*,*,*
p.Lys832Asp,*,*,*
p.Lys832Cys,*,*,*
p.Lys832Gln,*,*,*
p.Lys832Glu,*,*,*
p.Lys832Gly,*,*,*
p.Lys832His,*,*,*
p.Lys832Ile,*,*,*
p.Lys832Leu,*,*,*
p.Lys832Met,*,*,*
p.Lys832Phe,*,*,*
p.Lys832Pro,*,*,*
p.Lys832Ser,*,*,*
p.Lys832Ter,*,*,*
p.Lys832Thr,*,*,*
p.Lys832Trp,*,*,*
p.Lys832Tyr,*,*,*
p.Lys832Val,*,*,*
p.Lys838=,*,*,*
p.Lys838Ala,*,*,*
p.Lys838Arg,*,*,*
p.Lys838Asn,*,*,*
p.Lys838Asp,*,*,*
p.Lys838Cys,*,*,*
p.Lys838Gln,*,*,*
p.Lys838Glu,*,*,*
p.Lys838Gly,*,*,*
p.Lys838His,*,*,*
p.Lys838Ile,*,*,*
p.Lys838Leu,*,*,*
p.Lys838Met,*,*,*
p.Lys838Phe,*,*,*
p.Lys838Pro,*,*,*
p.Lys838Ser,*,*,*
p.Lys838Ter,*,*,*
p.Lys838Thr,*,*,*
p.Lys838Trp,*,*,*
p.Lys838Tyr,*,*,*
p.Lys838Val,*,*,*
p.Lys844=,*,*,*
p.Lys844Ala,*,*,*
p.Lys844Arg,*,*,*
p.Lys844Asn,*,*,*
p.Lys844Asp,*,*,*
p.Lys844Cys,*,*,*
p.Lys844Gln,*,*,*
p.Lys844Glu,*,*,*
p.Lys844Gly,*,*,*
p.Lys844His,*,*,*
p.Lys844Ile,*,*,*
p.Lys844Leu,*,*,*
p.Lys844Met,*,*,*
p.Lys844Phe,*,*,*
p.Lys844Pro,*,*,*
p.Lys844Ser,*,*,*
p.Lys844Ter,*,*,*
p.Lys844Thr,*,*,*
p.Lys844Trp,*,*,*
p.Lys844Tyr,*,*,*
p.Lys844Val,*,*,*
p.Lys866=,*,*,*
p.Lys866Ala,*,*,*
p.Lys866Arg,*,*,*
p.Lys866Asn,*,*,*
p.Lys866Asp,*,*,*
p.Lys866Cys,*,*,*
p.Lys866Gln,*,*,*
p.Lys866Glu,*,*,*
p.Lys866Gly,*,*,*
p.Lys866His,*,*,*
p.Lys866Ile,*,*,*
p.Lys866Leu,*,*,*
p.Lys866Met,*,*,*
p.Lys866Phe,*,*,*
p.Lys866Pro,*,*,*
p.Lys866Ser,*,*,*
p.Lys866Ter,*,*,*
p.Lys866Thr,*,*,*
p.Lys866Trp,*,*,*
p.Lys866Tyr,*,*,*
p.Lys866Val,*,*,*
p.Lys867=,*,*,*
p.Lys867Ala,*,*,*
p.Lys867Arg,*,*,*
p.Lys867Asn,*,*,*
p.Lys867Asp,*,*,*
p.Lys867Cys,*,*,*
p.Lys867Gln,*,*,*
p.Lys867Glu,*,*,*
p.Lys867Gly,*,*,*
p.Lys867His,*,*,*
p.Lys867Ile,*,*,*
p.Lys867Leu,*,*,*
p.Lys867Met,*,*,*
p.Lys867Phe,*,*,*
p.Lys867Pro,*,*,*
p.Lys867Ser,*,*,*
p.Lys867Ter,*,*,*
p.Lys867Thr,*,*,*
p.Lys867Trp,*,*,*
p.Lys867Tyr,*,*,*
p.Lys867Val,*,*,*
p.Lys886=,*,*,*
p.Lys886Ala,*,*,*
p.Lys886Arg,*,*,*
p.Lys886Asn,*,*,*
p.Lys886Asp,*,*,*
p.Lys886Cys,*,*,*
p.Lys886Gln,*,*,*
p.Lys886Glu,*,*,*
p.Lys886Gly,*,*,*
p.Lys886His,*,*,*
p.Lys886Ile,*,*,*
p.Lys886Leu,*,*,*
p.Lys886Met,*,*,*
p.Lys886Phe,*,*,*
p.Lys886Pro,*,*,*
p.Lys886Ser,*,*,*
p.Lys886Ter,*,*,*
p.Lys886Thr,*,*,*
p.Lys886Trp,*,*,*
p.Lys886Tyr,*,*,*
p.Lys886Val,*,*,*
p.Lys901=,*,*,*
p.Lys901Ala,*,*,*
p.Lys901Arg,*,*,*
p.Lys901Asn,*,*,*
p.Lys901Asp,*,*,*
p.Lys901Cys,*,*,*
p.Lys901Gln,*,*,*
p.Lys901Glu,*,*,*
p.Lys901Gly,*,*,*
p.Lys901His,*,*,*
p.Lys901Ile,*,*,*
p.Lys901Leu,*,*,*
p.Lys901Met,*,*,*
p.Lys901Phe,*,*,*
p.Lys901Pro,*,*,*
p.Lys901Ser,*,*,*
p.Lys901Ter,*,*,*
p.Lys901Thr,*,*,*
p.Lys901Trp,*,*,*
p.Lys901Tyr,*,*,*
p.Lys901Val,*,*,*
p.Lys910=,*,*,*
p.Lys910Ala,*,*,*
p.Lys910Arg,*,*,*
p.Lys910Asn,*,*,*
p.Lys910Asp,*,*,*
p.Lys910Cys,*,*,*
p.Lys910Gln,*,*,*
p.Lys910Glu,*,*,*
p.Lys910Gly,*,*,*
p.Lys910His,*,*,*
p.Lys910Ile,*,*,*
p.Lys910Leu,*,*,*
p.Lys910Met,*,*,*
p.Lys910Phe,*,*,*
p.Lys910Pro,*,*,*
p.Lys910Ser,*,*,*
p.Lys910Ter,*,*,*
p.Lys910Thr,*,*,*
p.Lys910Trp,*,*,*
p.Lys910Tyr,*,*,*
p.Lys910Val,*,*,*
p.Lys959=,*,*,*
p.Lys959Ala,*,*,*
p.Lys959Arg,*,*,*
p.Lys959Asn,*,*,*
p.Lys959Asp,*,*,*
p.Lys959Cys,*,*,*
p.Lys959Gln,*,*,*
p.Lys959Glu,*,*,*
p.Lys959Gly,*,*,*
p.Lys959His,*,*,*
p.Lys959Ile,*,*,*
p.Lys959Leu,*,*,*
p.Lys959Met,*,*,*
p.Lys959Phe,*,*,*
p.Lys959Pro,*,*,*
p.Lys959Ser,*,*,*
p.Lys959Ter,*,*,*
p.Lys959Thr,*,*,*
p.Lys959Trp,*,*,*
p.Lys959Tyr,*,*,*
p.Lys959Val,*,*,*
p.Met1017Ala,*,*,*
p.Met1017Arg,*,*,*
p.Met1017Asn,*,*,*
p.Met1017Asp,*,*,*
p.Met1017Cys,*,*,*
p.Met1017Gln,*,*,*
p.Met1017Glu,*,*,*
p.Met1017Gly,*,*,*
p.Met1017His,*,*,*
p.Met1017Ile,*,*,*
p.Met1017Leu,*,*,*
p.Met1017Lys,*,*,*
p.Met1017Phe,*,*,*
p.Met1017Pro,*,*,*
p.Met1017Ser,*,*,*
p.Met1017Ter,*,*,*
p.Met1017Thr,*,*,*
p.Met1017Trp,*,*,*
p.Met1017Tyr,*,*,*
p.Met1017Val,*,*,*
p.Met1025Ala,*,*,*
p.Met1025Arg,*,*,*
p.Met1025Asn,*,*,*
p.Met1025Asp,*,*,*
p.Met1025Cys,*,*,*
p.Met1025Gln,*,*,*
p.Met1025Glu,*,*,*
p.Met1025Gly,*,*,*
p.Met1025His,*,*,*
p.Met1025Ile,*,*,*
p.Met1025Leu,*,*,*
p.Met1025Lys,*,*,*
p.Met1025Phe,*,*,*
p.Met1025Pro,*,*,*
p.Met1025Ser,*,*,*
p.Met1025Ter,*,*,*
p.Met1025Thr,*,*,*
p.Met1025Trp,*,*,*
p.Met1025Tyr,*,*,*
p.Met1025Val,*,*,*
p.Met1040Ala,*,*,*
p.Met1040Arg,*,*,*
p.Met1040Asn,*,*,*
p.Met1040Asp,*,*,*
p.Met1040Cys,*,*,*
p.Met1040Gln,*,*,*
p.Met1040Glu,*,*,*
p.Met1040Gly,*,*,*
p.Met1040His,*,*,*
p.Met1040Ile,*,*,*
p.Met1040Leu,*,*,*
p.Met1040Lys,*,*,*
p.Met1040Phe,*,*,*
p.Met1040Pro,*,*,*
p.Met1040Ser,*,*,*
p.Met1040Ter,*,*,*
p.Met1040Thr,*,*,*
p.Met1040Trp,*,*,*
p.Met1040Tyr,*,*,*
p.Met1040Val,*,*,*
p.Met1169Ala,*,*,*
p.Met1169Arg,*,*,*
p.Met1169Asn,*,*,*
p.Met1169Asp,*,*,*
p.Met1169Cys,*,*,*
p.Met1169Gln,*,*,*
p.Met1169Glu,*,*,*
p.Met1169Gly,*,*,*
p.Met1169His,*,*,*
p.Met1169Ile,*,*,*
p.Met1169Leu,*,*,*
p.Met1169Lys,*,*,*
p.Met1169Phe,*,*,*
p.Met1169Pro,*,*,*
p.Met1169Ser,*,*,*
p.Met1169Ter,*,*,*
p.Met1169Thr,*,*,*
p.Met1169Trp,*,*,*
p.Met1169Tyr,*,*,*
p.Met1169Val,*,*,*
p.Met1174Ala,*,*,*
p.Met1174Arg,*,*,*
p.Met1174Asn,*,*,*
p.Met1174Asp,*,*,*
p.Met1174Cys,*,*,*
p.Met1174Gln,*,*,*
p.Met1174Glu,*,*,*
p.Met1174Gly,*,*,*
p.Met1174His,*,*,*
p.Met1174Ile,*,*,*
p.Met1174Leu,*,*,*
p.Met1174Lys,*,*,*
p.Met1174Phe,*,*,*
p.Met1174Pro,*,*,*
p.Met1174Ser,*,*,*
p.Met1174Ter,*,*,*
p.Met1174Thr,*,*,*
p.Met1174Trp,*,*,*
p.Met1174Tyr,*,*,*
p.Met1174Val,*,*,*
p.Met1191Ala,*,*,*
p.Met1191Arg,*,*,*
p.Met1191Asn,*,*,*
p.Met1191Asp,*,*,*
p.Met1191Cys,*,*,*
p.Met1191Gln,*,*,*
p.Met1191Glu,*,*,*
p.Met1191Gly,*,*,*
p.Met1191His,*,*,*
p.Met1191Ile,*,*,*
p.Met1191Leu,*,*,*
p.Met1191Lys,*,*,*
p.Met1191Phe,*,*,*
p.Met1191Pro,*,*,*
p.Met1191Ser,*,*,*
p.Met1191Ter,*,*,*
p.Met1191Thr,*,*,*
p.Met1191Trp,*,*,*
p.Met1191Tyr,*,*,*
p.Met1191Val,*,*,*
p.Met1212Ala,*,*,*
p.Met1212Arg,*,*,*
p.Met1212Asn,*,*,*
p.Met1212Asp,*,*,*
p.Met1212Cys,*,*,*
p.Met1212Gln,*,*,*
p.Met1212Glu,*,*,*
p.Met1212Gly,*,*,*
p.Met1212His,*,*,*
p.Met1212Ile,*,*,*
p.Met1212Leu,*,*,*
p.Met1212Phe,*,*,*
p.Met1212Pro,*,*,*
p.Met1212Ser,*,*,*
p.Met1212Ter,*,*,*
p.Met1212Thr,*,*,*
p.Met1212Trp,*,*,*
p.Met1212Tyr,*,*,*
p.Met1212Val,*,*,*
p.Met1264Ala,*,*,*
p.Met1264Arg,*,*,*
p.Met1264Asn,*,*,*
p.Met1264Asp,*,*,*
p.Met1264Cys,*,*,*
p.Met1264Gln,*,*,*
p.Met1264Glu,*,*,*
p.Met1264Gly,*,*,*
p.Met1264His,*,*,*
p.Met1264Ile,*,*,*
p.Met1264Leu,*,*,*
p.Met1264Lys,*,*,*
p.Met1264Phe,*,*,*
p.Met1264Pro,*,*,*
p.Met1264Ser,*,*,*
p.Met1264Ter,*,*,*
p.Met1264Thr,*,*,*
p.Met1264Trp,*,*,*
p.Met1264Tyr,*,*,*
p.Met1264Val,*,*,*
p.Met1280Ala,*,*,*
p.Met1280Arg,*,*,*
p.Met1280Asn,*,*,*
p.Met1280Asp,*,*,*
p.Met1280Cys,*,*,*
p.Met1280Gln,*,*,*
p.Met1280Glu,*,*,*
p.Met1280Gly,*,*,*
p.Met1280His,*,*,*
p.Met1280Ile,*,*,*
p.Met1280Leu,*,*,*
p.Met1280Lys,*,*,*
p.Met1280Phe,*,*,*
p.Met1280Pro,*,*,*
p.Met1280Ser,*,*,*
p.Met1280Ter,*,*,*
p.Met1280Thr,*,*,*
p.Met1280Trp,*,*,*
p.Met1280Tyr,*,*,*
p.Met1280Val,*,*,*
p.Met1344Ala,*,*,*
p.Met1344Arg,*,*,*
p.Met1344Asn,*,*,*
p.Met1344Asp,*,*,*
p.Met1344Cys,*,*,*
p.Met1344Gln,*,*,*
p.Met1344Glu,*,*,*
p.Met1344Gly,*,*,*
p.Met1344His,*,*,*
p.Met1344Ile,*,*,*
p.Met1344Leu,*,*,*
p.Met1344Lys,*,*,*
p.Met1344Phe,*,*,*
p.Met1344Pro,*,*,*
p.Met1344Ser,*,*,*
p.Met1344Ter,*,*,*
p.Met1344Thr,*,*,*
p.Met1344Trp,*,*,*
p.Met1344Tyr,*,*,*
p.Met1344Val,*,*,*
p.Met1354Ala,*,*,*
p.Met1354Arg,*,*,*
p.Met1354Asn,*,*,*
p.Met1354Asp,*,*,*
p.Met1354Cys,*,*,*
p.Met1354Gln,*,*,*
p.Met1354Glu,*,*,*
p.Met1354Gly,*,*,*
p.Met1354His,*,*,*
p.Met1354Ile,*,*,*
p.Met1354Leu,*,*,*
p.Met1354Lys,*,*,*
p.Met1354Phe,*,*,*
p.Met1354Pro,*,*,*
p.Met1354Ser,*,*,*
p.Met1354Ter,*,*,*
p.Met1354Thr,*,*,*
p.Met1354Trp,*,*,*
p.Met1354Tyr,*,*,*
p.Met1354Val,*,*,*
p.Met1359Ala,*,*,*
p.Met1359Arg,*,*,*
p.Met1359Asn,*,*,*
p.Met1359Asp,*,*,*
p.Met1359Cys,*,*,*
p.Met1359Gln,*,*,*
p.Met1359Glu,*,*,*
p.Met1359Gly,*,*,*
p.Met1359His,*,*,*
p.Met1359Ile,*,*,*
p.Met1359Leu,*,*,*
p.Met1359Lys,*,*,*
p.Met1359Phe,*,*,*
p.Met1359Pro,*,*,*
p.Met1359Ser,*,*,*
p.Met1359Ter,*,*,*
p.Met1359Thr,*,*,*
p.Met1359Trp,*,*,*
p.Met1359Tyr,*,*,*
p.Met1359Val,*,*,*
p.Met1392Ala,*,*,*
p.Met1392Arg,*,*,*
p.Met1392Asn,*,*,*
p.Met1392Asp,*,*,*
p.Met1392Cys,*,*,*
p.Met1392Gln,*,*,*
p.Met1392Glu,*,*,*
p.Met1392Gly,*,*,*
p.Met1392His,*,*,*
p.Met1392Ile,*,*,*
p.Met1392Leu,*,*,*
p.Met1392Lys,*,*,*
p.Met1392Phe,*,*,*
p.Met1392Pro,*,*,*
p.Met1392Ser,*,*,*
p.Met1392Ter,*,*,*
p.Met1392Thr,*,*,*
p.Met1392Trp,*,*,*
p.Met1392Tyr,*,*,*
p.Met1392Val,*,*,*
p.Met1406Ala,*,*,*
p.Met1406Arg,*,*,*
p.Met1406Asn,*,*,*
p.Met1406Asp,*,*,*
p.Met1406Cys,*,*,*
p.Met1406Gln,*,*,*
p.Met1406Glu,*,*,*
p.Met1406Gly,*,*,*
p.Met1406His,*,*,*
p.Met1406Ile,*,*,*
p.Met1406Leu,*,*,*
p.Met1406Lys,*,*,*
p.Met1406Phe,*,*,*
p.Met1406Pro,*,*,*
p.Met1406Ser,*,*,*
p.Met1406Ter,*,*,*
p.Met1406Thr,*,*,*
p.Met1406Trp,*,*,*
p.Met1406Tyr,*,*,*
p.Met1406Val,*,*,*
p.Met729Ala,*,*,*
p.Met729Arg,*,*,*
p.Met729Asn,*,*,*
p.Met729Asp,*,*,*
p.Met729Cys,*,*,*
p.Met729Gln,*,*,*
p.Met729Glu,*,*,*
p.Met729Gly,*,*,*
p.Met729His,*,*,*
p.Met729Ile,*,*,*
p.Met729Leu,*,*,*
p.Met729Lys,*,*,*
p.Met729Phe,*,*,*
p.Met729Pro,*,*,*
p.Met729Ser,*,*,*
p.Met729Ter,*,*,*
p.Met729Thr,*,*,*
p.Met729Trp,*,*,*
p.Met729Tyr,*,*,*
p.Met729Val,*,*,*
p.Met769Ala,*,*,*
p.Met769Arg,*,*,*
p.Met769Asn,*,*,*
p.Met769Asp,*,*,*
p.Met769Cys,*,*,*
p.Met769Gln,*,*,*
p.Met769Glu,*,*,*
p.Met769Gly,*,*,*
p.Met769His,*,*,*
p.Met769Ile,*,*,*
p.Met769Leu,*,*,*
p.Met769Lys,*,*,*
p.Met769Phe,*,*,*
p.Met769Pro,*,*,*
p.Met769Ser,*,*,*
p.Met769Ter,*,*,*
p.Met769Thr,*,*,*
p.Met769Trp,*,*,*
p.Met769Tyr,*,*,*
p.Met769Val,*,*,*
p.Met796Ala,*,*,*
p.Met796Arg,*,*,*
p.Met796Asn,*,*,*
p.Met796Asp,*,*,*
p.Met796Cys,*,*,*
p.Met796Gln,*,*,*
p.Met796Glu,*,*,*
p.Met796Gly,*,*,*
p.Met796His,*,*,*
p.Met796Ile,*,*,*
p.Met796Leu,*,*,*
p.Met796Lys,*,*,*
p.Met796Phe,*,*,*
p.Met796Pro,*,*,*
p.Met796Ser,*,*,*
p.Met796Ter,*,*,*
p.Met796Thr,*,*,*
p.Met796Trp,*,*,*
p.Met796Tyr,*,*,*
p.Met796Val,*,*,*
p.Met822Ala,*,*,*
p.Met822Arg,*,*,*
p.Met822Asn,*,*,*
p.Met822Asp,*,*,*
p.Met822Cys,*,*,*
p.Met822Gln,*,*,*
p.Met822Glu,*,*,*
p.Met822Gly,*,*,*
p.Met822His,*,*,*
p.Met822Ile,*,*,*
p.Met822Leu,*,*,*
p.Met822Lys,*,*,*
p.Met822Phe,*,*,*
p.Met822Pro,*,*,*
p.Met822Ser,*,*,*
p.Met822Ter,*,*,*
p.Met822Thr,*,*,*
p.Met822Trp,*,*,*
p.Met822Tyr,*,*,*
p.Met822Val,*,*,*
p.Met851Ala,*,*,*
p.Met851Arg,*,*,*
p.Met851Asn,*,*,*
p.Met851Asp,*,*,*
p.Met851Cys,*,*,*
p.Met851Gln,*,*,*
p.Met851Glu,*,*,*
p.Met851Gly,*,*,*
p.Met851His,*,*,*
p.Met851Ile,*,*,*
p.Met851Leu,*,*,*
p.Met851Lys,*,*,*
p.Met851Phe,*,*,*
p.Met851Pro,*,*,*
p.Met851Ser,*,*,*
p.Met851Ter,*,*,*
p.Met851Thr,*,*,*
p.Met851Trp,*,*,*
p.Met851Tyr,*,*,*
p.Met851Val,*,*,*
p.Met862Ala,*,*,*
p.Met862Arg,*,*,*
p.Met862Asn,*,*,*
p.Met862Asp,*,*,*
p.Met862Cys,*,*,*
p.Met862Gln,*,*,*
p.Met862Glu,*,*,*
p.Met862Gly,*,*,*
p.Met862His,*,*,*
p.Met862Ile,*,*,*
p.Met862Leu,*,*,*
p.Met862Lys,*,*,*
p.Met862Phe,*,*,*
p.Met862Pro,*,*,*
p.Met862Ser,*,*,*
p.Met862Ter,*,*,*
p.Met862Thr,*,*,*
p.Met862Trp,*,*,*
p.Met862Tyr,*,*,*
p.Met862Val,*,*,*
p.Met908Ala,*,*,*
p.Met908Arg,*,*,*
p.Met908Asn,*,*,*
p.Met908Asp,*,*,*
p.Met908Cys,*,*,*
p.Met908Gln,*,*,*
p.Met908Glu,*,*,*
p.Met908Gly,*,*,*
p.Met908His,*,*,*
p.Met908Ile,*,*,*
p.Met908Leu,*,*,*
p.Met908Lys,*,*,*
p.Met908Phe,*,*,*
p.Met908Pro,*,*,*
p.Met908Ser,*,*,*
p.Met908Ter,*,*,*
p.Met908Thr,*,*,*
p.Met908Trp,*,*,*
p.Met908Tyr,*,*,*
p.Met908Val,*,*,*
p.Met931Ala,*,*,*
p.Met931Arg,*,*,*
p.Met931Asn,*,*,*
p.Met931Asp,*,*,*
p.Met931Cys,*,*,*
p.Met931Gln,*,*,*
p.Met931Glu,*,*,*
p.Met931Gly,*,*,*
p.Met931His,*,*,*
p.Met931Ile,*,*,*
p.Met931Leu,*,*,*
p.Met931Lys,*,*,*
p.Met931Phe,*,*,*
p.Met931Pro,*,*,*
p.Met931Ser,*,*,*
p.Met931Ter,*,*,*
p.Met931Thr,*,*,*
p.Met931Trp,*,*,*
p.Met931Tyr,*,*,*
p.Met931Val,*,*,*
p.Met996Ala,*,*,*
p.Met996Arg,*,*,*
p.Met996Asn,*,*,*
p.Met996Asp,*,*,*
p.Met996Cys,*,*,*
p.Met996Gln,*,*,*
p.Met996Glu,*,*,*
p.Met996Gly,*,*,*
p.Met996His,*,*,*
p.Met996Ile,*,*,*
p.Met996Leu,*,*,*
p.Met996Lys,*,*,*
p.Met996Phe,*,*,*
p.Met996Pro,*,*,*
p.Met996Ser,*,*,*
p.Met996Ter,*,*,*
p.Met996Thr,*,*,*
p.Met996Trp,*,*,*
p.Met996Tyr,*,*,*
p.Met996Val,*,*,*
p.Phe1026=,*,*,*
p.Phe1026Ala,*,*,*
p.Phe1026Arg,*,*,*
p.Phe1026Asn,*,*,*
p.Phe1026Asp,*,*,*
p.Phe1026Cys,*,*,*
p.Phe1026Gln,*,*,*
p.Phe1026Glu,*,*,*
p.Phe1026Gly,*,*,*
p.Phe1026His,*,*,*
p.Phe1026Ile,*,*,*
p.Phe1026Leu,*,*,*
p.Phe1026Lys,*,*,*
p.Phe1026Met,*,*,*
p.Phe1026Pro,*,*,*
p.Phe1026Ser,*,*,*
p.Phe1026Ter,*,*,*
p.Phe1026Thr,*,*,*
p.Phe1026Trp,*,*,*
p.Phe1026Tyr,*,*,*
p.Phe1026Val,*,*,*
p.Phe1094=,*,*,*
p.Phe1094Ala,*,*,*
p.Phe1094Arg,*,*,*
p.Phe1094Asn,*,*,*
p.Phe1094Asp,*,*,*
p.Phe1094Cys,*,*,*
p.Phe1094Gln,*,*,*
p.Phe1094Glu,*,*,*
p.Phe1094Gly,*,*,*
p.Phe1094His,*,*,*
p.Phe1094Ile,*,*,*
p.Phe1094Leu,*,*,*
p.Phe1094Lys,*,*,*
p.Phe1094Met,*,*,*
p.Phe1094Pro,*,*,*
p.Phe1094Ser,*,*,*
p.Phe1094Ter,*,*,*
p.Phe1094Thr,*,*,*
p.Phe1094Trp,*,*,*
p.Phe1094Tyr,*,*,*
p.Phe1094Val,*,*,*
p.Phe1144=,*,*,*
p.Phe1144Ala,*,*,*
p.Phe1144Arg,*,*,*
p.Phe1144Asn,*,*,*
p.Phe1144Asp,*,*,*
p.Phe1144Cys,*,*,*
p.Phe1144Gln,*,*,*
p.Phe1144Glu,*,*,*
p.Phe1144Gly,*,*,*
p.Phe1144His,*,*,*
p.Phe1144Ile,*,*,*
p.Phe1144Leu,*,*,*
p.Phe1144Lys,*,*,*
p.Phe1144Met,*,*,*
p.Phe1144Pro,*,*,*
p.Phe1144Ser,*,*,*
p.Phe1144Ter,*,*,*
p.Phe1144Thr,*,*,*
p.Phe1144Trp,*,*,*
p.Phe1144Tyr,*,*,*
p.Phe1144Val,*,*,*
p.Phe1240=,*,*,*
p.Phe1240Ala,*,*,*
p.Phe1240Arg,*,*,*
p.Phe1240Asn,*,*,*
p.Phe1240Asp,*,*,*
p.Phe1240Cys,*,*,*
p.Phe1240Gln,*,*,*
p.Phe1240Glu,*,*,*
p.Phe1240Gly,*,*,*
p.Phe1240His,*,*,*
p.Phe1240Ile,*,*,*
p.Phe1240Leu,*,*,*
p.Phe1240Lys,*,*,*
p.Phe1240Met,*,*,*
p.Phe1240Pro,*,*,*
p.Phe1240Ser,*,*,*
p.Phe1240Ter,*,*,*
p.Phe1240Thr,*,*,*
p.Phe1240Trp,*,*,*
p.Phe1240Tyr,*,*,*
p.Phe1240Val,*,*,*
p.Phe1343=,*,*,*
p.Phe1343Ala,*,*,*
p.Phe1343Arg,*,*,*
p.Phe1343Asn,*,*,*
p.Phe1343Asp,*,*,*
p.Phe1343Cys,*,*,*
p.Phe1343Gln,*,*,*
p.Phe1343Glu,*,*,*
p.Phe1343Gly,*,*,*
p.Phe1343His,*,*,*
p.Phe1343Ile,*,*,*
p.Phe1343Leu,*,*,*
p.Phe1343Lys,*,*,*
p.Phe1343Met,*,*,*
p.Phe1343Pro,*,*,*
p.Phe1343Ser,*,*,*
p.Phe1343Ter,*,*,*
p.Phe1343Thr,*,*,*
p.Phe1343Trp,*,*,*
p.Phe1343Tyr,*,*,*
p.Phe1343Val,*,*,*
p.Phe714=,*,*,*
p.Phe714Ala,*,*,*
p.Phe714Arg,*,*,*
p.Phe714Asn,*,*,*
p.Phe714Asp,*,*,*
p.Phe714Cys,*,*,*
p.Phe714Gln,*,*,*
p.Phe714Glu,*,*,*
p.Phe714Gly,*,*,*
p.Phe714His,*,*,*
p.Phe714Ile,*,*,*
p.Phe714Leu,*,*,*
p.Phe714Lys,*,*,*
p.Phe714Met,*,*,*
p.Phe714Pro,*,*,*
p.Phe714Ser,*,*,*
p.Phe714Ter,*,*,*
p.Phe714Thr,*,*,*
p.Phe714Trp,*,*,*
p.Phe714Tyr,*,*,*
p.Phe714Val,*,*,*
p.Phe763=,*,*,*
p.Phe763Ala,*,*,*
p.Phe763Arg,*,*,*
p.Phe763Asn,*,*,*
p.Phe763Asp,*,*,*
p.Phe763Cys,*,*,*
p.Phe763Gln,*,*,*
p.Phe763Glu,*,*,*
p.Phe763Gly,*,*,*
p.Phe763His,*,*,*
p.Phe763Ile,*,*,*
p.Phe763Leu,*,*,*
p.Phe763Lys,*,*,*
p.Phe763Met,*,*,*
p.Phe763Pro,*,*,*
p.Phe763Ser,*,*,*
p.Phe763Ter,*,*,*
p.Phe763Thr,*,*,*
p.Phe763Trp,*,*,*
p.Phe763Tyr,*,*,*
p.Phe763Val,*,*,*
p.Phe764=,*,*,*
p.Phe764Ala,*,*,*
p.Phe764Arg,*,*,*
p.Phe764Asn,*,*,*
p.Phe764Asp,*,*,*
p.Phe764Cys,*,*,*
p.Phe764Gln,*,*,*
p.Phe764Glu,*,*,*
p.Phe764Gly,*,*,*
p.Phe764His,*,*,*
p.Phe764Ile,*,*,*
p.Phe764Leu,*,*,*
p.Phe764Lys,*,*,*
p.Phe764Met,*,*,*
p.Phe764Pro,*,*,*
p.Phe764Ser,*,*,*
p.Phe764Ter,*,*,*
p.Phe764Thr,*,*,*
p.Phe764Trp,*,*,*
p.Phe764Tyr,*,*,*
p.Phe764Val,*,*,*
p.Phe771=,*,*,*
p.Phe771Ala,*,*,*
p.Phe771Arg,*,*,*
p.Phe771Asn,*,*,*
p.Phe771Asp,*,*,*
p.Phe771Cys,*,*,*
p.Phe771Gln,*,*,*
p.Phe771Glu,*,*,*
p.Phe771Gly,*,*,*
p.Phe771His,*,*,*
p.Phe771Ile,*,*,*
p.Phe771Leu,*,*,*
p.Phe771Lys,*,*,*
p.Phe771Met,*,*,*
p.Phe771Pro,*,*,*
p.Phe771Ser,*,*,*
p.Phe771Ter,*,*,*
p.Phe771Thr,*,*,*
p.Phe771Trp,*,*,*
p.Phe771Tyr,*,*,*
p.Phe771Val,*,*,*
p.Phe773=,*,*,*
p.Phe773Ala,*,*,*
p.Phe773Arg,*,*,*
p.Phe773Asn,*,*,*
p.Phe773Asp,*,*,*
p.Phe773Cys,*,*,*
p.Phe773Gln,*,*,*
p.Phe773Glu,*,*,*
p.Phe773Gly,*,*,*
p.Phe773His,*,*,*
p.Phe773Ile,*,*,*
p.Phe773Leu,*,*,*
p.Phe773Met,*,*,*
p.Phe773Pro,*,*,*
p.Phe773Ser,*,*,*
p.Phe773Ter,*,*,*
p.Phe773Thr,*,*,*
p.Phe773Trp,*,*,*
p.Phe773Tyr,*,*,*
p.Phe773Val,*,*,*
p.Phe839=,*,*,*
p.Phe839Ala,*,*,*
p.Phe839Arg,*,*,*
p.Phe839Asn,*,*,*
p.Phe839Asp,*,*,*
p.Phe839Cys,*,*,*
p.Phe839Gln,*,*,*
p.Phe839Glu,*,*,*
p.Phe839Gly,*,*,*
p.Phe839His,*,*,*
p.Phe839Ile,*,*,*
p.Phe839Leu,*,*,*
p.Phe839Lys,*,*,*
p.Phe839Met,*,*,*
p.Phe839Pro,*,*,*
p.Phe839Ser,*,*,*
p.Phe839Ter,*,*,*
p.Phe839Thr,*,*,*
p.Phe839Trp,*,*,*
p.Phe839Tyr,*,*,*
p.Phe839Val,*,*,*
p.Phe920=,*,*,*
p.Phe920Ala,*,*,*
p.Phe920Arg,*,*,*
p.Phe920Asn,*,*,*
p.Phe920Asp,*,*,*
p.Phe920Cys,*,*,*
p.Phe920Gln,*,*,*
p.Phe920Glu,*,*,*
p.Phe920Gly,*,*,*
p.Phe920His,*,*,*
p.Phe920Ile,*,*,*
p.Phe920Leu,*,*,*
p.Phe920Lys,*,*,*
p.Phe920Met,*,*,*
p.Phe920Pro,*,*,*
p.Phe920Ser,*,*,*
p.Phe920Ter,*,*,*
p.Phe920Thr,*,*,*
p.Phe920Trp,*,*,*
p.Phe920Tyr,*,*,*
p.Phe920Val,*,*,*
p.Phe924=,*,*,*
p.Phe924Ala,*,*,*
p.Phe924Arg,*,*,*
p.Phe924Asn,*,*,*
p.Phe924Asp,*,*,*
p.Phe924Cys,*,*,*
p.Phe924Gln,*,*,*
p.Phe924Glu,*,*,*
p.Phe924Gly,*,*,*
p.Phe924His,*,*,*
p.Phe924Ile,*,*,*
p.Phe924Leu,*,*,*
p.Phe924Lys,*,*,*
p.Phe924Met,*,*,*
p.Phe924Pro,*,*,*
p.Phe924Ser,*,*,*
p.Phe924Ter,*,*,*
p.Phe924Thr,*,*,*
p.Phe924Trp,*,*,*
p.Phe924Tyr,*,*,*
p.Phe924Val,*,*,*
p.Phe927=,*,*,*
p.Phe927Ala,*,*,*
p.Phe927Arg,*,*,*
p.Phe927Asn,*,*,*
p.Phe927Asp,*,*,*
p.Phe927Cys,*,*,*
p.Phe927Gln,*,*,*
p.Phe927Glu,*,*,*
p.Phe927Gly,*,*,*
p.Phe927His,*,*,*
p.Phe927Ile,*,*,*
p.Phe927Leu,*,*,*
p.Phe927Lys,*,*,*
p.Phe927Met,*,*,*
p.Phe927Pro,*,*,*
p.Phe927Ser,*,*,*
p.Phe927Ter,*,*,*
p.Phe927Thr,*,*,*
p.Phe927Trp,*,*,*
p.Phe927Tyr,*,*,*
p.Phe927Val,*,*,*
p.Phe944=,*,*,*
p.Phe944Ala,*,*,*
p.Phe944Arg,*,*,*
p.Phe944Asn,*,*,*
p.Phe944Asp,*,*,*
p.Phe944Cys,*,*,*
p.Phe944Gln,*,*,*
p.Phe944Glu,*,*,*
p.Phe944Gly,*,*,*
p.Phe944His,*,*,*
p.Phe944Ile,*,*,*
p.Phe944Leu,*,*,*
p.Phe944Lys,*,*,*
p.Phe944Met,*,*,*
p.Phe944Pro,*,*,*
p.Phe944Ser,*,*,*
p.Phe944Ter,*,*,*
p.Phe944Thr,*,*,*
p.Phe944Trp,*,*,*
p.Phe944Tyr,*,*,*
p.Phe944Val,*,*,*
p.Phe947=,*,*,*
p.Phe947Ala,*,*,*
p.Phe947Arg,*,*,*
p.Phe947Asn,*,*,*
p.Phe947Asp,*,*,*
p.Phe947Cys,*,*,*
p.Phe947Gln,*,*,*
p.Phe947Glu,*,*,*
p.Phe947Gly,*,*,*
p.Phe947His,*,*,*
p.Phe947Ile,*,*,*
p.Phe947Leu,*,*,*
p.Phe947Lys,*,*,*
p.Phe947Met,*,*,*
p.Phe947Pro,*,*,*
p.Phe947Ser,*,*,*
p.Phe947Ter,*,*,*
p.Phe947Thr,*,*,*
p.Phe947Trp,*,*,*
p.Phe947Tyr,*,*,*
p.Phe947Val,*,*,*
p.Phe954=,*,*,*
p.Phe954Ala,*,*,*
p.Phe954Arg,*,*,*
p.Phe954Asn,*,*,*
p.Phe954Asp,*,*,*
p.Phe954Cys,*,*,*
p.Phe954Gln,*,*,*
p.Phe954Glu,*,*,*
p.Phe954Gly,*,*,*
p.Phe954His,*,*,*
p.Phe954Ile,*,*,*
p.Phe954Leu,*,*,*
p.Phe954Lys,*,*,*
p.Phe954Met,*,*,*
p.Phe954Pro,*,*,*
p.Phe954Ser,*,*,*
p.Phe954Ter,*,*,*
p.Phe954Thr,*,*,*
p.Phe954Trp,*,*,*
p.Phe954Tyr,*,*,*
p.Phe954Val,*,*,*
p.Phe970=,*,*,*
p.Phe970Ala,*,*,*
p.Phe970Arg,*,*,*
p.Phe970Asn,*,*,*
p.Phe970Asp,*,*,*
p.Phe970Cys,*,*,*
p.Phe970Gln,*,*,*
p.Phe970Glu,*,*,*
p.Phe970Gly,*,*,*
p.Phe970His,*,*,*
p.Phe970Ile,*,*,*
p.Phe970Leu,*,*,*
p.Phe970Lys,*,*,*
p.Phe970Met,*,*,*
p.Phe970Pro,*,*,*
p.Phe970Ser,*,*,*
p.Phe970Ter,*,*,*
p.Phe970Thr,*,*,*
p.Phe970Trp,*,*,*
p.Phe970Tyr,*,*,*
p.Phe970Val,*,*,*
p.Phe972=,*,*,*
p.Phe972Ala,*,*,*
p.Phe972Arg,*,*,*
p.Phe972Asn,*,*,*
p.Phe972Asp,*,*,*
p.Phe972Cys,*,*,*
p.Phe972Gln,*,*,*
p.Phe972Glu,*,*,*
p.Phe972Gly,*,*,*
p.Phe972His,*,*,*
p.Phe972Ile,*,*,*
p.Phe972Leu,*,*,*
p.Phe972Lys,*,*,*
p.Phe972Met,*,*,*
p.Phe972Pro,*,*,*
p.Phe972Ser,*,*,*
p.Phe972Ter,*,*,*
p.Phe972Thr,*,*,*
p.Phe972Trp,*,*,*
p.Phe972Tyr,*,*,*
p.Phe972Val,*,*,*
p.Pro1014=,*,*,*
p.Pro1014Ala,*,*,*
p.Pro1014Arg,*,*,*
p.Pro1014Asn,*,*,*
p.Pro1014Asp,*,*,*
p.Pro1014Cys,*,*,*
p.Pro1014Gln,*,*,*
p.Pro1014Glu,*,*,*
p.Pro1014Gly,*,*,*
p.Pro1014His,*,*,*
p.Pro1014Ile,*,*,*
p.Pro1014Leu,*,*,*
p.Pro1014Lys,*,*,*
p.Pro1014Met,*,*,*
p.Pro1014Phe,*,*,*
p.Pro1014Ser,*,*,*
p.Pro1014Ter,*,*,*
p.Pro1014Thr,*,*,*
p.Pro1014Trp,*,*,*
p.Pro1014Tyr,*,*,*
p.Pro1014Val,*,*,*
p.Pro1037=,*,*,*
p.Pro1037Ala,*,*,*
p.Pro1037Arg,*,*,*
p.Pro1037Asn,*,*,*
p.Pro1037Asp,*,*,*
p.Pro1037Cys,*,*,*
p.Pro1037Gln,*,*,*
p.Pro1037Glu,*,*,*
p.Pro1037Gly,*,*,*
p.Pro1037His,*,*,*
p.Pro1037Ile,*,*,*
p.Pro1037Leu,*,*,*
p.Pro1037Lys,*,*,*
p.Pro1037Met,*,*,*
p.Pro1037Phe,*,*,*
p.Pro1037Ser,*,*,*
p.Pro1037Ter,*,*,*
p.Pro1037Thr,*,*,*
p.Pro1037Trp,*,*,*
p.Pro1037Tyr,*,*,*
p.Pro1037Val,*,*,*
p.Pro1052=,*,*,*
p.Pro1052Ala,*,*,*
p.Pro1052Arg,*,*,*
p.Pro1052Asn,*,*,*
p.Pro1052Asp,*,*,*
p.Pro1052Cys,*,*,*
p.Pro1052Gln,*,*,*
p.Pro1052Glu,*,*,*
p.Pro1052Gly,*,*,*
p.Pro1052His,*,*,*
p.Pro1052Ile,*,*,*
p.Pro1052Leu,*,*,*
p.Pro1052Lys,*,*,*
p.Pro1052Met,*,*,*
p.Pro1052Phe,*,*,*
p.Pro1052Ser,*,*,*
p.Pro1052Ter,*,*,*
p.Pro1052Thr,*,*,*
p.Pro1052Trp,*,*,*
p.Pro1052Tyr,*,*,*
p.Pro1052Val,*,*,*
p.Pro1070=,*,*,*
p.Pro1070Ala,*,*,*
p.Pro1070Arg,*,*,*
p.Pro1070Asn,*,*,*
p.Pro1070Asp,*,*,*
p.Pro1070Cys,*,*,*
p.Pro1070Gln,*,*,*
p.Pro1070Glu,*,*,*
p.Pro1070Gly,*,*,*
p.Pro1070His,*,*,*
p.Pro1070Ile,*,*,*
p.Pro1070Leu,*,*,*
p.Pro1070Lys,*,*,*
p.Pro1070Met,*,*,*
p.Pro1070Phe,*,*,*
p.Pro1070Ser,*,*,*
p.Pro1070Ter,*,*,*
p.Pro1070Thr,*,*,*
p.Pro1070Trp,*,*,*
p.Pro1070Tyr,*,*,*
p.Pro1070Val,*,*,*
p.Pro1098=,*,*,*
p.Pro1098Ala,*,*,*
p.Pro1098Arg,*,*,*
p.Pro1098Asn,*,*,*
p.Pro1098Asp,*,*,*
p.Pro1098Cys,*,*,*
p.Pro1098Gln,*,*,*
p.Pro1098Glu,*,*,*
p.Pro1098Gly,*,*,*
p.Pro1098His,*,*,*
p.Pro1098Ile,*,*,*
p.Pro1098Leu,*,*,*
p.Pro1098Lys,*,*,*
p.Pro1098Met,*,*,*
p.Pro1098Phe,*,*,*
p.Pro1098Ser,*,*,*
p.Pro1098Ter,*,*,*
p.Pro1098Thr,*,*,*
p.Pro1098Trp,*,*,*
p.Pro1098Tyr,*,*,*
p.Pro1098Val,*,*,*
p.Pro1119=,*,*,*
p.Pro1119Ala,*,*,*
p.Pro1119Arg,*,*,*
p.Pro1119Asn,*,*,*
p.Pro1119Asp,*,*,*
p.Pro1119Cys,*,*,*
p.Pro1119Gln,*,*,*
p.Pro1119Glu,*,*,*
p.Pro1119Gly,*,*,*
p.Pro1119His,*,*,*
p.Pro1119Ile,*,*,*
p.Pro1119Leu,*,*,*
p.Pro1119Lys,*,*,*
p.Pro1119Met,*,*,*
p.Pro1119Phe,*,*,*
p.Pro1119Ser,*,*,*
p.Pro1119Ter,*,*,*
p.Pro1119Thr,*,*,*
p.Pro1119Trp,*,*,*
p.Pro1119Tyr,*,*,*
p.Pro1119Val,*,*,*
p.Pro1123=,*,*,*
p.Pro1123Ala,*,*,*
p.Pro1123Arg,*,*,*
p.Pro1123Asn,*,*,*
p.Pro1123Asp,*,*,*
p.Pro1123Cys,*,*,*
p.Pro1123Gln,*,*,*
p.Pro1123Glu,*,*,*
p.Pro1123Gly,*,*,*
p.Pro1123His,*,*,*
p.Pro1123Ile,*,*,*
p.Pro1123Leu,*,*,*
p.Pro1123Lys,*,*,*
p.Pro1123Met,*,*,*
p.Pro1123Phe,*,*,*
p.Pro1123Ser,*,*,*
p.Pro1123Ter,*,*,*
p.Pro1123Thr,*,*,*
p.Pro1123Trp,*,*,*
p.Pro1123Tyr,*,*,*
p.Pro1123Val,*,*,*
p.Pro1134=,*,*,*
p.Pro1134Ala,*,*,*
p.Pro1134Arg,*,*,*
p.Pro1134Asn,*,*,*
p.Pro1134Asp,*,*,*
p.Pro1134Cys,*,*,*
p.Pro1134Gln,*,*,*
p.Pro1134Glu,*,*,*
p.Pro1134Gly,*,*,*
p.Pro1134His,*,*,*
p.Pro1134Ile,*,*,*
p.Pro1134Leu,*,*,*
p.Pro1134Lys,*,*,*
p.Pro1134Met,*,*,*
p.Pro1134Phe,*,*,*
p.Pro1134Ser,*,*,*
p.Pro1134Ter,*,*,*
p.Pro1134Thr,*,*,*
p.Pro1134Trp,*,*,*
p.Pro1134Tyr,*,*,*
p.Pro1134Val,*,*,*
p.Pro1141=,*,*,*
p.Pro1141Ala,*,*,*
p.Pro1141Arg,*,*,*
p.Pro1141Asn,*,*,*
p.Pro1141Asp,*,*,*
p.Pro1141Cys,*,*,*
p.Pro1141Gln,*,*,*
p.Pro1141Glu,*,*,*
p.Pro1141Gly,*,*,*
p.Pro1141His,*,*,*
p.Pro1141Ile,*,*,*
p.Pro1141Leu,*,*,*
p.Pro1141Lys,*,*,*
p.Pro1141Met,*,*,*
p.Pro1141Phe,*,*,*
p.Pro1141Ser,*,*,*
p.Pro1141Ter,*,*,*
p.Pro1141Thr,*,*,*
p.Pro1141Trp,*,*,*
p.Pro1141Tyr,*,*,*
p.Pro1141Val,*,*,*
p.Pro1245=,*,*,*
p.Pro1245Ala,*,*,*
p.Pro1245Arg,*,*,*
p.Pro1245Asn,*,*,*
p.Pro1245Asp,*,*,*
p.Pro1245Cys,*,*,*
p.Pro1245Gln,*,*,*
p.Pro1245Glu,*,*,*
p.Pro1245Gly,*,*,*
p.Pro1245His,*,*,*
p.Pro1245Ile,*,*,*
p.Pro1245Leu,*,*,*
p.Pro1245Lys,*,*,*
p.Pro1245Met,*,*,*
p.Pro1245Phe,*,*,*
p.Pro1245Ser,*,*,*
p.Pro1245Ter,*,*,*
p.Pro1245Thr,*,*,*
p.Pro1245Trp,*,*,*
p.Pro1245Tyr,*,*,*
p.Pro1245Val,*,*,*
p.Pro1273=,*,*,*
p.Pro1273Ala,*,*,*
p.Pro1273Arg,*,*,*
p.Pro1273Asn,*,*,*
p.Pro1273Asp,*,*,*
p.Pro1273Cys,*,*,*
p.Pro1273Gln,*,*,*
p.Pro1273Glu,*,*,*
p.Pro1273Gly,*,*,*
p.Pro1273His,*,*,*
p.Pro1273Ile,*,*,*
p.Pro1273Leu,*,*,*
p.Pro1273Lys,*,*,*
p.Pro1273Met,*,*,*
p.Pro1273Phe,*,*,*
p.Pro1273Ser,*,*,*
p.Pro1273Ter,*,*,*
p.Pro1273Thr,*,*,*
p.Pro1273Trp,*,*,*
p.Pro1273Tyr,*,*,*
p.Pro1273Val,*,*,*
p.Pro1337=,*,*,*
p.Pro1337Ala,*,*,*
p.Pro1337Arg,*,*,*
p.Pro1337Asn,*,*,*
p.Pro1337Asp,*,*,*
p.Pro1337Cys,*,*,*
p.Pro1337Gln,*,*,*
p.Pro1337Glu,*,*,*
p.Pro1337Gly,*,*,*
p.Pro1337His,*,*,*
p.Pro1337Ile,*,*,*
p.Pro1337Leu,*,*,*
p.Pro1337Lys,*,*,*
p.Pro1337Met,*,*,*
p.Pro1337Phe,*,*,*
p.Pro1337Ser,*,*,*
p.Pro1337Ter,*,*,*
p.Pro1337Thr,*,*,*
p.Pro1337Trp,*,*,*
p.Pro1337Tyr,*,*,*
p.Pro1337Val,*,*,*
p.Pro1345=,*,*,*
p.Pro1345Ala,*,*,*
p.Pro1345Arg,*,*,*
p.Pro1345Asn,*,*,*
p.Pro1345Asp,*,*,*
p.Pro1345Cys,*,*,*
p.Pro1345Gln,*,*,*
p.Pro1345Glu,*,*,*
p.Pro1345Gly,*,*,*
p.Pro1345His,*,*,*
p.Pro1345Ile,*,*,*
p.Pro1345Leu,*,*,*
p.Pro1345Lys,*,*,*
p.Pro1345Met,*,*,*
p.Pro1345Phe,*,*,*
p.Pro1345Ser,*,*,*
p.Pro1345Ter,*,*,*
p.Pro1345Thr,*,*,*
p.Pro1345Trp,*,*,*
p.Pro1345Tyr,*,*,*
p.Pro1345Val,*,*,*
p.Pro1352=,*,*,*
p.Pro1352Ala,*,*,*
p.Pro1352Arg,*,*,*
p.Pro1352Asn,*,*,*
p.Pro1352Asp,*,*,*
p.Pro1352Cys,*,*,*
p.Pro1352Gln,*,*,*
p.Pro1352Glu,*,*,*
p.Pro1352Gly,*,*,*
p.Pro1352His,*,*,*
p.Pro1352Ile,*,*,*
p.Pro1352Leu,*,*,*
p.Pro1352Lys,*,*,*
p.Pro1352Met,*,*,*
p.Pro1352Phe,*,*,*
p.Pro1352Ser,*,*,*
p.Pro1352Ter,*,*,*
p.Pro1352Thr,*,*,*
p.Pro1352Trp,*,*,*
p.Pro1352Tyr,*,*,*
p.Pro1352Val,*,*,*
p.Pro1379=,*,*,*
p.Pro1379Ala,*,*,*
p.Pro1379Arg,*,*,*
p.Pro1379Asn,*,*,*
p.Pro1379Asp,*,*,*
p.Pro1379Cys,*,*,*
p.Pro1379Gln,*,*,*
p.Pro1379Glu,*,*,*
p.Pro1379Gly,*,*,*
p.Pro1379His,*,*,*
p.Pro1379Ile,*,*,*
p.Pro1379Leu,*,*,*
p.Pro1379Lys,*,*,*
p.Pro1379Met,*,*,*
p.Pro1379Phe,*,*,*
p.Pro1379Ser,*,*,*
p.Pro1379Ter,*,*,*
p.Pro1379Thr,*,*,*
p.Pro1379Trp,*,*,*
p.Pro1379Tyr,*,*,*
p.Pro1379Val,*,*,*
p.Pro1394=,*,*,*
p.Pro1394Ala,*,*,*
p.Pro1394Arg,*,*,*
p.Pro1394Asn,*,*,*
p.Pro1394Asp,*,*,*
p.Pro1394Cys,*,*,*
p.Pro1394Gln,*,*,*
p.Pro1394Glu,*,*,*
p.Pro1394Gly,*,*,*
p.Pro1394His,*,*,*
p.Pro1394Ile,*,*,*
p.Pro1394Leu,*,*,*
p.Pro1394Lys,*,*,*
p.Pro1394Met,*,*,*
p.Pro1394Phe,*,*,*
p.Pro1394Ser,*,*,*
p.Pro1394Ter,*,*,*
p.Pro1394Thr,*,*,*
p.Pro1394Trp,*,*,*
p.Pro1394Tyr,*,*,*
p.Pro1394Val,*,*,*
p.Pro1414=,*,*,*
p.Pro1414Ala,*,*,*
p.Pro1414Arg,*,*,*
p.Pro1414Asn,*,*,*
p.Pro1414Asp,*,*,*
p.Pro1414Cys,*,*,*
p.Pro1414Gln,*,*,*
p.Pro1414Glu,*,*,*
p.Pro1414Gly,*,*,*
p.Pro1414His,*,*,*
p.Pro1414Ile,*,*,*
p.Pro1414Leu,*,*,*
p.Pro1414Lys,*,*,*
p.Pro1414Met,*,*,*
p.Pro1414Phe,*,*,*
p.Pro1414Ser,*,*,*
p.Pro1414Ter,*,*,*
p.Pro1414Thr,*,*,*
p.Pro1414Trp,*,*,*
p.Pro1414Tyr,*,*,*
p.Pro1414Val,*,*,*
p.Pro1418=,*,*,*
p.Pro1418Ala,*,*,*
p.Pro1418Arg,*,*,*
p.Pro1418Asn,*,*,*
p.Pro1418Asp,*,*,*
p.Pro1418Cys,*,*,*
p.Pro1418Gln,*,*,*
p.Pro1418Glu,*,*,*
p.Pro1418Gly,*,*,*
p.Pro1418His,*,*,*
p.Pro1418Ile,*,*,*
p.Pro1418Leu,*,*,*
p.Pro1418Lys,*,*,*
p.Pro1418Met,*,*,*
p.Pro1418Phe,*,*,*
p.Pro1418Ser,*,*,*
p.Pro1418Ter,*,*,*
p.Pro1418Thr,*,*,*
p.Pro1418Trp,*,*,*
p.Pro1418Tyr,*,*,*
p.Pro1418Val,*,*,*
p.Pro1438=,*,*,*
p.Pro1438Ala,*,*,*
p.Pro1438Arg,*,*,*
p.Pro1438Asn,*,*,*
p.Pro1438Asp,*,*,*
p.Pro1438Cys,*,*,*
p.Pro1438Gln,*,*,*
p.Pro1438Glu,*,*,*
p.Pro1438Gly,*,*,*
p.Pro1438His,*,*,*
p.Pro1438Ile,*,*,*
p.Pro1438Leu,*,*,*
p.Pro1438Lys,*,*,*
p.Pro1438Met,*,*,*
p.Pro1438Phe,*,*,*
p.Pro1438Ser,*,*,*
p.Pro1438Ter,*,*,*
p.Pro1438Thr,*,*,*
p.Pro1438Trp,*,*,*
p.Pro1438Tyr,*,*,*
p.Pro1438Val,*,*,*
p.Pro760=,*,*,*
p.Pro760Ala,*,*,*
p.Pro760Arg,*,*,*
p.Pro760Asn,*,*,*
p.Pro760Asp,*,*,*
p.Pro760Cys,*,*,*
p.Pro760Gln,*,*,*
p.Pro760Glu,*,*,*
p.Pro760Gly,*,*,*
p.Pro760His,*,*,*
p.Pro760Ile,*,*,*
p.Pro760Leu,*,*,*
p.Pro760Lys,*,*,*
p.Pro760Met,*,*,*
p.Pro760Phe,*,*,*
p.Pro760Ser,*,*,*
p.Pro760Ter,*,*,*
p.Pro760Thr,*,*,*
p.Pro760Trp,*,*,*
p.Pro760Tyr,*,*,*
p.Pro760Val,*,*,*
p.Pro767=,*,*,*
p.Pro767Ala,*,*,*
p.Pro767Arg,*,*,*
p.Pro767Asn,*,*,*
p.Pro767Asp,*,*,*
p.Pro767Cys,*,*,*
p.Pro767Gln,*,*,*
p.Pro767Glu,*,*,*
p.Pro767Gly,*,*,*
p.Pro767His,*,*,*
p.Pro767Ile,*,*,*
p.Pro767Leu,*,*,*
p.Pro767Lys,*,*,*
p.Pro767Met,*,*,*
p.Pro767Phe,*,*,*
p.Pro767Ser,*,*,*
p.Pro767Ter,*,*,*
p.Pro767Thr,*,*,*
p.Pro767Trp,*,*,*
p.Pro767Tyr,*,*,*
p.Pro767Val,*,*,*
p.Pro768=,*,*,*
p.Pro768Ala,*,*,*
p.Pro768Arg,*,*,*
p.Pro768Asn,*,*,*
p.Pro768Asp,*,*,*
p.Pro768Cys,*,*,*
p.Pro768Gln,*,*,*
p.Pro768Glu,*,*,*
p.Pro768Gly,*,*,*
p.Pro768His,*,*,*
p.Pro768Ile,*,*,*
p.Pro768Leu,*,*,*
p.Pro768Lys,*,*,*
p.Pro768Met,*,*,*
p.Pro768Phe,*,*,*
p.Pro768Ser,*,*,*
p.Pro768Ter,*,*,*
p.Pro768Thr,*,*,*
p.Pro768Trp,*,*,*
p.Pro768Tyr,*,*,*
p.Pro768Val,*,*,*
p.Pro821=,*,*,*
p.Pro821Ala,*,*,*
p.Pro821Arg,*,*,*
p.Pro821Asn,*,*,*
p.Pro821Asp,*,*,*
p.Pro821Cys,*,*,*
p.Pro821Gln,*,*,*
p.Pro821Glu,*,*,*
p.Pro821Gly,*,*,*
p.Pro821His,*,*,*
p.Pro821Ile,*,*,*
p.Pro821Leu,*,*,*
p.Pro821Lys,*,*,*
p.Pro821Met,*,*,*
p.Pro821Phe,*,*,*
p.Pro821Ser,*,*,*
p.Pro821Ter,*,*,*
p.Pro821Thr,*,*,*
p.Pro821Trp,*,*,*
p.Pro821Tyr,*,*,*
p.Pro821Val,*,*,*
p.Pro835=,*,*,*
p.Pro835Ala,*,*,*
p.Pro835Arg,*,*,*
p.Pro835Asn,*,*,*
p.Pro835Asp,*,*,*
p.Pro835Cys,*,*,*
p.Pro835Gln,*,*,*
p.Pro835Glu,*,*,*
p.Pro835Gly,*,*,*
p.Pro835His,*,*,*
p.Pro835Ile,*,*,*
p.Pro835Leu,*,*,*
p.Pro835Lys,*,*,*
p.Pro835Met,*,*,*
p.Pro835Phe,*,*,*
p.Pro835Ser,*,*,*
p.Pro835Ter,*,*,*
p.Pro835Thr,*,*,*
p.Pro835Trp,*,*,*
p.Pro835Tyr,*,*,*
p.Pro835Val,*,*,*
p.Pro840=,*,*,*
p.Pro840Ala,*,*,*
p.Pro840Arg,*,*,*
p.Pro840Asn,*,*,*
p.Pro840Asp,*,*,*
p.Pro840Cys,*,*,*
p.Pro840Gln,*,*,*
p.Pro840Glu,*,*,*
p.Pro840Gly,*,*,*
p.Pro840His,*,*,*
p.Pro840Ile,*,*,*
p.Pro840Leu,*,*,*
p.Pro840Lys,*,*,*
p.Pro840Met,*,*,*
p.Pro840Phe,*,*,*
p.Pro840Ser,*,*,*
p.Pro840Ter,*,*,*
p.Pro840Thr,*,*,*
p.Pro840Trp,*,*,*
p.Pro840Tyr,*,*,*
p.Pro840Val,*,*,*
p.Pro863=,*,*,*
p.Pro863Ala,*,*,*
p.Pro863Arg,*,*,*
p.Pro863Asn,*,*,*
p.Pro863Asp,*,*,*
p.Pro863Cys,*,*,*
p.Pro863Gln,*,*,*
p.Pro863Glu,*,*,*
p.Pro863Gly,*,*,*
p.Pro863His,*,*,*
p.Pro863Ile,*,*,*
p.Pro863Leu,*,*,*
p.Pro863Lys,*,*,*
p.Pro863Met,*,*,*
p.Pro863Phe,*,*,*
p.Pro863Ser,*,*,*
p.Pro863Ter,*,*,*
p.Pro863Thr,*,*,*
p.Pro863Trp,*,*,*
p.Pro863Tyr,*,*,*
p.Pro863Val,*,*,*
p.Pro868=,*,*,*
p.Pro868Ala,*,*,*
p.Pro868Arg,*,*,*
p.Pro868Asn,*,*,*
p.Pro868Asp,*,*,*
p.Pro868Cys,*,*,*
p.Pro868Gln,*,*,*
p.Pro868Glu,*,*,*
p.Pro868Gly,*,*,*
p.Pro868His,*,*,*
p.Pro868Ile,*,*,*
p.Pro868Leu,*,*,*
p.Pro868Lys,*,*,*
p.Pro868Met,*,*,*
p.Pro868Phe,*,*,*
p.Pro868Ser,*,*,*
p.Pro868Ter,*,*,*
p.Pro868Thr,*,*,*
p.Pro868Trp,*,*,*
p.Pro868Tyr,*,*,*
p.Pro868Val,*,*,*
p.Pro912=,*,*,*
p.Pro912Ala,*,*,*
p.Pro912Arg,*,*,*
p.Pro912Asn,*,*,*
p.Pro912Asp,*,*,*
p.Pro912Cys,*,*,*
p.Pro912Gln,*,*,*
p.Pro912Glu,*,*,*
p.Pro912Gly,*,*,*
p.Pro912His,*,*,*
p.Pro912Ile,*,*,*
p.Pro912Leu,*,*,*
p.Pro912Lys,*,*,*
p.Pro912Met,*,*,*
p.Pro912Phe,*,*,*
p.Pro912Ser,*,*,*
p.Pro912Ter,*,*,*
p.Pro912Thr,*,*,*
p.Pro912Trp,*,*,*
p.Pro912Tyr,*,*,*
p.Pro912Val,*,*,*
p.Pro926=,*,*,*
p.Pro926Ala,*,*,*
p.Pro926Arg,*,*,*
p.Pro926Asn,*,*,*
p.Pro926Cys,*,*,*
p.Pro926Gln,*,*,*
p.Pro926Glu,*,*,*
p.Pro926Gly,*,*,*
p.Pro926His,*,*,*
p.Pro926Ile,*,*,*
p.Pro926Leu,*,*,*
p.Pro926Lys,*,*,*
p.Pro926Met,*,*,*
p.Pro926Phe,*,*,*
p.Pro926Ser,*,*,*
p.Pro926Ter,*,*,*
p.Pro926Thr,*,*,*
p.Pro926Trp,*,*,*
p.Pro926Tyr,*,*,*
p.Pro926Val,*,*,*
p.Pro955=,*,*,*
p.Pro955Ala,*,*,*
p.Pro955Arg,*,*,*
p.Pro955Asn,*,*,*
p.Pro955Asp,*,*,*
p.Pro955Cys,*,*,*
p.Pro955Gln,*,*,*
p.Pro955Glu,*,*,*
p.Pro955Gly,*,*,*
p.Pro955His,*,*,*
p.Pro955Ile,*,*,*
p.Pro955Leu,*,*,*
p.Pro955Lys,*,*,*
p.Pro955Met,*,*,*
p.Pro955Phe,*,*,*
p.Pro955Ser,*,*,*
p.Pro955Ter,*,*,*
p.Pro955Thr,*,*,*
p.Pro955Trp,*,*,*
p.Pro955Tyr,*,*,*
p.Pro955Val,*,*,*
p.Pro957=,*,*,*
p.Pro957Ala,*,*,*
p.Pro957Arg,*,*,*
p.Pro957Asn,*,*,*
p.Pro957Asp,*,*,*
p.Pro957Cys,*,*,*
p.Pro957Gln,*,*,*
p.Pro957Glu,*,*,*
p.Pro957Gly,*,*,*
p.Pro957His,*,*,*
p.Pro957Ile,*,*,*
p.Pro957Leu,*,*,*
p.Pro957Lys,*,*,*
p.Pro957Met,*,*,*
p.Pro957Phe,*,*,*
p.Pro957Ser,*,*,*
p.Pro957Ter,*,*,*
p.Pro957Thr,*,*,*
p.Pro957Trp,*,*,*
p.Pro957Tyr,*,*,*
p.Pro957Val,*,*,*
p.Pro984=,*,*,*
p.Pro984Ala,*,*,*
p.Pro984Arg,*,*,*
p.Pro984Asn,*,*,*
p.Pro984Asp,*,*,*
p.Pro984Cys,*,*,*
p.Pro984Gln,*,*,*
p.Pro984Glu,*,*,*
p.Pro984Gly,*,*,*
p.Pro984His,*,*,*
p.Pro984Ile,*,*,*
p.Pro984Leu,*,*,*
p.Pro984Lys,*,*,*
p.Pro984Met,*,*,*
p.Pro984Phe,*,*,*
p.Pro984Ser,*,*,*
p.Pro984Ter,*,*,*
p.Pro984Thr,*,*,*
p.Pro984Trp,*,*,*
p.Pro984Tyr,*,*,*
p.Pro984Val,*,*,*
p.Pro992=,*,*,*
p.Pro992Ala,*,*,*
p.Pro992Arg,*,*,*
p.Pro992Asn,*,*,*
p.Pro992Asp,*,*,*
p.Pro992Cys,*,*,*
p.Pro992Gln,*,*,*
p.Pro992Glu,*,*,*
p.Pro992Gly,*,*,*
p.Pro992His,*,*,*
p.Pro992Ile,*,*,*
p.Pro992Leu,*,*,*
p.Pro992Lys,*,*,*
p.Pro992Met,*,*,*
p.Pro992Phe,*,*,*
p.Pro992Ser,*,*,*
p.Pro992Ter,*,*,*
p.Pro992Thr,*,*,*
p.Pro992Trp,*,*,*
p.Pro992Tyr,*,*,*
p.Pro992Val,*,*,*
p.Ser1066=,*,*,*
p.Ser1066Ala,*,*,*
p.Ser1066Arg,*,*,*
p.Ser1066Asn,*,*,*
p.Ser1066Asp,*,*,*
p.Ser1066Cys,*,*,*
p.Ser1066Gln,*,*,*
p.Ser1066Glu,*,*,*
p.Ser1066Gly,*,*,*
p.Ser1066His,*,*,*
p.Ser1066Ile,*,*,*
p.Ser1066Leu,*,*,*
p.Ser1066Lys,*,*,*
p.Ser1066Met,*,*,*
p.Ser1066Phe,*,*,*
p.Ser1066Pro,*,*,*
p.Ser1066Ter,*,*,*
p.Ser1066Thr,*,*,*
p.Ser1066Trp,*,*,*
p.Ser1066Tyr,*,*,*
p.Ser1066Val,*,*,*
p.Ser1067=,*,*,*
p.Ser1067Ala,*,*,*
p.Ser1067Arg,*,*,*
p.Ser1067Asn,*,*,*
p.Ser1067Asp,*,*,*
p.Ser1067Cys,*,*,*
p.Ser1067Glu,*,*,*
p.Ser1067Gly,*,*,*
p.Ser1067His,*,*,*
p.Ser1067Ile,*,*,*
p.Ser1067Leu,*,*,*
p.Ser1067Lys,*,*,*
p.Ser1067Met,*,*,*
p.Ser1067Phe,*,*,*
p.Ser1067Pro,*,*,*
p.Ser1067Ter,*,*,*
p.Ser1067Thr,*,*,*
p.Ser1067Trp,*,*,*
p.Ser1067Tyr,*,*,*
p.Ser1067Val,*,*,*
p.Ser1107=,*,*,*
p.Ser1107Ala,*,*,*
p.Ser1107Arg,*,*,*
p.Ser1107Asn,*,*,*
p.Ser1107Asp,*,*,*
p.Ser1107Cys,*,*,*
p.Ser1107Gln,*,*,*
p.Ser1107Glu,*,*,*
p.Ser1107Gly,*,*,*
p.Ser1107His,*,*,*
p.Ser1107Ile,*,*,*
p.Ser1107Leu,*,*,*
p.Ser1107Lys,*,*,*
p.Ser1107Met,*,*,*
p.Ser1107Phe,*,*,*
p.Ser1107Pro,*,*,*
p.Ser1107Ter,*,*,*
p.Ser1107Thr,*,*,*
p.Ser1107Trp,*,*,*
p.Ser1107Tyr,*,*,*
p.Ser1107Val,*,*,*
p.Ser1116=,*,*,*
p.Ser1116Ala,*,*,*
p.Ser1116Arg,*,*,*
p.Ser1116Asn,*,*,*
p.Ser1116Asp,*,*,*
p.Ser1116Cys,*,*,*
p.Ser1116Gln,*,*,*
p.Ser1116Glu,*,*,*
p.Ser1116Gly,*,*,*
p.Ser1116His,*,*,*
p.Ser1116Ile,*,*,*
p.Ser1116Leu,*,*,*
p.Ser1116Lys,*,*,*
p.Ser1116Met,*,*,*
p.Ser1116Phe,*,*,*
p.Ser1116Pro,*,*,*
p.Ser1116Ter,*,*,*
p.Ser1116Thr,*,*,*
p.Ser1116Trp,*,*,*
p.Ser1116Tyr,*,*,*
p.Ser1116Val,*,*,*
p.Ser1121=,*,*,*
p.Ser1121Ala,*,*,*
p.Ser1121Arg,*,*,*
p.Ser1121Asn,*,*,*
p.Ser1121Asp,*,*,*
p.Ser1121Cys,*,*,*
p.Ser1121Gln,*,*,*
p.Ser1121Glu,*,*,*
p.Ser1121Gly,*,*,*
p.Ser1121His,*,*,*
p.Ser1121Ile,*,*,*
p.Ser1121Leu,*,*,*
p.Ser1121Lys,*,*,*
p.Ser1121Met,*,*,*
p.Ser1121Phe,*,*,*
p.Ser1121Pro,*,*,*
p.Ser1121Ter,*,*,*
p.Ser1121Thr,*,*,*
p.Ser1121Trp,*,*,*
p.Ser1121Tyr,*,*,*
p.Ser1121Val,*,*,*
p.Ser1125=,*,*,*
p.Ser1125Ala,*,*,*
p.Ser1125Arg,*,*,*
p.Ser1125Asn,*,*,*
p.Ser1125Asp,*,*,*
p.Ser1125Cys,*,*,*
p.Ser1125Gln,*,*,*
p.Ser1125Glu,*,*,*
p.Ser1125Gly,*,*,*
p.Ser1125His,*,*,*
p.Ser1125Ile,*,*,*
p.Ser1125Leu,*,*,*
p.Ser1125Lys,*,*,*
p.Ser1125Met,*,*,*
p.Ser1125Phe,*,*,*
p.Ser1125Pro,*,*,*
p.Ser1125Ter,*,*,*
p.Ser1125Thr,*,*,*
p.Ser1125Trp,*,*,*
p.Ser1125Tyr,*,*,*
p.Ser1125Val,*,*,*
p.Ser1132=,*,*,*
p.Ser1132Ala,*,*,*
p.Ser1132Arg,*,*,*
p.Ser1132Asn,*,*,*
p.Ser1132Asp,*,*,*
p.Ser1132Cys,*,*,*
p.Ser1132Gln,*,*,*
p.Ser1132Glu,*,*,*
p.Ser1132Gly,*,*,*
p.Ser1132His,*,*,*
p.Ser1132Ile,*,*,*
p.Ser1132Leu,*,*,*
p.Ser1132Lys,*,*,*
p.Ser1132Met,*,*,*
p.Ser1132Phe,*,*,*
p.Ser1132Pro,*,*,*
p.Ser1132Ter,*,*,*
p.Ser1132Thr,*,*,*
p.Ser1132Trp,*,*,*
p.Ser1132Tyr,*,*,*
p.Ser1132Val,*,*,*
p.Ser1145=,*,*,*
p.Ser1145Ala,*,*,*
p.Ser1145Arg,*,*,*
p.Ser1145Asn,*,*,*
p.Ser1145Asp,*,*,*
p.Ser1145Cys,*,*,*
p.Ser1145Gln,*,*,*
p.Ser1145Glu,*,*,*
p.Ser1145Gly,*,*,*
p.Ser1145His,*,*,*
p.Ser1145Ile,*,*,*
p.Ser1145Leu,*,*,*
p.Ser1145Lys,*,*,*
p.Ser1145Met,*,*,*
p.Ser1145Phe,*,*,*
p.Ser1145Pro,*,*,*
p.Ser1145Ter,*,*,*
p.Ser1145Thr,*,*,*
p.Ser1145Trp,*,*,*
p.Ser1145Tyr,*,*,*
p.Ser1145Val,*,*,*
p.Ser1162=,*,*,*
p.Ser1162Ala,*,*,*
p.Ser1162Arg,*,*,*
p.Ser1162Asn,*,*,*
p.Ser1162Asp,*,*,*
p.Ser1162Cys,*,*,*
p.Ser1162Gln,*,*,*
p.Ser1162Glu,*,*,*
p.Ser1162Gly,*,*,*
p.Ser1162His,*,*,*
p.Ser1162Ile,*,*,*
p.Ser1162Leu,*,*,*
p.Ser1162Lys,*,*,*
p.Ser1162Met,*,*,*
p.Ser1162Phe,*,*,*
p.Ser1162Pro,*,*,*
p.Ser1162Ter,*,*,*
p.Ser1162Thr,*,*,*
p.Ser1162Trp,*,*,*
p.Ser1162Tyr,*,*,*
p.Ser1162Val,*,*,*
p.Ser1163=,*,*,*
p.Ser1163Ala,*,*,*
p.Ser1163Arg,*,*,*
p.Ser1163Asn,*,*,*
p.Ser1163Asp,*,*,*
p.Ser1163Cys,*,*,*
p.Ser1163Gln,*,*,*
p.Ser1163Glu,*,*,*
p.Ser1163Gly,*,*,*
p.Ser1163His,*,*,*
p.Ser1163Ile,*,*,*
p.Ser1163Leu,*,*,*
p.Ser1163Lys,*,*,*
p.Ser1163Met,*,*,*
p.Ser1163Phe,*,*,*
p.Ser1163Pro,*,*,*
p.Ser1163Ter,*,*,*
p.Ser1163Thr,*,*,*
p.Ser1163Trp,*,*,*
p.Ser1163Tyr,*,*,*
p.Ser1163Val,*,*,*
p.Ser1166=,*,*,*
p.Ser1166Ala,*,*,*
p.Ser1166Arg,*,*,*
p.Ser1166Asn,*,*,*
p.Ser1166Asp,*,*,*
p.Ser1166Cys,*,*,*
p.Ser1166Gln,*,*,*
p.Ser1166Glu,*,*,*
p.Ser1166Gly,*,*,*
p.Ser1166His,*,*,*
p.Ser1166Ile,*,*,*
p.Ser1166Leu,*,*,*
p.Ser1166Lys,*,*,*
p.Ser1166Met,*,*,*
p.Ser1166Phe,*,*,*
p.Ser1166Pro,*,*,*
p.Ser1166Ter,*,*,*
p.Ser1166Thr,*,*,*
p.Ser1166Trp,*,*,*
p.Ser1166Tyr,*,*,*
p.Ser1166Val,*,*,*
p.Ser1211=,*,*,*
p.Ser1211Ala,*,*,*
p.Ser1211Arg,*,*,*
p.Ser1211Asn,*,*,*
p.Ser1211Asp,*,*,*
p.Ser1211Cys,*,*,*
p.Ser1211Glu,*,*,*
p.Ser1211Gly,*,*,*
p.Ser1211His,*,*,*
p.Ser1211Ile,*,*,*
p.Ser1211Leu,*,*,*
p.Ser1211Lys,*,*,*
p.Ser1211Met,*,*,*
p.Ser1211Phe,*,*,*
p.Ser1211Pro,*,*,*
p.Ser1211Ter,*,*,*
p.Ser1211Thr,*,*,*
p.Ser1211Trp,*,*,*
p.Ser1211Tyr,*,*,*
p.Ser1211Val,*,*,*
p.Ser1246=,*,*,*
p.Ser1246Ala,*,*,*
p.Ser1246Arg,*,*,*
p.Ser1246Asn,*,*,*
p.Ser1246Asp,*,*,*
p.Ser1246Cys,*,*,*
p.Ser1246Gln,*,*,*
p.Ser1246Glu,*,*,*
p.Ser1246Gly,*,*,*
p.Ser1246His,*,*,*
p.Ser1246Ile,*,*,*
p.Ser1246Leu,*,*,*
p.Ser1246Lys,*,*,*
p.Ser1246Met,*,*,*
p.Ser1246Phe,*,*,*
p.Ser1246Pro,*,*,*
p.Ser1246Ter,*,*,*
p.Ser1246Thr,*,*,*
p.Ser1246Trp,*,*,*
p.Ser1246Tyr,*,*,*
p.Ser1246Val,*,*,*
p.Ser1272=,*,*,*
p.Ser1272Ala,*,*,*
p.Ser1272Arg,*,*,*
p.Ser1272Asn,*,*,*
p.Ser1272Asp,*,*,*
p.Ser1272Cys,*,*,*
p.Ser1272Gln,*,*,*
p.Ser1272Glu,*,*,*
p.Ser1272Gly,*,*,*
p.Ser1272His,*,*,*
p.Ser1272Ile,*,*,*
p.Ser1272Leu,*,*,*
p.Ser1272Lys,*,*,*
p.Ser1272Met,*,*,*
p.Ser1272Phe,*,*,*
p.Ser1272Pro,*,*,*
p.Ser1272Ter,*,*,*
p.Ser1272Thr,*,*,*
p.Ser1272Trp,*,*,*
p.Ser1272Tyr,*,*,*
p.Ser1272Val,*,*,*
p.Ser1310=,*,*,*
p.Ser1310Ala,*,*,*
p.Ser1310Arg,*,*,*
p.Ser1310Asn,*,*,*
p.Ser1310Asp,*,*,*
p.Ser1310Cys,*,*,*
p.Ser1310Gln,*,*,*
p.Ser1310Glu,*,*,*
p.Ser1310Gly,*,*,*
p.Ser1310His,*,*,*
p.Ser1310Ile,*,*,*
p.Ser1310Leu,*,*,*
p.Ser1310Lys,*,*,*
p.Ser1310Met,*,*,*
p.Ser1310Phe,*,*,*
p.Ser1310Pro,*,*,*
p.Ser1310Ter,*,*,*
p.Ser1310Thr,*,*,*
p.Ser1310Trp,*,*,*
p.Ser1310Tyr,*,*,*
p.Ser1310Val,*,*,*
p.Ser1314=,*,*,*
p.Ser1314Ala,*,*,*
p.Ser1314Arg,*,*,*
p.Ser1314Asn,*,*,*
p.Ser1314Asp,*,*,*
p.Ser1314Cys,*,*,*
p.Ser1314Gln,*,*,*
p.Ser1314Glu,*,*,*
p.Ser1314Gly,*,*,*
p.Ser1314His,*,*,*
p.Ser1314Ile,*,*,*
p.Ser1314Leu,*,*,*
p.Ser1314Lys,*,*,*
p.Ser1314Met,*,*,*
p.Ser1314Phe,*,*,*
p.Ser1314Pro,*,*,*
p.Ser1314Ter,*,*,*
p.Ser1314Thr,*,*,*
p.Ser1314Trp,*,*,*
p.Ser1314Tyr,*,*,*
p.Ser1314Val,*,*,*
p.Ser1356=,*,*,*
p.Ser1356Ala,*,*,*
p.Ser1356Arg,*,*,*
p.Ser1356Asn,*,*,*
p.Ser1356Asp,*,*,*
p.Ser1356Cys,*,*,*
p.Ser1356Gln,*,*,*
p.Ser1356Glu,*,*,*
p.Ser1356Gly,*,*,*
p.Ser1356His,*,*,*
p.Ser1356Ile,*,*,*
p.Ser1356Leu,*,*,*
p.Ser1356Lys,*,*,*
p.Ser1356Met,*,*,*
p.Ser1356Phe,*,*,*
p.Ser1356Pro,*,*,*
p.Ser1356Ter,*,*,*
p.Ser1356Thr,*,*,*
p.Ser1356Trp,*,*,*
p.Ser1356Tyr,*,*,*
p.Ser1356Val,*,*,*
p.Ser1362=,*,*,*
p.Ser1362Ala,*,*,*
p.Ser1362Arg,*,*,*
p.Ser1362Asn,*,*,*
p.Ser1362Asp,*,*,*
p.Ser1362Cys,*,*,*
p.Ser1362Gln,*,*,*
p.Ser1362Glu,*,*,*
p.Ser1362Gly,*,*,*
p.Ser1362His,*,*,*
p.Ser1362Ile,*,*,*
p.Ser1362Leu,*,*,*
p.Ser1362Lys,*,*,*
p.Ser1362Phe,*,*,*
p.Ser1362Pro,*,*,*
p.Ser1362Ter,*,*,*
p.Ser1362Thr,*,*,*
p.Ser1362Trp,*,*,*
p.Ser1362Tyr,*,*,*
p.Ser1362Val,*,*,*
p.Ser1363=,*,*,*
p.Ser1363Ala,*,*,*
p.Ser1363Arg,*,*,*
p.Ser1363Asn,*,*,*
p.Ser1363Asp,*,*,*
p.Ser1363Cys,*,*,*
p.Ser1363Gln,*,*,*
p.Ser1363Glu,*,*,*
p.Ser1363Gly,*,*,*
p.Ser1363His,*,*,*
p.Ser1363Ile,*,*,*
p.Ser1363Leu,*,*,*
p.Ser1363Lys,*,*,*
p.Ser1363Met,*,*,*
p.Ser1363Phe,*,*,*
p.Ser1363Pro,*,*,*
p.Ser1363Ter,*,*,*
p.Ser1363Thr,*,*,*
p.Ser1363Trp,*,*,*
p.Ser1363Tyr,*,*,*
p.Ser1363Val,*,*,*
p.Ser1365=,*,*,*
p.Ser1365Ala,*,*,*
p.Ser1365Arg,*,*,*
p.Ser1365Asn,*,*,*
p.Ser1365Asp,*,*,*
p.Ser1365Cys,*,*,*
p.Ser1365Gln,*,*,*
p.Ser1365Glu,*,*,*
p.Ser1365Gly,*,*,*
p.Ser1365His,*,*,*
p.Ser1365Ile,*,*,*
p.Ser1365Leu,*,*,*
p.Ser1365Lys,*,*,*
p.Ser1365Met,*,*,*
p.Ser1365Phe,*,*,*
p.Ser1365Pro,*,*,*
p.Ser1365Ter,*,*,*
p.Ser1365Thr,*,*,*
p.Ser1365Trp,*,*,*
p.Ser1365Tyr,*,*,*
p.Ser1365Val,*,*,*
p.Ser1369=,*,*,*
p.Ser1369Ala,*,*,*
p.Ser1369Arg,*,*,*
p.Ser1369Asn,*,*,*
p.Ser1369Asp,*,*,*
p.Ser1369Cys,*,*,*
p.Ser1369Gln,*,*,*
p.Ser1369Glu,*,*,*
p.Ser1369Gly,*,*,*
p.Ser1369His,*,*,*
p.Ser1369Ile,*,*,*
p.Ser1369Leu,*,*,*
p.Ser1369Lys,*,*,*
p.Ser1369Met,*,*,*
p.Ser1369Phe,*,*,*
p.Ser1369Pro,*,*,*
p.Ser1369Ter,*,*,*
p.Ser1369Thr,*,*,*
p.Ser1369Trp,*,*,*
p.Ser1369Tyr,*,*,*
p.Ser1369Val,*,*,*
p.Ser1370=,*,*,*
p.Ser1370Ala,*,*,*
p.Ser1370Arg,*,*,*
p.Ser1370Asn,*,*,*
p.Ser1370Asp,*,*,*
p.Ser1370Cys,*,*,*
p.Ser1370Gln,*,*,*
p.Ser1370Glu,*,*,*
p.Ser1370Gly,*,*,*
p.Ser1370His,*,*,*
p.Ser1370Ile,*,*,*
p.Ser1370Leu,*,*,*
p.Ser1370Lys,*,*,*
p.Ser1370Met,*,*,*
p.Ser1370Phe,*,*,*
p.Ser1370Pro,*,*,*
p.Ser1370Ter,*,*,*
p.Ser1370Thr,*,*,*
p.Ser1370Trp,*,*,*
p.Ser1370Tyr,*,*,*
p.Ser1370Val,*,*,*
p.Ser1398=,*,*,*
p.Ser1398Ala,*,*,*
p.Ser1398Arg,*,*,*
p.Ser1398Asn,*,*,*
p.Ser1398Asp,*,*,*
p.Ser1398Cys,*,*,*
p.Ser1398Gln,*,*,*
p.Ser1398Glu,*,*,*
p.Ser1398Gly,*,*,*
p.Ser1398His,*,*,*
p.Ser1398Ile,*,*,*
p.Ser1398Leu,*,*,*
p.Ser1398Lys,*,*,*
p.Ser1398Met,*,*,*
p.Ser1398Phe,*,*,*
p.Ser1398Pro,*,*,*
p.Ser1398Ter,*,*,*
p.Ser1398Thr,*,*,*
p.Ser1398Trp,*,*,*
p.Ser1398Tyr,*,*,*
p.Ser1398Val,*,*,*
p.Ser1401=,*,*,*
p.Ser1401Ala,*,*,*
p.Ser1401Arg,*,*,*
p.Ser1401Asn,*,*,*
p.Ser1401Asp,*,*,*
p.Ser1401Cys,*,*,*
p.Ser1401Gln,*,*,*
p.Ser1401Glu,*,*,*
p.Ser1401Gly,*,*,*
p.Ser1401His,*,*,*
p.Ser1401Ile,*,*,*
p.Ser1401Leu,*,*,*
p.Ser1401Lys,*,*,*
p.Ser1401Met,*,*,*
p.Ser1401Phe,*,*,*
p.Ser1401Pro,*,*,*
p.Ser1401Ter,*,*,*
p.Ser1401Thr,*,*,*
p.Ser1401Trp,*,*,*
p.Ser1401Tyr,*,*,*
p.Ser1401Val,*,*,*
p.Ser1413=,*,*,*
p.Ser1413Ala,*,*,*
p.Ser1413Arg,*,*,*
p.Ser1413Asn,*,*,*
p.Ser1413Asp,*,*,*
p.Ser1413Cys,*,*,*
p.Ser1413Gln,*,*,*
p.Ser1413Glu,*,*,*
p.Ser1413Gly,*,*,*
p.Ser1413His,*,*,*
p.Ser1413Ile,*,*,*
p.Ser1413Leu,*,*,*
p.Ser1413Lys,*,*,*
p.Ser1413Met,*,*,*
p.Ser1413Phe,*,*,*
p.Ser1413Pro,*,*,*
p.Ser1413Ter,*,*,*
p.Ser1413Thr,*,*,*
p.Ser1413Trp,*,*,*
p.Ser1413Tyr,*,*,*
p.Ser1413Val,*,*,*
p.Ser1423=,*,*,*
p.Ser1423Ala,*,*,*
p.Ser1423Arg,*,*,*
p.Ser1423Asn,*,*,*
p.Ser1423Asp,*,*,*
p.Ser1423Cys,*,*,*
p.Ser1423Gln,*,*,*
p.Ser1423Glu,*,*,*
p.Ser1423Gly,*,*,*
p.Ser1423His,*,*,*
p.Ser1423Ile,*,*,*
p.Ser1423Leu,*,*,*
p.Ser1423Lys,*,*,*
p.Ser1423Met,*,*,*
p.Ser1423Phe,*,*,*
p.Ser1423Pro,*,*,*
p.Ser1423Ter,*,*,*
p.Ser1423Thr,*,*,*
p.Ser1423Trp,*,*,*
p.Ser1423Tyr,*,*,*
p.Ser1423Val,*,*,*
p.Ser1426=,*,*,*
p.Ser1426Ala,*,*,*
p.Ser1426Arg,*,*,*
p.Ser1426Asn,*,*,*
p.Ser1426Asp,*,*,*
p.Ser1426Cys,*,*,*
p.Ser1426Gln,*,*,*
p.Ser1426Glu,*,*,*
p.Ser1426Gly,*,*,*
p.Ser1426His,*,*,*
p.Ser1426Ile,*,*,*
p.Ser1426Leu,*,*,*
p.Ser1426Lys,*,*,*
p.Ser1426Met,*,*,*
p.Ser1426Phe,*,*,*
p.Ser1426Pro,*,*,*
p.Ser1426Ter,*,*,*
p.Ser1426Thr,*,*,*
p.Ser1426Trp,*,*,*
p.Ser1426Tyr,*,*,*
p.Ser1426Val,*,*,*
p.Ser1429=,*,*,*
p.Ser1429Ala,*,*,*
p.Ser1429Arg,*,*,*
p.Ser1429Asn,*,*,*
p.Ser1429Asp,*,*,*
p.Ser1429Cys,*,*,*
p.Ser1429Gln,*,*,*
p.Ser1429Glu,*,*,*
p.Ser1429Gly,*,*,*
p.Ser1429His,*,*,*
p.Ser1429Ile,*,*,*
p.Ser1429Leu,*,*,*
p.Ser1429Lys,*,*,*
p.Ser1429Met,*,*,*
p.Ser1429Phe,*,*,*
p.Ser1429Pro,*,*,*
p.Ser1429Ter,*,*,*
p.Ser1429Thr,*,*,*
p.Ser1429Trp,*,*,*
p.Ser1429Tyr,*,*,*
p.Ser1429Val,*,*,*
p.Ser1431=,*,*,*
p.Ser1431Ala,*,*,*
p.Ser1431Arg,*,*,*
p.Ser1431Asn,*,*,*
p.Ser1431Asp,*,*,*
p.Ser1431Cys,*,*,*
p.Ser1431Gln,*,*,*
p.Ser1431Glu,*,*,*
p.Ser1431Gly,*,*,*
p.Ser1431His,*,*,*
p.Ser1431Ile,*,*,*
p.Ser1431Leu,*,*,*
p.Ser1431Lys,*,*,*
p.Ser1431Met,*,*,*
p.Ser1431Phe,*,*,*
p.Ser1431Pro,*,*,*
p.Ser1431Ter,*,*,*
p.Ser1431Thr,*,*,*
p.Ser1431Trp,*,*,*
p.Ser1431Tyr,*,*,*
p.Ser1431Val,*,*,*
p.Ser1432=,*,*,*
p.Ser1432Ala,*,*,*
p.Ser1432Arg,*,*,*
p.Ser1432Asn,*,*,*
p.Ser1432Asp,*,*,*
p.Ser1432Cys,*,*,*
p.Ser1432Gln,*,*,*
p.Ser1432Glu,*,*,*
p.Ser1432Gly,*,*,*
p.Ser1432His,*,*,*
p.Ser1432Ile,*,*,*
p.Ser1432Leu,*,*,*
p.Ser1432Lys,*,*,*
p.Ser1432Met,*,*,*
p.Ser1432Phe,*,*,*
p.Ser1432Pro,*,*,*
p.Ser1432Ter,*,*,*
p.Ser1432Thr,*,*,*
p.Ser1432Trp,*,*,*
p.Ser1432Tyr,*,*,*
p.Ser1432Val,*,*,*
p.Ser1435=,*,*,*
p.Ser1435Ala,*,*,*
p.Ser1435Arg,*,*,*
p.Ser1435Asn,*,*,*
p.Ser1435Asp,*,*,*
p.Ser1435Cys,*,*,*
p.Ser1435Gln,*,*,*
p.Ser1435Glu,*,*,*
p.Ser1435Gly,*,*,*
p.Ser1435His,*,*,*
p.Ser1435Ile,*,*,*
p.Ser1435Leu,*,*,*
p.Ser1435Lys,*,*,*
p.Ser1435Met,*,*,*
p.Ser1435Phe,*,*,*
p.Ser1435Pro,*,*,*
p.Ser1435Ter,*,*,*
p.Ser1435Thr,*,*,*
p.Ser1435Trp,*,*,*
p.Ser1435Tyr,*,*,*
p.Ser1435Val,*,*,*
p.Ser1439=,*,*,*
p.Ser1439Ala,*,*,*
p.Ser1439Arg,*,*,*
p.Ser1439Asn,*,*,*
p.Ser1439Asp,*,*,*
p.Ser1439Cys,*,*,*
p.Ser1439Gln,*,*,*
p.Ser1439Glu,*,*,*
p.Ser1439Gly,*,*,*
p.Ser1439His,*,*,*
p.Ser1439Ile,*,*,*
p.Ser1439Leu,*,*,*
p.Ser1439Lys,*,*,*
p.Ser1439Met,*,*,*
p.Ser1439Phe,*,*,*
p.Ser1439Pro,*,*,*
p.Ser1439Ter,*,*,*
p.Ser1439Thr,*,*,*
p.Ser1439Trp,*,*,*
p.Ser1439Tyr,*,*,*
p.Ser1439Val,*,*,*
p.Ser1442=,*,*,*
p.Ser1442Ala,*,*,*
p.Ser1442Arg,*,*,*
p.Ser1442Asn,*,*,*
p.Ser1442Asp,*,*,*
p.Ser1442Cys,*,*,*
p.Ser1442Gln,*,*,*
p.Ser1442Glu,*,*,*
p.Ser1442Gly,*,*,*
p.Ser1442His,*,*,*
p.Ser1442Ile,*,*,*
p.Ser1442Leu,*,*,*
p.Ser1442Lys,*,*,*
p.Ser1442Met,*,*,*
p.Ser1442Phe,*,*,*
p.Ser1442Pro,*,*,*
p.Ser1442Ter,*,*,*
p.Ser1442Thr,*,*,*
p.Ser1442Trp,*,*,*
p.Ser1442Tyr,*,*,*
p.Ser1442Val,*,*,*
p.Ser1453=,*,*,*
p.Ser1453Ala,*,*,*
p.Ser1453Arg,*,*,*
p.Ser1453Asn,*,*,*
p.Ser1453Asp,*,*,*
p.Ser1453Cys,*,*,*
p.Ser1453Gln,*,*,*
p.Ser1453Glu,*,*,*
p.Ser1453Gly,*,*,*
p.Ser1453His,*,*,*
p.Ser1453Ile,*,*,*
p.Ser1453Leu,*,*,*
p.Ser1453Lys,*,*,*
p.Ser1453Met,*,*,*
p.Ser1453Phe,*,*,*
p.Ser1453Pro,*,*,*
p.Ser1453Ter,*,*,*
p.Ser1453Thr,*,*,*
p.Ser1453Trp,*,*,*
p.Ser1453Tyr,*,*,*
p.Ser1453Val,*,*,*
p.Ser721=,*,*,*
p.Ser721Ala,*,*,*
p.Ser721Arg,*,*,*
p.Ser721Asn,*,*,*
p.Ser721Asp,*,*,*
p.Ser721Cys,*,*,*
p.Ser721Gln,*,*,*
p.Ser721Glu,*,*,*
p.Ser721Gly,*,*,*
p.Ser721His,*,*,*
p.Ser721Ile,*,*,*
p.Ser721Leu,*,*,*
p.Ser721Lys,*,*,*
p.Ser721Met,*,*,*
p.Ser721Phe,*,*,*
p.Ser721Pro,*,*,*
p.Ser721Ter,*,*,*
p.Ser721Thr,*,*,*
p.Ser721Trp,*,*,*
p.Ser721Tyr,*,*,*
p.Ser721Val,*,*,*
p.Ser726=,*,*,*
p.Ser726Ala,*,*,*
p.Ser726Arg,*,*,*
p.Ser726Asn,*,*,*
p.Ser726Asp,*,*,*
p.Ser726Cys,*,*,*
p.Ser726Gln,*,*,*
p.Ser726Glu,*,*,*
p.Ser726Gly,*,*,*
p.Ser726His,*,*,*
p.Ser726Ile,*,*,*
p.Ser726Leu,*,*,*
p.Ser726Lys,*,*,*
p.Ser726Met,*,*,*
p.Ser726Phe,*,*,*
p.Ser726Pro,*,*,*
p.Ser726Ter,*,*,*
p.Ser726Thr,*,*,*
p.Ser726Trp,*,*,*
p.Ser726Tyr,*,*,*
p.Ser726Val,*,*,*
p.Ser738=,*,*,*
p.Ser738Ala,*,*,*
p.Ser738Arg,*,*,*
p.Ser738Asn,*,*,*
p.Ser738Asp,*,*,*
p.Ser738Cys,*,*,*
p.Ser738Gln,*,*,*
p.Ser738Glu,*,*,*
p.Ser738Gly,*,*,*
p.Ser738His,*,*,*
p.Ser738Ile,*,*,*
p.Ser738Leu,*,*,*
p.Ser738Met,*,*,*
p.Ser738Phe,*,*,*
p.Ser738Pro,*,*,*
p.Ser738Ter,*,*,*
p.Ser738Thr,*,*,*
p.Ser738Trp,*,*,*
p.Ser738Tyr,*,*,*
p.Ser738Val,*,*,*
p.Ser744=,*,*,*
p.Ser744Ala,*,*,*
p.Ser744Arg,*,*,*
p.Ser744Asp,*,*,*
p.Ser744Cys,*,*,*
p.Ser744Gly,*,*,*
p.Ser744His,*,*,*
p.Ser744Ile,*,*,*
p.Ser744Leu,*,*,*
p.Ser744Phe,*,*,*
p.Ser744Pro,*,*,*
p.Ser744Ter,*,*,*
p.Ser744Thr,*,*,*
p.Ser744Trp,*,*,*
p.Ser744Tyr,*,*,*
p.Ser744Val,*,*,*
p.Ser759=,*,*,*
p.Ser759Ala,*,*,*
p.Ser759Arg,*,*,*
p.Ser759Asn,*,*,*
p.Ser759Asp,*,*,*
p.Ser759Cys,*,*,*
p.Ser759Gln,*,*,*
p.Ser759Glu,*,*,*
p.Ser759Gly,*,*,*
p.Ser759His,*,*,*
p.Ser759Ile,*,*,*
p.Ser759Leu,*,*,*
p.Ser759Lys,*,*,*
p.Ser759Met,*,*,*
p.Ser759Phe,*,*,*
p.Ser759Pro,*,*,*
p.Ser759Ter,*,*,*
p.Ser759Thr,*,*,*
p.Ser759Trp,*,*,*
p.Ser759Tyr,*,*,*
p.Ser759Val,*,*,*
p.Ser786=,*,*,*
p.Ser786Ala,*,*,*
p.Ser786Arg,*,*,*
p.Ser786Asn,*,*,*
p.Ser786Asp,*,*,*
p.Ser786Cys,*,*,*
p.Ser786Gln,*,*,*
p.Ser786Glu,*,*,*
p.Ser786Gly,*,*,*
p.Ser786His,*,*,*
p.Ser786Ile,*,*,*
p.Ser786Leu,*,*,*
p.Ser786Lys,*,*,*
p.Ser786Met,*,*,*
p.Ser786Phe,*,*,*
p.Ser786Pro,*,*,*
p.Ser786Ter,*,*,*
p.Ser786Thr,*,*,*
p.Ser786Trp,*,*,*
p.Ser786Tyr,*,*,*
p.Ser786Val,*,*,*
p.Ser789=,*,*,*
p.Ser789Ala,*,*,*
p.Ser789Arg,*,*,*
p.Ser789Asn,*,*,*
p.Ser789Asp,*,*,*
p.Ser789Cys,*,*,*
p.Ser789Gln,*,*,*
p.Ser789Glu,*,*,*
p.Ser789Gly,*,*,*
p.Ser789His,*,*,*
p.Ser789Ile,*,*,*
p.Ser789Leu,*,*,*
p.Ser789Lys,*,*,*
p.Ser789Met,*,*,*
p.Ser789Phe,*,*,*
p.Ser789Pro,*,*,*
p.Ser789Ter,*,*,*
p.Ser789Thr,*,*,*
p.Ser789Trp,*,*,*
p.Ser789Tyr,*,*,*
p.Ser789Val,*,*,*
p.Ser797=,*,*,*
p.Ser797Ala,*,*,*
p.Ser797Arg,*,*,*
p.Ser797Asn,*,*,*
p.Ser797Asp,*,*,*
p.Ser797Cys,*,*,*
p.Ser797Gln,*,*,*
p.Ser797Glu,*,*,*
p.Ser797Gly,*,*,*
p.Ser797His,*,*,*
p.Ser797Ile,*,*,*
p.Ser797Leu,*,*,*
p.Ser797Lys,*,*,*
p.Ser797Met,*,*,*
p.Ser797Phe,*,*,*
p.Ser797Pro,*,*,*
p.Ser797Ter,*,*,*
p.Ser797Thr,*,*,*
p.Ser797Trp,*,*,*
p.Ser797Tyr,*,*,*
p.Ser797Val,*,*,*
p.Ser855=,*,*,*
p.Ser855Ala,*,*,*
p.Ser855Arg,*,*,*
p.Ser855Asn,*,*,*
p.Ser855Asp,*,*,*
p.Ser855Cys,*,*,*
p.Ser855Gln,*,*,*
p.Ser855Glu,*,*,*
p.Ser855Gly,*,*,*
p.Ser855His,*,*,*
p.Ser855Ile,*,*,*
p.Ser855Leu,*,*,*
p.Ser855Lys,*,*,*
p.Ser855Met,*,*,*
p.Ser855Phe,*,*,*
p.Ser855Pro,*,*,*
p.Ser855Ter,*,*,*
p.Ser855Thr,*,*,*
p.Ser855Trp,*,*,*
p.Ser855Tyr,*,*,*
p.Ser855Val,*,*,*
p.Ser870=,*,*,*
p.Ser870Ala,*,*,*
p.Ser870Arg,*,*,*
p.Ser870Asn,*,*,*
p.Ser870Asp,*,*,*
p.Ser870Cys,*,*,*
p.Ser870Gln,*,*,*
p.Ser870Glu,*,*,*
p.Ser870Gly,*,*,*
p.Ser870His,*,*,*
p.Ser870Ile,*,*,*
p.Ser870Leu,*,*,*
p.Ser870Lys,*,*,*
p.Ser870Met,*,*,*
p.Ser870Phe,*,*,*
p.Ser870Pro,*,*,*
p.Ser870Ter,*,*,*
p.Ser870Thr,*,*,*
p.Ser870Trp,*,*,*
p.Ser870Tyr,*,*,*
p.Ser870Val,*,*,*
p.Ser876=,*,*,*
p.Ser876Ala,*,*,*
p.Ser876Arg,*,*,*
p.Ser876Asn,*,*,*
p.Ser876Asp,*,*,*
p.Ser876Cys,*,*,*
p.Ser876Gln,*,*,*
p.Ser876Glu,*,*,*
p.Ser876Gly,*,*,*
p.Ser876His,*,*,*
p.Ser876Ile,*,*,*
p.Ser876Leu,*,*,*
p.Ser876Lys,*,*,*
p.Ser876Met,*,*,*
p.Ser876Phe,*,*,*
p.Ser876Pro,*,*,*
p.Ser876Ter,*,*,*
p.Ser876Thr,*,*,*
p.Ser876Trp,*,*,*
p.Ser876Tyr,*,*,*
p.Ser876Val,*,*,*
p.Ser882=,*,*,*
p.Ser882Ala,*,*,*
p.Ser882Arg,*,*,*
p.Ser882Asn,*,*,*
p.Ser882Asp,*,*,*
p.Ser882Cys,*,*,*
p.Ser882Gln,*,*,*
p.Ser882Glu,*,*,*
p.Ser882Gly,*,*,*
p.Ser882His,*,*,*
p.Ser882Ile,*,*,*
p.Ser882Leu,*,*,*
p.Ser882Lys,*,*,*
p.Ser882Met,*,*,*
p.Ser882Phe,*,*,*
p.Ser882Pro,*,*,*
p.Ser882Ter,*,*,*
p.Ser882Thr,*,*,*
p.Ser882Trp,*,*,*
p.Ser882Tyr,*,*,*
p.Ser882Val,*,*,*
p.Ser909=,*,*,*
p.Ser909Ala,*,*,*
p.Ser909Arg,*,*,*
p.Ser909Asn,*,*,*
p.Ser909Asp,*,*,*
p.Ser909Cys,*,*,*
p.Ser909Gln,*,*,*
p.Ser909Glu,*,*,*
p.Ser909Gly,*,*,*
p.Ser909His,*,*,*
p.Ser909Ile,*,*,*
p.Ser909Leu,*,*,*
p.Ser909Lys,*,*,*
p.Ser909Met,*,*,*
p.Ser909Phe,*,*,*
p.Ser909Pro,*,*,*
p.Ser909Ter,*,*,*
p.Ser909Thr,*,*,*
p.Ser909Trp,*,*,*
p.Ser909Tyr,*,*,*
p.Ser909Val,*,*,*
p.Ser921=,*,*,*
p.Ser921Ala,*,*,*
p.Ser921Arg,*,*,*
p.Ser921Asn,*,*,*
p.Ser921Asp,*,*,*
p.Ser921Cys,*,*,*
p.Ser921Gln,*,*,*
p.Ser921Glu,*,*,*
p.Ser921Gly,*,*,*
p.Ser921His,*,*,*
p.Ser921Ile,*,*,*
p.Ser921Leu,*,*,*
p.Ser921Lys,*,*,*
p.Ser921Met,*,*,*
p.Ser921Phe,*,*,*
p.Ser921Pro,*,*,*
p.Ser921Ter,*,*,*
p.Ser921Thr,*,*,*
p.Ser921Trp,*,*,*
p.Ser921Tyr,*,*,*
p.Ser921Val,*,*,*
p.Ser932=,*,*,*
p.Ser932Ala,*,*,*
p.Ser932Arg,*,*,*
p.Ser932Asn,*,*,*
p.Ser932Asp,*,*,*
p.Ser932Cys,*,*,*
p.Ser932Gln,*,*,*
p.Ser932Glu,*,*,*
p.Ser932Gly,*,*,*
p.Ser932His,*,*,*
p.Ser932Ile,*,*,*
p.Ser932Leu,*,*,*
p.Ser932Lys,*,*,*
p.Ser932Met,*,*,*
p.Ser932Phe,*,*,*
p.Ser932Pro,*,*,*
p.Ser932Ter,*,*,*
p.Ser932Thr,*,*,*
p.Ser932Trp,*,*,*
p.Ser932Tyr,*,*,*
p.Ser932Val,*,*,*
p.Ser962=,*,*,*
p.Ser962Ala,*,*,*
p.Ser962Arg,*,*,*
p.Ser962Asn,*,*,*
p.Ser962Asp,*,*,*
p.Ser962Cys,*,*,*
p.Ser962Gln,*,*,*
p.Ser962Glu,*,*,*
p.Ser962Gly,*,*,*
p.Ser962His,*,*,*
p.Ser962Ile,*,*,*
p.Ser962Leu,*,*,*
p.Ser962Lys,*,*,*
p.Ser962Met,*,*,*
p.Ser962Phe,*,*,*
p.Ser962Pro,*,*,*
p.Ser962Ter,*,*,*
p.Ser962Thr,*,*,*
p.Ser962Trp,*,*,*
p.Ser962Tyr,*,*,*
p.Ser962Val,*,*,*
p.Ser975=,*,*,*
p.Ser975Ala,*,*,*
p.Ser975Arg,*,*,*
p.Ser975Asn,*,*,*
p.Ser975Asp,*,*,*
p.Ser975Cys,*,*,*
p.Ser975Gln,*,*,*
p.Ser975Glu,*,*,*
p.Ser975Gly,*,*,*
p.Ser975His,*,*,*
p.Ser975Ile,*,*,*
p.Ser975Leu,*,*,*
p.Ser975Lys,*,*,*
p.Ser975Met,*,*,*
p.Ser975Phe,*,*,*
p.Ser975Pro,*,*,*
p.Ser975Ter,*,*,*
p.Ser975Thr,*,*,*
p.Ser975Trp,*,*,*
p.Ser975Tyr,*,*,*
p.Ser975Val,*,*,*
p.Ser986=,*,*,*
p.Ser986Ala,*,*,*
p.Ser986Arg,*,*,*
p.Ser986Asn,*,*,*
p.Ser986Asp,*,*,*
p.Ser986Cys,*,*,*
p.Ser986Gln,*,*,*
p.Ser986Glu,*,*,*
p.Ser986Gly,*,*,*
p.Ser986His,*,*,*
p.Ser986Ile,*,*,*
p.Ser986Leu,*,*,*
p.Ser986Lys,*,*,*
p.Ser986Met,*,*,*
p.Ser986Phe,*,*,*
p.Ser986Pro,*,*,*
p.Ser986Ter,*,*,*
p.Ser986Thr,*,*,*
p.Ser986Trp,*,*,*
p.Ser986Tyr,*,*,*
p.Ser986Val,*,*,*
p.Thr1023=,*,*,*
p.Thr1023Ala,*,*,*
p.Thr1023Arg,*,*,*
p.Thr1023Asn,*,*,*
p.Thr1023Asp,*,*,*
p.Thr1023Cys,*,*,*
p.Thr1023Gln,*,*,*
p.Thr1023Glu,*,*,*
p.Thr1023Gly,*,*,*
p.Thr1023His,*,*,*
p.Thr1023Ile,*,*,*
p.Thr1023Leu,*,*,*
p.Thr1023Lys,*,*,*
p.Thr1023Met,*,*,*
p.Thr1023Phe,*,*,*
p.Thr1023Pro,*,*,*
p.Thr1023Ser,*,*,*
p.Thr1023Ter,*,*,*
p.Thr1023Trp,*,*,*
p.Thr1023Tyr,*,*,*
p.Thr1023Val,*,*,*
p.Thr1029=,*,*,*
p.Thr1029Ala,*,*,*
p.Thr1029Arg,*,*,*
p.Thr1029Asn,*,*,*
p.Thr1029Asp,*,*,*
p.Thr1029Cys,*,*,*
p.Thr1029Gln,*,*,*
p.Thr1029Glu,*,*,*
p.Thr1029Gly,*,*,*
p.Thr1029His,*,*,*
p.Thr1029Ile,*,*,*
p.Thr1029Leu,*,*,*
p.Thr1029Lys,*,*,*
p.Thr1029Met,*,*,*
p.Thr1029Phe,*,*,*
p.Thr1029Pro,*,*,*
p.Thr1029Ser,*,*,*
p.Thr1029Ter,*,*,*
p.Thr1029Trp,*,*,*
p.Thr1029Tyr,*,*,*
p.Thr1029Val,*,*,*
p.Thr1031=,*,*,*
p.Thr1031Ala,*,*,*
p.Thr1031Arg,*,*,*
p.Thr1031Asn,*,*,*
p.Thr1031Asp,*,*,*
p.Thr1031Cys,*,*,*
p.Thr1031Gln,*,*,*
p.Thr1031Glu,*,*,*
p.Thr1031Gly,*,*,*
p.Thr1031His,*,*,*
p.Thr1031Ile,*,*,*
p.Thr1031Leu,*,*,*
p.Thr1031Lys,*,*,*
p.Thr1031Met,*,*,*
p.Thr1031Phe,*,*,*
p.Thr1031Pro,*,*,*
p.Thr1031Ser,*,*,*
p.Thr1031Ter,*,*,*
p.Thr1031Trp,*,*,*
p.Thr1031Tyr,*,*,*
p.Thr1031Val,*,*,*
p.Thr1033=,*,*,*
p.Thr1033Ala,*,*,*
p.Thr1033Arg,*,*,*
p.Thr1033Asn,*,*,*
p.Thr1033Asp,*,*,*
p.Thr1033Cys,*,*,*
p.Thr1033Gln,*,*,*
p.Thr1033Glu,*,*,*
p.Thr1033Gly,*,*,*
p.Thr1033His,*,*,*
p.Thr1033Ile,*,*,*
p.Thr1033Leu,*,*,*
p.Thr1033Lys,*,*,*
p.Thr1033Met,*,*,*
p.Thr1033Phe,*,*,*
p.Thr1033Pro,*,*,*
p.Thr1033Ser,*,*,*
p.Thr1033Ter,*,*,*
p.Thr1033Trp,*,*,*
p.Thr1033Tyr,*,*,*
p.Thr1033Val,*,*,*
p.Thr1050=,*,*,*
p.Thr1050Ala,*,*,*
p.Thr1050Arg,*,*,*
p.Thr1050Asn,*,*,*
p.Thr1050Asp,*,*,*
p.Thr1050Cys,*,*,*
p.Thr1050Gln,*,*,*
p.Thr1050Glu,*,*,*
p.Thr1050Gly,*,*,*
p.Thr1050His,*,*,*
p.Thr1050Ile,*,*,*
p.Thr1050Leu,*,*,*
p.Thr1050Lys,*,*,*
p.Thr1050Met,*,*,*
p.Thr1050Phe,*,*,*
p.Thr1050Pro,*,*,*
p.Thr1050Ser,*,*,*
p.Thr1050Ter,*,*,*
p.Thr1050Trp,*,*,*
p.Thr1050Tyr,*,*,*
p.Thr1050Val,*,*,*
p.Thr1062=,*,*,*
p.Thr1062Ala,*,*,*
p.Thr1062Arg,*,*,*
p.Thr1062Asn,*,*,*
p.Thr1062Asp,*,*,*
p.Thr1062Cys,*,*,*
p.Thr1062Gln,*,*,*
p.Thr1062Glu,*,*,*
p.Thr1062Gly,*,*,*
p.Thr1062His,*,*,*
p.Thr1062Ile,*,*,*
p.Thr1062Leu,*,*,*
p.Thr1062Lys,*,*,*
p.Thr1062Met,*,*,*
p.Thr1062Phe,*,*,*
p.Thr1062Pro,*,*,*
p.Thr1062Ser,*,*,*
p.Thr1062Ter,*,*,*
p.Thr1062Trp,*,*,*
p.Thr1062Tyr,*,*,*
p.Thr1062Val,*,*,*
p.Thr1076=,*,*,*
p.Thr1076Ala,*,*,*
p.Thr1076Arg,*,*,*
p.Thr1076Asn,*,*,*
p.Thr1076Asp,*,*,*
p.Thr1076Cys,*,*,*
p.Thr1076Gln,*,*,*
p.Thr1076Glu,*,*,*
p.Thr1076Gly,*,*,*
p.Thr1076His,*,*,*
p.Thr1076Ile,*,*,*
p.Thr1076Leu,*,*,*
p.Thr1076Lys,*,*,*
p.Thr1076Met,*,*,*
p.Thr1076Phe,*,*,*
p.Thr1076Pro,*,*,*
p.Thr1076Ser,*,*,*
p.Thr1076Ter,*,*,*
p.Thr1076Trp,*,*,*
p.Thr1076Tyr,*,*,*
p.Thr1076Val,*,*,*
p.Thr1085=,*,*,*
p.Thr1085Ala,*,*,*
p.Thr1085Arg,*,*,*
p.Thr1085Asn,*,*,*
p.Thr1085Asp,*,*,*
p.Thr1085Cys,*,*,*
p.Thr1085Gln,*,*,*
p.Thr1085Glu,*,*,*
p.Thr1085Gly,*,*,*
p.Thr1085His,*,*,*
p.Thr1085Ile,*,*,*
p.Thr1085Leu,*,*,*
p.Thr1085Lys,*,*,*
p.Thr1085Met,*,*,*
p.Thr1085Phe,*,*,*
p.Thr1085Pro,*,*,*
p.Thr1085Ser,*,*,*
p.Thr1085Ter,*,*,*
p.Thr1085Trp,*,*,*
p.Thr1085Tyr,*,*,*
p.Thr1085Val,*,*,*
p.Thr1087=,*,*,*
p.Thr1087Ala,*,*,*
p.Thr1087Arg,*,*,*
p.Thr1087Asn,*,*,*
p.Thr1087Asp,*,*,*
p.Thr1087Cys,*,*,*
p.Thr1087Gln,*,*,*
p.Thr1087Glu,*,*,*
p.Thr1087Gly,*,*,*
p.Thr1087His,*,*,*
p.Thr1087Ile,*,*,*
p.Thr1087Leu,*,*,*
p.Thr1087Lys,*,*,*
p.Thr1087Met,*,*,*
p.Thr1087Phe,*,*,*
p.Thr1087Pro,*,*,*
p.Thr1087Ser,*,*,*
p.Thr1087Ter,*,*,*
p.Thr1087Trp,*,*,*
p.Thr1087Tyr,*,*,*
p.Thr1087Val,*,*,*
p.Thr1092=,*,*,*
p.Thr1092Ala,*,*,*
p.Thr1092Arg,*,*,*
p.Thr1092Asn,*,*,*
p.Thr1092Asp,*,*,*
p.Thr1092Cys,*,*,*
p.Thr1092Gln,*,*,*
p.Thr1092Glu,*,*,*
p.Thr1092Gly,*,*,*
p.Thr1092His,*,*,*
p.Thr1092Ile,*,*,*
p.Thr1092Leu,*,*,*
p.Thr1092Lys,*,*,*
p.Thr1092Met,*,*,*
p.Thr1092Phe,*,*,*
p.Thr1092Pro,*,*,*
p.Thr1092Ser,*,*,*
p.Thr1092Ter,*,*,*
p.Thr1092Trp,*,*,*
p.Thr1092Tyr,*,*,*
p.Thr1092Val,*,*,*
p.Thr1143=,*,*,*
p.Thr1143Ala,*,*,*
p.Thr1143Arg,*,*,*
p.Thr1143Asn,*,*,*
p.Thr1143Asp,*,*,*
p.Thr1143Cys,*,*,*
p.Thr1143Gln,*,*,*
p.Thr1143Glu,*,*,*
p.Thr1143Gly,*,*,*
p.Thr1143His,*,*,*
p.Thr1143Ile,*,*,*
p.Thr1143Leu,*,*,*
p.Thr1143Lys,*,*,*
p.Thr1143Met,*,*,*
p.Thr1143Phe,*,*,*
p.Thr1143Pro,*,*,*
p.Thr1143Ser,*,*,*
p.Thr1143Ter,*,*,*
p.Thr1143Trp,*,*,*
p.Thr1143Tyr,*,*,*
p.Thr1143Val,*,*,*
p.Thr1160=,*,*,*
p.Thr1160Ala,*,*,*
p.Thr1160Arg,*,*,*
p.Thr1160Asn,*,*,*
p.Thr1160Asp,*,*,*
p.Thr1160Cys,*,*,*
p.Thr1160Gln,*,*,*
p.Thr1160Glu,*,*,*
p.Thr1160Gly,*,*,*
p.Thr1160His,*,*,*
p.Thr1160Ile,*,*,*
p.Thr1160Leu,*,*,*
p.Thr1160Lys,*,*,*
p.Thr1160Met,*,*,*
p.Thr1160Phe,*,*,*
p.Thr1160Pro,*,*,*
p.Thr1160Ser,*,*,*
p.Thr1160Ter,*,*,*
p.Thr1160Trp,*,*,*
p.Thr1160Tyr,*,*,*
p.Thr1160Val,*,*,*
p.Thr1170=,*,*,*
p.Thr1170Ala,*,*,*
p.Thr1170Arg,*,*,*
p.Thr1170Asn,*,*,*
p.Thr1170Asp,*,*,*
p.Thr1170Cys,*,*,*
p.Thr1170Gln,*,*,*
p.Thr1170Glu,*,*,*
p.Thr1170Gly,*,*,*
p.Thr1170His,*,*,*
p.Thr1170Ile,*,*,*
p.Thr1170Leu,*,*,*
p.Thr1170Lys,*,*,*
p.Thr1170Met,*,*,*
p.Thr1170Phe,*,*,*
p.Thr1170Pro,*,*,*
p.Thr1170Ser,*,*,*
p.Thr1170Ter,*,*,*
p.Thr1170Trp,*,*,*
p.Thr1170Tyr,*,*,*
p.Thr1170Val,*,*,*
p.Thr1178=,*,*,*
p.Thr1178Ala,*,*,*
p.Thr1178Arg,*,*,*
p.Thr1178Asn,*,*,*
p.Thr1178Asp,*,*,*
p.Thr1178Cys,*,*,*
p.Thr1178Gln,*,*,*
p.Thr1178Glu,*,*,*
p.Thr1178Gly,*,*,*
p.Thr1178His,*,*,*
p.Thr1178Ile,*,*,*
p.Thr1178Leu,*,*,*
p.Thr1178Lys,*,*,*
p.Thr1178Met,*,*,*
p.Thr1178Phe,*,*,*
p.Thr1178Pro,*,*,*
p.Thr1178Ser,*,*,*
p.Thr1178Ter,*,*,*
p.Thr1178Trp,*,*,*
p.Thr1178Tyr,*,*,*
p.Thr1178Val,*,*,*
p.Thr1208=,*,*,*
p.Thr1208Ala,*,*,*
p.Thr1208Arg,*,*,*
p.Thr1208Asn,*,*,*
p.Thr1208Asp,*,*,*
p.Thr1208Cys,*,*,*
p.Thr1208Gln,*,*,*
p.Thr1208Glu,*,*,*
p.Thr1208Gly,*,*,*
p.Thr1208His,*,*,*
p.Thr1208Ile,*,*,*
p.Thr1208Leu,*,*,*
p.Thr1208Lys,*,*,*
p.Thr1208Met,*,*,*
p.Thr1208Phe,*,*,*
p.Thr1208Pro,*,*,*
p.Thr1208Ser,*,*,*
p.Thr1208Ter,*,*,*
p.Thr1208Trp,*,*,*
p.Thr1208Tyr,*,*,*
p.Thr1208Val,*,*,*
p.Thr1220=,*,*,*
p.Thr1220Ala,*,*,*
p.Thr1220Arg,*,*,*
p.Thr1220Asn,*,*,*
p.Thr1220Asp,*,*,*
p.Thr1220Cys,*,*,*
p.Thr1220Gln,*,*,*
p.Thr1220Glu,*,*,*
p.Thr1220Gly,*,*,*
p.Thr1220His,*,*,*
p.Thr1220Ile,*,*,*
p.Thr1220Leu,*,*,*
p.Thr1220Lys,*,*,*
p.Thr1220Met,*,*,*
p.Thr1220Phe,*,*,*
p.Thr1220Pro,*,*,*
p.Thr1220Ser,*,*,*
p.Thr1220Ter,*,*,*
p.Thr1220Trp,*,*,*
p.Thr1220Tyr,*,*,*
p.Thr1220Val,*,*,*
p.Thr1226=,*,*,*
p.Thr1226Ala,*,*,*
p.Thr1226Arg,*,*,*
p.Thr1226Asn,*,*,*
p.Thr1226Asp,*,*,*
p.Thr1226Cys,*,*,*
p.Thr1226Gln,*,*,*
p.Thr1226Glu,*,*,*
p.Thr1226Gly,*,*,*
p.Thr1226His,*,*,*
p.Thr1226Ile,*,*,*
p.Thr1226Leu,*,*,*
p.Thr1226Lys,*,*,*
p.Thr1226Met,*,*,*
p.Thr1226Phe,*,*,*
p.Thr1226Pro,*,*,*
p.Thr1226Ser,*,*,*
p.Thr1226Ter,*,*,*
p.Thr1226Trp,*,*,*
p.Thr1226Tyr,*,*,*
p.Thr1226Val,*,*,*
p.Thr1232=,*,*,*
p.Thr1232Ala,*,*,*
p.Thr1232Arg,*,*,*
p.Thr1232Asn,*,*,*
p.Thr1232Asp,*,*,*
p.Thr1232Cys,*,*,*
p.Thr1232Gln,*,*,*
p.Thr1232Glu,*,*,*
p.Thr1232Gly,*,*,*
p.Thr1232His,*,*,*
p.Thr1232Ile,*,*,*
p.Thr1232Leu,*,*,*
p.Thr1232Lys,*,*,*
p.Thr1232Met,*,*,*
p.Thr1232Phe,*,*,*
p.Thr1232Pro,*,*,*
p.Thr1232Ser,*,*,*
p.Thr1232Ter,*,*,*
p.Thr1232Trp,*,*,*
p.Thr1232Tyr,*,*,*
p.Thr1232Val,*,*,*
p.Thr1286=,*,*,*
p.Thr1286Ala,*,*,*
p.Thr1286Arg,*,*,*
p.Thr1286Asn,*,*,*
p.Thr1286Asp,*,*,*
p.Thr1286Cys,*,*,*
p.Thr1286Gln,*,*,*
p.Thr1286Glu,*,*,*
p.Thr1286Gly,*,*,*
p.Thr1286His,*,*,*
p.Thr1286Ile,*,*,*
p.Thr1286Leu,*,*,*
p.Thr1286Lys,*,*,*
p.Thr1286Met,*,*,*
p.Thr1286Phe,*,*,*
p.Thr1286Pro,*,*,*
p.Thr1286Ser,*,*,*
p.Thr1286Ter,*,*,*
p.Thr1286Trp,*,*,*
p.Thr1286Tyr,*,*,*
p.Thr1286Val,*,*,*
p.Thr1288=,*,*,*
p.Thr1288Ala,*,*,*
p.Thr1288Arg,*,*,*
p.Thr1288Asn,*,*,*
p.Thr1288Asp,*,*,*
p.Thr1288Cys,*,*,*
p.Thr1288Gln,*,*,*
p.Thr1288Glu,*,*,*
p.Thr1288Gly,*,*,*
p.Thr1288His,*,*,*
p.Thr1288Ile,*,*,*
p.Thr1288Leu,*,*,*
p.Thr1288Lys,*,*,*
p.Thr1288Met,*,*,*
p.Thr1288Phe,*,*,*
p.Thr1288Pro,*,*,*
p.Thr1288Ser,*,*,*
p.Thr1288Ter,*,*,*
p.Thr1288Trp,*,*,*
p.Thr1288Tyr,*,*,*
p.Thr1288Val,*,*,*
p.Thr1317=,*,*,*
p.Thr1317Ala,*,*,*
p.Thr1317Arg,*,*,*
p.Thr1317Asn,*,*,*
p.Thr1317Asp,*,*,*
p.Thr1317Cys,*,*,*
p.Thr1317Gln,*,*,*
p.Thr1317Glu,*,*,*
p.Thr1317Gly,*,*,*
p.Thr1317His,*,*,*
p.Thr1317Ile,*,*,*
p.Thr1317Leu,*,*,*
p.Thr1317Lys,*,*,*
p.Thr1317Met,*,*,*
p.Thr1317Phe,*,*,*
p.Thr1317Pro,*,*,*
p.Thr1317Ser,*,*,*
p.Thr1317Ter,*,*,*
p.Thr1317Trp,*,*,*
p.Thr1317Tyr,*,*,*
p.Thr1317Val,*,*,*
p.Thr1396=,*,*,*
p.Thr1396Ala,*,*,*
p.Thr1396Arg,*,*,*
p.Thr1396Asn,*,*,*
p.Thr1396Asp,*,*,*
p.Thr1396Cys,*,*,*
p.Thr1396Gln,*,*,*
p.Thr1396Glu,*,*,*
p.Thr1396Gly,*,*,*
p.Thr1396His,*,*,*
p.Thr1396Ile,*,*,*
p.Thr1396Leu,*,*,*
p.Thr1396Lys,*,*,*
p.Thr1396Met,*,*,*
p.Thr1396Phe,*,*,*
p.Thr1396Pro,*,*,*
p.Thr1396Ser,*,*,*
p.Thr1396Ter,*,*,*
p.Thr1396Trp,*,*,*
p.Thr1396Tyr,*,*,*
p.Thr1396Val,*,*,*
p.Thr1417=,*,*,*
p.Thr1417Ala,*,*,*
p.Thr1417Arg,*,*,*
p.Thr1417Asn,*,*,*
p.Thr1417Asp,*,*,*
p.Thr1417Cys,*,*,*
p.Thr1417Gln,*,*,*
p.Thr1417Glu,*,*,*
p.Thr1417Gly,*,*,*
p.Thr1417His,*,*,*
p.Thr1417Ile,*,*,*
p.Thr1417Leu,*,*,*
p.Thr1417Lys,*,*,*
p.Thr1417Met,*,*,*
p.Thr1417Phe,*,*,*
p.Thr1417Pro,*,*,*
p.Thr1417Ser,*,*,*
p.Thr1417Ter,*,*,*
p.Thr1417Trp,*,*,*
p.Thr1417Tyr,*,*,*
p.Thr1417Val,*,*,*
p.Thr1434=,*,*,*
p.Thr1434Ala,*,*,*
p.Thr1434Arg,*,*,*
p.Thr1434Asn,*,*,*
p.Thr1434Asp,*,*,*
p.Thr1434Cys,*,*,*
p.Thr1434Gln,*,*,*
p.Thr1434Glu,*,*,*
p.Thr1434Gly,*,*,*
p.Thr1434His,*,*,*
p.Thr1434Ile,*,*,*
p.Thr1434Leu,*,*,*
p.Thr1434Lys,*,*,*
p.Thr1434Met,*,*,*
p.Thr1434Phe,*,*,*
p.Thr1434Pro,*,*,*
p.Thr1434Ser,*,*,*
p.Thr1434Ter,*,*,*
p.Thr1434Trp,*,*,*
p.Thr1434Tyr,*,*,*
p.Thr1434Val,*,*,*
p.Thr737=,*,*,*
p.Thr737Ala,*,*,*
p.Thr737Arg,*,*,*
p.Thr737Asn,*,*,*
p.Thr737Asp,*,*,*
p.Thr737Cys,*,*,*
p.Thr737Gln,*,*,*
p.Thr737Glu,*,*,*
p.Thr737Gly,*,*,*
p.Thr737His,*,*,*
p.Thr737Ile,*,*,*
p.Thr737Leu,*,*,*
p.Thr737Lys,*,*,*
p.Thr737Met,*,*,*
p.Thr737Phe,*,*,*
p.Thr737Pro,*,*,*
p.Thr737Ser,*,*,*
p.Thr737Ter,*,*,*
p.Thr737Trp,*,*,*
p.Thr737Tyr,*,*,*
p.Thr737Val,*,*,*
p.Thr762=,*,*,*
p.Thr762Ala,*,*,*
p.Thr762Arg,*,*,*
p.Thr762Asn,*,*,*
p.Thr762Asp,*,*,*
p.Thr762Cys,*,*,*
p.Thr762Gln,*,*,*
p.Thr762Glu,*,*,*
p.Thr762Gly,*,*,*
p.Thr762His,*,*,*
p.Thr762Ile,*,*,*
p.Thr762Leu,*,*,*
p.Thr762Lys,*,*,*
p.Thr762Met,*,*,*
p.Thr762Phe,*,*,*
p.Thr762Pro,*,*,*
p.Thr762Ser,*,*,*
p.Thr762Ter,*,*,*
p.Thr762Trp,*,*,*
p.Thr762Tyr,*,*,*
p.Thr762Val,*,*,*
p.Thr766=,*,*,*
p.Thr766Ala,*,*,*
p.Thr766Arg,*,*,*
p.Thr766Asn,*,*,*
p.Thr766Asp,*,*,*
p.Thr766Cys,*,*,*
p.Thr766Gln,*,*,*
p.Thr766Glu,*,*,*
p.Thr766Gly,*,*,*
p.Thr766His,*,*,*
p.Thr766Ile,*,*,*
p.Thr766Leu,*,*,*
p.Thr766Lys,*,*,*
p.Thr766Met,*,*,*
p.Thr766Phe,*,*,*
p.Thr766Pro,*,*,*
p.Thr766Ser,*,*,*
p.Thr766Ter,*,*,*
p.Thr766Trp,*,*,*
p.Thr766Tyr,*,*,*
p.Thr766Val,*,*,*
p.Thr788=,*,*,*
p.Thr788Ala,*,*,*
p.Thr788Arg,*,*,*
p.Thr788Asn,*,*,*
p.Thr788Asp,*,*,*
p.Thr788Cys,*,*,*
p.Thr788Gln,*,*,*
p.Thr788Glu,*,*,*
p.Thr788Gly,*,*,*
p.Thr788His,*,*,*
p.Thr788Ile,*,*,*
p.Thr788Leu,*,*,*
p.Thr788Lys,*,*,*
p.Thr788Met,*,*,*
p.Thr788Phe,*,*,*
p.Thr788Pro,*,*,*
p.Thr788Ser,*,*,*
p.Thr788Ter,*,*,*
p.Thr788Trp,*,*,*
p.Thr788Tyr,*,*,*
p.Thr788Val,*,*,*
p.Thr801=,*,*,*
p.Thr801Ala,*,*,*
p.Thr801Arg,*,*,*
p.Thr801Asn,*,*,*
p.Thr801Asp,*,*,*
p.Thr801Cys,*,*,*
p.Thr801Gln,*,*,*
p.Thr801Glu,*,*,*
p.Thr801Gly,*,*,*
p.Thr801His,*,*,*
p.Thr801Ile,*,*,*
p.Thr801Leu,*,*,*
p.Thr801Lys,*,*,*
p.Thr801Met,*,*,*
p.Thr801Phe,*,*,*
p.Thr801Pro,*,*,*
p.Thr801Ser,*,*,*
p.Thr801Ter,*,*,*
p.Thr801Trp,*,*,*
p.Thr801Tyr,*,*,*
p.Thr801Val,*,*,*
p.Thr804=,*,*,*
p.Thr804Ala,*,*,*
p.Thr804Arg,*,*,*
p.Thr804Asn,*,*,*
p.Thr804Asp,*,*,*
p.Thr804Cys,*,*,*
p.Thr804Gln,*,*,*
p.Thr804Glu,*,*,*
p.Thr804Gly,*,*,*
p.Thr804His,*,*,*
p.Thr804Ile,*,*,*
p.Thr804Leu,*,*,*
p.Thr804Lys,*,*,*
p.Thr804Met,*,*,*
p.Thr804Phe,*,*,*
p.Thr804Pro,*,*,*
p.Thr804Ser,*,*,*
p.Thr804Ter,*,*,*
p.Thr804Trp,*,*,*
p.Thr804Tyr,*,*,*
p.Thr804Val,*,*,*
p.Thr807=,*,*,*
p.Thr807Ala,*,*,*
p.Thr807Arg,*,*,*
p.Thr807Asn,*,*,*
p.Thr807Asp,*,*,*
p.Thr807Cys,*,*,*
p.Thr807Gln,*,*,*
p.Thr807Glu,*,*,*
p.Thr807Gly,*,*,*
p.Thr807His,*,*,*
p.Thr807Ile,*,*,*
p.Thr807Leu,*,*,*
p.Thr807Lys,*,*,*
p.Thr807Met,*,*,*
p.Thr807Phe,*,*,*
p.Thr807Pro,*,*,*
p.Thr807Ser,*,*,*
p.Thr807Ter,*,*,*
p.Thr807Trp,*,*,*
p.Thr807Tyr,*,*,*
p.Thr807Val,*,*,*
p.Thr850=,*,*,*
p.Thr850Ala,*,*,*
p.Thr850Arg,*,*,*
p.Thr850Asn,*,*,*
p.Thr850Asp,*,*,*
p.Thr850Cys,*,*,*
p.Thr850Gln,*,*,*
p.Thr850Glu,*,*,*
p.Thr850Gly,*,*,*
p.Thr850His,*,*,*
p.Thr850Ile,*,*,*
p.Thr850Leu,*,*,*
p.Thr850Met,*,*,*
p.Thr850Phe,*,*,*
p.Thr850Pro,*,*,*
p.Thr850Ser,*,*,*
p.Thr850Ter,*,*,*
p.Thr850Trp,*,*,*
p.Thr850Tyr,*,*,*
p.Thr850Val,*,*,*
p.Thr858=,*,*,*
p.Thr858Ala,*,*,*
p.Thr858Arg,*,*,*
p.Thr858Asn,*,*,*
p.Thr858Asp,*,*,*
p.Thr858Cys,*,*,*
p.Thr858Gln,*,*,*
p.Thr858Glu,*,*,*
p.Thr858Gly,*,*,*
p.Thr858His,*,*,*
p.Thr858Ile,*,*,*
p.Thr858Leu,*,*,*
p.Thr858Lys,*,*,*
p.Thr858Met,*,*,*
p.Thr858Phe,*,*,*
p.Thr858Pro,*,*,*
p.Thr858Ser,*,*,*
p.Thr858Ter,*,*,*
p.Thr858Trp,*,*,*
p.Thr858Tyr,*,*,*
p.Thr858Val,*,*,*
p.Thr865=,*,*,*
p.Thr865Ala,*,*,*
p.Thr865Arg,*,*,*
p.Thr865Asn,*,*,*
p.Thr865Asp,*,*,*
p.Thr865Cys,*,*,*
p.Thr865Gln,*,*,*
p.Thr865Glu,*,*,*
p.Thr865Gly,*,*,*
p.Thr865His,*,*,*
p.Thr865Ile,*,*,*
p.Thr865Leu,*,*,*
p.Thr865Lys,*,*,*
p.Thr865Met,*,*,*
p.Thr865Phe,*,*,*
p.Thr865Pro,*,*,*
p.Thr865Ser,*,*,*
p.Thr865Ter,*,*,*
p.Thr865Trp,*,*,*
p.Thr865Tyr,*,*,*
p.Thr865Val,*,*,*
p.Thr871=,*,*,*
p.Thr871Ala,*,*,*
p.Thr871Arg,*,*,*
p.Thr871Asn,*,*,*
p.Thr871Asp,*,*,*
p.Thr871Cys,*,*,*
p.Thr871Gln,*,*,*
p.Thr871Glu,*,*,*
p.Thr871Gly,*,*,*
p.Thr871His,*,*,*
p.Thr871Ile,*,*,*
p.Thr871Leu,*,*,*
p.Thr871Lys,*,*,*
p.Thr871Met,*,*,*
p.Thr871Phe,*,*,*
p.Thr871Pro,*,*,*
p.Thr871Ser,*,*,*
p.Thr871Ter,*,*,*
p.Thr871Trp,*,*,*
p.Thr871Tyr,*,*,*
p.Thr871Val,*,*,*
p.Thr888=,*,*,*
p.Thr888Ala,*,*,*
p.Thr888Arg,*,*,*
p.Thr888Asn,*,*,*
p.Thr888Asp,*,*,*
p.Thr888Cys,*,*,*
p.Thr888Gln,*,*,*
p.Thr888Glu,*,*,*
p.Thr888Gly,*,*,*
p.Thr888His,*,*,*
p.Thr888Ile,*,*,*
p.Thr888Leu,*,*,*
p.Thr888Lys,*,*,*
p.Thr888Met,*,*,*
p.Thr888Phe,*,*,*
p.Thr888Pro,*,*,*
p.Thr888Ser,*,*,*
p.Thr888Ter,*,*,*
p.Thr888Trp,*,*,*
p.Thr888Tyr,*,*,*
p.Thr888Val,*,*,*
p.Thr894=,*,*,*
p.Thr894Ala,*,*,*
p.Thr894Arg,*,*,*
p.Thr894Asn,*,*,*
p.Thr894Asp,*,*,*
p.Thr894Cys,*,*,*
p.Thr894Gln,*,*,*
p.Thr894Glu,*,*,*
p.Thr894Gly,*,*,*
p.Thr894His,*,*,*
p.Thr894Ile,*,*,*
p.Thr894Leu,*,*,*
p.Thr894Lys,*,*,*
p.Thr894Met,*,*,*
p.Thr894Phe,*,*,*
p.Thr894Pro,*,*,*
p.Thr894Ser,*,*,*
p.Thr894Ter,*,*,*
p.Thr894Trp,*,*,*
p.Thr894Tyr,*,*,*
p.Thr894Val,*,*,*
p.Thr895=,*,*,*
p.Thr895Ala,*,*,*
p.Thr895Arg,*,*,*
p.Thr895Asn,*,*,*
p.Thr895Asp,*,*,*
p.Thr895Cys,*,*,*
p.Thr895Gln,*,*,*
p.Thr895Glu,*,*,*
p.Thr895Gly,*,*,*
p.Thr895His,*,*,*
p.Thr895Ile,*,*,*
p.Thr895Leu,*,*,*
p.Thr895Lys,*,*,*
p.Thr895Met,*,*,*
p.Thr895Phe,*,*,*
p.Thr895Pro,*,*,*
p.Thr895Ser,*,*,*
p.Thr895Ter,*,*,*
p.Thr895Trp,*,*,*
p.Thr895Tyr,*,*,*
p.Thr895Val,*,*,*
p.Thr933=,*,*,*
p.Thr933Ala,*,*,*
p.Thr933Arg,*,*,*
p.Thr933Asn,*,*,*
p.Thr933Asp,*,*,*
p.Thr933Cys,*,*,*
p.Thr933Gly,*,*,*
p.Thr933Ile,*,*,*
p.Thr933Leu,*,*,*
p.Thr933Lys,*,*,*
p.Thr933Met,*,*,*
p.Thr933Phe,*,*,*
p.Thr933Pro,*,*,*
p.Thr933Ser,*,*,*
p.Thr933Val,*,*,*
p.Thr935=,*,*,*
p.Thr935Ala,*,*,*
p.Thr935Arg,*,*,*
p.Thr935Asn,*,*,*
p.Thr935Asp,*,*,*
p.Thr935Cys,*,*,*
p.Thr935Gln,*,*,*
p.Thr935Glu,*,*,*
p.Thr935Gly,*,*,*
p.Thr935His,*,*,*
p.Thr935Ile,*,*,*
p.Thr935Leu,*,*,*
p.Thr935Lys,*,*,*
p.Thr935Met,*,*,*
p.Thr935Phe,*,*,*
p.Thr935Pro,*,*,*
p.Thr935Ser,*,*,*
p.Thr935Ter,*,*,*
p.Thr935Trp,*,*,*
p.Thr935Tyr,*,*,*
p.Thr935Val,*,*,*
p.Thr964=,*,*,*
p.Thr964Ala,*,*,*
p.Thr964Arg,*,*,*
p.Thr964Asn,*,*,*
p.Thr964Asp,*,*,*
p.Thr964Cys,*,*,*
p.Thr964Gln,*,*,*
p.Thr964Glu,*,*,*
p.Thr964Gly,*,*,*
p.Thr964His,*,*,*
p.Thr964Ile,*,*,*
p.Thr964Leu,*,*,*
p.Thr964Lys,*,*,*
p.Thr964Met,*,*,*
p.Thr964Phe,*,*,*
p.Thr964Pro,*,*,*
p.Thr964Ser,*,*,*
p.Thr964Ter,*,*,*
p.Thr964Trp,*,*,*
p.Thr964Tyr,*,*,*
p.Thr964Val,*,*,*
p.Thr974=,*,*,*
p.Thr974Ala,*,*,*
p.Thr974Arg,*,*,*
p.Thr974Asn,*,*,*
p.Thr974Asp,*,*,*
p.Thr974Cys,*,*,*
p.Thr974Gln,*,*,*
p.Thr974Glu,*,*,*
p.Thr974Gly,*,*,*
p.Thr974His,*,*,*
p.Thr974Ile,*,*,*
p.Thr974Leu,*,*,*
p.Thr974Lys,*,*,*
p.Thr974Met,*,*,*
p.Thr974Phe,*,*,*
p.Thr974Pro,*,*,*
p.Thr974Ser,*,*,*
p.Thr974Ter,*,*,*
p.Thr974Trp,*,*,*
p.Thr974Tyr,*,*,*
p.Thr974Val,*,*,*
p.Thr977=,*,*,*
p.Thr977Ala,*,*,*
p.Thr977Arg,*,*,*
p.Thr977Asn,*,*,*
p.Thr977Asp,*,*,*
p.Thr977Cys,*,*,*
p.Thr977Gln,*,*,*
p.Thr977Glu,*,*,*
p.Thr977Gly,*,*,*
p.Thr977His,*,*,*
p.Thr977Ile,*,*,*
p.Thr977Leu,*,*,*
p.Thr977Lys,*,*,*
p.Thr977Met,*,*,*
p.Thr977Phe,*,*,*
p.Thr977Pro,*,*,*
p.Thr977Ser,*,*,*
p.Thr977Ter,*,*,*
p.Thr977Trp,*,*,*
p.Thr977Tyr,*,*,*
p.Thr977Val,*,*,*
p.Thr991=,*,*,*
p.Thr991Ala,*,*,*
p.Thr991Arg,*,*,*
p.Thr991Asn,*,*,*
p.Thr991Asp,*,*,*
p.Thr991Cys,*,*,*
p.Thr991Gln,*,*,*
p.Thr991Glu,*,*,*
p.Thr991Gly,*,*,*
p.Thr991His,*,*,*
p.Thr991Ile,*,*,*
p.Thr991Leu,*,*,*
p.Thr991Lys,*,*,*
p.Thr991Met,*,*,*
p.Thr991Phe,*,*,*
p.Thr991Pro,*,*,*
p.Thr991Ser,*,*,*
p.Thr991Ter,*,*,*
p.Thr991Trp,*,*,*
p.Thr991Tyr,*,*,*
p.Thr991Val,*,*,*
p.Thr993=,*,*,*
p.Thr993Ala,*,*,*
p.Thr993Arg,*,*,*
p.Thr993Asn,*,*,*
p.Thr993Asp,*,*,*
p.Thr993Cys,*,*,*
p.Thr993Gln,*,*,*
p.Thr993Glu,*,*,*
p.Thr993Gly,*,*,*
p.Thr993His,*,*,*
p.Thr993Ile,*,*,*
p.Thr993Leu,*,*,*
p.Thr993Lys,*,*,*
p.Thr993Met,*,*,*
p.Thr993Phe,*,*,*
p.Thr993Pro,*,*,*
p.Thr993Ser,*,*,*
p.Thr993Ter,*,*,*
p.Thr993Trp,*,*,*
p.Thr993Tyr,*,*,*
p.Thr993Val,*,*,*
p.Thr999=,*,*,*
p.Thr999Ala,*,*,*
p.Thr999Arg,*,*,*
p.Thr999Asn,*,*,*
p.Thr999Asp,*,*,*
p.Thr999Cys,*,*,*
p.Thr999Gln,*,*,*
p.Thr999Glu,*,*,*
p.Thr999Gly,*,*,*
p.Thr999His,*,*,*
p.Thr999Ile,*,*,*
p.Thr999Leu,*,*,*
p.Thr999Lys,*,*,*
p.Thr999Met,*,*,*
p.Thr999Phe,*,*,*
p.Thr999Pro,*,*,*
p.Thr999Ser,*,*,*
p.Thr999Ter,*,*,*
p.Thr999Trp,*,*,*
p.Thr999Tyr,*,*,*
p.Thr999Val,*,*,*
p.Trp1153Ala,*,*,*
p.Trp1153Arg,*,*,*
p.Trp1153Asn,*,*,*
p.Trp1153Asp,*,*,*
p.Trp1153Cys,*,*,*
p.Trp1153Gln,*,*,*
p.Trp1153Glu,*,*,*
p.Trp1153Gly,*,*,*
p.Trp1153His,*,*,*
p.Trp1153Ile,*,*,*
p.Trp1153Leu,*,*,*
p.Trp1153Lys,*,*,*
p.Trp1153Met,*,*,*
p.Trp1153Phe,*,*,*
p.Trp1153Pro,*,*,*
p.Trp1153Ser,*,*,*
p.Trp1153Ter,*,*,*
p.Trp1153Thr,*,*,*
p.Trp1153Tyr,*,*,*
p.Trp1153Val,*,*,*
p.Trp1353Ala,*,*,*
p.Trp1353Arg,*,*,*
p.Trp1353Asn,*,*,*
p.Trp1353Asp,*,*,*
p.Trp1353Cys,*,*,*
p.Trp1353Gln,*,*,*
p.Trp1353Glu,*,*,*
p.Trp1353Gly,*,*,*
p.Trp1353Ile,*,*,*
p.Trp1353Leu,*,*,*
p.Trp1353Lys,*,*,*
p.Trp1353Met,*,*,*
p.Trp1353Phe,*,*,*
p.Trp1353Ser,*,*,*
p.Trp1353Ter,*,*,*
p.Trp1353Thr,*,*,*
p.Trp1353Tyr,*,*,*
p.Trp1353Val,*,*,*
p.Trp1410Ala,*,*,*
p.Trp1410Arg,*,*,*
p.Trp1410Asn,*,*,*
p.Trp1410Asp,*,*,*
p.Trp1410Cys,*,*,*
p.Trp1410Gln,*,*,*
p.Trp1410Glu,*,*,*
p.Trp1410Gly,*,*,*
p.Trp1410His,*,*,*
p.Trp1410Ile,*,*,*
p.Trp1410Leu,*,*,*
p.Trp1410Lys,*,*,*
p.Trp1410Met,*,*,*
p.Trp1410Phe,*,*,*
p.Trp1410Pro,*,*,*
p.Trp1410Ser,*,*,*
p.Trp1410Ter,*,*,*
p.Trp1410Thr,*,*,*
p.Trp1410Tyr,*,*,*
p.Trp1410Val,*,*,*
p.Trp1419Ala,*,*,*
p.Trp1419Arg,*,*,*
p.Trp1419Asn,*,*,*
p.Trp1419Asp,*,*,*
p.Trp1419Cys,*,*,*
p.Trp1419Gln,*,*,*
p.Trp1419Glu,*,*,*
p.Trp1419Gly,*,*,*
p.Trp1419His,*,*,*
p.Trp1419Ile,*,*,*
p.Trp1419Leu,*,*,*
p.Trp1419Lys,*,*,*
p.Trp1419Met,*,*,*
p.Trp1419Phe,*,*,*
p.Trp1419Pro,*,*,*
p.Trp1419Ser,*,*,*
p.Trp1419Ter,*,*,*
p.Trp1419Thr,*,*,*
p.Trp1419Tyr,*,*,*
p.Trp1419Val,*,*,*
p.Trp1452Ala,*,*,*
p.Trp1452Arg,*,*,*
p.Trp1452Asn,*,*,*
p.Trp1452Asp,*,*,*
p.Trp1452Cys,*,*,*
p.Trp1452Gln,*,*,*
p.Trp1452Glu,*,*,*
p.Trp1452Gly,*,*,*
p.Trp1452His,*,*,*
p.Trp1452Ile,*,*,*
p.Trp1452Leu,*,*,*
p.Trp1452Lys,*,*,*
p.Trp1452Met,*,*,*
p.Trp1452Phe,*,*,*
p.Trp1452Pro,*,*,*
p.Trp1452Ser,*,*,*
p.Trp1452Ter,*,*,*
p.Trp1452Thr,*,*,*
p.Trp1452Tyr,*,*,*
p.Trp1452Val,*,*,*
p.Trp712Ala,*,*,*
p.Trp712Arg,*,*,*
p.Trp712Asn,*,*,*
p.Trp712Asp,*,*,*
p.Trp712Cys,*,*,*
p.Trp712Gln,*,*,*
p.Trp712Glu,*,*,*
p.Trp712Gly,*,*,*
p.Trp712His,*,*,*
p.Trp712Ile,*,*,*
p.Trp712Leu,*,*,*
p.Trp712Lys,*,*,*
p.Trp712Met,*,*,*
p.Trp712Phe,*,*,*
p.Trp712Pro,*,*,*
p.Trp712Ser,*,*,*
p.Trp712Ter,*,*,*
p.Trp712Thr,*,*,*
p.Trp712Tyr,*,*,*
p.Trp712Val,*,*,*
p.Trp779Ala,*,*,*
p.Trp779Arg,*,*,*
p.Trp779Asn,*,*,*
p.Trp779Asp,*,*,*
p.Trp779Cys,*,*,*
p.Trp779Gln,*,*,*
p.Trp779Glu,*,*,*
p.Trp779Gly,*,*,*
p.Trp779His,*,*,*
p.Trp779Ile,*,*,*
p.Trp779Leu,*,*,*
p.Trp779Lys,*,*,*
p.Trp779Met,*,*,*
p.Trp779Phe,*,*,*
p.Trp779Pro,*,*,*
p.Trp779Ser,*,*,*
p.Trp779Ter,*,*,*
p.Trp779Thr,*,*,*
p.Trp779Tyr,*,*,*
p.Trp779Val,*,*,*
p.Trp939Ala,*,*,*
p.Trp939Arg,*,*,*
p.Trp939Asn,*,*,*
p.Trp939Asp,*,*,*
p.Trp939Cys,*,*,*
p.Trp939Gln,*,*,*
p.Trp939Glu,*,*,*
p.Trp939Gly,*,*,*
p.Trp939His,*,*,*
p.Trp939Ile,*,*,*
p.Trp939Leu,*,*,*
p.Trp939Lys,*,*,*
p.Trp939Met,*,*,*
p.Trp939Phe,*,*,*
p.Trp939Pro,*,*,*
p.Trp939Ser,*,*,*
p.Trp939Ter,*,*,*
p.Trp939Thr,*,*,*
p.Trp939Tyr,*,*,*
p.Trp939Val,*,*,*
p.Tyr1078=,*,*,*
p.Tyr1078Ala,*,*,*
p.Tyr1078Arg,*,*,*
p.Tyr1078Asp,*,*,*
p.Tyr1078Cys,*,*,*
p.Tyr1078Gln,*,*,*
p.Tyr1078Glu,*,*,*
p.Tyr1078Gly,*,*,*
p.Tyr1078His,*,*,*
p.Tyr1078Ile,*,*,*
p.Tyr1078Leu,*,*,*
p.Tyr1078Met,*,*,*
p.Tyr1078Phe,*,*,*
p.Tyr1078Pro,*,*,*
p.Tyr1078Ser,*,*,*
p.Tyr1078Ter,*,*,*
p.Tyr1078Thr,*,*,*
p.Tyr1078Trp,*,*,*
p.Tyr1078Val,*,*,*
p.Tyr1090=,*,*,*
p.Tyr1090Ala,*,*,*
p.Tyr1090Arg,*,*,*
p.Tyr1090Asn,*,*,*
p.Tyr1090Asp,*,*,*
p.Tyr1090Cys,*,*,*
p.Tyr1090Gln,*,*,*
p.Tyr1090Glu,*,*,*
p.Tyr1090Gly,*,*,*
p.Tyr1090His,*,*,*
p.Tyr1090Ile,*,*,*
p.Tyr1090Leu,*,*,*
p.Tyr1090Lys,*,*,*
p.Tyr1090Met,*,*,*
p.Tyr1090Phe,*,*,*
p.Tyr1090Pro,*,*,*
p.Tyr1090Ser,*,*,*
p.Tyr1090Ter,*,*,*
p.Tyr1090Thr,*,*,*
p.Tyr1090Trp,*,*,*
p.Tyr1090Val,*,*,*
p.Tyr1331=,*,*,*
p.Tyr1331Ala,*,*,*
p.Tyr1331Arg,*,*,*
p.Tyr1331Asn,*,*,*
p.Tyr1331Asp,*,*,*
p.Tyr1331Cys,*,*,*
p.Tyr1331Gln,*,*,*
p.Tyr1331Glu,*,*,*
p.Tyr1331Gly,*,*,*
p.Tyr1331His,*,*,*
p.Tyr1331Ile,*,*,*
p.Tyr1331Leu,*,*,*
p.Tyr1331Lys,*,*,*
p.Tyr1331Met,*,*,*
p.Tyr1331Phe,*,*,*
p.Tyr1331Pro,*,*,*
p.Tyr1331Ser,*,*,*
p.Tyr1331Ter,*,*,*
p.Tyr1331Thr,*,*,*
p.Tyr1331Trp,*,*,*
p.Tyr1331Val,*,*,*
p.Tyr1376=,*,*,*
p.Tyr1376Ala,*,*,*
p.Tyr1376Arg,*,*,*
p.Tyr1376Asn,*,*,*
p.Tyr1376Asp,*,*,*
p.Tyr1376Cys,*,*,*
p.Tyr1376Gln,*,*,*
p.Tyr1376Glu,*,*,*
p.Tyr1376Gly,*,*,*
p.Tyr1376His,*,*,*
p.Tyr1376Ile,*,*,*
p.Tyr1376Leu,*,*,*
p.Tyr1376Lys,*,*,*
p.Tyr1376Met,*,*,*
p.Tyr1376Phe,*,*,*
p.Tyr1376Pro,*,*,*
p.Tyr1376Ser,*,*,*
p.Tyr1376Ter,*,*,*
p.Tyr1376Thr,*,*,*
p.Tyr1376Trp,*,*,*
p.Tyr1376Val,*,*,*
p.Tyr1384=,*,*,*
p.Tyr1384Ala,*,*,*
p.Tyr1384Arg,*,*,*
p.Tyr1384Asn,*,*,*
p.Tyr1384Asp,*,*,*
p.Tyr1384Cys,*,*,*
p.Tyr1384Gln,*,*,*
p.Tyr1384Glu,*,*,*
p.Tyr1384Gly,*,*,*
p.Tyr1384His,*,*,*
p.Tyr1384Ile,*,*,*
p.Tyr1384Leu,*,*,*
p.Tyr1384Lys,*,*,*
p.Tyr1384Met,*,*,*
p.Tyr1384Phe,*,*,*
p.Tyr1384Pro,*,*,*
p.Tyr1384Ser,*,*,*
p.Tyr1384Ter,*,*,*
p.Tyr1384Thr,*,*,*
p.Tyr1384Trp,*,*,*
p.Tyr1384Val,*,*,*
p.Tyr1424=,*,*,*
p.Tyr1424Ala,*,*,*
p.Tyr1424Arg,*,*,*
p.Tyr1424Asn,*,*,*
p.Tyr1424Asp,*,*,*
p.Tyr1424Cys,*,*,*
p.Tyr1424Gln,*,*,*
p.Tyr1424Glu,*,*,*
p.Tyr1424Gly,*,*,*
p.Tyr1424His,*,*,*
p.Tyr1424Ile,*,*,*
p.Tyr1424Leu,*,*,*
p.Tyr1424Lys,*,*,*
p.Tyr1424Met,*,*,*
p.Tyr1424Phe,*,*,*
p.Tyr1424Pro,*,*,*
p.Tyr1424Ser,*,*,*
p.Tyr1424Ter,*,*,*
p.Tyr1424Thr,*,*,*
p.Tyr1424Trp,*,*,*
p.Tyr1424Val,*,*,*
p.Tyr1464=,*,*,*
p.Tyr1464Ala,*,*,*
p.Tyr1464Arg,*,*,*
p.Tyr1464Asn,*,*,*
p.Tyr1464Asp,*,*,*
p.Tyr1464Cys,*,*,*
p.Tyr1464Gln,*,*,*
p.Tyr1464Glu,*,*,*
p.Tyr1464Gly,*,*,*
p.Tyr1464His,*,*,*
p.Tyr1464Ile,*,*,*
p.Tyr1464Leu,*,*,*
p.Tyr1464Lys,*,*,*
p.Tyr1464Met,*,*,*
p.Tyr1464Phe,*,*,*
p.Tyr1464Pro,*,*,*
p.Tyr1464Ser,*,*,*
p.Tyr1464Ter,*,*,*
p.Tyr1464Thr,*,*,*
p.Tyr1464Trp,*,*,*
p.Tyr1464Val,*,*,*
p.Tyr713=,*,*,*
p.Tyr713Ala,*,*,*
p.Tyr713Arg,*,*,*
p.Tyr713Asn,*,*,*
p.Tyr713Asp,*,*,*
p.Tyr713Cys,*,*,*
p.Tyr713Gln,*,*,*
p.Tyr713Glu,*,*,*
p.Tyr713Gly,*,*,*
p.Tyr713His,*,*,*
p.Tyr713Ile,*,*,*
p.Tyr713Leu,*,*,*
p.Tyr713Lys,*,*,*
p.Tyr713Met,*,*,*
p.Tyr713Phe,*,*,*
p.Tyr713Pro,*,*,*
p.Tyr713Ser,*,*,*
p.Tyr713Ter,*,*,*
p.Tyr713Thr,*,*,*
p.Tyr713Trp,*,*,*
p.Tyr713Val,*,*,*
p.Tyr715=,*,*,*
p.Tyr715Ala,*,*,*
p.Tyr715Arg,*,*,*
p.Tyr715Asn,*,*,*
p.Tyr715Asp,*,*,*
p.Tyr715Cys,*,*,*
p.Tyr715Gln,*,*,*
p.Tyr715Glu,*,*,*
p.Tyr715Gly,*,*,*
p.Tyr715His,*,*,*
p.Tyr715Ile,*,*,*
p.Tyr715Leu,*,*,*
p.Tyr715Lys,*,*,*
p.Tyr715Met,*,*,*
p.Tyr715Phe,*,*,*
p.Tyr715Pro,*,*,*
p.Tyr715Ser,*,*,*
p.Tyr715Ter,*,*,*
p.Tyr715Thr,*,*,*
p.Tyr715Trp,*,*,*
p.Tyr715Val,*,*,*
p.Tyr719=,*,*,*
p.Tyr719Ala,*,*,*
p.Tyr719Arg,*,*,*
p.Tyr719Asn,*,*,*
p.Tyr719Asp,*,*,*
p.Tyr719Cys,*,*,*
p.Tyr719Gln,*,*,*
p.Tyr719Glu,*,*,*
p.Tyr719Gly,*,*,*
p.Tyr719His,*,*,*
p.Tyr719Ile,*,*,*
p.Tyr719Leu,*,*,*
p.Tyr719Lys,*,*,*
p.Tyr719Met,*,*,*
p.Tyr719Phe,*,*,*
p.Tyr719Pro,*,*,*
p.Tyr719Ser,*,*,*
p.Tyr719Ter,*,*,*
p.Tyr719Thr,*,*,*
p.Tyr719Trp,*,*,*
p.Tyr719Val,*,*,*
p.Tyr741Ala,*,*,*
p.Tyr741Arg,*,*,*
p.Tyr741Asn,*,*,*
p.Tyr741Asp,*,*,*
p.Tyr741Cys,*,*,*
p.Tyr741Glu,*,*,*
p.Tyr741Gly,*,*,*
p.Tyr741His,*,*,*
p.Tyr741Ile,*,*,*
p.Tyr741Leu,*,*,*
p.Tyr741Lys,*,*,*
p.Tyr741Met,*,*,*
p.Tyr741Phe,*,*,*
p.Tyr741Pro,*,*,*
p.Tyr741Ser,*,*,*
p.Tyr741Ter,*,*,*
p.Tyr741Thr,*,*,*
p.Tyr741Trp,*,*,*
p.Tyr741Val,*,*,*
p.Tyr743=,*,*,*
p.Tyr743Ala,*,*,*
p.Tyr743Arg,*,*,*
p.Tyr743Asn,*,*,*
p.Tyr743Asp,*,*,*
p.Tyr743Cys,*,*,*
p.Tyr743Gln,*,*,*
p.Tyr743Glu,*,*,*
p.Tyr743Gly,*,*,*
p.Tyr743His,*,*,*
p.Tyr743Ile,*,*,*
p.Tyr743Leu,*,*,*
p.Tyr743Phe,*,*,*
p.Tyr743Pro,*,*,*
p.Tyr743Ser,*,*,*
p.Tyr743Ter,*,*,*
p.Tyr743Thr,*,*,*
p.Tyr743Trp,*,*,*
p.Tyr743Val,*,*,*
p.Tyr923=,*,*,*
p.Tyr923Ala,*,*,*
p.Tyr923Arg,*,*,*
p.Tyr923Asn,*,*,*
p.Tyr923Asp,*,*,*
p.Tyr923Cys,*,*,*
p.Tyr923Gln,*,*,*
p.Tyr923Glu,*,*,*
p.Tyr923Gly,*,*,*
p.Tyr923His,*,*,*
p.Tyr923Ile,*,*,*
p.Tyr923Leu,*,*,*
p.Tyr923Lys,*,*,*
p.Tyr923Met,*,*,*
p.Tyr923Phe,*,*,*
p.Tyr923Pro,*,*,*
p.Tyr923Ser,*,*,*
p.Tyr923Ter,*,*,*
p.Tyr923Thr,*,*,*
p.Tyr923Trp,*,*,*
p.Tyr923Val,*,*,*
p.Tyr953=,*,*,*
p.Tyr953Ala,*,*,*
p.Tyr953Arg,*,*,*
p.Tyr953Asn,*,*,*
p.Tyr953Asp,*,*,*
p.Tyr953Cys,*,*,*
p.Tyr953Gln,*,*,*
p.Tyr953Glu,*,*,*
p.Tyr953Gly,*,*,*
p.Tyr953His,*,*,*
p.Tyr953Ile,*,*,*
p.Tyr953Leu,*,*,*
p.Tyr953Lys,*,*,*
p.Tyr953Met,*,*,*
p.Tyr953Phe,*,*,*
p.Tyr953Pro,*,*,*
p.Tyr953Ser,*,*,*
p.Tyr953Ter,*,*,*
p.Tyr953Thr,*,*,*
p.Tyr953Trp,*,*,*
p.Tyr953Val,*,*,*
p.Val1001=,*,*,*
p.Val1001Ala,*,*,*
p.Val1001Arg,*,*,*
p.Val1001Asn,*,*,*
p.Val1001Asp,*,*,*
p.Val1001Cys,*,*,*
p.Val1001Gln,*,*,*
p.Val1001Glu,*,*,*
p.Val1001Gly,*,*,*
p.Val1001His,*,*,*
p.Val1001Ile,*,*,*
p.Val1001Leu,*,*,*
p.Val1001Lys,*,*,*
p.Val1001Met,*,*,*
p.Val1001Phe,*,*,*
p.Val1001Pro,*,*,*
p.Val1001Ser,*,*,*
p.Val1001Ter,*,*,*
p.Val1001Thr,*,*,*
p.Val1001Trp,*,*,*
p.Val1001Tyr,*,*,*
p.Val1024=,*,*,*
p.Val1024Ala,*,*,*
p.Val1024Arg,*,*,*
p.Val1024Asn,*,*,*
p.Val1024Asp,*,*,*
p.Val1024Cys,*,*,*
p.Val1024Gln,*,*,*
p.Val1024Glu,*,*,*
p.Val1024Gly,*,*,*
p.Val1024His,*,*,*
p.Val1024Ile,*,*,*
p.Val1024Leu,*,*,*
p.Val1024Lys,*,*,*
p.Val1024Met,*,*,*
p.Val1024Phe,*,*,*
p.Val1024Pro,*,*,*
p.Val1024Ser,*,*,*
p.Val1024Ter,*,*,*
p.Val1024Thr,*,*,*
p.Val1024Trp,*,*,*
p.Val1024Tyr,*,*,*
p.Val1036=,*,*,*
p.Val1036Ala,*,*,*
p.Val1036Arg,*,*,*
p.Val1036Asn,*,*,*
p.Val1036Asp,*,*,*
p.Val1036Cys,*,*,*
p.Val1036Gln,*,*,*
p.Val1036Glu,*,*,*
p.Val1036Gly,*,*,*
p.Val1036His,*,*,*
p.Val1036Ile,*,*,*
p.Val1036Leu,*,*,*
p.Val1036Met,*,*,*
p.Val1036Phe,*,*,*
p.Val1036Pro,*,*,*
p.Val1036Ser,*,*,*
p.Val1036Ter,*,*,*
p.Val1036Thr,*,*,*
p.Val1036Trp,*,*,*
p.Val1036Tyr,*,*,*
p.Val1039=,*,*,*
p.Val1039Ala,*,*,*
p.Val1039Arg,*,*,*
p.Val1039Asn,*,*,*
p.Val1039Asp,*,*,*
p.Val1039Cys,*,*,*
p.Val1039Gln,*,*,*
p.Val1039Glu,*,*,*
p.Val1039Gly,*,*,*
p.Val1039His,*,*,*
p.Val1039Ile,*,*,*
p.Val1039Leu,*,*,*
p.Val1039Lys,*,*,*
p.Val1039Met,*,*,*
p.Val1039Phe,*,*,*
p.Val1039Pro,*,*,*
p.Val1039Ser,*,*,*
p.Val1039Ter,*,*,*
p.Val1039Thr,*,*,*
p.Val1039Trp,*,*,*
p.Val1039Tyr,*,*,*
p.Val1042=,*,*,*
p.Val1042Ala,*,*,*
p.Val1042Arg,*,*,*
p.Val1042Asn,*,*,*
p.Val1042Asp,*,*,*
p.Val1042Cys,*,*,*
p.Val1042Gln,*,*,*
p.Val1042Glu,*,*,*
p.Val1042Gly,*,*,*
p.Val1042Ile,*,*,*
p.Val1042Leu,*,*,*
p.Val1042Lys,*,*,*
p.Val1042Met,*,*,*
p.Val1042Phe,*,*,*
p.Val1042Pro,*,*,*
p.Val1042Ser,*,*,*
p.Val1042Ter,*,*,*
p.Val1042Thr,*,*,*
p.Val1042Trp,*,*,*
p.Val1042Tyr,*,*,*
p.Val1048=,*,*,*
p.Val1048Ala,*,*,*
p.Val1048Arg,*,*,*
p.Val1048Asn,*,*,*
p.Val1048Asp,*,*,*
p.Val1048Cys,*,*,*
p.Val1048Gln,*,*,*
p.Val1048Glu,*,*,*
p.Val1048Gly,*,*,*
p.Val1048His,*,*,*
p.Val1048Ile,*,*,*
p.Val1048Leu,*,*,*
p.Val1048Lys,*,*,*
p.Val1048Met,*,*,*
p.Val1048Phe,*,*,*
p.Val1048Pro,*,*,*
p.Val1048Ser,*,*,*
p.Val1048Ter,*,*,*
p.Val1048Thr,*,*,*
p.Val1048Trp,*,*,*
p.Val1048Tyr,*,*,*
p.Val1056=,*,*,*
p.Val1056Ala,*,*,*
p.Val1056Arg,*,*,*
p.Val1056Asn,*,*,*
p.Val1056Asp,*,*,*
p.Val1056Cys,*,*,*
p.Val1056Gln,*,*,*
p.Val1056Glu,*,*,*
p.Val1056Gly,*,*,*
p.Val1056His,*,*,*
p.Val1056Ile,*,*,*
p.Val1056Leu,*,*,*
p.Val1056Met,*,*,*
p.Val1056Phe,*,*,*
p.Val1056Pro,*,*,*
p.Val1056Ser,*,*,*
p.Val1056Ter,*,*,*
p.Val1056Thr,*,*,*
p.Val1056Trp,*,*,*
p.Val1056Tyr,*,*,*
p.Val1059=,*,*,*
p.Val1059Ala,*,*,*
p.Val1059Arg,*,*,*
p.Val1059Asn,*,*,*
p.Val1059Asp,*,*,*
p.Val1059Cys,*,*,*
p.Val1059Gln,*,*,*
p.Val1059Glu,*,*,*
p.Val1059Gly,*,*,*
p.Val1059His,*,*,*
p.Val1059Ile,*,*,*
p.Val1059Leu,*,*,*
p.Val1059Lys,*,*,*
p.Val1059Met,*,*,*
p.Val1059Phe,*,*,*
p.Val1059Pro,*,*,*
p.Val1059Ser,*,*,*
p.Val1059Ter,*,*,*
p.Val1059Thr,*,*,*
p.Val1059Trp,*,*,*
p.Val1059Tyr,*,*,*
p.Val1060=,*,*,*
p.Val1060Ala,*,*,*
p.Val1060Arg,*,*,*
p.Val1060Asn,*,*,*
p.Val1060Asp,*,*,*
p.Val1060Cys,*,*,*
p.Val1060Gln,*,*,*
p.Val1060Glu,*,*,*
p.Val1060Gly,*,*,*
p.Val1060His,*,*,*
p.Val1060Ile,*,*,*
p.Val1060Leu,*,*,*
p.Val1060Lys,*,*,*
p.Val1060Met,*,*,*
p.Val1060Phe,*,*,*
p.Val1060Pro,*,*,*
p.Val1060Ser,*,*,*
p.Val1060Ter,*,*,*
p.Val1060Thr,*,*,*
p.Val1060Trp,*,*,*
p.Val1060Tyr,*,*,*
p.Val1073=,*,*,*
p.Val1073Ala,*,*,*
p.Val1073Arg,*,*,*
p.Val1073Asn,*,*,*
p.Val1073Asp,*,*,*
p.Val1073Cys,*,*,*
p.Val1073Gln,*,*,*
p.Val1073Glu,*,*,*
p.Val1073Gly,*,*,*
p.Val1073His,*,*,*
p.Val1073Ile,*,*,*
p.Val1073Leu,*,*,*
p.Val1073Lys,*,*,*
p.Val1073Met,*,*,*
p.Val1073Phe,*,*,*
p.Val1073Pro,*,*,*
p.Val1073Ser,*,*,*
p.Val1073Ter,*,*,*
p.Val1073Thr,*,*,*
p.Val1073Trp,*,*,*
p.Val1073Tyr,*,*,*
p.Val1075=,*,*,*
p.Val1075Ala,*,*,*
p.Val1075Arg,*,*,*
p.Val1075Asn,*,*,*
p.Val1075Asp,*,*,*
p.Val1075Cys,*,*,*
p.Val1075Gln,*,*,*
p.Val1075Glu,*,*,*
p.Val1075Gly,*,*,*
p.Val1075His,*,*,*
p.Val1075Ile,*,*,*
p.Val1075Leu,*,*,*
p.Val1075Lys,*,*,*
p.Val1075Met,*,*,*
p.Val1075Phe,*,*,*
p.Val1075Pro,*,*,*
p.Val1075Ser,*,*,*
p.Val1075Ter,*,*,*
p.Val1075Thr,*,*,*
p.Val1075Trp,*,*,*
p.Val1075Tyr,*,*,*
p.Val1097=,*,*,*
p.Val1097Ala,*,*,*
p.Val1097Arg,*,*,*
p.Val1097Asn,*,*,*
p.Val1097Asp,*,*,*
p.Val1097Cys,*,*,*
p.Val1097Gln,*,*,*
p.Val1097Glu,*,*,*
p.Val1097Gly,*,*,*
p.Val1097His,*,*,*
p.Val1097Ile,*,*,*
p.Val1097Leu,*,*,*
p.Val1097Lys,*,*,*
p.Val1097Met,*,*,*
p.Val1097Phe,*,*,*
p.Val1097Pro,*,*,*
p.Val1097Ser,*,*,*
p.Val1097Ter,*,*,*
p.Val1097Thr,*,*,*
p.Val1097Trp,*,*,*
p.Val1097Tyr,*,*,*
p.Val1106=,*,*,*
p.Val1106Ala,*,*,*
p.Val1106Arg,*,*,*
p.Val1106Asn,*,*,*
p.Val1106Asp,*,*,*
p.Val1106Cys,*,*,*
p.Val1106Gln,*,*,*
p.Val1106Glu,*,*,*
p.Val1106Gly,*,*,*
p.Val1106His,*,*,*
p.Val1106Ile,*,*,*
p.Val1106Leu,*,*,*
p.Val1106Met,*,*,*
p.Val1106Phe,*,*,*
p.Val1106Pro,*,*,*
p.Val1106Ser,*,*,*
p.Val1106Ter,*,*,*
p.Val1106Thr,*,*,*
p.Val1106Trp,*,*,*
p.Val1106Tyr,*,*,*
p.Val1109=,*,*,*
p.Val1109Ala,*,*,*
p.Val1109Arg,*,*,*
p.Val1109Asn,*,*,*
p.Val1109Asp,*,*,*
p.Val1109Cys,*,*,*
p.Val1109Gln,*,*,*
p.Val1109Glu,*,*,*
p.Val1109Gly,*,*,*
p.Val1109His,*,*,*
p.Val1109Ile,*,*,*
p.Val1109Leu,*,*,*
p.Val1109Lys,*,*,*
p.Val1109Met,*,*,*
p.Val1109Phe,*,*,*
p.Val1109Pro,*,*,*
p.Val1109Ser,*,*,*
p.Val1109Ter,*,*,*
p.Val1109Thr,*,*,*
p.Val1109Trp,*,*,*
p.Val1109Tyr,*,*,*
p.Val1140=,*,*,*
p.Val1140Ala,*,*,*
p.Val1140Arg,*,*,*
p.Val1140Asn,*,*,*
p.Val1140Asp,*,*,*
p.Val1140Cys,*,*,*
p.Val1140Gln,*,*,*
p.Val1140Glu,*,*,*
p.Val1140Gly,*,*,*
p.Val1140His,*,*,*
p.Val1140Ile,*,*,*
p.Val1140Leu,*,*,*
p.Val1140Lys,*,*,*
p.Val1140Met,*,*,*
p.Val1140Phe,*,*,*
p.Val1140Pro,*,*,*
p.Val1140Ser,*,*,*
p.Val1140Ter,*,*,*
p.Val1140Thr,*,*,*
p.Val1140Trp,*,*,*
p.Val1140Tyr,*,*,*
p.Val1146=,*,*,*
p.Val1146Ala,*,*,*
p.Val1146Arg,*,*,*
p.Val1146Asn,*,*,*
p.Val1146Asp,*,*,*
p.Val1146Cys,*,*,*
p.Val1146Gln,*,*,*
p.Val1146Glu,*,*,*
p.Val1146Gly,*,*,*
p.Val1146His,*,*,*
p.Val1146Ile,*,*,*
p.Val1146Leu,*,*,*
p.Val1146Lys,*,*,*
p.Val1146Met,*,*,*
p.Val1146Phe,*,*,*
p.Val1146Pro,*,*,*
p.Val1146Ser,*,*,*
p.Val1146Ter,*,*,*
p.Val1146Thr,*,*,*
p.Val1146Trp,*,*,*
p.Val1146Tyr,*,*,*
p.Val1165=,*,*,*
p.Val1165Ala,*,*,*
p.Val1165Arg,*,*,*
p.Val1165Asn,*,*,*
p.Val1165Asp,*,*,*
p.Val1165Cys,*,*,*
p.Val1165Glu,*,*,*
p.Val1165Gly,*,*,*
p.Val1165His,*,*,*
p.Val1165Ile,*,*,*
p.Val1165Leu,*,*,*
p.Val1165Lys,*,*,*
p.Val1165Met,*,*,*
p.Val1165Phe,*,*,*
p.Val1165Pro,*,*,*
p.Val1165Ser,*,*,*
p.Val1165Ter,*,*,*
p.Val1165Thr,*,*,*
p.Val1165Trp,*,*,*
p.Val1165Tyr,*,*,*
p.Val1182=,*,*,*
p.Val1182Ala,*,*,*
p.Val1182Arg,*,*,*
p.Val1182Asn,*,*,*
p.Val1182Asp,*,*,*
p.Val1182Cys,*,*,*
p.Val1182Gln,*,*,*
p.Val1182Glu,*,*,*
p.Val1182Gly,*,*,*
p.Val1182His,*,*,*
p.Val1182Ile,*,*,*
p.Val1182Leu,*,*,*
p.Val1182Lys,*,*,*
p.Val1182Met,*,*,*
p.Val1182Phe,*,*,*
p.Val1182Pro,*,*,*
p.Val1182Ser,*,*,*
p.Val1182Ter,*,*,*
p.Val1182Thr,*,*,*
p.Val1182Trp,*,*,*
p.Val1182Tyr,*,*,*
p.Val1187=,*,*,*
p.Val1187Ala,*,*,*
p.Val1187Arg,*,*,*
p.Val1187Asn,*,*,*
p.Val1187Asp,*,*,*
p.Val1187Cys,*,*,*
p.Val1187Gln,*,*,*
p.Val1187Glu,*,*,*
p.Val1187Gly,*,*,*
p.Val1187His,*,*,*
p.Val1187Ile,*,*,*
p.Val1187Leu,*,*,*
p.Val1187Lys,*,*,*
p.Val1187Met,*,*,*
p.Val1187Phe,*,*,*
p.Val1187Pro,*,*,*
p.Val1187Ser,*,*,*
p.Val1187Ter,*,*,*
p.Val1187Thr,*,*,*
p.Val1187Trp,*,*,*
p.Val1187Tyr,*,*,*
p.Val1198=,*,*,*
p.Val1198Ala,*,*,*
p.Val1198Arg,*,*,*
p.Val1198Asn,*,*,*
p.Val1198Asp,*,*,*
p.Val1198Cys,*,*,*
p.Val1198Gln,*,*,*
p.Val1198Glu,*,*,*
p.Val1198Gly,*,*,*
p.Val1198His,*,*,*
p.Val1198Ile,*,*,*
p.Val1198Leu,*,*,*
p.Val1198Lys,*,*,*
p.Val1198Met,*,*,*
p.Val1198Phe,*,*,*
p.Val1198Pro,*,*,*
p.Val1198Ser,*,*,*
p.Val1198Ter,*,*,*
p.Val1198Thr,*,*,*
p.Val1198Trp,*,*,*
p.Val1198Tyr,*,*,*
p.Val1206=,*,*,*
p.Val1206Ala,*,*,*
p.Val1206Arg,*,*,*
p.Val1206Asn,*,*,*
p.Val1206Asp,*,*,*
p.Val1206Cys,*,*,*
p.Val1206Gln,*,*,*
p.Val1206Glu,*,*,*
p.Val1206Gly,*,*,*
p.Val1206His,*,*,*
p.Val1206Ile,*,*,*
p.Val1206Leu,*,*,*
p.Val1206Lys,*,*,*
p.Val1206Met,*,*,*
p.Val1206Phe,*,*,*
p.Val1206Pro,*,*,*
p.Val1206Ser,*,*,*
p.Val1206Ter,*,*,*
p.Val1206Thr,*,*,*
p.Val1206Trp,*,*,*
p.Val1206Tyr,*,*,*
p.Val1214=,*,*,*
p.Val1214Ala,*,*,*
p.Val1214Arg,*,*,*
p.Val1214Asn,*,*,*
p.Val1214Asp,*,*,*
p.Val1214Cys,*,*,*
p.Val1214Gln,*,*,*
p.Val1214Glu,*,*,*
p.Val1214Gly,*,*,*
p.Val1214His,*,*,*
p.Val1214Ile,*,*,*
p.Val1214Leu,*,*,*
p.Val1214Lys,*,*,*
p.Val1214Met,*,*,*
p.Val1214Phe,*,*,*
p.Val1214Pro,*,*,*
p.Val1214Ser,*,*,*
p.Val1214Ter,*,*,*
p.Val1214Thr,*,*,*
p.Val1214Trp,*,*,*
p.Val1214Tyr,*,*,*
p.Val1216=,*,*,*
p.Val1216Ala,*,*,*
p.Val1216Arg,*,*,*
p.Val1216Asn,*,*,*
p.Val1216Asp,*,*,*
p.Val1216Cys,*,*,*
p.Val1216Gln,*,*,*
p.Val1216Glu,*,*,*
p.Val1216Gly,*,*,*
p.Val1216His,*,*,*
p.Val1216Ile,*,*,*
p.Val1216Leu,*,*,*
p.Val1216Lys,*,*,*
p.Val1216Met,*,*,*
p.Val1216Phe,*,*,*
p.Val1216Pro,*,*,*
p.Val1216Ser,*,*,*
p.Val1216Ter,*,*,*
p.Val1216Thr,*,*,*
p.Val1216Trp,*,*,*
p.Val1216Tyr,*,*,*
p.Val1217=,*,*,*
p.Val1217Ala,*,*,*
p.Val1217Arg,*,*,*
p.Val1217Asn,*,*,*
p.Val1217Asp,*,*,*
p.Val1217Cys,*,*,*
p.Val1217Gln,*,*,*
p.Val1217Glu,*,*,*
p.Val1217Gly,*,*,*
p.Val1217His,*,*,*
p.Val1217Ile,*,*,*
p.Val1217Leu,*,*,*
p.Val1217Lys,*,*,*
p.Val1217Met,*,*,*
p.Val1217Phe,*,*,*
p.Val1217Pro,*,*,*
p.Val1217Ser,*,*,*
p.Val1217Ter,*,*,*
p.Val1217Thr,*,*,*
p.Val1217Trp,*,*,*
p.Val1217Tyr,*,*,*
p.Val1234=,*,*,*
p.Val1234Ala,*,*,*
p.Val1234Arg,*,*,*
p.Val1234Asn,*,*,*
p.Val1234Asp,*,*,*
p.Val1234Cys,*,*,*
p.Val1234Gln,*,*,*
p.Val1234Glu,*,*,*
p.Val1234Gly,*,*,*
p.Val1234His,*,*,*
p.Val1234Ile,*,*,*
p.Val1234Leu,*,*,*
p.Val1234Lys,*,*,*
p.Val1234Met,*,*,*
p.Val1234Phe,*,*,*
p.Val1234Pro,*,*,*
p.Val1234Ser,*,*,*
p.Val1234Ter,*,*,*
p.Val1234Thr,*,*,*
p.Val1234Trp,*,*,*
p.Val1234Tyr,*,*,*
p.Val1239=,*,*,*
p.Val1239Ala,*,*,*
p.Val1239Arg,*,*,*
p.Val1239Asn,*,*,*
p.Val1239Asp,*,*,*
p.Val1239Cys,*,*,*
p.Val1239Gln,*,*,*
p.Val1239Glu,*,*,*
p.Val1239Gly,*,*,*
p.Val1239His,*,*,*
p.Val1239Ile,*,*,*
p.Val1239Leu,*,*,*
p.Val1239Lys,*,*,*
p.Val1239Met,*,*,*
p.Val1239Phe,*,*,*
p.Val1239Pro,*,*,*
p.Val1239Ser,*,*,*
p.Val1239Ter,*,*,*
p.Val1239Thr,*,*,*
p.Val1239Trp,*,*,*
p.Val1239Tyr,*,*,*
p.Val1243=,*,*,*
p.Val1243Ala,*,*,*
p.Val1243Arg,*,*,*
p.Val1243Asn,*,*,*
p.Val1243Asp,*,*,*
p.Val1243Cys,*,*,*
p.Val1243Gln,*,*,*
p.Val1243Glu,*,*,*
p.Val1243Gly,*,*,*
p.Val1243His,*,*,*
p.Val1243Ile,*,*,*
p.Val1243Leu,*,*,*
p.Val1243Lys,*,*,*
p.Val1243Met,*,*,*
p.Val1243Phe,*,*,*
p.Val1243Pro,*,*,*
p.Val1243Ser,*,*,*
p.Val1243Ter,*,*,*
p.Val1243Thr,*,*,*
p.Val1243Trp,*,*,*
p.Val1243Tyr,*,*,*
p.Val1249=,*,*,*
p.Val1249Ala,*,*,*
p.Val1249Arg,*,*,*
p.Val1249Asn,*,*,*
p.Val1249Asp,*,*,*
p.Val1249Cys,*,*,*
p.Val1249Gln,*,*,*
p.Val1249Glu,*,*,*
p.Val1249Gly,*,*,*
p.Val1249His,*,*,*
p.Val1249Ile,*,*,*
p.Val1249Leu,*,*,*
p.Val1249Lys,*,*,*
p.Val1249Met,*,*,*
p.Val1249Phe,*,*,*
p.Val1249Pro,*,*,*
p.Val1249Ser,*,*,*
p.Val1249Ter,*,*,*
p.Val1249Thr,*,*,*
p.Val1249Trp,*,*,*
p.Val1249Tyr,*,*,*
p.Val1252=,*,*,*
p.Val1252Ala,*,*,*
p.Val1252Arg,*,*,*
p.Val1252Asn,*,*,*
p.Val1252Asp,*,*,*
p.Val1252Cys,*,*,*
p.Val1252Gln,*,*,*
p.Val1252Glu,*,*,*
p.Val1252Gly,*,*,*
p.Val1252His,*,*,*
p.Val1252Ile,*,*,*
p.Val1252Leu,*,*,*
p.Val1252Lys,*,*,*
p.Val1252Met,*,*,*
p.Val1252Phe,*,*,*
p.Val1252Pro,*,*,*
p.Val1252Ser,*,*,*
p.Val1252Ter,*,*,*
p.Val1252Thr,*,*,*
p.Val1252Trp,*,*,*
p.Val1252Tyr,*,*,*
p.Val1262=,*,*,*
p.Val1262Ala,*,*,*
p.Val1262Arg,*,*,*
p.Val1262Asn,*,*,*
p.Val1262Asp,*,*,*
p.Val1262Cys,*,*,*
p.Val1262Gln,*,*,*
p.Val1262Glu,*,*,*
p.Val1262Gly,*,*,*
p.Val1262His,*,*,*
p.Val1262Ile,*,*,*
p.Val1262Leu,*,*,*
p.Val1262Lys,*,*,*
p.Val1262Met,*,*,*
p.Val1262Phe,*,*,*
p.Val1262Pro,*,*,*
p.Val1262Ser,*,*,*
p.Val1262Ter,*,*,*
p.Val1262Thr,*,*,*
p.Val1262Trp,*,*,*
p.Val1262Tyr,*,*,*
p.Val1265=,*,*,*
p.Val1265Ala,*,*,*
p.Val1265Arg,*,*,*
p.Val1265Asn,*,*,*
p.Val1265Asp,*,*,*
p.Val1265Cys,*,*,*
p.Val1265Gln,*,*,*
p.Val1265Glu,*,*,*
p.Val1265Gly,*,*,*
p.Val1265His,*,*,*
p.Val1265Ile,*,*,*
p.Val1265Leu,*,*,*
p.Val1265Lys,*,*,*
p.Val1265Met,*,*,*
p.Val1265Phe,*,*,*
p.Val1265Pro,*,*,*
p.Val1265Ser,*,*,*
p.Val1265Ter,*,*,*
p.Val1265Thr,*,*,*
p.Val1265Trp,*,*,*
p.Val1265Tyr,*,*,*
p.Val1269=,*,*,*
p.Val1269Ala,*,*,*
p.Val1269Arg,*,*,*
p.Val1269Asn,*,*,*
p.Val1269Asp,*,*,*
p.Val1269Cys,*,*,*
p.Val1269Gln,*,*,*
p.Val1269Glu,*,*,*
p.Val1269Gly,*,*,*
p.Val1269His,*,*,*
p.Val1269Ile,*,*,*
p.Val1269Leu,*,*,*
p.Val1269Lys,*,*,*
p.Val1269Met,*,*,*
p.Val1269Phe,*,*,*
p.Val1269Pro,*,*,*
p.Val1269Ser,*,*,*
p.Val1269Ter,*,*,*
p.Val1269Thr,*,*,*
p.Val1269Trp,*,*,*
p.Val1269Tyr,*,*,*
p.Val1282=,*,*,*
p.Val1282Ala,*,*,*
p.Val1282Arg,*,*,*
p.Val1282Asn,*,*,*
p.Val1282Asp,*,*,*
p.Val1282Cys,*,*,*
p.Val1282Gln,*,*,*
p.Val1282Glu,*,*,*
p.Val1282Gly,*,*,*
p.Val1282His,*,*,*
p.Val1282Ile,*,*,*
p.Val1282Leu,*,*,*
p.Val1282Lys,*,*,*
p.Val1282Met,*,*,*
p.Val1282Phe,*,*,*
p.Val1282Pro,*,*,*
p.Val1282Ser,*,*,*
p.Val1282Ter,*,*,*
p.Val1282Thr,*,*,*
p.Val1282Trp,*,*,*
p.Val1282Tyr,*,*,*
p.Val1290=,*,*,*
p.Val1290Ala,*,*,*
p.Val1290Arg,*,*,*
p.Val1290Asn,*,*,*
p.Val1290Asp,*,*,*
p.Val1290Cys,*,*,*
p.Val1290Gln,*,*,*
p.Val1290Glu,*,*,*
p.Val1290Gly,*,*,*
p.Val1290His,*,*,*
p.Val1290Ile,*,*,*
p.Val1290Leu,*,*,*
p.Val1290Lys,*,*,*
p.Val1290Met,*,*,*
p.Val1290Phe,*,*,*
p.Val1290Pro,*,*,*
p.Val1290Ser,*,*,*
p.Val1290Ter,*,*,*
p.Val1290Thr,*,*,*
p.Val1290Trp,*,*,*
p.Val1290Tyr,*,*,*
p.Val1297=,*,*,*
p.Val1297Ala,*,*,*
p.Val1297Arg,*,*,*
p.Val1297Asn,*,*,*
p.Val1297Asp,*,*,*
p.Val1297Cys,*,*,*
p.Val1297Gln,*,*,*
p.Val1297Glu,*,*,*
p.Val1297Gly,*,*,*
p.Val1297His,*,*,*
p.Val1297Ile,*,*,*
p.Val1297Leu,*,*,*
p.Val1297Lys,*,*,*
p.Val1297Met,*,*,*
p.Val1297Phe,*,*,*
p.Val1297Pro,*,*,*
p.Val1297Ser,*,*,*
p.Val1297Ter,*,*,*
p.Val1297Thr,*,*,*
p.Val1297Trp,*,*,*
p.Val1297Tyr,*,*,*
p.Val1298=,*,*,*
p.Val1298Ala,*,*,*
p.Val1298Arg,*,*,*
p.Val1298Asn,*,*,*
p.Val1298Asp,*,*,*
p.Val1298Cys,*,*,*
p.Val1298Gln,*,*,*
p.Val1298Glu,*,*,*
p.Val1298Gly,*,*,*
p.Val1298His,*,*,*
p.Val1298Ile,*,*,*
p.Val1298Leu,*,*,*
p.Val1298Lys,*,*,*
p.Val1298Met,*,*,*
p.Val1298Phe,*,*,*
p.Val1298Pro,*,*,*
p.Val1298Ser,*,*,*
p.Val1298Ter,*,*,*
p.Val1298Thr,*,*,*
p.Val1298Trp,*,*,*
p.Val1298Tyr,*,*,*
p.Val1307=,*,*,*
p.Val1307Ala,*,*,*
p.Val1307Arg,*,*,*
p.Val1307Asn,*,*,*
p.Val1307Asp,*,*,*
p.Val1307Cys,*,*,*
p.Val1307Gln,*,*,*
p.Val1307Glu,*,*,*
p.Val1307Gly,*,*,*
p.Val1307His,*,*,*
p.Val1307Ile,*,*,*
p.Val1307Leu,*,*,*
p.Val1307Lys,*,*,*
p.Val1307Met,*,*,*
p.Val1307Phe,*,*,*
p.Val1307Pro,*,*,*
p.Val1307Ser,*,*,*
p.Val1307Ter,*,*,*
p.Val1307Thr,*,*,*
p.Val1307Trp,*,*,*
p.Val1307Tyr,*,*,*
p.Val1308=,*,*,*
p.Val1308Ala,*,*,*
p.Val1308Arg,*,*,*
p.Val1308Asn,*,*,*
p.Val1308Asp,*,*,*
p.Val1308Cys,*,*,*
p.Val1308Gln,*,*,*
p.Val1308Glu,*,*,*
p.Val1308Gly,*,*,*
p.Val1308His,*,*,*
p.Val1308Ile,*,*,*
p.Val1308Leu,*,*,*
p.Val1308Lys,*,*,*
p.Val1308Met,*,*,*
p.Val1308Phe,*,*,*
p.Val1308Pro,*,*,*
p.Val1308Ser,*,*,*
p.Val1308Ter,*,*,*
p.Val1308Thr,*,*,*
p.Val1308Trp,*,*,*
p.Val1308Tyr,*,*,*
p.Val1318=,*,*,*
p.Val1318Ala,*,*,*
p.Val1318Arg,*,*,*
p.Val1318Asn,*,*,*
p.Val1318Asp,*,*,*
p.Val1318Cys,*,*,*
p.Val1318Gln,*,*,*
p.Val1318Glu,*,*,*
p.Val1318Gly,*,*,*
p.Val1318His,*,*,*
p.Val1318Ile,*,*,*
p.Val1318Leu,*,*,*
p.Val1318Lys,*,*,*
p.Val1318Met,*,*,*
p.Val1318Phe,*,*,*
p.Val1318Pro,*,*,*
p.Val1318Ser,*,*,*
p.Val1318Ter,*,*,*
p.Val1318Thr,*,*,*
p.Val1318Trp,*,*,*
p.Val1318Tyr,*,*,*
p.Val1326=,*,*,*
p.Val1326Ala,*,*,*
p.Val1326Arg,*,*,*
p.Val1326Asn,*,*,*
p.Val1326Asp,*,*,*
p.Val1326Cys,*,*,*
p.Val1326Gln,*,*,*
p.Val1326Glu,*,*,*
p.Val1326Gly,*,*,*
p.Val1326His,*,*,*
p.Val1326Ile,*,*,*
p.Val1326Leu,*,*,*
p.Val1326Lys,*,*,*
p.Val1326Met,*,*,*
p.Val1326Phe,*,*,*
p.Val1326Pro,*,*,*
p.Val1326Ser,*,*,*
p.Val1326Ter,*,*,*
p.Val1326Thr,*,*,*
p.Val1326Trp,*,*,*
p.Val1326Tyr,*,*,*
p.Val1334=,*,*,*
p.Val1334Ala,*,*,*
p.Val1334Arg,*,*,*
p.Val1334Asn,*,*,*
p.Val1334Asp,*,*,*
p.Val1334Cys,*,*,*
p.Val1334Gln,*,*,*
p.Val1334Glu,*,*,*
p.Val1334Gly,*,*,*
p.Val1334His,*,*,*
p.Val1334Ile,*,*,*
p.Val1334Leu,*,*,*
p.Val1334Lys,*,*,*
p.Val1334Met,*,*,*
p.Val1334Phe,*,*,*
p.Val1334Pro,*,*,*
p.Val1334Ser,*,*,*
p.Val1334Ter,*,*,*
p.Val1334Thr,*,*,*
p.Val1334Trp,*,*,*
p.Val1334Tyr,*,*,*
p.Val1342=,*,*,*
p.Val1342Ala,*,*,*
p.Val1342Arg,*,*,*
p.Val1342Asn,*,*,*
p.Val1342Asp,*,*,*
p.Val1342Cys,*,*,*
p.Val1342Gln,*,*,*
p.Val1342Glu,*,*,*
p.Val1342Gly,*,*,*
p.Val1342His,*,*,*
p.Val1342Ile,*,*,*
p.Val1342Leu,*,*,*
p.Val1342Lys,*,*,*
p.Val1342Met,*,*,*
p.Val1342Phe,*,*,*
p.Val1342Pro,*,*,*
p.Val1342Ser,*,*,*
p.Val1342Ter,*,*,*
p.Val1342Thr,*,*,*
p.Val1342Trp,*,*,*
p.Val1342Tyr,*,*,*
p.Val1349=,*,*,*
p.Val1349Ala,*,*,*
p.Val1349Arg,*,*,*
p.Val1349Asn,*,*,*
p.Val1349Asp,*,*,*
p.Val1349Cys,*,*,*
p.Val1349Gln,*,*,*
p.Val1349Glu,*,*,*
p.Val1349Gly,*,*,*
p.Val1349His,*,*,*
p.Val1349Ile,*,*,*
p.Val1349Leu,*,*,*
p.Val1349Lys,*,*,*
p.Val1349Met,*,*,*
p.Val1349Phe,*,*,*
p.Val1349Pro,*,*,*
p.Val1349Ser,*,*,*
p.Val1349Ter,*,*,*
p.Val1349Thr,*,*,*
p.Val1349Trp,*,*,*
p.Val1349Tyr,*,*,*
p.Val1364=,*,*,*
p.Val1364Ala,*,*,*
p.Val1364Arg,*,*,*
p.Val1364Asn,*,*,*
p.Val1364Asp,*,*,*
p.Val1364Cys,*,*,*
p.Val1364Gln,*,*,*
p.Val1364Glu,*,*,*
p.Val1364Gly,*,*,*
p.Val1364His,*,*,*
p.Val1364Ile,*,*,*
p.Val1364Leu,*,*,*
p.Val1364Lys,*,*,*
p.Val1364Met,*,*,*
p.Val1364Phe,*,*,*
p.Val1364Pro,*,*,*
p.Val1364Ser,*,*,*
p.Val1364Ter,*,*,*
p.Val1364Thr,*,*,*
p.Val1364Trp,*,*,*
p.Val1364Tyr,*,*,*
p.Val1366=,*,*,*
p.Val1366Ala,*,*,*
p.Val1366Arg,*,*,*
p.Val1366Asn,*,*,*
p.Val1366Asp,*,*,*
p.Val1366Cys,*,*,*
p.Val1366Gln,*,*,*
p.Val1366Glu,*,*,*
p.Val1366Gly,*,*,*
p.Val1366His,*,*,*
p.Val1366Ile,*,*,*
p.Val1366Leu,*,*,*
p.Val1366Lys,*,*,*
p.Val1366Met,*,*,*
p.Val1366Phe,*,*,*
p.Val1366Pro,*,*,*
p.Val1366Ser,*,*,*
p.Val1366Ter,*,*,*
p.Val1366Thr,*,*,*
p.Val1366Trp,*,*,*
p.Val1366Tyr,*,*,*
p.Val1367=,*,*,*
p.Val1367Ala,*,*,*
p.Val1367Arg,*,*,*
p.Val1367Asn,*,*,*
p.Val1367Asp,*,*,*
p.Val1367Cys,*,*,*
p.Val1367Gln,*,*,*
p.Val1367Glu,*,*,*
p.Val1367Gly,*,*,*
p.Val1367His,*,*,*
p.Val1367Ile,*,*,*
p.Val1367Leu,*,*,*
p.Val1367Lys,*,*,*
p.Val1367Met,*,*,*
p.Val1367Phe,*,*,*
p.Val1367Pro,*,*,*
p.Val1367Ser,*,*,*
p.Val1367Ter,*,*,*
p.Val1367Thr,*,*,*
p.Val1367Trp,*,*,*
p.Val1367Tyr,*,*,*
p.Val1400=,*,*,*
p.Val1400Ala,*,*,*
p.Val1400Arg,*,*,*
p.Val1400Asn,*,*,*
p.Val1400Asp,*,*,*
p.Val1400Cys,*,*,*
p.Val1400Gln,*,*,*
p.Val1400Glu,*,*,*
p.Val1400Gly,*,*,*
p.Val1400His,*,*,*
p.Val1400Ile,*,*,*
p.Val1400Leu,*,*,*
p.Val1400Lys,*,*,*
p.Val1400Met,*,*,*
p.Val1400Phe,*,*,*
p.Val1400Pro,*,*,*
p.Val1400Ser,*,*,*
p.Val1400Ter,*,*,*
p.Val1400Thr,*,*,*
p.Val1400Trp,*,*,*
p.Val1400Tyr,*,*,*
p.Val1402=,*,*,*
p.Val1402Ala,*,*,*
p.Val1402Arg,*,*,*
p.Val1402Asn,*,*,*
p.Val1402Asp,*,*,*
p.Val1402Cys,*,*,*
p.Val1402Gln,*,*,*
p.Val1402Glu,*,*,*
p.Val1402Gly,*,*,*
p.Val1402His,*,*,*
p.Val1402Ile,*,*,*
p.Val1402Leu,*,*,*
p.Val1402Lys,*,*,*
p.Val1402Met,*,*,*
p.Val1402Phe,*,*,*
p.Val1402Pro,*,*,*
p.Val1402Ser,*,*,*
p.Val1402Ter,*,*,*
p.Val1402Thr,*,*,*
p.Val1402Trp,*,*,*
p.Val1402Tyr,*,*,*
p.Val1422=,*,*,*
p.Val1422Ala,*,*,*
p.Val1422Arg,*,*,*
p.Val1422Asn,*,*,*
p.Val1422Asp,*,*,*
p.Val1422Cys,*,*,*
p.Val1422Gln,*,*,*
p.Val1422Glu,*,*,*
p.Val1422Gly,*,*,*
p.Val1422His,*,*,*
p.Val1422Ile,*,*,*
p.Val1422Leu,*,*,*
p.Val1422Lys,*,*,*
p.Val1422Met,*,*,*
p.Val1422Phe,*,*,*
p.Val1422Pro,*,*,*
p.Val1422Ser,*,*,*
p.Val1422Ter,*,*,*
p.Val1422Thr,*,*,*
p.Val1422Trp,*,*,*
p.Val1422Tyr,*,*,*
p.Val1425=,*,*,*
p.Val1425Ala,*,*,*
p.Val1425Arg,*,*,*
p.Val1425Asn,*,*,*
p.Val1425Asp,*,*,*
p.Val1425Cys,*,*,*
p.Val1425Gln,*,*,*
p.Val1425Glu,*,*,*
p.Val1425Gly,*,*,*
p.Val1425His,*,*,*
p.Val1425Ile,*,*,*
p.Val1425Leu,*,*,*
p.Val1425Lys,*,*,*
p.Val1425Met,*,*,*
p.Val1425Phe,*,*,*
p.Val1425Pro,*,*,*
p.Val1425Ser,*,*,*
p.Val1425Ter,*,*,*
p.Val1425Thr,*,*,*
p.Val1425Trp,*,*,*
p.Val1425Tyr,*,*,*
p.Val1428=,*,*,*
p.Val1428Ala,*,*,*
p.Val1428Arg,*,*,*
p.Val1428Asn,*,*,*
p.Val1428Asp,*,*,*
p.Val1428Cys,*,*,*
p.Val1428Gln,*,*,*
p.Val1428Glu,*,*,*
p.Val1428Gly,*,*,*
p.Val1428His,*,*,*
p.Val1428Ile,*,*,*
p.Val1428Leu,*,*,*
p.Val1428Lys,*,*,*
p.Val1428Met,*,*,*
p.Val1428Phe,*,*,*
p.Val1428Pro,*,*,*
p.Val1428Ser,*,*,*
p.Val1428Ter,*,*,*
p.Val1428Thr,*,*,*
p.Val1428Trp,*,*,*
p.Val1428Tyr,*,*,*
p.Val706=,*,*,*
p.Val706Ala,*,*,*
p.Val706Arg,*,*,*
p.Val706Asn,*,*,*
p.Val706Asp,*,*,*
p.Val706Cys,*,*,*
p.Val706Gln,*,*,*
p.Val706Glu,*,*,*
p.Val706Gly,*,*,*
p.Val706His,*,*,*
p.Val706Ile,*,*,*
p.Val706Leu,*,*,*
p.Val706Lys,*,*,*
p.Val706Met,*,*,*
p.Val706Phe,*,*,*
p.Val706Pro,*,*,*
p.Val706Ser,*,*,*
p.Val706Ter,*,*,*
p.Val706Thr,*,*,*
p.Val706Trp,*,*,*
p.Val706Tyr,*,*,*
p.Val716=,*,*,*
p.Val716Ala,*,*,*
p.Val716Arg,*,*,*
p.Val716Asn,*,*,*
p.Val716Asp,*,*,*
p.Val716Cys,*,*,*
p.Val716Gln,*,*,*
p.Val716Glu,*,*,*
p.Val716Gly,*,*,*
p.Val716His,*,*,*
p.Val716Ile,*,*,*
p.Val716Leu,*,*,*
p.Val716Lys,*,*,*
p.Val716Met,*,*,*
p.Val716Phe,*,*,*
p.Val716Pro,*,*,*
p.Val716Ser,*,*,*
p.Val716Ter,*,*,*
p.Val716Thr,*,*,*
p.Val716Trp,*,*,*
p.Val716Tyr,*,*,*
p.Val731=,*,*,*
p.Val731Ala,*,*,*
p.Val731Arg,*,*,*
p.Val731Asn,*,*,*
p.Val731Asp,*,*,*
p.Val731Cys,*,*,*
p.Val731Gln,*,*,*
p.Val731Glu,*,*,*
p.Val731Gly,*,*,*
p.Val731His,*,*,*
p.Val731Ile,*,*,*
p.Val731Leu,*,*,*
p.Val731Lys,*,*,*
p.Val731Met,*,*,*
p.Val731Phe,*,*,*
p.Val731Pro,*,*,*
p.Val731Ser,*,*,*
p.Val731Ter,*,*,*
p.Val731Thr,*,*,*
p.Val731Trp,*,*,*
p.Val731Tyr,*,*,*
p.Val734=,*,*,*
p.Val734Ala,*,*,*
p.Val734Arg,*,*,*
p.Val734Asn,*,*,*
p.Val734Asp,*,*,*
p.Val734Cys,*,*,*
p.Val734Gln,*,*,*
p.Val734Glu,*,*,*
p.Val734Gly,*,*,*
p.Val734His,*,*,*
p.Val734Ile,*,*,*
p.Val734Leu,*,*,*
p.Val734Lys,*,*,*
p.Val734Met,*,*,*
p.Val734Phe,*,*,*
p.Val734Pro,*,*,*
p.Val734Ser,*,*,*
p.Val734Ter,*,*,*
p.Val734Thr,*,*,*
p.Val734Trp,*,*,*
p.Val734Tyr,*,*,*
p.Val742=,*,*,*
p.Val742Ala,*,*,*
p.Val742Arg,*,*,*
p.Val742Cys,*,*,*
p.Val742Glu,*,*,*
p.Val742Gly,*,*,*
p.Val742Ile,*,*,*
p.Val742Leu,*,*,*
p.Val742Met,*,*,*
p.Val742Phe,*,*,*
p.Val742Ser,*,*,*
p.Val742Ter,*,*,*
p.Val742Trp,*,*,*
p.Val742Tyr,*,*,*
p.Val746=,*,*,*
p.Val746Ala,*,*,*
p.Val746Arg,*,*,*
p.Val746Asp,*,*,*
p.Val746Cys,*,*,*
p.Val746Glu,*,*,*
p.Val746Gly,*,*,*
p.Val746His,*,*,*
p.Val746Ile,*,*,*
p.Val746Leu,*,*,*
p.Val746Met,*,*,*
p.Val746Phe,*,*,*
p.Val746Pro,*,*,*
p.Val746Ser,*,*,*
p.Val746Ter,*,*,*
p.Val746Thr,*,*,*
p.Val746Trp,*,*,*
p.Val746Tyr,*,*,*
p.Val749=,*,*,*
p.Val749Ala,*,*,*
p.Val749Arg,*,*,*
p.Val749Asn,*,*,*
p.Val749Asp,*,*,*
p.Val749Cys,*,*,*
p.Val749Gln,*,*,*
p.Val749Glu,*,*,*
p.Val749Gly,*,*,*
p.Val749Ile,*,*,*
p.Val749Leu,*,*,*
p.Val749Lys,*,*,*
p.Val749Met,*,*,*
p.Val749Phe,*,*,*
p.Val749Pro,*,*,*
p.Val749Ser,*,*,*
p.Val749Ter,*,*,*
p.Val749Thr,*,*,*
p.Val749Trp,*,*,*
p.Val749Tyr,*,*,*
p.Val750=,*,*,*
p.Val750Ala,*,*,*
p.Val750Arg,*,*,*
p.Val750Asn,*,*,*
p.Val750Asp,*,*,*
p.Val750Cys,*,*,*
p.Val750Gln,*,*,*
p.Val750Glu,*,*,*
p.Val750Gly,*,*,*
p.Val750His,*,*,*
p.Val750Ile,*,*,*
p.Val750Leu,*,*,*
p.Val750Lys,*,*,*
p.Val750Met,*,*,*
p.Val750Phe,*,*,*
p.Val750Pro,*,*,*
p.Val750Ser,*,*,*
p.Val750Ter,*,*,*
p.Val750Thr,*,*,*
p.Val750Trp,*,*,*
p.Val750Tyr,*,*,*
p.Val752=,*,*,*
p.Val752Ala,*,*,*
p.Val752Arg,*,*,*
p.Val752Asn,*,*,*
p.Val752Asp,*,*,*
p.Val752Cys,*,*,*
p.Val752Gln,*,*,*
p.Val752Glu,*,*,*
p.Val752Gly,*,*,*
p.Val752Ile,*,*,*
p.Val752Leu,*,*,*
p.Val752Lys,*,*,*
p.Val752Met,*,*,*
p.Val752Phe,*,*,*
p.Val752Pro,*,*,*
p.Val752Ser,*,*,*
p.Val752Ter,*,*,*
p.Val752Thr,*,*,*
p.Val752Trp,*,*,*
p.Val752Tyr,*,*,*
p.Val761=,*,*,*
p.Val761Ala,*,*,*
p.Val761Arg,*,*,*
p.Val761Asn,*,*,*
p.Val761Asp,*,*,*
p.Val761Cys,*,*,*
p.Val761Gln,*,*,*
p.Val761Glu,*,*,*
p.Val761Gly,*,*,*
p.Val761His,*,*,*
p.Val761Ile,*,*,*
p.Val761Leu,*,*,*
p.Val761Lys,*,*,*
p.Val761Met,*,*,*
p.Val761Phe,*,*,*
p.Val761Pro,*,*,*
p.Val761Ser,*,*,*
p.Val761Ter,*,*,*
p.Val761Thr,*,*,*
p.Val761Trp,*,*,*
p.Val761Tyr,*,*,*
p.Val772=,*,*,*
p.Val772Ala,*,*,*
p.Val772Arg,*,*,*
p.Val772Asn,*,*,*
p.Val772Asp,*,*,*
p.Val772Cys,*,*,*
p.Val772Gln,*,*,*
p.Val772Glu,*,*,*
p.Val772Gly,*,*,*
p.Val772His,*,*,*
p.Val772Ile,*,*,*
p.Val772Leu,*,*,*
p.Val772Lys,*,*,*
p.Val772Met,*,*,*
p.Val772Phe,*,*,*
p.Val772Pro,*,*,*
p.Val772Ser,*,*,*
p.Val772Ter,*,*,*
p.Val772Thr,*,*,*
p.Val772Trp,*,*,*
p.Val772Tyr,*,*,*
p.Val805=,*,*,*
p.Val805Ala,*,*,*
p.Val805Arg,*,*,*
p.Val805Asn,*,*,*
p.Val805Asp,*,*,*
p.Val805Cys,*,*,*
p.Val805Gln,*,*,*
p.Val805Glu,*,*,*
p.Val805Gly,*,*,*
p.Val805His,*,*,*
p.Val805Ile,*,*,*
p.Val805Leu,*,*,*
p.Val805Lys,*,*,*
p.Val805Met,*,*,*
p.Val805Phe,*,*,*
p.Val805Pro,*,*,*
p.Val805Ser,*,*,*
p.Val805Ter,*,*,*
p.Val805Thr,*,*,*
p.Val805Trp,*,*,*
p.Val805Tyr,*,*,*
p.Val806=,*,*,*
p.Val806Ala,*,*,*
p.Val806Arg,*,*,*
p.Val806Asn,*,*,*
p.Val806Asp,*,*,*
p.Val806Cys,*,*,*
p.Val806Gln,*,*,*
p.Val806Glu,*,*,*
p.Val806Gly,*,*,*
p.Val806His,*,*,*
p.Val806Ile,*,*,*
p.Val806Leu,*,*,*
p.Val806Lys,*,*,*
p.Val806Met,*,*,*
p.Val806Phe,*,*,*
p.Val806Pro,*,*,*
p.Val806Ser,*,*,*
p.Val806Ter,*,*,*
p.Val806Thr,*,*,*
p.Val806Trp,*,*,*
p.Val806Tyr,*,*,*
p.Val820=,*,*,*
p.Val820Ala,*,*,*
p.Val820Arg,*,*,*
p.Val820Asn,*,*,*
p.Val820Asp,*,*,*
p.Val820Cys,*,*,*
p.Val820Gln,*,*,*
p.Val820Glu,*,*,*
p.Val820Gly,*,*,*
p.Val820His,*,*,*
p.Val820Ile,*,*,*
p.Val820Leu,*,*,*
p.Val820Lys,*,*,*
p.Val820Met,*,*,*
p.Val820Phe,*,*,*
p.Val820Pro,*,*,*
p.Val820Ser,*,*,*
p.Val820Ter,*,*,*
p.Val820Thr,*,*,*
p.Val820Trp,*,*,*
p.Val820Tyr,*,*,*
p.Val825=,*,*,*
p.Val825Ala,*,*,*
p.Val825Arg,*,*,*
p.Val825Asn,*,*,*
p.Val825Asp,*,*,*
p.Val825Cys,*,*,*
p.Val825Gln,*,*,*
p.Val825Gly,*,*,*
p.Val825His,*,*,*
p.Val825Ile,*,*,*
p.Val825Leu,*,*,*
p.Val825Lys,*,*,*
p.Val825Met,*,*,*
p.Val825Phe,*,*,*
p.Val825Pro,*,*,*
p.Val825Ser,*,*,*
p.Val825Ter,*,*,*
p.Val825Thr,*,*,*
p.Val825Trp,*,*,*
p.Val825Tyr,*,*,*
p.Val831=,*,*,*
p.Val831Ala,*,*,*
p.Val831Arg,*,*,*
p.Val831Asn,*,*,*
p.Val831Asp,*,*,*
p.Val831Cys,*,*,*
p.Val831Gln,*,*,*
p.Val831Glu,*,*,*
p.Val831Gly,*,*,*
p.Val831His,*,*,*
p.Val831Ile,*,*,*
p.Val831Leu,*,*,*
p.Val831Lys,*,*,*
p.Val831Met,*,*,*
p.Val831Phe,*,*,*
p.Val831Pro,*,*,*
p.Val831Ser,*,*,*
p.Val831Ter,*,*,*
p.Val831Thr,*,*,*
p.Val831Trp,*,*,*
p.Val831Tyr,*,*,*
p.Val833=,*,*,*
p.Val833Ala,*,*,*
p.Val833Arg,*,*,*
p.Val833Asn,*,*,*
p.Val833Asp,*,*,*
p.Val833Cys,*,*,*
p.Val833Gln,*,*,*
p.Val833Glu,*,*,*
p.Val833Gly,*,*,*
p.Val833His,*,*,*
p.Val833Ile,*,*,*
p.Val833Leu,*,*,*
p.Val833Lys,*,*,*
p.Val833Met,*,*,*
p.Val833Phe,*,*,*
p.Val833Pro,*,*,*
p.Val833Ser,*,*,*
p.Val833Ter,*,*,*
p.Val833Thr,*,*,*
p.Val833Trp,*,*,*
p.Val833Tyr,*,*,*
p.Val834=,*,*,*
p.Val834Ala,*,*,*
p.Val834Arg,*,*,*
p.Val834Asn,*,*,*
p.Val834Asp,*,*,*
p.Val834Cys,*,*,*
p.Val834Gln,*,*,*
p.Val834Glu,*,*,*
p.Val834Gly,*,*,*
p.Val834His,*,*,*
p.Val834Ile,*,*,*
p.Val834Leu,*,*,*
p.Val834Lys,*,*,*
p.Val834Met,*,*,*
p.Val834Phe,*,*,*
p.Val834Pro,*,*,*
p.Val834Ser,*,*,*
p.Val834Ter,*,*,*
p.Val834Thr,*,*,*
p.Val834Trp,*,*,*
p.Val834Tyr,*,*,*
p.Val841=,*,*,*
p.Val841Ala,*,*,*
p.Val841Arg,*,*,*
p.Val841Asn,*,*,*
p.Val841Asp,*,*,*
p.Val841Cys,*,*,*
p.Val841Gln,*,*,*
p.Val841Glu,*,*,*
p.Val841Gly,*,*,*
p.Val841His,*,*,*
p.Val841Ile,*,*,*
p.Val841Leu,*,*,*
p.Val841Lys,*,*,*
p.Val841Met,*,*,*
p.Val841Phe,*,*,*
p.Val841Pro,*,*,*
p.Val841Ser,*,*,*
p.Val841Ter,*,*,*
p.Val841Thr,*,*,*
p.Val841Trp,*,*,*
p.Val841Tyr,*,*,*
p.Val845=,*,*,*
p.Val845Ala,*,*,*
p.Val845Arg,*,*,*
p.Val845Asn,*,*,*
p.Val845Asp,*,*,*
p.Val845Cys,*,*,*
p.Val845Gln,*,*,*
p.Val845Glu,*,*,*
p.Val845Gly,*,*,*
p.Val845His,*,*,*
p.Val845Ile,*,*,*
p.Val845Leu,*,*,*
p.Val845Lys,*,*,*
p.Val845Met,*,*,*
p.Val845Phe,*,*,*
p.Val845Pro,*,*,*
p.Val845Ser,*,*,*
p.Val845Ter,*,*,*
p.Val845Thr,*,*,*
p.Val845Trp,*,*,*
p.Val845Tyr,*,*,*
p.Val864=,*,*,*
p.Val864Ala,*,*,*
p.Val864Arg,*,*,*
p.Val864Asn,*,*,*
p.Val864Asp,*,*,*
p.Val864Cys,*,*,*
p.Val864Gln,*,*,*
p.Val864Glu,*,*,*
p.Val864Gly,*,*,*
p.Val864His,*,*,*
p.Val864Ile,*,*,*
p.Val864Leu,*,*,*
p.Val864Lys,*,*,*
p.Val864Met,*,*,*
p.Val864Phe,*,*,*
p.Val864Pro,*,*,*
p.Val864Ser,*,*,*
p.Val864Ter,*,*,*
p.Val864Thr,*,*,*
p.Val864Trp,*,*,*
p.Val864Tyr,*,*,*
p.Val872=,*,*,*
p.Val872Ala,*,*,*
p.Val872Arg,*,*,*
p.Val872Asn,*,*,*
p.Val872Asp,*,*,*
p.Val872Cys,*,*,*
p.Val872Gln,*,*,*
p.Val872Glu,*,*,*
p.Val872Gly,*,*,*
p.Val872His,*,*,*
p.Val872Ile,*,*,*
p.Val872Leu,*,*,*
p.Val872Lys,*,*,*
p.Val872Met,*,*,*
p.Val872Phe,*,*,*
p.Val872Pro,*,*,*
p.Val872Ser,*,*,*
p.Val872Ter,*,*,*
p.Val872Thr,*,*,*
p.Val872Trp,*,*,*
p.Val872Tyr,*,*,*
p.Val883=,*,*,*
p.Val883Ala,*,*,*
p.Val883Arg,*,*,*
p.Val883Asn,*,*,*
p.Val883Asp,*,*,*
p.Val883Cys,*,*,*
p.Val883Gln,*,*,*
p.Val883Glu,*,*,*
p.Val883Gly,*,*,*
p.Val883His,*,*,*
p.Val883Ile,*,*,*
p.Val883Leu,*,*,*
p.Val883Lys,*,*,*
p.Val883Met,*,*,*
p.Val883Phe,*,*,*
p.Val883Pro,*,*,*
p.Val883Ser,*,*,*
p.Val883Ter,*,*,*
p.Val883Thr,*,*,*
p.Val883Trp,*,*,*
p.Val883Tyr,*,*,*
p.Val890=,*,*,*
p.Val890Ala,*,*,*
p.Val890Arg,*,*,*
p.Val890Asn,*,*,*
p.Val890Asp,*,*,*
p.Val890Cys,*,*,*
p.Val890Gln,*,*,*
p.Val890Glu,*,*,*
p.Val890Gly,*,*,*
p.Val890His,*,*,*
p.Val890Ile,*,*,*
p.Val890Leu,*,*,*
p.Val890Lys,*,*,*
p.Val890Met,*,*,*
p.Val890Phe,*,*,*
p.Val890Pro,*,*,*
p.Val890Ser,*,*,*
p.Val890Ter,*,*,*
p.Val890Thr,*,*,*
p.Val890Trp,*,*,*
p.Val890Tyr,*,*,*
p.Val900=,*,*,*
p.Val900Ala,*,*,*
p.Val900Arg,*,*,*
p.Val900Asn,*,*,*
p.Val900Asp,*,*,*
p.Val900Cys,*,*,*
p.Val900Gln,*,*,*
p.Val900Glu,*,*,*
p.Val900Gly,*,*,*
p.Val900Ile,*,*,*
p.Val900Leu,*,*,*
p.Val900Lys,*,*,*
p.Val900Met,*,*,*
p.Val900Phe,*,*,*
p.Val900Pro,*,*,*
p.Val900Ser,*,*,*
p.Val900Ter,*,*,*
p.Val900Thr,*,*,*
p.Val900Trp,*,*,*
p.Val903=,*,*,*
p.Val903Ala,*,*,*
p.Val903Arg,*,*,*
p.Val903Asn,*,*,*
p.Val903Asp,*,*,*
p.Val903Cys,*,*,*
p.Val903Gln,*,*,*
p.Val903Glu,*,*,*
p.Val903Gly,*,*,*
p.Val903His,*,*,*
p.Val903Ile,*,*,*
p.Val903Leu,*,*,*
p.Val903Lys,*,*,*
p.Val903Met,*,*,*
p.Val903Phe,*,*,*
p.Val903Pro,*,*,*
p.Val903Ser,*,*,*
p.Val903Ter,*,*,*
p.Val903Thr,*,*,*
p.Val903Trp,*,*,*
p.Val903Tyr,*,*,*
p.Val925=,*,*,*
p.Val925Ala,*,*,*
p.Val925Arg,*,*,*
p.Val925Asn,*,*,*
p.Val925Asp,*,*,*
p.Val925Cys,*,*,*
p.Val925Gln,*,*,*
p.Val925Glu,*,*,*
p.Val925Gly,*,*,*
p.Val925His,*,*,*
p.Val925Ile,*,*,*
p.Val925Leu,*,*,*
p.Val925Lys,*,*,*
p.Val925Met,*,*,*
p.Val925Phe,*,*,*
p.Val925Pro,*,*,*
p.Val925Ser,*,*,*
p.Val925Ter,*,*,*
p.Val925Thr,*,*,*
p.Val925Trp,*,*,*
p.Val925Tyr,*,*,*
p.Val937=,*,*,*
p.Val937Ala,*,*,*
p.Val937Arg,*,*,*
p.Val937Asn,*,*,*
p.Val937Asp,*,*,*
p.Val937Cys,*,*,*
p.Val937Gln,*,*,*
p.Val937Glu,*,*,*
p.Val937Gly,*,*,*
p.Val937His,*,*,*
p.Val937Ile,*,*,*
p.Val937Leu,*,*,*
p.Val937Lys,*,*,*
p.Val937Met,*,*,*
p.Val937Phe,*,*,*
p.Val937Pro,*,*,*
p.Val937Ser,*,*,*
p.Val937Ter,*,*,*
p.Val937Thr,*,*,*
p.Val937Trp,*,*,*
p.Val937Tyr,*,*,*
p.Val938=,*,*,*
p.Val938Ala,*,*,*
p.Val938Arg,*,*,*
p.Val938Asn,*,*,*
p.Val938Asp,*,*,*
p.Val938Cys,*,*,*
p.Val938Gln,*,*,*
p.Val938Glu,*,*,*
p.Val938Gly,*,*,*
p.Val938His,*,*,*
p.Val938Ile,*,*,*
p.Val938Leu,*,*,*
p.Val938Lys,*,*,*
p.Val938Met,*,*,*
p.Val938Phe,*,*,*
p.Val938Pro,*,*,*
p.Val938Ser,*,*,*
p.Val938Ter,*,*,*
p.Val938Thr,*,*,*
p.Val938Trp,*,*,*
p.Val938Tyr,*,*,*
p.Val941=,*,*,*
p.Val941Ala,*,*,*
p.Val941Arg,*,*,*
p.Val941Asn,*,*,*
p.Val941Asp,*,*,*
p.Val941Cys,*,*,*
p.Val941Gln,*,*,*
p.Val941Glu,*,*,*
p.Val941Gly,*,*,*
p.Val941His,*,*,*
p.Val941Ile,*,*,*
p.Val941Leu,*,*,*
p.Val941Lys,*,*,*
p.Val941Met,*,*,*
p.Val941Phe,*,*,*
p.Val941Pro,*,*,*
p.Val941Ser,*,*,*
p.Val941Ter,*,*,*
p.Val941Thr,*,*,*
p.Val941Trp,*,*,*
p.Val941Tyr,*,*,*
p.Val949=,*,*,*
p.Val949Ala,*,*,*
p.Val949Arg,*,*,*
p.Val949Asn,*,*,*
p.Val949Asp,*,*,*
p.Val949Cys,*,*,*
p.Val949Gln,*,*,*
p.Val949Glu,*,*,*
p.Val949Gly,*,*,*
p.Val949His,*,*,*
p.Val949Ile,*,*,*
p.Val949Leu,*,*,*
p.Val949Lys,*,*,*
p.Val949Met,*,*,*
p.Val949Phe,*,*,*
p.Val949Pro,*,*,*
p.Val949Ser,*,*,*
p.Val949Ter,*,*,*
p.Val949Thr,*,*,*
p.Val949Trp,*,*,*
p.Val949Tyr,*,*,*
p.Val950=,*,*,*
p.Val950Ala,*,*,*
p.Val950Arg,*,*,*
p.Val950Asn,*,*,*
p.Val950Asp,*,*,*
p.Val950Cys,*,*,*
p.Val950Gln,*,*,*
p.Val950Glu,*,*,*
p.Val950Gly,*,*,*
p.Val950His,*,*,*
p.Val950Ile,*,*,*
p.Val950Leu,*,*,*
p.Val950Lys,*,*,*
p.Val950Met,*,*,*
p.Val950Phe,*,*,*
p.Val950Pro,*,*,*
p.Val950Ser,*,*,*
p.Val950Ter,*,*,*
p.Val950Thr,*,*,*
p.Val950Trp,*,*,*
p.Val950Tyr,*,*,*
p.Val966=,*,*,*
p.Val966Ala,*,*,*
p.Val966Arg,*,*,*
p.Val966Asn,*,*,*
p.Val966Asp,*,*,*
p.Val966Cys,*,*,*
p.Val966Gln,*,*,*
p.Val966Glu,*,*,*
p.Val966Gly,*,*,*
p.Val966His,*,*,*
p.Val966Ile,*,*,*
p.Val966Leu,*,*,*
p.Val966Lys,*,*,*
p.Val966Met,*,*,*
p.Val966Phe,*,*,*
p.Val966Pro,*,*,*
p.Val966Ser,*,*,*
p.Val966Ter,*,*,*
p.Val966Thr,*,*,*
p.Val966Trp,*,*,*
p.Val966Tyr,*,*,*
p.Val978=,*,*,*
p.Val978Ala,*,*,*
p.Val978Arg,*,*,*
p.Val978Asn,*,*,*
p.Val978Asp,*,*,*
p.Val978Cys,*,*,*
p.Val978Gln,*,*,*
p.Val978Glu,*,*,*
p.Val978Gly,*,*,*
p.Val978His,*,*,*
p.Val978Ile,*,*,*
p.Val978Leu,*,*,*
p.Val978Lys,*,*,*
p.Val978Met,*,*,*
p.Val978Phe,*,*,*
p.Val978Pro,*,*,*
p.Val978Ser,*,*,*
p.Val978Ter,*,*,*
p.Val978Thr,*,*,*
p.Val978Trp,*,*,*
p.Val978Tyr,*,*,*
p.Val995=,*,*,*
p.Val995Ala,*,*,*
p.Val995Arg,*,*,*
p.Val995Asn,*,*,*
p.Val995Asp,*,*,*
p.Val995Cys,*,*,*
p.Val995Gln,*,*,*
p.Val995Glu,*,*,*
p.Val995Gly,*,*,*
p.Val995His,*,*,*
p.Val995Ile,*,*,*
p.Val995Leu,*,*,*
p.Val995Lys,*,*,*
p.Val995Met,*,*,*
p.Val995Phe,*,*,*
p.Val995Pro,*,*,*
p.Val995Ser,*,*,*
p.Val995Ter,*,*,*
p.Val995Thr,*,*,*
p.Val995Trp,*,*,*
p.Val995Tyr,*,*,*
p.Val997=,*,*,*
p.Val997Ala,*,*,*
p.Val997Arg,*,*,*
p.Val997Asn,*,*,*
p.Val997Asp,*,*,*
p.Val997Cys,*,*,*
p.Val997Gln,*,*,*
p.Val997Glu,*,*,*
p.Val997Gly,*,*,*
p.Val997His,*,*,*
p.Val997Ile,*,*,*
p.Val997Leu,*,*,*
p.Val997Lys,*,*,*
p.Val997Met,*,*,*
p.Val997Phe,*,*,*
p.Val997Pro,*,*,*
p.Val997Ser,*,*,*
p.Val997Ter,*,*,*
p.Val997Thr,*,*,*
p.Val997Trp,*,*,*
p.Val997Tyr,*,*,*