Variant	Prediction	SD	Comment
p.Ala1002=	*	*	*
p.Ala1002Arg	8.273124694824219e-05	0.0	*
p.Ala1002Asn	0.00010037422180175781	0.0	*
p.Ala1002Asp	3.039836883544922e-05	0.0	*
p.Ala1002Cys	0.00037229061126708984	0.0	*
p.Ala1002Gln	7.724761962890625e-05	0.0	*
p.Ala1002Glu	2.4557113647460938e-05	0.0	*
p.Ala1002Gly	0.0006749629974365234	0.0	*
p.Ala1002His	3.0159950256347656e-05	0.0	*
p.Ala1002Ile	0.0006072521209716797	0.0	*
p.Ala1002Leu	0.00027626752853393555	0.0	*
p.Ala1002Lys	0.00014030933380126953	0.0	*
p.Ala1002Met	0.0003826618194580078	0.0	*
p.Ala1002Phe	0.0003603696823120117	0.0	*
p.Ala1002Pro	6.115436553955078e-05	0.0	*
p.Ala1002Ser	0.0022573471069335938	0.0	*
p.Ala1002Ter	*	*	*
p.Ala1002Thr	0.0012371540069580078	0.0	*
p.Ala1002Trp	0.0003674030303955078	0.0	*
p.Ala1002Tyr	0.00017374753952026367	0.0	*
p.Ala1002Val	0.001368701457977295	0.0	*
p.Ala1003=	*	*	*
p.Ala1003Arg	0.0004017949104309082	0.0	*
p.Ala1003Asn	0.0005756616592407227	0.0	*
p.Ala1003Asp	0.00010538101196289062	0.0	*
p.Ala1003Cys	0.002427041530609131	0.0	*
p.Ala1003Gln	0.0006368756294250488	0.0	*
p.Ala1003Glu	8.821487426757812e-05	0.0	*
p.Ala1003Gly	0.008434057235717773	0.0	*
p.Ala1003His	0.000395357608795166	0.0	*
p.Ala1003Ile	0.0034016966819763184	0.0	*
p.Ala1003Leu	0.001465439796447754	0.0	*
p.Ala1003Lys	0.0013350248336791992	0.0	*
p.Ala1003Met	0.0029140114784240723	0.0	*
p.Ala1003Phe	0.0019690394401550293	0.0	*
p.Ala1003Pro	0.0001958012580871582	0.0	*
p.Ala1003Ser	0.024053454399108887	0.0	*
p.Ala1003Ter	*	*	*
p.Ala1003Thr	0.006306111812591553	0.0	*
p.Ala1003Trp	0.002786695957183838	0.0	*
p.Ala1003Tyr	0.0007465481758117676	0.0	*
p.Ala1003Val	0.01071619987487793	0.0	*
p.Ala1018=	*	*	*
p.Ala1018Arg	0.0016095638275146484	0.0	*
p.Ala1018Asn	0.007637977600097656	0.0	*
p.Ala1018Asp	0.0005421042442321777	0.0	*
p.Ala1018Cys	0.011456191539764404	0.0	*
p.Ala1018Gln	0.0013048052787780762	0.0	*
p.Ala1018Glu	0.00041598081588745117	0.0	*
p.Ala1018Gly	0.015099406242370605	0.0	*
p.Ala1018His	0.0012050867080688477	0.0	*
p.Ala1018Ile	0.0061241984367370605	0.0	*
p.Ala1018Leu	0.0053479671478271484	0.0	*
p.Ala1018Lys	0.004732608795166016	0.0	*
p.Ala1018Met	0.020406007766723633	0.0	*
p.Ala1018Phe	0.004754841327667236	0.0	*
p.Ala1018Pro	0.0006903409957885742	0.0	*
p.Ala1018Ser	0.03610682487487793	0.0	*
p.Ala1018Ter	*	*	*
p.Ala1018Thr	0.012003719806671143	0.0	*
p.Ala1018Trp	0.00402069091796875	0.0	*
p.Ala1018Tyr	0.0022100210189819336	0.0	*
p.Ala1018Val	0.009218752384185791	0.0	*
p.Ala1049=	*	*	*
p.Ala1049Arg	0.29549354314804077	0.0	*
p.Ala1049Asn	0.4385504126548767	0.0	*
p.Ala1049Asp	0.2830197215080261	0.0	*
p.Ala1049Cys	0.22322314977645874	0.0	*
p.Ala1049Gln	0.49158376455307007	0.0	*
p.Ala1049Glu	0.2980417013168335	0.0	*
p.Ala1049Gly	0.5964221358299255	0.0	*
p.Ala1049His	0.5711989402770996	0.0	*
p.Ala1049Ile	0.3323155641555786	0.0	*
p.Ala1049Leu	0.2743924856185913	0.0	*
p.Ala1049Lys	0.43676334619522095	0.0	*
p.Ala1049Met	0.36399972438812256	0.0	*
p.Ala1049Phe	0.34264183044433594	0.0	*
p.Ala1049Pro	0.17357134819030762	0.0	*
p.Ala1049Ser	0.7702490091323853	0.0	*
p.Ala1049Ter	*	*	*
p.Ala1049Thr	0.7965477705001831	0.0	*
p.Ala1049Trp	0.2389410138130188	0.0	*
p.Ala1049Tyr	0.15083682537078857	0.0	*
p.Ala1049Val	0.5696428418159485	0.0	*
p.Ala1058=	*	*	*
p.Ala1058Arg	0.0011875629425048828	0.0	*
p.Ala1058Asn	0.0035151243209838867	0.0	*
p.Ala1058Asp	0.000836491584777832	0.0	*
p.Ala1058Cys	0.012422323226928711	0.0	*
p.Ala1058Gln	0.007580459117889404	0.0	*
p.Ala1058Glu	0.0008140206336975098	0.0	*
p.Ala1058Gly	0.020648598670959473	0.0	*
p.Ala1058His	0.005032598972320557	0.0	*
p.Ala1058Ile	0.012971758842468262	0.0	*
p.Ala1058Leu	0.00631183385848999	0.0	*
p.Ala1058Lys	0.008684515953063965	0.0	*
p.Ala1058Met	0.012187063694000244	0.0	*
p.Ala1058Phe	0.007927954196929932	0.0	*
p.Ala1058Pro	0.0005353093147277832	0.0	*
p.Ala1058Ser	0.04273879528045654	0.0	*
p.Ala1058Ter	*	*	*
p.Ala1058Thr	0.020346105098724365	0.0	*
p.Ala1058Trp	0.00976330041885376	0.0	*
p.Ala1058Tyr	0.0027550458908081055	0.0	*
p.Ala1058Val	0.024748384952545166	0.0	*
p.Ala1063=	*	*	*
p.Ala1063Arg	0.00021213293075561523	0.0	*
p.Ala1063Asn	0.00045496225357055664	0.0	*
p.Ala1063Asp	0.0001093149185180664	0.0	*
p.Ala1063Cys	0.0016295313835144043	0.0	*
p.Ala1063Gln	0.0005418658256530762	0.0	*
p.Ala1063Glu	9.083747863769531e-05	0.0	*
p.Ala1063Gly	0.0016896724700927734	0.0	*
p.Ala1063His	0.00025647878646850586	0.0	*
p.Ala1063Ile	0.00234907865524292	0.0	*
p.Ala1063Leu	0.000966191291809082	0.0	*
p.Ala1063Lys	0.0006615519523620605	0.0	*
p.Ala1063Met	0.002093195915222168	0.0	*
p.Ala1063Phe	0.0007960200309753418	0.0	*
p.Ala1063Pro	0.0001289844512939453	0.0	*
p.Ala1063Ser	0.016366779804229736	0.0	*
p.Ala1063Ter	*	*	*
p.Ala1063Thr	0.006462275981903076	0.0	*
p.Ala1063Trp	0.0011722445487976074	0.0	*
p.Ala1063Tyr	0.0005246996879577637	0.0	*
p.Ala1063Val	0.009769022464752197	0.0	*
p.Ala1065=	*	*	*
p.Ala1065Arg	0.003557741641998291	0.0	*
p.Ala1065Asn	0.008172035217285156	0.0	*
p.Ala1065Asp	0.0009375214576721191	0.0	*
p.Ala1065Cys	0.0045958757400512695	0.0	*
p.Ala1065Gln	0.0016477108001708984	0.0	*
p.Ala1065Glu	0.0005304217338562012	0.0	*
p.Ala1065Gly	0.007396876811981201	0.0	*
p.Ala1065His	0.0005539059638977051	0.0	*
p.Ala1065Ile	0.0037689805030822754	0.0	*
p.Ala1065Leu	0.002157926559448242	0.0	*
p.Ala1065Lys	0.003474295139312744	0.0	*
p.Ala1065Met	0.0033053159713745117	0.0	*
p.Ala1065Phe	0.003123164176940918	0.0	*
p.Ala1065Pro	0.0008010268211364746	0.0	*
p.Ala1065Ser	0.04193723201751709	0.0	*
p.Ala1065Ter	*	*	*
p.Ala1065Thr	0.00957554578781128	0.0	*
p.Ala1065Trp	0.002576470375061035	0.0	*
p.Ala1065Tyr	0.0021321773529052734	0.0	*
p.Ala1065Val	0.007135510444641113	0.0	*
p.Ala1074=	*	*	*
p.Ala1074Arg	0.002112090587615967	0.0	*
p.Ala1074Asn	0.004164338111877441	0.0	*
p.Ala1074Asp	0.0008586645126342773	0.0	*
p.Ala1074Cys	0.020760178565979004	0.0	*
p.Ala1074Gln	0.004300355911254883	0.0	*
p.Ala1074Glu	0.0007706880569458008	0.0	*
p.Ala1074Gly	0.011009931564331055	0.0	*
p.Ala1074His	0.002695322036743164	0.0	*
p.Ala1074Ile	0.014799118041992188	0.0	*
p.Ala1074Leu	0.006847381591796875	0.0	*
p.Ala1074Lys	0.010575652122497559	0.0	*
p.Ala1074Met	0.01593095064163208	0.0	*
p.Ala1074Phe	0.009645700454711914	0.0	*
p.Ala1074Pro	0.0015328526496887207	0.0	*
p.Ala1074Ser	0.09368878602981567	0.0	*
p.Ala1074Ter	*	*	*
p.Ala1074Thr	0.06019914150238037	0.0	*
p.Ala1074Trp	0.009025275707244873	0.0	*
p.Ala1074Tyr	0.0041207075119018555	0.0	*
p.Ala1074Val	0.042066335678100586	0.0	*
p.Ala1096=	*	*	*
p.Ala1096Arg	7.367134094238281e-05	0.0	*
p.Ala1096Asn	0.00015819072723388672	0.0	*
p.Ala1096Asp	1.704692840576172e-05	0.0	*
p.Ala1096Cys	0.00014257431030273438	0.0	*
p.Ala1096Gln	6.0439109802246094e-05	0.0	*
p.Ala1096Glu	1.3232231140136719e-05	0.0	*
p.Ala1096Gly	0.0002778172492980957	0.0	*
p.Ala1096His	1.6689300537109375e-05	0.0	*
p.Ala1096Ile	0.0002555251121520996	0.0	*
p.Ala1096Leu	0.00010383129119873047	0.0	*
p.Ala1096Lys	9.40561294555664e-05	0.0	*
p.Ala1096Met	0.0001227855682373047	0.0	*
p.Ala1096Phe	9.572505950927734e-05	0.0	*
p.Ala1096Pro	4.410743713378906e-05	0.0	*
p.Ala1096Ser	0.0009257793426513672	0.0	*
p.Ala1096Ter	*	*	*
p.Ala1096Thr	0.00013005733489990234	0.0	*
p.Ala1096Trp	7.283687591552734e-05	0.0	*
p.Ala1096Tyr	8.797645568847656e-05	0.0	*
p.Ala1096Val	0.00020962953567504883	0.0	*
p.Ala1114=	*	*	*
p.Ala1114Arg	0.002880692481994629	0.0	*
p.Ala1114Asn	0.004703700542449951	0.0	*
p.Ala1114Asp	0.002034902572631836	0.0	*
p.Ala1114Cys	0.009552836418151855	0.0	*
p.Ala1114Gln	0.009274005889892578	0.0	*
p.Ala1114Glu	0.0009586215019226074	0.0	*
p.Ala1114Gly	0.026496708393096924	0.0	*
p.Ala1114His	0.004929542541503906	0.0	*
p.Ala1114Ile	0.0043509602546691895	0.0	*
p.Ala1114Leu	0.0052449703216552734	0.0	*
p.Ala1114Lys	0.008191287517547607	0.0	*
p.Ala1114Met	0.008742690086364746	0.0	*
p.Ala1114Phe	0.006640493869781494	0.0	*
p.Ala1114Pro	0.0011965036392211914	0.0	*
p.Ala1114Ser	0.07513588666915894	0.0	*
p.Ala1114Ter	*	*	*
p.Ala1114Thr	0.0306398868560791	0.0	*
p.Ala1114Trp	0.007767438888549805	0.0	*
p.Ala1114Tyr	0.004695773124694824	0.0	*
p.Ala1114Val	0.024163484573364258	0.0	*
p.Ala1122=	*	*	*
p.Ala1122Arg	0.12091308832168579	0.0	*
p.Ala1122Asn	0.414697527885437	0.0	*
p.Ala1122Asp	0.33074718713760376	0.0	*
p.Ala1122Cys	0.40439873933792114	0.0	*
p.Ala1122Gln	0.3578006625175476	0.0	*
p.Ala1122Glu	0.4517192244529724	0.0	*
p.Ala1122Gly	0.6120185852050781	0.0	*
p.Ala1122His	0.5587979555130005	0.0	*
p.Ala1122Ile	0.5515577793121338	0.0	*
p.Ala1122Leu	0.2698413133621216	0.0	*
p.Ala1122Lys	0.39949750900268555	0.0	*
p.Ala1122Met	0.38745808601379395	0.0	*
p.Ala1122Phe	0.3783814311027527	0.0	*
p.Ala1122Pro	0.4277794361114502	0.0	*
p.Ala1122Ser	0.8814099431037903	0.0	*
p.Ala1122Ter	*	*	*
p.Ala1122Thr	0.8015820384025574	0.0	*
p.Ala1122Trp	0.39672064781188965	0.0	*
p.Ala1122Tyr	0.21415174007415771	0.0	*
p.Ala1122Val	0.6914873719215393	0.0	*
p.Ala1124=	*	*	*
p.Ala1124Arg	0.5726346969604492	0.0	*
p.Ala1124Asp	0.7038322687149048	0.0	*
p.Ala1124Cys	0.7554038763046265	0.0	*
p.Ala1124Gln	0.5099307298660278	0.0	*
p.Ala1124Glu	0.657008171081543	0.0	*
p.Ala1124Gly	0.8670222759246826	0.0	*
p.Ala1124His	0.7446886301040649	0.0	*
p.Ala1124Ile	0.5615817904472351	0.0	*
p.Ala1124Leu	0.747886061668396	0.0	*
p.Ala1124Met	0.7371991872787476	0.0	*
p.Ala1124Phe	0.5825554728507996	0.0	*
p.Ala1124Pro	0.8040480017662048	0.0	*
p.Ala1124Ser	0.888282299041748	0.0	*
p.Ala1124Thr	0.9042661190032959	0.0	*
p.Ala1124Tyr	0.4150773286819458	0.0	*
p.Ala1124Val	0.8484911918640137	0.0	*
p.Ala1130=	*	*	*
p.Ala1130Arg	0.11851340532302856	0.0	*
p.Ala1130Asn	0.2887842059135437	0.0	*
p.Ala1130Asp	0.05343985557556152	0.0	*
p.Ala1130Cys	0.25601911544799805	0.0	*
p.Ala1130Gln	0.08630144596099854	0.0	*
p.Ala1130Glu	0.04377466440200806	0.0	*
p.Ala1130Gly	0.16014009714126587	0.0	*
p.Ala1130His	0.05716228485107422	0.0	*
p.Ala1130Ile	0.13781744241714478	0.0	*
p.Ala1130Leu	0.13886958360671997	0.0	*
p.Ala1130Lys	0.15005981922149658	0.0	*
p.Ala1130Met	0.17784500122070312	0.0	*
p.Ala1130Phe	0.18087351322174072	0.0	*
p.Ala1130Pro	0.10484790802001953	0.0	*
p.Ala1130Ser	0.23921149969100952	0.0	*
p.Ala1130Ter	*	*	*
p.Ala1130Thr	0.37287747859954834	0.0	*
p.Ala1130Trp	0.07914012670516968	0.0	*
p.Ala1130Tyr	0.12337791919708252	0.0	*
p.Ala1130Val	0.3119538426399231	0.0	*
p.Ala1135=	*	*	*
p.Ala1135Arg	0.494404137134552	0.0	*
p.Ala1135Asn	0.8603075742721558	0.0	*
p.Ala1135Asp	0.8102632761001587	0.0	*
p.Ala1135Cys	0.8895165920257568	0.0	*
p.Ala1135Gln	0.6170790195465088	0.0	*
p.Ala1135Glu	0.846198558807373	0.0	*
p.Ala1135Gly	0.9345188140869141	0.0	*
p.Ala1135His	0.7644635438919067	0.0	*
p.Ala1135Ile	0.5855236649513245	0.0	*
p.Ala1135Leu	0.8159829378128052	0.0	*
p.Ala1135Lys	0.7014783620834351	0.0	*
p.Ala1135Met	0.781269907951355	0.0	*
p.Ala1135Phe	0.7078988552093506	0.0	*
p.Ala1135Pro	0.88045334815979	0.0	*
p.Ala1135Ser	0.9591838121414185	0.0	*
p.Ala1135Ter	*	*	*
p.Ala1135Thr	0.9439361095428467	0.0	*
p.Ala1135Trp	0.7232397794723511	0.0	*
p.Ala1135Tyr	0.5857597589492798	0.0	*
p.Ala1135Val	0.9141308665275574	0.0	*
p.Ala1139=	*	*	*
p.Ala1139Arg	0.8210403919219971	0.0	*
p.Ala1139Asn	0.8727735280990601	0.0	*
p.Ala1139Asp	0.8856337070465088	0.0	*
p.Ala1139Cys	0.8683245778083801	0.0	*
p.Ala1139Gln	0.8242166042327881	0.0	*
p.Ala1139Glu	0.6667534112930298	0.0	*
p.Ala1139Gly	0.841704249382019	0.0	*
p.Ala1139His	0.7866642475128174	0.0	*
p.Ala1139Ile	0.8533796072006226	0.0	*
p.Ala1139Leu	0.8591259121894836	0.0	*
p.Ala1139Lys	0.8932280540466309	0.0	*
p.Ala1139Met	0.8444608449935913	0.0	*
p.Ala1139Phe	0.8693609237670898	0.0	*
p.Ala1139Pro	0.7834945917129517	0.0	*
p.Ala1139Ser	0.971859872341156	0.0	*
p.Ala1139Ter	*	*	*
p.Ala1139Thr	0.9765480756759644	0.0	*
p.Ala1139Trp	0.8005383014678955	0.0	*
p.Ala1139Tyr	0.7070314884185791	0.0	*
p.Ala1139Val	0.946155846118927	0.0	*
p.Ala1168=	*	*	*
p.Ala1168Arg	0.28467118740081787	0.0	*
p.Ala1168Asn	0.4513832926750183	0.0	*
p.Ala1168Asp	0.1399012804031372	0.0	*
p.Ala1168Cys	0.5098861455917358	0.0	*
p.Ala1168Gln	0.2647688388824463	0.0	*
p.Ala1168Glu	0.13091802597045898	0.0	*
p.Ala1168Gly	0.5807636976242065	0.0	*
p.Ala1168His	0.287387490272522	0.0	*
p.Ala1168Ile	0.4848579168319702	0.0	*
p.Ala1168Leu	0.41449981927871704	0.0	*
p.Ala1168Lys	0.561081051826477	0.0	*
p.Ala1168Met	0.649600625038147	0.0	*
p.Ala1168Phe	0.3365502953529358	0.0	*
p.Ala1168Pro	0.06041431427001953	0.0	*
p.Ala1168Ser	0.8497321605682373	0.0	*
p.Ala1168Ter	*	*	*
p.Ala1168Thr	0.80290687084198	0.0	*
p.Ala1168Trp	0.22222357988357544	0.0	*
p.Ala1168Tyr	0.1395835280418396	0.0	*
p.Ala1168Val	0.5700755715370178	0.0	*
p.Ala1179=	*	*	*
p.Ala1179Arg	0.0008729100227355957	0.0	*
p.Ala1179Asn	0.00126725435256958	0.0	*
p.Ala1179Asp	0.0010138154029846191	0.0	*
p.Ala1179Cys	0.006509661674499512	0.0	*
p.Ala1179Gln	0.0018646717071533203	0.0	*
p.Ala1179Glu	0.0004812479019165039	0.0	*
p.Ala1179Gly	0.00385969877243042	0.0	*
p.Ala1179His	0.00135117769241333	0.0	*
p.Ala1179Ile	0.0026322007179260254	0.0	*
p.Ala1179Leu	0.0013816356658935547	0.0	*
p.Ala1179Lys	0.0018146634101867676	0.0	*
p.Ala1179Met	0.003261387348175049	0.0	*
p.Ala1179Phe	0.0013129115104675293	0.0	*
p.Ala1179Pro	0.0003267526626586914	0.0	*
p.Ala1179Ser	0.02183079719543457	0.0	*
p.Ala1179Ter	*	*	*
p.Ala1179Thr	0.011641263961791992	0.0	*
p.Ala1179Trp	0.0021840333938598633	0.0	*
p.Ala1179Tyr	0.0010913610458374023	0.0	*
p.Ala1179Val	0.009243547916412354	0.0	*
p.Ala1183=	*	*	*
p.Ala1183Arg	5.030632019042969e-05	0.0	*
p.Ala1183Asn	9.942054748535156e-05	0.0	*
p.Ala1183Asp	6.246566772460938e-05	0.0	*
p.Ala1183Cys	0.0005279183387756348	0.0	*
p.Ala1183Gln	0.00021976232528686523	0.0	*
p.Ala1183Glu	5.233287811279297e-05	0.0	*
p.Ala1183Gly	0.0009086132049560547	0.0	*
p.Ala1183His	0.00015807151794433594	0.0	*
p.Ala1183Ile	0.00048279762268066406	0.0	*
p.Ala1183Leu	0.00020951032638549805	0.0	*
p.Ala1183Lys	0.00018399953842163086	0.0	*
p.Ala1183Met	0.0004864931106567383	0.0	*
p.Ala1183Phe	0.0003018379211425781	0.0	*
p.Ala1183Pro	5.614757537841797e-05	0.0	*
p.Ala1183Ser	0.0009536147117614746	0.0	*
p.Ala1183Ter	*	*	*
p.Ala1183Thr	0.001113593578338623	0.0	*
p.Ala1183Trp	0.0003986954689025879	0.0	*
p.Ala1183Tyr	0.00018900632858276367	0.0	*
p.Ala1183Val	0.002081573009490967	0.0	*
p.Ala1193=	*	*	*
p.Ala1193Arg	0.00020581483840942383	0.0	*
p.Ala1193Asn	0.00024944543838500977	0.0	*
p.Ala1193Asp	0.0001283884048461914	0.0	*
p.Ala1193Cys	0.0015918612480163574	0.0	*
p.Ala1193Gln	0.00042170286178588867	0.0	*
p.Ala1193Glu	3.600120544433594e-05	0.0	*
p.Ala1193Gly	0.0016708970069885254	0.0	*
p.Ala1193His	0.00013446807861328125	0.0	*
p.Ala1193Ile	0.0007992386817932129	0.0	*
p.Ala1193Leu	0.0003663301467895508	0.0	*
p.Ala1193Lys	0.0006072521209716797	0.0	*
p.Ala1193Met	0.0006974935531616211	0.0	*
p.Ala1193Phe	0.00042361021041870117	0.0	*
p.Ala1193Pro	6.389617919921875e-05	0.0	*
p.Ala1193Ser	0.014951705932617188	0.0	*
p.Ala1193Ter	*	*	*
p.Ala1193Thr	0.00235062837600708	0.0	*
p.Ala1193Trp	0.0007521510124206543	0.0	*
p.Ala1193Tyr	0.00035643577575683594	0.0	*
p.Ala1193Val	0.0020779967308044434	0.0	*
p.Ala1195=	*	*	*
p.Ala1195Arg	0.00012803077697753906	0.0	*
p.Ala1195Asn	0.00027292966842651367	0.0	*
p.Ala1195Asp	0.0001119375228881836	0.0	*
p.Ala1195Cys	0.0007566213607788086	0.0	*
p.Ala1195Gln	0.00024634599685668945	0.0	*
p.Ala1195Glu	6.520748138427734e-05	0.0	*
p.Ala1195Gly	0.001177370548248291	0.0	*
p.Ala1195His	0.00016450881958007812	0.0	*
p.Ala1195Ile	0.0005527138710021973	0.0	*
p.Ala1195Leu	0.0004584789276123047	0.0	*
p.Ala1195Lys	0.0003211498260498047	0.0	*
p.Ala1195Met	0.0007148385047912598	0.0	*
p.Ala1195Phe	0.0003305673599243164	0.0	*
p.Ala1195Pro	7.009506225585938e-05	0.0	*
p.Ala1195Ser	0.004411220550537109	0.0	*
p.Ala1195Ter	*	*	*
p.Ala1195Thr	0.0013015270233154297	0.0	*
p.Ala1195Trp	0.0005477070808410645	0.0	*
p.Ala1195Tyr	0.00030994415283203125	0.0	*
p.Ala1195Val	0.0013698339462280273	0.0	*
p.Ala1197=	*	*	*
p.Ala1197Arg	0.0033409595489501953	0.0	*
p.Ala1197Asn	0.00897282361984253	0.0	*
p.Ala1197Asp	0.0020978450775146484	0.0	*
p.Ala1197Cys	0.007476627826690674	0.0	*
p.Ala1197Gln	0.00816422700881958	0.0	*
p.Ala1197Glu	0.0011684298515319824	0.0	*
p.Ala1197Gly	0.01139909029006958	0.0	*
p.Ala1197His	0.0033277273178100586	0.0	*
p.Ala1197Ile	0.00787353515625	0.0	*
p.Ala1197Leu	0.005685925483703613	0.0	*
p.Ala1197Lys	0.009463369846343994	0.0	*
p.Ala1197Met	0.013074398040771484	0.0	*
p.Ala1197Phe	0.0041658878326416016	0.0	*
p.Ala1197Pro	0.0008589029312133789	0.0	*
p.Ala1197Ser	0.08215880393981934	0.0	*
p.Ala1197Ter	*	*	*
p.Ala1197Thr	0.01665806770324707	0.0	*
p.Ala1197Trp	0.004170835018157959	0.0	*
p.Ala1197Tyr	0.0037357211112976074	0.0	*
p.Ala1197Val	0.011039555072784424	0.0	*
p.Ala1202=	*	*	*
p.Ala1202Arg	0.001244187355041504	0.0	*
p.Ala1202Asn	0.0021566152572631836	0.0	*
p.Ala1202Asp	0.00042814016342163086	0.0	*
p.Ala1202Cys	0.002839326858520508	0.0	*
p.Ala1202Gln	0.0017122626304626465	0.0	*
p.Ala1202Glu	0.0003075599670410156	0.0	*
p.Ala1202Gly	0.0026546120643615723	0.0	*
p.Ala1202His	0.000532686710357666	0.0	*
p.Ala1202Ile	0.004038631916046143	0.0	*
p.Ala1202Leu	0.002992093563079834	0.0	*
p.Ala1202Lys	0.00372469425201416	0.0	*
p.Ala1202Met	0.004354715347290039	0.0	*
p.Ala1202Phe	0.0024551749229431152	0.0	*
p.Ala1202Pro	0.0003352165222167969	0.0	*
p.Ala1202Ser	0.01885432004928589	0.0	*
p.Ala1202Ter	*	*	*
p.Ala1202Thr	0.009568631649017334	0.0	*
p.Ala1202Trp	0.002556443214416504	0.0	*
p.Ala1202Tyr	0.0010911226272583008	0.0	*
p.Ala1202Val	0.00825423002243042	0.0	*
p.Ala1203=	*	*	*
p.Ala1203Arg	0.004285931587219238	0.0	*
p.Ala1203Asn	0.010965108871459961	0.0	*
p.Ala1203Asp	0.002052605152130127	0.0	*
p.Ala1203Cys	0.018164634704589844	0.0	*
p.Ala1203Gln	0.0072563886642456055	0.0	*
p.Ala1203Glu	0.001286625862121582	0.0	*
p.Ala1203Gly	0.019657552242279053	0.0	*
p.Ala1203His	0.003632664680480957	0.0	*
p.Ala1203Ile	0.019624412059783936	0.0	*
p.Ala1203Leu	0.012918412685394287	0.0	*
p.Ala1203Lys	0.012953042984008789	0.0	*
p.Ala1203Met	0.018383145332336426	0.0	*
p.Ala1203Phe	0.013311445713043213	0.0	*
p.Ala1203Pro	0.0011491775512695312	0.0	*
p.Ala1203Ser	0.12626802921295166	0.0	*
p.Ala1203Ter	*	*	*
p.Ala1203Thr	0.04947030544281006	0.0	*
p.Ala1203Trp	0.012709200382232666	0.0	*
p.Ala1203Tyr	0.0074340105056762695	0.0	*
p.Ala1203Val	0.047164976596832275	0.0	*
p.Ala1205=	*	*	*
p.Ala1205Arg	0.005459129810333252	0.0	*
p.Ala1205Asn	0.01575648784637451	0.0	*
p.Ala1205Asp	0.001886606216430664	0.0	*
p.Ala1205Cys	0.009727895259857178	0.0	*
p.Ala1205Gln	0.007147610187530518	0.0	*
p.Ala1205Glu	0.0011584162712097168	0.0	*
p.Ala1205Gly	0.02657318115234375	0.0	*
p.Ala1205His	0.003918826580047607	0.0	*
p.Ala1205Ile	0.016565561294555664	0.0	*
p.Ala1205Leu	0.01843482255935669	0.0	*
p.Ala1205Lys	0.006560266017913818	0.0	*
p.Ala1205Met	0.05367833375930786	0.0	*
p.Ala1205Phe	0.015334665775299072	0.0	*
p.Ala1205Pro	0.0008600950241088867	0.0	*
p.Ala1205Ser	0.06327319145202637	0.0	*
p.Ala1205Ter	*	*	*
p.Ala1205Thr	0.04028213024139404	0.0	*
p.Ala1205Trp	0.011658966541290283	0.0	*
p.Ala1205Tyr	0.005029082298278809	0.0	*
p.Ala1205Val	0.046102166175842285	0.0	*
p.Ala1227=	*	*	*
p.Ala1227Arg	0.0028394460678100586	0.0	*
p.Ala1227Asn	0.002859830856323242	0.0	*
p.Ala1227Asp	0.0008918642997741699	0.0	*
p.Ala1227Cys	0.008199155330657959	0.0	*
p.Ala1227Gln	0.0016418099403381348	0.0	*
p.Ala1227Glu	0.00038737058639526367	0.0	*
p.Ala1227Gly	0.011327862739562988	0.0	*
p.Ala1227His	0.0005824565887451172	0.0	*
p.Ala1227Ile	0.006788372993469238	0.0	*
p.Ala1227Leu	0.004985988140106201	0.0	*
p.Ala1227Lys	0.005097866058349609	0.0	*
p.Ala1227Met	0.007855117321014404	0.0	*
p.Ala1227Phe	0.004766523838043213	0.0	*
p.Ala1227Pro	0.0012741684913635254	0.0	*
p.Ala1227Ser	0.09967577457427979	0.0	*
p.Ala1227Ter	*	*	*
p.Ala1227Thr	0.023410141468048096	0.0	*
p.Ala1227Trp	0.003314077854156494	0.0	*
p.Ala1227Tyr	0.0029870271682739258	0.0	*
p.Ala1227Val	0.020666062831878662	0.0	*
p.Ala1229=	*	*	*
p.Ala1229Arg	0.002361893653869629	0.0	*
p.Ala1229Asn	0.010869503021240234	0.0	*
p.Ala1229Asp	0.000990152359008789	0.0	*
p.Ala1229Cys	0.00298917293548584	0.0	*
p.Ala1229Gln	0.002481818199157715	0.0	*
p.Ala1229Glu	0.0005317330360412598	0.0	*
p.Ala1229Gly	0.016132473945617676	0.0	*
p.Ala1229His	0.0012553930282592773	0.0	*
p.Ala1229Ile	0.006084859371185303	0.0	*
p.Ala1229Leu	0.003595113754272461	0.0	*
p.Ala1229Lys	0.009004771709442139	0.0	*
p.Ala1229Met	0.010018408298492432	0.0	*
p.Ala1229Phe	0.005260646343231201	0.0	*
p.Ala1229Pro	0.0008038878440856934	0.0	*
p.Ala1229Ser	0.1499727964401245	0.0	*
p.Ala1229Ter	*	*	*
p.Ala1229Thr	0.027095437049865723	0.0	*
p.Ala1229Trp	0.0025593042373657227	0.0	*
p.Ala1229Tyr	0.0018407702445983887	0.0	*
p.Ala1229Val	0.008615374565124512	0.0	*
p.Ala1231=	*	*	*
p.Ala1231Arg	0.00011098384857177734	0.0	*
p.Ala1231Asn	0.00033080577850341797	0.0	*
p.Ala1231Asp	9.66787338256836e-05	0.0	*
p.Ala1231Cys	0.0009784698486328125	0.0	*
p.Ala1231Gln	0.000133514404296875	0.0	*
p.Ala1231Glu	4.0650367736816406e-05	0.0	*
p.Ala1231Gly	0.0016734004020690918	0.0	*
p.Ala1231His	8.308887481689453e-05	0.0	*
p.Ala1231Ile	0.00044614076614379883	0.0	*
p.Ala1231Leu	0.00043267011642456055	0.0	*
p.Ala1231Lys	0.00035512447357177734	0.0	*
p.Ala1231Met	0.0005480647087097168	0.0	*
p.Ala1231Phe	0.0004805326461791992	0.0	*
p.Ala1231Pro	6.35385513305664e-05	0.0	*
p.Ala1231Ser	0.006554603576660156	0.0	*
p.Ala1231Ter	*	*	*
p.Ala1231Thr	0.0016674399375915527	0.0	*
p.Ala1231Trp	0.0005357861518859863	0.0	*
p.Ala1231Tyr	0.00036835670471191406	0.0	*
p.Ala1231Val	0.0022323131561279297	0.0	*
p.Ala1241=	*	*	*
p.Ala1241Arg	0.01203376054763794	0.0	*
p.Ala1241Asn	0.0653679370880127	0.0	*
p.Ala1241Asp	0.0076760053634643555	0.0	*
p.Ala1241Cys	0.06513035297393799	0.0	*
p.Ala1241Gln	0.062184154987335205	0.0	*
p.Ala1241Glu	0.013887107372283936	0.0	*
p.Ala1241Gly	0.1665593981742859	0.0	*
p.Ala1241His	0.03622853755950928	0.0	*
p.Ala1241Ile	0.045224785804748535	0.0	*
p.Ala1241Leu	0.05665677785873413	0.0	*
p.Ala1241Lys	0.08775216341018677	0.0	*
p.Ala1241Met	0.14678817987442017	0.0	*
p.Ala1241Phe	0.043315231800079346	0.0	*
p.Ala1241Pro	0.006060004234313965	0.0	*
p.Ala1241Ser	0.6330233216285706	0.0	*
p.Ala1241Ter	*	*	*
p.Ala1241Thr	0.19550549983978271	0.0	*
p.Ala1241Trp	0.028436005115509033	0.0	*
p.Ala1241Tyr	0.012000679969787598	0.0	*
p.Ala1241Val	0.08510082960128784	0.0	*
p.Ala1250=	*	*	*
p.Ala1250Arg	0.09621936082839966	0.0	*
p.Ala1250Asn	0.2065867781639099	0.0	*
p.Ala1250Asp	0.2021484375	0.0	*
p.Ala1250Cys	0.19044291973114014	0.0	*
p.Ala1250Gln	0.11296224594116211	0.0	*
p.Ala1250Glu	0.048344433307647705	0.0	*
p.Ala1250Gly	0.372061550617218	0.0	*
p.Ala1250His	0.20463675260543823	0.0	*
p.Ala1250Ile	0.18376314640045166	0.0	*
p.Ala1250Leu	0.12093561887741089	0.0	*
p.Ala1250Lys	0.3470792770385742	0.0	*
p.Ala1250Met	0.25189727544784546	0.0	*
p.Ala1250Phe	0.1649605631828308	0.0	*
p.Ala1250Pro	0.07006150484085083	0.0	*
p.Ala1250Ser	0.7130757570266724	0.0	*
p.Ala1250Ter	*	*	*
p.Ala1250Thr	0.8076834678649902	0.0	*
p.Ala1250Trp	0.09392189979553223	0.0	*
p.Ala1250Tyr	0.05466008186340332	0.0	*
p.Ala1250Val	0.32470154762268066	0.0	*
p.Ala1263=	*	*	*
p.Ala1263Arg	0.004578888416290283	0.0	*
p.Ala1263Asn	0.006869018077850342	0.0	*
p.Ala1263Asp	0.0025769472122192383	0.0	*
p.Ala1263Cys	0.023406982421875	0.0	*
p.Ala1263Gln	0.006734728813171387	0.0	*
p.Ala1263Glu	0.0010195374488830566	0.0	*
p.Ala1263Gly	0.07128250598907471	0.0	*
p.Ala1263His	0.00498044490814209	0.0	*
p.Ala1263Ile	0.03232097625732422	0.0	*
p.Ala1263Leu	0.016244947910308838	0.0	*
p.Ala1263Lys	0.02379429340362549	0.0	*
p.Ala1263Met	0.032299816608428955	0.0	*
p.Ala1263Phe	0.026701033115386963	0.0	*
p.Ala1263Pro	0.0015848875045776367	0.0	*
p.Ala1263Ser	0.3196396231651306	0.0	*
p.Ala1263Ter	*	*	*
p.Ala1263Thr	0.12620097398757935	0.0	*
p.Ala1263Trp	0.011841118335723877	0.0	*
p.Ala1263Tyr	0.005665004253387451	0.0	*
p.Ala1263Val	0.0775635838508606	0.0	*
p.Ala1274=	*	*	*
p.Ala1274Arg	0.00020998716354370117	0.0	*
p.Ala1274Asn	0.0005946159362792969	0.0	*
p.Ala1274Asp	9.930133819580078e-05	0.0	*
p.Ala1274Cys	0.0006499886512756348	0.0	*
p.Ala1274Gln	0.0001423358917236328	0.0	*
p.Ala1274Glu	7.796287536621094e-05	0.0	*
p.Ala1274Gly	0.0009602904319763184	0.0	*
p.Ala1274His	9.262561798095703e-05	0.0	*
p.Ala1274Ile	0.0004576444625854492	0.0	*
p.Ala1274Leu	0.00045669078826904297	0.0	*
p.Ala1274Lys	0.00028759241104125977	0.0	*
p.Ala1274Met	0.0005380511283874512	0.0	*
p.Ala1274Phe	0.00045031309127807617	0.0	*
p.Ala1274Pro	0.0001735091209411621	0.0	*
p.Ala1274Ser	0.0019388794898986816	0.0	*
p.Ala1274Ter	*	*	*
p.Ala1274Thr	0.00067138671875	0.0	*
p.Ala1274Trp	0.00041610002517700195	0.0	*
p.Ala1274Tyr	0.0003114938735961914	0.0	*
p.Ala1274Val	0.0017940998077392578	0.0	*
p.Ala1276=	*	*	*
p.Ala1276Arg	0.0013929009437561035	0.0	*
p.Ala1276Asn	0.003115832805633545	0.0	*
p.Ala1276Asp	0.0012126564979553223	0.0	*
p.Ala1276Cys	0.006121933460235596	0.0	*
p.Ala1276Gln	0.0024015307426452637	0.0	*
p.Ala1276Glu	0.0008003115653991699	0.0	*
p.Ala1276Gly	0.012313485145568848	0.0	*
p.Ala1276His	0.0028783679008483887	0.0	*
p.Ala1276Ile	0.006133019924163818	0.0	*
p.Ala1276Leu	0.006978452205657959	0.0	*
p.Ala1276Lys	0.004870295524597168	0.0	*
p.Ala1276Met	0.006300806999206543	0.0	*
p.Ala1276Phe	0.0050841569900512695	0.0	*
p.Ala1276Pro	0.0009515881538391113	0.0	*
p.Ala1276Ser	0.039711177349090576	0.0	*
p.Ala1276Ter	*	*	*
p.Ala1276Thr	0.017493069171905518	0.0	*
p.Ala1276Trp	0.004018068313598633	0.0	*
p.Ala1276Tyr	0.002003908157348633	0.0	*
p.Ala1276Val	0.01788461208343506	0.0	*
p.Ala1278=	*	*	*
p.Ala1278Arg	0.0016627311706542969	0.0	*
p.Ala1278Asn	0.0042577385902404785	0.0	*
p.Ala1278Asp	0.0006604790687561035	0.0	*
p.Ala1278Cys	0.008684158325195312	0.0	*
p.Ala1278Gln	0.0023279786109924316	0.0	*
p.Ala1278Glu	0.0006532073020935059	0.0	*
p.Ala1278Gly	0.008617579936981201	0.0	*
p.Ala1278His	0.0033001303672790527	0.0	*
p.Ala1278Ile	0.009838342666625977	0.0	*
p.Ala1278Leu	0.006621122360229492	0.0	*
p.Ala1278Lys	0.005656242370605469	0.0	*
p.Ala1278Met	0.00932091474533081	0.0	*
p.Ala1278Phe	0.0054569244384765625	0.0	*
p.Ala1278Pro	0.0006532073020935059	0.0	*
p.Ala1278Ser	0.03161197900772095	0.0	*
p.Ala1278Ter	*	*	*
p.Ala1278Thr	0.017662405967712402	0.0	*
p.Ala1278Trp	0.0043808817863464355	0.0	*
p.Ala1278Tyr	0.0019590258598327637	0.0	*
p.Ala1278Val	0.014286994934082031	0.0	*
p.Ala1283=	*	*	*
p.Ala1283Arg	0.0014365315437316895	0.0	*
p.Ala1283Asn	0.0017369389533996582	0.0	*
p.Ala1283Asp	0.0007292628288269043	0.0	*
p.Ala1283Cys	0.011002123355865479	0.0	*
p.Ala1283Gln	0.0032457709312438965	0.0	*
p.Ala1283Glu	0.0004451870918273926	0.0	*
p.Ala1283Gly	0.010881185531616211	0.0	*
p.Ala1283His	0.0012677311897277832	0.0	*
p.Ala1283Ile	0.008447766304016113	0.0	*
p.Ala1283Leu	0.0051528215408325195	0.0	*
p.Ala1283Lys	0.005561470985412598	0.0	*
p.Ala1283Met	0.004417717456817627	0.0	*
p.Ala1283Phe	0.005159914493560791	0.0	*
p.Ala1283Pro	0.000517725944519043	0.0	*
p.Ala1283Ser	0.13889610767364502	0.0	*
p.Ala1283Ter	*	*	*
p.Ala1283Thr	0.03914666175842285	0.0	*
p.Ala1283Trp	0.005737781524658203	0.0	*
p.Ala1283Tyr	0.001847684383392334	0.0	*
p.Ala1283Val	0.024518847465515137	0.0	*
p.Ala1291=	*	*	*
p.Ala1291Arg	0.0010123848915100098	0.0	*
p.Ala1291Asn	0.0015280842781066895	0.0	*
p.Ala1291Asp	0.001830458641052246	0.0	*
p.Ala1291Cys	0.009755611419677734	0.0	*
p.Ala1291Gln	0.002137124538421631	0.0	*
p.Ala1291Glu	0.0010161995887756348	0.0	*
p.Ala1291Gly	0.02775031328201294	0.0	*
p.Ala1291His	0.0029491186141967773	0.0	*
p.Ala1291Ile	0.014915525913238525	0.0	*
p.Ala1291Leu	0.0065277814865112305	0.0	*
p.Ala1291Lys	0.0037346482276916504	0.0	*
p.Ala1291Met	0.006365656852722168	0.0	*
p.Ala1291Phe	0.008525252342224121	0.0	*
p.Ala1291Pro	0.0020232796669006348	0.0	*
p.Ala1291Ser	0.04292863607406616	0.0	*
p.Ala1291Ter	*	*	*
p.Ala1291Thr	0.044964373111724854	0.0	*
p.Ala1291Trp	0.0055086612701416016	0.0	*
p.Ala1291Tyr	0.0040076375007629395	0.0	*
p.Ala1291Val	0.034549176692962646	0.0	*
p.Ala1294=	*	*	*
p.Ala1294Arg	0.03325152397155762	0.0	*
p.Ala1294Asn	0.1245620846748352	0.0	*
p.Ala1294Asp	0.030724406242370605	0.0	*
p.Ala1294Cys	0.037164270877838135	0.0	*
p.Ala1294Gln	0.034962594509124756	0.0	*
p.Ala1294Glu	0.008186697959899902	0.0	*
p.Ala1294Gly	0.12735944986343384	0.0	*
p.Ala1294His	0.043325066566467285	0.0	*
p.Ala1294Ile	0.038247525691986084	0.0	*
p.Ala1294Leu	0.04492068290710449	0.0	*
p.Ala1294Lys	0.04453641176223755	0.0	*
p.Ala1294Met	0.11418968439102173	0.0	*
p.Ala1294Phe	0.034756481647491455	0.0	*
p.Ala1294Pro	0.007852613925933838	0.0	*
p.Ala1294Ser	0.28515440225601196	0.0	*
p.Ala1294Ter	*	*	*
p.Ala1294Thr	0.27760618925094604	0.0	*
p.Ala1294Trp	0.030371427536010742	0.0	*
p.Ala1294Tyr	0.018781602382659912	0.0	*
p.Ala1294Val	0.09692651033401489	0.0	*
p.Ala1295=	*	*	*
p.Ala1295Arg	0.00328826904296875	0.0	*
p.Ala1295Asn	0.014692902565002441	0.0	*
p.Ala1295Asp	0.002723872661590576	0.0	*
p.Ala1295Cys	0.016869723796844482	0.0	*
p.Ala1295Gln	0.006706953048706055	0.0	*
p.Ala1295Glu	0.0023303627967834473	0.0	*
p.Ala1295Gly	0.02822214365005493	0.0	*
p.Ala1295His	0.0068209171295166016	0.0	*
p.Ala1295Ile	0.021787583827972412	0.0	*
p.Ala1295Leu	0.017312824726104736	0.0	*
p.Ala1295Lys	0.011682450771331787	0.0	*
p.Ala1295Met	0.03730154037475586	0.0	*
p.Ala1295Phe	0.014774143695831299	0.0	*
p.Ala1295Pro	0.002198517322540283	0.0	*
p.Ala1295Ser	0.10470032691955566	0.0	*
p.Ala1295Ter	*	*	*
p.Ala1295Thr	0.037517666816711426	0.0	*
p.Ala1295Trp	0.00925910472869873	0.0	*
p.Ala1295Tyr	0.007602393627166748	0.0	*
p.Ala1295Val	0.030432045459747314	0.0	*
p.Ala1309=	*	*	*
p.Ala1309Arg	0.046583354473114014	0.0	*
p.Ala1309Asn	0.11417901515960693	0.0	*
p.Ala1309Asp	0.021402060985565186	0.0	*
p.Ala1309Cys	0.1381024718284607	0.0	*
p.Ala1309Gln	0.06304800510406494	0.0	*
p.Ala1309Glu	0.01318448781967163	0.0	*
p.Ala1309Gly	0.3186371922492981	0.0	*
p.Ala1309His	0.06547361612319946	0.0	*
p.Ala1309Ile	0.17044883966445923	0.0	*
p.Ala1309Leu	0.06865918636322021	0.0	*
p.Ala1309Lys	0.17236733436584473	0.0	*
p.Ala1309Met	0.2387791872024536	0.0	*
p.Ala1309Phe	0.19911354780197144	0.0	*
p.Ala1309Pro	0.009443700313568115	0.0	*
p.Ala1309Ser	0.5125366449356079	0.0	*
p.Ala1309Ter	*	*	*
p.Ala1309Thr	0.49503880739212036	0.0	*
p.Ala1309Trp	0.08279234170913696	0.0	*
p.Ala1309Tyr	0.05614316463470459	0.0	*
p.Ala1309Val	0.2651110291481018	0.0	*
p.Ala1328=	*	*	*
p.Ala1328Arg	0.015965938568115234	0.0	*
p.Ala1328Asn	0.09361249208450317	0.0	*
p.Ala1328Asp	0.01077038049697876	0.0	*
p.Ala1328Cys	0.1648997664451599	0.0	*
p.Ala1328Gln	0.06074643135070801	0.0	*
p.Ala1328Glu	0.006582379341125488	0.0	*
p.Ala1328Gly	0.3897898197174072	0.0	*
p.Ala1328His	0.05202895402908325	0.0	*
p.Ala1328Ile	0.1297277808189392	0.0	*
p.Ala1328Leu	0.10970121622085571	0.0	*
p.Ala1328Lys	0.10333603620529175	0.0	*
p.Ala1328Met	0.41158920526504517	0.0	*
p.Ala1328Phe	0.08317917585372925	0.0	*
p.Ala1328Pro	0.004398941993713379	0.0	*
p.Ala1328Ser	0.7987692356109619	0.0	*
p.Ala1328Ter	*	*	*
p.Ala1328Thr	0.5292810201644897	0.0	*
p.Ala1328Trp	0.07942366600036621	0.0	*
p.Ala1328Tyr	0.02491438388824463	0.0	*
p.Ala1328Val	0.2018125057220459	0.0	*
p.Ala1339=	*	*	*
p.Ala1339Arg	0.003990888595581055	0.0	*
p.Ala1339Asn	0.011559367179870605	0.0	*
p.Ala1339Asp	0.003307342529296875	0.0	*
p.Ala1339Cys	0.0788346529006958	0.0	*
p.Ala1339Gln	0.005117893218994141	0.0	*
p.Ala1339Glu	0.002238631248474121	0.0	*
p.Ala1339Gly	0.18995797634124756	0.0	*
p.Ala1339His	0.007084369659423828	0.0	*
p.Ala1339Ile	0.04749906063079834	0.0	*
p.Ala1339Leu	0.046667397022247314	0.0	*
p.Ala1339Lys	0.026272833347320557	0.0	*
p.Ala1339Met	0.12708032131195068	0.0	*
p.Ala1339Phe	0.03626471757888794	0.0	*
p.Ala1339Pro	0.004738330841064453	0.0	*
p.Ala1339Ser	0.3089825510978699	0.0	*
p.Ala1339Ter	*	*	*
p.Ala1339Thr	0.21378707885742188	0.0	*
p.Ala1339Trp	0.03798317909240723	0.0	*
p.Ala1339Tyr	0.011962890625	0.0	*
p.Ala1339Val	0.11611384153366089	0.0	*
p.Ala1340=	*	*	*
p.Ala1340Arg	0.002474367618560791	0.0	*
p.Ala1340Asn	0.00962918996810913	0.0	*
p.Ala1340Asp	0.0010304450988769531	0.0	*
p.Ala1340Cys	0.0374106764793396	0.0	*
p.Ala1340Gln	0.005095362663269043	0.0	*
p.Ala1340Glu	0.0008946061134338379	0.0	*
p.Ala1340Gly	0.07114511728286743	0.0	*
p.Ala1340His	0.0046163201332092285	0.0	*
p.Ala1340Ile	0.036023855209350586	0.0	*
p.Ala1340Leu	0.010745882987976074	0.0	*
p.Ala1340Lys	0.021033406257629395	0.0	*
p.Ala1340Met	0.08724135160446167	0.0	*
p.Ala1340Phe	0.023562490940093994	0.0	*
p.Ala1340Pro	0.0017309188842773438	0.0	*
p.Ala1340Ser	0.37389516830444336	0.0	*
p.Ala1340Ter	*	*	*
p.Ala1340Thr	0.09819018840789795	0.0	*
p.Ala1340Trp	0.02214711904525757	0.0	*
p.Ala1340Tyr	0.008077085018157959	0.0	*
p.Ala1340Val	0.06799560785293579	0.0	*
p.Ala1357=	*	*	*
p.Ala1357Arg	0.12431031465530396	0.0	*
p.Ala1357Asn	0.4123728275299072	0.0	*
p.Ala1357Asp	0.06153637170791626	0.0	*
p.Ala1357Cys	0.3343919515609741	0.0	*
p.Ala1357Gln	0.23634696006774902	0.0	*
p.Ala1357Glu	0.04187822341918945	0.0	*
p.Ala1357Gly	0.6093021631240845	0.0	*
p.Ala1357His	0.3190874457359314	0.0	*
p.Ala1357Ile	0.3582623600959778	0.0	*
p.Ala1357Leu	0.24061435461044312	0.0	*
p.Ala1357Lys	0.5619649291038513	0.0	*
p.Ala1357Met	0.6373962163925171	0.0	*
p.Ala1357Phe	0.22571498155593872	0.0	*
p.Ala1357Pro	0.08661890029907227	0.0	*
p.Ala1357Ser	0.9099481105804443	0.0	*
p.Ala1357Ter	*	*	*
p.Ala1357Thr	0.7972840070724487	0.0	*
p.Ala1357Trp	0.2097107172012329	0.0	*
p.Ala1357Tyr	0.05979973077774048	0.0	*
p.Ala1357Val	0.4136545658111572	0.0	*
p.Ala1358=	*	*	*
p.Ala1358Arg	0.19945377111434937	0.0	*
p.Ala1358Asn	0.5034596920013428	0.0	*
p.Ala1358Asp	0.07160055637359619	0.0	*
p.Ala1358Cys	0.24048852920532227	0.0	*
p.Ala1358Gln	0.17281126976013184	0.0	*
p.Ala1358Glu	0.035476744174957275	0.0	*
p.Ala1358Gly	0.7791747450828552	0.0	*
p.Ala1358His	0.300235390663147	0.0	*
p.Ala1358Ile	0.3998245596885681	0.0	*
p.Ala1358Leu	0.23269158601760864	0.0	*
p.Ala1358Lys	0.45867908000946045	0.0	*
p.Ala1358Met	0.6856491565704346	0.0	*
p.Ala1358Phe	0.34730398654937744	0.0	*
p.Ala1358Pro	0.10961830615997314	0.0	*
p.Ala1358Ser	0.8450397849082947	0.0	*
p.Ala1358Ter	*	*	*
p.Ala1358Thr	0.8099979758262634	0.0	*
p.Ala1358Trp	0.23200500011444092	0.0	*
p.Ala1358Tyr	0.10289686918258667	0.0	*
p.Ala1358Val	0.5659730434417725	0.0	*
p.Ala1360=	*	*	*
p.Ala1360Arg	0.02461540699005127	0.0	*
p.Ala1360Asn	0.10863363742828369	0.0	*
p.Ala1360Asp	0.01023930311203003	0.0	*
p.Ala1360Cys	0.07569283246994019	0.0	*
p.Ala1360Gln	0.022169649600982666	0.0	*
p.Ala1360Glu	0.00558847188949585	0.0	*
p.Ala1360Gly	0.18870043754577637	0.0	*
p.Ala1360His	0.027757883071899414	0.0	*
p.Ala1360Ile	0.04590386152267456	0.0	*
p.Ala1360Leu	0.0387912392616272	0.0	*
p.Ala1360Lys	0.0743752121925354	0.0	*
p.Ala1360Met	0.19092071056365967	0.0	*
p.Ala1360Phe	0.056394338607788086	0.0	*
p.Ala1360Pro	0.010055899620056152	0.0	*
p.Ala1360Ser	0.39501237869262695	0.0	*
p.Ala1360Ter	*	*	*
p.Ala1360Thr	0.3259599208831787	0.0	*
p.Ala1360Trp	0.031039834022521973	0.0	*
p.Ala1360Tyr	0.020488381385803223	0.0	*
p.Ala1360Val	0.08266866207122803	0.0	*
p.Ala1361=	*	*	*
p.Ala1361Arg	0.11228644847869873	0.0	*
p.Ala1361Asn	0.3409692049026489	0.0	*
p.Ala1361Asp	0.05439859628677368	0.0	*
p.Ala1361Cys	0.3087865710258484	0.0	*
p.Ala1361Gln	0.16068506240844727	0.0	*
p.Ala1361Glu	0.03404855728149414	0.0	*
p.Ala1361Gly	0.4314054250717163	0.0	*
p.Ala1361His	0.18815630674362183	0.0	*
p.Ala1361Ile	0.28685104846954346	0.0	*
p.Ala1361Leu	0.24269092082977295	0.0	*
p.Ala1361Lys	0.41258251667022705	0.0	*
p.Ala1361Phe	0.33384817838668823	0.0	*
p.Ala1361Pro	0.05237656831741333	0.0	*
p.Ala1361Ser	0.7476152777671814	0.0	*
p.Ala1361Ter	*	*	*
p.Ala1361Thr	0.7266806364059448	0.0	*
p.Ala1361Trp	0.1637411117553711	0.0	*
p.Ala1361Tyr	0.1213608980178833	0.0	*
p.Ala1361Val	0.4701457619667053	0.0	*
p.Ala1386=	*	*	*
p.Ala1386Arg	0.9979602098464966	0.0	*
p.Ala1386Asn	0.9993528723716736	0.0	*
p.Ala1386Asp	0.994773805141449	0.0	*
p.Ala1386Cys	0.999577522277832	0.0	*
p.Ala1386Gln	0.9988299012184143	0.0	*
p.Ala1386Glu	0.992971658706665	0.0	*
p.Ala1386Gly	0.999336302280426	0.0	*
p.Ala1386His	0.9993844628334045	0.0	*
p.Ala1386Ile	0.998532235622406	0.0	*
p.Ala1386Leu	0.9992254972457886	0.0	*
p.Ala1386Lys	0.9998019933700562	0.0	*
p.Ala1386Met	0.9998045563697815	0.0	*
p.Ala1386Phe	0.9993122220039368	0.0	*
p.Ala1386Pro	0.9888238906860352	0.0	*
p.Ala1386Ser	0.9997326135635376	0.0	*
p.Ala1386Ter	*	*	*
p.Ala1386Thr	0.9998842477798462	0.0	*
p.Ala1386Trp	0.9964485764503479	0.0	*
p.Ala1386Tyr	0.9933786988258362	0.0	*
p.Ala1386Val	0.9986634850502014	0.0	*
p.Ala1388=	*	*	*
p.Ala1388Arg	0.9853575229644775	0.0	*
p.Ala1388Asn	0.9965157508850098	0.0	*
p.Ala1388Asp	0.9672158360481262	0.0	*
p.Ala1388Cys	0.9934771656990051	0.0	*
p.Ala1388Gln	0.9924514293670654	0.0	*
p.Ala1388Glu	0.9605733156204224	0.0	*
p.Ala1388Gly	0.9959005117416382	0.0	*
p.Ala1388His	0.9932177066802979	0.0	*
p.Ala1388Ile	0.9933984279632568	0.0	*
p.Ala1388Leu	0.9960129261016846	0.0	*
p.Ala1388Lys	0.9977710843086243	0.0	*
p.Ala1388Met	0.9984817504882812	0.0	*
p.Ala1388Phe	0.9942164421081543	0.0	*
p.Ala1388Pro	0.9258850812911987	0.0	*
p.Ala1388Ser	0.9994984269142151	0.0	*
p.Ala1388Ter	*	*	*
p.Ala1388Thr	0.9994330406188965	0.0	*
p.Ala1388Trp	0.980738639831543	0.0	*
p.Ala1388Tyr	0.9626742601394653	0.0	*
p.Ala1388Val	0.9932215809822083	0.0	*
p.Ala1397=	*	*	*
p.Ala1397Arg	0.9747656583786011	0.0	*
p.Ala1397Asn	0.99699866771698	0.0	*
p.Ala1397Asp	0.9905686974525452	0.0	*
p.Ala1397Cys	0.997748851776123	0.0	*
p.Ala1397Gln	0.9907238483428955	0.0	*
p.Ala1397Glu	0.9900273084640503	0.0	*
p.Ala1397Gly	0.9976266622543335	0.0	*
p.Ala1397His	0.9980506896972656	0.0	*
p.Ala1397Ile	0.9930467009544373	0.0	*
p.Ala1397Leu	0.9929012656211853	0.0	*
p.Ala1397Lys	0.9978189468383789	0.0	*
p.Ala1397Met	0.9985706806182861	0.0	*
p.Ala1397Phe	0.9951143264770508	0.0	*
p.Ala1397Pro	0.9846060276031494	0.0	*
p.Ala1397Ser	0.9991276264190674	0.0	*
p.Ala1397Ter	*	*	*
p.Ala1397Thr	0.9996151328086853	0.0	*
p.Ala1397Trp	0.9897857904434204	0.0	*
p.Ala1397Tyr	0.9813480377197266	0.0	*
p.Ala1397Val	0.9963703751564026	0.0	*
p.Ala1416=	*	*	*
p.Ala1416Arg	0.9914091229438782	0.0	*
p.Ala1416Asn	0.997870683670044	0.0	*
p.Ala1416Asp	0.9931738376617432	0.0	*
p.Ala1416Cys	0.9936654567718506	0.0	*
p.Ala1416Gln	0.995743989944458	0.0	*
p.Ala1416Glu	0.9948554039001465	0.0	*
p.Ala1416Gly	0.9971271753311157	0.0	*
p.Ala1416His	0.9977794885635376	0.0	*
p.Ala1416Ile	0.9961652159690857	0.0	*
p.Ala1416Leu	0.9985913038253784	0.0	*
p.Ala1416Lys	0.998500645160675	0.0	*
p.Ala1416Met	0.9985052347183228	0.0	*
p.Ala1416Phe	0.9971271753311157	0.0	*
p.Ala1416Pro	0.9956584572792053	0.0	*
p.Ala1416Ser	0.9995253682136536	0.0	*
p.Ala1416Ter	*	*	*
p.Ala1416Thr	0.9992451071739197	0.0	*
p.Ala1416Trp	0.9948472380638123	0.0	*
p.Ala1416Tyr	0.9888730049133301	0.0	*
p.Ala1416Val	0.997918426990509	0.0	*
p.Ala1443=	*	*	*
p.Ala1443Arg	0.9752471446990967	0.0	*
p.Ala1443Asn	0.9891633987426758	0.0	*
p.Ala1443Asp	0.9814537167549133	0.0	*
p.Ala1443Cys	0.9697057604789734	0.0	*
p.Ala1443Gln	0.9593567848205566	0.0	*
p.Ala1443Glu	0.9723591208457947	0.0	*
p.Ala1443Gly	0.9879223704338074	0.0	*
p.Ala1443His	0.983227014541626	0.0	*
p.Ala1443Ile	0.9541279077529907	0.0	*
p.Ala1443Leu	0.9491873383522034	0.0	*
p.Ala1443Lys	0.9701480269432068	0.0	*
p.Ala1443Met	0.9742174744606018	0.0	*
p.Ala1443Phe	0.9310834407806396	0.0	*
p.Ala1443Pro	0.9782339930534363	0.0	*
p.Ala1443Ser	0.9971354007720947	0.0	*
p.Ala1443Ter	*	*	*
p.Ala1443Thr	0.996331512928009	0.0	*
p.Ala1443Trp	0.9666143655776978	0.0	*
p.Ala1443Tyr	0.8859819173812866	0.0	*
p.Ala1443Val	0.9756343364715576	0.0	*
p.Ala1444=	*	*	*
p.Ala1444Arg	0.9408754110336304	0.0	*
p.Ala1444Asn	0.9782590270042419	0.0	*
p.Ala1444Asp	0.9682093858718872	0.0	*
p.Ala1444Cys	0.9610178470611572	0.0	*
p.Ala1444Gln	0.9619317650794983	0.0	*
p.Ala1444Glu	0.9393855333328247	0.0	*
p.Ala1444Gly	0.9676111340522766	0.0	*
p.Ala1444His	0.9695873856544495	0.0	*
p.Ala1444Ile	0.9609786868095398	0.0	*
p.Ala1444Leu	0.9442178606987	0.0	*
p.Ala1444Lys	0.9674842357635498	0.0	*
p.Ala1444Met	0.9727059602737427	0.0	*
p.Ala1444Phe	0.9319614171981812	0.0	*
p.Ala1444Pro	0.9423952698707581	0.0	*
p.Ala1444Ser	0.9944761991500854	0.0	*
p.Ala1444Ter	*	*	*
p.Ala1444Thr	0.9952370524406433	0.0	*
p.Ala1444Trp	0.9534003138542175	0.0	*
p.Ala1444Tyr	0.8678495287895203	0.0	*
p.Ala1444Val	0.969575822353363	0.0	*
p.Ala1445=	*	*	*
p.Ala1445Arg	0.7878178954124451	0.0	*
p.Ala1445Asn	0.9039267897605896	0.0	*
p.Ala1445Asp	0.6921337842941284	0.0	*
p.Ala1445Cys	0.8612312078475952	0.0	*
p.Ala1445Gln	0.7205923795700073	0.0	*
p.Ala1445Glu	0.5778785943984985	0.0	*
p.Ala1445Gly	0.8934857845306396	0.0	*
p.Ala1445His	0.8794861435890198	0.0	*
p.Ala1445Ile	0.8163706660270691	0.0	*
p.Ala1445Leu	0.8579487204551697	0.0	*
p.Ala1445Lys	0.8234801888465881	0.0	*
p.Ala1445Met	0.9381259083747864	0.0	*
p.Ala1445Phe	0.8131779432296753	0.0	*
p.Ala1445Pro	0.7001980543136597	0.0	*
p.Ala1445Ser	0.9629355072975159	0.0	*
p.Ala1445Ter	*	*	*
p.Ala1445Thr	0.9735657572746277	0.0	*
p.Ala1445Trp	0.8562277555465698	0.0	*
p.Ala1445Tyr	0.5929223299026489	0.0	*
p.Ala1445Val	0.9089701175689697	0.0	*
p.Ala718=	*	*	*
p.Ala718Arg	0.004848957061767578	0.0	*
p.Ala718Asn	0.02797633409500122	0.0	*
p.Ala718Asp	0.004533171653747559	0.0	*
p.Ala718Cys	0.08699524402618408	0.0	*
p.Ala718Gln	0.024914264678955078	0.0	*
p.Ala718Glu	0.0038622021675109863	0.0	*
p.Ala718Gly	0.13585162162780762	0.0	*
p.Ala718His	0.020343422889709473	0.0	*
p.Ala718Ile	0.06341719627380371	0.0	*
p.Ala718Leu	0.0408480167388916	0.0	*
p.Ala718Lys	0.05843245983123779	0.0	*
p.Ala718Met	0.19418197870254517	0.0	*
p.Ala718Phe	0.04828512668609619	0.0	*
p.Ala718Pro	0.0018977522850036621	0.0	*
p.Ala718Ser	0.3909584879875183	0.0	*
p.Ala718Ter	*	*	*
p.Ala718Thr	0.20616179704666138	0.0	*
p.Ala718Trp	0.02182382345199585	0.0	*
p.Ala718Tyr	0.01657813787460327	0.0	*
p.Ala718Val	0.10339879989624023	0.0	*
p.Ala727=	*	*	*
p.Ala727Arg	0.5211480855941772	0.0	*
p.Ala727Asn	0.8062766790390015	0.0	*
p.Ala727Asp	0.4941890835762024	0.0	*
p.Ala727Cys	0.8511742949485779	0.0	*
p.Ala727Gln	0.7388216257095337	0.0	*
p.Ala727Glu	0.40243715047836304	0.0	*
p.Ala727Gly	0.9097608923912048	0.0	*
p.Ala727His	0.828834056854248	0.0	*
p.Ala727Ile	0.8740290999412537	0.0	*
p.Ala727Leu	0.7876355051994324	0.0	*
p.Ala727Lys	0.9230113625526428	0.0	*
p.Ala727Met	0.945512592792511	0.0	*
p.Ala727Phe	0.8092243075370789	0.0	*
p.Ala727Pro	0.23564177751541138	0.0	*
p.Ala727Ser	0.9827793836593628	0.0	*
p.Ala727Ter	*	*	*
p.Ala727Thr	0.9819022417068481	0.0	*
p.Ala727Trp	0.7513889670372009	0.0	*
p.Ala727Tyr	0.5056480169296265	0.0	*
p.Ala727Val	0.8947938084602356	0.0	*
p.Ala736=	*	*	*
p.Ala736Arg	0.07452601194381714	0.0	*
p.Ala736Asn	0.3643060326576233	0.0	*
p.Ala736Asp	0.03221607208251953	0.0	*
p.Ala736Cys	0.523262619972229	0.0	*
p.Ala736Gln	0.17703229188919067	0.0	*
p.Ala736Glu	0.041545569896698	0.0	*
p.Ala736Gly	0.7573429346084595	0.0	*
p.Ala736His	0.2721519470214844	0.0	*
p.Ala736Ile	0.4138699173927307	0.0	*
p.Ala736Leu	0.3803461790084839	0.0	*
p.Ala736Lys	0.4509105086326599	0.0	*
p.Ala736Met	0.8365585803985596	0.0	*
p.Ala736Phe	0.417008638381958	0.0	*
p.Ala736Pro	0.03273320198059082	0.0	*
p.Ala736Ser	0.8740800023078918	0.0	*
p.Ala736Ter	*	*	*
p.Ala736Thr	0.8194303512573242	0.0	*
p.Ala736Trp	0.24527376890182495	0.0	*
p.Ala736Tyr	0.13392949104309082	0.0	*
p.Ala736Val	0.5837259292602539	0.0	*
p.Ala740=	*	*	*
p.Ala740Arg	0.01921623945236206	0.0	*
p.Ala740Asp	0.02771914005279541	0.0	*
p.Ala740Cys	0.07004046440124512	0.0	*
p.Ala740Gln	0.032969117164611816	0.0	*
p.Ala740Glu	0.012653648853302002	0.0	*
p.Ala740Gly	0.4385652542114258	0.0	*
p.Ala740His	0.04626667499542236	0.0	*
p.Ala740Ile	0.09715044498443604	0.0	*
p.Ala740Leu	0.07651317119598389	0.0	*
p.Ala740Met	0.2762962579727173	0.0	*
p.Ala740Phe	0.11653953790664673	0.0	*
p.Ala740Pro	0.013035297393798828	0.0	*
p.Ala740Ser	0.5656446218490601	0.0	*
p.Ala740Ter	*	*	*
p.Ala740Thr	0.5839784145355225	0.0	*
p.Ala740Trp	0.04559522867202759	0.0	*
p.Ala740Tyr	0.04535257816314697	0.0	*
p.Ala740Val	0.2456517219543457	0.0	*
p.Ala751=	*	*	*
p.Ala751Arg	0.05432695150375366	0.0	*
p.Ala751Asn	0.21520042419433594	0.0	*
p.Ala751Asp	0.021679282188415527	0.0	*
p.Ala751Cys	0.1981039047241211	0.0	*
p.Ala751Gln	0.06478744745254517	0.0	*
p.Ala751Glu	0.018680930137634277	0.0	*
p.Ala751Gly	0.3706158399581909	0.0	*
p.Ala751His	0.052207112312316895	0.0	*
p.Ala751Ile	0.1698065996170044	0.0	*
p.Ala751Leu	0.13396131992340088	0.0	*
p.Ala751Lys	0.19447672367095947	0.0	*
p.Ala751Met	0.4440456032752991	0.0	*
p.Ala751Phe	0.23268043994903564	0.0	*
p.Ala751Pro	0.020042240619659424	0.0	*
p.Ala751Ser	0.5302631258964539	0.0	*
p.Ala751Ter	*	*	*
p.Ala751Thr	0.6595643758773804	0.0	*
p.Ala751Trp	0.12598800659179688	0.0	*
p.Ala751Tyr	0.0718192458152771	0.0	*
p.Ala751Val	0.3087877631187439	0.0	*
p.Ala753=	*	*	*
p.Ala753Arg	0.19432109594345093	0.0	*
p.Ala753Asn	0.5295835733413696	0.0	*
p.Ala753Asp	0.09422117471694946	0.0	*
p.Ala753Cys	0.27492183446884155	0.0	*
p.Ala753Gln	0.24689537286758423	0.0	*
p.Ala753Glu	0.0763556957244873	0.0	*
p.Ala753Gly	0.5918359756469727	0.0	*
p.Ala753His	0.23043179512023926	0.0	*
p.Ala753Ile	0.4291374087333679	0.0	*
p.Ala753Leu	0.412017822265625	0.0	*
p.Ala753Phe	0.3951161503791809	0.0	*
p.Ala753Pro	0.05124306678771973	0.0	*
p.Ala753Ser	0.7538396716117859	0.0	*
p.Ala753Ter	*	*	*
p.Ala753Thr	0.8603460192680359	0.0	*
p.Ala753Trp	0.3513936996459961	0.0	*
p.Ala753Tyr	0.17601412534713745	0.0	*
p.Ala753Val	0.6442087888717651	0.0	*
p.Ala756=	*	*	*
p.Ala756Arg	0.14932650327682495	0.0	*
p.Ala756Asn	0.394896924495697	0.0	*
p.Ala756Asp	0.1277521848678589	0.0	*
p.Ala756Cys	0.41084563732147217	0.0	*
p.Ala756Gln	0.32490092515945435	0.0	*
p.Ala756Glu	0.11032742261886597	0.0	*
p.Ala756Gly	0.49819356203079224	0.0	*
p.Ala756His	0.2799391746520996	0.0	*
p.Ala756Ile	0.20355159044265747	0.0	*
p.Ala756Leu	0.25212007761001587	0.0	*
p.Ala756Lys	0.6038788557052612	0.0	*
p.Ala756Met	0.5150350332260132	0.0	*
p.Ala756Phe	0.3081137537956238	0.0	*
p.Ala756Pro	0.0821375846862793	0.0	*
p.Ala756Ser	0.7592837810516357	0.0	*
p.Ala756Ter	*	*	*
p.Ala756Thr	0.7150406837463379	0.0	*
p.Ala756Trp	0.16881203651428223	0.0	*
p.Ala756Tyr	0.10698956251144409	0.0	*
p.Ala756Val	0.2970997095108032	0.0	*
p.Ala775=	*	*	*
p.Ala775Arg	0.0026701688766479492	0.0	*
p.Ala775Asn	0.013624906539916992	0.0	*
p.Ala775Asp	0.002926349639892578	0.0	*
p.Ala775Cys	0.03428000211715698	0.0	*
p.Ala775Gln	0.004310429096221924	0.0	*
p.Ala775Glu	0.00113677978515625	0.0	*
p.Ala775Gly	0.06482881307601929	0.0	*
p.Ala775His	0.004175066947937012	0.0	*
p.Ala775Ile	0.010380566120147705	0.0	*
p.Ala775Leu	0.009057343006134033	0.0	*
p.Ala775Lys	0.009599149227142334	0.0	*
p.Ala775Met	0.023386359214782715	0.0	*
p.Ala775Phe	0.00795060396194458	0.0	*
p.Ala775Pro	0.0024304986000061035	0.0	*
p.Ala775Ser	0.11702907085418701	0.0	*
p.Ala775Ter	*	*	*
p.Ala775Thr	0.07422536611557007	0.0	*
p.Ala775Trp	0.009645462036132812	0.0	*
p.Ala775Tyr	0.004523336887359619	0.0	*
p.Ala775Val	0.027906835079193115	0.0	*
p.Ala784=	*	*	*
p.Ala784Arg	0.080577552318573	0.0	*
p.Ala784Asn	0.263599157333374	0.0	*
p.Ala784Asp	0.04659461975097656	0.0	*
p.Ala784Cys	0.1868721842765808	0.0	*
p.Ala784Gln	0.17860156297683716	0.0	*
p.Ala784Glu	0.04755347967147827	0.0	*
p.Ala784Gly	0.44887834787368774	0.0	*
p.Ala784His	0.17713159322738647	0.0	*
p.Ala784Ile	0.18256402015686035	0.0	*
p.Ala784Leu	0.20598018169403076	0.0	*
p.Ala784Lys	0.3193356394767761	0.0	*
p.Ala784Met	0.5278594493865967	0.0	*
p.Ala784Phe	0.34245914220809937	0.0	*
p.Ala784Pro	0.035045623779296875	0.0	*
p.Ala784Ser	0.5700703859329224	0.0	*
p.Ala784Ter	*	*	*
p.Ala784Thr	0.6875592470169067	0.0	*
p.Ala784Trp	0.16244810819625854	0.0	*
p.Ala784Tyr	0.1156807541847229	0.0	*
p.Ala784Val	0.5086181163787842	0.0	*
p.Ala791=	*	*	*
p.Ala791Arg	0.09926706552505493	0.0	*
p.Ala791Asn	0.3398370146751404	0.0	*
p.Ala791Asp	0.1064460277557373	0.0	*
p.Ala791Cys	0.27288568019866943	0.0	*
p.Ala791Gln	0.17222094535827637	0.0	*
p.Ala791Glu	0.06509721279144287	0.0	*
p.Ala791Gly	0.5151620507240295	0.0	*
p.Ala791His	0.20311790704727173	0.0	*
p.Ala791Ile	0.17559123039245605	0.0	*
p.Ala791Leu	0.17137771844863892	0.0	*
p.Ala791Lys	0.3855077028274536	0.0	*
p.Ala791Met	0.3585469126701355	0.0	*
p.Ala791Phe	0.1354479193687439	0.0	*
p.Ala791Pro	0.036148250102996826	0.0	*
p.Ala791Ser	0.7915130257606506	0.0	*
p.Ala791Ter	*	*	*
p.Ala791Thr	0.6323758363723755	0.0	*
p.Ala791Trp	0.13900935649871826	0.0	*
p.Ala791Tyr	0.05689197778701782	0.0	*
p.Ala791Val	0.1839171051979065	0.0	*
p.Ala793=	*	*	*
p.Ala793Arg	0.05516552925109863	0.0	*
p.Ala793Asn	0.16806191205978394	0.0	*
p.Ala793Asp	0.03652709722518921	0.0	*
p.Ala793Cys	0.1386493444442749	0.0	*
p.Ala793Gln	0.10954195261001587	0.0	*
p.Ala793Glu	0.02090555429458618	0.0	*
p.Ala793Gly	0.20984786748886108	0.0	*
p.Ala793His	0.13957029581069946	0.0	*
p.Ala793Ile	0.07923394441604614	0.0	*
p.Ala793Leu	0.13291722536087036	0.0	*
p.Ala793Lys	0.1331889033317566	0.0	*
p.Ala793Met	0.34329187870025635	0.0	*
p.Ala793Phe	0.10007518529891968	0.0	*
p.Ala793Pro	0.012547552585601807	0.0	*
p.Ala793Ser	0.44509726762771606	0.0	*
p.Ala793Ter	*	*	*
p.Ala793Thr	0.37855350971221924	0.0	*
p.Ala793Trp	0.08324301242828369	0.0	*
p.Ala793Tyr	0.04565894603729248	0.0	*
p.Ala793Val	0.18856292963027954	0.0	*
p.Ala800=	*	*	*
p.Ala800Arg	0.044936180114746094	0.0	*
p.Ala800Asn	0.16750645637512207	0.0	*
p.Ala800Asp	0.02974414825439453	0.0	*
p.Ala800Cys	0.2218894362449646	0.0	*
p.Ala800Gln	0.12822216749191284	0.0	*
p.Ala800Glu	0.04131519794464111	0.0	*
p.Ala800Gly	0.27373015880584717	0.0	*
p.Ala800His	0.17000961303710938	0.0	*
p.Ala800Ile	0.15185171365737915	0.0	*
p.Ala800Leu	0.1849735975265503	0.0	*
p.Ala800Lys	0.2487747073173523	0.0	*
p.Ala800Met	0.4562889337539673	0.0	*
p.Ala800Phe	0.1129712462425232	0.0	*
p.Ala800Pro	0.01249837875366211	0.0	*
p.Ala800Ser	0.6039897203445435	0.0	*
p.Ala800Ter	*	*	*
p.Ala800Thr	0.4845017194747925	0.0	*
p.Ala800Trp	0.11118322610855103	0.0	*
p.Ala800Tyr	0.04627102613449097	0.0	*
p.Ala800Val	0.25849074125289917	0.0	*
p.Ala803=	*	*	*
p.Ala803Arg	0.02472400665283203	0.0	*
p.Ala803Asn	0.08586132526397705	0.0	*
p.Ala803Asp	0.009860217571258545	0.0	*
p.Ala803Cys	0.10197418928146362	0.0	*
p.Ala803Gln	0.04365956783294678	0.0	*
p.Ala803Glu	0.003324270248413086	0.0	*
p.Ala803Gly	0.09196668863296509	0.0	*
p.Ala803His	0.024205327033996582	0.0	*
p.Ala803Ile	0.06013965606689453	0.0	*
p.Ala803Leu	0.09625333547592163	0.0	*
p.Ala803Lys	0.1183205246925354	0.0	*
p.Ala803Met	0.3042951822280884	0.0	*
p.Ala803Phe	0.04565548896789551	0.0	*
p.Ala803Pro	0.004558920860290527	0.0	*
p.Ala803Ser	0.29289108514785767	0.0	*
p.Ala803Ter	*	*	*
p.Ala803Thr	0.19635099172592163	0.0	*
p.Ala803Trp	0.04075509309768677	0.0	*
p.Ala803Tyr	0.01824796199798584	0.0	*
p.Ala803Val	0.08861392736434937	0.0	*
p.Ala852=	*	*	*
p.Ala852Arg	0.003694295883178711	0.0	*
p.Ala852Asn	0.017436087131500244	0.0	*
p.Ala852Asp	0.0025110244750976562	0.0	*
p.Ala852Cys	0.012298166751861572	0.0	*
p.Ala852Gln	0.006661772727966309	0.0	*
p.Ala852Glu	0.0023776888847351074	0.0	*
p.Ala852Gly	0.03653770685195923	0.0	*
p.Ala852His	0.0084913969039917	0.0	*
p.Ala852Ile	0.015250325202941895	0.0	*
p.Ala852Leu	0.013033509254455566	0.0	*
p.Ala852Lys	0.02329277992248535	0.0	*
p.Ala852Met	0.039361536502838135	0.0	*
p.Ala852Phe	0.014274239540100098	0.0	*
p.Ala852Pro	0.0024889707565307617	0.0	*
p.Ala852Ser	0.10684067010879517	0.0	*
p.Ala852Ter	*	*	*
p.Ala852Thr	0.05706310272216797	0.0	*
p.Ala852Trp	0.006408631801605225	0.0	*
p.Ala852Tyr	0.005031287670135498	0.0	*
p.Ala852Val	0.02237069606781006	0.0	*
p.Ala861=	*	*	*
p.Ala861Arg	0.2486506700515747	0.0	*
p.Ala861Asn	0.572564959526062	0.0	*
p.Ala861Asp	0.07281190156936646	0.0	*
p.Ala861Cys	0.17352616786956787	0.0	*
p.Ala861Gln	0.15476709604263306	0.0	*
p.Ala861Glu	0.06034409999847412	0.0	*
p.Ala861Gly	0.40279078483581543	0.0	*
p.Ala861His	0.1952233910560608	0.0	*
p.Ala861Ile	0.13602250814437866	0.0	*
p.Ala861Leu	0.18282419443130493	0.0	*
p.Ala861Lys	0.33574992418289185	0.0	*
p.Ala861Met	0.36630433797836304	0.0	*
p.Ala861Phe	0.18725544214248657	0.0	*
p.Ala861Pro	0.10064941644668579	0.0	*
p.Ala861Ser	0.6206087470054626	0.0	*
p.Ala861Ter	*	*	*
p.Ala861Thr	0.39194291830062866	0.0	*
p.Ala861Trp	0.09532469511032104	0.0	*
p.Ala861Tyr	0.0718873143196106	0.0	*
p.Ala861Val	0.1745801568031311	0.0	*
p.Ala874=	*	*	*
p.Ala874Arg	0.0014840960502624512	0.0	*
p.Ala874Asn	0.0038709640502929688	0.0	*
p.Ala874Asp	0.002746403217315674	0.0	*
p.Ala874Cys	0.008561909198760986	0.0	*
p.Ala874Gln	0.00781404972076416	0.0	*
p.Ala874Glu	0.001156926155090332	0.0	*
p.Ala874Gly	0.04022216796875	0.0	*
p.Ala874His	0.005753219127655029	0.0	*
p.Ala874Ile	0.007100224494934082	0.0	*
p.Ala874Leu	0.006299853324890137	0.0	*
p.Ala874Lys	0.0086861252784729	0.0	*
p.Ala874Met	0.010980546474456787	0.0	*
p.Ala874Phe	0.0067198872566223145	0.0	*
p.Ala874Pro	0.0010269880294799805	0.0	*
p.Ala874Ser	0.177437424659729	0.0	*
p.Ala874Ter	*	*	*
p.Ala874Thr	0.033120930194854736	0.0	*
p.Ala874Trp	0.006929457187652588	0.0	*
p.Ala874Tyr	0.004231452941894531	0.0	*
p.Ala874Val	0.017512261867523193	0.0	*
p.Ala879=	*	*	*
p.Ala879Arg	0.026401996612548828	0.0	*
p.Ala879Asn	0.11311995983123779	0.0	*
p.Ala879Asp	0.06733626127243042	0.0	*
p.Ala879Cys	0.30223190784454346	0.0	*
p.Ala879Gln	0.07984328269958496	0.0	*
p.Ala879Glu	0.04779648780822754	0.0	*
p.Ala879Gly	0.3920316696166992	0.0	*
p.Ala879His	0.161035418510437	0.0	*
p.Ala879Ile	0.08069044351577759	0.0	*
p.Ala879Leu	0.11809855699539185	0.0	*
p.Ala879Lys	0.15428221225738525	0.0	*
p.Ala879Met	0.18308502435684204	0.0	*
p.Ala879Phe	0.11625277996063232	0.0	*
p.Ala879Pro	0.050577402114868164	0.0	*
p.Ala879Ser	0.5141091346740723	0.0	*
p.Ala879Ter	*	*	*
p.Ala879Thr	0.36418265104293823	0.0	*
p.Ala879Trp	0.07409590482711792	0.0	*
p.Ala879Tyr	0.04320579767227173	0.0	*
p.Ala879Val	0.17511165142059326	0.0	*
p.Ala887=	*	*	*
p.Ala887Arg	0.0019628405570983887	0.0	*
p.Ala887Asn	0.008702635765075684	0.0	*
p.Ala887Asp	0.002638518810272217	0.0	*
p.Ala887Cys	0.0135384202003479	0.0	*
p.Ala887Gln	0.003260314464569092	0.0	*
p.Ala887Glu	0.0006941556930541992	0.0	*
p.Ala887Gly	0.01783090829849243	0.0	*
p.Ala887His	0.0020605921745300293	0.0	*
p.Ala887Ile	0.007914841175079346	0.0	*
p.Ala887Leu	0.0052751898765563965	0.0	*
p.Ala887Lys	0.00633847713470459	0.0	*
p.Ala887Met	0.014035820960998535	0.0	*
p.Ala887Phe	0.005319058895111084	0.0	*
p.Ala887Pro	0.0012985467910766602	0.0	*
p.Ala887Ser	0.051435112953186035	0.0	*
p.Ala887Ter	*	*	*
p.Ala887Thr	0.018107295036315918	0.0	*
p.Ala887Trp	0.004049062728881836	0.0	*
p.Ala887Tyr	0.0027549266815185547	0.0	*
p.Ala887Val	0.008293986320495605	0.0	*
p.Ala897=	*	*	*
p.Ala897Arg	0.004722237586975098	0.0	*
p.Ala897Asn	0.018837034702301025	0.0	*
p.Ala897Asp	0.00623089075088501	0.0	*
p.Ala897Cys	0.0019478797912597656	0.0	*
p.Ala897Gln	0.007336020469665527	0.0	*
p.Ala897Glu	0.002940356731414795	0.0	*
p.Ala897Gly	0.05958133935928345	0.0	*
p.Ala897His	0.008559584617614746	0.0	*
p.Ala897Ile	0.014067351818084717	0.0	*
p.Ala897Leu	0.01106041669845581	0.0	*
p.Ala897Lys	0.020412325859069824	0.0	*
p.Ala897Met	0.027710914611816406	0.0	*
p.Ala897Phe	0.013965249061584473	0.0	*
p.Ala897Pro	0.00277024507522583	0.0	*
p.Ala897Ser	0.18645387887954712	0.0	*
p.Ala897Ter	*	*	*
p.Ala897Thr	0.1021726131439209	0.0	*
p.Ala897Trp	0.0033202171325683594	0.0	*
p.Ala897Tyr	0.006575107574462891	0.0	*
p.Ala897Val	0.022278130054473877	0.0	*
p.Ala906=	*	*	*
p.Ala906Arg	0.001568615436553955	0.0	*
p.Ala906Asn	0.0035704970359802246	0.0	*
p.Ala906Asp	0.0004054903984069824	0.0	*
p.Ala906Cys	0.003187835216522217	0.0	*
p.Ala906Gln	0.0014244318008422852	0.0	*
p.Ala906Glu	0.00040537118911743164	0.0	*
p.Ala906Gly	0.0025284290313720703	0.0	*
p.Ala906His	0.0008230805397033691	0.0	*
p.Ala906Ile	0.004638612270355225	0.0	*
p.Ala906Leu	0.002765357494354248	0.0	*
p.Ala906Lys	0.0030747056007385254	0.0	*
p.Ala906Met	0.004873514175415039	0.0	*
p.Ala906Phe	0.0018870830535888672	0.0	*
p.Ala906Pro	0.00037348270416259766	0.0	*
p.Ala906Ser	0.014547288417816162	0.0	*
p.Ala906Ter	*	*	*
p.Ala906Thr	0.006943106651306152	0.0	*
p.Ala906Trp	0.0016693472862243652	0.0	*
p.Ala906Tyr	0.001503586769104004	0.0	*
p.Ala906Val	0.005750417709350586	0.0	*
p.Ala911=	*	*	*
p.Ala911Arg	0.0003045797348022461	0.0	*
p.Ala911Asn	0.001061856746673584	0.0	*
p.Ala911Asp	0.00011897087097167969	0.0	*
p.Ala911Cys	0.0006982088088989258	0.0	*
p.Ala911Gln	0.0003763437271118164	0.0	*
p.Ala911Glu	8.630752563476562e-05	0.0	*
p.Ala911Gly	0.0009642839431762695	0.0	*
p.Ala911His	0.00021523237228393555	0.0	*
p.Ala911Ile	0.0007060766220092773	0.0	*
p.Ala911Leu	0.00029283761978149414	0.0	*
p.Ala911Lys	0.0008183121681213379	0.0	*
p.Ala911Met	0.00131303071975708	0.0	*
p.Ala911Phe	0.00042325258255004883	0.0	*
p.Ala911Pro	7.283687591552734e-05	0.0	*
p.Ala911Ser	0.003786146640777588	0.0	*
p.Ala911Ter	*	*	*
p.Ala911Thr	0.001468062400817871	0.0	*
p.Ala911Trp	0.0003228187561035156	0.0	*
p.Ala911Tyr	0.00023514032363891602	0.0	*
p.Ala911Val	0.000788569450378418	0.0	*
p.Ala917=	*	*	*
p.Ala917Arg	0.000545799732208252	0.0	*
p.Ala917Asn	0.0014313459396362305	0.0	*
p.Ala917Asp	0.00027364492416381836	0.0	*
p.Ala917Cys	0.004326283931732178	0.0	*
p.Ala917Gln	0.0013376474380493164	0.0	*
p.Ala917Glu	0.00019890069961547852	0.0	*
p.Ala917Gly	0.00467073917388916	0.0	*
p.Ala917His	0.0005928277969360352	0.0	*
p.Ala917Ile	0.002726256847381592	0.0	*
p.Ala917Leu	0.0019742250442504883	0.0	*
p.Ala917Lys	0.0024585723876953125	0.0	*
p.Ala917Met	0.0034222006797790527	0.0	*
p.Ala917Phe	0.0023967623710632324	0.0	*
p.Ala917Pro	0.00020045042037963867	0.0	*
p.Ala917Ser	0.009577155113220215	0.0	*
p.Ala917Ter	*	*	*
p.Ala917Thr	0.004675149917602539	0.0	*
p.Ala917Trp	0.0015822649002075195	0.0	*
p.Ala917Tyr	0.0009568333625793457	0.0	*
p.Ala917Val	0.006903588771820068	0.0	*
p.Ala971=	*	*	*
p.Ala971Arg	0.015089273452758789	0.0	*
p.Ala971Asn	0.1067957878112793	0.0	*
p.Ala971Asp	0.008088648319244385	0.0	*
p.Ala971Cys	0.08034157752990723	0.0	*
p.Ala971Gln	0.022644400596618652	0.0	*
p.Ala971Glu	0.006186485290527344	0.0	*
p.Ala971Gly	0.22730505466461182	0.0	*
p.Ala971His	0.024006903171539307	0.0	*
p.Ala971Ile	0.08037406206130981	0.0	*
p.Ala971Leu	0.06836479902267456	0.0	*
p.Ala971Lys	0.0761418342590332	0.0	*
p.Ala971Met	0.30969882011413574	0.0	*
p.Ala971Phe	0.056645750999450684	0.0	*
p.Ala971Pro	0.007779300212860107	0.0	*
p.Ala971Ser	0.4810640215873718	0.0	*
p.Ala971Ter	*	*	*
p.Ala971Thr	0.2577945590019226	0.0	*
p.Ala971Trp	0.03143596649169922	0.0	*
p.Ala971Tyr	0.024211347103118896	0.0	*
p.Ala971Val	0.08880877494812012	0.0	*
p.Ala982=	*	*	*
p.Ala982Arg	0.001086592674255371	0.0	*
p.Ala982Asn	0.0025371313095092773	0.0	*
p.Ala982Asp	0.0006909370422363281	0.0	*
p.Ala982Cys	0.008508741855621338	0.0	*
p.Ala982Gln	0.002683699131011963	0.0	*
p.Ala982Glu	0.0005330443382263184	0.0	*
p.Ala982Gly	0.016562342643737793	0.0	*
p.Ala982His	0.0010548233985900879	0.0	*
p.Ala982Ile	0.004758596420288086	0.0	*
p.Ala982Leu	0.00438380241394043	0.0	*
p.Ala982Lys	0.0020962953567504883	0.0	*
p.Ala982Met	0.011342942714691162	0.0	*
p.Ala982Phe	0.003708362579345703	0.0	*
p.Ala982Pro	0.0004279017448425293	0.0	*
p.Ala982Ser	0.019725799560546875	0.0	*
p.Ala982Ter	*	*	*
p.Ala982Thr	0.01772993803024292	0.0	*
p.Ala982Trp	0.005430281162261963	0.0	*
p.Ala982Tyr	0.0021101832389831543	0.0	*
p.Ala982Val	0.013384997844696045	0.0	*
p.Ala990=	*	*	*
p.Ala990Arg	0.00024515390396118164	0.0	*
p.Ala990Asn	0.0004712343215942383	0.0	*
p.Ala990Asp	8.797645568847656e-05	0.0	*
p.Ala990Cys	0.0009012222290039062	0.0	*
p.Ala990Gln	0.00027817487716674805	0.0	*
p.Ala990Glu	5.543231964111328e-05	0.0	*
p.Ala990Gly	0.0020368099212646484	0.0	*
p.Ala990His	0.00016260147094726562	0.0	*
p.Ala990Ile	0.0011993646621704102	0.0	*
p.Ala990Leu	0.0012177824974060059	0.0	*
p.Ala990Lys	0.0005831718444824219	0.0	*
p.Ala990Met	0.0021700263023376465	0.0	*
p.Ala990Phe	0.0007994771003723145	0.0	*
p.Ala990Pro	0.00011146068572998047	0.0	*
p.Ala990Ser	0.006906986236572266	0.0	*
p.Ala990Ter	*	*	*
p.Ala990Thr	0.003235340118408203	0.0	*
p.Ala990Trp	0.0011584162712097168	0.0	*
p.Ala990Tyr	0.0005230307579040527	0.0	*
p.Ala990Val	0.004076480865478516	0.0	*
p.Ala994=	*	*	*
p.Ala994Arg	0.00013947486877441406	0.0	*
p.Ala994Asn	0.00027889013290405273	0.0	*
p.Ala994Asp	5.936622619628906e-05	0.0	*
p.Ala994Cys	0.0011332035064697266	0.0	*
p.Ala994Gln	5.7697296142578125e-05	0.0	*
p.Ala994Glu	4.029273986816406e-05	0.0	*
p.Ala994Gly	0.0018007159233093262	0.0	*
p.Ala994His	3.218650817871094e-05	0.0	*
p.Ala994Ile	0.0006766319274902344	0.0	*
p.Ala994Leu	0.0003750324249267578	0.0	*
p.Ala994Lys	0.00023978948593139648	0.0	*
p.Ala994Phe	0.00047218799591064453	0.0	*
p.Ala994Pro	0.0001461505889892578	0.0	*
p.Ala994Ser	0.0030774474143981934	0.0	*
p.Ala994Ter	*	*	*
p.Ala994Thr	0.0019974112510681152	0.0	*
p.Ala994Trp	0.0005096197128295898	0.0	*
p.Ala994Tyr	0.00029921531677246094	0.0	*
p.Ala994Val	0.0021878480911254883	0.0	*
p.Arg1038=	*	*	*
p.Arg1038Ala	0.6207150220870972	0.0	*
p.Arg1038Asn	0.4724040627479553	0.0	*
p.Arg1038Asp	0.25868839025497437	0.0	*
p.Arg1038Cys	0.25256770849227905	0.0	*
p.Arg1038Gln	0.6621383428573608	0.0	*
p.Arg1038Glu	0.19245195388793945	0.0	*
p.Arg1038Gly	0.2045385241508484	0.0	*
p.Arg1038His	0.7313499450683594	0.0	*
p.Arg1038Ile	0.1849278211593628	0.0	*
p.Arg1038Leu	0.1858816146850586	0.0	*
p.Arg1038Lys	0.7145146131515503	0.0	*
p.Arg1038Met	0.30721986293792725	0.0	*
p.Arg1038Phe	0.4068533778190613	0.0	*
p.Arg1038Pro	0.12380695343017578	0.0	*
p.Arg1038Ser	0.6426715850830078	0.0	*
p.Arg1038Ter	*	*	*
p.Arg1038Thr	0.41229337453842163	0.0	*
p.Arg1038Trp	0.2521512508392334	0.0	*
p.Arg1038Tyr	0.12542587518692017	0.0	*
p.Arg1038Val	0.2401564121246338	0.0	*
p.Arg1041=	*	*	*
p.Arg1041Ala	0.25287193059921265	0.0	*
p.Arg1041Asn	0.2551043629646301	0.0	*
p.Arg1041Asp	0.06136000156402588	0.0	*
p.Arg1041Cys	0.07388734817504883	0.0	*
p.Arg1041Gln	0.30257105827331543	0.0	*
p.Arg1041Glu	0.07088690996170044	0.0	*
p.Arg1041Gly	0.12093698978424072	0.0	*
p.Arg1041His	0.38765281438827515	0.0	*
p.Arg1041Ile	0.09186965227127075	0.0	*
p.Arg1041Leu	0.07819569110870361	0.0	*
p.Arg1041Lys	0.47033780813217163	0.0	*
p.Arg1041Met	0.1446448564529419	0.0	*
p.Arg1041Phe	0.3001064658164978	0.0	*
p.Arg1041Pro	0.03578388690948486	0.0	*
p.Arg1041Ser	0.2685598134994507	0.0	*
p.Arg1041Ter	*	*	*
p.Arg1041Thr	0.3005390763282776	0.0	*
p.Arg1041Trp	0.13233613967895508	0.0	*
p.Arg1041Tyr	0.05768537521362305	0.0	*
p.Arg1041Val	0.13348060846328735	0.0	*
p.Arg1054=	*	*	*
p.Arg1054Ala	0.11502164602279663	0.0	*
p.Arg1054Asn	0.04082554578781128	0.0	*
p.Arg1054Asp	0.024242818355560303	0.0	*
p.Arg1054Cys	0.07421666383743286	0.0	*
p.Arg1054Gln	0.16961461305618286	0.0	*
p.Arg1054Glu	0.02586054801940918	0.0	*
p.Arg1054Gly	0.03613919019699097	0.0	*
p.Arg1054His	0.16187149286270142	0.0	*
p.Arg1054Ile	0.05936652421951294	0.0	*
p.Arg1054Leu	0.06110101938247681	0.0	*
p.Arg1054Lys	0.09575390815734863	0.0	*
p.Arg1054Met	0.03810185194015503	0.0	*
p.Arg1054Phe	0.0711851716041565	0.0	*
p.Arg1054Pro	0.012273728847503662	0.0	*
p.Arg1054Ser	0.08220779895782471	0.0	*
p.Arg1054Ter	*	*	*
p.Arg1054Thr	0.06541508436203003	0.0	*
p.Arg1054Trp	0.054618239402770996	0.0	*
p.Arg1054Tyr	0.01894932985305786	0.0	*
p.Arg1054Val	0.07393240928649902	0.0	*
p.Arg1118=	*	*	*
p.Arg1118Ala	0.09012502431869507	0.0	*
p.Arg1118Asn	0.14468514919281006	0.0	*
p.Arg1118Asp	0.14299553632736206	0.0	*
p.Arg1118Cys	0.07380956411361694	0.0	*
p.Arg1118Gln	0.19862282276153564	0.0	*
p.Arg1118Glu	0.05120992660522461	0.0	*
p.Arg1118Gly	0.0592724084854126	0.0	*
p.Arg1118His	0.20569449663162231	0.0	*
p.Arg1118Ile	0.10624551773071289	0.0	*
p.Arg1118Leu	0.03698444366455078	0.0	*
p.Arg1118Lys	0.2485058307647705	0.0	*
p.Arg1118Met	0.05460822582244873	0.0	*
p.Arg1118Phe	0.11970198154449463	0.0	*
p.Arg1118Pro	0.05044543743133545	0.0	*
p.Arg1118Ser	0.0984804630279541	0.0	*
p.Arg1118Ter	*	*	*
p.Arg1118Thr	0.14182019233703613	0.0	*
p.Arg1118Trp	0.07810908555984497	0.0	*
p.Arg1118Tyr	0.04616051912307739	0.0	*
p.Arg1118Val	0.05641007423400879	0.0	*
p.Arg1151=	*	*	*
p.Arg1151Ala	0.4232600927352905	0.0	*
p.Arg1151Asn	0.2630336284637451	0.0	*
p.Arg1151Asp	0.06732100248336792	0.0	*
p.Arg1151Cys	0.2986050248146057	0.0	*
p.Arg1151Gln	0.3979989290237427	0.0	*
p.Arg1151Glu	0.0833665132522583	0.0	*
p.Arg1151Gly	0.156205952167511	0.0	*
p.Arg1151His	0.367045521736145	0.0	*
p.Arg1151Ile	0.317815899848938	0.0	*
p.Arg1151Leu	0.16696709394454956	0.0	*
p.Arg1151Lys	0.5548283457756042	0.0	*
p.Arg1151Met	0.30253636837005615	0.0	*
p.Arg1151Phe	0.4314884543418884	0.0	*
p.Arg1151Pro	0.05006062984466553	0.0	*
p.Arg1151Ser	0.39247655868530273	0.0	*
p.Arg1151Ter	*	*	*
p.Arg1151Thr	0.37111783027648926	0.0	*
p.Arg1151Trp	0.19220489263534546	0.0	*
p.Arg1151Tyr	0.10615009069442749	0.0	*
p.Arg1151Val	0.28898149728775024	0.0	*
p.Arg1155=	*	*	*
p.Arg1155Ala	0.8887363076210022	0.0	*
p.Arg1155Asn	0.7912266254425049	0.0	*
p.Arg1155Asp	0.6215412616729736	0.0	*
p.Arg1155Cys	0.707332968711853	0.0	*
p.Arg1155Gln	0.9279758334159851	0.0	*
p.Arg1155Glu	0.6386684775352478	0.0	*
p.Arg1155Gly	0.7324724197387695	0.0	*
p.Arg1155His	0.9450581073760986	0.0	*
p.Arg1155Ile	0.7545111179351807	0.0	*
p.Arg1155Leu	0.6446407437324524	0.0	*
p.Arg1155Lys	0.9345635771751404	0.0	*
p.Arg1155Met	0.8073197603225708	0.0	*
p.Arg1155Phe	0.8887550830841064	0.0	*
p.Arg1155Pro	0.26540255546569824	0.0	*
p.Arg1155Ser	0.7898333668708801	0.0	*
p.Arg1155Ter	*	*	*
p.Arg1155Thr	0.8655767440795898	0.0	*
p.Arg1155Trp	0.7138643860816956	0.0	*
p.Arg1155Tyr	0.5914658308029175	0.0	*
p.Arg1155Val	0.7154949307441711	0.0	*
p.Arg1156=	*	*	*
p.Arg1156Ala	0.9134711623191833	0.0	*
p.Arg1156Asn	0.8836451172828674	0.0	*
p.Arg1156Asp	0.525436282157898	0.0	*
p.Arg1156Cys	0.8282864689826965	0.0	*
p.Arg1156Gln	0.8948137760162354	0.0	*
p.Arg1156Glu	0.6657308340072632	0.0	*
p.Arg1156Gly	0.7598876357078552	0.0	*
p.Arg1156His	0.9034072160720825	0.0	*
p.Arg1156Ile	0.7521597743034363	0.0	*
p.Arg1156Leu	0.7006585001945496	0.0	*
p.Arg1156Lys	0.9171774387359619	0.0	*
p.Arg1156Met	0.8941375613212585	0.0	*
p.Arg1156Phe	0.8465129137039185	0.0	*
p.Arg1156Pro	0.30297327041625977	0.0	*
p.Arg1156Ser	0.8802970051765442	0.0	*
p.Arg1156Ter	*	*	*
p.Arg1156Thr	0.8515945672988892	0.0	*
p.Arg1156Trp	0.6100162267684937	0.0	*
p.Arg1156Tyr	0.5079283714294434	0.0	*
p.Arg1156Val	0.713614821434021	0.0	*
p.Arg1224=	*	*	*
p.Arg1224Ala	0.0028554797172546387	0.0	*
p.Arg1224Asn	0.002162635326385498	0.0	*
p.Arg1224Asp	0.0010107159614562988	0.0	*
p.Arg1224Cys	0.0021196603775024414	0.0	*
p.Arg1224Gln	0.0030667781829833984	0.0	*
p.Arg1224Glu	0.0007748603820800781	0.0	*
p.Arg1224Gly	0.0012739300727844238	0.0	*
p.Arg1224His	0.0025534629821777344	0.0	*
p.Arg1224Ile	0.003471076488494873	0.0	*
p.Arg1224Leu	0.0012891292572021484	0.0	*
p.Arg1224Lys	0.005455493927001953	0.0	*
p.Arg1224Met	0.0015164017677307129	0.0	*
p.Arg1224Phe	0.00477147102355957	0.0	*
p.Arg1224Pro	0.0006186962127685547	0.0	*
p.Arg1224Ser	0.002480745315551758	0.0	*
p.Arg1224Ter	*	*	*
p.Arg1224Thr	0.0030077695846557617	0.0	*
p.Arg1224Trp	0.0017008185386657715	0.0	*
p.Arg1224Tyr	0.001305997371673584	0.0	*
p.Arg1224Val	0.0037519335746765137	0.0	*
p.Arg1228=	*	*	*
p.Arg1228Ala	0.0025385618209838867	0.0	*
p.Arg1228Asn	0.001590430736541748	0.0	*
p.Arg1228Asp	0.00042825937271118164	0.0	*
p.Arg1228Cys	0.0010485649108886719	0.0	*
p.Arg1228Gln	0.0036286115646362305	0.0	*
p.Arg1228Glu	0.0002638697624206543	0.0	*
p.Arg1228Gly	0.0006371140480041504	0.0	*
p.Arg1228His	0.002400696277618408	0.0	*
p.Arg1228Ile	0.0032026171684265137	0.0	*
p.Arg1228Leu	0.0013979077339172363	0.0	*
p.Arg1228Lys	0.007731616497039795	0.0	*
p.Arg1228Met	0.0019308924674987793	0.0	*
p.Arg1228Phe	0.004703819751739502	0.0	*
p.Arg1228Pro	0.00026482343673706055	0.0	*
p.Arg1228Ser	0.0018660426139831543	0.0	*
p.Arg1228Ter	*	*	*
p.Arg1228Thr	0.0033254623413085938	0.0	*
p.Arg1228Trp	0.002837836742401123	0.0	*
p.Arg1228Tyr	0.0009871721267700195	0.0	*
p.Arg1228Val	0.0030712485313415527	0.0	*
p.Arg1301=	*	*	*
p.Arg1301Ala	0.07356393337249756	0.0	*
p.Arg1301Asn	0.06960642337799072	0.0	*
p.Arg1301Asp	0.017509877681732178	0.0	*
p.Arg1301Cys	0.04146420955657959	0.0	*
p.Arg1301Gln	0.06696808338165283	0.0	*
p.Arg1301Glu	0.014098823070526123	0.0	*
p.Arg1301Gly	0.03457707166671753	0.0	*
p.Arg1301His	0.07587641477584839	0.0	*
p.Arg1301Ile	0.05506783723831177	0.0	*
p.Arg1301Leu	0.02785015106201172	0.0	*
p.Arg1301Lys	0.12062525749206543	0.0	*
p.Arg1301Met	0.04547297954559326	0.0	*
p.Arg1301Phe	0.10357069969177246	0.0	*
p.Arg1301Pro	0.0073136091232299805	0.0	*
p.Arg1301Ser	0.03658205270767212	0.0	*
p.Arg1301Ter	*	*	*
p.Arg1301Thr	0.06295883655548096	0.0	*
p.Arg1301Trp	0.04654562473297119	0.0	*
p.Arg1301Tyr	0.037312448024749756	0.0	*
p.Arg1301Val	0.06069701910018921	0.0	*
p.Arg1316=	*	*	*
p.Arg1316Ala	0.14290755987167358	0.0	*
p.Arg1316Asn	0.07231074571609497	0.0	*
p.Arg1316Asp	0.014808833599090576	0.0	*
p.Arg1316Cys	0.08874005079269409	0.0	*
p.Arg1316Gln	0.08938944339752197	0.0	*
p.Arg1316Glu	0.008323431015014648	0.0	*
p.Arg1316Gly	0.05317223072052002	0.0	*
p.Arg1316His	0.18007469177246094	0.0	*
p.Arg1316Ile	0.063510000705719	0.0	*
p.Arg1316Leu	0.03569686412811279	0.0	*
p.Arg1316Lys	0.2909148931503296	0.0	*
p.Arg1316Met	0.1167495846748352	0.0	*
p.Arg1316Phe	0.1389402151107788	0.0	*
p.Arg1316Pro	0.005086302757263184	0.0	*
p.Arg1316Ser	0.07423281669616699	0.0	*
p.Arg1316Ter	*	*	*
p.Arg1316Thr	0.14985817670822144	0.0	*
p.Arg1316Trp	0.05556005239486694	0.0	*
p.Arg1316Tyr	0.014738619327545166	0.0	*
p.Arg1316Val	0.03785032033920288	0.0	*
p.Arg1319=	*	*	*
p.Arg1319Ala	0.43267107009887695	0.0	*
p.Arg1319Asn	0.3157355785369873	0.0	*
p.Arg1319Asp	0.1856350302696228	0.0	*
p.Arg1319Cys	0.22332346439361572	0.0	*
p.Arg1319Gln	0.5444846153259277	0.0	*
p.Arg1319Glu	0.06188243627548218	0.0	*
p.Arg1319Gly	0.22120213508605957	0.0	*
p.Arg1319His	0.7042056918144226	0.0	*
p.Arg1319Ile	0.40962594747543335	0.0	*
p.Arg1319Leu	0.19647765159606934	0.0	*
p.Arg1319Lys	0.7768980264663696	0.0	*
p.Arg1319Met	0.33850622177124023	0.0	*
p.Arg1319Phe	0.5327202081680298	0.0	*
p.Arg1319Pro	0.04519861936569214	0.0	*
p.Arg1319Ser	0.3851611614227295	0.0	*
p.Arg1319Ter	*	*	*
p.Arg1319Thr	0.5569287538528442	0.0	*
p.Arg1319Trp	0.2865334153175354	0.0	*
p.Arg1319Tyr	0.1443800926208496	0.0	*
p.Arg1319Val	0.3162768483161926	0.0	*
p.Arg1320=	*	*	*
p.Arg1320Ala	0.08751636743545532	0.0	*
p.Arg1320Asn	0.04659146070480347	0.0	*
p.Arg1320Asp	0.027839601039886475	0.0	*
p.Arg1320Cys	0.05188065767288208	0.0	*
p.Arg1320Gln	0.06327235698699951	0.0	*
p.Arg1320Glu	0.02281367778778076	0.0	*
p.Arg1320Gly	0.04869949817657471	0.0	*
p.Arg1320His	0.11442333459854126	0.0	*
p.Arg1320Ile	0.06331217288970947	0.0	*
p.Arg1320Leu	0.02316337823867798	0.0	*
p.Arg1320Lys	0.17269235849380493	0.0	*
p.Arg1320Met	0.036373794078826904	0.0	*
p.Arg1320Phe	0.1370539665222168	0.0	*
p.Arg1320Pro	0.007290244102478027	0.0	*
p.Arg1320Ser	0.043347299098968506	0.0	*
p.Arg1320Ter	*	*	*
p.Arg1320Thr	0.07798504829406738	0.0	*
p.Arg1320Trp	0.05746191740036011	0.0	*
p.Arg1320Tyr	0.019885003566741943	0.0	*
p.Arg1320Val	0.06410753726959229	0.0	*
p.Arg1322=	*	*	*
p.Arg1322Ala	0.15393006801605225	0.0	*
p.Arg1322Asn	0.18645155429840088	0.0	*
p.Arg1322Asp	0.033090293407440186	0.0	*
p.Arg1322Cys	0.15494126081466675	0.0	*
p.Arg1322Gln	0.13920319080352783	0.0	*
p.Arg1322Glu	0.026896238327026367	0.0	*
p.Arg1322Gly	0.10806494951248169	0.0	*
p.Arg1322His	0.23385310173034668	0.0	*
p.Arg1322Ile	0.11321914196014404	0.0	*
p.Arg1322Leu	0.04966616630554199	0.0	*
p.Arg1322Lys	0.37409067153930664	0.0	*
p.Arg1322Met	0.10558009147644043	0.0	*
p.Arg1322Phe	0.25856006145477295	0.0	*
p.Arg1322Pro	0.013409256935119629	0.0	*
p.Arg1322Ser	0.14631164073944092	0.0	*
p.Arg1322Ter	*	*	*
p.Arg1322Thr	0.18351316452026367	0.0	*
p.Arg1322Trp	0.10696977376937866	0.0	*
p.Arg1322Tyr	0.05143702030181885	0.0	*
p.Arg1322Val	0.1274997591972351	0.0	*
p.Arg1383=	*	*	*
p.Arg1383Ala	0.9988375306129456	0.0	*
p.Arg1383Asn	0.9976036548614502	0.0	*
p.Arg1383Asp	0.995468020439148	0.0	*
p.Arg1383Cys	0.9952691197395325	0.0	*
p.Arg1383Gln	0.9989669919013977	0.0	*
p.Arg1383Glu	0.9924759268760681	0.0	*
p.Arg1383Gly	0.9943119883537292	0.0	*
p.Arg1383His	0.9992773532867432	0.0	*
p.Arg1383Ile	0.9976063966751099	0.0	*
p.Arg1383Leu	0.9977165460586548	0.0	*
p.Arg1383Lys	0.9993960857391357	0.0	*
p.Arg1383Met	0.9981088042259216	0.0	*
p.Arg1383Phe	0.9985927939414978	0.0	*
p.Arg1383Pro	0.9814555048942566	0.0	*
p.Arg1383Ser	0.998544454574585	0.0	*
p.Arg1383Ter	*	*	*
p.Arg1383Thr	0.9990946650505066	0.0	*
p.Arg1383Trp	0.9946045279502869	0.0	*
p.Arg1383Tyr	0.9934073686599731	0.0	*
p.Arg1383Val	0.9957639575004578	0.0	*
p.Arg1409=	*	*	*
p.Arg1409Ala	0.9913963079452515	0.0	*
p.Arg1409Asn	0.9859917163848877	0.0	*
p.Arg1409Asp	0.9664983749389648	0.0	*
p.Arg1409Cys	0.9781891107559204	0.0	*
p.Arg1409Gln	0.9764180183410645	0.0	*
p.Arg1409Glu	0.955980122089386	0.0	*
p.Arg1409Gly	0.9716468453407288	0.0	*
p.Arg1409His	0.9900099635124207	0.0	*
p.Arg1409Ile	0.9564108848571777	0.0	*
p.Arg1409Leu	0.9404169321060181	0.0	*
p.Arg1409Lys	0.9908921718597412	0.0	*
p.Arg1409Met	0.9699494242668152	0.0	*
p.Arg1409Phe	0.9830310940742493	0.0	*
p.Arg1409Pro	0.9122152328491211	0.0	*
p.Arg1409Ser	0.9846656918525696	0.0	*
p.Arg1409Ter	*	*	*
p.Arg1409Thr	0.9879274964332581	0.0	*
p.Arg1409Trp	0.928581714630127	0.0	*
p.Arg1409Tyr	0.9208595156669617	0.0	*
p.Arg1409Val	0.9369144439697266	0.0	*
p.Arg1411=	*	*	*
p.Arg1411Ala	0.9829580187797546	0.0	*
p.Arg1411Asn	0.9779695272445679	0.0	*
p.Arg1411Asp	0.9553901553153992	0.0	*
p.Arg1411Cys	0.974680483341217	0.0	*
p.Arg1411Gln	0.9954264163970947	0.0	*
p.Arg1411Glu	0.9649260640144348	0.0	*
p.Arg1411Gly	0.9549281001091003	0.0	*
p.Arg1411His	0.9950311183929443	0.0	*
p.Arg1411Ile	0.9600606560707092	0.0	*
p.Arg1411Leu	0.9721644520759583	0.0	*
p.Arg1411Lys	0.9897340536117554	0.0	*
p.Arg1411Met	0.9727773070335388	0.0	*
p.Arg1411Phe	0.9823078513145447	0.0	*
p.Arg1411Pro	0.9115160703659058	0.0	*
p.Arg1411Ser	0.9771382212638855	0.0	*
p.Arg1411Ter	*	*	*
p.Arg1411Thr	0.9872989058494568	0.0	*
p.Arg1411Trp	0.9559248089790344	0.0	*
p.Arg1411Tyr	0.9597537517547607	0.0	*
p.Arg1411Val	0.9551315307617188	0.0	*
p.Arg1415=	*	*	*
p.Arg1415Ala	0.9966479539871216	0.0	*
p.Arg1415Asn	0.9973888993263245	0.0	*
p.Arg1415Asp	0.9969052076339722	0.0	*
p.Arg1415Cys	0.995919942855835	0.0	*
p.Arg1415Gln	0.9956472516059875	0.0	*
p.Arg1415Glu	0.9963551759719849	0.0	*
p.Arg1415Gly	0.9942536950111389	0.0	*
p.Arg1415His	0.9975418448448181	0.0	*
p.Arg1415Ile	0.9934436678886414	0.0	*
p.Arg1415Leu	0.9922264814376831	0.0	*
p.Arg1415Lys	0.9963139891624451	0.0	*
p.Arg1415Met	0.9931531548500061	0.0	*
p.Arg1415Phe	0.9951536655426025	0.0	*
p.Arg1415Pro	0.9972589612007141	0.0	*
p.Arg1415Ser	0.9946926832199097	0.0	*
p.Arg1415Ter	*	*	*
p.Arg1415Thr	0.9969926476478577	0.0	*
p.Arg1415Trp	0.9899812936782837	0.0	*
p.Arg1415Tyr	0.9835430383682251	0.0	*
p.Arg1415Val	0.991948664188385	0.0	*
p.Arg1440=	*	*	*
p.Arg1440Ala	0.8965022563934326	0.0	*
p.Arg1440Asn	0.9064159393310547	0.0	*
p.Arg1440Asp	0.8704423308372498	0.0	*
p.Arg1440Cys	0.8439699411392212	0.0	*
p.Arg1440Gln	0.9130759835243225	0.0	*
p.Arg1440Glu	0.8529082536697388	0.0	*
p.Arg1440Gly	0.8432881832122803	0.0	*
p.Arg1440His	0.9388319253921509	0.0	*
p.Arg1440Ile	0.9082773327827454	0.0	*
p.Arg1440Leu	0.845109760761261	0.0	*
p.Arg1440Lys	0.9147430658340454	0.0	*
p.Arg1440Met	0.855204701423645	0.0	*
p.Arg1440Phe	0.8855385780334473	0.0	*
p.Arg1440Pro	0.860355794429779	0.0	*
p.Arg1440Ser	0.9477325677871704	0.0	*
p.Arg1440Ter	*	*	*
p.Arg1440Thr	0.9134094715118408	0.0	*
p.Arg1440Trp	0.9222256541252136	0.0	*
p.Arg1440Tyr	0.7322202920913696	0.0	*
p.Arg1440Val	0.8499259948730469	0.0	*
p.Arg1459=	*	*	*
p.Arg1459Ala	0.9562463164329529	0.0	*
p.Arg1459Asn	0.9668696522712708	0.0	*
p.Arg1459Asp	0.9635517001152039	0.0	*
p.Arg1459Cys	0.9180914759635925	0.0	*
p.Arg1459Gln	0.9673393368721008	0.0	*
p.Arg1459Glu	0.9425109028816223	0.0	*
p.Arg1459Gly	0.929276168346405	0.0	*
p.Arg1459His	0.9910801649093628	0.0	*
p.Arg1459Ile	0.9029940366744995	0.0	*
p.Arg1459Leu	0.8599318265914917	0.0	*
p.Arg1459Lys	0.9808561205863953	0.0	*
p.Arg1459Met	0.950567364692688	0.0	*
p.Arg1459Phe	0.9713016748428345	0.0	*
p.Arg1459Pro	0.8754667639732361	0.0	*
p.Arg1459Ser	0.9647331833839417	0.0	*
p.Arg1459Ter	*	*	*
p.Arg1459Thr	0.9814031720161438	0.0	*
p.Arg1459Trp	0.8852413892745972	0.0	*
p.Arg1459Tyr	0.8517923355102539	0.0	*
p.Arg1459Val	0.9237561821937561	0.0	*
p.Arg723=	*	*	*
p.Arg723Ala	0.17404049634933472	0.0	*
p.Arg723Asn	0.08583235740661621	0.0	*
p.Arg723Asp	0.039509594440460205	0.0	*
p.Arg723Cys	0.13022547960281372	0.0	*
p.Arg723Gln	0.278034508228302	0.0	*
p.Arg723Glu	0.030710220336914062	0.0	*
p.Arg723Gly	0.08840078115463257	0.0	*
p.Arg723His	0.3656618595123291	0.0	*
p.Arg723Ile	0.06594341993331909	0.0	*
p.Arg723Leu	0.04863709211349487	0.0	*
p.Arg723Lys	0.36377906799316406	0.0	*
p.Arg723Met	0.1402658224105835	0.0	*
p.Arg723Phe	0.18646204471588135	0.0	*
p.Arg723Pro	0.009188532829284668	0.0	*
p.Arg723Ser	0.21649903059005737	0.0	*
p.Arg723Ter	*	*	*
p.Arg723Thr	0.23605388402938843	0.0	*
p.Arg723Trp	0.08680903911590576	0.0	*
p.Arg723Tyr	0.026568174362182617	0.0	*
p.Arg723Val	0.08948689699172974	0.0	*
p.Arg725=	*	*	*
p.Arg725Ala	0.9033207893371582	0.0	*
p.Arg725Asn	0.8514924049377441	0.0	*
p.Arg725Asp	0.49353456497192383	0.0	*
p.Arg725Cys	0.6627660989761353	0.0	*
p.Arg725Gln	0.8339667320251465	0.0	*
p.Arg725Glu	0.49980390071868896	0.0	*
p.Arg725Gly	0.7099193930625916	0.0	*
p.Arg725His	0.9258671998977661	0.0	*
p.Arg725Ile	0.7092674970626831	0.0	*
p.Arg725Leu	0.6596307754516602	0.0	*
p.Arg725Met	0.8705546855926514	0.0	*
p.Arg725Phe	0.7846415042877197	0.0	*
p.Arg725Pro	0.25859534740448	0.0	*
p.Arg725Ser	0.8110465407371521	0.0	*
p.Arg725Ter	*	*	*
p.Arg725Thr	0.87490314245224	0.0	*
p.Arg725Trp	0.6084312200546265	0.0	*
p.Arg725Tyr	0.31417644023895264	0.0	*
p.Arg725Val	0.6534804105758667	0.0	*
p.Arg758=	*	*	*
p.Arg758Ala	0.1136053204536438	0.0	*
p.Arg758Asn	0.14196890592575073	0.0	*
p.Arg758Asp	0.04662209749221802	0.0	*
p.Arg758Cys	0.09406781196594238	0.0	*
p.Arg758Gln	0.16485774517059326	0.0	*
p.Arg758Glu	0.034090399742126465	0.0	*
p.Arg758Gly	0.07677936553955078	0.0	*
p.Arg758His	0.16967880725860596	0.0	*
p.Arg758Ile	0.07778853178024292	0.0	*
p.Arg758Leu	0.0539279580116272	0.0	*
p.Arg758Lys	0.2787160277366638	0.0	*
p.Arg758Met	0.09827315807342529	0.0	*
p.Arg758Phe	0.16390281915664673	0.0	*
p.Arg758Pro	0.024296820163726807	0.0	*
p.Arg758Ser	0.2166178822517395	0.0	*
p.Arg758Ter	*	*	*
p.Arg758Thr	0.21258985996246338	0.0	*
p.Arg758Trp	0.06975376605987549	0.0	*
p.Arg758Tyr	0.03372234106063843	0.0	*
p.Arg758Val	0.0904962420463562	0.0	*
p.Arg778=	*	*	*
p.Arg778Ala	0.03905022144317627	0.0	*
p.Arg778Asn	0.016032874584197998	0.0	*
p.Arg778Asp	0.011857450008392334	0.0	*
p.Arg778Cys	0.035626113414764404	0.0	*
p.Arg778Gln	0.025201141834259033	0.0	*
p.Arg778Glu	0.008757233619689941	0.0	*
p.Arg778Gly	0.026375234127044678	0.0	*
p.Arg778His	0.044427454471588135	0.0	*
p.Arg778Ile	0.023611783981323242	0.0	*
p.Arg778Leu	0.007029354572296143	0.0	*
p.Arg778Lys	0.051136910915374756	0.0	*
p.Arg778Met	0.019804835319519043	0.0	*
p.Arg778Phe	0.06563961505889893	0.0	*
p.Arg778Pro	0.004956603050231934	0.0	*
p.Arg778Ser	0.02343541383743286	0.0	*
p.Arg778Ter	*	*	*
p.Arg778Thr	0.04679232835769653	0.0	*
p.Arg778Trp	0.016757965087890625	0.0	*
p.Arg778Tyr	0.009562671184539795	0.0	*
p.Arg778Val	0.04064112901687622	0.0	*
p.Arg816=	*	*	*
p.Arg816Ala	0.45359474420547485	0.0	*
p.Arg816Asn	0.5310982465744019	0.0	*
p.Arg816Asp	0.2460474967956543	0.0	*
p.Arg816Cys	0.3619353175163269	0.0	*
p.Arg816Gln	0.5418111085891724	0.0	*
p.Arg816Glu	0.15899592638015747	0.0	*
p.Arg816Gly	0.2707311511039734	0.0	*
p.Arg816His	0.6777344346046448	0.0	*
p.Arg816Ile	0.2961497902870178	0.0	*
p.Arg816Leu	0.24938422441482544	0.0	*
p.Arg816Lys	0.7115907669067383	0.0	*
p.Arg816Met	0.4374740719795227	0.0	*
p.Arg816Phe	0.555745005607605	0.0	*
p.Arg816Pro	0.11039155721664429	0.0	*
p.Arg816Ser	0.43567603826522827	0.0	*
p.Arg816Ter	*	*	*
p.Arg816Thr	0.54465252161026	0.0	*
p.Arg816Trp	0.29388129711151123	0.0	*
p.Arg816Tyr	0.2304871678352356	0.0	*
p.Arg816Val	0.3261135220527649	0.0	*
p.Arg827=	*	*	*
p.Arg827Ala	0.13365036249160767	0.0	*
p.Arg827Asn	0.07499784231185913	0.0	*
p.Arg827Asp	0.01939326524734497	0.0	*
p.Arg827Cys	0.0780630111694336	0.0	*
p.Arg827Gln	0.23946088552474976	0.0	*
p.Arg827Glu	0.021307289600372314	0.0	*
p.Arg827Gly	0.02755659818649292	0.0	*
p.Arg827His	0.17506462335586548	0.0	*
p.Arg827Ile	0.11458045244216919	0.0	*
p.Arg827Leu	0.04287785291671753	0.0	*
p.Arg827Lys	0.30015861988067627	0.0	*
p.Arg827Met	0.059470295906066895	0.0	*
p.Arg827Phe	0.19234222173690796	0.0	*
p.Arg827Pro	0.004595279693603516	0.0	*
p.Arg827Ser	0.09415209293365479	0.0	*
p.Arg827Ter	*	*	*
p.Arg827Thr	0.16093707084655762	0.0	*
p.Arg827Trp	0.10322576761245728	0.0	*
p.Arg827Tyr	0.04996132850646973	0.0	*
p.Arg827Val	0.11053109169006348	0.0	*
p.Arg919=	*	*	*
p.Arg919Ala	0.021084487438201904	0.0	*
p.Arg919Asn	0.01065206527709961	0.0	*
p.Arg919Asp	0.0041585564613342285	0.0	*
p.Arg919Cys	0.008558332920074463	0.0	*
p.Arg919Gln	0.03882884979248047	0.0	*
p.Arg919Glu	0.003940939903259277	0.0	*
p.Arg919Gly	0.004109680652618408	0.0	*
p.Arg919His	0.022881746292114258	0.0	*
p.Arg919Ile	0.024001240730285645	0.0	*
p.Arg919Leu	0.008003056049346924	0.0	*
p.Arg919Lys	0.030005216598510742	0.0	*
p.Arg919Met	0.010715305805206299	0.0	*
p.Arg919Phe	0.01640009880065918	0.0	*
p.Arg919Pro	0.001556694507598877	0.0	*
p.Arg919Ser	0.025961458683013916	0.0	*
p.Arg919Ter	*	*	*
p.Arg919Thr	0.020544052124023438	0.0	*
p.Arg919Trp	0.010652542114257812	0.0	*
p.Arg919Tyr	0.00678938627243042	0.0	*
p.Arg919Val	0.015217840671539307	0.0	*
p.Arg952=	*	*	*
p.Arg952Ala	0.9995216727256775	0.0	*
p.Arg952Asn	0.9984425902366638	0.0	*
p.Arg952Asp	0.9956089854240417	0.0	*
p.Arg952Cys	0.996645450592041	0.0	*
p.Arg952Gln	0.9996098279953003	0.0	*
p.Arg952Glu	0.9941853880882263	0.0	*
p.Arg952Gly	0.9963881969451904	0.0	*
p.Arg952His	0.9998588562011719	0.0	*
p.Arg952Ile	0.9960335493087769	0.0	*
p.Arg952Leu	0.9951356053352356	0.0	*
p.Arg952Lys	0.9996886253356934	0.0	*
p.Arg952Met	0.9991467595100403	0.0	*
p.Arg952Phe	0.9986630082130432	0.0	*
p.Arg952Pro	0.9512025713920593	0.0	*
p.Arg952Ser	0.999267041683197	0.0	*
p.Arg952Ter	*	*	*
p.Arg952Thr	0.9983829259872437	0.0	*
p.Arg952Trp	0.9947980642318726	0.0	*
p.Arg952Tyr	0.9916083216667175	0.0	*
p.Arg952Val	0.9906377792358398	0.0	*
p.Arg969=	*	*	*
p.Arg969Ala	0.3425220251083374	0.0	*
p.Arg969Asn	0.24921905994415283	0.0	*
p.Arg969Asp	0.10714483261108398	0.0	*
p.Arg969Cys	0.19675177335739136	0.0	*
p.Arg969Gln	0.24845671653747559	0.0	*
p.Arg969Glu	0.07226908206939697	0.0	*
p.Arg969Gly	0.1848697066307068	0.0	*
p.Arg969His	0.4462200999259949	0.0	*
p.Arg969Ile	0.1673925518989563	0.0	*
p.Arg969Leu	0.11529052257537842	0.0	*
p.Arg969Lys	0.4332493543624878	0.0	*
p.Arg969Met	0.20068621635437012	0.0	*
p.Arg969Phe	0.29525572061538696	0.0	*
p.Arg969Pro	0.053048908710479736	0.0	*
p.Arg969Ser	0.2666895389556885	0.0	*
p.Arg969Ter	*	*	*
p.Arg969Thr	0.27477359771728516	0.0	*
p.Arg969Trp	0.14886444807052612	0.0	*
p.Arg969Tyr	0.09009748697280884	0.0	*
p.Arg969Val	0.17435473203659058	0.0	*
p.Asn1005=	*	*	*
p.Asn1005Ala	0.018041551113128662	0.0	*
p.Asn1005Arg	0.00845646858215332	0.0	*
p.Asn1005Asp	0.009248614311218262	0.0	*
p.Asn1005Cys	0.0018216371536254883	0.0	*
p.Asn1005Gln	0.011313915252685547	0.0	*
p.Asn1005Glu	0.002969026565551758	0.0	*
p.Asn1005Gly	0.022946298122406006	0.0	*
p.Asn1005His	0.006218254566192627	0.0	*
p.Asn1005Ile	0.0034636259078979492	0.0	*
p.Asn1005Leu	0.004650413990020752	0.0	*
p.Asn1005Lys	0.008030116558074951	0.0	*
p.Asn1005Met	0.009004175662994385	0.0	*
p.Asn1005Phe	0.004983484745025635	0.0	*
p.Asn1005Pro	0.003900766372680664	0.0	*
p.Asn1005Ser	0.06254822015762329	0.0	*
p.Asn1005Ter	*	*	*
p.Asn1005Thr	0.01901555061340332	0.0	*
p.Asn1005Trp	0.007334291934967041	0.0	*
p.Asn1005Tyr	0.002848327159881592	0.0	*
p.Asn1005Val	0.018271923065185547	0.0	*
p.Asn1108=	*	*	*
p.Asn1108Ala	0.000990748405456543	0.0	*
p.Asn1108Arg	0.0005477070808410645	0.0	*
p.Asn1108Asp	0.0016081929206848145	0.0	*
p.Asn1108Cys	0.00036978721618652344	0.0	*
p.Asn1108Gln	0.0027561187744140625	0.0	*
p.Asn1108Glu	0.00041538476943969727	0.0	*
p.Asn1108Gly	0.0005603432655334473	0.0	*
p.Asn1108His	0.0008456707000732422	0.0	*
p.Asn1108Ile	0.0005360245704650879	0.0	*
p.Asn1108Leu	0.0006451010704040527	0.0	*
p.Asn1108Lys	0.0012732148170471191	0.0	*
p.Asn1108Met	0.0007482171058654785	0.0	*
p.Asn1108Phe	0.00037932395935058594	0.0	*
p.Asn1108Pro	0.00025194883346557617	0.0	*
p.Asn1108Ser	0.02083301544189453	0.0	*
p.Asn1108Ter	*	*	*
p.Asn1108Thr	0.0013769865036010742	0.0	*
p.Asn1108Trp	0.0008606910705566406	0.0	*
p.Asn1108Tyr	0.00028699636459350586	0.0	*
p.Asn1108Val	0.0011457204818725586	0.0	*
p.Asn1128=	*	*	*
p.Asn1128Ala	0.8519144058227539	0.0	*
p.Asn1128Arg	0.7055226564407349	0.0	*
p.Asn1128Asp	0.9257280826568604	0.0	*
p.Asn1128Cys	0.7550148963928223	0.0	*
p.Asn1128Gln	0.8512237071990967	0.0	*
p.Asn1128Glu	0.740231990814209	0.0	*
p.Asn1128Gly	0.8987555503845215	0.0	*
p.Asn1128His	0.875522792339325	0.0	*
p.Asn1128Ile	0.4860583543777466	0.0	*
p.Asn1128Leu	0.7392327189445496	0.0	*
p.Asn1128Lys	0.8192569017410278	0.0	*
p.Asn1128Met	0.7211040258407593	0.0	*
p.Asn1128Phe	0.7434588670730591	0.0	*
p.Asn1128Pro	0.8088785409927368	0.0	*
p.Asn1128Ser	0.9741356372833252	0.0	*
p.Asn1128Ter	*	*	*
p.Asn1128Thr	0.9471935629844666	0.0	*
p.Asn1128Trp	0.7818409204483032	0.0	*
p.Asn1128Tyr	0.6151822805404663	0.0	*
p.Asn1128Val	0.8583777546882629	0.0	*
p.Asn1150=	*	*	*
p.Asn1150Ala	0.3370271921157837	0.0	*
p.Asn1150Arg	0.10240596532821655	0.0	*
p.Asn1150Asp	0.3593594431877136	0.0	*
p.Asn1150Cys	0.2976830005645752	0.0	*
p.Asn1150Gln	0.109172523021698	0.0	*
p.Asn1150Glu	0.0584600567817688	0.0	*
p.Asn1150Gly	0.4669058322906494	0.0	*
p.Asn1150His	0.18652868270874023	0.0	*
p.Asn1150Ile	0.04647374153137207	0.0	*
p.Asn1150Leu	0.13284462690353394	0.0	*
p.Asn1150Lys	0.23085057735443115	0.0	*
p.Asn1150Met	0.3183407187461853	0.0	*
p.Asn1150Phe	0.13312363624572754	0.0	*
p.Asn1150Pro	0.12660610675811768	0.0	*
p.Asn1150Ser	0.49754244089126587	0.0	*
p.Asn1150Ter	*	*	*
p.Asn1150Thr	0.5803323984146118	0.0	*
p.Asn1150Trp	0.0746464729309082	0.0	*
p.Asn1150Tyr	0.05928921699523926	0.0	*
p.Asn1150Val	0.18459445238113403	0.0	*
p.Asn1157=	*	*	*
p.Asn1157Ala	0.968093991279602	0.0	*
p.Asn1157Arg	0.8088880777359009	0.0	*
p.Asn1157Asp	0.7742432951927185	0.0	*
p.Asn1157Cys	0.9339959025382996	0.0	*
p.Asn1157Gln	0.8794620633125305	0.0	*
p.Asn1157Glu	0.7948946952819824	0.0	*
p.Asn1157Gly	0.9630756974220276	0.0	*
p.Asn1157His	0.8689531087875366	0.0	*
p.Asn1157Ile	0.7312990427017212	0.0	*
p.Asn1157Leu	0.906302809715271	0.0	*
p.Asn1157Lys	0.9239895343780518	0.0	*
p.Asn1157Met	0.9539698362350464	0.0	*
p.Asn1157Phe	0.8862736225128174	0.0	*
p.Asn1157Pro	0.7134891748428345	0.0	*
p.Asn1157Ser	0.9752959609031677	0.0	*
p.Asn1157Ter	*	*	*
p.Asn1157Thr	0.9540356397628784	0.0	*
p.Asn1157Trp	0.8369057178497314	0.0	*
p.Asn1157Tyr	0.6825369596481323	0.0	*
p.Asn1157Val	0.8911519050598145	0.0	*
p.Asn1223=	*	*	*
p.Asn1223Ala	0.017936229705810547	0.0	*
p.Asn1223Arg	0.01673954725265503	0.0	*
p.Asn1223Asp	0.01584184169769287	0.0	*
p.Asn1223Cys	0.005920529365539551	0.0	*
p.Asn1223Gln	0.017908751964569092	0.0	*
p.Asn1223Glu	0.0048940181732177734	0.0	*
p.Asn1223Gly	0.02801734209060669	0.0	*
p.Asn1223His	0.011878252029418945	0.0	*
p.Asn1223Ile	0.004370570182800293	0.0	*
p.Asn1223Leu	0.011064231395721436	0.0	*
p.Asn1223Lys	0.02696460485458374	0.0	*
p.Asn1223Met	0.012816309928894043	0.0	*
p.Asn1223Phe	0.01567208766937256	0.0	*
p.Asn1223Pro	0.010671794414520264	0.0	*
p.Asn1223Ser	0.05176311731338501	0.0	*
p.Asn1223Ter	*	*	*
p.Asn1223Thr	0.03199172019958496	0.0	*
p.Asn1223Trp	0.00852060317993164	0.0	*
p.Asn1223Tyr	0.008928358554840088	0.0	*
p.Asn1223Val	0.013326406478881836	0.0	*
p.Asn1237=	*	*	*
p.Asn1237Ala	0.004007220268249512	0.0	*
p.Asn1237Arg	0.002045154571533203	0.0	*
p.Asn1237Asp	0.0016650557518005371	0.0	*
p.Asn1237Cys	0.0021160244941711426	0.0	*
p.Asn1237Gln	0.0031052827835083008	0.0	*
p.Asn1237Glu	0.0005776882171630859	0.0	*
p.Asn1237Gly	0.004038631916046143	0.0	*
p.Asn1237His	0.0010513663291931152	0.0	*
p.Asn1237Ile	0.00043267011642456055	0.0	*
p.Asn1237Leu	0.001868903636932373	0.0	*
p.Asn1237Lys	0.0019184350967407227	0.0	*
p.Asn1237Met	0.0016509294509887695	0.0	*
p.Asn1237Phe	0.0010238885879516602	0.0	*
p.Asn1237Pro	0.0007094144821166992	0.0	*
p.Asn1237Ser	0.01011723279953003	0.0	*
p.Asn1237Ter	*	*	*
p.Asn1237Thr	0.004036426544189453	0.0	*
p.Asn1237Trp	0.0015553832054138184	0.0	*
p.Asn1237Tyr	0.001068413257598877	0.0	*
p.Asn1237Val	0.005810856819152832	0.0	*
p.Asn1257=	*	*	*
p.Asn1257Ala	0.43148255348205566	0.0	*
p.Asn1257Arg	0.25300168991088867	0.0	*
p.Asn1257Asp	0.2623635530471802	0.0	*
p.Asn1257Cys	0.18704944849014282	0.0	*
p.Asn1257Gln	0.38248854875564575	0.0	*
p.Asn1257Glu	0.14423370361328125	0.0	*
p.Asn1257Gly	0.3108254671096802	0.0	*
p.Asn1257His	0.3361550569534302	0.0	*
p.Asn1257Ile	0.09509176015853882	0.0	*
p.Asn1257Leu	0.3518970012664795	0.0	*
p.Asn1257Lys	0.33832502365112305	0.0	*
p.Asn1257Met	0.463806688785553	0.0	*
p.Asn1257Phe	0.2525801658630371	0.0	*
p.Asn1257Pro	0.0635339617729187	0.0	*
p.Asn1257Ser	0.6520363092422485	0.0	*
p.Asn1257Ter	*	*	*
p.Asn1257Thr	0.5159560441970825	0.0	*
p.Asn1257Trp	0.18943315744400024	0.0	*
p.Asn1257Tyr	0.11376214027404785	0.0	*
p.Asn1257Val	0.3623998761177063	0.0	*
p.Asn1270=	*	*	*
p.Asn1270Ala	0.0006891489028930664	0.0	*
p.Asn1270Arg	0.0007634162902832031	0.0	*
p.Asn1270Asp	0.0006440281867980957	0.0	*
p.Asn1270Cys	0.0005455613136291504	0.0	*
p.Asn1270Gln	0.0010136961936950684	0.0	*
p.Asn1270Glu	0.00016427040100097656	0.0	*
p.Asn1270Gly	0.0008604526519775391	0.0	*
p.Asn1270His	0.00041991472244262695	0.0	*
p.Asn1270Ile	0.0003553628921508789	0.0	*
p.Asn1270Leu	0.0005737543106079102	0.0	*
p.Asn1270Lys	0.0007328391075134277	0.0	*
p.Asn1270Met	0.0003695487976074219	0.0	*
p.Asn1270Phe	0.0004646778106689453	0.0	*
p.Asn1270Pro	0.00044268369674682617	0.0	*
p.Asn1270Ser	0.004050254821777344	0.0	*
p.Asn1270Ter	*	*	*
p.Asn1270Thr	0.0013862848281860352	0.0	*
p.Asn1270Trp	0.0006090402603149414	0.0	*
p.Asn1270Tyr	0.00029969215393066406	0.0	*
p.Asn1270Val	0.001736462116241455	0.0	*
p.Asn1302=	*	*	*
p.Asn1302Ala	0.4323861598968506	0.0	*
p.Asn1302Arg	0.1133081316947937	0.0	*
p.Asn1302Asp	0.28583788871765137	0.0	*
p.Asn1302Cys	0.27888578176498413	0.0	*
p.Asn1302Gln	0.1334362030029297	0.0	*
p.Asn1302Glu	0.07366949319839478	0.0	*
p.Asn1302Gly	0.4877367615699768	0.0	*
p.Asn1302His	0.1616753339767456	0.0	*
p.Asn1302Ile	0.06908482313156128	0.0	*
p.Asn1302Leu	0.14300912618637085	0.0	*
p.Asn1302Lys	0.24484467506408691	0.0	*
p.Asn1302Met	0.21840637922286987	0.0	*
p.Asn1302Phe	0.13752853870391846	0.0	*
p.Asn1302Pro	0.07213729619979858	0.0	*
p.Asn1302Ser	0.5810561180114746	0.0	*
p.Asn1302Ter	*	*	*
p.Asn1302Thr	0.41607439517974854	0.0	*
p.Asn1302Trp	0.10570746660232544	0.0	*
p.Asn1302Tyr	0.06066387891769409	0.0	*
p.Asn1302Val	0.168254554271698	0.0	*
p.Asn1324=	*	*	*
p.Asn1324Ala	0.03648018836975098	0.0	*
p.Asn1324Arg	0.007070481777191162	0.0	*
p.Asn1324Asp	0.012269198894500732	0.0	*
p.Asn1324Cys	0.007727980613708496	0.0	*
p.Asn1324Gln	0.00615692138671875	0.0	*
p.Asn1324Glu	0.0034540295600891113	0.0	*
p.Asn1324Gly	0.040031492710113525	0.0	*
p.Asn1324His	0.004332900047302246	0.0	*
p.Asn1324Ile	0.004826366901397705	0.0	*
p.Asn1324Leu	0.01734161376953125	0.0	*
p.Asn1324Lys	0.012178003787994385	0.0	*
p.Asn1324Met	0.017528057098388672	0.0	*
p.Asn1324Phe	0.010154366493225098	0.0	*
p.Asn1324Pro	0.004776895046234131	0.0	*
p.Asn1324Ser	0.07026606798171997	0.0	*
p.Asn1324Ter	*	*	*
p.Asn1324Thr	0.038667142391204834	0.0	*
p.Asn1324Trp	0.009369909763336182	0.0	*
p.Asn1324Tyr	0.008264243602752686	0.0	*
p.Asn1324Val	0.04293179512023926	0.0	*
p.Asn1332=	*	*	*
p.Asn1332Ala	0.0592079758644104	0.0	*
p.Asn1332Arg	0.006264626979827881	0.0	*
p.Asn1332Asp	0.01671499013900757	0.0	*
p.Asn1332Cys	0.02995508909225464	0.0	*
p.Asn1332Gln	0.03982621431350708	0.0	*
p.Asn1332Glu	0.0023450851440429688	0.0	*
p.Asn1332Gly	0.06855922937393188	0.0	*
p.Asn1332His	0.014990389347076416	0.0	*
p.Asn1332Ile	0.00769418478012085	0.0	*
p.Asn1332Leu	0.017451941967010498	0.0	*
p.Asn1332Lys	0.02915942668914795	0.0	*
p.Asn1332Met	0.033946335315704346	0.0	*
p.Asn1332Phe	0.011329889297485352	0.0	*
p.Asn1332Pro	0.002971470355987549	0.0	*
p.Asn1332Ser	0.3498774766921997	0.0	*
p.Asn1332Ter	*	*	*
p.Asn1332Thr	0.049103736877441406	0.0	*
p.Asn1332Trp	0.013757109642028809	0.0	*
p.Asn1332Tyr	0.009472846984863281	0.0	*
p.Asn1332Val	0.02594435214996338	0.0	*
p.Asn1457=	*	*	*
p.Asn1457Ala	0.9435742497444153	0.0	*
p.Asn1457Arg	0.8124162554740906	0.0	*
p.Asn1457Asp	0.9632750749588013	0.0	*
p.Asn1457Cys	0.5659403204917908	0.0	*
p.Asn1457Gln	0.9431350231170654	0.0	*
p.Asn1457Glu	0.8613650798797607	0.0	*
p.Asn1457Gly	0.9546965956687927	0.0	*
p.Asn1457His	0.9686021208763123	0.0	*
p.Asn1457Ile	0.7399778366088867	0.0	*
p.Asn1457Leu	0.9288492202758789	0.0	*
p.Asn1457Lys	0.950878918170929	0.0	*
p.Asn1457Met	0.9631227254867554	0.0	*
p.Asn1457Phe	0.9376288652420044	0.0	*
p.Asn1457Pro	0.9460182785987854	0.0	*
p.Asn1457Ser	0.9887966513633728	0.0	*
p.Asn1457Ter	*	*	*
p.Asn1457Thr	0.9863401651382446	0.0	*
p.Asn1457Trp	0.8496052026748657	0.0	*
p.Asn1457Tyr	0.8424028158187866	0.0	*
p.Asn1457Val	0.9432514309883118	0.0	*
p.Asn728=	*	*	*
p.Asn728Ala	0.9305426478385925	0.0	*
p.Asn728Arg	0.5607962608337402	0.0	*
p.Asn728Asp	0.6767414808273315	0.0	*
p.Asn728Cys	0.7607011795043945	0.0	*
p.Asn728Gln	0.6289571523666382	0.0	*
p.Asn728Glu	0.35322773456573486	0.0	*
p.Asn728Gly	0.9146538972854614	0.0	*
p.Asn728His	0.7314013838768005	0.0	*
p.Asn728Ile	0.5107308626174927	0.0	*
p.Asn728Leu	0.7490664720535278	0.0	*
p.Asn728Lys	0.7825473546981812	0.0	*
p.Asn728Met	0.8667677044868469	0.0	*
p.Asn728Phe	0.6727380156517029	0.0	*
p.Asn728Pro	0.26480382680892944	0.0	*
p.Asn728Ser	0.9739825129508972	0.0	*
p.Asn728Ter	*	*	*
p.Asn728Thr	0.9333444833755493	0.0	*
p.Asn728Trp	0.6708463430404663	0.0	*
p.Asn728Tyr	0.37447965145111084	0.0	*
p.Asn728Val	0.7401996850967407	0.0	*
p.Asn812=	*	*	*
p.Asn812Ala	0.9393032789230347	0.0	*
p.Asn812Arg	0.9461030960083008	0.0	*
p.Asn812Asp	0.9173121452331543	0.0	*
p.Asn812Cys	0.8564830422401428	0.0	*
p.Asn812Gln	0.9087755680084229	0.0	*
p.Asn812Glu	0.7664011716842651	0.0	*
p.Asn812Gly	0.9379898309707642	0.0	*
p.Asn812His	0.8850648999214172	0.0	*
p.Asn812Ile	0.7499170303344727	0.0	*
p.Asn812Leu	0.8894309997558594	0.0	*
p.Asn812Met	0.9416872262954712	0.0	*
p.Asn812Phe	0.8744112253189087	0.0	*
p.Asn812Pro	0.7397961616516113	0.0	*
p.Asn812Ser	0.9834386110305786	0.0	*
p.Asn812Ter	*	*	*
p.Asn812Thr	0.9678740501403809	0.0	*
p.Asn812Trp	0.8191795349121094	0.0	*
p.Asn812Tyr	0.7151756286621094	0.0	*
p.Asn812Val	0.8549504280090332	0.0	*
p.Asn849=	*	*	*
p.Asn849Ala	0.24155175685882568	0.0	*
p.Asn849Arg	0.3026012182235718	0.0	*
p.Asn849Asp	0.43879908323287964	0.0	*
p.Asn849Cys	0.2251465916633606	0.0	*
p.Asn849Gln	0.11626249551773071	0.0	*
p.Asn849Glu	0.15035104751586914	0.0	*
p.Asn849Gly	0.3689083456993103	0.0	*
p.Asn849His	0.1606852412223816	0.0	*
p.Asn849Ile	0.11036574840545654	0.0	*
p.Asn849Leu	0.13926321268081665	0.0	*
p.Asn849Lys	0.2779325842857361	0.0	*
p.Asn849Met	0.19970035552978516	0.0	*
p.Asn849Phe	0.2274380922317505	0.0	*
p.Asn849Pro	0.1978204846382141	0.0	*
p.Asn849Ser	0.6619780659675598	0.0	*
p.Asn849Ter	*	*	*
p.Asn849Thr	0.5599515438079834	0.0	*
p.Asn849Trp	0.1070089340209961	0.0	*
p.Asn849Tyr	0.17349886894226074	0.0	*
p.Asn849Val	0.3637703061103821	0.0	*
p.Asn878=	*	*	*
p.Asn878Ala	0.052116572856903076	0.0	*
p.Asn878Arg	0.0067040324211120605	0.0	*
p.Asn878Asp	0.02348083257675171	0.0	*
p.Asn878Cys	0.013673067092895508	0.0	*
p.Asn878Gln	0.013309240341186523	0.0	*
p.Asn878Glu	0.00716167688369751	0.0	*
p.Asn878Gly	0.04515361785888672	0.0	*
p.Asn878His	0.010872066020965576	0.0	*
p.Asn878Ile	0.0032720565795898438	0.0	*
p.Asn878Leu	0.008553504943847656	0.0	*
p.Asn878Lys	0.009377896785736084	0.0	*
p.Asn878Met	0.007969379425048828	0.0	*
p.Asn878Phe	0.0059833526611328125	0.0	*
p.Asn878Pro	0.010699450969696045	0.0	*
p.Asn878Ser	0.06056106090545654	0.0	*
p.Asn878Ter	*	*	*
p.Asn878Thr	0.01798933744430542	0.0	*
p.Asn878Trp	0.008603870868682861	0.0	*
p.Asn878Tyr	0.004529356956481934	0.0	*
p.Asn878Val	0.015875518321990967	0.0	*
p.Asn892=	*	*	*
p.Asn892Ala	0.01848769187927246	0.0	*
p.Asn892Arg	0.007653594017028809	0.0	*
p.Asn892Asp	0.03187215328216553	0.0	*
p.Asn892Cys	0.02204686403274536	0.0	*
p.Asn892Gln	0.020139873027801514	0.0	*
p.Asn892Glu	0.013154149055480957	0.0	*
p.Asn892Gly	0.03418701887130737	0.0	*
p.Asn892His	0.01656973361968994	0.0	*
p.Asn892Ile	0.007357537746429443	0.0	*
p.Asn892Leu	0.009028434753417969	0.0	*
p.Asn892Lys	0.02253049612045288	0.0	*
p.Asn892Met	0.011884570121765137	0.0	*
p.Asn892Phe	0.01407080888748169	0.0	*
p.Asn892Pro	0.011981070041656494	0.0	*
p.Asn892Ser	0.12043225765228271	0.0	*
p.Asn892Ter	*	*	*
p.Asn892Thr	0.05650651454925537	0.0	*
p.Asn892Trp	0.016164541244506836	0.0	*
p.Asn892Tyr	0.00816643238067627	0.0	*
p.Asn892Val	0.034609973430633545	0.0	*
p.Asn956=	*	*	*
p.Asn956Ala	0.9979906678199768	0.0	*
p.Asn956Arg	0.9909663796424866	0.0	*
p.Asn956Asp	0.997509777545929	0.0	*
p.Asn956Cys	0.9959053993225098	0.0	*
p.Asn956Gln	0.9903550744056702	0.0	*
p.Asn956Glu	0.9940950870513916	0.0	*
p.Asn956Gly	0.9987106919288635	0.0	*
p.Asn956His	0.9973559379577637	0.0	*
p.Asn956Ile	0.9772346019744873	0.0	*
p.Asn956Leu	0.9933589696884155	0.0	*
p.Asn956Lys	0.9973147511482239	0.0	*
p.Asn956Met	0.9983838796615601	0.0	*
p.Asn956Phe	0.9949016571044922	0.0	*
p.Asn956Pro	0.9942275881767273	0.0	*
p.Asn956Ser	0.9987035989761353	0.0	*
p.Asn956Ter	*	*	*
p.Asn956Thr	0.9985417723655701	0.0	*
p.Asn956Trp	0.9803990125656128	0.0	*
p.Asn956Tyr	0.9838250279426575	0.0	*
p.Asn956Val	0.9875527024269104	0.0	*
p.Asn958=	*	*	*
p.Asn958Ala	0.9987174868583679	0.0	*
p.Asn958Arg	0.9949264526367188	0.0	*
p.Asn958Asp	0.9983313083648682	0.0	*
p.Asn958Cys	0.9982816576957703	0.0	*
p.Asn958Gln	0.9962831735610962	0.0	*
p.Asn958Glu	0.9958099722862244	0.0	*
p.Asn958Gly	0.9991228580474854	0.0	*
p.Asn958His	0.9990389347076416	0.0	*
p.Asn958Ile	0.9926518201828003	0.0	*
p.Asn958Leu	0.9960576891899109	0.0	*
p.Asn958Lys	0.9987930655479431	0.0	*
p.Asn958Met	0.9987090229988098	0.0	*
p.Asn958Phe	0.9969537854194641	0.0	*
p.Asn958Pro	0.9956737756729126	0.0	*
p.Asn958Ser	0.9993643760681152	0.0	*
p.Asn958Ter	*	*	*
p.Asn958Thr	0.9988697171211243	0.0	*
p.Asn958Trp	0.9926985502243042	0.0	*
p.Asn958Tyr	0.9914373755455017	0.0	*
p.Asn958Val	0.9936065673828125	0.0	*
p.Asp1027=	*	*	*
p.Asp1027Ala	0.01327282190322876	0.0	*
p.Asp1027Arg	0.006757915019989014	0.0	*
p.Asp1027Asn	0.03844553232192993	0.0	*
p.Asp1027Cys	0.009594738483428955	0.0	*
p.Asp1027Gln	0.0043215155601501465	0.0	*
p.Asp1027Glu	0.0029349923133850098	0.0	*
p.Asp1027Gly	0.007728099822998047	0.0	*
p.Asp1027His	0.002698957920074463	0.0	*
p.Asp1027Ile	0.004180550575256348	0.0	*
p.Asp1027Leu	0.006775975227355957	0.0	*
p.Asp1027Lys	0.012226402759552002	0.0	*
p.Asp1027Met	0.015273749828338623	0.0	*
p.Asp1027Phe	0.005231380462646484	0.0	*
p.Asp1027Pro	0.0017188787460327148	0.0	*
p.Asp1027Ser	0.03271442651748657	0.0	*
p.Asp1027Ter	*	*	*
p.Asp1027Thr	0.01348644495010376	0.0	*
p.Asp1027Trp	0.0021305084228515625	0.0	*
p.Asp1027Tyr	0.00432056188583374	0.0	*
p.Asp1027Val	0.007406413555145264	0.0	*
p.Asp1047=	*	*	*
p.Asp1047Ala	0.015699684619903564	0.0	*
p.Asp1047Arg	0.015292525291442871	0.0	*
p.Asp1047Asn	0.10956352949142456	0.0	*
p.Asp1047Cys	0.011145591735839844	0.0	*
p.Asp1047Glu	0.007308065891265869	0.0	*
p.Asp1047Gly	0.028373003005981445	0.0	*
p.Asp1047His	0.007563292980194092	0.0	*
p.Asp1047Ile	0.005188584327697754	0.0	*
p.Asp1047Leu	0.009806215763092041	0.0	*
p.Asp1047Met	0.02189350128173828	0.0	*
p.Asp1047Phe	0.007996916770935059	0.0	*
p.Asp1047Pro	0.008012056350708008	0.0	*
p.Asp1047Ser	0.04661452770233154	0.0	*
p.Asp1047Ter	*	*	*
p.Asp1047Thr	0.05106770992279053	0.0	*
p.Asp1047Trp	0.00584489107131958	0.0	*
p.Asp1047Tyr	0.007272243499755859	0.0	*
p.Asp1047Val	0.009898900985717773	0.0	*
p.Asp1093=	*	*	*
p.Asp1093Ala	5.841255187988281e-05	0.0	*
p.Asp1093Arg	1.4066696166992188e-05	0.0	*
p.Asp1093Asn	6.377696990966797e-05	0.0	*
p.Asp1093Cys	7.748603820800781e-06	0.0	*
p.Asp1093Gln	0.00012290477752685547	0.0	*
p.Asp1093Glu	4.100799560546875e-05	0.0	*
p.Asp1093Gly	5.2928924560546875e-05	0.0	*
p.Asp1093His	2.6702880859375e-05	0.0	*
p.Asp1093Ile	1.5139579772949219e-05	0.0	*
p.Asp1093Leu	3.7789344787597656e-05	0.0	*
p.Asp1093Lys	7.665157318115234e-05	0.0	*
p.Asp1093Met	5.7220458984375e-05	0.0	*
p.Asp1093Phe	2.372264862060547e-05	0.0	*
p.Asp1093Pro	1.1086463928222656e-05	0.0	*
p.Asp1093Ser	0.0007538795471191406	0.0	*
p.Asp1093Ter	*	*	*
p.Asp1093Thr	6.151199340820312e-05	0.0	*
p.Asp1093Trp	1.6450881958007812e-05	0.0	*
p.Asp1093Tyr	1.9311904907226562e-05	0.0	*
p.Asp1093Val	7.05718994140625e-05	0.0	*
p.Asp1138=	*	*	*
p.Asp1138Ala	0.3065462112426758	0.0	*
p.Asp1138Arg	0.4407343864440918	0.0	*
p.Asp1138Asn	0.7771775722503662	0.0	*
p.Asp1138Cys	0.17071157693862915	0.0	*
p.Asp1138Gln	0.1719304919242859	0.0	*
p.Asp1138Glu	0.3448958992958069	0.0	*
p.Asp1138Gly	0.291492760181427	0.0	*
p.Asp1138His	0.17551201581954956	0.0	*
p.Asp1138Ile	0.1435708999633789	0.0	*
p.Asp1138Leu	0.262113094329834	0.0	*
p.Asp1138Met	0.3822282552719116	0.0	*
p.Asp1138Phe	0.19968998432159424	0.0	*
p.Asp1138Pro	0.39447343349456787	0.0	*
p.Asp1138Ser	0.5279026031494141	0.0	*
p.Asp1138Ter	*	*	*
p.Asp1138Thr	0.49235713481903076	0.0	*
p.Asp1138Trp	0.09733408689498901	0.0	*
p.Asp1138Tyr	0.15017026662826538	0.0	*
p.Asp1138Val	0.1896728277206421	0.0	*
p.Asp1164=	*	*	*
p.Asp1164Ala	0.01465308666229248	0.0	*
p.Asp1164Arg	0.012086212635040283	0.0	*
p.Asp1164Asn	0.06849300861358643	0.0	*
p.Asp1164Cys	0.005032360553741455	0.0	*
p.Asp1164Gln	0.004605770111083984	0.0	*
p.Asp1164Glu	0.004267632961273193	0.0	*
p.Asp1164Gly	0.018821299076080322	0.0	*
p.Asp1164His	0.0038905739784240723	0.0	*
p.Asp1164Ile	0.005924344062805176	0.0	*
p.Asp1164Leu	0.007269084453582764	0.0	*
p.Asp1164Lys	0.01595163345336914	0.0	*
p.Asp1164Met	0.01570415496826172	0.0	*
p.Asp1164Phe	0.005032360553741455	0.0	*
p.Asp1164Pro	0.0030162930488586426	0.0	*
p.Asp1164Ser	0.04695022106170654	0.0	*
p.Asp1164Ter	*	*	*
p.Asp1164Thr	0.020581603050231934	0.0	*
p.Asp1164Trp	0.0032027363777160645	0.0	*
p.Asp1164Tyr	0.004001736640930176	0.0	*
p.Asp1164Val	0.0061359405517578125	0.0	*
p.Asp1167Ala	0.027170896530151367	0.0	*
p.Asp1167Arg	0.02783203125	0.0	*
p.Asp1167Asn	0.09258580207824707	0.0	*
p.Asp1167Cys	0.012276768684387207	0.0	*
p.Asp1167Glu	0.01766180992126465	0.0	*
p.Asp1167Gly	0.027550160884857178	0.0	*
p.Asp1167His	0.008680641651153564	0.0	*
p.Asp1167Ile	0.011410713195800781	0.0	*
p.Asp1167Leu	0.013646483421325684	0.0	*
p.Asp1167Lys	0.038110435009002686	0.0	*
p.Asp1167Met	0.024553894996643066	0.0	*
p.Asp1167Phe	0.011651277542114258	0.0	*
p.Asp1167Pro	0.00964730978012085	0.0	*
p.Asp1167Ser	0.07801848649978638	0.0	*
p.Asp1167Ter	*	*	*
p.Asp1167Thr	0.05586916208267212	0.0	*
p.Asp1167Trp	0.007583260536193848	0.0	*
p.Asp1167Tyr	0.009245216846466064	0.0	*
p.Asp1167Val	0.013078808784484863	0.0	*
p.Asp1171=	*	*	*
p.Asp1171Ala	0.00213545560836792	0.0	*
p.Asp1171Arg	0.003376483917236328	0.0	*
p.Asp1171Asn	0.010861217975616455	0.0	*
p.Asp1171Cys	0.0021983981132507324	0.0	*
p.Asp1171Gln	0.0017023682594299316	0.0	*
p.Asp1171Glu	0.0007581710815429688	0.0	*
p.Asp1171Gly	0.00197446346282959	0.0	*
p.Asp1171His	0.000749051570892334	0.0	*
p.Asp1171Ile	0.0011788010597229004	0.0	*
p.Asp1171Leu	0.002332627773284912	0.0	*
p.Asp1171Lys	0.0043413639068603516	0.0	*
p.Asp1171Met	0.00446319580078125	0.0	*
p.Asp1171Phe	0.0014278888702392578	0.0	*
p.Asp1171Pro	0.00045680999755859375	0.0	*
p.Asp1171Ser	0.01232212781906128	0.0	*
p.Asp1171Ter	*	*	*
p.Asp1171Thr	0.005707383155822754	0.0	*
p.Asp1171Trp	0.00116044282913208	0.0	*
p.Asp1171Tyr	0.0016530752182006836	0.0	*
p.Asp1171Val	0.0033576488494873047	0.0	*
p.Asp1185=	*	*	*
p.Asp1185Ala	0.0001379251480102539	0.0	*
p.Asp1185Arg	0.00014269351959228516	0.0	*
p.Asp1185Asn	0.00044673681259155273	0.0	*
p.Asp1185Cys	0.00013566017150878906	0.0	*
p.Asp1185Gln	0.00019317865371704102	0.0	*
p.Asp1185Glu	7.939338684082031e-05	0.0	*
p.Asp1185Gly	0.00020748376846313477	0.0	*
p.Asp1185His	9.202957153320312e-05	0.0	*
p.Asp1185Ile	8.976459503173828e-05	0.0	*
p.Asp1185Leu	8.33272933959961e-05	0.0	*
p.Asp1185Lys	0.00019019842147827148	0.0	*
p.Asp1185Met	0.00019174814224243164	0.0	*
p.Asp1185Phe	7.998943328857422e-05	0.0	*
p.Asp1185Pro	5.328655242919922e-05	0.0	*
p.Asp1185Ser	0.00024062395095825195	0.0	*
p.Asp1185Ter	*	*	*
p.Asp1185Thr	0.00031244754791259766	0.0	*
p.Asp1185Trp	7.426738739013672e-05	0.0	*
p.Asp1185Tyr	0.00011515617370605469	0.0	*
p.Asp1185Val	0.0002257227897644043	0.0	*
p.Asp1196=	*	*	*
p.Asp1196Ala	3.886222839355469e-05	0.0	*
p.Asp1196Arg	4.494190216064453e-05	0.0	*
p.Asp1196Asn	0.0001347064971923828	0.0	*
p.Asp1196Cys	2.491474151611328e-05	0.0	*
p.Asp1196Gln	5.173683166503906e-05	0.0	*
p.Asp1196Glu	1.5497207641601562e-05	0.0	*
p.Asp1196Gly	3.790855407714844e-05	0.0	*
p.Asp1196His	2.3245811462402344e-05	0.0	*
p.Asp1196Ile	3.886222839355469e-05	0.0	*
p.Asp1196Leu	2.4557113647460938e-05	0.0	*
p.Asp1196Lys	5.900859832763672e-05	0.0	*
p.Asp1196Met	7.581710815429688e-05	0.0	*
p.Asp1196Phe	3.7670135498046875e-05	0.0	*
p.Asp1196Pro	1.2993812561035156e-05	0.0	*
p.Asp1196Ser	0.00011360645294189453	0.0	*
p.Asp1196Ter	*	*	*
p.Asp1196Thr	0.00010645389556884766	0.0	*
p.Asp1196Trp	3.516674041748047e-05	0.0	*
p.Asp1196Tyr	5.0902366638183594e-05	0.0	*
p.Asp1196Val	7.56978988647461e-05	0.0	*
p.Asp1215=	*	*	*
p.Asp1215Ala	0.00023192167282104492	0.0	*
p.Asp1215Arg	0.0004925727844238281	0.0	*
p.Asp1215Asn	0.0022267699241638184	0.0	*
p.Asp1215Cys	0.0001360177993774414	0.0	*
p.Asp1215Gln	0.00017118453979492188	0.0	*
p.Asp1215Glu	9.942054748535156e-05	0.0	*
p.Asp1215Gly	0.00016808509826660156	0.0	*
p.Asp1215His	0.00010216236114501953	0.0	*
p.Asp1215Ile	0.00019317865371704102	0.0	*
p.Asp1215Leu	0.00018256902694702148	0.0	*
p.Asp1215Lys	0.0004742145538330078	0.0	*
p.Asp1215Met	0.00030982494354248047	0.0	*
p.Asp1215Phe	0.00021117925643920898	0.0	*
p.Asp1215Pro	0.00013267993927001953	0.0	*
p.Asp1215Ser	0.0009973645210266113	0.0	*
p.Asp1215Ter	*	*	*
p.Asp1215Thr	0.0007579326629638672	0.0	*
p.Asp1215Trp	0.00010347366333007812	0.0	*
p.Asp1215Tyr	0.00020354986190795898	0.0	*
p.Asp1215Val	0.0002999305725097656	0.0	*
p.Asp1222=	*	*	*
p.Asp1222Ala	0.00011026859283447266	0.0	*
p.Asp1222Arg	0.00018650293350219727	0.0	*
p.Asp1222Asn	0.0010802745819091797	0.0	*
p.Asp1222Cys	6.461143493652344e-05	0.0	*
p.Asp1222Gln	0.0001010894775390625	0.0	*
p.Asp1222Glu	4.684925079345703e-05	0.0	*
p.Asp1222Gly	0.0001627206802368164	0.0	*
p.Asp1222His	6.4849853515625e-05	0.0	*
p.Asp1222Ile	0.00011897087097167969	0.0	*
p.Asp1222Leu	0.00012755393981933594	0.0	*
p.Asp1222Lys	0.00024956464767456055	0.0	*
p.Asp1222Met	0.00027555227279663086	0.0	*
p.Asp1222Phe	9.071826934814453e-05	0.0	*
p.Asp1222Pro	6.699562072753906e-05	0.0	*
p.Asp1222Ser	0.00045222043991088867	0.0	*
p.Asp1222Ter	*	*	*
p.Asp1222Thr	0.00027757883071899414	0.0	*
p.Asp1222Trp	9.262561798095703e-05	0.0	*
p.Asp1222Tyr	0.0001024007797241211	0.0	*
p.Asp1222Val	0.0001812577247619629	0.0	*
p.Asp1267=	*	*	*
p.Asp1267Ala	0.00017434358596801758	0.0	*
p.Asp1267Arg	0.0001341104507446289	0.0	*
p.Asp1267Asn	0.000677943229675293	0.0	*
p.Asp1267Cys	9.465217590332031e-05	0.0	*
p.Asp1267Gln	7.092952728271484e-05	0.0	*
p.Asp1267Glu	5.161762237548828e-05	0.0	*
p.Asp1267Gly	0.0001436471939086914	0.0	*
p.Asp1267His	4.661083221435547e-05	0.0	*
p.Asp1267Ile	0.00010037422180175781	0.0	*
p.Asp1267Leu	6.759166717529297e-05	0.0	*
p.Asp1267Lys	0.00020581483840942383	0.0	*
p.Asp1267Met	0.0001596212387084961	0.0	*
p.Asp1267Phe	0.00012791156768798828	0.0	*
p.Asp1267Pro	6.115436553955078e-05	0.0	*
p.Asp1267Ser	0.0003796815872192383	0.0	*
p.Asp1267Ter	*	*	*
p.Asp1267Thr	0.000441133975982666	0.0	*
p.Asp1267Trp	6.651878356933594e-05	0.0	*
p.Asp1267Tyr	8.606910705566406e-05	0.0	*
p.Asp1267Val	0.00018960237503051758	0.0	*
p.Asp1271=	*	*	*
p.Asp1271Ala	1.5497207641601562e-06	0.0	*
p.Asp1271Arg	1.3113021850585938e-06	0.0	*
p.Asp1271Asn	5.4836273193359375e-06	0.0	*
p.Asp1271Cys	1.1920928955078125e-06	0.0	*
p.Asp1271Gln	1.5497207641601562e-06	0.0	*
p.Asp1271Glu	5.960464477539062e-07	0.0	*
p.Asp1271Gly	9.5367431640625e-07	0.0	*
p.Asp1271His	5.960464477539062e-07	0.0	*
p.Asp1271Ile	1.1920928955078125e-06	0.0	*
p.Asp1271Leu	1.430511474609375e-06	0.0	*
p.Asp1271Lys	1.5497207641601562e-06	0.0	*
p.Asp1271Met	1.9073486328125e-06	0.0	*
p.Asp1271Phe	9.5367431640625e-07	0.0	*
p.Asp1271Pro	2.384185791015625e-07	0.0	*
p.Asp1271Ser	5.9604644775390625e-06	0.0	*
p.Asp1271Ter	*	*	*
p.Asp1271Thr	2.384185791015625e-06	0.0	*
p.Asp1271Trp	8.344650268554688e-07	0.0	*
p.Asp1271Tyr	1.0728836059570312e-06	0.0	*
p.Asp1271Val	2.5033950805664062e-06	0.0	*
p.Asp1279=	*	*	*
p.Asp1279Ala	0.0012188553810119629	0.0	*
p.Asp1279Arg	0.0013881921768188477	0.0	*
p.Asp1279Asn	0.0071179866790771484	0.0	*
p.Asp1279Cys	0.0004189610481262207	0.0	*
p.Asp1279Gln	0.0019666552543640137	0.0	*
p.Asp1279Glu	0.0007343888282775879	0.0	*
p.Asp1279Gly	0.0004703998565673828	0.0	*
p.Asp1279His	0.0006078481674194336	0.0	*
p.Asp1279Ile	0.000704646110534668	0.0	*
p.Asp1279Leu	0.0011594891548156738	0.0	*
p.Asp1279Lys	0.002064824104309082	0.0	*
p.Asp1279Met	0.0011012554168701172	0.0	*
p.Asp1279Phe	0.0010033249855041504	0.0	*
p.Asp1279Pro	0.0004054903984069824	0.0	*
p.Asp1279Ser	0.005606651306152344	0.0	*
p.Asp1279Ter	*	*	*
p.Asp1279Thr	0.004987537860870361	0.0	*
p.Asp1279Trp	0.0005995035171508789	0.0	*
p.Asp1279Tyr	0.0009011030197143555	0.0	*
p.Asp1279Val	0.0016918182373046875	0.0	*
p.Asp1289=	*	*	*
p.Asp1289Ala	0.0003782510757446289	0.0	*
p.Asp1289Arg	0.0009382367134094238	0.0	*
p.Asp1289Asn	0.003965437412261963	0.0	*
p.Asp1289Cys	0.0004639625549316406	0.0	*
p.Asp1289Gln	0.0003247261047363281	0.0	*
p.Asp1289Glu	0.00019615888595581055	0.0	*
p.Asp1289Gly	0.00028401613235473633	0.0	*
p.Asp1289His	0.00021654367446899414	0.0	*
p.Asp1289Ile	0.0004892349243164062	0.0	*
p.Asp1289Leu	0.00030803680419921875	0.0	*
p.Asp1289Lys	0.0011826157569885254	0.0	*
p.Asp1289Met	0.000540316104888916	0.0	*
p.Asp1289Phe	0.0004189610481262207	0.0	*
p.Asp1289Pro	0.0002842545509338379	0.0	*
p.Asp1289Ser	0.002724587917327881	0.0	*
p.Asp1289Ter	*	*	*
p.Asp1289Thr	0.0016394257545471191	0.0	*
p.Asp1289Trp	0.000261843204498291	0.0	*
p.Asp1289Tyr	0.00043576955795288086	0.0	*
p.Asp1289Val	0.0006398558616638184	0.0	*
p.Asp1296=	*	*	*
p.Asp1296Ala	0.023954331874847412	0.0	*
p.Asp1296Arg	0.035886168479919434	0.0	*
p.Asp1296Asn	0.1899455189704895	0.0	*
p.Asp1296Cys	0.011084973812103271	0.0	*
p.Asp1296Gln	0.0195235013961792	0.0	*
p.Asp1296Glu	0.009831070899963379	0.0	*
p.Asp1296Gly	0.0327945351600647	0.0	*
p.Asp1296His	0.0096818208694458	0.0	*
p.Asp1296Ile	0.009445250034332275	0.0	*
p.Asp1296Leu	0.015898287296295166	0.0	*
p.Asp1296Lys	0.035395026206970215	0.0	*
p.Asp1296Met	0.030047297477722168	0.0	*
p.Asp1296Phe	0.01779031753540039	0.0	*
p.Asp1296Pro	0.005872964859008789	0.0	*
p.Asp1296Ser	0.08954906463623047	0.0	*
p.Asp1296Ter	*	*	*
p.Asp1296Thr	0.04878425598144531	0.0	*
p.Asp1296Trp	0.007844626903533936	0.0	*
p.Asp1296Tyr	0.016635894775390625	0.0	*
p.Asp1296Val	0.015075147151947021	0.0	*
p.Asp1303=	*	*	*
p.Asp1303Ala	0.01455146074295044	0.0	*
p.Asp1303Arg	0.014808833599090576	0.0	*
p.Asp1303Asn	0.11399281024932861	0.0	*
p.Asp1303Cys	0.004951417446136475	0.0	*
p.Asp1303Gln	0.007391631603240967	0.0	*
p.Asp1303Glu	0.007375180721282959	0.0	*
p.Asp1303Gly	0.02088773250579834	0.0	*
p.Asp1303His	0.004398703575134277	0.0	*
p.Asp1303Ile	0.006689548492431641	0.0	*
p.Asp1303Leu	0.014218747615814209	0.0	*
p.Asp1303Lys	0.023958981037139893	0.0	*
p.Asp1303Met	0.02140253782272339	0.0	*
p.Asp1303Phe	0.01076197624206543	0.0	*
p.Asp1303Pro	0.004459798336029053	0.0	*
p.Asp1303Ser	0.04701322317123413	0.0	*
p.Asp1303Ter	*	*	*
p.Asp1303Thr	0.018828153610229492	0.0	*
p.Asp1303Trp	0.004909634590148926	0.0	*
p.Asp1303Tyr	0.00920093059539795	0.0	*
p.Asp1303Val	0.010656595230102539	0.0	*
p.Asp1306=	*	*	*
p.Asp1306Ala	0.018976569175720215	0.0	*
p.Asp1306Arg	0.009187757968902588	0.0	*
p.Asp1306Asn	0.07376456260681152	0.0	*
p.Asp1306Cys	0.008527398109436035	0.0	*
p.Asp1306Gln	0.01202690601348877	0.0	*
p.Asp1306Glu	0.00398707389831543	0.0	*
p.Asp1306Gly	0.018168210983276367	0.0	*
p.Asp1306His	0.005953788757324219	0.0	*
p.Asp1306Ile	0.00517350435256958	0.0	*
p.Asp1306Leu	0.012068688869476318	0.0	*
p.Asp1306Lys	0.019334793090820312	0.0	*
p.Asp1306Met	0.024240076541900635	0.0	*
p.Asp1306Phe	0.010031819343566895	0.0	*
p.Asp1306Pro	0.002334117889404297	0.0	*
p.Asp1306Ser	0.03469431400299072	0.0	*
p.Asp1306Ter	*	*	*
p.Asp1306Thr	0.023453712463378906	0.0	*
p.Asp1306Trp	0.004934847354888916	0.0	*
p.Asp1306Tyr	0.006105601787567139	0.0	*
p.Asp1306Val	0.009798228740692139	0.0	*
p.Asp1380=	*	*	*
p.Asp1380Ala	0.992753267288208	0.0	*
p.Asp1380Arg	0.9887630939483643	0.0	*
p.Asp1380Asn	0.9974619746208191	0.0	*
p.Asp1380Cys	0.9698005318641663	0.0	*
p.Asp1380Gln	0.9857191443443298	0.0	*
p.Asp1380Glu	0.990688681602478	0.0	*
p.Asp1380Gly	0.9921596646308899	0.0	*
p.Asp1380His	0.987686038017273	0.0	*
p.Asp1380Ile	0.9567630887031555	0.0	*
p.Asp1380Leu	0.9894756078720093	0.0	*
p.Asp1380Lys	0.9960823655128479	0.0	*
p.Asp1380Met	0.9913850426673889	0.0	*
p.Asp1380Phe	0.982732355594635	0.0	*
p.Asp1380Pro	0.985904335975647	0.0	*
p.Asp1380Ser	0.998237133026123	0.0	*
p.Asp1380Ter	*	*	*
p.Asp1380Thr	0.9978880882263184	0.0	*
p.Asp1380Trp	0.9539089202880859	0.0	*
p.Asp1380Tyr	0.9589451551437378	0.0	*
p.Asp1380Val	0.9709311723709106	0.0	*
p.Asp1407=	*	*	*
p.Asp1407Ala	0.9435861110687256	0.0	*
p.Asp1407Arg	0.8865984082221985	0.0	*
p.Asp1407Asn	0.9943209886550903	0.0	*
p.Asp1407Cys	0.8224769830703735	0.0	*
p.Asp1407Gln	0.8425750732421875	0.0	*
p.Asp1407Glu	0.885335385799408	0.0	*
p.Asp1407Gly	0.9538328647613525	0.0	*
p.Asp1407His	0.8612214922904968	0.0	*
p.Asp1407Ile	0.45836585760116577	0.0	*
p.Asp1407Leu	0.823495626449585	0.0	*
p.Asp1407Lys	0.9279423356056213	0.0	*
p.Asp1407Met	0.9510754346847534	0.0	*
p.Asp1407Phe	0.7356505393981934	0.0	*
p.Asp1407Pro	0.8477165699005127	0.0	*
p.Asp1407Ser	0.972163200378418	0.0	*
p.Asp1407Ter	*	*	*
p.Asp1407Thr	0.9377168416976929	0.0	*
p.Asp1407Trp	0.44641923904418945	0.0	*
p.Asp1407Tyr	0.5310037136077881	0.0	*
p.Asp1407Val	0.5453765392303467	0.0	*
p.Asp1408=	*	*	*
p.Asp1408Ala	0.9102578163146973	0.0	*
p.Asp1408Arg	0.9052385091781616	0.0	*
p.Asp1408Asn	0.9797143936157227	0.0	*
p.Asp1408Cys	0.8673524856567383	0.0	*
p.Asp1408Gln	0.8557217121124268	0.0	*
p.Asp1408Glu	0.858498752117157	0.0	*
p.Asp1408Gly	0.9457104206085205	0.0	*
p.Asp1408His	0.8366675972938538	0.0	*
p.Asp1408Ile	0.6786565780639648	0.0	*
p.Asp1408Leu	0.8389486074447632	0.0	*
p.Asp1408Lys	0.9665125608444214	0.0	*
p.Asp1408Met	0.93560791015625	0.0	*
p.Asp1408Phe	0.8494354486465454	0.0	*
p.Asp1408Ser	0.9894084334373474	0.0	*
p.Asp1408Ter	*	*	*
p.Asp1408Thr	0.9686801433563232	0.0	*
p.Asp1408Trp	0.6075243949890137	0.0	*
p.Asp1408Tyr	0.7370288372039795	0.0	*
p.Asp1408Val	0.6836039423942566	0.0	*
p.Asp1412=	*	*	*
p.Asp1412Ala	0.9776606559753418	0.0	*
p.Asp1412Arg	0.9838915467262268	0.0	*
p.Asp1412Asn	0.9961257576942444	0.0	*
p.Asp1412Cys	0.962257981300354	0.0	*
p.Asp1412Gln	0.960055410861969	0.0	*
p.Asp1412Glu	0.9843149185180664	0.0	*
p.Asp1412Gly	0.9890735745429993	0.0	*
p.Asp1412His	0.9736612439155579	0.0	*
p.Asp1412Ile	0.9270442724227905	0.0	*
p.Asp1412Leu	0.9691339135169983	0.0	*
p.Asp1412Lys	0.9898802042007446	0.0	*
p.Asp1412Met	0.9850359559059143	0.0	*
p.Asp1412Phe	0.9613746404647827	0.0	*
p.Asp1412Pro	0.9853686094284058	0.0	*
p.Asp1412Ser	0.9968975186347961	0.0	*
p.Asp1412Ter	*	*	*
p.Asp1412Thr	0.9951744079589844	0.0	*
p.Asp1412Trp	0.920432984828949	0.0	*
p.Asp1412Tyr	0.9196021556854248	0.0	*
p.Asp1412Val	0.9421086311340332	0.0	*
p.Asp1420=	*	*	*
p.Asp1420Ala	0.9774170517921448	0.0	*
p.Asp1420Arg	0.9715756177902222	0.0	*
p.Asp1420Asn	0.9956103563308716	0.0	*
p.Asp1420Cys	0.9576882719993591	0.0	*
p.Asp1420Gln	0.969343364238739	0.0	*
p.Asp1420Glu	0.9879099726676941	0.0	*
p.Asp1420Gly	0.9870286583900452	0.0	*
p.Asp1420His	0.9837399125099182	0.0	*
p.Asp1420Ile	0.874284029006958	0.0	*
p.Asp1420Leu	0.9674261808395386	0.0	*
p.Asp1420Lys	0.9808396100997925	0.0	*
p.Asp1420Met	0.9706193804740906	0.0	*
p.Asp1420Phe	0.9422391653060913	0.0	*
p.Asp1420Pro	0.9863369464874268	0.0	*
p.Asp1420Ser	0.9956496357917786	0.0	*
p.Asp1420Ter	*	*	*
p.Asp1420Thr	0.9915671348571777	0.0	*
p.Asp1420Trp	0.9208421111106873	0.0	*
p.Asp1420Tyr	0.9035410284996033	0.0	*
p.Asp1420Val	0.939658522605896	0.0	*
p.Asp1436=	*	*	*
p.Asp1436Ala	0.5590921640396118	0.0	*
p.Asp1436Arg	0.5841081738471985	0.0	*
p.Asp1436Asn	0.9132475852966309	0.0	*
p.Asp1436Cys	0.5651255249977112	0.0	*
p.Asp1436Gln	0.29311805963516235	0.0	*
p.Asp1436Glu	0.6402069330215454	0.0	*
p.Asp1436Gly	0.6347838640213013	0.0	*
p.Asp1436His	0.39976251125335693	0.0	*
p.Asp1436Ile	0.25109320878982544	0.0	*
p.Asp1436Leu	0.39428818225860596	0.0	*
p.Asp1436Lys	0.6027666330337524	0.0	*
p.Asp1436Met	0.573715329170227	0.0	*
p.Asp1436Phe	0.341116726398468	0.0	*
p.Asp1436Pro	0.6308650970458984	0.0	*
p.Asp1436Ser	0.7499195337295532	0.0	*
p.Asp1436Ter	*	*	*
p.Asp1436Thr	0.7631320357322693	0.0	*
p.Asp1436Trp	0.2860862612724304	0.0	*
p.Asp1436Tyr	0.2590331435203552	0.0	*
p.Asp1436Val	0.3163381814956665	0.0	*
p.Asp1446=	*	*	*
p.Asp1446Ala	0.29392337799072266	0.0	*
p.Asp1446Arg	0.5650723576545715	0.0	*
p.Asp1446Asn	0.8206436038017273	0.0	*
p.Asp1446Cys	0.2817765474319458	0.0	*
p.Asp1446Gln	0.26371705532073975	0.0	*
p.Asp1446Glu	0.4780178666114807	0.0	*
p.Asp1446Gly	0.5121316909790039	0.0	*
p.Asp1446His	0.3968833088874817	0.0	*
p.Asp1446Ile	0.17832797765731812	0.0	*
p.Asp1446Leu	0.3956291675567627	0.0	*
p.Asp1446Lys	0.401732861995697	0.0	*
p.Asp1446Met	0.5203772187232971	0.0	*
p.Asp1446Phe	0.261788547039032	0.0	*
p.Asp1446Pro	0.4764004945755005	0.0	*
p.Asp1446Ser	0.8276382684707642	0.0	*
p.Asp1446Ter	*	*	*
p.Asp1446Thr	0.7783026695251465	0.0	*
p.Asp1446Trp	0.27602261304855347	0.0	*
p.Asp1446Tyr	0.24061685800552368	0.0	*
p.Asp1446Val	0.3944159746170044	0.0	*
p.Asp1447=	*	*	*
p.Asp1447Ala	0.30144691467285156	0.0	*
p.Asp1447Arg	0.5049853324890137	0.0	*
p.Asp1447Asn	0.789027214050293	0.0	*
p.Asp1447Cys	0.27486175298690796	0.0	*
p.Asp1447Gln	0.20072907209396362	0.0	*
p.Asp1447Glu	0.43661201000213623	0.0	*
p.Asp1447Gly	0.5835028290748596	0.0	*
p.Asp1447His	0.2854742407798767	0.0	*
p.Asp1447Ile	0.1591222882270813	0.0	*
p.Asp1447Leu	0.3032229542732239	0.0	*
p.Asp1447Lys	0.39607447385787964	0.0	*
p.Asp1447Met	0.41324514150619507	0.0	*
p.Asp1447Phe	0.2613140940666199	0.0	*
p.Asp1447Pro	0.41519296169281006	0.0	*
p.Asp1447Ser	0.6600387096405029	0.0	*
p.Asp1447Ter	*	*	*
p.Asp1447Thr	0.6848429441452026	0.0	*
p.Asp1447Trp	0.22961348295211792	0.0	*
p.Asp1447Tyr	0.19614583253860474	0.0	*
p.Asp1447Val	0.2529313564300537	0.0	*
p.Asp1448=	*	*	*
p.Asp1448Ala	0.7070052623748779	0.0	*
p.Asp1448Arg	0.7701000571250916	0.0	*
p.Asp1448Asn	0.9383408427238464	0.0	*
p.Asp1448Cys	0.6057571768760681	0.0	*
p.Asp1448Gln	0.5323736667633057	0.0	*
p.Asp1448Glu	0.8546961545944214	0.0	*
p.Asp1448Gly	0.8342357873916626	0.0	*
p.Asp1448His	0.6341128349304199	0.0	*
p.Asp1448Ile	0.4680742621421814	0.0	*
p.Asp1448Leu	0.5742249488830566	0.0	*
p.Asp1448Lys	0.7423245310783386	0.0	*
p.Asp1448Met	0.7283961772918701	0.0	*
p.Asp1448Phe	0.5426980257034302	0.0	*
p.Asp1448Pro	0.7566778659820557	0.0	*
p.Asp1448Ser	0.8206185698509216	0.0	*
p.Asp1448Ter	*	*	*
p.Asp1448Thr	0.8732305765151978	0.0	*
p.Asp1448Trp	0.445915162563324	0.0	*
p.Asp1448Tyr	0.4054068326950073	0.0	*
p.Asp1448Val	0.4538217782974243	0.0	*
p.Asp1450=	*	*	*
p.Asp1450Ala	0.6107399463653564	0.0	*
p.Asp1450Arg	0.8233064413070679	0.0	*
p.Asp1450Asn	0.9505470991134644	0.0	*
p.Asp1450Cys	0.5564230680465698	0.0	*
p.Asp1450Gln	0.6209756135940552	0.0	*
p.Asp1450Glu	0.776799201965332	0.0	*
p.Asp1450Gly	0.779748260974884	0.0	*
p.Asp1450His	0.664358377456665	0.0	*
p.Asp1450Ile	0.48537564277648926	0.0	*
p.Asp1450Leu	0.5463092923164368	0.0	*
p.Asp1450Lys	0.7781742811203003	0.0	*
p.Asp1450Met	0.7307029366493225	0.0	*
p.Asp1450Phe	0.5183517932891846	0.0	*
p.Asp1450Pro	0.7846050262451172	0.0	*
p.Asp1450Ser	0.9493106603622437	0.0	*
p.Asp1450Ter	*	*	*
p.Asp1450Thr	0.927520215511322	0.0	*
p.Asp1450Trp	0.4877089858055115	0.0	*
p.Asp1450Tyr	0.4410132169723511	0.0	*
p.Asp1450Val	0.5512571930885315	0.0	*
p.Asp1460=	*	*	*
p.Asp1460Ala	0.7502027750015259	0.0	*
p.Asp1460Arg	0.8688890337944031	0.0	*
p.Asp1460Asn	0.9891696572303772	0.0	*
p.Asp1460Cys	0.5547736287117004	0.0	*
p.Asp1460Gln	0.7558225393295288	0.0	*
p.Asp1460Glu	0.8698806762695312	0.0	*
p.Asp1460Gly	0.9061468243598938	0.0	*
p.Asp1460His	0.8038747310638428	0.0	*
p.Asp1460Ile	0.4516279101371765	0.0	*
p.Asp1460Leu	0.7692760229110718	0.0	*
p.Asp1460Lys	0.9461982846260071	0.0	*
p.Asp1460Met	0.9163760542869568	0.0	*
p.Asp1460Phe	0.733573317527771	0.0	*
p.Asp1460Pro	0.8862355947494507	0.0	*
p.Asp1460Ser	0.9842475652694702	0.0	*
p.Asp1460Ter	*	*	*
p.Asp1460Thr	0.9514743089675903	0.0	*
p.Asp1460Trp	0.484832227230072	0.0	*
p.Asp1460Tyr	0.49891120195388794	0.0	*
p.Asp1460Val	0.562088131904602	0.0	*
p.Asp730=	*	*	*
p.Asp730Ala	0.4610055088996887	0.0	*
p.Asp730Arg	0.26064902544021606	0.0	*
p.Asp730Asn	0.7188936471939087	0.0	*
p.Asp730Cys	0.19311004877090454	0.0	*
p.Asp730Gln	0.12446248531341553	0.0	*
p.Asp730Glu	0.1555473804473877	0.0	*
p.Asp730Gly	0.458499550819397	0.0	*
p.Asp730His	0.19026333093643188	0.0	*
p.Asp730Ile	0.08735495805740356	0.0	*
p.Asp730Leu	0.21748101711273193	0.0	*
p.Asp730Lys	0.46606552600860596	0.0	*
p.Asp730Met	0.4876314401626587	0.0	*
p.Asp730Phe	0.20314890146255493	0.0	*
p.Asp730Pro	0.10143351554870605	0.0	*
p.Asp730Ser	0.66792893409729	0.0	*
p.Asp730Ter	*	*	*
p.Asp730Thr	0.550567626953125	0.0	*
p.Asp730Trp	0.08699297904968262	0.0	*
p.Asp730Tyr	0.08961981534957886	0.0	*
p.Asp730Val	0.1424471139907837	0.0	*
p.Asp765=	*	*	*
p.Asp765Ala	0.00018781423568725586	0.0	*
p.Asp765Arg	0.0001264810562133789	0.0	*
p.Asp765Asn	0.0007590055465698242	0.0	*
p.Asp765Cys	7.236003875732422e-05	0.0	*
p.Asp765Gln	7.987022399902344e-05	0.0	*
p.Asp765Glu	6.377696990966797e-05	0.0	*
p.Asp765Gly	0.00012981891632080078	0.0	*
p.Asp765His	6.437301635742188e-05	0.0	*
p.Asp765Ile	0.00012087821960449219	0.0	*
p.Asp765Leu	8.547306060791016e-05	0.0	*
p.Asp765Lys	0.00014352798461914062	0.0	*
p.Asp765Met	0.00020712614059448242	0.0	*
p.Asp765Phe	7.37905502319336e-05	0.0	*
p.Asp765Pro	3.147125244140625e-05	0.0	*
p.Asp765Ser	0.00014770030975341797	0.0	*
p.Asp765Ter	*	*	*
p.Asp765Thr	0.00026804208755493164	0.0	*
p.Asp765Trp	5.221366882324219e-05	0.0	*
p.Asp765Tyr	8.83340835571289e-05	0.0	*
p.Asp765Val	0.00014340877532958984	0.0	*
p.Asp811=	*	*	*
p.Asp811Ala	0.17827099561691284	0.0	*
p.Asp811Arg	0.3139219880104065	0.0	*
p.Asp811Asn	0.7613277435302734	0.0	*
p.Asp811Cys	0.13716965913772583	0.0	*
p.Asp811Gln	0.22065842151641846	0.0	*
p.Asp811Glu	0.17471253871917725	0.0	*
p.Asp811Gly	0.19800591468811035	0.0	*
p.Asp811His	0.13412529230117798	0.0	*
p.Asp811Ile	0.04678159952163696	0.0	*
p.Asp811Leu	0.13266146183013916	0.0	*
p.Asp811Phe	0.10504341125488281	0.0	*
p.Asp811Pro	0.06397074460983276	0.0	*
p.Asp811Ser	0.6009763479232788	0.0	*
p.Asp811Ter	*	*	*
p.Asp811Thr	0.498862087726593	0.0	*
p.Asp811Trp	0.04956585168838501	0.0	*
p.Asp811Tyr	0.07951349020004272	0.0	*
p.Asp811Val	0.08754712343215942	0.0	*
p.Asp829=	*	*	*
p.Asp829Ala	0.00696951150894165	0.0	*
p.Asp829Arg	0.0124015212059021	0.0	*
p.Asp829Asn	0.06034576892852783	0.0	*
p.Asp829Cys	0.0043184757232666016	0.0	*
p.Asp829Gln	0.007098793983459473	0.0	*
p.Asp829Glu	0.004721164703369141	0.0	*
p.Asp829Gly	0.009227752685546875	0.0	*
p.Asp829His	0.00524747371673584	0.0	*
p.Asp829Ile	0.004094600677490234	0.0	*
p.Asp829Leu	0.004955887794494629	0.0	*
p.Asp829Lys	0.02957993745803833	0.0	*
p.Asp829Met	0.016503095626831055	0.0	*
p.Asp829Phe	0.01022326946258545	0.0	*
p.Asp829Pro	0.0059812068939208984	0.0	*
p.Asp829Ser	0.033189237117767334	0.0	*
p.Asp829Ter	*	*	*
p.Asp829Thr	0.0517880916595459	0.0	*
p.Asp829Trp	0.0038153529167175293	0.0	*
p.Asp829Tyr	0.00799095630645752	0.0	*
p.Asp829Val	0.007800638675689697	0.0	*
p.Asp842=	*	*	*
p.Asp842Ala	0.0001843571662902832	0.0	*
p.Asp842Arg	0.00034308433532714844	0.0	*
p.Asp842Asn	0.0021968483924865723	0.0	*
p.Asp842Cys	8.809566497802734e-05	0.0	*
p.Asp842Gln	0.00010275840759277344	0.0	*
p.Asp842Glu	5.2928924560546875e-05	0.0	*
p.Asp842Gly	0.0002219080924987793	0.0	*
p.Asp842His	4.38690185546875e-05	0.0	*
p.Asp842Ile	0.00016498565673828125	0.0	*
p.Asp842Leu	0.00023227930068969727	0.0	*
p.Asp842Lys	0.0003306865692138672	0.0	*
p.Asp842Met	0.0005469918251037598	0.0	*
p.Asp842Phe	0.0001653432846069336	0.0	*
p.Asp842Pro	9.107589721679688e-05	0.0	*
p.Asp842Ser	0.0005699992179870605	0.0	*
p.Asp842Ter	*	*	*
p.Asp842Thr	0.0007017850875854492	0.0	*
p.Asp842Trp	0.00012171268463134766	0.0	*
p.Asp842Tyr	0.00017648935317993164	0.0	*
p.Asp842Val	0.00035822391510009766	0.0	*
p.Asp853=	*	*	*
p.Asp853Ala	0.011468887329101562	0.0	*
p.Asp853Arg	0.014903247356414795	0.0	*
p.Asp853Asn	0.0749780535697937	0.0	*
p.Asp853Cys	0.002610623836517334	0.0	*
p.Asp853Gln	0.007126927375793457	0.0	*
p.Asp853Glu	0.0050002336502075195	0.0	*
p.Asp853Gly	0.010399162769317627	0.0	*
p.Asp853His	0.005930900573730469	0.0	*
p.Asp853Ile	0.004390299320220947	0.0	*
p.Asp853Leu	0.008861243724822998	0.0	*
p.Asp853Lys	0.021311163902282715	0.0	*
p.Asp853Met	0.014353811740875244	0.0	*
p.Asp853Phe	0.009083211421966553	0.0	*
p.Asp853Pro	0.005053699016571045	0.0	*
p.Asp853Ser	0.05970972776412964	0.0	*
p.Asp853Ter	*	*	*
p.Asp853Thr	0.03539556264877319	0.0	*
p.Asp853Trp	0.003957271575927734	0.0	*
p.Asp853Tyr	0.007991909980773926	0.0	*
p.Asp853Val	0.009373068809509277	0.0	*
p.Asp893=	*	*	*
p.Asp893Ala	0.0010387897491455078	0.0	*
p.Asp893Arg	0.0011302828788757324	0.0	*
p.Asp893Asn	0.005329787731170654	0.0	*
p.Asp893Cys	0.0005527138710021973	0.0	*
p.Asp893Gln	0.0011491775512695312	0.0	*
p.Asp893Glu	0.0007783174514770508	0.0	*
p.Asp893Gly	0.001060187816619873	0.0	*
p.Asp893His	0.000395357608795166	0.0	*
p.Asp893Ile	0.0006577372550964355	0.0	*
p.Asp893Leu	0.0007555484771728516	0.0	*
p.Asp893Lys	0.0011700987815856934	0.0	*
p.Asp893Met	0.001244187355041504	0.0	*
p.Asp893Phe	0.0005336403846740723	0.0	*
p.Asp893Pro	0.0005674958229064941	0.0	*
p.Asp893Ser	0.005885064601898193	0.0	*
p.Asp893Ter	*	*	*
p.Asp893Thr	0.0019652247428894043	0.0	*
p.Asp893Trp	0.0005348324775695801	0.0	*
p.Asp893Tyr	0.0006068944931030273	0.0	*
p.Asp893Val	0.0013023614883422852	0.0	*
p.Asp918=	*	*	*
p.Asp918Ala	0.0011731982231140137	0.0	*
p.Asp918Arg	0.0006523728370666504	0.0	*
p.Asp918Asn	0.004462838172912598	0.0	*
p.Asp918Cys	0.0006066560745239258	0.0	*
p.Asp918Gln	0.000986337661743164	0.0	*
p.Asp918Glu	0.0007561445236206055	0.0	*
p.Asp918Gly	0.0006261467933654785	0.0	*
p.Asp918His	0.0006595253944396973	0.0	*
p.Asp918Ile	0.000535428524017334	0.0	*
p.Asp918Leu	0.0006255507469177246	0.0	*
p.Asp918Lys	0.0016290545463562012	0.0	*
p.Asp918Met	0.001339554786682129	0.0	*
p.Asp918Phe	0.0006534457206726074	0.0	*
p.Asp918Pro	0.00026911497116088867	0.0	*
p.Asp918Ser	0.004109382629394531	0.0	*
p.Asp918Ter	*	*	*
p.Asp918Thr	0.003003358840942383	0.0	*
p.Asp918Trp	0.00045031309127807617	0.0	*
p.Asp918Tyr	0.0005386471748352051	0.0	*
p.Asp918Val	0.0012967586517333984	0.0	*
p.Asp946=	*	*	*
p.Asp946Ala	0.7660568952560425	0.0	*
p.Asp946Arg	0.7621383666992188	0.0	*
p.Asp946Asn	0.9621910452842712	0.0	*
p.Asp946Cys	0.6513403654098511	0.0	*
p.Asp946Gln	0.547184944152832	0.0	*
p.Asp946Glu	0.6421579122543335	0.0	*
p.Asp946Gly	0.8755255341529846	0.0	*
p.Asp946His	0.613338828086853	0.0	*
p.Asp946Ile	0.47539085149765015	0.0	*
p.Asp946Leu	0.6746379137039185	0.0	*
p.Asp946Lys	0.8792266845703125	0.0	*
p.Asp946Met	0.8854809999465942	0.0	*
p.Asp946Phe	0.6971709728240967	0.0	*
p.Asp946Pro	0.5721884965896606	0.0	*
p.Asp946Ser	0.8933330774307251	0.0	*
p.Asp946Ter	*	*	*
p.Asp946Thr	0.8956899642944336	0.0	*
p.Asp946Trp	0.381960391998291	0.0	*
p.Asp946Tyr	0.5436224937438965	0.0	*
p.Asp946Val	0.5401773452758789	0.0	*
p.Cys1079=	*	*	*
p.Cys1079Ala	0.001208961009979248	0.0	*
p.Cys1079Arg	0.00019019842147827148	0.0	*
p.Cys1079Asn	0.0007026195526123047	0.0	*
p.Cys1079Asp	0.000629723072052002	0.0	*
p.Cys1079Gln	0.0007038116455078125	0.0	*
p.Cys1079Glu	0.0002402663230895996	0.0	*
p.Cys1079Gly	0.0010064244270324707	0.0	*
p.Cys1079His	0.000630795955657959	0.0	*
p.Cys1079Ile	0.0010974407196044922	0.0	*
p.Cys1079Leu	0.0007222294807434082	0.0	*
p.Cys1079Lys	0.0007317662239074707	0.0	*
p.Cys1079Met	0.00096893310546875	0.0	*
p.Cys1079Phe	0.00039523839950561523	0.0	*
p.Cys1079Pro	0.00017684698104858398	0.0	*
p.Cys1079Ser	0.002646803855895996	0.0	*
p.Cys1079Ter	*	*	*
p.Cys1079Thr	0.0014709234237670898	0.0	*
p.Cys1079Trp	0.0003871321678161621	0.0	*
p.Cys1079Tyr	0.0004839897155761719	0.0	*
p.Cys1079Val	0.001161038875579834	0.0	*
p.Cys1091=	*	*	*
p.Cys1091Ala	0.0009192228317260742	0.0	*
p.Cys1091Arg	0.00012814998626708984	0.0	*
p.Cys1091Asn	0.00034427642822265625	0.0	*
p.Cys1091Asp	0.00010406970977783203	0.0	*
p.Cys1091Gln	0.0006330609321594238	0.0	*
p.Cys1091Glu	9.524822235107422e-05	0.0	*
p.Cys1091Gly	0.00043076276779174805	0.0	*
p.Cys1091His	0.00038361549377441406	0.0	*
p.Cys1091Ile	0.00033402442932128906	0.0	*
p.Cys1091Leu	0.0006873607635498047	0.0	*
p.Cys1091Lys	0.0002544522285461426	0.0	*
p.Cys1091Met	0.0006833076477050781	0.0	*
p.Cys1091Phe	0.00015878677368164062	0.0	*
p.Cys1091Pro	6.008148193359375e-05	0.0	*
p.Cys1091Ser	0.0009352564811706543	0.0	*
p.Cys1091Ter	*	*	*
p.Cys1091Thr	0.00037229061126708984	0.0	*
p.Cys1091Trp	0.0001927018165588379	0.0	*
p.Cys1091Tyr	0.00016129016876220703	0.0	*
p.Cys1091Val	0.00043767690658569336	0.0	*
p.Cys1100=	*	*	*
p.Cys1100Ala	0.003466367721557617	0.0	*
p.Cys1100Arg	0.00028258562088012695	0.0	*
p.Cys1100Asn	0.0006381869316101074	0.0	*
p.Cys1100Asp	0.0003139972686767578	0.0	*
p.Cys1100Gln	0.0020207762718200684	0.0	*
p.Cys1100Glu	0.0006765127182006836	0.0	*
p.Cys1100Gly	0.00046002864837646484	0.0	*
p.Cys1100His	0.0023259520530700684	0.0	*
p.Cys1100Ile	0.0008437633514404297	0.0	*
p.Cys1100Leu	0.0010492801666259766	0.0	*
p.Cys1100Lys	0.0007513165473937988	0.0	*
p.Cys1100Met	0.0011237263679504395	0.0	*
p.Cys1100Phe	0.00042325258255004883	0.0	*
p.Cys1100Pro	0.0002994537353515625	0.0	*
p.Cys1100Ser	0.0009480118751525879	0.0	*
p.Cys1100Ter	*	*	*
p.Cys1100Thr	0.0006896257400512695	0.0	*
p.Cys1100Trp	0.00027173757553100586	0.0	*
p.Cys1100Tyr	0.0003273487091064453	0.0	*
p.Cys1100Val	0.0019235610961914062	0.0	*
p.Cys1104=	*	*	*
p.Cys1104Ala	0.00027257204055786133	0.0	*
p.Cys1104Arg	2.205371856689453e-05	0.0	*
p.Cys1104Asn	6.008148193359375e-05	0.0	*
p.Cys1104Asp	2.4437904357910156e-05	0.0	*
p.Cys1104Gln	0.00018805265426635742	0.0	*
p.Cys1104Glu	3.2067298889160156e-05	0.0	*
p.Cys1104Gly	8.296966552734375e-05	0.0	*
p.Cys1104His	0.0001569986343383789	0.0	*
p.Cys1104Ile	0.00025528669357299805	0.0	*
p.Cys1104Leu	0.00019937753677368164	0.0	*
p.Cys1104Phe	7.236003875732422e-05	0.0	*
p.Cys1104Pro	2.491474151611328e-05	0.0	*
p.Cys1104Ser	0.0001722574234008789	0.0	*
p.Cys1104Ter	*	*	*
p.Cys1104Thr	0.00014507770538330078	0.0	*
p.Cys1104Trp	5.5789947509765625e-05	0.0	*
p.Cys1104Tyr	7.402896881103516e-05	0.0	*
p.Cys1104Val	0.00029784440994262695	0.0	*
p.Cys1189=	*	*	*
p.Cys1189Ala	0.01688206195831299	0.0	*
p.Cys1189Arg	0.00131303071975708	0.0	*
p.Cys1189Asn	0.0030219554901123047	0.0	*
p.Cys1189Asp	0.0005103349685668945	0.0	*
p.Cys1189Gln	0.004944562911987305	0.0	*
p.Cys1189Glu	0.0006403326988220215	0.0	*
p.Cys1189Gly	0.004784941673278809	0.0	*
p.Cys1189His	0.0036893486976623535	0.0	*
p.Cys1189Ile	0.005916178226470947	0.0	*
p.Cys1189Leu	0.004368901252746582	0.0	*
p.Cys1189Met	0.018027842044830322	0.0	*
p.Cys1189Phe	0.0017265081405639648	0.0	*
p.Cys1189Pro	0.0003056526184082031	0.0	*
p.Cys1189Ser	0.008481442928314209	0.0	*
p.Cys1189Ter	*	*	*
p.Cys1189Thr	0.007594764232635498	0.0	*
p.Cys1189Trp	0.0016597509384155273	0.0	*
p.Cys1189Tyr	0.0018486380577087402	0.0	*
p.Cys1189Val	0.012151360511779785	0.0	*
p.Cys1375=	*	*	*
p.Cys1375Ala	0.9991302490234375	0.0	*
p.Cys1375Arg	0.8617507815361023	0.0	*
p.Cys1375Asn	0.9832152128219604	0.0	*
p.Cys1375Asp	0.911162257194519	0.0	*
p.Cys1375Gln	0.9915955662727356	0.0	*
p.Cys1375Glu	0.948455810546875	0.0	*
p.Cys1375Gly	0.9859743714332581	0.0	*
p.Cys1375His	0.9913325905799866	0.0	*
p.Cys1375Ile	0.96663898229599	0.0	*
p.Cys1375Leu	0.9886565804481506	0.0	*
p.Cys1375Lys	0.9955382943153381	0.0	*
p.Cys1375Met	0.9964276552200317	0.0	*
p.Cys1375Phe	0.9842735528945923	0.0	*
p.Cys1375Pro	0.8673328757286072	0.0	*
p.Cys1375Ser	0.9863563776016235	0.0	*
p.Cys1375Ter	*	*	*
p.Cys1375Thr	0.994901716709137	0.0	*
p.Cys1375Trp	0.9147733449935913	0.0	*
p.Cys1375Tyr	0.8803778886795044	0.0	*
p.Cys1375Val	0.9640796184539795	0.0	*
p.Cys980=	*	*	*
p.Cys980Ala	0.0009464621543884277	0.0	*
p.Cys980Arg	9.381771087646484e-05	0.0	*
p.Cys980Asn	0.00023669004440307617	0.0	*
p.Cys980Asp	8.869171142578125e-05	0.0	*
p.Cys980Gln	0.00022679567337036133	0.0	*
p.Cys980Glu	4.8279762268066406e-05	0.0	*
p.Cys980Gly	0.0005423426628112793	0.0	*
p.Cys980His	0.00013256072998046875	0.0	*
p.Cys980Ile	0.0003217458724975586	0.0	*
p.Cys980Leu	0.0003199577331542969	0.0	*
p.Cys980Lys	0.00016880035400390625	0.0	*
p.Cys980Met	0.0006631016731262207	0.0	*
p.Cys980Phe	0.00017082691192626953	0.0	*
p.Cys980Pro	2.5033950805664062e-05	0.0	*
p.Cys980Ser	0.0007063150405883789	0.0	*
p.Cys980Ter	*	*	*
p.Cys980Thr	0.0003902316093444824	0.0	*
p.Cys980Trp	0.0002276301383972168	0.0	*
p.Cys980Tyr	0.00021773576736450195	0.0	*
p.Cys980Val	0.0005483031272888184	0.0	*
p.Cys983=	*	*	*
p.Cys983Ala	0.0029412508010864258	0.0	*
p.Cys983Arg	0.00021451711654663086	0.0	*
p.Cys983Asn	0.0005098581314086914	0.0	*
p.Cys983Asp	0.00018447637557983398	0.0	*
p.Cys983Gln	0.00046193599700927734	0.0	*
p.Cys983Glu	0.00011050701141357422	0.0	*
p.Cys983Gly	0.0014753937721252441	0.0	*
p.Cys983His	0.00025850534439086914	0.0	*
p.Cys983Ile	0.0009513497352600098	0.0	*
p.Cys983Leu	0.0009406208992004395	0.0	*
p.Cys983Lys	0.00042253732681274414	0.0	*
p.Cys983Met	0.003679990768432617	0.0	*
p.Cys983Phe	0.0005398392677307129	0.0	*
p.Cys983Pro	6.973743438720703e-05	0.0	*
p.Cys983Ser	0.00390857458114624	0.0	*
p.Cys983Ter	*	*	*
p.Cys983Thr	0.0012633204460144043	0.0	*
p.Cys983Trp	0.0006871223449707031	0.0	*
p.Cys983Tyr	0.0007384419441223145	0.0	*
p.Cys983Val	0.002192556858062744	0.0	*
p.Cys985=	*	*	*
p.Cys985Ala	0.00038629770278930664	0.0	*
p.Cys985Arg	6.35385513305664e-05	0.0	*
p.Cys985Asn	0.0001112222671508789	0.0	*
p.Cys985Asp	9.763240814208984e-05	0.0	*
p.Cys985Gln	0.00024276971817016602	0.0	*
p.Cys985Glu	8.225440979003906e-05	0.0	*
p.Cys985Gly	0.0002053380012512207	0.0	*
p.Cys985His	0.00010585784912109375	0.0	*
p.Cys985Ile	0.00017386674880981445	0.0	*
p.Cys985Leu	0.00024503469467163086	0.0	*
p.Cys985Lys	0.00013053417205810547	0.0	*
p.Cys985Met	0.00033271312713623047	0.0	*
p.Cys985Phe	7.998943328857422e-05	0.0	*
p.Cys985Pro	5.161762237548828e-05	0.0	*
p.Cys985Ser	0.0005030632019042969	0.0	*
p.Cys985Ter	*	*	*
p.Cys985Thr	0.0001927018165588379	0.0	*
p.Cys985Trp	0.0001366138458251953	0.0	*
p.Cys985Tyr	0.0001081228256225586	0.0	*
p.Cys985Val	0.0003762245178222656	0.0	*
p.Gln1004=	*	*	*
p.Gln1004Ala	0.007007241249084473	0.0	*
p.Gln1004Arg	0.003046393394470215	0.0	*
p.Gln1004Asn	0.009273171424865723	0.0	*
p.Gln1004Asp	0.0007051229476928711	0.0	*
p.Gln1004Cys	0.001714169979095459	0.0	*
p.Gln1004Glu	0.0009905099868774414	0.0	*
p.Gln1004Gly	0.00931704044342041	0.0	*
p.Gln1004His	0.0010069012641906738	0.0	*
p.Gln1004Ile	0.0015209317207336426	0.0	*
p.Gln1004Leu	0.0017877817153930664	0.0	*
p.Gln1004Lys	0.001309812068939209	0.0	*
p.Gln1004Met	0.004163265228271484	0.0	*
p.Gln1004Phe	0.00126570463180542	0.0	*
p.Gln1004Pro	0.0005623698234558105	0.0	*
p.Gln1004Ser	0.007548511028289795	0.0	*
p.Gln1004Ter	*	*	*
p.Gln1004Thr	0.009169816970825195	0.0	*
p.Gln1004Trp	0.0021439194679260254	0.0	*
p.Gln1004Tyr	0.0016325116157531738	0.0	*
p.Gln1004Val	0.012689948081970215	0.0	*
p.Gln1095=	*	*	*
p.Gln1095Ala	0.0005260109901428223	0.0	*
p.Gln1095Arg	0.0002829432487487793	0.0	*
p.Gln1095Asn	0.0011783242225646973	0.0	*
p.Gln1095Asp	0.00028055906295776367	0.0	*
p.Gln1095Cys	0.00024515390396118164	0.0	*
p.Gln1095Glu	0.00034296512603759766	0.0	*
p.Gln1095Gly	0.0005549788475036621	0.0	*
p.Gln1095His	0.00042492151260375977	0.0	*
p.Gln1095Ile	0.00028246641159057617	0.0	*
p.Gln1095Leu	0.0004705190658569336	0.0	*
p.Gln1095Lys	0.0005210041999816895	0.0	*
p.Gln1095Met	0.00036263465881347656	0.0	*
p.Gln1095Phe	0.0003014802932739258	0.0	*
p.Gln1095Pro	8.940696716308594e-05	0.0	*
p.Gln1095Ser	0.0019254684448242188	0.0	*
p.Gln1095Ter	*	*	*
p.Gln1095Thr	0.0008985996246337891	0.0	*
p.Gln1095Trp	0.00025266408920288086	0.0	*
p.Gln1095Tyr	0.0003737211227416992	0.0	*
p.Gln1095Val	0.0008559226989746094	0.0	*
p.Gln1142=	*	*	*
p.Gln1142Ala	0.7482099533081055	0.0	*
p.Gln1142Arg	0.6438010931015015	0.0	*
p.Gln1142Asn	0.8785800933837891	0.0	*
p.Gln1142Asp	0.6912736296653748	0.0	*
p.Gln1142Cys	0.6341317892074585	0.0	*
p.Gln1142Glu	0.7738332152366638	0.0	*
p.Gln1142Gly	0.847206711769104	0.0	*
p.Gln1142His	0.5377697944641113	0.0	*
p.Gln1142Ile	0.2598845958709717	0.0	*
p.Gln1142Leu	0.5262999534606934	0.0	*
p.Gln1142Lys	0.6772907376289368	0.0	*
p.Gln1142Met	0.7102717757225037	0.0	*
p.Gln1142Phe	0.3810116648674011	0.0	*
p.Gln1142Pro	0.4845660328865051	0.0	*
p.Gln1142Ser	0.8825854659080505	0.0	*
p.Gln1142Ter	*	*	*
p.Gln1142Trp	0.3266846537590027	0.0	*
p.Gln1142Tyr	0.37111061811447144	0.0	*
p.Gln1142Val	0.5795203447341919	0.0	*
p.Gln1177=	*	*	*
p.Gln1177Ala	0.01989668607711792	0.0	*
p.Gln1177Arg	0.00479888916015625	0.0	*
p.Gln1177Asn	0.01789379119873047	0.0	*
p.Gln1177Asp	0.004913151264190674	0.0	*
p.Gln1177Cys	0.0190432071685791	0.0	*
p.Gln1177Glu	0.00854402780532837	0.0	*
p.Gln1177Gly	0.02623826265335083	0.0	*
p.Gln1177His	0.005414128303527832	0.0	*
p.Gln1177Ile	0.006566166877746582	0.0	*
p.Gln1177Leu	0.005885303020477295	0.0	*
p.Gln1177Lys	0.010209262371063232	0.0	*
p.Gln1177Met	0.012727320194244385	0.0	*
p.Gln1177Phe	0.005978763103485107	0.0	*
p.Gln1177Pro	0.0013173222541809082	0.0	*
p.Gln1177Ser	0.040048301219940186	0.0	*
p.Gln1177Ter	*	*	*
p.Gln1177Thr	0.058448195457458496	0.0	*
p.Gln1177Trp	0.00538402795791626	0.0	*
p.Gln1177Tyr	0.005127847194671631	0.0	*
p.Gln1177Val	0.029943883419036865	0.0	*
p.Gln1200=	*	*	*
p.Gln1200Ala	0.00815272331237793	0.0	*
p.Gln1200Arg	0.008310079574584961	0.0	*
p.Gln1200Asn	0.010562777519226074	0.0	*
p.Gln1200Asp	0.005864739418029785	0.0	*
p.Gln1200Cys	0.0062978267669677734	0.0	*
p.Gln1200Glu	0.006932497024536133	0.0	*
p.Gln1200Gly	0.009847462177276611	0.0	*
p.Gln1200His	0.00596696138381958	0.0	*
p.Gln1200Ile	0.0031371116638183594	0.0	*
p.Gln1200Leu	0.0035943984985351562	0.0	*
p.Gln1200Lys	0.009877979755401611	0.0	*
p.Gln1200Met	0.005188107490539551	0.0	*
p.Gln1200Phe	0.0030641555786132812	0.0	*
p.Gln1200Pro	0.0009677410125732422	0.0	*
p.Gln1200Ser	0.02810800075531006	0.0	*
p.Gln1200Ter	*	*	*
p.Gln1200Thr	0.015772998332977295	0.0	*
p.Gln1200Trp	0.002854287624359131	0.0	*
p.Gln1200Tyr	0.004060149192810059	0.0	*
p.Gln1200Val	0.006837964057922363	0.0	*
p.Gln1210=	*	*	*
p.Gln1210Ala	0.06982249021530151	0.0	*
p.Gln1210Arg	0.0184781551361084	0.0	*
p.Gln1210Asn	0.057409584522247314	0.0	*
p.Gln1210Asp	0.011514663696289062	0.0	*
p.Gln1210Cys	0.03177082538604736	0.0	*
p.Gln1210Glu	0.01364743709564209	0.0	*
p.Gln1210Gly	0.03695201873779297	0.0	*
p.Gln1210His	0.019157886505126953	0.0	*
p.Gln1210Ile	0.04053997993469238	0.0	*
p.Gln1210Leu	0.029140233993530273	0.0	*
p.Gln1210Lys	0.08662128448486328	0.0	*
p.Gln1210Met	0.04650163650512695	0.0	*
p.Gln1210Phe	0.02594304084777832	0.0	*
p.Gln1210Pro	0.0031711459159851074	0.0	*
p.Gln1210Ser	0.10201811790466309	0.0	*
p.Gln1210Ter	*	*	*
p.Gln1210Thr	0.11527907848358154	0.0	*
p.Gln1210Trp	0.01747727394104004	0.0	*
p.Gln1210Tyr	0.016762495040893555	0.0	*
p.Gln1210Val	0.0593838095664978	0.0	*
p.Gln1233=	*	*	*
p.Gln1233Ala	0.006953179836273193	0.0	*
p.Gln1233Arg	0.0019799470901489258	0.0	*
p.Gln1233Asn	0.005808770656585693	0.0	*
p.Gln1233Asp	0.0011132359504699707	0.0	*
p.Gln1233Cys	0.003953874111175537	0.0	*
p.Gln1233Glu	0.0010311603546142578	0.0	*
p.Gln1233Gly	0.006182372570037842	0.0	*
p.Gln1233His	0.000761866569519043	0.0	*
p.Gln1233Ile	0.0019191503524780273	0.0	*
p.Gln1233Leu	0.0024698376655578613	0.0	*
p.Gln1233Lys	0.0032050013542175293	0.0	*
p.Gln1233Met	0.004854381084442139	0.0	*
p.Gln1233Phe	0.0022762417793273926	0.0	*
p.Gln1233Pro	0.0006957054138183594	0.0	*
p.Gln1233Ser	0.004958450794219971	0.0	*
p.Gln1233Ter	*	*	*
p.Gln1233Thr	0.008736968040466309	0.0	*
p.Gln1233Trp	0.0019357800483703613	0.0	*
p.Gln1233Tyr	0.002265334129333496	0.0	*
p.Gln1233Val	0.01227790117263794	0.0	*
p.Gln1253=	*	*	*
p.Gln1253Ala	0.026996254920959473	0.0	*
p.Gln1253Arg	0.026934385299682617	0.0	*
p.Gln1253Asn	0.028321444988250732	0.0	*
p.Gln1253Asp	0.02554267644882202	0.0	*
p.Gln1253Cys	0.04198098182678223	0.0	*
p.Gln1253Glu	0.018626928329467773	0.0	*
p.Gln1253Gly	0.048822879791259766	0.0	*
p.Gln1253His	0.018788695335388184	0.0	*
p.Gln1253Ile	0.016099154949188232	0.0	*
p.Gln1253Leu	0.015293657779693604	0.0	*
p.Gln1253Lys	0.04563659429550171	0.0	*
p.Gln1253Met	0.02506566047668457	0.0	*
p.Gln1253Phe	0.01309114694595337	0.0	*
p.Gln1253Pro	0.003894805908203125	0.0	*
p.Gln1253Ser	0.15271371603012085	0.0	*
p.Gln1253Ter	*	*	*
p.Gln1253Thr	0.14065086841583252	0.0	*
p.Gln1253Trp	0.014002799987792969	0.0	*
p.Gln1253Tyr	0.019393742084503174	0.0	*
p.Gln1253Val	0.08860164880752563	0.0	*
p.Gln1256=	*	*	*
p.Gln1256Ala	0.03303956985473633	0.0	*
p.Gln1256Arg	0.04768061637878418	0.0	*
p.Gln1256Asn	0.10035955905914307	0.0	*
p.Gln1256Asp	0.013649165630340576	0.0	*
p.Gln1256Cys	0.01084071397781372	0.0	*
p.Gln1256Glu	0.009689748287200928	0.0	*
p.Gln1256Gly	0.03135693073272705	0.0	*
p.Gln1256His	0.0068814754486083984	0.0	*
p.Gln1256Ile	0.012722015380859375	0.0	*
p.Gln1256Leu	0.012543857097625732	0.0	*
p.Gln1256Lys	0.03711497783660889	0.0	*
p.Gln1256Met	0.03278011083602905	0.0	*
p.Gln1256Phe	0.014854192733764648	0.0	*
p.Gln1256Pro	0.0027285218238830566	0.0	*
p.Gln1256Ser	0.08906108140945435	0.0	*
p.Gln1256Ter	*	*	*
p.Gln1256Thr	0.07043886184692383	0.0	*
p.Gln1256Trp	0.008109211921691895	0.0	*
p.Gln1256Tyr	0.016528606414794922	0.0	*
p.Gln1256Val	0.05142265558242798	0.0	*
p.Gln1277=	*	*	*
p.Gln1277Ala	0.011485159397125244	0.0	*
p.Gln1277Arg	0.0037531256675720215	0.0	*
p.Gln1277Asn	0.01312488317489624	0.0	*
p.Gln1277Asp	0.00562596321105957	0.0	*
p.Gln1277Cys	0.011986374855041504	0.0	*
p.Gln1277Glu	0.016554176807403564	0.0	*
p.Gln1277Gly	0.009729504585266113	0.0	*
p.Gln1277His	0.012005150318145752	0.0	*
p.Gln1277Ile	0.006299257278442383	0.0	*
p.Gln1277Leu	0.010500133037567139	0.0	*
p.Gln1277Lys	0.015452563762664795	0.0	*
p.Gln1277Met	0.013611376285552979	0.0	*
p.Gln1277Phe	0.013686418533325195	0.0	*
p.Gln1277Pro	0.003030717372894287	0.0	*
p.Gln1277Ser	0.02496880292892456	0.0	*
p.Gln1277Ter	*	*	*
p.Gln1277Thr	0.05899232625961304	0.0	*
p.Gln1277Trp	0.01019817590713501	0.0	*
p.Gln1277Tyr	0.008678853511810303	0.0	*
p.Gln1277Val	0.05218607187271118	0.0	*
p.Gln1351=	*	*	*
p.Gln1351Ala	0.39561742544174194	0.0	*
p.Gln1351Arg	0.06141144037246704	0.0	*
p.Gln1351Asn	0.30153125524520874	0.0	*
p.Gln1351Asp	0.027169466018676758	0.0	*
p.Gln1351Cys	0.11126291751861572	0.0	*
p.Gln1351Glu	0.04761713743209839	0.0	*
p.Gln1351Gly	0.3938627243041992	0.0	*
p.Gln1351His	0.10641324520111084	0.0	*
p.Gln1351Ile	0.06035333871841431	0.0	*
p.Gln1351Leu	0.1520107388496399	0.0	*
p.Gln1351Lys	0.24243700504302979	0.0	*
p.Gln1351Met	0.371260404586792	0.0	*
p.Gln1351Phe	0.08830219507217407	0.0	*
p.Gln1351Pro	0.01366204023361206	0.0	*
p.Gln1351Ser	0.36941492557525635	0.0	*
p.Gln1351Ter	*	*	*
p.Gln1351Thr	0.29304593801498413	0.0	*
p.Gln1351Trp	0.0748797059059143	0.0	*
p.Gln1351Tyr	0.05791926383972168	0.0	*
p.Gln1351Val	0.22873234748840332	0.0	*
p.Gln1372=	*	*	*
p.Gln1372Ala	0.9915140867233276	0.0	*
p.Gln1372Arg	0.9253482818603516	0.0	*
p.Gln1372Asn	0.9891524910926819	0.0	*
p.Gln1372Asp	0.8999878168106079	0.0	*
p.Gln1372Cys	0.9535115361213684	0.0	*
p.Gln1372Glu	0.9678003191947937	0.0	*
p.Gln1372Gly	0.9866793155670166	0.0	*
p.Gln1372His	0.9858546257019043	0.0	*
p.Gln1372Ile	0.9293658137321472	0.0	*
p.Gln1372Leu	0.978465735912323	0.0	*
p.Gln1372Lys	0.9928498864173889	0.0	*
p.Gln1372Met	0.9892784357070923	0.0	*
p.Gln1372Phe	0.9633602499961853	0.0	*
p.Gln1372Pro	0.6825852394104004	0.0	*
p.Gln1372Ser	0.9954147338867188	0.0	*
p.Gln1372Ter	*	*	*
p.Gln1372Thr	0.9938763976097107	0.0	*
p.Gln1372Trp	0.9146332144737244	0.0	*
p.Gln1372Tyr	0.9040952920913696	0.0	*
p.Gln1372Val	0.9745792746543884	0.0	*
p.Gln1387=	*	*	*
p.Gln1387Ala	0.998438835144043	0.0	*
p.Gln1387Arg	0.9918993711471558	0.0	*
p.Gln1387Asn	0.9985813498497009	0.0	*
p.Gln1387Asp	0.982438325881958	0.0	*
p.Gln1387Cys	0.9922027587890625	0.0	*
p.Gln1387Glu	0.9941069483757019	0.0	*
p.Gln1387Gly	0.9975917935371399	0.0	*
p.Gln1387His	0.9960810542106628	0.0	*
p.Gln1387Ile	0.9668896198272705	0.0	*
p.Gln1387Leu	0.9949860572814941	0.0	*
p.Gln1387Lys	0.9976076483726501	0.0	*
p.Gln1387Met	0.9982641935348511	0.0	*
p.Gln1387Phe	0.9888889789581299	0.0	*
p.Gln1387Pro	0.9019973278045654	0.0	*
p.Gln1387Ser	0.9984787702560425	0.0	*
p.Gln1387Ter	*	*	*
p.Gln1387Thr	0.998749852180481	0.0	*
p.Gln1387Trp	0.9568537473678589	0.0	*
p.Gln1387Tyr	0.9769486784934998	0.0	*
p.Gln1387Val	0.9899303913116455	0.0	*
p.Gln1399=	*	*	*
p.Gln1399Ala	0.9750504493713379	0.0	*
p.Gln1399Arg	0.8606448173522949	0.0	*
p.Gln1399Asn	0.9735615849494934	0.0	*
p.Gln1399Asp	0.8127199411392212	0.0	*
p.Gln1399Cys	0.9123198390007019	0.0	*
p.Gln1399Glu	0.9020505547523499	0.0	*
p.Gln1399Gly	0.9656186103820801	0.0	*
p.Gln1399His	0.9427326321601868	0.0	*
p.Gln1399Ile	0.8155837059020996	0.0	*
p.Gln1399Leu	0.8963099122047424	0.0	*
p.Gln1399Lys	0.9301773905754089	0.0	*
p.Gln1399Met	0.9576326012611389	0.0	*
p.Gln1399Phe	0.7604193091392517	0.0	*
p.Gln1399Pro	0.6311327219009399	0.0	*
p.Gln1399Ser	0.9828878045082092	0.0	*
p.Gln1399Ter	*	*	*
p.Gln1399Thr	0.9805994033813477	0.0	*
p.Gln1399Trp	0.7889817953109741	0.0	*
p.Gln1399Tyr	0.6972094178199768	0.0	*
p.Gln1399Val	0.8920849561691284	0.0	*
p.Gln1421=	*	*	*
p.Gln1421Ala	0.9946379065513611	0.0	*
p.Gln1421Arg	0.9826812744140625	0.0	*
p.Gln1421Asn	0.9953588247299194	0.0	*
p.Gln1421Asp	0.9924322366714478	0.0	*
p.Gln1421Cys	0.9933761954307556	0.0	*
p.Gln1421Glu	0.996107816696167	0.0	*
p.Gln1421Gly	0.9945220351219177	0.0	*
p.Gln1421His	0.9860941767692566	0.0	*
p.Gln1421Ile	0.9539127349853516	0.0	*
p.Gln1421Leu	0.9850066900253296	0.0	*
p.Gln1421Lys	0.9943147301673889	0.0	*
p.Gln1421Met	0.9897903203964233	0.0	*
p.Gln1421Phe	0.9811897873878479	0.0	*
p.Gln1421Pro	0.9880520701408386	0.0	*
p.Gln1421Ser	0.9988920092582703	0.0	*
p.Gln1421Ter	*	*	*
p.Gln1421Thr	0.9985500574111938	0.0	*
p.Gln1421Trp	0.9593600034713745	0.0	*
p.Gln1421Tyr	0.9700449705123901	0.0	*
p.Gln1421Val	0.983525812625885	0.0	*
p.Gln1427=	*	*	*
p.Gln1427Ala	0.5543427467346191	0.0	*
p.Gln1427Arg	0.340808629989624	0.0	*
p.Gln1427Asn	0.737641453742981	0.0	*
p.Gln1427Asp	0.3892024755477905	0.0	*
p.Gln1427Cys	0.38571685552597046	0.0	*
p.Gln1427Glu	0.4404371380805969	0.0	*
p.Gln1427Gly	0.574874758720398	0.0	*
p.Gln1427His	0.5313443541526794	0.0	*
p.Gln1427Ile	0.25340497493743896	0.0	*
p.Gln1427Leu	0.47290170192718506	0.0	*
p.Gln1427Lys	0.5930290818214417	0.0	*
p.Gln1427Met	0.6468373537063599	0.0	*
p.Gln1427Phe	0.2828860878944397	0.0	*
p.Gln1427Pro	0.17824774980545044	0.0	*
p.Gln1427Ser	0.9044353365898132	0.0	*
p.Gln1427Ter	*	*	*
p.Gln1427Thr	0.6948323249816895	0.0	*
p.Gln1427Trp	0.2390604019165039	0.0	*
p.Gln1427Tyr	0.2698400020599365	0.0	*
p.Gln1427Val	0.4895005226135254	0.0	*
p.Gln1463=	*	*	*
p.Gln1463Ala	0.781723141670227	0.0	*
p.Gln1463Arg	0.7530384659767151	0.0	*
p.Gln1463Asp	0.7074187397956848	0.0	*
p.Gln1463Glu	0.8858506083488464	0.0	*
p.Gln1463Gly	0.7761281728744507	0.0	*
p.Gln1463His	0.7331156730651855	0.0	*
p.Gln1463Leu	0.6497688889503479	0.0	*
p.Gln1463Lys	0.8476760387420654	0.0	*
p.Gln1463Met	0.7651357650756836	0.0	*
p.Gln1463Phe	0.6768331527709961	0.0	*
p.Gln1463Pro	0.5469866991043091	0.0	*
p.Gln1463Ser	0.8175536394119263	0.0	*
p.Gln1463Ter	*	*	*
p.Gln1463Trp	0.43229246139526367	0.0	*
p.Gln1463Tyr	0.6136053800582886	0.0	*
p.Gln1463Val	0.7557504177093506	0.0	*
p.Gln707Ala	0.015078961849212646	0.0	*
p.Gln707Arg	0.004819273948669434	0.0	*
p.Gln707Asp	0.004768073558807373	0.0	*
p.Gln707Cys	0.005208492279052734	0.0	*
p.Gln707Glu	0.0035205483436584473	0.0	*
p.Gln707Gly	0.017808735370635986	0.0	*
p.Gln707His	0.002570211887359619	0.0	*
p.Gln707Ile	0.006544291973114014	0.0	*
p.Gln707Leu	0.008114099502563477	0.0	*
p.Gln707Met	0.01631927490234375	0.0	*
p.Gln707Phe	0.0061345696449279785	0.0	*
p.Gln707Pro	0.002362489700317383	0.0	*
p.Gln707Ser	0.012598812580108643	0.0	*
p.Gln707Ter	*	*	*
p.Gln707Thr	0.040802955627441406	0.0	*
p.Gln707Trp	0.003622114658355713	0.0	*
p.Gln707Tyr	0.007633864879608154	0.0	*
p.Gln707Val	0.031746089458465576	0.0	*
p.Gln717=	*	*	*
p.Gln717Ala	0.06951510906219482	0.0	*
p.Gln717Arg	0.007515013217926025	0.0	*
p.Gln717Asn	0.05012977123260498	0.0	*
p.Gln717Asp	0.010261476039886475	0.0	*
p.Gln717Cys	0.0512048602104187	0.0	*
p.Gln717Glu	0.013828814029693604	0.0	*
p.Gln717Gly	0.1267520785331726	0.0	*
p.Gln717His	0.014948844909667969	0.0	*
p.Gln717Ile	0.022001266479492188	0.0	*
p.Gln717Leu	0.03578430414199829	0.0	*
p.Gln717Lys	0.035163164138793945	0.0	*
p.Gln717Met	0.11314725875854492	0.0	*
p.Gln717Phe	0.02028954029083252	0.0	*
p.Gln717Pro	0.0027344226837158203	0.0	*
p.Gln717Ser	0.11736679077148438	0.0	*
p.Gln717Ter	*	*	*
p.Gln717Thr	0.16938209533691406	0.0	*
p.Gln717Trp	0.015194237232208252	0.0	*
p.Gln717Tyr	0.02146667242050171	0.0	*
p.Gln717Val	0.13243037462234497	0.0	*
p.Gln799=	*	*	*
p.Gln799Ala	0.07427078485488892	0.0	*
p.Gln799Arg	0.019597768783569336	0.0	*
p.Gln799Asn	0.10698914527893066	0.0	*
p.Gln799Asp	0.02000594139099121	0.0	*
p.Gln799Cys	0.03973942995071411	0.0	*
p.Gln799Glu	0.015340328216552734	0.0	*
p.Gln799Gly	0.13029193878173828	0.0	*
p.Gln799His	0.024360239505767822	0.0	*
p.Gln799Ile	0.02571767568588257	0.0	*
p.Gln799Leu	0.056205809116363525	0.0	*
p.Gln799Lys	0.04067808389663696	0.0	*
p.Gln799Met	0.12798911333084106	0.0	*
p.Gln799Phe	0.0194699764251709	0.0	*
p.Gln799Pro	0.0033377408981323242	0.0	*
p.Gln799Ser	0.11074143648147583	0.0	*
p.Gln799Ter	*	*	*
p.Gln799Thr	0.12345147132873535	0.0	*
p.Gln799Trp	0.018931329250335693	0.0	*
p.Gln799Tyr	0.01925480365753174	0.0	*
p.Gln799Val	0.09031742811203003	0.0	*
p.Gln819=	*	*	*
p.Gln819Ala	0.7521665692329407	0.0	*
p.Gln819Arg	0.660175085067749	0.0	*
p.Gln819Asn	0.8915122747421265	0.0	*
p.Gln819Asp	0.5760684013366699	0.0	*
p.Gln819Cys	0.6310707330703735	0.0	*
p.Gln819Glu	0.586416482925415	0.0	*
p.Gln819Gly	0.8261598944664001	0.0	*
p.Gln819His	0.6229583024978638	0.0	*
p.Gln819Ile	0.15018808841705322	0.0	*
p.Gln819Leu	0.3596530556678772	0.0	*
p.Gln819Lys	0.7721322774887085	0.0	*
p.Gln819Met	0.690692126750946	0.0	*
p.Gln819Phe	0.36091166734695435	0.0	*
p.Gln819Pro	0.1816050410270691	0.0	*
p.Gln819Ser	0.8150072693824768	0.0	*
p.Gln819Ter	*	*	*
p.Gln819Thr	0.8252862691879272	0.0	*
p.Gln819Trp	0.1752294898033142	0.0	*
p.Gln819Tyr	0.3291751742362976	0.0	*
p.Gln819Val	0.37262600660324097	0.0	*
p.Gln826=	*	*	*
p.Gln826Ala	0.10629969835281372	0.0	*
p.Gln826Arg	0.008755683898925781	0.0	*
p.Gln826Asn	0.025763392448425293	0.0	*
p.Gln826Asp	0.007938385009765625	0.0	*
p.Gln826Cys	0.061875998973846436	0.0	*
p.Gln826Glu	0.012560009956359863	0.0	*
p.Gln826Gly	0.1471327543258667	0.0	*
p.Gln826His	0.021447479724884033	0.0	*
p.Gln826Ile	0.020043253898620605	0.0	*
p.Gln826Leu	0.02727186679840088	0.0	*
p.Gln826Lys	0.05176138877868652	0.0	*
p.Gln826Met	0.05441486835479736	0.0	*
p.Gln826Phe	0.02368783950805664	0.0	*
p.Gln826Pro	0.003249645233154297	0.0	*
p.Gln826Ser	0.22461897134780884	0.0	*
p.Gln826Ter	*	*	*
p.Gln826Thr	0.16838061809539795	0.0	*
p.Gln826Trp	0.02374964952468872	0.0	*
p.Gln826Tyr	0.01838374137878418	0.0	*
p.Gln826Val	0.13680440187454224	0.0	*
p.Gln898=	*	*	*
p.Gln898Ala	0.041204750537872314	0.0	*
p.Gln898Arg	0.008402109146118164	0.0	*
p.Gln898Asn	0.04859447479248047	0.0	*
p.Gln898Asp	0.004184544086456299	0.0	*
p.Gln898Cys	0.004807472229003906	0.0	*
p.Gln898Glu	0.01358652114868164	0.0	*
p.Gln898Gly	0.06157594919204712	0.0	*
p.Gln898His	0.02316880226135254	0.0	*
p.Gln898Ile	0.012164652347564697	0.0	*
p.Gln898Leu	0.03213590383529663	0.0	*
p.Gln898Lys	0.030845701694488525	0.0	*
p.Gln898Met	0.05418044328689575	0.0	*
p.Gln898Phe	0.018876731395721436	0.0	*
p.Gln898Pro	0.001994192600250244	0.0	*
p.Gln898Ser	0.04418838024139404	0.0	*
p.Gln898Ter	*	*	*
p.Gln898Thr	0.10715198516845703	0.0	*
p.Gln898Trp	0.007930636405944824	0.0	*
p.Gln898Tyr	0.017869770526885986	0.0	*
p.Gln898Val	0.13970082998275757	0.0	*
p.Gln907=	*	*	*
p.Gln907Ala	0.013997912406921387	0.0	*
p.Gln907Arg	0.01382589340209961	0.0	*
p.Gln907Asn	0.022972464561462402	0.0	*
p.Gln907Asp	0.003770172595977783	0.0	*
p.Gln907Cys	0.005810976028442383	0.0	*
p.Gln907Glu	0.004422903060913086	0.0	*
p.Gln907Gly	0.013245046138763428	0.0	*
p.Gln907His	0.004902541637420654	0.0	*
p.Gln907Ile	0.0061261653900146484	0.0	*
p.Gln907Leu	0.00591808557510376	0.0	*
p.Gln907Lys	0.012596368789672852	0.0	*
p.Gln907Met	0.013231158256530762	0.0	*
p.Gln907Phe	0.005134165287017822	0.0	*
p.Gln907Pro	0.000990152359008789	0.0	*
p.Gln907Ser	0.04515200853347778	0.0	*
p.Gln907Ter	*	*	*
p.Gln907Thr	0.029927492141723633	0.0	*
p.Gln907Trp	0.004225552082061768	0.0	*
p.Gln907Tyr	0.006999015808105469	0.0	*
p.Gln907Val	0.018520772457122803	0.0	*
p.Gln914=	*	*	*
p.Gln914Ala	0.0074797868728637695	0.0	*
p.Gln914Arg	0.00214993953704834	0.0	*
p.Gln914Asn	0.004494667053222656	0.0	*
p.Gln914Asp	0.0020467042922973633	0.0	*
p.Gln914Cys	0.004328012466430664	0.0	*
p.Gln914Glu	0.0025867819786071777	0.0	*
p.Gln914Gly	0.01134335994720459	0.0	*
p.Gln914His	0.001677095890045166	0.0	*
p.Gln914Ile	0.0016524791717529297	0.0	*
p.Gln914Leu	0.0032156705856323242	0.0	*
p.Gln914Lys	0.006338834762573242	0.0	*
p.Gln914Met	0.005356788635253906	0.0	*
p.Gln914Phe	0.0024340152740478516	0.0	*
p.Gln914Pro	0.0007932782173156738	0.0	*
p.Gln914Ser	0.018279552459716797	0.0	*
p.Gln914Ter	*	*	*
p.Gln914Thr	0.013097405433654785	0.0	*
p.Gln914Trp	0.001979351043701172	0.0	*
p.Gln914Tyr	0.002184748649597168	0.0	*
p.Gln914Val	0.008783936500549316	0.0	*
p.Gln915=	*	*	*
p.Gln915Ala	0.007109999656677246	0.0	*
p.Gln915Arg	0.002507925033569336	0.0	*
p.Gln915Asn	0.008878350257873535	0.0	*
p.Gln915Asp	0.002685725688934326	0.0	*
p.Gln915Cys	0.006967425346374512	0.0	*
p.Gln915Glu	0.0030480623245239258	0.0	*
p.Gln915Gly	0.01168668270111084	0.0	*
p.Gln915His	0.00232619047164917	0.0	*
p.Gln915Ile	0.0028820037841796875	0.0	*
p.Gln915Leu	0.0031723380088806152	0.0	*
p.Gln915Lys	0.008603870868682861	0.0	*
p.Gln915Met	0.006708264350891113	0.0	*
p.Gln915Phe	0.0026848912239074707	0.0	*
p.Gln915Pro	0.0008981227874755859	0.0	*
p.Gln915Ser	0.016120493412017822	0.0	*
p.Gln915Ter	*	*	*
p.Gln915Thr	0.013803720474243164	0.0	*
p.Gln915Trp	0.0018284320831298828	0.0	*
p.Gln915Tyr	0.0017794966697692871	0.0	*
p.Gln915Val	0.00854635238647461	0.0	*
p.Gln951=	*	*	*
p.Gln951Ala	0.9630128741264343	0.0	*
p.Gln951Arg	0.9391853213310242	0.0	*
p.Gln951Asn	0.9887533187866211	0.0	*
p.Gln951Asp	0.872144341468811	0.0	*
p.Gln951Cys	0.9280203580856323	0.0	*
p.Gln951Glu	0.9166632294654846	0.0	*
p.Gln951Gly	0.985310971736908	0.0	*
p.Gln951His	0.9229376316070557	0.0	*
p.Gln951Ile	0.8600040078163147	0.0	*
p.Gln951Leu	0.9235760569572449	0.0	*
p.Gln951Lys	0.978090226650238	0.0	*
p.Gln951Met	0.9861062169075012	0.0	*
p.Gln951Phe	0.8929051756858826	0.0	*
p.Gln951Pro	0.6533088088035583	0.0	*
p.Gln951Ser	0.9800212979316711	0.0	*
p.Gln951Ter	*	*	*
p.Gln951Thr	0.9899946451187134	0.0	*
p.Gln951Trp	0.7936784029006958	0.0	*
p.Gln951Tyr	0.8449906706809998	0.0	*
p.Gln951Val	0.9426289200782776	0.0	*
p.Gln963=	*	*	*
p.Gln963Ala	0.86385178565979	0.0	*
p.Gln963Arg	0.557747483253479	0.0	*
p.Gln963Asn	0.8503229022026062	0.0	*
p.Gln963Asp	0.6476951837539673	0.0	*
p.Gln963Cys	0.8233585357666016	0.0	*
p.Gln963Glu	0.6644480228424072	0.0	*
p.Gln963Gly	0.9212527871131897	0.0	*
p.Gln963His	0.7560962438583374	0.0	*
p.Gln963Ile	0.4338861107826233	0.0	*
p.Gln963Leu	0.49927693605422974	0.0	*
p.Gln963Lys	0.8551805019378662	0.0	*
p.Gln963Met	0.7926998734474182	0.0	*
p.Gln963Phe	0.5459510087966919	0.0	*
p.Gln963Pro	0.3139756917953491	0.0	*
p.Gln963Ser	0.910232424736023	0.0	*
p.Gln963Ter	*	*	*
p.Gln963Thr	0.8921431303024292	0.0	*
p.Gln963Trp	0.36300504207611084	0.0	*
p.Gln963Tyr	0.4196122884750366	0.0	*
p.Gln963Val	0.592032790184021	0.0	*
p.Gln973=	*	*	*
p.Gln973Ala	0.11483192443847656	0.0	*
p.Gln973Arg	0.02159780263900757	0.0	*
p.Gln973Asn	0.12226206064224243	0.0	*
p.Gln973Asp	0.0160067081451416	0.0	*
p.Gln973Cys	0.04724884033203125	0.0	*
p.Gln973Glu	0.013082325458526611	0.0	*
p.Gln973Gly	0.16883587837219238	0.0	*
p.Gln973His	0.01614433526992798	0.0	*
p.Gln973Ile	0.01923072338104248	0.0	*
p.Gln973Leu	0.040245771408081055	0.0	*
p.Gln973Lys	0.042757272720336914	0.0	*
p.Gln973Met	0.09858310222625732	0.0	*
p.Gln973Phe	0.023449242115020752	0.0	*
p.Gln973Pro	0.0037626028060913086	0.0	*
p.Gln973Ser	0.13033640384674072	0.0	*
p.Gln973Ter	*	*	*
p.Gln973Thr	0.11478185653686523	0.0	*
p.Gln973Trp	0.02134305238723755	0.0	*
p.Gln973Tyr	0.025405466556549072	0.0	*
p.Gln973Val	0.07281839847564697	0.0	*
p.Glu1016=	*	*	*
p.Glu1016Ala	0.014042198657989502	0.0	*
p.Glu1016Arg	0.001192331314086914	0.0	*
p.Glu1016Asn	0.005179405212402344	0.0	*
p.Glu1016Asp	0.0010410547256469727	0.0	*
p.Glu1016Cys	0.008658349514007568	0.0	*
p.Glu1016Gln	0.0051226019859313965	0.0	*
p.Glu1016Gly	0.009161293506622314	0.0	*
p.Glu1016His	0.0022742152214050293	0.0	*
p.Glu1016Ile	0.024332821369171143	0.0	*
p.Glu1016Leu	0.016365408897399902	0.0	*
p.Glu1016Lys	0.004014432430267334	0.0	*
p.Glu1016Met	0.013478338718414307	0.0	*
p.Glu1016Phe	0.003117203712463379	0.0	*
p.Glu1016Pro	0.0009876489639282227	0.0	*
p.Glu1016Ser	0.009187757968902588	0.0	*
p.Glu1016Ter	*	*	*
p.Glu1016Thr	0.0043277740478515625	0.0	*
p.Glu1016Trp	0.0055487751960754395	0.0	*
p.Glu1016Tyr	0.0028437376022338867	0.0	*
p.Glu1016Val	0.006485462188720703	0.0	*
p.Glu1064=	*	*	*
p.Glu1064Ala	0.00026339292526245117	0.0	*
p.Glu1064Arg	0.00010085105895996094	0.0	*
p.Glu1064Asp	5.459785461425781e-05	0.0	*
p.Glu1064Cys	0.0001157522201538086	0.0	*
p.Glu1064Gln	0.00022071599960327148	0.0	*
p.Glu1064Gly	0.00010991096496582031	0.0	*
p.Glu1064His	9.28640365600586e-05	0.0	*
p.Glu1064Ile	0.0007877349853515625	0.0	*
p.Glu1064Leu	0.0001868605613708496	0.0	*
p.Glu1064Lys	0.0002022385597229004	0.0	*
p.Glu1064Met	0.00027698278427124023	0.0	*
p.Glu1064Phe	0.0001316070556640625	0.0	*
p.Glu1064Pro	3.981590270996094e-05	0.0	*
p.Glu1064Ser	0.0005930662155151367	0.0	*
p.Glu1064Ter	*	*	*
p.Glu1064Thr	0.00033843517303466797	0.0	*
p.Glu1064Trp	0.00019150972366333008	0.0	*
p.Glu1064Tyr	0.00014960765838623047	0.0	*
p.Glu1064Val	0.00026720762252807617	0.0	*
p.Glu1068=	*	*	*
p.Glu1068Ala	0.006828427314758301	0.0	*
p.Glu1068Arg	0.004042446613311768	0.0	*
p.Glu1068Asn	0.007910966873168945	0.0	*
p.Glu1068Asp	0.002891719341278076	0.0	*
p.Glu1068Cys	0.002502739429473877	0.0	*
p.Glu1068Gln	0.005274951457977295	0.0	*
p.Glu1068Gly	0.0036205649375915527	0.0	*
p.Glu1068His	0.0025928616523742676	0.0	*
p.Glu1068Ile	0.00829249620437622	0.0	*
p.Glu1068Leu	0.0038219690322875977	0.0	*
p.Glu1068Lys	0.005048990249633789	0.0	*
p.Glu1068Met	0.005732297897338867	0.0	*
p.Glu1068Phe	0.002406895160675049	0.0	*
p.Glu1068Pro	0.0011238455772399902	0.0	*
p.Glu1068Ser	0.013525426387786865	0.0	*
p.Glu1068Ter	*	*	*
p.Glu1068Thr	0.005884766578674316	0.0	*
p.Glu1068Trp	0.0026565194129943848	0.0	*
p.Glu1068Tyr	0.001752614974975586	0.0	*
p.Glu1068Val	0.0029127001762390137	0.0	*
p.Glu1081=	*	*	*
p.Glu1081Ala	0.0057489871978759766	0.0	*
p.Glu1081Arg	0.000420987606048584	0.0	*
p.Glu1081Asn	0.0016106367111206055	0.0	*
p.Glu1081Asp	0.00042742490768432617	0.0	*
p.Glu1081Cys	0.0005151033401489258	0.0	*
p.Glu1081Gln	0.006437063217163086	0.0	*
p.Glu1081Gly	0.0012741684913635254	0.0	*
p.Glu1081His	0.000982522964477539	0.0	*
p.Glu1081Ile	0.0018365979194641113	0.0	*
p.Glu1081Leu	0.0028963685035705566	0.0	*
p.Glu1081Met	0.002579808235168457	0.0	*
p.Glu1081Phe	0.0010329484939575195	0.0	*
p.Glu1081Pro	0.00023287534713745117	0.0	*
p.Glu1081Ser	0.008880198001861572	0.0	*
p.Glu1081Ter	*	*	*
p.Glu1081Thr	0.0012415647506713867	0.0	*
p.Glu1081Trp	0.0007690191268920898	0.0	*
p.Glu1081Tyr	0.0006224513053894043	0.0	*
p.Glu1081Val	0.0008996725082397461	0.0	*
p.Glu1082=	*	*	*
p.Glu1082Ala	0.0007357001304626465	0.0	*
p.Glu1082Arg	0.00028127431869506836	0.0	*
p.Glu1082Asn	0.0008243918418884277	0.0	*
p.Glu1082Asp	0.0003229379653930664	0.0	*
p.Glu1082Cys	0.0003312826156616211	0.0	*
p.Glu1082Gln	0.0009328722953796387	0.0	*
p.Glu1082Gly	0.0003408193588256836	0.0	*
p.Glu1082His	0.0003860592842102051	0.0	*
p.Glu1082Ile	0.0011571645736694336	0.0	*
p.Glu1082Leu	0.0007155537605285645	0.0	*
p.Glu1082Lys	0.0005123615264892578	0.0	*
p.Glu1082Met	0.0006967782974243164	0.0	*
p.Glu1082Phe	0.000260770320892334	0.0	*
p.Glu1082Pro	0.0001628398895263672	0.0	*
p.Glu1082Ser	0.0008298158645629883	0.0	*
p.Glu1082Ter	*	*	*
p.Glu1082Thr	0.00043445825576782227	0.0	*
p.Glu1082Trp	0.0002792477607727051	0.0	*
p.Glu1082Tyr	0.0003979802131652832	0.0	*
p.Glu1082Val	0.00037872791290283203	0.0	*
p.Glu1086=	*	*	*
p.Glu1086Ala	0.0018322467803955078	0.0	*
p.Glu1086Arg	0.0005684494972229004	0.0	*
p.Glu1086Asn	0.0012568831443786621	0.0	*
p.Glu1086Asp	0.0003662109375	0.0	*
p.Glu1086Cys	0.00043338537216186523	0.0	*
p.Glu1086Gln	0.0027094483375549316	0.0	*
p.Glu1086Gly	0.0009396672248840332	0.0	*
p.Glu1086His	0.0007688999176025391	0.0	*
p.Glu1086Ile	0.0020033717155456543	0.0	*
p.Glu1086Leu	0.0013409852981567383	0.0	*
p.Glu1086Met	0.0016499757766723633	0.0	*
p.Glu1086Phe	0.0006301999092102051	0.0	*
p.Glu1086Pro	0.00022083520889282227	0.0	*
p.Glu1086Ser	0.003397703170776367	0.0	*
p.Glu1086Ter	*	*	*
p.Glu1086Thr	0.001143336296081543	0.0	*
p.Glu1086Trp	0.0005363821983337402	0.0	*
p.Glu1086Tyr	0.00033593177795410156	0.0	*
p.Glu1086Val	0.0008469820022583008	0.0	*
p.Glu1110=	*	*	*
p.Glu1110Ala	0.00027304887771606445	0.0	*
p.Glu1110Arg	0.00024181604385375977	0.0	*
p.Glu1110Asn	0.0002886652946472168	0.0	*
p.Glu1110Asp	0.0006589293479919434	0.0	*
p.Glu1110Cys	0.00033867359161376953	0.0	*
p.Glu1110Gln	0.0004462599754333496	0.0	*
p.Glu1110Gly	0.00047969818115234375	0.0	*
p.Glu1110His	0.0002574324607849121	0.0	*
p.Glu1110Ile	0.000619053840637207	0.0	*
p.Glu1110Leu	0.0003712177276611328	0.0	*
p.Glu1110Lys	0.0005498528480529785	0.0	*
p.Glu1110Met	0.00039499998092651367	0.0	*
p.Glu1110Phe	0.0002861618995666504	0.0	*
p.Glu1110Pro	0.00014591217041015625	0.0	*
p.Glu1110Ser	0.0011504888534545898	0.0	*
p.Glu1110Ter	*	*	*
p.Glu1110Thr	0.001005709171295166	0.0	*
p.Glu1110Trp	0.00034046173095703125	0.0	*
p.Glu1110Tyr	0.00036585330963134766	0.0	*
p.Glu1110Val	0.0007059574127197266	0.0	*
p.Glu1117=	*	*	*
p.Glu1117Ala	0.020334064960479736	0.0	*
p.Glu1117Arg	0.014011800289154053	0.0	*
p.Glu1117Asn	0.04145389795303345	0.0	*
p.Glu1117Asp	0.02222597599029541	0.0	*
p.Glu1117Cys	0.017361164093017578	0.0	*
p.Glu1117Gln	0.021667182445526123	0.0	*
p.Glu1117Gly	0.021979868412017822	0.0	*
p.Glu1117His	0.0139579176902771	0.0	*
p.Glu1117Ile	0.03402990102767944	0.0	*
p.Glu1117Leu	0.016352355480194092	0.0	*
p.Glu1117Lys	0.01841026544570923	0.0	*
p.Glu1117Met	0.02200561761856079	0.0	*
p.Glu1117Phe	0.010173916816711426	0.0	*
p.Glu1117Pro	0.006328225135803223	0.0	*
p.Glu1117Ser	0.056410253047943115	0.0	*
p.Glu1117Ter	*	*	*
p.Glu1117Thr	0.027644872665405273	0.0	*
p.Glu1117Trp	0.01049274206161499	0.0	*
p.Glu1117Tyr	0.010527551174163818	0.0	*
p.Glu1117Val	0.013093650341033936	0.0	*
p.Glu1129=	*	*	*
p.Glu1129Ala	0.38337093591690063	0.0	*
p.Glu1129Arg	0.2032933235168457	0.0	*
p.Glu1129Asn	0.5815472602844238	0.0	*
p.Glu1129Asp	0.5230787396430969	0.0	*
p.Glu1129Cys	0.38470375537872314	0.0	*
p.Glu1129Gln	0.3205174207687378	0.0	*
p.Glu1129Gly	0.5660414695739746	0.0	*
p.Glu1129His	0.32693517208099365	0.0	*
p.Glu1129Ile	0.30156856775283813	0.0	*
p.Glu1129Leu	0.23306548595428467	0.0	*
p.Glu1129Lys	0.5055949687957764	0.0	*
p.Glu1129Met	0.3618566393852234	0.0	*
p.Glu1129Phe	0.40085095167160034	0.0	*
p.Glu1129Pro	0.3201425075531006	0.0	*
p.Glu1129Ser	0.6493975520133972	0.0	*
p.Glu1129Ter	*	*	*
p.Glu1129Thr	0.6000844836235046	0.0	*
p.Glu1129Trp	0.2884399890899658	0.0	*
p.Glu1129Tyr	0.20783460140228271	0.0	*
p.Glu1129Val	0.2407517433166504	0.0	*
p.Glu1136=	*	*	*
p.Glu1136Ala	0.6290067434310913	0.0	*
p.Glu1136Arg	0.5485000610351562	0.0	*
p.Glu1136Asp	0.5630651116371155	0.0	*
p.Glu1136Cys	0.5810052156448364	0.0	*
p.Glu1136Gln	0.6166754961013794	0.0	*
p.Glu1136Gly	0.5916242599487305	0.0	*
p.Glu1136His	0.5540252923965454	0.0	*
p.Glu1136Ile	0.687960147857666	0.0	*
p.Glu1136Leu	0.7575805187225342	0.0	*
p.Glu1136Lys	0.6197513937950134	0.0	*
p.Glu1136Met	0.7135894298553467	0.0	*
p.Glu1136Phe	0.5491859912872314	0.0	*
p.Glu1136Pro	0.6831420660018921	0.0	*
p.Glu1136Ser	0.7752382755279541	0.0	*
p.Glu1136Ter	*	*	*
p.Glu1136Thr	0.8267127275466919	0.0	*
p.Glu1136Trp	0.529771089553833	0.0	*
p.Glu1136Tyr	0.5678524971008301	0.0	*
p.Glu1136Val	0.7155925035476685	0.0	*
p.Glu1152=	*	*	*
p.Glu1152Ala	0.6586121320724487	0.0	*
p.Glu1152Arg	0.28689324855804443	0.0	*
p.Glu1152Asn	0.805061936378479	0.0	*
p.Glu1152Asp	0.3429563045501709	0.0	*
p.Glu1152Cys	0.5091129541397095	0.0	*
p.Glu1152Gln	0.632716715335846	0.0	*
p.Glu1152Gly	0.6489570140838623	0.0	*
p.Glu1152His	0.5011389255523682	0.0	*
p.Glu1152Ile	0.5899440050125122	0.0	*
p.Glu1152Leu	0.5245839357376099	0.0	*
p.Glu1152Lys	0.6334642171859741	0.0	*
p.Glu1152Met	0.707495927810669	0.0	*
p.Glu1152Phe	0.3861079216003418	0.0	*
p.Glu1152Pro	0.19689512252807617	0.0	*
p.Glu1152Ser	0.7619823813438416	0.0	*
p.Glu1152Ter	*	*	*
p.Glu1152Thr	0.6679068803787231	0.0	*
p.Glu1152Trp	0.2578786611557007	0.0	*
p.Glu1152Tyr	0.2453792691230774	0.0	*
p.Glu1152Val	0.39743804931640625	0.0	*
p.Glu1173=	*	*	*
p.Glu1173Ala	0.00327301025390625	0.0	*
p.Glu1173Arg	0.001251220703125	0.0	*
p.Glu1173Asn	0.0031557083129882812	0.0	*
p.Glu1173Asp	0.0014826655387878418	0.0	*
p.Glu1173Cys	0.003711223602294922	0.0	*
p.Glu1173Gln	0.0019695162773132324	0.0	*
p.Glu1173Gly	0.0027135610580444336	0.0	*
p.Glu1173His	0.0008028149604797363	0.0	*
p.Glu1173Ile	0.006531119346618652	0.0	*
p.Glu1173Leu	0.00332033634185791	0.0	*
p.Glu1173Lys	0.0023232102394104004	0.0	*
p.Glu1173Met	0.003084897994995117	0.0	*
p.Glu1173Phe	0.0018908977508544922	0.0	*
p.Glu1173Pro	0.0007928013801574707	0.0	*
p.Glu1173Ser	0.005881190299987793	0.0	*
p.Glu1173Ter	*	*	*
p.Glu1173Thr	0.0032542943954467773	0.0	*
p.Glu1173Trp	0.0017898082733154297	0.0	*
p.Glu1173Tyr	0.0023543238639831543	0.0	*
p.Glu1173Val	0.0032587647438049316	0.0	*
p.Glu1201=	*	*	*
p.Glu1201Ala	0.0036559700965881348	0.0	*
p.Glu1201Arg	0.0026924610137939453	0.0	*
p.Glu1201Asn	0.007709085941314697	0.0	*
p.Glu1201Asp	0.001863241195678711	0.0	*
p.Glu1201Cys	0.0033060312271118164	0.0	*
p.Glu1201Gln	0.004387378692626953	0.0	*
p.Glu1201Gly	0.0022830963134765625	0.0	*
p.Glu1201His	0.0016719698905944824	0.0	*
p.Glu1201Ile	0.005970120429992676	0.0	*
p.Glu1201Leu	0.0027639269828796387	0.0	*
p.Glu1201Lys	0.002435445785522461	0.0	*
p.Glu1201Met	0.004537761211395264	0.0	*
p.Glu1201Phe	0.001291036605834961	0.0	*
p.Glu1201Pro	0.0006490349769592285	0.0	*
p.Glu1201Ser	0.007431209087371826	0.0	*
p.Glu1201Ter	*	*	*
p.Glu1201Thr	0.0028634071350097656	0.0	*
p.Glu1201Trp	0.0019373297691345215	0.0	*
p.Glu1201Tyr	0.0023987889289855957	0.0	*
p.Glu1201Val	0.0021752119064331055	0.0	*
p.Glu1242=	*	*	*
p.Glu1242Ala	0.13669896125793457	0.0	*
p.Glu1242Arg	0.033325254917144775	0.0	*
p.Glu1242Asn	0.18593984842300415	0.0	*
p.Glu1242Asp	0.06498819589614868	0.0	*
p.Glu1242Cys	0.09891802072525024	0.0	*
p.Glu1242Gln	0.10318994522094727	0.0	*
p.Glu1242Gly	0.16287487745285034	0.0	*
p.Glu1242His	0.08950567245483398	0.0	*
p.Glu1242Ile	0.10594600439071655	0.0	*
p.Glu1242Leu	0.0611574649810791	0.0	*
p.Glu1242Lys	0.07457727193832397	0.0	*
p.Glu1242Met	0.1356874704360962	0.0	*
p.Glu1242Phe	0.05731755495071411	0.0	*
p.Glu1242Pro	0.01717245578765869	0.0	*
p.Glu1242Ser	0.12816554307937622	0.0	*
p.Glu1242Ter	*	*	*
p.Glu1242Thr	0.1334485411643982	0.0	*
p.Glu1242Trp	0.04722875356674194	0.0	*
p.Glu1242Tyr	0.0447811484336853	0.0	*
p.Glu1242Val	0.06797468662261963	0.0	*
p.Glu1254=	*	*	*
p.Glu1254Ala	0.031902194023132324	0.0	*
p.Glu1254Arg	0.009056150913238525	0.0	*
p.Glu1254Asp	0.016762137413024902	0.0	*
p.Glu1254Cys	0.013108432292938232	0.0	*
p.Glu1254Gln	0.04680347442626953	0.0	*
p.Glu1254Gly	0.02435469627380371	0.0	*
p.Glu1254His	0.01685994863510132	0.0	*
p.Glu1254Ile	0.025164484977722168	0.0	*
p.Glu1254Leu	0.014670252799987793	0.0	*
p.Glu1254Lys	0.024052798748016357	0.0	*
p.Glu1254Met	0.018017947673797607	0.0	*
p.Glu1254Phe	0.01029735803604126	0.0	*
p.Glu1254Pro	0.003886699676513672	0.0	*
p.Glu1254Ser	0.07855832576751709	0.0	*
p.Glu1254Ter	*	*	*
p.Glu1254Thr	0.03479325771331787	0.0	*
p.Glu1254Trp	0.012826323509216309	0.0	*
p.Glu1254Tyr	0.008711695671081543	0.0	*
p.Glu1254Val	0.014462769031524658	0.0	*
p.Glu1293=	*	*	*
p.Glu1293Ala	0.005823493003845215	0.0	*
p.Glu1293Arg	0.003320932388305664	0.0	*
p.Glu1293Asn	0.012410938739776611	0.0	*
p.Glu1293Asp	0.0043749213218688965	0.0	*
p.Glu1293Cys	0.0029543042182922363	0.0	*
p.Glu1293Gln	0.004128396511077881	0.0	*
p.Glu1293Gly	0.005947530269622803	0.0	*
p.Glu1293His	0.0021566152572631836	0.0	*
p.Glu1293Ile	0.008623003959655762	0.0	*
p.Glu1293Leu	0.005077779293060303	0.0	*
p.Glu1293Lys	0.0031452178955078125	0.0	*
p.Glu1293Met	0.0041847825050354	0.0	*
p.Glu1293Phe	0.0029515624046325684	0.0	*
p.Glu1293Pro	0.0016644597053527832	0.0	*
p.Glu1293Ser	0.010476410388946533	0.0	*
p.Glu1293Ter	*	*	*
p.Glu1293Thr	0.005532979965209961	0.0	*
p.Glu1293Trp	0.0022485852241516113	0.0	*
p.Glu1293Tyr	0.0046305060386657715	0.0	*
p.Glu1293Val	0.005172312259674072	0.0	*
p.Glu1382=	*	*	*
p.Glu1382Ala	0.9960231184959412	0.0	*
p.Glu1382Arg	0.9876388311386108	0.0	*
p.Glu1382Asn	0.9911817312240601	0.0	*
p.Glu1382Asp	0.9902639389038086	0.0	*
p.Glu1382Cys	0.9954056143760681	0.0	*
p.Glu1382Gln	0.9957796931266785	0.0	*
p.Glu1382Gly	0.9969234466552734	0.0	*
p.Glu1382His	0.9971789121627808	0.0	*
p.Glu1382Ile	0.9944295287132263	0.0	*
p.Glu1382Leu	0.9980536699295044	0.0	*
p.Glu1382Lys	0.9965302348136902	0.0	*
p.Glu1382Met	0.9967437982559204	0.0	*
p.Glu1382Phe	0.9934035539627075	0.0	*
p.Glu1382Pro	0.9714121222496033	0.0	*
p.Glu1382Ser	0.9981787204742432	0.0	*
p.Glu1382Ter	*	*	*
p.Glu1382Thr	0.9984444379806519	0.0	*
p.Glu1382Trp	0.9907487630844116	0.0	*
p.Glu1382Tyr	0.9886111617088318	0.0	*
p.Glu1382Val	0.9924653172492981	0.0	*
p.Glu1385=	*	*	*
p.Glu1385Ala	0.9890478253364563	0.0	*
p.Glu1385Arg	0.9581535458564758	0.0	*
p.Glu1385Asn	0.9774535894393921	0.0	*
p.Glu1385Asp	0.9674391150474548	0.0	*
p.Glu1385Cys	0.9738593697547913	0.0	*
p.Glu1385Gln	0.9882521033287048	0.0	*
p.Glu1385Gly	0.9769724607467651	0.0	*
p.Glu1385His	0.9792383313179016	0.0	*
p.Glu1385Ile	0.984518826007843	0.0	*
p.Glu1385Leu	0.986556887626648	0.0	*
p.Glu1385Lys	0.9882718920707703	0.0	*
p.Glu1385Met	0.9833270907402039	0.0	*
p.Glu1385Phe	0.9751311540603638	0.0	*
p.Glu1385Pro	0.8828321695327759	0.0	*
p.Glu1385Ser	0.9948288202285767	0.0	*
p.Glu1385Ter	*	*	*
p.Glu1385Thr	0.9925456047058105	0.0	*
p.Glu1385Trp	0.9599655866622925	0.0	*
p.Glu1385Tyr	0.9485564827919006	0.0	*
p.Glu1385Val	0.9613265991210938	0.0	*
p.Glu1461=	*	*	*
p.Glu1461Ala	0.7256301045417786	0.0	*
p.Glu1461Arg	0.7572017312049866	0.0	*
p.Glu1461Asn	0.8845888376235962	0.0	*
p.Glu1461Asp	0.817276120185852	0.0	*
p.Glu1461Cys	0.6081374883651733	0.0	*
p.Glu1461Gln	0.6962487697601318	0.0	*
p.Glu1461Gly	0.8173279166221619	0.0	*
p.Glu1461His	0.6992769241333008	0.0	*
p.Glu1461Ile	0.6997039318084717	0.0	*
p.Glu1461Leu	0.6105293035507202	0.0	*
p.Glu1461Lys	0.7792708873748779	0.0	*
p.Glu1461Met	0.7269361019134521	0.0	*
p.Glu1461Phe	0.6315023899078369	0.0	*
p.Glu1461Pro	0.7610560655593872	0.0	*
p.Glu1461Ser	0.8727176785469055	0.0	*
p.Glu1461Ter	*	*	*
p.Glu1461Thr	0.8644078969955444	0.0	*
p.Glu1461Trp	0.47276395559310913	0.0	*
p.Glu1461Tyr	0.5504591464996338	0.0	*
p.Glu1461Val	0.4490938186645508	0.0	*
p.Glu1462=	*	*	*
p.Glu1462Ala	0.7941619753837585	0.0	*
p.Glu1462Arg	0.8137520551681519	0.0	*
p.Glu1462Asn	0.8833352327346802	0.0	*
p.Glu1462Asp	0.8635474443435669	0.0	*
p.Glu1462Cys	0.7267284393310547	0.0	*
p.Glu1462Gln	0.8207609057426453	0.0	*
p.Glu1462Gly	0.8390285968780518	0.0	*
p.Glu1462Ile	0.7623248100280762	0.0	*
p.Glu1462Leu	0.7702052593231201	0.0	*
p.Glu1462Lys	0.8020069003105164	0.0	*
p.Glu1462Met	0.7629761099815369	0.0	*
p.Glu1462Phe	0.6971057653427124	0.0	*
p.Glu1462Ser	0.9219629168510437	0.0	*
p.Glu1462Ter	*	*	*
p.Glu1462Thr	0.8924732804298401	0.0	*
p.Glu1462Trp	0.6240144968032837	0.0	*
p.Glu1462Tyr	0.6313334703445435	0.0	*
p.Glu1462Val	0.6128760576248169	0.0	*
p.Glu754=	*	*	*
p.Glu754Ala	0.0970848798751831	0.0	*
p.Glu754Arg	0.06904608011245728	0.0	*
p.Glu754Asp	0.05946248769760132	0.0	*
p.Glu754Cys	0.05860024690628052	0.0	*
p.Glu754Gly	0.14957010746002197	0.0	*
p.Glu754Ile	0.1323276162147522	0.0	*
p.Glu754Leu	0.06207573413848877	0.0	*
p.Glu754Met	0.15475225448608398	0.0	*
p.Glu754Phe	0.09077030420303345	0.0	*
p.Glu754Pro	0.024716317653656006	0.0	*
p.Glu754Ser	0.18040955066680908	0.0	*
p.Glu754Ter	*	*	*
p.Glu754Thr	0.2131708860397339	0.0	*
p.Glu754Val	0.07892942428588867	0.0	*
p.Glu757=	*	*	*
p.Glu757Ala	0.08532297611236572	0.0	*
p.Glu757Arg	0.09834080934524536	0.0	*
p.Glu757Asn	0.2054300308227539	0.0	*
p.Glu757Asp	0.05508953332901001	0.0	*
p.Glu757Cys	0.055246174335479736	0.0	*
p.Glu757Gln	0.12164449691772461	0.0	*
p.Glu757Gly	0.11143499612808228	0.0	*
p.Glu757His	0.052304089069366455	0.0	*
p.Glu757Ile	0.13700813055038452	0.0	*
p.Glu757Leu	0.0826764702796936	0.0	*
p.Glu757Lys	0.17523670196533203	0.0	*
p.Glu757Met	0.13878339529037476	0.0	*
p.Glu757Phe	0.0982547402381897	0.0	*
p.Glu757Pro	0.0283316969871521	0.0	*
p.Glu757Ser	0.31174618005752563	0.0	*
p.Glu757Ter	*	*	*
p.Glu757Thr	0.20827054977416992	0.0	*
p.Glu757Trp	0.07749837636947632	0.0	*
p.Glu757Tyr	0.0738363265991211	0.0	*
p.Glu757Val	0.07586991786956787	0.0	*
p.Glu781=	*	*	*
p.Glu781Ala	0.02314925193786621	0.0	*
p.Glu781Arg	0.004025757312774658	0.0	*
p.Glu781Asn	0.01972055435180664	0.0	*
p.Glu781Asp	0.0068624019622802734	0.0	*
p.Glu781Cys	0.004199683666229248	0.0	*
p.Glu781Gln	0.009746372699737549	0.0	*
p.Glu781Gly	0.0174521803855896	0.0	*
p.Glu781His	0.011178731918334961	0.0	*
p.Glu781Ile	0.040086328983306885	0.0	*
p.Glu781Leu	0.011614680290222168	0.0	*
p.Glu781Lys	0.006594181060791016	0.0	*
p.Glu781Met	0.017854809761047363	0.0	*
p.Glu781Phe	0.006356477737426758	0.0	*
p.Glu781Pro	0.0033013224601745605	0.0	*
p.Glu781Ser	0.022594153881072998	0.0	*
p.Glu781Ter	*	*	*
p.Glu781Thr	0.02366352081298828	0.0	*
p.Glu781Trp	0.004464626312255859	0.0	*
p.Glu781Tyr	0.0058841705322265625	0.0	*
p.Glu781Val	0.009954869747161865	0.0	*
p.Glu790=	*	*	*
p.Glu790Ala	0.16090500354766846	0.0	*
p.Glu790Arg	0.07515382766723633	0.0	*
p.Glu790Asn	0.12613558769226074	0.0	*
p.Glu790Asp	0.15868550539016724	0.0	*
p.Glu790Cys	0.07934659719467163	0.0	*
p.Glu790Gln	0.12910306453704834	0.0	*
p.Glu790Gly	0.17962616682052612	0.0	*
p.Glu790His	0.09923988580703735	0.0	*
p.Glu790Ile	0.20858901739120483	0.0	*
p.Glu790Leu	0.10749417543411255	0.0	*
p.Glu790Lys	0.22743892669677734	0.0	*
p.Glu790Met	0.15173500776290894	0.0	*
p.Glu790Phe	0.09867000579833984	0.0	*
p.Glu790Pro	0.03918582201004028	0.0	*
p.Glu790Ser	0.5221714377403259	0.0	*
p.Glu790Ter	*	*	*
p.Glu790Thr	0.32442212104797363	0.0	*
p.Glu790Trp	0.09607630968093872	0.0	*
p.Glu790Tyr	0.05099630355834961	0.0	*
p.Glu790Val	0.08088958263397217	0.0	*
p.Glu802=	*	*	*
p.Glu802Ala	0.11430084705352783	0.0	*
p.Glu802Arg	0.03911560773849487	0.0	*
p.Glu802Asn	0.11068177223205566	0.0	*
p.Glu802Asp	0.03305262327194214	0.0	*
p.Glu802Cys	0.08667856454849243	0.0	*
p.Glu802Gln	0.0686490535736084	0.0	*
p.Glu802Gly	0.06469482183456421	0.0	*
p.Glu802His	0.040146708488464355	0.0	*
p.Glu802Ile	0.12888550758361816	0.0	*
p.Glu802Leu	0.08110308647155762	0.0	*
p.Glu802Lys	0.06154823303222656	0.0	*
p.Glu802Met	0.1161457896232605	0.0	*
p.Glu802Phe	0.035383403301239014	0.0	*
p.Glu802Pro	0.00806659460067749	0.0	*
p.Glu802Ser	0.11692255735397339	0.0	*
p.Glu802Ter	*	*	*
p.Glu802Thr	0.0943368673324585	0.0	*
p.Glu802Trp	0.04449760913848877	0.0	*
p.Glu802Tyr	0.033491551876068115	0.0	*
p.Glu802Val	0.0559694766998291	0.0	*
p.Glu810=	*	*	*
p.Glu810Ala	0.8616513013839722	0.0	*
p.Glu810Arg	0.591627836227417	0.0	*
p.Glu810Asn	0.9057471752166748	0.0	*
p.Glu810Asp	0.5948525667190552	0.0	*
p.Glu810Cys	0.6158612966537476	0.0	*
p.Glu810Gln	0.7227435111999512	0.0	*
p.Glu810Gly	0.8236483335494995	0.0	*
p.Glu810His	0.7665418386459351	0.0	*
p.Glu810Ile	0.8480589389801025	0.0	*
p.Glu810Leu	0.6914721727371216	0.0	*
p.Glu810Lys	0.7954012155532837	0.0	*
p.Glu810Met	0.8529426455497742	0.0	*
p.Glu810Phe	0.7296743988990784	0.0	*
p.Glu810Pro	0.24212861061096191	0.0	*
p.Glu810Ser	0.8991289138793945	0.0	*
p.Glu810Ter	*	*	*
p.Glu810Thr	0.847108006477356	0.0	*
p.Glu810Trp	0.5576244592666626	0.0	*
p.Glu810Tyr	0.5758792161941528	0.0	*
p.Glu810Val	0.6110235452651978	0.0	*
p.Glu817=	*	*	*
p.Glu817Ala	0.26970309019088745	0.0	*
p.Glu817Arg	0.06765490770339966	0.0	*
p.Glu817Asn	0.30024123191833496	0.0	*
p.Glu817Asp	0.07964146137237549	0.0	*
p.Glu817Cys	0.22651797533035278	0.0	*
p.Glu817Gln	0.13906210660934448	0.0	*
p.Glu817Gly	0.23149311542510986	0.0	*
p.Glu817His	0.13170766830444336	0.0	*
p.Glu817Ile	0.2612953782081604	0.0	*
p.Glu817Leu	0.13084769248962402	0.0	*
p.Glu817Lys	0.18026411533355713	0.0	*
p.Glu817Met	0.2513795495033264	0.0	*
p.Glu817Phe	0.13587158918380737	0.0	*
p.Glu817Pro	0.05105549097061157	0.0	*
p.Glu817Ser	0.22868460416793823	0.0	*
p.Glu817Ter	*	*	*
p.Glu817Thr	0.22786450386047363	0.0	*
p.Glu817Trp	0.09199416637420654	0.0	*
p.Glu817Tyr	0.10251331329345703	0.0	*
p.Glu817Val	0.12526607513427734	0.0	*
p.Glu818Ala	0.18938207626342773	0.0	*
p.Glu818Arg	0.09017878770828247	0.0	*
p.Glu818Asn	0.3498777747154236	0.0	*
p.Glu818Asp	0.06582701206207275	0.0	*
p.Glu818Cys	0.11123794317245483	0.0	*
p.Glu818Gln	0.10451138019561768	0.0	*
p.Glu818Gly	0.14124685525894165	0.0	*
p.Glu818His	0.07323169708251953	0.0	*
p.Glu818Ile	0.17034703493118286	0.0	*
p.Glu818Leu	0.094482421875	0.0	*
p.Glu818Lys	0.13290691375732422	0.0	*
p.Glu818Met	0.1605621576309204	0.0	*
p.Glu818Phe	0.08527952432632446	0.0	*
p.Glu818Pro	0.04323625564575195	0.0	*
p.Glu818Ser	0.16899973154067993	0.0	*
p.Glu818Ter	*	*	*
p.Glu818Thr	0.1094738245010376	0.0	*
p.Glu818Trp	0.055703699588775635	0.0	*
p.Glu818Tyr	0.09282892942428589	0.0	*
p.Glu818Val	0.04805237054824829	0.0	*
p.Glu823=	*	*	*
p.Glu823Ala	0.6663853526115417	0.0	*
p.Glu823Arg	0.30087482929229736	0.0	*
p.Glu823Asn	0.743924617767334	0.0	*
p.Glu823Asp	0.1834614872932434	0.0	*
p.Glu823Cys	0.44178307056427	0.0	*
p.Glu823Gln	0.4781454801559448	0.0	*
p.Glu823Gly	0.566106915473938	0.0	*
p.Glu823His	0.4452349543571472	0.0	*
p.Glu823Ile	0.5493090152740479	0.0	*
p.Glu823Leu	0.6071163415908813	0.0	*
p.Glu823Lys	0.4057069420814514	0.0	*
p.Glu823Met	0.6877057552337646	0.0	*
p.Glu823Phe	0.3005828261375427	0.0	*
p.Glu823Pro	0.15227776765823364	0.0	*
p.Glu823Ser	0.5457078218460083	0.0	*
p.Glu823Ter	*	*	*
p.Glu823Thr	0.5726122260093689	0.0	*
p.Glu823Trp	0.3435264825820923	0.0	*
p.Glu823Tyr	0.25858449935913086	0.0	*
p.Glu823Val	0.36999058723449707	0.0	*
p.Glu847=	*	*	*
p.Glu847Ala	0.04501253366470337	0.0	*
p.Glu847Arg	0.037303626537323	0.0	*
p.Glu847Asn	0.13266593217849731	0.0	*
p.Glu847Asp	0.014097452163696289	0.0	*
p.Glu847Cys	0.01876002550125122	0.0	*
p.Glu847Gln	0.022897779941558838	0.0	*
p.Glu847Gly	0.04718881845474243	0.0	*
p.Glu847His	0.010284602642059326	0.0	*
p.Glu847Ile	0.036377906799316406	0.0	*
p.Glu847Leu	0.01725029945373535	0.0	*
p.Glu847Lys	0.029017090797424316	0.0	*
p.Glu847Met	0.03253382444381714	0.0	*
p.Glu847Phe	0.01647782325744629	0.0	*
p.Glu847Pro	0.008713066577911377	0.0	*
p.Glu847Ser	0.08293932676315308	0.0	*
p.Glu847Ter	*	*	*
p.Glu847Thr	0.02899986505508423	0.0	*
p.Glu847Trp	0.01334834098815918	0.0	*
p.Glu847Tyr	0.014625072479248047	0.0	*
p.Glu847Val	0.012073993682861328	0.0	*
p.Glu854=	*	*	*
p.Glu854Ala	0.013809680938720703	0.0	*
p.Glu854Arg	0.007244288921356201	0.0	*
p.Glu854Asn	0.020876646041870117	0.0	*
p.Glu854Asp	0.00616765022277832	0.0	*
p.Glu854Cys	0.007324635982513428	0.0	*
p.Glu854Gln	0.007916808128356934	0.0	*
p.Glu854Gly	0.011115193367004395	0.0	*
p.Glu854His	0.00486522912979126	0.0	*
p.Glu854Ile	0.02519822120666504	0.0	*
p.Glu854Leu	0.010998010635375977	0.0	*
p.Glu854Lys	0.006380140781402588	0.0	*
p.Glu854Met	0.012716174125671387	0.0	*
p.Glu854Phe	0.005454659461975098	0.0	*
p.Glu854Pro	0.001702725887298584	0.0	*
p.Glu854Ser	0.02407604455947876	0.0	*
p.Glu854Ter	*	*	*
p.Glu854Thr	0.010924220085144043	0.0	*
p.Glu854Trp	0.006086885929107666	0.0	*
p.Glu854Tyr	0.009774386882781982	0.0	*
p.Glu854Val	0.008718907833099365	0.0	*
p.Glu860=	*	*	*
p.Glu860Ala	0.014621138572692871	0.0	*
p.Glu860Arg	0.0042511820793151855	0.0	*
p.Glu860Asn	0.02604842185974121	0.0	*
p.Glu860Asp	0.003267526626586914	0.0	*
p.Glu860Cys	0.00620579719543457	0.0	*
p.Glu860Gln	0.007223844528198242	0.0	*
p.Glu860Gly	0.011083841323852539	0.0	*
p.Glu860His	0.005890071392059326	0.0	*
p.Glu860Ile	0.028652310371398926	0.0	*
p.Glu860Leu	0.013325929641723633	0.0	*
p.Glu860Lys	0.012649714946746826	0.0	*
p.Glu860Met	0.01893019676208496	0.0	*
p.Glu860Phe	0.0066013336181640625	0.0	*
p.Glu860Pro	0.004719197750091553	0.0	*
p.Glu860Ser	0.019945263862609863	0.0	*
p.Glu860Ter	*	*	*
p.Glu860Thr	0.012403488159179688	0.0	*
p.Glu860Trp	0.00693964958190918	0.0	*
p.Glu860Tyr	0.006949305534362793	0.0	*
p.Glu860Val	0.007829248905181885	0.0	*
p.Glu904=	*	*	*
p.Glu904Ala	0.0027715563774108887	0.0	*
p.Glu904Arg	0.0009865760803222656	0.0	*
p.Glu904Asn	0.003471672534942627	0.0	*
p.Glu904Asp	0.0013660788536071777	0.0	*
p.Glu904Cys	0.0008917450904846191	0.0	*
p.Glu904Gln	0.0020620226860046387	0.0	*
p.Glu904Gly	0.002497851848602295	0.0	*
p.Glu904His	0.0014421343803405762	0.0	*
p.Glu904Ile	0.004119277000427246	0.0	*
p.Glu904Leu	0.0013676285743713379	0.0	*
p.Glu904Lys	0.002151012420654297	0.0	*
p.Glu904Met	0.0028287768363952637	0.0	*
p.Glu904Phe	0.0015516281127929688	0.0	*
p.Glu904Pro	0.00040262937545776367	0.0	*
p.Glu904Ser	0.004442989826202393	0.0	*
p.Glu904Ter	*	*	*
p.Glu904Thr	0.004492282867431641	0.0	*
p.Glu904Trp	0.0010173916816711426	0.0	*
p.Glu904Tyr	0.0013386011123657227	0.0	*
p.Glu904Val	0.0023938417434692383	0.0	*
p.Glu905=	*	*	*
p.Glu905Ala	0.0049440860748291016	0.0	*
p.Glu905Arg	0.0028974413871765137	0.0	*
p.Glu905Asn	0.007425546646118164	0.0	*
p.Glu905Asp	0.002159595489501953	0.0	*
p.Glu905Cys	0.0019325613975524902	0.0	*
p.Glu905Gln	0.010975420475006104	0.0	*
p.Glu905Gly	0.0035284757614135742	0.0	*
p.Glu905His	0.004309356212615967	0.0	*
p.Glu905Ile	0.0047380924224853516	0.0	*
p.Glu905Leu	0.004104971885681152	0.0	*
p.Glu905Lys	0.005844593048095703	0.0	*
p.Glu905Met	0.0093919038772583	0.0	*
p.Glu905Phe	0.0022035837173461914	0.0	*
p.Glu905Pro	0.000526726245880127	0.0	*
p.Glu905Ser	0.017410993576049805	0.0	*
p.Glu905Ter	*	*	*
p.Glu905Thr	0.00594484806060791	0.0	*
p.Glu905Trp	0.0021083950996398926	0.0	*
p.Glu905Tyr	0.0024469494819641113	0.0	*
p.Glu905Val	0.0022029876708984375	0.0	*
p.Glu965=	*	*	*
p.Glu965Ala	0.5821763277053833	0.0	*
p.Glu965Arg	0.29834920167922974	0.0	*
p.Glu965Asn	0.6213933825492859	0.0	*
p.Glu965Asp	0.33836615085601807	0.0	*
p.Glu965Cys	0.38064008951187134	0.0	*
p.Glu965Gln	0.31809037923812866	0.0	*
p.Glu965Gly	0.519872784614563	0.0	*
p.Glu965His	0.3287585377693176	0.0	*
p.Glu965Ile	0.44701606035232544	0.0	*
p.Glu965Leu	0.33756446838378906	0.0	*
p.Glu965Lys	0.48214370012283325	0.0	*
p.Glu965Met	0.5033928751945496	0.0	*
p.Glu965Phe	0.2792742848396301	0.0	*
p.Glu965Pro	0.2014312744140625	0.0	*
p.Glu965Ser	0.6057905554771423	0.0	*
p.Glu965Ter	*	*	*
p.Glu965Thr	0.6061539649963379	0.0	*
p.Glu965Trp	0.2177099585533142	0.0	*
p.Glu965Tyr	0.20155316591262817	0.0	*
p.Glu965Val	0.23517471551895142	0.0	*
p.Gly1000=	*	*	*
p.Gly1000Ala	0.00015294551849365234	0.0	*
p.Gly1000Arg	8.153915405273438e-05	0.0	*
p.Gly1000Asn	0.0002778172492980957	0.0	*
p.Gly1000Asp	4.0411949157714844e-05	0.0	*
p.Gly1000Cys	7.987022399902344e-05	0.0	*
p.Gly1000Gln	0.0001919865608215332	0.0	*
p.Gly1000Glu	2.8133392333984375e-05	0.0	*
p.Gly1000His	6.759166717529297e-05	0.0	*
p.Gly1000Ile	0.00010693073272705078	0.0	*
p.Gly1000Leu	0.00011134147644042969	0.0	*
p.Gly1000Lys	0.00014150142669677734	0.0	*
p.Gly1000Met	0.0002745985984802246	0.0	*
p.Gly1000Phe	6.127357482910156e-05	0.0	*
p.Gly1000Pro	6.091594696044922e-05	0.0	*
p.Gly1000Ser	0.0006278157234191895	0.0	*
p.Gly1000Ter	*	*	*
p.Gly1000Thr	0.0001869797706604004	0.0	*
p.Gly1000Trp	7.784366607666016e-05	0.0	*
p.Gly1000Tyr	5.996227264404297e-05	0.0	*
p.Gly1000Val	0.00017213821411132812	0.0	*
p.Gly1006=	*	*	*
p.Gly1006Ala	0.0015349388122558594	0.0	*
p.Gly1006Arg	0.0002982020378112793	0.0	*
p.Gly1006Asn	0.0019384026527404785	0.0	*
p.Gly1006Asp	0.0011398792266845703	0.0	*
p.Gly1006Cys	0.0005230307579040527	0.0	*
p.Gly1006Gln	0.0010265111923217773	0.0	*
p.Gly1006Glu	0.0003676414489746094	0.0	*
p.Gly1006His	0.0005065202713012695	0.0	*
p.Gly1006Ile	0.0004201531410217285	0.0	*
p.Gly1006Leu	0.0004405379295349121	0.0	*
p.Gly1006Lys	0.0008997917175292969	0.0	*
p.Gly1006Met	0.0011292099952697754	0.0	*
p.Gly1006Phe	0.0004528164863586426	0.0	*
p.Gly1006Pro	0.0005075931549072266	0.0	*
p.Gly1006Ser	0.005030453205108643	0.0	*
p.Gly1006Ter	*	*	*
p.Gly1006Thr	0.0015652775764465332	0.0	*
p.Gly1006Trp	0.00022858381271362305	0.0	*
p.Gly1006Tyr	0.0004736185073852539	0.0	*
p.Gly1006Val	0.000537574291229248	0.0	*
p.Gly1011=	*	*	*
p.Gly1011Ala	0.0009779930114746094	0.0	*
p.Gly1011Arg	0.00021499395370483398	0.0	*
p.Gly1011Asn	0.0018961429595947266	0.0	*
p.Gly1011Asp	0.0002828240394592285	0.0	*
p.Gly1011Cys	0.00041860342025756836	0.0	*
p.Gly1011Gln	0.0005310177803039551	0.0	*
p.Gly1011Glu	0.0001176595687866211	0.0	*
p.Gly1011His	0.0002449154853820801	0.0	*
p.Gly1011Ile	0.0004132390022277832	0.0	*
p.Gly1011Leu	0.00044721364974975586	0.0	*
p.Gly1011Lys	0.0006886720657348633	0.0	*
p.Gly1011Met	0.0011731982231140137	0.0	*
p.Gly1011Phe	0.00038492679595947266	0.0	*
p.Gly1011Pro	0.00032258033752441406	0.0	*
p.Gly1011Ser	0.0010249614715576172	0.0	*
p.Gly1011Ter	*	*	*
p.Gly1011Thr	0.0006609559059143066	0.0	*
p.Gly1011Trp	0.00019866228103637695	0.0	*
p.Gly1011Tyr	0.0005494952201843262	0.0	*
p.Gly1011Val	0.0002766251564025879	0.0	*
p.Gly1012=	*	*	*
p.Gly1012Ala	0.0029093027114868164	0.0	*
p.Gly1012Arg	0.0009569525718688965	0.0	*
p.Gly1012Asn	0.0066034793853759766	0.0	*
p.Gly1012Asp	0.0006315112113952637	0.0	*
p.Gly1012Cys	0.0006780624389648438	0.0	*
p.Gly1012Gln	0.001528918743133545	0.0	*
p.Gly1012Glu	0.0002917647361755371	0.0	*
p.Gly1012His	0.0010935068130493164	0.0	*
p.Gly1012Ile	0.0011943578720092773	0.0	*
p.Gly1012Leu	0.0024116039276123047	0.0	*
p.Gly1012Lys	0.0022965073585510254	0.0	*
p.Gly1012Met	0.004656016826629639	0.0	*
p.Gly1012Phe	0.0009574294090270996	0.0	*
p.Gly1012Pro	0.0005933046340942383	0.0	*
p.Gly1012Ser	0.01333165168762207	0.0	*
p.Gly1012Ter	*	*	*
p.Gly1012Thr	0.0025867819786071777	0.0	*
p.Gly1012Trp	0.0006811618804931641	0.0	*
p.Gly1012Tyr	0.001077115535736084	0.0	*
p.Gly1012Val	0.0010047554969787598	0.0	*
p.Gly1030=	*	*	*
p.Gly1030Ala	0.002645134925842285	0.0	*
p.Gly1030Arg	0.0018314123153686523	0.0	*
p.Gly1030Asn	0.011322617530822754	0.0	*
p.Gly1030Asp	0.0021866559982299805	0.0	*
p.Gly1030Cys	0.003314077854156494	0.0	*
p.Gly1030Gln	0.0025634169578552246	0.0	*
p.Gly1030Glu	0.0005275607109069824	0.0	*
p.Gly1030His	0.0008480548858642578	0.0	*
p.Gly1030Ile	0.002916872501373291	0.0	*
p.Gly1030Leu	0.0014355778694152832	0.0	*
p.Gly1030Lys	0.0031775236129760742	0.0	*
p.Gly1030Met	0.004468858242034912	0.0	*
p.Gly1030Phe	0.0009939074516296387	0.0	*
p.Gly1030Pro	0.0014420151710510254	0.0	*
p.Gly1030Ser	0.006796717643737793	0.0	*
p.Gly1030Ter	*	*	*
p.Gly1030Thr	0.003924429416656494	0.0	*
p.Gly1030Trp	0.0006084442138671875	0.0	*
p.Gly1030Tyr	0.002330005168914795	0.0	*
p.Gly1030Val	0.001049041748046875	0.0	*
p.Gly1035=	*	*	*
p.Gly1035Ala	0.0926445722579956	0.0	*
p.Gly1035Arg	0.010103940963745117	0.0	*
p.Gly1035Asp	0.011111199855804443	0.0	*
p.Gly1035Cys	0.0160599946975708	0.0	*
p.Gly1035Gln	0.03074514865875244	0.0	*
p.Gly1035Glu	0.006063640117645264	0.0	*
p.Gly1035His	0.020009160041809082	0.0	*
p.Gly1035Ile	0.01608872413635254	0.0	*
p.Gly1035Leu	0.022440314292907715	0.0	*
p.Gly1035Lys	0.0550997257232666	0.0	*
p.Gly1035Met	0.04645860195159912	0.0	*
p.Gly1035Phe	0.01392430067062378	0.0	*
p.Gly1035Pro	0.010045647621154785	0.0	*
p.Gly1035Ser	0.10678613185882568	0.0	*
p.Gly1035Ter	*	*	*
p.Gly1035Thr	0.03380638360977173	0.0	*
p.Gly1035Trp	0.0086403489112854	0.0	*
p.Gly1035Tyr	0.00815349817276001	0.0	*
p.Gly1035Val	0.007771909236907959	0.0	*
p.Gly1046=	*	*	*
p.Gly1046Ala	0.034808576107025146	0.0	*
p.Gly1046Arg	0.00782400369644165	0.0	*
p.Gly1046Asn	0.0448799729347229	0.0	*
p.Gly1046Asp	0.01946115493774414	0.0	*
p.Gly1046Cys	0.028635144233703613	0.0	*
p.Gly1046Gln	0.0318293571472168	0.0	*
p.Gly1046Glu	0.015181183815002441	0.0	*
p.Gly1046His	0.02677994966506958	0.0	*
p.Gly1046Ile	0.023010671138763428	0.0	*
p.Gly1046Leu	0.015165448188781738	0.0	*
p.Gly1046Lys	0.018768370151519775	0.0	*
p.Gly1046Met	0.020761549472808838	0.0	*
p.Gly1046Phe	0.013974487781524658	0.0	*
p.Gly1046Pro	0.010330140590667725	0.0	*
p.Gly1046Ser	0.15042048692703247	0.0	*
p.Gly1046Ter	*	*	*
p.Gly1046Thr	0.06357640027999878	0.0	*
p.Gly1046Trp	0.012424767017364502	0.0	*
p.Gly1046Tyr	0.01416313648223877	0.0	*
p.Gly1046Val	0.02018749713897705	0.0	*
p.Gly1061=	*	*	*
p.Gly1061Ala	0.00045800209045410156	0.0	*
p.Gly1061Arg	0.0001163482666015625	0.0	*
p.Gly1061Asp	0.00019854307174682617	0.0	*
p.Gly1061Cys	0.00016736984252929688	0.0	*
p.Gly1061Gln	0.00037658214569091797	0.0	*
p.Gly1061Glu	7.390975952148438e-05	0.0	*
p.Gly1061His	0.00023990869522094727	0.0	*
p.Gly1061Ile	0.0001475811004638672	0.0	*
p.Gly1061Leu	0.00015485286712646484	0.0	*
p.Gly1061Lys	0.0002365708351135254	0.0	*
p.Gly1061Met	0.00032019615173339844	0.0	*
p.Gly1061Phe	0.00011897087097167969	0.0	*
p.Gly1061Pro	5.435943603515625e-05	0.0	*
p.Gly1061Ser	0.0012023448944091797	0.0	*
p.Gly1061Ter	*	*	*
p.Gly1061Thr	0.00034630298614501953	0.0	*
p.Gly1061Trp	0.00011241436004638672	0.0	*
p.Gly1061Tyr	0.00010073184967041016	0.0	*
p.Gly1061Val	0.00012743473052978516	0.0	*
p.Gly1072=	*	*	*
p.Gly1072Ala	0.030549705028533936	0.0	*
p.Gly1072Arg	0.0019350647926330566	0.0	*
p.Gly1072Asn	0.01779913902282715	0.0	*
p.Gly1072Asp	0.002202630043029785	0.0	*
p.Gly1072Cys	0.004960834980010986	0.0	*
p.Gly1072Gln	0.0065351128578186035	0.0	*
p.Gly1072Glu	0.001308739185333252	0.0	*
p.Gly1072His	0.0032165050506591797	0.0	*
p.Gly1072Ile	0.004418790340423584	0.0	*
p.Gly1072Leu	0.008223176002502441	0.0	*
p.Gly1072Lys	0.005409598350524902	0.0	*
p.Gly1072Met	0.0120849609375	0.0	*
p.Gly1072Phe	0.0023050904273986816	0.0	*
p.Gly1072Pro	0.0021871328353881836	0.0	*
p.Gly1072Ser	0.05486339330673218	0.0	*
p.Gly1072Ter	*	*	*
p.Gly1072Thr	0.006237804889678955	0.0	*
p.Gly1072Trp	0.0017951726913452148	0.0	*
p.Gly1072Tyr	0.001291513442993164	0.0	*
p.Gly1072Val	0.003259718418121338	0.0	*
p.Gly1084=	*	*	*
p.Gly1084Ala	0.004339396953582764	0.0	*
p.Gly1084Arg	0.0017955303192138672	0.0	*
p.Gly1084Asp	0.003860294818878174	0.0	*
p.Gly1084Cys	0.0004805326461791992	0.0	*
p.Gly1084Gln	0.007131040096282959	0.0	*
p.Gly1084Glu	0.0011619925498962402	0.0	*
p.Gly1084Ile	0.0017433762550354004	0.0	*
p.Gly1084Leu	0.002053201198577881	0.0	*
p.Gly1084Met	0.002749502658843994	0.0	*
p.Gly1084Phe	0.001139521598815918	0.0	*
p.Gly1084Pro	0.001068413257598877	0.0	*
p.Gly1084Ser	0.008257865905761719	0.0	*
p.Gly1084Thr	0.0023973584175109863	0.0	*
p.Gly1084Trp	0.0005829334259033203	0.0	*
p.Gly1084Tyr	0.0009607076644897461	0.0	*
p.Gly1084Val	0.000700831413269043	0.0	*
p.Gly1089=	*	*	*
p.Gly1089Ala	4.887580871582031e-05	0.0	*
p.Gly1089Arg	7.867813110351562e-06	0.0	*
p.Gly1089Asn	2.9087066650390625e-05	0.0	*
p.Gly1089Asp	1.049041748046875e-05	0.0	*
p.Gly1089Cys	1.049041748046875e-05	0.0	*
p.Gly1089Gln	8.034706115722656e-05	0.0	*
p.Gly1089Glu	8.463859558105469e-06	0.0	*
p.Gly1089His	2.300739288330078e-05	0.0	*
p.Gly1089Ile	2.9087066650390625e-05	0.0	*
p.Gly1089Leu	3.2067298889160156e-05	0.0	*
p.Gly1089Lys	4.100799560546875e-05	0.0	*
p.Gly1089Met	2.9802322387695312e-05	0.0	*
p.Gly1089Phe	2.4318695068359375e-05	0.0	*
p.Gly1089Pro	1.2516975402832031e-05	0.0	*
p.Gly1089Ser	6.4849853515625e-05	0.0	*
p.Gly1089Ter	*	*	*
p.Gly1089Thr	2.5391578674316406e-05	0.0	*
p.Gly1089Trp	1.5854835510253906e-05	0.0	*
p.Gly1089Tyr	2.2292137145996094e-05	0.0	*
p.Gly1089Val	2.3484230041503906e-05	0.0	*
p.Gly1099=	*	*	*
p.Gly1099Ala	0.001266181468963623	0.0	*
p.Gly1099Arg	0.00038444995880126953	0.0	*
p.Gly1099Asn	0.002797722816467285	0.0	*
p.Gly1099Asp	0.0023290514945983887	0.0	*
p.Gly1099Cys	0.00018268823623657227	0.0	*
p.Gly1099Gln	0.0009706020355224609	0.0	*
p.Gly1099Glu	0.0004801750183105469	0.0	*
p.Gly1099His	0.0005657076835632324	0.0	*
p.Gly1099Ile	0.00027829408645629883	0.0	*
p.Gly1099Leu	0.000447690486907959	0.0	*
p.Gly1099Lys	0.0008080601692199707	0.0	*
p.Gly1099Met	0.0005816221237182617	0.0	*
p.Gly1099Phe	0.0002320408821105957	0.0	*
p.Gly1099Pro	0.0006885528564453125	0.0	*
p.Gly1099Ser	0.0024917125701904297	0.0	*
p.Gly1099Ter	*	*	*
p.Gly1099Thr	0.0004724264144897461	0.0	*
p.Gly1099Trp	0.00011980533599853516	0.0	*
p.Gly1099Tyr	0.00023704767227172852	0.0	*
p.Gly1099Val	0.0001780390739440918	0.0	*
p.Gly1101=	*	*	*
p.Gly1101Ala	0.0013003349304199219	0.0	*
p.Gly1101Arg	0.00013172626495361328	0.0	*
p.Gly1101Asn	0.0005515217781066895	0.0	*
p.Gly1101Asp	0.00020498037338256836	0.0	*
p.Gly1101Cys	5.8531761169433594e-05	0.0	*
p.Gly1101Gln	0.001207888126373291	0.0	*
p.Gly1101Glu	0.00022870302200317383	0.0	*
p.Gly1101His	0.0004227757453918457	0.0	*
p.Gly1101Ile	0.0001697540283203125	0.0	*
p.Gly1101Leu	0.0003453493118286133	0.0	*
p.Gly1101Lys	0.0002409815788269043	0.0	*
p.Gly1101Met	0.00037980079650878906	0.0	*
p.Gly1101Phe	6.866455078125e-05	0.0	*
p.Gly1101Pro	0.00014078617095947266	0.0	*
p.Gly1101Ser	0.0016301274299621582	0.0	*
p.Gly1101Ter	*	*	*
p.Gly1101Thr	0.00020581483840942383	0.0	*
p.Gly1101Trp	4.6253204345703125e-05	0.0	*
p.Gly1101Tyr	0.00010275840759277344	0.0	*
p.Gly1101Val	0.00023955106735229492	0.0	*
p.Gly1103=	*	*	*
p.Gly1103Ala	0.0002041459083557129	0.0	*
p.Gly1103Arg	6.091594696044922e-05	0.0	*
p.Gly1103Asn	0.00044471025466918945	0.0	*
p.Gly1103Asp	8.165836334228516e-05	0.0	*
p.Gly1103Cys	2.205371856689453e-05	0.0	*
p.Gly1103Gln	0.0003094673156738281	0.0	*
p.Gly1103Glu	1.7642974853515625e-05	0.0	*
p.Gly1103His	6.0677528381347656e-05	0.0	*
p.Gly1103Ile	4.374980926513672e-05	0.0	*
p.Gly1103Leu	9.548664093017578e-05	0.0	*
p.Gly1103Lys	0.0001035928726196289	0.0	*
p.Gly1103Met	0.00010967254638671875	0.0	*
p.Gly1103Phe	2.849102020263672e-05	0.0	*
p.Gly1103Pro	2.9921531677246094e-05	0.0	*
p.Gly1103Ser	0.0014827847480773926	0.0	*
p.Gly1103Ter	*	*	*
p.Gly1103Thr	7.998943328857422e-05	0.0	*
p.Gly1103Trp	2.0742416381835938e-05	0.0	*
p.Gly1103Tyr	3.9577484130859375e-05	0.0	*
p.Gly1103Val	4.7206878662109375e-05	0.0	*
p.Gly1111=	*	*	*
p.Gly1111Ala	0.0006009340286254883	0.0	*
p.Gly1111Arg	0.0004202723503112793	0.0	*
p.Gly1111Asn	0.0022058486938476562	0.0	*
p.Gly1111Asp	0.00043195486068725586	0.0	*
p.Gly1111Cys	0.00022369623184204102	0.0	*
p.Gly1111Gln	0.0010687708854675293	0.0	*
p.Gly1111Glu	0.00016951560974121094	0.0	*
p.Gly1111His	0.0002695918083190918	0.0	*
p.Gly1111Ile	0.0002352595329284668	0.0	*
p.Gly1111Leu	0.0003994107246398926	0.0	*
p.Gly1111Lys	0.0008025765419006348	0.0	*
p.Gly1111Met	0.0007042884826660156	0.0	*
p.Gly1111Phe	0.00020056962966918945	0.0	*
p.Gly1111Pro	0.00022071599960327148	0.0	*
p.Gly1111Ser	0.0024400949478149414	0.0	*
p.Gly1111Ter	*	*	*
p.Gly1111Thr	0.00043696165084838867	0.0	*
p.Gly1111Trp	0.0001512765884399414	0.0	*
p.Gly1111Tyr	0.0002468228340148926	0.0	*
p.Gly1111Val	0.00022786855697631836	0.0	*
p.Gly1131=	*	*	*
p.Gly1131Ala	0.1879873275756836	0.0	*
p.Gly1131Arg	0.08740103244781494	0.0	*
p.Gly1131Asn	0.39030128717422485	0.0	*
p.Gly1131Asp	0.10698544979095459	0.0	*
p.Gly1131Cys	0.057005226612091064	0.0	*
p.Gly1131Gln	0.13163888454437256	0.0	*
p.Gly1131Glu	0.07068663835525513	0.0	*
p.Gly1131His	0.10290747880935669	0.0	*
p.Gly1131Ile	0.042245686054229736	0.0	*
p.Gly1131Leu	0.09297186136245728	0.0	*
p.Gly1131Lys	0.1223294734954834	0.0	*
p.Gly1131Met	0.13036185503005981	0.0	*
p.Gly1131Phe	0.05764073133468628	0.0	*
p.Gly1131Pro	0.07864129543304443	0.0	*
p.Gly1131Ser	0.18355947732925415	0.0	*
p.Gly1131Ter	*	*	*
p.Gly1131Thr	0.11851316690444946	0.0	*
p.Gly1131Trp	0.03641873598098755	0.0	*
p.Gly1131Tyr	0.04995453357696533	0.0	*
p.Gly1131Val	0.044493138790130615	0.0	*
p.Gly1149=	*	*	*
p.Gly1149Ala	0.028836846351623535	0.0	*
p.Gly1149Arg	0.001142263412475586	0.0	*
p.Gly1149Asn	0.01311725378036499	0.0	*
p.Gly1149Asp	0.005209207534790039	0.0	*
p.Gly1149Cys	0.004879653453826904	0.0	*
p.Gly1149Gln	0.008526086807250977	0.0	*
p.Gly1149Glu	0.0025951266288757324	0.0	*
p.Gly1149His	0.0063849687576293945	0.0	*
p.Gly1149Ile	0.0038183927536010742	0.0	*
p.Gly1149Leu	0.003731369972229004	0.0	*
p.Gly1149Lys	0.0074141621589660645	0.0	*
p.Gly1149Met	0.009135186672210693	0.0	*
p.Gly1149Phe	0.00324326753616333	0.0	*
p.Gly1149Pro	0.001960456371307373	0.0	*
p.Gly1149Ser	0.03790193796157837	0.0	*
p.Gly1149Ter	*	*	*
p.Gly1149Thr	0.009135186672210693	0.0	*
p.Gly1149Trp	0.00168609619140625	0.0	*
p.Gly1149Tyr	0.002825021743774414	0.0	*
p.Gly1149Val	0.0037124156951904297	0.0	*
p.Gly1158=	*	*	*
p.Gly1158Ala	0.16105061769485474	0.0	*
p.Gly1158Arg	0.0288316011428833	0.0	*
p.Gly1158Asn	0.2583135962486267	0.0	*
p.Gly1158Asp	0.07910370826721191	0.0	*
p.Gly1158Cys	0.05152297019958496	0.0	*
p.Gly1158Gln	0.0780896544456482	0.0	*
p.Gly1158Glu	0.01885092258453369	0.0	*
p.Gly1158His	0.041920244693756104	0.0	*
p.Gly1158Ile	0.03914862871170044	0.0	*
p.Gly1158Leu	0.04740673303604126	0.0	*
p.Gly1158Lys	0.13363534212112427	0.0	*
p.Gly1158Met	0.09624665975570679	0.0	*
p.Gly1158Phe	0.039809226989746094	0.0	*
p.Gly1158Pro	0.014083921909332275	0.0	*
p.Gly1158Ser	0.3568383455276489	0.0	*
p.Gly1158Ter	*	*	*
p.Gly1158Thr	0.12096375226974487	0.0	*
p.Gly1158Trp	0.025578320026397705	0.0	*
p.Gly1158Tyr	0.01773589849472046	0.0	*
p.Gly1158Val	0.012477338314056396	0.0	*
p.Gly1176=	*	*	*
p.Gly1176Ala	0.013799428939819336	0.0	*
p.Gly1176Arg	0.0015676617622375488	0.0	*
p.Gly1176Asn	0.01131284236907959	0.0	*
p.Gly1176Asp	0.001901090145111084	0.0	*
p.Gly1176Cys	0.003542006015777588	0.0	*
p.Gly1176Gln	0.004092574119567871	0.0	*
p.Gly1176Glu	0.0010906457901000977	0.0	*
p.Gly1176His	0.0018506050109863281	0.0	*
p.Gly1176Ile	0.0020416975021362305	0.0	*
p.Gly1176Leu	0.0023419857025146484	0.0	*
p.Gly1176Lys	0.003272533416748047	0.0	*
p.Gly1176Met	0.004712700843811035	0.0	*
p.Gly1176Phe	0.0013011693954467773	0.0	*
p.Gly1176Pro	0.0007929205894470215	0.0	*
p.Gly1176Ser	0.023060858249664307	0.0	*
p.Gly1176Ter	*	*	*
p.Gly1176Thr	0.002844691276550293	0.0	*
p.Gly1176Trp	0.0008499622344970703	0.0	*
p.Gly1176Tyr	0.0012903213500976562	0.0	*
p.Gly1176Val	0.001172482967376709	0.0	*
p.Gly1186=	*	*	*
p.Gly1186Ala	0.003973245620727539	0.0	*
p.Gly1186Arg	0.003167569637298584	0.0	*
p.Gly1186Asn	0.022040963172912598	0.0	*
p.Gly1186Asp	0.009778499603271484	0.0	*
p.Gly1186Cys	0.0010914802551269531	0.0	*
p.Gly1186Gln	0.005988657474517822	0.0	*
p.Gly1186Glu	0.0014960765838623047	0.0	*
p.Gly1186His	0.0029978156089782715	0.0	*
p.Gly1186Ile	0.0019191503524780273	0.0	*
p.Gly1186Leu	0.0015712380409240723	0.0	*
p.Gly1186Lys	0.0049201250076293945	0.0	*
p.Gly1186Met	0.004883766174316406	0.0	*
p.Gly1186Phe	0.0014739632606506348	0.0	*
p.Gly1186Pro	0.0014584064483642578	0.0	*
p.Gly1186Ser	0.02739548683166504	0.0	*
p.Gly1186Ter	*	*	*
p.Gly1186Thr	0.004806578159332275	0.0	*
p.Gly1186Trp	0.001260221004486084	0.0	*
p.Gly1186Tyr	0.0018145442008972168	0.0	*
p.Gly1186Val	0.0010919570922851562	0.0	*
p.Gly1190=	*	*	*
p.Gly1190Ala	0.004489779472351074	0.0	*
p.Gly1190Arg	0.00014162063598632812	0.0	*
p.Gly1190Asn	0.0009719133377075195	0.0	*
p.Gly1190Asp	0.00024324655532836914	0.0	*
p.Gly1190Cys	0.0011295676231384277	0.0	*
p.Gly1190Gln	0.0017243623733520508	0.0	*
p.Gly1190Glu	0.0002339482307434082	0.0	*
p.Gly1190His	0.0007967352867126465	0.0	*
p.Gly1190Ile	0.0006992816925048828	0.0	*
p.Gly1190Leu	0.0008795857429504395	0.0	*
p.Gly1190Lys	0.0005887746810913086	0.0	*
p.Gly1190Met	0.002015352249145508	0.0	*
p.Gly1190Phe	0.0003638267517089844	0.0	*
p.Gly1190Pro	0.00015854835510253906	0.0	*
p.Gly1190Ser	0.005629479885101318	0.0	*
p.Gly1190Ter	*	*	*
p.Gly1190Thr	0.0007749795913696289	0.0	*
p.Gly1190Trp	0.00044590234756469727	0.0	*
p.Gly1190Tyr	0.0003472566604614258	0.0	*
p.Gly1190Val	0.000931084156036377	0.0	*
p.Gly1213=	*	*	*
p.Gly1213Ala	0.0036966800689697266	0.0	*
p.Gly1213Arg	0.0019252300262451172	0.0	*
p.Gly1213Asn	0.039707720279693604	0.0	*
p.Gly1213Asp	0.0014702081680297852	0.0	*
p.Gly1213Cys	0.00041753053665161133	0.0	*
p.Gly1213Gln	0.0015044212341308594	0.0	*
p.Gly1213Glu	0.00033080577850341797	0.0	*
p.Gly1213His	0.0008325576782226562	0.0	*
p.Gly1213Ile	0.001498579978942871	0.0	*
p.Gly1213Leu	0.002304255962371826	0.0	*
p.Gly1213Lys	0.0031841397285461426	0.0	*
p.Gly1213Met	0.006947994232177734	0.0	*
p.Gly1213Phe	0.0017228126525878906	0.0	*
p.Gly1213Pro	0.0011327266693115234	0.0	*
p.Gly1213Ser	0.0034179091453552246	0.0	*
p.Gly1213Ter	*	*	*
p.Gly1213Thr	0.0030162930488586426	0.0	*
p.Gly1213Trp	0.0003383159637451172	0.0	*
p.Gly1213Tyr	0.001960933208465576	0.0	*
p.Gly1213Val	0.0006647706031799316	0.0	*
p.Gly1221=	*	*	*
p.Gly1221Ala	0.00039499998092651367	0.0	*
p.Gly1221Arg	0.00011277198791503906	0.0	*
p.Gly1221Asn	0.0008175969123840332	0.0	*
p.Gly1221Asp	0.00013136863708496094	0.0	*
p.Gly1221Cys	0.0001952052116394043	0.0	*
p.Gly1221Gln	0.000164031982421875	0.0	*
p.Gly1221His	0.00010478496551513672	0.0	*
p.Gly1221Ile	0.0001722574234008789	0.0	*
p.Gly1221Leu	0.00015532970428466797	0.0	*
p.Gly1221Lys	0.0003153085708618164	0.0	*
p.Gly1221Met	0.0003114938735961914	0.0	*
p.Gly1221Phe	9.512901306152344e-05	0.0	*
p.Gly1221Pro	7.009506225585938e-05	0.0	*
p.Gly1221Ser	0.0008137822151184082	0.0	*
p.Gly1221Ter	*	*	*
p.Gly1221Thr	0.00033152103424072266	0.0	*
p.Gly1221Trp	7.843971252441406e-05	0.0	*
p.Gly1221Tyr	9.357929229736328e-05	0.0	*
p.Gly1221Val	0.00012636184692382812	0.0	*
p.Gly1235=	*	*	*
p.Gly1235Ala	0.00018841028213500977	0.0	*
p.Gly1235Arg	5.269050598144531e-05	0.0	*
p.Gly1235Asn	0.000276029109954834	0.0	*
p.Gly1235Asp	5.6862831115722656e-05	0.0	*
p.Gly1235Cys	4.124641418457031e-05	0.0	*
p.Gly1235Gln	7.2479248046875e-05	0.0	*
p.Gly1235Glu	2.1457672119140625e-05	0.0	*
p.Gly1235His	4.553794860839844e-05	0.0	*
p.Gly1235Ile	8.07046890258789e-05	0.0	*
p.Gly1235Leu	6.389617919921875e-05	0.0	*
p.Gly1235Lys	7.224082946777344e-05	0.0	*
p.Gly1235Met	8.618831634521484e-05	0.0	*
p.Gly1235Phe	5.3763389587402344e-05	0.0	*
p.Gly1235Pro	3.409385681152344e-05	0.0	*
p.Gly1235Ser	0.00025385618209838867	0.0	*
p.Gly1235Ter	*	*	*
p.Gly1235Thr	0.0001424551010131836	0.0	*
p.Gly1235Trp	3.0279159545898438e-05	0.0	*
p.Gly1235Tyr	6.175041198730469e-05	0.0	*
p.Gly1235Val	6.771087646484375e-05	0.0	*
p.Gly1259=	*	*	*
p.Gly1259Ala	0.016302168369293213	0.0	*
p.Gly1259Arg	0.004378378391265869	0.0	*
p.Gly1259Asn	0.040910303592681885	0.0	*
p.Gly1259Asp	0.007225990295410156	0.0	*
p.Gly1259Cys	0.004835963249206543	0.0	*
p.Gly1259Gln	0.008497357368469238	0.0	*
p.Gly1259Glu	0.003570854663848877	0.0	*
p.Gly1259His	0.007287323474884033	0.0	*
p.Gly1259Ile	0.0033118128776550293	0.0	*
p.Gly1259Leu	0.004258155822753906	0.0	*
p.Gly1259Lys	0.012723982334136963	0.0	*
p.Gly1259Met	0.008239388465881348	0.0	*
p.Gly1259Phe	0.00417482852935791	0.0	*
p.Gly1259Pro	0.0028322339057922363	0.0	*
p.Gly1259Ser	0.02199000120162964	0.0	*
p.Gly1259Ter	*	*	*
p.Gly1259Thr	0.008541762828826904	0.0	*
p.Gly1259Trp	0.0016089081764221191	0.0	*
p.Gly1259Tyr	0.0025595426559448242	0.0	*
p.Gly1259Val	0.0017753243446350098	0.0	*
p.Gly1266=	*	*	*
p.Gly1266Ala	0.00037038326263427734	0.0	*
p.Gly1266Arg	5.841255187988281e-05	0.0	*
p.Gly1266Asn	0.0001849532127380371	0.0	*
p.Gly1266Asp	6.4849853515625e-05	0.0	*
p.Gly1266Cys	0.00011396408081054688	0.0	*
p.Gly1266Gln	0.0001417398452758789	0.0	*
p.Gly1266Glu	1.990795135498047e-05	0.0	*
p.Gly1266His	6.091594696044922e-05	0.0	*
p.Gly1266Ile	0.00015842914581298828	0.0	*
p.Gly1266Leu	0.0001024007797241211	0.0	*
p.Gly1266Lys	0.00014531612396240234	0.0	*
p.Gly1266Met	0.00015413761138916016	0.0	*
p.Gly1266Phe	8.785724639892578e-05	0.0	*
p.Gly1266Pro	3.6716461181640625e-05	0.0	*
p.Gly1266Ser	0.0010692477226257324	0.0	*
p.Gly1266Ter	*	*	*
p.Gly1266Thr	0.00025027990341186523	0.0	*
p.Gly1266Trp	6.0677528381347656e-05	0.0	*
p.Gly1266Tyr	7.832050323486328e-05	0.0	*
p.Gly1266Val	0.00017791986465454102	0.0	*
p.Gly1268=	*	*	*
p.Gly1268Ala	0.004354417324066162	0.0	*
p.Gly1268Arg	0.0010617375373840332	0.0	*
p.Gly1268Asn	0.007677614688873291	0.0	*
p.Gly1268Asp	0.0012101531028747559	0.0	*
p.Gly1268Cys	0.0011997222900390625	0.0	*
p.Gly1268Gln	0.002000272274017334	0.0	*
p.Gly1268Glu	0.0005641579627990723	0.0	*
p.Gly1268His	0.0016028285026550293	0.0	*
p.Gly1268Ile	0.0008435249328613281	0.0	*
p.Gly1268Leu	0.0009777545928955078	0.0	*
p.Gly1268Lys	0.001207590103149414	0.0	*
p.Gly1268Met	0.0015950798988342285	0.0	*
p.Gly1268Phe	0.0006571412086486816	0.0	*
p.Gly1268Pro	0.0008515119552612305	0.0	*
p.Gly1268Ser	0.005174875259399414	0.0	*
p.Gly1268Ter	*	*	*
p.Gly1268Thr	0.0009783506393432617	0.0	*
p.Gly1268Trp	0.0003992915153503418	0.0	*
p.Gly1268Tyr	0.0007387995719909668	0.0	*
p.Gly1268Val	0.0006138086318969727	0.0	*
p.Gly1281=	*	*	*
p.Gly1281Ala	0.007814168930053711	0.0	*
p.Gly1281Arg	0.002054154872894287	0.0	*
p.Gly1281Asn	0.013510584831237793	0.0	*
p.Gly1281Asp	0.001282334327697754	0.0	*
p.Gly1281Cys	0.0010064244270324707	0.0	*
p.Gly1281Gln	0.0036903023719787598	0.0	*
p.Gly1281Glu	0.0004712343215942383	0.0	*
p.Gly1281His	0.0013623833656311035	0.0	*
p.Gly1281Ile	0.0011157393455505371	0.0	*
p.Gly1281Leu	0.0035088658332824707	0.0	*
p.Gly1281Lys	0.0021432042121887207	0.0	*
p.Gly1281Met	0.003747880458831787	0.0	*
p.Gly1281Phe	0.0013498663902282715	0.0	*
p.Gly1281Pro	0.00048279762268066406	0.0	*
p.Gly1281Ser	0.010800659656524658	0.0	*
p.Gly1281Ter	*	*	*
p.Gly1281Thr	0.0019395947456359863	0.0	*
p.Gly1281Trp	0.0006641745567321777	0.0	*
p.Gly1281Tyr	0.001279592514038086	0.0	*
p.Gly1281Val	0.00121992826461792	0.0	*
p.Gly1285=	*	*	*
p.Gly1285Ala	0.00046706199645996094	0.0	*
p.Gly1285Arg	7.259845733642578e-05	0.0	*
p.Gly1285Asn	0.000410616397857666	0.0	*
p.Gly1285Asp	9.107589721679688e-05	0.0	*
p.Gly1285Cys	0.0001283884048461914	0.0	*
p.Gly1285Gln	0.00015485286712646484	0.0	*
p.Gly1285Glu	5.2928924560546875e-05	0.0	*
p.Gly1285His	7.486343383789062e-05	0.0	*
p.Gly1285Ile	0.00010776519775390625	0.0	*
p.Gly1285Leu	0.00013053417205810547	0.0	*
p.Gly1285Lys	0.0001004934310913086	0.0	*
p.Gly1285Met	0.00012493133544921875	0.0	*
p.Gly1285Phe	6.496906280517578e-05	0.0	*
p.Gly1285Pro	5.829334259033203e-05	0.0	*
p.Gly1285Ser	0.0005779266357421875	0.0	*
p.Gly1285Ter	*	*	*
p.Gly1285Thr	0.00015795230865478516	0.0	*
p.Gly1285Trp	7.343292236328125e-05	0.0	*
p.Gly1285Tyr	0.00010156631469726562	0.0	*
p.Gly1285Val	0.00014448165893554688	0.0	*
p.Gly1287=	*	*	*
p.Gly1287Ala	0.003275930881500244	0.0	*
p.Gly1287Arg	0.0003262758255004883	0.0	*
p.Gly1287Asn	0.0024396181106567383	0.0	*
p.Gly1287Asp	0.00012576580047607422	0.0	*
p.Gly1287Cys	0.0005029439926147461	0.0	*
p.Gly1287Gln	0.0011151432991027832	0.0	*
p.Gly1287Glu	9.59634780883789e-05	0.0	*
p.Gly1287His	0.0003172159194946289	0.0	*
p.Gly1287Ile	0.0005730390548706055	0.0	*
p.Gly1287Leu	0.0006774663925170898	0.0	*
p.Gly1287Lys	0.0006529688835144043	0.0	*
p.Gly1287Met	0.0009870529174804688	0.0	*
p.Gly1287Phe	0.00022584199905395508	0.0	*
p.Gly1287Pro	0.00016677379608154297	0.0	*
p.Gly1287Ser	0.008663296699523926	0.0	*
p.Gly1287Ter	*	*	*
p.Gly1287Thr	0.0005145072937011719	0.0	*
p.Gly1287Trp	0.00029581785202026367	0.0	*
p.Gly1287Tyr	0.00018793344497680664	0.0	*
p.Gly1287Val	0.0004513859748840332	0.0	*
p.Gly1335=	*	*	*
p.Gly1335Ala	0.005800724029541016	0.0	*
p.Gly1335Arg	0.0005204081535339355	0.0	*
p.Gly1335Asn	0.0033292174339294434	0.0	*
p.Gly1335Asp	0.0011925697326660156	0.0	*
p.Gly1335Cys	0.002326071262359619	0.0	*
p.Gly1335Gln	0.002907276153564453	0.0	*
p.Gly1335Glu	0.0005806684494018555	0.0	*
p.Gly1335His	0.0018020272254943848	0.0	*
p.Gly1335Ile	0.002813994884490967	0.0	*
p.Gly1335Leu	0.0015521049499511719	0.0	*
p.Gly1335Lys	0.003913760185241699	0.0	*
p.Gly1335Met	0.004202842712402344	0.0	*
p.Gly1335Phe	0.0017814040184020996	0.0	*
p.Gly1335Pro	0.0006299614906311035	0.0	*
p.Gly1335Ser	0.02200561761856079	0.0	*
p.Gly1335Ter	*	*	*
p.Gly1335Thr	0.006016552448272705	0.0	*
p.Gly1335Trp	0.0015287995338439941	0.0	*
p.Gly1335Tyr	0.0011157393455505371	0.0	*
p.Gly1335Val	0.0014984607696533203	0.0	*
p.Gly1341=	*	*	*
p.Gly1341Ala	0.019577205181121826	0.0	*
p.Gly1341Arg	0.001708686351776123	0.0	*
p.Gly1341Asn	0.01587069034576416	0.0	*
p.Gly1341Asp	0.0020755529403686523	0.0	*
p.Gly1341Cys	0.003800809383392334	0.0	*
p.Gly1341Gln	0.0032979846000671387	0.0	*
p.Gly1341Glu	0.0009382367134094238	0.0	*
p.Gly1341His	0.0033736228942871094	0.0	*
p.Gly1341Ile	0.005289673805236816	0.0	*
p.Gly1341Leu	0.003222525119781494	0.0	*
p.Gly1341Lys	0.004486143589019775	0.0	*
p.Gly1341Met	0.009702026844024658	0.0	*
p.Gly1341Phe	0.002386808395385742	0.0	*
p.Gly1341Pro	0.0016543865203857422	0.0	*
p.Gly1341Ser	0.02178126573562622	0.0	*
p.Gly1341Ter	*	*	*
p.Gly1341Thr	0.007614493370056152	0.0	*
p.Gly1341Trp	0.0027924180030822754	0.0	*
p.Gly1341Tyr	0.001692652702331543	0.0	*
p.Gly1341Val	0.0019318461418151855	0.0	*
p.Gly1347=	*	*	*
p.Gly1347Ala	0.2896144390106201	0.0	*
p.Gly1347Arg	0.11629420518875122	0.0	*
p.Gly1347Asn	0.38708287477493286	0.0	*
p.Gly1347Asp	0.23934298753738403	0.0	*
p.Gly1347Cys	0.15293556451797485	0.0	*
p.Gly1347Gln	0.14202487468719482	0.0	*
p.Gly1347Glu	0.10407274961471558	0.0	*
p.Gly1347His	0.18442273139953613	0.0	*
p.Gly1347Ile	0.08022212982177734	0.0	*
p.Gly1347Leu	0.11760175228118896	0.0	*
p.Gly1347Lys	0.22038757801055908	0.0	*
p.Gly1347Met	0.20742285251617432	0.0	*
p.Gly1347Phe	0.1258947253227234	0.0	*
p.Gly1347Pro	0.11663228273391724	0.0	*
p.Gly1347Ser	0.3134196996688843	0.0	*
p.Gly1347Ter	*	*	*
p.Gly1347Thr	0.2465815544128418	0.0	*
p.Gly1347Trp	0.0794479250907898	0.0	*
p.Gly1347Tyr	0.07606256008148193	0.0	*
p.Gly1347Val	0.06602191925048828	0.0	*
p.Gly1355=	*	*	*
p.Gly1355Ala	0.08662444353103638	0.0	*
p.Gly1355Arg	0.006106972694396973	0.0	*
p.Gly1355Asn	0.044237375259399414	0.0	*
p.Gly1355Asp	0.02975839376449585	0.0	*
p.Gly1355Cys	0.01678842306137085	0.0	*
p.Gly1355Gln	0.018056809902191162	0.0	*
p.Gly1355Glu	0.005380153656005859	0.0	*
p.Gly1355His	0.03229343891143799	0.0	*
p.Gly1355Ile	0.012960255146026611	0.0	*
p.Gly1355Leu	0.014399468898773193	0.0	*
p.Gly1355Lys	0.020163774490356445	0.0	*
p.Gly1355Met	0.036839842796325684	0.0	*
p.Gly1355Phe	0.009243428707122803	0.0	*
p.Gly1355Pro	0.010607719421386719	0.0	*
p.Gly1355Ser	0.07463371753692627	0.0	*
p.Gly1355Ter	*	*	*
p.Gly1355Thr	0.03497493267059326	0.0	*
p.Gly1355Trp	0.006321609020233154	0.0	*
p.Gly1355Tyr	0.0043264031410217285	0.0	*
p.Gly1355Val	0.005301356315612793	0.0	*
p.Gly1390=	*	*	*
p.Gly1390Ala	0.9993731379508972	0.0	*
p.Gly1390Arg	0.9889131188392639	0.0	*
p.Gly1390Asn	0.998576819896698	0.0	*
p.Gly1390Asp	0.9960224628448486	0.0	*
p.Gly1390Cys	0.9961175918579102	0.0	*
p.Gly1390Gln	0.9968236684799194	0.0	*
p.Gly1390Glu	0.9928427934646606	0.0	*
p.Gly1390His	0.9977009892463684	0.0	*
p.Gly1390Ile	0.9927720427513123	0.0	*
p.Gly1390Leu	0.9938239455223083	0.0	*
p.Gly1390Lys	0.9975404739379883	0.0	*
p.Gly1390Met	0.9978868961334229	0.0	*
p.Gly1390Phe	0.9904886484146118	0.0	*
p.Gly1390Pro	0.9860091209411621	0.0	*
p.Gly1390Ser	0.9989664554595947	0.0	*
p.Gly1390Ter	*	*	*
p.Gly1390Thr	0.9986289143562317	0.0	*
p.Gly1390Trp	0.9815434813499451	0.0	*
p.Gly1390Tyr	0.9749420285224915	0.0	*
p.Gly1390Val	0.9706773161888123	0.0	*
p.Gly1405=	*	*	*
p.Gly1405Ala	0.9829330444335938	0.0	*
p.Gly1405Arg	0.8068097233772278	0.0	*
p.Gly1405Asn	0.9837042689323425	0.0	*
p.Gly1405Asp	0.9316717982292175	0.0	*
p.Gly1405Cys	0.8874102830886841	0.0	*
p.Gly1405Gln	0.8997287154197693	0.0	*
p.Gly1405Glu	0.8726744055747986	0.0	*
p.Gly1405His	0.9482589960098267	0.0	*
p.Gly1405Ile	0.8035094738006592	0.0	*
p.Gly1405Leu	0.8215726017951965	0.0	*
p.Gly1405Lys	0.9280396699905396	0.0	*
p.Gly1405Met	0.9490923881530762	0.0	*
p.Gly1405Phe	0.823942244052887	0.0	*
p.Gly1405Ser	0.9784884452819824	0.0	*
p.Gly1405Ter	*	*	*
p.Gly1405Thr	0.9642927646636963	0.0	*
p.Gly1405Trp	0.6337068676948547	0.0	*
p.Gly1405Tyr	0.6883506774902344	0.0	*
p.Gly1405Val	0.6972362995147705	0.0	*
p.Gly1449=	*	*	*
p.Gly1449Ala	0.9561749696731567	0.0	*
p.Gly1449Arg	0.9085946083068848	0.0	*
p.Gly1449Asn	0.9707791805267334	0.0	*
p.Gly1449Asp	0.980122983455658	0.0	*
p.Gly1449Cys	0.8834441900253296	0.0	*
p.Gly1449Gln	0.9375548362731934	0.0	*
p.Gly1449Glu	0.9668086767196655	0.0	*
p.Gly1449His	0.9652600884437561	0.0	*
p.Gly1449Ile	0.8673429489135742	0.0	*
p.Gly1449Leu	0.8686352968215942	0.0	*
p.Gly1449Lys	0.9349880218505859	0.0	*
p.Gly1449Met	0.9006242752075195	0.0	*
p.Gly1449Phe	0.8536641597747803	0.0	*
p.Gly1449Pro	0.9427089095115662	0.0	*
p.Gly1449Ser	0.975311279296875	0.0	*
p.Gly1449Ter	*	*	*
p.Gly1449Thr	0.9628843069076538	0.0	*
p.Gly1449Trp	0.7957562208175659	0.0	*
p.Gly1449Tyr	0.8096763491630554	0.0	*
p.Gly1449Val	0.8128430843353271	0.0	*
p.Gly1458=	*	*	*
p.Gly1458Ala	0.6884502172470093	0.0	*
p.Gly1458Arg	0.4836246967315674	0.0	*
p.Gly1458Asn	0.876680314540863	0.0	*
p.Gly1458Asp	0.8816439509391785	0.0	*
p.Gly1458Cys	0.20815038681030273	0.0	*
p.Gly1458Gln	0.6724846363067627	0.0	*
p.Gly1458Glu	0.5544372797012329	0.0	*
p.Gly1458His	0.7010452747344971	0.0	*
p.Gly1458Ile	0.2980738878250122	0.0	*
p.Gly1458Leu	0.5375542640686035	0.0	*
p.Gly1458Lys	0.7507297992706299	0.0	*
p.Gly1458Met	0.7116191387176514	0.0	*
p.Gly1458Phe	0.5063790678977966	0.0	*
p.Gly1458Pro	0.5571924448013306	0.0	*
p.Gly1458Ser	0.9481356143951416	0.0	*
p.Gly1458Ter	*	*	*
p.Gly1458Thr	0.8732689023017883	0.0	*
p.Gly1458Trp	0.25933897495269775	0.0	*
p.Gly1458Tyr	0.36495500802993774	0.0	*
p.Gly1458Val	0.4246479868888855	0.0	*
p.Gly710=	*	*	*
p.Gly710Ala	0.022942543029785156	0.0	*
p.Gly710Arg	0.0018779635429382324	0.0	*
p.Gly710Asn	0.013605237007141113	0.0	*
p.Gly710Asp	0.007259190082550049	0.0	*
p.Gly710Cys	0.008488595485687256	0.0	*
p.Gly710Gln	0.010236263275146484	0.0	*
p.Gly710Glu	0.005116283893585205	0.0	*
p.Gly710His	0.009037315845489502	0.0	*
p.Gly710Ile	0.004355907440185547	0.0	*
p.Gly710Leu	0.006066024303436279	0.0	*
p.Gly710Lys	0.005455136299133301	0.0	*
p.Gly710Met	0.014735639095306396	0.0	*
p.Gly710Phe	0.00479435920715332	0.0	*
p.Gly710Pro	0.003170192241668701	0.0	*
p.Gly710Ser	0.019557178020477295	0.0	*
p.Gly710Ter	*	*	*
p.Gly710Thr	0.0182228684425354	0.0	*
p.Gly710Trp	0.002778291702270508	0.0	*
p.Gly710Tyr	0.004110872745513916	0.0	*
p.Gly710Val	0.006399989128112793	0.0	*
p.Gly711=	*	*	*
p.Gly711Ala	0.022907376289367676	0.0	*
p.Gly711Arg	0.002148866653442383	0.0	*
p.Gly711Asn	0.020754337310791016	0.0	*
p.Gly711Asp	0.005433559417724609	0.0	*
p.Gly711Cys	0.00748753547668457	0.0	*
p.Gly711Gln	0.010796725749969482	0.0	*
p.Gly711Glu	0.004655182361602783	0.0	*
p.Gly711His	0.007643222808837891	0.0	*
p.Gly711Ile	0.006740152835845947	0.0	*
p.Gly711Leu	0.008219301700592041	0.0	*
p.Gly711Lys	0.008587121963500977	0.0	*
p.Gly711Met	0.03822636604309082	0.0	*
p.Gly711Phe	0.00563126802444458	0.0	*
p.Gly711Pro	0.004907965660095215	0.0	*
p.Gly711Ser	0.03676629066467285	0.0	*
p.Gly711Ter	*	*	*
p.Gly711Thr	0.024728119373321533	0.0	*
p.Gly711Trp	0.002350151538848877	0.0	*
p.Gly711Tyr	0.005724012851715088	0.0	*
p.Gly711Val	0.0067487359046936035	0.0	*
p.Gly777=	*	*	*
p.Gly777Ala	0.017685413360595703	0.0	*
p.Gly777Arg	0.0012691617012023926	0.0	*
p.Gly777Asn	0.01909172534942627	0.0	*
p.Gly777Asp	0.0029227733612060547	0.0	*
p.Gly777Cys	0.0038594603538513184	0.0	*
p.Gly777Gln	0.003310084342956543	0.0	*
p.Gly777Glu	0.001138925552368164	0.0	*
p.Gly777His	0.003642141819000244	0.0	*
p.Gly777Ile	0.002604246139526367	0.0	*
p.Gly777Leu	0.003233790397644043	0.0	*
p.Gly777Lys	0.002533435821533203	0.0	*
p.Gly777Met	0.008094549179077148	0.0	*
p.Gly777Phe	0.0018877983093261719	0.0	*
p.Gly777Pro	0.0015140175819396973	0.0	*
p.Gly777Ser	0.021832406520843506	0.0	*
p.Gly777Ter	*	*	*
p.Gly777Thr	0.005085945129394531	0.0	*
p.Gly777Trp	0.0016512870788574219	0.0	*
p.Gly777Tyr	0.0017991065979003906	0.0	*
p.Gly777Val	0.0020371675491333008	0.0	*
p.Gly809=	*	*	*
p.Gly809Ala	0.6298285722732544	0.0	*
p.Gly809Arg	0.1525086760520935	0.0	*
p.Gly809Asn	0.6948474645614624	0.0	*
p.Gly809Asp	0.17937898635864258	0.0	*
p.Gly809Cys	0.07448899745941162	0.0	*
p.Gly809Gln	0.41521376371383667	0.0	*
p.Gly809Glu	0.10648256540298462	0.0	*
p.Gly809His	0.37199288606643677	0.0	*
p.Gly809Ile	0.2731364965438843	0.0	*
p.Gly809Leu	0.2690346837043762	0.0	*
p.Gly809Lys	0.3788754343986511	0.0	*
p.Gly809Met	0.4938808083534241	0.0	*
p.Gly809Phe	0.15965664386749268	0.0	*
p.Gly809Pro	0.05122095346450806	0.0	*
p.Gly809Ser	0.6325055360794067	0.0	*
p.Gly809Ter	*	*	*
p.Gly809Thr	0.2854212522506714	0.0	*
p.Gly809Trp	0.1227118968963623	0.0	*
p.Gly809Tyr	0.08828198909759521	0.0	*
p.Gly809Val	0.08087939023971558	0.0	*
p.Gly828=	*	*	*
p.Gly828Ala	0.2431412935256958	0.0	*
p.Gly828Arg	0.05205017328262329	0.0	*
p.Gly828Asn	0.34670591354370117	0.0	*
p.Gly828Asp	0.055019259452819824	0.0	*
p.Gly828Cys	0.08630931377410889	0.0	*
p.Gly828Gln	0.08684021234512329	0.0	*
p.Gly828Glu	0.050721704959869385	0.0	*
p.Gly828His	0.06315398216247559	0.0	*
p.Gly828Ile	0.05346399545669556	0.0	*
p.Gly828Leu	0.038494110107421875	0.0	*
p.Gly828Lys	0.09836852550506592	0.0	*
p.Gly828Met	0.08875954151153564	0.0	*
p.Gly828Phe	0.04064148664474487	0.0	*
p.Gly828Pro	0.02724003791809082	0.0	*
p.Gly828Ser	0.1669468879699707	0.0	*
p.Gly828Ter	*	*	*
p.Gly828Thr	0.07594066858291626	0.0	*
p.Gly828Trp	0.020749688148498535	0.0	*
p.Gly828Tyr	0.02737903594970703	0.0	*
p.Gly828Val	0.017944276332855225	0.0	*
p.Gly836=	*	*	*
p.Gly836Ala	0.13347631692886353	0.0	*
p.Gly836Arg	0.06044363975524902	0.0	*
p.Gly836Asn	0.3702182173728943	0.0	*
p.Gly836Asp	0.11360567808151245	0.0	*
p.Gly836Cys	0.026317715644836426	0.0	*
p.Gly836Gln	0.07564383745193481	0.0	*
p.Gly836Glu	0.0654570460319519	0.0	*
p.Gly836His	0.07494652271270752	0.0	*
p.Gly836Ile	0.014072775840759277	0.0	*
p.Gly836Leu	0.029584765434265137	0.0	*
p.Gly836Lys	0.06810164451599121	0.0	*
p.Gly836Met	0.05789303779602051	0.0	*
p.Gly836Phe	0.023358047008514404	0.0	*
p.Gly836Pro	0.05617755651473999	0.0	*
p.Gly836Ser	0.27694040536880493	0.0	*
p.Gly836Ter	*	*	*
p.Gly836Thr	0.03910386562347412	0.0	*
p.Gly836Trp	0.014276683330535889	0.0	*
p.Gly836Tyr	0.023526310920715332	0.0	*
p.Gly836Val	0.014207839965820312	0.0	*
p.Gly837=	*	*	*
p.Gly837Ala	0.025383055210113525	0.0	*
p.Gly837Arg	0.013549447059631348	0.0	*
p.Gly837Asn	0.09115320444107056	0.0	*
p.Gly837Asp	0.011399984359741211	0.0	*
p.Gly837Cys	0.0065879225730896	0.0	*
p.Gly837Gln	0.018651843070983887	0.0	*
p.Gly837Glu	0.008684635162353516	0.0	*
p.Gly837His	0.012518167495727539	0.0	*
p.Gly837Ile	0.01006549596786499	0.0	*
p.Gly837Leu	0.011139452457427979	0.0	*
p.Gly837Lys	0.014621734619140625	0.0	*
p.Gly837Met	0.027421414852142334	0.0	*
p.Gly837Phe	0.006944000720977783	0.0	*
p.Gly837Pro	0.013173103332519531	0.0	*
p.Gly837Ser	0.033955931663513184	0.0	*
p.Gly837Ter	*	*	*
p.Gly837Thr	0.013498842716217041	0.0	*
p.Gly837Trp	0.006012916564941406	0.0	*
p.Gly837Tyr	0.00890505313873291	0.0	*
p.Gly837Val	0.0065850019454956055	0.0	*
p.Gly843=	*	*	*
p.Gly843Ala	5.793571472167969e-05	0.0	*
p.Gly843Arg	2.4080276489257812e-05	0.0	*
p.Gly843Asn	0.00010287761688232422	0.0	*
p.Gly843Asp	1.7762184143066406e-05	0.0	*
p.Gly843Cys	2.2292137145996094e-05	0.0	*
p.Gly843Gln	5.364418029785156e-05	0.0	*
p.Gly843Glu	7.271766662597656e-06	0.0	*
p.Gly843His	7.987022399902344e-06	0.0	*
p.Gly843Ile	5.030632019042969e-05	0.0	*
p.Gly843Leu	3.5762786865234375e-05	0.0	*
p.Gly843Met	5.1021575927734375e-05	0.0	*
p.Gly843Phe	2.2649765014648438e-05	0.0	*
p.Gly843Pro	3.504753112792969e-05	0.0	*
p.Gly843Ser	8.797645568847656e-05	0.0	*
p.Gly843Ter	*	*	*
p.Gly843Thr	3.5881996154785156e-05	0.0	*
p.Gly843Tyr	6.35385513305664e-05	0.0	*
p.Gly843Val	2.3365020751953125e-05	0.0	*
p.Gly848=	*	*	*
p.Gly848Ala	0.06488072872161865	0.0	*
p.Gly848Arg	0.02002084255218506	0.0	*
p.Gly848Asn	0.14774435758590698	0.0	*
p.Gly848Asp	0.07291078567504883	0.0	*
p.Gly848Cys	0.023522138595581055	0.0	*
p.Gly848Gln	0.07301652431488037	0.0	*
p.Gly848Glu	0.029679954051971436	0.0	*
p.Gly848His	0.0554354190826416	0.0	*
p.Gly848Ile	0.015553414821624756	0.0	*
p.Gly848Leu	0.022505998611450195	0.0	*
p.Gly848Lys	0.029332995414733887	0.0	*
p.Gly848Met	0.04892325401306152	0.0	*
p.Gly848Phe	0.01358574628829956	0.0	*
p.Gly848Pro	0.02111351490020752	0.0	*
p.Gly848Ser	0.08624851703643799	0.0	*
p.Gly848Ter	*	*	*
p.Gly848Thr	0.02211594581604004	0.0	*
p.Gly848Trp	0.009549438953399658	0.0	*
p.Gly848Tyr	0.018824398517608643	0.0	*
p.Gly848Val	0.011306464672088623	0.0	*
p.Gly859=	*	*	*
p.Gly859Ala	0.019985675811767578	0.0	*
p.Gly859Arg	0.004492282867431641	0.0	*
p.Gly859Asn	0.037983477115631104	0.0	*
p.Gly859Asp	0.006805896759033203	0.0	*
p.Gly859Cys	0.006825149059295654	0.0	*
p.Gly859Gln	0.007667064666748047	0.0	*
p.Gly859Glu	0.0026253461837768555	0.0	*
p.Gly859His	0.0048767924308776855	0.0	*
p.Gly859Ile	0.0025274157524108887	0.0	*
p.Gly859Leu	0.0037041306495666504	0.0	*
p.Gly859Lys	0.008988022804260254	0.0	*
p.Gly859Met	0.008711099624633789	0.0	*
p.Gly859Phe	0.002246677875518799	0.0	*
p.Gly859Pro	0.003056347370147705	0.0	*
p.Gly859Ser	0.01814669370651245	0.0	*
p.Gly859Ter	*	*	*
p.Gly859Thr	0.006262540817260742	0.0	*
p.Gly859Trp	0.002000153064727783	0.0	*
p.Gly859Tyr	0.002108752727508545	0.0	*
p.Gly859Val	0.0028576254844665527	0.0	*
p.Gly869=	*	*	*
p.Gly869Ala	0.6560167074203491	0.0	*
p.Gly869Arg	0.3000528812408447	0.0	*
p.Gly869Asn	0.7650504112243652	0.0	*
p.Gly869Asp	0.520817220211029	0.0	*
p.Gly869Cys	0.3652834892272949	0.0	*
p.Gly869Gln	0.2911808490753174	0.0	*
p.Gly869Glu	0.3590129017829895	0.0	*
p.Gly869His	0.3394680619239807	0.0	*
p.Gly869Ile	0.23279929161071777	0.0	*
p.Gly869Leu	0.32370948791503906	0.0	*
p.Gly869Lys	0.4162173867225647	0.0	*
p.Gly869Met	0.362876296043396	0.0	*
p.Gly869Phe	0.1916847825050354	0.0	*
p.Gly869Pro	0.4941835403442383	0.0	*
p.Gly869Ser	0.46247267723083496	0.0	*
p.Gly869Ter	*	*	*
p.Gly869Thr	0.2969807982444763	0.0	*
p.Gly869Trp	0.12755674123764038	0.0	*
p.Gly869Tyr	0.15777593851089478	0.0	*
p.Gly869Val	0.1330469846725464	0.0	*
p.Gly875=	*	*	*
p.Gly875Ala	0.0025221705436706543	0.0	*
p.Gly875Arg	0.0003457069396972656	0.0	*
p.Gly875Asn	0.0024138689041137695	0.0	*
p.Gly875Asp	0.0007041692733764648	0.0	*
p.Gly875Cys	0.00047600269317626953	0.0	*
p.Gly875Gln	0.0013960003852844238	0.0	*
p.Gly875Glu	0.0003985762596130371	0.0	*
p.Gly875His	0.0004495978355407715	0.0	*
p.Gly875Ile	0.00041109323501586914	0.0	*
p.Gly875Leu	0.00044912099838256836	0.0	*
p.Gly875Lys	0.0005314946174621582	0.0	*
p.Gly875Met	0.0009680986404418945	0.0	*
p.Gly875Phe	0.0003399848937988281	0.0	*
p.Gly875Pro	0.0003757476806640625	0.0	*
p.Gly875Ser	0.0019519329071044922	0.0	*
p.Gly875Ter	*	*	*
p.Gly875Thr	0.0007162690162658691	0.0	*
p.Gly875Tyr	0.0006496310234069824	0.0	*
p.Gly875Val	0.0005170106887817383	0.0	*
p.Gly881=	*	*	*
p.Gly881Ala	0.2724343538284302	0.0	*
p.Gly881Arg	0.026020169258117676	0.0	*
p.Gly881Asn	0.2677884101867676	0.0	*
p.Gly881Asp	0.0664132833480835	0.0	*
p.Gly881Cys	0.05726921558380127	0.0	*
p.Gly881Gln	0.10712099075317383	0.0	*
p.Gly881Glu	0.03870809078216553	0.0	*
p.Gly881His	0.06562548875808716	0.0	*
p.Gly881Ile	0.04793483018875122	0.0	*
p.Gly881Leu	0.05570399761199951	0.0	*
p.Gly881Lys	0.06937432289123535	0.0	*
p.Gly881Met	0.08890414237976074	0.0	*
p.Gly881Phe	0.028591454029083252	0.0	*
p.Gly881Pro	0.049712181091308594	0.0	*
p.Gly881Ser	0.2256038784980774	0.0	*
p.Gly881Ter	*	*	*
p.Gly881Thr	0.05707210302352905	0.0	*
p.Gly881Trp	0.0225294828414917	0.0	*
p.Gly881Tyr	0.020407497882843018	0.0	*
p.Gly881Val	0.021931171417236328	0.0	*
p.Gly891=	*	*	*
p.Gly891Ala	0.005234956741333008	0.0	*
p.Gly891Arg	0.0008423328399658203	0.0	*
p.Gly891Asn	0.005290865898132324	0.0	*
p.Gly891Asp	0.002231121063232422	0.0	*
p.Gly891Cys	0.0007044076919555664	0.0	*
p.Gly891Gln	0.0017055869102478027	0.0	*
p.Gly891Glu	0.0006723403930664062	0.0	*
p.Gly891His	0.001553952693939209	0.0	*
p.Gly891Ile	0.001159965991973877	0.0	*
p.Gly891Leu	0.001197218894958496	0.0	*
p.Gly891Lys	0.0019136667251586914	0.0	*
p.Gly891Met	0.0014916062355041504	0.0	*
p.Gly891Phe	0.0009372830390930176	0.0	*
p.Gly891Pro	0.0010632872581481934	0.0	*
p.Gly891Ser	0.006312668323516846	0.0	*
p.Gly891Ter	*	*	*
p.Gly891Thr	0.002555251121520996	0.0	*
p.Gly891Trp	0.0003838539123535156	0.0	*
p.Gly891Tyr	0.0008541345596313477	0.0	*
p.Gly891Val	0.0009607076644897461	0.0	*
p.Gly922=	*	*	*
p.Gly922Ala	0.005472123622894287	0.0	*
p.Gly922Arg	0.0007374882698059082	0.0	*
p.Gly922Asn	0.006171286106109619	0.0	*
p.Gly922Asp	0.0015924572944641113	0.0	*
p.Gly922Cys	0.0012624859809875488	0.0	*
p.Gly922Gln	0.002807438373565674	0.0	*
p.Gly922Glu	0.0004538893699645996	0.0	*
p.Gly922His	0.0014931559562683105	0.0	*
p.Gly922Ile	0.0015500783920288086	0.0	*
p.Gly922Leu	0.0011472702026367188	0.0	*
p.Gly922Lys	0.0019884109497070312	0.0	*
p.Gly922Met	0.0017572641372680664	0.0	*
p.Gly922Phe	0.0005581974983215332	0.0	*
p.Gly922Pro	0.0003050565719604492	0.0	*
p.Gly922Ser	0.025840163230895996	0.0	*
p.Gly922Ter	*	*	*
p.Gly922Thr	0.0017820000648498535	0.0	*
p.Gly922Trp	0.0005993843078613281	0.0	*
p.Gly922Tyr	0.00048792362213134766	0.0	*
p.Gly922Val	0.0005911588668823242	0.0	*
p.Gly943=	*	*	*
p.Gly943Ala	0.7563611268997192	0.0	*
p.Gly943Arg	0.18590915203094482	0.0	*
p.Gly943Asn	0.6840931177139282	0.0	*
p.Gly943Asp	0.26113027334213257	0.0	*
p.Gly943Cys	0.32897841930389404	0.0	*
p.Gly943Gln	0.3104773163795471	0.0	*
p.Gly943Glu	0.10099929571151733	0.0	*
p.Gly943His	0.31446605920791626	0.0	*
p.Gly943Ile	0.2525207996368408	0.0	*
p.Gly943Leu	0.26206570863723755	0.0	*
p.Gly943Lys	0.4375891089439392	0.0	*
p.Gly943Met	0.5805391073226929	0.0	*
p.Gly943Phe	0.2686377763748169	0.0	*
p.Gly943Pro	0.12109619379043579	0.0	*
p.Gly943Ser	0.822020411491394	0.0	*
p.Gly943Ter	*	*	*
p.Gly943Thr	0.5719715356826782	0.0	*
p.Gly943Trp	0.18227118253707886	0.0	*
p.Gly943Tyr	0.17151880264282227	0.0	*
p.Gly943Val	0.12931865453720093	0.0	*
p.Gly948=	*	*	*
p.Gly948Ala	0.9626687169075012	0.0	*
p.Gly948Arg	0.8974048495292664	0.0	*
p.Gly948Asn	0.9871953725814819	0.0	*
p.Gly948Asp	0.9617469906806946	0.0	*
p.Gly948Cys	0.904426097869873	0.0	*
p.Gly948Gln	0.9200312495231628	0.0	*
p.Gly948Glu	0.9090493321418762	0.0	*
p.Gly948His	0.9638254642486572	0.0	*
p.Gly948Ile	0.7910444736480713	0.0	*
p.Gly948Leu	0.8249219655990601	0.0	*
p.Gly948Lys	0.9501352906227112	0.0	*
p.Gly948Met	0.9624019861221313	0.0	*
p.Gly948Phe	0.8509871959686279	0.0	*
p.Gly948Pro	0.8410403728485107	0.0	*
p.Gly948Ser	0.9754100441932678	0.0	*
p.Gly948Ter	*	*	*
p.Gly948Thr	0.9574800133705139	0.0	*
p.Gly948Trp	0.7046492099761963	0.0	*
p.Gly948Tyr	0.7751907110214233	0.0	*
p.Gly948Val	0.5424696803092957	0.0	*
p.Gly988=	*	*	*
p.Gly988Ala	0.0001304149627685547	0.0	*
p.Gly988Arg	7.021427154541016e-05	0.0	*
p.Gly988Asn	0.0003472566604614258	0.0	*
p.Gly988Asp	5.9485435485839844e-05	0.0	*
p.Gly988Cys	0.00011920928955078125	0.0	*
p.Gly988Gln	5.5789947509765625e-05	0.0	*
p.Gly988Glu	2.300739288330078e-05	0.0	*
p.Gly988His	4.398822784423828e-05	0.0	*
p.Gly988Ile	9.942054748535156e-05	0.0	*
p.Gly988Leu	0.00011670589447021484	0.0	*
p.Gly988Lys	6.29425048828125e-05	0.0	*
p.Gly988Met	0.00018137693405151367	0.0	*
p.Gly988Phe	6.341934204101562e-05	0.0	*
p.Gly988Pro	0.0001583099365234375	0.0	*
p.Gly988Ser	0.0002307295799255371	0.0	*
p.Gly988Ter	*	*	*
p.Gly988Thr	0.00020259618759155273	0.0	*
p.Gly988Trp	5.161762237548828e-05	0.0	*
p.Gly988Tyr	0.00025838613510131836	0.0	*
p.Gly988Val	0.00012362003326416016	0.0	*
p.Gly998=	*	*	*
p.Gly998Ala	3.5762786865234375e-06	0.0	*
p.Gly998Arg	7.152557373046875e-07	0.0	*
p.Gly998Asn	1.9073486328125e-06	0.0	*
p.Gly998Asp	8.344650268554688e-07	0.0	*
p.Gly998Cys	1.1920928955078125e-06	0.0	*
p.Gly998Gln	2.7418136596679688e-06	0.0	*
p.Gly998Glu	3.5762786865234375e-07	0.0	*
p.Gly998His	9.5367431640625e-07	0.0	*
p.Gly998Ile	2.2649765014648438e-06	0.0	*
p.Gly998Leu	1.7881393432617188e-06	0.0	*
p.Gly998Lys	1.7881393432617188e-06	0.0	*
p.Gly998Met	2.1457672119140625e-06	0.0	*
p.Gly998Phe	1.0728836059570312e-06	0.0	*
p.Gly998Pro	4.76837158203125e-07	0.0	*
p.Gly998Ser	1.1801719665527344e-05	0.0	*
p.Gly998Ter	*	*	*
p.Gly998Thr	2.5033950805664062e-06	0.0	*
p.Gly998Trp	1.430511474609375e-06	0.0	*
p.Gly998Tyr	1.430511474609375e-06	0.0	*
p.Gly998Val	2.384185791015625e-06	0.0	*
p.His1019=	*	*	*
p.His1019Ala	0.11877113580703735	0.0	*
p.His1019Arg	0.04264181852340698	0.0	*
p.His1019Asn	0.08579486608505249	0.0	*
p.His1019Asp	0.017206430435180664	0.0	*
p.His1019Cys	0.030315935611724854	0.0	*
p.His1019Gln	0.02639216184616089	0.0	*
p.His1019Glu	0.005233287811279297	0.0	*
p.His1019Gly	0.1042788028717041	0.0	*
p.His1019Ile	0.020852863788604736	0.0	*
p.His1019Leu	0.047438740730285645	0.0	*
p.His1019Lys	0.0456966757774353	0.0	*
p.His1019Met	0.11138558387756348	0.0	*
p.His1019Phe	0.037960946559906006	0.0	*
p.His1019Pro	0.0037908554077148438	0.0	*
p.His1019Ser	0.14430862665176392	0.0	*
p.His1019Ter	*	*	*
p.His1019Thr	0.05985146760940552	0.0	*
p.His1019Trp	0.02239745855331421	0.0	*
p.His1019Tyr	0.051793456077575684	0.0	*
p.His1019Val	0.06607353687286377	0.0	*
p.His1034=	*	*	*
p.His1034Ala	0.6581088900566101	0.0	*
p.His1034Arg	0.37927699089050293	0.0	*
p.His1034Asn	0.7491763234138489	0.0	*
p.His1034Asp	0.2224893569946289	0.0	*
p.His1034Cys	0.21176517009735107	0.0	*
p.His1034Gln	0.20257341861724854	0.0	*
p.His1034Glu	0.0862916111946106	0.0	*
p.His1034Gly	0.4095175862312317	0.0	*
p.His1034Ile	0.1810539960861206	0.0	*
p.His1034Leu	0.22079098224639893	0.0	*
p.His1034Lys	0.284740149974823	0.0	*
p.His1034Met	0.45356667041778564	0.0	*
p.His1034Phe	0.1729171872138977	0.0	*
p.His1034Pro	0.0667845606803894	0.0	*
p.His1034Ser	0.6954578161239624	0.0	*
p.His1034Ter	*	*	*
p.His1034Thr	0.5639382600784302	0.0	*
p.His1034Trp	0.08120495080947876	0.0	*
p.His1034Tyr	0.18695342540740967	0.0	*
p.His1034Val	0.2485712170600891	0.0	*
p.His1069=	*	*	*
p.His1069Ala	0.010546445846557617	0.0	*
p.His1069Arg	0.015004217624664307	0.0	*
p.His1069Asn	0.017235875129699707	0.0	*
p.His1069Asp	0.011247575283050537	0.0	*
p.His1069Cys	0.00170058012008667	0.0	*
p.His1069Gln	0.005967557430267334	0.0	*
p.His1069Glu	0.003953039646148682	0.0	*
p.His1069Gly	0.0071190595626831055	0.0	*
p.His1069Ile	0.004829466342926025	0.0	*
p.His1069Leu	0.004493355751037598	0.0	*
p.His1069Lys	0.006574034690856934	0.0	*
p.His1069Met	0.006059050559997559	0.0	*
p.His1069Phe	0.003157496452331543	0.0	*
p.His1069Pro	0.0018818378448486328	0.0	*
p.His1069Ser	0.017938673496246338	0.0	*
p.His1069Ter	*	*	*
p.His1069Thr	0.012178003787994385	0.0	*
p.His1069Trp	0.0024170875549316406	0.0	*
p.His1069Tyr	0.0063596367835998535	0.0	*
p.His1069Val	0.008547544479370117	0.0	*
p.His1115=	*	*	*
p.His1115Ala	0.09775269031524658	0.0	*
p.His1115Arg	0.017959117889404297	0.0	*
p.His1115Asn	0.06231129169464111	0.0	*
p.His1115Asp	0.06759488582611084	0.0	*
p.His1115Cys	0.03486812114715576	0.0	*
p.His1115Gln	0.11274689435958862	0.0	*
p.His1115Glu	0.032406389713287354	0.0	*
p.His1115Gly	0.1062358021736145	0.0	*
p.His1115Ile	0.020675241947174072	0.0	*
p.His1115Leu	0.03685438632965088	0.0	*
p.His1115Lys	0.05070304870605469	0.0	*
p.His1115Met	0.06395477056503296	0.0	*
p.His1115Phe	0.05804973840713501	0.0	*
p.His1115Pro	0.015553414821624756	0.0	*
p.His1115Ser	0.17388367652893066	0.0	*
p.His1115Ter	*	*	*
p.His1115Thr	0.07703500986099243	0.0	*
p.His1115Trp	0.03889632225036621	0.0	*
p.His1115Tyr	0.06516385078430176	0.0	*
p.His1115Val	0.07486838102340698	0.0	*
p.His1126=	*	*	*
p.His1126Ala	0.5461180210113525	0.0	*
p.His1126Arg	0.5236161351203918	0.0	*
p.His1126Asn	0.7257633209228516	0.0	*
p.His1126Asp	0.45454758405685425	0.0	*
p.His1126Cys	0.24761497974395752	0.0	*
p.His1126Gln	0.2688915729522705	0.0	*
p.His1126Glu	0.3118824362754822	0.0	*
p.His1126Gly	0.5983161926269531	0.0	*
p.His1126Ile	0.24804812669754028	0.0	*
p.His1126Leu	0.4193075895309448	0.0	*
p.His1126Lys	0.42112892866134644	0.0	*
p.His1126Met	0.4666098356246948	0.0	*
p.His1126Phe	0.38609981536865234	0.0	*
p.His1126Pro	0.41850030422210693	0.0	*
p.His1126Ser	0.731022834777832	0.0	*
p.His1126Ter	*	*	*
p.His1126Thr	0.6898461580276489	0.0	*
p.His1126Trp	0.3362867832183838	0.0	*
p.His1126Tyr	0.34100544452667236	0.0	*
p.His1126Val	0.43016380071640015	0.0	*
p.His1172=	*	*	*
p.His1172Ala	0.01504528522491455	0.0	*
p.His1172Arg	0.01185464859008789	0.0	*
p.His1172Asn	0.01853543519973755	0.0	*
p.His1172Asp	0.007842063903808594	0.0	*
p.His1172Cys	0.005322694778442383	0.0	*
p.His1172Gln	0.00782787799835205	0.0	*
p.His1172Glu	0.0033881068229675293	0.0	*
p.His1172Gly	0.00979602336883545	0.0	*
p.His1172Ile	0.006227672100067139	0.0	*
p.His1172Leu	0.009669899940490723	0.0	*
p.His1172Lys	0.009941279888153076	0.0	*
p.His1172Met	0.01697641611099243	0.0	*
p.His1172Phe	0.003751099109649658	0.0	*
p.His1172Pro	0.0011625885963439941	0.0	*
p.His1172Ser	0.03773993253707886	0.0	*
p.His1172Ter	*	*	*
p.His1172Thr	0.013273239135742188	0.0	*
p.His1172Trp	0.0049607157707214355	0.0	*
p.His1172Tyr	0.005934238433837891	0.0	*
p.His1172Val	0.009722292423248291	0.0	*
p.His1207=	*	*	*
p.His1207Ala	0.08576029539108276	0.0	*
p.His1207Arg	0.05064380168914795	0.0	*
p.His1207Asn	0.11298626661300659	0.0	*
p.His1207Asp	0.019366562366485596	0.0	*
p.His1207Cys	0.059303104877471924	0.0	*
p.His1207Gln	0.028156518936157227	0.0	*
p.His1207Glu	0.007399797439575195	0.0	*
p.His1207Gly	0.10151916742324829	0.0	*
p.His1207Ile	0.05196404457092285	0.0	*
p.His1207Leu	0.0547410249710083	0.0	*
p.His1207Lys	0.030890822410583496	0.0	*
p.His1207Met	0.17280209064483643	0.0	*
p.His1207Phe	0.03440892696380615	0.0	*
p.His1207Pro	0.0034296512603759766	0.0	*
p.His1207Ser	0.17183011770248413	0.0	*
p.His1207Ter	*	*	*
p.His1207Thr	0.16471290588378906	0.0	*
p.His1207Trp	0.04022032022476196	0.0	*
p.His1207Tyr	0.06721597909927368	0.0	*
p.His1207Val	0.15061163902282715	0.0	*
p.His1247=	*	*	*
p.His1247Ala	0.11434286832809448	0.0	*
p.His1247Arg	0.12221193313598633	0.0	*
p.His1247Asn	0.23334914445877075	0.0	*
p.His1247Asp	0.04421645402908325	0.0	*
p.His1247Cys	0.0681384801864624	0.0	*
p.His1247Gln	0.04207056760787964	0.0	*
p.His1247Glu	0.012797296047210693	0.0	*
p.His1247Gly	0.09859281778335571	0.0	*
p.His1247Ile	0.043606460094451904	0.0	*
p.His1247Leu	0.06308162212371826	0.0	*
p.His1247Lys	0.06974923610687256	0.0	*
p.His1247Met	0.10767745971679688	0.0	*
p.His1247Phe	0.05509823560714722	0.0	*
p.His1247Pro	0.018265724182128906	0.0	*
p.His1247Ser	0.2694939374923706	0.0	*
p.His1247Ter	*	*	*
p.His1247Thr	0.1493319272994995	0.0	*
p.His1247Trp	0.028495490550994873	0.0	*
p.His1247Tyr	0.09390610456466675	0.0	*
p.His1247Val	0.10242283344268799	0.0	*
p.His1312=	*	*	*
p.His1312Ala	0.024394214153289795	0.0	*
p.His1312Arg	0.01699531078338623	0.0	*
p.His1312Asn	0.027373850345611572	0.0	*
p.His1312Asp	0.007979333400726318	0.0	*
p.His1312Cys	0.007772386074066162	0.0	*
p.His1312Gln	0.008618295192718506	0.0	*
p.His1312Glu	0.0015600323677062988	0.0	*
p.His1312Gly	0.025954902172088623	0.0	*
p.His1312Ile	0.0074002742767333984	0.0	*
p.His1312Leu	0.010173201560974121	0.0	*
p.His1312Lys	0.013994216918945312	0.0	*
p.His1312Met	0.027994930744171143	0.0	*
p.His1312Phe	0.008387327194213867	0.0	*
p.His1312Pro	0.001241445541381836	0.0	*
p.His1312Ser	0.054784417152404785	0.0	*
p.His1312Ter	*	*	*
p.His1312Thr	0.038590431213378906	0.0	*
p.His1312Trp	0.0056656599044799805	0.0	*
p.His1312Tyr	0.011411666870117188	0.0	*
p.His1312Val	0.033567845821380615	0.0	*
p.His1389=	*	*	*
p.His1389Ala	0.9996181726455688	0.0	*
p.His1389Arg	0.9964737296104431	0.0	*
p.His1389Asn	0.9987601637840271	0.0	*
p.His1389Asp	0.995084822177887	0.0	*
p.His1389Cys	0.9979193806648254	0.0	*
p.His1389Gln	0.9983702898025513	0.0	*
p.His1389Glu	0.9968562126159668	0.0	*
p.His1389Gly	0.9985606670379639	0.0	*
p.His1389Ile	0.989961564540863	0.0	*
p.His1389Leu	0.9985858201980591	0.0	*
p.His1389Lys	0.9988884329795837	0.0	*
p.His1389Met	0.99945068359375	0.0	*
p.His1389Phe	0.9977000951766968	0.0	*
p.His1389Pro	0.9679461717605591	0.0	*
p.His1389Ser	0.999213695526123	0.0	*
p.His1389Ter	*	*	*
p.His1389Thr	0.9994534254074097	0.0	*
p.His1389Trp	0.9920827150344849	0.0	*
p.His1389Tyr	0.9943346977233887	0.0	*
p.His1389Val	0.996068000793457	0.0	*
p.His1391=	*	*	*
p.His1391Ala	0.9998888373374939	0.0	*
p.His1391Arg	0.9997965097427368	0.0	*
p.His1391Asn	0.9998624324798584	0.0	*
p.His1391Asp	0.999217689037323	0.0	*
p.His1391Cys	0.9997684359550476	0.0	*
p.His1391Gln	0.9994561672210693	0.0	*
p.His1391Glu	0.9991609454154968	0.0	*
p.His1391Gly	0.9999030828475952	0.0	*
p.His1391Ile	0.9995548725128174	0.0	*
p.His1391Leu	0.999817967414856	0.0	*
p.His1391Lys	0.9998173713684082	0.0	*
p.His1391Met	0.9999679327011108	0.0	*
p.His1391Phe	0.9997920989990234	0.0	*
p.His1391Pro	0.9972050189971924	0.0	*
p.His1391Ser	0.9999309778213501	0.0	*
p.His1391Ter	*	*	*
p.His1391Thr	0.9999632239341736	0.0	*
p.His1391Trp	0.999599039554596	0.0	*
p.His1391Tyr	0.9993730187416077	0.0	*
p.His1391Val	0.9997923374176025	0.0	*
p.His1403=	*	*	*
p.His1403Ala	0.9729613065719604	0.0	*
p.His1403Arg	0.9076104760169983	0.0	*
p.His1403Asn	0.9450607895851135	0.0	*
p.His1403Asp	0.9351010322570801	0.0	*
p.His1403Cys	0.906994104385376	0.0	*
p.His1403Gln	0.8777461647987366	0.0	*
p.His1403Glu	0.8674746751785278	0.0	*
p.His1403Gly	0.9471420049667358	0.0	*
p.His1403Ile	0.8509249091148376	0.0	*
p.His1403Leu	0.8344745635986328	0.0	*
p.His1403Lys	0.9183447957038879	0.0	*
p.His1403Met	0.9436005353927612	0.0	*
p.His1403Phe	0.869419276714325	0.0	*
p.His1403Pro	0.7371541261672974	0.0	*
p.His1403Ser	0.9596977233886719	0.0	*
p.His1403Ter	*	*	*
p.His1403Thr	0.986284077167511	0.0	*
p.His1403Trp	0.7776772379875183	0.0	*
p.His1403Tyr	0.8573764562606812	0.0	*
p.His1403Val	0.9268219470977783	0.0	*
p.His1441=	*	*	*
p.His1441Ala	0.8776394128799438	0.0	*
p.His1441Arg	0.8932430148124695	0.0	*
p.His1441Asn	0.9437973499298096	0.0	*
p.His1441Asp	0.873955249786377	0.0	*
p.His1441Cys	0.6773450374603271	0.0	*
p.His1441Gln	0.7668024301528931	0.0	*
p.His1441Glu	0.7856321930885315	0.0	*
p.His1441Gly	0.8199781775474548	0.0	*
p.His1441Ile	0.7352794408798218	0.0	*
p.His1441Leu	0.7764679789543152	0.0	*
p.His1441Lys	0.7899065613746643	0.0	*
p.His1441Met	0.8845657110214233	0.0	*
p.His1441Phe	0.7019532918930054	0.0	*
p.His1441Pro	0.8527452945709229	0.0	*
p.His1441Ser	0.9145674705505371	0.0	*
p.His1441Ter	*	*	*
p.His1441Thr	0.9231711626052856	0.0	*
p.His1441Trp	0.6712647676467896	0.0	*
p.His1441Tyr	0.7528616189956665	0.0	*
p.His1441Val	0.7630903720855713	0.0	*
p.His724=	*	*	*
p.His724Ala	0.8701047301292419	0.0	*
p.His724Arg	0.5129589438438416	0.0	*
p.His724Asn	0.8671137094497681	0.0	*
p.His724Asp	0.5514150857925415	0.0	*
p.His724Cys	0.6185892224311829	0.0	*
p.His724Gln	0.6568619012832642	0.0	*
p.His724Glu	0.49365079402923584	0.0	*
p.His724Gly	0.7845362424850464	0.0	*
p.His724Ile	0.4246678948402405	0.0	*
p.His724Leu	0.6323353052139282	0.0	*
p.His724Lys	0.761951208114624	0.0	*
p.His724Met	0.9103724956512451	0.0	*
p.His724Phe	0.5859948992729187	0.0	*
p.His724Pro	0.10187333822250366	0.0	*
p.His724Ser	0.9109742045402527	0.0	*
p.His724Ter	*	*	*
p.His724Thr	0.8810690641403198	0.0	*
p.His724Trp	0.33199697732925415	0.0	*
p.His724Tyr	0.42602843046188354	0.0	*
p.His724Val	0.6666915416717529	0.0	*
p.His782=	*	*	*
p.His782Ala	0.09627896547317505	0.0	*
p.His782Arg	0.014229059219360352	0.0	*
p.His782Asn	0.07670825719833374	0.0	*
p.His782Asp	0.01268017292022705	0.0	*
p.His782Cys	0.022945165634155273	0.0	*
p.His782Gln	0.026598095893859863	0.0	*
p.His782Glu	0.015105068683624268	0.0	*
p.His782Gly	0.10912454128265381	0.0	*
p.His782Ile	0.016974031925201416	0.0	*
p.His782Leu	0.05281472206115723	0.0	*
p.His782Lys	0.03420281410217285	0.0	*
p.His782Met	0.17033851146697998	0.0	*
p.His782Phe	0.03907179832458496	0.0	*
p.His782Pro	0.0054427385330200195	0.0	*
p.His782Ser	0.11365914344787598	0.0	*
p.His782Ter	*	*	*
p.His782Thr	0.06932556629180908	0.0	*
p.His782Trp	0.016920089721679688	0.0	*
p.His782Tyr	0.029780268669128418	0.0	*
p.His782Val	0.08548641204833984	0.0	*
p.His880=	*	*	*
p.His880Ala	0.12309437990188599	0.0	*
p.His880Arg	0.03308451175689697	0.0	*
p.His880Asn	0.15041428804397583	0.0	*
p.His880Asp	0.04480093717575073	0.0	*
p.His880Cys	0.042134881019592285	0.0	*
p.His880Gln	0.03585547208786011	0.0	*
p.His880Glu	0.017289340496063232	0.0	*
p.His880Gly	0.12956053018569946	0.0	*
p.His880Ile	0.028849124908447266	0.0	*
p.His880Leu	0.05389636754989624	0.0	*
p.His880Lys	0.06582534313201904	0.0	*
p.His880Met	0.10150116682052612	0.0	*
p.His880Phe	0.05615365505218506	0.0	*
p.His880Pro	0.017515361309051514	0.0	*
p.His880Ser	0.14856243133544922	0.0	*
p.His880Ter	*	*	*
p.His880Thr	0.08582228422164917	0.0	*
p.His880Trp	0.030372202396392822	0.0	*
p.His880Tyr	0.08014625310897827	0.0	*
p.His880Val	0.06853353977203369	0.0	*
p.His889=	*	*	*
p.His889Ala	0.015366613864898682	0.0	*
p.His889Arg	0.0025311708450317383	0.0	*
p.His889Asn	0.006552398204803467	0.0	*
p.His889Asp	0.0013965964317321777	0.0	*
p.His889Cys	0.0014910101890563965	0.0	*
p.His889Gln	0.0026817917823791504	0.0	*
p.His889Glu	0.0007976889610290527	0.0	*
p.His889Gly	0.003236532211303711	0.0	*
p.His889Ile	0.0012413263320922852	0.0	*
p.His889Leu	0.002329409122467041	0.0	*
p.His889Lys	0.0017844438552856445	0.0	*
p.His889Met	0.004010498523712158	0.0	*
p.His889Phe	0.0009839534759521484	0.0	*
p.His889Pro	0.0005397200584411621	0.0	*
p.His889Ser	0.005233049392700195	0.0	*
p.His889Ter	*	*	*
p.His889Thr	0.0029769539833068848	0.0	*
p.His889Trp	0.0009717941284179688	0.0	*
p.His889Tyr	0.0016633272171020508	0.0	*
p.His889Val	0.00457310676574707	0.0	*
p.His960=	*	*	*
p.His960Ala	0.961224377155304	0.0	*
p.His960Arg	0.8712106347084045	0.0	*
p.His960Asn	0.9595513939857483	0.0	*
p.His960Asp	0.8543136119842529	0.0	*
p.His960Cys	0.9428791403770447	0.0	*
p.His960Gln	0.830276608467102	0.0	*
p.His960Glu	0.8237122297286987	0.0	*
p.His960Gly	0.9520306587219238	0.0	*
p.His960Ile	0.7446486949920654	0.0	*
p.His960Leu	0.8727248907089233	0.0	*
p.His960Lys	0.9415032267570496	0.0	*
p.His960Met	0.9464098215103149	0.0	*
p.His960Phe	0.8711121082305908	0.0	*
p.His960Pro	0.7733157277107239	0.0	*
p.His960Ser	0.9642801284790039	0.0	*
p.His960Ter	*	*	*
p.His960Thr	0.9486572742462158	0.0	*
p.His960Trp	0.7139391899108887	0.0	*
p.His960Tyr	0.8011022210121155	0.0	*
p.His960Val	0.7242111563682556	0.0	*
p.Ile1007=	*	*	*
p.Ile1007Ala	0.0009682178497314453	0.0	*
p.Ile1007Arg	6.0677528381347656e-05	0.0	*
p.Ile1007Asn	6.222724914550781e-05	0.0	*
p.Ile1007Asp	0.0001379251480102539	0.0	*
p.Ile1007Cys	0.0010767579078674316	0.0	*
p.Ile1007Gln	0.00048065185546875	0.0	*
p.Ile1007Glu	0.00014221668243408203	0.0	*
p.Ile1007Gly	0.0009001493453979492	0.0	*
p.Ile1007His	0.0006554722785949707	0.0	*
p.Ile1007Leu	0.004091501235961914	0.0	*
p.Ile1007Lys	0.00016129016876220703	0.0	*
p.Ile1007Met	0.0015946030616760254	0.0	*
p.Ile1007Phe	0.0005295872688293457	0.0	*
p.Ile1007Pro	0.00012993812561035156	0.0	*
p.Ile1007Ser	0.00044614076614379883	0.0	*
p.Ile1007Ter	*	*	*
p.Ile1007Thr	0.001301407814025879	0.0	*
p.Ile1007Trp	0.0015187859535217285	0.0	*
p.Ile1007Tyr	0.0004482865333557129	0.0	*
p.Ile1007Val	0.11600226163864136	0.0	*
p.Ile1009=	*	*	*
p.Ile1009Ala	0.002762436866760254	0.0	*
p.Ile1009Arg	8.606910705566406e-05	0.0	*
p.Ile1009Asn	0.0001285076141357422	0.0	*
p.Ile1009Asp	0.00011873245239257812	0.0	*
p.Ile1009Cys	0.0014523863792419434	0.0	*
p.Ile1009Gln	0.0008727908134460449	0.0	*
p.Ile1009Glu	0.00020760297775268555	0.0	*
p.Ile1009Gly	0.0016348958015441895	0.0	*
p.Ile1009His	0.0009431242942810059	0.0	*
p.Ile1009Leu	0.006054818630218506	0.0	*
p.Ile1009Lys	0.0002461075782775879	0.0	*
p.Ile1009Met	0.0025788545608520508	0.0	*
p.Ile1009Phe	0.0007021427154541016	0.0	*
p.Ile1009Pro	9.751319885253906e-05	0.0	*
p.Ile1009Ser	0.0007599592208862305	0.0	*
p.Ile1009Ter	*	*	*
p.Ile1009Thr	0.0009061098098754883	0.0	*
p.Ile1009Trp	0.0018984675407409668	0.0	*
p.Ile1009Tyr	0.0006232857704162598	0.0	*
p.Ile1009Val	0.07417488098144531	0.0	*
p.Ile1021=	*	*	*
p.Ile1021Ala	0.05133020877838135	0.0	*
p.Ile1021Arg	0.001653432846069336	0.0	*
p.Ile1021Asn	0.00432664155960083	0.0	*
p.Ile1021Asp	0.0023279786109924316	0.0	*
p.Ile1021Cys	0.04208850860595703	0.0	*
p.Ile1021Gln	0.009540915489196777	0.0	*
p.Ile1021Glu	0.004326522350311279	0.0	*
p.Ile1021Gly	0.01404482126235962	0.0	*
p.Ile1021His	0.011804461479187012	0.0	*
p.Ile1021Leu	0.11652064323425293	0.0	*
p.Ile1021Lys	0.004848837852478027	0.0	*
p.Ile1021Met	0.09305405616760254	0.0	*
p.Ile1021Phe	0.00794297456741333	0.0	*
p.Ile1021Pro	0.0017698407173156738	0.0	*
p.Ile1021Ser	0.00499957799911499	0.0	*
p.Ile1021Ter	*	*	*
p.Ile1021Thr	0.013152539730072021	0.0	*
p.Ile1021Trp	0.016661524772644043	0.0	*
p.Ile1021Tyr	0.005055844783782959	0.0	*
p.Ile1021Val	0.18700581789016724	0.0	*
p.Ile1032=	*	*	*
p.Ile1032Ala	0.07307136058807373	0.0	*
p.Ile1032Arg	0.0013085007667541504	0.0	*
p.Ile1032Asn	0.001384139060974121	0.0	*
p.Ile1032Asp	0.0010723471641540527	0.0	*
p.Ile1032Cys	0.0161287784576416	0.0	*
p.Ile1032Glu	0.0025826692581176758	0.0	*
p.Ile1032Gly	0.00405198335647583	0.0	*
p.Ile1032His	0.014210164546966553	0.0	*
p.Ile1032Leu	0.08821576833724976	0.0	*
p.Ile1032Lys	0.004393517971038818	0.0	*
p.Ile1032Met	0.07346737384796143	0.0	*
p.Ile1032Phe	0.008210062980651855	0.0	*
p.Ile1032Pro	0.0011084675788879395	0.0	*
p.Ile1032Ser	0.020838379859924316	0.0	*
p.Ile1032Ter	*	*	*
p.Ile1032Thr	0.02949148416519165	0.0	*
p.Ile1032Trp	0.015708327293395996	0.0	*
p.Ile1032Tyr	0.005612969398498535	0.0	*
p.Ile1032Val	0.5386449098587036	0.0	*
p.Ile1102=	*	*	*
p.Ile1102Ala	0.008454382419586182	0.0	*
p.Ile1102Arg	0.0003638267517089844	0.0	*
p.Ile1102Asn	0.0006393790245056152	0.0	*
p.Ile1102Asp	0.0001830458641052246	0.0	*
p.Ile1102Cys	0.00041610002517700195	0.0	*
p.Ile1102Gln	0.0029106736183166504	0.0	*
p.Ile1102Glu	0.0004602670669555664	0.0	*
p.Ile1102Gly	0.0006914138793945312	0.0	*
p.Ile1102His	0.0018664002418518066	0.0	*
p.Ile1102Leu	0.03149747848510742	0.0	*
p.Ile1102Lys	0.0006447434425354004	0.0	*
p.Ile1102Met	0.010586738586425781	0.0	*
p.Ile1102Phe	0.0019035935401916504	0.0	*
p.Ile1102Pro	0.0006995201110839844	0.0	*
p.Ile1102Ser	0.0016907453536987305	0.0	*
p.Ile1102Ter	*	*	*
p.Ile1102Thr	0.0016913414001464844	0.0	*
p.Ile1102Trp	0.001958608627319336	0.0	*
p.Ile1102Tyr	0.0013860464096069336	0.0	*
p.Ile1102Val	0.12071645259857178	0.0	*
p.Ile1112=	*	*	*
p.Ile1112Ala	0.0031991004943847656	0.0	*
p.Ile1112Arg	0.0005092620849609375	0.0	*
p.Ile1112Asn	0.0007494091987609863	0.0	*
p.Ile1112Asp	0.0004475712776184082	0.0	*
p.Ile1112Cys	0.004489898681640625	0.0	*
p.Ile1112Gln	0.0017389655113220215	0.0	*
p.Ile1112Glu	0.0005586743354797363	0.0	*
p.Ile1112Gly	0.001431584358215332	0.0	*
p.Ile1112His	0.001813352108001709	0.0	*
p.Ile1112Leu	0.012589752674102783	0.0	*
p.Ile1112Lys	0.000729978084564209	0.0	*
p.Ile1112Met	0.0052793025970458984	0.0	*
p.Ile1112Phe	0.0017914772033691406	0.0	*
p.Ile1112Pro	0.0003330707550048828	0.0	*
p.Ile1112Ser	0.0015872716903686523	0.0	*
p.Ile1112Ter	*	*	*
p.Ile1112Thr	0.0018559694290161133	0.0	*
p.Ile1112Tyr	0.0015622973442077637	0.0	*
p.Ile1112Val	0.03984951972961426	0.0	*
p.Ile1148=	*	*	*
p.Ile1148Ala	0.0179021954536438	0.0	*
p.Ile1148Arg	0.00038564205169677734	0.0	*
p.Ile1148Asn	0.00043517351150512695	0.0	*
p.Ile1148Asp	0.0007218718528747559	0.0	*
p.Ile1148Cys	0.012470245361328125	0.0	*
p.Ile1148Glu	0.0018925666809082031	0.0	*
p.Ile1148Gly	0.00401228666305542	0.0	*
p.Ile1148His	0.005307018756866455	0.0	*
p.Ile1148Leu	0.032545626163482666	0.0	*
p.Ile1148Lys	0.0015676617622375488	0.0	*
p.Ile1148Met	0.009196639060974121	0.0	*
p.Ile1148Phe	0.003961443901062012	0.0	*
p.Ile1148Pro	0.000385284423828125	0.0	*
p.Ile1148Ser	0.00307387113571167	0.0	*
p.Ile1148Ter	*	*	*
p.Ile1148Thr	0.007423102855682373	0.0	*
p.Ile1148Trp	0.01220846176147461	0.0	*
p.Ile1148Tyr	0.003141164779663086	0.0	*
p.Ile1148Val	0.3217153549194336	0.0	*
p.Ile1161=	*	*	*
p.Ile1161Ala	0.28245681524276733	0.0	*
p.Ile1161Arg	0.007992744445800781	0.0	*
p.Ile1161Asn	0.011917948722839355	0.0	*
p.Ile1161Asp	0.02333122491836548	0.0	*
p.Ile1161Cys	0.2806360721588135	0.0	*
p.Ile1161Gln	0.08610635995864868	0.0	*
p.Ile1161Glu	0.06839287281036377	0.0	*
p.Ile1161Gly	0.07902073860168457	0.0	*
p.Ile1161His	0.12729811668395996	0.0	*
p.Ile1161Leu	0.3119891285896301	0.0	*
p.Ile1161Lys	0.024483799934387207	0.0	*
p.Ile1161Met	0.15640580654144287	0.0	*
p.Ile1161Phe	0.07309293746948242	0.0	*
p.Ile1161Pro	0.013613104820251465	0.0	*
p.Ile1161Ser	0.09661024808883667	0.0	*
p.Ile1161Ter	*	*	*
p.Ile1161Thr	0.15196651220321655	0.0	*
p.Ile1161Trp	0.10514938831329346	0.0	*
p.Ile1161Tyr	0.06678944826126099	0.0	*
p.Ile1161Val	0.9204840064048767	0.0	*
p.Ile1180=	*	*	*
p.Ile1180Ala	0.00035119056701660156	0.0	*
p.Ile1180Arg	3.457069396972656e-05	0.0	*
p.Ile1180Asn	4.2319297790527344e-05	0.0	*
p.Ile1180Asp	3.8504600524902344e-05	0.0	*
p.Ile1180Cys	0.00032639503479003906	0.0	*
p.Ile1180Gln	0.00010955333709716797	0.0	*
p.Ile1180Glu	5.1975250244140625e-05	0.0	*
p.Ile1180Gly	7.939338684082031e-05	0.0	*
p.Ile1180His	6.878376007080078e-05	0.0	*
p.Ile1180Leu	0.0009628534317016602	0.0	*
p.Ile1180Lys	5.9485435485839844e-05	0.0	*
p.Ile1180Met	0.0003809928894042969	0.0	*
p.Ile1180Phe	0.00014078617095947266	0.0	*
p.Ile1180Pro	1.6689300537109375e-05	0.0	*
p.Ile1180Ser	0.00014507770538330078	0.0	*
p.Ile1180Ter	*	*	*
p.Ile1180Thr	0.00021952390670776367	0.0	*
p.Ile1180Trp	0.00034499168395996094	0.0	*
p.Ile1180Tyr	0.00014650821685791016	0.0	*
p.Ile1180Val	0.006793618202209473	0.0	*
p.Ile1184=	*	*	*
p.Ile1184Ala	0.000990152359008789	0.0	*
p.Ile1184Arg	0.0001461505889892578	0.0	*
p.Ile1184Asn	0.00013625621795654297	0.0	*
p.Ile1184Asp	0.00013113021850585938	0.0	*
p.Ile1184Cys	0.002232789993286133	0.0	*
p.Ile1184Gln	0.00047981739044189453	0.0	*
p.Ile1184Glu	0.0001837611198425293	0.0	*
p.Ile1184Gly	0.0005396008491516113	0.0	*
p.Ile1184His	0.00043970346450805664	0.0	*
p.Ile1184Leu	0.004096686840057373	0.0	*
p.Ile1184Lys	0.00020116567611694336	0.0	*
p.Ile1184Met	0.0023641586303710938	0.0	*
p.Ile1184Phe	0.0007423758506774902	0.0	*
p.Ile1184Pro	6.651878356933594e-05	0.0	*
p.Ile1184Ser	0.0004413723945617676	0.0	*
p.Ile1184Ter	*	*	*
p.Ile1184Thr	0.0013908147811889648	0.0	*
p.Ile1184Trp	0.002514362335205078	0.0	*
p.Ile1184Tyr	0.000783085823059082	0.0	*
p.Ile1184Val	0.12110263109207153	0.0	*
p.Ile1192=	*	*	*
p.Ile1192Ala	0.0004843473434448242	0.0	*
p.Ile1192Arg	5.316734313964844e-05	0.0	*
p.Ile1192Asn	7.402896881103516e-05	0.0	*
p.Ile1192Asp	2.2649765014648438e-05	0.0	*
p.Ile1192Cys	0.00012493133544921875	0.0	*
p.Ile1192Gln	0.00013399124145507812	0.0	*
p.Ile1192Glu	4.112720489501953e-05	0.0	*
p.Ile1192Gly	0.0001583099365234375	0.0	*
p.Ile1192His	0.00010597705841064453	0.0	*
p.Ile1192Leu	0.0039174556732177734	0.0	*
p.Ile1192Lys	6.473064422607422e-05	0.0	*
p.Ile1192Met	0.0022679567337036133	0.0	*
p.Ile1192Phe	0.00019222497940063477	0.0	*
p.Ile1192Pro	2.968311309814453e-05	0.0	*
p.Ile1192Ser	0.00020271539688110352	0.0	*
p.Ile1192Ter	*	*	*
p.Ile1192Thr	0.00029200315475463867	0.0	*
p.Ile1192Trp	0.0005216002464294434	0.0	*
p.Ile1192Tyr	0.00023764371871948242	0.0	*
p.Ile1192Val	0.01525259017944336	0.0	*
p.Ile1194=	*	*	*
p.Ile1194Ala	0.0011925697326660156	0.0	*
p.Ile1194Arg	8.594989776611328e-05	0.0	*
p.Ile1194Asn	0.0001310110092163086	0.0	*
p.Ile1194Asp	0.00013208389282226562	0.0	*
p.Ile1194Cys	0.0010190606117248535	0.0	*
p.Ile1194Gln	0.0003848075866699219	0.0	*
p.Ile1194Glu	0.00018197298049926758	0.0	*
p.Ile1194Gly	0.0008285045623779297	0.0	*
p.Ile1194His	0.00029212236404418945	0.0	*
p.Ile1194Leu	0.0012109875679016113	0.0	*
p.Ile1194Lys	0.00014030933380126953	0.0	*
p.Ile1194Met	0.0007859468460083008	0.0	*
p.Ile1194Phe	0.00030040740966796875	0.0	*
p.Ile1194Pro	6.949901580810547e-05	0.0	*
p.Ile1194Ser	0.0005741119384765625	0.0	*
p.Ile1194Ter	*	*	*
p.Ile1194Thr	0.0008518695831298828	0.0	*
p.Ile1194Trp	0.0008962750434875488	0.0	*
p.Ile1194Tyr	0.00033152103424072266	0.0	*
p.Ile1194Val	0.03281503915786743	0.0	*
p.Ile1219=	*	*	*
p.Ile1219Ala	0.0011491775512695312	0.0	*
p.Ile1219Arg	2.300739288330078e-05	0.0	*
p.Ile1219Asn	3.5762786865234375e-05	0.0	*
p.Ile1219Asp	4.696846008300781e-05	0.0	*
p.Ile1219Cys	0.00040537118911743164	0.0	*
p.Ile1219Gln	0.0002924799919128418	0.0	*
p.Ile1219Glu	0.00011467933654785156	0.0	*
p.Ile1219Gly	0.00023323297500610352	0.0	*
p.Ile1219His	0.000265657901763916	0.0	*
p.Ile1219Leu	0.0013093352317810059	0.0	*
p.Ile1219Lys	5.698204040527344e-05	0.0	*
p.Ile1219Met	0.000437319278717041	0.0	*
p.Ile1219Phe	0.00017070770263671875	0.0	*
p.Ile1219Pro	2.7179718017578125e-05	0.0	*
p.Ile1219Ser	0.00024205446243286133	0.0	*
p.Ile1219Ter	*	*	*
p.Ile1219Thr	0.0003647804260253906	0.0	*
p.Ile1219Trp	0.0003676414489746094	0.0	*
p.Ile1219Tyr	0.00018078088760375977	0.0	*
p.Ile1219Val	0.03482091426849365	0.0	*
p.Ile1230=	*	*	*
p.Ile1230Ala	0.0012711882591247559	0.0	*
p.Ile1230Arg	7.271766662597656e-05	0.0	*
p.Ile1230Asn	0.00011730194091796875	0.0	*
p.Ile1230Asp	6.318092346191406e-05	0.0	*
p.Ile1230Cys	0.0008529424667358398	0.0	*
p.Ile1230Gln	0.00029009580612182617	0.0	*
p.Ile1230Glu	0.00011324882507324219	0.0	*
p.Ile1230Gly	0.00019150972366333008	0.0	*
p.Ile1230His	0.0002829432487487793	0.0	*
p.Ile1230Leu	0.006667196750640869	0.0	*
p.Ile1230Lys	0.00015938282012939453	0.0	*
p.Ile1230Met	0.001685500144958496	0.0	*
p.Ile1230Phe	0.0005332827568054199	0.0	*
p.Ile1230Pro	4.7326087951660156e-05	0.0	*
p.Ile1230Ser	0.00030934810638427734	0.0	*
p.Ile1230Ter	*	*	*
p.Ile1230Thr	0.0005815029144287109	0.0	*
p.Ile1230Trp	0.0011529922485351562	0.0	*
p.Ile1230Tyr	0.0004158616065979004	0.0	*
p.Ile1230Val	0.042278945446014404	0.0	*
p.Ile1236=	*	*	*
p.Ile1236Ala	0.0017148852348327637	0.0	*
p.Ile1236Arg	8.702278137207031e-05	0.0	*
p.Ile1236Asn	9.810924530029297e-05	0.0	*
p.Ile1236Asp	0.00011277198791503906	0.0	*
p.Ile1236Cys	0.0018764138221740723	0.0	*
p.Ile1236Gln	0.0006116628646850586	0.0	*
p.Ile1236Glu	0.00020581483840942383	0.0	*
p.Ile1236Gly	0.00041729211807250977	0.0	*
p.Ile1236His	0.0005908012390136719	0.0	*
p.Ile1236Leu	0.00477147102355957	0.0	*
p.Ile1236Lys	0.00022393465042114258	0.0	*
p.Ile1236Met	0.0021172165870666504	0.0	*
p.Ile1236Phe	0.000550687313079834	0.0	*
p.Ile1236Pro	7.617473602294922e-05	0.0	*
p.Ile1236Ser	0.0006722211837768555	0.0	*
p.Ile1236Ter	*	*	*
p.Ile1236Thr	0.0007458329200744629	0.0	*
p.Ile1236Trp	0.0017583370208740234	0.0	*
p.Ile1236Tyr	0.00048160552978515625	0.0	*
p.Ile1236Val	0.05827122926712036	0.0	*
p.Ile1284=	*	*	*
p.Ile1284Ala	0.004494786262512207	0.0	*
p.Ile1284Arg	0.0004011988639831543	0.0	*
p.Ile1284Asn	0.0006454586982727051	0.0	*
p.Ile1284Asp	0.00028401613235473633	0.0	*
p.Ile1284Cys	0.005027294158935547	0.0	*
p.Ile1284Gln	0.001699984073638916	0.0	*
p.Ile1284Glu	0.0005165338516235352	0.0	*
p.Ile1284Gly	0.0008752942085266113	0.0	*
p.Ile1284His	0.0015967488288879395	0.0	*
p.Ile1284Leu	0.01708841323852539	0.0	*
p.Ile1284Lys	0.000535428524017334	0.0	*
p.Ile1284Met	0.0050795674324035645	0.0	*
p.Ile1284Phe	0.0018177032470703125	0.0	*
p.Ile1284Pro	0.00023287534713745117	0.0	*
p.Ile1284Ser	0.0012250542640686035	0.0	*
p.Ile1284Ter	*	*	*
p.Ile1284Thr	0.0028724074363708496	0.0	*
p.Ile1284Trp	0.005499601364135742	0.0	*
p.Ile1284Tyr	0.0015126466751098633	0.0	*
p.Ile1284Val	0.1409878134727478	0.0	*
p.Ile1292=	*	*	*
p.Ile1292Ala	0.01989978551864624	0.0	*
p.Ile1292Arg	0.0009325146675109863	0.0	*
p.Ile1292Asn	0.0012736916542053223	0.0	*
p.Ile1292Asp	0.0005564093589782715	0.0	*
p.Ile1292Cys	0.015304744243621826	0.0	*
p.Ile1292Gln	0.006718754768371582	0.0	*
p.Ile1292Glu	0.0020321011543273926	0.0	*
p.Ile1292Gly	0.00341874361038208	0.0	*
p.Ile1292His	0.004252731800079346	0.0	*
p.Ile1292Leu	0.024027585983276367	0.0	*
p.Ile1292Lys	0.0020589232444763184	0.0	*
p.Ile1292Met	0.00963526964187622	0.0	*
p.Ile1292Phe	0.005631983280181885	0.0	*
p.Ile1292Pro	0.0005036592483520508	0.0	*
p.Ile1292Ser	0.0049283504486083984	0.0	*
p.Ile1292Ter	*	*	*
p.Ile1292Thr	0.004881024360656738	0.0	*
p.Ile1292Trp	0.015985548496246338	0.0	*
p.Ile1292Tyr	0.0030905604362487793	0.0	*
p.Ile1292Val	0.23726016283035278	0.0	*
p.Ile1300=	*	*	*
p.Ile1300Ala	0.23345279693603516	0.0	*
p.Ile1300Arg	0.0029027462005615234	0.0	*
p.Ile1300Asn	0.005636811256408691	0.0	*
p.Ile1300Asp	0.004292726516723633	0.0	*
p.Ile1300Cys	0.1111375093460083	0.0	*
p.Ile1300Gln	0.04033076763153076	0.0	*
p.Ile1300Glu	0.011179327964782715	0.0	*
p.Ile1300Gly	0.048056960105895996	0.0	*
p.Ile1300His	0.05360966920852661	0.0	*
p.Ile1300Leu	0.38039618730545044	0.0	*
p.Ile1300Lys	0.008875072002410889	0.0	*
p.Ile1300Met	0.15912675857543945	0.0	*
p.Ile1300Phe	0.05774456262588501	0.0	*
p.Ile1300Pro	0.003215193748474121	0.0	*
p.Ile1300Ser	0.028057098388671875	0.0	*
p.Ile1300Ter	*	*	*
p.Ile1300Thr	0.07418817281723022	0.0	*
p.Ile1300Trp	0.08486610651016235	0.0	*
p.Ile1300Tyr	0.025228917598724365	0.0	*
p.Ile1300Val	0.870985746383667	0.0	*
p.Ile1311=	*	*	*
p.Ile1311Ala	0.16225814819335938	0.0	*
p.Ile1311Arg	0.0012115836143493652	0.0	*
p.Ile1311Asn	0.0029569268226623535	0.0	*
p.Ile1311Asp	0.0008675456047058105	0.0	*
p.Ile1311Cys	0.03477025032043457	0.0	*
p.Ile1311Gln	0.011255621910095215	0.0	*
p.Ile1311Glu	0.001797795295715332	0.0	*
p.Ile1311Gly	0.0073514580726623535	0.0	*
p.Ile1311His	0.009252667427062988	0.0	*
p.Ile1311Leu	0.18899959325790405	0.0	*
p.Ile1311Lys	0.00118178129196167	0.0	*
p.Ile1311Met	0.10697394609451294	0.0	*
p.Ile1311Phe	0.006174325942993164	0.0	*
p.Ile1311Pro	0.000750124454498291	0.0	*
p.Ile1311Ser	0.004662275314331055	0.0	*
p.Ile1311Ter	*	*	*
p.Ile1311Thr	0.013633489608764648	0.0	*
p.Ile1311Trp	0.026500403881072998	0.0	*
p.Ile1311Tyr	0.006145298480987549	0.0	*
p.Ile1311Val	0.7771403193473816	0.0	*
p.Ile1321=	*	*	*
p.Ile1321Ala	0.30555981397628784	0.0	*
p.Ile1321Arg	0.00942850112915039	0.0	*
p.Ile1321Asn	0.029837369918823242	0.0	*
p.Ile1321Asp	0.005544722080230713	0.0	*
p.Ile1321Cys	0.24451279640197754	0.0	*
p.Ile1321Gln	0.04968762397766113	0.0	*
p.Ile1321Glu	0.020916521549224854	0.0	*
p.Ile1321Gly	0.0487515926361084	0.0	*
p.Ile1321His	0.08696597814559937	0.0	*
p.Ile1321Leu	0.4448726177215576	0.0	*
p.Ile1321Lys	0.0121726393699646	0.0	*
p.Ile1321Met	0.3692493438720703	0.0	*
p.Ile1321Phe	0.056940674781799316	0.0	*
p.Ile1321Pro	0.0049710869789123535	0.0	*
p.Ile1321Ser	0.027400076389312744	0.0	*
p.Ile1321Ter	*	*	*
p.Ile1321Thr	0.08121895790100098	0.0	*
p.Ile1321Trp	0.11608332395553589	0.0	*
p.Ile1321Tyr	0.04166054725646973	0.0	*
p.Ile1321Val	0.9183316230773926	0.0	*
p.Ile1323=	*	*	*
p.Ile1323Ala	0.5342546701431274	0.0	*
p.Ile1323Arg	0.0627981424331665	0.0	*
p.Ile1323Asn	0.09662866592407227	0.0	*
p.Ile1323Asp	0.12435764074325562	0.0	*
p.Ile1323Cys	0.6308577060699463	0.0	*
p.Ile1323Gln	0.34673404693603516	0.0	*
p.Ile1323Glu	0.21293866634368896	0.0	*
p.Ile1323Gly	0.4073364734649658	0.0	*
p.Ile1323His	0.5891743302345276	0.0	*
p.Ile1323Leu	0.7657266855239868	0.0	*
p.Ile1323Lys	0.200295090675354	0.0	*
p.Ile1323Met	0.6124098300933838	0.0	*
p.Ile1323Phe	0.4155985713005066	0.0	*
p.Ile1323Pro	0.04434019327163696	0.0	*
p.Ile1323Ser	0.27849864959716797	0.0	*
p.Ile1323Ter	*	*	*
p.Ile1323Thr	0.7465513944625854	0.0	*
p.Ile1323Trp	0.46339690685272217	0.0	*
p.Ile1323Tyr	0.2790887951850891	0.0	*
p.Ile1323Val	0.9751539826393127	0.0	*
p.Ile1330=	*	*	*
p.Ile1330Ala	0.30712419748306274	0.0	*
p.Ile1330Arg	0.005683958530426025	0.0	*
p.Ile1330Asn	0.024879097938537598	0.0	*
p.Ile1330Asp	0.006735086441040039	0.0	*
p.Ile1330Cys	0.11720609664916992	0.0	*
p.Ile1330Gln	0.03166460990905762	0.0	*
p.Ile1330Glu	0.009951233863830566	0.0	*
p.Ile1330Gly	0.07387405633926392	0.0	*
p.Ile1330His	0.062165915966033936	0.0	*
p.Ile1330Leu	0.6019085645675659	0.0	*
p.Ile1330Lys	0.026896119117736816	0.0	*
p.Ile1330Met	0.39112424850463867	0.0	*
p.Ile1330Phe	0.11634516716003418	0.0	*
p.Ile1330Pro	0.006243467330932617	0.0	*
p.Ile1330Ser	0.06616842746734619	0.0	*
p.Ile1330Ter	*	*	*
p.Ile1330Thr	0.15637320280075073	0.0	*
p.Ile1330Trp	0.16025614738464355	0.0	*
p.Ile1330Tyr	0.02902132272720337	0.0	*
p.Ile1330Val	0.865548312664032	0.0	*
p.Ile1336=	*	*	*
p.Ile1336Ala	0.03616929054260254	0.0	*
p.Ile1336Arg	0.0003864169120788574	0.0	*
p.Ile1336Asn	0.0007576942443847656	0.0	*
p.Ile1336Asp	0.0006332993507385254	0.0	*
p.Ile1336Cys	0.024499833583831787	0.0	*
p.Ile1336Gln	0.005256056785583496	0.0	*
p.Ile1336Glu	0.001095890998840332	0.0	*
p.Ile1336Gly	0.009755373001098633	0.0	*
p.Ile1336His	0.01083219051361084	0.0	*
p.Ile1336Leu	0.09131067991256714	0.0	*
p.Ile1336Lys	0.0024768710136413574	0.0	*
p.Ile1336Met	0.05750858783721924	0.0	*
p.Ile1336Phe	0.007427096366882324	0.0	*
p.Ile1336Pro	0.0004437565803527832	0.0	*
p.Ile1336Ser	0.005414247512817383	0.0	*
p.Ile1336Ter	*	*	*
p.Ile1336Thr	0.013321340084075928	0.0	*
p.Ile1336Trp	0.026079416275024414	0.0	*
p.Ile1336Tyr	0.0020689964294433594	0.0	*
p.Ile1336Val	0.5577386617660522	0.0	*
p.Ile1338=	*	*	*
p.Ile1338Ala	0.10794258117675781	0.0	*
p.Ile1338Arg	0.003409862518310547	0.0	*
p.Ile1338Asn	0.006846427917480469	0.0	*
p.Ile1338Asp	0.005097389221191406	0.0	*
p.Ile1338Cys	0.20435315370559692	0.0	*
p.Ile1338Gln	0.011036515235900879	0.0	*
p.Ile1338Glu	0.004542827606201172	0.0	*
p.Ile1338Gly	0.1312435269355774	0.0	*
p.Ile1338His	0.019823670387268066	0.0	*
p.Ile1338Leu	0.42828965187072754	0.0	*
p.Ile1338Lys	0.007346749305725098	0.0	*
p.Ile1338Met	0.27632445096969604	0.0	*
p.Ile1338Phe	0.03393423557281494	0.0	*
p.Ile1338Pro	0.00848996639251709	0.0	*
p.Ile1338Ser	0.04317140579223633	0.0	*
p.Ile1338Ter	*	*	*
p.Ile1338Thr	0.10781091451644897	0.0	*
p.Ile1338Trp	0.08781325817108154	0.0	*
p.Ile1338Tyr	0.022811174392700195	0.0	*
p.Ile1338Val	0.891891360282898	0.0	*
p.Ile1346=	*	*	*
p.Ile1346Ala	0.7350577712059021	0.0	*
p.Ile1346Arg	0.12015175819396973	0.0	*
p.Ile1346Asn	0.4980253577232361	0.0	*
p.Ile1346Asp	0.14311712980270386	0.0	*
p.Ile1346Cys	0.6330127716064453	0.0	*
p.Ile1346Gln	0.2913958430290222	0.0	*
p.Ile1346Glu	0.15325027704238892	0.0	*
p.Ile1346Gly	0.5082874298095703	0.0	*
p.Ile1346His	0.46172213554382324	0.0	*
p.Ile1346Leu	0.8559574484825134	0.0	*
p.Ile1346Lys	0.34920239448547363	0.0	*
p.Ile1346Met	0.8951287269592285	0.0	*
p.Ile1346Phe	0.4497922658920288	0.0	*
p.Ile1346Pro	0.11370235681533813	0.0	*
p.Ile1346Ser	0.583705723285675	0.0	*
p.Ile1346Ter	*	*	*
p.Ile1346Thr	0.6770591735839844	0.0	*
p.Ile1346Trp	0.5080757141113281	0.0	*
p.Ile1346Tyr	0.2877082824707031	0.0	*
p.Ile1346Val	0.967378556728363	0.0	*
p.Ile1348=	*	*	*
p.Ile1348Ala	0.17228150367736816	0.0	*
p.Ile1348Arg	0.02207106351852417	0.0	*
p.Ile1348Asn	0.04197061061859131	0.0	*
p.Ile1348Asp	0.022976994514465332	0.0	*
p.Ile1348Cys	0.2684778571128845	0.0	*
p.Ile1348Gln	0.06418919563293457	0.0	*
p.Ile1348Glu	0.027080953121185303	0.0	*
p.Ile1348Gly	0.0799715518951416	0.0	*
p.Ile1348His	0.15268313884735107	0.0	*
p.Ile1348Leu	0.5468701124191284	0.0	*
p.Ile1348Lys	0.06826412677764893	0.0	*
p.Ile1348Met	0.5351783037185669	0.0	*
p.Ile1348Phe	0.08086055517196655	0.0	*
p.Ile1348Pro	0.04602503776550293	0.0	*
p.Ile1348Ser	0.053993046283721924	0.0	*
p.Ile1348Ter	*	*	*
p.Ile1348Thr	0.17329394817352295	0.0	*
p.Ile1348Trp	0.1595478653907776	0.0	*
p.Ile1348Tyr	0.03384208679199219	0.0	*
p.Ile1348Val	0.79217529296875	0.0	*
p.Ile1404=	*	*	*
p.Ile1404Ala	0.9905639290809631	0.0	*
p.Ile1404Arg	0.7086677551269531	0.0	*
p.Ile1404Asn	0.9173020124435425	0.0	*
p.Ile1404Asp	0.8125574588775635	0.0	*
p.Ile1404Cys	0.9715378880500793	0.0	*
p.Ile1404Gln	0.9383573532104492	0.0	*
p.Ile1404Glu	0.9094265103340149	0.0	*
p.Ile1404Gly	0.9350305795669556	0.0	*
p.Ile1404His	0.9880998730659485	0.0	*
p.Ile1404Leu	0.9890033006668091	0.0	*
p.Ile1404Lys	0.9421921372413635	0.0	*
p.Ile1404Met	0.9886981844902039	0.0	*
p.Ile1404Phe	0.9520913362503052	0.0	*
p.Ile1404Pro	0.6752650141716003	0.0	*
p.Ile1404Ser	0.9731315970420837	0.0	*
p.Ile1404Ter	*	*	*
p.Ile1404Thr	0.9948087334632874	0.0	*
p.Ile1404Trp	0.9549512267112732	0.0	*
p.Ile1404Tyr	0.869212806224823	0.0	*
p.Ile1404Val	0.9973607063293457	0.0	*
p.Ile1465=	*	*	*
p.Ile1465Ala	0.5558700561523438	0.0	*
p.Ile1465Arg	0.17802143096923828	0.0	*
p.Ile1465Asn	0.29689842462539673	0.0	*
p.Ile1465Asp	0.28665482997894287	0.0	*
p.Ile1465Cys	0.7118664979934692	0.0	*
p.Ile1465Gln	0.5092480182647705	0.0	*
p.Ile1465Glu	0.38662636280059814	0.0	*
p.Ile1465Gly	0.5533233880996704	0.0	*
p.Ile1465His	0.5704058408737183	0.0	*
p.Ile1465Leu	0.8445367813110352	0.0	*
p.Ile1465Lys	0.3461492657661438	0.0	*
p.Ile1465Met	0.6673374176025391	0.0	*
p.Ile1465Phe	0.444349467754364	0.0	*
p.Ile1465Pro	0.32797771692276	0.0	*
p.Ile1465Ser	0.7272380590438843	0.0	*
p.Ile1465Ter	*	*	*
p.Ile1465Thr	0.6597871780395508	0.0	*
p.Ile1465Trp	0.5788723230361938	0.0	*
p.Ile1465Tyr	0.25520753860473633	0.0	*
p.Ile1465Val	0.9049245715141296	0.0	*
p.Ile733=	*	*	*
p.Ile733Ala	0.7860292196273804	0.0	*
p.Ile733Arg	0.015919983386993408	0.0	*
p.Ile733Asn	0.048931241035461426	0.0	*
p.Ile733Asp	0.01903444528579712	0.0	*
p.Ile733Cys	0.1494923233985901	0.0	*
p.Ile733Gln	0.2485973834991455	0.0	*
p.Ile733Glu	0.0686524510383606	0.0	*
p.Ile733Gly	0.31250935792922974	0.0	*
p.Ile733His	0.5498677492141724	0.0	*
p.Ile733Leu	0.7328933477401733	0.0	*
p.Ile733Lys	0.08360224962234497	0.0	*
p.Ile733Met	0.7894797921180725	0.0	*
p.Ile733Phe	0.16438275575637817	0.0	*
p.Ile733Pro	0.018910229206085205	0.0	*
p.Ile733Ser	0.15629518032073975	0.0	*
p.Ile733Ter	*	*	*
p.Ile733Thr	0.41972053050994873	0.0	*
p.Ile733Trp	0.18266677856445312	0.0	*
p.Ile733Tyr	0.07119357585906982	0.0	*
p.Ile733Val	0.9608038067817688	0.0	*
p.Ile739=	*	*	*
p.Ile739Ala	0.7254932522773743	0.0	*
p.Ile739Arg	0.026821136474609375	0.0	*
p.Ile739Asn	0.10017949342727661	0.0	*
p.Ile739Asp	0.03981423377990723	0.0	*
p.Ile739Cys	0.42600560188293457	0.0	*
p.Ile739Glu	0.05305063724517822	0.0	*
p.Ile739Gly	0.24328690767288208	0.0	*
p.Ile739His	0.4822205901145935	0.0	*
p.Ile739Leu	0.8100007176399231	0.0	*
p.Ile739Lys	0.19930499792099	0.0	*
p.Ile739Met	0.8662943840026855	0.0	*
p.Ile739Phe	0.2403281331062317	0.0	*
p.Ile739Pro	0.0194740891456604	0.0	*
p.Ile739Ser	0.3679027557373047	0.0	*
p.Ile739Ter	*	*	*
p.Ile739Thr	0.6165165901184082	0.0	*
p.Ile739Trp	0.3503861427307129	0.0	*
p.Ile739Tyr	0.10022479295730591	0.0	*
p.Ile739Val	0.9546242356300354	0.0	*
p.Ile747=	*	*	*
p.Ile747Ala	0.46481162309646606	0.0	*
p.Ile747Arg	0.017522990703582764	0.0	*
p.Ile747Asn	0.041661739349365234	0.0	*
p.Ile747Asp	0.029090464115142822	0.0	*
p.Ile747Cys	0.4499853849411011	0.0	*
p.Ile747Gln	0.11599475145339966	0.0	*
p.Ile747Glu	0.1075776219367981	0.0	*
p.Ile747Gly	0.29615122079849243	0.0	*
p.Ile747Leu	0.7782120108604431	0.0	*
p.Ile747Met	0.587143063545227	0.0	*
p.Ile747Phe	0.30671846866607666	0.0	*
p.Ile747Pro	0.02821594476699829	0.0	*
p.Ile747Ser	0.1284428834915161	0.0	*
p.Ile747Ter	*	*	*
p.Ile747Thr	0.6405328512191772	0.0	*
p.Ile747Trp	0.4054352045059204	0.0	*
p.Ile747Tyr	0.15060150623321533	0.0	*
p.Ile747Val	0.9873821139335632	0.0	*
p.Ile774=	*	*	*
p.Ile774Ala	0.032270967960357666	0.0	*
p.Ile774Arg	0.00035631656646728516	0.0	*
p.Ile774Asn	0.0009424090385437012	0.0	*
p.Ile774Asp	0.0008965134620666504	0.0	*
p.Ile774Cys	0.02546513080596924	0.0	*
p.Ile774Glu	0.0012532472610473633	0.0	*
p.Ile774Gly	0.007626593112945557	0.0	*
p.Ile774His	0.005206406116485596	0.0	*
p.Ile774Leu	0.036660194396972656	0.0	*
p.Ile774Lys	0.001741945743560791	0.0	*
p.Ile774Met	0.023087501525878906	0.0	*
p.Ile774Phe	0.0032520294189453125	0.0	*
p.Ile774Pro	0.0005804300308227539	0.0	*
p.Ile774Ser	0.010489165782928467	0.0	*
p.Ile774Ter	*	*	*
p.Ile774Thr	0.00986170768737793	0.0	*
p.Ile774Trp	0.011395454406738281	0.0	*
p.Ile774Tyr	0.002344489097595215	0.0	*
p.Ile774Val	0.2673921585083008	0.0	*
p.Ile814=	*	*	*
p.Ile814Ala	0.29932600259780884	0.0	*
p.Ile814Arg	0.04527544975280762	0.0	*
p.Ile814Asn	0.07409834861755371	0.0	*
p.Ile814Asp	0.03360700607299805	0.0	*
p.Ile814Cys	0.32368117570877075	0.0	*
p.Ile814Gln	0.24295389652252197	0.0	*
p.Ile814Glu	0.07404947280883789	0.0	*
p.Ile814Gly	0.1604173183441162	0.0	*
p.Ile814His	0.3520243167877197	0.0	*
p.Ile814Leu	0.5162067413330078	0.0	*
p.Ile814Lys	0.14721310138702393	0.0	*
p.Ile814Met	0.572352409362793	0.0	*
p.Ile814Phe	0.3450068235397339	0.0	*
p.Ile814Pro	0.029877126216888428	0.0	*
p.Ile814Ser	0.1868777871131897	0.0	*
p.Ile814Ter	*	*	*
p.Ile814Thr	0.31939268112182617	0.0	*
p.Ile814Trp	0.20041346549987793	0.0	*
p.Ile814Tyr	0.14202332496643066	0.0	*
p.Ile814Val	0.9000945091247559	0.0	*
p.Ile815=	*	*	*
p.Ile815Ala	0.32709330320358276	0.0	*
p.Ile815Arg	0.024292171001434326	0.0	*
p.Ile815Asn	0.050528645515441895	0.0	*
p.Ile815Asp	0.0781516432762146	0.0	*
p.Ile815Cys	0.5673201084136963	0.0	*
p.Ile815Gln	0.2865995764732361	0.0	*
p.Ile815Glu	0.14025872945785522	0.0	*
p.Ile815Gly	0.2616206407546997	0.0	*
p.Ile815His	0.5403088331222534	0.0	*
p.Ile815Leu	0.6382348537445068	0.0	*
p.Ile815Lys	0.18928956985473633	0.0	*
p.Ile815Met	0.481701135635376	0.0	*
p.Ile815Phe	0.3339804410934448	0.0	*
p.Ile815Pro	0.04943680763244629	0.0	*
p.Ile815Ser	0.33110511302948	0.0	*
p.Ile815Ter	*	*	*
p.Ile815Thr	0.49502134323120117	0.0	*
p.Ile815Trp	0.3684360384941101	0.0	*
p.Ile815Tyr	0.11424213647842407	0.0	*
p.Ile815Val	0.9352833032608032	0.0	*
p.Ile830=	*	*	*
p.Ile830Ala	0.41392385959625244	0.0	*
p.Ile830Arg	0.017989933490753174	0.0	*
p.Ile830Asn	0.034802794456481934	0.0	*
p.Ile830Asp	0.012037098407745361	0.0	*
p.Ile830Cys	0.25644469261169434	0.0	*
p.Ile830Gln	0.1463220715522766	0.0	*
p.Ile830Glu	0.015913188457489014	0.0	*
p.Ile830Gly	0.062406182289123535	0.0	*
p.Ile830His	0.11830878257751465	0.0	*
p.Ile830Leu	0.61627197265625	0.0	*
p.Ile830Lys	0.04698657989501953	0.0	*
p.Ile830Met	0.3842955231666565	0.0	*
p.Ile830Phe	0.1011914610862732	0.0	*
p.Ile830Pro	0.013942301273345947	0.0	*
p.Ile830Ser	0.2692732810974121	0.0	*
p.Ile830Ter	*	*	*
p.Ile830Thr	0.32563143968582153	0.0	*
p.Ile830Trp	0.27354294061660767	0.0	*
p.Ile830Tyr	0.08168691396713257	0.0	*
p.Ile830Val	0.8902396559715271	0.0	*
p.Ile857=	*	*	*
p.Ile857Ala	0.05495452880859375	0.0	*
p.Ile857Arg	0.0018241405487060547	0.0	*
p.Ile857Asn	0.0028862953186035156	0.0	*
p.Ile857Asp	0.0016955137252807617	0.0	*
p.Ile857Cys	0.012357711791992188	0.0	*
p.Ile857Gln	0.012657642364501953	0.0	*
p.Ile857Glu	0.002486109733581543	0.0	*
p.Ile857Gly	0.007374227046966553	0.0	*
p.Ile857His	0.009497523307800293	0.0	*
p.Ile857Leu	0.06808692216873169	0.0	*
p.Ile857Lys	0.002119004726409912	0.0	*
p.Ile857Met	0.025128662586212158	0.0	*
p.Ile857Phe	0.006328582763671875	0.0	*
p.Ile857Pro	0.0009382367134094238	0.0	*
p.Ile857Ser	0.006764113903045654	0.0	*
p.Ile857Ter	*	*	*
p.Ile857Thr	0.008633792400360107	0.0	*
p.Ile857Trp	0.018205881118774414	0.0	*
p.Ile857Tyr	0.005590975284576416	0.0	*
p.Ile857Val	0.29494500160217285	0.0	*
p.Ile873=	*	*	*
p.Ile873Ala	0.009544789791107178	0.0	*
p.Ile873Arg	0.0005370974540710449	0.0	*
p.Ile873Asn	0.000599980354309082	0.0	*
p.Ile873Asp	0.0012690424919128418	0.0	*
p.Ile873Cys	0.0015484094619750977	0.0	*
p.Ile873Gln	0.004916667938232422	0.0	*
p.Ile873Glu	0.0019002556800842285	0.0	*
p.Ile873Gly	0.0028142333030700684	0.0	*
p.Ile873His	0.004958152770996094	0.0	*
p.Ile873Leu	0.017390131950378418	0.0	*
p.Ile873Lys	0.001443326473236084	0.0	*
p.Ile873Met	0.007836699485778809	0.0	*
p.Ile873Phe	0.003174304962158203	0.0	*
p.Ile873Pro	0.0009113550186157227	0.0	*
p.Ile873Ser	0.0016505718231201172	0.0	*
p.Ile873Ter	*	*	*
p.Ile873Thr	0.004390895366668701	0.0	*
p.Ile873Trp	0.005758106708526611	0.0	*
p.Ile873Tyr	0.003274202346801758	0.0	*
p.Ile873Val	0.14321982860565186	0.0	*
p.Ile877=	*	*	*
p.Ile877Ala	0.09153527021408081	0.0	*
p.Ile877Arg	0.009027242660522461	0.0	*
p.Ile877Asn	0.012339472770690918	0.0	*
p.Ile877Asp	0.006770968437194824	0.0	*
p.Ile877Cys	0.054425835609436035	0.0	*
p.Ile877Gln	0.046053171157836914	0.0	*
p.Ile877Glu	0.006930708885192871	0.0	*
p.Ile877Gly	0.013376772403717041	0.0	*
p.Ile877His	0.031220197677612305	0.0	*
p.Ile877Leu	0.08000016212463379	0.0	*
p.Ile877Lys	0.014316201210021973	0.0	*
p.Ile877Met	0.0566936731338501	0.0	*
p.Ile877Phe	0.01198112964630127	0.0	*
p.Ile877Pro	0.00635296106338501	0.0	*
p.Ile877Ser	0.04464012384414673	0.0	*
p.Ile877Ter	*	*	*
p.Ile877Thr	0.02569425106048584	0.0	*
p.Ile877Trp	0.04283177852630615	0.0	*
p.Ile877Tyr	0.01117849349975586	0.0	*
p.Ile877Val	0.22937029600143433	0.0	*
p.Ile885=	*	*	*
p.Ile885Ala	0.04420125484466553	0.0	*
p.Ile885Arg	0.0012635588645935059	0.0	*
p.Ile885Asn	0.0011071562767028809	0.0	*
p.Ile885Asp	0.002135336399078369	0.0	*
p.Ile885Cys	0.02910304069519043	0.0	*
p.Ile885Gln	0.01659369468688965	0.0	*
p.Ile885Glu	0.006088972091674805	0.0	*
p.Ile885Gly	0.014577507972717285	0.0	*
p.Ile885His	0.016489267349243164	0.0	*
p.Ile885Leu	0.06082981824874878	0.0	*
p.Ile885Lys	0.002139151096343994	0.0	*
p.Ile885Met	0.018494904041290283	0.0	*
p.Ile885Phe	0.008843421936035156	0.0	*
p.Ile885Pro	0.0010892152786254883	0.0	*
p.Ile885Ser	0.010527312755584717	0.0	*
p.Ile885Ter	*	*	*
p.Ile885Thr	0.01839810609817505	0.0	*
p.Ile885Trp	0.031723618507385254	0.0	*
p.Ile885Tyr	0.009498834609985352	0.0	*
p.Ile885Val	0.5566192269325256	0.0	*
p.Ile899=	*	*	*
p.Ile899Ala	0.03169894218444824	0.0	*
p.Ile899Arg	0.002126336097717285	0.0	*
p.Ile899Asn	0.00432509183883667	0.0	*
p.Ile899Asp	0.00128173828125	0.0	*
p.Ile899Cys	0.0058135986328125	0.0	*
p.Ile899Gln	0.005029499530792236	0.0	*
p.Ile899Glu	0.0027492642402648926	0.0	*
p.Ile899Gly	0.00828474760055542	0.0	*
p.Ile899His	0.010579586029052734	0.0	*
p.Ile899Leu	0.06759893894195557	0.0	*
p.Ile899Lys	0.002267122268676758	0.0	*
p.Ile899Met	0.04215949773788452	0.0	*
p.Ile899Phe	0.006455898284912109	0.0	*
p.Ile899Pro	0.001024484634399414	0.0	*
p.Ile899Ser	0.004945993423461914	0.0	*
p.Ile899Ter	*	*	*
p.Ile899Thr	0.011875271797180176	0.0	*
p.Ile899Trp	0.007451355457305908	0.0	*
p.Ile899Tyr	0.005073189735412598	0.0	*
p.Ile899Val	0.2738494277000427	0.0	*
p.Ile913=	*	*	*
p.Ile913Ala	0.006210386753082275	0.0	*
p.Ile913Arg	0.0004572868347167969	0.0	*
p.Ile913Asn	0.0012246966361999512	0.0	*
p.Ile913Asp	0.0009412169456481934	0.0	*
p.Ile913Cys	0.004420340061187744	0.0	*
p.Ile913Gln	0.0016242265701293945	0.0	*
p.Ile913Glu	0.0010089278221130371	0.0	*
p.Ile913Gly	0.002284526824951172	0.0	*
p.Ile913His	0.0016139745712280273	0.0	*
p.Ile913Leu	0.009706854820251465	0.0	*
p.Ile913Lys	0.0006189346313476562	0.0	*
p.Ile913Met	0.003493785858154297	0.0	*
p.Ile913Phe	0.0009489655494689941	0.0	*
p.Ile913Pro	0.0007368922233581543	0.0	*
p.Ile913Ser	0.002141892910003662	0.0	*
p.Ile913Ter	*	*	*
p.Ile913Thr	0.002713322639465332	0.0	*
p.Ile913Trp	0.0036144256591796875	0.0	*
p.Ile913Tyr	0.0009691715240478516	0.0	*
p.Ile913Val	0.05059504508972168	0.0	*
p.Ile928=	*	*	*
p.Ile928Ala	0.02217012643814087	0.0	*
p.Ile928Arg	0.0011147856712341309	0.0	*
p.Ile928Asn	0.0025849342346191406	0.0	*
p.Ile928Asp	0.0014150142669677734	0.0	*
p.Ile928Cys	0.013506591320037842	0.0	*
p.Ile928Gln	0.004281938076019287	0.0	*
p.Ile928Glu	0.0024868249893188477	0.0	*
p.Ile928Gly	0.008722066879272461	0.0	*
p.Ile928His	0.005980134010314941	0.0	*
p.Ile928Leu	0.053946852684020996	0.0	*
p.Ile928Lys	0.0019162893295288086	0.0	*
p.Ile928Met	0.03574186563491821	0.0	*
p.Ile928Phe	0.004784703254699707	0.0	*
p.Ile928Pro	0.0010058283805847168	0.0	*
p.Ile928Ser	0.004835367202758789	0.0	*
p.Ile928Ter	*	*	*
p.Ile928Thr	0.00997084379196167	0.0	*
p.Ile928Trp	0.017506062984466553	0.0	*
p.Ile928Tyr	0.004033207893371582	0.0	*
p.Ile928Val	0.22821944952011108	0.0	*
p.Ile929=	*	*	*
p.Ile929Ala	0.010783672332763672	0.0	*
p.Ile929Arg	0.0013415813446044922	0.0	*
p.Ile929Asn	0.0014638900756835938	0.0	*
p.Ile929Asp	0.002006053924560547	0.0	*
p.Ile929Cys	0.033857107162475586	0.0	*
p.Ile929Gln	0.002646923065185547	0.0	*
p.Ile929Glu	0.001996338367462158	0.0	*
p.Ile929Gly	0.00640791654586792	0.0	*
p.Ile929His	0.0028848648071289062	0.0	*
p.Ile929Leu	0.06072789430618286	0.0	*
p.Ile929Lys	0.002117931842803955	0.0	*
p.Ile929Met	0.01208573579788208	0.0	*
p.Ile929Phe	0.00621873140335083	0.0	*
p.Ile929Pro	0.0022206902503967285	0.0	*
p.Ile929Ser	0.0045645833015441895	0.0	*
p.Ile929Ter	*	*	*
p.Ile929Thr	0.0153694748878479	0.0	*
p.Ile929Trp	0.02883857488632202	0.0	*
p.Ile929Tyr	0.006461203098297119	0.0	*
p.Ile929Val	0.39928972721099854	0.0	*
p.Ile930=	*	*	*
p.Ile930Ala	0.14896166324615479	0.0	*
p.Ile930Arg	0.0067784786224365234	0.0	*
p.Ile930Asn	0.013641417026519775	0.0	*
p.Ile930Asp	0.014507591724395752	0.0	*
p.Ile930Cys	0.3199092149734497	0.0	*
p.Ile930Gln	0.031038939952850342	0.0	*
p.Ile930Glu	0.02292853593826294	0.0	*
p.Ile930Gly	0.12557512521743774	0.0	*
p.Ile930His	0.05141419172286987	0.0	*
p.Ile930Leu	0.3393207788467407	0.0	*
p.Ile930Lys	0.026847243309020996	0.0	*
p.Ile930Met	0.12047708034515381	0.0	*
p.Ile930Phe	0.07066118717193604	0.0	*
p.Ile930Pro	0.012690961360931396	0.0	*
p.Ile930Ser	0.06656867265701294	0.0	*
p.Ile930Ter	*	*	*
p.Ile930Thr	0.09877479076385498	0.0	*
p.Ile930Trp	0.14096403121948242	0.0	*
p.Ile930Tyr	0.03243213891983032	0.0	*
p.Ile930Val	0.7506067156791687	0.0	*
p.Ile940=	*	*	*
p.Ile940Ala	0.9744793772697449	0.0	*
p.Ile940Arg	0.34111714363098145	0.0	*
p.Ile940Asn	0.579416036605835	0.0	*
p.Ile940Asp	0.4907791018486023	0.0	*
p.Ile940Cys	0.9650264978408813	0.0	*
p.Ile940Gln	0.8823896646499634	0.0	*
p.Ile940Glu	0.6212781071662903	0.0	*
p.Ile940Gly	0.9060657620429993	0.0	*
p.Ile940His	0.9002420902252197	0.0	*
p.Ile940Leu	0.9863076210021973	0.0	*
p.Ile940Lys	0.7705553770065308	0.0	*
p.Ile940Met	0.980376124382019	0.0	*
p.Ile940Phe	0.8897992968559265	0.0	*
p.Ile940Pro	0.3098222613334656	0.0	*
p.Ile940Ser	0.9460325837135315	0.0	*
p.Ile940Ter	*	*	*
p.Ile940Thr	0.9698569774627686	0.0	*
p.Ile940Trp	0.9223079085350037	0.0	*
p.Ile940Tyr	0.7698196172714233	0.0	*
p.Ile940Val	0.9957009553909302	0.0	*
p.Ile942=	*	*	*
p.Ile942Ala	0.9859863519668579	0.0	*
p.Ile942Arg	0.5194522142410278	0.0	*
p.Ile942Asn	0.8330673575401306	0.0	*
p.Ile942Asp	0.646842360496521	0.0	*
p.Ile942Cys	0.9767503142356873	0.0	*
p.Ile942Gln	0.9253955483436584	0.0	*
p.Ile942Glu	0.7488556504249573	0.0	*
p.Ile942Gly	0.9686111211776733	0.0	*
p.Ile942His	0.9751479625701904	0.0	*
p.Ile942Leu	0.9919170141220093	0.0	*
p.Ile942Lys	0.8989777565002441	0.0	*
p.Ile942Met	0.9964925646781921	0.0	*
p.Ile942Phe	0.9396796822547913	0.0	*
p.Ile942Pro	0.4705110788345337	0.0	*
p.Ile942Ser	0.9528345465660095	0.0	*
p.Ile942Ter	*	*	*
p.Ile942Thr	0.9846906065940857	0.0	*
p.Ile942Trp	0.9430121779441833	0.0	*
p.Ile942Tyr	0.823763370513916	0.0	*
p.Ile942Val	0.997130274772644	0.0	*
p.Ile945=	*	*	*
p.Ile945Ala	0.9841899871826172	0.0	*
p.Ile945Arg	0.5568608641624451	0.0	*
p.Ile945Asn	0.8970826268196106	0.0	*
p.Ile945Asp	0.6522042751312256	0.0	*
p.Ile945Cys	0.9745774865150452	0.0	*
p.Ile945Gln	0.9247846007347107	0.0	*
p.Ile945Glu	0.7391296625137329	0.0	*
p.Ile945Gly	0.9322471618652344	0.0	*
p.Ile945His	0.9446879029273987	0.0	*
p.Ile945Leu	0.9869500398635864	0.0	*
p.Ile945Lys	0.9273180961608887	0.0	*
p.Ile945Met	0.9928198456764221	0.0	*
p.Ile945Phe	0.934592604637146	0.0	*
p.Ile945Pro	0.5592731237411499	0.0	*
p.Ile945Ser	0.9802796244621277	0.0	*
p.Ile945Ter	*	*	*
p.Ile945Thr	0.9872079491615295	0.0	*
p.Ile945Trp	0.9163411855697632	0.0	*
p.Ile945Tyr	0.7661502957344055	0.0	*
p.Ile945Val	0.9941506385803223	0.0	*
p.Ile961=	*	*	*
p.Ile961Ala	0.9733406901359558	0.0	*
p.Ile961Arg	0.4517691135406494	0.0	*
p.Ile961Asn	0.8676098585128784	0.0	*
p.Ile961Asp	0.7338535785675049	0.0	*
p.Ile961Cys	0.9483688473701477	0.0	*
p.Ile961Gln	0.7843549847602844	0.0	*
p.Ile961Glu	0.7897081971168518	0.0	*
p.Ile961Gly	0.9398816823959351	0.0	*
p.Ile961His	0.9590722322463989	0.0	*
p.Ile961Leu	0.9726988077163696	0.0	*
p.Ile961Lys	0.9019275307655334	0.0	*
p.Ile961Met	0.9760023355484009	0.0	*
p.Ile961Phe	0.8950961828231812	0.0	*
p.Ile961Pro	0.7845132946968079	0.0	*
p.Ile961Ser	0.9066656231880188	0.0	*
p.Ile961Ter	*	*	*
p.Ile961Thr	0.9774191975593567	0.0	*
p.Ile961Trp	0.8515902161598206	0.0	*
p.Ile961Tyr	0.6415916681289673	0.0	*
p.Ile961Val	0.9814379811286926	0.0	*
p.Ile967=	*	*	*
p.Ile967Ala	0.8878706097602844	0.0	*
p.Ile967Arg	0.07860273122787476	0.0	*
p.Ile967Asn	0.10336524248123169	0.0	*
p.Ile967Asp	0.1378316879272461	0.0	*
p.Ile967Cys	0.8430403470993042	0.0	*
p.Ile967Gln	0.4403606057167053	0.0	*
p.Ile967Glu	0.2649006247520447	0.0	*
p.Ile967Gly	0.6748991012573242	0.0	*
p.Ile967His	0.6451210975646973	0.0	*
p.Ile967Leu	0.8983912467956543	0.0	*
p.Ile967Lys	0.20768862962722778	0.0	*
p.Ile967Met	0.8082852959632874	0.0	*
p.Ile967Phe	0.5096011161804199	0.0	*
p.Ile967Pro	0.09335321187973022	0.0	*
p.Ile967Ser	0.4764111042022705	0.0	*
p.Ile967Ter	*	*	*
p.Ile967Thr	0.7936843633651733	0.0	*
p.Ile967Trp	0.7266162633895874	0.0	*
p.Ile967Tyr	0.4289310574531555	0.0	*
p.Ile967Val	0.986180305480957	0.0	*
p.Ile968=	*	*	*
p.Ile968Ala	0.7453223466873169	0.0	*
p.Ile968Arg	0.10462284088134766	0.0	*
p.Ile968Asn	0.14533019065856934	0.0	*
p.Ile968Asp	0.18400579690933228	0.0	*
p.Ile968Cys	0.582245945930481	0.0	*
p.Ile968Gln	0.49251919984817505	0.0	*
p.Ile968Glu	0.260084867477417	0.0	*
p.Ile968Gly	0.4090583920478821	0.0	*
p.Ile968His	0.6814815998077393	0.0	*
p.Ile968Leu	0.9040043354034424	0.0	*
p.Ile968Lys	0.24360138177871704	0.0	*
p.Ile968Met	0.831008791923523	0.0	*
p.Ile968Phe	0.49892348051071167	0.0	*
p.Ile968Pro	0.09952354431152344	0.0	*
p.Ile968Ser	0.45532917976379395	0.0	*
p.Ile968Ter	*	*	*
p.Ile968Thr	0.7417752742767334	0.0	*
p.Ile968Trp	0.5962504148483276	0.0	*
p.Ile968Tyr	0.3287232518196106	0.0	*
p.Ile968Val	0.9581659436225891	0.0	*
p.Ile976=	*	*	*
p.Ile976Ala	0.20802122354507446	0.0	*
p.Ile976Arg	0.00328826904296875	0.0	*
p.Ile976Asn	0.007586419582366943	0.0	*
p.Ile976Asp	0.005072236061096191	0.0	*
p.Ile976Cys	0.07447296380996704	0.0	*
p.Ile976Gln	0.023011505603790283	0.0	*
p.Ile976Glu	0.005579650402069092	0.0	*
p.Ile976Gly	0.04982024431228638	0.0	*
p.Ile976His	0.023473024368286133	0.0	*
p.Ile976Leu	0.3565368056297302	0.0	*
p.Ile976Lys	0.016831159591674805	0.0	*
p.Ile976Met	0.2244950532913208	0.0	*
p.Ile976Phe	0.029747843742370605	0.0	*
p.Ile976Pro	0.00548166036605835	0.0	*
p.Ile976Ser	0.09244060516357422	0.0	*
p.Ile976Ter	*	*	*
p.Ile976Thr	0.10282671451568604	0.0	*
p.Ile976Trp	0.08330351114273071	0.0	*
p.Ile976Tyr	0.02112060785293579	0.0	*
p.Ile976Val	0.781582772731781	0.0	*
p.Ile981=	*	*	*
p.Ile981Ala	0.00568842887878418	0.0	*
p.Ile981Arg	0.0001455545425415039	0.0	*
p.Ile981Asn	0.0002453923225402832	0.0	*
p.Ile981Asp	0.00022464990615844727	0.0	*
p.Ile981Cys	0.002787172794342041	0.0	*
p.Ile981Gln	0.0013939738273620605	0.0	*
p.Ile981Glu	0.0003800392150878906	0.0	*
p.Ile981Gly	0.002020537853240967	0.0	*
p.Ile981His	0.0014666318893432617	0.0	*
p.Ile981Leu	0.012855470180511475	0.0	*
p.Ile981Lys	0.00027102231979370117	0.0	*
p.Ile981Met	0.006141602993011475	0.0	*
p.Ile981Phe	0.0007160305976867676	0.0	*
p.Ile981Pro	0.00011551380157470703	0.0	*
p.Ile981Ser	0.0018793940544128418	0.0	*
p.Ile981Ter	*	*	*
p.Ile981Thr	0.0017975568771362305	0.0	*
p.Ile981Trp	0.005026817321777344	0.0	*
p.Ile981Tyr	0.0009405016899108887	0.0	*
p.Ile981Val	0.2093520164489746	0.0	*
p.Leu1008=	*	*	*
p.Leu1008Ala	0.0016183853149414062	0.0	*
p.Leu1008Arg	9.548664093017578e-05	0.0	*
p.Leu1008Asn	0.00016796588897705078	0.0	*
p.Leu1008Asp	0.00022619962692260742	0.0	*
p.Leu1008Cys	0.0018841028213500977	0.0	*
p.Leu1008Gln	0.0004667043685913086	0.0	*
p.Leu1008Glu	0.0001270771026611328	0.0	*
p.Leu1008Gly	0.0007574558258056641	0.0	*
p.Leu1008His	0.00048601627349853516	0.0	*
p.Leu1008Ile	0.012109041213989258	0.0	*
p.Leu1008Lys	0.0016085505485534668	0.0	*
p.Leu1008Met	0.002189815044403076	0.0	*
p.Leu1008Phe	0.002479851245880127	0.0	*
p.Leu1008Pro	0.0002116560935974121	0.0	*
p.Leu1008Ser	0.0020759105682373047	0.0	*
p.Leu1008Ter	*	*	*
p.Leu1008Thr	0.0031312108039855957	0.0	*
p.Leu1008Trp	0.0020261406898498535	0.0	*
p.Leu1008Tyr	0.0004240870475769043	0.0	*
p.Leu1008Val	0.011271953582763672	0.0	*
p.Leu1015=	*	*	*
p.Leu1015Ala	0.007431626319885254	0.0	*
p.Leu1015Arg	0.00036263465881347656	0.0	*
p.Leu1015Asn	0.001394808292388916	0.0	*
p.Leu1015Asp	0.0004000067710876465	0.0	*
p.Leu1015Cys	0.0017047524452209473	0.0	*
p.Leu1015Gln	0.0005292296409606934	0.0	*
p.Leu1015Glu	0.00026732683181762695	0.0	*
p.Leu1015Gly	0.00445401668548584	0.0	*
p.Leu1015His	0.0009929537773132324	0.0	*
p.Leu1015Ile	0.08948415517807007	0.0	*
p.Leu1015Lys	0.005599915981292725	0.0	*
p.Leu1015Met	0.022033631801605225	0.0	*
p.Leu1015Phe	0.015835344791412354	0.0	*
p.Leu1015Pro	0.0009171962738037109	0.0	*
p.Leu1015Ser	0.007109522819519043	0.0	*
p.Leu1015Ter	*	*	*
p.Leu1015Thr	0.008181214332580566	0.0	*
p.Leu1015Trp	0.0037477612495422363	0.0	*
p.Leu1015Tyr	0.0018814802169799805	0.0	*
p.Leu1015Val	0.06114757061004639	0.0	*
p.Leu1043=	*	*	*
p.Leu1043Ala	0.1153668761253357	0.0	*
p.Leu1043Arg	0.017566204071044922	0.0	*
p.Leu1043Asn	0.09000825881958008	0.0	*
p.Leu1043Asp	0.021436452865600586	0.0	*
p.Leu1043Cys	0.16504180431365967	0.0	*
p.Leu1043Gln	0.021913111209869385	0.0	*
p.Leu1043Glu	0.010660231113433838	0.0	*
p.Leu1043Gly	0.08560407161712646	0.0	*
p.Leu1043His	0.05299937725067139	0.0	*
p.Leu1043Ile	0.6593121290206909	0.0	*
p.Leu1043Met	0.23767733573913574	0.0	*
p.Leu1043Phe	0.41478782892227173	0.0	*
p.Leu1043Pro	0.01609945297241211	0.0	*
p.Leu1043Ser	0.1823388934135437	0.0	*
p.Leu1043Ter	*	*	*
p.Leu1043Thr	0.28554844856262207	0.0	*
p.Leu1043Trp	0.1353381872177124	0.0	*
p.Leu1043Tyr	0.1084243655204773	0.0	*
p.Leu1043Val	0.5641716718673706	0.0	*
p.Leu1044=	*	*	*
p.Leu1044Ala	0.14410769939422607	0.0	*
p.Leu1044Arg	0.0077675580978393555	0.0	*
p.Leu1044Asn	0.036376893520355225	0.0	*
p.Leu1044Asp	0.008902549743652344	0.0	*
p.Leu1044Cys	0.09312474727630615	0.0	*
p.Leu1044Gln	0.03863173723220825	0.0	*
p.Leu1044Glu	0.009123921394348145	0.0	*
p.Leu1044Gly	0.04905200004577637	0.0	*
p.Leu1044His	0.058773577213287354	0.0	*
p.Leu1044Ile	0.43405550718307495	0.0	*
p.Leu1044Met	0.21521085500717163	0.0	*
p.Leu1044Phe	0.24353033304214478	0.0	*
p.Leu1044Pro	0.006829738616943359	0.0	*
p.Leu1044Ser	0.06341183185577393	0.0	*
p.Leu1044Ter	*	*	*
p.Leu1044Thr	0.09024935960769653	0.0	*
p.Leu1044Trp	0.09363055229187012	0.0	*
p.Leu1044Tyr	0.05741804838180542	0.0	*
p.Leu1044Val	0.32044774293899536	0.0	*
p.Leu1045=	*	*	*
p.Leu1045Ala	0.2305922508239746	0.0	*
p.Leu1045Arg	0.006116986274719238	0.0	*
p.Leu1045Asn	0.03331559896469116	0.0	*
p.Leu1045Asp	0.02038705348968506	0.0	*
p.Leu1045Cys	0.2308250069618225	0.0	*
p.Leu1045Gln	0.06279700994491577	0.0	*
p.Leu1045Glu	0.023418903350830078	0.0	*
p.Leu1045Gly	0.08980178833007812	0.0	*
p.Leu1045His	0.1719132661819458	0.0	*
p.Leu1045Ile	0.6851575374603271	0.0	*
p.Leu1045Lys	0.15612852573394775	0.0	*
p.Leu1045Met	0.2607477903366089	0.0	*
p.Leu1045Phe	0.42596936225891113	0.0	*
p.Leu1045Pro	0.018752098083496094	0.0	*
p.Leu1045Ser	0.14508676528930664	0.0	*
p.Leu1045Ter	*	*	*
p.Leu1045Thr	0.22402870655059814	0.0	*
p.Leu1045Trp	0.16025924682617188	0.0	*
p.Leu1045Tyr	0.07465314865112305	0.0	*
p.Leu1045Val	0.5723870992660522	0.0	*
p.Leu1051=	*	*	*
p.Leu1051Ala	0.03540611267089844	0.0	*
p.Leu1051Arg	0.001977086067199707	0.0	*
p.Leu1051Asn	0.010066211223602295	0.0	*
p.Leu1051Cys	0.008487284183502197	0.0	*
p.Leu1051Gln	0.007294595241546631	0.0	*
p.Leu1051Glu	0.003048419952392578	0.0	*
p.Leu1051Gly	0.009299814701080322	0.0	*
p.Leu1051His	0.009797453880310059	0.0	*
p.Leu1051Lys	0.010248541831970215	0.0	*
p.Leu1051Met	0.03011399507522583	0.0	*
p.Leu1051Phe	0.03394603729248047	0.0	*
p.Leu1051Pro	0.0028475522994995117	0.0	*
p.Leu1051Ser	0.017695188522338867	0.0	*
p.Leu1051Ter	*	*	*
p.Leu1051Trp	0.011664152145385742	0.0	*
p.Leu1051Val	0.1337900161743164	0.0	*
p.Leu1053=	*	*	*
p.Leu1053Ala	0.1156354546546936	0.0	*
p.Leu1053Arg	0.0026224851608276367	0.0	*
p.Leu1053Asn	0.013821721076965332	0.0	*
p.Leu1053Asp	0.014102697372436523	0.0	*
p.Leu1053Cys	0.07822215557098389	0.0	*
p.Leu1053Gln	0.021035373210906982	0.0	*
p.Leu1053Glu	0.016511857509613037	0.0	*
p.Leu1053Gly	0.050916314125061035	0.0	*
p.Leu1053His	0.08831053972244263	0.0	*
p.Leu1053Ile	0.3198620080947876	0.0	*
p.Leu1053Lys	0.06865012645721436	0.0	*
p.Leu1053Met	0.09697437286376953	0.0	*
p.Leu1053Phe	0.15500301122665405	0.0	*
p.Leu1053Pro	0.018959999084472656	0.0	*
p.Leu1053Ser	0.03343397378921509	0.0	*
p.Leu1053Ter	*	*	*
p.Leu1053Thr	0.0707772970199585	0.0	*
p.Leu1053Trp	0.0688561201095581	0.0	*
p.Leu1053Tyr	0.02292025089263916	0.0	*
p.Leu1053Val	0.2792764902114868	0.0	*
p.Leu1057=	*	*	*
p.Leu1057Ala	0.004976749420166016	0.0	*
p.Leu1057Arg	0.00018650293350219727	0.0	*
p.Leu1057Asn	0.0004139542579650879	0.0	*
p.Leu1057Cys	0.01085120439529419	0.0	*
p.Leu1057Gln	0.0005400776863098145	0.0	*
p.Leu1057Glu	0.0001327991485595703	0.0	*
p.Leu1057Gly	0.003766953945159912	0.0	*
p.Leu1057His	0.0008515119552612305	0.0	*
p.Leu1057Ile	0.060637593269348145	0.0	*
p.Leu1057Lys	0.0034788846969604492	0.0	*
p.Leu1057Met	0.005985081195831299	0.0	*
p.Leu1057Phe	0.012497127056121826	0.0	*
p.Leu1057Pro	0.00040215253829956055	0.0	*
p.Leu1057Ser	0.004101693630218506	0.0	*
p.Leu1057Ter	*	*	*
p.Leu1057Thr	0.01231604814529419	0.0	*
p.Leu1057Trp	0.004226028919219971	0.0	*
p.Leu1057Tyr	0.0017400383949279785	0.0	*
p.Leu1057Val	0.04393661022186279	0.0	*
p.Leu1071=	*	*	*
p.Leu1071Ala	0.07243680953979492	0.0	*
p.Leu1071Arg	0.002643108367919922	0.0	*
p.Leu1071Asn	0.009277582168579102	0.0	*
p.Leu1071Asp	0.004693210124969482	0.0	*
p.Leu1071Cys	0.052841365337371826	0.0	*
p.Leu1071Gln	0.007115066051483154	0.0	*
p.Leu1071Glu	0.003973603248596191	0.0	*
p.Leu1071Gly	0.01991569995880127	0.0	*
p.Leu1071His	0.018120288848876953	0.0	*
p.Leu1071Ile	0.44441115856170654	0.0	*
p.Leu1071Lys	0.032336652278900146	0.0	*
p.Leu1071Met	0.10617810487747192	0.0	*
p.Leu1071Phe	0.10960114002227783	0.0	*
p.Leu1071Pro	0.009739458560943604	0.0	*
p.Leu1071Ser	0.022599399089813232	0.0	*
p.Leu1071Ter	*	*	*
p.Leu1071Thr	0.08578485250473022	0.0	*
p.Leu1071Trp	0.056127727031707764	0.0	*
p.Leu1071Tyr	0.024172425270080566	0.0	*
p.Leu1071Val	0.43944305181503296	0.0	*
p.Leu1083=	*	*	*
p.Leu1083Ala	0.002984762191772461	0.0	*
p.Leu1083Arg	0.0007668733596801758	0.0	*
p.Leu1083Asp	0.0009213685989379883	0.0	*
p.Leu1083Cys	0.0019168853759765625	0.0	*
p.Leu1083Gln	0.0013540387153625488	0.0	*
p.Leu1083Glu	0.0003694295883178711	0.0	*
p.Leu1083Gly	0.0012402534484863281	0.0	*
p.Leu1083His	0.000636756420135498	0.0	*
p.Leu1083Ile	0.01650899648666382	0.0	*
p.Leu1083Lys	0.003287196159362793	0.0	*
p.Leu1083Met	0.0022708773612976074	0.0	*
p.Leu1083Phe	0.0026515722274780273	0.0	*
p.Leu1083Pro	0.0006664395332336426	0.0	*
p.Leu1083Ser	0.005114734172821045	0.0	*
p.Leu1083Ter	*	*	*
p.Leu1083Thr	0.004424333572387695	0.0	*
p.Leu1083Trp	0.0017597675323486328	0.0	*
p.Leu1083Tyr	0.000767827033996582	0.0	*
p.Leu1083Val	0.007967710494995117	0.0	*
p.Leu1088=	*	*	*
p.Leu1088Ala	0.00047981739044189453	0.0	*
p.Leu1088Arg	9.894371032714844e-05	0.0	*
p.Leu1088Asn	0.00019782781600952148	0.0	*
p.Leu1088Asp	0.00010979175567626953	0.0	*
p.Leu1088Cys	0.00012993812561035156	0.0	*
p.Leu1088Gln	0.00022393465042114258	0.0	*
p.Leu1088Glu	8.785724639892578e-05	0.0	*
p.Leu1088Gly	0.00025790929794311523	0.0	*
p.Leu1088His	0.0003967881202697754	0.0	*
p.Leu1088Ile	0.005778372287750244	0.0	*
p.Leu1088Lys	0.0005922317504882812	0.0	*
p.Leu1088Met	0.0009481310844421387	0.0	*
p.Leu1088Phe	0.0008392333984375	0.0	*
p.Leu1088Pro	0.00012886524200439453	0.0	*
p.Leu1088Ser	0.0004851818084716797	0.0	*
p.Leu1088Ter	*	*	*
p.Leu1088Thr	0.0006271004676818848	0.0	*
p.Leu1088Trp	0.0003001689910888672	0.0	*
p.Leu1088Tyr	0.00031566619873046875	0.0	*
p.Leu1088Val	0.0038965940475463867	0.0	*
p.Leu1113=	*	*	*
p.Leu1113Ala	0.0023061633110046387	0.0	*
p.Leu1113Arg	0.0004832744598388672	0.0	*
p.Leu1113Asn	0.0010620951652526855	0.0	*
p.Leu1113Asp	0.0010881423950195312	0.0	*
p.Leu1113Cys	0.003306865692138672	0.0	*
p.Leu1113Gln	0.0024707913398742676	0.0	*
p.Leu1113Glu	0.000280916690826416	0.0	*
p.Leu1113Gly	0.0015033483505249023	0.0	*
p.Leu1113His	0.0008717179298400879	0.0	*
p.Leu1113Ile	0.015361607074737549	0.0	*
p.Leu1113Lys	0.0021314620971679688	0.0	*
p.Leu1113Met	0.002133011817932129	0.0	*
p.Leu1113Phe	0.002158045768737793	0.0	*
p.Leu1113Pro	0.0005087852478027344	0.0	*
p.Leu1113Ser	0.00508040189743042	0.0	*
p.Leu1113Ter	*	*	*
p.Leu1113Thr	0.0038814544677734375	0.0	*
p.Leu1113Trp	0.0028709769248962402	0.0	*
p.Leu1113Tyr	0.0009478926658630371	0.0	*
p.Leu1113Val	0.007655918598175049	0.0	*
p.Leu1120=	*	*	*
p.Leu1120Ala	0.22864574193954468	0.0	*
p.Leu1120Arg	0.07423841953277588	0.0	*
p.Leu1120Asn	0.1785445213317871	0.0	*
p.Leu1120Asp	0.15017491579055786	0.0	*
p.Leu1120Cys	0.40358638763427734	0.0	*
p.Leu1120Gln	0.15229558944702148	0.0	*
p.Leu1120Glu	0.14489775896072388	0.0	*
p.Leu1120Gly	0.17780977487564087	0.0	*
p.Leu1120His	0.14708882570266724	0.0	*
p.Leu1120Ile	0.6389121413230896	0.0	*
p.Leu1120Lys	0.2922796607017517	0.0	*
p.Leu1120Met	0.3405395746231079	0.0	*
p.Leu1120Phe	0.41198229789733887	0.0	*
p.Leu1120Pro	0.19995534420013428	0.0	*
p.Leu1120Ser	0.43698394298553467	0.0	*
p.Leu1120Ter	*	*	*
p.Leu1120Thr	0.41048288345336914	0.0	*
p.Leu1120Trp	0.3887423276901245	0.0	*
p.Leu1120Tyr	0.1609300971031189	0.0	*
p.Leu1120Val	0.7031074166297913	0.0	*
p.Leu1127=	*	*	*
p.Leu1127Ala	0.5202885866165161	0.0	*
p.Leu1127Arg	0.20581209659576416	0.0	*
p.Leu1127Asn	0.5712590217590332	0.0	*
p.Leu1127Asp	0.3165631890296936	0.0	*
p.Leu1127Cys	0.3548300266265869	0.0	*
p.Leu1127Gln	0.2009180784225464	0.0	*
p.Leu1127Glu	0.23048734664916992	0.0	*
p.Leu1127Gly	0.459369957447052	0.0	*
p.Leu1127His	0.6007168292999268	0.0	*
p.Leu1127Ile	0.8805325031280518	0.0	*
p.Leu1127Lys	0.5528790950775146	0.0	*
p.Leu1127Met	0.6756309270858765	0.0	*
p.Leu1127Phe	0.5954481363296509	0.0	*
p.Leu1127Pro	0.4034268856048584	0.0	*
p.Leu1127Ser	0.6318646669387817	0.0	*
p.Leu1127Ter	*	*	*
p.Leu1127Thr	0.7931318879127502	0.0	*
p.Leu1127Trp	0.4080665111541748	0.0	*
p.Leu1127Tyr	0.3160393238067627	0.0	*
p.Leu1127Val	0.8062927722930908	0.0	*
p.Leu1133=	*	*	*
p.Leu1133Ala	0.3787922263145447	0.0	*
p.Leu1133Arg	0.25570303201675415	0.0	*
p.Leu1133Asn	0.4898989200592041	0.0	*
p.Leu1133Asp	0.26068854331970215	0.0	*
p.Leu1133Cys	0.45483022928237915	0.0	*
p.Leu1133Gln	0.17977392673492432	0.0	*
p.Leu1133Glu	0.1863216757774353	0.0	*
p.Leu1133Gly	0.45915335416793823	0.0	*
p.Leu1133His	0.39149487018585205	0.0	*
p.Leu1133Ile	0.7353607416152954	0.0	*
p.Leu1133Lys	0.4355928301811218	0.0	*
p.Leu1133Met	0.513073742389679	0.0	*
p.Leu1133Phe	0.5106449723243713	0.0	*
p.Leu1133Pro	0.23076462745666504	0.0	*
p.Leu1133Ser	0.6751099824905396	0.0	*
p.Leu1133Ter	*	*	*
p.Leu1133Thr	0.5195243954658508	0.0	*
p.Leu1133Trp	0.4457635283470154	0.0	*
p.Leu1133Tyr	0.29862070083618164	0.0	*
p.Leu1133Val	0.5623775124549866	0.0	*
p.Leu1147=	*	*	*
p.Leu1147Ala	0.019535183906555176	0.0	*
p.Leu1147Arg	0.0004911422729492188	0.0	*
p.Leu1147Asn	0.0018090605735778809	0.0	*
p.Leu1147Asp	0.0012111067771911621	0.0	*
p.Leu1147Cys	0.0033606290817260742	0.0	*
p.Leu1147Gln	0.0012462139129638672	0.0	*
p.Leu1147Glu	0.0005406737327575684	0.0	*
p.Leu1147Gly	0.007031261920928955	0.0	*
p.Leu1147His	0.003170907497406006	0.0	*
p.Leu1147Ile	0.14978450536727905	0.0	*
p.Leu1147Lys	0.009734570980072021	0.0	*
p.Leu1147Met	0.02879774570465088	0.0	*
p.Leu1147Phe	0.028205156326293945	0.0	*
p.Leu1147Pro	0.000657498836517334	0.0	*
p.Leu1147Ser	0.010938286781311035	0.0	*
p.Leu1147Ter	*	*	*
p.Leu1147Thr	0.04182952642440796	0.0	*
p.Leu1147Trp	0.004833698272705078	0.0	*
p.Leu1147Tyr	0.005165457725524902	0.0	*
p.Leu1147Val	0.14346492290496826	0.0	*
p.Leu1154=	*	*	*
p.Leu1154Ala	0.35496795177459717	0.0	*
p.Leu1154Arg	0.00588756799697876	0.0	*
p.Leu1154Asn	0.02183157205581665	0.0	*
p.Leu1154Asp	0.0073699951171875	0.0	*
p.Leu1154Cys	0.11730128526687622	0.0	*
p.Leu1154Gln	0.018042922019958496	0.0	*
p.Leu1154Glu	0.009503722190856934	0.0	*
p.Leu1154Gly	0.07723045349121094	0.0	*
p.Leu1154His	0.028651416301727295	0.0	*
p.Leu1154Ile	0.4836845397949219	0.0	*
p.Leu1154Lys	0.07741677761077881	0.0	*
p.Leu1154Met	0.3440137505531311	0.0	*
p.Leu1154Phe	0.20395857095718384	0.0	*
p.Leu1154Pro	0.009891867637634277	0.0	*
p.Leu1154Ser	0.11556923389434814	0.0	*
p.Leu1154Ter	*	*	*
p.Leu1154Thr	0.09376794099807739	0.0	*
p.Leu1154Trp	0.03609699010848999	0.0	*
p.Leu1154Tyr	0.03321272134780884	0.0	*
p.Leu1154Val	0.22262001037597656	0.0	*
p.Leu1159=	*	*	*
p.Leu1159Ala	0.035386502742767334	0.0	*
p.Leu1159Arg	0.0041468143463134766	0.0	*
p.Leu1159Asn	0.012658774852752686	0.0	*
p.Leu1159Asp	0.003966152667999268	0.0	*
p.Leu1159Cys	0.007780671119689941	0.0	*
p.Leu1159Gln	0.0025748014450073242	0.0	*
p.Leu1159Glu	0.0020140409469604492	0.0	*
p.Leu1159Gly	0.016517043113708496	0.0	*
p.Leu1159His	0.004183590412139893	0.0	*
p.Leu1159Ile	0.3948655128479004	0.0	*
p.Leu1159Lys	0.05185025930404663	0.0	*
p.Leu1159Met	0.11441868543624878	0.0	*
p.Leu1159Phe	0.13206475973129272	0.0	*
p.Leu1159Pro	0.002104520797729492	0.0	*
p.Leu1159Ser	0.03137063980102539	0.0	*
p.Leu1159Ter	*	*	*
p.Leu1159Thr	0.0561213493347168	0.0	*
p.Leu1159Trp	0.01856529712677002	0.0	*
p.Leu1159Tyr	0.025975823402404785	0.0	*
p.Leu1159Val	0.19371044635772705	0.0	*
p.Leu1181=	*	*	*
p.Leu1181Ala	0.00021070241928100586	0.0	*
p.Leu1181Arg	2.0384788513183594e-05	0.0	*
p.Leu1181Asn	3.743171691894531e-05	0.0	*
p.Leu1181Asp	6.92605972290039e-05	0.0	*
p.Leu1181Cys	0.0007538795471191406	0.0	*
p.Leu1181Gln	4.744529724121094e-05	0.0	*
p.Leu1181Glu	3.7550926208496094e-05	0.0	*
p.Leu1181Gly	0.00047457218170166016	0.0	*
p.Leu1181His	0.0001195669174194336	0.0	*
p.Leu1181Ile	0.0018457770347595215	0.0	*
p.Leu1181Lys	0.00012290477752685547	0.0	*
p.Leu1181Met	0.00022333860397338867	0.0	*
p.Leu1181Phe	0.0003178119659423828	0.0	*
p.Leu1181Pro	1.5974044799804688e-05	0.0	*
p.Leu1181Ser	0.00034880638122558594	0.0	*
p.Leu1181Ter	*	*	*
p.Leu1181Thr	0.00043457746505737305	0.0	*
p.Leu1181Trp	0.0002620816230773926	0.0	*
p.Leu1181Tyr	0.0001220703125	0.0	*
p.Leu1181Val	0.0018821954727172852	0.0	*
p.Leu1188=	*	*	*
p.Leu1188Ala	0.003985404968261719	0.0	*
p.Leu1188Arg	0.0008063912391662598	0.0	*
p.Leu1188Asn	0.0009909868240356445	0.0	*
p.Leu1188Asp	0.00030303001403808594	0.0	*
p.Leu1188Cys	0.0034598112106323242	0.0	*
p.Leu1188Gln	0.0012351274490356445	0.0	*
p.Leu1188Glu	0.0002811551094055176	0.0	*
p.Leu1188Gly	0.00167924165725708	0.0	*
p.Leu1188His	0.0006994009017944336	0.0	*
p.Leu1188Ile	0.1257612109184265	0.0	*
p.Leu1188Lys	0.003680109977722168	0.0	*
p.Leu1188Met	0.010757744312286377	0.0	*
p.Leu1188Phe	0.015014886856079102	0.0	*
p.Leu1188Pro	0.0005246996879577637	0.0	*
p.Leu1188Ser	0.004082739353179932	0.0	*
p.Leu1188Ter	*	*	*
p.Leu1188Thr	0.014482557773590088	0.0	*
p.Leu1188Trp	0.005711197853088379	0.0	*
p.Leu1188Tyr	0.00465625524520874	0.0	*
p.Leu1188Val	0.09516191482543945	0.0	*
p.Leu1204=	*	*	*
p.Leu1204Ala	0.03915238380432129	0.0	*
p.Leu1204Arg	0.0035796165466308594	0.0	*
p.Leu1204Asn	0.013030767440795898	0.0	*
p.Leu1204Asp	0.0035806894302368164	0.0	*
p.Leu1204Cys	0.019475817680358887	0.0	*
p.Leu1204Gln	0.00968557596206665	0.0	*
p.Leu1204Glu	0.002685844898223877	0.0	*
p.Leu1204Gly	0.008997082710266113	0.0	*
p.Leu1204His	0.011260747909545898	0.0	*
p.Leu1204Ile	0.2683942914009094	0.0	*
p.Leu1204Lys	0.023644089698791504	0.0	*
p.Leu1204Met	0.04419523477554321	0.0	*
p.Leu1204Phe	0.08547419309616089	0.0	*
p.Leu1204Pro	0.0017995834350585938	0.0	*
p.Leu1204Ser	0.016396760940551758	0.0	*
p.Leu1204Ter	*	*	*
p.Leu1204Thr	0.03015291690826416	0.0	*
p.Leu1204Trp	0.033666014671325684	0.0	*
p.Leu1204Tyr	0.01802349090576172	0.0	*
p.Leu1204Val	0.11957132816314697	0.0	*
p.Leu1209=	*	*	*
p.Leu1209Ala	0.013340115547180176	0.0	*
p.Leu1209Arg	0.0004609823226928711	0.0	*
p.Leu1209Asn	0.002543032169342041	0.0	*
p.Leu1209Asp	0.0006375908851623535	0.0	*
p.Leu1209Cys	0.00907909870147705	0.0	*
p.Leu1209Gln	0.0013596415519714355	0.0	*
p.Leu1209Glu	0.00044029951095581055	0.0	*
p.Leu1209Gly	0.0027088522911071777	0.0	*
p.Leu1209His	0.002980530261993408	0.0	*
p.Leu1209Ile	0.1150503158569336	0.0	*
p.Leu1209Lys	0.006197214126586914	0.0	*
p.Leu1209Met	0.024082541465759277	0.0	*
p.Leu1209Phe	0.019437730312347412	0.0	*
p.Leu1209Pro	0.0005898475646972656	0.0	*
p.Leu1209Ser	0.004973232746124268	0.0	*
p.Leu1209Ter	*	*	*
p.Leu1209Thr	0.01802879571914673	0.0	*
p.Leu1209Trp	0.006260514259338379	0.0	*
p.Leu1209Tyr	0.0036892294883728027	0.0	*
p.Leu1209Val	0.09352290630340576	0.0	*
p.Leu1218=	*	*	*
p.Leu1218Ala	0.00015723705291748047	0.0	*
p.Leu1218Arg	1.6570091247558594e-05	0.0	*
p.Leu1218Asp	3.0159950256347656e-05	0.0	*
p.Leu1218Cys	7.867813110351562e-05	0.0	*
p.Leu1218Gln	4.744529724121094e-05	0.0	*
p.Leu1218Glu	1.4543533325195312e-05	0.0	*
p.Leu1218Gly	7.736682891845703e-05	0.0	*
p.Leu1218His	4.4465065002441406e-05	0.0	*
p.Leu1218Ile	0.0042760372161865234	0.0	*
p.Leu1218Lys	0.0001577138900756836	0.0	*
p.Leu1218Met	0.00013720989227294922	0.0	*
p.Leu1218Phe	0.00040775537490844727	0.0	*
p.Leu1218Pro	2.4199485778808594e-05	0.0	*
p.Leu1218Ser	0.00027316808700561523	0.0	*
p.Leu1218Ter	*	*	*
p.Leu1218Thr	0.0006952285766601562	0.0	*
p.Leu1218Trp	0.00012540817260742188	0.0	*
p.Leu1218Tyr	9.322166442871094e-05	0.0	*
p.Leu1218Val	0.002273261547088623	0.0	*
p.Leu1244=	*	*	*
p.Leu1244Ala	0.57906174659729	0.0	*
p.Leu1244Arg	0.09723043441772461	0.0	*
p.Leu1244Asn	0.4484809637069702	0.0	*
p.Leu1244Asp	0.14376187324523926	0.0	*
p.Leu1244Cys	0.6738773584365845	0.0	*
p.Leu1244Gln	0.18791979551315308	0.0	*
p.Leu1244Glu	0.11967605352401733	0.0	*
p.Leu1244Gly	0.43416547775268555	0.0	*
p.Leu1244His	0.5255974531173706	0.0	*
p.Leu1244Ile	0.9058478474617004	0.0	*
p.Leu1244Lys	0.6964071989059448	0.0	*
p.Leu1244Met	0.8168672323226929	0.0	*
p.Leu1244Phe	0.8646841049194336	0.0	*
p.Leu1244Pro	0.06223857402801514	0.0	*
p.Leu1244Ser	0.5073895454406738	0.0	*
p.Leu1244Ter	*	*	*
p.Leu1244Thr	0.8398019671440125	0.0	*
p.Leu1244Trp	0.32996124029159546	0.0	*
p.Leu1244Tyr	0.43113523721694946	0.0	*
p.Leu1244Val	0.8840367197990417	0.0	*
p.Leu1255=	*	*	*
p.Leu1255Ala	0.011767208576202393	0.0	*
p.Leu1255Arg	0.0021233558654785156	0.0	*
p.Leu1255Asn	0.007580220699310303	0.0	*
p.Leu1255Asp	0.0022479891777038574	0.0	*
p.Leu1255Cys	0.008307158946990967	0.0	*
p.Leu1255Gln	0.00432199239730835	0.0	*
p.Leu1255Glu	0.001258552074432373	0.0	*
p.Leu1255Gly	0.002556324005126953	0.0	*
p.Leu1255His	0.0038015246391296387	0.0	*
p.Leu1255Ile	0.11169129610061646	0.0	*
p.Leu1255Lys	0.026321887969970703	0.0	*
p.Leu1255Met	0.023613154888153076	0.0	*
p.Leu1255Phe	0.041908204555511475	0.0	*
p.Leu1255Pro	0.0014533400535583496	0.0	*
p.Leu1255Ser	0.008230447769165039	0.0	*
p.Leu1255Ter	*	*	*
p.Leu1255Thr	0.024416446685791016	0.0	*
p.Leu1255Trp	0.006889939308166504	0.0	*
p.Leu1255Tyr	0.010653197765350342	0.0	*
p.Leu1255Val	0.06884795427322388	0.0	*
p.Leu1275=	*	*	*
p.Leu1275Ala	0.00025004148483276367	0.0	*
p.Leu1275Arg	2.2292137145996094e-05	0.0	*
p.Leu1275Asn	4.6372413635253906e-05	0.0	*
p.Leu1275Asp	2.384185791015625e-05	0.0	*
p.Leu1275Cys	0.000260770320892334	0.0	*
p.Leu1275Gln	3.218650817871094e-05	0.0	*
p.Leu1275Glu	2.1338462829589844e-05	0.0	*
p.Leu1275Gly	0.00010275840759277344	0.0	*
p.Leu1275His	5.996227264404297e-05	0.0	*
p.Leu1275Ile	0.001495361328125	0.0	*
p.Leu1275Lys	0.00014889240264892578	0.0	*
p.Leu1275Met	0.00020354986190795898	0.0	*
p.Leu1275Phe	0.0005634427070617676	0.0	*
p.Leu1275Pro	1.895427703857422e-05	0.0	*
p.Leu1275Ser	0.00011169910430908203	0.0	*
p.Leu1275Ter	*	*	*
p.Leu1275Thr	0.00027185678482055664	0.0	*
p.Leu1275Trp	0.0004450678825378418	0.0	*
p.Leu1275Tyr	0.0001468658447265625	0.0	*
p.Leu1275Val	0.002429068088531494	0.0	*
p.Leu1299=	*	*	*
p.Leu1299Ala	0.04227727651596069	0.0	*
p.Leu1299Arg	0.001453101634979248	0.0	*
p.Leu1299Asn	0.0023849010467529297	0.0	*
p.Leu1299Asp	0.00220334529876709	0.0	*
p.Leu1299Cys	0.04303550720214844	0.0	*
p.Leu1299Gln	0.006982326507568359	0.0	*
p.Leu1299Glu	0.0041168928146362305	0.0	*
p.Leu1299Gly	0.02372133731842041	0.0	*
p.Leu1299His	0.015779495239257812	0.0	*
p.Leu1299Ile	0.4821127653121948	0.0	*
p.Leu1299Lys	0.03647869825363159	0.0	*
p.Leu1299Met	0.04661452770233154	0.0	*
p.Leu1299Phe	0.1915568709373474	0.0	*
p.Leu1299Pro	0.0018025040626525879	0.0	*
p.Leu1299Ser	0.01709449291229248	0.0	*
p.Leu1299Ter	*	*	*
p.Leu1299Thr	0.11417132616043091	0.0	*
p.Leu1299Trp	0.04196751117706299	0.0	*
p.Leu1299Tyr	0.02182316780090332	0.0	*
p.Leu1299Val	0.4630100727081299	0.0	*
p.Leu1304=	*	*	*
p.Leu1304Ala	0.04729396104812622	0.0	*
p.Leu1304Arg	0.0038492679595947266	0.0	*
p.Leu1304Asn	0.012792646884918213	0.0	*
p.Leu1304Asp	0.0025987625122070312	0.0	*
p.Leu1304Cys	0.010290443897247314	0.0	*
p.Leu1304Gln	0.004237830638885498	0.0	*
p.Leu1304Glu	0.0012551546096801758	0.0	*
p.Leu1304Gly	0.012253642082214355	0.0	*
p.Leu1304His	0.005682528018951416	0.0	*
p.Leu1304Ile	0.19364643096923828	0.0	*
p.Leu1304Lys	0.02593022584915161	0.0	*
p.Leu1304Met	0.04215580224990845	0.0	*
p.Leu1304Phe	0.049726903438568115	0.0	*
p.Leu1304Pro	0.003903210163116455	0.0	*
p.Leu1304Ser	0.03141963481903076	0.0	*
p.Leu1304Ter	*	*	*
p.Leu1304Thr	0.0350460410118103	0.0	*
p.Leu1304Trp	0.0077345967292785645	0.0	*
p.Leu1304Tyr	0.009489715099334717	0.0	*
p.Leu1304Val	0.05206388235092163	0.0	*
p.Leu1305=	*	*	*
p.Leu1305Ala	0.11865156888961792	0.0	*
p.Leu1305Arg	0.00595623254776001	0.0	*
p.Leu1305Asn	0.02873128652572632	0.0	*
p.Leu1305Asp	0.012031078338623047	0.0	*
p.Leu1305Cys	0.031162023544311523	0.0	*
p.Leu1305Gln	0.016680419445037842	0.0	*
p.Leu1305Glu	0.007462561130523682	0.0	*
p.Leu1305Gly	0.0373377799987793	0.0	*
p.Leu1305His	0.04102683067321777	0.0	*
p.Leu1305Ile	0.4477376341819763	0.0	*
p.Leu1305Lys	0.09639549255371094	0.0	*
p.Leu1305Met	0.17658358812332153	0.0	*
p.Leu1305Phe	0.26179760694503784	0.0	*
p.Leu1305Pro	0.0058359503746032715	0.0	*
p.Leu1305Ser	0.03249812126159668	0.0	*
p.Leu1305Ter	*	*	*
p.Leu1305Thr	0.09350770711898804	0.0	*
p.Leu1305Trp	0.053767263889312744	0.0	*
p.Leu1305Tyr	0.049623310565948486	0.0	*
p.Leu1305Val	0.2348191738128662	0.0	*
p.Leu1313=	*	*	*
p.Leu1313Ala	0.23874503374099731	0.0	*
p.Leu1313Arg	0.0036577582359313965	0.0	*
p.Leu1313Asn	0.029120147228240967	0.0	*
p.Leu1313Asp	0.003938734531402588	0.0	*
p.Leu1313Cys	0.10423970222473145	0.0	*
p.Leu1313Gln	0.004123866558074951	0.0	*
p.Leu1313Glu	0.002599954605102539	0.0	*
p.Leu1313Gly	0.13077092170715332	0.0	*
p.Leu1313His	0.010213375091552734	0.0	*
p.Leu1313Ile	0.4513518214225769	0.0	*
p.Leu1313Lys	0.062251150608062744	0.0	*
p.Leu1313Met	0.21205562353134155	0.0	*
p.Leu1313Phe	0.20515012741088867	0.0	*
p.Leu1313Pro	0.006717324256896973	0.0	*
p.Leu1313Ser	0.09924381971359253	0.0	*
p.Leu1313Ter	*	*	*
p.Leu1313Thr	0.1094275712966919	0.0	*
p.Leu1313Trp	0.04499185085296631	0.0	*
p.Leu1313Tyr	0.023901164531707764	0.0	*
p.Leu1313Val	0.33780813217163086	0.0	*
p.Leu1325=	*	*	*
p.Leu1325Ala	0.04849672317504883	0.0	*
p.Leu1325Arg	0.002306044101715088	0.0	*
p.Leu1325Asn	0.013237416744232178	0.0	*
p.Leu1325Asp	0.0009906291961669922	0.0	*
p.Leu1325Cys	0.022535085678100586	0.0	*
p.Leu1325Gln	0.0015557408332824707	0.0	*
p.Leu1325Glu	0.0006121397018432617	0.0	*
p.Leu1325Gly	0.018127501010894775	0.0	*
p.Leu1325His	0.0025268197059631348	0.0	*
p.Leu1325Ile	0.257304847240448	0.0	*
p.Leu1325Lys	0.024769723415374756	0.0	*
p.Leu1325Met	0.13439202308654785	0.0	*
p.Leu1325Phe	0.05853039026260376	0.0	*
p.Leu1325Pro	0.002709329128265381	0.0	*
p.Leu1325Ser	0.05094039440155029	0.0	*
p.Leu1325Ter	*	*	*
p.Leu1325Thr	0.02441924810409546	0.0	*
p.Leu1325Trp	0.009045660495758057	0.0	*
p.Leu1325Tyr	0.0050702691078186035	0.0	*
p.Leu1325Val	0.06341433525085449	0.0	*
p.Leu1327=	*	*	*
p.Leu1327Ala	0.13590604066848755	0.0	*
p.Leu1327Arg	0.00229567289352417	0.0	*
p.Leu1327Asn	0.010924100875854492	0.0	*
p.Leu1327Asp	0.003880143165588379	0.0	*
p.Leu1327Cys	0.08792579174041748	0.0	*
p.Leu1327Gln	0.012724459171295166	0.0	*
p.Leu1327Glu	0.004508793354034424	0.0	*
p.Leu1327Gly	0.06411892175674438	0.0	*
p.Leu1327His	0.022834300994873047	0.0	*
p.Leu1327Ile	0.4881467819213867	0.0	*
p.Leu1327Lys	0.06759762763977051	0.0	*
p.Leu1327Met	0.25645315647125244	0.0	*
p.Leu1327Phe	0.2808852195739746	0.0	*
p.Leu1327Pro	0.00353085994720459	0.0	*
p.Leu1327Ser	0.053150951862335205	0.0	*
p.Leu1327Ter	*	*	*
p.Leu1327Thr	0.11257052421569824	0.0	*
p.Leu1327Trp	0.05456346273422241	0.0	*
p.Leu1327Tyr	0.028817057609558105	0.0	*
p.Leu1327Val	0.48368310928344727	0.0	*
p.Leu1329=	*	*	*
p.Leu1329Ala	0.1680837869644165	0.0	*
p.Leu1329Arg	0.0016769766807556152	0.0	*
p.Leu1329Asn	0.01569056510925293	0.0	*
p.Leu1329Asp	0.0038118958473205566	0.0	*
p.Leu1329Cys	0.13466906547546387	0.0	*
p.Leu1329Gln	0.009390413761138916	0.0	*
p.Leu1329Glu	0.005594015121459961	0.0	*
p.Leu1329Gly	0.07870739698410034	0.0	*
p.Leu1329His	0.03762459754943848	0.0	*
p.Leu1329Ile	0.4358944892883301	0.0	*
p.Leu1329Lys	0.05285775661468506	0.0	*
p.Leu1329Met	0.19211888313293457	0.0	*
p.Leu1329Phe	0.28906524181365967	0.0	*
p.Leu1329Pro	0.003777742385864258	0.0	*
p.Leu1329Ser	0.07181030511856079	0.0	*
p.Leu1329Ter	*	*	*
p.Leu1329Thr	0.09976911544799805	0.0	*
p.Leu1329Trp	0.04985928535461426	0.0	*
p.Leu1329Tyr	0.02069491147994995	0.0	*
p.Leu1329Val	0.34957826137542725	0.0	*
p.Leu1333=	*	*	*
p.Leu1333Ala	0.5770159959793091	0.0	*
p.Leu1333Arg	0.010753095149993896	0.0	*
p.Leu1333Asn	0.12185871601104736	0.0	*
p.Leu1333Asp	0.022546112537384033	0.0	*
p.Leu1333Cys	0.28055447340011597	0.0	*
p.Leu1333Gln	0.03959453105926514	0.0	*
p.Leu1333Glu	0.018133461475372314	0.0	*
p.Leu1333Gly	0.3172783851623535	0.0	*
p.Leu1333His	0.17107677459716797	0.0	*
p.Leu1333Ile	0.7056440114974976	0.0	*
p.Leu1333Lys	0.3776925802230835	0.0	*
p.Leu1333Met	0.7093832492828369	0.0	*
p.Leu1333Phe	0.6150782108306885	0.0	*
p.Leu1333Pro	0.027304887771606445	0.0	*
p.Leu1333Ser	0.3640792965888977	0.0	*
p.Leu1333Ter	*	*	*
p.Leu1333Thr	0.3034822940826416	0.0	*
p.Leu1333Trp	0.15033096075057983	0.0	*
p.Leu1333Tyr	0.07135039567947388	0.0	*
p.Leu1333Val	0.4926055073738098	0.0	*
p.Leu1350=	*	*	*
p.Leu1350Ala	0.21053534746170044	0.0	*
p.Leu1350Arg	0.016502976417541504	0.0	*
p.Leu1350Asn	0.062432169914245605	0.0	*
p.Leu1350Asp	0.014708280563354492	0.0	*
p.Leu1350Cys	0.25694531202316284	0.0	*
p.Leu1350Gln	0.025980889797210693	0.0	*
p.Leu1350Glu	0.006204485893249512	0.0	*
p.Leu1350Gly	0.21561181545257568	0.0	*
p.Leu1350His	0.04357922077178955	0.0	*
p.Leu1350Ile	0.7312124967575073	0.0	*
p.Leu1350Lys	0.1892859935760498	0.0	*
p.Leu1350Met	0.40335243940353394	0.0	*
p.Leu1350Phe	0.36055082082748413	0.0	*
p.Leu1350Pro	0.01930457353591919	0.0	*
p.Leu1350Ser	0.2422569990158081	0.0	*
p.Leu1350Ter	*	*	*
p.Leu1350Thr	0.399272084236145	0.0	*
p.Leu1350Trp	0.1498953104019165	0.0	*
p.Leu1350Tyr	0.07773613929748535	0.0	*
p.Leu1350Val	0.6775779724121094	0.0	*
p.Leu1368=	*	*	*
p.Leu1368Ala	0.8395190834999084	0.0	*
p.Leu1368Arg	0.17102491855621338	0.0	*
p.Leu1368Asn	0.5416499376296997	0.0	*
p.Leu1368Asp	0.2972531318664551	0.0	*
p.Leu1368Cys	0.7468581795692444	0.0	*
p.Leu1368Gln	0.3621973991394043	0.0	*
p.Leu1368Glu	0.388833224773407	0.0	*
p.Leu1368Gly	0.6949630379676819	0.0	*
p.Leu1368His	0.7901355028152466	0.0	*
p.Leu1368Ile	0.9463111162185669	0.0	*
p.Leu1368Lys	0.7739209532737732	0.0	*
p.Leu1368Met	0.8653550148010254	0.0	*
p.Leu1368Phe	0.9328831434249878	0.0	*
p.Leu1368Pro	0.2204824686050415	0.0	*
p.Leu1368Ser	0.5770678520202637	0.0	*
p.Leu1368Ter	*	*	*
p.Leu1368Thr	0.9154190421104431	0.0	*
p.Leu1368Trp	0.67403244972229	0.0	*
p.Leu1368Tyr	0.5781629085540771	0.0	*
p.Leu1368Val	0.9643804430961609	0.0	*
p.Leu1371=	*	*	*
p.Leu1371Ala	0.9654459357261658	0.0	*
p.Leu1371Arg	0.25338810682296753	0.0	*
p.Leu1371Asn	0.7606101036071777	0.0	*
p.Leu1371Asp	0.3743705749511719	0.0	*
p.Leu1371Cys	0.8802943825721741	0.0	*
p.Leu1371Gln	0.7051143646240234	0.0	*
p.Leu1371Glu	0.4621264338493347	0.0	*
p.Leu1371Gly	0.7401896715164185	0.0	*
p.Leu1371His	0.9132568836212158	0.0	*
p.Leu1371Ile	0.9894683361053467	0.0	*
p.Leu1371Lys	0.9517014026641846	0.0	*
p.Leu1371Met	0.9675971269607544	0.0	*
p.Leu1371Phe	0.9618628621101379	0.0	*
p.Leu1371Pro	0.342953622341156	0.0	*
p.Leu1371Ser	0.8880106210708618	0.0	*
p.Leu1371Ter	*	*	*
p.Leu1371Thr	0.9691793322563171	0.0	*
p.Leu1371Trp	0.81097412109375	0.0	*
p.Leu1371Tyr	0.7163290977478027	0.0	*
p.Leu1371Val	0.9759524464607239	0.0	*
p.Leu1373=	*	*	*
p.Leu1373Ala	0.9715685248374939	0.0	*
p.Leu1373Arg	0.18530791997909546	0.0	*
p.Leu1373Asn	0.7443044185638428	0.0	*
p.Leu1373Asp	0.160383403301239	0.0	*
p.Leu1373Cys	0.7932796478271484	0.0	*
p.Leu1373Gln	0.3870595693588257	0.0	*
p.Leu1373Glu	0.3662067651748657	0.0	*
p.Leu1373Gly	0.7551190853118896	0.0	*
p.Leu1373His	0.7861287593841553	0.0	*
p.Leu1373Ile	0.9806559681892395	0.0	*
p.Leu1373Lys	0.903040885925293	0.0	*
p.Leu1373Met	0.974377453327179	0.0	*
p.Leu1373Phe	0.9640637636184692	0.0	*
p.Leu1373Pro	0.12929952144622803	0.0	*
p.Leu1373Ser	0.7572774291038513	0.0	*
p.Leu1373Ter	*	*	*
p.Leu1373Thr	0.9488583207130432	0.0	*
p.Leu1373Trp	0.6544976234436035	0.0	*
p.Leu1373Tyr	0.6930351257324219	0.0	*
p.Leu1373Val	0.9754646420478821	0.0	*
p.Leu1381=	*	*	*
p.Leu1381Ala	0.9985139966011047	0.0	*
p.Leu1381Arg	0.9602007269859314	0.0	*
p.Leu1381Asn	0.984718382358551	0.0	*
p.Leu1381Asp	0.955459475517273	0.0	*
p.Leu1381Cys	0.9926242232322693	0.0	*
p.Leu1381Gln	0.9783825278282166	0.0	*
p.Leu1381Glu	0.9729719758033752	0.0	*
p.Leu1381Gly	0.9912592172622681	0.0	*
p.Leu1381His	0.9931941032409668	0.0	*
p.Leu1381Ile	0.9961410164833069	0.0	*
p.Leu1381Lys	0.9975747466087341	0.0	*
p.Leu1381Met	0.998191237449646	0.0	*
p.Leu1381Phe	0.9980971813201904	0.0	*
p.Leu1381Pro	0.944715142250061	0.0	*
p.Leu1381Ser	0.9970520734786987	0.0	*
p.Leu1381Ter	*	*	*
p.Leu1381Thr	0.9981608986854553	0.0	*
p.Leu1381Trp	0.9782604575157166	0.0	*
p.Leu1381Tyr	0.9785534739494324	0.0	*
p.Leu1381Val	0.9959673285484314	0.0	*
p.Leu1395=	*	*	*
p.Leu1395Ala	0.9980785846710205	0.0	*
p.Leu1395Arg	0.9604435563087463	0.0	*
p.Leu1395Asn	0.9937171936035156	0.0	*
p.Leu1395Asp	0.9894686937332153	0.0	*
p.Leu1395Cys	0.9976692795753479	0.0	*
p.Leu1395Gln	0.9745822548866272	0.0	*
p.Leu1395Glu	0.9881352186203003	0.0	*
p.Leu1395Gly	0.9955862164497375	0.0	*
p.Leu1395His	0.9985042810440063	0.0	*
p.Leu1395Ile	0.9982710480690002	0.0	*
p.Leu1395Lys	0.9987729787826538	0.0	*
p.Leu1395Met	0.9992393255233765	0.0	*
p.Leu1395Phe	0.9990545511245728	0.0	*
p.Leu1395Pro	0.983521044254303	0.0	*
p.Leu1395Ser	0.9953691363334656	0.0	*
p.Leu1395Ter	*	*	*
p.Leu1395Thr	0.999475359916687	0.0	*
p.Leu1395Trp	0.9901110529899597	0.0	*
p.Leu1395Tyr	0.9897773265838623	0.0	*
p.Leu1395Val	0.9983965754508972	0.0	*
p.Leu1430=	*	*	*
p.Leu1430Ala	0.8620551228523254	0.0	*
p.Leu1430Arg	0.40244996547698975	0.0	*
p.Leu1430Asn	0.7020244598388672	0.0	*
p.Leu1430Asp	0.32777875661849976	0.0	*
p.Leu1430Cys	0.769546389579773	0.0	*
p.Leu1430Gln	0.5310406684875488	0.0	*
p.Leu1430Glu	0.3921346068382263	0.0	*
p.Leu1430Gly	0.5055794715881348	0.0	*
p.Leu1430His	0.7107974290847778	0.0	*
p.Leu1430Ile	0.9394180178642273	0.0	*
p.Leu1430Lys	0.8193179368972778	0.0	*
p.Leu1430Met	0.8663632869720459	0.0	*
p.Leu1430Phe	0.7903628349304199	0.0	*
p.Leu1430Pro	0.31278038024902344	0.0	*
p.Leu1430Ser	0.9204556941986084	0.0	*
p.Leu1430Ter	*	*	*
p.Leu1430Thr	0.8806969523429871	0.0	*
p.Leu1430Trp	0.6490604877471924	0.0	*
p.Leu1430Tyr	0.5021241903305054	0.0	*
p.Leu1430Val	0.8591854572296143	0.0	*
p.Leu1433=	*	*	*
p.Leu1433Ala	0.6279293298721313	0.0	*
p.Leu1433Arg	0.17217332124710083	0.0	*
p.Leu1433Asn	0.3365594744682312	0.0	*
p.Leu1433Asp	0.195279061794281	0.0	*
p.Leu1433Cys	0.5234092473983765	0.0	*
p.Leu1433Gln	0.3675571084022522	0.0	*
p.Leu1433Glu	0.1406484842300415	0.0	*
p.Leu1433Gly	0.3160216808319092	0.0	*
p.Leu1433His	0.4807213544845581	0.0	*
p.Leu1433Ile	0.8570330142974854	0.0	*
p.Leu1433Lys	0.6068452596664429	0.0	*
p.Leu1433Met	0.7579280734062195	0.0	*
p.Leu1433Phe	0.5875238180160522	0.0	*
p.Leu1433Pro	0.12387955188751221	0.0	*
p.Leu1433Ser	0.8068811893463135	0.0	*
p.Leu1433Ter	*	*	*
p.Leu1433Thr	0.7564785480499268	0.0	*
p.Leu1433Trp	0.518559455871582	0.0	*
p.Leu1433Tyr	0.2804861068725586	0.0	*
p.Leu1433Val	0.7658166289329529	0.0	*
p.Leu1454=	*	*	*
p.Leu1454Ala	0.7789921164512634	0.0	*
p.Leu1454Arg	0.4398804306983948	0.0	*
p.Leu1454Asn	0.7041025161743164	0.0	*
p.Leu1454Asp	0.4998507499694824	0.0	*
p.Leu1454Cys	0.4902082681655884	0.0	*
p.Leu1454Gln	0.491946280002594	0.0	*
p.Leu1454Glu	0.43953758478164673	0.0	*
p.Leu1454Gly	0.6703334450721741	0.0	*
p.Leu1454His	0.6399282217025757	0.0	*
p.Leu1454Ile	0.8535823822021484	0.0	*
p.Leu1454Lys	0.7326232194900513	0.0	*
p.Leu1454Met	0.7957971096038818	0.0	*
p.Leu1454Phe	0.7656808495521545	0.0	*
p.Leu1454Pro	0.40766894817352295	0.0	*
p.Leu1454Ser	0.9432746767997742	0.0	*
p.Leu1454Ter	*	*	*
p.Leu1454Thr	0.8691643476486206	0.0	*
p.Leu1454Trp	0.5542608499526978	0.0	*
p.Leu1454Tyr	0.4848962426185608	0.0	*
p.Leu1454Val	0.8522080183029175	0.0	*
p.Leu1455=	*	*	*
p.Leu1455Ala	0.8782097101211548	0.0	*
p.Leu1455Arg	0.2449590563774109	0.0	*
p.Leu1455Asn	0.6216769814491272	0.0	*
p.Leu1455Asp	0.47036850452423096	0.0	*
p.Leu1455Cys	0.7173018455505371	0.0	*
p.Leu1455Gln	0.6110060811042786	0.0	*
p.Leu1455Glu	0.510189414024353	0.0	*
p.Leu1455Gly	0.7589412331581116	0.0	*
p.Leu1455His	0.8402623534202576	0.0	*
p.Leu1455Ile	0.9366357922554016	0.0	*
p.Leu1455Lys	0.8482492566108704	0.0	*
p.Leu1455Met	0.9496813416481018	0.0	*
p.Leu1455Phe	0.9216651320457458	0.0	*
p.Leu1455Pro	0.4057730436325073	0.0	*
p.Leu1455Ser	0.9411652088165283	0.0	*
p.Leu1455Ter	*	*	*
p.Leu1455Thr	0.9309211373329163	0.0	*
p.Leu1455Trp	0.6854208707809448	0.0	*
p.Leu1455Tyr	0.6576939821243286	0.0	*
p.Leu1455Val	0.9522212743759155	0.0	*
p.Leu1456=	*	*	*
p.Leu1456Ala	0.6221691370010376	0.0	*
p.Leu1456Arg	0.06762558221817017	0.0	*
p.Leu1456Asn	0.22425919771194458	0.0	*
p.Leu1456Asp	0.18489223718643188	0.0	*
p.Leu1456Cys	0.4945475459098816	0.0	*
p.Leu1456Gln	0.2518656253814697	0.0	*
p.Leu1456Glu	0.35687071084976196	0.0	*
p.Leu1456Gly	0.37409305572509766	0.0	*
p.Leu1456His	0.6337469816207886	0.0	*
p.Leu1456Ile	0.830927848815918	0.0	*
p.Leu1456Lys	0.5945922136306763	0.0	*
p.Leu1456Met	0.6415315270423889	0.0	*
p.Leu1456Phe	0.8334357738494873	0.0	*
p.Leu1456Pro	0.21531009674072266	0.0	*
p.Leu1456Ser	0.6978276968002319	0.0	*
p.Leu1456Ter	*	*	*
p.Leu1456Thr	0.682576060295105	0.0	*
p.Leu1456Trp	0.5556901097297668	0.0	*
p.Leu1456Tyr	0.4561502933502197	0.0	*
p.Leu1456Val	0.876669704914093	0.0	*
p.Leu708=	*	*	*
p.Leu708Ala	0.3132252097129822	0.0	*
p.Leu708Arg	0.021407902240753174	0.0	*
p.Leu708Asn	0.20028996467590332	0.0	*
p.Leu708Asp	0.03252989053726196	0.0	*
p.Leu708Cys	0.11598902940750122	0.0	*
p.Leu708Gln	0.03603827953338623	0.0	*
p.Leu708Glu	0.03643476963043213	0.0	*
p.Leu708Gly	0.2855585813522339	0.0	*
p.Leu708His	0.06264221668243408	0.0	*
p.Leu708Ile	0.4144141674041748	0.0	*
p.Leu708Lys	0.17411959171295166	0.0	*
p.Leu708Met	0.49437421560287476	0.0	*
p.Leu708Phe	0.4963158965110779	0.0	*
p.Leu708Pro	0.01617586612701416	0.0	*
p.Leu708Ser	0.16139286756515503	0.0	*
p.Leu708Ter	*	*	*
p.Leu708Thr	0.2619091272354126	0.0	*
p.Leu708Trp	0.05150151252746582	0.0	*
p.Leu708Tyr	0.10330593585968018	0.0	*
p.Leu708Val	0.4472684860229492	0.0	*
p.Leu709=	*	*	*
p.Leu709Ala	0.3371095657348633	0.0	*
p.Leu709Arg	0.016256511211395264	0.0	*
p.Leu709Asn	0.12679153680801392	0.0	*
p.Leu709Asp	0.02514779567718506	0.0	*
p.Leu709Cys	0.23278188705444336	0.0	*
p.Leu709Gln	0.05169224739074707	0.0	*
p.Leu709Glu	0.03937870264053345	0.0	*
p.Leu709Gly	0.11739563941955566	0.0	*
p.Leu709His	0.14782774448394775	0.0	*
p.Leu709Ile	0.7050033807754517	0.0	*
p.Leu709Lys	0.18640464544296265	0.0	*
p.Leu709Met	0.5938486456871033	0.0	*
p.Leu709Phe	0.6354798078536987	0.0	*
p.Leu709Pro	0.017297863960266113	0.0	*
p.Leu709Ser	0.08553236722946167	0.0	*
p.Leu709Ter	*	*	*
p.Leu709Thr	0.33752870559692383	0.0	*
p.Leu709Trp	0.1035718321800232	0.0	*
p.Leu709Tyr	0.1654796004295349	0.0	*
p.Leu709Val	0.7064065933227539	0.0	*
p.Leu722=	*	*	*
p.Leu722Ala	0.1315038800239563	0.0	*
p.Leu722Arg	0.011439025402069092	0.0	*
p.Leu722Asn	0.055562496185302734	0.0	*
p.Leu722Asp	0.029438912868499756	0.0	*
p.Leu722Cys	0.16733688116073608	0.0	*
p.Leu722Gln	0.023360133171081543	0.0	*
p.Leu722Glu	0.011478185653686523	0.0	*
p.Leu722Gly	0.07774341106414795	0.0	*
p.Leu722His	0.049945831298828125	0.0	*
p.Leu722Ile	0.4815869927406311	0.0	*
p.Leu722Lys	0.14832204580307007	0.0	*
p.Leu722Met	0.2581508159637451	0.0	*
p.Leu722Phe	0.20974451303482056	0.0	*
p.Leu722Pro	0.008465826511383057	0.0	*
p.Leu722Ser	0.2610440254211426	0.0	*
p.Leu722Ter	*	*	*
p.Leu722Thr	0.2956661581993103	0.0	*
p.Leu722Trp	0.0418170690536499	0.0	*
p.Leu722Tyr	0.044670283794403076	0.0	*
p.Leu722Val	0.3230583071708679	0.0	*
p.Leu732=	*	*	*
p.Leu732Ala	0.7098603844642639	0.0	*
p.Leu732Arg	0.026810288429260254	0.0	*
p.Leu732Asn	0.1376165747642517	0.0	*
p.Leu732Asp	0.11384528875350952	0.0	*
p.Leu732Cys	0.5208377838134766	0.0	*
p.Leu732Gln	0.09196597337722778	0.0	*
p.Leu732Glu	0.1282290816307068	0.0	*
p.Leu732Gly	0.565581738948822	0.0	*
p.Leu732His	0.46627724170684814	0.0	*
p.Leu732Ile	0.9313311576843262	0.0	*
p.Leu732Lys	0.5738840103149414	0.0	*
p.Leu732Met	0.788809061050415	0.0	*
p.Leu732Phe	0.884059488773346	0.0	*
p.Leu732Pro	0.048814475536346436	0.0	*
p.Leu732Ser	0.467764675617218	0.0	*
p.Leu732Ter	*	*	*
p.Leu732Thr	0.9202969074249268	0.0	*
p.Leu732Trp	0.2586688995361328	0.0	*
p.Leu732Tyr	0.29255396127700806	0.0	*
p.Leu732Val	0.9512791037559509	0.0	*
p.Leu735=	*	*	*
p.Leu735Ala	0.8479682207107544	0.0	*
p.Leu735Arg	0.08245265483856201	0.0	*
p.Leu735Asn	0.5012611150741577	0.0	*
p.Leu735Asp	0.16182225942611694	0.0	*
p.Leu735Cys	0.8511238694190979	0.0	*
p.Leu735Gln	0.10509097576141357	0.0	*
p.Leu735Glu	0.08793306350708008	0.0	*
p.Leu735Gly	0.5967577695846558	0.0	*
p.Leu735His	0.43570321798324585	0.0	*
p.Leu735Ile	0.9489911198616028	0.0	*
p.Leu735Lys	0.6682708859443665	0.0	*
p.Leu735Met	0.9477574229240417	0.0	*
p.Leu735Phe	0.8783108592033386	0.0	*
p.Leu735Pro	0.09303617477416992	0.0	*
p.Leu735Ser	0.6239191293716431	0.0	*
p.Leu735Ter	*	*	*
p.Leu735Thr	0.9468013048171997	0.0	*
p.Leu735Trp	0.4386875033378601	0.0	*
p.Leu735Tyr	0.3826557993888855	0.0	*
p.Leu735Val	0.9531894326210022	0.0	*
p.Leu745=	*	*	*
p.Leu745Ala	0.5730389356613159	0.0	*
p.Leu745Arg	0.01533818244934082	0.0	*
p.Leu745Asn	0.1404697299003601	0.0	*
p.Leu745Asp	0.0471075177192688	0.0	*
p.Leu745Cys	0.15848761796951294	0.0	*
p.Leu745Gln	0.1137857437133789	0.0	*
p.Leu745Glu	0.05129319429397583	0.0	*
p.Leu745Gly	0.2913714647293091	0.0	*
p.Leu745His	0.36054474115371704	0.0	*
p.Leu745Ile	0.7390263080596924	0.0	*
p.Leu745Met	0.6972824931144714	0.0	*
p.Leu745Phe	0.41857725381851196	0.0	*
p.Leu745Pro	0.020625829696655273	0.0	*
p.Leu745Ser	0.3296617269515991	0.0	*
p.Leu745Ter	*	*	*
p.Leu745Thr	0.501136302947998	0.0	*
p.Leu745Trp	0.17018157243728638	0.0	*
p.Leu745Tyr	0.11045271158218384	0.0	*
p.Leu745Val	0.770374059677124	0.0	*
p.Leu748=	*	*	*
p.Leu748Ala	0.2025870680809021	0.0	*
p.Leu748Arg	0.008239150047302246	0.0	*
p.Leu748Cys	0.08587944507598877	0.0	*
p.Leu748Gln	0.01414567232131958	0.0	*
p.Leu748Glu	0.009805262088775635	0.0	*
p.Leu748Gly	0.12075519561767578	0.0	*
p.Leu748His	0.050463318824768066	0.0	*
p.Leu748Ile	0.46440351009368896	0.0	*
p.Leu748Lys	0.15585774183273315	0.0	*
p.Leu748Met	0.3807026743888855	0.0	*
p.Leu748Phe	0.36316174268722534	0.0	*
p.Leu748Pro	0.009320437908172607	0.0	*
p.Leu748Ser	0.12778401374816895	0.0	*
p.Leu748Ter	*	*	*
p.Leu748Thr	0.3279120922088623	0.0	*
p.Leu748Trp	0.09595143795013428	0.0	*
p.Leu748Tyr	0.0528562068939209	0.0	*
p.Leu748Val	0.40474116802215576	0.0	*
p.Leu770=	*	*	*
p.Leu770Ala	0.013119697570800781	0.0	*
p.Leu770Arg	0.00048160552978515625	0.0	*
p.Leu770Asn	0.002581477165222168	0.0	*
p.Leu770Asp	0.0008285045623779297	0.0	*
p.Leu770Cys	0.004570126533508301	0.0	*
p.Leu770Gln	0.0006621479988098145	0.0	*
p.Leu770Glu	0.0006979703903198242	0.0	*
p.Leu770Gly	0.007175445556640625	0.0	*
p.Leu770His	0.0027533769607543945	0.0	*
p.Leu770Ile	0.053112924098968506	0.0	*
p.Leu770Lys	0.006737053394317627	0.0	*
p.Leu770Met	0.02149486541748047	0.0	*
p.Leu770Phe	0.021187543869018555	0.0	*
p.Leu770Pro	0.0015799999237060547	0.0	*
p.Leu770Ser	0.004766881465911865	0.0	*
p.Leu770Ter	*	*	*
p.Leu770Thr	0.024022340774536133	0.0	*
p.Leu770Trp	0.004237353801727295	0.0	*
p.Leu770Tyr	0.00313723087310791	0.0	*
p.Leu770Val	0.05532503128051758	0.0	*
p.Leu776=	*	*	*
p.Leu776Ala	0.0048825740814208984	0.0	*
p.Leu776Arg	0.00013256072998046875	0.0	*
p.Leu776Asn	0.0005904436111450195	0.0	*
p.Leu776Asp	0.0004950761795043945	0.0	*
p.Leu776Cys	0.006051182746887207	0.0	*
p.Leu776Gln	0.00033283233642578125	0.0	*
p.Leu776Glu	0.00031185150146484375	0.0	*
p.Leu776Gly	0.003986358642578125	0.0	*
p.Leu776His	0.0015652775764465332	0.0	*
p.Leu776Ile	0.03316718339920044	0.0	*
p.Leu776Lys	0.0027289986610412598	0.0	*
p.Leu776Met	0.004035353660583496	0.0	*
p.Leu776Phe	0.00947481393814087	0.0	*
p.Leu776Pro	0.0004684925079345703	0.0	*
p.Leu776Ser	0.004340767860412598	0.0	*
p.Leu776Ter	*	*	*
p.Leu776Thr	0.006578624248504639	0.0	*
p.Leu776Trp	0.0037820935249328613	0.0	*
p.Leu776Tyr	0.001225292682647705	0.0	*
p.Leu776Val	0.02585047483444214	0.0	*
p.Leu780=	*	*	*
p.Leu780Ala	0.08577495813369751	0.0	*
p.Leu780Arg	0.0073007941246032715	0.0	*
p.Leu780Asn	0.04071247577667236	0.0	*
p.Leu780Asp	0.006746232509613037	0.0	*
p.Leu780Cys	0.06875711679458618	0.0	*
p.Leu780Gln	0.016072213649749756	0.0	*
p.Leu780Glu	0.004042565822601318	0.0	*
p.Leu780Gly	0.05039095878601074	0.0	*
p.Leu780His	0.05268442630767822	0.0	*
p.Leu780Ile	0.3631707429885864	0.0	*
p.Leu780Lys	0.07433116436004639	0.0	*
p.Leu780Met	0.12610238790512085	0.0	*
p.Leu780Phe	0.13912475109100342	0.0	*
p.Leu780Pro	0.004676520824432373	0.0	*
p.Leu780Ser	0.0802469253540039	0.0	*
p.Leu780Ter	*	*	*
p.Leu780Thr	0.16154152154922485	0.0	*
p.Leu780Trp	0.050540268421173096	0.0	*
p.Leu780Tyr	0.021417737007141113	0.0	*
p.Leu780Val	0.28572607040405273	0.0	*
p.Leu783=	*	*	*
p.Leu783Ala	0.22054362297058105	0.0	*
p.Leu783Arg	0.023954570293426514	0.0	*
p.Leu783Asn	0.09228426218032837	0.0	*
p.Leu783Asp	0.03066784143447876	0.0	*
p.Leu783Cys	0.2590590715408325	0.0	*
p.Leu783Gln	0.05921018123626709	0.0	*
p.Leu783Glu	0.03283977508544922	0.0	*
p.Leu783Gly	0.14390933513641357	0.0	*
p.Leu783His	0.19173753261566162	0.0	*
p.Leu783Ile	0.7303463220596313	0.0	*
p.Leu783Lys	0.20044302940368652	0.0	*
p.Leu783Met	0.3252217173576355	0.0	*
p.Leu783Phe	0.36281025409698486	0.0	*
p.Leu783Pro	0.02095663547515869	0.0	*
p.Leu783Ser	0.22021198272705078	0.0	*
p.Leu783Ter	*	*	*
p.Leu783Thr	0.5516209006309509	0.0	*
p.Leu783Trp	0.1219901442527771	0.0	*
p.Leu783Tyr	0.1483370065689087	0.0	*
p.Leu783Val	0.6598005294799805	0.0	*
p.Leu792=	*	*	*
p.Leu792Ala	0.1497144103050232	0.0	*
p.Leu792Arg	0.008705079555511475	0.0	*
p.Leu792Asn	0.031246066093444824	0.0	*
p.Leu792Asp	0.008175909519195557	0.0	*
p.Leu792Cys	0.11604142189025879	0.0	*
p.Leu792Gln	0.015215873718261719	0.0	*
p.Leu792Glu	0.01626068353652954	0.0	*
p.Leu792Gly	0.03961801528930664	0.0	*
p.Leu792His	0.04608732461929321	0.0	*
p.Leu792Ile	0.2541009187698364	0.0	*
p.Leu792Lys	0.05293983221054077	0.0	*
p.Leu792Met	0.17204761505126953	0.0	*
p.Leu792Phe	0.1293501853942871	0.0	*
p.Leu792Pro	0.004151582717895508	0.0	*
p.Leu792Ser	0.04633665084838867	0.0	*
p.Leu792Ter	*	*	*
p.Leu792Thr	0.06216871738433838	0.0	*
p.Leu792Trp	0.04720872640609741	0.0	*
p.Leu792Tyr	0.025912940502166748	0.0	*
p.Leu792Val	0.1386634111404419	0.0	*
p.Leu795=	*	*	*
p.Leu795Ala	0.06752961874008179	0.0	*
p.Leu795Arg	0.005509734153747559	0.0	*
p.Leu795Asn	0.01638895273208618	0.0	*
p.Leu795Asp	0.007953405380249023	0.0	*
p.Leu795Cys	0.04084748029708862	0.0	*
p.Leu795Gln	0.010183215141296387	0.0	*
p.Leu795Glu	0.004671812057495117	0.0	*
p.Leu795Gly	0.023119807243347168	0.0	*
p.Leu795His	0.023436665534973145	0.0	*
p.Leu795Ile	0.21216338872909546	0.0	*
p.Leu795Lys	0.044429004192352295	0.0	*
p.Leu795Met	0.09471851587295532	0.0	*
p.Leu795Phe	0.08574038743972778	0.0	*
p.Leu795Pro	0.002639949321746826	0.0	*
p.Leu795Ser	0.034134089946746826	0.0	*
p.Leu795Ter	*	*	*
p.Leu795Thr	0.056510865688323975	0.0	*
p.Leu795Trp	0.0309639573097229	0.0	*
p.Leu795Tyr	0.019924163818359375	0.0	*
p.Leu795Val	0.08783537149429321	0.0	*
p.Leu798=	*	*	*
p.Leu798Ala	0.04693126678466797	0.0	*
p.Leu798Arg	0.003951847553253174	0.0	*
p.Leu798Asn	0.011308550834655762	0.0	*
p.Leu798Asp	0.005492746829986572	0.0	*
p.Leu798Cys	0.04494273662567139	0.0	*
p.Leu798Gln	0.012703955173492432	0.0	*
p.Leu798Glu	0.0028666257858276367	0.0	*
p.Leu798Gly	0.020064473152160645	0.0	*
p.Leu798His	0.03001350164413452	0.0	*
p.Leu798Ile	0.2722470164299011	0.0	*
p.Leu798Lys	0.07441931962966919	0.0	*
p.Leu798Met	0.14281857013702393	0.0	*
p.Leu798Phe	0.06566441059112549	0.0	*
p.Leu798Pro	0.0017840266227722168	0.0	*
p.Leu798Ser	0.06454122066497803	0.0	*
p.Leu798Ter	*	*	*
p.Leu798Thr	0.08363997936248779	0.0	*
p.Leu798Trp	0.03346407413482666	0.0	*
p.Leu798Tyr	0.011983394622802734	0.0	*
p.Leu798Val	0.11169511079788208	0.0	*
p.Leu808=	*	*	*
p.Leu808Ala	0.21433883905410767	0.0	*
p.Leu808Arg	0.014651596546173096	0.0	*
p.Leu808Asn	0.07616811990737915	0.0	*
p.Leu808Asp	0.015492558479309082	0.0	*
p.Leu808Cys	0.09407287836074829	0.0	*
p.Leu808Gln	0.04156261682510376	0.0	*
p.Leu808Glu	0.02010977268218994	0.0	*
p.Leu808Gly	0.05965530872344971	0.0	*
p.Leu808His	0.12155985832214355	0.0	*
p.Leu808Ile	0.5399963855743408	0.0	*
p.Leu808Lys	0.16064131259918213	0.0	*
p.Leu808Met	0.41207319498062134	0.0	*
p.Leu808Phe	0.2650907039642334	0.0	*
p.Leu808Pro	0.008922934532165527	0.0	*
p.Leu808Ser	0.15104734897613525	0.0	*
p.Leu808Ter	*	*	*
p.Leu808Thr	0.2692333459854126	0.0	*
p.Leu808Trp	0.07349121570587158	0.0	*
p.Leu808Tyr	0.0497625470161438	0.0	*
p.Leu808Val	0.5426970720291138	0.0	*
p.Leu813=	*	*	*
p.Leu813Ala	0.8897547125816345	0.0	*
p.Leu813Arg	0.2461165189743042	0.0	*
p.Leu813Asp	0.2934491038322449	0.0	*
p.Leu813Cys	0.8371652960777283	0.0	*
p.Leu813Glu	0.5389942526817322	0.0	*
p.Leu813Gly	0.7787889242172241	0.0	*
p.Leu813Ile	0.944376528263092	0.0	*
p.Leu813Lys	0.8546901345252991	0.0	*
p.Leu813Met	0.9349749088287354	0.0	*
p.Leu813Phe	0.9268043041229248	0.0	*
p.Leu813Pro	0.18345314264297485	0.0	*
p.Leu813Ser	0.8310685753822327	0.0	*
p.Leu813Ter	*	*	*
p.Leu813Trp	0.6132705211639404	0.0	*
p.Leu813Tyr	0.6718018651008606	0.0	*
p.Leu813Val	0.9115326404571533	0.0	*
p.Leu824=	*	*	*
p.Leu824Ala	0.45863133668899536	0.0	*
p.Leu824Arg	0.018642902374267578	0.0	*
p.Leu824Asn	0.08049976825714111	0.0	*
p.Leu824Asp	0.0182226300239563	0.0	*
p.Leu824Cys	0.3031429052352905	0.0	*
p.Leu824Gln	0.04362970590591431	0.0	*
p.Leu824Glu	0.018182754516601562	0.0	*
p.Leu824Gly	0.06522166728973389	0.0	*
p.Leu824His	0.0880245566368103	0.0	*
p.Leu824Ile	0.8343418836593628	0.0	*
p.Leu824Lys	0.33306366205215454	0.0	*
p.Leu824Met	0.6361143589019775	0.0	*
p.Leu824Phe	0.5962679982185364	0.0	*
p.Leu824Pro	0.026885151863098145	0.0	*
p.Leu824Ser	0.1692039966583252	0.0	*
p.Leu824Ter	*	*	*
p.Leu824Thr	0.4035385251045227	0.0	*
p.Leu824Trp	0.14142853021621704	0.0	*
p.Leu824Tyr	0.09912288188934326	0.0	*
p.Leu824Val	0.7040863037109375	0.0	*
p.Leu846=	*	*	*
p.Leu846Ala	0.04128694534301758	0.0	*
p.Leu846Arg	0.006235897541046143	0.0	*
p.Leu846Asn	0.00900036096572876	0.0	*
p.Leu846Asp	0.012068748474121094	0.0	*
p.Leu846Cys	0.07115375995635986	0.0	*
p.Leu846Gln	0.024521231651306152	0.0	*
p.Leu846Glu	0.00649791955947876	0.0	*
p.Leu846Gly	0.026612699031829834	0.0	*
p.Leu846His	0.041812777519226074	0.0	*
p.Leu846Ile	0.4724474549293518	0.0	*
p.Leu846Lys	0.0712081789970398	0.0	*
p.Leu846Met	0.06686824560165405	0.0	*
p.Leu846Phe	0.1192365288734436	0.0	*
p.Leu846Pro	0.010759949684143066	0.0	*
p.Leu846Ser	0.03830122947692871	0.0	*
p.Leu846Ter	*	*	*
p.Leu846Thr	0.13751769065856934	0.0	*
p.Leu846Trp	0.04974561929702759	0.0	*
p.Leu846Tyr	0.030531883239746094	0.0	*
p.Leu846Val	0.3597448468208313	0.0	*
p.Leu856=	*	*	*
p.Leu856Ala	0.05592846870422363	0.0	*
p.Leu856Arg	0.00637894868850708	0.0	*
p.Leu856Asn	0.014044642448425293	0.0	*
p.Leu856Asp	0.007868587970733643	0.0	*
p.Leu856Cys	0.08242172002792358	0.0	*
p.Leu856Gln	0.014757037162780762	0.0	*
p.Leu856Glu	0.007254302501678467	0.0	*
p.Leu856Gly	0.017139434814453125	0.0	*
p.Leu856His	0.03328782320022583	0.0	*
p.Leu856Ile	0.3992096781730652	0.0	*
p.Leu856Lys	0.057048916816711426	0.0	*
p.Leu856Met	0.06919276714324951	0.0	*
p.Leu856Phe	0.10645627975463867	0.0	*
p.Leu856Pro	0.004986226558685303	0.0	*
p.Leu856Ser	0.032116472721099854	0.0	*
p.Leu856Ter	*	*	*
p.Leu856Thr	0.05277109146118164	0.0	*
p.Leu856Trp	0.038920462131500244	0.0	*
p.Leu856Tyr	0.030490994453430176	0.0	*
p.Leu856Val	0.1669195294380188	0.0	*
p.Leu884=	*	*	*
p.Leu884Ala	0.03354299068450928	0.0	*
p.Leu884Arg	0.003310561180114746	0.0	*
p.Leu884Asn	0.006447196006774902	0.0	*
p.Leu884Asp	0.0032753348350524902	0.0	*
p.Leu884Cys	0.040295302867889404	0.0	*
p.Leu884Gln	0.008649468421936035	0.0	*
p.Leu884Glu	0.0014731884002685547	0.0	*
p.Leu884Gly	0.013115525245666504	0.0	*
p.Leu884His	0.011837184429168701	0.0	*
p.Leu884Ile	0.2913838028907776	0.0	*
p.Leu884Lys	0.027393758296966553	0.0	*
p.Leu884Met	0.04085111618041992	0.0	*
p.Leu884Phe	0.05753803253173828	0.0	*
p.Leu884Pro	0.0026280879974365234	0.0	*
p.Leu884Ser	0.023617148399353027	0.0	*
p.Leu884Ter	*	*	*
p.Leu884Thr	0.058482825756073	0.0	*
p.Leu884Trp	0.025020122528076172	0.0	*
p.Leu884Tyr	0.010791480541229248	0.0	*
p.Leu884Val	0.1800883412361145	0.0	*
p.Leu896=	*	*	*
p.Leu896Ala	0.009568870067596436	0.0	*
p.Leu896Arg	0.0011119246482849121	0.0	*
p.Leu896Asn	0.002423107624053955	0.0	*
p.Leu896Asp	0.0008074641227722168	0.0	*
p.Leu896Cys	0.0010273456573486328	0.0	*
p.Leu896Gln	0.0025973916053771973	0.0	*
p.Leu896Glu	0.001338362693786621	0.0	*
p.Leu896Gly	0.0020064115524291992	0.0	*
p.Leu896His	0.002322375774383545	0.0	*
p.Leu896Ile	0.0957564115524292	0.0	*
p.Leu896Lys	0.007206559181213379	0.0	*
p.Leu896Met	0.020363032817840576	0.0	*
p.Leu896Phe	0.01023167371749878	0.0	*
p.Leu896Pro	0.002434253692626953	0.0	*
p.Leu896Ser	0.005376458168029785	0.0	*
p.Leu896Ter	*	*	*
p.Leu896Thr	0.009178400039672852	0.0	*
p.Leu896Trp	0.0026460886001586914	0.0	*
p.Leu896Tyr	0.0027715563774108887	0.0	*
p.Leu896Val	0.04923492670059204	0.0	*
p.Leu902=	*	*	*
p.Leu902Ala	0.003851652145385742	0.0	*
p.Leu902Arg	0.0003014802932739258	0.0	*
p.Leu902Asn	0.0008360147476196289	0.0	*
p.Leu902Asp	0.00027364492416381836	0.0	*
p.Leu902Cys	0.0009829998016357422	0.0	*
p.Leu902Gln	0.0007389187812805176	0.0	*
p.Leu902Glu	0.00027877092361450195	0.0	*
p.Leu902Gly	0.0008312463760375977	0.0	*
p.Leu902His	0.0006773471832275391	0.0	*
p.Leu902Ile	0.018252313137054443	0.0	*
p.Leu902Lys	0.004245281219482422	0.0	*
p.Leu902Met	0.004626810550689697	0.0	*
p.Leu902Phe	0.004176139831542969	0.0	*
p.Leu902Pro	0.00021415948867797852	0.0	*
p.Leu902Ser	0.003697037696838379	0.0	*
p.Leu902Ter	*	*	*
p.Leu902Thr	0.00271451473236084	0.0	*
p.Leu902Trp	0.0015166401863098145	0.0	*
p.Leu902Tyr	0.0005782842636108398	0.0	*
p.Leu902Val	0.0058095455169677734	0.0	*
p.Leu916=	*	*	*
p.Leu916Ala	0.010076463222503662	0.0	*
p.Leu916Arg	0.0006086826324462891	0.0	*
p.Leu916Asn	0.0018773674964904785	0.0	*
p.Leu916Asp	0.0008329153060913086	0.0	*
p.Leu916Cys	0.007812738418579102	0.0	*
p.Leu916Gln	0.0017808079719543457	0.0	*
p.Leu916Glu	0.001133561134338379	0.0	*
p.Leu916Gly	0.003001570701599121	0.0	*
p.Leu916His	0.004609227180480957	0.0	*
p.Leu916Ile	0.0643913745880127	0.0	*
p.Leu916Lys	0.013697564601898193	0.0	*
p.Leu916Met	0.010887563228607178	0.0	*
p.Leu916Phe	0.016379952430725098	0.0	*
p.Leu916Pro	0.0008295774459838867	0.0	*
p.Leu916Ser	0.006329536437988281	0.0	*
p.Leu916Ter	*	*	*
p.Leu916Thr	0.010587632656097412	0.0	*
p.Leu916Trp	0.006945550441741943	0.0	*
p.Leu916Tyr	0.0032182931900024414	0.0	*
p.Leu916Val	0.03497123718261719	0.0	*
p.Leu934=	*	*	*
p.Leu934Ala	0.8525172472000122	0.0	*
p.Leu934Arg	0.0584406852722168	0.0	*
p.Leu934Asn	0.37935566902160645	0.0	*
p.Leu934Asp	0.11346715688705444	0.0	*
p.Leu934Cys	0.8130229711532593	0.0	*
p.Leu934Gln	0.13317328691482544	0.0	*
p.Leu934Glu	0.11524802446365356	0.0	*
p.Leu934Gly	0.6272763013839722	0.0	*
p.Leu934Ile	0.8953185677528381	0.0	*
p.Leu934Lys	0.5965626239776611	0.0	*
p.Leu934Met	0.8342757821083069	0.0	*
p.Leu934Pro	0.07976239919662476	0.0	*
p.Leu934Ser	0.5357313752174377	0.0	*
p.Leu934Ter	*	*	*
p.Leu934Thr	0.7934699654579163	0.0	*
p.Leu934Trp	0.3561481833457947	0.0	*
p.Leu934Tyr	0.18188607692718506	0.0	*
p.Leu934Val	0.8454063534736633	0.0	*
p.Leu936=	*	*	*
p.Leu936Ala	0.9269963502883911	0.0	*
p.Leu936Arg	0.0762946605682373	0.0	*
p.Leu936Asn	0.4824158549308777	0.0	*
p.Leu936Asp	0.12538421154022217	0.0	*
p.Leu936Cys	0.9304250478744507	0.0	*
p.Leu936Gln	0.15497440099716187	0.0	*
p.Leu936Glu	0.21827107667922974	0.0	*
p.Leu936Gly	0.7841312289237976	0.0	*
p.Leu936His	0.5211276412010193	0.0	*
p.Leu936Ile	0.9387654066085815	0.0	*
p.Leu936Lys	0.6858676075935364	0.0	*
p.Leu936Met	0.9049505591392517	0.0	*
p.Leu936Phe	0.8856238722801208	0.0	*
p.Leu936Pro	0.15009796619415283	0.0	*
p.Leu936Ser	0.8161279559135437	0.0	*
p.Leu936Ter	*	*	*
p.Leu936Thr	0.846829891204834	0.0	*
p.Leu936Trp	0.4448869824409485	0.0	*
p.Leu936Tyr	0.37203675508499146	0.0	*
p.Leu936Val	0.9287590384483337	0.0	*
p.Leu979=	*	*	*
p.Leu979Ala	0.009435653686523438	0.0	*
p.Leu979Arg	0.0003381967544555664	0.0	*
p.Leu979Asn	0.0014761090278625488	0.0	*
p.Leu979Asp	0.0006177425384521484	0.0	*
p.Leu979Cys	0.004749417304992676	0.0	*
p.Leu979Gln	0.0007205605506896973	0.0	*
p.Leu979Glu	0.0003909468650817871	0.0	*
p.Leu979Gly	0.0035935044288635254	0.0	*
p.Leu979His	0.0016428828239440918	0.0	*
p.Leu979Ile	0.23192429542541504	0.0	*
p.Leu979Lys	0.006010651588439941	0.0	*
p.Leu979Met	0.01928025484085083	0.0	*
p.Leu979Phe	0.021075665950775146	0.0	*
p.Leu979Pro	0.0004686117172241211	0.0	*
p.Leu979Ser	0.0041207075119018555	0.0	*
p.Leu979Ter	*	*	*
p.Leu979Thr	0.014273107051849365	0.0	*
p.Leu979Trp	0.008983016014099121	0.0	*
p.Leu979Tyr	0.0027083754539489746	0.0	*
p.Leu979Val	0.08906519412994385	0.0	*
p.Leu987=	*	*	*
p.Leu987Ala	0.003699660301208496	0.0	*
p.Leu987Arg	0.00020200014114379883	0.0	*
p.Leu987Asn	0.0005331635475158691	0.0	*
p.Leu987Asp	0.00018602609634399414	0.0	*
p.Leu987Cys	0.0011483430862426758	0.0	*
p.Leu987Gln	0.0003986954689025879	0.0	*
p.Leu987Glu	0.0001793503761291504	0.0	*
p.Leu987Gly	0.0014202594757080078	0.0	*
p.Leu987His	0.0007090568542480469	0.0	*
p.Leu987Ile	0.05689728260040283	0.0	*
p.Leu987Lys	0.0017022490501403809	0.0	*
p.Leu987Met	0.00638049840927124	0.0	*
p.Leu987Phe	0.005461990833282471	0.0	*
p.Leu987Pro	0.00048804283142089844	0.0	*
p.Leu987Ser	0.0035077929496765137	0.0	*
p.Leu987Ter	*	*	*
p.Leu987Thr	0.0038796663284301758	0.0	*
p.Leu987Trp	0.0019939541816711426	0.0	*
p.Leu987Tyr	0.0010666251182556152	0.0	*
p.Leu987Val	0.024551451206207275	0.0	*
p.Leu989=	*	*	*
p.Leu989Ala	0.0013811588287353516	0.0	*
p.Leu989Arg	0.0001647472381591797	0.0	*
p.Leu989Asn	0.0003789663314819336	0.0	*
p.Leu989Asp	0.0002910494804382324	0.0	*
p.Leu989Cys	0.007933497428894043	0.0	*
p.Leu989Gln	0.0003641843795776367	0.0	*
p.Leu989Glu	0.0003179311752319336	0.0	*
p.Leu989Gly	0.002344489097595215	0.0	*
p.Leu989His	0.0013886690139770508	0.0	*
p.Leu989Ile	0.05519139766693115	0.0	*
p.Leu989Lys	0.002092123031616211	0.0	*
p.Leu989Met	0.003026127815246582	0.0	*
p.Leu989Phe	0.005645155906677246	0.0	*
p.Leu989Pro	0.0009481310844421387	0.0	*
p.Leu989Ser	0.0024712681770324707	0.0	*
p.Leu989Ter	*	*	*
p.Leu989Thr	0.0035001039505004883	0.0	*
p.Leu989Trp	0.0037160515785217285	0.0	*
p.Leu989Tyr	0.0007022619247436523	0.0	*
p.Leu989Val	0.038600265979766846	0.0	*
p.Lys1010=	*	*	*
p.Lys1010Ala	0.002675294876098633	0.0	*
p.Lys1010Arg	0.001481473445892334	0.0	*
p.Lys1010Asn	0.0028458833694458008	0.0	*
p.Lys1010Asp	0.0011022090911865234	0.0	*
p.Lys1010Cys	0.0006923675537109375	0.0	*
p.Lys1010Gln	0.003097236156463623	0.0	*
p.Lys1010Glu	0.000571906566619873	0.0	*
p.Lys1010Gly	0.00453561544418335	0.0	*
p.Lys1010His	0.0007926821708679199	0.0	*
p.Lys1010Ile	0.0005574822425842285	0.0	*
p.Lys1010Leu	0.0020287632942199707	0.0	*
p.Lys1010Met	0.001559913158416748	0.0	*
p.Lys1010Phe	0.002203226089477539	0.0	*
p.Lys1010Pro	0.000650942325592041	0.0	*
p.Lys1010Ser	0.009114682674407959	0.0	*
p.Lys1010Ter	*	*	*
p.Lys1010Thr	0.0037036538124084473	0.0	*
p.Lys1010Trp	0.0012148022651672363	0.0	*
p.Lys1010Tyr	0.0019795894622802734	0.0	*
p.Lys1010Val	0.006557941436767578	0.0	*
p.Lys1013=	*	*	*
p.Lys1013Ala	0.006402492523193359	0.0	*
p.Lys1013Arg	0.006406843662261963	0.0	*
p.Lys1013Asn	0.013154864311218262	0.0	*
p.Lys1013Asp	0.002355635166168213	0.0	*
p.Lys1013Cys	0.0010104775428771973	0.0	*
p.Lys1013Gln	0.020445287227630615	0.0	*
p.Lys1013Glu	0.0031996965408325195	0.0	*
p.Lys1013Gly	0.00706028938293457	0.0	*
p.Lys1013His	0.005035519599914551	0.0	*
p.Lys1013Ile	0.0014926791191101074	0.0	*
p.Lys1013Leu	0.008662581443786621	0.0	*
p.Lys1013Met	0.01101982593536377	0.0	*
p.Lys1013Phe	0.005404055118560791	0.0	*
p.Lys1013Pro	0.00256192684173584	0.0	*
p.Lys1013Ser	0.1037513017654419	0.0	*
p.Lys1013Ter	*	*	*
p.Lys1013Thr	0.0076225996017456055	0.0	*
p.Lys1013Trp	0.0031235218048095703	0.0	*
p.Lys1013Tyr	0.0035837888717651367	0.0	*
p.Lys1013Val	0.006061673164367676	0.0	*
p.Lys1020=	*	*	*
p.Lys1020Ala	0.08784937858581543	0.0	*
p.Lys1020Arg	0.10318440198898315	0.0	*
p.Lys1020Asn	0.2627536654472351	0.0	*
p.Lys1020Asp	0.021709978580474854	0.0	*
p.Lys1020Cys	0.019375503063201904	0.0	*
p.Lys1020Gln	0.06707727909088135	0.0	*
p.Lys1020Glu	0.015037894248962402	0.0	*
p.Lys1020Gly	0.07831543684005737	0.0	*
p.Lys1020His	0.02579110860824585	0.0	*
p.Lys1020Ile	0.011394202709197998	0.0	*
p.Lys1020Leu	0.06071507930755615	0.0	*
p.Lys1020Met	0.08724391460418701	0.0	*
p.Lys1020Phe	0.040963172912597656	0.0	*
p.Lys1020Pro	0.006790101528167725	0.0	*
p.Lys1020Ser	0.07754212617874146	0.0	*
p.Lys1020Ter	*	*	*
p.Lys1020Thr	0.06304508447647095	0.0	*
p.Lys1020Trp	0.026271700859069824	0.0	*
p.Lys1020Tyr	0.03184324502944946	0.0	*
p.Lys1020Val	0.05903106927871704	0.0	*
p.Lys1022=	*	*	*
p.Lys1022Ala	0.11414831876754761	0.0	*
p.Lys1022Arg	0.2333921194076538	0.0	*
p.Lys1022Asn	0.18747186660766602	0.0	*
p.Lys1022Asp	0.12642228603363037	0.0	*
p.Lys1022Cys	0.05617630481719971	0.0	*
p.Lys1022Gln	0.13399922847747803	0.0	*
p.Lys1022Glu	0.04004698991775513	0.0	*
p.Lys1022Gly	0.209747314453125	0.0	*
p.Lys1022His	0.07294052839279175	0.0	*
p.Lys1022Ile	0.013012409210205078	0.0	*
p.Lys1022Leu	0.09366726875305176	0.0	*
p.Lys1022Met	0.11817407608032227	0.0	*
p.Lys1022Phe	0.11479359865188599	0.0	*
p.Lys1022Pro	0.023635566234588623	0.0	*
p.Lys1022Ser	0.5227394104003906	0.0	*
p.Lys1022Ter	*	*	*
p.Lys1022Thr	0.3704732060432434	0.0	*
p.Lys1022Trp	0.03806746006011963	0.0	*
p.Lys1022Tyr	0.0822826623916626	0.0	*
p.Lys1022Val	0.1188170313835144	0.0	*
p.Lys1028=	*	*	*
p.Lys1028Ala	0.03743714094161987	0.0	*
p.Lys1028Arg	0.02939581871032715	0.0	*
p.Lys1028Asn	0.07845336198806763	0.0	*
p.Lys1028Asp	0.007319927215576172	0.0	*
p.Lys1028Cys	0.008702993392944336	0.0	*
p.Lys1028Gln	0.023597121238708496	0.0	*
p.Lys1028Glu	0.0019475221633911133	0.0	*
p.Lys1028Gly	0.03445810079574585	0.0	*
p.Lys1028His	0.007367193698883057	0.0	*
p.Lys1028Ile	0.004223763942718506	0.0	*
p.Lys1028Leu	0.03350716829299927	0.0	*
p.Lys1028Met	0.03382241725921631	0.0	*
p.Lys1028Phe	0.014199972152709961	0.0	*
p.Lys1028Pro	0.0008733868598937988	0.0	*
p.Lys1028Ser	0.0723271369934082	0.0	*
p.Lys1028Ter	*	*	*
p.Lys1028Thr	0.021642208099365234	0.0	*
p.Lys1028Trp	0.009665906429290771	0.0	*
p.Lys1028Tyr	0.0098496675491333	0.0	*
p.Lys1028Val	0.01609349250793457	0.0	*
p.Lys1055=	*	*	*
p.Lys1055Ala	0.06545108556747437	0.0	*
p.Lys1055Arg	0.028760194778442383	0.0	*
p.Lys1055Asn	0.058544695377349854	0.0	*
p.Lys1055Asp	0.013151943683624268	0.0	*
p.Lys1055Cys	0.020692408084869385	0.0	*
p.Lys1055Gln	0.04184979200363159	0.0	*
p.Lys1055Glu	0.014050304889678955	0.0	*
p.Lys1055Gly	0.05111062526702881	0.0	*
p.Lys1055His	0.02538132667541504	0.0	*
p.Lys1055Ile	0.006432235240936279	0.0	*
p.Lys1055Leu	0.03643745183944702	0.0	*
p.Lys1055Met	0.0258752703666687	0.0	*
p.Lys1055Phe	0.03749382495880127	0.0	*
p.Lys1055Pro	0.013252615928649902	0.0	*
p.Lys1055Ser	0.09002077579498291	0.0	*
p.Lys1055Ter	*	*	*
p.Lys1055Thr	0.031793832778930664	0.0	*
p.Lys1055Trp	0.022440969944000244	0.0	*
p.Lys1055Tyr	0.016518890857696533	0.0	*
p.Lys1055Val	0.043030500411987305	0.0	*
p.Lys1077=	*	*	*
p.Lys1077Ala	0.0012869834899902344	0.0	*
p.Lys1077Arg	0.006058454513549805	0.0	*
p.Lys1077Asn	0.0046926140785217285	0.0	*
p.Lys1077Asp	0.0006055831909179688	0.0	*
p.Lys1077Cys	0.00033736228942871094	0.0	*
p.Lys1077Gln	0.001126110553741455	0.0	*
p.Lys1077Glu	0.00029081106185913086	0.0	*
p.Lys1077Gly	0.0014355778694152832	0.0	*
p.Lys1077His	0.0003827810287475586	0.0	*
p.Lys1077Ile	0.0003159046173095703	0.0	*
p.Lys1077Leu	0.0010788440704345703	0.0	*
p.Lys1077Met	0.0010758042335510254	0.0	*
p.Lys1077Phe	0.0009515881538391113	0.0	*
p.Lys1077Pro	0.0002644658088684082	0.0	*
p.Lys1077Ser	0.003897428512573242	0.0	*
p.Lys1077Ter	*	*	*
p.Lys1077Thr	0.0020021796226501465	0.0	*
p.Lys1077Trp	0.0006642937660217285	0.0	*
p.Lys1077Tyr	0.000958859920501709	0.0	*
p.Lys1077Val	0.0017216205596923828	0.0	*
p.Lys1080=	*	*	*
p.Lys1080Ala	0.006172001361846924	0.0	*
p.Lys1080Arg	0.003103494644165039	0.0	*
p.Lys1080Asn	0.0035490989685058594	0.0	*
p.Lys1080Asp	0.0006691217422485352	0.0	*
p.Lys1080Cys	0.0005167722702026367	0.0	*
p.Lys1080Gln	0.0031690001487731934	0.0	*
p.Lys1080Glu	0.0005529522895812988	0.0	*
p.Lys1080Gly	0.004403650760650635	0.0	*
p.Lys1080His	0.00047588348388671875	0.0	*
p.Lys1080Ile	0.0005386471748352051	0.0	*
p.Lys1080Leu	0.0015410184860229492	0.0	*
p.Lys1080Phe	0.000574946403503418	0.0	*
p.Lys1080Pro	0.00023680925369262695	0.0	*
p.Lys1080Ser	0.005775153636932373	0.0	*
p.Lys1080Ter	*	*	*
p.Lys1080Thr	0.0017168521881103516	0.0	*
p.Lys1080Trp	0.0006957054138183594	0.0	*
p.Lys1080Val	0.0018259286880493164	0.0	*
p.Lys1105=	*	*	*
p.Lys1105Ala	0.0005245804786682129	0.0	*
p.Lys1105Arg	0.0003618001937866211	0.0	*
p.Lys1105Asn	0.00037682056427001953	0.0	*
p.Lys1105Asp	8.809566497802734e-05	0.0	*
p.Lys1105Cys	2.968311309814453e-05	0.0	*
p.Lys1105Gln	0.0008093714714050293	0.0	*
p.Lys1105Glu	5.4955482482910156e-05	0.0	*
p.Lys1105Gly	0.00022941827774047852	0.0	*
p.Lys1105His	0.00017970800399780273	0.0	*
p.Lys1105Ile	0.00012230873107910156	0.0	*
p.Lys1105Leu	0.00042742490768432617	0.0	*
p.Lys1105Met	0.00025647878646850586	0.0	*
p.Lys1105Phe	0.0001571178436279297	0.0	*
p.Lys1105Pro	2.8133392333984375e-05	0.0	*
p.Lys1105Ser	0.003274857997894287	0.0	*
p.Lys1105Ter	*	*	*
p.Lys1105Thr	0.00020939111709594727	0.0	*
p.Lys1105Trp	0.00016450881958007812	0.0	*
p.Lys1105Tyr	0.00015604496002197266	0.0	*
p.Lys1105Val	0.00040477514266967773	0.0	*
p.Lys1137=	*	*	*
p.Lys1137Ala	0.6936998963356018	0.0	*
p.Lys1137Arg	0.8718466758728027	0.0	*
p.Lys1137Asn	0.9209031462669373	0.0	*
p.Lys1137Asp	0.6285629868507385	0.0	*
p.Lys1137Cys	0.5379101037979126	0.0	*
p.Lys1137Gln	0.5814241766929626	0.0	*
p.Lys1137Glu	0.8011924028396606	0.0	*
p.Lys1137Gly	0.5976592898368835	0.0	*
p.Lys1137His	0.6467456817626953	0.0	*
p.Lys1137Ile	0.46573275327682495	0.0	*
p.Lys1137Leu	0.7806836366653442	0.0	*
p.Lys1137Met	0.6507890224456787	0.0	*
p.Lys1137Phe	0.6861245036125183	0.0	*
p.Lys1137Pro	0.6346992254257202	0.0	*
p.Lys1137Ser	0.8408544063568115	0.0	*
p.Lys1137Ter	*	*	*
p.Lys1137Thr	0.8650707602500916	0.0	*
p.Lys1137Trp	0.5957950353622437	0.0	*
p.Lys1137Tyr	0.6441075205802917	0.0	*
p.Lys1137Val	0.7656188607215881	0.0	*
p.Lys1175=	*	*	*
p.Lys1175Ala	0.02454221248626709	0.0	*
p.Lys1175Arg	0.086509108543396	0.0	*
p.Lys1175Asn	0.1031312346458435	0.0	*
p.Lys1175Asp	0.009735345840454102	0.0	*
p.Lys1175Cys	0.016329526901245117	0.0	*
p.Lys1175Gln	0.010909855365753174	0.0	*
p.Lys1175Glu	0.0057811737060546875	0.0	*
p.Lys1175Gly	0.018171310424804688	0.0	*
p.Lys1175His	0.006332218647003174	0.0	*
p.Lys1175Ile	0.003413558006286621	0.0	*
p.Lys1175Leu	0.014061987400054932	0.0	*
p.Lys1175Met	0.020010292530059814	0.0	*
p.Lys1175Phe	0.010552048683166504	0.0	*
p.Lys1175Pro	0.0029940009117126465	0.0	*
p.Lys1175Ser	0.06593954563140869	0.0	*
p.Lys1175Ter	*	*	*
p.Lys1175Thr	0.03064042329788208	0.0	*
p.Lys1175Trp	0.0059223175048828125	0.0	*
p.Lys1175Tyr	0.009955227375030518	0.0	*
p.Lys1175Val	0.011779546737670898	0.0	*
p.Lys1199=	*	*	*
p.Lys1199Ala	0.004655063152313232	0.0	*
p.Lys1199Arg	0.033076345920562744	0.0	*
p.Lys1199Asn	0.01497727632522583	0.0	*
p.Lys1199Asp	0.004625141620635986	0.0	*
p.Lys1199Cys	0.004133701324462891	0.0	*
p.Lys1199Gln	0.012189626693725586	0.0	*
p.Lys1199Glu	0.0020676851272583008	0.0	*
p.Lys1199Gly	0.0076500773429870605	0.0	*
p.Lys1199His	0.0033374428749084473	0.0	*
p.Lys1199Ile	0.003252387046813965	0.0	*
p.Lys1199Leu	0.006417989730834961	0.0	*
p.Lys1199Met	0.005422472953796387	0.0	*
p.Lys1199Phe	0.007877171039581299	0.0	*
p.Lys1199Pro	0.0013011693954467773	0.0	*
p.Lys1199Ser	0.018384277820587158	0.0	*
p.Lys1199Ter	*	*	*
p.Lys1199Thr	0.02178347110748291	0.0	*
p.Lys1199Trp	0.00530928373336792	0.0	*
p.Lys1199Tyr	0.010075628757476807	0.0	*
p.Lys1199Val	0.014079391956329346	0.0	*
p.Lys1225=	*	*	*
p.Lys1225Ala	0.00917196273803711	0.0	*
p.Lys1225Arg	0.02920818328857422	0.0	*
p.Lys1225Asn	0.05324220657348633	0.0	*
p.Lys1225Asp	0.0012745261192321777	0.0	*
p.Lys1225Cys	0.0021245479583740234	0.0	*
p.Lys1225Gln	0.0045737624168396	0.0	*
p.Lys1225Glu	0.000591278076171875	0.0	*
p.Lys1225Gly	0.007058501243591309	0.0	*
p.Lys1225His	0.002400338649749756	0.0	*
p.Lys1225Ile	0.001953721046447754	0.0	*
p.Lys1225Leu	0.004843175411224365	0.0	*
p.Lys1225Met	0.008450746536254883	0.0	*
p.Lys1225Phe	0.007852017879486084	0.0	*
p.Lys1225Pro	0.0018918514251708984	0.0	*
p.Lys1225Ser	0.02026897668838501	0.0	*
p.Lys1225Ter	*	*	*
p.Lys1225Thr	0.005468010902404785	0.0	*
p.Lys1225Trp	0.0018815994262695312	0.0	*
p.Lys1225Tyr	0.005658507347106934	0.0	*
p.Lys1225Val	0.006045043468475342	0.0	*
p.Lys1238Ala	0.0033791065216064453	0.0	*
p.Lys1238Arg	0.007606863975524902	0.0	*
p.Lys1238Asn	0.00952768325805664	0.0	*
p.Lys1238Asp	0.0028707385063171387	0.0	*
p.Lys1238Cys	0.0025946497917175293	0.0	*
p.Lys1238Gln	0.002788364887237549	0.0	*
p.Lys1238Glu	0.0005530714988708496	0.0	*
p.Lys1238Gly	0.01006925106048584	0.0	*
p.Lys1238His	0.0011028051376342773	0.0	*
p.Lys1238Ile	0.0008230805397033691	0.0	*
p.Lys1238Leu	0.002829611301422119	0.0	*
p.Lys1238Met	0.0020614266395568848	0.0	*
p.Lys1238Phe	0.0031085610389709473	0.0	*
p.Lys1238Pro	0.0010064244270324707	0.0	*
p.Lys1238Ser	0.02060401439666748	0.0	*
p.Lys1238Ter	*	*	*
p.Lys1238Thr	0.006894409656524658	0.0	*
p.Lys1238Trp	0.0017070174217224121	0.0	*
p.Lys1238Tyr	0.0036751627922058105	0.0	*
p.Lys1238Val	0.0077307820320129395	0.0	*
p.Lys1248=	*	*	*
p.Lys1248Ala	0.112465500831604	0.0	*
p.Lys1248Arg	0.07974553108215332	0.0	*
p.Lys1248Asn	0.16075849533081055	0.0	*
p.Lys1248Asp	0.014417946338653564	0.0	*
p.Lys1248Cys	0.02234548330307007	0.0	*
p.Lys1248Gln	0.022895872592926025	0.0	*
p.Lys1248Glu	0.006866872310638428	0.0	*
p.Lys1248Gly	0.1408982276916504	0.0	*
p.Lys1248His	0.021821439266204834	0.0	*
p.Lys1248Ile	0.021570563316345215	0.0	*
p.Lys1248Leu	0.10015052556991577	0.0	*
p.Lys1248Met	0.0728195309638977	0.0	*
p.Lys1248Phe	0.05074203014373779	0.0	*
p.Lys1248Pro	0.01316821575164795	0.0	*
p.Lys1248Ser	0.14314287900924683	0.0	*
p.Lys1248Ter	*	*	*
p.Lys1248Thr	0.07501953840255737	0.0	*
p.Lys1248Trp	0.036273181438446045	0.0	*
p.Lys1248Tyr	0.03673917055130005	0.0	*
p.Lys1248Val	0.07462477684020996	0.0	*
p.Lys1251=	*	*	*
p.Lys1251Ala	0.01666182279586792	0.0	*
p.Lys1251Arg	0.016073763370513916	0.0	*
p.Lys1251Asn	0.025563299655914307	0.0	*
p.Lys1251Asp	0.0024047493934631348	0.0	*
p.Lys1251Cys	0.003624260425567627	0.0	*
p.Lys1251Gln	0.014292776584625244	0.0	*
p.Lys1251Glu	0.0016805529594421387	0.0	*
p.Lys1251Gly	0.010814428329467773	0.0	*
p.Lys1251His	0.0038557052612304688	0.0	*
p.Lys1251Ile	0.0013682246208190918	0.0	*
p.Lys1251Leu	0.006567716598510742	0.0	*
p.Lys1251Met	0.006960928440093994	0.0	*
p.Lys1251Phe	0.006413400173187256	0.0	*
p.Lys1251Pro	0.000456392765045166	0.0	*
p.Lys1251Ser	0.10289740562438965	0.0	*
p.Lys1251Ter	*	*	*
p.Lys1251Thr	0.005970001220703125	0.0	*
p.Lys1251Trp	0.004825294017791748	0.0	*
p.Lys1251Tyr	0.004988551139831543	0.0	*
p.Lys1251Val	0.007719993591308594	0.0	*
p.Lys1258=	*	*	*
p.Lys1258Ala	0.06099498271942139	0.0	*
p.Lys1258Arg	0.23546326160430908	0.0	*
p.Lys1258Asn	0.480312705039978	0.0	*
p.Lys1258Asp	0.04351323843002319	0.0	*
p.Lys1258Cys	0.06677049398422241	0.0	*
p.Lys1258Gln	0.1408848762512207	0.0	*
p.Lys1258Glu	0.03475451469421387	0.0	*
p.Lys1258Gly	0.10240572690963745	0.0	*
p.Lys1258His	0.048223018646240234	0.0	*
p.Lys1258Ile	0.020009279251098633	0.0	*
p.Lys1258Leu	0.11641287803649902	0.0	*
p.Lys1258Met	0.17830723524093628	0.0	*
p.Lys1258Phe	0.18230915069580078	0.0	*
p.Lys1258Pro	0.020465493202209473	0.0	*
p.Lys1258Ser	0.3396296501159668	0.0	*
p.Lys1258Ter	*	*	*
p.Lys1258Thr	0.18783694505691528	0.0	*
p.Lys1258Trp	0.04837667942047119	0.0	*
p.Lys1258Tyr	0.11252182722091675	0.0	*
p.Lys1258Val	0.08945292234420776	0.0	*
p.Lys1260=	*	*	*
p.Lys1260Ala	0.03670799732208252	0.0	*
p.Lys1260Arg	0.1832866668701172	0.0	*
p.Lys1260Asn	0.2808442711830139	0.0	*
p.Lys1260Asp	0.034778594970703125	0.0	*
p.Lys1260Cys	0.03450429439544678	0.0	*
p.Lys1260Gln	0.07371634244918823	0.0	*
p.Lys1260Glu	0.018628358840942383	0.0	*
p.Lys1260Gly	0.08909916877746582	0.0	*
p.Lys1260His	0.0863809585571289	0.0	*
p.Lys1260Ile	0.017389237880706787	0.0	*
p.Lys1260Leu	0.09213912487030029	0.0	*
p.Lys1260Met	0.15879857540130615	0.0	*
p.Lys1260Phe	0.13381290435791016	0.0	*
p.Lys1260Pro	0.01459568738937378	0.0	*
p.Lys1260Ser	0.35638201236724854	0.0	*
p.Lys1260Ter	*	*	*
p.Lys1260Thr	0.3215714693069458	0.0	*
p.Lys1260Trp	0.03580284118652344	0.0	*
p.Lys1260Tyr	0.07927930355072021	0.0	*
p.Lys1260Val	0.09927642345428467	0.0	*
p.Lys1261=	*	*	*
p.Lys1261Ala	0.19329547882080078	0.0	*
p.Lys1261Arg	0.35061150789260864	0.0	*
p.Lys1261Asn	0.4714932441711426	0.0	*
p.Lys1261Asp	0.015970230102539062	0.0	*
p.Lys1261Cys	0.12488996982574463	0.0	*
p.Lys1261Gln	0.08515399694442749	0.0	*
p.Lys1261Glu	0.005342423915863037	0.0	*
p.Lys1261Gly	0.12179309129714966	0.0	*
p.Lys1261His	0.019674181938171387	0.0	*
p.Lys1261Ile	0.006814122200012207	0.0	*
p.Lys1261Leu	0.04639667272567749	0.0	*
p.Lys1261Met	0.0971255898475647	0.0	*
p.Lys1261Phe	0.056127965450286865	0.0	*
p.Lys1261Pro	0.010132431983947754	0.0	*
p.Lys1261Ser	0.6649618148803711	0.0	*
p.Lys1261Ter	*	*	*
p.Lys1261Thr	0.1104966402053833	0.0	*
p.Lys1261Trp	0.01139456033706665	0.0	*
p.Lys1261Tyr	0.04290813207626343	0.0	*
p.Lys1261Val	0.04905122518539429	0.0	*
p.Lys1315=	*	*	*
p.Lys1315Ala	0.07918977737426758	0.0	*
p.Lys1315Arg	0.011805176734924316	0.0	*
p.Lys1315Asn	0.049861133098602295	0.0	*
p.Lys1315Asp	0.0032358169555664062	0.0	*
p.Lys1315Cys	0.014932990074157715	0.0	*
p.Lys1315Gln	0.015461921691894531	0.0	*
p.Lys1315Glu	0.002873837947845459	0.0	*
p.Lys1315Gly	0.015400469303131104	0.0	*
p.Lys1315His	0.004589855670928955	0.0	*
p.Lys1315Ile	0.005679130554199219	0.0	*
p.Lys1315Leu	0.0221635103225708	0.0	*
p.Lys1315Met	0.03161698579788208	0.0	*
p.Lys1315Phe	0.028306245803833008	0.0	*
p.Lys1315Pro	0.0017254352569580078	0.0	*
p.Lys1315Ser	0.07944834232330322	0.0	*
p.Lys1315Ter	*	*	*
p.Lys1315Thr	0.020203053951263428	0.0	*
p.Lys1315Trp	0.011506140232086182	0.0	*
p.Lys1315Tyr	0.01568603515625	0.0	*
p.Lys1315Val	0.03943735361099243	0.0	*
p.Lys1374=	*	*	*
p.Lys1374Ala	0.9859605431556702	0.0	*
p.Lys1374Arg	0.9757230877876282	0.0	*
p.Lys1374Asn	0.9926583170890808	0.0	*
p.Lys1374Asp	0.9317533373832703	0.0	*
p.Lys1374Cys	0.863666296005249	0.0	*
p.Lys1374Gln	0.9814921617507935	0.0	*
p.Lys1374Glu	0.8453333377838135	0.0	*
p.Lys1374Gly	0.9824790954589844	0.0	*
p.Lys1374His	0.9803089499473572	0.0	*
p.Lys1374Ile	0.8504704236984253	0.0	*
p.Lys1374Leu	0.9876266717910767	0.0	*
p.Lys1374Met	0.9934858679771423	0.0	*
p.Lys1374Phe	0.980927050113678	0.0	*
p.Lys1374Pro	0.5935750007629395	0.0	*
p.Lys1374Ser	0.9942437410354614	0.0	*
p.Lys1374Ter	*	*	*
p.Lys1374Thr	0.9943332672119141	0.0	*
p.Lys1374Trp	0.9239596128463745	0.0	*
p.Lys1374Tyr	0.9533158540725708	0.0	*
p.Lys1374Val	0.9731504917144775	0.0	*
p.Lys1377=	*	*	*
p.Lys1377Ala	0.9991380572319031	0.0	*
p.Lys1377Arg	0.9957363605499268	0.0	*
p.Lys1377Asn	0.9973247647285461	0.0	*
p.Lys1377Asp	0.9846096634864807	0.0	*
p.Lys1377Cys	0.994484007358551	0.0	*
p.Lys1377Gln	0.9964799880981445	0.0	*
p.Lys1377Glu	0.9935717582702637	0.0	*
p.Lys1377Gly	0.9983292818069458	0.0	*
p.Lys1377His	0.9941577315330505	0.0	*
p.Lys1377Ile	0.9511428475379944	0.0	*
p.Lys1377Leu	0.996776282787323	0.0	*
p.Lys1377Met	0.9979144930839539	0.0	*
p.Lys1377Phe	0.9964874982833862	0.0	*
p.Lys1377Pro	0.9223555326461792	0.0	*
p.Lys1377Ser	0.9996585845947266	0.0	*
p.Lys1377Ter	*	*	*
p.Lys1377Thr	0.9983256459236145	0.0	*
p.Lys1377Trp	0.9820412993431091	0.0	*
p.Lys1377Tyr	0.989433228969574	0.0	*
p.Lys1377Val	0.990864634513855	0.0	*
p.Lys1378=	*	*	*
p.Lys1378Ala	0.9597613215446472	0.0	*
p.Lys1378Arg	0.9430938363075256	0.0	*
p.Lys1378Asn	0.9787417650222778	0.0	*
p.Lys1378Asp	0.7764492034912109	0.0	*
p.Lys1378Cys	0.6269921064376831	0.0	*
p.Lys1378Gln	0.8371800184249878	0.0	*
p.Lys1378Glu	0.5737140774726868	0.0	*
p.Lys1378Gly	0.9721400737762451	0.0	*
p.Lys1378His	0.8368881940841675	0.0	*
p.Lys1378Ile	0.5066637992858887	0.0	*
p.Lys1378Leu	0.950846791267395	0.0	*
p.Lys1378Met	0.9706764221191406	0.0	*
p.Lys1378Phe	0.9414698481559753	0.0	*
p.Lys1378Pro	0.489854633808136	0.0	*
p.Lys1378Ser	0.9700950384140015	0.0	*
p.Lys1378Ter	*	*	*
p.Lys1378Thr	0.9603527188301086	0.0	*
p.Lys1378Trp	0.6137595176696777	0.0	*
p.Lys1378Tyr	0.8683599233627319	0.0	*
p.Lys1378Val	0.7559081315994263	0.0	*
p.Lys1393=	*	*	*
p.Lys1393Ala	0.993230402469635	0.0	*
p.Lys1393Arg	0.9938623905181885	0.0	*
p.Lys1393Asn	0.9983410835266113	0.0	*
p.Lys1393Asp	0.9648528099060059	0.0	*
p.Lys1393Cys	0.9743262529373169	0.0	*
p.Lys1393Gln	0.99197918176651	0.0	*
p.Lys1393Glu	0.931820809841156	0.0	*
p.Lys1393Gly	0.9949801564216614	0.0	*
p.Lys1393His	0.9966042637825012	0.0	*
p.Lys1393Ile	0.932278037071228	0.0	*
p.Lys1393Leu	0.9879488945007324	0.0	*
p.Lys1393Met	0.9976495504379272	0.0	*
p.Lys1393Phe	0.9882554411888123	0.0	*
p.Lys1393Pro	0.8864575624465942	0.0	*
p.Lys1393Ser	0.9961391687393188	0.0	*
p.Lys1393Ter	*	*	*
p.Lys1393Thr	0.9963198900222778	0.0	*
p.Lys1393Trp	0.9682170152664185	0.0	*
p.Lys1393Tyr	0.9710121154785156	0.0	*
p.Lys1393Val	0.9614769220352173	0.0	*
p.Lys1437=	*	*	*
p.Lys1437Ala	0.9017776846885681	0.0	*
p.Lys1437Arg	0.9734512567520142	0.0	*
p.Lys1437Asn	0.9732898473739624	0.0	*
p.Lys1437Asp	0.936362087726593	0.0	*
p.Lys1437Cys	0.8317604064941406	0.0	*
p.Lys1437Gln	0.8744229078292847	0.0	*
p.Lys1437Glu	0.9063699841499329	0.0	*
p.Lys1437Gly	0.9445910453796387	0.0	*
p.Lys1437His	0.8556324243545532	0.0	*
p.Lys1437Ile	0.754772961139679	0.0	*
p.Lys1437Leu	0.8650137186050415	0.0	*
p.Lys1437Met	0.8271214962005615	0.0	*
p.Lys1437Phe	0.8672099113464355	0.0	*
p.Lys1437Pro	0.8545764684677124	0.0	*
p.Lys1437Ser	0.9743938446044922	0.0	*
p.Lys1437Ter	*	*	*
p.Lys1437Thr	0.9514046907424927	0.0	*
p.Lys1437Trp	0.8803097009658813	0.0	*
p.Lys1437Tyr	0.8480650782585144	0.0	*
p.Lys1437Val	0.7919382452964783	0.0	*
p.Lys1451=	*	*	*
p.Lys1451Ala	0.8656779527664185	0.0	*
p.Lys1451Arg	0.9664005041122437	0.0	*
p.Lys1451Asn	0.964630126953125	0.0	*
p.Lys1451Asp	0.9191921949386597	0.0	*
p.Lys1451Cys	0.8587368726730347	0.0	*
p.Lys1451Gln	0.9621422290802002	0.0	*
p.Lys1451Glu	0.9615933895111084	0.0	*
p.Lys1451Gly	0.8943041563034058	0.0	*
p.Lys1451His	0.9607506394386292	0.0	*
p.Lys1451Ile	0.6927880048751831	0.0	*
p.Lys1451Leu	0.8983638882637024	0.0	*
p.Lys1451Met	0.9290642738342285	0.0	*
p.Lys1451Phe	0.9019325971603394	0.0	*
p.Lys1451Pro	0.8944125771522522	0.0	*
p.Lys1451Ser	0.982114315032959	0.0	*
p.Lys1451Ter	*	*	*
p.Lys1451Thr	0.9724838137626648	0.0	*
p.Lys1451Trp	0.885428786277771	0.0	*
p.Lys1451Tyr	0.841005802154541	0.0	*
p.Lys1451Val	0.8810126781463623	0.0	*
p.Lys720=	*	*	*
p.Lys720Ala	0.11889976263046265	0.0	*
p.Lys720Arg	0.3341500759124756	0.0	*
p.Lys720Asn	0.39433664083480835	0.0	*
p.Lys720Asp	0.143182635307312	0.0	*
p.Lys720Cys	0.07917124032974243	0.0	*
p.Lys720Gln	0.18850809335708618	0.0	*
p.Lys720Glu	0.045529305934906006	0.0	*
p.Lys720Gly	0.23486828804016113	0.0	*
p.Lys720His	0.0998382568359375	0.0	*
p.Lys720Ile	0.026879191398620605	0.0	*
p.Lys720Leu	0.11762422323226929	0.0	*
p.Lys720Met	0.13593459129333496	0.0	*
p.Lys720Phe	0.13308227062225342	0.0	*
p.Lys720Pro	0.019958555698394775	0.0	*
p.Lys720Ser	0.4103378653526306	0.0	*
p.Lys720Ter	*	*	*
p.Lys720Thr	0.2896798253059387	0.0	*
p.Lys720Trp	0.07647037506103516	0.0	*
p.Lys720Tyr	0.12435686588287354	0.0	*
p.Lys720Val	0.15001457929611206	0.0	*
p.Lys755=	*	*	*
p.Lys755Ala	0.2937524914741516	0.0	*
p.Lys755Arg	0.6292026042938232	0.0	*
p.Lys755Asn	0.758219838142395	0.0	*
p.Lys755Asp	0.1215440034866333	0.0	*
p.Lys755Cys	0.08806931972503662	0.0	*
p.Lys755Gln	0.3415423631668091	0.0	*
p.Lys755Gly	0.34860366582870483	0.0	*
p.Lys755His	0.1905922293663025	0.0	*
p.Lys755Ile	0.03926342725753784	0.0	*
p.Lys755Leu	0.31865477561950684	0.0	*
p.Lys755Phe	0.206079363822937	0.0	*
p.Lys755Pro	0.03571802377700806	0.0	*
p.Lys755Ser	0.5805034637451172	0.0	*
p.Lys755Ter	*	*	*
p.Lys755Thr	0.3866589665412903	0.0	*
p.Lys755Trp	0.16070550680160522	0.0	*
p.Lys755Tyr	0.20197755098342896	0.0	*
p.Lys755Val	0.19223487377166748	0.0	*
p.Lys785Ala	0.16162514686584473	0.0	*
p.Lys785Arg	0.132826030254364	0.0	*
p.Lys785Asn	0.22596877813339233	0.0	*
p.Lys785Asp	0.08027827739715576	0.0	*
p.Lys785Cys	0.039607346057891846	0.0	*
p.Lys785Gln	0.16368603706359863	0.0	*
p.Lys785Glu	0.057797253131866455	0.0	*
p.Lys785Gly	0.13747912645339966	0.0	*
p.Lys785His	0.14823579788208008	0.0	*
p.Lys785Ile	0.022979736328125	0.0	*
p.Lys785Leu	0.1626366376876831	0.0	*
p.Lys785Met	0.1684378981590271	0.0	*
p.Lys785Phe	0.16318362951278687	0.0	*
p.Lys785Pro	0.019277632236480713	0.0	*
p.Lys785Ser	0.36034393310546875	0.0	*
p.Lys785Ter	*	*	*
p.Lys785Thr	0.31904733180999756	0.0	*
p.Lys785Trp	0.0605471134185791	0.0	*
p.Lys785Tyr	0.08251476287841797	0.0	*
p.Lys785Val	0.1522544026374817	0.0	*
p.Lys787=	*	*	*
p.Lys787Ala	0.037459492683410645	0.0	*
p.Lys787Arg	0.14909672737121582	0.0	*
p.Lys787Asn	0.1219170093536377	0.0	*
p.Lys787Asp	0.04611939191818237	0.0	*
p.Lys787Cys	0.016032636165618896	0.0	*
p.Lys787Gln	0.07653075456619263	0.0	*
p.Lys787Glu	0.01338130235671997	0.0	*
p.Lys787Gly	0.047076523303985596	0.0	*
p.Lys787His	0.08145266771316528	0.0	*
p.Lys787Ile	0.013394296169281006	0.0	*
p.Lys787Leu	0.07534939050674438	0.0	*
p.Lys787Met	0.07467985153198242	0.0	*
p.Lys787Phe	0.04861825704574585	0.0	*
p.Lys787Pro	0.004464983940124512	0.0	*
p.Lys787Ser	0.33807849884033203	0.0	*
p.Lys787Ter	*	*	*
p.Lys787Thr	0.18010270595550537	0.0	*
p.Lys787Trp	0.026044785976409912	0.0	*
p.Lys787Tyr	0.04767340421676636	0.0	*
p.Lys787Val	0.05027419328689575	0.0	*
p.Lys794=	*	*	*
p.Lys794Ala	0.20209234952926636	0.0	*
p.Lys794Arg	0.3535591959953308	0.0	*
p.Lys794Asn	0.5137964487075806	0.0	*
p.Lys794Asp	0.06734436750411987	0.0	*
p.Lys794Cys	0.08602321147918701	0.0	*
p.Lys794Gln	0.24297142028808594	0.0	*
p.Lys794Glu	0.0381922721862793	0.0	*
p.Lys794Gly	0.1757979393005371	0.0	*
p.Lys794His	0.18132305145263672	0.0	*
p.Lys794Ile	0.033653199672698975	0.0	*
p.Lys794Leu	0.21969306468963623	0.0	*
p.Lys794Met	0.35421180725097656	0.0	*
p.Lys794Phe	0.15457665920257568	0.0	*
p.Lys794Pro	0.014271259307861328	0.0	*
p.Lys794Ser	0.5616247653961182	0.0	*
p.Lys794Ter	*	*	*
p.Lys794Thr	0.275967001914978	0.0	*
p.Lys794Trp	0.11593937873840332	0.0	*
p.Lys794Tyr	0.11917382478713989	0.0	*
p.Lys794Val	0.14831489324569702	0.0	*
p.Lys832=	*	*	*
p.Lys832Ala	0.013873755931854248	0.0	*
p.Lys832Arg	0.06509357690811157	0.0	*
p.Lys832Asn	0.10627132654190063	0.0	*
p.Lys832Asp	0.002545297145843506	0.0	*
p.Lys832Cys	0.003434598445892334	0.0	*
p.Lys832Gln	0.00879281759262085	0.0	*
p.Lys832Glu	0.0009050369262695312	0.0	*
p.Lys832Gly	0.01974773406982422	0.0	*
p.Lys832His	0.0047577619552612305	0.0	*
p.Lys832Ile	0.006461203098297119	0.0	*
p.Lys832Leu	0.008371472358703613	0.0	*
p.Lys832Met	0.022211849689483643	0.0	*
p.Lys832Phe	0.02085322141647339	0.0	*
p.Lys832Pro	0.00217360258102417	0.0	*
p.Lys832Ser	0.021307289600372314	0.0	*
p.Lys832Ter	*	*	*
p.Lys832Thr	0.02033209800720215	0.0	*
p.Lys832Trp	0.006595313549041748	0.0	*
p.Lys832Tyr	0.012104153633117676	0.0	*
p.Lys832Val	0.014380812644958496	0.0	*
p.Lys838=	*	*	*
p.Lys838Ala	0.013891518115997314	0.0	*
p.Lys838Arg	0.03568458557128906	0.0	*
p.Lys838Asn	0.018130600452423096	0.0	*
p.Lys838Asp	0.006091475486755371	0.0	*
p.Lys838Cys	0.005088746547698975	0.0	*
p.Lys838Gln	0.017099201679229736	0.0	*
p.Lys838Glu	0.005500316619873047	0.0	*
p.Lys838Gly	0.0155106782913208	0.0	*
p.Lys838His	0.007762014865875244	0.0	*
p.Lys838Ile	0.0038161873817443848	0.0	*
p.Lys838Leu	0.008590400218963623	0.0	*
p.Lys838Met	0.009238660335540771	0.0	*
p.Lys838Phe	0.01363074779510498	0.0	*
p.Lys838Pro	0.005280613899230957	0.0	*
p.Lys838Ser	0.04658287763595581	0.0	*
p.Lys838Ter	*	*	*
p.Lys838Thr	0.02862328290939331	0.0	*
p.Lys838Trp	0.009839296340942383	0.0	*
p.Lys838Tyr	0.0099906325340271	0.0	*
p.Lys838Val	0.017312943935394287	0.0	*
p.Lys844=	*	*	*
p.Lys844Ala	0.03008115291595459	0.0	*
p.Lys844Arg	0.10978966951370239	0.0	*
p.Lys844Asn	0.13144713640213013	0.0	*
p.Lys844Asp	0.0282403826713562	0.0	*
p.Lys844Cys	0.011041522026062012	0.0	*
p.Lys844Gln	0.03462761640548706	0.0	*
p.Lys844Glu	0.01995062828063965	0.0	*
p.Lys844Gly	0.06807887554168701	0.0	*
p.Lys844His	0.0304449200630188	0.0	*
p.Lys844Ile	0.00441431999206543	0.0	*
p.Lys844Leu	0.012065291404724121	0.0	*
p.Lys844Met	0.02366018295288086	0.0	*
p.Lys844Phe	0.026629507541656494	0.0	*
p.Lys844Pro	0.0125618577003479	0.0	*
p.Lys844Ser	0.05030900239944458	0.0	*
p.Lys844Ter	*	*	*
p.Lys844Thr	0.060408592224121094	0.0	*
p.Lys844Trp	0.012017250061035156	0.0	*
p.Lys844Tyr	0.023267090320587158	0.0	*
p.Lys844Val	0.03361159563064575	0.0	*
p.Lys866=	*	*	*
p.Lys866Ala	0.06297963857650757	0.0	*
p.Lys866Arg	0.07738637924194336	0.0	*
p.Lys866Asn	0.05291110277175903	0.0	*
p.Lys866Asp	0.027337372303009033	0.0	*
p.Lys866Cys	0.02409183979034424	0.0	*
p.Lys866Gln	0.03837156295776367	0.0	*
p.Lys866Glu	0.012976288795471191	0.0	*
p.Lys866Gly	0.049236953258514404	0.0	*
p.Lys866His	0.031354427337646484	0.0	*
p.Lys866Ile	0.006187796592712402	0.0	*
p.Lys866Leu	0.024821221828460693	0.0	*
p.Lys866Met	0.018284380435943604	0.0	*
p.Lys866Phe	0.03022289276123047	0.0	*
p.Lys866Pro	0.01038813591003418	0.0	*
p.Lys866Ser	0.09696054458618164	0.0	*
p.Lys866Ter	*	*	*
p.Lys866Thr	0.03805321455001831	0.0	*
p.Lys866Trp	0.0225675106048584	0.0	*
p.Lys866Tyr	0.018139898777008057	0.0	*
p.Lys866Val	0.023381710052490234	0.0	*
p.Lys867=	*	*	*
p.Lys867Ala	0.18945759534835815	0.0	*
p.Lys867Arg	0.15224522352218628	0.0	*
p.Lys867Asn	0.29749149084091187	0.0	*
p.Lys867Asp	0.05215728282928467	0.0	*
p.Lys867Cys	0.08033502101898193	0.0	*
p.Lys867Gln	0.06092476844787598	0.0	*
p.Lys867Glu	0.02643454074859619	0.0	*
p.Lys867Gly	0.09709703922271729	0.0	*
p.Lys867His	0.05217689275741577	0.0	*
p.Lys867Ile	0.021713972091674805	0.0	*
p.Lys867Leu	0.07675224542617798	0.0	*
p.Lys867Met	0.07152163982391357	0.0	*
p.Lys867Phe	0.06427574157714844	0.0	*
p.Lys867Pro	0.021880388259887695	0.0	*
p.Lys867Ser	0.27470195293426514	0.0	*
p.Lys867Ter	*	*	*
p.Lys867Thr	0.09669733047485352	0.0	*
p.Lys867Trp	0.043478310108184814	0.0	*
p.Lys867Tyr	0.05594325065612793	0.0	*
p.Lys867Val	0.058162689208984375	0.0	*
p.Lys886=	*	*	*
p.Lys886Ala	0.014254927635192871	0.0	*
p.Lys886Arg	0.01364743709564209	0.0	*
p.Lys886Asn	0.018192768096923828	0.0	*
p.Lys886Asp	0.011232554912567139	0.0	*
p.Lys886Cys	0.0030417442321777344	0.0	*
p.Lys886Gln	0.015844345092773438	0.0	*
p.Lys886Glu	0.004557371139526367	0.0	*
p.Lys886Gly	0.01634061336517334	0.0	*
p.Lys886His	0.005696117877960205	0.0	*
p.Lys886Ile	0.0016247034072875977	0.0	*
p.Lys886Leu	0.005709052085876465	0.0	*
p.Lys886Met	0.005909621715545654	0.0	*
p.Lys886Phe	0.006836533546447754	0.0	*
p.Lys886Pro	0.0026856064796447754	0.0	*
p.Lys886Ser	0.0264127254486084	0.0	*
p.Lys886Ter	*	*	*
p.Lys886Thr	0.01272803544998169	0.0	*
p.Lys886Trp	0.005131125450134277	0.0	*
p.Lys886Tyr	0.011435091495513916	0.0	*
p.Lys886Val	0.02332282066345215	0.0	*
p.Lys901=	*	*	*
p.Lys901Ala	0.00232619047164917	0.0	*
p.Lys901Arg	0.00475543737411499	0.0	*
p.Lys901Asn	0.004517793655395508	0.0	*
p.Lys901Asp	0.001556694507598877	0.0	*
p.Lys901Cys	0.0005993843078613281	0.0	*
p.Lys901Gln	0.0025476813316345215	0.0	*
p.Lys901Glu	0.0006336569786071777	0.0	*
p.Lys901Gly	0.0047103166580200195	0.0	*
p.Lys901His	0.001440584659576416	0.0	*
p.Lys901Ile	0.0011063218116760254	0.0	*
p.Lys901Leu	0.0028640031814575195	0.0	*
p.Lys901Met	0.002200901508331299	0.0	*
p.Lys901Phe	0.0030511021614074707	0.0	*
p.Lys901Pro	0.00045990943908691406	0.0	*
p.Lys901Ser	0.0040953755378723145	0.0	*
p.Lys901Ter	*	*	*
p.Lys901Thr	0.00779569149017334	0.0	*
p.Lys901Trp	0.0017290115356445312	0.0	*
p.Lys901Tyr	0.0027301907539367676	0.0	*
p.Lys901Val	0.008423984050750732	0.0	*
p.Lys910=	*	*	*
p.Lys910Ala	0.0005474686622619629	0.0	*
p.Lys910Arg	0.00143510103225708	0.0	*
p.Lys910Asn	0.0009039640426635742	0.0	*
p.Lys910Asp	0.0006397366523742676	0.0	*
p.Lys910Cys	0.0002352595329284668	0.0	*
p.Lys910Gln	0.0007324814796447754	0.0	*
p.Lys910Glu	0.00015735626220703125	0.0	*
p.Lys910Gly	0.0007395148277282715	0.0	*
p.Lys910His	0.0002600550651550293	0.0	*
p.Lys910Ile	0.000279843807220459	0.0	*
p.Lys910Leu	0.0005357861518859863	0.0	*
p.Lys910Met	0.0003529787063598633	0.0	*
p.Lys910Phe	0.00044459104537963867	0.0	*
p.Lys910Pro	9.894371032714844e-05	0.0	*
p.Lys910Ser	0.0036649703979492188	0.0	*
p.Lys910Ter	*	*	*
p.Lys910Thr	0.0012930631637573242	0.0	*
p.Lys910Trp	0.00029724836349487305	0.0	*
p.Lys910Tyr	0.0006527304649353027	0.0	*
p.Lys910Val	0.0011119246482849121	0.0	*
p.Lys959=	*	*	*
p.Lys959Ala	0.9525759816169739	0.0	*
p.Lys959Arg	0.9471919536590576	0.0	*
p.Lys959Asn	0.9810251593589783	0.0	*
p.Lys959Asp	0.9125162363052368	0.0	*
p.Lys959Cys	0.8862772583961487	0.0	*
p.Lys959Gln	0.9582144618034363	0.0	*
p.Lys959Glu	0.9563488960266113	0.0	*
p.Lys959Gly	0.9647060036659241	0.0	*
p.Lys959His	0.9700675010681152	0.0	*
p.Lys959Ile	0.7069008350372314	0.0	*
p.Lys959Leu	0.9586265087127686	0.0	*
p.Lys959Met	0.971386194229126	0.0	*
p.Lys959Phe	0.9559565186500549	0.0	*
p.Lys959Pro	0.8627673983573914	0.0	*
p.Lys959Ser	0.9855668544769287	0.0	*
p.Lys959Ter	*	*	*
p.Lys959Thr	0.9814419150352478	0.0	*
p.Lys959Trp	0.8835740685462952	0.0	*
p.Lys959Tyr	0.9213740825653076	0.0	*
p.Lys959Val	0.9131802916526794	0.0	*
p.Met1017Ala	0.0885016918182373	0.0	*
p.Met1017Arg	0.0014781355857849121	0.0	*
p.Met1017Asn	0.0039193034172058105	0.0	*
p.Met1017Asp	0.00846785306930542	0.0	*
p.Met1017Cys	0.08930546045303345	0.0	*
p.Met1017Gln	0.01581031084060669	0.0	*
p.Met1017Glu	0.007272958755493164	0.0	*
p.Met1017Gly	0.04609924554824829	0.0	*
p.Met1017His	0.032359421253204346	0.0	*
p.Met1017Ile	0.025041520595550537	0.0	*
p.Met1017Leu	0.11780405044555664	0.0	*
p.Met1017Lys	0.0069931745529174805	0.0	*
p.Met1017Phe	0.022551119327545166	0.0	*
p.Met1017Pro	0.004969477653503418	0.0	*
p.Met1017Ser	0.08233016729354858	0.0	*
p.Met1017Ter	*	*	*
p.Met1017Thr	0.08320385217666626	0.0	*
p.Met1017Trp	0.02686142921447754	0.0	*
p.Met1017Tyr	0.010212540626525879	0.0	*
p.Met1017Val	0.24316060543060303	0.0	*
p.Met1025Ala	0.04094827175140381	0.0	*
p.Met1025Arg	0.0009046792984008789	0.0	*
p.Met1025Asn	0.001902759075164795	0.0	*
p.Met1025Asp	0.0020123720169067383	0.0	*
p.Met1025Cys	0.00843280553817749	0.0	*
p.Met1025Gln	0.004628241062164307	0.0	*
p.Met1025Glu	0.0012173056602478027	0.0	*
p.Met1025Gly	0.014711976051330566	0.0	*
p.Met1025His	0.003738582134246826	0.0	*
p.Met1025Ile	0.023276865482330322	0.0	*
p.Met1025Leu	0.041910767555236816	0.0	*
p.Met1025Lys	0.002928495407104492	0.0	*
p.Met1025Phe	0.009747982025146484	0.0	*
p.Met1025Pro	0.001490175724029541	0.0	*
p.Met1025Ser	0.03185683488845825	0.0	*
p.Met1025Ter	*	*	*
p.Met1025Thr	0.036599695682525635	0.0	*
p.Met1025Trp	0.01030421257019043	0.0	*
p.Met1025Tyr	0.005450904369354248	0.0	*
p.Met1025Val	0.14137274026870728	0.0	*
p.Met1040Ala	0.7244033217430115	0.0	*
p.Met1040Arg	0.16464120149612427	0.0	*
p.Met1040Asn	0.27532970905303955	0.0	*
p.Met1040Asp	0.3043719530105591	0.0	*
p.Met1040Cys	0.20164144039154053	0.0	*
p.Met1040Gln	0.5295867919921875	0.0	*
p.Met1040Glu	0.23259955644607544	0.0	*
p.Met1040Gly	0.4742383360862732	0.0	*
p.Met1040His	0.5541782975196838	0.0	*
p.Met1040Ile	0.5992339253425598	0.0	*
p.Met1040Leu	0.5769919753074646	0.0	*
p.Met1040Lys	0.29922568798065186	0.0	*
p.Met1040Phe	0.3601100444793701	0.0	*
p.Met1040Pro	0.1893635392189026	0.0	*
p.Met1040Ser	0.8113354444503784	0.0	*
p.Met1040Ter	*	*	*
p.Met1040Thr	0.8113519549369812	0.0	*
p.Met1040Trp	0.3342908024787903	0.0	*
p.Met1040Tyr	0.2867835760116577	0.0	*
p.Met1040Val	0.8789950013160706	0.0	*
p.Met1169Ala	0.0227813720703125	0.0	*
p.Met1169Arg	0.0038509368896484375	0.0	*
p.Met1169Asn	0.005814313888549805	0.0	*
p.Met1169Asp	0.004485785961151123	0.0	*
p.Met1169Cys	0.0042877197265625	0.0	*
p.Met1169Gln	0.005336642265319824	0.0	*
p.Met1169Glu	0.0055075883865356445	0.0	*
p.Met1169Gly	0.021097958087921143	0.0	*
p.Met1169His	0.007100820541381836	0.0	*
p.Met1169Ile	0.004493236541748047	0.0	*
p.Met1169Leu	0.03752034902572632	0.0	*
p.Met1169Lys	0.0011556148529052734	0.0	*
p.Met1169Phe	0.006386816501617432	0.0	*
p.Met1169Pro	0.0013150572776794434	0.0	*
p.Met1169Ser	0.024027228355407715	0.0	*
p.Met1169Ter	*	*	*
p.Met1169Thr	0.025806009769439697	0.0	*
p.Met1169Trp	0.008538007736206055	0.0	*
p.Met1169Tyr	0.012836694717407227	0.0	*
p.Met1169Val	0.14833074808120728	0.0	*
p.Met1174Ala	0.2068537473678589	0.0	*
p.Met1174Arg	0.017026305198669434	0.0	*
p.Met1174Asn	0.032142579555511475	0.0	*
p.Met1174Asp	0.021617233753204346	0.0	*
p.Met1174Cys	0.22943413257598877	0.0	*
p.Met1174Gln	0.040537357330322266	0.0	*
p.Met1174Glu	0.017691373825073242	0.0	*
p.Met1174Gly	0.10716521739959717	0.0	*
p.Met1174His	0.02057713270187378	0.0	*
p.Met1174Ile	0.06119704246520996	0.0	*
p.Met1174Leu	0.21362340450286865	0.0	*
p.Met1174Lys	0.015894591808319092	0.0	*
p.Met1174Phe	0.03703784942626953	0.0	*
p.Met1174Pro	0.006938755512237549	0.0	*
p.Met1174Ser	0.21068602800369263	0.0	*
p.Met1174Ter	*	*	*
p.Met1174Thr	0.15393084287643433	0.0	*
p.Met1174Trp	0.08184200525283813	0.0	*
p.Met1174Tyr	0.040786921977996826	0.0	*
p.Met1174Val	0.4153937101364136	0.0	*
p.Met1191Ala	0.0014710426330566406	0.0	*
p.Met1191Arg	7.677078247070312e-05	0.0	*
p.Met1191Asn	0.00010097026824951172	0.0	*
p.Met1191Asp	0.00014328956604003906	0.0	*
p.Met1191Cys	0.0003612041473388672	0.0	*
p.Met1191Gln	0.0009751319885253906	0.0	*
p.Met1191Glu	0.00024956464767456055	0.0	*
p.Met1191Gly	0.0012236237525939941	0.0	*
p.Met1191His	0.00041550397872924805	0.0	*
p.Met1191Ile	0.00023549795150756836	0.0	*
p.Met1191Leu	0.0009405016899108887	0.0	*
p.Met1191Lys	9.715557098388672e-05	0.0	*
p.Met1191Phe	0.0003134012222290039	0.0	*
p.Met1191Pro	0.00015604496002197266	0.0	*
p.Met1191Ser	0.002446472644805908	0.0	*
p.Met1191Ter	*	*	*
p.Met1191Thr	0.0013381242752075195	0.0	*
p.Met1191Trp	0.0009984374046325684	0.0	*
p.Met1191Tyr	0.00028830766677856445	0.0	*
p.Met1191Val	0.007465720176696777	0.0	*
p.Met1212Ala	0.1635897159576416	0.0	*
p.Met1212Arg	0.004304170608520508	0.0	*
p.Met1212Asn	0.020821988582611084	0.0	*
p.Met1212Asp	0.015537858009338379	0.0	*
p.Met1212Cys	0.038543701171875	0.0	*
p.Met1212Gln	0.042783260345458984	0.0	*
p.Met1212Glu	0.007580101490020752	0.0	*
p.Met1212Gly	0.058981895446777344	0.0	*
p.Met1212His	0.040427446365356445	0.0	*
p.Met1212Ile	0.05035322904586792	0.0	*
p.Met1212Leu	0.11129087209701538	0.0	*
p.Met1212Phe	0.03577965497970581	0.0	*
p.Met1212Pro	0.005788862705230713	0.0	*
p.Met1212Ser	0.2369951605796814	0.0	*
p.Met1212Ter	*	*	*
p.Met1212Thr	0.1359415054321289	0.0	*
p.Met1212Trp	0.03483659029006958	0.0	*
p.Met1212Tyr	0.018733859062194824	0.0	*
p.Met1212Val	0.24505889415740967	0.0	*
p.Met1264Ala	0.009311795234680176	0.0	*
p.Met1264Arg	0.00015437602996826172	0.0	*
p.Met1264Asn	0.00047779083251953125	0.0	*
p.Met1264Asp	0.0009088516235351562	0.0	*
p.Met1264Cys	0.004257857799530029	0.0	*
p.Met1264Gln	0.0016268491744995117	0.0	*
p.Met1264Glu	0.0004671812057495117	0.0	*
p.Met1264Gly	0.008525252342224121	0.0	*
p.Met1264His	0.0015137195587158203	0.0	*
p.Met1264Ile	0.0017309188842773438	0.0	*
p.Met1264Leu	0.003143310546875	0.0	*
p.Met1264Lys	0.00047135353088378906	0.0	*
p.Met1264Phe	0.0010775327682495117	0.0	*
p.Met1264Pro	0.00023573637008666992	0.0	*
p.Met1264Ser	0.01632136106491089	0.0	*
p.Met1264Ter	*	*	*
p.Met1264Thr	0.006271958351135254	0.0	*
p.Met1264Trp	0.0020218491554260254	0.0	*
p.Met1264Tyr	0.0009489655494689941	0.0	*
p.Met1264Val	0.017880916595458984	0.0	*
p.Met1280Ala	0.017064809799194336	0.0	*
p.Met1280Arg	0.0016663670539855957	0.0	*
p.Met1280Asn	0.002268970012664795	0.0	*
p.Met1280Asp	0.002211928367614746	0.0	*
p.Met1280Cys	0.005186796188354492	0.0	*
p.Met1280Gln	0.0042566657066345215	0.0	*
p.Met1280Glu	0.002529740333557129	0.0	*
p.Met1280Gly	0.011914372444152832	0.0	*
p.Met1280His	0.003355085849761963	0.0	*
p.Met1280Ile	0.008391976356506348	0.0	*
p.Met1280Leu	0.0238112211227417	0.0	*
p.Met1280Lys	0.0017156004905700684	0.0	*
p.Met1280Phe	0.004734516143798828	0.0	*
p.Met1280Pro	0.000827491283416748	0.0	*
p.Met1280Ser	0.04391038417816162	0.0	*
p.Met1280Ter	*	*	*
p.Met1280Thr	0.0324249267578125	0.0	*
p.Met1280Trp	0.00749814510345459	0.0	*
p.Met1280Tyr	0.00838392972946167	0.0	*
p.Met1280Val	0.15028905868530273	0.0	*
p.Met1344Ala	0.06026428937911987	0.0	*
p.Met1344Arg	0.006029725074768066	0.0	*
p.Met1344Asn	0.019063711166381836	0.0	*
p.Met1344Asp	0.016602039337158203	0.0	*
p.Met1344Cys	0.04524761438369751	0.0	*
p.Met1344Gln	0.026286303997039795	0.0	*
p.Met1344Glu	0.004295527935028076	0.0	*
p.Met1344Gly	0.10187649726867676	0.0	*
p.Met1344His	0.020353376865386963	0.0	*
p.Met1344Ile	0.020135164260864258	0.0	*
p.Met1344Leu	0.035573363304138184	0.0	*
p.Met1344Lys	0.016784489154815674	0.0	*
p.Met1344Phe	0.01575416326522827	0.0	*
p.Met1344Pro	0.006657660007476807	0.0	*
p.Met1344Ser	0.2955666184425354	0.0	*
p.Met1344Ter	*	*	*
p.Met1344Thr	0.09940969944000244	0.0	*
p.Met1344Trp	0.03501462936401367	0.0	*
p.Met1344Tyr	0.010859131813049316	0.0	*
p.Met1344Val	0.1041642427444458	0.0	*
p.Met1354Ala	0.2330385446548462	0.0	*
p.Met1354Arg	0.022550344467163086	0.0	*
p.Met1354Asn	0.04541712999343872	0.0	*
p.Met1354Asp	0.045506834983825684	0.0	*
p.Met1354Cys	0.1932651400566101	0.0	*
p.Met1354Gln	0.08366459608078003	0.0	*
p.Met1354Glu	0.028940856456756592	0.0	*
p.Met1354Gly	0.2652878165245056	0.0	*
p.Met1354His	0.051377832889556885	0.0	*
p.Met1354Ile	0.08790785074234009	0.0	*
p.Met1354Leu	0.16581130027770996	0.0	*
p.Met1354Lys	0.050921499729156494	0.0	*
p.Met1354Phe	0.07695609331130981	0.0	*
p.Met1354Pro	0.03525257110595703	0.0	*
p.Met1354Ser	0.3715800642967224	0.0	*
p.Met1354Ter	*	*	*
p.Met1354Thr	0.24258404970169067	0.0	*
p.Met1354Trp	0.09670692682266235	0.0	*
p.Met1354Tyr	0.04137307405471802	0.0	*
p.Met1354Val	0.40591883659362793	0.0	*
p.Met1359Ala	0.04030013084411621	0.0	*
p.Met1359Arg	0.002063155174255371	0.0	*
p.Met1359Asn	0.005381464958190918	0.0	*
p.Met1359Asp	0.002710580825805664	0.0	*
p.Met1359Cys	0.006772458553314209	0.0	*
p.Met1359Gln	0.0035636425018310547	0.0	*
p.Met1359Glu	0.001768648624420166	0.0	*
p.Met1359Gly	0.042517006397247314	0.0	*
p.Met1359His	0.005452096462249756	0.0	*
p.Met1359Ile	0.005949556827545166	0.0	*
p.Met1359Leu	0.014646828174591064	0.0	*
p.Met1359Lys	0.0015827417373657227	0.0	*
p.Met1359Phe	0.004274845123291016	0.0	*
p.Met1359Pro	0.0032106637954711914	0.0	*
p.Met1359Ser	0.04833751916885376	0.0	*
p.Met1359Ter	*	*	*
p.Met1359Thr	0.018302619457244873	0.0	*
p.Met1359Trp	0.00728297233581543	0.0	*
p.Met1359Tyr	0.003659963607788086	0.0	*
p.Met1359Val	0.054913341999053955	0.0	*
p.Met1392Ala	0.9997711181640625	0.0	*
p.Met1392Arg	0.9913130402565002	0.0	*
p.Met1392Asn	0.9984731078147888	0.0	*
p.Met1392Asp	0.9940707087516785	0.0	*
p.Met1392Cys	0.9984806180000305	0.0	*
p.Met1392Gln	0.9979395270347595	0.0	*
p.Met1392Glu	0.9933289885520935	0.0	*
p.Met1392Gly	0.9992003440856934	0.0	*
p.Met1392His	0.9992798566818237	0.0	*
p.Met1392Ile	0.9983744025230408	0.0	*
p.Met1392Leu	0.9994738698005676	0.0	*
p.Met1392Lys	0.9986676573753357	0.0	*
p.Met1392Phe	0.9992661476135254	0.0	*
p.Met1392Pro	0.9892785549163818	0.0	*
p.Met1392Ser	0.9997683167457581	0.0	*
p.Met1392Ter	*	*	*
p.Met1392Thr	0.9997700452804565	0.0	*
p.Met1392Trp	0.9968488812446594	0.0	*
p.Met1392Tyr	0.9939684867858887	0.0	*
p.Met1392Val	0.9994736909866333	0.0	*
p.Met1406Ala	0.9963525533676147	0.0	*
p.Met1406Arg	0.7569957375526428	0.0	*
p.Met1406Asn	0.9540283679962158	0.0	*
p.Met1406Asp	0.9625606536865234	0.0	*
p.Met1406Cys	0.9915052652359009	0.0	*
p.Met1406Gln	0.9675880670547485	0.0	*
p.Met1406Glu	0.9196605086326599	0.0	*
p.Met1406Gly	0.9890570640563965	0.0	*
p.Met1406His	0.9908015131950378	0.0	*
p.Met1406Ile	0.9826017022132874	0.0	*
p.Met1406Leu	0.9919887185096741	0.0	*
p.Met1406Lys	0.976269006729126	0.0	*
p.Met1406Phe	0.9864360094070435	0.0	*
p.Met1406Pro	0.9516361355781555	0.0	*
p.Met1406Ser	0.9910407066345215	0.0	*
p.Met1406Ter	*	*	*
p.Met1406Thr	0.9961575269699097	0.0	*
p.Met1406Trp	0.9363346695899963	0.0	*
p.Met1406Tyr	0.9481764435768127	0.0	*
p.Met1406Val	0.9941405653953552	0.0	*
p.Met729Ala	0.9307613372802734	0.0	*
p.Met729Arg	0.09685027599334717	0.0	*
p.Met729Asn	0.37998270988464355	0.0	*
p.Met729Asp	0.32975971698760986	0.0	*
p.Met729Cys	0.9000295400619507	0.0	*
p.Met729Gln	0.35235685110092163	0.0	*
p.Met729Glu	0.21862488985061646	0.0	*
p.Met729Gly	0.910051167011261	0.0	*
p.Met729His	0.7227842807769775	0.0	*
p.Met729Ile	0.5184968709945679	0.0	*
p.Met729Leu	0.8846060633659363	0.0	*
p.Met729Lys	0.4107574224472046	0.0	*
p.Met729Phe	0.6975209712982178	0.0	*
p.Met729Pro	0.07691162824630737	0.0	*
p.Met729Ser	0.8851534128189087	0.0	*
p.Met729Ter	*	*	*
p.Met729Thr	0.9304075241088867	0.0	*
p.Met729Trp	0.5255902409553528	0.0	*
p.Met729Tyr	0.3691789507865906	0.0	*
p.Met729Val	0.9403698444366455	0.0	*
p.Met769Ala	0.010362684726715088	0.0	*
p.Met769Arg	0.0005977153778076172	0.0	*
p.Met769Asn	0.0014171600341796875	0.0	*
p.Met769Asp	0.0005289912223815918	0.0	*
p.Met769Cys	0.001658797264099121	0.0	*
p.Met769Gln	0.00122910737991333	0.0	*
p.Met769Glu	0.0011341571807861328	0.0	*
p.Met769Gly	0.007495999336242676	0.0	*
p.Met769His	0.000802457332611084	0.0	*
p.Met769Ile	0.00122147798538208	0.0	*
p.Met769Leu	0.0030279159545898438	0.0	*
p.Met769Lys	0.0003317594528198242	0.0	*
p.Met769Phe	0.0007314085960388184	0.0	*
p.Met769Pro	0.0006440281867980957	0.0	*
p.Met769Ser	0.009503602981567383	0.0	*
p.Met769Ter	*	*	*
p.Met769Thr	0.002530694007873535	0.0	*
p.Met769Trp	0.0016015172004699707	0.0	*
p.Met769Tyr	0.000926971435546875	0.0	*
p.Met769Val	0.013529956340789795	0.0	*
p.Met796Ala	0.18313223123550415	0.0	*
p.Met796Arg	0.011981964111328125	0.0	*
p.Met796Asn	0.03176474571228027	0.0	*
p.Met796Asp	0.050053179264068604	0.0	*
p.Met796Cys	0.12029576301574707	0.0	*
p.Met796Gln	0.15869706869125366	0.0	*
p.Met796Glu	0.0238533616065979	0.0	*
p.Met796Gly	0.11477828025817871	0.0	*
p.Met796His	0.1816423535346985	0.0	*
p.Met796Ile	0.03902626037597656	0.0	*
p.Met796Leu	0.11302411556243896	0.0	*
p.Met796Lys	0.0369340181350708	0.0	*
p.Met796Phe	0.03676801919937134	0.0	*
p.Met796Pro	0.0060117244720458984	0.0	*
p.Met796Ser	0.4083290696144104	0.0	*
p.Met796Ter	*	*	*
p.Met796Thr	0.17719870805740356	0.0	*
p.Met796Trp	0.056313157081604004	0.0	*
p.Met796Tyr	0.025821983814239502	0.0	*
p.Met796Val	0.21535974740982056	0.0	*
p.Met822Ala	0.44637423753738403	0.0	*
p.Met822Arg	0.03926384449005127	0.0	*
p.Met822Asn	0.09417194128036499	0.0	*
p.Met822Asp	0.13296794891357422	0.0	*
p.Met822Cys	0.28846126794815063	0.0	*
p.Met822Gln	0.13370567560195923	0.0	*
p.Met822Glu	0.060641467571258545	0.0	*
p.Met822Gly	0.46296262741088867	0.0	*
p.Met822His	0.11264801025390625	0.0	*
p.Met822Ile	0.06708765029907227	0.0	*
p.Met822Leu	0.2558445930480957	0.0	*
p.Met822Lys	0.07795661687850952	0.0	*
p.Met822Phe	0.1608523726463318	0.0	*
p.Met822Pro	0.11461442708969116	0.0	*
p.Met822Ser	0.6211109161376953	0.0	*
p.Met822Ter	*	*	*
p.Met822Thr	0.4979553818702698	0.0	*
p.Met822Trp	0.09738242626190186	0.0	*
p.Met822Tyr	0.13197797536849976	0.0	*
p.Met822Val	0.5770266056060791	0.0	*
p.Met851Ala	0.4497067928314209	0.0	*
p.Met851Arg	0.04036140441894531	0.0	*
p.Met851Asn	0.10989654064178467	0.0	*
p.Met851Asp	0.0815126895904541	0.0	*
p.Met851Cys	0.29573744535446167	0.0	*
p.Met851Gln	0.19055330753326416	0.0	*
p.Met851Glu	0.034808456897735596	0.0	*
p.Met851Gly	0.31335026025772095	0.0	*
p.Met851His	0.19099962711334229	0.0	*
p.Met851Ile	0.16077595949172974	0.0	*
p.Met851Leu	0.2320997714996338	0.0	*
p.Met851Lys	0.10950696468353271	0.0	*
p.Met851Phe	0.08605855703353882	0.0	*
p.Met851Pro	0.10498207807540894	0.0	*
p.Met851Ser	0.6283451318740845	0.0	*
p.Met851Ter	*	*	*
p.Met851Thr	0.36619508266448975	0.0	*
p.Met851Trp	0.12126004695892334	0.0	*
p.Met851Tyr	0.07055574655532837	0.0	*
p.Met851Val	0.49162757396698	0.0	*
p.Met862Ala	0.1939401626586914	0.0	*
p.Met862Arg	0.03479093313217163	0.0	*
p.Met862Asn	0.07769399881362915	0.0	*
p.Met862Asp	0.07008695602416992	0.0	*
p.Met862Cys	0.15096420049667358	0.0	*
p.Met862Gln	0.212263286113739	0.0	*
p.Met862Glu	0.03730285167694092	0.0	*
p.Met862Gly	0.14891886711120605	0.0	*
p.Met862His	0.21272575855255127	0.0	*
p.Met862Ile	0.054712891578674316	0.0	*
p.Met862Leu	0.16435003280639648	0.0	*
p.Met862Lys	0.05998408794403076	0.0	*
p.Met862Phe	0.04616212844848633	0.0	*
p.Met862Pro	0.0372806191444397	0.0	*
p.Met862Ser	0.28636693954467773	0.0	*
p.Met862Ter	*	*	*
p.Met862Thr	0.1296038031578064	0.0	*
p.Met862Trp	0.05888742208480835	0.0	*
p.Met862Tyr	0.03935086727142334	0.0	*
p.Met862Val	0.2005213499069214	0.0	*
p.Met908Ala	0.034186601638793945	0.0	*
p.Met908Arg	0.001307666301727295	0.0	*
p.Met908Asn	0.0030140280723571777	0.0	*
p.Met908Asp	0.0024750828742980957	0.0	*
p.Met908Cys	0.006662130355834961	0.0	*
p.Met908Gln	0.01520472764968872	0.0	*
p.Met908Glu	0.003753483295440674	0.0	*
p.Met908Gly	0.008067309856414795	0.0	*
p.Met908His	0.010572850704193115	0.0	*
p.Met908Ile	0.01390749216079712	0.0	*
p.Met908Leu	0.01981574296951294	0.0	*
p.Met908Lys	0.003830850124359131	0.0	*
p.Met908Phe	0.004009425640106201	0.0	*
p.Met908Pro	0.0009683370590209961	0.0	*
p.Met908Ser	0.04037797451019287	0.0	*
p.Met908Ter	*	*	*
p.Met908Thr	0.01613086462020874	0.0	*
p.Met908Trp	0.005699634552001953	0.0	*
p.Met908Tyr	0.0036371350288391113	0.0	*
p.Met908Val	0.02447986602783203	0.0	*
p.Met931Ala	0.18071281909942627	0.0	*
p.Met931Arg	0.004167497158050537	0.0	*
p.Met931Asn	0.01985412836074829	0.0	*
p.Met931Asp	0.023365557193756104	0.0	*
p.Met931Cys	0.2803390622138977	0.0	*
p.Met931Gln	0.037866175174713135	0.0	*
p.Met931Glu	0.024166643619537354	0.0	*
p.Met931Gly	0.130534827709198	0.0	*
p.Met931His	0.05797916650772095	0.0	*
p.Met931Ile	0.10216635465621948	0.0	*
p.Met931Leu	0.14603006839752197	0.0	*
p.Met931Lys	0.030190467834472656	0.0	*
p.Met931Phe	0.09178698062896729	0.0	*
p.Met931Pro	0.01563394069671631	0.0	*
p.Met931Ser	0.24901854991912842	0.0	*
p.Met931Ter	*	*	*
p.Met931Thr	0.14921581745147705	0.0	*
p.Met931Trp	0.1117209792137146	0.0	*
p.Met931Tyr	0.04241460561752319	0.0	*
p.Met931Val	0.44828033447265625	0.0	*
p.Met996Ala	0.0007697343826293945	0.0	*
p.Met996Arg	8.785724639892578e-05	0.0	*
p.Met996Asn	9.250640869140625e-05	0.0	*
p.Met996Asp	0.00021153688430786133	0.0	*
p.Met996Cys	0.0007453560829162598	0.0	*
p.Met996Gln	0.00029200315475463867	0.0	*
p.Met996Glu	0.00012314319610595703	0.0	*
p.Met996Gly	0.0007774829864501953	0.0	*
p.Met996His	0.00016748905181884766	0.0	*
p.Met996Ile	0.0003415346145629883	0.0	*
p.Met996Leu	0.00028210878372192383	0.0	*
p.Met996Lys	9.012222290039062e-05	0.0	*
p.Met996Phe	0.0001647472381591797	0.0	*
p.Met996Pro	0.0001729130744934082	0.0	*
p.Met996Ser	0.0007280707359313965	0.0	*
p.Met996Ter	*	*	*
p.Met996Thr	0.0006946325302124023	0.0	*
p.Met996Trp	0.0003091096878051758	0.0	*
p.Met996Tyr	0.00014698505401611328	0.0	*
p.Met996Val	0.0022851228713989258	0.0	*
p.Phe1026=	*	*	*
p.Phe1026Ala	0.08306372165679932	0.0	*
p.Phe1026Arg	0.05334365367889404	0.0	*
p.Phe1026Asn	0.1307324767112732	0.0	*
p.Phe1026Asp	0.012319445610046387	0.0	*
p.Phe1026Cys	0.0177537202835083	0.0	*
p.Phe1026Gln	0.04113954305648804	0.0	*
p.Phe1026Glu	0.011466443538665771	0.0	*
p.Phe1026Gly	0.055210769176483154	0.0	*
p.Phe1026His	0.05326145887374878	0.0	*
p.Phe1026Ile	0.014900743961334229	0.0	*
p.Phe1026Leu	0.09203958511352539	0.0	*
p.Phe1026Lys	0.037200748920440674	0.0	*
p.Phe1026Met	0.08304530382156372	0.0	*
p.Phe1026Pro	0.003413677215576172	0.0	*
p.Phe1026Ser	0.03710228204727173	0.0	*
p.Phe1026Ter	*	*	*
p.Phe1026Thr	0.02603667974472046	0.0	*
p.Phe1026Trp	0.020122945308685303	0.0	*
p.Phe1026Tyr	0.05570274591445923	0.0	*
p.Phe1026Val	0.029496192932128906	0.0	*
p.Phe1094=	*	*	*
p.Phe1094Ala	0.00022333860397338867	0.0	*
p.Phe1094Arg	0.00016164779663085938	0.0	*
p.Phe1094Asn	0.00022143125534057617	0.0	*
p.Phe1094Asp	1.633167266845703e-05	0.0	*
p.Phe1094Cys	4.649162292480469e-06	0.0	*
p.Phe1094Gln	9.918212890625e-05	0.0	*
p.Phe1094Glu	1.1801719665527344e-05	0.0	*
p.Phe1094Gly	3.0040740966796875e-05	0.0	*
p.Phe1094His	4.7087669372558594e-05	0.0	*
p.Phe1094Ile	6.771087646484375e-05	0.0	*
p.Phe1094Leu	0.00029331445693969727	0.0	*
p.Phe1094Lys	0.0001188516616821289	0.0	*
p.Phe1094Met	0.00016045570373535156	0.0	*
p.Phe1094Pro	3.039836883544922e-05	0.0	*
p.Phe1094Ser	5.3882598876953125e-05	0.0	*
p.Phe1094Ter	*	*	*
p.Phe1094Thr	3.838539123535156e-05	0.0	*
p.Phe1094Trp	2.2292137145996094e-05	0.0	*
p.Phe1094Tyr	4.935264587402344e-05	0.0	*
p.Phe1094Val	8.344650268554688e-05	0.0	*
p.Phe1144=	*	*	*
p.Phe1144Ala	0.5118353366851807	0.0	*
p.Phe1144Arg	0.5312843322753906	0.0	*
p.Phe1144Asn	0.5710457563400269	0.0	*
p.Phe1144Asp	0.3515240550041199	0.0	*
p.Phe1144Cys	0.27979761362075806	0.0	*
p.Phe1144Gln	0.3220672607421875	0.0	*
p.Phe1144Glu	0.2403637170791626	0.0	*
p.Phe1144Gly	0.20341187715530396	0.0	*
p.Phe1144His	0.3279942274093628	0.0	*
p.Phe1144Ile	0.339638352394104	0.0	*
p.Phe1144Leu	0.5466532707214355	0.0	*
p.Phe1144Lys	0.341636061668396	0.0	*
p.Phe1144Met	0.4179583191871643	0.0	*
p.Phe1144Pro	0.30253171920776367	0.0	*
p.Phe1144Ser	0.31550776958465576	0.0	*
p.Phe1144Ter	*	*	*
p.Phe1144Thr	0.41114896535873413	0.0	*
p.Phe1144Trp	0.3525158762931824	0.0	*
p.Phe1144Tyr	0.42595916986465454	0.0	*
p.Phe1144Val	0.4244299530982971	0.0	*
p.Phe1240=	*	*	*
p.Phe1240Ala	0.005442261695861816	0.0	*
p.Phe1240Arg	0.006093800067901611	0.0	*
p.Phe1240Asn	0.007589936256408691	0.0	*
p.Phe1240Asp	0.0010512471199035645	0.0	*
p.Phe1240Cys	0.0012041330337524414	0.0	*
p.Phe1240Gln	0.003558337688446045	0.0	*
p.Phe1240Glu	0.0008109211921691895	0.0	*
p.Phe1240Gly	0.0032919645309448242	0.0	*
p.Phe1240His	0.0015324950218200684	0.0	*
p.Phe1240Ile	0.006808102130889893	0.0	*
p.Phe1240Leu	0.012509644031524658	0.0	*
p.Phe1240Lys	0.0031429529190063477	0.0	*
p.Phe1240Met	0.006895720958709717	0.0	*
p.Phe1240Pro	0.0008178353309631348	0.0	*
p.Phe1240Ser	0.0029796957969665527	0.0	*
p.Phe1240Ter	*	*	*
p.Phe1240Thr	0.0033272504806518555	0.0	*
p.Phe1240Trp	0.003027796745300293	0.0	*
p.Phe1240Tyr	0.00961846113204956	0.0	*
p.Phe1240Val	0.012241899967193604	0.0	*
p.Phe1343=	*	*	*
p.Phe1343Ala	0.13622337579727173	0.0	*
p.Phe1343Arg	0.1967613697052002	0.0	*
p.Phe1343Asn	0.1590169072151184	0.0	*
p.Phe1343Asp	0.10659754276275635	0.0	*
p.Phe1343Cys	0.1597656011581421	0.0	*
p.Phe1343Gln	0.1474584937095642	0.0	*
p.Phe1343Glu	0.1096886396408081	0.0	*
p.Phe1343Gly	0.15833181142807007	0.0	*
p.Phe1343His	0.14567220211029053	0.0	*
p.Phe1343Ile	0.10316663980484009	0.0	*
p.Phe1343Leu	0.2007550597190857	0.0	*
p.Phe1343Lys	0.17557644844055176	0.0	*
p.Phe1343Met	0.15085649490356445	0.0	*
p.Phe1343Pro	0.08685094118118286	0.0	*
p.Phe1343Ser	0.09198349714279175	0.0	*
p.Phe1343Ter	*	*	*
p.Phe1343Thr	0.2830359935760498	0.0	*
p.Phe1343Trp	0.21139472723007202	0.0	*
p.Phe1343Tyr	0.23994064331054688	0.0	*
p.Phe1343Val	0.2524195909500122	0.0	*
p.Phe714=	*	*	*
p.Phe714Ala	0.05429792404174805	0.0	*
p.Phe714Arg	0.07559341192245483	0.0	*
p.Phe714Asn	0.06227314472198486	0.0	*
p.Phe714Asp	0.029331684112548828	0.0	*
p.Phe714Cys	0.03596550226211548	0.0	*
p.Phe714Gln	0.049719154834747314	0.0	*
p.Phe714Glu	0.03586244583129883	0.0	*
p.Phe714Gly	0.11276185512542725	0.0	*
p.Phe714His	0.05066382884979248	0.0	*
p.Phe714Ile	0.03642207384109497	0.0	*
p.Phe714Leu	0.0777696967124939	0.0	*
p.Phe714Lys	0.028089940547943115	0.0	*
p.Phe714Met	0.09743529558181763	0.0	*
p.Phe714Pro	0.009609818458557129	0.0	*
p.Phe714Ser	0.01743149757385254	0.0	*
p.Phe714Ter	*	*	*
p.Phe714Thr	0.07312190532684326	0.0	*
p.Phe714Trp	0.038529396057128906	0.0	*
p.Phe714Tyr	0.09806489944458008	0.0	*
p.Phe714Val	0.10451382398605347	0.0	*
p.Phe763=	*	*	*
p.Phe763Ala	0.002278268337249756	0.0	*
p.Phe763Arg	0.0011528730392456055	0.0	*
p.Phe763Asn	0.0007982850074768066	0.0	*
p.Phe763Asp	0.000605463981628418	0.0	*
p.Phe763Cys	0.0009327530860900879	0.0	*
p.Phe763Gln	0.001166999340057373	0.0	*
p.Phe763Glu	0.0004493594169616699	0.0	*
p.Phe763Gly	0.0009270906448364258	0.0	*
p.Phe763His	0.0006878376007080078	0.0	*
p.Phe763Ile	0.0016170740127563477	0.0	*
p.Phe763Leu	0.0027688145637512207	0.0	*
p.Phe763Lys	0.0013154149055480957	0.0	*
p.Phe763Met	0.0014529824256896973	0.0	*
p.Phe763Pro	0.00028711557388305664	0.0	*
p.Phe763Ser	0.0011164546012878418	0.0	*
p.Phe763Ter	*	*	*
p.Phe763Thr	0.0014134645462036133	0.0	*
p.Phe763Trp	0.0015192627906799316	0.0	*
p.Phe763Tyr	0.00221097469329834	0.0	*
p.Phe763Val	0.004127681255340576	0.0	*
p.Phe764=	*	*	*
p.Phe764Ala	0.001207113265991211	0.0	*
p.Phe764Arg	0.0004056096076965332	0.0	*
p.Phe764Asn	0.0004138350486755371	0.0	*
p.Phe764Asp	0.0002643465995788574	0.0	*
p.Phe764Cys	0.00034046173095703125	0.0	*
p.Phe764Gln	0.00045102834701538086	0.0	*
p.Phe764Glu	0.00013685226440429688	0.0	*
p.Phe764Gly	0.0004501938819885254	0.0	*
p.Phe764His	0.00022774934768676758	0.0	*
p.Phe764Ile	0.0005530714988708496	0.0	*
p.Phe764Leu	0.0011860132217407227	0.0	*
p.Phe764Lys	0.0003827810287475586	0.0	*
p.Phe764Met	0.0006140470504760742	0.0	*
p.Phe764Pro	9.870529174804688e-05	0.0	*
p.Phe764Ser	0.0005242228507995605	0.0	*
p.Phe764Ter	*	*	*
p.Phe764Thr	0.0003731250762939453	0.0	*
p.Phe764Trp	0.00048530101776123047	0.0	*
p.Phe764Tyr	0.0004755258560180664	0.0	*
p.Phe764Val	0.0011081099510192871	0.0	*
p.Phe771=	*	*	*
p.Phe771Ala	0.007095515727996826	0.0	*
p.Phe771Arg	0.0008911490440368652	0.0	*
p.Phe771Asn	0.0017654895782470703	0.0	*
p.Phe771Asp	0.0006946325302124023	0.0	*
p.Phe771Cys	0.002483844757080078	0.0	*
p.Phe771Gln	0.0012213587760925293	0.0	*
p.Phe771Glu	0.0005274415016174316	0.0	*
p.Phe771Gly	0.0033182501792907715	0.0	*
p.Phe771His	0.0008757710456848145	0.0	*
p.Phe771Ile	0.005253612995147705	0.0	*
p.Phe771Leu	0.014315247535705566	0.0	*
p.Phe771Lys	0.0010787248611450195	0.0	*
p.Phe771Met	0.003012239933013916	0.0	*
p.Phe771Pro	0.0009933114051818848	0.0	*
p.Phe771Ser	0.0021535158157348633	0.0	*
p.Phe771Ter	*	*	*
p.Phe771Thr	0.0026085376739501953	0.0	*
p.Phe771Trp	0.00356978178024292	0.0	*
p.Phe771Tyr	0.007826566696166992	0.0	*
p.Phe771Val	0.013384699821472168	0.0	*
p.Phe773=	*	*	*
p.Phe773Ala	0.025397062301635742	0.0	*
p.Phe773Arg	0.008492112159729004	0.0	*
p.Phe773Asn	0.019282221794128418	0.0	*
p.Phe773Asp	0.006423056125640869	0.0	*
p.Phe773Cys	0.01179969310760498	0.0	*
p.Phe773Gln	0.0033546090126037598	0.0	*
p.Phe773Glu	0.0018691420555114746	0.0	*
p.Phe773Gly	0.028515994548797607	0.0	*
p.Phe773His	0.006826817989349365	0.0	*
p.Phe773Ile	0.013351857662200928	0.0	*
p.Phe773Leu	0.03828632831573486	0.0	*
p.Phe773Met	0.028334736824035645	0.0	*
p.Phe773Pro	0.0027881264686584473	0.0	*
p.Phe773Ser	0.00538402795791626	0.0	*
p.Phe773Ter	*	*	*
p.Phe773Thr	0.020156681537628174	0.0	*
p.Phe773Trp	0.013386785984039307	0.0	*
p.Phe773Tyr	0.015627026557922363	0.0	*
p.Phe773Val	0.03356236219406128	0.0	*
p.Phe839=	*	*	*
p.Phe839Ala	0.0013273954391479492	0.0	*
p.Phe839Arg	0.0006616711616516113	0.0	*
p.Phe839Asn	0.0006415247917175293	0.0	*
p.Phe839Asp	8.666515350341797e-05	0.0	*
p.Phe839Cys	0.0005019903182983398	0.0	*
p.Phe839Gln	0.0006997585296630859	0.0	*
p.Phe839Glu	7.462501525878906e-05	0.0	*
p.Phe839Gly	0.00046193599700927734	0.0	*
p.Phe839His	0.00013816356658935547	0.0	*
p.Phe839Ile	0.0007778406143188477	0.0	*
p.Phe839Leu	0.002008795738220215	0.0	*
p.Phe839Lys	0.0005628466606140137	0.0	*
p.Phe839Met	0.0008591413497924805	0.0	*
p.Phe839Pro	0.00017505884170532227	0.0	*
p.Phe839Ser	0.0014320611953735352	0.0	*
p.Phe839Ter	*	*	*
p.Phe839Thr	0.0006341338157653809	0.0	*
p.Phe839Trp	0.000632941722869873	0.0	*
p.Phe839Tyr	0.0010069012641906738	0.0	*
p.Phe839Val	0.0019459724426269531	0.0	*
p.Phe920=	*	*	*
p.Phe920Ala	0.004899561405181885	0.0	*
p.Phe920Arg	0.006756603717803955	0.0	*
p.Phe920Asn	0.010096907615661621	0.0	*
p.Phe920Asp	0.002313852310180664	0.0	*
p.Phe920Cys	0.0038677453994750977	0.0	*
p.Phe920Gln	0.005635619163513184	0.0	*
p.Phe920Glu	0.0034809112548828125	0.0	*
p.Phe920Gly	0.00312727689743042	0.0	*
p.Phe920His	0.0028540492057800293	0.0	*
p.Phe920Ile	0.003531336784362793	0.0	*
p.Phe920Leu	0.008946835994720459	0.0	*
p.Phe920Lys	0.003337085247039795	0.0	*
p.Phe920Met	0.005428731441497803	0.0	*
p.Phe920Pro	0.0008696913719177246	0.0	*
p.Phe920Ser	0.002535104751586914	0.0	*
p.Phe920Ter	*	*	*
p.Phe920Thr	0.0030820369720458984	0.0	*
p.Phe920Trp	0.002963423728942871	0.0	*
p.Phe920Tyr	0.006888031959533691	0.0	*
p.Phe920Val	0.008880555629730225	0.0	*
p.Phe924=	*	*	*
p.Phe924Ala	0.029694437980651855	0.0	*
p.Phe924Arg	0.05745065212249756	0.0	*
p.Phe924Asn	0.03331857919692993	0.0	*
p.Phe924Asp	0.01360940933227539	0.0	*
p.Phe924Cys	0.015229403972625732	0.0	*
p.Phe924Gln	0.026636064052581787	0.0	*
p.Phe924Glu	0.006827414035797119	0.0	*
p.Phe924Gly	0.019930243492126465	0.0	*
p.Phe924His	0.010469317436218262	0.0	*
p.Phe924Ile	0.013437032699584961	0.0	*
p.Phe924Leu	0.04330301284790039	0.0	*
p.Phe924Lys	0.01689523458480835	0.0	*
p.Phe924Met	0.021764755249023438	0.0	*
p.Phe924Pro	0.0041814446449279785	0.0	*
p.Phe924Ser	0.032044291496276855	0.0	*
p.Phe924Ter	*	*	*
p.Phe924Thr	0.016313135623931885	0.0	*
p.Phe924Trp	0.014124691486358643	0.0	*
p.Phe924Tyr	0.04742163419723511	0.0	*
p.Phe924Val	0.047366976737976074	0.0	*
p.Phe927=	*	*	*
p.Phe927Ala	0.01886957883834839	0.0	*
p.Phe927Arg	0.033650755882263184	0.0	*
p.Phe927Asn	0.08118665218353271	0.0	*
p.Phe927Asp	0.008829176425933838	0.0	*
p.Phe927Cys	0.010324418544769287	0.0	*
p.Phe927Gln	0.00803685188293457	0.0	*
p.Phe927Glu	0.0036407113075256348	0.0	*
p.Phe927Gly	0.01961296796798706	0.0	*
p.Phe927His	0.004862964153289795	0.0	*
p.Phe927Ile	0.005895674228668213	0.0	*
p.Phe927Leu	0.053238093852996826	0.0	*
p.Phe927Lys	0.012220382690429688	0.0	*
p.Phe927Met	0.02382493019104004	0.0	*
p.Phe927Pro	0.0028852224349975586	0.0	*
p.Phe927Ser	0.024154186248779297	0.0	*
p.Phe927Ter	*	*	*
p.Phe927Thr	0.011438906192779541	0.0	*
p.Phe927Trp	0.014524400234222412	0.0	*
p.Phe927Tyr	0.03199547529220581	0.0	*
p.Phe927Val	0.026024460792541504	0.0	*
p.Phe944=	*	*	*
p.Phe944Ala	0.9744491577148438	0.0	*
p.Phe944Arg	0.9538471102714539	0.0	*
p.Phe944Asn	0.9851150512695312	0.0	*
p.Phe944Asp	0.8913108110427856	0.0	*
p.Phe944Cys	0.9507731199264526	0.0	*
p.Phe944Gln	0.929646909236908	0.0	*
p.Phe944Glu	0.9019185900688171	0.0	*
p.Phe944Gly	0.9793952703475952	0.0	*
p.Phe944His	0.9703367352485657	0.0	*
p.Phe944Ile	0.9646785855293274	0.0	*
p.Phe944Leu	0.9788246750831604	0.0	*
p.Phe944Lys	0.9690258502960205	0.0	*
p.Phe944Met	0.992980420589447	0.0	*
p.Phe944Pro	0.7775197625160217	0.0	*
p.Phe944Ser	0.9605282545089722	0.0	*
p.Phe944Ter	*	*	*
p.Phe944Thr	0.9712271094322205	0.0	*
p.Phe944Trp	0.9572003483772278	0.0	*
p.Phe944Tyr	0.9738491773605347	0.0	*
p.Phe944Val	0.9563161134719849	0.0	*
p.Phe947=	*	*	*
p.Phe947Ala	0.9853442311286926	0.0	*
p.Phe947Arg	0.974105179309845	0.0	*
p.Phe947Asn	0.9902195930480957	0.0	*
p.Phe947Asp	0.9596397280693054	0.0	*
p.Phe947Cys	0.9422997236251831	0.0	*
p.Phe947Gln	0.9263354539871216	0.0	*
p.Phe947Glu	0.946425199508667	0.0	*
p.Phe947Gly	0.9885597229003906	0.0	*
p.Phe947His	0.946434497833252	0.0	*
p.Phe947Ile	0.933302104473114	0.0	*
p.Phe947Leu	0.9725381135940552	0.0	*
p.Phe947Lys	0.9869317412376404	0.0	*
p.Phe947Met	0.9864806532859802	0.0	*
p.Phe947Pro	0.836877167224884	0.0	*
p.Phe947Ser	0.9840155839920044	0.0	*
p.Phe947Ter	*	*	*
p.Phe947Thr	0.9807522892951965	0.0	*
p.Phe947Trp	0.9584562182426453	0.0	*
p.Phe947Tyr	0.981450080871582	0.0	*
p.Phe947Val	0.9019254446029663	0.0	*
p.Phe954=	*	*	*
p.Phe954Ala	0.9606195092201233	0.0	*
p.Phe954Arg	0.9873904585838318	0.0	*
p.Phe954Asn	0.9888268709182739	0.0	*
p.Phe954Asp	0.9757359027862549	0.0	*
p.Phe954Cys	0.9712362289428711	0.0	*
p.Phe954Gln	0.9446045756340027	0.0	*
p.Phe954Glu	0.9346274733543396	0.0	*
p.Phe954Gly	0.9693846702575684	0.0	*
p.Phe954His	0.9773483872413635	0.0	*
p.Phe954Ile	0.9659548401832581	0.0	*
p.Phe954Leu	0.9669326543807983	0.0	*
p.Phe954Lys	0.9857971668243408	0.0	*
p.Phe954Met	0.9864882826805115	0.0	*
p.Phe954Pro	0.9053290486335754	0.0	*
p.Phe954Ser	0.9730828404426575	0.0	*
p.Phe954Ter	*	*	*
p.Phe954Thr	0.9868417382240295	0.0	*
p.Phe954Trp	0.9646798968315125	0.0	*
p.Phe954Tyr	0.9869614243507385	0.0	*
p.Phe954Val	0.9282739758491516	0.0	*
p.Phe970=	*	*	*
p.Phe970Ala	0.4262031316757202	0.0	*
p.Phe970Arg	0.233165442943573	0.0	*
p.Phe970Asn	0.5019795894622803	0.0	*
p.Phe970Asp	0.03389674425125122	0.0	*
p.Phe970Cys	0.16786152124404907	0.0	*
p.Phe970Gln	0.08209079504013062	0.0	*
p.Phe970Glu	0.04248201847076416	0.0	*
p.Phe970Gly	0.16509771347045898	0.0	*
p.Phe970His	0.08751636743545532	0.0	*
p.Phe970Ile	0.1956813931465149	0.0	*
p.Phe970Leu	0.3633373975753784	0.0	*
p.Phe970Lys	0.16294950246810913	0.0	*
p.Phe970Met	0.4240402579307556	0.0	*
p.Phe970Pro	0.030727148056030273	0.0	*
p.Phe970Ser	0.12411266565322876	0.0	*
p.Phe970Ter	*	*	*
p.Phe970Thr	0.12442868947982788	0.0	*
p.Phe970Trp	0.17378205060958862	0.0	*
p.Phe970Tyr	0.2800596356391907	0.0	*
p.Phe970Val	0.20328933000564575	0.0	*
p.Phe972=	*	*	*
p.Phe972Ala	0.05097603797912598	0.0	*
p.Phe972Arg	0.01697319746017456	0.0	*
p.Phe972Asn	0.02672022581100464	0.0	*
p.Phe972Asp	0.003741145133972168	0.0	*
p.Phe972Cys	0.0066609978675842285	0.0	*
p.Phe972Gln	0.009137988090515137	0.0	*
p.Phe972Glu	0.0018813014030456543	0.0	*
p.Phe972Gly	0.024364233016967773	0.0	*
p.Phe972His	0.008107781410217285	0.0	*
p.Phe972Ile	0.026485860347747803	0.0	*
p.Phe972Leu	0.08056831359863281	0.0	*
p.Phe972Lys	0.011883735656738281	0.0	*
p.Phe972Met	0.04543459415435791	0.0	*
p.Phe972Pro	0.0033524632453918457	0.0	*
p.Phe972Ser	0.016870200634002686	0.0	*
p.Phe972Ter	*	*	*
p.Phe972Thr	0.015713214874267578	0.0	*
p.Phe972Trp	0.020337283611297607	0.0	*
p.Phe972Tyr	0.03870898485183716	0.0	*
p.Phe972Val	0.035946786403656006	0.0	*
p.Pro1014=	*	*	*
p.Pro1014Ala	0.008743047714233398	0.0	*
p.Pro1014Arg	0.0021967291831970215	0.0	*
p.Pro1014Asn	0.007534623146057129	0.0	*
p.Pro1014Asp	0.0008531808853149414	0.0	*
p.Pro1014Cys	0.00041562318801879883	0.0	*
p.Pro1014Gln	0.0038498640060424805	0.0	*
p.Pro1014Glu	0.0005195736885070801	0.0	*
p.Pro1014Gly	0.0034032464027404785	0.0	*
p.Pro1014His	0.001657247543334961	0.0	*
p.Pro1014Ile	0.0020929574966430664	0.0	*
p.Pro1014Leu	0.004248142242431641	0.0	*
p.Pro1014Lys	0.004719436168670654	0.0	*
p.Pro1014Met	0.007982015609741211	0.0	*
p.Pro1014Phe	0.001920461654663086	0.0	*
p.Pro1014Ser	0.011111199855804443	0.0	*
p.Pro1014Ter	*	*	*
p.Pro1014Thr	0.002593815326690674	0.0	*
p.Pro1014Trp	0.0009781122207641602	0.0	*
p.Pro1014Tyr	0.0012236237525939941	0.0	*
p.Pro1014Val	0.0023238062858581543	0.0	*
p.Pro1037=	*	*	*
p.Pro1037Ala	0.1105237603187561	0.0	*
p.Pro1037Arg	0.0713949203491211	0.0	*
p.Pro1037Asn	0.13997191190719604	0.0	*
p.Pro1037Asp	0.06836646795272827	0.0	*
p.Pro1037Cys	0.04746103286743164	0.0	*
p.Pro1037Gln	0.032702505588531494	0.0	*
p.Pro1037Glu	0.0215914249420166	0.0	*
p.Pro1037Gly	0.08946287631988525	0.0	*
p.Pro1037His	0.0363956093788147	0.0	*
p.Pro1037Ile	0.03674370050430298	0.0	*
p.Pro1037Leu	0.03847932815551758	0.0	*
p.Pro1037Lys	0.07938379049301147	0.0	*
p.Pro1037Met	0.05464130640029907	0.0	*
p.Pro1037Phe	0.0427895188331604	0.0	*
p.Pro1037Ser	0.12857455015182495	0.0	*
p.Pro1037Ter	*	*	*
p.Pro1037Thr	0.13603103160858154	0.0	*
p.Pro1037Trp	0.02961719036102295	0.0	*
p.Pro1037Tyr	0.02555060386657715	0.0	*
p.Pro1037Val	0.03321164846420288	0.0	*
p.Pro1052=	*	*	*
p.Pro1052Ala	0.09478640556335449	0.0	*
p.Pro1052Arg	0.02980858087539673	0.0	*
p.Pro1052Asn	0.1474316120147705	0.0	*
p.Pro1052Asp	0.07129591703414917	0.0	*
p.Pro1052Cys	0.0171891450881958	0.0	*
p.Pro1052Gln	0.03678542375564575	0.0	*
p.Pro1052Glu	0.02006453275680542	0.0	*
p.Pro1052Gly	0.052405595779418945	0.0	*
p.Pro1052His	0.04141426086425781	0.0	*
p.Pro1052Ile	0.037669479846954346	0.0	*
p.Pro1052Leu	0.027876615524291992	0.0	*
p.Pro1052Lys	0.047379136085510254	0.0	*
p.Pro1052Met	0.047258079051971436	0.0	*
p.Pro1052Phe	0.02883732318878174	0.0	*
p.Pro1052Ser	0.050210773944854736	0.0	*
p.Pro1052Ter	*	*	*
p.Pro1052Thr	0.04194825887680054	0.0	*
p.Pro1052Trp	0.02096736431121826	0.0	*
p.Pro1052Tyr	0.012323379516601562	0.0	*
p.Pro1052Val	0.015432596206665039	0.0	*
p.Pro1070=	*	*	*
p.Pro1070Ala	0.022620022296905518	0.0	*
p.Pro1070Arg	0.006009340286254883	0.0	*
p.Pro1070Asn	0.015281140804290771	0.0	*
p.Pro1070Asp	0.003946781158447266	0.0	*
p.Pro1070Cys	0.0026941299438476562	0.0	*
p.Pro1070Gln	0.0063936710357666016	0.0	*
p.Pro1070Glu	0.0023173093795776367	0.0	*
p.Pro1070Gly	0.007527828216552734	0.0	*
p.Pro1070His	0.002592742443084717	0.0	*
p.Pro1070Ile	0.004743754863739014	0.0	*
p.Pro1070Leu	0.009319722652435303	0.0	*
p.Pro1070Lys	0.009539604187011719	0.0	*
p.Pro1070Met	0.00812995433807373	0.0	*
p.Pro1070Phe	0.0034175515174865723	0.0	*
p.Pro1070Ser	0.028845667839050293	0.0	*
p.Pro1070Ter	*	*	*
p.Pro1070Thr	0.008301258087158203	0.0	*
p.Pro1070Trp	0.0033801794052124023	0.0	*
p.Pro1070Tyr	0.002117335796356201	0.0	*
p.Pro1070Val	0.006861746311187744	0.0	*
p.Pro1098=	*	*	*
p.Pro1098Ala	0.0007077455520629883	0.0	*
p.Pro1098Arg	0.00019294023513793945	0.0	*
p.Pro1098Asn	0.000713050365447998	0.0	*
p.Pro1098Asp	0.0003014802932739258	0.0	*
p.Pro1098Cys	9.59634780883789e-05	0.0	*
p.Pro1098Gln	0.0002860426902770996	0.0	*
p.Pro1098Glu	9.34600830078125e-05	0.0	*
p.Pro1098Gly	0.00025910139083862305	0.0	*
p.Pro1098His	0.0001843571662902832	0.0	*
p.Pro1098Ile	0.0004038214683532715	0.0	*
p.Pro1098Leu	0.0003085136413574219	0.0	*
p.Pro1098Lys	0.0003184080123901367	0.0	*
p.Pro1098Met	0.00027638673782348633	0.0	*
p.Pro1098Phe	0.00018721818923950195	0.0	*
p.Pro1098Ser	0.0003813505172729492	0.0	*
p.Pro1098Ter	*	*	*
p.Pro1098Thr	0.0002682805061340332	0.0	*
p.Pro1098Trp	0.00010025501251220703	0.0	*
p.Pro1098Tyr	0.00018674135208129883	0.0	*
p.Pro1098Val	0.0003325939178466797	0.0	*
p.Pro1119=	*	*	*
p.Pro1119Ala	0.16833895444869995	0.0	*
p.Pro1119Arg	0.22131145000457764	0.0	*
p.Pro1119Asn	0.31227195262908936	0.0	*
p.Pro1119Asp	0.1965307593345642	0.0	*
p.Pro1119Cys	0.12094348669052124	0.0	*
p.Pro1119Gln	0.08021676540374756	0.0	*
p.Pro1119Glu	0.08947288990020752	0.0	*
p.Pro1119Gly	0.1667720079421997	0.0	*
p.Pro1119His	0.06371194124221802	0.0	*
p.Pro1119Ile	0.09063661098480225	0.0	*
p.Pro1119Leu	0.13258087635040283	0.0	*
p.Pro1119Lys	0.18979811668395996	0.0	*
p.Pro1119Met	0.1284191608428955	0.0	*
p.Pro1119Phe	0.07972526550292969	0.0	*
p.Pro1119Ser	0.24098742008209229	0.0	*
p.Pro1119Ter	*	*	*
p.Pro1119Thr	0.17883199453353882	0.0	*
p.Pro1119Trp	0.08280980587005615	0.0	*
p.Pro1119Tyr	0.0508427619934082	0.0	*
p.Pro1119Val	0.08882004022598267	0.0	*
p.Pro1123=	*	*	*
p.Pro1123Ala	0.1718178391456604	0.0	*
p.Pro1123Arg	0.14087414741516113	0.0	*
p.Pro1123Asn	0.43305546045303345	0.0	*
p.Pro1123Asp	0.15269863605499268	0.0	*
p.Pro1123Cys	0.14426171779632568	0.0	*
p.Pro1123Gln	0.09012144804000854	0.0	*
p.Pro1123Glu	0.07138484716415405	0.0	*
p.Pro1123Gly	0.1274241805076599	0.0	*
p.Pro1123His	0.11668586730957031	0.0	*
p.Pro1123Ile	0.2461680769920349	0.0	*
p.Pro1123Leu	0.1569002866744995	0.0	*
p.Pro1123Lys	0.1948515772819519	0.0	*
p.Pro1123Met	0.20952296257019043	0.0	*
p.Pro1123Phe	0.1440746784210205	0.0	*
p.Pro1123Ser	0.25565582513809204	0.0	*
p.Pro1123Ter	*	*	*
p.Pro1123Thr	0.25165581703186035	0.0	*
p.Pro1123Trp	0.15352535247802734	0.0	*
p.Pro1123Tyr	0.1011589765548706	0.0	*
p.Pro1123Val	0.11217588186264038	0.0	*
p.Pro1134=	*	*	*
p.Pro1134Ala	0.17467695474624634	0.0	*
p.Pro1134Arg	0.2227187156677246	0.0	*
p.Pro1134Asn	0.3785859942436218	0.0	*
p.Pro1134Asp	0.30494725704193115	0.0	*
p.Pro1134Cys	0.08824491500854492	0.0	*
p.Pro1134Gln	0.17632275819778442	0.0	*
p.Pro1134Glu	0.13379108905792236	0.0	*
p.Pro1134Gly	0.16059046983718872	0.0	*
p.Pro1134His	0.13950055837631226	0.0	*
p.Pro1134Ile	0.1472964882850647	0.0	*
p.Pro1134Leu	0.17604130506515503	0.0	*
p.Pro1134Lys	0.26285314559936523	0.0	*
p.Pro1134Met	0.1555977463722229	0.0	*
p.Pro1134Phe	0.1634562611579895	0.0	*
p.Pro1134Ser	0.3818037509918213	0.0	*
p.Pro1134Ter	*	*	*
p.Pro1134Thr	0.3742794990539551	0.0	*
p.Pro1134Trp	0.1281658411026001	0.0	*
p.Pro1134Tyr	0.12829232215881348	0.0	*
p.Pro1134Val	0.1589590311050415	0.0	*
p.Pro1141=	*	*	*
p.Pro1141Ala	0.7462252378463745	0.0	*
p.Pro1141Arg	0.6241108179092407	0.0	*
p.Pro1141Asn	0.8208336234092712	0.0	*
p.Pro1141Asp	0.768172562122345	0.0	*
p.Pro1141Cys	0.478294312953949	0.0	*
p.Pro1141Gln	0.5282853841781616	0.0	*
p.Pro1141Glu	0.5228331685066223	0.0	*
p.Pro1141Gly	0.650672435760498	0.0	*
p.Pro1141His	0.5950223207473755	0.0	*
p.Pro1141Ile	0.6630874872207642	0.0	*
p.Pro1141Leu	0.43811559677124023	0.0	*
p.Pro1141Lys	0.6763571500778198	0.0	*
p.Pro1141Met	0.47761857509613037	0.0	*
p.Pro1141Phe	0.5074525475502014	0.0	*
p.Pro1141Ser	0.8101001977920532	0.0	*
p.Pro1141Ter	*	*	*
p.Pro1141Thr	0.7492780685424805	0.0	*
p.Pro1141Trp	0.4616573452949524	0.0	*
p.Pro1141Tyr	0.30345994234085083	0.0	*
p.Pro1141Val	0.35634398460388184	0.0	*
p.Pro1245=	*	*	*
p.Pro1245Ala	0.4715670943260193	0.0	*
p.Pro1245Arg	0.27712446451187134	0.0	*
p.Pro1245Asn	0.6486412286758423	0.0	*
p.Pro1245Asp	0.29468268156051636	0.0	*
p.Pro1245Cys	0.1301388144493103	0.0	*
p.Pro1245Gln	0.2091405987739563	0.0	*
p.Pro1245Glu	0.12670952081680298	0.0	*
p.Pro1245Gly	0.40416407585144043	0.0	*
p.Pro1245His	0.1919100284576416	0.0	*
p.Pro1245Ile	0.14514118432998657	0.0	*
p.Pro1245Leu	0.22744804620742798	0.0	*
p.Pro1245Lys	0.387951135635376	0.0	*
p.Pro1245Met	0.33644479513168335	0.0	*
p.Pro1245Phe	0.23684066534042358	0.0	*
p.Pro1245Ser	0.5362886190414429	0.0	*
p.Pro1245Ter	*	*	*
p.Pro1245Thr	0.4040325880050659	0.0	*
p.Pro1245Trp	0.14564728736877441	0.0	*
p.Pro1245Tyr	0.10483461618423462	0.0	*
p.Pro1245Val	0.11325770616531372	0.0	*
p.Pro1273=	*	*	*
p.Pro1273Ala	0.00021308660507202148	0.0	*
p.Pro1273Arg	6.008148193359375e-05	0.0	*
p.Pro1273Asn	0.0002059340476989746	0.0	*
p.Pro1273Asp	4.553794860839844e-05	0.0	*
p.Pro1273Cys	4.9114227294921875e-05	0.0	*
p.Pro1273Gln	7.069110870361328e-05	0.0	*
p.Pro1273Glu	2.467632293701172e-05	0.0	*
p.Pro1273Gly	9.322166442871094e-05	0.0	*
p.Pro1273His	4.4465065002441406e-05	0.0	*
p.Pro1273Ile	0.00010001659393310547	0.0	*
p.Pro1273Leu	0.00012052059173583984	0.0	*
p.Pro1273Lys	0.0001138448715209961	0.0	*
p.Pro1273Met	0.00013196468353271484	0.0	*
p.Pro1273Phe	6.699562072753906e-05	0.0	*
p.Pro1273Ser	0.0002530217170715332	0.0	*
p.Pro1273Ter	*	*	*
p.Pro1273Thr	0.0001055002212524414	0.0	*
p.Pro1273Trp	5.602836608886719e-05	0.0	*
p.Pro1273Tyr	5.900859832763672e-05	0.0	*
p.Pro1273Val	0.00013756752014160156	0.0	*
p.Pro1337=	*	*	*
p.Pro1337Ala	0.09410995244979858	0.0	*
p.Pro1337Arg	0.02743232250213623	0.0	*
p.Pro1337Asn	0.08709335327148438	0.0	*
p.Pro1337Asp	0.026032447814941406	0.0	*
p.Pro1337Cys	0.03417706489562988	0.0	*
p.Pro1337Gln	0.026409685611724854	0.0	*
p.Pro1337Glu	0.01516580581665039	0.0	*
p.Pro1337Gly	0.06185978651046753	0.0	*
p.Pro1337His	0.019391655921936035	0.0	*
p.Pro1337Ile	0.027895569801330566	0.0	*
p.Pro1337Leu	0.026994645595550537	0.0	*
p.Pro1337Lys	0.038363516330718994	0.0	*
p.Pro1337Met	0.05172914266586304	0.0	*
p.Pro1337Phe	0.023282766342163086	0.0	*
p.Pro1337Ser	0.06945419311523438	0.0	*
p.Pro1337Ter	*	*	*
p.Pro1337Thr	0.04940730333328247	0.0	*
p.Pro1337Trp	0.019434571266174316	0.0	*
p.Pro1337Tyr	0.02350395917892456	0.0	*
p.Pro1337Val	0.03344935178756714	0.0	*
p.Pro1345=	*	*	*
p.Pro1345Ala	0.021191298961639404	0.0	*
p.Pro1345Arg	0.009609222412109375	0.0	*
p.Pro1345Asn	0.0643264651298523	0.0	*
p.Pro1345Asp	0.00759124755859375	0.0	*
p.Pro1345Cys	0.006188154220581055	0.0	*
p.Pro1345Gln	0.005482137203216553	0.0	*
p.Pro1345Glu	0.002302706241607666	0.0	*
p.Pro1345Gly	0.021447300910949707	0.0	*
p.Pro1345His	0.006508529186248779	0.0	*
p.Pro1345Ile	0.007426261901855469	0.0	*
p.Pro1345Leu	0.008938968181610107	0.0	*
p.Pro1345Lys	0.016184508800506592	0.0	*
p.Pro1345Met	0.026538848876953125	0.0	*
p.Pro1345Phe	0.009166538715362549	0.0	*
p.Pro1345Ser	0.013693273067474365	0.0	*
p.Pro1345Ter	*	*	*
p.Pro1345Thr	0.014819145202636719	0.0	*
p.Pro1345Trp	0.006690382957458496	0.0	*
p.Pro1345Tyr	0.005023300647735596	0.0	*
p.Pro1345Val	0.006902873516082764	0.0	*
p.Pro1352=	*	*	*
p.Pro1352Ala	0.037315547466278076	0.0	*
p.Pro1352Arg	0.0023113489151000977	0.0	*
p.Pro1352Asn	0.01587313413619995	0.0	*
p.Pro1352Asp	0.0031815767288208008	0.0	*
p.Pro1352Cys	0.003008604049682617	0.0	*
p.Pro1352Gln	0.00574040412902832	0.0	*
p.Pro1352Glu	0.0018246173858642578	0.0	*
p.Pro1352Gly	0.011394679546356201	0.0	*
p.Pro1352His	0.0032553672790527344	0.0	*
p.Pro1352Ile	0.004815399646759033	0.0	*
p.Pro1352Leu	0.0053910017013549805	0.0	*
p.Pro1352Lys	0.005134880542755127	0.0	*
p.Pro1352Met	0.009626626968383789	0.0	*
p.Pro1352Phe	0.003317415714263916	0.0	*
p.Pro1352Ser	0.011721491813659668	0.0	*
p.Pro1352Ter	*	*	*
p.Pro1352Thr	0.004457414150238037	0.0	*
p.Pro1352Trp	0.0031560659408569336	0.0	*
p.Pro1352Tyr	0.0022329092025756836	0.0	*
p.Pro1352Val	0.004449367523193359	0.0	*
p.Pro1379=	*	*	*
p.Pro1379Ala	0.9934136271476746	0.0	*
p.Pro1379Arg	0.9618021845817566	0.0	*
p.Pro1379Asn	0.9904881119728088	0.0	*
p.Pro1379Asp	0.9731626510620117	0.0	*
p.Pro1379Cys	0.9464953541755676	0.0	*
p.Pro1379Gln	0.9644834995269775	0.0	*
p.Pro1379Glu	0.9356362223625183	0.0	*
p.Pro1379Gly	0.9822723865509033	0.0	*
p.Pro1379His	0.9717521071434021	0.0	*
p.Pro1379Ile	0.9392402172088623	0.0	*
p.Pro1379Leu	0.9736956357955933	0.0	*
p.Pro1379Lys	0.9878278970718384	0.0	*
p.Pro1379Met	0.9816966652870178	0.0	*
p.Pro1379Phe	0.9642490148544312	0.0	*
p.Pro1379Ser	0.9872611165046692	0.0	*
p.Pro1379Ter	*	*	*
p.Pro1379Thr	0.9855419397354126	0.0	*
p.Pro1379Trp	0.9189591407775879	0.0	*
p.Pro1379Tyr	0.8889361023902893	0.0	*
p.Pro1379Val	0.88078773021698	0.0	*
p.Pro1394=	*	*	*
p.Pro1394Ala	0.9937007427215576	0.0	*
p.Pro1394Arg	0.970576822757721	0.0	*
p.Pro1394Asn	0.9928231239318848	0.0	*
p.Pro1394Asp	0.9863312244415283	0.0	*
p.Pro1394Cys	0.9724484086036682	0.0	*
p.Pro1394Gln	0.9671576023101807	0.0	*
p.Pro1394Glu	0.9306738376617432	0.0	*
p.Pro1394Gly	0.983351469039917	0.0	*
p.Pro1394His	0.9732694029808044	0.0	*
p.Pro1394Ile	0.9586645364761353	0.0	*
p.Pro1394Leu	0.9712389707565308	0.0	*
p.Pro1394Lys	0.9931211471557617	0.0	*
p.Pro1394Met	0.9864670038223267	0.0	*
p.Pro1394Phe	0.9768725037574768	0.0	*
p.Pro1394Ser	0.9965962767601013	0.0	*
p.Pro1394Ter	*	*	*
p.Pro1394Thr	0.9937819242477417	0.0	*
p.Pro1394Trp	0.9271612763404846	0.0	*
p.Pro1394Tyr	0.9049313068389893	0.0	*
p.Pro1394Val	0.853377103805542	0.0	*
p.Pro1414=	*	*	*
p.Pro1414Ala	0.9970948100090027	0.0	*
p.Pro1414Arg	0.9959302544593811	0.0	*
p.Pro1414Asn	0.9981067776679993	0.0	*
p.Pro1414Asp	0.9984192848205566	0.0	*
p.Pro1414Cys	0.9942671060562134	0.0	*
p.Pro1414Gln	0.9934608936309814	0.0	*
p.Pro1414Glu	0.9953615665435791	0.0	*
p.Pro1414Gly	0.9968361854553223	0.0	*
p.Pro1414His	0.9959326982498169	0.0	*
p.Pro1414Ile	0.9929317831993103	0.0	*
p.Pro1414Leu	0.9892892241477966	0.0	*
p.Pro1414Lys	0.9966227412223816	0.0	*
p.Pro1414Met	0.9928564429283142	0.0	*
p.Pro1414Phe	0.9925131797790527	0.0	*
p.Pro1414Ser	0.9986963272094727	0.0	*
p.Pro1414Ter	*	*	*
p.Pro1414Thr	0.9982550144195557	0.0	*
p.Pro1414Trp	0.9899749755859375	0.0	*
p.Pro1414Tyr	0.9845010042190552	0.0	*
p.Pro1414Val	0.9801060557365417	0.0	*
p.Pro1418=	*	*	*
p.Pro1418Ala	0.9976295232772827	0.0	*
p.Pro1418Arg	0.9932867884635925	0.0	*
p.Pro1418Asn	0.9977303743362427	0.0	*
p.Pro1418Asp	0.9973384141921997	0.0	*
p.Pro1418Cys	0.99456787109375	0.0	*
p.Pro1418Gln	0.9889261722564697	0.0	*
p.Pro1418Glu	0.9943132996559143	0.0	*
p.Pro1418Gly	0.9957854151725769	0.0	*
p.Pro1418His	0.9948838353157043	0.0	*
p.Pro1418Ile	0.9928840398788452	0.0	*
p.Pro1418Leu	0.9932272434234619	0.0	*
p.Pro1418Lys	0.9958175420761108	0.0	*
p.Pro1418Met	0.9950496554374695	0.0	*
p.Pro1418Phe	0.9899924397468567	0.0	*
p.Pro1418Ser	0.9980390071868896	0.0	*
p.Pro1418Ter	*	*	*
p.Pro1418Thr	0.9983514547348022	0.0	*
p.Pro1418Trp	0.9914225339889526	0.0	*
p.Pro1418Tyr	0.972918689250946	0.0	*
p.Pro1418Val	0.9861298203468323	0.0	*
p.Pro1438=	*	*	*
p.Pro1438Ala	0.8318026661872864	0.0	*
p.Pro1438Arg	0.8412319421768188	0.0	*
p.Pro1438Asn	0.9135254621505737	0.0	*
p.Pro1438Asp	0.9146196842193604	0.0	*
p.Pro1438Cys	0.7984775900840759	0.0	*
p.Pro1438Gln	0.7014926671981812	0.0	*
p.Pro1438Glu	0.7816401720046997	0.0	*
p.Pro1438Gly	0.8361053466796875	0.0	*
p.Pro1438His	0.7662057280540466	0.0	*
p.Pro1438Ile	0.7792569994926453	0.0	*
p.Pro1438Leu	0.8388260006904602	0.0	*
p.Pro1438Lys	0.8865323066711426	0.0	*
p.Pro1438Met	0.8211778402328491	0.0	*
p.Pro1438Phe	0.822477400302887	0.0	*
p.Pro1438Ser	0.8906208872795105	0.0	*
p.Pro1438Ter	*	*	*
p.Pro1438Thr	0.9246864318847656	0.0	*
p.Pro1438Trp	0.7963476181030273	0.0	*
p.Pro1438Tyr	0.680895209312439	0.0	*
p.Pro1438Val	0.7337188720703125	0.0	*
p.Pro760=	*	*	*
p.Pro760Ala	0.02294844388961792	0.0	*
p.Pro760Arg	0.007214009761810303	0.0	*
p.Pro760Asn	0.024348020553588867	0.0	*
p.Pro760Asp	0.006177544593811035	0.0	*
p.Pro760Cys	0.002937018871307373	0.0	*
p.Pro760Gln	0.005709648132324219	0.0	*
p.Pro760Glu	0.002019941806793213	0.0	*
p.Pro760Gly	0.008926570415496826	0.0	*
p.Pro760His	0.0039255619049072266	0.0	*
p.Pro760Ile	0.01036059856414795	0.0	*
p.Pro760Leu	0.008306920528411865	0.0	*
p.Pro760Lys	0.017033100128173828	0.0	*
p.Pro760Met	0.015237689018249512	0.0	*
p.Pro760Phe	0.007377982139587402	0.0	*
p.Pro760Ser	0.04088485240936279	0.0	*
p.Pro760Ter	*	*	*
p.Pro760Thr	0.014371991157531738	0.0	*
p.Pro760Trp	0.006125748157501221	0.0	*
p.Pro760Tyr	0.002838730812072754	0.0	*
p.Pro760Val	0.006571948528289795	0.0	*
p.Pro767=	*	*	*
p.Pro767Ala	0.0010393857955932617	0.0	*
p.Pro767Arg	0.00022798776626586914	0.0	*
p.Pro767Asn	0.0008585453033447266	0.0	*
p.Pro767Asp	0.0003020763397216797	0.0	*
p.Pro767Cys	0.00016105175018310547	0.0	*
p.Pro767Gln	0.00022357702255249023	0.0	*
p.Pro767Glu	8.463859558105469e-05	0.0	*
p.Pro767Gly	0.0006466507911682129	0.0	*
p.Pro767His	0.00016820430755615234	0.0	*
p.Pro767Ile	0.00028640031814575195	0.0	*
p.Pro767Leu	0.000394284725189209	0.0	*
p.Pro767Lys	0.00038051605224609375	0.0	*
p.Pro767Met	0.0004936456680297852	0.0	*
p.Pro767Phe	0.00020176172256469727	0.0	*
p.Pro767Ser	0.0008445978164672852	0.0	*
p.Pro767Ter	*	*	*
p.Pro767Thr	0.0004051327705383301	0.0	*
p.Pro767Trp	0.0002289414405822754	0.0	*
p.Pro767Tyr	0.0001900792121887207	0.0	*
p.Pro767Val	0.0004677772521972656	0.0	*
p.Pro768=	*	*	*
p.Pro768Ala	0.0009917616844177246	0.0	*
p.Pro768Arg	0.00029164552688598633	0.0	*
p.Pro768Asn	0.0011349916458129883	0.0	*
p.Pro768Asp	0.000518500804901123	0.0	*
p.Pro768Cys	0.00017446279525756836	0.0	*
p.Pro768Gln	0.00019401311874389648	0.0	*
p.Pro768Glu	0.00016176700592041016	0.0	*
p.Pro768Gly	0.0007801055908203125	0.0	*
p.Pro768His	0.00021642446517944336	0.0	*
p.Pro768Ile	0.0003319978713989258	0.0	*
p.Pro768Leu	0.00026172399520874023	0.0	*
p.Pro768Lys	0.00040334463119506836	0.0	*
p.Pro768Met	0.00037539005279541016	0.0	*
p.Pro768Phe	0.00022619962692260742	0.0	*
p.Pro768Ser	0.0007593631744384766	0.0	*
p.Pro768Ter	*	*	*
p.Pro768Thr	0.00039261579513549805	0.0	*
p.Pro768Trp	0.00017851591110229492	0.0	*
p.Pro768Tyr	0.00021249055862426758	0.0	*
p.Pro768Val	0.0003001689910888672	0.0	*
p.Pro821=	*	*	*
p.Pro821Ala	0.4673817753791809	0.0	*
p.Pro821Arg	0.3957514762878418	0.0	*
p.Pro821Asn	0.6548873782157898	0.0	*
p.Pro821Asp	0.36101168394088745	0.0	*
p.Pro821Cys	0.09993505477905273	0.0	*
p.Pro821Gln	0.3377525210380554	0.0	*
p.Pro821Glu	0.16829413175582886	0.0	*
p.Pro821Gly	0.4229293465614319	0.0	*
p.Pro821His	0.2251262664794922	0.0	*
p.Pro821Ile	0.26760512590408325	0.0	*
p.Pro821Leu	0.2989353537559509	0.0	*
p.Pro821Lys	0.5117189884185791	0.0	*
p.Pro821Met	0.3322213888168335	0.0	*
p.Pro821Phe	0.33247464895248413	0.0	*
p.Pro821Ser	0.5343309044837952	0.0	*
p.Pro821Ter	*	*	*
p.Pro821Thr	0.5125802755355835	0.0	*
p.Pro821Trp	0.2763358950614929	0.0	*
p.Pro821Tyr	0.20800131559371948	0.0	*
p.Pro821Val	0.22260057926177979	0.0	*
p.Pro835=	*	*	*
p.Pro835Ala	0.3365272879600525	0.0	*
p.Pro835Arg	0.12527096271514893	0.0	*
p.Pro835Asn	0.3537750244140625	0.0	*
p.Pro835Asp	0.16218101978302002	0.0	*
p.Pro835Cys	0.03050553798675537	0.0	*
p.Pro835Gln	0.07537811994552612	0.0	*
p.Pro835Glu	0.05668437480926514	0.0	*
p.Pro835Gly	0.22026115655899048	0.0	*
p.Pro835His	0.0951656699180603	0.0	*
p.Pro835Ile	0.0741347074508667	0.0	*
p.Pro835Leu	0.04871481657028198	0.0	*
p.Pro835Lys	0.16241967678070068	0.0	*
p.Pro835Met	0.08454811573028564	0.0	*
p.Pro835Phe	0.08096379041671753	0.0	*
p.Pro835Ser	0.3038991689682007	0.0	*
p.Pro835Ter	*	*	*
p.Pro835Thr	0.18224775791168213	0.0	*
p.Pro835Trp	0.04705578088760376	0.0	*
p.Pro835Tyr	0.04153239727020264	0.0	*
p.Pro835Val	0.04129922389984131	0.0	*
p.Pro840=	*	*	*
p.Pro840Ala	0.0027460455894470215	0.0	*
p.Pro840Arg	0.0007058382034301758	0.0	*
p.Pro840Asn	0.0012709498405456543	0.0	*
p.Pro840Asp	0.0031766891479492188	0.0	*
p.Pro840Cys	0.00047028064727783203	0.0	*
p.Pro840Gln	0.0006514191627502441	0.0	*
p.Pro840Glu	0.00039249658584594727	0.0	*
p.Pro840Gly	0.0016273856163024902	0.0	*
p.Pro840His	0.0004261136054992676	0.0	*
p.Pro840Ile	0.0009680986404418945	0.0	*
p.Pro840Leu	0.0010447502136230469	0.0	*
p.Pro840Lys	0.0009928345680236816	0.0	*
p.Pro840Met	0.000722348690032959	0.0	*
p.Pro840Phe	0.0006704330444335938	0.0	*
p.Pro840Ser	0.0020598769187927246	0.0	*
p.Pro840Ter	*	*	*
p.Pro840Thr	0.0009618997573852539	0.0	*
p.Pro840Trp	0.000580906867980957	0.0	*
p.Pro840Tyr	0.0008761286735534668	0.0	*
p.Pro840Val	0.0011681914329528809	0.0	*
p.Pro863=	*	*	*
p.Pro863Ala	0.24272465705871582	0.0	*
p.Pro863Arg	0.1731346845626831	0.0	*
p.Pro863Asn	0.5459084510803223	0.0	*
p.Pro863Asp	0.1427646279335022	0.0	*
p.Pro863Cys	0.08503270149230957	0.0	*
p.Pro863Gln	0.08796846866607666	0.0	*
p.Pro863Glu	0.05764424800872803	0.0	*
p.Pro863Gly	0.2473108172416687	0.0	*
p.Pro863His	0.1077764630317688	0.0	*
p.Pro863Ile	0.0833057165145874	0.0	*
p.Pro863Leu	0.1086188554763794	0.0	*
p.Pro863Lys	0.1914718747138977	0.0	*
p.Pro863Met	0.15646016597747803	0.0	*
p.Pro863Phe	0.13005942106246948	0.0	*
p.Pro863Ser	0.1948922872543335	0.0	*
p.Pro863Ter	*	*	*
p.Pro863Thr	0.12976181507110596	0.0	*
p.Pro863Trp	0.06640642881393433	0.0	*
p.Pro863Tyr	0.057491958141326904	0.0	*
p.Pro863Val	0.046522557735443115	0.0	*
p.Pro868=	*	*	*
p.Pro868Ala	0.38017624616622925	0.0	*
p.Pro868Arg	0.2177395224571228	0.0	*
p.Pro868Asn	0.5865919589996338	0.0	*
p.Pro868Asp	0.4300929307937622	0.0	*
p.Pro868Cys	0.20099830627441406	0.0	*
p.Pro868Gln	0.10757118463516235	0.0	*
p.Pro868Glu	0.20668303966522217	0.0	*
p.Pro868Gly	0.38527196645736694	0.0	*
p.Pro868His	0.19789308309555054	0.0	*
p.Pro868Ile	0.15074294805526733	0.0	*
p.Pro868Leu	0.13459420204162598	0.0	*
p.Pro868Lys	0.27776408195495605	0.0	*
p.Pro868Met	0.1670299768447876	0.0	*
p.Pro868Phe	0.1729246973991394	0.0	*
p.Pro868Ser	0.27690231800079346	0.0	*
p.Pro868Ter	*	*	*
p.Pro868Thr	0.30811864137649536	0.0	*
p.Pro868Trp	0.08495944738388062	0.0	*
p.Pro868Tyr	0.10242736339569092	0.0	*
p.Pro868Val	0.07972633838653564	0.0	*
p.Pro912=	*	*	*
p.Pro912Ala	0.0012173056602478027	0.0	*
p.Pro912Arg	0.000436246395111084	0.0	*
p.Pro912Asn	0.001872718334197998	0.0	*
p.Pro912Asp	0.0004474520683288574	0.0	*
p.Pro912Cys	0.00026339292526245117	0.0	*
p.Pro912Gln	0.0006084442138671875	0.0	*
p.Pro912Glu	0.00020295381546020508	0.0	*
p.Pro912Gly	0.0004922151565551758	0.0	*
p.Pro912His	0.0004284977912902832	0.0	*
p.Pro912Ile	0.0006511807441711426	0.0	*
p.Pro912Leu	0.0006620287895202637	0.0	*
p.Pro912Lys	0.001044631004333496	0.0	*
p.Pro912Met	0.0008165240287780762	0.0	*
p.Pro912Phe	0.00047206878662109375	0.0	*
p.Pro912Ser	0.0011969804763793945	0.0	*
p.Pro912Ter	*	*	*
p.Pro912Thr	0.000660240650177002	0.0	*
p.Pro912Trp	0.00035881996154785156	0.0	*
p.Pro912Tyr	0.00034630298614501953	0.0	*
p.Pro912Val	0.0005571246147155762	0.0	*
p.Pro926=	*	*	*
p.Pro926Ala	0.0241357684135437	0.0	*
p.Pro926Arg	0.009003162384033203	0.0	*
p.Pro926Asn	0.03978753089904785	0.0	*
p.Pro926Cys	0.010311603546142578	0.0	*
p.Pro926Gln	0.006422162055969238	0.0	*
p.Pro926Glu	0.0048621296882629395	0.0	*
p.Pro926Gly	0.02494645118713379	0.0	*
p.Pro926His	0.00977391004562378	0.0	*
p.Pro926Ile	0.013456642627716064	0.0	*
p.Pro926Leu	0.013704121112823486	0.0	*
p.Pro926Lys	0.02118086814880371	0.0	*
p.Pro926Met	0.01890772581100464	0.0	*
p.Pro926Phe	0.011461853981018066	0.0	*
p.Pro926Ser	0.03056234121322632	0.0	*
p.Pro926Ter	*	*	*
p.Pro926Thr	0.02953404188156128	0.0	*
p.Pro926Trp	0.008046090602874756	0.0	*
p.Pro926Tyr	0.006691694259643555	0.0	*
p.Pro926Val	0.012470126152038574	0.0	*
p.Pro955=	*	*	*
p.Pro955Ala	0.9628401398658752	0.0	*
p.Pro955Arg	0.8956481218338013	0.0	*
p.Pro955Asn	0.9755349159240723	0.0	*
p.Pro955Asp	0.9354423880577087	0.0	*
p.Pro955Cys	0.8829021453857422	0.0	*
p.Pro955Gln	0.8925000429153442	0.0	*
p.Pro955Glu	0.8903898000717163	0.0	*
p.Pro955Gly	0.9565709829330444	0.0	*
p.Pro955His	0.9288224577903748	0.0	*
p.Pro955Ile	0.7992688417434692	0.0	*
p.Pro955Leu	0.8311271667480469	0.0	*
p.Pro955Lys	0.9563347101211548	0.0	*
p.Pro955Met	0.9413908123970032	0.0	*
p.Pro955Phe	0.8831754922866821	0.0	*
p.Pro955Ser	0.9572210311889648	0.0	*
p.Pro955Ter	*	*	*
p.Pro955Thr	0.9631543755531311	0.0	*
p.Pro955Trp	0.7923517227172852	0.0	*
p.Pro955Tyr	0.699528694152832	0.0	*
p.Pro955Val	0.7009050846099854	0.0	*
p.Pro957=	*	*	*
p.Pro957Ala	0.9649071097373962	0.0	*
p.Pro957Arg	0.9061635136604309	0.0	*
p.Pro957Asn	0.9828090667724609	0.0	*
p.Pro957Asp	0.9439591765403748	0.0	*
p.Pro957Cys	0.9343516826629639	0.0	*
p.Pro957Gln	0.8670544028282166	0.0	*
p.Pro957Glu	0.9261183142662048	0.0	*
p.Pro957Gly	0.9760331511497498	0.0	*
p.Pro957His	0.934348464012146	0.0	*
p.Pro957Ile	0.8853579163551331	0.0	*
p.Pro957Leu	0.9423770904541016	0.0	*
p.Pro957Lys	0.957981526851654	0.0	*
p.Pro957Met	0.967039942741394	0.0	*
p.Pro957Phe	0.9290460348129272	0.0	*
p.Pro957Ser	0.9765150547027588	0.0	*
p.Pro957Ter	*	*	*
p.Pro957Thr	0.9656612873077393	0.0	*
p.Pro957Trp	0.8701248168945312	0.0	*
p.Pro957Tyr	0.8215208053588867	0.0	*
p.Pro957Val	0.8269160389900208	0.0	*
p.Pro984=	*	*	*
p.Pro984Ala	0.00018423795700073242	0.0	*
p.Pro984Arg	3.3736228942871094e-05	0.0	*
p.Pro984Asn	9.930133819580078e-05	0.0	*
p.Pro984Asp	2.3245811462402344e-05	0.0	*
p.Pro984Cys	7.593631744384766e-05	0.0	*
p.Pro984Gln	4.506111145019531e-05	0.0	*
p.Pro984Glu	1.4424324035644531e-05	0.0	*
p.Pro984Gly	0.0001246929168701172	0.0	*
p.Pro984His	2.8252601623535156e-05	0.0	*
p.Pro984Ile	0.00010919570922851562	0.0	*
p.Pro984Leu	0.00012969970703125	0.0	*
p.Pro984Lys	5.9723854064941406e-05	0.0	*
p.Pro984Met	0.0002270340919494629	0.0	*
p.Pro984Phe	3.445148468017578e-05	0.0	*
p.Pro984Ser	0.0003101825714111328	0.0	*
p.Pro984Ter	*	*	*
p.Pro984Thr	8.857250213623047e-05	0.0	*
p.Pro984Trp	7.748603820800781e-05	0.0	*
p.Pro984Tyr	3.552436828613281e-05	0.0	*
p.Pro984Val	0.00010335445404052734	0.0	*
p.Pro992=	*	*	*
p.Pro992Ala	0.00027257204055786133	0.0	*
p.Pro992Arg	8.809566497802734e-05	0.0	*
p.Pro992Asn	0.00015938282012939453	0.0	*
p.Pro992Asp	0.00010848045349121094	0.0	*
p.Pro992Cys	4.8041343688964844e-05	0.0	*
p.Pro992Gln	0.00013959407806396484	0.0	*
p.Pro992Glu	3.2782554626464844e-05	0.0	*
p.Pro992Gly	0.00018543004989624023	0.0	*
p.Pro992His	4.8160552978515625e-05	0.0	*
p.Pro992Ile	0.00012087821960449219	0.0	*
p.Pro992Leu	0.00011742115020751953	0.0	*
p.Pro992Lys	0.00011730194091796875	0.0	*
p.Pro992Met	0.00017189979553222656	0.0	*
p.Pro992Phe	6.783008575439453e-05	0.0	*
p.Pro992Ser	0.0003069639205932617	0.0	*
p.Pro992Ter	*	*	*
p.Pro992Thr	0.00013136863708496094	0.0	*
p.Pro992Trp	7.593631744384766e-05	0.0	*
p.Pro992Tyr	8.058547973632812e-05	0.0	*
p.Pro992Val	0.00020200014114379883	0.0	*
p.Ser1066=	*	*	*
p.Ser1066Ala	0.0034154653549194336	0.0	*
p.Ser1066Arg	0.000648200511932373	0.0	*
p.Ser1066Asn	0.0018418431282043457	0.0	*
p.Ser1066Asp	0.0006286501884460449	0.0	*
p.Ser1066Cys	0.0016437172889709473	0.0	*
p.Ser1066Gln	0.0016956329345703125	0.0	*
p.Ser1066Glu	0.0007172226905822754	0.0	*
p.Ser1066Gly	0.0014551877975463867	0.0	*
p.Ser1066His	0.00116807222366333	0.0	*
p.Ser1066Ile	0.0005661845207214355	0.0	*
p.Ser1066Leu	0.0006080865859985352	0.0	*
p.Ser1066Lys	0.0005955696105957031	0.0	*
p.Ser1066Met	0.0014257431030273438	0.0	*
p.Ser1066Phe	0.00030791759490966797	0.0	*
p.Ser1066Pro	0.0001907944679260254	0.0	*
p.Ser1066Ter	*	*	*
p.Ser1066Thr	0.0037651658058166504	0.0	*
p.Ser1066Trp	0.00046324729919433594	0.0	*
p.Ser1066Tyr	0.00037920475006103516	0.0	*
p.Ser1066Val	0.0018746256828308105	0.0	*
p.Ser1067=	*	*	*
p.Ser1067Ala	0.002165853977203369	0.0	*
p.Ser1067Arg	0.000564277172088623	0.0	*
p.Ser1067Asn	0.0011322498321533203	0.0	*
p.Ser1067Asp	0.0006064176559448242	0.0	*
p.Ser1067Cys	0.0014470219612121582	0.0	*
p.Ser1067Glu	0.0004170536994934082	0.0	*
p.Ser1067Gly	0.001116931438446045	0.0	*
p.Ser1067His	0.0005956888198852539	0.0	*
p.Ser1067Ile	0.0004622936248779297	0.0	*
p.Ser1067Leu	0.000723421573638916	0.0	*
p.Ser1067Lys	0.0005273222923278809	0.0	*
p.Ser1067Met	0.0011501312255859375	0.0	*
p.Ser1067Phe	0.0002396702766418457	0.0	*
p.Ser1067Pro	0.00019365549087524414	0.0	*
p.Ser1067Ter	*	*	*
p.Ser1067Thr	0.0031197071075439453	0.0	*
p.Ser1067Trp	0.00042515993118286133	0.0	*
p.Ser1067Tyr	0.00031876564025878906	0.0	*
p.Ser1067Val	0.0021411776542663574	0.0	*
p.Ser1107=	*	*	*
p.Ser1107Ala	0.00018996000289916992	0.0	*
p.Ser1107Arg	7.534027099609375e-05	0.0	*
p.Ser1107Asn	9.930133819580078e-05	0.0	*
p.Ser1107Asp	8.428096771240234e-05	0.0	*
p.Ser1107Cys	5.698204040527344e-05	0.0	*
p.Ser1107Gln	0.00014698505401611328	0.0	*
p.Ser1107Glu	2.8848648071289062e-05	0.0	*
p.Ser1107Gly	0.00022858381271362305	0.0	*
p.Ser1107His	7.343292236328125e-05	0.0	*
p.Ser1107Ile	0.0001100301742553711	0.0	*
p.Ser1107Leu	0.00017720460891723633	0.0	*
p.Ser1107Lys	0.00010716915130615234	0.0	*
p.Ser1107Met	0.00022906064987182617	0.0	*
p.Ser1107Phe	6.103515625e-05	0.0	*
p.Ser1107Pro	2.3126602172851562e-05	0.0	*
p.Ser1107Ter	*	*	*
p.Ser1107Thr	0.0005347132682800293	0.0	*
p.Ser1107Trp	8.428096771240234e-05	0.0	*
p.Ser1107Tyr	8.726119995117188e-05	0.0	*
p.Ser1107Val	0.00043064355850219727	0.0	*
p.Ser1116=	*	*	*
p.Ser1116Ala	0.09204679727554321	0.0	*
p.Ser1116Arg	0.023333311080932617	0.0	*
p.Ser1116Asn	0.14819908142089844	0.0	*
p.Ser1116Asp	0.03497558832168579	0.0	*
p.Ser1116Cys	0.04999101161956787	0.0	*
p.Ser1116Gln	0.0489996075630188	0.0	*
p.Ser1116Glu	0.016232728958129883	0.0	*
p.Ser1116Gly	0.077059805393219	0.0	*
p.Ser1116His	0.022598862648010254	0.0	*
p.Ser1116Ile	0.012860715389251709	0.0	*
p.Ser1116Leu	0.04119455814361572	0.0	*
p.Ser1116Lys	0.021354258060455322	0.0	*
p.Ser1116Met	0.07169997692108154	0.0	*
p.Ser1116Phe	0.009245872497558594	0.0	*
p.Ser1116Pro	0.014881610870361328	0.0	*
p.Ser1116Ter	*	*	*
p.Ser1116Thr	0.16276127099990845	0.0	*
p.Ser1116Trp	0.012512564659118652	0.0	*
p.Ser1116Tyr	0.011110901832580566	0.0	*
p.Ser1116Val	0.07148975133895874	0.0	*
p.Ser1121=	*	*	*
p.Ser1121Ala	0.8211598992347717	0.0	*
p.Ser1121Arg	0.45570260286331177	0.0	*
p.Ser1121Asn	0.8214139342308044	0.0	*
p.Ser1121Asp	0.3871188163757324	0.0	*
p.Ser1121Cys	0.5833967924118042	0.0	*
p.Ser1121Gln	0.5577901601791382	0.0	*
p.Ser1121Glu	0.586155891418457	0.0	*
p.Ser1121Gly	0.7892917990684509	0.0	*
p.Ser1121His	0.42322301864624023	0.0	*
p.Ser1121Ile	0.4459678530693054	0.0	*
p.Ser1121Leu	0.6839293837547302	0.0	*
p.Ser1121Lys	0.46040648221969604	0.0	*
p.Ser1121Met	0.6878122091293335	0.0	*
p.Ser1121Phe	0.2637166976928711	0.0	*
p.Ser1121Pro	0.5609408617019653	0.0	*
p.Ser1121Ter	*	*	*
p.Ser1121Thr	0.8157519102096558	0.0	*
p.Ser1121Trp	0.35778188705444336	0.0	*
p.Ser1121Tyr	0.2074413299560547	0.0	*
p.Ser1121Val	0.6099592447280884	0.0	*
p.Ser1125=	*	*	*
p.Ser1125Ala	0.8392235636711121	0.0	*
p.Ser1125Arg	0.8156062364578247	0.0	*
p.Ser1125Asn	0.9496108889579773	0.0	*
p.Ser1125Asp	0.898411750793457	0.0	*
p.Ser1125Cys	0.7970529794692993	0.0	*
p.Ser1125Gln	0.776138961315155	0.0	*
p.Ser1125Glu	0.8986012935638428	0.0	*
p.Ser1125Gly	0.8879401087760925	0.0	*
p.Ser1125His	0.8088414669036865	0.0	*
p.Ser1125Ile	0.6488900184631348	0.0	*
p.Ser1125Leu	0.8589594960212708	0.0	*
p.Ser1125Lys	0.7540035843849182	0.0	*
p.Ser1125Met	0.8347601294517517	0.0	*
p.Ser1125Phe	0.6541827917098999	0.0	*
p.Ser1125Pro	0.9346629977226257	0.0	*
p.Ser1125Ter	*	*	*
p.Ser1125Thr	0.9609484672546387	0.0	*
p.Ser1125Trp	0.6284334063529968	0.0	*
p.Ser1125Tyr	0.5982109308242798	0.0	*
p.Ser1125Val	0.8771800994873047	0.0	*
p.Ser1132=	*	*	*
p.Ser1132Ala	0.5641596913337708	0.0	*
p.Ser1132Arg	0.412558913230896	0.0	*
p.Ser1132Asn	0.8336418867111206	0.0	*
p.Ser1132Asp	0.2192102074623108	0.0	*
p.Ser1132Cys	0.15408778190612793	0.0	*
p.Ser1132Gln	0.43941235542297363	0.0	*
p.Ser1132Glu	0.2655508518218994	0.0	*
p.Ser1132Gly	0.29283297061920166	0.0	*
p.Ser1132His	0.25013911724090576	0.0	*
p.Ser1132Ile	0.08536678552627563	0.0	*
p.Ser1132Leu	0.5304585695266724	0.0	*
p.Ser1132Lys	0.45834219455718994	0.0	*
p.Ser1132Met	0.5873641967773438	0.0	*
p.Ser1132Phe	0.17666298151016235	0.0	*
p.Ser1132Pro	0.30397409200668335	0.0	*
p.Ser1132Ter	*	*	*
p.Ser1132Thr	0.7701412439346313	0.0	*
p.Ser1132Trp	0.15947353839874268	0.0	*
p.Ser1132Tyr	0.1741282343864441	0.0	*
p.Ser1132Val	0.4128282070159912	0.0	*
p.Ser1145=	*	*	*
p.Ser1145Ala	0.7974891066551208	0.0	*
p.Ser1145Arg	0.1978130340576172	0.0	*
p.Ser1145Asn	0.5022869110107422	0.0	*
p.Ser1145Asp	0.32764530181884766	0.0	*
p.Ser1145Cys	0.6555598974227905	0.0	*
p.Ser1145Gln	0.37758249044418335	0.0	*
p.Ser1145Glu	0.2140113115310669	0.0	*
p.Ser1145Gly	0.6102864742279053	0.0	*
p.Ser1145His	0.16650068759918213	0.0	*
p.Ser1145Ile	0.10940557718276978	0.0	*
p.Ser1145Leu	0.2305704951286316	0.0	*
p.Ser1145Lys	0.31654655933380127	0.0	*
p.Ser1145Met	0.3792695999145508	0.0	*
p.Ser1145Phe	0.09445184469223022	0.0	*
p.Ser1145Pro	0.10408622026443481	0.0	*
p.Ser1145Ter	*	*	*
p.Ser1145Thr	0.7136332988739014	0.0	*
p.Ser1145Trp	0.09463322162628174	0.0	*
p.Ser1145Tyr	0.12869477272033691	0.0	*
p.Ser1145Val	0.3011220097541809	0.0	*
p.Ser1162=	*	*	*
p.Ser1162Ala	0.39645326137542725	0.0	*
p.Ser1162Arg	0.0659598708152771	0.0	*
p.Ser1162Asn	0.26513004302978516	0.0	*
p.Ser1162Asp	0.08761650323867798	0.0	*
p.Ser1162Cys	0.29105252027511597	0.0	*
p.Ser1162Gln	0.08873993158340454	0.0	*
p.Ser1162Glu	0.09236174821853638	0.0	*
p.Ser1162Gly	0.2613920569419861	0.0	*
p.Ser1162His	0.05699557065963745	0.0	*
p.Ser1162Ile	0.029231131076812744	0.0	*
p.Ser1162Leu	0.11876457929611206	0.0	*
p.Ser1162Lys	0.08387702703475952	0.0	*
p.Ser1162Met	0.23181849718093872	0.0	*
p.Ser1162Phe	0.02835184335708618	0.0	*
p.Ser1162Pro	0.03228926658630371	0.0	*
p.Ser1162Ter	*	*	*
p.Ser1162Thr	0.3979557156562805	0.0	*
p.Ser1162Trp	0.02690988779067993	0.0	*
p.Ser1162Tyr	0.035849809646606445	0.0	*
p.Ser1162Val	0.12190097570419312	0.0	*
p.Ser1163=	*	*	*
p.Ser1163Ala	0.17511111497879028	0.0	*
p.Ser1163Arg	0.025487899780273438	0.0	*
p.Ser1163Asn	0.20175069570541382	0.0	*
p.Ser1163Asp	0.02462482452392578	0.0	*
p.Ser1163Cys	0.09359794855117798	0.0	*
p.Ser1163Gln	0.025081872940063477	0.0	*
p.Ser1163Glu	0.023142099380493164	0.0	*
p.Ser1163Gly	0.1666892170906067	0.0	*
p.Ser1163His	0.03178143501281738	0.0	*
p.Ser1163Ile	0.019331812858581543	0.0	*
p.Ser1163Leu	0.03835272789001465	0.0	*
p.Ser1163Lys	0.03951543569564819	0.0	*
p.Ser1163Met	0.09754663705825806	0.0	*
p.Ser1163Phe	0.010959982872009277	0.0	*
p.Ser1163Pro	0.008410871028900146	0.0	*
p.Ser1163Ter	*	*	*
p.Ser1163Thr	0.16101747751235962	0.0	*
p.Ser1163Trp	0.01129060983657837	0.0	*
p.Ser1163Tyr	0.01614445447921753	0.0	*
p.Ser1163Val	0.04764962196350098	0.0	*
p.Ser1166=	*	*	*
p.Ser1166Ala	0.28854960203170776	0.0	*
p.Ser1166Arg	0.0640518069267273	0.0	*
p.Ser1166Asn	0.2135602831840515	0.0	*
p.Ser1166Asp	0.05116558074951172	0.0	*
p.Ser1166Cys	0.10484981536865234	0.0	*
p.Ser1166Gln	0.058169007301330566	0.0	*
p.Ser1166Glu	0.0905904769897461	0.0	*
p.Ser1166Gly	0.21324634552001953	0.0	*
p.Ser1166His	0.04609024524688721	0.0	*
p.Ser1166Ile	0.02064073085784912	0.0	*
p.Ser1166Leu	0.0807538628578186	0.0	*
p.Ser1166Lys	0.06490510702133179	0.0	*
p.Ser1166Met	0.13936662673950195	0.0	*
p.Ser1166Phe	0.02585512399673462	0.0	*
p.Ser1166Pro	0.014062941074371338	0.0	*
p.Ser1166Ter	*	*	*
p.Ser1166Thr	0.4821779727935791	0.0	*
p.Ser1166Trp	0.019808173179626465	0.0	*
p.Ser1166Tyr	0.032821476459503174	0.0	*
p.Ser1166Val	0.1527729034423828	0.0	*
p.Ser1211=	*	*	*
p.Ser1211Ala	0.8237041234970093	0.0	*
p.Ser1211Arg	0.187048077583313	0.0	*
p.Ser1211Asn	0.7656984925270081	0.0	*
p.Ser1211Asp	0.20829957723617554	0.0	*
p.Ser1211Cys	0.3498155474662781	0.0	*
p.Ser1211Glu	0.26657766103744507	0.0	*
p.Ser1211Gly	0.6108615398406982	0.0	*
p.Ser1211His	0.3798576593399048	0.0	*
p.Ser1211Ile	0.07549571990966797	0.0	*
p.Ser1211Leu	0.2693295478820801	0.0	*
p.Ser1211Lys	0.43271416425704956	0.0	*
p.Ser1211Met	0.5089222192764282	0.0	*
p.Ser1211Phe	0.11255580186843872	0.0	*
p.Ser1211Pro	0.051421284675598145	0.0	*
p.Ser1211Ter	*	*	*
p.Ser1211Thr	0.797584056854248	0.0	*
p.Ser1211Trp	0.06323277950286865	0.0	*
p.Ser1211Tyr	0.07516080141067505	0.0	*
p.Ser1211Val	0.2899669408798218	0.0	*
p.Ser1246=	*	*	*
p.Ser1246Ala	0.917697548866272	0.0	*
p.Ser1246Arg	0.449179470539093	0.0	*
p.Ser1246Asn	0.9400395154953003	0.0	*
p.Ser1246Asp	0.7411794662475586	0.0	*
p.Ser1246Cys	0.7756975293159485	0.0	*
p.Ser1246Gln	0.7025314569473267	0.0	*
p.Ser1246Glu	0.7907925844192505	0.0	*
p.Ser1246Gly	0.9062454104423523	0.0	*
p.Ser1246His	0.6911318302154541	0.0	*
p.Ser1246Ile	0.16876929998397827	0.0	*
p.Ser1246Leu	0.6999450922012329	0.0	*
p.Ser1246Lys	0.6742619276046753	0.0	*
p.Ser1246Met	0.8674278855323792	0.0	*
p.Ser1246Phe	0.38140779733657837	0.0	*
p.Ser1246Pro	0.5875904560089111	0.0	*
p.Ser1246Ter	*	*	*
p.Ser1246Thr	0.9395453333854675	0.0	*
p.Ser1246Trp	0.21620255708694458	0.0	*
p.Ser1246Tyr	0.3538931608200073	0.0	*
p.Ser1246Val	0.7621175646781921	0.0	*
p.Ser1272=	*	*	*
p.Ser1272Ala	0.00014591217041015625	0.0	*
p.Ser1272Arg	2.5987625122070312e-05	0.0	*
p.Ser1272Asn	7.581710815429688e-05	0.0	*
p.Ser1272Asp	3.4332275390625e-05	0.0	*
p.Ser1272Cys	0.00015676021575927734	0.0	*
p.Ser1272Gln	7.283687591552734e-05	0.0	*
p.Ser1272Glu	2.491474151611328e-05	0.0	*
p.Ser1272Gly	5.9485435485839844e-05	0.0	*
p.Ser1272His	5.7220458984375e-05	0.0	*
p.Ser1272Ile	3.790855407714844e-05	0.0	*
p.Ser1272Leu	3.707408905029297e-05	0.0	*
p.Ser1272Lys	2.765655517578125e-05	0.0	*
p.Ser1272Met	5.900859832763672e-05	0.0	*
p.Ser1272Phe	1.52587890625e-05	0.0	*
p.Ser1272Pro	9.775161743164062e-06	0.0	*
p.Ser1272Ter	*	*	*
p.Ser1272Thr	7.259845733642578e-05	0.0	*
p.Ser1272Trp	2.9802322387695312e-05	0.0	*
p.Ser1272Tyr	2.1338462829589844e-05	0.0	*
p.Ser1272Val	0.00010716915130615234	0.0	*
p.Ser1310=	*	*	*
p.Ser1310Ala	0.24168753623962402	0.0	*
p.Ser1310Arg	0.008361756801605225	0.0	*
p.Ser1310Asn	0.08675909042358398	0.0	*
p.Ser1310Asp	0.018054664134979248	0.0	*
p.Ser1310Cys	0.0953681468963623	0.0	*
p.Ser1310Gln	0.03788095712661743	0.0	*
p.Ser1310Glu	0.03538995981216431	0.0	*
p.Ser1310Gly	0.14801687002182007	0.0	*
p.Ser1310His	0.030954062938690186	0.0	*
p.Ser1310Ile	0.009093284606933594	0.0	*
p.Ser1310Leu	0.02986598014831543	0.0	*
p.Ser1310Lys	0.012405633926391602	0.0	*
p.Ser1310Met	0.0808185338973999	0.0	*
p.Ser1310Phe	0.00940793752670288	0.0	*
p.Ser1310Pro	0.002601146697998047	0.0	*
p.Ser1310Ter	*	*	*
p.Ser1310Thr	0.21701842546463013	0.0	*
p.Ser1310Trp	0.009908199310302734	0.0	*
p.Ser1310Tyr	0.009639263153076172	0.0	*
p.Ser1310Val	0.09776705503463745	0.0	*
p.Ser1314=	*	*	*
p.Ser1314Ala	0.06340503692626953	0.0	*
p.Ser1314Arg	0.0038182735443115234	0.0	*
p.Ser1314Asn	0.03568696975708008	0.0	*
p.Ser1314Asp	0.0026879310607910156	0.0	*
p.Ser1314Cys	0.02054673433303833	0.0	*
p.Ser1314Gln	0.009911596775054932	0.0	*
p.Ser1314Glu	0.005021989345550537	0.0	*
p.Ser1314Gly	0.05120217800140381	0.0	*
p.Ser1314His	0.009537041187286377	0.0	*
p.Ser1314Ile	0.005290389060974121	0.0	*
p.Ser1314Leu	0.021396338939666748	0.0	*
p.Ser1314Lys	0.0058075785636901855	0.0	*
p.Ser1314Met	0.05696737766265869	0.0	*
p.Ser1314Phe	0.005260169506072998	0.0	*
p.Ser1314Pro	0.0015171170234680176	0.0	*
p.Ser1314Ter	*	*	*
p.Ser1314Thr	0.09545618295669556	0.0	*
p.Ser1314Trp	0.005723774433135986	0.0	*
p.Ser1314Tyr	0.005693972110748291	0.0	*
p.Ser1314Val	0.08492845296859741	0.0	*
p.Ser1356=	*	*	*
p.Ser1356Ala	0.30528002977371216	0.0	*
p.Ser1356Arg	0.010684728622436523	0.0	*
p.Ser1356Asn	0.11689668893814087	0.0	*
p.Ser1356Asp	0.016475200653076172	0.0	*
p.Ser1356Cys	0.07639014720916748	0.0	*
p.Ser1356Gln	0.043558359146118164	0.0	*
p.Ser1356Glu	0.017575442790985107	0.0	*
p.Ser1356Gly	0.28473925590515137	0.0	*
p.Ser1356His	0.04794865846633911	0.0	*
p.Ser1356Ile	0.025128304958343506	0.0	*
p.Ser1356Leu	0.07667690515518188	0.0	*
p.Ser1356Lys	0.057380855083465576	0.0	*
p.Ser1356Met	0.3405827283859253	0.0	*
p.Ser1356Phe	0.02108103036880493	0.0	*
p.Ser1356Pro	0.017321228981018066	0.0	*
p.Ser1356Ter	*	*	*
p.Ser1356Thr	0.47276371717453003	0.0	*
p.Ser1356Trp	0.015252411365509033	0.0	*
p.Ser1356Tyr	0.015240013599395752	0.0	*
p.Ser1356Val	0.17542803287506104	0.0	*
p.Ser1362=	*	*	*
p.Ser1362Ala	0.4432376027107239	0.0	*
p.Ser1362Arg	0.034663498401641846	0.0	*
p.Ser1362Asn	0.2704430818557739	0.0	*
p.Ser1362Asp	0.04101359844207764	0.0	*
p.Ser1362Cys	0.1341876983642578	0.0	*
p.Ser1362Gln	0.06957238912582397	0.0	*
p.Ser1362Glu	0.04687190055847168	0.0	*
p.Ser1362Gly	0.2954126000404358	0.0	*
p.Ser1362His	0.08124268054962158	0.0	*
p.Ser1362Ile	0.019751012325286865	0.0	*
p.Ser1362Leu	0.07237875461578369	0.0	*
p.Ser1362Lys	0.04033207893371582	0.0	*
p.Ser1362Phe	0.017549216747283936	0.0	*
p.Ser1362Pro	0.01720285415649414	0.0	*
p.Ser1362Ter	*	*	*
p.Ser1362Thr	0.3768044710159302	0.0	*
p.Ser1362Trp	0.021403908729553223	0.0	*
p.Ser1362Tyr	0.014928221702575684	0.0	*
p.Ser1362Val	0.14806455373764038	0.0	*
p.Ser1363=	*	*	*
p.Ser1363Ala	0.10981762409210205	0.0	*
p.Ser1363Arg	0.005470454692840576	0.0	*
p.Ser1363Asn	0.029956400394439697	0.0	*
p.Ser1363Asp	0.010329902172088623	0.0	*
p.Ser1363Cys	0.028596341609954834	0.0	*
p.Ser1363Gln	0.015057206153869629	0.0	*
p.Ser1363Glu	0.009139537811279297	0.0	*
p.Ser1363Gly	0.04891538619995117	0.0	*
p.Ser1363His	0.013235867023468018	0.0	*
p.Ser1363Ile	0.0075833797454833984	0.0	*
p.Ser1363Leu	0.011837184429168701	0.0	*
p.Ser1363Lys	0.008486330509185791	0.0	*
p.Ser1363Met	0.03759896755218506	0.0	*
p.Ser1363Phe	0.004402101039886475	0.0	*
p.Ser1363Pro	0.0034818649291992188	0.0	*
p.Ser1363Ter	*	*	*
p.Ser1363Thr	0.10693669319152832	0.0	*
p.Ser1363Trp	0.00561147928237915	0.0	*
p.Ser1363Tyr	0.004897356033325195	0.0	*
p.Ser1363Val	0.040787458419799805	0.0	*
p.Ser1365=	*	*	*
p.Ser1365Ala	0.8091155290603638	0.0	*
p.Ser1365Arg	0.41141027212142944	0.0	*
p.Ser1365Asn	0.774905800819397	0.0	*
p.Ser1365Asp	0.45966923236846924	0.0	*
p.Ser1365Cys	0.5387673377990723	0.0	*
p.Ser1365Gln	0.6116030812263489	0.0	*
p.Ser1365Glu	0.44694215059280396	0.0	*
p.Ser1365Gly	0.6728731393814087	0.0	*
p.Ser1365His	0.5541417598724365	0.0	*
p.Ser1365Ile	0.28618335723876953	0.0	*
p.Ser1365Leu	0.5447995662689209	0.0	*
p.Ser1365Lys	0.5624428391456604	0.0	*
p.Ser1365Met	0.746444821357727	0.0	*
p.Ser1365Phe	0.2766339182853699	0.0	*
p.Ser1365Pro	0.258592426776886	0.0	*
p.Ser1365Ter	*	*	*
p.Ser1365Thr	0.9366215467453003	0.0	*
p.Ser1365Trp	0.23316115140914917	0.0	*
p.Ser1365Tyr	0.21755188703536987	0.0	*
p.Ser1365Val	0.7534220814704895	0.0	*
p.Ser1369=	*	*	*
p.Ser1369Ala	0.9817260503768921	0.0	*
p.Ser1369Arg	0.7183034420013428	0.0	*
p.Ser1369Asn	0.977203369140625	0.0	*
p.Ser1369Asp	0.7703120112419128	0.0	*
p.Ser1369Cys	0.8940647840499878	0.0	*
p.Ser1369Gln	0.9433558583259583	0.0	*
p.Ser1369Glu	0.9225688576698303	0.0	*
p.Ser1369Gly	0.9654261469841003	0.0	*
p.Ser1369His	0.926634669303894	0.0	*
p.Ser1369Ile	0.5617737770080566	0.0	*
p.Ser1369Leu	0.9341728091239929	0.0	*
p.Ser1369Lys	0.8891382217407227	0.0	*
p.Ser1369Met	0.9715370535850525	0.0	*
p.Ser1369Phe	0.694648802280426	0.0	*
p.Ser1369Pro	0.5610648989677429	0.0	*
p.Ser1369Ter	*	*	*
p.Ser1369Thr	0.9846497178077698	0.0	*
p.Ser1369Trp	0.5886251330375671	0.0	*
p.Ser1369Tyr	0.5900974273681641	0.0	*
p.Ser1369Val	0.9264830350875854	0.0	*
p.Ser1370=	*	*	*
p.Ser1370Ala	0.9360532760620117	0.0	*
p.Ser1370Arg	0.1402413249015808	0.0	*
p.Ser1370Asn	0.7332771420478821	0.0	*
p.Ser1370Asp	0.25793999433517456	0.0	*
p.Ser1370Cys	0.7228872776031494	0.0	*
p.Ser1370Gln	0.4582113027572632	0.0	*
p.Ser1370Glu	0.4800148010253906	0.0	*
p.Ser1370Gly	0.7956682443618774	0.0	*
p.Ser1370His	0.4378300905227661	0.0	*
p.Ser1370Ile	0.2547150254249573	0.0	*
p.Ser1370Leu	0.4528001546859741	0.0	*
p.Ser1370Lys	0.36156970262527466	0.0	*
p.Ser1370Met	0.738449215888977	0.0	*
p.Ser1370Phe	0.23701173067092896	0.0	*
p.Ser1370Pro	0.20450514554977417	0.0	*
p.Ser1370Ter	*	*	*
p.Ser1370Thr	0.9093130230903625	0.0	*
p.Ser1370Trp	0.1805018186569214	0.0	*
p.Ser1370Tyr	0.16934555768966675	0.0	*
p.Ser1370Val	0.7188205122947693	0.0	*
p.Ser1398=	*	*	*
p.Ser1398Ala	0.9988508224487305	0.0	*
p.Ser1398Arg	0.978390634059906	0.0	*
p.Ser1398Asn	0.9980699419975281	0.0	*
p.Ser1398Asp	0.9873303771018982	0.0	*
p.Ser1398Cys	0.9922181367874146	0.0	*
p.Ser1398Gln	0.9875787496566772	0.0	*
p.Ser1398Glu	0.9882954955101013	0.0	*
p.Ser1398Gly	0.9964007139205933	0.0	*
p.Ser1398His	0.9916772246360779	0.0	*
p.Ser1398Ile	0.94938063621521	0.0	*
p.Ser1398Leu	0.9923573136329651	0.0	*
p.Ser1398Lys	0.9920360445976257	0.0	*
p.Ser1398Met	0.9964043498039246	0.0	*
p.Ser1398Phe	0.9495877027511597	0.0	*
p.Ser1398Pro	0.9774227142333984	0.0	*
p.Ser1398Ter	*	*	*
p.Ser1398Thr	0.9984039664268494	0.0	*
p.Ser1398Trp	0.9384438991546631	0.0	*
p.Ser1398Tyr	0.938281774520874	0.0	*
p.Ser1398Val	0.9776259064674377	0.0	*
p.Ser1401=	*	*	*
p.Ser1401Ala	0.9977336525917053	0.0	*
p.Ser1401Arg	0.9786449670791626	0.0	*
p.Ser1401Asn	0.9975128769874573	0.0	*
p.Ser1401Asp	0.9907183051109314	0.0	*
p.Ser1401Cys	0.9856041073799133	0.0	*
p.Ser1401Gln	0.9868108034133911	0.0	*
p.Ser1401Glu	0.989429771900177	0.0	*
p.Ser1401Gly	0.9951205849647522	0.0	*
p.Ser1401His	0.9907994270324707	0.0	*
p.Ser1401Ile	0.9505988359451294	0.0	*
p.Ser1401Leu	0.9854242205619812	0.0	*
p.Ser1401Lys	0.9891671538352966	0.0	*
p.Ser1401Met	0.9943697452545166	0.0	*
p.Ser1401Phe	0.9598590135574341	0.0	*
p.Ser1401Pro	0.9741244912147522	0.0	*
p.Ser1401Ter	*	*	*
p.Ser1401Thr	0.9990137219429016	0.0	*
p.Ser1401Trp	0.9291028380393982	0.0	*
p.Ser1401Tyr	0.9449936151504517	0.0	*
p.Ser1401Val	0.9896775484085083	0.0	*
p.Ser1413=	*	*	*
p.Ser1413Ala	0.9980292916297913	0.0	*
p.Ser1413Arg	0.9959522485733032	0.0	*
p.Ser1413Asn	0.9984764456748962	0.0	*
p.Ser1413Asp	0.9941679835319519	0.0	*
p.Ser1413Cys	0.9899787902832031	0.0	*
p.Ser1413Gln	0.9951344132423401	0.0	*
p.Ser1413Glu	0.9939776062965393	0.0	*
p.Ser1413Gly	0.9961010217666626	0.0	*
p.Ser1413His	0.9929847121238708	0.0	*
p.Ser1413Ile	0.9678333401679993	0.0	*
p.Ser1413Leu	0.9958547949790955	0.0	*
p.Ser1413Lys	0.9967178106307983	0.0	*
p.Ser1413Met	0.9978953003883362	0.0	*
p.Ser1413Phe	0.9815768599510193	0.0	*
p.Ser1413Pro	0.9924249649047852	0.0	*
p.Ser1413Ter	*	*	*
p.Ser1413Thr	0.998757541179657	0.0	*
p.Ser1413Trp	0.9617354869842529	0.0	*
p.Ser1413Tyr	0.9760528802871704	0.0	*
p.Ser1413Val	0.988499641418457	0.0	*
p.Ser1423=	*	*	*
p.Ser1423Ala	0.9966191053390503	0.0	*
p.Ser1423Arg	0.9901782274246216	0.0	*
p.Ser1423Asn	0.997074544429779	0.0	*
p.Ser1423Asp	0.9909600019454956	0.0	*
p.Ser1423Cys	0.9754619002342224	0.0	*
p.Ser1423Gln	0.992662787437439	0.0	*
p.Ser1423Glu	0.9931864142417908	0.0	*
p.Ser1423Gly	0.9920308589935303	0.0	*
p.Ser1423His	0.9890952706336975	0.0	*
p.Ser1423Ile	0.9654845595359802	0.0	*
p.Ser1423Leu	0.9884054660797119	0.0	*
p.Ser1423Lys	0.9923977851867676	0.0	*
p.Ser1423Met	0.994561493396759	0.0	*
p.Ser1423Phe	0.9663737416267395	0.0	*
p.Ser1423Pro	0.993070125579834	0.0	*
p.Ser1423Ter	*	*	*
p.Ser1423Thr	0.9986516833305359	0.0	*
p.Ser1423Trp	0.9194389581680298	0.0	*
p.Ser1423Tyr	0.9578278660774231	0.0	*
p.Ser1423Val	0.9904993772506714	0.0	*
p.Ser1426=	*	*	*
p.Ser1426Ala	0.90748530626297	0.0	*
p.Ser1426Arg	0.7630853056907654	0.0	*
p.Ser1426Asn	0.9334756135940552	0.0	*
p.Ser1426Asp	0.8870416283607483	0.0	*
p.Ser1426Cys	0.722196102142334	0.0	*
p.Ser1426Gln	0.7338327169418335	0.0	*
p.Ser1426Glu	0.761353075504303	0.0	*
p.Ser1426Gly	0.9020097851753235	0.0	*
p.Ser1426His	0.816483199596405	0.0	*
p.Ser1426Ile	0.47208523750305176	0.0	*
p.Ser1426Leu	0.7771811485290527	0.0	*
p.Ser1426Lys	0.7775547504425049	0.0	*
p.Ser1426Met	0.9047113656997681	0.0	*
p.Ser1426Phe	0.46844178438186646	0.0	*
p.Ser1426Pro	0.6597450971603394	0.0	*
p.Ser1426Ter	*	*	*
p.Ser1426Thr	0.9716737866401672	0.0	*
p.Ser1426Trp	0.4155880808830261	0.0	*
p.Ser1426Tyr	0.5086160898208618	0.0	*
p.Ser1426Val	0.790010392665863	0.0	*
p.Ser1429=	*	*	*
p.Ser1429Ala	0.9394937753677368	0.0	*
p.Ser1429Arg	0.9224836826324463	0.0	*
p.Ser1429Asn	0.9773649573326111	0.0	*
p.Ser1429Asp	0.9262515306472778	0.0	*
p.Ser1429Cys	0.8321589827537537	0.0	*
p.Ser1429Gln	0.900202751159668	0.0	*
p.Ser1429Glu	0.9320356249809265	0.0	*
p.Ser1429Gly	0.941828727722168	0.0	*
p.Ser1429His	0.8854622840881348	0.0	*
p.Ser1429Ile	0.7429413795471191	0.0	*
p.Ser1429Leu	0.9231818914413452	0.0	*
p.Ser1429Lys	0.8959306478500366	0.0	*
p.Ser1429Met	0.9336615800857544	0.0	*
p.Ser1429Phe	0.7618913054466248	0.0	*
p.Ser1429Pro	0.9282777309417725	0.0	*
p.Ser1429Ter	*	*	*
p.Ser1429Thr	0.9873974323272705	0.0	*
p.Ser1429Trp	0.73497474193573	0.0	*
p.Ser1429Tyr	0.8380460739135742	0.0	*
p.Ser1429Val	0.9442055821418762	0.0	*
p.Ser1431=	*	*	*
p.Ser1431Ala	0.9412978291511536	0.0	*
p.Ser1431Arg	0.7176423072814941	0.0	*
p.Ser1431Asn	0.956092119216919	0.0	*
p.Ser1431Asp	0.7947205305099487	0.0	*
p.Ser1431Cys	0.8831577301025391	0.0	*
p.Ser1431Gln	0.8415844440460205	0.0	*
p.Ser1431Glu	0.8121160268783569	0.0	*
p.Ser1431Gly	0.8864046931266785	0.0	*
p.Ser1431His	0.8411506414413452	0.0	*
p.Ser1431Ile	0.4858282804489136	0.0	*
p.Ser1431Leu	0.8631435632705688	0.0	*
p.Ser1431Lys	0.805024266242981	0.0	*
p.Ser1431Met	0.9259206652641296	0.0	*
p.Ser1431Phe	0.48269903659820557	0.0	*
p.Ser1431Pro	0.7691341638565063	0.0	*
p.Ser1431Ter	*	*	*
p.Ser1431Thr	0.9741225242614746	0.0	*
p.Ser1431Trp	0.5064632892608643	0.0	*
p.Ser1431Tyr	0.49130779504776	0.0	*
p.Ser1431Val	0.8316716551780701	0.0	*
p.Ser1432=	*	*	*
p.Ser1432Ala	0.5939292907714844	0.0	*
p.Ser1432Arg	0.3600643277168274	0.0	*
p.Ser1432Asn	0.7053990364074707	0.0	*
p.Ser1432Asp	0.2977757453918457	0.0	*
p.Ser1432Cys	0.41434216499328613	0.0	*
p.Ser1432Gln	0.30874037742614746	0.0	*
p.Ser1432Glu	0.2713899612426758	0.0	*
p.Ser1432Gly	0.48364514112472534	0.0	*
p.Ser1432His	0.325569212436676	0.0	*
p.Ser1432Ile	0.19617104530334473	0.0	*
p.Ser1432Leu	0.5080240964889526	0.0	*
p.Ser1432Lys	0.35160207748413086	0.0	*
p.Ser1432Met	0.6570671796798706	0.0	*
p.Ser1432Phe	0.1787150502204895	0.0	*
p.Ser1432Pro	0.29985255002975464	0.0	*
p.Ser1432Ter	*	*	*
p.Ser1432Thr	0.8240609169006348	0.0	*
p.Ser1432Trp	0.2174588441848755	0.0	*
p.Ser1432Tyr	0.20430582761764526	0.0	*
p.Ser1432Val	0.5028156042098999	0.0	*
p.Ser1435=	*	*	*
p.Ser1435Ala	0.7343088388442993	0.0	*
p.Ser1435Arg	0.4434801936149597	0.0	*
p.Ser1435Asn	0.8044919967651367	0.0	*
p.Ser1435Asp	0.6944354772567749	0.0	*
p.Ser1435Cys	0.7192846536636353	0.0	*
p.Ser1435Gln	0.34106093645095825	0.0	*
p.Ser1435Glu	0.6955808401107788	0.0	*
p.Ser1435Gly	0.8206689357757568	0.0	*
p.Ser1435His	0.531021773815155	0.0	*
p.Ser1435Ile	0.2148662805557251	0.0	*
p.Ser1435Leu	0.481786847114563	0.0	*
p.Ser1435Lys	0.46168452501296997	0.0	*
p.Ser1435Met	0.6915931701660156	0.0	*
p.Ser1435Phe	0.2943592071533203	0.0	*
p.Ser1435Pro	0.6071042418479919	0.0	*
p.Ser1435Ter	*	*	*
p.Ser1435Thr	0.922879695892334	0.0	*
p.Ser1435Trp	0.34083104133605957	0.0	*
p.Ser1435Tyr	0.32997024059295654	0.0	*
p.Ser1435Val	0.7485834360122681	0.0	*
p.Ser1439=	*	*	*
p.Ser1439Ala	0.8774246573448181	0.0	*
p.Ser1439Arg	0.8322524428367615	0.0	*
p.Ser1439Asn	0.9305288791656494	0.0	*
p.Ser1439Asp	0.8357973098754883	0.0	*
p.Ser1439Cys	0.5632043480873108	0.0	*
p.Ser1439Gln	0.6238237619400024	0.0	*
p.Ser1439Glu	0.8243119716644287	0.0	*
p.Ser1439Gly	0.8610792756080627	0.0	*
p.Ser1439His	0.6961638927459717	0.0	*
p.Ser1439Ile	0.5074288845062256	0.0	*
p.Ser1439Leu	0.7416839599609375	0.0	*
p.Ser1439Lys	0.6811167001724243	0.0	*
p.Ser1439Met	0.8560894131660461	0.0	*
p.Ser1439Phe	0.361139714717865	0.0	*
p.Ser1439Pro	0.8568491339683533	0.0	*
p.Ser1439Ter	*	*	*
p.Ser1439Thr	0.9201146364212036	0.0	*
p.Ser1439Trp	0.45131129026412964	0.0	*
p.Ser1439Tyr	0.4387891888618469	0.0	*
p.Ser1439Val	0.7580429315567017	0.0	*
p.Ser1442=	*	*	*
p.Ser1442Ala	0.9658104777336121	0.0	*
p.Ser1442Arg	0.9088733196258545	0.0	*
p.Ser1442Asn	0.9850765466690063	0.0	*
p.Ser1442Asp	0.9546012282371521	0.0	*
p.Ser1442Cys	0.9121785163879395	0.0	*
p.Ser1442Gln	0.874231219291687	0.0	*
p.Ser1442Glu	0.9617389440536499	0.0	*
p.Ser1442Gly	0.9767759442329407	0.0	*
p.Ser1442His	0.9277145862579346	0.0	*
p.Ser1442Ile	0.7913410067558289	0.0	*
p.Ser1442Leu	0.9167948365211487	0.0	*
p.Ser1442Lys	0.8653427958488464	0.0	*
p.Ser1442Met	0.9538851976394653	0.0	*
p.Ser1442Phe	0.7136099338531494	0.0	*
p.Ser1442Pro	0.9738936424255371	0.0	*
p.Ser1442Ter	*	*	*
p.Ser1442Thr	0.9810895919799805	0.0	*
p.Ser1442Trp	0.7879706621170044	0.0	*
p.Ser1442Tyr	0.7720288634300232	0.0	*
p.Ser1442Val	0.924121081829071	0.0	*
p.Ser1453=	*	*	*
p.Ser1453Ala	0.898445725440979	0.0	*
p.Ser1453Arg	0.8035059571266174	0.0	*
p.Ser1453Asn	0.8780259490013123	0.0	*
p.Ser1453Asp	0.9340735077857971	0.0	*
p.Ser1453Cys	0.8062006831169128	0.0	*
p.Ser1453Gln	0.9128912687301636	0.0	*
p.Ser1453Glu	0.8603858351707458	0.0	*
p.Ser1453Gly	0.8896384835243225	0.0	*
p.Ser1453His	0.7879704236984253	0.0	*
p.Ser1453Ile	0.5231227874755859	0.0	*
p.Ser1453Leu	0.8152546882629395	0.0	*
p.Ser1453Lys	0.7949532270431519	0.0	*
p.Ser1453Met	0.8473837375640869	0.0	*
p.Ser1453Phe	0.5549275875091553	0.0	*
p.Ser1453Pro	0.8538784384727478	0.0	*
p.Ser1453Ter	*	*	*
p.Ser1453Thr	0.9530378580093384	0.0	*
p.Ser1453Trp	0.5152088403701782	0.0	*
p.Ser1453Tyr	0.7266053557395935	0.0	*
p.Ser1453Val	0.7986344695091248	0.0	*
p.Ser721=	*	*	*
p.Ser721Ala	0.43454939126968384	0.0	*
p.Ser721Arg	0.028058230876922607	0.0	*
p.Ser721Asn	0.22184503078460693	0.0	*
p.Ser721Asp	0.02602475881576538	0.0	*
p.Ser721Cys	0.22612547874450684	0.0	*
p.Ser721Gln	0.041011273860931396	0.0	*
p.Ser721Glu	0.03002619743347168	0.0	*
p.Ser721Gly	0.3246001601219177	0.0	*
p.Ser721His	0.04663240909576416	0.0	*
p.Ser721Ile	0.011308908462524414	0.0	*
p.Ser721Leu	0.03464716672897339	0.0	*
p.Ser721Lys	0.027239620685577393	0.0	*
p.Ser721Met	0.26787906885147095	0.0	*
p.Ser721Phe	0.007779896259307861	0.0	*
p.Ser721Pro	0.012614250183105469	0.0	*
p.Ser721Ter	*	*	*
p.Ser721Thr	0.19752120971679688	0.0	*
p.Ser721Trp	0.009126067161560059	0.0	*
p.Ser721Tyr	0.008327662944793701	0.0	*
p.Ser721Val	0.03184175491333008	0.0	*
p.Ser726=	*	*	*
p.Ser726Ala	0.9929907917976379	0.0	*
p.Ser726Arg	0.9169639945030212	0.0	*
p.Ser726Asn	0.9900477528572083	0.0	*
p.Ser726Asp	0.9277000427246094	0.0	*
p.Ser726Cys	0.957308828830719	0.0	*
p.Ser726Gln	0.9357552528381348	0.0	*
p.Ser726Glu	0.9359663724899292	0.0	*
p.Ser726Gly	0.9898717999458313	0.0	*
p.Ser726His	0.9358292818069458	0.0	*
p.Ser726Ile	0.7442593574523926	0.0	*
p.Ser726Leu	0.9681285619735718	0.0	*
p.Ser726Lys	0.9463793635368347	0.0	*
p.Ser726Met	0.9906351566314697	0.0	*
p.Ser726Phe	0.8018671274185181	0.0	*
p.Ser726Pro	0.8055468201637268	0.0	*
p.Ser726Ter	*	*	*
p.Ser726Thr	0.9948354959487915	0.0	*
p.Ser726Trp	0.7069833874702454	0.0	*
p.Ser726Tyr	0.6950646638870239	0.0	*
p.Ser726Val	0.9665064215660095	0.0	*
p.Ser738=	*	*	*
p.Ser738Ala	0.9298115372657776	0.0	*
p.Ser738Arg	0.4602055549621582	0.0	*
p.Ser738Asn	0.8953685760498047	0.0	*
p.Ser738Asp	0.4084852933883667	0.0	*
p.Ser738Cys	0.7983551025390625	0.0	*
p.Ser738Gln	0.4690399169921875	0.0	*
p.Ser738Glu	0.40714097023010254	0.0	*
p.Ser738Gly	0.7960894107818604	0.0	*
p.Ser738His	0.476157546043396	0.0	*
p.Ser738Ile	0.24193507432937622	0.0	*
p.Ser738Leu	0.6685856580734253	0.0	*
p.Ser738Met	0.9167217016220093	0.0	*
p.Ser738Phe	0.2819923162460327	0.0	*
p.Ser738Pro	0.18712353706359863	0.0	*
p.Ser738Ter	*	*	*
p.Ser738Thr	0.9505181312561035	0.0	*
p.Ser738Trp	0.1934356689453125	0.0	*
p.Ser738Tyr	0.2932535409927368	0.0	*
p.Ser738Val	0.7818050980567932	0.0	*
p.Ser744=	*	*	*
p.Ser744Ala	0.410317599773407	0.0	*
p.Ser744Arg	0.014224231243133545	0.0	*
p.Ser744Asp	0.01949024200439453	0.0	*
p.Ser744Cys	0.14763373136520386	0.0	*
p.Ser744Gly	0.24986088275909424	0.0	*
p.Ser744His	0.03983461856842041	0.0	*
p.Ser744Ile	0.014680743217468262	0.0	*
p.Ser744Leu	0.06532198190689087	0.0	*
p.Ser744Phe	0.009833991527557373	0.0	*
p.Ser744Pro	0.00341874361038208	0.0	*
p.Ser744Ter	*	*	*
p.Ser744Thr	0.18006044626235962	0.0	*
p.Ser744Trp	0.014983773231506348	0.0	*
p.Ser744Tyr	0.014460086822509766	0.0	*
p.Ser744Val	0.1114271879196167	0.0	*
p.Ser759=	*	*	*
p.Ser759Ala	0.17400652170181274	0.0	*
p.Ser759Arg	0.03633517026901245	0.0	*
p.Ser759Asn	0.0747227668762207	0.0	*
p.Ser759Asp	0.01413649320602417	0.0	*
p.Ser759Cys	0.08337229490280151	0.0	*
p.Ser759Gln	0.056035637855529785	0.0	*
p.Ser759Glu	0.030850768089294434	0.0	*
p.Ser759Gly	0.06283605098724365	0.0	*
p.Ser759His	0.02299588918685913	0.0	*
p.Ser759Ile	0.014058172702789307	0.0	*
p.Ser759Leu	0.04552900791168213	0.0	*
p.Ser759Lys	0.028559744358062744	0.0	*
p.Ser759Met	0.13481032848358154	0.0	*
p.Ser759Phe	0.00815129280090332	0.0	*
p.Ser759Pro	0.004869580268859863	0.0	*
p.Ser759Ter	*	*	*
p.Ser759Thr	0.18992692232131958	0.0	*
p.Ser759Trp	0.010372042655944824	0.0	*
p.Ser759Tyr	0.011265337467193604	0.0	*
p.Ser759Val	0.05109971761703491	0.0	*
p.Ser786=	*	*	*
p.Ser786Ala	0.31514281034469604	0.0	*
p.Ser786Arg	0.045230984687805176	0.0	*
p.Ser786Asn	0.24290412664413452	0.0	*
p.Ser786Asp	0.043401122093200684	0.0	*
p.Ser786Cys	0.09264534711837769	0.0	*
p.Ser786Gln	0.06286221742630005	0.0	*
p.Ser786Glu	0.02146083116531372	0.0	*
p.Ser786Gly	0.13291406631469727	0.0	*
p.Ser786His	0.051806628704071045	0.0	*
p.Ser786Ile	0.014180898666381836	0.0	*
p.Ser786Leu	0.08292478322982788	0.0	*
p.Ser786Lys	0.043913960456848145	0.0	*
p.Ser786Met	0.1832042932510376	0.0	*
p.Ser786Phe	0.011307120323181152	0.0	*
p.Ser786Pro	0.009290337562561035	0.0	*
p.Ser786Ter	*	*	*
p.Ser786Thr	0.27698200941085815	0.0	*
p.Ser786Trp	0.014133155345916748	0.0	*
p.Ser786Tyr	0.013383269309997559	0.0	*
p.Ser786Val	0.038685500621795654	0.0	*
p.Ser789=	*	*	*
p.Ser789Ala	0.21451246738433838	0.0	*
p.Ser789Arg	0.0708475112915039	0.0	*
p.Ser789Asn	0.11822754144668579	0.0	*
p.Ser789Asp	0.15619295835494995	0.0	*
p.Ser789Cys	0.2546043395996094	0.0	*
p.Ser789Gln	0.1142723560333252	0.0	*
p.Ser789Glu	0.07164698839187622	0.0	*
p.Ser789Gly	0.17073780298233032	0.0	*
p.Ser789His	0.07965880632400513	0.0	*
p.Ser789Ile	0.027686238288879395	0.0	*
p.Ser789Leu	0.10560107231140137	0.0	*
p.Ser789Lys	0.10663747787475586	0.0	*
p.Ser789Met	0.19102048873901367	0.0	*
p.Ser789Phe	0.029043138027191162	0.0	*
p.Ser789Pro	0.02694880962371826	0.0	*
p.Ser789Ter	*	*	*
p.Ser789Thr	0.43944239616394043	0.0	*
p.Ser789Trp	0.030563831329345703	0.0	*
p.Ser789Tyr	0.03532993793487549	0.0	*
p.Ser789Val	0.12513911724090576	0.0	*
p.Ser797=	*	*	*
p.Ser797Ala	0.5407800674438477	0.0	*
p.Ser797Arg	0.11114466190338135	0.0	*
p.Ser797Asn	0.4658980965614319	0.0	*
p.Ser797Asp	0.23187947273254395	0.0	*
p.Ser797Cys	0.457450270652771	0.0	*
p.Ser797Gln	0.48234063386917114	0.0	*
p.Ser797Glu	0.3958808183670044	0.0	*
p.Ser797Gly	0.5467970967292786	0.0	*
p.Ser797His	0.3676424026489258	0.0	*
p.Ser797Ile	0.03929084539413452	0.0	*
p.Ser797Leu	0.27653056383132935	0.0	*
p.Ser797Lys	0.23197489976882935	0.0	*
p.Ser797Met	0.4737643599510193	0.0	*
p.Ser797Phe	0.06018954515457153	0.0	*
p.Ser797Pro	0.059458792209625244	0.0	*
p.Ser797Ter	*	*	*
p.Ser797Thr	0.6614590883255005	0.0	*
p.Ser797Trp	0.07199794054031372	0.0	*
p.Ser797Tyr	0.0833469033241272	0.0	*
p.Ser797Val	0.28023719787597656	0.0	*
p.Ser855=	*	*	*
p.Ser855Ala	0.10332721471786499	0.0	*
p.Ser855Arg	0.01833653450012207	0.0	*
p.Ser855Asn	0.09037154912948608	0.0	*
p.Ser855Asp	0.022875487804412842	0.0	*
p.Ser855Cys	0.04489618539810181	0.0	*
p.Ser855Gln	0.06381028890609741	0.0	*
p.Ser855Glu	0.02040177583694458	0.0	*
p.Ser855Gly	0.031450629234313965	0.0	*
p.Ser855His	0.01923125982284546	0.0	*
p.Ser855Ile	0.006332099437713623	0.0	*
p.Ser855Leu	0.013893723487854004	0.0	*
p.Ser855Lys	0.024668216705322266	0.0	*
p.Ser855Met	0.04169511795043945	0.0	*
p.Ser855Phe	0.007046639919281006	0.0	*
p.Ser855Pro	0.006703794002532959	0.0	*
p.Ser855Ter	*	*	*
p.Ser855Thr	0.06516855955123901	0.0	*
p.Ser855Trp	0.00684279203414917	0.0	*
p.Ser855Tyr	0.00913459062576294	0.0	*
p.Ser855Val	0.025729775428771973	0.0	*
p.Ser870=	*	*	*
p.Ser870Ala	0.8721666932106018	0.0	*
p.Ser870Arg	0.4865725040435791	0.0	*
p.Ser870Asn	0.8544845581054688	0.0	*
p.Ser870Asp	0.48378515243530273	0.0	*
p.Ser870Cys	0.497509241104126	0.0	*
p.Ser870Gln	0.46447885036468506	0.0	*
p.Ser870Glu	0.6363228559494019	0.0	*
p.Ser870Gly	0.7281225919723511	0.0	*
p.Ser870His	0.40097498893737793	0.0	*
p.Ser870Ile	0.1992703676223755	0.0	*
p.Ser870Leu	0.48960238695144653	0.0	*
p.Ser870Lys	0.5494295358657837	0.0	*
p.Ser870Met	0.6060600280761719	0.0	*
p.Ser870Phe	0.14753609895706177	0.0	*
p.Ser870Pro	0.4532626271247864	0.0	*
p.Ser870Ter	*	*	*
p.Ser870Thr	0.8205974102020264	0.0	*
p.Ser870Trp	0.17614459991455078	0.0	*
p.Ser870Tyr	0.13171899318695068	0.0	*
p.Ser870Val	0.5595499277114868	0.0	*
p.Ser876=	*	*	*
p.Ser876Ala	0.020525813102722168	0.0	*
p.Ser876Arg	0.0007140040397644043	0.0	*
p.Ser876Asn	0.005793094635009766	0.0	*
p.Ser876Asp	0.0014908909797668457	0.0	*
p.Ser876Cys	0.005257844924926758	0.0	*
p.Ser876Gln	0.003701150417327881	0.0	*
p.Ser876Glu	0.0019020438194274902	0.0	*
p.Ser876Gly	0.01173555850982666	0.0	*
p.Ser876His	0.0028567910194396973	0.0	*
p.Ser876Ile	0.0014543533325195312	0.0	*
p.Ser876Leu	0.00409775972366333	0.0	*
p.Ser876Lys	0.0017705559730529785	0.0	*
p.Ser876Met	0.010799765586853027	0.0	*
p.Ser876Phe	0.000985860824584961	0.0	*
p.Ser876Pro	0.0008048415184020996	0.0	*
p.Ser876Ter	*	*	*
p.Ser876Thr	0.02164846658706665	0.0	*
p.Ser876Trp	0.0020055770874023438	0.0	*
p.Ser876Tyr	0.0012352466583251953	0.0	*
p.Ser876Val	0.01023554801940918	0.0	*
p.Ser882=	*	*	*
p.Ser882Ala	0.7825675010681152	0.0	*
p.Ser882Arg	0.18642789125442505	0.0	*
p.Ser882Asn	0.4809947609901428	0.0	*
p.Ser882Asp	0.2449083924293518	0.0	*
p.Ser882Cys	0.7918531894683838	0.0	*
p.Ser882Gln	0.5365137457847595	0.0	*
p.Ser882Glu	0.4946442246437073	0.0	*
p.Ser882Gly	0.8260617256164551	0.0	*
p.Ser882His	0.5383249521255493	0.0	*
p.Ser882Ile	0.20980101823806763	0.0	*
p.Ser882Leu	0.546790361404419	0.0	*
p.Ser882Lys	0.5773739814758301	0.0	*
p.Ser882Met	0.8337909579277039	0.0	*
p.Ser882Phe	0.4416685104370117	0.0	*
p.Ser882Pro	0.40179914236068726	0.0	*
p.Ser882Ter	*	*	*
p.Ser882Thr	0.9398571252822876	0.0	*
p.Ser882Trp	0.32660120725631714	0.0	*
p.Ser882Tyr	0.21643316745758057	0.0	*
p.Ser882Val	0.8009474277496338	0.0	*
p.Ser909=	*	*	*
p.Ser909Ala	0.0037983059883117676	0.0	*
p.Ser909Arg	0.0008553266525268555	0.0	*
p.Ser909Asn	0.003031432628631592	0.0	*
p.Ser909Asp	0.0010826587677001953	0.0	*
p.Ser909Cys	0.0013908147811889648	0.0	*
p.Ser909Gln	0.0022853612899780273	0.0	*
p.Ser909Glu	0.0010265111923217773	0.0	*
p.Ser909Gly	0.00318986177444458	0.0	*
p.Ser909His	0.0013432502746582031	0.0	*
p.Ser909Ile	0.0005736351013183594	0.0	*
p.Ser909Leu	0.0009843111038208008	0.0	*
p.Ser909Lys	0.0010313987731933594	0.0	*
p.Ser909Met	0.002563774585723877	0.0	*
p.Ser909Phe	0.00043398141860961914	0.0	*
p.Ser909Pro	0.00031948089599609375	0.0	*
p.Ser909Ter	*	*	*
p.Ser909Thr	0.004552781581878662	0.0	*
p.Ser909Trp	0.0006400942802429199	0.0	*
p.Ser909Tyr	0.0006710290908813477	0.0	*
p.Ser909Val	0.002168118953704834	0.0	*
p.Ser921=	*	*	*
p.Ser921Ala	0.012349069118499756	0.0	*
p.Ser921Arg	0.0009548068046569824	0.0	*
p.Ser921Asn	0.0020876526832580566	0.0	*
p.Ser921Asp	0.0014753937721252441	0.0	*
p.Ser921Cys	0.012319445610046387	0.0	*
p.Ser921Gln	0.004136443138122559	0.0	*
p.Ser921Glu	0.0009675025939941406	0.0	*
p.Ser921Gly	0.003781139850616455	0.0	*
p.Ser921His	0.0012664198875427246	0.0	*
p.Ser921Ile	0.0013504624366760254	0.0	*
p.Ser921Leu	0.0018137097358703613	0.0	*
p.Ser921Lys	0.0018235445022583008	0.0	*
p.Ser921Met	0.0038164258003234863	0.0	*
p.Ser921Phe	0.0008357763290405273	0.0	*
p.Ser921Pro	0.0004222989082336426	0.0	*
p.Ser921Ter	*	*	*
p.Ser921Thr	0.014971256256103516	0.0	*
p.Ser921Trp	0.0012377500534057617	0.0	*
p.Ser921Tyr	0.0011862516403198242	0.0	*
p.Ser921Val	0.008144140243530273	0.0	*
p.Ser932=	*	*	*
p.Ser932Ala	0.17598921060562134	0.0	*
p.Ser932Arg	0.006823480129241943	0.0	*
p.Ser932Asn	0.07523804903030396	0.0	*
p.Ser932Asp	0.009784579277038574	0.0	*
p.Ser932Cys	0.12773025035858154	0.0	*
p.Ser932Gln	0.013784825801849365	0.0	*
p.Ser932Glu	0.014218389987945557	0.0	*
p.Ser932Gly	0.13849788904190063	0.0	*
p.Ser932His	0.014086306095123291	0.0	*
p.Ser932Ile	0.008044898509979248	0.0	*
p.Ser932Leu	0.028541088104248047	0.0	*
p.Ser932Lys	0.012623190879821777	0.0	*
p.Ser932Met	0.09689706563949585	0.0	*
p.Ser932Phe	0.00845271348953247	0.0	*
p.Ser932Pro	0.006127476692199707	0.0	*
p.Ser932Ter	*	*	*
p.Ser932Thr	0.11303061246871948	0.0	*
p.Ser932Trp	0.008874118328094482	0.0	*
p.Ser932Tyr	0.009671390056610107	0.0	*
p.Ser932Val	0.056003034114837646	0.0	*
p.Ser962=	*	*	*
p.Ser962Ala	0.9960783123970032	0.0	*
p.Ser962Arg	0.9577310085296631	0.0	*
p.Ser962Asn	0.9920171499252319	0.0	*
p.Ser962Asp	0.9765511155128479	0.0	*
p.Ser962Cys	0.9839856624603271	0.0	*
p.Ser962Gln	0.9622138738632202	0.0	*
p.Ser962Glu	0.9675432443618774	0.0	*
p.Ser962Gly	0.9969664812088013	0.0	*
p.Ser962His	0.967174768447876	0.0	*
p.Ser962Ile	0.8229846954345703	0.0	*
p.Ser962Leu	0.9646447896957397	0.0	*
p.Ser962Lys	0.979672908782959	0.0	*
p.Ser962Met	0.989088237285614	0.0	*
p.Ser962Phe	0.8999899625778198	0.0	*
p.Ser962Pro	0.9399120807647705	0.0	*
p.Ser962Ter	*	*	*
p.Ser962Thr	0.9964694380760193	0.0	*
p.Ser962Trp	0.7761459350585938	0.0	*
p.Ser962Tyr	0.8671454191207886	0.0	*
p.Ser962Val	0.9566779732704163	0.0	*
p.Ser975=	*	*	*
p.Ser975Ala	0.16292816400527954	0.0	*
p.Ser975Arg	0.005860090255737305	0.0	*
p.Ser975Asn	0.03032398223876953	0.0	*
p.Ser975Asp	0.016288578510284424	0.0	*
p.Ser975Cys	0.04796630144119263	0.0	*
p.Ser975Gln	0.013275325298309326	0.0	*
p.Ser975Glu	0.008091628551483154	0.0	*
p.Ser975Gly	0.10518133640289307	0.0	*
p.Ser975His	0.006581306457519531	0.0	*
p.Ser975Ile	0.006742000579833984	0.0	*
p.Ser975Leu	0.02093273401260376	0.0	*
p.Ser975Lys	0.008290708065032959	0.0	*
p.Ser975Met	0.054893314838409424	0.0	*
p.Ser975Phe	0.004931092262268066	0.0	*
p.Ser975Pro	0.0029087066650390625	0.0	*
p.Ser975Ter	*	*	*
p.Ser975Thr	0.13975661993026733	0.0	*
p.Ser975Trp	0.00633549690246582	0.0	*
p.Ser975Tyr	0.006578624248504639	0.0	*
p.Ser975Val	0.07580280303955078	0.0	*
p.Ser986=	*	*	*
p.Ser986Ala	0.002790987491607666	0.0	*
p.Ser986Arg	0.0001685619354248047	0.0	*
p.Ser986Asn	0.0009212493896484375	0.0	*
p.Ser986Asp	7.796287536621094e-05	0.0	*
p.Ser986Cys	0.00025397539138793945	0.0	*
p.Ser986Gln	0.0004601478576660156	0.0	*
p.Ser986Glu	0.00012969970703125	0.0	*
p.Ser986Gly	0.0008222460746765137	0.0	*
p.Ser986His	0.0001672506332397461	0.0	*
p.Ser986Ile	0.00023597478866577148	0.0	*
p.Ser986Leu	0.0004826784133911133	0.0	*
p.Ser986Lys	0.00014698505401611328	0.0	*
p.Ser986Met	0.001304924488067627	0.0	*
p.Ser986Phe	6.759166717529297e-05	0.0	*
p.Ser986Pro	4.220008850097656e-05	0.0	*
p.Ser986Ter	*	*	*
p.Ser986Thr	0.0008248686790466309	0.0	*
p.Ser986Trp	0.00017791986465454102	0.0	*
p.Ser986Tyr	0.00014221668243408203	0.0	*
p.Ser986Val	0.0007621049880981445	0.0	*
p.Thr1023=	*	*	*
p.Thr1023Ala	0.8799868226051331	0.0	*
p.Thr1023Arg	0.09427779912948608	0.0	*
p.Thr1023Asn	0.351851224899292	0.0	*
p.Thr1023Asp	0.028106629848480225	0.0	*
p.Thr1023Cys	0.6446212530136108	0.0	*
p.Thr1023Gln	0.30963295698165894	0.0	*
p.Thr1023Glu	0.022357583045959473	0.0	*
p.Thr1023Gly	0.2583545446395874	0.0	*
p.Thr1023His	0.09801805019378662	0.0	*
p.Thr1023Ile	0.08270859718322754	0.0	*
p.Thr1023Leu	0.1903371810913086	0.0	*
p.Thr1023Lys	0.15438836812973022	0.0	*
p.Thr1023Met	0.5895328521728516	0.0	*
p.Thr1023Phe	0.05744272470474243	0.0	*
p.Thr1023Pro	0.021282613277435303	0.0	*
p.Thr1023Ser	0.9528454542160034	0.0	*
p.Thr1023Ter	*	*	*
p.Thr1023Trp	0.04684537649154663	0.0	*
p.Thr1023Tyr	0.02767503261566162	0.0	*
p.Thr1023Val	0.07781386375427246	0.0	*
p.Thr1029=	*	*	*
p.Thr1029Ala	0.11808192729949951	0.0	*
p.Thr1029Arg	0.005273640155792236	0.0	*
p.Thr1029Asn	0.045969605445861816	0.0	*
p.Thr1029Asp	0.006208240985870361	0.0	*
p.Thr1029Cys	0.011243045330047607	0.0	*
p.Thr1029Gln	0.023801445960998535	0.0	*
p.Thr1029Glu	0.005226790904998779	0.0	*
p.Thr1029Gly	0.015267550945281982	0.0	*
p.Thr1029His	0.015807390213012695	0.0	*
p.Thr1029Ile	0.01480710506439209	0.0	*
p.Thr1029Leu	0.025079727172851562	0.0	*
p.Thr1029Lys	0.020635664463043213	0.0	*
p.Thr1029Met	0.10070401430130005	0.0	*
p.Thr1029Phe	0.008968234062194824	0.0	*
p.Thr1029Pro	0.0020566582679748535	0.0	*
p.Thr1029Ser	0.34142738580703735	0.0	*
p.Thr1029Ter	*	*	*
p.Thr1029Trp	0.005947411060333252	0.0	*
p.Thr1029Tyr	0.008252382278442383	0.0	*
p.Thr1029Val	0.011630058288574219	0.0	*
p.Thr1031=	*	*	*
p.Thr1031Ala	0.1362229585647583	0.0	*
p.Thr1031Arg	0.00863635540008545	0.0	*
p.Thr1031Asn	0.043628573417663574	0.0	*
p.Thr1031Asp	0.012852013111114502	0.0	*
p.Thr1031Cys	0.016302525997161865	0.0	*
p.Thr1031Gln	0.04935246706008911	0.0	*
p.Thr1031Glu	0.010789036750793457	0.0	*
p.Thr1031Gly	0.028198599815368652	0.0	*
p.Thr1031His	0.03450584411621094	0.0	*
p.Thr1031Ile	0.04759889841079712	0.0	*
p.Thr1031Leu	0.04004621505737305	0.0	*
p.Thr1031Lys	0.03979724645614624	0.0	*
p.Thr1031Met	0.15022939443588257	0.0	*
p.Thr1031Phe	0.01459050178527832	0.0	*
p.Thr1031Pro	0.006304681301116943	0.0	*
p.Thr1031Ser	0.5873127579689026	0.0	*
p.Thr1031Ter	*	*	*
p.Thr1031Trp	0.012638211250305176	0.0	*
p.Thr1031Tyr	0.011236310005187988	0.0	*
p.Thr1031Val	0.04725384712219238	0.0	*
p.Thr1033=	*	*	*
p.Thr1033Ala	0.06734496355056763	0.0	*
p.Thr1033Arg	0.016952216625213623	0.0	*
p.Thr1033Asn	0.048642098903656006	0.0	*
p.Thr1033Asp	0.010856211185455322	0.0	*
p.Thr1033Cys	0.015494763851165771	0.0	*
p.Thr1033Gln	0.0231170654296875	0.0	*
p.Thr1033Glu	0.006572365760803223	0.0	*
p.Thr1033Gly	0.017950832843780518	0.0	*
p.Thr1033His	0.01705223321914673	0.0	*
p.Thr1033Ile	0.025200963020324707	0.0	*
p.Thr1033Leu	0.02582794427871704	0.0	*
p.Thr1033Lys	0.01801013946533203	0.0	*
p.Thr1033Met	0.10332328081130981	0.0	*
p.Thr1033Phe	0.009344875812530518	0.0	*
p.Thr1033Pro	0.0037730932235717773	0.0	*
p.Thr1033Ser	0.23933887481689453	0.0	*
p.Thr1033Ter	*	*	*
p.Thr1033Trp	0.008746564388275146	0.0	*
p.Thr1033Tyr	0.010981321334838867	0.0	*
p.Thr1033Val	0.035847604274749756	0.0	*
p.Thr1050=	*	*	*
p.Thr1050Ala	0.3060253858566284	0.0	*
p.Thr1050Arg	0.1757538914680481	0.0	*
p.Thr1050Asn	0.510981559753418	0.0	*
p.Thr1050Asp	0.09706699848175049	0.0	*
p.Thr1050Cys	0.015881061553955078	0.0	*
p.Thr1050Gln	0.13108420372009277	0.0	*
p.Thr1050Glu	0.09844940900802612	0.0	*
p.Thr1050Gly	0.04088848829269409	0.0	*
p.Thr1050His	0.11020255088806152	0.0	*
p.Thr1050Ile	0.11958593130111694	0.0	*
p.Thr1050Leu	0.11822694540023804	0.0	*
p.Thr1050Lys	0.12231582403182983	0.0	*
p.Thr1050Met	0.28469669818878174	0.0	*
p.Thr1050Phe	0.058062613010406494	0.0	*
p.Thr1050Pro	0.1084241271018982	0.0	*
p.Thr1050Ser	0.7844840884208679	0.0	*
p.Thr1050Ter	*	*	*
p.Thr1050Trp	0.02547931671142578	0.0	*
p.Thr1050Tyr	0.0540773868560791	0.0	*
p.Thr1050Val	0.061021268367767334	0.0	*
p.Thr1062=	*	*	*
p.Thr1062Ala	0.001427292823791504	0.0	*
p.Thr1062Arg	0.0001685619354248047	0.0	*
p.Thr1062Asn	0.0007186532020568848	0.0	*
p.Thr1062Asp	0.00016808509826660156	0.0	*
p.Thr1062Cys	0.0003262758255004883	0.0	*
p.Thr1062Gln	0.0006319880485534668	0.0	*
p.Thr1062Glu	0.00014150142669677734	0.0	*
p.Thr1062Gly	0.0005297064781188965	0.0	*
p.Thr1062His	0.00029724836349487305	0.0	*
p.Thr1062Ile	0.00033926963806152344	0.0	*
p.Thr1062Leu	0.00035572052001953125	0.0	*
p.Thr1062Lys	0.00019854307174682617	0.0	*
p.Thr1062Met	0.0006378293037414551	0.0	*
p.Thr1062Phe	0.00010561943054199219	0.0	*
p.Thr1062Pro	6.723403930664062e-05	0.0	*
p.Thr1062Ser	0.02185612916946411	0.0	*
p.Thr1062Ter	*	*	*
p.Thr1062Trp	0.00022238492965698242	0.0	*
p.Thr1062Tyr	0.00014388561248779297	0.0	*
p.Thr1062Val	0.0005432963371276855	0.0	*
p.Thr1076=	*	*	*
p.Thr1076Ala	0.011435985565185547	0.0	*
p.Thr1076Arg	0.0006677508354187012	0.0	*
p.Thr1076Asn	0.004504084587097168	0.0	*
p.Thr1076Asp	0.0006773471832275391	0.0	*
p.Thr1076Cys	0.0002816319465637207	0.0	*
p.Thr1076Gln	0.0013757944107055664	0.0	*
p.Thr1076Glu	0.0004602670669555664	0.0	*
p.Thr1076Gly	0.0012345314025878906	0.0	*
p.Thr1076His	0.0009285211563110352	0.0	*
p.Thr1076Ile	0.0018553733825683594	0.0	*
p.Thr1076Leu	0.0009966492652893066	0.0	*
p.Thr1076Lys	0.0006045103073120117	0.0	*
p.Thr1076Met	0.0024820566177368164	0.0	*
p.Thr1076Phe	0.0004356503486633301	0.0	*
p.Thr1076Pro	0.00033926963806152344	0.0	*
p.Thr1076Ser	0.015255510807037354	0.0	*
p.Thr1076Ter	*	*	*
p.Thr1076Trp	0.0005349516868591309	0.0	*
p.Thr1076Tyr	0.0005260109901428223	0.0	*
p.Thr1076Val	0.0017107129096984863	0.0	*
p.Thr1085=	*	*	*
p.Thr1085Ala	0.007977962493896484	0.0	*
p.Thr1085Arg	0.0017524957656860352	0.0	*
p.Thr1085Asn	0.010145843029022217	0.0	*
p.Thr1085Asp	0.0017747282981872559	0.0	*
p.Thr1085Cys	0.0007200837135314941	0.0	*
p.Thr1085Gln	0.007363796234130859	0.0	*
p.Thr1085Glu	0.0018674731254577637	0.0	*
p.Thr1085Gly	0.0024026036262512207	0.0	*
p.Thr1085His	0.0030455589294433594	0.0	*
p.Thr1085Ile	0.003992199897766113	0.0	*
p.Thr1085Leu	0.005821347236633301	0.0	*
p.Thr1085Lys	0.0039051175117492676	0.0	*
p.Thr1085Met	0.011668503284454346	0.0	*
p.Thr1085Phe	0.0018172264099121094	0.0	*
p.Thr1085Pro	0.0019565820693969727	0.0	*
p.Thr1085Ser	0.10146480798721313	0.0	*
p.Thr1085Ter	*	*	*
p.Thr1085Trp	0.00191497802734375	0.0	*
p.Thr1085Tyr	0.001603543758392334	0.0	*
p.Thr1085Val	0.006489098072052002	0.0	*
p.Thr1087=	*	*	*
p.Thr1087Ala	0.0013646483421325684	0.0	*
p.Thr1087Arg	0.00046765804290771484	0.0	*
p.Thr1087Asn	0.0008677840232849121	0.0	*
p.Thr1087Asp	0.00042754411697387695	0.0	*
p.Thr1087Cys	4.3272972106933594e-05	0.0	*
p.Thr1087Gln	0.0019395947456359863	0.0	*
p.Thr1087Glu	0.0004532933235168457	0.0	*
p.Thr1087Gly	0.00019544363021850586	0.0	*
p.Thr1087His	0.0008261799812316895	0.0	*
p.Thr1087Ile	0.0006489157676696777	0.0	*
p.Thr1087Leu	0.0008199810981750488	0.0	*
p.Thr1087Lys	0.000903010368347168	0.0	*
p.Thr1087Met	0.0010762810707092285	0.0	*
p.Thr1087Phe	0.00025016069412231445	0.0	*
p.Thr1087Pro	0.00020748376846313477	0.0	*
p.Thr1087Ser	0.006960153579711914	0.0	*
p.Thr1087Ter	*	*	*
p.Thr1087Trp	0.00018030405044555664	0.0	*
p.Thr1087Tyr	0.0002880692481994629	0.0	*
p.Thr1087Val	0.0008481740951538086	0.0	*
p.Thr1092=	*	*	*
p.Thr1092Ala	0.0004945993423461914	0.0	*
p.Thr1092Arg	0.00010085105895996094	0.0	*
p.Thr1092Asn	0.00016629695892333984	0.0	*
p.Thr1092Asp	0.00012564659118652344	0.0	*
p.Thr1092Cys	4.9233436584472656e-05	0.0	*
p.Thr1092Gln	0.00042313337326049805	0.0	*
p.Thr1092Glu	0.00013554096221923828	0.0	*
p.Thr1092Gly	0.00035190582275390625	0.0	*
p.Thr1092His	0.00040596723556518555	0.0	*
p.Thr1092Ile	0.00024694204330444336	0.0	*
p.Thr1092Leu	0.0003604888916015625	0.0	*
p.Thr1092Lys	0.00015044212341308594	0.0	*
p.Thr1092Met	0.00039190053939819336	0.0	*
p.Thr1092Phe	9.66787338256836e-05	0.0	*
p.Thr1092Pro	5.5789947509765625e-05	0.0	*
p.Thr1092Ser	0.0017099976539611816	0.0	*
p.Thr1092Ter	*	*	*
p.Thr1092Trp	0.00013184547424316406	0.0	*
p.Thr1092Tyr	9.930133819580078e-05	0.0	*
p.Thr1092Val	0.00042110681533813477	0.0	*
p.Thr1143=	*	*	*
p.Thr1143Ala	0.9152876734733582	0.0	*
p.Thr1143Arg	0.6134281158447266	0.0	*
p.Thr1143Asn	0.931822657585144	0.0	*
p.Thr1143Asp	0.7355090379714966	0.0	*
p.Thr1143Cys	0.563872218132019	0.0	*
p.Thr1143Gln	0.6940242648124695	0.0	*
p.Thr1143Glu	0.71715247631073	0.0	*
p.Thr1143Gly	0.5098645687103271	0.0	*
p.Thr1143His	0.7523490190505981	0.0	*
p.Thr1143Ile	0.6605863571166992	0.0	*
p.Thr1143Leu	0.7647614479064941	0.0	*
p.Thr1143Lys	0.6297438144683838	0.0	*
p.Thr1143Met	0.8598020076751709	0.0	*
p.Thr1143Phe	0.3790159225463867	0.0	*
p.Thr1143Pro	0.6960386037826538	0.0	*
p.Thr1143Ser	0.9662728309631348	0.0	*
p.Thr1143Ter	*	*	*
p.Thr1143Trp	0.525173544883728	0.0	*
p.Thr1143Tyr	0.4241706132888794	0.0	*
p.Thr1143Val	0.6768354177474976	0.0	*
p.Thr1160=	*	*	*
p.Thr1160Ala	0.3301416039466858	0.0	*
p.Thr1160Arg	0.07248836755752563	0.0	*
p.Thr1160Asn	0.37120991945266724	0.0	*
p.Thr1160Asp	0.06214022636413574	0.0	*
p.Thr1160Cys	0.03886210918426514	0.0	*
p.Thr1160Gln	0.2544112205505371	0.0	*
p.Thr1160Glu	0.04365915060043335	0.0	*
p.Thr1160Gly	0.1738983392715454	0.0	*
p.Thr1160His	0.11335599422454834	0.0	*
p.Thr1160Ile	0.1123650074005127	0.0	*
p.Thr1160Leu	0.20864415168762207	0.0	*
p.Thr1160Lys	0.12091279029846191	0.0	*
p.Thr1160Met	0.42285215854644775	0.0	*
p.Thr1160Phe	0.03926163911819458	0.0	*
p.Thr1160Pro	0.016490161418914795	0.0	*
p.Thr1160Ser	0.6825096607208252	0.0	*
p.Thr1160Ter	*	*	*
p.Thr1160Trp	0.045212745666503906	0.0	*
p.Thr1160Tyr	0.04515713453292847	0.0	*
p.Thr1160Val	0.07593756914138794	0.0	*
p.Thr1170=	*	*	*
p.Thr1170Ala	0.006763279438018799	0.0	*
p.Thr1170Arg	0.0051097869873046875	0.0	*
p.Thr1170Asn	0.013930439949035645	0.0	*
p.Thr1170Asp	0.0016761422157287598	0.0	*
p.Thr1170Cys	0.002615988254547119	0.0	*
p.Thr1170Gln	0.005142569541931152	0.0	*
p.Thr1170Glu	0.0018546581268310547	0.0	*
p.Thr1170Gly	0.002993643283843994	0.0	*
p.Thr1170His	0.002400815486907959	0.0	*
p.Thr1170Ile	0.003795325756072998	0.0	*
p.Thr1170Leu	0.005347609519958496	0.0	*
p.Thr1170Lys	0.002680957317352295	0.0	*
p.Thr1170Met	0.01378011703491211	0.0	*
p.Thr1170Phe	0.0018736720085144043	0.0	*
p.Thr1170Pro	0.0006918907165527344	0.0	*
p.Thr1170Ser	0.07118260860443115	0.0	*
p.Thr1170Ter	*	*	*
p.Thr1170Trp	0.0022133588790893555	0.0	*
p.Thr1170Tyr	0.0031121373176574707	0.0	*
p.Thr1170Val	0.0036376118659973145	0.0	*
p.Thr1178=	*	*	*
p.Thr1178Ala	0.022691309452056885	0.0	*
p.Thr1178Arg	0.002306640148162842	0.0	*
p.Thr1178Asn	0.006286799907684326	0.0	*
p.Thr1178Asp	0.0007698535919189453	0.0	*
p.Thr1178Cys	0.003325223922729492	0.0	*
p.Thr1178Gln	0.0048111677169799805	0.0	*
p.Thr1178Glu	0.001186370849609375	0.0	*
p.Thr1178Gly	0.0030893683433532715	0.0	*
p.Thr1178His	0.002322971820831299	0.0	*
p.Thr1178Ile	0.0029298067092895508	0.0	*
p.Thr1178Leu	0.0046225786209106445	0.0	*
p.Thr1178Lys	0.00251692533493042	0.0	*
p.Thr1178Met	0.011834144592285156	0.0	*
p.Thr1178Phe	0.0010491609573364258	0.0	*
p.Thr1178Pro	0.0006794929504394531	0.0	*
p.Thr1178Ser	0.07219970226287842	0.0	*
p.Thr1178Ter	*	*	*
p.Thr1178Trp	0.001986265182495117	0.0	*
p.Thr1178Tyr	0.001287698745727539	0.0	*
p.Thr1178Val	0.006125509738922119	0.0	*
p.Thr1208=	*	*	*
p.Thr1208Ala	0.047273218631744385	0.0	*
p.Thr1208Arg	0.012264668941497803	0.0	*
p.Thr1208Asn	0.0512424111366272	0.0	*
p.Thr1208Asp	0.006519436836242676	0.0	*
p.Thr1208Cys	0.02787381410598755	0.0	*
p.Thr1208Gln	0.030412733554840088	0.0	*
p.Thr1208Glu	0.007944881916046143	0.0	*
p.Thr1208Gly	0.02080005407333374	0.0	*
p.Thr1208His	0.025126934051513672	0.0	*
p.Thr1208Ile	0.02132326364517212	0.0	*
p.Thr1208Leu	0.022672176361083984	0.0	*
p.Thr1208Lys	0.0177038311958313	0.0	*
p.Thr1208Met	0.09546875953674316	0.0	*
p.Thr1208Phe	0.009062051773071289	0.0	*
p.Thr1208Pro	0.002766907215118408	0.0	*
p.Thr1208Ser	0.29702097177505493	0.0	*
p.Thr1208Ter	*	*	*
p.Thr1208Trp	0.011104345321655273	0.0	*
p.Thr1208Tyr	0.00947636365890503	0.0	*
p.Thr1208Val	0.03529965877532959	0.0	*
p.Thr1220=	*	*	*
p.Thr1220Ala	0.0009891986846923828	0.0	*
p.Thr1220Arg	6.318092346191406e-05	0.0	*
p.Thr1220Asn	0.00041228532791137695	0.0	*
p.Thr1220Asp	7.212162017822266e-05	0.0	*
p.Thr1220Cys	0.0003647804260253906	0.0	*
p.Thr1220Gln	0.0003069639205932617	0.0	*
p.Thr1220Glu	9.453296661376953e-05	0.0	*
p.Thr1220Gly	0.0002728104591369629	0.0	*
p.Thr1220His	0.00016105175018310547	0.0	*
p.Thr1220Ile	0.00021344423294067383	0.0	*
p.Thr1220Leu	0.0002352595329284668	0.0	*
p.Thr1220Lys	0.00015604496002197266	0.0	*
p.Thr1220Met	0.00045669078826904297	0.0	*
p.Thr1220Phe	0.0001533031463623047	0.0	*
p.Thr1220Pro	7.092952728271484e-05	0.0	*
p.Thr1220Ser	0.0014206171035766602	0.0	*
p.Thr1220Ter	*	*	*
p.Thr1220Trp	0.00013530254364013672	0.0	*
p.Thr1220Tyr	0.00018733739852905273	0.0	*
p.Thr1220Val	0.0006659626960754395	0.0	*
p.Thr1226=	*	*	*
p.Thr1226Ala	0.0032059550285339355	0.0	*
p.Thr1226Arg	0.00032019615173339844	0.0	*
p.Thr1226Asn	0.0016161203384399414	0.0	*
p.Thr1226Asp	0.0001767277717590332	0.0	*
p.Thr1226Cys	0.00022476911544799805	0.0	*
p.Thr1226Gln	0.0007122159004211426	0.0	*
p.Thr1226Glu	0.00023502111434936523	0.0	*
p.Thr1226Gly	0.00043147802352905273	0.0	*
p.Thr1226His	0.0002524256706237793	0.0	*
p.Thr1226Ile	0.0006286501884460449	0.0	*
p.Thr1226Leu	0.0008428096771240234	0.0	*
p.Thr1226Lys	0.0005605816841125488	0.0	*
p.Thr1226Met	0.0016571283340454102	0.0	*
p.Thr1226Phe	0.00027364492416381836	0.0	*
p.Thr1226Pro	0.00010764598846435547	0.0	*
p.Thr1226Ser	0.007973968982696533	0.0	*
p.Thr1226Ter	*	*	*
p.Thr1226Trp	0.0002930760383605957	0.0	*
p.Thr1226Tyr	0.0003597736358642578	0.0	*
p.Thr1226Val	0.0007279515266418457	0.0	*
p.Thr1232=	*	*	*
p.Thr1232Ala	0.006260871887207031	0.0	*
p.Thr1232Arg	0.0011702179908752441	0.0	*
p.Thr1232Asn	0.003654658794403076	0.0	*
p.Thr1232Asp	0.0008653998374938965	0.0	*
p.Thr1232Cys	0.0012735724449157715	0.0	*
p.Thr1232Gln	0.003938734531402588	0.0	*
p.Thr1232Glu	0.0006188154220581055	0.0	*
p.Thr1232Gly	0.0016216039657592773	0.0	*
p.Thr1232His	0.0019922852516174316	0.0	*
p.Thr1232Ile	0.0012352466583251953	0.0	*
p.Thr1232Leu	0.0022820234298706055	0.0	*
p.Thr1232Lys	0.0017009377479553223	0.0	*
p.Thr1232Met	0.008603036403656006	0.0	*
p.Thr1232Phe	0.0017805695533752441	0.0	*
p.Thr1232Pro	0.00035393238067626953	0.0	*
p.Thr1232Ser	0.03186994791030884	0.0	*
p.Thr1232Ter	*	*	*
p.Thr1232Trp	0.0018578767776489258	0.0	*
p.Thr1232Tyr	0.0020223259925842285	0.0	*
p.Thr1232Val	0.008364200592041016	0.0	*
p.Thr1286=	*	*	*
p.Thr1286Ala	0.005546152591705322	0.0	*
p.Thr1286Arg	0.0016353726387023926	0.0	*
p.Thr1286Asn	0.00376129150390625	0.0	*
p.Thr1286Asp	0.0023605823516845703	0.0	*
p.Thr1286Cys	0.00390017032623291	0.0	*
p.Thr1286Gln	0.00382918119430542	0.0	*
p.Thr1286Glu	0.0008807778358459473	0.0	*
p.Thr1286Gly	0.003224194049835205	0.0	*
p.Thr1286His	0.002788364887237549	0.0	*
p.Thr1286Ile	0.004590809345245361	0.0	*
p.Thr1286Leu	0.0029445886611938477	0.0	*
p.Thr1286Lys	0.0034169554710388184	0.0	*
p.Thr1286Met	0.007727861404418945	0.0	*
p.Thr1286Phe	0.002191603183746338	0.0	*
p.Thr1286Pro	0.0014525055885314941	0.0	*
p.Thr1286Ser	0.05442929267883301	0.0	*
p.Thr1286Ter	*	*	*
p.Thr1286Trp	0.0025998353958129883	0.0	*
p.Thr1286Tyr	0.0016058087348937988	0.0	*
p.Thr1286Val	0.006764113903045654	0.0	*
p.Thr1288=	*	*	*
p.Thr1288Ala	0.0018072724342346191	0.0	*
p.Thr1288Arg	0.0008600950241088867	0.0	*
p.Thr1288Asn	0.002792179584503174	0.0	*
p.Thr1288Asp	0.0005052089691162109	0.0	*
p.Thr1288Cys	0.0010550618171691895	0.0	*
p.Thr1288Gln	0.0015774965286254883	0.0	*
p.Thr1288Glu	0.0003685951232910156	0.0	*
p.Thr1288Gly	0.0011066794395446777	0.0	*
p.Thr1288His	0.0015031099319458008	0.0	*
p.Thr1288Ile	0.001562654972076416	0.0	*
p.Thr1288Leu	0.0012179017066955566	0.0	*
p.Thr1288Lys	0.0013586878776550293	0.0	*
p.Thr1288Met	0.003021240234375	0.0	*
p.Thr1288Phe	0.0005634427070617676	0.0	*
p.Thr1288Pro	0.0005779266357421875	0.0	*
p.Thr1288Ser	0.01164168119430542	0.0	*
p.Thr1288Ter	*	*	*
p.Thr1288Trp	0.0008453130722045898	0.0	*
p.Thr1288Tyr	0.0005707144737243652	0.0	*
p.Thr1288Val	0.001999080181121826	0.0	*
p.Thr1317=	*	*	*
p.Thr1317Ala	0.03587430715560913	0.0	*
p.Thr1317Arg	0.005147755146026611	0.0	*
p.Thr1317Asn	0.02079838514328003	0.0	*
p.Thr1317Asp	0.0025538206100463867	0.0	*
p.Thr1317Cys	0.008780181407928467	0.0	*
p.Thr1317Gln	0.008060157299041748	0.0	*
p.Thr1317Glu	0.002192080020904541	0.0	*
p.Thr1317Gly	0.006782233715057373	0.0	*
p.Thr1317His	0.004814207553863525	0.0	*
p.Thr1317Ile	0.014344990253448486	0.0	*
p.Thr1317Leu	0.012564539909362793	0.0	*
p.Thr1317Lys	0.007262051105499268	0.0	*
p.Thr1317Met	0.031014442443847656	0.0	*
p.Thr1317Phe	0.004708528518676758	0.0	*
p.Thr1317Pro	0.0012221932411193848	0.0	*
p.Thr1317Ser	0.1219605803489685	0.0	*
p.Thr1317Ter	*	*	*
p.Thr1317Trp	0.0046392083168029785	0.0	*
p.Thr1317Tyr	0.005938827991485596	0.0	*
p.Thr1317Val	0.014274358749389648	0.0	*
p.Thr1396=	*	*	*
p.Thr1396Ala	0.9995556473731995	0.0	*
p.Thr1396Arg	0.9949117302894592	0.0	*
p.Thr1396Asn	0.9991654753684998	0.0	*
p.Thr1396Asp	0.9919779896736145	0.0	*
p.Thr1396Cys	0.9920868277549744	0.0	*
p.Thr1396Gln	0.9983900785446167	0.0	*
p.Thr1396Glu	0.9903296232223511	0.0	*
p.Thr1396Gly	0.9925088882446289	0.0	*
p.Thr1396His	0.9988769292831421	0.0	*
p.Thr1396Ile	0.9938308596611023	0.0	*
p.Thr1396Leu	0.9982027411460876	0.0	*
p.Thr1396Lys	0.9979304075241089	0.0	*
p.Thr1396Met	0.9997366070747375	0.0	*
p.Thr1396Phe	0.9898682832717896	0.0	*
p.Thr1396Pro	0.9830309748649597	0.0	*
p.Thr1396Ser	0.9999167323112488	0.0	*
p.Thr1396Ter	*	*	*
p.Thr1396Trp	0.9861544370651245	0.0	*
p.Thr1396Tyr	0.9812103509902954	0.0	*
p.Thr1396Val	0.9893849492073059	0.0	*
p.Thr1417=	*	*	*
p.Thr1417Ala	0.9983030557632446	0.0	*
p.Thr1417Arg	0.9958941340446472	0.0	*
p.Thr1417Asn	0.9991539716720581	0.0	*
p.Thr1417Asp	0.9972866773605347	0.0	*
p.Thr1417Cys	0.9902754426002502	0.0	*
p.Thr1417Gln	0.9954805970191956	0.0	*
p.Thr1417Glu	0.9963164329528809	0.0	*
p.Thr1417Gly	0.9968243837356567	0.0	*
p.Thr1417His	0.9979156851768494	0.0	*
p.Thr1417Ile	0.993958055973053	0.0	*
p.Thr1417Leu	0.996857762336731	0.0	*
p.Thr1417Lys	0.9958631992340088	0.0	*
p.Thr1417Met	0.9988937377929688	0.0	*
p.Thr1417Phe	0.9907086491584778	0.0	*
p.Thr1417Pro	0.9984174370765686	0.0	*
p.Thr1417Ser	0.9997419714927673	0.0	*
p.Thr1417Ter	*	*	*
p.Thr1417Trp	0.9885042905807495	0.0	*
p.Thr1417Tyr	0.990882396697998	0.0	*
p.Thr1417Val	0.992427408695221	0.0	*
p.Thr1434=	*	*	*
p.Thr1434Ala	0.8164383769035339	0.0	*
p.Thr1434Arg	0.49227315187454224	0.0	*
p.Thr1434Asn	0.888389527797699	0.0	*
p.Thr1434Asp	0.5646435618400574	0.0	*
p.Thr1434Cys	0.27213895320892334	0.0	*
p.Thr1434Gln	0.7012753486633301	0.0	*
p.Thr1434Glu	0.49714893102645874	0.0	*
p.Thr1434Gly	0.5966204404830933	0.0	*
p.Thr1434His	0.7729607820510864	0.0	*
p.Thr1434Ile	0.5653983354568481	0.0	*
p.Thr1434Leu	0.7580853700637817	0.0	*
p.Thr1434Lys	0.565585196018219	0.0	*
p.Thr1434Met	0.8839530944824219	0.0	*
p.Thr1434Phe	0.3568660616874695	0.0	*
p.Thr1434Pro	0.35595130920410156	0.0	*
p.Thr1434Ser	0.9618098139762878	0.0	*
p.Thr1434Ter	*	*	*
p.Thr1434Trp	0.4128293991088867	0.0	*
p.Thr1434Tyr	0.32469940185546875	0.0	*
p.Thr1434Val	0.525801956653595	0.0	*
p.Thr737=	*	*	*
p.Thr737Ala	0.9706335067749023	0.0	*
p.Thr737Arg	0.1864120364189148	0.0	*
p.Thr737Asn	0.8328211307525635	0.0	*
p.Thr737Asp	0.24950706958770752	0.0	*
p.Thr737Cys	0.8192392587661743	0.0	*
p.Thr737Gln	0.7227159142494202	0.0	*
p.Thr737Glu	0.38736093044281006	0.0	*
p.Thr737Gly	0.8124492168426514	0.0	*
p.Thr737His	0.7436289191246033	0.0	*
p.Thr737Ile	0.5086208581924438	0.0	*
p.Thr737Leu	0.729833722114563	0.0	*
p.Thr737Lys	0.5360091924667358	0.0	*
p.Thr737Met	0.9580127596855164	0.0	*
p.Thr737Phe	0.4915509819984436	0.0	*
p.Thr737Pro	0.11493676900863647	0.0	*
p.Thr737Ser	0.989219605922699	0.0	*
p.Thr737Ter	*	*	*
p.Thr737Trp	0.37456732988357544	0.0	*
p.Thr737Tyr	0.2826346755027771	0.0	*
p.Thr737Val	0.7478393316268921	0.0	*
p.Thr762=	*	*	*
p.Thr762Ala	0.017106950283050537	0.0	*
p.Thr762Arg	0.00507199764251709	0.0	*
p.Thr762Asn	0.019678831100463867	0.0	*
p.Thr762Asp	0.002108633518218994	0.0	*
p.Thr762Cys	0.009472131729125977	0.0	*
p.Thr762Gln	0.007378339767456055	0.0	*
p.Thr762Glu	0.004591524600982666	0.0	*
p.Thr762Gly	0.008096516132354736	0.0	*
p.Thr762His	0.005221843719482422	0.0	*
p.Thr762Ile	0.00959235429763794	0.0	*
p.Thr762Leu	0.010668158531188965	0.0	*
p.Thr762Lys	0.0035659074783325195	0.0	*
p.Thr762Met	0.026105046272277832	0.0	*
p.Thr762Phe	0.003407418727874756	0.0	*
p.Thr762Pro	0.0035172700881958008	0.0	*
p.Thr762Ser	0.07856082916259766	0.0	*
p.Thr762Ter	*	*	*
p.Thr762Trp	0.004981875419616699	0.0	*
p.Thr762Tyr	0.004752695560455322	0.0	*
p.Thr762Val	0.02084946632385254	0.0	*
p.Thr766=	*	*	*
p.Thr766Ala	0.0014712810516357422	0.0	*
p.Thr766Arg	0.00010716915130615234	0.0	*
p.Thr766Asn	0.0006306767463684082	0.0	*
p.Thr766Asp	0.00017249584197998047	0.0	*
p.Thr766Cys	6.306171417236328e-05	0.0	*
p.Thr766Gln	0.00024360418319702148	0.0	*
p.Thr766Glu	8.213520050048828e-05	0.0	*
p.Thr766Gly	0.0004013180732727051	0.0	*
p.Thr766His	0.00012063980102539062	0.0	*
p.Thr766Ile	0.00025075674057006836	0.0	*
p.Thr766Leu	0.00036144256591796875	0.0	*
p.Thr766Lys	0.00017696619033813477	0.0	*
p.Thr766Met	0.0006006956100463867	0.0	*
p.Thr766Phe	0.00017434358596801758	0.0	*
p.Thr766Pro	7.43865966796875e-05	0.0	*
p.Thr766Ser	0.005639493465423584	0.0	*
p.Thr766Ter	*	*	*
p.Thr766Trp	0.00011622905731201172	0.0	*
p.Thr766Tyr	0.00023978948593139648	0.0	*
p.Thr766Val	0.00039261579513549805	0.0	*
p.Thr788=	*	*	*
p.Thr788Ala	0.26473623514175415	0.0	*
p.Thr788Arg	0.040013015270233154	0.0	*
p.Thr788Asn	0.13717252016067505	0.0	*
p.Thr788Asp	0.026020824909210205	0.0	*
p.Thr788Cys	0.031184732913970947	0.0	*
p.Thr788Gln	0.05756622552871704	0.0	*
p.Thr788Glu	0.02092134952545166	0.0	*
p.Thr788Gly	0.03278392553329468	0.0	*
p.Thr788His	0.018719136714935303	0.0	*
p.Thr788Ile	0.0262911319732666	0.0	*
p.Thr788Leu	0.0469287633895874	0.0	*
p.Thr788Lys	0.047665178775787354	0.0	*
p.Thr788Met	0.10555803775787354	0.0	*
p.Thr788Phe	0.01263725757598877	0.0	*
p.Thr788Pro	0.006428122520446777	0.0	*
p.Thr788Ser	0.7122927904129028	0.0	*
p.Thr788Ter	*	*	*
p.Thr788Trp	0.013859987258911133	0.0	*
p.Thr788Tyr	0.01575535535812378	0.0	*
p.Thr788Val	0.025844275951385498	0.0	*
p.Thr801=	*	*	*
p.Thr801Ala	0.6501583456993103	0.0	*
p.Thr801Arg	0.2523231506347656	0.0	*
p.Thr801Asn	0.6971698999404907	0.0	*
p.Thr801Asp	0.15869063138961792	0.0	*
p.Thr801Cys	0.21388065814971924	0.0	*
p.Thr801Gln	0.514319658279419	0.0	*
p.Thr801Glu	0.1895633339881897	0.0	*
p.Thr801Gly	0.289234459400177	0.0	*
p.Thr801His	0.4373859763145447	0.0	*
p.Thr801Ile	0.3243914842605591	0.0	*
p.Thr801Leu	0.5365174412727356	0.0	*
p.Thr801Lys	0.3436696529388428	0.0	*
p.Thr801Met	0.7898106575012207	0.0	*
p.Thr801Phe	0.18774539232254028	0.0	*
p.Thr801Pro	0.06538081169128418	0.0	*
p.Thr801Ser	0.8678121566772461	0.0	*
p.Thr801Ter	*	*	*
p.Thr801Trp	0.19336354732513428	0.0	*
p.Thr801Tyr	0.19892627000808716	0.0	*
p.Thr801Val	0.40291839838027954	0.0	*
p.Thr804=	*	*	*
p.Thr804Ala	0.4118180274963379	0.0	*
p.Thr804Arg	0.07595634460449219	0.0	*
p.Thr804Asn	0.3893483877182007	0.0	*
p.Thr804Asp	0.03723800182342529	0.0	*
p.Thr804Cys	0.08948326110839844	0.0	*
p.Thr804Gln	0.12273997068405151	0.0	*
p.Thr804Glu	0.05956244468688965	0.0	*
p.Thr804Gly	0.10081475973129272	0.0	*
p.Thr804His	0.12027841806411743	0.0	*
p.Thr804Ile	0.14946675300598145	0.0	*
p.Thr804Leu	0.17290478944778442	0.0	*
p.Thr804Lys	0.11745423078536987	0.0	*
p.Thr804Met	0.4241573214530945	0.0	*
p.Thr804Phe	0.06054520606994629	0.0	*
p.Thr804Pro	0.013830780982971191	0.0	*
p.Thr804Ser	0.6900656223297119	0.0	*
p.Thr804Ter	*	*	*
p.Thr804Trp	0.05534255504608154	0.0	*
p.Thr804Tyr	0.057025134563446045	0.0	*
p.Thr804Val	0.11783570051193237	0.0	*
p.Thr807=	*	*	*
p.Thr807Ala	0.2041229009628296	0.0	*
p.Thr807Arg	0.08902710676193237	0.0	*
p.Thr807Asn	0.20106083154678345	0.0	*
p.Thr807Asp	0.04000592231750488	0.0	*
p.Thr807Cys	0.017330169677734375	0.0	*
p.Thr807Gln	0.13311749696731567	0.0	*
p.Thr807Glu	0.05690896511077881	0.0	*
p.Thr807Gly	0.06969237327575684	0.0	*
p.Thr807His	0.08386552333831787	0.0	*
p.Thr807Ile	0.03623354434967041	0.0	*
p.Thr807Leu	0.06900286674499512	0.0	*
p.Thr807Lys	0.07745563983917236	0.0	*
p.Thr807Met	0.20866340398788452	0.0	*
p.Thr807Phe	0.029560506343841553	0.0	*
p.Thr807Pro	0.012544512748718262	0.0	*
p.Thr807Ser	0.7333561182022095	0.0	*
p.Thr807Ter	*	*	*
p.Thr807Trp	0.023396968841552734	0.0	*
p.Thr807Tyr	0.03594684600830078	0.0	*
p.Thr807Val	0.11186796426773071	0.0	*
p.Thr850=	*	*	*
p.Thr850Ala	0.22264492511749268	0.0	*
p.Thr850Arg	0.05557495355606079	0.0	*
p.Thr850Asn	0.2453213334083557	0.0	*
p.Thr850Asp	0.10653150081634521	0.0	*
p.Thr850Cys	0.06379818916320801	0.0	*
p.Thr850Gln	0.10612761974334717	0.0	*
p.Thr850Glu	0.035580217838287354	0.0	*
p.Thr850Gly	0.11658674478530884	0.0	*
p.Thr850His	0.08984559774398804	0.0	*
p.Thr850Ile	0.07714337110519409	0.0	*
p.Thr850Leu	0.12203222513198853	0.0	*
p.Thr850Met	0.30707913637161255	0.0	*
p.Thr850Phe	0.05310523509979248	0.0	*
p.Thr850Pro	0.05655205249786377	0.0	*
p.Thr850Ser	0.613477349281311	0.0	*
p.Thr850Ter	*	*	*
p.Thr850Trp	0.04180711507797241	0.0	*
p.Thr850Tyr	0.05058926343917847	0.0	*
p.Thr850Val	0.08523839712142944	0.0	*
p.Thr858=	*	*	*
p.Thr858Ala	0.03709983825683594	0.0	*
p.Thr858Arg	0.0041138529777526855	0.0	*
p.Thr858Asn	0.01895672082901001	0.0	*
p.Thr858Asp	0.008868157863616943	0.0	*
p.Thr858Cys	0.014204978942871094	0.0	*
p.Thr858Gln	0.013172388076782227	0.0	*
p.Thr858Glu	0.004989981651306152	0.0	*
p.Thr858Gly	0.020525097846984863	0.0	*
p.Thr858His	0.01237422227859497	0.0	*
p.Thr858Ile	0.010202884674072266	0.0	*
p.Thr858Leu	0.015187978744506836	0.0	*
p.Thr858Lys	0.011219978332519531	0.0	*
p.Thr858Met	0.02851736545562744	0.0	*
p.Thr858Phe	0.007672369480133057	0.0	*
p.Thr858Pro	0.0027382373809814453	0.0	*
p.Thr858Ser	0.13924700021743774	0.0	*
p.Thr858Ter	*	*	*
p.Thr858Trp	0.00671309232711792	0.0	*
p.Thr858Tyr	0.007374107837677002	0.0	*
p.Thr858Val	0.026577651500701904	0.0	*
p.Thr865=	*	*	*
p.Thr865Ala	0.317985475063324	0.0	*
p.Thr865Arg	0.18560665845870972	0.0	*
p.Thr865Asn	0.459527850151062	0.0	*
p.Thr865Asp	0.19894838333129883	0.0	*
p.Thr865Cys	0.1589043140411377	0.0	*
p.Thr865Gln	0.14390850067138672	0.0	*
p.Thr865Glu	0.11564898490905762	0.0	*
p.Thr865Gly	0.10689789056777954	0.0	*
p.Thr865His	0.17554336786270142	0.0	*
p.Thr865Ile	0.11211538314819336	0.0	*
p.Thr865Leu	0.14407652616500854	0.0	*
p.Thr865Lys	0.09031176567077637	0.0	*
p.Thr865Met	0.26729339361190796	0.0	*
p.Thr865Phe	0.06357461214065552	0.0	*
p.Thr865Pro	0.14288979768753052	0.0	*
p.Thr865Ser	0.37074482440948486	0.0	*
p.Thr865Ter	*	*	*
p.Thr865Trp	0.06145745515823364	0.0	*
p.Thr865Tyr	0.09088134765625	0.0	*
p.Thr865Val	0.14418655633926392	0.0	*
p.Thr871=	*	*	*
p.Thr871Ala	0.2535806894302368	0.0	*
p.Thr871Arg	0.05362260341644287	0.0	*
p.Thr871Asn	0.11222255229949951	0.0	*
p.Thr871Asp	0.05037665367126465	0.0	*
p.Thr871Cys	0.04372292757034302	0.0	*
p.Thr871Gln	0.11758172512054443	0.0	*
p.Thr871Glu	0.035427629947662354	0.0	*
p.Thr871Gly	0.04254567623138428	0.0	*
p.Thr871His	0.08701229095458984	0.0	*
p.Thr871Ile	0.08351874351501465	0.0	*
p.Thr871Leu	0.10439187288284302	0.0	*
p.Thr871Lys	0.10972350835800171	0.0	*
p.Thr871Met	0.19507914781570435	0.0	*
p.Thr871Phe	0.03615790605545044	0.0	*
p.Thr871Pro	0.05246913433074951	0.0	*
p.Thr871Ser	0.7034696340560913	0.0	*
p.Thr871Ter	*	*	*
p.Thr871Trp	0.05445420742034912	0.0	*
p.Thr871Tyr	0.02023625373840332	0.0	*
p.Thr871Val	0.06291413307189941	0.0	*
p.Thr888=	*	*	*
p.Thr888Ala	0.03168082237243652	0.0	*
p.Thr888Arg	0.004243791103363037	0.0	*
p.Thr888Asn	0.04222404956817627	0.0	*
p.Thr888Asp	0.0036798715591430664	0.0	*
p.Thr888Cys	0.007031738758087158	0.0	*
p.Thr888Gln	0.012994766235351562	0.0	*
p.Thr888Glu	0.005418360233306885	0.0	*
p.Thr888Gly	0.011611223220825195	0.0	*
p.Thr888His	0.00764840841293335	0.0	*
p.Thr888Ile	0.005001544952392578	0.0	*
p.Thr888Leu	0.011110544204711914	0.0	*
p.Thr888Lys	0.007344722747802734	0.0	*
p.Thr888Met	0.025444746017456055	0.0	*
p.Thr888Phe	0.004069149494171143	0.0	*
p.Thr888Pro	0.002520143985748291	0.0	*
p.Thr888Ser	0.10830920934677124	0.0	*
p.Thr888Ter	*	*	*
p.Thr888Trp	0.004811525344848633	0.0	*
p.Thr888Tyr	0.006362438201904297	0.0	*
p.Thr888Val	0.012558460235595703	0.0	*
p.Thr894=	*	*	*
p.Thr894Ala	0.006940007209777832	0.0	*
p.Thr894Arg	0.002443075180053711	0.0	*
p.Thr894Asn	0.009669780731201172	0.0	*
p.Thr894Asp	0.0013576149940490723	0.0	*
p.Thr894Cys	0.0015119314193725586	0.0	*
p.Thr894Gln	0.0023070573806762695	0.0	*
p.Thr894Glu	0.0005603432655334473	0.0	*
p.Thr894Gly	0.003907740116119385	0.0	*
p.Thr894His	0.0011667609214782715	0.0	*
p.Thr894Ile	0.0028415918350219727	0.0	*
p.Thr894Leu	0.0020657777786254883	0.0	*
p.Thr894Lys	0.0018622875213623047	0.0	*
p.Thr894Met	0.005850553512573242	0.0	*
p.Thr894Phe	0.0013603568077087402	0.0	*
p.Thr894Pro	0.0010001063346862793	0.0	*
p.Thr894Ser	0.04532670974731445	0.0	*
p.Thr894Ter	*	*	*
p.Thr894Trp	0.0012909173965454102	0.0	*
p.Thr894Tyr	0.001894235610961914	0.0	*
p.Thr894Val	0.003920853137969971	0.0	*
p.Thr895=	*	*	*
p.Thr895Ala	0.007526278495788574	0.0	*
p.Thr895Arg	0.0015467405319213867	0.0	*
p.Thr895Asn	0.006634771823883057	0.0	*
p.Thr895Asp	0.0006381869316101074	0.0	*
p.Thr895Cys	0.0005044937133789062	0.0	*
p.Thr895Gln	0.0028359293937683105	0.0	*
p.Thr895Glu	0.0005168914794921875	0.0	*
p.Thr895Gly	0.002013564109802246	0.0	*
p.Thr895His	0.00113677978515625	0.0	*
p.Thr895Ile	0.0030832290649414062	0.0	*
p.Thr895Leu	0.0027527213096618652	0.0	*
p.Thr895Lys	0.0025849342346191406	0.0	*
p.Thr895Met	0.010292887687683105	0.0	*
p.Thr895Phe	0.0009409785270690918	0.0	*
p.Thr895Pro	0.00046753883361816406	0.0	*
p.Thr895Ser	0.047785043716430664	0.0	*
p.Thr895Ter	*	*	*
p.Thr895Trp	0.001470804214477539	0.0	*
p.Thr895Tyr	0.0010157227516174316	0.0	*
p.Thr895Val	0.005200982093811035	0.0	*
p.Thr933=	*	*	*
p.Thr933Ala	0.6713436245918274	0.0	*
p.Thr933Arg	0.1530400514602661	0.0	*
p.Thr933Asn	0.6519719362258911	0.0	*
p.Thr933Asp	0.12773269414901733	0.0	*
p.Thr933Cys	0.44099926948547363	0.0	*
p.Thr933Gly	0.3211101293563843	0.0	*
p.Thr933Ile	0.5133463144302368	0.0	*
p.Thr933Leu	0.4127178192138672	0.0	*
p.Thr933Lys	0.4320147633552551	0.0	*
p.Thr933Met	0.7554444670677185	0.0	*
p.Thr933Phe	0.16962045431137085	0.0	*
p.Thr933Pro	0.0702243447303772	0.0	*
p.Thr933Ser	0.9818450808525085	0.0	*
p.Thr933Val	0.2638202905654907	0.0	*
p.Thr935=	*	*	*
p.Thr935Ala	0.7887910008430481	0.0	*
p.Thr935Arg	0.1039896011352539	0.0	*
p.Thr935Asn	0.4500221014022827	0.0	*
p.Thr935Asp	0.08037424087524414	0.0	*
p.Thr935Cys	0.5340969562530518	0.0	*
p.Thr935Gln	0.289389431476593	0.0	*
p.Thr935Glu	0.078360915184021	0.0	*
p.Thr935Gly	0.47510504722595215	0.0	*
p.Thr935His	0.358165979385376	0.0	*
p.Thr935Ile	0.5080702900886536	0.0	*
p.Thr935Leu	0.43996548652648926	0.0	*
p.Thr935Lys	0.3621882200241089	0.0	*
p.Thr935Met	0.8095107674598694	0.0	*
p.Thr935Phe	0.1920551061630249	0.0	*
p.Thr935Pro	0.04042935371398926	0.0	*
p.Thr935Ser	0.929801344871521	0.0	*
p.Thr935Ter	*	*	*
p.Thr935Trp	0.19923549890518188	0.0	*
p.Thr935Tyr	0.12787878513336182	0.0	*
p.Thr935Val	0.32893824577331543	0.0	*
p.Thr964=	*	*	*
p.Thr964Ala	0.9946526288986206	0.0	*
p.Thr964Arg	0.93189936876297	0.0	*
p.Thr964Asn	0.9942014813423157	0.0	*
p.Thr964Asp	0.9337129592895508	0.0	*
p.Thr964Cys	0.9271032810211182	0.0	*
p.Thr964Gln	0.9404563307762146	0.0	*
p.Thr964Glu	0.8731328248977661	0.0	*
p.Thr964Gly	0.9845218062400818	0.0	*
p.Thr964His	0.9766708016395569	0.0	*
p.Thr964Ile	0.9264391660690308	0.0	*
p.Thr964Leu	0.9557836651802063	0.0	*
p.Thr964Lys	0.9821517467498779	0.0	*
p.Thr964Met	0.9940774440765381	0.0	*
p.Thr964Phe	0.8927043080329895	0.0	*
p.Thr964Pro	0.8444815278053284	0.0	*
p.Thr964Ser	0.9977611899375916	0.0	*
p.Thr964Ter	*	*	*
p.Thr964Trp	0.8393092751502991	0.0	*
p.Thr964Tyr	0.7679584622383118	0.0	*
p.Thr964Val	0.8230394721031189	0.0	*
p.Thr974=	*	*	*
p.Thr974Ala	0.14858520030975342	0.0	*
p.Thr974Arg	0.016422390937805176	0.0	*
p.Thr974Asn	0.07558554410934448	0.0	*
p.Thr974Asp	0.008482933044433594	0.0	*
p.Thr974Cys	0.052276790142059326	0.0	*
p.Thr974Gln	0.024128615856170654	0.0	*
p.Thr974Glu	0.004885196685791016	0.0	*
p.Thr974Gly	0.06031316518783569	0.0	*
p.Thr974His	0.015137553215026855	0.0	*
p.Thr974Ile	0.01933896541595459	0.0	*
p.Thr974Leu	0.03168720006942749	0.0	*
p.Thr974Lys	0.019177258014678955	0.0	*
p.Thr974Met	0.21044695377349854	0.0	*
p.Thr974Phe	0.009315967559814453	0.0	*
p.Thr974Pro	0.002772510051727295	0.0	*
p.Thr974Ser	0.46321970224380493	0.0	*
p.Thr974Ter	*	*	*
p.Thr974Trp	0.009999275207519531	0.0	*
p.Thr974Tyr	0.010603189468383789	0.0	*
p.Thr974Val	0.021988749504089355	0.0	*
p.Thr977=	*	*	*
p.Thr977Ala	0.040911197662353516	0.0	*
p.Thr977Arg	0.0055724382400512695	0.0	*
p.Thr977Asn	0.024567782878875732	0.0	*
p.Thr977Asp	0.005271255970001221	0.0	*
p.Thr977Cys	0.008390486240386963	0.0	*
p.Thr977Gln	0.0057179927825927734	0.0	*
p.Thr977Glu	0.0018022656440734863	0.0	*
p.Thr977Gly	0.010317385196685791	0.0	*
p.Thr977His	0.0030832290649414062	0.0	*
p.Thr977Ile	0.011066913604736328	0.0	*
p.Thr977Leu	0.007940530776977539	0.0	*
p.Thr977Lys	0.005276918411254883	0.0	*
p.Thr977Met	0.02496206760406494	0.0	*
p.Thr977Phe	0.003121614456176758	0.0	*
p.Thr977Pro	0.0026146769523620605	0.0	*
p.Thr977Ser	0.0828351378440857	0.0	*
p.Thr977Ter	*	*	*
p.Thr977Trp	0.0031099915504455566	0.0	*
p.Thr977Tyr	0.00571894645690918	0.0	*
p.Thr977Val	0.011508941650390625	0.0	*
p.Thr991=	*	*	*
p.Thr991Ala	0.0012694001197814941	0.0	*
p.Thr991Arg	0.00016546249389648438	0.0	*
p.Thr991Asn	0.0007383227348327637	0.0	*
p.Thr991Asp	7.843971252441406e-05	0.0	*
p.Thr991Cys	0.00010609626770019531	0.0	*
p.Thr991Gln	0.0005475878715515137	0.0	*
p.Thr991Glu	5.936622619628906e-05	0.0	*
p.Thr991Gly	0.00038111209869384766	0.0	*
p.Thr991His	0.0002135634422302246	0.0	*
p.Thr991Ile	0.0004190802574157715	0.0	*
p.Thr991Leu	0.0004949569702148438	0.0	*
p.Thr991Lys	0.00012493133544921875	0.0	*
p.Thr991Met	0.001281142234802246	0.0	*
p.Thr991Phe	0.00013756752014160156	0.0	*
p.Thr991Pro	6.175041198730469e-05	0.0	*
p.Thr991Ser	0.006869137287139893	0.0	*
p.Thr991Ter	*	*	*
p.Thr991Trp	0.00023943185806274414	0.0	*
p.Thr991Tyr	0.0002288222312927246	0.0	*
p.Thr991Val	0.0005897283554077148	0.0	*
p.Thr993=	*	*	*
p.Thr993Ala	0.0005737543106079102	0.0	*
p.Thr993Arg	0.0002136826515197754	0.0	*
p.Thr993Asn	0.00047707557678222656	0.0	*
p.Thr993Asp	0.00022619962692260742	0.0	*
p.Thr993Cys	0.00015056133270263672	0.0	*
p.Thr993Gln	0.00042182207107543945	0.0	*
p.Thr993Glu	0.00023669004440307617	0.0	*
p.Thr993Gly	0.00020819902420043945	0.0	*
p.Thr993His	0.0001685619354248047	0.0	*
p.Thr993Ile	0.0002352595329284668	0.0	*
p.Thr993Leu	0.0003273487091064453	0.0	*
p.Thr993Lys	0.0002110600471496582	0.0	*
p.Thr993Met	0.0006840229034423828	0.0	*
p.Thr993Phe	0.00012183189392089844	0.0	*
p.Thr993Pro	0.0001112222671508789	0.0	*
p.Thr993Ser	0.005826771259307861	0.0	*
p.Thr993Ter	*	*	*
p.Thr993Trp	0.0001780390739440918	0.0	*
p.Thr993Tyr	0.00019675493240356445	0.0	*
p.Thr993Val	0.0005508065223693848	0.0	*
p.Thr999=	*	*	*
p.Thr999Ala	9.298324584960938e-06	0.0	*
p.Thr999Arg	3.2186508178710938e-06	0.0	*
p.Thr999Asn	7.033348083496094e-06	0.0	*
p.Thr999Asp	1.430511474609375e-06	0.0	*
p.Thr999Cys	6.794929504394531e-06	0.0	*
p.Thr999Gln	7.748603820800781e-06	0.0	*
p.Thr999Glu	1.430511474609375e-06	0.0	*
p.Thr999Gly	5.841255187988281e-06	0.0	*
p.Thr999His	2.2649765014648438e-06	0.0	*
p.Thr999Ile	5.364418029785156e-06	0.0	*
p.Thr999Leu	8.940696716308594e-06	0.0	*
p.Thr999Lys	5.0067901611328125e-06	0.0	*
p.Thr999Met	1.537799835205078e-05	0.0	*
p.Thr999Phe	5.4836273193359375e-06	0.0	*
p.Thr999Pro	1.5497207641601562e-06	0.0	*
p.Thr999Ser	7.18832015991211e-05	0.0	*
p.Thr999Ter	*	*	*
p.Thr999Trp	7.62939453125e-06	0.0	*
p.Thr999Tyr	5.125999450683594e-06	0.0	*
p.Thr999Val	2.5153160095214844e-05	0.0	*
p.Trp1153Ala	0.34948015213012695	0.0	*
p.Trp1153Arg	0.02958017587661743	0.0	*
p.Trp1153Asn	0.09020817279815674	0.0	*
p.Trp1153Asp	0.021599411964416504	0.0	*
p.Trp1153Cys	0.16413944959640503	0.0	*
p.Trp1153Gln	0.09940725564956665	0.0	*
p.Trp1153Glu	0.027821004390716553	0.0	*
p.Trp1153Gly	0.04500621557235718	0.0	*
p.Trp1153His	0.11968868970870972	0.0	*
p.Trp1153Ile	0.4721772074699402	0.0	*
p.Trp1153Leu	0.1526583433151245	0.0	*
p.Trp1153Lys	0.32084524631500244	0.0	*
p.Trp1153Met	0.2722591757774353	0.0	*
p.Trp1153Phe	0.30244332551956177	0.0	*
p.Trp1153Pro	0.019644618034362793	0.0	*
p.Trp1153Ser	0.03696441650390625	0.0	*
p.Trp1153Ter	*	*	*
p.Trp1153Thr	0.1532195806503296	0.0	*
p.Trp1153Tyr	0.08146554231643677	0.0	*
p.Trp1153Val	0.2601706385612488	0.0	*
p.Trp1353Ala	0.06483602523803711	0.0	*
p.Trp1353Arg	0.01630079746246338	0.0	*
p.Trp1353Asn	0.04524946212768555	0.0	*
p.Trp1353Asp	0.006447911262512207	0.0	*
p.Trp1353Cys	0.033178091049194336	0.0	*
p.Trp1353Gln	0.011051774024963379	0.0	*
p.Trp1353Glu	0.003935396671295166	0.0	*
p.Trp1353Gly	0.020929336547851562	0.0	*
p.Trp1353Ile	0.08919954299926758	0.0	*
p.Trp1353Leu	0.025271296501159668	0.0	*
p.Trp1353Lys	0.04654043912887573	0.0	*
p.Trp1353Met	0.06129938364028931	0.0	*
p.Trp1353Phe	0.09235024452209473	0.0	*
p.Trp1353Ser	0.010228455066680908	0.0	*
p.Trp1353Ter	*	*	*
p.Trp1353Thr	0.030223071575164795	0.0	*
p.Trp1353Tyr	0.03341418504714966	0.0	*
p.Trp1353Val	0.054421842098236084	0.0	*
p.Trp1410Ala	0.9961699843406677	0.0	*
p.Trp1410Arg	0.9712396264076233	0.0	*
p.Trp1410Asn	0.986569344997406	0.0	*
p.Trp1410Asp	0.9602165818214417	0.0	*
p.Trp1410Cys	0.9864126443862915	0.0	*
p.Trp1410Gln	0.9770334362983704	0.0	*
p.Trp1410Glu	0.9800814986228943	0.0	*
p.Trp1410Gly	0.9790240526199341	0.0	*
p.Trp1410His	0.991249680519104	0.0	*
p.Trp1410Ile	0.9928947687149048	0.0	*
p.Trp1410Leu	0.9842622876167297	0.0	*
p.Trp1410Lys	0.9920123219490051	0.0	*
p.Trp1410Met	0.9884012341499329	0.0	*
p.Trp1410Phe	0.9912247657775879	0.0	*
p.Trp1410Pro	0.9688076376914978	0.0	*
p.Trp1410Ser	0.9787672162055969	0.0	*
p.Trp1410Ter	*	*	*
p.Trp1410Thr	0.9908732771873474	0.0	*
p.Trp1410Tyr	0.966376781463623	0.0	*
p.Trp1410Val	0.9691293239593506	0.0	*
p.Trp1419Ala	0.9844751358032227	0.0	*
p.Trp1419Arg	0.9476682543754578	0.0	*
p.Trp1419Asn	0.9826597571372986	0.0	*
p.Trp1419Asp	0.9783368706703186	0.0	*
p.Trp1419Cys	0.9645442962646484	0.0	*
p.Trp1419Gln	0.9661880135536194	0.0	*
p.Trp1419Glu	0.9783453941345215	0.0	*
p.Trp1419Gly	0.9615018367767334	0.0	*
p.Trp1419His	0.9920874238014221	0.0	*
p.Trp1419Ile	0.9755183458328247	0.0	*
p.Trp1419Leu	0.9730035066604614	0.0	*
p.Trp1419Lys	0.9897804260253906	0.0	*
p.Trp1419Met	0.9698394536972046	0.0	*
p.Trp1419Phe	0.9822992086410522	0.0	*
p.Trp1419Pro	0.9912652969360352	0.0	*
p.Trp1419Ser	0.9586189389228821	0.0	*
p.Trp1419Ter	*	*	*
p.Trp1419Thr	0.9866648316383362	0.0	*
p.Trp1419Tyr	0.9465309977531433	0.0	*
p.Trp1419Val	0.9504950642585754	0.0	*
p.Trp1452Ala	0.8060377836227417	0.0	*
p.Trp1452Arg	0.6216859817504883	0.0	*
p.Trp1452Asn	0.7720515727996826	0.0	*
p.Trp1452Asp	0.5452449321746826	0.0	*
p.Trp1452Cys	0.2958528399467468	0.0	*
p.Trp1452Gln	0.6188019514083862	0.0	*
p.Trp1452Glu	0.48840439319610596	0.0	*
p.Trp1452Gly	0.49875450134277344	0.0	*
p.Trp1452His	0.6399464011192322	0.0	*
p.Trp1452Ile	0.5202710628509521	0.0	*
p.Trp1452Leu	0.5248338580131531	0.0	*
p.Trp1452Lys	0.816264271736145	0.0	*
p.Trp1452Met	0.6501998901367188	0.0	*
p.Trp1452Phe	0.7498360276222229	0.0	*
p.Trp1452Pro	0.4564363360404968	0.0	*
p.Trp1452Ser	0.668578028678894	0.0	*
p.Trp1452Ter	*	*	*
p.Trp1452Thr	0.7863535284996033	0.0	*
p.Trp1452Tyr	0.49394023418426514	0.0	*
p.Trp1452Val	0.3963198661804199	0.0	*
p.Trp712Ala	0.262779176235199	0.0	*
p.Trp712Arg	0.02937537431716919	0.0	*
p.Trp712Asn	0.12993663549423218	0.0	*
p.Trp712Asp	0.01781904697418213	0.0	*
p.Trp712Cys	0.16343724727630615	0.0	*
p.Trp712Gln	0.1131436824798584	0.0	*
p.Trp712Glu	0.022441744804382324	0.0	*
p.Trp712Gly	0.08532917499542236	0.0	*
p.Trp712His	0.16516327857971191	0.0	*
p.Trp712Ile	0.35738474130630493	0.0	*
p.Trp712Leu	0.16025042533874512	0.0	*
p.Trp712Lys	0.25364768505096436	0.0	*
p.Trp712Met	0.42259418964385986	0.0	*
p.Trp712Phe	0.43814367055892944	0.0	*
p.Trp712Pro	0.023000776767730713	0.0	*
p.Trp712Ser	0.08910208940505981	0.0	*
p.Trp712Ter	*	*	*
p.Trp712Thr	0.24787300825119019	0.0	*
p.Trp712Tyr	0.11147069931030273	0.0	*
p.Trp712Val	0.4106730818748474	0.0	*
p.Trp779Ala	0.08574175834655762	0.0	*
p.Trp779Arg	0.003066420555114746	0.0	*
p.Trp779Asn	0.013752400875091553	0.0	*
p.Trp779Asp	0.00197601318359375	0.0	*
p.Trp779Cys	0.03508704900741577	0.0	*
p.Trp779Gln	0.01673656702041626	0.0	*
p.Trp779Glu	0.003128349781036377	0.0	*
p.Trp779Gly	0.017346441745758057	0.0	*
p.Trp779His	0.04064738750457764	0.0	*
p.Trp779Ile	0.09794247150421143	0.0	*
p.Trp779Leu	0.0253065824508667	0.0	*
p.Trp779Lys	0.04602980613708496	0.0	*
p.Trp779Met	0.06157952547073364	0.0	*
p.Trp779Phe	0.06394022703170776	0.0	*
p.Trp779Pro	0.003777742385864258	0.0	*
p.Trp779Ser	0.01070702075958252	0.0	*
p.Trp779Ter	*	*	*
p.Trp779Thr	0.03273671865463257	0.0	*
p.Trp779Tyr	0.006844997406005859	0.0	*
p.Trp779Val	0.05943942070007324	0.0	*
p.Trp939Ala	0.8259300589561462	0.0	*
p.Trp939Arg	0.1284114122390747	0.0	*
p.Trp939Asn	0.31630945205688477	0.0	*
p.Trp939Asp	0.06817150115966797	0.0	*
p.Trp939Cys	0.5618628263473511	0.0	*
p.Trp939Gln	0.37321728467941284	0.0	*
p.Trp939Glu	0.08499902486801147	0.0	*
p.Trp939Gly	0.34289294481277466	0.0	*
p.Trp939His	0.49078917503356934	0.0	*
p.Trp939Ile	0.6920292377471924	0.0	*
p.Trp939Leu	0.42252427339553833	0.0	*
p.Trp939Lys	0.6132667064666748	0.0	*
p.Trp939Met	0.7182501554489136	0.0	*
p.Trp939Phe	0.7354946136474609	0.0	*
p.Trp939Pro	0.03685200214385986	0.0	*
p.Trp939Ser	0.15157359838485718	0.0	*
p.Trp939Ter	*	*	*
p.Trp939Thr	0.5904993414878845	0.0	*
p.Trp939Tyr	0.3350762128829956	0.0	*
p.Trp939Val	0.7026601433753967	0.0	*
p.Tyr1078=	*	*	*
p.Tyr1078Ala	0.000667870044708252	0.0	*
p.Tyr1078Arg	6.031990051269531e-05	0.0	*
p.Tyr1078Asp	5.5670738220214844e-05	0.0	*
p.Tyr1078Cys	0.00011229515075683594	0.0	*
p.Tyr1078Gln	0.00017970800399780273	0.0	*
p.Tyr1078Glu	3.743171691894531e-05	0.0	*
p.Tyr1078Gly	7.176399230957031e-05	0.0	*
p.Tyr1078His	0.0001214742660522461	0.0	*
p.Tyr1078Ile	0.0007330775260925293	0.0	*
p.Tyr1078Leu	0.0003682374954223633	0.0	*
p.Tyr1078Met	0.00022524595260620117	0.0	*
p.Tyr1078Phe	0.00046813488006591797	0.0	*
p.Tyr1078Pro	3.0517578125e-05	0.0	*
p.Tyr1078Ser	0.00010561943054199219	0.0	*
p.Tyr1078Ter	*	*	*
p.Tyr1078Thr	0.0002778172492980957	0.0	*
p.Tyr1078Trp	0.0002047419548034668	0.0	*
p.Tyr1078Val	0.0006854534149169922	0.0	*
p.Tyr1090=	*	*	*
p.Tyr1090Ala	0.00044971704483032227	0.0	*
p.Tyr1090Arg	8.022785186767578e-05	0.0	*
p.Tyr1090Asn	0.00020426511764526367	0.0	*
p.Tyr1090Asp	0.00015616416931152344	0.0	*
p.Tyr1090Cys	0.0004138350486755371	0.0	*
p.Tyr1090Gln	0.000662386417388916	0.0	*
p.Tyr1090Glu	0.00019866228103637695	0.0	*
p.Tyr1090Gly	0.00027817487716674805	0.0	*
p.Tyr1090His	0.0009244680404663086	0.0	*
p.Tyr1090Ile	0.003011763095855713	0.0	*
p.Tyr1090Leu	0.0013000965118408203	0.0	*
p.Tyr1090Lys	0.0011745095252990723	0.0	*
p.Tyr1090Met	0.0006028413772583008	0.0	*
p.Tyr1090Phe	0.0059615373611450195	0.0	*
p.Tyr1090Pro	0.0002135634422302246	0.0	*
p.Tyr1090Ser	0.0004279017448425293	0.0	*
p.Tyr1090Ter	*	*	*
p.Tyr1090Thr	0.0013034939765930176	0.0	*
p.Tyr1090Trp	0.0017015337944030762	0.0	*
p.Tyr1090Val	0.012396633625030518	0.0	*
p.Tyr1331=	*	*	*
p.Tyr1331Ala	0.02626413106918335	0.0	*
p.Tyr1331Arg	0.0039130449295043945	0.0	*
p.Tyr1331Asn	0.00771331787109375	0.0	*
p.Tyr1331Asp	0.0028756260871887207	0.0	*
p.Tyr1331Cys	0.015240252017974854	0.0	*
p.Tyr1331Gln	0.014009475708007812	0.0	*
p.Tyr1331Glu	0.0037908554077148438	0.0	*
p.Tyr1331Gly	0.008151054382324219	0.0	*
p.Tyr1331His	0.017884016036987305	0.0	*
p.Tyr1331Ile	0.0461350679397583	0.0	*
p.Tyr1331Leu	0.03470736742019653	0.0	*
p.Tyr1331Lys	0.029120564460754395	0.0	*
p.Tyr1331Met	0.027991890907287598	0.0	*
p.Tyr1331Phe	0.07521796226501465	0.0	*
p.Tyr1331Pro	0.0018690228462219238	0.0	*
p.Tyr1331Ser	0.010518550872802734	0.0	*
p.Tyr1331Ter	*	*	*
p.Tyr1331Thr	0.025040149688720703	0.0	*
p.Tyr1331Trp	0.0272560715675354	0.0	*
p.Tyr1331Val	0.06395626068115234	0.0	*
p.Tyr1376=	*	*	*
p.Tyr1376Ala	0.9936078190803528	0.0	*
p.Tyr1376Arg	0.8529571294784546	0.0	*
p.Tyr1376Asn	0.9307670593261719	0.0	*
p.Tyr1376Asp	0.8282296657562256	0.0	*
p.Tyr1376Cys	0.976341187953949	0.0	*
p.Tyr1376Gln	0.972776472568512	0.0	*
p.Tyr1376Glu	0.8534032106399536	0.0	*
p.Tyr1376Gly	0.9160828590393066	0.0	*
p.Tyr1376His	0.9869256019592285	0.0	*
p.Tyr1376Ile	0.9924510717391968	0.0	*
p.Tyr1376Leu	0.9931910037994385	0.0	*
p.Tyr1376Lys	0.9929237961769104	0.0	*
p.Tyr1376Met	0.9931610822677612	0.0	*
p.Tyr1376Phe	0.9962272047996521	0.0	*
p.Tyr1376Pro	0.8045509457588196	0.0	*
p.Tyr1376Ser	0.9670103788375854	0.0	*
p.Tyr1376Ter	*	*	*
p.Tyr1376Thr	0.9927427768707275	0.0	*
p.Tyr1376Trp	0.9777026772499084	0.0	*
p.Tyr1376Val	0.9911161065101624	0.0	*
p.Tyr1384=	*	*	*
p.Tyr1384Ala	0.9910684823989868	0.0	*
p.Tyr1384Arg	0.9549862146377563	0.0	*
p.Tyr1384Asn	0.9784160256385803	0.0	*
p.Tyr1384Asp	0.913400411605835	0.0	*
p.Tyr1384Cys	0.9743316769599915	0.0	*
p.Tyr1384Gln	0.9612134099006653	0.0	*
p.Tyr1384Glu	0.9302915930747986	0.0	*
p.Tyr1384Gly	0.9589895606040955	0.0	*
p.Tyr1384His	0.9886528253555298	0.0	*
p.Tyr1384Ile	0.9918646812438965	0.0	*
p.Tyr1384Leu	0.9899299740791321	0.0	*
p.Tyr1384Lys	0.9910217523574829	0.0	*
p.Tyr1384Met	0.9877882599830627	0.0	*
p.Tyr1384Phe	0.9963036775588989	0.0	*
p.Tyr1384Pro	0.9260773062705994	0.0	*
p.Tyr1384Ser	0.9724453687667847	0.0	*
p.Tyr1384Ter	*	*	*
p.Tyr1384Thr	0.995803952217102	0.0	*
p.Tyr1384Trp	0.9773180484771729	0.0	*
p.Tyr1384Val	0.9863382577896118	0.0	*
p.Tyr1424=	*	*	*
p.Tyr1424Ala	0.9698116183280945	0.0	*
p.Tyr1424Arg	0.9548695087432861	0.0	*
p.Tyr1424Asn	0.9802919030189514	0.0	*
p.Tyr1424Asp	0.943861722946167	0.0	*
p.Tyr1424Cys	0.947821319103241	0.0	*
p.Tyr1424Gln	0.9705891609191895	0.0	*
p.Tyr1424Glu	0.9342001080513	0.0	*
p.Tyr1424Gly	0.9008013010025024	0.0	*
p.Tyr1424His	0.9852746725082397	0.0	*
p.Tyr1424Ile	0.9830901622772217	0.0	*
p.Tyr1424Leu	0.9671047925949097	0.0	*
p.Tyr1424Lys	0.9877288341522217	0.0	*
p.Tyr1424Met	0.9731119275093079	0.0	*
p.Tyr1424Phe	0.9905925393104553	0.0	*
p.Tyr1424Pro	0.9536488056182861	0.0	*
p.Tyr1424Ser	0.9798126220703125	0.0	*
p.Tyr1424Ter	*	*	*
p.Tyr1424Thr	0.9899243116378784	0.0	*
p.Tyr1424Trp	0.9697101712226868	0.0	*
p.Tyr1424Val	0.9671366214752197	0.0	*
p.Tyr1464=	*	*	*
p.Tyr1464Ala	0.7894089818000793	0.0	*
p.Tyr1464Arg	0.5264742374420166	0.0	*
p.Tyr1464Asn	0.7293491363525391	0.0	*
p.Tyr1464Asp	0.407520055770874	0.0	*
p.Tyr1464Cys	0.5053456425666809	0.0	*
p.Tyr1464Gln	0.770561933517456	0.0	*
p.Tyr1464Glu	0.4124258756637573	0.0	*
p.Tyr1464Gly	0.40016913414001465	0.0	*
p.Tyr1464His	0.7910596132278442	0.0	*
p.Tyr1464Ile	0.8384497165679932	0.0	*
p.Tyr1464Leu	0.7694307565689087	0.0	*
p.Tyr1464Lys	0.8297485709190369	0.0	*
p.Tyr1464Met	0.7361024618148804	0.0	*
p.Tyr1464Phe	0.8796650171279907	0.0	*
p.Tyr1464Pro	0.5616174936294556	0.0	*
p.Tyr1464Ser	0.6329296827316284	0.0	*
p.Tyr1464Ter	*	*	*
p.Tyr1464Thr	0.7791507244110107	0.0	*
p.Tyr1464Trp	0.6703548431396484	0.0	*
p.Tyr1464Val	0.6984025835990906	0.0	*
p.Tyr713=	*	*	*
p.Tyr713Ala	0.08064132928848267	0.0	*
p.Tyr713Arg	0.04082894325256348	0.0	*
p.Tyr713Asn	0.06701666116714478	0.0	*
p.Tyr713Asp	0.01658529043197632	0.0	*
p.Tyr713Cys	0.09126639366149902	0.0	*
p.Tyr713Gln	0.12782686948776245	0.0	*
p.Tyr713Glu	0.025735676288604736	0.0	*
p.Tyr713Gly	0.03618556261062622	0.0	*
p.Tyr713His	0.11220782995223999	0.0	*
p.Tyr713Ile	0.44955044984817505	0.0	*
p.Tyr713Leu	0.18216770887374878	0.0	*
p.Tyr713Lys	0.1712469458580017	0.0	*
p.Tyr713Met	0.18539220094680786	0.0	*
p.Tyr713Phe	0.43718141317367554	0.0	*
p.Tyr713Pro	0.01541048288345337	0.0	*
p.Tyr713Ser	0.08151960372924805	0.0	*
p.Tyr713Ter	*	*	*
p.Tyr713Thr	0.22326946258544922	0.0	*
p.Tyr713Trp	0.1489139199256897	0.0	*
p.Tyr713Val	0.4733961224555969	0.0	*
p.Tyr715=	*	*	*
p.Tyr715Ala	0.027677059173583984	0.0	*
p.Tyr715Arg	0.00969618558883667	0.0	*
p.Tyr715Asn	0.012860000133514404	0.0	*
p.Tyr715Asp	0.008284986019134521	0.0	*
p.Tyr715Cys	0.015377700328826904	0.0	*
p.Tyr715Gln	0.0388222336769104	0.0	*
p.Tyr715Glu	0.009776055812835693	0.0	*
p.Tyr715Gly	0.01252138614654541	0.0	*
p.Tyr715His	0.04258924722671509	0.0	*
p.Tyr715Ile	0.07537841796875	0.0	*
p.Tyr715Leu	0.047448575496673584	0.0	*
p.Tyr715Lys	0.06821000576019287	0.0	*
p.Tyr715Met	0.05020642280578613	0.0	*
p.Tyr715Phe	0.15645158290863037	0.0	*
p.Tyr715Pro	0.0056896209716796875	0.0	*
p.Tyr715Ser	0.02172243595123291	0.0	*
p.Tyr715Ter	*	*	*
p.Tyr715Thr	0.0646783709526062	0.0	*
p.Tyr715Trp	0.036205291748046875	0.0	*
p.Tyr715Val	0.17363452911376953	0.0	*
p.Tyr719=	*	*	*
p.Tyr719Ala	0.10303628444671631	0.0	*
p.Tyr719Arg	0.018701374530792236	0.0	*
p.Tyr719Asn	0.0581127405166626	0.0	*
p.Tyr719Asp	0.024022459983825684	0.0	*
p.Tyr719Cys	0.03964197635650635	0.0	*
p.Tyr719Gln	0.11312991380691528	0.0	*
p.Tyr719Glu	0.0305711030960083	0.0	*
p.Tyr719Gly	0.04079592227935791	0.0	*
p.Tyr719His	0.11762768030166626	0.0	*
p.Tyr719Ile	0.1442427635192871	0.0	*
p.Tyr719Leu	0.13024085760116577	0.0	*
p.Tyr719Lys	0.14336735010147095	0.0	*
p.Tyr719Met	0.11420190334320068	0.0	*
p.Tyr719Phe	0.3922892212867737	0.0	*
p.Tyr719Pro	0.00949949026107788	0.0	*
p.Tyr719Ser	0.04575800895690918	0.0	*
p.Tyr719Ter	*	*	*
p.Tyr719Thr	0.15028142929077148	0.0	*
p.Tyr719Trp	0.09874147176742554	0.0	*
p.Tyr719Val	0.29010939598083496	0.0	*
p.Tyr741Ala	0.09266233444213867	0.0	*
p.Tyr741Arg	0.014303207397460938	0.0	*
p.Tyr741Asn	0.02490234375	0.0	*
p.Tyr741Asp	0.011710524559020996	0.0	*
p.Tyr741Cys	0.07078617811203003	0.0	*
p.Tyr741Glu	0.016331493854522705	0.0	*
p.Tyr741Gly	0.05205255746841431	0.0	*
p.Tyr741His	0.13422763347625732	0.0	*
p.Tyr741Ile	0.2221285104751587	0.0	*
p.Tyr741Leu	0.18378084897994995	0.0	*
p.Tyr741Lys	0.14271563291549683	0.0	*
p.Tyr741Met	0.1561429500579834	0.0	*
p.Tyr741Phe	0.43948835134506226	0.0	*
p.Tyr741Pro	0.006922125816345215	0.0	*
p.Tyr741Ser	0.04191344976425171	0.0	*
p.Tyr741Ter	*	*	*
p.Tyr741Thr	0.15749847888946533	0.0	*
p.Tyr741Trp	0.18007409572601318	0.0	*
p.Tyr741Val	0.4093790054321289	0.0	*
p.Tyr743=	*	*	*
p.Tyr743Ala	0.069877028465271	0.0	*
p.Tyr743Arg	0.019591987133026123	0.0	*
p.Tyr743Asn	0.03210932016372681	0.0	*
p.Tyr743Asp	0.01501154899597168	0.0	*
p.Tyr743Cys	0.038559138774871826	0.0	*
p.Tyr743Gln	0.05296313762664795	0.0	*
p.Tyr743Glu	0.011045455932617188	0.0	*
p.Tyr743Gly	0.04816561937332153	0.0	*
p.Tyr743His	0.10522067546844482	0.0	*
p.Tyr743Ile	0.12768614292144775	0.0	*
p.Tyr743Leu	0.10109388828277588	0.0	*
p.Tyr743Phe	0.279341459274292	0.0	*
p.Tyr743Pro	0.0059049129486083984	0.0	*
p.Tyr743Ser	0.034345269203186035	0.0	*
p.Tyr743Ter	*	*	*
p.Tyr743Thr	0.12114977836608887	0.0	*
p.Tyr743Trp	0.09929424524307251	0.0	*
p.Tyr743Val	0.19077223539352417	0.0	*
p.Tyr923=	*	*	*
p.Tyr923Ala	0.005230724811553955	0.0	*
p.Tyr923Arg	0.001252293586730957	0.0	*
p.Tyr923Asn	0.002746403217315674	0.0	*
p.Tyr923Asp	0.0010887384414672852	0.0	*
p.Tyr923Cys	0.002537250518798828	0.0	*
p.Tyr923Gln	0.004755795001983643	0.0	*
p.Tyr923Glu	0.0009673833847045898	0.0	*
p.Tyr923Gly	0.001926422119140625	0.0	*
p.Tyr923His	0.005255937576293945	0.0	*
p.Tyr923Ile	0.027281105518341064	0.0	*
p.Tyr923Leu	0.008634328842163086	0.0	*
p.Tyr923Lys	0.009864985942840576	0.0	*
p.Tyr923Met	0.008158206939697266	0.0	*
p.Tyr923Phe	0.02559274435043335	0.0	*
p.Tyr923Pro	0.0008962750434875488	0.0	*
p.Tyr923Ser	0.003560483455657959	0.0	*
p.Tyr923Ter	*	*	*
p.Tyr923Thr	0.00831615924835205	0.0	*
p.Tyr923Trp	0.0076424479484558105	0.0	*
p.Tyr923Val	0.047066569328308105	0.0	*
p.Tyr953=	*	*	*
p.Tyr953Ala	0.9846423864364624	0.0	*
p.Tyr953Arg	0.960642397403717	0.0	*
p.Tyr953Asn	0.9855865836143494	0.0	*
p.Tyr953Asp	0.9200755953788757	0.0	*
p.Tyr953Cys	0.9698968529701233	0.0	*
p.Tyr953Gln	0.9742224216461182	0.0	*
p.Tyr953Glu	0.9433733224868774	0.0	*
p.Tyr953Gly	0.969648003578186	0.0	*
p.Tyr953His	0.9928799867630005	0.0	*
p.Tyr953Ile	0.9858970642089844	0.0	*
p.Tyr953Leu	0.987214207649231	0.0	*
p.Tyr953Lys	0.9935155510902405	0.0	*
p.Tyr953Met	0.9946393370628357	0.0	*
p.Tyr953Phe	0.9972304701805115	0.0	*
p.Tyr953Pro	0.8813262581825256	0.0	*
p.Tyr953Ser	0.9657386541366577	0.0	*
p.Tyr953Ter	*	*	*
p.Tyr953Thr	0.9928261637687683	0.0	*
p.Tyr953Trp	0.9785869121551514	0.0	*
p.Tyr953Val	0.9812909364700317	0.0	*
p.Val1001=	*	*	*
p.Val1001Ala	0.0006171464920043945	0.0	*
p.Val1001Arg	9.453296661376953e-05	0.0	*
p.Val1001Asn	0.00022476911544799805	0.0	*
p.Val1001Asp	3.2901763916015625e-05	0.0	*
p.Val1001Cys	0.00042182207107543945	0.0	*
p.Val1001Gln	0.0005382895469665527	0.0	*
p.Val1001Glu	2.8371810913085938e-05	0.0	*
p.Val1001Gly	0.00016105175018310547	0.0	*
p.Val1001His	0.00026410818099975586	0.0	*
p.Val1001Ile	0.016559958457946777	0.0	*
p.Val1001Leu	0.0007417798042297363	0.0	*
p.Val1001Lys	0.00031685829162597656	0.0	*
p.Val1001Met	0.0011220574378967285	0.0	*
p.Val1001Phe	0.00021249055862426758	0.0	*
p.Val1001Pro	6.914138793945312e-05	0.0	*
p.Val1001Ser	0.0007486939430236816	0.0	*
p.Val1001Ter	*	*	*
p.Val1001Thr	0.00040155649185180664	0.0	*
p.Val1001Trp	0.0006644129753112793	0.0	*
p.Val1001Tyr	0.00017279386520385742	0.0	*
p.Val1024=	*	*	*
p.Val1024Ala	0.1886444091796875	0.0	*
p.Val1024Arg	0.004254162311553955	0.0	*
p.Val1024Asn	0.022353827953338623	0.0	*
p.Val1024Asp	0.005302071571350098	0.0	*
p.Val1024Cys	0.09881293773651123	0.0	*
p.Val1024Gln	0.06759721040725708	0.0	*
p.Val1024Glu	0.003564119338989258	0.0	*
p.Val1024Gly	0.0150376558303833	0.0	*
p.Val1024His	0.0515972375869751	0.0	*
p.Val1024Ile	0.7146967649459839	0.0	*
p.Val1024Leu	0.1499868631362915	0.0	*
p.Val1024Lys	0.04630434513092041	0.0	*
p.Val1024Met	0.12234270572662354	0.0	*
p.Val1024Phe	0.02764892578125	0.0	*
p.Val1024Pro	0.005259454250335693	0.0	*
p.Val1024Ser	0.07023483514785767	0.0	*
p.Val1024Ter	*	*	*
p.Val1024Thr	0.037920475006103516	0.0	*
p.Val1024Trp	0.056049466133117676	0.0	*
p.Val1024Tyr	0.013017416000366211	0.0	*
p.Val1036=	*	*	*
p.Val1036Ala	0.44026994705200195	0.0	*
p.Val1036Arg	0.030742108821868896	0.0	*
p.Val1036Asn	0.17605549097061157	0.0	*
p.Val1036Asp	0.05015599727630615	0.0	*
p.Val1036Cys	0.240850567817688	0.0	*
p.Val1036Gln	0.2116633653640747	0.0	*
p.Val1036Glu	0.01831948757171631	0.0	*
p.Val1036Gly	0.10580039024353027	0.0	*
p.Val1036His	0.30139803886413574	0.0	*
p.Val1036Ile	0.8859880566596985	0.0	*
p.Val1036Leu	0.26315730810165405	0.0	*
p.Val1036Met	0.39763790369033813	0.0	*
p.Val1036Phe	0.10212290287017822	0.0	*
p.Val1036Pro	0.03889048099517822	0.0	*
p.Val1036Ser	0.39571821689605713	0.0	*
p.Val1036Ter	*	*	*
p.Val1036Thr	0.23438870906829834	0.0	*
p.Val1036Trp	0.13279443979263306	0.0	*
p.Val1036Tyr	0.053369998931884766	0.0	*
p.Val1039=	*	*	*
p.Val1039Ala	0.11277902126312256	0.0	*
p.Val1039Arg	0.02093297243118286	0.0	*
p.Val1039Asn	0.11090892553329468	0.0	*
p.Val1039Asp	0.008683323860168457	0.0	*
p.Val1039Cys	0.03291887044906616	0.0	*
p.Val1039Gln	0.07535934448242188	0.0	*
p.Val1039Glu	0.00863027572631836	0.0	*
p.Val1039Gly	0.03588348627090454	0.0	*
p.Val1039His	0.06379544734954834	0.0	*
p.Val1039Ile	0.8622609376907349	0.0	*
p.Val1039Leu	0.29241931438446045	0.0	*
p.Val1039Lys	0.06135684251785278	0.0	*
p.Val1039Met	0.31036895513534546	0.0	*
p.Val1039Phe	0.07388919591903687	0.0	*
p.Val1039Pro	0.020811140537261963	0.0	*
p.Val1039Ser	0.08312886953353882	0.0	*
p.Val1039Ter	*	*	*
p.Val1039Thr	0.06638336181640625	0.0	*
p.Val1039Trp	0.10180467367172241	0.0	*
p.Val1039Tyr	0.05176204442977905	0.0	*
p.Val1042=	*	*	*
p.Val1042Ala	0.13055527210235596	0.0	*
p.Val1042Arg	0.020337939262390137	0.0	*
p.Val1042Asn	0.07100564241409302	0.0	*
p.Val1042Asp	0.012846767902374268	0.0	*
p.Val1042Cys	0.07786953449249268	0.0	*
p.Val1042Gln	0.0658758282661438	0.0	*
p.Val1042Glu	0.008158326148986816	0.0	*
p.Val1042Gly	0.03790217638015747	0.0	*
p.Val1042Ile	0.7746054530143738	0.0	*
p.Val1042Leu	0.1513863205909729	0.0	*
p.Val1042Lys	0.05365943908691406	0.0	*
p.Val1042Met	0.1811630129814148	0.0	*
p.Val1042Phe	0.057225584983825684	0.0	*
p.Val1042Pro	0.014815092086791992	0.0	*
p.Val1042Ser	0.0809328556060791	0.0	*
p.Val1042Ter	*	*	*
p.Val1042Thr	0.06844544410705566	0.0	*
p.Val1042Trp	0.06241309642791748	0.0	*
p.Val1042Tyr	0.04253065586090088	0.0	*
p.Val1048=	*	*	*
p.Val1048Ala	0.2493375539779663	0.0	*
p.Val1048Arg	0.0656391978263855	0.0	*
p.Val1048Asn	0.21486824750900269	0.0	*
p.Val1048Asp	0.0442812442779541	0.0	*
p.Val1048Cys	0.23702651262283325	0.0	*
p.Val1048Gln	0.3345034718513489	0.0	*
p.Val1048Glu	0.03420740365982056	0.0	*
p.Val1048Gly	0.09474283456802368	0.0	*
p.Val1048His	0.22894257307052612	0.0	*
p.Val1048Ile	0.8339124321937561	0.0	*
p.Val1048Leu	0.3007732033729553	0.0	*
p.Val1048Lys	0.2036687731742859	0.0	*
p.Val1048Met	0.3238620162010193	0.0	*
p.Val1048Phe	0.14985805749893188	0.0	*
p.Val1048Pro	0.040894269943237305	0.0	*
p.Val1048Ser	0.31008315086364746	0.0	*
p.Val1048Ter	*	*	*
p.Val1048Thr	0.21570611000061035	0.0	*
p.Val1048Trp	0.174846351146698	0.0	*
p.Val1048Tyr	0.07193797826766968	0.0	*
p.Val1056=	*	*	*
p.Val1056Ala	0.016733884811401367	0.0	*
p.Val1056Arg	0.00035965442657470703	0.0	*
p.Val1056Asn	0.002607583999633789	0.0	*
p.Val1056Asp	0.0003922581672668457	0.0	*
p.Val1056Cys	0.004373669624328613	0.0	*
p.Val1056Gln	0.0029175877571105957	0.0	*
p.Val1056Glu	0.00032126903533935547	0.0	*
p.Val1056Gly	0.001468062400817871	0.0	*
p.Val1056His	0.0027391910552978516	0.0	*
p.Val1056Ile	0.14253515005111694	0.0	*
p.Val1056Leu	0.008806407451629639	0.0	*
p.Val1056Met	0.006634771823883057	0.0	*
p.Val1056Phe	0.0033296942710876465	0.0	*
p.Val1056Pro	0.0004355311393737793	0.0	*
p.Val1056Ser	0.004100382328033447	0.0	*
p.Val1056Ter	*	*	*
p.Val1056Thr	0.002885103225708008	0.0	*
p.Val1056Trp	0.004726111888885498	0.0	*
p.Val1056Tyr	0.0013557076454162598	0.0	*
p.Val1059=	*	*	*
p.Val1059Ala	0.022282958030700684	0.0	*
p.Val1059Arg	0.0005722641944885254	0.0	*
p.Val1059Asn	0.002533555030822754	0.0	*
p.Val1059Asp	0.0007385611534118652	0.0	*
p.Val1059Cys	0.01584804058074951	0.0	*
p.Val1059Gln	0.014652729034423828	0.0	*
p.Val1059Glu	0.001442253589630127	0.0	*
p.Val1059Gly	0.0031952857971191406	0.0	*
p.Val1059His	0.010255396366119385	0.0	*
p.Val1059Ile	0.17875021696090698	0.0	*
p.Val1059Leu	0.01200026273727417	0.0	*
p.Val1059Lys	0.005189180374145508	0.0	*
p.Val1059Met	0.011210203170776367	0.0	*
p.Val1059Phe	0.005782961845397949	0.0	*
p.Val1059Pro	0.0008029341697692871	0.0	*
p.Val1059Ser	0.012910068035125732	0.0	*
p.Val1059Ter	*	*	*
p.Val1059Thr	0.00838249921798706	0.0	*
p.Val1059Trp	0.00847548246383667	0.0	*
p.Val1059Tyr	0.002690434455871582	0.0	*
p.Val1060=	*	*	*
p.Val1060Ala	0.008335709571838379	0.0	*
p.Val1060Arg	0.0002681612968444824	0.0	*
p.Val1060Asn	0.0010550618171691895	0.0	*
p.Val1060Asp	0.0002562403678894043	0.0	*
p.Val1060Cys	0.0017371773719787598	0.0	*
p.Val1060Gln	0.0018932819366455078	0.0	*
p.Val1060Glu	0.00020867586135864258	0.0	*
p.Val1060Gly	0.000835418701171875	0.0	*
p.Val1060His	0.0012763142585754395	0.0	*
p.Val1060Ile	0.066081702709198	0.0	*
p.Val1060Leu	0.00218808650970459	0.0	*
p.Val1060Lys	0.0007784366607666016	0.0	*
p.Val1060Met	0.0023674964904785156	0.0	*
p.Val1060Phe	0.0007723569869995117	0.0	*
p.Val1060Pro	0.00023120641708374023	0.0	*
p.Val1060Ser	0.0018548965454101562	0.0	*
p.Val1060Ter	*	*	*
p.Val1060Thr	0.0012790560722351074	0.0	*
p.Val1060Trp	0.0011587738990783691	0.0	*
p.Val1060Tyr	0.000579833984375	0.0	*
p.Val1073=	*	*	*
p.Val1073Ala	0.16425222158432007	0.0	*
p.Val1073Arg	0.00634455680847168	0.0	*
p.Val1073Asn	0.0375136137008667	0.0	*
p.Val1073Asp	0.008787572383880615	0.0	*
p.Val1073Cys	0.12322050333023071	0.0	*
p.Val1073Gln	0.1133386492729187	0.0	*
p.Val1073Glu	0.012715458869934082	0.0	*
p.Val1073Gly	0.028856337070465088	0.0	*
p.Val1073His	0.17090380191802979	0.0	*
p.Val1073Ile	0.7395305633544922	0.0	*
p.Val1073Leu	0.137173593044281	0.0	*
p.Val1073Lys	0.08697241544723511	0.0	*
p.Val1073Met	0.1719447374343872	0.0	*
p.Val1073Phe	0.053225040435791016	0.0	*
p.Val1073Pro	0.018205642700195312	0.0	*
p.Val1073Ser	0.18786299228668213	0.0	*
p.Val1073Ter	*	*	*
p.Val1073Thr	0.11166912317276001	0.0	*
p.Val1073Trp	0.070212721824646	0.0	*
p.Val1073Tyr	0.012683868408203125	0.0	*
p.Val1075=	*	*	*
p.Val1075Ala	0.002304255962371826	0.0	*
p.Val1075Arg	0.00023180246353149414	0.0	*
p.Val1075Asn	0.00047206878662109375	0.0	*
p.Val1075Asp	9.000301361083984e-05	0.0	*
p.Val1075Cys	0.0011820197105407715	0.0	*
p.Val1075Gln	0.0014435648918151855	0.0	*
p.Val1075Glu	9.334087371826172e-05	0.0	*
p.Val1075Gly	0.00029152631759643555	0.0	*
p.Val1075His	0.0007598400115966797	0.0	*
p.Val1075Ile	0.055870234966278076	0.0	*
p.Val1075Leu	0.0022502541542053223	0.0	*
p.Val1075Lys	0.0007205605506896973	0.0	*
p.Val1075Met	0.0013989806175231934	0.0	*
p.Val1075Phe	0.0009005069732666016	0.0	*
p.Val1075Pro	0.00011801719665527344	0.0	*
p.Val1075Ser	0.0014145374298095703	0.0	*
p.Val1075Ter	*	*	*
p.Val1075Thr	0.0016094446182250977	0.0	*
p.Val1075Trp	0.0019279718399047852	0.0	*
p.Val1075Tyr	0.0005934238433837891	0.0	*
p.Val1097=	*	*	*
p.Val1097Ala	0.0015472173690795898	0.0	*
p.Val1097Arg	9.226799011230469e-05	0.0	*
p.Val1097Asn	0.00039523839950561523	0.0	*
p.Val1097Asp	8.618831634521484e-05	0.0	*
p.Val1097Cys	0.0005291104316711426	0.0	*
p.Val1097Gln	0.0007826089859008789	0.0	*
p.Val1097Glu	8.52346420288086e-05	0.0	*
p.Val1097Gly	0.0002499222755432129	0.0	*
p.Val1097His	0.0005844831466674805	0.0	*
p.Val1097Ile	0.0060048699378967285	0.0	*
p.Val1097Leu	0.0013707876205444336	0.0	*
p.Val1097Lys	0.0003306865692138672	0.0	*
p.Val1097Met	0.0007349848747253418	0.0	*
p.Val1097Phe	0.00030171871185302734	0.0	*
p.Val1097Pro	6.973743438720703e-05	0.0	*
p.Val1097Ser	0.000818789005279541	0.0	*
p.Val1097Ter	*	*	*
p.Val1097Thr	0.00025922060012817383	0.0	*
p.Val1097Trp	0.0005590319633483887	0.0	*
p.Val1097Tyr	0.00020164251327514648	0.0	*
p.Val1106=	*	*	*
p.Val1106Ala	0.00022929906845092773	0.0	*
p.Val1106Arg	8.940696716308594e-06	0.0	*
p.Val1106Asn	1.800060272216797e-05	0.0	*
p.Val1106Asp	4.291534423828125e-06	0.0	*
p.Val1106Cys	1.4066696166992188e-05	0.0	*
p.Val1106Gln	8.83340835571289e-05	0.0	*
p.Val1106Glu	6.198883056640625e-06	0.0	*
p.Val1106Gly	1.7881393432617188e-05	0.0	*
p.Val1106His	2.372264862060547e-05	0.0	*
p.Val1106Ile	0.0005812644958496094	0.0	*
p.Val1106Leu	8.416175842285156e-05	0.0	*
p.Val1106Met	6.92605972290039e-05	0.0	*
p.Val1106Phe	2.0265579223632812e-05	0.0	*
p.Val1106Pro	3.4570693969726562e-06	0.0	*
p.Val1106Ser	0.00010800361633300781	0.0	*
p.Val1106Ter	*	*	*
p.Val1106Thr	2.6226043701171875e-05	0.0	*
p.Val1106Trp	2.562999725341797e-05	0.0	*
p.Val1106Tyr	1.2993812561035156e-05	0.0	*
p.Val1109=	*	*	*
p.Val1109Ala	0.00019878149032592773	0.0	*
p.Val1109Arg	2.6464462280273438e-05	0.0	*
p.Val1109Asn	8.547306060791016e-05	0.0	*
p.Val1109Asp	1.2278556823730469e-05	0.0	*
p.Val1109Cys	4.649162292480469e-05	0.0	*
p.Val1109Gln	8.809566497802734e-05	0.0	*
p.Val1109Glu	9.179115295410156e-06	0.0	*
p.Val1109Gly	4.00543212890625e-05	0.0	*
p.Val1109His	4.363059997558594e-05	0.0	*
p.Val1109Ile	0.001791834831237793	0.0	*
p.Val1109Leu	0.0001646280288696289	0.0	*
p.Val1109Lys	5.745887756347656e-05	0.0	*
p.Val1109Met	0.00017142295837402344	0.0	*
p.Val1109Phe	5.137920379638672e-05	0.0	*
p.Val1109Pro	1.33514404296875e-05	0.0	*
p.Val1109Ser	0.0001138448715209961	0.0	*
p.Val1109Ter	*	*	*
p.Val1109Thr	5.0067901611328125e-05	0.0	*
p.Val1109Trp	6.437301635742188e-05	0.0	*
p.Val1109Tyr	5.7697296142578125e-05	0.0	*
p.Val1140=	*	*	*
p.Val1140Ala	0.9409154653549194	0.0	*
p.Val1140Arg	0.6321107149124146	0.0	*
p.Val1140Asn	0.8470603227615356	0.0	*
p.Val1140Asp	0.5929675698280334	0.0	*
p.Val1140Cys	0.8498597145080566	0.0	*
p.Val1140Gln	0.8843288421630859	0.0	*
p.Val1140Glu	0.6212232112884521	0.0	*
p.Val1140Gly	0.7136961221694946	0.0	*
p.Val1140His	0.9077799320220947	0.0	*
p.Val1140Ile	0.9746580719947815	0.0	*
p.Val1140Leu	0.922606348991394	0.0	*
p.Val1140Lys	0.8235166668891907	0.0	*
p.Val1140Met	0.9011808633804321	0.0	*
p.Val1140Phe	0.6497157216072083	0.0	*
p.Val1140Pro	0.6137174367904663	0.0	*
p.Val1140Ser	0.884894847869873	0.0	*
p.Val1140Ter	*	*	*
p.Val1140Thr	0.8468478918075562	0.0	*
p.Val1140Trp	0.8103249073028564	0.0	*
p.Val1140Tyr	0.50956130027771	0.0	*
p.Val1146=	*	*	*
p.Val1146Ala	0.1044919490814209	0.0	*
p.Val1146Arg	0.004381000995635986	0.0	*
p.Val1146Asn	0.027369976043701172	0.0	*
p.Val1146Asp	0.004001021385192871	0.0	*
p.Val1146Cys	0.014330863952636719	0.0	*
p.Val1146Gln	0.018259406089782715	0.0	*
p.Val1146Glu	0.0017955303192138672	0.0	*
p.Val1146Gly	0.011988401412963867	0.0	*
p.Val1146His	0.020978569984436035	0.0	*
p.Val1146Ile	0.43710482120513916	0.0	*
p.Val1146Leu	0.05470460653305054	0.0	*
p.Val1146Lys	0.020715832710266113	0.0	*
p.Val1146Met	0.047346651554107666	0.0	*
p.Val1146Phe	0.01177978515625	0.0	*
p.Val1146Pro	0.0029368996620178223	0.0	*
p.Val1146Ser	0.0665125846862793	0.0	*
p.Val1146Ter	*	*	*
p.Val1146Thr	0.02220737934112549	0.0	*
p.Val1146Trp	0.02308976650238037	0.0	*
p.Val1146Tyr	0.008630156517028809	0.0	*
p.Val1165=	*	*	*
p.Val1165Ala	0.15928339958190918	0.0	*
p.Val1165Arg	0.009301841259002686	0.0	*
p.Val1165Asn	0.038779258728027344	0.0	*
p.Val1165Asp	0.0114976167678833	0.0	*
p.Val1165Cys	0.037523865699768066	0.0	*
p.Val1165Glu	0.008891701698303223	0.0	*
p.Val1165Gly	0.031060099601745605	0.0	*
p.Val1165His	0.05217069387435913	0.0	*
p.Val1165Ile	0.5165513753890991	0.0	*
p.Val1165Leu	0.08054530620574951	0.0	*
p.Val1165Lys	0.04448962211608887	0.0	*
p.Val1165Met	0.09731018543243408	0.0	*
p.Val1165Phe	0.031242787837982178	0.0	*
p.Val1165Pro	0.007529139518737793	0.0	*
p.Val1165Ser	0.06219881772994995	0.0	*
p.Val1165Ter	*	*	*
p.Val1165Thr	0.03861159086227417	0.0	*
p.Val1165Trp	0.027157247066497803	0.0	*
p.Val1165Tyr	0.017933905124664307	0.0	*
p.Val1182=	*	*	*
p.Val1182Ala	0.00026863813400268555	0.0	*
p.Val1182Arg	3.230571746826172e-05	0.0	*
p.Val1182Asn	5.042552947998047e-05	0.0	*
p.Val1182Asp	4.1961669921875e-05	0.0	*
p.Val1182Cys	0.00020891427993774414	0.0	*
p.Val1182Gln	0.0004601478576660156	0.0	*
p.Val1182Glu	3.743171691894531e-05	0.0	*
p.Val1182Gly	7.140636444091797e-05	0.0	*
p.Val1182His	0.00020557641983032227	0.0	*
p.Val1182Ile	0.0014967918395996094	0.0	*
p.Val1182Leu	0.00018173456192016602	0.0	*
p.Val1182Lys	0.0001226663589477539	0.0	*
p.Val1182Met	0.00018066167831420898	0.0	*
p.Val1182Phe	8.499622344970703e-05	0.0	*
p.Val1182Pro	1.2278556823730469e-05	0.0	*
p.Val1182Ser	0.0002994537353515625	0.0	*
p.Val1182Ter	*	*	*
p.Val1182Thr	0.0001913905143737793	0.0	*
p.Val1182Trp	0.00021857023239135742	0.0	*
p.Val1182Tyr	8.022785186767578e-05	0.0	*
p.Val1187=	*	*	*
p.Val1187Ala	0.03503286838531494	0.0	*
p.Val1187Arg	0.005416214466094971	0.0	*
p.Val1187Asn	0.021536648273468018	0.0	*
p.Val1187Asp	0.0027801990509033203	0.0	*
p.Val1187Cys	0.05095607042312622	0.0	*
p.Val1187Gln	0.030024409294128418	0.0	*
p.Val1187Glu	0.003821730613708496	0.0	*
p.Val1187Gly	0.012247681617736816	0.0	*
p.Val1187His	0.029487967491149902	0.0	*
p.Val1187Ile	0.4441590905189514	0.0	*
p.Val1187Leu	0.031228959560394287	0.0	*
p.Val1187Lys	0.023765861988067627	0.0	*
p.Val1187Met	0.05832165479660034	0.0	*
p.Val1187Phe	0.018258512020111084	0.0	*
p.Val1187Pro	0.004663050174713135	0.0	*
p.Val1187Ser	0.02773219347000122	0.0	*
p.Val1187Ter	*	*	*
p.Val1187Thr	0.021712005138397217	0.0	*
p.Val1187Trp	0.02683049440383911	0.0	*
p.Val1187Tyr	0.011514663696289062	0.0	*
p.Val1198=	*	*	*
p.Val1198Ala	0.04059261083602905	0.0	*
p.Val1198Arg	0.008802652359008789	0.0	*
p.Val1198Asn	0.02145528793334961	0.0	*
p.Val1198Asp	0.006913900375366211	0.0	*
p.Val1198Cys	0.04789334535598755	0.0	*
p.Val1198Gln	0.09253019094467163	0.0	*
p.Val1198Glu	0.005248129367828369	0.0	*
p.Val1198Gly	0.010761141777038574	0.0	*
p.Val1198His	0.05061149597167969	0.0	*
p.Val1198Ile	0.5145909786224365	0.0	*
p.Val1198Leu	0.06128120422363281	0.0	*
p.Val1198Lys	0.024821996688842773	0.0	*
p.Val1198Met	0.05993807315826416	0.0	*
p.Val1198Phe	0.021866023540496826	0.0	*
p.Val1198Pro	0.0031620264053344727	0.0	*
p.Val1198Ser	0.049203574657440186	0.0	*
p.Val1198Ter	*	*	*
p.Val1198Thr	0.029803156852722168	0.0	*
p.Val1198Trp	0.04037576913833618	0.0	*
p.Val1198Tyr	0.019958555698394775	0.0	*
p.Val1206=	*	*	*
p.Val1206Ala	0.032820820808410645	0.0	*
p.Val1206Arg	0.0034122467041015625	0.0	*
p.Val1206Asn	0.010142326354980469	0.0	*
p.Val1206Asp	0.0019376873970031738	0.0	*
p.Val1206Cys	0.02042067050933838	0.0	*
p.Val1206Gln	0.08187597990036011	0.0	*
p.Val1206Glu	0.0029967427253723145	0.0	*
p.Val1206Gly	0.003858506679534912	0.0	*
p.Val1206His	0.03460174798965454	0.0	*
p.Val1206Ile	0.7478508949279785	0.0	*
p.Val1206Leu	0.16964006423950195	0.0	*
p.Val1206Lys	0.0266721248626709	0.0	*
p.Val1206Met	0.07193046808242798	0.0	*
p.Val1206Phe	0.036013782024383545	0.0	*
p.Val1206Pro	0.0015544295310974121	0.0	*
p.Val1206Ser	0.020794212818145752	0.0	*
p.Val1206Ter	*	*	*
p.Val1206Thr	0.027994811534881592	0.0	*
p.Val1206Trp	0.06351649761199951	0.0	*
p.Val1206Tyr	0.015023469924926758	0.0	*
p.Val1214=	*	*	*
p.Val1214Ala	0.013509392738342285	0.0	*
p.Val1214Arg	0.0010016560554504395	0.0	*
p.Val1214Asn	0.005369782447814941	0.0	*
p.Val1214Asp	0.0006039142608642578	0.0	*
p.Val1214Cys	0.004071414470672607	0.0	*
p.Val1214Gln	0.007876455783843994	0.0	*
p.Val1214Glu	0.0004723072052001953	0.0	*
p.Val1214Gly	0.002439737319946289	0.0	*
p.Val1214His	0.006943106651306152	0.0	*
p.Val1214Ile	0.19099611043930054	0.0	*
p.Val1214Leu	0.018776893615722656	0.0	*
p.Val1214Lys	0.006756603717803955	0.0	*
p.Val1214Met	0.023977935314178467	0.0	*
p.Val1214Phe	0.005298733711242676	0.0	*
p.Val1214Pro	0.0008720755577087402	0.0	*
p.Val1214Ser	0.017636537551879883	0.0	*
p.Val1214Ter	*	*	*
p.Val1214Thr	0.007986843585968018	0.0	*
p.Val1214Trp	0.006816446781158447	0.0	*
p.Val1214Tyr	0.0032588839530944824	0.0	*
p.Val1216=	*	*	*
p.Val1216Ala	0.0005424618721008301	0.0	*
p.Val1216Arg	6.99758529663086e-05	0.0	*
p.Val1216Asn	9.489059448242188e-05	0.0	*
p.Val1216Asp	3.0875205993652344e-05	0.0	*
p.Val1216Cys	0.0005251765251159668	0.0	*
p.Val1216Gln	0.0004152655601501465	0.0	*
p.Val1216Glu	3.3020973205566406e-05	0.0	*
p.Val1216Gly	9.822845458984375e-05	0.0	*
p.Val1216His	0.00017070770263671875	0.0	*
p.Val1216Ile	0.0070770978927612305	0.0	*
p.Val1216Leu	0.0004793405532836914	0.0	*
p.Val1216Lys	0.00023812055587768555	0.0	*
p.Val1216Met	0.00034236907958984375	0.0	*
p.Val1216Phe	0.00017434358596801758	0.0	*
p.Val1216Pro	4.7087669372558594e-05	0.0	*
p.Val1216Ser	0.0006096363067626953	0.0	*
p.Val1216Ter	*	*	*
p.Val1216Thr	0.0003464221954345703	0.0	*
p.Val1216Trp	0.0002492070198059082	0.0	*
p.Val1216Tyr	0.0001569986343383789	0.0	*
p.Val1217=	*	*	*
p.Val1217Ala	0.0020661354064941406	0.0	*
p.Val1217Arg	0.00011909008026123047	0.0	*
p.Val1217Asn	0.00024336576461791992	0.0	*
p.Val1217Asp	8.58306884765625e-05	0.0	*
p.Val1217Cys	0.00041288137435913086	0.0	*
p.Val1217Gln	0.00130540132522583	0.0	*
p.Val1217Glu	4.9948692321777344e-05	0.0	*
p.Val1217Gly	0.00019782781600952148	0.0	*
p.Val1217His	0.0006584525108337402	0.0	*
p.Val1217Ile	0.033738017082214355	0.0	*
p.Val1217Leu	0.0011231303215026855	0.0	*
p.Val1217Lys	0.0004943609237670898	0.0	*
p.Val1217Met	0.0009284019470214844	0.0	*
p.Val1217Phe	0.0002468228340148926	0.0	*
p.Val1217Pro	4.744529724121094e-05	0.0	*
p.Val1217Ser	0.0008591413497924805	0.0	*
p.Val1217Ter	*	*	*
p.Val1217Thr	0.00045102834701538086	0.0	*
p.Val1217Trp	0.0004455447196960449	0.0	*
p.Val1217Tyr	0.00034689903259277344	0.0	*
p.Val1234=	*	*	*
p.Val1234Ala	0.008487403392791748	0.0	*
p.Val1234Arg	0.0006580948829650879	0.0	*
p.Val1234Asn	0.0019261837005615234	0.0	*
p.Val1234Asp	0.00032389163970947266	0.0	*
p.Val1234Cys	0.002708137035369873	0.0	*
p.Val1234Gln	0.003949224948883057	0.0	*
p.Val1234Glu	0.00022834539413452148	0.0	*
p.Val1234Gly	0.0011615157127380371	0.0	*
p.Val1234His	0.0030347704887390137	0.0	*
p.Val1234Ile	0.08845078945159912	0.0	*
p.Val1234Leu	0.005788147449493408	0.0	*
p.Val1234Lys	0.0021900534629821777	0.0	*
p.Val1234Met	0.008829832077026367	0.0	*
p.Val1234Phe	0.0018369555473327637	0.0	*
p.Val1234Pro	0.00025659799575805664	0.0	*
p.Val1234Ser	0.0038036108016967773	0.0	*
p.Val1234Ter	*	*	*
p.Val1234Thr	0.0017169713973999023	0.0	*
p.Val1234Trp	0.0029491186141967773	0.0	*
p.Val1234Tyr	0.0010706782341003418	0.0	*
p.Val1239=	*	*	*
p.Val1239Ala	0.012516498565673828	0.0	*
p.Val1239Arg	0.0005533099174499512	0.0	*
p.Val1239Asn	0.002665400505065918	0.0	*
p.Val1239Asp	0.000331878662109375	0.0	*
p.Val1239Cys	0.009147703647613525	0.0	*
p.Val1239Gln	0.003469526767730713	0.0	*
p.Val1239Glu	0.00022357702255249023	0.0	*
p.Val1239Gly	0.0015026330947875977	0.0	*
p.Val1239His	0.002274930477142334	0.0	*
p.Val1239Ile	0.0931997299194336	0.0	*
p.Val1239Leu	0.007701694965362549	0.0	*
p.Val1239Lys	0.003200531005859375	0.0	*
p.Val1239Met	0.007832705974578857	0.0	*
p.Val1239Phe	0.002199828624725342	0.0	*
p.Val1239Pro	0.0003349781036376953	0.0	*
p.Val1239Ser	0.008063435554504395	0.0	*
p.Val1239Ter	*	*	*
p.Val1239Thr	0.0022056102752685547	0.0	*
p.Val1239Trp	0.0035744309425354004	0.0	*
p.Val1239Tyr	0.0009462237358093262	0.0	*
p.Val1243=	*	*	*
p.Val1243Ala	0.17186015844345093	0.0	*
p.Val1243Arg	0.01469045877456665	0.0	*
p.Val1243Asn	0.05561411380767822	0.0	*
p.Val1243Asp	0.012768447399139404	0.0	*
p.Val1243Cys	0.08338212966918945	0.0	*
p.Val1243Gln	0.13328427076339722	0.0	*
p.Val1243Glu	0.013202905654907227	0.0	*
p.Val1243Gly	0.02978724241256714	0.0	*
p.Val1243His	0.06231856346130371	0.0	*
p.Val1243Ile	0.6817368268966675	0.0	*
p.Val1243Leu	0.10955971479415894	0.0	*
p.Val1243Lys	0.07814842462539673	0.0	*
p.Val1243Met	0.13863855600357056	0.0	*
p.Val1243Phe	0.05570518970489502	0.0	*
p.Val1243Pro	0.010636091232299805	0.0	*
p.Val1243Ser	0.11525911092758179	0.0	*
p.Val1243Ter	*	*	*
p.Val1243Thr	0.07677984237670898	0.0	*
p.Val1243Trp	0.06199520826339722	0.0	*
p.Val1243Tyr	0.028514742851257324	0.0	*
p.Val1249=	*	*	*
p.Val1249Ala	0.4017675518989563	0.0	*
p.Val1249Arg	0.05103623867034912	0.0	*
p.Val1249Asn	0.17255127429962158	0.0	*
p.Val1249Asp	0.03526866436004639	0.0	*
p.Val1249Cys	0.14745169878005981	0.0	*
p.Val1249Gln	0.2040022611618042	0.0	*
p.Val1249Glu	0.024668335914611816	0.0	*
p.Val1249Gly	0.08924925327301025	0.0	*
p.Val1249His	0.16034531593322754	0.0	*
p.Val1249Ile	0.7179532051086426	0.0	*
p.Val1249Leu	0.2788405418395996	0.0	*
p.Val1249Lys	0.1960386037826538	0.0	*
p.Val1249Met	0.34364521503448486	0.0	*
p.Val1249Phe	0.08206284046173096	0.0	*
p.Val1249Pro	0.03559696674346924	0.0	*
p.Val1249Ser	0.2493429183959961	0.0	*
p.Val1249Ter	*	*	*
p.Val1249Thr	0.15721213817596436	0.0	*
p.Val1249Trp	0.10940855741500854	0.0	*
p.Val1249Tyr	0.0400424599647522	0.0	*
p.Val1252=	*	*	*
p.Val1252Ala	0.03285932540893555	0.0	*
p.Val1252Arg	0.0016348958015441895	0.0	*
p.Val1252Asn	0.008913099765777588	0.0	*
p.Val1252Asp	0.0014183521270751953	0.0	*
p.Val1252Cys	0.009201765060424805	0.0	*
p.Val1252Gln	0.009932875633239746	0.0	*
p.Val1252Glu	0.0008775591850280762	0.0	*
p.Val1252Gly	0.0036606788635253906	0.0	*
p.Val1252His	0.007161200046539307	0.0	*
p.Val1252Ile	0.15236753225326538	0.0	*
p.Val1252Leu	0.014672636985778809	0.0	*
p.Val1252Lys	0.005598723888397217	0.0	*
p.Val1252Met	0.02117985486984253	0.0	*
p.Val1252Phe	0.005252063274383545	0.0	*
p.Val1252Pro	0.0008056759834289551	0.0	*
p.Val1252Ser	0.008520126342773438	0.0	*
p.Val1252Ter	*	*	*
p.Val1252Thr	0.004458963871002197	0.0	*
p.Val1252Trp	0.005156517028808594	0.0	*
p.Val1252Tyr	0.0032991766929626465	0.0	*
p.Val1262=	*	*	*
p.Val1262Ala	0.012183964252471924	0.0	*
p.Val1262Arg	0.0004298090934753418	0.0	*
p.Val1262Asn	0.0017462372779846191	0.0	*
p.Val1262Asp	0.00039333105087280273	0.0	*
p.Val1262Cys	0.004624724388122559	0.0	*
p.Val1262Gln	0.003972530364990234	0.0	*
p.Val1262Glu	0.0003355741500854492	0.0	*
p.Val1262Gly	0.0016286969184875488	0.0	*
p.Val1262His	0.002946019172668457	0.0	*
p.Val1262Ile	0.07556813955307007	0.0	*
p.Val1262Leu	0.004911959171295166	0.0	*
p.Val1262Lys	0.002668023109436035	0.0	*
p.Val1262Met	0.006572604179382324	0.0	*
p.Val1262Phe	0.002072572708129883	0.0	*
p.Val1262Pro	0.00036704540252685547	0.0	*
p.Val1262Ser	0.0038663148880004883	0.0	*
p.Val1262Ter	*	*	*
p.Val1262Thr	0.0017958879470825195	0.0	*
p.Val1262Trp	0.0021491050720214844	0.0	*
p.Val1262Tyr	0.0008743405342102051	0.0	*
p.Val1265=	*	*	*
p.Val1265Ala	0.005326449871063232	0.0	*
p.Val1265Arg	0.00027447938919067383	0.0	*
p.Val1265Asn	0.0019088387489318848	0.0	*
p.Val1265Asp	0.00015807151794433594	0.0	*
p.Val1265Cys	0.0022540688514709473	0.0	*
p.Val1265Gln	0.0013370513916015625	0.0	*
p.Val1265Glu	0.00010097026824951172	0.0	*
p.Val1265Gly	0.0007632970809936523	0.0	*
p.Val1265His	0.0012437105178833008	0.0	*
p.Val1265Ile	0.05212438106536865	0.0	*
p.Val1265Leu	0.007640540599822998	0.0	*
p.Val1265Lys	0.0011153817176818848	0.0	*
p.Val1265Met	0.007476985454559326	0.0	*
p.Val1265Phe	0.0015884637832641602	0.0	*
p.Val1265Pro	0.00010752677917480469	0.0	*
p.Val1265Ser	0.002597630023956299	0.0	*
p.Val1265Ter	*	*	*
p.Val1265Thr	0.0010845661163330078	0.0	*
p.Val1265Trp	0.0019823312759399414	0.0	*
p.Val1265Tyr	0.0006867647171020508	0.0	*
p.Val1269=	*	*	*
p.Val1269Ala	0.006806433200836182	0.0	*
p.Val1269Arg	0.0017825961112976074	0.0	*
p.Val1269Asn	0.004484951496124268	0.0	*
p.Val1269Asp	0.0011867284774780273	0.0	*
p.Val1269Cys	0.006712973117828369	0.0	*
p.Val1269Gln	0.008392810821533203	0.0	*
p.Val1269Glu	0.0010981559753417969	0.0	*
p.Val1269Gly	0.0025854110717773438	0.0	*
p.Val1269His	0.010883986949920654	0.0	*
p.Val1269Ile	0.10059869289398193	0.0	*
p.Val1269Leu	0.004974424839019775	0.0	*
p.Val1269Lys	0.0052558183670043945	0.0	*
p.Val1269Met	0.0062680840492248535	0.0	*
p.Val1269Phe	0.0032699108123779297	0.0	*
p.Val1269Pro	0.001886129379272461	0.0	*
p.Val1269Ser	0.006756246089935303	0.0	*
p.Val1269Ter	*	*	*
p.Val1269Thr	0.006769418716430664	0.0	*
p.Val1269Trp	0.004001498222351074	0.0	*
p.Val1269Tyr	0.002075791358947754	0.0	*
p.Val1282=	*	*	*
p.Val1282Ala	0.01334148645401001	0.0	*
p.Val1282Arg	0.0004646778106689453	0.0	*
p.Val1282Asn	0.0012310147285461426	0.0	*
p.Val1282Asp	0.00024396181106567383	0.0	*
p.Val1282Cys	0.014627635478973389	0.0	*
p.Val1282Gln	0.003423154354095459	0.0	*
p.Val1282Glu	0.00011336803436279297	0.0	*
p.Val1282Gly	0.0007873773574829102	0.0	*
p.Val1282His	0.0023471713066101074	0.0	*
p.Val1282Ile	0.5464106798171997	0.0	*
p.Val1282Leu	0.02838003635406494	0.0	*
p.Val1282Lys	0.0041869282722473145	0.0	*
p.Val1282Met	0.015583455562591553	0.0	*
p.Val1282Phe	0.0035185813903808594	0.0	*
p.Val1282Pro	0.0002594590187072754	0.0	*
p.Val1282Ser	0.007635831832885742	0.0	*
p.Val1282Ter	*	*	*
p.Val1282Thr	0.0036736130714416504	0.0	*
p.Val1282Trp	0.009061694145202637	0.0	*
p.Val1282Tyr	0.0023224949836730957	0.0	*
p.Val1290=	*	*	*
p.Val1290Ala	0.006032466888427734	0.0	*
p.Val1290Arg	0.004108548164367676	0.0	*
p.Val1290Asn	0.0060111284255981445	0.0	*
p.Val1290Asp	0.0010085701942443848	0.0	*
p.Val1290Cys	0.005286872386932373	0.0	*
p.Val1290Gln	0.008480608463287354	0.0	*
p.Val1290Glu	0.000822603702545166	0.0	*
p.Val1290Gly	0.0015523433685302734	0.0	*
p.Val1290His	0.003936946392059326	0.0	*
p.Val1290Ile	0.09580516815185547	0.0	*
p.Val1290Leu	0.010202944278717041	0.0	*
p.Val1290Lys	0.0062087178230285645	0.0	*
p.Val1290Met	0.007882893085479736	0.0	*
p.Val1290Phe	0.003550410270690918	0.0	*
p.Val1290Pro	0.0019276142120361328	0.0	*
p.Val1290Ser	0.009868741035461426	0.0	*
p.Val1290Ter	*	*	*
p.Val1290Thr	0.006181061267852783	0.0	*
p.Val1290Trp	0.006621122360229492	0.0	*
p.Val1290Tyr	0.002058565616607666	0.0	*
p.Val1297=	*	*	*
p.Val1297Ala	0.15840429067611694	0.0	*
p.Val1297Arg	0.018161296844482422	0.0	*
p.Val1297Asn	0.03559541702270508	0.0	*
p.Val1297Asp	0.008342742919921875	0.0	*
p.Val1297Cys	0.09113132953643799	0.0	*
p.Val1297Gln	0.09689909219741821	0.0	*
p.Val1297Glu	0.008718907833099365	0.0	*
p.Val1297Gly	0.024207592010498047	0.0	*
p.Val1297His	0.04999971389770508	0.0	*
p.Val1297Ile	0.6970176100730896	0.0	*
p.Val1297Leu	0.12817788124084473	0.0	*
p.Val1297Lys	0.04811340570449829	0.0	*
p.Val1297Met	0.11984026432037354	0.0	*
p.Val1297Phe	0.04652547836303711	0.0	*
p.Val1297Pro	0.005149185657501221	0.0	*
p.Val1297Ser	0.09521812200546265	0.0	*
p.Val1297Ter	*	*	*
p.Val1297Thr	0.06834167242050171	0.0	*
p.Val1297Trp	0.051019906997680664	0.0	*
p.Val1297Tyr	0.037744998931884766	0.0	*
p.Val1298=	*	*	*
p.Val1298Ala	0.05554819107055664	0.0	*
p.Val1298Arg	0.005493581295013428	0.0	*
p.Val1298Asn	0.011468291282653809	0.0	*
p.Val1298Asp	0.004152834415435791	0.0	*
p.Val1298Cys	0.047113656997680664	0.0	*
p.Val1298Gln	0.06709468364715576	0.0	*
p.Val1298Glu	0.002522885799407959	0.0	*
p.Val1298Gly	0.013932526111602783	0.0	*
p.Val1298His	0.03540349006652832	0.0	*
p.Val1298Ile	0.5948425531387329	0.0	*
p.Val1298Leu	0.07233905792236328	0.0	*
p.Val1298Lys	0.0292433500289917	0.0	*
p.Val1298Met	0.0681491494178772	0.0	*
p.Val1298Phe	0.023637473583221436	0.0	*
p.Val1298Pro	0.0031290650367736816	0.0	*
p.Val1298Ser	0.050597965717315674	0.0	*
p.Val1298Ter	*	*	*
p.Val1298Thr	0.06490135192871094	0.0	*
p.Val1298Trp	0.02961677312850952	0.0	*
p.Val1298Tyr	0.020016133785247803	0.0	*
p.Val1307=	*	*	*
p.Val1307Ala	0.03833448886871338	0.0	*
p.Val1307Arg	0.0019183158874511719	0.0	*
p.Val1307Asn	0.006925344467163086	0.0	*
p.Val1307Asp	0.001088857650756836	0.0	*
p.Val1307Cys	0.018047034740447998	0.0	*
p.Val1307Gln	0.008639156818389893	0.0	*
p.Val1307Glu	0.001098036766052246	0.0	*
p.Val1307Gly	0.0058855414390563965	0.0	*
p.Val1307His	0.0065937042236328125	0.0	*
p.Val1307Ile	0.34374547004699707	0.0	*
p.Val1307Leu	0.028705179691314697	0.0	*
p.Val1307Lys	0.006370365619659424	0.0	*
p.Val1307Met	0.027370691299438477	0.0	*
p.Val1307Phe	0.007792532444000244	0.0	*
p.Val1307Pro	0.0011798739433288574	0.0	*
p.Val1307Ser	0.013101577758789062	0.0	*
p.Val1307Ter	*	*	*
p.Val1307Thr	0.00867849588394165	0.0	*
p.Val1307Trp	0.009835422039031982	0.0	*
p.Val1307Tyr	0.00452190637588501	0.0	*
p.Val1308=	*	*	*
p.Val1308Ala	0.03285592794418335	0.0	*
p.Val1308Arg	0.0022063255310058594	0.0	*
p.Val1308Asn	0.0066193342208862305	0.0	*
p.Val1308Asp	0.0013166069984436035	0.0	*
p.Val1308Cys	0.017164945602416992	0.0	*
p.Val1308Gln	0.017484307289123535	0.0	*
p.Val1308Glu	0.0008915066719055176	0.0	*
p.Val1308Gly	0.005686163902282715	0.0	*
p.Val1308His	0.01383298635482788	0.0	*
p.Val1308Ile	0.37991970777511597	0.0	*
p.Val1308Leu	0.044785916805267334	0.0	*
p.Val1308Lys	0.008559346199035645	0.0	*
p.Val1308Met	0.03814321756362915	0.0	*
p.Val1308Phe	0.007520318031311035	0.0	*
p.Val1308Pro	0.0009887218475341797	0.0	*
p.Val1308Ser	0.010729551315307617	0.0	*
p.Val1308Ter	*	*	*
p.Val1308Thr	0.01064366102218628	0.0	*
p.Val1308Trp	0.013299405574798584	0.0	*
p.Val1308Tyr	0.006206631660461426	0.0	*
p.Val1318=	*	*	*
p.Val1318Ala	0.08311682939529419	0.0	*
p.Val1318Arg	0.0072231292724609375	0.0	*
p.Val1318Asn	0.02195364236831665	0.0	*
p.Val1318Asp	0.001951456069946289	0.0	*
p.Val1318Cys	0.029996037483215332	0.0	*
p.Val1318Gln	0.02144455909729004	0.0	*
p.Val1318Glu	0.001322925090789795	0.0	*
p.Val1318Gly	0.006009042263031006	0.0	*
p.Val1318His	0.007519125938415527	0.0	*
p.Val1318Ile	0.5019775629043579	0.0	*
p.Val1318Leu	0.04450768232345581	0.0	*
p.Val1318Lys	0.019916296005249023	0.0	*
p.Val1318Met	0.04772871732711792	0.0	*
p.Val1318Phe	0.011070668697357178	0.0	*
p.Val1318Pro	0.0033751726150512695	0.0	*
p.Val1318Ser	0.07329577207565308	0.0	*
p.Val1318Ter	*	*	*
p.Val1318Thr	0.021335721015930176	0.0	*
p.Val1318Trp	0.018137633800506592	0.0	*
p.Val1318Tyr	0.008440077304840088	0.0	*
p.Val1326=	*	*	*
p.Val1326Ala	0.2036861777305603	0.0	*
p.Val1326Arg	0.013262033462524414	0.0	*
p.Val1326Asn	0.056946635246276855	0.0	*
p.Val1326Asp	0.012817978858947754	0.0	*
p.Val1326Cys	0.12141042947769165	0.0	*
p.Val1326Gln	0.1674066185951233	0.0	*
p.Val1326Glu	0.009007155895233154	0.0	*
p.Val1326Gly	0.05402815341949463	0.0	*
p.Val1326His	0.12421578168869019	0.0	*
p.Val1326Ile	0.7794520854949951	0.0	*
p.Val1326Leu	0.25302398204803467	0.0	*
p.Val1326Lys	0.08411502838134766	0.0	*
p.Val1326Met	0.21310627460479736	0.0	*
p.Val1326Phe	0.06668728590011597	0.0	*
p.Val1326Pro	0.009217441082000732	0.0	*
p.Val1326Ser	0.17179155349731445	0.0	*
p.Val1326Ter	*	*	*
p.Val1326Thr	0.060493528842926025	0.0	*
p.Val1326Trp	0.14214754104614258	0.0	*
p.Val1326Tyr	0.03850758075714111	0.0	*
p.Val1334=	*	*	*
p.Val1334Ala	0.46091020107269287	0.0	*
p.Val1334Arg	0.019456803798675537	0.0	*
p.Val1334Asn	0.13183379173278809	0.0	*
p.Val1334Asp	0.038204193115234375	0.0	*
p.Val1334Cys	0.17069804668426514	0.0	*
p.Val1334Gln	0.22327744960784912	0.0	*
p.Val1334Glu	0.025292694568634033	0.0	*
p.Val1334Gly	0.1497686505317688	0.0	*
p.Val1334His	0.34059077501296997	0.0	*
p.Val1334Ile	0.8880462646484375	0.0	*
p.Val1334Leu	0.43108177185058594	0.0	*
p.Val1334Lys	0.23127412796020508	0.0	*
p.Val1334Met	0.4968068599700928	0.0	*
p.Val1334Phe	0.1523645520210266	0.0	*
p.Val1334Pro	0.016558468341827393	0.0	*
p.Val1334Ser	0.3128395080566406	0.0	*
p.Val1334Ter	*	*	*
p.Val1334Thr	0.16346663236618042	0.0	*
p.Val1334Trp	0.13197439908981323	0.0	*
p.Val1334Tyr	0.05169481039047241	0.0	*
p.Val1342=	*	*	*
p.Val1342Ala	0.41978776454925537	0.0	*
p.Val1342Arg	0.07163608074188232	0.0	*
p.Val1342Asn	0.31757402420043945	0.0	*
p.Val1342Asp	0.05547690391540527	0.0	*
p.Val1342Cys	0.5683841705322266	0.0	*
p.Val1342Gln	0.4710838794708252	0.0	*
p.Val1342Glu	0.05835294723510742	0.0	*
p.Val1342Gly	0.2296280860900879	0.0	*
p.Val1342His	0.45052093267440796	0.0	*
p.Val1342Ile	0.9475295543670654	0.0	*
p.Val1342Leu	0.3363279104232788	0.0	*
p.Val1342Lys	0.404415488243103	0.0	*
p.Val1342Met	0.703862190246582	0.0	*
p.Val1342Phe	0.2775036096572876	0.0	*
p.Val1342Pro	0.06531167030334473	0.0	*
p.Val1342Ser	0.6359856128692627	0.0	*
p.Val1342Ter	*	*	*
p.Val1342Thr	0.5116468667984009	0.0	*
p.Val1342Trp	0.2713090181350708	0.0	*
p.Val1342Tyr	0.08629995584487915	0.0	*
p.Val1349=	*	*	*
p.Val1349Ala	0.288473904132843	0.0	*
p.Val1349Arg	0.04009133577346802	0.0	*
p.Val1349Asn	0.16321903467178345	0.0	*
p.Val1349Asp	0.033426761627197266	0.0	*
p.Val1349Cys	0.26458168029785156	0.0	*
p.Val1349Gln	0.2420346736907959	0.0	*
p.Val1349Glu	0.029665231704711914	0.0	*
p.Val1349Gly	0.09284377098083496	0.0	*
p.Val1349His	0.19928616285324097	0.0	*
p.Val1349Ile	0.8521663546562195	0.0	*
p.Val1349Leu	0.3016613721847534	0.0	*
p.Val1349Lys	0.20850765705108643	0.0	*
p.Val1349Met	0.42413264513015747	0.0	*
p.Val1349Phe	0.1301315426826477	0.0	*
p.Val1349Pro	0.04612928628921509	0.0	*
p.Val1349Ser	0.3555646538734436	0.0	*
p.Val1349Ter	*	*	*
p.Val1349Thr	0.24476152658462524	0.0	*
p.Val1349Trp	0.23104065656661987	0.0	*
p.Val1349Tyr	0.06225156784057617	0.0	*
p.Val1364=	*	*	*
p.Val1364Ala	0.20402127504348755	0.0	*
p.Val1364Arg	0.031189680099487305	0.0	*
p.Val1364Asn	0.0861579179763794	0.0	*
p.Val1364Asp	0.02444624900817871	0.0	*
p.Val1364Cys	0.07861530780792236	0.0	*
p.Val1364Gln	0.1775941252708435	0.0	*
p.Val1364Glu	0.014067351818084717	0.0	*
p.Val1364Gly	0.035839974880218506	0.0	*
p.Val1364His	0.1446748971939087	0.0	*
p.Val1364Ile	0.837550163269043	0.0	*
p.Val1364Leu	0.18150323629379272	0.0	*
p.Val1364Lys	0.14098411798477173	0.0	*
p.Val1364Met	0.23256945610046387	0.0	*
p.Val1364Phe	0.0775381326675415	0.0	*
p.Val1364Pro	0.025134921073913574	0.0	*
p.Val1364Ser	0.20698833465576172	0.0	*
p.Val1364Ter	*	*	*
p.Val1364Thr	0.16241466999053955	0.0	*
p.Val1364Trp	0.10470473766326904	0.0	*
p.Val1364Tyr	0.03993117809295654	0.0	*
p.Val1366=	*	*	*
p.Val1366Ala	0.08234405517578125	0.0	*
p.Val1366Arg	0.006632626056671143	0.0	*
p.Val1366Asn	0.0189056396484375	0.0	*
p.Val1366Asp	0.005112707614898682	0.0	*
p.Val1366Cys	0.03517371416091919	0.0	*
p.Val1366Gln	0.047174930572509766	0.0	*
p.Val1366Glu	0.0036423802375793457	0.0	*
p.Val1366Gly	0.010590195655822754	0.0	*
p.Val1366His	0.03941315412521362	0.0	*
p.Val1366Ile	0.6426851749420166	0.0	*
p.Val1366Leu	0.06990426778793335	0.0	*
p.Val1366Lys	0.04556387662887573	0.0	*
p.Val1366Met	0.07104873657226562	0.0	*
p.Val1366Phe	0.027080297470092773	0.0	*
p.Val1366Pro	0.005459606647491455	0.0	*
p.Val1366Ser	0.07300877571105957	0.0	*
p.Val1366Ter	*	*	*
p.Val1366Thr	0.07435047626495361	0.0	*
p.Val1366Trp	0.044165730476379395	0.0	*
p.Val1366Tyr	0.018445074558258057	0.0	*
p.Val1367=	*	*	*
p.Val1367Ala	0.1106419563293457	0.0	*
p.Val1367Arg	0.008905470371246338	0.0	*
p.Val1367Asn	0.03183048963546753	0.0	*
p.Val1367Asp	0.010496258735656738	0.0	*
p.Val1367Cys	0.038019657135009766	0.0	*
p.Val1367Gln	0.07144004106521606	0.0	*
p.Val1367Glu	0.006173312664031982	0.0	*
p.Val1367Gly	0.015700042247772217	0.0	*
p.Val1367His	0.05362749099731445	0.0	*
p.Val1367Ile	0.7561547160148621	0.0	*
p.Val1367Leu	0.11005926132202148	0.0	*
p.Val1367Lys	0.04493468999862671	0.0	*
p.Val1367Met	0.08052343130111694	0.0	*
p.Val1367Phe	0.034222424030303955	0.0	*
p.Val1367Pro	0.009625375270843506	0.0	*
p.Val1367Ser	0.056082069873809814	0.0	*
p.Val1367Ter	*	*	*
p.Val1367Thr	0.07544994354248047	0.0	*
p.Val1367Trp	0.05654442310333252	0.0	*
p.Val1367Tyr	0.027545571327209473	0.0	*
p.Val1400=	*	*	*
p.Val1400Ala	0.972499668598175	0.0	*
p.Val1400Arg	0.7200428247451782	0.0	*
p.Val1400Asn	0.8949374556541443	0.0	*
p.Val1400Asp	0.7878945469856262	0.0	*
p.Val1400Cys	0.9116800427436829	0.0	*
p.Val1400Gln	0.9437732100486755	0.0	*
p.Val1400Glu	0.6858820915222168	0.0	*
p.Val1400Gly	0.7983313202857971	0.0	*
p.Val1400His	0.9608980417251587	0.0	*
p.Val1400Ile	0.9906793832778931	0.0	*
p.Val1400Leu	0.9067456722259521	0.0	*
p.Val1400Lys	0.9308243989944458	0.0	*
p.Val1400Met	0.9593001008033752	0.0	*
p.Val1400Phe	0.7690513134002686	0.0	*
p.Val1400Pro	0.7258704304695129	0.0	*
p.Val1400Ser	0.9464426040649414	0.0	*
p.Val1400Ter	*	*	*
p.Val1400Thr	0.9600131511688232	0.0	*
p.Val1400Trp	0.8092880845069885	0.0	*
p.Val1400Tyr	0.5851946473121643	0.0	*
p.Val1402=	*	*	*
p.Val1402Ala	0.9572338461875916	0.0	*
p.Val1402Arg	0.4863114356994629	0.0	*
p.Val1402Asn	0.8239601850509644	0.0	*
p.Val1402Asp	0.5453076362609863	0.0	*
p.Val1402Cys	0.8798986077308655	0.0	*
p.Val1402Gln	0.9157360196113586	0.0	*
p.Val1402Glu	0.41853243112564087	0.0	*
p.Val1402Gly	0.7098519802093506	0.0	*
p.Val1402His	0.9543237686157227	0.0	*
p.Val1402Ile	0.9930121302604675	0.0	*
p.Val1402Leu	0.9087560772895813	0.0	*
p.Val1402Lys	0.9019066691398621	0.0	*
p.Val1402Met	0.9448012709617615	0.0	*
p.Val1402Phe	0.787098228931427	0.0	*
p.Val1402Pro	0.4651954174041748	0.0	*
p.Val1402Ser	0.9484888911247253	0.0	*
p.Val1402Ter	*	*	*
p.Val1402Thr	0.9510071873664856	0.0	*
p.Val1402Trp	0.8304769992828369	0.0	*
p.Val1402Tyr	0.5861307382583618	0.0	*
p.Val1422=	*	*	*
p.Val1422Ala	0.9857325553894043	0.0	*
p.Val1422Arg	0.9055201411247253	0.0	*
p.Val1422Asn	0.971860945224762	0.0	*
p.Val1422Asp	0.9392224550247192	0.0	*
p.Val1422Cys	0.9193041324615479	0.0	*
p.Val1422Gln	0.9834449291229248	0.0	*
p.Val1422Glu	0.9444015622138977	0.0	*
p.Val1422Gly	0.9169905781745911	0.0	*
p.Val1422His	0.9898998737335205	0.0	*
p.Val1422Ile	0.9953829050064087	0.0	*
p.Val1422Leu	0.9819955825805664	0.0	*
p.Val1422Lys	0.9844385385513306	0.0	*
p.Val1422Met	0.9827365875244141	0.0	*
p.Val1422Phe	0.9493268728256226	0.0	*
p.Val1422Pro	0.9473689794540405	0.0	*
p.Val1422Ser	0.9875680208206177	0.0	*
p.Val1422Ter	*	*	*
p.Val1422Thr	0.9905934929847717	0.0	*
p.Val1422Trp	0.9439892768859863	0.0	*
p.Val1422Tyr	0.9093339443206787	0.0	*
p.Val1425=	*	*	*
p.Val1425Ala	0.9588157534599304	0.0	*
p.Val1425Arg	0.8088210225105286	0.0	*
p.Val1425Asn	0.9636879563331604	0.0	*
p.Val1425Asp	0.8917028903961182	0.0	*
p.Val1425Cys	0.8773863315582275	0.0	*
p.Val1425Gln	0.9491751790046692	0.0	*
p.Val1425Glu	0.7649258971214294	0.0	*
p.Val1425Gly	0.9007026553153992	0.0	*
p.Val1425His	0.9756088852882385	0.0	*
p.Val1425Ile	0.9865425825119019	0.0	*
p.Val1425Leu	0.9562131762504578	0.0	*
p.Val1425Lys	0.9403443336486816	0.0	*
p.Val1425Met	0.9740734100341797	0.0	*
p.Val1425Phe	0.8719027638435364	0.0	*
p.Val1425Pro	0.8374215960502625	0.0	*
p.Val1425Ser	0.963109016418457	0.0	*
p.Val1425Ter	*	*	*
p.Val1425Thr	0.9445759654045105	0.0	*
p.Val1425Trp	0.8632991313934326	0.0	*
p.Val1425Tyr	0.7788493037223816	0.0	*
p.Val1428=	*	*	*
p.Val1428Ala	0.7376508712768555	0.0	*
p.Val1428Arg	0.4335280656814575	0.0	*
p.Val1428Asn	0.7543958425521851	0.0	*
p.Val1428Asp	0.43717193603515625	0.0	*
p.Val1428Cys	0.42238903045654297	0.0	*
p.Val1428Gln	0.6848536729812622	0.0	*
p.Val1428Glu	0.2812153697013855	0.0	*
p.Val1428Gly	0.43746984004974365	0.0	*
p.Val1428His	0.6795724630355835	0.0	*
p.Val1428Ile	0.8877381682395935	0.0	*
p.Val1428Leu	0.643854022026062	0.0	*
p.Val1428Lys	0.5745949745178223	0.0	*
p.Val1428Met	0.7443286180496216	0.0	*
p.Val1428Phe	0.35071849822998047	0.0	*
p.Val1428Pro	0.4198889136314392	0.0	*
p.Val1428Ser	0.704003095626831	0.0	*
p.Val1428Ter	*	*	*
p.Val1428Thr	0.6487810611724854	0.0	*
p.Val1428Trp	0.41415345668792725	0.0	*
p.Val1428Tyr	0.3172295093536377	0.0	*
p.Val706=	*	*	*
p.Val706Ala	0.028191089630126953	0.0	*
p.Val706Arg	0.004534006118774414	0.0	*
p.Val706Asn	0.013853251934051514	0.0	*
p.Val706Asp	0.00271761417388916	0.0	*
p.Val706Cys	0.01901036500930786	0.0	*
p.Val706Gln	0.044924139976501465	0.0	*
p.Val706Glu	0.0017362236976623535	0.0	*
p.Val706Gly	0.005881786346435547	0.0	*
p.Val706His	0.013663232326507568	0.0	*
p.Val706Ile	0.4610854387283325	0.0	*
p.Val706Leu	0.04586130380630493	0.0	*
p.Val706Lys	0.02110767364501953	0.0	*
p.Val706Met	0.05151975154876709	0.0	*
p.Val706Phe	0.014082014560699463	0.0	*
p.Val706Pro	0.0026226043701171875	0.0	*
p.Val706Ser	0.03812366724014282	0.0	*
p.Val706Ter	*	*	*
p.Val706Thr	0.02242070436477661	0.0	*
p.Val706Trp	0.02479761838912964	0.0	*
p.Val706Tyr	0.011840105056762695	0.0	*
p.Val716=	*	*	*
p.Val716Ala	0.2469739317893982	0.0	*
p.Val716Arg	0.035434722900390625	0.0	*
p.Val716Asn	0.13462424278259277	0.0	*
p.Val716Asp	0.052981019020080566	0.0	*
p.Val716Cys	0.15605825185775757	0.0	*
p.Val716Gln	0.30308735370635986	0.0	*
p.Val716Glu	0.040461719036102295	0.0	*
p.Val716Gly	0.1147909164428711	0.0	*
p.Val716His	0.3698379397392273	0.0	*
p.Val716Ile	0.8322324752807617	0.0	*
p.Val716Leu	0.33006274700164795	0.0	*
p.Val716Lys	0.22448205947875977	0.0	*
p.Val716Met	0.49106401205062866	0.0	*
p.Val716Phe	0.1592385172843933	0.0	*
p.Val716Pro	0.027711927890777588	0.0	*
p.Val716Ser	0.30949103832244873	0.0	*
p.Val716Ter	*	*	*
p.Val716Thr	0.3617709279060364	0.0	*
p.Val716Trp	0.147192120552063	0.0	*
p.Val716Tyr	0.06569945812225342	0.0	*
p.Val731=	*	*	*
p.Val731Ala	0.7747123837471008	0.0	*
p.Val731Arg	0.14896255731582642	0.0	*
p.Val731Asn	0.34933245182037354	0.0	*
p.Val731Asp	0.07232993841171265	0.0	*
p.Val731Cys	0.5774983167648315	0.0	*
p.Val731Gln	0.5563168525695801	0.0	*
p.Val731Glu	0.06532168388366699	0.0	*
p.Val731Gly	0.2864808440208435	0.0	*
p.Val731His	0.5300012826919556	0.0	*
p.Val731Ile	0.9672741293907166	0.0	*
p.Val731Leu	0.712833046913147	0.0	*
p.Val731Lys	0.5672609806060791	0.0	*
p.Val731Met	0.8319436311721802	0.0	*
p.Val731Phe	0.3574960231781006	0.0	*
p.Val731Pro	0.05278748273849487	0.0	*
p.Val731Ser	0.7426527738571167	0.0	*
p.Val731Ter	*	*	*
p.Val731Thr	0.6382535696029663	0.0	*
p.Val731Trp	0.3316847085952759	0.0	*
p.Val731Tyr	0.182236909866333	0.0	*
p.Val734=	*	*	*
p.Val734Ala	0.5783529281616211	0.0	*
p.Val734Arg	0.037195801734924316	0.0	*
p.Val734Asn	0.2201526165008545	0.0	*
p.Val734Asp	0.044770777225494385	0.0	*
p.Val734Cys	0.374284029006958	0.0	*
p.Val734Gln	0.4722048044204712	0.0	*
p.Val734Glu	0.05940282344818115	0.0	*
p.Val734Gly	0.2654564380645752	0.0	*
p.Val734His	0.5501225590705872	0.0	*
p.Val734Ile	0.9062856435775757	0.0	*
p.Val734Leu	0.4757022261619568	0.0	*
p.Val734Lys	0.36415421962738037	0.0	*
p.Val734Met	0.6615633964538574	0.0	*
p.Val734Phe	0.23247390985488892	0.0	*
p.Val734Pro	0.037513792514801025	0.0	*
p.Val734Ser	0.46825772523880005	0.0	*
p.Val734Ter	*	*	*
p.Val734Thr	0.4609522819519043	0.0	*
p.Val734Trp	0.2425214648246765	0.0	*
p.Val734Tyr	0.09377437829971313	0.0	*
p.Val742=	*	*	*
p.Val742Ala	0.3311960697174072	0.0	*
p.Val742Arg	0.04472076892852783	0.0	*
p.Val742Cys	0.14584845304489136	0.0	*
p.Val742Glu	0.036087989807128906	0.0	*
p.Val742Gly	0.13815242052078247	0.0	*
p.Val742Ile	0.8371508717536926	0.0	*
p.Val742Leu	0.261560320854187	0.0	*
p.Val742Met	0.4760642647743225	0.0	*
p.Val742Phe	0.1542688012123108	0.0	*
p.Val742Ser	0.2613460421562195	0.0	*
p.Val742Ter	*	*	*
p.Val742Trp	0.17648065090179443	0.0	*
p.Val742Tyr	0.07090193033218384	0.0	*
p.Val746=	*	*	*
p.Val746Ala	0.7681784629821777	0.0	*
p.Val746Arg	0.10604780912399292	0.0	*
p.Val746Asp	0.08794307708740234	0.0	*
p.Val746Cys	0.5660973787307739	0.0	*
p.Val746Glu	0.09764665365219116	0.0	*
p.Val746Gly	0.37241822481155396	0.0	*
p.Val746His	0.6024776697158813	0.0	*
p.Val746Ile	0.9600858092308044	0.0	*
p.Val746Leu	0.7284421324729919	0.0	*
p.Val746Met	0.8045768141746521	0.0	*
p.Val746Phe	0.3943658471107483	0.0	*
p.Val746Pro	0.07550251483917236	0.0	*
p.Val746Ser	0.6326909065246582	0.0	*
p.Val746Ter	*	*	*
p.Val746Thr	0.5529105067253113	0.0	*
p.Val746Trp	0.43405741453170776	0.0	*
p.Val746Tyr	0.2065366506576538	0.0	*
p.Val749=	*	*	*
p.Val749Ala	0.7122205495834351	0.0	*
p.Val749Arg	0.10770350694656372	0.0	*
p.Val749Asn	0.3799496293067932	0.0	*
p.Val749Asp	0.09546256065368652	0.0	*
p.Val749Cys	0.5666214227676392	0.0	*
p.Val749Gln	0.5098130702972412	0.0	*
p.Val749Glu	0.11140960454940796	0.0	*
p.Val749Gly	0.3666996359825134	0.0	*
p.Val749Ile	0.9528341293334961	0.0	*
p.Val749Leu	0.6498147249221802	0.0	*
p.Val749Lys	0.5047582983970642	0.0	*
p.Val749Met	0.7235000133514404	0.0	*
p.Val749Phe	0.35041528940200806	0.0	*
p.Val749Pro	0.09490907192230225	0.0	*
p.Val749Ser	0.6091510653495789	0.0	*
p.Val749Ter	*	*	*
p.Val749Thr	0.5280455946922302	0.0	*
p.Val749Trp	0.35857993364334106	0.0	*
p.Val749Tyr	0.17657732963562012	0.0	*
p.Val750=	*	*	*
p.Val750Ala	0.30736076831817627	0.0	*
p.Val750Arg	0.02386331558227539	0.0	*
p.Val750Asn	0.10563606023788452	0.0	*
p.Val750Asp	0.023111045360565186	0.0	*
p.Val750Cys	0.16346228122711182	0.0	*
p.Val750Gln	0.23204529285430908	0.0	*
p.Val750Glu	0.033539414405822754	0.0	*
p.Val750Gly	0.10692620277404785	0.0	*
p.Val750His	0.20609694719314575	0.0	*
p.Val750Ile	0.7042403221130371	0.0	*
p.Val750Leu	0.1445770263671875	0.0	*
p.Val750Lys	0.1478583812713623	0.0	*
p.Val750Met	0.2979157567024231	0.0	*
p.Val750Phe	0.08404040336608887	0.0	*
p.Val750Pro	0.021978795528411865	0.0	*
p.Val750Ser	0.20424491167068481	0.0	*
p.Val750Ter	*	*	*
p.Val750Thr	0.18649160861968994	0.0	*
p.Val750Trp	0.10146325826644897	0.0	*
p.Val750Tyr	0.03805166482925415	0.0	*
p.Val752=	*	*	*
p.Val752Ala	0.28224068880081177	0.0	*
p.Val752Arg	0.029611051082611084	0.0	*
p.Val752Asn	0.19102716445922852	0.0	*
p.Val752Asp	0.019497692584991455	0.0	*
p.Val752Cys	0.11878067255020142	0.0	*
p.Val752Gln	0.14881575107574463	0.0	*
p.Val752Glu	0.021844446659088135	0.0	*
p.Val752Gly	0.11391782760620117	0.0	*
p.Val752Ile	0.7245004773139954	0.0	*
p.Val752Leu	0.2323145866394043	0.0	*
p.Val752Lys	0.16692441701889038	0.0	*
p.Val752Met	0.388454794883728	0.0	*
p.Val752Phe	0.14076006412506104	0.0	*
p.Val752Pro	0.020262539386749268	0.0	*
p.Val752Ser	0.2381609082221985	0.0	*
p.Val752Ter	*	*	*
p.Val752Thr	0.16833460330963135	0.0	*
p.Val752Trp	0.12864065170288086	0.0	*
p.Val752Tyr	0.043324410915374756	0.0	*
p.Val761=	*	*	*
p.Val761Ala	0.01180797815322876	0.0	*
p.Val761Arg	0.0022240281105041504	0.0	*
p.Val761Asn	0.013365507125854492	0.0	*
p.Val761Asp	0.0013391971588134766	0.0	*
p.Val761Cys	0.00359952449798584	0.0	*
p.Val761Gln	0.003048539161682129	0.0	*
p.Val761Glu	0.0006035566329956055	0.0	*
p.Val761Gly	0.0029590725898742676	0.0	*
p.Val761His	0.0030041933059692383	0.0	*
p.Val761Ile	0.12337660789489746	0.0	*
p.Val761Leu	0.008180022239685059	0.0	*
p.Val761Lys	0.006254851818084717	0.0	*
p.Val761Met	0.017613649368286133	0.0	*
p.Val761Phe	0.004679262638092041	0.0	*
p.Val761Pro	0.0023226141929626465	0.0	*
p.Val761Ser	0.00942760705947876	0.0	*
p.Val761Ter	*	*	*
p.Val761Thr	0.005681812763214111	0.0	*
p.Val761Trp	0.003238856792449951	0.0	*
p.Val761Tyr	0.00244826078414917	0.0	*
p.Val772=	*	*	*
p.Val772Ala	0.025951921939849854	0.0	*
p.Val772Arg	0.0011502504348754883	0.0	*
p.Val772Asn	0.006205081939697266	0.0	*
p.Val772Asp	0.0011513233184814453	0.0	*
p.Val772Cys	0.024439692497253418	0.0	*
p.Val772Gln	0.007970690727233887	0.0	*
p.Val772Glu	0.0016824007034301758	0.0	*
p.Val772Gly	0.006118416786193848	0.0	*
p.Val772His	0.0062264204025268555	0.0	*
p.Val772Ile	0.17844241857528687	0.0	*
p.Val772Leu	0.016110897064208984	0.0	*
p.Val772Lys	0.005765140056610107	0.0	*
p.Val772Met	0.01383596658706665	0.0	*
p.Val772Phe	0.00671154260635376	0.0	*
p.Val772Pro	0.0014122724533081055	0.0	*
p.Val772Ser	0.009547948837280273	0.0	*
p.Val772Ter	*	*	*
p.Val772Thr	0.00742495059967041	0.0	*
p.Val772Trp	0.009034872055053711	0.0	*
p.Val772Tyr	0.004281461238861084	0.0	*
p.Val805=	*	*	*
p.Val805Ala	0.1566373109817505	0.0	*
p.Val805Arg	0.035787761211395264	0.0	*
p.Val805Asn	0.08933508396148682	0.0	*
p.Val805Asp	0.01719874143600464	0.0	*
p.Val805Cys	0.12707197666168213	0.0	*
p.Val805Gln	0.1634240746498108	0.0	*
p.Val805Glu	0.010508894920349121	0.0	*
p.Val805Gly	0.03054898977279663	0.0	*
p.Val805His	0.12322580814361572	0.0	*
p.Val805Ile	0.8979012370109558	0.0	*
p.Val805Leu	0.31777423620224	0.0	*
p.Val805Lys	0.1390984058380127	0.0	*
p.Val805Met	0.33423376083374023	0.0	*
p.Val805Phe	0.0650743842124939	0.0	*
p.Val805Pro	0.008891820907592773	0.0	*
p.Val805Ser	0.23475724458694458	0.0	*
p.Val805Ter	*	*	*
p.Val805Thr	0.1236492395401001	0.0	*
p.Val805Trp	0.1447359323501587	0.0	*
p.Val805Tyr	0.04275619983673096	0.0	*
p.Val806=	*	*	*
p.Val806Ala	0.12814074754714966	0.0	*
p.Val806Arg	0.017859220504760742	0.0	*
p.Val806Asn	0.03611558675765991	0.0	*
p.Val806Asp	0.014008939266204834	0.0	*
p.Val806Cys	0.094063401222229	0.0	*
p.Val806Gln	0.19725430011749268	0.0	*
p.Val806Glu	0.008053839206695557	0.0	*
p.Val806Gly	0.025726795196533203	0.0	*
p.Val806His	0.10877299308776855	0.0	*
p.Val806Ile	0.8719132542610168	0.0	*
p.Val806Leu	0.16493207216262817	0.0	*
p.Val806Lys	0.11771023273468018	0.0	*
p.Val806Met	0.22845739126205444	0.0	*
p.Val806Phe	0.04782384634017944	0.0	*
p.Val806Pro	0.00815117359161377	0.0	*
p.Val806Ser	0.18135595321655273	0.0	*
p.Val806Ter	*	*	*
p.Val806Thr	0.1797969937324524	0.0	*
p.Val806Trp	0.09664285182952881	0.0	*
p.Val806Tyr	0.03217923641204834	0.0	*
p.Val820=	*	*	*
p.Val820Ala	0.3602478504180908	0.0	*
p.Val820Arg	0.04465764760971069	0.0	*
p.Val820Asn	0.1073685884475708	0.0	*
p.Val820Asp	0.027924954891204834	0.0	*
p.Val820Cys	0.12465757131576538	0.0	*
p.Val820Gln	0.21080535650253296	0.0	*
p.Val820Glu	0.023381173610687256	0.0	*
p.Val820Gly	0.060892462730407715	0.0	*
p.Val820His	0.16237980127334595	0.0	*
p.Val820Ile	0.7719884514808655	0.0	*
p.Val820Leu	0.25631338357925415	0.0	*
p.Val820Lys	0.19896715879440308	0.0	*
p.Val820Met	0.3076851963996887	0.0	*
p.Val820Phe	0.07881683111190796	0.0	*
p.Val820Pro	0.029764652252197266	0.0	*
p.Val820Ser	0.28081589937210083	0.0	*
p.Val820Ter	*	*	*
p.Val820Thr	0.24534785747528076	0.0	*
p.Val820Trp	0.09640014171600342	0.0	*
p.Val820Tyr	0.05043751001358032	0.0	*
p.Val825=	*	*	*
p.Val825Ala	0.20333445072174072	0.0	*
p.Val825Arg	0.012611567974090576	0.0	*
p.Val825Asn	0.04698777198791504	0.0	*
p.Val825Asp	0.006526052951812744	0.0	*
p.Val825Cys	0.1094396710395813	0.0	*
p.Val825Gln	0.1015692949295044	0.0	*
p.Val825Gly	0.03273683786392212	0.0	*
p.Val825His	0.10707443952560425	0.0	*
p.Val825Ile	0.8226131200790405	0.0	*
p.Val825Leu	0.32974714040756226	0.0	*
p.Val825Lys	0.05524492263793945	0.0	*
p.Val825Met	0.24755334854125977	0.0	*
p.Val825Phe	0.06747615337371826	0.0	*
p.Val825Pro	0.008124113082885742	0.0	*
p.Val825Ser	0.060704052448272705	0.0	*
p.Val825Ter	*	*	*
p.Val825Thr	0.05974704027175903	0.0	*
p.Val825Trp	0.11425071954727173	0.0	*
p.Val825Tyr	0.037623822689056396	0.0	*
p.Val831=	*	*	*
p.Val831Ala	0.12025874853134155	0.0	*
p.Val831Arg	0.002966642379760742	0.0	*
p.Val831Asn	0.01117020845413208	0.0	*
p.Val831Asp	0.002872765064239502	0.0	*
p.Val831Cys	0.06625306606292725	0.0	*
p.Val831Gln	0.03274422883987427	0.0	*
p.Val831Glu	0.001548171043395996	0.0	*
p.Val831Gly	0.017674922943115234	0.0	*
p.Val831His	0.039574384689331055	0.0	*
p.Val831Ile	0.8287535905838013	0.0	*
p.Val831Leu	0.14560699462890625	0.0	*
p.Val831Lys	0.04201185703277588	0.0	*
p.Val831Met	0.11618256568908691	0.0	*
p.Val831Phe	0.0343511700630188	0.0	*
p.Val831Pro	0.0031731724739074707	0.0	*
p.Val831Ser	0.07053476572036743	0.0	*
p.Val831Ter	*	*	*
p.Val831Thr	0.026425063610076904	0.0	*
p.Val831Trp	0.049254417419433594	0.0	*
p.Val831Tyr	0.011229276657104492	0.0	*
p.Val833=	*	*	*
p.Val833Ala	0.04068183898925781	0.0	*
p.Val833Arg	0.001460433006286621	0.0	*
p.Val833Asn	0.006869375705718994	0.0	*
p.Val833Asp	0.001152634620666504	0.0	*
p.Val833Cys	0.01843702793121338	0.0	*
p.Val833Gln	0.01512068510055542	0.0	*
p.Val833Glu	0.0007399916648864746	0.0	*
p.Val833Gly	0.0054465532302856445	0.0	*
p.Val833His	0.010325014591217041	0.0	*
p.Val833Ile	0.25127869844436646	0.0	*
p.Val833Leu	0.022198617458343506	0.0	*
p.Val833Lys	0.015577435493469238	0.0	*
p.Val833Met	0.035290539264678955	0.0	*
p.Val833Phe	0.008314967155456543	0.0	*
p.Val833Pro	0.001075446605682373	0.0	*
p.Val833Ser	0.0346493124961853	0.0	*
p.Val833Ter	*	*	*
p.Val833Thr	0.010236740112304688	0.0	*
p.Val833Trp	0.011117875576019287	0.0	*
p.Val833Tyr	0.004200160503387451	0.0	*
p.Val834=	*	*	*
p.Val834Ala	0.14696085453033447	0.0	*
p.Val834Arg	0.012920618057250977	0.0	*
p.Val834Asn	0.05663573741912842	0.0	*
p.Val834Asp	0.013019025325775146	0.0	*
p.Val834Cys	0.039019763469696045	0.0	*
p.Val834Gln	0.09254062175750732	0.0	*
p.Val834Glu	0.004285037517547607	0.0	*
p.Val834Gly	0.027342557907104492	0.0	*
p.Val834His	0.07311761379241943	0.0	*
p.Val834Ile	0.711307942867279	0.0	*
p.Val834Leu	0.0961408019065857	0.0	*
p.Val834Lys	0.06660580635070801	0.0	*
p.Val834Met	0.11769574880599976	0.0	*
p.Val834Phe	0.04381406307220459	0.0	*
p.Val834Pro	0.008603155612945557	0.0	*
p.Val834Ser	0.09288632869720459	0.0	*
p.Val834Ter	*	*	*
p.Val834Thr	0.04810750484466553	0.0	*
p.Val834Trp	0.06345784664154053	0.0	*
p.Val834Tyr	0.033979058265686035	0.0	*
p.Val841=	*	*	*
p.Val841Ala	0.005778491497039795	0.0	*
p.Val841Arg	0.0005048513412475586	0.0	*
p.Val841Asn	0.001367032527923584	0.0	*
p.Val841Asp	0.00020271539688110352	0.0	*
p.Val841Cys	0.001014411449432373	0.0	*
p.Val841Gln	0.0009507536888122559	0.0	*
p.Val841Glu	6.80685043334961e-05	0.0	*
p.Val841Gly	0.0005596280097961426	0.0	*
p.Val841His	0.0002459883689880371	0.0	*
p.Val841Ile	0.024735629558563232	0.0	*
p.Val841Leu	0.0024501681327819824	0.0	*
p.Val841Lys	0.0011064410209655762	0.0	*
p.Val841Met	0.002376377582550049	0.0	*
p.Val841Phe	0.0007346272468566895	0.0	*
p.Val841Pro	0.00037407875061035156	0.0	*
p.Val841Ser	0.0028461217880249023	0.0	*
p.Val841Ter	*	*	*
p.Val841Thr	0.0013236403465270996	0.0	*
p.Val841Trp	0.0013744831085205078	0.0	*
p.Val841Tyr	0.00047385692596435547	0.0	*
p.Val845=	*	*	*
p.Val845Ala	0.008649945259094238	0.0	*
p.Val845Arg	0.0006865262985229492	0.0	*
p.Val845Asn	0.0014178752899169922	0.0	*
p.Val845Asp	0.0001227855682373047	0.0	*
p.Val845Cys	0.0038451552391052246	0.0	*
p.Val845Gln	0.0020956993103027344	0.0	*
p.Val845Glu	9.369850158691406e-05	0.0	*
p.Val845Gly	0.00040155649185180664	0.0	*
p.Val845His	0.00043267011642456055	0.0	*
p.Val845Ile	0.0589253306388855	0.0	*
p.Val845Leu	0.002486705780029297	0.0	*
p.Val845Lys	0.0009783506393432617	0.0	*
p.Val845Met	0.0032212138175964355	0.0	*
p.Val845Phe	0.00044721364974975586	0.0	*
p.Val845Pro	0.0002868771553039551	0.0	*
p.Val845Ser	0.007609069347381592	0.0	*
p.Val845Ter	*	*	*
p.Val845Thr	0.0013564229011535645	0.0	*
p.Val845Trp	0.0013036131858825684	0.0	*
p.Val845Tyr	0.0005059242248535156	0.0	*
p.Val864=	*	*	*
p.Val864Ala	0.44464701414108276	0.0	*
p.Val864Arg	0.11735779047012329	0.0	*
p.Val864Asn	0.33054661750793457	0.0	*
p.Val864Asp	0.19244396686553955	0.0	*
p.Val864Cys	0.41698700189590454	0.0	*
p.Val864Gln	0.34067970514297485	0.0	*
p.Val864Glu	0.11010503768920898	0.0	*
p.Val864Gly	0.23626160621643066	0.0	*
p.Val864His	0.36770105361938477	0.0	*
p.Val864Ile	0.8710982799530029	0.0	*
p.Val864Leu	0.48420315980911255	0.0	*
p.Val864Lys	0.3414459228515625	0.0	*
p.Val864Met	0.46477627754211426	0.0	*
p.Val864Phe	0.2761390805244446	0.0	*
p.Val864Pro	0.18506932258605957	0.0	*
p.Val864Ser	0.41395121812820435	0.0	*
p.Val864Ter	*	*	*
p.Val864Thr	0.3616548180580139	0.0	*
p.Val864Trp	0.27015221118927	0.0	*
p.Val864Tyr	0.15438055992126465	0.0	*
p.Val872=	*	*	*
p.Val872Ala	0.01374197006225586	0.0	*
p.Val872Arg	0.00165557861328125	0.0	*
p.Val872Asn	0.003372788429260254	0.0	*
p.Val872Asp	0.0009596943855285645	0.0	*
p.Val872Cys	0.002792060375213623	0.0	*
p.Val872Gln	0.007238447666168213	0.0	*
p.Val872Glu	0.0005581974983215332	0.0	*
p.Val872Gly	0.0024213194847106934	0.0	*
p.Val872His	0.003264129161834717	0.0	*
p.Val872Ile	0.14097529649734497	0.0	*
p.Val872Leu	0.012768208980560303	0.0	*
p.Val872Lys	0.004679620265960693	0.0	*
p.Val872Met	0.012927591800689697	0.0	*
p.Val872Phe	0.0034920573234558105	0.0	*
p.Val872Pro	0.0014281272888183594	0.0	*
p.Val872Ser	0.00929492712020874	0.0	*
p.Val872Ter	*	*	*
p.Val872Thr	0.005125701427459717	0.0	*
p.Val872Trp	0.004454970359802246	0.0	*
p.Val872Tyr	0.0028328299522399902	0.0	*
p.Val883=	*	*	*
p.Val883Ala	0.037338972091674805	0.0	*
p.Val883Arg	0.004950821399688721	0.0	*
p.Val883Asn	0.01373833417892456	0.0	*
p.Val883Asp	0.0021191835403442383	0.0	*
p.Val883Cys	0.02640831470489502	0.0	*
p.Val883Gln	0.024813830852508545	0.0	*
p.Val883Glu	0.0016079545021057129	0.0	*
p.Val883Gly	0.007715880870819092	0.0	*
p.Val883His	0.015192627906799316	0.0	*
p.Val883Ile	0.47015219926834106	0.0	*
p.Val883Leu	0.0286484956741333	0.0	*
p.Val883Lys	0.01852041482925415	0.0	*
p.Val883Met	0.03652775287628174	0.0	*
p.Val883Phe	0.01296699047088623	0.0	*
p.Val883Pro	0.003467082977294922	0.0	*
p.Val883Ser	0.04710489511489868	0.0	*
p.Val883Ter	*	*	*
p.Val883Thr	0.027585208415985107	0.0	*
p.Val883Trp	0.025050342082977295	0.0	*
p.Val883Tyr	0.007996141910552979	0.0	*
p.Val890=	*	*	*
p.Val890Ala	0.02840900421142578	0.0	*
p.Val890Arg	0.0014274120330810547	0.0	*
p.Val890Asn	0.00650179386138916	0.0	*
p.Val890Asp	0.0011622309684753418	0.0	*
p.Val890Cys	0.009299695491790771	0.0	*
p.Val890Gln	0.013359606266021729	0.0	*
p.Val890Glu	0.0008895993232727051	0.0	*
p.Val890Gly	0.004649162292480469	0.0	*
p.Val890His	0.008067071437835693	0.0	*
p.Val890Ile	0.14736402034759521	0.0	*
p.Val890Leu	0.01974254846572876	0.0	*
p.Val890Lys	0.007605314254760742	0.0	*
p.Val890Met	0.023901522159576416	0.0	*
p.Val890Phe	0.004510939121246338	0.0	*
p.Val890Pro	0.0014484524726867676	0.0	*
p.Val890Ser	0.015807747840881348	0.0	*
p.Val890Ter	*	*	*
p.Val890Thr	0.005407512187957764	0.0	*
p.Val890Trp	0.008534610271453857	0.0	*
p.Val890Tyr	0.0027481913566589355	0.0	*
p.Val900=	*	*	*
p.Val900Ala	0.010245740413665771	0.0	*
p.Val900Arg	0.0018222332000732422	0.0	*
p.Val900Asn	0.004289150238037109	0.0	*
p.Val900Asp	0.0012456178665161133	0.0	*
p.Val900Cys	0.004742443561553955	0.0	*
p.Val900Gln	0.010171115398406982	0.0	*
p.Val900Glu	0.001156926155090332	0.0	*
p.Val900Gly	0.002526700496673584	0.0	*
p.Val900Ile	0.07932579517364502	0.0	*
p.Val900Leu	0.0149269700050354	0.0	*
p.Val900Lys	0.007739365100860596	0.0	*
p.Val900Met	0.010680615901947021	0.0	*
p.Val900Phe	0.006702244281768799	0.0	*
p.Val900Pro	0.0007021427154541016	0.0	*
p.Val900Ser	0.009159326553344727	0.0	*
p.Val900Ter	*	*	*
p.Val900Thr	0.007165193557739258	0.0	*
p.Val900Trp	0.007972538471221924	0.0	*
p.Val903=	*	*	*
p.Val903Ala	0.004979729652404785	0.0	*
p.Val903Arg	0.0007780790328979492	0.0	*
p.Val903Asn	0.0024028420448303223	0.0	*
p.Val903Asp	0.0003757476806640625	0.0	*
p.Val903Cys	0.0020529627799987793	0.0	*
p.Val903Gln	0.004023373126983643	0.0	*
p.Val903Glu	0.0004176497459411621	0.0	*
p.Val903Gly	0.0007980465888977051	0.0	*
p.Val903His	0.002537846565246582	0.0	*
p.Val903Ile	0.054555654525756836	0.0	*
p.Val903Leu	0.004975259304046631	0.0	*
p.Val903Lys	0.001649022102355957	0.0	*
p.Val903Met	0.0036019086837768555	0.0	*
p.Val903Phe	0.001692056655883789	0.0	*
p.Val903Pro	0.0002511143684387207	0.0	*
p.Val903Ser	0.002904653549194336	0.0	*
p.Val903Ter	*	*	*
p.Val903Thr	0.0012537240982055664	0.0	*
p.Val903Trp	0.0025721192359924316	0.0	*
p.Val903Tyr	0.0018355250358581543	0.0	*
p.Val925=	*	*	*
p.Val925Ala	0.01605391502380371	0.0	*
p.Val925Arg	0.0015627741813659668	0.0	*
p.Val925Asn	0.0033028125762939453	0.0	*
p.Val925Asp	0.0015155673027038574	0.0	*
p.Val925Cys	0.012588560581207275	0.0	*
p.Val925Gln	0.012125074863433838	0.0	*
p.Val925Glu	0.0013113617897033691	0.0	*
p.Val925Gly	0.0032728910446166992	0.0	*
p.Val925His	0.00820934772491455	0.0	*
p.Val925Ile	0.22100555896759033	0.0	*
p.Val925Leu	0.014500737190246582	0.0	*
p.Val925Lys	0.00785839557647705	0.0	*
p.Val925Met	0.013576924800872803	0.0	*
p.Val925Phe	0.006211459636688232	0.0	*
p.Val925Pro	0.0009082555770874023	0.0	*
p.Val925Ser	0.0129280686378479	0.0	*
p.Val925Ter	*	*	*
p.Val925Thr	0.019762158393859863	0.0	*
p.Val925Trp	0.00981450080871582	0.0	*
p.Val925Tyr	0.004772186279296875	0.0	*
p.Val937=	*	*	*
p.Val937Ala	0.9483034014701843	0.0	*
p.Val937Arg	0.42457127571105957	0.0	*
p.Val937Asn	0.8409749269485474	0.0	*
p.Val937Asp	0.4165000915527344	0.0	*
p.Val937Cys	0.9452084898948669	0.0	*
p.Val937Gln	0.9241803884506226	0.0	*
p.Val937Glu	0.4224557876586914	0.0	*
p.Val937Gly	0.8200529217720032	0.0	*
p.Val937His	0.9389851093292236	0.0	*
p.Val937Ile	0.9917758107185364	0.0	*
p.Val937Leu	0.9162129759788513	0.0	*
p.Val937Lys	0.8897281289100647	0.0	*
p.Val937Met	0.9677371382713318	0.0	*
p.Val937Phe	0.7978175282478333	0.0	*
p.Val937Pro	0.32369375228881836	0.0	*
p.Val937Ser	0.9089990854263306	0.0	*
p.Val937Ter	*	*	*
p.Val937Thr	0.8981809020042419	0.0	*
p.Val937Trp	0.8122215270996094	0.0	*
p.Val937Tyr	0.5602924823760986	0.0	*
p.Val938=	*	*	*
p.Val938Ala	0.9186431169509888	0.0	*
p.Val938Arg	0.25661277770996094	0.0	*
p.Val938Asn	0.7314533591270447	0.0	*
p.Val938Asp	0.15452170372009277	0.0	*
p.Val938Cys	0.8922772407531738	0.0	*
p.Val938Gln	0.7388350963592529	0.0	*
p.Val938Glu	0.1685231328010559	0.0	*
p.Val938Gly	0.6033003330230713	0.0	*
p.Val938His	0.7039139270782471	0.0	*
p.Val938Ile	0.978015661239624	0.0	*
p.Val938Leu	0.7622329592704773	0.0	*
p.Val938Lys	0.6739863157272339	0.0	*
p.Val938Met	0.8961138725280762	0.0	*
p.Val938Phe	0.543771505355835	0.0	*
p.Val938Pro	0.16022104024887085	0.0	*
p.Val938Ser	0.8328447937965393	0.0	*
p.Val938Ter	*	*	*
p.Val938Thr	0.7125691175460815	0.0	*
p.Val938Trp	0.5278398990631104	0.0	*
p.Val938Tyr	0.3288501501083374	0.0	*
p.Val941=	*	*	*
p.Val941Ala	0.9629324674606323	0.0	*
p.Val941Arg	0.5582937002182007	0.0	*
p.Val941Asn	0.8949267864227295	0.0	*
p.Val941Asp	0.6122696399688721	0.0	*
p.Val941Cys	0.9326469302177429	0.0	*
p.Val941Gln	0.9441229104995728	0.0	*
p.Val941Glu	0.51488196849823	0.0	*
p.Val941Gly	0.8729952573776245	0.0	*
p.Val941His	0.9543375372886658	0.0	*
p.Val941Ile	0.9931896924972534	0.0	*
p.Val941Leu	0.948527991771698	0.0	*
p.Val941Lys	0.9367303252220154	0.0	*
p.Val941Met	0.9807220697402954	0.0	*
p.Val941Phe	0.8635626435279846	0.0	*
p.Val941Pro	0.39348316192626953	0.0	*
p.Val941Ser	0.9329109191894531	0.0	*
p.Val941Ter	*	*	*
p.Val941Thr	0.9403535723686218	0.0	*
p.Val941Trp	0.8359086513519287	0.0	*
p.Val941Tyr	0.6498016119003296	0.0	*
p.Val949=	*	*	*
p.Val949Ala	0.9342032670974731	0.0	*
p.Val949Arg	0.6108791828155518	0.0	*
p.Val949Asn	0.9049897789955139	0.0	*
p.Val949Asp	0.49994248151779175	0.0	*
p.Val949Cys	0.9247903227806091	0.0	*
p.Val949Gln	0.9014213681221008	0.0	*
p.Val949Glu	0.4989156126976013	0.0	*
p.Val949Gly	0.7771825790405273	0.0	*
p.Val949His	0.9055593609809875	0.0	*
p.Val949Ile	0.9940713047981262	0.0	*
p.Val949Leu	0.9266622066497803	0.0	*
p.Val949Lys	0.9343942999839783	0.0	*
p.Val949Met	0.974953830242157	0.0	*
p.Val949Phe	0.8273465633392334	0.0	*
p.Val949Pro	0.653100848197937	0.0	*
p.Val949Ser	0.9654474854469299	0.0	*
p.Val949Ter	*	*	*
p.Val949Thr	0.9457329511642456	0.0	*
p.Val949Trp	0.761843740940094	0.0	*
p.Val949Tyr	0.592045783996582	0.0	*
p.Val950=	*	*	*
p.Val950Ala	0.7199290990829468	0.0	*
p.Val950Arg	0.10156947374343872	0.0	*
p.Val950Asn	0.3953772783279419	0.0	*
p.Val950Asp	0.08016139268875122	0.0	*
p.Val950Cys	0.6490417718887329	0.0	*
p.Val950Gln	0.6404613256454468	0.0	*
p.Val950Glu	0.10305702686309814	0.0	*
p.Val950Gly	0.4006977081298828	0.0	*
p.Val950His	0.6015650033950806	0.0	*
p.Val950Ile	0.9542616009712219	0.0	*
p.Val950Leu	0.6723530292510986	0.0	*
p.Val950Lys	0.5817965269088745	0.0	*
p.Val950Met	0.8516442775726318	0.0	*
p.Val950Phe	0.42195868492126465	0.0	*
p.Val950Pro	0.08612626791000366	0.0	*
p.Val950Ser	0.7425069808959961	0.0	*
p.Val950Ter	*	*	*
p.Val950Thr	0.6958218812942505	0.0	*
p.Val950Trp	0.4526095390319824	0.0	*
p.Val950Tyr	0.19562602043151855	0.0	*
p.Val966=	*	*	*
p.Val966Ala	0.4577248692512512	0.0	*
p.Val966Arg	0.09176009893417358	0.0	*
p.Val966Asn	0.25215834379196167	0.0	*
p.Val966Asp	0.09388285875320435	0.0	*
p.Val966Cys	0.30512815713882446	0.0	*
p.Val966Gln	0.3948257565498352	0.0	*
p.Val966Glu	0.05293077230453491	0.0	*
p.Val966Gly	0.11041051149368286	0.0	*
p.Val966His	0.27202606201171875	0.0	*
p.Val966Ile	0.9139239192008972	0.0	*
p.Val966Leu	0.5260194540023804	0.0	*
p.Val966Lys	0.4217838644981384	0.0	*
p.Val966Met	0.536299467086792	0.0	*
p.Val966Phe	0.25354450941085815	0.0	*
p.Val966Pro	0.11166590452194214	0.0	*
p.Val966Ser	0.4224701523780823	0.0	*
p.Val966Ter	*	*	*
p.Val966Thr	0.45149338245391846	0.0	*
p.Val966Trp	0.25501811504364014	0.0	*
p.Val966Tyr	0.20229989290237427	0.0	*
p.Val978=	*	*	*
p.Val978Ala	0.02825319766998291	0.0	*
p.Val978Arg	0.0011743903160095215	0.0	*
p.Val978Asn	0.0032671689987182617	0.0	*
p.Val978Asp	0.0004547238349914551	0.0	*
p.Val978Cys	0.016752123832702637	0.0	*
p.Val978Gln	0.007523953914642334	0.0	*
p.Val978Glu	0.0003432035446166992	0.0	*
p.Val978Gly	0.002102375030517578	0.0	*
p.Val978His	0.003446221351623535	0.0	*
p.Val978Ile	0.2734035849571228	0.0	*
p.Val978Leu	0.01941770315170288	0.0	*
p.Val978Lys	0.005781412124633789	0.0	*
p.Val978Met	0.019650816917419434	0.0	*
p.Val978Phe	0.0037072300910949707	0.0	*
p.Val978Pro	0.0007293820381164551	0.0	*
p.Val978Ser	0.016485214233398438	0.0	*
p.Val978Ter	*	*	*
p.Val978Thr	0.007876932621002197	0.0	*
p.Val978Trp	0.00847238302230835	0.0	*
p.Val978Tyr	0.003036677837371826	0.0	*
p.Val995=	*	*	*
p.Val995Ala	0.0010706782341003418	0.0	*
p.Val995Arg	9.131431579589844e-05	0.0	*
p.Val995Asn	0.0002823472023010254	0.0	*
p.Val995Asp	5.14984130859375e-05	0.0	*
p.Val995Cys	0.0004775524139404297	0.0	*
p.Val995Gln	0.000847935676574707	0.0	*
p.Val995Glu	3.5643577575683594e-05	0.0	*
p.Val995Gly	0.00012314319610595703	0.0	*
p.Val995His	0.0002892613410949707	0.0	*
p.Val995Ile	0.01648116111755371	0.0	*
p.Val995Leu	0.0017246007919311523	0.0	*
p.Val995Lys	0.0004673004150390625	0.0	*
p.Val995Met	0.001210033893585205	0.0	*
p.Val995Phe	0.00033283233642578125	0.0	*
p.Val995Pro	6.508827209472656e-05	0.0	*
p.Val995Ser	0.0005030632019042969	0.0	*
p.Val995Ter	*	*	*
p.Val995Thr	0.00028961896896362305	0.0	*
p.Val995Trp	0.000796973705291748	0.0	*
p.Val995Tyr	0.0002509951591491699	0.0	*
p.Val997=	*	*	*
p.Val997Ala	0.00012612342834472656	0.0	*
p.Val997Arg	1.9431114196777344e-05	0.0	*
p.Val997Asn	5.1856040954589844e-05	0.0	*
p.Val997Asp	1.4901161193847656e-05	0.0	*
p.Val997Cys	0.00014126300811767578	0.0	*
p.Val997Gln	0.00012922286987304688	0.0	*
p.Val997Glu	1.2278556823730469e-05	0.0	*
p.Val997Gly	4.565715789794922e-05	0.0	*
p.Val997His	8.26120376586914e-05	0.0	*
p.Val997Ile	0.001891493797302246	0.0	*
p.Val997Leu	0.00017875432968139648	0.0	*
p.Val997Lys	0.00010013580322265625	0.0	*
p.Val997Met	0.0001634359359741211	0.0	*
p.Val997Phe	8.285045623779297e-05	0.0	*
p.Val997Pro	1.0609626770019531e-05	0.0	*
p.Val997Ser	0.00013577938079833984	0.0	*
p.Val997Ter	*	*	*
p.Val997Thr	9.047985076904297e-05	0.0	*
p.Val997Trp	0.00021773576736450195	0.0	*
p.Val997Tyr	5.6862831115722656e-05	0.0	*
