Variant	Prediction	SD	Comment
p.Ala1002=	*	*	*
p.Ala1002Arg	0.001387933630532022	0.0	*
p.Ala1002Asn	0.0015890425768435132	0.0	*
p.Ala1002Asp	0.0006886446789574736	0.0	*
p.Ala1002Cys	0.003977566587230038	0.0	*
p.Ala1002Gln	0.0013228773295609277	0.0	*
p.Ala1002Glu	0.0005930948105502372	0.0	*
p.Ala1002Gly	0.006032481175132089	0.0	*
p.Ala1002His	0.0006848594214624216	0.0	*
p.Ala1002Ile	0.005602196375987299	0.0	*
p.Ala1002Leu	0.00322798040534839	0.0	*
p.Ala1002Lys	0.0020089105235763767	0.0	*
p.Ala1002Met	0.004054810780623626	0.0	*
p.Ala1002Phe	0.003887977767369332	0.0	*
p.Ala1002Pro	0.001123308966127834	0.0	*
p.Ala1002Ser	0.014044906141040496	0.0	*
p.Ala1002Ter	0.0	0.0	*
p.Ala1002Thr	0.009219272168256817	0.0	*
p.Ala1002Trp	0.00394094082581769	0.0	*
p.Ala1002Tyr	0.0023331521671532992	0.0	*
p.Ala1002Val	0.00989500711711723	0.0	*
p.Ala1003=	*	*	*
p.Ala1003Arg	0.004195687189951288	0.0	*
p.Ala1003Asn	0.00539656128729349	0.0	*
p.Ala1003Asp	0.001644120541149836	0.0	*
p.Ala1003Cys	0.014775903479853813	0.0	*
p.Ala1003Gln	0.005792129208907539	0.0	*
p.Ala1003Glu	0.0014517080116938613	0.0	*
p.Ala1003Gly	0.03533666674454727	0.0	*
p.Ala1003His	0.0041485188803673636	0.0	*
p.Ala1003Ile	0.018714874127477184	0.0	*
p.Ala1003Leu	0.01037952757331792	0.0	*
p.Ala1003Lys	0.00972394605938127	0.0	*
p.Ala1003Met	0.016793602939310637	0.0	*
p.Ala1003Phe	0.012763744164571007	0.0	*
p.Ala1003Pro	0.0025367100795836207	0.0	*
p.Ala1003Ser	0.07359091774391265	0.0	*
p.Ala1003Ter	0.0	0.0	*
p.Ala1003Thr	0.028829238221159816	0.0	*
p.Ala1003Trp	0.016276563290894296	0.0	*
p.Ala1003Tyr	0.006473519894556732	0.0	*
p.Ala1003Val	0.041785784842495774	0.0	*
p.Ala1018=	*	*	*
p.Ala1018Arg	0.011083980227132117	0.0	*
p.Ala1018Asn	0.032967412809971224	0.0	*
p.Ala1018Asp	0.005174375777867364	0.0	*
p.Ala1018Cys	0.04378528554467962	0.0	*
p.Ala1018Gln	0.009569340179035426	0.0	*
p.Ala1018Glu	0.004298840301018491	0.0	*
p.Ala1018Gly	0.0531216931458039	0.0	*
p.Ala1018His	0.009051338511284717	0.0	*
p.Ala1018Ile	0.02824453817526559	0.0	*
p.Ala1018Leu	0.025688107590287418	0.0	*
p.Ala1018Lys	0.02358144558155813	0.0	*
p.Ala1018Met	0.06558894318917902	0.0	*
p.Ala1018Phe	0.023658936583788263	0.0	*
p.Ala1018Pro	0.00612836417694458	0.0	*
p.Ala1018Ser	0.09779406745365919	0.0	*
p.Ala1018Ter	0.0	0.0	*
p.Ala1018Thr	0.045239843578276755	0.0	*
p.Ala1018Trp	0.021038292177365983	0.0	*
p.Ala1018Tyr	0.01383813244486818	0.0	*
p.Ala1018Val	0.03760715715727639	0.0	*
p.Ala1049=	*	*	*
p.Ala1049Arg	0.42597449513444935	0.0	*
p.Ala1049Asn	0.5615826305017242	0.0	*
p.Ala1049Asp	0.41330598047064687	0.0	*
p.Ala1049Cys	0.3500398284673971	0.0	*
p.Ala1049Gln	0.6083006377191238	0.0	*
p.Ala1049Glu	0.4285425245091467	0.0	*
p.Ala1049Gly	0.6964462873205451	0.0	*
p.Ala1049His	0.6756957310578116	0.0	*
p.Ala1049Ile	0.4624720358251122	0.0	*
p.Ala1049Leu	0.4044460047510387	0.0	*
p.Ala1049Lys	0.5599797589028747	0.0	*
p.Ala1049Met	0.4929135289627863	0.0	*
p.Ala1049Phe	0.4724852627617623	0.0	*
p.Ala1049Pro	0.29351792311274905	0.0	*
p.Ala1049Ser	0.8329938668639831	0.0	*
p.Ala1049Ter	0.0	0.0	*
p.Ala1049Thr	0.8528021340765912	0.0	*
p.Ala1049Trp	0.3671161510410593	0.0	*
p.Ala1049Tyr	0.26604504106993593	0.0	*
p.Ala1049Val	0.6744066609462246	0.0	*
p.Ala1058=	*	*	*
p.Ala1058Arg	0.008959002256726125	0.0	*
p.Ala1058Asn	0.019149546024080758	0.0	*
p.Ala1058Asp	0.0070100820847564084	0.0	*
p.Ala1058Cys	0.046338500680351884	0.0	*
p.Ala1058Gln	0.032793430999215306	0.0	*
p.Ala1058Glu	0.006877724722774524	0.0	*
p.Ala1058Gly	0.06613378944365687	0.0	*
p.Ala1058His	0.02461810542644494	0.0	*
p.Ala1058Ile	0.04776383685658568	0.0	*
p.Ala1058Leu	0.02884754710147377	0.0	*
p.Ala1058Lys	0.03606798929447563	0.0	*
p.Ala1058Met	0.04572243557473845	0.0	*
p.Ala1058Phe	0.03383863162937358	0.0	*
p.Ala1058Pro	0.005128889710952889	0.0	*
p.Ala1058Ser	0.11004633752546343	0.0	*
p.Ala1058Ter	0.0	0.0	*
p.Ala1058Thr	0.06545410645460276	0.0	*
p.Ala1058Trp	0.03914872811194688	0.0	*
p.Ala1058Tyr	0.01614693831240796	0.0	*
p.Ala1058Val	0.07507283280636763	0.0	*
p.Ala1063=	*	*	*
p.Ala1063Arg	0.0026830308385489216	0.0	*
p.Ala1063Asn	0.004577019434726934	0.0	*
p.Ala1063Asp	0.0016868466569534605	0.0	*
p.Ala1063Cys	0.011180054235016655	0.0	*
p.Ala1063Gln	0.005172782681863542	0.0	*
p.Ala1063Glu	0.0014817862133187725	0.0	*
p.Ala1063Gly	0.011467315719179636	0.0	*
p.Ala1063His	0.0030643334018167962	0.0	*
p.Ala1063Ile	0.014442031605519705	0.0	*
p.Ala1063Leu	0.007754328285233457	0.0	*
p.Ala1063Lys	0.005948326091286092	0.0	*
p.Ala1063Met	0.013321922873137876	0.0	*
p.Ala1063Phe	0.0067709062016643356	0.0	*
p.Ala1063Pro	0.0018939833305771274	0.0	*
p.Ala1063Ser	0.05620491141729459	0.0	*
p.Ala1063Ter	0.0	0.0	*
p.Ala1063Thr	0.029327149355004533	0.0	*
p.Ala1063Trp	0.008877951237037713	0.0	*
p.Ala1063Tyr	0.005057519479190579	0.0	*
p.Ala1063Val	0.039164787618974385	0.0	*
p.Ala1065=	*	*	*
p.Ala1065Arg	0.019311770201661426	0.0	*
p.Ala1065Asn	0.03456457018047036	0.0	*
p.Ala1065Asp	0.007592535855709489	0.0	*
p.Ala1065Cys	0.023102437001177138	0.0	*
p.Ala1065Gln	0.011267217861279401	0.0	*
p.Ala1065Glu	0.0050960645168130645	0.0	*
p.Ala1065Gly	0.032235459868184345	0.0	*
p.Ala1065His	0.00525297372925256	0.0	*
p.Ala1065Ile	0.020107437321216653	0.0	*
p.Ala1065Leu	0.013608982706507858	0.0	*
p.Ala1065Lys	0.018993574130007275	0.0	*
p.Ala1065Met	0.01834210129405405	0.0	*
p.Ala1065Phe	0.017628541007118873	0.0	*
p.Ala1065Pro	0.006800689405181053	0.0	*
p.Ala1065Ser	0.10859750151869596	0.0	*
p.Ala1065Ter	0.0	0.0	*
p.Ala1065Thr	0.038620196230278944	0.0	*
p.Ala1065Trp	0.015406983137142062	0.0	*
p.Ala1065Tyr	0.013495106874498609	0.0	*
p.Ala1065Val	0.03143384680868447	0.0	*
p.Ala1074=	*	*	*
p.Ala1074Arg	0.013405986533818377	0.0	*
p.Ala1074Asn	0.021561659753668846	0.0	*
p.Ala1074Asp	0.007139642402327091	0.0	*
p.Ala1074Cys	0.06638374653956544	0.0	*
p.Ala1074Gln	0.022052258792779562	0.0	*
p.Ala1074Glu	0.006619345353179137	0.0	*
p.Ala1074Gly	0.042584272635702754	0.0	*
p.Ala1074His	0.01590111078785526	0.0	*
p.Ala1074Ile	0.05237995053659745	0.0	*
p.Ala1074Leu	0.03053986912972285	0.0	*
p.Ala1074Lys	0.041401398328740055	0.0	*
p.Ala1074Met	0.05515300558173103	0.0	*
p.Ala1074Phe	0.03881804325286956	0.0	*
p.Ala1074Pro	0.010711499854980372	0.0	*
p.Ala1074Ser	0.1906256458639066	0.0	*
p.Ala1074Ter	0.0	0.0	*
p.Ala1074Thr	0.13986633935937193	0.0	*
p.Ala1074Trp	0.03705291109857434	0.0	*
p.Ala1074Tyr	0.021403276035024944	0.0	*
p.Ala1074Val	0.1088314155869874	0.0	*
p.Ala1096=	*	*	*
p.Ala1096Arg	0.001279702452836598	0.0	*
p.Ala1096Asn	0.0021848756059237107	0.0	*
p.Ala1096Asp	0.0004593590701452905	0.0	*
p.Ala1096Cys	0.0020315564555168733	0.0	*
p.Ala1096Gln	0.0011140960676770313	0.0	*
p.Ala1096Glu	0.0003847185745759461	0.0	*
p.Ala1096Gly	0.0032406448994436845	0.0	*
p.Ala1096His	0.0004525918141586287	0.0	*
p.Ala1096Ile	0.0030563529911029038	0.0	*
p.Ala1096Leu	0.001627158196876637	0.0	*
p.Ala1096Lys	0.0015183467774986118	0.0	*
p.Ala1096Met	0.001829797909565026	0.0	*
p.Ala1096Phe	0.0015371560244440165	0.0	*
p.Ala1096Pro	0.0008936311042024768	0.0	*
p.Ala1096Ser	0.007525844491867894	0.0	*
p.Ala1096Ter	0.0	0.0	*
p.Ala1096Thr	0.0019049974348649408	0.0	*
p.Ala1096Trp	0.0012695386203319878	0.0	*
p.Ala1096Tyr	0.0014489604223354338	0.0	*
p.Ala1096Val	0.0026608275629716855	0.0	*
p.Ala1114=	*	*	*
p.Ala1114Arg	0.016658957853364166	0.0	*
p.Ala1114Asn	0.023480522966431328	0.0	*
p.Ala1114Asp	0.013061123458687792	0.0	*
p.Ala1114Cys	0.038556059223783745	0.0	*
p.Ala1114Gln	0.03776479722801233	0.0	*
p.Ala1114Glu	0.007711751315251843	0.0	*
p.Ala1114Gly	0.07874705996900201	0.0	*
p.Ala1114His	0.02426412492094996	0.0	*
p.Ala1114Ile	0.022233589411639106	0.0	*
p.Ala1114Leu	0.02534078852209908	0.0	*
p.Ala1114Lys	0.03462155094281482	0.0	*
p.Ala1114Met	0.03623694347617859	0.0	*
p.Ala1114Phe	0.0298909877161223	0.0	*
p.Ala1114Pro	0.009006163287080482	0.0	*
p.Ala1114Ser	0.16334024064241537	0.0	*
p.Ala1114Ter	0.0	0.0	*
p.Ala1114Thr	0.08717681741354164	0.0	*
p.Ala1114Trp	0.03335757656656008	0.0	*
p.Ala1114Tyr	0.023452814802834766	0.0	*
p.Ala1114Val	0.07382640049215723	0.0	*
p.Ala1122=	*	*	*
p.Ala1122Arg	0.22789317537862727	0.0	*
p.Ala1122Asn	0.5400226957871225	0.0	*
p.Ala1122Asp	0.46094309288809165	0.0	*
p.Ala1122Cys	0.5305995229033124	0.0	*
p.Ala1122Gln	0.4870222449696505	0.0	*
p.Ala1122Glu	0.5733344019933531	0.0	*
p.Ala1122Gly	0.7091452976259084	0.0	*
p.Ala1122His	0.6653932117414227	0.0	*
p.Ala1122Ile	0.6593465074194774	0.0	*
p.Ala1122Leu	0.3997384364117415	0.0	*
p.Ala1122Lys	0.5260897652909812	0.0	*
p.Ala1122Met	0.5149408080160054	0.0	*
p.Ala1122Phe	0.5064666707073389	0.0	*
p.Ala1122Pro	0.5518917888061095	0.0	*
p.Ala1122Ser	0.9154287795667281	0.0	*
p.Ala1122Ter	0.0	0.0	*
p.Ala1122Thr	0.8565714281906383	0.0	*
p.Ala1122Trp	0.5235273357653311	0.0	*
p.Ala1122Tyr	0.34002051851371284	0.0	*
p.Ala1122Val	0.7724119379147583	0.0	*
p.Ala1124=	*	*	*
p.Ala1124Arg	0.6768841760106326	0.0	*
p.Ala1124Asp	0.7820390183336019	0.0	*
p.Ala1124Cys	0.8217230062498158	0.0	*
p.Ala1124Gln	0.624105240368527	0.0	*
p.Ala1124Glu	0.7452458041740456	0.0	*
p.Ala1124Gly	0.9049429041616927	0.0	*
p.Ala1124His	0.813546359780285	0.0	*
p.Ala1124Ile	0.6677118933578277	0.0	*
p.Ala1124Leu	0.8159899456445219	0.0	*
p.Ala1124Met	0.807810313176953	0.0	*
p.Ala1124Phe	0.685071815547253	0.0	*
p.Ala1124Pro	0.8584151698976525	0.0	*
p.Ala1124Ser	0.9204192764075753	0.0	*
p.Ala1124Thr	0.9319816924925064	0.0	*
p.Ala1124Tyr	0.5403688541550258	0.0	*
p.Ala1124Val	0.8913599911523493	0.0	*
p.Ala1130=	*	*	*
p.Ala1130Arg	0.22471767559480577	0.0	*
p.Ala1130Asn	0.4191808230818443	0.0	*
p.Ala1130Asp	0.1286784120978191	0.0	*
p.Ala1130Cys	0.3852926061832054	0.0	*
p.Ala1130Gln	0.17997519409235732	0.0	*
p.Ala1130Glu	0.11190667129362639	0.0	*
p.Ala1130Gly	0.2774278532699086	0.0	*
p.Ala1130His	0.13488905305236903	0.0	*
p.Ala1130Ile	0.24975427475900555	0.0	*
p.Ala1130Leu	0.2510874426067139	0.0	*
p.Ala1130Lys	0.26508496315539753	0.0	*
p.Ala1130Met	0.2985583101356721	0.0	*
p.Ala1130Phe	0.30210817819926367	0.0	*
p.Ala1130Pro	0.20624899391469473	0.0	*
p.Ala1130Ser	0.36740700950782024	0.0	*
p.Ala1130Ter	0.0	0.0	*
p.Ala1130Thr	0.5012983870602225	0.0	*
p.Ala1130Trp	0.16938608052734178	0.0	*
p.Ala1130Tyr	0.2311352633425753	0.0	*
p.Ala1130Val	0.44244902024303134	0.0	*
p.Ala1135=	*	*	*
p.Ala1135Arg	0.6107415505924616	0.0	*
p.Ala1135Asn	0.9000313198588689	0.0	*
p.Ala1135Asp	0.8630546741327457	0.0	*
p.Ala1135Cys	0.9213143536668764	0.0	*
p.Ala1135Gln	0.7132446891595838	0.0	*
p.Ala1135Glu	0.8896733815072779	0.0	*
p.Ala1135Gly	0.9536996745440584	0.0	*
p.Ala1135His	0.8286091897770591	0.0	*
p.Ala1135Ile	0.6875133201407142	0.0	*
p.Ala1135Leu	0.8673147942224565	0.0	*
p.Ala1135Lys	0.7802072748684534	0.0	*
p.Ala1135Met	0.8413191374121594	0.0	*
p.Ala1135Phe	0.7851991973866131	0.0	*
p.Ala1135Pro	0.9147332053649537	0.0	*
p.Ala1135Ser	0.9712505740292698	0.0	*
p.Ala1135Ter	0.0	0.0	*
p.Ala1135Thr	0.9604169585546491	0.0	*
p.Ala1135Trp	0.7970721106901759	0.0	*
p.Ala1135Tyr	0.6877073610884675	0.0	*
p.Ala1135Val	0.9390870712488116	0.0	*
p.Ala1139=	*	*	*
p.Ala1139Arg	0.8710742311087013	0.0	*
p.Ala1139Asn	0.9091406899599755	0.0	*
p.Ala1139Asp	0.9184973256867239	0.0	*
p.Ala1139Cys	0.9058941720475844	0.0	*
p.Ala1139Gln	0.873431703116825	0.0	*
p.Ala1139Glu	0.7529665309774557	0.0	*
p.Ala1139Gly	0.8863630919982669	0.0	*
p.Ala1139His	0.8453812065169939	0.0	*
p.Ala1139Ile	0.8949516691446762	0.0	*
p.Ala1139Leu	0.8991657846523216	0.0	*
p.Ala1139Lys	0.9240035681380918	0.0	*
p.Ala1139Met	0.8883940930401734	0.0	*
p.Ala1139Phe	0.9066508663321188	0.0	*
p.Ala1139Pro	0.8429953947238663	0.0	*
p.Ala1139Ser	0.9802177340231063	0.0	*
p.Ala1139Ter	0.0	0.0	*
p.Ala1139Thr	0.9835253088187397	0.0	*
p.Ala1139Trp	0.8557905387278432	0.0	*
p.Ala1139Tyr	0.7845256171729043	0.0	*
p.Ala1139Val	0.9619973462358605	0.0	*
p.Ala1168=	*	*	*
p.Ala1168Arg	0.4149927016747206	0.0	*
p.Ala1168Asn	0.5730359070246205	0.0	*
p.Ala1168Asp	0.2523917660285578	0.0	*
p.Ala1168Cys	0.6240670431198193	0.0	*
p.Ala1168Gln	0.3944634871051636	0.0	*
p.Ala1168Glu	0.24093484486059547	0.0	*
p.Ala1168Gly	0.6835961736826232	0.0	*
p.Ala1168His	0.41776062269985714	0.0	*
p.Ala1168Ile	0.6024626723363954	0.0	*
p.Ala1168Leu	0.5398424623999019	0.0	*
p.Ala1168Lys	0.6672950783684892	0.0	*
p.Ala1168Met	0.7393541312039968	0.0	*
p.Ala1168Phe	0.4665895235197218	0.0	*
p.Ala1168Pro	0.14021610384198305	0.0	*
p.Ala1168Ser	0.8922723578831027	0.0	*
p.Ala1168Ter	0.0	0.0	*
p.Ala1168Thr	0.8575621848398873	0.0	*
p.Ala1168Trp	0.3489418808639654	0.0	*
p.Ala1168Tyr	0.2519903558323157	0.0	*
p.Ala1168Val	0.6747652396542478	0.0	*
p.Ala1179=	*	*	*
p.Ala1179Arg	0.007222351750320389	0.0	*
p.Ala1179Asn	0.009375720542876768	0.0	*
p.Ala1179Asp	0.008019941855182683	0.0	*
p.Ala1179Cys	0.029477516582538832	0.0	*
p.Ala1179Gln	0.012286315599921296	0.0	*
p.Ala1179Glu	0.0047605616575406235	0.0	*
p.Ala1179Gly	0.020445012868472067	0.0	*
p.Ala1179His	0.009806154389860228	0.0	*
p.Ala1179Ile	0.015639515767968733	0.0	*
p.Ala1179Leu	0.009960370078684768	0.0	*
p.Ala1179Lys	0.012054723620254244	0.0	*
p.Ala1179Met	0.018171118789132558	0.0	*
p.Ala1179Phe	0.00961091683198288	0.0	*
p.Ala1179Pro	0.0036303909397510056	0.0	*
p.Ala1179Ser	0.0687620342910385	0.0	*
p.Ala1179Ter	0.0	0.0	*
p.Ala1179Thr	0.044279233643276565	0.0	*
p.Ala1179Trp	0.013724024734714556	0.0	*
p.Ala1179Tyr	0.00844457726809603	0.0	*
p.Ala1179Val	0.03767793458600203	0.0	*
p.Ala1183=	*	*	*
p.Ala1183Arg	0.0009797962783052454	0.0	*
p.Ala1183Asn	0.0015784589983671414	0.0	*
p.Ala1183Asp	0.001140115816870028	0.0	*
p.Ala1183Cys	0.0050792164910090755	0.0	*
p.Ala1183Gln	0.002750218943531536	0.0	*
p.Ala1183Glu	0.0010072614988621738	0.0	*
p.Ala1183Gly	0.007427887730195546	0.0	*
p.Ala1183His	0.002183722941371518	0.0	*
p.Ala1183Ile	0.00477128749721084	0.0	*
p.Ala1183Leu	0.0026597682861953394	0.0	*
p.Ala1183Lys	0.00242868792441347	0.0	*
p.Ala1183Met	0.004796822918325424	0.0	*
p.Ala1183Phe	0.0034343271307854073	0.0	*
p.Ala1183Pro	0.0010581121585388031	0.0	*
p.Ala1183Ser	0.007683534749090768	0.0	*
p.Ala1183Ter	0.0	0.0	*
p.Ala1183Thr	0.008564631907514022	0.0	*
p.Ala1183Trp	0.004173005047449053	0.0	*
p.Ala1183Tyr	0.002474762019726902	0.0	*
p.Ala1183Val	0.013270098716857736	0.0	*
p.Ala1193=	*	*	*
p.Ala1193Arg	0.0026268403437900486	0.0	*
p.Ala1193Asn	0.0030052658509905016	0.0	*
p.Ala1193Asp	0.0018878525119030948	0.0	*
p.Ala1193Cys	0.010998504765977753	0.0	*
p.Ala1193Gln	0.004340148444516679	0.0	*
p.Ala1193Glu	0.0007752145758621688	0.0	*
p.Ala1193Gly	0.011377969801436216	0.0	*
p.Ala1193His	0.0019499947385794307	0.0	*
p.Ala1193Ile	0.006790058975481482	0.0	*
p.Ala1193Leu	0.003932881508395123	0.0	*
p.Ala1193Lys	0.005602196375987299	0.0	*
p.Ala1193Met	0.006172742187613016	0.0	*
p.Ala1193Phe	0.00435388038742963	0.0	*
p.Ala1193Pro	0.0011583303151467886	0.0	*
p.Ala1193Ser	0.05275741680795823	0.0	*
p.Ala1193Ter	0.0	0.0	*
p.Ala1193Thr	0.014448700275999147	0.0	*
p.Ala1193Trp	0.00650749032495235	0.0	*
p.Ala1193Tyr	0.0038582192330386604	0.0	*
p.Ala1193Val	0.01325413537217925	0.0	*
p.Ala1195=	*	*	*
p.Ala1195Arg	0.001884169922534552	0.0	*
p.Ala1195Asn	0.0032006303808963786	0.0	*
p.Ala1195Asp	0.0017150744785704225	0.0	*
p.Ala1195Cys	0.006534539967911805	0.0	*
p.Ala1195Gln	0.0029790778780422657	0.0	*
p.Ala1195Glu	0.0011749197338695608	0.0	*
p.Ala1195Gly	0.008905108544624025	0.0	*
p.Ala1195His	0.0022456001585558875	0.0	*
p.Ala1195Ile	0.005245057513245398	0.0	*
p.Ala1195Leu	0.004601755772164698	0.0	*
p.Ala1195Lys	0.0035867027335814714	0.0	*
p.Ala1195Met	0.006279796297418718	0.0	*
p.Ala1195Phe	0.003660007526742062	0.0	*
p.Ala1195Pro	0.0012358939266571094	0.0	*
p.Ala1195Ser	0.022448697118441097	0.0	*
p.Ala1195Ter	0.0	0.0	*
p.Ala1195Thr	0.009552504100576686	0.0	*
p.Ala1195Trp	0.005211753286245327	0.0	*
p.Ala1195Tyr	0.0034986332029200515	0.0	*
p.Ala1195Val	0.00990073752110771	0.0	*
p.Ala1197=	*	*	*
p.Ala1197Arg	0.01848033553635978	0.0	*
p.Ala1197Asn	0.036902041386537195	0.0	*
p.Ala1197Asp	0.013342628348594725	0.0	*
p.Ala1197Cys	0.032478355706509046	0.0	*
p.Ala1197Gln	0.03454144885984838	0.0	*
p.Ala1197Glu	0.00885771802232961	0.0	*
p.Ala1197Gly	0.043632403369282924	0.0	*
p.Ala1197His	0.0184290696901	0.0	*
p.Ala1197Ile	0.03367587119198536	0.0	*
p.Ala1197Leu	0.026813951200157733	0.0	*
p.Ala1197Lys	0.03830293640623782	0.0	*
p.Ala1197Met	0.04802807629192724	0.0	*
p.Ala1197Phe	0.021567276223848793	0.0	*
p.Ala1197Pro	0.007141030030136012	0.0	*
p.Ala1197Ser	0.173883300803704	0.0	*
p.Ala1197Ter	0.0	0.0	*
p.Ala1197Thr	0.05690327153858304	0.0	*
p.Ala1197Trp	0.021585201532232614	0.0	*
p.Ala1197Tyr	0.01998306553624336	0.0	*
p.Ala1197Val	0.04266444487936043	0.0	*
p.Ala1202=	*	*	*
p.Ala1202Arg	0.009255929717141863	0.0	*
p.Ala1202Asn	0.013603193361634125	0.0	*
p.Ala1202Asp	0.004386419659536697	0.0	*
p.Ala1202Cys	0.01649114360177865	0.0	*
p.Ala1202Gln	0.011574420730205592	0.0	*
p.Ala1202Glu	0.0034797725989012675	0.0	*
p.Ala1202Gly	0.01573260883003464	0.0	*
p.Ala1202His	0.005111287423918875	0.0	*
p.Ala1202Ile	0.021103961753395427	0.0	*
p.Ala1202Leu	0.017107345200825005	0.0	*
p.Ala1202Lys	0.019941757929811656	0.0	*
p.Ala1202Met	0.02224701974997325	0.0	*
p.Ala1202Phe	0.01489558992548664	0.0	*
p.Ala1202Pro	0.00369596450097371	0.0	*
p.Ala1202Ser	0.06205654783805177	0.0	*
p.Ala1202Ter	0.0	0.0	*
p.Ala1202Thr	0.038600673789124545	0.0	*
p.Ala1202Trp	0.015323053051944261	0.0	*
p.Ala1202Tyr	0.008443285864969842	0.0	*
p.Ala1202Val	0.03480756133606479	0.0	*
p.Ala1203=	*	*	*
p.Ala1203Arg	0.0220004550711972	0.0	*
p.Ala1203Asn	0.042462842579521265	0.0	*
p.Ala1203Asp	0.013140557479375519	0.0	*
p.Ala1203Cys	0.06045868097541155	0.0	*
p.Ala1203Gln	0.03180565731122467	0.0	*
p.Ala1203Glu	0.009475815447678117	0.0	*
p.Ala1203Gly	0.0638955491407831	0.0	*
p.Ala1203His	0.019595561748851777	0.0	*
p.Ala1203Ile	0.06382012610731798	0.0	*
p.Ala1203Leu	0.04762625225846278	0.0	*
p.Ala1203Lys	0.0477155863172704	0.0	*
p.Ala1203Met	0.06096686652518607	0.0	*
p.Ala1203Phe	0.048635978493597985	0.0	*
p.Ala1203Pro	0.008755299229584845	0.0	*
p.Ala1203Ser	0.2349120968521396	0.0	*
p.Ala1203Ter	0.0	0.0	*
p.Ala1203Thr	0.1219105285766527	0.0	*
p.Ala1203Trp	0.047085019975539884	0.0	*
p.Ala1203Tyr	0.03234865434221957	0.0	*
p.Ala1203Val	0.11790541094235313	0.0	*
p.Ala1205=	*	*	*
p.Ala1205Arg	0.02606071908763918	0.0	*
p.Ala1205Asn	0.05472951419589456	0.0	*
p.Ala1205Asp	0.01238730647939469	0.0	*
p.Ala1205Cys	0.039049297036575274	0.0	*
p.Ala1205Gln	0.03147114916530121	0.0	*
p.Ala1205Glu	0.00880451128259351	0.0	*
p.Ala1205Gly	0.07890608277142	0.0	*
p.Ala1205His	0.020663754408111648	0.0	*
p.Ala1205Ile	0.056681888187022536	0.0	*
p.Ala1205Leu	0.061086785622708334	0.0	*
p.Ala1205Lys	0.02963773531837667	0.0	*
p.Ala1205Met	0.12908010750588553	0.0	*
p.Ala1205Phe	0.053699719895303935	0.0	*
p.Ala1205Pro	0.007147966436754993	0.0	*
p.Ala1205Ser	0.144828428524127	0.0	*
p.Ala1205Ter	0.0	0.0	*
p.Ala1205Thr	0.10557928109760079	0.0	*
p.Ala1205Trp	0.044326356926685295	0.0	*
p.Ala1205Tyr	0.024606062334803256	0.0	*
p.Ala1205Val	0.116039255108153	0.0	*
p.Ala1227=	*	*	*
p.Ala1227Arg	0.0164916282658068	0.0	*
p.Ala1227Asn	0.016574416321299305	0.0	*
p.Ala1227Asp	0.007331775291764822	0.0	*
p.Ala1227Cys	0.03464482563114856	0.0	*
p.Ala1227Gln	0.011238957179195966	0.0	*
p.Ala1227Glu	0.0040896736066739735	0.0	*
p.Ala1227Gly	0.04344137715851429	0.0	*
p.Ala1227His	0.005441072260962291	0.0	*
p.Ala1227Ile	0.03035540194780287	0.0	*
p.Ala1227Leu	0.02445827753748659	0.0	*
p.Ala1227Lys	0.024841161277150785	0.0	*
p.Ala1227Met	0.03362070942036869	0.0	*
p.Ala1227Phe	0.023699612139044292	0.0	*
p.Ala1227Pro	0.00941149905384743	0.0	*
p.Ala1227Ser	0.19907317061191215	0.0	*
p.Ala1227Ter	0.0	0.0	*
p.Ala1227Thr	0.07220758608988155	0.0	*
p.Ala1227Trp	0.01837612323299627	0.0	*
p.Ala1227Tyr	0.017087063008718234	0.0	*
p.Ala1227Val	0.06617293869924756	0.0	*
p.Ala1229=	*	*	*
p.Ala1229Arg	0.014497136813535063	0.0	*
p.Ala1229Asn	0.042203335981177655	0.0	*
p.Ala1229Asp	0.007888445302791073	0.0	*
p.Ala1229Cys	0.017095654372486734	0.0	*
p.Ala1229Gln	0.015008558261400759	0.0	*
p.Ala1229Glu	0.0051048801502910504	0.0	*
p.Ala1229Gly	0.05564045601066423	0.0	*
p.Ala1229His	0.009314205139134297	0.0	*
p.Ala1229Ile	0.028117414416244012	0.0	*
p.Ala1229Leu	0.019453549107568274	0.0	*
p.Ala1229Lys	0.036993966154335485	0.0	*
p.Ala1229Met	0.03986200223102927	0.0	*
p.Ala1229Phe	0.025393781275979552	0.0	*
p.Ala1229Pro	0.006817683298445716	0.0	*
p.Ala1229Ser	0.2649773440294542	0.0	*
p.Ala1229Ter	0.0	0.0	*
p.Ala1229Thr	0.07998845574793761	0.0	*
p.Ala1229Trp	0.015335055108254026	0.0	*
p.Ala1229Tyr	0.01217586179382134	0.0	*
p.Ala1229Val	0.03586674082948553	0.0	*
p.Ala1231=	*	*	*
p.Ala1231Arg	0.0017048330125078528	0.0	*
p.Ala1231Asn	0.0036618551489432907	0.0	*
p.Ala1231Asp	0.0015478599660192654	0.0	*
p.Ala1231Cys	0.00782317802574538	0.0	*
p.Ala1231Gln	0.001940303583105504	0.0	*
p.Ala1231Glu	0.0008440052247573725	0.0	*
p.Ala1231Gly	0.011389899926084251	0.0	*
p.Ala1231His	0.0013921307115779772	0.0	*
p.Ala1231Ile	0.004514714961262126	0.0	*
p.Ala1231Leu	0.004418855808287229	0.0	*
p.Ala1231Lys	0.003848277858961298	0.0	*
p.Ala1231Met	0.005214135179867531	0.0	*
p.Ala1231Phe	0.0047556077761103915	0.0	*
p.Ala1231Pro	0.0011537882613475016	0.0	*
p.Ala1231Ser	0.029619825896769317	0.0	*
p.Ala1231Ter	0.0	0.0	*
p.Ala1231Thr	0.011361486047761956	0.0	*
p.Ala1231Trp	0.005132087344422344	0.0	*
p.Ala1231Tyr	0.003948098738030184	0.0	*
p.Ala1231Val	0.013935693410063298	0.0	*
p.Ala1241=	*	*	*
p.Ala1241Arg	0.04531906653385279	0.0	*
p.Ala1241Asn	0.1481683162400364	0.0	*
p.Ala1241Asp	0.03308222329394631	0.0	*
p.Ala1241Cys	0.14779114107904626	0.0	*
p.Ala1241Gln	0.1430789735950417	0.0	*
p.Ala1241Glu	0.050098907500457916	0.0	*
p.Ala1241Gly	0.2851664308755228	0.0	*
p.Ala1241His	0.09802470911724888	0.0	*
p.Ala1241Ile	0.11448894753245806	0.0	*
p.Ala1241Leu	0.13405292987675876	0.0	*
p.Ala1241Lys	0.1820876464570447	0.0	*
p.Ala1241Met	0.26102599491927014	0.0	*
p.Ala1241Phe	0.11108321737139921	0.0	*
p.Ala1241Pro	0.02803696821826218	0.0	*
p.Ala1241Ser	0.7260955871006269	0.0	*
p.Ala1241Ter	0.0	0.0	*
p.Ala1241Thr	0.3190151333206979	0.0	*
p.Ala1241Trp	0.08273856962271234	0.0	*
p.Ala1241Tyr	0.04523182365776204	0.0	*
p.Ala1241Val	0.17821885767846254	0.0	*
p.Ala1250=	*	*	*
p.Ala1250Arg	0.19421542849039727	0.0	*
p.Ala1250Asn	0.3315673557827291	0.0	*
p.Ala1250Asp	0.326564725777593	0.0	*
p.Ala1250Cys	0.31320982855035745	0.0	*
p.Ala1250Gln	0.21729679609850128	0.0	*
p.Ala1250Glu	0.1199616779201617	0.0	*
p.Ala1250Gly	0.5005302783648947	0.0	*
p.Ala1250His	0.3293734165733017	0.0	*
p.Ala1250Ile	0.30547867118737143	0.0	*
p.Ala1250Leu	0.22792289996443962	0.0	*
p.Ala1250Lys	0.47676029398882874	0.0	*
p.Ala1250Met	0.38093986986688094	0.0	*
p.Ala1250Phe	0.2832475039582795	0.0	*
p.Ala1250Pro	0.15553768219531494	0.0	*
p.Ala1250Ser	0.7892143443515443	0.0	*
p.Ala1250Ter	0.0	0.0	*
p.Ala1250Thr	0.8611302301744231	0.0	*
p.Ala1250Trp	0.19095753858745762	0.0	*
p.Ala1250Tyr	0.1307281738256161	0.0	*
p.Ala1250Val	0.45502897374490225	0.0	*
p.Ala1263=	*	*	*
p.Ala1263Arg	0.023042629779650863	0.0	*
p.Ala1263Asn	0.0306073874763288	0.0	*
p.Ala1263Asp	0.015408979081956752	0.0	*
p.Ala1263Cys	0.07220076519127974	0.0	*
p.Ala1263Gln	0.030187286662810515	0.0	*
p.Ala1263Glu	0.008051600678898943	0.0	*
p.Ala1263Gly	0.15743020880439357	0.0	*
p.Ala1263His	0.024439240113864023	0.0	*
p.Ala1263Ile	0.09049803077885102	0.0	*
p.Ala1263Leu	0.05591171660217536	0.0	*
p.Ala1263Lys	0.07303498909376732	0.0	*
p.Ala1263Met	0.0904565541152628	0.0	*
p.Ala1263Phe	0.07917164083059404	0.0	*
p.Ala1263Pro	0.010964754416039387	0.0	*
p.Ala1263Ser	0.4500517212153559	0.0	*
p.Ala1263Ter	0.0	0.0	*
p.Ala1263Thr	0.23482476407964978	0.0	*
p.Ala1263Trp	0.04480999597672777	0.0	*
p.Ala1263Tyr	0.026744850105934352	0.0	*
p.Ala1263Val	0.16701693416037838	0.0	*
p.Ala1274=	*	*	*
p.Ala1274Arg	0.0026640043096516036	0.0	*
p.Ala1274Asn	0.005520336876216629	0.0	*
p.Ala1274Asp	0.0015771339142795684	0.0	*
p.Ala1274Cys	0.0058753540416326055	0.0	*
p.Ala1274Gln	0.00202917778245832	0.0	*
p.Ala1274Glu	0.0013314396733854564	0.0	*
p.Ala1274Gly	0.007721147005317707	0.0	*
p.Ala1274His	0.0015021447455254155	0.0	*
p.Ala1274Ile	0.004595891298904462	0.0	*
p.Ala1274Leu	0.0045891851141032025	0.0	*
p.Ala1274Lys	0.0033200467203242908	0.0	*
p.Ala1274Met	0.005147264462809941	0.0	*
p.Ala1274Phe	0.0045442289163592645	0.0	*
p.Ala1274Pro	0.002330910598874651	0.0	*
p.Ala1274Ser	0.012626575257803503	0.0	*
p.Ala1274Ter	0.0	0.0	*
p.Ala1274Thr	0.006010089260620407	0.0	*
p.Ala1274Trp	0.004299702619079389	0.0	*
p.Ala1274Tyr	0.0035108692550595705	0.0	*
p.Ala1274Val	0.01195893814945882	0.0	*
p.Ala1276=	*	*	*
p.Ala1276Arg	0.010017149671591093	0.0	*
p.Ala1276Asn	0.017599563710889426	0.0	*
p.Ala1276Asp	0.009091100499200365	0.0	*
p.Ala1276Cys	0.02823722558802141	0.0	*
p.Ala1276Gln	0.01466701396097873	0.0	*
p.Ala1276Glu	0.00679643808846772	0.0	*
p.Ala1276Gly	0.04605392968680575	0.0	*
p.Ala1276His	0.016649546626017392	0.0	*
p.Ala1276Ile	0.028273011048585078	0.0	*
p.Ala1276Leu	0.03094791361213606	0.0	*
p.Ala1276Lys	0.02405961758602834	0.0	*
p.Ala1276Met	0.02881225991081976	0.0	*
p.Ala1276Phe	0.024794380782762523	0.0	*
p.Ala1276Pro	0.00767210112988743	0.0	*
p.Ala1276Ser	0.10452951472255775	0.0	*
p.Ala1276Ter	0.0	0.0	*
p.Ala1276Thr	0.05888520745308963	0.0	*
p.Ala1276Trp	0.021028685280777063	0.0	*
p.Ala1276Tyr	0.01292154573911813	0.0	*
p.Ala1276Val	0.059804748357943985	0.0	*
p.Ala1278=	*	*	*
p.Ala1278Arg	0.011339017535030887	0.0	*
p.Ala1278Asn	0.02189905103337014	0.0	*
p.Ala1278Asp	0.005941571685120354	0.0	*
p.Ala1278Cys	0.036066949593642574	0.0	*
p.Ala1278Gln	0.014351103284262015	0.0	*
p.Ala1278Glu	0.005895704685673068	0.0	*
p.Ala1278Gly	0.03587316742467909	0.0	*
p.Ala1278His	0.01832195311683528	0.0	*
p.Ala1278Ile	0.03935911832988201	0.0	*
p.Ala1278Leu	0.02982992281936126	0.0	*
p.Ala1278Lys	0.026715887594446344	0.0	*
p.Ala1278Met	0.03789840870229045	0.0	*
p.Ala1278Phe	0.026053349059221898	0.0	*
p.Ala1278Pro	0.005895704685673068	0.0	*
p.Ala1278Ser	0.08910379049400002	0.0	*
p.Ala1278Ter	0.0	0.0	*
p.Ala1278Thr	0.05928364580944906	0.0	*
p.Ala1278Trp	0.02234050952983615	0.0	*
p.Ala1278Tyr	0.012718272275341875	0.0	*
p.Ala1278Val	0.05110443880497291	0.0	*
p.Ala1283=	*	*	*
p.Ala1283Arg	0.010235772312469308	0.0	*
p.Ala1283Asn	0.011690933454147305	0.0	*
p.Ala1283Asp	0.006368231672988402	0.0	*
p.Ala1283Cys	0.0425631299445548	0.0	*
p.Ala1283Gln	0.018110169143419428	0.0	*
p.Ala1283Glu	0.0045079573078529635	0.0	*
p.Ala1283Gly	0.04223508288083683	0.0	*
p.Ala1283His	0.009378189903307766	0.0	*
p.Ala1283Ile	0.03537686333254542	0.0	*
p.Ala1283Leu	0.025028312632130265	0.0	*
p.Ala1283Lys	0.026401753568342408	0.0	*
p.Ala1283Met	0.022471835933545757	0.0	*
p.Ala1283Phe	0.025052424005432575	0.0	*
p.Ala1283Pro	0.005010371754011382	0.0	*
p.Ala1283Ser	0.2511210120062816	0.0	*
p.Ala1283Ter	0.0	0.0	*
p.Ala1283Thr	0.10348712297520864	0.0	*
p.Ala1283Trp	0.026984899529285553	0.0	*
p.Ala1283Tyr	0.012207857514557418	0.0	*
p.Ala1283Val	0.07458474964585005	0.0	*
p.Ala1291=	*	*	*
p.Ala1291Arg	0.008012018781654374	0.0	*
p.Ala1291Asn	0.010688164152234706	0.0	*
p.Ala1291Asp	0.01212807696549576	0.0	*
p.Ala1291Cys	0.03912714370220537	0.0	*
p.Ala1291Gln	0.013517017673421984	0.0	*
p.Ala1291Glu	0.008033139529272952	0.0	*
p.Ala1291Gly	0.08133688261598512	0.0	*
p.Ala1291His	0.01693497532619145	0.0	*
p.Ala1291Ile	0.05266802095277271	0.0	*
p.Ala1291Leu	0.029534928632286534	0.0	*
p.Ala1291Lys	0.01997904802569022	0.0	*
p.Ala1291Met	0.029019522138495464	0.0	*
p.Ala1291Phe	0.035603694828480366	0.0	*
p.Ala1291Pro	0.01300885706661781	0.0	*
p.Ala1291Ser	0.11038827916877238	0.0	*
p.Ala1291Ter	0.0	0.0	*
p.Ala1291Thr	0.11402707395111532	0.0	*
p.Ala1291Trp	0.026226011527976625	0.0	*
p.Ala1291Tyr	0.020990457396009993	0.0	*
p.Ala1291Val	0.09482140624467865	0.0	*
p.Ala1294=	*	*	*
p.Ala1294Arg	0.09231411024413826	0.0	*
p.Ala1294Asn	0.23268592160437607	0.0	*
p.Ala1294Asp	0.08734508044403573	0.0	*
p.Ala1294Cys	0.09979020890323019	0.0	*
p.Ala1294Gln	0.09561423559523298	0.0	*
p.Ala1294Glu	0.03460797094419949	0.0	*
p.Ala1294Gly	0.23633161463226582	0.0	*
p.Ala1294His	0.11110087185852673	0.0	*
p.Ala1294Ile	0.10181747942545012	0.0	*
p.Ala1294Leu	0.11394950554348908	0.0	*
p.Ala1294Lys	0.11326628503055884	0.0	*
p.Ala1294Met	0.21894690518961737	0.0	*
p.Ala1294Phe	0.09521931762941888	0.0	*
p.Ala1294Pro	0.033613208710012575	0.0	*
p.Ala1294Ser	0.41548567651109103	0.0	*
p.Ala1294Ter	0.0	0.0	*
p.Ala1294Thr	0.4077560383994532	0.0	*
p.Ala1294Trp	0.08664143641078285	0.0	*
p.Ala1294Tyr	0.061888912216360135	0.0	*
p.Ala1294Val	0.19521348017165577	0.0	*
p.Ala1295=	*	*	*
p.Ala1295Arg	0.018275831307640045	0.0	*
p.Ala1295Asn	0.05211650924314079	0.0	*
p.Ala1295Asp	0.016018828825389967	0.0	*
p.Ala1295Cys	0.05740841816387246	0.0	*
p.Ala1295Gln	0.030100082524246598	0.0	*
p.Ala1295Glu	0.01436139002388416	0.0	*
p.Ala1295Gly	0.0823024945466325	0.0	*
p.Ala1295His	0.030457197617804476	0.0	*
p.Ala1295Ile	0.06866672739744889	0.0	*
p.Ala1295Leu	0.05845983060488074	0.0	*
p.Ala1295Lys	0.04438883753168978	0.0	*
p.Ala1295Met	0.10004807491245812	0.0	*
p.Ala1295Phe	0.05231805897825266	0.0	*
p.Ala1295Pro	0.013787671397866645	0.0	*
p.Ala1295Ser	0.20604573359935402	0.0	*
p.Ala1295Ter	0.0	0.0	*
p.Ala1295Thr	0.10045350058657658	0.0	*
p.Ala1295Trp	0.037722311538168594	0.0	*
p.Ala1295Tyr	0.03285982502555208	0.0	*
p.Ala1295Val	0.0867624487365687	0.0	*
p.Ala1309=	*	*	*
p.Ala1309Arg	0.11688574014966445	0.0	*
p.Ala1309Asn	0.21893258498576992	0.0	*
p.Ala1309Asp	0.06781393069262717	0.0	*
p.Ala1309Cys	0.25011573607944765	0.0	*
p.Ala1309Gln	0.14446742925982947	0.0	*
p.Ala1309Glu	0.04831080613085701	0.0	*
p.Ala1309Gly	0.4490632618064881	0.0	*
p.Ala1309His	0.1483359541314349	0.0	*
p.Ala1309Ile	0.2898116465895531	0.0	*
p.Ala1309Leu	0.1533518631440493	0.0	*
p.Ala1309Lys	0.2920912019079806	0.0	*
p.Ala1309Met	0.366942088668842	0.0	*
p.Ala1309Phe	0.32312500523782256	0.0	*
p.Ala1309Pro	0.038247190389292356	0.0	*
p.Ala1309Ser	0.6263361020385174	0.0	*
p.Ala1309Ter	0.0	0.0	*
p.Ala1309Thr	0.61129025439522	0.0	*
p.Ala1309Trp	0.17482080531314817	0.0	*
p.Ala1309Tyr	0.13320110335550572	0.0	*
p.Ala1309Val	0.39482028433640304	0.0	*
p.Ala1328=	*	*	*
p.Ala1328Arg	0.0552377675004357	0.0	*
p.Ala1328Asn	0.19051696955118308	0.0	*
p.Ala1328Asp	0.04193355985842092	0.0	*
p.Ala1328Cys	0.283174425683018	0.0	*
p.Ala1328Gln	0.1407552293513114	0.0	*
p.Ala1328Glu	0.029707631957782196	0.0	*
p.Ala1328Gly	0.5171081047413434	0.0	*
p.Ala1328His	0.1262907570284205	0.0	*
p.Ala1328Ile	0.23939941908947088	0.0	*
p.Ala1328Leu	0.2128864450037899	0.0	*
p.Ala1328Lys	0.20416263352670108	0.0	*
p.Ala1328Met	0.5371861206417256	0.0	*
p.Ala1328Phe	0.1753921812198001	0.0	*
p.Ala1328Pro	0.022404938939324506	0.0	*
p.Ala1328Ser	0.8544662841627869	0.0	*
p.Ala1328Ter	0.0	0.0	*
p.Ala1328Thr	0.6405903977437764	0.0	*
p.Ala1328Trp	0.16981066017949403	0.0	*
p.Ala1328Tyr	0.07542496309197338	0.0	*
p.Ala1328Val	0.32618474963162164	0.0	*
p.Ala1339=	*	*	*
p.Ala1339Arg	0.020929011823276236	0.0	*
p.Ala1339Asn	0.04406094844508561	0.0	*
p.Ala1339Asp	0.018349972716737977	0.0	*
p.Ala1339Cys	0.16892814452281701	0.0	*
p.Ala1339Gln	0.02490943370284385	0.0	*
p.Ala1339Glu	0.013963291135113624	0.0	*
p.Ala1339Gly	0.31265132534599777	0.0	*
p.Ala1339His	0.031275974479883464	0.0	*
p.Ala1339Ile	0.11848940389275578	0.0	*
p.Ala1339Leu	0.11703331439677779	0.0	*
p.Ala1339Lys	0.07828072472662358	0.0	*
p.Ala1339Met	0.23596892442001935	0.0	*
p.Ala1339Phe	0.09809322425899378	0.0	*
p.Ala1339Pro	0.023601400063886988	0.0	*
p.Ala1339Ser	0.4394948275656949	0.0	*
p.Ala1339Ter	0.0	0.0	*
p.Ala1339Thr	0.33961512001990957	0.0	*
p.Ala1339Trp	0.10132437133747924	0.0	*
p.Ala1339Tyr	0.04513207409235516	0.0	*
p.Ala1339Val	0.2215229853350412	0.0	*
p.Ala1340=	*	*	*
p.Ala1340Arg	0.014977004368626003	0.0	*
p.Ala1340Asn	0.038771520076639296	0.0	*
p.Ala1340Asp	0.008111803103520249	0.0	*
p.Ala1340Cys	0.1002528881678205	0.0	*
p.Ala1340Gln	0.024832621571449946	0.0	*
p.Ala1340Glu	0.007347545821897474	0.0	*
p.Ala1340Gly	0.1572177475062876	0.0	*
p.Ala1340His	0.02317432765821059	0.0	*
p.Ala1340Ile	0.09763670888110504	0.0	*
p.Ala1340Leu	0.041866771780518126	0.0	*
p.Ala1340Lys	0.06699412622493531	0.0	*
p.Ala1340Met	0.18134503504520336	0.0	*
p.Ala1340Phe	0.07253620671649835	0.0	*
p.Ala1340Pro	0.011662554903198898	0.0	*
p.Ala1340Ser	0.5022557265014179	0.0	*
p.Ala1340Ter	0.0	0.0	*
p.Ala1340Thr	0.19699158082322452	0.0	*
p.Ala1340Trp	0.06945796707636073	0.0	*
p.Ala1340Tyr	0.03428295573594427	0.0	*
p.Ala1340Val	0.15231287030163357	0.0	*
p.Ala1357=	*	*	*
p.Ala1357Arg	0.23235660163923796	0.0	*
p.Ala1357Asn	0.5379018381991711	0.0	*
p.Ala1357Asp	0.14203400071761316	0.0	*
p.Ala1357Cys	0.46449289054580145	0.0	*
p.Ala1357Gln	0.36432167878790456	0.0	*
p.Ala1357Glu	0.10849051596994638	0.0	*
p.Ala1357Gly	0.7069405671271521	0.0	*
p.Ala1357His	0.4495073550630331	0.0	*
p.Ala1357Ile	0.48746206932309616	0.0	*
p.Ala1357Leu	0.3689139459859708	0.0	*
p.Ala1357Lys	0.6680307428086714	0.0	*
p.Ala1357Met	0.729603043247665	0.0	*
p.Ala1357Phe	0.35277050765537665	0.0	*
p.Ala1357Pro	0.18043835785252868	0.0	*
p.Ala1357Ser	0.9360771396859346	0.0	*
p.Ala1357Ter	0.0	0.0	*
p.Ala1357Thr	0.8533538197262899	0.0	*
p.Ala1357Trp	0.33506914530673426	0.0	*
p.Ala1357Tyr	0.139216098996861	0.0	*
p.Ala1357Val	0.5390716287989535	0.0	*
p.Ala1358=	*	*	*
p.Ala1358Arg	0.3235113905617203	0.0	*
p.Ala1358Asn	0.61855068765971	0.0	*
p.Ala1358Asp	0.1579215790770774	0.0	*
p.Ala1358Cys	0.36877889306242606	0.0	*
p.Ala1358Gln	0.2926175992612751	0.0	*
p.Ala1358Glu	0.0965963306396327	0.0	*
p.Ala1358Gly	0.8397391618579565	0.0	*
p.Ala1358His	0.43074804873308326	0.0	*
p.Ala1358Ile	0.5263912085431506	0.0	*
p.Ala1358Leu	0.360368212705936	0.0	*
p.Ala1358Lys	0.5795037530384248	0.0	*
p.Ala1358Met	0.7678411133031868	0.0	*
p.Ala1358Phe	0.4769763412288069	0.0	*
p.Ala1358Pro	0.21277380540643093	0.0	*
p.Ala1358Ser	0.8888203907773861	0.0	*
p.Ala1358Ter	0.0	0.0	*
p.Ala1358Thr	0.8628568545761899	0.0	*
p.Ala1358Trp	0.3596235645161508	0.0	*
p.Ala1358Tyr	0.20355487718400825	0.0	*
p.Ala1358Val	0.6713624124529066	0.0	*
p.Ala1360=	*	*	*
p.Ala1360Arg	0.07479023787767096	0.0	*
p.Ala1360Asn	0.2114340968707713	0.0	*
p.Ala1360Asp	0.04047522574636845	0.0	*
p.Ala1360Cys	0.1641868345612391	0.0	*
p.Ala1360Gln	0.06950742188480336	0.0	*
p.Ala1360Glu	0.026491414597108166	0.0	*
p.Ala1360Gly	0.3112010366608857	0.0	*
p.Ala1360His	0.08135241305489065	0.0	*
p.Ala1360Ile	0.11568963597589688	0.0	*
p.Ala1360Leu	0.10282851357114388	0.0	*
p.Ala1360Lys	0.16218091729067155	0.0	*
p.Ala1360Met	0.3137596771377871	0.0	*
p.Ala1360Phe	0.13361796566663398	0.0	*
p.Ala1360Pro	0.03996636502856908	0.0	*
p.Ala1360Ser	0.5219483077630905	0.0	*
p.Ala1360Ter	0.0	0.0	*
p.Ala1360Thr	0.4562626752622153	0.0	*
p.Ala1360Trp	0.08797181924648381	0.0	*
p.Ala1360Tyr	0.06577416673025549	0.0	*
p.Ala1360Val	0.17463795464012505	0.0	*
p.Ala1361=	*	*	*
p.Ala1361Arg	0.21638599160448013	0.0	*
p.Ala1361Asn	0.47086955350697435	0.0	*
p.Ala1361Asp	0.13029009035141922	0.0	*
p.Ala1361Cys	0.43929967642447726	0.0	*
p.Ala1361Gln	0.27808838763666266	0.0	*
p.Ala1361Glu	0.0938575255174896	0.0	*
p.Ala1361Gly	0.5551622427242652	0.0	*
p.Ala1361His	0.31057260577542395	0.0	*
p.Ala1361Ile	0.41721461096568135	0.0	*
p.Ala1361Leu	0.37113974980879383	0.0	*
p.Ala1361Lys	0.5380932875277639	0.0	*
p.Ala1361Phe	0.46396402524881136	0.0	*
p.Ala1361Pro	0.12688080582624692	0.0	*
p.Ala1361Ser	0.8157831250231367	0.0	*
p.Ala1361Ter	0.0	0.0	*
p.Ala1361Thr	0.7997247033514635	0.0	*
p.Ala1361Trp	0.2817801619247771	0.0	*
p.Ala1361Tyr	0.22848366000164289	0.0	*
p.Ala1361Val	0.5896071859391662	0.0	*
p.Ala1386=	*	*	*
p.Ala1386Arg	0.9985717096278272	0.0	*
p.Ala1386Asn	0.9995469666765489	0.0	*
p.Ala1386Asp	0.9963387892077599	0.0	*
p.Ala1386Cys	0.9997042468498709	0.0	*
p.Ala1386Gln	0.9991807870211774	0.0	*
p.Ala1386Glu	0.9950749584876587	0.0	*
p.Ala1386Gly	0.9995353653310514	0.0	*
p.Ala1386His	0.9995690841897377	0.0	*
p.Ala1386Ile	0.9989723385868011	0.0	*
p.Ala1386Leu	0.9994577850661795	0.0	*
p.Ala1386Lys	0.9998613912419904	0.0	*
p.Ala1386Met	0.999863185447695	0.0	*
p.Ala1386Phe	0.9995185057188967	0.0	*
p.Ala1386Pro	0.9921635444839558	0.0	*
p.Ala1386Ser	0.9998128219865782	0.0	*
p.Ala1386Ter	0.0	0.0	*
p.Ala1386Thr	0.9999189720389713	0.0	*
p.Ala1386Trp	0.9975126771490341	0.0	*
p.Ala1386Tyr	0.9953604725483751	0.0	*
p.Ala1386Val	0.9990642518678495	0.0	*
p.Ala1388=	*	*	*
p.Ala1388Arg	0.9897276097949878	0.0	*
p.Ala1388Asn	0.9975597489918997	0.0	*
p.Ala1388Asp	0.9769365969343008	0.0	*
p.Ala1388Cys	0.99542953584058	0.0	*
p.Ala1388Gln	0.9947099979044579	0.0	*
p.Ala1388Glu	0.9722352487881516	0.0	*
p.Ala1388Gly	0.9971285904675881	0.0	*
p.Ala1388His	0.9952475504776336	0.0	*
p.Ala1388Ile	0.9953743104548524	0.0	*
p.Ala1388Leu	0.9972073762210714	0.0	*
p.Ala1388Lys	0.9984392368647089	0.0	*
p.Ala1388Met	0.998936983148856	0.0	*
p.Ala1388Phe	0.9959479884421151	0.0	*
p.Ala1388Pro	0.9475234357598807	0.0	*
p.Ala1388Ser	0.9996488724187738	0.0	*
p.Ala1388Ter	0.0	0.0	*
p.Ala1388Thr	0.999603094673424	0.0	*
p.Ala1388Trp	0.9864777640937101	0.0	*
p.Ala1388Tyr	0.9737232767704194	0.0	*
p.Ala1388Val	0.9952502680299313	0.0	*
p.Ala1397=	*	*	*
p.Ala1397Arg	0.982268357899304	0.0	*
p.Ala1397Asn	0.9978981203300967	0.0	*
p.Ala1397Asp	0.9933887101439985	0.0	*
p.Ala1397Cys	0.9984236636183718	0.0	*
p.Ala1397Gln	0.9934976223938051	0.0	*
p.Ala1397Glu	0.9930086278055549	0.0	*
p.Ala1397Gly	0.9983380715320752	0.0	*
p.Ala1397His	0.9986350834705698	0.0	*
p.Ala1397Ile	0.9951275987318478	0.0	*
p.Ala1397Leu	0.9950255784287105	0.0	*
p.Ala1397Lys	0.9984727628299445	0.0	*
p.Ala1397Met	0.9989992617896705	0.0	*
p.Ala1397Phe	0.9965775168831611	0.0	*
p.Ala1397Pro	0.9891991695444	0.0	*
p.Ala1397Ser	0.9993892585543794	0.0	*
p.Ala1397Ter	0.0	0.0	*
p.Ala1397Thr	0.999730577410596	0.0	*
p.Ala1397Trp	0.9928390498785751	0.0	*
p.Ala1397Tyr	0.9869067989029878	0.0	*
p.Ala1397Val	0.9974578771407091	0.0	*
p.Ala1416=	*	*	*
p.Ala1416Arg	0.9939786077361501	0.0	*
p.Ala1416Asn	0.9985090020604783	0.0	*
p.Ala1416Asp	0.9952167792020474	0.0	*
p.Ala1416Cys	0.9955615948567021	0.0	*
p.Ala1416Gln	0.9970188875145702	0.0	*
p.Ala1416Glu	0.9963959974951236	0.0	*
p.Ala1416Gly	0.9979881550734353	0.0	*
p.Ala1416His	0.9984451237752183	0.0	*
p.Ala1416Ile	0.9973141045221218	0.0	*
p.Ala1416Leu	0.9990137041858529	0.0	*
p.Ala1416Lys	0.9989502154121577	0.0	*
p.Ala1416Met	0.9989534295467938	0.0	*
p.Ala1416Phe	0.9979881550734353	0.0	*
p.Ala1416Pro	0.9969589372184025	0.0	*
p.Ala1416Ser	0.9996677340907812	0.0	*
p.Ala1416Ter	0.0	0.0	*
p.Ala1416Thr	0.9994715151665281	0.0	*
p.Ala1416Trp	0.996390272550938	0.0	*
p.Ala1416Tyr	0.9921980403009317	0.0	*
p.Ala1416Val	0.9985424435231339	0.0	*
p.Ala1443=	*	*	*
p.Ala1443Arg	0.9826079673399529	0.0	*
p.Ala1443Asn	0.9924019905025548	0.0	*
p.Ala1443Asp	0.9869811920528079	0.0	*
p.Ala1443Cys	0.9786963820470145	0.0	*
p.Ala1443Gln	0.9713731748148743	0.0	*
p.Ala1443Glu	0.9805701862499694	0.0	*
p.Ala1443Gly	0.9915302623234556	0.0	*
p.Ala1443His	0.9882291534107215	0.0	*
p.Ala1443Ile	0.9676640778809521	0.0	*
p.Ala1443Leu	0.964153884723886	0.0	*
p.Ala1443Lys	0.9790088175300004	0.0	*
p.Ala1443Met	0.9818816429977956	0.0	*
p.Ala1443Phe	0.9512442004656876	0.0	*
p.Ala1443Pro	0.9847135752896135	0.0	*
p.Ala1443Ser	0.9979939178466292	0.0	*
p.Ala1443Ter	0.0	0.0	*
p.Ala1443Thr	0.9974306437298058	0.0	*
p.Ala1443Trp	0.9765112964765775	0.0	*
p.Ala1443Tyr	0.9187501028559248	0.0	*
p.Ala1443Val	0.9828810309919588	0.0	*
p.Ala1444=	*	*	*
p.Ala1444Arg	0.9582360006316913	0.0	*
p.Ala1444Asn	0.9847312150605937	0.0	*
p.Ala1444Asp	0.9776389634158178	0.0	*
p.Ala1444Cys	0.9725501767521499	0.0	*
p.Ala1444Gln	0.9731975040378852	0.0	*
p.Ala1444Glu	0.9571735904138283	0.0	*
p.Ala1444Gly	0.9772160693968813	0.0	*
p.Ala1444His	0.9786127498803419	0.0	*
p.Ala1444Ile	0.9725224354570435	0.0	*
p.Ala1444Leu	0.960617618885451	0.0	*
p.Ala1444Lys	0.9771263570759856	0.0	*
p.Ala1444Met	0.9808150109661438	0.0	*
p.Ala1444Phe	0.9518720027655324	0.0	*
p.Ala1444Pro	0.9593192700593179	0.0	*
p.Ala1444Ser	0.9961301279123861	0.0	*
p.Ala1444Ter	0.0	0.0	*
p.Ala1444Thr	0.9966635497833463	0.0	*
p.Ala1444Trp	0.9671474774074998	0.0	*
p.Ala1444Tyr	0.9055472215746387	0.0	*
p.Ala1444Val	0.9786045802094084	0.0	*
p.Ala1445=	*	*	*
p.Ala1445Arg	0.8462488454103694	0.0	*
p.Ala1445Asn	0.9317368679796325	0.0	*
p.Ala1445Asp	0.7729173103462682	0.0	*
p.Ala1445Cys	0.9007076079117825	0.0	*
p.Ala1445Gln	0.7950286246798436	0.0	*
p.Ala1445Glu	0.681217232212707	0.0	*
p.Ala1445Gly	0.9241901873402154	0.0	*
p.Ala1445His	0.9140296859834445	0.0	*
p.Ala1445Ile	0.8676032572601252	0.0	*
p.Ala1445Leu	0.8983031686621016	0.0	*
p.Ala1445Lys	0.8728853584485132	0.0	*
p.Ala1445Met	0.9562749756887887	0.0	*
p.Ala1445Phe	0.865226700646406	0.0	*
p.Ala1445Pro	0.7792102015070098	0.0	*
p.Ala1445Ser	0.9739082411627019	0.0	*
p.Ala1445Ter	0.0	0.0	*
p.Ala1445Thr	0.9814218058754237	0.0	*
p.Ala1445Trp	0.8970414503019847	0.0	*
p.Ala1445Tyr	0.6935830394349889	0.0	*
p.Ala1445Val	0.9353727729374751	0.0	*
p.Ala718=	*	*	*
p.Ala718Arg	0.023985779497600605	0.0	*
p.Ala718Asn	0.08180004903168135	0.0	*
p.Ala718Asp	0.022881343195168786	0.0	*
p.Ala718Cys	0.1809867816879802	0.0	*
p.Ala718Gln	0.0754247104686723	0.0	*
p.Ala718Glu	0.020454294389829347	0.0	*
p.Ala718Gly	0.2472551685883715	0.0	*
p.Ala718His	0.06544806620533873	0.0	*
p.Ala718Ile	0.1450590825342588	0.0	*
p.Ala718Leu	0.1066153367029806	0.0	*
p.Ala718Lys	0.1369802386250268	0.0	*
p.Ala718Met	0.3175018393193513	0.0	*
p.Ala718Phe	0.11985864470942996	0.0	*
p.Ala718Pro	0.012438490136439037	0.0	*
p.Ala718Ser	0.5181928931585896	0.0	*
p.Ala718Ter	0.0	0.0	*
p.Ala718Thr	0.3310897484040225	0.0	*
p.Ala718Trp	0.0687466575627732	0.0	*
p.Ala718Tyr	0.05671200779455778	0.0	*
p.Ala718Val	0.20424942786915576	0.0	*
p.Ala727=	*	*	*
p.Ala727Arg	0.6336840890650729	0.0	*
p.Ala727Asn	0.8600800395706292	0.0	*
p.Ala727Asp	0.6105555782400545	0.0	*
p.Ala727Cys	0.8933321206585197	0.0	*
p.Ala727Gln	0.8090543910140927	0.0	*
p.Ala727Glu	0.5287965897309684	0.0	*
p.Ala727Gly	0.9359423196320594	0.0	*
p.Ala727His	0.8768540486687098	0.0	*
p.Ala727Ile	0.9100560152667453	0.0	*
p.Ala727Leu	0.8461116982243962	0.0	*
p.Ala727Lys	0.9454638608589414	0.0	*
p.Ala727Met	0.9615394832065763	0.0	*
p.Ala727Phe	0.8622798624321347	0.0	*
p.Ala727Pro	0.3635604255209932	0.0	*
p.Ala727Ser	0.9879141961655374	0.0	*
p.Ala727Ter	0.0	0.0	*
p.Ala727Thr	0.9872969061214619	0.0	*
p.Ala727Trp	0.8186633903465287	0.0	*
p.Ala727Tyr	0.6204314664645959	0.0	*
p.Ala727Val	0.9251370611774739	0.0	*
p.Ala736=	*	*	*
p.Ala736Arg	0.1624110287318827	0.0	*
p.Ala736Asn	0.4932038454113945	0.0	*
p.Ala736Asp	0.09029231994927625	0.0	*
p.Ala736Cys	0.6354827964190496	0.0	*
p.Ala736Gln	0.2976026158933608	0.0	*
p.Ala736Glu	0.10788654977080006	0.0	*
p.Ala736Gly	0.8231989441294789	0.0	*
p.Ala736His	0.4021314241948282	0.0	*
p.Ala736Ile	0.5392680646943233	0.0	*
p.Ala736Leu	0.5083061220148835	0.0	*
p.Ala736Lys	0.5726156979142516	0.0	*
p.Ala736Met	0.8825665242308199	0.0	*
p.Ala736Phe	0.5421276225517859	0.0	*
p.Ala736Pro	0.09130444968730322	0.0	*
p.Ala736Ser	0.9100931153131855	0.0	*
p.Ala736Ter	0.0	0.0	*
p.Ala736Thr	0.8698781700133102	0.0	*
p.Ala736Trp	0.37390026519155484	0.0	*
p.Ala736Tyr	0.24480109320849375	0.0	*
p.Ala736Val	0.6860350262647025	0.0	*
p.Ala740=	*	*	*
p.Ala740Arg	0.06288801419069394	0.0	*
p.Ala740Asp	0.08127291315742997	0.0	*
p.Ala740Cys	0.155504983639113	0.0	*
p.Ala740Gln	0.09176458873227657	0.0	*
p.Ala740Glu	0.0469408603058599	0.0	*
p.Ala740Gly	0.5615959341094106	0.0	*
p.Ala740His	0.1163289485514639	0.0	*
p.Ala740Ile	0.1955290795828723	0.0	*
p.Ala740Leu	0.1654304082870436	0.0	*
p.Ala740Met	0.40640823755648775	0.0	*
p.Ala740Phe	0.2220911762345897	0.0	*
p.Ala740Pro	0.0479274872889061	0.0	*
p.Ala740Ser	0.6710896850175906	0.0	*
p.Ala740Ter	0.0	0.0	*
p.Ala740Thr	0.686242729483458	0.0	*
p.Ala740Trp	0.11514460086862205	0.0	*
p.Ala740Tyr	0.11471531086381134	0.0	*
p.Ala740Val	0.374303483494819	0.0	*
p.Ala751=	*	*	*
p.Ala751Arg	0.13016994910276028	0.0	*
p.Ala751Asn	0.3411852016892222	0.0	*
p.Ala751Asp	0.06842761904511449	0.0	*
p.Ala751Cys	0.3219772042435064	0.0	*
p.Ala751Gln	0.14724603488654076	0.0	*
p.Ala751Glu	0.061656511289207704	0.0	*
p.Ala751Gly	0.4991680545520332	0.0	*
p.Ala751His	0.12659331439829097	0.0	*
p.Ala751Ile	0.289046819962576	0.0	*
p.Ala751Leu	0.24484181632953128	0.0	*
p.Ala751Lys	0.31783911337584275	0.0	*
p.Ala751Met	0.5664992014014147	0.0	*
p.Ala751Phe	0.36035612931943295	0.0	*
p.Ala751Pro	0.06476828391789524	0.0	*
p.Ala751Ser	0.641422218191275	0.0	*
p.Ala751Ter	0.0	0.0	*
p.Ala751Thr	0.7472742777370922	0.0	*
p.Ala751Trp	0.2345473028240416	0.0	*
p.Ala751Tyr	0.1582590622972846	0.0	*
p.Ala751Val	0.4393008635875161	0.0	*
p.Ala753=	*	*	*
p.Ala753Arg	0.31766104906922393	0.0	*
p.Ala753Asn	0.640846702479417	0.0	*
p.Ala753Asp	0.1913832653621509	0.0	*
p.Ala753Cys	0.4049920174743032	0.0	*
p.Ala753Gln	0.37562895801382284	0.0	*
p.Ala753Glu	0.16519199839446963	0.0	*
p.Ala753Gly	0.6926932451666855	0.0	*
p.Ala753His	0.35791482065623886	0.0	*
p.Ala753Ile	0.5531175800642532	0.0	*
p.Ala753Leu	0.5375776464782034	0.0	*
p.Ala753Phe	0.5220442868450206	0.0	*
p.Ala753Pro	0.12495239345104836	0.0	*
p.Ala753Ser	0.8205315643879616	0.0	*
p.Ala753Ter	0.0	0.0	*
p.Ala753Thr	0.900059473775722	0.0	*
p.Ala753Trp	0.4809011098317387	0.0	*
p.Ala753Tyr	0.29640345749742003	0.0	*
p.Ala753Val	0.7350529957046475	0.0	*
p.Ala756=	*	*	*
p.Ala756Arg	0.2641775005255046	0.0	*
p.Ala756Asn	0.5218415145642307	0.0	*
p.Ala756Asp	0.23684151771490777	0.0	*
p.Ala756Cys	0.5365066084239468	0.0	*
p.Ala756Gln	0.4552245377697221	0.0	*
p.Ala756Glu	0.21373637078727667	0.0	*
p.Ala756Gly	0.6140145714656953	0.0	*
p.Ala756His	0.4101517552716855	0.0	*
p.Ala756Ile	0.32814980464714816	0.0	*
p.Ala756Leu	0.3811756964717194	0.0	*
p.Ala756Lys	0.702530002970094	0.0	*
p.Ala756Met	0.6284717196990481	0.0	*
p.Ala756Phe	0.43862942201866995	0.0	*
p.Ala756Pro	0.17385186325059993	0.0	*
p.Ala756Ser	0.8246751082676597	0.0	*
p.Ala756Ter	0.0	0.0	*
p.Ala756Thr	0.7907360279684688	0.0	*
p.Ala756Trp	0.28786070613550907	0.0	*
p.Ala756Tyr	0.20918906951468808	0.0	*
p.Ala756Val	0.42759395713415493	0.0	*
p.Ala775=	*	*	*
p.Ala775Arg	0.015797090661971054	0.0	*
p.Ala775Asn	0.049434878641902914	0.0	*
p.Ala775Asp	0.016843345221153366	0.0	*
p.Ala775Cys	0.0943036686146811	0.0	*
p.Ala775Gln	0.022088404860858824	0.0	*
p.Ala775Glu	0.008689072871677517	0.0	*
p.Ala775Gly	0.1473118383526022	0.0	*
p.Ala775His	0.02160053016836102	0.0	*
p.Ala775Ile	0.040865303373127396	0.0	*
p.Ala775Leu	0.03714501777462228	0.0	*
p.Ala775Lys	0.038686809972483145	0.0	*
p.Ala775Met	0.07215622951731647	0.0	*
p.Ala775Phe	0.033906275348505634	0.0	*
p.Ala775Pro	0.01479063305537521	0.0	*
p.Ala775Ser	0.22274380279926081	0.0	*
p.Ala775Ter	0.0	0.0	*
p.Ala775Thr	0.16195212241413431	0.0	*
p.Ala775Trp	0.038817371608135046	0.0	*
p.Ala775Tyr	0.022846582946074546	0.0	*
p.Ala775Val	0.08165775016911128	0.0	*
p.Ala784=	*	*	*
p.Ala784Arg	0.17153385564816528	0.0	*
p.Ala784Asn	0.39324282948930467	0.0	*
p.Ala784Asp	0.11690552601131825	0.0	*
p.Ala784Cys	0.3090873729625756	0.0	*
p.Ala784Gln	0.2994468015185972	0.0	*
p.Ala784Glu	0.11858441378185738	0.0	*
p.Ala784Gly	0.5708080116397872	0.0	*
p.Ala784His	0.297719458398586	0.0	*
p.Ala784Ile	0.3040819442436993	0.0	*
p.Ala784Leu	0.3308855531955698	0.0	*
p.Ala784Lys	0.44975207271280404	0.0	*
p.Ala784Met	0.6393855400158716	0.0	*
p.Ala784Phe	0.4723089063522156	0.0	*
p.Ala784Pro	0.09577312450731262	0.0	*
p.Ala784Ser	0.6747609431201785	0.0	*
p.Ala784Ter	0.0	0.0	*
p.Ala784Thr	0.769337831676581	0.0	*
p.Ala784Trp	0.28022073035739	0.0	*
p.Ala784Tyr	0.22094428778600533	0.0	*
p.Ala784Val	0.6229802484838216	0.0	*
p.Ala791=	*	*	*
p.Ala791Arg	0.1985014248984007	0.0	*
p.Ala791Asn	0.4697745400299451	0.0	*
p.Ala791Asp	0.2084445870213035	0.0	*
p.Ala791Cys	0.40289003199043577	0.0	*
p.Ala791Gln	0.29191753168585516	0.0	*
p.Ala791Glu	0.14773849681492332	0.0	*
p.Ala791Gly	0.6285802108953451	0.0	*
p.Ala791His	0.32766024300199226	0.0	*
p.Ala791Ile	0.29590477636284945	0.0	*
p.Ala791Leu	0.2909162962162823	0.0	*
p.Ala791Lys	0.5131249617344745	0.0	*
p.Ala791Met	0.4877330563358238	0.0	*
p.Ala791Phe	0.24674061150247067	0.0	*
p.Ala791Pro	0.09787259308736043	0.0	*
p.Ala791Ser	0.8490253283852561	0.0	*
p.Ala791Ter	0.0	0.0	*
p.Ala791Thr	0.7255756286184044	0.0	*
p.Ala791Trp	0.25126432039815905	0.0	*
p.Ala791Tyr	0.13444223456253643	0.0	*
p.Ala791Val	0.30565780206869875	0.0	*
p.Ala793=	*	*	*
p.Ala793Arg	0.13157320455913094	0.0	*
p.Ala793Asn	0.28696472209387014	0.0	*
p.Ala793Asp	0.09858948827259398	0.0	*
p.Ala793Cys	0.25080862909242996	0.0	*
p.Ala793Gln	0.21267005071704248	0.0	*
p.Ala793Glu	0.0667088080726102	0.0	*
p.Ala793Gly	0.33522252433464	0.0	*
p.Ala793His	0.2519736338776025	0.0	*
p.Ala793Ile	0.1695266162258159	0.0	*
p.Ala793Leu	0.24350444131172208	0.0	*
p.Ala793Lys	0.24385273453939268	0.0	*
p.Ala793Met	0.4731125522611384	0.0	*
p.Ala793Phe	0.19963122973342573	0.0	*
p.Ala793Pro	0.046665005044463304	0.0	*
p.Ala793Ser	0.5674380439553175	0.0	*
p.Ala793Ter	0.0	0.0	*
p.Ala793Thr	0.5066278897590013	0.0	*
p.Ala793Trp	0.17548639474394545	0.0	*
p.Ala793Tyr	0.11525721400113338	0.0	*
p.Ala793Val	0.3110422765659033	0.0	*
p.Ala800=	*	*	*
p.Ala800Arg	0.11397702216534973	0.0	*
p.Ala800Asn	0.2863004863732481	0.0	*
p.Ala800Asp	0.08538490036212198	0.0	*
p.Ala800Cys	0.3485745205803572	0.0	*
p.Ala800Gln	0.237451096718564	0.0	*
p.Ala800Glu	0.10746743576593344	0.0	*
p.Ala800Gly	0.40376238265203346	0.0	*
p.Ala800His	0.2892886769104143	0.0	*
p.Ala800Ile	0.2672968175954809	0.0	*
p.Ala800Leu	0.30688581886026434	0.0	*
p.Ala800Lys	0.3776281463435921	0.0	*
p.Ala800Met	0.5773882681154667	0.0	*
p.Ala800Phe	0.2173089151855682	0.0	*
p.Ala800Pro	0.04653691362321067	0.0	*
p.Ala800Ser	0.7026202835172269	0.0	*
p.Ala800Ter	0.0	0.0	*
p.Ala800Thr	0.6021528217975006	0.0	*
p.Ala800Trp	0.21489558348714088	0.0	*
p.Ala800Tyr	0.11633660653434298	0.0	*
p.Ala800Val	0.38789259991656233	0.0	*
p.Ala803=	*	*	*
p.Ala803Arg	0.0750210600143998	0.0	*
p.Ala803Asn	0.1793322144217048	0.0	*
p.Ala803Asp	0.039420356597504085	0.0	*
p.Ala803Cys	0.20227545319814894	0.0	*
p.Ala803Gln	0.11170062490112136	0.0	*
p.Ala803Glu	0.01841566584132255	0.0	*
p.Ala803Gly	0.188166100428306	0.0	*
p.Ala803His	0.07391586579798964	0.0	*
p.Ala803Ile	0.1397695793301927	0.0	*
p.Ala803Leu	0.1942634295981785	0.0	*
p.Ala803Lys	0.22446160335632095	0.0	*
p.Ala803Met	0.43481703822181283	0.0	*
p.Ala803Phe	0.11525110523772225	0.0	*
p.Ala803Pro	0.02297224488614848	0.0	*
p.Ala803Ser	0.4233448755539423	0.0	*
p.Ala803Ter	0.0	0.0	*
p.Ala803Thr	0.3199802470652105	0.0	*
p.Ala803Trp	0.10644550401565771	0.0	*
p.Ala803Tyr	0.060652688675262634	0.0	*
p.Ala803Val	0.18333753564300037	0.0	*
p.Ala852=	*	*	*
p.Ala852Arg	0.019827692417679413	0.0	*
p.Ala852Asn	0.05875087260717746	0.0	*
p.Ala852Asp	0.015131976636505666	0.0	*
p.Ala852Cys	0.04601381734217966	0.0	*
p.Ala852Gln	0.029958003597988336	0.0	*
p.Ala852Glu	0.014564933942500736	0.0	*
p.Ala852Gly	0.09860953274725523	0.0	*
p.Ala852His	0.03550466332417716	0.0	*
p.Ala852Ile	0.05349280522169704	0.0	*
p.Ala852Leu	0.04792288501934431	0.0	*
p.Ala852Lys	0.0719539974333552	0.0	*
p.Ala852Met	0.10388442256818689	0.0	*
p.Ala852Phe	0.051072496383972196	0.0	*
p.Ala852Pro	0.01503882327335957	0.0	*
p.Ala852Ser	0.20898524385435543	0.0	*
p.Ala852Ter	0.0	0.0	*
p.Ala852Thr	0.1347251784337713	0.0	*
p.Ala852Trp	0.02915652249880417	0.0	*
p.Ala852Tyr	0.024613615077377474	0.0	*
p.Ala852Val	0.06994805586372829	0.0	*
p.Ala861=	*	*	*
p.Ala861Arg	0.377496338624923	0.0	*
p.Ala861Asn	0.6768264716488677	0.0	*
p.Ala861Asp	0.15978708034360933	0.0	*
p.Ala861Cys	0.29346443948010437	0.0	*
p.Ala861Gln	0.2708788167441155	0.0	*
p.Ala861Glu	0.14010201130893088	0.0	*
p.Ala861Gly	0.5291218161719519	0.0	*
p.Ala861His	0.3186928328019003	0.0	*
p.Ala861Ile	0.2474728415476775	0.0	*
p.Ala861Leu	0.30438522513275984	0.0	*
p.Ala861Lys	0.46581250827522125	0.0	*
p.Ala861Met	0.4950960293200897	0.0	*
p.Ala861Phe	0.3095309736512751	0.0	*
p.Ala861Pro	0.2004323797284255	0.0	*
p.Ala861Ser	0.7160981052919215	0.0	*
p.Ala861Ter	0.0	0.0	*
p.Ala861Thr	0.5191059124199713	0.0	*
p.Ala861Trp	0.19294956216449732	0.0	*
p.Ala861Tyr	0.15836404319322253	0.0	*
p.Ala861Val	0.29471104709172014	0.0	*
p.Ala874=	*	*	*
p.Ala874Arg	0.01047184985008569	0.0	*
p.Ala874Asn	0.020486765512939185	0.0	*
p.Ala874Asp	0.016111464155329318	0.0	*
p.Ala874Cys	0.0357107879089316	0.0	*
p.Ala874Gln	0.03349757122474262	0.0	*
p.Ala874Glu	0.008796581841189081	0.0	*
p.Ala874Gly	0.10546924392602829	0.0	*
p.Ala874His	0.027035701388079765	0.0	*
p.Ala874Ile	0.03132495503922998	0.0	*
p.Ala874Leu	0.028809207175620823	0.0	*
p.Ala874Lys	0.036072667789285286	0.0	*
p.Ala874Met	0.04250468168151128	0.0	*
p.Ala874Phe	0.030140703911959745	0.0	*
p.Ala874Pro	0.008092743340457498	0.0	*
p.Ala874Ser	0.2980791902916145	0.0	*
p.Ala874Ter	0.0	0.0	*
p.Ala874Thr	0.09206016898611896	0.0	*
p.Ala874Trp	0.030795655389841196	0.0	*
p.Ala874Tyr	0.021804325708537412	0.0	*
p.Ala874Val	0.058930424559422954	0.0	*
p.Ala879=	*	*	*
p.Ala879Arg	0.07854991866796023	0.0	*
p.Ala879Asn	0.21750911911803697	0.0	*
p.Ala879Asp	0.15127748631709959	0.0	*
p.Ala879Cys	0.432751138245237	0.0	*
p.Ala879Gln	0.17043817256187366	0.0	*
p.Ala879Glu	0.11900828299419085	0.0	*
p.Ala879Gly	0.5191881918444449	0.0	*
p.Ala879His	0.27851268774750876	0.0	*
p.Ala879Ile	0.17170204661792662	0.0	*
p.Ala879Leu	0.22416675950043735	0.0	*
p.Ala879Lys	0.27028447472303546	0.0	*
p.Ala879Met	0.30468914036330125	0.0	*
p.Ala879Phe	0.2217084995971725	0.0	*
p.Ala879Pro	0.12381394537681839	0.0	*
p.Ala879Ser	0.6276806265904878	0.0	*
p.Ala879Ter	0.0	0.0	*
p.Ala879Thr	0.49308691414692113	0.0	*
p.Ala879Trp	0.16175434078323947	0.0	*
p.Ala879Tyr	0.11088668985703579	0.0	*
p.Ala879Val	0.2953388167726877	0.0	*
p.Ala887=	*	*	*
p.Ala887Arg	0.012735603103032048	0.0	*
p.Ala887Asn	0.036120650673050474	0.0	*
p.Ala887Asp	0.015665784074565446	0.0	*
p.Ala887Cys	0.04921501169080113	0.0	*
p.Ala887Gln	0.018166934214025203	0.0	*
p.Ala887Glu	0.006152049524104837	0.0	*
p.Ala887Gly	0.059678984774654824	0.0	*
p.Ala887His	0.013176329064411157	0.0	*
p.Ala887Ile	0.03379944297971137	0.0	*
p.Ala887Leu	0.025442903307522052	0.0	*
p.Ala887Lys	0.028932732356995037	0.0	*
p.Ala887Met	0.0504738547783304	0.0	*
p.Ala887Phe	0.025590829265723494	0.0	*
p.Ala887Pro	0.009537187531956155	0.0	*
p.Ala887Ser	0.12528001263884436	0.0	*
p.Ala887Ter	0.0	0.0	*
p.Ala887Thr	0.06032502416684794	0.0	*
p.Ala887Trp	0.021142101500995065	0.0	*
p.Ala887Tyr	0.016146449240962316	0.0	*
p.Ala887Val	0.034924831567603634	0.0	*
p.Ala897=	*	*	*
p.Ala897Arg	0.023545259622963496	0.0	*
p.Ala897Asn	0.06201671762565613	0.0	*
p.Ala897Asp	0.028588087036622432	0.0	*
p.Ala897Cys	0.012667575644061315	0.0	*
p.Ala897Gln	0.032049582327298196	0.0	*
p.Ala897Glu	0.016899739735406896	0.0	*
p.Ala897Gly	0.1388600071238818	0.0	*
p.Ala897His	0.03570400073069385	0.0	*
p.Ala897Ile	0.05055319917174334	0.0	*
p.Ala897Leu	0.04272086547887789	0.0	*
p.Ala897Lys	0.06560315784757961	0.0	*
p.Ala897Met	0.08125603042887847	0.0	*
p.Ala897Phe	0.05029607324966413	0.0	*
p.Ala897Pro	0.01620924303846662	0.0	*
p.Ala897Ser	0.30860289497565013	0.0	*
p.Ala897Ter	0.0	0.0	*
p.Ala897Thr	0.20255088760456158	0.0	*
p.Ala897Trp	0.018399945657442674	0.0	*
p.Ala897Tyr	0.029684654863937017	0.0	*
p.Ala897Val	0.06974532694395147	0.0	*
p.Ala906=	*	*	*
p.Ala906Arg	0.010885829783360564	0.0	*
p.Ala906Asn	0.019360210447285097	0.0	*
p.Ala906Asp	0.004222662802119014	0.0	*
p.Ala906Cys	0.017883277053355216	0.0	*
p.Ala906Gln	0.010175345456609431	0.0	*
p.Ala906Glu	0.004221793775417162	0.0	*
p.Ala906Gly	0.015205319067026057	0.0	*
p.Ala906His	0.006931219198967639	0.0	*
p.Ala906Ile	0.023252606958216866	0.0	*
p.Ala906Leu	0.0161892190057356	0.0	*
p.Ala906Lys	0.017436626997157898	0.0	*
p.Ala906Met	0.024070746742991436	0.0	*
p.Ala906Phe	0.01238949800873368	0.0	*
p.Ala906Pro	0.003986477766048472	0.0	*
p.Ala906Ser	0.05175441864494342	0.0	*
p.Ala906Ter	0.0	0.0	*
p.Ala906Thr	0.030838105188317082	0.0	*
p.Ala906Trp	0.011370581799040087	0.0	*
p.Ala906Tyr	0.010567930459703247	0.0	*
p.Ala906Val	0.027026485558109343	0.0	*
p.Ala911=	*	*	*
p.Ala911Arg	0.0034561350384826523	0.0	*
p.Ala911Asn	0.008284115617858396	0.0	*
p.Ala911Asp	0.001789816257934092	0.0	*
p.Ala911Cys	0.006177172461258477	0.0	*
p.Ala911Gln	0.004007829864712726	0.0	*
p.Ala911Glu	0.0014296642787970555	0.0	*
p.Ala911Gly	0.007743609689819976	0.0	*
p.Ala911His	0.002710412020633522	0.0	*
p.Ala911Ile	0.0062258160203184105	0.0	*
p.Ala911Leu	0.003362318171559223	0.0	*
p.Ala911Lys	0.006903086356255882	0.0	*
p.Ala911Met	0.009611527677777395	0.0	*
p.Ala911Phe	0.004351307063358561	0.0	*
p.Ala911Pro	0.0012695386203319878	0.0	*
p.Ala911Ser	0.020171500316896507	0.0	*
p.Ala911Ter	0.0	0.0	*
p.Ala911Thr	0.010392526991546308	0.0	*
p.Ala911Trp	0.0035997399825694904	0.0	*
p.Ala911Tyr	0.002883559904751444	0.0	*
p.Ala911Val	0.006726481681127961	0.0	*
p.Ala917=	*	*	*
p.Ala917Arg	0.005199041963112229	0.0	*
p.Ala917Asn	0.01020989385955568	0.0	*
p.Ala917Asp	0.003206499509221905	0.0	*
p.Ala917Cys	0.022145246203486364	0.0	*
p.Ala917Gln	0.009737313742253872	0.0	*
p.Ala917Glu	0.002564752238297627	0.0	*
p.Ala917Gly	0.023365223040875467	0.0	*
p.Ala917His	0.005508711030652417	0.0	*
p.Ala917Ile	0.016028642351737347	0.0	*
p.Ala917Leu	0.01278726483366818	0.0	*
p.Ala917Lys	0.014910015667669555	0.0	*
p.Ala917Met	0.018793766695765185	0.0	*
p.Ala917Phe	0.014646622369340086	0.0	*
p.Ala917Pro	0.0025787241053280194	0.0	*
p.Ala917Ser	0.03862473963996092	0.0	*
p.Ala917Ter	0.0	0.0	*
p.Ala917Thr	0.023380666076806937	0.0	*
p.Ala917Trp	0.010952050455095428	0.0	*
p.Ala917Tyr	0.00770167905716823	0.0	*
p.Ala917Val	0.030715135786821023	0.0	*
p.Ala971=	*	*	*
p.Ala971Arg	0.05309673669445306	0.0	*
p.Ala971Asn	0.20892378570060358	0.0	*
p.Ala971Asp	0.034317304432707016	0.0	*
p.Ala971Cys	0.17118206004876402	0.0	*
p.Ala971Gln	0.07054603028846498	0.0	*
p.Ala971Glu	0.028445317737812958	0.0	*
p.Ala971Gly	0.35450826549405245	0.0	*
p.Ala971His	0.0734911931896456	0.0	*
p.Ala971Ile	0.1712305069723124	0.0	*
p.Ala971Leu	0.15289130197295675	0.0	*
p.Ala971Lys	0.16486798662205734	0.0	*
p.Ala971Met	0.44020775139306784	0.0	*
p.Ala971Phe	0.13403466625137558	0.0	*
p.Ala971Pro	0.03339322565608446	0.0	*
p.Ala971Ser	0.5991588993305625	0.0	*
p.Ala971Ter	0.0	0.0	*
p.Ala971Thr	0.3871610177524177	0.0	*
p.Ala971Trp	0.08875621469640306	0.0	*
p.Ala971Tyr	0.07392873376773072	0.0	*
p.Ala971Val	0.1836196332099884	0.0	*
p.Ala982=	*	*	*
p.Ala982Arg	0.00841873309322574	0.0	*
p.Ala982Asn	0.015241933459625153	0.0	*
p.Ala982Asp	0.006132067595651965	0.0	*
p.Ala982Cys	0.035555414302822025	0.0	*
p.Ala982Gln	0.0158530809732863	0.0	*
p.Ala982Glu	0.005113689264126475	0.0	*
p.Ala982Gly	0.05667417874910658	0.0	*
p.Ala982His	0.008245667694216802	0.0	*
p.Ala982Ile	0.023672014135693312	0.0	*
p.Ala982Leu	0.022350934200512106	0.0	*
p.Ala982Lys	0.013335728054449757	0.0	*
p.Ala982Met	0.04348185036301632	0.0	*
p.Ala982Phe	0.01988051053706182	0.0	*
p.Ala982Pro	0.004384709649622375	0.0	*
p.Ala982Ser	0.06405075171195625	0.0	*
p.Ala982Ter	0.0	0.0	*
p.Ala982Thr	0.05944222432841969	0.0	*
p.Ala982Trp	0.025964240400299092	0.0	*
p.Ala982Tyr	0.013397510880032291	0.0	*
p.Ala982Val	0.04882393895130825	0.0	*
p.Ala990=	*	*	*
p.Ala990Arg	0.002968979298882163	0.0	*
p.Ala990Asn	0.004691004395133074	0.0	*
p.Ala990Asp	0.0014489604223354338	0.0	*
p.Ala990Cys	0.007385541225163693	0.0	*
p.Ala990Gln	0.0032435644621832136	0.0	*
p.Ala990Glu	0.0010486586338165865	0.0	*
p.Ala990Gly	0.013069691942802275	0.0	*
p.Ala990His	0.0022273431416020154	0.0	*
p.Ala990Ile	0.009021232464214561	0.0	*
p.Ala990Leu	0.009117983658294415	0.0	*
p.Ala990Lys	0.005445748539371808	0.0	*
p.Ala990Met	0.0136623528837062	0.0	*
p.Ala990Phe	0.006791476778041084	0.0	*
p.Ala990Pro	0.0017099570315821054	0.0	*
p.Ala990Ser	0.030725716098752485	0.0	*
p.Ala990Ter	0.0	0.0	*
p.Ala990Thr	0.018069409495331628	0.0	*
p.Ala990Trp	0.00880451128259351	0.0	*
p.Ala990Tyr	0.005046253462858489	0.0	*
p.Ala990Val	0.021242214291862918	0.0	*
p.Ala994=	*	*	*
p.Ala994Arg	0.0020005396945271163	0.0	*
p.Ala994Asn	0.0032494002120815038	0.0	*
p.Ala994Asp	0.0011002151217203643	0.0	*
p.Ala994Cys	0.00866992891666363	0.0	*
p.Ala994Gln	0.0010784718728943622	0.0	*
p.Ala994Glu	0.0008388006532237258	0.0	*
p.Ala994Gly	0.011989791847661638	0.0	*
p.Ala994His	0.0007167566066624911	0.0	*
p.Ala994Ile	0.0060429185492697135	0.0	*
p.Ala994Leu	0.003998049553204511	0.0	*
p.Ala994Lys	0.002923351891366849	0.0	*
p.Ala994Phe	0.004697647870217643	0.0	*
p.Ala994Pro	0.0020670948212828206	0.0	*
p.Ala994Ser	0.01744750970177378	0.0	*
p.Ala994Ter	0.0	0.0	*
p.Ala994Thr	0.012892206236377693	0.0	*
p.Ala994Trp	0.004955327393337342	0.0	*
p.Ala994Tyr	0.003413411716353741	0.0	*
p.Ala994Val	0.013740799892899782	0.0	*
p.Arg1038=	*	*	*
p.Arg1038Ala	0.7161839419824242	0.0	*
p.Arg1038Asn	0.5915882462188016	0.0	*
p.Arg1038Asp	0.3881001913228839	0.0	*
p.Arg1038Cys	0.3816493058173364	0.0	*
p.Arg1038Gln	0.7493144647658498	0.0	*
p.Arg1038Glu	0.31551908024417175	0.0	*
p.Arg1038Gly	0.3292627359652666	0.0	*
p.Arg1038His	0.8033183049021062	0.0	*
p.Arg1038Ile	0.3068326542586152	0.0	*
p.Arg1038Leu	0.30793957458517385	0.0	*
p.Arg1038Lys	0.7903287501273005	0.0	*
p.Arg1038Met	0.4377382564446677	0.0	*
p.Arg1038Phe	0.532851936200378	0.0	*
p.Arg1038Pro	0.23169759496100711	0.0	*
p.Arg1038Ser	0.733824773139885	0.0	*
p.Arg1038Ter	0.0	0.0	*
p.Arg1038Thr	0.5378292887977331	0.0	*
p.Arg1038Trp	0.3812086870211899	0.0	*
p.Arg1038Tyr	0.2338142618465141	0.0	*
p.Arg1038Val	0.36842231801285125	0.0	*
p.Arg1041=	*	*	*
p.Arg1041Ala	0.3819710398697567	0.0	*
p.Arg1041Asn	0.38432843759794477	0.0	*
p.Arg1041Asp	0.1417489182915374	0.0	*
p.Arg1041Cys	0.16143550476974464	0.0	*
p.Arg1041Gln	0.4330910101334618	0.0	*
p.Arg1041Glu	0.156818115927939	0.0	*
p.Arg1041Gly	0.22792470854963798	0.0	*
p.Arg1041His	0.515121953339115	0.0	*
p.Arg1041Ile	0.18802710127941016	0.0	*
p.Arg1041Leu	0.16796855097117613	0.0	*
p.Arg1041Lys	0.5897757664308386	0.0	*
p.Arg1041Met	0.25835215968994446	0.0	*
p.Arg1041Phe	0.4306185623570445	0.0	*
p.Arg1041Pro	0.09718097654233414	0.0	*
p.Arg1041Ser	0.3984086129998068	0.0	*
p.Arg1041Ter	0.0	0.0	*
p.Arg1041Thr	0.43105299119225504	0.0	*
p.Arg1041Trp	0.24275876717859418	0.0	*
p.Arg1041Tyr	0.1357519276772561	0.0	*
p.Arg1041Val	0.24422646554704863	0.0	*
p.Arg1054=	*	*	*
p.Arg1054Ala	0.22006232893110095	0.0	*
p.Arg1054Asn	0.1065742781116428	0.0	*
p.Arg1054Asp	0.07399598832867199	0.0	*
p.Arg1054Cys	0.16193883094664788	0.0	*
p.Arg1054Gln	0.2888180198770817	0.0	*
p.Arg1054Glu	0.07741879488764436	0.0	*
p.Arg1054Gly	0.0978554214433208	0.0	*
p.Arg1054His	0.27952410166831676	0.0	*
p.Arg1054Ile	0.13850936424501464	0.0	*
p.Arg1054Leu	0.1413298568649716	0.0	*
p.Arg1054Lys	0.19355730028542667	0.0	*
p.Arg1054Met	0.1015458687742713	0.0	*
p.Arg1054Phe	0.15727970120206297	0.0	*
p.Arg1054Pro	0.045949793839707105	0.0	*
p.Arg1054Ser	0.1739558804569552	0.0	*
p.Arg1054Ter	0.0	0.0	*
p.Arg1054Thr	0.14824311565825424	0.0	*
p.Arg1054Trp	0.1306581148061652	0.0	*
p.Arg1054Tyr	0.06227528144691037	0.0	*
p.Arg1054Val	0.1615044158717845	0.0	*
p.Arg1118=	*	*	*
p.Arg1118Ala	0.18552044460922848	0.0	*
p.Arg1118Asn	0.2584025347754851	0.0	*
p.Arg1118Asp	0.25628650385870977	0.0	*
p.Arg1118Cys	0.16131652140740965	0.0	*
p.Arg1118Gln	0.3225673488141225	0.0	*
p.Arg1118Glu	0.12489582105908001	0.0	*
p.Arg1118Gly	0.1383556192023864	0.0	*
p.Arg1118His	0.3305642401645752	0.0	*
p.Arg1118Ile	0.20816965958208963	0.0	*
p.Arg1118Leu	0.09945196378985477	0.0	*
p.Arg1118Lys	0.3773424007517522	0.0	*
p.Arg1118Met	0.13064134615767686	0.0	*
p.Arg1118Phe	0.22629290509330902	0.0	*
p.Arg1118Pro	0.1235877212419517	0.0	*
p.Arg1118Ser	0.19739904956533166	0.0	*
p.Arg1118Ter	0.0	0.0	*
p.Arg1118Thr	0.2548101062953136	0.0	*
p.Arg1118Trp	0.1678383059620021	0.0	*
p.Arg1118Tyr	0.11614204774782497	0.0	*
p.Arg1118Val	0.13364406282634542	0.0	*
p.Arg1151=	*	*	*
p.Arg1151Ala	0.5478039077105338	0.0	*
p.Arg1151Asn	0.3926520716634573	0.0	*
p.Arg1151Asp	0.1512534892496139	0.0	*
p.Arg1151Cys	0.4291093504956265	0.0	*
p.Arg1151Gln	0.5247075730875108	0.0	*
p.Arg1151Glu	0.17566860254249145	0.0	*
p.Arg1151Gly	0.2726392038857088	0.0	*
p.Arg1151His	0.49579706415233343	0.0	*
p.Arg1151Ile	0.4482527208404261	0.0	*
p.Arg1151Leu	0.28565486296167364	0.0	*
p.Arg1151Lys	0.6620808835126275	0.0	*
p.Arg1151Met	0.4330562516849778	0.0	*
p.Arg1151Phe	0.5552370340175221	0.0	*
p.Arg1151Pro	0.12292703784300342	0.0	*
p.Arg1151Ser	0.5196005546936308	0.0	*
p.Arg1151Ter	0.0	0.0	*
p.Arg1151Thr	0.4996412363113372	0.0	*
p.Arg1151Trp	0.3152354910691348	0.0	*
p.Arg1151Tyr	0.20803876103668237	0.0	*
p.Arg1151Val	0.41938126549028476	0.0	*
p.Arg1155=	*	*	*
p.Arg1155Ala	0.9207485550083822	0.0	*
p.Arg1155Asn	0.848810269351143	0.0	*
p.Arg1155Asp	0.7168511322293561	0.0	*
p.Arg1155Cys	0.784759769009659	0.0	*
p.Arg1155Gln	0.9490206587148645	0.0	*
p.Arg1155Glu	0.7306221543247949	0.0	*
p.Arg1155Gly	0.8041811584544517	0.0	*
p.Arg1155His	0.9612159274615366	0.0	*
p.Arg1155Ile	0.8210430902994845	0.0	*
p.Arg1155Leu	0.7353979684157285	0.0	*
p.Arg1155Lys	0.9537316516051028	0.0	*
p.Arg1155Met	0.8608587692466274	0.0	*
p.Arg1155Phe	0.9207621711934248	0.0	*
p.Arg1155Pro	0.3951241459651355	0.0	*
p.Arg1155Ser	0.8477637330929441	0.0	*
p.Arg1155Ter	0.0	0.0	*
p.Arg1155Thr	0.9038865116776212	0.0	*
p.Arg1155Trp	0.7898252274283216	0.0	*
p.Arg1155Tyr	0.6923899607559839	0.0	*
p.Arg1155Val	0.791087628485407	0.0	*
p.Arg1156=	*	*	*
p.Arg1156Ala	0.9386126197668815	0.0	*
p.Arg1156Asn	0.9170531720773876	0.0	*
p.Arg1156Asp	0.6373295288081775	0.0	*
p.Arg1156Cys	0.8764484891180351	0.0	*
p.Arg1156Gln	0.9251515124005917	0.0	*
p.Arg1156Glu	0.7521579852768471	0.0	*
p.Arg1156Gly	0.8251341555582566	0.0	*
p.Arg1156His	0.9313619444775224	0.0	*
p.Arg1156Ile	0.8192511741200911	0.0	*
p.Arg1156Leu	0.7795688487808197	0.0	*
p.Arg1156Lys	0.9412767991562592	0.0	*
p.Arg1156Met	0.9246620581675092	0.0	*
p.Arg1156Phe	0.8899047223897477	0.0	*
p.Arg1156Pro	0.4334939297823601	0.0	*
p.Arg1156Ser	0.9146195012719321	0.0	*
p.Arg1156Ter	0.0	0.0	*
p.Arg1156Thr	0.8936408594140224	0.0	*
p.Arg1156Trp	0.7075204080105738	0.0	*
p.Arg1156Tyr	0.6223887448629538	0.0	*
p.Arg1156Val	0.7896319330750129	0.0	*
p.Arg1224=	*	*	*
p.Arg1224Ala	0.016556760087593915	0.0	*
p.Arg1224Asn	0.013629763024952614	0.0	*
p.Arg1224Asp	0.008002770949616003	0.0	*
p.Arg1224Cys	0.013439601673752218	0.0	*
p.Arg1224Gln	0.017405145394156833	0.0	*
p.Arg1224Glu	0.006644409943025421	0.0	*
p.Arg1224Gly	0.009410266283250418	0.0	*
p.Arg1224His	0.015310546624198259	0.0	*
p.Arg1224Ile	0.018981255220582093	0.0	*
p.Arg1224Leu	0.009488717686852673	0.0	*
p.Arg1224Lys	0.02604856802246458	0.0	*
p.Arg1224Met	0.010630899130030801	0.0	*
p.Arg1224Phe	0.023716827975069726	0.0	*
p.Arg1224Pro	0.005675893269392639	0.0	*
p.Arg1224Ser	0.015004016254123374	0.0	*
p.Arg1224Ter	0.0	0.0	*
p.Arg1224Thr	0.01717003554881681	0.0	*
p.Arg1224Trp	0.011520215061824244	0.0	*
p.Arg1224Tyr	0.009575459242123772	0.0	*
p.Arg1224Val	0.02004373252470711	0.0	*
p.Arg1228=	*	*	*
p.Arg1228Ala	0.015247948655576727	0.0	*
p.Arg1228Asn	0.010991585239385116	0.0	*
p.Arg1228Asp	0.004387274557361315	0.0	*
p.Arg1228Cys	0.008211390848079038	0.0	*
p.Arg1228Gln	0.019580254675035887	0.0	*
p.Arg1228Glu	0.0031258831413266395	0.0	*
p.Arg1228Gly	0.005793646948845541	0.0	*
p.Arg1228His	0.014663446309899766	0.0	*
p.Arg1228Ile	0.017941283931597964	0.0	*
p.Arg1228Leu	0.010042340792958836	0.0	*
p.Arg1228Lys	0.03324981343669567	0.0	*
p.Arg1228Met	0.012590142969548657	0.0	*
p.Arg1228Phe	0.023480939523577455	0.0	*
p.Arg1228Pro	0.003133787126194349	0.0	*
p.Arg1228Ser	0.012292637933179541	0.0	*
p.Arg1228Ter	0.0	0.0	*
p.Arg1228Thr	0.018420288330308426	0.0	*
p.Arg1228Trp	0.01648508478624064	0.0	*
p.Arg1228Tyr	0.007871817539708241	0.0	*
p.Arg1228Val	0.01742290117552766	0.0	*
p.Arg1301=	*	*	*
p.Arg1301Ala	0.16094054203500205	0.0	*
p.Arg1301Asn	0.15482978942558398	0.0	*
p.Arg1301Asp	0.058924808336574964	0.0	*
p.Arg1301Cys	0.10773861132790873	0.0	*
p.Arg1301Gln	0.15069800700265654	0.0	*
p.Arg1301Glu	0.05063234039142344	0.0	*
p.Arg1301Gly	0.0948749908583883	0.0	*
p.Arg1301His	0.16446548169013994	0.0	*
p.Arg1301Ile	0.13141006014927611	0.0	*
p.Arg1301Leu	0.08154161121739796	0.0	*
p.Arg1301Lys	0.2275132935132016	0.0	*
p.Arg1301Met	0.11492840727702663	0.0	*
p.Arg1301Phe	0.20448706292795346	0.0	*
p.Arg1301Pro	0.0319810134465399	0.0	*
p.Arg1301Ser	0.09869329525330614	0.0	*
p.Arg1301Ter	0.0	0.0	*
p.Arg1301Thr	0.14432437509290413	0.0	*
p.Arg1301Trp	0.1168194627585895	0.0	*
p.Arg1301Tyr	0.10006855313020228	0.0	*
p.Arg1301Val	0.14067507456721748	0.0	*
p.Arg1316=	*	*	*
p.Arg1316Ala	0.256176119422109	0.0	*
p.Arg1316Asn	0.15901642601015636	0.0	*
p.Arg1316Asp	0.05240401921485201	0.0	*
p.Arg1316Cys	0.18352015656879267	0.0	*
p.Arg1316Gln	0.18445921799655346	0.0	*
p.Arg1316Glu	0.035011576701601016	0.0	*
p.Arg1316Gly	0.12822698073398156	0.0	*
p.Arg1316His	0.3011735832520626	0.0	*
p.Arg1316Ile	0.14520764509055284	0.0	*
p.Arg1316Leu	0.09701548214019184	0.0	*
p.Arg1316Lys	0.4213433739747421	0.0	*
p.Arg1316Met	0.2223713030722007	0.0	*
p.Arg1316Phe	0.2511768310197375	0.0	*
p.Arg1316Pro	0.024801705442746232	0.0	*
p.Arg1316Ser	0.16196350172373988	0.0	*
p.Arg1316Ter	0.0	0.0	*
p.Arg1316Thr	0.2648355677801662	0.0	*
p.Arg1316Trp	0.13223117364806566	0.0	*
p.Arg1316Tyr	0.05222996819282306	0.0	*
p.Arg1316Val	0.10107615008157245	0.0	*
p.Arg1319=	*	*	*
p.Arg1319Ala	0.5563018451340264	0.0	*
p.Arg1319Asn	0.4461968151494073	0.0	*
p.Arg1319Asp	0.30765356591856696	0.0	*
p.Arg1319Cys	0.35014993452680954	0.0	*
p.Arg1319Gln	0.6534162474061568	0.0	*
p.Arg1319Glu	0.14259266382408908	0.0	*
p.Arg1319Gly	0.3478183737496589	0.0	*
p.Arg1319His	0.7823294365882298	0.0	*
p.Arg1319Ile	0.53539119094443	0.0	*
p.Arg1319Leu	0.32012471954789296	0.0	*
p.Arg1319Lys	0.8380208282399044	0.0	*
p.Arg1319Met	0.46848604492180324	0.0	*
p.Arg1319Phe	0.6435012874228883	0.0	*
p.Arg1319Pro	0.11444257429588732	0.0	*
p.Arg1319Ser	0.5128020366127976	0.0	*
p.Arg1319Ter	0.0	0.0	*
p.Arg1319Thr	0.6638343918927472	0.0	*
p.Arg1319Trp	0.416891166968616	0.0	*
p.Arg1319Tyr	0.2580210399131191	0.0	*
p.Arg1319Val	0.44673212243457194	0.0	*
p.Arg1320=	*	*	*
p.Arg1320Ala	0.1817450110081005	0.0	*
p.Arg1320Asn	0.11689997773989312	0.0	*
p.Arg1320Asp	0.0815199876260764	0.0	*
p.Arg1320Cys	0.12603867559499998	0.0	*
p.Arg1320Gln	0.14482709149423545	0.0	*
p.Arg1320Glu	0.07091477224212386	0.0	*
p.Arg1320Gly	0.12057774018201678	0.0	*
p.Arg1320His	0.21926040909235525	0.0	*
p.Arg1320Ile	0.14489088102656397	0.0	*
p.Arg1320Leu	0.07167394832273277	0.0	*
p.Arg1320Lys	0.29247663978988797	0.0	*
p.Arg1320Met	0.09829966158027392	0.0	*
p.Arg1320Phe	0.2487849624770063	0.0	*
p.Arg1320Pro	0.0319094595902786	0.0	*
p.Arg1320Ser	0.11114077726889922	0.0	*
p.Arg1320Ter	0.0	0.0	*
p.Arg1320Thr	0.16765169237268845	0.0	*
p.Arg1320Trp	0.13538360660168913	0.0	*
p.Arg1320Tyr	0.06441217604845002	0.0	*
p.Arg1320Val	0.1461626355532565	0.0	*
p.Arg1322=	*	*	*
p.Arg1322Ala	0.2698524857265676	0.0	*
p.Arg1322Asn	0.308600201753755	0.0	*
p.Arg1322Asp	0.09200055189474364	0.0	*
p.Arg1322Cys	0.2710921612612151	0.0	*
p.Arg1322Gln	0.25150952277723465	0.0	*
p.Arg1322Glu	0.07957636208947266	0.0	*
p.Arg1322Gly	0.2106586993479278	0.0	*
p.Arg1322His	0.361626455141898	0.0	*
p.Arg1322Ile	0.2176425980102765	0.0	*
p.Arg1322Leu	0.1222481925872994	0.0	*
p.Arg1322Lys	0.5024395465918954	0.0	*
p.Arg1322Met	0.2072561487321041	0.0	*
p.Arg1322Phe	0.3879654125758868	0.0	*
p.Arg1322Pro	0.048885864386927644	0.0	*
p.Arg1322Ser	0.2604325218452888	0.0	*
p.Arg1322Ter	0.0	0.0	*
p.Arg1322Thr	0.3051877216260506	0.0	*
p.Arg1322Trp	0.20916198470089853	0.0	*
p.Arg1322Tyr	0.12528326461833045	0.0	*
p.Arg1322Val	0.23651383776579873	0.0	*
p.Arg1383=	*	*	*
p.Arg1383Ala	0.9991861294673559	0.0	*
p.Arg1383Asn	0.9983219548166758	0.0	*
p.Arg1383Asp	0.9968254534830536	0.0	*
p.Arg1383Cys	0.9966860289579099	0.0	*
p.Arg1383Gln	0.9992767822346907	0.0	*
p.Arg1383Glu	0.9947271851222191	0.0	*
p.Arg1383Gly	0.9960149863318641	0.0	*
p.Arg1383His	0.9994940924506237	0.0	*
p.Arg1383Ile	0.9983238754673686	0.0	*
p.Arg1383Leu	0.9984010342116096	0.0	*
p.Arg1383Lys	0.9995772217125644	0.0	*
p.Arg1383Met	0.998675787104791	0.0	*
p.Arg1383Phe	0.9990147477081224	0.0	*
p.Arg1383Pro	0.9869824507994729	0.0	*
p.Arg1383Ser	0.9989808956074709	0.0	*
p.Arg1383Ter	0.0	0.0	*
p.Arg1383Thr	0.9993661794402803	0.0	*
p.Arg1383Trp	0.9962201057288885	0.0	*
p.Arg1383Tyr	0.995380581382302	0.0	*
p.Arg1383Val	0.9970328826574505	0.0	*
p.Arg1409=	*	*	*
p.Arg1409Ala	0.9939696139703805	0.0	*
p.Arg1409Asn	0.9901734710177889	0.0	*
p.Arg1409Asp	0.9764292702328972	0.0	*
p.Arg1409Cys	0.9846819493611577	0.0	*
p.Arg1409Gln	0.9834336163896429	0.0	*
p.Arg1409Glu	0.9689786394376778	0.0	*
p.Arg1409Gly	0.9800673277751496	0.0	*
p.Arg1409His	0.9929964497451991	0.0	*
p.Arg1409Ile	0.9692842526959522	0.0	*
p.Arg1409Leu	0.9579091197402617	0.0	*
p.Arg1409Lys	0.9936157757286492	0.0	*
p.Arg1409Met	0.9788685216000029	0.0	*
p.Arg1409Phe	0.9880913072454056	0.0	*
p.Arg1409Pro	0.937709085871425	0.0	*
p.Arg1409Ser	0.989241128969298	0.0	*
p.Arg1409Ter	0.0	0.0	*
p.Arg1409Thr	0.9915338636243711	0.0	*
p.Arg1409Trp	0.9494543513069893	0.0	*
p.Arg1409Tyr	0.9439203869534708	0.0	*
p.Arg1409Val	0.9554103770981384	0.0	*
p.Arg1411=	*	*	*
p.Arg1411Ala	0.9880398906542173	0.0	*
p.Arg1411Asn	0.9845272154357675	0.0	*
p.Arg1411Asp	0.9685600086676973	0.0	*
p.Arg1411Cys	0.9822082756754227	0.0	*
p.Arg1411Gln	0.9967962907585264	0.0	*
p.Arg1411Glu	0.9753170720718786	0.0	*
p.Arg1411Gly	0.968232087697146	0.0	*
p.Arg1411His	0.9965191848497277	0.0	*
p.Arg1411Ile	0.9718720012241165	0.0	*
p.Arg1411Leu	0.9804327632706563	0.0	*
p.Arg1411Lys	0.992802722094291	0.0	*
p.Arg1411Met	0.9808653694960268	0.0	*
p.Arg1411Phe	0.9875823750809203	0.0	*
p.Arg1411Pro	0.937205936536143	0.0	*
p.Arg1411Ser	0.983941324553214	0.0	*
p.Arg1411Ter	0.0	0.0	*
p.Arg1411Thr	0.9910922018142794	0.0	*
p.Arg1411Trp	0.9689393934529036	0.0	*
p.Arg1411Tyr	0.9716545147456058	0.0	*
p.Arg1411Val	0.9683764684671426	0.0	*
p.Arg1415=	*	*	*
p.Arg1415Ala	0.9976523862716394	0.0	*
p.Arg1415Asn	0.9981715128433076	0.0	*
p.Arg1415Asp	0.997832638330027	0.0	*
p.Arg1415Cys	0.9971422089804858	0.0	*
p.Arg1415Gln	0.9969510829884825	0.0	*
p.Arg1415Glu	0.9974472260746956	0.0	*
p.Arg1415Gly	0.9959741107436438	0.0	*
p.Arg1415His	0.9982786562492726	0.0	*
p.Arg1415Ile	0.9954060411738322	0.0	*
p.Arg1415Leu	0.9945521706403726	0.0	*
p.Arg1415Lys	0.9974183635292324	0.0	*
p.Arg1415Met	0.9952022714075804	0.0	*
p.Arg1415Phe	0.9966050945557204	0.0	*
p.Arg1415Pro	0.9980804830061445	0.0	*
p.Arg1415Ser	0.9962819138319118	0.0	*
p.Arg1415Ter	0.0	0.0	*
p.Arg1415Thr	0.9978939024761437	0.0	*
p.Arg1415Trp	0.9929763202336178	0.0	*
p.Arg1415Tyr	0.9884514848046481	0.0	*
p.Arg1415Val	0.9943572345531125	0.0	*
p.Arg1440=	*	*	*
p.Arg1440Ala	0.9263731753920501	0.0	*
p.Arg1440Asn	0.9335321382753095	0.0	*
p.Arg1440Asp	0.9074401738013735	0.0	*
p.Arg1440Cys	0.8880325512497326	0.0	*
p.Arg1440Gln	0.9383283626109018	0.0	*
p.Arg1440Glu	0.894605619732978	0.0	*
p.Arg1440Gly	0.887530344227327	0.0	*
p.Arg1440His	0.9567786918175188	0.0	*
p.Arg1440Ile	0.9348736802989148	0.0	*
p.Arg1440Leu	0.8888719109963148	0.0	*
p.Arg1440Lys	0.9395272658828623	0.0	*
p.Arg1440Met	0.8962910418282645	0.0	*
p.Arg1440Phe	0.9184282632674824	0.0	*
p.Arg1440Pro	0.900066632230832	0.0	*
p.Arg1440Ser	0.9631192504468349	0.0	*
p.Arg1440Ter	0.0	0.0	*
p.Arg1440Thr	0.9385682472114102	0.0	*
p.Arg1440Trp	0.9449004142003677	0.0	*
p.Arg1440Tyr	0.8039873808624383	0.0	*
p.Arg1440Val	0.8924148297795758	0.0	*
p.Arg1459=	*	*	*
p.Arg1459Ala	0.9691675012124485	0.0	*
p.Arg1459Asn	0.9766918196842136	0.0	*
p.Arg1459Asp	0.9743444493720511	0.0	*
p.Arg1459Cys	0.9419333388942227	0.0	*
p.Arg1459Gln	0.9770239146886461	0.0	*
p.Arg1459Glu	0.9594016652668229	0.0	*
p.Arg1459Gly	0.9499513401074664	0.0	*
p.Arg1459His	0.9937477288158323	0.0	*
p.Arg1459Ile	0.9310637487404742	0.0	*
p.Arg1459Leu	0.8997561336397065	0.0	*
p.Arg1459Lys	0.986560480370788	0.0	*
p.Arg1459Met	0.965134921235411	0.0	*
p.Arg1459Phe	0.9798236015172797	0.0	*
p.Arg1459Pro	0.9111036034459609	0.0	*
p.Arg1459Ser	0.9751805975855092	0.0	*
p.Arg1459Ter	0.0	0.0	*
p.Arg1459Thr	0.9869456111958225	0.0	*
p.Arg1459Trp	0.9182124937761785	0.0	*
p.Arg1459Tyr	0.8937861272723289	0.0	*
p.Arg1459Val	0.9459978525430944	0.0	*
p.Arg723=	*	*	*
p.Arg723Ala	0.29407304549310614	0.0	*
p.Arg723Asn	0.17928986015977666	0.0	*
p.Arg723Asp	0.10415780047460757	0.0	*
p.Arg723Cys	0.24004196644578796	0.0	*
p.Arg723Gln	0.4081963256990267	0.0	*
p.Arg723Glu	0.08731684854225144	0.0	*
p.Arg723Gly	0.18302873237513614	0.0	*
p.Arg723His	0.4944880086708661	0.0	*
p.Arg723Ile	0.14908022056659878	0.0	*
p.Arg723Leu	0.12046955918057713	0.0	*
p.Arg723Lys	0.49270434723733475	0.0	*
p.Arg723Met	0.2528519479208112	0.0	*
p.Arg723Phe	0.3086123557009265	0.0	*
p.Arg723Pro	0.037520819898478365	0.0	*
p.Arg723Ser	0.3426250952235872	0.0	*
p.Arg723Ter	0.0	0.0	*
p.Arg723Thr	0.36400538245088304	0.0	*
p.Arg723Trp	0.18071552524783838	0.0	*
p.Arg723Tyr	0.07889567550576021	0.0	*
p.Arg723Val	0.18459996496126563	0.0	*
p.Arg725=	*	*	*
p.Arg725Ala	0.9312995728161807	0.0	*
p.Arg725Asn	0.8935658135240269	0.0	*
p.Arg725Asp	0.6099894192457692	0.0	*
p.Arg725Cys	0.7498116779463425	0.0	*
p.Arg725Gln	0.8806515595003112	0.0	*
p.Arg725Glu	0.6154031981543655	0.0	*
p.Arg725Gly	0.7867673485282505	0.0	*
p.Arg725His	0.9475106262199748	0.0	*
p.Arg725Ile	0.7862615547490146	0.0	*
p.Arg725Leu	0.7473269375873433	0.0	*
p.Arg725Met	0.9075221634621142	0.0	*
p.Arg725Phe	0.8438590138317298	0.0	*
p.Arg725Pro	0.3880024740362558	0.0	*
p.Arg725Ser	0.8636385973735012	0.0	*
p.Arg725Ter	0.0	0.0	*
p.Arg725Thr	0.9106929687346914	0.0	*
p.Arg725Trp	0.70623305944934	0.0	*
p.Arg725Tyr	0.4446533107107456	0.0	*
p.Arg725Val	0.7424424603599585	0.0	*
p.Arg758=	*	*	*
p.Arg758Ala	0.218161981616496	0.0	*
p.Arg758Asn	0.254997113779665	0.0	*
p.Arg758Asp	0.1169537807456841	0.0	*
p.Arg758Cys	0.19116515340625667	0.0	*
p.Arg758Gln	0.28312391097453327	0.0	*
p.Arg758Glu	0.09393825006531942	0.0	*
p.Arg758Gly	0.16583307862879942	0.0	*
p.Arg758His	0.28889453199359105	0.0	*
p.Arg758Ile	0.16735585162291516	0.0	*
p.Arg758Leu	0.12950000440561826	0.0	*
p.Arg758Lys	0.40889646939016316	0.0	*
p.Arg758Met	0.1971080851143863	0.0	*
p.Arg758Phe	0.2819749293419552	0.0	*
p.Arg758Pro	0.07411133004618926	0.0	*
p.Arg758Ser	0.3427567482224092	0.0	*
p.Arg758Ter	0.0	0.0	*
p.Arg758Thr	0.3382826952074909	0.0	*
p.Arg758Trp	0.15505913693185433	0.0	*
p.Arg758Tyr	0.09322714864350116	0.0	*
p.Arg758Val	0.18605501537053726	0.0	*
p.Arg778=	*	*	*
p.Arg778Ala	0.10330859393505293	0.0	*
p.Arg778Asn	0.05539977191960371	0.0	*
p.Arg778Asp	0.04485324945981909	0.0	*
p.Arg778Cys	0.09688084370674833	0.0	*
p.Arg778Gln	0.07603160406107838	0.0	*
p.Arg778Glu	0.036279129261866286	0.0	*
p.Arg778Gly	0.07849417449051775	0.0	*
p.Arg778His	0.11307224144901129	0.0	*
p.Arg778Ile	0.07264239610332497	0.0	*
p.Arg778Leu	0.031105759889319094	0.0	*
p.Arg778Lys	0.12477113987514739	0.0	*
p.Arg778Met	0.06423028733901313	0.0	*
p.Arg778Phe	0.14859911325505476	0.0	*
p.Arg778Pro	0.024357286127931938	0.0	*
p.Arg778Ser	0.07226214334225638	0.0	*
p.Arg778Ter	0.0	0.0	*
p.Arg778Thr	0.11725253992307241	0.0	*
p.Arg778Trp	0.05714192895937861	0.0	*
p.Arg778Tyr	0.038583840701597656	0.0	*
p.Arg778Val	0.10623705789758875	0.0	*
p.Arg816=	*	*	*
p.Arg816Ala	0.5749996887788965	0.0	*
p.Arg816Asn	0.6421291822088225	0.0	*
p.Arg816Asp	0.3747255154976994	0.0	*
p.Arg816Cys	0.49095498540446336	0.0	*
p.Arg816Gln	0.6511687247854343	0.0	*
p.Arg816Glu	0.27603884286793445	0.0	*
p.Arg816Gly	0.40066071422531263	0.0	*
p.Arg816His	0.7616258685663732	0.0	*
p.Arg816Ile	0.4266364928700125	0.0	*
p.Arg816Leu	0.3782755611045225	0.0	*
p.Arg816Lys	0.7880634997954665	0.0	*
p.Arg816Met	0.5606174646215408	0.0	*
p.Arg816Phe	0.6628463938936101	0.0	*
p.Arg816Pro	0.21382333639024406	0.0	*
p.Arg816Ser	0.5590035583276812	0.0	*
p.Arg816Ter	0.0	0.0	*
p.Arg816Thr	0.65355728965386	0.0	*
p.Arg816Trp	0.42434624512186014	0.0	*
p.Arg816Tyr	0.3579750232890367	0.0	*
p.Arg816Val	0.4564131669833	0.0	*
p.Arg827=	*	*	*
p.Arg827Ala	0.24444384068285152	0.0	*
p.Arg827Asn	0.16313011345850595	0.0	*
p.Arg827Asp	0.06329299637312791	0.0	*
p.Arg827Cys	0.16776899760450772	0.0	*
p.Arg827Gln	0.3676750912975549	0.0	*
p.Arg827Glu	0.06760358795802872	0.0	*
p.Arg827Gly	0.08093901643241382	0.0	*
p.Arg827His	0.2952832931069534	0.0	*
p.Arg827Ile	0.2194711164799733	0.0	*
p.Arg827Leu	0.11029685296066151	0.0	*
p.Arg827Lys	0.4306709455866893	0.0	*
p.Arg827Met	0.1386787982703506	0.0	*
p.Arg827Phe	0.31539313772192873	0.0	*
p.Arg827Pro	0.023100339626067723	0.0	*
p.Arg827Ser	0.1912850306897635	0.0	*
p.Arg827Ter	0.0	0.0	*
p.Arg827Thr	0.27839361141229096	0.0	*
p.Arg827Trp	0.2040101075291703	0.0	*
p.Arg827Tyr	0.12275629851741782	0.0	*
p.Arg827Val	0.21401249081076895	0.0	*
p.Arg919=	*	*	*
p.Arg919Ala	0.06710797490843948	0.0	*
p.Arg919Asn	0.04161057080826562	0.0	*
p.Arg919Asp	0.021540700463384688	0.0	*
p.Arg919Cys	0.035700345867219915	0.0	*
p.Arg919Gln	0.1028982924950412	0.0	*
p.Arg919Glu	0.02074530711541777	0.0	*
p.Arg919Gly	0.02136316786692824	0.0	*
p.Arg919His	0.07106281647559189	0.0	*
p.Arg919Ile	0.0734790588464537	0.0	*
p.Arg919Leu	0.034062702457980806	0.0	*
p.Arg919Lys	0.08590881653420226	0.0	*
p.Arg919Met	0.041783344433614776	0.0	*
p.Arg919Phe	0.0562849811646548	0.0	*
p.Arg919Pro	0.010827853600111908	0.0	*
p.Arg919Ser	0.07763013889603684	0.0	*
p.Arg919Ter	0.0	0.0	*
p.Arg919Thr	0.06589922024101426	0.0	*
p.Arg919Trp	0.041611874680595955	0.0	*
p.Arg919Tyr	0.03035857361516409	0.0	*
p.Arg919Val	0.05341301865381673	0.0	*
p.Arg952=	*	*	*
p.Arg952Ala	0.9996651468793103	0.0	*
p.Arg952Asn	0.9989095583134897	0.0	*
p.Arg952Asp	0.996924261428954	0.0	*
p.Arg952Cys	0.9976506321283586	0.0	*
p.Arg952Gln	0.9997268636094168	0.0	*
p.Arg952Glu	0.995926212667149	0.0	*
p.Arg952Gly	0.9974703659756367	0.0	*
p.Arg952His	0.9999011972489273	0.0	*
p.Arg952Ile	0.9972218297335459	0.0	*
p.Arg952Leu	0.9965924339375628	0.0	*
p.Arg952Lys	0.9997820275534225	0.0	*
p.Arg952Met	0.9994026551867208	0.0	*
p.Arg952Phe	0.9990639179478654	0.0	*
p.Arg952Pro	0.9655863349177716	0.0	*
p.Arg952Ser	0.9994868727513851	0.0	*
p.Arg952Ter	0.0	0.0	*
p.Arg952Thr	0.9988677734310152	0.0	*
p.Arg952Trp	0.9963557972240235	0.0	*
p.Arg952Tyr	0.9941184040204263	0.0	*
p.Arg952Val	0.993437204551446	0.0	*
p.Arg969=	*	*	*
p.Arg969Ala	0.47236961296665236	0.0	*
p.Arg969Asn	0.37810017421289577	0.0	*
p.Arg969Asp	0.20940153527704522	0.0	*
p.Arg969Cys	0.32043729636432844	0.0	*
p.Arg969Gln	0.3772901951318905	0.0	*
p.Arg969Glu	0.15895228555906551	0.0	*
p.Arg969Gly	0.3067651544474075	0.0	*
p.Arg969His	0.5684396853619784	0.0	*
p.Arg969Ile	0.28616419333446397	0.0	*
p.Arg969Leu	0.22042229779963263	0.0	*
p.Arg969Lys	0.5568222064826932	0.0	*
p.Arg969Met	0.32490940401938334	0.0	*
p.Arg969Phe	0.4257344797464549	0.0	*
p.Arg969Pro	0.128018731033829	0.0	*
p.Arg969Ser	0.39646439078568574	0.0	*
p.Arg969Ter	0.0	0.0	*
p.Arg969Thr	0.40483914605712873	0.0	*
p.Arg969Trp	0.2636050306523123	0.0	*
p.Arg969Tyr	0.18548076326205998	0.0	*
p.Arg969Val	0.29444461572016223	0.0	*
p.Asn1005=	*	*	*
p.Asn1005Ala	0.06017162096767854	0.0	*
p.Asn1005Arg	0.035402369273527766	0.0	*
p.Asn1005Asp	0.03769238930862289	0.0	*
p.Asn1005Cys	0.012087133332594095	0.0	*
p.Asn1005Gln	0.04340392905293208	0.0	*
p.Asn1005Glu	0.017014917921725176	0.0	*
p.Asn1005Gly	0.0712030901772996	0.0	*
p.Asn1005His	0.028547491230301196	0.0	*
p.Asn1005Ile	0.01895272607008764	0.0	*
p.Asn1005Leu	0.023294003238751346	0.0	*
p.Asn1005Lys	0.03414328430833762	0.0	*
p.Asn1005Met	0.036992252036617095	0.0	*
p.Asn1005Phe	0.024449680778010994	0.0	*
p.Asn1005Pro	0.020597046906112162	0.0	*
p.Asn1005Ser	0.14366483198532365	0.0	*
p.Asn1005Ter	0.0	0.0	*
p.Asn1005Thr	0.062427541745298944	0.0	*
p.Asn1005Trp	0.03204429600871758	0.0	*
p.Asn1005Tyr	0.016527718591241494	0.0	*
p.Asn1005Val	0.060708427061080594	0.0	*
p.Asn1108=	*	*	*
p.Asn1108Ala	0.00789176905263124	0.0	*
p.Asn1108Arg	0.005211753286245327	0.0	*
p.Asn1108Asp	0.011077371025202462	0.0	*
p.Asn1108Cys	0.00395882519207085	0.0	*
p.Asn1108Gln	0.01615133966977853	0.0	*
p.Asn1108Glu	0.00429452759808258	0.0	*
p.Asn1108Gly	0.005295633364496339	0.0	*
p.Asn1108His	0.007063840732604995	0.0	*
p.Asn1108Ile	0.005133685840983402	0.0	*
p.Asn1108Leu	0.005844393293939797	0.0	*
p.Asn1108Lys	0.009406567556092434	0.0	*
p.Asn1108Met	0.00648364671964081	0.0	*
p.Asn1108Phe	0.004030019917263678	0.0	*
p.Asn1108Pro	0.003026346468405992	0.0	*
p.Asn1108Ser	0.06654669555987003	0.0	*
p.Asn1108Ter	0.0	0.0	*
p.Asn1108Thr	0.009936896778158644	0.0	*
p.Asn1108Trp	0.00715143355840403	0.0	*
p.Asn1108Tyr	0.0033152285734826537	0.0	*
p.Asn1108Val	0.008736853910083425	0.0	*
p.Asn1128=	*	*	*
p.Asn1128Ala	0.8938757872533648	0.0	*
p.Asn1128Arg	0.7833532965104566	0.0	*
p.Asn1128Asp	0.9474109654645099	0.0	*
p.Asn1128Cys	0.8214267926448008	0.0	*
p.Asn1128Gln	0.8933684220559039	0.0	*
p.Asn1128Glu	0.8101351863034808	0.0	*
p.Asn1128Gly	0.9280024222591428	0.0	*
p.Asn1128His	0.9111444193978806	0.0	*
p.Asn1128Ile	0.603506411833591	0.0	*
p.Asn1128Leu	0.8093694850988331	0.0	*
p.Asn1128Lys	0.8697492764264465	0.0	*
p.Asn1128Met	0.795423731667634	0.0	*
p.Asn1128Phe	0.8126056954030331	0.0	*
p.Asn1128Pro	0.8620219405598044	0.0	*
p.Asn1128Ser	0.9818239055770354	0.0	*
p.Asn1128Ter	0.0	0.0	*
p.Asn1128Thr	0.962735788749304	0.0	*
p.Asn1128Trp	0.8417495210222468	0.0	*
p.Asn1128Tyr	0.7117093517277397	0.0	*
p.Asn1128Val	0.8986175950715328	0.0	*
p.Asn1150=	*	*	*
p.Asn1150Ala	0.4670522402029595	0.0	*
p.Asn1150Arg	0.20287460116980713	0.0	*
p.Asn1150Asp	0.48850649595852724	0.0	*
p.Asn1150Cys	0.42818142603454	0.0	*
p.Asn1150Gln	0.21216773642288408	0.0	*
p.Asn1150Glu	0.1370255213050899	0.0	*
p.Asn1150Gly	0.5867600125967002	0.0	*
p.Asn1150His	0.30868955609844906	0.0	*
p.Asn1150Ile	0.11669314556900853	0.0	*
p.Asn1150Leu	0.24341133338833026	0.0	*
p.Asn1150Lys	0.3583700238011818	0.0	*
p.Asn1150Met	0.4487707417705126	0.0	*
p.Asn1150Phe	0.2437690811043847	0.0	*
p.Asn1150Pro	0.2353521975850951	0.0	*
p.Asn1150Ser	0.6134527147409061	0.0	*
p.Asn1150Ter	0.0	0.0	*
p.Asn1150Thr	0.6832407672733837	0.0	*
p.Asn1150Trp	0.1625947446795919	0.0	*
p.Asn1150Tyr	0.13838308252054735	0.0	*
p.Asn1150Val	0.3064453611238277	0.0	*
p.Asn1157=	*	*	*
p.Asn1157Ala	0.9775573990479002	0.0	*
p.Asn1157Arg	0.8620290548629111	0.0	*
p.Asn1157Asp	0.8360152838580754	0.0	*
p.Asn1157Cys	0.9533260922217217	0.0	*
p.Asn1157Gln	0.9140121676579083	0.0	*
p.Asn1157Glu	0.8515628741632263	0.0	*
p.Asn1157Gly	0.9740074903176175	0.0	*
p.Asn1157His	0.9063531300620585	0.0	*
p.Asn1157Ile	0.8032791665100782	0.0	*
p.Asn1157Leu	0.9334505769596061	0.0	*
p.Asn1157Lys	0.9461651256980946	0.0	*
p.Asn1157Met	0.9675518552419423	0.0	*
p.Asn1157Phe	0.918961838125305	0.0	*
p.Asn1157Pro	0.7895346088256384	0.0	*
p.Asn1157Ser	0.9826423963375881	0.0	*
p.Asn1157Ter	0.0	0.0	*
p.Asn1157Thr	0.9675985730363542	0.0	*
p.Asn1157Trp	0.8828228684775807	0.0	*
p.Asn1157Tyr	0.7653997596257623	0.0	*
p.Asn1157Val	0.9224996666411489	0.0	*
p.Asn1223=	*	*	*
p.Asn1223Ala	0.05992551982924878	0.0	*
p.Asn1223Arg	0.057097960437689804	0.0	*
p.Asn1223Asp	0.05493687713007669	0.0	*
p.Asn1223Cys	0.02758369091033289	0.0	*
p.Asn1223Gln	0.059861242240604184	0.0	*
p.Asn1223Glu	0.024141591913890814	0.0	*
p.Asn1223Gly	0.08188396293087111	0.0	*
p.Asn1223His	0.04490831652953329	0.0	*
p.Asn1223Ile	0.022303687370662646	0.0	*
p.Asn1223Leu	0.042731178934544985	0.0	*
p.Asn1223Lys	0.07971789865787136	0.0	*
p.Asn1223Met	0.047362443565234426	0.0	*
p.Asn1223Phe	0.0545241365410145	0.0	*
p.Asn1223Pro	0.04166450391226305	0.0	*
p.Asn1223Ser	0.12583872112242822	0.0	*
p.Asn1223Ter	0.0	0.0	*
p.Asn1223Thr	0.08985170342432965	0.0	*
p.Asn1223Trp	0.035590102429729896	0.0	*
p.Asn1223Tyr	0.036773937699175814	0.0	*
p.Asn1223Val	0.048674235511285004	0.0	*
p.Asn1237=	*	*	*
p.Asn1237Ala	0.020988927660187298	0.0	*
p.Asn1237Arg	0.013107150800511499	0.0	*
p.Asn1237Asp	0.01135011196799491	0.0	*
p.Asn1237Cys	0.01342346032184061	0.0	*
p.Asn1237Gln	0.017557828750166142	0.0	*
p.Asn1237Glu	0.005409852904490139	0.0	*
p.Asn1237Gly	0.021103961753395427	0.0	*
p.Asn1237His	0.008226741383517776	0.0	*
p.Asn1237Ile	0.004418855808287229	0.0	*
p.Asn1237Leu	0.012305827881374862	0.0	*
p.Asn1237Lys	0.012533229080400148	0.0	*
p.Asn1237Met	0.01128261997917055	0.0	*
p.Asn1237Phe	0.00807563890711869	0.0	*
p.Asn1237Pro	0.006246403499995276	0.0	*
p.Asn1237Ser	0.04013684398439669	0.0	*
p.Asn1237Ter	0.0	0.0	*
p.Asn1237Thr	0.02109589413836516	0.0	*
p.Asn1237Trp	0.010821468103209013	0.0	*
p.Asn1237Tyr	0.008319888151409337	0.0	*
p.Asn1237Val	0.027225014649568276	0.0	*
p.Asn1257=	*	*	*
p.Asn1257Ala	0.5552317187702198	0.0	*
p.Asn1257Arg	0.38210823318907416	0.0	*
p.Asn1257Asp	0.3919516098760005	0.0	*
p.Asn1257Cys	0.3092925807963502	0.0	*
p.Asn1257Gln	0.5103086221383865	0.0	*
p.Asn1257Glu	0.2578378842352977	0.0	*
p.Asn1257Gly	0.44132813658295367	0.0	*
p.Asn1257His	0.4662058880838749	0.0	*
p.Asn1257Ile	0.1926193976477355	0.0	*
p.Asn1257Leu	0.48138316297531836	0.0	*
p.Asn1257Lys	0.46831048854521906	0.0	*
p.Asn1257Met	0.5840310073455333	0.0	*
p.Asn1257Phe	0.3816624825540997	0.0	*
p.Asn1257Pro	0.14524599170152996	0.0	*
p.Asn1257Ser	0.7412935926830678	0.0	*
p.Asn1257Ter	0.0	0.0	*
p.Asn1257Thr	0.6292582136608778	0.0	*
p.Asn1257Trp	0.3120464158476663	0.0	*
p.Asn1257Tyr	0.21837274225753334	0.0	*
p.Asn1257Val	0.49139601291387597	0.0	*
p.Asn1270=	*	*	*
p.Asn1270Ala	0.006120954460271071	0.0	*
p.Asn1270Arg	0.006575563802706655	0.0	*
p.Asn1270Asp	0.005837587626428763	0.0	*
p.Asn1270Cys	0.00519745211146586	0.0	*
p.Asn1270Gln	0.008019281727212653	0.0	*
p.Asn1270Glu	0.00224332151790728	0.0	*
p.Asn1270Gly	0.007150046796209697	0.0	*
p.Asn1270His	0.004327257816247904	0.0	*
p.Asn1270Ile	0.0038500861995465715	0.0	*
p.Asn1270Leu	0.005384038701067452	0.0	*
p.Asn1270Lys	0.006390076331822733	0.0	*
p.Asn1270Met	0.003957038315401005	0.0	*
p.Asn1270Phe	0.004645220715895344	0.0	*
p.Asn1270Pro	0.0044901977672557256	0.0	*
p.Asn1270Ser	0.021146458451346196	0.0	*
p.Asn1270Ter	0.0	0.0	*
p.Asn1270Thr	0.00998381969503176	0.0	*
p.Asn1270Trp	0.005613738801022092	0.0	*
p.Asn1270Tyr	0.0034172185967155334	0.0	*
p.Asn1270Val	0.011688686725358744	0.0	*
p.Asn1302=	*	*	*
p.Asn1302Ala	0.5560453957912622	0.0	*
p.Asn1302Arg	0.21776233016698554	0.0	*
p.Asn1302Asp	0.4161825403391463	0.0	*
p.Asn1302Cys	0.40907078243057415	0.0	*
p.Asn1302Gln	0.24416958933851804	0.0	*
p.Asn1302Glu	0.16110216526903107	0.0	*
p.Asn1302Gly	0.6049644341685302	0.0	*
p.Asn1302His	0.2792869457910212	0.0	*
p.Asn1302Ile	0.15401671460784666	0.0	*
p.Asn1302Leu	0.2563035532962373	0.0	*
p.Asn1302Lys	0.3734422614518121	0.0	*
p.Asn1302Met	0.34473527385607006	0.0	*
p.Asn1302Phe	0.24938767128933054	0.0	*
p.Asn1302Pro	0.15874933044643483	0.0	*
p.Asn1302Ser	0.6838370937936373	0.0	*
p.Asn1302Ter	0.0	0.0	*
p.Asn1302Thr	0.5412771495455753	0.0	*
p.Asn1302Trp	0.20743114528663673	0.0	*
p.Asn1302Tyr	0.1406213047819564	0.0	*
p.Asn1302Val	0.28719493733105883	0.0	*
p.Asn1324=	*	*	*
p.Asn1324Ala	0.0985008437253295	0.0	*
p.Asn1324Arg	0.03123304343128658	0.0	*
p.Asn1324Asp	0.04593792186875301	0.0	*
p.Asn1324Cys	0.03323886738416916	0.0	*
p.Asn1324Gln	0.028350095481089438	0.0	*
p.Asn1324Glu	0.018915953380591	0.0	*
p.Asn1324Gly	0.10511900687557105	0.0	*
p.Asn1324His	0.022168947224095535	0.0	*
p.Asn1324Ile	0.023907503817091648	0.0	*
p.Asn1324Leu	0.058527861570154424	0.0	*
p.Asn1324Lys	0.045698639767124016	0.0	*
p.Asn1324Met	0.058967626244088536	0.0	*
p.Asn1324Phe	0.04023990843208739	0.0	*
p.Asn1324Pro	0.023735697015974548	0.0	*
p.Asn1324Ser	0.1558554365988824	0.0	*
p.Asn1324Ter	0.0	0.0	*
p.Asn1324Thr	0.10259813217028879	0.0	*
p.Asn1324Trp	0.03803774703717488	0.0	*
p.Asn1324Tyr	0.034837114600557086	0.0	*
p.Asn1324Val	0.1103939654075519	0.0	*
p.Asn1332=	*	*	*
p.Asn1332Ala	0.13825032149663946	0.0	*
p.Asn1332Arg	0.02869634939991534	0.0	*
p.Asn1332Asp	0.057039313158962344	0.0	*
p.Asn1332Cys	0.08580832626565735	0.0	*
p.Asn1332Gln	0.10474138649874414	0.0	*
p.Asn1332Glu	0.014424840868606322	0.0	*
p.Asn1332Gly	0.15319554963948903	0.0	*
p.Asn1332His	0.05285292645283837	0.0	*
p.Asn1332Ile	0.03313704887581352	0.0	*
p.Asn1332Leu	0.0587882635016425	0.0	*
p.Asn1332Lys	0.08420643604797488	0.0	*
p.Asn1332Met	0.09366018855305222	0.0	*
p.Asn1332Phe	0.04344681718500018	0.0	*
p.Asn1332Pro	0.017024720135544968	0.0	*
p.Asn1332Ser	0.47944764529088063	0.0	*
p.Asn1332Ter	0.0	0.0	*
p.Asn1332Thr	0.12127748460274172	0.0	*
p.Asn1332Trp	0.04977016023840488	0.0	*
p.Asn1332Tyr	0.03832978343999032	0.0	*
p.Asn1332Val	0.07759432890200073	0.0	*
p.Asn1457=	*	*	*
p.Asn1457Ala	0.9601592192968704	0.0	*
p.Asn1457Arg	0.8646593123453052	0.0	*
p.Asn1457Asp	0.9741486343932294	0.0	*
p.Asn1457Cys	0.6713352408329852	0.0	*
p.Asn1457Gln	0.9598463346841176	0.0	*
p.Asn1457Glu	0.9008056114697446	0.0	*
p.Asn1457Gly	0.9680677709012853	0.0	*
p.Asn1457His	0.977916538477184	0.0	*
p.Asn1457Ile	0.8099404677410205	0.0	*
p.Asn1457Leu	0.9496458060762273	0.0	*
p.Asn1457Lys	0.965356340001075	0.0	*
p.Asn1457Met	0.9740407833872514	0.0	*
p.Asn1457Phe	0.9559202862145959	0.0	*
p.Asn1457Pro	0.96189943452988	0.0	*
p.Asn1457Ser	0.992144412480375	0.0	*
p.Asn1457Ter	0.0	0.0	*
p.Asn1457Thr	0.9904184066427537	0.0	*
p.Asn1457Trp	0.8921790361351987	0.0	*
p.Asn1457Tyr	0.8868779694227162	0.0	*
p.Asn1457Val	0.9599292624920105	0.0	*
p.Asn728=	*	*	*
p.Asn728Ala	0.950857414845974	0.0	*
p.Asn728Arg	0.667057968472316	0.0	*
p.Asn728Asp	0.7608445921767275	0.0	*
p.Asn728Cys	0.8257524344889114	0.0	*
p.Asn728Gln	0.7228276251285793	0.0	*
p.Asn728Glu	0.48265671995028997	0.0	*
p.Asn728Gly	0.9394631557982251	0.0	*
p.Asn728His	0.8033578549294528	0.0	*
p.Asn728Ile	0.6247905779881995	0.0	*
p.Asn728Leu	0.8168912628657268	0.0	*
p.Asn728Lys	0.8422818442607367	0.0	*
p.Asn728Met	0.9047569020956775	0.0	*
p.Asn728Phe	0.7576910876760069	0.0	*
p.Asn728Pro	0.3944999748965295	0.0	*
p.Asn728Ser	0.9817158700339493	0.0	*
p.Asn728Ter	0.0	0.0	*
p.Asn728Thr	0.9528606127581373	0.0	*
p.Asn728Trp	0.7561990713037688	0.0	*
p.Asn728Tyr	0.5028051956324441	0.0	*
p.Asn728Val	0.8101104366046428	0.0	*
p.Asn812=	*	*	*
p.Asn812Ala	0.9571149212667592	0.0	*
p.Asn812Arg	0.9619598026073767	0.0	*
p.Asn812Asp	0.941373569215521	0.0	*
p.Asn812Cys	0.8972286607174492	0.0	*
p.Asn812Gln	0.9352326280186253	0.0	*
p.Asn812Glu	0.8300787804775452	0.0	*
p.Asn812Gly	0.95617787659732	0.0	*
p.Asn812His	0.918084346013942	0.0	*
p.Asn812Ile	0.8175404532359022	0.0	*
p.Asn812Leu	0.9212522964011284	0.0	*
p.Asn812Met	0.9588146819005634	0.0	*
p.Asn812Phe	0.910334510442646	0.0	*
p.Asn812Pro	0.8098012663778325	0.0	*
p.Asn812Ser	0.9883780196914335	0.0	*
p.Asn812Ter	0.0	0.0	*
p.Asn812Thr	0.977401929958748	0.0	*
p.Asn812Trp	0.8696917810454703	0.0	*
p.Asn812Tyr	0.790840486291019	0.0	*
p.Asn812Val	0.8961044909309669	0.0	*
p.Asn849=	*	*	*
p.Asn849Ala	0.3699194275946631	0.0	*
p.Asn849Arg	0.4331212287064903	0.0	*
p.Asn849Asp	0.5618055148929423	0.0	*
p.Asn849Cys	0.3521484359281092	0.0	*
p.Asn849Gln	0.22172146957698974	0.0	*
p.Asn849Glu	0.2654449825857935	0.0	*
p.Asn849Gly	0.4975571095018229	0.0	*
p.Asn849His	0.27808860426071436	0.0	*
p.Asn849Ile	0.21378834183211778	0.0	*
p.Asn849Leu	0.2515854302920331	0.0	*
p.Asn849Lys	0.40809157220247444	0.0	*
p.Asn849Met	0.3237913083431594	0.0	*
p.Asn849Phe	0.35465349387194733	0.0	*
p.Asn849Pro	0.3216546862109371	0.0	*
p.Asn849Ser	0.7491874950653492	0.0	*
p.Asn849Ter	0.0	0.0	*
p.Asn849Thr	0.6663544655052674	0.0	*
p.Asn849Trp	0.20921558180748273	0.0	*
p.Asn849Tyr	0.29343212148742265	0.0	*
p.Asn849Val	0.492696040208153	0.0	*
p.Asn878=	*	*	*
p.Asn878Ala	0.12643959450937628	0.0	*
p.Asn878Arg	0.030090906701478105	0.0	*
p.Asn878Asp	0.07236014764946241	0.0	*
p.Asn878Cys	0.04955713162592427	0.0	*
p.Asn878Gln	0.04863033792229007	0.0	*
p.Asn878Glu	0.03151449164695908	0.0	*
p.Asn878Gly	0.11436280193814212	0.0	*
p.Asn878His	0.04221030173839909	0.0	*
p.Asn878Ile	0.018212709620206005	0.0	*
p.Asn878Leu	0.03568624703420198	0.0	*
p.Asn878Lys	0.038060440815441327	0.0	*
p.Asn878Met	0.033962304617041056	0.0	*
p.Asn878Phe	0.02778825149470101	0.0	*
p.Asn878Pro	0.04174005769645758	0.0	*
p.Asn878Ser	0.14045442694212953	0.0	*
p.Asn878Ter	0.0	0.0	*
p.Asn878Thr	0.060049668998730245	0.0	*
p.Asn878Trp	0.035833210314050776	0.0	*
p.Asn878Tyr	0.02286786312029133	0.0	*
p.Asn878Val	0.055018600546307396	0.0	*
p.Asn892=	*	*	*
p.Asn892Ala	0.061209366701694384	0.0	*
p.Asn892Arg	0.03301458139263455	0.0	*
p.Asn892Asp	0.08961650110844514	0.0	*
p.Asn892Cys	0.06923772294956561	0.0	*
p.Asn892Gln	0.06498897834851243	0.0	*
p.Asn892Glu	0.04823296180281617	0.0	*
p.Asn892Gly	0.0941245390116012	0.0	*
p.Asn892His	0.05669188123404855	0.0	*
p.Asn892Ile	0.03211535663896002	0.0	*
p.Asn892Leu	0.0370619891590445	0.0	*
p.Asn892Lys	0.070297443033414	0.0	*
p.Asn892Met	0.044925036041818765	0.0	*
p.Asn892Phe	0.050561895309784534	0.0	*
p.Asn892Pro	0.04518007265157378	0.0	*
p.Asn892Ser	0.22725841818228742	0.0	*
p.Asn892Ter	0.0	0.0	*
p.Asn892Thr	0.13380395910479745	0.0	*
p.Asn892Trp	0.05571785240522393	0.0	*
p.Asn892Tyr	0.03454797998116806	0.0	*
p.Asn892Val	0.09493817655706402	0.0	*
p.Asn956=	*	*	*
p.Asn956Ala	0.9985930431757776	0.0	*
p.Asn956Arg	0.9936678633706896	0.0	*
p.Asn956Asp	0.9982561924516875	0.0	*
p.Asn956Cys	0.9971320159906059	0.0	*
p.Asn956Gln	0.9932387434509045	0.0	*
p.Asn956Glu	0.995862890396256	0.0	*
p.Asn956Gly	0.9990973097095082	0.0	*
p.Asn956His	0.9981484216663662	0.0	*
p.Asn956Ile	0.9840092597657274	0.0	*
p.Asn956Leu	0.9953466345594486	0.0	*
p.Asn956Lys	0.9981195678124696	0.0	*
p.Asn956Met	0.9988684413271358	0.0	*
p.Asn956Phe	0.9964284246501398	0.0	*
p.Asn956Pro	0.9959558042655169	0.0	*
p.Asn956Ser	0.9990923427152456	0.0	*
p.Asn956Ter	0.0	0.0	*
p.Asn956Thr	0.998979017239771	0.0	*
p.Asn956Trp	0.9862386213733946	0.0	*
p.Asn956Tyr	0.9886498540796501	0.0	*
p.Asn956Val	0.9912705351199549	0.0	*
p.Asn958=	*	*	*
p.Asn958Ala	0.9991020679966075	0.0	*
p.Asn958Arg	0.9964458080934205	0.0	*
p.Asn958Asp	0.9988316232679516	0.0	*
p.Asn958Cys	0.9987968501224264	0.0	*
p.Asn958Gln	0.9973967685975924	0.0	*
p.Asn958Glu	0.9970651338303362	0.0	*
p.Asn958Gly	0.9993859198178279	0.0	*
p.Asn958His	0.999327157272055	0.0	*
p.Asn958Ile	0.994850586444859	0.0	*
p.Asn958Leu	0.9972387477482615	0.0	*
p.Asn958Lys	0.9991549928509786	0.0	*
p.Asn958Met	0.9990961410059278	0.0	*
p.Asn958Phe	0.9978666741657705	0.0	*
p.Asn958Pro	0.9969696740749103	0.0	*
p.Asn958Ser	0.9995550208141246	0.0	*
p.Asn958Ter	0.0	0.0	*
p.Asn958Thr	0.9992086677774076	0.0	*
p.Asn958Trp	0.9948833696987486	0.0	*
p.Asn958Tyr	0.9939984357291104	0.0	*
p.Asn958Val	0.9955202932552326	0.0	*
p.Asp1027=	*	*	*
p.Asp1027Ala	0.04853715167881043	0.0	*
p.Asp1027Arg	0.030259998934062567	0.0	*
p.Asp1027Asn	0.10218616839332234	0.0	*
p.Asp1027Cys	0.03867436568661545	0.0	*
p.Asp1027Gln	0.022128157643986443	0.0	*
p.Asp1027Glu	0.016878151379263136	0.0	*
p.Asp1027Gly	0.03323922629563093	0.0	*
p.Asp1027His	0.015916122732212063	0.0	*
p.Asp1027Ile	0.021620385695278643	0.0	*
p.Asp1027Leu	0.03031658415637283	0.0	*
p.Asp1027Lys	0.0458256979990664	0.0	*
p.Asp1027Met	0.053550307752071036	0.0	*
p.Asp1027Phe	0.02529480957437381	0.0	*
p.Asp1027Pro	0.011605708790697694	0.0	*
p.Asp1027Ser	0.09126778655850114	0.0	*
p.Asp1027Ter	0.0	0.0	*
p.Asp1027Thr	0.04908267670611574	0.0	*
p.Asp1027Trp	0.013487711840372075	0.0	*
p.Asp1027Tyr	0.022124739253433456	0.0	*
p.Asp1027Val	0.0322645469169995	0.0	*
p.Asp1047=	*	*	*
p.Asp1047Ala	0.05459132681923724	0.0	*
p.Asp1047Arg	0.05359637846701755	0.0	*
p.Asp1047Asn	0.21269937313233886	0.0	*
p.Asp1047Cys	0.04295089238424872	0.0	*
p.Asp1047Glu	0.03196404387186473	0.0	*
p.Asp1047Gly	0.08261020746676347	0.0	*
p.Asp1047His	0.032741430247795	0.0	*
p.Asp1047Ile	0.02514978146421804	0.0	*
p.Asp1047Leu	0.0392691057307737	0.0	*
p.Asp1047Met	0.06890022730396843	0.0	*
p.Asp1047Phe	0.034044409303656965	0.0	*
p.Asp1047Pro	0.0340895129696038	0.0	*
p.Asp1047Ser	0.11694048799374453	0.0	*
p.Asp1047Ter	0.0	0.0	*
p.Asp1047Thr	0.12465292334279397	0.0	*
p.Asp1047Trp	0.027336536880374764	0.0	*
p.Asp1047Tyr	0.0318542869892904	0.0	*
p.Asp1047Val	0.03952855022392274	0.0	*
p.Asp1093=	*	*	*
p.Asp1093Ala	0.0010878132035067026	0.0	*
p.Asp1093Arg	0.00040154523340518386	0.0	*
p.Asp1093Asn	0.0011568171466468436	0.0	*
p.Asp1093Cys	0.0002645187242415375	0.0	*
p.Asp1093Gln	0.0018310412805187459	0.0	*
p.Asp1093Glu	0.0008491960777932506	0.0	*
p.Asp1093Gly	0.001015278405148465	0.0	*
p.Asp1093His	0.0006289131603093078	0.0	*
p.Asp1093Ile	0.0004227461630079858	0.0	*
p.Asp1093Leu	0.0008019707955387296	0.0	*
p.Asp1093Lys	0.0013157238611512078	0.0	*
p.Asp1093Met	0.0010722250171700527	0.0	*
p.Asp1093Phe	0.0005789142278993292	0.0	*
p.Asp1093Pro	0.0003399031065147342	0.0	*
p.Asp1093Ser	0.006517955223984989	0.0	*
p.Asp1093Ter	0.0	0.0	*
p.Asp1093Thr	0.0011279032834800116	0.0	*
p.Asp1093Trp	0.0004480561370854704	0.0	*
p.Asp1093Tyr	0.0005012767709691334	0.0	*
p.Asp1093Val	0.0012417731481499908	0.0	*
p.Asp1138=	*	*	*
p.Asp1138Ala	0.43706614449643594	0.0	*
p.Asp1138Arg	0.5635388418104913	0.0	*
p.Asp1138Asn	0.8382318942711314	0.0	*
p.Asp1138Cys	0.2901242841509715	0.0	*
p.Asp1138Gln	0.2915728178636181	0.0	*
p.Asp1138Glu	0.4746588924590828	0.0	*
p.Asp1138Gly	0.4219290626975926	0.0	*
p.Asp1138His	0.29581132585374365	0.0	*
p.Asp1138Ile	0.25700791353944225	0.0	*
p.Asp1138Leu	0.39168965568533104	0.0	*
p.Asp1138Met	0.5100655024402162	0.0	*
p.Asp1138Phe	0.3237795372411271	0.0	*
p.Asp1138Pro	0.5214497122571343	0.0	*
p.Asp1138Ser	0.6394221294669876	0.0	*
p.Asp1138Ter	0.0	0.0	*
p.Asp1138Thr	0.6089703739948308	0.0	*
p.Asp1138Trp	0.19578773009729297	0.0	*
p.Asp1138Tyr	0.26522152403416205	0.0	*
p.Asp1138Val	0.31232272357763424	0.0	*
p.Asp1164=	*	*	*
p.Asp1164Ala	0.052017608619287094	0.0	*
p.Asp1164Arg	0.04545725026092714	0.0	*
p.Asp1164Asn	0.1530919554566999	0.0	*
p.Asp1164Cys	0.02461728902545195	0.0	*
p.Asp1164Gln	0.023137241518012795	0.0	*
p.Asp1164Glu	0.021934661795976258	0.0	*
p.Asp1164Gly	0.061980448862582915	0.0	*
p.Asp1164His	0.02055935920485915	0.0	*
p.Asp1164Ile	0.027596130555495313	0.0	*
p.Asp1164Leu	0.03184460015672941	0.0	*
p.Asp1164Lys	0.05520311860167653	0.0	*
p.Asp1164Met	0.05460220743769883	0.0	*
p.Asp1164Phe	0.02461728902545195	0.0	*
p.Asp1164Pro	0.01720408078827552	0.0	*
p.Asp1164Ser	0.11752935398811654	0.0	*
p.Asp1164Ter	0.0	0.0	*
p.Asp1164Thr	0.06598351369831897	0.0	*
p.Asp1164Trp	0.017941751402094783	0.0	*
p.Asp1164Tyr	0.02096881811741357	0.0	*
p.Asp1164Val	0.02828243517046675	0.0	*
p.Asp1167Ala	0.08014432546928289	0.0	*
p.Asp1167Arg	0.08150447087912195	0.0	*
p.Asp1167Asn	0.18905191254970746	0.0	*
p.Asp1167Cys	0.045957759820042104	0.0	*
p.Asp1167Glu	0.05928224536662139	0.0	*
p.Asp1167Gly	0.0809257806555304	0.0	*
p.Asp1167His	0.03605672518449872	0.0	*
p.Asp1167Ile	0.04366354098097343	0.0	*
p.Asp1167Leu	0.04948966640244269	0.0	*
p.Asp1167Lys	0.10156188064728056	0.0	*
p.Asp1167Met	0.0746593622820041	0.0	*
p.Asp1167Phe	0.044305891876695695	0.0	*
p.Asp1167Pro	0.03882257672456659	0.0	*
p.Asp1167Ser	0.16770200878574443	0.0	*
p.Asp1167Ter	0.0	0.0	*
p.Asp1167Thr	0.1327457148441876	0.0	*
p.Asp1167Trp	0.032801913878321425	0.0	*
p.Asp1167Tyr	0.03768269640414398	0.0	*
p.Asp1167Val	0.04803941755380744	0.0	*
p.Asp1171=	*	*	*
p.Asp1171Ala	0.013509627781055031	0.0	*
p.Asp1171Arg	0.01861766792882974	0.0	*
p.Asp1171Asn	0.04218081539417034	0.0	*
p.Asp1171Cys	0.013787148071393624	0.0	*
p.Asp1171Gln	0.01152756180334262	0.0	*
p.Asp1171Glu	0.00654390597714106	0.0	*
p.Asp1171Gly	0.012788345797769924	0.0	*
p.Asp1171His	0.006488707590618256	0.0	*
p.Asp1171Ile	0.008912680992966784	0.0	*
p.Asp1171Leu	0.014371159502461416	0.0	*
p.Asp1171Lys	0.022199251626483715	0.0	*
p.Asp1171Met	0.02263352294452781	0.0	*
p.Asp1171Phe	0.010192625931488593	0.0	*
p.Asp1171Pro	0.00459002361679539	0.0	*
p.Asp1171Ser	0.04607655455911106	0.0	*
p.Asp1171Ter	0.0	0.0	*
p.Asp1171Thr	0.026884744928495026	0.0	*
p.Asp1171Trp	0.008815290414169511	0.0	*
p.Asp1171Tyr	0.011292883053156807	0.0	*
p.Asp1171Val	0.01854490838896592	0.0	*
p.Asp1185=	*	*	*
p.Asp1185Ala	0.0019849538827596503	0.0	*
p.Asp1185Arg	0.002032745344503281	0.0	*
p.Asp1185Asn	0.004518936293944169	0.0	*
p.Asp1185Cys	0.001962079739466858	0.0	*
p.Asp1185Gln	0.0025128779445756635	0.0	*
p.Asp1185Glu	0.0013484940366058822	0.0	*
p.Asp1185Gly	0.002641732804123418	0.0	*
p.Asp1185His	0.001495371778181292	0.0	*
p.Asp1185Ile	0.001469513408587558	0.0	*
p.Asp1185Leu	0.0013949257548548316	0.0	*
p.Asp1185Lys	0.002485677812610593	0.0	*
p.Asp1185Met	0.0024998377121882437	0.0	*
p.Asp1185Phe	0.0013555727623335715	0.0	*
p.Asp1185Pro	0.001020075544915771	0.0	*
p.Asp1185Ser	0.0029304694445325763	0.0	*
p.Asp1185Ter	0.0	0.0	*
p.Asp1185Thr	0.003518390055168645	0.0	*
p.Asp1185Trp	0.0012869411938145044	0.0	*
p.Asp1185Tyr	0.0017494480810166624	0.0	*
p.Asp1185Val	0.002802223600651809	0.0	*
p.Asp1196=	*	*	*
p.Asp1196Ala	0.0008178419623743423	0.0	*
p.Asp1196Arg	0.0009054323660579768	0.0	*
p.Asp1196Asn	0.0019524143016374283	0.0	*
p.Asp1196Cys	0.0005991277978272551	0.0	*
p.Asp1196Gln	0.000999217152422483	0.0	*
p.Asp1196Glu	0.00042971193529256615	0.0	*
p.Asp1196Gly	0.0008037408721391288	0.0	*
p.Asp1196His	0.0005707439252740361	0.0	*
p.Asp1196Ile	0.0008178419623743423	0.0	*
p.Asp1196Leu	0.0005930948105502372	0.0	*
p.Asp1196Lys	0.0010955714570975808	0.0	*
p.Asp1196Met	0.001305680898888916	0.0	*
p.Asp1196Phe	0.0008001990429908668	0.0	*
p.Asp1196Pro	0.00037985305042058777	0.0	*
p.Asp1196Ser	0.0017329343097856943	0.0	*
p.Asp1196Ter	0.0	0.0	*
p.Asp1196Thr	0.0016558198744515494	0.0	*
p.Asp1196Trp	0.0007625924144277422	0.0	*
p.Asp1196Tyr	0.0009879081819785251	0.0	*
p.Asp1196Val	0.0013042434895544014	0.0	*
p.Asp1215=	*	*	*
p.Asp1215Ala	0.0028558732883367834	0.0	*
p.Asp1215Arg	0.004838706597695717	0.0	*
p.Asp1215Asn	0.0139114610080251	0.0	*
p.Asp1215Cys	0.0019656990188974674	0.0	*
p.Asp1215Gln	0.0023090066183432388	0.0	*
p.Asp1215Glu	0.0015784589983671414	0.0	*
p.Asp1215Gly	0.0022796619406483636	0.0	*
p.Asp1215His	0.0016088058809938834	0.0	*
p.Asp1215Ile	0.0025128779445756635	0.0	*
p.Asp1215Leu	0.0024154551091846183	0.0	*
p.Asp1215Lys	0.004711751906573083	0.0	*
p.Asp1215Met	0.0034976912088598385	0.0	*
p.Asp1215Phe	0.002674581766041721	0.0	*
p.Asp1215Pro	0.0019318067750215575	0.0	*
p.Asp1215Ser	0.007928622500027644	0.0	*
p.Asp1215Ter	0.0	0.0	*
p.Asp1215Thr	0.006542465426736715	0.0	*
p.Asp1215Trp	0.0016232330530708313	0.0	*
p.Asp1215Tyr	0.002606571056119794	0.0	*
p.Asp1215Val	0.0034191213554014568	0.0	*
p.Asp1222=	*	*	*
p.Asp1222Ala	0.0016971345807854344	0.0	*
p.Asp1222Arg	0.0024517713569268147	0.0	*
p.Asp1222Asn	0.008384437086477486	0.0	*
p.Asp1222Cys	0.0011673916171492547	0.0	*
p.Asp1222Gln	0.0015969604712074087	0.0	*
p.Asp1222Glu	0.0009321629880311484	0.0	*
p.Asp1222Gly	0.0022284860806004543	0.0	*
p.Asp1222His	0.001170405353471469	0.0	*
p.Asp1222Ile	0.001789816257934092	0.0	*
p.Asp1222Leu	0.0018792549990197629	0.0	*
p.Asp1222Lys	0.003006271124742016	0.0	*
p.Asp1222Met	0.0032221280693511736	0.0	*
p.Asp1222Phe	0.0014804247242785294	0.0	*
p.Asp1222Pro	0.0011973813534941753	0.0	*
p.Asp1222Ser	0.004557693664781878	0.0	*
p.Asp1222Ter	0.0	0.0	*
p.Asp1222Thr	0.0032386978978981916	0.0	*
p.Asp1222Trp	0.0015021447455254155	0.0	*
p.Asp1222Tyr	0.001611433116213689	0.0	*
p.Asp1222Val	0.002403297678514663	0.0	*
p.Asp1267=	*	*	*
p.Asp1267Ala	0.0023387520551425333	0.0	*
p.Asp1267Arg	0.0019463629792923294	0.0	*
p.Asp1267Asn	0.006051113925921545	0.0	*
p.Asp1267Cys	0.0015250757711727945	0.0	*
p.Asp1267Gln	0.001246174745665172	0.0	*
p.Asp1267Glu	0.000997604954278529	0.0	*
p.Asp1267Gly	0.0020422457579948637	0.0	*
p.Asp1267His	0.0009288397651525149	0.0	*
p.Asp1267Ile	0.0015890425768435132	0.0	*
p.Asp1267Leu	0.0012048284414625055	0.0	*
p.Asp1267Lys	0.0026268403437900486	0.0	*
p.Asp1267Met	0.00219868732966071	0.0	*
p.Asp1267Phe	0.0018829417072396789	0.0	*
p.Asp1267Pro	0.001123308966127834	0.0	*
p.Asp1267Ser	0.004032679202451433	0.0	*
p.Asp1267Ter	0.0	0.0	*
p.Asp1267Thr	0.004479188668358303	0.0	*
p.Asp1267Trp	0.0011914093637515547	0.0	*
p.Asp1267Tyr	0.0014268985877087359	0.0	*
p.Asp1267Val	0.0024802224898435553	0.0	*
p.Asp1271=	*	*	*
p.Asp1271Ala	8.57388030781603e-05	0.0	*
p.Asp1271Arg	7.627670944146567e-05	0.0	*
p.Asp1271Asn	0.00020765746689907285	0.0	*
p.Asp1271Cys	7.135379393177962e-05	0.0	*
p.Asp1271Gln	8.57388030781603e-05	0.0	*
p.Asp1271Glu	4.392341238503744e-05	0.0	*
p.Asp1271Gly	6.103515625000004e-05	0.0	*
p.Asp1271His	4.392341238503744e-05	0.0	*
p.Asp1271Ile	7.135379393177962e-05	0.0	*
p.Asp1271Leu	8.106697021138519e-05	0.0	*
p.Asp1271Lys	8.57388030781603e-05	0.0	*
p.Asp1271Met	9.91519038520796e-05	0.0	*
p.Asp1271Phe	6.103515625000004e-05	0.0	*
p.Asp1271Pro	2.312799936691893e-05	0.0	*
p.Asp1271Ser	0.0002201385354472678	0.0	*
p.Asp1271Ter	0.0	0.0	*
p.Asp1271Thr	0.00011591458022039403	0.0	*
p.Asp1271Trp	5.5588595054021726e-05	0.0	*
p.Asp1271Tyr	6.628066031952221e-05	0.0	*
p.Asp1271Val	0.00011994180386501028	0.0	*
p.Asp1279=	*	*	*
p.Asp1279Ala	0.009123606066271541	0.0	*
p.Asp1279Arg	0.009993433223031185	0.0	*
p.Asp1279Asn	0.031379789043665215	0.0	*
p.Asp1279Cys	0.004320376082487372	0.0	*
p.Asp1279Gln	0.01275292382914171	0.0	*
p.Asp1279Glu	0.0063995324141806744	0.0	*
p.Asp1279Gly	0.004685188045077277	0.0	*
p.Asp1279His	0.005606044982517217	0.0	*
p.Asp1279Ile	0.006216983880936894	0.0	*
p.Asp1279Leu	0.008810218585731356	0.0	*
p.Asp1279Lys	0.01319526580316524	0.0	*
p.Asp1279Met	0.008498096146642124	0.0	*
p.Asp1279Phe	0.007961761048760582	0.0	*
p.Asp1279Pro	0.004222662802119014	0.0	*
p.Asp1279Ser	0.02655170919364848	0.0	*
p.Asp1279Ter	0.0	0.0	*
p.Asp1279Thr	0.02446359869205147	0.0	*
p.Asp1279Trp	0.005552060817401303	0.0	*
p.Asp1279Tyr	0.007384857365184796	0.0	*
p.Asp1279Val	0.011477507667091127	0.0	*
p.Asp1289=	*	*	*
p.Asp1289Ala	0.004022037544438356	0.0	*
p.Asp1289Arg	0.007596590150644574	0.0	*
p.Asp1289Asn	0.02083549246120276	0.0	*
p.Asp1289Cys	0.004640214447394849	0.0	*
p.Asp1289Gln	0.0036146149631599753	0.0	*
p.Asp1289Glu	0.002539952474009206	0.0	*
p.Asp1289Gly	0.003291092632671468	0.0	*
p.Asp1289His	0.0027219607052211287	0.0	*
p.Asp1289Ile	0.004815730960499568	0.0	*
p.Asp1289Leu	0.0034835482186297327	0.0	*
p.Asp1289Lys	0.008932860724998715	0.0	*
p.Asp1289Met	0.005162422426380714	0.0	*
p.Asp1289Phe	0.004320376082487372	0.0	*
p.Asp1289Pro	0.003293026294675688	0.0	*
p.Asp1289Ser	0.01602177315377213	0.0	*
p.Asp1289Ter	0.0	0.0	*
p.Asp1289Thr	0.011227530082015678	0.0	*
p.Asp1289Trp	0.0031090586527133856	0.0	*
p.Asp1289Tyr	0.004440990269204161	0.0	*
p.Asp1289Val	0.00581108873291058	0.0	*
p.Asp1296=	*	*	*
p.Asp1296Ala	0.07337850233971614	0.0	*
p.Asp1296Arg	0.09737533487366146	0.0	*
p.Asp1296Asn	0.3126369727175538	0.0	*
p.Asp1296Cys	0.04278723969278505	0.0	*
p.Asp1296Gln	0.06359022995506694	0.0	*
p.Asp1296Glu	0.03933875215101054	0.0	*
p.Asp1296Gly	0.09142417197062529	0.0	*
p.Asp1296His	0.03891973998955506	0.0	*
p.Asp1296Ile	0.038251583762967556	0.0	*
p.Asp1296Leu	0.05507382478657316	0.0	*
p.Asp1296Lys	0.0964405251876231	0.0	*
p.Asp1296Met	0.0859931369034283	0.0	*
p.Asp1296Phe	0.05958385386859999	0.0	*
p.Asp1296Pro	0.027428381509695416	0.0	*
p.Asp1296Ser	0.18468972631063152	0.0	*
p.Asp1296Ter	0.0	0.0	*
p.Asp1296Thr	0.1207246013868459	0.0	*
p.Asp1296Trp	0.03358927307509681	0.0	*
p.Asp1296Tyr	0.056850241682383104	0.0	*
p.Asp1296Val	0.05306193607306541	0.0	*
p.Asp1303=	*	*	*
p.Asp1303Ala	0.05176480882053588	0.0	*
p.Asp1303Arg	0.05240401921485201	0.0	*
p.Asp1303Asn	0.21868259674418508	0.0	*
p.Asp1303Cys	0.024339445491859145	0.0	*
p.Asp1303Gln	0.032219457196078945	0.0	*
p.Asp1303Glu	0.032169244882393935	0.0	*
p.Asp1303Gly	0.06666899493746851	0.0	*
p.Asp1303His	0.022404088903565864	0.0	*
p.Asp1303Ile	0.030045384376201495	0.0	*
p.Asp1303Leu	0.05093343212172982	0.0	*
p.Asp1303Lys	0.07338847118568195	0.0	*
p.Asp1303Met	0.0678149883134688	0.0	*
p.Asp1303Phe	0.04191065230068598	0.0	*
p.Asp1303Pro	0.022621461236256666	0.0	*
p.Asp1303Ser	0.11763972994065351	0.0	*
p.Asp1303Ter	0.0	0.0	*
p.Asp1303Thr	0.06199624887338629	0.0	*
p.Asp1303Trp	0.024195489849294653	0.0	*
p.Asp1303Tyr	0.03755625060179308	0.0	*
p.Asp1303Val	0.04162295688856629	0.0	*
p.Asp1306=	*	*	*
p.Asp1306Ala	0.062337931665710486	0.0	*
p.Asp1306Arg	0.03751860500349903	0.0	*
p.Asp1306Asn	0.16124766711327373	0.0	*
p.Asp1306Cys	0.03560996749323394	0.0	*
p.Asp1306Gln	0.045300995096811444	0.0	*
p.Asp1306Glu	0.02091500629398544	0.0	*
p.Asp1306Gly	0.06046701296213279	0.0	*
p.Asp1306His	0.027692068368041986	0.0	*
p.Asp1306Ile	0.025098592831157125	0.0	*
p.Asp1306Leu	0.04541110438364814	0.0	*
p.Asp1306Lys	0.06315935267111518	0.0	*
p.Asp1306Met	0.0739901300717885	0.0	*
p.Asp1306Phe	0.039899347352912465	0.0	*
p.Asp1306Pro	0.014377585238992427	0.0	*
p.Asp1306Ser	0.09510006490594575	0.0	*
p.Asp1306Ter	0.0	0.0	*
p.Asp1306Thr	0.07230163486504562	0.0	*
p.Asp1306Trp	0.024282399866374618	0.0	*
p.Asp1306Tyr	0.028184473934303542	0.0	*
p.Asp1306Val	0.039246714107254	0.0	*
p.Asp1380=	*	*	*
p.Asp1380Ala	0.994921755624449	0.0	*
p.Asp1380Arg	0.9921208426393272	0.0	*
p.Asp1380Asn	0.9982227051244654	0.0	*
p.Asp1380Cys	0.9787633361058021	0.0	*
p.Asp1380Gln	0.9899818534267231	0.0	*
p.Asp1380Glu	0.993472936623543	0.0	*
p.Asp1380Gly	0.9945052887732628	0.0	*
p.Asp1380His	0.9913642195132346	0.0	*
p.Asp1380Ile	0.9695341000729855	0.0	*
p.Asp1380Leu	0.9926212420502021	0.0	*
p.Asp1380Lys	0.997256041591725	0.0	*
p.Asp1380Met	0.993961707793992	0.0	*
p.Asp1380Phe	0.9878811042845773	0.0	*
p.Asp1380Pro	0.99011204449836	0.0	*
p.Asp1380Ser	0.9987656665602666	0.0	*
p.Asp1380Ter	0.0	0.0	*
p.Asp1380Thr	0.9985211930113242	0.0	*
p.Asp1380Trp	0.9675086065669141	0.0	*
p.Asp1380Tyr	0.9710814061632856	0.0	*
p.Asp1380Val	0.9795619593359642	0.0	*
p.Asp1407=	*	*	*
p.Asp1407Ala	0.9601676681464366	0.0	*
p.Asp1407Arg	0.9191975604606439	0.0	*
p.Asp1407Asn	0.9960212973248718	0.0	*
p.Asp1407Cys	0.872140846770808	0.0	*
p.Asp1407Gln	0.887004911828279	0.0	*
p.Asp1407Glu	0.9182807409084623	0.0	*
p.Asp1407Gly	0.967454608036619	0.0	*
p.Asp1407His	0.900700495276238	0.0	*
p.Asp1407Ile	0.5792267129092067	0.0	*
p.Asp1407Leu	0.8728968130699369	0.0	*
p.Asp1407Lys	0.9489966783486381	0.0	*
p.Asp1407Met	0.965495991648514	0.0	*
p.Asp1407Phe	0.8066220511440062	0.0	*
p.Asp1407Pro	0.8907902820773314	0.0	*
p.Asp1407Ser	0.9804318796301787	0.0	*
p.Asp1407Ter	0.0	0.0	*
p.Asp1407Thr	0.955983070231565	0.0	*
p.Asp1407Trp	0.5686172517714786	0.0	*
p.Asp1407Tyr	0.6420491729102809	0.0	*
p.Asp1407Val	0.6541653193122177	0.0	*
p.Asp1408=	*	*	*
p.Asp1408Ala	0.9363001475246487	0.0	*
p.Asp1408Arg	0.9326831150030103	0.0	*
p.Asp1408Asn	0.9857564831109077	0.0	*
p.Asp1408Cys	0.9051841467753308	0.0	*
p.Asp1408Gln	0.8966703019357992	0.0	*
p.Asp1408Glu	0.8987062619590105	0.0	*
p.Asp1408Gly	0.9616803055516777	0.0	*
p.Asp1408His	0.8826470313809279	0.0	*
p.Asp1408Ile	0.762351122463081	0.0	*
p.Asp1408Leu	0.8843307981867206	0.0	*
p.Asp1408Lys	0.9764393023780337	0.0	*
p.Asp1408Met	0.9544775533305314	0.0	*
p.Asp1408Phe	0.8920542500968801	0.0	*
p.Asp1408Ser	0.9925740699779559	0.0	*
p.Asp1408Ter	0.0	0.0	*
p.Asp1408Thr	0.9779716787510276	0.0	*
p.Asp1408Trp	0.705496080210598	0.0	*
p.Asp1408Tyr	0.8076796419500544	0.0	*
p.Asp1408Val	0.7662371265536785	0.0	*
p.Asp1412=	*	*	*
p.Asp1412Ala	0.9843095454581188	0.0	*
p.Asp1412Arg	0.988696645106304	0.0	*
p.Asp1412Asn	0.9972864517100605	0.0	*
p.Asp1412Cys	0.973428517996897	0.0	*
p.Asp1412Gln	0.9718682844037652	0.0	*
p.Asp1412Glu	0.9889944334968603	0.0	*
p.Asp1412Gly	0.9923389068398808	0.0	*
p.Asp1412His	0.9814891848938129	0.0	*
p.Asp1412Ile	0.9483536772661074	0.0	*
p.Asp1412Leu	0.9782923421144386	0.0	*
p.Asp1412Lys	0.9929053424313695	0.0	*
p.Asp1412Met	0.9895015034737284	0.0	*
p.Asp1412Phe	0.9728029151557999	0.0	*
p.Asp1412Pro	0.9897354047247159	0.0	*
p.Asp1412Ser	0.9978272510171651	0.0	*
p.Asp1412Ter	0.0	0.0	*
p.Asp1412Thr	0.9966196353786578	0.0	*
p.Asp1412Trp	0.9436143170398966	0.0	*
p.Asp1412Tyr	0.9430180086339487	0.0	*
p.Asp1412Val	0.9591150103035606	0.0	*
p.Asp1420=	*	*	*
p.Asp1420Ala	0.9841378564175234	0.0	*
p.Asp1420Arg	0.9800170358464171	0.0	*
p.Asp1420Asn	0.9969252223312877	0.0	*
p.Asp1420Cys	0.9701902778643128	0.0	*
p.Asp1420Gln	0.9784403383558112	0.0	*
p.Asp1420Glu	0.9915215521771364	0.0	*
p.Asp1420Gly	0.9909022939732891	0.0	*
p.Asp1420His	0.9885899803064858	0.0	*
p.Asp1420Ile	0.9102418130927049	0.0	*
p.Asp1420Leu	0.9770853132496944	0.0	*
p.Asp1420Lys	0.9865488557868498	0.0	*
p.Asp1420Met	0.9793417542970375	0.0	*
p.Asp1420Phe	0.959208031717917	0.0	*
p.Asp1420Pro	0.9904161442703174	0.0	*
p.Asp1420Ser	0.9969527541034523	0.0	*
p.Asp1420Ter	0.0	0.0	*
p.Asp1420Thr	0.9940895000936425	0.0	*
p.Asp1420Trp	0.9439078986278872	0.0	*
p.Asp1420Tyr	0.9314585094840592	0.0	*
p.Asp1420Val	0.9573682929159079	0.0	*
p.Asp1436=	*	*	*
p.Asp1436Ala	0.6656384242162223	0.0	*
p.Asp1436Arg	0.686349463551144	0.0	*
p.Asp1436Asn	0.9384518024908783	0.0	*
p.Asp1436Cys	0.67065852037557	0.0	*
p.Asp1436Gln	0.4235744971697794	0.0	*
p.Asp1436Glu	0.7318536802062953	0.0	*
p.Asp1436Gly	0.7275085723155418	0.0	*
p.Asp1436His	0.5263340240674604	0.0	*
p.Asp1436Ile	0.38008827853172716	0.0	*
p.Asp1436Leu	0.5212782832049094	0.0	*
p.Asp1436Lys	0.7016240098534352	0.0	*
p.Asp1436Met	0.6777780777830562	0.0	*
p.Asp1436Phe	0.4710121505828271	0.0	*
p.Asp1436Pro	0.7243618184909403	0.0	*
p.Asp1436Ser	0.8175423636312511	0.0	*
p.Asp1436Ter	0.0	0.0	*
p.Asp1436Thr	0.827598661723824	0.0	*
p.Asp1436Trp	0.41643565023081086	0.0	*
p.Asp1436Tyr	0.388462172985821	0.0	*
p.Asp1436Val	0.4467927626403084	0.0	*
p.Asp1446=	*	*	*
p.Asp1446Ala	0.42438877772200084	0.0	*
p.Asp1446Arg	0.6706143525874849	0.0	*
p.Asp1446Asn	0.8707795319934166	0.0	*
p.Asp1446Cys	0.41203431881871205	0.0	*
p.Asp1446Gln	0.3933659391386188	0.0	*
p.Asp1446Glu	0.5965006077774497	0.0	*
p.Asp1446Gly	0.6259896543285788	0.0	*
p.Asp1446His	0.5236775840533859	0.0	*
p.Asp1446Ile	0.29912563882108684	0.0	*
p.Asp1446Leu	0.522518668590667	0.0	*
p.Asp1446Lys	0.5281486221401197	0.0	*
p.Asp1446Met	0.6330278146280767	0.0	*
p.Asp1446Phe	0.3913501007009097	0.0	*
p.Asp1446Pro	0.5950871090753848	0.0	*
p.Asp1446Ser	0.8759683089331154	0.0	*
p.Asp1446Ter	0.0	0.0	*
p.Asp1446Thr	0.8390811486142371	0.0	*
p.Asp1446Trp	0.4061264398345854	0.0	*
p.Asp1446Tyr	0.3689166327547732	0.0	*
p.Asp1446Val	0.5213965431534279	0.0	*
p.Asp1447=	*	*	*
p.Asp1447Ala	0.43196403594199356	0.0	*
p.Asp1447Arg	0.6198621736044997	0.0	*
p.Asp1447Asn	0.8471579442237192	0.0	*
p.Asp1447Cys	0.4049300605080832	0.0	*
p.Asp1447Gln	0.3249579706372572	0.0	*
p.Asp1447Glu	0.5598439308220226	0.0	*
p.Asp1447Gly	0.6858514738183148	0.0	*
p.Asp1447His	0.41581183730061405	0.0	*
p.Asp1447Ile	0.2761923916751873	0.0	*
p.Asp1447Leu	0.4337439721138259	0.0	*
p.Asp1447Lys	0.5229302891849843	0.0	*
p.Asp1447Met	0.5386980821759261	0.0	*
p.Asp1447Phe	0.39085348075313403	0.0	*
p.Asp1447Pro	0.5404742256214183	0.0	*
p.Asp1447Ser	0.7476504251546645	0.0	*
p.Asp1447Ter	0.0	0.0	*
p.Asp1447Thr	0.7672090019733115	0.0	*
p.Asp1447Trp	0.35702462398926926	0.0	*
p.Asp1447Tyr	0.31974617630138846	0.0	*
p.Asp1447Val	0.3820338728714077	0.0	*
p.Asp1448=	*	*	*
p.Asp1448Ala	0.7845052466766013	0.0	*
p.Asp1448Arg	0.8328811035958342	0.0	*
p.Asp1448Asn	0.9564283351603685	0.0	*
p.Asp1448Cys	0.7040589081279284	0.0	*
p.Asp1448Gln	0.6432082346689068	0.0	*
p.Asp1448Glu	0.895917923388125	0.0	*
p.Asp1448Gly	0.8808504316949683	0.0	*
p.Asp1448His	0.726970153144902	0.0	*
p.Asp1448Ile	0.5877874822822139	0.0	*
p.Asp1448Leu	0.6781994612332937	0.0	*
p.Asp1448Lys	0.8117376106705539	0.0	*
p.Asp1448Met	0.8010458236784728	0.0	*
p.Asp1448Phe	0.6519146926665441	0.0	*
p.Asp1448Pro	0.8226928469082856	0.0	*
p.Asp1448Ser	0.8707609375559162	0.0	*
p.Asp1448Ter	0.0	0.0	*
p.Asp1448Thr	0.9094739288435512	0.0	*
p.Asp1448Trp	0.5681677357332771	0.0	*
p.Asp1448Tyr	0.5315250595240736	0.0	*
p.Asp1448Val	0.5752011336026355	0.0	*
p.Asp1450=	*	*	*
p.Asp1450Ala	0.7081078820806802	0.0	*
p.Asp1450Arg	0.8727564342315154	0.0	*
p.Asp1450Asn	0.9651205178832257	0.0	*
p.Asp1450Cys	0.6634124058554796	0.0	*
p.Asp1450Gln	0.7163943989340462	0.0	*
p.Asp1450Glu	0.8379462071218541	0.0	*
p.Asp1450Gly	0.8401717803700249	0.0	*
p.Asp1450His	0.7510722062664155	0.0	*
p.Asp1450Ile	0.602912912349201	0.0	*
p.Asp1450Leu	0.654948288103724	0.0	*
p.Asp1450Lys	0.8389842561427534	0.0	*
p.Asp1450Met	0.802820764844901	0.0	*
p.Asp1450Phe	0.631302085113303	0.0	*
p.Asp1450Pro	0.8438315518918656	0.0	*
p.Asp1450Ser	0.9642415695793539	0.0	*
p.Asp1450Ter	0.0	0.0	*
p.Asp1450Thr	0.9486944693383054	0.0	*
p.Asp1450Trp	0.6049403177882419	0.0	*
p.Asp1450Tyr	0.5637883840548074	0.0	*
p.Asp1450Val	0.6590949568430031	0.0	*
p.Asp1460=	*	*	*
p.Asp1460Ala	0.8177584988673744	0.0	*
p.Asp1460Arg	0.9063063465835766	0.0	*
p.Asp1460Asn	0.9924063857832901	0.0	*
p.Asp1460Cys	0.6620351768346023	0.0	*
p.Asp1460Gln	0.8220417728327372	0.0	*
p.Asp1460Glu	0.9070302648726126	0.0	*
p.Asp1460Gly	0.9333381135926019	0.0	*
p.Asp1460His	0.858285675010268	0.0	*
p.Asp1460Ile	0.5732532704930802	0.0	*
p.Asp1460Leu	0.8322571549152578	0.0	*
p.Asp1460Lys	0.9620275503715527	0.0	*
p.Asp1460Met	0.9407010147759712	0.0	*
p.Asp1460Phe	0.8050270404833226	0.0	*
p.Asp1460Pro	0.9189342367151425	0.0	*
p.Asp1460Ser	0.9889470615945478	0.0	*
p.Asp1460Ter	0.0	0.0	*
p.Asp1460Thr	0.9657794193339081	0.0	*
p.Asp1460Trp	0.6024403276368933	0.0	*
p.Asp1460Tyr	0.6146335725459742	0.0	*
p.Asp1460Val	0.6681332587906247	0.0	*
p.Asp730=	*	*	*
p.Asp730Ala	0.5815596688613982	0.0	*
p.Asp730Arg	0.39015688375232455	0.0	*
p.Asp730Asn	0.793716213848246	0.0	*
p.Asp730Cys	0.3162739419022584	0.0	*
p.Asp730Gln	0.2325556676438126	0.0	*
p.Asp730Glu	0.27183407221408984	0.0	*
p.Asp730Gly	0.5793449693328011	0.0	*
p.Asp730His	0.313003048194438	0.0	*
p.Asp730Ile	0.18151030714048713	0.0	*
p.Asp730Leu	0.3437122009454547	0.0	*
p.Asp730Lys	0.5860206045398231	0.0	*
p.Asp730Met	0.604872986399523	0.0	*
p.Asp730Phe	0.32769524131281536	0.0	*
p.Asp730Pro	0.2015241205008502	0.0	*
p.Asp730Ser	0.7538955502945875	0.0	*
p.Asp730Ter	0.0	0.0	*
p.Asp730Thr	0.6585177264240164	0.0	*
p.Asp730Trp	0.18098348320092855	0.0	*
p.Asp730Tyr	0.18479185766531372	0.0	*
p.Asp730Val	0.2555980630308881	0.0	*
p.Asp765=	*	*	*
p.Asp765Ala	0.002463825552841446	0.0	*
p.Asp765Arg	0.0018681762152381997	0.0	*
p.Asp765Asn	0.006548946833750841	0.0	*
p.Asp765Cys	0.001263715038026175	0.0	*
p.Asp765Gln	0.0013541582866336522	0.0	*
p.Asp765Glu	0.0011568171466468436	0.0	*
p.Asp765Gly	0.0019025522191409333	0.0	*
p.Asp765His	0.0011643745427315443	0.0	*
p.Asp765Ile	0.0018098544014834546	0.0	*
p.Asp765Leu	0.001419974282291378	0.0	*
p.Asp765Lys	0.002041059243430842	0.0	*
p.Asp765Met	0.002638544597123666	0.0	*
p.Asp765Phe	0.0012811516024225616	0.0	*
p.Asp765Pro	0.0007055695317625042	0.0	*
p.Asp765Ser	0.0020824135656499023	0.0	*
p.Asp765Ter	0.0	0.0	*
p.Asp765Thr	0.0031604002984938215	0.0	*
p.Asp765Trp	0.0010056548378050397	0.0	*
p.Asp765Tyr	0.0014530809708061829	0.0	*
p.Asp765Val	0.0020398724331867815	0.0	*
p.Asp811=	*	*	*
p.Asp811Ala	0.299058728824265	0.0	*
p.Asp811Arg	0.44440119205073214	0.0	*
p.Asp811Asn	0.8262284768802617	0.0	*
p.Asp811Cys	0.24893195025427942	0.0	*
p.Asp811Gln	0.347219697977744	0.0	*
p.Asp811Glu	0.29486746225568844	0.0	*
p.Asp811Gly	0.3218657120974262	0.0	*
p.Asp811His	0.24505156306288312	0.0	*
p.Asp811Ile	0.11723372020166052	0.0	*
p.Asp811Leu	0.2431763552974587	0.0	*
p.Asp811Phe	0.20651812425948676	0.0	*
p.Asp811Pro	0.1459442483347491	0.0	*
p.Asp811Ser	0.7001646272311653	0.0	*
p.Asp811Ter	0.0	0.0	*
p.Asp811Thr	0.6145912175356025	0.0	*
p.Asp811Trp	0.12207530025194176	0.0	*
p.Asp811Tyr	0.16994507054827976	0.0	*
p.Asp811Val	0.18178971828005852	0.0	*
p.Asp829=	*	*	*
p.Asp829Ala	0.030920153247216947	0.0	*
p.Asp829Arg	0.04628416915758906	0.0	*
p.Asp829Asn	0.1401047236476862	0.0	*
p.Asp829Cys	0.022117260734812124	0.0	*
p.Asp829Gln	0.03132053708830412	0.0	*
p.Asp829Glu	0.023541514887867883	0.0	*
p.Asp829Gly	0.03763285459771492	0.0	*
p.Asp829His	0.025349254427987456	0.0	*
p.Asp829Ile	0.02130826492756784	0.0	*
p.Asp829Leu	0.02435482568356753	0.0	*
p.Asp829Lys	0.08505465278038356	0.0	*
p.Asp829Met	0.05653218758074401	0.0	*
p.Asp829Phe	0.04043084941761274	0.0	*
p.Asp829Pro	0.027781275267283065	0.0	*
p.Asp829Ser	0.09219303005842185	0.0	*
p.Asp829Ter	0.0	0.0	*
p.Asp829Thr	0.12588121776452169	0.0	*
p.Asp829Trp	0.020280296549574434	0.0	*
p.Asp829Tyr	0.03402664492838172	0.0	*
p.Asp829Val	0.033457317165156514	0.0	*
p.Asp842=	*	*	*
p.Asp842Ala	0.0024319912991724287	0.0	*
p.Asp842Arg	0.00375647603493271	0.0	*
p.Asp842Asn	0.013780344052309611	0.0	*
p.Asp842Cys	0.0014503344958634585	0.0	*
p.Asp842Gln	0.001615370531181711	0.0	*
p.Asp842Glu	0.001015278405148465	0.0	*
p.Asp842Gly	0.0027689887941486366	0.0	*
p.Asp842His	0.00089024704927974	0.0	*
p.Asp842Ile	0.002250154470221007	0.0	*
p.Asp842Leu	0.00285895524548418	0.0	*
p.Asp842Lys	0.0036609313877964144	0.0	*
p.Asp842Met	0.005206988098725712	0.0	*
p.Asp842Phe	0.002253567612862303	0.0	*
p.Asp842Pro	0.001484507584570223	0.0	*
p.Asp842Ser	0.005359348293301223	0.0	*
p.Asp842Ter	0.0	0.0	*
p.Asp842Thr	0.006199303445792657	0.0	*
p.Asp842Trp	0.0018185912168608353	0.0	*
p.Asp842Tyr	0.0023588643020049345	0.0	*
p.Asp842Val	0.003871757989873066	0.0	*
p.Asp853=	*	*	*
p.Asp853Ala	0.043819245999920535	0.0	*
p.Asp853Arg	0.05263766754641445	0.0	*
p.Asp853Asn	0.16309998209481427	0.0	*
p.Asp853Cys	0.015549664006808865	0.0	*
p.Asp853Gln	0.03140737451843622	0.0	*
p.Asp853Glu	0.02450717256996762	0.0	*
p.Asp853Gly	0.04091653637420228	0.0	*
p.Asp853His	0.027617505582914984	0.0	*
p.Asp853Ile	0.022374116304867513	0.0	*
p.Asp853Leu	0.03658021698410125	0.0	*
p.Asp853Lys	0.06761219236995843	0.0	*
p.Asp853Met	0.05127162381488081	0.0	*
p.Asp853Phe	0.037219248168129736	0.0	*
p.Asp853Pro	0.024690311044526392	0.0	*
p.Asp853Ser	0.1390693945012865	0.0	*
p.Asp853Ter	0.0	0.0	*
p.Asp853Thr	0.09644154833217194	0.0	*
p.Asp853Trp	0.02080544929995606	0.0	*
p.Asp853Tyr	0.034029487495485	0.0	*
p.Asp853Val	0.03804672362802352	0.0	*
p.Asp893=	*	*	*
p.Asp893Ala	0.008157730592582933	0.0	*
p.Asp893Arg	0.008654281238546157	0.0	*
p.Asp893Asn	0.025626951025904253	0.0	*
p.Asp893Cys	0.005245057513245398	0.0	*
p.Asp893Gln	0.008755299229584845	0.0	*
p.Asp893Glu	0.0066651470859559366	0.0	*
p.Asp893Gly	0.008274999312966198	0.0	*
p.Asp893His	0.0041485188803673636	0.0	*
p.Asp893Ile	0.005924295450594635	0.0	*
p.Asp893Leu	0.006528052436245378	0.0	*
p.Asp893Lys	0.008866572488458235	0.0	*
p.Asp893Met	0.009255929717141863	0.0	*
p.Asp893Phe	0.005117691257166858	0.0	*
p.Asp893Pro	0.005342860910694048	0.0	*
p.Asp893Ser	0.02746792571455937	0.0	*
p.Asp893Ter	0.0	0.0	*
p.Asp893Thr	0.01274642973901066	0.0	*
p.Asp893Trp	0.005125691222862902	0.0	*
p.Asp893Tyr	0.005599886668109089	0.0	*
p.Asp893Val	0.009556790853628483	0.0	*
p.Asp918=	*	*	*
p.Asp918Ala	0.008883006452583194	0.0	*
p.Asp918Arg	0.005890431487055726	0.0	*
p.Asp918Asn	0.022632253420770274	0.0	*
p.Asp918Cys	0.005598346636013937	0.0	*
p.Asp918Gln	0.007867159068688902	0.0	*
p.Asp918Glu	0.006531656961448435	0.0	*
p.Asp918Gly	0.005723653211526208	0.0	*
p.Asp918His	0.00593556500478391	0.0	*
p.Asp918Ile	0.005129689199402274	0.0	*
p.Asp918Leu	0.005719838714070632	0.0	*
p.Asp918Lys	0.011177764061559245	0.0	*
p.Asp918Met	0.009747030755220376	0.0	*
p.Asp918Phe	0.00589721094258147	0.0	*
p.Asp918Pro	0.0031692500153205263	0.0	*
p.Asp918Ser	0.02136208341463901	0.0	*
p.Asp918Ter	0.0	0.0	*
p.Asp918Thr	0.017152406370292864	0.0	*
p.Asp918Trp	0.0045442289163592645	0.0	*
p.Asp918Tyr	0.005151255253430479	0.0	*
p.Asp918Val	0.009527992529117691	0.0	*
p.Asp946=	*	*	*
p.Asp946Ala	0.8298177460745634	0.0	*
p.Asp946Arg	0.8268441868981578	0.0	*
p.Asp946Asn	0.9733811183643012	0.0	*
p.Asp946Cys	0.7407396558372307	0.0	*
p.Asp946Gln	0.6556829602422681	0.0	*
p.Asp946Glu	0.7334141532450359	0.0	*
p.Asp946Gly	0.9111464167541395	0.0	*
p.Asp946His	0.7102157862866292	0.0	*
p.Asp946Ile	0.5942040039262256	0.0	*
p.Asp946Leu	0.7591883253864037	0.0	*
p.Asp946Lys	0.913840922783424	0.0	*
p.Asp946Met	0.9183864612482656	0.0	*
p.Asp946Phe	0.7768506038854591	0.0	*
p.Asp946Pro	0.6765149303127426	0.0	*
p.Asp946Ser	0.9240796161180655	0.0	*
p.Asp946Ter	0.0	0.0	*
p.Asp946Thr	0.9257855454764868	0.0	*
p.Asp946Trp	0.5098152605338645	0.0	*
p.Asp946Tyr	0.6526918546824614	0.0	*
p.Asp946Val	0.6497936400699388	0.0	*
p.Cys1079=	*	*	*
p.Cys1079Ala	0.00907169846643527	0.0	*
p.Cys1079Arg	0.002485677812610593	0.0	*
p.Cys1079Asn	0.006204462469358741	0.0	*
p.Cys1079Asp	0.005746517370451578	0.0	*
p.Cys1079Gln	0.00621182931569799	0.0	*
p.Cys1079Glu	0.002927419972808975	0.0	*
p.Cys1079Gly	0.007978969745466122	0.0	*
p.Cys1079His	0.005753369015349735	0.0	*
p.Cys1079Ile	0.008477479518498272	0.0	*
p.Cys1079Leu	0.006325176494778815	0.0	*
p.Cys1079Lys	0.006383526298946692	0.0	*
p.Cys1079Met	0.007769725152457305	0.0	*
p.Cys1079Phe	0.004147643229960295	0.0	*
p.Cys1079Pro	0.002362209192715301	0.0	*
p.Cys1079Ser	0.015700201672798213	0.0	*
p.Cys1079Ter	0.0	0.0	*
p.Cys1079Thr	0.010406700232142187	0.0	*
p.Cys1079Trp	0.0040879114673345795	0.0	*
p.Cys1079Tyr	0.004779531115900343	0.0	*
p.Cys1079Val	0.00881845967194876	0.0	*
p.Cys1091=	*	*	*
p.Cys1091Ala	0.007488495307705701	0.0	*
p.Cys1091Arg	0.0018853977948003814	0.0	*
p.Cys1091Asn	0.003765607948704695	0.0	*
p.Cys1091Asp	0.001629772706213647	0.0	*
p.Cys1091Gln	0.005767822130413025	0.0	*
p.Cys1091Glu	0.0015317920645460557	0.0	*
p.Cys1091Gly	0.0044052109608758525	0.0	*
p.Cys1091His	0.004061881952259093	0.0	*
p.Cys1091Ile	0.003686759104978528	0.0	*
p.Cys1091Leu	0.00610983267091289	0.0	*
p.Cys1091Lys	0.003047364340303347	0.0	*
p.Cys1091Met	0.006084591088299315	0.0	*
p.Cys1091Phe	0.002190635025410442	0.0	*
p.Cys1091Pro	0.001109477362244211	0.0	*
p.Cys1091Ser	0.007579691128207062	0.0	*
p.Cys1091Ter	0.0	0.0	*
p.Cys1091Thr	0.003977566587230038	0.0	*
p.Cys1091Trp	0.0025085344295008405	0.0	*
p.Cys1091Tyr	0.002214754166782667	0.0	*
p.Cys1091Val	0.0044545879977911035	0.0	*
p.Cys1100=	*	*	*
p.Cys1100Ala	0.018963226936370967	0.0	*
p.Cys1100Arg	0.0032794804144085825	0.0	*
p.Cys1100Asn	0.005800474671316598	0.0	*
p.Cys1100Asp	0.0035305966862023935	0.0	*
p.Cys1100Gln	0.012997587913036127	0.0	*
p.Cys1100Glu	0.006042173278871435	0.0	*
p.Cys1100Gly	0.0046126384493866196	0.0	*
p.Cys1100His	0.014342357070398614	0.0	*
p.Cys1100Ile	0.007052684571324804	0.0	*
p.Cys1100Leu	0.00821531130213031	0.0	*
p.Cys1100Lys	0.0065024357229088205	0.0	*
p.Cys1100Met	0.008619109538656909	0.0	*
p.Cys1100Phe	0.004351307063358561	0.0	*
p.Cys1100Pro	0.003415315383856341	0.0	*
p.Cys1100Ser	0.007651906316566043	0.0	*
p.Cys1100Ter	0.0	0.0	*
p.Cys1100Thr	0.00612391880800134	0.0	*
p.Cys1100Trp	0.0031908382345313237	0.0	*
p.Cys1100Tyr	0.0036350253411675955	0.0	*
p.Cys1100Val	0.012556661577136922	0.0	*
p.Cys1104=	*	*	*
p.Cys1104Ala	0.0031976940866735516	0.0	*
p.Cys1104Arg	0.0005500944707650641	0.0	*
p.Cys1104Asn	0.001109477362244211	0.0	*
p.Cys1104Asp	0.0005910779692362025	0.0	*
p.Cys1104Gln	0.002466014508299005	0.0	*
p.Cys1104Glu	0.0007148973147674632	0.0	*
p.Cys1104Gly	0.0013907322878376665	0.0	*
p.Cys1104His	0.0021733371929960757	0.0	*
p.Cys1104Ile	0.0030543564931811234	0.0	*
p.Cys1104Leu	0.0025690547414541944	0.0	*
p.Cys1104Phe	0.001263715038026175	0.0	*
p.Cys1104Pro	0.0005991277978272551	0.0	*
p.Cys1104Ser	0.0023191271637091194	0.0	*
p.Cys1104Ter	0.0	0.0	*
p.Cys1104Thr	0.002056460985212881	0.0	*
p.Cys1104Trp	0.001053389941175899	0.0	*
p.Cys1104Tyr	0.0012840477965732314	0.0	*
p.Cys1104Val	0.0034024567816259657	0.0	*
p.Cys1189=	*	*	*
p.Cys1189Ala	0.05743780605791387	0.0	*
p.Cys1189Arg	0.009611527677777395	0.0	*
p.Cys1189Asn	0.017226682299431233	0.0	*
p.Cys1189Asp	0.004960194760860624	0.0	*
p.Cys1189Gln	0.02431585443761026	0.0	*
p.Cys1189Glu	0.0058141197958259516	0.0	*
p.Cys1189Gly	0.02376367771334159	0.0	*
p.Cys1189His	0.01980910221978805	0.0	*
p.Cys1189Ile	0.02756949900416898	0.0	*
p.Cys1189Leu	0.022297725265597375	0.0	*
p.Cys1189Met	0.060139611877340154	0.0	*
p.Cys1189Phe	0.011641743900681394	0.0	*
p.Cys1189Pro	0.003464652519343399	0.0	*
p.Cys1189Ser	0.03547552414796498	0.0	*
p.Cys1189Ter	0.0	0.0	*
p.Cys1189Thr	0.03283673797748576	0.0	*
p.Cys1189Trp	0.011324787093523619	0.0	*
p.Cys1189Tyr	0.012212267896208266	0.0	*
p.Cys1189Val	0.0456286305096767	0.0	*
p.Cys1375=	*	*	*
p.Cys1375Ala	0.9993910948574452	0.0	*
p.Cys1375Arg	0.9010879461321084	0.0	*
p.Cys1375Asn	0.9882208501633718	0.0	*
p.Cys1375Asp	0.9369512722599733	0.0	*
p.Cys1375Gln	0.9941094526257389	0.0	*
p.Cys1375Glu	0.9636336809276983	0.0	*
p.Cys1375Gly	0.9901612780254997	0.0	*
p.Cys1375His	0.9939248956125233	0.0	*
p.Cys1375Ile	0.9765287045441238	0.0	*
p.Cys1375Leu	0.9920460287832062	0.0	*
p.Cys1375Lys	0.9968747117532532	0.0	*
p.Cys1375Met	0.9974980166024928	0.0	*
p.Cys1375Phe	0.9889653397180974	0.0	*
p.Cys1375Pro	0.905169821043187	0.0	*
p.Cys1375Ser	0.990429802262833	0.0	*
p.Cys1375Ter	0.0	0.0	*
p.Cys1375Thr	0.996428466437419	0.0	*
p.Cys1375Trp	0.939549035458448	0.0	*
p.Cys1375Tyr	0.9146783264484499	0.0	*
p.Cys1375Val	0.974718100757972	0.0	*
p.Cys980=	*	*	*
p.Cys980Ala	0.007643148135635492	0.0	*
p.Cys980Arg	0.001515651600536592	0.0	*
p.Cys980Asn	0.0028968499062037656	0.0	*
p.Cys980Asp	0.0014571965175845564	0.0	*
p.Cys980Gln	0.0028115404466198647	0.0	*
p.Cys980Glu	0.0009519970137066973	0.0	*
p.Cys980Gly	0.00517596866369096	0.0	*
p.Cys980His	0.0019305916384003273	0.0	*
p.Cys980Ile	0.0035913612219025093	0.0	*
p.Cys980Leu	0.003577377967054824	0.0	*
p.Cys980Lys	0.002286448096647228	0.0	*
p.Cys980Met	0.00595807665736085	0.0	*
p.Cys980Phe	0.002305628878244201	0.0	*
p.Cys980Pro	0.0006011330087536937	0.0	*
p.Cys980Ser	0.006227287521419262	0.0	*
p.Cys980Ter	0.0	0.0	*
p.Cys980Thr	0.004110793976510996	0.0	*
p.Cys980Trp	0.002818777743300241	0.0	*
p.Cys980Tyr	0.0027324413154468656	0.0	*
p.Cys980Val	0.0052157228499076615	0.0	*
p.Cys983=	*	*	*
p.Cys983Ala	0.016903336645562192	0.0	*
p.Cys983Arg	0.002704103843840228	0.0	*
p.Cys983Asn	0.0049569500767549235	0.0	*
p.Cys983Asp	0.0024330919967702432	0.0	*
p.Cys983Gln	0.004626017428066787	0.0	*
p.Cys983Glu	0.0016997023846160955	0.0	*
p.Cys983Gly	0.010428829376455334	0.0	*
p.Cys983His	0.0030812622863577335	0.0	*
p.Cys983Ile	0.0076707555182001135	0.0	*
p.Cys983Leu	0.007610097776382556	0.0	*
p.Cys983Lys	0.004346158457350378	0.0	*
p.Cys983Met	0.019773917161734808	0.0	*
p.Cys983Phe	0.00515923286278209	0.0	*
p.Cys983Pro	0.0012314766342959025	0.0	*
p.Cys983Ser	0.02062589878837827	0.0	*
p.Cys983Ter	0.0	0.0	*
p.Cys983Thr	0.009355337670138856	0.0	*
p.Cys983Trp	0.006108349110238032	0.0	*
p.Cys983Tyr	0.006424235454910287	0.0	*
p.Cys983Val	0.013761494633562965	0.0	*
p.Cys985=	*	*	*
p.Cys985Ala	0.004081741413845127	0.0	*
p.Cys985Arg	0.0011537882613475016	0.0	*
p.Cys985Asn	0.0017073958458429551	0.0	*
p.Cys985Asp	0.001558532277553284	0.0	*
p.Cys985Gln	0.0029487378192968035	0.0	*
p.Cys985Glu	0.0013823290449062697	0.0	*
p.Cys985Gly	0.002622578709487338	0.0	*
p.Cys985His	0.0016493246351011554	0.0	*
p.Cys985Ile	0.002334272605221195	0.0	*
p.Cys985Leu	0.002967968631665926	0.0	*
p.Cys985Lys	0.001909883836346852	0.0	*
p.Cys985Met	0.0036766217779479996	0.0	*
p.Cys985Phe	0.0013555727623335715	0.0	*
p.Cys985Pro	0.000997604954278529	0.0	*
p.Cys985Ser	0.004910613862421029	0.0	*
p.Cys985Ter	0.0	0.0	*
p.Cys985Thr	0.0025085344295008405	0.0	*
p.Cys985Trp	0.0019717248145314542	0.0	*
p.Cys985Tyr	0.0016739488014600307	0.0	*
p.Cys985Val	0.0040069411684119	0.0	*
p.Gln1004=	*	*	*
p.Gln1004Ala	0.031037229597046065	0.0	*
p.Gln1004Arg	0.017324080356803367	0.0	*
p.Gln1004Asn	0.03776241857095964	0.0	*
p.Gln1004Asp	0.006219928524553726	0.0	*
p.Gln1004Cys	0.01158344442652881	0.0	*
p.Gln1004Glu	0.007890439624700875	0.0	*
p.Gln1004Gly	0.037887381101859935	0.0	*
p.Gln1004His	0.007981615825164382	0.0	*
p.Gln1004Ile	0.010653119590490446	0.0	*
p.Gln1004Leu	0.011929442379950687	0.0	*
p.Gln1004Lys	0.009595028995200768	0.0	*
p.Gln1004Met	0.02155777106084067	0.0	*
p.Gln1004Phe	0.009367693195555903	0.0	*
p.Gln1004Pro	0.0053090327695605516	0.0	*
p.Gln1004Ser	0.03269662344488544	0.0	*
p.Gln1004Ter	0.0	0.0	*
p.Gln1004Thr	0.03746730598304612	0.0	*
p.Gln1004Trp	0.013547087239263185	0.0	*
p.Gln1004Tyr	0.011194363267389547	0.0	*
p.Gln1004Val	0.04703508050491921	0.0	*
p.Gln1095=	*	*	*
p.Gln1095Ala	0.005066363808888672	0.0	*
p.Gln1095Arg	0.0032823851189947863	0.0	*
p.Gln1095Asn	0.008910157149991644	0.0	*
p.Gln1095Asp	0.003262999533210499	0.0	*
p.Gln1095Cys	0.002968979298882163	0.0	*
p.Gln1095Glu	0.0037555623204451765	0.0	*
p.Gln1095Gly	0.005260093954682473	0.0	*
p.Gln1095His	0.004363310339079721	0.0	*
p.Gln1095Ile	0.0032785119345185017	0.0	*
p.Gln1095Leu	0.0046860191416246725	0.0	*
p.Gln1095Lys	0.005032558790257948	0.0	*
p.Gln1095Met	0.0039050672433076535	0.0	*
p.Gln1095Phe	0.0034314782487150255	0.0	*
p.Gln1095Pro	0.0014654127106336447	0.0	*
p.Gln1095Ser	0.01256537586204353	0.0	*
p.Gln1095Ter	0.0	0.0	*
p.Gln1095Thr	0.007370490028757853	0.0	*
p.Gln1095Trp	0.0030323579418797676	0.0	*
p.Gln1095Tyr	0.0039882589772217035	0.0	*
p.Gln1095Val	0.007123676363811978	0.0	*
p.Gln1142=	*	*	*
p.Gln1142Ala	0.8162372996448285	0.0	*
p.Gln1142Arg	0.7347273334023697	0.0	*
p.Gln1142Asn	0.9133704381074614	0.0	*
p.Gln1142Asp	0.7722448006494724	0.0	*
p.Gln1142Cys	0.7269853639903533	0.0	*
p.Gln1142Glu	0.8357053008725854	0.0	*
p.Gln1142Gly	0.89041521289846	0.0	*
p.Gln1142His	0.6477650074622515	0.0	*
p.Gln1142Ile	0.38935555644690634	0.0	*
p.Gln1142Leu	0.6380626630365275	0.0	*
p.Gln1142Lys	0.7612768011582453	0.0	*
p.Gln1142Met	0.7870406975522579	0.0	*
p.Gln1142Phe	0.5089285215274035	0.0	*
p.Gln1142Pro	0.6022087720879065	0.0	*
p.Gln1142Ser	0.9162832339354786	0.0	*
p.Gln1142Ter	0.0	0.0	*
p.Gln1142Trp	0.45697255048242186	0.0	*
p.Gln1142Tyr	0.4996344394057987	0.0	*
p.Gln1142Val	0.6825713900428162	0.0	*
p.Gln1177=	*	*	*
p.Gln1177Ala	0.06443866338252018	0.0	*
p.Gln1177Arg	0.023812144175380363	0.0	*
p.Gln1177Asn	0.05982623267629129	0.0	*
p.Gln1177Asp	0.024207620071463994	0.0	*
p.Gln1177Cys	0.06249108489755091	0.0	*
p.Gln1177Glu	0.03565856460215625	0.0	*
p.Gln1177Gly	0.07820860736602812	0.0	*
p.Gln1177His	0.02591015317231451	0.0	*
p.Gln1177Ile	0.029656393887090963	0.0	*
p.Gln1177Leu	0.027468704665535575	0.0	*
p.Gln1177Lys	0.04039206490278375	0.0	*
p.Gln1177Met	0.04713200110240682	0.0	*
p.Gln1177Phe	0.027773329204839235	0.0	*
p.Gln1177Pro	0.009633507061184921	0.0	*
p.Gln1177Ser	0.10514990124733464	0.0	*
p.Gln1177Ter	0.0	0.0	*
p.Gln1177Thr	0.13700605934090077	0.0	*
p.Gln1177Trp	0.025809233958667705	0.0	*
p.Gln1177Tyr	0.02494333689850632	0.0	*
p.Gln1177Val	0.08578585543218722	0.0	*
p.Gln1200=	*	*	*
p.Gln1200Ala	0.034507372533530555	0.0	*
p.Gln1200Arg	0.034972254302784174	0.0	*
p.Gln1200Asn	0.04136611097523639	0.0	*
p.Gln1200Asp	0.027401485286877074	0.0	*
p.Gln1200Cys	0.02880271965295954	0.0	*
p.Gln1200Glu	0.030805111444681656	0.0	*
p.Gln1200Gly	0.03938465313966683	0.0	*
p.Gln1200His	0.027734941812417795	0.0	*
p.Gln1200Ile	0.017683612278078943	0.0	*
p.Gln1200Leu	0.01945083979843745	0.0	*
p.Gln1200Lys	0.03947005142458928	0.0	*
p.Gln1200Met	0.025148163535237397	0.0	*
p.Gln1200Phe	0.017394725055413018	0.0	*
p.Gln1200Pro	0.007763032470543954	0.0	*
p.Gln1200Ser	0.0820693454282271	0.0	*
p.Gln1200Ter	0.0	0.0	*
p.Gln1200Thr	0.05476965183757583	0.0	*
p.Gln1200Trp	0.016551921355067535	0.0	*
p.Gln1200Tyr	0.021182606305900947	0.0	*
p.Gln1200Val	0.03051046099279408	0.0	*
p.Gln1210=	*	*	*
p.Gln1210Ala	0.1551660603892373	0.0	*
p.Gln1210Arg	0.0611872629023852	0.0	*
p.Gln1210Asn	0.1352972853011899	0.0	*
p.Gln1210Asp	0.04394160145481832	0.0	*
p.Gln1210Cys	0.08941696982943505	0.0	*
p.Gln1210Glu	0.0494920873609643	0.0	*
p.Gln1210Gly	0.09939092183298043	0.0	*
p.Gln1210His	0.06275427510468783	0.0	*
p.Gln1210Ile	0.10605190413794723	0.0	*
p.Gln1210Leu	0.08416763502199366	0.0	*
p.Gln1210Lys	0.18044183443505177	0.0	*
p.Gln1210Met	0.11674217113458353	0.0	*
p.Gln1210Phe	0.0775915835927823	0.0	*
p.Gln1210Pro	0.01781768834058082	0.0	*
p.Gln1210Ser	0.2023364448639529	0.0	*
p.Gln1210Ter	0.0	0.0	*
p.Gln1210Thr	0.22040698171501297	0.0	*
p.Gln1210Trp	0.058847983451810804	0.0	*
p.Gln1210Tyr	0.05715274100187802	0.0	*
p.Gln1210Val	0.1385375931927446	0.0	*
p.Gln1233=	*	*	*
p.Gln1233Ala	0.030869416714360023	0.0	*
p.Gln1233Arg	0.012813197177043998	0.0	*
p.Gln1233Asn	0.027218172421808868	0.0	*
p.Gln1233Asp	0.008562706457261145	0.0	*
p.Gln1233Cys	0.020792944112999253	0.0	*
p.Gln1233Glu	0.008115744106161355	0.0	*
p.Gln1233Gly	0.028432079281182587	0.0	*
p.Gln1233His	0.006566217165129919	0.0	*
p.Gln1233Ile	0.012536499857679028	0.0	*
p.Gln1233Leu	0.014957805669153135	0.0	*
p.Gln1233Lys	0.017950632350041705	0.0	*
p.Gln1233Met	0.024004557621233723	0.0	*
p.Gln1233Phe	0.014127095246725528	0.0	*
p.Gln1233Pro	0.006161660535789237	0.0	*
p.Gln1233Ser	0.02436364178292967	0.0	*
p.Gln1233Ter	0.0	0.0	*
p.Gln1233Thr	0.03622034002006575	0.0	*
p.Gln1233Trp	0.01261244271074644	0.0	*
p.Gln1233Tyr	0.014079673622794374	0.0	*
p.Gln1233Val	0.04596072738691234	0.0	*
p.Gln1253=	*	*	*
p.Gln1253Ala	0.07978338609813916	0.0	*
p.Gln1253Arg	0.0796553495784191	0.0	*
p.Gln1253Asn	0.08250509817391889	0.0	*
p.Gln1253Asp	0.07675143100809577	0.0	*
p.Gln1253Cys	0.108676792965236	0.0	*
p.Gln1253Glu	0.061531693839877756	0.0	*
p.Gln1253Gly	0.12079150008745274	0.0	*
p.Gln1253His	0.06190527211897802	0.0	*
p.Gln1253Ile	0.05555998966016727	0.0	*
p.Gln1253Leu	0.05359915679273315	0.0	*
p.Gln1253Lys	0.11521771523373626	0.0	*
p.Gln1253Met	0.07574525062026832	0.0	*
p.Gln1253Phe	0.04807113634282181	0.0	*
p.Gln1253Pro	0.020575010906377467	0.0	*
p.Gln1253Ser	0.26835805254522827	0.0	*
p.Gln1253Ter	0.0	0.0	*
p.Gln1253Thr	0.25333762370565566	0.0	*
p.Gln1253Trp	0.0503907033044092	0.0	*
p.Gln1253Tyr	0.06329408573268552	0.0	*
p.Gln1253Val	0.1833197526934684	0.0	*
p.Gln1256=	*	*	*
p.Gln1256Ala	0.09190181091501658	0.0	*
p.Gln1256Arg	0.11880625401315167	0.0	*
p.Gln1256Asn	0.20002815131594673	0.0	*
p.Gln1256Asp	0.04949647521892981	0.0	*
p.Gln1256Cys	0.04212505881876719	0.0	*
p.Gln1256Glu	0.03894204432808431	0.0	*
p.Gln1256Gly	0.08859995119364951	0.0	*
p.Gln1256His	0.03064623273039422	0.0	*
p.Gln1256Ile	0.047118248837922386	0.0	*
p.Gln1256Leu	0.046655384020099375	0.0	*
p.Gln1256Lys	0.09969754034332554	0.0	*
p.Gln1256Met	0.09139602175513674	0.0	*
p.Gln1256Phe	0.05251632631882205	0.0	*
p.Gln1256Pro	0.016037962817256998	0.0	*
p.Gln1256Ser	0.1839846432091288	0.0	*
p.Gln1256Ter	0.0	0.0	*
p.Gln1256Thr	0.1561236266150921	0.0	*
p.Gln1256Trp	0.034378352088114454	0.0	*
p.Gln1256Tyr	0.0565933453509685	0.0	*
p.Gln1256Val	0.12525877225798188	0.0	*
p.Gln1277=	*	*	*
p.Gln1277Ala	0.043862756294697255	0.0	*
p.Gln1277Arg	0.02004819022536715	0.0	*
p.Gln1277Asn	0.04815781926481232	0.0	*
p.Gln1277Asp	0.026615695638341298	0.0	*
p.Gln1277Cys	0.0451940746695068	0.0	*
p.Gln1277Glu	0.05665461760260006	0.0	*
p.Gln1277Gly	0.03905381898355649	0.0	*
p.Gln1277His	0.04524361744768692	0.0	*
p.Gln1277Ile	0.02880729914571987	0.0	*
p.Gln1277Leu	0.04119422731495825	0.0	*
p.Gln1277Lys	0.05398839056590961	0.0	*
p.Gln1277Met	0.049400509502600644	0.0	*
p.Gln1277Phe	0.04959100065831434	0.0	*
p.Gln1277Pro	0.017261630142445118	0.0	*
p.Gln1277Ser	0.07554024779804996	0.0	*
p.Gln1277Ter	0.0	0.0	*
p.Gln1277Thr	0.1378976501117161	0.0	*
p.Gln1277Trp	0.040361356053154766	0.0	*
p.Gln1277Tyr	0.03605152585584447	0.0	*
p.Gln1277Val	0.1265575986127989	0.0	*
p.Gln1351=	*	*	*
p.Gln1351Ala	0.522507812841173	0.0	*
p.Gln1351Arg	0.14183208868124955	0.0	*
p.Gln1351Asn	0.432048632580488	0.0	*
p.Gln1351Asp	0.08014137180164241	0.0	*
p.Gln1351Cys	0.21500339151197032	0.0	*
p.Gln1351Glu	0.11869551211484983	0.0	*
p.Gln1351Gly	0.5208844785178575	0.0	*
p.Gln1351His	0.20839964816032228	0.0	*
p.Gln1351Ile	0.14011702575882173	0.0	*
p.Gln1351Leu	0.267492733576928	0.0	*
p.Gln1351Lys	0.37086789321752733	0.0	*
p.Gln1351Met	0.49977559345111733	0.0	*
p.Gln1351Phe	0.18288582669295358	0.0	*
p.Gln1351Pro	0.04952915195252552	0.0	*
p.Gln1351Ser	0.4980352780625594	0.0	*
p.Gln1351Ter	0.0	0.0	*
p.Gln1351Thr	0.42350154020271535	0.0	*
p.Gln1351Trp	0.1629501974380359	0.0	*
p.Gln1351Tyr	0.1361369834852074	0.0	*
p.Gln1351Val	0.35606502045566624	0.0	*
p.Gln1372=	*	*	*
p.Gln1372Ala	0.9940522716398709	0.0	*
p.Gln1372Arg	0.9471388610357294	0.0	*
p.Gln1372Asn	0.9923943301361895	0.0	*
p.Gln1372Asp	0.9288928955678128	0.0	*
p.Gln1372Cys	0.967226454219157	0.0	*
p.Gln1372Glu	0.977349809629251	0.0	*
p.Gln1372Gly	0.9906567812541274	0.0	*
p.Gln1372His	0.9900770985326511	0.0	*
p.Gln1372Ile	0.9500154870935896	0.0	*
p.Gln1372Leu	0.984876863994312	0.0	*
p.Gln1372Lys	0.994989535758202	0.0	*
p.Gln1372Met	0.9924827786158559	0.0	*
p.Gln1372Phe	0.9742089291456157	0.0	*
p.Gln1372Pro	0.7654376580107295	0.0	*
p.Gln1372Ser	0.9967881017328759	0.0	*
p.Gln1372Ter	0.0	0.0	*
p.Gln1372Thr	0.9957095304987251	0.0	*
p.Gln1372Trp	0.9394482850762115	0.0	*
p.Gln1372Tyr	0.9318584450943422	0.0	*
p.Gln1372Val	0.9821368813139658	0.0	*
p.Gln1387=	*	*	*
p.Gln1387Ala	0.998906928517801	0.0	*
p.Gln1387Arg	0.9943226453838292	0.0	*
p.Gln1387Asn	0.99900673344511	0.0	*
p.Gln1387Asp	0.9876741958590267	0.0	*
p.Gln1387Cys	0.9945355258040236	0.0	*
p.Gln1387Glu	0.9958712080735155	0.0	*
p.Gln1387Gly	0.9983136458965216	0.0	*
p.Gln1387His	0.9972551225984461	0.0	*
p.Gln1387Ile	0.976705938921178	0.0	*
p.Gln1387Leu	0.9964875946849776	0.0	*
p.Gln1387Lys	0.9983247522856367	0.0	*
p.Gln1387Met	0.9987846188686629	0.0	*
p.Gln1387Phe	0.9922092597034479	0.0	*
p.Gln1387Pro	0.9303442453712695	0.0	*
p.Gln1387Ser	0.998934896034221	0.0	*
p.Gln1387Ter	0.0	0.0	*
p.Gln1387Thr	0.9991247323360691	0.0	*
p.Gln1387Trp	0.9695984073117121	0.0	*
p.Gln1387Tyr	0.9838077169722113	0.0	*
p.Gln1387Val	0.992940580503568	0.0	*
p.Gln1399=	*	*	*
p.Gln1399Ala	0.9824692372022225	0.0	*
p.Gln1399Arg	0.9002782757724126	0.0	*
p.Gln1399Asn	0.9814188616783535	0.0	*
p.Gln1399Asp	0.8648855497463434	0.0	*
p.Gln1399Cys	0.9377843552965145	0.0	*
p.Gln1399Glu	0.9303826748225696	0.0	*
p.Gln1399Gly	0.9758070222741673	0.0	*
p.Gln1399His	0.959559651718467	0.0	*
p.Gln1399Ile	0.8670177296631159	0.0	*
p.Gln1399Leu	0.9262340438267714	0.0	*
p.Gln1399Lys	0.9505961375997499	0.0	*
p.Gln1399Met	0.9701507992812821	0.0	*
p.Gln1399Phe	0.8255382404535366	0.0	*
p.Gln1399Pro	0.7245769063534867	0.0	*
p.Gln1399Ser	0.9879904860303724	0.0	*
p.Gln1399Ter	0.0	0.0	*
p.Gln1399Thr	0.9863797261382404	0.0	*
p.Gln1399Trp	0.8471238084877574	0.0	*
p.Gln1399Tyr	0.7768805908480213	0.0	*
p.Gln1399Val	0.9231756714262934	0.0	*
p.Gln1421=	*	*	*
p.Gln1421Ala	0.9962435085846143	0.0	*
p.Gln1421Arg	0.9878451598401249	0.0	*
p.Gln1421Asn	0.996748910996655	0.0	*
p.Gln1421Asp	0.9946965324040586	0.0	*
p.Gln1421Cys	0.9953587166751933	0.0	*
p.Gln1421Glu	0.9972738783439375	0.0	*
p.Gln1421Gly	0.9961622662318406	0.0	*
p.Gln1421His	0.9902454963502472	0.0	*
p.Gln1421Ile	0.9675113149231318	0.0	*
p.Gln1421Leu	0.9894809243941463	0.0	*
p.Gln1421Lys	0.9960169088878407	0.0	*
p.Gln1421Met	0.9928422306251911	0.0	*
p.Gln1421Phe	0.9867953934990621	0.0	*
p.Gln1421Pro	0.9916213818883204	0.0	*
p.Gln1421Ser	0.9992242775162941	0.0	*
p.Gln1421Ter	0.0	0.0	*
p.Gln1421Thr	0.9989848193040054	0.0	*
p.Gln1421Trp	0.9713754560898679	0.0	*
p.Gln1421Tyr	0.978936017986454	0.0	*
p.Gln1421Val	0.9884393665767088	0.0	*
p.Gln1427=	*	*	*
p.Gln1427Ala	0.6616752019206624	0.0	*
p.Gln1427Arg	0.47071431771117683	0.0	*
p.Gln1427Asn	0.8081495222980457	0.0	*
p.Gln1427Asp	0.5165625481991662	0.0	*
p.Gln1427Cys	0.5133198188448542	0.0	*
p.Gln1427Glu	0.5632727641716868	0.0	*
p.Gln1427Gly	0.6787365994033426	0.0	*
p.Gln1427His	0.6423374587631876	0.0	*
p.Gln1427Ile	0.3825344880359148	0.0	*
p.Gln1427Leu	0.5920244103219744	0.0	*
p.Gln1427Lys	0.6936704497448829	0.0	*
p.Gln1427Met	0.7371511784920257	0.0	*
p.Gln1427Phe	0.41316936511818336	0.0	*
p.Gln1427Pro	0.29903143106251207	0.0	*
p.Gln1427Ser	0.9321037719158354	0.0	*
p.Gln1427Ter	0.0	0.0	*
p.Gln1427Thr	0.7750255324451938	0.0	*
p.Gln1427Trp	0.3672445434475326	0.0	*
p.Gln1427Tyr	0.39973707663186764	0.0	*
p.Gln1427Val	0.6064949818657721	0.0	*
p.Gln1463=	*	*	*
p.Gln1463Ala	0.8416607565083146	0.0	*
p.Gln1463Arg	0.8199210054373909	0.0	*
p.Gln1463Asp	0.7848263796898873	0.0	*
p.Gln1463Glu	0.9186547848739421	0.0	*
p.Gln1463Gly	0.8374394462803335	0.0	*
p.Gln1463His	0.8046754526453314	0.0	*
p.Gln1463Leu	0.7394881847231426	0.0	*
p.Gln1463Lys	0.8907604684396093	0.0	*
p.Gln1463Met	0.829119161310926	0.0	*
p.Gln1463Phe	0.7609167359438844	0.0	*
p.Gln1463Pro	0.6555166634959957	0.0	*
p.Gln1463Ser	0.8684831149768151	0.0	*
p.Gln1463Ter	0.0	0.0	*
p.Gln1463Trp	0.5559610461444632	0.0	*
p.Gln1463Tyr	0.7104318299309447	0.0	*
p.Gln1463Val	0.8219868638018029	0.0	*
p.Gln707Ala	0.053071334673075614	0.0	*
p.Gln707Arg	0.023882903834867655	0.0	*
p.Gln707Asp	0.023705005627874483	0.0	*
p.Gln707Cys	0.025217290256700782	0.0	*
p.Gln707Glu	0.01917022537314871	0.0	*
p.Gln707Gly	0.05962702705436376	0.0	*
p.Gln707His	0.015380776078747225	0.0	*
p.Gln707Ile	0.029587199969803475	0.0	*
p.Gln707Leu	0.03439285513150202	0.0	*
p.Gln707Met	0.05609066653019298	0.0	*
p.Gln707Phe	0.028278011770677156	0.0	*
p.Gln707Pro	0.014499697660370452	0.0	*
p.Gln707Ser	0.04679837043650196	0.0	*
p.Gln707Ter	0.0	0.0	*
p.Gln707Thr	0.10653299486845845	0.0	*
p.Gln707Trp	0.019555707630460377	0.0	*
p.Gln707Tyr	0.0329549857382508	0.0	*
p.Gln707Val	0.08936823174845865	0.0	*
p.Gln717=	*	*	*
p.Gln717Ala	0.1546875802514234	0.0	*
p.Gln717Arg	0.032594987899799074	0.0	*
p.Gln717Asn	0.12304585996688817	0.0	*
p.Gln717Asp	0.04053655942390345	0.0	*
p.Gln717Cys	0.12488717143428507	0.0	*
p.Gln717Glu	0.04995160594729278	0.0	*
p.Gln717Gly	0.2355421109179236	0.0	*
p.Gln717His	0.05275034997828975	0.0	*
p.Gln717Ile	0.0691374530998714	0.0	*
p.Gln717Leu	0.09718176971761443	0.0	*
p.Gln717Lys	0.09599786259953645	0.0	*
p.Gln717Met	0.21754586140034296	0.0	*
p.Gln717Phe	0.06532667364413129	0.0	*
p.Gln717Pro	0.016062234189648632	0.0	*
p.Gln717Ser	0.22319356068805077	0.0	*
p.Gln717Ter	0.0	0.0	*
p.Gln717Thr	0.2885408127052853	0.0	*
p.Gln717Trp	0.053355013241606346	0.0	*
p.Gln717Tyr	0.06795717398466702	0.0	*
p.Gln717Val	0.242879760137863	0.0	*
p.Gln799=	*	*	*
p.Gln799Ala	0.1620214853645072	0.0	*
p.Gln799Arg	0.06375946153256787	0.0	*
p.Gln799Asn	0.20918849846484747	0.0	*
p.Gln799Asp	0.0646861486615746	0.0	*
p.Gln799Cys	0.10458156659078431	0.0	*
p.Gln799Glu	0.0537135994458597	0.0	*
p.Gln799Gly	0.24012771187571605	0.0	*
p.Gln799His	0.07424668839887716	0.0	*
p.Gln799Ile	0.07711914406178828	0.0	*
p.Gln799Leu	0.13330512390285323	0.0	*
p.Gln799Lys	0.10630466944694777	0.0	*
p.Gln799Met	0.2371489036843662	0.0	*
p.Gln799Phe	0.06346814393360922	0.0	*
p.Gln799Pro	0.01846787108062336	0.0	*
p.Gln799Ser	0.2142975011251939	0.0	*
p.Gln799Ter	0.0	0.0	*
p.Gln799Thr	0.23123170912567384	0.0	*
p.Gln799Trp	0.06223386538186565	0.0	*
p.Gln799Tyr	0.06297633260504183	0.0	*
p.Gln799Val	0.18579759729059145	0.0	*
p.Gln819=	*	*	*
p.Gln819Ala	0.8192563548312045	0.0	*
p.Gln819Arg	0.7477585560709878	0.0	*
p.Gln819Asn	0.9227607832070025	0.0	*
p.Gln819Asp	0.6797227999117461	0.0	*
p.Gln819Cys	0.7245270888829342	0.0	*
p.Gln819Glu	0.6882469860680979	0.0	*
p.Gln819Gly	0.8748727225469136	0.0	*
p.Gln819His	0.71799477664345	0.0	*
p.Gln819Ile	0.26524355666795474	0.0	*
p.Gln819Leu	0.4887858536434657	0.0	*
p.Gln819Lys	0.8344190207645898	0.0	*
p.Gln819Met	0.7717900118557449	0.0	*
p.Gln819Phe	0.48998258586205157	0.0	*
p.Gln819Pro	0.3029629561224422	0.0	*
p.Gln819Ser	0.8665887319082913	0.0	*
p.Gln819Ter	0.0	0.0	*
p.Gln819Thr	0.8742250240154265	0.0	*
p.Gln819Trp	0.2954779229682487	0.0	*
p.Gln819Tyr	0.45940842130535786	0.0	*
p.Gln819Val	0.5010617069472297	0.0	*
p.Gln826=	*	*	*
p.Gln826Ala	0.2082439641695829	0.0	*
p.Gln826Arg	0.0362746350562276	0.0	*
p.Gln826Asn	0.07721508153242963	0.0	*
p.Gln826Asp	0.03386979053409473	0.0	*
p.Gln826Cys	0.14258228045108762	0.0	*
p.Gln826Glu	0.04669743094676757	0.0	*
p.Gln826Gly	0.261454761566422	0.0	*
p.Gln826His	0.06791463737625829	0.0	*
p.Gln826Ile	0.06477057605130006	0.0	*
p.Gln826Leu	0.08035268750781673	0.0	*
p.Gln826Lys	0.12583577959982103	0.0	*
p.Gln826Met	0.1303173703911748	0.0	*
p.Gln826Phe	0.07280610813005471	0.0	*
p.Gln826Pro	0.018125298428799126	0.0	*
p.Gln826Ser	0.3515705624976241	0.0	*
p.Gln826Ter	0.0	0.0	*
p.Gln826Thr	0.2873455458963565	0.0	*
p.Gln826Trp	0.0729390400995555	0.0	*
p.Gln826Tyr	0.06096825025113626	0.0	*
p.Gln826Val	0.2484677631025363	0.0	*
p.Gln898=	*	*	*
p.Gln898Ala	0.10726625107591027	0.0	*
p.Gln898Arg	0.035242915061840095	0.0	*
p.Gln898Asn	0.12039565806325006	0.0	*
p.Gln898Asp	0.021634840781748033	0.0	*
p.Gln898Cys	0.023841948685036276	0.0	*
p.Gln898Glu	0.049337346521118396	0.0	*
p.Gln898Gly	0.14209793956005345	0.0	*
p.Gln898His	0.07168569631666685	0.0	*
p.Gln898Ile	0.04566356257832379	0.0	*
p.Gln898Leu	0.09013497931194528	0.0	*
p.Gln898Lys	0.08758631565122661	0.0	*
p.Gln898Met	0.12992412114576612	0.0	*
p.Gln898Phe	0.06210817346339593	0.0	*
p.Gln898Pro	0.012877660467218263	0.0	*
p.Gln898Ser	0.11264596964157839	0.0	*
p.Gln898Ter	0.0	0.0	*
p.Gln898Thr	0.20941132034108392	0.0	*
p.Gln898Trp	0.033846645093204064	0.0	*
p.Gln898Tyr	0.05977000372645756	0.0	*
p.Gln898Val	0.25213857291401903	0.0	*
p.Gln907=	*	*	*
p.Gln907Ala	0.05037839069020482	0.0	*
p.Gln907Arg	0.049944220913232716	0.0	*
p.Gln907Asn	0.07125991716285149	0.0	*
p.Gln907Asp	0.020111888964642766	0.0	*
p.Gln907Cys	0.027225405611751286	0.0	*
p.Gln907Glu	0.02249029720381917	0.0	*
p.Gln907Gly	0.048466028442689435	0.0	*
p.Gln907His	0.024171015874014146	0.0	*
p.Gln907Ile	0.028250887921763914	0.0	*
p.Gln907Leu	0.027575720499048387	0.0	*
p.Gln907Lys	0.046792016018892595	0.0	*
p.Gln907Met	0.04843045004756075	0.0	*
p.Gln907Phe	0.02496484604894853	0.0	*
p.Gln907Pro	0.007888445302791073	0.0	*
p.Gln907Ser	0.11435994871022863	0.0	*
p.Gln907Ter	0.0	0.0	*
p.Gln907Thr	0.08575298131735605	0.0	*
p.Gln907Trp	0.021783036604979412	0.0	*
p.Gln907Tyr	0.03101172199627265	0.0	*
p.Gln907Val	0.06128601276069138	0.0	*
p.Gln914=	*	*	*
p.Gln914Ala	0.03248796109122841	0.0	*
p.Gln914Arg	0.013573703941010576	0.0	*
p.Gln914Asn	0.022745121890043463	0.0	*
p.Gln914Asp	0.013114102392933315	0.0	*
p.Gln914Cys	0.022151439410718475	0.0	*
p.Gln914Glu	0.015450120774283423	0.0	*
p.Gln914Gly	0.04348296994542558	0.0	*
p.Gln914His	0.011407501281970009	0.0	*
p.Gln914Ile	0.011290032600373647	0.0	*
p.Gln914Leu	0.017992440996493175	0.0	*
p.Gln914Lys	0.028933875051767477	0.0	*
p.Gln914Met	0.025717761082622095	0.0	*
p.Gln914Phe	0.014805610141778605	0.0	*
p.Gln914Pro	0.006754572544449367	0.0	*
p.Gln914Ser	0.060726170003356214	0.0	*
p.Gln914Ter	0.0	0.0	*
p.Gln914Thr	0.04808722215508119	0.0	*
p.Gln914Trp	0.01281049694130017	0.0	*
p.Gln914Tyr	0.013727170745998782	0.0	*
p.Gln914Val	0.036356530454766174	0.0	*
p.Gln915=	*	*	*
p.Gln915Ala	0.03135513722762587	0.0	*
p.Gln915Arg	0.015118899680905665	0.0	*
p.Gln915Asn	0.036629635074907074	0.0	*
p.Gln915Asp	0.015861459887308336	0.0	*
p.Gln915Cys	0.030913674291851233	0.0	*
p.Gln915Glu	0.017330723363625795	0.0	*
p.Gln915Gly	0.0444000927185524	0.0	*
p.Gln915His	0.014343386155357846	0.0	*
p.Gln915Ile	0.016664265745711688	0.0	*
p.Gln915Leu	0.017822376677201986	0.0	*
p.Gln915Lys	0.035833210314050776	0.0	*
p.Gln915Met	0.030104201891472386	0.0	*
p.Gln915Phe	0.015858009976028743	0.0	*
p.Gln915Pro	0.007367752032588408	0.0	*
p.Gln915Ser	0.055611528417497884	0.0	*
p.Gln915Ter	0.0	0.0	*
p.Gln915Thr	0.049888139666972926	0.0	*
p.Gln915Trp	0.01211867624291316	0.0	*
p.Gln915Tyr	0.011890716526771213	0.0	*
p.Gln915Val	0.03566535548492187	0.0	*
p.Gln951=	*	*	*
p.Gln951Ala	0.97396301440407	0.0	*
p.Gln951Arg	0.9570307836186742	0.0	*
p.Gln951Asn	0.992113976779039	0.0	*
p.Gln951Asp	0.9086818576092806	0.0	*
p.Gln951Cys	0.9490525325719028	0.0	*
p.Gln951Glu	0.9409073637944324	0.0	*
p.Gln951Gly	0.9896948791845892	0.0	*
p.Gln951His	0.9454109930960652	0.0	*
p.Gln951Ile	0.8998089997810146	0.0	*
p.Gln951Leu	0.9458687252341735	0.0	*
p.Gln951Lys	0.9846122699826322	0.0	*
p.Gln951Met	0.9902539599126349	0.0	*
p.Gln951Phe	0.923769753431473	0.0	*
p.Gln951Pro	0.7423059809471733	0.0	*
p.Gln951Ser	0.9859726308935253	0.0	*
p.Gln951Ter	0.0	0.0	*
p.Gln951Thr	0.9929856944977749	0.0	*
p.Gln951Trp	0.8506505632278688	0.0	*
p.Gln951Tyr	0.8887842293141693	0.0	*
p.Gln951Val	0.9594857562175849	0.0	*
p.Gln963=	*	*	*
p.Gln963Ala	0.9026252217954529	0.0	*
p.Gln963Arg	0.6645173637640375	0.0	*
p.Gln963Asn	0.8927065337958506	0.0	*
p.Gln963Asp	0.7378353648559659	0.0	*
p.Gln963Cys	0.8727950902393712	0.0	*
p.Gln963Glu	0.7511431471291535	0.0	*
p.Gln963Gly	0.9442025529162605	0.0	*
p.Gln963His	0.8222501405741968	0.0	*
p.Gln963Ile	0.5573949422448701	0.0	*
p.Gln963Leu	0.6149489341211204	0.0	*
p.Gln963Lys	0.8962732882868685	0.0	*
p.Gln963Met	0.8499162879175658	0.0	*
p.Gln963Phe	0.6546475863028793	0.0	*
p.Gln963Pro	0.4444544084235987	0.0	*
p.Gln963Ser	0.9362818648287605	0.0	*
p.Gln963Ter	0.0	0.0	*
p.Gln963Thr	0.9232178121363465	0.0	*
p.Gln963Trp	0.49197027137113564	0.0	*
p.Gln963Tyr	0.5444948027193689	0.0	*
p.Gln963Val	0.6928544852981909	0.0	*
p.Gln973=	*	*	*
p.Gln973Ala	0.21980817991991528	0.0	*
p.Gln973Arg	0.06824749223513492	0.0	*
p.Gln973Asn	0.22966996164527226	0.0	*
p.Gln973Asp	0.055336465809838316	0.0	*
p.Gln973Cys	0.1180521246173722	0.0	*
p.Gln973Glu	0.04804845908914728	0.0	*
p.Gln973Gly	0.2878891643673166	0.0	*
p.Gln973His	0.055669089418851084	0.0	*
p.Gln973Ile	0.06292119101470411	0.0	*
p.Gln973Leu	0.10551256462618126	0.0	*
p.Gln973Lys	0.11007963911744133	0.0	*
p.Gln973Met	0.19754304157623268	0.0	*
p.Gln973Phe	0.0722919879523976	0.0	*
p.Gln973Pro	0.02008361384920736	0.0	*
p.Gln973Ser	0.2401850732408362	0.0	*
p.Gln973Ter	0.0	0.0	*
p.Gln973Thr	0.21974108849044638	0.0	*
p.Gln973Trp	0.06768299548259939	0.0	*
p.Gln973Tyr	0.07646259312121059	0.0	*
p.Gln973Val	0.15979706051771037	0.0	*
p.Glu1016=	*	*	*
p.Glu1016Ala	0.05048990795480494	0.0	*
p.Glu1016Arg	0.008984168010600944	0.0	*
p.Glu1016Asn	0.025118628489644954	0.0	*
p.Glu1016Asp	0.008170177501589332	0.0	*
p.Glu1016Cys	0.035991883894855296	0.0	*
p.Glu1016Gln	0.02492547420472296	0.0	*
p.Glu1016Gly	0.037442924138728094	0.0	*
p.Glu1016His	0.01411828983716272	0.0	*
p.Glu1016Ile	0.0741881817988582	0.0	*
p.Glu1016Leu	0.05620161590857577	0.0	*
p.Glu1016Lys	0.02101536351630041	0.0	*
p.Glu1016Met	0.049062023524142795	0.0	*
p.Glu1016Phe	0.01760498378317688	0.0	*
p.Glu1016Pro	0.00787447899272815	0.0	*
p.Glu1016Ser	0.03751860500349903	0.0	*
p.Glu1016Ter	0.0	0.0	*
p.Glu1016Thr	0.022150585219360672	0.0	*
p.Glu1016Trp	0.02635954995082842	0.0	*
p.Glu1016Tyr	0.016509072107943674	0.0	*
p.Glu1016Val	0.02940076644768178	0.0	*
p.Glu1064=	*	*	*
p.Glu1064Ala	0.003121927935934676	0.0	*
p.Glu1064Arg	0.0015943230461878926	0.0	*
p.Glu1064Asp	0.0010375831358445883	0.0	*
p.Glu1064Cys	0.0017557817507678573	0.0	*
p.Glu1064Gln	0.002758567855753338	0.0	*
p.Glu1064Gly	0.001693279749552657	0.0	*
p.Glu1064His	0.001504850268791744	0.0	*
p.Glu1064Ile	0.00672149831085646	0.0	*
p.Glu1064Leu	0.0024550613793896054	0.0	*
p.Glu1064Lys	0.0025948052896797025	0.0	*
p.Glu1064Met	0.003233828197600871	0.0	*
p.Glu1064Phe	0.0019208587098189225	0.0	*
p.Glu1064Pro	0.0008318396101977376	0.0	*
p.Glu1064Ser	0.005510261750596098	0.0	*
p.Glu1064Ter	0.0	0.0	*
p.Glu1064Thr	0.0037207701688673337	0.0	*
p.Glu1064Trp	0.0024976615070973307	0.0	*
p.Glu1064Tyr	0.002101201382517495	0.0	*
p.Glu1064Val	0.00315350983692434	0.0	*
p.Glu1068=	*	*	*
p.Glu1068Ala	0.030480668215989437	0.0	*
p.Glu1068Arg	0.021117913427559094	0.0	*
p.Glu1068Asn	0.03378786078843342	0.0	*
p.Glu1068Asp	0.016703569862444635	0.0	*
p.Glu1068Cys	0.015097010080720886	0.0	*
p.Glu1068Gln	0.025442098356139184	0.0	*
p.Glu1068Gly	0.019549850421607857	0.0	*
p.Glu1068His	0.015475530348591084	0.0	*
p.Glu1068Ile	0.034920439177918164	0.0	*
p.Glu1068Leu	0.020304907467561542	0.0	*
p.Glu1068Lys	0.02467420521338165	0.0	*
p.Glu1068Met	0.026966844215143997	0.0	*
p.Glu1068Phe	0.01468993998847455	0.0	*
p.Glu1068Pro	0.00861974957267535	0.0	*
p.Glu1068Ser	0.04918194225495944	0.0	*
p.Glu1068Ter	0.0	0.0	*
p.Glu1068Thr	0.027466952012525768	0.0	*
p.Glu1068Trp	0.01574052073403316	0.0	*
p.Glu1068Tyr	0.01176469202387899	0.0	*
p.Glu1068Val	0.016788312609265412	0.0	*
p.Glu1081=	*	*	*
p.Glu1081Ala	0.027021779082904304	0.0	*
p.Glu1081Arg	0.004334994164785261	0.0	*
p.Glu1081Asn	0.011089151468101873	0.0	*
p.Glu1081Asp	0.0043812887720087994	0.0	*
p.Glu1081Cys	0.004992591767044976	0.0	*
p.Glu1081Gln	0.02924700787119394	0.0	*
p.Glu1081Gly	0.00941149905384743	0.0	*
p.Glu1081His	0.007845848122593962	0.0	*
p.Glu1081Ile	0.012156536589890375	0.0	*
p.Glu1081Leu	0.016722363949299414	0.0	*
p.Glu1081Met	0.015420952425070656	0.0	*
p.Glu1081Phe	0.008125593026845936	0.0	*
p.Glu1081Pro	0.0028640886794484358	0.0	*
p.Glu1081Ser	0.03663497120733435	0.0	*
p.Glu1081Ter	0.0	0.0	*
p.Glu1081Thr	0.009242268087557178	0.0	*
p.Glu1081Trp	0.006609308125710369	0.0	*
p.Glu1081Tyr	0.005699985717358238	0.0	*
p.Glu1081Val	0.0073766489270703315	0.0	*
p.Glu1082=	*	*	*
p.Glu1082Ala	0.006407529039751044	0.0	*
p.Glu1082Arg	0.0032688203800584326	0.0	*
p.Glu1082Asn	0.006938947150660447	0.0	*
p.Glu1082Asp	0.003600670439893641	0.0	*
p.Glu1082Cys	0.0036655491953914814	0.0	*
p.Glu1082Gln	0.007566160276418523	0.0	*
p.Glu1082Gly	0.003739099124438567	0.0	*
p.Glu1082His	0.004079977807255431	0.0	*
p.Glu1082Ile	0.008797850757616176	0.0	*
p.Glu1082Leu	0.006284194060711258	0.0	*
p.Glu1082Lys	0.0049739745363064835	0.0	*
p.Glu1082Met	0.006168310550829472	0.0	*
p.Glu1082Phe	0.003100135762010991	0.0	*
p.Glu1082Pro	0.002229628768431085	0.0	*
p.Glu1082Ser	0.006970873688581983	0.0	*
p.Glu1082Ter	0.0	0.0	*
p.Glu1082Thr	0.004431631472795298	0.0	*
p.Glu1082Trp	0.0032523164029923577	0.0	*
p.Glu1082Tyr	0.004167763205243223	0.0	*
p.Glu1082Val	0.004025586103136502	0.0	*
p.Glu1086=	*	*	*
p.Glu1086Ala	0.012136369128044342	0.0	*
p.Glu1086Arg	0.00534914438606777	0.0	*
p.Glu1086Asn	0.00932194275111998	0.0	*
p.Glu1086Asp	0.003931985591878446	0.0	*
p.Glu1086Cys	0.004423967971285256	0.0	*
p.Glu1086Gln	0.01595940192228806	0.0	*
p.Glu1086Gly	0.007604695960073024	0.0	*
p.Glu1086His	0.006608590930969718	0.0	*
p.Glu1086Ile	0.012919124293331212	0.0	*
p.Glu1086Leu	0.009754315791194802	0.0	*
p.Glu1086Met	0.011278057328584916	0.0	*
p.Glu1086Phe	0.005749562977960269	0.0	*
p.Glu1086Pro	0.00275961070808664	0.0	*
p.Glu1086Ser	0.018699491845057592	0.0	*
p.Glu1086Ter	0.0	0.0	*
p.Glu1086Thr	0.008724123271315455	0.0	*
p.Glu1086Trp	0.005136083185954978	0.0	*
p.Glu1086Tyr	0.0037014830241716553	0.0	*
p.Glu1086Val	0.007071506214864341	0.0	*
p.Glu1110=	*	*	*
p.Glu1110Ala	0.0032016088890896776	0.0	*
p.Glu1110Arg	0.0029406245472260104	0.0	*
p.Glu1110Asn	0.003328711843127973	0.0	*
p.Glu1110Asp	0.005931809506390399	0.0	*
p.Glu1110Cys	0.003722604803582311	0.0	*
p.Glu1110Gln	0.0045155593630850244	0.0	*
p.Glu1110Gly	0.004749825450996479	0.0	*
p.Glu1110His	0.0030723049153158163	0.0	*
p.Glu1110Ile	0.005678189674528016	0.0	*
p.Glu1110Leu	0.003969539204800569	0.0	*
p.Glu1110Lys	0.005226037662416516	0.0	*
p.Glu1110Met	0.004145891691407032	0.0	*
p.Glu1110Phe	0.003308478121215727	0.0	*
p.Glu1110Pro	0.002064733776102555	0.0	*
p.Glu1110Ser	0.008762291373854309	0.0	*
p.Glu1110Ter	0.0	0.0	*
p.Glu1110Thr	0.007974999920592798	0.0	*
p.Glu1110Trp	0.0037363522392943457	0.0	*
p.Glu1110Tyr	0.0039292973172035004	0.0	*
p.Glu1110Val	0.0062250802138705845	0.0	*
p.Glu1117=	*	*	*
p.Glu1117Ala	0.06542699057563474	0.0	*
p.Glu1117Arg	0.050413373160537525	0.0	*
p.Glu1117Asn	0.10771985540530597	0.0	*
p.Glu1117Asp	0.06963099299334216	0.0	*
p.Glu1117Cys	0.05857404133566728	0.0	*
p.Glu1117Gln	0.06840088300535979	0.0	*
p.Glu1117Gly	0.06909037687068346	0.0	*
p.Glu1117His	0.050277588956188515	0.0	*
p.Glu1117Ile	0.09382152335656806	0.0	*
p.Glu1117Leu	0.05617023278434519	0.0	*
p.Glu1117Lys	0.06102981243860254	0.0	*
p.Glu1117Met	0.06914702402276279	0.0	*
p.Glu1117Phe	0.04029412484761474	0.0	*
p.Glu1117Pro	0.02889996687663086	0.0	*
p.Glu1117Ser	0.13364435937242772	0.0	*
p.Glu1117Ter	0.0	0.0	*
p.Glu1117Thr	0.08112042470110764	0.0	*
p.Glu1117Trp	0.0411739277254949	0.0	*
p.Glu1117Tyr	0.04126949483182671	0.0	*
p.Glu1117Val	0.04807757094451047	0.0	*
p.Glu1129=	*	*	*
p.Glu1129Ala	0.511132421646147	0.0	*
p.Glu1129Arg	0.3278582988635036	0.0	*
p.Glu1129Asn	0.6842416556052041	0.0	*
p.Glu1129Asp	0.6353264671510624	0.0	*
p.Glu1129Cys	0.5123756686259935	0.0	*
p.Glu1129Gln	0.450916520903031	0.0	*
p.Glu1129Gly	0.6714192288162777	0.0	*
p.Glu1129His	0.4572178230468631	0.0	*
p.Glu1129Ile	0.43208605610752143	0.0	*
p.Glu1129Leu	0.3607734548562363	0.0	*
p.Glu1129Lys	0.6203859026062685	0.0	*
p.Glu1129Met	0.49088027571202986	0.0	*
p.Glu1129Phe	0.5273367560906806	0.0	*
p.Glu1129Pro	0.45054724622372877	0.0	*
p.Glu1129Ser	0.7391923318756146	0.0	*
p.Glu1129Ter	0.0	0.0	*
p.Glu1129Thr	0.6994371216439693	0.0	*
p.Glu1129Trp	0.4188310102120466	0.0	*
p.Glu1129Tyr	0.3329679996314562	0.0	*
p.Glu1129Val	0.3690613860207855	0.0	*
p.Glu1136=	*	*	*
p.Glu1136Ala	0.7228675193520492	0.0	*
p.Glu1136Arg	0.6567856814239137	0.0	*
p.Glu1136Asp	0.6689459566417137	0.0	*
p.Glu1136Cys	0.6837951588273418	0.0	*
p.Glu1136Gln	0.7129181711142986	0.0	*
p.Glu1136Gly	0.6925197793122136	0.0	*
p.Glu1136His	0.6614099349920181	0.0	*
p.Glu1136Ile	0.7696518131279596	0.0	*
p.Glu1136Leu	0.8233797061682886	0.0	*
p.Glu1136Lys	0.7154054733910837	0.0	*
p.Glu1136Met	0.789612265496041	0.0	*
p.Glu1136Phe	0.6573605169005126	0.0	*
p.Glu1136Pro	0.7658746946145792	0.0	*
p.Glu1136Ser	0.8367671934468798	0.0	*
p.Glu1136Ter	0.0	0.0	*
p.Glu1136Thr	0.8752824822518421	0.0	*
p.Glu1136Trp	0.6410055328126938	0.0	*
p.Glu1136Tyr	0.672922233828387	0.0	*
p.Glu1136Val	0.7911631439627206	0.0	*
p.Glu1152=	*	*	*
p.Glu1152Ala	0.7465189018120302	0.0	*
p.Glu1152Arg	0.4172575749833098	0.0	*
p.Glu1152Asn	0.8591727721958341	0.0	*
p.Glu1152Asp	0.4727887713938362	0.0	*
p.Glu1152Cys	0.6234044575719536	0.0	*
p.Glu1152Gln	0.7258493889711095	0.0	*
p.Glu1152Gly	0.738841279145051	0.0	*
p.Glu1152His	0.6165533989188138	0.0	*
p.Glu1152Ile	0.6911424283069192	0.0	*
p.Glu1152Leu	0.6366056532706638	0.0	*
p.Glu1152Lys	0.7264495538671395	0.0	*
p.Glu1152Met	0.7848863226018483	0.0	*
p.Glu1152Phe	0.5136840705327627	0.0	*
p.Glu1152Pro	0.320600703184124	0.0	*
p.Glu1152Ser	0.8267257232635621	0.0	*
p.Glu1152Ter	0.0	0.0	*
p.Glu1152Thr	0.7538781256895816	0.0	*
p.Glu1152Trp	0.38724942783246713	0.0	*
p.Glu1152Tyr	0.3740128365903938	0.0	*
p.Glu1152Val	0.5241898529626412	0.0	*
p.Glu1173=	*	*	*
p.Glu1173Ala	0.018216425253967328	0.0	*
p.Glu1173Arg	0.009292525151174538	0.0	*
p.Glu1173Asn	0.017756926527214358	0.0	*
p.Glu1173Asp	0.010464783199843777	0.0	*
p.Glu1173Cys	0.019891245844325584	0.0	*
p.Glu1173Gln	0.012765907759884624	0.0	*
p.Glu1173Gly	0.015976355608576246	0.0	*
p.Glu1173His	0.006811312718136095	0.0	*
p.Glu1173Ile	0.029545499318579943	0.0	*
p.Glu1173Leu	0.018400408097935094	0.0	*
p.Glu1173Lys	0.014330520317751344	0.0	*
p.Glu1173Met	0.017477067588861528	0.0	*
p.Glu1173Phe	0.012407024267576883	0.0	*
p.Glu1173Pro	0.006751730180810749	0.0	*
p.Glu1173Ser	0.02745526643394937	0.0	*
p.Glu1173Ter	0.0	0.0	*
p.Glu1173Thr	0.01814344643042425	0.0	*
p.Glu1173Trp	0.011938906688684501	0.0	*
p.Glu1173Tyr	0.014464597170201658	0.0	*
p.Glu1173Val	0.018160889098359063	0.0	*
p.Glu1201=	*	*	*
p.Glu1201Ala	0.01968347823707809	0.0	*
p.Glu1201Arg	0.0158892938389365	0.0	*
p.Glu1201Asn	0.0331819589004525	0.0	*
p.Glu1201Asp	0.01227971689570894	0.0	*
p.Glu1201Cys	0.01834487960851668	0.0	*
p.Glu1201Gln	0.02236369626616132	0.0	*
p.Glu1201Gly	0.01415686083755924	0.0	*
p.Glu1201His	0.011383083368138995	0.0	*
p.Glu1201Ile	0.027745219456248273	0.0	*
p.Glu1201Leu	0.016183356305269767	0.0	*
p.Glu1201Lys	0.014811700658189928	0.0	*
p.Glu1201Met	0.022897556901004236	0.0	*
p.Glu1201Phe	0.009498542919644604	0.0	*
p.Glu1201Pro	0.005869318419735765	0.0	*
p.Glu1201Ser	0.03234012071626467	0.0	*
p.Glu1201Ter	0.0	0.0	*
p.Glu1201Thr	0.016588922260821332	0.0	*
p.Glu1201Trp	0.01261950983214963	0.0	*
p.Glu1201Tyr	0.014655290281518947	0.0	*
p.Glu1201Val	0.013685198472667071	0.0	*
p.Glu1242=	*	*	*
p.Glu1242Ala	0.24833369477905415	0.0	*
p.Glu1242Arg	0.09245734883609709	0.0	*
p.Glu1242Asn	0.3080071021938536	0.0	*
p.Glu1242Asp	0.14756526315041024	0.0	*
p.Glu1242Cys	0.19801258459228394	0.0	*
p.Glu1242Gln	0.20396054667422578	0.0	*
p.Glu1242Gly	0.28073584724596296	0.0	*
p.Glu1242His	0.18462707606483933	0.0	*
p.Glu1242Ile	0.20775869456308674	0.0	*
p.Glu1242Leu	0.141421237342986	0.0	*
p.Glu1242Lys	0.16248921661134988	0.0	*
p.Glu1242Met	0.24704599763274002	0.0	*
p.Glu1242Phe	0.13514542837413251	0.0	*
p.Glu1242Pro	0.058127639198686645	0.0	*
p.Glu1242Ser	0.2373776890234455	0.0	*
p.Glu1242Ter	0.0	0.0	*
p.Glu1242Thr	0.2441853930962553	0.0	*
p.Glu1242Trp	0.11801699136158281	0.0	*
p.Glu1242Tyr	0.11370162169398586	0.0	*
p.Glu1242Val	0.15228006371485062	0.0	*
p.Glu1254=	*	*	*
p.Glu1254Ala	0.08967561967275768	0.0	*
p.Glu1254Arg	0.0371415954872904	0.0	*
p.Glu1254Asp	0.05715188745144774	0.0	*
p.Glu1254Cys	0.04811555821498395	0.0	*
p.Glu1254Gln	0.11727209015156763	0.0	*
p.Glu1254Gly	0.07423486148453509	0.0	*
p.Glu1254His	0.05738513042320562	0.0	*
p.Glu1254Ile	0.07595417178941323	0.0	*
p.Glu1254Leu	0.05206025828306314	0.0	*
p.Glu1254Lys	0.07358951357495334	0.0	*
p.Glu1254Met	0.06011650512713195	0.0	*
p.Glu1254Phe	0.040635730305863815	0.0	*
p.Glu1254Pro	0.020545025703489365	0.0	*
p.Glu1254Ser	0.16851344355325856	0.0	*
p.Glu1254Ter	0.0	0.0	*
p.Glu1254Thr	0.09528983297890115	0.0	*
p.Glu1254Trp	0.047388344035027584	0.0	*
p.Glu1254Tyr	0.03614696902537903	0.0	*
p.Glu1254Val	0.05154375041970438	0.0	*
p.Glu1293=	*	*	*
p.Glu1293Ala	0.027266443263322584	0.0	*
p.Glu1293Arg	0.0184027202256892	0.0	*
p.Glu1293Asn	0.046308769620925866	0.0	*
p.Glu1293Asp	0.022319228219751925	0.0	*
p.Glu1293Cys	0.016955814248233534	0.0	*
p.Glu1293Gln	0.021431224299448978	0.0	*
p.Glu1293Gly	0.02767168866176021	0.0	*
p.Glu1293His	0.013603193361634125	0.0	*
p.Glu1293Ile	0.0358889712764199	0.0	*
p.Glu1293Leu	0.024772604788605164	0.0	*
p.Glu1293Lys	0.017715585756321033	0.0	*
p.Glu1293Met	0.02163570364103842	0.0	*
p.Glu1293Phe	0.016944797335987274	0.0	*
p.Glu1293Pro	0.0113472676848149	0.0	*
p.Glu1293Ser	0.04112905696197061	0.0	*
p.Glu1293Ter	0.0	0.0	*
p.Glu1293Thr	0.026307002638370786	0.0	*
p.Glu1293Trp	0.014006723216898281	0.0	*
p.Glu1293Tyr	0.023224154843890808	0.0	*
p.Glu1293Val	0.02509454439116785	0.0	*
p.Glu1382=	*	*	*
p.Glu1382Ala	0.9972145194422148	0.0	*
p.Glu1382Arg	0.9913310514001895	0.0	*
p.Glu1382Asn	0.9938190155014833	0.0	*
p.Glu1382Asp	0.993174761961583	0.0	*
p.Glu1382Cys	0.9967817092591411	0.0	*
p.Glu1382Gln	0.9970439116062543	0.0	*
p.Glu1382Gly	0.9978454174874261	0.0	*
p.Glu1382His	0.9980244018443911	0.0	*
p.Glu1382Ile	0.9960974040433953	0.0	*
p.Glu1382Leu	0.9986371708537235	0.0	*
p.Glu1382Lys	0.9975698983416937	0.0	*
p.Glu1382Met	0.9977195439060796	0.0	*
p.Glu1382Phe	0.9953779057886611	0.0	*
p.Glu1382Pro	0.9799015916958684	0.0	*
p.Glu1382Ser	0.9987247557655966	0.0	*
p.Glu1382Ter	0.0	0.0	*
p.Glu1382Thr	0.9989108523388505	0.0	*
p.Glu1382Trp	0.993515111475339	0.0	*
p.Glu1382Tyr	0.9920141264483079	0.0	*
p.Glu1382Val	0.9947197415252849	0.0	*
p.Glu1385=	*	*	*
p.Glu1385Ala	0.9923208228186924	0.0	*
p.Glu1385Arg	0.9705201972210411	0.0	*
p.Glu1385Asn	0.9841636084914264	0.0	*
p.Glu1385Asp	0.9770944575747598	0.0	*
p.Glu1385Cys	0.9816289837246125	0.0	*
p.Glu1385Gln	0.9917619066828298	0.0	*
p.Glu1385Gly	0.9838244813689082	0.0	*
p.Glu1385His	0.9854211598798113	0.0	*
p.Glu1385Ile	0.989137842858947	0.0	*
p.Glu1385Leu	0.990570734625368	0.0	*
p.Glu1385Lys	0.9917758079566888	0.0	*
p.Glu1385Met	0.9882995620691188	0.0	*
p.Glu1385Phe	0.9825261596137266	0.0	*
p.Glu1385Pro	0.9164625124857131	0.0	*
p.Glu1385Ser	0.9963773600338289	0.0	*
p.Glu1385Ter	0.0	0.0	*
p.Glu1385Thr	0.9947760697246382	0.0	*
p.Glu1385Trp	0.9718046329097636	0.0	*
p.Glu1385Tyr	0.9637052780799634	0.0	*
p.Glu1385Val	0.9727688861984318	0.0	*
p.Glu1461=	*	*	*
p.Glu1461Ala	0.7989152377119035	0.0	*
p.Glu1461Arg	0.8230915037390076	0.0	*
p.Glu1461Asn	0.9177386420654149	0.0	*
p.Glu1461Asp	0.8682767393740153	0.0	*
p.Glu1461Cys	0.705994378997641	0.0	*
p.Glu1461Gln	0.7761311399581658	0.0	*
p.Glu1461Gly	0.8683152590964583	0.0	*
p.Glu1461His	0.778492508819112	0.0	*
p.Glu1461Ile	0.7788252443591991	0.0	*
p.Glu1461Leu	0.7079369158794142	0.0	*
p.Glu1461Lys	0.8398116912460398	0.0	*
p.Glu1461Met	0.7999214939450898	0.0	*
p.Glu1461Phe	0.7248739604517583	0.0	*
p.Glu1461Pro	0.8260220794824381	0.0	*
p.Glu1461Ser	0.9090999658657047	0.0	*
p.Glu1461Ter	0.0	0.0	*
p.Glu1461Thr	0.9030319329558166	0.0	*
p.Glu1461Trp	0.5919036940531378	0.0	*
p.Glu1461Tyr	0.6584268985461901	0.0	*
p.Glu1461Val	0.5709997974993688	0.0	*
p.Glu1462=	*	*	*
p.Glu1462Ala	0.8510133292216217	0.0	*
p.Glu1462Arg	0.8656542566018294	0.0	*
p.Glu1462Asn	0.9168280399656173	0.0	*
p.Glu1462Asp	0.9024026089926688	0.0	*
p.Glu1462Cys	0.7997615285545628	0.0	*
p.Glu1462Gln	0.8708666579481849	0.0	*
p.Glu1462Gly	0.8843898188168239	0.0	*
p.Glu1462Ile	0.8269857724070292	0.0	*
p.Glu1462Leu	0.8329607469988418	0.0	*
p.Glu1462Lys	0.8568892084537012	0.0	*
p.Glu1462Met	0.82748028964093	0.0	*
p.Glu1462Phe	0.7767997411433285	0.0	*
p.Glu1462Ser	0.944711968110166	0.0	*
p.Glu1462Ter	0.0	0.0	*
p.Glu1462Thr	0.9234569536887681	0.0	*
p.Glu1462Trp	0.7188466867814888	0.0	*
p.Glu1462Tyr	0.7247382282426742	0.0	*
p.Glu1462Val	0.7098406382323339	0.0	*
p.Glu754=	*	*	*
p.Glu754Ala	0.19543669885786832	0.0	*
p.Glu754Arg	0.1539562483284976	0.0	*
p.Glu754Asp	0.13866605244499405	0.0	*
p.Glu754Cys	0.13725545446445842	0.0	*
p.Glu754Gly	0.2644791034178698	0.0	*
p.Glu754Ile	0.24274782220195723	0.0	*
p.Glu754Leu	0.14290430268827414	0.0	*
p.Glu754Met	0.2708606331324327	0.0	*
p.Glu754Phe	0.18644925554309105	0.0	*
p.Glu754Pro	0.07500472752216046	0.0	*
p.Glu754Ser	0.3015655082965866	0.0	*
p.Glu754Ter	0.0	0.0	*
p.Glu754Thr	0.33892961886077316	0.0	*
p.Glu754Val	0.1690702732415126	0.0	*
p.Glu757=	*	*	*
p.Glu757Ala	0.17854438504565526	0.0	*
p.Glu757Arg	0.1972030577953125	0.0	*
p.Glu757Asn	0.3302666733013137	0.0	*
p.Glu757Asp	0.13144629983804676	0.0	*
p.Glu757Cys	0.13170781551903146	0.0	*
p.Glu757Gln	0.22885727718694518	0.0	*
p.Glu757Gly	0.21523610368363463	0.0	*
p.Glu757His	0.12675787500050184	0.0	*
p.Glu757Ile	0.24872671745812253	0.0	*
p.Glu757Leu	0.17464950089165737	0.0	*
p.Glu757Lys	0.2954864358906426	0.0	*
p.Glu757Met	0.25097834763418636	0.0	*
p.Glu757Phe	0.19708222571941625	0.0	*
p.Glu757Pro	0.0825260030881651	0.0	*
p.Glu757Ser	0.4422428278854726	0.0	*
p.Glu757Ter	0.0	0.0	*
p.Glu757Thr	0.3334567433650053	0.0	*
p.Glu757Trp	0.1669186343027508	0.0	*
p.Glu757Tyr	0.16135746322089264	0.0	*
p.Glu757Val	0.1644556239315225	0.0	*
p.Glu781=	*	*	*
p.Glu781Ala	0.07164334802461055	0.0	*
p.Glu781Arg	0.021056845633135597	0.0	*
p.Glu781Asn	0.06403882920030936	0.0	*
p.Glu781Asp	0.03058674815120276	0.0	*
p.Glu781Cys	0.021689603126034306	0.0	*
p.Glu781Gln	0.03910120219483913	0.0	*
p.Glu781Gly	0.058788825692938425	0.0	*
p.Glu781His	0.04304024936857141	0.0	*
p.Glu781Ile	0.10521978267302959	0.0	*
p.Glu781Leu	0.04420842898272239	0.0	*
p.Glu781Lys	0.02974490645022834	0.0	*
p.Glu781Met	0.059734971258886486	0.0	*
p.Glu781Phe	0.02899022400978509	0.0	*
p.Glu781Pro	0.018326585721947397	0.0	*
p.Glu781Ser	0.07043641727021534	0.0	*
p.Glu781Ter	0.0	0.0	*
p.Glu781Thr	0.07275377851074727	0.0	*
p.Glu781Trp	0.022638600734419426	0.0	*
p.Glu781Tyr	0.027465004564077026	0.0	*
p.Glu781Val	0.03968486500929773	0.0	*
p.Glu790=	*	*	*
p.Glu790Ala	0.2783547805912763	0.0	*
p.Glu790Arg	0.16336754141020796	0.0	*
p.Glu790Asn	0.23473959151630616	0.0	*
p.Glu790Asp	0.27566147875570934	0.0	*
p.Glu790Cys	0.1696953002651534	0.0	*
p.Glu790Gln	0.23859183971421322	0.0	*
p.Glu790Gly	0.3006482785979513	0.0	*
p.Glu790His	0.19846337799899819	0.0	*
p.Glu790Ile	0.3338135849021295	0.0	*
p.Glu790Leu	0.2098792254897075	0.0	*
p.Glu790Lys	0.3546544047221926	0.0	*
p.Glu790Met	0.2671529990133625	0.0	*
p.Glu790Phe	0.1976649229991416	0.0	*
p.Glu790Pro	0.10355957824037332	0.0	*
p.Glu790Ser	0.6345548661069031	0.0	*
p.Glu790Ter	0.0	0.0	*
p.Glu790Thr	0.4547548311510905	0.0	*
p.Glu790Trp	0.1940132627557948	0.0	*
p.Glu790Tyr	0.12453088896758353	0.0	*
p.Glu790Val	0.1719985620896209	0.0	*
p.Glu802=	*	*	*
p.Glu802Ala	0.21909608344480433	0.0	*
p.Glu802Arg	0.10342965060089149	0.0	*
p.Glu802Asn	0.2142166745307986	0.0	*
p.Glu802Asp	0.09192722568653779	0.0	*
p.Glu802Cys	0.18052535070285258	0.0	*
p.Glu802Gln	0.1533360205211726	0.0	*
p.Glu802Gly	0.14709864248977242	0.0	*
p.Glu802His	0.10533069776250827	0.0	*
p.Glu802Ile	0.23831032578617228	0.0	*
p.Glu802Leu	0.17231622328435559	0.0	*
p.Glu802Lys	0.1420531644059335	0.0	*
p.Glu802Met	0.22156564916241128	0.0	*
p.Glu802Phe	0.09641835591325211	0.0	*
p.Glu802Pro	0.034251781267039885	0.0	*
p.Glu802Ser	0.2226018729049004	0.0	*
p.Glu802Ter	0.0	0.0	*
p.Glu802Thr	0.19154773251369878	0.0	*
p.Glu802Trp	0.11319719723419742	0.0	*
p.Glu802Tyr	0.09278006878040033	0.0	*
p.Glu802Val	0.13291251395061263	0.0	*
p.Glu810=	*	*	*
p.Glu810Ala	0.9010151300185424	0.0	*
p.Glu810Arg	0.6925227096332877	0.0	*
p.Glu810Asn	0.9330499453683487	0.0	*
p.Glu810Asp	0.6951628225418388	0.0	*
p.Glu810Cys	0.7122591521887629	0.0	*
p.Glu810Gln	0.796689220208474	0.0	*
p.Glu810Gly	0.8730101174766337	0.0	*
p.Glu810His	0.8301854256849323	0.0	*
p.Glu810Ile	0.891042102569008	0.0	*
p.Glu810Leu	0.7724000533171895	0.0	*
p.Glu810Lys	0.851942678998771	0.0	*
p.Glu810Met	0.8946308708523696	0.0	*
p.Glu810Phe	0.8020295621395007	0.0	*
p.Glu810Pro	0.370537593805596	0.0	*
p.Glu810Ser	0.9282722647637163	0.0	*
p.Glu810Ter	0.0	0.0	*
p.Glu810Thr	0.8903425940679947	0.0	*
p.Glu810Trp	0.664414758197795	0.0	*
p.Glu810Tyr	0.6795665340012683	0.0	*
p.Glu810Val	0.7083380344440712	0.0	*
p.Glu817=	*	*	*
p.Glu817Ala	0.39959509234032475	0.0	*
p.Glu817Arg	0.1517782405706827	0.0	*
p.Glu817Asn	0.4307539150346815	0.0	*
p.Glu817Asp	0.17013648431035336	0.0	*
p.Glu817Cys	0.3536485402602564	0.0	*
p.Glu817Gln	0.251331059981023	0.0	*
p.Glu817Gly	0.3590679612102855	0.0	*
p.Glu817His	0.24195117909191324	0.0	*
p.Glu817Ile	0.3908338849256329	0.0	*
p.Glu817Leu	0.24084423085658188	0.0	*
p.Glu817Lys	0.3013953149243852	0.0	*
p.Glu817Met	0.38039163718962227	0.0	*
p.Glu817Phe	0.24728060723067216	0.0	*
p.Glu817Pro	0.12463204463199792	0.0	*
p.Glu817Ser	0.35601299379128676	0.0	*
p.Glu817Ter	0.0	0.0	*
p.Glu817Thr	0.3551188078140108	0.0	*
p.Glu817Trp	0.18820545275753678	0.0	*
p.Glu817Tyr	0.20302344334829783	0.0	*
p.Glu817Val	0.23360569664397846	0.0	*
p.Glu818Ala	0.3119875125329926	0.0	*
p.Glu818Arg	0.18559790723426858	0.0	*
p.Glu818Asn	0.4794479311639846	0.0	*
p.Glu818Asp	0.14889595507201525	0.0	*
p.Glu818Cys	0.2149696082440415	0.0	*
p.Glu818Gln	0.20578537577542322	0.0	*
p.Glu818Gly	0.2540885829479305	0.0	*
p.Glu818His	0.1604313984066218	0.0	*
p.Glu818Ile	0.2896904677712783	0.0	*
p.Glu818Leu	0.1917545650757515	0.0	*
p.Glu818Lys	0.24349121755286182	0.0	*
p.Glu818Met	0.27793947759181703	0.0	*
p.Glu818Phe	0.17848073201952444	0.0	*
p.Glu818Pro	0.11094140285648231	0.0	*
p.Glu818Ser	0.2880847109639771	0.0	*
p.Glu818Ter	0.0	0.0	*
p.Glu818Thr	0.21257745503059872	0.0	*
p.Glu818Trp	0.1324703939984354	0.0	*
p.Glu818Tyr	0.18939928680253615	0.0	*
p.Glu818Val	0.11945391066400773	0.0	*
p.Glu823=	*	*	*
p.Glu823Ala	0.752675552076049	0.0	*
p.Glu823Arg	0.4313900260835159	0.0	*
p.Glu823Asn	0.8129620100424096	0.0	*
p.Glu823Asp	0.30512756057421814	0.0	*
p.Glu823Cys	0.5644771268219915	0.0	*
p.Glu823Gln	0.5966120742308443	0.0	*
p.Glu823Gly	0.6714735686715719	0.0	*
p.Glu823His	0.5675609104578456	0.0	*
p.Glu823Ile	0.6574635928656533	0.0	*
p.Glu823Leu	0.7051643464377306	0.0	*
p.Glu823Lys	0.5318004583525454	0.0	*
p.Glu823Met	0.7694525817849327	0.0	*
p.Glu823Phe	0.4310969144392138	0.0	*
p.Glu823Pro	0.2678215696959332	0.0	*
p.Glu823Ser	0.6544434495381264	0.0	*
p.Glu823Ter	0.0	0.0	*
p.Glu823Thr	0.6768655826131782	0.0	*
p.Glu823Trp	0.4733388549252944	0.0	*
p.Glu823Tyr	0.387991080302867	0.0	*
p.Glu823Val	0.49857841527083396	0.0	*
p.Glu847=	*	*	*
p.Glu847Ala	0.11411255290410562	0.0	*
p.Glu847Arg	0.10005199165040156	0.0	*
p.Glu847Asn	0.2431820913586905	0.0	*
p.Glu847Asp	0.05062889405669435	0.0	*
p.Glu847Cys	0.061839133717874174	0.0	*
p.Glu847Gln	0.07109766930479855	0.0	*
p.Glu847Gly	0.1179471285431607	0.0	*
p.Glu847His	0.04060048876378779	0.0	*
p.Glu847Ile	0.09830744164639953	0.0	*
p.Glu847Leu	0.05831196102947343	0.0	*
p.Glu847Lys	0.08391849915228537	0.0	*
p.Glu847Met	0.09091479905948688	0.0	*
p.Glu847Phe	0.056471573406856164	0.0	*
p.Glu847Pro	0.036150950692240724	0.0	*
p.Glu847Ser	0.17503800469577796	0.0	*
p.Glu847Ter	0.0	0.0	*
p.Glu847Thr	0.08388362380774941	0.0	*
p.Glu847Trp	0.0487303021971637	0.0	*
p.Glu847Tyr	0.05194797453057508	0.0	*
p.Glu847Val	0.04542507583405763	0.0	*
p.Glu854=	*	*	*
p.Glu854Ala	0.04990321792504537	0.0	*
p.Glu854Arg	0.03176852374059333	0.0	*
p.Glu854Asn	0.0666442230965746	0.0	*
p.Glu854Asp	0.028384667768877114	0.0	*
p.Glu854Cys	0.032014758660239555	0.0	*
p.Glu854Gln	0.033805322518160826	0.0	*
p.Glu854Gly	0.04286885813113781	0.0	*
p.Glu854His	0.02404209499729675	0.0	*
p.Glu854Ile	0.07602543589997156	0.0	*
p.Glu854Leu	0.042551991908055566	0.0	*
p.Glu854Lys	0.02906572653979349	0.0	*
p.Glu854Met	0.04710310390478067	0.0	*
p.Glu854Phe	0.02604577891067356	0.0	*
p.Glu854Pro	0.01152925692025238	0.0	*
p.Glu854Ser	0.07363929073661304	0.0	*
p.Glu854Ter	0.0	0.0	*
p.Glu854Thr	0.04235194000640273	0.0	*
p.Glu854Trp	0.028123969227696225	0.0	*
p.Glu854Tyr	0.03917984084406738	0.0	*
p.Glu854Val	0.03616791394946947	0.0	*
p.Glu860=	*	*	*
p.Glu860Ala	0.051938192923892054	0.0	*
p.Glu860Arg	0.021875439863686966	0.0	*
p.Glu860Asn	0.07781207410616765	0.0	*
p.Glu860Asp	0.018195055920793197	0.0	*
p.Glu860Cys	0.028507445660122085	0.0	*
p.Glu860Gln	0.031705738499334155	0.0	*
p.Glu860Gly	0.04278417971693293	0.0	*
p.Glu860His	0.027484281697709053	0.0	*
p.Glu860Ile	0.08317862805548021	0.0	*
p.Glu860Leu	0.048673016362962895	0.0	*
p.Glu860Lys	0.046930644383089595	0.0	*
p.Glu860Met	0.06223125934047301	0.0	*
p.Glu860Phe	0.029767487311201365	0.0	*
p.Glu860Pro	0.02353464887705236	0.0	*
p.Glu860Ser	0.0645487520507145	0.0	*
p.Glu860Ter	0.0	0.0	*
p.Glu860Thr	0.04628930769194134	0.0	*
p.Glu860Trp	0.030827356080260476	0.0	*
p.Glu860Tyr	0.030857375431246968	0.0	*
p.Glu860Val	0.033543167445649176	0.0	*
p.Glu904=	*	*	*
p.Glu904Ala	0.01621461353618649	0.0	*
p.Glu904Arg	0.007868490181015446	0.0	*
p.Glu904Asn	0.01898353675856447	0.0	*
p.Glu904Asp	0.009881731243425259	0.0	*
p.Glu904Cys	0.00733108928687157	0.0	*
p.Glu904Gln	0.013182731519763183	0.0	*
p.Glu904Gly	0.015076366044403822	0.0	*
p.Glu904His	0.010263701462773151	0.0	*
p.Glu904Ile	0.02139807463246933	0.0	*
p.Glu904Leu	0.009889577001093781	0.0	*
p.Glu904Lys	0.01357844516280618	0.0	*
p.Glu904Met	0.016448226620085427	0.0	*
p.Glu904Phe	0.010803173420453449	0.0	*
p.Glu904Pro	0.004201784940539123	0.0	*
p.Glu904Ser	0.022561746909559536	0.0	*
p.Glu904Ter	0.0	0.0	*
p.Glu904Thr	0.022736675649618277	0.0	*
p.Glu904Trp	0.008039734882309685	0.0	*
p.Glu904Tyr	0.009742172767947057	0.0	*
p.Glu904Val	0.01463412650941199	0.0	*
p.Glu905=	*	*	*
p.Glu905Ala	0.024314212955924997	0.0	*
p.Glu905Arg	0.016726699760636416	0.0	*
p.Glu905Asn	0.0323228689503261	0.0	*
p.Glu905Asp	0.013616349437464516	0.0	*
p.Glu905Cys	0.012597759417178033	0.0	*
p.Glu905Gln	0.042490791119262336	0.0	*
p.Glu905Gly	0.0192004318532469	0.0	*
p.Glu905His	0.02208455619051313	0.0	*
p.Glu905Ile	0.02360056877150798	0.0	*
p.Glu905Leu	0.02134603076089754	0.0	*
p.Glu905Lys	0.02733556117534554	0.0	*
p.Glu905Met	0.0381002256102624	0.0	*
p.Glu905Phe	0.013809904911645968	0.0	*
p.Glu905Pro	0.005071185200484263	0.0	*
p.Glu905Ser	0.05869167293076105	0.0	*
p.Glu905Ter	0.0	0.0	*
p.Glu905Thr	0.027662952532667543	0.0	*
p.Glu905Trp	0.013389562867063621	0.0	*
p.Glu905Tyr	0.014860639617262016	0.0	*
p.Glu905Val	0.013807290000716876	0.0	*
p.Glu965=	*	*	*
p.Glu965Ala	0.6847596788998411	0.0	*
p.Glu965Arg	0.42885197656696944	0.0	*
p.Glu965Asn	0.7167317390768949	0.0	*
p.Glu965Asp	0.4683503376968489	0.0	*
p.Glu965Cys	0.5085810437672305	0.0	*
p.Glu965Gln	0.448523676887954	0.0	*
p.Glu965Gly	0.6325982087919693	0.0	*
p.Glu965His	0.45900131325738014	0.0	*
p.Glu965Ile	0.5691492772602035	0.0	*
p.Glu965Leu	0.46757330582863393	0.0	*
p.Glu965Lys	0.6000998905154048	0.0	*
p.Glu965Met	0.6184932227152917	0.0	*
p.Glu965Phe	0.40946959963420504	0.0	*
p.Glu965Pro	0.3257533047512713	0.0	*
p.Glu965Ser	0.7040860645788338	0.0	*
p.Glu965Ter	0.0	0.0	*
p.Glu965Thr	0.7043817013963356	0.0	*
p.Glu965Trp	0.3439654381399075	0.0	*
p.Glu965Tyr	0.3258912777089902	0.0	*
p.Glu965Val	0.36305585009276864	0.0	*
p.Gly1000=	*	*	*
p.Gly1000Ala	0.0021339081851706816	0.0	*
p.Gly1000Arg	0.001373903851534885	0.0	*
p.Gly1000Asn	0.0032406448994436845	0.0	*
p.Gly1000Asp	0.0008405370443970732	0.0	*
p.Gly1000Cys	0.0013541582866336522	0.0	*
p.Gly1000Gln	0.0025020131056658883	0.0	*
p.Gly1000Glu	0.0006523121561575689	0.0	*
p.Gly1000His	0.0012048284414625055	0.0	*
p.Gly1000Ile	0.0016610082132949323	0.0	*
p.Gly1000Leu	0.0017086766443752401	0.0	*
p.Gly1000Lys	0.0020208429941488107	0.0	*
p.Gly1000Met	0.0032143178601165404	0.0	*
p.Gly1000Phe	0.001124841298590298	0.0	*
p.Gly1000Pro	0.001120241609835581	0.0	*
p.Gly1000Ser	0.005734328014247581	0.0	*
p.Gly1000Ter	0.0	0.0	*
p.Gly1000Thr	0.0024561576336525376	0.0	*
p.Gly1000Trp	0.0013300142579781445	0.0	*
p.Gly1000Tyr	0.0011079359624552277	0.0	*
p.Gly1000Val	0.0023180035944474976	0.0	*
p.Gly1006=	*	*	*
p.Gly1006Ala	0.010721702374864417	0.0	*
p.Gly1006Arg	0.0034053160463887186	0.0	*
p.Gly1006Asn	0.012624401461185672	0.0	*
p.Gly1006Asp	0.008705649688639865	0.0	*
p.Gly1006Cys	0.005046253462858489	0.0	*
p.Gly1006Gln	0.008090112898225775	0.0	*
p.Gly1006Glu	0.003942730825900371	0.0	*
p.Gly1006His	0.004934211732055935	0.0	*
p.Gly1006Ile	0.004328977516777516	0.0	*
p.Gly1006Leu	0.004474951311359392	0.0	*
p.Gly1006Lys	0.007377333113054815	0.0	*
p.Gly1006Met	0.008648530066476944	0.0	*
p.Gly1006Phe	0.0045618979025109415	0.0	*
p.Gly1006Pro	0.004941525374422123	0.0	*
p.Gly1006Ser	0.024610757399715046	0.0	*
p.Gly1006Ter	0.0	0.0	*
p.Gly1006Thr	0.010869609816895614	0.0	*
p.Gly1006Trp	0.0028270392009367	0.0	*
p.Gly1006Tyr	0.004707605540923156	0.0	*
p.Gly1006Val	0.0051440708753213585	0.0	*
p.Gly1011=	*	*	*
p.Gly1011Ala	0.007820509105174523	0.0	*
p.Gly1011Arg	0.002708309994804297	0.0	*
p.Gly1011Asn	0.012431105564741338	0.0	*
p.Gly1011Asp	0.0032814170065795776	0.0	*
p.Gly1011Cys	0.004317794221086897	0.0	*
p.Gly1011Gln	0.005100072432495411	0.0	*
p.Gly1011Glu	0.001775984113751898	0.0	*
p.Gly1011His	0.002966957816932148	0.0	*
p.Gly1011Ile	0.0042789864672565115	0.0	*
p.Gly1011Leu	0.004522312143637421	0.0	*
p.Gly1011Lys	0.00611798949714782	0.0	*
p.Gly1011Met	0.008883006452583194	0.0	*
p.Gly1011Phe	0.004071596208942182	0.0	*
p.Gly1011Pro	0.0035978787586183575	0.0	*
p.Gly1011Ser	0.00808156142802731	0.0	*
p.Gly1011Ter	0.0	0.0	*
p.Gly1011Thr	0.0059445740494679915	0.0	*
p.Gly1011Trp	0.0025625998265046447	0.0	*
p.Gly1011Tyr	0.005223658096000613	0.0	*
p.Gly1011Val	0.0032309048684876283	0.0	*
p.Gly1012=	*	*	*
p.Gly1012Ala	0.016774602519979472	0.0	*
p.Gly1012Arg	0.007702350716620625	0.0	*
p.Gly1012Asn	0.029774260137970594	0.0	*
p.Gly1012Asp	0.005757934836373069	0.0	*
p.Gly1012Cys	0.006051858724239456	0.0	*
p.Gly1012Gln	0.010692249475433218	0.0	*
p.Gly1012Glu	0.0033536903416531375	0.0	*
p.Gly1012His	0.008456196090620973	0.0	*
p.Gly1012Ile	0.008994854309578694	0.0	*
p.Gly1012Leu	0.01471005131543798	0.0	*
p.Gly1012Lys	0.014215020454104854	0.0	*
p.Gly1012Met	0.023313644983396928	0.0	*
p.Gly1012Phe	0.007705037103466086	0.0	*
p.Gly1012Pro	0.005511812283529551	0.0	*
p.Gly1012Ser	0.04868764527923515	0.0	*
p.Gly1012Ter	0.0	0.0	*
p.Gly1012Thr	0.015450120774283423	0.0	*
p.Gly1012Trp	0.00607120971886339	0.0	*
p.Gly1012Tyr	0.0083672665261635	0.0	*
p.Gly1012Val	0.00796970550293568	0.0	*
p.Gly1030=	*	*	*
p.Gly1030Ala	0.01569327123398743	0.0	*
p.Gly1030Arg	0.012132499754453316	0.0	*
p.Gly1030Asn	0.043427295733983066	0.0	*
p.Gly1030Asp	0.013735558599247254	0.0	*
p.Gly1030Cys	0.01837612323299627	0.0	*
p.Gly1030Gln	0.015352301015091743	0.0	*
p.Gly1030Glu	0.0050768076756526	0.0	*
p.Gly1030His	0.007077775325193725	0.0	*
p.Gly1030Ile	0.0168051429993125	0.0	*
p.Gly1030Leu	0.010231015162591393	0.0	*
p.Gly1030Lys	0.01784276479508015	0.0	*
p.Gly1030Met	0.02265361967263028	0.0	*
p.Gly1030Phe	0.007909374923851555	0.0	*
p.Gly1030Pro	0.010263107564851208	0.0	*
p.Gly1030Ser	0.030381517332460868	0.0	*
p.Gly1030Ter	0.0	0.0	*
p.Gly1030Thr	0.020684430387650696	0.0	*
p.Gly1030Trp	0.005609892457048347	0.0	*
p.Gly1030Tyr	0.014359847214290346	0.0	*
p.Gly1030Val	0.008214004573220189	0.0	*
p.Gly1035=	*	*	*
p.Gly1035Ala	0.18913590696268656	0.0	*
p.Gly1035Arg	0.04009992496904358	0.0	*
p.Gly1035Asp	0.04285807608344977	0.0	*
p.Gly1035Cys	0.055465352611672444	0.0	*
p.Gly1035Gln	0.0873863536656509	0.0	*
p.Gly1035Glu	0.028048742299391187	0.0	*
p.Gly1035His	0.06469343339604251	0.0	*
p.Gly1035Ile	0.05553478867689573	0.0	*
p.Gly1035Leu	0.07010036102921706	0.0	*
p.Gly1035Lys	0.1314633230487488	0.0	*
p.Gly1035Met	0.11666653398086273	0.0	*
p.Gly1035Phe	0.050192794376739486	0.0	*
p.Gly1035Pro	0.03993783864280122	0.0	*
p.Gly1035Ser	0.20891056261493268	0.0	*
p.Gly1035Ter	0.0	0.0	*
p.Gly1035Thr	0.0933897258791399	0.0	*
p.Gly1035Trp	0.03593948886549644	0.0	*
p.Gly1035Tyr	0.034509668283007555	0.0	*
p.Gly1035Val	0.03337101406941837	0.0	*
p.Gly1046=	*	*	*
p.Gly1046Ala	0.09531919825326028	0.0	*
p.Gly1046Arg	0.03352743528255707	0.0	*
p.Gly1046Asn	0.1138772079236656	0.0	*
p.Gly1046Asp	0.06344801319303103	0.0	*
p.Gly1046Cys	0.08314374120409104	0.0	*
p.Gly1046Gln	0.08953225173480521	0.0	*
p.Gly1046Glu	0.05332292288296048	0.0	*
p.Gly1046His	0.07933536597250673	0.0	*
p.Gly1046Ile	0.07134285746568328	0.0	*
p.Gly1046Leu	0.05328422760882453	0.0	*
p.Gly1046Lys	0.06185838710664187	0.0	*
p.Gly1046Met	0.0663868150835508	0.0	*
p.Gly1046Phe	0.050319362319900175	0.0	*
p.Gly1046Pro	0.04072624434250844	0.0	*
p.Gly1046Ser	0.26553079340542596	0.0	*
p.Gly1046Ter	0.0	0.0	*
p.Gly1046Thr	0.14531389843700412	0.0	*
p.Gly1046Trp	0.046344881674385816	0.0	*
p.Gly1046Tyr	0.050793905676962944	0.0	*
p.Gly1046Val	0.06509651437646856	0.0	*
p.Gly1061=	*	*	*
p.Gly1061Ala	0.0045984050370643705	0.0	*
p.Gly1061Arg	0.001762105643775049	0.0	*
p.Gly1061Asp	0.0025615233300267048	0.0	*
p.Gly1061Cys	0.002272867115909481	0.0	*
p.Gly1061Gln	0.0040096070040109445	0.0	*
p.Gly1061Glu	0.001282600049844131	0.0	*
p.Gly1061His	0.0029243691390716904	0.0	*
p.Gly1061Ile	0.0020812369183267135	0.0	*
p.Gly1061Leu	0.0021525015633972406	0.0	*
p.Gly1061Lys	0.0028958285271239	0.0	*
p.Gly1061Met	0.0035792437530221184	0.0	*
p.Gly1061Phe	0.001789816257934092	0.0	*
p.Gly1061Pro	0.0010344094028955286	0.0	*
p.Gly1061Ser	0.00903691806092433	0.0	*
p.Gly1061Ter	0.0	0.0	*
p.Gly1061Thr	0.0037811104656400745	0.0	*
p.Gly1061Trp	0.0017201853898447168	0.0	*
p.Gly1061Tyr	0.0015930036323454225	0.0	*
p.Gly1061Val	0.0018780254074432096	0.0	*
p.Gly1072=	*	*	*
p.Gly1072Ala	0.08699712784531032	0.0	*
p.Gly1072Arg	0.012609180389979052	0.0	*
p.Gly1072Asn	0.05960453395995611	0.0	*
p.Gly1072Asp	0.013805720952280416	0.0	*
p.Gly1072Cys	0.02437184157830948	0.0	*
p.Gly1072Gln	0.02955814426043098	0.0	*
p.Gly1072Glu	0.00958952673240676	0.0	*
p.Gly1072His	0.017995709190359033	0.0	*
p.Gly1072Ile	0.022475656039853156	0.0	*
p.Gly1072Leu	0.03471584254677202	0.0	*
p.Gly1072Lys	0.025894976110770355	0.0	*
p.Gly1072Met	0.04545395479279349	0.0	*
p.Gly1072Phe	0.01425218913397894	0.0	*
p.Gly1072Pro	0.013737655219548374	0.0	*
p.Gly1072Ser	0.13106836010612857	0.0	*
p.Gly1072Ter	0.0	0.0	*
p.Gly1072Thr	0.028610289380940478	0.0	*
p.Gly1072Trp	0.011963943767658265	0.0	*
p.Gly1072Tyr	0.009500998547248722	0.0	*
p.Gly1072Val	0.018164609271574837	0.0	*
p.Gly1084=	*	*	*
p.Gly1084Ala	0.022192210636177424	0.0	*
p.Gly1084Arg	0.011965612107601255	0.0	*
p.Gly1084Asp	0.02044722291827748	0.0	*
p.Gly1084Cys	0.0047556077761103915	0.0	*
p.Gly1084Gln	0.03142006035026981	0.0	*
p.Gly1084Glu	0.008823529469353279	0.0	*
p.Gly1084Ile	0.011721246209961754	0.0	*
p.Gly1084Leu	0.01314322844073229	0.0	*
p.Gly1084Met	0.016124189768264057	0.0	*
p.Gly1084Phe	0.008703737669728429	0.0	*
p.Gly1084Pro	0.008319888151409337	0.0	*
p.Gly1084Ser	0.034818293228676044	0.0	*
p.Gly1084Thr	0.014649171983436569	0.0	*
p.Gly1084Trp	0.005444189971182979	0.0	*
p.Gly1084Tyr	0.007723495162171087	0.0	*
p.Gly1084Val	0.0061934051648412985	0.0	*
p.Gly1089=	*	*	*
p.Gly1089Ala	0.0009602089938909655	0.0	*
p.Gly1089Arg	0.00026736085702935305	0.0	*
p.Gly1089Asn	0.000667713179052828	0.0	*
p.Gly1089Asp	0.00032700541195581766	0.0	*
p.Gly1089Cys	0.00032700541195581766	0.0	*
p.Gly1089Gln	0.0013598124007464037	0.0	*
p.Gly1089Glu	0.00028138303777490225	0.0	*
p.Gly1089His	0.0005666399443203741	0.0	*
p.Gly1089Ile	0.000667713179052828	0.0	*
p.Gly1089Leu	0.0007148973147674632	0.0	*
p.Gly1089Lys	0.0008491960777932506	0.0	*
p.Gly1089Met	0.000679164654302767	0.0	*
p.Gly1089Phe	0.0005890581742729234	0.0	*
p.Gly1089Pro	0.00037004077270216536	0.0	*
p.Gly1089Ser	0.001170405353471469	0.0	*
p.Gly1089Ter	0.0	0.0	*
p.Gly1089Thr	0.0006071315365128371	0.0	*
p.Gly1089Trp	0.0004366296446569304	0.0	*
p.Gly1089Tyr	0.0005542506286589428	0.0	*
p.Gly1089Val	0.0005748352977473831	0.0	*
p.Gly1099=	*	*	*
p.Gly1099Ala	0.009370163462468602	0.0	*
p.Gly1099Arg	0.004068064902372624	0.0	*
p.Gly1099Asn	0.016321620634891815	0.0	*
p.Gly1099Asp	0.014355732708016255	0.0	*
p.Gly1099Cys	0.002416559028883671	0.0	*
p.Gly1099Gln	0.0077790907587947655	0.0	*
p.Gly1099Glu	0.0047531300059388175	0.0	*
p.Gly1099His	0.0053310708485319975	0.0	*
p.Gly1099Ile	0.0032445373994879696	0.0	*
p.Gly1099Leu	0.004525686913663159	0.0	*
p.Gly1099Lys	0.006842433575371013	0.0	*
p.Gly1099Met	0.0054356144248725435	0.0	*
p.Gly1099Phe	0.002856900765696162	0.0	*
p.Gly1099Pro	0.0061172481601469535	0.0	*
p.Gly1099Ser	0.015050417940995762	0.0	*
p.Gly1099Ter	0.0	0.0	*
p.Gly1099Thr	0.0046993081098080655	0.0	*
p.Gly1099Trp	0.001798594715386358	0.0	*
p.Gly1099Tyr	0.0028999131179627225	0.0	*
p.Gly1099Val	0.002373344206952368	0.0	*
p.Gly1101=	*	*	*
p.Gly1101Ala	0.009546378737036218	0.0	*
p.Gly1101Arg	0.0019220764801795905	0.0	*
p.Gly1101Asn	0.0052371361734694375	0.0	*
p.Gly1101Asp	0.002619380535217873	0.0	*
p.Gly1101Cys	0.001089366747069007	0.0	*
p.Gly1101Gln	0.009066062287261138	0.0	*
p.Gly1101Glu	0.0028280711553932076	0.0	*
p.Gly1101His	0.00434787494965533	0.0	*
p.Gly1101Ile	0.002295482902353807	0.0	*
p.Gly1101Leu	0.0037738185634964934	0.0	*
p.Gly1101Lys	0.0029335175568734953	0.0	*
p.Gly1101Met	0.004033565463837408	0.0	*
p.Gly1101Phe	0.0012181837676344385	0.0	*
p.Gly1101Pro	0.002013687147405335	0.0	*
p.Gly1101Ser	0.011182916669137831	0.0	*
p.Gly1101Ter	0.0	0.0	*
p.Gly1101Thr	0.0026268403437900486	0.0	*
p.Gly1101Trp	0.0009238453510915932	0.0	*
p.Gly1101Tyr	0.001615370531181711	0.0	*
p.Gly1101Val	0.0029213169406807006	0.0	*
p.Gly1103=	*	*	*
p.Gly1103Ala	0.0026119116104969327	0.0	*
p.Gly1103Arg	0.001120241609835581	0.0	*
p.Gly1103Asn	0.004504576852811894	0.0	*
p.Gly1103Asp	0.0013753095853408562	0.0	*
p.Gly1103Cys	0.0005500944707650641	0.0	*
p.Gly1103Gln	0.0034948645740231613	0.0	*
p.Gly1103Glu	0.00047054403312467806	0.0	*
p.Gly1103His	0.0011171706498249601	0.0	*
p.Gly1103Ile	0.0008885529535058871	0.0	*
p.Gly1103Leu	0.0015344750489830617	0.0	*
p.Gly1103Lys	0.001624541885877601	0.0	*
p.Gly1103Met	0.0016907077715510137	0.0	*
p.Gly1103Phe	0.000658105621408346	0.0	*
p.Gly1103Pro	0.0006810651763113863	0.0	*
p.Gly1103Ser	0.010465372165463642	0.0	*
p.Gly1103Ter	0.0	0.0	*
p.Gly1103Thr	0.0013555727623335715	0.0	*
p.Gly1103Trp	0.0005269889920641146	0.0	*
p.Gly1103Tyr	0.0008283497173721231	0.0	*
p.Gly1103Val	0.0009371383269531958	0.0	*
p.Gly1111=	*	*	*
p.Gly1111Ala	0.005561331176416612	0.0	*
p.Gly1111Arg	0.004329837257254474	0.0	*
p.Gly1111Asn	0.01381983963870003	0.0	*
p.Gly1111Asp	0.004413741109353021	0.0	*
p.Gly1111Cys	0.0027845887738423545	0.0	*
p.Gly1111Gln	0.008321837483403954	0.0	*
p.Gly1111Glu	0.0022932256316275565	0.0	*
p.Gly1111His	0.0031731798241091446	0.0	*
p.Gly1111Ile	0.0028845831435192777	0.0	*
p.Gly1111Leu	0.004178244069268214	0.0	*
p.Gly1111Lys	0.006809896686856783	0.0	*
p.Gly1111Met	0.006214775005909539	0.0	*
p.Gly1111Phe	0.0025797975194753464	0.0	*
p.Gly1111Pro	0.002758567855753338	0.0	*
p.Gly1111Ser	0.014831487429501921	0.0	*
p.Gly1111Ter	0.0	0.0	*
p.Gly1111Thr	0.0044494909368973734	0.0	*
p.Gly1111Trp	0.0021175818468169923	0.0	*
p.Gly1111Tyr	0.002983113202596034	0.0	*
p.Gly1111Val	0.0028208440795786404	0.0	*
p.Gly1131=	*	*	*
p.Gly1131Ala	0.3103773364181554	0.0	*
p.Gly1131Arg	0.1815773167391844	0.0	*
p.Gly1131Asn	0.5175829820946967	0.0	*
p.Gly1131Asp	0.20918344056566626	0.0	*
p.Gly1131Cys	0.13462951260115227	0.0	*
p.Gly1131Gln	0.24186272159170052	0.0	*
p.Gly1131Glu	0.15650785160338015	0.0	*
p.Gly1131His	0.2035695688410396	0.0	*
p.Gly1131Ile	0.1091560111710654	0.0	*
p.Gly1131Leu	0.1896033769647329	0.0	*
p.Gly1131Lys	0.22975859910958601	0.0	*
p.Gly1131Met	0.24021790344464886	0.0	*
p.Gly1131Phe	0.1356783763226492	0.0	*
p.Gly1131Pro	0.16863800709191237	0.0	*
p.Gly1131Ser	0.3052416332677208	0.0	*
p.Gly1131Ter	0.0	0.0	*
p.Gly1131Thr	0.22471735914267568	0.0	*
p.Gly1131Trp	0.09838466422827621	0.0	*
p.Gly1131Tyr	0.12274461155460119	0.0	*
p.Gly1131Val	0.11318923664983434	0.0	*
p.Gly1149=	*	*	*
p.Gly1149Ala	0.08355326672649778	0.0	*
p.Gly1149Arg	0.00871839188605453	0.0	*
p.Gly1149Asn	0.04813822191451899	0.0	*
p.Gly1149Asp	0.025219714280264403	0.0	*
p.Gly1149Cys	0.024091968467484837	0.0	*
p.Gly1149Gln	0.035606134254381694	0.0	*
p.Gly1149Glu	0.01548499208944054	0.0	*
p.Gly1149His	0.029081121011930874	0.0	*
p.Gly1149Ile	0.02029160585719561	0.0	*
p.Gly1149Leu	0.019966770153040048	0.0	*
p.Gly1149Lys	0.032288171871484264	0.0	*
p.Gly1149Met	0.0373682016985702	0.0	*
p.Gly1149Phe	0.018100390416171865	0.0	*
p.Gly1149Pro	0.012724772521125813	0.0	*
p.Gly1149Ser	0.10117261876969166	0.0	*
p.Gly1149Ter	0.0	0.0	*
p.Gly1149Thr	0.0373682016985702	0.0	*
p.Gly1149Trp	0.011450320505797746	0.0	*
p.Gly1149Tyr	0.016432939502540232	0.0	*
p.Gly1149Val	0.019895718156192888	0.0	*
p.Gly1158=	*	*	*
p.Gly1158Ala	0.2785310885072278	0.0	*
p.Gly1158Arg	0.08354262803201458	0.0	*
p.Gly1158Asn	0.3877065034590079	0.0	*
p.Gly1158Asp	0.16933151349755832	0.0	*
p.Gly1158Cys	0.12542976942534156	0.0	*
p.Gly1158Gln	0.16780907780137497	0.0	*
p.Gly1158Glu	0.062048720006404635	0.0	*
p.Gly1158His	0.10856670728035006	0.0	*
p.Gly1158Ile	0.10349076279926303	0.0	*
p.Gly1158Leu	0.1183281349385568	0.0	*
p.Gly1158Lys	0.24442460998855411	0.0	*
p.Gly1158Met	0.19425399820286443	0.0	*
p.Gly1158Phe	0.10471011129938276	0.0	*
p.Gly1158Pro	0.05059487483628131	0.0	*
p.Gly1158Ser	0.4861049706650783	0.0	*
p.Gly1158Ter	0.0	0.0	*
p.Gly1158Thr	0.22796001404618702	0.0	*
p.Gly1158Trp	0.07682638737826411	0.0	*
p.Gly1158Tyr	0.059456211956659365	0.0	*
p.Gly1158Val	0.04648205985356266	0.0	*
p.Gly1176=	*	*	*
p.Gly1176Ala	0.04987728211169742	0.0	*
p.Gly1176Arg	0.010881196564710472	0.0	*
p.Gly1176Asn	0.04340104785595444	0.0	*
p.Gly1176Asp	0.012453800299195851	0.0	*
p.Gly1176Cys	0.019251940293750807	0.0	*
p.Gly1176Gln	0.02130088204700349	0.0	*
p.Gly1176Glu	0.008440702804721836	0.0	*
p.Gly1176His	0.012221362153354592	0.0	*
p.Gly1176Ile	0.013091637704477157	0.0	*
p.Gly1176Leu	0.014411492750419216	0.0	*
p.Gly1176Lys	0.018214567477691727	0.0	*
p.Gly1176Met	0.023511964131240095	0.0	*
p.Gly1176Phe	0.009550666668307029	0.0	*
p.Gly1176Pro	0.006752440819790565	0.0	*
p.Gly1176Ser	0.07145174282258519	0.0	*
p.Gly1176Ter	0.0	0.0	*
p.Gly1176Thr	0.01651294744451221	0.0	*
p.Gly1176Trp	0.007088914538933694	0.0	*
p.Gly1176Tyr	0.009494858967997366	0.0	*
p.Gly1176Val	0.008879215156555468	0.0	*
p.Gly1186=	*	*	*
p.Gly1186Ala	0.02086420250976309	0.0	*
p.Gly1186Arg	0.017803620157124334	0.0	*
p.Gly1186Asn	0.0692247503584684	0.0	*
p.Gly1186Asp	0.0391913799715411	0.0	*
p.Gly1186Cys	0.008445222937920192	0.0	*
p.Gly1186Gln	0.027805495058658838	0.0	*
p.Gly1186Glu	0.010530953081977433	0.0	*
p.Gly1186His	0.017130239762355608	0.0	*
p.Gly1186Ile	0.012536499857679028	0.0	*
p.Gly1186Leu	0.01089856677971047	0.0	*
p.Gly1186Lys	0.024231667217808586	0.0	*
p.Gly1186Met	0.024106180482310564	0.0	*
p.Gly1186Phe	0.01042175024158625	0.0	*
p.Gly1186Pro	0.010344630986272125	0.0	*
p.Gly1186Ser	0.0806074747182676	0.0	*
p.Gly1186Ter	0.0	0.0	*
p.Gly1186Thr	0.02383884479387733	0.0	*
p.Gly1186Trp	0.009339265023519835	0.0	*
p.Gly1186Tyr	0.012054169283602168	0.0	*
p.Gly1186Val	0.00844780540569403	0.0	*
p.Gly1190=	*	*	*
p.Gly1190Ala	0.022727805649698896	0.0	*
p.Gly1190Arg	0.0020220345791536966	0.0	*
p.Gly1190Asn	0.007786446060592511	0.0	*
p.Gly1190Asp	0.0029527908688506016	0.0	*
p.Gly1190Cys	0.008650447305902573	0.0	*
p.Gly1190Gln	0.011631613863127896	0.0	*
p.Gly1190Glu	0.002873318940035656	0.0	*
p.Gly1190His	0.0067751643783267425	0.0	*
p.Gly1190Ile	0.006183815319812051	0.0	*
p.Gly1190Leu	0.0072609714135091555	0.0	*
p.Gly1190Lys	0.005482320083944564	0.0	*
p.Gly1190Met	0.012973157034190264	0.0	*
p.Gly1190Phe	0.0039140488379292475	0.0	*
p.Gly1190Pro	0.0021883320372526583	0.0	*
p.Gly1190Ser	0.026627340393946063	0.0	*
p.Gly1190Ter	0.0	0.0	*
p.Gly1190Thr	0.006645125478353805	0.0	*
p.Gly1190Trp	0.004513025954522104	0.0	*
p.Gly1190Tyr	0.003788396345971813	0.0	*
p.Gly1190Val	0.0075560053286253025	0.0	*
p.Gly1213=	*	*	*
p.Gly1213Ala	0.019836648882002296	0.0	*
p.Gly1213Arg	0.01256428671810089	0.0	*
p.Gly1213Asn	0.1045231447438594	0.0	*
p.Gly1213Asp	0.010403157697925868	0.0	*
p.Gly1213Cys	0.004310044663033856	0.0	*
p.Gly1213Gln	0.010572035632897436	0.0	*
p.Gly1213Glu	0.0036618551489432907	0.0	*
p.Gly1213His	0.006986988545942981	0.0	*
p.Gly1213Ile	0.010543285048751235	0.0	*
p.Gly1213Leu	0.014248577336625087	0.0	*
p.Gly1213Lys	0.017868762735691074	0.0	*
p.Gly1213Met	0.030853299463899402	0.0	*
p.Gly1213Phe	0.011624295372920779	0.0	*
p.Gly1213Pro	0.00866737502086236	0.0	*
p.Gly1213Ser	0.01877726605809713	0.0	*
p.Gly1213Ter	0.0	0.0	*
p.Gly1213Thr	0.01720408078827552	0.0	*
p.Gly1213Trp	0.003719852706115887	0.0	*
p.Gly1213Tyr	0.012726938953480519	0.0	*
p.Gly1213Val	0.005968569624858228	0.0	*
p.Gly1221=	*	*	*
p.Gly1221Ala	0.004145891691407032	0.0	*
p.Gly1221Arg	0.001724014305917953	0.0	*
p.Gly1221Asn	0.006898862193478594	0.0	*
p.Gly1221Asp	0.0019184221758248318	0.0	*
p.Gly1221Cys	0.002531302137581388	0.0	*
p.Gly1221Gln	0.0022410418848910164	0.0	*
p.Gly1221His	0.001637605477751192	0.0	*
p.Gly1221Ile	0.0023191271637091194	0.0	*
p.Gly1221Leu	0.002157139149424836	0.0	*
p.Gly1221Lys	0.003540911263092163	0.0	*
p.Gly1221Met	0.0035108692550595705	0.0	*
p.Gly1221Phe	0.0015304498169193134	0.0	*
p.Gly1221Pro	0.0012358939266571094	0.0	*
p.Gly1221Ser	0.006876314568612814	0.0	*
p.Gly1221Ter	0.0	0.0	*
p.Gly1221Thr	0.0036673956203857098	0.0	*
p.Gly1221Trp	0.001337134810857177	0.0	*
p.Gly1221Tyr	0.0015129543680157806	0.0	*
p.Gly1221Val	0.0018669435024135136	0.0	*
p.Gly1235=	*	*	*
p.Gly1235Ala	0.0024692963811482303	0.0	*
p.Gly1235Arg	0.0010120749095511208	0.0	*
p.Gly1235Asn	0.003226030132298756	0.0	*
p.Gly1235Asp	0.0010675296229683278	0.0	*
p.Gly1235Cys	0.0008526491019303521	0.0	*
p.Gly1235Gln	0.0012651720101558735	0.0	*
p.Gly1235Glu	0.000539644584801826	0.0	*
p.Gly1235His	0.0009138216096558931	0.0	*
p.Gly1235Ile	0.001364046381677607	0.0	*
p.Gly1235Leu	0.0011583303151467886	0.0	*
p.Gly1235Lys	0.0012622573456330549	0.0	*
p.Gly1235Met	0.0014282817201504126	0.0	*
p.Gly1235Phe	0.0010264567361355518	0.0	*
p.Gly1235Pro	0.0007462310110269686	0.0	*
p.Gly1235Ser	0.0030423657333052637	0.0	*
p.Gly1235Ter	0.0	0.0	*
p.Gly1235Thr	0.00203036726827672	0.0	*
p.Gly1235Trp	0.0006867531679072804	0.0	*
p.Gly1235Tyr	0.0011309617099811641	0.0	*
p.Gly1235Val	0.0012063154907799502	0.0	*
p.Gly1259=	*	*	*
p.Gly1259Ala	0.056049502480312555	0.0	*
p.Gly1259Arg	0.02233157243827065	0.0	*
p.Gly1259Asn	0.10672911092157264	0.0	*
p.Gly1259Asp	0.03171233070547351	0.0	*
p.Gly1259Cys	0.02394076889039744	0.0	*
p.Gly1259Gln	0.03552210702726407	0.0	*
p.Gly1259Glu	0.019361567836101407	0.0	*
p.Gly1259His	0.0319005105244046	0.0	*
p.Gly1259Ile	0.018367331034956046	0.0	*
p.Gly1259Leu	0.021900553193055994	0.0	*
p.Gly1259Lys	0.04712334819281114	0.0	*
p.Gly1259Met	0.03476373938300619	0.0	*
p.Gly1259Phe	0.021599666707170423	0.0	*
p.Gly1259Pro	0.01646229509281806	0.0	*
p.Gly1259Ser	0.06911267094848146	0.0	*
p.Gly1259Ter	0.0	0.0	*
p.Gly1259Thr	0.035651947311425444	0.0	*
p.Gly1259Trp	0.011080819515255153	0.0	*
p.Gly1259Tyr	0.01533605509787453	0.0	*
p.Gly1259Val	0.011871193825900033	0.0	*
p.Gly1266=	*	*	*
p.Gly1266Ala	0.0039632908724191234	0.0	*
p.Gly1266Arg	0.0010878132035067026	0.0	*
p.Gly1266Asn	0.002437492655333767	0.0	*
p.Gly1266Asp	0.001170405353471469	0.0	*
p.Gly1266Cys	0.0017367511471448479	0.0	*
p.Gly1266Gln	0.0020232258632912276	0.0	*
p.Gly1266Glu	0.0005120573444469788	0.0	*
p.Gly1266His	0.001120241609835581	0.0	*
p.Gly1266Ile	0.0021871801536094662	0.0	*
p.Gly1266Leu	0.001611433116213689	0.0	*
p.Gly1266Lys	0.0020588260930001177	0.0	*
p.Gly1266Met	0.0021455371424834706	0.0	*
p.Gly1266Phe	0.0014475857901271923	0.0	*
p.Gly1266Pro	0.0007859638500200768	0.0	*
p.Gly1266Ser	0.008324436288363813	0.0	*
p.Gly1266Ter	0.0	0.0	*
p.Gly1266Thr	0.003012299745408332	0.0	*
p.Gly1266Trp	0.0011171706498249601	0.0	*
p.Gly1266Tyr	0.0013357120025276662	0.0	*
p.Gly1266Val	0.0023722317142503653	0.0	*
p.Gly1268=	*	*	*
p.Gly1268Ala	0.02224595397706783	0.0	*
p.Gly1268Arg	0.008283464595844486	0.0	*
p.Gly1268Asn	0.033087078276465176	0.0	*
p.Gly1268Asp	0.009077959128161329	0.0	*
p.Gly1268Cys	0.009023115352689525	0.0	*
p.Gly1268Gln	0.01290512990672033	0.0	*
p.Gly1268Glu	0.005320843748528414	0.0	*
p.Gly1268His	0.01105149266401507	0.0	*
p.Gly1268Ile	0.007051289519481216	0.0	*
p.Gly1268Leu	0.007819174498500107	0.0	*
p.Gly1268Lys	0.009064496415438222	0.0	*
p.Gly1268Met	0.011014066884491058	0.0	*
p.Gly1268Phe	0.005920536890790186	0.0	*
p.Gly1268Pro	0.007097959629183582	0.0	*
p.Gly1268Ser	0.025103248191190253	0.0	*
p.Gly1268Ter	0.0	0.0	*
p.Gly1268Thr	0.00782251083219025	0.0	*
p.Gly1268Trp	0.0041773710945463005	0.0	*
p.Gly1268Tyr	0.006426413179442325	0.0	*
p.Gly1268Val	0.005644469024648618	0.0	*
p.Gly1281=	*	*	*
p.Gly1281Ala	0.033497928945626226	0.0	*
p.Gly1281Arg	0.013147501495121788	0.0	*
p.Gly1281Asn	0.049144158622065226	0.0	*
p.Gly1281Asp	0.009453679786137517	0.0	*
p.Gly1281Cys	0.007978969745466122	0.0	*
p.Gly1281Gln	0.019812686453972737	0.0	*
p.Gly1281Glu	0.004691004395133074	0.0	*
p.Gly1281His	0.009863011344448685	0.0	*
p.Gly1281Ile	0.008576180716298296	0.0	*
p.Gly1281Leu	0.019125673337516736	0.0	*
p.Gly1281Lys	0.01354392336958892	0.0	*
p.Gly1281Met	0.020028573163005704	0.0	*
p.Gly1281Phe	0.009799491688789776	0.0	*
p.Gly1281Pro	0.00477128749721084	0.0	*
p.Gly1281Ser	0.042016047632523326	0.0	*
p.Gly1281Ter	0.0	0.0	*
p.Gly1281Thr	0.01262983565203847	0.0	*
p.Gly1281Trp	0.005964823044684948	0.0	*
p.Gly1281Tyr	0.009439525923071781	0.0	*
p.Gly1281Val	0.009129226989726237	0.0	*
p.Gly1285=	*	*	*
p.Gly1285Ala	0.0046618916111893435	0.0	*
p.Gly1285Arg	0.0012666282635618088	0.0	*
p.Gly1285Asn	0.004259958832449318	0.0	*
p.Gly1285Asp	0.001484507584570223	0.0	*
p.Gly1285Cys	0.0018878525119030948	0.0	*
p.Gly1285Gln	0.0021525015633972406	0.0	*
p.Gly1285Glu	0.001015278405148465	0.0	*
p.Gly1285His	0.001294162526792219	0.0	*
p.Gly1285Ile	0.0016700711398626965	0.0	*
p.Gly1285Leu	0.001909883836346852	0.0	*
p.Gly1285Lys	0.0015903633983959913	0.0	*
p.Gly1285Met	0.0018521236087526542	0.0	*
p.Gly1285Phe	0.0011719109748349692	0.0	*
p.Gly1285Pro	0.001086258708503291	0.0	*
p.Gly1285Ser	0.0054114157037640385	0.0	*
p.Gly1285Ter	0.0	0.0	*
p.Gly1285Thr	0.0021825700160059587	0.0	*
p.Gly1285Trp	0.0012768020412563606	0.0	*
p.Gly1285Tyr	0.0016022297306167814	0.0	*
p.Gly1285Val	0.0020505431076174195	0.0	*
p.Gly1287=	*	*	*
p.Gly1287Ala	0.01822780236253368	0.0	*
p.Gly1287Arg	0.003626681592373905	0.0	*
p.Gly1287Asn	0.014829458537899742	0.0	*
p.Gly1287Asp	0.0018607746957517916	0.0	*
p.Gly1287Cys	0.004909799276662791	0.0	*
p.Gly1287Gln	0.008572973382747208	0.0	*
p.Gly1287Glu	0.0015398349974312833	0.0	*
p.Gly1287His	0.0035558913445231303	0.0	*
p.Gly1287Ile	0.005379339512763128	0.0	*
p.Gly1287Leu	0.00604813433965449	0.0	*
p.Gly1287Lys	0.005894198263821942	0.0	*
p.Gly1287Met	0.007871152116197225	0.0	*
p.Gly1287Phe	0.0028032594607863112	0.0	*
p.Gly1287Pro	0.002267198105253179	0.0	*
p.Gly1287Ser	0.036006278126525515	0.0	*
p.Gly1287Ter	0.0	0.0	*
p.Gly1287Thr	0.004988547076996996	0.0	*
p.Gly1287Trp	0.0033862347756882035	0.0	*
p.Gly1287Tyr	0.0024649201347070296	0.0	*
p.Gly1287Val	0.004551804937918472	0.0	*
p.Gly1335=	*	*	*
p.Gly1335Ala	0.02719177406286796	0.0	*
p.Gly1335Arg	0.0050285279059404464	0.0	*
p.Gly1335Asn	0.018434845922617505	0.0	*
p.Gly1335Asp	0.008985425504900878	0.0	*
p.Gly1335Cys	0.014342871616833713	0.0	*
p.Gly1335Gln	0.016766422285039696	0.0	*
p.Gly1335Glu	0.005429374020538395	0.0	*
p.Gly1335His	0.011995902953946192	0.0	*
p.Gly1335Ile	0.016388013480425498	0.0	*
p.Gly1335Leu	0.010805497290411706	0.0	*
p.Gly1335Lys	0.020645050407157903	0.0	*
p.Gly1335Met	0.021701022440980065	0.0	*
p.Gly1335Phe	0.011899636615425379	0.0	*
p.Gly1335Pro	0.005748040260655188	0.0	*
p.Gly1335Ser	0.06914702402276279	0.0	*
p.Gly1335Ter	0.0	0.0	*
p.Gly1335Thr	0.027896093811786097	0.0	*
p.Gly1335Trp	0.010691665898795173	0.0	*
p.Gly1335Tyr	0.008576180716298296	0.0	*
p.Gly1335Val	0.010542697952450181	0.0	*
p.Gly1341=	*	*	*
p.Gly1341Ala	0.06371262296221687	0.0	*
p.Gly1341Arg	0.011557493166972807	0.0	*
p.Gly1341Asn	0.055006887641806765	0.0	*
p.Gly1341Asp	0.013243222346258719	0.0	*
p.Gly1341Cys	0.020226151816758898	0.0	*
p.Gly1341Gln	0.01831361316230283	0.0	*
p.Gly1341Glu	0.007596590150644574	0.0	*
p.Gly1341His	0.01860662370520459	0.0	*
p.Gly1341Ile	0.025491783656753458	0.0	*
p.Gly1341Leu	0.018019279343444848	0.0	*
p.Gly1341Lys	0.022714920387924074	0.0	*
p.Gly1341Met	0.03897658009499772	0.0	*
p.Gly1341Phe	0.014604015651980148	0.0	*
p.Gly1341Pro	0.0112991529642032	0.0	*
p.Gly1341Ser	0.06865278812261727	0.0	*
p.Gly1341Ter	0.0	0.0	*
p.Gly1341Thr	0.032896425393707275	0.0	*
p.Gly1341Trp	0.01629995106205287	0.0	*
p.Gly1341Tyr	0.011481470154939055	0.0	*
p.Gly1341Val	0.01259449546705526	0.0	*
p.Gly1347=	*	*	*
p.Gly1347Ala	0.42002403931601406	0.0	*
p.Gly1347Arg	0.2217637987826187	0.0	*
p.Gly1347Asn	0.5145916921656302	0.0	*
p.Gly1347Asp	0.3675483651783922	0.0	*
p.Gly1347Cys	0.2686308853031467	0.0	*
p.Gly1347Gln	0.25506747932979	0.0	*
p.Gly1347Glu	0.2051804226957439	0.0	*
p.Gly1347His	0.30624578139411607	0.0	*
p.Gly1347Ile	0.17100386704060963	0.0	*
p.Gly1347Leu	0.22350624124276308	0.0	*
p.Gly1347Lys	0.34692131069473325	0.0	*
p.Gly1347Met	0.3325061035601044	0.0	*
p.Gly1347Phe	0.2344257284701926	0.0	*
p.Gly1347Pro	0.22221488313368454	0.0	*
p.Gly1347Ser	0.4439033301298354	0.0	*
p.Gly1347Ter	0.0	0.0	*
p.Gly1347Thr	0.3752946818002557	0.0	*
p.Gly1347Trp	0.16984696528299084	0.0	*
p.Gly1347Tyr	0.16474781258965793	0.0	*
p.Gly1347Val	0.1492044243897626	0.0	*
p.Gly1355=	*	*	*
p.Gly1355Ala	0.1804464408626773	0.0	*
p.Gly1355Arg	0.028188903618970914	0.0	*
p.Gly1355Asn	0.11273338451544763	0.0	*
p.Gly1355Asp	0.08541352397103341	0.0	*
p.Gly1355Cys	0.05721460886185295	0.0	*
p.Gly1355Gln	0.06020723989759003	0.0	*
p.Gly1355Glu	0.025796232077330394	0.0	*
p.Gly1355His	0.09044405109978974	0.0	*
p.Gly1355Ile	0.047734182153287445	0.0	*
p.Gly1355Leu	0.05138573015151264	0.0	*
p.Gly1355Lys	0.06504295776924689	0.0	*
p.Gly1355Met	0.09917961950238798	0.0	*
p.Gly1355Phe	0.03767759444626561	0.0	*
p.Gly1355Pro	0.04148923400676459	0.0	*
p.Gly1355Ser	0.16257529554587602	0.0	*
p.Gly1355Ter	0.0	0.0	*
p.Gly1355Thr	0.09563785366533481	0.0	*
p.Gly1355Trp	0.028878813257543937	0.0	*
p.Gly1355Tyr	0.022145673345055922	0.0	*
p.Gly1355Val	0.02553118053293425	0.0	*
p.Gly1390=	*	*	*
p.Gly1390Ala	0.999561155294033	0.0	*
p.Gly1390Arg	0.9922262142943853	0.0	*
p.Gly1390Asn	0.9990035611250556	0.0	*
p.Gly1390Asp	0.9972140599374211	0.0	*
p.Gly1390Cys	0.9972807289571592	0.0	*
p.Gly1390Gln	0.9977755071215675	0.0	*
p.Gly1390Glu	0.9949845599859517	0.0	*
p.Gly1390His	0.9983901369465447	0.0	*
p.Gly1390Ile	0.994934927119357	0.0	*
p.Gly1390Leu	0.9956727460254945	0.0	*
p.Gly1390Lys	0.9982776959054814	0.0	*
p.Gly1390Met	0.9985203580167259	0.0	*
p.Gly1390Phe	0.9933325156142452	0.0	*
p.Gly1390Pro	0.9901857058457157	0.0	*
p.Gly1390Ser	0.999276406608949	0.0	*
p.Gly1390Ter	0.0	0.0	*
p.Gly1390Thr	0.9990400425450312	0.0	*
p.Gly1390Trp	0.9870443802857927	0.0	*
p.Gly1390Tyr	0.9823927638793839	0.0	*
p.Gly1390Val	0.9793826733744309	0.0	*
p.Gly1405=	*	*	*
p.Gly1405Ala	0.9880223181631498	0.0	*
p.Gly1405Arg	0.8604780304206016	0.0	*
p.Gly1405Asn	0.988564906654088	0.0	*
p.Gly1405Asp	0.9516649286047999	0.0	*
p.Gly1405Cys	0.9197866881273994	0.0	*
p.Gly1405Gln	0.9287056913834856	0.0	*
p.Gly1405Glu	0.9090684117609564	0.0	*
p.Gly1405His	0.9634937016972313	0.0	*
p.Gly1405Ile	0.8580126703931776	0.0	*
p.Gly1405Leu	0.8714694424441471	0.0	*
p.Gly1405Lys	0.9490663572347177	0.0	*
p.Gly1405Met	0.9640863705658783	0.0	*
p.Gly1405Phe	0.873228173132782	0.0	*
p.Gly1405Ser	0.9848928646552063	0.0	*
p.Gly1405Ter	0.0	0.0	*
p.Gly1405Thr	0.9748689445294354	0.0	*
p.Gly1405Trp	0.726644330865992	0.0	*
p.Gly1405Tyr	0.7699576191800068	0.0	*
p.Gly1405Val	0.7769015581814159	0.0	*
p.Gly1449=	*	*	*
p.Gly1449Ala	0.9691168830677994	0.0	*
p.Gly1449Arg	0.9351022645548454	0.0	*
p.Gly1449Asn	0.9794546167658281	0.0	*
p.Gly1449Asp	0.9860442418967109	0.0	*
p.Gly1449Cys	0.9169072004849137	0.0	*
p.Gly1449Gln	0.9558674543920592	0.0	*
p.Gly1449Glu	0.9766487027863069	0.0	*
p.Gly1449His	0.9755533948109094	0.0	*
p.Gly1449Ile	0.9051771798660604	0.0	*
p.Gly1449Leu	0.9061210738432407	0.0	*
p.Gly1449Lys	0.9540348360342634	0.0	*
p.Gly1449Met	0.9293526765610582	0.0	*
p.Gly1449Phe	0.8951605488092387	0.0	*
p.Gly1449Pro	0.9595427493994894	0.0	*
p.Gly1449Ser	0.9826531999579954	0.0	*
p.Gly1449Ter	0.0	0.0	*
p.Gly1449Thr	0.973871992197657	0.0	*
p.Gly1449Trp	0.8522088298670955	0.0	*
p.Gly1449Tyr	0.8626170095174869	0.0	*
p.Gly1449Val	0.8649772807861446	0.0	*
p.Gly1458=	*	*	*
p.Gly1458Ala	0.7700355559265365	0.0	*
p.Gly1458Arg	0.6013896219120198	0.0	*
p.Gly1458Asn	0.9119874843726291	0.0	*
p.Gly1458Asp	0.9155989005021549	0.0	*
p.Gly1458Cys	0.33332205877582427	0.0	*
p.Gly1458Gln	0.7574913132013733	0.0	*
p.Gly1458Glu	0.6617541854812306	0.0	*
p.Gly1458His	0.7798700578515226	0.0	*
p.Gly1458Ile	0.4285749197907046	0.0	*
p.Gly1458Leu	0.6475832661092239	0.0	*
p.Gly1458Lys	0.8181605944498962	0.0	*
p.Gly1458Met	0.788085494260752	0.0	*
p.Gly1458Phe	0.6210592314222211	0.0	*
p.Gly1458Pro	0.6640543918170217	0.0	*
p.Gly1458Ser	0.963405945281951	0.0	*
p.Gly1458Ter	0.0	0.0	*
p.Gly1458Thr	0.9095018702059148	0.0	*
p.Gly1458Trp	0.388783166810146	0.0	*
p.Gly1458Tyr	0.4938186971047632	0.0	*
p.Gly1458Val	0.5490606864596113	0.0	*
p.Gly710=	*	*	*
p.Gly710Ala	0.07119493345709337	0.0	*
p.Gly710Arg	0.012347556153917614	0.0	*
p.Gly710Asn	0.04938491131482802	0.0	*
p.Gly710Asp	0.03181425208984648	0.0	*
p.Gly710Cys	0.03549646351484256	0.0	*
p.Gly710Gln	0.04046681399277549	0.0	*
p.Gly710Glu	0.024903950490950965	0.0	*
p.Gly710His	0.037087505395314406	0.0	*
p.Gly710Ile	0.02225128262280206	0.0	*
p.Gly710Leu	0.02805646185854412	0.0	*
p.Gly710Lys	0.026047372704512694	0.0	*
p.Gly710Met	0.05222257513196367	0.0	*
p.Gly710Phe	0.023796407570707435	0.0	*
p.Gly710Pro	0.017813937290589246	0.0	*
p.Gly710Ser	0.06366699207851069	0.0	*
p.Gly710Ter	0.0	0.0	*
p.Gly710Thr	0.06059429234497136	0.0	*
p.Gly710Trp	0.016242186363402102	0.0	*
p.Gly710Tyr	0.02136750544018509	0.0	*
p.Gly710Val	0.029128992610713295	0.0	*
p.Gly711=	*	*	*
p.Gly711Ala	0.07111852567415704	0.0	*
p.Gly711Arg	0.013568962009358707	0.0	*
p.Gly711Asn	0.0663706711924904	0.0	*
p.Gly711Asp	0.025975211617667464	0.0	*
p.Gly711Cys	0.03251151631688107	0.0	*
p.Gly711Gln	0.04200533464187639	0.0	*
p.Gly711Glu	0.02331072006675513	0.0	*
p.Gly711His	0.03298325891670404	0.0	*
p.Gly711Ile	0.030204303194696015	0.0	*
p.Gly711Leu	0.034704392419276565	0.0	*
p.Gly711Lys	0.035784367216128606	0.0	*
p.Gly711Met	0.10177804626912619	0.0	*
p.Gly711Phe	0.0266332606191481	0.0	*
p.Gly711Pro	0.024189732221694658	0.0	*
p.Gly711Ser	0.09904096686682629	0.0	*
p.Gly711Ter	0.0	0.0	*
p.Gly711Thr	0.0750297953731076	0.0	*
p.Gly711Trp	0.014446648517909109	0.0	*
p.Gly711Tyr	0.026939555158535695	0.0	*
p.Gly711Val	0.03023122206280055	0.0	*
p.Gly777=	*	*	*
p.Gly777Ala	0.05933769207259595	0.0	*
p.Gly777Arg	0.009385596313379657	0.0	*
p.Gly777Asn	0.0626024924668093	0.0	*
p.Gly777Asp	0.016828933655072178	0.0	*
p.Gly777Cys	0.020444128819881682	0.0	*
p.Gly777Gln	0.018360619985923577	0.0	*
p.Gly777Glu	0.008700550571441775	0.0	*
p.Gly777His	0.01963133330893365	0.0	*
p.Gly777Ile	0.015523063009617179	0.0	*
p.Gly777Leu	0.018063350414888803	0.0	*
p.Gly777Lys	0.015226389491886828	0.0	*
p.Gly777Met	0.034334827214016844	0.0	*
p.Gly777Phe	0.012392784991277585	0.0	*
p.Gly777Pro	0.010619196153543843	0.0	*
p.Gly777Ser	0.0687655825575102	0.0	*
p.Gly777Ter	0.0	0.0	*
p.Gly777Thr	0.02480048473046833	0.0	*
p.Gly777Trp	0.01128433076927438	0.0	*
p.Gly777Tyr	0.011982290028589615	0.0	*
p.Gly777Val	0.013071298265538468	0.0	*
p.Gly809=	*	*	*
p.Gly809Ala	0.7235285137124097	0.0	*
p.Gly809Arg	0.2681057854069489	0.0	*
p.Gly809Asn	0.7750373532334225	0.0	*
p.Gly809Asp	0.30035861695692334	0.0	*
p.Gly809Cys	0.1623545597782524	0.0	*
p.Gly809Gln	0.5404931806879185	0.0	*
p.Gly809Glu	0.2084946685322235	0.0	*
p.Gly809His	0.5004656150136069	0.0	*
p.Gly809Ile	0.4031492109817288	0.0	*
p.Gly809Leu	0.3989016114313367	0.0	*
p.Gly809Lys	0.5069294393585246	0.0	*
p.Gly809Met	0.610288948025603	0.0	*
p.Gly809Phe	0.2768413108878359	0.0	*
p.Gly809Pro	0.12491464582567965	0.0	*
p.Gly809Ser	0.725679795843467	0.0	*
p.Gly809Ter	0.0	0.0	*
p.Gly809Thr	0.41575780892385966	0.0	*
p.Gly809Trp	0.23026114964848632	0.0	*
p.Gly809Tyr	0.18285653116693823	0.0	*
p.Gly809Val	0.17198339107297467	0.0	*
p.Gly828=	*	*	*
p.Gly828Ala	0.37162173447708813	0.0	*
p.Gly828Arg	0.12632680891941722	0.0	*
p.Gly828Asn	0.4764012303792448	0.0	*
p.Gly828Asp	0.13132890355165835	0.0	*
p.Gly828Cys	0.1799866793492828	0.0	*
p.Gly828Gln	0.1807609494133778	0.0	*
p.Gly828Glu	0.12406111796453576	0.0	*
p.Gly828His	0.1446373706087676	0.0	*
p.Gly828Ile	0.1287190980198379	0.0	*
p.Gly828Leu	0.1022765332811197	0.0	*
p.Gly828Lys	0.19724196164739027	0.0	*
p.Gly828Met	0.18354837128509507	0.0	*
p.Gly828Phe	0.10623771229126212	0.0	*
p.Gly828Pro	0.08028703051276964	0.0	*
p.Gly828Ser	0.2856306640151562	0.0	*
p.Gly828Ter	0.0	0.0	*
p.Gly828Thr	0.1645629603871956	0.0	*
p.Gly828Trp	0.0663602634945441	0.0	*
p.Gly828Tyr	0.080573588535677	0.0	*
p.Gly828Val	0.0599443373907823	0.0	*
p.Gly836=	*	*	*
p.Gly836Ala	0.2442209690337676	0.0	*
p.Gly836Arg	0.14026374361414937	0.0	*
p.Gly836Asn	0.4987931145220694	0.0	*
p.Gly836Asp	0.21816246235575315	0.0	*
p.Gly836Cys	0.07837431049883098	0.0	*
p.Gly836Gln	0.16411243408572054	0.0	*
p.Gly836Glu	0.14830967448427831	0.0	*
p.Gly836His	0.1630519666488375	0.0	*
p.Gly836Ile	0.05056684282636832	0.0	*
p.Gly836Leu	0.08506437025367085	0.0	*
p.Gly836Lys	0.15247909987902536	0.0	*
p.Gly836Met	0.13609383024478852	0.0	*
p.Gly836Phe	0.07209507030709558	0.0	*
p.Gly836Pro	0.13325821504313978	0.0	*
p.Gly836Ser	0.4070712459805528	0.0	*
p.Gly836Ter	0.0	0.0	*
p.Gly836Thr	0.10340791563798758	0.0	*
p.Gly836Trp	0.05107861685652187	0.0	*
p.Gly836Tyr	0.0724582236051725	0.0	*
p.Gly836Val	0.05090607812327533	0.0	*
p.Gly837=	*	*	*
p.Gly837Ala	0.07641537101850605	0.0	*
p.Gly837Arg	0.04924306773467921	0.0	*
p.Gly837Asn	0.186999462595909	0.0	*
p.Gly837Asp	0.04363479890822791	0.0	*
p.Gly837Cys	0.029725142168688875	0.0	*
p.Gly837Gln	0.06158929416833249	0.0	*
p.Gly837Glu	0.03606833585856565	0.0	*
p.Gly837His	0.04658847886265303	0.0	*
p.Gly837Ile	0.0399930591477675	0.0	*
p.Gly837Leu	0.04293433009672737	0.0	*
p.Gly837Lys	0.05193967503625691	0.0	*
p.Gly837Met	0.08066086989896033	0.0	*
p.Gly837Phe	0.030840884868711504	0.0	*
p.Gly837Pro	0.048281601696426785	0.0	*
p.Gly837Ser	0.09367872163888998	0.0	*
p.Gly837Ter	0.0	0.0	*
p.Gly837Thr	0.04911425672374275	0.0	*
p.Gly837Trp	0.027884292153298133	0.0	*
p.Gly837Tyr	0.03670671845611109	0.0	*
p.Gly837Val	0.02971591690978781	0.0	*
p.Gly843=	*	*	*
p.Gly843Ala	0.001081589489484959	0.0	*
p.Gly843Arg	0.0005850096478399685	0.0	*
p.Gly843Asn	0.0016166820888415783	0.0	*
p.Gly843Asp	0.00047276733018499596	0.0	*
p.Gly843Cys	0.0005542506286589428	0.0	*
p.Gly843Gln	0.0010248630356461562	0.0	*
p.Gly843Glu	0.0002530159817919238	0.0	*
p.Gly843His	0.0002701900997822953	0.0	*
p.Gly843Ile	0.0009797962783052454	0.0	*
p.Gly843Leu	0.000771617285713331	0.0	*
p.Gly843Met	0.0009895271352463083	0.0	*
p.Gly843Phe	0.0005604599587213844	0.0	*
p.Gly843Pro	0.000760781951645406	0.0	*
p.Gly843Ser	0.0014489604223354338	0.0	*
p.Gly843Ter	0.0	0.0	*
p.Gly843Thr	0.0007734168271243266	0.0	*
p.Gly843Tyr	0.0011537882613475016	0.0	*
p.Gly843Val	0.0005727911770944166	0.0	*
p.Gly848=	*	*	*
p.Gly848Ala	0.14739440672518297	0.0	*
p.Gly848Arg	0.06471987133107696	0.0	*
p.Gly848Asn	0.26221506093976127	0.0	*
p.Gly848Asp	0.1599389515316766	0.0	*
p.Gly848Cys	0.07244922818221632	0.0	*
p.Gly848Gln	0.16010128190971767	0.0	*
p.Gly848Glu	0.08525586341186861	0.0	*
p.Gly848His	0.13202346736544937	0.0	*
p.Gly848Ile	0.05423479820482215	0.0	*
p.Gly848Leu	0.07024392999645797	0.0	*
p.Gly848Lys	0.08455698516729286	0.0	*
p.Gly848Met	0.1209652799234949	0.0	*
p.Gly848Phe	0.049335376854471084	0.0	*
p.Gly848Pro	0.06717263384384728	0.0	*
p.Gly848Ser	0.179897921470149	0.0	*
p.Gly848Ter	0.0	0.0	*
p.Gly848Thr	0.06938951661162977	0.0	*
p.Gly848Trp	0.03854645999220747	0.0	*
p.Gly848Tyr	0.06198759342906531	0.0	*
p.Gly848Val	0.043383919048244665	0.0	*
p.Gly859=	*	*	*
p.Gly859Ala	0.06464027373553832	0.0	*
p.Gly859Arg	0.022736675649618277	0.0	*
p.Gly859Asn	0.10132492784398263	0.0	*
p.Gly859Asp	0.030410233148357953	0.0	*
p.Gly859Cys	0.030470424066515376	0.0	*
p.Gly859Gln	0.033055245605726806	0.0	*
p.Gly859Glu	0.015610995730980806	0.0	*
p.Gly859His	0.024082079729027882	0.0	*
p.Gly859Ile	0.015201053292017588	0.0	*
p.Gly859Leu	0.019864626671310403	0.0	*
p.Gly859Lys	0.036945786475452554	0.0	*
p.Gly859Met	0.03614523780724486	0.0	*
p.Gly859Phe	0.013998405376333858	0.0	*
p.Gly859Pro	0.017363685009789468	0.0	*
p.Gly859Ser	0.060416874745554884	0.0	*
p.Gly859Ter	0.0	0.0	*
p.Gly859Thr	0.028689659812710933	0.0	*
p.Gly859Trp	0.012904591531220918	0.0	*
p.Gly859Tyr	0.013391152631384504	0.0	*
p.Gly859Val	0.01656546827929827	0.0	*
p.Gly869=	*	*	*
p.Gly869Ala	0.7444583922819769	0.0	*
p.Gly869Arg	0.4305647394857449	0.0	*
p.Gly869Asn	0.8290544162150127	0.0	*
p.Gly869Asp	0.6334024438382798	0.0	*
p.Gly869Cys	0.49412978143964703	0.0	*
p.Gly869Gln	0.4216129730435586	0.0	*
p.Gly869Glu	0.48817669091311355	0.0	*
p.Gly869His	0.4694174659366577	0.0	*
p.Gly869Ile	0.3604849667532727	0.0	*
p.Gly869Leu	0.4540553530496203	0.0	*
p.Gly869Lys	0.5414073566585709	0.0	*
p.Gly869Met	0.491848124820986	0.0	*
p.Gly869Phe	0.31463812510588485	0.0	*
p.Gly869Pro	0.610550784285872	0.0	*
p.Gly869Ser	0.582854636936191	0.0	*
p.Gly869Ter	0.0	0.0	*
p.Gly869Thr	0.4274741517177355	0.0	*
p.Gly869Trp	0.236587824544235	0.0	*
p.Gly869Tyr	0.27455448373348307	0.0	*
p.Gly869Val	0.24367082035354332	0.0	*
p.Gly875=	*	*	*
p.Gly875Ala	0.015178963424775429	0.0	*
p.Gly875Arg	0.0037765537338512152	0.0	*
p.Gly875Asn	0.014719720921540202	0.0	*
p.Gly875Asp	0.006214038639463296	0.0	*
p.Gly875Cys	0.004724181634565538	0.0	*
p.Gly875Gln	0.010032747372074664	0.0	*
p.Gly875Glu	0.004172131603119268	0.0	*
p.Gly875His	0.0045391752269303524	0.0	*
p.Gly875Ile	0.004263421107975129	0.0	*
p.Gly875Leu	0.004535804760664098	0.0	*
p.Gly875Lys	0.005103277793385196	0.0	*
p.Gly875Met	0.007765040534679687	0.0	*
p.Gly875Phe	0.003732688378839424	0.0	*
p.Gly875Pro	0.004003385538051836	0.0	*
p.Gly875Ser	0.012686020826760151	0.0	*
p.Gly875Ter	0.0	0.0	*
p.Gly875Thr	0.0062885905054217645	0.0	*
p.Gly875Tyr	0.005873090994953608	0.0	*
p.Gly875Val	0.005005525351792324	0.0	*
p.Gly881=	*	*	*
p.Gly881Ala	0.40242347754540264	0.0	*
p.Gly881Arg	0.07775298699671353	0.0	*
p.Gly881Asn	0.39760720339579825	0.0	*
p.Gly881Asp	0.14982299208561348	0.0	*
p.Gly881Cys	0.13506563484784437	0.0	*
p.Gly881Gln	0.20936891698151502	0.0	*
p.Gly881Glu	0.10267417588021055	0.0	*
p.Gly881His	0.1485767265228996	0.0	*
p.Gly881Ile	0.1192492991364197	0.0	*
p.Gly881Leu	0.1324708901136979	0.0	*
p.Gly881Lys	0.1544682157726442	0.0	*
p.Gly881Met	0.1837576371337915	0.0	*
p.Gly881Phe	0.08305492100247927	0.0	*
p.Gly881Pro	0.12232746405844452	0.0	*
p.Gly881Ser	0.35264894840653654	0.0	*
p.Gly881Ter	0.0	0.0	*
p.Gly881Thr	0.13474005279082749	0.0	*
p.Gly881Trp	0.07029522994497844	0.0	*
p.Gly881Tyr	0.06559229582191715	0.0	*
p.Gly881Val	0.06898319110428512	0.0	*
p.Gly891=	*	*	*
p.Gly891Ala	0.025306912767957723	0.0	*
p.Gly891Arg	0.007044312484944515	0.0	*
p.Gly891Asn	0.025495804941184433	0.0	*
p.Gly891Asp	0.013930483665875034	0.0	*
p.Gly891Cys	0.0062155113349650695	0.0	*
p.Gly891Gln	0.011542814012977689	0.0	*
p.Gly891Glu	0.0060160639291468075	0.0	*
p.Gly891His	0.010814500264355079	0.0	*
p.Gly891Ile	0.008812754656319437	0.0	*
p.Gly891Leu	0.009009931593835879	0.0	*
p.Gly891Lys	0.012511414540303054	0.0	*
p.Gly891Met	0.010508916302663792	0.0	*
p.Gly891Phe	0.007591184217878913	0.0	*
p.Gly891Pro	0.008291926172733947	0.0	*
p.Gly891Ser	0.028850216730404162	0.0	*
p.Gly891Ter	0.0	0.0	*
p.Gly891Thr	0.015318051005993033	0.0	*
p.Gly891Trp	0.004063648920791075	0.0	*
p.Gly891Tyr	0.007113255463709111	0.0	*
p.Gly891Val	0.007723495162171087	0.0	*
p.Gly922=	*	*	*
p.Gly922Ala	0.02610412438014994	0.0	*
p.Gly922Arg	0.006418426641983449	0.0	*
p.Gly922Asn	0.028396379838982105	0.0	*
p.Gly922Asp	0.011001387351440076	0.0	*
p.Gly922Cys	0.00935101158400302	0.0	*
p.Gly922Gln	0.01636127567560552	0.0	*
p.Gly922Glu	0.004569461349392345	0.0	*
p.Gly922His	0.010516557960326611	0.0	*
p.Gly922Ile	0.010795619362931256	0.0	*
p.Gly922Leu	0.008745124563395719	0.0	*
p.Gly922Lys	0.012851514253089785	0.0	*
p.Gly922Met	0.011786529082873951	0.0	*
p.Gly922Phe	0.00528142990285872	0.0	*
p.Gly922Pro	0.0034599216948900564	0.0	*
p.Gly922Ser	0.07737607163612871	0.0	*
p.Gly922Ter	0.0	0.0	*
p.Gly922Thr	0.011902423555442583	0.0	*
p.Gly922Trp	0.005551287988110568	0.0	*
p.Gly922Tyr	0.004806691960965805	0.0	*
p.Gly922Val	0.005497850746535353	0.0	*
p.Gly943=	*	*	*
p.Gly943Ala	0.822451771085347	0.0	*
p.Gly943Arg	0.3079715075717542	0.0	*
p.Gly943Asn	0.7666208997204372	0.0	*
p.Gly943Asp	0.39066099902895596	0.0	*
p.Gly943Cys	0.4592161854065608	0.0	*
p.Gly943Gln	0.4409820511115429	0.0	*
p.Gly943Glu	0.20091984838127527	0.0	*
p.Gly943His	0.44494019906976634	0.0	*
p.Gly943Ile	0.3815996864035485	0.0	*
p.Gly943Leu	0.391640086653639	0.0	*
p.Gly943Lys	0.5607206534374617	0.0	*
p.Gly943Met	0.6834111128995816	0.0	*
p.Gly943Phe	0.3984895700490987	0.0	*
p.Gly943Pro	0.22813469852810506	0.0	*
p.Gly943Ser	0.8718019199345614	0.0	*
p.Gly943Ter	0.0	0.0	*
p.Gly943Thr	0.6763353567101351	0.0	*
p.Gly943Trp	0.30374043308062054	0.0	*
p.Gly943Tyr	0.29108392032505687	0.0	*
p.Gly943Val	0.23887066808929974	0.0	*
p.Gly948=	*	*	*
p.Gly948Ala	0.9737193519692543	0.0	*
p.Gly948Arg	0.9270259437391686	0.0	*
p.Gly948Asn	0.9910194489330371	0.0	*
p.Gly948Asp	0.9730666433881697	0.0	*
p.Gly948Cys	0.9320971069603816	0.0	*
p.Gly948Gln	0.9433260009855244	0.0	*
p.Gly948Glu	0.9354298330424413	0.0	*
p.Gly948His	0.9745382225116812	0.0	*
p.Gly948Ile	0.8486734787606239	0.0	*
p.Gly948Leu	0.8739548715938927	0.0	*
p.Gly948Lys	0.9648278133345324	0.0	*
p.Gly948Met	0.9735304892764497	0.0	*
p.Gly948Phe	0.893194660060006	0.0	*
p.Gly948Pro	0.8858736639015993	0.0	*
p.Gly948Ser	0.9827228547631771	0.0	*
p.Gly948Ter	0.0	0.0	*
p.Gly948Thr	0.9700425889284295	0.0	*
p.Gly948Trp	0.7826743090919103	0.0	*
p.Gly948Tyr	0.8367312554000412	0.0	*
p.Gly948Val	0.6517226709986083	0.0	*
p.Gly988=	*	*	*
p.Gly988Ala	0.0019086627387235623	0.0	*
p.Gly988Arg	0.0012373648538948662	0.0	*
p.Gly988Asn	0.003788396345971813	0.0	*
p.Gly988Asp	0.0011017611434347306	0.0	*
p.Gly988Cys	0.0017923262681396781	0.0	*
p.Gly988Gln	0.001053389941175899	0.0	*
p.Gly988Glu	0.0005666399443203741	0.0	*
p.Gly988His	0.0008919397645580798	0.0	*
p.Gly988Ile	0.0015784589983671414	0.0	*
p.Gly988Leu	0.0017658953138399195	0.0	*
p.Gly988Lys	0.0011462010859400822	0.0	*
p.Gly988Met	0.002404403987268073	0.0	*
p.Gly988Phe	0.0011522725404055547	0.0	*
p.Gly988Pro	0.002186028009918015	0.0	*
p.Gly988Ser	0.0028455897824001134	0.0	*
p.Gly988Ter	0.0	0.0	*
p.Gly988Thr	0.002598016398923745	0.0	*
p.Gly988Trp	0.000997604954278529	0.0	*
p.Gly988Tyr	0.00308026757442472	0.0	*
p.Gly988Val	0.0018384939255481176	0.0	*
p.Gly998=	*	*	*
p.Gly998Ala	0.00015395788917623842	0.0	*
p.Gly998Arg	4.990257374127281e-05	0.0	*
p.Gly998Asn	9.91519038520796e-05	0.0	*
p.Gly998Asp	5.5588595054021726e-05	0.0	*
p.Gly998Cys	7.135379393177962e-05	0.0	*
p.Gly998Gln	0.0001278281651310752	0.0	*
p.Gly998Glu	3.0718637436550375e-05	0.0	*
p.Gly998His	6.103515625000004e-05	0.0	*
p.Gly998Ile	0.00011182646346857923	0.0	*
p.Gly998Leu	9.477219757485086e-05	0.0	*
p.Gly998Lys	9.477219757485086e-05	0.0	*
p.Gly998Met	0.00010767325035321114	0.0	*
p.Gly998Phe	6.628066031952221e-05	0.0	*
p.Gly998Pro	3.7571545817410796e-05	0.0	*
p.Gly998Ser	0.00035510902181869924	0.0	*
p.Gly998Ter	0.0	0.0	*
p.Gly998Thr	0.00011994180386501028	0.0	*
p.Gly998Trp	8.106697021138519e-05	0.0	*
p.Gly998Tyr	8.106697021138519e-05	0.0	*
p.Gly998Val	0.00011591458022039403	0.0	*
p.His1019=	*	*	*
p.His1019Ala	0.2250596487597635	0.0	*
p.His1019Arg	0.10987148699655915	0.0	*
p.His1019Asn	0.17923503726841036	0.0	*
p.His1019Asp	0.05820811670025614	0.0	*
p.His1019Cys	0.0865305936416576	0.0	*
p.His1019Gln	0.07852943558488132	0.0	*
p.His1019Glu	0.02530126491973896	0.0	*
p.His1019Gly	0.20546470349492219	0.0	*
p.His1019Ile	0.06659107018455689	0.0	*
p.His1019Leu	0.11838405355901827	0.0	*
p.His1019Lys	0.11532387476319993	0.0	*
p.His1019Met	0.21516929158945916	0.0	*
p.His1019Phe	0.10128285225753268	0.0	*
p.His1019Pro	0.020189057911759536	0.0	*
p.His1019Ser	0.2579316317065577	0.0	*
p.His1019Ter	0.0	0.0	*
p.His1019Thr	0.13930039980877776	0.0	*
p.His1019Trp	0.07000662148248286	0.0	*
p.His1019Tyr	0.12589034511933545	0.0	*
p.His1019Val	0.1492860710971633	0.0	*
p.His1034=	*	*	*
p.His1034Ala	0.7461195682561463	0.0	*
p.His1034Arg	0.5073054730338387	0.0	*
p.His1034Asn	0.8169751195755875	0.0	*
p.His1034Asp	0.34923396010819274	0.0	*
p.His1034Cys	0.3373635608585552	0.0	*
p.His1034Gln	0.32704515532140915	0.0	*
p.His1034Glu	0.1799608370794564	0.0	*
p.His1034Gly	0.5352920454415381	0.0	*
p.His1034Ile	0.3023191656099702	0.0	*
p.His1034Leu	0.3473656995887401	0.0	*
p.His1034Lys	0.41506307250402863	0.0	*
p.His1034Met	0.5749747771182571	0.0	*
p.His1034Phe	0.2927431311418195	0.0	*
p.His1034Pro	0.1504088017529977	0.0	*
p.His1034Ser	0.7755138435214771	0.0	*
p.His1034Ter	0.0	0.0	*
p.His1034Thr	0.6696719248026881	0.0	*
p.His1034Trp	0.17246769348782506	0.0	*
p.His1034Tyr	0.30918142804857485	0.0	*
p.His1034Val	0.3774118978477771	0.0	*
p.His1069=	*	*	*
p.His1069Ala	0.04132132974237313	0.0	*
p.His1069Arg	0.05288705062944816	0.0	*
p.His1069Asn	0.05827782531423513	0.0	*
p.His1069Asp	0.043225620483885084	0.0	*
p.His1069Cys	0.01151908461568905	0.0	*
p.His1069Gln	0.027736881115415675	0.0	*
p.His1069Glu	0.020789872170528877	0.0	*
p.His1069Gly	0.03138309984925186	0.0	*
p.His1069Ile	0.023918249983518613	0.0	*
p.His1069Leu	0.022740476624186372	0.0	*
p.His1069Lys	0.029681264155703813	0.0	*
p.His1069Met	0.0280338795838853	0.0	*
p.His1069Phe	0.01776396913393897	0.0	*
p.His1069Pro	0.012365382037185737	0.0	*
p.His1069Ser	0.059931235060113414	0.0	*
p.His1069Ter	0.0	0.0	*
p.His1069Thr	0.045698639767124016	0.0	*
p.His1069Trp	0.01473345725984089	0.0	*
p.His1069Tyr	0.02900030856353258	0.0	*
p.His1069Val	0.035668837773952265	0.0	*
p.His1115=	*	*	*
p.His1115Ala	0.19637676576170682	0.0	*
p.His1115Arg	0.05997903869857314	0.0	*
p.His1115Asn	0.14328368026209024	0.0	*
p.His1115Asp	0.15168397010864365	0.0	*
p.His1115Cys	0.09543330895724415	0.0	*
p.His1115Gln	0.21700673439976997	0.0	*
p.His1115Glu	0.09066537356756936	0.0	*
p.His1115Gly	0.20815633423529015	0.0	*
p.His1115Ile	0.0661935114616885	0.0	*
p.His1115Leu	0.09920702558270354	0.0	*
p.His1115Lys	0.1240291740384119	0.0	*
p.His1115Met	0.14591873690581064	0.0	*
p.His1115Phe	0.13635158380454046	0.0	*
p.His1115Pro	0.05423479820482215	0.0	*
p.His1115Ser	0.2938875375049246	0.0	*
p.His1115Ter	0.0	0.0	*
p.His1115Thr	0.16621939595728982	0.0	*
p.His1115Trp	0.1030234235434462	0.0	*
p.His1115Tyr	0.14784434528076174	0.0	*
p.His1115Val	0.1629329457196958	0.0	*
p.His1126=	*	*	*
p.His1126Ala	0.6547877644280222	0.0	*
p.His1126Arg	0.6357832975799244	0.0	*
p.His1126Asn	0.7990179042989651	0.0	*
p.His1126Asp	0.5758449302689216	0.0	*
p.His1126Cys	0.3763949950843529	0.0	*
p.His1126Gln	0.3987530649113833	0.0	*
p.His1126Glu	0.44237812407320715	0.0	*
p.His1126Gly	0.6979937431762305	0.0	*
p.His1126Ile	0.37685576736659304	0.0	*
p.His1126Leu	0.5442180054215133	0.0	*
p.His1126Lys	0.5458716665394733	0.0	*
p.His1126Met	0.586499602764683	0.0	*
p.His1126Phe	0.5136765212480159	0.0	*
p.His1126Pro	0.5434843522830853	0.0	*
p.His1126Ser	0.8030667783610645	0.0	*
p.His1126Ter	0.0	0.0	*
p.His1126Thr	0.771128181291388	0.0	*
p.His1126Trp	0.4663337623043216	0.0	*
p.His1126Tyr	0.4709045851295147	0.0	*
p.His1126Val	0.5540432937902217	0.0	*
p.His1172=	*	*	*
p.His1172Ala	0.05298833798441069	0.0	*
p.His1172Arg	0.04484583133727407	0.0	*
p.His1172Asn	0.06131997246990589	0.0	*
p.His1172Asp	0.0335815906877922	0.0	*
p.His1172Cys	0.025603072975327965	0.0	*
p.His1172Gln	0.0335390559355863	0.0	*
p.His1172Glu	0.018662506253717463	0.0	*
p.His1172Gly	0.03924053038094202	0.0	*
p.His1172Ile	0.028577748941586097	0.0	*
p.His1172Leu	0.0388861893137719	0.0	*
p.His1172Lys	0.039646934271406996	0.0	*
p.His1172Met	0.057662332785678214	0.0	*
p.His1172Phe	0.020040611881427747	0.0	*
p.His1172Pro	0.008826697458837336	0.0	*
p.His1172Ser	0.10086971265057944	0.0	*
p.His1172Ter	0.0	0.0	*
p.His1172Thr	0.04853821971300195	0.0	*
p.His1172Trp	0.024371431616623057	0.0	*
p.His1172Tyr	0.02762838469178401	0.0	*
p.His1172Val	0.03903355221078172	0.0	*
p.His1207=	*	*	*
p.His1207Ala	0.17918447878933616	0.0	*
p.His1207Arg	0.12392770572074427	0.0	*
p.His1207Asn	0.21732913977192442	0.0	*
p.His1207Asp	0.06323197940571108	0.0	*
p.His1207Cys	0.13840577208151555	0.0	*
p.His1207Gln	0.08216848366350188	0.0	*
p.His1207Glu	0.032244368971391414	0.0	*
p.His1207Gly	0.20164322426218587	0.0	*
p.His1207Ile	0.12618044730309116	0.0	*
p.His1207Leu	0.1308636554557246	0.0	*
p.His1207Lys	0.08767598012109588	0.0	*
p.His1207Met	0.292606719215894	0.0	*
p.His1207Phe	0.09455179773624563	0.0	*
p.His1207Pro	0.018822398900987372	0.0	*
p.His1207Ser	0.29145365185338334	0.0	*
p.His1207Ter	0.0	0.0	*
p.His1207Thr	0.2829497668353581	0.0	*
p.His1207Trp	0.10546585233726292	0.0	*
p.His1207Tyr	0.15108827764088412	0.0	*
p.His1207Val	0.26576695118695026	0.0	*
p.His1247=	*	*	*
p.His1247Ala	0.21915246388730905	0.0	*
p.His1247Arg	0.2296040422310314	0.0	*
p.His1247Asn	0.3610807609757063	0.0	*
p.His1247Asp	0.11269606128131697	0.0	*
p.His1247Cys	0.15253682755983186	0.0	*
p.His1247Gln	0.10883907948178465	0.0	*
p.His1247Glu	0.04731324679139734	0.0	*
p.His1247Gly	0.19755666915134615	0.0	*
p.His1247Ile	0.11160549625964797	0.0	*
p.His1247Leu	0.14452134568819372	0.0	*
p.His1247Lys	0.15505208796174605	0.0	*
p.His1247Met	0.21012966150052334	0.0	*
p.His1247Phe	0.13146083433421848	0.0	*
p.His1247Pro	0.06069400928390415	0.0	*
p.His1247Ser	0.3993781490271781	0.0	*
p.His1247Ter	0.0	0.0	*
p.His1247Thr	0.26418421753715443	0.0	*
p.His1247Trp	0.08285968852799123	0.0	*
p.His1247Tyr	0.19093505814194967	0.0	*
p.His1247Val	0.2028979925729043	0.0	*
p.His1312=	*	*	*
p.His1312Ala	0.07431915830920335	0.0	*
p.His1312Arg	0.057707249825437255	0.0	*
p.His1312Asn	0.08056290575553927	0.0	*
p.His1312Asp	0.033991992958300896	0.0	*
p.His1312Cys	0.033372447266180286	0.0	*
p.His1312Gln	0.03587525161985892	0.0	*
p.His1312Glu	0.010844100315719925	0.0	*
p.His1312Gly	0.07761641464808698	0.0	*
p.His1312Ile	0.032245823418671556	0.0	*
p.His1312Leu	0.04029214187135281	0.0	*
p.His1312Lys	0.050369080296376115	0.0	*
p.His1312Met	0.08183810757866262	0.0	*
p.His1312Phe	0.03519950124090274	0.0	*
p.His1312Pro	0.009241646898806133	0.0	*
p.His1312Ser	0.1309362600364855	0.0	*
p.His1312Ter	0.0	0.0	*
p.His1312Thr	0.10245560968129157	0.0	*
p.His1312Trp	0.02674701682805846	0.0	*
p.His1312Tyr	0.04366609543943786	0.0	*
p.His1312Val	0.09292796574285331	0.0	*
p.His1389=	*	*	*
p.His1389Ala	0.9997327055411913	0.0	*
p.His1389Arg	0.9975303030969848	0.0	*
p.His1389Asn	0.9991319531566866	0.0	*
p.His1389Asp	0.9965568334141068	0.0	*
p.His1389Cys	0.9985431115125046	0.0	*
p.His1389Gln	0.9988589237893478	0.0	*
p.His1389Glu	0.9977983096579642	0.0	*
p.His1389Gly	0.9989922492644543	0.0	*
p.His1389Ile	0.9929624680149185	0.0	*
p.His1389Leu	0.9990098640198786	0.0	*
p.His1389Lys	0.9992217732871472	0.0	*
p.His1389Met	0.9996154468244868	0.0	*
p.His1389Phe	0.9983895106653943	0.0	*
p.His1389Pro	0.9774529115053671	0.0	*
p.His1389Ser	0.99944952192731	0.0	*
p.His1389Ter	0.0	0.0	*
p.His1389Thr	0.9996173664096575	0.0	*
p.His1389Trp	0.9944512960828257	0.0	*
p.His1389Tyr	0.9960309100627462	0.0	*
p.His1389Val	0.9972459744182884	0.0	*
p.His1391=	*	*	*
p.His1391Ala	0.9999221848386838	0.0	*
p.His1391Arg	0.9998575524716624	0.0	*
p.His1391Asn	0.9999037007486761	0.0	*
p.His1391Asp	0.9994523180432352	0.0	*
p.His1391Cys	0.9998378995376681	0.0	*
p.His1391Gln	0.9996192859932483	0.0	*
p.His1391Glu	0.9994125878426352	0.0	*
p.His1391Gly	0.9999321570070171	0.0	*
p.His1391Ile	0.9996883899504178	0.0	*
p.His1391Leu	0.9998725737108591	0.0	*
p.His1391Lys	0.9998721564555207	0.0	*
p.His1391Met	0.9999775527828033	0.0	*
p.His1391Phe	0.9998544647605108	0.0	*
p.His1391Pro	0.998042692051506	0.0	*
p.His1391Ser	0.9999516839747037	0.0	*
p.His1391Ter	0.0	0.0	*
p.His1391Thr	0.999974256611909	0.0	*
p.His1391Trp	0.9997193108045092	0.0	*
p.His1391Tyr	0.9995610718318296	0.0	*
p.His1391Val	0.9998546316639207	0.0	*
p.His1403=	*	*	*
p.His1403Ala	0.980995236380904	0.0	*
p.His1403Arg	0.934393158714495	0.0	*
p.His1403Asn	0.9612178371077644	0.0	*
p.His1403Asp	0.9541155533645813	0.0	*
p.His1403Cys	0.9339489213506417	0.0	*
p.His1403Gln	0.9127634861066216	0.0	*
p.His1403Glu	0.9052734082669861	0.0	*
p.His1403Gly	0.962699105636934	0.0	*
p.His1403Ile	0.8931488962372315	0.0	*
p.His1403Leu	0.881026906942753	0.0	*
p.His1403Lys	0.9421152600953528	0.0	*
p.His1403Met	0.960177942583881	0.0	*
p.His1403Phe	0.9066934650402563	0.0	*
p.His1403Pro	0.8077757488211358	0.0	*
p.His1403Ser	0.9716148082229229	0.0	*
p.His1403Ter	0.0	0.0	*
p.His1403Thr	0.9903789823912756	0.0	*
p.His1403Trp	0.8386091011980397	0.0	*
p.His1403Tyr	0.897883699849189	0.0	*
p.His1403Val	0.948194466490628	0.0	*
p.His1441=	*	*	*
p.His1441Ala	0.9126857771691211	0.0	*
p.His1441Arg	0.924014401470472	0.0	*
p.His1441Asn	0.9603181287545741	0.0	*
p.His1441Asp	0.9100021886371114	0.0	*
p.His1441Cys	0.7613195238647374	0.0	*
p.His1441Gln	0.8303829749391989	0.0	*
p.His1441Glu	0.8446046924610472	0.0	*
p.His1441Gly	0.8702852162604349	0.0	*
p.His1441Ile	0.8063371995454673	0.0	*
p.His1441Leu	0.8376960840861443	0.0	*
p.His1441Lys	0.8478187263992483	0.0	*
p.His1441Met	0.9177218467124068	0.0	*
p.His1441Phe	0.7805770001012966	0.0	*
p.His1441Pro	0.8944859681615724	0.0	*
p.His1441Ser	0.9394010152235472	0.0	*
p.His1441Ter	0.0	0.0	*
p.His1441Thr	0.9455784389457383	0.0	*
p.His1441Trp	0.7565292033746216	0.0	*
p.His1441Tyr	0.8197862129020438	0.0	*
p.His1441Val	0.8275670331965028	0.0	*
p.His724=	*	*	*
p.His724Ala	0.9071937942514996	0.0	*
p.His724Arg	0.6266973013079055	0.0	*
p.His724Asn	0.9050097058682443	0.0	*
p.His724Asp	0.6592270971053424	0.0	*
p.His724Cys	0.7144661282387996	0.0	*
p.His724Gln	0.7451296603889606	0.0	*
p.His724Glu	0.6100899738920937	0.0	*
p.His724Gly	0.8437797680415955	0.0	*
p.His724Ile	0.5490787047190564	0.0	*
p.His724Leu	0.7255430750461884	0.0	*
p.His724Lys	0.8267020477712159	0.0	*
p.His724Met	0.9363827181701747	0.0	*
p.His724Phe	0.6879005949108747	0.0	*
p.His724Pro	0.20213539908303282	0.0	*
p.His724Ser	0.9368159054367432	0.0	*
p.His724Ter	0.0	0.0	*
p.His724Thr	0.9151809403347885	0.0	*
p.His724Trp	0.462161634816799	0.0	*
p.His724Tyr	0.550309496708134	0.0	*
p.His724Val	0.7529176216187121	0.0	*
p.His782=	*	*	*
p.His782Ala	0.19429963759667085	0.0	*
p.His782Arg	0.05095928557809996	0.0	*
p.His782Asn	0.1657255545861134	0.0	*
p.His782Asp	0.04700971554190199	0.0	*
p.His782Cys	0.0712006302562392	0.0	*
p.His782Gln	0.07895786256364294	0.0	*
p.His782Glu	0.053135637209628356	0.0	*
p.His782Gly	0.2121024581499279	0.0	*
p.His782Ile	0.05765666395505246	0.0	*
p.His782Leu	0.12762286770321105	0.0	*
p.His782Lys	0.09415497837428732	0.0	*
p.His782Met	0.28968032125240417	0.0	*
p.His782Phe	0.10334854824888365	0.0	*
p.His782Pro	0.026005920467790315	0.0	*
p.His782Ser	0.21823432776821977	0.0	*
p.His782Ter	0.0	0.0	*
p.His782Thr	0.15439221506855472	0.0	*
p.His782Trp	0.057528342735533776	0.0	*
p.His782Tyr	0.08545746937779736	0.0	*
p.His782Val	0.17878371722636302	0.0	*
p.His880=	*	*	*
p.His880Ala	0.23076330877456272	0.0	*
p.His880Arg	0.09198929934151799	0.0	*
p.His880Asn	0.26552313352357465	0.0	*
p.His880Asp	0.11373679060145638	0.0	*
p.His880Cys	0.1089555206478019	0.0	*
p.His880Gln	0.09731702219578592	0.0	*
p.His880Glu	0.058404310229350234	0.0	*
p.His880Gly	0.23918332646723717	0.0	*
p.His880Ile	0.0835781686733368	0.0	*
p.His880Leu	0.12944689786775335	0.0	*
p.His880Lys	0.1488933125623511	0.0	*
p.His880Met	0.2016181959119069	0.0	*
p.His880Phe	0.13321852501710746	0.0	*
p.His880Pro	0.05893772530620909	0.0	*
p.His880Ser	0.26323055463279815	0.0	*
p.His880Ter	0.0	0.0	*
p.His880Thr	0.17927513102683423	0.0	*
p.His880Trp	0.0866429837312592	0.0	*
p.His880Tyr	0.17089063223790257	0.0	*
p.His880Val	0.15315536500251645	0.0	*
p.His889=	*	*	*
p.His889Ala	0.05377800966577698	0.0	*
p.His889Arg	0.015216859181868526	0.0	*
p.His889Asn	0.029612849392567944	0.0	*
p.His889Asp	0.010035745738267363	0.0	*
p.His889Cys	0.010505976569428312	0.0	*
p.His889Gln	0.015845193202431697	0.0	*
p.His889Glu	0.00678084016375124	0.0	*
p.His889Gly	0.01807406973397713	0.0	*
p.His889Ile	0.009241025692160012	0.0	*
p.His889Leu	0.014357275707088165	0.0	*
p.His889Lys	0.01191384708718825	0.0	*
p.His889Met	0.021000945726360788	0.0	*
p.His889Phe	0.007853842631213978	0.0	*
p.His889Pro	0.005158435339840747	0.0	*
p.His889Ser	0.025300458040172797	0.0	*
p.His889Ter	0.0	0.0	*
p.His889Thr	0.0170467065500578	0.0	*
p.His889Trp	0.007785777519867991	0.0	*
p.His889Tyr	0.011341862704783684	0.0	*
p.His889Val	0.02302225916405618	0.0	*
p.His960=	*	*	*
p.His960Ala	0.972696477972322	0.0	*
p.His960Arg	0.9080007718459271	0.0	*
p.His960Asn	0.9715111033330754	0.0	*
p.His960Asp	0.8956372097624364	0.0	*
p.His960Cys	0.9596640355747795	0.0	*
p.His960Gln	0.8779220598862122	0.0	*
p.His960Glu	0.8730575247883272	0.0	*
p.His960Gly	0.9661746846773155	0.0	*
p.His960Ile	0.8135158201325446	0.0	*
p.His960Leu	0.9091052248375286	0.0	*
p.His960Lys	0.9586835357645564	0.0	*
p.His960Met	0.962178098351914	0.0	*
p.His960Phe	0.9079288896369461	0.0	*
p.His960Pro	0.8353140572333299	0.0	*
p.His960Ser	0.9748600021686821	0.0	*
p.His960Ter	0.0	0.0	*
p.His960Thr	0.9637769577291124	0.0	*
p.His960Trp	0.7898831610033271	0.0	*
p.His960Tyr	0.8562124825905242	0.0	*
p.His960Val	0.7978213381143987	0.0	*
p.Ile1007=	*	*	*
p.Ile1007Ala	0.007765709839935442	0.0	*
p.Ile1007Arg	0.0011171706498249601	0.0	*
p.Ile1007Asn	0.0011370679590615147	0.0	*
p.Ile1007Asp	0.0019849538827596503	0.0	*
p.Ile1007Cys	0.008365321737835014	0.0	*
p.Ile1007Gln	0.004756433576552445	0.0	*
p.Ile1007Glu	0.002027987997736547	0.0	*
p.Ile1007Gly	0.007379385507869831	0.0	*
p.Ile1007His	0.0059100074777782285	0.0	*
p.Ile1007Leu	0.021296973019172213	0.0	*
p.Ile1007Lys	0.002214754166782667	0.0	*
p.Ile1007Met	0.011011761980314366	0.0	*
p.Ile1007Phe	0.005090451164125798	0.0	*
p.Ile1007Pro	0.0019037749952517515	0.0	*
p.Ile1007Ser	0.004514714961262126	0.0	*
p.Ile1007Ter	0.0	0.0	*
p.Ile1007Thr	0.00955189163998483	0.0	*
p.Ile1007Trp	0.010642596587761845	0.0	*
p.Ile1007Tyr	0.004529903860189637	0.0	*
p.Ile1007Val	0.22137395268896198	0.0	*
p.Ile1009=	*	*	*
p.Ile1009Ala	0.016177248357551455	0.0	*
p.Ile1009Arg	0.0014268985877087359	0.0	*
p.Ile1009Asn	0.0018890793575668582	0.0	*
p.Ile1009Asp	0.0017873047382494665	0.0	*
p.Ile1009Cys	0.010314721755168989	0.0	*
p.Ile1009Gln	0.007221661309924993	0.0	*
p.Ile1009Glu	0.0026427951733468806	0.0	*
p.Ile1009Gly	0.0112058048516156	0.0	*
p.Ile1009His	0.007624269733706621	0.0	*
p.Ile1009Leu	0.02802017200887701	0.0	*
p.Ile1009Lys	0.0029770593371481633	0.0	*
p.Ile1009Met	0.015416961753526462	0.0	*
p.Ile1009Phe	0.006201514681111819	0.0	*
p.Ile1009Pro	0.0015571999545839158	0.0	*
p.Ile1009Ser	0.006554705777365629	0.0	*
p.Ile1009Ter	0.0	0.0	*
p.Ile1009Thr	0.0074135561729495305	0.0	*
p.Ile1009Trp	0.012441771565227784	0.0	*
p.Ile1009Tyr	0.005705333666568214	0.0	*
p.Ile1009Val	0.16187500718219466	0.0	*
p.Ile1021=	*	*	*
p.Ile1021Ala	0.12510109800493427	0.0	*
p.Ile1021Arg	0.011294593176824734	0.0	*
p.Ile1021Asn	0.02214652761760274	0.0	*
p.Ile1021Asp	0.014351103284262015	0.0	*
p.Ile1021Cys	0.10887156750985602	0.0	*
p.Ile1021Gln	0.03852237319876587	0.0	*
p.Ile1021Glu	0.022146100483094674	0.0	*
p.Ile1021Gly	0.0504965086263256	0.0	*
p.Ile1021His	0.04471284720009036	0.0	*
p.Ile1021Leu	0.2220659701156467	0.0	*
p.Ile1021Lys	0.023985366720838747	0.0	*
p.Ile1021Met	0.18972069894313479	0.0	*
p.Ile1021Phe	0.03388349656057769	0.0	*
p.Ile1021Pro	0.011845514471591068	0.0	*
p.Ile1021Ser	0.024504923089212226	0.0	*
p.Ile1021Ter	0.0	0.0	*
p.Ile1021Thr	0.04822883103246739	0.0	*
p.Ile1021Trp	0.05691153772570775	0.0	*
p.Ile1021Tyr	0.02469764891729669	0.0	*
p.Ile1021Val	0.3092420777597068	0.0	*
p.Ile1032=	*	*	*
p.Ile1032Ala	0.16018543900044616	0.0	*
p.Ile1032Arg	0.009588303823601645	0.0	*
p.Ile1032Asn	0.00997299973158859	0.0	*
p.Ile1032Asp	0.008341320055325053	0.0	*
p.Ile1032Cys	0.05563153375906558	0.0	*
p.Ile1032Glu	0.015432921785293218	0.0	*
p.Ile1032Gly	0.021152775346086485	0.0	*
p.Ile1032His	0.05091190819202803	0.0	*
p.Ile1032Leu	0.18276050724319529	0.0	*
p.Ile1032Lys	0.022385597204447286	0.0	*
p.Ile1032Met	0.16079263827186413	0.0	*
p.Ile1032Phe	0.03467708173265328	0.0	*
p.Ile1032Pro	0.008537016024014469	0.0	*
p.Ile1032Ser	0.06655868995191568	0.0	*
p.Ile1032Ter	0.0	0.0	*
p.Ile1032Thr	0.08487653475160344	0.0	*
p.Ile1032Trp	0.054612361843294925	0.0	*
p.Ile1032Tyr	0.026572650297204282	0.0	*
p.Ile1032Val	0.6485027052730337	0.0	*
p.Ile1102=	*	*	*
p.Ile1102Ala	0.0353962555534731	0.0	*
p.Ile1102Arg	0.0039140488379292475	0.0	*
p.Ile1102Asn	0.005808056992271406	0.0	*
p.Ile1102Asp	0.0024198694922295816	0.0	*
p.Ile1102Cys	0.004299702619079389	0.0	*
p.Ile1102Gln	0.016780135238996866	0.0	*
p.Ile1102Glu	0.004614311730526421	0.0	*
p.Ile1102Gly	0.006135029640577477	0.0	*
p.Ile1102His	0.01229428700831393	0.0	*
p.Ile1102Leu	0.08887774999024288	0.0	*
p.Ile1102Lys	0.005842125115660602	0.0	*
p.Ile1102Met	0.04143177433518435	0.0	*
p.Ile1102Phe	0.012465277629453753	0.0	*
p.Ile1102Pro	0.006185291095256624	0.0	*
p.Ile1102Ser	0.011472412178192518	0.0	*
p.Ile1102Ter	0.0	0.0	*
p.Ile1102Thr	0.011475243125074386	0.0	*
p.Ile1102Trp	0.012716376102120978	0.0	*
p.Ile1102Tyr	0.009982617725113316	0.0	*
p.Ile1102Val	0.22763368308282486	0.0	*
p.Ile1112=	*	*	*
p.Ile1112Ala	0.017927491202446716	0.0	*
p.Ile1112Arg	0.004952892941115727	0.0	*
p.Ile1112Asn	0.006490876017495024	0.0	*
p.Ile1112Asp	0.00452484332229375	0.0	*
p.Ile1112Cys	0.022728228064285975	0.0	*
p.Ile1112Gln	0.011700479988067598	0.0	*
p.Ile1112Glu	0.005284587641148823	0.0	*
p.Ile1112Gly	0.010211084289662383	0.0	*
p.Ile1112His	0.012048625316024398	0.0	*
p.Ile1112Leu	0.046774810739260465	0.0	*
p.Ile1112Lys	0.006372603171111987	0.0	*
p.Ile1112Met	0.025456787001467463	0.0	*
p.Ile1112Phe	0.011946698411559951	0.0	*
p.Ile1112Pro	0.0036793876903277838	0.0	*
p.Ile1112Ser	0.010976297999779346	0.0	*
p.Ile1112Ter	0.0	0.0	*
p.Ile1112Thr	0.012246149948216484	0.0	*
p.Ile1112Tyr	0.010855118933688566	0.0	*
p.Ile1112Val	0.10478428736688135	0.0	*
p.Ile1148=	*	*	*
p.Ile1148Ala	0.05984590048409907	0.0	*
p.Ile1148Arg	0.0040768907092622935	0.0	*
p.Ile1148Asn	0.004436737319705778	0.0	*
p.Ile1148Asp	0.00632298389637215	0.0	*
p.Ile1148Cys	0.04646356182012871	0.0	*
p.Ile1148Glu	0.012414688669707824	0.0	*
p.Ile1148Gly	0.021007499792953327	0.0	*
p.Ile1148His	0.025550266584647364	0.0	*
p.Ile1148Leu	0.09093788349029097	0.0	*
p.Ile1148Lys	0.010881196564710472	0.0	*
p.Ile1148Met	0.03754398774930844	0.0	*
p.Ile1148Phe	0.020820802141548307	0.0	*
p.Ile1148Pro	0.0040742438276860134	0.0	*
p.Ile1148Ser	0.01743331429187946	0.0	*
p.Ile1148Ter	0.0	0.0	*
p.Ile1148Thr	0.0323154222322296	0.0	*
p.Ile1148Trp	0.04577861645764313	0.0	*
p.Ile1148Tyr	0.01769960211140851	0.0	*
p.Ile1148Val	0.45209557123041794	0.0	*
p.Ile1161=	*	*	*
p.Ile1161Ala	0.4127303831385521	0.0	*
p.Ile1161Arg	0.034031974658225474	0.0	*
p.Ile1161Asn	0.04501332133223983	0.0	*
p.Ile1161Asp	0.0720371094851772	0.0	*
p.Ile1161Cys	0.41086622826615804	0.0	*
p.Ile1161Gln	0.17969031137269253	0.0	*
p.Ile1161Glu	0.15293524829576172	0.0	*
p.Ile1161Gly	0.16920716896901622	0.0	*
p.Ile1161His	0.23625194082994508	0.0	*
p.Ile1161Leu	0.44248405227920057	0.0	*
p.Ile1161Lys	0.07451010500716633	0.0	*
p.Ile1161Met	0.2728833327410471	0.0	*
p.Ile1161Phe	0.16021854779144612	0.0	*
p.Ile1161Pro	0.04940490084456031	0.0	*
p.Ile1161Ser	0.19476738715464786	0.0	*
p.Ile1161Ter	0.0	0.0	*
p.Ile1161Thr	0.26743825337310767	0.0	*
p.Ile1161Trp	0.2066639497870234	0.0	*
p.Ile1161Tyr	0.15041650696170997	0.0	*
p.Ile1161Val	0.9436509313323095	0.0	*
p.Ile1180=	*	*	*
p.Ile1180Ala	0.0038183874114175696	0.0	*
p.Ile1180Arg	0.0007535215345608342	0.0	*
p.Ile1180Asn	0.0008681143135106916	0.0	*
p.Ile1180Asp	0.000812566353897704	0.0	*
p.Ile1180Cys	0.003627609081597755	0.0	*
p.Ile1180Gln	0.0016894211536246624	0.0	*
p.Ile1180Glu	0.0010024382099223612	0.0	*
p.Ile1180Gly	0.0013484940366058822	0.0	*
p.Ile1180His	0.0012196638140571656	0.0	*
p.Ile1180Leu	0.00773556656890244	0.0	*
p.Ile1180Lys	0.0011017611434347306	0.0	*
p.Ile1180Met	0.004042423493655328	0.0	*
p.Ile1180Phe	0.002013687147405335	0.0	*
p.Ile1180Pro	0.0004525918141586287	0.0	*
p.Ile1180Ser	0.002056460985212881	0.0	*
p.Ile1180Ter	0.0	0.0	*
p.Ile1180Thr	0.002748130018448159	0.0	*
p.Ile1180Trp	0.0037710825432845946	0.0	*
p.Ile1180Tyr	0.002070634223808487	0.0	*
p.Ile1180Val	0.03037181845592035	0.0	*
p.Ile1184=	*	*	*
p.Ile1184Ala	0.007888445302791073	0.0	*
p.Ile1184Arg	0.0020670948212828206	0.0	*
p.Ile1184Asn	0.0019681102858609316	0.0	*
p.Ile1184Asp	0.0019159843148621625	0.0	*
p.Ile1184Cys	0.013937777074029198	0.0	*
p.Ile1184Gln	0.004750651682082403	0.0	*
p.Ile1184Glu	0.002426484604469841	0.0	*
p.Ile1184Gly	0.005157637764052399	0.0	*
p.Ile1184His	0.00446901612079694	0.0	*
p.Ile1184Leu	0.0213158638067219	0.0	*
p.Ile1184Lys	0.0025851617224758737	0.0	*
p.Ile1184Met	0.014506867000589927	0.0	*
p.Ile1184Phe	0.006448173065082895	0.0	*
p.Ile1184Pro	0.0011914093637515547	0.0	*
p.Ile1184Ser	0.004480883130154003	0.0	*
p.Ile1184Ter	0.0	0.0	*
p.Ile1184Thr	0.010006645356557183	0.0	*
p.Ile1184Trp	0.015146054097528871	0.0	*
p.Ile1184Tyr	0.006693704762303194	0.0	*
p.Ile1184Val	0.22814318758196017	0.0	*
p.Ile1192=	*	*	*
p.Ile1192Ala	0.004782003013245758	0.0	*
p.Ile1192Arg	0.0010184775746046072	0.0	*
p.Ile1192Asn	0.0012840477965732314	0.0	*
p.Ile1192Asp	0.0005604599587213844	0.0	*
p.Ile1192Cys	0.0018521236087526542	0.0	*
p.Ile1192Gln	0.0019451517474558331	0.0	*
p.Ile1192Glu	0.000850923340520384	0.0	*
p.Ile1192Gly	0.002186028009918015	0.0	*
p.Ile1192His	0.0016506245588828934	0.0	*
p.Ile1192Leu	0.020658694041768465	0.0	*
p.Ile1192Lys	0.0011688989015725447	0.0	*
p.Ile1192Met	0.014091081786725954	0.0	*
p.Ile1192Phe	0.0025041876888402944	0.0	*
p.Ile1192Pro	0.0006772618502918118	0.0	*
p.Ile1192Ser	0.002599086390690283	0.0	*
p.Ile1192Ter	0.0	0.0	*
p.Ile1192Thr	0.0033556084585791486	0.0	*
p.Ile1192Trp	0.005036588291372032	0.0	*
p.Ile1192Tyr	0.002905015392003545	0.0	*
p.Ile1192Val	0.053498366419398126	0.0	*
p.Ile1194=	*	*	*
p.Ile1194Ala	0.008985425504900878	0.0	*
p.Ile1194Arg	0.0014255148804386611	0.0	*
p.Ile1194Asn	0.0019147648857877075	0.0	*
p.Ile1194Asp	0.0019257278093854217	0.0	*
p.Ile1194Cys	0.008048964483186814	0.0	*
p.Ile1194Gln	0.004070713505392039	0.0	*
p.Ile1194Glu	0.0024099322630503923	0.0	*
p.Ile1194Gly	0.006963160937663513	0.0	*
p.Ile1194His	0.003356567340842998	0.0	*
p.Ile1194Leu	0.009082340490540877	0.0	*
p.Ile1194Lys	0.0020089105235763767	0.0	*
p.Ile1194Met	0.006710814323763024	0.0	*
p.Ile1194Phe	0.003422925512129764	0.0	*
p.Ile1194Pro	0.0012285279971377854	0.0	*
p.Ile1194Ser	0.005386387636126268	0.0	*
p.Ile1194Ter	0.0	0.0	*
p.Ile1194Thr	0.007100046256140164	0.0	*
p.Ile1194Trp	0.007357138175252148	0.0	*
p.Ile1194Tyr	0.0036673956203857098	0.0	*
p.Ile1194Val	0.09146418076109011	0.0	*
p.Ile1219=	*	*	*
p.Ile1219Ala	0.008755299229584845	0.0	*
p.Ile1219Arg	0.0005666399443203741	0.0	*
p.Ile1219Asn	0.000771617285713331	0.0	*
p.Ile1219Asp	0.000933822696210924	0.0	*
p.Ile1219Cys	0.004221793775417162	0.0	*
p.Ile1219Gln	0.0033594432835853645	0.0	*
p.Ile1219Glu	0.0017443740617437869	0.0	*
p.Ile1219Gly	0.002867166847686667	0.0	*
p.Ile1219His	0.003140696110642328	0.0	*
p.Ile1219Leu	0.009592583712060124	0.0	*
p.Ile1219Lys	0.001069095736088877	0.0	*
p.Ile1219Met	0.00445203977996216	0.0	*
p.Ile1219Phe	0.0023045024935925006	0.0	*
p.Ile1219Pro	0.0006367536787431405	0.0	*
p.Ile1219Ser	0.0029426537637757405	0.0	*
p.Ile1219Ter	0.0	0.0	*
p.Ile1219Thr	0.003921227758367483	0.0	*
p.Ile1219Trp	0.003942730825900371	0.0	*
p.Ile1219Tyr	0.0023988702586301403	0.0	*
p.Ile1219Val	0.09534284762043851	0.0	*
p.Ile1230=	*	*	*
p.Ile1230Ala	0.009396084442200478	0.0	*
p.Ile1230Arg	0.0012680837997778257	0.0	*
p.Ile1230Asn	0.0017722036990682388	0.0	*
p.Ile1230Asp	0.0011492385315134944	0.0	*
p.Ile1230Cys	0.00710630456088621	0.0	*
p.Ile1230Gln	0.003340250327249679	0.0	*
p.Ile1230Glu	0.0017291138661487647	0.0	*
p.Ile1230Gly	0.0024976615070973307	0.0	*
p.Ile1230His	0.0032823851189947863	0.0	*
p.Ile1230Leu	0.02997507580104971	0.0	*
p.Ile1230Lys	0.002196387962697483	0.0	*
p.Ile1230Met	0.01144748691931775	0.0	*
p.Ile1230Phe	0.005115290222360437	0.0	*
p.Ile1230Pro	0.0009387942578035379	0.0	*
p.Ile1230Ser	0.0034939221446773795	0.0	*
p.Ile1230Ter	0.0	0.0	*
p.Ile1230Thr	0.005434834542296894	0.0	*
p.Ile1230Trp	0.008775633377974613	0.0	*
p.Ile1230Tyr	0.004297977908819022	0.0	*
p.Ile1230Val	0.10921615988698458	0.0	*
p.Ile1236=	*	*	*
p.Ile1236Ala	0.011586827535966052	0.0	*
p.Ile1236Arg	0.0014379476384379331	0.0	*
p.Ile1236Asn	0.001563856697742584	0.0	*
p.Ile1236Asp	0.001724014305917953	0.0	*
p.Ile1236Cys	0.012340422712176682	0.0	*
p.Ile1236Gln	0.005630649319863933	0.0	*
p.Ile1236Glu	0.0026268403437900486	0.0	*
p.Ile1236Gly	0.004308321728132395	0.0	*
p.Ile1236His	0.005495522346751672	0.0	*
p.Ile1236Leu	0.023716827975069726	0.0	*
p.Ile1236Lys	0.002786665939481452	0.0	*
p.Ile1236Met	0.013428753484499456	0.0	*
p.Ile1236Phe	0.005231588179274456	0.0	*
p.Ile1236Pro	0.0013099890652375214	0.0	*
p.Ile1236Ser	0.0060153172346857796	0.0	*
p.Ile1236Ter	0.0	0.0	*
p.Ile1236Thr	0.006469177748041707	0.0	*
p.Ile1236Trp	0.01179156594161072	0.0	*
p.Ile1236Tyr	0.004763037769867799	0.0	*
p.Ile1236Val	0.13671555377089215	0.0	*
p.Ile1284=	*	*	*
p.Ile1284Ala	0.02274554416677755	0.0	*
p.Ile1284Arg	0.004191329327635211	0.0	*
p.Ile1284Asn	0.005846661095023976	0.0	*
p.Ile1284Asp	0.003291092632671468	0.0	*
p.Ile1284Cys	0.02459993776002436	0.0	*
p.Ile1284Gln	0.011516258292313916	0.0	*
p.Ile1284Glu	0.00500229329951578	0.0	*
p.Ile1284Gly	0.007236154624732471	0.0	*
p.Ile1284His	0.011022132421866946	0.0	*
p.Ile1284Leu	0.05792835773107682	0.0	*
p.Ile1284Lys	0.005129689199402274	0.0	*
p.Ile1284Met	0.024778711034865845	0.0	*
p.Ile1284Phe	0.012068855516312928	0.0	*
p.Ile1284Pro	0.0028640886794484358	0.0	*
p.Ile1284Ser	0.0091560620756421	0.0	*
p.Ile1284Ter	0.0	0.0	*
p.Ile1284Thr	0.016625404847980505	0.0	*
p.Ile1284Trp	0.026195810959694168	0.0	*
p.Ile1284Tyr	0.010612464438711782	0.0	*
p.Ile1284Val	0.253762300448441	0.0	*
p.Ile1292=	*	*	*
p.Ile1292Ala	0.06444568985121979	0.0	*
p.Ile1292Arg	0.007564129754354159	0.0	*
p.Ile1292Asn	0.00940903344343681	0.0	*
p.Ile1292Asp	0.0052695811686637355	0.0	*
p.Ile1292Cys	0.053626351880627005	0.0	*
p.Ile1292Gln	0.030137148138137726	0.0	*
p.Ile1292Glu	0.013048534127955043	0.0	*
p.Ile1292Gly	0.018780475001979612	0.0	*
p.Ile1292His	0.021881021670940148	0.0	*
p.Ile1292Leu	0.0735355081811004	0.0	*
p.Ile1292Lys	0.01316885784761162	0.0	*
p.Ile1292Met	0.03878865413603382	0.0	*
p.Ile1292Phe	0.026635628551312292	0.0	*
p.Ile1292Pro	0.00491468592296551	0.0	*
p.Ile1292Ser	0.024260017379931862	0.0	*
p.Ile1292Ter	0.0	0.0	*
p.Ile1292Thr	0.02409670620489348	0.0	*
p.Ile1292Trp	0.055285250235694354	0.0	*
p.Ile1292Tyr	0.017499517261422137	0.0	*
p.Ile1292Val	0.3653064807216115	0.0	*
p.Ile1300=	*	*	*
p.Ile1300Ala	0.3611930266347285	0.0	*
p.Ile1300Arg	0.016748130865491644	0.0	*
p.Ile1300Asn	0.02665160973446192	0.0	*
p.Ile1300Asp	0.022024864982644738	0.0	*
p.Ile1300Cys	0.21483372653507793	0.0	*
p.Ile1300Gln	0.10566849981011113	0.0	*
p.Ile1300Glu	0.043041855780455295	0.0	*
p.Ile1300Gly	0.11946189701148999	0.0	*
p.Ile1300His	0.1289645031269243	0.0	*
p.Ile1300Leu	0.5083529039112779	0.0	*
p.Ile1300Lys	0.036620166923190374	0.0	*
p.Ile1300Met	0.27619782315628794	0.0	*
p.Ile1300Phe	0.13584941336505768	0.0	*
p.Ile1300Pro	0.017990573342909138	0.0	*
p.Ile1300Ser	0.08196528033498256	0.0	*
p.Ile1300Ter	0.0	0.0	*
p.Ile1300Thr	0.1618953117746461	0.0	*
p.Ile1300Trp	0.17787462382802083	0.0	*
p.Ile1300Tyr	0.0760902538190192	0.0	*
p.Ile1300Val	0.9078366959379526	0.0	*
p.Ile1311=	*	*	*
p.Ile1311Ala	0.27999131524716864	0.0	*
p.Ile1311Arg	0.00908546948057893	0.0	*
p.Ile1311Asn	0.016966349294435926	0.0	*
p.Ile1311Asp	0.007191253852393184	0.0	*
p.Ile1311Cys	0.09524572064785043	0.0	*
p.Ile1311Gln	0.04324726498833559	0.0	*
p.Ile1311Glu	0.011976175946722446	0.0	*
p.Ile1311Gly	0.03209677806344657	0.0	*
p.Ile1311His	0.03770395137642537	0.0	*
p.Ile1311Leu	0.3115463077781296	0.0	*
p.Ile1311Lys	0.008928448079289617	0.0	*
p.Ile1311Met	0.20916769547945366	0.0	*
p.Ile1311Phe	0.028406170308800698	0.0	*
p.Ile1311Pro	0.00649521194018616	0.0	*
p.Ile1311Ser	0.023335576848094845	0.0	*
p.Ile1311Ter	0.0	0.0	*
p.Ile1311Thr	0.04945667578362886	0.0	*
p.Ile1311Trp	0.07875474778836797	0.0	*
p.Ile1311Tyr	0.028312621767430414	0.0	*
p.Ile1311Val	0.8382037684502727	0.0	*
p.Ile1321=	*	*	*
p.Ile1321Ala	0.43608120177380655	0.0	*
p.Ile1321Arg	0.03820409006156746	0.0	*
p.Ile1321Asn	0.08557213685211225	0.0	*
p.Ile1321Asp	0.02634607039707493	0.0	*
p.Ile1321Cys	0.37308785753309764	0.0	*
p.Ile1321Gln	0.12228516129870509	0.0	*
p.Ile1321Glu	0.06673330340247022	0.0	*
p.Ile1321Gly	0.12066801415827522	0.0	*
p.Ile1321His	0.18094415977867123	0.0	*
p.Ile1321Leu	0.5672375502746829	0.0	*
p.Ile1321Lys	0.045684547640960825	0.0	*
p.Ile1321Met	0.4978790045916943	0.0	*
p.Ile1321Phe	0.13452277781213268	0.0	*
p.Ile1321Pro	0.024407087236913264	0.0	*
p.Ile1321Ser	0.08061692738289102	0.0	*
p.Ile1321Ter	0.0	0.0	*
p.Ile1321Thr	0.1724885172894562	0.0	*
p.Ile1321Trp	0.22148222853956182	0.0	*
p.Ile1321Tyr	0.10809546632183575	0.0	*
p.Ile1321Val	0.94210580056399	0.0	*
p.Ile1323=	*	*	*
p.Ile1323Ala	0.6447982187171216	0.0	*
p.Ile1323Arg	0.14406641801542847	0.0	*
p.Ile1323Asn	0.19479337781093872	0.0	*
p.Ile1323Asp	0.23241852032063728	0.0	*
p.Ile1323Cys	0.7243558780368714	0.0	*
p.Ile1323Gln	0.4764282902976047	0.0	*
p.Ile1323Glu	0.3386711253063799	0.0	*
p.Ile1323Gly	0.5332947513458429	0.0	*
p.Ile1323His	0.690511111882667	0.0	*
p.Ile1323Leu	0.8295673441365521	0.0	*
p.Ile1323Lys	0.3244660137503404	0.0	*
p.Ile1323Met	0.7094626017363684	0.0	*
p.Ile1323Phe	0.5408437709021581	0.0	*
p.Ile1323Pro	0.11291673377221531	0.0	*
p.Ile1323Ser	0.40867320670372037	0.0	*
p.Ile1323Ter	0.0	0.0	*
p.Ile1323Thr	0.8149703294434171	0.0	*
p.Ile1323Trp	0.5836697577923045	0.0	*
p.Ile1323Tyr	0.4092792063058916	0.0	*
p.Ile1323Val	0.9825422607484334	0.0	*
p.Ile1330=	*	*	*
p.Ile1330Ala	0.4376428366053126	0.0	*
p.Ile1330Arg	0.026807457768512545	0.0	*
p.Ile1330Asn	0.0753501707530115	0.0	*
p.Ile1330Asp	0.030188408758519098	0.0	*
p.Ile1330Cys	0.2229796050674937	0.0	*
p.Ile1330Gln	0.08920760904140243	0.0	*
p.Ile1330Glu	0.03967471839619701	0.0	*
p.Ile1330Gly	0.16141517540991754	0.0	*
p.Ile1330His	0.1430495961002027	0.0	*
p.Ile1330Leu	0.7009247026459182	0.0	*
p.Ile1330Lys	0.0795761152009135	0.0	*
p.Ile1330Met	0.5183466775729344	0.0	*
p.Ile1330Phe	0.22183182060979711	0.0	*
p.Ile1330Pro	0.028628466836738965	0.0	*
p.Ile1330Ser	0.1494361153734812	0.0	*
p.Ile1330Ter	0.0	0.0	*
p.Ile1330Thr	0.27284351256373934	0.0	*
p.Ile1330Trp	0.27756857036881893	0.0	*
p.Ile1330Tyr	0.08392706619301996	0.0	*
p.Ile1330Val	0.9038657287373695	0.0	*
p.Ile1336=	*	*	*
p.Ile1336Ala	0.09791246699109596	0.0	*
p.Ile1336Arg	0.004082623094681149	0.0	*
p.Ile1336Asn	0.006541024740382223	0.0	*
p.Ile1336Asp	0.005769342607748124	0.0	*
p.Ile1336Cys	0.07454425763508445	0.0	*
p.Ile1336Gln	0.025378271197727134	0.0	*
p.Ile1336Glu	0.008469097874530422	0.0	*
p.Ile1336Gly	0.03912647433662062	0.0	*
p.Ile1336His	0.042101871632571335	0.0	*
p.Ile1336Leu	0.18722554507266634	0.0	*
p.Ile1336Lys	0.014987609652134646	0.0	*
p.Ile1336Met	0.13546056800491452	0.0	*
p.Ile1336Phe	0.032327590878408176	0.0	*
p.Ile1336Pro	0.0044978126784861565	0.0	*
p.Ile1336Ser	0.025910552517214424	0.0	*
p.Ile1336Ter	0.0	0.0	*
p.Ile1336Thr	0.048661281391078594	0.0	*
p.Ile1336Trp	0.07787687329691576	0.0	*
p.Ile1336Tyr	0.013213924432020534	0.0	*
p.Ile1336Val	0.6645100066141499	0.0	*
p.Ile1338=	*	*	*
p.Ile1338Ala	0.21049169205613144	0.0	*
p.Ile1338Arg	0.018746310598683286	0.0	*
p.Ile1338Asn	0.03053689164294967	0.0	*
p.Ile1338Asp	0.024839534763552665	0.0	*
p.Ile1338Cys	0.3290538231622237	0.0	*
p.Ile1338Gln	0.042656220923156664	0.0	*
p.Ile1338Glu	0.022915449435949472	0.0	*
p.Ile1338Gly	0.24135401338381213	0.0	*
p.Ile1338His	0.06427304086352072	0.0	*
p.Ile1338Leu	0.5523524782625527	0.0	*
p.Ile1338Lys	0.03208238560693733	0.0	*
p.Ile1338Met	0.40643726575850936	0.0	*
p.Ile1338Phe	0.09363681850874667	0.0	*
p.Ile1338Pro	0.035500476288912376	0.0	*
p.Ile1338Ser	0.11082489629668439	0.0	*
p.Ile1338Ter	0.0	0.0	*
p.Ile1338Thr	0.2103119310389575	0.0	*
p.Ile1338Trp	0.18217637826211963	0.0	*
p.Ile1338Tyr	0.07090932500862274	0.0	*
p.Ile1338Val	0.9230354267325747	0.0	*
p.Ile1346=	*	*	*
p.Ile1346Ala	0.8061670274929263	0.0	*
p.Ile1346Arg	0.2268877723910099	0.0	*
p.Ile1346Asn	0.6138694479745546	0.0	*
p.Ile1346Asp	0.2564390341817361	0.0	*
p.Ile1346Cys	0.7260871162585928	0.0	*
p.Ile1346Gln	0.4218308580558538	0.0	*
p.Ile1346Glu	0.26901772012729386	0.0	*
p.Ile1346Gly	0.6226966921103234	0.0	*
p.Ile1346His	0.5821923398895407	0.0	*
p.Ile1346Leu	0.8968432066849626	0.0	*
p.Ile1346Lys	0.47879989787791916	0.0	*
p.Ile1346Met	0.9253794406885498	0.0	*
p.Ile1346Phe	0.5716212805034201	0.0	*
p.Ile1346Pro	0.2182924055569385	0.0	*
p.Ile1346Ser	0.6860184029586127	0.0	*
p.Ile1346Ter	0.0	0.0	*
p.Ile1346Thr	0.7610945967409412	0.0	*
p.Ile1346Trp	0.6225151215521254	0.0	*
p.Ile1346Tyr	0.41808699161839724	0.0	*
p.Ile1346Val	0.9770516432758151	0.0	*
p.Ile1348=	*	*	*
p.Ile1348Ala	0.2919893810877966	0.0	*
p.Ile1348Arg	0.06929091278588793	0.0	*
p.Ile1348Asn	0.10865799859794126	0.0	*
p.Ile1348Asp	0.07126975311969119	0.0	*
p.Ile1348Cys	0.3983235014661171	0.0	*
p.Ile1348Gln	0.1462929351411754	0.0	*
p.Ile1348Glu	0.0799585227373604	0.0	*
p.Ile1348Gly	0.17062979409081502	0.0	*
p.Ile1348His	0.26832043892458446	0.0	*
p.Ile1348Leu	0.6554188569660633	0.0	*
p.Ile1348Lys	0.15273366647916473	0.0	*
p.Ile1348Met	0.6455783374386698	0.0	*
p.Ile1348Phe	0.17195535423459513	0.0	*
p.Ile1348Pro	0.11590332831475274	0.0	*
p.Ile1348Ser	0.12960939450023318	0.0	*
p.Ile1348Ter	0.0	0.0	*
p.Ile1348Thr	0.2931894761240809	0.0	*
p.Ile1348Trp	0.2767092636535145	0.0	*
p.Ile1348Tyr	0.09345875567334712	0.0	*
p.Ile1348Val	0.8495225378432851	0.0	*
p.Ile1404=	*	*	*
p.Ile1404Ala	0.993385362779046	0.0	*
p.Ile1404Arg	0.7857961031347566	0.0	*
p.Ile1404Asn	0.9413662902000578	0.0	*
p.Ile1404Asp	0.8647645081213092	0.0	*
p.Ile1404Cys	0.9799903954059132	0.0	*
p.Ile1404Gln	0.9564401152496202	0.0	*
p.Ile1404Glu	0.9357015028365833	0.0	*
p.Ile1404Gly	0.9540652330939743	0.0	*
p.Ile1404His	0.9916549645729404	0.0	*
p.Ile1404Leu	0.9922895521987775	0.0	*
p.Ile1404Lys	0.9591745189689737	0.0	*
p.Ile1404Met	0.9920752512710727	0.0	*
p.Ile1404Phe	0.9662177895622287	0.0	*
p.Ile1404Pro	0.7596822417420089	0.0	*
p.Ile1404Ser	0.9811154208398507	0.0	*
p.Ile1404Ter	0.0	0.0	*
p.Ile1404Thr	0.9963632773686849	0.0	*
p.Ile1404Trp	0.9682485017977159	0.0	*
p.Ile1404Tyr	0.9065427339919122	0.0	*
p.Ile1404Val	0.9981517621762903	0.0	*
p.Ile1465=	*	*	*
p.Ile1465Ala	0.6629507952882531	0.0	*
p.Ile1465Arg	0.29876560700988336	0.0	*
p.Ile1465Asn	0.4273911502548331	0.0	*
p.Ile1465Asp	0.4170148155079534	0.0	*
p.Ile1465Cys	0.7882772415855563	0.0	*
p.Ile1465Gln	0.6235202223716529	0.0	*
p.Ile1465Glu	0.5141667929909645	0.0	*
p.Ile1465Gly	0.6608232572208923	0.0	*
p.Ile1465His	0.6750388602800517	0.0	*
p.Ile1465Leu	0.8884500131298333	0.0	*
p.Ile1465Lys	0.4758656868256009	0.0	*
p.Ile1465Met	0.7534281343399352	0.0	*
p.Ile1465Phe	0.566770535974879	0.0	*
p.Ile1465Pro	0.45823793254864226	0.0	*
p.Ile1465Ser	0.8001540712868319	0.0	*
p.Ile1465Ter	0.0	0.0	*
p.Ile1465Thr	0.7474509703042993	0.0	*
p.Ile1465Trp	0.6820370227659044	0.0	*
p.Ile1465Tyr	0.384437238752179	0.0	*
p.Ile1465Val	0.932456684385423	0.0	*
p.Ile733=	*	*	*
p.Ile733Ala	0.8449034500053931	0.0	*
p.Ile733Arg	0.05512642476522752	0.0	*
p.Ile733Asn	0.12097910341364046	0.0	*
p.Ile733Asp	0.06247095676752232	0.0	*
p.Ile733Cys	0.2643828160979476	0.0	*
p.Ile733Gln	0.37743970782002073	0.0	*
p.Ile733Glu	0.15334133253760138	0.0	*
p.Ile733Gly	0.44300040025982956	0.0	*
p.Ile733His	0.6579316424215237	0.0	*
p.Ile733Leu	0.804504626247775	0.0	*
p.Ile733Lys	0.1760161732100946	0.0	*
p.Ile733Met	0.84749805985407	0.0	*
p.Ile733Phe	0.28255264671706637	0.0	*
p.Ile733Pro	0.06218530303022208	0.0	*
p.Ile733Ser	0.2727482106546009	0.0	*
p.Ile733Ter	0.0	0.0	*
p.Ile733Thr	0.5445931183854691	0.0	*
p.Ile733Trp	0.3042017435183644	0.0	*
p.Ile733Tyr	0.15729269908750992	0.0	*
p.Ile733Val	0.9723985455341481	0.0	*
p.Ile739=	*	*	*
p.Ile739Ala	0.7988097631507668	0.0	*
p.Ile739Arg	0.07942075717507745	0.0	*
p.Ile739Asn	0.19977685958189453	0.0	*
p.Ile739Asp	0.10471932966892539	0.0	*
p.Ile739Cys	0.5502888548478488	0.0	*
p.Ile739Glu	0.12802165095470483	0.0	*
p.Ile739Gly	0.371777512069919	0.0	*
p.Ile739His	0.6001668796731046	0.0	*
p.Ile739Leu	0.8628588990924797	0.0	*
p.Ile739Lys	0.3233424559438709	0.0	*
p.Ile739Met	0.9044110279461097	0.0	*
p.Ile739Phe	0.3686067034332009	0.0	*
p.Ile739Pro	0.06347752827605888	0.0	*
p.Ile739Ser	0.496607333542443	0.0	*
p.Ile739Ter	0.0	0.0	*
p.Ile739Thr	0.7127895719727202	0.0	*
p.Ile739Trp	0.4799354672285768	0.0	*
p.Ile739Tyr	0.19984009037578648	0.0	*
p.Ile739Val	0.9680164088741097	0.0	*
p.Ile747=	*	*	*
p.Ile747Ala	0.5849165175556934	0.0	*
p.Ile747Arg	0.05895569472425373	0.0	*
p.Ile747Asn	0.10809763147580013	0.0	*
p.Ile747Asp	0.08406698171696374	0.0	*
p.Ile747Cys	0.5717930680169737	0.0	*
p.Ile747Gln	0.22136392010114495	0.0	*
p.Ile747Glu	0.2099932610086737	0.0	*
p.Ile747Gly	0.4266379354358472	0.0	*
p.Ile747Leu	0.8390127306117348	0.0	*
p.Ile747Met	0.6888438005048418	0.0	*
p.Ile747Phe	0.43723805032498886	0.0	*
p.Ile747Pro	0.08228983993580266	0.0	*
p.Ile747Ser	0.23773713940931573	0.0	*
p.Ile747Ter	0.0	0.0	*
p.Ile747Thr	0.7321144620673812	0.0	*
p.Ile747Trp	0.5315510978595843	0.0	*
p.Ile747Tyr	0.2657544349467861	0.0	*
p.Ile747Val	0.9911506705193647	0.0	*
p.Ile774=	*	*	*
p.Ile774Ala	0.0903999925146271	0.0	*
p.Ile774Arg	0.0038573159256901418	0.0	*
p.Ile774Asn	0.0076202217558459405	0.0	*
p.Ile774Asp	0.00735850807383654	0.0	*
p.Ile774Cys	0.07658824853592286	0.0	*
p.Ile774Glu	0.009303058135407102	0.0	*
p.Ile774Gly	0.03293300831816543	0.0	*
p.Ile774His	0.025210219617494995	0.0	*
p.Ile774Leu	0.09884081880801682	0.0	*
p.Ile774Lys	0.01171451294791148	0.0	*
p.Ile774Met	0.07150951886559634	0.0	*
p.Ile774Phe	0.018134606068596855	0.0	*
p.Ile774Pro	0.005427813439167497	0.0	*
p.Ile774Ser	0.04116410380358949	0.0	*
p.Ile774Ter	0.0	0.0	*
p.Ile774Thr	0.039424526658034705	0.0	*
p.Ile774Trp	0.04362266093013291	0.0	*
p.Ile774Tyr	0.014422274334035373	0.0	*
p.Ile774Val	0.3971952689888829	0.0	*
p.Ile814=	*	*	*
p.Ile814Ala	0.4298343431977858	0.0	*
p.Ile814Arg	0.11457871338594032	0.0	*
p.Ile814Asn	0.16175807518974156	0.0	*
p.Ile814Asp	0.09300383931070542	0.0	*
p.Ile814Cys	0.454027553944046	0.0	*
p.Ile814Gln	0.3714212165126449	0.0	*
p.Ile814Glu	0.16168338003738816	0.0	*
p.Ile814Gly	0.27776394804037335	0.0	*
p.Ile814His	0.48150507068066994	0.0	*
p.Ile814Leu	0.629472222619548	0.0	*
p.Ile814Lys	0.26155469703645157	0.0	*
p.Ile814Met	0.6766505836372003	0.0	*
p.Ile814Phe	0.47476574802751587	0.0	*
p.Ile814Pro	0.08565193431024667	0.0	*
p.Ile814Ser	0.3090938599140015	0.0	*
p.Ile814Ter	0.0	0.0	*
p.Ile814Thr	0.4498083073929059	0.0	*
p.Ile814Trp	0.32460023392655146	0.0	*
p.Ile814Tyr	0.2550655310878938	0.0	*
p.Ile814Val	0.9289699774771177	0.0	*
p.Ile815=	*	*	*
p.Ile815Ala	0.45737261393684486	0.0	*
p.Ile815Arg	0.07410140299226244	0.0	*
p.Ile815Asn	0.12373038366793894	0.0	*
p.Ile815Asp	0.1679023133939221	0.0	*
p.Ile815Cys	0.6724805441070701	0.0	*
p.Ile815Gln	0.41695854735534454	0.0	*
p.Ile815Glu	0.2528429975126435	0.0	*
p.Ile815Gly	0.3911743805408801	0.0	*
p.Ile815His	0.6499043551775685	0.0	*
p.Ile815Leu	0.7302748799503377	0.0	*
p.Ile815Lys	0.3118808283525896	0.0	*
p.Ile815Met	0.5997142510525396	0.0	*
p.Ile815Phe	0.464092685660918	0.0	*
p.Ile815Pro	0.121852738242736	0.0	*
p.Ile815Ser	0.4612922105641732	0.0	*
p.Ile815Ter	0.0	0.0	*
p.Ile815Thr	0.6112751585898126	0.0	*
p.Ile815Trp	0.4971111139696153	0.0	*
p.Ile815Tyr	0.2190173003553818	0.0	*
p.Ile815Val	0.954245733694287	0.0	*
p.Ile830=	*	*	*
p.Ile830Ala	0.5393172640114517	0.0	*
p.Ile830Arg	0.06005106174317592	0.0	*
p.Ile830Asn	0.0953081153173491	0.0	*
p.Ile830Asp	0.0453278654199127	0.0	*
p.Ile830Cys	0.3857408212116993	0.0	*
p.Ile830Gln	0.26044551838937996	0.0	*
p.Ile830Glu	0.05510995345976591	0.0	*
p.Ile830Gly	0.14343638483078114	0.0	*
p.Ile830His	0.22444601024392538	0.0	*
p.Ile830Leu	0.7125915889653	0.0	*
p.Ile830Lys	0.11759305792203179	0.0	*
p.Ile830Met	0.5119950092448297	0.0	*
p.Ile830Phe	0.2011873668759929	0.0	*
p.Ile830Pro	0.050238206195227786	0.0	*
p.Ile830Ser	0.39914921876112325	0.0	*
p.Ile830Ter	0.0	0.0	*
p.Ile830Thr	0.4559407723054879	0.0	*
p.Ile830Trp	0.40356905505538165	0.0	*
p.Ile830Tyr	0.1731835917503207	0.0	*
p.Ile830Val	0.9218385278080391	0.0	*
p.Ile857=	*	*	*
p.Ile857Ala	0.1312207277251233	0.0	*
p.Ile857Arg	0.0120987585046997	0.0	*
p.Ile857Asn	0.016681631966705007	0.0	*
p.Ile857Asp	0.011495051381052453	0.0	*
p.Ile857Cys	0.04616965652099102	0.0	*
p.Ile857Gln	0.0469512300408103	0.0	*
p.Ile857Glu	0.015026720403704818	0.0	*
p.Ile857Gly	0.03216633299382989	0.0	*
p.Ile857His	0.038399649264585604	0.0	*
p.Ile857Leu	0.15245602486882842	0.0	*
p.Ile857Lys	0.013436691552414583	0.0	*
p.Ile857Met	0.0758784695051638	0.0	*
p.Ile857Phe	0.028901110126437524	0.0	*
p.Ile857Pro	0.007596590150644574	0.0	*
p.Ile857Ser	0.030279426032011923	0.0	*
p.Ile857Ter	0.0	0.0	*
p.Ile857Thr	0.035920396449361985	0.0	*
p.Ile857Trp	0.06055474669393357	0.0	*
p.Ile857Tyr	0.026499720949199987	0.0	*
p.Ile857Val	0.4254208083231669	0.0	*
p.Ile873=	*	*	*
p.Ile873Ala	0.038533322541158176	0.0	*
p.Ile873Arg	0.0051408764378903194	0.0	*
p.Ile873Asn	0.00555515167367347	0.0	*
p.Ile873Asp	0.009384979208228894	0.0	*
p.Ile873Cys	0.010787481689772267	0.0	*
p.Ile873Gln	0.024219747689187044	0.0	*
p.Ile873Glu	0.012449973515054813	0.0	*
p.Ile873Gly	0.016388985411852505	0.0	*
p.Ile873His	0.02436261672534938	0.0	*
p.Ile873Leu	0.058642437560271245	0.0	*
p.Ile873Lys	0.01026963963223548	0.0	*
p.Ile873Met	0.03356550883384252	0.0	*
p.Ile873Phe	0.01783011127731278	0.0	*
p.Ile873Pro	0.007443570612995387	0.0	*
p.Ile873Ser	0.0112809090778846	0.0	*
p.Ile873Ter	0.0	0.0	*
p.Ile873Thr	0.02237624258783902	0.0	*
p.Ile873Trp	0.027051776847598193	0.0	*
p.Ile873Tyr	0.018221069339462968	0.0	*
p.Ile873Val	0.2565678322061651	0.0	*
p.Ile877=	*	*	*
p.Ile877Ala	0.18754777989880986	0.0	*
p.Ile877Arg	0.037058563587814675	0.0	*
p.Ile877Asn	0.04612194597896522	0.0	*
p.Ile877Asp	0.03030090170190594	0.0	*
p.Ile877Cys	0.1303357555575126	0.0	*
p.Ile877Gln	0.11595291694190868	0.0	*
p.Ile877Glu	0.030799549210164482	0.0	*
p.Ile877Gly	0.048802934478750414	0.0	*
p.Ile877His	0.08832933361609599	0.0	*
p.Ile877Leu	0.17067252237186895	0.0	*
p.Ile877Lys	0.05117754579155466	0.0	*
p.Ile877Met	0.13411403122861923	0.0	*
p.Ile877Phe	0.04518022998794805	0.0	*
p.Ile877Pro	0.02897899603976597	0.0	*
p.Ile877Ser	0.11345085508923054	0.0	*
p.Ile877Ter	0.0	0.0	*
p.Ile877Thr	0.07706996723123874	0.0	*
p.Ile877Trp	0.11021387595540057	0.0	*
p.Ile877Tyr	0.04303960679662302	0.0	*
p.Ile877Val	0.35675989097011435	0.0	*
p.Ile885=	*	*	*
p.Ile885Ala	0.11266894278861568	0.0	*
p.Ile885Arg	0.009356573537277132	0.0	*
p.Ile885Asn	0.00852994534660248	0.0	*
p.Ile885Asp	0.013509099865313531	0.0	*
p.Ile885Cys	0.0840924211392863	0.0	*
p.Ile885Gln	0.05674925526781005	0.0	*
p.Ile885Glu	0.028130716143885917	0.0	*
p.Ile885Gly	0.05182965301052806	0.0	*
p.Ile885His	0.05649902478728258	0.0	*
p.Ile885Leu	0.14089045225203223	0.0	*
p.Ile885Lys	0.013525988787080737	0.0	*
p.Ile885Met	0.06122608042839769	0.0	*
p.Ile885Phe	0.036528702181410785	0.0	*
p.Ile885Pro	0.008432951590279377	0.0	*
p.Ile885Ser	0.04126884058533514	0.0	*
p.Ile885Ter	0.0	0.0	*
p.Ile885Thr	0.0610015939770899	0.0	*
p.Ile885Trp	0.08932394655497121	0.0	*
p.Ile885Tyr	0.03840336041639964	0.0	*
p.Ile885Val	0.6635761106977324	0.0	*
p.Ile899=	*	*	*
p.Ile899Ala	0.08927530422647242	0.0	*
p.Ile899Arg	0.013469216647120934	0.0	*
p.Ile899Asn	0.022140974593568348	0.0	*
p.Ile899Asp	0.00945060363231482	0.0	*
p.Ile899Cys	0.027234006171144947	0.0	*
p.Ile899Gln	0.02460749130824358	0.0	*
p.Ile899Glu	0.016123211027805562	0.0	*
p.Ile899Gly	0.03489759493320331	0.0	*
p.Ile899His	0.041412178004641774	0.0	*
p.Ile899Leu	0.15169033672966764	0.0	*
p.Ile899Lys	0.014087452345881529	0.0	*
p.Ile899Met	0.1090000757672752	0.0	*
p.Ile899Phe	0.02930688603580818	0.0	*
p.Ile899Pro	0.008078929426235294	0.0	*
p.Ile899Ser	0.024320778597755735	0.0	*
p.Ile899Ter	0.0	0.0	*
p.Ile899Thr	0.04490042904113029	0.0	*
p.Ile899Trp	0.03240146873794253	0.0	*
p.Ile899Tyr	0.02475692913626774	0.0	*
p.Ile899Val	0.40388552290967356	0.0	*
p.Ile913=	*	*	*
p.Ile913Ala	0.028522202094483414	0.0	*
p.Ile913Arg	0.0045933769713645545	0.0	*
p.Ile913Asn	0.009154190954887675	0.0	*
p.Ile913Asp	0.0076134730772121715	0.0	*
p.Ile913Cys	0.02248117347998328	0.0	*
p.Ile913Gln	0.011154564715344768	0.0	*
p.Ile913Glu	0.007992857473000542	0.0	*
p.Ile913Gly	0.014163069403641104	0.0	*
p.Ile913His	0.011105233169326677	0.0	*
p.Ile913Leu	0.038990156100638516	0.0	*
p.Ile913Lys	0.005677424250381654	0.0	*
p.Ile913Met	0.01906809898835312	0.0	*
p.Ile913Phe	0.007657293831460311	0.0	*
p.Ile913Pro	0.006414794989577368	0.0	*
p.Ile913Ser	0.013538122119002433	0.0	*
p.Ile913Ter	0.0	0.0	*
p.Ile913Thr	0.015975372996765724	0.0	*
p.Ile913Trp	0.019526639467307313	0.0	*
p.Ile913Tyr	0.007771063392340359	0.0	*
p.Ile913Val	0.12384417691037292	0.0	*
p.Ile928=	*	*	*
p.Ile928Ala	0.06950846838443842	0.0	*
p.Ile928Arg	0.008571048735756603	0.0	*
p.Ile928Asn	0.015442394707915901	0.0	*
p.Ile928Asp	0.010128207098324963	0.0	*
p.Ile928Cys	0.04913398981611634	0.0	*
p.Ile928Gln	0.021986103478639694	0.0	*
p.Ile928Glu	0.01502974651266763	0.0	*
p.Ile928Gly	0.03617708653537006	0.0	*
p.Ile928His	0.02777778687202343	0.0	*
p.Ile928Leu	0.1295317636668758	0.0	*
p.Ile928Lys	0.0125234145527148	0.0	*
p.Ile928Met	0.09710107824236153	0.0	*
p.Ile928Phe	0.023762848858675092	0.0	*
p.Ile928Pro	0.007975661616876009	0.0	*
p.Ile928Ser	0.023938703313934974	0.0	*
p.Ile928Ter	0.0	0.0	*
p.Ile928Thr	0.039729430407379376	0.0	*
p.Ile928Trp	0.05891582190280749	0.0	*
p.Ile928Tyr	0.02108411740753955	0.0	*
p.Ile928Val	0.3555059366198771	0.0	*
p.Ile929=	*	*	*
p.Ile929Ala	0.041969778598081355	0.0	*
p.Ile929Arg	0.009757350534682947	0.0	*
p.Ile929Asn	0.010371842818524019	0.0	*
p.Ile929Asp	0.012931229578373052	0.0	*
p.Ile929Cys	0.0934877900586311	0.0	*
p.Ile929Gln	0.01570069665396854	0.0	*
p.Ile929Glu	0.012887358428504095	0.0	*
p.Ile929Gly	0.029154244586162104	0.0	*
p.Ile929His	0.01667584408762992	0.0	*
p.Ile929Leu	0.14072516151457626	0.0	*
p.Ile929Lys	0.013431928952925842	0.0	*
p.Ile929Met	0.04545599485656875	0.0	*
p.Ile929Phe	0.028549023596580514	0.0	*
p.Ile929Pro	0.013884862716179008	0.0	*
p.Ile929Ser	0.022992214159255547	0.0	*
p.Ile929Ter	0.0	0.0	*
p.Ile929Thr	0.05378501830653513	0.0	*
p.Ile929Trp	0.08355677253272542	0.0	*
p.Ile929Tyr	0.029323740992218624	0.0	*
p.Ile929Val	0.5258982139518568	0.0	*
p.Ile930=	*	*	*
p.Ile930Ala	0.263725521004978	0.0	*
p.Ile930Arg	0.0303244240799126	0.0	*
p.Ile930Asn	0.04947680420912029	0.0	*
p.Ile930Asp	0.05165551878008017	0.0	*
p.Ile930Cys	0.45031739678549804	0.0	*
p.Ile930Gln	0.08797004548401058	0.0	*
p.Ile930Glu	0.07116450406186672	0.0	*
p.Ile930Gly	0.23400898555927044	0.0	*
p.Ile930His	0.12524434011372634	0.0	*
p.Ile930Leu	0.46927489221663593	0.0	*
p.Ile930Lys	0.07947486321076587	0.0	*
p.Ile930Met	0.22731762188839508	0.0	*
p.Ile930Phe	0.1564684033045707	0.0	*
p.Ile930Pro	0.04703770946450772	0.0	*
p.Ile930Ser	0.15006828804675867	0.0	*
p.Ile930Ter	0.0	0.0	*
p.Ile930Thr	0.1978118400877732	0.0	*
p.Ile930Trp	0.25373233591247435	0.0	*
p.Ile930Tyr	0.09071579566981879	0.0	*
p.Ile930Val	0.8180666948407105	0.0	*
p.Ile940=	*	*	*
p.Ile940Ala	0.9820664097865399	0.0	*
p.Ile940Arg	0.4710125538614485	0.0	*
p.Ile940Asn	0.682485388288021	0.0	*
p.Ile940Asp	0.6076034666624358	0.0	*
p.Ile940Cys	0.9753881317208534	0.0	*
p.Ile940Gln	0.9161409352330505	0.0	*
p.Ile940Glu	0.7166386632908954	0.0	*
p.Ile940Gly	0.9332796664467011	0.0	*
p.Ile940His	0.9290765957566562	0.0	*
p.Ile940Leu	0.9903955314416565	0.0	*
p.Ile940Lys	0.8332257803537425	0.0	*
p.Ile940Met	0.9862225041572661	0.0	*
p.Ile940Phe	0.921519311419835	0.0	*
p.Ile940Pro	0.440330566111239	0.0	*
p.Ile940Ser	0.961909616188755	0.0	*
p.Ile940Ter	0.0	0.0	*
p.Ile940Thr	0.9788032128420819	0.0	*
p.Ile940Trp	0.9449594071702841	0.0	*
p.Ile940Tyr	0.8326687804446272	0.0	*
p.Ile940Val	0.9969887245621536	0.0	*
p.Ile942=	*	*	*
p.Ile942Ala	0.990169699996119	0.0	*
p.Ile942Arg	0.6322399306547998	0.0	*
p.Ile942Asn	0.8799866473559236	0.0	*
p.Ile942Asp	0.7371551725870992	0.0	*
p.Ile942Cys	0.9836678828485917	0.0	*
p.Ile942Gln	0.9471727264534624	0.0	*
p.Ile942Glu	0.8167303186278462	0.0	*
p.Ile942Gly	0.9779228992643085	0.0	*
p.Ile942His	0.9825380147682748	0.0	*
p.Ile942Leu	0.9943350256052448	0.0	*
p.Ile942Lys	0.9281630222319727	0.0	*
p.Ile942Met	0.9975435015867278	0.0	*
p.Ile942Phe	0.9573833837767053	0.0	*
p.Ile942Pro	0.5899278478697257	0.0	*
p.Ile942Ser	0.9667456940417257	0.0	*
p.Ile942Ter	0.0	0.0	*
p.Ile942Thr	0.9892586502616312	0.0	*
p.Ile942Trp	0.959758817676542	0.0	*
p.Ile942Tyr	0.8730954675321206	0.0	*
p.Ile942Val	0.997990326554864	0.0	*
p.Ile945=	*	*	*
p.Ile945Ala	0.9889065641353302	0.0	*
p.Ile945Arg	0.6637777458054446	0.0	*
p.Ile945Asn	0.926792930254062	0.0	*
p.Ile945Asp	0.7414272586421774	0.0	*
p.Ile945Cys	0.9821356199094923	0.0	*
p.Ile945Gln	0.946734955637266	0.0	*
p.Ile945Glu	0.8092904995090585	0.0	*
p.Ile945Gly	0.9520762879271207	0.0	*
p.Ile945His	0.9609523382433488	0.0	*
p.Ile945Leu	0.9908470443654389	0.0	*
p.Ile945Lys	0.9485497511504861	0.0	*
p.Ile945Met	0.9949684618261964	0.0	*
p.Ile945Phe	0.9537523874829863	0.0	*
p.Ile945Pro	0.6657892285446986	0.0	*
p.Ile945Ser	0.986154550382329	0.0	*
p.Ile945Ter	0.0	0.0	*
p.Ile945Thr	0.9910282866245113	0.0	*
p.Ile945Trp	0.9406759586242975	0.0	*
p.Ile945Tyr	0.829888566884704	0.0	*
p.Ile945Val	0.9959018452912412	0.0	*
p.Ile961=	*	*	*
p.Ile961Ala	0.9812629820677108	0.0	*
p.Ile961Arg	0.5733787256758771	0.0	*
p.Ile961Asn	0.9053721575614965	0.0	*
p.Ile961Asp	0.8052423200577024	0.0	*
p.Ile961Cys	0.963571831700327	0.0	*
p.Ile961Gln	0.8436433016485188	0.0	*
p.Ile961Glu	0.8476696856222475	0.0	*
p.Ile961Gly	0.9575274432289569	0.0	*
p.Ile961His	0.9711714841314096	0.0	*
p.Ile961Leu	0.9808099624308578	0.0	*
p.Ile961Lys	0.9302938514091834	0.0	*
p.Ile961Met	0.9831405290295397	0.0	*
p.Ile961Phe	0.9253558897886378	0.0	*
p.Ile961Pro	0.8437624914973887	0.0	*
p.Ile961Ser	0.933712138190806	0.0	*
p.Ile961Ter	0.0	0.0	*
p.Ile961Thr	0.984139368782211	0.0	*
p.Ile961Trp	0.8936376632322356	0.0	*
p.Ile961Tyr	0.7329613946963071	0.0	*
p.Ile961Val	0.9869701150524893	0.0	*
p.Ile967=	*	*	*
p.Ile967Ala	0.9201206470535189	0.0	*
p.Ile967Arg	0.1685801150086344	0.0	*
p.Ile967Asn	0.2042030241238885	0.0	*
p.Ile967Asp	0.24977234558715308	0.0	*
p.Ile967Cys	0.8873477491890702	0.0	*
p.Ile967Gln	0.5632042485963892	0.0	*
p.Ile967Glu	0.394600914845726	0.0	*
p.Ile967Gly	0.7593940584422029	0.0	*
p.Ile967His	0.7357815126383722	0.0	*
p.Ile967Leu	0.9277390952396513	0.0	*
p.Ile967Lys	0.3328042812891664	0.0	*
p.Ile967Met	0.8615793369574569	0.0	*
p.Ile967Phe	0.6238228225863109	0.0	*
p.Ile967Pro	0.190147441110591	0.0	*
p.Ile967Ser	0.5950963860215105	0.0	*
p.Ile967Ter	0.0	0.0	*
p.Ile967Thr	0.8506550350475811	0.0	*
p.Ile967Trp	0.7996751121541148	0.0	*
p.Ile967Tyr	0.552931389518321	0.0	*
p.Ile967Val	0.9903060394681948	0.0	*
p.Ile968=	*	*	*
p.Ile968Ala	0.8140309172306154	0.0	*
p.Ile968Arg	0.20593897931601518	0.0	*
p.Ile968Asn	0.25920841133024863	0.0	*
p.Ile968Asp	0.30576097434890315	0.0	*
p.Ile968Cys	0.6848169976661531	0.0	*
p.Ile968Gln	0.6091106818030678	0.0	*
p.Ile968Glu	0.3895655631091939	0.0	*
p.Ile968Gly	0.5348718167247832	0.0	*
p.Ile968His	0.7645711279408155	0.0	*
p.Ile968Leu	0.9317928192401219	0.0	*
p.Ile968Lys	0.3721138401612755	0.0	*
p.Ile968Met	0.8784639281070268	0.0	*
p.Ile968Phe	0.6146441611031163	0.0	*
p.Ile968Pro	0.1988602970645127	0.0	*
p.Ile968Ser	0.576537868387453	0.0	*
p.Ile968Ter	0.0	0.0	*
p.Ile968Thr	0.8113171324034006	0.0	*
p.Ile968Trp	0.6963059174063574	0.0	*
p.Ile968Tyr	0.45896682718534654	0.0	*
p.Ile968Val	0.9705289876506947	0.0	*
p.Ile976=	*	*	*
p.Ile976Ala	0.3331772601896057	0.0	*
p.Ile976Arg	0.018275831307640045	0.0	*
p.Ile976Asn	0.032811478550438096	0.0	*
p.Ile976Asp	0.0247536713240924	0.0	*
p.Ile976Cys	0.16233009637869777	0.0	*
p.Ile976Gln	0.07134466849312768	0.0	*
p.Ile976Glu	0.026462135692310942	0.0	*
p.Ile976Gly	0.12251354230459201	0.0	*
p.Ile976His	0.07234330319083704	0.0	*
p.Ile976Leu	0.48581739215194036	0.0	*
p.Ile976Lys	0.05731652164189032	0.0	*
p.Ile976Met	0.35143478285879787	0.0	*
p.Ile976Phe	0.0853923261284549	0.0	*
p.Ile976Pro	0.02613596180223564	0.0	*
p.Ile976Ser	0.18884432833314438	0.0	*
p.Ile976Ter	0.0	0.0	*
p.Ile976Thr	0.20345771922465514	0.0	*
p.Ile976Trp	0.17557566206820122	0.0	*
p.Ile976Tyr	0.06718842940508575	0.0	*
p.Ile976Val	0.841554961576453	0.0	*
p.Ile981=	*	*	*
p.Ile981Ala	0.0268222145931636	0.0	*
p.Ile981Arg	0.002061190036951239	0.0	*
p.Ile981Asn	0.002971000191134891	0.0	*
p.Ile981Asp	0.002792893459971995	0.0	*
p.Ile981Cys	0.016278512821728795	0.0	*
p.Ile981Gln	0.010022550052780434	0.0	*
p.Ile981Glu	0.004035337736298855	0.0	*
p.Ile981Gly	0.012996514441949181	0.0	*
p.Ile981His	0.01038543726424114	0.0	*
p.Ile981Leu	0.04746369840314397	0.0	*
p.Ile981Lys	0.0031849567614610705	0.0	*
p.Ile981Met	0.028300702594465	0.0	*
p.Ile981Phe	0.006287125170254983	0.0	*
p.Ile981Pro	0.0017532494597460393	0.0	*
p.Ile981Ser	0.012354139302080415	0.0	*
p.Ile981Ter	0.0	0.0	*
p.Ile981Thr	0.011975064151756832	0.0	*
p.Ile981Trp	0.024598304429716278	0.0	*
p.Ile981Tyr	0.007609422639228044	0.0	*
p.Ile981Val	0.33466785780435365	0.0	*
p.Leu1008=	*	*	*
p.Leu1008Ala	0.011126468694332575	0.0	*
p.Leu1008Arg	0.0015344750489830617	0.0	*
p.Leu1008Asn	0.0022785300731499895	0.0	*
p.Leu1008Asp	0.0028063660575273217	0.0	*
p.Leu1008Cys	0.01237579822273516	0.0	*
p.Leu1008Gln	0.004659392607315096	0.0	*
p.Leu1008Glu	0.0018743345603344052	0.0	*
p.Leu1008Gly	0.006539583918021967	0.0	*
p.Leu1008His	0.004793531303601366	0.0	*
p.Leu1008Ile	0.04551733537458012	0.0	*
p.Leu1008Lys	0.011079095327731329	0.0	*
p.Leu1008Met	0.013749446154803197	0.0	*
p.Leu1008Phe	0.015000230797880829	0.0	*
p.Leu1008Pro	0.002678807729906767	0.0	*
p.Leu1008Ser	0.013244819615122727	0.0	*
p.Leu1008Ter	0.0	0.0	*
p.Leu1008Thr	0.017660321877223512	0.0	*
p.Leu1008Trp	0.01302173097860434	0.0	*
p.Leu1008Tyr	0.004357310472610356	0.0	*
p.Leu1008Val	0.04329118104980697	0.0	*
p.Leu1015=	*	*	*
p.Leu1015Ala	0.03234139174298978	0.0	*
p.Leu1015Arg	0.0039050672433076535	0.0	*
p.Leu1015Asn	0.010026749487218382	0.0	*
p.Leu1015Asp	0.004182607771058653	0.0	*
p.Leu1015Cys	0.011538860566159005	0.0	*
p.Leu1015Gln	0.00508804462938352	0.0	*
p.Leu1015Glu	0.003154494583385435	0.0	*
p.Leu1015Gly	0.022600928832126572	0.0	*
p.Leu1015His	0.007904061715196904	0.0	*
p.Leu1015Ile	0.1845960057366853	0.0	*
p.Leu1015Lys	0.026529377389236393	0.0	*
p.Leu1015Met	0.069208631445292	0.0	*
p.Leu1015Phe	0.0549211050250097	0.0	*
p.Leu1015Pro	0.007476934862662128	0.0	*
p.Leu1015Ser	0.031353665214691205	0.0	*
p.Leu1015Ter	0.0	0.0	*
p.Leu1015Thr	0.034591742496264254	0.0	*
p.Leu1015Trp	0.02002812722499443	0.0	*
p.Leu1015Tyr	0.012363737032588624	0.0	*
p.Leu1015Val	0.1414052210527754	0.0	*
p.Leu1043=	*	*	*
p.Leu1043Ala	0.2205244731318949	0.0	*
p.Leu1043Arg	0.059057430375971186	0.0	*
p.Leu1043Asn	0.18535216038646574	0.0	*
p.Leu1043Asp	0.06789019347663576	0.0	*
p.Leu1043Cys	0.2833451439836621	0.0	*
p.Leu1043Gln	0.06894342107731673	0.0	*
p.Leu1043Glu	0.041632897205108994	0.0	*
p.Leu1043Gly	0.17895593047059366	0.0	*
p.Leu1043His	0.12793504806550698	0.0	*
p.Leu1043Ile	0.7470742125321324	0.0	*
p.Leu1043Met	0.36575598333382187	0.0	*
p.Leu1043Phe	0.5401050066508262	0.0	*
p.Leu1043Pro	0.055560709616271686	0.0	*
p.Leu1043Ser	0.3038194130344067	0.0	*
p.Leu1043Ter	0.0	0.0	*
p.Leu1043Thr	0.41588749628115806	0.0	*
p.Leu1043Trp	0.24660066790867521	0.0	*
p.Leu1043Tyr	0.21114889967063935	0.0	*
p.Leu1043Val	0.6698659349298313	0.0	*
p.Leu1044=	*	*	*
p.Leu1044Ala	0.25768018847078383	0.0	*
p.Leu1044Arg	0.03335793493007404	0.0	*
p.Leu1044Asn	0.098305524843012	0.0	*
p.Leu1044Asp	0.0366994948377189	0.0	*
p.Leu1044Cys	0.18982157608418407	0.0	*
p.Leu1044Gln	0.10253236311042137	0.0	*
p.Leu1044Glu	0.03733593867317419	0.0	*
p.Leu1044Gly	0.121188023928006	0.0	*
p.Leu1044His	0.1375395145609254	0.0	*
p.Leu1044Ile	0.5575472647464332	0.0	*
p.Leu1044Met	0.3411967777313431	0.0	*
p.Leu1044Phe	0.3720378653767246	0.0	*
p.Leu1044Pro	0.030484765462636215	0.0	*
p.Leu1044Ser	0.1450504931100305	0.0	*
p.Leu1044Ter	0.0	0.0	*
p.Leu1044Thr	0.18569956663905168	0.0	*
p.Leu1044Trp	0.19054269767181967	0.0	*
p.Leu1044Tyr	0.13531124774902764	0.0	*
p.Leu1044Val	0.45084790080623127	0.0	*
p.Leu1045=	*	*	*
p.Leu1045Ala	0.3580892602748266	0.0	*
p.Leu1045Arg	0.028221250534796925	0.0	*
p.Leu1045Asn	0.09243859543717733	0.0	*
p.Leu1045Asp	0.06554629128944539	0.0	*
p.Leu1045Cys	0.3583422366923022	0.0	*
p.Leu1045Gln	0.1440645993664601	0.0	*
p.Leu1045Glu	0.07222650298642395	0.0	*
p.Leu1045Gly	0.1850544315659855	0.0	*
p.Leu1045His	0.29155236864856726	0.0	*
p.Leu1045Ile	0.7674556855940354	0.0	*
p.Leu1045Lys	0.27254459970754924	0.0	*
p.Leu1045Met	0.39026036440037687	0.0	*
p.Leu1045Phe	0.5502560858867939	0.0	*
p.Leu1045Pro	0.06182084061865873	0.0	*
p.Leu1045Ser	0.2589044164248976	0.0	*
p.Leu1045Ter	0.0	0.0	*
p.Leu1045Thr	0.3509235951783293	0.0	*
p.Leu1045Trp	0.277572328187477	0.0	*
p.Leu1045Tyr	0.16260492326800652	0.0	*
p.Leu1045Val	0.6766792913191363	0.0	*
p.Leu1051=	*	*	*
p.Leu1051Ala	0.0964616692297109	0.0	*
p.Leu1051Arg	0.01280023381984123	0.0	*
p.Leu1051Asn	0.039995048465744774	0.0	*
p.Leu1051Cys	0.035492625027283724	0.0	*
p.Leu1051Gln	0.03192278987760665	0.0	*
p.Leu1051Glu	0.01733214672310693	0.0	*
p.Leu1051Gly	0.03783833402672639	0.0	*
p.Leu1051His	0.039244541494242835	0.0	*
p.Leu1051Lys	0.04050078628274703	0.0	*
p.Leu1051Met	0.08612671096031321	0.0	*
p.Leu1051Phe	0.09365961296621822	0.0	*
p.Leu1051Pro	0.016524571116463223	0.0	*
p.Leu1051Ser	0.05936064834808858	0.0	*
p.Leu1051Ter	0.0	0.0	*
p.Leu1051Trp	0.044340156650992564	0.0	*
p.Leu1051Val	0.24462260932668128	0.0	*
p.Leu1053=	*	*	*
p.Leu1053Ala	0.2208837203880332	0.0	*
p.Leu1053Arg	0.01559908510936863	0.0	*
p.Leu1053Asn	0.04993367005266082	0.0	*
p.Leu1053Asp	0.0506420794895806	0.0	*
p.Leu1053Cys	0.16800834191337716	0.0	*
p.Leu1053Gln	0.06699851166428457	0.0	*
p.Leu1053Glu	0.05655319589832416	0.0	*
p.Leu1053Gly	0.12439412512673013	0.0	*
p.Leu1053His	0.18289792455349543	0.0	*
p.Leu1053Ile	0.4502708805121395	0.0	*
p.Leu1053Lys	0.15333769800856503	0.0	*
p.Leu1053Met	0.1952809529748612	0.0	*
p.Leu1053Phe	0.2711677856390799	0.0	*
p.Leu1053Pro	0.06229982380830655	0.0	*
p.Leu1053Ser	0.09266838586232201	0.0	*
p.Leu1053Ter	0.0	0.0	*
p.Leu1053Thr	0.15664833423940536	0.0	*
p.Leu1053Trp	0.15365963005602845	0.0	*
p.Leu1053Tyr	0.07114650277348578	0.0	*
p.Leu1053Val	0.4094718630798475	0.0	*
p.Leu1057=	*	*	*
p.Leu1057Ala	0.02442654496665321	0.0	*
p.Leu1057Arg	0.0024517713569268147	0.0	*
p.Leu1057Asn	0.004284169528180585	0.0	*
p.Leu1057Cys	0.042153589387480504	0.0	*
p.Leu1057Gln	0.005160827750184439	0.0	*
p.Leu1057Glu	0.001933021584156788	0.0	*
p.Leu1057Gly	0.020099868557836447	0.0	*
p.Leu1057His	0.007097959629183582	0.0	*
p.Leu1057Ile	0.1405786501781853	0.0	*
p.Leu1057Lys	0.019011134062485932	0.0	*
p.Leu1057Met	0.027793870687638667	0.0	*
p.Leu1057Phe	0.04653365114320531	0.0	*
p.Leu1057Pro	0.004198300976389945	0.0	*
p.Leu1057Ser	0.02133409638213746	0.0	*
p.Leu1057Ter	0.0	0.0	*
p.Leu1057Thr	0.04606063962846202	0.0	*
p.Leu1057Trp	0.021784757267671904	0.0	*
p.Leu1057Tyr	0.011705532684141437	0.0	*
p.Leu1057Val	0.11219631243536295	0.0	*
p.Leu1071=	*	*	*
p.Leu1071Ala	0.15921043156486395	0.0	*
p.Leu1071Arg	0.01568485393728852	0.0	*
p.Leu1071Asn	0.03777499074536503	0.0	*
p.Leu1071Asp	0.023443853523167326	0.0	*
p.Leu1071Cys	0.12766793134753682	0.0	*
p.Leu1071Gln	0.03137077553653761	0.0	*
p.Leu1071Glu	0.020865517068230966	0.0	*
p.Leu1071Gly	0.06448176289625614	0.0	*
p.Leu1071His	0.060355323413379666	0.0	*
p.Leu1071Ile	0.5668256157363472	0.0	*
p.Leu1071Lys	0.0905287533077472	0.0	*
p.Leu1071Met	0.20807719212652376	0.0	*
p.Leu1071Phe	0.2127504807149578	0.0	*
p.Leu1071Pro	0.039081783078913704	0.0	*
p.Leu1071Ser	0.0704478630891048	0.0	*
p.Leu1071Ter	0.0	0.0	*
p.Leu1071Thr	0.17922039337229737	0.0	*
p.Leu1071Trp	0.1331754640205642	0.0	*
p.Leu1071Tyr	0.07384552091240636	0.0	*
p.Leu1071Val	0.562382530357353	0.0	*
p.Leu1083=	*	*	*
p.Leu1083Ala	0.017077992338048024	0.0	*
p.Leu1083Arg	0.006596393511007361	0.0	*
p.Leu1083Asp	0.0075007274482731725	0.0	*
p.Leu1083Cys	0.012526141140968205	0.0	*
p.Leu1083Gln	0.00982068446324979	0.0	*
p.Leu1083Glu	0.003956144747378993	0.0	*
p.Leu1083Gly	0.009235434026697766	0.0	*
p.Leu1083His	0.00579137027502034	0.0	*
p.Leu1083Ile	0.05654633640733264	0.0	*
p.Leu1083Lys	0.018271657026424894	0.0	*
p.Leu1083Met	0.014103781676216981	0.0	*
p.Leu1083Phe	0.015719995707081883	0.0	*
p.Leu1083Pro	0.005979054692431857	0.0	*
p.Leu1083Ser	0.024898669871927497	0.0	*
p.Leu1083Ter	0.0	0.0	*
p.Leu1083Thr	0.022495388825091164	0.0	*
p.Leu1083Trp	0.011798280319293057	0.0	*
p.Leu1083Tyr	0.0066021346763562175	0.0	*
p.Leu1083Val	0.033957325842415106	0.0	*
p.Leu1088=	*	*	*
p.Leu1088Ala	0.004750651682082403	0.0	*
p.Leu1088Arg	0.0015731557951876567	0.0	*
p.Leu1088Asn	0.002555060273476139	0.0	*
p.Leu1088Asp	0.0016919939699963434	0.0	*
p.Leu1088Cys	0.0019037749952517515	0.0	*
p.Leu1088Gln	0.002786665939481452	0.0	*
p.Leu1088Glu	0.0014475857901271923	0.0	*
p.Leu1088Gly	0.0030762873490067307	0.0	*
p.Leu1088His	0.004159020516126328	0.0	*
p.Leu1088Ile	0.027118387572968305	0.0	*
p.Leu1088Lys	0.00550483341198156	0.0	*
p.Leu1088Met	0.007652579844814513	0.0	*
p.Leu1088Phe	0.007026158315338302	0.0	*
p.Leu1088Pro	0.0018927578479505506	0.0	*
p.Leu1088Ser	0.004787768645488852	0.0	*
p.Leu1088Ter	0.0	0.0	*
p.Leu1088Thr	0.005729754142516082	0.0	*
p.Leu1088Trp	0.0034210236603833925	0.0	*
p.Leu1088Tyr	0.0035437220945419142	0.0	*
p.Leu1088Val	0.020581622767903034	0.0	*
p.Leu1113=	*	*	*
p.Leu1113Ala	0.014256832297121198	0.0	*
p.Leu1113Arg	0.004774585676627639	0.0	*
p.Leu1113Asn	0.00828541759611227	0.0	*
p.Leu1113Asp	0.00842713617515173	0.0	*
p.Leu1113Cys	0.018348120747489354	0.0	*
p.Leu1113Gln	0.014961848377893026	0.0	*
p.Leu1113Glu	0.0032659105124124973	0.0	*
p.Leu1113Gly	0.010566757427548404	0.0	*
p.Leu1113His	0.007215446072644791	0.0	*
p.Leu1113Ile	0.05376574360239278	0.0	*
p.Leu1113Lys	0.013491937786870134	0.0	*
p.Leu1113Met	0.013498803740338162	0.0	*
p.Leu1113Phe	0.01360950895824568	0.0	*
p.Leu1113Pro	0.004949646206847767	0.0	*
p.Leu1113Ser	0.02478156039576002	0.0	*
p.Leu1113Ter	0.0	0.0	*
p.Leu1113Thr	0.02052561351599314	0.0	*
p.Leu1113Trp	0.01661960858579597	0.0	*
p.Leu1113Tyr	0.0076512327629089235	0.0	*
p.Leu1113Val	0.03302160020028783	0.0	*
p.Leu1120=	*	*	*
p.Leu1120Ala	0.35597064259007893	0.0	*
p.Leu1120Arg	0.16197205873885293	0.0	*
p.Leu1120Asn	0.29937985233069064	0.0	*
p.Leu1120Asp	0.2652272717533823	0.0	*
p.Leu1120Cys	0.5298531941858057	0.0	*
p.Leu1120Gln	0.26784351041002086	0.0	*
p.Leu1120Glu	0.25866827566829165	0.0	*
p.Leu1120Gly	0.2985169134062847	0.0	*
p.Leu1120His	0.26140011633440713	0.0	*
p.Leu1120Ile	0.7308172652267063	0.0	*
p.Leu1120Lys	0.42272605449254314	0.0	*
p.Leu1120Met	0.470454159242771	0.0	*
p.Leu1120Phe	0.5375452009222588	0.0	*
p.Leu1120Pro	0.3240806574400414	0.0	*
p.Leu1120Ser	0.5601777248432654	0.0	*
p.Leu1120Ter	0.0	0.0	*
p.Leu1120Thr	0.5361749706242445	0.0	*
p.Leu1120Trp	0.5161349658019592	0.0	*
p.Leu1120Tyr	0.2783851669888836	0.0	*
p.Leu1120Val	0.781475155077663	0.0	*
p.Leu1127=	*	*	*
p.Leu1127Ala	0.6329523393492439	0.0	*
p.Leu1127Arg	0.330696522298129	0.0	*
p.Leu1127Asn	0.6757454813466333	0.0	*
p.Leu1127Asp	0.4470151977259634	0.0	*
p.Leu1127Cys	0.4841882596464809	0.0	*
p.Leu1127Gln	0.32517212650780486	0.0	*
p.Leu1127Glu	0.3579752176930932	0.0	*
p.Leu1127Gly	0.5801146223398971	0.0	*
p.Leu1127His	0.6999529678655262	0.0	*
p.Leu1127Ile	0.914790770358178	0.0	*
p.Leu1127Lys	0.6604517851670006	0.0	*
p.Leu1127Met	0.7599703781973506	0.0	*
p.Leu1127Phe	0.695649949952686	0.0	*
p.Leu1127Pro	0.5297066025977576	0.0	*
p.Leu1127Ser	0.7251650247754425	0.0	*
p.Leu1127Ter	0.0	0.0	*
p.Leu1127Thr	0.8502404992537159	0.0	*
p.Leu1127Trp	0.5339636197079943	0.0	*
p.Leu1127Tyr	0.44649724830391496	0.0	*
p.Leu1127Val	0.8600920565517388	0.0	*
p.Leu1133=	*	*	*
p.Leu1133Ala	0.5068515050051904	0.0	*
p.Leu1133Arg	0.3849595645584994	0.0	*
p.Leu1133Asn	0.6068404719862188	0.0	*
p.Leu1133Asp	0.3901982899131522	0.0	*
p.Leu1133Cys	0.5760955558453785	0.0	*
p.Leu1133Gln	0.30082137586799396	0.0	*
p.Leu1133Glu	0.30844971060359516	0.0	*
p.Leu1133Gly	0.5799231328190512	0.0	*
p.Leu1133His	0.5186904513381931	0.0	*
p.Leu1133Ile	0.8063996088847439	0.0	*
p.Leu1133Lys	0.5589288228349107	0.0	*
p.Leu1133Met	0.6267954749870887	0.0	*
p.Leu1133Phe	0.6247170258249659	0.0	*
p.Leu1133Pro	0.3582766191780375	0.0	*
p.Leu1133Ser	0.7595601486256677	0.0	*
p.Leu1133Ter	0.0	0.0	*
p.Leu1133Thr	0.6323014270352588	0.0	*
p.Leu1133Trp	0.568032484344205	0.0	*
p.Leu1133Tyr	0.42912511939345466	0.0	*
p.Leu1133Val	0.6683740233292578	0.0	*
p.Leu1147=	*	*	*
p.Leu1147Ala	0.06361686343593463	0.0	*
p.Leu1147Arg	0.004828865633573513	0.0	*
p.Leu1147Asn	0.01202865797197496	0.0	*
p.Leu1147Asp	0.00908296632550379	0.0	*
p.Leu1147Cys	0.01855642911270919	0.0	*
p.Leu1147Gln	0.009266480514450205	0.0	*
p.Leu1147Glu	0.005164814044928715	0.0	*
p.Leu1147Gly	0.03111166782573728	0.0	*
p.Leu1147His	0.01781675060981368	0.0	*
p.Leu1147Ile	0.26474442452977776	0.0	*
p.Leu1147Lys	0.03906805327769277	0.0	*
p.Leu1147Met	0.08347394611966041	0.0	*
p.Leu1147Phe	0.08226781405668253	0.0	*
p.Leu1147Pro	0.00592279214934089	0.0	*
p.Leu1147Ser	0.04239010710701664	0.0	*
p.Leu1147Ter	0.0	0.0	*
p.Leu1147Thr	0.10840219181142503	0.0	*
p.Leu1147Trp	0.02393291929342051	0.0	*
p.Leu1147Tyr	0.025071260426260143	0.0	*
p.Leu1147Val	0.25687510130820573	0.0	*
p.Leu1154=	*	*	*
p.Leu1154Ala	0.484319997344716	0.0	*
p.Leu1154Arg	0.027476104227726776	0.0	*
p.Leu1154Asn	0.0687637427254311	0.0	*
p.Leu1154Asp	0.032153410125064945	0.0	*
p.Leu1154Cys	0.22310635423283118	0.0	*
p.Leu1154Gln	0.06017482147531866	0.0	*
p.Leu1154Glu	0.038417191537543104	0.0	*
p.Leu1154Gly	0.16651448154075527	0.0	*
p.Leu1154His	0.08317681118678588	0.0	*
p.Leu1154Ile	0.6014417115399433	0.0	*
p.Leu1154Lys	0.16679558973985034	0.0	*
p.Leu1154Met	0.47380873332736745	0.0	*
p.Leu1154Phe	0.32860893832586757	0.0	*
p.Leu1154Pro	0.03950888810333869	0.0	*
p.Leu1154Ser	0.22079516760535378	0.0	*
p.Leu1154Ter	0.0	0.0	*
p.Leu1154Thr	0.1907383694804289	0.0	*
p.Leu1154Trp	0.09777542070812874	0.0	*
p.Leu1154Tyr	0.09223868934291118	0.0	*
p.Leu1154Val	0.3493775049776851	0.0	*
p.Leu1159=	*	*	*
p.Leu1159Ala	0.09642426793333621	0.0	*
p.Leu1159Arg	0.02149810672910277	0.0	*
p.Leu1159Asn	0.046954170533272874	0.0	*
p.Leu1159Asp	0.020838123094487133	0.0	*
p.Leu1159Cys	0.03339734485098582	0.0	*
p.Leu1159Gln	0.01539999645739075	0.0	*
p.Leu1159Glu	0.012967247708427289	0.0	*
p.Leu1159Gly	0.056565627817002764	0.0	*
p.Leu1159His	0.021631389197087483	0.0	*
p.Leu1159Ile	0.5218124576952029	0.0	*
p.Leu1159Lys	0.12598697627198618	0.0	*
p.Leu1159Met	0.219254172878301	0.0	*
p.Leu1159Phe	0.2424101843863648	0.0	*
p.Leu1159Pro	0.013372335231086052	0.0	*
p.Leu1159Ser	0.08862706418527402	0.0	*
p.Leu1159Ter	0.0	0.0	*
p.Leu1159Thr	0.13316487109092226	0.0	*
p.Leu1159Trp	0.06138910940807751	0.0	*
p.Leu1159Tyr	0.07766020384159973	0.0	*
p.Leu1159Val	0.31696194944861933	0.0	*
p.Leu1181=	*	*	*
p.Leu1181Ala	0.002670352938569808	0.0	*
p.Leu1181Arg	0.000520612207140967	0.0	*
p.Leu1181Asn	0.0007966504824102905	0.0	*
p.Leu1181Asp	0.001225576323792726	0.0	*
p.Leu1181Cys	0.006517955223984989	0.0	*
p.Leu1181Gln	0.0009404489377919001	0.0	*
p.Leu1181Glu	0.0007984256075975231	0.0	*
p.Leu1181Gly	0.004714238975467465	0.0	*
p.Leu1181His	0.0017960884617525302	0.0	*
p.Leu1181Ile	0.01219903470187895	0.0	*
p.Leu1181Lys	0.0018310412805187459	0.0	*
p.Leu1181Met	0.0027814717795933016	0.0	*
p.Leu1181Phe	0.003560567073487545	0.0	*
p.Leu1181Pro	0.0004389251120397995	0.0	*
p.Leu1181Ser	0.003800223113444453	0.0	*
p.Leu1181Ter	0.0	0.0	*
p.Leu1181Thr	0.0044324826222996066	0.0	*
p.Leu1181Trp	0.003111040026651422	0.0	*
p.Leu1181Tyr	0.0018223300615953276	0.0	*
p.Leu1181Val	0.012367026947999626	0.0	*
p.Leu1188=	*	*	*
p.Leu1188Ala	0.0209088776109309	0.0	*
p.Leu1188Arg	0.006832538076107149	0.0	*
p.Leu1188Asn	0.00789309838458904	0.0	*
p.Leu1188Asp	0.0034438161009103336	0.0	*
p.Leu1188Cys	0.018938112019724077	0.0	*
p.Leu1188Gln	0.009208698231576778	0.0	*
p.Leu1188Glu	0.003267850547569182	0.0	*
p.Leu1188Gly	0.011417716084271484	0.0	*
p.Leu1188His	0.006184553226399712	0.0	*
p.Leu1188Ile	0.23425167086044343	0.0	*
p.Leu1188Lys	0.01977436554770034	0.0	*
p.Leu1188Met	0.041899115257870774	0.0	*
p.Leu1188Phe	0.05291337274901841	0.0	*
p.Leu1188Pro	0.005057519479190579	0.0	*
p.Leu1188Ser	0.021265037771756624	0.0	*
p.Leu1188Ter	0.0	0.0	*
p.Leu1188Thr	0.051593107754718495	0.0	*
p.Leu1188Trp	0.026897322114353268	0.0	*
p.Leu1188Tyr	0.023314480644980026	0.0	*
p.Leu1188Val	0.19271886113758094	0.0	*
p.Leu1204=	*	*	*
p.Leu1204Ala	0.10349771140193344	0.0	*
p.Leu1204Arg	0.019394811135514948	0.0	*
p.Leu1204Asn	0.047915827838094935	0.0	*
p.Leu1204Asp	0.01939888006509951	0.0	*
p.Leu1204Cys	0.06348147224252623	0.0	*
p.Leu1204Gln	0.03893030588522219	0.0	*
p.Leu1204Glu	0.015861952705524422	0.0	*
p.Leu1204Gly	0.03697185142213375	0.0	*
p.Leu1204His	0.0432610509187984	0.0	*
p.Leu1204Ile	0.39823671062550625	0.0	*
p.Leu1204Lys	0.07271195452250219	0.0	*
p.Leu1204Met	0.11265820096514283	0.0	*
p.Leu1204Phe	0.17876582879783762	0.0	*
p.Leu1204Pro	0.011984512999593962	0.0	*
p.Leu1204Ser	0.056276962067201945	0.0	*
p.Leu1204Ter	0.0	0.0	*
p.Leu1204Thr	0.08620461799134065	0.0	*
p.Leu1204Trp	0.09311811927087707	0.0	*
p.Leu1204Tyr	0.060129450943928915	0.0	*
p.Leu1204Val	0.2261199794404707	0.0	*
p.Leu1209=	*	*	*
p.Leu1209Ala	0.04870928043131271	0.0	*
p.Leu1209Arg	0.004619330014597802	0.0	*
p.Leu1209Asn	0.015266739592692438	0.0	*
p.Leu1209Asp	0.0057966819176661	0.0	*
p.Leu1209Cys	0.03720745080604873	0.0	*
p.Leu1209Gln	0.009849112542253917	0.0	*
p.Leu1209Glu	0.004473255887048416	0.0	*
p.Leu1209Gly	0.015956944225998592	0.0	*
p.Leu1209His	0.01706103897026402	0.0	*
p.Leu1209Ile	0.220100723793089	0.0	*
p.Leu1209Lys	0.02847984042145061	0.0	*
p.Leu1209Met	0.07365320023674862	0.0	*
p.Leu1209Phe	0.06339454462456909	0.0	*
p.Leu1209Pro	0.005489311212386325	0.0	*
p.Leu1209Ser	0.02441446147442069	0.0	*
p.Leu1209Ter	0.0	0.0	*
p.Leu1209Thr	0.0601418388329352	0.0	*
p.Leu1209Trp	0.02868316071639261	0.0	*
p.Leu1209Tyr	0.019808654170972703	0.0	*
p.Leu1209Val	0.19038932586251658	0.0	*
p.Leu1218=	*	*	*
p.Leu1218Ala	0.0021756469723691247	0.0	*
p.Leu1218Arg	0.000450326422953151	0.0	*
p.Leu1218Asp	0.0006848594214624216	0.0	*
p.Leu1218Cys	0.001339978483147581	0.0	*
p.Leu1218Gln	0.0009404489377919001	0.0	*
p.Leu1218Glu	0.00041102567505383155	0.0	*
p.Leu1218Gly	0.0013243060331393029	0.0	*
p.Leu1218His	0.0008986969174961887	0.0	*
p.Leu1218Ile	0.021964890041457966	0.0	*
p.Leu1218Lys	0.002180263381810611	0.0	*
p.Leu1218Met	0.0019777427281291496	0.0	*
p.Leu1218Phe	0.00423915978082886	0.0	*
p.Leu1218Pro	0.0005870354068241281	0.0	*
p.Leu1218Ser	0.003202587269130501	0.0	*
p.Leu1218Ter	0.0	0.0	*
p.Leu1218Thr	0.006158703986136288	0.0	*
p.Leu1218Trp	0.0018570692022176272	0.0	*
p.Leu1218Tyr	0.0015089046501521864	0.0	*
p.Leu1218Val	0.014114145300555561	0.0	*
p.Leu1244=	*	*	*
p.Leu1244Ala	0.6821932424972931	0.0	*
p.Leu1244Arg	0.19564175874283687	0.0	*
p.Leu1244Asn	0.5704542361903784	0.0	*
p.Leu1244Asp	0.25724717024218163	0.0	*
p.Leu1244Cys	0.7585891126092369	0.0	*
p.Leu1244Gln	0.3102992828274084	0.0	*
p.Leu1244Glu	0.22625859269215176	0.0	*
p.Leu1244Gly	0.5576461415526903	0.0	*
p.Leu1244His	0.6374663674748758	0.0	*
p.Leu1244Ile	0.933122538988858	0.0	*
p.Leu1244Lys	0.7762547600227953	0.0	*
p.Leu1244Met	0.8679726339160482	0.0	*
p.Leu1244Phe	0.9032339080142152	0.0	*
p.Leu1244Pro	0.14316661069726674	0.0	*
p.Leu1244Ser	0.6219264969423495	0.0	*
p.Leu1244Ter	0.0	0.0	*
p.Leu1244Thr	0.8849603671686477	0.0	*
p.Leu1244Trp	0.46017608946844885	0.0	*
p.Leu1244Tyr	0.5549188324020676	0.0	*
p.Leu1244Val	0.9173376386785849	0.0	*
p.Leu1255=	*	*	*
p.Leu1255Ala	0.044614025999790786	0.0	*
p.Leu1255Arg	0.013455999128664024	0.0	*
p.Leu1255Asn	0.03279270900863513	0.0	*
p.Leu1255Asp	0.014004124119179057	0.0	*
p.Leu1255Cys	0.03496365000232159	0.0	*
p.Leu1255Gln	0.02212986675439481	0.0	*
p.Leu1255Glu	0.009330605610113363	0.0	*
p.Leu1255Gly	0.015322552878842684	0.0	*
p.Leu1255His	0.02022881612399875	0.0	*
p.Leu1255Ile	0.2155825136760339	0.0	*
p.Leu1255Lys	0.07838300793799914	0.0	*
p.Leu1255Met	0.07264534842420123	0.0	*
p.Leu1255Phe	0.10854487892158318	0.0	*
p.Leu1255Pro	0.010319462326778215	0.0	*
p.Leu1255Ser	0.034737329186908104	0.0	*
p.Leu1255Ter	0.0	0.0	*
p.Leu1255Thr	0.074366565211062	0.0	*
p.Leu1255Trp	0.03067261316404508	0.0	*
p.Leu1255Tyr	0.04161366747646088	0.0	*
p.Leu1255Val	0.15364687378691078	0.0	*
p.Leu1275=	*	*	*
p.Leu1275Ala	0.0030102907801804746	0.0	*
p.Leu1275Arg	0.0005542506286589428	0.0	*
p.Leu1275Asn	0.0009255114387587992	0.0	*
p.Leu1275Asp	0.0005809490779772581	0.0	*
p.Leu1275Cys	0.003100135762010991	0.0	*
p.Leu1275Gln	0.0007167566066624911	0.0	*
p.Leu1275Glu	0.0005375442139001609	0.0	*
p.Leu1275Gly	0.001615370531181711	0.0	*
p.Leu1275His	0.0011079359624552277	0.0	*
p.Leu1275Ile	0.010527428526162745	0.0	*
p.Leu1275Lys	0.0020941644202289475	0.0	*
p.Leu1275Met	0.002606571056119794	0.0	*
p.Leu1275Phe	0.005316120706582407	0.0	*
p.Leu1275Pro	0.0004947605422555296	0.0	*
p.Leu1275Ser	0.0017125165743053913	0.0	*
p.Leu1275Ter	0.0	0.0	*
p.Leu1275Thr	0.0031918180282638864	0.0	*
p.Leu1275Trp	0.004507112295970008	0.0	*
p.Leu1275Tyr	0.0020741710353660236	0.0	*
p.Leu1275Val	0.0147845388214141	0.0	*
p.Leu1299=	*	*	*
p.Leu1299Ala	0.1092131420102077	0.0	*
p.Leu1299Arg	0.010318277271387932	0.0	*
p.Leu1299Asn	0.014595845409830272	0.0	*
p.Leu1299Asp	0.0138088589727405	0.0	*
p.Leu1299Cys	0.11058057606482984	0.0	*
p.Leu1299Gln	0.030959939789610764	0.0	*
p.Leu1299Glu	0.021389404423823772	0.0	*
p.Leu1299Gly	0.07287816323383808	0.0	*
p.Leu1299His	0.05478544261586416	0.0	*
p.Leu1299Ile	0.6000729381595036	0.0	*
p.Leu1299Lys	0.09849802726465227	0.0	*
p.Leu1299Met	0.11694048799374453	0.0	*
p.Leu1299Phe	0.31449113941705575	0.0	*
p.Leu1299Pro	0.01199812484361888	0.0	*
p.Leu1299Ser	0.057942783687654896	0.0	*
p.Leu1299Ter	0.0	0.0	*
p.Leu1299Thr	0.21892226458996425	0.0	*
p.Leu1299Trp	0.10865238162007815	0.0	*
p.Leu1299Tyr	0.068745211811663	0.0	*
p.Leu1299Val	0.5833286502683064	0.0	*
p.Leu1304=	*	*	*
p.Leu1304Ala	0.1181310277940965	0.0	*
p.Leu1304Arg	0.020406320404070217	0.0	*
p.Leu1304Asn	0.047301214150627525	0.0	*
p.Leu1304Asp	0.01550017549487406	0.0	*
p.Leu1304Cys	0.04061662904038083	0.0	*
p.Leu1304Gln	0.021827325131181605	0.0	*
p.Leu1304Glu	0.009312966865589824	0.0	*
p.Leu1304Gly	0.04589714100435537	0.0	*
p.Leu1304His	0.026802734849350283	0.0	*
p.Leu1304Ile	0.3168886234403269	0.0	*
p.Leu1304Lys	0.07756475224275315	0.0	*
p.Leu1304Met	0.10899338760325053	0.0	*
p.Leu1304Phe	0.12235282217311684	0.0	*
p.Leu1304Pro	0.020606078745704005	0.0	*
p.Leu1304Ser	0.08872393462312939	0.0	*
p.Leu1304Ter	0.0	0.0	*
p.Leu1304Thr	0.09577392265869505	0.0	*
p.Leu1304Trp	0.033258784459283354	0.0	*
p.Leu1304Tyr	0.0383775478586073	0.0	*
p.Leu1304Val	0.12635009852694915	0.0	*
p.Leu1305=	*	*	*
p.Leu1305Ala	0.22490102749653687	0.0	*
p.Leu1305Arg	0.0277000244131943	0.0	*
p.Leu1305Asn	0.08333905109639982	0.0	*
p.Leu1305Asp	0.04531199546983119	0.0	*
p.Leu1305Cys	0.08821408950706752	0.0	*
p.Leu1305Gln	0.05695670762662238	0.0	*
p.Leu1305Glu	0.032435569767805913	0.0	*
p.Leu1305Gly	0.10011610490538642	0.0	*
p.Leu1305His	0.1069418218143769	0.0	*
p.Leu1305Ile	0.5697922266383615	0.0	*
p.Leu1305Lys	0.19446422123966223	0.0	*
p.Leu1305Met	0.2970744051006872	0.0	*
p.Leu1305Phe	0.3913595812673197	0.0	*
p.Leu1305Pro	0.027307259232734693	0.0	*
p.Leu1305Ser	0.09084494752528549	0.0	*
p.Leu1305Ter	0.0	0.0	*
p.Leu1305Thr	0.19036766610881137	0.0	*
p.Leu1305Trp	0.12922976531993205	0.0	*
p.Leu1305Tyr	0.1221743435103004	0.0	*
p.Leu1305Val	0.362671550482968	0.0	*
p.Leu1313=	*	*	*
p.Leu1313Ala	0.3669053483311714	0.0	*
p.Leu1313Arg	0.01969021679168109	0.0	*
p.Leu1313Asn	0.08412701828316592	0.0	*
p.Leu1313Asp	0.0207371800007602	0.0	*
p.Leu1313Cys	0.20541077136124192	0.0	*
p.Leu1313Gln	0.021414760547115268	0.0	*
p.Leu1313Glu	0.01550515227305144	0.0	*
p.Leu1313Gly	0.24074530668638425	0.0	*
p.Leu1313His	0.04040345435105046	0.0	*
p.Leu1313Ile	0.5730079395685478	0.0	*
p.Leu1313Lys	0.14318686090797314	0.0	*
p.Leu1313Met	0.337687399664351	0.0	*
p.Leu1313Phe	0.32995161142373525	0.0	*
p.Leu1313Pro	0.030132656377345378	0.0	*
p.Leu1313Ser	0.1984688849805366	0.0	*
p.Leu1313Ter	0.0	0.0	*
p.Leu1313Thr	0.21251458056510708	0.0	*
p.Leu1313Trp	0.11407584686532238	0.0	*
p.Leu1313Tyr	0.07326445832844874	0.0	*
p.Leu1313Val	0.46780953580271206	0.0	*
p.Leu1325=	*	*	*
p.Leu1325Ala	0.1202260771141645	0.0	*
p.Leu1325Arg	0.014256316422112003	0.0	*
p.Leu1325Asn	0.04844648461598468	0.0	*
p.Leu1325Asp	0.007891104350664506	0.0	*
p.Leu1325Cys	0.07030746664832681	0.0	*
p.Leu1325Gln	0.010823209762478692	0.0	*
p.Leu1325Glu	0.005633721620608851	0.0	*
p.Leu1325Gly	0.0603721380720119	0.0	*
p.Leu1325His	0.015198543772936998	0.0	*
p.Leu1325Ile	0.38664604970357946	0.0	*
p.Leu1325Lys	0.07511813726664145	0.0	*
p.Leu1325Met	0.2453925898718736	0.0	*
p.Leu1325Phe	0.13714089957969783	0.0	*
p.Leu1325Pro	0.015958910396007157	0.0	*
p.Leu1325Ser	0.12443530373059833	0.0	*
p.Leu1325Ter	0.0	0.0	*
p.Leu1325Thr	0.07437253781600768	0.0	*
p.Leu1325Trp	0.03711147352855163	0.0	*
p.Leu1325Tyr	0.024746951506066817	0.0	*
p.Leu1325Val	0.14505450153513028	0.0	*
p.Leu1327=	*	*	*
p.Leu1327Ala	0.24732449574397097	0.0	*
p.Leu1327Arg	0.014211404611635513	0.0	*
p.Leu1327Asn	0.04235161649341665	0.0	*
p.Leu1327Asp	0.020520759239752485	0.0	*
p.Leu1327Cys	0.18233976946199712	0.0	*
p.Leu1327Gln	0.04712458436444169	0.0	*
p.Leu1327Glu	0.022795138323554866	0.0	*
p.Leu1327Gly	0.14618080439388478	0.0	*
p.Leu1327His	0.07095964024939658	0.0	*
p.Leu1327Ile	0.6053203874974507	0.0	*
p.Leu1327Lys	0.1516882769530449	0.0	*
p.Leu1327Met	0.38574973302795945	0.0	*
p.Leu1327Phe	0.4111215298808501	0.0	*
p.Leu1327Pro	0.019209512525200118	0.0	*
p.Leu1327Ser	0.12819105819955615	0.0	*
p.Leu1327Ter	0.0	0.0	*
p.Leu1327Thr	0.21676905382164946	0.0	*
p.Leu1327Trp	0.13056637502431623	0.0	*
p.Leu1327Tyr	0.08351312679622762	0.0	*
p.Leu1327Val	0.6014404663921116	0.0	*
p.Leu1329=	*	*	*
p.Leu1329Ala	0.28699086747273833	0.0	*
p.Leu1329Arg	0.011406933678029313	0.0	*
p.Leu1329Asn	0.054569127475048954	0.0	*
p.Leu1329Asp	0.020267431698332217	0.0	*
p.Leu1329Cys	0.24574658560198928	0.0	*
p.Leu1329Gln	0.0380959940318064	0.0	*
p.Leu1329Glu	0.026509805734022795	0.0	*
p.Leu1329Gly	0.16873721807484773	0.0	*
p.Leu1329His	0.1006538298320164	0.0	*
p.Leu1329Ile	0.5591997453893514	0.0	*
p.Leu1329Lys	0.12769565167928065	0.0	*
p.Leu1329Met	0.31513673943306264	0.0	*
p.Leu1329Phe	0.41946633512754056	0.0	*
p.Leu1329Pro	0.020140147053876272	0.0	*
p.Leu1329Ser	0.15824527099552402	0.0	*
p.Leu1329Ter	0.0	0.0	*
p.Leu1329Thr	0.19920364703206248	0.0	*
p.Leu1329Trp	0.12258073880460793	0.0	*
p.Leu1329Tyr	0.0662375867284569	0.0	*
p.Leu1329Val	0.4791605918256655	0.0	*
p.Leu1333=	*	*	*
p.Leu1333Ala	0.6805052764522647	0.0	*
p.Leu1333Arg	0.04188643919048993	0.0	*
p.Leu1333Asn	0.22913931921484368	0.0	*
p.Leu1333Asp	0.07033154685653309	0.0	*
p.Leu1333Cys	0.4107825991536899	0.0	*
p.Leu1333Gln	0.10431449084225	0.0	*
p.Leu1333Glu	0.060386032969443566	0.0	*
p.Leu1333Gly	0.44772190248447574	0.0	*
p.Leu1333His	0.2905586022003086	0.0	*
p.Leu1333Ile	0.7834476138243346	0.0	*
p.Leu1333Lys	0.5058210715030826	0.0	*
p.Leu1333Met	0.7863513748876965	0.0	*
p.Leu1333Phe	0.7116250702271957	0.0	*
p.Leu1333Pro	0.0804207792750482	0.0	*
p.Leu1333Ser	0.49298895388198605	0.0	*
p.Leu1333Ter	0.0	0.0	*
p.Leu1333Thr	0.4340036188726573	0.0	*
p.Leu1333Trp	0.26542015783993694	0.0	*
p.Leu1333Tyr	0.1575351497463243	0.0	*
p.Leu1333Val	0.6091853968960775	0.0	*
p.Leu1350=	*	*	*
p.Leu1350Ala	0.3359908999168278	0.0	*
p.Leu1350Arg	0.056531901730224765	0.0	*
p.Leu1350Asn	0.14347819377734264	0.0	*
p.Leu1350Asp	0.0521546858577961	0.0	*
p.Leu1350Cys	0.38626778470348666	0.0	*
p.Leu1350Gln	0.07767080647066643	0.0	*
p.Leu1350Glu	0.028503228934746612	0.0	*
p.Leu1350Gly	0.34164163329898184	0.0	*
p.Leu1350His	0.11155669064387594	0.0	*
p.Leu1350Ile	0.8032126202016089	0.0	*
p.Leu1350Lys	0.3118767036501842	0.0	*
p.Leu1350Met	0.5296381762825992	0.0	*
p.Leu1350Phe	0.4896396085125093	0.0	*
p.Leu1350Pro	0.06309023547373373	0.0	*
p.Leu1350Ser	0.37067511684875115	0.0	*
p.Leu1350Ter	0.0	0.0	*
p.Leu1350Thr	0.5258819477449385	0.0	*
p.Leu1350Trp	0.26488150301242974	0.0	*
p.Leu1350Tyr	0.1672769408615615	0.0	*
p.Leu1350Val	0.7615027837090161	0.0	*
p.Leu1368=	*	*	*
p.Leu1368Ala	0.884751690085373	0.0	*
p.Leu1368Arg	0.29049694840319273	0.0	*
p.Leu1368Asn	0.6510331278606737	0.0	*
p.Leu1368Asp	0.4277485118938644	0.0	*
p.Leu1368Cys	0.8152047456495258	0.0	*
p.Leu1368Gln	0.49120381278131264	0.0	*
p.Leu1368Glu	0.5162194419704172	0.0	*
p.Leu1368Gly	0.7751275889092323	0.0	*
p.Leu1368His	0.8479907273532963	0.0	*
p.Leu1368Ile	0.9621078523680862	0.0	*
p.Leu1368Lys	0.8357716269568238	0.0	*
p.Leu1368Met	0.9037244254557617	0.0	*
p.Leu1368Phe	0.9525308977462944	0.0	*
p.Leu1368Pro	0.3470258638225027	0.0	*
p.Leu1368Ser	0.6805480854624734	0.0	*
p.Leu1368Ter	0.0	0.0	*
p.Leu1368Thr	0.9400132159307459	0.0	*
p.Leu1368Trp	0.7587113196380461	0.0	*
p.Leu1368Tyr	0.6814518243736334	0.0	*
p.Leu1368Val	0.9749309917342093	0.0	*
p.Leu1371=	*	*	*
p.Leu1371Ala	0.9756848713938784	0.0	*
p.Leu1371Arg	0.38251666324784195	0.0	*
p.Leu1371Asn	0.8256832282781178	0.0	*
p.Leu1371Asp	0.502702673001282	0.0	*
p.Leu1371Cys	0.9146175938698722	0.0	*
p.Leu1371Gln	0.7830359358192001	0.0	*
p.Leu1371Glu	0.582549143079153	0.0	*
p.Leu1371Gly	0.8101027650454864	0.0	*
p.Leu1371His	0.9384584909414108	0.0	*
p.Leu1371Ile	0.9926161356255775	0.0	*
p.Leu1371Lys	0.9659407691418828	0.0	*
p.Leu1371Met	0.9772061670829114	0.0	*
p.Leu1371Phe	0.9731487065612662	0.0	*
p.Leu1371Pro	0.47278618306452735	0.0	*
p.Leu1371Ser	0.920222212500596	0.0	*
p.Leu1371Ter	0.0	0.0	*
p.Leu1371Thr	0.9783244354550267	0.0	*
p.Leu1371Trp	0.8635846156798609	0.0	*
p.Leu1371Tyr	0.7917331238996124	0.0	*
p.Leu1371Val	0.9831053509865788	0.0	*
p.Leu1373=	*	*	*
p.Leu1373Ala	0.9800120276356354	0.0	*
p.Leu1373Arg	0.30727398084099306	0.0	*
p.Leu1373Asn	0.813252520639949	0.0	*
p.Leu1373Asp	0.27772283980745943	0.0	*
p.Leu1373Cys	0.8503513756014953	0.0	*
p.Leu1373Gln	0.5145700042589232	0.0	*
p.Leu1373Glu	0.4950037102207025	0.0	*
p.Leu1373Gly	0.8215061384418504	0.0	*
p.Leu1373His	0.8449783453388603	0.0	*
p.Leu1373Ile	0.9864195545612845	0.0	*
p.Leu1373Lys	0.9310975623743305	0.0	*
p.Leu1373Met	0.9819945064120702	0.0	*
p.Leu1373Phe	0.9747068798763266	0.0	*
p.Leu1373Pro	0.23884592838741536	0.0	*
p.Leu1373Ser	0.8231491023318156	0.0	*
p.Leu1373Ter	0.0	0.0	*
p.Leu1373Thr	0.9639199287038598	0.0	*
p.Leu1373Trp	0.7432512559339411	0.0	*
p.Leu1373Tyr	0.7736217528757747	0.0	*
p.Leu1373Val	0.9827613594685292	0.0	*
p.Leu1381=	*	*	*
p.Leu1381Ala	0.9989595656097012	0.0	*
p.Leu1381Arg	0.9719712549687444	0.0	*
p.Leu1381Asn	0.9892781834116127	0.0	*
p.Leu1381Asp	0.9686092011687644	0.0	*
p.Leu1381Cys	0.9948312257088503	0.0	*
p.Leu1381Gln	0.9848182359488784	0.0	*
p.Leu1381Glu	0.9810027664990445	0.0	*
p.Leu1381Gly	0.9938733994100661	0.0	*
p.Leu1381His	0.99523099424416	0.0	*
p.Leu1381Ile	0.997297145283601	0.0	*
p.Leu1381Lys	0.9983017043814791	0.0	*
p.Leu1381Met	0.9987335224249154	0.0	*
p.Leu1381Phe	0.998667646434827	0.0	*
p.Leu1381Pro	0.9609717339657435	0.0	*
p.Leu1381Ser	0.9979355377890463	0.0	*
p.Leu1381Ter	0.0	0.0	*
p.Leu1381Thr	0.998712273655659	0.0	*
p.Leu1381Trp	0.9847322230434166	0.0	*
p.Leu1381Tyr	0.984938682204412	0.0	*
p.Leu1381Val	0.9971754194369268	0.0	*
p.Leu1395=	*	*	*
p.Leu1395Ala	0.9986546213037297	0.0	*
p.Leu1395Arg	0.9721433126582002	0.0	*
p.Leu1395Asn	0.99559787946338	0.0	*
p.Leu1395Asp	0.992616386761478	0.0	*
p.Leu1395Cys	0.9983679247388332	0.0	*
p.Leu1395Gln	0.9821389836532122	0.0	*
p.Leu1395Glu	0.9916797953467675	0.0	*
p.Leu1395Gly	0.9969083020364977	0.0	*
p.Leu1395His	0.9989527616750264	0.0	*
p.Leu1395Ile	0.9987894195390561	0.0	*
p.Leu1395Lys	0.9991409269777304	0.0	*
p.Leu1395Met	0.9994674670906339	0.0	*
p.Leu1395Phe	0.999338091892002	0.0	*
p.Leu1395Pro	0.9884360120386914	0.0	*
p.Leu1395Ser	0.9967561391885038	0.0	*
p.Leu1395Ter	0.0	0.0	*
p.Leu1395Thr	0.9996327230341506	0.0	*
p.Leu1395Trp	0.9930674247565715	0.0	*
p.Leu1395Tyr	0.9928331068929318	0.0	*
p.Leu1395Val	0.9988773326760078	0.0	*
p.Leu1430=	*	*	*
p.Leu1430Ala	0.9013106980463853	0.0	*
p.Leu1430Arg	0.5288083767805406	0.0	*
p.Leu1430Asn	0.7806323967384736	0.0	*
p.Leu1430Asp	0.45804332902407274	0.0	*
p.Leu1430Cys	0.8324618953582472	0.0	*
p.Leu1430Gln	0.6420804506983406	0.0	*
p.Leu1430Glu	0.5192836157159108	0.0	*
p.Leu1430Gly	0.6203725915455109	0.0	*
p.Leu1430His	0.7874483799126378	0.0	*
p.Leu1430Ile	0.9571967600510214	0.0	*
p.Leu1430Lys	0.8697946337286075	0.0	*
p.Leu1430Met	0.904461381618179	0.0	*
p.Leu1430Phe	0.8481615044472426	0.0	*
p.Leu1430Pro	0.4432692983463953	0.0	*
p.Leu1430Ser	0.9436306138971073	0.0	*
p.Leu1430Ter	0.0	0.0	*
p.Leu1430Thr	0.9149103601366655	0.0	*
p.Leu1430Trp	0.7389237409239423	0.0	*
p.Leu1430Tyr	0.6174016717739899	0.0	*
p.Leu1430Val	0.89920940830952	0.0	*
p.Leu1433=	*	*	*
p.Leu1433Ala	0.722000566381416	0.0	*
p.Leu1433Arg	0.2918610227474229	0.0	*
p.Leu1433Asn	0.46659843155842723	0.0	*
p.Leu1433Asp	0.31875644595017316	0.0	*
p.Leu1433Cys	0.6356074426311142	0.0	*
p.Leu1433Gln	0.4962806911373992	0.0	*
p.Leu1433Glu	0.25333461765348014	0.0	*
p.Leu1433Gly	0.4464798000828617	0.0	*
p.Leu1433His	0.5988601162475804	0.0	*
p.Leu1433Ile	0.8976319170655233	0.0	*
p.Leu1433Lys	0.7049439289159113	0.0	*
p.Leu1433Met	0.8236441069073717	0.0	*
p.Leu1433Phe	0.689156464329343	0.0	*
p.Leu1433Pro	0.23179269128510485	0.0	*
p.Leu1433Ser	0.8605313835895724	0.0	*
p.Leu1433Ter	0.0	0.0	*
p.Leu1433Thr	0.8225411459706439	0.0	*
p.Leu1433Trp	0.631479113460415	0.0	*
p.Leu1433Tyr	0.41071252590078217	0.0	*
p.Leu1433Val	0.8296355524949822	0.0	*
p.Leu1454=	*	*	*
p.Leu1454Ala	0.8396013801020934	0.0	*
p.Leu1454Arg	0.5627742905060136	0.0	*
p.Leu1454Asn	0.7822491995484554	0.0	*
p.Leu1454Asp	0.6154435770736952	0.0	*
p.Leu1454Cys	0.6071086804206541	0.0	*
p.Leu1454Gln	0.6086146143124952	0.0	*
p.Leu1454Glu	0.5624672134155897	0.0	*
p.Leu1454Gly	0.7557943165840727	0.0	*
p.Leu1454His	0.7316306391057552	0.0	*
p.Leu1454Ile	0.8951005210154857	0.0	*
p.Leu1454Lys	0.8042970489637769	0.0	*
p.Leu1454Met	0.8522394822964227	0.0	*
p.Leu1454Phe	0.8295325836178281	0.0	*
p.Leu1454Pro	0.5335994127981863	0.0	*
p.Leu1454Ser	0.959945822208755	0.0	*
p.Leu1454Ter	0.0	0.0	*
p.Leu1454Thr	0.9065073558934202	0.0	*
p.Leu1454Trp	0.6616067727950402	0.0	*
p.Leu1454Tyr	0.6024960072719945	0.0	*
p.Leu1454Val	0.8940914282417509	0.0	*
p.Leu1455=	*	*	*
p.Leu1455Ala	0.9131008861733768	0.0	*
p.Leu1455Arg	0.37356437264987846	0.0	*
p.Leu1455Asn	0.7169607007912288	0.0	*
p.Leu1455Asp	0.5898027101879196	0.0	*
p.Leu1455Cys	0.7924855712207177	0.0	*
p.Leu1455Gln	0.7083238624734723	0.0	*
p.Leu1455Glu	0.6243268463492836	0.0	*
p.Leu1455Gly	0.8244146563864818	0.0	*
p.Leu1455His	0.8852999389847584	0.0	*
p.Leu1455Ile	0.9552114613553448	0.0	*
p.Leu1455Lys	0.8911820724629621	0.0	*
p.Leu1455Met	0.9645051121391771	0.0	*
p.Leu1455Phe	0.9444983649954652	0.0	*
p.Leu1455Pro	0.5318611089865742	0.0	*
p.Leu1455Ser	0.9584425925842006	0.0	*
p.Leu1455Ter	0.0	0.0	*
p.Leu1455Thr	0.9511281249662449	0.0	*
p.Leu1455Trp	0.7676621483354575	0.0	*
p.Leu1455Tyr	0.7457902608255884	0.0	*
p.Leu1455Val	0.9663100939111923	0.0	*
p.Leu1456=	*	*	*
p.Leu1456Ala	0.7173579649962014	0.0	*
p.Leu1456Arg	0.15173218504999483	0.0	*
p.Leu1456Asn	0.3511762887628658	0.0	*
p.Leu1456Asp	0.3067913243604375	0.0	*
p.Leu1456Cys	0.6108655530362681	0.0	*
p.Leu1456Gln	0.380906364543832	0.0	*
p.Leu1456Glu	0.4861358331300579	0.0	*
p.Leu1456Gly	0.5024417881224162	0.0	*
p.Leu1456His	0.7266765283962954	0.0	*
p.Leu1456Ile	0.878404031451397	0.0	*
p.Leu1456Lys	0.6949498289740326	0.0	*
p.Leu1456Met	0.7329132999318283	0.0	*
p.Leu1456Phe	0.8802590454393184	0.0	*
p.Leu1456Pro	0.3413069070860729	0.0	*
p.Leu1456Ser	0.7773627781813206	0.0	*
p.Leu1456Ter	0.0	0.0	*
p.Leu1456Thr	0.7654304527006863	0.0	*
p.Leu1456Trp	0.6628005605502097	0.0	*
p.Leu1456Tyr	0.5772654575674179	0.0	*
p.Leu1456Val	0.9119797585175338	0.0	*
p.Leu708=	*	*	*
p.Leu708Ala	0.4437104898449098	0.0	*
p.Leu708Arg	0.06782688606089082	0.0	*
p.Leu708Asn	0.3244602010602178	0.0	*
p.Leu708Asp	0.09090710369098494	0.0	*
p.Leu708Cys	0.22135627609391498	0.0	*
p.Leu708Gln	0.09766407356104026	0.0	*
p.Leu708Glu	0.09841498248931323	0.0	*
p.Leu708Gly	0.4158978267685584	0.0	*
p.Leu708His	0.1438159260851308	0.0	*
p.Leu708Ile	0.5397643731824163	0.0	*
p.Leu708Lys	0.2941665913100429	0.0	*
p.Leu708Met	0.6107156767353761	0.0	*
p.Leu708Phe	0.61239372195146	0.0	*
p.Leu708Pro	0.055745174695520025	0.0	*
p.Leu708Ser	0.2789452924997154	0.0	*
p.Leu708Ter	0.0	0.0	*
p.Leu708Thr	0.3914762714941462	0.0	*
p.Leu708Trp	0.1253932008945612	0.0	*
p.Leu708Tyr	0.20412100289890636	0.0	*
p.Leu708Val	0.5693742333952825	0.0	*
p.Leu709=	*	*	*
p.Leu709Ala	0.46713214461934865	0.0	*
p.Leu709Arg	0.055939572555026344	0.0	*
p.Leu709Asn	0.2355934359617961	0.0	*
p.Leu709Asp	0.07591890686348883	0.0	*
p.Leu709Cys	0.3604661011207967	0.0	*
p.Leu709Gln	0.12571809451717061	0.0	*
p.Leu709Glu	0.10391613434768575	0.0	*
p.Leu709Gly	0.22323196181112587	0.0	*
p.Leu709His	0.26231864807616123	0.0	*
p.Leu709Ile	0.7829496597785855	0.0	*
p.Leu709Lys	0.3085458517642022	0.0	*
p.Leu709Met	0.6943413656078848	0.0	*
p.Leu709Phe	0.7280668021894	0.0	*
p.Leu709Pro	0.05842446363950608	0.0	*
p.Leu709Ser	0.17885098830359478	0.0	*
p.Leu709Ter	0.0	0.0	*
p.Leu709Thr	0.46753862980596345	0.0	*
p.Leu709Trp	0.2044886280923478	0.0	*
p.Leu709Tyr	0.2838710632918698	0.0	*
p.Leu709Val	0.784040182130162	0.0	*
p.Leu722=	*	*	*
p.Leu722Ala	0.2416890623394691	0.0	*
p.Leu722Arg	0.04373934922288422	0.0	*
p.Leu722Asn	0.13223524492215738	0.0	*
p.Leu722Asp	0.08477059622212443	0.0	*
p.Leu722Cys	0.2860975700791436	0.0	*
p.Leu722Gln	0.07209957753389588	0.0	*
p.Leu722Glu	0.04384411129152295	0.0	*
p.Leu722Gly	0.16728789416176293	0.0	*
p.Leu722His	0.1227296433442954	0.0	*
p.Leu722Ile	0.5996147725912536	0.0	*
p.Leu722Lys	0.2629323330052304	0.0	*
p.Leu722Met	0.3875354638380677	0.0	*
p.Leu722Phe	0.33510694293222903	0.0	*
p.Leu722Pro	0.03542978811020134	0.0	*
p.Leu722Ser	0.39057067339320367	0.0	*
p.Leu722Ter	0.0	0.0	*
p.Leu722Thr	0.42614866549721253	0.0	*
p.Leu722Trp	0.10837959230528664	0.0	*
p.Leu722Tyr	0.11350450475754978	0.0	*
p.Leu722Val	0.4534157889156246	0.0	*
p.Leu732=	*	*	*
p.Leu732Ala	0.7867215706097525	0.0	*
p.Leu732Arg	0.07939827011235681	0.0	*
p.Leu732Asn	0.24949940882777635	0.0	*
p.Leu732Asp	0.2184844556972562	0.0	*
p.Leu732Cys	0.6334199499246371	0.0	*
p.Leu732Gln	0.18816507602556481	0.0	*
p.Leu732Glu	0.23746005951816998	0.0	*
p.Leu732Gly	0.671037460462669	0.0	*
p.Leu732His	0.586206936528645	0.0	*
p.Leu732Ile	0.9514213499008808	0.0	*
p.Leu732Lys	0.6779175656689371	0.0	*
p.Leu732Met	0.84699397979214	0.0	*
p.Leu732Phe	0.9173541772783672	0.0	*
p.Leu732Pro	0.12077694477765573	0.0	*
p.Leu732Ser	0.5875153194862591	0.0	*
p.Leu732Ter	0.0	0.0	*
p.Leu732Thr	0.9435166616912394	0.0	*
p.Leu732Trp	0.3880797222711513	0.0	*
p.Leu732Tyr	0.42300372136187125	0.0	*
p.Leu732Val	0.9656407170237479	0.0	*
p.Leu735=	*	*	*
p.Leu735Ala	0.8909753801236785	0.0	*
p.Leu735Arg	0.1743184078664671	0.0	*
p.Leu735Asn	0.6166586262804742	0.0	*
p.Leu735Asp	0.27946458660559326	0.0	*
p.Leu735Cys	0.8932950741898529	0.0	*
p.Leu735Gln	0.20658357896862717	0.0	*
p.Leu735Glu	0.18235032542114876	0.0	*
p.Leu735Gly	0.6967206094814323	0.0	*
p.Leu735His	0.5590279695665477	0.0	*
p.Leu735Ile	0.9640143617072843	0.0	*
p.Leu735Lys	0.7541657037780253	0.0	*
p.Leu735Met	0.9631369314437804	0.0	*
p.Leu735Phe	0.9131745023085267	0.0	*
p.Leu735Pro	0.18969517831700342	0.0	*
p.Leu735Ser	0.7187697826486535	0.0	*
p.Leu735Ter	0.0	0.0	*
p.Leu735Thr	0.962456685176817	0.0	*
p.Leu735Trp	0.5617055100938501	0.0	*
p.Leu735Tyr	0.5104648116253695	0.0	*
p.Leu735Val	0.9669977270748555	0.0	*
p.Leu745=	*	*	*
p.Leu745Ala	0.6772186225113457	0.0	*
p.Leu745Arg	0.053708340007591816	0.0	*
p.Leu745Asn	0.25310919532867815	0.0	*
p.Leu745Asp	0.11780484551864165	0.0	*
p.Leu745Cys	0.27542080079456654	0.0	*
p.Leu745Gln	0.218404456948844	0.0	*
p.Leu745Glu	0.1250379434290465	0.0	*
p.Leu745Gly	0.42180615436199675	0.0	*
p.Leu745His	0.48963382902315994	0.0	*
p.Leu745Ile	0.8092112821869112	0.0	*
p.Leu745Met	0.7769375879550815	0.0	*
p.Leu745Phe	0.5435543016318745	0.0	*
p.Leu745Pro	0.06608273351333827	0.0	*
p.Leu745Ser	0.4598836510112581	0.0	*
p.Leu745Ter	0.0	0.0	*
p.Leu745Thr	0.6165511402959495	0.0	*
p.Leu745Trp	0.2894934703548501	0.0	*
p.Leu745Tyr	0.2139062467244483	0.0	*
p.Leu745Val	0.8330885306146987	0.0	*
p.Leu748=	*	*	*
p.Leu748Ala	0.3270605806526903	0.0	*
p.Leu748Arg	0.03476303522272166	0.0	*
p.Leu748Cys	0.1793587054431809	0.0	*
p.Leu748Gln	0.05075005479877114	0.0	*
p.Leu748Glu	0.03926643239180558	0.0	*
p.Leu748Gly	0.2276848207198482	0.0	*
p.Leu748His	0.123618385308049	0.0	*
p.Leu748Ile	0.5845569731019057	0.0	*
p.Leu748Lys	0.27221362922944414	0.0	*
p.Leu748Met	0.5086395769816724	0.0	*
p.Leu748Phe	0.4921189220223588	0.0	*
p.Leu748Pro	0.03789705153337801	0.0	*
p.Leu748Ser	0.23688282176809458	0.0	*
p.Leu748Ter	0.0	0.0	*
p.Leu748Thr	0.4581737487824586	0.0	*
p.Leu748Trp	0.19383671508769276	0.0	*
p.Leu748Tyr	0.12769303095830958	0.0	*
p.Leu748Val	0.5309139862951301	0.0	*
p.Leu770=	*	*	*
p.Leu770Ala	0.04814449956292994	0.0	*
p.Leu770Arg	0.004763037769867799	0.0	*
p.Leu770Asn	0.01542793503553092	0.0	*
p.Leu770Asp	0.006963160937663513	0.0	*
p.Leu770Cys	0.02301175582924174	0.0	*
p.Leu770Gln	0.005952077119084361	0.0	*
p.Leu770Glu	0.006175695854724315	0.0	*
p.Leu770Gly	0.031556891128925985	0.0	*
p.Leu770His	0.016140090734291717	0.0	*
p.Leu770Ile	0.12812684975795602	0.0	*
p.Leu770Lys	0.030194579965441243	0.0	*
p.Leu770Met	0.06801963720200943	0.0	*
p.Leu770Phe	0.06733741344745402	0.0	*
p.Leu770Pro	0.010941073768038385	0.0	*
p.Leu770Ser	0.023700856836999493	0.0	*
p.Leu770Ter	0.0	0.0	*
p.Leu770Thr	0.07352427088055788	0.0	*
p.Leu770Trp	0.021825605907509416	0.0	*
p.Leu770Tyr	0.017684082655721394	0.0	*
p.Leu770Val	0.1318393847656382	0.0	*
p.Leu776=	*	*	*
p.Leu776Ala	0.02410206142738023	0.0	*
p.Leu776Arg	0.0019305916384003273	0.0	*
p.Leu776Asn	0.005493193524096674	0.0	*
p.Leu776Asp	0.004855907682254088	0.0	*
p.Leu776Cys	0.028008392782598573	0.0	*
p.Leu776Gln	0.0036775438477968437	0.0	*
p.Leu776Glu	0.0035136903634979764	0.0	*
p.Leu776Gly	0.0209123798097903	0.0	*
p.Leu776His	0.010869609816895614	0.0	*
p.Leu776Ile	0.09215014322462964	0.0	*
p.Leu776Lys	0.016039924724712797	0.0	*
p.Leu776Met	0.021091968874556034	0.0	*
p.Leu776Phe	0.03833535445593816	0.0	*
p.Leu776Pro	0.004671881892610633	0.0	*
p.Leu776Ser	0.0221971180941397	0.0	*
p.Leu776Ter	0.0	0.0	*
p.Leu776Thr	0.029695767688582408	0.0	*
p.Leu776Trp	0.02015638220372707	0.0	*
p.Leu776Tyr	0.009157309398439714	0.0	*
p.Leu776Val	0.07739768436867099	0.0	*
p.Leu780=	*	*	*
p.Leu780Ala	0.1792059233045832	0.0	*
p.Leu780Arg	0.031941776852738524	0.0	*
p.Leu780Asn	0.1063675752557373	0.0	*
p.Leu780Asp	0.030223371787767846	0.0	*
p.Leu780Cys	0.1535049413072078	0.0	*
p.Leu780Gln	0.05549488909836912	0.0	*
p.Leu780Glu	0.021118349353717984	0.0	*
p.Leu780Gly	0.12349427794527602	0.0	*
p.Leu780His	0.12740239102486234	0.0	*
p.Leu780Ile	0.49212745937949864	0.0	*
p.Leu780Lys	0.16211367651631794	0.0	*
p.Leu780Met	0.23469634021319546	0.0	*
p.Leu780Phe	0.25141030808447395	0.0	*
p.Leu780Pro	0.02338546504881926	0.0	*
p.Leu780Ser	0.1710408637489111	0.0	*
p.Leu780Ter	0.0	0.0	*
p.Leu780Thr	0.2791251171851722	0.0	*
p.Leu780Trp	0.12375030583028473	0.0	*
p.Leu780Tyr	0.06784869627515858	0.0	*
p.Leu780Val	0.41606856772040457	0.0	*
p.Leu783=	*	*	*
p.Leu783Ala	0.34709323827034805	0.0	*
p.Leu783Arg	0.07337901357670516	0.0	*
p.Leu783Asn	0.18862069947587415	0.0	*
p.Leu783Asp	0.08723248538862337	0.0	*
p.Leu783Cys	0.3884893908648708	0.0	*
p.Leu783Gln	0.13825392614892157	0.0	*
p.Leu783Glu	0.09151243720005352	0.0	*
p.Leu783Gly	0.25743184941735103	0.0	*
p.Leu783His	0.31469873272147847	0.0	*
p.Leu783Ile	0.8025464769194064	0.0	*
p.Leu783Lys	0.32463375146698964	0.0	*
p.Leu783Met	0.4555391186008384	0.0	*
p.Leu783Phe	0.4917854631198048	0.0	*
p.Leu783Pro	0.06682286493598977	0.0	*
p.Leu783Ser	0.346727799242657	0.0	*
p.Leu783Ter	0.0	0.0	*
p.Leu783Thr	0.6593993263185723	0.0	*
p.Leu783Trp	0.22931228473042797	0.0	*
p.Leu783Tyr	0.2629508975191651	0.0	*
p.Leu783Val	0.7474615580544122	0.0	*
p.Leu792=	*	*	*
p.Leu792Ala	0.2646576932230378	0.0	*
p.Leu792Arg	0.036127750511507684	0.0	*
p.Leu792Asn	0.08838055876363282	0.0	*
p.Leu792Asp	0.03457604013121001	0.0	*
p.Leu792Cys	0.22142626231169832	0.0	*
p.Leu792Gln	0.053408185900866795	0.0	*
p.Leu792Glu	0.05594962221254311	0.0	*
p.Leu792Gly	0.10435779655339963	0.0	*
p.Leu792His	0.11601310448358736	0.0	*
p.Leu792Ile	0.3832695923223355	0.0	*
p.Leu792Lys	0.12783441617731806	0.0	*
p.Leu792Met	0.2917118420813773	0.0	*
p.Leu792Phe	0.23891143610566162	0.0	*
p.Leu792Pro	0.02151540803463899	0.0	*
p.Leu792Ser	0.11645207951569554	0.0	*
p.Leu792Ter	0.0	0.0	*
p.Leu792Thr	0.14305410849786257	0.0	*
p.Leu792Trp	0.11798195789569249	0.0	*
p.Leu792Tyr	0.07752855481680822	0.0	*
p.Leu792Val	0.2508264409080936	0.0	*
p.Leu795=	*	*	*
p.Leu795Ala	0.15158143300775004	0.0	*
p.Leu795Arg	0.02622958692391058	0.0	*
p.Leu795Asn	0.05625820119403053	0.0	*
p.Leu795Asp	0.0339146377885093	0.0	*
p.Leu795Cys	0.10661435660337054	0.0	*
p.Leu795Gln	0.04031989973458593	0.0	*
p.Leu795Glu	0.023368979857541328	0.0	*
p.Leu795Gly	0.07157954711030105	0.0	*
p.Leu795His	0.07226484501145454	0.0	*
p.Leu795Ile	0.33780751778597895	0.0	*
p.Leu795Lys	0.11307500236880658	0.0	*
p.Leu795Met	0.19208985078554167	0.0	*
p.Leu795Phe	0.17915536130477216	0.0	*
p.Leu795Pro	0.015671728994574197	0.0	*
p.Leu795Ser	0.09402250765673284	0.0	*
p.Leu795Ter	0.0	0.0	*
p.Leu795Thr	0.13381117128272013	0.0	*
p.Leu795Trp	0.08782123133332448	0.0	*
p.Leu795Tyr	0.06450094428888	0.0	*
p.Leu795Val	0.18220849028192893	0.0	*
p.Leu798=	*	*	*
p.Leu798Ala	0.11749613852785344	0.0	*
p.Leu798Arg	0.020785483343792356	0.0	*
p.Leu798Asn	0.043389522248193105	0.0	*
p.Leu798Asp	0.02617295192687773	0.0	*
p.Leu798Cys	0.11398866295600958	0.0	*
p.Leu798Gln	0.04707141642615146	0.0	*
p.Leu798Glu	0.016601972959914685	0.0	*
p.Leu798Gly	0.06481856803853704	0.0	*
p.Leu798His	0.08592542065669614	0.0	*
p.Leu798Ile	0.4022297511620663	0.0	*
p.Leu798Lys	0.16224823708393696	0.0	*
p.Leu798Met	0.2560644428781179	0.0	*
p.Leu798Phe	0.1486384046151105	0.0	*
p.Leu798Pro	0.011911897060520106	0.0	*
p.Leu798Ser	0.1468540818814064	0.0	*
p.Leu798Ter	0.0	0.0	*
p.Leu798Thr	0.1760717747820571	0.0	*
p.Leu798Trp	0.09272677801591805	0.0	*
p.Leu798Tyr	0.04518620859618365	0.0	*
p.Leu798Val	0.2155876677434389	0.0	*
p.Leu808=	*	*	*
p.Leu808Ala	0.34022843842466527	0.0	*
p.Leu808Arg	0.05201390568468283	0.0	*
p.Leu808Asn	0.16490782551364844	0.0	*
p.Leu808Asp	0.0540861665170412	0.0	*
p.Leu808Cys	0.19117236051788183	0.0	*
p.Leu808Gln	0.10791753537970886	0.0	*
p.Leu808Glu	0.06492097192775646	0.0	*
p.Leu808Gly	0.13898065953561217	0.0	*
p.Leu808His	0.22874580049150828	0.0	*
p.Leu808Ile	0.6496412555583542	0.0	*
p.Leu808Lys	0.2780353847783291	0.0	*
p.Leu808Met	0.5376282184984129	0.0	*
p.Leu808Phe	0.39479909539895414	0.0	*
p.Leu808Pro	0.03675829802743071	0.0	*
p.Leu808Ser	0.2663049108311839	0.0	*
p.Leu808Ter	0.0	0.0	*
p.Leu808Thr	0.39910778020352855	0.0	*
p.Leu808Trp	0.16082916313878987	0.0	*
p.Leu808Tyr	0.12241420617814903	0.0	*
p.Leu808Val	0.6519138907470542	0.0	*
p.Leu813=	*	*	*
p.Leu813Ala	0.9214869896309965	0.0	*
p.Leu813Arg	0.3747990959995378	0.0	*
p.Leu813Asp	0.4239093066163713	0.0	*
p.Leu813Cys	0.8830145336215796	0.0	*
p.Leu813Glu	0.6487970910729508	0.0	*
p.Leu813Gly	0.8394480730190917	0.0	*
p.Leu813Ile	0.9607306124178105	0.0	*
p.Leu813Lys	0.8959135060926366	0.0	*
p.Leu813Met	0.9540254699098063	0.0	*
p.Leu813Phe	0.948181831579182	0.0	*
p.Leu813Pro	0.30511784551013044	0.0	*
p.Leu813Ser	0.8785081658239373	0.0	*
p.Leu813Ter	0.0	0.0	*
p.Leu813Trp	0.7101604181536455	0.0	*
p.Leu813Tyr	0.7569528764537498	0.0	*
p.Leu813Val	0.9372178624716605	0.0	*
p.Leu824=	*	*	*
p.Leu824Ala	0.5794615285145295	0.0	*
p.Leu824Arg	0.06156862685093001	0.0	*
p.Leu824Asn	0.171417927915483	0.0	*
p.Leu824Asp	0.06059373739483075	0.0	*
p.Leu824Cys	0.4336638148777728	0.0	*
p.Leu824Gln	0.11164713933365328	0.0	*
p.Leu824Glu	0.060500891307301664	0.0	*
p.Leu824Gly	0.14793615529938897	0.0	*
p.Leu824His	0.182483117786375	0.0	*
p.Leu824Ile	0.8809288474298657	0.0	*
p.Leu824Lys	0.46320056129006604	0.0	*
p.Leu824Met	0.728575627906752	0.0	*
p.Leu824Phe	0.6963202911412565	0.0	*
p.Leu824Pro	0.0795534000488476	0.0	*
p.Leu824Ser	0.28832840659335107	0.0	*
p.Leu824Ter	0.0	0.0	*
p.Leu824Thr	0.5298092075788693	0.0	*
p.Leu824Trp	0.25431730904491945	0.0	*
p.Leu824Tyr	0.19829955706244845	0.0	*
p.Leu824Val	0.7822365912122988	0.0	*
p.Leu846=	*	*	*
p.Leu846Ala	0.10741598781375324	0.0	*
p.Leu846Arg	0.02860416533404163	0.0	*
p.Leu846Asn	0.036981280877003565	0.0	*
p.Leu846Asp	0.04541126137646972	0.0	*
p.Leu846Cys	0.15723111637637655	0.0	*
p.Leu846Gln	0.07458982634918558	0.0	*
p.Leu846Glu	0.029440286463236126	0.0	*
p.Leu846Gly	0.07898820519950243	0.0	*
p.Leu846His	0.10837180636176133	0.0	*
p.Leu846Ile	0.5916262834987271	0.0	*
p.Leu846Lys	0.15731528297102257	0.0	*
p.Leu846Met	0.15054070662506633	0.0	*
p.Leu846Phe	0.22567659848115884	0.0	*
p.Leu846Pro	0.041905127689475186	0.0	*
p.Leu846Ser	0.1019175325159354	0.0	*
p.Leu846Ter	0.0	0.0	*
p.Leu846Thr	0.24937390119795536	0.0	*
p.Leu846Trp	0.12238505555341685	0.0	*
p.Leu846Tyr	0.08696159866098405	0.0	*
p.Leu846Val	0.48887317432443766	0.0	*
p.Leu856=	*	*	*
p.Leu856Ala	0.13284433835338771	0.0	*
p.Leu856Arg	0.02906192489764621	0.0	*
p.Leu856Asn	0.050496058592286945	0.0	*
p.Leu856Asp	0.03366105808203263	0.0	*
p.Leu856Cys	0.17427262441253163	0.0	*
p.Leu856Gln	0.05227564736377863	0.0	*
p.Leu856Glu	0.031799256297505615	0.0	*
p.Leu856Gly	0.058049374928630146	0.0	*
p.Leu856His	0.09238464138083995	0.0	*
p.Leu856Ile	0.5258244098029166	0.0	*
p.Leu856Lys	0.13470173265391797	0.0	*
p.Leu856Met	0.15418512933634887	0.0	*
p.Leu856Phe	0.208458639776449	0.0	*
p.Leu856Pro	0.02445909620894191	0.0	*
p.Leu856Ser	0.09009682549544426	0.0	*
p.Leu856Ter	0.0	0.0	*
p.Leu856Thr	0.12754905747339979	0.0	*
p.Leu856Trp	0.10306817634056294	0.0	*
p.Leu856Tyr	0.08688006002052467	0.0	*
p.Leu856Val	0.2855978976695707	0.0	*
p.Leu884=	*	*	*
p.Leu884Ala	0.09287979477126015	0.0	*
p.Leu884Arg	0.018362471414783324	0.0	*
p.Leu884Asn	0.029279227330309198	0.0	*
p.Leu884Asp	0.018225480750861136	0.0	*
p.Leu884Cys	0.10560344768841542	0.0	*
p.Leu884Gln	0.035966037455458316	0.0	*
p.Leu884Glu	0.010417914849644522	0.0	*
p.Leu884Gly	0.04813378141476318	0.0	*
p.Leu884His	0.04479957458050173	0.0	*
p.Leu884Ile	0.4218186572869927	0.0	*
p.Leu884Lys	0.08060391450064433	0.0	*
p.Leu884Met	0.10662099942512294	0.0	*
p.Leu884Phe	0.1355091138352768	0.0	*
p.Leu884Pro	0.015622406423258113	0.0	*
p.Leu884Ser	0.07265394837022289	0.0	*
p.Leu884Ter	0.0	0.0	*
p.Leu884Thr	0.1370628771332013	0.0	*
p.Leu884Trp	0.07564889741100359	0.0	*
p.Leu884Tyr	0.0419910488325665	0.0	*
p.Leu884Val	0.3011895631089182	0.0	*
p.Leu896=	*	*	*
p.Leu896Ala	0.038601347047184514	0.0	*
p.Leu896Arg	0.008555644884716674	0.0	*
p.Leu896Asn	0.01475913458009746	0.0	*
p.Leu896Asp	0.006838900172978206	0.0	*
p.Leu896Cys	0.00809471593168634	0.0	*
p.Leu896Gln	0.01549445135320643	0.0	*
p.Leu896Glu	0.009740958108913195	0.0	*
p.Leu896Gly	0.012932843249397493	0.0	*
p.Leu896His	0.014326916996129372	0.0	*
p.Leu896Ile	0.193560842531918	0.0	*
p.Leu896Lys	0.03165261316981981	0.0	*
p.Leu896Met	0.06549222162942084	0.0	*
p.Leu896Phe	0.040454112474192366	0.0	*
p.Leu896Pro	0.014806625302404463	0.0	*
p.Leu896Ser	0.025783827665209865	0.0	*
p.Leu896Ter	0.0	0.0	*
p.Leu896Thr	0.03749185146029141	0.0	*
p.Leu896Trp	0.01569723164531296	0.0	*
p.Leu896Tyr	0.01621461353618649	0.0	*
p.Leu896Val	0.12150420466125617	0.0	*
p.Leu902=	*	*	*
p.Leu902Ala	0.02041516716622651	0.0	*
p.Leu902Arg	0.0034314782487150255	0.0	*
p.Leu902Asn	0.0070072846059769075	0.0	*
p.Leu902Asp	0.003206499509221905	0.0	*
p.Leu902Cys	0.007848513346547945	0.0	*
p.Leu902Gln	0.0064271390173374285	0.0	*
p.Leu902Glu	0.0032484278991885534	0.0	*
p.Leu902Gly	0.006979283429831398	0.0	*
p.Leu902His	0.006047389344793931	0.0	*
p.Leu902Ile	0.060662811953227355	0.0	*
p.Leu902Lys	0.021854180468978232	0.0	*
p.Leu902Met	0.02321117906902205	0.0	*
p.Leu902Phe	0.021604415560679293	0.0	*
p.Leu902Pro	0.002700947389743034	0.0	*
p.Leu902Ser	0.01983799220216272	0.0	*
p.Leu902Ter	0.0	0.0	*
p.Leu902Thr	0.01598028579684895	0.0	*
p.Leu902Trp	0.01063206912396182	0.0	*
p.Leu902Tyr	0.005413759540075184	0.0	*
p.Leu902Val	0.0272207139067335	0.0	*
p.Leu916=	*	*	*
p.Leu916Ala	0.0400235573655026	0.0	*
p.Leu916Arg	0.005611431130224122	0.0	*
p.Leu916Asn	0.01234481273154858	0.0	*
p.Leu916Asp	0.0069890893092187595	0.0	*
p.Leu916Cys	0.03349363618696093	0.0	*
p.Leu916Gln	0.011896849395646409	0.0	*
p.Leu916Glu	0.00867184412694739	0.0	*
p.Leu916Gly	0.017145257193693288	0.0	*
p.Leu916His	0.023149396843056603	0.0	*
p.Leu916Ile	0.146615331740324	0.0	*
p.Leu916Lys	0.04961926766153536	0.0	*
p.Leu916Met	0.04225240978138893	0.0	*
p.Leu916Phe	0.056236572738260514	0.0	*
p.Leu916Pro	0.00696947164235125	0.0	*
p.Leu916Ser	0.02890415869783932	0.0	*
p.Leu916Ter	0.0	0.0	*
p.Leu916Thr	0.04143422359718671	0.0	*
p.Leu916Trp	0.030845702727065948	0.0	*
p.Leu916Tyr	0.018002711606545502	0.0	*
p.Leu916Val	0.09563077991624756	0.0	*
p.Leu934=	*	*	*
p.Leu934Ala	0.8943185144672532	0.0	*
p.Leu934Arg	0.13699373607759405	0.0	*
p.Leu934Asn	0.5073791364089694	0.0	*
p.Leu934Asp	0.2179762220300947	0.0	*
p.Leu934Cys	0.8651112734278193	0.0	*
p.Leu934Gln	0.24383271995109773	0.0	*
p.Leu934Glu	0.22036541858278755	0.0	*
p.Leu934Gly	0.7214748824401096	0.0	*
p.Leu934Ile	0.9255168158188615	0.0	*
p.Leu934Lys	0.6965611175564403	0.0	*
p.Leu934Met	0.8808799921351114	0.0	*
p.Leu934Pro	0.17031729310686688	0.0	*
p.Leu934Ser	0.646045278936304	0.0	*
p.Leu934Ter	0.0	0.0	*
p.Leu934Thr	0.8504941773553546	0.0	*
p.Leu934Trp	0.48544665555132566	0.0	*
p.Leu934Tyr	0.3032910670660194	0.0	*
p.Leu934Val	0.88909026528227	0.0	*
p.Leu936=	*	*	*
p.Leu936Ala	0.9483193604159886	0.0	*
p.Leu936Arg	0.1650995546012952	0.0	*
p.Leu936Asn	0.600336986575876	0.0	*
p.Leu936Asp	0.23375989166037967	0.0	*
p.Leu936Cys	0.9507732961410319	0.0	*
p.Leu936Gln	0.2711327484412033	0.0	*
p.Leu936Glu	0.3445857657392382	0.0	*
p.Leu936Gly	0.8434748259755178	0.0	*
p.Leu936His	0.6336666875734929	0.0	*
p.Leu936Ile	0.9567312380607847	0.0	*
p.Leu936Lys	0.7680123515553631	0.0	*
p.Leu936Met	0.9324754291093418	0.0	*
p.Leu936Phe	0.9184901858781093	0.0	*
p.Leu936Pro	0.2651321327597478	0.0	*
p.Leu936Ser	0.8674226899760968	0.0	*
p.Leu936Ter	0.0	0.0	*
p.Leu936Thr	0.8901379672114689	0.0	*
p.Leu936Trp	0.567250371288865	0.0	*
p.Leu936Tyr	0.5005069281232808	0.0	*
p.Leu936Val	0.9495812644608539	0.0	*
p.Leu979=	*	*	*
p.Leu979Ala	0.03822437516316936	0.0	*
p.Leu979Arg	0.003718935146375935	0.0	*
p.Leu979Asn	0.010432368171664222	0.0	*
p.Leu979Asp	0.005669767574526492	0.0	*
p.Leu979Cys	0.02364004131516086	0.0	*
p.Leu979Gln	0.006314941579030617	0.0	*
p.Leu979Glu	0.0041160668012005745	0.0	*
p.Leu979Gly	0.019447452934566654	0.0	*
p.Leu979His	0.011244097748572967	0.0	*
p.Leu979Ile	0.3595359915078717	0.0	*
p.Leu979Lys	0.02787693921825173	0.0	*
p.Leu979Met	0.06303459096081139	0.0	*
p.Leu979Phe	0.06708831967506562	0.0	*
p.Leu979Pro	0.0046727140026659305	0.0	*
p.Leu979Ser	0.021403276035024944	0.0	*
p.Leu979Ter	0.0	0.0	*
p.Leu979Thr	0.05106965996083437	0.0	*
p.Leu979Trp	0.036931378781443765	0.0	*
p.Leu979Tyr	0.015954977952156273	0.0	*
p.Leu979Val	0.18399059048161934	0.0	*
p.Leu987=	*	*	*
p.Leu987Ala	0.019847842025850396	0.0	*
p.Leu987Arg	0.002592663603781643	0.0	*
p.Leu987Asn	0.005114489770090157	0.0	*
p.Leu987Asp	0.0024473817145521308	0.0	*
p.Leu987Cys	0.008750848436999885	0.0	*
p.Leu987Gln	0.004173005047449053	0.0	*
p.Leu987Glu	0.0023855669219476263	0.0	*
p.Leu987Gly	0.010154472945483266	0.0	*
p.Leu987His	0.006244199090740382	0.0	*
p.Leu987Ile	0.1344510095553024	0.0	*
p.Leu987Lys	0.01152699674063309	0.0	*
p.Leu987Met	0.029066866990883053	0.0	*
p.Leu987Phe	0.026070278874743474	0.0	*
p.Leu987Pro	0.004807513989081367	0.0	*
p.Leu987Ser	0.019121579594831867	0.0	*
p.Leu987Ter	0.0	0.0	*
p.Leu987Thr	0.020518993926375847	0.0	*
p.Leu987Trp	0.01287658272277086	0.0	*
p.Leu987Tyr	0.008310138553351158	0.0	*
p.Leu987Val	0.07465416073692804	0.0	*
p.Leu989=	*	*	*
p.Leu989Ala	0.009957963652436513	0.0	*
p.Leu989Arg	0.0022478778087061126	0.0	*
p.Leu989Asn	0.004027359879814586	0.0	*
p.Leu989Asp	0.0033479331671913003	0.0	*
p.Leu989Cys	0.03385519189183071	0.0	*
p.Leu989Gln	0.0039167415938783905	0.0	*
p.Leu989Glu	0.0035615019034732328	0.0	*
p.Leu989Gly	0.014422274334035373	0.0	*
p.Leu989His	0.009995835985719648	0.0	*
p.Leu989Ile	0.13161638996388397	0.0	*
p.Leu989Lys	0.013317142728013775	0.0	*
p.Leu989Met	0.017243327915250378	0.0	*
p.Leu989Phe	0.0266792218539766	0.0	*
p.Leu989Pro	0.007652579844814513	0.0	*
p.Leu989Ser	0.014963869556713237	0.0	*
p.Leu989Ter	0.0	0.0	*
p.Leu989Thr	0.019092230103690478	0.0	*
p.Leu989Trp	0.019909356047355557	0.0	*
p.Leu989Tyr	0.006202251684461835	0.0	*
p.Leu989Val	0.10247388654184784	0.0	*
p.Lys1010=	*	*	*
p.Lys1010Ala	0.015818312842436424	0.0	*
p.Lys1010Arg	0.010458892762049267	0.0	*
p.Lys1010Asn	0.016517791067172397	0.0	*
p.Lys1010Asp	0.008503246954064533	0.0	*
p.Lys1010Cys	0.006140951892656814	0.0	*
p.Lys1010Gln	0.017525968401145946	0.0	*
p.Lys1010Glu	0.005371895530782722	0.0	*
p.Lys1010Gly	0.022889977079769454	0.0	*
p.Lys1010His	0.00675101950977372	0.0	*
p.Lys1010Ile	0.005276691777614963	0.0	*
p.Lys1010Leu	0.013033527274521806	0.0	*
p.Lys1010Met	0.010843520255563894	0.0	*
p.Lys1010Phe	0.013808335990555278	0.0	*
p.Lys1010Pro	0.005881387007443065	0.0	*
p.Lys1010Ser	0.037309470658331526	0.0	*
p.Lys1010Ter	0.0	0.0	*
p.Lys1010Thr	0.019862836598778025	0.0	*
p.Lys1010Trp	0.009102358054974722	0.0	*
p.Lys1010Tyr	0.012811577064866289	0.0	*
p.Lys1010Val	0.02963038359085592	0.0	*
p.Lys1013=	*	*	*
p.Lys1013Ala	0.02913696793196237	0.0	*
p.Lys1013Arg	0.029150827574170736	0.0	*
p.Lys1013Asn	0.04823479765208286	0.0	*
p.Lys1013Asp	0.014470236203861899	0.0	*
p.Lys1013Cys	0.008001449456922277	0.0	*
p.Lys1013Gln	0.06567729406010908	0.0	*
p.Lys1013Glu	0.01792982927316322	0.0	*
p.Lys1013Gly	0.031201519998181076	0.0	*
p.Lys1013His	0.024628105397172313	0.0	*
p.Lys1013Ile	0.01051420693457658	0.0	*
p.Lys1013Leu	0.036004197185309075	0.0	*
p.Lys1013Met	0.04261105767707699	0.0	*
p.Lys1013Phe	0.025876398991718588	0.0	*
p.Lys1013Pro	0.015346053457718197	0.0	*
p.Lys1013Ser	0.2047366006319782	0.0	*
p.Lys1013Ter	0.0	0.0	*
p.Lys1013Thr	0.03292093607731021	0.0	*
p.Lys1013Trp	0.01762995401144284	0.0	*
p.Lys1013Tyr	0.0194106326966259	0.0	*
p.Lys1013Val	0.028042372977570333	0.0	*
p.Lys1020=	*	*	*
p.Lys1020Ala	0.1822288295249599	0.0	*
p.Lys1020Arg	0.20395287706251325	0.0	*
p.Lys1020Asn	0.39235947815609346	0.0	*
p.Lys1020Asp	0.06849542685394576	0.0	*
p.Lys1020Cys	0.06325241200284908	0.0	*
p.Lys1020Gln	0.15086997082616363	0.0	*
p.Lys1020Glu	0.05297011532705004	0.0	*
p.Lys1020Gly	0.16814856383023355	0.0	*
p.Lys1020His	0.07727321953776074	0.0	*
p.Lys1020Ile	0.043619306759900896	0.0	*
p.Lys1020Leu	0.14070437345823514	0.0	*
p.Lys1020Met	0.181348764350777	0.0	*
p.Lys1020Phe	0.1068256421437601	0.0	*
p.Lys1020Pro	0.0303608123536855	0.0	*
p.Lys1020Ser	0.1669845895958604	0.0	*
p.Lys1020Ter	0.0	0.0	*
p.Lys1020Thr	0.144462744623986	0.0	*
p.Lys1020Trp	0.07827836271255621	0.0	*
p.Lys1020Tyr	0.08955959543511258	0.0	*
p.Lys1020Val	0.1379610385527483	0.0	*
p.Lys1022=	*	*	*
p.Lys1022Ala	0.21889138216011153	0.0	*
p.Lys1022Arg	0.3611273088173712	0.0	*
p.Lys1022Asn	0.30978135316861277	0.0	*
p.Lys1022Asp	0.23511294824421983	0.0	*
p.Lys1022Cys	0.13325613663881836	0.0	*
p.Lys1022Gln	0.2448903142371158	0.0	*
p.Lys1022Glu	0.10514749118803633	0.0	*
p.Lys1022Gly	0.3351100759867279	0.0	*
p.Lys1022His	0.15998461980437434	0.0	*
p.Lys1022Ile	0.047868563923782546	0.0	*
p.Lys1022Leu	0.19059499843648506	0.0	*
p.Lys1022Met	0.22426709156159033	0.0	*
p.Lys1022Phe	0.2197568238160064	0.0	*
p.Lys1022Pro	0.07269360516386819	0.0	*
p.Lys1022Ser	0.6350379368179451	0.0	*
p.Lys1022Ter	0.0	0.0	*
p.Lys1022Thr	0.4990335711384532	0.0	*
p.Lys1022Trp	0.1014816992304625	0.0	*
p.Lys1022Tyr	0.17406675569683017	0.0	*
p.Lys1022Val	0.22512052256168597	0.0	*
p.Lys1028=	*	*	*
p.Lys1028Ala	0.10030252640778366	0.0	*
p.Lys1028Arg	0.08468371311930581	0.0	*
p.Lys1028Asn	0.16835580337518777	0.0	*
p.Lys1028Asp	0.032000350407757096	0.0	*
p.Lys1028Cys	0.036121689711156466	0.0	*
p.Lys1028Gln	0.0726108158889462	0.0	*
p.Lys1028Glu	0.012665947575424746	0.0	*
p.Lys1028Gly	0.09464636432076871	0.0	*
p.Lys1028His	0.032144854325391686	0.0	*
p.Lys1028Ile	0.02177658360100575	0.0	*
p.Lys1028Leu	0.09281034965980475	0.0	*
p.Lys1028Met	0.09342072860772553	0.0	*
p.Lys1028Phe	0.050886343459116266	0.0	*
p.Lys1028Pro	0.007225113229087206	0.0	*
p.Lys1028Ser	0.15904165705411566	0.0	*
p.Lys1028Ter	0.0	0.0	*
p.Lys1028Thr	0.06834568459720868	0.0	*
p.Lys1028Trp	0.038874947063216175	0.0	*
p.Lys1028Tyr	0.03939082715897938	0.0	*
p.Lys1028Val	0.05554630973439645	0.0	*
p.Lys1055=	*	*	*
p.Lys1055Ala	0.14830022088573677	0.0	*
p.Lys1055Arg	0.08339773889765374	0.0	*
p.Lys1055Asn	0.1371643612560584	0.0	*
p.Lys1055Asp	0.048227301079044355	0.0	*
p.Lys1055Cys	0.06623197784723472	0.0	*
p.Lys1055Gln	0.10843895224467336	0.0	*
p.Lys1055Glu	0.050510308835692325	0.0	*
p.Lys1055Gly	0.12472624157710087	0.0	*
p.Lys1055His	0.07641172836879616	0.0	*
p.Lys1055Ile	0.029231650895257602	0.0	*
p.Lys1055Leu	0.09842005392653601	0.0	*
p.Lys1055Met	0.07744964428619452	0.0	*
p.Lys1055Phe	0.1004088107469447	0.0	*
p.Lys1055Pro	0.04848541624572117	0.0	*
p.Lys1055Ser	0.18537020317552924	0.0	*
p.Lys1055Ter	0.0	0.0	*
p.Lys1055Thr	0.08946229189934965	0.0	*
p.Lys1055Trp	0.07010179473568777	0.0	*
p.Lys1055Tyr	0.0565700572981734	0.0	*
p.Lys1055Val	0.11057157037610822	0.0	*
p.Lys1077=	*	*	*
p.Lys1077Ala	0.009477659085486737	0.0	*
p.Lys1077Arg	0.02803194911333939	0.0	*
p.Lys1077Asn	0.023441769294244963	0.0	*
p.Lys1077Asp	0.005591414243160554	0.0	*
p.Lys1077Cys	0.0037125095087801345	0.0	*
p.Lys1077Gln	0.008631906352548934	0.0	*
p.Lys1077Glu	0.003346013166139436	0.0	*
p.Lys1077Gly	0.010231015162591393	0.0	*
p.Lys1077His	0.004055694965960181	0.0	*
p.Lys1077Ile	0.0035455954514322144	0.0	*
p.Lys1077Leu	0.008376663607218785	0.0	*
p.Lys1077Met	0.008360134687986756	0.0	*
p.Lys1077Phe	0.00767210112988743	0.0	*
p.Lys1077Pro	0.003130824134152061	0.0	*
p.Lys1077Ser	0.02058470799176188	0.0	*
p.Lys1077Ter	0.0	0.0	*
p.Lys1077Thr	0.012913742606148712	0.0	*
p.Lys1077Trp	0.00596557244138736	0.0	*
p.Lys1077Tyr	0.0077130938569551595	0.0	*
p.Lys1077Val	0.01161866442110133	0.0	*
p.Lys1080=	*	*	*
p.Lys1080Ala	0.02839868360907393	0.0	*
p.Lys1080Arg	0.017550750815127192	0.0	*
p.Lys1080Asn	0.019278918927841022	0.0	*
p.Lys1080Asp	0.005995889208052092	0.0	*
p.Lys1080Cys	0.005003909437489775	0.0	*
p.Lys1080Gln	0.017809248002014347	0.0	*
p.Lys1080Glu	0.005246641165888728	0.0	*
p.Lys1080Gly	0.02242172431474712	0.0	*
p.Lys1080His	0.004723353422347946	0.0	*
p.Lys1080Ile	0.005151255253430479	0.0	*
p.Lys1080Leu	0.010751411737454858	0.0	*
p.Lys1080Phe	0.005391866778295137	0.0	*
p.Lys1080Pro	0.0028978711309695583	0.0	*
p.Lys1080Ser	0.027107812909823722	0.0	*
p.Lys1080Ter	0.0	0.0	*
p.Lys1080Thr	0.011596128905027191	0.0	*
p.Lys1080Trp	0.006161660535789237	0.0	*
p.Lys1080Val	0.012107059268832808	0.0	*
p.Lys1105=	*	*	*
p.Lys1105Ala	0.005056715120608961	0.0	*
p.Lys1105Arg	0.0038987748564532727	0.0	*
p.Lys1105Asn	0.004011383805802861	0.0	*
p.Lys1105Asp	0.0014503344958634585	0.0	*
p.Lys1105Cys	0.0006772618502918118	0.0	*
p.Lys1105Gln	0.006850204309708872	0.0	*
p.Lys1105Glu	0.0010423359519459163	0.0	*
p.Lys1105Gly	0.002834259497468929	0.0	*
p.Lys1105His	0.002388895731131689	0.0	*
p.Lys1105Ile	0.0018248207991715568	0.0	*
p.Lys1105Leu	0.0043812887720087994	0.0	*
p.Lys1105Met	0.0030643334018167962	0.0	*
p.Lys1105Phe	0.002174492214119225	0.0	*
p.Lys1105Pro	0.0006523121561575689	0.0	*
p.Lys1105Ser	0.018223623370264723	0.0	*
p.Lys1105Ter	0.0	0.0	*
p.Lys1105Thr	0.0026587088285881673	0.0	*
p.Lys1105Trp	0.0022456001585558875	0.0	*
p.Lys1105Tyr	0.0021640875293372015	0.0	*
p.Lys1105Val	0.004217447491257158	0.0	*
p.Lys1137=	*	*	*
p.Lys1137Ala	0.7741411275949652	0.0	*
p.Lys1137Arg	0.9084647513180344	0.0	*
p.Lys1137Asn	0.9439516929926608	0.0	*
p.Lys1137Asp	0.7225104996150101	0.0	*
p.Lys1137Cys	0.6478833085358465	0.0	*
p.Lys1137Gln	0.6841402792939704	0.0	*
p.Lys1137Glu	0.8562799514483735	0.0	*
p.Lys1137Gly	0.6974572163139293	0.0	*
p.Lys1137His	0.737078046873541	0.0	*
p.Lys1137Ile	0.5857276783497606	0.0	*
p.Lys1137Leu	0.8408771547505216	0.0	*
p.Lys1137Met	0.7403006880633386	0.0	*
p.Lys1137Phe	0.7682137049378707	0.0	*
p.Lys1137Pro	0.727440669558023	0.0	*
p.Lys1137Ser	0.885736543495626	0.0	*
p.Lys1137Ter	0.0	0.0	*
p.Lys1137Thr	0.9035166144360746	0.0	*
p.Lys1137Trp	0.6959336177278992	0.0	*
p.Lys1137Tyr	0.7349721096280428	0.0	*
p.Lys1137Val	0.829485572300384	0.0	*
p.Lys1175=	*	*	*
p.Lys1175Ala	0.07463449495545384	0.0	*
p.Lys1175Arg	0.18027823011048102	0.0	*
p.Lys1175Asn	0.20387930848552305	0.0	*
p.Lys1175Asp	0.03907023009141399	0.0	*
p.Lys1175Cys	0.05611533007055982	0.0	*
p.Lys1175Gln	0.042312949061896504	0.0	*
p.Lys1175Glu	0.02712759000819335	0.0	*
p.Lys1175Gly	0.06047423361930317	0.0	*
p.Lys1175His	0.028912732066225754	0.0	*
p.Lys1175Ile	0.018760529898100894	0.0	*
p.Lys1175Leu	0.050539703895024275	0.0	*
p.Lys1175Met	0.06469599645974725	0.0	*
p.Lys1175Phe	0.04133669498979973	0.0	*
p.Lys1175Pro	0.017114978179585853	0.0	*
p.Lys1175Ser	0.1490740893891149	0.0	*
p.Lys1175Ter	0.0	0.0	*
p.Lys1175Thr	0.08717788581227828	0.0	*
p.Lys1175Trp	0.02758952229330016	0.0	*
p.Lys1175Tyr	0.039685862976755006	0.0	*
p.Lys1175Val	0.04464676596207133	0.0	*
p.Lys1199=	*	*	*
p.Lys1199Ala	0.023310302208680946	0.0	*
p.Lys1199Arg	0.0919734055551088	0.0	*
p.Lys1199Asn	0.052820558595258	0.0	*
p.Lys1199Asp	0.023205318022598037	0.0	*
p.Lys1199Cys	0.021450497332272864	0.0	*
p.Lys1199Gln	0.04572916632034321	0.0	*
p.Lys1199Glu	0.013208061508899572	0.0	*
p.Lys1199Gly	0.033003961980725846	0.0	*
p.Lys1199His	0.01846671678199612	0.0	*
p.Lys1199Ile	0.01813600203797286	0.0	*
p.Lys1199Leu	0.02918631816677664	0.0	*
p.Lys1199Met	0.025938100949178602	0.0	*
p.Lys1199Phe	0.033686756155311366	0.0	*
p.Lys1199Pro	0.009550666668307029	0.0	*
p.Lys1199Ser	0.060969495592983904	0.0	*
p.Lys1199Ter	0.0	0.0	*
p.Lys1199Thr	0.06865765385633936	0.0	*
p.Lys1199Trp	0.025557899294531627	0.0	*
p.Lys1199Tyr	0.040021237199079567	0.0	*
p.Lys1199Val	0.050583482950833314	0.0	*
p.Lys1225=	*	*	*
p.Lys1225Ala	0.037473442998289405	0.0	*
p.Lys1225Arg	0.08430497067863728	0.0	*
p.Lys1225Asn	0.128345082144904	0.0	*
p.Lys1225Asp	0.009413348079998666	0.0	*
p.Lys1225Cys	0.01346128680347032	0.0	*
p.Lys1225Gln	0.023024569622106625	0.0	*
p.Lys1225Glu	0.005498626785882666	0.0	*
p.Lys1225Gly	0.031195988164062598	0.0	*
p.Lys1225His	0.014661917202698231	0.0	*
p.Lys1225Ile	0.012694154753845355	0.0	*
p.Lys1225Leu	0.023965756316072673	0.0	*
p.Lys1225Met	0.03538559913092755	0.0	*
p.Lys1225Phe	0.03361142272086679	0.0	*
p.Lys1225Pro	0.012411404174320118	0.0	*
p.Lys1225Ser	0.06528032024091138	0.0	*
p.Lys1225Ter	0.0	0.0	*
p.Lys1225Thr	0.026090389355638212	0.0	*
p.Lys1225Trp	0.012364285377876117	0.0	*
p.Lys1225Tyr	0.02672337579133696	0.0	*
p.Lys1225Val	0.027988498448607065	0.0	*
p.Lys1238Ala	0.01862778933445088	0.0	*
p.Lys1238Arg	0.032873349363171815	0.0	*
p.Lys1238Asn	0.038484966920800244	0.0	*
p.Lys1238Asp	0.01661864245787165	0.0	*
p.Lys1238Cys	0.015483000349944624	0.0	*
p.Lys1238Gln	0.016283386211115407	0.0	*
p.Lys1238Glu	0.00524743291538985	0.0	*
p.Lys1238Gly	0.04000350259411577	0.0	*
p.Lys1238His	0.008506465529748852	0.0	*
p.Lys1238Ile	0.006931219198967639	0.0	*
p.Lys1238Leu	0.0164516229303579	0.0	*
p.Lys1238Met	0.013180063992020511	0.0	*
p.Lys1238Phe	0.017570801789655227	0.0	*
p.Lys1238Pro	0.007978969745466122	0.0	*
p.Lys1238Ser	0.06603380018817977	0.0	*
p.Lys1238Ter	0.0	0.0	*
p.Lys1238Thr	0.030686542567942485	0.0	*
p.Lys1238Trp	0.011549590000664453	0.0	*
p.Lys1238Tyr	0.019755753866153365	0.0	*
p.Lys1238Val	0.03324730136448203	0.0	*
p.Lys1248=	*	*	*
p.Lys1248Ala	0.2166274687585811	0.0	*
p.Lys1248Arg	0.17029207927255186	0.0	*
p.Lys1248Asn	0.2781773418317399	0.0	*
p.Lys1248Asp	0.05143187809380679	0.0	*
p.Lys1248Cys	0.06989286234119757	0.0	*
p.Lys1248Gln	0.07109352362709531	0.0	*
p.Lys1248Glu	0.03060069429487064	0.0	*
p.Lys1248Gly	0.2536494186148883	0.0	*
p.Lys1248His	0.06874140022354572	0.0	*
p.Lys1248Ile	0.06818722882948788	0.0	*
p.Lys1248Leu	0.19973642065681307	0.0	*
p.Lys1248Met	0.1597988001537448	0.0	*
p.Lys1248Phe	0.12409591548262058	0.0	*
p.Lys1248Pro	0.04826906134404168	0.0	*
p.Lys1248Ser	0.2564713297317851	0.0	*
p.Lys1248Ter	0.0	0.0	*
p.Lys1248Thr	0.16316314630913112	0.0	*
p.Lys1248Trp	0.09810924955262296	0.0	*
p.Lys1248Tyr	0.09898982192827058	0.0	*
p.Lys1248Val	0.1625616623810622	0.0	*
p.Lys1251=	*	*	*
p.Lys1251Ala	0.056912250303954436	0.0	*
p.Lys1251Arg	0.05549863470790348	0.0	*
p.Lys1251Asn	0.07679480423556706	0.0	*
p.Lys1251Asp	0.01468077141883791	0.0	*
p.Lys1251Cys	0.019563816370976695	0.0	*
p.Lys1251Gln	0.05111891456091691	0.0	*
p.Lys1251Glu	0.011423956535723673	0.0	*
p.Lys1251Gly	0.04205353388550954	0.0	*
p.Lys1251His	0.020430202892602327	0.0	*
p.Lys1251Ile	0.009892593889925035	0.0	*
p.Lys1251Leu	0.029661293283093016	0.0	*
p.Lys1251Met	0.03089349324410015	0.0	*
p.Lys1251Phe	0.029171706634526253	0.0	*
p.Lys1251Pro	0.004587088570041831	0.0	*
p.Lys1251Ser	0.20355562003150748	0.0	*
p.Lys1251Ter	0.0	0.0	*
p.Lys1251Thr	0.027744831650258164	0.0	*
p.Lys1251Trp	0.023903783507932264	0.0	*
p.Lys1251Tyr	0.02446707764031238	0.0	*
p.Lys1251Val	0.033214816530941195	0.0	*
p.Lys1258=	*	*	*
p.Lys1258Ala	0.14115812429109462	0.0	*
p.Lys1258Arg	0.36336760704379234	0.0	*
p.Lys1258Asn	0.5985037173738544	0.0	*
p.Lys1258Asp	0.11143842989801495	0.0	*
p.Lys1258Cys	0.15038662484232174	0.0	*
p.Lys1258Gln	0.25363259339779554	0.0	*
p.Lys1258Glu	0.09521554551351501	0.0	*
p.Lys1258Gly	0.2028742705409847	0.0	*
p.Lys1258His	0.11975070389698615	0.0	*
p.Lys1258Ile	0.06469370319427131	0.0	*
p.Lys1258Leu	0.22192218432251412	0.0	*
p.Lys1258Met	0.2991012832049668	0.0	*
p.Lys1258Phe	0.3037847213392054	0.0	*
p.Lys1258Pro	0.06572272330503977	0.0	*
p.Lys1258Ser	0.4695738660205842	0.0	*
p.Lys1258Ter	0.0	0.0	*
p.Lys1258Thr	0.3102035127341316	0.0	*
p.Lys1258Trp	0.12001768307802854	0.0	*
p.Lys1258Tyr	0.21670340892344384	0.0	*
p.Lys1258Val	0.184550902435619	0.0	*
p.Lys1260=	*	*	*
p.Lys1260Ala	0.0989310193565184	0.0	*
p.Lys1260Arg	0.3049240022667597	0.0	*
p.Lys1260Asn	0.411079574688887	0.0	*
p.Lys1260Asp	0.0952617209506542	0.0	*
p.Lys1260Cys	0.0947351627240994	0.0	*
p.Lys1260Gln	0.16117387415361992	0.0	*
p.Lys1260Glu	0.061535001660953104	0.0	*
p.Lys1260Gly	0.18403971697298102	0.0	*
p.Lys1260His	0.18009125034731882	0.0	*
p.Lys1260Ile	0.05864032707712069	0.0	*
p.Lys1260Leu	0.188412997165392	0.0	*
p.Lys1260Met	0.2757989582389638	0.0	*
p.Lys1260Phe	0.2446519028164434	0.0	*
p.Lys1260Pro	0.05187488980189804	0.0	*
p.Lys1260Ser	0.48566973752175085	0.0	*
p.Lys1260Ter	0.0	0.0	*
p.Lys1260Thr	0.4519540234664939	0.0	*
p.Lys1260Trp	0.0972170065629623	0.0	*
p.Lys1260Tyr	0.1695945447426802	0.0	*
p.Lys1260Val	0.1985145236558523	0.0	*
p.Lys1261=	*	*	*
p.Lys1261Ala	0.3164864982901688	0.0	*
p.Lys1261Arg	0.4801515294586517	0.0	*
p.Lys1261Asn	0.5907895869785375	0.0	*
p.Lys1261Asp	0.0552481603537036	0.0	*
p.Lys1261Cys	0.23311450240415527	0.0	*
p.Lys1261Gln	0.17829679081763955	0.0	*
p.Lys1261Glu	0.025669466469470558	0.0	*
p.Lys1261Gly	0.2290529331735362	0.0	*
p.Lys1261His	0.06393338193537643	0.0	*
p.Lys1261Ile	0.030435955633547705	0.0	*
p.Lys1261Leu	0.11655765081766913	0.0	*
p.Lys1261Met	0.19549406109177664	0.0	*
p.Lys1261Phe	0.13317586001093198	0.0	*
p.Lys1261Pro	0.04017904296769834	0.0	*
p.Lys1261Ser	0.751549681010437	0.0	*
p.Lys1261Ter	0.0	0.0	*
p.Lys1261Thr	0.2139657946740616	0.0	*
p.Lys1261Trp	0.04362026510553205	0.0	*
p.Lys1261Tyr	0.11035136920833569	0.0	*
p.Lys1261Val	0.12118668386410116	0.0	*
p.Lys1315=	*	*	*
p.Lys1315Ala	0.16946046174134527	0.0	*
p.Lys1315Arg	0.0447147436509297	0.0	*
p.Lys1315Asn	0.12258391870567868	0.0	*
p.Lys1315Asp	0.018071273652595417	0.0	*
p.Lys1315Cys	0.05271118060630492	0.0	*
p.Lys1315Gln	0.05401127489534201	0.0	*
p.Lys1315Glu	0.016631200244236293	0.0	*
p.Lys1315Gly	0.05386092018120478	0.0	*
p.Lys1315His	0.023081249760211572	0.0	*
p.Lys1315Ile	0.02679151648655573	0.0	*
p.Lys1315Leu	0.06949394759878809	0.0	*
p.Lys1315Met	0.08911366900772437	0.0	*
p.Lys1315Phe	0.08247410124483909	0.0	*
p.Lys1315Pro	0.011636679354322487	0.0	*
p.Lys1315Ser	0.16984758966599672	0.0	*
p.Lys1315Ter	0.0	0.0	*
p.Lys1315Thr	0.06513162541865845	0.0	*
p.Lys1315Trp	0.04391883019606186	0.0	*
p.Lys1315Tyr	0.05455809891098828	0.0	*
p.Lys1315Val	0.10402445165289517	0.0	*
p.Lys1374=	*	*	*
p.Lys1374Ala	0.9901515571058208	0.0	*
p.Lys1374Arg	0.9829436175103626	0.0	*
p.Lys1374Asn	0.9948551443484285	0.0	*
p.Lys1374Asp	0.951723230094978	0.0	*
p.Lys1374Cys	0.9024895467577645	0.0	*
p.Lys1374Gln	0.9870082549544882	0.0	*
p.Lys1374Glu	0.8890365125917596	0.0	*
p.Lys1374Gly	0.9877028864803586	0.0	*
p.Lys1374His	0.9861752011549733	0.0	*
p.Lys1374Ile	0.892814943181517	0.0	*
p.Lys1374Leu	0.9913225080213155	0.0	*
p.Lys1374Met	0.9954356393983899	0.0	*
p.Lys1374Phe	0.9866104192513411	0.0	*
p.Lys1374Pro	0.6941173838086101	0.0	*
p.Lys1374Ser	0.9959671308934225	0.0	*
p.Lys1374Ter	0.0	0.0	*
p.Lys1374Thr	0.9960299069963042	0.0	*
p.Lys1374Trp	0.946143677843576	0.0	*
p.Lys1374Tyr	0.9670875022802166	0.0	*
p.Lys1374Val	0.9811287555834418	0.0	*
p.Lys1377=	*	*	*
p.Lys1377Ala	0.9993965620239204	0.0	*
p.Lys1377Arg	0.9970135400944633	0.0	*
p.Lys1377Asn	0.9981265829646865	0.0	*
p.Lys1377Asp	0.9892017265341758	0.0	*
p.Lys1377Cys	0.9961356027420307	0.0	*
p.Lys1377Gln	0.9975346886794108	0.0	*
p.Lys1377Glu	0.9954958798175382	0.0	*
p.Lys1377Gly	0.9988302039660455	0.0	*
p.Lys1377His	0.995906819098845	0.0	*
p.Lys1377Ile	0.965543895633476	0.0	*
p.Lys1377Leu	0.9977423052269232	0.0	*
p.Lys1377Met	0.9985396880649557	0.0	*
p.Lys1377Phe	0.9975399513674146	0.0	*
p.Lys1377Pro	0.9449935625234192	0.0	*
p.Lys1377Ser	0.9997609969752271	0.0	*
p.Lys1377Ter	0.0	0.0	*
p.Lys1377Thr	0.9988276575692827	0.0	*
p.Lys1377Trp	0.9873947791849275	0.0	*
p.Lys1377Tyr	0.9925914823187988	0.0	*
p.Lys1377Val	0.9935964465228165	0.0	*
p.Lys1378=	*	*	*
p.Lys1378Ala	0.9716598792969426	0.0	*
p.Lys1378Arg	0.9598169928758715	0.0	*
p.Lys1378Asn	0.9850713421659457	0.0	*
p.Lys1378Asp	0.8376819048378359	0.0	*
p.Lys1378Cys	0.7212460559780558	0.0	*
p.Lys1378Gln	0.8830254036476751	0.0	*
p.Lys1378Glu	0.6777770426679545	0.0	*
p.Lys1378Gly	0.9804155532589927	0.0	*
p.Lys1378His	0.8828099287873991	0.0	*
p.Lys1378Ile	0.6213036611586021	0.0	*
p.Lys1378Leu	0.965333508653551	0.0	*
p.Lys1378Met	0.9793820419127534	0.0	*
p.Lys1378Phe	0.958659744258387	0.0	*
p.Lys1378Pro	0.6068020711304888	0.0	*
p.Lys1378Ser	0.9789713864755298	0.0	*
p.Lys1378Ter	0.0	0.0	*
p.Lys1378Thr	0.9720789509268277	0.0	*
p.Lys1378Trp	0.7105567475086686	0.0	*
p.Lys1378Tyr	0.9059199842794489	0.0	*
p.Lys1378Val	0.8221069355604296	0.0	*
p.Lys1393=	*	*	*
p.Lys1393Ala	0.995256455675607	0.0	*
p.Lys1393Arg	0.9956997074293488	0.0	*
p.Lys1393Asn	0.9988384693003005	0.0	*
p.Lys1393Asp	0.9752652414092156	0.0	*
p.Lys1393Cys	0.9819583856783722	0.0	*
p.Lys1393Gln	0.9943786486292181	0.0	*
p.Lys1393Glu	0.9517714725684351	0.0	*
p.Lys1393Gly	0.9964834578459069	0.0	*
p.Lys1393His	0.9976217721050837	0.0	*
p.Lys1393Ile	0.9520983601679147	0.0	*
p.Lys1393Leu	0.9915488969013709	0.0	*
p.Lys1393Met	0.998354104630537	0.0	*
p.Lys1393Phe	0.9917642514818658	0.0	*
p.Lys1393Pro	0.9190953408715132	0.0	*
p.Lys1393Ser	0.9972958503612951	0.0	*
p.Lys1393Ter	0.0	0.0	*
p.Lys1393Thr	0.9974224987060493	0.0	*
p.Lys1393Trp	0.9776443559985148	0.0	*
p.Lys1393Tyr	0.9796191224592709	0.0	*
p.Lys1393Val	0.9728753622045591	0.0	*
p.Lys1437=	*	*	*
p.Lys1437Ala	0.9301856575161139	0.0	*
p.Lys1437Arg	0.9813410073223173	0.0	*
p.Lys1437Asn	0.9812271021767661	0.0	*
p.Lys1437Asp	0.9550160598806438	0.0	*
p.Lys1437Cys	0.8790200277853295	0.0	*
p.Lys1437Gln	0.9103430241482344	0.0	*
p.Lys1437Glu	0.9334990070448984	0.0	*
p.Lys1437Gly	0.9608833696001124	0.0	*
p.Lys1437His	0.8966048086183299	0.0	*
p.Lys1437Ile	0.8212425324965074	0.0	*
p.Lys1437Leu	0.9034749103231774	0.0	*
p.Lys1437Met	0.8755854085884719	0.0	*
p.Lys1437Phe	0.9050799890852039	0.0	*
p.Lys1437Pro	0.8958301005535364	0.0	*
p.Lys1437Ser	0.9820060699724982	0.0	*
p.Lys1437Ter	0.0	0.0	*
p.Lys1437Thr	0.9657299533520796	0.0	*
p.Lys1437Trp	0.9146287348078029	0.0	*
p.Lys1437Tyr	0.8910466178739554	0.0	*
p.Lys1437Val	0.8493445842168487	0.0	*
p.Lys1451=	*	*	*
p.Lys1451Ala	0.9039604920544959	0.0	*
p.Lys1451Arg	0.9763600556580819	0.0	*
p.Lys1451Asn	0.9751076756929502	0.0	*
p.Lys1451Asp	0.9427237092402208	0.0	*
p.Lys1451Cys	0.8988807456984026	0.0	*
p.Lys1451Gln	0.9733465493530691	0.0	*
p.Lys1451Glu	0.9729578544553213	0.0	*
p.Lys1451Gly	0.9247826523944106	0.0	*
p.Lys1451His	0.9723608789542061	0.0	*
p.Lys1451Ile	0.7734286431710946	0.0	*
p.Lys1451Leu	0.9277193185699661	0.0	*
p.Lys1451Met	0.9497997087005144	0.0	*
p.Lys1451Phe	0.9302975094218987	0.0	*
p.Lys1451Pro	0.9248611321010556	0.0	*
p.Lys1451Ser	0.9874461682200771	0.0	*
p.Lys1451Ter	0.0	0.0	*
p.Lys1451Thr	0.9806582066753451	0.0	*
p.Lys1451Trp	0.9183485531220801	0.0	*
p.Lys1451Tyr	0.8858481742580528	0.0	*
p.Lys1451Val	0.9151399415991389	0.0	*
p.Lys720=	*	*	*
p.Lys720Ala	0.22523023570375472	0.0	*
p.Lys720Arg	0.46425767794992734	0.0	*
p.Lys720Asn	0.5213231284658705	0.0	*
p.Lys720Asp	0.25652119004041235	0.0	*
p.Lys720Cys	0.16943269320129856	0.0	*
p.Lys720Gln	0.31097895552827143	0.0	*
p.Lys720Glu	0.11502804029191359	0.0	*
p.Lys720Gly	0.3627246476884524	0.0	*
p.Lys720His	0.19930027262281944	0.0	*
p.Lys720Ile	0.0795410536915933	0.0	*
p.Lys720Leu	0.22353613516564017	0.0	*
p.Lys720Met	0.24736086449151068	0.0	*
p.Lys720Phe	0.24371605602741966	0.0	*
p.Lys720Pro	0.06457886045011939	0.0	*
p.Lys720Ser	0.5360423671952101	0.0	*
p.Lys720Ter	0.0	0.0	*
p.Lys720Thr	0.42009041729146573	0.0	*
p.Lys720Trp	0.16536563168360321	0.0	*
p.Lys720Tyr	0.23241750659563018	0.0	*
p.Lys720Val	0.26502901828964454	0.0	*
p.Lys755=	*	*	*
p.Lys755Ala	0.4242160454519556	0.0	*
p.Lys755Arg	0.7230250731332084	0.0	*
p.Lys755Asn	0.8238660375998961	0.0	*
p.Lys755Asp	0.22872491564815572	0.0	*
p.Lys755Cys	0.18254807147297147	0.0	*
p.Lys755Gln	0.4714234755044889	0.0	*
p.Lys755Gly	0.47822509797835655	0.0	*
p.Lys755His	0.313381700643256	0.0	*
p.Lys755Ile	0.10370310124480166	0.0	*
p.Lys755Leu	0.4490806081373301	0.0	*
p.Lys755Phe	0.3309970731215792	0.0	*
p.Lys755Pro	0.09705573334373557	0.0	*
p.Lys755Ser	0.6833817408749594	0.0	*
p.Lys755Ter	0.0	0.0	*
p.Lys755Thr	0.5141971439583406	0.0	*
p.Lys755Trp	0.27811315451805263	0.0	*
p.Lys755Tyr	0.326371457842411	0.0	*
p.Lys755Val	0.31526991073393584	0.0	*
p.Lys785Ala	0.2792262557641475	0.0	*
p.Lys785Arg	0.2433874806271504	0.0	*
p.Lys785Asn	0.3530481223600477	0.0	*
p.Lys785Asp	0.17108763833142213	0.0	*
p.Lys785Cys	0.10433812308619579	0.0	*
p.Lys785Gln	0.281713814402508	0.0	*
p.Lys785Glu	0.13593617298825603	0.0	*
p.Lys785Gly	0.24932494664107518	0.0	*
p.Lys785His	0.262825298735155	0.0	*
p.Lys785Ile	0.07127570617937039	0.0	*
p.Lys785Leu	0.28044833827570737	0.0	*
p.Lys785Met	0.28741396726288126	0.0	*
p.Lys785Phe	0.28110826319107135	0.0	*
p.Lys785Pro	0.06302858882454108	0.0	*
p.Lys785Ser	0.4894429194550219	0.0	*
p.Lys785Ter	0.0	0.0	*
p.Lys785Thr	0.4494677975952563	0.0	*
p.Lys785Trp	0.1404317830559419	0.0	*
p.Lys785Tyr	0.1744103120778635	0.0	*
p.Lys785Val	0.26779280344552125	0.0	*
p.Lys787=	*	*	*
p.Lys787Ala	0.10034444239735581	0.0	*
p.Lys787Arg	0.2638928829245771	0.0	*
p.Lys787Asn	0.22921604279532273	0.0	*
p.Lys787Asp	0.11606960346974375	0.0	*
p.Lys787Cys	0.05539919523854707	0.0	*
p.Lys787Gln	0.16545701947913594	0.0	*
p.Lys787Glu	0.04881450263849153	0.0	*
p.Lys787Gly	0.11775058333167913	0.0	*
p.Lys787His	0.17283580586852448	0.0	*
p.Lys787Ile	0.04884767847535238	0.0	*
p.Lys787Leu	0.1636650021713617	0.0	*
p.Lys787Met	0.16264563489141443	0.0	*
p.Lys787Phe	0.12043690038403108	0.0	*
p.Lys787Pro	0.022639870105623586	0.0	*
p.Lys787Ser	0.4680715941732723	0.0	*
p.Lys787Ter	0.0	0.0	*
p.Lys787Thr	0.30120637994578237	0.0	*
p.Lys787Trp	0.07780447114718601	0.0	*
p.Lys787Tyr	0.11879367429791203	0.0	*
p.Lys787Val	0.12329389633118262	0.0	*
p.Lys794=	*	*	*
p.Lys794Ala	0.32650129723575166	0.0	*
p.Lys794Arg	0.4829737157377915	0.0	*
p.Lys794Asn	0.6274133693596915	0.0	*
p.Lys794Asp	0.15129023409565573	0.0	*
p.Lys794Cys	0.17956883139297503	0.0	*
p.Lys794Gln	0.37143996920441114	0.0	*
p.Lys794Glu	0.1017144951227729	0.0	*
p.Lys794Gly	0.29614857413339357	0.0	*
p.Lys794His	0.30263357862006013	0.0	*
p.Lys794Ile	0.09309330600711549	0.0	*
p.Lys794Leu	0.3461556647102054	0.0	*
p.Lys794Met	0.48359758529319996	0.0	*
p.Lys794Phe	0.270645457177275	0.0	*
p.Lys794Pro	0.0510650319676074	0.0	*
p.Lys794Ser	0.6677476605228655	0.0	*
p.Lys794Ter	0.0	0.0	*
p.Lys794Thr	0.40606916161438966	0.0	*
p.Lys794Trp	0.22128994365567767	0.0	*
p.Lys794Tyr	0.22559351678564277	0.0	*
p.Lys794Val	0.26292345734191624	0.0	*
p.Lys832=	*	*	*
p.Lys832Ala	0.05006518612526071	0.0	*
p.Lys832Arg	0.14773272060591616	0.0	*
p.Lys832Asn	0.20820505581401522	0.0	*
p.Lys832Asp	0.015276256551327963	0.0	*
p.Lys832Cys	0.01884140037655902	0.0	*
p.Lys832Gln	0.03638225761286541	0.0	*
p.Lys832Glu	0.007407410441675769	0.0	*
p.Lys832Gly	0.06410059918744086	0.0	*
p.Lys832His	0.02366910828067642	0.0	*
p.Lys832Ile	0.029323740992218624	0.0	*
p.Lys832Leu	0.03515291089522467	0.0	*
p.Lys832Met	0.06960001097895022	0.0	*
p.Lys832Phe	0.06659186961110258	0.0	*
p.Lys832Pro	0.013678110212552892	0.0	*
p.Lys832Ser	0.06760358795802872	0.0	*
p.Lys832Ter	0.0	0.0	*
p.Lys832Thr	0.06542256029615925	0.0	*
p.Lys832Trp	0.029748482242632664	0.0	*
p.Lys832Tyr	0.04550447405981331	0.0	*
p.Lys832Val	0.051339117588791325	0.0	*
p.Lys838=	*	*	*
p.Lys838Ala	0.050110045460036334	0.0	*
p.Lys838Arg	0.09699212182195721	0.0	*
p.Lys838Asn	0.06037936358970181	0.0	*
p.Lys838Asp	0.0281388115280009	0.0	*
p.Lys838Cys	0.02481004628762626	0.0	*
p.Lys838Gln	0.05795395567476851	0.0	*
p.Lys838Glu	0.02619819575745269	0.0	*
p.Lys838Gly	0.05413043948376261	0.0	*
p.Lys838His	0.03334126928068729	0.0	*
p.Lys838Ile	0.02028340133447924	0.0	*
p.Lys838Leu	0.03579392950100451	0.0	*
p.Lys838Met	0.037663987777452376	0.0	*
p.Lys838Phe	0.04944971325541062	0.0	*
p.Lys838Pro	0.02546121300421146	0.0	*
p.Lys838Ser	0.11688490262121114	0.0	*
p.Lys838Ter	0.0	0.0	*
p.Lys838Thr	0.08311963169340847	0.0	*
p.Lys838Trp	0.039361788969140075	0.0	*
p.Lys838Tyr	0.03978460859820825	0.0	*
p.Lys838Val	0.058460112376541355	0.0	*
p.Lys844=	*	*	*
p.Lys844Ala	0.08606094967331632	0.0	*
p.Lys844Arg	0.21300658734782463	0.0	*
p.Lys844Asn	0.24161605582133888	0.0	*
p.Lys844Asp	0.08233972347029722	0.0	*
p.Lys844Cys	0.04266976590077354	0.0	*
p.Lys844Gln	0.09497205132066934	0.0	*
p.Lys844Glu	0.06456090414690069	0.0	*
p.Lys844Gly	0.15244341238852635	0.0	*
p.Lys844His	0.08678814115558361	0.0	*
p.Lys844Ile	0.022459737093584894	0.0	*
p.Lys844Leu	0.04540215540827415	0.0	*
p.Lys844Met	0.07274659475509604	0.0	*
p.Lys844Phe	0.0790231240099156	0.0	*
p.Lys844Pro	0.04670223970850928	0.0	*
p.Lys844Ser	0.12335364694406568	0.0	*
p.Lys844Ter	0.0	0.0	*
p.Lys844Thr	0.1402068074678793	0.0	*
p.Lys844Trp	0.045275532698923406	0.0	*
p.Lys844Tyr	0.07189843760528579	0.0	*
p.Lys844Val	0.0930127299097782	0.0	*
p.Lys866=	*	*	*
p.Lys866Ala	0.14435775345651186	0.0	*
p.Lys866Arg	0.16674974142518487	0.0	*
p.Lys866Asn	0.12778585091112066	0.0	*
p.Lys866Asp	0.08048774075733672	0.0	*
p.Lys866Cys	0.07367310545292813	0.0	*
p.Lys866Gln	0.1020485040123742	0.0	*
p.Lys866Glu	0.04777551219103003	0.0	*
p.Lys866Gly	0.12150770550229227	0.0	*
p.Lys866His	0.08859499974167064	0.0	*
p.Lys866Ile	0.028449538139835	0.0	*
p.Lys866Leu	0.07522742720972456	0.0	*
p.Lys866Met	0.06073739681124613	0.0	*
p.Lys866Phe	0.08634460778946088	0.0	*
p.Lys866Pro	0.04088616115209263	0.0	*
p.Lys866Ser	0.19526145999092406	0.0	*
p.Lys866Ter	0.0	0.0	*
p.Lys866Thr	0.10145511437789591	0.0	*
p.Lys866Trp	0.07037826539904138	0.0	*
p.Lys866Tyr	0.06040103791978275	0.0	*
p.Lys866Val	0.07214618805614234	0.0	*
p.Lys867=	*	*	*
p.Lys867Ala	0.31207459427803474	0.0	*
p.Lys867Arg	0.2677815020562435	0.0	*
p.Lys867Asn	0.42798858272400186	0.0	*
p.Lys867Asp	0.12650872270497987	0.0	*
p.Lys867Cys	0.17117228105792723	0.0	*
p.Lys867Gln	0.1410443588847646	0.0	*
p.Lys867Glu	0.07861768273940484	0.0	*
p.Lys867Gly	0.19545383269655098	0.0	*
p.Lys867His	0.12654201586859756	0.0	*
p.Lys867Ile	0.06850424633732113	0.0	*
p.Lys867Leu	0.16579207340389446	0.0	*
p.Lys867Met	0.15779971855373398	0.0	*
p.Lys867Phe	0.14643097941269997	0.0	*
p.Lys867Pro	0.06887133745410866	0.0	*
p.Lys867Ser	0.4047652524105572	0.0	*
p.Lys867Ter	0.0	0.0	*
p.Lys867Thr	0.19489026191964007	0.0	*
p.Lys867Trp	0.1113758057767696	0.0	*
p.Lys867Tyr	0.13286891500596734	0.0	*
p.Lys867Val	0.13653724477307916	0.0	*
p.Lys886=	*	*	*
p.Lys886Ala	0.05102411865938675	0.0	*
p.Lys886Arg	0.0494920873609643	0.0	*
p.Lys886Asn	0.060524212655550635	0.0	*
p.Lys886Asp	0.04318520497518615	0.0	*
p.Lys886Cys	0.017305569077931016	0.0	*
p.Lys886Gln	0.05494295393702921	0.0	*
p.Lys886Glu	0.022966778314767965	0.0	*
p.Lys886Gly	0.05614199588118506	0.0	*
p.Lys886His	0.026847588196274065	0.0	*
p.Lys886Ile	0.011156856928628391	0.0	*
p.Lys886Leu	0.026890247757521815	0.0	*
p.Lys886Met	0.02754810802433505	0.0	*
p.Lys886Phe	0.03050599287132767	0.0	*
p.Lys886Pro	0.015860967062529898	0.0	*
p.Lys886Ser	0.07857226123910153	0.0	*
p.Lys886Ter	0.0	0.0	*
p.Lys886Thr	0.047133855208743296	0.0	*
p.Lys886Trp	0.024954498298533245	0.0	*
p.Lys886Tyr	0.04372881923725978	0.0	*
p.Lys886Val	0.07201894431530459	0.0	*
p.Lys901=	*	*	*
p.Lys901Ala	0.014343386155357846	0.0	*
p.Lys901Arg	0.023661012592490253	0.0	*
p.Lys901Asn	0.022826980815403207	0.0	*
p.Lys901Asp	0.010827853600111908	0.0	*
p.Lys901Cys	0.005551287988110568	0.0	*
p.Lys901Gln	0.015286271658199528	0.0	*
p.Lys901Glu	0.0057716230018117634	0.0	*
p.Lys901Gly	0.02350363710110048	0.0	*
p.Lys901His	0.010255979640458476	0.0	*
p.Lys901Ile	0.008525444516553545	0.0	*
p.Lys901Leu	0.016591339388846885	0.0	*
p.Lys901Met	0.01379813614044403	0.0	*
p.Lys901Phe	0.01734282032300001	0.0	*
p.Lys901Pro	0.004611801711258994	0.0	*
p.Lys901Ser	0.021311087503949465	0.0	*
p.Lys901Ter	0.0	0.0	*
p.Lys901Thr	0.03344246264895176	0.0	*
p.Lys901Trp	0.011653557505442974	0.0	*
p.Lys901Tyr	0.016044829043485545	0.0	*
p.Lys901Val	0.03530711849735593	0.0	*
p.Lys910=	*	*	*
p.Lys910Ala	0.005210165097951496	0.0	*
p.Lys910Arg	0.010228636232141082	0.0	*
p.Lys910Asn	0.0074012625243601365	0.0	*
p.Lys910Asp	0.005810330861313043	0.0	*
p.Lys910Cys	0.0028845831435192777	0.0	*
p.Lys910Gln	0.006387893307374797	0.0	*
p.Lys910Glu	0.0021768014680048323	0.0	*
p.Lys910Gly	0.006430767680027661	0.0	*
p.Lys910His	0.003094181049502501	0.0	*
p.Lys910Ile	0.0032571742327636224	0.0	*
p.Lys910Leu	0.005132087344422344	0.0	*
p.Lys910Met	0.0038319863639653734	0.0	*
p.Lys910Phe	0.004503731569177221	0.0	*
p.Lys910Pro	0.0015731557951876567	0.0	*
p.Lys910Ser	0.019717385604292405	0.0	*
p.Lys910Ter	0.0	0.0	*
p.Lys910Thr	0.009508977459302254	0.0	*
p.Lys910Trp	0.003397689050361738	0.0	*
p.Lys910Tyr	0.005892691676949797	0.0	*
p.Lys910Val	0.008555644884716674	0.0	*
p.Lys959=	*	*	*
p.Lys959Ala	0.9665620486128355	0.0	*
p.Lys959Arg	0.9627346437363566	0.0	*
p.Lys959Asn	0.9866794925897282	0.0	*
p.Lys959Asp	0.9379256661126492	0.0	*
p.Lys959Cys	0.9189644771129967	0.0	*
p.Lys959Gln	0.9705633883309969	0.0	*
p.Lys959Glu	0.9692402760247322	0.0	*
p.Lys959Gly	0.9751613656649234	0.0	*
p.Lys959His	0.9789519338743085	0.0	*
p.Lys959Ile	0.7844241328155357	0.0	*
p.Lys959Leu	0.9708555194861066	0.0	*
p.Lys959Met	0.9798832833931691	0.0	*
p.Lys959Phe	0.9689618923119853	0.0	*
p.Lys959Pro	0.9018319308362484	0.0	*
p.Lys959Ser	0.9898747870375664	0.0	*
p.Lys959Ter	0.0	0.0	*
p.Lys959Thr	0.9869728843075639	0.0	*
p.Lys959Trp	0.9170015570368357	0.0	*
p.Lys959Tyr	0.944289573168236	0.0	*
p.Lys959Val	0.9384033963649172	0.0	*
p.Met1017Ala	0.18317495815250462	0.0	*
p.Met1017Arg	0.010442391965769116	0.0	*
p.Met1017Asn	0.02066551441104341	0.0	*
p.Met1017Asp	0.035435724749448665	0.0	*
p.Met1017Cys	0.18433788903179907	0.0	*
p.Met1017Gln	0.05486031361431667	0.0	*
p.Met1017Glu	0.03185648005911611	0.0	*
p.Met1017Gly	0.11603410920093367	0.0	*
p.Met1017His	0.09057336894824668	0.0	*
p.Met1017Ile	0.07569417987667328	0.0	*
p.Met1017Leu	0.22377530416360905	0.0	*
p.Met1017Lys	0.03099360244192768	0.0	*
p.Met1017Phe	0.07034247940631672	0.0	*
p.Met1017Pro	0.024401555932101363	0.0	*
p.Met1017Ser	0.1741370963444295	0.0	*
p.Met1017Ter	0.0	0.0	*
p.Met1017Thr	0.17542860246396325	0.0	*
p.Met1017Trp	0.07950425667516435	0.0	*
p.Met1017Tyr	0.04040114355978211	0.0	*
p.Met1017Val	0.3716423959064782	0.0	*
p.Met1025Ala	0.10679843870685056	0.0	*
p.Met1025Arg	0.007405361378963836	0.0	*
p.Met1025Asn	0.012461452356108084	0.0	*
p.Met1025Asp	0.012959725078727644	0.0	*
p.Met1025Cys	0.03533299564514377	0.0	*
p.Met1025Gln	0.023216202318313464	0.0	*
p.Met1025Glu	0.009115484333346581	0.0	*
p.Met1025Gly	0.052163858298138306	0.0	*
p.Met1025His	0.01999377720588397	0.0	*
p.Met1025Ile	0.07191958086792673	0.0	*
p.Met1025Leu	0.10854952571001145	0.0	*
p.Met1025Lys	0.016851989624556682	0.0	*
p.Met1025Phe	0.03910572156847537	0.0	*
p.Met1025Pro	0.010501860350527206	0.0	*
p.Met1025Ser	0.08958634889763911	0.0	*
p.Met1025Ter	0.0	0.0	*
p.Met1025Thr	0.09872661164974207	0.0	*
p.Met1025Trp	0.04065466310759782	0.0	*
p.Met1025Tyr	0.02603322632314533	0.0	*
p.Met1025Val	0.25424707970512567	0.0	*
p.Met1040Ala	0.7979695204139259	0.0	*
p.Met1040Arg	0.28286353773674255	0.0	*
p.Met1040Asn	0.40541251681329626	0.0	*
p.Met1040Asp	0.4348938254605025	0.0	*
p.Met1040Cys	0.32599118283882156	0.0	*
p.Met1040Gln	0.6408494288893558	0.0	*
p.Met1040Glu	0.3602684387930888	0.0	*
p.Met1040Gly	0.5931952445013006	0.0	*
p.Met1040His	0.6615377927681005	0.0	*
p.Met1040Ile	0.6987430076822129	0.0	*
p.Met1040Leu	0.6804854461403061	0.0	*
p.Met1040Lys	0.4297335013578725	0.0	*
p.Met1040Phe	0.4892205197169449	0.0	*
p.Met1040Pro	0.3119661357057406	0.0	*
p.Met1040Ser	0.8638539321772178	0.0	*
p.Met1040Ter	0.0	0.0	*
p.Met1040Thr	0.8638662375975407	0.0	*
p.Met1040Trp	0.4643945340723093	0.0	*
p.Met1040Tyr	0.417145913144563	0.0	*
p.Met1040Val	0.9136723530522602	0.0	*
p.Met1169Ala	0.07084446320748448	0.0	*
p.Met1169Arg	0.020412513310123313	0.0	*
p.Met1169Asn	0.02723635157622877	0.0	*
p.Met1169Asp	0.02271365281592554	0.0	*
p.Met1169Cys	0.022006879857006115	0.0	*
p.Met1169Gln	0.025650017396670926	0.0	*
p.Met1169Glu	0.02622243592313007	0.0	*
p.Met1169Gly	0.06713798422180013	0.0	*
p.Met1169His	0.03132679577330294	0.0	*
p.Met1169Ile	0.022740054307125248	0.0	*
p.Met1169Leu	0.1004585276602965	0.0	*
p.Met1169Lys	0.008789601397952667	0.0	*
p.Met1169Phe	0.029087011799407234	0.0	*
p.Met1169Pro	0.009621909512382268	0.0	*
p.Met1169Ser	0.07353474202489746	0.0	*
p.Met1169Ter	0.0	0.0	*
p.Met1169Thr	0.07730446878207894	0.0	*
p.Met1169Trp	0.03564097538001872	0.0	*
p.Met1169Tyr	0.04741516312738994	0.0	*
p.Met1169Val	0.26294313155578247	0.0	*
p.Met1174Ala	0.33186723357425374	0.0	*
p.Met1174Arg	0.05778089834619401	0.0	*
p.Met1174Asn	0.09014808577414687	0.0	*
p.Met1174Asp	0.06829046707663874	0.0	*
p.Met1174Cys	0.35682939153489207	0.0	*
p.Met1174Gln	0.10604710160916714	0.0	*
p.Met1174Glu	0.059351690254308864	0.0	*
p.Met1174Gly	0.20942942219299926	0.0	*
p.Met1174His	0.06597348118376099	0.0	*
p.Met1174Ile	0.14148529473205645	0.0	*
p.Met1174Leu	0.33943309372519975	0.0	*
p.Met1174Lys	0.05506486330378345	0.0	*
p.Met1174Phe	0.0995524684979895	0.0	*
p.Met1174Pro	0.03082457587709175	0.0	*
p.Met1174Ser	0.33615921037236174	0.0	*
p.Met1174Ter	0.0	0.0	*
p.Met1174Thr	0.26985343660310207	0.0	*
p.Met1174Trp	0.1734136914704613	0.0	*
p.Met1174Tyr	0.10650368940868762	0.0	*
p.Met1174Val	0.5406571382706387	0.0	*
p.Met1191Ala	0.01040729060426381	0.0	*
p.Met1191Arg	0.001317155886024696	0.0	*
p.Met1191Asn	0.0015956419922359354	0.0	*
p.Met1191Asp	0.002038685326943121	0.0	*
p.Met1191Cys	0.0038942776286133504	0.0	*
p.Met1191Gln	0.007804487374424267	0.0	*
p.Met1191Glu	0.003006271124742016	0.0	*
p.Met1191Gly	0.009148576608825955	0.0	*
p.Met1191His	0.004295390287112806	0.0	*
p.Met1191Ile	0.002886629154552353	0.0	*
p.Met1191Leu	0.007609422639228044	0.0	*
p.Met1191Lys	0.001553200050261936	0.0	*
p.Met1191Phe	0.0035259039717634114	0.0	*
p.Met1191Pro	0.0021640875293372015	0.0	*
p.Met1191Ser	0.014858612432534647	0.0	*
p.Met1191Ter	0.0	0.0	*
p.Met1191Thr	0.00973974338496307	0.0	*
p.Met1191Trp	0.007934591814033632	0.0	*
p.Met1191Tyr	0.003325824544093699	0.0	*
p.Met1191Val	0.032445180579553375	0.0	*
p.Met1212Ala	0.2815977619420645	0.0	*
p.Met1212Arg	0.022065950229675148	0.0	*
p.Met1212Asn	0.06652203751043503	0.0	*
p.Met1212Asp	0.05419681985358817	0.0	*
p.Met1212Cys	0.10236874779902098	0.0	*
p.Met1212Gln	0.1101264688900465	0.0	*
p.Met1212Glu	0.03279234801079033	0.0	*
p.Met1212Gly	0.13788058185935687	0.0	*
p.Met1212His	0.10584574808678701	0.0	*
p.Met1212Ile	0.12342954507611291	0.0	*
p.Met1212Leu	0.21504120349791622	0.0	*
p.Met1212Phe	0.09717293132198311	0.0	*
p.Met1212Pro	0.02715284088411396	0.0	*
p.Met1212Ser	0.365020818410402	0.0	*
p.Met1212Ter	0.0	0.0	*
p.Met1212Thr	0.24736967160969298	0.0	*
p.Met1212Trp	0.09537289125834304	0.0	*
p.Met1212Tyr	0.061778743924259555	0.0	*
p.Met1212Val	0.37367094348239804	0.0	*
p.Met1264Ala	0.037872449235181564	0.0	*
p.Met1264Arg	0.0021478596912382865	0.0	*
p.Met1264Asn	0.0047365973624525545	0.0	*
p.Met1264Asp	0.007429252022187818	0.0	*
p.Met1264Cys	0.021899480226357834	0.0	*
p.Met1264Gln	0.011167169392056503	0.0	*
p.Met1264Glu	0.004662724484901903	0.0	*
p.Met1264Gly	0.035603694828480366	0.0	*
p.Met1264His	0.010617732892883078	0.0	*
p.Met1264Ile	0.011662554903198898	0.0	*
p.Met1264Leu	0.0177080648112846	0.0	*
p.Met1264Lys	0.004691835049948987	0.0	*
p.Met1264Phe	0.008369535201064222	0.0	*
p.Met1264Pro	0.0028886745442640136	0.0	*
p.Met1264Ser	0.05609568565047612	0.0	*
p.Met1264Ter	0.0	0.0	*
p.Met1264Thr	0.028719853221704675	0.0	*
p.Met1264Trp	0.013002418062824084	0.0	*
p.Met1264Tyr	0.007657293831460311	0.0	*
p.Met1264Val	0.059796097893251736	0.0	*
p.Met1280Ala	0.05787233647605826	0.0	*
p.Met1280Arg	0.011356368316051597	0.0	*
p.Met1280Asn	0.014095488426351529	0.0	*
p.Met1280Asp	0.013846491419286835	0.0	*
p.Met1280Cys	0.025143714000496017	0.0	*
p.Met1280Gln	0.021895188134239588	0.0	*
p.Met1280Glu	0.015210838720525621	0.0	*
p.Met1280Gly	0.045003865745325736	0.0	*
p.Met1280His	0.01853499811278863	0.0	*
p.Met1280Ile	0.03521315806036928	0.0	*
p.Met1280Leu	0.07307135616333822	0.0	*
p.Met1280Lys	0.011590210222114828	0.0	*
p.Met1280Phe	0.02358809787946295	0.0	*
p.Met1280Pro	0.006957198576192167	0.0	*
p.Met1280Ser	0.11214942874925315	0.0	*
p.Met1280Ter	0.0	0.0	*
p.Met1280Thr	0.09070167402368261	0.0	*
p.Met1280Trp	0.03254375699871703	0.0	*
p.Met1280Tyr	0.035189519821231585	0.0	*
p.Met1280Val	0.265368368890793	0.0	*
p.Met1344Ala	0.13997227710932636	0.0	*
p.Met1344Arg	0.027938832736457433	0.0	*
p.Met1344Asn	0.06253817660580051	0.0	*
p.Met1344Asp	0.05676923043842104	0.0	*
p.Met1344Cys	0.11452939870221188	0.0	*
p.Met1344Gln	0.07830881792042736	0.0	*
p.Met1344Glu	0.02203492534289882	0.0	*
p.Met1344Gly	0.2021397867517785	0.0	*
p.Met1344His	0.0654704810399025	0.0	*
p.Met1344Ile	0.06497834173328765	0.0	*
p.Met1344Leu	0.09678040817380183	0.0	*
p.Met1344Lys	0.05720522385975076	0.0	*
p.Met1344Phe	0.05472386203472916	0.0	*
p.Met1344Pro	0.029945055960913784	0.0	*
p.Met1344Ser	0.4260482325831328	0.0	*
p.Met1344Ter	0.0	0.0	*
p.Met1344Thr	0.1987010364782795	0.0	*
p.Met1344Trp	0.09571382528725411	0.0	*
p.Met1344Tyr	0.04217514393065098	0.0	*
p.Met1344Val	0.2053066717586735	0.0	*
p.Met1354Ala	0.3607442617222771	0.0	*
p.Met1354Arg	0.07034078751171834	0.0	*
p.Met1354Asn	0.11482958115444199	0.0	*
p.Met1354Asp	0.11498829695367116	0.0	*
p.Met1354Cys	0.31645172549174944	0.0	*
p.Met1354Gln	0.17610804789679066	0.0	*
p.Met1354Glu	0.08376410749200298	0.0	*
p.Met1354Gly	0.39500456404699896	0.0	*
p.Met1354His	0.1251823347648686	0.0	*
p.Met1354Ile	0.18231372454085568	0.0	*
p.Met1354Leu	0.2842692525018457	0.0	*
p.Met1354Lys	0.12440299328989624	0.0	*
p.Met1354Phe	0.16610018218071126	0.0	*
p.Met1354Pro	0.09616865853521403	0.0	*
p.Met1354Ser	0.5000767735547087	0.0	*
p.Met1354Ter	0.0	0.0	*
p.Met1354Thr	0.3710253379434901	0.0	*
p.Met1354Trp	0.19490380050258266	0.0	*
p.Met1354Tyr	0.10757279514722924	0.0	*
p.Met1354Val	0.5319948689791328	0.0	*
p.Met1359Ala	0.1056123045331382	0.0	*
p.Met1359Arg	0.013187799185281696	0.0	*
p.Met1359Asn	0.025800633028449944	0.0	*
p.Met1359Asp	0.015964071098432328	0.0	*
p.Met1359Cys	0.03030556946257754	0.0	*
p.Met1359Gln	0.019334185939193844	0.0	*
p.Met1359Glu	0.011839928846606182	0.0	*
p.Met1359Gly	0.10964627320470671	0.0	*
p.Met1359His	0.02603721155254224	0.0	*
p.Met1359Ile	0.02767828850877001	0.0	*
p.Met1359Leu	0.052002055534636826	0.0	*
p.Met1359Lys	0.010954360735757238	0.0	*
p.Met1359Phe	0.021960603432572782	0.0	*
p.Met1359Pro	0.01797282648708587	0.0	*
p.Met1359Ser	0.11994966796161376	0.0	*
p.Met1359Ter	0.0	0.0	*
p.Met1359Thr	0.060779801173556094	0.0	*
p.Met1359Trp	0.03188717624672942	0.0	*
p.Met1359Tyr	0.01969852631479493	0.0	*
p.Met1359Val	0.131151877719245	0.0	*
p.Met1392Ala	0.9998397772136741	0.0	*
p.Met1392Arg	0.9939111745590359	0.0	*
p.Met1392Asn	0.9989309305112658	0.0	*
p.Met1392Asp	0.9958457951771513	0.0	*
p.Met1392Cys	0.9989361900455148	0.0	*
p.Met1392Gln	0.9985572227432046	0.0	*
p.Met1392Glu	0.9953256056752229	0.0	*
p.Met1392Gly	0.9994401736945027	0.0	*
p.Met1392His	0.9994958452066047	0.0	*
p.Met1392Ile	0.9988618041009375	0.0	*
p.Met1392Leu	0.9996316797884052	0.0	*
p.Met1392Lys	0.9990671736656696	0.0	*
p.Met1392Phe	0.9994862467648491	0.0	*
p.Met1392Pro	0.9924828623326462	0.0	*
p.Met1392Ser	0.999837816085366	0.0	*
p.Met1392Ter	0.0	0.0	*
p.Met1392Thr	0.9998390261434531	0.0	*
p.Met1392Trp	0.9977931728423305	0.0	*
p.Met1392Tyr	0.995774110920765	0.0	*
p.Met1392Val	0.9996315545988843	0.0	*
p.Met1406Ala	0.9974453882387662	0.0	*
p.Met1406Arg	0.8229347542541086	0.0	*
p.Met1406Asn	0.9675934104290487	0.0	*
p.Met1406Asp	0.9736428380931433	0.0	*
p.Met1406Cys	0.9940460807828723	0.0	*
p.Met1406Gln	0.9771997621590572	0.0	*
p.Met1406Glu	0.9430598953881345	0.0	*
p.Met1406Gly	0.9923273113147639	0.0	*
p.Met1406His	0.9935521393585068	0.0	*
p.Met1406Ile	0.9877891659190465	0.0	*
p.Met1406Leu	0.99438534048747	0.0	*
p.Met1406Lys	0.9833285563985967	0.0	*
p.Met1406Phe	0.9904857740515352	0.0	*
p.Met1406Pro	0.9658943981358558	0.0	*
p.Met1406Ser	0.9937200335146855	0.0	*
p.Met1406Ter	0.0	0.0	*
p.Met1406Thr	0.9973087160089933	0.0	*
p.Met1406Trp	0.9549964847469479	0.0	*
p.Met1406Tyr	0.9634349858276102	0.0	*
p.Met1406Val	0.9958947816302142	0.0	*
p.Met729Ala	0.9510138339027683	0.0	*
p.Met729Arg	0.1951059903934185	0.0	*
p.Met729Asn	0.5079660474730092	0.0	*
p.Met729Asp	0.4599793351686589	0.0	*
p.Met729Cys	0.928923039657617	0.0	*
p.Met729Gln	0.4818234179944216	0.0	*
p.Met729Glu	0.3449766675146939	0.0	*
p.Met729Gly	0.9361513494022612	0.0	*
p.Met729His	0.7967206785128933	0.0	*
p.Met729Ile	0.6314257632989283	0.0	*
p.Met729Leu	0.9177511519205865	0.0	*
p.Met729Lys	0.5364259684750078	0.0	*
p.Met729Phe	0.7771235831779025	0.0	*
p.Met729Pro	0.1660329957274141	0.0	*
p.Met729Ser	0.918148615606659	0.0	*
p.Met729Ter	0.0	0.0	*
p.Met729Thr	0.9507607612003421	0.0	*
p.Met729Trp	0.6374602444160382	0.0	*
p.Met729Tyr	0.497812562309435	0.0	*
p.Met729Val	0.957875545022908	0.0	*
p.Met769Ala	0.04081601489908879	0.0	*
p.Met769Arg	0.005540463530751366	0.0	*
p.Met769Asn	0.010138955742011622	0.0	*
p.Met769Asp	0.005086440001850948	0.0	*
p.Met769Cys	0.011320231733684093	0.0	*
p.Met769Gln	0.009177256673619103	0.0	*
p.Met769Glu	0.0086750357413222	0.0	*
p.Met769Gly	0.03253723751601914	0.0	*
p.Met769His	0.00680918862389433	0.0	*
p.Met769Ile	0.00913734348399855	0.0	*
p.Met769Leu	0.017250459642625178	0.0	*
p.Met769Lys	0.0036692416470571745	0.0	*
p.Met769Phe	0.006381342314560135	0.0	*
p.Met769Pro	0.005837587626428763	0.0	*
p.Met769Ser	0.038416854218517545	0.0	*
p.Met769Ter	0.0	0.0	*
p.Met769Thr	0.015214852474865384	0.0	*
p.Met769Trp	0.011045162892711844	0.0	*
p.Met769Tyr	0.007532626714610386	0.0	*
p.Met769Val	0.04919347213081757	0.0	*
p.Met796Ala	0.3047441312450885	0.0	*
p.Met796Arg	0.04518243267253258	0.0	*
p.Met796Asn	0.08940499188667375	0.0	*
p.Met796Asp	0.12291423079727357	0.0	*
p.Met796Cys	0.2270780895699578	0.0	*
p.Met796Gln	0.2756755396825732	0.0	*
p.Met796Glu	0.07316185600930243	0.0	*
p.Met796Gly	0.21973629590956745	0.0	*
p.Met796His	0.30300652744311907	0.0	*
p.Met796Ile	0.10326421701798186	0.0	*
p.Met796Leu	0.21738009894264823	0.0	*
p.Met796Lys	0.09935702763392198	0.0	*
p.Met796Phe	0.09904422627037793	0.0	*
p.Met796Pro	0.02788042229108179	0.0	*
p.Met796Ser	0.5342040907940909	0.0	*
p.Met796Ter	0.0	0.0	*
p.Met796Thr	0.2977984176543584	0.0	*
p.Met796Trp	0.1334832933208323	0.0	*
p.Met796Tyr	0.07733796196067756	0.0	*
p.Met796Val	0.3413619991199167	0.0	*
p.Met822Ala	0.5685771273492366	0.0	*
p.Met822Arg	0.10370387264372798	0.0	*
p.Met822Asn	0.19131325736015414	0.0	*
p.Met822Asp	0.2435694854953707	0.0	*
p.Met822Cys	0.41885263863796524	0.0	*
p.Met822Gln	0.24451465288837088	0.0	*
p.Met822Glu	0.1405849374864166	0.0	*
p.Met822Gly	0.5832868074666523	0.0	*
p.Met822His	0.21687348958849167	0.0	*
p.Met822Ile	0.15088629926595945	0.0	*
p.Met822Leu	0.38510873574258925	0.0	*
p.Met822Lys	0.16760890487659036	0.0	*
p.Met822Phe	0.278291043932416	0.0	*
p.Met822Pro	0.2195166677537425	0.0	*
p.Met822Ser	0.7165036605060694	0.0	*
p.Met822Ter	0.0	0.0	*
p.Met822Thr	0.6138090698028944	0.0	*
p.Met822Trp	0.19585578934801517	0.0	*
p.Met822Tyr	0.2422986660571908	0.0	*
p.Met822Val	0.6805140351712516	0.0	*
p.Met851Ala	0.5715452415588106	0.0	*
p.Met851Arg	0.10572468228211986	0.0	*
p.Met851Asn	0.2131517071240287	0.0	*
p.Met851Asp	0.17292494902935704	0.0	*
p.Met851Cys	0.42622058606923363	0.0	*
p.Met851Gln	0.31333690115297214	0.0	*
p.Met851Glu	0.09531896974469405	0.0	*
p.Met851Gly	0.44383448382800694	0.0	*
p.Met851His	0.3138504556986331	0.0	*
p.Met851Ile	0.27819849553987347	0.0	*
p.Met851Leu	0.35972638969136156	0.0	*
p.Met851Lys	0.21262249936044583	0.0	*
p.Met851Phe	0.17962047557213995	0.0	*
p.Met851Pro	0.206433709008051	0.0	*
p.Met851Ser	0.7223351989896107	0.0	*
p.Met851Ter	0.0	0.0	*
p.Met851Thr	0.49499265624807715	0.0	*
p.Met851Trp	0.2283507342822521	0.0	*
p.Met851Tyr	0.1563049292033759	0.0	*
p.Met851Val	0.6083385849787324	0.0	*
p.Met862Ala	0.3172250166604279	0.0	*
p.Met862Arg	0.09528537643103581	0.0	*
p.Met862Asn	0.1672134595357015	0.0	*
p.Met862Asp	0.15557723146961705	0.0	*
p.Met862Cys	0.2662022855672444	0.0	*
p.Met862Gln	0.33791884987477216	0.0	*
p.Met862Glu	0.10005053686969359	0.0	*
p.Met862Gly	0.26367248156228873	0.0	*
p.Met862His	0.3384340543272136	0.0	*
p.Met862Ile	0.13081657293010845	0.0	*
p.Met862Leu	0.28251327298511486	0.0	*
p.Met862Lys	0.1395163937079874	0.0	*
p.Met862Phe	0.11614488213015463	0.0	*
p.Met862Pro	0.10000879199131109	0.0	*
p.Met862Ser	0.416721602695116	0.0	*
p.Met862Ter	0.0	0.0	*
p.Met862Thr	0.23923924441118102	0.0	*
p.Met862Trp	0.13772595099027707	0.0	*
p.Met862Tyr	0.10386471072563117	0.0	*
p.Met862Val	0.3247225387510176	0.0	*
p.Met908Ala	0.09412373489577525	0.0	*
p.Met908Arg	0.009584023116245859	0.0	*
p.Met908Asn	0.017195036620472007	0.0	*
p.Met908Asp	0.014980034777953354	0.0	*
p.Met908Cys	0.02995912936612834	0.0	*
p.Met908Gln	0.05338079675969104	0.0	*
p.Met908Glu	0.02004952745273187	0.0	*
p.Met908Gly	0.03425390718521394	0.0	*
p.Met908His	0.04139372115952898	0.0	*
p.Met908Ile	0.05015037406004441	0.0	*
p.Met908Leu	0.06425504798618079	0.0	*
p.Met908Lys	0.020337923662037436	0.0	*
p.Met908Phe	0.020997012865609045	0.0	*
p.Met908Pro	0.007766379120469716	0.0	*
p.Met908Ser	0.10575506357970049	0.0	*
p.Met908Ter	0.0	0.0	*
p.Met908Thr	0.0556365705893761	0.0	*
p.Met908Trp	0.026859189752666955	0.0	*
p.Met908Tyr	0.019612438610225512	0.0	*
p.Met908Val	0.0745017245270391	0.0	*
p.Met931Ala	0.3019202709935562	0.0	*
p.Met931Arg	0.0215731080487261	0.0	*
p.Met931Asn	0.06434215132428682	0.0	*
p.Met931Asp	0.07211129575848793	0.0	*
p.Met931Cys	0.4105617930040243	0.0	*
p.Met931Gln	0.10110578553860433	0.0	*
p.Met931Glu	0.07383315661641367	0.0	*
p.Met931Gly	0.24044097489766522	0.0	*
p.Met931His	0.1362355274305386	0.0	*
p.Met931Ile	0.20254220257935382	0.0	*
p.Met931Leu	0.2600815843085528	0.0	*
p.Met931Lys	0.08627975238797354	0.0	*
p.Met931Phe	0.1879086440354115	0.0	*
p.Met931Pro	0.054431201655911164	0.0	*
p.Met931Ser	0.3778872072771058	0.0	*
p.Met931Ter	0.0	0.0	*
p.Met931Thr	0.2640404132077732	0.0	*
p.Met931Trp	0.21562261736991384	0.0	*
p.Met931Tyr	0.10946135079963525	0.0	*
p.Met931Val	0.5702755881738513	0.0	*
p.Met996Ala	0.00661361059399846	0.0	*
p.Met996Arg	0.0014475857901271923	0.0	*
p.Met996Asn	0.0015007912005734285	0.0	*
p.Met996Asp	0.0026777515069444074	0.0	*
p.Met996Cys	0.006466282289672917	0.0	*
p.Met996Gln	0.0033556084585791486	0.0	*
p.Met996Glu	0.0018335269376526405	0.0	*
p.Met996Gly	0.00666014410304127	0.0	*
p.Met996His	0.0022740001907344096	0.0	*
p.Met996Ile	0.003744590302192397	0.0	*
p.Met996Leu	0.0032756057588227924	0.0	*
p.Met996Lys	0.0014736092082218207	0.0	*
p.Met996Phe	0.0022478778087061126	0.0	*
p.Met996Pro	0.002325302631047281	0.0	*
p.Met996Ser	0.006360942983194629	0.0	*
p.Met996Ter	0.0	0.0	*
p.Met996Thr	0.0061550074434352856	0.0	*
p.Met996Trp	0.003492036959058196	0.0	*
p.Met996Tyr	0.002075349398199599	0.0	*
p.Met996Val	0.014165655961934644	0.0	*
p.Phe1026=	*	*	*
p.Phe1026Ala	0.17522173245938324	0.0	*
p.Phe1026Arg	0.1285162163593586	0.0	*
p.Phe1026Asn	0.24069576125012107	0.0	*
p.Phe1026Asp	0.04606953355663295	0.0	*
p.Phe1026Cys	0.05949802655581927	0.0	*
p.Phe1026Gln	0.10714739690414476	0.0	*
p.Phe1026Glu	0.043812709887748394	0.0	*
p.Phe1026Gly	0.1316487252885169	0.0	*
p.Phe1026His	0.12837756695255742	0.0	*
p.Phe1026Ile	0.05263147806725577	0.0	*
p.Phe1026Leu	0.18827049161030762	0.0	*
p.Phe1026Lys	0.09985876213958025	0.0	*
p.Phe1026Met	0.1751945350427977	0.0	*
p.Phe1026Pro	0.018760988508268097	0.0	*
p.Phe1026Ser	0.09967366688849275	0.0	*
p.Phe1026Ter	0.0	0.0	*
p.Phe1026Thr	0.07778751914138082	0.0	*
p.Phe1026Trp	0.06495073690861274	0.0	*
p.Phe1026Tyr	0.13246880642424433	0.0	*
p.Phe1026Val	0.08488602081113847	0.0	*
p.Phe1094=	*	*	*
p.Phe1094Ala	0.0027814717795933016	0.0	*
p.Phe1094Arg	0.002218190558759211	0.0	*
p.Phe1094Asn	0.0027648224390800086	0.0	*
p.Phe1094Asp	0.0004457809103954893	0.0	*
p.Phe1094Cys	0.00018499598150353754	0.0	*
p.Phe1094Gln	0.0015758083528847591	0.0	*
p.Phe1094Glu	0.00035510902181869924	0.0	*
p.Phe1094Gly	0.0006829634281298072	0.0	*
p.Phe1094His	0.0009354811411329439	0.0	*
p.Phe1094Ile	0.0012063154907799502	0.0	*
p.Phe1094Leu	0.003366149717666479	0.0	*
p.Phe1094Lys	0.001788560687022583	0.0	*
p.Phe1094Met	0.002206727015035585	0.0	*
p.Phe1094Pro	0.0006886446789574736	0.0	*
p.Phe1094Ser	0.0010280493768652676	0.0	*
p.Phe1094Ter	0.0	0.0	*
p.Phe1094Thr	0.000810804555291839	0.0	*
p.Phe1094Trp	0.0005542506286589428	0.0	*
p.Phe1094Tyr	0.0009667569626934044	0.0	*
p.Phe1094Val	0.001396322376628777	0.0	*
p.Phe1144=	*	*	*
p.Phe1144Ala	0.625736064124374	0.0	*
p.Phe1144Arg	0.6422866659633862	0.0	*
p.Phe1144Asn	0.6755688804590515	0.0	*
p.Phe1144Asp	0.4810259816894852	0.0	*
p.Phe1144Cys	0.4100065589537661	0.0	*
p.Phe1144Gln	0.4524416793011384	0.0	*
p.Phe1144Glu	0.3686449067831201	0.0	*
p.Phe1144Gly	0.32799212409722256	0.0	*
p.Phe1144His	0.45825407990137257	0.0	*
p.Phe1144Ile	0.46958228826133047	0.0	*
p.Phe1144Leu	0.6552369281822102	0.0	*
p.Phe1144Lys	0.47151400277835054	0.0	*
p.Phe1144Met	0.5429915632809436	0.0	*
p.Phe1144Pro	0.43305159324535486	0.0	*
p.Phe1144Ser	0.4459714333796445	0.0	*
p.Phe1144Ter	0.0	0.0	*
p.Phe1144Thr	0.5367838503502598	0.0	*
p.Phe1144Trp	0.481975626792744	0.0	*
p.Phe1144Tyr	0.5502468694658088	0.0	*
p.Phe1144Val	0.5488633321663502	0.0	*
p.Phe1240=	*	*	*
p.Phe1240Ala	0.026004325585641624	0.0	*
p.Phe1240Arg	0.028146327776747575	0.0	*
p.Phe1240Asn	0.03282212461034487	0.0	*
p.Phe1240Asp	0.008226088419413663	0.0	*
p.Phe1240Cys	0.00904632381995594	0.0	*
p.Phe1240Gln	0.01931403492371222	0.0	*
p.Phe1240Glu	0.0068593830372146464	0.0	*
p.Phe1240Gly	0.018290206261131727	0.0	*
p.Phe1240His	0.01070975043343142	0.0	*
p.Phe1240Ile	0.030417130671310418	0.0	*
p.Phe1240Leu	0.04656627153395443	0.0	*
p.Phe1240Lys	0.017706654481689163	0.0	*
p.Phe1240Met	0.03069062801239438	0.0	*
p.Phe1240Pro	0.006900270370871982	0.0	*
p.Phe1240Ser	0.01705769520055335	0.0	*
p.Phe1240Ter	0.0	0.0	*
p.Phe1240Thr	0.018427221131822647	0.0	*
p.Phe1240Trp	0.01724998423344951	0.0	*
p.Phe1240Tyr	0.03874127558178037	0.0	*
p.Phe1240Val	0.04586634975865796	0.0	*
p.Phe1343=	*	*	*
p.Phe1343Ala	0.2477285992150343	0.0	*
p.Phe1343Arg	0.3204482365639433	0.0	*
p.Phe1343Asn	0.27606434029818444	0.0	*
p.Phe1343Asp	0.20865223235393093	0.0	*
p.Phe1343Cys	0.276973548132065	0.0	*
p.Phe1343Gln	0.261859814135892	0.0	*
p.Phe1343Glu	0.21286936041086446	0.0	*
p.Phe1343Gly	0.27523123970747737	0.0	*
p.Phe1343His	0.25963526474267434	0.0	*
p.Phe1343Ile	0.2039283004847981	0.0	*
p.Phe1343Leu	0.32498741981116297	0.0	*
p.Phe1343Lys	0.29588733885313523	0.0	*
p.Phe1343Met	0.2660693256934169	0.0	*
p.Phe1343Pro	0.18077658183781717	0.0	*
p.Phe1343Ser	0.1881901732047166	0.0	*
p.Phe1343Ter	0.0	0.0	*
p.Phe1343Thr	0.41332261429211964	0.0	*
p.Phe1343Trp	0.3369503450325613	0.0	*
p.Phe1343Tyr	0.3681905801452796	0.0	*
p.Phe1343Val	0.3814926201031169	0.0	*
p.Phe714=	*	*	*
p.Phe714Ala	0.13012125937811989	0.0	*
p.Phe714Arg	0.16403584623573633	0.0	*
p.Phe714Asn	0.1432222718338282	0.0	*
p.Phe714Asp	0.08455433912480856	0.0	*
p.Phe714Cys	0.09752597274545009	0.0	*
p.Phe714Gln	0.12233947607777211	0.0	*
p.Phe714Glu	0.09733027124468392	0.0	*
p.Phe714Gly	0.21702689074765502	0.0	*
p.Phe714His	0.12396200885269715	0.0	*
p.Phe714Ile	0.09839097616650723	0.0	*
p.Phe714Leu	0.16732748508532527	0.0	*
p.Phe714Lys	0.08203242951195676	0.0	*
p.Phe714Met	0.1959302149277998	0.0	*
p.Phe714Pro	0.03871690460015783	0.0	*
p.Phe714Ser	0.05874004702380507	0.0	*
p.Phe714Ter	0.0	0.0	*
p.Phe714Thr	0.1602629931050238	0.0	*
p.Phe714Trp	0.10234215111204728	0.0	*
p.Phe714Tyr	0.1968155966595495	0.0	*
p.Phe714Val	0.20578874408036607	0.0	*
p.Phe763=	*	*	*
p.Phe763Ala	0.014135898304742135	0.0	*
p.Phe763Arg	0.008774998241639024	0.0	*
p.Phe763Asn	0.006784386495872128	0.0	*
p.Phe763Asp	0.005590643749941924	0.0	*
p.Phe763Cys	0.0075654834616821634	0.0	*
p.Phe763Gln	0.00885012545968675	0.0	*
p.Phe763Glu	0.004537490127918452	0.0	*
p.Phe763Gly	0.007533304792927283	0.0	*
p.Phe763His	0.006112799329225986	0.0	*
p.Phe763Ile	0.01112015724580369	0.0	*
p.Phe763Leu	0.01620338344381391	0.0	*
p.Phe763Lys	0.009623741102449256	0.0	*
p.Phe763Met	0.010317684721818673	0.0	*
p.Phe763Pro	0.0033161924428234835	0.0	*
p.Phe763Ser	0.008580028838134681	0.0	*
p.Phe763Ter	0.0	0.0	*
p.Phe763Thr	0.010120441147785786	0.0	*
p.Phe763Trp	0.010644935418048913	0.0	*
p.Phe763Tyr	0.01384231220249239	0.0	*
p.Phe763Val	0.02142862512004774	0.0	*
p.Phe764=	*	*	*
p.Phe764Ala	0.009061990779355981	0.0	*
p.Phe764Arg	0.004223531752179231	0.0	*
p.Phe764Asn	0.00428330587138323	0.0	*
p.Phe764Asp	0.0031298362030713765	0.0	*
p.Phe764Cys	0.0037363522392943457	0.0	*
p.Phe764Gln	0.004549280198249219	0.0	*
p.Phe764Glu	0.001974132923313847	0.0	*
p.Phe764Gly	0.004543386802112259	0.0	*
p.Phe764His	0.002819810992557069	0.0	*
p.Phe764Ile	0.00524743291538985	0.0	*
p.Phe764Leu	0.008950816863435766	0.0	*
p.Phe764Lys	0.004055694965960181	0.0	*
p.Phe764Met	0.005646003652012564	0.0	*
p.Phe764Pro	0.001570501319283587	0.0	*
p.Phe764Ser	0.005054301715769669	0.0	*
p.Phe764Ter	0.0	0.0	*
p.Phe764Thr	0.003983805309540154	0.0	*
p.Phe764Trp	0.004788592064296621	0.0	*
p.Phe764Tyr	0.004720868412157638	0.0	*
p.Phe764Val	0.008535087906427473	0.0	*
p.Phe771=	*	*	*
p.Phe771Ala	0.03131041160992473	0.0	*
p.Phe771Arg	0.0073276588496254775	0.0	*
p.Phe771Asn	0.011825121474974028	0.0	*
p.Phe771Asp	0.0061550074434352856	0.0	*
p.Phe771Cys	0.015017136001692388	0.0	*
p.Phe771Gln	0.009136719248008037	0.0	*
p.Phe771Glu	0.005076004628349975	0.0	*
p.Phe771Gly	0.01839231467000161	0.0	*
p.Phe771His	0.00723891384538924	0.0	*
p.Phe771Ile	0.025370010927028654	0.0	*
p.Phe771Leu	0.05117515933172571	0.0	*
p.Phe771Lys	0.008376015677747236	0.0	*
p.Phe771Met	0.017187895047677277	0.0	*
p.Phe771Pro	0.007906054347768936	0.0	*
p.Phe771Ser	0.013589505255694797	0.0	*
p.Phe771Ter	0.0	0.0	*
p.Phe771Thr	0.015540964893841575	0.0	*
p.Phe771Trp	0.019357495547282517	0.0	*
p.Phe771Tyr	0.03353512298469342	0.0	*
p.Phe771Val	0.04882317798731572	0.0	*
p.Phe773=	*	*	*
p.Phe773Ala	0.07644488629777016	0.0	*
p.Phe773Arg	0.035506756762454204	0.0	*
p.Phe773Asn	0.06303909240227783	0.0	*
p.Phe773Asp	0.029202444140723705	0.0	*
p.Phe773Cys	0.04470020331338114	0.0	*
p.Phe773Gln	0.01853315408993606	0.0	*
p.Phe773Glu	0.012306926770188716	0.0	*
p.Phe773Gly	0.08290141934454984	0.0	*
p.Phe773His	0.030475639454295968	0.0	*
p.Phe773Ile	0.0487392885777396	0.0	*
p.Phe773Leu	0.10188977505826467	0.0	*
p.Phe773Met	0.08253220120208693	0.0	*
p.Phe773Pro	0.01628241158324978	0.0	*
p.Phe773Ser	0.025809233958667705	0.0	*
p.Phe773Ter	0.0	0.0	*
p.Phe773Thr	0.0650269409426266	0.0	*
p.Phe773Trp	0.04882850462852671	0.0	*
p.Phe773Tyr	0.05441434992910363	0.0	*
p.Phe773Val	0.0929173390146614	0.0	*
p.Phe839=	*	*	*
p.Phe839Ala	0.00968501337394909	0.0	*
p.Phe839Arg	0.0059490763779293295	0.0	*
p.Phe839Asn	0.005821694492375069	0.0	*
p.Phe839Asp	0.0014338085222512828	0.0	*
p.Phe839Cys	0.0049032805038058585	0.0	*
p.Phe839Gln	0.006186766719811622	0.0	*
p.Phe839Glu	0.0012912760709691807	0.0	*
p.Phe839Gly	0.004626017428066787	0.0	*
p.Phe839His	0.001987355106114333	0.0	*
p.Phe839Ile	0.006662288435729465	0.0	*
p.Phe839Leu	0.012943598852127012	0.0	*
p.Phe839Lys	0.005312183464164042	0.0	*
p.Phe839Met	0.007142417542394339	0.0	*
p.Phe839Pro	0.002345464345452304	0.0	*
p.Phe839Ser	0.01021346497146243	0.0	*
p.Phe839Ter	0.0	0.0	*
p.Phe839Thr	0.005774662926717957	0.0	*
p.Phe839Trp	0.0057670618273261524	0.0	*
p.Phe839Tyr	0.007981615825164382	0.0	*
p.Phe839Val	0.012658891574614235	0.0	*
p.Phe920=	*	*	*
p.Phe920Ala	0.024160729522279576	0.0	*
p.Phe920Arg	0.03025588867071398	0.0	*
p.Phe920Asn	0.04008038345228096	0.0	*
p.Phe920Asp	0.014290089360499154	0.0	*
p.Phe920Cys	0.02047483991001144	0.0	*
p.Phe920Gln	0.026647664145228976	0.0	*
p.Phe920Glu	0.019018885586736978	0.0	*
p.Phe920Gly	0.01764478762799782	0.0	*
p.Phe920His	0.016550953535815975	0.0	*
p.Phe920Ile	0.019211328438821916	0.0	*
p.Phe920Leu	0.03682719432330572	0.0	*
p.Phe920Lys	0.01846533158282477	0.0	*
p.Phe920Met	0.025959053314995824	0.0	*
p.Phe920Pro	0.007203699914597613	0.0	*
p.Phe920Ser	0.0152334101900002	0.0	*
p.Phe920Ter	0.0	0.0	*
p.Phe920Thr	0.017465719895920533	0.0	*
p.Phe920Trp	0.01699243541204296	0.0	*
p.Phe920Tyr	0.030666669126564825	0.0	*
p.Phe920Val	0.03663600396868345	0.0	*
p.Phe924=	*	*	*
p.Phe924Ala	0.085284984906796	0.0	*
p.Phe924Arg	0.13536502690215338	0.0	*
p.Phe924Asn	0.09244438369721361	0.0	*
p.Phe924Asp	0.04939551225479169	0.0	*
p.Phe924Cys	0.05344142559537117	0.0	*
p.Phe924Gln	0.07903674302970123	0.0	*
p.Phe924Glu	0.030477502000089224	0.0	*
p.Phe924Gly	0.06451472096373558	0.0	*
p.Phe924His	0.04110956275957982	0.0	*
p.Phe924Ile	0.048956725473637164	0.0	*
p.Phe924Leu	0.11106128133334288	0.0	*
p.Phe924Lys	0.05746917442811479	0.0	*
p.Phe924Met	0.06861635617635801	0.0	*
p.Phe924Pro	0.021623622268433736	0.0	*
p.Phe924Ser	0.08995503390850217	0.0	*
p.Phe924Ter	0.0	0.0	*
p.Phe924Thr	0.056075894859349884	0.0	*
p.Phe924Trp	0.05069735239759359	0.0	*
p.Phe924Tyr	0.1183541692244845	0.0	*
p.Phe924Val	0.11825866344793858	0.0	*
p.Phe927=	*	*	*
p.Phe927Ala	0.06209169919874864	0.0	*
p.Phe927Arg	0.0930885738536251	0.0	*
p.Phe927Asn	0.17244048800436837	0.0	*
p.Phe927Asp	0.036487502397347674	0.0	*
p.Phe927Cys	0.04071045174383358	0.0	*
p.Phe927Gln	0.03416332835518116	0.0	*
p.Phe927Glu	0.019625935619162992	0.0	*
p.Phe927Gly	0.06379407186946055	0.0	*
p.Phe927His	0.0240342595988944	0.0	*
p.Phe927Ile	0.02750257987721787	0.0	*
p.Phe927Leu	0.12833814220909892	0.0	*
p.Phe927Lys	0.045809902185837886	0.0	*
p.Phe927Met	0.07310080268362434	0.0	*
p.Phe927Pro	0.016677291138102405	0.0	*
p.Phe927Ser	0.0738065130034999	0.0	*
p.Phe927Ter	0.0	0.0	*
p.Phe927Thr	0.04373903014837397	0.0	*
p.Phe927Trp	0.05169740519689323	0.0	*
p.Phe927Tyr	0.08985908586167138	0.0	*
p.Phe927Val	0.0777619634931263	0.0	*
p.Phe944=	*	*	*
p.Phe944Ala	0.982045091302053	0.0	*
p.Phe944Arg	0.9674647222797091	0.0	*
p.Phe944Asn	0.989557120557227	0.0	*
p.Phe944Asp	0.9226148105985587	0.0	*
p.Phe944Cys	0.9652811524076548	0.0	*
p.Phe944Gln	0.950216616805355	0.0	*
p.Phe944Glu	0.9302873960775891	0.0	*
p.Phe944Gly	0.9855317081730351	0.0	*
p.Phe944His	0.9791421159441187	0.0	*
p.Phe944Ile	0.9751419648785813	0.0	*
p.Phe944Leu	0.9851297537951319	0.0	*
p.Phe944Lys	0.9782159817354941	0.0	*
p.Phe944Met	0.995081104788986	0.0	*
p.Phe944Pro	0.8384902278941565	0.0	*
p.Phe944Ser	0.9722033228373387	0.0	*
p.Phe944Ter	0.0	0.0	*
p.Phe944Thr	0.9797709471724042	0.0	*
p.Phe944Trp	0.9698442462096803	0.0	*
p.Phe944Tyr	0.9816217921156969	0.0	*
p.Phe944Val	0.9692170187855962	0.0	*
p.Phe947=	*	*	*
p.Phe947Ala	0.9897182642262766	0.0	*
p.Phe947Arg	0.981802416624254	0.0	*
p.Phe947Asn	0.9931436284070102	0.0	*
p.Phe947Asp	0.9715737070153558	0.0	*
p.Phe947Cys	0.959251185545255	0.0	*
p.Phe947Gln	0.9478460409018207	0.0	*
p.Phe947Glu	0.9621890422746924	0.0	*
p.Phe947Gly	0.9919779950577209	0.0	*
p.Phe947His	0.962195659504446	0.0	*
p.Phe947Ile	0.9528303270234625	0.0	*
p.Phe947Leu	0.9806965357354076	0.0	*
p.Phe947Lys	0.9908341847146067	0.0	*
p.Phe947Met	0.9905171528520519	0.0	*
p.Phe947Pro	0.8828017864236795	0.0	*
p.Phe947Ser	0.9887838935810104	0.0	*
p.Phe947Ter	0.0	0.0	*
p.Phe947Thr	0.9864873746103255	0.0	*
p.Phe947Trp	0.9707347922864187	0.0	*
p.Phe947Tyr	0.9869786325991341	0.0	*
p.Phe947Val	0.9302923451668619	0.0	*
p.Phe954=	*	*	*
p.Phe954Ala	0.9722679766443679	0.0	*
p.Phe954Arg	0.9911565340615285	0.0	*
p.Phe954Asn	0.9921656376913821	0.0	*
p.Phe954Asp	0.9829526543749354	0.0	*
p.Phe954Cys	0.9797773869775143	0.0	*
p.Phe954Gln	0.960893004116525	0.0	*
p.Phe954Glu	0.9537772958282886	0.0	*
p.Phe954Gly	0.978469523732989	0.0	*
p.Phe954His	0.9840894602215894	0.0	*
p.Phe954Ile	0.9760448540480743	0.0	*
p.Phe954Leu	0.9767363687404415	0.0	*
p.Phe954Lys	0.9900367046954024	0.0	*
p.Phe954Met	0.9905225152746701	0.0	*
p.Phe954Pro	0.9327484130957582	0.0	*
p.Phe954Ser	0.9810810109534005	0.0	*
p.Phe954Ter	0.0	0.0	*
p.Phe954Thr	0.9907709326221118	0.0	*
p.Phe954Trp	0.9751428927460425	0.0	*
p.Phe954Tyr	0.9908550449590162	0.0	*
p.Phe954Val	0.9492340810681394	0.0	*
p.Phe970=	*	*	*
p.Phe970Ala	0.5504674525447643	0.0	*
p.Phe970Arg	0.3608817577055566	0.0	*
p.Phe970Asn	0.6172772076005534	0.0	*
p.Phe970Asp	0.0935643900289816	0.0	*
p.Phe970Cys	0.2867251629392578	0.0	*
p.Phe970Gln	0.17378253306874517	0.0	*
p.Phe970Glu	0.10958310463175804	0.0	*
p.Phe970Gly	0.28341233028418206	0.0	*
p.Phe970His	0.1817450110081005	0.0	*
p.Phe970Ile	0.31921601534192157	0.0	*
p.Phe970Leu	0.49228553036679046	0.0	*
p.Phe970Lys	0.2808258791427445	0.0	*
p.Phe970Met	0.5485105220047043	0.0	*
p.Phe970Pro	0.08735053657910453	0.0	*
p.Phe970Ser	0.23209793277736018	0.0	*
p.Phe970Ter	0.0	0.0	*
p.Phe970Thr	0.23251146305522905	0.0	*
p.Phe970Trp	0.2937672936296361	0.0	*
p.Phe970Tyr	0.41027529235010024	0.0	*
p.Phe970Val	0.3278537905169591	0.0	*
p.Phe972=	*	*	*
p.Phe972Ala	0.1244962455009715	0.0	*
p.Phe972Arg	0.05765467980790038	0.0	*
p.Phe972Asn	0.07921147252511765	0.0	*
p.Phe972Asp	0.02000337098848389	0.0	*
p.Phe972Cys	0.029955564371484836	0.0	*
p.Phe972Gln	0.03737622292542304	0.0	*
p.Phe972Glu	0.012362914495114117	0.0	*
p.Phe972Gly	0.07425520836370253	0.0	*
p.Phe972His	0.03437410679889075	0.0	*
p.Phe972Ile	0.0787244906409666	0.0	*
p.Phe972Leu	0.17152008821139736	0.0	*
p.Phe972Lys	0.04492282795720931	0.0	*
p.Phe972Met	0.1148604880092603	0.0	*
p.Phe972Pro	0.018524855013761114	0.0	*
p.Phe972Ser	0.057409554047652696	0.0	*
p.Phe972Ter	0.0	0.0	*
p.Phe972Thr	0.054624255975102676	0.0	*
p.Phe972Trp	0.06543423984656122	0.0	*
p.Phe972Tyr	0.10267583595392563	0.0	*
p.Phe972Val	0.0974904443282869	0.0	*
p.Pro1014=	*	*	*
p.Pro1014Ala	0.0362379810839232	0.0	*
p.Pro1014Arg	0.01377982060659484	0.0	*
p.Pro1014Asn	0.03265450274203949	0.0	*
p.Pro1014Asp	0.00710769497448428	0.0	*
p.Pro1014Cys	0.004296252901893836	0.0	*
p.Pro1014Gln	0.020408532248684757	0.0	*
p.Pro1014Glu	0.005022882340191175	0.0	*
p.Pro1014Gly	0.018720841912127244	0.0	*
p.Pro1014His	0.011312827597811648	0.0	*
p.Pro1014Ile	0.013320860682199329	0.0	*
p.Pro1014Leu	0.021864489160646004	0.0	*
p.Pro1014Lys	0.023535481166505966	0.0	*
p.Pro1014Met	0.03399999091003916	0.0	*
p.Pro1014Phe	0.012542495333067824	0.0	*
p.Pro1014Ser	0.04285807608344977	0.0	*
p.Pro1014Ter	0.0	0.0	*
p.Pro1014Thr	0.015479514541571414	0.0	*
p.Pro1014Trp	0.007821176371908685	0.0	*
p.Pro1014Tyr	0.009148576608825955	0.0	*
p.Pro1014Val	0.014333093881190287	0.0	*
p.Pro1037=	*	*	*
p.Pro1037Ala	0.21400255410938437	0.0	*
p.Pro1037Arg	0.1576039577863692	0.0	*
p.Pro1037Asn	0.25248095622171557	0.0	*
p.Pro1037Asp	0.1528939146445461	0.0	*
p.Pro1037Cys	0.11842299205687952	0.0	*
p.Pro1037Gln	0.09124450510516463	0.0	*
p.Pro1037Glu	0.06823338446775735	0.0	*
p.Pro1037Gly	0.1845652774737903	0.0	*
p.Pro1037His	0.098340926745303	0.0	*
p.Pro1037Ile	0.09899836560682662	0.0	*
p.Pro1037Leu	0.10224903936782061	0.0	*
p.Pro1037Lys	0.16975097699393574	0.0	*
p.Pro1037Met	0.13069673907683088	0.0	*
p.Pro1037Phe	0.11013774542709012	0.0	*
p.Pro1037Ser	0.23790770604808628	0.0	*
p.Pro1037Ter	0.0	0.0	*
p.Pro1037Thr	0.24748369647364846	0.0	*
p.Pro1037Trp	0.08512962096262071	0.0	*
p.Pro1037Tyr	0.07676810461846033	0.0	*
p.Pro1037Val	0.09223660359693199	0.0	*
p.Pro1052=	*	*	*
p.Pro1052Ala	0.19218621698304228	0.0	*
p.Pro1052Arg	0.08551433257287429	0.0	*
p.Pro1052Asn	0.26182639727701934	0.0	*
p.Pro1052Asp	0.15745094139247134	0.0	*
p.Pro1052Cys	0.05816717796952661	0.0	*
p.Pro1052Gln	0.09907704253113218	0.0	*
p.Pro1052Glu	0.06481870282603833	0.0	*
p.Pro1052Gly	0.12693002449886595	0.0	*
p.Pro1052His	0.10764774590473951	0.0	*
p.Pro1052Ile	0.10073786360907518	0.0	*
p.Pro1052Leu	0.08159584263610034	0.0	*
p.Pro1052Lys	0.11827991295648999	0.0	*
p.Pro1052Met	0.11806828232551432	0.0	*
p.Pro1052Phe	0.08355423385175381	0.0	*
p.Pro1052Ser	0.12318500370963235	0.0	*
p.Pro1052Ter	0.0	0.0	*
p.Pro1052Thr	0.10861748875819921	0.0	*
p.Pro1052Trp	0.06684681026654651	0.0	*
p.Pro1052Tyr	0.04607983087002687	0.0	*
p.Pro1052Val	0.05393954704023739	0.0	*
p.Pro1070=	*	*	*
p.Pro1070Ala	0.07049285824358037	0.0	*
p.Pro1070Arg	0.027872681875933454	0.0	*
p.Pro1070Asn	0.0535684455521032	0.0	*
p.Pro1070Asp	0.02076682639711753	0.0	*
p.Pro1070Cys	0.015896187516676694	0.0	*
p.Pro1070Gln	0.029108860256086166	0.0	*
p.Pro1070Glu	0.014305031341122378	0.0	*
p.Pro1070Gly	0.03263388584497535	0.0	*
p.Pro1070His	0.015475032293560016	0.0	*
p.Pro1070Ile	0.023620308577101835	0.0	*
p.Pro1070Leu	0.03789501574095239	0.0	*
p.Pro1070Lys	0.03851866696537856	0.0	*
p.Pro1070Met	0.03443988356147414	0.0	*
p.Pro1070Phe	0.018775890724485687	0.0	*
p.Pro1070Ser	0.08357115776722555	0.0	*
p.Pro1070Ter	0.0	0.0	*
p.Pro1070Thr	0.034946263033772705	0.0	*
p.Pro1070Trp	0.01863192923018398	0.0	*
p.Pro1070Tyr	0.013429282751583737	0.0	*
p.Pro1070Val	0.030584702487649613	0.0	*
p.Pro1098=	*	*	*
p.Pro1098Ala	0.006236113401200434	0.0	*
p.Pro1098Arg	0.0025107065895884186	0.0	*
p.Pro1098Asn	0.006268796109123826	0.0	*
p.Pro1098Asp	0.0034314782487150255	0.0	*
p.Pro1098Cys	0.0015398349974312833	0.0	*
p.Pro1098Gln	0.0033075132891279327	0.0	*
p.Pro1098Glu	0.0015116049787940009	0.0	*
p.Pro1098Gly	0.003086233783619613	0.0	*
p.Pro1098His	0.0024319912991724287	0.0	*
p.Pro1098Ile	0.004210489440545249	0.0	*
p.Pro1098Leu	0.0034873220853806875	0.0	*
p.Pro1098Lys	0.0035652401724349026	0.0	*
p.Pro1098Met	0.003228955352515399	0.0	*
p.Pro1098Phe	0.002458349513385153	0.0	*
p.Pro1098Ser	0.00404507928043578	0.0	*
p.Pro1098Ter	0.0	0.0	*
p.Pro1098Thr	0.003162367819201124	0.0	*
p.Pro1098Trp	0.0015877212846055584	0.0	*
p.Pro1098Tyr	0.002453964915297149	0.0	*
p.Pro1098Val	0.003675699608982054	0.0	*
p.Pro1119=	*	*	*
p.Pro1119Ala	0.28729577404326995	0.0	*
p.Pro1119Arg	0.3479386856241951	0.0	*
p.Pro1119Asn	0.44276479822102816	0.0	*
p.Pro1119Asp	0.3201852876958157	0.0	*
p.Pro1119Cys	0.22793327958715526	0.0	*
p.Pro1119Gln	0.17099586249371254	0.0	*
p.Pro1119Glu	0.18457973810589806	0.0	*
p.Pro1119Gly	0.28542118861890825	0.0	*
p.Pro1119His	0.145530689336212	0.0	*
p.Pro1119Ile	0.1862569816675349	0.0	*
p.Pro1119Leu	0.24307294328670254	0.0	*
p.Pro1119Lys	0.31246712328034265	0.0	*
p.Pro1119Met	0.23770640249724911	0.0	*
p.Pro1119Phe	0.1702617849174914	0.0	*
p.Pro1119Ser	0.36931424607591234	0.0	*
p.Pro1119Ter	0.0	0.0	*
p.Pro1119Thr	0.2997171913824487	0.0	*
p.Pro1119Trp	0.17484661810468566	0.0	*
p.Pro1119Tyr	0.12426831072099398	0.0	*
p.Pro1119Val	0.18363593723832133	0.0	*
p.Pro1123=	*	*	*
p.Pro1123Ala	0.29143907310523964	0.0	*
p.Pro1123Arg	0.25361907278742224	0.0	*
p.Pro1123Asn	0.5566477568782564	0.0	*
p.Pro1123Asp	0.2683395026404449	0.0	*
p.Pro1123Cys	0.257872938698696	0.0	*
p.Pro1123Gln	0.18551529139305659	0.0	*
p.Pro1123Glu	0.15758839190033647	0.0	*
p.Pro1123Gly	0.2364156893684831	0.0	*
p.Pro1123His	0.22228634301304942	0.0	*
p.Pro1123Ile	0.37485405494317703	0.0	*
p.Pro1123Leu	0.2734869550803908	0.0	*
p.Pro1123Lys	0.31826783360021876	0.0	*
p.Pro1123Met	0.3348591252107121	0.0	*
p.Pro1123Phe	0.25763885549422555	0.0	*
p.Pro1123Ser	0.384909814386128	0.0	*
p.Pro1123Ter	0.0	0.0	*
p.Pro1123Thr	0.3806842257444517	0.0	*
p.Pro1123Trp	0.26935563912941535	0.0	*
p.Pro1123Tyr	0.2011421550131557	0.0	*
p.Pro1123Val	0.21623681936031403	0.0	*
p.Pro1134=	*	*	*
p.Pro1134Ala	0.2948254216928364	0.0	*
p.Pro1134Arg	0.3494859327007531	0.0	*
p.Pro1134Asn	0.5066583217854878	0.0	*
p.Pro1134Asp	0.435469068033369	0.0	*
p.Pro1134Cys	0.18280277426186314	0.0	*
p.Pro1134Gln	0.2967671729712244	0.0	*
p.Pro1134Glu	0.24462398249259681	0.0	*
p.Pro1134Gly	0.2779737833726528	0.0	*
p.Pro1134His	0.25188549679686423	0.0	*
p.Pro1134Ile	0.26165839614604114	0.0	*
p.Pro1134Leu	0.2964354957389645	0.0	*
p.Pro1134Lys	0.392463457048065	0.0	*
p.Pro1134Met	0.27189568274503273	0.0	*
p.Pro1134Phe	0.28143693507657525	0.0	*
p.Pro1134Ser	0.5096688997505151	0.0	*
p.Pro1134Ter	0.0	0.0	*
p.Pro1134Thr	0.5026170625402406	0.0	*
p.Pro1134Trp	0.23737807540520184	0.0	*
p.Pro1134Tyr	0.23754203150205966	0.0	*
p.Pro1134Val	0.2759940026089863	0.0	*
p.Pro1141=	*	*	*
p.Pro1141Ala	0.814721079662981	0.0	*
p.Pro1141Arg	0.7189243563767197	0.0	*
p.Pro1141Asn	0.8709206670810612	0.0	*
p.Pro1141Asp	0.8314213137081653	0.0	*
p.Pro1141Cys	0.5967420637672115	0.0	*
p.Pro1141Gln	0.6397466446946615	0.0	*
p.Pro1141Glu	0.6351176645866917	0.0	*
p.Pro1141Gly	0.7402078498871653	0.0	*
p.Pro1141His	0.6953016824068364	0.0	*
p.Pro1141Ile	0.7500661782809518	0.0	*
p.Pro1141Leu	0.5611928122265818	0.0	*
p.Pro1141Lys	0.7605421005639155	0.0	*
p.Pro1141Met	0.5961517814025042	0.0	*
p.Pro1141Phe	0.6219805527783725	0.0	*
p.Pro1141Ser	0.8629330780728356	0.0	*
p.Pro1141Ter	0.0	0.0	*
p.Pro1141Thr	0.8170527849795208	0.0	*
p.Pro1141Trp	0.5821351521907394	0.0	*
p.Pro1141Tyr	0.43398124329776666	0.0	*
p.Pro1141Val	0.48563346054877127	0.0	*
p.Pro1245=	*	*	*
p.Pro1245Ala	0.590854360365281	0.0	*
p.Pro1245Arg	0.4072606094722886	0.0	*
p.Pro1245Asn	0.738589594324306	0.0	*
p.Pro1245Asp	0.4251559185708419	0.0	*
p.Pro1245Cys	0.23993013160475155	0.0	*
p.Pro1245Gln	0.33443124295366905	0.0	*
p.Pro1245Glu	0.23548674892645563	0.0	*
p.Pro1245Gly	0.5303839776663053	0.0	*
p.Pro1245His	0.3148968881355481	0.0	*
p.Pro1245Ile	0.2589723893800089	0.0	*
p.Pro1245Leu	0.3546643589488116	0.0	*
p.Pro1245Lys	0.5153994126000451	0.0	*
p.Pro1245Met	0.46648713368522143	0.0	*
p.Pro1245Phe	0.3648542342229512	0.0	*
p.Pro1245Ser	0.6465155967675528	0.0	*
p.Pro1245Ter	0.0	0.0	*
p.Pro1245Thr	0.5302631858433366	0.0	*
p.Pro1245Trp	0.2596041796216398	0.0	*
p.Pro1245Tyr	0.2062306908702158	0.0	*
p.Pro1245Val	0.21769448808314465	0.0	*
p.Pro1273=	*	*	*
p.Pro1273Ala	0.002691468523484131	0.0	*
p.Pro1273Arg	0.001109477362244211	0.0	*
p.Pro1273Asn	0.0026279052893591337	0.0	*
p.Pro1273Asp	0.0009138216096558931	0.0	*
p.Pro1273Cys	0.0009634853622717554	0.0	*
p.Pro1273Gln	0.0012432410892274212	0.0	*
p.Pro1273Glu	0.0005951087168411423	0.0	*
p.Pro1273Gly	0.0015089046501521864	0.0	*
p.Pro1273His	0.0008986969174961887	0.0	*
p.Pro1273Ile	0.0015850772851604016	0.0	*
p.Pro1273Leu	0.0018061045167616953	0.0	*
p.Pro1273Lys	0.0017354792678127625	0.0	*
p.Pro1273Met	0.0019245110295747403	0.0	*
p.Pro1273Phe	0.0011973813534941753	0.0	*
p.Pro1273Ser	0.0030353617637716305	0.0	*
p.Pro1273Ter	0.0	0.0	*
p.Pro1273Thr	0.0016454222257523928	0.0	*
p.Pro1273Trp	0.0010565390914196115	0.0	*
p.Pro1273Tyr	0.0010955714570975808	0.0	*
p.Pro1273Val	0.001981349711433838	0.0	*
p.Pro1337=	*	*	*
p.Pro1337Ala	0.19122509607390223	0.0	*
p.Pro1337Arg	0.08068332817247961	0.0	*
p.Pro1337Asn	0.18112963354315725	0.0	*
p.Pro1337Asp	0.07777866856811826	0.0	*
p.Pro1337Cys	0.09410535430263799	0.0	*
p.Pro1337Gln	0.07856593112041631	0.0	*
p.Pro1337Glu	0.053285107180596966	0.0	*
p.Pro1337Gly	0.14255612829790404	0.0	*
p.Pro1337His	0.06328931972529478	0.0	*
p.Pro1337Ile	0.08163467456532832	0.0	*
p.Pro1337Leu	0.07978005678430322	0.0	*
p.Pro1337Lys	0.10203352363590344	0.0	*
p.Pro1337Met	0.1257808995843053	0.0	*
p.Pro1337Phe	0.07193234288956381	0.0	*
p.Pro1337Ser	0.15459268108865049	0.0	*
p.Pro1337Ter	0.0	0.0	*
p.Pro1337Thr	0.12180182777297804	0.0	*
p.Pro1337Trp	0.06338733237185262	0.0	*
p.Pro1337Tyr	0.07241002825112383	0.0	*
p.Pro1337Val	0.09269821986281289	0.0	*
p.Pro1345=	*	*	*
p.Pro1345Ala	0.06734576722611704	0.0	*
p.Pro1345Arg	0.038715223600481935	0.0	*
p.Pro1345Asn	0.14651185960609128	0.0	*
p.Pro1345Asp	0.0328260939488049	0.0	*
p.Pro1345Cys	0.028450689111999924	0.0	*
p.Pro1345Gln	0.02613755323695046	0.0	*
p.Pro1345Glu	0.014241868671726693	0.0	*
p.Pro1345Gly	0.06791424101877501	0.0	*
p.Pro1345His	0.02947392673872662	0.0	*
p.Pro1345Ile	0.03232504833848143	0.0	*
p.Pro1345Leu	0.03680452134680084	0.0	*
p.Pro1345Lys	0.05576602205636443	0.0	*
p.Pro1345Met	0.0788347068434472	0.0	*
p.Pro1345Phe	0.037457929155564965	0.0	*
p.Pro1345Ser	0.04960838492674438	0.0	*
p.Pro1345Ter	0.0	0.0	*
p.Pro1345Thr	0.05242955931769708	0.0	*
p.Pro1345Trp	0.030048007863778634	0.0	*
p.Pro1345Tyr	0.02458625718284397	0.0	*
p.Pro1345Val	0.0307129081537044	0.0	*
p.Pro1352=	*	*	*
p.Pro1352Ala	0.10007437174964061	0.0	*
p.Pro1352Arg	0.014279265124517684	0.0	*
p.Pro1352Asn	0.05501281652951399	0.0	*
p.Pro1352Asp	0.01785869338617559	0.0	*
p.Pro1352Cys	0.017173369926105395	0.0	*
p.Pro1352Gln	0.026993532849456815	0.0	*
p.Pro1352Glu	0.012100972280392166	0.0	*
p.Pro1352Gly	0.043620584552070525	0.0	*
p.Pro1352His	0.01814763332594169	0.0	*
p.Pro1352Ile	0.02386946228331204	0.0	*
p.Pro1352Leu	0.02583263027442969	0.0	*
p.Pro1352Lys	0.02496728054660794	0.0	*
p.Pro1352Met	0.038764295922325075	0.0	*
p.Pro1352Phe	0.018389076871441725	0.0	*
p.Pro1352Ser	0.04449262425816015	0.0	*
p.Pro1352Ter	0.0	0.0	*
p.Pro1352Thr	0.022612995233579316	0.0	*
p.Pro1352Trp	0.01775833514431355	0.0	*
p.Pro1352Tyr	0.013938297969161005	0.0	*
p.Pro1352Val	0.02258441243872645	0.0	*
p.Pro1379=	*	*	*
p.Pro1379Ala	0.9953849710214425	0.0	*
p.Pro1379Arg	0.973105733520573	0.0	*
p.Pro1379Asn	0.9933321390267993	0.0	*
p.Pro1379Asp	0.9811373368915541	0.0	*
p.Pro1379Cys	0.9622389679432894	0.0	*
p.Pro1379Gln	0.9750039192899266	0.0	*
p.Pro1379Glu	0.9544977714899657	0.0	*
p.Pro1379Gly	0.9875574163110212	0.0	*
p.Pro1379His	0.9801416483829694	0.0	*
p.Pro1379Ile	0.9570699405435393	0.0	*
p.Pro1379Leu	0.9815134526314567	0.0	*
p.Pro1379Lys	0.9914638885063072	0.0	*
p.Pro1379Met	0.9871522074635777	0.0	*
p.Pro1379Phe	0.9748379835645249	0.0	*
p.Pro1379Ser	0.9910656474872985	0.0	*
p.Pro1379Ter	0.0	0.0	*
p.Pro1379Thr	0.989857270420097	0.0	*
p.Pro1379Trp	0.9425563885985655	0.0	*
p.Pro1379Tyr	0.9208934440812647	0.0	*
p.Pro1379Val	0.9149763722117354	0.0	*
p.Pro1394=	*	*	*
p.Pro1394Ala	0.9955863420231716	0.0	*
p.Pro1394Arg	0.9793116959894279	0.0	*
p.Pro1394Asn	0.9949707615701385	0.0	*
p.Pro1394Asp	0.9904121222694063	0.0	*
p.Pro1394Cys	0.9806332146043258	0.0	*
p.Pro1394Gln	0.976895423261353	0.0	*
p.Pro1394Glu	0.9509512505503339	0.0	*
p.Pro1394Gly	0.9883167131081715	0.0	*
p.Pro1394His	0.9812126743481585	0.0	*
p.Pro1394Ile	0.9708824783389652	0.0	*
p.Pro1394Leu	0.9797793231245234	0.0	*
p.Pro1394Lys	0.9951798196853093	0.0	*
p.Pro1394Met	0.9905075591117953	0.0	*
p.Pro1394Phe	0.9837540196594234	0.0	*
p.Pro1394Ser	0.9976161754744891	0.0	*
p.Pro1394Ter	0.0	0.0	*
p.Pro1394Thr	0.9956432762261649	0.0	*
p.Pro1394Trp	0.9484374610710754	0.0	*
p.Pro1394Tyr	0.9324615425518503	0.0	*
p.Pro1394Val	0.8949498314009559	0.0	*
p.Pro1414=	*	*	*
p.Pro1414Ala	0.9979654796752337	0.0	*
p.Pro1414Arg	0.9971494359503543	0.0	*
p.Pro1414Asn	0.9986743677079725	0.0	*
p.Pro1414Asp	0.9988932368351658	0.0	*
p.Pro1414Cys	0.9959835147003141	0.0	*
p.Pro1414Gln	0.9954181229805443	0.0	*
p.Pro1414Glu	0.996750832945813	0.0	*
p.Pro1414Gly	0.9977842773543039	0.0	*
p.Pro1414His	0.9971511486971484	0.0	*
p.Pro1414Ile	0.9950469863393634	0.0	*
p.Pro1414Leu	0.9924903549731219	0.0	*
p.Pro1414Lys	0.9976347194824994	0.0	*
p.Pro1414Met	0.9949941352020578	0.0	*
p.Pro1414Phe	0.9947533211583477	0.0	*
p.Pro1414Ser	0.9990872504916539	0.0	*
p.Pro1414Ter	0.0	0.0	*
p.Pro1414Thr	0.9987781901293438	0.0	*
p.Pro1414Trp	0.99297188418468	0.0	*
p.Pro1414Tyr	0.9891253090432569	0.0	*
p.Pro1414Val	0.9860323208761442	0.0	*
p.Pro1418=	*	*	*
p.Pro1418Ala	0.9983400756754178	0.0	*
p.Pro1418Arg	0.9952960060483521	0.0	*
p.Pro1418Asn	0.9984107206266519	0.0	*
p.Pro1418Asp	0.9981361452512358	0.0	*
p.Pro1418Cys	0.9961944041069366	0.0	*
p.Pro1418Gln	0.9922353822807257	0.0	*
p.Pro1418Glu	0.9960159058153557	0.0	*
p.Pro1418Gly	0.9970479221201287	0.0	*
p.Pro1418His	0.9964159302200012	0.0	*
p.Pro1418Ile	0.9950134945794864	0.0	*
p.Pro1418Leu	0.9952542398314154	0.0	*
p.Pro1418Lys	0.9970704393561084	0.0	*
p.Pro1418Met	0.9965321801500522	0.0	*
p.Pro1418Phe	0.9929841460728281	0.0	*
p.Pro1418Ser	0.9986269009105753	0.0	*
p.Pro1418Ter	0.0	0.0	*
p.Pro1418Thr	0.99884573275166	0.0	*
p.Pro1418Trp	0.9939880197792595	0.0	*
p.Pro1418Tyr	0.98096515772894	0.0	*
p.Pro1418Val	0.990270551756862	0.0	*
p.Pro1438=	*	*	*
p.Pro1438Ala	0.8790512901335724	0.0	*
p.Pro1438Arg	0.886014905988639	0.0	*
p.Pro1438Asn	0.9386516754462126	0.0	*
p.Pro1438Asp	0.9394385569124141	0.0	*
p.Pro1438Cys	0.854247885110554	0.0	*
p.Pro1438Gln	0.7802184122673228	0.0	*
p.Pro1438Glu	0.8415982236323053	0.0	*
p.Pro1438Gly	0.8822317849754066	0.0	*
p.Pro1438His	0.8299305971554295	0.0	*
p.Pro1438Ile	0.8398012144451438	0.0	*
p.Pro1438Leu	0.8842403288618477	0.0	*
p.Pro1438Lys	0.9191495875064745	0.0	*
p.Pro1438Met	0.871176305590803	0.0	*
p.Pro1438Phe	0.8721411564692533	0.0	*
p.Pro1438Ser	0.9221148441848627	0.0	*
p.Pro1438Ter	0.0	0.0	*
p.Pro1438Thr	0.9466646052517056	0.0	*
p.Pro1438Trp	0.8526521270306979	0.0	*
p.Pro1438Tyr	0.7641105482397829	0.0	*
p.Pro1438Val	0.8051388497556246	0.0	*
p.Pro760=	*	*	*
p.Pro760Ala	0.07120775098048111	0.0	*
p.Pro760Arg	0.03167551670096698	0.0	*
p.Pro760Asn	0.07422061724693055	0.0	*
p.Pro760Asp	0.028416535112592248	0.0	*
p.Pro760Cys	0.016886308370597725	0.0	*
p.Pro760Gln	0.026892212936643373	0.0	*
p.Pro760Glu	0.012993830597965697	0.0	*
p.Pro760Gly	0.036768782078463944	0.0	*
p.Pro760His	0.020688608498820215	0.0	*
p.Pro760Ile	0.04081026291576535	0.0	*
p.Pro760Leu	0.034962947570384754	0.0	*
p.Pro760Lys	0.05779703899086975	0.0	*
p.Pro760Met	0.05346177504368301	0.0	*
p.Pro760Phe	0.03217779790186564	0.0	*
p.Pro760Ser	0.1066826276437737	0.0	*
p.Pro760Ter	0.0	0.0	*
p.Pro760Thr	0.05131707082746421	0.0	*
p.Pro760Trp	0.02824954105695508	0.0	*
p.Pro760Tyr	0.01648872019006175	0.0	*
p.Pro760Val	0.029674670636646545	0.0	*
p.Pro767=	*	*	*
p.Pro767Ala	0.008161006883638144	0.0	*
p.Pro767Arg	0.002821877004475282	0.0	*
p.Pro767Asn	0.007138948545078124	0.0	*
p.Pro767Asp	0.003436225822927147	0.0	*
p.Pro767Cys	0.0022124619688661177	0.0	*
p.Pro767Gln	0.002783549941979843	0.0	*
p.Pro767Glu	0.001410255862920415	0.0	*
p.Pro767Gly	0.005854217711270487	0.0	*
p.Pro767His	0.00228079356734946	0.0	*
p.Pro767Ile	0.0033104074237424994	0.0	*
p.Pro767Leu	0.004140635171593805	0.0	*
p.Pro767Lys	0.004038881280931923	0.0	*
p.Pro767Met	0.0048460816948211055	0.0	*
p.Pro767Phe	0.0025905211594065038	0.0	*
p.Pro767Ser	0.007057566321818882	0.0	*
p.Pro767Ter	0.0	0.0	*
p.Pro767Thr	0.004220055491971332	0.0	*
p.Pro767Trp	0.002830134580346458	0.0	*
p.Pro767Tyr	0.0024845871588368824	0.0	*
p.Pro767Val	0.004666887897574957	0.0	*
p.Pro768=	*	*	*
p.Pro768Ala	0.007897418051004032	0.0	*
p.Pro768Arg	0.0033527311068661976	0.0	*
p.Pro768Asn	0.008679503156218599	0.0	*
p.Pro768Asp	0.005015619756969256	0.0	*
p.Pro768Cys	0.002339871343059065	0.0	*
p.Pro768Gln	0.0025204713654789256	0.0	*
p.Pro768Glu	0.002219335515752909	0.0	*
p.Pro768Gly	0.006675862348743048	0.0	*
p.Pro768His	0.0027209116934567637	0.0	*
p.Pro768Ile	0.0036710872757779664	0.0	*
p.Pro768Leu	0.003108067762793256	0.0	*
p.Pro768Lys	0.004207008566845794	0.0	*
p.Pro768Met	0.004000717926891047	0.0	*
p.Pro768Phe	0.0028063660575273217	0.0	*
p.Pro768Ser	0.006551106691854258	0.0	*
p.Pro768Ter	0.0	0.0	*
p.Pro768Thr	0.0041283588190599374	0.0	*
p.Pro768Trp	0.0023777919452575968	0.0	*
p.Pro768Tyr	0.002686196301309555	0.0	*
p.Pro768Val	0.0034210236603833925	0.0	*
p.Pro821=	*	*	*
p.Pro821Ala	0.5871786305924368	0.0	*
p.Pro821Arg	0.5226317389761442	0.0	*
p.Pro821Asn	0.7435610536945021	0.0	*
p.Pro821Asp	0.49007763140871247	0.0	*
p.Pro821Cys	0.1994355147315053	0.0	*
p.Pro821Gln	0.46775562578399266	0.0	*
p.Pro821Glu	0.28724222423203416	0.0	*
p.Pro821Gly	0.5475042250665676	0.0	*
p.Pro821His	0.3521261824042729	0.0	*
p.Pro821Ile	0.3974166878895433	0.0	*
p.Pro821Leu	0.42944158405229227	0.0	*
p.Pro821Lys	0.6256364929367535	0.0	*
p.Pro821Met	0.4623802895397375	0.0	*
p.Pro821Phe	0.46262699965203846	0.0	*
p.Pro821Ser	0.6448626230217108	0.0	*
p.Pro821Ter	0.0	0.0	*
p.Pro821Thr	0.6263734241497846	0.0	*
p.Pro821Trp	0.4064490486229193	0.0	*
p.Pro821Tyr	0.3331549399654618	0.0	*
p.Pro821Val	0.34935615820768834	0.0	*
p.Pro835=	*	*	*
p.Pro835Ala	0.46656719525823903	0.0	*
p.Pro835Arg	0.2336120769192099	0.0	*
p.Pro835Asn	0.4831800770445714	0.0	*
p.Pro835Asp	0.2798981441012349	0.0	*
p.Pro835Cys	0.08690906585916781	0.0	*
p.Pro835Gln	0.16370868154724014	0.0	*
p.Pro835Glu	0.13409863362807298	0.0	*
p.Pro835Gly	0.34678199499665596	0.0	*
p.Pro835His	0.19272418439136282	0.0	*
p.Pro835Ile	0.16181363150846492	0.0	*
p.Pro835Leu	0.12060428828128306	0.0	*
p.Pro835Lys	0.2801863987981843	0.0	*
p.Pro835Met	0.17740781753075194	0.0	*
p.Pro835Phe	0.17210900045597402	0.0	*
p.Pro835Ser	0.4344208477161414	0.0	*
p.Pro835Ter	0.0	0.0	*
p.Pro835Thr	0.3037131078608543	0.0	*
p.Pro835Trp	0.11771426342021185	0.0	*
p.Pro835Tyr	0.10786260373327165	0.0	*
p.Pro835Val	0.10743834834756462	0.0	*
p.Pro840=	*	*	*
p.Pro840Ala	0.01610999553820458	0.0	*
p.Pro840Arg	0.006224344370146919	0.0	*
p.Pro840Asn	0.009394850805183565	0.0	*
p.Pro840Asp	0.01783948462280729	0.0	*
p.Pro840Cys	0.004684356885342237	0.0	*
p.Pro840Gln	0.005884402495897081	0.0	*
p.Pro840Glu	0.004127481338323098	0.0	*
p.Pro840Gly	0.011169746870179884	0.0	*
p.Pro840His	0.004371875449167088	0.0	*
p.Pro840Ile	0.007765040534679687	0.0	*
p.Pro840Leu	0.00819046819147871	0.0	*
p.Pro840Lys	0.007903397456496762	0.0	*
p.Pro840Met	0.006325907288528491	0.0	*
p.Pro840Phe	0.0060041120455269475	0.0	*
p.Pro840Ser	0.013173127336725588	0.0	*
p.Pro840Ter	0.0	0.0	*
p.Pro840Thr	0.007730202496662768	0.0	*
p.Pro840Trp	0.005430934409691844	0.0	*
p.Pro840Tyr	0.007240982965116886	0.0	*
p.Pro840Val	0.008856452788965	0.0	*
p.Pro863=	*	*	*
p.Pro863Ala	0.3711758632988487	0.0	*
p.Pro863Arg	0.2930008336565274	0.0	*
p.Pro863Asn	0.6546118643385684	0.0	*
p.Pro863Asp	0.255996738628793	0.0	*
p.Pro863Cys	0.17811897356876227	0.0	*
p.Pro863Gln	0.18240171708779387	0.0	*
p.Pro863Glu	0.1356841707074983	0.0	*
p.Pro863Gly	0.37607128912522214	0.0	*
p.Pro863His	0.21026488446711852	0.0	*
p.Pro863Ile	0.1755789157805194	0.0	*
p.Pro863Leu	0.21141395733789395	0.0	*
p.Pro863Lys	0.31439345230757465	0.0	*
p.Pro863Met	0.2729497184324061	0.0	*
p.Pro863Phe	0.23982766081907453	0.0	*
p.Pro863Ser	0.31831437871017826	0.0	*
p.Pro863Ter	0.0	0.0	*
p.Pro863Thr	0.23944338208399707	0.0	*
p.Pro863Trp	0.14981216762604024	0.0	*
p.Pro863Tyr	0.13543314712568638	0.0	*
p.Pro863Val	0.11677893451901131	0.0	*
p.Pro868=	*	*	*
p.Pro868Ala	0.5081471389906004	0.0	*
p.Pro868Arg	0.34399813360248854	0.0	*
p.Pro868Asn	0.6883911426936753	0.0	*
p.Pro868Asp	0.5539793967747111	0.0	*
p.Pro868Cys	0.3252630113568962	0.0	*
p.Pro868Gln	0.20998446492775674	0.0	*
p.Pro868Glu	0.33167549657931344	0.0	*
p.Pro868Gly	0.5129052999243918	0.0	*
p.Pro868His	0.3217373128618024	0.0	*
p.Pro868Ile	0.2659291240945853	0.0	*
p.Pro868Leu	0.24565094910706253	0.0	*
p.Pro868Lys	0.4079183667272462	0.0	*
p.Pro868Met	0.2857301667467236	0.0	*
p.Pro868Phe	0.29275203123208177	0.0	*
p.Pro868Ser	0.4070320562691923	0.0	*
p.Pro868Ter	0.0	0.0	*
p.Pro868Thr	0.4386342925645372	0.0	*
p.Pro868Trp	0.17801154732965568	0.0	*
p.Pro868Tyr	0.2029042741662722	0.0	*
p.Pro868Val	0.17026338879419858	0.0	*
p.Pro912=	*	*	*
p.Pro912Ala	0.009115484333346581	0.0	*
p.Pro912Arg	0.004444391372397756	0.0	*
p.Pro912Asn	0.012323405060314587	0.0	*
p.Pro912Asp	0.0045239996635152244	0.0	*
p.Pro912Cys	0.003121927935934676	0.0	*
p.Pro912Gln	0.005609892457048347	0.0	*
p.Pro912Glu	0.0026012258081177992	0.0	*
p.Pro912Gly	0.004836247161386604	0.0	*
p.Pro912His	0.004388984138874671	0.0	*
p.Pro912Ile	0.005882894834475251	0.0	*
p.Pro912Leu	0.005951326994589308	0.0	*
p.Pro912Lys	0.008189813989531256	0.0	*
p.Pro912Met	0.0068925238699764965	0.0	*
p.Pro912Phe	0.004696817656117624	0.0	*
p.Pro912Ser	0.009008675566646713	0.0	*
p.Pro912Ter	0.0	0.0	*
p.Pro912Thr	0.005940070259105906	0.0	*
p.Pro912Trp	0.003876266400272235	0.0	*
p.Pro912Tyr	0.0037811104656400745	0.0	*
p.Pro912Val	0.005274322031156546	0.0	*
p.Pro926=	*	*	*
p.Pro926Ala	0.07376711369613825	0.0	*
p.Pro926Arg	0.036989337958370165	0.0	*
p.Pro926Asn	0.10467016101133787	0.0	*
p.Pro926Cys	0.04067507337393849	0.0	*
p.Pro926Gln	0.02919959865797887	0.0	*
p.Pro926Glu	0.02403137259720213	0.0	*
p.Pro926Gly	0.07549290559865621	0.0	*
p.Pro926His	0.03917850287999519	0.0	*
p.Pro926Ile	0.049006727546482144	0.0	*
p.Pro926Leu	0.04963589208700592	0.0	*
p.Pro926Lys	0.06732256118858823	0.0	*
p.Pro926Met	0.06217954031682351	0.0	*
p.Pro926Phe	0.04380043362071829	0.0	*
p.Pro926Ser	0.08702231533914744	0.0	*
p.Pro926Ter	0.0	0.0	*
p.Pro926Thr	0.08496225302396966	0.0	*
p.Pro926Trp	0.03419081420679725	0.0	*
p.Pro926Tyr	0.030052130288790262	0.0	*
p.Pro926Val	0.04646325090184414	0.0	*
p.Pro955=	*	*	*
p.Pro955Ala	0.973840722253357	0.0	*
p.Pro955Arg	0.9257552713942003	0.0	*
p.Pro955Asn	0.9828109186125409	0.0	*
p.Pro955Asp	0.9543593479122848	0.0	*
p.Pro955Cys	0.9165133609256009	0.0	*
p.Pro955Gln	0.9234763377139272	0.0	*
p.Pro955Glu	0.921947356458689	0.0	*
p.Pro955Gly	0.9693978269505674	0.0	*
p.Pro955His	0.949626652812184	0.0	*
p.Pro955Ile	0.8548403591459408	0.0	*
p.Pro955Leu	0.8785515205065274	0.0	*
p.Pro955Lys	0.9692302120124252	0.0	*
p.Pro955Met	0.9586034083615541	0.0	*
p.Pro955Phe	0.9167119787664458	0.0	*
p.Pro955Ser	0.9698589153734403	0.0	*
p.Pro955Ter	0.0	0.0	*
p.Pro955Thr	0.9740631894751461	0.0	*
p.Pro955Trp	0.8496549747290225	0.0	*
p.Pro955Tyr	0.7786887019703417	0.0	*
p.Pro955Val	0.779760887509837	0.0	*
p.Pro957=	*	*	*
p.Pro957Ala	0.9753036611592697	0.0	*
p.Pro957Arg	0.9333501466338044	0.0	*
p.Pro957Asn	0.9879350828116314	0.0	*
p.Pro957Asp	0.9604333873128305	0.0	*
p.Pro957Cys	0.9535802781007299	0.0	*
p.Pro957Gln	0.9049663764493403	0.0	*
p.Pro957Glu	0.9476905080622587	0.0	*
p.Pro957Gly	0.983162257610938	0.0	*
p.Pro957His	0.9535779786769589	0.0	*
p.Pro957Ile	0.9182970991244919	0.0	*
p.Pro957Leu	0.9593063158977073	0.0	*
p.Pro957Lys	0.9703982264880643	0.0	*
p.Pro957Met	0.9768122307867322	0.0	*
p.Pro957Phe	0.949786656398285	0.0	*
p.Pro957Ser	0.9835020288698206	0.0	*
p.Pro957Ter	0.0	0.0	*
p.Pro957Thr	0.9758372111262222	0.0	*
p.Pro957Trp	0.9072084542890325	0.0	*
p.Pro957Tyr	0.8714309825359428	0.0	*
p.Pro957Val	0.8754331559531986	0.0	*
p.Pro984=	*	*	*
p.Pro984Ala	0.0024308903880334983	0.0	*
p.Pro984Arg	0.000740743031683263	0.0	*
p.Pro984Asn	0.0015771339142795684	0.0	*
p.Pro984Asp	0.0005707439252740361	0.0	*
p.Pro984Cys	0.0013071176303597245	0.0	*
p.Pro984Gln	0.00090711287207796	0.0	*
p.Pro984Glu	0.00040866442106537033	0.0	*
p.Pro984Gly	0.0018496486889720842	0.0	*
p.Pro984His	0.0006542457528409725	0.0	*
p.Pro984Ile	0.0016855587770171687	0.0	*
p.Pro984Leu	0.0019013291061307348	0.0	*
p.Pro984Lys	0.0011048504016986148	0.0	*
p.Pro984Met	0.0028136090596165082	0.0	*
p.Pro984Phe	0.0007517017472869121	0.0	*
p.Pro984Ser	0.0035005168650387316	0.0	*
p.Pro984Ter	0.0	0.0	*
p.Pro984Thr	0.001455825222779562	0.0	*
p.Pro984Trp	0.0013257340764523144	0.0	*
p.Pro984Tyr	0.0007680127937234052	0.0	*
p.Pro984Val	0.001621923767824195	0.0	*
p.Pro992=	*	*	*
p.Pro992Ala	0.0031976940866735516	0.0	*
p.Pro992Arg	0.0014503344958634585	0.0	*
p.Pro992Asn	0.002196387962697483	0.0	*
p.Pro992Asp	0.0016778226172229215	0.0	*
p.Pro992Cys	0.0009487037169313463	0.0	*
p.Pro992Gln	0.0020017364452254217	0.0	*
p.Pro992Glu	0.0007260222918026636	0.0	*
p.Pro992Gly	0.0024418899115412978	0.0	*
p.Pro992His	0.0009503509766990635	0.0	*
p.Pro992Ile	0.0018098544014834546	0.0	*
p.Pro992Leu	0.001773464220984373	0.0	*
p.Pro992Lys	0.0017722036990682388	0.0	*
p.Pro992Met	0.00231575575535555	0.0	*
p.Pro992Phe	0.0012078017548909355	0.0	*
p.Pro992Ser	0.003475050603731097	0.0	*
p.Pro992Ter	0.0	0.0	*
p.Pro992Thr	0.0019184221758248318	0.0	*
p.Pro992Trp	0.0013071176303597245	0.0	*
p.Pro992Tyr	0.001362635681292294	0.0	*
p.Pro992Val	0.002592663603781643	0.0	*
p.Ser1066=	*	*	*
p.Ser1066Ala	0.018767867084355433	0.0	*
p.Ser1066Arg	0.005864035067766175	0.0	*
p.Ser1066Asn	0.012180829007153603	0.0	*
p.Ser1066Asp	0.005739662222632444	0.0	*
p.Ser1066Cys	0.011248095272947768	0.0	*
p.Ser1066Gln	0.011495617116207352	0.0	*
p.Ser1066Glu	0.006294450383532372	0.0	*
p.Ser1066Gly	0.010328644529567818	0.0	*
p.Ser1066His	0.008855820143232883	0.0	*
p.Ser1066Ile	0.00533421595690021	0.0	*
p.Ser1066Leu	0.005607584108088732	0.0	*
p.Ser1066Lys	0.005526533037902456	0.0	*
p.Ser1066Met	0.010181901598981283	0.0	*
p.Ser1066Phe	0.003482604478177088	0.0	*
p.Ser1066Pro	0.0024911280089883157	0.0	*
p.Ser1066Ter	0.0	0.0	*
p.Ser1066Thr	0.020093189222708262	0.0	*
p.Ser1066Trp	0.004635205863022943	0.0	*
p.Ser1066Tyr	0.004029133321744113	0.0	*
p.Ser1066Val	0.012332189621236972	0.0	*
p.Ser1067=	*	*	*
p.Ser1067Ala	0.013643959483334897	0.0	*
p.Ser1067Arg	0.005321630747489046	0.0	*
p.Ser1067Asn	0.00866482080251125	0.0	*
p.Ser1067Asp	0.005596806422336204	0.0	*
p.Ser1067Cys	0.010288038615240634	0.0	*
p.Ser1067Glu	0.004306598497887525	0.0	*
p.Ser1067Gly	0.008582593841811023	0.0	*
p.Ser1067His	0.005527307348748431	0.0	*
p.Ser1067Ile	0.004628524140021859	0.0	*
p.Ser1067Leu	0.0063324828051063	0.0	*
p.Ser1067Lys	0.0050752015265954666	0.0	*
p.Ser1067Met	0.00876038466263467	0.0	*
p.Ser1067Phe	0.0029223344919358904	0.0	*
p.Ser1067Pro	0.002517218244411491	0.0	*
p.Ser1067Ter	0.0	0.0	*
p.Ser1067Thr	0.01761487946168525	0.0	*
p.Ser1067Trp	0.004365023937193616	0.0	*
p.Ser1067Tyr	0.003568042772058041	0.0	*
p.Ser1067Val	0.013534957351424296	0.0	*
p.Ser1107=	*	*	*
p.Ser1107Ala	0.0024834962998408834	0.0	*
p.Ser1107Arg	0.0012999271804625956	0.0	*
p.Ser1107Asn	0.0015771339142795684	0.0	*
p.Ser1107Asp	0.001406082035049973	0.0	*
p.Ser1107Cys	0.001069095736088877	0.0	*
p.Ser1107Gln	0.002075349398199599	0.0	*
p.Ser1107Glu	0.0006638773106317614	0.0	*
p.Ser1107Gly	0.0028270392009367	0.0	*
p.Ser1107His	0.0012768020412563606	0.0	*
p.Ser1107Ile	0.0016945651108104828	0.0	*
p.Ser1107Leu	0.0023655520547832564	0.0	*
p.Ser1107Lys	0.0016635997790914567	0.0	*
p.Ser1107Met	0.0028311660510616132	0.0	*
p.Ser1107Phe	0.0011217757373017925	0.0	*
p.Ser1107Pro	0.0005686935213955438	0.0	*
p.Ser1107Ter	0.0	0.0	*
p.Ser1107Thr	0.005124891467189897	0.0	*
p.Ser1107Trp	0.001406082035049973	0.0	*
p.Ser1107Tyr	0.001440704214276462	0.0	*
p.Ser1107Val	0.004404357556781964	0.0	*
p.Ser1116=	*	*	*
p.Ser1116Ala	0.188280818416207	0.0	*
p.Ser1116Arg	0.07204161826576518	0.0	*
p.Ser1116Asn	0.2627797276820741	0.0	*
p.Ser1116Asp	0.0956391086619136	0.0	*
p.Ser1116Cys	0.12280734650172306	0.0	*
p.Ser1116Gln	0.1210974006827587	0.0	*
p.Ser1116Glu	0.055882274723354615	0.0	*
p.Ser1116Gly	0.16625684528849505	0.0	*
p.Ser1116His	0.07044669253057934	0.0	*
p.Ser1116Ile	0.047477253663103826	0.0	*
p.Ser1116Leu	0.10724767704417722	0.0	*
p.Ser1116Lys	0.06770786829179017	0.0	*
p.Ser1116Met	0.15807504390638613	0.0	*
p.Ser1116Phe	0.03768456704785783	0.0	*
p.Ser1116Pro	0.05258416245362703	0.0	*
p.Ser1116Ter	0.0	0.0	*
p.Ser1116Thr	0.280598762143906	0.0	*
p.Ser1116Trp	0.04657388154926674	0.0	*
p.Ser1116Tyr	0.042857271406413024	0.0	*
p.Ser1116Val	0.1577504658884839	0.0	*
p.Ser1121=	*	*	*
p.Ser1121Ala	0.8711629821960204	0.0	*
p.Ser1121Arg	0.5768688075506238	0.0	*
p.Ser1121Asn	0.8713516262490896	0.0	*
p.Ser1121Asp	0.514625138476365	0.0	*
p.Ser1121Cys	0.6857642263082862	0.0	*
p.Ser1121Gln	0.6645529559692	0.0	*
p.Ser1121Glu	0.6880328817629574	0.0	*
p.Ser1121Gly	0.847356788846944	0.0	*
p.Ser1121His	0.5477703191000356	0.0	*
p.Ser1121Ile	0.5682147302339845	0.0	*
p.Ser1121Leu	0.7664924545349133	0.0	*
p.Ser1121Lys	0.5810305940832229	0.0	*
p.Ser1121Met	0.7695359554162502	0.0	*
p.Ser1121Phe	0.39336556572683623	0.0	*
p.Ser1121Pro	0.6671783640713745	0.0	*
p.Ser1121Ter	0.0	0.0	*
p.Ser1121Thr	0.8671428941597389	0.0	*
p.Ser1121Trp	0.48700435540490683	0.0	*
p.Ser1121Tyr	0.3325268372717483	0.0	*
p.Ser1121Val	0.707474144380632	0.0	*
p.Ser1125=	*	*	*
p.Ser1125Ala	0.8845336690342975	0.0	*
p.Ser1125Arg	0.8670344955905499	0.0	*
p.Ser1125Asn	0.9644550249013906	0.0	*
p.Ser1125Asp	0.9277539168518627	0.0	*
p.Ser1125Cys	0.8531807198030201	0.0	*
p.Ser1125Gln	0.8374475947448545	0.0	*
p.Ser1125Glu	0.9278909257880343	0.0	*
p.Ser1125Gly	0.9201710628568114	0.0	*
p.Ser1125His	0.861994283467418	0.0	*
p.Ser1125Ile	0.7387878858895478	0.0	*
p.Ser1125Leu	0.8990438606719968	0.0	*
p.Ser1125Lys	0.8206564501641966	0.0	*
p.Ser1125Met	0.881237943694544	0.0	*
p.Ser1125Phe	0.7430009705662816	0.0	*
p.Ser1125Pro	0.9538026722489477	0.0	*
p.Ser1125Ter	0.0	0.0	*
p.Ser1125Thr	0.9725010275591209	0.0	*
p.Ser1125Trp	0.7224062327121736	0.0	*
p.Ser1125Tyr	0.6979077822516814	0.0	*
p.Ser1125Val	0.9123513924574455	0.0	*
p.Ser1132=	*	*	*
p.Ser1132Ala	0.6698559773865633	0.0	*
p.Ser1132Arg	0.5380717386920216	0.0	*
p.Ser1132Asn	0.8804114245317514	0.0	*
p.Ser1132Asp	0.3456229248854373	0.0	*
p.Ser1132Cys	0.27004599608819335	0.0	*
p.Ser1132Gln	0.5623550312153852	0.0	*
p.Ser1132Glu	0.3952786787379667	0.0	*
p.Ser1132Gly	0.4232860746719381	0.0	*
p.Ser1132His	0.3790767329247546	0.0	*
p.Ser1132Ile	0.1786085521205573	0.0	*
p.Ser1132Leu	0.6415876991867816	0.0	*
p.Ser1132Lys	0.5792057810244153	0.0	*
p.Ser1132Met	0.6890253956951342	0.0	*
p.Ser1132Phe	0.2971678957084618	0.0	*
p.Ser1132Pro	0.4344958161621902	0.0	*
p.Ser1132Ter	0.0	0.0	*
p.Ser1132Thr	0.8329122844896839	0.0	*
p.Ser1132Trp	0.27661902187389265	0.0	*
p.Ser1132Tyr	0.29417681219784225	0.0	*
p.Ser1132Val	0.5383175693627408	0.0	*
p.Ser1145=	*	*	*
p.Ser1145Ala	0.8535074801917093	0.0	*
p.Ser1145Arg	0.3216462059496771	0.0	*
p.Ser1145Asn	0.6175417195895978	0.0	*
p.Ser1145Asp	0.4579127767251304	0.0	*
p.Ser1145Cys	0.7440954775953139	0.0	*
p.Ser1145Gln	0.5057178613329945	0.0	*
p.Ser1145Glu	0.3398644268621433	0.0	*
p.Ser1145Gly	0.7077398038503739	0.0	*
p.Ser1145His	0.2850960642706369	0.0	*
p.Ser1145Ile	0.2124846799875936	0.0	*
p.Ser1145Leu	0.3580656106779469	0.0	*
p.Ser1145Lys	0.4469987597763127	0.0	*
p.Ser1145Met	0.5072985529054862	0.0	*
p.Ser1145Phe	0.19171112292793316	0.0	*
p.Ser1145Pro	0.20519901259529208	0.0	*
p.Ser1145Ter	0.0	0.0	*
p.Ser1145Thr	0.7896462450310234	0.0	*
p.Ser1145Trp	0.19196875026947208	0.0	*
p.Ser1145Tyr	0.2380634017580231	0.0	*
p.Ser1145Val	0.4316380781901006	0.0	*
p.Ser1162=	*	*	*
p.Ser1162Ala	0.5232803136199512	0.0	*
p.Ser1162Arg	0.149106253285931	0.0	*
p.Ser1162Asn	0.3948401058044362	0.0	*
p.Ser1162Asp	0.18189055226922898	0.0	*
p.Ser1162Cys	0.4214828955840633	0.0	*
p.Ser1162Gln	0.18351998399600072	0.0	*
p.Ser1162Glu	0.18873154764429814	0.0	*
p.Ser1162Gly	0.3909351047024877	0.0	*
p.Ser1162His	0.13461354903960762	0.0	*
p.Ser1162Ile	0.08435132992241585	0.0	*
p.Ser1162Leu	0.22505095192632493	0.0	*
p.Ser1162Lys	0.17642093529214345	0.0	*
p.Ser1162Met	0.3594211755245119	0.0	*
p.Ser1162Phe	0.08256707706523654	0.0	*
p.Ser1162Pro	0.09043587115612768	0.0	*
p.Ser1162Ter	0.0	0.0	*
p.Ser1162Thr	0.5246676927658035	0.0	*
p.Ser1162Trp	0.07960462865927935	0.0	*
p.Ser1162Tyr	0.09730626385234388	0.0	*
p.Ser1162Val	0.2291949409856535	0.0	*
p.Ser1163=	*	*	*
p.Ser1163Ala	0.29533818344811325	0.0	*
p.Ser1163Arg	0.07663617766144903	0.0	*
p.Ser1163Asn	0.32611481497734934	0.0	*
p.Ser1163Asp	0.07481026636753121	0.0	*
p.Ser1163Cys	0.1904962501142164	0.0	*
p.Ser1163Gln	0.07577954170132352	0.0	*
p.Ser1163Glu	0.07162785206656498	0.0	*
p.Ser1163Gly	0.2853219968151312	0.0	*
p.Ser1163His	0.08943787086697513	0.0	*
p.Ser1163Ile	0.06315253782063827	0.0	*
p.Ser1163Leu	0.10201343735563094	0.0	*
p.Ser1163Lys	0.10416857960728539	0.0	*
p.Ser1163Met	0.19608691374295303	0.0	*
p.Ser1163Phe	0.042448946151899807	0.0	*
p.Ser1163Pro	0.0352686374374039	0.0	*
p.Ser1163Ter	0.0	0.0	*
p.Ser1163Thr	0.2784909669645601	0.0	*
p.Ser1163Trp	0.04334132458713952	0.0	*
p.Ser1163Tyr	0.05566937715975815	0.0	*
p.Ser1163Val	0.11875218838093926	0.0	*
p.Ser1166=	*	*	*
p.Ser1166Ala	0.4189424187511725	0.0	*
p.Ser1166Arg	0.14607367987485892	0.0	*
p.Ser1166Asn	0.33936288376847423	0.0	*
p.Ser1166Asp	0.12482010268781972	0.0	*
p.Ser1166Cys	0.20625162030342659	0.0	*
p.Ser1166Gln	0.13654762683439908	0.0	*
p.Ser1166Glu	0.18619061329446115	0.0	*
p.Ser1166Gly	0.3390135978079061	0.0	*
p.Ser1166His	0.11601825079006939	0.0	*
p.Ser1166Ile	0.06611614899096778	0.0	*
p.Ser1166Leu	0.17179650096604476	0.0	*
p.Ser1166Lys	0.14743317194601743	0.0	*
p.Ser1166Met	0.25171619132370493	0.0	*
p.Ser1166Phe	0.0774074279917182	0.0	*
p.Ser1166Pro	0.05054210316819402	0.0	*
p.Ser1166Ter	0.0	0.0	*
p.Ser1166Thr	0.60012975041955	0.0	*
p.Ser1166Trp	0.06423786480196808	0.0	*
p.Ser1166Tyr	0.09147674011339617	0.0	*
p.Ser1166Val	0.26843085377818465	0.0	*
p.Ser1211=	*	*	*
p.Ser1211Ala	0.8730515104889929	0.0	*
p.Ser1211Arg	0.30929099400608323	0.0	*
p.Ser1211Asn	0.8295459635532882	0.0	*
p.Ser1211Asp	0.3334892752828836	0.0	*
p.Ser1211Cys	0.4793882392749535	0.0	*
p.Ser1211Glu	0.3963479599659818	0.0	*
p.Ser1211Gly	0.7082065641947362	0.0	*
p.Ser1211His	0.5078490232090048	0.0	*
p.Ser1211Ile	0.16388742496675254	0.0	*
p.Ser1211Leu	0.39920760070462746	0.0	*
p.Ser1211Lys	0.5563406300268712	0.0	*
p.Ser1211Met	0.6232409611370681	0.0	*
p.Ser1211Phe	0.2167492085882521	0.0	*
p.Ser1211Pro	0.12525643470551992	0.0	*
p.Ser1211Ter	0.0	0.0	*
p.Ser1211Thr	0.8535786128004096	0.0	*
p.Ser1211Trp	0.1447636719995909	0.0	*
p.Ser1211Tyr	0.1633781528088403	0.0	*
p.Ser1211Val	0.4203818342161803	0.0	*
p.Ser1246=	*	*	*
p.Ser1246Ala	0.941650410805866	0.0	*
p.Ser1246Arg	0.5710760266999666	0.0	*
p.Ser1246Asn	0.9576399978241219	0.0	*
p.Ser1246Asp	0.8108609116621593	0.0	*
p.Ser1246Cys	0.8371141552304455	0.0	*
p.Ser1246Gln	0.781026991045084	0.0	*
p.Ser1246Glu	0.8484843018571326	0.0	*
p.Ser1246Gly	0.9334091935224068	0.0	*
p.Ser1246His	0.7721339110147226	0.0	*
p.Ser1246Ile	0.2878096917369994	0.0	*
p.Ser1246Leu	0.7790131359218473	0.0	*
p.Ser1246Lys	0.758892125478907	0.0	*
p.Ser1246Met	0.9052392280926799	0.0	*
p.Ser1246Phe	0.5092988518684818	0.0	*
p.Ser1246Pro	0.6892111791419225	0.0	*
p.Ser1246Ter	0.0	0.0	*
p.Ser1246Thr	0.9572875657066547	0.0	*
p.Ser1246Trp	0.3422965944547433	0.0	*
p.Ser1246Tyr	0.4832930155125769	0.0	*
p.Ser1246Val	0.8268283891494375	0.0	*
p.Ser1272=	*	*	*
p.Ser1272Ala	0.002064733776102555	0.0	*
p.Ser1272Arg	0.0006170731009346967	0.0	*
p.Ser1272Asn	0.001305680898888916	0.0	*
p.Ser1272Asp	0.0007498800699753004	0.0	*
p.Ser1272Cys	0.002171026361091537	0.0	*
p.Ser1272Gln	0.0012695386203319878	0.0	*
p.Ser1272Glu	0.0005991277978272551	0.0	*
p.Ser1272Gly	0.0011017611434347306	0.0	*
p.Ser1272His	0.0010722250171700527	0.0	*
p.Ser1272Ile	0.0008037408721391288	0.0	*
p.Ser1272Leu	0.000791314897834139	0.0	*
p.Ser1272Lys	0.0006445530372727198	0.0	*
p.Ser1272Met	0.0010955714570975808	0.0	*
p.Ser1272Phe	0.0004250735172344358	0.0	*
p.Ser1272Pro	0.0003112338080306227	0.0	*
p.Ser1272Ter	0.0	0.0	*
p.Ser1272Thr	0.0012666282635618088	0.0	*
p.Ser1272Trp	0.000679164654302767	0.0	*
p.Ser1272Tyr	0.0005375442139001609	0.0	*
p.Ser1272Val	0.0016635997790914567	0.0	*
p.Ser1310=	*	*	*
p.Ser1310Ala	0.37006497088625123	0.0	*
p.Ser1310Arg	0.03512434809192487	0.0	*
p.Ser1310Asn	0.18064273215556229	0.0	*
p.Ser1310Asp	0.060202231531357744	0.0	*
p.Ser1310Cys	0.19301112439620474	0.0	*
p.Ser1310Gln	0.10113341223569813	0.0	*
p.Ser1310Glu	0.09643086192631894	0.0	*
p.Ser1310Gly	0.262553523797044	0.0	*
p.Ser1310His	0.08780158642018182	0.0	*
p.Ser1310Ile	0.037248136389690385	0.0	*
p.Ser1310Leu	0.085629565524475	0.0	*
p.Ser1310Lys	0.04629491308698107	0.0	*
p.Ser1310Met	0.1718927966307387	0.0	*
p.Ser1310Phe	0.03814574466005871	0.0	*
p.Ser1310Pro	0.01551012836671216	0.0	*
p.Ser1310Ter	0.0	0.0	*
p.Ser1310Thr	0.3432002738800859	0.0	*
p.Ser1310Trp	0.039554537782253596	0.0	*
p.Ser1310Tyr	0.03879990709638721	0.0	*
p.Ser1310Val	0.19639696555841135	0.0	*
p.Ser1314=	*	*	*
p.Ser1314Ala	0.14503961285973005	0.0	*
p.Ser1314Arg	0.020291162405832296	0.0	*
p.Ser1314Asn	0.09699665799471247	0.0	*
p.Ser1314Asp	0.015870575962423868	0.0	*
p.Ser1314Cys	0.06590524273424628	0.0	*
p.Ser1314Gln	0.03956403141100661	0.0	*
p.Ser1314Glu	0.024581764341522032	0.0	*
p.Ser1314Gly	0.1248825921172161	0.0	*
p.Ser1314His	0.038511422522424746	0.0	*
p.Ser1314Ile	0.025494196460032897	0.0	*
p.Ser1314Leu	0.06780123869107532	0.0	*
p.Ser1314Lys	0.02721426224639341	0.0	*
p.Ser1314Met	0.13456693473794562	0.0	*
p.Ser1314Phe	0.025392170028302918	0.0	*
p.Ser1314Pro	0.010634408946306384	0.0	*
p.Ser1314Ter	0.0	0.0	*
p.Ser1314Thr	0.19313582757389777	0.0	*
p.Ser1314Trp	0.026938769686606957	0.0	*
p.Ser1314Tyr	0.02684050822496163	0.0	*
p.Ser1314Val	0.17796608603990044	0.0	*
p.Ser1356=	*	*	*
p.Ser1356Ala	0.43580165658201475	0.0	*
p.Ser1356Arg	0.04169984563556962	0.0	*
p.Ser1356Asn	0.22256739722848978	0.0	*
p.Ser1356Asp	0.056465281660049	0.0	*
p.Ser1356Cys	0.16524416879401724	0.0	*
p.Ser1356Gln	0.11151930597481327	0.0	*
p.Ser1356Glu	0.05907917101022208	0.0	*
p.Ser1356Gly	0.4150621602096584	0.0	*
p.Ser1356His	0.11927337888677554	0.0	*
p.Ser1356Ile	0.07587771357877042	0.0	*
p.Ser1356Leu	0.16567813717016977	0.0	*
p.Ser1356Lys	0.13524988703375365	0.0	*
p.Ser1356Met	0.470495890183856	0.0	*
p.Ser1356Phe	0.06710027247586754	0.0	*
p.Ser1356Pro	0.05847969408130595	0.0	*
p.Ser1356Ter	0.0	0.0	*
p.Ser1356Thr	0.5919034851019419	0.0	*
p.Ser1356Trp	0.05349792738648223	0.0	*
p.Ser1356Tyr	0.053467484004756975	0.0	*
p.Ser1356Val	0.2957122362120754	0.0	*
p.Ser1362=	*	*	*
p.Ser1362Ala	0.5657774293721376	0.0	*
p.Ser1362Arg	0.09504092929670953	0.0	*
p.Ser1362Asn	0.4003622427633506	0.0	*
p.Ser1362Asp	0.10691767656245725	0.0	*
p.Ser1362Cys	0.2451313701235781	0.0	*
p.Ser1362Gln	0.15477679242210585	0.0	*
p.Ser1362Glu	0.11739207914602223	0.0	*
p.Ser1362Gly	0.4258928121942804	0.0	*
p.Ser1362His	0.17252378237704086	0.0	*
p.Ser1362Ile	0.0641080477906325	0.0	*
p.Ser1362Leu	0.15912110070136087	0.0	*
p.Ser1362Lys	0.10567090476957362	0.0	*
p.Ser1362Phe	0.05901744670672652	0.0	*
p.Ser1362Pro	0.05819964763068498	0.0	*
p.Ser1362Ter	0.0	0.0	*
p.Ser1362Thr	0.5049882034837372	0.0	*
p.Ser1362Trp	0.06781802893401297	0.0	*
p.Ser1362Tyr	0.052699397904080174	0.0	*
p.Ser1362Val	0.26261272816953296	0.0	*
p.Ser1363=	*	*	*
p.Ser1363Ala	0.2130445508227487	0.0	*
p.Ser1363Arg	0.026098551120512174	0.0	*
p.Ser1363Asn	0.08581095566644406	0.0	*
p.Ser1363Asp	0.040725586369968064	0.0	*
p.Ser1363Cys	0.08306485925410474	0.0	*
p.Ser1363Gln	0.05301772370945366	0.0	*
p.Ser1363Glu	0.037380659882920525	0.0	*
p.Ser1363Gly	0.12095166209213329	0.0	*
p.Ser1363His	0.048442514363315634	0.0	*
p.Ser1363Ile	0.03280227483104449	0.0	*
p.Ser1363Leu	0.04479957458050173	0.0	*
p.Ser1363Lys	0.035489833288218656	0.0	*
p.Ser1363Met	0.10060582892675182	0.0	*
p.Ser1363Phe	0.022416200608691025	0.0	*
p.Ser1363Pro	0.019022532894369042	0.0	*
p.Ser1363Ter	0.0	0.0	*
p.Ser1363Thr	0.20911670401965152	0.0	*
p.Ser1363Trp	0.026567711995194865	0.0	*
p.Ser1363Tyr	0.024153116413524568	0.0	*
p.Ser1363Val	0.10650466994462857	0.0	*
p.Ser1365=	*	*	*
p.Ser1365Ala	0.8621987235361328	0.0	*
p.Ser1365Arg	0.5370226356219429	0.0	*
p.Ser1365Asn	0.8365159735491401	0.0	*
p.Ser1365Asp	0.5803791536957049	0.0	*
p.Ser1365Cys	0.6486058799243798	0.0	*
p.Ser1365Gln	0.7088082524765759	0.0	*
p.Ser1365Glu	0.5690834033167259	0.0	*
p.Ser1365Gly	0.7577976154346641	0.0	*
p.Ser1365His	0.661507261273868	0.0	*
p.Ser1365Ile	0.4165345802334998	0.0	*
p.Ser1365Leu	0.6536807973020743	0.0	*
p.Ser1365Lys	0.6684283699753295	0.0	*
p.Ser1365Met	0.8148888895783765	0.0	*
p.Ser1365Phe	0.40675584252851016	0.0	*
p.Ser1365Pro	0.387999406506757	0.0	*
p.Ser1365Ter	0.0	0.0	*
p.Ser1365Thr	0.9552012917099237	0.0	*
p.Ser1365Trp	0.3608771081377661	0.0	*
p.Ser1365Tyr	0.34379060027815783	0.0	*
p.Ser1365Val	0.8202133640224193	0.0	*
p.Ser1369=	*	*	*
p.Ser1369Ala	0.9871728912440005	0.0	*
p.Ser1369Arg	0.7932600139638879	0.0	*
p.Ser1369Asn	0.9839872451118205	0.0	*
p.Ser1369Asp	0.833041560283179	0.0	*
p.Ser1369Cys	0.924609374280613	0.0	*
p.Ser1369Gln	0.9600036528745963	0.0	*
p.Ser1369Glu	0.9451465497845972	0.0	*
p.Ser1369Gly	0.9756708723241908	0.0	*
p.Ser1369His	0.9480603449305982	0.0	*
p.Ser1369Ile	0.6678716734604679	0.0	*
p.Ser1369Leu	0.9534524861498863	0.0	*
p.Ser1369Lys	0.9210400089757615	0.0	*
p.Ser1369Met	0.9799898061983496	0.0	*
p.Ser1369Phe	0.7748822341457728	0.0	*
p.Ser1369Pro	0.6672816308661143	0.0	*
p.Ser1369Ter	0.0	0.0	*
p.Ser1369Thr	0.9892298951520873	0.0	*
p.Ser1369Trp	0.6900604882635615	0.0	*
p.Ser1369Tyr	0.6912682415939537	0.0	*
p.Ser1369Val	0.9479517440496024	0.0	*
p.Ser1370=	*	*	*
p.Ser1370Ala	0.9547955743587038	0.0	*
p.Ser1370Arg	0.2528210345911389	0.0	*
p.Ser1370Asn	0.8047995095814254	0.0	*
p.Ser1370Asp	0.3873138971992215	0.0	*
p.Ser1370Cys	0.796800149752995	0.0	*
p.Ser1370Gln	0.5790899907365944	0.0	*
p.Ser1370Glu	0.5982438465119694	0.0	*
p.Ser1370Gly	0.8521428763908198	0.0	*
p.Ser1370His	0.5609367889180473	0.0	*
p.Ser1370Ile	0.3839177529854723	0.0	*
p.Ser1370Leu	0.5742944200027135	0.0	*
p.Ser1370Lys	0.490607770421934	0.0	*
p.Ser1370Met	0.8087689015221685	0.0	*
p.Ser1370Phe	0.3650386831439067	0.0	*
p.Ser1370Pro	0.3292251224202269	0.0	*
p.Ser1370Ter	0.0	0.0	*
p.Ser1370Thr	0.9356197650383765	0.0	*
p.Ser1370Trp	0.3016734620960327	0.0	*
p.Ser1370Tyr	0.28849724221753015	0.0	*
p.Ser1370Val	0.7936596902318176	0.0	*
p.Ser1398=	*	*	*
p.Ser1398Ala	0.9991954369810646	0.0	*
p.Ser1398Arg	0.9848239476293825	0.0	*
p.Ser1398Asn	0.9986485679327658	0.0	*
p.Ser1398Asp	0.9911143162261252	0.0	*
p.Ser1398Cys	0.9945463156864243	0.0	*
p.Ser1398Gln	0.9912888367502605	0.0	*
p.Ser1398Glu	0.9917923888849799	0.0	*
p.Ser1398Gly	0.9974791373580991	0.0	*
p.Ser1398His	0.9941667576860405	0.0	*
p.Ser1398Ile	0.9642913225402812	0.0	*
p.Ser1398Leu	0.9946439660227451	0.0	*
p.Ser1398Lys	0.994418548548514	0.0	*
p.Ser1398Met	0.9974816852296664	0.0	*
p.Ser1398Phe	0.9644385407865972	0.0	*
p.Ser1398Pro	0.9841418473777397	0.0	*
p.Ser1398Ter	0.0	0.0	*
p.Ser1398Thr	0.9988825088447068	0.0	*
p.Ser1398Trp	0.9565018640143181	0.0	*
p.Ser1398Tyr	0.9563861899997373	0.0	*
p.Ser1398Val	0.9842850552445265	0.0	*
p.Ser1401=	*	*	*
p.Ser1401Ala	0.9984130169691398	0.0	*
p.Ser1401Arg	0.9850031443956613	0.0	*
p.Ser1401Asn	0.9982583636832167	0.0	*
p.Ser1401Asp	0.9934937312644198	0.0	*
p.Ser1401Cys	0.9899009779043934	0.0	*
p.Ser1401Gln	0.9907491919337297	0.0	*
p.Ser1401Glu	0.9925890546445155	0.0	*
p.Ser1401Gly	0.9965819042620362	0.0	*
p.Ser1401His	0.9935506749901787	0.0	*
p.Ser1401Ile	0.9651572886114894	0.0	*
p.Ser1401Leu	0.9897745047010446	0.0	*
p.Ser1401Lys	0.9924046276719971	0.0	*
p.Ser1401Met	0.9960554850553425	0.0	*
p.Ser1401Phe	0.9717291104386705	0.0	*
p.Ser1401Pro	0.9818160417370739	0.0	*
p.Ser1401Ter	0.0	0.0	*
p.Ser1401Thr	0.9993095031781912	0.0	*
p.Ser1401Trp	0.9498273059622642	0.0	*
p.Ser1401Tyr	0.9611700105893309	0.0	*
p.Ser1401Val	0.9927630454762442	0.0	*
p.Ser1413=	*	*	*
p.Ser1413Ala	0.9986200960046134	0.0	*
p.Ser1413Arg	0.9971648506261119	0.0	*
p.Ser1413Asn	0.9989332680835084	0.0	*
p.Ser1413Asp	0.9959140081128705	0.0	*
p.Ser1413Cys	0.9929745625548659	0.0	*
p.Ser1413Gln	0.9965915982507708	0.0	*
p.Ser1413Glu	0.995780506165849	0.0	*
p.Ser1413Gly	0.9972691163204256	0.0	*
p.Ser1413His	0.9950841152163531	0.0	*
p.Ser1413Ile	0.9773731522684783	0.0	*
p.Ser1413Leu	0.9970965490507522	0.0	*
p.Ser1413Lys	0.9977013346891743	0.0	*
p.Ser1413Met	0.9985262447222626	0.0	*
p.Ser1413Phe	0.9870678761321092	0.0	*
p.Ser1413Pro	0.9946914305480966	0.0	*
p.Ser1413Ter	0.0	0.0	*
p.Ser1413Thr	0.9991301166495173	0.0	*
p.Ser1413Trp	0.9730584960080034	0.0	*
p.Ser1413Tyr	0.9831761688383556	0.0	*
p.Ser1413Val	0.9919357922095028	0.0	*
p.Ser1423=	*	*	*
p.Ser1423Ala	0.9976321717784409	0.0	*
p.Ser1423Arg	0.9931145867841473	0.0	*
p.Ser1423Asn	0.9979512813392657	0.0	*
p.Ser1423Asp	0.9936633868080602	0.0	*
p.Ser1423Cys	0.98275942584154	0.0	*
p.Ser1423Gln	0.9948582805154119	0.0	*
p.Ser1423Glu	0.995225600900191	0.0	*
p.Ser1423Gly	0.994414909905061	0.0	*
p.Ser1423His	0.9923541441925388	0.0	*
p.Ser1423Ile	0.975712194631322	0.0	*
p.Ser1423Leu	0.9918696393711491	0.0	*
p.Ser1423Lys	0.9946723612166787	0.0	*
p.Ser1423Met	0.9961899324136068	0.0	*
p.Ser1423Phe	0.9763411287730195	0.0	*
p.Ser1423Pro	0.9951440302713764	0.0	*
p.Ser1423Ter	0.0	0.0	*
p.Ser1423Thr	0.9990559873341864	0.0	*
p.Ser1423Trp	0.9429008584013402	0.0	*
p.Ser1423Tyr	0.9702892671725029	0.0	*
p.Ser1423Val	0.9933400473503128	0.0	*
p.Ser1426=	*	*	*
p.Ser1426Ala	0.9343029524760449	0.0	*
p.Ser1426Arg	0.8275631870598547	0.0	*
p.Ser1426Asn	0.9529543212791367	0.0	*
p.Ser1426Asp	0.9195191981108047	0.0	*
p.Ser1426Cys	0.7962667811046458	0.0	*
p.Ser1426Gln	0.8052262962687814	0.0	*
p.Ser1426Glu	0.8262477207943649	0.0	*
p.Ser1426Gly	0.9303532395591473	0.0	*
p.Ser1426His	0.867686972579277	0.0	*
p.Ser1426Ile	0.5913087341071689	0.0	*
p.Ser1426Leu	0.8382345943286562	0.0	*
p.Ser1426Lys	0.8385166398086727	0.0	*
p.Ser1426Met	0.9323028941649112	0.0	*
p.Ser1426Phe	0.5881105072565029	0.0	*
p.Ser1426Pro	0.7474175995641945	0.0	*
p.Ser1426Ter	0.0	0.0	*
p.Ser1426Thr	0.9800863500406566	0.0	*
p.Ser1426Trp	0.5408342145918728	0.0	*
p.Ser1426Tyr	0.62297851092397	0.0	*
p.Ser1426Val	0.8478967354540358	0.0	*
p.Ser1429=	*	*	*
p.Ser1429Ala	0.957250793261873	0.0	*
p.Ser1429Arg	0.9450854672921031	0.0	*
p.Ser1429Asn	0.9841011392580792	0.0	*
p.Ser1429Asp	0.9477859295887124	0.0	*
p.Ser1429Cys	0.8793148626124183	0.0	*
p.Ser1429Gln	0.929048176210901	0.0	*
p.Ser1429Glu	0.9519250573513652	0.0	*
p.Ser1429Gly	0.9589155321708754	0.0	*
p.Ser1429His	0.9183728732527451	0.0	*
p.Ser1429Ile	0.812209721834858	0.0	*
p.Ser1429Leu	0.9455861314053222	0.0	*
p.Ser1429Lys	0.9259596778993588	0.0	*
p.Ser1429Met	0.9530872102285464	0.0	*
p.Ser1429Phe	0.8266565519845446	0.0	*
p.Ser1429Pro	0.9492367689834277	0.0	*
p.Ser1429Ter	0.0	0.0	*
p.Ser1429Thr	0.9911614342960764	0.0	*
p.Ser1429Trp	0.806103283365994	0.0	*
p.Ser1429Tyr	0.8836647419684134	0.0	*
p.Ser1429Val	0.9606088745955341	0.0	*
p.Ser1431=	*	*	*
p.Ser1431Ala	0.9585371290192143	0.0	*
p.Ser1431Arg	0.7927488554486672	0.0	*
p.Ser1431Asn	0.9690581020126127	0.0	*
p.Ser1431Asp	0.8514322631644374	0.0	*
p.Ser1431Cys	0.9166990730649563	0.0	*
p.Ser1431Gln	0.8862747767653908	0.0	*
p.Ser1431Glu	0.8644356254247083	0.0	*
p.Ser1431Gly	0.9190569694167772	0.0	*
p.Ser1431His	0.8859549649748384	0.0	*
p.Ser1431Ile	0.6033064303591417	0.0	*
p.Ser1431Leu	0.9021071507206981	0.0	*
p.Ser1431Lys	0.8591446305506827	0.0	*
p.Ser1431Met	0.9475489265234988	0.0	*
p.Ser1431Phe	0.6005836464301604	0.0	*
p.Ser1431Pro	0.8321497207395644	0.0	*
p.Ser1431Ter	0.0	0.0	*
p.Ser1431Thr	0.981814653997808	0.0	*
p.Ser1431Trp	0.6211315361588008	0.0	*
p.Ser1431Tyr	0.6080615724681813	0.0	*
p.Ser1431Val	0.878954370893401	0.0	*
p.Ser1432=	*	*	*
p.Ser1432Ala	0.6944073687123874	0.0	*
p.Ser1432Arg	0.4891770435539753	0.0	*
p.Ser1432Asn	0.7832572138495648	0.0	*
p.Ser1432Asp	0.4282748033174267	0.0	*
p.Ser1432Cys	0.5396987244992125	0.0	*
p.Ser1432Gln	0.43925367279773814	0.0	*
p.Ser1432Glu	0.4013429562354396	0.0	*
p.Ser1432Gly	0.6014074176896038	0.0	*
p.Ser1432His	0.4558797802606818	0.0	*
p.Ser1432Ile	0.3197749460728887	0.0	*
p.Ser1432Leu	0.622470850063663	0.0	*
p.Ser1432Lys	0.4811007154468849	0.0	*
p.Ser1432Met	0.7452926570502758	0.0	*
p.Ser1432Phe	0.2995799812476484	0.0	*
p.Ser1432Pro	0.4303634918345902	0.0	*
p.Ser1432Ter	0.0	0.0	*
p.Ser1432Thr	0.8733162112996001	0.0	*
p.Ser1432Trp	0.3436876707324566	0.0	*
p.Ser1432Tyr	0.3290004774729272	0.0	*
p.Ser1432Val	0.6179966528217188	0.0	*
p.Ser1435=	*	*	*
p.Ser1435Ala	0.8055919708919156	0.0	*
p.Ser1435Arg	0.5659941727945572	0.0	*
p.Ser1435Asn	0.8587469539901543	0.0	*
p.Ser1435Asp	0.7747156513053858	0.0	*
p.Ser1435Cys	0.7940183809400045	0.0	*
p.Ser1435Gln	0.47095822513712987	0.0	*
p.Ser1435Glu	0.775609870900698	0.0	*
p.Ser1435Gly	0.8707983476200498	0.0	*
p.Ser1435His	0.642064458749578	0.0	*
p.Ser1435Ile	0.3408142823248726	0.0	*
p.Ser1435Leu	0.599788946156901	0.0	*
p.Ser1435Lys	0.582159142907674	0.0	*
p.Ser1435Met	0.7724946618638904	0.0	*
p.Ser1435Phe	0.4248291779583111	0.0	*
p.Ser1435Pro	0.705154508730282	0.0	*
p.Ser1435Ter	0.0	0.0	*
p.Ser1435Thr	0.9453694501977918	0.0	*
p.Ser1435Trp	0.47073598519745624	0.0	*
p.Ser1435Tyr	0.46018487593856416	0.0	*
p.Ser1435Val	0.8165224861546017	0.0	*
p.Ser1439=	*	*	*
p.Ser1439Ala	0.9125294395431833	0.0	*
p.Ser1439Arg	0.879383990772	0.0	*
p.Ser1439Asn	0.9508475663433891	0.0	*
p.Ser1439Asp	0.8820042509488558	0.0	*
p.Ser1439Cys	0.6690617456380081	0.0	*
p.Ser1439Gln	0.7186928749892468	0.0	*
p.Ser1439Glu	0.8735024452549076	0.0	*
p.Ser1439Gly	0.900596377500018	0.0	*
p.Ser1439His	0.7760649081299811	0.0	*
p.Ser1439Ile	0.621960250112961	0.0	*
p.Ser1439Leu	0.8112472185526168	0.0	*
p.Ser1439Lys	0.7642845319457333	0.0	*
p.Ser1439Met	0.8969399921330657	0.0	*
p.Ser1439Phe	0.4901992872436473	0.0	*
p.Ser1439Pro	0.8974970990205925	0.0	*
p.Ser1439Ter	0.0	0.0	*
p.Ser1439Thr	0.9433858489220072	0.0	*
p.Ser1439Trp	0.572971920013216	0.0	*
p.Ser1439Tyr	0.5617966472542928	0.0	*
p.Ser1439Val	0.8237314767571762	0.0	*
p.Ser1442=	*	*	*
p.Ser1442Ala	0.9759427424736835	0.0	*
p.Ser1442Arg	0.9353030450954276	0.0	*
p.Ser1442Asn	0.989530045640972	0.0	*
p.Ser1442Asp	0.9680000777047713	0.0	*
p.Ser1442Cys	0.9376826659037281	0.0	*
p.Ser1442Gln	0.9102033255629661	0.0	*
p.Ser1442Glu	0.9730609444465667	0.0	*
p.Ser1442Gly	0.9836859508377963	0.0	*
p.Ser1442His	0.9488336305742224	0.0	*
p.Ser1442Ile	0.8488961614932506	0.0	*
p.Ser1442Leu	0.9410019232400907	0.0	*
p.Ser1442Lys	0.9037154929227363	0.0	*
p.Ser1442Met	0.9674917639037528	0.0	*
p.Ser1442Phe	0.7896281473132175	0.0	*
p.Ser1442Pro	0.981653165869676	0.0	*
p.Ser1442Ter	0.0	0.0	*
p.Ser1442Thr	0.9867248549366762	0.0	*
p.Ser1442Trp	0.8463637100531922	0.0	*
p.Ser1442Tyr	0.8343407897727743	0.0	*
p.Ser1442Val	0.9462594168817489	0.0	*
p.Ser1453=	*	*	*
p.Ser1453Ala	0.9277784756952256	0.0	*
p.Ser1453Arg	0.8580100417409025	0.0	*
p.Ser1453Asn	0.9129671386248522	0.0	*
p.Ser1453Asp	0.9533815394989072	0.0	*
p.Ser1453Cys	0.860023291743151	0.0	*
p.Ser1453Gln	0.9381954822423529	0.0	*
p.Ser1453Glu	0.9000886312328493	0.0	*
p.Ser1453Gly	0.9214027259985957	0.0	*
p.Ser1453His	0.8463635307924704	0.0	*
p.Ser1453Ile	0.6353639167332114	0.0	*
p.Ser1453Leu	0.8667728780647118	0.0	*
p.Ser1453Lys	0.8516067668287426	0.0	*
p.Ser1453Met	0.8905454468344132	0.0	*
p.Ser1453Phe	0.6621637794292549	0.0	*
p.Ser1453Pro	0.8953178291979678	0.0	*
p.Ser1453Ter	0.0	0.0	*
p.Ser1453Thr	0.9668900852384722	0.0	*
p.Ser1453Trp	0.6286201739544454	0.0	*
p.Ser1453Tyr	0.7996667090706456	0.0	*
p.Ser1453Val	0.8543653674027077	0.0	*
p.Ser721=	*	*	*
p.Ser721Ala	0.5579912672291991	0.0	*
p.Ser721Arg	0.08196759621624587	0.0	*
p.Ser721Asn	0.3485256883605674	0.0	*
p.Ser721Asp	0.07776258684444189	0.0	*
p.Ser721Cys	0.35321948219502575	0.0	*
p.Ser721Gln	0.10691343458768912	0.0	*
p.Ser721Glu	0.08595086171629872	0.0	*
p.Ser721Gly	0.45492951167489426	0.0	*
p.Ser721His	0.1169718871534915	0.0	*
p.Ser721Ile	0.04339048276561815	0.0	*
p.Ser721Leu	0.09500958217376562	0.0	*
p.Ser721Lys	0.08028616968777297	0.0	*
p.Ser721Met	0.39770142440972484	0.0	*
p.Ser721Phe	0.03339501663714549	0.0	*
p.Ser721Pro	0.04683850321572463	0.0	*
p.Ser721Ter	0.0	0.0	*
p.Ser721Thr	0.3213139756507507	0.0	*
p.Ser721Trp	0.03734208493228401	0.0	*
p.Ser721Tyr	0.03502403654723581	0.0	*
p.Ser721Val	0.0895566617330537	0.0	*
p.Ser726=	*	*	*
p.Ser726Ala	0.995088379981775	0.0	*
p.Ser726Arg	0.9411234569817237	0.0	*
p.Ser726Asn	0.9930229819319681	0.0	*
p.Ser726Asp	0.9488232183220856	0.0	*
p.Ser726Cys	0.9699211842809784	0.0	*
p.Ser726Gln	0.9545827708808902	0.0	*
p.Ser726Glu	0.9547335229642008	0.0	*
p.Ser726Gly	0.9928994414666507	0.0	*
p.Ser726His	0.9546356331625426	0.0	*
p.Ser726Ile	0.8132180556064924	0.0	*
p.Ser726Leu	0.9775818349599869	0.0	*
p.Ser726Lys	0.9621564224404142	0.0	*
p.Ser726Met	0.9934353635398367	0.0	*
p.Ser726Phe	0.8567846693159609	0.0	*
p.Ser726Pro	0.859534971561874	0.0	*
p.Ser726Ter	0.0	0.0	*
p.Ser726Thr	0.9963820403072162	0.0	*
p.Ser726Trp	0.7844882556574255	0.0	*
p.Ser726Tyr	0.7752069311551282	0.0	*
p.Ser726Val	0.9764349607408126	0.0	*
p.Ser738=	*	*	*
p.Ser738Ala	0.9503344031309534	0.0	*
p.Ser738Arg	0.5808530840513734	0.0	*
p.Ser738Asn	0.9255530020363383	0.0	*
p.Ser738Asp	0.5343471504430389	0.0	*
p.Ser738Cys	0.8541561530509644	0.0	*
p.Ser738Gln	0.5886360592541928	0.0	*
p.Ser738Glu	0.533115568153519	0.0	*
p.Ser738Gly	0.8524585931918456	0.0	*
p.Ser738His	0.5948746604693909	0.0	*
p.Ser738Ile	0.3703302463620615	0.0	*
p.Ser738Leu	0.7544143477128473	0.0	*
p.Ser738Met	0.9409493764421955	0.0	*
p.Ser738Phe	0.412255152540315	0.0	*
p.Ser738Pro	0.3093783312731946	0.0	*
p.Ser738Ter	0.0	0.0	*
p.Ser738Thr	0.9650999294022043	0.0	*
p.Ser738Trp	0.31664715605417726	0.0	*
p.Ser738Tyr	0.4237115331786772	0.0	*
p.Ser738Val	0.8417225237378342	0.0	*
p.Ser744=	*	*	*
p.Ser744Ala	0.536023835386868	0.0	*
p.Ser744Arg	0.050947181480601574	0.0	*
p.Ser744Asp	0.06351437986946304	0.0	*
p.Ser744Cys	0.2620776087586395	0.0	*
p.Ser744Gly	0.37878152568939344	0.0	*
p.Ser744His	0.10475685801232591	0.0	*
p.Ser744Ile	0.05208631459598064	0.0	*
p.Ser744Leu	0.1480953925061302	0.0	*
p.Ser744Phe	0.03934693255260319	0.0	*
p.Ser744Pro	0.018780475001979612	0.0	*
p.Ser744Ter	0.0	0.0	*
p.Ser744Thr	0.3011569051973339	0.0	*
p.Ser744Trp	0.05283659645958286	0.0	*
p.Ser744Tyr	0.05153705886080716	0.0	*
p.Ser744Val	0.21522554651342038	0.0	*
p.Ser759=	*	*	*
p.Ser759Ala	0.2940328598776989	0.0	*
p.Ser759Arg	0.09822658372903215	0.0	*
p.Ser759Asn	0.1627110551383166	0.0	*
p.Ser759Asp	0.05072700038578392	0.0	*
p.Ser759Cys	0.17567713055579598	0.0	*
p.Ser759Gln	0.13302247497449468	0.0	*
p.Ser759Glu	0.08759638561653162	0.0	*
p.Ser759Gly	0.14412728922114876	0.0	*
p.Ser759His	0.07131077314140251	0.0	*
p.Ser759Ile	0.05053010631414612	0.0	*
p.Ser759Leu	0.11502751323044733	0.0	*
p.Ser759Lys	0.0829904311800183	0.0	*
p.Ser759Met	0.245927002756078	0.0	*
p.Ser759Phe	0.03450313405482135	0.0	*
p.Ser759Pro	0.0240571441404267	0.0	*
p.Ser759Ter	0.0	0.0	*
p.Ser759Thr	0.31261554625873456	0.0	*
p.Ser759Trp	0.04084181238013416	0.0	*
p.Ser759Tyr	0.0432733925382606	0.0	*
p.Ser759Val	0.1247076082769716	0.0	*
p.Ser786=	*	*	*
p.Ser786Ala	0.44561026079938315	0.0	*
p.Ser786Arg	0.11449993226783083	0.0	*
p.Ser786Asn	0.3713679541036805	0.0	*
p.Ser786Asp	0.11123735932131354	0.0	*
p.Ser786Cys	0.18913701428731	0.0	*
p.Ser786Gln	0.14416929923993455	0.0	*
p.Ser786Glu	0.06794422926859697	0.0	*
p.Ser786Gly	0.24350039013506194	0.0	*
p.Ser786His	0.12591275664301516	0.0	*
p.Ser786Ile	0.0508384882279139	0.0	*
p.Ser786Leu	0.1750165189099404	0.0	*
p.Ser786Lys	0.11215582247373751	0.0	*
p.Ser786Met	0.304828067459534	0.0	*
p.Ser786Phe	0.043385680087360934	0.0	*
p.Ser786Pro	0.03781133802853552	0.0	*
p.Ser786Ter	0.0	0.0	*
p.Ser786Thr	0.4071140522995646	0.0	*
p.Ser786Trp	0.05071861584952131	0.0	*
p.Ser786Tyr	0.04881952528939225	0.0	*
p.Ser786Val	0.10263222753290205	0.0	*
p.Ser789=	*	*	*
p.Ser789Ala	0.34042133992736395	0.0	*
p.Ser789Arg	0.15675709960892312	0.0	*
p.Ser789Asn	0.22433811218074298	0.0	*
p.Ser789Asp	0.27262332826248503	0.0	*
p.Ser789Cys	0.38380096397166813	0.0	*
p.Ser789Gln	0.21905785316773338	0.0	*
p.Ser789Glu	0.15799325915145984	0.0	*
p.Ser789Gly	0.29015548324054113	0.0	*
p.Ser789His	0.17016242103792512	0.0	*
p.Ser789Ile	0.08120537322014862	0.0	*
p.Ser789Leu	0.20728497797603762	0.0	*
p.Ser789Lys	0.20870694709983684	0.0	*
p.Ser789Met	0.3138744511717679	0.0	*
p.Ser789Phe	0.08397122274087358	0.0	*
p.Ser789Pro	0.07968520797686458	0.0	*
p.Ser789Ter	0.0	0.0	*
p.Ser789Thr	0.5623819430030621	0.0	*
p.Ser789Trp	0.08702528535652629	0.0	*
p.Ser789Tyr	0.09631634909664666	0.0	*
p.Ser789Val	0.2334399389277724	0.0	*
p.Ser797=	*	*	*
p.Ser797Ala	0.650301076493269	0.0	*
p.Ser797Arg	0.21484340478872221	0.0	*
p.Ser797Asn	0.5858732311087557	0.0	*
p.Ser797Asp	0.3594873502606992	0.0	*
p.Ser797Cys	0.5784165652642235	0.0	*
p.Ser797Gln	0.6002714594400635	0.0	*
p.Ser797Glu	0.522751300055349	0.0	*
p.Ser797Gly	0.6553575996909565	0.0	*
p.Ser797His	0.49636130416160373	0.0	*
p.Ser797Ile	0.10375378794682437	0.0	*
p.Ser797Leu	0.40664945763802923	0.0	*
p.Ser797Lys	0.3595909035692964	0.0	*
p.Ser797Met	0.5927801751660442	0.0	*
p.Ser797Phe	0.13985073171661339	0.0	*
p.Ser797Pro	0.13866001989458152	0.0	*
p.Ser797Ter	0.0	0.0	*
p.Ser797Thr	0.7487763030292645	0.0	*
p.Ser797Trp	0.15853459653930155	0.0	*
p.Ser797Tyr	0.17563967630979535	0.0	*
p.Ser797Val	0.4104573597534785	0.0	*
p.Ser855=	*	*	*
p.Ser855Ala	0.20415043324436347	0.0	*
p.Ser855Arg	0.0608586174298405	0.0	*
p.Ser855Asn	0.18587552528441872	0.0	*
p.Ser855Asp	0.07104921022350527	0.0	*
p.Ser855Cys	0.1139060023043814	0.0	*
p.Ser855Gln	0.14568790482635616	0.0	*
p.Ser855Glu	0.06557942131168759	0.0	*
p.Ser855Gly	0.08878519179014686	0.0	*
p.Ser855His	0.06292241964197294	0.0	*
p.Ser855Ile	0.028912351050767882	0.0	*
p.Ser855Leu	0.05011561404196628	0.0	*
p.Ser855Lys	0.07490251986924439	0.0	*
p.Ser855Met	0.10815824824349968	0.0	*
p.Ser855Phe	0.031159283013650552	0.0	*
p.Ser855Pro	0.03009015760178281	0.0	*
p.Ser855Ter	0.0	0.0	*
p.Ser855Thr	0.14785182350538634	0.0	*
p.Ser855Trp	0.030525538832956983	0.0	*
p.Ser855Tyr	0.03736649495935691	0.0	*
p.Ser855Val	0.07714454057082491	0.0	*
p.Ser870=	*	*	*
p.Ser870Ala	0.9086981592468018	0.0	*
p.Ser870Arg	0.6039532108323388	0.0	*
p.Ser870Asn	0.8957626564097847	0.0	*
p.Ser870Asp	0.6015292841663128	0.0	*
p.Ser870Cys	0.6134240605172401	0.0	*
p.Ser870Gln	0.5846233544399502	0.0	*
p.Ser870Glu	0.7287427816243338	0.0	*
p.Ser870Gly	0.8008352010619276	0.0	*
p.Ser870His	0.527450974259448	0.0	*
p.Ser870Ile	0.32330312719421767	0.0	*
p.Ser870Leu	0.6065833266070976	0.0	*
p.Ser870Lys	0.6575645646394169	0.0	*
p.Ser870Met	0.7043052879885492	0.0	*
p.Ser870Phe	0.2619562756139799	0.0	*
p.Ser870Pro	0.5747049504898799	0.0	*
p.Ser870Ter	0.0	0.0	*
p.Ser870Thr	0.870745220696274	0.0	*
p.Ser870Trp	0.2965572415750877	0.0	*
p.Ser870Tyr	0.24196574182284697	0.0	*
p.Ser870Val	0.6660198772036545	0.0	*
p.Ser876=	*	*	*
p.Ser876Ala	0.0658582610291358	0.0	*
p.Ser876Arg	0.0062746639047474755	0.0	*
p.Ser876Asn	0.02716673435985104	0.0	*
p.Ser876Asp	0.010505388580477767	0.0	*
p.Ser876Cys	0.025384314568285816	0.0	*
p.Ser876Gln	0.01985343758335814	0.0	*
p.Ser876Glu	0.01245817314979942	0.0	*
p.Ser876Gly	0.04452999374516344	0.0	*
p.Ser876His	0.01656208199348124	0.0	*
p.Ser876Ile	0.01032449816169785	0.0	*
p.Ser876Leu	0.021319771349670228	0.0	*
p.Ser876Lys	0.011848865304809404	0.0	*
p.Ser876Met	0.04201361296472568	0.0	*
p.Ser876Phe	0.007864496554412886	0.0	*
p.Ser876Pro	0.006823343895470513	0.0	*
p.Ser876Ter	0.0	0.0	*
p.Ser876Thr	0.06835951892737217	0.0	*
p.Ser876Trp	0.012929077882751244	0.0	*
p.Ser876Tyr	0.009209320371857023	0.0	*
p.Ser876Val	0.040464834647731755	0.0	*
p.Ser882=	*	*	*
p.Ser882Ala	0.8422970231495226	0.0	*
p.Ser882Arg	0.30857278556279405	0.0	*
p.Ser882Asn	0.5990985138136365	0.0	*
p.Ser882Asp	0.37351028694498484	0.0	*
p.Ser882Cys	0.8492807282155915	0.0	*
p.Ser882Gln	0.6467055637884994	0.0	*
p.Ser882Glu	0.6109491429437457	0.0	*
p.Ser882Gly	0.874799951227058	0.0	*
p.Ser882His	0.6482330315770338	0.0	*
p.Ser882Ile	0.33517013488129094	0.0	*
p.Ser882Leu	0.6553519488962455	0.0	*
p.Ser882Lys	0.6808007827283915	0.0	*
p.Ser882Met	0.8805216257331537	0.0	*
p.Ser882Phe	0.5643746594256934	0.0	*
p.Ser882Pro	0.5282096166823803	0.0	*
p.Ser882Ter	0.0	0.0	*
p.Ser882Thr	0.9575099304483707	0.0	*
p.Ser882Trp	0.4568908387908476	0.0	*
p.Ser882Tyr	0.34255212873355284	0.0	*
p.Ser882Val	0.8560966698599403	0.0	*
p.Ser909=	*	*	*
p.Ser909Ala	0.020216825556627172	0.0	*
p.Ser909Arg	0.0071202034567830474	0.0	*
p.Ser909Asn	0.017264481688470584	0.0	*
p.Ser909Asp	0.008397386026739558	0.0	*
p.Ser909Cys	0.010006645356557183	0.0	*
p.Ser909Gln	0.014166690528577969	0.0	*
p.Ser909Glu	0.008090112898225775	0.0	*
p.Ser909Gly	0.017891234374725336	0.0	*
p.Ser909His	0.009765845665458609	0.0	*
p.Ser909Ile	0.00538325562511502	0.0	*
p.Ser909Leu	0.007855840713414261	0.0	*
p.Ser909Lys	0.008117057591447928	0.0	*
p.Ser909Met	0.015353800266724971	0.0	*
p.Ser909Phe	0.004428226173868449	0.0	*
p.Ser909Pro	0.003573645143303545	0.0	*
p.Ser909Ter	0.0	0.0	*
p.Ser909Thr	0.02295058558091191	0.0	*
p.Ser909Trp	0.005812604349042714	0.0	*
p.Ser909Tyr	0.0060078481036388385	0.0	*
p.Ser909Val	0.013653945789776464	0.0	*
p.Ser921=	*	*	*
p.Ser921Ala	0.04614705121973097	0.0	*
p.Ser921Arg	0.0076902570021607376	0.0	*
p.Ser921Asn	0.013297217534637713	0.0	*
p.Ser921Asp	0.010428829376455334	0.0	*
p.Ser921Cys	0.04606953355663295	0.0	*
p.Ser921Gln	0.021460455766259105	0.0	*
p.Ser921Glu	0.007761693637440143	0.0	*
p.Ser921Gly	0.020152824294404043	0.0	*
p.Ser921His	0.009371398491264778	0.0	*
p.Ser921Ile	0.009802520429871515	0.0	*
p.Ser921Leu	0.01205028862107112	0.0	*
p.Ser921Lys	0.012095991040933103	0.0	*
p.Ser921Met	0.020284288378470173	0.0	*
p.Ser921Phe	0.00700588568708942	0.0	*
p.Ser921Pro	0.004344441674459273	0.0	*
p.Ser921Ter	0.0	0.0	*
p.Ser921Thr	0.05280569595885565	0.0	*
p.Ser921Trp	0.009222381160467547	0.0	*
p.Ser921Tyr	0.008952076363463941	0.0	*
p.Ser921Val	0.03448193831292443	0.0	*
p.Ser932=	*	*	*
p.Ser932Ala	0.2963740878055014	0.0	*
p.Ser932Arg	0.030465208296130534	0.0	*
p.Ser932Asn	0.16349567470682722	0.0	*
p.Ser932Asp	0.039208435145577765	0.0	*
p.Ser932Cys	0.23681305170163505	0.0	*
p.Ser932Gln	0.04984032867293537	0.0	*
p.Ser932Glu	0.05093253536916121	0.0	*
p.Ser932Gly	0.2506168158212157	0.0	*
p.Ser932His	0.05060087012393928	0.0	*
p.Ser932Ile	0.03418726817752545	0.0	*
p.Ser932Leu	0.0829524788231206	0.0	*
p.Ser932Lys	0.046861739399895554	0.0	*
p.Ser932Met	0.19517196640768458	0.0	*
p.Ser932Phe	0.03539136425156839	0.0	*
p.Ser932Pro	0.028255120746306834	0.0	*
p.Ser932Ter	0.0	0.0	*
p.Ser932Thr	0.21738884575001935	0.0	*
p.Ser932Trp	0.036617412354786924	0.0	*
p.Ser932Tyr	0.03889038382653898	0.0	*
p.Ser932Val	0.13296829184493636	0.0	*
p.Ser962=	*	*	*
p.Ser962Ala	0.9972532010658717	0.0	*
p.Ser962Arg	0.9702205837612555	0.0	*
p.Ser962Asn	0.9944052904753463	0.0	*
p.Ser962Asp	0.9835274519068596	0.0	*
p.Ser962Cys	0.9887628469179132	0.0	*
p.Ser962Gln	0.9733972841560283	0.0	*
p.Ser962Glu	0.9771680743763472	0.0	*
p.Ser962Gly	0.9978755693389945	0.0	*
p.Ser962His	0.9769075605114397	0.0	*
p.Ser962Ile	0.872517670678993	0.0	*
p.Ser962Leu	0.9751180510730155	0.0	*
p.Ser962Lys	0.9857272644508557	0.0	*
p.Ser962Met	0.9923492046221667	0.0	*
p.Ser962Phe	0.9288944458455144	0.0	*
p.Ser962Pro	0.957549121480813	0.0	*
p.Ser962Ter	0.0	0.0	*
p.Ser962Thr	0.9975272958356882	0.0	*
p.Ser962Trp	0.8374528619662702	0.0	*
p.Ser962Tyr	0.9050328725897726	0.0	*
p.Ser962Val	0.9694737231712314	0.0	*
p.Ser975=	*	*	*
p.Ser975Ala	0.2808001364608431	0.0	*
p.Ser975Arg	0.027386278068336316	0.0	*
p.Ser975Asn	0.08654667020923817	0.0	*
p.Ser975Asp	0.05601679148937604	0.0	*
p.Ser975Cys	0.11930409830240427	0.0	*
p.Ser975Gln	0.04854355973289126	0.0	*
p.Ser975Glu	0.034326154801406085	0.0	*
p.Ser975Gly	0.20670790203756012	0.0	*
p.Ser975His	0.02970424237382284	0.0	*
p.Ser975Ile	0.030210099097018	0.0	*
p.Ser975Leu	0.06676950683341938	0.0	*
p.Ser975Lys	0.034915167997724116	0.0	*
p.Ser975Met	0.1311183936816918	0.0	*
p.Ser975Phe	0.024269464278803513	0.0	*
p.Ser975Pro	0.016772196746029252	0.0	*
p.Ser975Ter	0.0	0.0	*
p.Ser975Thr	0.25220905330183785	0.0	*
p.Ser975Trp	0.028923209148233892	0.0	*
p.Ser975Tyr	0.029695767688582408	0.0	*
p.Ser975Val	0.1643537757461746	0.0	*
p.Ser986=	*	*	*
p.Ser986Ala	0.016294105468229406	0.0	*
p.Ser986Arg	0.002284187004885586	0.0	*
p.Ser986Asn	0.007500048109274806	0.0	*
p.Ser986Asp	0.0013314396733854564	0.0	*
p.Ser986Cys	0.003043365736138249	0.0	*
p.Ser986Gln	0.0046134751224684595	0.0	*
p.Ser986Glu	0.0019013291061307348	0.0	*
p.Ser986Gly	0.006926299488451948	0.0	*
p.Ser986His	0.0022717337989486552	0.0	*
p.Ser986Ile	0.0028907193134710433	0.0	*
p.Ser986Leu	0.004770462799689523	0.0	*
p.Ser986Lys	0.002075349398199599	0.0	*
p.Ser986Met	0.009569952160793265	0.0	*
p.Ser986Phe	0.0012048284414625055	0.0	*
p.Ser986Pro	0.0008664018146385928	0.0	*
p.Ser986Ter	0.0	0.0	*
p.Ser986Thr	0.0069417564004251985	0.0	*
p.Ser986Trp	0.0023722317142503653	0.0	*
p.Ser986Tyr	0.002027987997736547	0.0	*
p.Ser986Val	0.006567655480350522	0.0	*
p.Thr1023=	*	*	*
p.Thr1023Ala	0.9143938958037208	0.0	*
p.Thr1023Arg	0.19146376947222826	0.0	*
p.Thr1023Asn	0.4813393277574947	0.0	*
p.Thr1023Asp	0.08206654347958647	0.0	*
p.Thr1023Cys	0.7353824040100817	0.0	*
p.Thr1023Gln	0.4401422165276318	0.0	*
p.Thr1023Glu	0.06991935234304301	0.0	*
p.Thr1023Gly	0.3877495244465377	0.0	*
p.Thr1023His	0.19674977364910876	0.0	*
p.Thr1023Ile	0.1746970045460501	0.0	*
p.Thr1023Leu	0.31308808709559555	0.0	*
p.Thr1023Lys	0.2704146422021027	0.0	*
p.Thr1023Met	0.6908052159279515	0.0	*
p.Thr1023Phe	0.13535195164359332	0.0	*
p.Thr1023Pro	0.06754877345279169	0.0	*
p.Thr1023Ser	0.9667534408577036	0.0	*
p.Thr1023Ter	0.0	0.0	*
p.Thr1023Trp	0.11734557397374917	0.0	*
p.Thr1023Tyr	0.08118236499186296	0.0	*
p.Thr1023Val	0.16739399957161574	0.0	*
p.Thr1029=	*	*	*
p.Thr1029Ala	0.22414466327238525	0.0	*
p.Thr1029Arg	0.025437670928414292	0.0	*
p.Thr1029Asn	0.11580559529005732	0.0	*
p.Thr1029Asp	0.028515303389681418	0.0	*
p.Thr1029Cys	0.04321343338586058	0.0	*
p.Thr1029Gln	0.07305035640779826	0.0	*
p.Thr1029Glu	0.02527927350516542	0.0	*
p.Thr1029Gly	0.053535093373294144	0.0	*
p.Thr1029His	0.054853219402744485	0.0	*
p.Thr1029Ile	0.05239973740388504	0.0	*
p.Thr1029Leu	0.07577500355777583	0.0	*
p.Thr1029Lys	0.0661047885408278	0.0	*
p.Thr1029Met	0.20050848152480782	0.0	*
p.Thr1029Phe	0.03688882771651981	0.0	*
p.Thr1029Pro	0.01315871543240326	0.0	*
p.Thr1029Ser	0.471312379374435	0.0	*
p.Thr1029Ter	0.0	0.0	*
p.Thr1029Trp	0.02767130041445755	0.0	*
p.Thr1029Tyr	0.03480210687995232	0.0	*
p.Thr1029Val	0.044249393652775415	0.0	*
p.Thr1031=	*	*	*
p.Thr1031Ala	0.24772806808496145	0.0	*
p.Thr1031Arg	0.03592786036604128	0.0	*
p.Thr1031Asn	0.11164511072277365	0.0	*
p.Thr1031Asp	0.047454763347361636	0.0	*
p.Thr1031Cys	0.056050363185366534	0.0	*
p.Thr1031Gln	0.12170718205778092	0.0	*
p.Thr1031Glu	0.041984392232811675	0.0	*
p.Thr1031Gly	0.08225442692854218	0.0	*
p.Thr1031His	0.09473814114877346	0.0	*
p.Thr1031Ile	0.11866368512677733	0.0	*
p.Thr1031Leu	0.10514606705095932	0.0	*
p.Thr1031Lys	0.10468805164594522	0.0	*
p.Thr1031Met	0.26529461925533376	0.0	*
p.Thr1031Phe	0.051861987916546365	0.0	*
p.Thr1031Pro	0.02882466022246446	0.0	*
p.Thr1031Ser	0.6889831558415689	0.0	*
p.Thr1031Ter	0.0	0.0	*
p.Thr1031Trp	0.04690076507798223	0.0	*
p.Thr1031Tyr	0.04319531037156216	0.0	*
p.Thr1031Val	0.11806088117038348	0.0	*
p.Thr1033=	*	*	*
p.Thr1033Ala	0.15129117141414525	0.0	*
p.Thr1033Arg	0.057604783056649664	0.0	*
p.Thr1033Asn	0.12047823999443598	0.0	*
p.Thr1033Asp	0.04216720333255527	0.0	*
p.Thr1033Cys	0.05409155583307945	0.0	*
p.Thr1033Gln	0.07157360489423854	0.0	*
p.Thr1033Glu	0.029675989390684335	0.0	*
p.Thr1033Gly	0.05995966834706768	0.0	*
p.Thr1033His	0.05784247727473571	0.0	*
p.Thr1033Ile	0.07603122642472483	0.0	*
p.Thr1033Leu	0.07735045782286239	0.0	*
p.Thr1033Lys	0.060098267594649396	0.0	*
p.Thr1033Met	0.2041449924771716	0.0	*
p.Thr1033Phe	0.03796657964909891	0.0	*
p.Thr1033Pro	0.020122793706856053	0.0	*
p.Thr1033Ser	0.36754394416182967	0.0	*
p.Thr1033Ter	0.0	0.0	*
p.Thr1033Trp	0.03624818354865855	0.0	*
p.Thr1033Tyr	0.042506781248390704	0.0	*
p.Thr1033Val	0.09730207362275263	0.0	*
p.Thr1050=	*	*	*
p.Thr1050Ala	0.43654620579316333	0.0	*
p.Thr1050Arg	0.29609663020724175	0.0	*
p.Thr1050Asn	0.6250052412927773	0.0	*
p.Thr1050Asp	0.19541150086673556	0.0	*
p.Thr1050Cys	0.05503204737818767	0.0	*
p.Thr1050Gln	0.24114888164977066	0.0	*
p.Thr1050Glu	0.1973554751682025	0.0	*
p.Thr1050Gly	0.1066892686433987	0.0	*
p.Thr1050His	0.21356700296963452	0.0	*
p.Thr1050Ile	0.22613931016610417	0.0	*
p.Thr1050Leu	0.22433732047667776	0.0	*
p.Thr1050Lys	0.229740653361646	0.0	*
p.Thr1050Met	0.4150187340035547	0.0	*
p.Thr1050Phe	0.13637275168470533	0.0	*
p.Thr1050Pro	0.21114857465802891	0.0	*
p.Thr1050Ser	0.8437405029491304	0.0	*
p.Thr1050Ter	0.0	0.0	*
p.Thr1050Trp	0.0766181116466801	0.0	*
p.Thr1050Tyr	0.12975108199851437	0.0	*
p.Thr1050Val	0.14120070377864735	0.0	*
p.Thr1062=	*	*	*
p.Thr1062Ala	0.010189647435504585	0.0	*
p.Thr1062Arg	0.002284187004885586	0.0	*
p.Thr1062Asn	0.006303235819976109	0.0	*
p.Thr1062Asp	0.0022796619406483636	0.0	*
p.Thr1062Cys	0.003626681592373905	0.0	*
p.Thr1062Gln	0.005760977855178359	0.0	*
p.Thr1062Glu	0.0020208429941488107	0.0	*
p.Thr1062Gly	0.005091253234021594	0.0	*
p.Thr1062His	0.003397689050361738	0.0	*
p.Thr1062Ile	0.003727189696175159	0.0	*
p.Thr1062Leu	0.0038527980281423337	0.0	*
p.Thr1062Lys	0.0025615233300267048	0.0	*
p.Thr1062Met	0.005798199146714288	0.0	*
p.Thr1062Phe	0.0016467234691806033	0.0	*
p.Thr1062Pro	0.0012003625642270233	0.0	*
p.Thr1062Ser	0.0688178775345392	0.0	*
p.Thr1062Ter	0.0	0.0	*
p.Thr1062Trp	0.0027731524642753535	0.0	*
p.Thr1062Tyr	0.0020446179013579886	0.0	*
p.Thr1062Val	0.005182338107583419	0.0	*
p.Thr1076=	*	*	*
p.Thr1076Ala	0.04373121251122652	0.0	*
p.Thr1076Arg	0.0059872874345252	0.0	*
p.Thr1076Asn	0.022778471409539463	0.0	*
p.Thr1076Asp	0.006047389344793931	0.0	*
p.Thr1076Cys	0.0032717291379852375	0.0	*
p.Thr1076Gln	0.009930874155563381	0.0	*
p.Thr1076Glu	0.004614311730526421	0.0	*
p.Thr1076Gly	0.00920558725991783	0.0	*
p.Thr1076His	0.007541439693767683	0.0	*
p.Thr1076Ile	0.012243396811222494	0.0	*
p.Thr1076Leu	0.007924641887133373	0.0	*
p.Thr1076Lys	0.0055844781647861105	0.0	*
p.Thr1076Met	0.015009567516350453	0.0	*
p.Thr1076Phe	0.004440139818987812	0.0	*
p.Thr1076Pro	0.003727189696175159	0.0	*
p.Thr1076Ser	0.053505537071798906	0.0	*
p.Thr1076Ter	0.0	0.0	*
p.Thr1076Trp	0.005126490925060215	0.0	*
p.Thr1076Tyr	0.005066363808888672	0.0	*
p.Thr1076Val	0.011567086756343863	0.0	*
p.Thr1085=	*	*	*
p.Thr1085Ala	0.03398790480484388	0.0	*
p.Thr1085Arg	0.011764131870944609	0.0	*
p.Thr1085Asn	0.04021626159664665	0.0	*
p.Thr1085Asp	0.01186840374558108	0.0	*
p.Thr1085Cys	0.0063120160116402705	0.0	*
p.Thr1085Gln	0.03213447683308387	0.0	*
p.Thr1085Glu	0.012299233665054142	0.0	*
p.Thr1085Gly	0.014671600394527286	0.0	*
p.Thr1085His	0.017320758443986794	0.0	*
p.Thr1085Ile	0.020933825296289798	0.0	*
p.Thr1085Leu	0.027259410118113832	0.0	*
p.Thr1085Lys	0.0206131268076707	0.0	*
p.Thr1085Met	0.04435173430998167	0.0	*
p.Thr1085Phe	0.012066639217432822	0.0	*
p.Thr1085Pro	0.012707164393517077	0.0	*
p.Thr1085Ser	0.20156763789776858	0.0	*
p.Thr1085Ter	0.0	0.0	*
p.Thr1085Trp	0.012517415162794478	0.0	*
p.Thr1085Tyr	0.011054944611717174	0.0	*
p.Thr1085Val	0.029412303349209516	0.0	*
p.Thr1087=	*	*	*
p.Thr1087Ala	0.00987448663531754	0.0	*
p.Thr1087Arg	0.0046660553424219	0.0	*
p.Thr1087Asn	0.007192637203876553	0.0	*
p.Thr1087Asp	0.0043821440987000665	0.0	*
p.Thr1087Cys	0.0008817626671513515	0.0	*
p.Thr1087Gln	0.01262983565203847	0.0	*
p.Thr1087Glu	0.004565260097433057	0.0	*
p.Thr1087Gly	0.002533465908015576	0.0	*
p.Thr1087His	0.0069494793265311655	0.0	*
p.Thr1087Ile	0.005868563779990028	0.0	*
p.Thr1087Leu	0.006912938431261638	0.0	*
p.Thr1087Lys	0.007395795871045841	0.0	*
p.Thr1087Met	0.00836272838526676	0.0	*
p.Thr1087Phe	0.00301129533459445	0.0	*
p.Thr1087Pro	0.002641732804123418	0.0	*
p.Thr1087Ser	0.030891085953070593	0.0	*
p.Thr1087Ter	0.0	0.0	*
p.Thr1087Trp	0.00239443933395594	0.0	*
p.Thr1087Tyr	0.0033238990811472386	0.0	*
p.Thr1087Val	0.007078471746091765	0.0	*
p.Thr1092=	*	*	*
p.Thr1092Ala	0.00485263330068037	0.0	*
p.Thr1092Arg	0.0015943230461878926	0.0	*
p.Thr1092Asn	0.0022626585193661745	0.0	*
p.Thr1092Asp	0.0018595398828999232	0.0	*
p.Thr1092Cys	0.0009651217565995208	0.0	*
p.Thr1092Gln	0.004350449143729617	0.0	*
p.Thr1092Glu	0.001960872677145176	0.0	*
p.Thr1092Gly	0.003823829479336877	0.0	*
p.Thr1092His	0.004226138142802793	0.0	*
p.Thr1092Ile	0.002984121668180518	0.0	*
p.Thr1092Leu	0.0038888780152729467	0.0	*
p.Thr1092Lys	0.0021093984290828423	0.0	*
p.Thr1092Met	0.004123092734662	0.0	*
p.Thr1092Phe	0.0015478599660192654	0.0	*
p.Thr1092Pro	0.001053389941175899	0.0	*
p.Thr1092Ser	0.011563701173140312	0.0	*
p.Thr1092Ter	0.0	0.0	*
p.Thr1092Trp	0.0019232939199686954	0.0	*
p.Thr1092Tyr	0.0015771339142795684	0.0	*
p.Thr1092Val	0.004335853393736513	0.0	*
p.Thr1143=	*	*	*
p.Thr1143Ala	0.9399187852543054	0.0	*
p.Thr1143Arg	0.7102881582470082	0.0	*
p.Thr1143Asn	0.9517727936814993	0.0	*
p.Thr1143Asp	0.8065134411167622	0.0	*
p.Thr1143Cys	0.6696170268604765	0.0	*
p.Thr1143Gln	0.7743944973297671	0.0	*
p.Thr1143Glu	0.7923700498874063	0.0	*
p.Thr1143Gly	0.6240485569257548	0.0	*
p.Thr1143His	0.8193954562197473	0.0	*
p.Thr1143Ile	0.7480846096124567	0.0	*
p.Thr1143Leu	0.8288352072316263	0.0	*
p.Thr1143Lys	0.7234603552475899	0.0	*
p.Thr1143Met	0.8996610498139216	0.0	*
p.Thr1143Phe	0.5070610117110437	0.0	*
p.Thr1143Pro	0.7759671373382063	0.0	*
p.Thr1143Ser	0.9762697616205778	0.0	*
p.Thr1143Ter	0.0	0.0	*
p.Thr1143Trp	0.6371064304918526	0.0	*
p.Thr1143Tyr	0.548628549930828	0.0	*
p.Thr1143Val	0.7609185183925692	0.0	*
p.Thr1160=	*	*	*
p.Thr1160Ala	0.46035215428857507	0.0	*
p.Thr1160Arg	0.1592897474366185	0.0	*
p.Thr1160Asn	0.4997280197627637	0.0	*
p.Thr1160Asp	0.14300821360842217	0.0	*
p.Thr1160Cys	0.10295998184617478	0.0	*
p.Thr1160Gln	0.3835971599078624	0.0	*
p.Thr1160Glu	0.1116998776733974	0.0	*
p.Thr1160Gly	0.29390488473401194	0.0	*
p.Thr1160His	0.21782671563432518	0.0	*
p.Thr1160Ile	0.21649195351625009	0.0	*
p.Thr1160Leu	0.333875346031371	0.0	*
p.Thr1160Lys	0.22789278218514084	0.0	*
p.Thr1160Met	0.5474342763973818	0.0	*
p.Thr1160Phe	0.10369979522154871	0.0	*
p.Thr1160Pro	0.05650116918562646	0.0	*
p.Thr1160Ser	0.7653783303064806	0.0	*
p.Thr1160Ter	0.0	0.0	*
p.Thr1160Trp	0.11446761050565096	0.0	*
p.Thr1160Tyr	0.11436903666334111	0.0	*
p.Thr1160Val	0.16455825882894057	0.0	*
p.Thr1170=	*	*	*
p.Thr1170Ala	0.03027681115695096	0.0	*
p.Thr1170Arg	0.024881809298210177	0.0	*
p.Thr1170Asn	0.05020828449142664	0.0	*
p.Thr1170Asp	0.011402960111449919	0.0	*
p.Thr1170Cys	0.015572023584737305	0.0	*
p.Thr1170Gln	0.024993444975287327	0.0	*
p.Thr1170Glu	0.012240092696558192	0.0	*
p.Thr1170Gly	0.017113547107212954	0.0	*
p.Thr1170His	0.014663955997114052	0.0	*
p.Thr1170Ile	0.02020572046127652	0.0	*
p.Thr1170Leu	0.025686905112309064	0.0	*
p.Thr1170Lys	0.015841741773497783	0.0	*
p.Thr1170Met	0.04982841057071419	0.0	*
p.Thr1170Phe	0.012327797676117712	0.0	*
p.Thr1170Pro	0.006137991072729444	0.0	*
p.Thr1170Ser	0.15727573721631566	0.0	*
p.Thr1170Ter	0.0	0.0	*
p.Thr1170Trp	0.013852759231085672	0.0	*
p.Thr1170Tyr	0.017584949516288532	0.0	*
p.Thr1170Val	0.019614238441373808	0.0	*
p.Thr1178=	*	*	*
p.Thr1178Ala	0.07064829593744631	0.0	*
p.Thr1178Arg	0.014258895717164745	0.0	*
p.Thr1178Asn	0.028767408915172665	0.0	*
p.Thr1178Asp	0.006614327555416503	0.0	*
p.Thr1178Cys	0.018419363872285575	0.0	*
p.Thr1178Gln	0.023854776265159364	0.0	*
p.Thr1178Glu	0.008952706084999353	0.0	*
p.Thr1178Gly	0.017494792040715273	0.0	*
p.Thr1178His	0.014329490836914024	0.0	*
p.Thr1178Ile	0.016857271380085373	0.0	*
p.Thr1178Leu	0.023196315894354336	0.0	*
p.Thr1178Lys	0.015156859771525113	0.0	*
p.Thr1178Met	0.04479152097176479	0.0	*
p.Thr1178Phe	0.008214657948810877	0.0	*
p.Thr1178Pro	0.006060793242656021	0.0	*
p.Thr1178Ser	0.15884545194407754	0.0	*
p.Thr1178Ter	0.0	0.0	*
p.Thr1178Trp	0.012841804702526511	0.0	*
p.Thr1178Tyr	0.009481345900098467	0.0	*
p.Thr1178Val	0.028248771407565123	0.0	*
p.Thr1208=	*	*	*
p.Thr1208Ala	0.11809475806957874	0.0	*
p.Thr1208Arg	0.04592604858273871	0.0	*
p.Thr1208Asn	0.1249512743195257	0.0	*
p.Thr1208Asp	0.029508494819422713	0.0	*
p.Thr1208Cys	0.08159010265403789	0.0	*
p.Thr1208Gln	0.08672390399302984	0.0	*
p.Thr1208Glu	0.03388919187268939	0.0	*
p.Thr1208Gly	0.06647297633463435	0.0	*
p.Thr1208His	0.07587481583102916	0.0	*
p.Thr1208Ile	0.06763906158951756	0.0	*
p.Thr1208Leu	0.070606591693293	0.0	*
p.Thr1208Lys	0.05938094188641414	0.0	*
p.Thr1208Met	0.19315363949643133	0.0	*
p.Thr1208Phe	0.03715853448878129	0.0	*
p.Thr1208Pro	0.01619556923795739	0.0	*
p.Thr1208Ser	0.4275146289415068	0.0	*
p.Thr1208Ter	0.0	0.0	*
p.Thr1208Trp	0.042839566873008425	0.0	*
p.Thr1208Tyr	0.038339743496864115	0.0	*
p.Thr1208Val	0.09625855881084024	0.0	*
p.Thr1220=	*	*	*
p.Thr1220Ala	0.007883126054231398	0.0	*
p.Thr1220Arg	0.0011492385315134944	0.0	*
p.Thr1220Asn	0.004272071530700158	0.0	*
p.Thr1220Asp	0.0012607989314310096	0.0	*
p.Thr1220Cys	0.003921227758367483	0.0	*
p.Thr1220Gln	0.003475050603731097	0.0	*
p.Thr1220Glu	0.0015237309917914912	0.0	*
p.Thr1220Gly	0.0031996517444778327	0.0	*
p.Thr1220His	0.0022124619688661177	0.0	*
p.Thr1220Ile	0.0026946297330119164	0.0	*
p.Thr1220Leu	0.0028845831435192777	0.0	*
p.Thr1220Lys	0.0021640875293372015	0.0	*
p.Thr1220Met	0.0045891851141032025	0.0	*
p.Thr1220Phe	0.0021373997183262946	0.0	*
p.Thr1220Pro	0.001246174745665172	0.0	*
p.Thr1220Ser	0.010156262737982539	0.0	*
p.Thr1220Ter	0.0	0.0	*
p.Thr1220Trp	0.001958457596552746	0.0	*
p.Thr1220Tyr	0.002459445139201859	0.0	*
p.Thr1220Val	0.005976059763452227	0.0	*
p.Thr1226=	*	*	*
p.Thr1226Ala	0.01795437113321474	0.0	*
p.Thr1226Arg	0.0035792437530221184	0.0	*
p.Thr1226Asn	0.011115566137006939	0.0	*
p.Thr1226Asp	0.002361094454813358	0.0	*
p.Thr1226Cys	0.0027939308013591856	0.0	*
p.Thr1226Gln	0.006263659856379639	0.0	*
p.Thr1226Glu	0.002882536510346099	0.0	*
p.Thr1226Gly	0.004410329898514548	0.0	*
p.Thr1226His	0.003030354685330417	0.0	*
p.Thr1226Ile	0.005739662222632444	0.0	*
p.Thr1226Leu	0.007047103653997013	0.0	*
p.Thr1226Lys	0.005297210518761	0.0	*
p.Thr1226Met	0.011312257962883909	0.0	*
p.Thr1226Phe	0.003206499509221905	0.0	*
p.Thr1226Pro	0.00166877772850158	0.0	*
p.Thr1226Ser	0.03397599463472899	0.0	*
p.Thr1226Ter	0.0	0.0	*
p.Thr1226Trp	0.0033642341783862843	0.0	*
p.Thr1226Tyr	0.003883475186917803	0.0	*
p.Thr1226Val	0.006360213917381582	0.0	*
p.Thr1232=	*	*	*
p.Thr1232Ala	0.028684307661598688	0.0	*
p.Thr1232Arg	0.008867204805293561	0.0	*
p.Thr1232Asn	0.019678536001952723	0.0	*
p.Thr1232Asp	0.0071787985516101474	0.0	*
p.Thr1232Cys	0.009408416997568522	0.0	*
p.Thr1232Gln	0.0207371800007602	0.0	*
p.Thr1232Glu	0.005676658782006887	0.0	*
p.Thr1232Gly	0.011141953931399261	0.0	*
p.Thr1232His	0.012869037428802623	0.0	*
p.Thr1232Ile	0.009209320371857023	0.0	*
p.Thr1232Leu	0.0141522036471185	0.0	*
p.Thr1232Lys	0.011520780267064417	0.0	*
p.Thr1232Met	0.03583077752566933	0.0	*
p.Thr1232Phe	0.011895734429374262	0.0	*
p.Thr1232Pro	0.003839230685849084	0.0	*
p.Thr1232Ser	0.08961216039662238	0.0	*
p.Thr1232Ter	0.0	0.0	*
p.Thr1232Trp	0.012254958204736276	0.0	*
p.Thr1232Tyr	0.013004564549234867	0.0	*
p.Thr1232Val	0.03513153353750006	0.0	*
p.Thr1286=	*	*	*
p.Thr1286Ala	0.02635082822406494	0.0	*
p.Thr1286Arg	0.011208092567614604	0.0	*
p.Thr1286Asn	0.020078714064266687	0.0	*
p.Thr1286Asp	0.01449150226793736	0.0	*
p.Thr1286Cys	0.020594843760931493	0.0	*
p.Thr1286Gln	0.020331721030087624	0.0	*
p.Thr1286Glu	0.007267858514303035	0.0	*
p.Thr1286Gly	0.0180258113039539	0.0	*
p.Thr1286His	0.016283386211115407	0.0	*
p.Thr1286Ile	0.023084606710294144	0.0	*
p.Thr1286Leu	0.016916762213145774	0.0	*
p.Thr1286Lys	0.01877359840584817	0.0	*
p.Thr1286Met	0.03323850847104645	0.0	*
p.Thr1286Phe	0.013757304371288533	0.0	*
p.Thr1286Pro	0.010315314377677898	0.0	*
p.Thr1286Ser	0.13034155065128974	0.0	*
p.Thr1286Ter	0.0	0.0	*
p.Thr1286Trp	0.015504654626043684	0.0	*
p.Thr1286Tyr	0.011065872733535874	0.0	*
p.Thr1286Val	0.030279426032011923	0.0	*
p.Thr1288=	*	*	*
p.Thr1288Ala	0.012020334052316782	0.0	*
p.Thr1288Arg	0.007147966436754993	0.0	*
p.Thr1288Asn	0.0162989768588146	0.0	*
p.Thr1288Asp	0.004925266521235748	0.0	*
p.Thr1288Cys	0.00824697227052059	0.0	*
p.Thr1288Gln	0.010928936146559945	0.0	*
p.Thr1288Glu	0.003949887347010417	0.0	*
p.Thr1288Gly	0.008527373568381673	0.0	*
p.Thr1288His	0.010565584339582282	0.0	*
p.Thr1288Ile	0.010856858277254772	0.0	*
p.Thr1288Leu	0.009118608443654466	0.0	*
p.Thr1288Lys	0.009844276205837794	0.0	*
p.Thr1288Met	0.01722382807321295	0.0	*
p.Thr1288Phe	0.005316120706582407	0.0	*
p.Thr1288Pro	0.0054114157037640385	0.0	*
p.Thr1288Ser	0.044280344540313155	0.0	*
p.Thr1288Ter	0.0	0.0	*
p.Thr1288Trp	0.0070617495278272385	0.0	*
p.Thr1288Tyr	0.005364054981227155	0.0	*
p.Thr1288Val	0.01289974571845527	0.0	*
p.Thr1317=	*	*	*
p.Thr1317Ala	0.09735280417664582	0.0	*
p.Thr1317Arg	0.025011084126331712	0.0	*
p.Thr1317Asn	0.06646924278384751	0.0	*
p.Thr1317Asp	0.01531204762664861	0.0	*
p.Thr1317Cys	0.03634565018181991	0.0	*
p.Thr1317Gln	0.034232645457869915	0.0	*
p.Thr1317Glu	0.01375939957078797	0.0	*
p.Thr1317Gly	0.030336182336778632	0.0	*
p.Thr1317His	0.023865325768658057	0.0	*
p.Thr1317Ile	0.0512495646162913	0.0	*
p.Thr1317Leu	0.04670921979153589	0.0	*
p.Thr1317Lys	0.031823028709127496	0.0	*
p.Thr1317Met	0.08792143842649279	0.0	*
p.Thr1317Phe	0.023497390998683455	0.0	*
p.Thr1317Pro	0.009141088516220561	0.0	*
p.Thr1317Ser	0.22927338217000248	0.0	*
p.Thr1317Ter	0.0	0.0	*
p.Thr1317Trp	0.023254698436463713	0.0	*
p.Thr1317Tyr	0.02764334046954106	0.0	*
p.Thr1317Val	0.05107279495090152	0.0	*
p.Thr1396=	*	*	*
p.Thr1396Ala	0.9996889324250746	0.0	*
p.Thr1396Arg	0.9964354866896478	0.0	*
p.Thr1396Asn	0.9994157596062002	0.0	*
p.Thr1396Asp	0.9943778121455796	0.0	*
p.Thr1396Cys	0.9944541818587103	0.0	*
p.Thr1396Gln	0.9988727826472545	0.0	*
p.Thr1396Glu	0.993220875678417	0.0	*
p.Thr1396Gly	0.9947503103019846	0.0	*
p.Thr1396His	0.9992137179984837	0.0	*
p.Thr1396Ile	0.9956775949212011	0.0	*
p.Thr1396Leu	0.9987415793732067	0.0	*
p.Thr1396Lys	0.9985508351256939	0.0	*
p.Thr1396Met	0.9998156176670222	0.0	*
p.Thr1396Phe	0.9928969722641874	0.0	*
p.Thr1396Pro	0.9880912233693554	0.0	*
p.Thr1396Ser	0.9999417118898295	0.0	*
p.Thr1396Ter	0.0	0.0	*
p.Thr1396Trp	0.9902878557503091	0.0	*
p.Thr1396Tyr	0.9868098702121783	0.0	*
p.Thr1396Val	0.9925575783613518	0.0	*
p.Thr1417=	*	*	*
p.Thr1417Ala	0.9988118364516428	0.0	*
p.Thr1417Arg	0.9971241205702124	0.0	*
p.Thr1417Asn	0.9994077049876616	0.0	*
p.Thr1417Asp	0.9980999002194813	0.0	*
p.Thr1417Cys	0.9931828382051302	0.0	*
p.Thr1417Gln	0.9968342690770916	0.0	*
p.Thr1417Glu	0.9974200760780985	0.0	*
p.Thr1417Gly	0.9977760082786139	0.0	*
p.Thr1417His	0.9985405230526265	0.0	*
p.Thr1417Ile	0.995766796076375	0.0	*
p.Thr1417Leu	0.9977993954874602	0.0	*
p.Thr1417Lys	0.9971024393573552	0.0	*
p.Thr1417Met	0.9992254878927508	0.0	*
p.Thr1417Phe	0.9934869531524729	0.0	*
p.Thr1417Pro	0.9988919428000251	0.0	*
p.Thr1417Ser	0.9998193730533907	0.0	*
p.Thr1417Ter	0.0	0.0	*
p.Thr1417Trp	0.9919390579335603	0.0	*
p.Thr1417Tyr	0.9936089142974092	0.0	*
p.Thr1417Val	0.994693145107499	0.0	*
p.Thr1434=	*	*	*
p.Thr1434Ala	0.867653628756799	0.0	*
p.Thr1434Arg	0.6088976603057239	0.0	*
p.Thr1434Asn	0.9204970507130462	0.0	*
p.Thr1434Asp	0.6702580927990042	0.0	*
p.Thr1434Cys	0.40211798434814977	0.0	*
p.Thr1434Gln	0.780049209270301	0.0	*
p.Thr1434Glu	0.6131130455459344	0.0	*
p.Thr1434Gly	0.6966083724460483	0.0	*
p.Thr1434His	0.8350456570781588	0.0	*
p.Thr1434Ile	0.6708851330190728	0.0	*
p.Thr1434Leu	0.8237637577103613	0.0	*
p.Thr1434Lys	0.6710403316208897	0.0	*
p.Thr1434Met	0.917276895028337	0.0	*
p.Thr1434Phe	0.48613139989944354	0.0	*
p.Thr1434Pro	0.48525879589835363	0.0	*
p.Thr1434Ser	0.9731111368552636	0.0	*
p.Thr1434Ter	0.0	0.0	*
p.Thr1434Trp	0.5383186574836172	0.0	*
p.Thr1434Tyr	0.45502686882406296	0.0	*
p.Thr1434Val	0.6376399785966448	0.0	*
p.Thr737=	*	*	*
p.Thr737Ala	0.9793517315470356	0.0	*
p.Thr737Arg	0.30855441544018564	0.0	*
p.Thr737Asn	0.8798045730931154	0.0	*
p.Thr737Asp	0.37840598685930377	0.0	*
p.Thr737Cys	0.8697361651424222	0.0	*
p.Thr737Gln	0.796667925761674	0.0	*
p.Thr737Glu	0.5148504192065257	0.0	*
p.Thr737Gly	0.8646838688782968	0.0	*
p.Thr737His	0.8127357985893312	0.0	*
p.Thr737Ile	0.6229825992967856	0.0	*
p.Thr737Leu	0.8021521434181331	0.0	*
p.Thr737Lys	0.6462797770462249	0.0	*
p.Thr737Met	0.9704203727364673	0.0	*
p.Thr737Phe	0.6082722411469305	0.0	*
p.Thr737Pro	0.2199486441463252	0.0	*
p.Thr737Ser	0.9924414640105573	0.0	*
p.Thr737Ter	0.0	0.0	*
p.Thr737Trp	0.5028875994057036	0.0	*
p.Thr737Tyr	0.41291229052495537	0.0	*
p.Thr737Val	0.8159542555543314	0.0	*
p.Thr762=	*	*	*
p.Thr762Ala	0.0579723379485586	0.0	*
p.Thr762Arg	0.02475285684233721	0.0	*
p.Thr762Asn	0.06394395712951897	0.0	*
p.Thr762Asp	0.013390622718931912	0.0	*
p.Thr762Cys	0.03832775752997061	0.0	*
p.Thr762Gln	0.032178889706559195	0.0	*
p.Thr762Glu	0.023087124285564926	0.0	*
p.Thr762Gly	0.03434066728943628	0.0	*
p.Thr762His	0.025262522249053114	0.0	*
p.Thr762Ile	0.03866763833105768	0.0	*
p.Thr762Leu	0.04165456682871247	0.0	*
p.Thr762Lys	0.019342787001760776	0.0	*
p.Thr762Met	0.07793043979320169	0.0	*
p.Thr762Phe	0.018736904974111138	0.0	*
p.Thr762Pro	0.019157728009103432	0.0	*
p.Thr762Ser	0.16851720251315905	0.0	*
p.Thr762Ter	0.0	0.0	*
p.Thr762Trp	0.024444153605651546	0.0	*
p.Thr762Tyr	0.023651462305922646	0.0	*
p.Thr762Val	0.06658347542722012	0.0	*
p.Thr766=	*	*	*
p.Thr766Ala	0.01040847130545116	0.0	*
p.Thr766Arg	0.0016635997790914567	0.0	*
p.Thr766Asn	0.00575260789421489	0.0	*
p.Thr766Asp	0.0023213736027136835	0.0	*
p.Thr766Cys	0.0011477202393668031	0.0	*
p.Thr766Gln	0.002955829091929901	0.0	*
p.Thr766Glu	0.0013809263770539928	0.0	*
p.Thr766Gly	0.0041922010553966695	0.0	*
p.Thr766His	0.001807354848774026	0.0	*
p.Thr766Ile	0.0030163159544396648	0.0	*
p.Thr766Leu	0.003896076786710228	0.0	*
p.Thr766Lys	0.002363323705212736	0.0	*
p.Thr766Met	0.00555978657671834	0.0	*
p.Thr766Phe	0.0023387520551425333	0.0	*
p.Thr766Pro	0.0012883868472433916	0.0	*
p.Thr766Ser	0.0266604863951075	0.0	*
p.Thr766Ter	0.0	0.0	*
p.Thr766Trp	0.001760841644179095	0.0	*
p.Thr766Tyr	0.002923351891366849	0.0	*
p.Thr766Val	0.0041283588190599374	0.0	*
p.Thr788=	*	*	*
p.Thr788Ala	0.39442948440300135	0.0	*
p.Thr788Arg	0.10508504048678745	0.0	*
p.Thr788Asn	0.24893558472023297	0.0	*
p.Thr788Asp	0.07775435843463077	0.0	*
p.Thr788Cys	0.08825908489109868	0.0	*
p.Thr788Gln	0.13555558899256648	0.0	*
p.Thr788Glu	0.06674408545116378	0.0	*
p.Thr788Gly	0.0914034668015939	0.0	*
p.Thr788His	0.061744754944244404	0.0	*
p.Thr788Ile	0.07831888566853186	0.0	*
p.Thr788Leu	0.11749175127943236	0.0	*
p.Thr788Lys	0.11877932648775887	0.0	*
p.Thr788Met	0.2072258434126474	0.0	*
p.Thr788Phe	0.046898287670987235	0.0	*
p.Thr788Pro	0.029218566299155556	0.0	*
p.Thr788Ser	0.7886076469433049	0.0	*
p.Thr788Ter	0.0	0.0	*
p.Thr788Trp	0.05003040075882151	0.0	*
p.Thr788Tyr	0.05472676061016849	0.0	*
p.Thr788Val	0.07738469205345715	0.0	*
p.Thr801=	*	*	*
p.Thr801Ala	0.7397984195590513	0.0	*
p.Thr801Arg	0.3813905861679794	0.0	*
p.Thr801Asn	0.7768497670328771	0.0	*
p.Thr801Asp	0.2756677119880197	0.0	*
p.Thr801Cys	0.3397191730783438	0.0	*
p.Thr801Gln	0.6278605367011693	0.0	*
p.Thr801Glu	0.31219650497182366	0.0	*
p.Thr801Gly	0.4196382077277555	0.0	*
p.Thr801His	0.5605384368015712	0.0	*
p.Thr801Ile	0.45472476939980516	0.0	*
p.Thr801Leu	0.6467086819250416	0.0	*
p.Thr801Lys	0.4734769365646498	0.0	*
p.Thr801Met	0.8477466705267284	0.0	*
p.Thr801Phe	0.3100976685957206	0.0	*
p.Thr801Pro	0.14818874347722782	0.0	*
p.Thr801Ser	0.9055199245594973	0.0	*
p.Thr801Ter	0.0	0.0	*
p.Thr801Trp	0.3165645091027641	0.0	*
p.Thr801Tyr	0.3229122327977495	0.0	*
p.Thr801Val	0.5292391573156016	0.0	*
p.Thr804=	*	*	*
p.Thr804Ala	0.5373951565297951	0.0	*
p.Thr804Arg	0.16458673854042072	0.0	*
p.Thr804Asn	0.5166981022374223	0.0	*
p.Thr804Asp	0.09992875076183297	0.0	*
p.Thr804Cys	0.18459471467732314	0.0	*
p.Thr804Gln	0.23029802346990172	0.0	*
p.Thr804Glu	0.13882918056918372	0.0	*
p.Thr804Gly	0.20066280720764293	0.0	*
p.Thr804His	0.22705517005475778	0.0	*
p.Thr804Ile	0.2643511597426062	0.0	*
p.Thr804Leu	0.2927284386755912	0.0	*
p.Thr804Lys	0.22330994546232447	0.0	*
p.Thr804Met	0.5486165155742533	0.0	*
p.Thr804Phe	0.14042868633449654	0.0	*
p.Thr804Pro	0.049956579277984206	0.0	*
p.Thr804Ser	0.7712998991764771	0.0	*
p.Thr804Ter	0.0	0.0	*
p.Thr804Trp	0.1318686147338119	0.0	*
p.Thr804Tyr	0.13466242256918817	0.0	*
p.Thr804Val	0.22381738720292585	0.0	*
p.Thr807=	*	*	*
p.Thr807Ala	0.32879424875013036	0.0	*
p.Thr807Arg	0.18393551041475933	0.0	*
p.Thr807Asn	0.3253338345740168	0.0	*
p.Thr807Asp	0.10507200052646	0.0	*
p.Thr807Cys	0.058500822265433725	0.0	*
p.Thr807Gln	0.24376121170075	0.0	*
p.Thr807Glu	0.13447033339308537	0.0	*
p.Thr807Gly	0.15496359315071867	0.0	*
p.Thr807His	0.17640399770746773	0.0	*
p.Thr807Ile	0.09803419184291566	0.0	*
p.Thr807Leu	0.15388879316135134	0.0	*
p.Thr807Lys	0.16685419579872737	0.0	*
p.Thr807Met	0.3338969111966382	0.0	*
p.Thr807Phe	0.0850155381372633	0.0	*
p.Thr807Pro	0.04665709103807704	0.0	*
p.Thr807Ser	0.8048601841311751	0.0	*
p.Thr807Ter	0.0	0.0	*
p.Thr807Trp	0.07217914240427786	0.0	*
p.Thr807Tyr	0.09749055748491944	0.0	*
p.Thr807Val	0.21582115604990765	0.0	*
p.Thr850=	*	*	*
p.Thr850Ala	0.349404875171696	0.0	*
p.Thr850Arg	0.13225599765528223	0.0	*
p.Thr850Asn	0.3739510195183785	0.0	*
p.Thr850Asp	0.20856173536797482	0.0	*
p.Thr850Cys	0.1456685664805386	0.0	*
p.Thr850Gln	0.2080079321973166	0.0	*
p.Thr850Glu	0.0967934616431745	0.0	*
p.Thr850Gly	0.22215414641737077	0.0	*
p.Thr850His	0.18511762154524256	0.0	*
p.Thr850Ile	0.16638303012480937	0.0	*
p.Thr850Leu	0.2293676532552453	0.0	*
p.Thr850Met	0.4375978880965817	0.0	*
p.Thr850Phe	0.12811386549739684	0.0	*
p.Thr850Pro	0.1338794317311082	0.0	*
p.Thr850Ser	0.7103280629295208	0.0	*
p.Thr850Ter	0.0	0.0	*
p.Thr850Trp	0.10836153287497746	0.0	*
p.Thr850Tyr	0.12383427030355469	0.0	*
p.Thr850Val	0.17842047533581692	0.0	*
p.Thr858=	*	*	*
p.Thr858Ala	0.09966907124739117	0.0	*
p.Thr858Arg	0.021378347722804582	0.0	*
p.Thr858Asn	0.062292283300318836	0.0	*
p.Thr858Asp	0.03660019428969569	0.0	*
p.Thr858Cys	0.05089890226118773	0.0	*
p.Thr858Gln	0.04827976661010658	0.0	*
p.Thr858Glu	0.0244719887358013	0.0	*
p.Thr858Gly	0.06585665456309586	0.0	*
p.Thr858His	0.04621282726171927	0.0	*
p.Thr858Ile	0.040374400282076624	0.0	*
p.Thr858Leu	0.053339628485738956	0.0	*
p.Thr858Lys	0.04315135253320012	0.0	*
p.Thr858Met	0.08290420916524403	0.0	*
p.Thr858Phe	0.03307125350529812	0.0	*
p.Thr858Pro	0.016077916411329555	0.0	*
p.Thr858Ser	0.25156492793891044	0.0	*
p.Thr858Ter	0.0	0.0	*
p.Thr858Trp	0.030119366571105134	0.0	*
p.Thr858Tyr	0.03216596899981612	0.0	*
p.Thr858Val	0.07891537447581189	0.0	*
p.Thr865=	*	*	*
p.Thr865Ala	0.4484201275948658	0.0	*
p.Thr865Arg	0.30762065067495026	0.0	*
p.Thr865Asn	0.5802541913304102	0.0	*
p.Thr865Asp	0.3229373595970298	0.0	*
p.Thr865Cys	0.2759274970895311	0.0	*
p.Thr865Gln	0.25743080450498834	0.0	*
p.Thr865Glu	0.22090181165887865	0.0	*
p.Thr865Gly	0.20906358564856625	0.0	*
p.Thr865His	0.29584831379812127	0.0	*
p.Thr865Ile	0.2161551781416253	0.0	*
p.Thr865Leu	0.25764116842537366	0.0	*
p.Thr865Lys	0.18578944322191257	0.0	*
p.Thr865Met	0.3970925667012311	0.0	*
p.Thr865Phe	0.14531103747262397	0.0	*
p.Thr865Pro	0.25615383066024167	0.0	*
p.Thr865Ser	0.49928965510176665	0.0	*
p.Thr865Ter	0.0	0.0	*
p.Thr865Trp	0.14190647136790513	0.0	*
p.Thr865Tyr	0.18660889057476945	0.0	*
p.Thr865Val	0.25777888370734453	0.0	*
p.Thr871=	*	*	*
p.Thr871Ala	0.3827201469994262	0.0	*
p.Thr871Arg	0.1289862826930547	0.0	*
p.Thr871Asn	0.21629979070385816	0.0	*
p.Thr871Asp	0.12346973638928978	0.0	*
p.Thr871Cys	0.11181407192030561	0.0	*
p.Thr871Gln	0.2234795969388863	0.0	*
p.Thr871Glu	0.09650270119234497	0.0	*
p.Thr871Gly	0.1096980232220726	0.0	*
p.Thr871His	0.18101160631657948	0.0	*
p.Thr871Ile	0.17589308513423157	0.0	*
p.Thr871Leu	0.20562062860352687	0.0	*
p.Thr871Lys	0.21291672620344612	0.0	*
p.Thr871Met	0.3185279854026798	0.0	*
p.Thr871Phe	0.09789089302355038	0.0	*
p.Thr871Pro	0.12703773129338533	0.0	*
p.Thr871Ser	0.781756946210386	0.0	*
p.Thr871Ter	0.0	0.0	*
p.Thr871Trp	0.1303833120277027	0.0	*
p.Thr871Tyr	0.06520652876895762	0.0	*
p.Thr871Val	0.14425263388803342	0.0	*
p.Thr888=	*	*	*
p.Thr888Ala	0.08923957895462159	0.0	*
p.Thr888Arg	0.021848810533317938	0.0	*
p.Thr888Asn	0.10911687454081787	0.0	*
p.Thr888Asp	0.019773468771411763	0.0	*
p.Thr888Cys	0.03111314473471509	0.0	*
p.Thr888Gln	0.047823122606699235	0.0	*
p.Thr888Glu	0.02592432830146174	0.0	*
p.Thr888Gly	0.0441992176312931	0.0	*
p.Thr888His	0.03299892174741217	0.0	*
p.Thr888Ile	0.024511671266033697	0.0	*
p.Thr888Leu	0.0428563057854218	0.0	*
p.Thr888Lys	0.03207619053339412	0.0	*
p.Thr888Met	0.07654532725844815	0.0	*
p.Thr888Phe	0.021215464841201973	0.0	*
p.Thr888Pro	0.015170425013211536	0.0	*
p.Thr888Ser	0.21099189361092927	0.0	*
p.Thr888Ter	0.0	0.0	*
p.Thr888Trp	0.02385601748698396	0.0	*
p.Thr888Tyr	0.029009250212510346	0.0	*
p.Thr888Val	0.046693397628112074	0.0	*
p.Thr894=	*	*	*
p.Thr894Ala	0.03082846813143979	0.0	*
p.Thr894Arg	0.014844165308460939	0.0	*
p.Thr894Asn	0.03888585374437393	0.0	*
p.Thr894Asp	0.009838834109889498	0.0	*
p.Thr894Cys	0.010608951513130627	0.0	*
p.Thr894Gln	0.014260701104731717	0.0	*
p.Thr894Glu	0.005295633364496339	0.0	*
p.Thr894Gly	0.020622816206877104	0.0	*
p.Thr894His	0.008848859761196011	0.0	*
p.Thr894Ile	0.016500351174801125	0.0	*
p.Thr894Leu	0.013199531629051528	0.0	*
p.Thr894Lys	0.01227531691519976	0.0	*
p.Thr894Met	0.027355072441334446	0.0	*
p.Thr894Phe	0.009852739126729635	0.0	*
p.Thr894Pro	0.007943873590318149	0.0	*
p.Thr894Ser	0.11466950464490017	0.0	*
p.Thr894Ter	0.0	0.0	*
p.Thr894Trp	0.009497928970231993	0.0	*
p.Thr894Tyr	0.012422351044487032	0.0	*
p.Thr894Val	0.020671233976984744	0.0	*
p.Thr895=	*	*	*
p.Thr895Ala	0.03262918296392857	0.0	*
p.Thr895Arg	0.010779341384866319	0.0	*
p.Thr895Asn	0.02987295565318616	0.0	*
p.Thr895Asp	0.005800474671316598	0.0	*
p.Thr895Cys	0.004920384379876568	0.0	*
p.Thr895Gln	0.01647732810945685	0.0	*
p.Thr895Glu	0.005004717422591598	0.0	*
p.Thr895Gly	0.01296509857654512	0.0	*
p.Thr895His	0.008689072871677517	0.0	*
p.Thr895Ile	0.017470448485197423	0.0	*
p.Thr895Leu	0.016137400273664504	0.0	*
p.Thr895Lys	0.015442394707915901	0.0	*
p.Thr895Met	0.04062338078953658	0.0	*
p.Thr895Phe	0.007612123033852007	0.0	*
p.Thr895Pro	0.004665222723599178	0.0	*
p.Thr895Ser	0.11898833605901113	0.0	*
p.Thr895Ter	0.0	0.0	*
p.Thr895Trp	0.01040610984566658	0.0	*
p.Thr895Tyr	0.00803050073823921	0.0	*
p.Thr895Val	0.025191831976479534	0.0	*
p.Thr933=	*	*	*
p.Thr933Ala	0.7565914136580257	0.0	*
p.Thr933Arg	0.26875934385353406	0.0	*
p.Thr933Asn	0.7412423623950996	0.0	*
p.Thr933Asp	0.23681622325939722	0.0	*
p.Thr933Cys	0.5637759027330178	0.0	*
p.Thr933Gly	0.45150005116224345	0.0	*
p.Thr933Ile	0.6270285473650781	0.0	*
p.Thr933Leu	0.5382168052840831	0.0	*
p.Thr933Lys	0.5557110234603907	0.0	*
p.Thr933Met	0.8217539140426685	0.0	*
p.Thr933Phe	0.28882498234162557	0.0	*
p.Thr933Pro	0.15579064910530585	0.0	*
p.Thr933Ser	0.9872566733390756	0.0	*
p.Thr933Val	0.3934737243228899	0.0	*
p.Thr935=	*	*	*
p.Thr935Ala	0.8469804050778741	0.0	*
p.Thr935Arg	0.20506565932260276	0.0	*
p.Thr935Asn	0.5718257263503802	0.0	*
p.Thr935Asp	0.17123077363636716	0.0	*
p.Thr935Cys	0.6446649700975264	0.0	*
p.Thr935Gln	0.4197955848444635	0.0	*
p.Thr935Glu	0.16821690944397028	0.0	*
p.Thr935Gly	0.5939539171762618	0.0	*
p.Thr935His	0.48737026876189343	0.0	*
p.Thr935Ile	0.6225104695307564	0.0	*
p.Thr935Leu	0.5628504614134112	0.0	*
p.Thr935Lys	0.491195098794113	0.0	*
p.Thr935Met	0.8624935199491349	0.0	*
p.Thr935Phe	0.31506350547044387	0.0	*
p.Thr935Pro	0.10584924369021118	0.0	*
p.Thr935Ser	0.9503271109659118	0.0	*
p.Thr935Ter	0.0	0.0	*
p.Thr935Trp	0.3232635256069377	0.0	*
p.Thr935Tyr	0.23700578747456202	0.0	*
p.Thr935Val	0.4591769303350142	0.0	*
p.Thr964=	*	*	*
p.Thr964Ala	0.996253830840743	0.0	*
p.Thr964Arg	0.9518276404883593	0.0	*
p.Thr964Asn	0.9959374976431796	0.0	*
p.Thr964Asp	0.9531239236600472	0.0	*
p.Thr964Cys	0.9483959323579191	0.0	*
p.Thr964Gln	0.9579372116162408	0.0	*
p.Thr964Glu	0.9094026614945014	0.0	*
p.Thr964Gly	0.9891399388081051	0.0	*
p.Thr964His	0.9836118291583801	0.0	*
p.Thr964Ile	0.947920323932331	0.0	*
p.Thr964Leu	0.9688392454388982	0.0	*
p.Thr964Lys	0.9874725125218532	0.0	*
p.Thr964Met	0.99585051831872	0.0	*
p.Thr964Phe	0.9236242808656775	0.0	*
p.Thr964Pro	0.8884093241716882	0.0	*
p.Thr964Ser	0.9984323061566746	0.0	*
p.Thr964Ter	0.0	0.0	*
p.Thr964Trp	0.8845969054253174	0.0	*
p.Thr964Tyr	0.8312590972207132	0.0	*
p.Thr964Val	0.872558321731263	0.0	*
p.Thr974=	*	*	*
p.Thr974Ala	0.2632587942512034	0.0	*
p.Thr974Arg	0.05633852473186532	0.0	*
p.Thr974Asn	0.16402389497637276	0.0	*
p.Thr974Asp	0.035479886952792174	0.0	*
p.Thr974Cys	0.12671156050516827	0.0	*
p.Thr974Gln	0.07375181056293777	0.0	*
p.Thr974Glu	0.02411112295009878	0.0	*
p.Thr974Gly	0.14005173209731633	0.0	*
p.Thr974His	0.053215601823718116	0.0	*
p.Thr974Ile	0.06316889293239275	0.0	*
p.Thr974Leu	0.08925215400908014	0.0	*
p.Thr974Lys	0.06279868618928193	0.0	*
p.Thr974Met	0.33589214717926424	0.0	*
p.Thr974Phe	0.037884327061607236	0.0	*
p.Thr974Pro	0.016218518873929416	0.0	*
p.Thr974Ser	0.5835135106694765	0.0	*
p.Thr974Ter	0.0	0.0	*
p.Thr974Trp	0.03980869721780437	0.0	*
p.Thr974Tyr	0.0414768308294378	0.0	*
p.Thr974Val	0.0691099171410281	0.0	*
p.Thr977=	*	*	*
p.Thr977Ala	0.10673074366584429	0.0	*
p.Thr977Arg	0.026438187890182627	0.0	*
p.Thr977Asn	0.07468891933349808	0.0	*
p.Thr977Asp	0.0254296202135791	0.0	*
p.Thr977Cys	0.03520878112186052	0.0	*
p.Thr977Gln	0.026919718985997917	0.0	*
p.Thr977Glu	0.01199701392082728	0.0	*
p.Thr977Gly	0.04069103641010497	0.0	*
p.Thr977His	0.017470448485197423	0.0	*
p.Thr977Ile	0.04273842994434142	0.0	*
p.Thr977Leu	0.033876198842294244	0.0	*
p.Thr977Lys	0.02544873887868647	0.0	*
p.Thr977Met	0.07552598335414802	0.0	*
p.Thr977Phe	0.01762241742737062	0.0	*
p.Thr977Pro	0.015566559181394834	0.0	*
p.Thr977Ser	0.17488405696487866	0.0	*
p.Thr977Ter	0.0	0.0	*
p.Thr977Trp	0.01757646146595165	0.0	*
p.Thr977Tyr	0.026922861767450658	0.0	*
p.Thr977Val	0.04392631501404935	0.0	*
p.Thr991=	*	*	*
p.Thr991Ala	0.009386830471517168	0.0	*
p.Thr991Arg	0.0022547048347660898	0.0	*
p.Thr991Asn	0.006423509476426117	0.0	*
p.Thr991Asp	0.001337134810857177	0.0	*
p.Thr991Cys	0.0016519240440690903	0.0	*
p.Thr991Gln	0.005210959218029428	0.0	*
p.Thr991Glu	0.0011002151217203643	0.0	*
p.Thr991Gly	0.004043308838979337	0.0	*
p.Thr991His	0.0026956831163297648	0.0	*
p.Thr991Ile	0.004321236556010523	0.0	*
p.Thr991Leu	0.004855089175593371	0.0	*
p.Thr991Lys	0.0018521236087526542	0.0	*
p.Thr991Met	0.009447527049311243	0.0	*
p.Thr991Phe	0.001981349711433838	0.0	*
p.Thr991Pro	0.0011309617099811641	0.0	*
p.Thr991Ser	0.030607759301350016	0.0	*
p.Thr991Ter	0.0	0.0	*
p.Thr991Trp	0.0029202992375030536	0.0	*
p.Thr991Tyr	0.00282910294849337	0.0	*
p.Thr991Val	0.005488534608840271	0.0	*
p.Thr993=	*	*	*
p.Thr993Ala	0.005384038701067452	0.0	*
p.Thr993Arg	0.0026967363232654994	0.0	*
p.Thr993Asn	0.004731632746940365	0.0	*
p.Thr993Asp	0.0028063660575273217	0.0	*
p.Thr993Cys	0.002110568320886305	0.0	*
p.Thr993Gln	0.004341007236065158	0.0	*
p.Thr993Glu	0.0028968499062037656	0.0	*
p.Thr993Gly	0.0026481042772878707	0.0	*
p.Thr993His	0.002284187004885586	0.0	*
p.Thr993Ile	0.0028845831435192777	0.0	*
p.Thr993Leu	0.0036350253411675955	0.0	*
p.Thr993Lys	0.0026735248279653426	0.0	*
p.Thr993Met	0.0060890487421499115	0.0	*
p.Thr993Phe	0.0018198378641738353	0.0	*
p.Thr993Pro	0.0017073958458429551	0.0	*
p.Thr993Ser	0.027277186845288355	0.0	*
p.Thr993Ter	0.0	0.0	*
p.Thr993Trp	0.002373344206952368	0.0	*
p.Thr993Tyr	0.0025453525269419686	0.0	*
p.Thr993Val	0.005232380904206601	0.0	*
p.Thr999=	*	*	*
p.Thr999Ala	0.0003005268585850444	0.0	*
p.Thr999Arg	0.00014301174462786408	0.0	*
p.Thr999Asn	0.00024718008540603625	0.0	*
p.Thr999Asp	8.106697021138519e-05	0.0	*
p.Thr999Cys	0.00024128452491435447	0.0	*
p.Thr999Gln	0.0002645187242415375	0.0	*
p.Thr999Glu	8.106697021138519e-05	0.0	*
p.Thr999Gly	0.00021704726906824964	0.0	*
p.Thr999His	0.00011182646346857923	0.0	*
p.Thr999Ile	0.0002044870593029383	0.0	*
p.Thr999Leu	0.00029238827574037073	0.0	*
p.Thr999Lys	0.00019484603522528838	0.0	*
p.Thr999Met	0.00042739542304803184	0.0	*
p.Thr999Phe	0.00020765746689907285	0.0	*
p.Thr999Pro	8.57388030781603e-05	0.0	*
p.Thr999Ser	0.0012578799313887128	0.0	*
p.Thr999Ter	0.0	0.0	*
p.Thr999Trp	0.00026166344300202485	0.0	*
p.Thr999Tyr	0.00019808198921619002	0.0	*
p.Thr999Val	0.0006031353571258218	0.0	*
p.Trp1153Ala	0.4790664542663831	0.0	*
p.Trp1153Arg	0.08505513266677553	0.0	*
p.Trp1153Asn	0.18564023959814682	0.0	*
p.Trp1153Asp	0.06825105194157077	0.0	*
p.Trp1153Cys	0.2822598334570746	0.0	*
p.Trp1153Gln	0.1986976171958544	0.0	*
p.Trp1153Glu	0.0814818654781549	0.0	*
p.Trp1153Gly	0.11410134064524521	0.0	*
p.Trp1153His	0.22627531533633413	0.0	*
p.Trp1153Ile	0.5913893694160517	0.0	*
p.Trp1153Leu	0.2682899357717482	0.0	*
p.Trp1153Lys	0.45123930991064964	0.0	*
p.Trp1153Met	0.40224232640730584	0.0	*
p.Trp1153Phe	0.43296301908251	0.0	*
p.Trp1153Pro	0.06386611699541736	0.0	*
p.Trp1153Ser	0.09941426330140747	0.0	*
p.Trp1153Ter	0.0	0.0	*
p.Trp1153Thr	0.26897999957507235	0.0	*
p.Trp1153Tyr	0.1728549286034564	0.0	*
p.Trp1153Val	0.38965548862382915	0.0	*
p.Trp1353Ala	0.14732331000149618	0.0	*
p.Trp1353Arg	0.0560462030584621	0.0	*
p.Trp1353Asn	0.1145326725499092	0.0	*
p.Trp1353Asp	0.029281501070828126	0.0	*
p.Trp1353Cys	0.09217135588969509	0.0	*
p.Trp1353Gln	0.042697495107282955	0.0	*
p.Trp1353Glu	0.020724876905667003	0.0	*
p.Trp1353Gly	0.06676192078191387	0.0	*
p.Trp1353Ile	0.18418482277477805	0.0	*
p.Trp1353Leu	0.07617970144069254	0.0	*
p.Trp1353Lys	0.11681035228411825	0.0	*
p.Trp1353Met	0.14165087951846939	0.0	*
p.Trp1353Phe	0.1887150927186679	0.0	*
p.Trp1353Ser	0.04044520389603777	0.0	*
p.Trp1353Ter	0.0	0.0	*
p.Trp1353Thr	0.08634496539003247	0.0	*
p.Trp1353Tyr	0.09262998876505907	0.0	*
p.Trp1353Val	0.13032906108758172	0.0	*
p.Trp1410Ala	0.9973174462294214	0.0	*
p.Trp1410Arg	0.9797797861159566	0.0	*
p.Trp1410Asn	0.9905794902466403	0.0	*
p.Trp1410Asp	0.9719824893742565	0.0	*
p.Trp1410Cys	0.9904693513318968	0.0	*
p.Trp1410Gln	0.9838674632101287	0.0	*
p.Trp1410Glu	0.9860150268914377	0.0	*
p.Trp1410Gly	0.9852702127799605	0.0	*
p.Trp1410His	0.9938667060747581	0.0	*
p.Trp1410Ile	0.9950210208597468	0.0	*
p.Trp1410Leu	0.9889574164208498	0.0	*
p.Trp1410Lys	0.9944019027536469	0.0	*
p.Trp1410Met	0.9918666666359179	0.0	*
p.Trp1410Phe	0.9938492196451028	0.0	*
p.Trp1410Pro	0.9780617790507731	0.0	*
p.Trp1410Ser	0.9850892731402755	0.0	*
p.Trp1410Ter	0.0	0.0	*
p.Trp1410Thr	0.9936025130658087	0.0	*
p.Trp1410Tyr	0.9763432786052968	0.0	*
p.Trp1410Val	0.9782890990614826	0.0	*
p.Trp1419Ala	0.9891071160257985	0.0	*
p.Trp1419Arg	0.9630734996915501	0.0	*
p.Trp1419Asn	0.9878300185469604	0.0	*
p.Trp1419Asp	0.9847860654832178	0.0	*
p.Trp1419Cys	0.9750469408117551	0.0	*
p.Trp1419Gln	0.9762097743872892	0.0	*
p.Trp1419Glu	0.9847920712309733	0.0	*
p.Trp1419Gly	0.9728930092123912	0.0	*
p.Trp1419His	0.9944546000868016	0.0	*
p.Trp1419Ile	0.9827992330075674	0.0	*
p.Trp1419Leu	0.9810250201670945	0.0	*
p.Trp1419Lys	0.9928352831993029	0.0	*
p.Trp1419Met	0.9787908330217117	0.0	*
p.Trp1419Phe	0.9875762927165296	0.0	*
p.Trp1419Pro	0.9938776664012416	0.0	*
p.Trp1419Ser	0.9708501530303999	0.0	*
p.Trp1419Ter	0.0	0.0	*
p.Trp1419Thr	0.9906466016106765	0.0	*
p.Trp1419Tyr	0.9622643333207198	0.0	*
p.Trp1419Val	0.9650835347363959	0.0	*
p.Trp1452Ala	0.8599016456988395	0.0	*
p.Trp1452Arg	0.7169679666125242	0.0	*
p.Trp1452Asn	0.834357969297401	0.0	*
p.Trp1452Asp	0.6540548137854401	0.0	*
p.Trp1452Cys	0.42633699496958416	0.0	*
p.Trp1452Gln	0.7146381096813403	0.0	*
p.Trp1452Glu	0.605543983175768	0.0	*
p.Trp1452Gly	0.6144984330742908	0.0	*
p.Trp1452His	0.7316451882266867	0.0	*
p.Trp1452Ile	0.6329374164097223	0.0	*
p.Trp1452Leu	0.6368179422649836	0.0	*
p.Trp1452Lys	0.8675241058534469	0.0	*
p.Trp1452Met	0.7398315098828679	0.0	*
p.Trp1452Phe	0.8174786372681389	0.0	*
p.Trp1452Pro	0.5775188278437261	0.0	*
p.Trp1452Ser	0.7544083215378361	0.0	*
p.Trp1452Ter	0.0	0.0	*
p.Trp1452Thr	0.8451474548161118	0.0	*
p.Trp1452Tyr	0.6103403498838028	0.0	*
p.Trp1452Val	0.5231570591865454	0.0	*
p.Trp712Ala	0.3923861437311251	0.0	*
p.Trp712Arg	0.0846424813554217	0.0	*
p.Trp712Asn	0.23966914801773792	0.0	*
p.Trp712Asp	0.05965119260030951	0.0	*
p.Trp712Cys	0.28141401817302003	0.0	*
p.Trp712Gln	0.2175410481523045	0.0	*
p.Trp712Glu	0.07010348909986097	0.0	*
p.Trp712Gly	0.17855346506872635	0.0	*
p.Trp712His	0.28349111149379463	0.0	*
p.Trp712Ile	0.4866258825009341	0.0	*
p.Trp712Leu	0.27756163280016716	0.0	*
p.Trp712Lys	0.3827909240388767	0.0	*
p.Trp712Met	0.5472004742036712	0.0	*
p.Trp712Phe	0.5612179842578591	0.0	*
p.Trp712Pro	0.07132138235246628	0.0	*
p.Trp712Ser	0.18404393986516063	0.0	*
p.Trp712Ter	0.0	0.0	*
p.Trp712Thr	0.37666950927340037	0.0	*
p.Trp712Tyr	0.21528437371892378	0.0	*
p.Trp712Val	0.5363488652870653	0.0	*
p.Trp779Ala	0.17915736646603503	0.0	*
p.Trp779Arg	0.017403724596337197	0.0	*
p.Trp779Asn	0.049758234936680856	0.0	*
p.Trp779Asp	0.012795371110240232	0.0	*
p.Trp779Cys	0.0958523556355243	0.0	*
p.Trp779Gln	0.05709084442629519	0.0	*
p.Trp779Glu	0.01764902482251627	0.0	*
p.Trp779Gly	0.058539267171176974	0.0	*
p.Trp779His	0.10624850953747761	0.0	*
p.Trp779Ile	0.19664356599302377	0.0	*
p.Trp779Leu	0.07625414389438283	0.0	*
p.Trp779Lys	0.11591173380669324	0.0	*
p.Trp779Met	0.1421037165588419	0.0	*
p.Trp779Phe	0.14589550841991583	0.0	*
p.Trp779Pro	0.020140147053876272	0.0	*
p.Trp779Ser	0.04176072707122585	0.0	*
p.Trp779Ter	0.0	0.0	*
p.Trp779Thr	0.09131131604794551	0.0	*
p.Trp779Tyr	0.030532425179481376	0.0	*
p.Trp779Val	0.13862839581411435	0.0	*
p.Trp939Ala	0.8747023443328825	0.0	*
p.Trp939Arg	0.2376963624333035	0.0	*
p.Trp939Asn	0.44676435824064753	0.0	*
p.Trp939Asp	0.15258856901179219	0.0	*
p.Trp939Cys	0.6679457788811392	0.0	*
p.Trp939Gln	0.5016181292847346	0.0	*
p.Trp939Glu	0.1780695906673728	0.0	*
p.Trp939Gly	0.4727276276809514	0.0	*
p.Trp939His	0.6076121963297505	0.0	*
p.Trp939Ile	0.7728355842868421	0.0	*
p.Trp939Leu	0.5471371003848122	0.0	*
p.Trp939Lys	0.7101573259869628	0.0	*
p.Trp939Met	0.7932188205190817	0.0	*
p.Trp939Phe	0.8065023693129028	0.0	*
p.Trp939Pro	0.09920253300502896	0.0	*
p.Trp939Ser	0.2669540368974919	0.0	*
p.Trp939Ter	0.0	0.0	*
p.Trp939Thr	0.6915977828772861	0.0	*
p.Trp939Tyr	0.4651580259746994	0.0	*
p.Trp939Val	0.7811271337048142	0.0	*
p.Tyr1078=	*	*	*
p.Tyr1078Ala	0.0059880356250065474	0.0	*
p.Tyr1078Arg	0.0011125574124999941	0.0	*
p.Tyr1078Asp	0.0010518138524677576	0.0	*
p.Tyr1078Cys	0.0017189082727736237	0.0	*
p.Tyr1078Gln	0.002388895731131689	0.0	*
p.Tyr1078Glu	0.0007966504824102905	0.0	*
p.Tyr1078Gly	0.0012564193424279412	0.0	*
p.Tyr1078His	0.0018160968227006143	0.0	*
p.Tyr1078Ile	0.006391531503901328	0.0	*
p.Tyr1078Leu	0.003947204303307164	0.0	*
p.Tyr1078Met	0.002798078517672256	0.0	*
p.Tyr1078Phe	0.004669385181226995	0.0	*
p.Tyr1078Pro	0.0006905339660024882	0.0	*
p.Tyr1078Ser	0.0016467234691806033	0.0	*
p.Tyr1078Ter	0.0	0.0	*
p.Tyr1078Thr	0.0032406448994436845	0.0	*
p.Tyr1078Trp	0.002617247489056686	0.0	*
p.Tyr1078Val	0.006097959857333105	0.0	*
p.Tyr1090=	*	*	*
p.Tyr1090Ala	0.004540017675903174	0.0	*
p.Tyr1090Arg	0.0013583998181691819	0.0	*
p.Tyr1090Asn	0.00261297915970654	0.0	*
p.Tyr1090Asp	0.00216524466282694	0.0	*
p.Tyr1090Cys	0.00428330587138323	0.0	*
p.Tyr1090Gln	0.005953577246543968	0.0	*
p.Tyr1090Glu	0.0025625998265046447	0.0	*
p.Tyr1090Gly	0.0032435644621832136	0.0	*
p.Tyr1090His	0.007518381020034056	0.0	*
p.Tyr1090Ile	0.01718599041348984	0.0	*
p.Tyr1090Leu	0.00954515346220734	0.0	*
p.Tyr1090Lys	0.008889955361551754	0.0	*
p.Tyr1090Met	0.0055736813639466675	0.0	*
p.Tyr1090Phe	0.02771729148345116	0.0	*
p.Tyr1090Pro	0.0026956831163297648	0.0	*
p.Tyr1090Ser	0.004384709649622375	0.0	*
p.Tyr1090Ter	0.0	0.0	*
p.Tyr1090Thr	0.009562607272193368	0.0	*
p.Tyr1090Trp	0.011523606115034361	0.0	*
p.Tyr1090Val	0.04627139961955248	0.0	*
p.Tyr1331=	*	*	*
p.Tyr1331Ala	0.07826257372871932	0.0	*
p.Tyr1331Arg	0.020642409257364477	0.0	*
p.Tyr1331Asn	0.03319470859770998	0.0	*
p.Tyr1331Asp	0.016638443272697253	0.0	*
p.Tyr1331Cys	0.05346806952445466	0.0	*
p.Tyr1331Gln	0.05040751845067852	0.0	*
p.Tyr1331Glu	0.020189057911759536	0.0	*
p.Tyr1331Gly	0.03450242762000885	0.0	*
p.Tyr1331His	0.05980335315797556	0.0	*
p.Tyr1331Ile	0.11609721857360457	0.0	*
p.Tyr1331Leu	0.09512510986124523	0.0	*
p.Tyr1331Lys	0.08412786203976169	0.0	*
p.Tyr1331Met	0.08183188698870499	0.0	*
p.Tyr1331Phe	0.16346511887008847	0.0	*
p.Tyr1331Pro	0.012306377331038456	0.0	*
p.Tyr1331Ser	0.04124479394227975	0.0	*
p.Tyr1331Ter	0.0	0.0	*
p.Tyr1331Thr	0.0756912791197503	0.0	*
p.Tyr1331Trp	0.08032010779170295	0.0	*
p.Tyr1331Val	0.14592111678412312	0.0	*
p.Tyr1376=	*	*	*
p.Tyr1376Ala	0.9955211711309184	0.0	*
p.Tyr1376Arg	0.8946415051145368	0.0	*
p.Tyr1376Asn	0.951017926485582	0.0	*
p.Tyr1376Asp	0.8764064143875869	0.0	*
p.Tyr1376Cys	0.9833794480589677	0.0	*
p.Tyr1376Gln	0.9808647805137772	0.0	*
p.Tyr1376Glu	0.8949689963630996	0.0	*
p.Tyr1376Gly	0.9404903200365837	0.0	*
p.Tyr1376His	0.9908298702228955	0.0	*
p.Tyr1376Ile	0.994709746995227	0.0	*
p.Tyr1376Leu	0.9952288201845321	0.0	*
p.Tyr1376Lys	0.9950413835068176	0.0	*
p.Tyr1376Met	0.9952078320426851	0.0	*
p.Tyr1376Phe	0.9973575463427253	0.0	*
p.Tyr1376Pro	0.8587910006665794	0.0	*
p.Tyr1376Ser	0.9767913268304541	0.0	*
p.Tyr1376Ter	0.0	0.0	*
p.Tyr1376Thr	0.994914396280466	0.0	*
p.Tyr1376Trp	0.984339160204632	0.0	*
p.Tyr1376Val	0.9937729555167578	0.0	*
p.Tyr1384=	*	*	*
p.Tyr1384Ala	0.9937395290330459	0.0	*
p.Tyr1384Arg	0.9682733342438048	0.0	*
p.Tyr1384Asn	0.9848418385367277	0.0	*
p.Tyr1384Asp	0.9385617305864884	0.0	*
p.Tyr1384Cys	0.9819622122324243	0.0	*
p.Tyr1384Gln	0.9726887092557457	0.0	*
p.Tyr1384Glu	0.9506778326825676	0.0	*
p.Tyr1384Gly	0.971112883158605	0.0	*
p.Tyr1384His	0.9920433912052617	0.0	*
p.Tyr1384Ile	0.9942983029990746	0.0	*
p.Tyr1384Leu	0.992940287552683	0.0	*
p.Tyr1384Lys	0.993706729611923	0.0	*
p.Tyr1384Met	0.9914360402493653	0.0	*
p.Tyr1384Phe	0.9974111373945306	0.0	*
p.Tyr1384Pro	0.9476611336270444	0.0	*
p.Tyr1384Ser	0.9806310688077258	0.0	*
p.Tyr1384Ter	0.0	0.0	*
p.Tyr1384Thr	0.9970609144665573	0.0	*
p.Tyr1384Trp	0.9840680765080227	0.0	*
p.Tyr1384Val	0.9904170659778736	0.0	*
p.Tyr1424=	*	*	*
p.Tyr1424Ala	0.978771168339153	0.0	*
p.Tyr1424Arg	0.9681905019549346	0.0	*
p.Tyr1424Asn	0.9861631968665998	0.0	*
p.Tyr1424Asp	0.9603639781729046	0.0	*
p.Tyr1424Cys	0.9631823841116298	0.0	*
p.Tyr1424Gln	0.979320410413425	0.0	*
p.Tyr1424Glu	0.9534719896946651	0.0	*
p.Tyr1424Gly	0.9294805436255659	0.0	*
p.Tyr1424His	0.9896693565301151	0.0	*
p.Tyr1424Ile	0.9881328674529551	0.0	*
p.Tyr1424Leu	0.9768580839548052	0.0	*
p.Tyr1424Lys	0.9913942881744093	0.0	*
p.Tyr1424Met	0.9811015391630588	0.0	*
p.Tyr1424Phe	0.9934054468962515	0.0	*
p.Tyr1424Pro	0.9673239228619408	0.0	*
p.Tyr1424Ser	0.9858256660444925	0.0	*
p.Tyr1424Ter	0.0	0.0	*
p.Tyr1424Thr	0.9929363117870101	0.0	*
p.Tyr1424Trp	0.9786994981914178	0.0	*
p.Tyr1424Val	0.9768805887568144	0.0	*
p.Tyr1464=	*	*	*
p.Tyr1464Ala	0.8474448492581885	0.0	*
p.Tyr1464Arg	0.638210561595651	0.0	*
p.Tyr1464Asn	0.8017792842934279	0.0	*
p.Tyr1464Asp	0.5334629852469713	0.0	*
p.Tyr1464Cys	0.6201717332575124	0.0	*
p.Tyr1464Gln	0.833230743180537	0.0	*
p.Tyr1464Glu	0.5379502746997319	0.0	*
p.Tyr1464Gly	0.526708723471012	0.0	*
p.Tyr1464His	0.848684848495655	0.0	*
p.Tyr1464Ile	0.8839626507831811	0.0	*
p.Tyr1464Leu	0.8323743326427031	0.0	*
p.Tyr1464Lys	0.8775311852908465	0.0	*
p.Tyr1464Met	0.8069688841712082	0.0	*
p.Tyr1464Phe	0.9141598114173644	0.0	*
p.Tyr1464Pro	0.6677416084389215	0.0	*
p.Tyr1464Ser	0.7260204009149585	0.0	*
p.Tyr1464Ter	0.0	0.0	*
p.Tyr1464Thr	0.8397210403331345	0.0	*
p.Tyr1464Trp	0.7558112047795307	0.0	*
p.Tyr1464Val	0.7778110095677745	0.0	*
p.Tyr713=	*	*	*
p.Tyr713Ala	0.17162888245886215	0.0	*
p.Tyr713Arg	0.10658048634422632	0.0	*
p.Tyr713Asn	0.15077451875513395	0.0	*
p.Tyr713Asp	0.05672913437127067	0.0	*
p.Tyr713Cys	0.1871619765548093	0.0	*
p.Tyr713Gln	0.236938430402695	0.0	*
p.Tyr713Glu	0.07715692476067254	0.0	*
p.Tyr713Gly	0.09794329954442288	0.0	*
p.Tyr713His	0.21627992702883406	0.0	*
p.Tyr713Ile	0.5714061437620886	0.0	*
p.Tyr713Leu	0.30361972135709714	0.0	*
p.Tyr713Lys	0.2907608864944084	0.0	*
p.Tyr713Met	0.3073718013087934	0.0	*
p.Tyr713Phe	0.560354911291556	0.0	*
p.Tyr713Pro	0.05388543252795365	0.0	*
p.Tyr713Ser	0.17293521648985713	0.0	*
p.Tyr713Ter	0.0	0.0	*
p.Tyr713Thr	0.3500906635903892	0.0	*
p.Tyr713Trp	0.2636663499669767	0.0	*
p.Tyr713Val	0.5924576170454469	0.0	*
p.Tyr715=	*	*	*
p.Tyr715Ala	0.08118652626141298	0.0	*
p.Tyr715Arg	0.03896015209448577	0.0	*
p.Tyr715Asn	0.04747540531623963	0.0	*
p.Tyr715Asp	0.034898297928591775	0.0	*
p.Tyr715Cys	0.05380516596890234	0.0	*
p.Tyr715Gln	0.10288601906742038	0.0	*
p.Tyr715Glu	0.039184523564124885	0.0	*
p.Tyr715Gly	0.0465968636669052	0.0	*
p.Tyr715His	0.10977665031198132	0.0	*
p.Tyr715Ile	0.1637091346266232	0.0	*
p.Tyr715Leu	0.11840123298459247	0.0	*
p.Tyr715Lys	0.15264889341270557	0.0	*
p.Tyr715Met	0.12317753118122145	0.0	*
p.Tyr715Phe	0.272939236941209	0.0	*
p.Tyr715Pro	0.02682614915875005	0.0	*
p.Tyr715Ser	0.0685229367683497	0.0	*
p.Tyr715Ter	0.0	0.0	*
p.Tyr715Thr	0.1470724580711005	0.0	*
p.Tyr715Trp	0.09798067702530162	0.0	*
p.Tyr715Val	0.29359270852440333	0.0	*
p.Tyr719=	*	*	*
p.Tyr719Ala	0.2037478959329706	0.0	*
p.Tyr719Arg	0.06170373732038132	0.0	*
p.Tyr719Asn	0.1364551558079563	0.0	*
p.Tyr719Asp	0.07352452628192606	0.0	*
p.Tyr719Cys	0.10440197363188648	0.0	*
p.Tyr719Gln	0.21752251672121664	0.0	*
p.Tyr719Glu	0.08703977841814442	0.0	*
p.Tyr719Gly	0.10652014011077986	0.0	*
p.Tyr719His	0.22354073407862543	0.0	*
p.Tyr719Ile	0.2578492212213811	0.0	*
p.Tyr719Leu	0.24006180825950527	0.0	*
p.Tyr719Lys	0.25675279540445195	0.0	*
p.Tyr719Met	0.2189633049299943	0.0	*
p.Tyr719Phe	0.5194269307932401	0.0	*
p.Tyr719Pro	0.038405215934670146	0.0	*
p.Tyr719Ser	0.11543220276770606	0.0	*
p.Tyr719Ter	0.0	0.0	*
p.Tyr719Thr	0.265358938857815	0.0	*
p.Tyr719Trp	0.19776512920298048	0.0	*
p.Tyr719Val	0.4205263913406162	0.0	*
p.Tyr741Ala	0.18916128955212597	0.0	*
p.Tyr741Arg	0.05114502617278873	0.0	*
p.Tyr741Asn	0.07539944630693418	0.0	*
p.Tyr741Asp	0.04446347939145965	0.0	*
p.Tyr741Cys	0.15666209327666486	0.0	*
p.Tyr741Glu	0.05612006149769939	0.0	*
p.Tyr741Gly	0.12633085941812155	0.0	*
p.Tyr741His	0.24518243470195009	0.0	*
p.Tyr741Ile	0.34883737764616285	0.0	*
p.Tyr741Leu	0.3054992704081616	0.0	*
p.Tyr741Lys	0.2559352370682562	0.0	*
p.Tyr741Met	0.27256222526307666	0.0	*
p.Tyr741Phe	0.562423110562729	0.0	*
p.Tyr741Pro	0.030772844488851016	0.0	*
p.Tyr741Ser	0.10855438853684453	0.0	*
p.Tyr741Ter	0.0	0.0	*
p.Tyr741Thr	0.27421641871791946	0.0	*
p.Tyr741Trp	0.3011728854334393	0.0	*
p.Tyr741Val	0.5351652389806502	0.0	*
p.Tyr743=	*	*	*
p.Tyr743Ala	0.15525089044807105	0.0	*
p.Tyr743Arg	0.06374629391786796	0.0	*
p.Tyr743Asn	0.09008277940220943	0.0	*
p.Tyr743Asp	0.05290513849927717	0.0	*
p.Tyr743Cys	0.10239744673500673	0.0	*
p.Tyr743Gln	0.12787380667425752	0.0	*
p.Tyr743Glu	0.042680407090583135	0.0	*
p.Tyr743Gly	0.11965090960833284	0.0	*
p.Tyr743His	0.20676201684443007	0.0	*
p.Tyr743Ile	0.23675580582201639	0.0	*
p.Tyr743Leu	0.2010515522632014	0.0	*
p.Tyr743Phe	0.4095385405594495	0.0	*
p.Tyr743Pro	0.02753274101863755	0.0	*
p.Tyr743Ser	0.09442931675500678	0.0	*
p.Tyr743Ter	0.0	0.0	*
p.Tyr743Thr	0.2282053579152751	0.0	*
p.Tyr743Trp	0.19853946867271371	0.0	*
p.Tyr743Val	0.31358885402382397	0.0	*
p.Tyr923=	*	*	*
p.Tyr923Ala	0.02529259038633816	0.0	*
p.Tyr923Arg	0.009298102073948452	0.0	*
p.Tyr923Asn	0.016111464155329318	0.0	*
p.Tyr923Asp	0.008430367173589526	0.0	*
p.Tyr923Cys	0.01524243476480896	0.0	*
p.Tyr923Gln	0.023662258160241548	0.0	*
p.Tyr923Glu	0.007761024183772356	0.0	*
p.Tyr923Gly	0.012569732033301289	0.0	*
p.Tyr923His	0.025377868284427917	0.0	*
p.Tyr923Ile	0.08037174094429024	0.0	*
p.Tyr923Leu	0.035921958719478196	0.0	*
p.Tyr923Lys	0.039433700125882494	0.0	*
p.Tyr923Met	0.034523617968878276	0.0	*
p.Tyr923Phe	0.07685671198488837	0.0	*
p.Tyr923Pro	0.007357138175252148	0.0	*
p.Tyr923Ser	0.019322186980974272	0.0	*
p.Tyr923Ter	0.0	0.0	*
p.Tyr923Thr	0.03499016238641861	0.0	*
p.Tyr923Trp	0.03298091821999314	0.0	*
p.Tyr923Val	0.117733154548146	0.0	*
p.Tyr953=	*	*	*
p.Tyr953Ala	0.9892247393146896	0.0	*
p.Tyr953Arg	0.9722841925943294	0.0	*
p.Tyr953Asn	0.9898886577576311	0.0	*
p.Tyr953Asp	0.943357828825518	0.0	*
p.Tyr953Cys	0.9788313829995802	0.0	*
p.Tyr953Gln	0.9818851332686532	0.0	*
p.Tyr953Glu	0.9600160934908288	0.0	*
p.Tyr953Gly	0.9786555770069479	0.0	*
p.Tyr953His	0.9950106513117053	0.0	*
p.Tyr953Ile	0.9901069325315878	0.0	*
p.Tyr953Leu	0.9910326845152653	0.0	*
p.Tyr953Lys	0.9954564582625917	0.0	*
p.Tyr953Met	0.9962445115588802	0.0	*
p.Tyr953Phe	0.9980605227772352	0.0	*
p.Tyr953Pro	0.9153679383271853	0.0	*
p.Tyr953Ser	0.975891937940892	0.0	*
p.Tyr953Ter	0.0	0.0	*
p.Tyr953Thr	0.9949728940579402	0.0	*
p.Tyr953Trp	0.9849622415601762	0.0	*
p.Tyr953Val	0.9868666012657842	0.0	*
p.Val1001=	*	*	*
p.Val1001Ala	0.005665937574565767	0.0	*
p.Val1001Arg	0.0015237309917914912	0.0	*
p.Val1001Asn	0.0027939308013591856	0.0	*
p.Val1001Asp	0.0007278693420995826	0.0	*
p.Val1001Cys	0.004341007236065158	0.0	*
p.Val1001Gln	0.005148860938131854	0.0	*
p.Val1001Glu	0.0006561769034737507	0.0	*
p.Val1001Gly	0.0022124619688661177	0.0	*
p.Val1001His	0.0031278599398403308	0.0	*
p.Val1001Ile	0.05666846776457324	0.0	*
p.Val1001Leu	0.006444548605076243	0.0	*
p.Val1001Lys	0.0035530846420641763	0.0	*
p.Val1001Met	0.00861014692232008	0.0	*
p.Val1001Phe	0.002686196301309555	0.0	*
p.Val1001Pro	0.0012240993443061311	0.0	*
p.Val1001Ser	0.006486538853130515	0.0	*
p.Val1001Ter	0.0	0.0	*
p.Val1001Thr	0.00419394427791228	0.0	*
p.Val1001Trp	0.005966321797746486	0.0	*
p.Val1001Tyr	0.0023241803420310935	0.0	*
p.Val1024=	*	*	*
p.Val1024Ala	0.3111363531670499	0.0	*
p.Val1024Arg	0.02188617356681835	0.0	*
p.Val1024Asn	0.06991113176834932	0.0	*
p.Val1024Asp	0.02553359173997333	0.0	*
p.Val1024Cys	0.19786531365135032	0.0	*
p.Val1024Gln	0.15168762156706023	0.0	*
p.Val1024Glu	0.019335996825463303	0.0	*
p.Val1024Gly	0.05296952745466448	0.0	*
p.Val1024His	0.12555630191866796	0.0	*
p.Val1024Ile	0.7904697801428001	0.0	*
p.Val1024Leu	0.2649947412668691	0.0	*
p.Val1024Lys	0.11639524064139417	0.0	*
p.Val1024Met	0.2297759957241037	0.0	*
p.Val1024Phe	0.08112874987144374	0.0	*
p.Val1024Pro	0.025389753074626223	0.0	*
p.Val1024Ser	0.1558069396187368	0.0	*
p.Val1024Ter	0.0	0.0	*
p.Val1024Thr	0.1012072532163216	0.0	*
p.Val1024Trp	0.13304545289689204	0.0	*
p.Val1024Tyr	0.04788145606500906	0.0	*
p.Val1036=	*	*	*
p.Val1036Ala	0.5631230818322326	0.0	*
p.Val1036Arg	0.08738030552639359	0.0	*
p.Val1036Asn	0.2964522168633656	0.0	*
p.Val1036Asp	0.12309091756417756	0.0	*
p.Val1036Cys	0.3691674248933324	0.0	*
p.Val1036Gln	0.33725002292802	0.0	*
p.Val1036Glu	0.06081900699756076	0.0	*
p.Val1036Gly	0.20755877015642962	0.0	*
p.Val1036His	0.43191500849188363	0.0	*
p.Val1036Ile	0.9187545592897293	0.0	*
p.Val1036Leu	0.39278130133378236	0.0	*
p.Val1036Met	0.5243743537026727	0.0	*
p.Val1036Phe	0.20248189928844634	0.0	*
p.Val1036Pro	0.10301259321963885	0.0	*
p.Val1036Ser	0.5226009928039667	0.0	*
p.Val1036Ter	0.0	0.0	*
p.Val1036Thr	0.36220603400254164	0.0	*
p.Val1036Trp	0.24334695921699515	0.0	*
p.Val1036Tyr	0.12856064299420375	0.0	*
p.Val1039=	*	*	*
p.Val1039Ala	0.21705001736164684	0.0	*
p.Val1039Arg	0.06677003917404044	0.0	*
p.Val1039Asn	0.21452432718322115	0.0	*
p.Val1039Asp	0.036064523575077924	0.0	*
p.Val1039Cys	0.09166666840398618	0.0	*
p.Val1039Gln	0.16368013646258597	0.0	*
p.Val1039Glu	0.03591015417952671	0.0	*
p.Val1039Gly	0.09737024018792993	0.0	*
p.Val1039His	0.1456641842394165	0.0	*
p.Val1039Ile	0.9014613236011774	0.0	*
p.Val1039Leu	0.4228674318087853	0.0	*
p.Val1039Lys	0.1417438098108131	0.0	*
p.Val1039Met	0.44087430892143614	0.0	*
p.Val1039Phe	0.16143833073738711	0.0	*
p.Val1039Pro	0.06649777549824169	0.0	*
p.Val1039Ser	0.1753179211053573	0.0	*
p.Val1039Ter	0.0	0.0	*
p.Val1039Thr	0.14977573850415554	0.0	*
p.Val1039Trp	0.2020400192888557	0.0	*
p.Val1039Tyr	0.12583689535324444	0.0	*
p.Val1042=	*	*	*
p.Val1042Ala	0.24046733482093277	0.0	*
p.Val1042Arg	0.06543571650769946	0.0	*
p.Val1042Asn	0.15700193417335717	0.0	*
p.Val1042Asp	0.04744120533395537	0.0	*
p.Val1042Cys	0.16747782221102425	0.0	*
p.Val1042Gln	0.14897323959061448	0.0	*
p.Val1042Glu	0.03452397109412829	0.0	*
p.Val1042Gly	0.10117306426106713	0.0	*
p.Val1042Ile	0.836289001132489	0.0	*
p.Val1042Leu	0.2667231082662188	0.0	*
p.Val1042Lys	0.12904830065799863	0.0	*
p.Val1042Met	0.30244657757060883	0.0	*
p.Val1042Phe	0.13499359670660224	0.0	*
p.Val1042Pro	0.0524195210694926	0.0	*
p.Val1042Ser	0.17206296598610943	0.0	*
p.Val1042Ter	0.0	0.0	*
p.Val1042Thr	0.15301752813129627	0.0	*
p.Val1042Trp	0.1434475088218498	0.0	*
p.Val1042Tyr	0.10967091225203127	0.0	*
p.Val1048=	*	*	*
p.Val1048Ala	0.3782260056567131	0.0	*
p.Val1048Arg	0.1485984520642723	0.0	*
p.Val1048Asn	0.3408164662664068	0.0	*
p.Val1048Asp	0.11281162915141257	0.0	*
p.Val1048Cys	0.3650546197122534	0.0	*
p.Val1048Gln	0.46460132154596484	0.0	*
p.Val1048Glu	0.09416382222852891	0.0	*
p.Val1048Gly	0.19212437240157218	0.0	*
p.Val1048His	0.3562940679124394	0.0	*
p.Val1048Ile	0.8806114214618498	0.0	*
p.Val1048Leu	0.43128802406252464	0.0	*
p.Val1048Lys	0.32828203215491514	0.0	*
p.Val1048Met	0.45420510452551216	0.0	*
p.Val1048Phe	0.2648354203100378	0.0	*
p.Val1048Pro	0.10669982855666382	0.0	*
p.Val1048Ser	0.4405900832629182	0.0	*
p.Val1048Ter	0.0	0.0	*
p.Val1048Thr	0.3417462146796406	0.0	*
p.Val1048Trp	0.2950255315035578	0.0	*
p.Val1048Tyr	0.15844216198040867	0.0	*
p.Val1056=	*	*	*
p.Val1056Ala	0.05708443969101563	0.0	*
p.Val1056Arg	0.0038825744023713443	0.0	*
p.Val1056Asn	0.015536987461393948	0.0	*
p.Val1056Asp	0.004125726136948849	0.0	*
p.Val1056Cys	0.022314758039817067	0.0	*
p.Val1056Gln	0.01680802748363894	0.0	*
p.Val1056Glu	0.003587634638608365	0.0	*
p.Val1056Gly	0.010392526991546308	0.0	*
p.Val1056His	0.01608183594241054	0.0	*
p.Val1056Ile	0.2557086292072843	0.0	*
p.Val1056Leu	0.03642161025925955	0.0	*
p.Val1056Met	0.02987295565318616	0.0	*
p.Val1056Phe	0.018436694153203485	0.0	*
p.Val1056Pro	0.00443928929895465	0.0	*
p.Val1056Ser	0.021329321829471094	0.0	*
p.Val1056Ter	0.0	0.0	*
p.Val1056Thr	0.016676808793924032	0.0	*
p.Val1056Trp	0.02355878015307113	0.0	*
p.Val1056Tyr	0.00982915608569481	0.0	*
p.Val1059=	*	*	*
p.Val1059Ala	0.0697559069380619	0.0	*
p.Val1059Arg	0.005374246739278443	0.0	*
p.Val1059Asn	0.015226891016327664	0.0	*
p.Val1059Asp	0.006424961398236128	0.0	*
p.Val1059Cys	0.05495192393516856	0.0	*
p.Val1059Gln	0.052016719925285226	0.0	*
p.Val1059Glu	0.010264295345967494	0.0	*
p.Val1059Gly	0.0179125244537653	0.0	*
p.Val1059His	0.0405197460848962	0.0	*
p.Val1059Ile	0.29962124502672305	0.0	*
p.Val1059Leu	0.04523072283679532	0.0	*
p.Val1059Lys	0.025151803812716898	0.0	*
p.Val1059Met	0.043125032819559754	0.0	*
p.Val1059Phe	0.02713346320354048	0.0	*
p.Val1059Pro	0.006812020686465134	0.0	*
p.Val1059Ser	0.047604715242837894	0.0	*
p.Val1059Ter	0.0	0.0	*
p.Val1059Thr	0.035185316755201215	0.0	*
p.Val1059Trp	0.035458070628549006	0.0	*
p.Val1059Tyr	0.015880921220880435	0.0	*
p.Val1060=	*	*	*
p.Val1060Ala	0.03504772256479374	0.0	*
p.Val1060Arg	0.0031613841244460764	0.0	*
p.Val1060Asn	0.00824697227052059	0.0	*
p.Val1060Asp	0.0030623391349331066	0.0	*
p.Val1060Cys	0.011692056749151624	0.0	*
p.Val1060Gln	0.012417972792724863	0.0	*
p.Val1060Glu	0.0026523482779901306	0.0	*
p.Val1060Gly	0.007003787084261196	0.0	*
p.Val1060His	0.009422590877249486	0.0	*
p.Val1060Ile	0.14929898573982664	0.0	*
p.Val1060Leu	0.013741848048809607	0.0	*
p.Val1060Lys	0.006665861666408954	0.0	*
p.Val1060Met	0.01452120112795694	0.0	*
p.Val1060Phe	0.006629376062055065	0.0	*
p.Val1060Pro	0.002849705092991024	0.0	*
p.Val1060Ser	0.012241194110580753	0.0	*
p.Val1060Ter	0.0	0.0	*
p.Val1060Thr	0.009436755625248894	0.0	*
p.Val1060Trp	0.008806413893099668	0.0	*
p.Val1060Tyr	0.005423911144115051	0.0	*
p.Val1073=	*	*	*
p.Val1073Ala	0.2823955680791376	0.0	*
p.Val1073Arg	0.02895215553877017	0.0	*
p.Val1073Asn	0.10044590391505427	0.0	*
p.Val1073Asp	0.03636706399266295	0.0	*
p.Val1073Cys	0.2309287926249483	0.0	*
p.Val1073Gln	0.21780338386068213	0.0	*
p.Val1073Glu	0.047101249279759914	0.0	*
p.Val1073Gly	0.0835927940626994	0.0	*
p.Val1073His	0.29035292595947226	0.0	*
p.Val1073Ile	0.8095977435656377	0.0	*
p.Val1073Leu	0.2489369476391025	0.0	*
p.Val1073Lys	0.1809535352316896	0.0	*
p.Val1073Met	0.2915897286878606	0.0	*
p.Val1073Phe	0.12831611439088755	0.0	*
p.Val1073Pro	0.060554191588500804	0.0	*
p.Val1073Ser	0.31023362311459257	0.0	*
p.Val1073Ter	0.0	0.0	*
p.Val1073Thr	0.21555255461359626	0.0	*
p.Val1073Trp	0.1557725991043381	0.0	*
p.Val1073Tyr	0.04701930542464965	0.0	*
p.Val1075=	*	*	*
p.Val1075Ala	0.014248577336625087	0.0	*
p.Val1075Arg	0.0028548456525261117	0.0	*
p.Val1075Asn	0.004696817656117624	0.0	*
p.Val1075Asp	0.0014722444843711536	0.0	*
p.Val1075Cys	0.008929708930560836	0.0	*
p.Val1075Gln	0.01027082708953588	0.0	*
p.Val1075Glu	0.00151025507312534	0.0	*
p.Val1075Gly	0.0033517717544466847	0.0	*
p.Val1075His	0.006553986028030515	0.0	*
p.Val1075Ile	0.13274749926693472	0.0	*
p.Val1075Leu	0.014013999591204536	0.0	*
p.Val1075Lys	0.006314941579030617	0.0	*
p.Val1075Met	0.010047735366438092	0.0	*
p.Val1075Phe	0.0073814376580754815	0.0	*
p.Val1075Pro	0.0017797610828140051	0.0	*
p.Val1075Ser	0.010125817846971719	0.0	*
p.Val1075Ter	0.0	0.0	*
p.Val1075Thr	0.011083405580979123	0.0	*
p.Val1075Trp	0.01257680943204633	0.0	*
p.Val1075Tyr	0.005512587479897972	0.0	*
p.Val1097=	*	*	*
p.Val1097Ala	0.01078166745502874	0.0	*
p.Val1097Arg	0.0014980825396543093	0.0	*
p.Val1097Asn	0.004147643229960295	0.0	*
p.Val1097Asp	0.0014282817201504126	0.0	*
p.Val1097Cys	0.005087242342731589	0.0	*
p.Val1097Gln	0.006690851346915897	0.0	*
p.Val1097Glu	0.0014172005071361022	0.0	*
p.Val1097Gly	0.0030092860820773973	0.0	*
p.Val1097His	0.005454317250405603	0.0	*
p.Val1097Ile	0.027858166113830275	0.0	*
p.Val1097Leu	0.009905562022183206	0.0	*
p.Val1097Lys	0.0036609313877964144	0.0	*
p.Val1097Met	0.00640316777455014	0.0	*
p.Val1097Phe	0.003433377616000767	0.0	*
p.Val1097Pro	0.0012314766342959025	0.0	*
p.Val1097Ser	0.006905901849413496	0.0	*
p.Val1097Ter	0.0	0.0	*
p.Val1097Thr	0.0030872276711672694	0.0	*
p.Val1097Trp	0.005286955414271984	0.0	*
p.Val1097Tyr	0.002589449652425974	0.0	*
p.Val1106=	*	*	*
p.Val1106Ala	0.002833228509514034	0.0	*
p.Val1106Arg	0.00029238827574037073	0.0	*
p.Val1106Asn	0.000477200547108129	0.0	*
p.Val1106Asp	0.00017491571124572127	0.0	*
p.Val1106Cys	0.00040154523340518386	0.0	*
p.Val1106Gln	0.0014530809708061829	0.0	*
p.Val1106Glu	0.00022626605784366378	0.0	*
p.Val1106Gly	0.00047498615527316775	0.0	*
p.Val1106His	0.0005789142278993292	0.0	*
p.Val1106Ile	0.005433274633238611	0.0	*
p.Val1106Leu	0.0014046895790716196	0.0	*
p.Val1106Met	0.001225576323792726	0.0	*
p.Val1106Phe	0.0005184791718661952	0.0	*
p.Val1106Pro	0.0001503473121426753	0.0	*
p.Val1106Ser	0.0016726566757263354	0.0	*
p.Val1106Ter	0.0	0.0	*
p.Val1106Thr	0.0006210305238082453	0.0	*
p.Val1106Trp	0.0006111164747066451	0.0	*
p.Val1106Tyr	0.00037985305042058777	0.0	*
p.Val1109=	*	*	*
p.Val1109Ala	0.002563676129211268	0.0	*
p.Val1109Arg	0.0006249771682441346	0.0	*
p.Val1109Asn	0.001419974282291378	0.0	*
p.Val1109Asp	0.000365092681296393	0.0	*
p.Val1109Cys	0.0009271762420192001	0.0	*
p.Val1109Gln	0.0014503344958634585	0.0	*
p.Val1109Glu	0.0002978246070384311	0.0	*
p.Val1109Gly	0.0008353232393395034	0.0	*
p.Val1109His	0.0008868574723444717	0.0	*
p.Val1109Ile	0.01194836778309905	0.0	*
p.Val1109Leu	0.0022467391073267115	0.0	*
p.Val1109Lys	0.0010753503890806096	0.0	*
p.Val1109Met	0.0023112572689955656	0.0	*
p.Val1109Phe	0.0009943772024731867	0.0	*
p.Val1109Pro	0.00038714146189695	0.0	*
p.Val1109Ser	0.0017354792678127625	0.0	*
p.Val1109Ter	0.0	0.0	*
p.Val1109Thr	0.0009765434537780432	0.0	*
p.Val1109Trp	0.0011643745427315443	0.0	*
p.Val1109Tyr	0.0010784718728943622	0.0	*
p.Val1140=	*	*	*
p.Val1140Ala	0.9582645558186708	0.0	*
p.Val1140Arg	0.725362678611647	0.0	*
p.Val1140Asn	0.8903075115980228	0.0	*
p.Val1140Asp	0.6936200832415471	0.0	*
p.Val1140Cys	0.8923661135489295	0.0	*
p.Val1140Gln	0.917549816619984	0.0	*
p.Val1140Glu	0.7165943373752582	0.0	*
p.Val1140Gly	0.7896949048499341	0.0	*
p.Val1140His	0.9345152748330307	0.0	*
p.Val1140Ile	0.9821924665150199	0.0	*
p.Val1140Leu	0.9451734358038386	0.0	*
p.Val1140Lys	0.8729124248633573	0.0	*
p.Val1140Met	0.9297546789822005	0.0	*
p.Val1140Phe	0.7394458281657279	0.0	*
p.Val1140Pro	0.7105226448812921	0.0	*
p.Val1140Ser	0.917960865082227	0.0	*
p.Val1140Ter	0.0	0.0	*
p.Val1140Thr	0.8901512119945068	0.0	*
p.Val1140Trp	0.8631006262875415	0.0	*
p.Val1140Tyr	0.6237887040347806	0.0	*
p.Val1146=	*	*	*
p.Val1146Ala	0.20575859280252565	0.0	*
p.Val1146Arg	0.022340935067403755	0.0	*
p.Val1146Asn	0.08055492397183779	0.0	*
p.Val1146Asp	0.02096619452429353	0.0	*
p.Val1146Cys	0.05121423161034187	0.0	*
p.Val1146Gln	0.060679312731187346	0.0	*
p.Val1146Glu	0.011965612107601255	0.0	*
p.Val1146Gly	0.04519942326422484	0.0	*
p.Val1146His	0.06687181590988196	0.0	*
p.Val1146Ile	0.5602861895465817	0.0	*
p.Val1146Leu	0.13080270614104933	0.0	*
p.Val1146Lys	0.06628445299475262	0.0	*
p.Val1146Met	0.11822313978170876	0.0	*
p.Val1146Phe	0.04464739851699859	0.0	*
p.Val1146Pro	0.01688582859432876	0.0	*
p.Val1146Ser	0.1499797679861527	0.0	*
p.Val1146Ter	0.0	0.0	*
p.Val1146Thr	0.06959020531283071	0.0	*
p.Val1146Trp	0.07151442955276766	0.0	*
p.Val1146Tyr	0.03590980696200076	0.0	*
p.Val1165=	*	*	*
p.Val1165Ala	0.27638811336223973	0.0	*
p.Val1165Arg	0.03784410568457736	0.0	*
p.Val1165Asn	0.1028062817916106	0.0	*
p.Val1165Asp	0.04389605387622688	0.0	*
p.Val1165Cys	0.10046511854917038	0.0	*
p.Val1165Glu	0.03666818544642277	0.0	*
p.Val1165Gly	0.08801202041918843	0.0	*
p.Val1165His	0.12653149199169655	0.0	*
p.Val1165Ile	0.6297663704491059	0.0	*
p.Val1165Leu	0.171485800794228	0.0	*
p.Val1165Lys	0.11318297415484396	0.0	*
p.Val1165Met	0.19575407436633765	0.0	*
p.Val1165Phe	0.08837406780166551	0.0	*
p.Val1165Pro	0.032637864979005865	0.0	*
p.Val1165Ser	0.14310258892242428	0.0	*
p.Val1165Ter	0.0	0.0	*
p.Val1165Thr	0.10249493089325942	0.0	*
p.Val1165Trp	0.08011614065566156	0.0	*
p.Val1165Tyr	0.059920083173337094	0.0	*
p.Val1182=	*	*	*
p.Val1182Ala	0.0031653181170404484	0.0	*
p.Val1182Arg	0.0007186138338194962	0.0	*
p.Val1182Asn	0.0009814209556906364	0.0	*
p.Val1182Asp	0.0008629724558825011	0.0	*
p.Val1182Cys	0.002654469187171671	0.0	*
p.Val1182Gln	0.0046134751224684595	0.0	*
p.Val1182Glu	0.0007966504824102905	0.0	*
p.Val1182Gly	0.0012520332009385558	0.0	*
p.Val1182His	0.0026247098973231258	0.0	*
p.Val1182Ile	0.010534477132314366	0.0	*
p.Val1182Leu	0.002407721605590935	0.0	*
p.Val1182Lys	0.0018285541764116156	0.0	*
p.Val1182Met	0.002397762856505244	0.0	*
p.Val1182Phe	0.001414424403356939	0.0	*
p.Val1182Pro	0.000365092681296393	0.0	*
p.Val1182Ser	0.003415315383856341	0.0	*
p.Val1182Ter	0.0	0.0	*
p.Val1182Thr	0.0024965730997864887	0.0	*
p.Val1182Trp	0.00273976750120525	0.0	*
p.Val1182Tyr	0.0013583998181691819	0.0	*
p.Val1187=	*	*	*
p.Val1187Ala	0.09574872250340032	0.0	*
p.Val1187Arg	0.025917141327288562	0.0	*
p.Val1187Asn	0.06811216435521643	0.0	*
p.Val1187Asp	0.01624999095277384	0.0	*
p.Val1187Cys	0.12446210745580366	0.0	*
p.Val1187Gln	0.08594727866374936	0.0	*
p.Val1187Glu	0.020304020809738747	0.0	*
p.Val1187Gly	0.04588151203714458	0.0	*
p.Val1187His	0.08486944992973527	0.0	*
p.Val1187Ile	0.5666005458976233	0.0	*
p.Val1187Leu	0.08834668549481522	0.0	*
p.Val1187Lys	0.07297389031180442	0.0	*
p.Val1187Met	0.136798358644295	0.0	*
p.Val1187Phe	0.06067723290712356	0.0	*
p.Val1187Pro	0.023338291607181864	0.0	*
p.Val1187Ser	0.08129970222889202	0.0	*
p.Val1187Ter	0.0	0.0	*
p.Val1187Thr	0.06849990247349168	0.0	*
p.Val1187Trp	0.07944015316356406	0.0	*
p.Val1187Tyr	0.04394160145481832	0.0	*
p.Val1198=	*	*	*
p.Val1198Ala	0.1061482624658092	0.0	*
p.Val1198Arg	0.036410738324366566	0.0	*
p.Val1198Asn	0.06793194401971096	0.0	*
p.Val1198Asp	0.03074724314123492	0.0	*
p.Val1198Cys	0.11917704737790139	0.0	*
p.Val1198Gln	0.1889724183197569	0.0	*
p.Val1198Glu	0.025351471488814312	0.0	*
p.Val1198Gly	0.04190837749857619	0.0	*
p.Val1198His	0.12387236292356925	0.0	*
p.Val1198Ile	0.6280923701527011	0.0	*
p.Val1198Leu	0.14162147185818358	0.0	*
p.Val1198Lys	0.07522907109882516	0.0	*
p.Val1198Met	0.13944146735165341	0.0	*
p.Val1198Phe	0.06883968397455935	0.0	*
p.Val1198Pro	0.017781805051767605	0.0	*
p.Val1198Ser	0.12145003908201608	0.0	*
p.Val1198Ter	0.0	0.0	*
p.Val1198Thr	0.08550344003695548	0.0	*
p.Val1198Trp	0.10575102024151413	0.0	*
p.Val1198Tyr	0.06457886045011939	0.0	*
p.Val1206=	*	*	*
p.Val1206Ala	0.09147546095390827	0.0	*
p.Val1206Arg	0.01875548486910074	0.0	*
p.Val1206Asn	0.04020650347345351	0.0	*
p.Val1206Asp	0.012621140465438921	0.0	*
p.Val1206Cys	0.06562192990200191	0.0	*
p.Val1206Gln	0.17346408016214823	0.0	*
p.Val1206Glu	0.017125948031371324	0.0	*
p.Val1206Gly	0.020440592461668888	0.0	*
p.Val1206His	0.09492238182241178	0.0	*
p.Val1206Ile	0.8159630870930235	0.0	*
p.Val1206Leu	0.28884835580367585	0.0	*
p.Val1206Lys	0.07911162967086242	0.0	*
p.Val1206Met	0.1584305830612478	0.0	*
p.Val1206Phe	0.09761759688668417	0.0	*
p.Val1206Pro	0.010816823091033408	0.0	*
p.Val1206Ser	0.06645990851364035	0.0	*
p.Val1206Ter	0.0	0.0	*
p.Val1206Thr	0.08183786363777604	0.0	*
p.Val1206Trp	0.14521804298352706	0.0	*
p.Val1206Tyr	0.05293454401292367	0.0	*
p.Val1214=	*	*	*
p.Val1214Ala	0.049141123252024875	0.0	*
p.Val1214Arg	0.007952488222716773	0.0	*
p.Val1214Asn	0.02576141320894087	0.0	*
p.Val1214Asp	0.005580623192272948	0.0	*
p.Val1214Cys	0.021223730441376036	0.0	*
p.Val1214Gln	0.03368461497016085	0.0	*
p.Val1214Glu	0.004698478021440914	0.0	*
p.Val1214Gly	0.014829965771952636	0.0	*
p.Val1214His	0.030838105188317082	0.0	*
p.Val1214Ile	0.3138464106700075	0.0	*
p.Val1214Leu	0.06187805041698967	0.0	*
p.Val1214Lys	0.03025588867071398	0.0	*
p.Val1214Met	0.0734291073997126	0.0	*
p.Val1214Phe	0.025522338605326166	0.0	*
p.Val1214Pro	0.007217518073254793	0.0	*
p.Val1214Ser	0.05922285353736592	0.0	*
p.Val1214Ter	0.0	0.0	*
p.Val1214Thr	0.03401438519170857	0.0	*
p.Val1214Trp	0.030443223342972	0.0	*
p.Val1214Tyr	0.018161354137870837	0.0	*
p.Val1216=	*	*	*
p.Val1216Ala	0.005176765027822711	0.0	*
p.Val1216Arg	0.001234422248754376	0.0	*
p.Val1216Asn	0.001527763806744294	0.0	*
p.Val1216Asp	0.0006961885954751618	0.0	*
p.Val1216Cys	0.005060736365458154	0.0	*
p.Val1216Gln	0.0042936648347754545	0.0	*
p.Val1216Glu	0.0007297143858188155	0.0	*
p.Val1216Gly	0.001565186588718778	0.0	*
p.Val1216His	0.0023045024935925006	0.0	*
p.Val1216Ile	0.031253498713857505	0.0	*
p.Val1216Leu	0.004747346388058818	0.0	*
p.Val1216Lys	0.0029090944474609525	0.0	*
p.Val1216Met	0.0037509923179034066	0.0	*
p.Val1216Phe	0.0023387520551425333	0.0	*
p.Val1216Pro	0.0009354811411329439	0.0	*
p.Val1216Ser	0.0056175840158766074	0.0	*
p.Val1216Ter	0.0	0.0	*
p.Val1216Thr	0.0037820215295573507	0.0	*
p.Val1216Trp	0.0030032548709910552	0.0	*
p.Val1216Tyr	0.0021733371929960757	0.0	*
p.Val1217=	*	*	*
p.Val1217Ala	0.013201131161434627	0.0	*
p.Val1217Arg	0.0017910714514761245	0.0	*
p.Val1217Asn	0.0029538037586794735	0.0	*
p.Val1217Asp	0.0014241305973035267	0.0	*
p.Val1217Cys	0.004276393927660306	0.0	*
p.Val1217Gln	0.009572399920126994	0.0	*
p.Val1217Glu	0.000974915299478663	0.0	*
p.Val1217Gly	0.002555060273476139	0.0	*
p.Val1217His	0.0059288043738590125	0.0	*
p.Val1217Ile	0.09325748254694614	0.0	*
p.Val1217Leu	0.00861590906296573	0.0	*
p.Val1217Lys	0.0048509957547773	0.0	*
p.Val1217Met	0.0075407619290412675	0.0	*
p.Val1217Phe	0.002983113202596034	0.0	*
p.Val1217Pro	0.0009404489377919001	0.0	*
p.Val1217Ser	0.007142417542394339	0.0	*
p.Val1217Ter	0.0	0.0	*
p.Val1217Thr	0.004549280198249219	0.0	*
p.Val1217Trp	0.004510491936323489	0.0	*
p.Val1217Tyr	0.0037856648451613916	0.0	*
p.Val1234=	*	*	*
p.Val1234Ala	0.03549297398804971	0.0	*
p.Val1234Arg	0.005926550095997821	0.0	*
p.Val1234Asn	0.01256864305115075	0.0	*
p.Val1234Asp	0.003608110393374033	0.0	*
p.Val1234Cys	0.01595399477629003	0.0	*
p.Val1234Gln	0.020775826526640728	0.0	*
p.Val1234Glu	0.0028249748075169054	0.0	*
p.Val1234Gly	0.008820994726748856	0.0	*
p.Val1234His	0.01727778623552891	0.0	*
p.Val1234Ile	0.1831012037381652	0.0	*
p.Val1234Leu	0.027150492390061554	0.0	*
p.Val1234Lys	0.013750494028194655	0.0	*
p.Val1234Met	0.036489399059304706	0.0	*
p.Val1234Phe	0.012158193551643345	0.0	*
p.Val1234Pro	0.0030653303266888524	0.0	*
p.Val1234Ser	0.020236586161294458	0.0	*
p.Val1234Ter	0.0	0.0	*
p.Val1234Thr	0.011596692521586885	0.0	*
p.Val1234Trp	0.01693497532619145	0.0	*
p.Val1234Tyr	0.008332230618074877	0.0	*
p.Val1239=	*	*	*
p.Val1239Ala	0.0465841309317526	0.0	*
p.Val1239Arg	0.005249016260822745	0.0	*
p.Val1239Asn	0.01577733812329582	0.0	*
p.Val1239Asp	0.003670164511138173	0.0	*
p.Val1239Cys	0.03740403550922616	0.0	*
p.Val1239Gln	0.018975322671687396	0.0	*
p.Val1239Glu	0.002783549941979843	0.0	*
p.Val1239Gly	0.01056323799617016	0.0	*
p.Val1239His	0.01412139789745946	0.0	*
p.Val1239Ile	0.1899285521975286	0.0	*
p.Val1239Leu	0.033159686786467614	0.0	*
p.Val1239Lys	0.017933102352666926	0.0	*
p.Val1239Met	0.03355353464255341	0.0	*
p.Val1239Phe	0.013793427427359364	0.0	*
p.Val1239Pro	0.0036941242084771214	0.0	*
p.Val1239Ser	0.03424239111855669	0.0	*
p.Val1239Ter	0.0	0.0	*
p.Val1239Thr	0.01381879402212044	0.0	*
p.Val1239Trp	0.019375139482080233	0.0	*
p.Val1239Tyr	0.007641800341472509	0.0	*
p.Val1243=	*	*	*
p.Val1243Ala	0.29148931892928076	0.0	*
p.Val1243Arg	0.0521104413132129	0.0	*
p.Val1243Asn	0.1323212256293101	0.0	*
p.Val1243Asp	0.047238561511585966	0.0	*
p.Val1243Cys	0.17569163656261455	0.0	*
p.Val1243Gln	0.24397494575966658	0.0	*
p.Val1243Glu	0.04835803708161806	0.0	*
p.Val1243Gly	0.08547147718541764	0.0	*
p.Val1243His	0.14329538496369576	0.0	*
p.Val1243Ile	0.7647715586081091	0.0	*
p.Val1243Leu	0.21269418918498972	0.0	*
p.Val1243Lys	0.16789747286128587	0.0	*
p.Val1243Met	0.2507949679681629	0.0	*
p.Val1243Phe	0.13247287456678508	0.0	*
p.Val1243Pro	0.04156688096000505	0.0	*
p.Val1243Ser	0.22038025724589946	0.0	*
p.Val1243Ter	0.0	0.0	*
p.Val1243Thr	0.165833799560912	0.0	*
p.Val1243Trp	0.14277451261446972	0.0	*
p.Val1243Tyr	0.08289887208181916	0.0	*
p.Val1249=	*	*	*
p.Val1249Ala	0.528180545919149	0.0	*
p.Val1249Arg	0.12459914488959054	0.0	*
p.Val1249Asn	0.29230935837155597	0.0	*
p.Val1249Asp	0.09619938799565117	0.0	*
p.Val1249Cys	0.2618513674749916	0.0	*
p.Val1249Gln	0.3286582109369265	0.0	*
p.Val1249Glu	0.07490277324584105	0.0	*
p.Val1249Gly	0.1842566681982219	0.0	*
p.Val1249His	0.27767667121373446	0.0	*
p.Val1249Ile	0.7929892447300585	0.0	*
p.Val1249Leu	0.4090243306275248	0.0	*
p.Val1249Lys	0.3196238073603404	0.0	*
p.Val1249Met	0.47345336848062003	0.0	*
p.Val1249Phe	0.17374110593993736	0.0	*
p.Val1249Pro	0.09682535433839587	0.0	*
p.Val1249Ser	0.3782317018267313	0.0	*
p.Val1249Ter	0.0	0.0	*
p.Val1249Thr	0.27386734532559814	0.0	*
p.Val1249Trp	0.21248873166197502	0.0	*
p.Val1249Tyr	0.10513916534647777	0.0	*
p.Val1252=	*	*	*
p.Val1252Ala	0.09155056951417366	0.0	*
p.Val1252Arg	0.0112058048516156	0.0	*
p.Val1252Asn	0.03672993310462832	0.0	*
p.Val1252Asp	0.010144925100885188	0.0	*
p.Val1252Cys	0.03755863484605097	0.0	*
p.Val1252Gln	0.03962346932021038	0.0	*
p.Val1252Glu	0.007249256911737369	0.0	*
p.Val1252Gly	0.019701220972649935	0.0	*
p.Val1252His	0.031513022828737	0.0	*
p.Val1252Ile	0.2679320726205612	0.0	*
p.Val1252Leu	0.052066180663060714	0.0	*
p.Val1252Lys	0.026525424018391194	0.0	*
p.Val1252Met	0.0673203067051205	0.0	*
p.Val1252Phe	0.02536477210931648	0.0	*
p.Val1252Pro	0.006828295267413596	0.0	*
p.Val1252Ser	0.03558870821176377	0.0	*
p.Val1252Ter	0.0	0.0	*
p.Val1252Thr	0.02261849828980126	0.0	*
p.Val1252Trp	0.025040876101785556	0.0	*
p.Val1252Tyr	0.01831824667127915	0.0	*
p.Val1262=	*	*	*
p.Val1262Ala	0.0457142955011216	0.0	*
p.Val1262Arg	0.004398381742226466	0.0	*
p.Val1262Asn	0.011734707764014722	0.0	*
p.Val1262Asp	0.004133622026163767	0.0	*
p.Val1262Cys	0.023203852661862714	0.0	*
p.Val1262Gln	0.020861573286331866	0.0	*
p.Val1262Glu	0.003698724203662551	0.0	*
p.Val1262Gly	0.011176046299489048	0.0	*
p.Val1262His	0.016922514630038403	0.0	*
p.Val1262Ile	0.16399745601599836	0.0	*
p.Val1262Leu	0.024203508423660525	0.0	*
p.Val1262Lys	0.01578820333023293	0.0	*
p.Val1262Met	0.02967674295314385	0.0	*
p.Val1262Phe	0.0132299085596821	0.0	*
p.Val1262Pro	0.003938255172147397	0.0	*
p.Val1262Ser	0.020469538686450132	0.0	*
p.Val1262Ter	0.0	0.0	*
p.Val1262Thr	0.01196728034785887	0.0	*
p.Val1262Trp	0.013570015833317203	0.0	*
p.Val1262Tyr	0.007230634830153255	0.0	*
p.Val1265=	*	*	*
p.Val1265Ala	0.02561571548451467	0.0	*
p.Val1265Arg	0.0032133410122557686	0.0	*
p.Val1265Asn	0.012489310698082476	0.0	*
p.Val1265Asp	0.002183722941371518	0.0	*
p.Val1265Cys	0.014030625227635351	0.0	*
p.Val1265Gln	0.009734276323445418	0.0	*
p.Val1265Glu	0.0015956419922359354	0.0	*
p.Val1265Gly	0.00657484503280001	0.0	*
p.Val1265His	0.00925344642756214	0.0	*
p.Val1265Ile	0.1264528546132298	0.0	*
p.Val1265Leu	0.032975156201666904	0.0	*
p.Val1265Lys	0.00857425637786834	0.0	*
p.Val1265Met	0.03247944316965998	0.0	*
p.Val1265Phe	0.010982067840791582	0.0	*
p.Val1265Pro	0.001667483887364204	0.0	*
p.Val1265Ser	0.015495446921200182	0.0	*
p.Val1265Ter	0.0	0.0	*
p.Val1265Thr	0.008407739020431073	0.0	*
p.Val1265Trp	0.012823995682433156	0.0	*
p.Val1265Tyr	0.006106123479632029	0.0	*
p.Val1269=	*	*	*
p.Val1269Ala	0.03041191098591667	0.0	*
p.Val1269Arg	0.011905210215819664	0.0	*
p.Val1269Asn	0.02271069503002254	0.0	*
p.Val1269Asp	0.008954595135720642	0.0	*
p.Val1269Cys	0.0301189921739755	0.0	*
p.Val1269Gln	0.035215609044090684	0.0	*
p.Val1269Glu	0.008481346771821345	0.0	*
p.Val1269Gly	0.015444388690061971	0.0	*
p.Val1269His	0.04224269413749963	0.0	*
p.Val1269Ile	0.200361667070455	0.0	*
p.Val1269Leu	0.024418557860584115	0.0	*
p.Val1269Lys	0.025377465368387163	0.0	*
p.Val1269Met	0.028707433530423265	0.0	*
p.Val1269Phe	0.01820434825613235	0.0	*
p.Val1269Pro	0.012385114783877578	0.0	*
p.Val1269Ser	0.0302547676482685	0.0	*
p.Val1269Ter	0.0	0.0	*
p.Val1269Thr	0.030296046903882077	0.0	*
p.Val1269Trp	0.0209679436020058	0.0	*
p.Val1269Tyr	0.013244287201341059	0.0	*
p.Val1282=	*	*	*
p.Val1282Ala	0.04871278432893502	0.0	*
p.Val1282Arg	0.004645220715895344	0.0	*
p.Val1282Asn	0.009187223344997044	0.0	*
p.Val1282Asp	0.002958865977206486	0.0	*
p.Val1282Cys	0.05195434697088176	0.0	*
p.Val1282Gln	0.018797432660920124	0.0	*
p.Val1282Glu	0.001730387748970702	0.0	*
p.Val1282Gly	0.006719362095984611	0.0	*
p.Val1282His	0.014433822198953412	0.0	*
p.Val1282Ile	0.6550333703196457	0.0	*
p.Val1282Leu	0.08262454163221837	0.0	*
p.Val1282Lys	0.021643468711135785	0.0	*
p.Val1282Met	0.054308103478226066	0.0	*
p.Val1282Phe	0.019162727373875144	0.0	*
p.Val1282Pro	0.003089215035014489	0.0	*
p.Val1282Ser	0.03296092937090135	0.0	*
p.Val1282Ter	0.0	0.0	*
p.Val1282Thr	0.019749922155182467	0.0	*
p.Val1282Trp	0.037157507976845146	0.0	*
p.Val1282Tyr	0.014327431780138858	0.0	*
p.Val1290=	*	*	*
p.Val1290Ala	0.02794772509786511	0.0	*
p.Val1290Arg	0.02135904682269956	0.0	*
p.Val1290Asn	0.027878487273645287	0.0	*
p.Val1290Asp	0.007990874145384262	0.0	*
p.Val1290Cys	0.025482332568000345	0.0	*
p.Val1290Gln	0.035473080876819385	0.0	*
p.Val1290Glu	0.006928408119138261	0.0	*
p.Val1290Gly	0.010806659145071104	0.0	*
p.Val1290His	0.02073058944611775	0.0	*
p.Val1290Ile	0.19362982646079716	0.0	*
p.Val1290Leu	0.040374565387321704	0.0	*
p.Val1290Lys	0.028516836497002995	0.0	*
p.Val1290Met	0.03370388353736512	0.0	*
p.Val1290Phe	0.01928390480214953	0.0	*
p.Val1290Pro	0.012575176337707718	0.0	*
p.Val1290Ser	0.03944420679265947	0.0	*
p.Val1290Ter	0.0	0.0	*
p.Val1290Thr	0.028427857768569577	0.0	*
p.Val1290Trp	0.02982992281936126	0.0	*
p.Val1290Tyr	0.013167256636248358	0.0	*
p.Val1297=	*	*	*
p.Val1297Ala	0.275319428104548	0.0	*
p.Val1297Arg	0.060450904010455976	0.0	*
p.Val1297Asn	0.09682240360188597	0.0	*
p.Val1297Asp	0.035068420281074174	0.0	*
p.Val1297Cys	0.18696804823269558	0.0	*
p.Val1297Gln	0.19517482375156714	0.0	*
p.Val1297Glu	0.03616791394946947	0.0	*
p.Val1297Gly	0.07392070732499606	0.0	*
p.Val1297His	0.12282231065275706	0.0	*
p.Val1297Ile	0.77673097653809	0.0	*
p.Val1297Leu	0.2373936850027605	0.0	*
p.Val1297Lys	0.11956010001055545	0.0	*
p.Val1297Met	0.22647586692604532	0.0	*
p.Val1297Phe	0.11678406633481057	0.0	*
p.Val1297Pro	0.025015949160785218	0.0	*
p.Val1297Ser	0.1927985343661035	0.0	*
p.Val1297Ter	0.0	0.0	*
p.Val1297Thr	0.15285509583957166	0.0	*
p.Val1297Trp	0.12457123321086287	0.0	*
p.Val1297Tyr	0.10087919133335882	0.0	*
p.Val1298=	*	*	*
p.Val1298Ala	0.13221141231058764	0.0	*
p.Val1298Arg	0.02617573522296373	0.0	*
p.Val1298Asn	0.04381765186474863	0.0	*
p.Val1298Asp	0.02151994863930829	0.0	*
p.Val1298Cys	0.11781559233464163	0.0	*
p.Val1298Gln	0.15089737214479423	0.0	*
p.Val1298Glu	0.015181976490347585	0.0	*
p.Val1298Gly	0.05021354765640433	0.0	*
p.Val1298His	0.09645666759267794	0.0	*
p.Val1298Ile	0.6951546309987421	0.0	*
p.Val1298Leu	0.1590600058268279	0.0	*
p.Val1298Lys	0.08437601025978865	0.0	*
p.Val1298Met	0.15255354628822781	0.0	*
p.Val1298Phe	0.07269771148643867	0.0	*
p.Val1298Pro	0.01765184937666776	0.0	*
p.Val1298Ser	0.12384918114965301	0.0	*
p.Val1298Ter	0.0	0.0	*
p.Val1298Thr	0.14742720105971502	0.0	*
p.Val1298Trp	0.08512878147567947	0.0	*
p.Val1298Tyr	0.06470921578152475	0.0	*
p.Val1307=	*	*	*
p.Val1307Ala	0.10197947547915562	0.0	*
p.Val1307Arg	0.012532683915289075	0.0	*
p.Val1307Asn	0.03078285992280962	0.0	*
p.Val1307Asp	0.00843101330959129	0.0	*
p.Val1307Cys	0.06018442256055682	0.0	*
p.Val1307Gln	0.03593601784047868	0.0	*
p.Val1307Glu	0.008480702282088746	0.0	*
p.Val1307Gly	0.02746948360704505	0.0	*
p.Val1307His	0.029743400798310803	0.0	*
p.Val1307Ile	0.4735500519090035	0.0	*
p.Val1307Leu	0.08328603534202227	0.0	*
p.Val1307Lys	0.029034546779121397	0.0	*
p.Val1307Met	0.08055639755741623	0.0	*
p.Val1307Phe	0.03343297575550623	0.0	*
p.Val1307Pro	0.00891835852015186	0.0	*
p.Val1307Ser	0.04809794474884524	0.0	*
p.Val1307Ter	0.0	0.0	*
p.Val1307Thr	0.03605048595155059	0.0	*
p.Val1307Trp	0.039350939013986314	0.0	*
p.Val1307Tyr	0.022841525021953097	0.0	*
p.Val1308=	*	*	*
p.Val1308Ala	0.0915439433507546	0.0	*
p.Val1308Arg	0.01382193077015195	0.0	*
p.Val1308Asn	0.029824283359504593	0.0	*
p.Val1308Asp	0.009629845324093615	0.0	*
p.Val1308Cys	0.05810984299115424	0.0	*
p.Val1308Gln	0.058864559913386405	0.0	*
p.Val1308Glu	0.007329717194543449	0.0	*
p.Val1308Gly	0.02681473823698546	0.0	*
p.Val1308His	0.049962155184321934	0.0	*
p.Val1308Ile	0.5079070905536642	0.0	*
p.Val1308Leu	0.11371009655581868	0.0	*
p.Val1308Lys	0.035703304578585025	0.0	*
p.Val1308Met	0.10162302715274822	0.0	*
p.Val1308Phe	0.03261109225173191	0.0	*
p.Val1308Pro	0.007880465853063574	0.0	*
p.Val1308Ser	0.04182222101865707	0.0	*
p.Val1308Ter	0.0	0.0	*
p.Val1308Thr	0.041587587183488615	0.0	*
p.Val1308Trp	0.04860518060897863	0.0	*
p.Val1308Tyr	0.02851012889164171	0.0	*
p.Val1318=	*	*	*
p.Val1318Ala	0.1753001459507484	0.0	*
p.Val1318Arg	0.03170354096675004	0.0	*
p.Val1318Asn	0.06903266022856805	0.0	*
p.Val1318Asp	0.012683851402058804	0.0	*
p.Val1318Cys	0.08589041899377269	0.0	*
p.Val1318Gln	0.0679081634132162	0.0	*
p.Val1318Glu	0.00966217006748476	0.0	*
p.Val1318Gly	0.027871714259267235	0.0	*
p.Val1318His	0.032607473593191945	0.0	*
p.Val1318Ile	0.6172754631787494	0.0	*
p.Val1318Leu	0.11321513420493969	0.0	*
p.Val1318Lys	0.06448311377858927	0.0	*
p.Val1318Met	0.11889013884258355	0.0	*
p.Val1318Phe	0.04274858047240852	0.0	*
p.Val1318Pro	0.01861260634163902	0.0	*
p.Val1318Ser	0.16052964554234114	0.0	*
p.Val1318Ter	0.0	0.0	*
p.Val1318Thr	0.06766672019482793	0.0	*
p.Val1318Trp	0.06039575858239704	0.0	*
p.Val1318Tyr	0.03535432070168833	0.0	*
p.Val1326=	*	*	*
p.Val1326Ala	0.3283016692885038	0.0	*
p.Val1326Arg	0.048509531867653014	0.0	*
p.Val1326Asn	0.13453263480726965	0.0	*
p.Val1326Asp	0.0473667607316753	0.0	*
p.Val1326Cys	0.2285489323066944	0.0	*
p.Val1326Gln	0.28618102642401333	0.0	*
p.Val1326Glu	0.037000822284857564	0.0	*
p.Val1326Gly	0.12966838060823258	0.0	*
p.Val1326His	0.23223289906699307	0.0	*
p.Val1326Ile	0.8399483791380508	0.0	*
p.Val1326Leu	0.38213180033440414	0.0	*
p.Val1326Lys	0.1767712028275097	0.0	*
p.Val1326Met	0.3388577056290032	0.0	*
p.Val1326Phe	0.15025541409675297	0.0	*
p.Val1326Pro	0.03760341253129129	0.0	*
p.Val1326Ser	0.29140786221011533	0.0	*
p.Val1326Ter	0.0	0.0	*
p.Val1326Thr	0.14034477339542079	0.0	*
p.Val1326Trp	0.2552216699455167	0.0	*
p.Val1326Tyr	0.10230158546001117	0.0	*
p.Val1334=	*	*	*
p.Val1334Ala	0.5814755044981419	0.0	*
p.Val1334Arg	0.06343808283316257	0.0	*
p.Val1334Asn	0.24211334073207444	0.0	*
p.Val1334Asp	0.1017367177376329	0.0	*
p.Val1334Cys	0.29010818769476393	0.0	*
p.Val1334Gln	0.35009943020296147	0.0	*
p.Val1334Glu	0.07622484847143313	0.0	*
p.Val1334Gly	0.2647248078000004	0.0	*
p.Val1334His	0.470503671330272	0.0	*
p.Val1334Ile	0.9202480679008498	0.0	*
p.Val1334Leu	0.5548706604095599	0.0	*
p.Val1334Lys	0.35883015810687074	0.0	*
p.Val1334Met	0.6128177116800033	0.0	*
p.Val1334Phe	0.2679284041782618	0.0	*
p.Val1334Pro	0.05666489827397895	0.0	*
p.Val1334Ser	0.44332795342907005	0.0	*
p.Val1334Ter	0.0	0.0	*
p.Val1334Thr	0.2814494348687067	0.0	*
p.Val1334Trp	0.24229407004977024	0.0	*
p.Val1334Tyr	0.12572245782391658	0.0	*
p.Val1342=	*	*	*
p.Val1342Ala	0.5446541828769875	0.0	*
p.Val1342Arg	0.15797642156766756	0.0	*
p.Val1342Asn	0.4480138918226679	0.0	*
p.Val1342Asp	0.13209261899933655	0.0	*
p.Val1342Cys	0.6733632061826454	0.0	*
p.Val1342Gln	0.5904304812228137	0.0	*
p.Val1342Glu	0.136849733847156	0.0	*
p.Val1342Gly	0.3570405182696387	0.0	*
p.Val1342His	0.5722693445734789	0.0	*
p.Val1342Ile	0.9629748292293548	0.0	*
p.Val1342Leu	0.46637368375629074	0.0	*
p.Val1342Lys	0.530614905824962	0.0	*
p.Val1342Met	0.7820622905817781	0.0	*
p.Val1342Phe	0.407650562230799	0.0	*
p.Val1342Pro	0.14807902747915844	0.0	*
p.Val1342Ser	0.7284724029947481	0.0	*
p.Val1342Ter	0.0	0.0	*
p.Val1342Thr	0.6255747676329049	0.0	*
p.Val1342Trp	0.4012591610219256	0.0	*
p.Val1342Tyr	0.17997301881892375	0.0	*
p.Val1349=	*	*	*
p.Val1349Ala	0.4188654821825879	0.0	*
p.Val1349Arg	0.10522898188038213	0.0	*
p.Val1349Asn	0.28115095528729533	0.0	*
p.Val1349Asp	0.0926543925293386	0.0	*
p.Val1349Cys	0.3942682808224285	0.0	*
p.Val1349Gln	0.37043695955860395	0.0	*
p.Val1349Glu	0.08522625818116754	0.0	*
p.Val1349Gly	0.18942048320094354	0.0	*
p.Val1349His	0.3233210656906218	0.0	*
p.Val1349Ile	0.8940608301163703	0.0	*
p.Val1349Leu	0.43217913064557945	0.0	*
p.Val1349Lys	0.33372243655931444	0.0	*
p.Val1349Met	0.5485941734642977	0.0	*
p.Val1349Phe	0.23992074692275284	0.0	*
p.Val1349Pro	0.11608703386299843	0.0	*
p.Val1349Ser	0.4848897540178383	0.0	*
p.Val1349Ter	0.0	0.0	*
p.Val1349Thr	0.37335348305908767	0.0	*
p.Val1349Trp	0.35857655218704926	0.0	*
p.Val1349Tyr	0.14318753269487594	0.0	*
p.Val1364=	*	*	*
p.Val1364Ala	0.3286796532810323	0.0	*
p.Val1364Arg	0.0882688857309746	0.0	*
p.Val1364Asn	0.17976561999181517	0.0	*
p.Val1364Asp	0.07443009302788739	0.0	*
p.Val1364Cys	0.16859899574315546	0.0	*
p.Val1364Gln	0.2982634361141987	0.0	*
p.Val1364Glu	0.05055319917174334	0.0	*
p.Val1364Gly	0.09728757709676894	0.0	*
p.Val1364His	0.25838971784525794	0.0	*
p.Val1364Ile	0.8832986757451422	0.0	*
p.Val1364Leu	0.3028440609649164	0.0	*
p.Val1364Lys	0.25375764440451876	0.0	*
p.Val1364Met	0.36023580291605406	0.0	*
p.Val1364Phe	0.16697856961666555	0.0	*
p.Val1364Pro	0.07589169769465486	0.0	*
p.Val1364Ser	0.3320183670562461	0.0	*
p.Val1364Ter	0.0	0.0	*
p.Val1364Thr	0.28018035280232034	0.0	*
p.Val1364Trp	0.20605180966850936	0.0	*
p.Val1364Tyr	0.10493454563896797	0.0	*
p.Val1366=	*	*	*
p.Val1366Ala	0.17415765787205348	0.0	*
p.Val1366Arg	0.029866192426903256	0.0	*
p.Val1366Asn	0.06217473788080505	0.0	*
p.Val1366Asp	0.02489176372273605	0.0	*
p.Val1366Cys	0.09601802329376831	0.0	*
p.Val1366Gln	0.11792282880978808	0.0	*
p.Val1366Glu	0.01963223286205603	0.0	*
p.Val1366Gly	0.0414412444710699	0.0	*
p.Val1366His	0.10397976561692651	0.0	*
p.Val1366Ile	0.7338356352670785	0.0	*
p.Val1366Leu	0.1552932516842225	0.0	*
p.Val1366Lys	0.11508917240076778	0.0	*
p.Val1366Met	0.15706862852498665	0.0	*
p.Val1366Phe	0.07995716763150201	0.0	*
p.Val1366Pro	0.026062312489847472	0.0	*
p.Val1366Ser	0.16008938861822883	0.0	*
p.Val1366Ter	0.0	0.0	*
p.Val1366Thr	0.16214315838110557	0.0	*
p.Val1366Trp	0.11260554904554607	0.0	*
p.Val1366Tyr	0.06111056380661142	0.0	*
p.Val1367=	*	*	*
p.Val1367Ala	0.21416272903204012	0.0	*
p.Val1367Arg	0.03670792233327727	0.0	*
p.Val1367Asn	0.08953448161262162	0.0	*
p.Val1367Asp	0.04118358693589241	0.0	*
p.Val1367Cys	0.10139247800515439	0.0	*
p.Val1367Gln	0.1576736738196504	0.0	*
p.Val1367Glu	0.028402906979568054	0.0	*
p.Val1367Gly	0.05459219730291478	0.0	*
p.Val1367His	0.1289945123492102	0.0	*
p.Val1367Ile	0.8222946517420907	0.0	*
p.Val1367Leu	0.2133725834545309	0.0	*
p.Val1367Lys	0.11397437646004854	0.0	*
p.Val1367Met	0.17145319837473386	0.0	*
p.Val1367Phe	0.09419276326303128	0.0	*
p.Val1367Pro	0.038760767637258296	0.0	*
p.Val1367Ser	0.13309962256068422	0.0	*
p.Val1367Ter	0.0	0.0	*
p.Val1367Thr	0.16381785814328592	0.0	*
p.Val1367Trp	0.13386678837439253	0.0	*
p.Val1367Tyr	0.08091634347027685	0.0	*
p.Val1400=	*	*	*
p.Val1400Ala	0.9806693983223637	0.0	*
p.Val1400Arg	0.7946041499301004	0.0	*
p.Val1400Asn	0.92524102155265	0.0	*
p.Val1400Asp	0.8463064802411152	0.0	*
p.Val1400Cys	0.9373239489564886	0.0	*
p.Val1400Gln	0.9603009349808309	0.0	*
p.Val1400Glu	0.7680237045636352	0.0	*
p.Val1400Gly	0.8541383418112466	0.0	*
p.Val1400His	0.9724653050549109	0.0	*
p.Val1400Ile	0.9934664094945814	0.0	*
p.Val1400Leu	0.933769843299119	0.0	*
p.Val1400Lys	0.9510589371590819	0.0	*
p.Val1400Met	0.9713329986511894	0.0	*
p.Val1400Phe	0.8320869728200065	0.0	*
p.Val1400Pro	0.7991004468910419	0.0	*
p.Val1400Ser	0.9622014283554975	0.0	*
p.Val1400Ter	0.0	0.0	*
p.Val1400Thr	0.9718383384357127	0.0	*
p.Val1400Trp	0.8623274327564021	0.0	*
p.Val1400Tyr	0.6872428679527423	0.0	*
p.Val1402=	*	*	*
p.Val1402Ala	0.9698680042888668	0.0	*
p.Val1402Arg	0.6037263586586242	0.0	*
p.Val1402Asn	0.8732414830143218	0.0	*
p.Val1402Asp	0.6541074650614965	0.0	*
p.Val1402Cys	0.9143297300146263	0.0	*
p.Val1402Gln	0.9402410496186581	0.0	*
p.Val1402Glu	0.5435135570117121	0.0	*
p.Val1402Gly	0.7867150506315169	0.0	*
p.Val1402His	0.9678031212722791	0.0	*
p.Val1402Ile	0.9951033484101818	0.0	*
p.Val1402Leu	0.9352185872688054	0.0	*
p.Val1402Lys	0.9302787889389341	0.0	*
p.Val1402Met	0.96103306069306	0.0	*
p.Val1402Phe	0.8457076412937459	0.0	*
p.Val1402Pro	0.5852545510242884	0.0	*
p.Val1402Ser	0.9636572077745071	0.0	*
p.Val1402Ter	0.0	0.0	*
p.Val1402Thr	0.9654474936499677	0.0	*
p.Val1402Trp	0.8780703776916673	0.0	*
p.Val1402Tyr	0.6880122141913871	0.0	*
p.Val1422=	*	*	*
p.Val1422Ala	0.9899912817359614	0.0	*
p.Val1422Arg	0.9328862247596175	0.0	*
p.Val1422Asn	0.9802184915001614	0.0	*
p.Val1422Asp	0.9570572709513484	0.0	*
p.Val1422Cys	0.942804069975323	0.0	*
p.Val1422Gln	0.9883824645650224	0.0	*
p.Val1422Glu	0.960748439577398	0.0	*
p.Val1422Gly	0.9411425557530705	0.0	*
p.Val1422His	0.992919153141108	0.0	*
p.Val1422Ile	0.9967657906697637	0.0	*
p.Val1422Leu	0.9873626027728627	0.0	*
p.Val1422Lys	0.9890813772722571	0.0	*
p.Val1422Met	0.9878840821538999	0.0	*
p.Val1422Phe	0.9642530967687336	0.0	*
p.Val1422Pro	0.9628605916619878	0.0	*
p.Val1422Ser	0.9912812983388413	0.0	*
p.Val1422Ter	0.0	0.0	*
p.Val1422Thr	0.993406116363828	0.0	*
p.Val1422Trp	0.9604548251753326	0.0	*
p.Val1422Tyr	0.9356348335285218	0.0	*
p.Val1425=	*	*	*
p.Val1425Ala	0.97098967674744	0.0	*
p.Val1425Arg	0.8619790318856208	0.0	*
p.Val1425Asn	0.9744408950237279	0.0	*
p.Val1425Asp	0.9228988866410708	0.0	*
p.Val1425Cys	0.9125015379493656	0.0	*
p.Val1425Gln	0.9641452389561328	0.0	*
p.Val1425Glu	0.8289599622548649	0.0	*
p.Val1425Gly	0.9294092920331524	0.0	*
p.Val1425His	0.982863082763225	0.0	*
p.Val1425Ile	0.9905606802825169	0.0	*
p.Val1425Leu	0.9691439895000444	0.0	*
p.Val1425Lys	0.9578573549653944	0.0	*
p.Val1425Met	0.981780002296301	0.0	*
p.Val1425Phe	0.9085056615123116	0.0	*
p.Val1425Pro	0.8832037607037805	0.0	*
p.Val1425Ser	0.974031078233539	0.0	*
p.Val1425Ter	0.0	0.0	*
p.Val1425Thr	0.9608726315220208	0.0	*
p.Val1425Trp	0.9022209611338978	0.0	*
p.Val1425Tyr	0.8394936301755638	0.0	*
p.Val1428=	*	*	*
p.Val1428Ala	0.8081567446858627	0.0	*
p.Val1428Arg	0.5570729267091671	0.0	*
p.Val1428Asn	0.8209552801181276	0.0	*
p.Val1428Asp	0.5603464081741868	0.0	*
p.Val1428Cys	0.5470145039065125	0.0	*
p.Val1428Gln	0.7672174153887279	0.0	*
p.Val1428Glu	0.41145973042769823	0.0	*
p.Val1428Gly	0.5606136684010642	0.0	*
p.Val1428His	0.7630711615637953	0.0	*
p.Val1428Ile	0.9200245683768916	0.0	*
p.Val1428Leu	0.7347696158618534	0.0	*
p.Val1428Lys	0.6785053498153666	0.0	*
p.Val1428Met	0.8132710293810463	0.0	*
p.Val1428Phe	0.4802540887166733	0.0	*
p.Val1428Pro	0.544746044763121	0.0	*
p.Val1428Ser	0.782171879410465	0.0	*
p.Val1428Ter	0.0	0.0	*
p.Val1428Thr	0.73870104706292	0.0	*
p.Val1428Trp	0.5395266521890142	0.0	*
p.Val1428Tyr	0.4476736221926652	0.0	*
p.Val706=	*	*	*
p.Val706Ala	0.08223909143428984	0.0	*
p.Val706Arg	0.022884291507843713	0.0	*
p.Val706Asn	0.05001338076489099	0.0	*
p.Val706Asp	0.015993056049083017	0.0	*
p.Val706Cys	0.06241562431853162	0.0	*
p.Val706Gln	0.11395564411358408	0.0	*
p.Val706Glu	0.011687563291557984	0.0	*
p.Val706Gly	0.027457214178385418	0.0	*
p.Val706His	0.04953217710861354	0.0	*
p.Val706Ile	0.5816302492090664	0.0	*
p.Val706Leu	0.11561454599303482	0.0	*
p.Val706Lys	0.06715962453924103	0.0	*
p.Val706Met	0.12542428443703338	0.0	*
p.Val706Phe	0.05059007838693253	0.0	*
p.Val706Pro	0.015599581463072184	0.0	*
p.Val706Ser	0.10158656349881566	0.0	*
p.Val706Ter	0.0	0.0	*
p.Val706Thr	0.07005747436111691	0.0	*
p.Val706Trp	0.07517734443841054	0.0	*
p.Val706Tyr	0.04480731177702577	0.0	*
p.Val716=	*	*	*
p.Val716Ala	0.3757126182224819	0.0	*
p.Val716Arg	0.09651622532537374	0.0	*
p.Val716Asn	0.24568932745149905	0.0	*
p.Val716Asp	0.12790402603658452	0.0	*
p.Val716Cys	0.2724587227602865	0.0	*
p.Val716Gln	0.43360818453031513	0.0	*
p.Val716Glu	0.10590855217084512	0.0	*
p.Val716Gly	0.2197532294948534	0.0	*
p.Val716His	0.49843441695906165	0.0	*
p.Val716Ile	0.8793692218774204	0.0	*
p.Val716Leu	0.4602751803918685	0.0	*
p.Val716Lys	0.35142054396090966	0.0	*
p.Val716Met	0.607850356044217	0.0	*
p.Val716Phe	0.2763335953110175	0.0	*
p.Val716Pro	0.08125811026647907	0.0	*
p.Val716Ser	0.4400009909860755	0.0	*
p.Val716Ter	0.0	0.0	*
p.Val716Thr	0.4907988818795092	0.0	*
p.Val716Trp	0.26152860270624934	0.0	*
p.Val716Tyr	0.1486939338502884	0.0	*
p.Val731=	*	*	*
p.Val731Ala	0.8363698115639199	0.0	*
p.Val731Arg	0.2637266290225765	0.0	*
p.Val731Asn	0.4789247182484045	0.0	*
p.Val731Asp	0.1590459690972502	0.0	*
p.Val731Cys	0.6809034049135522	0.0	*
p.Val731Gln	0.6633237562633022	0.0	*
p.Val731Glu	0.1480949195393484	0.0	*
p.Val731Gly	0.41683762354963694	0.0	*
p.Val731His	0.6412004883771943	0.0	*
p.Val731Ile	0.9769778120053839	0.0	*
p.Val731Leu	0.7890262969278727	0.0	*
p.Val731Lys	0.672431481778926	0.0	*
p.Val731Met	0.8791555680049795	0.0	*
p.Val731Phe	0.4867319448832921	0.0	*
p.Val731Pro	0.1275767888725993	0.0	*
p.Val731Ser	0.8119888492191012	0.0	*
p.Val731Ter	0.0	0.0	*
p.Val731Thr	0.730289870298739	0.0	*
p.Val731Trp	0.46185730283270593	0.0	*
p.Val731Tyr	0.3037004530764237	0.0	*
p.Val734=	*	*	*
p.Val734Ala	0.6816085932988946	0.0	*
p.Val734Arg	0.09984946606936877	0.0	*
p.Val734Asn	0.3466623653492719	0.0	*
p.Val734Asp	0.11368318793467035	0.0	*
p.Val734Cys	0.502621320799859	0.0	*
p.Val734Gln	0.5914135643155211	0.0	*
p.Val734Glu	0.1385686421882733	0.0	*
p.Val734Gly	0.39518029752428574	0.0	*
p.Val734His	0.6581450484117481	0.0	*
p.Val734Ile	0.9334382006869708	0.0	*
p.Val734Leu	0.594476414153058	0.0	*
p.Val734Lys	0.4930599674316726	0.0	*
p.Val734Met	0.7488589553446311	0.0	*
p.Val734Phe	0.36013219984472744	0.0	*
p.Val734Pro	0.10044623906751911	0.0	*
p.Val734Ser	0.5879487423363646	0.0	*
p.Val734Ter	0.0	0.0	*
p.Val734Thr	0.5815126658925459	0.0	*
p.Val734Trp	0.37095833010963386	0.0	*
p.Val734Tyr	0.19074753550703513	0.0	*
p.Val742=	*	*	*
p.Val742Ala	0.4613809108496823	0.0	*
p.Val742Arg	0.11359428532511817	0.0	*
p.Val742Cys	0.25985512041663655	0.0	*
p.Val742Glu	0.09775835477504087	0.0	*
p.Val742Gly	0.25017905568036086	0.0	*
p.Val742Ile	0.8830038835808796	0.0	*
p.Val742Leu	0.3911112452659307	0.0	*
p.Val742Met	0.5947930811556801	0.0	*
p.Val742Phe	0.2702680282958054	0.0	*
p.Val742Ser	0.3908869299827185	0.0	*
p.Val742Ter	0.0	0.0	*
p.Val742Trp	0.29695317139969973	0.0	*
p.Val742Tyr	0.15684137514377383	0.0	*
p.Val746=	*	*	*
p.Val746Ala	0.8314257844047979	0.0	*
p.Val746Arg	0.20789842083107152	0.0	*
p.Val746Asp	0.1823648610674452	0.0	*
p.Val746Cys	0.6714656504128812	0.0	*
p.Val746Glu	0.19622762849862813	0.0	*
p.Val746Gly	0.5008661109734791	0.0	*
p.Val746His	0.7013885443830682	0.0	*
p.Val746Ile	0.9718898249825123	0.0	*
p.Val746Leu	0.8010812004433236	0.0	*
p.Val746Met	0.8588103292361196	0.0	*
p.Val746Phe	0.5213501561764423	0.0	*
p.Val746Pro	0.16389775021336014	0.0	*
p.Val746Ser	0.7258286634286989	0.0	*
p.Val746Ter	0.0	0.0	*
p.Val746Thr	0.660478051292046	0.0	*
p.Val746Trp	0.5575489797469486	0.0	*
p.Val746Tyr	0.33151103623073624	0.0	*
p.Val749=	*	*	*
p.Val749Ala	0.7885516596068923	0.0	*
p.Val749Arg	0.21016524153656013	0.0	*
p.Val749Asn	0.507935091272713	0.0	*
p.Val749Asp	0.19314486024818628	0.0	*
p.Val749Cys	0.6719006994336555	0.0	*
p.Val749Gln	0.6240044342322263	0.0	*
p.Val749Glu	0.21520177192050646	0.0	*
p.Val749Gly	0.49546996746550864	0.0	*
p.Val749Ile	0.9667453977149032	0.0	*
p.Val749Leu	0.7395246997996207	0.0	*
p.Val749Lys	0.6196670837071907	0.0	*
p.Val749Met	0.7972728598549133	0.0	*
p.Val749Phe	0.4799634130904239	0.0	*
p.Val749Pro	0.1923602835772162	0.0	*
p.Val749Ser	0.7068178451204784	0.0	*
p.Val749Ter	0.0	0.0	*
p.Val749Thr	0.6395433635152069	0.0	*
p.Val749Trp	0.4877644989113846	0.0	*
p.Val749Tyr	0.2970670348094249	0.0	*
p.Val750=	*	*	*
p.Val750Ala	0.43787878382673573	0.0	*
p.Val750Arg	0.07318322591261081	0.0	*
p.Val750Asn	0.20733305019462234	0.0	*
p.Val750Asp	0.07156055711279646	0.0	*
p.Val750Cys	0.28144419073201266	0.0	*
p.Val750Gln	0.35966728292261924	0.0	*
p.Val750Glu	0.09287286281512647	0.0	*
p.Val750Gly	0.20910234386299698	0.0	*
p.Val750His	0.33101684210105	0.0	*
p.Val750Ile	0.7823563668896099	0.0	*
p.Val750Leu	0.25826734715153554	0.0	*
p.Val750Lys	0.26235670213435563	0.0	*
p.Val750Met	0.4284157528823715	0.0	*
p.Val750Phe	0.17666140892874613	0.0	*
p.Val750Pro	0.06908801614077269	0.0	*
p.Val750Ser	0.32893180791698623	0.0	*
p.Val750Ter	0.0	0.0	*
p.Val750Thr	0.3086466066302592	0.0	*
p.Val750Trp	0.20156548284526335	0.0	*
p.Val750Tyr	0.1014522221218328	0.0	*
p.Val752=	*	*	*
p.Val752Ala	0.41250929258541996	0.0	*
p.Val752Arg	0.08511726815390595	0.0	*
p.Val752Asn	0.31388212955712835	0.0	*
p.Val752Asp	0.06353137474890687	0.0	*
p.Val752Cys	0.22507229844220913	0.0	*
p.Val752Gln	0.2635446657898022	0.0	*
p.Val752Glu	0.06879212635846982	0.0	*
p.Val752Gly	0.21858189467184314	0.0	*
p.Val752Ile	0.7980444343958673	0.0	*
p.Val752Leu	0.35995941346962634	0.0	*
p.Val752Lys	0.285603751470422	0.0	*
p.Val752Met	0.5158677051087284	0.0	*
p.Val752Phe	0.253475284517599	0.0	*
p.Val752Pro	0.0652658067112662	0.0	*
p.Val752Ser	0.3662767352116359	0.0	*
p.Val752Ter	0.0	0.0	*
p.Val752Thr	0.2872905759113091	0.0	*
p.Val752Trp	0.2379933170739225	0.0	*
p.Val752Tyr	0.11109969493012477	0.0	*
p.Val761=	*	*	*
p.Val761Ala	0.044722171084844144	0.0	*
p.Val761Arg	0.01389946840055873	0.0	*
p.Val761Asn	0.04877416119525327	0.0	*
p.Val761Asp	0.009745209131621675	0.0	*
p.Val761Cys	0.01947025294229901	0.0	*
p.Val761Gln	0.017332621165134957	0.0	*
p.Val761Glu	0.00557830966089363	0.0	*
p.Val761Gly	0.01697496679281914	0.0	*
p.Val761His	0.017155742215686706	0.0	*
p.Val761Ile	0.231133543731297	0.0	*
p.Val761Leu	0.03458821414104671	0.0	*
p.Val761Lys	0.028664998130269563	0.0	*
p.Val761Met	0.059169042675034575	0.0	*
p.Val761Phe	0.023395061726937633	0.0	*
p.Val761Pro	0.014327946556221539	0.0	*
p.Val761Ser	0.03820155409932277	0.0	*
p.Val761Ter	0.0	0.0	*
p.Val761Thr	0.02680037325601554	0.0	*
p.Val761Trp	0.01808315571853589	0.0	*
p.Val761Tyr	0.014866213764296652	0.0	*
p.Val772=	*	*	*
p.Val772Ala	0.07761017600974651	0.0	*
p.Val772Arg	0.00876102025280135	0.0	*
p.Val772Asn	0.028505145661239316	0.0	*
p.Val772Asp	0.008766739675374856	0.0	*
p.Val772Cys	0.0744161189025796	0.0	*
p.Val772Gln	0.03396621629195861	0.0	*
p.Val772Glu	0.011432747420346442	0.0	*
p.Val772Gly	0.028225870225510777	0.0	*
p.Val772His	0.02857372813843446	0.0	*
p.Val772Ile	0.2992599993581646	0.0	*
p.Val772Leu	0.055588352907026135	0.0	*
p.Val772Lys	0.02707490264421934	0.0	*
p.Val772Met	0.049969689769206876	0.0	*
p.Val772Phe	0.030114499252829968	0.0	*
p.Val772Pro	0.01011446560139995	0.0	*
p.Val772Ser	0.03854224947970234	0.0	*
p.Val772Ter	0.0	0.0	*
p.Val772Thr	0.03232105274542145	0.0	*
p.Val772Trp	0.037080484899576986	0.0	*
p.Val772Tyr	0.021984389587352025	0.0	*
p.Val805=	*	*	*
p.Val805Ala	0.27316600626395326	0.0	*
p.Val805Arg	0.0971883416346384	0.0	*
p.Val805Asn	0.18438068959878395	0.0	*
p.Val805Asp	0.05818990754767762	0.0	*
p.Val805Cys	0.23595807798631152	0.0	*
p.Val805Gln	0.2813981411031248	0.0	*
p.Val805Glu	0.041218286598740175	0.0	*
p.Val805Gly	0.08699570204465834	0.0	*
p.Val805His	0.23093575184313325	0.0	*
p.Val805Ile	0.9273848543602963	0.0	*
p.Val805Leu	0.44821158587145365	0.0	*
p.Val805Lys	0.25137698145215176	0.0	*
p.Val805Met	0.4643390633437409	0.0	*
p.Val805Phe	0.14770222819354764	0.0	*
p.Val805Pro	0.03666852956791782	0.0	*
p.Val805Ser	0.36260459428155273	0.0	*
p.Val805Ter	0.0	0.0	*
p.Val805Thr	0.23149094872652906	0.0	*
p.Val805Trp	0.258466019273485	0.0	*
p.Val805Tyr	0.11007770559469723	0.0	*
p.Val806=	*	*	*
p.Val806Ala	0.2373455411171295	0.0	*
p.Val806Arg	0.05974530047119871	0.0	*
p.Val806Asn	0.09781067872537136	0.0	*
p.Val806Asp	0.05040616732240128	0.0	*
p.Val806Cys	0.19115887888484454	0.0	*
p.Val806Gln	0.3210099808303277	0.0	*
p.Val806Glu	0.03421385955671728	0.0	*
p.Val806Gly	0.07713828560565732	0.0	*
p.Val806His	0.21162392030473592	0.0	*
p.Val806Ile	0.9085133130656813	0.0	*
p.Val806Leu	0.2832132584786219	0.0	*
p.Val806Lys	0.22365054090765712	0.0	*
p.Val806Met	0.3557653515614742	0.0	*
p.Val806Phe	0.1190559628302555	0.0	*
p.Val806Pro	0.03450278083818996	0.0	*
p.Val806Ser	0.3026720173912929	0.0	*
p.Val806Ter	0.0	0.0	*
p.Val806Thr	0.30084839446162104	0.0	*
p.Val806Trp	0.19481339549095913	0.0	*
p.Val806Tyr	0.09022003974709769	0.0	*
p.Val820=	*	*	*
p.Val820Ala	0.48935156170628996	0.0	*
p.Val820Arg	0.11348202835399014	0.0	*
p.Val820Asn	0.2097075519583955	0.0	*
p.Val820Asp	0.08169486062280834	0.0	*
p.Val820Cys	0.23281076770173134	0.0	*
p.Val820Gln	0.3362924749133075	0.0	*
p.Val820Glu	0.07214502938746445	0.0	*
p.Val820Gly	0.14099200199807554	0.0	*
p.Val820His	0.28013824520890523	0.0	*
p.Val820Ile	0.8343102179603146	0.0	*
p.Val820Leu	0.38560255123522674	0.0	*
p.Val820Lys	0.32295869301419505	0.0	*
p.Val820Met	0.43820226813080293	0.0	*
p.Val820Phe	0.1689014114480825	0.0	*
p.Val820Pro	0.08542609789696892	0.0	*
p.Val820Ser	0.41105050422196693	0.0	*
p.Val820Ter	0.0	0.0	*
p.Val820Thr	0.37397932108764664	0.0	*
p.Val820Trp	0.1944707865095943	0.0	*
p.Val820Tyr	0.12357412579607709	0.0	*
p.Val825=	*	*	*
p.Val825Ala	0.32790472655842573	0.0	*
p.Val825Arg	0.046831531397124856	0.0	*
p.Val825Asn	0.11759514632516781	0.0	*
p.Val825Asp	0.029529453889612697	0.0	*
p.Val825Cys	0.2125310291655429	0.0	*
p.Val825Gln	0.2017129154015678	0.0	*
p.Val825Gly	0.09131154880205561	0.0	*
p.Val825His	0.20930522348102854	0.0	*
p.Val825Ile	0.8722418944482132	0.0	*
p.Val825Leu	0.459967055014934	0.0	*
p.Val825Lys	0.13170572666423405	0.0	*
p.Val825Met	0.37632941351208393	0.0	*
p.Val825Phe	0.15149741470789566	0.0	*
p.Val825Pro	0.034422560501655416	0.0	*
p.Val825Ser	0.14068648500728348	0.0	*
p.Val825Ter	0.0	0.0	*
p.Val825Thr	0.13913022176082968	0.0	*
p.Val825Trp	0.21902881864109483	0.0	*
p.Val825Tyr	0.10065237878568661	0.0	*
p.Val831=	*	*	*
p.Val831Ala	0.22702917765213756	0.0	*
p.Val831Arg	0.017005352453410682	0.0	*
p.Val831Asn	0.04301727486672995	0.0	*
p.Val831Asp	0.016626853778203374	0.0	*
p.Val831Cys	0.14956989437621626	0.0	*
p.Val831Gln	0.09132597906034377	0.0	*
p.Val831Glu	0.010786318950284797	0.0	*
p.Val831Gly	0.059313051834671685	0.0	*
p.Val831His	0.10427733411660635	0.0	*
p.Val831Ile	0.8767944580409086	0.0	*
p.Val831Leu	0.25955390461419886	0.0	*
p.Val831Lys	0.10873273576894393	0.0	*
p.Val831Met	0.22161475596325603	0.0	*
p.Val831Phe	0.09444067319131431	0.0	*
p.Val831Pro	0.01782565819836306	0.0	*
p.Val831Ser	0.15627239198187862	0.0	*
p.Val831Ter	0.0	0.0	*
p.Val831Thr	0.07859795183031643	0.0	*
p.Val831Trp	0.12153787272361952	0.0	*
p.Val831Tyr	0.04317638197511019	0.0	*
p.Val833=	*	*	*
p.Val833Ala	0.1063115386212067	0.0	*
p.Val833Arg	0.010354691102794317	0.0	*
p.Val833Asn	0.03060850294558501	0.0	*
p.Val833Asp	0.008773727909857391	0.0	*
p.Val833Cys	0.061091901031984794	0.0	*
p.Val833Gln	0.053174085346502774	0.0	*
p.Val833Glu	0.0064336699784790265	0.0	*
p.Val833Gly	0.026018678016345883	0.0	*
p.Val833His	0.04071209692868749	0.0	*
p.Val833Ile	0.3802848041319137	0.0	*
p.Val833Leu	0.06957098448928978	0.0	*
p.Val833Lys	0.05429341673313258	0.0	*
p.Val833Met	0.09624115055526833	0.0	*
p.Val833Phe	0.03498665130711158	0.0	*
p.Val833Pro	0.008358189188690184	0.0	*
p.Val833Ser	0.09501370102676727	0.0	*
p.Val833Ter	0.0	0.0	*
p.Val833Thr	0.04046813353308697	0.0	*
p.Val833Trp	0.04287609915256389	0.0	*
p.Val833Tyr	0.02169132696129978	0.0	*
p.Val834=	*	*	*
p.Val834Ala	0.2612408980356725	0.0	*
p.Val834Arg	0.04763194348668483	0.0	*
p.Val834Asn	0.13401807998099524	0.0	*
p.Val834Asp	0.04788559965160722	0.0	*
p.Val834Cys	0.10325218306234227	0.0	*
p.Val834Gln	0.18898732990487616	0.0	*
p.Val834Glu	0.02199724237674559	0.0	*
p.Val834Gly	0.08049842781149312	0.0	*
p.Val834His	0.1602564089474778	0.0	*
p.Val834Ile	0.7878442338605931	0.0	*
p.Val834Leu	0.19410441697862083	0.0	*
p.Val834Lys	0.15012688147241232	0.0	*
p.Val834Met	0.22363127683230538	0.0	*
p.Val834Phe	0.11197716561643897	0.0	*
p.Val834Pro	0.03583112507120072	0.0	*
p.Val834Ser	0.189481257599343	0.0	*
p.Val834Ter	0.0	0.0	*
p.Val834Thr	0.11954983542311261	0.0	*
p.Val834Trp	0.14512416419995072	0.0	*
p.Val834Tyr	0.09372337876975413	0.0	*
p.Val841=	*	*	*
p.Val841Ala	0.027118779193218104	0.0	*
p.Val841Arg	0.004922825709937954	0.0	*
p.Val841Asn	0.009886559717786236	0.0	*
p.Val841Asp	0.002599086390690283	0.0	*
p.Val841Cys	0.008023242145815568	0.0	*
p.Val841Gln	0.007667391046285357	0.0	*
p.Val841Glu	0.0012107719346602856	0.0	*
p.Val841Gly	0.005290900693274886	0.0	*
p.Val841His	0.0029760498467241605	0.0	*
p.Val841Ile	0.07504574577315022	0.0	*
p.Val841Leu	0.014874320015955756	0.0	*
p.Val841Lys	0.00852608755461279	0.0	*
p.Val841Met	0.014559310655482056	0.0	*
p.Val841Phe	0.00640098666450855	0.0	*
p.Val841Pro	0.003990930154940346	0.0	*
p.Val841Ser	0.01651875971865757	0.0	*
p.Val841Ter	0.0	0.0	*
p.Val841Thr	0.009665826550832576	0.0	*
p.Val841Trp	0.009924247462209596	0.0	*
p.Val841Tyr	0.004709264274929713	0.0	*
p.Val845=	*	*	*
p.Val845Ala	0.03596742538594235	0.0	*
p.Val845Arg	0.006104639532730562	0.0	*
p.Val845Asn	0.01014253753802112	0.0	*
p.Val845Asp	0.001829797909565026	0.0	*
p.Val845Cys	0.020391055874630006	0.0	*
p.Val845Gln	0.013333073687709578	0.0	*
p.Val845Glu	0.0015143032416457783	0.0	*
p.Val845Gly	0.00419394427791228	0.0	*
p.Val845His	0.004418855808287229	0.0	*
p.Val845Ile	0.13778800738920524	0.0	*
p.Val845Leu	0.015029242179308257	0.0	*
p.Val845Lys	0.00782251083219025	0.0	*
p.Val845Met	0.0180141463767819	0.0	*
p.Val845Phe	0.004522312143637421	0.0	*
p.Val845Pro	0.0033142645840260067	0.0	*
p.Val845Ser	0.032880020491400375	0.0	*
p.Val845Ter	0.0	0.0	*
p.Val845Thr	0.009832785823156616	0.0	*
p.Val845Trp	0.009563219438572072	0.0	*
p.Val845Tyr	0.0049301465894491395	0.0	*
p.Val864=	*	*	*
p.Val864Ala	0.5670361748973571	0.0	*
p.Val864Arg	0.2231815795928725	0.0	*
p.Val864Asn	0.4607474095367079	0.0	*
p.Val864Asp	0.3155099140521995	0.0	*
p.Val864Cys	0.5421079326008603	0.0	*
p.Val864Gln	0.47058966373522715	0.0	*
p.Val864Glu	0.21343470243153054	0.0	*
p.Val864Gly	0.36422957453484084	0.0	*
p.Val864His	0.49641673292271443	0.0	*
p.Val864Ile	0.9079188007106814	0.0	*
p.Val864Leu	0.6018930567401375	0.0	*
p.Val864Lys	0.4713302914325847	0.0	*
p.Val864Met	0.5848853821379177	0.0	*
p.Val864Phe	0.40624638750598285	0.0	*
p.Val864Pro	0.3069969810404298	0.0	*
p.Val864Ser	0.5393422163000999	0.0	*
p.Val864Ter	0.0	0.0	*
p.Val864Thr	0.4906886117441169	0.0	*
p.Val864Trp	0.4000607719345129	0.0	*
p.Val864Tyr	0.270405068754571	0.0	*
p.Val872=	*	*	*
p.Val872Ala	0.04973181376584008	0.0	*
p.Val872Arg	0.011304851589693595	0.0	*
p.Val872Asn	0.01860340194410064	0.0	*
p.Val872Asp	0.007717791964508089	0.0	*
p.Val872Cys	0.016298489747837173	0.0	*
p.Val872Gln	0.03175059053061923	0.0	*
p.Val872Glu	0.00528142990285872	0.0	*
p.Val872Gly	0.014751509653387769	0.0	*
p.Val872His	0.01818181082757601	0.0	*
p.Val872Ile	0.25374652982907286	0.0	*
p.Val872Leu	0.04723794406708898	0.0	*
p.Val872Lys	0.02339631334317638	0.0	*
p.Val872Met	0.047649938155799834	0.0	*
p.Val872Phe	0.01906149479936524	0.0	*
p.Val872Pro	0.010193817225438568	0.0	*
p.Val872Ser	0.0378244125934159	0.0	*
p.Val872Ter	0.0	0.0	*
p.Val872Thr	0.024936030095711322	0.0	*
p.Val872Trp	0.022604316170854725	0.0	*
p.Val872Tyr	0.016464720170753316	0.0	*
p.Val883=	*	*	*
p.Val883Ala	0.10011834239749441	0.0	*
p.Val883Arg	0.02433739448494869	0.0	*
p.Val883Asn	0.04972260268662369	0.0	*
p.Val883Asp	0.01343748524865675	0.0	*
p.Val883Cys	0.07856307628949295	0.0	*
p.Val883Gln	0.07521174626288817	0.0	*
p.Val883Glu	0.01107622142627511	0.0	*
p.Val883Gly	0.03320242922499294	0.0	*
p.Val883His	0.05335105734312905	0.0	*
p.Val883Ile	0.5896128370164916	0.0	*
p.Val883Leu	0.08317087596384878	0.0	*
p.Val883Lys	0.06128518437436143	0.0	*
p.Val883Met	0.09859072702671347	0.0	*
p.Val883Phe	0.047751545709349086	0.0	*
p.Val883Pro	0.018965965882936236	0.0	*
p.Val883Ser	0.11780025451770526	0.0	*
p.Val883Ter	0.0	0.0	*
p.Val883Thr	0.08099783088924473	0.0	*
p.Val883Trp	0.07571284447743075	0.0	*
p.Val883Tyr	0.03404210015955475	0.0	*
p.Val890=	*	*	*
p.Val890Ala	0.08268356772823399	0.0	*
p.Val890Arg	0.010190243164548902	0.0	*
p.Val890Asn	0.029452572742101706	0.0	*
p.Val890Asp	0.008824796723634162	0.0	*
p.Val890Cys	0.037837994505691336	0.0	*
p.Val890Gln	0.048759086571834205	0.0	*
p.Val890Glu	0.007318736489554065	0.0	*
p.Val890Gly	0.023289614219460707	0.0	*
p.Val890His	0.03425319855210569	0.0	*
p.Val890Ile	0.26174236543465557	0.0	*
p.Val890Leu	0.06408881609394794	0.0	*
p.Val890Lys	0.032868661196215364	0.0	*
p.Val890Met	0.07326522569471104	0.0	*
p.Val890Phe	0.022802731640857634	0.0	*
p.Val890Pro	0.010295157016594407	0.0	*
p.Val890Ser	0.05485408810283825	0.0	*
p.Val890Ter	0.0	0.0	*
p.Val890Thr	0.025887985392376425	0.0	*
p.Val890Trp	0.0356310471469784	0.0	*
p.Val890Tyr	0.016118806380590104	0.0	*
p.Val900=	*	*	*
p.Val900Ala	0.040493036399009405	0.0	*
p.Val900Arg	0.01208990166520368	0.0	*
p.Val900Asn	0.022012019106923356	0.0	*
p.Val900Asp	0.00926337787344229	0.0	*
p.Val900Cys	0.02361573788293621	0.0	*
p.Val900Gln	0.040286357951672534	0.0	*
p.Val900Glu	0.008796581841189081	0.0	*
p.Val900Gly	0.015198041847811112	0.0	*
p.Val900Ile	0.16966415714227814	0.0	*
p.Val900Leu	0.05269630475766274	0.0	*
p.Val900Lys	0.03327313593881973	0.0	*
p.Val900Met	0.041688609337161876	0.0	*
p.Val900Phe	0.03008528825892969	0.0	*
p.Val900Pro	0.006201514681111819	0.0	*
p.Val900Ser	0.03743729659300197	0.0	*
p.Val900Ter	0.0	0.0	*
p.Val900Thr	0.03152532327545309	0.0	*
p.Val900Trp	0.03397172786985955	0.0	*
p.Val903=	*	*	*
p.Val903Ala	0.02443678320920421	0.0	*
p.Val903Arg	0.006663717826538663	0.0	*
p.Val903Asn	0.01467261951853551	0.0	*
p.Val903Asp	0.004003385538051836	0.0	*
p.Val903Cys	0.013142160084107067	0.0	*
p.Val903Gln	0.021048115468235623	0.0	*
p.Val903Glu	0.004310906019799326	0.0	*
p.Val903Gly	0.00678296805838068	0.0	*
p.Val903His	0.01524494118474821	0.0	*
p.Val903Ile	0.13055329561336568	0.0	*
p.Val903Leu	0.02442142515567021	0.0	*
p.Val903Lys	0.011273493886776715	0.0	*
p.Val903Met	0.019479279485324127	0.0	*
p.Val903Phe	0.011478639866294039	0.0	*
p.Val903Pro	0.0030193266077590828	0.0	*
p.Val903Ser	0.016755833558825116	0.0	*
p.Val903Ter	0.0	0.0	*
p.Val903Thr	0.009305535741834906	0.0	*
p.Val903Trp	0.015388765017902527	0.0	*
p.Val903Tyr	0.012151565123749021	0.0	*
p.Val925=	*	*	*
p.Val925Ala	0.05545065389695487	0.0	*
p.Val925Arg	0.010857438031905019	0.0	*
p.Val925Asn	0.018332375772685296	0.0	*
p.Val925Asp	0.010626803716596432	0.0	*
p.Val925Cys	0.04677171040050809	0.0	*
p.Val925Gln	0.045559515831508274	0.0	*
p.Val925Glu	0.009602974321768256	0.0	*
p.Val925Gly	0.018215960817511034	0.0	*
p.Val925His	0.03467496697249866	0.0	*
p.Val925Ile	0.3476019774095766	0.0	*
p.Val925Leu	0.05163843326125102	0.0	*
p.Val925Lys	0.033630530694824814	0.0	*
p.Val925Met	0.049312950580743406	0.0	*
p.Val925Phe	0.028525651178724378	0.0	*
p.Val925Pro	0.007425841090819548	0.0	*
p.Val925Ser	0.047651168454142905	0.0	*
p.Val925Ter	0.0	0.0	*
p.Val925Thr	0.06413337026774656	0.0	*
p.Val925Trp	0.0392923270820801	0.0	*
p.Val925Tyr	0.02371931656843045	0.0	*
p.Val937=	*	*	*
p.Val937Ala	0.9635252846895606	0.0	*
p.Val937Arg	0.5489912544494469	0.0	*
p.Val937Asn	0.8858254091037752	0.0	*
p.Val937Asp	0.5416647462417484	0.0	*
p.Val937Cys	0.9613229924502289	0.0	*
p.Val937Gln	0.9463019256362944	0.0	*
p.Val937Glu	0.5470750201668091	0.0	*
p.Val937Gly	0.870340746436989	0.0	*
p.Val937His	0.9568879676903231	0.0	*
p.Val937Ile	0.9942359401573382	0.0	*
p.Val937Leu	0.9405838266224671	0.0	*
p.Val937Lys	0.9214677173171225	0.0	*
p.Val937Met	0.9773051461517807	0.0	*
p.Val937Phe	0.8537535087328384	0.0	*
p.Val937Pro	0.45403990268940925	0.0	*
p.Val937Ser	0.9353936393339737	0.0	*
p.Val937Ter	0.0	0.0	*
p.Val937Thr	0.9275870385950821	0.0	*
p.Val937Trp	0.8645142317553356	0.0	*
p.Val937Tyr	0.6666384465700167	0.0	*
p.Val938=	*	*	*
p.Val938Ala	0.9423294797603129	0.0	*
p.Val938Arg	0.38591778583235864	0.0	*
p.Val938Asn	0.8033978165660863	0.0	*
p.Val938Asp	0.2705780991974876	0.0	*
p.Val938Cys	0.9233149571490245	0.0	*
p.Val938Gln	0.8090647168094999	0.0	*
p.Val938Glu	0.2875157676146198	0.0	*
p.Val938Gly	0.7020588131334852	0.0	*
p.Val938His	0.7821025295457104	0.0	*
p.Val938Ile	0.9845597255454659	0.0	*
p.Val938Leu	0.8269160220209332	0.0	*
p.Val938Lys	0.7586749683903314	0.0	*
p.Val938Met	0.9260922299246503	0.0	*
p.Val938Phe	0.6528170854586536	0.0	*
p.Val938Pro	0.27752600432363844	0.0	*
p.Val938Ser	0.879822071611542	0.0	*
p.Val938Ter	0.0	0.0	*
p.Val938Thr	0.7888217874067536	0.0	*
p.Val938Trp	0.6393689632840908	0.0	*
p.Val938Tyr	0.459090843703425	0.0	*
p.Val941=	*	*	*
p.Val941Ala	0.9739060890284204	0.0	*
p.Val941Arg	0.6649728425598166	0.0	*
p.Val941Asn	0.92523330018652	0.0	*
p.Val941Asp	0.7093489129241176	0.0	*
p.Val941Cys	0.9523620596140392	0.0	*
p.Val941Gln	0.9605499983185123	0.0	*
p.Val941Glu	0.6283409697601592	0.0	*
p.Val941Gly	0.9093023616826503	0.0	*
p.Val941His	0.9678128954551878	0.0	*
p.Val941Ile	0.9952279003894615	0.0	*
p.Val941Leu	0.9636850157660933	0.0	*
p.Val941Lys	0.9552789457765621	0.0	*
p.Val941Met	0.9864660971244187	0.0	*
p.Val941Phe	0.9024137271116398	0.0	*
p.Val941Pro	0.5205330471399964	0.0	*
p.Val941Ser	0.9525507501888237	0.0	*
p.Val941Ter	0.0	0.0	*
p.Val941Thr	0.9578639425033216	0.0	*
p.Val941Trp	0.8820864971878616	0.0	*
p.Val941Tyr	0.7395142534327248	0.0	*
p.Val949=	*	*	*
p.Val949Ala	0.9534742466440495	0.0	*
p.Val949Arg	0.7082208822864149	0.0	*
p.Val949Asn	0.9325037178594064	0.0	*
p.Val949Asp	0.6155226363264427	0.0	*
p.Val949Cys	0.9467390561370865	0.0	*
p.Val949Gln	0.9299283633415405	0.0	*
p.Val949Glu	0.6146373762114208	0.0	*
p.Val949Gly	0.8382356743506225	0.0	*
p.Val949His	0.932914508170443	0.0	*
p.Val949Ile	0.9958462131546686	0.0	*
p.Val949Leu	0.9480800666883642	0.0	*
p.Val949Lys	0.9536107239507022	0.0	*
p.Val949Met	0.9824010882020892	0.0	*
p.Val949Phe	0.8757521800031366	0.0	*
p.Val949Pro	0.742140569981024	0.0	*
p.Val949Ser	0.9756859677029301	0.0	*
p.Val949Ter	0.0	0.0	*
p.Val949Thr	0.9616963432093676	0.0	*
p.Val949Trp	0.8266204262075086	0.0	*
p.Val949Tyr	0.6928651299014584	0.0	*
p.Val950=	*	*	*
p.Val950Ala	0.7945162963819677	0.0	*
p.Val950Arg	0.20171316398406858	0.0	*
p.Val950Asn	0.522285772267827	0.0	*
p.Val950Asp	0.17091322839517128	0.0	*
p.Val950Cys	0.7389088258943596	0.0	*
p.Val950Gln	0.7320572346374556	0.0	*
p.Val950Glu	0.20377660686016422	0.0	*
p.Val950Gly	0.5271956290441722	0.0	*
p.Val950His	0.7006446239018173	0.0	*
p.Val950Ile	0.9677589888287551	0.0	*
p.Val950Leu	0.7573875399909027	0.0	*
p.Val950Lys	0.6844469413298803	0.0	*
p.Val950Met	0.8936773743486496	0.0	*
p.Val950Phe	0.5466243212619911	0.0	*
p.Val950Pro	0.17971939167932643	0.0	*
p.Val950Ser	0.8118772627221016	0.0	*
p.Val950Ter	0.0	0.0	*
p.Val950Thr	0.7757980027982824	0.0	*
p.Val950Trp	0.5741251764780132	0.0	*
p.Val950Tyr	0.3191527818108083	0.0	*
p.Val966=	*	*	*
p.Val966Ala	0.5786595920221568	0.0	*
p.Val966Arg	0.18787011931978465	0.0	*
p.Val966Asn	0.38121619330420514	0.0	*
p.Val966Asp	0.19090197164938305	0.0	*
p.Val966Cys	0.4356498815045377	0.0	*
p.Val966Gln	0.5217756807395746	0.0	*
p.Val966Glu	0.12781910184337447	0.0	*
p.Val966Gly	0.2138490352184729	0.0	*
p.Val966His	0.4020012098704474	0.0	*
p.Val966Ile	0.9389382482342041	0.0	*
p.Val966Leu	0.6378245984515257	0.0	*
p.Val966Lys	0.5464657822228581	0.0	*
p.Val966Met	0.6465247511413146	0.0	*
p.Val966Phe	0.38268192254665373	0.0	*
p.Val966Pro	0.21554820556911317	0.0	*
p.Val966Ser	0.5470880415941606	0.0	*
p.Val966Ter	0.0	0.0	*
p.Val966Thr	0.5731337355502979	0.0	*
p.Val966Trp	0.384237476993737	0.0	*
p.Val966Tyr	0.32673597669144133	0.0	*
p.Val978=	*	*	*
p.Val978Ala	0.08236587673288544	0.0	*
p.Val978Arg	0.008889323738765737	0.0	*
p.Val978Asn	0.01819366189508124	0.0	*
p.Val978Asp	0.0045753403227088455	0.0	*
p.Val978Cys	0.05712798582075254	0.0	*
p.Val978Gln	0.032622128097614354	0.0	*
p.Val978Glu	0.0037573896541804705	0.0	*
p.Val978Gly	0.013362789677423662	0.0	*
p.Val978His	0.018886010125534786	0.0	*
p.Val978Ile	0.4034251260941247	0.0	*
p.Val978Leu	0.06334881570924214	0.0	*
p.Val978Lys	0.02712837313239075	0.0	*
p.Val978Met	0.06388022344927788	0.0	*
p.Val978Phe	0.019876260458241004	0.0	*
p.Val978Pro	0.006368960345301489	0.0	*
p.Val978Ser	0.05648930307725734	0.0	*
p.Val978Ter	0.0	0.0	*
p.Val978Thr	0.03368604243340884	0.0	*
p.Val978Trp	0.035448993343264415	0.0	*
p.Val978Tyr	0.017285386862753886	0.0	*
p.Val995=	*	*	*
p.Val995Ala	0.008332230618074877	0.0	*
p.Val995Arg	0.0014872268194553115	0.0	*
p.Val995Asn	0.003277543332002394	0.0	*
p.Val995Asp	0.0009959916387499881	0.0	*
p.Val995Cys	0.004734942738509238	0.0	*
p.Val995Gln	0.007077078874926739	0.0	*
p.Val995Glu	0.0007698159438570174	0.0	*
p.Val995Gly	0.0018335269376526405	0.0	*
p.Val995His	0.003333521624760421	0.0	*
p.Val995Ile	0.05647958065014094	0.0	*
p.Val995Leu	0.011632739609529395	0.0	*
p.Val995Lys	0.004663557294860303	0.0	*
p.Val995Met	0.00907733314527311	0.0	*
p.Val995Phe	0.0036775438477968437	0.0	*
p.Val995Pro	0.0011734157676435964	0.0	*
p.Val995Ser	0.004910613862421029	0.0	*
p.Val995Ter	0.0	0.0	*
p.Val995Thr	0.0033364060664944507	0.0	*
p.Val995Trp	0.006776583515668636	0.0	*
p.Val995Tyr	0.0030183231996618147	0.0	*
p.Val997=	*	*	*
p.Val997Ala	0.0018644770295444763	0.0	*
p.Val997Arg	0.0005034407814881074	0.0	*
p.Val997Asn	0.001000828236527704	0.0	*
p.Val997Asp	0.0004180748849430915	0.0	*
p.Val997Cys	0.00201845892021813	0.0	*
p.Val997Gln	0.0018964332770313264	0.0	*
p.Val997Glu	0.000365092681296393	0.0	*
p.Val997Gly	0.0009154954950745676	0.0	*
p.Val997His	0.0013865333947070116	0.0	*
p.Val997Ile	0.012409761786930075	0.0	*
p.Val997Leu	0.0023800144776220645	0.0	*
p.Val997Lys	0.0015863995209544207	0.0	*
p.Val997Met	0.0022353384484182764	0.0	*
p.Val997Phe	0.0013893332611983377	0.0	*
p.Val997Pro	0.00032960217923220473	0.0	*
p.Val997Ser	0.001963286483624196	0.0	*
p.Val997Ter	0.0	0.0	*
p.Val997Thr	0.0014777001347906396	0.0	*
p.Val997Trp	0.0027324413154468656	0.0	*
p.Val997Tyr	0.0010675296229683278	0.0	*
