aa_substitution	stability_score_48hr	sd	comment
R21S	*	*	*
R21P	*	*	*
R21D	*	*	*
R21T	*	*	*
R21W	*	*	*
R21Y	*	*	*
R21N	*	*	*
R21V	*	*	*
R21C	*	*	*
R21Q	*	*	*
R21E	*	*	*
R21G	*	*	*
R21H	*	*	*
R21I	*	*	*
R21A	*	*	*
R21K	*	*	*
R21M	*	*	*
R21L	*	*	*
R21F	*	*	*
P22F	*	*	*
P22A	*	*	*
P22N	*	*	*
P22D	*	*	*
P22Y	*	*	*
P22V	*	*	*
P22T	*	*	*
P22C	*	*	*
P22Q	*	*	*
P22E	*	*	*
P22G	*	*	*
P22H	*	*	*
P22I	*	*	*
P22L	*	*	*
P22K	*	*	*
P22M	*	*	*
P22S	*	*	*
P22W	*	*	*
P23M	*	*	*
P23Q	*	*	*
P23L	*	*	*
P23I	*	*	*
P23H	*	*	*
P23E	*	*	*
P23C	*	*	*
P23D	*	*	*
P23N	*	*	*
P23R	*	*	*
P23F	*	*	*
P23S	*	*	*
P23T	*	*	*
P23Y	*	*	*
P23W	*	*	*
P23V	*	*	*
P23K	*	*	*
P23A	*	*	*
N24L	*	*	*
N24I	*	*	*
N24H	*	*	*
N24W	*	*	*
N24G	*	*	*
N24Y	*	*	*
N24E	*	*	*
N24Q	*	*	*
N24F	*	*	*
N24P	*	*	*
N24S	*	*	*
N24T	*	*	*
N24V	*	*	*
N24D	*	*	*
N24M	*	*	*
N24C	*	*	*
N24A	*	*	*
N24R	*	*	*
N24K	*	*	*
I25K	*	*	*
I25L	*	*	*
I25H	*	*	*
I25G	*	*	*
I25S	*	*	*
I25P	*	*	*
I25C	*	*	*
I25D	*	*	*
I25N	*	*	*
I25M	*	*	*
I25F	*	*	*
I25E	*	*	*
I25Q	*	*	*
I25Y	*	*	*
I25T	*	*	*
I25A	*	*	*
I25R	*	*	*
I25W	*	*	*
V26C	*	*	*
V26T	*	*	*
V26S	*	*	*
V26P	*	*	*
V26F	*	*	*
V26K	*	*	*
V26L	*	*	*
V26I	*	*	*
V26G	*	*	*
V26E	*	*	*
V26A	*	*	*
V26R	*	*	*
V26N	*	*	*
V26D	*	*	*
V26Q	*	*	*
V26H	*	*	*
V26M	*	*	*
V26Y	*	*	*
V26W	*	*	*
L27F	*	*	*
L27A	*	*	*
L27R	*	*	*
L27N	*	*	*
L27D	*	*	*
L27C	*	*	*
L27Q	*	*	*
L27G	*	*	*
L27H	*	*	*
L27I	*	*	*
L27E	*	*	*
L27M	*	*	*
L27S	*	*	*
L27K	*	*	*
L27T	*	*	*
L27P	*	*	*
L27Y	*	*	*
L27V	*	*	*
L27W	*	*	*
I28M	*	*	*
I28Y	*	*	*
I28Q	*	*	*
I28T	*	*	*
I28S	*	*	*
I28P	*	*	*
I28F	*	*	*
I28V	*	*	*
I28W	*	*	*
I28H	*	*	*
I28A	*	*	*
I28R	*	*	*
I28N	*	*	*
I28D	*	*	*
I28C	*	*	*
I28K	*	*	*
I28L	*	*	*
I28G	*	*	*
I28E	*	*	*
F29S	*	*	*
F29V	*	*	*
F29Y	*	*	*
F29W	*	*	*
F29R	*	*	*
F29N	*	*	*
F29A	*	*	*
F29D	*	*	*
F29C	*	*	*
F29Q	*	*	*
F29E	*	*	*
F29G	*	*	*
F29T	*	*	*
F29I	*	*	*
F29L	*	*	*
F29K	*	*	*
F29M	*	*	*
F29P	*	*	*
F29H	*	*	*
A30F	*	*	*
A30M	*	*	*
A30R	*	*	*
A30P	*	*	*
A30S	*	*	*
A30T	*	*	*
A30W	*	*	*
A30Y	*	*	*
A30V	*	*	*
A30K	*	*	*
A30N	*	*	*
A30I	*	*	*
A30H	*	*	*
A30G	*	*	*
A30E	*	*	*
A30Q	*	*	*
A30C	*	*	*
A30D	*	*	*
A30L	*	*	*
D31C	*	*	*
D31Q	*	*	*
D31G	*	*	*
D31H	*	*	*
D31I	*	*	*
D31L	*	*	*
D31P	*	*	*
D31M	*	*	*
D31F	*	*	*
D31S	*	*	*
D31T	*	*	*
D31W	*	*	*
D31Y	*	*	*
D31R	*	*	*
D31K	*	*	*
D31V	*	*	*
D31A	*	*	*
D32V	*	*	*
D32A	*	*	*
D32R	*	*	*
D32N	*	*	*
D32C	*	*	*
D32Q	*	*	*
D32E	*	*	*
D32G	*	*	*
D32Y	*	*	*
D32L	*	*	*
D32K	*	*	*
D32M	*	*	*
D32F	*	*	*
D32P	*	*	*
D32S	*	*	*
D32I	*	*	*
D32T	*	*	*
D32W	*	*	*
L33R	*	*	*
L33Y	*	*	*
L33V	*	*	*
L33S	*	*	*
L33F	*	*	*
L33M	*	*	*
L33A	*	*	*
L33K	*	*	*
L33H	*	*	*
L33G	*	*	*
L33E	*	*	*
L33Q	*	*	*
L33C	*	*	*
L33D	*	*	*
L33N	*	*	*
L33I	*	*	*
L33W	*	*	*
L33T	*	*	*
G34I	*	*	*
G34R	*	*	*
G34A	*	*	*
G34N	*	*	*
G34V	*	*	*
G34Y	*	*	*
G34W	*	*	*
G34T	*	*	*
G34L	*	*	*
G34P	*	*	*
G34K	*	*	*
G34M	*	*	*
G34F	*	*	*
G34Q	*	*	*
G34E	*	*	*
G34H	*	*	*
G34C	*	*	*
Y35A	*	*	*
Y35V	*	*	*
Y35D	*	*	*
Y35C	*	*	*
Y35Q	*	*	*
Y35E	*	*	*
Y35G	*	*	*
Y35H	*	*	*
Y35L	*	*	*
Y35R	*	*	*
Y35N	*	*	*
Y35T	*	*	*
Y35P	*	*	*
Y35F	*	*	*
Y35M	*	*	*
Y35K	*	*	*
Y35I	*	*	*
Y35W	*	*	*
G36D	*	*	*
G36K	*	*	*
G36R	*	*	*
G36V	*	*	*
G36Y	*	*	*
G36W	*	*	*
G36T	*	*	*
G36N	*	*	*
G36S	*	*	*
G36P	*	*	*
G36F	*	*	*
G36L	*	*	*
G36I	*	*	*
G36H	*	*	*
G36E	*	*	*
G36Q	*	*	*
G36C	*	*	*
G36A	*	*	*
G36M	*	*	*
D37M	*	*	*
D37F	*	*	*
D37V	*	*	*
D37P	*	*	*
D37Y	*	*	*
D37T	*	*	*
D37W	*	*	*
D37S	*	*	*
D37K	*	*	*
D37E	*	*	*
D37I	*	*	*
D37H	*	*	*
D37G	*	*	*
D37Q	*	*	*
D37C	*	*	*
D37N	*	*	*
D37R	*	*	*
D37A	*	*	*
D37L	*	*	*
L38H	*	*	*
L38G	*	*	*
L38E	*	*	*
L38N	*	*	*
L38C	*	*	*
L38D	*	*	*
L38Q	*	*	*
L38K	*	*	*
L38S	*	*	*
L38F	*	*	*
L38P	*	*	*
L38R	*	*	*
L38T	*	*	*
L38W	*	*	*
L38Y	*	*	*
L38V	*	*	*
L38M	*	*	*
L38A	*	*	*
L38I	*	*	*
G39H	*	*	*
G39V	*	*	*
G39C	*	*	*
G39Q	*	*	*
G39E	*	*	*
G39A	*	*	*
G39I	*	*	*
G39L	*	*	*
G39K	*	*	*
G39M	*	*	*
G39F	*	*	*
G39P	*	*	*
G39T	*	*	*
G39W	*	*	*
G39Y	*	*	*
G39N	*	*	*
C40V	*	*	*
C40S	*	*	*
C40F	*	*	*
C40P	*	*	*
C40M	*	*	*
C40T	*	*	*
C40L	*	*	*
C40R	*	*	*
C40N	*	*	*
C40K	*	*	*
C40A	*	*	*
C40Y	*	*	*
C40W	*	*	*
C40Q	*	*	*
C40E	*	*	*
C40G	*	*	*
C40H	*	*	*
C40I	*	*	*
C40D	*	*	*
Y41G	*	*	*
Y41H	*	*	*
Y41I	*	*	*
Y41L	*	*	*
Y41P	*	*	*
Y41M	*	*	*
Y41F	*	*	*
Y41E	*	*	*
Y41S	*	*	*
Y41T	*	*	*
Y41V	*	*	*
Y41K	*	*	*
Y41Q	*	*	*
Y41R	*	*	*
Y41D	*	*	*
Y41W	*	*	*
Y41N	*	*	*
Y41A	*	*	*
G42N	*	*	*
G42D	*	*	*
G42C	*	*	*
G42Q	*	*	*
G42E	*	*	*
G42H	*	*	*
G42L	*	*	*
G42K	*	*	*
G42M	*	*	*
G42F	*	*	*
G42R	*	*	*
G42P	*	*	*
G42S	*	*	*
G42I	*	*	*
G42A	*	*	*
G42V	*	*	*
G42Y	*	*	*
G42T	*	*	*
G42W	*	*	*
H43V	*	*	*
H43Y	*	*	*
H43W	*	*	*
H43T	*	*	*
H43S	*	*	*
H43P	*	*	*
H43F	*	*	*
H43M	*	*	*
H43L	*	*	*
H43I	*	*	*
H43G	*	*	*
H43E	*	*	*
H43Q	*	*	*
H43C	*	*	*
H43D	*	*	*
H43N	*	*	*
H43R	*	*	*
H43A	*	*	*
H43K	*	*	*
P44C	*	*	*
P44Q	*	*	*
P44N	*	*	*
P44A	*	*	*
P44Y	*	*	*
P44W	*	*	*
P44T	*	*	*
P44S	*	*	*
P44F	*	*	*
P44M	*	*	*
P44K	*	*	*
P44L	*	*	*
P44I	*	*	*
P44H	*	*	*
P44G	*	*	*
P44E	*	*	*
P44D	*	*	*
P44R	*	*	*
P44V	*	*	*
S45E	*	*	*
S45A	*	*	*
S45N	*	*	*
S45D	*	*	*
S45T	*	*	*
S45P	*	*	*
S45F	*	*	*
S45M	*	*	*
S45K	*	*	*
S45C	*	*	*
S45W	*	*	*
S45H	*	*	*
S45G	*	*	*
S45Q	*	*	*
S45I	*	*	*
S45L	*	*	*
S45V	*	*	*
S45Y	*	*	*
S46R	*	*	*
S46V	*	*	*
S46A	*	*	*
S46T	*	*	*
S46F	*	*	*
S46M	*	*	*
S46K	*	*	*
S46Y	*	*	*
S46I	*	*	*
S46L	*	*	*
S46N	*	*	*
S46D	*	*	*
S46C	*	*	*
S46W	*	*	*
S46E	*	*	*
S46G	*	*	*
S46H	*	*	*
S46Q	*	*	*
T47S	*	*	*
T47P	*	*	*
T47F	*	*	*
T47K	*	*	*
T47R	*	*	*
T47N	*	*	*
T47Q	*	*	*
T47C	*	*	*
T47A	*	*	*
T47E	*	*	*
T47H	*	*	*
T47I	*	*	*
T47L	*	*	*
T47D	*	*	*
T47G	*	*	*
T47M	*	*	*
T47V	*	*	*
T47Y	*	*	*
T47W	*	*	*
T48A	*	*	*
T48W	*	*	*
T48S	*	*	*
T48P	*	*	*
T48F	*	*	*
T48M	*	*	*
T48Y	*	*	*
T48K	*	*	*
T48H	*	*	*
T48G	*	*	*
T48E	*	*	*
T48Q	*	*	*
T48C	*	*	*
T48D	*	*	*
T48N	*	*	*
T48R	*	*	*
T48L	*	*	*
T48V	*	*	*
P49Q	*	*	*
P49V	*	*	*
P49G	*	*	*
P49D	*	*	*
P49N	*	*	*
P49R	*	*	*
P49A	*	*	*
P49H	*	*	*
P49I	*	*	*
P49E	*	*	*
P49L	*	*	*
P49M	*	*	*
P49F	*	*	*
P49S	*	*	*
P49T	*	*	*
P49W	*	*	*
P49Y	*	*	*
P49K	*	*	*
P49C	*	*	*
N50C	*	*	*
N50R	*	*	*
N50A	*	*	*
N50Y	*	*	*
N50W	*	*	*
N50T	*	*	*
N50S	*	*	*
N50P	*	*	*
N50F	*	*	*
N50M	*	*	*
N50V	*	*	*
N50L	*	*	*
N50I	*	*	*
N50H	*	*	*
N50G	*	*	*
N50E	*	*	*
N50Q	*	*	*
N50D	*	*	*
N50K	*	*	*
L51N	*	*	*
L51D	*	*	*
L51C	*	*	*
L51Q	*	*	*
L51E	*	*	*
L51G	*	*	*
L51I	*	*	*
L51K	*	*	*
L51P	*	*	*
L51F	*	*	*
L51S	*	*	*
L51T	*	*	*
L51W	*	*	*
L51Y	*	*	*
L51R	*	*	*
L51V	*	*	*
L51M	*	*	*
L51A	*	*	*
L51H	*	*	*
D52S	*	*	*
D52P	*	*	*
D52R	*	*	*
D52N	*	*	*
D52C	*	*	*
D52Q	*	*	*
D52E	*	*	*
D52G	*	*	*
D52H	*	*	*
D52A	*	*	*
D52I	*	*	*
D52K	*	*	*
D52M	*	*	*
D52F	*	*	*
D52V	*	*	*
D52Y	*	*	*
D52W	*	*	*
D52T	*	*	*
D52L	*	*	*
Q53V	*	*	*
Q53Y	*	*	*
Q53N	*	*	*
Q53R	*	*	*
Q53A	*	*	*
Q53E	*	*	*
Q53G	*	*	*
Q53H	*	*	*
Q53I	*	*	*
Q53C	*	*	*
Q53L	*	*	*
Q53M	*	*	*
Q53F	*	*	*
Q53S	*	*	*
Q53T	*	*	*
Q53W	*	*	*
Q53K	*	*	*
Q53D	*	*	*
L54D	*	*	*
L54A	*	*	*
L54S	*	*	*
L54F	*	*	*
L54M	*	*	*
L54K	*	*	*
L54I	*	*	*
L54H	*	*	*
L54R	*	*	*
L54E	*	*	*
L54Q	*	*	*
L54C	*	*	*
L54N	*	*	*
L54G	*	*	*
L54T	*	*	*
L54W	*	*	*
L54Y	*	*	*
A55V	*	*	*
A55Y	*	*	*
A55T	*	*	*
A55S	*	*	*
A55P	*	*	*
A55F	*	*	*
A55M	*	*	*
A55W	*	*	*
A55L	*	*	*
A55N	*	*	*
A55K	*	*	*
A55D	*	*	*
A55C	*	*	*
A55R	*	*	*
A55E	*	*	*
A55G	*	*	*
A55I	*	*	*
A55H	*	*	*
A55Q	*	*	*
A56M	*	*	*
A56K	*	*	*
A56L	*	*	*
A56I	*	*	*
A56G	*	*	*
A56E	*	*	*
A56Q	*	*	*
A56D	*	*	*
A56N	*	*	*
A56R	*	*	*
A56H	*	*	*
A56C	*	*	*
A56Y	*	*	*
A56W	*	*	*
A56T	*	*	*
A56S	*	*	*
A56P	*	*	*
A56F	*	*	*
A56V	*	*	*
G57M	*	*	*
G57K	*	*	*
G57A	*	*	*
G57R	*	*	*
G57N	*	*	*
G57D	*	*	*
G57S	*	*	*
G57Q	*	*	*
G57F	*	*	*
G57P	*	*	*
G57L	*	*	*
G57T	*	*	*
G57W	*	*	*
G57C	*	*	*
G57Y	*	*	*
G57E	*	*	*
G57H	*	*	*
G57I	*	*	*
G57V	*	*	*
G58H	*	*	*
G58N	*	*	*
G58D	*	*	*
G58C	*	*	*
G58V	*	*	*
G58Y	*	*	*
G58W	*	*	*
G58T	*	*	*
G58S	*	*	*
G58P	*	*	*
G58M	*	*	*
G58K	*	*	*
G58L	*	*	*
G58I	*	*	*
G58E	*	*	*
G58Q	*	*	*
G58F	*	*	*
G58A	*	*	*
G58R	*	*	*
L59Y	*	*	*
L59W	*	*	*
L59T	*	*	*
L59S	*	*	*
L59P	*	*	*
L59F	*	*	*
L59M	*	*	*
L59K	*	*	*
L59V	*	*	*
L59H	*	*	*
L59G	*	*	*
L59E	*	*	*
L59Q	*	*	*
L59C	*	*	*
L59D	*	*	*
L59N	*	*	*
L59R	*	*	*
L59A	*	*	*
L59I	*	*	*
R60N	*	*	*
R60A	*	*	*
R60T	*	*	*
R60Y	*	*	*
R60D	*	*	*
R60V	*	*	*
R60C	*	*	*
R60I	*	*	*
R60E	*	*	*
R60G	*	*	*
R60H	*	*	*
R60L	*	*	*
R60K	*	*	*
R60M	*	*	*
R60F	*	*	*
R60Q	*	*	*
R60S	*	*	*
R60P	*	*	*
F61K	*	*	*
F61M	*	*	*
F61P	*	*	*
F61S	*	*	*
F61T	*	*	*
F61Y	*	*	*
F61A	*	*	*
F61W	*	*	*
F61N	*	*	*
F61R	*	*	*
F61H	*	*	*
F61G	*	*	*
F61E	*	*	*
F61I	*	*	*
F61C	*	*	*
F61D	*	*	*
F61Q	*	*	*
F61V	*	*	*
T62M	*	*	*
T62V	*	*	*
T62Y	*	*	*
T62W	*	*	*
T62S	*	*	*
T62P	*	*	*
T62F	*	*	*
T62K	*	*	*
T62I	*	*	*
T62H	*	*	*
T62G	*	*	*
T62E	*	*	*
T62Q	*	*	*
T62C	*	*	*
T62D	*	*	*
T62N	*	*	*
T62R	*	*	*
T62A	*	*	*
T62L	*	*	*
D63G	*	*	*
D63E	*	*	*
D63A	*	*	*
D63C	*	*	*
D63N	*	*	*
D63R	*	*	*
D63Q	*	*	*
D63W	*	*	*
D63F	*	*	*
D63S	*	*	*
D63P	*	*	*
D63M	*	*	*
D63K	*	*	*
D63L	*	*	*
D63I	*	*	*
D63H	*	*	*
D63T	*	*	*
D63V	*	*	*
D63Y	*	*	*
F64Q	*	*	*
F64K	*	*	*
F64A	*	*	*
F64L	*	*	*
F64I	*	*	*
F64S	*	*	*
F64T	*	*	*
F64W	*	*	*
F64Y	*	*	*
F64V	*	*	*
F64H	*	*	*
F64G	*	*	*
F64E	*	*	*
F64C	*	*	*
F64D	*	*	*
F64N	*	*	*
F64R	*	*	*
F64M	*	*	*
F64P	*	*	*
Y65T	*	*	*
Y65W	*	*	*
Y65F	*	*	*
Y65S	*	*	*
Y65P	*	*	*
Y65M	*	*	*
Y65K	*	*	*
Y65L	*	*	*
Y65I	*	*	*
Y65H	*	*	*
Y65G	*	*	*
Y65E	*	*	*
Y65Q	*	*	*
Y65A	*	*	*
Y65R	*	*	*
Y65N	*	*	*
Y65V	*	*	*
Y65C	*	*	*
Y65D	*	*	*
V66F	*	*	*
V66P	*	*	*
V66S	*	*	*
V66R	*	*	*
V66N	*	*	*
V66D	*	*	*
V66M	*	*	*
V66Q	*	*	*
V66C	*	*	*
V66G	*	*	*
V66H	*	*	*
V66I	*	*	*
V66L	*	*	*
V66T	*	*	*
V66W	*	*	*
V66Y	*	*	*
V66K	*	*	*
V66E	*	*	*
P67V	*	*	*
P67Y	*	*	*
P67W	*	*	*
P67I	*	*	*
P67T	*	*	*
P67M	*	*	*
P67H	*	*	*
P67G	*	*	*
P67E	*	*	*
P67L	*	*	*
P67Q	*	*	*
P67S	*	*	*
P67F	*	*	*
P67C	*	*	*
P67D	*	*	*
P67N	*	*	*
P67R	*	*	*
P67A	*	*	*
P67K	*	*	*
V68Y	*	*	*
V68T	*	*	*
V68W	*	*	*
V68E	*	*	*
V68G	*	*	*
V68H	*	*	*
V68I	*	*	*
V68L	*	*	*
V68K	*	*	*
V68M	*	*	*
V68P	*	*	*
V68S	*	*	*
V68Q	*	*	*
V68F	*	*	*
V68D	*	*	*
V68C	*	*	*
V68A	*	*	*
V68R	*	*	*
V68N	*	*	*
S69R	*	*	*
S69A	*	*	*
S69V	*	*	*
S69Y	*	*	*
S69W	*	*	*
S69P	*	*	*
S69F	*	*	*
S69T	*	*	*
S69K	*	*	*
S69M	*	*	*
S69N	*	*	*
S69C	*	*	*
S69Q	*	*	*
S69D	*	*	*
S69G	*	*	*
S69H	*	*	*
S69I	*	*	*
S69L	*	*	*
S69E	*	*	*
L70K	*	*	*
L70T	*	*	*
L70S	*	*	*
L70F	*	*	*
L70M	*	*	*
L70W	*	*	*
L70G	*	*	*
L70H	*	*	*
L70V	*	*	*
L70E	*	*	*
L70Q	*	*	*
L70C	*	*	*
L70D	*	*	*
L70N	*	*	*
L70R	*	*	*
L70A	*	*	*
L70I	*	*	*
L70Y	*	*	*
C71Y	*	*	*
C71T	*	*	*
C71A	*	*	*
C71R	*	*	*
C71N	*	*	*
C71D	*	*	*
C71Q	*	*	*
C71E	*	*	*
C71G	*	*	*
C71W	*	*	*
C71H	*	*	*
C71L	*	*	*
C71M	*	*	*
C71F	*	*	*
C71P	*	*	*
C71S	*	*	*
C71V	*	*	*
C71I	*	*	*
C71K	*	*	*
T72M	*	*	*
T72Y	*	*	*
T72V	*	*	*
T72A	*	*	*
T72R	*	*	*
T72N	*	*	*
T72D	*	*	*
T72Q	*	*	*
T72E	*	*	*
T72G	*	*	*
T72C	*	*	*
T72I	*	*	*
T72H	*	*	*
T72S	*	*	*
T72P	*	*	*
T72W	*	*	*
T72K	*	*	*
T72L	*	*	*
T72F	*	*	*
P73H	*	*	*
P73A	*	*	*
P73R	*	*	*
P73D	*	*	*
P73C	*	*	*
P73Q	*	*	*
P73E	*	*	*
P73G	*	*	*
P73I	*	*	*
P73N	*	*	*
P73K	*	*	*
P73M	*	*	*
P73F	*	*	*
P73S	*	*	*
P73T	*	*	*
P73V	*	*	*
P73W	*	*	*
P73Y	*	*	*
S74M	*	*	*
S74F	*	*	*
S74P	*	*	*
S74V	*	*	*
S74T	*	*	*
S74W	*	*	*
S74Y	*	*	*
S74L	*	*	*
S74K	*	*	*
S74H	*	*	*
S74G	*	*	*
S74E	*	*	*
S74Q	*	*	*
S74C	*	*	*
S74D	*	*	*
S74N	*	*	*
S74R	*	*	*
S74A	*	*	*
S74I	*	*	*
R75L	*	*	*
R75K	*	*	*
R75M	*	*	*
R75F	*	*	*
R75P	*	*	*
R75Y	*	*	*
R75T	*	*	*
R75W	*	*	*
R75V	*	*	*
R75S	*	*	*
R75I	*	*	*
R75E	*	*	*
R75G	*	*	*
R75Q	*	*	*
R75C	*	*	*
R75D	*	*	*
R75N	*	*	*
R75A	*	*	*
R75H	*	*	*
A76D	*	*	*
A76C	*	*	*
A76Q	*	*	*
A76E	*	*	*
A76H	*	*	*
A76L	*	*	*
A76K	*	*	*
A76P	*	*	*
A76F	*	*	*
A76N	*	*	*
A76S	*	*	*
A76T	*	*	*
A76W	*	*	*
A76Y	*	*	*
A76V	*	*	*
A76M	*	*	*
A76R	*	*	*
A76I	*	*	*
A76G	*	*	*
A77Q	*	*	*
A77E	*	*	*
A77G	*	*	*
A77H	*	*	*
A77I	*	*	*
A77L	*	*	*
A77K	*	*	*
A77C	*	*	*
A77M	*	*	*
A77S	*	*	*
A77T	*	*	*
A77W	*	*	*
A77Y	*	*	*
A77V	*	*	*
A77F	*	*	*
A77D	*	*	*
A77N	*	*	*
A77R	*	*	*
L78Y	*	*	*
L78W	*	*	*
L78T	*	*	*
L78S	*	*	*
L78P	*	*	*
L78F	*	*	*
L78M	*	*	*
L78K	*	*	*
L78I	*	*	*
L78H	*	*	*
L78G	*	*	*
L78N	*	*	*
L78D	*	*	*
L78C	*	*	*
L78Q	*	*	*
L78E	*	*	*
L78R	*	*	*
L78V	*	*	*
L79Q	*	*	*
L79A	*	*	*
L79N	*	*	*
L79D	*	*	*
L79C	*	*	*
L79E	*	*	*
L79G	*	*	*
L79H	*	*	*
L79I	*	*	*
L79R	*	*	*
L79K	*	*	*
L79F	*	*	*
L79P	*	*	*
L79S	*	*	*
L79T	*	*	*
L79W	*	*	*
L79Y	*	*	*
L79M	*	*	*
L79V	*	*	*
T80N	*	*	*
T80R	*	*	*
T80W	*	*	*
T80S	*	*	*
T80P	*	*	*
T80F	*	*	*
T80M	*	*	*
T80K	*	*	*
T80L	*	*	*
T80I	*	*	*
T80H	*	*	*
T80G	*	*	*
T80E	*	*	*
T80Q	*	*	*
T80C	*	*	*
T80D	*	*	*
T80A	*	*	*
T80Y	*	*	*
T80V	*	*	*
G81A	*	*	*
G81Y	*	*	*
G81W	*	*	*
G81T	*	*	*
G81P	*	*	*
G81F	*	*	*
G81M	*	*	*
G81K	*	*	*
G81V	*	*	*
G81I	*	*	*
G81H	*	*	*
G81E	*	*	*
G81Q	*	*	*
G81C	*	*	*
G81D	*	*	*
G81N	*	*	*
G81L	*	*	*
R82C	*	*	*
R82Q	*	*	*
R82E	*	*	*
R82H	*	*	*
R82I	*	*	*
R82L	*	*	*
R82K	*	*	*
R82S	*	*	*
R82F	*	*	*
R82D	*	*	*
R82T	*	*	*
R82Y	*	*	*
R82V	*	*	*
R82M	*	*	*
R82A	*	*	*
R82G	*	*	*
R82N	*	*	*
L83N	*	*	*
L83R	*	*	*
L83V	*	*	*
L83Y	*	*	*
L83W	*	*	*
L83T	*	*	*
L83S	*	*	*
L83A	*	*	*
L83M	*	*	*
L83F	*	*	*
L83C	*	*	*
L83Q	*	*	*
L83E	*	*	*
L83D	*	*	*
L83H	*	*	*
L83I	*	*	*
L83K	*	*	*
L83G	*	*	*
P84H	*	*	*
P84N	*	*	*
P84D	*	*	*
P84C	*	*	*
P84E	*	*	*
P84G	*	*	*
P84I	*	*	*
P84S	*	*	*
P84K	*	*	*
P84M	*	*	*
P84F	*	*	*
P84T	*	*	*
P84W	*	*	*
P84Y	*	*	*
P84R	*	*	*
P84V	*	*	*
P84A	*	*	*
V85D	*	*	*
V85N	*	*	*
V85C	*	*	*
V85Q	*	*	*
V85E	*	*	*
V85G	*	*	*
V85H	*	*	*
V85I	*	*	*
V85L	*	*	*
V85R	*	*	*
V85K	*	*	*
V85F	*	*	*
V85P	*	*	*
V85S	*	*	*
V85T	*	*	*
V85W	*	*	*
V85Y	*	*	*
V85M	*	*	*
V85A	*	*	*
R86T	*	*	*
R86M	*	*	*
R86Y	*	*	*
R86V	*	*	*
R86S	*	*	*
R86P	*	*	*
R86F	*	*	*
R86K	*	*	*
R86I	*	*	*
R86G	*	*	*
R86E	*	*	*
R86C	*	*	*
R86D	*	*	*
R86N	*	*	*
R86A	*	*	*
R86H	*	*	*
M87Q	*	*	*
M87E	*	*	*
M87G	*	*	*
M87C	*	*	*
M87A	*	*	*
M87N	*	*	*
M87R	*	*	*
M87H	*	*	*
M87D	*	*	*
M87I	*	*	*
M87Y	*	*	*
M87K	*	*	*
M87F	*	*	*
M87P	*	*	*
M87S	*	*	*
M87T	*	*	*
M87W	*	*	*
M87L	*	*	*
M87V	*	*	*
G88R	*	*	*
G88V	*	*	*
M89R	*	*	*
M89V	*	*	*
M89Y	*	*	*
M89W	*	*	*
M89T	*	*	*
M89S	*	*	*
M89P	*	*	*
M89F	*	*	*
M89K	*	*	*
M89L	*	*	*
M89I	*	*	*
M89H	*	*	*
M89G	*	*	*
M89Q	*	*	*
M89C	*	*	*
M89D	*	*	*
M89N	*	*	*
M89A	*	*	*
M89E	*	*	*
Y90N	*	*	*
Y90R	*	*	*
Y90V	*	*	*
Y90D	*	*	*
Y90Q	*	*	*
Y90E	*	*	*
Y90G	*	*	*
Y90H	*	*	*
Y90I	*	*	*
Y90L	*	*	*
Y90M	*	*	*
Y90F	*	*	*
Y90P	*	*	*
Y90S	*	*	*
Y90T	*	*	*
Y90A	*	*	*
Y90K	*	*	*
Y90W	*	*	*
P91A	*	*	*
P91V	*	*	*
P91W	*	*	*
P91D	*	*	*
P91C	*	*	*
P91Q	*	*	*
P91E	*	*	*
P91G	*	*	*
P91H	*	*	*
P91Y	*	*	*
P91I	*	*	*
P91K	*	*	*
P91M	*	*	*
P91F	*	*	*
P91S	*	*	*
P91T	*	*	*
P91L	*	*	*
P91N	*	*	*
P91R	*	*	*
G92Y	*	*	*
G92A	*	*	*
G92R	*	*	*
G92V	*	*	*
G92N	*	*	*
G92Q	*	*	*
G92E	*	*	*
G92H	*	*	*
G92I	*	*	*
G92C	*	*	*
G92K	*	*	*
G92W	*	*	*
G92T	*	*	*
G92L	*	*	*
G92S	*	*	*
G92F	*	*	*
G92M	*	*	*
G92P	*	*	*
V93A	*	*	*
V93R	*	*	*
V93G	*	*	*
V93N	*	*	*
V93D	*	*	*
V93C	*	*	*
V93Q	*	*	*
V93E	*	*	*
V93H	*	*	*
V93W	*	*	*
V93L	*	*	*
V93K	*	*	*
V93M	*	*	*
V93F	*	*	*
V93P	*	*	*
V93S	*	*	*
V93Y	*	*	*
V93I	*	*	*
V93T	*	*	*
L94R	*	*	*
L94W	*	*	*
L94A	*	*	*
L94N	*	*	*
L94D	*	*	*
L94C	*	*	*
L94Q	*	*	*
L94G	*	*	*
L94H	*	*	*
L94I	*	*	*
L94E	*	*	*
L94M	*	*	*
L94K	*	*	*
L94Y	*	*	*
L94T	*	*	*
L94P	*	*	*
L94F	*	*	*
L94S	*	*	*
V95K	*	*	*
V95T	*	*	*
V95S	*	*	*
V95P	*	*	*
V95F	*	*	*
V95L	*	*	*
V95W	*	*	*
V95H	*	*	*
V95G	*	*	*
V95E	*	*	*
V95Q	*	*	*
V95C	*	*	*
V95D	*	*	*
V95N	*	*	*
V95R	*	*	*
V95I	*	*	*
V95A	*	*	*
V95Y	*	*	*
P96N	*	*	*
P96D	*	*	*
P96C	*	*	*
P96Q	*	*	*
P96E	*	*	*
P96G	*	*	*
P96H	*	*	*
P96R	*	*	*
P96I	*	*	*
P96K	*	*	*
P96M	*	*	*
P96F	*	*	*
P96S	*	*	*
P96T	*	*	*
P96W	*	*	*
P96L	*	*	*
P96Y	*	*	*
P96V	*	*	*
S97V	*	*	*
S97Y	*	*	*
S97W	*	*	*
S97T	*	*	*
S97P	*	*	*
S97F	*	*	*
S97R	*	*	*
S97K	*	*	*
S97I	*	*	*
S97H	*	*	*
S97G	*	*	*
S97E	*	*	*
S97Q	*	*	*
S97C	*	*	*
S97D	*	*	*
S97L	*	*	*
S97M	*	*	*
S97A	*	*	*
S98A	*	*	*
S98N	*	*	*
S98D	*	*	*
S98C	*	*	*
S98Q	*	*	*
S98E	*	*	*
S98G	*	*	*
S98H	*	*	*
S98R	*	*	*
S98I	*	*	*
S98K	*	*	*
S98M	*	*	*
S98P	*	*	*
S98T	*	*	*
S98W	*	*	*
S98Y	*	*	*
S98V	*	*	*
R99T	*	*	*
R99N	*	*	*
R99D	*	*	*
R99C	*	*	*
R99E	*	*	*
R99G	*	*	*
R99H	*	*	*
R99V	*	*	*
R99I	*	*	*
R99K	*	*	*
R99Y	*	*	*
R99M	*	*	*
R99F	*	*	*
R99S	*	*	*
R99L	*	*	*
R99A	*	*	*
R99W	*	*	*
G100H	*	*	*
G100Y	*	*	*
G100W	*	*	*
G100T	*	*	*
G100S	*	*	*
G100P	*	*	*
G100F	*	*	*
G100V	*	*	*
G100M	*	*	*
G100L	*	*	*
G100I	*	*	*
G100E	*	*	*
G100Q	*	*	*
G100C	*	*	*
G100D	*	*	*
G100N	*	*	*
G100K	*	*	*
G100R	*	*	*
G100A	*	*	*
G101D	*	*	*
G101N	*	*	*
G101R	*	*	*
G101A	*	*	*
G101C	*	*	*
G101Q	*	*	*
G101H	*	*	*
G101I	*	*	*
G101L	*	*	*
G101E	*	*	*
G101M	*	*	*
G101F	*	*	*
G101P	*	*	*
G101S	*	*	*
G101T	*	*	*
G101W	*	*	*
G101Y	*	*	*
G101K	*	*	*
L102Q	*	*	*
L102A	*	*	*
L102R	*	*	*
L102N	*	*	*
L102D	*	*	*
L102C	*	*	*
L102G	*	*	*
L102E	*	*	*
L102I	*	*	*
L102H	*	*	*
L102V	*	*	*
L102Y	*	*	*
L102W	*	*	*
L102T	*	*	*
L102P	*	*	*
L102F	*	*	*
L102M	*	*	*
L102K	*	*	*
L102S	*	*	*
P103A	*	*	*
P103N	*	*	*
P103D	*	*	*
P103C	*	*	*
P103Q	*	*	*
P103E	*	*	*
P103G	*	*	*
P103H	*	*	*
P103K	*	*	*
P103L	*	*	*
P103M	*	*	*
P103F	*	*	*
P103V	*	*	*
P103T	*	*	*
P103W	*	*	*
P103Y	*	*	*
P103I	*	*	*
P103S	*	*	*
P103R	*	*	*
L104D	*	*	*
L104V	*	*	*
L104N	*	*	*
L104R	*	*	*
L104A	*	*	*
L104C	*	*	*
L104Q	*	*	*
L104G	*	*	*
L104H	*	*	*
L104I	*	*	*
L104E	*	*	*
L104M	*	*	*
L104F	*	*	*
L104P	*	*	*
L104W	*	*	*
L104T	*	*	*
L104S	*	*	*
L104K	*	*	*
L104Y	*	*	*
E105Q	*	*	*
E105C	*	*	*
E105D	*	*	*
E105A	*	*	*
E105R	*	*	*
E105G	*	*	*
E105N	*	*	*
E105H	*	*	*
E105L	*	*	*
E105K	*	*	*
E105M	*	*	*
E105F	*	*	*
E105P	*	*	*
E105S	*	*	*
E105T	*	*	*
E105W	*	*	*
E105Y	*	*	*
E105V	*	*	*
E105I	*	*	*
E106T	*	*	*
E106V	*	*	*
E106W	*	*	*
E106N	*	*	*
E106R	*	*	*
E106A	*	*	*
E106Q	*	*	*
E106G	*	*	*
E106H	*	*	*
E106I	*	*	*
E106L	*	*	*
E106K	*	*	*
E106M	*	*	*
E106F	*	*	*
E106P	*	*	*
E106S	*	*	*
E106Y	*	*	*
E106C	*	*	*
E106D	*	*	*
V107W	*	*	*
V107T	*	*	*
V107S	*	*	*
V107F	*	*	*
V107M	*	*	*
V107K	*	*	*
V107L	*	*	*
V107I	*	*	*
V107G	*	*	*
V107E	*	*	*
V107C	*	*	*
V107D	*	*	*
V107N	*	*	*
V107Y	*	*	*
V107A	*	*	*
V107R	*	*	*
T108W	*	*	*
T108G	*	*	*
T108H	*	*	*
T108I	*	*	*
T108K	*	*	*
T108M	*	*	*
T108F	*	*	*
T108A	*	*	*
T108P	*	*	*
T108L	*	*	*
T108R	*	*	*
T108N	*	*	*
T108D	*	*	*
T108C	*	*	*
T108Q	*	*	*
T108V	*	*	*
T108Y	*	*	*
T108E	*	*	*
T108S	*	*	*
V109L	*	*	*
V109I	*	*	*
V109H	*	*	*
V109G	*	*	*
V109E	*	*	*
V109N	*	*	*
V109C	*	*	*
V109D	*	*	*
V109R	*	*	*
V109A	*	*	*
V109K	*	*	*
V109Q	*	*	*
V109S	*	*	*
V109P	*	*	*
V109T	*	*	*
V109W	*	*	*
V109Y	*	*	*
V109F	*	*	*
A110R	*	*	*
A110W	*	*	*
A110N	*	*	*
A110D	*	*	*
A110C	*	*	*
A110Q	*	*	*
A110V	*	*	*
A110G	*	*	*
A110H	*	*	*
A110I	*	*	*
A110Y	*	*	*
A110K	*	*	*
A110M	*	*	*
A110F	*	*	*
A110P	*	*	*
A110S	*	*	*
A110L	*	*	*
A110E	*	*	*
E111V	*	*	*
E111Y	*	*	*
E111W	*	*	*
E111T	*	*	*
E111G	*	*	*
E111A	*	*	*
E111R	*	*	*
E111N	*	*	*
E111D	*	*	*
E111C	*	*	*
E111Q	*	*	*
E111S	*	*	*
E111H	*	*	*
E111I	*	*	*
E111L	*	*	*
E111K	*	*	*
E111M	*	*	*
E111F	*	*	*
E111P	*	*	*
V112R	*	*	*
V112A	*	*	*
V112P	*	*	*
V112W	*	*	*
V112N	*	*	*
V112D	*	*	*
V112C	*	*	*
V112Q	*	*	*
V112E	*	*	*
V112G	*	*	*
V112H	*	*	*
V112I	*	*	*
V112L	*	*	*
V112K	*	*	*
V112M	*	*	*
V112F	*	*	*
V112S	*	*	*
V112T	*	*	*
V112Y	*	*	*
L113R	*	*	*
L113A	*	*	*
L113T	*	*	*
L113V	*	*	*
L113Y	*	*	*
L113W	*	*	*
L113S	*	*	*
L113M	*	*	*
L113K	*	*	*
L113F	*	*	*
L113H	*	*	*
L113G	*	*	*
L113E	*	*	*
L113Q	*	*	*
L113C	*	*	*
L113D	*	*	*
L113N	*	*	*
L113I	*	*	*
A114L	*	*	*
A114F	*	*	*
A114M	*	*	*
A114K	*	*	*
A114I	*	*	*
A114G	*	*	*
A114E	*	*	*
A114Q	*	*	*
A114C	*	*	*
A114D	*	*	*
A114P	*	*	*
A114H	*	*	*
A114S	*	*	*
A114W	*	*	*
A114R	*	*	*
A114T	*	*	*
A114N	*	*	*
A114Y	*	*	*
A114V	*	*	*
A115D	*	*	*
A115C	*	*	*
A115Q	*	*	*
A115N	*	*	*
A115S	*	*	*
A115P	*	*	*
A115H	*	*	*
A115M	*	*	*
A115L	*	*	*
A115I	*	*	*
A115R	*	*	*
A115E	*	*	*
A115G	*	*	*
A115F	*	*	*
A115K	*	*	*
A115T	*	*	*
A115V	*	*	*
A115W	*	*	*
A115Y	*	*	*
R116S	*	*	*
R116W	*	*	*
R116T	*	*	*
R116Y	*	*	*
R116A	*	*	*
R116N	*	*	*
R116D	*	*	*
R116C	*	*	*
R116Q	*	*	*
R116E	*	*	*
R116V	*	*	*
R116M	*	*	*
R116H	*	*	*
R116I	*	*	*
R116L	*	*	*
R116P	*	*	*
R116K	*	*	*
R116F	*	*	*
G117A	*	*	*
G117R	*	*	*
G117C	*	*	*
G117Q	*	*	*
G117E	*	*	*
G117H	*	*	*
G117L	*	*	*
G117K	*	*	*
G117M	*	*	*
G117F	*	*	*
G117P	*	*	*
G117S	*	*	*
G117T	*	*	*
G117W	*	*	*
G117Y	*	*	*
G117I	*	*	*
G117N	*	*	*
Y118F	*	*	*
Y118M	*	*	*
Y118T	*	*	*
Y118P	*	*	*
Y118S	*	*	*
Y118K	*	*	*
Y118L	*	*	*
Y118I	*	*	*
Y118H	*	*	*
Y118G	*	*	*
Y118E	*	*	*
Y118Q	*	*	*
Y118C	*	*	*
Y118D	*	*	*
Y118N	*	*	*
Y118R	*	*	*
Y118A	*	*	*
Y118W	*	*	*
Y118V	*	*	*
L119G	*	*	*
L119Y	*	*	*
L119A	*	*	*
L119N	*	*	*
L119D	*	*	*
L119C	*	*	*
L119Q	*	*	*
L119E	*	*	*
L119H	*	*	*
L119V	*	*	*
L119I	*	*	*
L119M	*	*	*
L119F	*	*	*
L119P	*	*	*
L119S	*	*	*
L119T	*	*	*
L119W	*	*	*
L119K	*	*	*
L119R	*	*	*
T120M	*	*	*
T120D	*	*	*
T120Y	*	*	*
T120W	*	*	*
T120S	*	*	*
T120P	*	*	*
T120A	*	*	*
T120R	*	*	*
T120N	*	*	*
T120F	*	*	*
T120C	*	*	*
T120Q	*	*	*
T120E	*	*	*
T120G	*	*	*
T120H	*	*	*
T120I	*	*	*
T120L	*	*	*
T120K	*	*	*
T120V	*	*	*
G121A	*	*	*
G121Y	*	*	*
G121N	*	*	*
G121D	*	*	*
G121C	*	*	*
G121Q	*	*	*
G121E	*	*	*
G121H	*	*	*
G121I	*	*	*
G121V	*	*	*
G121L	*	*	*
G121M	*	*	*
G121F	*	*	*
G121P	*	*	*
G121S	*	*	*
G121T	*	*	*
G121W	*	*	*
G121K	*	*	*
M122Q	*	*	*
M122E	*	*	*
M122A	*	*	*
M122G	*	*	*
M122H	*	*	*
M122I	*	*	*
M122L	*	*	*
M122F	*	*	*
M122P	*	*	*
M122S	*	*	*
M122K	*	*	*
M122W	*	*	*
M122T	*	*	*
M122D	*	*	*
M122N	*	*	*
M122V	*	*	*
M122Y	*	*	*
M122C	*	*	*
M122R	*	*	*
A123K	*	*	*
A123Y	*	*	*
A123V	*	*	*
A123R	*	*	*
A123W	*	*	*
A123T	*	*	*
A123S	*	*	*
A123P	*	*	*
A123F	*	*	*
A123M	*	*	*
A123N	*	*	*
A123H	*	*	*
A123C	*	*	*
A123Q	*	*	*
A123E	*	*	*
A123G	*	*	*
A123D	*	*	*
A123I	*	*	*
A123L	*	*	*
G124F	*	*	*
G124V	*	*	*
G124Y	*	*	*
G124W	*	*	*
G124T	*	*	*
G124A	*	*	*
G124R	*	*	*
G124N	*	*	*
G124D	*	*	*
G124Q	*	*	*
G124E	*	*	*
G124I	*	*	*
G124L	*	*	*
G124K	*	*	*
G124M	*	*	*
G124P	*	*	*
G124H	*	*	*
K125R	*	*	*
K125I	*	*	*
K125V	*	*	*
K125N	*	*	*
K125D	*	*	*
K125C	*	*	*
K125Q	*	*	*
K125E	*	*	*
K125H	*	*	*
K125A	*	*	*
K125G	*	*	*
K125M	*	*	*
K125F	*	*	*
K125P	*	*	*
K125S	*	*	*
K125T	*	*	*
K125W	*	*	*
K125Y	*	*	*
K125L	*	*	*
W126P	*	*	*
W126V	*	*	*
W126Y	*	*	*
W126T	*	*	*
W126S	*	*	*
W126F	*	*	*
W126L	*	*	*
W126R	*	*	*
W126N	*	*	*
W126D	*	*	*
W126C	*	*	*
W126Q	*	*	*
W126E	*	*	*
W126G	*	*	*
W126I	*	*	*
W126A	*	*	*
W126H	*	*	*
W126M	*	*	*
W126K	*	*	*
H127L	*	*	*
H127V	*	*	*
H127T	*	*	*
H127S	*	*	*
H127P	*	*	*
H127F	*	*	*
H127M	*	*	*
H127K	*	*	*
H127I	*	*	*
H127G	*	*	*
H127E	*	*	*
H127Q	*	*	*
H127C	*	*	*
H127D	*	*	*
H127N	*	*	*
H127R	*	*	*
H127A	*	*	*
H127Y	*	*	*
H127W	*	*	*
L128A	*	*	*
L128Y	*	*	*
L128V	*	*	*
L128N	*	*	*
L128C	*	*	*
L128Q	*	*	*
L128E	*	*	*
L128D	*	*	*
L128H	*	*	*
L128I	*	*	*
L128G	*	*	*
L128M	*	*	*
L128F	*	*	*
L128S	*	*	*
L128T	*	*	*
L128W	*	*	*
L128K	*	*	*
G129Q	*	*	*
G129E	*	*	*
G129H	*	*	*
G129I	*	*	*
G129L	*	*	*
G129K	*	*	*
G129Y	*	*	*
G129F	*	*	*
G129P	*	*	*
G129S	*	*	*
G129T	*	*	*
G129W	*	*	*
G129D	*	*	*
G129V	*	*	*
G129M	*	*	*
G129N	*	*	*
G129C	*	*	*
G129A	*	*	*
V130Y	*	*	*
V130A	*	*	*
V130W	*	*	*
V130T	*	*	*
V130S	*	*	*
V130P	*	*	*
V130F	*	*	*
V130M	*	*	*
V130H	*	*	*
V130L	*	*	*
V130R	*	*	*
V130K	*	*	*
V130D	*	*	*
V130C	*	*	*
V130N	*	*	*
V130I	*	*	*
V130E	*	*	*
V130G	*	*	*
V130Q	*	*	*
G131A	*	*	*
G131V	*	*	*
G131Y	*	*	*
G131W	*	*	*
G131T	*	*	*
G131S	*	*	*
G131P	*	*	*
G131M	*	*	*
G131K	*	*	*
G131L	*	*	*
G131H	*	*	*
G131E	*	*	*
G131Q	*	*	*
G131C	*	*	*
G131D	*	*	*
G131R	*	*	*
G131F	*	*	*
G131N	*	*	*
G131I	*	*	*
P132L	*	*	*
P132Y	*	*	*
P132W	*	*	*
P132T	*	*	*
P132S	*	*	*
P132F	*	*	*
P132M	*	*	*
P132K	*	*	*
P132I	*	*	*
P132V	*	*	*
P132G	*	*	*
P132E	*	*	*
P132Q	*	*	*
P132C	*	*	*
P132D	*	*	*
P132N	*	*	*
P132R	*	*	*
P132A	*	*	*
P132H	*	*	*
E133F	*	*	*
E133P	*	*	*
E133W	*	*	*
E133T	*	*	*
E133S	*	*	*
E133L	*	*	*
E133C	*	*	*
E133H	*	*	*
E133G	*	*	*
E133Q	*	*	*
E133D	*	*	*
E133N	*	*	*
E133R	*	*	*
E133A	*	*	*
E133Y	*	*	*
E133I	*	*	*
E133V	*	*	*
E133M	*	*	*
G134V	*	*	*
G134A	*	*	*
G134R	*	*	*
G134N	*	*	*
G134D	*	*	*
G134C	*	*	*
G134E	*	*	*
G134H	*	*	*
G134I	*	*	*
G134L	*	*	*
G134Q	*	*	*
G134K	*	*	*
G134W	*	*	*
G134T	*	*	*
G134S	*	*	*
G134Y	*	*	*
G134F	*	*	*
G134M	*	*	*
G134P	*	*	*
A135L	*	*	*
A135R	*	*	*
A135C	*	*	*
A135Q	*	*	*
A135E	*	*	*
A135G	*	*	*
A135H	*	*	*
A135I	*	*	*
A135N	*	*	*
A135K	*	*	*
A135F	*	*	*
A135P	*	*	*
A135S	*	*	*
A135T	*	*	*
A135W	*	*	*
A135Y	*	*	*
A135V	*	*	*
A135M	*	*	*
F136H	*	*	*
F136G	*	*	*
F136E	*	*	*
F136N	*	*	*
F136C	*	*	*
F136D	*	*	*
F136I	*	*	*
F136Q	*	*	*
F136L	*	*	*
F136S	*	*	*
F136M	*	*	*
F136P	*	*	*
F136T	*	*	*
F136W	*	*	*
F136Y	*	*	*
F136V	*	*	*
F136R	*	*	*
F136K	*	*	*
F136A	*	*	*
L137H	*	*	*
L137C	*	*	*
L137A	*	*	*
L137R	*	*	*
L137N	*	*	*
L137D	*	*	*
L137Q	*	*	*
L137E	*	*	*
L137K	*	*	*
L137M	*	*	*
L137I	*	*	*
L137P	*	*	*
L137S	*	*	*
L137T	*	*	*
L137W	*	*	*
L137Y	*	*	*
L137V	*	*	*
L137F	*	*	*
P138F	*	*	*
P138K	*	*	*
P138M	*	*	*
P138H	*	*	*
P138W	*	*	*
P138A	*	*	*
P138I	*	*	*
P138V	*	*	*
P138Y	*	*	*
P138E	*	*	*
P138Q	*	*	*
P138C	*	*	*
P138D	*	*	*
P138N	*	*	*
P138R	*	*	*
P138G	*	*	*
P139V	*	*	*
P139Y	*	*	*
P139W	*	*	*
P139S	*	*	*
P139F	*	*	*
P139M	*	*	*
P139I	*	*	*
P139H	*	*	*
P139G	*	*	*
P139E	*	*	*
P139Q	*	*	*
P139C	*	*	*
P139D	*	*	*
P139N	*	*	*
P139R	*	*	*
P139A	*	*	*
P139K	*	*	*
H140G	*	*	*
H140E	*	*	*
H140L	*	*	*
H140I	*	*	*
H140V	*	*	*
H140K	*	*	*
H140M	*	*	*
H140F	*	*	*
H140P	*	*	*
H140S	*	*	*
H140W	*	*	*
H140T	*	*	*
H140A	*	*	*
H140R	*	*	*
H140N	*	*	*
H140C	*	*	*
H140Q	*	*	*
Q141S	*	*	*
Q141F	*	*	*
Q141P	*	*	*
Q141M	*	*	*
Q141L	*	*	*
Q141W	*	*	*
Q141Y	*	*	*
Q141V	*	*	*
Q141A	*	*	*
Q141R	*	*	*
Q141N	*	*	*
Q141D	*	*	*
Q141C	*	*	*
Q141G	*	*	*
Q141H	*	*	*
Q141I	*	*	*
Q141T	*	*	*
Q141E	*	*	*
G142A	*	*	*
G142N	*	*	*
G142V	*	*	*
G142T	*	*	*
G142S	*	*	*
G142P	*	*	*
G142F	*	*	*
G142M	*	*	*
G142K	*	*	*
G142L	*	*	*
G142I	*	*	*
G142H	*	*	*
G142E	*	*	*
G142Q	*	*	*
G142C	*	*	*
G142D	*	*	*
G142R	*	*	*
G142Y	*	*	*
G142W	*	*	*
F143V	*	*	*
F143Y	*	*	*
F143W	*	*	*
F143T	*	*	*
F143S	*	*	*
F143P	*	*	*
F143M	*	*	*
F143K	*	*	*
F143A	*	*	*
F143I	*	*	*
F143H	*	*	*
F143G	*	*	*
F143E	*	*	*
F143Q	*	*	*
F143C	*	*	*
F143D	*	*	*
F143N	*	*	*
F143R	*	*	*
H144Y	*	*	*
H144W	*	*	*
H144V	*	*	*
H144A	*	*	*
H144D	*	*	*
H144C	*	*	*
H144Q	*	*	*
H144E	*	*	*
H144G	*	*	*
H144I	*	*	*
H144N	*	*	*
H144L	*	*	*
H144M	*	*	*
H144F	*	*	*
H144P	*	*	*
H144S	*	*	*
H144T	*	*	*
H144K	*	*	*
H144R	*	*	*
R145S	*	*	*
R145V	*	*	*
R145P	*	*	*
R145F	*	*	*
R145M	*	*	*
R145K	*	*	*
R145L	*	*	*
R145T	*	*	*
R145G	*	*	*
R145E	*	*	*
R145C	*	*	*
R145D	*	*	*
R145N	*	*	*
R145A	*	*	*
R145W	*	*	*
R145Y	*	*	*
R145H	*	*	*
R145I	*	*	*
F146A	*	*	*
F146W	*	*	*
F146T	*	*	*
F146S	*	*	*
F146P	*	*	*
F146M	*	*	*
F146K	*	*	*
F146I	*	*	*
F146Y	*	*	*
F146N	*	*	*
F146C	*	*	*
F146Q	*	*	*
F146E	*	*	*
F146G	*	*	*
F146H	*	*	*
F146V	*	*	*
F146R	*	*	*
F146D	*	*	*
L147N	*	*	*
L147P	*	*	*
L147T	*	*	*
L147W	*	*	*
L147Y	*	*	*
L147V	*	*	*
L147A	*	*	*
L147F	*	*	*
L147S	*	*	*
L147R	*	*	*
L147D	*	*	*
L147C	*	*	*
L147Q	*	*	*
L147E	*	*	*
L147G	*	*	*
L147I	*	*	*
L147K	*	*	*
L147M	*	*	*
L147H	*	*	*
G148H	*	*	*
G148P	*	*	*
G148V	*	*	*
G148F	*	*	*
G148M	*	*	*
G148K	*	*	*
G148L	*	*	*
G148T	*	*	*
G148A	*	*	*
G148N	*	*	*
G148D	*	*	*
G148Y	*	*	*
G148C	*	*	*
G148Q	*	*	*
G148I	*	*	*
G148E	*	*	*
I149A	*	*	*
I149W	*	*	*
I149N	*	*	*
I149S	*	*	*
I149P	*	*	*
I149F	*	*	*
I149M	*	*	*
I149K	*	*	*
I149L	*	*	*
I149H	*	*	*
I149G	*	*	*
I149V	*	*	*
I149Y	*	*	*
I149E	*	*	*
I149Q	*	*	*
I149D	*	*	*
I149R	*	*	*
I149C	*	*	*
P150A	*	*	*
P150E	*	*	*
P150W	*	*	*
P150T	*	*	*
P150S	*	*	*
P150F	*	*	*
P150M	*	*	*
P150K	*	*	*
P150I	*	*	*
P150H	*	*	*
P150G	*	*	*
P150Q	*	*	*
P150C	*	*	*
P150D	*	*	*
P150N	*	*	*
P150Y	*	*	*
P150V	*	*	*
Y151R	*	*	*
Y151N	*	*	*
Y151P	*	*	*
Y151T	*	*	*
Y151W	*	*	*
Y151V	*	*	*
Y151A	*	*	*
Y151F	*	*	*
Y151M	*	*	*
Y151K	*	*	*
Y151L	*	*	*
Y151I	*	*	*
Y151H	*	*	*
Y151G	*	*	*
Y151E	*	*	*
Y151Q	*	*	*
Y151C	*	*	*
Y151D	*	*	*
Y151S	*	*	*
S152Y	*	*	*
S152N	*	*	*
S152R	*	*	*
S152A	*	*	*
S152V	*	*	*
S152D	*	*	*
S152W	*	*	*
S152F	*	*	*
S152M	*	*	*
S152K	*	*	*
S152P	*	*	*
S152I	*	*	*
S152H	*	*	*
S152G	*	*	*
S152E	*	*	*
S152Q	*	*	*
S152C	*	*	*
S152L	*	*	*
H153E	*	*	*
H153A	*	*	*
H153R	*	*	*
H153N	*	*	*
H153D	*	*	*
H153C	*	*	*
H153Q	*	*	*
H153G	*	*	*
H153L	*	*	*
H153K	*	*	*
H153M	*	*	*
H153F	*	*	*
H153P	*	*	*
H153S	*	*	*
H153T	*	*	*
H153I	*	*	*
H153V	*	*	*
H153Y	*	*	*
H153W	*	*	*
D154G	*	*	*
D154K	*	*	*
D154L	*	*	*
D154E	*	*	*
D154M	*	*	*
D154F	*	*	*
D154I	*	*	*
D154Q	*	*	*
D154R	*	*	*
D154A	*	*	*
D154T	*	*	*
D154W	*	*	*
D154Y	*	*	*
D154V	*	*	*
D154S	*	*	*
D154C	*	*	*
D154P	*	*	*
Q155P	*	*	*
Q155S	*	*	*
Q155R	*	*	*
Q155W	*	*	*
Q155T	*	*	*
Q155A	*	*	*
Q155N	*	*	*
Q155D	*	*	*
Q155C	*	*	*
Q155E	*	*	*
Q155V	*	*	*
Q155G	*	*	*
Q155I	*	*	*
Q155L	*	*	*
Q155K	*	*	*
Q155M	*	*	*
Q155F	*	*	*
Q155Y	*	*	*
G156K	*	*	*
G156M	*	*	*
G156F	*	*	*
G156P	*	*	*
G156S	*	*	*
G156L	*	*	*
G156I	*	*	*
G156H	*	*	*
G156E	*	*	*
G156Q	*	*	*
G156C	*	*	*
G156A	*	*	*
G156T	*	*	*
G156Y	*	*	*
G156V	*	*	*
G156W	*	*	*
G156N	*	*	*
P157N	*	*	*
P157D	*	*	*
P157C	*	*	*
P157Q	*	*	*
P157E	*	*	*
P157G	*	*	*
P157H	*	*	*
P157I	*	*	*
P157K	*	*	*
P157F	*	*	*
P157V	*	*	*
P157Y	*	*	*
P157W	*	*	*
P157T	*	*	*
P157S	*	*	*
P157M	*	*	*
P157A	*	*	*
P157R	*	*	*
C158V	*	*	*
C158Y	*	*	*
C158M	*	*	*
C158K	*	*	*
C158L	*	*	*
C158I	*	*	*
C158H	*	*	*
C158G	*	*	*
C158E	*	*	*
C158Q	*	*	*
C158N	*	*	*
C158A	*	*	*
C158S	*	*	*
C158P	*	*	*
C158W	*	*	*
C158T	*	*	*
C158D	*	*	*
Q159V	*	*	*
Q159G	*	*	*
Q159E	*	*	*
Q159C	*	*	*
Q159S	*	*	*
Q159P	*	*	*
Q159F	*	*	*
Q159D	*	*	*
Q159M	*	*	*
Q159R	*	*	*
Q159L	*	*	*
Q159T	*	*	*
Q159N	*	*	*
Q159W	*	*	*
Q159Y	*	*	*
Q159A	*	*	*
Q159K	*	*	*
Q159I	*	*	*
N160T	*	*	*
N160V	*	*	*
N160M	*	*	*
N160K	*	*	*
N160L	*	*	*
N160I	*	*	*
N160G	*	*	*
N160Y	*	*	*
N160H	*	*	*
N160Q	*	*	*
N160C	*	*	*
N160D	*	*	*
N160R	*	*	*
N160A	*	*	*
N160W	*	*	*
N160F	*	*	*
N160P	*	*	*
N160S	*	*	*
N160E	*	*	*
L161I	*	*	*
L161F	*	*	*
L161M	*	*	*
L161K	*	*	*
L161H	*	*	*
L161Y	*	*	*
L161E	*	*	*
L161Q	*	*	*
L161C	*	*	*
L161D	*	*	*
L161N	*	*	*
L161R	*	*	*
L161V	*	*	*
L161S	*	*	*
L161T	*	*	*
L161W	*	*	*
L161G	*	*	*
L161A	*	*	*
T162R	*	*	*
T162P	*	*	*
T162Y	*	*	*
T162N	*	*	*
T162V	*	*	*
T162A	*	*	*
T162D	*	*	*
T162C	*	*	*
T162Q	*	*	*
T162E	*	*	*
T162G	*	*	*
T162H	*	*	*
T162I	*	*	*
T162L	*	*	*
T162K	*	*	*
T162M	*	*	*
T162F	*	*	*
T162W	*	*	*
C163T	*	*	*
C163W	*	*	*
C163G	*	*	*
C163A	*	*	*
C163R	*	*	*
C163D	*	*	*
C163Q	*	*	*
C163S	*	*	*
C163P	*	*	*
C163F	*	*	*
C163M	*	*	*
C163K	*	*	*
C163L	*	*	*
C163I	*	*	*
C163H	*	*	*
C163E	*	*	*
C163N	*	*	*
C163V	*	*	*
C163Y	*	*	*
F164T	*	*	*
F164V	*	*	*
F164Y	*	*	*
F164W	*	*	*
F164S	*	*	*
F164P	*	*	*
F164M	*	*	*
F164K	*	*	*
F164H	*	*	*
F164G	*	*	*
F164E	*	*	*
F164Q	*	*	*
F164C	*	*	*
F164D	*	*	*
F164N	*	*	*
F164R	*	*	*
F164A	*	*	*
F164I	*	*	*
P165G	*	*	*
P165M	*	*	*
P165K	*	*	*
P165L	*	*	*
P165E	*	*	*
P165I	*	*	*
P165C	*	*	*
P165D	*	*	*
P165N	*	*	*
P165R	*	*	*
P165A	*	*	*
P165F	*	*	*
P165Q	*	*	*
P165S	*	*	*
P165H	*	*	*
P165T	*	*	*
P165V	*	*	*
P165Y	*	*	*
P165W	*	*	*
P166D	*	*	*
P166N	*	*	*
P166R	*	*	*
P166A	*	*	*
P166Q	*	*	*
P166M	*	*	*
P166E	*	*	*
P166F	*	*	*
P166H	*	*	*
P166S	*	*	*
P166G	*	*	*
P166T	*	*	*
P166W	*	*	*
P166V	*	*	*
P166K	*	*	*
P166I	*	*	*
P166Y	*	*	*
P166C	*	*	*
A167Y	*	*	*
A167W	*	*	*
A167T	*	*	*
A167G	*	*	*
A167H	*	*	*
A167I	*	*	*
A167L	*	*	*
A167K	*	*	*
A167M	*	*	*
A167F	*	*	*
A167P	*	*	*
A167Q	*	*	*
A167C	*	*	*
A167D	*	*	*
A167N	*	*	*
A167R	*	*	*
A167E	*	*	*
T168I	*	*	*
T168A	*	*	*
T168R	*	*	*
T168N	*	*	*
T168C	*	*	*
T168Q	*	*	*
T168E	*	*	*
T168G	*	*	*
T168V	*	*	*
T168Y	*	*	*
T168W	*	*	*
T168S	*	*	*
T168P	*	*	*
T168F	*	*	*
T168M	*	*	*
T168K	*	*	*
T168D	*	*	*
T168H	*	*	*
T168L	*	*	*
P169W	*	*	*
P169V	*	*	*
P169Y	*	*	*
P169T	*	*	*
P169N	*	*	*
P169R	*	*	*
P169A	*	*	*
P169F	*	*	*
P169M	*	*	*
P169K	*	*	*
P169S	*	*	*
P169I	*	*	*
P169H	*	*	*
P169G	*	*	*
P169E	*	*	*
P169Q	*	*	*
P169C	*	*	*
P169D	*	*	*
P169L	*	*	*
C170I	*	*	*
C170L	*	*	*
C170K	*	*	*
C170M	*	*	*
C170Y	*	*	*
C170F	*	*	*
C170T	*	*	*
C170W	*	*	*
C170H	*	*	*
C170V	*	*	*
C170G	*	*	*
C170Q	*	*	*
C170D	*	*	*
C170N	*	*	*
C170R	*	*	*
C170A	*	*	*
C170S	*	*	*
C170E	*	*	*
C170P	*	*	*
D171S	*	*	*
D171P	*	*	*
D171M	*	*	*
D171K	*	*	*
D171R	*	*	*
D171A	*	*	*
D171F	*	*	*
D171W	*	*	*
D171T	*	*	*
D171V	*	*	*
D171L	*	*	*
D171I	*	*	*
D171Q	*	*	*
D171E	*	*	*
D171G	*	*	*
D171H	*	*	*
D171C	*	*	*
G172F	*	*	*
G172P	*	*	*
G172A	*	*	*
G172R	*	*	*
G172N	*	*	*
G172D	*	*	*
G172Q	*	*	*
G172E	*	*	*
G172V	*	*	*
G172Y	*	*	*
G172I	*	*	*
G172T	*	*	*
G172W	*	*	*
G172L	*	*	*
G172K	*	*	*
G172M	*	*	*
G172H	*	*	*
G173T	*	*	*
G173W	*	*	*
G173Y	*	*	*
G173V	*	*	*
G173S	*	*	*
G173A	*	*	*
G173R	*	*	*
G173N	*	*	*
G173D	*	*	*
G173C	*	*	*
G173Q	*	*	*
G173E	*	*	*
G173I	*	*	*
G173L	*	*	*
G173K	*	*	*
G173M	*	*	*
G173F	*	*	*
G173P	*	*	*
G173H	*	*	*
C174V	*	*	*
C174A	*	*	*
C174T	*	*	*
C174N	*	*	*
C174D	*	*	*
C174Q	*	*	*
C174E	*	*	*
C174G	*	*	*
C174H	*	*	*
C174W	*	*	*
C174I	*	*	*
C174K	*	*	*
C174M	*	*	*
C174F	*	*	*
C174P	*	*	*
C174S	*	*	*
C174L	*	*	*
C174Y	*	*	*
D175Q	*	*	*
D175S	*	*	*
D175V	*	*	*
D175Y	*	*	*
D175W	*	*	*
D175T	*	*	*
D175P	*	*	*
D175F	*	*	*
D175M	*	*	*
D175L	*	*	*
D175K	*	*	*
D175H	*	*	*
D175G	*	*	*
D175E	*	*	*
D175C	*	*	*
D175A	*	*	*
D175R	*	*	*
D175N	*	*	*
D175I	*	*	*
Q176H	*	*	*
Q176K	*	*	*
Q176L	*	*	*
Q176M	*	*	*
Q176I	*	*	*
Q176G	*	*	*
Q176R	*	*	*
Q176C	*	*	*
Q176D	*	*	*
Q176A	*	*	*
Q176P	*	*	*
Q176N	*	*	*
Q176E	*	*	*
Q176S	*	*	*
Q176F	*	*	*
Q176W	*	*	*
Q176Y	*	*	*
Q176T	*	*	*
Q176V	*	*	*
G177A	*	*	*
G177W	*	*	*
G177T	*	*	*
G177S	*	*	*
G177P	*	*	*
G177F	*	*	*
G177M	*	*	*
G177K	*	*	*
G177L	*	*	*
G177H	*	*	*
G177E	*	*	*
G177Q	*	*	*
G177C	*	*	*
G177R	*	*	*
G177I	*	*	*
G177N	*	*	*
G177V	*	*	*
G177Y	*	*	*
L178A	*	*	*
L178R	*	*	*
L178N	*	*	*
L178D	*	*	*
L178C	*	*	*
L178Q	*	*	*
L178E	*	*	*
L178G	*	*	*
L178I	*	*	*
L178H	*	*	*
L178M	*	*	*
L178F	*	*	*
L178P	*	*	*
L178S	*	*	*
L178T	*	*	*
L178W	*	*	*
L178Y	*	*	*
L178V	*	*	*
L178K	*	*	*
V179C	*	*	*
V179A	*	*	*
V179R	*	*	*
V179N	*	*	*
V179Q	*	*	*
V179E	*	*	*
V179Y	*	*	*
V179W	*	*	*
V179S	*	*	*
V179P	*	*	*
V179F	*	*	*
V179T	*	*	*
V179M	*	*	*
V179K	*	*	*
V179L	*	*	*
V179I	*	*	*
V179H	*	*	*
P180K	*	*	*
P180T	*	*	*
P180W	*	*	*
P180Y	*	*	*
P180V	*	*	*
P180S	*	*	*
P180I	*	*	*
P180N	*	*	*
P180G	*	*	*
P180E	*	*	*
P180Q	*	*	*
P180C	*	*	*
P180D	*	*	*
P180R	*	*	*
P180A	*	*	*
P180M	*	*	*
P180F	*	*	*
P180L	*	*	*
I181F	*	*	*
I181D	*	*	*
I181N	*	*	*
I181R	*	*	*
I181A	*	*	*
I181E	*	*	*
I181G	*	*	*
I181H	*	*	*
I181L	*	*	*
I181K	*	*	*
I181M	*	*	*
I181P	*	*	*
I181C	*	*	*
I181T	*	*	*
I181W	*	*	*
I181Y	*	*	*
I181V	*	*	*
I181Q	*	*	*
P182D	*	*	*
P182I	*	*	*
P182H	*	*	*
P182G	*	*	*
P182E	*	*	*
P182Q	*	*	*
P182A	*	*	*
P182C	*	*	*
P182N	*	*	*
P182K	*	*	*
P182V	*	*	*
P182Y	*	*	*
P182W	*	*	*
P182T	*	*	*
P182L	*	*	*
P182S	*	*	*
P182F	*	*	*
P182M	*	*	*
L183V	*	*	*
L183H	*	*	*
L183W	*	*	*
L183S	*	*	*
L183P	*	*	*
L183F	*	*	*
L183M	*	*	*
L183K	*	*	*
L183I	*	*	*
L183Y	*	*	*
L183G	*	*	*
L183E	*	*	*
L183A	*	*	*
L183R	*	*	*
L183T	*	*	*
L183D	*	*	*
L183C	*	*	*
L183N	*	*	*
L184S	*	*	*
L184P	*	*	*
L184N	*	*	*
L184F	*	*	*
L184M	*	*	*
L184K	*	*	*
L184I	*	*	*
L184H	*	*	*
L184G	*	*	*
L184E	*	*	*
L184D	*	*	*
L184C	*	*	*
L184W	*	*	*
L184V	*	*	*
L184Y	*	*	*
L184T	*	*	*
L184Q	*	*	*
L184A	*	*	*
L184R	*	*	*
A185C	*	*	*
A185V	*	*	*
A185Y	*	*	*
A185R	*	*	*
A185N	*	*	*
A185D	*	*	*
A185Q	*	*	*
A185T	*	*	*
A185P	*	*	*
A185F	*	*	*
A185M	*	*	*
A185K	*	*	*
A185L	*	*	*
A185I	*	*	*
A185H	*	*	*
A185G	*	*	*
A185E	*	*	*
A185W	*	*	*
N186M	*	*	*
N186F	*	*	*
N186P	*	*	*
N186W	*	*	*
N186T	*	*	*
N186K	*	*	*
N186S	*	*	*
N186L	*	*	*
N186Q	*	*	*
N186Y	*	*	*
N186H	*	*	*
N186G	*	*	*
N186E	*	*	*
N186C	*	*	*
N186D	*	*	*
N186R	*	*	*
N186A	*	*	*
N186I	*	*	*
N186V	*	*	*
L187T	*	*	*
L187V	*	*	*
L187Y	*	*	*
L187W	*	*	*
L187A	*	*	*
L187R	*	*	*
L187N	*	*	*
L187C	*	*	*
L187Q	*	*	*
L187E	*	*	*
L187D	*	*	*
L187H	*	*	*
L187G	*	*	*
L187S	*	*	*
L187P	*	*	*
L187F	*	*	*
L187K	*	*	*
L187I	*	*	*
L187M	*	*	*
S188Q	*	*	*
S188M	*	*	*
S188K	*	*	*
S188L	*	*	*
S188I	*	*	*
S188H	*	*	*
S188G	*	*	*
S188E	*	*	*
S188C	*	*	*
S188Y	*	*	*
S188N	*	*	*
S188R	*	*	*
S188T	*	*	*
S188V	*	*	*
S188W	*	*	*
S188F	*	*	*
S188D	*	*	*
S188P	*	*	*
V189Y	*	*	*
V189P	*	*	*
V189F	*	*	*
V189S	*	*	*
V189I	*	*	*
V189K	*	*	*
V189A	*	*	*
V189R	*	*	*
V189N	*	*	*
V189D	*	*	*
V189W	*	*	*
V189T	*	*	*
V189Q	*	*	*
V189E	*	*	*
V189G	*	*	*
V189H	*	*	*
V189L	*	*	*
V189C	*	*	*
E190R	*	*	*
E190N	*	*	*
E190D	*	*	*
E190C	*	*	*
E190Q	*	*	*
E190G	*	*	*
E190H	*	*	*
E190I	*	*	*
E190V	*	*	*
E190M	*	*	*
E190Y	*	*	*
E190W	*	*	*
E190T	*	*	*
E190S	*	*	*
E190P	*	*	*
E190F	*	*	*
E190A	*	*	*
E190L	*	*	*
E190K	*	*	*
A191D	*	*	*
A191T	*	*	*
A191P	*	*	*
A191F	*	*	*
A191M	*	*	*
A191K	*	*	*
A191L	*	*	*
A191I	*	*	*
A191H	*	*	*
A191G	*	*	*
A191E	*	*	*
A191Q	*	*	*
A191C	*	*	*
A191N	*	*	*
A191R	*	*	*
A191W	*	*	*
A191Y	*	*	*
A191S	*	*	*
Q192L	*	*	*
Q192T	*	*	*
Q192W	*	*	*
Q192K	*	*	*
Q192Y	*	*	*
Q192V	*	*	*
Q192P	*	*	*
Q192I	*	*	*
Q192H	*	*	*
Q192G	*	*	*
Q192E	*	*	*
Q192C	*	*	*
Q192D	*	*	*
Q192N	*	*	*
Q192R	*	*	*
Q192M	*	*	*
Q192F	*	*	*
Q192A	*	*	*
Q192S	*	*	*
P193L	*	*	*
P193I	*	*	*
P193H	*	*	*
P193G	*	*	*
P193E	*	*	*
P193S	*	*	*
P193Q	*	*	*
P193V	*	*	*
P193Y	*	*	*
P193W	*	*	*
P193K	*	*	*
P193M	*	*	*
P193F	*	*	*
P193C	*	*	*
P193R	*	*	*
P193N	*	*	*
P193D	*	*	*
P193A	*	*	*
P194G	*	*	*
P194E	*	*	*
P194Q	*	*	*
P194C	*	*	*
P194D	*	*	*
P194N	*	*	*
P194Y	*	*	*
P194V	*	*	*
P194T	*	*	*
P194S	*	*	*
P194F	*	*	*
P194M	*	*	*
P194K	*	*	*
P194H	*	*	*
P194I	*	*	*
P194W	*	*	*
W195D	*	*	*
W195A	*	*	*
W195R	*	*	*
W195N	*	*	*
W195I	*	*	*
W195E	*	*	*
W195V	*	*	*
W195Y	*	*	*
W195Q	*	*	*
W195S	*	*	*
W195P	*	*	*
W195T	*	*	*
W195M	*	*	*
W195K	*	*	*
W195L	*	*	*
W195H	*	*	*
W195G	*	*	*
W195F	*	*	*
L196P	*	*	*
L196W	*	*	*
L196Y	*	*	*
L196M	*	*	*
L196S	*	*	*
L196F	*	*	*
L196K	*	*	*
L196T	*	*	*
L196H	*	*	*
L196V	*	*	*
L196I	*	*	*
L196A	*	*	*
L196R	*	*	*
L196N	*	*	*
L196C	*	*	*
L196Q	*	*	*
L196D	*	*	*
L196G	*	*	*
L196E	*	*	*
P197Q	*	*	*
P197E	*	*	*
P197G	*	*	*
P197H	*	*	*
P197I	*	*	*
P197L	*	*	*
P197K	*	*	*
P197M	*	*	*
P197F	*	*	*
P197S	*	*	*
P197T	*	*	*
P197A	*	*	*
P197W	*	*	*
P197Y	*	*	*
P197D	*	*	*
P197N	*	*	*
P197R	*	*	*
P197C	*	*	*
P197V	*	*	*
G198D	*	*	*
G198V	*	*	*
G198Y	*	*	*
G198W	*	*	*
G198T	*	*	*
G198S	*	*	*
G198P	*	*	*
G198A	*	*	*
G198F	*	*	*
G198K	*	*	*
G198L	*	*	*
G198I	*	*	*
G198H	*	*	*
G198Q	*	*	*
G198C	*	*	*
G198N	*	*	*
G198M	*	*	*
G198E	*	*	*
L199V	*	*	*
L199A	*	*	*
L199M	*	*	*
L199T	*	*	*
L199S	*	*	*
L199P	*	*	*
L199F	*	*	*
L199K	*	*	*
L199I	*	*	*
L199H	*	*	*
L199G	*	*	*
L199E	*	*	*
L199Q	*	*	*
L199D	*	*	*
L199W	*	*	*
L199Y	*	*	*
L199C	*	*	*
L199R	*	*	*
L199N	*	*	*
E200A	*	*	*
E200T	*	*	*
E200P	*	*	*
E200S	*	*	*
E200K	*	*	*
E200L	*	*	*
E200W	*	*	*
E200F	*	*	*
E200M	*	*	*
E200H	*	*	*
E200G	*	*	*
E200Q	*	*	*
E200C	*	*	*
E200D	*	*	*
E200N	*	*	*
E200Y	*	*	*
E200V	*	*	*
E200R	*	*	*
E200I	*	*	*
A201Y	*	*	*
A201W	*	*	*
A201T	*	*	*
A201N	*	*	*
A201F	*	*	*
A201R	*	*	*
A201D	*	*	*
A201C	*	*	*
A201Q	*	*	*
A201P	*	*	*
A201E	*	*	*
A201H	*	*	*
A201I	*	*	*
A201L	*	*	*
A201K	*	*	*
A201M	*	*	*
A201G	*	*	*
R202W	*	*	*
R202V	*	*	*
R202Y	*	*	*
R202T	*	*	*
R202P	*	*	*
R202S	*	*	*
R202A	*	*	*
R202N	*	*	*
R202D	*	*	*
R202Q	*	*	*
R202E	*	*	*
R202I	*	*	*
R202L	*	*	*
R202K	*	*	*
R202M	*	*	*
R202F	*	*	*
R202G	*	*	*
Y203K	*	*	*
Y203M	*	*	*
Y203F	*	*	*
Y203P	*	*	*
Y203S	*	*	*
Y203T	*	*	*
Y203R	*	*	*
Y203E	*	*	*
Y203Q	*	*	*
Y203D	*	*	*
Y203N	*	*	*
Y203L	*	*	*
Y203A	*	*	*
Y203V	*	*	*
Y203W	*	*	*
Y203I	*	*	*
Y203G	*	*	*
M204Y	*	*	*
M204A	*	*	*
M204R	*	*	*
M204N	*	*	*
M204D	*	*	*
M204C	*	*	*
M204Q	*	*	*
M204E	*	*	*
M204W	*	*	*
M204G	*	*	*
M204I	*	*	*
M204L	*	*	*
M204F	*	*	*
M204P	*	*	*
M204S	*	*	*
M204T	*	*	*
M204V	*	*	*
M204H	*	*	*
M204K	*	*	*
A205R	*	*	*
A205W	*	*	*
A205Y	*	*	*
A205H	*	*	*
A205E	*	*	*
A205Q	*	*	*
A205C	*	*	*
A205D	*	*	*
A205N	*	*	*
A205V	*	*	*
A205S	*	*	*
A205G	*	*	*
A205K	*	*	*
A205T	*	*	*
A205I	*	*	*
A205F	*	*	*
A205M	*	*	*
A205P	*	*	*
A205L	*	*	*
F206K	*	*	*
F206L	*	*	*
F206I	*	*	*
F206N	*	*	*
F206G	*	*	*
F206M	*	*	*
F206Q	*	*	*
F206C	*	*	*
F206D	*	*	*
F206H	*	*	*
F206P	*	*	*
F206E	*	*	*
F206S	*	*	*
F206R	*	*	*
F206A	*	*	*
F206W	*	*	*
F206T	*	*	*
F206Y	*	*	*
A207R	*	*	*
A207F	*	*	*
A207M	*	*	*
A207K	*	*	*
A207L	*	*	*
A207C	*	*	*
A207I	*	*	*
A207H	*	*	*
A207G	*	*	*
A207E	*	*	*
A207Q	*	*	*
A207N	*	*	*
A207P	*	*	*
A207S	*	*	*
A207W	*	*	*
A207V	*	*	*
A207Y	*	*	*
H208F	*	*	*
H208M	*	*	*
H208K	*	*	*
H208L	*	*	*
H208I	*	*	*
H208G	*	*	*
H208D	*	*	*
H208Q	*	*	*
H208C	*	*	*
H208N	*	*	*
H208R	*	*	*
H208A	*	*	*
H208T	*	*	*
H208E	*	*	*
H208W	*	*	*
H208S	*	*	*
H208V	*	*	*
H208P	*	*	*
D209A	*	*	*
D209R	*	*	*
D209N	*	*	*
D209E	*	*	*
D209Q	*	*	*
D209C	*	*	*
D209H	*	*	*
D209T	*	*	*
D209W	*	*	*
D209G	*	*	*
D209V	*	*	*
D209Y	*	*	*
D209I	*	*	*
D209K	*	*	*
D209M	*	*	*
D209L	*	*	*
D209F	*	*	*
D209P	*	*	*
D209S	*	*	*
L210M	*	*	*
L210C	*	*	*
L210S	*	*	*
L210I	*	*	*
L210K	*	*	*
L210D	*	*	*
L210V	*	*	*
L210T	*	*	*
L210W	*	*	*
L210Y	*	*	*
L210F	*	*	*
L210R	*	*	*
L210A	*	*	*
L210E	*	*	*
L210Q	*	*	*
L210N	*	*	*
L210G	*	*	*
M211E	*	*	*
M211W	*	*	*
M211T	*	*	*
M211S	*	*	*
M211F	*	*	*
M211K	*	*	*
M211L	*	*	*
M211Y	*	*	*
M211G	*	*	*
M211Q	*	*	*
M211C	*	*	*
M211D	*	*	*
M211N	*	*	*
M211R	*	*	*
M211A	*	*	*
M211H	*	*	*
M211V	*	*	*
M211P	*	*	*
A212D	*	*	*
A212R	*	*	*
A212N	*	*	*
A212C	*	*	*
A212Q	*	*	*
A212E	*	*	*
A212G	*	*	*
A212H	*	*	*
A212L	*	*	*
A212K	*	*	*
A212M	*	*	*
A212I	*	*	*
A212P	*	*	*
A212S	*	*	*
A212T	*	*	*
A212W	*	*	*
A212Y	*	*	*
A212V	*	*	*
A212F	*	*	*
D213H	*	*	*
D213I	*	*	*
D213L	*	*	*
D213F	*	*	*
D213P	*	*	*
D213G	*	*	*
D213M	*	*	*
D213E	*	*	*
D213K	*	*	*
D213C	*	*	*
D213R	*	*	*
D213A	*	*	*
D213T	*	*	*
D213W	*	*	*
D213S	*	*	*
D213Y	*	*	*
D213V	*	*	*
D213Q	*	*	*
A214C	*	*	*
A214W	*	*	*
A214Y	*	*	*
A214Q	*	*	*
A214E	*	*	*
A214G	*	*	*
A214H	*	*	*
A214L	*	*	*
A214R	*	*	*
A214I	*	*	*
A214M	*	*	*
A214F	*	*	*
A214S	*	*	*
A214N	*	*	*
A214K	*	*	*
Q215I	*	*	*
Q215T	*	*	*
Q215F	*	*	*
Q215M	*	*	*
Q215K	*	*	*
Q215L	*	*	*
Q215E	*	*	*
Q215G	*	*	*
Q215W	*	*	*
Q215Y	*	*	*
Q215V	*	*	*
Q215P	*	*	*
Q215N	*	*	*
Q215R	*	*	*
Q215C	*	*	*
Q215A	*	*	*
Q215D	*	*	*
Q215S	*	*	*
R216D	*	*	*
R216T	*	*	*
R216S	*	*	*
R216P	*	*	*
R216F	*	*	*
R216M	*	*	*
R216K	*	*	*
R216L	*	*	*
R216I	*	*	*
R216V	*	*	*
R216E	*	*	*
R216Q	*	*	*
R216A	*	*	*
R216N	*	*	*
R216G	*	*	*
R216Y	*	*	*
R216W	*	*	*
Q217W	*	*	*
Q217M	*	*	*
Q217K	*	*	*
Q217L	*	*	*
Q217I	*	*	*
Q217S	*	*	*
Q217T	*	*	*
Q217F	*	*	*
Q217P	*	*	*
Q217V	*	*	*
Q217H	*	*	*
Q217G	*	*	*
Q217E	*	*	*
Q217C	*	*	*
Q217D	*	*	*
Q217N	*	*	*
Q217R	*	*	*
Q217A	*	*	*
Q217Y	*	*	*
D218T	*	*	*
D218H	*	*	*
D218P	*	*	*
D218V	*	*	*
D218I	*	*	*
D218L	*	*	*
D218K	*	*	*
D218M	*	*	*
D218S	*	*	*
D218Y	*	*	*
D218W	*	*	*
D218G	*	*	*
D218Q	*	*	*
D218C	*	*	*
D218N	*	*	*
D218R	*	*	*
D218A	*	*	*
D218F	*	*	*
D218E	*	*	*
R219A	*	*	*
R219V	*	*	*
R219Y	*	*	*
R219W	*	*	*
R219T	*	*	*
R219L	*	*	*
R219N	*	*	*
R219D	*	*	*
R219Q	*	*	*
R219E	*	*	*
R219G	*	*	*
R219K	*	*	*
R219M	*	*	*
R219F	*	*	*
R219P	*	*	*
R219S	*	*	*
R219I	*	*	*
P220A	*	*	*
P220R	*	*	*
P220D	*	*	*
P220N	*	*	*
P220W	*	*	*
P220Y	*	*	*
P220F	*	*	*
P220M	*	*	*
P220K	*	*	*
P220V	*	*	*
P220I	*	*	*
P220C	*	*	*
P220E	*	*	*
P220Q	*	*	*
P220G	*	*	*
P220H	*	*	*
F221V	*	*	*
F221Y	*	*	*
F221W	*	*	*
F221T	*	*	*
F221S	*	*	*
F221P	*	*	*
F221M	*	*	*
F221K	*	*	*
F221L	*	*	*
F221N	*	*	*
F221H	*	*	*
F221G	*	*	*
F221E	*	*	*
F221Q	*	*	*
F221C	*	*	*
F221D	*	*	*
F221R	*	*	*
F221A	*	*	*
F222N	*	*	*
F222D	*	*	*
F222M	*	*	*
F222V	*	*	*
F222Y	*	*	*
F222W	*	*	*
F222T	*	*	*
F222P	*	*	*
F222K	*	*	*
F222L	*	*	*
F222S	*	*	*
F222H	*	*	*
F222G	*	*	*
F222E	*	*	*
F222Q	*	*	*
F222C	*	*	*
F222A	*	*	*
F222R	*	*	*
F222I	*	*	*
L223G	*	*	*
L223R	*	*	*
L223N	*	*	*
L223D	*	*	*
L223C	*	*	*
L223Q	*	*	*
L223E	*	*	*
L223H	*	*	*
L223T	*	*	*
L223K	*	*	*
L223M	*	*	*
L223F	*	*	*
L223P	*	*	*
L223S	*	*	*
L223W	*	*	*
L223A	*	*	*
L223I	*	*	*
L223Y	*	*	*
L223V	*	*	*
Y224I	*	*	*
Y224A	*	*	*
Y224R	*	*	*
Y224D	*	*	*
Y224Q	*	*	*
Y224E	*	*	*
Y224G	*	*	*
Y224H	*	*	*
Y224L	*	*	*
Y224N	*	*	*
Y224M	*	*	*
Y224F	*	*	*
Y224P	*	*	*
Y224S	*	*	*
Y224T	*	*	*
Y224W	*	*	*
Y224K	*	*	*
Y224V	*	*	*
Y225V	*	*	*
Y225Q	*	*	*
Y225E	*	*	*
Y225G	*	*	*
Y225H	*	*	*
Y225I	*	*	*
Y225L	*	*	*
Y225S	*	*	*
Y225M	*	*	*
Y225F	*	*	*
Y225P	*	*	*
Y225T	*	*	*
Y225W	*	*	*
Y225K	*	*	*
Y225D	*	*	*
Y225A	*	*	*
Y225N	*	*	*
Y225R	*	*	*
A226Y	*	*	*
A226W	*	*	*
A226T	*	*	*
A226S	*	*	*
A226P	*	*	*
A226F	*	*	*
A226M	*	*	*
A226R	*	*	*
A226K	*	*	*
A226I	*	*	*
A226G	*	*	*
A226E	*	*	*
A226Q	*	*	*
A226C	*	*	*
A226D	*	*	*
A226N	*	*	*
A226L	*	*	*
A226H	*	*	*
S227I	*	*	*
S227L	*	*	*
S227N	*	*	*
S227W	*	*	*
S227T	*	*	*
S227P	*	*	*
S227F	*	*	*
S227M	*	*	*
S227Y	*	*	*
S227R	*	*	*
S227K	*	*	*
S227D	*	*	*
S227Q	*	*	*
S227E	*	*	*
S227G	*	*	*
S227A	*	*	*
S227V	*	*	*
S227H	*	*	*
H228A	*	*	*
H228R	*	*	*
H228N	*	*	*
H228P	*	*	*
H228C	*	*	*
H228Q	*	*	*
H228E	*	*	*
H228G	*	*	*
H228I	*	*	*
H228L	*	*	*
H228K	*	*	*
H228M	*	*	*
H228F	*	*	*
H228S	*	*	*
H228T	*	*	*
H228W	*	*	*
H228Y	*	*	*
H228V	*	*	*
H229L	*	*	*
H229A	*	*	*
H229R	*	*	*
H229N	*	*	*
H229D	*	*	*
H229C	*	*	*
H229Q	*	*	*
H229E	*	*	*
H229G	*	*	*
H229I	*	*	*
H229K	*	*	*
H229S	*	*	*
H229W	*	*	*
H229T	*	*	*
H229P	*	*	*
H229F	*	*	*
H229V	*	*	*
H229M	*	*	*
T230F	*	*	*
T230I	*	*	*
T230H	*	*	*
T230G	*	*	*
T230E	*	*	*
T230Q	*	*	*
T230C	*	*	*
T230D	*	*	*
T230N	*	*	*
T230R	*	*	*
T230A	*	*	*
T230V	*	*	*
T230Y	*	*	*
T230S	*	*	*
T230L	*	*	*
T230K	*	*	*
T230M	*	*	*
T230P	*	*	*
T230W	*	*	*
H231E	*	*	*
H231G	*	*	*
H231R	*	*	*
H231V	*	*	*
H231T	*	*	*
H231C	*	*	*
H231D	*	*	*
H231S	*	*	*
H231I	*	*	*
H231N	*	*	*
H231A	*	*	*
H231P	*	*	*
H231F	*	*	*
H231M	*	*	*
H231K	*	*	*
H231L	*	*	*
H231Y	*	*	*
H231W	*	*	*
Y232K	*	*	*
Y232R	*	*	*
Y232M	*	*	*
Y232V	*	*	*
Y232W	*	*	*
Y232T	*	*	*
Y232F	*	*	*
Y232L	*	*	*
Y232N	*	*	*
Y232D	*	*	*
Y232S	*	*	*
Y232C	*	*	*
Y232Q	*	*	*
Y232E	*	*	*
Y232G	*	*	*
Y232H	*	*	*
Y232A	*	*	*
Y232I	*	*	*
Y232P	*	*	*
P233N	*	*	*
P233R	*	*	*
P233D	*	*	*
P233C	*	*	*
P233Q	*	*	*
P233T	*	*	*
P233H	*	*	*
P233I	*	*	*
P233L	*	*	*
P233V	*	*	*
P233Y	*	*	*
P233K	*	*	*
P233M	*	*	*
P233F	*	*	*
P233S	*	*	*
P233W	*	*	*
P233E	*	*	*
P233G	*	*	*
Q234L	*	*	*
Q234V	*	*	*
Q234Y	*	*	*
Q234T	*	*	*
Q234S	*	*	*
Q234P	*	*	*
Q234F	*	*	*
Q234A	*	*	*
Q234M	*	*	*
Q234I	*	*	*
Q234H	*	*	*
Q234G	*	*	*
Q234E	*	*	*
Q234C	*	*	*
Q234D	*	*	*
Q234N	*	*	*
Q234K	*	*	*
Q234W	*	*	*
F235A	*	*	*
F235Q	*	*	*
F235M	*	*	*
F235W	*	*	*
F235T	*	*	*
F235S	*	*	*
F235P	*	*	*
F235K	*	*	*
F235Y	*	*	*
F235H	*	*	*
F235G	*	*	*
F235E	*	*	*
F235C	*	*	*
F235D	*	*	*
F235N	*	*	*
F235I	*	*	*
F235V	*	*	*
F235R	*	*	*
S236L	*	*	*
S236I	*	*	*
S236V	*	*	*
S236Y	*	*	*
S236W	*	*	*
S236T	*	*	*
S236H	*	*	*
S236G	*	*	*
S236E	*	*	*
S236Q	*	*	*
S236C	*	*	*
S236D	*	*	*
S236N	*	*	*
S236R	*	*	*
S236A	*	*	*
S236P	*	*	*
S236F	*	*	*
S236M	*	*	*
S236K	*	*	*
G237W	*	*	*
G237Y	*	*	*
G237A	*	*	*
G237R	*	*	*
G237N	*	*	*
G237D	*	*	*
G237C	*	*	*
G237Q	*	*	*
G237E	*	*	*
G237V	*	*	*
G237I	*	*	*
G237L	*	*	*
G237H	*	*	*
G237M	*	*	*
G237F	*	*	*
G237P	*	*	*
G237S	*	*	*
G237T	*	*	*
G237K	*	*	*
Q238K	*	*	*
Q238M	*	*	*
Q238G	*	*	*
Q238F	*	*	*
Q238L	*	*	*
Q238I	*	*	*
Q238H	*	*	*
Q238Y	*	*	*
Q238D	*	*	*
Q238C	*	*	*
Q238W	*	*	*
Q238S	*	*	*
Q238P	*	*	*
Q238T	*	*	*
Q238V	*	*	*
Q238A	*	*	*
Q238R	*	*	*
Q238N	*	*	*
S239L	*	*	*
S239T	*	*	*
S239W	*	*	*
S239Y	*	*	*
S239V	*	*	*
S239M	*	*	*
S239K	*	*	*
S239I	*	*	*
S239C	*	*	*
S239G	*	*	*
S239E	*	*	*
S239Q	*	*	*
S239D	*	*	*
S239N	*	*	*
S239R	*	*	*
S239A	*	*	*
S239F	*	*	*
S239H	*	*	*
S239P	*	*	*
F240A	*	*	*
F240W	*	*	*
F240Q	*	*	*
F240E	*	*	*
F240G	*	*	*
F240H	*	*	*
F240I	*	*	*
F240L	*	*	*
F240C	*	*	*
F240K	*	*	*
F240P	*	*	*
F240S	*	*	*
F240T	*	*	*
F240Y	*	*	*
F240V	*	*	*
F240M	*	*	*
F240N	*	*	*
F240D	*	*	*
F240R	*	*	*
A241Y	*	*	*
A241H	*	*	*
A241G	*	*	*
A241W	*	*	*
A241E	*	*	*
A241Q	*	*	*
A241C	*	*	*
A241D	*	*	*
A241N	*	*	*
A241K	*	*	*
A241M	*	*	*
A241F	*	*	*
A241P	*	*	*
A241S	*	*	*
A241T	*	*	*
A241R	*	*	*
A241V	*	*	*
A241L	*	*	*
A241I	*	*	*
E242A	*	*	*
E242W	*	*	*
E242Y	*	*	*
E242V	*	*	*
E242S	*	*	*
E242P	*	*	*
E242F	*	*	*
E242M	*	*	*
E242K	*	*	*
E242L	*	*	*
E242I	*	*	*
E242H	*	*	*
E242G	*	*	*
E242Q	*	*	*
E242C	*	*	*
E242D	*	*	*
E242N	*	*	*
E242R	*	*	*
E242T	*	*	*
R243T	*	*	*
R243W	*	*	*
R243Y	*	*	*
R243V	*	*	*
R243S	*	*	*
R243P	*	*	*
R243D	*	*	*
R243Q	*	*	*
R243E	*	*	*
R243G	*	*	*
R243I	*	*	*
R243A	*	*	*
R243L	*	*	*
R243K	*	*	*
R243M	*	*	*
R243F	*	*	*
R243N	*	*	*
S244R	*	*	*
S244D	*	*	*
S244G	*	*	*
S244E	*	*	*
S244A	*	*	*
S244N	*	*	*
S244H	*	*	*
S244I	*	*	*
S244K	*	*	*
S244M	*	*	*
S244F	*	*	*
S244P	*	*	*
S244T	*	*	*
S244W	*	*	*
S244Y	*	*	*
S244V	*	*	*
S244Q	*	*	*
S244C	*	*	*
G245N	*	*	*
G245D	*	*	*
G245L	*	*	*
G245Q	*	*	*
G245E	*	*	*
G245H	*	*	*
G245I	*	*	*
G245K	*	*	*
G245M	*	*	*
G245F	*	*	*
G245P	*	*	*
G245T	*	*	*
G245Y	*	*	*
G245V	*	*	*
G245C	*	*	*
G245R	*	*	*
G245W	*	*	*
G245A	*	*	*
R246T	*	*	*
R246V	*	*	*
R246A	*	*	*
R246N	*	*	*
R246D	*	*	*
R246Q	*	*	*
R246E	*	*	*
R246G	*	*	*
R246I	*	*	*
R246L	*	*	*
R246K	*	*	*
R246M	*	*	*
R246F	*	*	*
R246P	*	*	*
R246S	*	*	*
R246W	*	*	*
R246Y	*	*	*
G247F	*	*	*
G247A	*	*	*
G247V	*	*	*
G247Y	*	*	*
G247W	*	*	*
G247T	*	*	*
G247P	*	*	*
G247M	*	*	*
G247K	*	*	*
G247S	*	*	*
G247I	*	*	*
G247H	*	*	*
G247E	*	*	*
G247Q	*	*	*
G247C	*	*	*
G247D	*	*	*
G247L	*	*	*
G247N	*	*	*
P248K	*	*	*
P248M	*	*	*
P248F	*	*	*
P248S	*	*	*
P248Y	*	*	*
P248T	*	*	*
P248L	*	*	*
P248W	*	*	*
P248I	*	*	*
P248A	*	*	*
P248G	*	*	*
P248E	*	*	*
P248Q	*	*	*
P248C	*	*	*
P248D	*	*	*
P248N	*	*	*
P248R	*	*	*
P248V	*	*	*
P248H	*	*	*
F249A	*	*	*
F249R	*	*	*
F249Y	*	*	*
F249D	*	*	*
F249Q	*	*	*
F249E	*	*	*
F249G	*	*	*
F249H	*	*	*
F249I	*	*	*
F249L	*	*	*
F249N	*	*	*
F249M	*	*	*
F249P	*	*	*
F249T	*	*	*
F249W	*	*	*
F249V	*	*	*
F249K	*	*	*
G250V	*	*	*
G250Y	*	*	*
G250W	*	*	*
G250S	*	*	*
G250A	*	*	*
G250R	*	*	*
G250N	*	*	*
G250D	*	*	*
G250C	*	*	*
G250T	*	*	*
G250Q	*	*	*
G250I	*	*	*
G250L	*	*	*
G250K	*	*	*
G250M	*	*	*
G250F	*	*	*
G250P	*	*	*
G250H	*	*	*
G250E	*	*	*
D251T	*	*	*
D251W	*	*	*
D251P	*	*	*
D251S	*	*	*
D251V	*	*	*
D251Y	*	*	*
D251F	*	*	*
D251M	*	*	*
D251K	*	*	*
D251L	*	*	*
D251H	*	*	*
D251G	*	*	*
D251I	*	*	*
D251Q	*	*	*
D251C	*	*	*
D251N	*	*	*
D251R	*	*	*
D251A	*	*	*
D251E	*	*	*
S252M	*	*	*
S252K	*	*	*
S252L	*	*	*
S252F	*	*	*
S252I	*	*	*
S252H	*	*	*
S252T	*	*	*
S252Q	*	*	*
S252V	*	*	*
S252C	*	*	*
S252G	*	*	*
S252D	*	*	*
S252N	*	*	*
S252R	*	*	*
S252A	*	*	*
S252W	*	*	*
S252E	*	*	*
L253Q	*	*	*
L253D	*	*	*
L253N	*	*	*
L253C	*	*	*
L253R	*	*	*
L253A	*	*	*
L253G	*	*	*
L253E	*	*	*
L253W	*	*	*
L253T	*	*	*
L253S	*	*	*
L253Y	*	*	*
L253F	*	*	*
L253M	*	*	*
L253K	*	*	*
L253I	*	*	*
L253H	*	*	*
L253P	*	*	*
M254P	*	*	*
M254V	*	*	*
M254Y	*	*	*
M254W	*	*	*
M254S	*	*	*
M254R	*	*	*
M254F	*	*	*
M254Q	*	*	*
M254L	*	*	*
M254I	*	*	*
M254H	*	*	*
M254G	*	*	*
M254E	*	*	*
M254N	*	*	*
M254D	*	*	*
M254C	*	*	*
M254K	*	*	*
M254A	*	*	*
E255P	*	*	*
E255V	*	*	*
E255R	*	*	*
E255N	*	*	*
E255D	*	*	*
E255C	*	*	*
E255Q	*	*	*
E255G	*	*	*
E255H	*	*	*
E255I	*	*	*
E255A	*	*	*
E255M	*	*	*
E255F	*	*	*
E255S	*	*	*
E255T	*	*	*
E255W	*	*	*
E255Y	*	*	*
L256M	*	*	*
L256F	*	*	*
L256T	*	*	*
L256S	*	*	*
L256K	*	*	*
L256P	*	*	*
L256I	*	*	*
L256Q	*	*	*
L256G	*	*	*
L256E	*	*	*
L256C	*	*	*
L256D	*	*	*
L256N	*	*	*
L256R	*	*	*
L256A	*	*	*
L256H	*	*	*
L256Y	*	*	*
L256W	*	*	*
L256V	*	*	*
D257C	*	*	*
D257A	*	*	*
D257R	*	*	*
D257W	*	*	*
D257V	*	*	*
D257Y	*	*	*
D257T	*	*	*
D257S	*	*	*
D257P	*	*	*
D257M	*	*	*
D257K	*	*	*
D257I	*	*	*
D257G	*	*	*
D257Q	*	*	*
D257F	*	*	*
D257L	*	*	*
A258N	*	*	*
A258R	*	*	*
A258C	*	*	*
A258V	*	*	*
A258H	*	*	*
A258I	*	*	*
A258L	*	*	*
A258K	*	*	*
A258M	*	*	*
A258F	*	*	*
A258S	*	*	*
A258T	*	*	*
A258W	*	*	*
A258Y	*	*	*
A258D	*	*	*
A258Q	*	*	*
A258G	*	*	*
A258E	*	*	*
A259N	*	*	*
A259R	*	*	*
A259D	*	*	*
A259C	*	*	*
A259Q	*	*	*
A259V	*	*	*
A259Y	*	*	*
A259W	*	*	*
A259T	*	*	*
A259S	*	*	*
A259F	*	*	*
A259P	*	*	*
A259K	*	*	*
A259L	*	*	*
A259I	*	*	*
A259H	*	*	*
A259G	*	*	*
A259E	*	*	*
A259M	*	*	*
V260W	*	*	*
V260Y	*	*	*
V260T	*	*	*
V260N	*	*	*
V260S	*	*	*
V260R	*	*	*
V260A	*	*	*
V260D	*	*	*
V260C	*	*	*
V260Q	*	*	*
V260E	*	*	*
V260G	*	*	*
V260H	*	*	*
V260I	*	*	*
V260L	*	*	*
V260K	*	*	*
V260M	*	*	*
V260P	*	*	*
V260F	*	*	*
G261N	*	*	*
G261W	*	*	*
G261T	*	*	*
G261S	*	*	*
G261P	*	*	*
G261F	*	*	*
G261D	*	*	*
G261M	*	*	*
G261L	*	*	*
G261I	*	*	*
G261H	*	*	*
G261E	*	*	*
G261Q	*	*	*
G261A	*	*	*
G261C	*	*	*
G261K	*	*	*
G261V	*	*	*
G261Y	*	*	*
T262Y	*	*	*
T262A	*	*	*
T262R	*	*	*
T262N	*	*	*
T262D	*	*	*
T262C	*	*	*
T262Q	*	*	*
T262H	*	*	*
T262I	*	*	*
T262L	*	*	*
T262K	*	*	*
T262M	*	*	*
T262F	*	*	*
T262P	*	*	*
T262S	*	*	*
T262W	*	*	*
T262V	*	*	*
T262G	*	*	*
T262E	*	*	*
L263R	*	*	*
L263Y	*	*	*
L263V	*	*	*
L263N	*	*	*
L263W	*	*	*
L263P	*	*	*
L263F	*	*	*
L263M	*	*	*
L263S	*	*	*
L263I	*	*	*
L263A	*	*	*
L263D	*	*	*
L263K	*	*	*
L263C	*	*	*
L263T	*	*	*
L263Q	*	*	*
L263E	*	*	*
L263G	*	*	*
L263H	*	*	*
M264T	*	*	*
M264P	*	*	*
M264F	*	*	*
M264K	*	*	*
M264L	*	*	*
M264W	*	*	*
M264S	*	*	*
M264D	*	*	*
M264H	*	*	*
M264G	*	*	*
M264E	*	*	*
M264Q	*	*	*
M264Y	*	*	*
M264N	*	*	*
M264R	*	*	*
M264A	*	*	*
M264I	*	*	*
M264V	*	*	*
M264C	*	*	*
T265Q	*	*	*
T265V	*	*	*
T265Y	*	*	*
T265W	*	*	*
T265S	*	*	*
T265P	*	*	*
T265F	*	*	*
T265M	*	*	*
T265C	*	*	*
T265L	*	*	*
T265K	*	*	*
T265N	*	*	*
T265R	*	*	*
T265A	*	*	*
T265D	*	*	*
T265G	*	*	*
T265H	*	*	*
T265I	*	*	*
T265E	*	*	*
A266F	*	*	*
A266G	*	*	*
A266H	*	*	*
A266I	*	*	*
A266L	*	*	*
A266K	*	*	*
A266M	*	*	*
A266E	*	*	*
A266R	*	*	*
A266D	*	*	*
A266N	*	*	*
A266Q	*	*	*
A266S	*	*	*
A266W	*	*	*
A266Y	*	*	*
A266V	*	*	*
A266T	*	*	*
A266P	*	*	*
A266C	*	*	*
I267L	*	*	*
I267D	*	*	*
I267C	*	*	*
I267Q	*	*	*
I267E	*	*	*
I267G	*	*	*
I267H	*	*	*
I267K	*	*	*
I267M	*	*	*
I267F	*	*	*
I267P	*	*	*
I267S	*	*	*
I267Y	*	*	*
I267W	*	*	*
I267N	*	*	*
I267A	*	*	*
I267R	*	*	*
G268N	*	*	*
G268D	*	*	*
G268C	*	*	*
G268Q	*	*	*
G268E	*	*	*
G268H	*	*	*
G268I	*	*	*
G268L	*	*	*
G268K	*	*	*
G268M	*	*	*
G268P	*	*	*
G268S	*	*	*
G268T	*	*	*
G268W	*	*	*
G268Y	*	*	*
G268A	*	*	*
G268F	*	*	*
D269C	*	*	*
D269G	*	*	*
D269E	*	*	*
D269Q	*	*	*
D269N	*	*	*
D269R	*	*	*
D269A	*	*	*
D269H	*	*	*
D269I	*	*	*
D269L	*	*	*
D269K	*	*	*
D269F	*	*	*
D269P	*	*	*
D269S	*	*	*
D269T	*	*	*
D269W	*	*	*
D269Y	*	*	*
D269V	*	*	*
D269M	*	*	*
L270C	*	*	*
L270D	*	*	*
L270Q	*	*	*
L270N	*	*	*
L270R	*	*	*
L270V	*	*	*
L270Y	*	*	*
L270W	*	*	*
L270T	*	*	*
L270E	*	*	*
L270S	*	*	*
L270F	*	*	*
L270M	*	*	*
L270K	*	*	*
L270I	*	*	*
L270H	*	*	*
L270G	*	*	*
L270P	*	*	*
L270A	*	*	*
G271A	*	*	*
G271T	*	*	*
G271W	*	*	*
G271N	*	*	*
G271V	*	*	*
G271S	*	*	*
G271P	*	*	*
G271F	*	*	*
G271M	*	*	*
G271L	*	*	*
G271I	*	*	*
G271K	*	*	*
G271E	*	*	*
G271D	*	*	*
G271H	*	*	*
G271Y	*	*	*
G271C	*	*	*
G271Q	*	*	*
L272Y	*	*	*
L272V	*	*	*
L272T	*	*	*
L272K	*	*	*
L272S	*	*	*
L272P	*	*	*
L272F	*	*	*
L272M	*	*	*
L272W	*	*	*
L272I	*	*	*
L272D	*	*	*
L272G	*	*	*
L272E	*	*	*
L272C	*	*	*
L272N	*	*	*
L272R	*	*	*
L272A	*	*	*
L272H	*	*	*
L273K	*	*	*
L273M	*	*	*
L273F	*	*	*
L273P	*	*	*
L273W	*	*	*
L273Y	*	*	*
L273T	*	*	*
L273I	*	*	*
L273V	*	*	*
L273H	*	*	*
L273S	*	*	*
L273E	*	*	*
L273Q	*	*	*
L273C	*	*	*
L273D	*	*	*
L273N	*	*	*
L273R	*	*	*
L273A	*	*	*
L273G	*	*	*
E274A	*	*	*
E274R	*	*	*
E274N	*	*	*
E274D	*	*	*
E274C	*	*	*
E274V	*	*	*
E274Y	*	*	*
E274W	*	*	*
E274P	*	*	*
E274S	*	*	*
E274F	*	*	*
E274M	*	*	*
E274L	*	*	*
E274I	*	*	*
E274H	*	*	*
E274T	*	*	*
E274G	*	*	*
E274Q	*	*	*
E275S	*	*	*
E275T	*	*	*
E275P	*	*	*
E275F	*	*	*
E275M	*	*	*
E275K	*	*	*
E275Q	*	*	*
E275L	*	*	*
E275H	*	*	*
E275A	*	*	*
E275R	*	*	*
E275N	*	*	*
E275D	*	*	*
E275C	*	*	*
E275I	*	*	*
E275Y	*	*	*
E275W	*	*	*
E275G	*	*	*
E275V	*	*	*
T276V	*	*	*
T276Y	*	*	*
T276F	*	*	*
T276K	*	*	*
T276L	*	*	*
T276A	*	*	*
T276E	*	*	*
T276C	*	*	*
T276D	*	*	*
T276N	*	*	*
T276R	*	*	*
T276W	*	*	*
T276G	*	*	*
T276I	*	*	*
L277W	*	*	*
L277G	*	*	*
L277E	*	*	*
L277Q	*	*	*
L277C	*	*	*
L277D	*	*	*
L277R	*	*	*
L277A	*	*	*
L277H	*	*	*
L277N	*	*	*
L277S	*	*	*
L277K	*	*	*
L277M	*	*	*
L277F	*	*	*
L277Y	*	*	*
L277T	*	*	*
L277V	*	*	*
L277I	*	*	*
V278Y	*	*	*
V278W	*	*	*
V278T	*	*	*
V278P	*	*	*
V278M	*	*	*
V278I	*	*	*
V278L	*	*	*
V278H	*	*	*
V278G	*	*	*
V278E	*	*	*
V278Q	*	*	*
V278C	*	*	*
V278D	*	*	*
V278N	*	*	*
V278A	*	*	*
V278K	*	*	*
V278S	*	*	*
V278R	*	*	*
I279G	*	*	*
I279N	*	*	*
I279D	*	*	*
I279C	*	*	*
I279Q	*	*	*
I279E	*	*	*
I279H	*	*	*
I279L	*	*	*
I279F	*	*	*
I279S	*	*	*
I279T	*	*	*
I279W	*	*	*
I279R	*	*	*
I279Y	*	*	*
I279V	*	*	*
I279A	*	*	*
I279P	*	*	*
F280E	*	*	*
F280H	*	*	*
F280G	*	*	*
F280Q	*	*	*
F280C	*	*	*
F280N	*	*	*
F280R	*	*	*
F280A	*	*	*
F280L	*	*	*
F280D	*	*	*
F280K	*	*	*
F280I	*	*	*
F280V	*	*	*
F280Y	*	*	*
F280W	*	*	*
F280T	*	*	*
F280M	*	*	*
F280S	*	*	*
F280P	*	*	*
T281V	*	*	*
T281A	*	*	*
T281H	*	*	*
T281R	*	*	*
T281N	*	*	*
T281D	*	*	*
T281C	*	*	*
T281Q	*	*	*
T281E	*	*	*
T281G	*	*	*
T281S	*	*	*
T281K	*	*	*
T281Y	*	*	*
T281M	*	*	*
T281F	*	*	*
T281P	*	*	*
T281W	*	*	*
T281L	*	*	*
A282K	*	*	*
A282L	*	*	*
A282I	*	*	*
A282E	*	*	*
A282G	*	*	*
A282M	*	*	*
A282Q	*	*	*
A282H	*	*	*
A282F	*	*	*
A282R	*	*	*
A282S	*	*	*
A282T	*	*	*
A282W	*	*	*
A282Y	*	*	*
A282V	*	*	*
A282N	*	*	*
A282C	*	*	*
A282P	*	*	*
A282D	*	*	*
D283Q	*	*	*
D283C	*	*	*
D283V	*	*	*
D283R	*	*	*
D283A	*	*	*
D283H	*	*	*
D283I	*	*	*
D283L	*	*	*
D283G	*	*	*
D283M	*	*	*
D283K	*	*	*
D283W	*	*	*
D283T	*	*	*
D283Y	*	*	*
D283S	*	*	*
D283P	*	*	*
D283F	*	*	*
N284R	*	*	*
N284D	*	*	*
N284C	*	*	*
N284Q	*	*	*
N284E	*	*	*
N284G	*	*	*
N284H	*	*	*
N284I	*	*	*
N284L	*	*	*
N284M	*	*	*
N284F	*	*	*
N284P	*	*	*
N284T	*	*	*
N284W	*	*	*
N284V	*	*	*
N284Y	*	*	*
N284A	*	*	*
P286G	*	*	*
P286W	*	*	*
P286F	*	*	*
P286M	*	*	*
P286K	*	*	*
P286L	*	*	*
P286I	*	*	*
P286H	*	*	*
P286E	*	*	*
P286Q	*	*	*
P286A	*	*	*
P286R	*	*	*
P286N	*	*	*
P286Y	*	*	*
P286D	*	*	*
P286V	*	*	*
P286C	*	*	*
E287C	*	*	*
E287D	*	*	*
E287N	*	*	*
E287R	*	*	*
E287A	*	*	*
E287H	*	*	*
E287V	*	*	*
E287Y	*	*	*
E287M	*	*	*
E287F	*	*	*
E287P	*	*	*
E287S	*	*	*
E287T	*	*	*
E287W	*	*	*
E287K	*	*	*
E287I	*	*	*
E287L	*	*	*
E287G	*	*	*
T288I	*	*	*
T288L	*	*	*
T288E	*	*	*
T288Q	*	*	*
T288C	*	*	*
T288K	*	*	*
T288M	*	*	*
T288F	*	*	*
T288S	*	*	*
T288H	*	*	*
T288W	*	*	*
T288R	*	*	*
T288A	*	*	*
T288Y	*	*	*
T288V	*	*	*
T288D	*	*	*
T288G	*	*	*
M289S	*	*	*
M289W	*	*	*
M289Y	*	*	*
M289V	*	*	*
M289I	*	*	*
M289G	*	*	*
M289H	*	*	*
M289Q	*	*	*
M289C	*	*	*
M289D	*	*	*
M289N	*	*	*
M289R	*	*	*
M289A	*	*	*
M289P	*	*	*
M289F	*	*	*
M289K	*	*	*
M289L	*	*	*
M289E	*	*	*
R290W	*	*	*
R290T	*	*	*
R290P	*	*	*
R290Y	*	*	*
R290V	*	*	*
R290F	*	*	*
R290M	*	*	*
R290K	*	*	*
R290L	*	*	*
R290A	*	*	*
R290N	*	*	*
R290D	*	*	*
R290Q	*	*	*
R290I	*	*	*
R290E	*	*	*
R290G	*	*	*
M291A	*	*	*
M291Y	*	*	*
M291V	*	*	*
M291S	*	*	*
M291P	*	*	*
M291F	*	*	*
M291K	*	*	*
M291L	*	*	*
M291I	*	*	*
M291H	*	*	*
M291G	*	*	*
M291E	*	*	*
M291Q	*	*	*
M291C	*	*	*
M291D	*	*	*
M291N	*	*	*
M291R	*	*	*
M291T	*	*	*
M291W	*	*	*
S292R	*	*	*
S292V	*	*	*
S292Y	*	*	*
S292W	*	*	*
S292T	*	*	*
S292P	*	*	*
S292M	*	*	*
S292K	*	*	*
S292L	*	*	*
S292I	*	*	*
S292H	*	*	*
S292G	*	*	*
S292E	*	*	*
S292Q	*	*	*
S292A	*	*	*
S292C	*	*	*
S292D	*	*	*
S292N	*	*	*
R293T	*	*	*
R293A	*	*	*
R293N	*	*	*
R293D	*	*	*
R293V	*	*	*
R293Y	*	*	*
R293W	*	*	*
R293S	*	*	*
R293F	*	*	*
R293M	*	*	*
R293K	*	*	*
R293P	*	*	*
R293I	*	*	*
R293H	*	*	*
R293G	*	*	*
R293E	*	*	*
R293C	*	*	*
R293L	*	*	*
G294T	*	*	*
G294V	*	*	*
G294Y	*	*	*
G294W	*	*	*
G294P	*	*	*
G294S	*	*	*
G294D	*	*	*
G294M	*	*	*
G294A	*	*	*
G294R	*	*	*
G294N	*	*	*
G294C	*	*	*
G294Q	*	*	*
G294F	*	*	*
G294K	*	*	*
G294L	*	*	*
G294I	*	*	*
G294H	*	*	*
G294E	*	*	*
G295W	*	*	*
G295R	*	*	*
G295N	*	*	*
G295Q	*	*	*
G295E	*	*	*
G295H	*	*	*
G295I	*	*	*
G295A	*	*	*
G295K	*	*	*
G295M	*	*	*
G295F	*	*	*
G295P	*	*	*
G295T	*	*	*
G295Y	*	*	*
G295L	*	*	*
G295V	*	*	*
C296N	*	*	*
C296V	*	*	*
C296S	*	*	*
C296P	*	*	*
C296F	*	*	*
C296M	*	*	*
C296K	*	*	*
C296L	*	*	*
C296I	*	*	*
C296H	*	*	*
C296G	*	*	*
C296E	*	*	*
C296Q	*	*	*
C296D	*	*	*
C296A	*	*	*
C296R	*	*	*
C296T	*	*	*
C296W	*	*	*
S297D	*	*	*
S297A	*	*	*
S297C	*	*	*
S297R	*	*	*
S297E	*	*	*
S297G	*	*	*
S297H	*	*	*
S297I	*	*	*
S297N	*	*	*
S297L	*	*	*
S297Y	*	*	*
S297W	*	*	*
S297T	*	*	*
S297P	*	*	*
S297F	*	*	*
S297V	*	*	*
S297Q	*	*	*
S297K	*	*	*
S297M	*	*	*
G298Y	*	*	*
G298T	*	*	*
G298W	*	*	*
G298A	*	*	*
G298N	*	*	*
G298D	*	*	*
G298C	*	*	*
G298R	*	*	*
G298E	*	*	*
G298Q	*	*	*
G298F	*	*	*
G298M	*	*	*
G298P	*	*	*
G298L	*	*	*
G298I	*	*	*
G298H	*	*	*
G298K	*	*	*
L299M	*	*	*
L299Y	*	*	*
L299V	*	*	*
L299S	*	*	*
L299K	*	*	*
L299A	*	*	*
L299H	*	*	*
L299G	*	*	*
L299E	*	*	*
L299Q	*	*	*
L299C	*	*	*
L299D	*	*	*
L299N	*	*	*
L299R	*	*	*
L299W	*	*	*
L299I	*	*	*
L299T	*	*	*
L300A	*	*	*
L300N	*	*	*
L300V	*	*	*
L300Y	*	*	*
L300R	*	*	*
L300T	*	*	*
L300P	*	*	*
L300W	*	*	*
L300K	*	*	*
L300I	*	*	*
L300H	*	*	*
L300G	*	*	*
L300E	*	*	*
L300Q	*	*	*
L300C	*	*	*
L300D	*	*	*
L300M	*	*	*
R301K	*	*	*
R301L	*	*	*
R301I	*	*	*
R301H	*	*	*
R301D	*	*	*
R301C	*	*	*
R301N	*	*	*
R301A	*	*	*
R301E	*	*	*
R301F	*	*	*
R301M	*	*	*
R301S	*	*	*
R301T	*	*	*
R301Y	*	*	*
R301V	*	*	*
C302F	*	*	*
C302K	*	*	*
C302L	*	*	*
C302I	*	*	*
C302H	*	*	*
C302G	*	*	*
C302N	*	*	*
C302Q	*	*	*
C302D	*	*	*
C302P	*	*	*
C302R	*	*	*
C302A	*	*	*
C302T	*	*	*
C302E	*	*	*
C302S	*	*	*
C302M	*	*	*
C302V	*	*	*
C302Y	*	*	*
C302W	*	*	*
G303E	*	*	*
G303Q	*	*	*
G303S	*	*	*
G303T	*	*	*
G303W	*	*	*
G303Y	*	*	*
G303V	*	*	*
G303D	*	*	*
G303C	*	*	*
G303H	*	*	*
G303I	*	*	*
G303L	*	*	*
G303K	*	*	*
G303M	*	*	*
G303F	*	*	*
G303P	*	*	*
G303N	*	*	*
G303A	*	*	*
K304E	*	*	*
K304Q	*	*	*
K304C	*	*	*
K304G	*	*	*
K304A	*	*	*
K304D	*	*	*
K304H	*	*	*
K304L	*	*	*
K304F	*	*	*
K304P	*	*	*
K304S	*	*	*
K304T	*	*	*
K304W	*	*	*
K304Y	*	*	*
K304V	*	*	*
K304I	*	*	*
G305I	*	*	*
G305H	*	*	*
G305E	*	*	*
G305N	*	*	*
G305D	*	*	*
G305L	*	*	*
G305C	*	*	*
G305K	*	*	*
G305F	*	*	*
G305P	*	*	*
G305S	*	*	*
G305R	*	*	*
G305T	*	*	*
G305W	*	*	*
G305Y	*	*	*
G305V	*	*	*
G305M	*	*	*
G305A	*	*	*
G305Q	*	*	*
T306F	*	*	*
T306A	*	*	*
T306R	*	*	*
T306N	*	*	*
T306D	*	*	*
T306C	*	*	*
T306Q	*	*	*
T306E	*	*	*
T306H	*	*	*
T306I	*	*	*
T306L	*	*	*
T306K	*	*	*
T306P	*	*	*
T306S	*	*	*
T306G	*	*	*
T306Y	*	*	*
T306V	*	*	*
T306W	*	*	*
T307N	*	*	*
T307D	*	*	*
T307C	*	*	*
T307E	*	*	*
T307G	*	*	*
T307H	*	*	*
T307I	*	*	*
T307L	*	*	*
T307K	*	*	*
T307Q	*	*	*
T307Y	*	*	*
T307W	*	*	*
T307S	*	*	*
T307P	*	*	*
T307F	*	*	*
T307M	*	*	*
T307A	*	*	*
T307V	*	*	*
T307R	*	*	*
Y308V	*	*	*
Y308A	*	*	*
Y308R	*	*	*
Y308N	*	*	*
Y308D	*	*	*
Y308C	*	*	*
Y308Q	*	*	*
Y308G	*	*	*
Y308I	*	*	*
Y308E	*	*	*
Y308K	*	*	*
Y308L	*	*	*
Y308T	*	*	*
Y308S	*	*	*
Y308W	*	*	*
Y308F	*	*	*
Y308M	*	*	*
Y308P	*	*	*
E309H	*	*	*
E309M	*	*	*
E309F	*	*	*
E309P	*	*	*
E309S	*	*	*
E309T	*	*	*
E309Y	*	*	*
E309W	*	*	*
E309G	*	*	*
E309C	*	*	*
E309A	*	*	*
E309D	*	*	*
E309N	*	*	*
E309R	*	*	*
E309L	*	*	*
E309V	*	*	*
E309I	*	*	*
G310S	*	*	*
G310M	*	*	*
G310F	*	*	*
G310P	*	*	*
G310T	*	*	*
G310W	*	*	*
G310K	*	*	*
G310L	*	*	*
G310H	*	*	*
G310Y	*	*	*
G310E	*	*	*
G310Q	*	*	*
G310C	*	*	*
G310N	*	*	*
G310R	*	*	*
G310A	*	*	*
G310I	*	*	*
G311E	*	*	*
G311R	*	*	*
G311H	*	*	*
G311I	*	*	*
G311L	*	*	*
G311K	*	*	*
G311M	*	*	*
G311F	*	*	*
G311P	*	*	*
G311W	*	*	*
G311Y	*	*	*
G311V	*	*	*
G311Q	*	*	*
G311C	*	*	*
G311N	*	*	*
G311T	*	*	*
V312R	*	*	*
V312A	*	*	*
V312D	*	*	*
V312N	*	*	*
V312Q	*	*	*
V312Y	*	*	*
V312W	*	*	*
V312T	*	*	*
V312C	*	*	*
V312S	*	*	*
V312P	*	*	*
V312F	*	*	*
V312K	*	*	*
V312L	*	*	*
V312I	*	*	*
V312H	*	*	*
V312G	*	*	*
V312E	*	*	*
V312M	*	*	*
R313W	*	*	*
R313K	*	*	*
R313T	*	*	*
R313S	*	*	*
R313F	*	*	*
R313M	*	*	*
R313L	*	*	*
R313I	*	*	*
R313G	*	*	*
R313E	*	*	*
R313C	*	*	*
R313D	*	*	*
R313N	*	*	*
R313A	*	*	*
R313Y	*	*	*
R313H	*	*	*
R313V	*	*	*
E314S	*	*	*
E314Y	*	*	*
E314N	*	*	*
E314C	*	*	*
E314Q	*	*	*
E314V	*	*	*
E314G	*	*	*
E314W	*	*	*
E314T	*	*	*
E314F	*	*	*
E314M	*	*	*
E314K	*	*	*
E314L	*	*	*
E314I	*	*	*
E314H	*	*	*
E314R	*	*	*
E314A	*	*	*
E314P	*	*	*
P315F	*	*	*
P315S	*	*	*
P315W	*	*	*
P315Y	*	*	*
P315V	*	*	*
P315M	*	*	*
P315T	*	*	*
P315K	*	*	*
P315E	*	*	*
P315I	*	*	*
P315L	*	*	*
P315R	*	*	*
P315N	*	*	*
P315D	*	*	*
P315A	*	*	*
P315Q	*	*	*
P315G	*	*	*
P315H	*	*	*
P315C	*	*	*
A316C	*	*	*
A316Q	*	*	*
A316E	*	*	*
A316G	*	*	*
A316H	*	*	*
A316I	*	*	*
A316L	*	*	*
A316M	*	*	*
A316F	*	*	*
A316P	*	*	*
A316S	*	*	*
A316W	*	*	*
A316Y	*	*	*
A316V	*	*	*
A316N	*	*	*
A316R	*	*	*
A316K	*	*	*
L317T	*	*	*
L317V	*	*	*
L317Y	*	*	*
L317W	*	*	*
L317P	*	*	*
L317D	*	*	*
L317C	*	*	*
L317Q	*	*	*
L317S	*	*	*
L317E	*	*	*
L317G	*	*	*
L317H	*	*	*
L317R	*	*	*
L317A	*	*	*
L317I	*	*	*
L317K	*	*	*
L317M	*	*	*
L317N	*	*	*
A318L	*	*	*
A318K	*	*	*
A318M	*	*	*
A318F	*	*	*
A318I	*	*	*
A318H	*	*	*
A318G	*	*	*
A318E	*	*	*
A318Q	*	*	*
A318C	*	*	*
A318D	*	*	*
A318P	*	*	*
A318R	*	*	*
A318T	*	*	*
A318W	*	*	*
A318Y	*	*	*
A318V	*	*	*
A318S	*	*	*
A318N	*	*	*
F319I	*	*	*
F319H	*	*	*
F319G	*	*	*
F319Q	*	*	*
F319D	*	*	*
F319L	*	*	*
F319N	*	*	*
F319R	*	*	*
F319A	*	*	*
F319K	*	*	*
F319E	*	*	*
F319P	*	*	*
F319S	*	*	*
F319T	*	*	*
F319W	*	*	*
F319Y	*	*	*
F319V	*	*	*
F319M	*	*	*
W320P	*	*	*
W320S	*	*	*
W320V	*	*	*
W320Y	*	*	*
W320F	*	*	*
W320Q	*	*	*
W320T	*	*	*
W320M	*	*	*
W320H	*	*	*
W320L	*	*	*
W320I	*	*	*
W320E	*	*	*
W320D	*	*	*
W320N	*	*	*
W320R	*	*	*
W320K	*	*	*
W320A	*	*	*
P321R	*	*	*
P321S	*	*	*
P321V	*	*	*
P321Y	*	*	*
P321W	*	*	*
P321T	*	*	*
P321F	*	*	*
P321M	*	*	*
P321A	*	*	*
P321K	*	*	*
P321I	*	*	*
P321H	*	*	*
P321G	*	*	*
P321E	*	*	*
P321Q	*	*	*
P321C	*	*	*
P321D	*	*	*
P321N	*	*	*
P321L	*	*	*
G322P	*	*	*
G322F	*	*	*
G322K	*	*	*
G322M	*	*	*
G322I	*	*	*
G322H	*	*	*
G322S	*	*	*
G322L	*	*	*
G322A	*	*	*
G322W	*	*	*
G322Y	*	*	*
G322V	*	*	*
G322C	*	*	*
G322D	*	*	*
G322N	*	*	*
G322R	*	*	*
G322E	*	*	*
G322T	*	*	*
G322Q	*	*	*
H323N	*	*	*
H323P	*	*	*
H323C	*	*	*
H323Q	*	*	*
H323E	*	*	*
H323G	*	*	*
H323I	*	*	*
H323L	*	*	*
H323K	*	*	*
H323M	*	*	*
H323F	*	*	*
H323R	*	*	*
H323S	*	*	*
H323T	*	*	*
H323W	*	*	*
H323D	*	*	*
H323A	*	*	*
H323Y	*	*	*
H323V	*	*	*
I324S	*	*	*
I324P	*	*	*
I324F	*	*	*
I324M	*	*	*
I324K	*	*	*
I324L	*	*	*
I324H	*	*	*
I324G	*	*	*
I324E	*	*	*
I324Q	*	*	*
I324C	*	*	*
I324Y	*	*	*
I324W	*	*	*
I324A	*	*	*
I324R	*	*	*
I324D	*	*	*
I324N	*	*	*
A325G	*	*	*
A325R	*	*	*
A325N	*	*	*
A325C	*	*	*
A325E	*	*	*
A325F	*	*	*
A325M	*	*	*
A325K	*	*	*
A325L	*	*	*
A325Q	*	*	*
A325H	*	*	*
A325D	*	*	*
A325I	*	*	*
A325P	*	*	*
A325Y	*	*	*
A325V	*	*	*
A325S	*	*	*
P326K	*	*	*
P326T	*	*	*
P326S	*	*	*
P326F	*	*	*
P326M	*	*	*
P326L	*	*	*
P326I	*	*	*
P326E	*	*	*
P326G	*	*	*
P326W	*	*	*
P326Q	*	*	*
P326C	*	*	*
P326D	*	*	*
P326N	*	*	*
P326R	*	*	*
P326A	*	*	*
P326H	*	*	*
P326V	*	*	*
P326Y	*	*	*
G327A	*	*	*
G327V	*	*	*
G327Y	*	*	*
G327W	*	*	*
G327T	*	*	*
G327R	*	*	*
G327F	*	*	*
G327M	*	*	*
G327K	*	*	*
G327P	*	*	*
G327I	*	*	*
G327H	*	*	*
G327E	*	*	*
G327Q	*	*	*
G327C	*	*	*
G327L	*	*	*
G327N	*	*	*
V328G	*	*	*
V328P	*	*	*
V328S	*	*	*
V328W	*	*	*
V328F	*	*	*
V328Y	*	*	*
V328H	*	*	*
V328T	*	*	*
V328E	*	*	*
V328I	*	*	*
V328C	*	*	*
V328D	*	*	*
V328N	*	*	*
V328R	*	*	*
V328A	*	*	*
V328M	*	*	*
V328L	*	*	*
V328K	*	*	*
V328Q	*	*	*
T329D	*	*	*
T329A	*	*	*
T329R	*	*	*
T329N	*	*	*
T329C	*	*	*
T329F	*	*	*
T329E	*	*	*
T329V	*	*	*
T329Y	*	*	*
T329W	*	*	*
T329S	*	*	*
T329Q	*	*	*
T329P	*	*	*
T329M	*	*	*
T329K	*	*	*
T329L	*	*	*
T329H	*	*	*
T329G	*	*	*
H330V	*	*	*
H330W	*	*	*
H330D	*	*	*
H330Y	*	*	*
H330N	*	*	*
H330K	*	*	*
H330C	*	*	*
H330G	*	*	*
H330I	*	*	*
H330L	*	*	*
H330M	*	*	*
H330A	*	*	*
H330F	*	*	*
H330P	*	*	*
H330S	*	*	*
H330T	*	*	*
H330Q	*	*	*
H330E	*	*	*
E331A	*	*	*
E331N	*	*	*
E331D	*	*	*
E331C	*	*	*
E331Q	*	*	*
E331G	*	*	*
E331H	*	*	*
E331L	*	*	*
E331T	*	*	*
E331W	*	*	*
E331Y	*	*	*
E331V	*	*	*
E331F	*	*	*
E331M	*	*	*
E331K	*	*	*
E331I	*	*	*
E331S	*	*	*
E331P	*	*	*
L332M	*	*	*
L332N	*	*	*
L332R	*	*	*
L332A	*	*	*
L332D	*	*	*
L332C	*	*	*
L332Q	*	*	*
L332E	*	*	*
L332G	*	*	*
L332H	*	*	*
L332V	*	*	*
L332Y	*	*	*
L332W	*	*	*
L332T	*	*	*
L332I	*	*	*
L332P	*	*	*
L332F	*	*	*
L332K	*	*	*
L332S	*	*	*
A333N	*	*	*
A333I	*	*	*
A333G	*	*	*
A333H	*	*	*
A333Q	*	*	*
A333L	*	*	*
A333K	*	*	*
A333M	*	*	*
A333F	*	*	*
A333P	*	*	*
A333E	*	*	*
A333S	*	*	*
A333W	*	*	*
A333Y	*	*	*
A333V	*	*	*
A333R	*	*	*
A333C	*	*	*
A333D	*	*	*
A333T	*	*	*
S334P	*	*	*
S334F	*	*	*
S334K	*	*	*
S334T	*	*	*
S334W	*	*	*
S334L	*	*	*
S334Y	*	*	*
S334H	*	*	*
S334G	*	*	*
S334E	*	*	*
S334A	*	*	*
S334D	*	*	*
S334Q	*	*	*
S334N	*	*	*
S334C	*	*	*
S334R	*	*	*
S334I	*	*	*
S334V	*	*	*
S334M	*	*	*
S335A	*	*	*
S335T	*	*	*
S335V	*	*	*
S335Y	*	*	*
S335W	*	*	*
S335P	*	*	*
S335M	*	*	*
S335K	*	*	*
S335F	*	*	*
S335I	*	*	*
S335N	*	*	*
S335D	*	*	*
S335L	*	*	*
S335C	*	*	*
S335Q	*	*	*
S335R	*	*	*
S335G	*	*	*
S335H	*	*	*
S335E	*	*	*
L336M	*	*	*
L336E	*	*	*
L336G	*	*	*
L336H	*	*	*
L336I	*	*	*
L336K	*	*	*
L336N	*	*	*
L336Q	*	*	*
L336R	*	*	*
L336V	*	*	*
L336Y	*	*	*
L336W	*	*	*
L336T	*	*	*
L336D	*	*	*
L336S	*	*	*
L336A	*	*	*
L336P	*	*	*
L336F	*	*	*
L336C	*	*	*
D337A	*	*	*
D337R	*	*	*
D337Y	*	*	*
D337S	*	*	*
D337F	*	*	*
D337W	*	*	*
D337T	*	*	*
D337M	*	*	*
D337L	*	*	*
D337P	*	*	*
D337I	*	*	*
D337G	*	*	*
D337E	*	*	*
D337Q	*	*	*
D337C	*	*	*
D337N	*	*	*
D337H	*	*	*
D337K	*	*	*
L338C	*	*	*
L338V	*	*	*
L338I	*	*	*
L338Y	*	*	*
L338H	*	*	*
L338T	*	*	*
L338G	*	*	*
L338S	*	*	*
L338F	*	*	*
L338W	*	*	*
L338E	*	*	*
L338K	*	*	*
L338M	*	*	*
L338D	*	*	*
L338N	*	*	*
L338A	*	*	*
L338R	*	*	*
L338Q	*	*	*
L339V	*	*	*
L339Y	*	*	*
L339W	*	*	*
L339T	*	*	*
L339S	*	*	*
L339A	*	*	*
L339R	*	*	*
L339D	*	*	*
L339C	*	*	*
L339Q	*	*	*
L339E	*	*	*
L339G	*	*	*
L339H	*	*	*
L339K	*	*	*
L339M	*	*	*
L339F	*	*	*
L339P	*	*	*
L339N	*	*	*
L339I	*	*	*
P340R	*	*	*
P340V	*	*	*
P340A	*	*	*
P340C	*	*	*
P340Q	*	*	*
P340G	*	*	*
P340H	*	*	*
P340I	*	*	*
P340L	*	*	*
P340K	*	*	*
P340M	*	*	*
P340F	*	*	*
P340S	*	*	*
P340T	*	*	*
P340W	*	*	*
P340Y	*	*	*
P340N	*	*	*
P340D	*	*	*
P340E	*	*	*
T341R	*	*	*
T341A	*	*	*
T341N	*	*	*
T341D	*	*	*
T341C	*	*	*
T341Q	*	*	*
T341E	*	*	*
T341H	*	*	*
T341I	*	*	*
T341L	*	*	*
T341G	*	*	*
T341M	*	*	*
T341V	*	*	*
T341K	*	*	*
T341W	*	*	*
T341Y	*	*	*
T341P	*	*	*
T341F	*	*	*
T341S	*	*	*
L342K	*	*	*
L342W	*	*	*
L342T	*	*	*
L342S	*	*	*
L342P	*	*	*
L342F	*	*	*
L342M	*	*	*
L342I	*	*	*
L342N	*	*	*
L342G	*	*	*
L342E	*	*	*
L342Q	*	*	*
L342C	*	*	*
L342D	*	*	*
L342R	*	*	*
L342A	*	*	*
L342Y	*	*	*
L342H	*	*	*
A343N	*	*	*
A343R	*	*	*
A343K	*	*	*
A343P	*	*	*
A343S	*	*	*
A343T	*	*	*
A343W	*	*	*
A343Y	*	*	*
A343V	*	*	*
A343F	*	*	*
A343L	*	*	*
A343I	*	*	*
A343H	*	*	*
A343G	*	*	*
A343M	*	*	*
A343D	*	*	*
A343C	*	*	*
A343Q	*	*	*
A343E	*	*	*
A344K	*	*	*
A344V	*	*	*
A344Y	*	*	*
A344W	*	*	*
A344T	*	*	*
A344R	*	*	*
A344N	*	*	*
A344I	*	*	*
A344G	*	*	*
A344E	*	*	*
A344Q	*	*	*
A344C	*	*	*
A344S	*	*	*
A344P	*	*	*
A344F	*	*	*
A344M	*	*	*
A344H	*	*	*
A344L	*	*	*
L345A	*	*	*
L345R	*	*	*
L345Y	*	*	*
L345D	*	*	*
L345N	*	*	*
L345C	*	*	*
L345V	*	*	*
L345Q	*	*	*
L345E	*	*	*
L345H	*	*	*
L345I	*	*	*
L345G	*	*	*
L345M	*	*	*
L345F	*	*	*
L345P	*	*	*
L345S	*	*	*
L345T	*	*	*
L345W	*	*	*
L345K	*	*	*
A346M	*	*	*
A346T	*	*	*
A346S	*	*	*
A346P	*	*	*
A346W	*	*	*
A346F	*	*	*
A346K	*	*	*
A346C	*	*	*
A346I	*	*	*
A346H	*	*	*
A346G	*	*	*
A346E	*	*	*
A346Q	*	*	*
A346D	*	*	*
A346N	*	*	*
A346R	*	*	*
A346Y	*	*	*
A346L	*	*	*
A346V	*	*	*
G347M	*	*	*
G347A	*	*	*
G347T	*	*	*
G347W	*	*	*
G347Y	*	*	*
G347V	*	*	*
G347F	*	*	*
G347K	*	*	*
G347L	*	*	*
G347I	*	*	*
G347S	*	*	*
G347H	*	*	*
G347Q	*	*	*
G347C	*	*	*
G347D	*	*	*
G347N	*	*	*
G347E	*	*	*
G347P	*	*	*
A348W	*	*	*
A348Y	*	*	*
A348V	*	*	*
A348L	*	*	*
A348I	*	*	*
A348T	*	*	*
A348H	*	*	*
A348E	*	*	*
A348Q	*	*	*
A348C	*	*	*
A348D	*	*	*
A348G	*	*	*
A348R	*	*	*
A348S	*	*	*
A348N	*	*	*
A348F	*	*	*
A348P	*	*	*
A348K	*	*	*
A348M	*	*	*
P349G	*	*	*
P349Y	*	*	*
P349W	*	*	*
P349T	*	*	*
P349V	*	*	*
P349A	*	*	*
P349R	*	*	*
P349N	*	*	*
P349D	*	*	*
P349C	*	*	*
P349Q	*	*	*
P349E	*	*	*
P349H	*	*	*
P349S	*	*	*
P349L	*	*	*
P349K	*	*	*
P349M	*	*	*
P349F	*	*	*
P349I	*	*	*
L350G	*	*	*
L350T	*	*	*
L350S	*	*	*
L350K	*	*	*
L350I	*	*	*
L350P	*	*	*
L350F	*	*	*
L350M	*	*	*
L350H	*	*	*
L350E	*	*	*
L350W	*	*	*
L350C	*	*	*
L350D	*	*	*
L350N	*	*	*
L350R	*	*	*
L350A	*	*	*
L350Y	*	*	*
L350V	*	*	*
P351W	*	*	*
P351Y	*	*	*
P351V	*	*	*
P351S	*	*	*
P351T	*	*	*
P351C	*	*	*
P351F	*	*	*
P351M	*	*	*
P351K	*	*	*
P351L	*	*	*
P351I	*	*	*
P351H	*	*	*
P351G	*	*	*
P351E	*	*	*
P351A	*	*	*
P351R	*	*	*
P351N	*	*	*
P351Q	*	*	*
P351D	*	*	*
N352K	*	*	*
N352I	*	*	*
N352L	*	*	*
N352E	*	*	*
N352F	*	*	*
N352C	*	*	*
N352M	*	*	*
N352D	*	*	*
N352R	*	*	*
N352A	*	*	*
N352Q	*	*	*
N352P	*	*	*
N352G	*	*	*
N352T	*	*	*
N352W	*	*	*
N352Y	*	*	*
N352V	*	*	*
V353Y	*	*	*
V353W	*	*	*
V353T	*	*	*
V353S	*	*	*
V353F	*	*	*
V353M	*	*	*
V353K	*	*	*
V353L	*	*	*
V353P	*	*	*
V353H	*	*	*
V353I	*	*	*
V353E	*	*	*
V353C	*	*	*
V353D	*	*	*
V353Q	*	*	*
V353N	*	*	*
V353R	*	*	*
V353A	*	*	*
V353G	*	*	*
T354H	*	*	*
T354M	*	*	*
T354K	*	*	*
T354L	*	*	*
T354I	*	*	*
T354F	*	*	*
T354G	*	*	*
T354N	*	*	*
T354Q	*	*	*
T354C	*	*	*
T354D	*	*	*
T354R	*	*	*
T354A	*	*	*
T354E	*	*	*
T354P	*	*	*
T354W	*	*	*
T354Y	*	*	*
T354V	*	*	*
L355C	*	*	*
L355K	*	*	*
L355M	*	*	*
L355F	*	*	*
L355P	*	*	*
L355V	*	*	*
L355Y	*	*	*
L355W	*	*	*
L355T	*	*	*
L355S	*	*	*
L355H	*	*	*
L355G	*	*	*
L355Q	*	*	*
L355I	*	*	*
L355A	*	*	*
L355R	*	*	*
L355N	*	*	*
L355D	*	*	*
L355E	*	*	*
D356S	*	*	*
D356T	*	*	*
D356W	*	*	*
D356Y	*	*	*
D356F	*	*	*
D356P	*	*	*
D356A	*	*	*
D356L	*	*	*
D356N	*	*	*
D356C	*	*	*
D356Q	*	*	*
D356E	*	*	*
D356M	*	*	*
D356K	*	*	*
D356R	*	*	*
D356I	*	*	*
D356H	*	*	*
D356G	*	*	*
G357C	*	*	*
G357Q	*	*	*
G357D	*	*	*
G357H	*	*	*
G357E	*	*	*
G357N	*	*	*
G357A	*	*	*
G357S	*	*	*
G357Y	*	*	*
G357W	*	*	*
G357T	*	*	*
G357I	*	*	*
G357L	*	*	*
G357K	*	*	*
G357M	*	*	*
G357F	*	*	*
G357R	*	*	*
G357P	*	*	*
F358L	*	*	*
F358Y	*	*	*
F358V	*	*	*
F358R	*	*	*
F358N	*	*	*
F358D	*	*	*
F358C	*	*	*
F358Q	*	*	*
F358E	*	*	*
F358G	*	*	*
F358H	*	*	*
F358A	*	*	*
F358K	*	*	*
F358M	*	*	*
F358P	*	*	*
F358S	*	*	*
F358T	*	*	*
F358W	*	*	*
F358I	*	*	*
D359S	*	*	*
D359I	*	*	*
D359F	*	*	*
D359K	*	*	*
D359M	*	*	*
D359G	*	*	*
D359L	*	*	*
D359E	*	*	*
D359R	*	*	*
D359C	*	*	*
D359A	*	*	*
D359T	*	*	*
D359W	*	*	*
D359V	*	*	*
D359Q	*	*	*
D359P	*	*	*
D359H	*	*	*
L360N	*	*	*
L360T	*	*	*
L360S	*	*	*
L360F	*	*	*
L360M	*	*	*
L360Y	*	*	*
L360A	*	*	*
L360V	*	*	*
L360I	*	*	*
L360H	*	*	*
L360G	*	*	*
L360E	*	*	*
L360Q	*	*	*
L360C	*	*	*
L360D	*	*	*
L360K	*	*	*
L360W	*	*	*
L360R	*	*	*
S361T	*	*	*
S361H	*	*	*
S361Q	*	*	*
S361E	*	*	*
S361A	*	*	*
S361I	*	*	*
S361R	*	*	*
S361N	*	*	*
S361V	*	*	*
S361G	*	*	*
S361W	*	*	*
S361C	*	*	*
S361Y	*	*	*
S361K	*	*	*
S361M	*	*	*
S361L	*	*	*
S361P	*	*	*
S361D	*	*	*
S361F	*	*	*
P362W	*	*	*
P362S	*	*	*
P362F	*	*	*
P362M	*	*	*
P362K	*	*	*
P362T	*	*	*
P362G	*	*	*
P362D	*	*	*
P362C	*	*	*
P362Q	*	*	*
P362E	*	*	*
P362L	*	*	*
P362H	*	*	*
P362N	*	*	*
P362I	*	*	*
P362V	*	*	*
P362A	*	*	*
P362Y	*	*	*
P362R	*	*	*
L363V	*	*	*
L363T	*	*	*
L363S	*	*	*
L363P	*	*	*
L363F	*	*	*
L363M	*	*	*
L363K	*	*	*
L363N	*	*	*
L363Y	*	*	*
L363G	*	*	*
L363E	*	*	*
L363Q	*	*	*
L363C	*	*	*
L363D	*	*	*
L363A	*	*	*
L363R	*	*	*
L363I	*	*	*
L363H	*	*	*
L363W	*	*	*
L364T	*	*	*
L364S	*	*	*
L364P	*	*	*
L364Y	*	*	*
L364V	*	*	*
L364F	*	*	*
L364M	*	*	*
L364K	*	*	*
L364I	*	*	*
L364W	*	*	*
L364G	*	*	*
L364E	*	*	*
L364Q	*	*	*
L364C	*	*	*
L364A	*	*	*
L364R	*	*	*
L364H	*	*	*
L364N	*	*	*
L364D	*	*	*
L365P	*	*	*
L365F	*	*	*
L365M	*	*	*
L365K	*	*	*
L365I	*	*	*
L365E	*	*	*
L365G	*	*	*
L365S	*	*	*
L365Q	*	*	*
L365C	*	*	*
L365D	*	*	*
L365N	*	*	*
L365R	*	*	*
L365A	*	*	*
L365H	*	*	*
L365Y	*	*	*
L365W	*	*	*
L365V	*	*	*
L365T	*	*	*
G366S	*	*	*
G366P	*	*	*
G366F	*	*	*
G366M	*	*	*
G366K	*	*	*
G366L	*	*	*
G366I	*	*	*
G366E	*	*	*
G366Q	*	*	*
G366C	*	*	*
G366W	*	*	*
G366N	*	*	*
G366A	*	*	*
G366Y	*	*	*
G366V	*	*	*
G366H	*	*	*
G366R	*	*	*
G366D	*	*	*
G366T	*	*	*
T367Y	*	*	*
T367V	*	*	*
T367F	*	*	*
T367M	*	*	*
T367K	*	*	*
T367L	*	*	*
T367W	*	*	*
T367G	*	*	*
T367I	*	*	*
T367Q	*	*	*
T367C	*	*	*
T367D	*	*	*
T367N	*	*	*
T367R	*	*	*
T367A	*	*	*
T367E	*	*	*
T367H	*	*	*
T367P	*	*	*
T367S	*	*	*
G368V	*	*	*
G368Y	*	*	*
G368W	*	*	*
G368T	*	*	*
G368S	*	*	*
G368A	*	*	*
G368R	*	*	*
G368N	*	*	*
G368E	*	*	*
G368C	*	*	*
G368Q	*	*	*
G368P	*	*	*
G368F	*	*	*
G368M	*	*	*
G368K	*	*	*
G368L	*	*	*
G368I	*	*	*
G368H	*	*	*
G368D	*	*	*
K369M	*	*	*
K369F	*	*	*
K369P	*	*	*
K369S	*	*	*
K369E	*	*	*
K369W	*	*	*
K369Y	*	*	*
K369G	*	*	*
K369Q	*	*	*
K369V	*	*	*
K369T	*	*	*
K369H	*	*	*
K369L	*	*	*
K369C	*	*	*
K369I	*	*	*
K369A	*	*	*
K369R	*	*	*
K369D	*	*	*
S370T	*	*	*
S370F	*	*	*
S370M	*	*	*
S370L	*	*	*
S370I	*	*	*
S370H	*	*	*
S370G	*	*	*
S370E	*	*	*
S370V	*	*	*
S370W	*	*	*
S370K	*	*	*
S370P	*	*	*
S370Y	*	*	*
S370C	*	*	*
S370Q	*	*	*
S370N	*	*	*
S370R	*	*	*
S370A	*	*	*
S370D	*	*	*
P371V	*	*	*
P371S	*	*	*
P371F	*	*	*
P371M	*	*	*
P371A	*	*	*
P371N	*	*	*
P371D	*	*	*
P371C	*	*	*
P371Q	*	*	*
P371E	*	*	*
P371G	*	*	*
P371H	*	*	*
P371I	*	*	*
P371L	*	*	*
P371R	*	*	*
P371T	*	*	*
P371Y	*	*	*
P371W	*	*	*
P371K	*	*	*
R372A	*	*	*
R372F	*	*	*
R372M	*	*	*
R372K	*	*	*
R372L	*	*	*
R372I	*	*	*
R372S	*	*	*
R372H	*	*	*
R372G	*	*	*
R372E	*	*	*
R372Y	*	*	*
R372V	*	*	*
R372C	*	*	*
R372D	*	*	*
R372N	*	*	*
R372T	*	*	*
R372P	*	*	*
Q373V	*	*	*
Q373Y	*	*	*
Q373W	*	*	*
Q373S	*	*	*
Q373F	*	*	*
Q373M	*	*	*
Q373K	*	*	*
Q373L	*	*	*
Q373I	*	*	*
Q373H	*	*	*
Q373G	*	*	*
Q373E	*	*	*
Q373C	*	*	*
Q373D	*	*	*
Q373R	*	*	*
Q373A	*	*	*
Q373T	*	*	*
Q373N	*	*	*
S374Q	*	*	*
S374F	*	*	*
S374A	*	*	*
S374R	*	*	*
S374N	*	*	*
S374D	*	*	*
S374C	*	*	*
S374E	*	*	*
S374G	*	*	*
S374M	*	*	*
S374H	*	*	*
S374L	*	*	*
S374V	*	*	*
S374Y	*	*	*
S374W	*	*	*
S374T	*	*	*
S374P	*	*	*
S374I	*	*	*
S374K	*	*	*
L375M	*	*	*
L375D	*	*	*
L375A	*	*	*
L375R	*	*	*
L375N	*	*	*
L375Q	*	*	*
L375E	*	*	*
L375G	*	*	*
L375H	*	*	*
L375I	*	*	*
L375C	*	*	*
L375F	*	*	*
L375K	*	*	*
L375Y	*	*	*
L375W	*	*	*
L375T	*	*	*
L375V	*	*	*
L375S	*	*	*
L375P	*	*	*
F376H	*	*	*
F376T	*	*	*
F376S	*	*	*
F376P	*	*	*
F376M	*	*	*
F376K	*	*	*
F376L	*	*	*
F376I	*	*	*
F376V	*	*	*
F376W	*	*	*
F376G	*	*	*
F376Q	*	*	*
F376E	*	*	*
F376A	*	*	*
F376R	*	*	*
F376Y	*	*	*
F376D	*	*	*
F376C	*	*	*
F376N	*	*	*
F377V	*	*	*
F377Y	*	*	*
F377W	*	*	*
F377T	*	*	*
F377S	*	*	*
F377P	*	*	*
F377M	*	*	*
F377K	*	*	*
F377L	*	*	*
F377G	*	*	*
F377E	*	*	*
F377Q	*	*	*
F377C	*	*	*
F377D	*	*	*
F377N	*	*	*
F377R	*	*	*
F377A	*	*	*
F377I	*	*	*
F377H	*	*	*
Y378A	*	*	*
Y378R	*	*	*
Y378L	*	*	*
Y378C	*	*	*
Y378Q	*	*	*
Y378E	*	*	*
Y378G	*	*	*
Y378H	*	*	*
Y378I	*	*	*
Y378K	*	*	*
Y378D	*	*	*
Y378M	*	*	*
Y378P	*	*	*
Y378S	*	*	*
Y378T	*	*	*
Y378W	*	*	*
Y378V	*	*	*
Y378F	*	*	*
P379T	*	*	*
P379S	*	*	*
P379W	*	*	*
P379V	*	*	*
P379Y	*	*	*
P379F	*	*	*
P379M	*	*	*
P379C	*	*	*
P379A	*	*	*
P379R	*	*	*
P379N	*	*	*
P379D	*	*	*
P379E	*	*	*
P379K	*	*	*
P379G	*	*	*
P379H	*	*	*
P379I	*	*	*
S380W	*	*	*
S380V	*	*	*
S380M	*	*	*
S380T	*	*	*
S380P	*	*	*
S380F	*	*	*
S380Y	*	*	*
S380K	*	*	*
S380L	*	*	*
S380I	*	*	*
S380D	*	*	*
S380N	*	*	*
S380A	*	*	*
S380C	*	*	*
S380R	*	*	*
S380Q	*	*	*
S380E	*	*	*
S380G	*	*	*
S380H	*	*	*
Y381R	*	*	*
Y381N	*	*	*
Y381I	*	*	*
Y381D	*	*	*
Y381C	*	*	*
Y381Q	*	*	*
Y381E	*	*	*
Y381G	*	*	*
Y381A	*	*	*
Y381L	*	*	*
Y381W	*	*	*
Y381M	*	*	*
Y381F	*	*	*
Y381P	*	*	*
Y381S	*	*	*
Y381T	*	*	*
Y381V	*	*	*
Y381K	*	*	*
P382H	*	*	*
P382I	*	*	*
P382L	*	*	*
P382F	*	*	*
P382M	*	*	*
P382G	*	*	*
P382S	*	*	*
P382K	*	*	*
P382E	*	*	*
P382N	*	*	*
P382C	*	*	*
P382D	*	*	*
P382R	*	*	*
P382A	*	*	*
P382V	*	*	*
P382Y	*	*	*
P382W	*	*	*
P382Q	*	*	*
P382T	*	*	*
D383K	*	*	*
D383W	*	*	*
D383T	*	*	*
D383S	*	*	*
D383P	*	*	*
D383F	*	*	*
D383M	*	*	*
D383L	*	*	*
D383I	*	*	*
D383H	*	*	*
D383G	*	*	*
D383Q	*	*	*
D383C	*	*	*
D383N	*	*	*
D383R	*	*	*
D383A	*	*	*
D383Y	*	*	*
D383V	*	*	*
E384N	*	*	*
E384R	*	*	*
E384A	*	*	*
E384C	*	*	*
E384Q	*	*	*
E384G	*	*	*
E384H	*	*	*
E384I	*	*	*
E384L	*	*	*
E384M	*	*	*
E384D	*	*	*
E384P	*	*	*
E384S	*	*	*
E384T	*	*	*
E384W	*	*	*
E384Y	*	*	*
E384V	*	*	*
E384F	*	*	*
V385T	*	*	*
V385K	*	*	*
V385M	*	*	*
V385P	*	*	*
V385S	*	*	*
V385L	*	*	*
V385F	*	*	*
V385I	*	*	*
V385C	*	*	*
V385G	*	*	*
V385E	*	*	*
V385Q	*	*	*
V385D	*	*	*
V385N	*	*	*
V385R	*	*	*
V385A	*	*	*
V385Y	*	*	*
V385H	*	*	*
V385W	*	*	*
R386V	*	*	*
R386N	*	*	*
R386Y	*	*	*
R386W	*	*	*
R386T	*	*	*
R386S	*	*	*
R386P	*	*	*
R386F	*	*	*
R386M	*	*	*
R386K	*	*	*
R386L	*	*	*
R386I	*	*	*
R386E	*	*	*
R386Q	*	*	*
R386D	*	*	*
R386A	*	*	*
G387H	*	*	*
G387E	*	*	*
G387W	*	*	*
G387M	*	*	*
G387K	*	*	*
G387L	*	*	*
G387I	*	*	*
G387R	*	*	*
G387D	*	*	*
G387C	*	*	*
G387N	*	*	*
G387Q	*	*	*
G387F	*	*	*
G387P	*	*	*
G387S	*	*	*
G387T	*	*	*
G387Y	*	*	*
V388M	*	*	*
V388S	*	*	*
V388P	*	*	*
V388F	*	*	*
V388K	*	*	*
V388Q	*	*	*
V388I	*	*	*
V388H	*	*	*
V388G	*	*	*
V388E	*	*	*
V388C	*	*	*
V388D	*	*	*
V388N	*	*	*
V388R	*	*	*
V388A	*	*	*
V388L	*	*	*
V388W	*	*	*
V388T	*	*	*
V388Y	*	*	*
F389D	*	*	*
F389A	*	*	*
F389R	*	*	*
F389N	*	*	*
F389C	*	*	*
F389Q	*	*	*
F389E	*	*	*
F389G	*	*	*
F389H	*	*	*
F389L	*	*	*
F389K	*	*	*
F389I	*	*	*
F389P	*	*	*
F389T	*	*	*
F389W	*	*	*
F389Y	*	*	*
F389V	*	*	*
F389M	*	*	*
A390I	*	*	*
A390L	*	*	*
A390K	*	*	*
A390F	*	*	*
A390S	*	*	*
A390P	*	*	*
A390H	*	*	*
A390M	*	*	*
A390G	*	*	*
A390V	*	*	*
A390Q	*	*	*
A390C	*	*	*
A390D	*	*	*
A390N	*	*	*
A390R	*	*	*
A390W	*	*	*
A390Y	*	*	*
A390E	*	*	*
A390T	*	*	*
V391W	*	*	*
V391T	*	*	*
V391Y	*	*	*
V391N	*	*	*
V391D	*	*	*
V391C	*	*	*
V391Q	*	*	*
V391E	*	*	*
V391H	*	*	*
V391I	*	*	*
V391L	*	*	*
V391K	*	*	*
V391M	*	*	*
V391F	*	*	*
V391P	*	*	*
V391S	*	*	*
V391A	*	*	*
V391R	*	*	*
R392D	*	*	*
R392N	*	*	*
R392A	*	*	*
R392C	*	*	*
R392E	*	*	*
R392V	*	*	*
R392Y	*	*	*
R392T	*	*	*
R392S	*	*	*
R392F	*	*	*
R392M	*	*	*
R392K	*	*	*
R392H	*	*	*
R392P	*	*	*
R392I	*	*	*
T393R	*	*	*
T393L	*	*	*
T393P	*	*	*
T393F	*	*	*
T393M	*	*	*
T393K	*	*	*
T393I	*	*	*
T393H	*	*	*
T393G	*	*	*
T393E	*	*	*
T393Q	*	*	*
T393C	*	*	*
T393D	*	*	*
T393N	*	*	*
T393W	*	*	*
T393Y	*	*	*
G394D	*	*	*
G394W	*	*	*
G394T	*	*	*
G394S	*	*	*
G394P	*	*	*
G394F	*	*	*
G394Y	*	*	*
G394M	*	*	*
G394K	*	*	*
G394L	*	*	*
G394I	*	*	*
G394H	*	*	*
G394E	*	*	*
G394Q	*	*	*
G394C	*	*	*
G394N	*	*	*
G394V	*	*	*
G394A	*	*	*
K395W	*	*	*
K395H	*	*	*
K395T	*	*	*
K395A	*	*	*
K395Y	*	*	*
K395I	*	*	*
K395V	*	*	*
K395R	*	*	*
K395G	*	*	*
K395S	*	*	*
K395P	*	*	*
K395E	*	*	*
K395Q	*	*	*
K395C	*	*	*
K395F	*	*	*
K395M	*	*	*
K395D	*	*	*
K395L	*	*	*
K395N	*	*	*
Y396P	*	*	*
Y396S	*	*	*
Y396A	*	*	*
Y396T	*	*	*
Y396W	*	*	*
Y396V	*	*	*
Y396F	*	*	*
Y396M	*	*	*
Y396K	*	*	*
Y396L	*	*	*
Y396I	*	*	*
Y396H	*	*	*
Y396G	*	*	*
Y396E	*	*	*
Y396Q	*	*	*
Y396C	*	*	*
Y396D	*	*	*
Y396N	*	*	*
Y396R	*	*	*
K397S	*	*	*
K397R	*	*	*
K397A	*	*	*
K397N	*	*	*
K397I	*	*	*
K397W	*	*	*
K397V	*	*	*
K397Y	*	*	*
K397D	*	*	*
K397C	*	*	*
K397Q	*	*	*
K397E	*	*	*
K397T	*	*	*
K397G	*	*	*
K397L	*	*	*
K397F	*	*	*
K397P	*	*	*
K397H	*	*	*
K397M	*	*	*
A398W	*	*	*
A398Y	*	*	*
A398V	*	*	*
A398F	*	*	*
A398R	*	*	*
A398N	*	*	*
A398D	*	*	*
A398Q	*	*	*
A398E	*	*	*
A398G	*	*	*
A398H	*	*	*
A398C	*	*	*
A398L	*	*	*
A398I	*	*	*
A398S	*	*	*
A398P	*	*	*
A398T	*	*	*
A398M	*	*	*
A398K	*	*	*
H399L	*	*	*
H399R	*	*	*
H399D	*	*	*
H399C	*	*	*
H399E	*	*	*
H399G	*	*	*
H399I	*	*	*
H399A	*	*	*
H399N	*	*	*
H399M	*	*	*
H399F	*	*	*
H399P	*	*	*
H399S	*	*	*
H399T	*	*	*
H399W	*	*	*
H399V	*	*	*
H399K	*	*	*
F400E	*	*	*
F400G	*	*	*
F400H	*	*	*
F400I	*	*	*
F400L	*	*	*
F400K	*	*	*
F400M	*	*	*
F400T	*	*	*
F400S	*	*	*
F400W	*	*	*
F400Y	*	*	*
F400D	*	*	*
F400V	*	*	*
F400P	*	*	*
F400N	*	*	*
F400C	*	*	*
F400A	*	*	*
F400R	*	*	*
F400Q	*	*	*
F401T	*	*	*
F401S	*	*	*
F401P	*	*	*
F401M	*	*	*
F401K	*	*	*
F401I	*	*	*
F401H	*	*	*
F401G	*	*	*
F401E	*	*	*
F401Q	*	*	*
F401C	*	*	*
F401D	*	*	*
F401N	*	*	*
F401R	*	*	*
F401A	*	*	*
F401Y	*	*	*
F401V	*	*	*
F401W	*	*	*
T402H	*	*	*
T402G	*	*	*
T402E	*	*	*
T402Q	*	*	*
T402C	*	*	*
T402D	*	*	*
T402W	*	*	*
T402R	*	*	*
T402A	*	*	*
T402N	*	*	*
T402S	*	*	*
T402P	*	*	*
T402F	*	*	*
T402M	*	*	*
T402K	*	*	*
T402L	*	*	*
T402I	*	*	*
T402V	*	*	*
T402Y	*	*	*
Q403M	*	*	*
Q403D	*	*	*
Q403C	*	*	*
Q403G	*	*	*
Q403H	*	*	*
Q403I	*	*	*
Q403R	*	*	*
Q403A	*	*	*
Q403N	*	*	*
Q403F	*	*	*
Q403L	*	*	*
Q403S	*	*	*
Q403T	*	*	*
Q403K	*	*	*
Q403V	*	*	*
Q403Y	*	*	*
Q403W	*	*	*
Q403P	*	*	*
G404V	*	*	*
G404Y	*	*	*
G404W	*	*	*
G404T	*	*	*
G404S	*	*	*
G404F	*	*	*
G404P	*	*	*
G404N	*	*	*
G404R	*	*	*
G404A	*	*	*
G404D	*	*	*
G404C	*	*	*
G404E	*	*	*
G404H	*	*	*
G404I	*	*	*
G404L	*	*	*
G404K	*	*	*
G404M	*	*	*
G404Q	*	*	*
S405V	*	*	*
S405Y	*	*	*
S405W	*	*	*
S405T	*	*	*
S405G	*	*	*
S405L	*	*	*
S405I	*	*	*
S405H	*	*	*
S405E	*	*	*
S405Q	*	*	*
S405C	*	*	*
S405D	*	*	*
S405N	*	*	*
S405R	*	*	*
S405A	*	*	*
S405M	*	*	*
S405K	*	*	*
A406N	*	*	*
A406D	*	*	*
A406C	*	*	*
A406Q	*	*	*
A406E	*	*	*
A406G	*	*	*
A406H	*	*	*
A406I	*	*	*
A406L	*	*	*
A406K	*	*	*
A406M	*	*	*
A406F	*	*	*
A406P	*	*	*
A406T	*	*	*
A406W	*	*	*
A406V	*	*	*
A406R	*	*	*
A406Y	*	*	*
H407N	*	*	*
H407W	*	*	*
H407A	*	*	*
H407T	*	*	*
H407S	*	*	*
H407P	*	*	*
H407F	*	*	*
H407M	*	*	*
H407V	*	*	*
H407K	*	*	*
H407L	*	*	*
H407I	*	*	*
H407G	*	*	*
H407E	*	*	*
H407Q	*	*	*
H407C	*	*	*
H407D	*	*	*
H407R	*	*	*
H407Y	*	*	*
S408K	*	*	*
S408W	*	*	*
S408A	*	*	*
S408R	*	*	*
S408D	*	*	*
S408C	*	*	*
S408Q	*	*	*
S408E	*	*	*
S408H	*	*	*
S408I	*	*	*
S408L	*	*	*
S408M	*	*	*
S408F	*	*	*
S408P	*	*	*
S408V	*	*	*
S408Y	*	*	*
D409V	*	*	*
D409A	*	*	*
D409R	*	*	*
D409N	*	*	*
D409C	*	*	*
D409E	*	*	*
D409G	*	*	*
D409H	*	*	*
D409I	*	*	*
D409L	*	*	*
D409Q	*	*	*
D409M	*	*	*
D409F	*	*	*
D409P	*	*	*
D409S	*	*	*
D409T	*	*	*
D409W	*	*	*
D409Y	*	*	*
D409K	*	*	*
T410H	*	*	*
T410G	*	*	*
T410E	*	*	*
T410A	*	*	*
T410D	*	*	*
T410N	*	*	*
T410R	*	*	*
T410L	*	*	*
T410C	*	*	*
T410K	*	*	*
T410Q	*	*	*
T410F	*	*	*
T410P	*	*	*
T410V	*	*	*
T410Y	*	*	*
T410W	*	*	*
T410S	*	*	*
T410M	*	*	*
T411G	*	*	*
T411E	*	*	*
T411Q	*	*	*
T411R	*	*	*
T411N	*	*	*
T411H	*	*	*
T411A	*	*	*
T411D	*	*	*
T411I	*	*	*
T411C	*	*	*
T411K	*	*	*
T411L	*	*	*
T411Y	*	*	*
T411W	*	*	*
T411V	*	*	*
T411P	*	*	*
T411F	*	*	*
T411M	*	*	*
T411S	*	*	*
A412E	*	*	*
A412T	*	*	*
A412K	*	*	*
A412L	*	*	*
A412I	*	*	*
A412H	*	*	*
A412G	*	*	*
A412Q	*	*	*
A412F	*	*	*
A412D	*	*	*
A412N	*	*	*
A412R	*	*	*
A412P	*	*	*
A412S	*	*	*
A412Y	*	*	*
A412C	*	*	*
A412V	*	*	*
D413A	*	*	*
D413S	*	*	*
D413V	*	*	*
D413Y	*	*	*
D413W	*	*	*
D413T	*	*	*
D413P	*	*	*
D413F	*	*	*
D413K	*	*	*
D413M	*	*	*
D413I	*	*	*
D413H	*	*	*
D413E	*	*	*
D413Q	*	*	*
D413C	*	*	*
D413N	*	*	*
D413R	*	*	*
D413L	*	*	*
P414A	*	*	*
P414N	*	*	*
P414R	*	*	*
P414F	*	*	*
P414M	*	*	*
P414Y	*	*	*
P414V	*	*	*
P414D	*	*	*
P414W	*	*	*
P414C	*	*	*
P414T	*	*	*
P414S	*	*	*
P414K	*	*	*
P414L	*	*	*
P414I	*	*	*
P414H	*	*	*
P414G	*	*	*
P414E	*	*	*
P414Q	*	*	*
A415Y	*	*	*
A415V	*	*	*
A415W	*	*	*
A415T	*	*	*
A415S	*	*	*
A415P	*	*	*
A415M	*	*	*
A415R	*	*	*
A415N	*	*	*
A415D	*	*	*
A415C	*	*	*
A415F	*	*	*
A415E	*	*	*
A415Q	*	*	*
A415H	*	*	*
A415I	*	*	*
A415L	*	*	*
A415K	*	*	*
A415G	*	*	*
C416K	*	*	*
C416G	*	*	*
C416L	*	*	*
C416I	*	*	*
C416H	*	*	*
C416E	*	*	*
C416M	*	*	*
C416D	*	*	*
C416N	*	*	*
C416R	*	*	*
C416A	*	*	*
C416Y	*	*	*
C416Q	*	*	*
C416F	*	*	*
C416V	*	*	*
C416S	*	*	*
C416T	*	*	*
C416W	*	*	*
C416P	*	*	*
H417Q	*	*	*
H417C	*	*	*
H417D	*	*	*
H417N	*	*	*
H417R	*	*	*
H417W	*	*	*
H417Y	*	*	*
H417V	*	*	*
H417A	*	*	*
H417G	*	*	*
H417E	*	*	*
H417M	*	*	*
H417T	*	*	*
H417S	*	*	*
H417I	*	*	*
H417L	*	*	*
H417K	*	*	*
H417P	*	*	*
H417F	*	*	*
A418G	*	*	*
A418H	*	*	*
A418W	*	*	*
A418I	*	*	*
A418V	*	*	*
A418L	*	*	*
A418K	*	*	*
A418Y	*	*	*
A418E	*	*	*
A418Q	*	*	*
A418D	*	*	*
A418M	*	*	*
A418N	*	*	*
A418R	*	*	*
A418F	*	*	*
A418P	*	*	*
A418S	*	*	*
A418C	*	*	*
S419E	*	*	*
S419Q	*	*	*
S419C	*	*	*
S419A	*	*	*
S419N	*	*	*
S419R	*	*	*
S419D	*	*	*
S419G	*	*	*
S419M	*	*	*
S419I	*	*	*
S419H	*	*	*
S419Y	*	*	*
S419W	*	*	*
S419T	*	*	*
S419V	*	*	*
S419P	*	*	*
S419F	*	*	*
S419K	*	*	*
S419L	*	*	*
S420F	*	*	*
S420V	*	*	*
S420Y	*	*	*
S420W	*	*	*
S420T	*	*	*
S420P	*	*	*
S420M	*	*	*
S420Q	*	*	*
S420L	*	*	*
S420I	*	*	*
S420G	*	*	*
S420E	*	*	*
S420C	*	*	*
S420D	*	*	*
S420N	*	*	*
S420K	*	*	*
S420A	*	*	*
S420H	*	*	*
S421I	*	*	*
S421T	*	*	*
S421P	*	*	*
S421F	*	*	*
S421V	*	*	*
S421Y	*	*	*
S421M	*	*	*
S421K	*	*	*
S421L	*	*	*
S421H	*	*	*
S421G	*	*	*
S421E	*	*	*
S421W	*	*	*
S421D	*	*	*
S421N	*	*	*
S421R	*	*	*
S421A	*	*	*
S421Q	*	*	*
L422F	*	*	*
L422M	*	*	*
L422K	*	*	*
L422A	*	*	*
L422R	*	*	*
L422N	*	*	*
L422D	*	*	*
L422H	*	*	*
L422C	*	*	*
L422Q	*	*	*
L422E	*	*	*
L422G	*	*	*
L422W	*	*	*
L422T	*	*	*
L422I	*	*	*
L422V	*	*	*
L422S	*	*	*
L422Y	*	*	*
T423S	*	*	*
T423M	*	*	*
T423K	*	*	*
T423L	*	*	*
T423I	*	*	*
T423G	*	*	*
T423H	*	*	*
T423E	*	*	*
T423Q	*	*	*
T423C	*	*	*
T423D	*	*	*
T423R	*	*	*
T423A	*	*	*
T423W	*	*	*
T423N	*	*	*
T423F	*	*	*
T423Y	*	*	*
T423P	*	*	*
T423V	*	*	*
A424C	*	*	*
A424Q	*	*	*
A424E	*	*	*
A424G	*	*	*
A424H	*	*	*
A424I	*	*	*
A424L	*	*	*
A424M	*	*	*
A424F	*	*	*
A424P	*	*	*
A424S	*	*	*
A424T	*	*	*
A424K	*	*	*
A424D	*	*	*
A424R	*	*	*
A424Y	*	*	*
A424W	*	*	*
A424N	*	*	*
H425V	*	*	*
H425T	*	*	*
H425S	*	*	*
H425P	*	*	*
H425F	*	*	*
H425M	*	*	*
H425K	*	*	*
H425L	*	*	*
H425I	*	*	*
H425G	*	*	*
H425N	*	*	*
H425C	*	*	*
H425E	*	*	*
H425W	*	*	*
H425A	*	*	*
H425Q	*	*	*
E426N	*	*	*
E426A	*	*	*
E426R	*	*	*
E426Y	*	*	*
E426W	*	*	*
E426T	*	*	*
E426S	*	*	*
E426P	*	*	*
E426F	*	*	*
E426M	*	*	*
E426K	*	*	*
E426L	*	*	*
E426I	*	*	*
E426H	*	*	*
E426V	*	*	*
E426D	*	*	*
E426C	*	*	*
E426Q	*	*	*
P427I	*	*	*
P427V	*	*	*
P427Y	*	*	*
P427W	*	*	*
P427T	*	*	*
P427F	*	*	*
P427A	*	*	*
P427K	*	*	*
P427L	*	*	*
P427H	*	*	*
P427G	*	*	*
P427E	*	*	*
P427Q	*	*	*
P427C	*	*	*
P427D	*	*	*
P427N	*	*	*
P427R	*	*	*
P427M	*	*	*
P428R	*	*	*
P428A	*	*	*
P428N	*	*	*
P428I	*	*	*
P428C	*	*	*
P428H	*	*	*
P428G	*	*	*
P428E	*	*	*
P428Q	*	*	*
P428K	*	*	*
P428M	*	*	*
P428F	*	*	*
P428S	*	*	*
P428T	*	*	*
P428W	*	*	*
P428Y	*	*	*
P428V	*	*	*
P428D	*	*	*
L429V	*	*	*
L429Y	*	*	*
L429W	*	*	*
L429T	*	*	*
L429S	*	*	*
L429F	*	*	*
L429Q	*	*	*
L429K	*	*	*
L429I	*	*	*
L429H	*	*	*
L429G	*	*	*
L429A	*	*	*
L429R	*	*	*
L429N	*	*	*
L429D	*	*	*
L429E	*	*	*
L429M	*	*	*
L429C	*	*	*
L430S	*	*	*
L430W	*	*	*
L430Y	*	*	*
L430V	*	*	*
L430T	*	*	*
L430M	*	*	*
L430K	*	*	*
L430D	*	*	*
L430I	*	*	*
L430H	*	*	*
L430G	*	*	*
L430E	*	*	*
L430Q	*	*	*
L430C	*	*	*
L430N	*	*	*
L430R	*	*	*
L430A	*	*	*
Y431P	*	*	*
Y431Q	*	*	*
Y431E	*	*	*
Y431F	*	*	*
Y431G	*	*	*
Y431D	*	*	*
Y431M	*	*	*
Y431T	*	*	*
Y431N	*	*	*
Y431R	*	*	*
Y431A	*	*	*
Y431H	*	*	*
Y431I	*	*	*
Y431L	*	*	*
Y431K	*	*	*
Y431V	*	*	*
Y431W	*	*	*
D432L	*	*	*
D432V	*	*	*
D432W	*	*	*
D432T	*	*	*
D432S	*	*	*
D432P	*	*	*
D432E	*	*	*
D432G	*	*	*
D432H	*	*	*
D432I	*	*	*
D432C	*	*	*
D432K	*	*	*
D432Q	*	*	*
D432N	*	*	*
D432F	*	*	*
D432A	*	*	*
D432M	*	*	*
D432R	*	*	*
L433A	*	*	*
L433R	*	*	*
L433N	*	*	*
L433D	*	*	*
L433C	*	*	*
L433Q	*	*	*
L433E	*	*	*
L433G	*	*	*
L433H	*	*	*
L433I	*	*	*
L433M	*	*	*
L433F	*	*	*
L433Y	*	*	*
L433W	*	*	*
L433T	*	*	*
L433S	*	*	*
L433K	*	*	*
L433P	*	*	*
S434Y	*	*	*
S434N	*	*	*
S434K	*	*	*
S434L	*	*	*
S434I	*	*	*
S434H	*	*	*
S434G	*	*	*
S434E	*	*	*
S434Q	*	*	*
S434C	*	*	*
S434D	*	*	*
S434P	*	*	*
S434R	*	*	*
S434A	*	*	*
S434M	*	*	*
S434F	*	*	*
S434W	*	*	*
S434T	*	*	*
S434V	*	*	*
K435G	*	*	*
K435E	*	*	*
K435Q	*	*	*
K435H	*	*	*
K435I	*	*	*
K435L	*	*	*
K435M	*	*	*
K435F	*	*	*
K435C	*	*	*
K435S	*	*	*
K435T	*	*	*
K435W	*	*	*
K435Y	*	*	*
K435D	*	*	*
K435N	*	*	*
K435R	*	*	*
K435A	*	*	*
K435P	*	*	*
K435V	*	*	*
D436Y	*	*	*
D436V	*	*	*
D436G	*	*	*
D436W	*	*	*
D436H	*	*	*
D436I	*	*	*
D436L	*	*	*
D436K	*	*	*
D436M	*	*	*
D436A	*	*	*
D436E	*	*	*
D436R	*	*	*
D436C	*	*	*
D436Q	*	*	*
D436F	*	*	*
D436S	*	*	*
D436T	*	*	*
D436P	*	*	*
P437I	*	*	*
P437Y	*	*	*
P437V	*	*	*
P437E	*	*	*
P437G	*	*	*
P437H	*	*	*
P437L	*	*	*
P437K	*	*	*
P437C	*	*	*
P437Q	*	*	*
P437D	*	*	*
P437R	*	*	*
P437A	*	*	*
P437M	*	*	*
P437F	*	*	*
P437S	*	*	*
P437W	*	*	*
P437N	*	*	*
G438E	*	*	*
G438H	*	*	*
G438I	*	*	*
G438M	*	*	*
G438K	*	*	*
G438Q	*	*	*
G438C	*	*	*
G438D	*	*	*
G438N	*	*	*
G438R	*	*	*
G438A	*	*	*
G438L	*	*	*
G438T	*	*	*
G438Y	*	*	*
G438F	*	*	*
G438W	*	*	*
E439Y	*	*	*
E439W	*	*	*
E439A	*	*	*
E439I	*	*	*
E439P	*	*	*
E439F	*	*	*
E439T	*	*	*
E439R	*	*	*
E439N	*	*	*
E439D	*	*	*
E439C	*	*	*
E439G	*	*	*
E439S	*	*	*
E439L	*	*	*
E439V	*	*	*
E439K	*	*	*
E439M	*	*	*
N440H	*	*	*
N440I	*	*	*
N440P	*	*	*
N440T	*	*	*
N440L	*	*	*
N440G	*	*	*
N440F	*	*	*
N440M	*	*	*
N440S	*	*	*
N440E	*	*	*
N440Y	*	*	*
N440W	*	*	*
N440V	*	*	*
N440Q	*	*	*
N440A	*	*	*
N440R	*	*	*
N440C	*	*	*
N440D	*	*	*
Y441N	*	*	*
Y441Q	*	*	*
Y441E	*	*	*
Y441G	*	*	*
Y441H	*	*	*
Y441I	*	*	*
Y441L	*	*	*
Y441R	*	*	*
Y441M	*	*	*
Y441F	*	*	*
Y441S	*	*	*
Y441T	*	*	*
Y441W	*	*	*
Y441V	*	*	*
Y441A	*	*	*
Y441C	*	*	*
Y441D	*	*	*
Y441P	*	*	*
Y441K	*	*	*
N442M	*	*	*
N442K	*	*	*
N442L	*	*	*
N442I	*	*	*
N442T	*	*	*
N442W	*	*	*
N442Y	*	*	*
N442F	*	*	*
N442V	*	*	*
N442G	*	*	*
N442E	*	*	*
N442Q	*	*	*
N442C	*	*	*
N442D	*	*	*
N442R	*	*	*
N442A	*	*	*
N442H	*	*	*
N442P	*	*	*
L443N	*	*	*
L443V	*	*	*
L443C	*	*	*
L443Q	*	*	*
L443E	*	*	*
L443G	*	*	*
L443H	*	*	*
L443I	*	*	*
L443K	*	*	*
L443M	*	*	*
L443P	*	*	*
L443S	*	*	*
L443T	*	*	*
L443W	*	*	*
L443Y	*	*	*
L443R	*	*	*
L443A	*	*	*
L443F	*	*	*
L443D	*	*	*
L444K	*	*	*
L444T	*	*	*
L444S	*	*	*
L444P	*	*	*
L444A	*	*	*
L444R	*	*	*
L444N	*	*	*
L444D	*	*	*
L444C	*	*	*
L444Q	*	*	*
L444E	*	*	*
L444G	*	*	*
L444H	*	*	*
L444I	*	*	*
L444M	*	*	*
L444F	*	*	*
L444W	*	*	*
L444Y	*	*	*
L444V	*	*	*
G445N	*	*	*
G445D	*	*	*
G445C	*	*	*
G445Q	*	*	*
G445E	*	*	*
G445I	*	*	*
G445L	*	*	*
G445K	*	*	*
G445H	*	*	*
G445A	*	*	*
G445R	*	*	*
G445W	*	*	*
G445T	*	*	*
G445S	*	*	*
G445F	*	*	*
G445P	*	*	*
G445Y	*	*	*
G445M	*	*	*
G446M	*	*	*
G446P	*	*	*
G446S	*	*	*
G446V	*	*	*
G446Y	*	*	*
G446W	*	*	*
G446F	*	*	*
G446K	*	*	*
G446R	*	*	*
G446I	*	*	*
G446H	*	*	*
G446A	*	*	*
G446Q	*	*	*
G446C	*	*	*
G446T	*	*	*
G446D	*	*	*
G446N	*	*	*
G446L	*	*	*
G446E	*	*	*
V447R	*	*	*
V447S	*	*	*
V447P	*	*	*
V447F	*	*	*
V447M	*	*	*
V447K	*	*	*
V447L	*	*	*
V447I	*	*	*
V447N	*	*	*
V447H	*	*	*
V447G	*	*	*
V447Q	*	*	*
V447C	*	*	*
V447D	*	*	*
V447E	*	*	*
V447T	*	*	*
V447W	*	*	*
V447Y	*	*	*
V447A	*	*	*
A448H	*	*	*
A448M	*	*	*
A448L	*	*	*
A448G	*	*	*
A448I	*	*	*
A448Q	*	*	*
A448F	*	*	*
A448P	*	*	*
A448S	*	*	*
A448T	*	*	*
A448W	*	*	*
A448Y	*	*	*
A448V	*	*	*
A448R	*	*	*
A448E	*	*	*
A448K	*	*	*
A448C	*	*	*
A448D	*	*	*
A448N	*	*	*
G449E	*	*	*
G449A	*	*	*
G449S	*	*	*
G449P	*	*	*
G449F	*	*	*
G449M	*	*	*
G449N	*	*	*
G449L	*	*	*
G449D	*	*	*
G449I	*	*	*
G449Q	*	*	*
G449K	*	*	*
G449C	*	*	*
G449H	*	*	*
G449V	*	*	*
G449Y	*	*	*
G449W	*	*	*
G449T	*	*	*
A450V	*	*	*
A450L	*	*	*
A450I	*	*	*
A450H	*	*	*
A450G	*	*	*
A450E	*	*	*
A450C	*	*	*
A450K	*	*	*
A450D	*	*	*
A450N	*	*	*
A450R	*	*	*
A450Q	*	*	*
A450Y	*	*	*
A450P	*	*	*
A450W	*	*	*
A450T	*	*	*
A450S	*	*	*
A450F	*	*	*
A450M	*	*	*
T451H	*	*	*
T451V	*	*	*
T451Y	*	*	*
T451W	*	*	*
T451S	*	*	*
T451P	*	*	*
T451F	*	*	*
T451M	*	*	*
T451K	*	*	*
T451N	*	*	*
T451D	*	*	*
T451C	*	*	*
T451Q	*	*	*
T451L	*	*	*
T451G	*	*	*
T451I	*	*	*
T451E	*	*	*
T451R	*	*	*
T451A	*	*	*
P452Q	*	*	*
P452N	*	*	*
P452D	*	*	*
P452C	*	*	*
P452E	*	*	*
P452G	*	*	*
P452H	*	*	*
P452I	*	*	*
P452K	*	*	*
P452M	*	*	*
P452F	*	*	*
P452S	*	*	*
P452T	*	*	*
P452W	*	*	*
P452Y	*	*	*
P452V	*	*	*
P452R	*	*	*
P452A	*	*	*
E453S	*	*	*
E453P	*	*	*
E453F	*	*	*
E453M	*	*	*
E453C	*	*	*
E453K	*	*	*
E453L	*	*	*
E453I	*	*	*
E453D	*	*	*
E453Y	*	*	*
E453N	*	*	*
E453R	*	*	*
E453A	*	*	*
E453Q	*	*	*
E453G	*	*	*
E453V	*	*	*
E453W	*	*	*
E453T	*	*	*
E453H	*	*	*
V454G	*	*	*
V454R	*	*	*
V454N	*	*	*
V454D	*	*	*
V454C	*	*	*
V454Q	*	*	*
V454E	*	*	*
V454H	*	*	*
V454I	*	*	*
V454A	*	*	*
V454L	*	*	*
V454M	*	*	*
V454F	*	*	*
V454P	*	*	*
V454S	*	*	*
V454T	*	*	*
V454W	*	*	*
V454Y	*	*	*
V454K	*	*	*
L455M	*	*	*
L455F	*	*	*
L455Q	*	*	*
L455S	*	*	*
L455K	*	*	*
L455E	*	*	*
L455H	*	*	*
L455C	*	*	*
L455D	*	*	*
L455T	*	*	*
L455N	*	*	*
L455R	*	*	*
L455A	*	*	*
L455W	*	*	*
L455Y	*	*	*
L455I	*	*	*
L455G	*	*	*
L455V	*	*	*
Q456L	*	*	*
Q456K	*	*	*
Q456S	*	*	*
Q456F	*	*	*
Q456P	*	*	*
Q456M	*	*	*
Q456I	*	*	*
Q456E	*	*	*
Q456G	*	*	*
Q456C	*	*	*
Q456D	*	*	*
Q456N	*	*	*
Q456R	*	*	*
Q456A	*	*	*
Q456V	*	*	*
Q456Y	*	*	*
Q456T	*	*	*
Q456H	*	*	*
Q456W	*	*	*
A457S	*	*	*
A457P	*	*	*
A457M	*	*	*
A457L	*	*	*
A457F	*	*	*
A457K	*	*	*
A457V	*	*	*
A457Y	*	*	*
A457R	*	*	*
A457N	*	*	*
A457W	*	*	*
A457C	*	*	*
A457I	*	*	*
A457H	*	*	*
A457G	*	*	*
A457D	*	*	*
A457E	*	*	*
A457Q	*	*	*
L458C	*	*	*
L458A	*	*	*
L458T	*	*	*
L458S	*	*	*
L458F	*	*	*
L458M	*	*	*
L458D	*	*	*
L458K	*	*	*
L458R	*	*	*
L458N	*	*	*
L458H	*	*	*
L458G	*	*	*
L458E	*	*	*
L458Y	*	*	*
L458Q	*	*	*
L458I	*	*	*
L458V	*	*	*
L458P	*	*	*
L458W	*	*	*
K459T	*	*	*
K459S	*	*	*
K459P	*	*	*
K459F	*	*	*
K459M	*	*	*
K459L	*	*	*
K459W	*	*	*
K459I	*	*	*
K459Q	*	*	*
K459C	*	*	*
K459D	*	*	*
K459N	*	*	*
K459A	*	*	*
K459G	*	*	*
K459Y	*	*	*
K459H	*	*	*
K459V	*	*	*
Q460T	*	*	*
Q460S	*	*	*
Q460W	*	*	*
Q460Y	*	*	*
Q460V	*	*	*
Q460A	*	*	*
Q460N	*	*	*
Q460D	*	*	*
Q460C	*	*	*
Q460G	*	*	*
Q460H	*	*	*
Q460I	*	*	*
Q460L	*	*	*
Q460K	*	*	*
Q460M	*	*	*
Q460F	*	*	*
Q460P	*	*	*
Q460R	*	*	*
L461E	*	*	*
L461G	*	*	*
L461H	*	*	*
L461V	*	*	*
L461C	*	*	*
L461D	*	*	*
L461N	*	*	*
L461A	*	*	*
L461K	*	*	*
L461M	*	*	*
L461F	*	*	*
L461P	*	*	*
L461S	*	*	*
L461T	*	*	*
L461W	*	*	*
L461Y	*	*	*
L461Q	*	*	*
L461I	*	*	*
L461R	*	*	*
Q462G	*	*	*
Q462L	*	*	*
Q462I	*	*	*
Q462H	*	*	*
Q462F	*	*	*
Q462E	*	*	*
Q462C	*	*	*
Q462D	*	*	*
Q462N	*	*	*
Q462R	*	*	*
Q462A	*	*	*
Q462P	*	*	*
Q462S	*	*	*
Q462V	*	*	*
Q462Y	*	*	*
Q462W	*	*	*
Q462T	*	*	*
Q462K	*	*	*
Q462M	*	*	*
L463R	*	*	*
L463A	*	*	*
L463P	*	*	*
L463F	*	*	*
L463M	*	*	*
L463S	*	*	*
L463N	*	*	*
L463D	*	*	*
L463C	*	*	*
L463Q	*	*	*
L463E	*	*	*
L463G	*	*	*
L463H	*	*	*
L463V	*	*	*
L463Y	*	*	*
L463W	*	*	*
L463T	*	*	*
L463K	*	*	*
L463I	*	*	*
L464R	*	*	*
L464A	*	*	*
L464Q	*	*	*
L464F	*	*	*
L464H	*	*	*
L464C	*	*	*
L464D	*	*	*
L464N	*	*	*
L464I	*	*	*
L464K	*	*	*
L464M	*	*	*
L464E	*	*	*
L464S	*	*	*
L464T	*	*	*
L464W	*	*	*
L464Y	*	*	*
L464V	*	*	*
L464G	*	*	*
K465I	*	*	*
K465E	*	*	*
K465H	*	*	*
K465G	*	*	*
K465R	*	*	*
K465V	*	*	*
K465Y	*	*	*
K465W	*	*	*
K465T	*	*	*
K465S	*	*	*
K465N	*	*	*
K465F	*	*	*
K465M	*	*	*
K465L	*	*	*
K465Q	*	*	*
K465P	*	*	*
K465D	*	*	*
K465A	*	*	*
K465C	*	*	*
A466C	*	*	*
A466R	*	*	*
A466N	*	*	*
A466Y	*	*	*
A466W	*	*	*
A466T	*	*	*
A466S	*	*	*
A466P	*	*	*
A466M	*	*	*
A466K	*	*	*
A466L	*	*	*
A466I	*	*	*
A466H	*	*	*
A466G	*	*	*
A466E	*	*	*
A466Q	*	*	*
A466D	*	*	*
A466F	*	*	*
Q467Y	*	*	*
Q467D	*	*	*
Q467A	*	*	*
Q467R	*	*	*
Q467N	*	*	*
Q467W	*	*	*
Q467T	*	*	*
Q467V	*	*	*
Q467S	*	*	*
Q467F	*	*	*
Q467M	*	*	*
Q467K	*	*	*
Q467L	*	*	*
Q467I	*	*	*
Q467H	*	*	*
Q467G	*	*	*
Q467P	*	*	*
Q467C	*	*	*
L468A	*	*	*
L468R	*	*	*
L468C	*	*	*
L468V	*	*	*
L468Y	*	*	*
L468W	*	*	*
L468T	*	*	*
L468S	*	*	*
L468P	*	*	*
L468F	*	*	*
L468M	*	*	*
L468K	*	*	*
L468I	*	*	*
L468H	*	*	*
L468G	*	*	*
L468E	*	*	*
L468Q	*	*	*
L468D	*	*	*
L468N	*	*	*
D469M	*	*	*
D469S	*	*	*
D469F	*	*	*
D469P	*	*	*
D469V	*	*	*
D469Y	*	*	*
D469W	*	*	*
D469A	*	*	*
D469R	*	*	*
D469N	*	*	*
D469T	*	*	*
D469Q	*	*	*
D469E	*	*	*
D469G	*	*	*
D469H	*	*	*
D469I	*	*	*
D469L	*	*	*
D469C	*	*	*
D469K	*	*	*
A470F	*	*	*
A470P	*	*	*
A470S	*	*	*
A470V	*	*	*
A470M	*	*	*
A470Y	*	*	*
A470W	*	*	*
A470K	*	*	*
A470G	*	*	*
A470I	*	*	*
A470H	*	*	*
A470E	*	*	*
A470Q	*	*	*
A470C	*	*	*
A470R	*	*	*
A470N	*	*	*
A470D	*	*	*
A470L	*	*	*
A471H	*	*	*
A471C	*	*	*
A471Q	*	*	*
A471R	*	*	*
A471N	*	*	*
A471D	*	*	*
A471E	*	*	*
A471Y	*	*	*
A471W	*	*	*
A471V	*	*	*
A471S	*	*	*
A471P	*	*	*
A471F	*	*	*
A471M	*	*	*
A471K	*	*	*
A471L	*	*	*
A471I	*	*	*
A471T	*	*	*
V472Q	*	*	*
V472A	*	*	*
V472R	*	*	*
V472N	*	*	*
V472D	*	*	*
V472E	*	*	*
V472C	*	*	*
V472H	*	*	*
V472G	*	*	*
V472S	*	*	*
V472T	*	*	*
V472Y	*	*	*
V472W	*	*	*
V472F	*	*	*
V472M	*	*	*
V472K	*	*	*
V472L	*	*	*
V472I	*	*	*
V472P	*	*	*
T473S	*	*	*
T473Y	*	*	*
T473W	*	*	*
T473P	*	*	*
T473L	*	*	*
T473M	*	*	*
T473K	*	*	*
T473I	*	*	*
T473H	*	*	*
T473G	*	*	*
T473E	*	*	*
T473Q	*	*	*
T473C	*	*	*
T473D	*	*	*
T473N	*	*	*
T473F	*	*	*
T473V	*	*	*
T473A	*	*	*
T473R	*	*	*
F474Y	*	*	*
F474S	*	*	*
F474P	*	*	*
F474M	*	*	*
F474K	*	*	*
F474L	*	*	*
F474I	*	*	*
F474T	*	*	*
F474H	*	*	*
F474E	*	*	*
F474Q	*	*	*
F474C	*	*	*
F474D	*	*	*
F474N	*	*	*
F474R	*	*	*
F474A	*	*	*
F474G	*	*	*
F474V	*	*	*
F474W	*	*	*
G475N	*	*	*
G475W	*	*	*
G475T	*	*	*
G475P	*	*	*
G475F	*	*	*
G475R	*	*	*
G475M	*	*	*
G475L	*	*	*
G475I	*	*	*
G475H	*	*	*
G475E	*	*	*
G475Q	*	*	*
G475C	*	*	*
G475D	*	*	*
G475K	*	*	*
G475A	*	*	*
G475V	*	*	*
G475Y	*	*	*
P476D	*	*	*
P476V	*	*	*
P476Y	*	*	*
P476W	*	*	*
P476T	*	*	*
P476S	*	*	*
P476F	*	*	*
P476M	*	*	*
P476K	*	*	*
P476N	*	*	*
P476I	*	*	*
P476L	*	*	*
P476A	*	*	*
P476C	*	*	*
P476Q	*	*	*
P476R	*	*	*
P476G	*	*	*
P476H	*	*	*
P476E	*	*	*
S477R	*	*	*
S477N	*	*	*
Q478F	*	*	*
Q478Y	*	*	*
Q478W	*	*	*
Q478T	*	*	*
Q478S	*	*	*
Q478P	*	*	*
Q478R	*	*	*
Q478L	*	*	*
Q478I	*	*	*
Q478G	*	*	*
Q478E	*	*	*
Q478C	*	*	*
Q478D	*	*	*
Q478N	*	*	*
Q478A	*	*	*
Q478K	*	*	*
Q478M	*	*	*
Q478V	*	*	*
V479H	*	*	*
V479Y	*	*	*
V479W	*	*	*
V479T	*	*	*
V479S	*	*	*
V479P	*	*	*
V479F	*	*	*
V479K	*	*	*
V479I	*	*	*
V479A	*	*	*
V479R	*	*	*
V479N	*	*	*
V479D	*	*	*
V479C	*	*	*
V479Q	*	*	*
V479E	*	*	*
V479L	*	*	*
V479G	*	*	*
A480E	*	*	*
A480Q	*	*	*
A480H	*	*	*
A480R	*	*	*
A480N	*	*	*
A480D	*	*	*
A480C	*	*	*
A480Y	*	*	*
A480W	*	*	*
A480G	*	*	*
A480T	*	*	*
A480S	*	*	*
A480P	*	*	*
A480F	*	*	*
A480M	*	*	*
A480K	*	*	*
A480L	*	*	*
A480I	*	*	*
R481N	*	*	*
R481V	*	*	*
R481D	*	*	*
R481A	*	*	*
R481T	*	*	*
R481S	*	*	*
R481P	*	*	*
R481F	*	*	*
R481M	*	*	*
R481Y	*	*	*
R481K	*	*	*
R481I	*	*	*
R481H	*	*	*
R481G	*	*	*
R481E	*	*	*
R481C	*	*	*
R481L	*	*	*
G482V	*	*	*
G482Y	*	*	*
G482R	*	*	*
G482P	*	*	*
G482W	*	*	*
G482T	*	*	*
G482F	*	*	*
G482A	*	*	*
G482K	*	*	*
G482M	*	*	*
G482I	*	*	*
G482H	*	*	*
G482E	*	*	*
G482Q	*	*	*
G482C	*	*	*
G482N	*	*	*
G482L	*	*	*
E483G	*	*	*
E483C	*	*	*
E483Q	*	*	*
E483H	*	*	*
E483S	*	*	*
E483I	*	*	*
E483L	*	*	*
E483D	*	*	*
E483M	*	*	*
E483P	*	*	*
E483F	*	*	*
E483Y	*	*	*
E483W	*	*	*
E483T	*	*	*
E483V	*	*	*
E483A	*	*	*
E483R	*	*	*
E483N	*	*	*
D484A	*	*	*
D484R	*	*	*
D484N	*	*	*
D484C	*	*	*
D484Q	*	*	*
D484E	*	*	*
D484G	*	*	*
D484I	*	*	*
D484V	*	*	*
D484K	*	*	*
D484L	*	*	*
D484W	*	*	*
D484T	*	*	*
D484Y	*	*	*
D484P	*	*	*
D484F	*	*	*
D484M	*	*	*
D484S	*	*	*
P485M	*	*	*
P485K	*	*	*
P485L	*	*	*
P485I	*	*	*
P485H	*	*	*
P485G	*	*	*
P485E	*	*	*
P485C	*	*	*
P485F	*	*	*
P485D	*	*	*
P485N	*	*	*
P485R	*	*	*
P485A	*	*	*
P485Q	*	*	*
P485W	*	*	*
P485T	*	*	*
P485Y	*	*	*
P485V	*	*	*
A486G	*	*	*
A486H	*	*	*
A486I	*	*	*
A486V	*	*	*
A486Y	*	*	*
A486W	*	*	*
A486S	*	*	*
A486P	*	*	*
A486F	*	*	*
A486M	*	*	*
A486K	*	*	*
A486L	*	*	*
A486E	*	*	*
A486D	*	*	*
A486C	*	*	*
A486R	*	*	*
A486Q	*	*	*
A486N	*	*	*
L487G	*	*	*
L487C	*	*	*
L487D	*	*	*
L487H	*	*	*
L487P	*	*	*
L487Q	*	*	*
L487T	*	*	*
L487W	*	*	*
L487Y	*	*	*
L487V	*	*	*
L487F	*	*	*
L487S	*	*	*
L487E	*	*	*
L487I	*	*	*
L487K	*	*	*
L487M	*	*	*
L487N	*	*	*
L487R	*	*	*
L487A	*	*	*
Q488E	*	*	*
Q488T	*	*	*
Q488V	*	*	*
Q488A	*	*	*
Q488R	*	*	*
Q488N	*	*	*
Q488D	*	*	*
Q488C	*	*	*
Q488F	*	*	*
Q488M	*	*	*
Q488K	*	*	*
Q488L	*	*	*
Q488I	*	*	*
Q488S	*	*	*
Q488G	*	*	*
Q488P	*	*	*
Q488H	*	*	*
Q488Y	*	*	*
Q488W	*	*	*
I489L	*	*	*
I489D	*	*	*
I489C	*	*	*
I489Q	*	*	*
I489E	*	*	*
I489G	*	*	*
I489H	*	*	*
I489A	*	*	*
I489N	*	*	*
I489K	*	*	*
I489F	*	*	*
I489P	*	*	*
I489S	*	*	*
I489T	*	*	*
I489W	*	*	*
I489Y	*	*	*
I489V	*	*	*
I489M	*	*	*
I489R	*	*	*
C490A	*	*	*
C490S	*	*	*
C490Y	*	*	*
C490T	*	*	*
C490P	*	*	*
C490F	*	*	*
C490M	*	*	*
C490K	*	*	*
C490W	*	*	*
C490L	*	*	*
C490H	*	*	*
C490G	*	*	*
C490E	*	*	*
C490Q	*	*	*
C490D	*	*	*
C490N	*	*	*
C490I	*	*	*
C490V	*	*	*
C491E	*	*	*
C491A	*	*	*
C491H	*	*	*
C491I	*	*	*
C491L	*	*	*
C491D	*	*	*
C491M	*	*	*
C491Q	*	*	*
C491F	*	*	*
C491S	*	*	*
C491T	*	*	*
C491W	*	*	*
C491N	*	*	*
C491R	*	*	*
C491P	*	*	*
C491K	*	*	*
C491Y	*	*	*
C491V	*	*	*
H492C	*	*	*
H492R	*	*	*
H492N	*	*	*
H492D	*	*	*
H492Q	*	*	*
H492E	*	*	*
H492G	*	*	*
H492I	*	*	*
H492L	*	*	*
H492M	*	*	*
H492V	*	*	*
H492Y	*	*	*
H492W	*	*	*
H492T	*	*	*
H492S	*	*	*
H492K	*	*	*
H492P	*	*	*
H492A	*	*	*
H492F	*	*	*
P493V	*	*	*
P493Y	*	*	*
P493K	*	*	*
P493M	*	*	*
P493F	*	*	*
P493S	*	*	*
P493T	*	*	*
P493W	*	*	*
P493E	*	*	*
P493G	*	*	*
P493R	*	*	*
P493N	*	*	*
P493D	*	*	*
P493H	*	*	*
P493I	*	*	*
P493L	*	*	*
P493C	*	*	*
P493Q	*	*	*
P493A	*	*	*
G494R	*	*	*
G494C	*	*	*
G494N	*	*	*
G494M	*	*	*
G494E	*	*	*
G494H	*	*	*
G494I	*	*	*
G494L	*	*	*
G494K	*	*	*
G494A	*	*	*
G494F	*	*	*
G494P	*	*	*
G494S	*	*	*
G494T	*	*	*
G494W	*	*	*
G494V	*	*	*
G494Y	*	*	*
G494Q	*	*	*
G494D	*	*	*
C495N	*	*	*
C495M	*	*	*
C495K	*	*	*
C495L	*	*	*
C495I	*	*	*
C495H	*	*	*
C495G	*	*	*
C495E	*	*	*
C495Q	*	*	*
C495D	*	*	*
C495P	*	*	*
C495A	*	*	*
C495S	*	*	*
C495T	*	*	*
C495W	*	*	*
C495Y	*	*	*
C495V	*	*	*
C495R	*	*	*
T496Y	*	*	*
T496V	*	*	*
T496R	*	*	*
T496P	*	*	*
T496A	*	*	*
T496D	*	*	*
T496C	*	*	*
T496Q	*	*	*
T496E	*	*	*
T496G	*	*	*
T496W	*	*	*
T496H	*	*	*
T496L	*	*	*
T496K	*	*	*
T496M	*	*	*
T496F	*	*	*
T496N	*	*	*
T496S	*	*	*
P497A	*	*	*
P497R	*	*	*
P497S	*	*	*
P497D	*	*	*
P497Y	*	*	*
P497V	*	*	*
P497W	*	*	*
P497N	*	*	*
P497F	*	*	*
P497M	*	*	*
P497K	*	*	*
P497L	*	*	*
P497I	*	*	*
P497H	*	*	*
P497G	*	*	*
P497T	*	*	*
P497Q	*	*	*
P497C	*	*	*
P497E	*	*	*
R498K	*	*	*
R498A	*	*	*
R498N	*	*	*
R498D	*	*	*
R498Q	*	*	*
R498E	*	*	*
R498G	*	*	*
R498C	*	*	*
R498Y	*	*	*
R498V	*	*	*
R498I	*	*	*
R498T	*	*	*
R498S	*	*	*
R498W	*	*	*
R498F	*	*	*
R498M	*	*	*
P499F	*	*	*
P499M	*	*	*
P499K	*	*	*
P499G	*	*	*
P499I	*	*	*
P499H	*	*	*
P499S	*	*	*
P499L	*	*	*
P499V	*	*	*
P499W	*	*	*
P499C	*	*	*
P499D	*	*	*
P499N	*	*	*
P499R	*	*	*
P499A	*	*	*
P499Y	*	*	*
P499E	*	*	*
P499T	*	*	*
P499Q	*	*	*
A500I	*	*	*
A500M	*	*	*
A500K	*	*	*
A500L	*	*	*
A500H	*	*	*
A500G	*	*	*
A500P	*	*	*
A500F	*	*	*
A500S	*	*	*
A500E	*	*	*
A500T	*	*	*
A500W	*	*	*
A500Y	*	*	*
A500V	*	*	*
A500C	*	*	*
A500D	*	*	*
A500N	*	*	*
A500R	*	*	*
A500Q	*	*	*
C501N	*	*	*
C501F	*	*	*
C501Q	*	*	*
C501V	*	*	*
C501Y	*	*	*
C501W	*	*	*
C501T	*	*	*
C501H	*	*	*
C501G	*	*	*
C501S	*	*	*
C501R	*	*	*
C501E	*	*	*
C501A	*	*	*
C501P	*	*	*
C501M	*	*	*
C501K	*	*	*
C501L	*	*	*
C501I	*	*	*
C501D	*	*	*
C502T	*	*	*
C502A	*	*	*
C502R	*	*	*
C502V	*	*	*
C502Y	*	*	*
C502W	*	*	*
C502S	*	*	*
C502G	*	*	*
C502F	*	*	*
C502M	*	*	*
C502K	*	*	*
C502L	*	*	*
C502D	*	*	*
C502Q	*	*	*
C502I	*	*	*
C502E	*	*	*
C502N	*	*	*
C502P	*	*	*
C502H	*	*	*
H503C	*	*	*
H503W	*	*	*
H503T	*	*	*
H503V	*	*	*
H503F	*	*	*
H503D	*	*	*
H503Q	*	*	*
H503E	*	*	*
H503G	*	*	*
H503I	*	*	*
H503L	*	*	*
H503K	*	*	*
H503M	*	*	*
H503R	*	*	*
H503N	*	*	*
H503P	*	*	*
H503A	*	*	*
H503S	*	*	*
C504Q	*	*	*
C504L	*	*	*
C504K	*	*	*
C504M	*	*	*
C504F	*	*	*
C504P	*	*	*
C504S	*	*	*
C504V	*	*	*
C504Y	*	*	*
C504W	*	*	*
C504T	*	*	*
C504H	*	*	*
C504G	*	*	*
C504I	*	*	*
C504A	*	*	*
C504R	*	*	*
C504D	*	*	*
C504N	*	*	*
C504E	*	*	*
P505N	*	*	*
P505T	*	*	*
P505Y	*	*	*
P505V	*	*	*
P505L	*	*	*
P505I	*	*	*
P505K	*	*	*
P505A	*	*	*
P505R	*	*	*
P505H	*	*	*
P505G	*	*	*
P505E	*	*	*
P505Q	*	*	*
P505C	*	*	*
P505D	*	*	*
P505F	*	*	*
P505S	*	*	*
D506N	*	*	*
D506V	*	*	*
D506Y	*	*	*
D506W	*	*	*
D506A	*	*	*
D506R	*	*	*
D506C	*	*	*
D506Q	*	*	*
D506E	*	*	*
D506G	*	*	*
D506H	*	*	*
D506I	*	*	*
D506L	*	*	*
D506K	*	*	*
D506M	*	*	*
D506F	*	*	*
D506P	*	*	*
D506S	*	*	*
D506T	*	*	*
P507V	*	*	*
P507E	*	*	*
P507R	*	*	*
P507Y	*	*	*
P507W	*	*	*
P507T	*	*	*
P507A	*	*	*
P507F	*	*	*
P507M	*	*	*
P507K	*	*	*
P507S	*	*	*
P507I	*	*	*
P507H	*	*	*
P507G	*	*	*
P507Q	*	*	*
P507C	*	*	*
P507D	*	*	*
P507N	*	*	*
P507L	*	*	*
H508V	*	*	*
H508Y	*	*	*
H508W	*	*	*
H508T	*	*	*
H508S	*	*	*
H508P	*	*	*
H508M	*	*	*
H508F	*	*	*
H508L	*	*	*
H508K	*	*	*
H508R	*	*	*
H508N	*	*	*
H508D	*	*	*
H508A	*	*	*
H508Q	*	*	*
H508E	*	*	*
H508G	*	*	*
H508I	*	*	*
H508C	*	*	*
A509L	*	*	*
A509D	*	*	*
A509C	*	*	*
A509Q	*	*	*
A509E	*	*	*
A509G	*	*	*
A509H	*	*	*
A509I	*	*	*
A509K	*	*	*
A509F	*	*	*
A509P	*	*	*
A509S	*	*	*
A509T	*	*	*
A509W	*	*	*
A509Y	*	*	*
A509V	*	*	*
A509R	*	*	*
A509M	*	*	*
A509N	*	*	*
